timestamp,date_GMT,status,attendance,home_team_name,away_team_name,referee,Game Week,Pre-Match PPG (Home),Pre-Match PPG (Away),home_ppg,away_ppg,home_team_goal_count,away_team_goal_count,total_goal_count,total_goals_at_half_time,home_team_goal_count_half_time,away_team_goal_count_half_time,home_team_goal_timings,away_team_goal_timings,home_team_corner_count,away_team_corner_count,home_team_yellow_cards,home_team_red_cards,away_team_yellow_cards,away_team_red_cards,home_team_first_half_cards,home_team_second_half_cards,away_team_first_half_cards,away_team_second_half_cards,home_team_shots,away_team_shots,home_team_shots_on_target,away_team_shots_on_target,home_team_shots_off_target,away_team_shots_off_target,home_team_fouls,away_team_fouls,home_team_possession,away_team_possession,Home Team Pre-Match xG,Away Team Pre-Match xG,team_a_xg,team_b_xg,average_goals_per_match_pre_match,btts_percentage_pre_match,over_15_percentage_pre_match,over_25_percentage_pre_match,over_35_percentage_pre_match,over_45_percentage_pre_match,over_15_HT_FHG_percentage_pre_match,over_05_HT_FHG_percentage_pre_match,over_15_2HG_percentage_pre_match,over_05_2HG_percentage_pre_match,average_corners_per_match_pre_match,average_cards_per_match_pre_match,odds_ft_home_team_win,odds_ft_draw,odds_ft_away_team_win,odds_ft_over15,odds_ft_over25,odds_ft_over35,odds_ft_over45,odds_btts_yes,odds_btts_no,stadium_name
1755284400,Aug 15 2025 - 7:00pm,complete,60344,Liverpool,AFC Bournemouth,N/A,1,0.00,0.00,3.00,0.00,4,2,6,1,1,0,"37,49,88,90'4","64,76",6,7,1,0,2,0,1,0,1,1,19,10,10,3,9,7,7,10,61,39,0.00,0.00,2.31,1.12,0.00,0,0,0,0,0,0,0,0,0,0.00,0.00,1.35,5.40,7.50,1.09,1.35,1.83,3.22,1.75,2.00,N/A
1755343800,Aug 16 2025 - 11:30am,complete,N/A,Aston Villa,Newcastle United,N/A,1,0.00,0.00,1.00,1.00,0,0,0,0,0,0,"","",3,6,1,1,1,0,0,2,1,0,3,13,3,3,0,10,13,11,41,59,0.00,0.00,0.69,1.47,0.00,0,0,0,0,0,0,0,0,0,0.00,0.00,2.35,3.65,2.85,1.20,1.62,2.45,4.33,1.50,2.50,N/A
1755352800,Aug 16 2025 - 2:00pm,complete,N/A,Brighton & Hove Albion,Fulham,N/A,1,0.00,0.00,1.00,1.00,1,1,2,0,0,0,"55","90'6",4,3,3,0,3,0,0,3,1,2,10,7,4,2,6,5,16,15,50,50,0.00,0.00,1.20,0.90,0.00,0,0,0,0,0,0,0,0,0,0.00,0.00,1.85,3.75,4.05,1.25,1.72,2.75,5.00,1.62,2.20,N/A
1755352800,Aug 16 2025 - 2:00pm,complete,N/A,Sunderland,West Ham United,N/A,1,0.00,0.00,3.00,0.00,3,0,3,0,0,0,"61,73,90'2","",5,7,0,0,1,0,0,0,0,1,10,12,5,4,5,8,8,10,37,63,0.00,0.00,1.19,1.45,0.00,0,0,0,0,0,0,0,0,0,0.00,0.00,3.20,3.45,2.25,1.28,1.85,3.10,6.00,1.70,2.05,N/A
1755352800,Aug 16 2025 - 2:00pm,complete,N/A,Tottenham Hotspur,Burnley,N/A,1,0.00,0.00,3.00,0.00,3,0,3,1,1,0,"10,60,66","",6,5,0,0,0,0,0,0,0,0,16,14,6,4,10,10,14,8,68,32,0.00,0.00,1.79,1.41,0.00,0,0,0,0,0,0,0,0,0,0.00,0.00,1.35,5.20,8.50,1.20,1.63,2.70,4.75,2.00,1.75,N/A
1755361800,Aug 16 2025 - 4:30pm,complete,N/A,Wolverhampton Wanderers,Manchester City,N/A,1,0.00,0.00,0.00,3.00,0,4,4,2,0,2,"","34,37,61,81",4,5,1,0,2,0,0,1,0,2,9,15,3,4,6,11,13,7,42,58,0.00,0.00,1.04,1.60,0.00,0,0,0,0,0,0,0,0,0,0.00,0.00,6.40,4.60,1.47,1.18,1.65,2.55,4.50,1.80,1.95,N/A
1755435600,Aug 17 2025 - 1:00pm,complete,15000,Nottingham Forest,Brentford,N/A,1,0.00,0.00,3.00,0.00,3,1,4,3,3,0,"5,42,45'2","78",5,5,1,0,2,0,0,1,0,2,11,10,5,3,6,7,7,15,55,45,0.00,0.00,1.52,1.05,0.00,0,0,0,0,0,0,0,0,0,0.00,0.00,2.10,3.55,3.40,1.30,1.78,3.20,6.00,1.70,2.05,N/A
1755435600,Aug 17 2025 - 1:00pm,complete,N/A,Chelsea,Crystal Palace,N/A,1,0.00,0.00,1.00,1.00,0,0,0,0,0,0,"","",11,2,2,0,3,0,1,1,2,1,17,12,3,4,14,8,10,12,71,29,0.00,0.00,1.77,1.19,0.00,0,0,0,0,0,0,0,0,0,0.00,0.00,1.58,4.30,5.40,1.20,1.70,2.55,4.50,1.70,2.05,N/A
1755444600,Aug 17 2025 - 3:30pm,complete,N/A,Manchester United,Arsenal,N/A,1,0.00,0.00,0.00,3.00,0,1,1,1,0,1,"","13",3,4,1,0,4,0,0,1,1,3,22,9,7,3,15,6,10,19,61,39,0.00,0.00,2.22,1.09,0.00,0,0,0,0,0,0,0,0,0,0.00,0.00,3.45,3.50,2.10,1.28,1.88,3.00,5.75,1.70,2.05,N/A
1755543600,Aug 18 2025 - 7:00pm,complete,36820,Leeds United,Everton,N/A,1,0.00,0.00,3.00,0.00,1,0,1,0,0,0,"84","",7,2,0,0,2,0,0,0,0,2,21,7,3,1,18,6,6,8,54,46,0.00,0.00,1.95,0.77,0.00,0,0,0,0,0,0,0,0,0,0.00,0.00,2.55,3.30,2.80,1.36,2.05,3.75,7.50,1.80,1.95,N/A
1755889200,Aug 22 2025 - 7:00pm,incomplete,62470,West Ham United,Chelsea,N/A,2,0.00,0.00,0.00,0.00,0,0,0,0,0,0,"","",-1,-1,-1,-1,-1,-1,-1,-1,-1,-1,-1,-1,-1,-1,-1,-1,-1,-1,-1,-1,0.00,0.00,0.00,0.00,0.00,0,0,0,0,0,0,0,0,0,0.00,0.00,4.60,4.00,1.70,1.22,1.70,2.37,5.00,1.69,2.07,N/A
1755948600,Aug 23 2025 - 11:30am,incomplete,11302,Manchester City,Tottenham Hotspur,N/A,2,0.00,0.00,0.00,0.00,0,0,0,0,0,0,"","",-1,-1,-1,-1,-1,-1,-1,-1,-1,-1,-1,-1,-1,-1,-1,-1,-1,-1,-1,-1,0.00,0.00,0.00,0.00,0.00,0,0,0,0,0,0,0,0,0,0.00,0.00,1.50,4.70,5.70,1.14,1.45,2.18,3.65,1.62,2.20,N/A
1755957600,Aug 23 2025 - 2:00pm,incomplete,21486,Burnley,Sunderland,N/A,2,0.00,0.00,0.00,0.00,0,0,0,0,0,0,"","",-1,-1,-1,-1,-1,-1,-1,-1,-1,-1,-1,-1,-1,-1,-1,-1,-1,-1,-1,-1,0.00,0.00,0.00,0.00,0.00,0,0,0,0,0,0,0,0,0,0.00,0.00,2.30,3.15,3.35,0.00,2.35,0.00,0.00,0.00,0.00,N/A
1755957600,Aug 23 2025 - 2:00pm,incomplete,17066,Brentford,Aston Villa,N/A,2,0.00,0.00,0.00,0.00,0,0,0,0,0,0,"","",-1,-1,-1,-1,-1,-1,-1,-1,-1,-1,-1,-1,-1,-1,-1,-1,-1,-1,-1,-1,0.00,0.00,0.00,0.00,0.00,0,0,0,0,0,0,0,0,0,0.00,0.00,2.85,3.75,2.30,0.00,1.80,0.00,0.00,0.00,0.00,N/A
1755957600,Aug 23 2025 - 2:00pm,incomplete,11161,AFC Bournemouth,Wolverhampton Wanderers,N/A,2,0.00,0.00,0.00,0.00,0,0,0,0,0,0,"","",-1,-1,-1,-1,-1,-1,-1,-1,-1,-1,-1,-1,-1,-1,-1,-1,-1,-1,-1,-1,0.00,0.00,0.00,0.00,0.00,0,0,0,0,0,0,0,0,0,0.00,0.00,1.80,3.80,4.20,0.00,1.72,0.00,0.00,0.00,0.00,N/A
1755966600,Aug 23 2025 - 4:30pm,incomplete,45860,Arsenal,Leeds United,N/A,2,0.00,0.00,0.00,0.00,0,0,0,0,0,0,"","",-1,-1,-1,-1,-1,-1,-1,-1,-1,-1,-1,-1,-1,-1,-1,-1,-1,-1,-1,-1,0.00,0.00,0.00,0.00,0.00,0,0,0,0,0,0,0,0,0,0.00,0.00,1.28,5.60,11.00,0.00,1.57,2.35,0.00,0.00,0.00,N/A
1756040400,Aug 24 2025 - 1:00pm,incomplete,24189,Crystal Palace,Nottingham Forest,N/A,2,0.00,0.00,0.00,0.00,0,0,0,0,0,0,"","",-1,-1,-1,-1,-1,-1,-1,-1,-1,-1,-1,-1,-1,-1,-1,-1,-1,-1,-1,-1,0.00,0.00,0.00,0.00,0.00,0,0,0,0,0,0,0,0,0,0.00,0.00,2.13,3.45,3.40,0.00,1.95,0.00,0.00,0.00,0.00,N/A
1756040400,Aug 24 2025 - 1:00pm,incomplete,N/A,Everton,Brighton & Hove Albion,N/A,2,0.00,0.00,0.00,0.00,0,0,0,0,0,0,"","",-1,-1,-1,-1,-1,-1,-1,-1,-1,-1,-1,-1,-1,-1,-1,-1,-1,-1,-1,-1,0.00,0.00,0.00,0.00,0.00,0,0,0,0,0,0,0,0,0,0.00,0.00,2.80,3.50,2.45,0.00,1.93,0.00,0.00,0.00,0.00,N/A
1756049400,Aug 24 2025 - 3:30pm,incomplete,25401,Fulham,Manchester United,N/A,2,0.00,0.00,0.00,0.00,0,0,0,0,0,0,"","",-1,-1,-1,-1,-1,-1,-1,-1,-1,-1,-1,-1,-1,-1,-1,-1,-1,-1,-1,-1,0.00,0.00,0.00,0.00,0.00,0,0,0,0,0,0,0,0,0,0.00,0.00,3.00,3.50,2.30,0.00,1.80,0.00,0.00,0.00,0.00,N/A
1756148400,Aug 25 2025 - 7:00pm,incomplete,52196,Newcastle United,Liverpool,N/A,2,0.00,0.00,0.00,0.00,0,0,0,0,0,0,"","",-1,-1,-1,-1,-1,-1,-1,-1,-1,-1,-1,-1,-1,-1,-1,-1,-1,-1,-1,-1,0.00,0.00,0.00,0.00,0.00,0,0,0,0,0,0,0,0,0,0.00,0.00,3.60,3.95,1.92,0.00,1.57,2.35,0.00,0.00,0.00,N/A
1756553400,Aug 30 2025 - 11:30am,incomplete,21327,Chelsea,Fulham,N/A,3,1.00,1.00,1.00,1.00,0,0,0,0,0,0,"","",-1,-1,-1,-1,-1,-1,-1,-1,-1,-1,-1,-1,-1,-1,-1,-1,-1,-1,-1,-1,1.77,0.90,0.00,0.00,1.00,50,50,0,0,0,0,0,50,50,14.00,5.00,0.00,0.00,0.00,0.00,0.00,0.00,0.00,0.00,0.00,N/A
1756562400,Aug 30 2025 - 2:00pm,incomplete,42276,Sunderland,Brentford,N/A,3,3.00,0.00,3.00,0.00,0,0,0,0,0,0,"","",-1,-1,-1,-1,-1,-1,-1,-1,-1,-1,-1,-1,-1,-1,-1,-1,-1,-1,-1,-1,1.19,1.05,0.00,0.00,3.50,50,100,100,50,0,50,50,50,100,10.00,2.00,0.00,0.00,0.00,0.00,0.00,0.00,0.00,0.00,0.00,N/A
1756562400,Aug 30 2025 - 2:00pm,incomplete,73358,Manchester United,Burnley,N/A,3,0.00,0.00,0.00,0.00,0,0,0,0,0,0,"","",-1,-1,-1,-1,-1,-1,-1,-1,-1,-1,-1,-1,-1,-1,-1,-1,-1,-1,-1,-1,2.22,1.41,0.00,0.00,2.00,0,50,50,0,0,0,100,50,50,8.00,1.00,0.00,0.00,0.00,0.00,0.00,0.00,0.00,0.00,0.00,N/A
1756562400,Aug 30 2025 - 2:00pm,incomplete,9999,Tottenham Hotspur,AFC Bournemouth,N/A,3,3.00,0.00,3.00,0.00,0,0,0,0,0,0,"","",-1,-1,-1,-1,-1,-1,-1,-1,-1,-1,-1,-1,-1,-1,-1,-1,-1,-1,-1,-1,1.79,1.12,0.00,0.00,4.50,50,100,100,50,50,0,100,100,100,13.00,2.00,0.00,0.00,0.00,0.00,0.00,0.00,0.00,0.00,0.00,N/A
1756562400,Aug 30 2025 - 2:00pm,incomplete,31235,Wolverhampton Wanderers,Everton,N/A,3,0.00,0.00,0.00,0.00,0,0,0,0,0,0,"","",-1,-1,-1,-1,-1,-1,-1,-1,-1,-1,-1,-1,-1,-1,-1,-1,-1,-1,-1,-1,1.04,0.77,0.00,0.00,2.50,0,50,50,50,0,50,50,50,100,6.00,3.00,0.00,0.00,0.00,0.00,0.00,0.00,0.00,0.00,0.00,N/A
1756571400,Aug 30 2025 - 4:30pm,incomplete,N/A,Leeds United,Newcastle United,N/A,3,3.00,1.00,3.00,1.00,0,0,0,0,0,0,"","",-1,-1,-1,-1,-1,-1,-1,-1,-1,-1,-1,-1,-1,-1,-1,-1,-1,-1,-1,-1,1.95,1.47,0.00,0.00,0.50,0,0,0,0,0,0,0,0,50,13.00,1.00,0.00,0.00,0.00,0.00,0.00,0.00,0.00,0.00,0.00,N/A
1756645200,Aug 31 2025 - 1:00pm,incomplete,N/A,Nottingham Forest,West Ham United,N/A,3,3.00,0.00,3.00,0.00,0,0,0,0,0,0,"","",-1,-1,-1,-1,-1,-1,-1,-1,-1,-1,-1,-1,-1,-1,-1,-1,-1,-1,-1,-1,1.52,1.45,0.00,0.00,3.50,50,100,100,50,0,50,50,50,100,12.00,2.00,0.00,0.00,0.00,0.00,0.00,0.00,0.00,0.00,0.00,N/A
1756645200,Aug 31 2025 - 1:00pm,incomplete,31872,Brighton & Hove Albion,Manchester City,N/A,3,1.00,3.00,1.00,3.00,0,0,0,0,0,0,"","",-1,-1,-1,-1,-1,-1,-1,-1,-1,-1,-1,-1,-1,-1,-1,-1,-1,-1,-1,-1,1.20,1.60,0.00,0.00,3.00,50,100,50,50,0,50,50,100,100,9.00,5.00,0.00,0.00,0.00,0.00,0.00,0.00,0.00,0.00,0.00,N/A
1756654200,Aug 31 2025 - 3:30pm,incomplete,60107,Liverpool,Arsenal,N/A,3,3.00,3.00,3.00,3.00,0,0,0,0,0,0,"","",-1,-1,-1,-1,-1,-1,-1,-1,-1,-1,-1,-1,-1,-1,-1,-1,-1,-1,-1,-1,2.31,1.09,0.00,0.00,3.50,50,50,50,50,50,0,100,50,50,10.00,5.00,0.00,0.00,0.00,0.00,0.00,0.00,0.00,0.00,0.00,N/A
1756663200,Aug 31 2025 - 6:00pm,incomplete,2907,Aston Villa,Crystal Palace,N/A,3,1.00,1.00,1.00,1.00,0,0,0,0,0,0,"","",-1,-1,-1,-1,-1,-1,-1,-1,-1,-1,-1,-1,-1,-1,-1,-1,-1,-1,-1,-1,0.69,1.19,0.00,0.00,0.00,0,0,0,0,0,0,0,0,0,5.00,6.00,0.00,0.00,0.00,0.00,0.00,0.00,0.00,0.00,0.00,N/A
1757763000,Sep 13 2025 - 11:30am,incomplete,45860,Arsenal,Nottingham Forest,N/A,4,0.00,0.00,0.00,0.00,0,0,0,0,0,0,"","",-1,-1,-1,-1,-1,-1,-1,-1,-1,-1,-1,-1,-1,-1,-1,-1,-1,-1,-1,-1,0.00,0.00,0.00,0.00,0.00,0,0,0,0,0,0,0,0,0,0.00,0.00,0.00,0.00,0.00,0.00,0.00,0.00,0.00,0.00,0.00,N/A
1757772000,Sep 13 2025 - 2:00pm,incomplete,25401,Fulham,Leeds United,N/A,4,0.00,0.00,0.00,0.00,0,0,0,0,0,0,"","",-1,-1,-1,-1,-1,-1,-1,-1,-1,-1,-1,-1,-1,-1,-1,-1,-1,-1,-1,-1,0.00,0.00,0.00,0.00,0.00,0,0,0,0,0,0,0,0,0,0.00,0.00,0.00,0.00,0.00,0.00,0.00,0.00,0.00,0.00,0.00,N/A
1757772000,Sep 13 2025 - 2:00pm,incomplete,N/A,Everton,Aston Villa,N/A,4,0.00,0.00,0.00,0.00,0,0,0,0,0,0,"","",-1,-1,-1,-1,-1,-1,-1,-1,-1,-1,-1,-1,-1,-1,-1,-1,-1,-1,-1,-1,0.00,0.00,0.00,0.00,0.00,0,0,0,0,0,0,0,0,0,0.00,0.00,0.00,0.00,0.00,0.00,0.00,0.00,0.00,0.00,0.00,N/A
1757772000,Sep 13 2025 - 2:00pm,incomplete,24189,Crystal Palace,Sunderland,N/A,4,0.00,0.00,0.00,0.00,0,0,0,0,0,0,"","",-1,-1,-1,-1,-1,-1,-1,-1,-1,-1,-1,-1,-1,-1,-1,-1,-1,-1,-1,-1,0.00,0.00,0.00,0.00,0.00,0,0,0,0,0,0,0,0,0,0.00,0.00,0.00,0.00,0.00,0.00,0.00,0.00,0.00,0.00,0.00,N/A
1757772000,Sep 13 2025 - 2:00pm,incomplete,11161,AFC Bournemouth,Brighton & Hove Albion,N/A,4,0.00,0.00,0.00,0.00,0,0,0,0,0,0,"","",-1,-1,-1,-1,-1,-1,-1,-1,-1,-1,-1,-1,-1,-1,-1,-1,-1,-1,-1,-1,0.00,0.00,0.00,0.00,0.00,0,0,0,0,0,0,0,0,0,0.00,0.00,0.00,0.00,0.00,0.00,0.00,0.00,0.00,0.00,0.00,N/A
1757772000,Sep 13 2025 - 2:00pm,incomplete,52196,Newcastle United,Wolverhampton Wanderers,N/A,4,0.00,0.00,0.00,0.00,0,0,0,0,0,0,"","",-1,-1,-1,-1,-1,-1,-1,-1,-1,-1,-1,-1,-1,-1,-1,-1,-1,-1,-1,-1,0.00,0.00,0.00,0.00,0.00,0,0,0,0,0,0,0,0,0,0.00,0.00,0.00,0.00,0.00,0.00,0.00,0.00,0.00,0.00,0.00,N/A
1757781000,Sep 13 2025 - 4:30pm,incomplete,62470,West Ham United,Tottenham Hotspur,N/A,4,0.00,0.00,0.00,0.00,0,0,0,0,0,0,"","",-1,-1,-1,-1,-1,-1,-1,-1,-1,-1,-1,-1,-1,-1,-1,-1,-1,-1,-1,-1,0.00,0.00,0.00,0.00,0.00,0,0,0,0,0,0,0,0,0,0.00,0.00,0.00,0.00,0.00,0.00,0.00,0.00,0.00,0.00,0.00,N/A
1757790000,Sep 13 2025 - 7:00pm,incomplete,17066,Brentford,Chelsea,N/A,4,0.00,0.00,0.00,0.00,0,0,0,0,0,0,"","",-1,-1,-1,-1,-1,-1,-1,-1,-1,-1,-1,-1,-1,-1,-1,-1,-1,-1,-1,-1,0.00,0.00,0.00,0.00,0.00,0,0,0,0,0,0,0,0,0,0.00,0.00,0.00,0.00,0.00,0.00,0.00,0.00,0.00,0.00,0.00,N/A
1757854800,Sep 14 2025 - 1:00pm,incomplete,21486,Burnley,Liverpool,N/A,4,0.00,0.00,0.00,0.00,0,0,0,0,0,0,"","",-1,-1,-1,-1,-1,-1,-1,-1,-1,-1,-1,-1,-1,-1,-1,-1,-1,-1,-1,-1,0.00,0.00,0.00,0.00,0.00,0,0,0,0,0,0,0,0,0,0.00,0.00,0.00,0.00,0.00,0.00,0.00,0.00,0.00,0.00,0.00,N/A
1757863800,Sep 14 2025 - 3:30pm,incomplete,11302,Manchester City,Manchester United,N/A,4,0.00,0.00,0.00,0.00,0,0,0,0,0,0,"","",-1,-1,-1,-1,-1,-1,-1,-1,-1,-1,-1,-1,-1,-1,-1,-1,-1,-1,-1,-1,0.00,0.00,0.00,0.00,0.00,0,0,0,0,0,0,0,0,0,0.00,0.00,0.00,0.00,0.00,0.00,0.00,0.00,0.00,0.00,0.00,N/A
1758367800,Sep 20 2025 - 11:30am,incomplete,60107,Liverpool,Everton,N/A,5,3.00,0.00,3.00,0.00,0,0,0,0,0,0,"","",-1,-1,-1,-1,-1,-1,-1,-1,-1,-1,-1,-1,-1,-1,-1,-1,-1,-1,-1,-1,2.31,0.77,0.00,0.00,3.50,50,50,50,50,50,0,50,50,100,8.00,3.00,0.00,0.00,0.00,0.00,0.00,0.00,0.00,0.00,0.00,N/A
1758376800,Sep 20 2025 - 2:00pm,incomplete,31872,Brighton & Hove Albion,Tottenham Hotspur,N/A,5,1.00,0.00,1.00,0.00,0,0,0,0,0,0,"","",-1,-1,-1,-1,-1,-1,-1,-1,-1,-1,-1,-1,-1,-1,-1,-1,-1,-1,-1,-1,1.20,0.00,0.00,0.00,1.00,50,50,0,0,0,0,0,50,50,4.00,3.00,0.00,0.00,0.00,0.00,0.00,0.00,0.00,0.00,0.00,N/A
1758376800,Sep 20 2025 - 2:00pm,incomplete,31235,Wolverhampton Wanderers,Leeds United,N/A,5,0.00,0.00,0.00,0.00,0,0,0,0,0,0,"","",-1,-1,-1,-1,-1,-1,-1,-1,-1,-1,-1,-1,-1,-1,-1,-1,-1,-1,-1,-1,1.04,0.00,0.00,0.00,2.00,0,50,50,50,0,50,50,50,50,4.00,1.00,0.00,0.00,0.00,0.00,0.00,0.00,0.00,0.00,0.00,N/A
1758376800,Sep 20 2025 - 2:00pm,incomplete,62470,West Ham United,Crystal Palace,N/A,5,0.00,1.00,0.00,1.00,0,0,0,0,0,0,"","",-1,-1,-1,-1,-1,-1,-1,-1,-1,-1,-1,-1,-1,-1,-1,-1,-1,-1,-1,-1,0.00,1.19,0.00,0.00,0.00,0,0,0,0,0,0,0,0,0,2.00,3.00,0.00,0.00,0.00,0.00,0.00,0.00,0.00,0.00,0.00,N/A
1758376800,Sep 20 2025 - 2:00pm,incomplete,11161,AFC Bournemouth,Newcastle United,N/A,5,0.00,1.00,0.00,1.00,0,0,0,0,0,0,"","",-1,-1,-1,-1,-1,-1,-1,-1,-1,-1,-1,-1,-1,-1,-1,-1,-1,-1,-1,-1,0.00,1.47,0.00,0.00,0.00,0,0,0,0,0,0,0,0,0,6.00,1.00,0.00,0.00,0.00,0.00,0.00,0.00,0.00,0.00,0.00,N/A
1758376800,Sep 20 2025 - 2:00pm,incomplete,21486,Burnley,Nottingham Forest,N/A,5,0.00,0.00,0.00,0.00,0,0,0,0,0,0,"","",-1,-1,-1,-1,-1,-1,-1,-1,-1,-1,-1,-1,-1,-1,-1,-1,-1,-1,-1,-1,0.00,0.00,0.00,0.00,0.00,0,0,0,0,0,0,0,0,0,0.00,0.00,0.00,0.00,0.00,0.00,0.00,0.00,0.00,0.00,0.00,N/A
1758385800,Sep 20 2025 - 4:30pm,incomplete,73358,Manchester United,Chelsea,N/A,5,0.00,0.00,0.00,0.00,0,0,0,0,0,0,"","",-1,-1,-1,-1,-1,-1,-1,-1,-1,-1,-1,-1,-1,-1,-1,-1,-1,-1,-1,-1,2.22,0.00,0.00,0.00,0.50,0,0,0,0,0,0,50,0,0,3.00,1.00,0.00,0.00,0.00,0.00,0.00,0.00,0.00,0.00,0.00,N/A
1758394800,Sep 20 2025 - 7:00pm,incomplete,25401,Fulham,Brentford,N/A,5,0.00,0.00,0.00,0.00,0,0,0,0,0,0,"","",-1,-1,-1,-1,-1,-1,-1,-1,-1,-1,-1,-1,-1,-1,-1,-1,-1,-1,-1,-1,0.00,1.05,0.00,0.00,2.00,50,50,50,50,0,50,50,0,50,5.00,2.00,0.00,0.00,0.00,0.00,0.00,0.00,0.00,0.00,0.00,N/A
1758459600,Sep 21 2025 - 1:00pm,incomplete,42276,Sunderland,Aston Villa,N/A,5,3.00,0.00,3.00,0.00,0,0,0,0,0,0,"","",-1,-1,-1,-1,-1,-1,-1,-1,-1,-1,-1,-1,-1,-1,-1,-1,-1,-1,-1,-1,1.19,0.00,0.00,0.00,1.50,0,50,50,0,0,0,0,50,50,5.00,0.00,0.00,0.00,0.00,0.00,0.00,0.00,0.00,0.00,0.00,N/A
1758468600,Sep 21 2025 - 3:30pm,incomplete,45860,Arsenal,Manchester City,N/A,5,0.00,3.00,0.00,3.00,0,0,0,0,0,0,"","",-1,-1,-1,-1,-1,-1,-1,-1,-1,-1,-1,-1,-1,-1,-1,-1,-1,-1,-1,-1,0.00,1.60,0.00,0.00,2.00,0,50,50,50,0,50,50,50,50,5.00,2.00,0.00,0.00,0.00,0.00,0.00,0.00,0.00,0.00,0.00,N/A
1758972600,Sep 27 2025 - 11:30am,incomplete,17066,Brentford,Manchester United,N/A,6,0.00,0.00,0.00,0.00,0,0,0,0,0,0,"","",-1,-1,-1,-1,-1,-1,-1,-1,-1,-1,-1,-1,-1,-1,-1,-1,-1,-1,-1,-1,0.00,0.00,0.00,0.00,0.00,0,0,0,0,0,0,0,0,0,0.00,0.00,0.00,0.00,0.00,0.00,0.00,0.00,0.00,0.00,0.00,N/A
1758981600,Sep 27 2025 - 2:00pm,incomplete,24189,Crystal Palace,Liverpool,N/A,6,0.00,0.00,0.00,0.00,0,0,0,0,0,0,"","",-1,-1,-1,-1,-1,-1,-1,-1,-1,-1,-1,-1,-1,-1,-1,-1,-1,-1,-1,-1,0.00,0.00,0.00,0.00,0.00,0,0,0,0,0,0,0,0,0,0.00,0.00,0.00,0.00,0.00,0.00,0.00,0.00,0.00,0.00,0.00,N/A
1758981600,Sep 27 2025 - 2:00pm,incomplete,11302,Manchester City,Burnley,N/A,6,0.00,0.00,0.00,0.00,0,0,0,0,0,0,"","",-1,-1,-1,-1,-1,-1,-1,-1,-1,-1,-1,-1,-1,-1,-1,-1,-1,-1,-1,-1,0.00,1.41,0.00,0.00,1.50,0,50,50,0,0,0,50,50,50,5.00,0.00,0.00,0.00,0.00,0.00,0.00,0.00,0.00,0.00,0.00,N/A
1758981600,Sep 27 2025 - 2:00pm,incomplete,N/A,Leeds United,AFC Bournemouth,N/A,6,3.00,0.00,3.00,0.00,0,0,0,0,0,0,"","",-1,-1,-1,-1,-1,-1,-1,-1,-1,-1,-1,-1,-1,-1,-1,-1,-1,-1,-1,-1,1.95,1.12,0.00,0.00,3.50,50,50,50,50,50,0,50,50,100,14.00,2.00,0.00,0.00,0.00,0.00,0.00,0.00,0.00,0.00,0.00,N/A
1758981600,Sep 27 2025 - 2:00pm,incomplete,2907,Aston Villa,Fulham,N/A,6,1.00,1.00,1.00,1.00,0,0,0,0,0,0,"","",-1,-1,-1,-1,-1,-1,-1,-1,-1,-1,-1,-1,-1,-1,-1,-1,-1,-1,-1,-1,0.69,0.90,0.00,0.00,1.00,50,50,0,0,0,0,0,50,50,6.00,6.00,0.00,0.00,0.00,0.00,0.00,0.00,0.00,0.00,0.00,N/A
1758981600,Sep 27 2025 - 2:00pm,incomplete,21327,Chelsea,Brighton & Hove Albion,N/A,6,1.00,0.00,1.00,0.00,0,0,0,0,0,0,"","",-1,-1,-1,-1,-1,-1,-1,-1,-1,-1,-1,-1,-1,-1,-1,-1,-1,-1,-1,-1,1.77,0.00,0.00,0.00,0.00,0,0,0,0,0,0,0,0,0,11.00,2.00,0.00,0.00,0.00,0.00,0.00,0.00,0.00,0.00,0.00,N/A
1758990600,Sep 27 2025 - 4:30pm,incomplete,N/A,Nottingham Forest,Sunderland,N/A,6,3.00,0.00,3.00,0.00,0,0,0,0,0,0,"","",-1,-1,-1,-1,-1,-1,-1,-1,-1,-1,-1,-1,-1,-1,-1,-1,-1,-1,-1,-1,1.52,0.00,0.00,0.00,2.00,50,50,50,50,0,50,50,0,50,5.00,1.00,0.00,0.00,0.00,0.00,0.00,0.00,0.00,0.00,0.00,N/A
1759064400,Sep 28 2025 - 1:00pm,incomplete,9999,Tottenham Hotspur,Wolverhampton Wanderers,N/A,6,3.00,0.00,3.00,0.00,0,0,0,0,0,0,"","",-1,-1,-1,-1,-1,-1,-1,-1,-1,-1,-1,-1,-1,-1,-1,-1,-1,-1,-1,-1,1.79,0.00,0.00,0.00,1.50,0,50,50,0,0,0,50,50,50,6.00,0.00,0.00,0.00,0.00,0.00,0.00,0.00,0.00,0.00,0.00,N/A
1759073400,Sep 28 2025 - 3:30pm,incomplete,52196,Newcastle United,Arsenal,N/A,6,0.00,3.00,0.00,3.00,0,0,0,0,0,0,"","",-1,-1,-1,-1,-1,-1,-1,-1,-1,-1,-1,-1,-1,-1,-1,-1,-1,-1,-1,-1,0.00,1.09,0.00,0.00,0.50,0,0,0,0,0,0,50,0,0,4.00,4.00,0.00,0.00,0.00,0.00,0.00,0.00,0.00,0.00,0.00,N/A
1759172400,Sep 29 2025 - 7:00pm,incomplete,N/A,Everton,West Ham United,N/A,6,0.00,0.00,0.00,0.00,0,0,0,0,0,0,"","",-1,-1,-1,-1,-1,-1,-1,-1,-1,-1,-1,-1,-1,-1,-1,-1,-1,-1,-1,-1,0.00,1.45,0.00,0.00,1.50,0,50,50,0,0,0,0,50,50,7.00,1.00,0.00,0.00,0.00,0.00,0.00,0.00,0.00,0.00,0.00,N/A
1759586400,Oct 04 2025 - 2:00pm,incomplete,45860,Arsenal,West Ham United,N/A,7,0.00,0.00,0.00,0.00,0,0,0,0,0,0,"","",-1,-1,-1,-1,-1,-1,-1,-1,-1,-1,-1,-1,-1,-1,-1,-1,-1,-1,-1,-1,0.00,1.45,0.00,0.00,1.50,0,50,50,0,0,0,0,50,50,7.00,1.00,0.00,0.00,0.00,0.00,0.00,0.00,0.00,0.00,0.00,N/A
1759586400,Oct 04 2025 - 2:00pm,incomplete,11161,AFC Bournemouth,Fulham,N/A,7,0.00,1.00,0.00,1.00,0,0,0,0,0,0,"","",-1,-1,-1,-1,-1,-1,-1,-1,-1,-1,-1,-1,-1,-1,-1,-1,-1,-1,-1,-1,0.00,0.90,0.00,0.00,1.00,50,50,0,0,0,0,0,50,50,3.00,3.00,0.00,0.00,0.00,0.00,0.00,0.00,0.00,0.00,0.00,N/A
1759586400,Oct 04 2025 - 2:00pm,incomplete,17066,Brentford,Manchester City,N/A,7,0.00,3.00,0.00,3.00,0,0,0,0,0,0,"","",-1,-1,-1,-1,-1,-1,-1,-1,-1,-1,-1,-1,-1,-1,-1,-1,-1,-1,-1,-1,0.00,1.60,0.00,0.00,2.00,0,50,50,50,0,50,50,50,50,5.00,2.00,0.00,0.00,0.00,0.00,0.00,0.00,0.00,0.00,0.00,N/A
1759586400,Oct 04 2025 - 2:00pm,incomplete,31235,Wolverhampton Wanderers,Brighton & Hove Albion,N/A,7,0.00,0.00,0.00,0.00,0,0,0,0,0,0,"","",-1,-1,-1,-1,-1,-1,-1,-1,-1,-1,-1,-1,-1,-1,-1,-1,-1,-1,-1,-1,1.04,0.00,0.00,0.00,2.00,0,50,50,50,0,50,50,50,50,4.00,1.00,0.00,0.00,0.00,0.00,0.00,0.00,0.00,0.00,0.00,N/A
1759586400,Oct 04 2025 - 2:00pm,incomplete,N/A,Leeds United,Tottenham Hotspur,N/A,7,3.00,0.00,3.00,0.00,0,0,0,0,0,0,"","",-1,-1,-1,-1,-1,-1,-1,-1,-1,-1,-1,-1,-1,-1,-1,-1,-1,-1,-1,-1,1.95,0.00,0.00,0.00,0.50,0,0,0,0,0,0,0,0,50,7.00,0.00,0.00,0.00,0.00,0.00,0.00,0.00,0.00,0.00,0.00,N/A
1759586400,Oct 04 2025 - 2:00pm,incomplete,2907,Aston Villa,Burnley,N/A,7,1.00,0.00,1.00,0.00,0,0,0,0,0,0,"","",-1,-1,-1,-1,-1,-1,-1,-1,-1,-1,-1,-1,-1,-1,-1,-1,-1,-1,-1,-1,0.69,1.41,0.00,0.00,1.50,0,50,50,0,0,0,50,50,50,8.00,3.00,0.00,0.00,0.00,0.00,0.00,0.00,0.00,0.00,0.00,N/A
1759586400,Oct 04 2025 - 2:00pm,incomplete,N/A,Everton,Crystal Palace,N/A,7,0.00,1.00,0.00,1.00,0,0,0,0,0,0,"","",-1,-1,-1,-1,-1,-1,-1,-1,-1,-1,-1,-1,-1,-1,-1,-1,-1,-1,-1,-1,0.00,1.19,0.00,0.00,0.00,0,0,0,0,0,0,0,0,0,2.00,3.00,0.00,0.00,0.00,0.00,0.00,0.00,0.00,0.00,0.00,N/A
1759586400,Oct 04 2025 - 2:00pm,incomplete,73358,Manchester United,Sunderland,N/A,7,0.00,0.00,0.00,0.00,0,0,0,0,0,0,"","",-1,-1,-1,-1,-1,-1,-1,-1,-1,-1,-1,-1,-1,-1,-1,-1,-1,-1,-1,-1,2.22,0.00,0.00,0.00,0.50,0,0,0,0,0,0,50,0,0,3.00,1.00,0.00,0.00,0.00,0.00,0.00,0.00,0.00,0.00,0.00,N/A
1759586400,Oct 04 2025 - 2:00pm,incomplete,21327,Chelsea,Liverpool,N/A,7,1.00,0.00,1.00,0.00,0,0,0,0,0,0,"","",-1,-1,-1,-1,-1,-1,-1,-1,-1,-1,-1,-1,-1,-1,-1,-1,-1,-1,-1,-1,1.77,0.00,0.00,0.00,0.00,0,0,0,0,0,0,0,0,0,11.00,2.00,0.00,0.00,0.00,0.00,0.00,0.00,0.00,0.00,0.00,N/A
1759586400,Oct 04 2025 - 2:00pm,incomplete,52196,Newcastle United,Nottingham Forest,N/A,7,0.00,0.00,0.00,0.00,0,0,0,0,0,0,"","",-1,-1,-1,-1,-1,-1,-1,-1,-1,-1,-1,-1,-1,-1,-1,-1,-1,-1,-1,-1,0.00,0.00,0.00,0.00,0.00,0,0,0,0,0,0,0,0,0,0.00,0.00,0.00,0.00,0.00,0.00,0.00,0.00,0.00,0.00,0.00,N/A
1760796000,Oct 18 2025 - 2:00pm,incomplete,9999,Tottenham Hotspur,Aston Villa,N/A,8,3.00,0.00,3.00,0.00,0,0,0,0,0,0,"","",-1,-1,-1,-1,-1,-1,-1,-1,-1,-1,-1,-1,-1,-1,-1,-1,-1,-1,-1,-1,1.79,0.00,0.00,0.00,1.50,0,50,50,0,0,0,50,50,50,6.00,0.00,0.00,0.00,0.00,0.00,0.00,0.00,0.00,0.00,0.00,N/A
1760796000,Oct 18 2025 - 2:00pm,incomplete,25401,Fulham,Arsenal,N/A,8,0.00,3.00,0.00,3.00,0,0,0,0,0,0,"","",-1,-1,-1,-1,-1,-1,-1,-1,-1,-1,-1,-1,-1,-1,-1,-1,-1,-1,-1,-1,0.00,1.09,0.00,0.00,0.50,0,0,0,0,0,0,50,0,0,4.00,4.00,0.00,0.00,0.00,0.00,0.00,0.00,0.00,0.00,0.00,N/A
1760796000,Oct 18 2025 - 2:00pm,incomplete,24189,Crystal Palace,AFC Bournemouth,N/A,8,0.00,0.00,0.00,0.00,0,0,0,0,0,0,"","",-1,-1,-1,-1,-1,-1,-1,-1,-1,-1,-1,-1,-1,-1,-1,-1,-1,-1,-1,-1,0.00,1.12,0.00,0.00,3.00,50,50,50,50,50,0,50,50,50,7.00,2.00,0.00,0.00,0.00,0.00,0.00,0.00,0.00,0.00,0.00,N/A
1760796000,Oct 18 2025 - 2:00pm,incomplete,42276,Sunderland,Wolverhampton Wanderers,N/A,8,3.00,0.00,3.00,0.00,0,0,0,0,0,0,"","",-1,-1,-1,-1,-1,-1,-1,-1,-1,-1,-1,-1,-1,-1,-1,-1,-1,-1,-1,-1,1.19,0.00,0.00,0.00,1.50,0,50,50,0,0,0,0,50,50,5.00,0.00,0.00,0.00,0.00,0.00,0.00,0.00,0.00,0.00,0.00,N/A
1760796000,Oct 18 2025 - 2:00pm,incomplete,N/A,Nottingham Forest,Chelsea,N/A,8,3.00,0.00,3.00,0.00,0,0,0,0,0,0,"","",-1,-1,-1,-1,-1,-1,-1,-1,-1,-1,-1,-1,-1,-1,-1,-1,-1,-1,-1,-1,1.52,0.00,0.00,0.00,2.00,50,50,50,50,0,50,50,0,50,5.00,1.00,0.00,0.00,0.00,0.00,0.00,0.00,0.00,0.00,0.00,N/A
1760796000,Oct 18 2025 - 2:00pm,incomplete,11302,Manchester City,Everton,N/A,8,0.00,0.00,0.00,0.00,0,0,0,0,0,0,"","",-1,-1,-1,-1,-1,-1,-1,-1,-1,-1,-1,-1,-1,-1,-1,-1,-1,-1,-1,-1,0.00,0.77,0.00,0.00,0.50,0,0,0,0,0,0,0,0,50,2.00,2.00,0.00,0.00,0.00,0.00,0.00,0.00,0.00,0.00,0.00,N/A
1760796000,Oct 18 2025 - 2:00pm,incomplete,60107,Liverpool,Manchester United,N/A,8,3.00,0.00,3.00,0.00,0,0,0,0,0,0,"","",-1,-1,-1,-1,-1,-1,-1,-1,-1,-1,-1,-1,-1,-1,-1,-1,-1,-1,-1,-1,2.31,0.00,0.00,0.00,3.00,50,50,50,50,50,0,50,50,50,6.00,1.00,0.00,0.00,0.00,0.00,0.00,0.00,0.00,0.00,0.00,N/A
1760796000,Oct 18 2025 - 2:00pm,incomplete,31872,Brighton & Hove Albion,Newcastle United,N/A,8,1.00,1.00,1.00,1.00,0,0,0,0,0,0,"","",-1,-1,-1,-1,-1,-1,-1,-1,-1,-1,-1,-1,-1,-1,-1,-1,-1,-1,-1,-1,1.20,1.47,0.00,0.00,1.00,50,50,0,0,0,0,0,50,50,10.00,4.00,0.00,0.00,0.00,0.00,0.00,0.00,0.00,0.00,0.00,N/A
1760796000,Oct 18 2025 - 2:00pm,incomplete,62470,West Ham United,Brentford,N/A,8,0.00,0.00,0.00,0.00,0,0,0,0,0,0,"","",-1,-1,-1,-1,-1,-1,-1,-1,-1,-1,-1,-1,-1,-1,-1,-1,-1,-1,-1,-1,0.00,1.05,0.00,0.00,2.00,50,50,50,50,0,50,50,0,50,5.00,2.00,0.00,0.00,0.00,0.00,0.00,0.00,0.00,0.00,0.00,N/A
1760796000,Oct 18 2025 - 2:00pm,incomplete,21486,Burnley,Leeds United,N/A,8,0.00,0.00,0.00,0.00,0,0,0,0,0,0,"","",-1,-1,-1,-1,-1,-1,-1,-1,-1,-1,-1,-1,-1,-1,-1,-1,-1,-1,-1,-1,0.00,0.00,0.00,0.00,0.00,0,0,0,0,0,0,0,0,0,0.00,0.00,0.00,0.00,0.00,0.00,0.00,0.00,0.00,0.00,0.00,N/A
1761400800,Oct 25 2025 - 2:00pm,incomplete,11161,AFC Bournemouth,Nottingham Forest,N/A,9,0.00,0.00,0.00,0.00,0,0,0,0,0,0,"","",-1,-1,-1,-1,-1,-1,-1,-1,-1,-1,-1,-1,-1,-1,-1,-1,-1,-1,-1,-1,0.00,0.00,0.00,0.00,0.00,0,0,0,0,0,0,0,0,0,0.00,0.00,0.00,0.00,0.00,0.00,0.00,0.00,0.00,0.00,0.00,N/A
1761400800,Oct 25 2025 - 2:00pm,incomplete,2907,Aston Villa,Manchester City,N/A,9,1.00,3.00,1.00,3.00,0,0,0,0,0,0,"","",-1,-1,-1,-1,-1,-1,-1,-1,-1,-1,-1,-1,-1,-1,-1,-1,-1,-1,-1,-1,0.69,1.60,0.00,0.00,2.00,0,50,50,50,0,50,50,50,50,8.00,5.00,0.00,0.00,0.00,0.00,0.00,0.00,0.00,0.00,0.00,N/A
1761400800,Oct 25 2025 - 2:00pm,incomplete,N/A,Leeds United,West Ham United,N/A,9,3.00,0.00,3.00,0.00,0,0,0,0,0,0,"","",-1,-1,-1,-1,-1,-1,-1,-1,-1,-1,-1,-1,-1,-1,-1,-1,-1,-1,-1,-1,1.95,1.45,0.00,0.00,2.00,0,50,50,0,0,0,0,50,100,14.00,1.00,0.00,0.00,0.00,0.00,0.00,0.00,0.00,0.00,0.00,N/A
1761400800,Oct 25 2025 - 2:00pm,incomplete,73358,Manchester United,Brighton & Hove Albion,N/A,9,0.00,0.00,0.00,0.00,0,0,0,0,0,0,"","",-1,-1,-1,-1,-1,-1,-1,-1,-1,-1,-1,-1,-1,-1,-1,-1,-1,-1,-1,-1,2.22,0.00,0.00,0.00,0.50,0,0,0,0,0,0,50,0,0,3.00,1.00,0.00,0.00,0.00,0.00,0.00,0.00,0.00,0.00,0.00,N/A
1761400800,Oct 25 2025 - 2:00pm,incomplete,17066,Brentford,Liverpool,N/A,9,0.00,0.00,0.00,0.00,0,0,0,0,0,0,"","",-1,-1,-1,-1,-1,-1,-1,-1,-1,-1,-1,-1,-1,-1,-1,-1,-1,-1,-1,-1,0.00,0.00,0.00,0.00,0.00,0,0,0,0,0,0,0,0,0,0.00,0.00,0.00,0.00,0.00,0.00,0.00,0.00,0.00,0.00,0.00,N/A
1761400800,Oct 25 2025 - 2:00pm,incomplete,52196,Newcastle United,Fulham,N/A,9,0.00,1.00,0.00,1.00,0,0,0,0,0,0,"","",-1,-1,-1,-1,-1,-1,-1,-1,-1,-1,-1,-1,-1,-1,-1,-1,-1,-1,-1,-1,0.00,0.90,0.00,0.00,1.00,50,50,0,0,0,0,0,50,50,3.00,3.00,0.00,0.00,0.00,0.00,0.00,0.00,0.00,0.00,0.00,N/A
1761400800,Oct 25 2025 - 2:00pm,incomplete,31235,Wolverhampton Wanderers,Burnley,N/A,9,0.00,0.00,0.00,0.00,0,0,0,0,0,0,"","",-1,-1,-1,-1,-1,-1,-1,-1,-1,-1,-1,-1,-1,-1,-1,-1,-1,-1,-1,-1,1.04,1.41,0.00,0.00,3.50,0,100,100,50,0,50,100,100,100,9.00,1.00,0.00,0.00,0.00,0.00,0.00,0.00,0.00,0.00,0.00,N/A
1761400800,Oct 25 2025 - 2:00pm,incomplete,N/A,Everton,Tottenham Hotspur,N/A,9,0.00,0.00,0.00,0.00,0,0,0,0,0,0,"","",-1,-1,-1,-1,-1,-1,-1,-1,-1,-1,-1,-1,-1,-1,-1,-1,-1,-1,-1,-1,0.00,0.00,0.00,0.00,0.00,0,0,0,0,0,0,0,0,0,0.00,0.00,0.00,0.00,0.00,0.00,0.00,0.00,0.00,0.00,0.00,N/A
1761400800,Oct 25 2025 - 2:00pm,incomplete,45860,Arsenal,Crystal Palace,N/A,9,0.00,1.00,0.00,1.00,0,0,0,0,0,0,"","",-1,-1,-1,-1,-1,-1,-1,-1,-1,-1,-1,-1,-1,-1,-1,-1,-1,-1,-1,-1,0.00,1.19,0.00,0.00,0.00,0,0,0,0,0,0,0,0,0,2.00,3.00,0.00,0.00,0.00,0.00,0.00,0.00,0.00,0.00,0.00,N/A
1761400800,Oct 25 2025 - 2:00pm,incomplete,21327,Chelsea,Sunderland,N/A,9,1.00,0.00,1.00,0.00,0,0,0,0,0,0,"","",-1,-1,-1,-1,-1,-1,-1,-1,-1,-1,-1,-1,-1,-1,-1,-1,-1,-1,-1,-1,1.77,0.00,0.00,0.00,0.00,0,0,0,0,0,0,0,0,0,11.00,2.00,0.00,0.00,0.00,0.00,0.00,0.00,0.00,0.00,0.00,N/A
1762009200,Nov 01 2025 - 3:00pm,incomplete,25401,Fulham,Wolverhampton Wanderers,N/A,10,0.00,0.00,0.00,0.00,0,0,0,0,0,0,"","",-1,-1,-1,-1,-1,-1,-1,-1,-1,-1,-1,-1,-1,-1,-1,-1,-1,-1,-1,-1,0.00,0.00,0.00,0.00,0.00,0,0,0,0,0,0,0,0,0,0.00,0.00,0.00,0.00,0.00,0.00,0.00,0.00,0.00,0.00,0.00,N/A
1762009200,Nov 01 2025 - 3:00pm,incomplete,24189,Crystal Palace,Brentford,N/A,10,0.00,0.00,0.00,0.00,0,0,0,0,0,0,"","",-1,-1,-1,-1,-1,-1,-1,-1,-1,-1,-1,-1,-1,-1,-1,-1,-1,-1,-1,-1,0.00,1.05,0.00,0.00,2.00,50,50,50,50,0,50,50,0,50,5.00,2.00,0.00,0.00,0.00,0.00,0.00,0.00,0.00,0.00,0.00,N/A
1762009200,Nov 01 2025 - 3:00pm,incomplete,42276,Sunderland,Everton,N/A,10,3.00,0.00,3.00,0.00,0,0,0,0,0,0,"","",-1,-1,-1,-1,-1,-1,-1,-1,-1,-1,-1,-1,-1,-1,-1,-1,-1,-1,-1,-1,1.19,0.77,0.00,0.00,2.00,0,50,50,0,0,0,0,50,100,7.00,2.00,0.00,0.00,0.00,0.00,0.00,0.00,0.00,0.00,0.00,N/A
1762009200,Nov 01 2025 - 3:00pm,incomplete,62470,West Ham United,Newcastle United,N/A,10,0.00,1.00,0.00,1.00,0,0,0,0,0,0,"","",-1,-1,-1,-1,-1,-1,-1,-1,-1,-1,-1,-1,-1,-1,-1,-1,-1,-1,-1,-1,0.00,1.47,0.00,0.00,0.00,0,0,0,0,0,0,0,0,0,6.00,1.00,0.00,0.00,0.00,0.00,0.00,0.00,0.00,0.00,0.00,N/A
1762009200,Nov 01 2025 - 3:00pm,incomplete,31872,Brighton & Hove Albion,Leeds United,N/A,10,1.00,0.00,1.00,0.00,0,0,0,0,0,0,"","",-1,-1,-1,-1,-1,-1,-1,-1,-1,-1,-1,-1,-1,-1,-1,-1,-1,-1,-1,-1,1.20,0.00,0.00,0.00,1.00,50,50,0,0,0,0,0,50,50,4.00,3.00,0.00,0.00,0.00,0.00,0.00,0.00,0.00,0.00,0.00,N/A
1762009200,Nov 01 2025 - 3:00pm,incomplete,N/A,Nottingham Forest,Manchester United,N/A,10,3.00,0.00,3.00,0.00,0,0,0,0,0,0,"","",-1,-1,-1,-1,-1,-1,-1,-1,-1,-1,-1,-1,-1,-1,-1,-1,-1,-1,-1,-1,1.52,0.00,0.00,0.00,2.00,50,50,50,50,0,50,50,0,50,5.00,1.00,0.00,0.00,0.00,0.00,0.00,0.00,0.00,0.00,0.00,N/A
1762009200,Nov 01 2025 - 3:00pm,incomplete,21486,Burnley,Arsenal,N/A,10,0.00,3.00,0.00,3.00,0,0,0,0,0,0,"","",-1,-1,-1,-1,-1,-1,-1,-1,-1,-1,-1,-1,-1,-1,-1,-1,-1,-1,-1,-1,0.00,1.09,0.00,0.00,0.50,0,0,0,0,0,0,50,0,0,4.00,4.00,0.00,0.00,0.00,0.00,0.00,0.00,0.00,0.00,0.00,N/A
1762009200,Nov 01 2025 - 3:00pm,incomplete,11302,Manchester City,AFC Bournemouth,N/A,10,0.00,0.00,0.00,0.00,0,0,0,0,0,0,"","",-1,-1,-1,-1,-1,-1,-1,-1,-1,-1,-1,-1,-1,-1,-1,-1,-1,-1,-1,-1,0.00,1.12,0.00,0.00,3.00,50,50,50,50,50,0,50,50,50,7.00,2.00,0.00,0.00,0.00,0.00,0.00,0.00,0.00,0.00,0.00,N/A
1762009200,Nov 01 2025 - 3:00pm,incomplete,60107,Liverpool,Aston Villa,N/A,10,3.00,0.00,3.00,0.00,0,0,0,0,0,0,"","",-1,-1,-1,-1,-1,-1,-1,-1,-1,-1,-1,-1,-1,-1,-1,-1,-1,-1,-1,-1,2.31,0.00,0.00,0.00,3.00,50,50,50,50,50,0,50,50,50,6.00,1.00,0.00,0.00,0.00,0.00,0.00,0.00,0.00,0.00,0.00,N/A
1762009200,Nov 01 2025 - 3:00pm,incomplete,9999,Tottenham Hotspur,Chelsea,N/A,10,3.00,0.00,3.00,0.00,0,0,0,0,0,0,"","",-1,-1,-1,-1,-1,-1,-1,-1,-1,-1,-1,-1,-1,-1,-1,-1,-1,-1,-1,-1,1.79,0.00,0.00,0.00,1.50,0,50,50,0,0,0,50,50,50,6.00,0.00,0.00,0.00,0.00,0.00,0.00,0.00,0.00,0.00,0.00,N/A
1762614000,Nov 08 2025 - 3:00pm,incomplete,N/A,Everton,Fulham,N/A,11,0.00,1.00,0.00,1.00,0,0,0,0,0,0,"","",-1,-1,-1,-1,-1,-1,-1,-1,-1,-1,-1,-1,-1,-1,-1,-1,-1,-1,-1,-1,0.00,0.90,0.00,0.00,1.00,50,50,0,0,0,0,0,50,50,3.00,3.00,0.00,0.00,0.00,0.00,0.00,0.00,0.00,0.00,0.00,N/A
1762614000,Nov 08 2025 - 3:00pm,incomplete,24189,Crystal Palace,Brighton & Hove Albion,N/A,11,0.00,0.00,0.00,0.00,0,0,0,0,0,0,"","",-1,-1,-1,-1,-1,-1,-1,-1,-1,-1,-1,-1,-1,-1,-1,-1,-1,-1,-1,-1,0.00,0.00,0.00,0.00,0.00,0,0,0,0,0,0,0,0,0,0.00,0.00,0.00,0.00,0.00,0.00,0.00,0.00,0.00,0.00,0.00,N/A
1762614000,Nov 08 2025 - 3:00pm,incomplete,21327,Chelsea,Wolverhampton Wanderers,N/A,11,1.00,0.00,1.00,0.00,0,0,0,0,0,0,"","",-1,-1,-1,-1,-1,-1,-1,-1,-1,-1,-1,-1,-1,-1,-1,-1,-1,-1,-1,-1,1.77,0.00,0.00,0.00,0.00,0,0,0,0,0,0,0,0,0,11.00,2.00,0.00,0.00,0.00,0.00,0.00,0.00,0.00,0.00,0.00,N/A
1762614000,Nov 08 2025 - 3:00pm,incomplete,11302,Manchester City,Liverpool,N/A,11,0.00,0.00,0.00,0.00,0,0,0,0,0,0,"","",-1,-1,-1,-1,-1,-1,-1,-1,-1,-1,-1,-1,-1,-1,-1,-1,-1,-1,-1,-1,0.00,0.00,0.00,0.00,0.00,0,0,0,0,0,0,0,0,0,0.00,0.00,0.00,0.00,0.00,0.00,0.00,0.00,0.00,0.00,0.00,N/A
1762614000,Nov 08 2025 - 3:00pm,incomplete,16988,Brentford,Newcastle United,N/A,11,0.00,1.00,0.00,1.00,0,0,0,0,0,0,"","",-1,-1,-1,-1,-1,-1,-1,-1,-1,-1,-1,-1,-1,-1,-1,-1,-1,-1,-1,-1,0.00,1.47,0.00,0.00,0.00,0,0,0,0,0,0,0,0,0,6.00,1.00,0.00,0.00,0.00,0.00,0.00,0.00,0.00,0.00,0.00,N/A
1762614000,Nov 08 2025 - 3:00pm,incomplete,2907,Aston Villa,AFC Bournemouth,N/A,11,1.00,0.00,1.00,0.00,0,0,0,0,0,0,"","",-1,-1,-1,-1,-1,-1,-1,-1,-1,-1,-1,-1,-1,-1,-1,-1,-1,-1,-1,-1,0.69,1.12,0.00,0.00,3.00,50,50,50,50,50,0,50,50,50,10.00,5.00,0.00,0.00,0.00,0.00,0.00,0.00,0.00,0.00,0.00,N/A
1762614000,Nov 08 2025 - 3:00pm,incomplete,62470,West Ham United,Burnley,N/A,11,0.00,0.00,0.00,0.00,0,0,0,0,0,0,"","",-1,-1,-1,-1,-1,-1,-1,-1,-1,-1,-1,-1,-1,-1,-1,-1,-1,-1,-1,-1,0.00,1.41,0.00,0.00,1.50,0,50,50,0,0,0,50,50,50,5.00,0.00,0.00,0.00,0.00,0.00,0.00,0.00,0.00,0.00,0.00,N/A
1762614000,Nov 08 2025 - 3:00pm,incomplete,9999,Tottenham Hotspur,Manchester United,N/A,11,3.00,0.00,3.00,0.00,0,0,0,0,0,0,"","",-1,-1,-1,-1,-1,-1,-1,-1,-1,-1,-1,-1,-1,-1,-1,-1,-1,-1,-1,-1,1.79,0.00,0.00,0.00,1.50,0,50,50,0,0,0,50,50,50,6.00,0.00,0.00,0.00,0.00,0.00,0.00,0.00,0.00,0.00,0.00,N/A
1762614000,Nov 08 2025 - 3:00pm,incomplete,42276,Sunderland,Arsenal,N/A,11,3.00,3.00,3.00,3.00,0,0,0,0,0,0,"","",-1,-1,-1,-1,-1,-1,-1,-1,-1,-1,-1,-1,-1,-1,-1,-1,-1,-1,-1,-1,1.19,1.09,0.00,0.00,2.00,0,50,50,0,0,0,50,50,50,9.00,4.00,0.00,0.00,0.00,0.00,0.00,0.00,0.00,0.00,0.00,N/A
1762614000,Nov 08 2025 - 3:00pm,incomplete,N/A,Nottingham Forest,Leeds United,N/A,11,3.00,0.00,3.00,0.00,0,0,0,0,0,0,"","",-1,-1,-1,-1,-1,-1,-1,-1,-1,-1,-1,-1,-1,-1,-1,-1,-1,-1,-1,-1,1.52,0.00,0.00,0.00,2.00,50,50,50,50,0,50,50,0,50,5.00,1.00,0.00,0.00,0.00,0.00,0.00,0.00,0.00,0.00,0.00,N/A
1763823600,Nov 22 2025 - 3:00pm,incomplete,31872,Brighton & Hove Albion,Brentford,N/A,12,1.00,0.00,1.00,0.00,0,0,0,0,0,0,"","",-1,-1,-1,-1,-1,-1,-1,-1,-1,-1,-1,-1,-1,-1,-1,-1,-1,-1,-1,-1,1.20,1.05,0.00,0.00,3.00,100,100,50,50,0,50,50,50,100,9.00,5.00,0.00,0.00,0.00,0.00,0.00,0.00,0.00,0.00,0.00,N/A
1763823600,Nov 22 2025 - 3:00pm,incomplete,21572,Burnley,Chelsea,N/A,12,0.00,0.00,0.00,0.00,0,0,0,0,0,0,"","",-1,-1,-1,-1,-1,-1,-1,-1,-1,-1,-1,-1,-1,-1,-1,-1,-1,-1,-1,-1,0.00,0.00,0.00,0.00,0.00,0,0,0,0,0,0,0,0,0,0.00,0.00,0.00,0.00,0.00,0.00,0.00,0.00,0.00,0.00,0.00,N/A
1763823600,Nov 22 2025 - 3:00pm,incomplete,N/A,Leeds United,Aston Villa,N/A,12,3.00,0.00,3.00,0.00,0,0,0,0,0,0,"","",-1,-1,-1,-1,-1,-1,-1,-1,-1,-1,-1,-1,-1,-1,-1,-1,-1,-1,-1,-1,1.95,0.00,0.00,0.00,0.50,0,0,0,0,0,0,0,0,50,7.00,0.00,0.00,0.00,0.00,0.00,0.00,0.00,0.00,0.00,0.00,N/A
1763823600,Nov 22 2025 - 3:00pm,incomplete,31235,Wolverhampton Wanderers,Crystal Palace,N/A,12,0.00,1.00,0.00,1.00,0,0,0,0,0,0,"","",-1,-1,-1,-1,-1,-1,-1,-1,-1,-1,-1,-1,-1,-1,-1,-1,-1,-1,-1,-1,1.04,1.19,0.00,0.00,2.00,0,50,50,50,0,50,50,50,50,6.00,4.00,0.00,0.00,0.00,0.00,0.00,0.00,0.00,0.00,0.00,N/A
1763823600,Nov 22 2025 - 3:00pm,incomplete,11161,AFC Bournemouth,West Ham United,N/A,12,0.00,0.00,0.00,0.00,0,0,0,0,0,0,"","",-1,-1,-1,-1,-1,-1,-1,-1,-1,-1,-1,-1,-1,-1,-1,-1,-1,-1,-1,-1,0.00,1.45,0.00,0.00,1.50,0,50,50,0,0,0,0,50,50,7.00,1.00,0.00,0.00,0.00,0.00,0.00,0.00,0.00,0.00,0.00,N/A
1763823600,Nov 22 2025 - 3:00pm,incomplete,24236,Fulham,Sunderland,N/A,12,0.00,0.00,0.00,0.00,0,0,0,0,0,0,"","",-1,-1,-1,-1,-1,-1,-1,-1,-1,-1,-1,-1,-1,-1,-1,-1,-1,-1,-1,-1,0.00,0.00,0.00,0.00,0.00,0,0,0,0,0,0,0,0,0,0.00,0.00,0.00,0.00,0.00,0.00,0.00,0.00,0.00,0.00,0.00,N/A
1763823600,Nov 22 2025 - 3:00pm,incomplete,45860,Arsenal,Tottenham Hotspur,N/A,12,0.00,0.00,0.00,0.00,0,0,0,0,0,0,"","",-1,-1,-1,-1,-1,-1,-1,-1,-1,-1,-1,-1,-1,-1,-1,-1,-1,-1,-1,-1,0.00,0.00,0.00,0.00,0.00,0,0,0,0,0,0,0,0,0,0.00,0.00,0.00,0.00,0.00,0.00,0.00,0.00,0.00,0.00,0.00,N/A
1763823600,Nov 22 2025 - 3:00pm,incomplete,73358,Manchester United,Everton,N/A,12,0.00,0.00,0.00,0.00,0,0,0,0,0,0,"","",-1,-1,-1,-1,-1,-1,-1,-1,-1,-1,-1,-1,-1,-1,-1,-1,-1,-1,-1,-1,2.22,0.77,0.00,0.00,1.00,0,0,0,0,0,0,50,0,50,5.00,3.00,0.00,0.00,0.00,0.00,0.00,0.00,0.00,0.00,0.00,N/A
1763823600,Nov 22 2025 - 3:00pm,incomplete,60107,Liverpool,Nottingham Forest,N/A,12,3.00,0.00,3.00,0.00,0,0,0,0,0,0,"","",-1,-1,-1,-1,-1,-1,-1,-1,-1,-1,-1,-1,-1,-1,-1,-1,-1,-1,-1,-1,2.31,0.00,0.00,0.00,3.00,50,50,50,50,50,0,50,50,50,6.00,1.00,0.00,0.00,0.00,0.00,0.00,0.00,0.00,0.00,0.00,N/A
1763823600,Nov 22 2025 - 3:00pm,incomplete,52196,Newcastle United,Manchester City,N/A,12,0.00,3.00,0.00,3.00,0,0,0,0,0,0,"","",-1,-1,-1,-1,-1,-1,-1,-1,-1,-1,-1,-1,-1,-1,-1,-1,-1,-1,-1,-1,0.00,1.60,0.00,0.00,2.00,0,50,50,50,0,50,50,50,50,5.00,2.00,0.00,0.00,0.00,0.00,0.00,0.00,0.00,0.00,0.00,N/A
1764428400,Nov 29 2025 - 3:00pm,incomplete,21327,Chelsea,Arsenal,N/A,13,1.00,3.00,1.00,3.00,0,0,0,0,0,0,"","",-1,-1,-1,-1,-1,-1,-1,-1,-1,-1,-1,-1,-1,-1,-1,-1,-1,-1,-1,-1,1.77,1.09,0.00,0.00,0.50,0,0,0,0,0,0,50,0,0,15.00,6.00,0.00,0.00,0.00,0.00,0.00,0.00,0.00,0.00,0.00,N/A
1764428400,Nov 29 2025 - 3:00pm,incomplete,17066,Brentford,Burnley,N/A,13,0.00,0.00,0.00,0.00,0,0,0,0,0,0,"","",-1,-1,-1,-1,-1,-1,-1,-1,-1,-1,-1,-1,-1,-1,-1,-1,-1,-1,-1,-1,0.00,1.41,0.00,0.00,1.50,0,50,50,0,0,0,50,50,50,5.00,0.00,0.00,0.00,0.00,0.00,0.00,0.00,0.00,0.00,0.00,N/A
1764428400,Nov 29 2025 - 3:00pm,incomplete,11302,Manchester City,Leeds United,N/A,13,0.00,0.00,0.00,0.00,0,0,0,0,0,0,"","",-1,-1,-1,-1,-1,-1,-1,-1,-1,-1,-1,-1,-1,-1,-1,-1,-1,-1,-1,-1,0.00,0.00,0.00,0.00,0.00,0,0,0,0,0,0,0,0,0,0.00,0.00,0.00,0.00,0.00,0.00,0.00,0.00,0.00,0.00,0.00,N/A
1764428400,Nov 29 2025 - 3:00pm,incomplete,N/A,Nottingham Forest,Brighton & Hove Albion,N/A,13,3.00,0.00,3.00,0.00,0,0,0,0,0,0,"","",-1,-1,-1,-1,-1,-1,-1,-1,-1,-1,-1,-1,-1,-1,-1,-1,-1,-1,-1,-1,1.52,0.00,0.00,0.00,2.00,50,50,50,50,0,50,50,0,50,5.00,1.00,0.00,0.00,0.00,0.00,0.00,0.00,0.00,0.00,0.00,N/A
1764428400,Nov 29 2025 - 3:00pm,incomplete,2907,Aston Villa,Wolverhampton Wanderers,N/A,13,1.00,0.00,1.00,0.00,0,0,0,0,0,0,"","",-1,-1,-1,-1,-1,-1,-1,-1,-1,-1,-1,-1,-1,-1,-1,-1,-1,-1,-1,-1,0.69,0.00,0.00,0.00,0.00,0,0,0,0,0,0,0,0,0,3.00,3.00,0.00,0.00,0.00,0.00,0.00,0.00,0.00,0.00,0.00,N/A
1764428400,Nov 29 2025 - 3:00pm,incomplete,62470,West Ham United,Liverpool,N/A,13,0.00,0.00,0.00,0.00,0,0,0,0,0,0,"","",-1,-1,-1,-1,-1,-1,-1,-1,-1,-1,-1,-1,-1,-1,-1,-1,-1,-1,-1,-1,0.00,0.00,0.00,0.00,0.00,0,0,0,0,0,0,0,0,0,0.00,0.00,0.00,0.00,0.00,0.00,0.00,0.00,0.00,0.00,0.00,N/A
1764428400,Nov 29 2025 - 3:00pm,incomplete,N/A,Everton,Newcastle United,N/A,13,0.00,1.00,0.00,1.00,0,0,0,0,0,0,"","",-1,-1,-1,-1,-1,-1,-1,-1,-1,-1,-1,-1,-1,-1,-1,-1,-1,-1,-1,-1,0.00,1.47,0.00,0.00,0.00,0,0,0,0,0,0,0,0,0,6.00,1.00,0.00,0.00,0.00,0.00,0.00,0.00,0.00,0.00,0.00,N/A
1764428400,Nov 29 2025 - 3:00pm,incomplete,42276,Sunderland,AFC Bournemouth,N/A,13,3.00,0.00,3.00,0.00,0,0,0,0,0,0,"","",-1,-1,-1,-1,-1,-1,-1,-1,-1,-1,-1,-1,-1,-1,-1,-1,-1,-1,-1,-1,1.19,1.12,0.00,0.00,4.50,50,100,100,50,50,0,50,100,100,12.00,2.00,0.00,0.00,0.00,0.00,0.00,0.00,0.00,0.00,0.00,N/A
1764428400,Nov 29 2025 - 3:00pm,incomplete,9999,Tottenham Hotspur,Fulham,N/A,13,3.00,1.00,3.00,1.00,0,0,0,0,0,0,"","",-1,-1,-1,-1,-1,-1,-1,-1,-1,-1,-1,-1,-1,-1,-1,-1,-1,-1,-1,-1,1.79,0.90,0.00,0.00,2.50,50,100,50,0,0,0,50,100,100,9.00,3.00,0.00,0.00,0.00,0.00,0.00,0.00,0.00,0.00,0.00,N/A
1764428400,Nov 29 2025 - 3:00pm,incomplete,24189,Crystal Palace,Manchester United,N/A,13,0.00,0.00,0.00,0.00,0,0,0,0,0,0,"","",-1,-1,-1,-1,-1,-1,-1,-1,-1,-1,-1,-1,-1,-1,-1,-1,-1,-1,-1,-1,0.00,0.00,0.00,0.00,0.00,0,0,0,0,0,0,0,0,0,0.00,0.00,0.00,0.00,0.00,0.00,0.00,0.00,0.00,0.00,0.00,N/A
1764792000,Dec 03 2025 - 8:00pm,incomplete,31235,Wolverhampton Wanderers,Nottingham Forest,N/A,14,0.00,0.00,0.00,0.00,0,0,0,0,0,0,"","",-1,-1,-1,-1,-1,-1,-1,-1,-1,-1,-1,-1,-1,-1,-1,-1,-1,-1,-1,-1,1.04,0.00,0.00,0.00,2.00,0,50,50,50,0,50,50,50,50,4.00,1.00,0.00,0.00,0.00,0.00,0.00,0.00,0.00,0.00,0.00,N/A
1764792000,Dec 03 2025 - 8:00pm,incomplete,45860,Arsenal,Brentford,N/A,14,0.00,0.00,0.00,0.00,0,0,0,0,0,0,"","",-1,-1,-1,-1,-1,-1,-1,-1,-1,-1,-1,-1,-1,-1,-1,-1,-1,-1,-1,-1,0.00,1.05,0.00,0.00,2.00,50,50,50,50,0,50,50,0,50,5.00,2.00,0.00,0.00,0.00,0.00,0.00,0.00,0.00,0.00,0.00,N/A
1764792000,Dec 03 2025 - 8:00pm,incomplete,31872,Brighton & Hove Albion,Aston Villa,N/A,14,1.00,0.00,1.00,0.00,0,0,0,0,0,0,"","",-1,-1,-1,-1,-1,-1,-1,-1,-1,-1,-1,-1,-1,-1,-1,-1,-1,-1,-1,-1,1.20,0.00,0.00,0.00,1.00,50,50,0,0,0,0,0,50,50,4.00,3.00,0.00,0.00,0.00,0.00,0.00,0.00,0.00,0.00,0.00,N/A
1764792000,Dec 03 2025 - 8:00pm,incomplete,N/A,Leeds United,Chelsea,N/A,14,3.00,0.00,3.00,0.00,0,0,0,0,0,0,"","",-1,-1,-1,-1,-1,-1,-1,-1,-1,-1,-1,-1,-1,-1,-1,-1,-1,-1,-1,-1,1.95,0.00,0.00,0.00,0.50,0,0,0,0,0,0,0,0,50,7.00,0.00,0.00,0.00,0.00,0.00,0.00,0.00,0.00,0.00,0.00,N/A
1764792000,Dec 03 2025 - 8:00pm,incomplete,21486,Burnley,Crystal Palace,N/A,14,0.00,1.00,0.00,1.00,0,0,0,0,0,0,"","",-1,-1,-1,-1,-1,-1,-1,-1,-1,-1,-1,-1,-1,-1,-1,-1,-1,-1,-1,-1,0.00,1.19,0.00,0.00,0.00,0,0,0,0,0,0,0,0,0,2.00,3.00,0.00,0.00,0.00,0.00,0.00,0.00,0.00,0.00,0.00,N/A
1764792000,Dec 03 2025 - 8:00pm,incomplete,52196,Newcastle United,Tottenham Hotspur,N/A,14,0.00,0.00,0.00,0.00,0,0,0,0,0,0,"","",-1,-1,-1,-1,-1,-1,-1,-1,-1,-1,-1,-1,-1,-1,-1,-1,-1,-1,-1,-1,0.00,0.00,0.00,0.00,0.00,0,0,0,0,0,0,0,0,0,0.00,0.00,0.00,0.00,0.00,0.00,0.00,0.00,0.00,0.00,0.00,N/A
1764792000,Dec 03 2025 - 8:00pm,incomplete,11161,AFC Bournemouth,Everton,N/A,14,0.00,0.00,0.00,0.00,0,0,0,0,0,0,"","",-1,-1,-1,-1,-1,-1,-1,-1,-1,-1,-1,-1,-1,-1,-1,-1,-1,-1,-1,-1,0.00,0.77,0.00,0.00,0.50,0,0,0,0,0,0,0,0,50,2.00,2.00,0.00,0.00,0.00,0.00,0.00,0.00,0.00,0.00,0.00,N/A
1764792000,Dec 03 2025 - 8:00pm,incomplete,60107,Liverpool,Sunderland,N/A,14,3.00,0.00,3.00,0.00,0,0,0,0,0,0,"","",-1,-1,-1,-1,-1,-1,-1,-1,-1,-1,-1,-1,-1,-1,-1,-1,-1,-1,-1,-1,2.31,0.00,0.00,0.00,3.00,50,50,50,50,50,0,50,50,50,6.00,1.00,0.00,0.00,0.00,0.00,0.00,0.00,0.00,0.00,0.00,N/A
1764792000,Dec 03 2025 - 8:00pm,incomplete,73358,Manchester United,West Ham United,N/A,14,0.00,0.00,0.00,0.00,0,0,0,0,0,0,"","",-1,-1,-1,-1,-1,-1,-1,-1,-1,-1,-1,-1,-1,-1,-1,-1,-1,-1,-1,-1,2.22,1.45,0.00,0.00,2.00,0,50,50,0,0,0,50,50,50,10.00,2.00,0.00,0.00,0.00,0.00,0.00,0.00,0.00,0.00,0.00,N/A
1764792000,Dec 03 2025 - 8:00pm,incomplete,25401,Fulham,Manchester City,N/A,14,0.00,3.00,0.00,3.00,0,0,0,0,0,0,"","",-1,-1,-1,-1,-1,-1,-1,-1,-1,-1,-1,-1,-1,-1,-1,-1,-1,-1,-1,-1,0.00,1.60,0.00,0.00,2.00,0,50,50,50,0,50,50,50,50,5.00,2.00,0.00,0.00,0.00,0.00,0.00,0.00,0.00,0.00,0.00,N/A
1765033200,Dec 06 2025 - 3:00pm,incomplete,52196,Newcastle United,Burnley,N/A,15,0.00,0.00,0.00,0.00,0,0,0,0,0,0,"","",-1,-1,-1,-1,-1,-1,-1,-1,-1,-1,-1,-1,-1,-1,-1,-1,-1,-1,-1,-1,0.00,1.41,0.00,0.00,1.50,0,50,50,0,0,0,50,50,50,5.00,0.00,0.00,0.00,0.00,0.00,0.00,0.00,0.00,0.00,0.00,N/A
1765033200,Dec 06 2025 - 3:00pm,incomplete,25401,Fulham,Crystal Palace,N/A,15,0.00,1.00,0.00,1.00,0,0,0,0,0,0,"","",-1,-1,-1,-1,-1,-1,-1,-1,-1,-1,-1,-1,-1,-1,-1,-1,-1,-1,-1,-1,0.00,1.19,0.00,0.00,0.00,0,0,0,0,0,0,0,0,0,2.00,3.00,0.00,0.00,0.00,0.00,0.00,0.00,0.00,0.00,0.00,N/A
1765033200,Dec 06 2025 - 3:00pm,incomplete,11161,AFC Bournemouth,Chelsea,N/A,15,0.00,0.00,0.00,0.00,0,0,0,0,0,0,"","",-1,-1,-1,-1,-1,-1,-1,-1,-1,-1,-1,-1,-1,-1,-1,-1,-1,-1,-1,-1,0.00,0.00,0.00,0.00,0.00,0,0,0,0,0,0,0,0,0,0.00,0.00,0.00,0.00,0.00,0.00,0.00,0.00,0.00,0.00,0.00,N/A
1765033200,Dec 06 2025 - 3:00pm,incomplete,31872,Brighton & Hove Albion,West Ham United,N/A,15,1.00,0.00,1.00,0.00,0,0,0,0,0,0,"","",-1,-1,-1,-1,-1,-1,-1,-1,-1,-1,-1,-1,-1,-1,-1,-1,-1,-1,-1,-1,1.20,1.45,0.00,0.00,2.50,50,100,50,0,0,0,0,100,100,11.00,4.00,0.00,0.00,0.00,0.00,0.00,0.00,0.00,0.00,0.00,N/A
1765033200,Dec 06 2025 - 3:00pm,incomplete,N/A,Leeds United,Liverpool,N/A,15,3.00,0.00,3.00,0.00,0,0,0,0,0,0,"","",-1,-1,-1,-1,-1,-1,-1,-1,-1,-1,-1,-1,-1,-1,-1,-1,-1,-1,-1,-1,1.95,0.00,0.00,0.00,0.50,0,0,0,0,0,0,0,0,50,7.00,0.00,0.00,0.00,0.00,0.00,0.00,0.00,0.00,0.00,0.00,N/A
1765033200,Dec 06 2025 - 3:00pm,incomplete,9999,Tottenham Hotspur,Brentford,N/A,15,3.00,0.00,3.00,0.00,0,0,0,0,0,0,"","",-1,-1,-1,-1,-1,-1,-1,-1,-1,-1,-1,-1,-1,-1,-1,-1,-1,-1,-1,-1,1.79,1.05,0.00,0.00,3.50,50,100,100,50,0,50,100,50,100,11.00,2.00,0.00,0.00,0.00,0.00,0.00,0.00,0.00,0.00,0.00,N/A
1765033200,Dec 06 2025 - 3:00pm,incomplete,31235,Wolverhampton Wanderers,Manchester United,N/A,15,0.00,0.00,0.00,0.00,0,0,0,0,0,0,"","",-1,-1,-1,-1,-1,-1,-1,-1,-1,-1,-1,-1,-1,-1,-1,-1,-1,-1,-1,-1,1.04,0.00,0.00,0.00,2.00,0,50,50,50,0,50,50,50,50,4.00,1.00,0.00,0.00,0.00,0.00,0.00,0.00,0.00,0.00,0.00,N/A
1765033200,Dec 06 2025 - 3:00pm,incomplete,11302,Manchester City,Sunderland,N/A,15,0.00,0.00,0.00,0.00,0,0,0,0,0,0,"","",-1,-1,-1,-1,-1,-1,-1,-1,-1,-1,-1,-1,-1,-1,-1,-1,-1,-1,-1,-1,0.00,0.00,0.00,0.00,0.00,0,0,0,0,0,0,0,0,0,0.00,0.00,0.00,0.00,0.00,0.00,0.00,0.00,0.00,0.00,0.00,N/A
1765033200,Dec 06 2025 - 3:00pm,incomplete,2907,Aston Villa,Arsenal,N/A,15,1.00,3.00,1.00,3.00,0,0,0,0,0,0,"","",-1,-1,-1,-1,-1,-1,-1,-1,-1,-1,-1,-1,-1,-1,-1,-1,-1,-1,-1,-1,0.69,1.09,0.00,0.00,0.50,0,0,0,0,0,0,50,0,0,7.00,7.00,0.00,0.00,0.00,0.00,0.00,0.00,0.00,0.00,0.00,N/A
1765033200,Dec 06 2025 - 3:00pm,incomplete,N/A,Everton,Nottingham Forest,N/A,15,0.00,0.00,0.00,0.00,0,0,0,0,0,0,"","",-1,-1,-1,-1,-1,-1,-1,-1,-1,-1,-1,-1,-1,-1,-1,-1,-1,-1,-1,-1,0.00,0.00,0.00,0.00,0.00,0,0,0,0,0,0,0,0,0,0.00,0.00,0.00,0.00,0.00,0.00,0.00,0.00,0.00,0.00,0.00,N/A
1765638000,Dec 13 2025 - 3:00pm,incomplete,21486,Burnley,Fulham,N/A,16,0.00,1.00,0.00,1.00,0,0,0,0,0,0,"","",-1,-1,-1,-1,-1,-1,-1,-1,-1,-1,-1,-1,-1,-1,-1,-1,-1,-1,-1,-1,0.00,0.90,0.00,0.00,1.00,50,50,0,0,0,0,0,50,50,3.00,3.00,0.00,0.00,0.00,0.00,0.00,0.00,0.00,0.00,0.00,N/A
1765638000,Dec 13 2025 - 3:00pm,incomplete,17066,Brentford,Leeds United,N/A,16,0.00,0.00,0.00,0.00,0,0,0,0,0,0,"","",-1,-1,-1,-1,-1,-1,-1,-1,-1,-1,-1,-1,-1,-1,-1,-1,-1,-1,-1,-1,0.00,0.00,0.00,0.00,0.00,0,0,0,0,0,0,0,0,0,0.00,0.00,0.00,0.00,0.00,0.00,0.00,0.00,0.00,0.00,0.00,N/A
1765638000,Dec 13 2025 - 3:00pm,incomplete,45860,Arsenal,Wolverhampton Wanderers,N/A,16,0.00,0.00,0.00,0.00,0,0,0,0,0,0,"","",-1,-1,-1,-1,-1,-1,-1,-1,-1,-1,-1,-1,-1,-1,-1,-1,-1,-1,-1,-1,0.00,0.00,0.00,0.00,0.00,0,0,0,0,0,0,0,0,0,0.00,0.00,0.00,0.00,0.00,0.00,0.00,0.00,0.00,0.00,0.00,N/A
1765638000,Dec 13 2025 - 3:00pm,incomplete,60107,Liverpool,Brighton & Hove Albion,N/A,16,3.00,0.00,3.00,0.00,0,0,0,0,0,0,"","",-1,-1,-1,-1,-1,-1,-1,-1,-1,-1,-1,-1,-1,-1,-1,-1,-1,-1,-1,-1,2.31,0.00,0.00,0.00,3.00,50,50,50,50,50,0,50,50,50,6.00,1.00,0.00,0.00,0.00,0.00,0.00,0.00,0.00,0.00,0.00,N/A
1765638000,Dec 13 2025 - 3:00pm,incomplete,24189,Crystal Palace,Manchester City,N/A,16,0.00,3.00,0.00,3.00,0,0,0,0,0,0,"","",-1,-1,-1,-1,-1,-1,-1,-1,-1,-1,-1,-1,-1,-1,-1,-1,-1,-1,-1,-1,0.00,1.60,0.00,0.00,2.00,0,50,50,50,0,50,50,50,50,5.00,2.00,0.00,0.00,0.00,0.00,0.00,0.00,0.00,0.00,0.00,N/A
1765638000,Dec 13 2025 - 3:00pm,incomplete,21327,Chelsea,Everton,N/A,16,1.00,0.00,1.00,0.00,0,0,0,0,0,0,"","",-1,-1,-1,-1,-1,-1,-1,-1,-1,-1,-1,-1,-1,-1,-1,-1,-1,-1,-1,-1,1.77,0.77,0.00,0.00,0.50,0,0,0,0,0,0,0,0,50,13.00,4.00,0.00,0.00,0.00,0.00,0.00,0.00,0.00,0.00,0.00,N/A
1765638000,Dec 13 2025 - 3:00pm,incomplete,73358,Manchester United,AFC Bournemouth,N/A,16,0.00,0.00,0.00,0.00,0,0,0,0,0,0,"","",-1,-1,-1,-1,-1,-1,-1,-1,-1,-1,-1,-1,-1,-1,-1,-1,-1,-1,-1,-1,2.22,1.12,0.00,0.00,3.50,50,50,50,50,50,0,100,50,50,10.00,3.00,0.00,0.00,0.00,0.00,0.00,0.00,0.00,0.00,0.00,N/A
1765638000,Dec 13 2025 - 3:00pm,incomplete,N/A,Nottingham Forest,Tottenham Hotspur,N/A,16,3.00,0.00,3.00,0.00,0,0,0,0,0,0,"","",-1,-1,-1,-1,-1,-1,-1,-1,-1,-1,-1,-1,-1,-1,-1,-1,-1,-1,-1,-1,1.52,0.00,0.00,0.00,2.00,50,50,50,50,0,50,50,0,50,5.00,1.00,0.00,0.00,0.00,0.00,0.00,0.00,0.00,0.00,0.00,N/A
1765638000,Dec 13 2025 - 3:00pm,incomplete,62470,West Ham United,Aston Villa,N/A,16,0.00,0.00,0.00,0.00,0,0,0,0,0,0,"","",-1,-1,-1,-1,-1,-1,-1,-1,-1,-1,-1,-1,-1,-1,-1,-1,-1,-1,-1,-1,0.00,0.00,0.00,0.00,0.00,0,0,0,0,0,0,0,0,0,0.00,0.00,0.00,0.00,0.00,0.00,0.00,0.00,0.00,0.00,0.00,N/A
1765638000,Dec 13 2025 - 3:00pm,incomplete,42276,Sunderland,Newcastle United,N/A,16,3.00,1.00,3.00,1.00,0,0,0,0,0,0,"","",-1,-1,-1,-1,-1,-1,-1,-1,-1,-1,-1,-1,-1,-1,-1,-1,-1,-1,-1,-1,1.19,1.47,0.00,0.00,1.50,0,50,50,0,0,0,0,50,50,11.00,1.00,0.00,0.00,0.00,0.00,0.00,0.00,0.00,0.00,0.00,N/A
1766242800,Dec 20 2025 - 3:00pm,incomplete,11302,Manchester City,West Ham United,N/A,17,0.00,0.00,0.00,0.00,0,0,0,0,0,0,"","",-1,-1,-1,-1,-1,-1,-1,-1,-1,-1,-1,-1,-1,-1,-1,-1,-1,-1,-1,-1,0.00,1.45,0.00,0.00,1.50,0,50,50,0,0,0,0,50,50,7.00,1.00,0.00,0.00,0.00,0.00,0.00,0.00,0.00,0.00,0.00,N/A
1766242800,Dec 20 2025 - 3:00pm,incomplete,25401,Fulham,Nottingham Forest,N/A,17,0.00,0.00,0.00,0.00,0,0,0,0,0,0,"","",-1,-1,-1,-1,-1,-1,-1,-1,-1,-1,-1,-1,-1,-1,-1,-1,-1,-1,-1,-1,0.00,0.00,0.00,0.00,0.00,0,0,0,0,0,0,0,0,0,0.00,0.00,0.00,0.00,0.00,0.00,0.00,0.00,0.00,0.00,0.00,N/A
1766242800,Dec 20 2025 - 3:00pm,incomplete,11161,AFC Bournemouth,Burnley,N/A,17,0.00,0.00,0.00,0.00,0,0,0,0,0,0,"","",-1,-1,-1,-1,-1,-1,-1,-1,-1,-1,-1,-1,-1,-1,-1,-1,-1,-1,-1,-1,0.00,1.41,0.00,0.00,1.50,0,50,50,0,0,0,50,50,50,5.00,0.00,0.00,0.00,0.00,0.00,0.00,0.00,0.00,0.00,0.00,N/A
1766242800,Dec 20 2025 - 3:00pm,incomplete,52196,Newcastle United,Chelsea,N/A,17,0.00,0.00,0.00,0.00,0,0,0,0,0,0,"","",-1,-1,-1,-1,-1,-1,-1,-1,-1,-1,-1,-1,-1,-1,-1,-1,-1,-1,-1,-1,0.00,0.00,0.00,0.00,0.00,0,0,0,0,0,0,0,0,0,0.00,0.00,0.00,0.00,0.00,0.00,0.00,0.00,0.00,0.00,0.00,N/A
1766242800,Dec 20 2025 - 3:00pm,incomplete,N/A,Everton,Arsenal,N/A,17,0.00,3.00,0.00,3.00,0,0,0,0,0,0,"","",-1,-1,-1,-1,-1,-1,-1,-1,-1,-1,-1,-1,-1,-1,-1,-1,-1,-1,-1,-1,0.00,1.09,0.00,0.00,0.50,0,0,0,0,0,0,50,0,0,4.00,4.00,0.00,0.00,0.00,0.00,0.00,0.00,0.00,0.00,0.00,N/A
1766242800,Dec 20 2025 - 3:00pm,incomplete,31235,Wolverhampton Wanderers,Brentford,N/A,17,0.00,0.00,0.00,0.00,0,0,0,0,0,0,"","",-1,-1,-1,-1,-1,-1,-1,-1,-1,-1,-1,-1,-1,-1,-1,-1,-1,-1,-1,-1,1.04,1.05,0.00,0.00,4.00,50,100,100,100,0,100,100,50,100,9.00,3.00,0.00,0.00,0.00,0.00,0.00,0.00,0.00,0.00,0.00,N/A
1766242800,Dec 20 2025 - 3:00pm,incomplete,31872,Brighton & Hove Albion,Sunderland,N/A,17,1.00,0.00,1.00,0.00,0,0,0,0,0,0,"","",-1,-1,-1,-1,-1,-1,-1,-1,-1,-1,-1,-1,-1,-1,-1,-1,-1,-1,-1,-1,1.20,0.00,0.00,0.00,1.00,50,50,0,0,0,0,0,50,50,4.00,3.00,0.00,0.00,0.00,0.00,0.00,0.00,0.00,0.00,0.00,N/A
1766242800,Dec 20 2025 - 3:00pm,incomplete,2907,Aston Villa,Manchester United,N/A,17,1.00,0.00,1.00,0.00,0,0,0,0,0,0,"","",-1,-1,-1,-1,-1,-1,-1,-1,-1,-1,-1,-1,-1,-1,-1,-1,-1,-1,-1,-1,0.69,0.00,0.00,0.00,0.00,0,0,0,0,0,0,0,0,0,3.00,3.00,0.00,0.00,0.00,0.00,0.00,0.00,0.00,0.00,0.00,N/A
1766242800,Dec 20 2025 - 3:00pm,incomplete,N/A,Leeds United,Crystal Palace,N/A,17,3.00,1.00,3.00,1.00,0,0,0,0,0,0,"","",-1,-1,-1,-1,-1,-1,-1,-1,-1,-1,-1,-1,-1,-1,-1,-1,-1,-1,-1,-1,1.95,1.19,0.00,0.00,0.50,0,0,0,0,0,0,0,0,50,9.00,3.00,0.00,0.00,0.00,0.00,0.00,0.00,0.00,0.00,0.00,N/A
1766242800,Dec 20 2025 - 3:00pm,incomplete,9999,Tottenham Hotspur,Liverpool,N/A,17,3.00,0.00,3.00,0.00,0,0,0,0,0,0,"","",-1,-1,-1,-1,-1,-1,-1,-1,-1,-1,-1,-1,-1,-1,-1,-1,-1,-1,-1,-1,1.79,0.00,0.00,0.00,1.50,0,50,50,0,0,0,50,50,50,6.00,0.00,0.00,0.00,0.00,0.00,0.00,0.00,0.00,0.00,0.00,N/A
1766847600,Dec 27 2025 - 3:00pm,incomplete,24189,Crystal Palace,Tottenham Hotspur,N/A,18,0.00,0.00,0.00,0.00,0,0,0,0,0,0,"","",-1,-1,-1,-1,-1,-1,-1,-1,-1,-1,-1,-1,-1,-1,-1,-1,-1,-1,-1,-1,0.00,0.00,0.00,0.00,0.00,0,0,0,0,0,0,0,0,0,0.00,0.00,0.00,0.00,0.00,0.00,0.00,0.00,0.00,0.00,0.00,N/A
1766847600,Dec 27 2025 - 3:00pm,incomplete,21486,Burnley,Everton,N/A,18,0.00,0.00,0.00,0.00,0,0,0,0,0,0,"","",-1,-1,-1,-1,-1,-1,-1,-1,-1,-1,-1,-1,-1,-1,-1,-1,-1,-1,-1,-1,0.00,0.77,0.00,0.00,0.50,0,0,0,0,0,0,0,0,50,2.00,2.00,0.00,0.00,0.00,0.00,0.00,0.00,0.00,0.00,0.00,N/A
1766847600,Dec 27 2025 - 3:00pm,incomplete,62470,West Ham United,Fulham,N/A,18,0.00,1.00,0.00,1.00,0,0,0,0,0,0,"","",-1,-1,-1,-1,-1,-1,-1,-1,-1,-1,-1,-1,-1,-1,-1,-1,-1,-1,-1,-1,0.00,0.90,0.00,0.00,1.00,50,50,0,0,0,0,0,50,50,3.00,3.00,0.00,0.00,0.00,0.00,0.00,0.00,0.00,0.00,0.00,N/A
1766847600,Dec 27 2025 - 3:00pm,incomplete,42276,Sunderland,Leeds United,N/A,18,3.00,0.00,3.00,0.00,0,0,0,0,0,0,"","",-1,-1,-1,-1,-1,-1,-1,-1,-1,-1,-1,-1,-1,-1,-1,-1,-1,-1,-1,-1,1.19,0.00,0.00,0.00,1.50,0,50,50,0,0,0,0,50,50,5.00,0.00,0.00,0.00,0.00,0.00,0.00,0.00,0.00,0.00,0.00,N/A
1766847600,Dec 27 2025 - 3:00pm,incomplete,21327,Chelsea,Aston Villa,N/A,18,1.00,0.00,1.00,0.00,0,0,0,0,0,0,"","",-1,-1,-1,-1,-1,-1,-1,-1,-1,-1,-1,-1,-1,-1,-1,-1,-1,-1,-1,-1,1.77,0.00,0.00,0.00,0.00,0,0,0,0,0,0,0,0,0,11.00,2.00,0.00,0.00,0.00,0.00,0.00,0.00,0.00,0.00,0.00,N/A
1766847600,Dec 27 2025 - 3:00pm,incomplete,N/A,Nottingham Forest,Manchester City,N/A,18,3.00,3.00,3.00,3.00,0,0,0,0,0,0,"","",-1,-1,-1,-1,-1,-1,-1,-1,-1,-1,-1,-1,-1,-1,-1,-1,-1,-1,-1,-1,1.52,1.60,0.00,0.00,4.00,50,100,100,100,0,100,100,50,100,10.00,3.00,0.00,0.00,0.00,0.00,0.00,0.00,0.00,0.00,0.00,N/A
1766847600,Dec 27 2025 - 3:00pm,incomplete,73358,Manchester United,Newcastle United,N/A,18,0.00,1.00,0.00,1.00,0,0,0,0,0,0,"","",-1,-1,-1,-1,-1,-1,-1,-1,-1,-1,-1,-1,-1,-1,-1,-1,-1,-1,-1,-1,2.22,1.47,0.00,0.00,0.50,0,0,0,0,0,0,50,0,0,9.00,2.00,0.00,0.00,0.00,0.00,0.00,0.00,0.00,0.00,0.00,N/A
1766847600,Dec 27 2025 - 3:00pm,incomplete,17066,Brentford,AFC Bournemouth,N/A,18,0.00,0.00,0.00,0.00,0,0,0,0,0,0,"","",-1,-1,-1,-1,-1,-1,-1,-1,-1,-1,-1,-1,-1,-1,-1,-1,-1,-1,-1,-1,0.00,1.12,0.00,0.00,3.00,50,50,50,50,50,0,50,50,50,7.00,2.00,0.00,0.00,0.00,0.00,0.00,0.00,0.00,0.00,0.00,N/A
1766847600,Dec 27 2025 - 3:00pm,incomplete,60107,Liverpool,Wolverhampton Wanderers,N/A,18,3.00,0.00,3.00,0.00,0,0,0,0,0,0,"","",-1,-1,-1,-1,-1,-1,-1,-1,-1,-1,-1,-1,-1,-1,-1,-1,-1,-1,-1,-1,2.31,0.00,0.00,0.00,3.00,50,50,50,50,50,0,50,50,50,6.00,1.00,0.00,0.00,0.00,0.00,0.00,0.00,0.00,0.00,0.00,N/A
1766847600,Dec 27 2025 - 3:00pm,incomplete,45860,Arsenal,Brighton & Hove Albion,N/A,18,0.00,0.00,0.00,0.00,0,0,0,0,0,0,"","",-1,-1,-1,-1,-1,-1,-1,-1,-1,-1,-1,-1,-1,-1,-1,-1,-1,-1,-1,-1,0.00,0.00,0.00,0.00,0.00,0,0,0,0,0,0,0,0,0,0.00,0.00,0.00,0.00,0.00,0.00,0.00,0.00,0.00,0.00,0.00,N/A
1767124800,Dec 30 2025 - 8:00pm,incomplete,42276,Sunderland,Manchester City,N/A,19,3.00,3.00,3.00,3.00,0,0,0,0,0,0,"","",-1,-1,-1,-1,-1,-1,-1,-1,-1,-1,-1,-1,-1,-1,-1,-1,-1,-1,-1,-1,1.19,1.60,0.00,0.00,3.50,0,100,100,50,0,50,50,100,100,10.00,2.00,0.00,0.00,0.00,0.00,0.00,0.00,0.00,0.00,0.00,N/A
1767124800,Dec 30 2025 - 8:00pm,incomplete,24189,Crystal Palace,Fulham,N/A,19,0.00,1.00,0.00,1.00,0,0,0,0,0,0,"","",-1,-1,-1,-1,-1,-1,-1,-1,-1,-1,-1,-1,-1,-1,-1,-1,-1,-1,-1,-1,0.00,0.90,0.00,0.00,1.00,50,50,0,0,0,0,0,50,50,3.00,3.00,0.00,0.00,0.00,0.00,0.00,0.00,0.00,0.00,0.00,N/A
1767124800,Dec 30 2025 - 8:00pm,incomplete,60107,Liverpool,Leeds United,N/A,19,3.00,0.00,3.00,0.00,0,0,0,0,0,0,"","",-1,-1,-1,-1,-1,-1,-1,-1,-1,-1,-1,-1,-1,-1,-1,-1,-1,-1,-1,-1,2.31,0.00,0.00,0.00,3.00,50,50,50,50,50,0,50,50,50,6.00,1.00,0.00,0.00,0.00,0.00,0.00,0.00,0.00,0.00,0.00,N/A
1767124800,Dec 30 2025 - 8:00pm,incomplete,21486,Burnley,Newcastle United,N/A,19,0.00,1.00,0.00,1.00,0,0,0,0,0,0,"","",-1,-1,-1,-1,-1,-1,-1,-1,-1,-1,-1,-1,-1,-1,-1,-1,-1,-1,-1,-1,0.00,1.47,0.00,0.00,0.00,0,0,0,0,0,0,0,0,0,6.00,1.00,0.00,0.00,0.00,0.00,0.00,0.00,0.00,0.00,0.00,N/A
1767124800,Dec 30 2025 - 8:00pm,incomplete,N/A,Nottingham Forest,Everton,N/A,19,3.00,0.00,3.00,0.00,0,0,0,0,0,0,"","",-1,-1,-1,-1,-1,-1,-1,-1,-1,-1,-1,-1,-1,-1,-1,-1,-1,-1,-1,-1,1.52,0.77,0.00,0.00,2.50,50,50,50,50,0,50,50,0,100,7.00,3.00,0.00,0.00,0.00,0.00,0.00,0.00,0.00,0.00,0.00,N/A
1767124800,Dec 30 2025 - 8:00pm,incomplete,62470,West Ham United,Brighton & Hove Albion,N/A,19,0.00,0.00,0.00,0.00,0,0,0,0,0,0,"","",-1,-1,-1,-1,-1,-1,-1,-1,-1,-1,-1,-1,-1,-1,-1,-1,-1,-1,-1,-1,0.00,0.00,0.00,0.00,0.00,0,0,0,0,0,0,0,0,0,0.00,0.00,0.00,0.00,0.00,0.00,0.00,0.00,0.00,0.00,0.00,N/A
1767124800,Dec 30 2025 - 8:00pm,incomplete,17066,Brentford,Tottenham Hotspur,N/A,19,0.00,0.00,0.00,0.00,0,0,0,0,0,0,"","",-1,-1,-1,-1,-1,-1,-1,-1,-1,-1,-1,-1,-1,-1,-1,-1,-1,-1,-1,-1,0.00,0.00,0.00,0.00,0.00,0,0,0,0,0,0,0,0,0,0.00,0.00,0.00,0.00,0.00,0.00,0.00,0.00,0.00,0.00,0.00,N/A
1767124800,Dec 30 2025 - 8:00pm,incomplete,73358,Manchester United,Wolverhampton Wanderers,N/A,19,0.00,0.00,0.00,0.00,0,0,0,0,0,0,"","",-1,-1,-1,-1,-1,-1,-1,-1,-1,-1,-1,-1,-1,-1,-1,-1,-1,-1,-1,-1,2.22,0.00,0.00,0.00,0.50,0,0,0,0,0,0,50,0,0,3.00,1.00,0.00,0.00,0.00,0.00,0.00,0.00,0.00,0.00,0.00,N/A
1767124800,Dec 30 2025 - 8:00pm,incomplete,21327,Chelsea,AFC Bournemouth,N/A,19,1.00,0.00,1.00,0.00,0,0,0,0,0,0,"","",-1,-1,-1,-1,-1,-1,-1,-1,-1,-1,-1,-1,-1,-1,-1,-1,-1,-1,-1,-1,1.77,1.12,0.00,0.00,3.00,50,50,50,50,50,0,50,50,50,18.00,4.00,0.00,0.00,0.00,0.00,0.00,0.00,0.00,0.00,0.00,N/A
1767124800,Dec 30 2025 - 8:00pm,incomplete,45860,Arsenal,Aston Villa,N/A,19,0.00,0.00,0.00,0.00,0,0,0,0,0,0,"","",-1,-1,-1,-1,-1,-1,-1,-1,-1,-1,-1,-1,-1,-1,-1,-1,-1,-1,-1,-1,0.00,0.00,0.00,0.00,0.00,0,0,0,0,0,0,0,0,0,0.00,0.00,0.00,0.00,0.00,0.00,0.00,0.00,0.00,0.00,0.00,N/A
1767452400,Jan 03 2026 - 3:00pm,incomplete,N/A,Everton,Brentford,N/A,20,0.00,0.00,0.00,0.00,0,0,0,0,0,0,"","",-1,-1,-1,-1,-1,-1,-1,-1,-1,-1,-1,-1,-1,-1,-1,-1,-1,-1,-1,-1,0.00,1.05,0.00,0.00,2.00,50,50,50,50,0,50,50,0,50,5.00,2.00,0.00,0.00,0.00,0.00,0.00,0.00,0.00,0.00,0.00,N/A
1767452400,Jan 03 2026 - 3:00pm,incomplete,N/A,Leeds United,Manchester United,N/A,20,3.00,0.00,3.00,0.00,0,0,0,0,0,0,"","",-1,-1,-1,-1,-1,-1,-1,-1,-1,-1,-1,-1,-1,-1,-1,-1,-1,-1,-1,-1,1.95,0.00,0.00,0.00,0.50,0,0,0,0,0,0,0,0,50,7.00,0.00,0.00,0.00,0.00,0.00,0.00,0.00,0.00,0.00,0.00,N/A
1767452400,Jan 03 2026 - 3:00pm,incomplete,31235,Wolverhampton Wanderers,West Ham United,N/A,20,0.00,0.00,0.00,0.00,0,0,0,0,0,0,"","",-1,-1,-1,-1,-1,-1,-1,-1,-1,-1,-1,-1,-1,-1,-1,-1,-1,-1,-1,-1,1.04,1.45,0.00,0.00,3.50,0,100,100,50,0,50,50,100,100,11.00,2.00,0.00,0.00,0.00,0.00,0.00,0.00,0.00,0.00,0.00,N/A
1767452400,Jan 03 2026 - 3:00pm,incomplete,25401,Fulham,Liverpool,N/A,20,0.00,0.00,0.00,0.00,0,0,0,0,0,0,"","",-1,-1,-1,-1,-1,-1,-1,-1,-1,-1,-1,-1,-1,-1,-1,-1,-1,-1,-1,-1,0.00,0.00,0.00,0.00,0.00,0,0,0,0,0,0,0,0,0,0.00,0.00,0.00,0.00,0.00,0.00,0.00,0.00,0.00,0.00,0.00,N/A
1767452400,Jan 03 2026 - 3:00pm,incomplete,11161,AFC Bournemouth,Arsenal,N/A,20,0.00,3.00,0.00,3.00,0,0,0,0,0,0,"","",-1,-1,-1,-1,-1,-1,-1,-1,-1,-1,-1,-1,-1,-1,-1,-1,-1,-1,-1,-1,0.00,1.09,0.00,0.00,0.50,0,0,0,0,0,0,50,0,0,4.00,4.00,0.00,0.00,0.00,0.00,0.00,0.00,0.00,0.00,0.00,N/A
1767452400,Jan 03 2026 - 3:00pm,incomplete,52196,Newcastle United,Crystal Palace,N/A,20,0.00,1.00,0.00,1.00,0,0,0,0,0,0,"","",-1,-1,-1,-1,-1,-1,-1,-1,-1,-1,-1,-1,-1,-1,-1,-1,-1,-1,-1,-1,0.00,1.19,0.00,0.00,0.00,0,0,0,0,0,0,0,0,0,2.00,3.00,0.00,0.00,0.00,0.00,0.00,0.00,0.00,0.00,0.00,N/A
1767452400,Jan 03 2026 - 3:00pm,incomplete,9999,Tottenham Hotspur,Sunderland,N/A,20,3.00,0.00,3.00,0.00,0,0,0,0,0,0,"","",-1,-1,-1,-1,-1,-1,-1,-1,-1,-1,-1,-1,-1,-1,-1,-1,-1,-1,-1,-1,1.79,0.00,0.00,0.00,1.50,0,50,50,0,0,0,50,50,50,6.00,0.00,0.00,0.00,0.00,0.00,0.00,0.00,0.00,0.00,0.00,N/A
1767452400,Jan 03 2026 - 3:00pm,incomplete,2907,Aston Villa,Nottingham Forest,N/A,20,1.00,0.00,1.00,0.00,0,0,0,0,0,0,"","",-1,-1,-1,-1,-1,-1,-1,-1,-1,-1,-1,-1,-1,-1,-1,-1,-1,-1,-1,-1,0.69,0.00,0.00,0.00,0.00,0,0,0,0,0,0,0,0,0,3.00,3.00,0.00,0.00,0.00,0.00,0.00,0.00,0.00,0.00,0.00,N/A
1767452400,Jan 03 2026 - 3:00pm,incomplete,31872,Brighton & Hove Albion,Burnley,N/A,20,1.00,0.00,1.00,0.00,0,0,0,0,0,0,"","",-1,-1,-1,-1,-1,-1,-1,-1,-1,-1,-1,-1,-1,-1,-1,-1,-1,-1,-1,-1,1.20,1.41,0.00,0.00,2.50,50,100,50,0,0,0,50,100,100,9.00,3.00,0.00,0.00,0.00,0.00,0.00,0.00,0.00,0.00,0.00,N/A
1767452400,Jan 03 2026 - 3:00pm,incomplete,11302,Manchester City,Chelsea,N/A,20,0.00,0.00,0.00,0.00,0,0,0,0,0,0,"","",-1,-1,-1,-1,-1,-1,-1,-1,-1,-1,-1,-1,-1,-1,-1,-1,-1,-1,-1,-1,0.00,0.00,0.00,0.00,0.00,0,0,0,0,0,0,0,0,0,0.00,0.00,0.00,0.00,0.00,0.00,0.00,0.00,0.00,0.00,0.00,N/A
1767816000,Jan 07 2026 - 8:00pm,incomplete,45860,Arsenal,Liverpool,N/A,21,0.00,0.00,0.00,0.00,0,0,0,0,0,0,"","",-1,-1,-1,-1,-1,-1,-1,-1,-1,-1,-1,-1,-1,-1,-1,-1,-1,-1,-1,-1,0.00,0.00,0.00,0.00,0.00,0,0,0,0,0,0,0,0,0,0.00,0.00,0.00,0.00,0.00,0.00,0.00,0.00,0.00,0.00,0.00,N/A
1767816000,Jan 07 2026 - 8:00pm,incomplete,N/A,Everton,Wolverhampton Wanderers,N/A,21,0.00,0.00,0.00,0.00,0,0,0,0,0,0,"","",-1,-1,-1,-1,-1,-1,-1,-1,-1,-1,-1,-1,-1,-1,-1,-1,-1,-1,-1,-1,0.00,0.00,0.00,0.00,0.00,0,0,0,0,0,0,0,0,0,0.00,0.00,0.00,0.00,0.00,0.00,0.00,0.00,0.00,0.00,0.00,N/A
1767816000,Jan 07 2026 - 8:00pm,incomplete,62470,West Ham United,Nottingham Forest,N/A,21,0.00,0.00,0.00,0.00,0,0,0,0,0,0,"","",-1,-1,-1,-1,-1,-1,-1,-1,-1,-1,-1,-1,-1,-1,-1,-1,-1,-1,-1,-1,0.00,0.00,0.00,0.00,0.00,0,0,0,0,0,0,0,0,0,0.00,0.00,0.00,0.00,0.00,0.00,0.00,0.00,0.00,0.00,0.00,N/A
1767816000,Jan 07 2026 - 8:00pm,incomplete,52196,Newcastle United,Leeds United,N/A,21,0.00,0.00,0.00,0.00,0,0,0,0,0,0,"","",-1,-1,-1,-1,-1,-1,-1,-1,-1,-1,-1,-1,-1,-1,-1,-1,-1,-1,-1,-1,0.00,0.00,0.00,0.00,0.00,0,0,0,0,0,0,0,0,0,0.00,0.00,0.00,0.00,0.00,0.00,0.00,0.00,0.00,0.00,0.00,N/A
1767816000,Jan 07 2026 - 8:00pm,incomplete,11161,AFC Bournemouth,Tottenham Hotspur,N/A,21,0.00,0.00,0.00,0.00,0,0,0,0,0,0,"","",-1,-1,-1,-1,-1,-1,-1,-1,-1,-1,-1,-1,-1,-1,-1,-1,-1,-1,-1,-1,0.00,0.00,0.00,0.00,0.00,0,0,0,0,0,0,0,0,0,0.00,0.00,0.00,0.00,0.00,0.00,0.00,0.00,0.00,0.00,0.00,N/A
1767816000,Jan 07 2026 - 8:00pm,incomplete,17066,Brentford,Sunderland,N/A,21,0.00,0.00,0.00,0.00,0,0,0,0,0,0,"","",-1,-1,-1,-1,-1,-1,-1,-1,-1,-1,-1,-1,-1,-1,-1,-1,-1,-1,-1,-1,0.00,0.00,0.00,0.00,0.00,0,0,0,0,0,0,0,0,0,0.00,0.00,0.00,0.00,0.00,0.00,0.00,0.00,0.00,0.00,0.00,N/A
1767816000,Jan 07 2026 - 8:00pm,incomplete,24189,Crystal Palace,Aston Villa,N/A,21,0.00,0.00,0.00,0.00,0,0,0,0,0,0,"","",-1,-1,-1,-1,-1,-1,-1,-1,-1,-1,-1,-1,-1,-1,-1,-1,-1,-1,-1,-1,0.00,0.00,0.00,0.00,0.00,0,0,0,0,0,0,0,0,0,0.00,0.00,0.00,0.00,0.00,0.00,0.00,0.00,0.00,0.00,0.00,N/A
1767816000,Jan 07 2026 - 8:00pm,incomplete,25401,Fulham,Chelsea,N/A,21,0.00,0.00,0.00,0.00,0,0,0,0,0,0,"","",-1,-1,-1,-1,-1,-1,-1,-1,-1,-1,-1,-1,-1,-1,-1,-1,-1,-1,-1,-1,0.00,0.00,0.00,0.00,0.00,0,0,0,0,0,0,0,0,0,0.00,0.00,0.00,0.00,0.00,0.00,0.00,0.00,0.00,0.00,0.00,N/A
1767816000,Jan 07 2026 - 8:00pm,incomplete,21486,Burnley,Manchester United,N/A,21,0.00,0.00,0.00,0.00,0,0,0,0,0,0,"","",-1,-1,-1,-1,-1,-1,-1,-1,-1,-1,-1,-1,-1,-1,-1,-1,-1,-1,-1,-1,0.00,0.00,0.00,0.00,0.00,0,0,0,0,0,0,0,0,0,0.00,0.00,0.00,0.00,0.00,0.00,0.00,0.00,0.00,0.00,0.00,N/A
1767816000,Jan 07 2026 - 8:00pm,incomplete,11302,Manchester City,Brighton & Hove Albion,N/A,21,0.00,0.00,0.00,0.00,0,0,0,0,0,0,"","",-1,-1,-1,-1,-1,-1,-1,-1,-1,-1,-1,-1,-1,-1,-1,-1,-1,-1,-1,-1,0.00,0.00,0.00,0.00,0.00,0,0,0,0,0,0,0,0,0,0.00,0.00,0.00,0.00,0.00,0.00,0.00,0.00,0.00,0.00,0.00,N/A
1768662000,Jan 17 2026 - 3:00pm,incomplete,42276,Sunderland,Crystal Palace,N/A,22,3.00,1.00,3.00,1.00,0,0,0,0,0,0,"","",-1,-1,-1,-1,-1,-1,-1,-1,-1,-1,-1,-1,-1,-1,-1,-1,-1,-1,-1,-1,1.19,1.19,0.00,0.00,1.50,0,50,50,0,0,0,0,50,50,7.00,3.00,0.00,0.00,0.00,0.00,0.00,0.00,0.00,0.00,0.00,N/A
1768662000,Jan 17 2026 - 3:00pm,incomplete,31235,Wolverhampton Wanderers,Newcastle United,N/A,22,0.00,1.00,0.00,1.00,0,0,0,0,0,0,"","",-1,-1,-1,-1,-1,-1,-1,-1,-1,-1,-1,-1,-1,-1,-1,-1,-1,-1,-1,-1,1.04,1.47,0.00,0.00,2.00,0,50,50,50,0,50,50,50,50,10.00,2.00,0.00,0.00,0.00,0.00,0.00,0.00,0.00,0.00,0.00,N/A
1768662000,Jan 17 2026 - 3:00pm,incomplete,73358,Manchester United,Manchester City,N/A,22,0.00,3.00,0.00,3.00,0,0,0,0,0,0,"","",-1,-1,-1,-1,-1,-1,-1,-1,-1,-1,-1,-1,-1,-1,-1,-1,-1,-1,-1,-1,2.22,1.60,0.00,0.00,2.50,0,50,50,50,0,50,100,50,50,8.00,3.00,0.00,0.00,0.00,0.00,0.00,0.00,0.00,0.00,0.00,N/A
1768662000,Jan 17 2026 - 3:00pm,incomplete,N/A,Leeds United,Fulham,N/A,22,3.00,1.00,3.00,1.00,0,0,0,0,0,0,"","",-1,-1,-1,-1,-1,-1,-1,-1,-1,-1,-1,-1,-1,-1,-1,-1,-1,-1,-1,-1,1.95,0.90,0.00,0.00,1.50,50,50,0,0,0,0,0,50,100,10.00,3.00,0.00,0.00,0.00,0.00,0.00,0.00,0.00,0.00,0.00,N/A
1768662000,Jan 17 2026 - 3:00pm,incomplete,21327,Chelsea,Brentford,N/A,22,1.00,0.00,1.00,0.00,0,0,0,0,0,0,"","",-1,-1,-1,-1,-1,-1,-1,-1,-1,-1,-1,-1,-1,-1,-1,-1,-1,-1,-1,-1,1.77,1.05,0.00,0.00,2.00,50,50,50,50,0,50,50,0,50,16.00,4.00,0.00,0.00,0.00,0.00,0.00,0.00,0.00,0.00,0.00,N/A
1768662000,Jan 17 2026 - 3:00pm,incomplete,2907,Aston Villa,Everton,N/A,22,1.00,0.00,1.00,0.00,0,0,0,0,0,0,"","",-1,-1,-1,-1,-1,-1,-1,-1,-1,-1,-1,-1,-1,-1,-1,-1,-1,-1,-1,-1,0.69,0.77,0.00,0.00,0.50,0,0,0,0,0,0,0,0,50,5.00,5.00,0.00,0.00,0.00,0.00,0.00,0.00,0.00,0.00,0.00,N/A
1768662000,Jan 17 2026 - 3:00pm,incomplete,31872,Brighton & Hove Albion,AFC Bournemouth,N/A,22,1.00,0.00,1.00,0.00,0,0,0,0,0,0,"","",-1,-1,-1,-1,-1,-1,-1,-1,-1,-1,-1,-1,-1,-1,-1,-1,-1,-1,-1,-1,1.20,1.12,0.00,0.00,4.00,100,100,50,50,50,0,50,100,100,11.00,5.00,0.00,0.00,0.00,0.00,0.00,0.00,0.00,0.00,0.00,N/A
1768662000,Jan 17 2026 - 3:00pm,incomplete,9999,Tottenham Hotspur,West Ham United,N/A,22,3.00,0.00,3.00,0.00,0,0,0,0,0,0,"","",-1,-1,-1,-1,-1,-1,-1,-1,-1,-1,-1,-1,-1,-1,-1,-1,-1,-1,-1,-1,1.79,1.45,0.00,0.00,3.00,0,100,100,0,0,0,50,100,100,13.00,1.00,0.00,0.00,0.00,0.00,0.00,0.00,0.00,0.00,0.00,N/A
1768662000,Jan 17 2026 - 3:00pm,incomplete,60107,Liverpool,Burnley,N/A,22,3.00,0.00,3.00,0.00,0,0,0,0,0,0,"","",-1,-1,-1,-1,-1,-1,-1,-1,-1,-1,-1,-1,-1,-1,-1,-1,-1,-1,-1,-1,2.31,1.41,0.00,0.00,4.50,50,100,100,50,50,0,100,100,100,11.00,1.00,0.00,0.00,0.00,0.00,0.00,0.00,0.00,0.00,0.00,N/A
1768662000,Jan 17 2026 - 3:00pm,incomplete,N/A,Nottingham Forest,Arsenal,N/A,22,3.00,3.00,3.00,3.00,0,0,0,0,0,0,"","",-1,-1,-1,-1,-1,-1,-1,-1,-1,-1,-1,-1,-1,-1,-1,-1,-1,-1,-1,-1,1.52,1.09,0.00,0.00,2.50,50,50,50,50,0,50,100,0,50,9.00,5.00,0.00,0.00,0.00,0.00,0.00,0.00,0.00,0.00,0.00,N/A
1769266800,Jan 24 2026 - 3:00pm,incomplete,11161,AFC Bournemouth,Liverpool,N/A,23,0.00,0.00,0.00,0.00,0,0,0,0,0,0,"","",-1,-1,-1,-1,-1,-1,-1,-1,-1,-1,-1,-1,-1,-1,-1,-1,-1,-1,-1,-1,0.00,0.00,0.00,0.00,0.00,0,0,0,0,0,0,0,0,0,0.00,0.00,0.00,0.00,0.00,0.00,0.00,0.00,0.00,0.00,0.00,N/A
1769266800,Jan 24 2026 - 3:00pm,incomplete,25401,Fulham,Brighton & Hove Albion,N/A,23,0.00,0.00,0.00,0.00,0,0,0,0,0,0,"","",-1,-1,-1,-1,-1,-1,-1,-1,-1,-1,-1,-1,-1,-1,-1,-1,-1,-1,-1,-1,0.00,0.00,0.00,0.00,0.00,0,0,0,0,0,0,0,0,0,0.00,0.00,0.00,0.00,0.00,0.00,0.00,0.00,0.00,0.00,0.00,N/A
1769266800,Jan 24 2026 - 3:00pm,incomplete,21486,Burnley,Tottenham Hotspur,N/A,23,0.00,0.00,0.00,0.00,0,0,0,0,0,0,"","",-1,-1,-1,-1,-1,-1,-1,-1,-1,-1,-1,-1,-1,-1,-1,-1,-1,-1,-1,-1,0.00,0.00,0.00,0.00,0.00,0,0,0,0,0,0,0,0,0,0.00,0.00,0.00,0.00,0.00,0.00,0.00,0.00,0.00,0.00,0.00,N/A
1769266800,Jan 24 2026 - 3:00pm,incomplete,24189,Crystal Palace,Chelsea,N/A,23,0.00,0.00,0.00,0.00,0,0,0,0,0,0,"","",-1,-1,-1,-1,-1,-1,-1,-1,-1,-1,-1,-1,-1,-1,-1,-1,-1,-1,-1,-1,0.00,0.00,0.00,0.00,0.00,0,0,0,0,0,0,0,0,0,0.00,0.00,0.00,0.00,0.00,0.00,0.00,0.00,0.00,0.00,0.00,N/A
1769266800,Jan 24 2026 - 3:00pm,incomplete,11302,Manchester City,Wolverhampton Wanderers,N/A,23,0.00,0.00,0.00,0.00,0,0,0,0,0,0,"","",-1,-1,-1,-1,-1,-1,-1,-1,-1,-1,-1,-1,-1,-1,-1,-1,-1,-1,-1,-1,0.00,0.00,0.00,0.00,0.00,0,0,0,0,0,0,0,0,0,0.00,0.00,0.00,0.00,0.00,0.00,0.00,0.00,0.00,0.00,0.00,N/A
1769266800,Jan 24 2026 - 3:00pm,incomplete,62470,West Ham United,Sunderland,N/A,23,0.00,0.00,0.00,0.00,0,0,0,0,0,0,"","",-1,-1,-1,-1,-1,-1,-1,-1,-1,-1,-1,-1,-1,-1,-1,-1,-1,-1,-1,-1,0.00,0.00,0.00,0.00,0.00,0,0,0,0,0,0,0,0,0,0.00,0.00,0.00,0.00,0.00,0.00,0.00,0.00,0.00,0.00,0.00,N/A
1769266800,Jan 24 2026 - 3:00pm,incomplete,N/A,Everton,Leeds United,N/A,23,0.00,0.00,0.00,0.00,0,0,0,0,0,0,"","",-1,-1,-1,-1,-1,-1,-1,-1,-1,-1,-1,-1,-1,-1,-1,-1,-1,-1,-1,-1,0.00,0.00,0.00,0.00,0.00,0,0,0,0,0,0,0,0,0,0.00,0.00,0.00,0.00,0.00,0.00,0.00,0.00,0.00,0.00,0.00,N/A
1769266800,Jan 24 2026 - 3:00pm,incomplete,52196,Newcastle United,Aston Villa,N/A,23,0.00,0.00,0.00,0.00,0,0,0,0,0,0,"","",-1,-1,-1,-1,-1,-1,-1,-1,-1,-1,-1,-1,-1,-1,-1,-1,-1,-1,-1,-1,0.00,0.00,0.00,0.00,0.00,0,0,0,0,0,0,0,0,0,0.00,0.00,0.00,0.00,0.00,0.00,0.00,0.00,0.00,0.00,0.00,N/A
1769266800,Jan 24 2026 - 3:00pm,incomplete,45860,Arsenal,Manchester United,N/A,23,0.00,0.00,0.00,0.00,0,0,0,0,0,0,"","",-1,-1,-1,-1,-1,-1,-1,-1,-1,-1,-1,-1,-1,-1,-1,-1,-1,-1,-1,-1,0.00,0.00,0.00,0.00,0.00,0,0,0,0,0,0,0,0,0,0.00,0.00,0.00,0.00,0.00,0.00,0.00,0.00,0.00,0.00,0.00,N/A
1769266800,Jan 24 2026 - 3:00pm,incomplete,17066,Brentford,Nottingham Forest,N/A,23,0.00,0.00,0.00,0.00,0,0,0,0,0,0,"","",-1,-1,-1,-1,-1,-1,-1,-1,-1,-1,-1,-1,-1,-1,-1,-1,-1,-1,-1,-1,0.00,0.00,0.00,0.00,0.00,0,0,0,0,0,0,0,0,0,0.00,0.00,0.00,0.00,0.00,0.00,0.00,0.00,0.00,0.00,0.00,N/A
1769871600,Jan 31 2026 - 3:00pm,incomplete,60107,Liverpool,Newcastle United,N/A,24,3.00,1.00,3.00,1.00,0,0,0,0,0,0,"","",-1,-1,-1,-1,-1,-1,-1,-1,-1,-1,-1,-1,-1,-1,-1,-1,-1,-1,-1,-1,2.31,1.47,0.00,0.00,3.00,50,50,50,50,50,0,50,50,50,12.00,2.00,0.00,0.00,0.00,0.00,0.00,0.00,0.00,0.00,0.00,N/A
1769871600,Jan 31 2026 - 3:00pm,incomplete,2907,Aston Villa,Brentford,N/A,24,1.00,0.00,1.00,0.00,0,0,0,0,0,0,"","",-1,-1,-1,-1,-1,-1,-1,-1,-1,-1,-1,-1,-1,-1,-1,-1,-1,-1,-1,-1,0.69,1.05,0.00,0.00,2.00,50,50,50,50,0,50,50,0,50,8.00,5.00,0.00,0.00,0.00,0.00,0.00,0.00,0.00,0.00,0.00,N/A
1769871600,Jan 31 2026 - 3:00pm,incomplete,N/A,Nottingham Forest,Crystal Palace,N/A,24,3.00,1.00,3.00,1.00,0,0,0,0,0,0,"","",-1,-1,-1,-1,-1,-1,-1,-1,-1,-1,-1,-1,-1,-1,-1,-1,-1,-1,-1,-1,1.52,1.19,0.00,0.00,2.00,50,50,50,50,0,50,50,0,50,7.00,4.00,0.00,0.00,0.00,0.00,0.00,0.00,0.00,0.00,0.00,N/A
1769871600,Jan 31 2026 - 3:00pm,incomplete,9999,Tottenham Hotspur,Manchester City,N/A,24,3.00,3.00,3.00,3.00,0,0,0,0,0,0,"","",-1,-1,-1,-1,-1,-1,-1,-1,-1,-1,-1,-1,-1,-1,-1,-1,-1,-1,-1,-1,1.79,1.60,0.00,0.00,3.50,0,100,100,50,0,50,100,100,100,11.00,2.00,0.00,0.00,0.00,0.00,0.00,0.00,0.00,0.00,0.00,N/A
1769871600,Jan 31 2026 - 3:00pm,incomplete,21327,Chelsea,West Ham United,N/A,24,1.00,0.00,1.00,0.00,0,0,0,0,0,0,"","",-1,-1,-1,-1,-1,-1,-1,-1,-1,-1,-1,-1,-1,-1,-1,-1,-1,-1,-1,-1,1.77,1.45,0.00,0.00,1.50,0,50,50,0,0,0,0,50,50,18.00,3.00,0.00,0.00,0.00,0.00,0.00,0.00,0.00,0.00,0.00,N/A
1769871600,Jan 31 2026 - 3:00pm,incomplete,73358,Manchester United,Fulham,N/A,24,0.00,1.00,0.00,1.00,0,0,0,0,0,0,"","",-1,-1,-1,-1,-1,-1,-1,-1,-1,-1,-1,-1,-1,-1,-1,-1,-1,-1,-1,-1,2.22,0.90,0.00,0.00,1.50,50,50,0,0,0,0,50,50,50,6.00,4.00,0.00,0.00,0.00,0.00,0.00,0.00,0.00,0.00,0.00,N/A
1769871600,Jan 31 2026 - 3:00pm,incomplete,42276,Sunderland,Burnley,N/A,24,3.00,0.00,3.00,0.00,0,0,0,0,0,0,"","",-1,-1,-1,-1,-1,-1,-1,-1,-1,-1,-1,-1,-1,-1,-1,-1,-1,-1,-1,-1,1.19,1.41,0.00,0.00,3.00,0,100,100,0,0,0,50,100,100,10.00,0.00,0.00,0.00,0.00,0.00,0.00,0.00,0.00,0.00,0.00,N/A
1769871600,Jan 31 2026 - 3:00pm,incomplete,31235,Wolverhampton Wanderers,AFC Bournemouth,N/A,24,0.00,0.00,0.00,0.00,0,0,0,0,0,0,"","",-1,-1,-1,-1,-1,-1,-1,-1,-1,-1,-1,-1,-1,-1,-1,-1,-1,-1,-1,-1,1.04,1.12,0.00,0.00,5.00,50,100,100,100,50,50,100,100,100,11.00,3.00,0.00,0.00,0.00,0.00,0.00,0.00,0.00,0.00,0.00,N/A
1769871600,Jan 31 2026 - 3:00pm,incomplete,31872,Brighton & Hove Albion,Everton,N/A,24,1.00,0.00,1.00,0.00,0,0,0,0,0,0,"","",-1,-1,-1,-1,-1,-1,-1,-1,-1,-1,-1,-1,-1,-1,-1,-1,-1,-1,-1,-1,1.20,0.77,0.00,0.00,1.50,50,50,0,0,0,0,0,50,100,6.00,5.00,0.00,0.00,0.00,0.00,0.00,0.00,0.00,0.00,0.00,N/A
1769871600,Jan 31 2026 - 3:00pm,incomplete,36347,Leeds United,Arsenal,N/A,24,3.00,3.00,3.00,3.00,0,0,0,0,0,0,"","",-1,-1,-1,-1,-1,-1,-1,-1,-1,-1,-1,-1,-1,-1,-1,-1,-1,-1,-1,-1,1.95,1.09,0.00,0.00,1.00,0,0,0,0,0,0,50,0,50,11.00,4.00,0.00,0.00,0.00,0.00,0.00,0.00,0.00,0.00,0.00,N/A
1770476400,Feb 07 2026 - 3:00pm,incomplete,11161,AFC Bournemouth,Aston Villa,N/A,25,0.00,0.00,0.00,0.00,0,0,0,0,0,0,"","",-1,-1,-1,-1,-1,-1,-1,-1,-1,-1,-1,-1,-1,-1,-1,-1,-1,-1,-1,-1,0.00,0.00,0.00,0.00,0.00,0,0,0,0,0,0,0,0,0,0.00,0.00,0.00,0.00,0.00,0.00,0.00,0.00,0.00,0.00,0.00,N/A
1770476400,Feb 07 2026 - 3:00pm,incomplete,52196,Newcastle United,Brentford,N/A,25,0.00,0.00,0.00,0.00,0,0,0,0,0,0,"","",-1,-1,-1,-1,-1,-1,-1,-1,-1,-1,-1,-1,-1,-1,-1,-1,-1,-1,-1,-1,0.00,1.05,0.00,0.00,2.00,50,50,50,50,0,50,50,0,50,5.00,2.00,0.00,0.00,0.00,0.00,0.00,0.00,0.00,0.00,0.00,N/A
1770476400,Feb 07 2026 - 3:00pm,incomplete,25401,Fulham,Everton,N/A,25,0.00,0.00,0.00,0.00,0,0,0,0,0,0,"","",-1,-1,-1,-1,-1,-1,-1,-1,-1,-1,-1,-1,-1,-1,-1,-1,-1,-1,-1,-1,0.00,0.77,0.00,0.00,0.50,0,0,0,0,0,0,0,0,50,2.00,2.00,0.00,0.00,0.00,0.00,0.00,0.00,0.00,0.00,0.00,N/A
1770476400,Feb 07 2026 - 3:00pm,incomplete,60107,Liverpool,Manchester City,N/A,25,3.00,3.00,3.00,3.00,0,0,0,0,0,0,"","",-1,-1,-1,-1,-1,-1,-1,-1,-1,-1,-1,-1,-1,-1,-1,-1,-1,-1,-1,-1,2.31,1.60,0.00,0.00,5.00,50,100,100,100,50,50,100,100,100,11.00,3.00,0.00,0.00,0.00,0.00,0.00,0.00,0.00,0.00,0.00,N/A
1770476400,Feb 07 2026 - 3:00pm,incomplete,N/A,Leeds United,Nottingham Forest,N/A,25,3.00,0.00,3.00,0.00,0,0,0,0,0,0,"","",-1,-1,-1,-1,-1,-1,-1,-1,-1,-1,-1,-1,-1,-1,-1,-1,-1,-1,-1,-1,1.95,0.00,0.00,0.00,0.50,0,0,0,0,0,0,0,0,50,7.00,0.00,0.00,0.00,0.00,0.00,0.00,0.00,0.00,0.00,0.00,N/A
1770476400,Feb 07 2026 - 3:00pm,incomplete,21486,Burnley,West Ham United,N/A,25,0.00,0.00,0.00,0.00,0,0,0,0,0,0,"","",-1,-1,-1,-1,-1,-1,-1,-1,-1,-1,-1,-1,-1,-1,-1,-1,-1,-1,-1,-1,0.00,1.45,0.00,0.00,1.50,0,50,50,0,0,0,0,50,50,7.00,1.00,0.00,0.00,0.00,0.00,0.00,0.00,0.00,0.00,0.00,N/A
1770476400,Feb 07 2026 - 3:00pm,incomplete,31872,Brighton & Hove Albion,Crystal Palace,N/A,25,1.00,1.00,1.00,1.00,0,0,0,0,0,0,"","",-1,-1,-1,-1,-1,-1,-1,-1,-1,-1,-1,-1,-1,-1,-1,-1,-1,-1,-1,-1,1.20,1.19,0.00,0.00,1.00,50,50,0,0,0,0,0,50,50,6.00,6.00,0.00,0.00,0.00,0.00,0.00,0.00,0.00,0.00,0.00,N/A
1770476400,Feb 07 2026 - 3:00pm,incomplete,73358,Manchester United,Tottenham Hotspur,N/A,25,0.00,0.00,0.00,0.00,0,0,0,0,0,0,"","",-1,-1,-1,-1,-1,-1,-1,-1,-1,-1,-1,-1,-1,-1,-1,-1,-1,-1,-1,-1,2.22,0.00,0.00,0.00,0.50,0,0,0,0,0,0,50,0,0,3.00,1.00,0.00,0.00,0.00,0.00,0.00,0.00,0.00,0.00,0.00,N/A
1770476400,Feb 07 2026 - 3:00pm,incomplete,31235,Wolverhampton Wanderers,Chelsea,N/A,25,0.00,0.00,0.00,0.00,0,0,0,0,0,0,"","",-1,-1,-1,-1,-1,-1,-1,-1,-1,-1,-1,-1,-1,-1,-1,-1,-1,-1,-1,-1,1.04,0.00,0.00,0.00,2.00,0,50,50,50,0,50,50,50,50,4.00,1.00,0.00,0.00,0.00,0.00,0.00,0.00,0.00,0.00,0.00,N/A
1770476400,Feb 07 2026 - 3:00pm,incomplete,45860,Arsenal,Sunderland,N/A,25,0.00,0.00,0.00,0.00,0,0,0,0,0,0,"","",-1,-1,-1,-1,-1,-1,-1,-1,-1,-1,-1,-1,-1,-1,-1,-1,-1,-1,-1,-1,0.00,0.00,0.00,0.00,0.00,0,0,0,0,0,0,0,0,0,0.00,0.00,0.00,0.00,0.00,0.00,0.00,0.00,0.00,0.00,0.00,N/A
1770840000,Feb 11 2026 - 8:00pm,incomplete,N/A,Everton,AFC Bournemouth,N/A,26,0.00,0.00,0.00,0.00,0,0,0,0,0,0,"","",-1,-1,-1,-1,-1,-1,-1,-1,-1,-1,-1,-1,-1,-1,-1,-1,-1,-1,-1,-1,0.00,1.12,0.00,0.00,3.00,50,50,50,50,50,0,50,50,50,7.00,2.00,0.00,0.00,0.00,0.00,0.00,0.00,0.00,0.00,0.00,N/A
1770840000,Feb 11 2026 - 8:00pm,incomplete,N/A,Nottingham Forest,Wolverhampton Wanderers,N/A,26,3.00,0.00,3.00,0.00,0,0,0,0,0,0,"","",-1,-1,-1,-1,-1,-1,-1,-1,-1,-1,-1,-1,-1,-1,-1,-1,-1,-1,-1,-1,1.52,0.00,0.00,0.00,2.00,50,50,50,50,0,50,50,0,50,5.00,1.00,0.00,0.00,0.00,0.00,0.00,0.00,0.00,0.00,0.00,N/A
1770840000,Feb 11 2026 - 8:00pm,incomplete,24189,Crystal Palace,Burnley,N/A,26,0.00,0.00,0.00,0.00,0,0,0,0,0,0,"","",-1,-1,-1,-1,-1,-1,-1,-1,-1,-1,-1,-1,-1,-1,-1,-1,-1,-1,-1,-1,0.00,1.41,0.00,0.00,1.50,0,50,50,0,0,0,50,50,50,5.00,0.00,0.00,0.00,0.00,0.00,0.00,0.00,0.00,0.00,0.00,N/A
1770840000,Feb 11 2026 - 8:00pm,incomplete,21327,Chelsea,Leeds United,N/A,26,1.00,0.00,1.00,0.00,0,0,0,0,0,0,"","",-1,-1,-1,-1,-1,-1,-1,-1,-1,-1,-1,-1,-1,-1,-1,-1,-1,-1,-1,-1,1.77,0.00,0.00,0.00,0.00,0,0,0,0,0,0,0,0,0,11.00,2.00,0.00,0.00,0.00,0.00,0.00,0.00,0.00,0.00,0.00,N/A
1770840000,Feb 11 2026 - 8:00pm,incomplete,17066,Brentford,Arsenal,N/A,26,0.00,3.00,0.00,3.00,0,0,0,0,0,0,"","",-1,-1,-1,-1,-1,-1,-1,-1,-1,-1,-1,-1,-1,-1,-1,-1,-1,-1,-1,-1,0.00,1.09,0.00,0.00,0.50,0,0,0,0,0,0,50,0,0,4.00,4.00,0.00,0.00,0.00,0.00,0.00,0.00,0.00,0.00,0.00,N/A
1770840000,Feb 11 2026 - 8:00pm,incomplete,2907,Aston Villa,Brighton & Hove Albion,N/A,26,1.00,0.00,1.00,0.00,0,0,0,0,0,0,"","",-1,-1,-1,-1,-1,-1,-1,-1,-1,-1,-1,-1,-1,-1,-1,-1,-1,-1,-1,-1,0.69,0.00,0.00,0.00,0.00,0,0,0,0,0,0,0,0,0,3.00,3.00,0.00,0.00,0.00,0.00,0.00,0.00,0.00,0.00,0.00,N/A
1770840000,Feb 11 2026 - 8:00pm,incomplete,62470,West Ham United,Manchester United,N/A,26,0.00,0.00,0.00,0.00,0,0,0,0,0,0,"","",-1,-1,-1,-1,-1,-1,-1,-1,-1,-1,-1,-1,-1,-1,-1,-1,-1,-1,-1,-1,0.00,0.00,0.00,0.00,0.00,0,0,0,0,0,0,0,0,0,0.00,0.00,0.00,0.00,0.00,0.00,0.00,0.00,0.00,0.00,0.00,N/A
1770840000,Feb 11 2026 - 8:00pm,incomplete,11302,Manchester City,Fulham,N/A,26,0.00,1.00,0.00,1.00,0,0,0,0,0,0,"","",-1,-1,-1,-1,-1,-1,-1,-1,-1,-1,-1,-1,-1,-1,-1,-1,-1,-1,-1,-1,0.00,0.90,0.00,0.00,1.00,50,50,0,0,0,0,0,50,50,3.00,3.00,0.00,0.00,0.00,0.00,0.00,0.00,0.00,0.00,0.00,N/A
1770840000,Feb 11 2026 - 8:00pm,incomplete,9999,Tottenham Hotspur,Newcastle United,N/A,26,3.00,1.00,3.00,1.00,0,0,0,0,0,0,"","",-1,-1,-1,-1,-1,-1,-1,-1,-1,-1,-1,-1,-1,-1,-1,-1,-1,-1,-1,-1,1.79,1.47,0.00,0.00,1.50,0,50,50,0,0,0,50,50,50,12.00,1.00,0.00,0.00,0.00,0.00,0.00,0.00,0.00,0.00,0.00,N/A
1770840000,Feb 11 2026 - 8:00pm,incomplete,42276,Sunderland,Liverpool,N/A,26,3.00,0.00,3.00,0.00,0,0,0,0,0,0,"","",-1,-1,-1,-1,-1,-1,-1,-1,-1,-1,-1,-1,-1,-1,-1,-1,-1,-1,-1,-1,1.19,0.00,0.00,0.00,1.50,0,50,50,0,0,0,0,50,50,5.00,0.00,0.00,0.00,0.00,0.00,0.00,0.00,0.00,0.00,0.00,N/A
1771686000,Feb 21 2026 - 3:00pm,incomplete,N/A,Everton,Manchester United,N/A,27,0.00,0.00,0.00,0.00,0,0,0,0,0,0,"","",-1,-1,-1,-1,-1,-1,-1,-1,-1,-1,-1,-1,-1,-1,-1,-1,-1,-1,-1,-1,0.00,0.00,0.00,0.00,0.00,0,0,0,0,0,0,0,0,0,0.00,0.00,0.00,0.00,0.00,0.00,0.00,0.00,0.00,0.00,0.00,N/A
1771686000,Feb 21 2026 - 3:00pm,incomplete,17066,Brentford,Brighton & Hove Albion,N/A,27,0.00,0.00,0.00,0.00,0,0,0,0,0,0,"","",-1,-1,-1,-1,-1,-1,-1,-1,-1,-1,-1,-1,-1,-1,-1,-1,-1,-1,-1,-1,0.00,0.00,0.00,0.00,0.00,0,0,0,0,0,0,0,0,0,0.00,0.00,0.00,0.00,0.00,0.00,0.00,0.00,0.00,0.00,0.00,N/A
1771686000,Feb 21 2026 - 3:00pm,incomplete,2907,Aston Villa,Leeds United,N/A,27,1.00,0.00,1.00,0.00,0,0,0,0,0,0,"","",-1,-1,-1,-1,-1,-1,-1,-1,-1,-1,-1,-1,-1,-1,-1,-1,-1,-1,-1,-1,0.69,0.00,0.00,0.00,0.00,0,0,0,0,0,0,0,0,0,3.00,3.00,0.00,0.00,0.00,0.00,0.00,0.00,0.00,0.00,0.00,N/A
1771686000,Feb 21 2026 - 3:00pm,incomplete,62470,West Ham United,AFC Bournemouth,N/A,27,0.00,0.00,0.00,0.00,0,0,0,0,0,0,"","",-1,-1,-1,-1,-1,-1,-1,-1,-1,-1,-1,-1,-1,-1,-1,-1,-1,-1,-1,-1,0.00,1.12,0.00,0.00,3.00,50,50,50,50,50,0,50,50,50,7.00,2.00,0.00,0.00,0.00,0.00,0.00,0.00,0.00,0.00,0.00,N/A
1771686000,Feb 21 2026 - 3:00pm,incomplete,24189,Crystal Palace,Wolverhampton Wanderers,N/A,27,0.00,0.00,0.00,0.00,0,0,0,0,0,0,"","",-1,-1,-1,-1,-1,-1,-1,-1,-1,-1,-1,-1,-1,-1,-1,-1,-1,-1,-1,-1,0.00,0.00,0.00,0.00,0.00,0,0,0,0,0,0,0,0,0,0.00,0.00,0.00,0.00,0.00,0.00,0.00,0.00,0.00,0.00,0.00,N/A
1771686000,Feb 21 2026 - 3:00pm,incomplete,21327,Chelsea,Burnley,N/A,27,1.00,0.00,1.00,0.00,0,0,0,0,0,0,"","",-1,-1,-1,-1,-1,-1,-1,-1,-1,-1,-1,-1,-1,-1,-1,-1,-1,-1,-1,-1,1.77,1.41,0.00,0.00,1.50,0,50,50,0,0,0,50,50,50,16.00,2.00,0.00,0.00,0.00,0.00,0.00,0.00,0.00,0.00,0.00,N/A
1771686000,Feb 21 2026 - 3:00pm,incomplete,N/A,Nottingham Forest,Liverpool,N/A,27,3.00,0.00,3.00,0.00,0,0,0,0,0,0,"","",-1,-1,-1,-1,-1,-1,-1,-1,-1,-1,-1,-1,-1,-1,-1,-1,-1,-1,-1,-1,1.52,0.00,0.00,0.00,2.00,50,50,50,50,0,50,50,0,50,5.00,1.00,0.00,0.00,0.00,0.00,0.00,0.00,0.00,0.00,0.00,N/A
1771686000,Feb 21 2026 - 3:00pm,incomplete,11302,Manchester City,Newcastle United,N/A,27,0.00,1.00,0.00,1.00,0,0,0,0,0,0,"","",-1,-1,-1,-1,-1,-1,-1,-1,-1,-1,-1,-1,-1,-1,-1,-1,-1,-1,-1,-1,0.00,1.47,0.00,0.00,0.00,0,0,0,0,0,0,0,0,0,6.00,1.00,0.00,0.00,0.00,0.00,0.00,0.00,0.00,0.00,0.00,N/A
1771686000,Feb 21 2026 - 3:00pm,incomplete,9999,Tottenham Hotspur,Arsenal,N/A,27,3.00,3.00,3.00,3.00,0,0,0,0,0,0,"","",-1,-1,-1,-1,-1,-1,-1,-1,-1,-1,-1,-1,-1,-1,-1,-1,-1,-1,-1,-1,1.79,1.09,0.00,0.00,2.00,0,50,50,0,0,0,100,50,50,10.00,4.00,0.00,0.00,0.00,0.00,0.00,0.00,0.00,0.00,0.00,N/A
1771686000,Feb 21 2026 - 3:00pm,incomplete,42276,Sunderland,Fulham,N/A,27,3.00,1.00,3.00,1.00,0,0,0,0,0,0,"","",-1,-1,-1,-1,-1,-1,-1,-1,-1,-1,-1,-1,-1,-1,-1,-1,-1,-1,-1,-1,1.19,0.90,0.00,0.00,2.50,50,100,50,0,0,0,0,100,100,8.00,3.00,0.00,0.00,0.00,0.00,0.00,0.00,0.00,0.00,0.00,N/A
1772290800,Feb 28 2026 - 3:00pm,incomplete,25401,Fulham,Tottenham Hotspur,N/A,28,0.00,0.00,0.00,0.00,0,0,0,0,0,0,"","",-1,-1,-1,-1,-1,-1,-1,-1,-1,-1,-1,-1,-1,-1,-1,-1,-1,-1,-1,-1,0.00,0.00,0.00,0.00,0.00,0,0,0,0,0,0,0,0,0,0.00,0.00,0.00,0.00,0.00,0.00,0.00,0.00,0.00,0.00,0.00,N/A
1772290800,Feb 28 2026 - 3:00pm,incomplete,60107,Liverpool,West Ham United,N/A,28,3.00,0.00,3.00,0.00,0,0,0,0,0,0,"","",-1,-1,-1,-1,-1,-1,-1,-1,-1,-1,-1,-1,-1,-1,-1,-1,-1,-1,-1,-1,2.31,1.45,0.00,0.00,4.50,50,100,100,50,50,0,50,100,100,13.00,2.00,0.00,0.00,0.00,0.00,0.00,0.00,0.00,0.00,0.00,N/A
1772290800,Feb 28 2026 - 3:00pm,incomplete,73358,Manchester United,Crystal Palace,N/A,28,0.00,1.00,0.00,1.00,0,0,0,0,0,0,"","",-1,-1,-1,-1,-1,-1,-1,-1,-1,-1,-1,-1,-1,-1,-1,-1,-1,-1,-1,-1,2.22,1.19,0.00,0.00,0.50,0,0,0,0,0,0,50,0,0,5.00,4.00,0.00,0.00,0.00,0.00,0.00,0.00,0.00,0.00,0.00,N/A
1772290800,Feb 28 2026 - 3:00pm,incomplete,31872,Brighton & Hove Albion,Nottingham Forest,N/A,28,1.00,0.00,1.00,0.00,0,0,0,0,0,0,"","",-1,-1,-1,-1,-1,-1,-1,-1,-1,-1,-1,-1,-1,-1,-1,-1,-1,-1,-1,-1,1.20,0.00,0.00,0.00,1.00,50,50,0,0,0,0,0,50,50,4.00,3.00,0.00,0.00,0.00,0.00,0.00,0.00,0.00,0.00,0.00,N/A
1772290800,Feb 28 2026 - 3:00pm,incomplete,21486,Burnley,Brentford,N/A,28,0.00,0.00,0.00,0.00,0,0,0,0,0,0,"","",-1,-1,-1,-1,-1,-1,-1,-1,-1,-1,-1,-1,-1,-1,-1,-1,-1,-1,-1,-1,0.00,1.05,0.00,0.00,2.00,50,50,50,50,0,50,50,0,50,5.00,2.00,0.00,0.00,0.00,0.00,0.00,0.00,0.00,0.00,0.00,N/A
1772290800,Feb 28 2026 - 3:00pm,incomplete,11161,AFC Bournemouth,Sunderland,N/A,28,0.00,0.00,0.00,0.00,0,0,0,0,0,0,"","",-1,-1,-1,-1,-1,-1,-1,-1,-1,-1,-1,-1,-1,-1,-1,-1,-1,-1,-1,-1,0.00,0.00,0.00,0.00,0.00,0,0,0,0,0,0,0,0,0,0.00,0.00,0.00,0.00,0.00,0.00,0.00,0.00,0.00,0.00,0.00,N/A
1772290800,Feb 28 2026 - 3:00pm,incomplete,31235,Wolverhampton Wanderers,Aston Villa,N/A,28,0.00,0.00,0.00,0.00,0,0,0,0,0,0,"","",-1,-1,-1,-1,-1,-1,-1,-1,-1,-1,-1,-1,-1,-1,-1,-1,-1,-1,-1,-1,1.04,0.00,0.00,0.00,2.00,0,50,50,50,0,50,50,50,50,4.00,1.00,0.00,0.00,0.00,0.00,0.00,0.00,0.00,0.00,0.00,N/A
1772290800,Feb 28 2026 - 3:00pm,incomplete,52196,Newcastle United,Everton,N/A,28,0.00,0.00,0.00,0.00,0,0,0,0,0,0,"","",-1,-1,-1,-1,-1,-1,-1,-1,-1,-1,-1,-1,-1,-1,-1,-1,-1,-1,-1,-1,0.00,0.77,0.00,0.00,0.50,0,0,0,0,0,0,0,0,50,2.00,2.00,0.00,0.00,0.00,0.00,0.00,0.00,0.00,0.00,0.00,N/A
1772290800,Feb 28 2026 - 3:00pm,incomplete,45860,Arsenal,Chelsea,N/A,28,0.00,0.00,0.00,0.00,0,0,0,0,0,0,"","",-1,-1,-1,-1,-1,-1,-1,-1,-1,-1,-1,-1,-1,-1,-1,-1,-1,-1,-1,-1,0.00,0.00,0.00,0.00,0.00,0,0,0,0,0,0,0,0,0,0.00,0.00,0.00,0.00,0.00,0.00,0.00,0.00,0.00,0.00,0.00,N/A
1772290800,Feb 28 2026 - 3:00pm,incomplete,N/A,Leeds United,Manchester City,N/A,28,3.00,3.00,3.00,3.00,0,0,0,0,0,0,"","",-1,-1,-1,-1,-1,-1,-1,-1,-1,-1,-1,-1,-1,-1,-1,-1,-1,-1,-1,-1,1.95,1.60,0.00,0.00,2.50,0,50,50,50,0,50,50,50,100,12.00,2.00,0.00,0.00,0.00,0.00,0.00,0.00,0.00,0.00,0.00,N/A
1772654400,Mar 04 2026 - 8:00pm,incomplete,9999,Tottenham Hotspur,Crystal Palace,N/A,29,3.00,1.00,3.00,1.00,0,0,0,0,0,0,"","",-1,-1,-1,-1,-1,-1,-1,-1,-1,-1,-1,-1,-1,-1,-1,-1,-1,-1,-1,-1,1.79,1.19,0.00,0.00,1.50,0,50,50,0,0,0,50,50,50,8.00,3.00,0.00,0.00,0.00,0.00,0.00,0.00,0.00,0.00,0.00,N/A
1772654400,Mar 04 2026 - 8:00pm,incomplete,2907,Aston Villa,Chelsea,N/A,29,1.00,0.00,1.00,0.00,0,0,0,0,0,0,"","",-1,-1,-1,-1,-1,-1,-1,-1,-1,-1,-1,-1,-1,-1,-1,-1,-1,-1,-1,-1,0.69,0.00,0.00,0.00,0.00,0,0,0,0,0,0,0,0,0,3.00,3.00,0.00,0.00,0.00,0.00,0.00,0.00,0.00,0.00,0.00,N/A
1772654400,Mar 04 2026 - 8:00pm,incomplete,11302,Manchester City,Nottingham Forest,N/A,29,0.00,0.00,0.00,0.00,0,0,0,0,0,0,"","",-1,-1,-1,-1,-1,-1,-1,-1,-1,-1,-1,-1,-1,-1,-1,-1,-1,-1,-1,-1,0.00,0.00,0.00,0.00,0.00,0,0,0,0,0,0,0,0,0,0.00,0.00,0.00,0.00,0.00,0.00,0.00,0.00,0.00,0.00,0.00,N/A
1772654400,Mar 04 2026 - 8:00pm,incomplete,11161,AFC Bournemouth,Brentford,N/A,29,0.00,0.00,0.00,0.00,0,0,0,0,0,0,"","",-1,-1,-1,-1,-1,-1,-1,-1,-1,-1,-1,-1,-1,-1,-1,-1,-1,-1,-1,-1,0.00,1.05,0.00,0.00,2.00,50,50,50,50,0,50,50,0,50,5.00,2.00,0.00,0.00,0.00,0.00,0.00,0.00,0.00,0.00,0.00,N/A
1772654400,Mar 04 2026 - 8:00pm,incomplete,N/A,Leeds United,Sunderland,N/A,29,3.00,0.00,3.00,0.00,0,0,0,0,0,0,"","",-1,-1,-1,-1,-1,-1,-1,-1,-1,-1,-1,-1,-1,-1,-1,-1,-1,-1,-1,-1,1.95,0.00,0.00,0.00,0.50,0,0,0,0,0,0,0,0,50,7.00,0.00,0.00,0.00,0.00,0.00,0.00,0.00,0.00,0.00,0.00,N/A
1772654400,Mar 04 2026 - 8:00pm,incomplete,31235,Wolverhampton Wanderers,Liverpool,N/A,29,0.00,0.00,0.00,0.00,0,0,0,0,0,0,"","",-1,-1,-1,-1,-1,-1,-1,-1,-1,-1,-1,-1,-1,-1,-1,-1,-1,-1,-1,-1,1.04,0.00,0.00,0.00,2.00,0,50,50,50,0,50,50,50,50,4.00,1.00,0.00,0.00,0.00,0.00,0.00,0.00,0.00,0.00,0.00,N/A
1772654400,Mar 04 2026 - 8:00pm,incomplete,31872,Brighton & Hove Albion,Arsenal,N/A,29,1.00,3.00,1.00,3.00,0,0,0,0,0,0,"","",-1,-1,-1,-1,-1,-1,-1,-1,-1,-1,-1,-1,-1,-1,-1,-1,-1,-1,-1,-1,1.20,1.09,0.00,0.00,1.50,50,50,0,0,0,0,50,50,50,8.00,7.00,0.00,0.00,0.00,0.00,0.00,0.00,0.00,0.00,0.00,N/A
1772654400,Mar 04 2026 - 8:00pm,incomplete,N/A,Everton,Burnley,N/A,29,0.00,0.00,0.00,0.00,0,0,0,0,0,0,"","",-1,-1,-1,-1,-1,-1,-1,-1,-1,-1,-1,-1,-1,-1,-1,-1,-1,-1,-1,-1,0.00,1.41,0.00,0.00,1.50,0,50,50,0,0,0,50,50,50,5.00,0.00,0.00,0.00,0.00,0.00,0.00,0.00,0.00,0.00,0.00,N/A
1772654400,Mar 04 2026 - 8:00pm,incomplete,52196,Newcastle United,Manchester United,N/A,29,0.00,0.00,0.00,0.00,0,0,0,0,0,0,"","",-1,-1,-1,-1,-1,-1,-1,-1,-1,-1,-1,-1,-1,-1,-1,-1,-1,-1,-1,-1,0.00,0.00,0.00,0.00,0.00,0,0,0,0,0,0,0,0,0,0.00,0.00,0.00,0.00,0.00,0.00,0.00,0.00,0.00,0.00,0.00,N/A
1772654400,Mar 04 2026 - 8:00pm,incomplete,25401,Fulham,West Ham United,N/A,29,0.00,0.00,0.00,0.00,0,0,0,0,0,0,"","",-1,-1,-1,-1,-1,-1,-1,-1,-1,-1,-1,-1,-1,-1,-1,-1,-1,-1,-1,-1,0.00,1.45,0.00,0.00,1.50,0,50,50,0,0,0,0,50,50,7.00,1.00,0.00,0.00,0.00,0.00,0.00,0.00,0.00,0.00,0.00,N/A
1773500400,Mar 14 2026 - 3:00pm,incomplete,42276,Sunderland,Brighton & Hove Albion,N/A,30,3.00,0.00,3.00,0.00,0,0,0,0,0,0,"","",-1,-1,-1,-1,-1,-1,-1,-1,-1,-1,-1,-1,-1,-1,-1,-1,-1,-1,-1,-1,1.19,0.00,0.00,0.00,1.50,0,50,50,0,0,0,0,50,50,5.00,0.00,0.00,0.00,0.00,0.00,0.00,0.00,0.00,0.00,0.00,N/A
1773500400,Mar 14 2026 - 3:00pm,incomplete,73358,Manchester United,Aston Villa,N/A,30,0.00,0.00,0.00,0.00,0,0,0,0,0,0,"","",-1,-1,-1,-1,-1,-1,-1,-1,-1,-1,-1,-1,-1,-1,-1,-1,-1,-1,-1,-1,2.22,0.00,0.00,0.00,0.50,0,0,0,0,0,0,50,0,0,3.00,1.00,0.00,0.00,0.00,0.00,0.00,0.00,0.00,0.00,0.00,N/A
1773500400,Mar 14 2026 - 3:00pm,incomplete,24189,Crystal Palace,Leeds United,N/A,30,0.00,0.00,0.00,0.00,0,0,0,0,0,0,"","",-1,-1,-1,-1,-1,-1,-1,-1,-1,-1,-1,-1,-1,-1,-1,-1,-1,-1,-1,-1,0.00,0.00,0.00,0.00,0.00,0,0,0,0,0,0,0,0,0,0.00,0.00,0.00,0.00,0.00,0.00,0.00,0.00,0.00,0.00,0.00,N/A
1773500400,Mar 14 2026 - 3:00pm,incomplete,21486,Burnley,AFC Bournemouth,N/A,30,0.00,0.00,0.00,0.00,0,0,0,0,0,0,"","",-1,-1,-1,-1,-1,-1,-1,-1,-1,-1,-1,-1,-1,-1,-1,-1,-1,-1,-1,-1,0.00,1.12,0.00,0.00,3.00,50,50,50,50,50,0,50,50,50,7.00,2.00,0.00,0.00,0.00,0.00,0.00,0.00,0.00,0.00,0.00,N/A
1773500400,Mar 14 2026 - 3:00pm,incomplete,62470,West Ham United,Manchester City,N/A,30,0.00,3.00,0.00,3.00,0,0,0,0,0,0,"","",-1,-1,-1,-1,-1,-1,-1,-1,-1,-1,-1,-1,-1,-1,-1,-1,-1,-1,-1,-1,0.00,1.60,0.00,0.00,2.00,0,50,50,50,0,50,50,50,50,5.00,2.00,0.00,0.00,0.00,0.00,0.00,0.00,0.00,0.00,0.00,N/A
1773500400,Mar 14 2026 - 3:00pm,incomplete,21327,Chelsea,Newcastle United,N/A,30,1.00,1.00,1.00,1.00,0,0,0,0,0,0,"","",-1,-1,-1,-1,-1,-1,-1,-1,-1,-1,-1,-1,-1,-1,-1,-1,-1,-1,-1,-1,1.77,1.47,0.00,0.00,0.00,0,0,0,0,0,0,0,0,0,17.00,3.00,0.00,0.00,0.00,0.00,0.00,0.00,0.00,0.00,0.00,N/A
1773500400,Mar 14 2026 - 3:00pm,incomplete,60107,Liverpool,Tottenham Hotspur,N/A,30,3.00,0.00,3.00,0.00,0,0,0,0,0,0,"","",-1,-1,-1,-1,-1,-1,-1,-1,-1,-1,-1,-1,-1,-1,-1,-1,-1,-1,-1,-1,2.31,0.00,0.00,0.00,3.00,50,50,50,50,50,0,50,50,50,6.00,1.00,0.00,0.00,0.00,0.00,0.00,0.00,0.00,0.00,0.00,N/A
1773500400,Mar 14 2026 - 3:00pm,incomplete,17066,Brentford,Wolverhampton Wanderers,N/A,30,0.00,0.00,0.00,0.00,0,0,0,0,0,0,"","",-1,-1,-1,-1,-1,-1,-1,-1,-1,-1,-1,-1,-1,-1,-1,-1,-1,-1,-1,-1,0.00,0.00,0.00,0.00,0.00,0,0,0,0,0,0,0,0,0,0.00,0.00,0.00,0.00,0.00,0.00,0.00,0.00,0.00,0.00,0.00,N/A
1773500400,Mar 14 2026 - 3:00pm,incomplete,N/A,Nottingham Forest,Fulham,N/A,30,3.00,1.00,3.00,1.00,0,0,0,0,0,0,"","",-1,-1,-1,-1,-1,-1,-1,-1,-1,-1,-1,-1,-1,-1,-1,-1,-1,-1,-1,-1,1.52,0.90,0.00,0.00,3.00,100,100,50,50,0,50,50,50,100,8.00,4.00,0.00,0.00,0.00,0.00,0.00,0.00,0.00,0.00,0.00,N/A
1773500400,Mar 14 2026 - 3:00pm,incomplete,45860,Arsenal,Everton,N/A,30,0.00,0.00,0.00,0.00,0,0,0,0,0,0,"","",-1,-1,-1,-1,-1,-1,-1,-1,-1,-1,-1,-1,-1,-1,-1,-1,-1,-1,-1,-1,0.00,0.77,0.00,0.00,0.50,0,0,0,0,0,0,0,0,50,2.00,2.00,0.00,0.00,0.00,0.00,0.00,0.00,0.00,0.00,0.00,N/A
1774105200,Mar 21 2026 - 3:00pm,incomplete,11161,AFC Bournemouth,Manchester United,N/A,31,0.00,0.00,0.00,0.00,0,0,0,0,0,0,"","",-1,-1,-1,-1,-1,-1,-1,-1,-1,-1,-1,-1,-1,-1,-1,-1,-1,-1,-1,-1,0.00,0.00,0.00,0.00,0.00,0,0,0,0,0,0,0,0,0,0.00,0.00,0.00,0.00,0.00,0.00,0.00,0.00,0.00,0.00,0.00,N/A
1774105200,Mar 21 2026 - 3:00pm,incomplete,N/A,Leeds United,Brentford,N/A,31,3.00,0.00,3.00,0.00,0,0,0,0,0,0,"","",-1,-1,-1,-1,-1,-1,-1,-1,-1,-1,-1,-1,-1,-1,-1,-1,-1,-1,-1,-1,1.95,1.05,0.00,0.00,2.50,50,50,50,50,0,50,50,0,100,12.00,2.00,0.00,0.00,0.00,0.00,0.00,0.00,0.00,0.00,0.00,N/A
1774105200,Mar 21 2026 - 3:00pm,incomplete,25401,Fulham,Burnley,N/A,31,0.00,0.00,0.00,0.00,0,0,0,0,0,0,"","",-1,-1,-1,-1,-1,-1,-1,-1,-1,-1,-1,-1,-1,-1,-1,-1,-1,-1,-1,-1,0.00,1.41,0.00,0.00,1.50,0,50,50,0,0,0,50,50,50,5.00,0.00,0.00,0.00,0.00,0.00,0.00,0.00,0.00,0.00,0.00,N/A
1774105200,Mar 21 2026 - 3:00pm,incomplete,31872,Brighton & Hove Albion,Liverpool,N/A,31,1.00,0.00,1.00,0.00,0,0,0,0,0,0,"","",-1,-1,-1,-1,-1,-1,-1,-1,-1,-1,-1,-1,-1,-1,-1,-1,-1,-1,-1,-1,1.20,0.00,0.00,0.00,1.00,50,50,0,0,0,0,0,50,50,4.00,3.00,0.00,0.00,0.00,0.00,0.00,0.00,0.00,0.00,0.00,N/A
1774105200,Mar 21 2026 - 3:00pm,incomplete,31235,Wolverhampton Wanderers,Arsenal,N/A,31,0.00,3.00,0.00,3.00,0,0,0,0,0,0,"","",-1,-1,-1,-1,-1,-1,-1,-1,-1,-1,-1,-1,-1,-1,-1,-1,-1,-1,-1,-1,1.04,1.09,0.00,0.00,2.50,0,50,50,50,0,50,100,50,50,8.00,5.00,0.00,0.00,0.00,0.00,0.00,0.00,0.00,0.00,0.00,N/A
1774105200,Mar 21 2026 - 3:00pm,incomplete,9999,Tottenham Hotspur,Nottingham Forest,N/A,31,3.00,0.00,3.00,0.00,0,0,0,0,0,0,"","",-1,-1,-1,-1,-1,-1,-1,-1,-1,-1,-1,-1,-1,-1,-1,-1,-1,-1,-1,-1,1.79,0.00,0.00,0.00,1.50,0,50,50,0,0,0,50,50,50,6.00,0.00,0.00,0.00,0.00,0.00,0.00,0.00,0.00,0.00,0.00,N/A
1774105200,Mar 21 2026 - 3:00pm,incomplete,52196,Newcastle United,Sunderland,N/A,31,0.00,0.00,0.00,0.00,0,0,0,0,0,0,"","",-1,-1,-1,-1,-1,-1,-1,-1,-1,-1,-1,-1,-1,-1,-1,-1,-1,-1,-1,-1,0.00,0.00,0.00,0.00,0.00,0,0,0,0,0,0,0,0,0,0.00,0.00,0.00,0.00,0.00,0.00,0.00,0.00,0.00,0.00,0.00,N/A
1774105200,Mar 21 2026 - 3:00pm,incomplete,N/A,Everton,Chelsea,N/A,31,0.00,0.00,0.00,0.00,0,0,0,0,0,0,"","",-1,-1,-1,-1,-1,-1,-1,-1,-1,-1,-1,-1,-1,-1,-1,-1,-1,-1,-1,-1,0.00,0.00,0.00,0.00,0.00,0,0,0,0,0,0,0,0,0,0.00,0.00,0.00,0.00,0.00,0.00,0.00,0.00,0.00,0.00,0.00,N/A
1774105200,Mar 21 2026 - 3:00pm,incomplete,2907,Aston Villa,West Ham United,N/A,31,1.00,0.00,1.00,0.00,0,0,0,0,0,0,"","",-1,-1,-1,-1,-1,-1,-1,-1,-1,-1,-1,-1,-1,-1,-1,-1,-1,-1,-1,-1,0.69,1.45,0.00,0.00,1.50,0,50,50,0,0,0,0,50,50,10.00,4.00,0.00,0.00,0.00,0.00,0.00,0.00,0.00,0.00,0.00,N/A
1774105200,Mar 21 2026 - 3:00pm,incomplete,11302,Manchester City,Crystal Palace,N/A,31,0.00,1.00,0.00,1.00,0,0,0,0,0,0,"","",-1,-1,-1,-1,-1,-1,-1,-1,-1,-1,-1,-1,-1,-1,-1,-1,-1,-1,-1,-1,0.00,1.19,0.00,0.00,0.00,0,0,0,0,0,0,0,0,0,2.00,3.00,0.00,0.00,0.00,0.00,0.00,0.00,0.00,0.00,0.00,N/A
1775916000,Apr 11 2026 - 2:00pm,incomplete,42276,Sunderland,Tottenham Hotspur,N/A,32,3.00,0.00,3.00,0.00,0,0,0,0,0,0,"","",-1,-1,-1,-1,-1,-1,-1,-1,-1,-1,-1,-1,-1,-1,-1,-1,-1,-1,-1,-1,1.19,0.00,0.00,0.00,1.50,0,50,50,0,0,0,0,50,50,5.00,0.00,0.00,0.00,0.00,0.00,0.00,0.00,0.00,0.00,0.00,N/A
1775916000,Apr 11 2026 - 2:00pm,incomplete,17066,Brentford,Everton,N/A,32,0.00,0.00,0.00,0.00,0,0,0,0,0,0,"","",-1,-1,-1,-1,-1,-1,-1,-1,-1,-1,-1,-1,-1,-1,-1,-1,-1,-1,-1,-1,0.00,0.77,0.00,0.00,0.50,0,0,0,0,0,0,0,0,50,2.00,2.00,0.00,0.00,0.00,0.00,0.00,0.00,0.00,0.00,0.00,N/A
1775916000,Apr 11 2026 - 2:00pm,incomplete,62470,West Ham United,Wolverhampton Wanderers,N/A,32,0.00,0.00,0.00,0.00,0,0,0,0,0,0,"","",-1,-1,-1,-1,-1,-1,-1,-1,-1,-1,-1,-1,-1,-1,-1,-1,-1,-1,-1,-1,0.00,0.00,0.00,0.00,0.00,0,0,0,0,0,0,0,0,0,0.00,0.00,0.00,0.00,0.00,0.00,0.00,0.00,0.00,0.00,0.00,N/A
1775916000,Apr 11 2026 - 2:00pm,incomplete,45860,Arsenal,AFC Bournemouth,N/A,32,0.00,0.00,0.00,0.00,0,0,0,0,0,0,"","",-1,-1,-1,-1,-1,-1,-1,-1,-1,-1,-1,-1,-1,-1,-1,-1,-1,-1,-1,-1,0.00,1.12,0.00,0.00,3.00,50,50,50,50,50,0,50,50,50,7.00,2.00,0.00,0.00,0.00,0.00,0.00,0.00,0.00,0.00,0.00,N/A
1775916000,Apr 11 2026 - 2:00pm,incomplete,N/A,Nottingham Forest,Aston Villa,N/A,32,3.00,0.00,3.00,0.00,0,0,0,0,0,0,"","",-1,-1,-1,-1,-1,-1,-1,-1,-1,-1,-1,-1,-1,-1,-1,-1,-1,-1,-1,-1,1.52,0.00,0.00,0.00,2.00,50,50,50,50,0,50,50,0,50,5.00,1.00,0.00,0.00,0.00,0.00,0.00,0.00,0.00,0.00,0.00,N/A
1775916000,Apr 11 2026 - 2:00pm,incomplete,60107,Liverpool,Fulham,N/A,32,3.00,1.00,3.00,1.00,0,0,0,0,0,0,"","",-1,-1,-1,-1,-1,-1,-1,-1,-1,-1,-1,-1,-1,-1,-1,-1,-1,-1,-1,-1,2.31,0.90,0.00,0.00,4.00,100,100,50,50,50,0,50,100,100,9.00,4.00,0.00,0.00,0.00,0.00,0.00,0.00,0.00,0.00,0.00,N/A
1775916000,Apr 11 2026 - 2:00pm,incomplete,21486,Burnley,Brighton & Hove Albion,N/A,32,0.00,0.00,0.00,0.00,0,0,0,0,0,0,"","",-1,-1,-1,-1,-1,-1,-1,-1,-1,-1,-1,-1,-1,-1,-1,-1,-1,-1,-1,-1,0.00,0.00,0.00,0.00,0.00,0,0,0,0,0,0,0,0,0,0.00,0.00,0.00,0.00,0.00,0.00,0.00,0.00,0.00,0.00,0.00,N/A
1775916000,Apr 11 2026 - 2:00pm,incomplete,73358,Manchester United,Leeds United,N/A,32,0.00,0.00,0.00,0.00,0,0,0,0,0,0,"","",-1,-1,-1,-1,-1,-1,-1,-1,-1,-1,-1,-1,-1,-1,-1,-1,-1,-1,-1,-1,2.22,0.00,0.00,0.00,0.50,0,0,0,0,0,0,50,0,0,3.00,1.00,0.00,0.00,0.00,0.00,0.00,0.00,0.00,0.00,0.00,N/A
1775916000,Apr 11 2026 - 2:00pm,incomplete,24189,Crystal Palace,Newcastle United,N/A,32,0.00,1.00,0.00,1.00,0,0,0,0,0,0,"","",-1,-1,-1,-1,-1,-1,-1,-1,-1,-1,-1,-1,-1,-1,-1,-1,-1,-1,-1,-1,0.00,1.47,0.00,0.00,0.00,0,0,0,0,0,0,0,0,0,6.00,1.00,0.00,0.00,0.00,0.00,0.00,0.00,0.00,0.00,0.00,N/A
1775916000,Apr 11 2026 - 2:00pm,incomplete,21327,Chelsea,Manchester City,N/A,32,1.00,3.00,1.00,3.00,0,0,0,0,0,0,"","",-1,-1,-1,-1,-1,-1,-1,-1,-1,-1,-1,-1,-1,-1,-1,-1,-1,-1,-1,-1,1.77,1.60,0.00,0.00,2.00,0,50,50,50,0,50,50,50,50,16.00,4.00,0.00,0.00,0.00,0.00,0.00,0.00,0.00,0.00,0.00,N/A
1776520800,Apr 18 2026 - 2:00pm,incomplete,N/A,Nottingham Forest,Burnley,N/A,33,3.00,0.00,3.00,0.00,0,0,0,0,0,0,"","",-1,-1,-1,-1,-1,-1,-1,-1,-1,-1,-1,-1,-1,-1,-1,-1,-1,-1,-1,-1,1.52,1.41,0.00,0.00,3.50,50,100,100,50,0,50,100,50,100,10.00,1.00,0.00,0.00,0.00,0.00,0.00,0.00,0.00,0.00,0.00,N/A
1776520800,Apr 18 2026 - 2:00pm,incomplete,17066,Brentford,Fulham,N/A,33,0.00,1.00,0.00,1.00,0,0,0,0,0,0,"","",-1,-1,-1,-1,-1,-1,-1,-1,-1,-1,-1,-1,-1,-1,-1,-1,-1,-1,-1,-1,0.00,0.90,0.00,0.00,1.00,50,50,0,0,0,0,0,50,50,3.00,3.00,0.00,0.00,0.00,0.00,0.00,0.00,0.00,0.00,0.00,N/A
1776520800,Apr 18 2026 - 2:00pm,incomplete,9999,Tottenham Hotspur,Brighton & Hove Albion,N/A,33,3.00,0.00,3.00,0.00,0,0,0,0,0,0,"","",-1,-1,-1,-1,-1,-1,-1,-1,-1,-1,-1,-1,-1,-1,-1,-1,-1,-1,-1,-1,1.79,0.00,0.00,0.00,1.50,0,50,50,0,0,0,50,50,50,6.00,0.00,0.00,0.00,0.00,0.00,0.00,0.00,0.00,0.00,0.00,N/A
1776520800,Apr 18 2026 - 2:00pm,incomplete,N/A,Leeds United,Wolverhampton Wanderers,N/A,33,3.00,0.00,3.00,0.00,0,0,0,0,0,0,"","",-1,-1,-1,-1,-1,-1,-1,-1,-1,-1,-1,-1,-1,-1,-1,-1,-1,-1,-1,-1,1.95,0.00,0.00,0.00,0.50,0,0,0,0,0,0,0,0,50,7.00,0.00,0.00,0.00,0.00,0.00,0.00,0.00,0.00,0.00,0.00,N/A
1776520800,Apr 18 2026 - 2:00pm,incomplete,N/A,Everton,Liverpool,N/A,33,0.00,0.00,0.00,0.00,0,0,0,0,0,0,"","",-1,-1,-1,-1,-1,-1,-1,-1,-1,-1,-1,-1,-1,-1,-1,-1,-1,-1,-1,-1,0.00,0.00,0.00,0.00,0.00,0,0,0,0,0,0,0,0,0,0.00,0.00,0.00,0.00,0.00,0.00,0.00,0.00,0.00,0.00,0.00,N/A
1776520800,Apr 18 2026 - 2:00pm,incomplete,52196,Newcastle United,AFC Bournemouth,N/A,33,0.00,0.00,0.00,0.00,0,0,0,0,0,0,"","",-1,-1,-1,-1,-1,-1,-1,-1,-1,-1,-1,-1,-1,-1,-1,-1,-1,-1,-1,-1,0.00,1.12,0.00,0.00,3.00,50,50,50,50,50,0,50,50,50,7.00,2.00,0.00,0.00,0.00,0.00,0.00,0.00,0.00,0.00,0.00,N/A
1776520800,Apr 18 2026 - 2:00pm,incomplete,2907,Aston Villa,Sunderland,N/A,33,1.00,0.00,1.00,0.00,0,0,0,0,0,0,"","",-1,-1,-1,-1,-1,-1,-1,-1,-1,-1,-1,-1,-1,-1,-1,-1,-1,-1,-1,-1,0.69,0.00,0.00,0.00,0.00,0,0,0,0,0,0,0,0,0,3.00,3.00,0.00,0.00,0.00,0.00,0.00,0.00,0.00,0.00,0.00,N/A
1776520800,Apr 18 2026 - 2:00pm,incomplete,21327,Chelsea,Manchester United,N/A,33,1.00,0.00,1.00,0.00,0,0,0,0,0,0,"","",-1,-1,-1,-1,-1,-1,-1,-1,-1,-1,-1,-1,-1,-1,-1,-1,-1,-1,-1,-1,1.77,0.00,0.00,0.00,0.00,0,0,0,0,0,0,0,0,0,11.00,2.00,0.00,0.00,0.00,0.00,0.00,0.00,0.00,0.00,0.00,N/A
1776520800,Apr 18 2026 - 2:00pm,incomplete,11302,Manchester City,Arsenal,N/A,33,0.00,3.00,0.00,3.00,0,0,0,0,0,0,"","",-1,-1,-1,-1,-1,-1,-1,-1,-1,-1,-1,-1,-1,-1,-1,-1,-1,-1,-1,-1,0.00,1.09,0.00,0.00,0.50,0,0,0,0,0,0,50,0,0,4.00,4.00,0.00,0.00,0.00,0.00,0.00,0.00,0.00,0.00,0.00,N/A
1776520800,Apr 18 2026 - 2:00pm,incomplete,24189,Crystal Palace,West Ham United,N/A,33,0.00,0.00,0.00,0.00,0,0,0,0,0,0,"","",-1,-1,-1,-1,-1,-1,-1,-1,-1,-1,-1,-1,-1,-1,-1,-1,-1,-1,-1,-1,0.00,1.45,0.00,0.00,1.50,0,50,50,0,0,0,0,50,50,7.00,1.00,0.00,0.00,0.00,0.00,0.00,0.00,0.00,0.00,0.00,N/A
1777125600,Apr 25 2026 - 2:00pm,incomplete,31872,Brighton & Hove Albion,Chelsea,N/A,34,1.00,0.00,1.00,0.00,0,0,0,0,0,0,"","",-1,-1,-1,-1,-1,-1,-1,-1,-1,-1,-1,-1,-1,-1,-1,-1,-1,-1,-1,-1,1.20,0.00,0.00,0.00,1.00,50,50,0,0,0,0,0,50,50,4.00,3.00,0.00,0.00,0.00,0.00,0.00,0.00,0.00,0.00,0.00,N/A
1777125600,Apr 25 2026 - 2:00pm,incomplete,25401,Fulham,Aston Villa,N/A,34,0.00,0.00,0.00,0.00,0,0,0,0,0,0,"","",-1,-1,-1,-1,-1,-1,-1,-1,-1,-1,-1,-1,-1,-1,-1,-1,-1,-1,-1,-1,0.00,0.00,0.00,0.00,0.00,0,0,0,0,0,0,0,0,0,0.00,0.00,0.00,0.00,0.00,0.00,0.00,0.00,0.00,0.00,0.00,N/A
1777125600,Apr 25 2026 - 2:00pm,incomplete,60107,Liverpool,Crystal Palace,N/A,34,3.00,1.00,3.00,1.00,0,0,0,0,0,0,"","",-1,-1,-1,-1,-1,-1,-1,-1,-1,-1,-1,-1,-1,-1,-1,-1,-1,-1,-1,-1,2.31,1.19,0.00,0.00,3.00,50,50,50,50,50,0,50,50,50,8.00,4.00,0.00,0.00,0.00,0.00,0.00,0.00,0.00,0.00,0.00,N/A
1777125600,Apr 25 2026 - 2:00pm,incomplete,45860,Arsenal,Newcastle United,N/A,34,0.00,1.00,0.00,1.00,0,0,0,0,0,0,"","",-1,-1,-1,-1,-1,-1,-1,-1,-1,-1,-1,-1,-1,-1,-1,-1,-1,-1,-1,-1,0.00,1.47,0.00,0.00,0.00,0,0,0,0,0,0,0,0,0,6.00,1.00,0.00,0.00,0.00,0.00,0.00,0.00,0.00,0.00,0.00,N/A
1777125600,Apr 25 2026 - 2:00pm,incomplete,11161,AFC Bournemouth,Leeds United,N/A,34,0.00,0.00,0.00,0.00,0,0,0,0,0,0,"","",-1,-1,-1,-1,-1,-1,-1,-1,-1,-1,-1,-1,-1,-1,-1,-1,-1,-1,-1,-1,0.00,0.00,0.00,0.00,0.00,0,0,0,0,0,0,0,0,0,0.00,0.00,0.00,0.00,0.00,0.00,0.00,0.00,0.00,0.00,0.00,N/A
1777125600,Apr 25 2026 - 2:00pm,incomplete,62470,West Ham United,Everton,N/A,34,0.00,0.00,0.00,0.00,0,0,0,0,0,0,"","",-1,-1,-1,-1,-1,-1,-1,-1,-1,-1,-1,-1,-1,-1,-1,-1,-1,-1,-1,-1,0.00,0.77,0.00,0.00,0.50,0,0,0,0,0,0,0,0,50,2.00,2.00,0.00,0.00,0.00,0.00,0.00,0.00,0.00,0.00,0.00,N/A
1777125600,Apr 25 2026 - 2:00pm,incomplete,31235,Wolverhampton Wanderers,Tottenham Hotspur,N/A,34,0.00,0.00,0.00,0.00,0,0,0,0,0,0,"","",-1,-1,-1,-1,-1,-1,-1,-1,-1,-1,-1,-1,-1,-1,-1,-1,-1,-1,-1,-1,1.04,0.00,0.00,0.00,2.00,0,50,50,50,0,50,50,50,50,4.00,1.00,0.00,0.00,0.00,0.00,0.00,0.00,0.00,0.00,0.00,N/A
1777125600,Apr 25 2026 - 2:00pm,incomplete,73358,Manchester United,Brentford,N/A,34,0.00,0.00,0.00,0.00,0,0,0,0,0,0,"","",-1,-1,-1,-1,-1,-1,-1,-1,-1,-1,-1,-1,-1,-1,-1,-1,-1,-1,-1,-1,2.22,1.05,0.00,0.00,2.50,50,50,50,50,0,50,100,0,50,8.00,3.00,0.00,0.00,0.00,0.00,0.00,0.00,0.00,0.00,0.00,N/A
1777125600,Apr 25 2026 - 2:00pm,incomplete,42276,Sunderland,Nottingham Forest,N/A,34,3.00,0.00,3.00,0.00,0,0,0,0,0,0,"","",-1,-1,-1,-1,-1,-1,-1,-1,-1,-1,-1,-1,-1,-1,-1,-1,-1,-1,-1,-1,1.19,0.00,0.00,0.00,1.50,0,50,50,0,0,0,0,50,50,5.00,0.00,0.00,0.00,0.00,0.00,0.00,0.00,0.00,0.00,0.00,N/A
1777125600,Apr 25 2026 - 2:00pm,incomplete,21486,Burnley,Manchester City,N/A,34,0.00,3.00,0.00,3.00,0,0,0,0,0,0,"","",-1,-1,-1,-1,-1,-1,-1,-1,-1,-1,-1,-1,-1,-1,-1,-1,-1,-1,-1,-1,0.00,1.60,0.00,0.00,2.00,0,50,50,50,0,50,50,50,50,5.00,2.00,0.00,0.00,0.00,0.00,0.00,0.00,0.00,0.00,0.00,N/A
1777730400,May 02 2026 - 2:00pm,incomplete,N/A,Leeds United,Burnley,N/A,35,3.00,0.00,3.00,0.00,0,0,0,0,0,0,"","",-1,-1,-1,-1,-1,-1,-1,-1,-1,-1,-1,-1,-1,-1,-1,-1,-1,-1,-1,-1,1.95,1.41,0.00,0.00,2.00,0,50,50,0,0,0,50,50,100,12.00,0.00,0.00,0.00,0.00,0.00,0.00,0.00,0.00,0.00,0.00,N/A
1777730400,May 02 2026 - 2:00pm,incomplete,73358,Manchester United,Liverpool,N/A,35,0.00,0.00,0.00,0.00,0,0,0,0,0,0,"","",-1,-1,-1,-1,-1,-1,-1,-1,-1,-1,-1,-1,-1,-1,-1,-1,-1,-1,-1,-1,2.22,0.00,0.00,0.00,0.50,0,0,0,0,0,0,50,0,0,3.00,1.00,0.00,0.00,0.00,0.00,0.00,0.00,0.00,0.00,0.00,N/A
1777730400,May 02 2026 - 2:00pm,incomplete,11161,AFC Bournemouth,Crystal Palace,N/A,35,0.00,1.00,0.00,1.00,0,0,0,0,0,0,"","",-1,-1,-1,-1,-1,-1,-1,-1,-1,-1,-1,-1,-1,-1,-1,-1,-1,-1,-1,-1,0.00,1.19,0.00,0.00,0.00,0,0,0,0,0,0,0,0,0,2.00,3.00,0.00,0.00,0.00,0.00,0.00,0.00,0.00,0.00,0.00,N/A
1777730400,May 02 2026 - 2:00pm,incomplete,31317,Wolverhampton Wanderers,Sunderland,N/A,35,0.00,0.00,0.00,0.00,0,0,0,0,0,0,"","",-1,-1,-1,-1,-1,-1,-1,-1,-1,-1,-1,-1,-1,-1,-1,-1,-1,-1,-1,-1,1.04,0.00,0.00,0.00,2.00,0,50,50,50,0,50,50,50,50,4.00,1.00,0.00,0.00,0.00,0.00,0.00,0.00,0.00,0.00,0.00,N/A
1777730400,May 02 2026 - 2:00pm,incomplete,52196,Newcastle United,Brighton & Hove Albion,N/A,35,0.00,0.00,0.00,0.00,0,0,0,0,0,0,"","",-1,-1,-1,-1,-1,-1,-1,-1,-1,-1,-1,-1,-1,-1,-1,-1,-1,-1,-1,-1,0.00,0.00,0.00,0.00,0.00,0,0,0,0,0,0,0,0,0,0.00,0.00,0.00,0.00,0.00,0.00,0.00,0.00,0.00,0.00,0.00,N/A
1777730400,May 02 2026 - 2:00pm,incomplete,17066,Brentford,West Ham United,N/A,35,0.00,0.00,0.00,0.00,0,0,0,0,0,0,"","",-1,-1,-1,-1,-1,-1,-1,-1,-1,-1,-1,-1,-1,-1,-1,-1,-1,-1,-1,-1,0.00,1.45,0.00,0.00,1.50,0,50,50,0,0,0,0,50,50,7.00,1.00,0.00,0.00,0.00,0.00,0.00,0.00,0.00,0.00,0.00,N/A
1777730400,May 02 2026 - 2:00pm,incomplete,N/A,Everton,Manchester City,N/A,35,0.00,3.00,0.00,3.00,0,0,0,0,0,0,"","",-1,-1,-1,-1,-1,-1,-1,-1,-1,-1,-1,-1,-1,-1,-1,-1,-1,-1,-1,-1,0.00,1.60,0.00,0.00,2.00,0,50,50,50,0,50,50,50,50,5.00,2.00,0.00,0.00,0.00,0.00,0.00,0.00,0.00,0.00,0.00,N/A
1777730400,May 02 2026 - 2:00pm,incomplete,21327,Chelsea,Nottingham Forest,N/A,35,1.00,0.00,1.00,0.00,0,0,0,0,0,0,"","",-1,-1,-1,-1,-1,-1,-1,-1,-1,-1,-1,-1,-1,-1,-1,-1,-1,-1,-1,-1,1.77,0.00,0.00,0.00,0.00,0,0,0,0,0,0,0,0,0,11.00,2.00,0.00,0.00,0.00,0.00,0.00,0.00,0.00,0.00,0.00,N/A
1777730400,May 02 2026 - 2:00pm,incomplete,2907,Aston Villa,Tottenham Hotspur,N/A,35,1.00,0.00,1.00,0.00,0,0,0,0,0,0,"","",-1,-1,-1,-1,-1,-1,-1,-1,-1,-1,-1,-1,-1,-1,-1,-1,-1,-1,-1,-1,0.69,0.00,0.00,0.00,0.00,0,0,0,0,0,0,0,0,0,3.00,3.00,0.00,0.00,0.00,0.00,0.00,0.00,0.00,0.00,0.00,N/A
1777730400,May 02 2026 - 2:00pm,incomplete,45860,Arsenal,Fulham,N/A,35,0.00,1.00,0.00,1.00,0,0,0,0,0,0,"","",-1,-1,-1,-1,-1,-1,-1,-1,-1,-1,-1,-1,-1,-1,-1,-1,-1,-1,-1,-1,0.00,0.90,0.00,0.00,1.00,50,50,0,0,0,0,0,50,50,3.00,3.00,0.00,0.00,0.00,0.00,0.00,0.00,0.00,0.00,0.00,N/A
1778335200,May 09 2026 - 2:00pm,incomplete,62470,West Ham United,Arsenal,N/A,36,0.00,3.00,0.00,3.00,0,0,0,0,0,0,"","",-1,-1,-1,-1,-1,-1,-1,-1,-1,-1,-1,-1,-1,-1,-1,-1,-1,-1,-1,-1,0.00,1.09,0.00,0.00,0.50,0,0,0,0,0,0,50,0,0,4.00,4.00,0.00,0.00,0.00,0.00,0.00,0.00,0.00,0.00,0.00,N/A
1778335200,May 09 2026 - 2:00pm,incomplete,31872,Brighton & Hove Albion,Wolverhampton Wanderers,N/A,36,1.00,0.00,1.00,0.00,0,0,0,0,0,0,"","",-1,-1,-1,-1,-1,-1,-1,-1,-1,-1,-1,-1,-1,-1,-1,-1,-1,-1,-1,-1,1.20,0.00,0.00,0.00,1.00,50,50,0,0,0,0,0,50,50,4.00,3.00,0.00,0.00,0.00,0.00,0.00,0.00,0.00,0.00,0.00,N/A
1778335200,May 09 2026 - 2:00pm,incomplete,N/A,Nottingham Forest,Newcastle United,N/A,36,3.00,1.00,3.00,1.00,0,0,0,0,0,0,"","",-1,-1,-1,-1,-1,-1,-1,-1,-1,-1,-1,-1,-1,-1,-1,-1,-1,-1,-1,-1,1.52,1.47,0.00,0.00,2.00,50,50,50,50,0,50,50,0,50,11.00,2.00,0.00,0.00,0.00,0.00,0.00,0.00,0.00,0.00,0.00,N/A
1778335200,May 09 2026 - 2:00pm,incomplete,25401,Fulham,AFC Bournemouth,N/A,36,0.00,0.00,0.00,0.00,0,0,0,0,0,0,"","",-1,-1,-1,-1,-1,-1,-1,-1,-1,-1,-1,-1,-1,-1,-1,-1,-1,-1,-1,-1,0.00,1.12,0.00,0.00,3.00,50,50,50,50,50,0,50,50,50,7.00,2.00,0.00,0.00,0.00,0.00,0.00,0.00,0.00,0.00,0.00,N/A
1778335200,May 09 2026 - 2:00pm,incomplete,42276,Sunderland,Manchester United,N/A,36,3.00,0.00,3.00,0.00,0,0,0,0,0,0,"","",-1,-1,-1,-1,-1,-1,-1,-1,-1,-1,-1,-1,-1,-1,-1,-1,-1,-1,-1,-1,1.19,0.00,0.00,0.00,1.50,0,50,50,0,0,0,0,50,50,5.00,0.00,0.00,0.00,0.00,0.00,0.00,0.00,0.00,0.00,0.00,N/A
1778335200,May 09 2026 - 2:00pm,incomplete,21486,Burnley,Aston Villa,N/A,36,0.00,0.00,0.00,0.00,0,0,0,0,0,0,"","",-1,-1,-1,-1,-1,-1,-1,-1,-1,-1,-1,-1,-1,-1,-1,-1,-1,-1,-1,-1,0.00,0.00,0.00,0.00,0.00,0,0,0,0,0,0,0,0,0,0.00,0.00,0.00,0.00,0.00,0.00,0.00,0.00,0.00,0.00,0.00,N/A
1778335200,May 09 2026 - 2:00pm,incomplete,9999,Tottenham Hotspur,Leeds United,N/A,36,3.00,0.00,3.00,0.00,0,0,0,0,0,0,"","",-1,-1,-1,-1,-1,-1,-1,-1,-1,-1,-1,-1,-1,-1,-1,-1,-1,-1,-1,-1,1.79,0.00,0.00,0.00,1.50,0,50,50,0,0,0,50,50,50,6.00,0.00,0.00,0.00,0.00,0.00,0.00,0.00,0.00,0.00,0.00,N/A
1778335200,May 09 2026 - 2:00pm,incomplete,24189,Crystal Palace,Everton,N/A,36,0.00,0.00,0.00,0.00,0,0,0,0,0,0,"","",-1,-1,-1,-1,-1,-1,-1,-1,-1,-1,-1,-1,-1,-1,-1,-1,-1,-1,-1,-1,0.00,0.77,0.00,0.00,0.50,0,0,0,0,0,0,0,0,50,2.00,2.00,0.00,0.00,0.00,0.00,0.00,0.00,0.00,0.00,0.00,N/A
1778335200,May 09 2026 - 2:00pm,incomplete,11302,Manchester City,Brentford,N/A,36,0.00,0.00,0.00,0.00,0,0,0,0,0,0,"","",-1,-1,-1,-1,-1,-1,-1,-1,-1,-1,-1,-1,-1,-1,-1,-1,-1,-1,-1,-1,0.00,1.05,0.00,0.00,2.00,50,50,50,50,0,50,50,0,50,5.00,2.00,0.00,0.00,0.00,0.00,0.00,0.00,0.00,0.00,0.00,N/A
1778335200,May 09 2026 - 2:00pm,incomplete,60107,Liverpool,Chelsea,N/A,36,3.00,0.00,3.00,0.00,0,0,0,0,0,0,"","",-1,-1,-1,-1,-1,-1,-1,-1,-1,-1,-1,-1,-1,-1,-1,-1,-1,-1,-1,-1,2.31,0.00,0.00,0.00,3.00,50,50,50,50,50,0,50,50,50,6.00,1.00,0.00,0.00,0.00,0.00,0.00,0.00,0.00,0.00,0.00,N/A
1779026400,May 17 2026 - 2:00pm,incomplete,N/A,Leeds United,Brighton & Hove Albion,N/A,37,3.00,0.00,3.00,0.00,0,0,0,0,0,0,"","",-1,-1,-1,-1,-1,-1,-1,-1,-1,-1,-1,-1,-1,-1,-1,-1,-1,-1,-1,-1,1.95,0.00,0.00,0.00,0.50,0,0,0,0,0,0,0,0,50,7.00,0.00,0.00,0.00,0.00,0.00,0.00,0.00,0.00,0.00,0.00,N/A
1779026400,May 17 2026 - 2:00pm,incomplete,73358,Manchester United,Nottingham Forest,N/A,37,0.00,0.00,0.00,0.00,0,0,0,0,0,0,"","",-1,-1,-1,-1,-1,-1,-1,-1,-1,-1,-1,-1,-1,-1,-1,-1,-1,-1,-1,-1,2.22,0.00,0.00,0.00,0.50,0,0,0,0,0,0,50,0,0,3.00,1.00,0.00,0.00,0.00,0.00,0.00,0.00,0.00,0.00,0.00,N/A
1779026400,May 17 2026 - 2:00pm,incomplete,2907,Aston Villa,Liverpool,N/A,37,1.00,0.00,1.00,0.00,0,0,0,0,0,0,"","",-1,-1,-1,-1,-1,-1,-1,-1,-1,-1,-1,-1,-1,-1,-1,-1,-1,-1,-1,-1,0.69,0.00,0.00,0.00,0.00,0,0,0,0,0,0,0,0,0,3.00,3.00,0.00,0.00,0.00,0.00,0.00,0.00,0.00,0.00,0.00,N/A
1779026400,May 17 2026 - 2:00pm,incomplete,45860,Arsenal,Burnley,N/A,37,0.00,0.00,0.00,0.00,0,0,0,0,0,0,"","",-1,-1,-1,-1,-1,-1,-1,-1,-1,-1,-1,-1,-1,-1,-1,-1,-1,-1,-1,-1,0.00,1.41,0.00,0.00,1.50,0,50,50,0,0,0,50,50,50,5.00,0.00,0.00,0.00,0.00,0.00,0.00,0.00,0.00,0.00,0.00,N/A
1779026400,May 17 2026 - 2:00pm,incomplete,11161,AFC Bournemouth,Manchester City,N/A,37,0.00,3.00,0.00,3.00,0,0,0,0,0,0,"","",-1,-1,-1,-1,-1,-1,-1,-1,-1,-1,-1,-1,-1,-1,-1,-1,-1,-1,-1,-1,0.00,1.60,0.00,0.00,2.00,0,50,50,50,0,50,50,50,50,5.00,2.00,0.00,0.00,0.00,0.00,0.00,0.00,0.00,0.00,0.00,N/A
1779026400,May 17 2026 - 2:00pm,incomplete,31235,Wolverhampton Wanderers,Fulham,N/A,37,0.00,1.00,0.00,1.00,0,0,0,0,0,0,"","",-1,-1,-1,-1,-1,-1,-1,-1,-1,-1,-1,-1,-1,-1,-1,-1,-1,-1,-1,-1,1.04,0.90,0.00,0.00,3.00,50,100,50,50,0,50,50,100,100,7.00,4.00,0.00,0.00,0.00,0.00,0.00,0.00,0.00,0.00,0.00,N/A
1779026400,May 17 2026 - 2:00pm,incomplete,52196,Newcastle United,West Ham United,N/A,37,0.00,0.00,0.00,0.00,0,0,0,0,0,0,"","",-1,-1,-1,-1,-1,-1,-1,-1,-1,-1,-1,-1,-1,-1,-1,-1,-1,-1,-1,-1,0.00,1.45,0.00,0.00,1.50,0,50,50,0,0,0,0,50,50,7.00,1.00,0.00,0.00,0.00,0.00,0.00,0.00,0.00,0.00,0.00,N/A
1779026400,May 17 2026 - 2:00pm,incomplete,21327,Chelsea,Tottenham Hotspur,N/A,37,1.00,0.00,1.00,0.00,0,0,0,0,0,0,"","",-1,-1,-1,-1,-1,-1,-1,-1,-1,-1,-1,-1,-1,-1,-1,-1,-1,-1,-1,-1,1.77,0.00,0.00,0.00,0.00,0,0,0,0,0,0,0,0,0,11.00,2.00,0.00,0.00,0.00,0.00,0.00,0.00,0.00,0.00,0.00,N/A
1779026400,May 17 2026 - 2:00pm,incomplete,17066,Brentford,Crystal Palace,N/A,37,0.00,1.00,0.00,1.00,0,0,0,0,0,0,"","",-1,-1,-1,-1,-1,-1,-1,-1,-1,-1,-1,-1,-1,-1,-1,-1,-1,-1,-1,-1,0.00,1.19,0.00,0.00,0.00,0,0,0,0,0,0,0,0,0,2.00,3.00,0.00,0.00,0.00,0.00,0.00,0.00,0.00,0.00,0.00,N/A
1779026400,May 17 2026 - 2:00pm,incomplete,N/A,Everton,Sunderland,N/A,37,0.00,0.00,0.00,0.00,0,0,0,0,0,0,"","",-1,-1,-1,-1,-1,-1,-1,-1,-1,-1,-1,-1,-1,-1,-1,-1,-1,-1,-1,-1,0.00,0.00,0.00,0.00,0.00,0,0,0,0,0,0,0,0,0,0.00,0.00,0.00,0.00,0.00,0.00,0.00,0.00,0.00,0.00,0.00,N/A
1779634800,May 24 2026 - 3:00pm,incomplete,31872,Brighton & Hove Albion,Manchester United,N/A,38,1.00,0.00,1.00,0.00,0,0,0,0,0,0,"","",-1,-1,-1,-1,-1,-1,-1,-1,-1,-1,-1,-1,-1,-1,-1,-1,-1,-1,-1,-1,1.20,0.00,0.00,0.00,1.00,50,50,0,0,0,0,0,50,50,4.00,3.00,0.00,0.00,0.00,0.00,0.00,0.00,0.00,0.00,0.00,N/A
1779634800,May 24 2026 - 3:00pm,incomplete,21572,Burnley,Wolverhampton Wanderers,N/A,38,0.00,0.00,0.00,0.00,0,0,0,0,0,0,"","",-1,-1,-1,-1,-1,-1,-1,-1,-1,-1,-1,-1,-1,-1,-1,-1,-1,-1,-1,-1,0.00,0.00,0.00,0.00,0.00,0,0,0,0,0,0,0,0,0,0.00,0.00,0.00,0.00,0.00,0.00,0.00,0.00,0.00,0.00,0.00,N/A
1779634800,May 24 2026 - 3:00pm,incomplete,62470,West Ham United,Leeds United,N/A,38,0.00,0.00,0.00,0.00,0,0,0,0,0,0,"","",-1,-1,-1,-1,-1,-1,-1,-1,-1,-1,-1,-1,-1,-1,-1,-1,-1,-1,-1,-1,0.00,0.00,0.00,0.00,0.00,0,0,0,0,0,0,0,0,0,0.00,0.00,0.00,0.00,0.00,0.00,0.00,0.00,0.00,0.00,0.00,N/A
1779634800,May 24 2026 - 3:00pm,incomplete,25401,Fulham,Newcastle United,N/A,38,0.00,1.00,0.00,1.00,0,0,0,0,0,0,"","",-1,-1,-1,-1,-1,-1,-1,-1,-1,-1,-1,-1,-1,-1,-1,-1,-1,-1,-1,-1,0.00,1.47,0.00,0.00,0.00,0,0,0,0,0,0,0,0,0,6.00,1.00,0.00,0.00,0.00,0.00,0.00,0.00,0.00,0.00,0.00,N/A
1779634800,May 24 2026 - 3:00pm,incomplete,N/A,Nottingham Forest,AFC Bournemouth,N/A,38,3.00,0.00,3.00,0.00,0,0,0,0,0,0,"","",-1,-1,-1,-1,-1,-1,-1,-1,-1,-1,-1,-1,-1,-1,-1,-1,-1,-1,-1,-1,1.52,1.12,0.00,0.00,5.00,100,100,100,100,50,50,100,50,100,12.00,3.00,0.00,0.00,0.00,0.00,0.00,0.00,0.00,0.00,0.00,N/A
1779634800,May 24 2026 - 3:00pm,incomplete,60107,Liverpool,Brentford,N/A,38,3.00,0.00,3.00,0.00,0,0,0,0,0,0,"","",-1,-1,-1,-1,-1,-1,-1,-1,-1,-1,-1,-1,-1,-1,-1,-1,-1,-1,-1,-1,2.31,1.05,0.00,0.00,5.00,100,100,100,100,50,50,100,50,100,11.00,3.00,0.00,0.00,0.00,0.00,0.00,0.00,0.00,0.00,0.00,N/A
1779634800,May 24 2026 - 3:00pm,incomplete,11302,Manchester City,Aston Villa,N/A,38,0.00,0.00,0.00,0.00,0,0,0,0,0,0,"","",-1,-1,-1,-1,-1,-1,-1,-1,-1,-1,-1,-1,-1,-1,-1,-1,-1,-1,-1,-1,0.00,0.00,0.00,0.00,0.00,0,0,0,0,0,0,0,0,0,0.00,0.00,0.00,0.00,0.00,0.00,0.00,0.00,0.00,0.00,0.00,N/A
1779634800,May 24 2026 - 3:00pm,incomplete,9999,Tottenham Hotspur,Everton,N/A,38,3.00,0.00,3.00,0.00,0,0,0,0,0,0,"","",-1,-1,-1,-1,-1,-1,-1,-1,-1,-1,-1,-1,-1,-1,-1,-1,-1,-1,-1,-1,1.79,0.77,0.00,0.00,2.00,0,50,50,0,0,0,50,50,100,8.00,2.00,0.00,0.00,0.00,0.00,0.00,0.00,0.00,0.00,0.00,N/A
1779634800,May 24 2026 - 3:00pm,incomplete,42276,Sunderland,Chelsea,N/A,38,3.00,0.00,3.00,0.00,0,0,0,0,0,0,"","",-1,-1,-1,-1,-1,-1,-1,-1,-1,-1,-1,-1,-1,-1,-1,-1,-1,-1,-1,-1,1.19,0.00,0.00,0.00,1.50,0,50,50,0,0,0,0,50,50,5.00,0.00,0.00,0.00,0.00,0.00,0.00,0.00,0.00,0.00,0.00,N/A
1779634800,May 24 2026 - 3:00pm,incomplete,24189,Crystal Palace,Arsenal,N/A,38,0.00,3.00,0.00,3.00,0,0,0,0,0,0,"","",-1,-1,-1,-1,-1,-1,-1,-1,-1,-1,-1,-1,-1,-1,-1,-1,-1,-1,-1,-1,0.00,1.09,0.00,0.00,0.50,0,0,0,0,0,0,50,0,0,4.00,4.00,0.00,0.00,0.00,0.00,0.00,0.00,0.00,0.00,0.00,N/A
