timestamp,date_GMT,status,attendance,home_team_name,away_team_name,referee,Game Week,Pre-Match PPG (Home),Pre-Match PPG (Away),home_ppg,away_ppg,home_team_goal_count,away_team_goal_count,total_goal_count,total_goals_at_half_time,home_team_goal_count_half_time,away_team_goal_count_half_time,home_team_goal_timings,away_team_goal_timings,home_team_corner_count,away_team_corner_count,home_team_yellow_cards,home_team_red_cards,away_team_yellow_cards,away_team_red_cards,home_team_first_half_cards,home_team_second_half_cards,away_team_first_half_cards,away_team_second_half_cards,home_team_shots,away_team_shots,home_team_shots_on_target,away_team_shots_on_target,home_team_shots_off_target,away_team_shots_off_target,home_team_fouls,away_team_fouls,home_team_possession,away_team_possession,Home Team Pre-Match xG,Away Team Pre-Match xG,team_a_xg,team_b_xg,average_goals_per_match_pre_match,btts_percentage_pre_match,over_15_percentage_pre_match,over_25_percentage_pre_match,over_35_percentage_pre_match,over_45_percentage_pre_match,over_15_HT_FHG_percentage_pre_match,over_05_HT_FHG_percentage_pre_match,over_15_2HG_percentage_pre_match,over_05_2HG_percentage_pre_match,average_corners_per_match_pre_match,average_cards_per_match_pre_match,odds_ft_home_team_win,odds_ft_draw,odds_ft_away_team_win,odds_ft_over15,odds_ft_over25,odds_ft_over35,odds_ft_over45,odds_btts_yes,odds_btts_no,stadium_name
1754679600,Aug 08 2025 - 7:00pm,complete,N/A,Birmingham City,Ipswich Town,N/A,1,0.00,0.00,1.00,1.00,1,1,2,0,0,0,"55","90'5",1,4,2,0,3,0,1,1,2,1,11,6,3,1,8,5,16,22,51,49,0.00,0.00,1.11,0.70,0.00,0,0,0,0,0,0,0,0,0,0.00,0.00,2.55,3.25,2.80,1.37,2.17,3.90,9.00,1.85,2.01,St. Andrew's Stadium
1754739000,Aug 09 2025 - 11:30am,complete,N/A,Southampton,Wrexham,N/A,1,0.00,0.00,3.00,0.00,2,1,3,1,0,1,"90'6,90","22",7,3,2,0,2,0,1,1,1,1,20,7,10,2,10,5,12,13,75,25,0.00,0.00,2.53,0.77,0.00,0,0,0,0,0,0,0,0,0,0.00,0.00,1.90,3.55,4.80,1.29,1.90,3.30,6.25,2.04,1.85,N/A
1754739000,Aug 09 2025 - 11:30am,complete,N/A,Charlton Athletic,Watford,N/A,1,0.00,0.00,3.00,0.00,1,0,1,0,0,0,"90'4","",3,2,1,0,2,0,0,1,1,1,9,6,5,1,4,5,6,16,42,58,0.00,0.00,1.28,0.78,0.00,0,0,0,0,0,0,0,0,0,0.00,0.00,2.16,3.35,3.00,1.33,2.19,3.98,8.60,1.85,1.92,The Valley
1754739000,Aug 09 2025 - 11:30am,complete,N/A,Coventry City,Hull City,N/A,1,0.00,0.00,1.00,1.00,0,0,0,0,0,0,"","",8,2,3,0,3,0,0,3,0,3,11,6,3,3,8,3,7,11,58,42,0.00,0.00,1.37,0.76,0.00,0,0,0,0,0,0,0,0,0,0.00,0.00,1.73,3.90,4.30,1.25,1.80,3.00,6.00,1.80,1.91,N/A
1754748000,Aug 09 2025 - 2:00pm,complete,N/A,Queens Park Rangers,Preston North End,N/A,1,0.00,0.00,1.00,1.00,1,1,2,1,1,0,"41","48",5,4,0,0,3,0,0,0,0,3,8,8,3,3,5,5,7,9,58,42,0.00,0.00,0.99,1.12,0.00,0,0,0,0,0,0,0,0,0,0.00,0.00,2.36,3.10,2.80,1.40,2.30,4.40,8.50,1.90,1.80,Loftus Road Stadium
1754748000,Aug 09 2025 - 2:00pm,complete,N/A,Middlesbrough,Swansea City,N/A,1,0.00,0.00,3.00,0.00,1,0,1,0,0,0,"51","",7,2,2,0,5,0,1,1,2,3,4,2,3,1,1,1,15,15,54,46,0.00,0.00,0.78,0.50,0.00,0,0,0,0,0,0,0,0,0,0.00,0.00,2.03,3.40,3.85,1.30,2.16,3.35,6.00,1.75,2.00,Riverside Stadium
1754748000,Aug 09 2025 - 2:00pm,complete,N/A,West Bromwich Albion,Blackburn Rovers,N/A,1,0.00,0.00,3.00,0.00,1,0,1,1,1,0,"15","",3,7,3,1,0,0,0,4,0,0,12,7,5,1,7,6,13,13,44,56,0.00,0.00,1.32,0.96,0.00,0,0,0,0,0,0,0,0,0,0.00,0.00,1.87,3.55,4.33,1.40,2.15,4.10,7.80,2.00,1.75,The Hawthorns
1754748000,Aug 09 2025 - 2:00pm,complete,N/A,Norwich City,Millwall,N/A,1,0.00,0.00,0.00,3.00,1,2,3,0,0,0,"55","51,83",6,5,1,0,4,0,0,1,2,2,11,9,3,3,8,6,5,15,59,41,0.00,0.00,1.17,1.24,0.00,0,0,0,0,0,0,0,0,0,0.00,0.00,2.17,3.30,3.60,1.32,2.11,3.60,6.20,1.83,1.91,Carrow Road
1754748000,Aug 09 2025 - 2:00pm,complete,N/A,Stoke City,Derby County,N/A,1,0.00,0.00,3.00,0.00,3,1,4,0,0,0,"90'5,70,90'9","60",7,3,1,0,2,0,0,1,1,1,11,3,7,2,4,1,12,14,68,32,0.00,0.00,1.46,0.55,0.00,0,0,0,0,0,0,0,0,0,0.00,0.00,2.12,3.24,3.85,1.45,2.61,4.50,11.00,2.00,1.66,Bet365 Stadium
1754748000,Aug 09 2025 - 2:00pm,complete,N/A,Oxford United,Portsmouth,N/A,1,0.00,0.00,0.00,3.00,0,1,1,1,0,1,"","38",8,4,1,0,2,0,0,1,1,1,7,9,4,4,3,5,15,10,49,51,0.00,0.00,1.11,1.17,0.00,0,0,0,0,0,0,0,0,0,0.00,0.00,2.55,2.98,2.85,1.42,2.29,4.10,8.50,1.85,1.85,The Kassam Stadium
1754757000,Aug 09 2025 - 4:30pm,complete,N/A,Sheffield United,Bristol City,N/A,1,0.00,0.00,0.00,3.00,1,4,5,3,1,2,"14","26,5,46,51",14,3,0,0,0,0,0,0,0,0,12,8,6,5,6,3,10,10,74,26,0.00,0.00,1.73,1.10,0.00,0,0,0,0,0,0,0,0,0,0.00,0.00,1.69,3.91,4.80,1.29,1.85,3.00,6.50,1.75,1.93,N/A
1754839800,Aug 10 2025 - 3:30pm,complete,N/A,Leicester City,Sheffield Wednesday,N/A,1,0.00,0.00,3.00,0.00,2,1,3,1,0,1,"54,87","26",13,3,0,0,1,1,0,0,0,2,22,6,13,3,9,3,6,13,75,25,0.00,0.00,2.92,0.80,0.00,0,0,0,0,0,0,0,0,0,0.00,0.00,1.22,5.80,11.76,1.22,1.67,2.63,4.60,2.47,1.55,King Power Stadium
1755343800,Aug 16 2025 - 11:30am,complete,N/A,Wrexham,West Bromwich Albion,N/A,2,0.00,0.00,0.00,3.00,2,3,5,2,1,1,"42,90'5","20,81,74",5,5,2,0,0,0,1,1,0,0,15,17,3,5,12,12,5,7,51,49,0.00,0.00,1.45,1.73,0.00,0,0,0,0,0,0,0,0,0,0.00,0.00,2.80,3.16,2.76,1.35,2.20,4.00,7.50,1.85,1.85,N/A
1755343800,Aug 16 2025 - 11:30am,complete,N/A,Derby County,Coventry City,N/A,2,0.00,0.00,0.00,3.00,3,5,8,4,2,2,"12,45'2,50","7,25,75,72,79",6,5,2,0,5,0,1,1,1,4,12,17,4,9,8,8,14,11,48,52,0.00,0.00,1.32,2.01,0.00,0,0,0,0,0,0,0,0,0,0.00,0.00,3.50,3.25,2.24,1.37,2.30,4.33,11.20,2.10,1.70,N/A
1755343800,Aug 16 2025 - 11:30am,complete,N/A,Portsmouth,Norwich City,N/A,2,0.00,0.00,0.00,3.00,1,2,3,2,0,2,"84","6,14",9,0,3,0,3,0,0,3,2,1,17,11,3,4,14,7,8,13,58,42,0.00,0.00,1.76,1.14,0.00,0,0,0,0,0,0,0,0,0,0.00,0.00,2.55,3.00,2.60,1.32,2.01,3.45,6.76,1.78,2.04,Fratton Park
1755352800,Aug 16 2025 - 2:00pm,complete,N/A,Millwall,Middlesbrough,N/A,2,0.00,0.00,0.00,3.00,0,3,3,0,0,0,"","49,87,90'7",5,10,4,0,5,0,3,1,1,4,10,13,0,4,10,9,16,11,45,55,0.00,0.00,1.00,1.42,0.00,0,0,0,0,0,0,0,0,0,0.00,0.00,2.26,3.20,3.15,1.38,2.13,3.60,8.00,1.89,1.85,The Den
1755352800,Aug 16 2025 - 2:00pm,complete,N/A,Bristol City,Charlton Athletic,N/A,2,0.00,0.00,1.00,1.00,0,0,0,0,0,0,"","",4,6,0,0,1,0,0,0,0,1,14,6,2,1,12,5,9,13,58,42,0.00,0.00,1.39,0.83,0.00,0,0,0,0,0,0,0,0,0,0.00,0.00,1.93,3.25,4.10,1.36,2.12,3.73,6.65,1.87,1.91,N/A
1755352800,Aug 16 2025 - 2:00pm,complete,N/A,Blackburn Rovers,Birmingham City,N/A,2,0.00,0.00,0.00,3.00,1,2,3,0,0,0,"50","90'8,90",3,5,1,0,2,0,0,1,1,1,6,9,3,4,3,5,14,13,41,59,0.00,0.00,0.94,1.21,0.00,0,0,0,0,0,0,0,0,0,0.00,0.00,2.90,3.00,2.41,1.42,2.25,4.33,9.50,2.00,1.73,N/A
1755352800,Aug 16 2025 - 2:00pm,complete,N/A,Sheffield Wednesday,Stoke City,N/A,2,0.00,0.00,0.00,3.00,0,3,3,1,0,1,"","1,46,69",6,7,0,0,3,0,0,0,1,2,14,12,5,5,9,7,12,10,54,46,0.00,0.00,1.59,1.38,0.00,0,0,0,0,0,0,0,0,0,0.00,0.00,3.30,3.25,2.20,1.33,2.24,3.70,7.00,1.80,1.90,Hillsborough Stadium
1755352800,Aug 16 2025 - 2:00pm,complete,N/A,Watford,Queens Park Rangers,N/A,2,0.00,0.00,3.00,0.00,2,1,3,3,2,1,"23,19","45'4",2,4,1,1,2,0,0,2,1,1,17,15,4,2,13,13,9,9,46,54,0.00,0.00,1.61,1.41,0.00,0,0,0,0,0,0,0,0,0,0.00,0.00,2.00,3.54,3.90,1.33,2.00,3.79,7.54,1.80,1.85,Vicarage Road
1755352800,Aug 16 2025 - 2:00pm,complete,N/A,Preston North End,Leicester City,N/A,2,0.00,0.00,3.00,0.00,2,1,3,1,1,0,"7,85","67",6,4,2,0,0,0,0,2,0,0,13,14,4,2,9,12,11,7,40,60,0.00,0.00,1.42,1.52,0.00,0,0,0,0,0,0,0,0,0,0.00,0.00,3.75,3.35,2.00,1.30,2.24,3.55,6.70,1.86,1.84,N/A
1755352800,Aug 16 2025 - 2:00pm,complete,N/A,Swansea City,Sheffield United,N/A,2,0.00,0.00,3.00,0.00,1,0,1,0,0,0,"66","",4,8,1,0,3,0,1,0,2,1,14,9,3,0,11,9,13,14,56,44,0.00,0.00,1.36,0.86,0.00,0,0,0,0,0,0,0,0,0,0.00,0.00,2.50,3.14,2.67,1.38,2.16,4.00,7.80,1.84,1.82,Liberty Stadium
1755428400,Aug 17 2025 - 11:00am,complete,N/A,Ipswich Town,Southampton,N/A,2,0.00,0.00,1.00,1.00,1,1,2,2,1,1,"4","29",4,5,2,0,2,0,2,0,1,1,13,11,1,3,12,8,7,20,50,50,0.00,0.00,1.22,1.19,0.00,0,0,0,0,0,0,0,0,0,0.00,0.00,1.78,3.73,3.90,1.25,1.80,3.06,6.40,1.65,2.05,Portman Road Stadium
1755439200,Aug 17 2025 - 2:00pm,complete,N/A,Hull City,Oxford United,N/A,2,0.00,0.00,3.00,0.00,3,2,5,4,2,2,"2,20,90'3","9,26",10,4,1,0,1,0,1,0,1,0,20,11,7,6,13,5,7,8,75,25,0.00,0.00,2.18,1.34,0.00,0,0,0,0,0,0,0,0,0,0.00,0.00,1.94,3.30,4.20,1.37,2.37,4.37,9.50,2.00,1.74,KCOM Stadium
1755889200,Aug 22 2025 - 7:00pm,incomplete,N/A,Derby County,Bristol City,N/A,3,0.00,3.00,0.00,3.00,0,0,0,0,0,0,"","",-1,-1,-1,-1,-1,-1,-1,-1,-1,-1,-1,-1,-1,-1,-1,-1,-1,-1,-1,-1,1.32,1.10,0.00,0.00,6.50,100,100,100,100,100,100,100,100,100,9.00,2.00,2.69,2.89,2.83,1.42,2.10,4.20,9.00,1.99,1.82,N/A
1755948600,Aug 23 2025 - 11:30am,incomplete,N/A,Swansea City,Watford,N/A,3,3.00,0.00,3.00,0.00,0,0,0,0,0,0,"","",-1,-1,-1,-1,-1,-1,-1,-1,-1,-1,-1,-1,-1,-1,-1,-1,-1,-1,-1,-1,1.36,0.78,0.00,0.00,1.00,0,0,0,0,0,0,0,0,100,6.00,3.00,2.07,3.36,3.47,1.36,2.20,4.10,9.00,1.85,1.85,Liberty Stadium
1755948600,Aug 23 2025 - 11:30am,incomplete,N/A,Charlton Athletic,Leicester City,N/A,3,3.00,0.00,3.00,0.00,0,0,0,0,0,0,"","",-1,-1,-1,-1,-1,-1,-1,-1,-1,-1,-1,-1,-1,-1,-1,-1,-1,-1,-1,-1,1.28,1.52,0.00,0.00,2.00,50,50,50,0,0,0,50,50,100,7.00,1.00,3.77,3.11,2.07,1.32,2.15,3.80,9.00,1.83,1.91,The Valley
1755948600,Aug 23 2025 - 11:30am,incomplete,N/A,Hull City,Blackburn Rovers,N/A,3,3.00,0.00,3.00,0.00,0,0,0,0,0,0,"","",-1,-1,-1,-1,-1,-1,-1,-1,-1,-1,-1,-1,-1,-1,-1,-1,-1,-1,-1,-1,2.18,0.96,0.00,0.00,3.00,50,50,50,50,50,50,100,0,50,17.00,1.00,2.25,3.30,3.10,1.38,2.35,4.05,9.00,1.95,1.75,KCOM Stadium
1755957600,Aug 23 2025 - 2:00pm,incomplete,N/A,Wrexham,Sheffield Wednesday,N/A,3,0.00,0.00,0.00,0.00,0,0,0,0,0,0,"","",-1,-1,-1,-1,-1,-1,-1,-1,-1,-1,-1,-1,-1,-1,-1,-1,-1,-1,-1,-1,1.45,0.80,0.00,0.00,4.00,100,100,100,50,50,50,100,100,100,8.00,4.00,1.59,4.20,5.00,1.28,1.82,3.02,6.50,2.01,1.80,N/A
1755957600,Aug 23 2025 - 2:00pm,incomplete,N/A,Norwich City,Middlesbrough,N/A,3,0.00,3.00,0.00,3.00,0,0,0,0,0,0,"","",-1,-1,-1,-1,-1,-1,-1,-1,-1,-1,-1,-1,-1,-1,-1,-1,-1,-1,-1,-1,1.17,1.42,0.00,0.00,3.00,50,100,100,0,0,0,0,100,100,16.00,6.00,2.10,3.45,3.29,1.26,1.85,3.16,6.00,1.73,2.12,Carrow Road
1755957600,Aug 23 2025 - 2:00pm,incomplete,N/A,Birmingham City,Oxford United,N/A,3,1.00,0.00,1.00,0.00,0,0,0,0,0,0,"","",-1,-1,-1,-1,-1,-1,-1,-1,-1,-1,-1,-1,-1,-1,-1,-1,-1,-1,-1,-1,1.11,1.34,0.00,0.00,3.50,100,100,50,50,50,50,50,50,100,5.00,3.00,1.53,4.30,5.50,1.25,1.77,3.10,6.00,2.09,1.72,N/A
1755957600,Aug 23 2025 - 2:00pm,incomplete,N/A,West Bromwich Albion,Portsmouth,N/A,3,3.00,3.00,3.00,3.00,0,0,0,0,0,0,"","",-1,-1,-1,-1,-1,-1,-1,-1,-1,-1,-1,-1,-1,-1,-1,-1,-1,-1,-1,-1,1.32,1.17,0.00,0.00,1.00,0,0,0,0,0,0,100,0,0,7.00,6.00,1.80,3.55,4.30,1.30,1.98,3.60,8.00,1.95,1.80,The Hawthorns
1755957600,Aug 23 2025 - 2:00pm,incomplete,N/A,Sheffield United,Millwall,N/A,3,0.00,3.00,0.00,3.00,0,0,0,0,0,0,"","",-1,-1,-1,-1,-1,-1,-1,-1,-1,-1,-1,-1,-1,-1,-1,-1,-1,-1,-1,-1,1.73,1.24,0.00,0.00,4.00,100,100,100,50,50,50,50,100,100,19.00,4.00,1.93,3.55,3.69,1.36,2.20,4.20,9.50,1.98,1.81,N/A
1755957600,Aug 23 2025 - 2:00pm,incomplete,N/A,Coventry City,Queens Park Rangers,N/A,3,1.00,0.00,1.00,0.00,0,0,0,0,0,0,"","",-1,-1,-1,-1,-1,-1,-1,-1,-1,-1,-1,-1,-1,-1,-1,-1,-1,-1,-1,-1,1.37,1.41,0.00,0.00,1.50,50,50,50,0,0,50,50,0,0,12.00,5.00,1.61,4.00,5.00,1.26,1.98,3.25,6.50,1.95,1.80,N/A
1755957600,Aug 23 2025 - 2:00pm,incomplete,N/A,Southampton,Stoke City,N/A,3,3.00,3.00,3.00,3.00,0,0,0,0,0,0,"","",-1,-1,-1,-1,-1,-1,-1,-1,-1,-1,-1,-1,-1,-1,-1,-1,-1,-1,-1,-1,2.53,1.38,0.00,0.00,3.00,50,100,100,0,0,0,100,100,100,14.00,5.00,1.72,3.74,4.50,1.29,1.98,3.40,6.50,1.89,1.91,N/A
1755957600,Aug 23 2025 - 2:00pm,incomplete,N/A,Preston North End,Ipswich Town,N/A,3,3.00,1.00,3.00,1.00,0,0,0,0,0,0,"","",-1,-1,-1,-1,-1,-1,-1,-1,-1,-1,-1,-1,-1,-1,-1,-1,-1,-1,-1,-1,1.42,0.70,0.00,0.00,2.50,100,100,50,0,0,0,50,100,100,10.00,5.00,3.80,3.40,1.95,1.36,2.00,3.81,8.50,1.92,1.88,N/A
1756494000,Aug 29 2025 - 7:00pm,incomplete,N/A,Leicester City,Birmingham City,N/A,4,3.00,3.00,3.00,3.00,0,0,0,0,0,0,"","",-1,-1,-1,-1,-1,-1,-1,-1,-1,-1,-1,-1,-1,-1,-1,-1,-1,-1,-1,-1,2.92,1.21,0.00,0.00,3.00,100,100,100,0,0,0,50,100,100,18.00,2.00,0.00,0.00,0.00,0.00,0.00,0.00,0.00,0.00,0.00,King Power Stadium
1756553400,Aug 30 2025 - 11:30am,incomplete,N/A,Queens Park Rangers,Charlton Athletic,N/A,4,1.00,1.00,1.00,1.00,0,0,0,0,0,0,"","",-1,-1,-1,-1,-1,-1,-1,-1,-1,-1,-1,-1,-1,-1,-1,-1,-1,-1,-1,-1,0.99,0.83,0.00,0.00,1.00,50,50,0,0,0,0,50,0,50,11.00,1.00,0.00,0.00,0.00,0.00,0.00,0.00,0.00,0.00,0.00,Loftus Road Stadium
1756553400,Aug 30 2025 - 11:30am,incomplete,N/A,Middlesbrough,Sheffield United,N/A,4,3.00,0.00,3.00,0.00,0,0,0,0,0,0,"","",-1,-1,-1,-1,-1,-1,-1,-1,-1,-1,-1,-1,-1,-1,-1,-1,-1,-1,-1,-1,0.78,0.86,0.00,0.00,1.00,0,0,0,0,0,0,0,0,100,15.00,5.00,0.00,0.00,0.00,0.00,0.00,0.00,0.00,0.00,0.00,Riverside Stadium
1756553400,Aug 30 2025 - 11:30am,incomplete,N/A,Stoke City,West Bromwich Albion,N/A,4,3.00,3.00,3.00,3.00,0,0,0,0,0,0,"","",-1,-1,-1,-1,-1,-1,-1,-1,-1,-1,-1,-1,-1,-1,-1,-1,-1,-1,-1,-1,1.46,1.73,0.00,0.00,4.50,100,100,100,100,50,50,50,100,100,12.00,1.00,0.00,0.00,0.00,0.00,0.00,0.00,0.00,0.00,0.00,Bet365 Stadium
1756562400,Aug 30 2025 - 2:00pm,incomplete,N/A,Watford,Southampton,N/A,4,3.00,1.00,3.00,1.00,0,0,0,0,0,0,"","",-1,-1,-1,-1,-1,-1,-1,-1,-1,-1,-1,-1,-1,-1,-1,-1,-1,-1,-1,-1,1.61,1.19,0.00,0.00,2.50,100,100,50,0,0,100,100,0,0,7.00,5.00,0.00,0.00,0.00,0.00,0.00,0.00,0.00,0.00,0.00,Vicarage Road
1756562400,Aug 30 2025 - 2:00pm,incomplete,N/A,Ipswich Town,Derby County,N/A,4,1.00,0.00,1.00,0.00,0,0,0,0,0,0,"","",-1,-1,-1,-1,-1,-1,-1,-1,-1,-1,-1,-1,-1,-1,-1,-1,-1,-1,-1,-1,1.22,0.55,0.00,0.00,3.00,100,100,50,50,0,50,50,50,50,7.00,4.00,0.00,0.00,0.00,0.00,0.00,0.00,0.00,0.00,0.00,Portman Road Stadium
1756562400,Aug 30 2025 - 2:00pm,incomplete,N/A,Portsmouth,Preston North End,N/A,4,0.00,1.00,0.00,1.00,0,0,0,0,0,0,"","",-1,-1,-1,-1,-1,-1,-1,-1,-1,-1,-1,-1,-1,-1,-1,-1,-1,-1,-1,-1,1.76,1.12,0.00,0.00,2.50,100,100,50,0,0,50,100,0,100,13.00,6.00,0.00,0.00,0.00,0.00,0.00,0.00,0.00,0.00,0.00,Fratton Park
1756562400,Aug 30 2025 - 2:00pm,incomplete,N/A,Oxford United,Coventry City,N/A,4,0.00,3.00,0.00,3.00,0,0,0,0,0,0,"","",-1,-1,-1,-1,-1,-1,-1,-1,-1,-1,-1,-1,-1,-1,-1,-1,-1,-1,-1,-1,1.11,2.01,0.00,0.00,4.50,50,50,50,50,50,50,100,50,50,13.00,6.00,0.00,0.00,0.00,0.00,0.00,0.00,0.00,0.00,0.00,The Kassam Stadium
1756562400,Aug 30 2025 - 2:00pm,incomplete,N/A,Millwall,Wrexham,N/A,4,0.00,0.00,0.00,0.00,0,0,0,0,0,0,"","",-1,-1,-1,-1,-1,-1,-1,-1,-1,-1,-1,-1,-1,-1,-1,-1,-1,-1,-1,-1,1.00,0.77,0.00,0.00,3.00,50,100,100,0,0,0,50,100,100,8.00,6.00,0.00,0.00,0.00,0.00,0.00,0.00,0.00,0.00,0.00,The Den
1756562400,Aug 30 2025 - 2:00pm,incomplete,N/A,Sheffield Wednesday,Swansea City,N/A,4,0.00,0.00,0.00,0.00,0,0,0,0,0,0,"","",-1,-1,-1,-1,-1,-1,-1,-1,-1,-1,-1,-1,-1,-1,-1,-1,-1,-1,-1,-1,1.59,0.50,0.00,0.00,2.00,0,50,50,0,0,0,50,50,100,8.00,5.00,0.00,0.00,0.00,0.00,0.00,0.00,0.00,0.00,0.00,Hillsborough Stadium
1756562400,Aug 30 2025 - 2:00pm,incomplete,N/A,Bristol City,Hull City,N/A,4,1.00,1.00,1.00,1.00,0,0,0,0,0,0,"","",-1,-1,-1,-1,-1,-1,-1,-1,-1,-1,-1,-1,-1,-1,-1,-1,-1,-1,-1,-1,1.39,0.76,0.00,0.00,0.00,0,0,0,0,0,0,0,0,0,6.00,3.00,0.00,0.00,0.00,0.00,0.00,0.00,0.00,0.00,0.00,N/A
1756562400,Aug 30 2025 - 2:00pm,incomplete,N/A,Blackburn Rovers,Norwich City,N/A,4,0.00,3.00,0.00,3.00,0,0,0,0,0,0,"","",-1,-1,-1,-1,-1,-1,-1,-1,-1,-1,-1,-1,-1,-1,-1,-1,-1,-1,-1,-1,0.94,1.14,0.00,0.00,3.00,100,100,100,0,0,50,50,50,100,3.00,4.00,0.00,0.00,0.00,0.00,0.00,0.00,0.00,0.00,0.00,N/A
1757703600,Sep 12 2025 - 7:00pm,incomplete,N/A,Ipswich Town,Sheffield United,N/A,5,1.00,0.00,1.00,0.00,0,0,0,0,0,0,"","",-1,-1,-1,-1,-1,-1,-1,-1,-1,-1,-1,-1,-1,-1,-1,-1,-1,-1,-1,-1,1.22,0.86,0.00,0.00,1.50,50,50,0,0,0,50,50,0,50,12.00,5.00,0.00,0.00,0.00,0.00,0.00,0.00,0.00,0.00,0.00,Portman Road Stadium
1757763000,Sep 13 2025 - 11:30am,incomplete,N/A,Preston North End,Middlesbrough,N/A,5,3.00,3.00,3.00,3.00,0,0,0,0,0,0,"","",-1,-1,-1,-1,-1,-1,-1,-1,-1,-1,-1,-1,-1,-1,-1,-1,-1,-1,-1,-1,1.42,1.42,0.00,0.00,3.00,50,100,100,0,0,0,50,100,100,16.00,7.00,0.00,0.00,0.00,0.00,0.00,0.00,0.00,0.00,0.00,N/A
1757763000,Sep 13 2025 - 11:30am,incomplete,N/A,Oxford United,Leicester City,N/A,5,0.00,0.00,0.00,0.00,0,0,0,0,0,0,"","",-1,-1,-1,-1,-1,-1,-1,-1,-1,-1,-1,-1,-1,-1,-1,-1,-1,-1,-1,-1,1.11,1.52,0.00,0.00,2.00,50,50,50,0,0,0,100,50,50,12.00,1.00,0.00,0.00,0.00,0.00,0.00,0.00,0.00,0.00,0.00,The Kassam Stadium
1757763000,Sep 13 2025 - 11:30am,incomplete,N/A,Charlton Athletic,Millwall,N/A,5,3.00,3.00,3.00,3.00,0,0,0,0,0,0,"","",-1,-1,-1,-1,-1,-1,-1,-1,-1,-1,-1,-1,-1,-1,-1,-1,-1,-1,-1,-1,1.28,1.24,0.00,0.00,2.00,50,50,50,0,0,0,0,50,100,8.00,5.00,0.00,0.00,0.00,0.00,0.00,0.00,0.00,0.00,0.00,The Valley
1757772000,Sep 13 2025 - 2:00pm,incomplete,N/A,Coventry City,Norwich City,N/A,5,1.00,3.00,1.00,3.00,0,0,0,0,0,0,"","",-1,-1,-1,-1,-1,-1,-1,-1,-1,-1,-1,-1,-1,-1,-1,-1,-1,-1,-1,-1,1.37,1.14,0.00,0.00,1.50,50,50,50,0,0,50,50,0,50,8.00,6.00,0.00,0.00,0.00,0.00,0.00,0.00,0.00,0.00,0.00,N/A
1757772000,Sep 13 2025 - 2:00pm,incomplete,N/A,Sheffield Wednesday,Bristol City,N/A,5,0.00,3.00,0.00,3.00,0,0,0,0,0,0,"","",-1,-1,-1,-1,-1,-1,-1,-1,-1,-1,-1,-1,-1,-1,-1,-1,-1,-1,-1,-1,1.59,1.10,0.00,0.00,4.00,50,100,100,50,50,50,100,100,100,9.00,0.00,0.00,0.00,0.00,0.00,0.00,0.00,0.00,0.00,0.00,Hillsborough Stadium
1757772000,Sep 13 2025 - 2:00pm,incomplete,N/A,Watford,Blackburn Rovers,N/A,5,3.00,0.00,3.00,0.00,0,0,0,0,0,0,"","",-1,-1,-1,-1,-1,-1,-1,-1,-1,-1,-1,-1,-1,-1,-1,-1,-1,-1,-1,-1,1.61,0.96,0.00,0.00,2.00,50,50,50,0,0,50,100,0,0,9.00,3.00,0.00,0.00,0.00,0.00,0.00,0.00,0.00,0.00,0.00,Vicarage Road
1757772000,Sep 13 2025 - 2:00pm,incomplete,N/A,Swansea City,Hull City,N/A,5,3.00,1.00,3.00,1.00,0,0,0,0,0,0,"","",-1,-1,-1,-1,-1,-1,-1,-1,-1,-1,-1,-1,-1,-1,-1,-1,-1,-1,-1,-1,1.36,0.76,0.00,0.00,0.50,0,0,0,0,0,0,0,0,50,6.00,4.00,0.00,0.00,0.00,0.00,0.00,0.00,0.00,0.00,0.00,Liberty Stadium
1757772000,Sep 13 2025 - 2:00pm,incomplete,N/A,West Bromwich Albion,Derby County,N/A,5,3.00,0.00,3.00,0.00,0,0,0,0,0,0,"","",-1,-1,-1,-1,-1,-1,-1,-1,-1,-1,-1,-1,-1,-1,-1,-1,-1,-1,-1,-1,1.32,0.55,0.00,0.00,2.50,50,50,50,50,0,0,50,50,50,6.00,6.00,0.00,0.00,0.00,0.00,0.00,0.00,0.00,0.00,0.00,The Hawthorns
1757772000,Sep 13 2025 - 2:00pm,incomplete,N/A,Wrexham,Queens Park Rangers,N/A,5,0.00,0.00,0.00,0.00,0,0,0,0,0,0,"","",-1,-1,-1,-1,-1,-1,-1,-1,-1,-1,-1,-1,-1,-1,-1,-1,-1,-1,-1,-1,1.45,1.41,0.00,0.00,4.00,100,100,100,50,50,100,100,50,50,9.00,4.00,0.00,0.00,0.00,0.00,0.00,0.00,0.00,0.00,0.00,N/A
1757772000,Sep 13 2025 - 2:00pm,incomplete,N/A,Stoke City,Birmingham City,N/A,5,3.00,3.00,3.00,3.00,0,0,0,0,0,0,"","",-1,-1,-1,-1,-1,-1,-1,-1,-1,-1,-1,-1,-1,-1,-1,-1,-1,-1,-1,-1,1.46,1.21,0.00,0.00,3.50,100,100,100,50,0,0,0,100,100,12.00,3.00,0.00,0.00,0.00,0.00,0.00,0.00,0.00,0.00,0.00,Bet365 Stadium
1757847600,Sep 14 2025 - 11:00am,incomplete,N/A,Southampton,Portsmouth,N/A,5,3.00,3.00,3.00,3.00,0,0,0,0,0,0,"","",-1,-1,-1,-1,-1,-1,-1,-1,-1,-1,-1,-1,-1,-1,-1,-1,-1,-1,-1,-1,2.53,1.17,0.00,0.00,2.00,50,50,50,0,0,0,100,50,50,11.00,4.00,0.00,0.00,0.00,0.00,0.00,0.00,0.00,0.00,0.00,N/A
1758308400,Sep 19 2025 - 7:00pm,incomplete,N/A,Middlesbrough,West Bromwich Albion,N/A,6,3.00,3.00,3.00,3.00,0,0,0,0,0,0,"","",-1,-1,-1,-1,-1,-1,-1,-1,-1,-1,-1,-1,-1,-1,-1,-1,-1,-1,-1,-1,0.78,1.73,0.00,0.00,3.00,50,50,50,50,50,50,50,50,100,12.00,2.00,0.00,0.00,0.00,0.00,0.00,0.00,0.00,0.00,0.00,Riverside Stadium
1758367800,Sep 20 2025 - 11:30am,incomplete,N/A,Queens Park Rangers,Stoke City,N/A,6,1.00,3.00,1.00,3.00,0,0,0,0,0,0,"","",-1,-1,-1,-1,-1,-1,-1,-1,-1,-1,-1,-1,-1,-1,-1,-1,-1,-1,-1,-1,0.99,1.38,0.00,0.00,2.50,50,100,50,0,0,0,100,50,100,12.00,3.00,0.00,0.00,0.00,0.00,0.00,0.00,0.00,0.00,0.00,Loftus Road Stadium
1758367800,Sep 20 2025 - 11:30am,incomplete,N/A,Birmingham City,Swansea City,N/A,6,1.00,0.00,1.00,0.00,0,0,0,0,0,0,"","",-1,-1,-1,-1,-1,-1,-1,-1,-1,-1,-1,-1,-1,-1,-1,-1,-1,-1,-1,-1,1.11,0.50,0.00,0.00,1.50,50,50,0,0,0,0,0,50,100,3.00,7.00,0.00,0.00,0.00,0.00,0.00,0.00,0.00,0.00,0.00,St. Andrew's Stadium
1758367800,Sep 20 2025 - 11:30am,incomplete,N/A,Leicester City,Coventry City,N/A,6,3.00,3.00,3.00,3.00,0,0,0,0,0,0,"","",-1,-1,-1,-1,-1,-1,-1,-1,-1,-1,-1,-1,-1,-1,-1,-1,-1,-1,-1,-1,2.92,2.01,0.00,0.00,5.50,100,100,100,50,50,50,100,100,100,18.00,5.00,0.00,0.00,0.00,0.00,0.00,0.00,0.00,0.00,0.00,King Power Stadium
1758376800,Sep 20 2025 - 2:00pm,incomplete,N/A,Hull City,Southampton,N/A,6,3.00,1.00,3.00,1.00,0,0,0,0,0,0,"","",-1,-1,-1,-1,-1,-1,-1,-1,-1,-1,-1,-1,-1,-1,-1,-1,-1,-1,-1,-1,2.18,1.19,0.00,0.00,3.50,100,100,50,50,50,100,100,0,50,15.00,3.00,0.00,0.00,0.00,0.00,0.00,0.00,0.00,0.00,0.00,KCOM Stadium
1758376800,Sep 20 2025 - 2:00pm,incomplete,N/A,Portsmouth,Sheffield Wednesday,N/A,6,0.00,0.00,0.00,0.00,0,0,0,0,0,0,"","",-1,-1,-1,-1,-1,-1,-1,-1,-1,-1,-1,-1,-1,-1,-1,-1,-1,-1,-1,-1,1.76,0.80,0.00,0.00,3.00,100,100,100,0,0,50,100,50,100,12.00,5.00,0.00,0.00,0.00,0.00,0.00,0.00,0.00,0.00,0.00,Fratton Park
1758376800,Sep 20 2025 - 2:00pm,incomplete,N/A,Sheffield United,Charlton Athletic,N/A,6,0.00,1.00,0.00,1.00,0,0,0,0,0,0,"","",-1,-1,-1,-1,-1,-1,-1,-1,-1,-1,-1,-1,-1,-1,-1,-1,-1,-1,-1,-1,1.73,0.83,0.00,0.00,2.50,50,50,50,50,50,50,50,50,50,20.00,1.00,0.00,0.00,0.00,0.00,0.00,0.00,0.00,0.00,0.00,N/A
1758376800,Sep 20 2025 - 2:00pm,incomplete,N/A,Derby County,Preston North End,N/A,6,0.00,1.00,0.00,1.00,0,0,0,0,0,0,"","",-1,-1,-1,-1,-1,-1,-1,-1,-1,-1,-1,-1,-1,-1,-1,-1,-1,-1,-1,-1,1.32,1.12,0.00,0.00,5.00,100,100,50,50,50,50,100,50,100,10.00,5.00,0.00,0.00,0.00,0.00,0.00,0.00,0.00,0.00,0.00,N/A
1758376800,Sep 20 2025 - 2:00pm,incomplete,N/A,Millwall,Watford,N/A,6,0.00,0.00,0.00,0.00,0,0,0,0,0,0,"","",-1,-1,-1,-1,-1,-1,-1,-1,-1,-1,-1,-1,-1,-1,-1,-1,-1,-1,-1,-1,1.00,0.78,0.00,0.00,2.00,0,50,50,0,0,0,0,50,100,7.00,6.00,0.00,0.00,0.00,0.00,0.00,0.00,0.00,0.00,0.00,The Den
1758376800,Sep 20 2025 - 2:00pm,incomplete,N/A,Blackburn Rovers,Ipswich Town,N/A,6,0.00,1.00,0.00,1.00,0,0,0,0,0,0,"","",-1,-1,-1,-1,-1,-1,-1,-1,-1,-1,-1,-1,-1,-1,-1,-1,-1,-1,-1,-1,0.94,0.70,0.00,0.00,2.50,100,100,50,0,0,0,0,100,100,7.00,4.00,0.00,0.00,0.00,0.00,0.00,0.00,0.00,0.00,0.00,N/A
1758376800,Sep 20 2025 - 2:00pm,incomplete,N/A,Norwich City,Wrexham,N/A,6,0.00,0.00,0.00,0.00,0,0,0,0,0,0,"","",-1,-1,-1,-1,-1,-1,-1,-1,-1,-1,-1,-1,-1,-1,-1,-1,-1,-1,-1,-1,1.17,0.77,0.00,0.00,3.00,100,100,100,0,0,0,50,100,100,9.00,3.00,0.00,0.00,0.00,0.00,0.00,0.00,0.00,0.00,0.00,Carrow Road
1758463200,Sep 21 2025 - 2:00pm,incomplete,N/A,Bristol City,Oxford United,N/A,6,1.00,0.00,1.00,0.00,0,0,0,0,0,0,"","",-1,-1,-1,-1,-1,-1,-1,-1,-1,-1,-1,-1,-1,-1,-1,-1,-1,-1,-1,-1,1.39,1.34,0.00,0.00,2.50,50,50,50,50,50,50,50,0,50,8.00,1.00,0.00,0.00,0.00,0.00,0.00,0.00,0.00,0.00,0.00,Ashton Gate Stadium
1758913200,Sep 26 2025 - 7:00pm,incomplete,N/A,West Bromwich Albion,Leicester City,N/A,7,3.00,0.00,3.00,0.00,0,0,0,0,0,0,"","",-1,-1,-1,-1,-1,-1,-1,-1,-1,-1,-1,-1,-1,-1,-1,-1,-1,-1,-1,-1,1.32,1.52,0.00,0.00,2.00,50,50,50,0,0,0,100,50,50,7.00,4.00,0.00,0.00,0.00,0.00,0.00,0.00,0.00,0.00,0.00,The Hawthorns
1758972600,Sep 27 2025 - 11:30am,incomplete,N/A,Swansea City,Millwall,N/A,7,3.00,3.00,3.00,3.00,0,0,0,0,0,0,"","",-1,-1,-1,-1,-1,-1,-1,-1,-1,-1,-1,-1,-1,-1,-1,-1,-1,-1,-1,-1,1.36,1.24,0.00,0.00,2.00,50,50,50,0,0,0,0,50,100,9.00,5.00,0.00,0.00,0.00,0.00,0.00,0.00,0.00,0.00,0.00,Liberty Stadium
1758972600,Sep 27 2025 - 11:30am,incomplete,N/A,Wrexham,Derby County,N/A,7,0.00,0.00,0.00,0.00,0,0,0,0,0,0,"","",-1,-1,-1,-1,-1,-1,-1,-1,-1,-1,-1,-1,-1,-1,-1,-1,-1,-1,-1,-1,1.45,0.55,0.00,0.00,4.50,100,100,100,100,50,50,50,100,100,8.00,4.00,0.00,0.00,0.00,0.00,0.00,0.00,0.00,0.00,0.00,N/A
1758972600,Sep 27 2025 - 11:30am,incomplete,N/A,Coventry City,Birmingham City,N/A,7,1.00,3.00,1.00,3.00,0,0,0,0,0,0,"","",-1,-1,-1,-1,-1,-1,-1,-1,-1,-1,-1,-1,-1,-1,-1,-1,-1,-1,-1,-1,1.37,1.21,0.00,0.00,1.50,50,50,50,0,0,0,0,50,50,13.00,5.00,0.00,0.00,0.00,0.00,0.00,0.00,0.00,0.00,0.00,N/A
1758981600,Sep 27 2025 - 2:00pm,incomplete,N/A,Oxford United,Sheffield United,N/A,7,0.00,0.00,0.00,0.00,0,0,0,0,0,0,"","",-1,-1,-1,-1,-1,-1,-1,-1,-1,-1,-1,-1,-1,-1,-1,-1,-1,-1,-1,-1,1.11,0.86,0.00,0.00,1.00,0,0,0,0,0,0,50,0,50,16.00,4.00,0.00,0.00,0.00,0.00,0.00,0.00,0.00,0.00,0.00,The Kassam Stadium
1758981600,Sep 27 2025 - 2:00pm,incomplete,N/A,Southampton,Middlesbrough,N/A,7,3.00,3.00,3.00,3.00,0,0,0,0,0,0,"","",-1,-1,-1,-1,-1,-1,-1,-1,-1,-1,-1,-1,-1,-1,-1,-1,-1,-1,-1,-1,2.53,1.42,0.00,0.00,3.00,50,100,100,0,0,0,50,100,100,17.00,7.00,0.00,0.00,0.00,0.00,0.00,0.00,0.00,0.00,0.00,N/A
1758981600,Sep 27 2025 - 2:00pm,incomplete,N/A,Preston North End,Bristol City,N/A,7,3.00,3.00,3.00,3.00,0,0,0,0,0,0,"","",-1,-1,-1,-1,-1,-1,-1,-1,-1,-1,-1,-1,-1,-1,-1,-1,-1,-1,-1,-1,1.42,1.10,0.00,0.00,4.00,100,100,100,50,50,50,100,100,100,9.00,2.00,0.00,0.00,0.00,0.00,0.00,0.00,0.00,0.00,0.00,N/A
1758981600,Sep 27 2025 - 2:00pm,incomplete,N/A,Charlton Athletic,Blackburn Rovers,N/A,7,3.00,0.00,3.00,0.00,0,0,0,0,0,0,"","",-1,-1,-1,-1,-1,-1,-1,-1,-1,-1,-1,-1,-1,-1,-1,-1,-1,-1,-1,-1,1.28,0.96,0.00,0.00,1.00,0,0,0,0,0,0,50,0,50,10.00,1.00,0.00,0.00,0.00,0.00,0.00,0.00,0.00,0.00,0.00,The Valley
1758981600,Sep 27 2025 - 2:00pm,incomplete,N/A,Ipswich Town,Portsmouth,N/A,7,1.00,3.00,1.00,3.00,0,0,0,0,0,0,"","",-1,-1,-1,-1,-1,-1,-1,-1,-1,-1,-1,-1,-1,-1,-1,-1,-1,-1,-1,-1,1.22,1.17,0.00,0.00,1.50,50,50,0,0,0,50,100,0,0,8.00,4.00,0.00,0.00,0.00,0.00,0.00,0.00,0.00,0.00,0.00,Portman Road Stadium
1758981600,Sep 27 2025 - 2:00pm,incomplete,N/A,Watford,Hull City,N/A,7,3.00,1.00,3.00,1.00,0,0,0,0,0,0,"","",-1,-1,-1,-1,-1,-1,-1,-1,-1,-1,-1,-1,-1,-1,-1,-1,-1,-1,-1,-1,1.61,0.76,0.00,0.00,1.50,50,50,50,0,0,50,50,0,0,4.00,6.00,0.00,0.00,0.00,0.00,0.00,0.00,0.00,0.00,0.00,Vicarage Road
1758981600,Sep 27 2025 - 2:00pm,incomplete,N/A,Stoke City,Norwich City,N/A,7,3.00,3.00,3.00,3.00,0,0,0,0,0,0,"","",-1,-1,-1,-1,-1,-1,-1,-1,-1,-1,-1,-1,-1,-1,-1,-1,-1,-1,-1,-1,1.46,1.14,0.00,0.00,3.50,100,100,100,50,0,50,50,50,100,7.00,4.00,0.00,0.00,0.00,0.00,0.00,0.00,0.00,0.00,0.00,Bet365 Stadium
1758981600,Sep 27 2025 - 2:00pm,incomplete,N/A,Sheffield Wednesday,Queens Park Rangers,N/A,7,0.00,0.00,0.00,0.00,0,0,0,0,0,0,"","",-1,-1,-1,-1,-1,-1,-1,-1,-1,-1,-1,-1,-1,-1,-1,-1,-1,-1,-1,-1,1.59,1.41,0.00,0.00,3.00,50,100,100,0,0,50,100,50,50,10.00,2.00,0.00,0.00,0.00,0.00,0.00,0.00,0.00,0.00,0.00,Hillsborough Stadium
1759257900,Sep 30 2025 - 6:45pm,incomplete,N/A,Leicester City,Wrexham,N/A,8,3.00,0.00,3.00,0.00,0,0,0,0,0,0,"","",-1,-1,-1,-1,-1,-1,-1,-1,-1,-1,-1,-1,-1,-1,-1,-1,-1,-1,-1,-1,2.92,0.77,0.00,0.00,3.00,100,100,100,0,0,0,100,100,100,16.00,2.00,0.00,0.00,0.00,0.00,0.00,0.00,0.00,0.00,0.00,King Power Stadium
1759257900,Sep 30 2025 - 6:45pm,incomplete,N/A,Sheffield United,Southampton,N/A,8,0.00,1.00,0.00,1.00,0,0,0,0,0,0,"","",-1,-1,-1,-1,-1,-1,-1,-1,-1,-1,-1,-1,-1,-1,-1,-1,-1,-1,-1,-1,1.73,1.19,0.00,0.00,3.50,100,100,50,50,50,100,100,50,50,19.00,2.00,0.00,0.00,0.00,0.00,0.00,0.00,0.00,0.00,0.00,N/A
1759257900,Sep 30 2025 - 6:45pm,incomplete,N/A,Blackburn Rovers,Swansea City,N/A,8,0.00,0.00,0.00,0.00,0,0,0,0,0,0,"","",-1,-1,-1,-1,-1,-1,-1,-1,-1,-1,-1,-1,-1,-1,-1,-1,-1,-1,-1,-1,0.94,0.50,0.00,0.00,2.00,50,50,50,0,0,0,0,50,100,5.00,6.00,0.00,0.00,0.00,0.00,0.00,0.00,0.00,0.00,0.00,N/A
1759257900,Sep 30 2025 - 6:45pm,incomplete,N/A,Bristol City,Ipswich Town,N/A,8,1.00,1.00,1.00,1.00,0,0,0,0,0,0,"","",-1,-1,-1,-1,-1,-1,-1,-1,-1,-1,-1,-1,-1,-1,-1,-1,-1,-1,-1,-1,1.39,0.70,0.00,0.00,1.00,50,50,0,0,0,0,0,50,50,8.00,3.00,0.00,0.00,0.00,0.00,0.00,0.00,0.00,0.00,0.00,Ashton Gate Stadium
1759257900,Sep 30 2025 - 6:45pm,incomplete,N/A,Middlesbrough,Stoke City,N/A,8,3.00,3.00,3.00,3.00,0,0,0,0,0,0,"","",-1,-1,-1,-1,-1,-1,-1,-1,-1,-1,-1,-1,-1,-1,-1,-1,-1,-1,-1,-1,0.78,1.38,0.00,0.00,2.00,0,50,50,0,0,0,50,50,100,14.00,5.00,0.00,0.00,0.00,0.00,0.00,0.00,0.00,0.00,0.00,Riverside Stadium
1759257900,Sep 30 2025 - 6:45pm,incomplete,N/A,Birmingham City,Sheffield Wednesday,N/A,8,1.00,0.00,1.00,0.00,0,0,0,0,0,0,"","",-1,-1,-1,-1,-1,-1,-1,-1,-1,-1,-1,-1,-1,-1,-1,-1,-1,-1,-1,-1,1.11,0.80,0.00,0.00,2.50,100,100,50,0,0,0,50,100,100,4.00,4.00,0.00,0.00,0.00,0.00,0.00,0.00,0.00,0.00,0.00,St. Andrew's Stadium
1759257900,Sep 30 2025 - 6:45pm,incomplete,N/A,Hull City,Preston North End,N/A,8,3.00,1.00,3.00,1.00,0,0,0,0,0,0,"","",-1,-1,-1,-1,-1,-1,-1,-1,-1,-1,-1,-1,-1,-1,-1,-1,-1,-1,-1,-1,2.18,1.12,0.00,0.00,3.50,100,100,50,50,50,50,100,0,100,14.00,4.00,0.00,0.00,0.00,0.00,0.00,0.00,0.00,0.00,0.00,KCOM Stadium
1759258800,Sep 30 2025 - 7:00pm,incomplete,N/A,Derby County,Charlton Athletic,N/A,8,0.00,1.00,0.00,1.00,0,0,0,0,0,0,"","",-1,-1,-1,-1,-1,-1,-1,-1,-1,-1,-1,-1,-1,-1,-1,-1,-1,-1,-1,-1,1.32,0.83,0.00,0.00,4.00,50,50,50,50,50,50,50,50,50,12.00,3.00,0.00,0.00,0.00,0.00,0.00,0.00,0.00,0.00,0.00,N/A
1759344300,Oct 01 2025 - 6:45pm,incomplete,N/A,Portsmouth,Watford,N/A,8,0.00,0.00,0.00,0.00,0,0,0,0,0,0,"","",-1,-1,-1,-1,-1,-1,-1,-1,-1,-1,-1,-1,-1,-1,-1,-1,-1,-1,-1,-1,1.76,0.78,0.00,0.00,2.00,50,50,50,0,0,50,50,0,100,11.00,5.00,0.00,0.00,0.00,0.00,0.00,0.00,0.00,0.00,0.00,Fratton Park
1759344300,Oct 01 2025 - 6:45pm,incomplete,N/A,Norwich City,West Bromwich Albion,N/A,8,0.00,3.00,0.00,3.00,0,0,0,0,0,0,"","",-1,-1,-1,-1,-1,-1,-1,-1,-1,-1,-1,-1,-1,-1,-1,-1,-1,-1,-1,-1,1.17,1.73,0.00,0.00,4.00,100,100,100,50,50,50,50,100,100,11.00,1.00,0.00,0.00,0.00,0.00,0.00,0.00,0.00,0.00,0.00,Carrow Road
1759344300,Oct 01 2025 - 6:45pm,incomplete,N/A,Millwall,Coventry City,N/A,8,0.00,3.00,0.00,3.00,0,0,0,0,0,0,"","",-1,-1,-1,-1,-1,-1,-1,-1,-1,-1,-1,-1,-1,-1,-1,-1,-1,-1,-1,-1,1.00,2.01,0.00,0.00,5.50,50,100,100,50,50,50,50,100,100,10.00,9.00,0.00,0.00,0.00,0.00,0.00,0.00,0.00,0.00,0.00,The Den
1759345200,Oct 01 2025 - 7:00pm,incomplete,N/A,Queens Park Rangers,Oxford United,N/A,8,1.00,0.00,1.00,0.00,0,0,0,0,0,0,"","",-1,-1,-1,-1,-1,-1,-1,-1,-1,-1,-1,-1,-1,-1,-1,-1,-1,-1,-1,-1,0.99,1.34,0.00,0.00,3.50,100,100,50,50,50,50,100,0,100,9.00,1.00,0.00,0.00,0.00,0.00,0.00,0.00,0.00,0.00,0.00,Loftus Road Stadium
1759518000,Oct 03 2025 - 7:00pm,incomplete,N/A,Wrexham,Birmingham City,N/A,9,0.00,3.00,0.00,3.00,0,0,0,0,0,0,"","",-1,-1,-1,-1,-1,-1,-1,-1,-1,-1,-1,-1,-1,-1,-1,-1,-1,-1,-1,-1,1.45,1.21,0.00,0.00,4.00,100,100,100,50,50,50,50,100,100,10.00,4.00,0.00,0.00,0.00,0.00,0.00,0.00,0.00,0.00,0.00,N/A
1759577400,Oct 04 2025 - 11:30am,incomplete,N/A,Hull City,Sheffield United,N/A,9,3.00,0.00,3.00,0.00,0,0,0,0,0,0,"","",-1,-1,-1,-1,-1,-1,-1,-1,-1,-1,-1,-1,-1,-1,-1,-1,-1,-1,-1,-1,2.18,0.86,0.00,0.00,3.00,50,50,50,50,50,50,50,0,100,18.00,4.00,0.00,0.00,0.00,0.00,0.00,0.00,0.00,0.00,0.00,KCOM Stadium
1759577400,Oct 04 2025 - 11:30am,incomplete,N/A,Blackburn Rovers,Stoke City,N/A,9,0.00,3.00,0.00,3.00,0,0,0,0,0,0,"","",-1,-1,-1,-1,-1,-1,-1,-1,-1,-1,-1,-1,-1,-1,-1,-1,-1,-1,-1,-1,0.94,1.38,0.00,0.00,3.00,50,100,100,0,0,0,50,100,100,10.00,4.00,0.00,0.00,0.00,0.00,0.00,0.00,0.00,0.00,0.00,N/A
1759577400,Oct 04 2025 - 11:30am,incomplete,N/A,Sheffield Wednesday,Coventry City,N/A,9,0.00,3.00,0.00,3.00,0,0,0,0,0,0,"","",-1,-1,-1,-1,-1,-1,-1,-1,-1,-1,-1,-1,-1,-1,-1,-1,-1,-1,-1,-1,1.59,2.01,0.00,0.00,5.50,50,100,100,50,50,50,100,100,100,11.00,5.00,0.00,0.00,0.00,0.00,0.00,0.00,0.00,0.00,0.00,Hillsborough Stadium
1759586400,Oct 04 2025 - 2:00pm,incomplete,N/A,Preston North End,Charlton Athletic,N/A,9,3.00,1.00,3.00,1.00,0,0,0,0,0,0,"","",-1,-1,-1,-1,-1,-1,-1,-1,-1,-1,-1,-1,-1,-1,-1,-1,-1,-1,-1,-1,1.42,0.83,0.00,0.00,1.50,50,50,50,0,0,0,50,50,50,12.00,3.00,0.00,0.00,0.00,0.00,0.00,0.00,0.00,0.00,0.00,N/A
1759586400,Oct 04 2025 - 2:00pm,incomplete,N/A,Bristol City,Queens Park Rangers,N/A,9,1.00,0.00,1.00,0.00,0,0,0,0,0,0,"","",-1,-1,-1,-1,-1,-1,-1,-1,-1,-1,-1,-1,-1,-1,-1,-1,-1,-1,-1,-1,1.39,1.41,0.00,0.00,1.50,50,50,50,0,0,50,50,0,0,8.00,2.00,0.00,0.00,0.00,0.00,0.00,0.00,0.00,0.00,0.00,Ashton Gate Stadium
1759586400,Oct 04 2025 - 2:00pm,incomplete,N/A,Millwall,West Bromwich Albion,N/A,9,0.00,3.00,0.00,3.00,0,0,0,0,0,0,"","",-1,-1,-1,-1,-1,-1,-1,-1,-1,-1,-1,-1,-1,-1,-1,-1,-1,-1,-1,-1,1.00,1.73,0.00,0.00,4.00,50,100,100,50,50,50,50,100,100,10.00,4.00,0.00,0.00,0.00,0.00,0.00,0.00,0.00,0.00,0.00,The Den
1759586400,Oct 04 2025 - 2:00pm,incomplete,N/A,Swansea City,Leicester City,N/A,9,3.00,0.00,3.00,0.00,0,0,0,0,0,0,"","",-1,-1,-1,-1,-1,-1,-1,-1,-1,-1,-1,-1,-1,-1,-1,-1,-1,-1,-1,-1,1.36,1.52,0.00,0.00,2.00,50,50,50,0,0,0,50,50,100,8.00,1.00,0.00,0.00,0.00,0.00,0.00,0.00,0.00,0.00,0.00,Liberty Stadium
1759586400,Oct 04 2025 - 2:00pm,incomplete,N/A,Watford,Oxford United,N/A,9,3.00,0.00,3.00,0.00,0,0,0,0,0,0,"","",-1,-1,-1,-1,-1,-1,-1,-1,-1,-1,-1,-1,-1,-1,-1,-1,-1,-1,-1,-1,1.61,1.34,0.00,0.00,4.00,100,100,100,50,50,100,100,0,50,6.00,4.00,0.00,0.00,0.00,0.00,0.00,0.00,0.00,0.00,0.00,Vicarage Road
1759586400,Oct 04 2025 - 2:00pm,incomplete,N/A,Portsmouth,Middlesbrough,N/A,9,0.00,3.00,0.00,3.00,0,0,0,0,0,0,"","",-1,-1,-1,-1,-1,-1,-1,-1,-1,-1,-1,-1,-1,-1,-1,-1,-1,-1,-1,-1,1.76,1.42,0.00,0.00,3.00,50,100,100,0,0,50,50,50,100,19.00,8.00,0.00,0.00,0.00,0.00,0.00,0.00,0.00,0.00,0.00,Fratton Park
1759586400,Oct 04 2025 - 2:00pm,incomplete,N/A,Derby County,Southampton,N/A,9,0.00,1.00,0.00,1.00,0,0,0,0,0,0,"","",-1,-1,-1,-1,-1,-1,-1,-1,-1,-1,-1,-1,-1,-1,-1,-1,-1,-1,-1,-1,1.32,1.19,0.00,0.00,5.00,100,100,50,50,50,100,100,50,50,11.00,4.00,0.00,0.00,0.00,0.00,0.00,0.00,0.00,0.00,0.00,N/A
1759662000,Oct 05 2025 - 11:00am,incomplete,N/A,Ipswich Town,Norwich City,N/A,9,1.00,3.00,1.00,3.00,0,0,0,0,0,0,"","",-1,-1,-1,-1,-1,-1,-1,-1,-1,-1,-1,-1,-1,-1,-1,-1,-1,-1,-1,-1,1.22,1.14,0.00,0.00,2.50,100,100,50,0,0,100,100,0,50,4.00,5.00,0.00,0.00,0.00,0.00,0.00,0.00,0.00,0.00,0.00,Portman Road Stadium
1760727600,Oct 17 2025 - 7:00pm,incomplete,N/A,Middlesbrough,Ipswich Town,N/A,10,3.00,1.00,3.00,1.00,0,0,0,0,0,0,"","",-1,-1,-1,-1,-1,-1,-1,-1,-1,-1,-1,-1,-1,-1,-1,-1,-1,-1,-1,-1,0.78,0.70,0.00,0.00,1.50,50,50,0,0,0,0,0,50,100,11.00,5.00,0.00,0.00,0.00,0.00,0.00,0.00,0.00,0.00,0.00,Riverside Stadium
1760787000,Oct 18 2025 - 11:30am,incomplete,N/A,Oxford United,Derby County,N/A,10,0.00,0.00,0.00,0.00,0,0,0,0,0,0,"","",-1,-1,-1,-1,-1,-1,-1,-1,-1,-1,-1,-1,-1,-1,-1,-1,-1,-1,-1,-1,1.11,0.55,0.00,0.00,2.50,50,50,50,50,0,0,50,50,50,11.00,3.00,0.00,0.00,0.00,0.00,0.00,0.00,0.00,0.00,0.00,The Kassam Stadium
1760787000,Oct 18 2025 - 11:30am,incomplete,N/A,Queens Park Rangers,Millwall,N/A,10,1.00,3.00,1.00,3.00,0,0,0,0,0,0,"","",-1,-1,-1,-1,-1,-1,-1,-1,-1,-1,-1,-1,-1,-1,-1,-1,-1,-1,-1,-1,0.99,1.24,0.00,0.00,2.50,100,100,50,0,0,0,50,50,100,10.00,4.00,0.00,0.00,0.00,0.00,0.00,0.00,0.00,0.00,0.00,Loftus Road Stadium
1760787000,Oct 18 2025 - 11:30am,incomplete,N/A,Southampton,Swansea City,N/A,10,3.00,0.00,3.00,0.00,0,0,0,0,0,0,"","",-1,-1,-1,-1,-1,-1,-1,-1,-1,-1,-1,-1,-1,-1,-1,-1,-1,-1,-1,-1,2.53,0.50,0.00,0.00,2.00,50,50,50,0,0,0,50,50,100,9.00,7.00,0.00,0.00,0.00,0.00,0.00,0.00,0.00,0.00,0.00,N/A
1760796000,Oct 18 2025 - 2:00pm,incomplete,N/A,Birmingham City,Hull City,N/A,10,1.00,1.00,1.00,1.00,0,0,0,0,0,0,"","",-1,-1,-1,-1,-1,-1,-1,-1,-1,-1,-1,-1,-1,-1,-1,-1,-1,-1,-1,-1,1.11,0.76,0.00,0.00,1.00,50,50,0,0,0,0,0,50,50,3.00,5.00,0.00,0.00,0.00,0.00,0.00,0.00,0.00,0.00,0.00,St. Andrew's Stadium
1760796000,Oct 18 2025 - 2:00pm,incomplete,N/A,Charlton Athletic,Sheffield Wednesday,N/A,10,3.00,0.00,3.00,0.00,0,0,0,0,0,0,"","",-1,-1,-1,-1,-1,-1,-1,-1,-1,-1,-1,-1,-1,-1,-1,-1,-1,-1,-1,-1,1.28,0.80,0.00,0.00,2.00,50,50,50,0,0,0,50,50,100,6.00,3.00,0.00,0.00,0.00,0.00,0.00,0.00,0.00,0.00,0.00,The Valley
1760796000,Oct 18 2025 - 2:00pm,incomplete,N/A,Sheffield United,Watford,N/A,10,0.00,0.00,0.00,0.00,0,0,0,0,0,0,"","",-1,-1,-1,-1,-1,-1,-1,-1,-1,-1,-1,-1,-1,-1,-1,-1,-1,-1,-1,-1,1.73,0.78,0.00,0.00,3.00,50,50,50,50,50,50,50,50,100,16.00,2.00,0.00,0.00,0.00,0.00,0.00,0.00,0.00,0.00,0.00,N/A
1760796000,Oct 18 2025 - 2:00pm,incomplete,N/A,Norwich City,Bristol City,N/A,10,0.00,3.00,0.00,3.00,0,0,0,0,0,0,"","",-1,-1,-1,-1,-1,-1,-1,-1,-1,-1,-1,-1,-1,-1,-1,-1,-1,-1,-1,-1,1.17,1.10,0.00,0.00,4.00,100,100,100,50,50,50,50,100,100,9.00,1.00,0.00,0.00,0.00,0.00,0.00,0.00,0.00,0.00,0.00,Carrow Road
1760796000,Oct 18 2025 - 2:00pm,incomplete,N/A,Coventry City,Blackburn Rovers,N/A,10,1.00,0.00,1.00,0.00,0,0,0,0,0,0,"","",-1,-1,-1,-1,-1,-1,-1,-1,-1,-1,-1,-1,-1,-1,-1,-1,-1,-1,-1,-1,1.37,0.96,0.00,0.00,0.50,0,0,0,0,0,0,50,0,0,15.00,3.00,0.00,0.00,0.00,0.00,0.00,0.00,0.00,0.00,0.00,N/A
1760796000,Oct 18 2025 - 2:00pm,incomplete,N/A,West Bromwich Albion,Preston North End,N/A,10,3.00,1.00,3.00,1.00,0,0,0,0,0,0,"","",-1,-1,-1,-1,-1,-1,-1,-1,-1,-1,-1,-1,-1,-1,-1,-1,-1,-1,-1,-1,1.32,1.12,0.00,0.00,1.50,50,50,0,0,0,0,100,0,50,7.00,7.00,0.00,0.00,0.00,0.00,0.00,0.00,0.00,0.00,0.00,The Hawthorns
1760796000,Oct 18 2025 - 2:00pm,incomplete,N/A,Stoke City,Wrexham,N/A,10,3.00,0.00,3.00,0.00,0,0,0,0,0,0,"","",-1,-1,-1,-1,-1,-1,-1,-1,-1,-1,-1,-1,-1,-1,-1,-1,-1,-1,-1,-1,1.46,0.77,0.00,0.00,3.50,100,100,100,50,0,0,50,100,100,10.00,3.00,0.00,0.00,0.00,0.00,0.00,0.00,0.00,0.00,0.00,Bet365 Stadium
1760813100,Oct 18 2025 - 6:45pm,incomplete,N/A,Leicester City,Portsmouth,N/A,10,3.00,3.00,3.00,3.00,0,0,0,0,0,0,"","",-1,-1,-1,-1,-1,-1,-1,-1,-1,-1,-1,-1,-1,-1,-1,-1,-1,-1,-1,-1,2.92,1.17,0.00,0.00,2.00,50,50,50,0,0,0,100,50,50,17.00,2.00,0.00,0.00,0.00,0.00,0.00,0.00,0.00,0.00,0.00,King Power Stadium
1761072300,Oct 21 2025 - 6:45pm,incomplete,N/A,Derby County,Norwich City,N/A,11,0.00,3.00,0.00,3.00,0,0,0,0,0,0,"","",-1,-1,-1,-1,-1,-1,-1,-1,-1,-1,-1,-1,-1,-1,-1,-1,-1,-1,-1,-1,1.32,1.14,0.00,0.00,5.50,100,100,100,50,50,100,100,50,100,6.00,5.00,0.00,0.00,0.00,0.00,0.00,0.00,0.00,0.00,0.00,N/A
1761072300,Oct 21 2025 - 6:45pm,incomplete,N/A,Preston North End,Birmingham City,N/A,11,3.00,3.00,3.00,3.00,0,0,0,0,0,0,"","",-1,-1,-1,-1,-1,-1,-1,-1,-1,-1,-1,-1,-1,-1,-1,-1,-1,-1,-1,-1,1.42,1.21,0.00,0.00,3.00,100,100,100,0,0,0,50,100,100,11.00,4.00,0.00,0.00,0.00,0.00,0.00,0.00,0.00,0.00,0.00,N/A
1761072300,Oct 21 2025 - 6:45pm,incomplete,N/A,Blackburn Rovers,Sheffield United,N/A,11,0.00,0.00,0.00,0.00,0,0,0,0,0,0,"","",-1,-1,-1,-1,-1,-1,-1,-1,-1,-1,-1,-1,-1,-1,-1,-1,-1,-1,-1,-1,0.94,0.86,0.00,0.00,2.00,50,50,50,0,0,0,0,50,100,11.00,4.00,0.00,0.00,0.00,0.00,0.00,0.00,0.00,0.00,0.00,N/A
1761072300,Oct 21 2025 - 6:45pm,incomplete,N/A,Millwall,Stoke City,N/A,11,0.00,3.00,0.00,3.00,0,0,0,0,0,0,"","",-1,-1,-1,-1,-1,-1,-1,-1,-1,-1,-1,-1,-1,-1,-1,-1,-1,-1,-1,-1,1.00,1.38,0.00,0.00,3.00,0,100,100,0,0,0,50,100,100,12.00,7.00,0.00,0.00,0.00,0.00,0.00,0.00,0.00,0.00,0.00,The Den
1761072300,Oct 21 2025 - 6:45pm,incomplete,N/A,Hull City,Leicester City,N/A,11,3.00,0.00,3.00,0.00,0,0,0,0,0,0,"","",-1,-1,-1,-1,-1,-1,-1,-1,-1,-1,-1,-1,-1,-1,-1,-1,-1,-1,-1,-1,2.18,1.52,0.00,0.00,4.00,100,100,100,50,50,50,100,50,100,14.00,1.00,0.00,0.00,0.00,0.00,0.00,0.00,0.00,0.00,0.00,KCOM Stadium
1761072300,Oct 21 2025 - 6:45pm,incomplete,N/A,Ipswich Town,Charlton Athletic,N/A,11,1.00,1.00,1.00,1.00,0,0,0,0,0,0,"","",-1,-1,-1,-1,-1,-1,-1,-1,-1,-1,-1,-1,-1,-1,-1,-1,-1,-1,-1,-1,1.22,0.83,0.00,0.00,1.00,50,50,0,0,0,50,50,0,0,10.00,3.00,0.00,0.00,0.00,0.00,0.00,0.00,0.00,0.00,0.00,Portman Road Stadium
1761072300,Oct 21 2025 - 6:45pm,incomplete,N/A,Portsmouth,Coventry City,N/A,11,0.00,3.00,0.00,3.00,0,0,0,0,0,0,"","",-1,-1,-1,-1,-1,-1,-1,-1,-1,-1,-1,-1,-1,-1,-1,-1,-1,-1,-1,-1,1.76,2.01,0.00,0.00,5.50,100,100,100,50,50,100,100,50,100,14.00,8.00,0.00,0.00,0.00,0.00,0.00,0.00,0.00,0.00,0.00,Fratton Park
1761073200,Oct 21 2025 - 7:00pm,incomplete,N/A,Bristol City,Southampton,N/A,11,1.00,1.00,1.00,1.00,0,0,0,0,0,0,"","",-1,-1,-1,-1,-1,-1,-1,-1,-1,-1,-1,-1,-1,-1,-1,-1,-1,-1,-1,-1,1.39,1.19,0.00,0.00,1.00,50,50,0,0,0,50,50,0,0,9.00,2.00,0.00,0.00,0.00,0.00,0.00,0.00,0.00,0.00,0.00,Ashton Gate Stadium
1761158700,Oct 22 2025 - 6:45pm,incomplete,N/A,Wrexham,Oxford United,N/A,11,0.00,0.00,0.00,0.00,0,0,0,0,0,0,"","",-1,-1,-1,-1,-1,-1,-1,-1,-1,-1,-1,-1,-1,-1,-1,-1,-1,-1,-1,-1,1.45,1.34,0.00,0.00,5.00,100,100,100,100,100,100,100,50,100,9.00,3.00,0.00,0.00,0.00,0.00,0.00,0.00,0.00,0.00,0.00,N/A
1761158700,Oct 22 2025 - 6:45pm,incomplete,N/A,Swansea City,Queens Park Rangers,N/A,11,3.00,0.00,3.00,0.00,0,0,0,0,0,0,"","",-1,-1,-1,-1,-1,-1,-1,-1,-1,-1,-1,-1,-1,-1,-1,-1,-1,-1,-1,-1,1.36,1.41,0.00,0.00,2.00,50,50,50,0,0,50,50,0,50,8.00,3.00,0.00,0.00,0.00,0.00,0.00,0.00,0.00,0.00,0.00,Liberty Stadium
1761158700,Oct 22 2025 - 6:45pm,incomplete,N/A,Watford,West Bromwich Albion,N/A,11,3.00,3.00,3.00,3.00,0,0,0,0,0,0,"","",-1,-1,-1,-1,-1,-1,-1,-1,-1,-1,-1,-1,-1,-1,-1,-1,-1,-1,-1,-1,1.61,1.73,0.00,0.00,4.00,100,100,100,50,50,100,100,50,50,7.00,3.00,0.00,0.00,0.00,0.00,0.00,0.00,0.00,0.00,0.00,Vicarage Road
1761159600,Oct 22 2025 - 7:00pm,incomplete,N/A,Sheffield Wednesday,Middlesbrough,N/A,11,0.00,3.00,0.00,3.00,0,0,0,0,0,0,"","",-1,-1,-1,-1,-1,-1,-1,-1,-1,-1,-1,-1,-1,-1,-1,-1,-1,-1,-1,-1,1.59,1.42,0.00,0.00,3.00,0,100,100,0,0,0,50,100,100,16.00,5.00,0.00,0.00,0.00,0.00,0.00,0.00,0.00,0.00,0.00,Hillsborough Stadium
1761332400,Oct 24 2025 - 7:00pm,incomplete,N/A,Preston North End,Sheffield United,N/A,12,3.00,0.00,3.00,0.00,0,0,0,0,0,0,"","",-1,-1,-1,-1,-1,-1,-1,-1,-1,-1,-1,-1,-1,-1,-1,-1,-1,-1,-1,-1,1.42,0.86,0.00,0.00,2.00,50,50,50,0,0,0,50,50,100,14.00,5.00,0.00,0.00,0.00,0.00,0.00,0.00,0.00,0.00,0.00,N/A
1761391800,Oct 25 2025 - 11:30am,incomplete,N/A,Coventry City,Watford,N/A,12,1.00,0.00,1.00,0.00,0,0,0,0,0,0,"","",-1,-1,-1,-1,-1,-1,-1,-1,-1,-1,-1,-1,-1,-1,-1,-1,-1,-1,-1,-1,1.37,0.78,0.00,0.00,0.50,0,0,0,0,0,0,0,0,50,10.00,5.00,0.00,0.00,0.00,0.00,0.00,0.00,0.00,0.00,0.00,N/A
1761391800,Oct 25 2025 - 11:30am,incomplete,N/A,Ipswich Town,West Bromwich Albion,N/A,12,1.00,3.00,1.00,3.00,0,0,0,0,0,0,"","",-1,-1,-1,-1,-1,-1,-1,-1,-1,-1,-1,-1,-1,-1,-1,-1,-1,-1,-1,-1,1.22,1.73,0.00,0.00,3.50,100,100,50,50,50,100,100,50,50,9.00,2.00,0.00,0.00,0.00,0.00,0.00,0.00,0.00,0.00,0.00,Portman Road Stadium
1761391800,Oct 25 2025 - 11:30am,incomplete,N/A,Portsmouth,Stoke City,N/A,12,0.00,3.00,0.00,3.00,0,0,0,0,0,0,"","",-1,-1,-1,-1,-1,-1,-1,-1,-1,-1,-1,-1,-1,-1,-1,-1,-1,-1,-1,-1,1.76,1.38,0.00,0.00,3.00,50,100,100,0,0,50,100,50,100,16.00,6.00,0.00,0.00,0.00,0.00,0.00,0.00,0.00,0.00,0.00,Fratton Park
1761400800,Oct 25 2025 - 2:00pm,incomplete,N/A,Blackburn Rovers,Southampton,N/A,12,0.00,1.00,0.00,1.00,0,0,0,0,0,0,"","",-1,-1,-1,-1,-1,-1,-1,-1,-1,-1,-1,-1,-1,-1,-1,-1,-1,-1,-1,-1,0.94,1.19,0.00,0.00,2.50,100,100,50,0,0,50,50,50,50,8.00,3.00,0.00,0.00,0.00,0.00,0.00,0.00,0.00,0.00,0.00,N/A
1761400800,Oct 25 2025 - 2:00pm,incomplete,N/A,Bristol City,Birmingham City,N/A,12,1.00,3.00,1.00,3.00,0,0,0,0,0,0,"","",-1,-1,-1,-1,-1,-1,-1,-1,-1,-1,-1,-1,-1,-1,-1,-1,-1,-1,-1,-1,1.39,1.21,0.00,0.00,1.50,50,50,50,0,0,0,0,50,50,9.00,2.00,0.00,0.00,0.00,0.00,0.00,0.00,0.00,0.00,0.00,Ashton Gate Stadium
1761400800,Oct 25 2025 - 2:00pm,incomplete,N/A,Swansea City,Norwich City,N/A,12,3.00,3.00,3.00,3.00,0,0,0,0,0,0,"","",-1,-1,-1,-1,-1,-1,-1,-1,-1,-1,-1,-1,-1,-1,-1,-1,-1,-1,-1,-1,1.36,1.14,0.00,0.00,2.00,50,50,50,0,0,50,50,0,100,4.00,4.00,0.00,0.00,0.00,0.00,0.00,0.00,0.00,0.00,0.00,Liberty Stadium
1761400800,Oct 25 2025 - 2:00pm,incomplete,N/A,Hull City,Charlton Athletic,N/A,12,3.00,1.00,3.00,1.00,0,0,0,0,0,0,"","",-1,-1,-1,-1,-1,-1,-1,-1,-1,-1,-1,-1,-1,-1,-1,-1,-1,-1,-1,-1,2.18,0.83,0.00,0.00,2.50,50,50,50,50,50,50,50,0,50,16.00,2.00,0.00,0.00,0.00,0.00,0.00,0.00,0.00,0.00,0.00,KCOM Stadium
1761400800,Oct 25 2025 - 2:00pm,incomplete,N/A,Middlesbrough,Wrexham,N/A,12,3.00,0.00,3.00,0.00,0,0,0,0,0,0,"","",-1,-1,-1,-1,-1,-1,-1,-1,-1,-1,-1,-1,-1,-1,-1,-1,-1,-1,-1,-1,0.78,0.77,0.00,0.00,2.00,50,50,50,0,0,0,50,50,100,10.00,4.00,0.00,0.00,0.00,0.00,0.00,0.00,0.00,0.00,0.00,Riverside Stadium
1761400800,Oct 25 2025 - 2:00pm,incomplete,N/A,Millwall,Leicester City,N/A,12,0.00,0.00,0.00,0.00,0,0,0,0,0,0,"","",-1,-1,-1,-1,-1,-1,-1,-1,-1,-1,-1,-1,-1,-1,-1,-1,-1,-1,-1,-1,1.00,1.52,0.00,0.00,3.00,50,100,100,0,0,0,50,100,100,9.00,4.00,0.00,0.00,0.00,0.00,0.00,0.00,0.00,0.00,0.00,The Den
1761400800,Oct 25 2025 - 2:00pm,incomplete,N/A,Derby County,Queens Park Rangers,N/A,12,0.00,0.00,0.00,0.00,0,0,0,0,0,0,"","",-1,-1,-1,-1,-1,-1,-1,-1,-1,-1,-1,-1,-1,-1,-1,-1,-1,-1,-1,-1,1.32,1.41,0.00,0.00,5.50,100,100,100,50,50,100,100,50,50,10.00,4.00,0.00,0.00,0.00,0.00,0.00,0.00,0.00,0.00,0.00,N/A
1761400800,Oct 25 2025 - 2:00pm,incomplete,N/A,Sheffield Wednesday,Oxford United,N/A,12,0.00,0.00,0.00,0.00,0,0,0,0,0,0,"","",-1,-1,-1,-1,-1,-1,-1,-1,-1,-1,-1,-1,-1,-1,-1,-1,-1,-1,-1,-1,1.59,1.34,0.00,0.00,4.00,50,100,100,50,50,50,100,50,100,10.00,1.00,0.00,0.00,0.00,0.00,0.00,0.00,0.00,0.00,0.00,Hillsborough Stadium
1761940800,Oct 31 2025 - 8:00pm,incomplete,N/A,Wrexham,Coventry City,N/A,13,0.00,3.00,0.00,3.00,0,0,0,0,0,0,"","",-1,-1,-1,-1,-1,-1,-1,-1,-1,-1,-1,-1,-1,-1,-1,-1,-1,-1,-1,-1,1.45,2.01,0.00,0.00,6.50,100,100,100,100,100,100,100,100,100,10.00,7.00,0.00,0.00,0.00,0.00,0.00,0.00,0.00,0.00,0.00,N/A
1762000200,Nov 01 2025 - 12:30pm,incomplete,N/A,Leicester City,Blackburn Rovers,N/A,13,3.00,0.00,3.00,0.00,0,0,0,0,0,0,"","",-1,-1,-1,-1,-1,-1,-1,-1,-1,-1,-1,-1,-1,-1,-1,-1,-1,-1,-1,-1,2.92,0.96,0.00,0.00,2.00,50,50,50,0,0,0,100,50,50,20.00,0.00,0.00,0.00,0.00,0.00,0.00,0.00,0.00,0.00,0.00,King Power Stadium
1762000200,Nov 01 2025 - 12:30pm,incomplete,N/A,West Bromwich Albion,Sheffield Wednesday,N/A,13,3.00,0.00,3.00,0.00,0,0,0,0,0,0,"","",-1,-1,-1,-1,-1,-1,-1,-1,-1,-1,-1,-1,-1,-1,-1,-1,-1,-1,-1,-1,1.32,0.80,0.00,0.00,2.00,50,50,50,0,0,0,100,50,50,6.00,6.00,0.00,0.00,0.00,0.00,0.00,0.00,0.00,0.00,0.00,The Hawthorns
1762000200,Nov 01 2025 - 12:30pm,incomplete,N/A,Norwich City,Hull City,N/A,13,0.00,1.00,0.00,1.00,0,0,0,0,0,0,"","",-1,-1,-1,-1,-1,-1,-1,-1,-1,-1,-1,-1,-1,-1,-1,-1,-1,-1,-1,-1,1.17,0.76,0.00,0.00,1.50,50,50,50,0,0,0,0,50,50,8.00,4.00,0.00,0.00,0.00,0.00,0.00,0.00,0.00,0.00,0.00,Carrow Road
1762009200,Nov 01 2025 - 3:00pm,incomplete,N/A,Charlton Athletic,Swansea City,N/A,13,3.00,0.00,3.00,0.00,0,0,0,0,0,0,"","",-1,-1,-1,-1,-1,-1,-1,-1,-1,-1,-1,-1,-1,-1,-1,-1,-1,-1,-1,-1,1.28,0.50,0.00,0.00,1.00,0,0,0,0,0,0,0,0,100,5.00,6.00,0.00,0.00,0.00,0.00,0.00,0.00,0.00,0.00,0.00,The Valley
1762009200,Nov 01 2025 - 3:00pm,incomplete,N/A,Oxford United,Millwall,N/A,13,0.00,3.00,0.00,3.00,0,0,0,0,0,0,"","",-1,-1,-1,-1,-1,-1,-1,-1,-1,-1,-1,-1,-1,-1,-1,-1,-1,-1,-1,-1,1.11,1.24,0.00,0.00,2.00,50,50,50,0,0,0,50,50,50,13.00,5.00,0.00,0.00,0.00,0.00,0.00,0.00,0.00,0.00,0.00,The Kassam Stadium
1762009200,Nov 01 2025 - 3:00pm,incomplete,N/A,Stoke City,Bristol City,N/A,13,3.00,3.00,3.00,3.00,0,0,0,0,0,0,"","",-1,-1,-1,-1,-1,-1,-1,-1,-1,-1,-1,-1,-1,-1,-1,-1,-1,-1,-1,-1,1.46,1.10,0.00,0.00,4.50,100,100,100,100,50,50,50,100,100,10.00,1.00,0.00,0.00,0.00,0.00,0.00,0.00,0.00,0.00,0.00,Bet365 Stadium
1762009200,Nov 01 2025 - 3:00pm,incomplete,N/A,Watford,Middlesbrough,N/A,13,3.00,3.00,3.00,3.00,0,0,0,0,0,0,"","",-1,-1,-1,-1,-1,-1,-1,-1,-1,-1,-1,-1,-1,-1,-1,-1,-1,-1,-1,-1,1.61,1.42,0.00,0.00,3.00,50,100,100,0,0,50,50,50,50,12.00,8.00,0.00,0.00,0.00,0.00,0.00,0.00,0.00,0.00,0.00,Vicarage Road
1762009200,Nov 01 2025 - 3:00pm,incomplete,N/A,Sheffield United,Derby County,N/A,13,0.00,0.00,0.00,0.00,0,0,0,0,0,0,"","",-1,-1,-1,-1,-1,-1,-1,-1,-1,-1,-1,-1,-1,-1,-1,-1,-1,-1,-1,-1,1.73,0.55,0.00,0.00,4.50,100,100,100,100,50,50,50,100,100,17.00,2.00,0.00,0.00,0.00,0.00,0.00,0.00,0.00,0.00,0.00,N/A
1762009200,Nov 01 2025 - 3:00pm,incomplete,N/A,Birmingham City,Portsmouth,N/A,13,1.00,3.00,1.00,3.00,0,0,0,0,0,0,"","",-1,-1,-1,-1,-1,-1,-1,-1,-1,-1,-1,-1,-1,-1,-1,-1,-1,-1,-1,-1,1.11,1.17,0.00,0.00,1.50,50,50,0,0,0,0,50,50,50,5.00,4.00,0.00,0.00,0.00,0.00,0.00,0.00,0.00,0.00,0.00,St. Andrew's Stadium
1762009200,Nov 01 2025 - 3:00pm,incomplete,N/A,Queens Park Rangers,Ipswich Town,N/A,13,1.00,1.00,1.00,1.00,0,0,0,0,0,0,"","",-1,-1,-1,-1,-1,-1,-1,-1,-1,-1,-1,-1,-1,-1,-1,-1,-1,-1,-1,-1,0.99,0.70,0.00,0.00,2.00,100,100,0,0,0,0,50,50,100,9.00,3.00,0.00,0.00,0.00,0.00,0.00,0.00,0.00,0.00,0.00,Loftus Road Stadium
1762009200,Nov 01 2025 - 3:00pm,incomplete,N/A,Southampton,Preston North End,N/A,13,3.00,1.00,3.00,1.00,0,0,0,0,0,0,"","",-1,-1,-1,-1,-1,-1,-1,-1,-1,-1,-1,-1,-1,-1,-1,-1,-1,-1,-1,-1,2.53,1.12,0.00,0.00,2.50,100,100,50,0,0,0,100,50,100,11.00,5.00,0.00,0.00,0.00,0.00,0.00,0.00,0.00,0.00,0.00,N/A
1762285500,Nov 04 2025 - 7:45pm,incomplete,N/A,Oxford United,Stoke City,N/A,14,0.00,3.00,0.00,3.00,0,0,0,0,0,0,"","",-1,-1,-1,-1,-1,-1,-1,-1,-1,-1,-1,-1,-1,-1,-1,-1,-1,-1,-1,-1,1.11,1.38,0.00,0.00,2.00,0,50,50,0,0,0,100,50,50,15.00,4.00,0.00,0.00,0.00,0.00,0.00,0.00,0.00,0.00,0.00,The Kassam Stadium
1762285500,Nov 04 2025 - 7:45pm,incomplete,N/A,Bristol City,Blackburn Rovers,N/A,14,1.00,0.00,1.00,0.00,0,0,0,0,0,0,"","",-1,-1,-1,-1,-1,-1,-1,-1,-1,-1,-1,-1,-1,-1,-1,-1,-1,-1,-1,-1,1.39,0.96,0.00,0.00,0.50,0,0,0,0,0,0,50,0,0,11.00,0.00,0.00,0.00,0.00,0.00,0.00,0.00,0.00,0.00,0.00,Ashton Gate Stadium
1762285500,Nov 04 2025 - 7:45pm,incomplete,N/A,Birmingham City,Millwall,N/A,14,1.00,3.00,1.00,3.00,0,0,0,0,0,0,"","",-1,-1,-1,-1,-1,-1,-1,-1,-1,-1,-1,-1,-1,-1,-1,-1,-1,-1,-1,-1,1.11,1.24,0.00,0.00,2.50,100,100,50,0,0,0,0,100,100,6.00,6.00,0.00,0.00,0.00,0.00,0.00,0.00,0.00,0.00,0.00,St. Andrew's Stadium
1762285500,Nov 04 2025 - 7:45pm,incomplete,N/A,Leicester City,Middlesbrough,N/A,14,3.00,3.00,3.00,3.00,0,0,0,0,0,0,"","",-1,-1,-1,-1,-1,-1,-1,-1,-1,-1,-1,-1,-1,-1,-1,-1,-1,-1,-1,-1,2.92,1.42,0.00,0.00,3.00,50,100,100,0,0,0,50,100,100,23.00,5.00,0.00,0.00,0.00,0.00,0.00,0.00,0.00,0.00,0.00,King Power Stadium
1762285500,Nov 04 2025 - 7:45pm,incomplete,N/A,Charlton Athletic,West Bromwich Albion,N/A,14,3.00,3.00,3.00,3.00,0,0,0,0,0,0,"","",-1,-1,-1,-1,-1,-1,-1,-1,-1,-1,-1,-1,-1,-1,-1,-1,-1,-1,-1,-1,1.28,1.73,0.00,0.00,3.00,50,50,50,50,50,50,50,50,100,8.00,1.00,0.00,0.00,0.00,0.00,0.00,0.00,0.00,0.00,0.00,The Valley
1762285500,Nov 04 2025 - 7:45pm,incomplete,N/A,Derby County,Hull City,N/A,14,0.00,1.00,0.00,1.00,0,0,0,0,0,0,"","",-1,-1,-1,-1,-1,-1,-1,-1,-1,-1,-1,-1,-1,-1,-1,-1,-1,-1,-1,-1,1.32,0.76,0.00,0.00,4.00,50,50,50,50,50,50,50,50,50,8.00,5.00,0.00,0.00,0.00,0.00,0.00,0.00,0.00,0.00,0.00,N/A
1762285500,Nov 04 2025 - 7:45pm,incomplete,N/A,Ipswich Town,Watford,N/A,14,1.00,0.00,1.00,0.00,0,0,0,0,0,0,"","",-1,-1,-1,-1,-1,-1,-1,-1,-1,-1,-1,-1,-1,-1,-1,-1,-1,-1,-1,-1,1.22,0.78,0.00,0.00,1.50,50,50,0,0,0,50,50,0,50,6.00,4.00,0.00,0.00,0.00,0.00,0.00,0.00,0.00,0.00,0.00,Portman Road Stadium
1762286400,Nov 04 2025 - 8:00pm,incomplete,N/A,Coventry City,Sheffield United,N/A,14,1.00,0.00,1.00,0.00,0,0,0,0,0,0,"","",-1,-1,-1,-1,-1,-1,-1,-1,-1,-1,-1,-1,-1,-1,-1,-1,-1,-1,-1,-1,1.37,0.86,0.00,0.00,0.50,0,0,0,0,0,0,0,0,50,16.00,6.00,0.00,0.00,0.00,0.00,0.00,0.00,0.00,0.00,0.00,N/A
1762371900,Nov 05 2025 - 7:45pm,incomplete,N/A,Preston North End,Swansea City,N/A,14,3.00,0.00,3.00,0.00,0,0,0,0,0,0,"","",-1,-1,-1,-1,-1,-1,-1,-1,-1,-1,-1,-1,-1,-1,-1,-1,-1,-1,-1,-1,1.42,0.50,0.00,0.00,2.00,50,50,50,0,0,0,50,50,100,8.00,7.00,0.00,0.00,0.00,0.00,0.00,0.00,0.00,0.00,0.00,N/A
1762371900,Nov 05 2025 - 7:45pm,incomplete,N/A,Sheffield Wednesday,Norwich City,N/A,14,0.00,3.00,0.00,3.00,0,0,0,0,0,0,"","",-1,-1,-1,-1,-1,-1,-1,-1,-1,-1,-1,-1,-1,-1,-1,-1,-1,-1,-1,-1,1.59,1.14,0.00,0.00,3.00,50,100,100,0,0,50,100,50,100,6.00,3.00,0.00,0.00,0.00,0.00,0.00,0.00,0.00,0.00,0.00,Hillsborough Stadium
1762371900,Nov 05 2025 - 7:45pm,incomplete,N/A,Queens Park Rangers,Southampton,N/A,14,1.00,1.00,1.00,1.00,0,0,0,0,0,0,"","",-1,-1,-1,-1,-1,-1,-1,-1,-1,-1,-1,-1,-1,-1,-1,-1,-1,-1,-1,-1,0.99,1.19,0.00,0.00,2.00,100,100,0,0,0,50,100,0,50,10.00,2.00,0.00,0.00,0.00,0.00,0.00,0.00,0.00,0.00,0.00,Loftus Road Stadium
1762372800,Nov 05 2025 - 8:00pm,incomplete,N/A,Portsmouth,Wrexham,N/A,14,0.00,0.00,0.00,0.00,0,0,0,0,0,0,"","",-1,-1,-1,-1,-1,-1,-1,-1,-1,-1,-1,-1,-1,-1,-1,-1,-1,-1,-1,-1,1.76,0.77,0.00,0.00,3.00,100,100,100,0,0,50,100,50,100,12.00,5.00,0.00,0.00,0.00,0.00,0.00,0.00,0.00,0.00,0.00,Fratton Park
1762545600,Nov 07 2025 - 8:00pm,incomplete,N/A,Watford,Bristol City,N/A,15,3.00,3.00,3.00,3.00,0,0,0,0,0,0,"","",-1,-1,-1,-1,-1,-1,-1,-1,-1,-1,-1,-1,-1,-1,-1,-1,-1,-1,-1,-1,1.61,1.10,0.00,0.00,4.00,100,100,100,50,50,100,100,50,50,5.00,3.00,0.00,0.00,0.00,0.00,0.00,0.00,0.00,0.00,0.00,Vicarage Road
1762605000,Nov 08 2025 - 12:30pm,incomplete,N/A,Millwall,Preston North End,N/A,15,0.00,1.00,0.00,1.00,0,0,0,0,0,0,"","",-1,-1,-1,-1,-1,-1,-1,-1,-1,-1,-1,-1,-1,-1,-1,-1,-1,-1,-1,-1,1.00,1.12,0.00,0.00,2.50,50,100,50,0,0,0,50,50,100,9.00,7.00,0.00,0.00,0.00,0.00,0.00,0.00,0.00,0.00,0.00,The Den
1762605000,Nov 08 2025 - 12:30pm,incomplete,N/A,Blackburn Rovers,Derby County,N/A,15,0.00,0.00,0.00,0.00,0,0,0,0,0,0,"","",-1,-1,-1,-1,-1,-1,-1,-1,-1,-1,-1,-1,-1,-1,-1,-1,-1,-1,-1,-1,0.94,0.55,0.00,0.00,3.50,100,100,100,50,0,0,0,100,100,6.00,3.00,0.00,0.00,0.00,0.00,0.00,0.00,0.00,0.00,0.00,N/A
1762605000,Nov 08 2025 - 12:30pm,incomplete,N/A,Hull City,Portsmouth,N/A,15,3.00,3.00,3.00,3.00,0,0,0,0,0,0,"","",-1,-1,-1,-1,-1,-1,-1,-1,-1,-1,-1,-1,-1,-1,-1,-1,-1,-1,-1,-1,2.18,1.17,0.00,0.00,3.00,50,50,50,50,50,50,100,0,50,14.00,3.00,0.00,0.00,0.00,0.00,0.00,0.00,0.00,0.00,0.00,KCOM Stadium
1762614000,Nov 08 2025 - 3:00pm,incomplete,N/A,Middlesbrough,Birmingham City,N/A,15,3.00,3.00,3.00,3.00,0,0,0,0,0,0,"","",-1,-1,-1,-1,-1,-1,-1,-1,-1,-1,-1,-1,-1,-1,-1,-1,-1,-1,-1,-1,0.78,1.21,0.00,0.00,2.00,50,50,50,0,0,0,0,50,100,12.00,4.00,0.00,0.00,0.00,0.00,0.00,0.00,0.00,0.00,0.00,Riverside Stadium
1762614000,Nov 08 2025 - 3:00pm,incomplete,N/A,Norwich City,Leicester City,N/A,15,0.00,0.00,0.00,0.00,0,0,0,0,0,0,"","",-1,-1,-1,-1,-1,-1,-1,-1,-1,-1,-1,-1,-1,-1,-1,-1,-1,-1,-1,-1,1.17,1.52,0.00,0.00,3.00,100,100,100,0,0,0,50,100,100,10.00,1.00,0.00,0.00,0.00,0.00,0.00,0.00,0.00,0.00,0.00,Carrow Road
1762614000,Nov 08 2025 - 3:00pm,incomplete,N/A,Stoke City,Coventry City,N/A,15,3.00,3.00,3.00,3.00,0,0,0,0,0,0,"","",-1,-1,-1,-1,-1,-1,-1,-1,-1,-1,-1,-1,-1,-1,-1,-1,-1,-1,-1,-1,1.46,2.01,0.00,0.00,6.00,100,100,100,100,50,50,50,100,100,12.00,6.00,0.00,0.00,0.00,0.00,0.00,0.00,0.00,0.00,0.00,Bet365 Stadium
1762614000,Nov 08 2025 - 3:00pm,incomplete,N/A,Swansea City,Ipswich Town,N/A,15,3.00,1.00,3.00,1.00,0,0,0,0,0,0,"","",-1,-1,-1,-1,-1,-1,-1,-1,-1,-1,-1,-1,-1,-1,-1,-1,-1,-1,-1,-1,1.36,0.70,0.00,0.00,1.50,50,50,0,0,0,0,0,50,100,8.00,4.00,0.00,0.00,0.00,0.00,0.00,0.00,0.00,0.00,0.00,Liberty Stadium
1762614000,Nov 08 2025 - 3:00pm,incomplete,N/A,Wrexham,Charlton Athletic,N/A,15,0.00,1.00,0.00,1.00,0,0,0,0,0,0,"","",-1,-1,-1,-1,-1,-1,-1,-1,-1,-1,-1,-1,-1,-1,-1,-1,-1,-1,-1,-1,1.45,0.83,0.00,0.00,2.50,50,50,50,50,50,50,50,50,50,11.00,3.00,0.00,0.00,0.00,0.00,0.00,0.00,0.00,0.00,0.00,N/A
1762614000,Nov 08 2025 - 3:00pm,incomplete,N/A,Sheffield United,Queens Park Rangers,N/A,15,0.00,0.00,0.00,0.00,0,0,0,0,0,0,"","",-1,-1,-1,-1,-1,-1,-1,-1,-1,-1,-1,-1,-1,-1,-1,-1,-1,-1,-1,-1,1.73,1.41,0.00,0.00,4.00,100,100,100,50,50,100,100,50,50,18.00,2.00,0.00,0.00,0.00,0.00,0.00,0.00,0.00,0.00,0.00,N/A
1762614000,Nov 08 2025 - 3:00pm,incomplete,N/A,Southampton,Sheffield Wednesday,N/A,15,3.00,0.00,3.00,0.00,0,0,0,0,0,0,"","",-1,-1,-1,-1,-1,-1,-1,-1,-1,-1,-1,-1,-1,-1,-1,-1,-1,-1,-1,-1,2.53,0.80,0.00,0.00,3.00,100,100,100,0,0,0,100,100,100,10.00,4.00,0.00,0.00,0.00,0.00,0.00,0.00,0.00,0.00,0.00,N/A
1762614000,Nov 08 2025 - 3:00pm,incomplete,N/A,West Bromwich Albion,Oxford United,N/A,15,3.00,0.00,3.00,0.00,0,0,0,0,0,0,"","",-1,-1,-1,-1,-1,-1,-1,-1,-1,-1,-1,-1,-1,-1,-1,-1,-1,-1,-1,-1,1.32,1.34,0.00,0.00,3.00,50,50,50,50,50,50,100,0,50,7.00,5.00,0.00,0.00,0.00,0.00,0.00,0.00,0.00,0.00,0.00,The Hawthorns
1763755200,Nov 21 2025 - 8:00pm,incomplete,N/A,Preston North End,Blackburn Rovers,N/A,16,3.00,0.00,3.00,0.00,0,0,0,0,0,0,"","",-1,-1,-1,-1,-1,-1,-1,-1,-1,-1,-1,-1,-1,-1,-1,-1,-1,-1,-1,-1,1.42,0.96,0.00,0.00,2.00,50,50,50,0,0,0,100,50,50,13.00,2.00,0.00,0.00,0.00,0.00,0.00,0.00,0.00,0.00,0.00,N/A
1763814600,Nov 22 2025 - 12:30pm,incomplete,N/A,Bristol City,Swansea City,N/A,16,1.00,0.00,1.00,0.00,0,0,0,0,0,0,"","",-1,-1,-1,-1,-1,-1,-1,-1,-1,-1,-1,-1,-1,-1,-1,-1,-1,-1,-1,-1,1.39,0.50,0.00,0.00,0.50,0,0,0,0,0,0,0,0,50,6.00,5.00,0.00,0.00,0.00,0.00,0.00,0.00,0.00,0.00,0.00,Ashton Gate Stadium
1763814600,Nov 22 2025 - 12:30pm,incomplete,N/A,Coventry City,West Bromwich Albion,N/A,16,1.00,3.00,1.00,3.00,0,0,0,0,0,0,"","",-1,-1,-1,-1,-1,-1,-1,-1,-1,-1,-1,-1,-1,-1,-1,-1,-1,-1,-1,-1,1.37,1.73,0.00,0.00,2.50,50,50,50,50,50,50,50,50,50,13.00,3.00,0.00,0.00,0.00,0.00,0.00,0.00,0.00,0.00,0.00,N/A
1763823600,Nov 22 2025 - 3:00pm,incomplete,N/A,Leicester City,Stoke City,N/A,16,3.00,3.00,3.00,3.00,0,0,0,0,0,0,"","",-1,-1,-1,-1,-1,-1,-1,-1,-1,-1,-1,-1,-1,-1,-1,-1,-1,-1,-1,-1,2.92,1.38,0.00,0.00,3.00,50,100,100,0,0,0,100,100,100,20.00,3.00,0.00,0.00,0.00,0.00,0.00,0.00,0.00,0.00,0.00,King Power Stadium
1763823600,Nov 22 2025 - 3:00pm,incomplete,N/A,Oxford United,Middlesbrough,N/A,16,0.00,3.00,0.00,3.00,0,0,0,0,0,0,"","",-1,-1,-1,-1,-1,-1,-1,-1,-1,-1,-1,-1,-1,-1,-1,-1,-1,-1,-1,-1,1.11,1.42,0.00,0.00,2.00,0,50,50,0,0,0,50,50,50,18.00,6.00,0.00,0.00,0.00,0.00,0.00,0.00,0.00,0.00,0.00,The Kassam Stadium
1763823600,Nov 22 2025 - 3:00pm,incomplete,N/A,Birmingham City,Norwich City,N/A,16,1.00,3.00,1.00,3.00,0,0,0,0,0,0,"","",-1,-1,-1,-1,-1,-1,-1,-1,-1,-1,-1,-1,-1,-1,-1,-1,-1,-1,-1,-1,1.11,1.14,0.00,0.00,2.50,100,100,50,0,0,50,50,50,100,1.00,5.00,0.00,0.00,0.00,0.00,0.00,0.00,0.00,0.00,0.00,St. Andrew's Stadium
1763823600,Nov 22 2025 - 3:00pm,incomplete,N/A,Derby County,Watford,N/A,16,0.00,0.00,0.00,0.00,0,0,0,0,0,0,"","",-1,-1,-1,-1,-1,-1,-1,-1,-1,-1,-1,-1,-1,-1,-1,-1,-1,-1,-1,-1,1.32,0.78,0.00,0.00,4.50,50,50,50,50,50,50,50,50,100,8.00,4.00,0.00,0.00,0.00,0.00,0.00,0.00,0.00,0.00,0.00,N/A
1763823600,Nov 22 2025 - 3:00pm,incomplete,N/A,Ipswich Town,Wrexham,N/A,16,1.00,0.00,1.00,0.00,0,0,0,0,0,0,"","",-1,-1,-1,-1,-1,-1,-1,-1,-1,-1,-1,-1,-1,-1,-1,-1,-1,-1,-1,-1,1.22,0.77,0.00,0.00,2.50,100,100,50,0,0,50,100,50,50,7.00,4.00,0.00,0.00,0.00,0.00,0.00,0.00,0.00,0.00,0.00,Portman Road Stadium
1763823600,Nov 22 2025 - 3:00pm,incomplete,N/A,Portsmouth,Millwall,N/A,16,0.00,3.00,0.00,3.00,0,0,0,0,0,0,"","",-1,-1,-1,-1,-1,-1,-1,-1,-1,-1,-1,-1,-1,-1,-1,-1,-1,-1,-1,-1,1.76,1.24,0.00,0.00,3.00,100,100,100,0,0,50,50,50,100,14.00,7.00,0.00,0.00,0.00,0.00,0.00,0.00,0.00,0.00,0.00,Fratton Park
1763823600,Nov 22 2025 - 3:00pm,incomplete,N/A,Queens Park Rangers,Hull City,N/A,16,1.00,1.00,1.00,1.00,0,0,0,0,0,0,"","",-1,-1,-1,-1,-1,-1,-1,-1,-1,-1,-1,-1,-1,-1,-1,-1,-1,-1,-1,-1,0.99,0.76,0.00,0.00,1.00,50,50,0,0,0,0,50,0,50,7.00,3.00,0.00,0.00,0.00,0.00,0.00,0.00,0.00,0.00,0.00,Loftus Road Stadium
1763899200,Nov 23 2025 - 12:00pm,incomplete,N/A,Sheffield Wednesday,Sheffield United,N/A,16,0.00,0.00,0.00,0.00,0,0,0,0,0,0,"","",-1,-1,-1,-1,-1,-1,-1,-1,-1,-1,-1,-1,-1,-1,-1,-1,-1,-1,-1,-1,1.59,0.86,0.00,0.00,2.00,0,50,50,0,0,0,50,50,100,14.00,3.00,0.00,0.00,0.00,0.00,0.00,0.00,0.00,0.00,0.00,Hillsborough Stadium
1763906400,Nov 23 2025 - 2:00pm,incomplete,N/A,Charlton Athletic,Southampton,N/A,16,3.00,1.00,3.00,1.00,0,0,0,0,0,0,"","",-1,-1,-1,-1,-1,-1,-1,-1,-1,-1,-1,-1,-1,-1,-1,-1,-1,-1,-1,-1,1.28,1.19,0.00,0.00,1.50,50,50,0,0,0,50,50,0,50,8.00,3.00,0.00,0.00,0.00,0.00,0.00,0.00,0.00,0.00,0.00,The Valley
1764099900,Nov 25 2025 - 7:45pm,incomplete,N/A,Hull City,Ipswich Town,N/A,17,3.00,1.00,3.00,1.00,0,0,0,0,0,0,"","",-1,-1,-1,-1,-1,-1,-1,-1,-1,-1,-1,-1,-1,-1,-1,-1,-1,-1,-1,-1,2.18,0.70,0.00,0.00,3.50,100,100,50,50,50,50,50,50,100,14.00,4.00,0.00,0.00,0.00,0.00,0.00,0.00,0.00,0.00,0.00,KCOM Stadium
1764099900,Nov 25 2025 - 7:45pm,incomplete,N/A,Middlesbrough,Coventry City,N/A,17,3.00,3.00,3.00,3.00,0,0,0,0,0,0,"","",-1,-1,-1,-1,-1,-1,-1,-1,-1,-1,-1,-1,-1,-1,-1,-1,-1,-1,-1,-1,0.78,2.01,0.00,0.00,4.50,50,50,50,50,50,50,50,50,100,12.00,7.00,0.00,0.00,0.00,0.00,0.00,0.00,0.00,0.00,0.00,Riverside Stadium
1764099900,Nov 25 2025 - 7:45pm,incomplete,N/A,Stoke City,Charlton Athletic,N/A,17,3.00,1.00,3.00,1.00,0,0,0,0,0,0,"","",-1,-1,-1,-1,-1,-1,-1,-1,-1,-1,-1,-1,-1,-1,-1,-1,-1,-1,-1,-1,1.46,0.83,0.00,0.00,2.00,50,50,50,50,0,0,0,50,50,13.00,2.00,0.00,0.00,0.00,0.00,0.00,0.00,0.00,0.00,0.00,Bet365 Stadium
1764099900,Nov 25 2025 - 7:45pm,incomplete,N/A,Swansea City,Derby County,N/A,17,3.00,0.00,3.00,0.00,0,0,0,0,0,0,"","",-1,-1,-1,-1,-1,-1,-1,-1,-1,-1,-1,-1,-1,-1,-1,-1,-1,-1,-1,-1,1.36,0.55,0.00,0.00,2.50,50,50,50,50,0,0,0,50,100,7.00,3.00,0.00,0.00,0.00,0.00,0.00,0.00,0.00,0.00,0.00,Liberty Stadium
1764099900,Nov 25 2025 - 7:45pm,incomplete,N/A,Watford,Preston North End,N/A,17,3.00,1.00,3.00,1.00,0,0,0,0,0,0,"","",-1,-1,-1,-1,-1,-1,-1,-1,-1,-1,-1,-1,-1,-1,-1,-1,-1,-1,-1,-1,1.61,1.12,0.00,0.00,2.50,100,100,50,0,0,50,100,0,50,6.00,6.00,0.00,0.00,0.00,0.00,0.00,0.00,0.00,0.00,0.00,Vicarage Road
1764099900,Nov 25 2025 - 7:45pm,incomplete,N/A,Norwich City,Oxford United,N/A,17,0.00,0.00,0.00,0.00,0,0,0,0,0,0,"","",-1,-1,-1,-1,-1,-1,-1,-1,-1,-1,-1,-1,-1,-1,-1,-1,-1,-1,-1,-1,1.17,1.34,0.00,0.00,4.00,100,100,100,50,50,50,50,50,100,10.00,2.00,0.00,0.00,0.00,0.00,0.00,0.00,0.00,0.00,0.00,Carrow Road
1764100800,Nov 25 2025 - 8:00pm,incomplete,N/A,Southampton,Leicester City,N/A,17,3.00,0.00,3.00,0.00,0,0,0,0,0,0,"","",-1,-1,-1,-1,-1,-1,-1,-1,-1,-1,-1,-1,-1,-1,-1,-1,-1,-1,-1,-1,2.53,1.52,0.00,0.00,3.00,100,100,100,0,0,0,100,100,100,11.00,2.00,0.00,0.00,0.00,0.00,0.00,0.00,0.00,0.00,0.00,N/A
1764186300,Nov 26 2025 - 7:45pm,incomplete,N/A,Millwall,Sheffield Wednesday,N/A,17,0.00,0.00,0.00,0.00,0,0,0,0,0,0,"","",-1,-1,-1,-1,-1,-1,-1,-1,-1,-1,-1,-1,-1,-1,-1,-1,-1,-1,-1,-1,1.00,0.80,0.00,0.00,3.00,50,100,100,0,0,0,50,100,100,8.00,6.00,0.00,0.00,0.00,0.00,0.00,0.00,0.00,0.00,0.00,The Den
1764186300,Nov 26 2025 - 7:45pm,incomplete,N/A,Sheffield United,Portsmouth,N/A,17,0.00,3.00,0.00,3.00,0,0,0,0,0,0,"","",-1,-1,-1,-1,-1,-1,-1,-1,-1,-1,-1,-1,-1,-1,-1,-1,-1,-1,-1,-1,1.73,1.17,0.00,0.00,3.00,50,50,50,50,50,50,100,50,50,18.00,2.00,0.00,0.00,0.00,0.00,0.00,0.00,0.00,0.00,0.00,N/A
1764186300,Nov 26 2025 - 7:45pm,incomplete,N/A,Blackburn Rovers,Queens Park Rangers,N/A,17,0.00,0.00,0.00,0.00,0,0,0,0,0,0,"","",-1,-1,-1,-1,-1,-1,-1,-1,-1,-1,-1,-1,-1,-1,-1,-1,-1,-1,-1,-1,0.94,1.41,0.00,0.00,3.00,100,100,100,0,0,50,50,50,50,7.00,3.00,0.00,0.00,0.00,0.00,0.00,0.00,0.00,0.00,0.00,N/A
1764186300,Nov 26 2025 - 7:45pm,incomplete,N/A,Wrexham,Bristol City,N/A,17,0.00,3.00,0.00,3.00,0,0,0,0,0,0,"","",-1,-1,-1,-1,-1,-1,-1,-1,-1,-1,-1,-1,-1,-1,-1,-1,-1,-1,-1,-1,1.45,1.10,0.00,0.00,5.00,100,100,100,100,100,100,100,100,100,8.00,2.00,0.00,0.00,0.00,0.00,0.00,0.00,0.00,0.00,0.00,N/A
1764187200,Nov 26 2025 - 8:00pm,incomplete,N/A,West Bromwich Albion,Birmingham City,N/A,17,3.00,3.00,3.00,3.00,0,0,0,0,0,0,"","",-1,-1,-1,-1,-1,-1,-1,-1,-1,-1,-1,-1,-1,-1,-1,-1,-1,-1,-1,-1,1.32,1.21,0.00,0.00,2.00,50,50,50,0,0,0,50,50,50,8.00,6.00,0.00,0.00,0.00,0.00,0.00,0.00,0.00,0.00,0.00,The Hawthorns
1764360000,Nov 28 2025 - 8:00pm,incomplete,N/A,Oxford United,Ipswich Town,N/A,18,0.00,1.00,0.00,1.00,0,0,0,0,0,0,"","",-1,-1,-1,-1,-1,-1,-1,-1,-1,-1,-1,-1,-1,-1,-1,-1,-1,-1,-1,-1,1.11,0.70,0.00,0.00,1.50,50,50,0,0,0,0,50,50,50,12.00,4.00,0.00,0.00,0.00,0.00,0.00,0.00,0.00,0.00,0.00,The Kassam Stadium
1764419400,Nov 29 2025 - 12:30pm,incomplete,N/A,Leicester City,Sheffield United,N/A,18,3.00,0.00,3.00,0.00,0,0,0,0,0,0,"","",-1,-1,-1,-1,-1,-1,-1,-1,-1,-1,-1,-1,-1,-1,-1,-1,-1,-1,-1,-1,2.92,0.86,0.00,0.00,2.00,50,50,50,0,0,0,50,50,100,21.00,3.00,0.00,0.00,0.00,0.00,0.00,0.00,0.00,0.00,0.00,King Power Stadium
1764419400,Nov 29 2025 - 12:30pm,incomplete,N/A,Portsmouth,Bristol City,N/A,18,0.00,3.00,0.00,3.00,0,0,0,0,0,0,"","",-1,-1,-1,-1,-1,-1,-1,-1,-1,-1,-1,-1,-1,-1,-1,-1,-1,-1,-1,-1,1.76,1.10,0.00,0.00,4.00,100,100,100,50,50,100,100,50,100,12.00,3.00,0.00,0.00,0.00,0.00,0.00,0.00,0.00,0.00,0.00,Fratton Park
1764419400,Nov 29 2025 - 12:30pm,incomplete,N/A,Stoke City,Hull City,N/A,18,3.00,1.00,3.00,1.00,0,0,0,0,0,0,"","",-1,-1,-1,-1,-1,-1,-1,-1,-1,-1,-1,-1,-1,-1,-1,-1,-1,-1,-1,-1,1.46,0.76,0.00,0.00,2.00,50,50,50,50,0,0,0,50,50,9.00,4.00,0.00,0.00,0.00,0.00,0.00,0.00,0.00,0.00,0.00,Bet365 Stadium
1764428400,Nov 29 2025 - 3:00pm,incomplete,N/A,Middlesbrough,Derby County,N/A,18,3.00,0.00,3.00,0.00,0,0,0,0,0,0,"","",-1,-1,-1,-1,-1,-1,-1,-1,-1,-1,-1,-1,-1,-1,-1,-1,-1,-1,-1,-1,0.78,0.55,0.00,0.00,2.50,50,50,50,50,0,0,0,50,100,10.00,4.00,0.00,0.00,0.00,0.00,0.00,0.00,0.00,0.00,0.00,Riverside Stadium
1764428400,Nov 29 2025 - 3:00pm,incomplete,N/A,Norwich City,Queens Park Rangers,N/A,18,0.00,0.00,0.00,0.00,0,0,0,0,0,0,"","",-1,-1,-1,-1,-1,-1,-1,-1,-1,-1,-1,-1,-1,-1,-1,-1,-1,-1,-1,-1,1.17,1.41,0.00,0.00,3.00,100,100,100,0,0,50,50,50,50,10.00,3.00,0.00,0.00,0.00,0.00,0.00,0.00,0.00,0.00,0.00,Carrow Road
1764428400,Nov 29 2025 - 3:00pm,incomplete,N/A,Sheffield Wednesday,Preston North End,N/A,18,0.00,1.00,0.00,1.00,0,0,0,0,0,0,"","",-1,-1,-1,-1,-1,-1,-1,-1,-1,-1,-1,-1,-1,-1,-1,-1,-1,-1,-1,-1,1.59,1.12,0.00,0.00,2.50,50,100,50,0,0,0,100,50,100,10.00,3.00,0.00,0.00,0.00,0.00,0.00,0.00,0.00,0.00,0.00,Hillsborough Stadium
1764428400,Nov 29 2025 - 3:00pm,incomplete,N/A,Wrexham,Blackburn Rovers,N/A,18,0.00,0.00,0.00,0.00,0,0,0,0,0,0,"","",-1,-1,-1,-1,-1,-1,-1,-1,-1,-1,-1,-1,-1,-1,-1,-1,-1,-1,-1,-1,1.45,0.96,0.00,0.00,3.00,50,50,50,50,50,50,100,50,50,12.00,2.00,0.00,0.00,0.00,0.00,0.00,0.00,0.00,0.00,0.00,N/A
1764428400,Nov 29 2025 - 3:00pm,incomplete,N/A,Coventry City,Charlton Athletic,N/A,18,1.00,1.00,1.00,1.00,0,0,0,0,0,0,"","",-1,-1,-1,-1,-1,-1,-1,-1,-1,-1,-1,-1,-1,-1,-1,-1,-1,-1,-1,-1,1.37,0.83,0.00,0.00,0.00,0,0,0,0,0,0,0,0,0,14.00,4.00,0.00,0.00,0.00,0.00,0.00,0.00,0.00,0.00,0.00,N/A
1764428400,Nov 29 2025 - 3:00pm,incomplete,N/A,Millwall,Southampton,N/A,18,0.00,1.00,0.00,1.00,0,0,0,0,0,0,"","",-1,-1,-1,-1,-1,-1,-1,-1,-1,-1,-1,-1,-1,-1,-1,-1,-1,-1,-1,-1,1.00,1.19,0.00,0.00,2.50,50,100,50,0,0,50,50,50,50,10.00,6.00,0.00,0.00,0.00,0.00,0.00,0.00,0.00,0.00,0.00,The Den
1764428400,Nov 29 2025 - 3:00pm,incomplete,N/A,West Bromwich Albion,Swansea City,N/A,18,3.00,0.00,3.00,0.00,0,0,0,0,0,0,"","",-1,-1,-1,-1,-1,-1,-1,-1,-1,-1,-1,-1,-1,-1,-1,-1,-1,-1,-1,-1,1.32,0.50,0.00,0.00,1.00,0,0,0,0,0,0,50,0,50,5.00,9.00,0.00,0.00,0.00,0.00,0.00,0.00,0.00,0.00,0.00,The Hawthorns
1764428400,Nov 29 2025 - 3:00pm,incomplete,N/A,Birmingham City,Watford,N/A,18,1.00,0.00,1.00,0.00,0,0,0,0,0,0,"","",-1,-1,-1,-1,-1,-1,-1,-1,-1,-1,-1,-1,-1,-1,-1,-1,-1,-1,-1,-1,1.11,0.78,0.00,0.00,1.50,50,50,0,0,0,0,0,50,100,3.00,4.00,0.00,0.00,0.00,0.00,0.00,0.00,0.00,0.00,0.00,St. Andrew's Stadium
1764964800,Dec 05 2025 - 8:00pm,incomplete,N/A,Hull City,Middlesbrough,N/A,19,3.00,3.00,3.00,3.00,0,0,0,0,0,0,"","",-1,-1,-1,-1,-1,-1,-1,-1,-1,-1,-1,-1,-1,-1,-1,-1,-1,-1,-1,-1,2.18,1.42,0.00,0.00,4.00,50,100,100,50,50,50,50,50,100,20.00,6.00,0.00,0.00,0.00,0.00,0.00,0.00,0.00,0.00,0.00,KCOM Stadium
1765024200,Dec 06 2025 - 12:30pm,incomplete,N/A,Derby County,Leicester City,N/A,19,0.00,0.00,0.00,0.00,0,0,0,0,0,0,"","",-1,-1,-1,-1,-1,-1,-1,-1,-1,-1,-1,-1,-1,-1,-1,-1,-1,-1,-1,-1,1.32,1.52,0.00,0.00,5.50,100,100,100,50,50,50,100,100,100,10.00,2.00,0.00,0.00,0.00,0.00,0.00,0.00,0.00,0.00,0.00,N/A
1765024200,Dec 06 2025 - 12:30pm,incomplete,N/A,Charlton Athletic,Portsmouth,N/A,19,3.00,3.00,3.00,3.00,0,0,0,0,0,0,"","",-1,-1,-1,-1,-1,-1,-1,-1,-1,-1,-1,-1,-1,-1,-1,-1,-1,-1,-1,-1,1.28,1.17,0.00,0.00,1.00,0,0,0,0,0,0,50,0,50,7.00,3.00,0.00,0.00,0.00,0.00,0.00,0.00,0.00,0.00,0.00,The Valley
1765024200,Dec 06 2025 - 12:30pm,incomplete,N/A,Watford,Norwich City,N/A,19,3.00,3.00,3.00,3.00,0,0,0,0,0,0,"","",-1,-1,-1,-1,-1,-1,-1,-1,-1,-1,-1,-1,-1,-1,-1,-1,-1,-1,-1,-1,1.61,1.14,0.00,0.00,3.00,100,100,100,0,0,100,100,0,50,2.00,6.00,0.00,0.00,0.00,0.00,0.00,0.00,0.00,0.00,0.00,Vicarage Road
1765033200,Dec 06 2025 - 3:00pm,incomplete,N/A,Blackburn Rovers,Sheffield Wednesday,N/A,19,0.00,0.00,0.00,0.00,0,0,0,0,0,0,"","",-1,-1,-1,-1,-1,-1,-1,-1,-1,-1,-1,-1,-1,-1,-1,-1,-1,-1,-1,-1,0.94,0.80,0.00,0.00,3.00,100,100,100,0,0,0,50,100,100,6.00,3.00,0.00,0.00,0.00,0.00,0.00,0.00,0.00,0.00,0.00,N/A
1765033200,Dec 06 2025 - 3:00pm,incomplete,N/A,Ipswich Town,Coventry City,N/A,19,1.00,3.00,1.00,3.00,0,0,0,0,0,0,"","",-1,-1,-1,-1,-1,-1,-1,-1,-1,-1,-1,-1,-1,-1,-1,-1,-1,-1,-1,-1,1.22,2.01,0.00,0.00,5.00,100,100,50,50,50,100,100,50,50,9.00,7.00,0.00,0.00,0.00,0.00,0.00,0.00,0.00,0.00,0.00,Portman Road Stadium
1765033200,Dec 06 2025 - 3:00pm,incomplete,N/A,Sheffield United,Stoke City,N/A,19,0.00,3.00,0.00,3.00,0,0,0,0,0,0,"","",-1,-1,-1,-1,-1,-1,-1,-1,-1,-1,-1,-1,-1,-1,-1,-1,-1,-1,-1,-1,1.73,1.38,0.00,0.00,4.00,50,100,100,50,50,50,100,100,100,21.00,3.00,0.00,0.00,0.00,0.00,0.00,0.00,0.00,0.00,0.00,N/A
1765033200,Dec 06 2025 - 3:00pm,incomplete,N/A,Queens Park Rangers,West Bromwich Albion,N/A,19,1.00,3.00,1.00,3.00,0,0,0,0,0,0,"","",-1,-1,-1,-1,-1,-1,-1,-1,-1,-1,-1,-1,-1,-1,-1,-1,-1,-1,-1,-1,0.99,1.73,0.00,0.00,3.50,100,100,50,50,50,50,100,50,100,10.00,0.00,0.00,0.00,0.00,0.00,0.00,0.00,0.00,0.00,0.00,Loftus Road Stadium
1765033200,Dec 06 2025 - 3:00pm,incomplete,N/A,Preston North End,Wrexham,N/A,19,3.00,0.00,3.00,0.00,0,0,0,0,0,0,"","",-1,-1,-1,-1,-1,-1,-1,-1,-1,-1,-1,-1,-1,-1,-1,-1,-1,-1,-1,-1,1.42,0.77,0.00,0.00,3.00,100,100,100,0,0,0,100,100,100,9.00,4.00,0.00,0.00,0.00,0.00,0.00,0.00,0.00,0.00,0.00,N/A
1765033200,Dec 06 2025 - 3:00pm,incomplete,N/A,Swansea City,Oxford United,N/A,19,3.00,0.00,3.00,0.00,0,0,0,0,0,0,"","",-1,-1,-1,-1,-1,-1,-1,-1,-1,-1,-1,-1,-1,-1,-1,-1,-1,-1,-1,-1,1.36,1.34,0.00,0.00,3.00,50,50,50,50,50,50,50,0,100,8.00,2.00,0.00,0.00,0.00,0.00,0.00,0.00,0.00,0.00,0.00,Liberty Stadium
1765033200,Dec 06 2025 - 3:00pm,incomplete,N/A,Bristol City,Millwall,N/A,19,1.00,3.00,1.00,3.00,0,0,0,0,0,0,"","",-1,-1,-1,-1,-1,-1,-1,-1,-1,-1,-1,-1,-1,-1,-1,-1,-1,-1,-1,-1,1.39,1.24,0.00,0.00,1.50,50,50,50,0,0,0,0,50,50,9.00,4.00,0.00,0.00,0.00,0.00,0.00,0.00,0.00,0.00,0.00,Ashton Gate Stadium
1765033200,Dec 06 2025 - 3:00pm,incomplete,N/A,Southampton,Birmingham City,N/A,19,3.00,3.00,3.00,3.00,0,0,0,0,0,0,"","",-1,-1,-1,-1,-1,-1,-1,-1,-1,-1,-1,-1,-1,-1,-1,-1,-1,-1,-1,-1,2.53,1.21,0.00,0.00,3.00,100,100,100,0,0,0,50,100,100,12.00,4.00,0.00,0.00,0.00,0.00,0.00,0.00,0.00,0.00,0.00,N/A
1765309500,Dec 09 2025 - 7:45pm,incomplete,N/A,Southampton,West Bromwich Albion,N/A,20,3.00,3.00,3.00,3.00,0,0,0,0,0,0,"","",-1,-1,-1,-1,-1,-1,-1,-1,-1,-1,-1,-1,-1,-1,-1,-1,-1,-1,-1,-1,2.53,1.73,0.00,0.00,4.00,100,100,100,50,50,50,100,100,100,12.00,2.00,0.00,0.00,0.00,0.00,0.00,0.00,0.00,0.00,0.00,N/A
1765309500,Dec 09 2025 - 7:45pm,incomplete,N/A,Preston North End,Coventry City,N/A,20,3.00,3.00,3.00,3.00,0,0,0,0,0,0,"","",-1,-1,-1,-1,-1,-1,-1,-1,-1,-1,-1,-1,-1,-1,-1,-1,-1,-1,-1,-1,1.42,2.01,0.00,0.00,5.50,100,100,100,50,50,50,100,100,100,11.00,7.00,0.00,0.00,0.00,0.00,0.00,0.00,0.00,0.00,0.00,N/A
1765309500,Dec 09 2025 - 7:45pm,incomplete,N/A,Watford,Sheffield Wednesday,N/A,20,3.00,0.00,3.00,0.00,0,0,0,0,0,0,"","",-1,-1,-1,-1,-1,-1,-1,-1,-1,-1,-1,-1,-1,-1,-1,-1,-1,-1,-1,-1,1.61,0.80,0.00,0.00,3.00,100,100,100,0,0,50,100,50,50,5.00,5.00,0.00,0.00,0.00,0.00,0.00,0.00,0.00,0.00,0.00,Vicarage Road
1765309500,Dec 09 2025 - 7:45pm,incomplete,N/A,Blackburn Rovers,Oxford United,N/A,20,0.00,0.00,0.00,0.00,0,0,0,0,0,0,"","",-1,-1,-1,-1,-1,-1,-1,-1,-1,-1,-1,-1,-1,-1,-1,-1,-1,-1,-1,-1,0.94,1.34,0.00,0.00,4.00,100,100,100,50,50,50,50,50,100,7.00,2.00,0.00,0.00,0.00,0.00,0.00,0.00,0.00,0.00,0.00,N/A
1765309500,Dec 09 2025 - 7:45pm,incomplete,N/A,Sheffield United,Norwich City,N/A,20,0.00,3.00,0.00,3.00,0,0,0,0,0,0,"","",-1,-1,-1,-1,-1,-1,-1,-1,-1,-1,-1,-1,-1,-1,-1,-1,-1,-1,-1,-1,1.73,1.14,0.00,0.00,4.00,100,100,100,50,50,100,100,50,100,14.00,3.00,0.00,0.00,0.00,0.00,0.00,0.00,0.00,0.00,0.00,N/A
1765309500,Dec 09 2025 - 7:45pm,incomplete,N/A,Swansea City,Portsmouth,N/A,20,3.00,3.00,3.00,3.00,0,0,0,0,0,0,"","",-1,-1,-1,-1,-1,-1,-1,-1,-1,-1,-1,-1,-1,-1,-1,-1,-1,-1,-1,-1,1.36,1.17,0.00,0.00,1.00,0,0,0,0,0,0,50,0,50,8.00,3.00,0.00,0.00,0.00,0.00,0.00,0.00,0.00,0.00,0.00,Liberty Stadium
1765309500,Dec 09 2025 - 7:45pm,incomplete,N/A,Charlton Athletic,Middlesbrough,N/A,20,3.00,3.00,3.00,3.00,0,0,0,0,0,0,"","",-1,-1,-1,-1,-1,-1,-1,-1,-1,-1,-1,-1,-1,-1,-1,-1,-1,-1,-1,-1,1.28,1.42,0.00,0.00,2.00,0,50,50,0,0,0,0,50,100,13.00,6.00,0.00,0.00,0.00,0.00,0.00,0.00,0.00,0.00,0.00,The Valley
1765310400,Dec 09 2025 - 8:00pm,incomplete,N/A,Queens Park Rangers,Birmingham City,N/A,20,1.00,3.00,1.00,3.00,0,0,0,0,0,0,"","",-1,-1,-1,-1,-1,-1,-1,-1,-1,-1,-1,-1,-1,-1,-1,-1,-1,-1,-1,-1,0.99,1.21,0.00,0.00,2.50,100,100,50,0,0,0,50,50,100,10.00,2.00,0.00,0.00,0.00,0.00,0.00,0.00,0.00,0.00,0.00,Loftus Road Stadium
1765395900,Dec 10 2025 - 7:45pm,incomplete,N/A,Bristol City,Leicester City,N/A,20,1.00,0.00,1.00,0.00,0,0,0,0,0,0,"","",-1,-1,-1,-1,-1,-1,-1,-1,-1,-1,-1,-1,-1,-1,-1,-1,-1,-1,-1,-1,1.39,1.52,0.00,0.00,1.50,50,50,50,0,0,0,50,50,50,8.00,0.00,0.00,0.00,0.00,0.00,0.00,0.00,0.00,0.00,0.00,Ashton Gate Stadium
1765395900,Dec 10 2025 - 7:45pm,incomplete,N/A,Derby County,Millwall,N/A,20,0.00,3.00,0.00,3.00,0,0,0,0,0,0,"","",-1,-1,-1,-1,-1,-1,-1,-1,-1,-1,-1,-1,-1,-1,-1,-1,-1,-1,-1,-1,1.32,1.24,0.00,0.00,5.50,100,100,100,50,50,50,50,100,100,11.00,6.00,0.00,0.00,0.00,0.00,0.00,0.00,0.00,0.00,0.00,N/A
1765395900,Dec 10 2025 - 7:45pm,incomplete,N/A,Ipswich Town,Stoke City,N/A,20,1.00,3.00,1.00,3.00,0,0,0,0,0,0,"","",-1,-1,-1,-1,-1,-1,-1,-1,-1,-1,-1,-1,-1,-1,-1,-1,-1,-1,-1,-1,1.22,1.38,0.00,0.00,2.50,50,100,50,0,0,50,100,50,50,11.00,5.00,0.00,0.00,0.00,0.00,0.00,0.00,0.00,0.00,0.00,Portman Road Stadium
1765396800,Dec 10 2025 - 8:00pm,incomplete,N/A,Hull City,Wrexham,N/A,20,3.00,0.00,3.00,0.00,0,0,0,0,0,0,"","",-1,-1,-1,-1,-1,-1,-1,-1,-1,-1,-1,-1,-1,-1,-1,-1,-1,-1,-1,-1,2.18,0.77,0.00,0.00,4.00,100,100,100,50,50,50,100,50,100,13.00,3.00,0.00,0.00,0.00,0.00,0.00,0.00,0.00,0.00,0.00,KCOM Stadium
1765569600,Dec 12 2025 - 8:00pm,incomplete,N/A,West Bromwich Albion,Sheffield United,N/A,21,3.00,0.00,3.00,0.00,0,0,0,0,0,0,"","",-1,-1,-1,-1,-1,-1,-1,-1,-1,-1,-1,-1,-1,-1,-1,-1,-1,-1,-1,-1,1.32,0.86,0.00,0.00,1.00,0,0,0,0,0,0,50,0,50,11.00,7.00,0.00,0.00,0.00,0.00,0.00,0.00,0.00,0.00,0.00,The Hawthorns
1765629000,Dec 13 2025 - 12:30pm,incomplete,N/A,Oxford United,Preston North End,N/A,21,0.00,1.00,0.00,1.00,0,0,0,0,0,0,"","",-1,-1,-1,-1,-1,-1,-1,-1,-1,-1,-1,-1,-1,-1,-1,-1,-1,-1,-1,-1,1.11,1.12,0.00,0.00,1.50,50,50,0,0,0,0,100,0,50,12.00,4.00,0.00,0.00,0.00,0.00,0.00,0.00,0.00,0.00,0.00,The Kassam Stadium
1765629000,Dec 13 2025 - 12:30pm,incomplete,N/A,Stoke City,Swansea City,N/A,21,3.00,0.00,3.00,0.00,0,0,0,0,0,0,"","",-1,-1,-1,-1,-1,-1,-1,-1,-1,-1,-1,-1,-1,-1,-1,-1,-1,-1,-1,-1,1.46,0.50,0.00,0.00,2.50,50,50,50,50,0,0,0,50,100,9.00,6.00,0.00,0.00,0.00,0.00,0.00,0.00,0.00,0.00,0.00,Bet365 Stadium
1765629000,Dec 13 2025 - 12:30pm,incomplete,N/A,Norwich City,Southampton,N/A,21,0.00,1.00,0.00,1.00,0,0,0,0,0,0,"","",-1,-1,-1,-1,-1,-1,-1,-1,-1,-1,-1,-1,-1,-1,-1,-1,-1,-1,-1,-1,1.17,1.19,0.00,0.00,2.50,100,100,50,0,0,50,50,50,50,11.00,3.00,0.00,0.00,0.00,0.00,0.00,0.00,0.00,0.00,0.00,Carrow Road
1765638000,Dec 13 2025 - 3:00pm,incomplete,N/A,Wrexham,Watford,N/A,21,0.00,0.00,0.00,0.00,0,0,0,0,0,0,"","",-1,-1,-1,-1,-1,-1,-1,-1,-1,-1,-1,-1,-1,-1,-1,-1,-1,-1,-1,-1,1.45,0.78,0.00,0.00,3.00,50,50,50,50,50,50,50,50,100,7.00,4.00,0.00,0.00,0.00,0.00,0.00,0.00,0.00,0.00,0.00,N/A
1765638000,Dec 13 2025 - 3:00pm,incomplete,N/A,Millwall,Hull City,N/A,21,0.00,1.00,0.00,1.00,0,0,0,0,0,0,"","",-1,-1,-1,-1,-1,-1,-1,-1,-1,-1,-1,-1,-1,-1,-1,-1,-1,-1,-1,-1,1.00,0.76,0.00,0.00,1.50,0,50,50,0,0,0,0,50,50,7.00,7.00,0.00,0.00,0.00,0.00,0.00,0.00,0.00,0.00,0.00,The Den
1765638000,Dec 13 2025 - 3:00pm,incomplete,N/A,Sheffield Wednesday,Derby County,N/A,21,0.00,0.00,0.00,0.00,0,0,0,0,0,0,"","",-1,-1,-1,-1,-1,-1,-1,-1,-1,-1,-1,-1,-1,-1,-1,-1,-1,-1,-1,-1,1.59,0.55,0.00,0.00,3.50,50,100,100,50,0,0,50,100,100,9.00,2.00,0.00,0.00,0.00,0.00,0.00,0.00,0.00,0.00,0.00,Hillsborough Stadium
1765638000,Dec 13 2025 - 3:00pm,incomplete,N/A,Birmingham City,Charlton Athletic,N/A,21,1.00,1.00,1.00,1.00,0,0,0,0,0,0,"","",-1,-1,-1,-1,-1,-1,-1,-1,-1,-1,-1,-1,-1,-1,-1,-1,-1,-1,-1,-1,1.11,0.83,0.00,0.00,1.00,50,50,0,0,0,0,0,50,50,7.00,3.00,0.00,0.00,0.00,0.00,0.00,0.00,0.00,0.00,0.00,St. Andrew's Stadium
1765638000,Dec 13 2025 - 3:00pm,incomplete,N/A,Portsmouth,Blackburn Rovers,N/A,21,0.00,0.00,0.00,0.00,0,0,0,0,0,0,"","",-1,-1,-1,-1,-1,-1,-1,-1,-1,-1,-1,-1,-1,-1,-1,-1,-1,-1,-1,-1,1.76,0.96,0.00,0.00,2.00,50,50,50,0,0,50,100,0,50,16.00,3.00,0.00,0.00,0.00,0.00,0.00,0.00,0.00,0.00,0.00,Fratton Park
1765638000,Dec 13 2025 - 3:00pm,incomplete,N/A,Coventry City,Bristol City,N/A,21,1.00,3.00,1.00,3.00,0,0,0,0,0,0,"","",-1,-1,-1,-1,-1,-1,-1,-1,-1,-1,-1,-1,-1,-1,-1,-1,-1,-1,-1,-1,1.37,1.10,0.00,0.00,2.50,50,50,50,50,50,50,50,50,50,11.00,3.00,0.00,0.00,0.00,0.00,0.00,0.00,0.00,0.00,0.00,N/A
1765638000,Dec 13 2025 - 3:00pm,incomplete,N/A,Leicester City,Ipswich Town,N/A,21,3.00,1.00,3.00,1.00,0,0,0,0,0,0,"","",-1,-1,-1,-1,-1,-1,-1,-1,-1,-1,-1,-1,-1,-1,-1,-1,-1,-1,-1,-1,2.92,0.70,0.00,0.00,2.50,100,100,50,0,0,0,50,100,100,17.00,3.00,0.00,0.00,0.00,0.00,0.00,0.00,0.00,0.00,0.00,King Power Stadium
1765638000,Dec 13 2025 - 3:00pm,incomplete,N/A,Middlesbrough,Queens Park Rangers,N/A,21,3.00,0.00,3.00,0.00,0,0,0,0,0,0,"","",-1,-1,-1,-1,-1,-1,-1,-1,-1,-1,-1,-1,-1,-1,-1,-1,-1,-1,-1,-1,0.78,1.41,0.00,0.00,2.00,50,50,50,0,0,50,50,0,50,11.00,4.00,0.00,0.00,0.00,0.00,0.00,0.00,0.00,0.00,0.00,Riverside Stadium
1766174400,Dec 19 2025 - 8:00pm,incomplete,N/A,Swansea City,Wrexham,N/A,22,3.00,0.00,3.00,0.00,0,0,0,0,0,0,"","",-1,-1,-1,-1,-1,-1,-1,-1,-1,-1,-1,-1,-1,-1,-1,-1,-1,-1,-1,-1,1.36,0.77,0.00,0.00,2.00,50,50,50,0,0,0,50,50,100,7.00,3.00,0.00,0.00,0.00,0.00,0.00,0.00,0.00,0.00,0.00,Liberty Stadium
1766233800,Dec 20 2025 - 12:30pm,incomplete,N/A,Blackburn Rovers,Millwall,N/A,22,0.00,3.00,0.00,3.00,0,0,0,0,0,0,"","",-1,-1,-1,-1,-1,-1,-1,-1,-1,-1,-1,-1,-1,-1,-1,-1,-1,-1,-1,-1,0.94,1.24,0.00,0.00,3.00,100,100,100,0,0,0,0,100,100,8.00,5.00,0.00,0.00,0.00,0.00,0.00,0.00,0.00,0.00,0.00,N/A
1766233800,Dec 20 2025 - 12:30pm,incomplete,N/A,Preston North End,Norwich City,N/A,22,3.00,3.00,3.00,3.00,0,0,0,0,0,0,"","",-1,-1,-1,-1,-1,-1,-1,-1,-1,-1,-1,-1,-1,-1,-1,-1,-1,-1,-1,-1,1.42,1.14,0.00,0.00,3.00,100,100,100,0,0,50,100,50,100,6.00,5.00,0.00,0.00,0.00,0.00,0.00,0.00,0.00,0.00,0.00,N/A
1766233800,Dec 20 2025 - 12:30pm,incomplete,N/A,Southampton,Coventry City,N/A,22,3.00,3.00,3.00,3.00,0,0,0,0,0,0,"","",-1,-1,-1,-1,-1,-1,-1,-1,-1,-1,-1,-1,-1,-1,-1,-1,-1,-1,-1,-1,2.53,2.01,0.00,0.00,5.50,100,100,100,50,50,50,100,100,100,12.00,7.00,0.00,0.00,0.00,0.00,0.00,0.00,0.00,0.00,0.00,N/A
1766242800,Dec 20 2025 - 3:00pm,incomplete,N/A,Bristol City,Middlesbrough,N/A,22,1.00,3.00,1.00,3.00,0,0,0,0,0,0,"","",-1,-1,-1,-1,-1,-1,-1,-1,-1,-1,-1,-1,-1,-1,-1,-1,-1,-1,-1,-1,1.39,1.42,0.00,0.00,1.50,0,50,50,0,0,0,0,50,50,14.00,5.00,0.00,0.00,0.00,0.00,0.00,0.00,0.00,0.00,0.00,Ashton Gate Stadium
1766242800,Dec 20 2025 - 3:00pm,incomplete,N/A,Ipswich Town,Sheffield Wednesday,N/A,22,1.00,0.00,1.00,0.00,0,0,0,0,0,0,"","",-1,-1,-1,-1,-1,-1,-1,-1,-1,-1,-1,-1,-1,-1,-1,-1,-1,-1,-1,-1,1.22,0.80,0.00,0.00,2.50,100,100,50,0,0,50,100,50,50,7.00,4.00,0.00,0.00,0.00,0.00,0.00,0.00,0.00,0.00,0.00,Portman Road Stadium
1766242800,Dec 20 2025 - 3:00pm,incomplete,N/A,Sheffield United,Birmingham City,N/A,22,0.00,3.00,0.00,3.00,0,0,0,0,0,0,"","",-1,-1,-1,-1,-1,-1,-1,-1,-1,-1,-1,-1,-1,-1,-1,-1,-1,-1,-1,-1,1.73,1.21,0.00,0.00,4.00,100,100,100,50,50,50,50,100,100,19.00,2.00,0.00,0.00,0.00,0.00,0.00,0.00,0.00,0.00,0.00,N/A
1766242800,Dec 20 2025 - 3:00pm,incomplete,N/A,Charlton Athletic,Oxford United,N/A,22,3.00,0.00,3.00,0.00,0,0,0,0,0,0,"","",-1,-1,-1,-1,-1,-1,-1,-1,-1,-1,-1,-1,-1,-1,-1,-1,-1,-1,-1,-1,1.28,1.34,0.00,0.00,3.00,50,50,50,50,50,50,50,0,100,7.00,2.00,0.00,0.00,0.00,0.00,0.00,0.00,0.00,0.00,0.00,The Valley
1766242800,Dec 20 2025 - 3:00pm,incomplete,N/A,Derby County,Portsmouth,N/A,22,0.00,3.00,0.00,3.00,0,0,0,0,0,0,"","",-1,-1,-1,-1,-1,-1,-1,-1,-1,-1,-1,-1,-1,-1,-1,-1,-1,-1,-1,-1,1.32,1.17,0.00,0.00,4.50,50,50,50,50,50,50,100,50,50,10.00,4.00,0.00,0.00,0.00,0.00,0.00,0.00,0.00,0.00,0.00,N/A
1766242800,Dec 20 2025 - 3:00pm,incomplete,N/A,Queens Park Rangers,Leicester City,N/A,22,1.00,0.00,1.00,0.00,0,0,0,0,0,0,"","",-1,-1,-1,-1,-1,-1,-1,-1,-1,-1,-1,-1,-1,-1,-1,-1,-1,-1,-1,-1,0.99,1.52,0.00,0.00,2.50,100,100,50,0,0,0,100,50,100,9.00,0.00,0.00,0.00,0.00,0.00,0.00,0.00,0.00,0.00,0.00,Loftus Road Stadium
1766242800,Dec 20 2025 - 3:00pm,incomplete,N/A,Hull City,West Bromwich Albion,N/A,22,3.00,3.00,3.00,3.00,0,0,0,0,0,0,"","",-1,-1,-1,-1,-1,-1,-1,-1,-1,-1,-1,-1,-1,-1,-1,-1,-1,-1,-1,-1,2.18,1.73,0.00,0.00,5.00,100,100,100,100,100,100,100,50,100,15.00,1.00,0.00,0.00,0.00,0.00,0.00,0.00,0.00,0.00,0.00,KCOM Stadium
1766242800,Dec 20 2025 - 3:00pm,incomplete,N/A,Watford,Stoke City,N/A,22,3.00,3.00,3.00,3.00,0,0,0,0,0,0,"","",-1,-1,-1,-1,-1,-1,-1,-1,-1,-1,-1,-1,-1,-1,-1,-1,-1,-1,-1,-1,1.61,1.38,0.00,0.00,3.00,50,100,100,0,0,50,100,50,50,9.00,6.00,0.00,0.00,0.00,0.00,0.00,0.00,0.00,0.00,0.00,Vicarage Road
1766752200,Dec 26 2025 - 12:30pm,incomplete,N/A,Birmingham City,Derby County,N/A,23,1.00,0.00,1.00,0.00,0,0,0,0,0,0,"","",-1,-1,-1,-1,-1,-1,-1,-1,-1,-1,-1,-1,-1,-1,-1,-1,-1,-1,-1,-1,1.11,0.55,0.00,0.00,3.00,100,100,50,50,0,0,0,100,100,4.00,4.00,0.00,0.00,0.00,0.00,0.00,0.00,0.00,0.00,0.00,St. Andrew's Stadium
1766754000,Dec 26 2025 - 1:00pm,incomplete,N/A,Millwall,Ipswich Town,N/A,23,0.00,1.00,0.00,1.00,0,0,0,0,0,0,"","",-1,-1,-1,-1,-1,-1,-1,-1,-1,-1,-1,-1,-1,-1,-1,-1,-1,-1,-1,-1,1.00,0.70,0.00,0.00,2.50,50,100,50,0,0,0,0,100,100,9.00,7.00,0.00,0.00,0.00,0.00,0.00,0.00,0.00,0.00,0.00,The Den
1766761200,Dec 26 2025 - 3:00pm,incomplete,N/A,Oxford United,Southampton,N/A,23,0.00,1.00,0.00,1.00,0,0,0,0,0,0,"","",-1,-1,-1,-1,-1,-1,-1,-1,-1,-1,-1,-1,-1,-1,-1,-1,-1,-1,-1,-1,1.11,1.19,0.00,0.00,1.50,50,50,0,0,0,50,100,0,0,13.00,3.00,0.00,0.00,0.00,0.00,0.00,0.00,0.00,0.00,0.00,The Kassam Stadium
1766761200,Dec 26 2025 - 3:00pm,incomplete,N/A,Leicester City,Watford,N/A,23,3.00,0.00,3.00,0.00,0,0,0,0,0,0,"","",-1,-1,-1,-1,-1,-1,-1,-1,-1,-1,-1,-1,-1,-1,-1,-1,-1,-1,-1,-1,2.92,0.78,0.00,0.00,2.00,50,50,50,0,0,0,50,50,100,15.00,2.00,0.00,0.00,0.00,0.00,0.00,0.00,0.00,0.00,0.00,King Power Stadium
1766761200,Dec 26 2025 - 3:00pm,incomplete,N/A,Middlesbrough,Blackburn Rovers,N/A,23,3.00,0.00,3.00,0.00,0,0,0,0,0,0,"","",-1,-1,-1,-1,-1,-1,-1,-1,-1,-1,-1,-1,-1,-1,-1,-1,-1,-1,-1,-1,0.78,0.96,0.00,0.00,1.00,0,0,0,0,0,0,50,0,50,14.00,2.00,0.00,0.00,0.00,0.00,0.00,0.00,0.00,0.00,0.00,Riverside Stadium
1766761200,Dec 26 2025 - 3:00pm,incomplete,N/A,Norwich City,Charlton Athletic,N/A,23,0.00,1.00,0.00,1.00,0,0,0,0,0,0,"","",-1,-1,-1,-1,-1,-1,-1,-1,-1,-1,-1,-1,-1,-1,-1,-1,-1,-1,-1,-1,1.17,0.83,0.00,0.00,1.50,50,50,50,0,0,0,0,50,50,12.00,2.00,0.00,0.00,0.00,0.00,0.00,0.00,0.00,0.00,0.00,Carrow Road
1766761200,Dec 26 2025 - 3:00pm,incomplete,N/A,Coventry City,Swansea City,N/A,23,1.00,0.00,1.00,0.00,0,0,0,0,0,0,"","",-1,-1,-1,-1,-1,-1,-1,-1,-1,-1,-1,-1,-1,-1,-1,-1,-1,-1,-1,-1,1.37,0.50,0.00,0.00,0.50,0,0,0,0,0,0,0,0,50,10.00,8.00,0.00,0.00,0.00,0.00,0.00,0.00,0.00,0.00,0.00,N/A
1766761200,Dec 26 2025 - 3:00pm,incomplete,N/A,Stoke City,Preston North End,N/A,23,3.00,1.00,3.00,1.00,0,0,0,0,0,0,"","",-1,-1,-1,-1,-1,-1,-1,-1,-1,-1,-1,-1,-1,-1,-1,-1,-1,-1,-1,-1,1.46,1.12,0.00,0.00,3.00,100,100,50,50,0,0,50,50,100,11.00,4.00,0.00,0.00,0.00,0.00,0.00,0.00,0.00,0.00,0.00,Bet365 Stadium
1766761200,Dec 26 2025 - 3:00pm,incomplete,N/A,West Bromwich Albion,Bristol City,N/A,23,3.00,3.00,3.00,3.00,0,0,0,0,0,0,"","",-1,-1,-1,-1,-1,-1,-1,-1,-1,-1,-1,-1,-1,-1,-1,-1,-1,-1,-1,-1,1.32,1.10,0.00,0.00,3.00,50,50,50,50,50,50,100,50,50,6.00,4.00,0.00,0.00,0.00,0.00,0.00,0.00,0.00,0.00,0.00,The Hawthorns
1766761200,Dec 26 2025 - 3:00pm,incomplete,N/A,Portsmouth,Queens Park Rangers,N/A,23,0.00,0.00,0.00,0.00,0,0,0,0,0,0,"","",-1,-1,-1,-1,-1,-1,-1,-1,-1,-1,-1,-1,-1,-1,-1,-1,-1,-1,-1,-1,1.76,1.41,0.00,0.00,3.00,100,100,100,0,0,100,100,0,50,13.00,5.00,0.00,0.00,0.00,0.00,0.00,0.00,0.00,0.00,0.00,Fratton Park
1766761200,Dec 26 2025 - 3:00pm,incomplete,N/A,Sheffield Wednesday,Hull City,N/A,23,0.00,1.00,0.00,1.00,0,0,0,0,0,0,"","",-1,-1,-1,-1,-1,-1,-1,-1,-1,-1,-1,-1,-1,-1,-1,-1,-1,-1,-1,-1,1.59,0.76,0.00,0.00,1.50,0,50,50,0,0,0,50,50,50,8.00,3.00,0.00,0.00,0.00,0.00,0.00,0.00,0.00,0.00,0.00,Hillsborough Stadium
1766770200,Dec 26 2025 - 5:30pm,incomplete,N/A,Wrexham,Sheffield United,N/A,23,0.00,0.00,0.00,0.00,0,0,0,0,0,0,"","",-1,-1,-1,-1,-1,-1,-1,-1,-1,-1,-1,-1,-1,-1,-1,-1,-1,-1,-1,-1,1.45,0.86,0.00,0.00,3.00,50,50,50,50,50,50,50,50,100,13.00,5.00,0.00,0.00,0.00,0.00,0.00,0.00,0.00,0.00,0.00,N/A
1767031200,Dec 29 2025 - 6:00pm,incomplete,N/A,Coventry City,Ipswich Town,N/A,24,1.00,1.00,1.00,1.00,0,0,0,0,0,0,"","",-1,-1,-1,-1,-1,-1,-1,-1,-1,-1,-1,-1,-1,-1,-1,-1,-1,-1,-1,-1,1.37,0.70,0.00,0.00,1.00,50,50,0,0,0,0,0,50,50,12.00,6.00,0.00,0.00,0.00,0.00,0.00,0.00,0.00,0.00,0.00,N/A
1767037500,Dec 29 2025 - 7:45pm,incomplete,N/A,Stoke City,Sheffield United,N/A,24,3.00,0.00,3.00,0.00,0,0,0,0,0,0,"","",-1,-1,-1,-1,-1,-1,-1,-1,-1,-1,-1,-1,-1,-1,-1,-1,-1,-1,-1,-1,1.46,0.86,0.00,0.00,2.50,50,50,50,50,0,0,0,50,100,15.00,4.00,0.00,0.00,0.00,0.00,0.00,0.00,0.00,0.00,0.00,Bet365 Stadium
1767037500,Dec 29 2025 - 7:45pm,incomplete,N/A,Leicester City,Derby County,N/A,24,3.00,0.00,3.00,0.00,0,0,0,0,0,0,"","",-1,-1,-1,-1,-1,-1,-1,-1,-1,-1,-1,-1,-1,-1,-1,-1,-1,-1,-1,-1,2.92,0.55,0.00,0.00,3.50,100,100,100,50,0,0,50,100,100,16.00,2.00,0.00,0.00,0.00,0.00,0.00,0.00,0.00,0.00,0.00,King Power Stadium
1767037500,Dec 29 2025 - 7:45pm,incomplete,N/A,Middlesbrough,Hull City,N/A,24,3.00,1.00,3.00,1.00,0,0,0,0,0,0,"","",-1,-1,-1,-1,-1,-1,-1,-1,-1,-1,-1,-1,-1,-1,-1,-1,-1,-1,-1,-1,0.78,0.76,0.00,0.00,0.50,0,0,0,0,0,0,0,0,50,9.00,5.00,0.00,0.00,0.00,0.00,0.00,0.00,0.00,0.00,0.00,Riverside Stadium
1767037500,Dec 29 2025 - 7:45pm,incomplete,N/A,Millwall,Bristol City,N/A,24,0.00,3.00,0.00,3.00,0,0,0,0,0,0,"","",-1,-1,-1,-1,-1,-1,-1,-1,-1,-1,-1,-1,-1,-1,-1,-1,-1,-1,-1,-1,1.00,1.10,0.00,0.00,4.00,50,100,100,50,50,50,50,100,100,8.00,4.00,0.00,0.00,0.00,0.00,0.00,0.00,0.00,0.00,0.00,The Den
1767037500,Dec 29 2025 - 7:45pm,incomplete,N/A,Norwich City,Watford,N/A,24,0.00,0.00,0.00,0.00,0,0,0,0,0,0,"","",-1,-1,-1,-1,-1,-1,-1,-1,-1,-1,-1,-1,-1,-1,-1,-1,-1,-1,-1,-1,1.17,0.78,0.00,0.00,2.00,50,50,50,0,0,0,0,50,100,8.00,3.00,0.00,0.00,0.00,0.00,0.00,0.00,0.00,0.00,0.00,Carrow Road
1767037500,Dec 29 2025 - 7:45pm,incomplete,N/A,Oxford United,Swansea City,N/A,24,0.00,0.00,0.00,0.00,0,0,0,0,0,0,"","",-1,-1,-1,-1,-1,-1,-1,-1,-1,-1,-1,-1,-1,-1,-1,-1,-1,-1,-1,-1,1.11,0.50,0.00,0.00,1.00,0,0,0,0,0,0,50,0,50,10.00,6.00,0.00,0.00,0.00,0.00,0.00,0.00,0.00,0.00,0.00,The Kassam Stadium
1767037500,Dec 29 2025 - 7:45pm,incomplete,N/A,Portsmouth,Charlton Athletic,N/A,24,0.00,1.00,0.00,1.00,0,0,0,0,0,0,"","",-1,-1,-1,-1,-1,-1,-1,-1,-1,-1,-1,-1,-1,-1,-1,-1,-1,-1,-1,-1,1.76,0.83,0.00,0.00,1.50,50,50,50,0,0,50,50,0,50,15.00,4.00,0.00,0.00,0.00,0.00,0.00,0.00,0.00,0.00,0.00,Fratton Park
1767037500,Dec 29 2025 - 7:45pm,incomplete,N/A,Sheffield Wednesday,Blackburn Rovers,N/A,24,0.00,0.00,0.00,0.00,0,0,0,0,0,0,"","",-1,-1,-1,-1,-1,-1,-1,-1,-1,-1,-1,-1,-1,-1,-1,-1,-1,-1,-1,-1,1.59,0.96,0.00,0.00,2.00,0,50,50,0,0,0,100,50,50,13.00,0.00,0.00,0.00,0.00,0.00,0.00,0.00,0.00,0.00,0.00,Hillsborough Stadium
1767037500,Dec 29 2025 - 7:45pm,incomplete,N/A,West Bromwich Albion,Queens Park Rangers,N/A,24,3.00,0.00,3.00,0.00,0,0,0,0,0,0,"","",-1,-1,-1,-1,-1,-1,-1,-1,-1,-1,-1,-1,-1,-1,-1,-1,-1,-1,-1,-1,1.32,1.41,0.00,0.00,2.00,50,50,50,0,0,50,100,0,0,7.00,6.00,0.00,0.00,0.00,0.00,0.00,0.00,0.00,0.00,0.00,The Hawthorns
1767037500,Dec 29 2025 - 7:45pm,incomplete,N/A,Wrexham,Preston North End,N/A,24,0.00,1.00,0.00,1.00,0,0,0,0,0,0,"","",-1,-1,-1,-1,-1,-1,-1,-1,-1,-1,-1,-1,-1,-1,-1,-1,-1,-1,-1,-1,1.45,1.12,0.00,0.00,3.50,100,100,50,50,50,50,100,50,100,9.00,5.00,0.00,0.00,0.00,0.00,0.00,0.00,0.00,0.00,0.00,N/A
1767039300,Dec 29 2025 - 8:15pm,incomplete,N/A,Birmingham City,Southampton,N/A,24,1.00,1.00,1.00,1.00,0,0,0,0,0,0,"","",-1,-1,-1,-1,-1,-1,-1,-1,-1,-1,-1,-1,-1,-1,-1,-1,-1,-1,-1,-1,1.11,1.19,0.00,0.00,2.00,100,100,0,0,0,50,50,50,50,6.00,4.00,0.00,0.00,0.00,0.00,0.00,0.00,0.00,0.00,0.00,St. Andrew's Stadium
1767270600,Jan 01 2026 - 12:30pm,incomplete,N/A,Blackburn Rovers,Wrexham,N/A,25,0.00,0.00,0.00,0.00,0,0,0,0,0,0,"","",-1,-1,-1,-1,-1,-1,-1,-1,-1,-1,-1,-1,-1,-1,-1,-1,-1,-1,-1,-1,0.94,0.77,0.00,0.00,3.00,100,100,100,0,0,0,50,100,100,6.00,3.00,0.00,0.00,0.00,0.00,0.00,0.00,0.00,0.00,0.00,N/A
1767279600,Jan 01 2026 - 3:00pm,incomplete,N/A,Bristol City,Portsmouth,N/A,25,1.00,3.00,1.00,3.00,0,0,0,0,0,0,"","",-1,-1,-1,-1,-1,-1,-1,-1,-1,-1,-1,-1,-1,-1,-1,-1,-1,-1,-1,-1,1.39,1.17,0.00,0.00,0.50,0,0,0,0,0,0,50,0,0,8.00,2.00,0.00,0.00,0.00,0.00,0.00,0.00,0.00,0.00,0.00,Ashton Gate Stadium
1767279600,Jan 01 2026 - 3:00pm,incomplete,N/A,Charlton Athletic,Coventry City,N/A,25,3.00,3.00,3.00,3.00,0,0,0,0,0,0,"","",-1,-1,-1,-1,-1,-1,-1,-1,-1,-1,-1,-1,-1,-1,-1,-1,-1,-1,-1,-1,1.28,2.01,0.00,0.00,4.50,50,50,50,50,50,50,50,50,100,8.00,6.00,0.00,0.00,0.00,0.00,0.00,0.00,0.00,0.00,0.00,The Valley
1767279600,Jan 01 2026 - 3:00pm,incomplete,N/A,Hull City,Stoke City,N/A,25,3.00,3.00,3.00,3.00,0,0,0,0,0,0,"","",-1,-1,-1,-1,-1,-1,-1,-1,-1,-1,-1,-1,-1,-1,-1,-1,-1,-1,-1,-1,2.18,1.38,0.00,0.00,4.00,50,100,100,50,50,50,100,50,100,17.00,4.00,0.00,0.00,0.00,0.00,0.00,0.00,0.00,0.00,0.00,KCOM Stadium
1767279600,Jan 01 2026 - 3:00pm,incomplete,N/A,Ipswich Town,Oxford United,N/A,25,1.00,0.00,1.00,0.00,0,0,0,0,0,0,"","",-1,-1,-1,-1,-1,-1,-1,-1,-1,-1,-1,-1,-1,-1,-1,-1,-1,-1,-1,-1,1.22,1.34,0.00,0.00,3.50,100,100,50,50,50,100,100,0,50,8.00,3.00,0.00,0.00,0.00,0.00,0.00,0.00,0.00,0.00,0.00,Portman Road Stadium
1767279600,Jan 01 2026 - 3:00pm,incomplete,N/A,Preston North End,Sheffield Wednesday,N/A,25,3.00,0.00,3.00,0.00,0,0,0,0,0,0,"","",-1,-1,-1,-1,-1,-1,-1,-1,-1,-1,-1,-1,-1,-1,-1,-1,-1,-1,-1,-1,1.42,0.80,0.00,0.00,3.00,100,100,100,0,0,0,100,100,100,9.00,4.00,0.00,0.00,0.00,0.00,0.00,0.00,0.00,0.00,0.00,N/A
1767279600,Jan 01 2026 - 3:00pm,incomplete,N/A,Queens Park Rangers,Norwich City,N/A,25,1.00,3.00,1.00,3.00,0,0,0,0,0,0,"","",-1,-1,-1,-1,-1,-1,-1,-1,-1,-1,-1,-1,-1,-1,-1,-1,-1,-1,-1,-1,0.99,1.14,0.00,0.00,2.50,100,100,50,0,0,50,100,0,100,5.00,3.00,0.00,0.00,0.00,0.00,0.00,0.00,0.00,0.00,0.00,Loftus Road Stadium
1767279600,Jan 01 2026 - 3:00pm,incomplete,N/A,Southampton,Millwall,N/A,25,3.00,3.00,3.00,3.00,0,0,0,0,0,0,"","",-1,-1,-1,-1,-1,-1,-1,-1,-1,-1,-1,-1,-1,-1,-1,-1,-1,-1,-1,-1,2.53,1.24,0.00,0.00,3.00,100,100,100,0,0,0,50,100,100,12.00,6.00,0.00,0.00,0.00,0.00,0.00,0.00,0.00,0.00,0.00,N/A
1767279600,Jan 01 2026 - 3:00pm,incomplete,N/A,Swansea City,West Bromwich Albion,N/A,25,3.00,3.00,3.00,3.00,0,0,0,0,0,0,"","",-1,-1,-1,-1,-1,-1,-1,-1,-1,-1,-1,-1,-1,-1,-1,-1,-1,-1,-1,-1,1.36,1.73,0.00,0.00,3.00,50,50,50,50,50,50,50,50,100,9.00,1.00,0.00,0.00,0.00,0.00,0.00,0.00,0.00,0.00,0.00,Liberty Stadium
1767279600,Jan 01 2026 - 3:00pm,incomplete,N/A,Derby County,Middlesbrough,N/A,25,0.00,3.00,0.00,3.00,0,0,0,0,0,0,"","",-1,-1,-1,-1,-1,-1,-1,-1,-1,-1,-1,-1,-1,-1,-1,-1,-1,-1,-1,-1,1.32,1.42,0.00,0.00,5.50,50,100,100,50,50,50,50,100,100,16.00,7.00,0.00,0.00,0.00,0.00,0.00,0.00,0.00,0.00,0.00,N/A
1767279600,Jan 01 2026 - 3:00pm,incomplete,N/A,Watford,Birmingham City,N/A,25,3.00,3.00,3.00,3.00,0,0,0,0,0,0,"","",-1,-1,-1,-1,-1,-1,-1,-1,-1,-1,-1,-1,-1,-1,-1,-1,-1,-1,-1,-1,1.61,1.21,0.00,0.00,3.00,100,100,100,0,0,50,50,50,50,7.00,5.00,0.00,0.00,0.00,0.00,0.00,0.00,0.00,0.00,0.00,Vicarage Road
1767288600,Jan 01 2026 - 5:30pm,incomplete,N/A,Sheffield United,Leicester City,N/A,25,0.00,0.00,0.00,0.00,0,0,0,0,0,0,"","",-1,-1,-1,-1,-1,-1,-1,-1,-1,-1,-1,-1,-1,-1,-1,-1,-1,-1,-1,-1,1.73,1.52,0.00,0.00,4.00,100,100,100,50,50,50,100,100,100,18.00,0.00,0.00,0.00,0.00,0.00,0.00,0.00,0.00,0.00,0.00,N/A
1767528000,Jan 04 2026 - 12:00pm,incomplete,N/A,Birmingham City,Coventry City,N/A,26,1.00,3.00,1.00,3.00,0,0,0,0,0,0,"","",-1,-1,-1,-1,-1,-1,-1,-1,-1,-1,-1,-1,-1,-1,-1,-1,-1,-1,-1,-1,1.11,2.01,0.00,0.00,5.00,100,100,50,50,50,50,50,100,100,6.00,7.00,0.00,0.00,0.00,0.00,0.00,0.00,0.00,0.00,0.00,St. Andrew's Stadium
1767528000,Jan 04 2026 - 12:00pm,incomplete,N/A,Sheffield United,Oxford United,N/A,26,0.00,0.00,0.00,0.00,0,0,0,0,0,0,"","",-1,-1,-1,-1,-1,-1,-1,-1,-1,-1,-1,-1,-1,-1,-1,-1,-1,-1,-1,-1,1.73,1.34,0.00,0.00,5.00,100,100,100,100,100,100,100,50,100,18.00,1.00,0.00,0.00,0.00,0.00,0.00,0.00,0.00,0.00,0.00,N/A
1767528000,Jan 04 2026 - 12:00pm,incomplete,N/A,Queens Park Rangers,Sheffield Wednesday,N/A,26,1.00,0.00,1.00,0.00,0,0,0,0,0,0,"","",-1,-1,-1,-1,-1,-1,-1,-1,-1,-1,-1,-1,-1,-1,-1,-1,-1,-1,-1,-1,0.99,0.80,0.00,0.00,2.50,100,100,50,0,0,0,100,50,100,8.00,2.00,0.00,0.00,0.00,0.00,0.00,0.00,0.00,0.00,0.00,Loftus Road Stadium
1767538800,Jan 04 2026 - 3:00pm,incomplete,N/A,Bristol City,Preston North End,N/A,26,1.00,1.00,1.00,1.00,0,0,0,0,0,0,"","",-1,-1,-1,-1,-1,-1,-1,-1,-1,-1,-1,-1,-1,-1,-1,-1,-1,-1,-1,-1,1.39,1.12,0.00,0.00,1.00,50,50,0,0,0,0,50,0,50,8.00,3.00,0.00,0.00,0.00,0.00,0.00,0.00,0.00,0.00,0.00,Ashton Gate Stadium
1767538800,Jan 04 2026 - 3:00pm,incomplete,N/A,Derby County,Wrexham,N/A,26,0.00,0.00,0.00,0.00,0,0,0,0,0,0,"","",-1,-1,-1,-1,-1,-1,-1,-1,-1,-1,-1,-1,-1,-1,-1,-1,-1,-1,-1,-1,1.32,0.77,0.00,0.00,5.50,100,100,100,50,50,50,100,100,100,9.00,4.00,0.00,0.00,0.00,0.00,0.00,0.00,0.00,0.00,0.00,N/A
1767538800,Jan 04 2026 - 3:00pm,incomplete,N/A,Hull City,Watford,N/A,26,3.00,0.00,3.00,0.00,0,0,0,0,0,0,"","",-1,-1,-1,-1,-1,-1,-1,-1,-1,-1,-1,-1,-1,-1,-1,-1,-1,-1,-1,-1,2.18,0.78,0.00,0.00,3.00,50,50,50,50,50,50,50,0,100,12.00,3.00,0.00,0.00,0.00,0.00,0.00,0.00,0.00,0.00,0.00,KCOM Stadium
1767538800,Jan 04 2026 - 3:00pm,incomplete,N/A,Portsmouth,Ipswich Town,N/A,26,0.00,1.00,0.00,1.00,0,0,0,0,0,0,"","",-1,-1,-1,-1,-1,-1,-1,-1,-1,-1,-1,-1,-1,-1,-1,-1,-1,-1,-1,-1,1.76,0.70,0.00,0.00,2.50,100,100,50,0,0,50,50,50,100,13.00,6.00,0.00,0.00,0.00,0.00,0.00,0.00,0.00,0.00,0.00,Fratton Park
1767538800,Jan 04 2026 - 3:00pm,incomplete,N/A,Millwall,Swansea City,N/A,26,0.00,0.00,0.00,0.00,0,0,0,0,0,0,"","",-1,-1,-1,-1,-1,-1,-1,-1,-1,-1,-1,-1,-1,-1,-1,-1,-1,-1,-1,-1,1.00,0.50,0.00,0.00,2.00,0,50,50,0,0,0,0,50,100,7.00,9.00,0.00,0.00,0.00,0.00,0.00,0.00,0.00,0.00,0.00,The Den
1767538800,Jan 04 2026 - 3:00pm,incomplete,N/A,Blackburn Rovers,Charlton Athletic,N/A,26,0.00,1.00,0.00,1.00,0,0,0,0,0,0,"","",-1,-1,-1,-1,-1,-1,-1,-1,-1,-1,-1,-1,-1,-1,-1,-1,-1,-1,-1,-1,0.94,0.83,0.00,0.00,1.50,50,50,50,0,0,0,0,50,50,9.00,2.00,0.00,0.00,0.00,0.00,0.00,0.00,0.00,0.00,0.00,N/A
1767538800,Jan 04 2026 - 3:00pm,incomplete,N/A,Middlesbrough,Southampton,N/A,26,3.00,1.00,3.00,1.00,0,0,0,0,0,0,"","",-1,-1,-1,-1,-1,-1,-1,-1,-1,-1,-1,-1,-1,-1,-1,-1,-1,-1,-1,-1,0.78,1.19,0.00,0.00,1.50,50,50,0,0,0,50,50,0,50,12.00,4.00,0.00,0.00,0.00,0.00,0.00,0.00,0.00,0.00,0.00,Riverside Stadium
1767538800,Jan 04 2026 - 3:00pm,incomplete,N/A,Norwich City,Stoke City,N/A,26,0.00,3.00,0.00,3.00,0,0,0,0,0,0,"","",-1,-1,-1,-1,-1,-1,-1,-1,-1,-1,-1,-1,-1,-1,-1,-1,-1,-1,-1,-1,1.17,1.38,0.00,0.00,3.00,50,100,100,0,0,0,50,100,100,13.00,4.00,0.00,0.00,0.00,0.00,0.00,0.00,0.00,0.00,0.00,Carrow Road
1767643200,Jan 05 2026 - 8:00pm,incomplete,N/A,Leicester City,West Bromwich Albion,N/A,26,3.00,3.00,3.00,3.00,0,0,0,0,0,0,"","",-1,-1,-1,-1,-1,-1,-1,-1,-1,-1,-1,-1,-1,-1,-1,-1,-1,-1,-1,-1,2.92,1.73,0.00,0.00,4.00,100,100,100,50,50,50,100,100,100,18.00,0.00,0.00,0.00,0.00,0.00,0.00,0.00,0.00,0.00,0.00,King Power Stadium
1768662000,Jan 17 2026 - 3:00pm,incomplete,N/A,Charlton Athletic,Sheffield United,N/A,27,3.00,0.00,3.00,0.00,0,0,0,0,0,0,"","",-1,-1,-1,-1,-1,-1,-1,-1,-1,-1,-1,-1,-1,-1,-1,-1,-1,-1,-1,-1,1.28,0.86,0.00,0.00,1.00,0,0,0,0,0,0,0,0,100,11.00,4.00,0.00,0.00,0.00,0.00,0.00,0.00,0.00,0.00,0.00,The Valley
1768662000,Jan 17 2026 - 3:00pm,incomplete,N/A,Coventry City,Leicester City,N/A,27,1.00,0.00,1.00,0.00,0,0,0,0,0,0,"","",-1,-1,-1,-1,-1,-1,-1,-1,-1,-1,-1,-1,-1,-1,-1,-1,-1,-1,-1,-1,1.37,1.52,0.00,0.00,1.50,50,50,50,0,0,0,50,50,50,12.00,3.00,0.00,0.00,0.00,0.00,0.00,0.00,0.00,0.00,0.00,N/A
1768662000,Jan 17 2026 - 3:00pm,incomplete,N/A,Southampton,Hull City,N/A,27,3.00,1.00,3.00,1.00,0,0,0,0,0,0,"","",-1,-1,-1,-1,-1,-1,-1,-1,-1,-1,-1,-1,-1,-1,-1,-1,-1,-1,-1,-1,2.53,0.76,0.00,0.00,1.50,50,50,50,0,0,0,50,50,50,9.00,5.00,0.00,0.00,0.00,0.00,0.00,0.00,0.00,0.00,0.00,N/A
1768662000,Jan 17 2026 - 3:00pm,incomplete,N/A,Stoke City,Queens Park Rangers,N/A,27,3.00,0.00,3.00,0.00,0,0,0,0,0,0,"","",-1,-1,-1,-1,-1,-1,-1,-1,-1,-1,-1,-1,-1,-1,-1,-1,-1,-1,-1,-1,1.46,1.41,0.00,0.00,3.50,100,100,100,50,0,50,50,50,50,11.00,3.00,0.00,0.00,0.00,0.00,0.00,0.00,0.00,0.00,0.00,Bet365 Stadium
1768662000,Jan 17 2026 - 3:00pm,incomplete,N/A,Watford,Millwall,N/A,27,3.00,3.00,3.00,3.00,0,0,0,0,0,0,"","",-1,-1,-1,-1,-1,-1,-1,-1,-1,-1,-1,-1,-1,-1,-1,-1,-1,-1,-1,-1,1.61,1.24,0.00,0.00,3.00,100,100,100,0,0,50,50,50,50,7.00,7.00,0.00,0.00,0.00,0.00,0.00,0.00,0.00,0.00,0.00,Vicarage Road
1768662000,Jan 17 2026 - 3:00pm,incomplete,N/A,West Bromwich Albion,Middlesbrough,N/A,27,3.00,3.00,3.00,3.00,0,0,0,0,0,0,"","",-1,-1,-1,-1,-1,-1,-1,-1,-1,-1,-1,-1,-1,-1,-1,-1,-1,-1,-1,-1,1.32,1.42,0.00,0.00,2.00,0,50,50,0,0,0,50,50,50,13.00,9.00,0.00,0.00,0.00,0.00,0.00,0.00,0.00,0.00,0.00,The Hawthorns
1768662000,Jan 17 2026 - 3:00pm,incomplete,N/A,Wrexham,Norwich City,N/A,27,0.00,3.00,0.00,3.00,0,0,0,0,0,0,"","",-1,-1,-1,-1,-1,-1,-1,-1,-1,-1,-1,-1,-1,-1,-1,-1,-1,-1,-1,-1,1.45,1.14,0.00,0.00,4.00,100,100,100,50,50,100,100,50,100,5.00,5.00,0.00,0.00,0.00,0.00,0.00,0.00,0.00,0.00,0.00,N/A
1768662000,Jan 17 2026 - 3:00pm,incomplete,N/A,Ipswich Town,Blackburn Rovers,N/A,27,1.00,0.00,1.00,0.00,0,0,0,0,0,0,"","",-1,-1,-1,-1,-1,-1,-1,-1,-1,-1,-1,-1,-1,-1,-1,-1,-1,-1,-1,-1,1.22,0.96,0.00,0.00,1.50,50,50,0,0,0,50,100,0,0,11.00,2.00,0.00,0.00,0.00,0.00,0.00,0.00,0.00,0.00,0.00,Portman Road Stadium
1768662000,Jan 17 2026 - 3:00pm,incomplete,N/A,Oxford United,Bristol City,N/A,27,0.00,3.00,0.00,3.00,0,0,0,0,0,0,"","",-1,-1,-1,-1,-1,-1,-1,-1,-1,-1,-1,-1,-1,-1,-1,-1,-1,-1,-1,-1,1.11,1.10,0.00,0.00,3.00,50,50,50,50,50,50,100,50,50,11.00,1.00,0.00,0.00,0.00,0.00,0.00,0.00,0.00,0.00,0.00,The Kassam Stadium
1768662000,Jan 17 2026 - 3:00pm,incomplete,N/A,Preston North End,Derby County,N/A,27,3.00,0.00,3.00,0.00,0,0,0,0,0,0,"","",-1,-1,-1,-1,-1,-1,-1,-1,-1,-1,-1,-1,-1,-1,-1,-1,-1,-1,-1,-1,1.42,0.55,0.00,0.00,3.50,100,100,100,50,0,0,50,100,100,9.00,4.00,0.00,0.00,0.00,0.00,0.00,0.00,0.00,0.00,0.00,N/A
1768662000,Jan 17 2026 - 3:00pm,incomplete,N/A,Sheffield Wednesday,Portsmouth,N/A,27,0.00,3.00,0.00,3.00,0,0,0,0,0,0,"","",-1,-1,-1,-1,-1,-1,-1,-1,-1,-1,-1,-1,-1,-1,-1,-1,-1,-1,-1,-1,1.59,1.17,0.00,0.00,2.00,0,50,50,0,0,0,100,50,50,10.00,2.00,0.00,0.00,0.00,0.00,0.00,0.00,0.00,0.00,0.00,Hillsborough Stadium
1768662000,Jan 17 2026 - 3:00pm,incomplete,N/A,Swansea City,Birmingham City,N/A,27,3.00,3.00,3.00,3.00,0,0,0,0,0,0,"","",-1,-1,-1,-1,-1,-1,-1,-1,-1,-1,-1,-1,-1,-1,-1,-1,-1,-1,-1,-1,1.36,1.21,0.00,0.00,2.00,50,50,50,0,0,0,0,50,100,9.00,3.00,0.00,0.00,0.00,0.00,0.00,0.00,0.00,0.00,0.00,Liberty Stadium
1768938300,Jan 20 2026 - 7:45pm,incomplete,N/A,West Bromwich Albion,Norwich City,N/A,28,3.00,3.00,3.00,3.00,0,0,0,0,0,0,"","",-1,-1,-1,-1,-1,-1,-1,-1,-1,-1,-1,-1,-1,-1,-1,-1,-1,-1,-1,-1,1.32,1.14,0.00,0.00,2.00,50,50,50,0,0,50,100,0,50,3.00,7.00,0.00,0.00,0.00,0.00,0.00,0.00,0.00,0.00,0.00,The Hawthorns
1768938300,Jan 20 2026 - 7:45pm,incomplete,N/A,Wrexham,Leicester City,N/A,28,0.00,0.00,0.00,0.00,0,0,0,0,0,0,"","",-1,-1,-1,-1,-1,-1,-1,-1,-1,-1,-1,-1,-1,-1,-1,-1,-1,-1,-1,-1,1.45,1.52,0.00,0.00,4.00,100,100,100,50,50,50,100,100,100,9.00,2.00,0.00,0.00,0.00,0.00,0.00,0.00,0.00,0.00,0.00,N/A
1768938300,Jan 20 2026 - 7:45pm,incomplete,N/A,Ipswich Town,Bristol City,N/A,28,1.00,3.00,1.00,3.00,0,0,0,0,0,0,"","",-1,-1,-1,-1,-1,-1,-1,-1,-1,-1,-1,-1,-1,-1,-1,-1,-1,-1,-1,-1,1.22,1.10,0.00,0.00,3.50,100,100,50,50,50,100,100,50,50,7.00,2.00,0.00,0.00,0.00,0.00,0.00,0.00,0.00,0.00,0.00,Portman Road Stadium
1768938300,Jan 20 2026 - 7:45pm,incomplete,N/A,Oxford United,Queens Park Rangers,N/A,28,0.00,0.00,0.00,0.00,0,0,0,0,0,0,"","",-1,-1,-1,-1,-1,-1,-1,-1,-1,-1,-1,-1,-1,-1,-1,-1,-1,-1,-1,-1,1.11,1.41,0.00,0.00,2.00,50,50,50,0,0,50,100,0,0,12.00,3.00,0.00,0.00,0.00,0.00,0.00,0.00,0.00,0.00,0.00,The Kassam Stadium
1768938300,Jan 20 2026 - 7:45pm,incomplete,N/A,Sheffield Wednesday,Birmingham City,N/A,28,0.00,3.00,0.00,3.00,0,0,0,0,0,0,"","",-1,-1,-1,-1,-1,-1,-1,-1,-1,-1,-1,-1,-1,-1,-1,-1,-1,-1,-1,-1,1.59,1.21,0.00,0.00,3.00,50,100,100,0,0,0,50,100,100,11.00,2.00,0.00,0.00,0.00,0.00,0.00,0.00,0.00,0.00,0.00,Hillsborough Stadium
1768938300,Jan 20 2026 - 7:45pm,incomplete,N/A,Swansea City,Blackburn Rovers,N/A,28,3.00,0.00,3.00,0.00,0,0,0,0,0,0,"","",-1,-1,-1,-1,-1,-1,-1,-1,-1,-1,-1,-1,-1,-1,-1,-1,-1,-1,-1,-1,1.36,0.96,0.00,0.00,1.00,0,0,0,0,0,0,50,0,50,11.00,1.00,0.00,0.00,0.00,0.00,0.00,0.00,0.00,0.00,0.00,Liberty Stadium
1768938300,Jan 20 2026 - 7:45pm,incomplete,N/A,Coventry City,Millwall,N/A,28,1.00,3.00,1.00,3.00,0,0,0,0,0,0,"","",-1,-1,-1,-1,-1,-1,-1,-1,-1,-1,-1,-1,-1,-1,-1,-1,-1,-1,-1,-1,1.37,1.24,0.00,0.00,1.50,50,50,50,0,0,0,0,50,50,13.00,7.00,0.00,0.00,0.00,0.00,0.00,0.00,0.00,0.00,0.00,N/A
1768938300,Jan 20 2026 - 7:45pm,incomplete,N/A,Preston North End,Hull City,N/A,28,3.00,1.00,3.00,1.00,0,0,0,0,0,0,"","",-1,-1,-1,-1,-1,-1,-1,-1,-1,-1,-1,-1,-1,-1,-1,-1,-1,-1,-1,-1,1.42,0.76,0.00,0.00,1.50,50,50,50,0,0,0,50,50,50,8.00,5.00,0.00,0.00,0.00,0.00,0.00,0.00,0.00,0.00,0.00,N/A
1769024700,Jan 21 2026 - 7:45pm,incomplete,N/A,Charlton Athletic,Derby County,N/A,28,3.00,0.00,3.00,0.00,0,0,0,0,0,0,"","",-1,-1,-1,-1,-1,-1,-1,-1,-1,-1,-1,-1,-1,-1,-1,-1,-1,-1,-1,-1,1.28,0.55,0.00,0.00,2.50,50,50,50,50,0,0,0,50,100,6.00,3.00,0.00,0.00,0.00,0.00,0.00,0.00,0.00,0.00,0.00,The Valley
1769024700,Jan 21 2026 - 7:45pm,incomplete,N/A,Southampton,Sheffield United,N/A,28,3.00,0.00,3.00,0.00,0,0,0,0,0,0,"","",-1,-1,-1,-1,-1,-1,-1,-1,-1,-1,-1,-1,-1,-1,-1,-1,-1,-1,-1,-1,2.53,0.86,0.00,0.00,2.00,50,50,50,0,0,0,50,50,100,15.00,5.00,0.00,0.00,0.00,0.00,0.00,0.00,0.00,0.00,0.00,N/A
1769024700,Jan 21 2026 - 7:45pm,incomplete,N/A,Stoke City,Middlesbrough,N/A,28,3.00,3.00,3.00,3.00,0,0,0,0,0,0,"","",-1,-1,-1,-1,-1,-1,-1,-1,-1,-1,-1,-1,-1,-1,-1,-1,-1,-1,-1,-1,1.46,1.42,0.00,0.00,3.50,50,100,100,50,0,0,0,100,100,17.00,6.00,0.00,0.00,0.00,0.00,0.00,0.00,0.00,0.00,0.00,Bet365 Stadium
1769024700,Jan 21 2026 - 7:45pm,incomplete,N/A,Watford,Portsmouth,N/A,28,3.00,3.00,3.00,3.00,0,0,0,0,0,0,"","",-1,-1,-1,-1,-1,-1,-1,-1,-1,-1,-1,-1,-1,-1,-1,-1,-1,-1,-1,-1,1.61,1.17,0.00,0.00,2.00,50,50,50,0,0,50,100,0,0,6.00,5.00,0.00,0.00,0.00,0.00,0.00,0.00,0.00,0.00,0.00,Vicarage Road
1769257800,Jan 24 2026 - 12:30pm,incomplete,N/A,Millwall,Charlton Athletic,N/A,29,0.00,1.00,0.00,1.00,0,0,0,0,0,0,"","",-1,-1,-1,-1,-1,-1,-1,-1,-1,-1,-1,-1,-1,-1,-1,-1,-1,-1,-1,-1,1.00,0.83,0.00,0.00,1.50,0,50,50,0,0,0,0,50,50,11.00,5.00,0.00,0.00,0.00,0.00,0.00,0.00,0.00,0.00,0.00,The Den
1769266800,Jan 24 2026 - 3:00pm,incomplete,N/A,Blackburn Rovers,Watford,N/A,29,0.00,0.00,0.00,0.00,0,0,0,0,0,0,"","",-1,-1,-1,-1,-1,-1,-1,-1,-1,-1,-1,-1,-1,-1,-1,-1,-1,-1,-1,-1,0.94,0.78,0.00,0.00,2.00,50,50,50,0,0,0,0,50,100,5.00,3.00,0.00,0.00,0.00,0.00,0.00,0.00,0.00,0.00,0.00,N/A
1769266800,Jan 24 2026 - 3:00pm,incomplete,N/A,Middlesbrough,Preston North End,N/A,29,3.00,1.00,3.00,1.00,0,0,0,0,0,0,"","",-1,-1,-1,-1,-1,-1,-1,-1,-1,-1,-1,-1,-1,-1,-1,-1,-1,-1,-1,-1,0.78,1.12,0.00,0.00,1.50,50,50,0,0,0,0,50,0,100,11.00,5.00,0.00,0.00,0.00,0.00,0.00,0.00,0.00,0.00,0.00,Riverside Stadium
1769266800,Jan 24 2026 - 3:00pm,incomplete,N/A,Sheffield United,Ipswich Town,N/A,29,0.00,1.00,0.00,1.00,0,0,0,0,0,0,"","",-1,-1,-1,-1,-1,-1,-1,-1,-1,-1,-1,-1,-1,-1,-1,-1,-1,-1,-1,-1,1.73,0.70,0.00,0.00,3.50,100,100,50,50,50,50,50,100,100,18.00,3.00,0.00,0.00,0.00,0.00,0.00,0.00,0.00,0.00,0.00,N/A
1769266800,Jan 24 2026 - 3:00pm,incomplete,N/A,Hull City,Swansea City,N/A,29,3.00,0.00,3.00,0.00,0,0,0,0,0,0,"","",-1,-1,-1,-1,-1,-1,-1,-1,-1,-1,-1,-1,-1,-1,-1,-1,-1,-1,-1,-1,2.18,0.50,0.00,0.00,3.00,50,50,50,50,50,50,50,0,100,12.00,6.00,0.00,0.00,0.00,0.00,0.00,0.00,0.00,0.00,0.00,KCOM Stadium
1769266800,Jan 24 2026 - 3:00pm,incomplete,N/A,Leicester City,Oxford United,N/A,29,3.00,0.00,3.00,0.00,0,0,0,0,0,0,"","",-1,-1,-1,-1,-1,-1,-1,-1,-1,-1,-1,-1,-1,-1,-1,-1,-1,-1,-1,-1,2.92,1.34,0.00,0.00,4.00,100,100,100,50,50,50,100,50,100,17.00,1.00,0.00,0.00,0.00,0.00,0.00,0.00,0.00,0.00,0.00,King Power Stadium
1769266800,Jan 24 2026 - 3:00pm,incomplete,N/A,Norwich City,Coventry City,N/A,29,0.00,3.00,0.00,3.00,0,0,0,0,0,0,"","",-1,-1,-1,-1,-1,-1,-1,-1,-1,-1,-1,-1,-1,-1,-1,-1,-1,-1,-1,-1,1.17,2.01,0.00,0.00,5.50,100,100,100,50,50,50,50,100,100,11.00,6.00,0.00,0.00,0.00,0.00,0.00,0.00,0.00,0.00,0.00,Carrow Road
1769266800,Jan 24 2026 - 3:00pm,incomplete,N/A,Birmingham City,Stoke City,N/A,29,1.00,3.00,1.00,3.00,0,0,0,0,0,0,"","",-1,-1,-1,-1,-1,-1,-1,-1,-1,-1,-1,-1,-1,-1,-1,-1,-1,-1,-1,-1,1.11,1.38,0.00,0.00,2.50,50,100,50,0,0,0,50,100,100,8.00,5.00,0.00,0.00,0.00,0.00,0.00,0.00,0.00,0.00,0.00,St. Andrew's Stadium
1769266800,Jan 24 2026 - 3:00pm,incomplete,N/A,Bristol City,Sheffield Wednesday,N/A,29,1.00,0.00,1.00,0.00,0,0,0,0,0,0,"","",-1,-1,-1,-1,-1,-1,-1,-1,-1,-1,-1,-1,-1,-1,-1,-1,-1,-1,-1,-1,1.39,0.80,0.00,0.00,1.50,50,50,50,0,0,0,50,50,50,7.00,2.00,0.00,0.00,0.00,0.00,0.00,0.00,0.00,0.00,0.00,Ashton Gate Stadium
1769266800,Jan 24 2026 - 3:00pm,incomplete,N/A,Derby County,West Bromwich Albion,N/A,29,0.00,3.00,0.00,3.00,0,0,0,0,0,0,"","",-1,-1,-1,-1,-1,-1,-1,-1,-1,-1,-1,-1,-1,-1,-1,-1,-1,-1,-1,-1,1.32,1.73,0.00,0.00,6.50,100,100,100,100,100,100,100,100,100,11.00,2.00,0.00,0.00,0.00,0.00,0.00,0.00,0.00,0.00,0.00,N/A
1769266800,Jan 24 2026 - 3:00pm,incomplete,N/A,Queens Park Rangers,Wrexham,N/A,29,1.00,0.00,1.00,0.00,0,0,0,0,0,0,"","",-1,-1,-1,-1,-1,-1,-1,-1,-1,-1,-1,-1,-1,-1,-1,-1,-1,-1,-1,-1,0.99,0.77,0.00,0.00,2.50,100,100,50,0,0,0,100,50,100,8.00,2.00,0.00,0.00,0.00,0.00,0.00,0.00,0.00,0.00,0.00,Loftus Road Stadium
1769342400,Jan 25 2026 - 12:00pm,incomplete,N/A,Portsmouth,Southampton,N/A,29,0.00,1.00,0.00,1.00,0,0,0,0,0,0,"","",-1,-1,-1,-1,-1,-1,-1,-1,-1,-1,-1,-1,-1,-1,-1,-1,-1,-1,-1,-1,1.76,1.19,0.00,0.00,2.50,100,100,50,0,0,100,100,0,50,14.00,5.00,0.00,0.00,0.00,0.00,0.00,0.00,0.00,0.00,0.00,Fratton Park
1769871600,Jan 31 2026 - 3:00pm,incomplete,N/A,Middlesbrough,Norwich City,N/A,30,3.00,3.00,3.00,3.00,0,0,0,0,0,0,"","",-1,-1,-1,-1,-1,-1,-1,-1,-1,-1,-1,-1,-1,-1,-1,-1,-1,-1,-1,-1,0.78,1.14,0.00,0.00,2.00,50,50,50,0,0,50,50,0,100,7.00,5.00,0.00,0.00,0.00,0.00,0.00,0.00,0.00,0.00,0.00,Riverside Stadium
1769871600,Jan 31 2026 - 3:00pm,incomplete,N/A,Bristol City,Derby County,N/A,30,1.00,0.00,1.00,0.00,0,0,0,0,0,0,"","",-1,-1,-1,-1,-1,-1,-1,-1,-1,-1,-1,-1,-1,-1,-1,-1,-1,-1,-1,-1,1.39,0.55,0.00,0.00,2.00,50,50,50,50,0,0,0,50,50,7.00,2.00,0.00,0.00,0.00,0.00,0.00,0.00,0.00,0.00,0.00,Ashton Gate Stadium
1769871600,Jan 31 2026 - 3:00pm,incomplete,N/A,Ipswich Town,Preston North End,N/A,30,1.00,1.00,1.00,1.00,0,0,0,0,0,0,"","",-1,-1,-1,-1,-1,-1,-1,-1,-1,-1,-1,-1,-1,-1,-1,-1,-1,-1,-1,-1,1.22,1.12,0.00,0.00,2.00,100,100,0,0,0,50,100,0,50,8.00,5.00,0.00,0.00,0.00,0.00,0.00,0.00,0.00,0.00,0.00,Portman Road Stadium
1769871600,Jan 31 2026 - 3:00pm,incomplete,N/A,Oxford United,Birmingham City,N/A,30,0.00,3.00,0.00,3.00,0,0,0,0,0,0,"","",-1,-1,-1,-1,-1,-1,-1,-1,-1,-1,-1,-1,-1,-1,-1,-1,-1,-1,-1,-1,1.11,1.21,0.00,0.00,2.00,50,50,50,0,0,0,50,50,50,13.00,3.00,0.00,0.00,0.00,0.00,0.00,0.00,0.00,0.00,0.00,The Kassam Stadium
1769871600,Jan 31 2026 - 3:00pm,incomplete,N/A,Sheffield Wednesday,Wrexham,N/A,30,0.00,0.00,0.00,0.00,0,0,0,0,0,0,"","",-1,-1,-1,-1,-1,-1,-1,-1,-1,-1,-1,-1,-1,-1,-1,-1,-1,-1,-1,-1,1.59,0.77,0.00,0.00,3.00,50,100,100,0,0,0,100,100,100,9.00,2.00,0.00,0.00,0.00,0.00,0.00,0.00,0.00,0.00,0.00,Hillsborough Stadium
1769871600,Jan 31 2026 - 3:00pm,incomplete,N/A,Watford,Swansea City,N/A,30,3.00,0.00,3.00,0.00,0,0,0,0,0,0,"","",-1,-1,-1,-1,-1,-1,-1,-1,-1,-1,-1,-1,-1,-1,-1,-1,-1,-1,-1,-1,1.61,0.50,0.00,0.00,2.00,50,50,50,0,0,50,50,0,50,4.00,8.00,0.00,0.00,0.00,0.00,0.00,0.00,0.00,0.00,0.00,Vicarage Road
1769871600,Jan 31 2026 - 3:00pm,incomplete,N/A,Portsmouth,West Bromwich Albion,N/A,30,0.00,3.00,0.00,3.00,0,0,0,0,0,0,"","",-1,-1,-1,-1,-1,-1,-1,-1,-1,-1,-1,-1,-1,-1,-1,-1,-1,-1,-1,-1,1.76,1.73,0.00,0.00,4.00,100,100,100,50,50,100,100,50,100,14.00,3.00,0.00,0.00,0.00,0.00,0.00,0.00,0.00,0.00,0.00,Fratton Park
1769871600,Jan 31 2026 - 3:00pm,incomplete,N/A,Queens Park Rangers,Coventry City,N/A,30,1.00,3.00,1.00,3.00,0,0,0,0,0,0,"","",-1,-1,-1,-1,-1,-1,-1,-1,-1,-1,-1,-1,-1,-1,-1,-1,-1,-1,-1,-1,0.99,2.01,0.00,0.00,5.00,100,100,50,50,50,50,100,50,100,10.00,5.00,0.00,0.00,0.00,0.00,0.00,0.00,0.00,0.00,0.00,Loftus Road Stadium
1769871600,Jan 31 2026 - 3:00pm,incomplete,N/A,Stoke City,Southampton,N/A,30,3.00,1.00,3.00,1.00,0,0,0,0,0,0,"","",-1,-1,-1,-1,-1,-1,-1,-1,-1,-1,-1,-1,-1,-1,-1,-1,-1,-1,-1,-1,1.46,1.19,0.00,0.00,3.00,100,100,50,50,0,50,50,50,50,12.00,3.00,0.00,0.00,0.00,0.00,0.00,0.00,0.00,0.00,0.00,Bet365 Stadium
1769871600,Jan 31 2026 - 3:00pm,incomplete,N/A,Blackburn Rovers,Hull City,N/A,30,0.00,1.00,0.00,1.00,0,0,0,0,0,0,"","",-1,-1,-1,-1,-1,-1,-1,-1,-1,-1,-1,-1,-1,-1,-1,-1,-1,-1,-1,-1,0.94,0.76,0.00,0.00,1.50,50,50,50,0,0,0,0,50,50,5.00,4.00,0.00,0.00,0.00,0.00,0.00,0.00,0.00,0.00,0.00,N/A
1769871600,Jan 31 2026 - 3:00pm,incomplete,N/A,Leicester City,Charlton Athletic,N/A,30,3.00,1.00,3.00,1.00,0,0,0,0,0,0,"","",-1,-1,-1,-1,-1,-1,-1,-1,-1,-1,-1,-1,-1,-1,-1,-1,-1,-1,-1,-1,2.92,0.83,0.00,0.00,1.50,50,50,50,0,0,0,50,50,50,19.00,1.00,0.00,0.00,0.00,0.00,0.00,0.00,0.00,0.00,0.00,King Power Stadium
1769871600,Jan 31 2026 - 3:00pm,incomplete,N/A,Millwall,Sheffield United,N/A,30,0.00,0.00,0.00,0.00,0,0,0,0,0,0,"","",-1,-1,-1,-1,-1,-1,-1,-1,-1,-1,-1,-1,-1,-1,-1,-1,-1,-1,-1,-1,1.00,0.86,0.00,0.00,2.00,0,50,50,0,0,0,0,50,100,13.00,7.00,0.00,0.00,0.00,0.00,0.00,0.00,0.00,0.00,0.00,The Den
1770476400,Feb 07 2026 - 3:00pm,incomplete,N/A,Coventry City,Oxford United,N/A,31,1.00,0.00,1.00,0.00,0,0,0,0,0,0,"","",-1,-1,-1,-1,-1,-1,-1,-1,-1,-1,-1,-1,-1,-1,-1,-1,-1,-1,-1,-1,1.37,1.34,0.00,0.00,2.50,50,50,50,50,50,50,50,0,50,12.00,4.00,0.00,0.00,0.00,0.00,0.00,0.00,0.00,0.00,0.00,N/A
1770476400,Feb 07 2026 - 3:00pm,incomplete,N/A,Hull City,Bristol City,N/A,31,3.00,3.00,3.00,3.00,0,0,0,0,0,0,"","",-1,-1,-1,-1,-1,-1,-1,-1,-1,-1,-1,-1,-1,-1,-1,-1,-1,-1,-1,-1,2.18,1.10,0.00,0.00,5.00,100,100,100,100,100,100,100,50,100,13.00,1.00,0.00,0.00,0.00,0.00,0.00,0.00,0.00,0.00,0.00,KCOM Stadium
1770476400,Feb 07 2026 - 3:00pm,incomplete,N/A,Norwich City,Blackburn Rovers,N/A,31,0.00,0.00,0.00,0.00,0,0,0,0,0,0,"","",-1,-1,-1,-1,-1,-1,-1,-1,-1,-1,-1,-1,-1,-1,-1,-1,-1,-1,-1,-1,1.17,0.96,0.00,0.00,2.00,50,50,50,0,0,0,50,50,50,13.00,1.00,0.00,0.00,0.00,0.00,0.00,0.00,0.00,0.00,0.00,Carrow Road
1770476400,Feb 07 2026 - 3:00pm,incomplete,N/A,Southampton,Watford,N/A,31,3.00,0.00,3.00,0.00,0,0,0,0,0,0,"","",-1,-1,-1,-1,-1,-1,-1,-1,-1,-1,-1,-1,-1,-1,-1,-1,-1,-1,-1,-1,2.53,0.78,0.00,0.00,2.00,50,50,50,0,0,0,50,50,100,9.00,4.00,0.00,0.00,0.00,0.00,0.00,0.00,0.00,0.00,0.00,N/A
1770476400,Feb 07 2026 - 3:00pm,incomplete,N/A,West Bromwich Albion,Stoke City,N/A,31,3.00,3.00,3.00,3.00,0,0,0,0,0,0,"","",-1,-1,-1,-1,-1,-1,-1,-1,-1,-1,-1,-1,-1,-1,-1,-1,-1,-1,-1,-1,1.32,1.38,0.00,0.00,2.00,0,50,50,0,0,0,100,50,50,10.00,7.00,0.00,0.00,0.00,0.00,0.00,0.00,0.00,0.00,0.00,The Hawthorns
1770476400,Feb 07 2026 - 3:00pm,incomplete,N/A,Birmingham City,Leicester City,N/A,31,1.00,0.00,1.00,0.00,0,0,0,0,0,0,"","",-1,-1,-1,-1,-1,-1,-1,-1,-1,-1,-1,-1,-1,-1,-1,-1,-1,-1,-1,-1,1.11,1.52,0.00,0.00,2.50,100,100,50,0,0,0,50,100,100,5.00,2.00,0.00,0.00,0.00,0.00,0.00,0.00,0.00,0.00,0.00,St. Andrew's Stadium
1770476400,Feb 07 2026 - 3:00pm,incomplete,N/A,Derby County,Ipswich Town,N/A,31,0.00,1.00,0.00,1.00,0,0,0,0,0,0,"","",-1,-1,-1,-1,-1,-1,-1,-1,-1,-1,-1,-1,-1,-1,-1,-1,-1,-1,-1,-1,1.32,0.70,0.00,0.00,5.00,100,100,50,50,50,50,50,100,100,10.00,5.00,0.00,0.00,0.00,0.00,0.00,0.00,0.00,0.00,0.00,N/A
1770476400,Feb 07 2026 - 3:00pm,incomplete,N/A,Sheffield United,Middlesbrough,N/A,31,0.00,3.00,0.00,3.00,0,0,0,0,0,0,"","",-1,-1,-1,-1,-1,-1,-1,-1,-1,-1,-1,-1,-1,-1,-1,-1,-1,-1,-1,-1,1.73,1.42,0.00,0.00,4.00,50,100,100,50,50,50,50,100,100,24.00,5.00,0.00,0.00,0.00,0.00,0.00,0.00,0.00,0.00,0.00,N/A
1770476400,Feb 07 2026 - 3:00pm,incomplete,N/A,Swansea City,Sheffield Wednesday,N/A,31,3.00,0.00,3.00,0.00,0,0,0,0,0,0,"","",-1,-1,-1,-1,-1,-1,-1,-1,-1,-1,-1,-1,-1,-1,-1,-1,-1,-1,-1,-1,1.36,0.80,0.00,0.00,2.00,50,50,50,0,0,0,50,50,100,7.00,3.00,0.00,0.00,0.00,0.00,0.00,0.00,0.00,0.00,0.00,Liberty Stadium
1770476400,Feb 07 2026 - 3:00pm,incomplete,N/A,Wrexham,Millwall,N/A,31,0.00,3.00,0.00,3.00,0,0,0,0,0,0,"","",-1,-1,-1,-1,-1,-1,-1,-1,-1,-1,-1,-1,-1,-1,-1,-1,-1,-1,-1,-1,1.45,1.24,0.00,0.00,4.00,100,100,100,50,50,50,50,100,100,10.00,6.00,0.00,0.00,0.00,0.00,0.00,0.00,0.00,0.00,0.00,N/A
1770476400,Feb 07 2026 - 3:00pm,incomplete,N/A,Charlton Athletic,Queens Park Rangers,N/A,31,3.00,0.00,3.00,0.00,0,0,0,0,0,0,"","",-1,-1,-1,-1,-1,-1,-1,-1,-1,-1,-1,-1,-1,-1,-1,-1,-1,-1,-1,-1,1.28,1.41,0.00,0.00,2.00,50,50,50,0,0,50,50,0,50,7.00,3.00,0.00,0.00,0.00,0.00,0.00,0.00,0.00,0.00,0.00,The Valley
1770476400,Feb 07 2026 - 3:00pm,incomplete,N/A,Preston North End,Portsmouth,N/A,31,3.00,3.00,3.00,3.00,0,0,0,0,0,0,"","",-1,-1,-1,-1,-1,-1,-1,-1,-1,-1,-1,-1,-1,-1,-1,-1,-1,-1,-1,-1,1.42,1.17,0.00,0.00,2.00,50,50,50,0,0,0,100,50,50,10.00,4.00,0.00,0.00,0.00,0.00,0.00,0.00,0.00,0.00,0.00,N/A
1771081200,Feb 14 2026 - 3:00pm,incomplete,N/A,Birmingham City,West Bromwich Albion,N/A,32,1.00,3.00,1.00,3.00,0,0,0,0,0,0,"","",-1,-1,-1,-1,-1,-1,-1,-1,-1,-1,-1,-1,-1,-1,-1,-1,-1,-1,-1,-1,1.11,1.73,0.00,0.00,3.50,100,100,50,50,50,50,50,100,100,6.00,2.00,0.00,0.00,0.00,0.00,0.00,0.00,0.00,0.00,0.00,St. Andrew's Stadium
1771081200,Feb 14 2026 - 3:00pm,incomplete,N/A,Bristol City,Wrexham,N/A,32,1.00,0.00,1.00,0.00,0,0,0,0,0,0,"","",-1,-1,-1,-1,-1,-1,-1,-1,-1,-1,-1,-1,-1,-1,-1,-1,-1,-1,-1,-1,1.39,0.77,0.00,0.00,1.50,50,50,50,0,0,0,50,50,50,7.00,2.00,0.00,0.00,0.00,0.00,0.00,0.00,0.00,0.00,0.00,Ashton Gate Stadium
1771081200,Feb 14 2026 - 3:00pm,incomplete,N/A,Charlton Athletic,Stoke City,N/A,32,3.00,3.00,3.00,3.00,0,0,0,0,0,0,"","",-1,-1,-1,-1,-1,-1,-1,-1,-1,-1,-1,-1,-1,-1,-1,-1,-1,-1,-1,-1,1.28,1.38,0.00,0.00,2.00,0,50,50,0,0,0,50,50,100,10.00,4.00,0.00,0.00,0.00,0.00,0.00,0.00,0.00,0.00,0.00,The Valley
1771081200,Feb 14 2026 - 3:00pm,incomplete,N/A,Coventry City,Middlesbrough,N/A,32,1.00,3.00,1.00,3.00,0,0,0,0,0,0,"","",-1,-1,-1,-1,-1,-1,-1,-1,-1,-1,-1,-1,-1,-1,-1,-1,-1,-1,-1,-1,1.37,1.42,0.00,0.00,1.50,0,50,50,0,0,0,0,50,50,18.00,8.00,0.00,0.00,0.00,0.00,0.00,0.00,0.00,0.00,0.00,N/A
1771081200,Feb 14 2026 - 3:00pm,incomplete,N/A,Ipswich Town,Hull City,N/A,32,1.00,1.00,1.00,1.00,0,0,0,0,0,0,"","",-1,-1,-1,-1,-1,-1,-1,-1,-1,-1,-1,-1,-1,-1,-1,-1,-1,-1,-1,-1,1.22,0.76,0.00,0.00,1.00,50,50,0,0,0,50,50,0,0,6.00,5.00,0.00,0.00,0.00,0.00,0.00,0.00,0.00,0.00,0.00,Portman Road Stadium
1771081200,Feb 14 2026 - 3:00pm,incomplete,N/A,Portsmouth,Sheffield United,N/A,32,0.00,0.00,0.00,0.00,0,0,0,0,0,0,"","",-1,-1,-1,-1,-1,-1,-1,-1,-1,-1,-1,-1,-1,-1,-1,-1,-1,-1,-1,-1,1.76,0.86,0.00,0.00,2.00,50,50,50,0,0,50,50,0,100,17.00,6.00,0.00,0.00,0.00,0.00,0.00,0.00,0.00,0.00,0.00,Fratton Park
1771081200,Feb 14 2026 - 3:00pm,incomplete,N/A,Preston North End,Watford,N/A,32,3.00,0.00,3.00,0.00,0,0,0,0,0,0,"","",-1,-1,-1,-1,-1,-1,-1,-1,-1,-1,-1,-1,-1,-1,-1,-1,-1,-1,-1,-1,1.42,0.78,0.00,0.00,2.00,50,50,50,0,0,0,50,50,100,8.00,4.00,0.00,0.00,0.00,0.00,0.00,0.00,0.00,0.00,0.00,N/A
1771081200,Feb 14 2026 - 3:00pm,incomplete,N/A,Sheffield Wednesday,Millwall,N/A,32,0.00,3.00,0.00,3.00,0,0,0,0,0,0,"","",-1,-1,-1,-1,-1,-1,-1,-1,-1,-1,-1,-1,-1,-1,-1,-1,-1,-1,-1,-1,1.59,1.24,0.00,0.00,3.00,50,100,100,0,0,0,50,100,100,11.00,4.00,0.00,0.00,0.00,0.00,0.00,0.00,0.00,0.00,0.00,Hillsborough Stadium
1771081200,Feb 14 2026 - 3:00pm,incomplete,N/A,Derby County,Swansea City,N/A,32,0.00,0.00,0.00,0.00,0,0,0,0,0,0,"","",-1,-1,-1,-1,-1,-1,-1,-1,-1,-1,-1,-1,-1,-1,-1,-1,-1,-1,-1,-1,1.32,0.50,0.00,0.00,4.50,50,50,50,50,50,50,50,50,100,8.00,7.00,0.00,0.00,0.00,0.00,0.00,0.00,0.00,0.00,0.00,N/A
1771081200,Feb 14 2026 - 3:00pm,incomplete,N/A,Leicester City,Southampton,N/A,32,3.00,1.00,3.00,1.00,0,0,0,0,0,0,"","",-1,-1,-1,-1,-1,-1,-1,-1,-1,-1,-1,-1,-1,-1,-1,-1,-1,-1,-1,-1,2.92,1.19,0.00,0.00,2.50,100,100,50,0,0,50,100,50,50,18.00,2.00,0.00,0.00,0.00,0.00,0.00,0.00,0.00,0.00,0.00,King Power Stadium
1771081200,Feb 14 2026 - 3:00pm,incomplete,N/A,Oxford United,Norwich City,N/A,32,0.00,3.00,0.00,3.00,0,0,0,0,0,0,"","",-1,-1,-1,-1,-1,-1,-1,-1,-1,-1,-1,-1,-1,-1,-1,-1,-1,-1,-1,-1,1.11,1.14,0.00,0.00,2.00,50,50,50,0,0,50,100,0,50,8.00,4.00,0.00,0.00,0.00,0.00,0.00,0.00,0.00,0.00,0.00,The Kassam Stadium
1771081200,Feb 14 2026 - 3:00pm,incomplete,N/A,Queens Park Rangers,Blackburn Rovers,N/A,32,1.00,0.00,1.00,0.00,0,0,0,0,0,0,"","",-1,-1,-1,-1,-1,-1,-1,-1,-1,-1,-1,-1,-1,-1,-1,-1,-1,-1,-1,-1,0.99,0.96,0.00,0.00,1.50,50,50,0,0,0,0,100,0,50,12.00,0.00,0.00,0.00,0.00,0.00,0.00,0.00,0.00,0.00,0.00,Loftus Road Stadium
1771677000,Feb 21 2026 - 12:30pm,incomplete,N/A,Swansea City,Bristol City,N/A,33,3.00,3.00,3.00,3.00,0,0,0,0,0,0,"","",-1,-1,-1,-1,-1,-1,-1,-1,-1,-1,-1,-1,-1,-1,-1,-1,-1,-1,-1,-1,1.36,1.10,0.00,0.00,3.00,50,50,50,50,50,50,50,50,100,7.00,1.00,0.00,0.00,0.00,0.00,0.00,0.00,0.00,0.00,0.00,Liberty Stadium
1771686000,Feb 21 2026 - 3:00pm,incomplete,N/A,Sheffield United,Sheffield Wednesday,N/A,33,0.00,0.00,0.00,0.00,0,0,0,0,0,0,"","",-1,-1,-1,-1,-1,-1,-1,-1,-1,-1,-1,-1,-1,-1,-1,-1,-1,-1,-1,-1,1.73,0.80,0.00,0.00,4.00,100,100,100,50,50,50,100,100,100,17.00,2.00,0.00,0.00,0.00,0.00,0.00,0.00,0.00,0.00,0.00,N/A
1771686000,Feb 21 2026 - 3:00pm,incomplete,N/A,Norwich City,Birmingham City,N/A,33,0.00,3.00,0.00,3.00,0,0,0,0,0,0,"","",-1,-1,-1,-1,-1,-1,-1,-1,-1,-1,-1,-1,-1,-1,-1,-1,-1,-1,-1,-1,1.17,1.21,0.00,0.00,3.00,100,100,100,0,0,0,0,100,100,11.00,3.00,0.00,0.00,0.00,0.00,0.00,0.00,0.00,0.00,0.00,Carrow Road
1771686000,Feb 21 2026 - 3:00pm,incomplete,N/A,Stoke City,Leicester City,N/A,33,3.00,0.00,3.00,0.00,0,0,0,0,0,0,"","",-1,-1,-1,-1,-1,-1,-1,-1,-1,-1,-1,-1,-1,-1,-1,-1,-1,-1,-1,-1,1.46,1.52,0.00,0.00,3.50,100,100,100,50,0,0,50,100,100,11.00,1.00,0.00,0.00,0.00,0.00,0.00,0.00,0.00,0.00,0.00,Bet365 Stadium
1771686000,Feb 21 2026 - 3:00pm,incomplete,N/A,West Bromwich Albion,Coventry City,N/A,33,3.00,3.00,3.00,3.00,0,0,0,0,0,0,"","",-1,-1,-1,-1,-1,-1,-1,-1,-1,-1,-1,-1,-1,-1,-1,-1,-1,-1,-1,-1,1.32,2.01,0.00,0.00,4.50,50,50,50,50,50,50,100,50,50,8.00,9.00,0.00,0.00,0.00,0.00,0.00,0.00,0.00,0.00,0.00,The Hawthorns
1771686000,Feb 21 2026 - 3:00pm,incomplete,N/A,Blackburn Rovers,Preston North End,N/A,33,0.00,1.00,0.00,1.00,0,0,0,0,0,0,"","",-1,-1,-1,-1,-1,-1,-1,-1,-1,-1,-1,-1,-1,-1,-1,-1,-1,-1,-1,-1,0.94,1.12,0.00,0.00,2.50,100,100,50,0,0,0,50,50,100,7.00,4.00,0.00,0.00,0.00,0.00,0.00,0.00,0.00,0.00,0.00,N/A
1771686000,Feb 21 2026 - 3:00pm,incomplete,N/A,Middlesbrough,Oxford United,N/A,33,3.00,0.00,3.00,0.00,0,0,0,0,0,0,"","",-1,-1,-1,-1,-1,-1,-1,-1,-1,-1,-1,-1,-1,-1,-1,-1,-1,-1,-1,-1,0.78,1.34,0.00,0.00,3.00,50,50,50,50,50,50,50,0,100,11.00,3.00,0.00,0.00,0.00,0.00,0.00,0.00,0.00,0.00,0.00,Riverside Stadium
1771686000,Feb 21 2026 - 3:00pm,incomplete,N/A,Southampton,Charlton Athletic,N/A,33,3.00,1.00,3.00,1.00,0,0,0,0,0,0,"","",-1,-1,-1,-1,-1,-1,-1,-1,-1,-1,-1,-1,-1,-1,-1,-1,-1,-1,-1,-1,2.53,0.83,0.00,0.00,1.50,50,50,50,0,0,0,50,50,50,13.00,3.00,0.00,0.00,0.00,0.00,0.00,0.00,0.00,0.00,0.00,N/A
1771686000,Feb 21 2026 - 3:00pm,incomplete,N/A,Millwall,Portsmouth,N/A,33,0.00,3.00,0.00,3.00,0,0,0,0,0,0,"","",-1,-1,-1,-1,-1,-1,-1,-1,-1,-1,-1,-1,-1,-1,-1,-1,-1,-1,-1,-1,1.00,1.17,0.00,0.00,2.00,0,50,50,0,0,0,50,50,50,9.00,6.00,0.00,0.00,0.00,0.00,0.00,0.00,0.00,0.00,0.00,The Den
1771686000,Feb 21 2026 - 3:00pm,incomplete,N/A,Hull City,Queens Park Rangers,N/A,33,3.00,0.00,3.00,0.00,0,0,0,0,0,0,"","",-1,-1,-1,-1,-1,-1,-1,-1,-1,-1,-1,-1,-1,-1,-1,-1,-1,-1,-1,-1,2.18,1.41,0.00,0.00,4.00,100,100,100,50,50,100,100,0,50,14.00,3.00,0.00,0.00,0.00,0.00,0.00,0.00,0.00,0.00,0.00,KCOM Stadium
1771686000,Feb 21 2026 - 3:00pm,incomplete,N/A,Watford,Derby County,N/A,33,3.00,0.00,3.00,0.00,0,0,0,0,0,0,"","",-1,-1,-1,-1,-1,-1,-1,-1,-1,-1,-1,-1,-1,-1,-1,-1,-1,-1,-1,-1,1.61,0.55,0.00,0.00,3.50,100,100,100,50,0,50,50,50,50,5.00,5.00,0.00,0.00,0.00,0.00,0.00,0.00,0.00,0.00,0.00,Vicarage Road
1771686000,Feb 21 2026 - 3:00pm,incomplete,N/A,Wrexham,Ipswich Town,N/A,33,0.00,1.00,0.00,1.00,0,0,0,0,0,0,"","",-1,-1,-1,-1,-1,-1,-1,-1,-1,-1,-1,-1,-1,-1,-1,-1,-1,-1,-1,-1,1.45,0.70,0.00,0.00,3.50,100,100,50,50,50,50,50,100,100,9.00,5.00,0.00,0.00,0.00,0.00,0.00,0.00,0.00,0.00,0.00,N/A
1771962300,Feb 24 2026 - 7:45pm,incomplete,N/A,Middlesbrough,Leicester City,N/A,34,3.00,0.00,3.00,0.00,0,0,0,0,0,0,"","",-1,-1,-1,-1,-1,-1,-1,-1,-1,-1,-1,-1,-1,-1,-1,-1,-1,-1,-1,-1,0.78,1.52,0.00,0.00,2.00,50,50,50,0,0,0,50,50,100,11.00,2.00,0.00,0.00,0.00,0.00,0.00,0.00,0.00,0.00,0.00,Riverside Stadium
1771962300,Feb 24 2026 - 7:45pm,incomplete,N/A,Stoke City,Oxford United,N/A,34,3.00,0.00,3.00,0.00,0,0,0,0,0,0,"","",-1,-1,-1,-1,-1,-1,-1,-1,-1,-1,-1,-1,-1,-1,-1,-1,-1,-1,-1,-1,1.46,1.34,0.00,0.00,4.50,100,100,100,100,50,50,50,50,100,11.00,2.00,0.00,0.00,0.00,0.00,0.00,0.00,0.00,0.00,0.00,Bet365 Stadium
1771962300,Feb 24 2026 - 7:45pm,incomplete,N/A,Wrexham,Portsmouth,N/A,34,0.00,3.00,0.00,3.00,0,0,0,0,0,0,"","",-1,-1,-1,-1,-1,-1,-1,-1,-1,-1,-1,-1,-1,-1,-1,-1,-1,-1,-1,-1,1.45,1.17,0.00,0.00,3.00,50,50,50,50,50,50,100,50,50,9.00,4.00,0.00,0.00,0.00,0.00,0.00,0.00,0.00,0.00,0.00,N/A
1771962300,Feb 24 2026 - 7:45pm,incomplete,N/A,Hull City,Derby County,N/A,34,3.00,0.00,3.00,0.00,0,0,0,0,0,0,"","",-1,-1,-1,-1,-1,-1,-1,-1,-1,-1,-1,-1,-1,-1,-1,-1,-1,-1,-1,-1,2.18,0.55,0.00,0.00,4.50,100,100,100,100,50,50,50,50,100,13.00,3.00,0.00,0.00,0.00,0.00,0.00,0.00,0.00,0.00,0.00,KCOM Stadium
1771962300,Feb 24 2026 - 7:45pm,incomplete,N/A,Southampton,Queens Park Rangers,N/A,34,3.00,0.00,3.00,0.00,0,0,0,0,0,0,"","",-1,-1,-1,-1,-1,-1,-1,-1,-1,-1,-1,-1,-1,-1,-1,-1,-1,-1,-1,-1,2.53,1.41,0.00,0.00,3.00,100,100,100,0,0,50,100,50,50,11.00,4.00,0.00,0.00,0.00,0.00,0.00,0.00,0.00,0.00,0.00,N/A
1771962300,Feb 24 2026 - 7:45pm,incomplete,N/A,Swansea City,Preston North End,N/A,34,3.00,1.00,3.00,1.00,0,0,0,0,0,0,"","",-1,-1,-1,-1,-1,-1,-1,-1,-1,-1,-1,-1,-1,-1,-1,-1,-1,-1,-1,-1,1.36,1.12,0.00,0.00,1.50,50,50,0,0,0,0,50,0,100,8.00,4.00,0.00,0.00,0.00,0.00,0.00,0.00,0.00,0.00,0.00,Liberty Stadium
1771962300,Feb 24 2026 - 7:45pm,incomplete,N/A,Watford,Ipswich Town,N/A,34,3.00,1.00,3.00,1.00,0,0,0,0,0,0,"","",-1,-1,-1,-1,-1,-1,-1,-1,-1,-1,-1,-1,-1,-1,-1,-1,-1,-1,-1,-1,1.61,0.70,0.00,0.00,2.50,100,100,50,0,0,50,50,50,50,6.00,6.00,0.00,0.00,0.00,0.00,0.00,0.00,0.00,0.00,0.00,Vicarage Road
1771962300,Feb 24 2026 - 7:45pm,incomplete,N/A,West Bromwich Albion,Charlton Athletic,N/A,34,3.00,1.00,3.00,1.00,0,0,0,0,0,0,"","",-1,-1,-1,-1,-1,-1,-1,-1,-1,-1,-1,-1,-1,-1,-1,-1,-1,-1,-1,-1,1.32,0.83,0.00,0.00,0.50,0,0,0,0,0,0,50,0,0,9.00,5.00,0.00,0.00,0.00,0.00,0.00,0.00,0.00,0.00,0.00,The Hawthorns
1772048700,Feb 25 2026 - 7:45pm,incomplete,N/A,Millwall,Birmingham City,N/A,34,0.00,3.00,0.00,3.00,0,0,0,0,0,0,"","",-1,-1,-1,-1,-1,-1,-1,-1,-1,-1,-1,-1,-1,-1,-1,-1,-1,-1,-1,-1,1.00,1.21,0.00,0.00,3.00,50,100,100,0,0,0,0,100,100,10.00,6.00,0.00,0.00,0.00,0.00,0.00,0.00,0.00,0.00,0.00,The Den
1772048700,Feb 25 2026 - 7:45pm,incomplete,N/A,Sheffield United,Coventry City,N/A,34,0.00,3.00,0.00,3.00,0,0,0,0,0,0,"","",-1,-1,-1,-1,-1,-1,-1,-1,-1,-1,-1,-1,-1,-1,-1,-1,-1,-1,-1,-1,1.73,2.01,0.00,0.00,6.50,100,100,100,100,100,100,100,100,100,19.00,5.00,0.00,0.00,0.00,0.00,0.00,0.00,0.00,0.00,0.00,N/A
1772048700,Feb 25 2026 - 7:45pm,incomplete,N/A,Norwich City,Sheffield Wednesday,N/A,34,0.00,0.00,0.00,0.00,0,0,0,0,0,0,"","",-1,-1,-1,-1,-1,-1,-1,-1,-1,-1,-1,-1,-1,-1,-1,-1,-1,-1,-1,-1,1.17,0.80,0.00,0.00,3.00,100,100,100,0,0,0,50,100,100,9.00,3.00,0.00,0.00,0.00,0.00,0.00,0.00,0.00,0.00,0.00,Carrow Road
1772048700,Feb 25 2026 - 7:45pm,incomplete,N/A,Blackburn Rovers,Bristol City,N/A,34,0.00,3.00,0.00,3.00,0,0,0,0,0,0,"","",-1,-1,-1,-1,-1,-1,-1,-1,-1,-1,-1,-1,-1,-1,-1,-1,-1,-1,-1,-1,0.94,1.10,0.00,0.00,4.00,100,100,100,50,50,50,50,100,100,6.00,1.00,0.00,0.00,0.00,0.00,0.00,0.00,0.00,0.00,0.00,N/A
1772290800,Feb 28 2026 - 3:00pm,incomplete,N/A,Portsmouth,Hull City,N/A,35,0.00,1.00,0.00,1.00,0,0,0,0,0,0,"","",-1,-1,-1,-1,-1,-1,-1,-1,-1,-1,-1,-1,-1,-1,-1,-1,-1,-1,-1,-1,1.76,0.76,0.00,0.00,1.50,50,50,50,0,0,50,50,0,50,11.00,6.00,0.00,0.00,0.00,0.00,0.00,0.00,0.00,0.00,0.00,Fratton Park
1772290800,Feb 28 2026 - 3:00pm,incomplete,N/A,Bristol City,Watford,N/A,35,1.00,0.00,1.00,0.00,0,0,0,0,0,0,"","",-1,-1,-1,-1,-1,-1,-1,-1,-1,-1,-1,-1,-1,-1,-1,-1,-1,-1,-1,-1,1.39,0.78,0.00,0.00,0.50,0,0,0,0,0,0,0,0,50,6.00,2.00,0.00,0.00,0.00,0.00,0.00,0.00,0.00,0.00,0.00,Ashton Gate Stadium
1772290800,Feb 28 2026 - 3:00pm,incomplete,N/A,Ipswich Town,Swansea City,N/A,35,1.00,0.00,1.00,0.00,0,0,0,0,0,0,"","",-1,-1,-1,-1,-1,-1,-1,-1,-1,-1,-1,-1,-1,-1,-1,-1,-1,-1,-1,-1,1.22,0.50,0.00,0.00,1.50,50,50,0,0,0,50,50,0,50,6.00,7.00,0.00,0.00,0.00,0.00,0.00,0.00,0.00,0.00,0.00,Portman Road Stadium
1772290800,Feb 28 2026 - 3:00pm,incomplete,N/A,Leicester City,Norwich City,N/A,35,3.00,3.00,3.00,3.00,0,0,0,0,0,0,"","",-1,-1,-1,-1,-1,-1,-1,-1,-1,-1,-1,-1,-1,-1,-1,-1,-1,-1,-1,-1,2.92,1.14,0.00,0.00,3.00,100,100,100,0,0,50,100,50,100,13.00,3.00,0.00,0.00,0.00,0.00,0.00,0.00,0.00,0.00,0.00,King Power Stadium
1772290800,Feb 28 2026 - 3:00pm,incomplete,N/A,Oxford United,West Bromwich Albion,N/A,35,0.00,3.00,0.00,3.00,0,0,0,0,0,0,"","",-1,-1,-1,-1,-1,-1,-1,-1,-1,-1,-1,-1,-1,-1,-1,-1,-1,-1,-1,-1,1.11,1.73,0.00,0.00,3.00,50,50,50,50,50,50,100,50,50,13.00,1.00,0.00,0.00,0.00,0.00,0.00,0.00,0.00,0.00,0.00,The Kassam Stadium
1772290800,Feb 28 2026 - 3:00pm,incomplete,N/A,Birmingham City,Middlesbrough,N/A,35,1.00,3.00,1.00,3.00,0,0,0,0,0,0,"","",-1,-1,-1,-1,-1,-1,-1,-1,-1,-1,-1,-1,-1,-1,-1,-1,-1,-1,-1,-1,1.11,1.42,0.00,0.00,2.50,50,100,50,0,0,0,0,100,100,11.00,7.00,0.00,0.00,0.00,0.00,0.00,0.00,0.00,0.00,0.00,St. Andrew's Stadium
1772290800,Feb 28 2026 - 3:00pm,incomplete,N/A,Charlton Athletic,Wrexham,N/A,35,3.00,0.00,3.00,0.00,0,0,0,0,0,0,"","",-1,-1,-1,-1,-1,-1,-1,-1,-1,-1,-1,-1,-1,-1,-1,-1,-1,-1,-1,-1,1.28,0.77,0.00,0.00,2.00,50,50,50,0,0,0,50,50,100,6.00,3.00,0.00,0.00,0.00,0.00,0.00,0.00,0.00,0.00,0.00,The Valley
1772290800,Feb 28 2026 - 3:00pm,incomplete,N/A,Derby County,Blackburn Rovers,N/A,35,0.00,0.00,0.00,0.00,0,0,0,0,0,0,"","",-1,-1,-1,-1,-1,-1,-1,-1,-1,-1,-1,-1,-1,-1,-1,-1,-1,-1,-1,-1,1.32,0.96,0.00,0.00,4.50,50,50,50,50,50,50,100,50,50,13.00,2.00,0.00,0.00,0.00,0.00,0.00,0.00,0.00,0.00,0.00,N/A
1772290800,Feb 28 2026 - 3:00pm,incomplete,N/A,Preston North End,Millwall,N/A,35,3.00,3.00,3.00,3.00,0,0,0,0,0,0,"","",-1,-1,-1,-1,-1,-1,-1,-1,-1,-1,-1,-1,-1,-1,-1,-1,-1,-1,-1,-1,1.42,1.24,0.00,0.00,3.00,100,100,100,0,0,0,50,100,100,11.00,6.00,0.00,0.00,0.00,0.00,0.00,0.00,0.00,0.00,0.00,N/A
1772290800,Feb 28 2026 - 3:00pm,incomplete,N/A,Queens Park Rangers,Sheffield United,N/A,35,1.00,0.00,1.00,0.00,0,0,0,0,0,0,"","",-1,-1,-1,-1,-1,-1,-1,-1,-1,-1,-1,-1,-1,-1,-1,-1,-1,-1,-1,-1,0.99,0.86,0.00,0.00,1.50,50,50,0,0,0,0,50,0,100,13.00,3.00,0.00,0.00,0.00,0.00,0.00,0.00,0.00,0.00,0.00,Loftus Road Stadium
1772290800,Feb 28 2026 - 3:00pm,incomplete,N/A,Coventry City,Stoke City,N/A,35,1.00,3.00,1.00,3.00,0,0,0,0,0,0,"","",-1,-1,-1,-1,-1,-1,-1,-1,-1,-1,-1,-1,-1,-1,-1,-1,-1,-1,-1,-1,1.37,1.38,0.00,0.00,1.50,0,50,50,0,0,0,50,50,50,15.00,6.00,0.00,0.00,0.00,0.00,0.00,0.00,0.00,0.00,0.00,N/A
1772290800,Feb 28 2026 - 3:00pm,incomplete,N/A,Sheffield Wednesday,Southampton,N/A,35,0.00,1.00,0.00,1.00,0,0,0,0,0,0,"","",-1,-1,-1,-1,-1,-1,-1,-1,-1,-1,-1,-1,-1,-1,-1,-1,-1,-1,-1,-1,1.59,1.19,0.00,0.00,2.50,50,100,50,0,0,50,100,50,50,11.00,2.00,0.00,0.00,0.00,0.00,0.00,0.00,0.00,0.00,0.00,Hillsborough Stadium
1772895600,Mar 07 2026 - 3:00pm,incomplete,N/A,Queens Park Rangers,Middlesbrough,N/A,36,1.00,3.00,1.00,3.00,0,0,0,0,0,0,"","",-1,-1,-1,-1,-1,-1,-1,-1,-1,-1,-1,-1,-1,-1,-1,-1,-1,-1,-1,-1,0.99,1.42,0.00,0.00,2.50,50,100,50,0,0,0,50,50,100,15.00,5.00,0.00,0.00,0.00,0.00,0.00,0.00,0.00,0.00,0.00,Loftus Road Stadium
1772895600,Mar 07 2026 - 3:00pm,incomplete,N/A,Sheffield United,West Bromwich Albion,N/A,36,0.00,3.00,0.00,3.00,0,0,0,0,0,0,"","",-1,-1,-1,-1,-1,-1,-1,-1,-1,-1,-1,-1,-1,-1,-1,-1,-1,-1,-1,-1,1.73,1.73,0.00,0.00,5.00,100,100,100,100,100,100,100,100,100,19.00,0.00,0.00,0.00,0.00,0.00,0.00,0.00,0.00,0.00,0.00,N/A
1772895600,Mar 07 2026 - 3:00pm,incomplete,N/A,Swansea City,Stoke City,N/A,36,3.00,3.00,3.00,3.00,0,0,0,0,0,0,"","",-1,-1,-1,-1,-1,-1,-1,-1,-1,-1,-1,-1,-1,-1,-1,-1,-1,-1,-1,-1,1.36,1.38,0.00,0.00,2.00,0,50,50,0,0,0,50,50,100,11.00,4.00,0.00,0.00,0.00,0.00,0.00,0.00,0.00,0.00,0.00,Liberty Stadium
1772895600,Mar 07 2026 - 3:00pm,incomplete,N/A,Watford,Wrexham,N/A,36,3.00,0.00,3.00,0.00,0,0,0,0,0,0,"","",-1,-1,-1,-1,-1,-1,-1,-1,-1,-1,-1,-1,-1,-1,-1,-1,-1,-1,-1,-1,1.61,0.77,0.00,0.00,3.00,100,100,100,0,0,50,100,50,50,5.00,5.00,0.00,0.00,0.00,0.00,0.00,0.00,0.00,0.00,0.00,Vicarage Road
1772895600,Mar 07 2026 - 3:00pm,incomplete,N/A,Blackburn Rovers,Portsmouth,N/A,36,0.00,3.00,0.00,3.00,0,0,0,0,0,0,"","",-1,-1,-1,-1,-1,-1,-1,-1,-1,-1,-1,-1,-1,-1,-1,-1,-1,-1,-1,-1,0.94,1.17,0.00,0.00,2.00,50,50,50,0,0,0,50,50,50,7.00,3.00,0.00,0.00,0.00,0.00,0.00,0.00,0.00,0.00,0.00,N/A
1772895600,Mar 07 2026 - 3:00pm,incomplete,N/A,Bristol City,Coventry City,N/A,36,1.00,3.00,1.00,3.00,0,0,0,0,0,0,"","",-1,-1,-1,-1,-1,-1,-1,-1,-1,-1,-1,-1,-1,-1,-1,-1,-1,-1,-1,-1,1.39,2.01,0.00,0.00,4.00,50,50,50,50,50,50,50,50,50,9.00,5.00,0.00,0.00,0.00,0.00,0.00,0.00,0.00,0.00,0.00,Ashton Gate Stadium
1772895600,Mar 07 2026 - 3:00pm,incomplete,N/A,Charlton Athletic,Birmingham City,N/A,36,3.00,3.00,3.00,3.00,0,0,0,0,0,0,"","",-1,-1,-1,-1,-1,-1,-1,-1,-1,-1,-1,-1,-1,-1,-1,-1,-1,-1,-1,-1,1.28,1.21,0.00,0.00,2.00,50,50,50,0,0,0,0,50,100,8.00,3.00,0.00,0.00,0.00,0.00,0.00,0.00,0.00,0.00,0.00,The Valley
1772895600,Mar 07 2026 - 3:00pm,incomplete,N/A,Derby County,Sheffield Wednesday,N/A,36,0.00,0.00,0.00,0.00,0,0,0,0,0,0,"","",-1,-1,-1,-1,-1,-1,-1,-1,-1,-1,-1,-1,-1,-1,-1,-1,-1,-1,-1,-1,1.32,0.80,0.00,0.00,5.50,100,100,100,50,50,50,100,100,100,9.00,4.00,0.00,0.00,0.00,0.00,0.00,0.00,0.00,0.00,0.00,N/A
1772895600,Mar 07 2026 - 3:00pm,incomplete,N/A,Preston North End,Oxford United,N/A,36,3.00,0.00,3.00,0.00,0,0,0,0,0,0,"","",-1,-1,-1,-1,-1,-1,-1,-1,-1,-1,-1,-1,-1,-1,-1,-1,-1,-1,-1,-1,1.42,1.34,0.00,0.00,4.00,100,100,100,50,50,50,100,50,100,10.00,3.00,0.00,0.00,0.00,0.00,0.00,0.00,0.00,0.00,0.00,N/A
1772895600,Mar 07 2026 - 3:00pm,incomplete,N/A,Hull City,Millwall,N/A,36,3.00,3.00,3.00,3.00,0,0,0,0,0,0,"","",-1,-1,-1,-1,-1,-1,-1,-1,-1,-1,-1,-1,-1,-1,-1,-1,-1,-1,-1,-1,2.18,1.24,0.00,0.00,4.00,100,100,100,50,50,50,50,50,100,15.00,5.00,0.00,0.00,0.00,0.00,0.00,0.00,0.00,0.00,0.00,KCOM Stadium
1772895600,Mar 07 2026 - 3:00pm,incomplete,N/A,Ipswich Town,Leicester City,N/A,36,1.00,0.00,1.00,0.00,0,0,0,0,0,0,"","",-1,-1,-1,-1,-1,-1,-1,-1,-1,-1,-1,-1,-1,-1,-1,-1,-1,-1,-1,-1,1.22,1.52,0.00,0.00,2.50,100,100,50,0,0,50,100,50,50,8.00,2.00,0.00,0.00,0.00,0.00,0.00,0.00,0.00,0.00,0.00,Portman Road Stadium
1772895600,Mar 07 2026 - 3:00pm,incomplete,N/A,Southampton,Norwich City,N/A,36,3.00,3.00,3.00,3.00,0,0,0,0,0,0,"","",-1,-1,-1,-1,-1,-1,-1,-1,-1,-1,-1,-1,-1,-1,-1,-1,-1,-1,-1,-1,2.53,1.14,0.00,0.00,3.00,100,100,100,0,0,50,100,50,100,7.00,5.00,0.00,0.00,0.00,0.00,0.00,0.00,0.00,0.00,0.00,N/A
1773171900,Mar 10 2026 - 7:45pm,incomplete,N/A,Portsmouth,Swansea City,N/A,37,0.00,0.00,0.00,0.00,0,0,0,0,0,0,"","",-1,-1,-1,-1,-1,-1,-1,-1,-1,-1,-1,-1,-1,-1,-1,-1,-1,-1,-1,-1,1.76,0.50,0.00,0.00,2.00,50,50,50,0,0,50,50,0,100,11.00,8.00,0.00,0.00,0.00,0.00,0.00,0.00,0.00,0.00,0.00,Fratton Park
1773171900,Mar 10 2026 - 7:45pm,incomplete,N/A,Leicester City,Bristol City,N/A,37,3.00,3.00,3.00,3.00,0,0,0,0,0,0,"","",-1,-1,-1,-1,-1,-1,-1,-1,-1,-1,-1,-1,-1,-1,-1,-1,-1,-1,-1,-1,2.92,1.10,0.00,0.00,4.00,100,100,100,50,50,50,100,100,100,16.00,0.00,0.00,0.00,0.00,0.00,0.00,0.00,0.00,0.00,0.00,King Power Stadium
1773171900,Mar 10 2026 - 7:45pm,incomplete,N/A,Norwich City,Sheffield United,N/A,37,0.00,0.00,0.00,0.00,0,0,0,0,0,0,"","",-1,-1,-1,-1,-1,-1,-1,-1,-1,-1,-1,-1,-1,-1,-1,-1,-1,-1,-1,-1,1.17,0.86,0.00,0.00,2.00,50,50,50,0,0,0,0,50,100,14.00,4.00,0.00,0.00,0.00,0.00,0.00,0.00,0.00,0.00,0.00,Carrow Road
1773171900,Mar 10 2026 - 7:45pm,incomplete,N/A,Millwall,Derby County,N/A,37,0.00,0.00,0.00,0.00,0,0,0,0,0,0,"","",-1,-1,-1,-1,-1,-1,-1,-1,-1,-1,-1,-1,-1,-1,-1,-1,-1,-1,-1,-1,1.00,0.55,0.00,0.00,3.50,50,100,100,50,0,0,0,100,100,8.00,6.00,0.00,0.00,0.00,0.00,0.00,0.00,0.00,0.00,0.00,The Den
1773171900,Mar 10 2026 - 7:45pm,incomplete,N/A,Sheffield Wednesday,Watford,N/A,37,0.00,0.00,0.00,0.00,0,0,0,0,0,0,"","",-1,-1,-1,-1,-1,-1,-1,-1,-1,-1,-1,-1,-1,-1,-1,-1,-1,-1,-1,-1,1.59,0.78,0.00,0.00,2.00,0,50,50,0,0,0,50,50,100,8.00,2.00,0.00,0.00,0.00,0.00,0.00,0.00,0.00,0.00,0.00,Hillsborough Stadium
1773171900,Mar 10 2026 - 7:45pm,incomplete,N/A,Stoke City,Ipswich Town,N/A,37,3.00,1.00,3.00,1.00,0,0,0,0,0,0,"","",-1,-1,-1,-1,-1,-1,-1,-1,-1,-1,-1,-1,-1,-1,-1,-1,-1,-1,-1,-1,1.46,0.70,0.00,0.00,3.00,100,100,50,50,0,0,0,100,100,11.00,4.00,0.00,0.00,0.00,0.00,0.00,0.00,0.00,0.00,0.00,Bet365 Stadium
1773171900,Mar 10 2026 - 7:45pm,incomplete,N/A,Wrexham,Hull City,N/A,37,0.00,1.00,0.00,1.00,0,0,0,0,0,0,"","",-1,-1,-1,-1,-1,-1,-1,-1,-1,-1,-1,-1,-1,-1,-1,-1,-1,-1,-1,-1,1.45,0.76,0.00,0.00,2.50,50,50,50,50,50,50,50,50,50,7.00,5.00,0.00,0.00,0.00,0.00,0.00,0.00,0.00,0.00,0.00,N/A
1773171900,Mar 10 2026 - 7:45pm,incomplete,N/A,Birmingham City,Queens Park Rangers,N/A,37,1.00,0.00,1.00,0.00,0,0,0,0,0,0,"","",-1,-1,-1,-1,-1,-1,-1,-1,-1,-1,-1,-1,-1,-1,-1,-1,-1,-1,-1,-1,1.11,1.41,0.00,0.00,2.50,100,100,50,0,0,50,50,50,50,5.00,4.00,0.00,0.00,0.00,0.00,0.00,0.00,0.00,0.00,0.00,St. Andrew's Stadium
1773258300,Mar 11 2026 - 7:45pm,incomplete,N/A,Coventry City,Preston North End,N/A,37,1.00,1.00,1.00,1.00,0,0,0,0,0,0,"","",-1,-1,-1,-1,-1,-1,-1,-1,-1,-1,-1,-1,-1,-1,-1,-1,-1,-1,-1,-1,1.37,1.12,0.00,0.00,1.00,50,50,0,0,0,0,50,0,50,12.00,6.00,0.00,0.00,0.00,0.00,0.00,0.00,0.00,0.00,0.00,N/A
1773258300,Mar 11 2026 - 7:45pm,incomplete,N/A,Oxford United,Blackburn Rovers,N/A,37,0.00,0.00,0.00,0.00,0,0,0,0,0,0,"","",-1,-1,-1,-1,-1,-1,-1,-1,-1,-1,-1,-1,-1,-1,-1,-1,-1,-1,-1,-1,1.11,0.96,0.00,0.00,1.00,0,0,0,0,0,0,100,0,0,15.00,1.00,0.00,0.00,0.00,0.00,0.00,0.00,0.00,0.00,0.00,The Kassam Stadium
1773258300,Mar 11 2026 - 7:45pm,incomplete,N/A,West Bromwich Albion,Southampton,N/A,37,3.00,1.00,3.00,1.00,0,0,0,0,0,0,"","",-1,-1,-1,-1,-1,-1,-1,-1,-1,-1,-1,-1,-1,-1,-1,-1,-1,-1,-1,-1,1.32,1.19,0.00,0.00,1.50,50,50,0,0,0,50,100,0,0,8.00,6.00,0.00,0.00,0.00,0.00,0.00,0.00,0.00,0.00,0.00,The Hawthorns
1773258300,Mar 11 2026 - 7:45pm,incomplete,N/A,Middlesbrough,Charlton Athletic,N/A,37,3.00,1.00,3.00,1.00,0,0,0,0,0,0,"","",-1,-1,-1,-1,-1,-1,-1,-1,-1,-1,-1,-1,-1,-1,-1,-1,-1,-1,-1,-1,0.78,0.83,0.00,0.00,0.50,0,0,0,0,0,0,0,0,50,13.00,3.00,0.00,0.00,0.00,0.00,0.00,0.00,0.00,0.00,0.00,Riverside Stadium
1773500400,Mar 14 2026 - 3:00pm,incomplete,N/A,Oxford United,Charlton Athletic,N/A,38,0.00,1.00,0.00,1.00,0,0,0,0,0,0,"","",-1,-1,-1,-1,-1,-1,-1,-1,-1,-1,-1,-1,-1,-1,-1,-1,-1,-1,-1,-1,1.11,0.83,0.00,0.00,0.50,0,0,0,0,0,0,50,0,0,14.00,2.00,0.00,0.00,0.00,0.00,0.00,0.00,0.00,0.00,0.00,The Kassam Stadium
1773500400,Mar 14 2026 - 3:00pm,incomplete,N/A,Sheffield Wednesday,Ipswich Town,N/A,38,0.00,1.00,0.00,1.00,0,0,0,0,0,0,"","",-1,-1,-1,-1,-1,-1,-1,-1,-1,-1,-1,-1,-1,-1,-1,-1,-1,-1,-1,-1,1.59,0.70,0.00,0.00,2.50,50,100,50,0,0,0,50,100,100,10.00,3.00,0.00,0.00,0.00,0.00,0.00,0.00,0.00,0.00,0.00,Hillsborough Stadium
1773500400,Mar 14 2026 - 3:00pm,incomplete,N/A,Coventry City,Southampton,N/A,38,1.00,1.00,1.00,1.00,0,0,0,0,0,0,"","",-1,-1,-1,-1,-1,-1,-1,-1,-1,-1,-1,-1,-1,-1,-1,-1,-1,-1,-1,-1,1.37,1.19,0.00,0.00,1.00,50,50,0,0,0,50,50,0,0,13.00,5.00,0.00,0.00,0.00,0.00,0.00,0.00,0.00,0.00,0.00,N/A
1773500400,Mar 14 2026 - 3:00pm,incomplete,N/A,Norwich City,Preston North End,N/A,38,0.00,1.00,0.00,1.00,0,0,0,0,0,0,"","",-1,-1,-1,-1,-1,-1,-1,-1,-1,-1,-1,-1,-1,-1,-1,-1,-1,-1,-1,-1,1.17,1.12,0.00,0.00,2.50,100,100,50,0,0,0,50,50,100,10.00,4.00,0.00,0.00,0.00,0.00,0.00,0.00,0.00,0.00,0.00,Carrow Road
1773500400,Mar 14 2026 - 3:00pm,incomplete,N/A,Portsmouth,Derby County,N/A,38,0.00,0.00,0.00,0.00,0,0,0,0,0,0,"","",-1,-1,-1,-1,-1,-1,-1,-1,-1,-1,-1,-1,-1,-1,-1,-1,-1,-1,-1,-1,1.76,0.55,0.00,0.00,3.50,100,100,100,50,0,50,50,50,100,12.00,5.00,0.00,0.00,0.00,0.00,0.00,0.00,0.00,0.00,0.00,Fratton Park
1773500400,Mar 14 2026 - 3:00pm,incomplete,N/A,Birmingham City,Sheffield United,N/A,38,1.00,0.00,1.00,0.00,0,0,0,0,0,0,"","",-1,-1,-1,-1,-1,-1,-1,-1,-1,-1,-1,-1,-1,-1,-1,-1,-1,-1,-1,-1,1.11,0.86,0.00,0.00,1.50,50,50,0,0,0,0,0,50,100,9.00,5.00,0.00,0.00,0.00,0.00,0.00,0.00,0.00,0.00,0.00,St. Andrew's Stadium
1773500400,Mar 14 2026 - 3:00pm,incomplete,N/A,Leicester City,Queens Park Rangers,N/A,38,3.00,0.00,3.00,0.00,0,0,0,0,0,0,"","",-1,-1,-1,-1,-1,-1,-1,-1,-1,-1,-1,-1,-1,-1,-1,-1,-1,-1,-1,-1,2.92,1.41,0.00,0.00,3.00,100,100,100,0,0,50,100,50,50,17.00,2.00,0.00,0.00,0.00,0.00,0.00,0.00,0.00,0.00,0.00,King Power Stadium
1773500400,Mar 14 2026 - 3:00pm,incomplete,N/A,Middlesbrough,Bristol City,N/A,38,3.00,3.00,3.00,3.00,0,0,0,0,0,0,"","",-1,-1,-1,-1,-1,-1,-1,-1,-1,-1,-1,-1,-1,-1,-1,-1,-1,-1,-1,-1,0.78,1.10,0.00,0.00,3.00,50,50,50,50,50,50,50,50,100,10.00,2.00,0.00,0.00,0.00,0.00,0.00,0.00,0.00,0.00,0.00,Riverside Stadium
1773500400,Mar 14 2026 - 3:00pm,incomplete,N/A,Stoke City,Watford,N/A,38,3.00,0.00,3.00,0.00,0,0,0,0,0,0,"","",-1,-1,-1,-1,-1,-1,-1,-1,-1,-1,-1,-1,-1,-1,-1,-1,-1,-1,-1,-1,1.46,0.78,0.00,0.00,2.50,50,50,50,50,0,0,0,50,100,9.00,3.00,0.00,0.00,0.00,0.00,0.00,0.00,0.00,0.00,0.00,Bet365 Stadium
1773500400,Mar 14 2026 - 3:00pm,incomplete,N/A,West Bromwich Albion,Hull City,N/A,38,3.00,1.00,3.00,1.00,0,0,0,0,0,0,"","",-1,-1,-1,-1,-1,-1,-1,-1,-1,-1,-1,-1,-1,-1,-1,-1,-1,-1,-1,-1,1.32,0.76,0.00,0.00,0.50,0,0,0,0,0,0,50,0,0,5.00,7.00,0.00,0.00,0.00,0.00,0.00,0.00,0.00,0.00,0.00,The Hawthorns
1773500400,Mar 14 2026 - 3:00pm,incomplete,N/A,Wrexham,Swansea City,N/A,38,0.00,0.00,0.00,0.00,0,0,0,0,0,0,"","",-1,-1,-1,-1,-1,-1,-1,-1,-1,-1,-1,-1,-1,-1,-1,-1,-1,-1,-1,-1,1.45,0.50,0.00,0.00,3.00,50,50,50,50,50,50,50,50,100,7.00,7.00,0.00,0.00,0.00,0.00,0.00,0.00,0.00,0.00,0.00,N/A
1773500400,Mar 14 2026 - 3:00pm,incomplete,N/A,Millwall,Blackburn Rovers,N/A,38,0.00,0.00,0.00,0.00,0,0,0,0,0,0,"","",-1,-1,-1,-1,-1,-1,-1,-1,-1,-1,-1,-1,-1,-1,-1,-1,-1,-1,-1,-1,1.00,0.96,0.00,0.00,2.00,0,50,50,0,0,0,50,50,50,12.00,4.00,0.00,0.00,0.00,0.00,0.00,0.00,0.00,0.00,0.00,The Den
1774105200,Mar 21 2026 - 3:00pm,incomplete,N/A,Bristol City,West Bromwich Albion,N/A,39,1.00,3.00,1.00,3.00,0,0,0,0,0,0,"","",-1,-1,-1,-1,-1,-1,-1,-1,-1,-1,-1,-1,-1,-1,-1,-1,-1,-1,-1,-1,1.39,1.73,0.00,0.00,2.50,50,50,50,50,50,50,50,50,50,9.00,0.00,0.00,0.00,0.00,0.00,0.00,0.00,0.00,0.00,0.00,Ashton Gate Stadium
1774105200,Mar 21 2026 - 3:00pm,incomplete,N/A,Blackburn Rovers,Middlesbrough,N/A,39,0.00,3.00,0.00,3.00,0,0,0,0,0,0,"","",-1,-1,-1,-1,-1,-1,-1,-1,-1,-1,-1,-1,-1,-1,-1,-1,-1,-1,-1,-1,0.94,1.42,0.00,0.00,3.00,50,100,100,0,0,0,0,100,100,13.00,6.00,0.00,0.00,0.00,0.00,0.00,0.00,0.00,0.00,0.00,N/A
1774105200,Mar 21 2026 - 3:00pm,incomplete,N/A,Derby County,Birmingham City,N/A,39,0.00,3.00,0.00,3.00,0,0,0,0,0,0,"","",-1,-1,-1,-1,-1,-1,-1,-1,-1,-1,-1,-1,-1,-1,-1,-1,-1,-1,-1,-1,1.32,1.21,0.00,0.00,5.50,100,100,100,50,50,50,50,100,100,11.00,4.00,0.00,0.00,0.00,0.00,0.00,0.00,0.00,0.00,0.00,N/A
1774105200,Mar 21 2026 - 3:00pm,incomplete,N/A,Hull City,Sheffield Wednesday,N/A,39,3.00,0.00,3.00,0.00,0,0,0,0,0,0,"","",-1,-1,-1,-1,-1,-1,-1,-1,-1,-1,-1,-1,-1,-1,-1,-1,-1,-1,-1,-1,2.18,0.80,0.00,0.00,4.00,100,100,100,50,50,50,100,50,100,13.00,3.00,0.00,0.00,0.00,0.00,0.00,0.00,0.00,0.00,0.00,KCOM Stadium
1774105200,Mar 21 2026 - 3:00pm,incomplete,N/A,Ipswich Town,Millwall,N/A,39,1.00,3.00,1.00,3.00,0,0,0,0,0,0,"","",-1,-1,-1,-1,-1,-1,-1,-1,-1,-1,-1,-1,-1,-1,-1,-1,-1,-1,-1,-1,1.22,1.24,0.00,0.00,2.50,100,100,50,0,0,50,50,50,50,9.00,6.00,0.00,0.00,0.00,0.00,0.00,0.00,0.00,0.00,0.00,Portman Road Stadium
1774105200,Mar 21 2026 - 3:00pm,incomplete,N/A,Sheffield United,Wrexham,N/A,39,0.00,0.00,0.00,0.00,0,0,0,0,0,0,"","",-1,-1,-1,-1,-1,-1,-1,-1,-1,-1,-1,-1,-1,-1,-1,-1,-1,-1,-1,-1,1.73,0.77,0.00,0.00,4.00,100,100,100,50,50,50,100,100,100,17.00,2.00,0.00,0.00,0.00,0.00,0.00,0.00,0.00,0.00,0.00,N/A
1774105200,Mar 21 2026 - 3:00pm,incomplete,N/A,Southampton,Oxford United,N/A,39,3.00,0.00,3.00,0.00,0,0,0,0,0,0,"","",-1,-1,-1,-1,-1,-1,-1,-1,-1,-1,-1,-1,-1,-1,-1,-1,-1,-1,-1,-1,2.53,1.34,0.00,0.00,4.00,100,100,100,50,50,50,100,50,100,11.00,3.00,0.00,0.00,0.00,0.00,0.00,0.00,0.00,0.00,0.00,N/A
1774105200,Mar 21 2026 - 3:00pm,incomplete,N/A,Swansea City,Coventry City,N/A,39,3.00,3.00,3.00,3.00,0,0,0,0,0,0,"","",-1,-1,-1,-1,-1,-1,-1,-1,-1,-1,-1,-1,-1,-1,-1,-1,-1,-1,-1,-1,1.36,2.01,0.00,0.00,4.50,50,50,50,50,50,50,50,50,100,9.00,6.00,0.00,0.00,0.00,0.00,0.00,0.00,0.00,0.00,0.00,Liberty Stadium
1774105200,Mar 21 2026 - 3:00pm,incomplete,N/A,Watford,Leicester City,N/A,39,3.00,0.00,3.00,0.00,0,0,0,0,0,0,"","",-1,-1,-1,-1,-1,-1,-1,-1,-1,-1,-1,-1,-1,-1,-1,-1,-1,-1,-1,-1,1.61,1.52,0.00,0.00,3.00,100,100,100,0,0,50,100,50,50,6.00,3.00,0.00,0.00,0.00,0.00,0.00,0.00,0.00,0.00,0.00,Vicarage Road
1774105200,Mar 21 2026 - 3:00pm,incomplete,N/A,Charlton Athletic,Norwich City,N/A,39,3.00,3.00,3.00,3.00,0,0,0,0,0,0,"","",-1,-1,-1,-1,-1,-1,-1,-1,-1,-1,-1,-1,-1,-1,-1,-1,-1,-1,-1,-1,1.28,1.14,0.00,0.00,2.00,50,50,50,0,0,50,50,0,100,3.00,4.00,0.00,0.00,0.00,0.00,0.00,0.00,0.00,0.00,0.00,The Valley
1774105200,Mar 21 2026 - 3:00pm,incomplete,N/A,Preston North End,Stoke City,N/A,39,3.00,3.00,3.00,3.00,0,0,0,0,0,0,"","",-1,-1,-1,-1,-1,-1,-1,-1,-1,-1,-1,-1,-1,-1,-1,-1,-1,-1,-1,-1,1.42,1.38,0.00,0.00,3.00,50,100,100,0,0,0,100,100,100,13.00,5.00,0.00,0.00,0.00,0.00,0.00,0.00,0.00,0.00,0.00,N/A
1774105200,Mar 21 2026 - 3:00pm,incomplete,N/A,Queens Park Rangers,Portsmouth,N/A,39,1.00,3.00,1.00,3.00,0,0,0,0,0,0,"","",-1,-1,-1,-1,-1,-1,-1,-1,-1,-1,-1,-1,-1,-1,-1,-1,-1,-1,-1,-1,0.99,1.17,0.00,0.00,1.50,50,50,0,0,0,0,100,0,50,9.00,2.00,0.00,0.00,0.00,0.00,0.00,0.00,0.00,0.00,0.00,Loftus Road Stadium
1775224800,Apr 03 2026 - 2:00pm,incomplete,N/A,Charlton Athletic,Bristol City,N/A,40,3.00,3.00,3.00,3.00,0,0,0,0,0,0,"","",-1,-1,-1,-1,-1,-1,-1,-1,-1,-1,-1,-1,-1,-1,-1,-1,-1,-1,-1,-1,1.28,1.10,0.00,0.00,3.00,50,50,50,50,50,50,50,50,100,6.00,1.00,0.00,0.00,0.00,0.00,0.00,0.00,0.00,0.00,0.00,The Valley
1775224800,Apr 03 2026 - 2:00pm,incomplete,N/A,Norwich City,Portsmouth,N/A,40,0.00,3.00,0.00,3.00,0,0,0,0,0,0,"","",-1,-1,-1,-1,-1,-1,-1,-1,-1,-1,-1,-1,-1,-1,-1,-1,-1,-1,-1,-1,1.17,1.17,0.00,0.00,2.00,50,50,50,0,0,0,50,50,50,10.00,3.00,0.00,0.00,0.00,0.00,0.00,0.00,0.00,0.00,0.00,Carrow Road
1775224800,Apr 03 2026 - 2:00pm,incomplete,N/A,Queens Park Rangers,Watford,N/A,40,1.00,0.00,1.00,0.00,0,0,0,0,0,0,"","",-1,-1,-1,-1,-1,-1,-1,-1,-1,-1,-1,-1,-1,-1,-1,-1,-1,-1,-1,-1,0.99,0.78,0.00,0.00,1.50,50,50,0,0,0,0,50,0,100,7.00,2.00,0.00,0.00,0.00,0.00,0.00,0.00,0.00,0.00,0.00,Loftus Road Stadium
1775224800,Apr 03 2026 - 2:00pm,incomplete,N/A,Sheffield United,Swansea City,N/A,40,0.00,0.00,0.00,0.00,0,0,0,0,0,0,"","",-1,-1,-1,-1,-1,-1,-1,-1,-1,-1,-1,-1,-1,-1,-1,-1,-1,-1,-1,-1,1.73,0.50,0.00,0.00,3.00,50,50,50,50,50,50,50,50,100,16.00,5.00,0.00,0.00,0.00,0.00,0.00,0.00,0.00,0.00,0.00,N/A
1775224800,Apr 03 2026 - 2:00pm,incomplete,N/A,Southampton,Ipswich Town,N/A,40,3.00,1.00,3.00,1.00,0,0,0,0,0,0,"","",-1,-1,-1,-1,-1,-1,-1,-1,-1,-1,-1,-1,-1,-1,-1,-1,-1,-1,-1,-1,2.53,0.70,0.00,0.00,2.50,100,100,50,0,0,0,50,100,100,11.00,5.00,0.00,0.00,0.00,0.00,0.00,0.00,0.00,0.00,0.00,N/A
1775224800,Apr 03 2026 - 2:00pm,incomplete,N/A,Coventry City,Derby County,N/A,40,1.00,0.00,1.00,0.00,0,0,0,0,0,0,"","",-1,-1,-1,-1,-1,-1,-1,-1,-1,-1,-1,-1,-1,-1,-1,-1,-1,-1,-1,-1,1.37,0.55,0.00,0.00,2.00,50,50,50,50,0,0,0,50,50,11.00,5.00,0.00,0.00,0.00,0.00,0.00,0.00,0.00,0.00,0.00,N/A
1775224800,Apr 03 2026 - 2:00pm,incomplete,N/A,Oxford United,Hull City,N/A,40,0.00,1.00,0.00,1.00,0,0,0,0,0,0,"","",-1,-1,-1,-1,-1,-1,-1,-1,-1,-1,-1,-1,-1,-1,-1,-1,-1,-1,-1,-1,1.11,0.76,0.00,0.00,0.50,0,0,0,0,0,0,50,0,0,10.00,4.00,0.00,0.00,0.00,0.00,0.00,0.00,0.00,0.00,0.00,The Kassam Stadium
1775224800,Apr 03 2026 - 2:00pm,incomplete,N/A,Birmingham City,Blackburn Rovers,N/A,40,1.00,0.00,1.00,0.00,0,0,0,0,0,0,"","",-1,-1,-1,-1,-1,-1,-1,-1,-1,-1,-1,-1,-1,-1,-1,-1,-1,-1,-1,-1,1.11,0.96,0.00,0.00,1.50,50,50,0,0,0,0,50,50,50,8.00,2.00,0.00,0.00,0.00,0.00,0.00,0.00,0.00,0.00,0.00,St. Andrew's Stadium
1775224800,Apr 03 2026 - 2:00pm,incomplete,N/A,Leicester City,Preston North End,N/A,40,3.00,1.00,3.00,1.00,0,0,0,0,0,0,"","",-1,-1,-1,-1,-1,-1,-1,-1,-1,-1,-1,-1,-1,-1,-1,-1,-1,-1,-1,-1,2.92,1.12,0.00,0.00,2.50,100,100,50,0,0,0,100,50,100,17.00,3.00,0.00,0.00,0.00,0.00,0.00,0.00,0.00,0.00,0.00,King Power Stadium
1775224800,Apr 03 2026 - 2:00pm,incomplete,N/A,West Bromwich Albion,Wrexham,N/A,40,3.00,0.00,3.00,0.00,0,0,0,0,0,0,"","",-1,-1,-1,-1,-1,-1,-1,-1,-1,-1,-1,-1,-1,-1,-1,-1,-1,-1,-1,-1,1.32,0.77,0.00,0.00,2.00,50,50,50,0,0,0,100,50,50,6.00,6.00,0.00,0.00,0.00,0.00,0.00,0.00,0.00,0.00,0.00,The Hawthorns
1775224800,Apr 03 2026 - 2:00pm,incomplete,N/A,Middlesbrough,Millwall,N/A,40,3.00,3.00,3.00,3.00,0,0,0,0,0,0,"","",-1,-1,-1,-1,-1,-1,-1,-1,-1,-1,-1,-1,-1,-1,-1,-1,-1,-1,-1,-1,0.78,1.24,0.00,0.00,2.00,50,50,50,0,0,0,0,50,100,12.00,6.00,0.00,0.00,0.00,0.00,0.00,0.00,0.00,0.00,0.00,Riverside Stadium
1775224800,Apr 03 2026 - 2:00pm,incomplete,N/A,Stoke City,Sheffield Wednesday,N/A,40,3.00,0.00,3.00,0.00,0,0,0,0,0,0,"","",-1,-1,-1,-1,-1,-1,-1,-1,-1,-1,-1,-1,-1,-1,-1,-1,-1,-1,-1,-1,1.46,0.80,0.00,0.00,3.50,100,100,100,50,0,0,50,100,100,10.00,3.00,0.00,0.00,0.00,0.00,0.00,0.00,0.00,0.00,0.00,Bet365 Stadium
1775476800,Apr 06 2026 - 12:00pm,incomplete,N/A,Millwall,Norwich City,N/A,41,0.00,3.00,0.00,3.00,0,0,0,0,0,0,"","",-1,-1,-1,-1,-1,-1,-1,-1,-1,-1,-1,-1,-1,-1,-1,-1,-1,-1,-1,-1,1.00,1.14,0.00,0.00,3.00,50,100,100,0,0,50,50,50,100,5.00,7.00,0.00,0.00,0.00,0.00,0.00,0.00,0.00,0.00,0.00,The Den
1775484000,Apr 06 2026 - 2:00pm,incomplete,N/A,Bristol City,Sheffield United,N/A,41,1.00,0.00,1.00,0.00,0,0,0,0,0,0,"","",-1,-1,-1,-1,-1,-1,-1,-1,-1,-1,-1,-1,-1,-1,-1,-1,-1,-1,-1,-1,1.39,0.86,0.00,0.00,0.50,0,0,0,0,0,0,0,0,50,12.00,3.00,0.00,0.00,0.00,0.00,0.00,0.00,0.00,0.00,0.00,Ashton Gate Stadium
1775484000,Apr 06 2026 - 2:00pm,incomplete,N/A,Hull City,Coventry City,N/A,41,3.00,3.00,3.00,3.00,0,0,0,0,0,0,"","",-1,-1,-1,-1,-1,-1,-1,-1,-1,-1,-1,-1,-1,-1,-1,-1,-1,-1,-1,-1,2.18,2.01,0.00,0.00,6.50,100,100,100,100,100,100,100,50,100,15.00,6.00,0.00,0.00,0.00,0.00,0.00,0.00,0.00,0.00,0.00,KCOM Stadium
1775484000,Apr 06 2026 - 2:00pm,incomplete,N/A,Ipswich Town,Birmingham City,N/A,41,1.00,3.00,1.00,3.00,0,0,0,0,0,0,"","",-1,-1,-1,-1,-1,-1,-1,-1,-1,-1,-1,-1,-1,-1,-1,-1,-1,-1,-1,-1,1.22,1.21,0.00,0.00,2.50,100,100,50,0,0,50,50,50,50,9.00,4.00,0.00,0.00,0.00,0.00,0.00,0.00,0.00,0.00,0.00,Portman Road Stadium
1775484000,Apr 06 2026 - 2:00pm,incomplete,N/A,Portsmouth,Oxford United,N/A,41,0.00,0.00,0.00,0.00,0,0,0,0,0,0,"","",-1,-1,-1,-1,-1,-1,-1,-1,-1,-1,-1,-1,-1,-1,-1,-1,-1,-1,-1,-1,1.76,1.34,0.00,0.00,4.00,100,100,100,50,50,100,100,0,100,13.00,4.00,0.00,0.00,0.00,0.00,0.00,0.00,0.00,0.00,0.00,Fratton Park
1775484000,Apr 06 2026 - 2:00pm,incomplete,N/A,Sheffield Wednesday,Leicester City,N/A,41,0.00,0.00,0.00,0.00,0,0,0,0,0,0,"","",-1,-1,-1,-1,-1,-1,-1,-1,-1,-1,-1,-1,-1,-1,-1,-1,-1,-1,-1,-1,1.59,1.52,0.00,0.00,3.00,50,100,100,0,0,0,100,100,100,10.00,0.00,0.00,0.00,0.00,0.00,0.00,0.00,0.00,0.00,0.00,Hillsborough Stadium
1775484000,Apr 06 2026 - 2:00pm,incomplete,N/A,Watford,Charlton Athletic,N/A,41,3.00,1.00,3.00,1.00,0,0,0,0,0,0,"","",-1,-1,-1,-1,-1,-1,-1,-1,-1,-1,-1,-1,-1,-1,-1,-1,-1,-1,-1,-1,1.61,0.83,0.00,0.00,1.50,50,50,50,0,0,50,50,0,0,8.00,4.00,0.00,0.00,0.00,0.00,0.00,0.00,0.00,0.00,0.00,Vicarage Road
1775484000,Apr 06 2026 - 2:00pm,incomplete,N/A,Blackburn Rovers,West Bromwich Albion,N/A,41,0.00,3.00,0.00,3.00,0,0,0,0,0,0,"","",-1,-1,-1,-1,-1,-1,-1,-1,-1,-1,-1,-1,-1,-1,-1,-1,-1,-1,-1,-1,0.94,1.73,0.00,0.00,4.00,100,100,100,50,50,50,50,100,100,8.00,1.00,0.00,0.00,0.00,0.00,0.00,0.00,0.00,0.00,0.00,N/A
1775484000,Apr 06 2026 - 2:00pm,incomplete,N/A,Derby County,Stoke City,N/A,41,0.00,3.00,0.00,3.00,0,0,0,0,0,0,"","",-1,-1,-1,-1,-1,-1,-1,-1,-1,-1,-1,-1,-1,-1,-1,-1,-1,-1,-1,-1,1.32,1.38,0.00,0.00,5.50,50,100,100,50,50,50,100,100,100,13.00,5.00,0.00,0.00,0.00,0.00,0.00,0.00,0.00,0.00,0.00,N/A
1775484000,Apr 06 2026 - 2:00pm,incomplete,N/A,Preston North End,Queens Park Rangers,N/A,41,3.00,0.00,3.00,0.00,0,0,0,0,0,0,"","",-1,-1,-1,-1,-1,-1,-1,-1,-1,-1,-1,-1,-1,-1,-1,-1,-1,-1,-1,-1,1.42,1.41,0.00,0.00,3.00,100,100,100,0,0,50,100,50,50,10.00,4.00,0.00,0.00,0.00,0.00,0.00,0.00,0.00,0.00,0.00,N/A
1775484000,Apr 06 2026 - 2:00pm,incomplete,N/A,Swansea City,Middlesbrough,N/A,41,3.00,3.00,3.00,3.00,0,0,0,0,0,0,"","",-1,-1,-1,-1,-1,-1,-1,-1,-1,-1,-1,-1,-1,-1,-1,-1,-1,-1,-1,-1,1.36,1.42,0.00,0.00,2.00,0,50,50,0,0,0,0,50,100,14.00,6.00,0.00,0.00,0.00,0.00,0.00,0.00,0.00,0.00,0.00,Liberty Stadium
1775484000,Apr 06 2026 - 2:00pm,incomplete,N/A,Wrexham,Southampton,N/A,41,0.00,1.00,0.00,1.00,0,0,0,0,0,0,"","",-1,-1,-1,-1,-1,-1,-1,-1,-1,-1,-1,-1,-1,-1,-1,-1,-1,-1,-1,-1,1.45,1.19,0.00,0.00,3.50,100,100,50,50,50,100,100,50,50,10.00,4.00,0.00,0.00,0.00,0.00,0.00,0.00,0.00,0.00,0.00,N/A
1775916000,Apr 11 2026 - 2:00pm,incomplete,N/A,Southampton,Derby County,N/A,42,3.00,0.00,3.00,0.00,0,0,0,0,0,0,"","",-1,-1,-1,-1,-1,-1,-1,-1,-1,-1,-1,-1,-1,-1,-1,-1,-1,-1,-1,-1,2.53,0.55,0.00,0.00,3.50,100,100,100,50,0,0,50,100,100,10.00,4.00,0.00,0.00,0.00,0.00,0.00,0.00,0.00,0.00,0.00,N/A
1775916000,Apr 11 2026 - 2:00pm,incomplete,N/A,West Bromwich Albion,Millwall,N/A,42,3.00,3.00,3.00,3.00,0,0,0,0,0,0,"","",-1,-1,-1,-1,-1,-1,-1,-1,-1,-1,-1,-1,-1,-1,-1,-1,-1,-1,-1,-1,1.32,1.24,0.00,0.00,2.00,50,50,50,0,0,0,50,50,50,8.00,8.00,0.00,0.00,0.00,0.00,0.00,0.00,0.00,0.00,0.00,The Hawthorns
1775916000,Apr 11 2026 - 2:00pm,incomplete,N/A,Birmingham City,Wrexham,N/A,42,1.00,0.00,1.00,0.00,0,0,0,0,0,0,"","",-1,-1,-1,-1,-1,-1,-1,-1,-1,-1,-1,-1,-1,-1,-1,-1,-1,-1,-1,-1,1.11,0.77,0.00,0.00,2.50,100,100,50,0,0,0,50,100,100,4.00,4.00,0.00,0.00,0.00,0.00,0.00,0.00,0.00,0.00,0.00,St. Andrew's Stadium
1775916000,Apr 11 2026 - 2:00pm,incomplete,N/A,Middlesbrough,Portsmouth,N/A,42,3.00,3.00,3.00,3.00,0,0,0,0,0,0,"","",-1,-1,-1,-1,-1,-1,-1,-1,-1,-1,-1,-1,-1,-1,-1,-1,-1,-1,-1,-1,0.78,1.17,0.00,0.00,1.00,0,0,0,0,0,0,50,0,50,11.00,4.00,0.00,0.00,0.00,0.00,0.00,0.00,0.00,0.00,0.00,Riverside Stadium
1775916000,Apr 11 2026 - 2:00pm,incomplete,N/A,Oxford United,Watford,N/A,42,0.00,0.00,0.00,0.00,0,0,0,0,0,0,"","",-1,-1,-1,-1,-1,-1,-1,-1,-1,-1,-1,-1,-1,-1,-1,-1,-1,-1,-1,-1,1.11,0.78,0.00,0.00,1.00,0,0,0,0,0,0,50,0,50,10.00,3.00,0.00,0.00,0.00,0.00,0.00,0.00,0.00,0.00,0.00,The Kassam Stadium
1775916000,Apr 11 2026 - 2:00pm,incomplete,N/A,Charlton Athletic,Preston North End,N/A,42,3.00,1.00,3.00,1.00,0,0,0,0,0,0,"","",-1,-1,-1,-1,-1,-1,-1,-1,-1,-1,-1,-1,-1,-1,-1,-1,-1,-1,-1,-1,1.28,1.12,0.00,0.00,1.50,50,50,0,0,0,0,50,0,100,7.00,4.00,0.00,0.00,0.00,0.00,0.00,0.00,0.00,0.00,0.00,The Valley
1775916000,Apr 11 2026 - 2:00pm,incomplete,N/A,Coventry City,Sheffield Wednesday,N/A,42,1.00,0.00,1.00,0.00,0,0,0,0,0,0,"","",-1,-1,-1,-1,-1,-1,-1,-1,-1,-1,-1,-1,-1,-1,-1,-1,-1,-1,-1,-1,1.37,0.80,0.00,0.00,1.50,50,50,50,0,0,0,50,50,50,11.00,5.00,0.00,0.00,0.00,0.00,0.00,0.00,0.00,0.00,0.00,N/A
1775916000,Apr 11 2026 - 2:00pm,incomplete,N/A,Leicester City,Swansea City,N/A,42,3.00,0.00,3.00,0.00,0,0,0,0,0,0,"","",-1,-1,-1,-1,-1,-1,-1,-1,-1,-1,-1,-1,-1,-1,-1,-1,-1,-1,-1,-1,2.92,0.50,0.00,0.00,2.00,50,50,50,0,0,0,50,50,100,15.00,5.00,0.00,0.00,0.00,0.00,0.00,0.00,0.00,0.00,0.00,King Power Stadium
1775916000,Apr 11 2026 - 2:00pm,incomplete,N/A,Norwich City,Ipswich Town,N/A,42,0.00,1.00,0.00,1.00,0,0,0,0,0,0,"","",-1,-1,-1,-1,-1,-1,-1,-1,-1,-1,-1,-1,-1,-1,-1,-1,-1,-1,-1,-1,1.17,0.70,0.00,0.00,2.50,100,100,50,0,0,0,0,100,100,10.00,4.00,0.00,0.00,0.00,0.00,0.00,0.00,0.00,0.00,0.00,Carrow Road
1775916000,Apr 11 2026 - 2:00pm,incomplete,N/A,Queens Park Rangers,Bristol City,N/A,42,1.00,3.00,1.00,3.00,0,0,0,0,0,0,"","",-1,-1,-1,-1,-1,-1,-1,-1,-1,-1,-1,-1,-1,-1,-1,-1,-1,-1,-1,-1,0.99,1.10,0.00,0.00,3.50,100,100,50,50,50,50,100,50,100,8.00,0.00,0.00,0.00,0.00,0.00,0.00,0.00,0.00,0.00,0.00,Loftus Road Stadium
1775916000,Apr 11 2026 - 2:00pm,incomplete,N/A,Sheffield United,Hull City,N/A,42,0.00,1.00,0.00,1.00,0,0,0,0,0,0,"","",-1,-1,-1,-1,-1,-1,-1,-1,-1,-1,-1,-1,-1,-1,-1,-1,-1,-1,-1,-1,1.73,0.76,0.00,0.00,2.50,50,50,50,50,50,50,50,50,50,16.00,3.00,0.00,0.00,0.00,0.00,0.00,0.00,0.00,0.00,0.00,N/A
1775916000,Apr 11 2026 - 2:00pm,incomplete,N/A,Stoke City,Blackburn Rovers,N/A,42,3.00,0.00,3.00,0.00,0,0,0,0,0,0,"","",-1,-1,-1,-1,-1,-1,-1,-1,-1,-1,-1,-1,-1,-1,-1,-1,-1,-1,-1,-1,1.46,0.96,0.00,0.00,2.50,50,50,50,50,0,0,50,50,50,14.00,1.00,0.00,0.00,0.00,0.00,0.00,0.00,0.00,0.00,0.00,Bet365 Stadium
1776520800,Apr 18 2026 - 2:00pm,incomplete,N/A,Blackburn Rovers,Coventry City,N/A,43,0.00,3.00,0.00,3.00,0,0,0,0,0,0,"","",-1,-1,-1,-1,-1,-1,-1,-1,-1,-1,-1,-1,-1,-1,-1,-1,-1,-1,-1,-1,0.94,2.01,0.00,0.00,5.50,100,100,100,50,50,50,50,100,100,8.00,6.00,0.00,0.00,0.00,0.00,0.00,0.00,0.00,0.00,0.00,N/A
1776520800,Apr 18 2026 - 2:00pm,incomplete,N/A,Bristol City,Norwich City,N/A,43,1.00,3.00,1.00,3.00,0,0,0,0,0,0,"","",-1,-1,-1,-1,-1,-1,-1,-1,-1,-1,-1,-1,-1,-1,-1,-1,-1,-1,-1,-1,1.39,1.14,0.00,0.00,1.50,50,50,50,0,0,50,50,0,50,4.00,3.00,0.00,0.00,0.00,0.00,0.00,0.00,0.00,0.00,0.00,Ashton Gate Stadium
1776520800,Apr 18 2026 - 2:00pm,incomplete,N/A,Derby County,Oxford United,N/A,43,0.00,0.00,0.00,0.00,0,0,0,0,0,0,"","",-1,-1,-1,-1,-1,-1,-1,-1,-1,-1,-1,-1,-1,-1,-1,-1,-1,-1,-1,-1,1.32,1.34,0.00,0.00,6.50,100,100,100,100,100,100,100,50,100,10.00,3.00,0.00,0.00,0.00,0.00,0.00,0.00,0.00,0.00,0.00,N/A
1776520800,Apr 18 2026 - 2:00pm,incomplete,N/A,Sheffield Wednesday,Charlton Athletic,N/A,43,0.00,1.00,0.00,1.00,0,0,0,0,0,0,"","",-1,-1,-1,-1,-1,-1,-1,-1,-1,-1,-1,-1,-1,-1,-1,-1,-1,-1,-1,-1,1.59,0.83,0.00,0.00,1.50,0,50,50,0,0,0,50,50,50,12.00,1.00,0.00,0.00,0.00,0.00,0.00,0.00,0.00,0.00,0.00,Hillsborough Stadium
1776520800,Apr 18 2026 - 2:00pm,incomplete,N/A,Swansea City,Southampton,N/A,43,3.00,1.00,3.00,1.00,0,0,0,0,0,0,"","",-1,-1,-1,-1,-1,-1,-1,-1,-1,-1,-1,-1,-1,-1,-1,-1,-1,-1,-1,-1,1.36,1.19,0.00,0.00,1.50,50,50,0,0,0,50,50,0,50,9.00,3.00,0.00,0.00,0.00,0.00,0.00,0.00,0.00,0.00,0.00,Liberty Stadium
1776520800,Apr 18 2026 - 2:00pm,incomplete,N/A,Wrexham,Stoke City,N/A,43,0.00,3.00,0.00,3.00,0,0,0,0,0,0,"","",-1,-1,-1,-1,-1,-1,-1,-1,-1,-1,-1,-1,-1,-1,-1,-1,-1,-1,-1,-1,1.45,1.38,0.00,0.00,4.00,50,100,100,50,50,50,100,100,100,12.00,5.00,0.00,0.00,0.00,0.00,0.00,0.00,0.00,0.00,0.00,N/A
1776520800,Apr 18 2026 - 2:00pm,incomplete,N/A,Ipswich Town,Middlesbrough,N/A,43,1.00,3.00,1.00,3.00,0,0,0,0,0,0,"","",-1,-1,-1,-1,-1,-1,-1,-1,-1,-1,-1,-1,-1,-1,-1,-1,-1,-1,-1,-1,1.22,1.42,0.00,0.00,2.50,50,100,50,0,0,50,50,50,50,14.00,7.00,0.00,0.00,0.00,0.00,0.00,0.00,0.00,0.00,0.00,Portman Road Stadium
1776520800,Apr 18 2026 - 2:00pm,incomplete,N/A,Hull City,Birmingham City,N/A,43,3.00,3.00,3.00,3.00,0,0,0,0,0,0,"","",-1,-1,-1,-1,-1,-1,-1,-1,-1,-1,-1,-1,-1,-1,-1,-1,-1,-1,-1,-1,2.18,1.21,0.00,0.00,4.00,100,100,100,50,50,50,50,50,100,15.00,3.00,0.00,0.00,0.00,0.00,0.00,0.00,0.00,0.00,0.00,KCOM Stadium
1776520800,Apr 18 2026 - 2:00pm,incomplete,N/A,Millwall,Queens Park Rangers,N/A,43,0.00,0.00,0.00,0.00,0,0,0,0,0,0,"","",-1,-1,-1,-1,-1,-1,-1,-1,-1,-1,-1,-1,-1,-1,-1,-1,-1,-1,-1,-1,1.00,1.41,0.00,0.00,3.00,50,100,100,0,0,50,50,50,50,9.00,6.00,0.00,0.00,0.00,0.00,0.00,0.00,0.00,0.00,0.00,The Den
1776520800,Apr 18 2026 - 2:00pm,incomplete,N/A,Portsmouth,Leicester City,N/A,43,0.00,0.00,0.00,0.00,0,0,0,0,0,0,"","",-1,-1,-1,-1,-1,-1,-1,-1,-1,-1,-1,-1,-1,-1,-1,-1,-1,-1,-1,-1,1.76,1.52,0.00,0.00,3.00,100,100,100,0,0,50,100,50,100,13.00,3.00,0.00,0.00,0.00,0.00,0.00,0.00,0.00,0.00,0.00,Fratton Park
1776520800,Apr 18 2026 - 2:00pm,incomplete,N/A,Preston North End,West Bromwich Albion,N/A,43,3.00,3.00,3.00,3.00,0,0,0,0,0,0,"","",-1,-1,-1,-1,-1,-1,-1,-1,-1,-1,-1,-1,-1,-1,-1,-1,-1,-1,-1,-1,1.42,1.73,0.00,0.00,4.00,100,100,100,50,50,50,100,100,100,11.00,2.00,0.00,0.00,0.00,0.00,0.00,0.00,0.00,0.00,0.00,N/A
1776520800,Apr 18 2026 - 2:00pm,incomplete,N/A,Watford,Sheffield United,N/A,43,3.00,0.00,3.00,0.00,0,0,0,0,0,0,"","",-1,-1,-1,-1,-1,-1,-1,-1,-1,-1,-1,-1,-1,-1,-1,-1,-1,-1,-1,-1,1.61,0.86,0.00,0.00,2.00,50,50,50,0,0,50,50,0,50,10.00,6.00,0.00,0.00,0.00,0.00,0.00,0.00,0.00,0.00,0.00,Vicarage Road
1776797100,Apr 21 2026 - 6:45pm,incomplete,N/A,Coventry City,Portsmouth,N/A,44,1.00,3.00,1.00,3.00,0,0,0,0,0,0,"","",-1,-1,-1,-1,-1,-1,-1,-1,-1,-1,-1,-1,-1,-1,-1,-1,-1,-1,-1,-1,1.37,1.17,0.00,0.00,0.50,0,0,0,0,0,0,50,0,0,12.00,5.00,0.00,0.00,0.00,0.00,0.00,0.00,0.00,0.00,0.00,N/A
1776797100,Apr 21 2026 - 6:45pm,incomplete,N/A,Norwich City,Derby County,N/A,44,0.00,0.00,0.00,0.00,0,0,0,0,0,0,"","",-1,-1,-1,-1,-1,-1,-1,-1,-1,-1,-1,-1,-1,-1,-1,-1,-1,-1,-1,-1,1.17,0.55,0.00,0.00,3.50,100,100,100,50,0,0,0,100,100,9.00,3.00,0.00,0.00,0.00,0.00,0.00,0.00,0.00,0.00,0.00,Carrow Road
1776797100,Apr 21 2026 - 6:45pm,incomplete,N/A,Middlesbrough,Sheffield Wednesday,N/A,44,3.00,0.00,3.00,0.00,0,0,0,0,0,0,"","",-1,-1,-1,-1,-1,-1,-1,-1,-1,-1,-1,-1,-1,-1,-1,-1,-1,-1,-1,-1,0.78,0.80,0.00,0.00,2.00,50,50,50,0,0,0,50,50,100,10.00,4.00,0.00,0.00,0.00,0.00,0.00,0.00,0.00,0.00,0.00,Riverside Stadium
1776797100,Apr 21 2026 - 6:45pm,incomplete,N/A,Southampton,Bristol City,N/A,44,3.00,3.00,3.00,3.00,0,0,0,0,0,0,"","",-1,-1,-1,-1,-1,-1,-1,-1,-1,-1,-1,-1,-1,-1,-1,-1,-1,-1,-1,-1,2.53,1.10,0.00,0.00,4.00,100,100,100,50,50,50,100,100,100,10.00,2.00,0.00,0.00,0.00,0.00,0.00,0.00,0.00,0.00,0.00,N/A
1776797100,Apr 21 2026 - 6:45pm,incomplete,N/A,Oxford United,Wrexham,N/A,44,0.00,0.00,0.00,0.00,0,0,0,0,0,0,"","",-1,-1,-1,-1,-1,-1,-1,-1,-1,-1,-1,-1,-1,-1,-1,-1,-1,-1,-1,-1,1.11,0.77,0.00,0.00,2.00,50,50,50,0,0,0,100,50,50,11.00,3.00,0.00,0.00,0.00,0.00,0.00,0.00,0.00,0.00,0.00,The Kassam Stadium
1776797100,Apr 21 2026 - 6:45pm,incomplete,N/A,Queens Park Rangers,Swansea City,N/A,44,1.00,0.00,1.00,0.00,0,0,0,0,0,0,"","",-1,-1,-1,-1,-1,-1,-1,-1,-1,-1,-1,-1,-1,-1,-1,-1,-1,-1,-1,-1,0.99,0.50,0.00,0.00,1.50,50,50,0,0,0,0,50,0,100,7.00,5.00,0.00,0.00,0.00,0.00,0.00,0.00,0.00,0.00,0.00,Loftus Road Stadium
1776797100,Apr 21 2026 - 6:45pm,incomplete,N/A,Stoke City,Millwall,N/A,44,3.00,3.00,3.00,3.00,0,0,0,0,0,0,"","",-1,-1,-1,-1,-1,-1,-1,-1,-1,-1,-1,-1,-1,-1,-1,-1,-1,-1,-1,-1,1.46,1.24,0.00,0.00,3.50,100,100,100,50,0,0,0,100,100,12.00,5.00,0.00,0.00,0.00,0.00,0.00,0.00,0.00,0.00,0.00,Bet365 Stadium
1776797100,Apr 21 2026 - 6:45pm,incomplete,N/A,West Bromwich Albion,Watford,N/A,44,3.00,0.00,3.00,0.00,0,0,0,0,0,0,"","",-1,-1,-1,-1,-1,-1,-1,-1,-1,-1,-1,-1,-1,-1,-1,-1,-1,-1,-1,-1,1.32,0.78,0.00,0.00,1.00,0,0,0,0,0,0,50,0,50,5.00,6.00,0.00,0.00,0.00,0.00,0.00,0.00,0.00,0.00,0.00,The Hawthorns
1776883500,Apr 22 2026 - 6:45pm,incomplete,N/A,Birmingham City,Preston North End,N/A,44,1.00,1.00,1.00,1.00,0,0,0,0,0,0,"","",-1,-1,-1,-1,-1,-1,-1,-1,-1,-1,-1,-1,-1,-1,-1,-1,-1,-1,-1,-1,1.11,1.12,0.00,0.00,2.00,100,100,0,0,0,0,50,50,100,5.00,5.00,0.00,0.00,0.00,0.00,0.00,0.00,0.00,0.00,0.00,St. Andrew's Stadium
1776883500,Apr 22 2026 - 6:45pm,incomplete,N/A,Charlton Athletic,Ipswich Town,N/A,44,3.00,1.00,3.00,1.00,0,0,0,0,0,0,"","",-1,-1,-1,-1,-1,-1,-1,-1,-1,-1,-1,-1,-1,-1,-1,-1,-1,-1,-1,-1,1.28,0.70,0.00,0.00,1.50,50,50,0,0,0,0,0,50,100,7.00,4.00,0.00,0.00,0.00,0.00,0.00,0.00,0.00,0.00,0.00,The Valley
1776883500,Apr 22 2026 - 6:45pm,incomplete,N/A,Leicester City,Hull City,N/A,44,3.00,1.00,3.00,1.00,0,0,0,0,0,0,"","",-1,-1,-1,-1,-1,-1,-1,-1,-1,-1,-1,-1,-1,-1,-1,-1,-1,-1,-1,-1,2.92,0.76,0.00,0.00,1.50,50,50,50,0,0,0,50,50,50,15.00,3.00,0.00,0.00,0.00,0.00,0.00,0.00,0.00,0.00,0.00,King Power Stadium
1776883500,Apr 22 2026 - 6:45pm,incomplete,N/A,Sheffield United,Blackburn Rovers,N/A,44,0.00,0.00,0.00,0.00,0,0,0,0,0,0,"","",-1,-1,-1,-1,-1,-1,-1,-1,-1,-1,-1,-1,-1,-1,-1,-1,-1,-1,-1,-1,1.73,0.96,0.00,0.00,3.00,50,50,50,50,50,50,100,50,50,21.00,0.00,0.00,0.00,0.00,0.00,0.00,0.00,0.00,0.00,0.00,N/A
1777125600,Apr 25 2026 - 2:00pm,incomplete,N/A,Oxford United,Sheffield Wednesday,N/A,45,0.00,0.00,0.00,0.00,0,0,0,0,0,0,"","",-1,-1,-1,-1,-1,-1,-1,-1,-1,-1,-1,-1,-1,-1,-1,-1,-1,-1,-1,-1,1.11,0.80,0.00,0.00,2.00,50,50,50,0,0,0,100,50,50,11.00,3.00,0.00,0.00,0.00,0.00,0.00,0.00,0.00,0.00,0.00,The Kassam Stadium
1777125600,Apr 25 2026 - 2:00pm,incomplete,N/A,Birmingham City,Bristol City,N/A,45,1.00,3.00,1.00,3.00,0,0,0,0,0,0,"","",-1,-1,-1,-1,-1,-1,-1,-1,-1,-1,-1,-1,-1,-1,-1,-1,-1,-1,-1,-1,1.11,1.10,0.00,0.00,3.50,100,100,50,50,50,50,50,100,100,4.00,2.00,0.00,0.00,0.00,0.00,0.00,0.00,0.00,0.00,0.00,St. Andrew's Stadium
1777125600,Apr 25 2026 - 2:00pm,incomplete,N/A,Charlton Athletic,Hull City,N/A,45,3.00,1.00,3.00,1.00,0,0,0,0,0,0,"","",-1,-1,-1,-1,-1,-1,-1,-1,-1,-1,-1,-1,-1,-1,-1,-1,-1,-1,-1,-1,1.28,0.76,0.00,0.00,0.50,0,0,0,0,0,0,0,0,50,5.00,4.00,0.00,0.00,0.00,0.00,0.00,0.00,0.00,0.00,0.00,The Valley
1777125600,Apr 25 2026 - 2:00pm,incomplete,N/A,Coventry City,Wrexham,N/A,45,1.00,0.00,1.00,0.00,0,0,0,0,0,0,"","",-1,-1,-1,-1,-1,-1,-1,-1,-1,-1,-1,-1,-1,-1,-1,-1,-1,-1,-1,-1,1.37,0.77,0.00,0.00,1.50,50,50,50,0,0,0,50,50,50,11.00,5.00,0.00,0.00,0.00,0.00,0.00,0.00,0.00,0.00,0.00,N/A
1777125600,Apr 25 2026 - 2:00pm,incomplete,N/A,Leicester City,Millwall,N/A,45,3.00,3.00,3.00,3.00,0,0,0,0,0,0,"","",-1,-1,-1,-1,-1,-1,-1,-1,-1,-1,-1,-1,-1,-1,-1,-1,-1,-1,-1,-1,2.92,1.24,0.00,0.00,3.00,100,100,100,0,0,0,50,100,100,18.00,4.00,0.00,0.00,0.00,0.00,0.00,0.00,0.00,0.00,0.00,King Power Stadium
1777125600,Apr 25 2026 - 2:00pm,incomplete,N/A,Middlesbrough,Watford,N/A,45,3.00,0.00,3.00,0.00,0,0,0,0,0,0,"","",-1,-1,-1,-1,-1,-1,-1,-1,-1,-1,-1,-1,-1,-1,-1,-1,-1,-1,-1,-1,0.78,0.78,0.00,0.00,1.00,0,0,0,0,0,0,0,0,100,9.00,4.00,0.00,0.00,0.00,0.00,0.00,0.00,0.00,0.00,0.00,Riverside Stadium
1777125600,Apr 25 2026 - 2:00pm,incomplete,N/A,Norwich City,Swansea City,N/A,45,0.00,0.00,0.00,0.00,0,0,0,0,0,0,"","",-1,-1,-1,-1,-1,-1,-1,-1,-1,-1,-1,-1,-1,-1,-1,-1,-1,-1,-1,-1,1.17,0.50,0.00,0.00,2.00,50,50,50,0,0,0,0,50,100,8.00,6.00,0.00,0.00,0.00,0.00,0.00,0.00,0.00,0.00,0.00,Carrow Road
1777125600,Apr 25 2026 - 2:00pm,incomplete,N/A,Queens Park Rangers,Derby County,N/A,45,1.00,0.00,1.00,0.00,0,0,0,0,0,0,"","",-1,-1,-1,-1,-1,-1,-1,-1,-1,-1,-1,-1,-1,-1,-1,-1,-1,-1,-1,-1,0.99,0.55,0.00,0.00,3.00,100,100,50,50,0,0,50,50,100,8.00,2.00,0.00,0.00,0.00,0.00,0.00,0.00,0.00,0.00,0.00,Loftus Road Stadium
1777125600,Apr 25 2026 - 2:00pm,incomplete,N/A,Sheffield United,Preston North End,N/A,45,0.00,1.00,0.00,1.00,0,0,0,0,0,0,"","",-1,-1,-1,-1,-1,-1,-1,-1,-1,-1,-1,-1,-1,-1,-1,-1,-1,-1,-1,-1,1.73,1.12,0.00,0.00,3.50,100,100,50,50,50,50,100,50,100,18.00,3.00,0.00,0.00,0.00,0.00,0.00,0.00,0.00,0.00,0.00,N/A
1777125600,Apr 25 2026 - 2:00pm,incomplete,N/A,Southampton,Blackburn Rovers,N/A,45,3.00,0.00,3.00,0.00,0,0,0,0,0,0,"","",-1,-1,-1,-1,-1,-1,-1,-1,-1,-1,-1,-1,-1,-1,-1,-1,-1,-1,-1,-1,2.53,0.96,0.00,0.00,2.00,50,50,50,0,0,0,100,50,50,14.00,2.00,0.00,0.00,0.00,0.00,0.00,0.00,0.00,0.00,0.00,N/A
1777125600,Apr 25 2026 - 2:00pm,incomplete,N/A,Stoke City,Portsmouth,N/A,45,3.00,3.00,3.00,3.00,0,0,0,0,0,0,"","",-1,-1,-1,-1,-1,-1,-1,-1,-1,-1,-1,-1,-1,-1,-1,-1,-1,-1,-1,-1,1.46,1.17,0.00,0.00,2.50,50,50,50,50,0,0,50,50,50,11.00,3.00,0.00,0.00,0.00,0.00,0.00,0.00,0.00,0.00,0.00,Bet365 Stadium
1777125600,Apr 25 2026 - 2:00pm,incomplete,N/A,West Bromwich Albion,Ipswich Town,N/A,45,3.00,1.00,3.00,1.00,0,0,0,0,0,0,"","",-1,-1,-1,-1,-1,-1,-1,-1,-1,-1,-1,-1,-1,-1,-1,-1,-1,-1,-1,-1,1.32,0.70,0.00,0.00,1.50,50,50,0,0,0,0,50,50,50,7.00,7.00,0.00,0.00,0.00,0.00,0.00,0.00,0.00,0.00,0.00,The Hawthorns
1777721400,May 02 2026 - 11:30am,incomplete,N/A,Sheffield Wednesday,West Bromwich Albion,N/A,46,0.00,3.00,0.00,3.00,0,0,0,0,0,0,"","",-1,-1,-1,-1,-1,-1,-1,-1,-1,-1,-1,-1,-1,-1,-1,-1,-1,-1,-1,-1,1.59,1.73,0.00,0.00,4.00,50,100,100,50,50,50,100,100,100,11.00,0.00,0.00,0.00,0.00,0.00,0.00,0.00,0.00,0.00,0.00,Hillsborough Stadium
1777721400,May 02 2026 - 11:30am,incomplete,N/A,Watford,Coventry City,N/A,46,3.00,3.00,3.00,3.00,0,0,0,0,0,0,"","",-1,-1,-1,-1,-1,-1,-1,-1,-1,-1,-1,-1,-1,-1,-1,-1,-1,-1,-1,-1,1.61,2.01,0.00,0.00,5.50,100,100,100,50,50,100,100,50,50,7.00,8.00,0.00,0.00,0.00,0.00,0.00,0.00,0.00,0.00,0.00,Vicarage Road
1777721400,May 02 2026 - 11:30am,incomplete,N/A,Blackburn Rovers,Leicester City,N/A,46,0.00,0.00,0.00,0.00,0,0,0,0,0,0,"","",-1,-1,-1,-1,-1,-1,-1,-1,-1,-1,-1,-1,-1,-1,-1,-1,-1,-1,-1,-1,0.94,1.52,0.00,0.00,3.00,100,100,100,0,0,0,50,100,100,7.00,1.00,0.00,0.00,0.00,0.00,0.00,0.00,0.00,0.00,0.00,N/A
1777721400,May 02 2026 - 11:30am,incomplete,N/A,Bristol City,Stoke City,N/A,46,1.00,3.00,1.00,3.00,0,0,0,0,0,0,"","",-1,-1,-1,-1,-1,-1,-1,-1,-1,-1,-1,-1,-1,-1,-1,-1,-1,-1,-1,-1,1.39,1.38,0.00,0.00,1.50,0,50,50,0,0,0,50,50,50,11.00,3.00,0.00,0.00,0.00,0.00,0.00,0.00,0.00,0.00,0.00,Ashton Gate Stadium
1777721400,May 02 2026 - 11:30am,incomplete,N/A,Derby County,Sheffield United,N/A,46,0.00,0.00,0.00,0.00,0,0,0,0,0,0,"","",-1,-1,-1,-1,-1,-1,-1,-1,-1,-1,-1,-1,-1,-1,-1,-1,-1,-1,-1,-1,1.32,0.86,0.00,0.00,4.50,50,50,50,50,50,50,50,50,100,14.00,5.00,0.00,0.00,0.00,0.00,0.00,0.00,0.00,0.00,0.00,N/A
1777721400,May 02 2026 - 11:30am,incomplete,N/A,Hull City,Norwich City,N/A,46,3.00,3.00,3.00,3.00,0,0,0,0,0,0,"","",-1,-1,-1,-1,-1,-1,-1,-1,-1,-1,-1,-1,-1,-1,-1,-1,-1,-1,-1,-1,2.18,1.14,0.00,0.00,4.00,100,100,100,50,50,100,100,0,100,10.00,4.00,0.00,0.00,0.00,0.00,0.00,0.00,0.00,0.00,0.00,KCOM Stadium
1777721400,May 02 2026 - 11:30am,incomplete,N/A,Ipswich Town,Queens Park Rangers,N/A,46,1.00,0.00,1.00,0.00,0,0,0,0,0,0,"","",-1,-1,-1,-1,-1,-1,-1,-1,-1,-1,-1,-1,-1,-1,-1,-1,-1,-1,-1,-1,1.22,1.41,0.00,0.00,2.50,100,100,50,0,0,100,100,0,0,8.00,4.00,0.00,0.00,0.00,0.00,0.00,0.00,0.00,0.00,0.00,Portman Road Stadium
1777721400,May 02 2026 - 11:30am,incomplete,N/A,Millwall,Oxford United,N/A,46,0.00,0.00,0.00,0.00,0,0,0,0,0,0,"","",-1,-1,-1,-1,-1,-1,-1,-1,-1,-1,-1,-1,-1,-1,-1,-1,-1,-1,-1,-1,1.00,1.34,0.00,0.00,4.00,50,100,100,50,50,50,50,50,100,9.00,5.00,0.00,0.00,0.00,0.00,0.00,0.00,0.00,0.00,0.00,The Den
1777721400,May 02 2026 - 11:30am,incomplete,N/A,Portsmouth,Birmingham City,N/A,46,0.00,3.00,0.00,3.00,0,0,0,0,0,0,"","",-1,-1,-1,-1,-1,-1,-1,-1,-1,-1,-1,-1,-1,-1,-1,-1,-1,-1,-1,-1,1.76,1.21,0.00,0.00,3.00,100,100,100,0,0,50,50,50,100,14.00,5.00,0.00,0.00,0.00,0.00,0.00,0.00,0.00,0.00,0.00,Fratton Park
1777721400,May 02 2026 - 11:30am,incomplete,N/A,Preston North End,Southampton,N/A,46,3.00,1.00,3.00,1.00,0,0,0,0,0,0,"","",-1,-1,-1,-1,-1,-1,-1,-1,-1,-1,-1,-1,-1,-1,-1,-1,-1,-1,-1,-1,1.42,1.19,0.00,0.00,2.50,100,100,50,0,0,50,100,50,50,11.00,4.00,0.00,0.00,0.00,0.00,0.00,0.00,0.00,0.00,0.00,N/A
1777721400,May 02 2026 - 11:30am,incomplete,N/A,Swansea City,Charlton Athletic,N/A,46,3.00,1.00,3.00,1.00,0,0,0,0,0,0,"","",-1,-1,-1,-1,-1,-1,-1,-1,-1,-1,-1,-1,-1,-1,-1,-1,-1,-1,-1,-1,1.36,0.83,0.00,0.00,0.50,0,0,0,0,0,0,0,0,50,10.00,2.00,0.00,0.00,0.00,0.00,0.00,0.00,0.00,0.00,0.00,Liberty Stadium
1777721400,May 02 2026 - 11:30am,incomplete,N/A,Wrexham,Middlesbrough,N/A,46,0.00,3.00,0.00,3.00,0,0,0,0,0,0,"","",-1,-1,-1,-1,-1,-1,-1,-1,-1,-1,-1,-1,-1,-1,-1,-1,-1,-1,-1,-1,1.45,1.42,0.00,0.00,4.00,50,100,100,50,50,50,50,100,100,15.00,7.00,0.00,0.00,0.00,0.00,0.00,0.00,0.00,0.00,0.00,N/A
