timestamp,date_GMT,status,attendance,home_team_name,away_team_name,referee,Game Week,Pre-Match PPG (Home),Pre-Match PPG (Away),home_ppg,away_ppg,home_team_goal_count,away_team_goal_count,total_goal_count,total_goals_at_half_time,home_team_goal_count_half_time,away_team_goal_count_half_time,home_team_goal_timings,away_team_goal_timings,home_team_corner_count,away_team_corner_count,home_team_yellow_cards,home_team_red_cards,away_team_yellow_cards,away_team_red_cards,home_team_first_half_cards,home_team_second_half_cards,away_team_first_half_cards,away_team_second_half_cards,home_team_shots,away_team_shots,home_team_shots_on_target,away_team_shots_on_target,home_team_shots_off_target,away_team_shots_off_target,home_team_fouls,away_team_fouls,home_team_possession,away_team_possession,Home Team Pre-Match xG,Away Team Pre-Match xG,team_a_xg,team_b_xg,average_goals_per_match_pre_match,btts_percentage_pre_match,over_15_percentage_pre_match,over_25_percentage_pre_match,over_35_percentage_pre_match,over_45_percentage_pre_match,over_15_HT_FHG_percentage_pre_match,over_05_HT_FHG_percentage_pre_match,over_15_2HG_percentage_pre_match,over_05_2HG_percentage_pre_match,average_corners_per_match_pre_match,average_cards_per_match_pre_match,odds_ft_home_team_win,odds_ft_draw,odds_ft_away_team_win,odds_ft_over15,odds_ft_over25,odds_ft_over35,odds_ft_over45,odds_btts_yes,odds_btts_no,stadium_name
1375466400,Aug 02 2013 - 6:00pm,complete,1644,Arles-Avignon,Le Havre,Yohann Rouinsard,1,0.00,0.00,1.84,1.05,2,0,2,2,2,0,"2,43","",-1,-1,1,0,2,0,0,1,2,0,-1,-1,-1,-1,-1,-1,-1,-1,-1,-1,0.00,0.00,0.00,0.00,0.00,0,0,0,0,0,0,0,0,0,0.00,0.00,0.00,0.00,0.00,0.00,0.00,0.00,0.00,0.00,0.00,Parc des Sports (Avignon)
1375466400,Aug 02 2013 - 6:00pm,complete,N/A,Caen,Dijon,Stéphane Jochem,1,0.00,0.00,2.00,0.95,3,1,4,1,1,0,"43,74,85","59",5,6,1,0,0,0,0,1,0,0,10,10,8,5,2,5,19,11,50,50,0.00,0.00,0.00,0.00,0.00,0,0,0,0,0,0,0,0,0,0.00,0.00,0.00,0.00,0.00,0.00,0.00,0.00,0.00,0.00,0.00,Stade Michel d'Ornano (Caen)
1375466400,Aug 02 2013 - 6:00pm,complete,4284,Châteauroux,Brest,William Lavis,1,0.00,0.00,1.63,1.26,3,3,6,1,0,1,"51,65,89","17,70,75",6,7,2,0,3,0,1,1,2,1,5,4,0,0,5,4,13,15,50,50,0.00,0.00,0.00,0.00,0.00,0,0,0,0,0,0,0,0,0,0.00,0.00,0.00,0.00,0.00,0.00,0.00,0.00,0.00,0.00,0.00,Stade Gaston Petit (Châteauroux)
1375466400,Aug 02 2013 - 6:00pm,complete,3367,Clermont,Tours,Sylvain Palhies,1,0.00,0.00,1.53,1.00,2,1,3,2,1,1,"21,71","31",5,6,2,1,4,0,1,2,1,3,11,6,6,0,5,6,17,16,50,50,0.00,0.00,0.00,0.00,0.00,0,0,0,0,0,0,0,0,0,0.00,0.00,0.00,0.00,0.00,0.00,0.00,0.00,0.00,0.00,0.00,Stade Gabriel Montpied (Clermont-Ferrand)
1375466400,Aug 02 2013 - 6:00pm,complete,2173,Istres,Angers SCO,Alexandre Perreau Niel,1,0.00,0.00,1.37,1.26,2,4,6,3,1,2,"45'3,50","17,21,47,85",10,7,1,0,1,0,0,1,0,1,12,10,5,6,7,4,7,12,50,50,0.00,0.00,0.00,0.00,0.00,0,0,0,0,0,0,0,0,0,0.00,0.00,0.00,0.00,0.00,0.00,0.00,0.00,0.00,0.00,0.00,Stade Parsemain (Fos-sur-Mer)
1375466400,Aug 02 2013 - 6:00pm,complete,11148,Metz,Laval,Hakim Ben El Hadj,1,0.00,0.00,2.42,0.63,1,0,1,0,0,0,"90'4","",5,4,3,0,1,0,2,1,1,0,18,6,6,2,12,4,22,15,50,50,0.00,0.00,0.00,0.00,0.00,0,0,0,0,0,0,0,0,0,0.00,0.00,0.00,0.00,0.00,0.00,0.00,0.00,0.00,0.00,0.00,Stade Saint-Symphorien (Longeville-lès-Metz)
1375466400,Aug 02 2013 - 6:00pm,complete,5329,Nîmes,Créteil,Mickaël Leleu,1,0.00,0.00,1.47,1.16,2,3,5,2,1,1,"15,75","38,53,73",4,0,4,0,2,0,1,3,1,1,7,7,4,3,3,4,9,12,50,50,0.00,0.00,0.00,0.00,0.00,0,0,0,0,0,0,0,0,0,0.00,0.00,0.00,0.00,0.00,0.00,0.00,0.00,0.00,0.00,0.00,Stade des Costières (Nîmes)
1375466400,Aug 02 2013 - 6:00pm,complete,4648,Niort,Troyes,Florent Batta,1,0.00,0.00,1.95,0.89,1,1,2,0,0,0,"80","89",-1,-1,2,0,4,0,0,2,2,2,-1,-1,-1,-1,-1,-1,-1,-1,-1,-1,0.00,0.00,0.00,0.00,0.00,0,0,0,0,0,0,0,0,0,0.00,0.00,0.00,0.00,0.00,0.00,0.00,0.00,0.00,0.00,0.00,Stade René Gaillard (Niort)
1375531200,Aug 03 2013 - 12:00pm,complete,13290,Nancy,Auxerre,Philippe Kalt,1,0.00,0.00,1.84,0.63,0,0,0,0,0,0,"","",3,5,0,0,2,0,0,0,1,1,9,6,5,4,4,2,8,13,50,50,0.00,0.00,0.00,0.00,0.00,0,0,0,0,0,0,0,0,0,0.00,0.00,0.00,0.00,0.00,0.00,0.00,0.00,0.00,0.00,0.00,Stade Marcel-Picot (Tomblaine)
1375641900,Aug 04 2013 - 6:45pm,complete,27377,Lens,CA Bastia,Laurent Duhamel,1,0.00,0.00,1.84,0.47,1,0,1,0,0,0,"51","",15,2,0,0,0,0,0,0,0,0,13,5,5,0,8,5,11,15,50,50,0.00,0.00,0.00,0.00,0.00,0,0,0,0,0,0,0,0,0,0.00,0.00,0.00,0.00,0.00,0.00,0.00,0.00,0.00,0.00,0.00,Stade Bollaert-Delelis (Lens)
1376071200,Aug 09 2013 - 6:00pm,complete,4917,Auxerre,Nîmes,Florent Batta,2,0.00,0.00,1.63,0.84,1,1,2,0,0,0,"77","71",6,7,4,0,4,0,1,3,2,2,10,10,5,8,5,2,16,14,50,50,0.00,0.00,0.00,0.00,0.00,0,0,0,0,0,0,0,0,0,0.00,0.00,0.00,0.00,0.00,0.00,0.00,0.00,0.00,0.00,0.00,Stade de l'Abbé Deschamps (Auxerre)
1376071200,Aug 09 2013 - 6:00pm,complete,2288,Créteil,Metz,William Lavis,2,0.00,0.00,1.47,1.58,3,2,5,2,1,1,"29,49,88","41,71",7,5,1,0,0,0,0,1,0,0,10,8,5,5,5,3,13,15,50,50,0.00,0.00,0.00,0.00,0.00,0,0,0,0,0,0,0,0,0,0.00,0.00,0.00,0.00,0.00,0.00,0.00,0.00,0.00,0.00,0.00,Stade Dominique Duvauchelle (Créteil)
1376071200,Aug 09 2013 - 6:00pm,complete,5577,Laval,Caen,Sébastien Desiage,2,0.00,0.00,1.58,1.37,1,2,3,2,1,1,"28","42,87",-1,-1,2,0,1,0,1,1,0,1,-1,-1,-1,-1,-1,-1,-1,-1,-1,-1,0.00,0.00,0.00,0.00,0.00,0,0,0,0,0,0,0,0,0,0.00,0.00,0.00,0.00,0.00,0.00,0.00,0.00,0.00,0.00,0.00,Stade Francis Le Basser (Laval)
1376071200,Aug 09 2013 - 6:00pm,complete,7018,Le Havre,Clermont,Hakim Ben El Hadj,2,0.00,0.00,1.47,0.84,0,1,1,1,0,1,"","12",5,2,3,0,1,0,2,1,0,1,13,4,2,3,11,1,18,18,50,50,0.00,0.00,0.00,0.00,0.00,0,0,0,0,0,0,0,0,0,0.00,0.00,0.00,0.00,0.00,0.00,0.00,0.00,0.00,0.00,0.00,Stade Océane (Le Havre)
1376071200,Aug 09 2013 - 6:00pm,complete,4011,Tours,Niort,Johan Hamel,2,0.00,0.00,1.89,1.11,1,1,2,1,1,0,"38","82",-1,-1,1,0,1,0,0,1,0,1,-1,-1,-1,-1,-1,-1,-1,-1,-1,-1,0.00,0.00,0.00,0.00,0.00,0,0,0,0,0,0,0,0,0,0.00,0.00,0.00,0.00,0.00,0.00,0.00,0.00,0.00,0.00,0.00,Stade de la Vallée du Cher (Tours)
1376136000,Aug 10 2013 - 12:00pm,complete,6546,Angers SCO,Châteauroux,Jérôme Miguelgorry,2,0.00,0.00,1.63,0.47,1,0,1,1,1,0,"25","",6,6,2,0,1,0,1,1,1,0,12,9,7,3,5,6,16,23,50,50,0.00,0.00,0.00,0.00,0.00,0,0,0,0,0,0,0,0,0,0.00,0.00,0.00,0.00,0.00,0.00,0.00,0.00,0.00,0.00,0.00,Stade Raymond-Kopa (Angers)
1376136000,Aug 10 2013 - 12:00pm,complete,1886,CA Bastia,Nancy,Antony Gautier,2,0.00,0.00,0.79,1.37,1,2,3,1,0,1,"48","33,62",5,4,2,0,0,1,1,1,0,1,7,5,5,3,2,2,19,9,50,50,0.00,0.00,0.00,0.00,0.00,0,0,0,0,0,0,0,0,0,0.00,0.00,0.00,0.00,0.00,0.00,0.00,0.00,0.00,0.00,0.00,Stade Armand-Césari (Furiani)
1376136000,Aug 10 2013 - 12:00pm,complete,8811,Dijon,Lens,Mikael Lesage,2,0.00,0.00,2.05,1.58,1,1,2,2,1,1,"17","44",7,3,1,0,1,0,0,1,1,0,9,11,4,8,5,3,8,14,50,50,0.00,0.00,0.00,0.00,0.00,0,0,0,0,0,0,0,0,0,0.00,0.00,0.00,0.00,0.00,0.00,0.00,0.00,0.00,0.00,0.00,Stade Gaston-Gérard (Dijon)
1376136000,Aug 10 2013 - 12:00pm,complete,7251,Troyes,Arles-Avignon,Olivier Husset,2,0.00,0.00,1.84,0.58,1,0,1,0,0,0,"55","",-1,-1,2,0,3,1,0,2,0,4,-1,-1,-1,-1,-1,-1,-1,-1,-1,-1,0.00,0.00,0.00,0.00,0.00,0,0,0,0,0,0,0,0,0,0.00,0.00,0.00,0.00,0.00,0.00,0.00,0.00,0.00,0.00,0.00,Stade de l'Aube (Troyes)
1376332200,Aug 12 2013 - 6:30pm,complete,8504,Brest,Istres,Frank Schneider,2,0.00,0.00,1.68,0.53,3,1,4,1,1,0,"27,69,74","51",5,5,1,0,2,0,0,1,1,1,13,16,6,8,7,8,22,18,50,50,0.00,0.00,0.00,0.00,0.00,0,0,0,0,0,0,0,0,0,0.00,0.00,0.00,0.00,0.00,0.00,0.00,0.00,0.00,0.00,0.00,Stade Francis-Le Blé (Brest)
1376676000,Aug 16 2013 - 6:00pm,complete,N/A,Caen,Créteil,Alexandre Perreau Niel,3,3.00,3.00,2.00,1.16,3,0,3,2,2,0,"23,43,78","",9,0,1,0,1,0,1,0,1,0,12,11,4,2,8,9,12,12,50,50,0.00,0.00,0.00,0.00,4.50,100,100,100,100,50,50,100,100,100,5.00,3.00,0.00,0.00,0.00,0.00,0.00,0.00,0.00,0.00,0.00,Stade Michel d'Ornano (Caen)
1376676000,Aug 16 2013 - 6:00pm,complete,4720,Châteauroux,Tours,Yohann Rouinsard,3,1.00,0.00,1.63,1.00,0,4,4,2,0,2,"","38,40,64,84",8,4,1,0,1,0,0,1,0,1,4,2,0,0,4,2,15,20,50,50,0.00,0.00,0.00,0.00,4.50,100,100,100,50,50,50,100,50,100,12.00,6.00,0.00,0.00,0.00,0.00,0.00,0.00,0.00,0.00,0.00,Stade Gaston Petit (Châteauroux)
1376676000,Aug 16 2013 - 6:00pm,complete,3854,Clermont,Laval,Mickaël Leleu,3,3.00,0.00,1.53,0.63,2,1,3,2,1,1,"37,90'2","32",6,4,3,1,5,1,2,2,4,2,8,3,3,3,5,0,16,20,50,50,0.00,0.00,0.00,0.00,2.00,50,50,50,0,0,50,50,0,100,9.00,5.00,0.00,0.00,0.00,0.00,0.00,0.00,0.00,0.00,0.00,Stade Gabriel Montpied (Clermont-Ferrand)
1376676000,Aug 16 2013 - 6:00pm,complete,7589,Dijon,Angers SCO,Johan Hamel,3,1.00,3.00,2.05,1.26,1,3,4,2,1,1,"6","22,72,90'4",-1,-1,1,0,3,0,0,1,1,2,-1,-1,-1,-1,-1,-1,-1,-1,-1,-1,0.00,0.00,0.00,0.00,4.00,100,100,50,50,50,100,100,50,50,14.00,2.00,0.00,0.00,0.00,0.00,0.00,0.00,0.00,0.00,0.00,Stade Gaston-Gérard (Dijon)
1376676000,Aug 16 2013 - 6:00pm,complete,2147,Istres,CA Bastia,Sylvain Palhies,3,0.00,0.00,1.37,0.47,1,1,2,2,1,1,"20","19",2,4,1,1,4,1,2,0,2,3,3,12,0,7,3,5,14,16,50,50,0.00,0.00,0.00,0.00,3.50,50,50,50,50,50,50,50,50,100,12.00,1.00,0.00,0.00,0.00,0.00,0.00,0.00,0.00,0.00,0.00,Stade Parsemain (Fos-sur-Mer)
1376676000,Aug 16 2013 - 6:00pm,complete,10852,Metz,Arles-Avignon,Christian Guillard,3,3.00,0.00,2.42,0.58,1,0,1,1,1,0,"30","",-1,-1,3,0,1,0,2,1,0,1,-1,-1,-1,-1,-1,-1,-1,-1,-1,-1,0.00,0.00,0.00,0.00,1.00,0,0,0,0,0,0,0,0,100,5.00,8.00,0.00,0.00,0.00,0.00,0.00,0.00,0.00,0.00,0.00,Stade Saint-Symphorien (Longeville-lès-Metz)
1376676000,Aug 16 2013 - 6:00pm,complete,5503,Nîmes,Troyes,Stéphane Lannoy,3,0.00,1.00,1.47,0.89,3,2,5,3,2,1,"17,45'1,55","38,73",2,10,0,0,1,0,0,0,0,1,5,14,2,8,3,6,16,12,50,50,0.00,0.00,0.00,0.00,3.50,100,100,50,50,50,50,50,100,100,4.00,8.00,0.00,0.00,0.00,0.00,0.00,0.00,0.00,0.00,0.00,Stade des Costières (Nîmes)
1376676000,Aug 16 2013 - 6:00pm,complete,4461,Niort,Le Havre,Floris Aubin,3,1.00,0.00,1.95,1.05,1,1,2,1,0,1,"66","13",-1,-1,3,0,1,0,0,3,0,1,-1,-1,-1,-1,-1,-1,-1,-1,-1,-1,0.00,0.00,0.00,0.00,2.00,50,100,0,0,0,50,50,50,50,0.00,4.00,0.00,0.00,0.00,0.00,0.00,0.00,0.00,0.00,0.00,Stade René Gaillard (Niort)
1376740800,Aug 17 2013 - 12:00pm,complete,29429,Lens,Auxerre,Olivier Thual,3,3.00,1.00,1.84,0.63,4,1,5,4,3,1,"13,20,26,73","7",2,5,2,0,3,0,0,2,2,1,7,17,4,8,3,9,14,15,50,50,0.00,0.00,0.00,0.00,0.50,0,0,0,0,0,0,0,0,50,20.00,2.00,0.00,0.00,0.00,0.00,0.00,0.00,0.00,0.00,0.00,Stade Bollaert-Delelis (Lens)
1376937000,Aug 19 2013 - 6:30pm,complete,13532,Nancy,Brest,Wilfried Bien,3,1.00,1.00,1.84,1.26,0,1,1,1,0,1,"","37",4,4,0,0,4,0,0,0,1,3,18,12,6,8,12,4,15,17,50,50,0.00,0.00,0.00,0.00,3.00,50,50,50,50,50,0,50,50,50,10.00,3.00,0.00,0.00,0.00,0.00,0.00,0.00,0.00,0.00,0.00,Stade Marcel-Picot (Tomblaine)
1377280800,Aug 23 2013 - 6:00pm,complete,1734,Arles-Avignon,Clermont,Jérôme Miguelgorry,4,3.00,3.00,1.84,0.84,1,0,1,0,0,0,"63","",6,5,1,0,2,0,0,1,0,2,9,10,5,4,4,6,20,10,50,50,0.00,0.00,0.00,0.00,1.50,0,50,0,0,0,50,100,0,0,2.00,2.00,0.00,0.00,0.00,0.00,0.00,0.00,0.00,0.00,0.00,Parc des Sports (Avignon)
1377280800,Aug 23 2013 - 6:00pm,complete,4881,Auxerre,Châteauroux,Tony Chapron,4,1.00,0.00,1.63,0.47,2,0,2,1,1,0,"30,80","",5,4,1,0,1,0,1,0,1,0,16,13,9,8,7,5,7,9,50,50,0.00,0.00,0.00,0.00,1.50,50,50,0,0,0,0,50,50,50,12.00,5.00,0.00,0.00,0.00,0.00,0.00,0.00,0.00,0.00,0.00,Stade de l'Abbé Deschamps (Auxerre)
1377280800,Aug 23 2013 - 6:00pm,complete,2163,CA Bastia,Angers SCO,William Lavis,4,0.00,3.00,0.79,1.26,1,1,2,0,0,0,"90'1","83",6,4,2,0,1,0,0,2,0,1,6,13,6,9,0,4,10,14,50,50,0.00,0.00,0.00,0.00,4.00,100,100,100,50,25,50,100,100,100,12.00,4.00,0.00,0.00,0.00,0.00,0.00,0.00,0.00,0.00,0.00,Stade Armand-Césari (Furiani)
1377280800,Aug 23 2013 - 6:00pm,complete,2327,Créteil,Istres,Hakim Ben El Hadj,4,3.00,0.00,1.47,0.53,2,2,4,3,2,1,"2,6","17,67",-1,-1,2,0,1,0,1,1,1,0,-1,-1,-1,-1,-1,-1,-1,-1,-1,-1,0.00,0.00,0.00,0.00,4.50,100,100,100,100,50,50,100,100,100,12.00,3.00,0.00,0.00,0.00,0.00,0.00,0.00,0.00,0.00,0.00,Stade Dominique Duvauchelle (Créteil)
1377280800,Aug 23 2013 - 6:00pm,complete,7159,Le Havre,Nancy,Amaury Delerue,4,0.00,3.00,1.47,1.37,1,1,2,0,0,0,"90'6","61",2,3,1,0,3,0,0,1,0,3,19,8,9,4,10,4,15,12,50,50,0.00,0.00,0.00,0.00,2.00,50,50,50,0,0,0,100,50,50,9.00,5.00,0.00,0.00,0.00,0.00,0.00,0.00,0.00,0.00,0.00,Stade Océane (Le Havre)
1377280800,Aug 23 2013 - 6:00pm,complete,10639,Metz,Niort,Yohann Rouinsard,4,3.00,1.00,2.42,1.11,1,1,2,0,0,0,"51","90'4",1,3,1,0,2,0,0,1,0,2,14,5,4,0,10,5,17,14,50,50,0.00,0.00,0.00,0.00,1.50,50,50,0,0,0,0,75,0,75,5.00,4.00,0.00,0.00,0.00,0.00,0.00,0.00,0.00,0.00,0.00,Stade Saint-Symphorien (Longeville-lès-Metz)
1377280800,Aug 23 2013 - 6:00pm,complete,5157,Tours,Nîmes,Frank Schneider,4,1.00,1.00,1.89,0.84,3,1,4,3,3,0,"24,36,43","64",-1,-1,0,0,1,0,0,0,1,0,-1,-1,-1,-1,-1,-1,-1,-1,-1,-1,0.00,0.00,0.00,0.00,2.00,100,100,0,0,0,0,50,50,100,7.00,5.00,0.00,0.00,0.00,0.00,0.00,0.00,0.00,0.00,0.00,Stade de la Vallée du Cher (Tours)
1377280800,Aug 23 2013 - 6:00pm,complete,7578,Troyes,Caen,Antony Gautier,4,3.00,3.00,1.84,1.37,2,1,3,1,1,0,"22,88","79",1,8,1,0,2,0,1,0,2,0,6,10,3,3,3,7,11,18,50,50,0.00,0.00,0.00,0.00,2.00,50,50,50,0,0,50,50,0,100,0.00,3.00,0.00,0.00,0.00,0.00,0.00,0.00,0.00,0.00,0.00,Stade de l'Aube (Troyes)
1377345600,Aug 24 2013 - 12:00pm,complete,8946,Brest,Dijon,Olivier Husset,4,3.00,0.00,1.68,0.95,0,0,0,0,0,0,"","",2,3,3,0,2,0,0,3,1,1,5,10,0,5,5,5,16,17,50,50,0.00,0.00,0.00,0.00,4.00,100,100,100,100,0,0,100,100,100,11.00,1.00,0.00,0.00,0.00,0.00,0.00,0.00,0.00,0.00,0.00,Stade Francis-Le Blé (Brest)
1377351000,Aug 24 2013 - 1:30pm,complete,5609,Laval,Lens,Florent Batta,4,0.00,1.00,1.58,1.58,0,2,2,0,0,0,"","85,90'1",5,7,2,2,4,0,2,2,1,3,9,12,0,4,9,8,15,19,50,50,0.00,0.00,0.00,0.00,2.50,100,100,50,0,0,100,100,0,50,3.00,3.00,0.00,0.00,0.00,0.00,0.00,0.00,0.00,0.00,0.00,Stade Francis Le Basser (Laval)
1377885600,Aug 30 2013 - 6:00pm,complete,9368,Angers SCO,Brest,Stéphane Jochem,5,3.00,2.00,1.63,1.26,2,1,3,0,0,0,"77,90","89",10,3,0,0,1,0,0,0,0,1,11,7,5,2,6,5,16,16,50,50,0.00,0.00,0.00,0.00,2.25,25,25,25,25,25,0,100,25,25,11.50,5.50,0.00,0.00,0.00,0.00,0.00,0.00,0.00,0.00,0.00,Stade Raymond-Kopa (Angers)
1377885600,Aug 30 2013 - 6:00pm,complete,3898,Châteauroux,CA Bastia,Floris Aubin,5,0.50,0.50,1.63,0.47,2,0,2,1,1,0,"15,72","",2,1,1,0,3,0,0,1,1,2,2,5,0,0,2,5,13,16,50,50,0.00,0.00,0.00,0.00,3.25,50,75,50,50,25,50,75,50,75,10.00,4.50,0.00,0.00,0.00,0.00,0.00,0.00,0.00,0.00,0.00,Stade Gaston Petit (Châteauroux)
1377885600,Aug 30 2013 - 6:00pm,complete,3183,Clermont,Créteil,Christian Guillard,5,3.00,1.50,1.53,1.16,0,0,0,0,0,0,"","",3,2,1,0,3,0,0,1,0,3,7,5,3,3,4,2,13,24,50,50,0.00,0.00,0.00,0.00,3.50,75,100,100,25,25,100,100,25,100,5.50,6.00,0.00,0.00,0.00,0.00,0.00,0.00,0.00,0.00,0.00,Stade Gabriel Montpied (Clermont-Ferrand)
1377885600,Aug 30 2013 - 6:00pm,complete,7777,Dijon,Laval,Frank Schneider,5,0.50,0.00,2.05,0.63,1,0,1,0,0,0,"75","",4,7,3,0,3,0,0,3,2,1,8,7,3,3,5,4,17,15,50,50,0.00,0.00,0.00,0.00,2.50,75,75,50,25,0,75,75,25,75,11.00,5.00,0.00,0.00,0.00,0.00,0.00,0.00,0.00,0.00,0.00,Stade Gaston-Gérard (Dijon)
1377885600,Aug 30 2013 - 6:00pm,complete,2319,Istres,Auxerre,Johan Hamel,5,0.50,0.50,1.37,0.63,1,1,2,1,1,0,"30","54",6,3,1,0,2,1,0,1,2,1,11,9,6,2,5,7,6,11,50,50,0.00,0.00,0.00,0.00,3.25,75,75,50,50,50,75,75,25,50,11.00,4.50,0.00,0.00,0.00,0.00,0.00,0.00,0.00,0.00,0.00,Stade Parsemain (Fos-sur-Mer)
1377885600,Aug 30 2013 - 6:00pm,complete,30438,Lens,Troyes,Alexandre Castro,5,3.00,0.50,1.84,0.89,1,0,1,0,0,0,"57","",3,2,2,0,2,0,1,1,1,1,5,13,3,5,2,8,16,12,50,50,0.00,0.00,0.00,0.00,3.25,75,75,50,50,50,50,50,50,100,18.50,3.50,0.00,0.00,0.00,0.00,0.00,0.00,0.00,0.00,0.00,Stade Bollaert-Delelis (Lens)
1377885600,Aug 30 2013 - 6:00pm,complete,12401,Nancy,Tours,Mickaël Leleu,5,0.50,1.50,1.84,1.00,2,3,5,1,0,1,"48,56","23,54,61",6,2,2,0,2,0,0,2,0,2,16,8,8,4,8,4,18,14,50,50,0.00,0.00,0.00,0.00,2.00,25,50,50,25,0,50,75,25,50,8.50,2.50,0.00,0.00,0.00,0.00,0.00,0.00,0.00,0.00,0.00,Stade Marcel-Picot (Tomblaine)
1377885600,Aug 30 2013 - 6:00pm,complete,4861,Nîmes,Le Havre,Alexandre Perreau Niel,5,1.50,0.50,1.47,1.05,0,0,0,0,0,0,"","",5,6,1,0,2,0,0,1,0,2,6,20,4,10,2,10,16,11,50,50,0.00,0.00,0.00,0.00,3.50,75,100,50,50,50,75,100,50,75,3.00,3.50,0.00,0.00,0.00,0.00,0.00,0.00,0.00,0.00,0.00,Stade des Costières (Nîmes)
1377885600,Aug 30 2013 - 6:00pm,complete,4183,Niort,Arles-Avignon,Sylvain Palhies,5,1.00,0.00,1.95,0.58,1,0,1,0,0,0,"52","",-1,-1,4,1,3,0,2,3,2,1,-1,-1,-1,-1,-1,-1,-1,-1,-1,-1,0.00,0.00,0.00,0.00,1.50,50,50,0,0,0,0,50,25,75,0.00,5.50,0.00,0.00,0.00,0.00,0.00,0.00,0.00,0.00,0.00,Stade René Gaillard (Niort)
1378146600,Sep 02 2013 - 6:30pm,complete,N/A,Caen,Metz,Lionel Jaffredo,5,3.00,0.00,2.00,1.58,0,2,2,0,0,0,"","75,88",6,4,1,0,1,0,1,0,1,0,17,10,6,3,11,7,13,12,50,50,0.00,0.00,0.00,0.00,4.25,75,100,100,75,50,75,100,75,100,12.00,1.00,0.00,0.00,0.00,0.00,0.00,0.00,0.00,0.00,0.00,Stade Michel d'Ornano (Caen)
1379095200,Sep 13 2013 - 6:00pm,complete,1812,Arles-Avignon,Caen,Sébastien Moreira,6,3.00,1.50,1.84,1.37,3,2,5,2,0,2,"59,63,71","4,37",-1,-1,2,0,3,1,0,2,2,2,-1,-1,-1,-1,-1,-1,-1,-1,-1,-1,0.00,0.00,0.00,0.00,2.25,50,75,50,0,0,50,75,25,75,14.00,2.50,0.00,0.00,0.00,0.00,0.00,0.00,0.00,0.00,0.00,Parc des Sports (Avignon)
1379095200,Sep 13 2013 - 6:00pm,complete,1821,CA Bastia,Dijon,Didier Falcone,6,0.50,0.50,0.79,0.95,0,0,0,0,0,0,"","",2,8,1,0,1,0,0,1,0,1,8,17,6,10,2,7,15,16,50,50,0.00,0.00,0.00,0.00,2.25,75,75,50,25,0,0,50,75,75,10.00,3.00,0.00,0.00,0.00,0.00,0.00,0.00,0.00,0.00,0.00,Stade Armand-Césari (Furiani)
1379095200,Sep 13 2013 - 6:00pm,complete,2734,Créteil,Nancy,Yohann Rouinsard,6,2.00,2.00,1.47,1.37,1,1,2,1,0,1,"90'1","43",5,3,1,1,1,0,1,1,0,1,7,11,5,5,2,6,10,13,50,50,0.00,0.00,0.00,0.00,3.50,100,100,75,50,25,50,75,75,100,10.50,4.00,0.00,0.00,0.00,0.00,0.00,0.00,0.00,0.00,0.00,Stade Dominique Duvauchelle (Créteil)
1379095200,Sep 13 2013 - 6:00pm,complete,6736,Laval,Angers SCO,Jean-Charles Cailleux,6,0.00,2.33,1.58,1.26,4,1,5,3,2,1,"14,40,49,65","33",-1,-1,2,0,2,0,2,0,0,2,-1,-1,-1,-1,-1,-1,-1,-1,-1,-1,0.00,0.00,0.00,0.00,3.25,75,100,59,34,17,59,59,75,100,10.50,5.67,0.00,0.00,0.00,0.00,0.00,0.00,0.00,0.00,0.00,Stade Francis Le Basser (Laval)
1379095200,Sep 13 2013 - 6:00pm,complete,8637,Metz,Nîmes,Olivier Husset,6,2.33,0.50,2.42,0.84,2,2,4,1,1,0,"12,90","58,79",9,6,2,0,3,0,0,2,1,2,10,8,5,4,5,4,13,17,50,50,0.00,0.00,0.00,0.00,2.17,67,67,25,25,0,25,42,42,84,10.00,4.83,0.00,0.00,0.00,0.00,0.00,0.00,0.00,0.00,0.00,Stade Saint-Symphorien (Longeville-lès-Metz)
1379095200,Sep 13 2013 - 6:00pm,complete,4039,Niort,Clermont,William Lavis,6,1.67,1.50,1.95,0.84,0,0,0,0,0,0,"","",-1,-1,2,0,4,0,0,2,1,3,-1,-1,-1,-1,-1,-1,-1,-1,-1,-1,0.00,0.00,0.00,0.00,1.34,34,34,0,0,0,0,42,17,75,3.50,4.83,0.00,0.00,0.00,0.00,0.00,0.00,0.00,0.00,0.00,Stade René Gaillard (Niort)
1379095200,Sep 13 2013 - 6:00pm,complete,5458,Tours,Istres,Jérôme Miguelgorry,6,2.00,0.50,1.89,0.53,2,2,4,3,2,1,"2,14","37,67",-1,-1,2,0,3,0,1,1,3,0,-1,-1,-1,-1,-1,-1,-1,-1,-1,-1,0.00,0.00,0.00,0.00,3.50,100,100,75,75,0,50,100,25,100,5.00,2.00,0.00,0.00,0.00,0.00,0.00,0.00,0.00,0.00,0.00,Stade de la Vallée du Cher (Tours)
1379095200,Sep 13 2013 - 6:00pm,complete,7118,Troyes,Châteauroux,Florent Batta,6,3.00,0.00,1.84,0.47,3,0,3,3,3,0,"7,32,43","",9,2,3,0,0,1,2,1,1,0,17,5,6,2,11,3,13,8,50,50,0.00,0.00,0.00,0.00,1.75,25,50,25,0,0,0,75,25,75,6.00,2.50,0.00,0.00,0.00,0.00,0.00,0.00,0.00,0.00,0.00,Stade de l'Aube (Troyes)
1379160000,Sep 14 2013 - 12:00pm,complete,11329,Le Havre,Lens,Stéphane Jochem,6,0.50,2.00,1.47,1.58,6,2,8,5,4,1,"9,23,26,32,63,73","5,68",3,5,1,0,1,0,0,1,0,1,10,8,3,4,7,4,12,10,50,50,0.00,0.00,0.00,0.00,1.75,50,75,0,0,0,25,50,50,50,8.50,4.50,0.00,0.00,0.00,0.00,0.00,0.00,0.00,0.00,0.00,Stade Océane (Le Havre)
1379356200,Sep 16 2013 - 6:30pm,complete,4427,Auxerre,Brest,Hakim Ben El Hadj,6,2.00,1.33,1.63,1.26,0,0,0,0,0,0,"","",5,4,4,0,1,0,2,2,0,1,11,15,5,6,6,9,19,5,50,50,0.00,0.00,0.00,0.00,2.67,59,84,34,17,17,0,59,59,84,10.17,5.17,0.00,0.00,0.00,0.00,0.00,0.00,0.00,0.00,0.00,Stade de l'Abbé Deschamps (Auxerre)
1379700000,Sep 20 2013 - 6:00pm,complete,6645,Brest,CA Bastia,Johan Hamel,7,2.00,0.33,1.68,0.47,2,0,2,2,2,0,"4,6","",-1,-1,1,0,1,0,0,1,0,1,-1,-1,-1,-1,-1,-1,-1,-1,-1,-1,0.00,0.00,0.00,0.00,1.84,42,59,25,25,0,17,59,25,59,5.83,5.00,0.00,0.00,0.00,0.00,0.00,0.00,0.00,0.00,0.00,Stade Francis-Le Blé (Brest)
1379700000,Sep 20 2013 - 6:00pm,complete,N/A,Caen,Niort,Christian Guillard,7,2.00,1.00,2.00,1.11,3,1,4,2,2,0,"8,14,89","68",2,1,2,0,2,0,1,1,2,0,7,3,4,2,3,1,21,15,50,50,0.00,0.00,0.00,0.00,2.50,67,100,34,17,0,17,59,59,100,9.67,2.50,0.00,0.00,0.00,0.00,0.00,0.00,0.00,0.00,0.00,Stade Michel d'Ornano (Caen)
1379700000,Sep 20 2013 - 6:00pm,complete,4967,Châteauroux,Le Havre,Sylvain Palhies,7,1.33,0.67,1.63,1.05,2,2,4,2,1,1,"37,62","2,52",9,5,0,0,0,0,0,0,0,0,3,7,0,0,3,7,7,13,50,50,0.00,0.00,0.00,0.00,2.67,33,84,34,34,17,33,84,34,67,11.33,3.00,0.00,0.00,0.00,0.00,0.00,0.00,0.00,0.00,0.00,Stade Gaston Petit (Châteauroux)
1379700000,Sep 20 2013 - 6:00pm,complete,3292,Clermont,Metz,Sébastien Moreira,7,2.33,1.50,1.53,1.58,0,0,0,0,0,0,"","",11,4,1,0,3,0,0,1,0,3,14,8,6,4,8,4,11,18,50,50,0.00,0.00,0.00,0.00,2.75,59,84,59,25,25,59,59,50,84,9.17,3.83,0.00,0.00,0.00,0.00,0.00,0.00,0.00,0.00,0.00,Stade Gabriel Montpied (Clermont-Ferrand)
1379700000,Sep 20 2013 - 6:00pm,complete,6886,Dijon,Tours,Floris Aubin,7,1.33,2.00,2.05,1.00,2,0,2,1,1,0,"26,80","",-1,-1,2,0,3,0,0,2,2,1,-1,-1,-1,-1,-1,-1,-1,-1,-1,-1,0.00,0.00,0.00,0.00,3.17,67,84,67,50,17,67,84,50,84,9.50,4.00,0.00,0.00,0.00,0.00,0.00,0.00,0.00,0.00,0.00,Stade Gaston-Gérard (Dijon)
1379700000,Sep 20 2013 - 6:00pm,complete,2077,Istres,Laval,Alexandre Perreau Niel,7,0.67,0.00,1.37,0.63,3,0,3,1,1,0,"18,80,90","",8,6,2,0,2,0,0,2,0,2,15,17,4,4,11,13,14,17,50,50,0.00,0.00,0.00,0.00,2.50,67,67,33,17,17,50,67,17,84,11.00,5.34,0.00,0.00,0.00,0.00,0.00,0.00,0.00,0.00,0.00,Stade Parsemain (Fos-sur-Mer)
1379700000,Sep 20 2013 - 6:00pm,complete,26145,Lens,Créteil,Jérôme Miguelgorry,7,3.00,1.33,1.84,1.16,1,1,2,2,1,1,"27","43",8,6,0,0,2,0,0,0,0,2,13,7,5,3,8,4,14,16,50,50,0.00,0.00,0.00,0.00,2.50,33,50,50,33,33,50,50,17,84,7.34,3.33,0.00,0.00,0.00,0.00,0.00,0.00,0.00,0.00,0.00,Stade Bollaert-Delelis (Lens)
1379700000,Sep 20 2013 - 6:00pm,complete,13229,Nancy,Troyes,Frank Schneider,7,0.33,0.33,1.84,0.89,2,1,3,1,1,0,"13,66","48",3,4,1,0,1,0,1,0,0,1,9,9,4,4,5,5,14,18,50,50,0.00,0.00,0.00,0.00,2.34,50,50,33,33,33,17,50,50,67,10.33,3.00,0.00,0.00,0.00,0.00,0.00,0.00,0.00,0.00,0.00,Stade Marcel-Picot (Tomblaine)
1379700000,Sep 20 2013 - 6:00pm,complete,5637,Nîmes,Arles-Avignon,Mickaël Leleu,7,1.33,0.00,1.47,0.58,1,2,3,2,1,1,"28","22,51",1,4,3,0,3,0,2,1,1,2,8,6,3,3,5,3,18,19,50,50,0.00,0.00,0.00,0.00,2.17,34,34,34,34,34,34,50,34,67,3.67,4.67,0.00,0.00,0.00,0.00,0.00,0.00,0.00,0.00,0.00,Stade des Costières (Nîmes)
1379764800,Sep 21 2013 - 12:00pm,complete,7445,Angers SCO,Auxerre,Sébastien Desiage,7,3.00,0.67,1.63,0.63,2,0,2,1,1,0,"45,90'2","",2,5,0,0,1,0,0,0,0,1,11,14,7,8,4,6,12,13,50,50,0.00,0.00,0.00,0.00,2.17,59,59,42,17,17,17,59,25,59,12.33,4.00,0.00,0.00,0.00,0.00,0.00,0.00,0.00,0.00,0.00,Stade Raymond-Kopa (Angers)
1379961000,Sep 23 2013 - 6:30pm,complete,7032,Tours,Lens,Jean-Charles Cailleux,8,1.67,1.33,1.89,1.58,3,1,4,2,2,0,"30,45'2,78","65",5,3,2,1,4,0,0,3,2,2,16,15,5,5,11,10,18,17,50,50,0.00,0.00,0.00,0.00,3.67,84,100,50,50,17,67,84,34,84,5.00,3.00,0.00,0.00,0.00,0.00,0.00,0.00,0.00,0.00,0.00,Stade de la Vallée du Cher (Tours)
1380048900,Sep 24 2013 - 6:55pm,complete,1654,Arles-Avignon,Châteauroux,Hakim Ben El Hadj,8,3.00,0.00,1.84,0.47,1,1,2,1,0,1,"67","18",13,2,2,0,2,1,1,1,0,3,14,10,7,6,7,4,12,10,50,50,0.00,0.00,0.00,0.00,2.34,17,67,33,17,17,50,84,17,50,10.00,2.66,0.00,0.00,0.00,0.00,0.00,0.00,0.00,0.00,0.00,Parc des Sports (Avignon)
1380048900,Sep 24 2013 - 6:55pm,complete,4011,Auxerre,CA Bastia,Yohann Rouinsard,8,1.67,0.25,1.63,0.47,1,0,1,1,1,0,"19","",4,4,0,1,2,0,1,0,1,1,13,11,5,5,8,6,12,17,50,50,0.00,0.00,0.00,0.00,1.54,29,71,0,0,0,25,54,17,59,7.66,5.50,0.00,0.00,0.00,0.00,0.00,0.00,0.00,0.00,0.00,Stade de l'Abbé Deschamps (Auxerre)
1380048900,Sep 24 2013 - 6:55pm,complete,2941,Clermont,Caen,Didier Falcone,8,2.00,1.00,1.53,1.37,2,2,4,0,0,0,"53,90'3","55,76",3,6,1,0,1,0,1,0,1,0,5,8,3,2,2,6,18,20,50,50,0.00,0.00,0.00,0.00,2.59,75,75,75,17,17,59,75,34,75,14.25,5.42,0.00,0.00,0.00,0.00,0.00,0.00,0.00,0.00,0.00,Stade Gabriel Montpied (Clermont-Ferrand)
1380048900,Sep 24 2013 - 6:55pm,complete,2251,Créteil,Dijon,Florent Batta,8,1.67,0.67,1.47,0.95,1,3,4,1,0,1,"53","24,66,89",7,2,0,0,0,0,0,0,0,0,14,11,6,5,8,6,15,14,50,50,0.00,0.00,0.00,0.00,2.50,67,67,50,50,17,34,67,33,67,11.67,3.00,0.00,0.00,0.00,0.00,0.00,0.00,0.00,0.00,0.00,Stade Dominique Duvauchelle (Créteil)
1380048900,Sep 24 2013 - 6:55pm,complete,4274,Laval,Brest,William Lavis,8,1.00,1.25,1.58,1.26,2,1,3,1,1,0,"22,79","55",-1,-1,2,0,2,0,1,1,0,2,-1,-1,-1,-1,-1,-1,-1,-1,-1,-1,0.00,0.00,0.00,0.00,2.92,59,75,59,29,29,34,59,59,75,9.50,5.58,0.00,0.00,0.00,0.00,0.00,0.00,0.00,0.00,0.00,Stade Francis Le Basser (Laval)
1380048900,Sep 24 2013 - 6:55pm,complete,5792,Le Havre,Istres,Olivier Husset,8,1.33,0.67,1.47,0.53,1,0,1,1,1,0,"40","",5,5,0,0,2,0,0,0,0,2,11,7,3,4,8,3,21,14,50,50,0.00,0.00,0.00,0.00,3.84,84,84,67,67,17,50,84,50,84,8.33,3.67,0.00,0.00,0.00,0.00,0.00,0.00,0.00,0.00,0.00,Stade Océane (Le Havre)
1380048900,Sep 24 2013 - 6:55pm,complete,23506,Metz,Nancy,Benoît Millot,8,2.00,1.67,2.42,1.37,3,0,3,1,1,0,"6,84,86","",7,1,2,0,1,0,2,0,0,1,14,8,5,4,9,4,22,10,50,50,0.00,0.00,0.00,0.00,2.17,75,75,29,13,0,0,59,59,88,8.33,4.25,0.00,0.00,0.00,0.00,0.00,0.00,0.00,0.00,0.00,Stade Saint-Symphorien (Longeville-lès-Metz)
1380048900,Sep 24 2013 - 6:55pm,complete,3892,Niort,Nîmes,Jérôme Miguelgorry,8,1.50,0.67,1.95,0.84,2,1,3,1,1,0,"35,86","90'1",2,6,0,0,3,0,0,0,1,2,13,5,4,3,9,2,15,14,50,50,0.00,0.00,0.00,0.00,2.29,75,75,34,34,0,17,46,46,88,6.50,5.67,0.00,0.00,0.00,0.00,0.00,0.00,0.00,0.00,0.00,Stade René Gaillard (Niort)
1380048900,Sep 24 2013 - 6:55pm,complete,7342,Troyes,Angers SCO,Bartolomeu Varela,8,3.00,1.75,1.84,1.26,3,3,6,2,0,2,"66,72,78","5,29,55",5,5,2,0,1,0,2,0,0,1,9,10,2,6,7,4,8,11,50,50,0.00,0.00,0.00,0.00,3.29,67,84,71,38,25,54,71,67,84,10.50,3.75,0.00,0.00,0.00,0.00,0.00,0.00,0.00,0.00,0.00,Stade de l'Aube (Troyes)
1380304800,Sep 27 2013 - 6:00pm,complete,9021,Angers SCO,Tours,Clément Turpin,9,3.00,1.50,1.63,1.00,1,1,2,1,0,1,"49","28",8,1,2,0,1,0,0,2,0,1,13,13,9,2,4,11,17,17,50,50,0.00,0.00,0.00,0.00,2.75,42,84,54,25,13,25,84,42,84,10.00,3.17,0.00,0.00,0.00,0.00,0.00,0.00,0.00,0.00,0.00,Stade Raymond-Kopa (Angers)
1380304800,Sep 27 2013 - 6:00pm,complete,6438,Brest,Créteil,Sylvain Palhies,9,2.33,1.25,1.68,1.16,1,2,3,1,1,0,"37","64,79",-1,-1,2,0,2,0,0,2,1,1,-1,-1,-1,-1,-1,-1,-1,-1,-1,-1,0.00,0.00,0.00,0.00,2.25,42,71,42,29,13,54,71,29,42,5.50,3.67,0.00,0.00,0.00,0.00,0.00,0.00,0.00,0.00,0.00,Stade Francis-Le Blé (Brest)
1380304800,Sep 27 2013 - 6:00pm,complete,1767,CA Bastia,Laval,Olivier Husset,9,0.67,0.00,0.79,0.63,1,1,2,1,0,1,"65","42",6,2,3,0,4,1,0,3,0,5,14,9,5,4,9,5,13,18,50,50,0.00,0.00,0.00,0.00,1.84,46,59,42,0,0,13,42,46,84,9.58,4.92,0.00,0.00,0.00,0.00,0.00,0.00,0.00,0.00,0.00,Stade Armand-Césari (Furiani)
1380304800,Sep 27 2013 - 6:00pm,complete,N/A,Caen,Le Havre,Johan Hamel,9,2.25,0.75,2.00,1.05,1,0,1,0,0,0,"84","",1,1,3,0,1,1,0,3,0,2,8,8,4,5,4,3,16,10,50,50,0.00,0.00,0.00,0.00,2.63,50,88,50,38,0,50,75,50,75,11.00,2.50,0.00,0.00,0.00,0.00,0.00,0.00,0.00,0.00,0.00,Stade Michel d'Ornano (Caen)
1380304800,Sep 27 2013 - 6:00pm,complete,5172,Châteauroux,Niort,Frank Schneider,9,1.25,0.67,1.63,1.11,3,0,3,1,1,0,"31,57,90","",4,4,3,0,1,1,2,1,2,0,4,7,0,0,4,7,18,11,50,50,0.00,0.00,0.00,0.00,3.34,75,100,54,54,13,42,84,71,100,8.25,2.67,0.00,0.00,0.00,0.00,0.00,0.00,0.00,0.00,0.00,Stade Gaston Petit (Châteauroux)
1380304800,Sep 27 2013 - 6:00pm,complete,10424,Dijon,Auxerre,Stéphane Jochem,9,1.75,0.50,2.05,0.63,1,0,1,1,1,0,"29","",-1,-1,2,0,3,0,1,1,0,3,-1,-1,-1,-1,-1,-1,-1,-1,-1,-1,0.00,0.00,0.00,0.00,2.25,50,75,25,25,13,38,75,13,75,10.00,4.25,0.00,0.00,0.00,0.00,0.00,0.00,0.00,0.00,0.00,Stade Gaston-Gérard (Dijon)
1380304800,Sep 27 2013 - 6:00pm,complete,2112,Istres,Troyes,Sébastien Moreira,9,1.25,0.25,1.37,0.89,0,2,2,2,0,2,"","10,15",18,4,2,1,2,0,1,2,0,2,14,10,5,5,9,5,15,16,50,50,0.00,0.00,0.00,0.00,3.00,75,88,50,25,25,38,75,63,88,11.83,3.75,0.00,0.00,0.00,0.00,0.00,0.00,0.00,0.00,0.00,Stade Parsemain (Fos-sur-Mer)
1380304800,Sep 27 2013 - 6:00pm,complete,12218,Nancy,Arles-Avignon,Christian Guillard,9,1.00,0.75,1.84,0.58,0,0,0,0,0,0,"","",8,1,1,0,2,0,0,1,1,1,13,6,6,4,7,2,18,23,50,50,0.00,0.00,0.00,0.00,1.88,38,38,38,13,13,13,63,25,63,8.00,3.75,0.00,0.00,0.00,0.00,0.00,0.00,0.00,0.00,0.00,Stade Marcel-Picot (Tomblaine)
1380304800,Sep 27 2013 - 6:00pm,complete,4412,Nîmes,Clermont,Floris Aubin,9,1.00,1.33,1.47,0.84,1,1,2,1,0,1,"90","40",3,3,1,0,2,0,0,1,0,2,9,6,4,3,5,3,12,10,50,50,0.00,0.00,0.00,0.00,1.96,38,38,38,25,25,38,54,25,54,6.50,4.33,0.00,0.00,0.00,0.00,0.00,0.00,0.00,0.00,0.00,Stade des Costières (Nîmes)
1380566700,Sep 30 2013 - 6:45pm,complete,25283,Lens,Metz,Laurent Duhamel,9,2.50,1.33,1.84,1.58,3,2,5,2,1,1,"38,50,69","8,62",2,5,1,0,2,0,0,1,0,2,11,10,6,4,5,6,16,17,50,50,0.00,0.00,0.00,0.00,2.29,42,59,29,29,29,42,42,34,71,11.33,2.33,0.00,0.00,0.00,0.00,0.00,0.00,0.00,0.00,0.00,Stade Bollaert-Delelis (Lens)
1380909600,Oct 04 2013 - 6:00pm,complete,4287,Auxerre,Laval,Sylvain Palhies,10,2.00,0.20,1.63,0.63,2,0,2,0,0,0,"58,71","",-1,-1,2,0,2,0,0,2,1,1,-1,-1,-1,-1,-1,-1,-1,-1,-1,-1,0.00,0.00,0.00,0.00,1.63,33,55,20,0,0,10,55,23,75,9.60,6.35,0.00,0.00,0.00,0.00,0.00,0.00,0.00,0.00,0.00,Stade de l'Abbé Deschamps (Auxerre)
1380909600,Oct 04 2013 - 6:00pm,complete,3065,Clermont,Istres,Yohann Rouinsard,10,1.80,0.50,1.53,0.53,2,0,2,0,0,0,"57,90'2","",5,4,2,0,1,0,0,2,1,0,7,8,3,5,4,3,10,9,50,50,0.00,0.00,0.00,0.00,2.63,68,68,68,48,0,45,70,23,68,10.60,4.40,0.00,0.00,0.00,0.00,0.00,0.00,0.00,0.00,0.00,Stade Gabriel Montpied (Clermont-Ferrand)
1380909600,Oct 04 2013 - 6:00pm,complete,6734,Le Havre,Dijon,William Lavis,10,1.75,1.25,1.47,0.95,0,0,0,0,0,0,"","",6,6,2,0,1,0,1,1,0,1,11,7,5,3,6,4,11,9,50,50,0.00,0.00,0.00,0.00,2.50,50,50,38,38,13,13,63,50,50,8.50,2.00,0.00,0.00,0.00,0.00,0.00,0.00,0.00,0.00,0.00,Stade Océane (Le Havre)
1380909600,Oct 04 2013 - 6:00pm,complete,9974,Metz,Châteauroux,Didier Falcone,10,2.20,0.25,2.42,0.47,1,0,1,0,0,0,"59","",7,3,0,0,0,0,0,0,0,0,14,10,9,6,5,4,6,7,50,50,0.00,0.00,0.00,0.00,2.10,33,68,33,10,0,13,80,30,65,9.00,4.20,0.00,0.00,0.00,0.00,0.00,0.00,0.00,0.00,0.00,Stade Saint-Symphorien (Longeville-lès-Metz)
1380909600,Oct 04 2013 - 6:00pm,complete,3982,Niort,Nancy,Alexandre Perreau Niel,10,1.80,1.25,1.95,1.37,2,2,4,4,2,2,"5,11","25,38",7,3,0,1,4,0,0,1,1,3,10,13,5,9,5,4,16,17,50,50,0.00,0.00,0.00,0.00,2.05,68,80,35,0,0,0,58,58,90,4.75,4.15,0.00,0.00,0.00,0.00,0.00,0.00,0.00,0.00,0.00,Stade René Gaillard (Niort)
1380909600,Oct 04 2013 - 6:00pm,complete,6246,Tours,Brest,Mikael Lesage,10,2.00,1.00,1.89,1.26,1,1,2,2,1,1,"6","34",-1,-1,4,0,2,0,2,2,1,1,-1,-1,-1,-1,-1,-1,-1,-1,-1,-1,0.00,0.00,0.00,0.00,3.05,80,80,68,48,10,38,80,43,80,9.50,3.70,0.00,0.00,0.00,0.00,0.00,0.00,0.00,0.00,0.00,Stade de la Vallée du Cher (Tours)
1380909600,Oct 04 2013 - 6:00pm,complete,17565,Troyes,CA Bastia,Jean-Charles Cailleux,10,2.50,0.20,1.84,0.47,6,1,7,1,1,0,"29,69,76,78,89,90'1","90",3,2,1,0,2,0,0,1,2,0,12,8,3,3,9,5,16,15,50,50,0.00,0.00,0.00,0.00,2.43,35,68,38,13,13,45,78,25,58,7.75,4.40,0.00,0.00,0.00,0.00,0.00,0.00,0.00,0.00,0.00,Stade de l'Aube (Troyes)
1380974400,Oct 05 2013 - 12:00pm,complete,3029,Créteil,Angers SCO,Mickaël Leleu,10,1.25,1.60,1.47,1.26,0,0,0,0,0,0,"","",5,3,1,0,2,0,0,1,0,2,8,9,2,5,6,4,19,16,50,50,0.00,0.00,0.00,0.00,4.18,100,100,78,78,43,65,90,75,100,11.66,3.10,0.00,0.00,0.00,0.00,0.00,0.00,0.00,0.00,0.00,Stade Dominique Duvauchelle (Créteil)
1380974400,Oct 05 2013 - 12:00pm,complete,4712,Nîmes,Caen,Florent Batta,10,1.00,1.00,1.47,1.37,2,1,3,3,2,1,"22,42","14",5,1,2,0,2,0,1,1,1,1,4,0,3,0,1,0,1,3,50,50,0.00,0.00,0.00,0.00,3.38,90,90,80,45,33,55,78,58,90,10.00,4.05,0.00,0.00,0.00,0.00,0.00,0.00,0.00,0.00,0.00,Stade des Costières (Nîmes)
1381170600,Oct 07 2013 - 6:30pm,complete,3187,Arles-Avignon,Lens,Amaury Delerue,10,2.50,1.00,1.84,1.58,1,1,2,0,0,0,"71","57",3,6,1,0,0,0,0,1,0,0,7,4,2,2,5,2,12,15,50,50,0.00,0.00,0.00,0.00,3.25,63,88,38,38,25,63,75,50,75,14.00,4.00,0.00,0.00,0.00,0.00,0.00,0.00,0.00,0.00,0.00,Parc des Sports (Avignon)
1382119200,Oct 18 2013 - 6:00pm,complete,8172,Angers SCO,Niort,Tony Chapron,11,2.50,0.50,1.63,1.11,2,0,2,0,0,0,"81,83","",6,3,0,0,2,0,0,0,0,2,13,12,5,6,8,6,15,19,50,50,0.00,0.00,0.00,0.00,2.38,63,88,38,13,0,13,75,50,88,9.17,3.00,0.00,0.00,0.00,0.00,0.00,0.00,0.00,0.00,0.00,Stade Raymond-Kopa (Angers)
1382119200,Oct 18 2013 - 6:00pm,complete,4433,Auxerre,Créteil,Johan Hamel,11,2.20,1.60,1.63,1.16,1,1,2,1,1,0,"39","71",10,3,1,0,2,0,1,0,2,0,18,9,10,6,8,3,12,14,50,50,0.00,0.00,0.00,0.00,2.00,40,70,30,10,10,30,60,40,60,7.00,4.60,0.00,0.00,0.00,0.00,0.00,0.00,0.00,0.00,0.00,Stade de l'Abbé Deschamps (Auxerre)
1382119200,Oct 18 2013 - 6:00pm,complete,1871,CA Bastia,Tours,Hakim Ben El Hadj,11,0.75,1.40,0.79,1.00,1,2,3,1,0,1,"90'1","21,90'3",7,2,3,1,3,0,2,2,1,2,12,12,8,6,4,6,21,27,50,50,0.00,0.00,0.00,0.00,2.48,68,88,43,20,10,20,75,45,88,8.00,4.20,0.00,0.00,0.00,0.00,0.00,0.00,0.00,0.00,0.00,Stade Armand-Césari (Furiani)
1382119200,Oct 18 2013 - 6:00pm,complete,5226,Châteauroux,Caen,Floris Aubin,11,1.60,0.80,1.63,1.37,0,2,2,1,0,1,"","18,90'4",9,7,2,0,0,0,0,2,0,0,3,10,0,0,3,10,10,11,50,50,0.00,0.00,0.00,0.00,3.70,70,100,90,50,20,50,90,70,90,10.80,3.60,0.00,0.00,0.00,0.00,0.00,0.00,0.00,0.00,0.00,Stade Gaston Petit (Châteauroux)
1382119200,Oct 18 2013 - 6:00pm,complete,8159,Dijon,Troyes,Olivier Husset,11,2.00,0.80,2.05,0.89,2,1,3,1,0,1,"89,90","29",10,3,3,0,2,0,1,2,1,1,12,8,0,0,12,8,15,11,50,50,0.00,0.00,0.00,0.00,2.30,50,70,30,20,10,40,70,40,70,10.50,3.80,0.00,0.00,0.00,0.00,0.00,0.00,0.00,0.00,0.00,Stade Gaston-Gérard (Dijon)
1382119200,Oct 18 2013 - 6:00pm,complete,2898,Istres,Arles-Avignon,Frank Schneider,11,1.00,0.80,1.37,0.58,1,0,1,0,0,0,"63","",1,6,1,0,1,0,0,1,0,1,9,8,5,4,4,4,11,17,50,50,0.00,0.00,0.00,0.00,2.10,40,60,30,10,10,40,70,20,60,11.30,5.00,0.00,0.00,0.00,0.00,0.00,0.00,0.00,0.00,0.00,Stade Parsemain (Fos-sur-Mer)
1382119200,Oct 18 2013 - 6:00pm,complete,4592,Laval,Le Havre,Sébastien Moreira,11,1.50,0.60,1.58,1.05,2,2,4,1,0,1,"61,64","20,57",-1,-1,1,0,3,0,0,1,1,2,-1,-1,-1,-1,-1,-1,-1,-1,-1,-1,0.00,0.00,0.00,0.00,2.53,58,80,48,23,13,45,68,48,80,9.00,4.60,0.00,0.00,0.00,0.00,0.00,0.00,0.00,0.00,0.00,Stade Francis Le Basser (Laval)
1382119200,Oct 18 2013 - 6:00pm,complete,14116,Nancy,Clermont,Stéphane Lannoy,11,1.00,1.25,1.84,0.84,3,2,5,2,1,1,"40,53,77","19,75",4,8,2,0,3,0,1,1,1,2,9,5,6,2,3,3,12,9,50,50,0.00,0.00,0.00,0.00,1.40,33,33,20,10,10,0,55,20,45,8.13,3.05,0.00,0.00,0.00,0.00,0.00,0.00,0.00,0.00,0.00,Stade Marcel-Picot (Tomblaine)
1382184000,Oct 19 2013 - 12:00pm,complete,29657,Lens,Nîmes,Fredy Fautrel,11,2.60,0.50,1.84,0.84,1,0,1,0,0,0,"85","",6,2,0,0,2,0,0,0,0,2,9,8,3,5,6,3,9,9,50,50,0.00,0.00,0.00,0.00,3.03,80,80,58,45,20,43,68,48,90,12.33,3.75,0.00,0.00,0.00,0.00,0.00,0.00,0.00,0.00,0.00,Stade Bollaert-Delelis (Lens)
1382380200,Oct 21 2013 - 6:30pm,complete,7921,Brest,Metz,Christian Guillard,11,1.75,1.00,1.68,1.58,0,3,3,2,0,2,"","12,45'2,74",3,3,2,1,3,0,1,2,2,1,11,8,3,6,8,2,9,21,50,50,0.00,0.00,0.00,0.00,2.63,50,75,50,38,25,38,63,63,63,8.00,3.25,0.00,0.00,0.00,0.00,0.00,0.00,0.00,0.00,0.00,Stade Francis-Le Blé (Brest)
1382724000,Oct 25 2013 - 6:00pm,complete,1909,Arles-Avignon,Dijon,Sylvain Palhies,12,2.20,1.20,1.84,0.95,0,0,0,0,0,0,"","",-1,-1,2,0,2,0,1,1,0,2,-1,-1,-1,-1,-1,-1,-1,-1,-1,-1,0.00,0.00,0.00,0.00,2.00,50,60,30,30,10,20,50,40,60,12.33,2.20,0.00,0.00,0.00,0.00,0.00,0.00,0.00,0.00,0.00,Parc des Sports (Avignon)
1382724000,Oct 25 2013 - 6:00pm,complete,2562,Créteil,CA Bastia,Floris Aubin,12,1.20,0.17,1.47,0.47,3,0,3,1,1,0,"14,48,75","",7,9,3,0,0,0,0,3,0,0,15,10,10,6,5,4,14,16,50,50,0.00,0.00,0.00,0.00,2.75,57,74,39,39,19,37,82,29,65,8.60,3.73,0.00,0.00,0.00,0.00,0.00,0.00,0.00,0.00,0.00,Stade Dominique Duvauchelle (Créteil)
1382724000,Oct 25 2013 - 6:00pm,complete,7253,Le Havre,Brest,Didier Falcone,12,1.60,1.00,1.47,1.26,0,1,1,0,0,0,"","68",9,2,1,0,3,0,0,1,1,2,17,9,11,5,6,4,17,6,50,50,0.00,0.00,0.00,0.00,2.45,54,54,35,19,19,19,64,45,45,8.70,3.57,0.00,0.00,0.00,0.00,0.00,0.00,0.00,0.00,0.00,Stade Océane (Le Havre)
1382724000,Oct 25 2013 - 6:00pm,complete,18139,Metz,Angers SCO,Bartolomeu Varela,12,2.33,1.50,2.42,1.26,1,0,1,0,0,0,"66","",11,3,0,0,0,0,0,0,0,0,15,5,8,2,7,3,15,15,50,50,0.00,0.00,0.00,0.00,2.92,58,67,50,42,25,34,59,67,83,10.55,3.50,0.00,0.00,0.00,0.00,0.00,0.00,0.00,0.00,0.00,Stade Saint-Symphorien (Longeville-lès-Metz)
1382724000,Oct 25 2013 - 6:00pm,complete,4838,Nîmes,Châteauroux,William Lavis,12,1.33,0.20,1.47,0.47,3,1,4,1,1,0,"6,47,69","56",3,6,1,0,2,0,0,1,0,2,14,8,7,2,7,6,13,8,50,50,0.00,0.00,0.00,0.00,2.40,52,72,44,17,17,44,82,17,64,6.73,3.43,0.00,0.00,0.00,0.00,0.00,0.00,0.00,0.00,0.00,Stade des Costières (Nîmes)
1382724000,Oct 25 2013 - 6:00pm,complete,4038,Niort,Istres,Mickaël Leleu,12,1.67,0.40,1.95,0.53,3,1,4,0,0,0,"48,58,74","62",-1,-1,-1,-1,-1,-1,-1,-1,-1,-1,-1,-1,-1,-1,-1,-1,-1,-1,-1,-1,0.00,0.00,0.00,0.00,2.50,64,74,47,39,0,29,65,37,74,9.17,4.13,0.00,0.00,0.00,0.00,0.00,0.00,0.00,0.00,0.00,Stade René Gaillard (Niort)
1382724000,Oct 25 2013 - 6:00pm,complete,6234,Tours,Laval,Yohann Rouinsard,12,1.80,0.17,1.89,0.63,2,0,2,0,0,0,"50,81","",-1,-1,-1,-1,-1,-1,-1,-1,-1,-1,-1,-1,-1,-1,-1,-1,-1,-1,-1,-1,0.00,0.00,0.00,0.00,2.60,67,84,47,30,0,49,75,27,90,9.60,5.33,0.00,0.00,0.00,0.00,0.00,0.00,0.00,0.00,0.00,Stade de la Vallée du Cher (Tours)
1382724000,Oct 25 2013 - 6:00pm,complete,10359,Troyes,Auxerre,Florent Batta,12,2.60,0.40,1.84,0.63,2,0,2,1,1,0,"25,51","",3,9,1,0,1,0,0,1,0,1,7,12,3,5,4,7,19,23,50,50,0.00,0.00,0.00,0.00,3.00,50,70,50,30,30,30,80,30,70,9.00,4.40,0.00,0.00,0.00,0.00,0.00,0.00,0.00,0.00,0.00,Stade de l'Aube (Troyes)
1382788800,Oct 26 2013 - 12:00pm,complete,N/A,Caen,Nancy,Philippe Kalt,12,2.40,1.20,2.00,1.37,1,2,3,2,1,1,"8","26,53",10,2,2,0,3,0,2,0,2,1,9,8,5,2,4,6,10,19,50,50,0.00,0.00,0.00,0.00,2.80,60,90,60,30,0,30,70,60,90,7.40,3.80,0.00,0.00,0.00,0.00,0.00,0.00,0.00,0.00,0.00,Stade Michel d'Ornano (Caen)
1382988600,Oct 28 2013 - 7:30pm,complete,6825,Clermont,Lens,Saïd Ennjimi,12,2.00,1.00,1.53,1.58,0,0,0,0,0,0,"","",9,6,2,0,2,0,1,1,1,1,9,5,5,2,4,3,15,19,50,50,0.00,0.00,0.00,0.00,2.80,65,84,45,29,10,47,47,57,74,10.30,4.33,0.00,0.00,0.00,0.00,0.00,0.00,0.00,0.00,0.00,Stade Gabriel Montpied (Clermont-Ferrand)
1383332400,Nov 01 2013 - 7:00pm,complete,8079,Angers SCO,Arles-Avignon,Jean-Charles Cailleux,13,2.60,0.67,1.63,0.58,1,0,1,1,1,0,"6","",2,10,2,0,2,0,1,1,2,0,3,12,2,6,1,6,16,11,50,50,0.00,0.00,0.00,0.00,1.59,29,49,19,0,0,9,47,20,74,10.07,3.30,0.00,0.00,0.00,0.00,0.00,0.00,0.00,0.00,0.00,Stade Raymond-Kopa (Angers)
1383332400,Nov 01 2013 - 7:00pm,complete,5334,Auxerre,Tours,Christian Guillard,13,2.00,1.67,1.63,1.00,4,0,4,1,1,0,"33,54,76,79","",3,5,2,0,1,0,1,1,1,0,11,8,6,6,5,2,14,11,50,50,0.00,0.00,0.00,0.00,2.34,50,84,34,17,9,17,75,42,84,9.00,4.66,0.00,0.00,0.00,0.00,0.00,0.00,0.00,0.00,0.00,Stade de l'Abbé Deschamps (Auxerre)
1383332400,Nov 01 2013 - 7:00pm,complete,1834,CA Bastia,Le Havre,Frank Schneider,13,0.60,0.67,0.79,1.05,0,0,0,0,0,0,"","",6,3,3,0,1,0,2,1,0,1,17,8,9,6,8,2,8,8,50,50,0.00,0.00,0.00,0.00,2.09,65,74,37,17,0,17,64,47,74,9.20,4.43,0.00,0.00,0.00,0.00,0.00,0.00,0.00,0.00,0.00,Stade Armand-Césari (Furiani)
1383332400,Nov 01 2013 - 7:00pm,complete,5593,Châteauroux,Clermont,Johan Hamel,13,1.33,1.00,1.63,0.84,3,0,3,2,2,0,"11,44,76","",0,7,1,0,0,0,0,1,0,0,2,6,0,0,2,6,13,9,50,50,0.00,0.00,0.00,0.00,2.65,37,70,44,35,19,27,80,44,80,10.83,3.90,0.00,0.00,0.00,0.00,0.00,0.00,0.00,0.00,0.00,Stade Gaston Petit (Châteauroux)
1383332400,Nov 01 2013 - 7:00pm,complete,8161,Dijon,Niort,Hakim Ben El Hadj,13,2.17,0.40,2.05,1.11,2,2,4,2,0,2,"66,77","6,17",-1,-1,2,0,2,1,1,1,0,3,-1,-1,-1,-1,-1,-1,-1,-1,-1,-1,0.00,0.00,0.00,0.00,2.39,55,84,37,19,0,27,72,57,84,9.75,4.00,0.00,0.00,0.00,0.00,0.00,0.00,0.00,0.00,0.00,Stade Gaston-Gérard (Dijon)
1383332400,Nov 01 2013 - 7:00pm,complete,2664,Istres,Metz,Stéphane Jochem,13,1.33,1.40,1.37,1.58,1,2,3,1,0,1,"59","41,55",9,7,0,0,1,0,0,0,0,1,13,9,5,2,8,7,8,14,50,50,0.00,0.00,0.00,0.00,2.84,45,82,47,29,29,55,72,47,74,11.70,3.80,0.00,0.00,0.00,0.00,0.00,0.00,0.00,0.00,0.00,Stade Parsemain (Fos-sur-Mer)
1383332400,Nov 01 2013 - 7:00pm,complete,4231,Laval,Créteil,Olivier Husset,13,1.40,1.50,1.58,1.16,5,1,6,2,1,1,"43,51,69,83,90","12",-1,-1,2,0,3,0,1,1,1,2,-1,-1,-1,-1,-1,-1,-1,-1,-1,-1,0.00,0.00,0.00,0.00,2.95,74,92,65,29,19,45,82,57,84,7.20,4.60,0.00,0.00,0.00,0.00,0.00,0.00,0.00,0.00,0.00,Stade Francis Le Basser (Laval)
1383332400,Nov 01 2013 - 7:00pm,complete,14427,Nancy,Nîmes,Sébastien Moreira,13,1.33,0.40,1.84,0.84,1,0,1,1,1,0,"2","",-1,-1,2,0,1,0,0,2,0,1,-1,-1,-1,-1,-1,-1,-1,-1,-1,-1,0.00,0.00,0.00,0.00,2.57,65,65,55,37,17,19,64,55,75,9.92,3.60,0.00,0.00,0.00,0.00,0.00,0.00,0.00,0.00,0.00,Stade Marcel-Picot (Tomblaine)
1383397200,Nov 02 2013 - 1:00pm,complete,31293,Lens,Caen,Ruddy Buquet,13,2.67,1.17,1.84,1.37,2,1,3,2,2,0,"2,15","82",4,14,2,1,3,1,1,2,1,3,9,15,4,4,5,11,10,19,50,50,0.00,0.00,0.00,0.00,2.92,67,75,58,33,25,50,67,34,83,11.50,2.66,0.00,0.00,0.00,0.00,0.00,0.00,0.00,0.00,0.00,Stade Bollaert-Delelis (Lens)
1383593400,Nov 04 2013 - 7:30pm,complete,5721,Brest,Troyes,Alexandre Perreau Niel,13,1.40,0.67,1.68,0.89,1,1,2,1,0,1,"52","37",-1,-1,1,1,0,0,1,1,0,0,-1,-1,-1,-1,-1,-1,-1,-1,-1,-1,0.00,0.00,0.00,0.00,2.54,54,82,55,19,9,37,74,54,72,7.93,4.20,0.00,0.00,0.00,0.00,0.00,0.00,0.00,0.00,0.00,Stade Francis-Le Blé (Brest)
1383937200,Nov 08 2013 - 7:00pm,complete,N/A,Caen,Istres,Bartolomeu Varela,14,2.00,0.33,2.00,0.53,4,0,4,2,2,0,"10,32,66,78","",11,0,0,0,2,1,0,0,0,3,12,3,4,3,8,0,7,11,50,50,0.00,0.00,0.00,0.00,3.00,59,83,67,50,0,42,67,50,92,10.17,3.47,0.00,0.00,0.00,0.00,0.00,0.00,0.00,0.00,0.00,Stade Michel d'Ornano (Caen)
1383937200,Nov 08 2013 - 7:00pm,complete,4588,Clermont,Auxerre,William Lavis,14,1.86,0.33,1.53,0.63,1,1,2,0,0,0,"86","88",3,6,2,0,1,0,2,0,1,0,12,5,5,3,7,2,11,11,50,50,0.00,0.00,0.00,0.00,1.86,38,62,30,16,9,23,56,15,62,11.40,4.62,0.00,0.00,0.00,0.00,0.00,0.00,0.00,0.00,0.00,Stade Gabriel Montpied (Clermont-Ferrand)
1383937200,Nov 08 2013 - 7:00pm,complete,2202,Créteil,Tours,Didier Falcone,14,1.50,1.43,1.47,1.00,2,1,3,1,1,0,"1,68","51",2,7,3,0,1,0,1,2,1,0,8,17,3,8,5,9,16,7,50,50,0.00,0.00,0.00,0.00,3.15,62,92,69,47,16,31,92,54,92,9.53,3.81,0.00,0.00,0.00,0.00,0.00,0.00,0.00,0.00,0.00,Stade Dominique Duvauchelle (Créteil)
1383937200,Nov 08 2013 - 7:00pm,complete,6499,Le Havre,Angers SCO,Antony Gautier,14,1.33,1.29,1.47,1.26,1,2,3,0,0,0,"74","82,90",7,9,1,0,2,0,0,1,0,2,15,2,5,0,10,2,20,10,50,50,0.00,0.00,0.00,0.00,2.80,52,52,37,37,30,37,54,52,68,9.40,2.76,0.00,0.00,0.00,0.00,0.00,0.00,0.00,0.00,0.00,Stade Océane (Le Havre)
1383937200,Nov 08 2013 - 7:00pm,complete,13745,Nancy,Châteauroux,Florent Batta,14,1.57,0.17,1.84,0.47,2,0,2,2,2,0,"3,33","",-1,-1,0,0,1,0,0,0,1,0,-1,-1,-1,-1,-1,-1,-1,-1,-1,-1,0.00,0.00,0.00,0.00,2.16,38,55,38,23,15,16,77,30,55,8.50,2.81,0.00,0.00,0.00,0.00,0.00,0.00,0.00,0.00,0.00,Stade Marcel-Picot (Tomblaine)
1383937200,Nov 08 2013 - 7:00pm,complete,5218,Nîmes,CA Bastia,Yohann Rouinsard,14,1.57,0.14,1.47,0.47,0,1,1,1,0,1,"","28",13,3,0,0,0,0,0,0,0,0,10,7,5,0,5,7,9,16,50,50,0.00,0.00,0.00,0.00,2.86,58,79,50,29,22,43,86,36,64,6.96,3.71,0.00,0.00,0.00,0.00,0.00,0.00,0.00,0.00,0.00,Stade des Costières (Nîmes)
1383937200,Nov 08 2013 - 7:00pm,complete,10049,Troyes,Laval,Mickaël Leleu,14,2.67,0.14,1.84,0.63,0,1,1,1,0,1,"","14",7,2,2,0,5,0,1,1,0,5,12,4,7,3,5,1,20,25,50,50,0.00,0.00,0.00,0.00,2.84,40,77,48,17,17,24,63,47,92,8.80,5.00,0.00,0.00,0.00,0.00,0.00,0.00,0.00,0.00,0.00,Stade de l'Aube (Troyes)
1384002000,Nov 09 2013 - 1:00pm,complete,12801,Metz,Dijon,Jean-Charles Cailleux,14,2.43,1.17,2.42,0.95,2,0,2,2,2,0,"11,25","",1,6,2,0,1,0,1,1,0,1,7,11,4,7,3,4,10,12,50,50,0.00,0.00,0.00,0.00,1.60,31,38,31,24,0,0,38,38,60,11.67,2.57,0.00,0.00,0.00,0.00,0.00,0.00,0.00,0.00,0.00,Stade Saint-Symphorien (Longeville-lès-Metz)
1384005600,Nov 09 2013 - 2:00pm,complete,1901,Arles-Avignon,Brest,Jérôme Miguelgorry,14,2.00,1.29,1.84,1.26,1,0,1,0,0,0,"86","",1,0,2,0,2,0,2,0,1,1,0,2,0,2,0,0,4,2,50,50,0.00,0.00,0.00,0.00,2.15,54,62,30,16,16,24,54,38,62,11.33,3.79,0.00,0.00,0.00,0.00,0.00,0.00,0.00,0.00,0.00,Parc des Sports (Avignon)
1384198200,Nov 11 2013 - 7:30pm,complete,5755,Niort,Lens,Sylvain Palhies,14,1.86,1.00,1.95,1.58,2,2,4,1,1,0,"3,51","80,90'1",3,5,1,0,2,0,0,1,1,1,7,5,4,2,3,3,16,18,50,50,0.00,0.00,0.00,0.00,2.65,69,77,38,31,9,32,47,55,69,9.50,4.33,0.00,0.00,0.00,0.00,0.00,0.00,0.00,0.00,0.00,Stade René Gaillard (Niort)
1385146800,Nov 22 2013 - 7:00pm,complete,6446,Angers SCO,Clermont,Sébastien Moreira,15,2.67,0.83,1.63,0.84,0,2,2,2,0,2,"","31,38",9,10,2,1,2,1,0,3,0,3,7,8,5,4,2,4,15,13,50,50,0.00,0.00,0.00,0.00,1.92,33,59,25,9,9,17,67,25,67,10.67,3.00,0.00,0.00,0.00,0.00,0.00,0.00,0.00,0.00,0.00,Stade Raymond-Kopa (Angers)
1385146800,Nov 22 2013 - 7:00pm,complete,8330,Brest,Niort,Floris Aubin,15,1.33,0.50,1.68,1.11,0,1,1,1,0,1,"","28",-1,-1,3,2,2,0,1,4,1,1,-1,-1,-1,-1,-1,-1,-1,-1,-1,-1,0.00,0.00,0.00,0.00,2.58,59,92,50,25,0,33,75,58,84,6.08,4.66,0.00,0.00,0.00,0.00,0.00,0.00,0.00,0.00,0.00,Stade Francis-Le Blé (Brest)
1385146800,Nov 22 2013 - 7:00pm,complete,1698,CA Bastia,Metz,Fredy Fautrel,15,0.67,1.67,0.79,1.58,0,2,2,0,0,0,"","50,56",8,4,3,0,4,0,1,2,1,3,10,9,8,6,2,3,9,18,50,50,0.00,0.00,0.00,0.00,2.34,59,75,50,17,17,25,59,59,75,10.00,4.34,0.00,0.00,0.00,0.00,0.00,0.00,0.00,0.00,0.00,Stade Armand-Césari (Furiani)
1385146800,Nov 22 2013 - 7:00pm,complete,2154,Créteil,Troyes,Abdelali Chaoui,15,1.71,0.71,1.47,0.89,0,3,3,0,0,0,"","46,76,90'1",7,5,2,0,3,0,1,1,1,2,10,11,2,3,8,8,11,12,50,50,0.00,0.00,0.00,0.00,2.79,71,86,57,29,14,29,79,57,86,10.10,3.57,0.00,0.00,0.00,0.00,0.00,0.00,0.00,0.00,0.00,Stade Dominique Duvauchelle (Créteil)
1385146800,Nov 22 2013 - 7:00pm,complete,8201,Dijon,Nancy,Alexandre Castro,15,2.00,1.50,2.05,1.37,1,0,1,0,0,0,"76","",4,7,1,0,2,0,0,1,1,1,8,14,6,6,2,8,12,13,50,50,0.00,0.00,0.00,0.00,2.63,70,86,55,23,0,38,85,47,77,9.67,4.33,0.00,0.00,0.00,0.00,0.00,0.00,0.00,0.00,0.00,Stade Gaston-Gérard (Dijon)
1385146800,Nov 22 2013 - 7:00pm,complete,2335,Istres,Nîmes,Hakim Ben El Hadj,15,1.14,0.33,1.37,0.84,4,2,6,4,3,1,"24,36,43,67","7,61",4,14,2,0,2,0,0,2,1,1,8,8,7,5,1,3,22,21,50,50,0.00,0.00,0.00,0.00,2.61,62,77,47,24,7,30,77,47,77,12.96,4.04,0.00,0.00,0.00,0.00,0.00,0.00,0.00,0.00,0.00,Stade Parsemain (Fos-sur-Mer)
1385146800,Nov 22 2013 - 7:00pm,complete,4670,Laval,Arles-Avignon,Johan Hamel,15,1.67,0.57,1.58,0.58,1,1,2,1,1,0,"38","60",-1,-1,2,0,1,0,1,1,1,0,-1,-1,-1,-1,-1,-1,-1,-1,-1,-1,0.00,0.00,0.00,0.00,2.49,49,57,49,25,17,32,63,42,79,10.25,4.93,0.00,0.00,0.00,0.00,0.00,0.00,0.00,0.00,0.00,Stade Francis Le Basser (Laval)
1385146800,Nov 22 2013 - 7:00pm,complete,4165,Tours,Le Havre,Ruddy Buquet,15,2.00,0.71,1.89,1.05,2,2,4,2,1,1,"33,81","26,52",3,2,2,0,4,0,1,1,1,3,13,7,5,3,8,4,20,21,50,50,0.00,0.00,0.00,0.00,2.43,63,79,40,40,0,48,70,31,70,8.75,3.71,0.00,0.00,0.00,0.00,0.00,0.00,0.00,0.00,0.00,Stade de la Vallée du Cher (Tours)
1385211600,Nov 23 2013 - 1:00pm,complete,29153,Lens,Châteauroux,Jérôme Miguelgorry,15,2.71,0.14,1.84,0.47,2,0,2,0,0,0,"51,89","",7,2,1,0,3,1,0,1,1,3,12,5,5,0,7,5,14,17,50,50,0.00,0.00,0.00,0.00,2.36,43,64,36,22,15,43,72,14,72,9.54,2.86,0.00,0.00,0.00,0.00,0.00,0.00,0.00,0.00,0.00,Stade Bollaert-Delelis (Lens)
1385407800,Nov 25 2013 - 7:30pm,complete,4123,Auxerre,Caen,Saïd Ennjimi,15,2.14,1.00,1.63,1.37,3,2,5,4,2,2,"32,45'1,57","5,23",4,6,1,1,3,0,1,1,3,0,12,8,9,4,3,4,14,14,50,50,0.00,0.00,0.00,0.00,2.58,58,86,50,22,7,29,72,43,79,12.70,4.43,0.00,0.00,0.00,0.00,0.00,0.00,0.00,0.00,0.00,Stade de l'Abbé Deschamps (Auxerre)
1385751600,Nov 29 2013 - 7:00pm,complete,1571,Arles-Avignon,CA Bastia,Wilfried Bien,16,2.14,0.50,1.84,0.47,0,0,0,0,0,0,"","",10,4,1,0,1,0,1,0,0,1,15,5,6,3,9,2,13,15,50,50,0.00,0.00,0.00,0.00,2.12,34,60,20,14,14,27,66,27,61,9.32,3.32,0.00,0.00,0.00,0.00,0.00,0.00,0.00,0.00,0.00,Parc des Sports (Avignon)
1385751600,Nov 29 2013 - 7:00pm,complete,N/A,Caen,Angers SCO,William Lavis,16,2.14,1.50,2.00,1.26,1,1,2,2,1,1,"18","5",8,6,2,0,2,0,1,1,0,2,13,8,4,4,9,4,16,12,50,50,0.00,0.00,0.00,0.00,3.19,59,81,67,47,19,54,61,66,94,11.46,2.93,0.00,0.00,0.00,0.00,0.00,0.00,0.00,0.00,0.00,Stade Michel d'Ornano (Caen)
1385751600,Nov 29 2013 - 7:00pm,complete,4836,Châteauroux,Istres,Jean-Charles Cailleux,16,1.57,0.29,1.63,0.53,2,0,2,1,1,0,"34,47","",7,5,2,0,2,0,1,1,0,2,3,7,0,0,3,7,15,9,50,50,0.00,0.00,0.00,0.00,3.36,43,93,71,57,7,43,86,57,93,8.93,3.43,0.00,0.00,0.00,0.00,0.00,0.00,0.00,0.00,0.00,Stade Gaston Petit (Châteauroux)
1385751600,Nov 29 2013 - 7:00pm,complete,2989,Clermont,Brest,Clément Turpin,16,1.75,1.13,1.53,1.26,1,0,1,0,0,0,"89","",10,2,1,0,1,0,0,1,0,1,7,8,3,3,4,5,15,21,50,50,0.00,0.00,0.00,0.00,1.94,50,57,38,13,7,19,38,38,63,8.96,4.50,0.00,0.00,0.00,0.00,0.00,0.00,0.00,0.00,0.00,Stade Gabriel Montpied (Clermont-Ferrand)
1385751600,Nov 29 2013 - 7:00pm,complete,5908,Le Havre,Créteil,Florent Batta,16,1.14,1.29,1.47,1.16,3,1,4,2,2,0,"25,45,77","52",-1,-1,0,0,2,0,0,0,0,2,-1,-1,-1,-1,-1,-1,-1,-1,-1,-1,0.00,0.00,0.00,0.00,2.65,57,65,43,22,22,36,65,43,64,7.49,3.43,0.00,0.00,0.00,0.00,0.00,0.00,0.00,0.00,0.00,Stade Océane (Le Havre)
1385751600,Nov 29 2013 - 7:00pm,complete,4417,Nîmes,Dijon,Christian Guillard,16,1.38,1.00,1.47,0.95,1,1,2,1,1,0,"42","77",6,3,3,0,1,0,1,2,1,0,12,4,5,3,7,1,20,18,50,50,0.00,0.00,0.00,0.00,2.16,52,59,46,34,13,32,66,34,46,9.67,2.50,0.00,0.00,0.00,0.00,0.00,0.00,0.00,0.00,0.00,Stade des Costières (Nîmes)
1385751600,Nov 29 2013 - 7:00pm,complete,4765,Niort,Laval,Didier Falcone,16,1.75,0.50,1.95,0.63,0,1,1,1,0,1,"","14",-1,-1,2,0,5,0,2,0,1,4,-1,-1,-1,-1,-1,-1,-1,-1,-1,-1,0.00,0.00,0.00,0.00,2.19,50,69,38,19,0,13,50,44,82,8.17,5.71,0.00,0.00,0.00,0.00,0.00,0.00,0.00,0.00,0.00,Stade René Gaillard (Niort)
1385751600,Nov 29 2013 - 7:00pm,complete,7361,Troyes,Tours,Sylvain Palhies,16,2.29,1.25,1.84,1.00,1,2,3,3,1,2,"36","15,45'1",9,5,3,0,4,1,1,2,2,3,10,8,5,3,5,5,15,17,50,50,0.00,0.00,0.00,0.00,3.27,53,86,66,34,21,27,93,53,86,8.53,3.71,0.00,0.00,0.00,0.00,0.00,0.00,0.00,0.00,0.00,Stade de l'Aube (Troyes)
1385816400,Nov 30 2013 - 1:00pm,complete,15223,Nancy,Lens,Nicolas Rainville,16,1.75,1.00,1.84,1.58,1,0,1,1,1,0,"40","",6,5,3,0,2,1,2,1,2,1,10,9,7,3,3,6,10,13,50,50,0.00,0.00,0.00,0.00,2.64,55,68,41,34,20,34,66,55,55,9.67,3.00,0.00,0.00,0.00,0.00,0.00,0.00,0.00,0.00,0.00,Stade Marcel-Picot (Tomblaine)
1386012600,Dec 02 2013 - 7:30pm,complete,11444,Metz,Auxerre,Yohann Rouinsard,16,2.50,0.43,2.42,0.63,3,0,3,0,0,0,"48,50,68","",3,3,1,0,2,0,0,1,0,2,9,6,5,2,4,4,15,17,50,50,0.00,0.00,0.00,0.00,1.94,34,61,20,14,7,14,61,26,73,11.36,3.77,0.00,0.00,0.00,0.00,0.00,0.00,0.00,0.00,0.00,Stade Saint-Symphorien (Longeville-lès-Metz)
1386961200,Dec 13 2013 - 7:00pm,complete,4045,Auxerre,Niort,Jérôme Miguelgorry,17,2.25,0.86,1.63,1.11,2,0,2,0,0,0,"65,74","",-1,-1,2,0,3,0,1,1,1,2,-1,-1,-1,-1,-1,-1,-1,-1,-1,-1,0.00,0.00,0.00,0.00,2.41,48,81,34,27,7,21,67,55,81,8.04,4.54,0.00,0.00,0.00,0.00,0.00,0.00,0.00,0.00,0.00,Stade de l'Abbé Deschamps (Auxerre)
1386961200,Dec 13 2013 - 7:00pm,complete,8601,Brest,Nîmes,Olivier Husset,17,1.14,0.29,1.68,0.84,1,1,2,0,0,0,"88","79",-1,-1,1,0,2,0,1,0,1,1,-1,-1,-1,-1,-1,-1,-1,-1,-1,-1,0.00,0.00,0.00,0.00,2.57,57,71,50,29,7,29,79,43,72,10.33,5.15,0.00,0.00,0.00,0.00,0.00,0.00,0.00,0.00,0.00,Stade Francis-Le Blé (Brest)
1386961200,Dec 13 2013 - 7:00pm,complete,1850,CA Bastia,Caen,Alexandre Perreau Niel,17,0.57,0.88,0.79,1.37,1,5,6,2,0,2,"84","26,39,47,74,77",1,4,1,0,1,1,0,1,0,2,6,7,6,3,0,4,15,17,50,50,0.00,0.00,0.00,0.00,2.61,73,86,59,19,13,32,66,48,80,12.71,4.96,0.00,0.00,0.00,0.00,0.00,0.00,0.00,0.00,0.00,Stade Armand-Césari (Furiani)
1386961200,Dec 13 2013 - 7:00pm,complete,2011,Créteil,Arles-Avignon,Mickaël Leleu,17,1.50,0.63,1.47,0.58,1,1,2,1,1,0,"1","77",5,7,3,0,2,0,0,3,0,2,14,13,7,8,7,5,15,11,50,50,0.00,0.00,0.00,0.00,2.13,44,57,44,19,7,19,63,32,76,10.96,4.13,0.00,0.00,0.00,0.00,0.00,0.00,0.00,0.00,0.00,Stade Dominique Duvauchelle (Créteil)
1386961200,Dec 13 2013 - 7:00pm,complete,2136,Istres,Nancy,Abdelali Chaoui,17,1.38,1.29,1.37,1.37,0,0,0,0,0,0,"","",7,3,2,0,3,1,1,1,1,3,20,7,10,3,10,4,15,13,50,50,0.00,0.00,0.00,0.00,2.85,67,87,54,20,13,40,80,47,81,10.54,4.04,0.00,0.00,0.00,0.00,0.00,0.00,0.00,0.00,0.00,Stade Parsemain (Fos-sur-Mer)
1386961200,Dec 13 2013 - 7:00pm,complete,4042,Laval,Châteauroux,Hakim Ben El Hadj,17,1.57,0.13,1.58,0.47,2,2,4,1,0,1,"55,80","34,90'4",-1,-1,4,0,2,0,1,3,1,1,-1,-1,-1,-1,-1,-1,-1,-1,-1,-1,0.00,0.00,0.00,0.00,2.85,56,88,48,28,15,34,81,48,82,8.57,4.31,0.00,0.00,0.00,0.00,0.00,0.00,0.00,0.00,0.00,Stade Francis Le Basser (Laval)
1386961200,Dec 13 2013 - 7:00pm,complete,6230,Tours,Metz,Fredy Fautrel,17,1.86,1.86,1.89,1.58,4,2,6,3,2,1,"18,19,86,90","4,56",3,8,0,0,4,0,0,0,1,3,7,11,2,5,5,6,8,16,50,50,0.00,0.00,0.00,0.00,3.00,65,93,57,43,15,57,72,57,86,8.57,4.00,0.00,0.00,0.00,0.00,0.00,0.00,0.00,0.00,0.00,Stade de la Vallée du Cher (Tours)
1386961200,Dec 13 2013 - 7:00pm,complete,16736,Troyes,Le Havre,Floris Aubin,17,2.00,0.75,1.84,1.05,0,1,1,0,0,0,"","58",9,2,1,0,1,0,1,0,1,0,14,5,7,3,7,2,15,15,50,50,0.00,0.00,0.00,0.00,2.69,50,69,51,32,13,38,76,38,63,8.69,3.88,0.00,0.00,0.00,0.00,0.00,0.00,0.00,0.00,0.00,Stade de l'Aube (Troyes)
1387026000,Dec 14 2013 - 1:00pm,complete,10668,Angers SCO,Lens,Stéphane Jochem,17,2.29,0.88,1.63,1.58,1,2,3,1,0,1,"48","15,57",8,6,3,0,1,0,1,2,0,1,13,8,8,5,5,3,11,19,50,50,0.00,0.00,0.00,0.00,2.37,46,73,26,19,7,26,67,46,60,11.14,3.68,0.00,0.00,0.00,0.00,0.00,0.00,0.00,0.00,0.00,Stade Raymond-Kopa (Angers)
1387222200,Dec 16 2013 - 7:30pm,complete,7399,Dijon,Clermont,Johan Hamel,17,2.13,1.14,2.05,0.84,1,0,1,0,0,0,"66","",2,5,4,0,1,0,1,3,0,1,10,12,5,8,5,4,18,11,50,50,0.00,0.00,0.00,0.00,2.13,40,60,34,20,7,41,73,26,66,12.08,4.02,0.00,0.00,0.00,0.00,0.00,0.00,0.00,0.00,0.00,Stade Gaston-Gérard (Dijon)
1387482300,Dec 19 2013 - 7:45pm,complete,30171,Lens,Istres,Sébastien Moreira,18,2.75,0.25,1.84,0.53,1,2,3,0,0,0,"55","53,69",6,1,2,0,2,0,1,1,0,2,8,11,4,4,4,7,17,8,50,50,0.00,0.00,0.00,0.00,2.82,50,76,51,44,13,44,63,38,88,9.68,3.25,0.00,0.00,0.00,0.00,0.00,0.00,0.00,0.00,0.00,Stade Bollaert-Delelis (Lens)
1387566000,Dec 20 2013 - 7:00pm,complete,N/A,Caen,Brest,Florent Batta,18,2.00,1.00,2.00,1.26,0,0,0,0,0,0,"","",5,5,1,0,2,0,0,1,0,2,14,13,10,6,4,7,16,15,50,50,0.00,0.00,0.00,0.00,2.44,47,66,48,25,6,37,60,42,78,9.64,3.61,0.00,0.00,0.00,0.00,0.00,0.00,0.00,0.00,0.00,Stade Michel d'Ornano (Caen)
1387566000,Dec 20 2013 - 7:00pm,complete,5631,Châteauroux,Dijon,William Lavis,18,1.75,1.00,1.63,0.95,3,1,4,1,1,0,"27,88,90'1","89",2,6,2,0,3,0,0,2,1,2,3,9,0,0,3,9,12,15,50,50,0.00,0.00,0.00,0.00,2.38,32,75,44,32,7,26,75,38,69,10.49,2.50,0.00,0.00,0.00,0.00,0.00,0.00,0.00,0.00,0.00,Stade Gaston Petit (Châteauroux)
1387566000,Dec 20 2013 - 7:00pm,complete,3624,Clermont,CA Bastia,Didier Falcone,18,1.89,0.56,1.53,0.47,2,0,2,1,1,0,"23,82","",7,3,0,0,2,0,0,0,0,2,9,6,6,4,3,2,9,17,50,50,0.00,0.00,0.00,0.00,1.89,33,56,28,11,6,22,50,28,56,9.74,3.78,0.00,0.00,0.00,0.00,0.00,0.00,0.00,0.00,0.00,Stade Gabriel Montpied (Clermont-Ferrand)
1387566000,Dec 20 2013 - 7:00pm,complete,8186,Le Havre,Auxerre,Sylvain Palhies,18,1.38,0.38,1.47,0.63,2,0,2,2,2,0,"13,43","",4,5,2,0,2,0,0,2,1,1,5,10,3,4,2,6,16,21,50,50,0.00,0.00,0.00,0.00,2.32,44,63,32,19,13,19,57,38,69,10.43,3.26,0.00,0.00,0.00,0.00,0.00,0.00,0.00,0.00,0.00,Stade Océane (Le Havre)
1387566000,Dec 20 2013 - 7:00pm,complete,14021,Nancy,Laval,Jean-Charles Cailleux,18,1.89,0.78,1.84,0.63,2,1,3,1,1,0,"34,73","68",3,8,3,0,2,0,0,3,0,2,14,17,3,5,11,12,15,13,50,50,0.00,0.00,0.00,0.00,1.89,28,50,28,11,11,17,67,33,56,9.03,4.97,0.00,0.00,0.00,0.00,0.00,0.00,0.00,0.00,0.00,Stade Marcel-Picot (Tomblaine)
1387566000,Dec 20 2013 - 7:00pm,complete,4625,Nîmes,Angers SCO,Frank Schneider,18,1.33,1.44,1.47,1.26,0,2,2,2,0,2,"","14,16",3,2,0,0,1,0,0,0,1,0,11,7,8,0,3,7,7,20,50,50,0.00,0.00,0.00,0.00,3.00,78,78,56,39,28,50,73,50,73,9.96,3.23,0.00,0.00,0.00,0.00,0.00,0.00,0.00,0.00,0.00,Stade des Costières (Nîmes)
1387566000,Dec 20 2013 - 7:00pm,complete,3906,Niort,Créteil,Christian Guillard,18,1.56,1.13,1.95,1.16,2,1,3,1,1,0,"45'2,81","88",-1,-1,0,0,2,0,0,0,2,0,-1,-1,-1,-1,-1,-1,-1,-1,-1,-1,0.00,0.00,0.00,0.00,2.73,71,78,54,36,13,37,72,47,71,6.20,4.26,0.00,0.00,0.00,0.00,0.00,0.00,0.00,0.00,0.00,Stade René Gaillard (Niort)
1387630800,Dec 21 2013 - 1:00pm,complete,1833,Arles-Avignon,Tours,Yohann Rouinsard,18,2.00,1.44,1.84,1.00,1,0,1,0,0,0,"57","",3,5,0,0,2,0,0,0,0,2,8,6,3,4,5,2,15,8,50,50,0.00,0.00,0.00,0.00,2.43,53,75,46,23,12,29,69,41,76,10.60,3.83,0.00,0.00,0.00,0.00,0.00,0.00,0.00,0.00,0.00,Parc des Sports (Avignon)
1387630800,Dec 21 2013 - 1:00pm,complete,12913,Metz,Troyes,Tony Chapron,18,2.56,1.00,2.42,0.89,1,0,1,1,1,0,"36","",5,3,4,1,2,0,1,4,1,1,10,10,4,7,6,3,25,13,50,50,0.00,0.00,0.00,0.00,2.32,43,72,42,12,7,18,54,54,83,10.17,3.44,0.00,0.00,0.00,0.00,0.00,0.00,0.00,0.00,0.00,Stade Saint-Symphorien (Longeville-lès-Metz)
1389380400,Jan 10 2014 - 7:00pm,complete,4131,Auxerre,Arles-Avignon,Olivier Husset,19,2.33,0.67,1.63,0.58,1,1,2,2,1,1,"18","40",6,4,1,0,4,0,1,0,1,3,6,8,5,4,1,4,16,18,50,50,0.00,0.00,0.00,0.00,1.78,33,56,17,11,6,11,56,22,73,10.89,4.44,0.00,0.00,0.00,0.00,0.00,0.00,0.00,0.00,0.00,Stade de l'Abbé Deschamps (Auxerre)
1389380400,Jan 10 2014 - 7:00pm,complete,1513,CA Bastia,Niort,Hakim Ben El Hadj,19,0.50,0.75,0.79,1.11,0,3,3,0,0,0,"","52,84,90'2",2,6,1,0,1,0,0,1,0,1,4,12,3,5,1,7,20,18,50,50,0.00,0.00,0.00,0.00,2.38,57,82,38,19,7,19,57,69,82,7.88,4.88,0.00,0.00,0.00,0.00,0.00,0.00,0.00,0.00,0.00,Stade Armand-Césari (Furiani)
1389380400,Jan 10 2014 - 7:00pm,complete,7342,Dijon,Istres,Jérôme Miguelgorry,19,2.22,0.56,2.05,0.53,4,1,5,2,2,0,"9,19,48,66","82",6,3,2,0,1,0,1,1,1,0,17,9,9,5,8,4,9,11,50,50,0.00,0.00,0.00,0.00,2.61,50,73,50,39,0,33,67,45,84,8.73,4.11,0.00,0.00,0.00,0.00,0.00,0.00,0.00,0.00,0.00,Stade Gaston-Gérard (Dijon)
1389380400,Jan 10 2014 - 7:00pm,complete,5163,Laval,Nîmes,Alexandre Perreau Niel,19,1.50,0.38,1.58,0.84,1,3,4,2,1,1,"6","19,67,90'3",-1,-1,1,0,1,0,1,0,0,1,-1,-1,-1,-1,-1,-1,-1,-1,-1,-1,0.00,0.00,0.00,0.00,3.26,82,88,63,44,19,32,76,69,94,12.00,4.88,0.00,0.00,0.00,0.00,0.00,0.00,0.00,0.00,0.00,Stade Francis Le Basser (Laval)
1389380400,Jan 10 2014 - 7:00pm,complete,7851,Le Havre,Metz,Olivier Thual,19,1.56,1.63,1.47,1.58,2,2,4,2,1,1,"34,71","45,80",6,5,2,1,2,0,0,3,1,1,8,7,3,5,5,2,8,10,50,50,0.00,0.00,0.00,0.00,2.85,47,72,48,30,25,42,60,60,72,10.13,3.47,0.00,0.00,0.00,0.00,0.00,0.00,0.00,0.00,0.00,Stade Océane (Le Havre)
1389380400,Jan 10 2014 - 7:00pm,complete,5530,Tours,Caen,Johan Hamel,19,2.00,1.11,1.89,1.37,2,1,3,1,1,0,"42,56","75",4,5,2,0,1,0,0,2,0,1,7,8,6,4,1,4,11,13,50,50,0.00,0.00,0.00,0.00,3.64,89,100,76,54,23,71,89,47,89,10.24,4.04,0.00,0.00,0.00,0.00,0.00,0.00,0.00,0.00,0.00,Stade de la Vallée du Cher (Tours)
1389380400,Jan 10 2014 - 7:00pm,complete,7221,Troyes,Clermont,Mickaël Leleu,19,1.78,1.00,1.84,0.84,2,2,4,1,0,1,"73,90'2","35,89",5,4,2,0,2,0,0,2,0,2,15,11,2,5,13,6,13,13,50,50,0.00,0.00,0.00,0.00,2.44,35,59,41,18,18,36,71,23,65,11.46,3.78,0.00,0.00,0.00,0.00,0.00,0.00,0.00,0.00,0.00,Stade de l'Aube (Troyes)
1389445200,Jan 11 2014 - 1:00pm,complete,7290,Angers SCO,Nancy,Lionel Jaffredo,19,2.00,1.25,1.63,1.37,1,1,2,1,1,0,"35","69",1,6,1,0,1,0,1,0,1,0,6,16,2,7,4,9,16,14,50,50,0.00,0.00,0.00,0.00,2.13,51,75,38,7,0,19,69,38,69,9.63,4.26,0.00,0.00,0.00,0.00,0.00,0.00,0.00,0.00,0.00,Stade Raymond-Kopa (Angers)
1389445200,Jan 11 2014 - 1:00pm,complete,2035,Créteil,Châteauroux,Floris Aubin,19,1.44,0.22,1.47,0.47,3,2,5,3,1,2,"7,72,76","35,43",7,6,2,0,2,0,1,1,0,2,13,3,4,2,9,1,18,11,50,50,0.00,0.00,0.00,0.00,2.61,50,84,50,28,6,22,78,45,78,9.20,3.89,0.00,0.00,0.00,0.00,0.00,0.00,0.00,0.00,0.00,Stade Dominique Duvauchelle (Créteil)
1389641400,Jan 13 2014 - 7:30pm,complete,6846,Brest,Lens,Abdelali Chaoui,19,1.13,1.11,1.68,1.58,0,1,1,1,0,1,"","11",11,7,4,0,2,0,2,2,0,2,19,13,7,5,12,8,16,22,50,50,0.00,0.00,0.00,0.00,2.51,59,77,41,23,6,29,71,53,65,8.44,4.74,0.00,0.00,0.00,0.00,0.00,0.00,0.00,0.00,0.00,Stade Francis-Le Blé (Brest)
1389985200,Jan 17 2014 - 7:00pm,complete,N/A,Caen,Laval,Sébastien Moreira,20,1.89,0.70,2.00,0.63,2,1,3,2,1,1,"14,67","38",2,2,1,0,2,0,0,1,0,2,9,9,5,3,4,6,16,14,50,50,0.00,0.00,0.00,0.00,2.23,37,69,43,17,0,33,64,42,79,11.04,5.00,0.00,0.00,0.00,0.00,0.00,0.00,0.00,0.00,0.00,Stade Michel d'Ornano (Caen)
1389985200,Jan 17 2014 - 7:00pm,complete,4264,Châteauroux,Angers SCO,Didier Falcone,20,1.89,1.60,1.63,1.26,0,1,1,0,0,0,"","56",6,2,1,0,1,0,0,1,0,1,5,6,0,2,5,4,12,16,50,50,0.00,0.00,0.00,0.00,3.22,52,90,59,42,21,47,80,58,85,10.10,3.06,0.00,0.00,0.00,0.00,0.00,0.00,0.00,0.00,0.00,Stade Gaston Petit (Châteauroux)
1389985200,Jan 17 2014 - 7:00pm,complete,3082,Clermont,Le Havre,Mikael Lesage,20,2.00,1.00,1.53,1.05,0,1,1,1,0,1,"","14",3,3,3,0,0,0,1,2,0,0,9,5,5,2,4,3,10,12,50,50,0.00,0.00,0.00,0.00,1.85,42,58,32,22,0,27,43,32,69,9.37,3.79,0.00,0.00,0.00,0.00,0.00,0.00,0.00,0.00,0.00,Stade Gabriel Montpied (Clermont-Ferrand)
1389985200,Jan 17 2014 - 7:00pm,complete,2136,Istres,Brest,Sylvain Palhies,20,1.33,1.00,1.37,1.26,3,1,4,1,1,0,"35,62,74","48",-1,-1,1,0,1,0,0,1,1,0,-1,-1,-1,-1,-1,-1,-1,-1,-1,-1,0.00,0.00,0.00,0.00,2.29,48,59,37,16,16,27,59,37,64,10.60,3.88,0.00,0.00,0.00,0.00,0.00,0.00,0.00,0.00,0.00,Stade Parsemain (Fos-sur-Mer)
1389985200,Jan 17 2014 - 7:00pm,complete,14102,Nancy,CA Bastia,Frank Schneider,20,2.00,0.50,1.84,0.47,0,1,1,0,0,0,"","72",8,4,0,1,2,1,0,1,0,3,22,9,11,4,11,5,7,16,50,50,0.00,0.00,0.00,0.00,2.10,30,55,30,15,15,20,80,30,45,8.19,3.10,0.00,0.00,0.00,0.00,0.00,0.00,0.00,0.00,0.00,Stade Marcel-Picot (Tomblaine)
1389985200,Jan 17 2014 - 7:00pm,complete,5022,Nîmes,Auxerre,Jean-Charles Cailleux,20,1.20,0.33,1.47,0.63,2,2,4,2,1,1,"33,51","21,88",5,4,0,0,0,0,0,0,0,0,14,4,11,0,3,4,8,9,50,50,0.00,0.00,0.00,0.00,2.41,52,79,36,21,16,36,79,26,64,9.63,3.61,0.00,0.00,0.00,0.00,0.00,0.00,0.00,0.00,0.00,Stade des Costières (Nîmes)
1389985200,Jan 17 2014 - 7:00pm,complete,4556,Niort,Tours,Florent Batta,20,1.70,1.30,1.95,1.00,3,2,5,2,2,0,"37,43,75","62,90'3",1,3,1,0,2,0,0,1,0,2,8,8,3,5,5,3,15,16,50,50,0.00,0.00,0.00,0.00,2.70,65,80,60,30,5,20,75,50,80,8.11,4.19,0.00,0.00,0.00,0.00,0.00,0.00,0.00,0.00,0.00,Stade René Gaillard (Niort)
1390050000,Jan 18 2014 - 1:00pm,complete,2071,Arles-Avignon,Troyes,Christian Guillard,20,2.11,0.89,1.84,0.89,3,0,3,1,1,0,"42,66,73","",-1,-1,2,1,2,0,1,2,1,1,-1,-1,-1,-1,-1,-1,-1,-1,-1,-1,0.00,0.00,0.00,0.00,2.00,45,61,28,11,11,22,50,39,73,10.43,3.22,0.00,0.00,0.00,0.00,0.00,0.00,0.00,0.00,0.00,Parc des Sports (Avignon)
1390050000,Jan 18 2014 - 1:00pm,complete,25051,Lens,Dijon,Yohann Rouinsard,20,2.44,0.89,1.84,0.95,2,2,4,3,1,2,"25,84","4,6",6,3,1,0,5,1,1,0,2,4,9,5,2,4,7,1,8,14,50,50,0.00,0.00,0.00,0.00,2.17,50,62,39,28,11,28,50,33,67,10.89,2.55,0.00,0.00,0.00,0.00,0.00,0.00,0.00,0.00,0.00,Stade Bollaert-Delelis (Lens)
1390246200,Jan 20 2014 - 7:30pm,complete,9168,Metz,Créteil,Nicolas Rainville,20,2.60,1.00,2.42,1.16,1,1,2,0,0,0,"46","53",5,4,2,1,1,1,1,2,0,2,11,10,4,6,7,4,13,10,50,50,0.00,0.00,0.00,0.00,2.51,49,70,49,22,11,33,70,48,74,7.64,4.11,0.00,0.00,0.00,0.00,0.00,0.00,0.00,0.00,0.00,Stade Saint-Symphorien (Longeville-lès-Metz)
1390590000,Jan 24 2014 - 7:00pm,complete,2817,Arles-Avignon,Metz,Hakim Ben El Hadj,21,2.20,1.56,1.84,1.58,1,0,1,0,0,0,"80","",7,3,1,0,1,1,1,0,0,2,26,15,14,8,12,7,18,15,50,50,0.00,0.00,0.00,0.00,2.52,43,70,44,27,22,38,54,54,80,11.00,3.82,0.00,0.00,0.00,0.00,0.00,0.00,0.00,0.00,0.00,Parc des Sports (Avignon)
1390590000,Jan 24 2014 - 7:00pm,complete,6013,Brest,Nancy,Sébastien Desiage,21,1.00,1.22,1.68,1.37,0,0,0,0,0,0,"","",-1,-1,0,0,1,0,0,0,0,1,-1,-1,-1,-1,-1,-1,-1,-1,-1,-1,0.00,0.00,0.00,0.00,2.11,56,73,39,11,0,22,73,33,67,8.81,5.22,0.00,0.00,0.00,0.00,0.00,0.00,0.00,0.00,0.00,Stade Francis-Le Blé (Brest)
1390590000,Jan 24 2014 - 7:00pm,complete,1021,CA Bastia,Istres,Benoît Bastien,21,0.44,0.50,0.79,0.53,2,2,4,2,1,1,"10,81","33,52",8,8,1,0,0,0,1,0,0,0,15,13,12,8,3,5,12,11,50,50,0.00,0.00,0.00,0.00,2.82,58,84,57,36,11,26,57,64,84,8.07,4.22,0.00,0.00,0.00,0.00,0.00,0.00,0.00,0.00,0.00,Stade Armand-Césari (Furiani)
1390590000,Jan 24 2014 - 7:00pm,complete,2508,Créteil,Caen,Olivier Husset,21,1.60,1.00,1.47,1.37,1,2,3,3,1,2,"4","15,38",-1,-1,2,0,2,0,1,1,1,1,-1,-1,-1,-1,-1,-1,-1,-1,-1,-1,0.00,0.00,0.00,0.00,3.40,80,95,80,40,25,45,85,55,90,12.16,4.20,0.00,0.00,0.00,0.00,0.00,0.00,0.00,0.00,0.00,Stade Dominique Duvauchelle (Créteil)
1390590000,Jan 24 2014 - 7:00pm,complete,3778,Laval,Clermont,Abdelali Chaoui,21,1.33,1.00,1.58,0.84,0,0,0,0,0,0,"","",7,3,3,0,2,0,0,3,1,1,13,5,5,2,8,3,17,20,50,50,0.00,0.00,0.00,0.00,2.89,61,78,56,39,17,39,78,50,84,10.50,4.44,0.00,0.00,0.00,0.00,0.00,0.00,0.00,0.00,0.00,Stade Francis Le Basser (Laval)
1390590000,Jan 24 2014 - 7:00pm,complete,6013,Le Havre,Niort,Mickaël Leleu,21,1.50,1.00,1.47,1.11,1,2,3,1,0,1,"60","35,69",2,3,2,0,0,0,0,2,0,0,6,4,3,0,3,4,20,25,50,50,0.00,0.00,0.00,0.00,2.58,47,75,42,26,5,31,58,64,75,8.62,3.72,0.00,0.00,0.00,0.00,0.00,0.00,0.00,0.00,0.00,Stade Océane (Le Havre)
1390590000,Jan 24 2014 - 7:00pm,complete,6903,Troyes,Nîmes,Jérôme Miguelgorry,21,1.70,0.67,1.84,0.84,2,1,3,1,1,0,"8,65","85",5,2,2,0,2,1,2,0,1,2,21,8,7,2,14,6,15,13,50,50,0.00,0.00,0.00,0.00,3.05,64,74,58,37,16,32,74,54,80,12.67,3.91,0.00,0.00,0.00,0.00,0.00,0.00,0.00,0.00,0.00,Stade de l'Aube (Troyes)
1390654800,Jan 25 2014 - 1:00pm,complete,6718,Tours,Châteauroux,Alexandre Perreau Niel,21,2.11,0.20,1.89,0.47,5,2,7,3,2,1,"35,37,68,85,88","9,76",2,4,1,0,2,0,0,1,2,0,7,4,2,3,5,1,11,15,50,50,0.00,0.00,0.00,0.00,3.02,65,90,54,43,11,49,85,48,80,7.63,3.65,0.00,0.00,0.00,0.00,0.00,0.00,0.00,0.00,0.00,Stade de la Vallée du Cher (Tours)
1390849200,Jan 27 2014 - 7:00pm,complete,6786,Angers SCO,Dijon,Floris Aubin,21,1.89,0.90,1.63,0.95,0,0,0,0,0,0,"","",6,1,2,0,1,0,0,2,0,1,10,3,4,0,6,3,13,8,50,50,0.00,0.00,0.00,0.00,2.00,47,69,31,20,0,16,69,32,59,10.56,3.26,0.00,0.00,0.00,0.00,0.00,0.00,0.00,0.00,0.00,Stade Raymond-Kopa (Angers)
1390851000,Jan 27 2014 - 7:30pm,complete,5695,Auxerre,Lens,Johan Hamel,21,2.20,1.30,1.63,1.58,1,2,3,2,1,1,"45'2","43,89",7,10,3,0,1,0,1,2,0,1,16,9,8,8,8,1,9,10,50,50,0.00,0.00,0.00,0.00,2.45,50,75,30,25,10,25,65,50,65,10.68,4.20,0.00,0.00,0.00,0.00,0.00,0.00,0.00,0.00,0.00,Stade de l'Abbé Deschamps (Auxerre)
1391194800,Jan 31 2014 - 7:00pm,complete,8201,Angers SCO,CA Bastia,Sylvain Palhies,22,1.80,0.73,1.63,0.47,1,0,1,0,0,0,"88","",8,5,1,0,2,0,0,1,0,2,12,4,3,2,9,2,16,14,50,50,0.00,0.00,0.00,0.00,1.90,29,63,19,5,5,14,72,24,58,9.40,3.51,0.00,0.00,0.00,0.00,0.00,0.00,0.00,0.00,0.00,Stade Raymond-Kopa (Angers)
1391194800,Jan 31 2014 - 7:00pm,complete,N/A,Caen,Troyes,Florent Batta,22,2.00,0.80,2.00,0.89,1,1,2,1,0,1,"86","41",5,6,2,0,2,0,0,2,1,1,5,10,3,7,2,3,25,10,50,50,0.00,0.00,0.00,0.00,2.55,50,80,55,20,5,40,70,50,80,10.33,3.30,0.00,0.00,0.00,0.00,0.00,0.00,0.00,0.00,0.00,Stade Michel d'Ornano (Caen)
1391194800,Jan 31 2014 - 7:00pm,complete,5268,Châteauroux,Auxerre,Christian Guillard,22,1.70,0.40,1.63,0.63,2,0,2,0,0,0,"61,74","",5,4,1,0,3,0,0,1,0,3,7,6,3,0,4,6,10,19,50,50,0.00,0.00,0.00,0.00,2.70,35,85,45,30,10,30,80,40,85,10.30,3.40,0.00,0.00,0.00,0.00,0.00,0.00,0.00,0.00,0.00,Stade Gaston Petit (Châteauroux)
1391194800,Jan 31 2014 - 7:00pm,complete,2916,Clermont,Arles-Avignon,Frank Schneider,22,1.82,0.70,1.53,0.58,1,1,2,0,0,0,"68","70",5,11,0,0,2,0,0,0,1,1,12,10,7,7,5,3,11,18,50,50,0.00,0.00,0.00,0.00,1.52,38,48,19,5,0,19,48,14,62,11.24,4.40,0.00,0.00,0.00,0.00,0.00,0.00,0.00,0.00,0.00,Stade Gabriel Montpied (Clermont-Ferrand)
1391194800,Jan 31 2014 - 7:00pm,complete,8105,Dijon,Brest,Mickaël Leleu,22,2.30,0.91,2.05,1.26,3,0,3,2,2,0,"24,35,60","",5,7,1,0,2,0,0,1,1,1,10,15,4,9,6,6,17,11,50,50,0.00,0.00,0.00,0.00,2.20,48,53,38,24,10,25,58,38,72,8.88,4.10,0.00,0.00,0.00,0.00,0.00,0.00,0.00,0.00,0.00,Stade Gaston-Gérard (Dijon)
1391194800,Jan 31 2014 - 7:00pm,complete,2451,Istres,Créteil,Yohann Rouinsard,22,1.50,1.00,1.37,1.16,3,2,5,2,1,1,"28,56,79","3,52",7,3,1,0,0,0,0,1,0,0,12,8,7,3,5,5,10,11,50,50,0.00,0.00,0.00,0.00,2.95,70,85,55,30,20,45,80,55,75,9.72,3.90,0.00,0.00,0.00,0.00,0.00,0.00,0.00,0.00,0.00,Stade Parsemain (Fos-sur-Mer)
1391194800,Jan 31 2014 - 7:00pm,complete,4487,Nîmes,Tours,William Lavis,22,1.18,1.18,1.47,1.00,3,0,3,1,1,0,"27,83,90'1","",4,5,1,0,1,0,0,1,0,1,12,11,6,6,6,5,16,14,50,50,0.00,0.00,0.00,0.00,3.00,69,87,64,36,18,46,91,46,78,8.55,3.63,0.00,0.00,0.00,0.00,0.00,0.00,0.00,0.00,0.00,Stade des Costières (Nîmes)
1391194800,Jan 31 2014 - 7:00pm,complete,5046,Niort,Metz,Alexandre Castro,22,1.82,1.40,1.95,1.58,2,0,2,0,0,0,"77,90'1","",1,3,1,0,1,0,0,1,1,0,5,8,4,4,1,4,20,16,50,50,0.00,0.00,0.00,0.00,2.87,62,77,58,38,20,34,62,63,82,8.05,4.10,0.00,0.00,0.00,0.00,0.00,0.00,0.00,0.00,0.00,Stade René Gaillard (Niort)
1391259600,Feb 01 2014 - 1:00pm,complete,27511,Lens,Laval,Didier Falcone,22,2.30,0.64,1.84,0.63,0,0,0,0,0,0,"","",6,3,2,0,2,0,1,1,1,1,16,12,11,5,5,7,13,11,50,50,0.00,0.00,0.00,0.00,2.35,48,67,43,15,10,34,57,33,86,10.28,4.70,0.00,0.00,0.00,0.00,0.00,0.00,0.00,0.00,0.00,Stade Bollaert-Delelis (Lens)
1391455800,Feb 03 2014 - 7:30pm,complete,13314,Nancy,Le Havre,Sébastien Moreira,22,1.82,1.20,1.84,1.05,3,2,5,3,2,1,"17,35,79","33,47",-1,-1,1,0,1,0,1,0,0,1,-1,-1,-1,-1,-1,-1,-1,-1,-1,-1,0.00,0.00,0.00,0.00,1.95,38,48,33,24,9,24,67,33,53,8.14,3.15,0.00,0.00,0.00,0.00,0.00,0.00,0.00,0.00,0.00,Stade Marcel-Picot (Tomblaine)
1391799600,Feb 07 2014 - 7:00pm,complete,2321,Arles-Avignon,Niort,Abdelali Chaoui,23,2.27,1.20,1.84,1.11,0,0,0,0,0,0,"","",7,1,2,0,1,0,0,2,0,1,11,13,5,3,6,10,13,15,50,50,0.00,0.00,0.00,0.00,2.12,39,68,34,15,5,19,48,54,82,9.47,3.55,0.00,0.00,0.00,0.00,0.00,0.00,0.00,0.00,0.00,Parc des Sports (Avignon)
1391799600,Feb 07 2014 - 7:00pm,complete,3925,Auxerre,Istres,Hakim Ben El Hadj,23,2.00,0.55,1.63,0.53,1,0,1,0,0,0,"70","",5,3,4,0,1,1,1,3,2,0,14,13,7,8,7,5,24,11,50,50,0.00,0.00,0.00,0.00,2.82,55,87,50,41,9,36,69,50,82,9.44,3.88,0.00,0.00,0.00,0.00,0.00,0.00,0.00,0.00,0.00,Stade de l'Abbé Deschamps (Auxerre)
1391799600,Feb 07 2014 - 7:00pm,complete,1042,CA Bastia,Châteauroux,William Lavis,23,0.50,0.18,0.79,0.47,1,4,5,1,1,0,"28","54,60,82,83",6,2,2,0,2,0,0,2,0,2,14,8,10,7,4,1,17,9,50,50,0.00,0.00,0.00,0.00,2.75,53,81,48,28,14,28,66,58,77,8.99,4.11,0.00,0.00,0.00,0.00,0.00,0.00,0.00,0.00,0.00,Stade Armand-Césari (Furiani)
1391799600,Feb 07 2014 - 7:00pm,complete,2069,Créteil,Clermont,Alexandre Perreau Niel,23,1.45,1.00,1.47,0.84,2,0,2,2,2,0,"11,17","",1,5,1,0,1,0,0,1,0,1,12,10,5,3,7,7,13,19,50,50,0.00,0.00,0.00,0.00,2.50,52,71,52,28,14,33,71,38,71,11.00,4.00,0.00,0.00,0.00,0.00,0.00,0.00,0.00,0.00,0.00,Stade Dominique Duvauchelle (Créteil)
1391799600,Feb 07 2014 - 7:00pm,complete,4026,Laval,Dijon,Johan Hamel,23,1.30,0.91,1.58,0.95,0,0,0,0,0,0,"","",9,2,1,0,4,0,0,1,1,3,14,6,7,3,7,3,16,21,50,50,0.00,0.00,0.00,0.00,2.56,63,73,53,43,10,29,68,49,68,10.40,4.14,0.00,0.00,0.00,0.00,0.00,0.00,0.00,0.00,0.00,Stade Francis Le Basser (Laval)
1391799600,Feb 07 2014 - 7:00pm,complete,5880,Le Havre,Nîmes,Floris Aubin,23,1.36,0.60,1.47,0.84,0,1,1,0,0,0,"","55",5,3,1,0,1,0,1,0,0,1,7,9,5,0,2,9,21,10,50,50,0.00,0.00,0.00,0.00,2.82,68,72,53,34,10,33,67,63,77,11.07,3.85,0.00,0.00,0.00,0.00,0.00,0.00,0.00,0.00,0.00,Stade Océane (Le Havre)
1391799600,Feb 07 2014 - 7:00pm,complete,N/A,Metz,Caen,Wilfried Bien,23,2.45,1.18,2.42,1.37,2,1,3,2,1,1,"2,55","17",5,4,2,0,0,0,1,1,0,0,10,12,3,5,7,7,16,16,50,50,0.00,0.00,0.00,0.00,2.78,59,78,59,23,14,37,68,45,78,11.78,4.36,0.00,0.00,0.00,0.00,0.00,0.00,0.00,0.00,0.00,Stade Saint-Symphorien (Longeville-lès-Metz)
1391864400,Feb 08 2014 - 1:00pm,complete,8875,Troyes,Lens,Olivier Husset,23,1.82,1.45,1.84,1.58,1,0,1,0,0,0,"88","",9,3,2,0,4,1,0,2,0,5,15,9,5,5,10,4,14,19,50,50,0.00,0.00,0.00,0.00,2.91,60,73,55,27,14,32,78,50,69,11.33,3.82,0.00,0.00,0.00,0.00,0.00,0.00,0.00,0.00,0.00,Stade de l'Aube (Troyes)
1392060600,Feb 10 2014 - 7:30pm,complete,5616,Tours,Nancy,Laurent Duhamel,23,2.20,1.20,1.89,1.37,1,3,4,1,1,0,"22","54,64,67",6,5,2,0,1,0,1,1,0,1,11,11,5,4,6,7,12,18,50,50,0.00,0.00,0.00,0.00,2.90,75,85,55,35,10,45,75,45,80,6.96,3.97,0.00,0.00,0.00,0.00,0.00,0.00,0.00,0.00,0.00,Stade de la Vallée du Cher (Tours)
1392404400,Feb 14 2014 - 7:00pm,complete,N/A,Caen,Arles-Avignon,Mickaël Leleu,24,1.91,0.73,2.00,0.58,1,0,1,1,1,0,"9","",2,4,1,0,2,0,0,1,0,2,8,9,5,4,3,5,28,18,50,50,0.00,0.00,0.00,0.00,2.00,50,64,32,14,0,37,64,23,73,11.96,3.81,0.00,0.00,0.00,0.00,0.00,0.00,0.00,0.00,0.00,Stade Michel d'Ornano (Caen)
1392404400,Feb 14 2014 - 7:00pm,complete,5198,Châteauroux,Troyes,Stéphane Jochem,24,1.82,0.82,1.63,0.89,2,1,3,1,1,0,"19,86","90",5,10,1,0,1,0,1,0,1,0,3,7,2,0,1,7,13,10,50,50,0.00,0.00,0.00,0.00,2.73,41,87,50,23,9,23,78,55,91,9.90,3.36,0.00,0.00,0.00,0.00,0.00,0.00,0.00,0.00,0.00,Stade Gaston Petit (Châteauroux)
1392404400,Feb 14 2014 - 7:00pm,complete,2890,Clermont,Niort,Yohann Rouinsard,24,1.75,1.18,1.53,1.11,0,1,1,1,0,1,"","42",2,5,1,0,4,0,1,0,1,3,7,10,0,4,7,6,11,20,50,50,0.00,0.00,0.00,0.00,2.02,44,70,35,13,0,18,44,53,75,8.83,3.74,0.00,0.00,0.00,0.00,0.00,0.00,0.00,0.00,0.00,Stade Gabriel Montpied (Clermont-Ferrand)
1392404400,Feb 14 2014 - 7:00pm,complete,7459,Dijon,CA Bastia,Christian Guillard,24,2.36,0.67,2.05,0.47,3,0,3,1,1,0,"18,72,89","",4,1,1,0,3,0,0,1,1,2,9,13,4,5,5,8,10,19,50,50,0.00,0.00,0.00,0.00,2.19,31,57,31,18,9,31,70,27,70,9.16,3.92,0.00,0.00,0.00,0.00,0.00,0.00,0.00,0.00,0.00,Stade Gaston-Gérard (Dijon)
1392404400,Feb 14 2014 - 7:00pm,complete,2416,Istres,Tours,Frank Schneider,24,1.64,1.08,1.37,1.00,1,0,1,1,1,0,"43","",7,3,0,0,0,0,0,0,0,0,8,12,3,9,5,3,14,16,50,50,0.00,0.00,0.00,0.00,3.13,61,87,65,35,22,39,87,57,83,11.29,3.81,0.00,0.00,0.00,0.00,0.00,0.00,0.00,0.00,0.00,Stade Parsemain (Fos-sur-Mer)
1392404400,Feb 14 2014 - 7:00pm,complete,14124,Nancy,Créteil,Florent Batta,24,1.92,0.91,1.84,1.16,2,2,4,2,1,1,"45,76","23,55",-1,-1,3,0,3,0,2,1,1,2,-1,-1,-1,-1,-1,-1,-1,-1,-1,-1,0.00,0.00,0.00,0.00,2.72,62,71,53,31,26,40,79,53,66,7.57,3.42,0.00,0.00,0.00,0.00,0.00,0.00,0.00,0.00,0.00,Stade Marcel-Picot (Tomblaine)
1392404400,Feb 14 2014 - 7:00pm,complete,6262,Nîmes,Metz,Amaury Delerue,24,1.33,1.27,1.47,1.58,0,0,0,0,0,0,"","",7,2,1,1,1,0,1,1,0,1,8,9,4,6,4,3,8,19,50,50,0.00,0.00,0.00,0.00,2.92,56,83,57,35,22,48,74,58,79,9.14,3.51,0.00,0.00,0.00,0.00,0.00,0.00,0.00,0.00,0.00,Stade des Costières (Nîmes)
1392469200,Feb 15 2014 - 1:00pm,complete,9105,Angers SCO,Laval,Sébastien Moreira,24,1.91,0.67,1.63,0.63,1,1,2,2,1,1,"23","22",2,3,3,0,2,0,1,2,0,2,7,4,4,2,3,2,15,13,50,50,0.00,0.00,0.00,0.00,1.78,35,61,26,0,0,13,61,30,70,10.22,4.82,0.00,0.00,0.00,0.00,0.00,0.00,0.00,0.00,0.00,Stade Raymond-Kopa (Angers)
1392469200,Feb 15 2014 - 1:00pm,complete,5669,Brest,Auxerre,Didier Falcone,24,1.00,0.36,1.68,0.63,1,0,1,1,1,0,"33","",8,6,1,0,3,1,0,1,1,3,9,16,6,9,3,7,19,18,50,50,0.00,0.00,0.00,0.00,2.04,38,71,29,14,5,24,67,33,62,10.15,4.50,0.00,0.00,0.00,0.00,0.00,0.00,0.00,0.00,0.00,Stade Francis-Le Blé (Brest)
1392665400,Feb 17 2014 - 7:30pm,complete,30107,Lens,Le Havre,Benoît Millot,24,2.18,1.09,1.84,1.05,1,1,2,1,0,1,"90'4","20",10,4,2,1,1,0,0,3,0,1,8,6,4,3,4,3,7,13,50,50,0.00,0.00,0.00,0.00,2.32,50,60,41,32,14,41,55,32,73,9.05,3.00,0.00,0.00,0.00,0.00,0.00,0.00,0.00,0.00,0.00,Stade Bollaert-Delelis (Lens)
1393009200,Feb 21 2014 - 7:00pm,complete,3226,Arles-Avignon,Nîmes,Olivier Husset,25,2.17,0.82,1.84,0.84,1,1,2,1,0,1,"63","9",6,4,2,0,4,0,0,2,1,3,9,8,3,4,6,4,16,19,50,50,0.00,0.00,0.00,0.00,2.16,49,58,36,22,9,22,49,45,79,11.96,3.76,0.00,0.00,0.00,0.00,0.00,0.00,0.00,0.00,0.00,Parc des Sports (Avignon)
1393009200,Feb 21 2014 - 7:00pm,complete,4284,Auxerre,Angers SCO,Abdelali Chaoui,25,2.08,1.73,1.63,1.26,1,2,3,1,0,1,"86","41,55",4,4,2,1,2,0,2,1,0,2,9,7,5,5,4,2,7,16,50,50,0.00,0.00,0.00,0.00,2.54,53,74,35,27,18,40,57,44,74,10.06,3.78,0.00,0.00,0.00,0.00,0.00,0.00,0.00,0.00,0.00,Stade de l'Abbé Deschamps (Auxerre)
1393009200,Feb 21 2014 - 7:00pm,complete,4960,Laval,Istres,Alexandre Perreau Niel,25,1.27,0.50,1.58,0.53,3,4,7,5,3,2,"20,37,45","8,42,53,73",9,3,3,0,2,0,0,3,0,2,8,7,6,3,2,4,18,14,50,50,0.00,0.00,0.00,0.00,3.09,66,83,66,52,13,39,70,61,87,10.78,4.18,0.00,0.00,0.00,0.00,0.00,0.00,0.00,0.00,0.00,Stade Francis Le Basser (Laval)
1393009200,Feb 21 2014 - 7:00pm,complete,6154,Le Havre,Châteauroux,Jérôme Miguelgorry,25,1.25,0.42,1.47,0.47,0,0,0,0,0,0,"","",7,3,1,0,1,0,1,0,1,0,12,8,7,4,5,4,16,14,50,50,0.00,0.00,0.00,0.00,2.84,50,71,46,34,17,33,71,50,71,8.61,3.42,0.00,0.00,0.00,0.00,0.00,0.00,0.00,0.00,0.00,Stade Océane (Le Havre)
1393009200,Feb 21 2014 - 7:00pm,complete,5077,Niort,Caen,William Lavis,25,1.92,1.08,1.95,1.37,0,0,0,0,0,0,"","",9,4,0,0,0,0,0,0,0,0,10,6,6,5,4,1,5,13,50,50,0.00,0.00,0.00,0.00,3.08,80,88,71,33,17,42,75,50,79,8.91,3.73,0.00,0.00,0.00,0.00,0.00,0.00,0.00,0.00,0.00,Stade René Gaillard (Niort)
1393009200,Feb 21 2014 - 7:00pm,complete,4757,Tours,Dijon,Saïd Ennjimi,25,2.00,0.92,1.89,0.95,1,0,1,1,1,0,"40","",2,5,2,0,2,0,1,1,1,1,11,13,2,6,9,7,22,8,50,50,0.00,0.00,0.00,0.00,2.75,67,75,53,49,9,41,71,45,67,8.01,3.53,0.00,0.00,0.00,0.00,0.00,0.00,0.00,0.00,0.00,Stade de la Vallée du Cher (Tours)
1393009200,Feb 21 2014 - 7:00pm,complete,8542,Troyes,Nancy,Ruddy Buquet,25,1.92,1.36,1.84,1.37,2,0,2,1,1,0,"45'1,88","",5,7,0,0,1,0,0,0,1,0,13,11,6,0,7,11,14,16,50,50,0.00,0.00,0.00,0.00,2.55,57,70,52,22,9,22,70,39,74,9.61,4.01,0.00,0.00,0.00,0.00,0.00,0.00,0.00,0.00,0.00,Stade de l'Aube (Troyes)
1393074000,Feb 22 2014 - 1:00pm,complete,10305,Metz,Clermont,Johan Hamel,25,2.50,0.91,2.42,0.84,1,0,1,0,0,0,"76","",9,6,2,0,0,1,2,0,0,1,14,8,10,4,4,4,15,15,50,50,0.00,0.00,0.00,0.00,1.96,30,57,30,13,5,27,57,30,65,10.56,4.08,0.00,0.00,0.00,0.00,0.00,0.00,0.00,0.00,0.00,Stade Saint-Symphorien (Longeville-lès-Metz)
1393268400,Feb 24 2014 - 7:00pm,complete,1014,CA Bastia,Brest,Floris Aubin,25,0.45,0.83,0.79,1.26,0,1,1,0,0,0,"","63",3,4,2,0,1,0,0,2,0,1,9,6,5,4,4,2,11,22,50,50,0.00,0.00,0.00,0.00,2.41,53,66,49,22,13,18,53,53,75,8.96,4.18,0.00,0.00,0.00,0.00,0.00,0.00,0.00,0.00,0.00,Stade Armand-Césari (Furiani)
1393270200,Feb 24 2014 - 7:30pm,complete,5457,Créteil,Lens,Hakim Ben El Hadj,25,1.58,1.33,1.47,1.58,2,3,5,2,1,1,"18,90","11,48,81",2,2,1,0,2,0,0,1,1,1,12,9,6,2,6,7,14,16,50,50,0.00,0.00,0.00,0.00,2.79,63,80,55,29,13,38,75,50,71,10.80,4.25,0.00,0.00,0.00,0.00,0.00,0.00,0.00,0.00,0.00,Stade Dominique Duvauchelle (Créteil)
1393614000,Feb 28 2014 - 7:00pm,complete,6569,Angers SCO,Troyes,Laurent Duhamel,26,1.83,0.75,1.63,0.89,1,1,2,1,1,0,"5","54",8,9,2,0,0,0,1,1,0,0,8,12,5,7,3,5,24,8,50,50,0.00,0.00,0.00,0.00,2.13,50,75,34,4,4,17,71,42,71,10.89,3.50,0.00,0.00,0.00,0.00,0.00,0.00,0.00,0.00,0.00,Stade Raymond-Kopa (Angers)
1393614000,Feb 28 2014 - 7:00pm,complete,7840,Brest,Laval,Frank Schneider,26,1.18,0.69,1.68,0.63,2,1,3,1,0,1,"58,71","19",3,7,2,0,2,0,0,2,1,1,5,9,0,6,5,3,15,18,50,50,0.00,0.00,0.00,0.00,1.79,37,59,29,5,0,21,68,29,57,9.90,5.53,0.00,0.00,0.00,0.00,0.00,0.00,0.00,0.00,0.00,Stade Francis-Le Blé (Brest)
1393614000,Feb 28 2014 - 7:00pm,complete,983,CA Bastia,Auxerre,Mickaël Leleu,26,0.42,0.33,0.79,0.63,0,0,0,0,0,0,"","",1,3,1,0,1,0,0,1,0,1,7,15,5,8,2,7,21,23,50,50,0.00,0.00,0.00,0.00,2.38,46,75,38,21,13,21,59,50,75,10.00,4.42,0.00,0.00,0.00,0.00,0.00,0.00,0.00,0.00,0.00,Stade Armand-Césari (Furiani)
1393614000,Feb 28 2014 - 7:00pm,complete,N/A,Caen,Clermont,Jérôme Miguelgorry,26,2.00,0.83,2.00,0.84,2,1,3,1,0,1,"90,90'2","8",14,3,2,0,2,0,1,1,1,1,14,11,8,5,6,6,8,16,50,50,0.00,0.00,0.00,0.00,2.13,38,63,38,21,4,42,67,25,67,10.77,3.34,0.00,0.00,0.00,0.00,0.00,0.00,0.00,0.00,0.00,Stade Michel d'Ornano (Caen)
1393614000,Feb 28 2014 - 7:00pm,complete,5368,Châteauroux,Arles-Avignon,Sébastien Moreira,26,1.92,0.67,1.63,0.58,2,0,2,1,1,0,"13,86","",6,11,0,0,1,0,0,0,0,1,3,12,0,2,3,10,13,14,50,50,0.00,0.00,0.00,0.00,2.21,38,67,33,17,4,21,71,33,79,11.13,3.75,0.00,0.00,0.00,0.00,0.00,0.00,0.00,0.00,0.00,Stade Gaston Petit (Châteauroux)
1393614000,Feb 28 2014 - 7:00pm,complete,8130,Dijon,Créteil,Sylvain Palhies,26,2.42,0.92,2.05,1.16,2,2,4,3,1,2,"4,87","11,22",10,3,1,0,2,0,1,0,0,2,11,8,6,3,5,5,7,11,50,50,0.00,0.00,0.00,0.00,2.88,63,80,59,34,17,50,79,55,83,7.82,4.00,0.00,0.00,0.00,0.00,0.00,0.00,0.00,0.00,0.00,Stade Gaston-Gérard (Dijon)
1393614000,Feb 28 2014 - 7:00pm,complete,2086,Istres,Le Havre,Christian Guillard,26,1.75,1.08,1.37,1.05,0,1,1,1,0,1,"","37",3,4,1,0,1,0,0,1,0,1,16,7,5,4,11,3,14,20,50,50,0.00,0.00,0.00,0.00,2.55,54,67,42,33,17,38,75,42,67,10.43,3.08,0.00,0.00,0.00,0.00,0.00,0.00,0.00,0.00,0.00,Stade Parsemain (Fos-sur-Mer)
1393614000,Feb 28 2014 - 7:00pm,complete,5016,Nîmes,Niort,Florent Batta,26,1.31,1.33,1.47,1.11,4,1,5,3,2,1,"4,41,69,78","8",3,6,0,0,3,1,0,0,3,1,5,8,2,4,3,4,15,18,50,50,0.00,0.00,0.00,0.00,2.44,52,76,48,24,8,32,72,53,69,7.94,3.46,0.00,0.00,0.00,0.00,0.00,0.00,0.00,0.00,0.00,Stade des Costières (Nîmes)
1393678800,Mar 01 2014 - 1:00pm,complete,19028,Nancy,Metz,Nicolas Rainville,26,1.85,1.25,1.84,1.58,0,1,1,1,0,1,"","45'2",3,6,4,1,2,0,3,2,1,1,10,10,7,7,3,3,16,10,50,50,0.00,0.00,0.00,0.00,2.57,44,65,48,32,24,37,64,57,69,9.42,3.62,0.00,0.00,0.00,0.00,0.00,0.00,0.00,0.00,0.00,Stade Marcel-Picot (Tomblaine)
1393875000,Mar 03 2014 - 7:30pm,complete,35208,Lens,Tours,Mikael Lesage,26,2.08,1.00,1.84,1.00,2,2,4,2,0,2,"70,73","8,39",8,3,1,0,4,0,0,1,1,3,16,13,7,7,9,6,11,11,50,50,0.00,0.00,0.00,0.00,2.71,56,76,56,28,16,37,71,40,84,10.25,3.50,0.00,0.00,0.00,0.00,0.00,0.00,0.00,0.00,0.00,Stade Bollaert-Delelis (Lens)
1394218800,Mar 07 2014 - 7:00pm,complete,2407,Arles-Avignon,Nancy,Johan Hamel,27,2.08,1.25,1.84,1.37,1,2,3,1,0,1,"86","45'1,90'1",4,2,1,0,2,1,0,1,2,1,11,5,5,2,6,3,21,19,50,50,0.00,0.00,0.00,0.00,1.86,45,61,29,13,4,16,53,28,72,10.22,3.70,0.00,0.00,0.00,0.00,0.00,0.00,0.00,0.00,0.00,Parc des Sports (Avignon)
1394218800,Mar 07 2014 - 7:00pm,complete,6977,Auxerre,Dijon,Floris Aubin,27,1.92,0.85,1.63,0.95,2,2,4,1,0,1,"77,82","12,90",4,0,1,0,3,0,0,1,2,1,12,8,8,5,4,3,17,13,50,50,0.00,0.00,0.00,0.00,1.93,42,62,31,23,4,19,58,31,58,9.61,4.31,0.00,0.00,0.00,0.00,0.00,0.00,0.00,0.00,0.00,Stade de l'Abbé Deschamps (Auxerre)
1394218800,Mar 07 2014 - 7:00pm,complete,3751,Clermont,Nîmes,Hakim Ben El Hadj,27,1.62,0.83,1.53,0.84,1,0,1,1,1,0,"45","",7,4,1,0,2,0,0,1,0,2,14,8,6,2,8,6,17,12,50,50,0.00,0.00,0.00,0.00,2.19,57,65,37,21,4,20,53,45,77,11.04,4.10,0.00,0.00,0.00,0.00,0.00,0.00,0.00,0.00,0.00,Stade Gabriel Montpied (Clermont-Ferrand)
1394218800,Mar 07 2014 - 7:00pm,complete,2364,Créteil,Brest,William Lavis,27,1.46,1.00,1.47,1.26,0,0,0,0,0,0,"","",5,3,0,0,0,0,0,0,0,0,11,8,4,5,7,3,12,7,50,50,0.00,0.00,0.00,0.00,2.58,54,69,54,27,16,31,66,43,73,8.80,3.77,0.00,0.00,0.00,0.00,0.00,0.00,0.00,0.00,0.00,Stade Dominique Duvauchelle (Créteil)
1394218800,Mar 07 2014 - 7:00pm,complete,5056,Laval,CA Bastia,Clément Turpin,27,1.17,0.62,1.58,0.47,2,0,2,2,2,0,"2,26","",1,6,0,0,0,0,0,0,0,0,11,9,2,2,9,7,22,18,50,50,0.00,0.00,0.00,0.00,2.67,45,69,45,29,17,29,72,45,73,11.00,4.42,0.00,0.00,0.00,0.00,0.00,0.00,0.00,0.00,0.00,Stade Francis Le Basser (Laval)
1394218800,Mar 07 2014 - 7:00pm,complete,14325,Le Havre,Caen,Olivier Husset,27,1.23,1.08,1.47,1.37,1,1,2,2,1,1,"13","28",2,7,2,0,1,0,1,1,0,1,10,8,5,2,5,6,15,13,50,50,0.00,0.00,0.00,0.00,2.81,66,73,62,27,16,47,70,42,70,10.98,3.31,0.00,0.00,0.00,0.00,0.00,0.00,0.00,0.00,0.00,Stade Océane (Le Havre)
1394218800,Mar 07 2014 - 7:00pm,complete,4886,Niort,Châteauroux,Alexandre Perreau Niel,27,1.85,0.46,1.95,0.47,4,0,4,2,2,0,"5,28,55,84","",1,2,1,0,1,0,1,0,1,0,11,6,4,2,7,4,14,12,50,50,0.00,0.00,0.00,0.00,2.65,54,73,46,35,16,23,66,50,69,7.47,3.43,0.00,0.00,0.00,0.00,0.00,0.00,0.00,0.00,0.00,Stade René Gaillard (Niort)
1394218800,Mar 07 2014 - 7:00pm,complete,8338,Troyes,Istres,Abdelali Chaoui,27,2.00,0.69,1.84,0.53,4,1,5,3,2,1,"3,45,52,76","17",5,11,1,0,3,1,0,1,1,3,8,15,5,5,3,10,20,12,50,50,0.00,0.00,0.00,0.00,3.16,54,77,62,43,15,35,73,50,85,9.53,3.52,0.00,0.00,0.00,0.00,0.00,0.00,0.00,0.00,0.00,Stade de l'Aube (Troyes)
1394283600,Mar 08 2014 - 1:00pm,complete,20541,Metz,Lens,Fredy Fautrel,27,2.54,1.46,2.42,1.58,0,1,1,0,0,0,"","69",6,9,2,0,2,0,1,1,1,1,10,8,3,0,7,8,17,20,50,50,0.00,0.00,0.00,0.00,2.35,47,62,39,20,8,27,58,46,73,10.90,4.46,0.00,0.00,0.00,0.00,0.00,0.00,0.00,0.00,0.00,Stade Saint-Symphorien (Longeville-lès-Metz)
1394479800,Mar 10 2014 - 7:30pm,complete,13035,Tours,Angers SCO,Stéphane Jochem,27,2.08,1.83,1.89,1.26,2,0,2,0,0,0,"46,75","",5,3,2,0,2,1,0,2,1,2,13,5,3,3,10,2,14,12,50,50,0.00,0.00,0.00,0.00,3.25,75,84,59,46,21,54,75,58,79,8.07,3.23,0.00,0.00,0.00,0.00,0.00,0.00,0.00,0.00,0.00,Stade de la Vallée du Cher (Tours)
1394823600,Mar 14 2014 - 7:00pm,complete,6060,Brest,Tours,Sébastien Moreira,28,1.33,1.00,1.68,1.00,2,0,2,1,1,0,"36,57","",-1,-1,2,0,4,1,1,1,0,5,-1,-1,-1,-1,-1,-1,-1,-1,-1,-1,0.00,0.00,0.00,0.00,2.45,50,72,52,22,7,27,84,45,68,9.25,4.47,0.00,0.00,0.00,0.00,0.00,0.00,0.00,0.00,0.00,Stade Francis-Le Blé (Brest)
1394823600,Mar 14 2014 - 7:00pm,complete,819,CA Bastia,Troyes,Alexandre Perreau Niel,28,0.46,0.77,0.79,0.89,1,0,1,1,1,0,"3","",2,4,3,0,0,0,3,0,0,0,10,13,4,9,6,4,19,15,50,50,0.00,0.00,0.00,0.00,2.42,58,77,46,16,12,15,62,58,81,10.29,3.77,0.00,0.00,0.00,0.00,0.00,0.00,0.00,0.00,0.00,Stade Armand-Césari (Furiani)
1394823600,Mar 14 2014 - 7:00pm,complete,4947,Châteauroux,Metz,Benoît Millot,28,2.00,1.38,1.63,1.58,0,1,1,0,0,0,"","63",7,2,1,0,3,1,0,1,2,2,3,5,0,2,3,3,13,16,50,50,0.00,0.00,0.00,0.00,2.77,35,81,50,31,16,31,70,58,89,9.85,3.39,0.00,0.00,0.00,0.00,0.00,0.00,0.00,0.00,0.00,Stade Gaston Petit (Châteauroux)
1394823600,Mar 14 2014 - 7:00pm,complete,9308,Dijon,Le Havre,Florent Batta,28,2.31,1.23,2.05,1.05,1,2,3,3,1,2,"21","25,43",5,3,1,0,3,0,0,1,0,3,10,4,5,3,5,1,16,21,50,50,0.00,0.00,0.00,0.00,2.35,46,62,43,31,8,39,73,35,74,9.11,3.39,0.00,0.00,0.00,0.00,0.00,0.00,0.00,0.00,0.00,Stade Gaston-Gérard (Dijon)
1394823600,Mar 14 2014 - 7:00pm,complete,2174,Istres,Clermont,Mickaël Leleu,28,1.62,0.77,1.37,0.84,1,1,2,1,0,1,"83","12",8,6,1,0,0,0,0,1,0,0,15,17,6,9,9,8,14,16,50,50,0.00,0.00,0.00,0.00,2.35,43,62,39,23,16,35,74,35,62,11.91,3.38,0.00,0.00,0.00,0.00,0.00,0.00,0.00,0.00,0.00,Stade Parsemain (Fos-sur-Mer)
1394823600,Mar 14 2014 - 7:00pm,complete,5731,Laval,Auxerre,Jérôme Miguelgorry,28,1.31,0.38,1.58,0.63,3,0,3,0,0,0,"49,75,78","",4,5,2,0,3,1,0,2,3,1,11,8,7,3,4,5,11,16,50,50,0.00,0.00,0.00,0.00,2.62,50,77,43,31,16,35,70,47,70,11.03,4.38,0.00,0.00,0.00,0.00,0.00,0.00,0.00,0.00,0.00,Stade Francis Le Basser (Laval)
1394823600,Mar 14 2014 - 7:00pm,complete,14918,Nancy,Niort,Sylvain Palhies,28,1.71,1.23,1.84,1.11,1,1,2,1,1,0,"10","49",5,2,1,0,1,0,0,1,1,0,8,11,3,6,5,5,12,17,50,50,0.00,0.00,0.00,0.00,2.38,45,64,45,26,15,26,71,56,64,8.36,4.17,0.00,0.00,0.00,0.00,0.00,0.00,0.00,0.00,0.00,Stade Marcel-Picot (Tomblaine)
1394888400,Mar 15 2014 - 1:00pm,complete,7273,Angers SCO,Créteil,Frank Schneider,28,1.77,0.92,1.63,1.16,2,2,4,2,0,2,"51,90'2","7,32",10,4,2,0,0,0,2,0,0,0,10,7,7,3,3,4,11,20,50,50,0.00,0.00,0.00,0.00,2.54,66,81,42,23,12,39,77,43,74,8.48,3.77,0.00,0.00,0.00,0.00,0.00,0.00,0.00,0.00,0.00,Stade Raymond-Kopa (Angers)
1395084600,Mar 17 2014 - 7:30pm,complete,27041,Lens,Arles-Avignon,Abdelali Chaoui,28,2.00,0.62,1.84,0.58,3,0,3,2,2,0,"38,40,82","",4,1,2,0,4,0,1,1,1,3,10,9,3,4,7,5,13,18,50,50,0.00,0.00,0.00,0.00,2.00,50,58,27,16,8,31,58,20,74,12.82,3.69,0.00,0.00,0.00,0.00,0.00,0.00,0.00,0.00,0.00,Stade Bollaert-Delelis (Lens)
1395165600,Mar 18 2014 - 6:00pm,complete,9125,Brest,Angers SCO,Jérôme Miguelgorry,23,1.46,1.69,1.68,1.26,1,0,1,0,0,0,"78","",3,4,3,0,5,0,1,2,1,4,7,4,3,0,4,4,14,22,50,50,0.00,0.00,0.00,0.00,2.35,50,70,39,20,12,31,66,47,66,9.69,4.00,0.00,0.00,0.00,0.00,0.00,0.00,0.00,0.00,0.00,Stade Francis-Le Blé (Brest)
1395428400,Mar 21 2014 - 7:00pm,complete,2271,Arles-Avignon,Istres,Yohann Rouinsard,29,1.93,0.64,1.84,0.53,2,2,4,1,0,1,"69,82","6,71",5,5,1,0,2,1,0,1,0,3,10,7,6,3,4,4,14,18,50,50,0.00,0.00,0.00,0.00,2.61,50,68,46,36,14,32,57,47,82,10.36,3.57,0.00,0.00,0.00,0.00,0.00,0.00,0.00,0.00,0.00,Parc des Sports (Avignon)
1395428400,Mar 21 2014 - 7:00pm,complete,N/A,Caen,Châteauroux,Christian Guillard,29,2.08,0.43,2.00,0.47,1,1,2,1,1,0,"43","90'3",8,3,0,1,2,0,0,1,0,2,12,9,8,5,4,4,14,14,50,50,0.00,0.00,0.00,0.00,2.73,49,78,52,33,11,41,78,44,74,9.65,3.25,0.00,0.00,0.00,0.00,0.00,0.00,0.00,0.00,0.00,Stade Michel d'Ornano (Caen)
1395428400,Mar 21 2014 - 7:00pm,complete,3585,Clermont,Nancy,Floris Aubin,29,1.71,1.38,1.53,1.37,1,0,1,1,1,0,"45","",1,5,2,0,1,0,0,2,0,1,5,14,2,6,3,8,16,15,50,50,0.00,0.00,0.00,0.00,1.90,49,64,34,11,0,15,56,34,67,9.47,3.86,0.00,0.00,0.00,0.00,0.00,0.00,0.00,0.00,0.00,Stade Gabriel Montpied (Clermont-Ferrand)
1395428400,Mar 21 2014 - 7:00pm,complete,3252,Créteil,Auxerre,Johan Hamel,29,1.43,0.36,1.47,0.63,0,2,2,2,0,2,"","33,41",4,5,1,0,2,0,0,1,0,2,16,8,7,7,9,1,13,13,50,50,0.00,0.00,0.00,0.00,2.50,47,79,47,25,14,32,68,43,68,9.85,4.00,0.00,0.00,0.00,0.00,0.00,0.00,0.00,0.00,0.00,Stade Dominique Duvauchelle (Créteil)
1395428400,Mar 21 2014 - 7:00pm,complete,6383,Le Havre,Laval,Sylvain Palhies,29,1.21,0.64,1.47,0.63,1,1,2,1,0,1,"90'4","8",4,6,3,0,3,0,1,2,2,1,9,4,2,3,7,1,10,17,50,50,0.00,0.00,0.00,0.00,2.11,47,61,36,11,4,29,61,40,64,9.21,4.58,0.00,0.00,0.00,0.00,0.00,0.00,0.00,0.00,0.00,Stade Océane (Le Havre)
1395428400,Mar 21 2014 - 7:00pm,complete,7058,Niort,Angers SCO,Mickaël Leleu,29,1.93,1.57,1.95,1.26,2,1,3,1,1,0,"6,87","53",1,4,0,0,2,0,0,0,0,2,4,9,3,0,1,9,20,21,50,50,0.00,0.00,0.00,0.00,2.61,57,71,47,33,14,32,54,57,75,7.76,3.47,0.00,0.00,0.00,0.00,0.00,0.00,0.00,0.00,0.00,Stade René Gaillard (Niort)
1395428400,Mar 21 2014 - 7:00pm,complete,5049,Tours,CA Bastia,Hakim Ben El Hadj,29,2.15,0.57,1.89,0.47,1,0,1,1,1,0,"41","",5,5,2,0,3,1,1,1,2,2,16,5,6,2,10,3,20,16,50,50,0.00,0.00,0.00,0.00,2.73,46,75,42,31,11,38,78,42,71,7.44,3.61,0.00,0.00,0.00,0.00,0.00,0.00,0.00,0.00,0.00,Stade de la Vallée du Cher (Tours)
1395428400,Mar 21 2014 - 7:00pm,complete,8024,Troyes,Dijon,William Lavis,29,2.07,0.86,1.84,0.95,2,0,2,0,0,0,"48,90","",11,7,1,0,2,0,0,1,2,0,16,9,6,3,10,6,16,18,50,50,0.00,0.00,0.00,0.00,2.40,47,61,47,33,11,22,68,36,61,9.69,3.57,0.00,0.00,0.00,0.00,0.00,0.00,0.00,0.00,0.00,Stade de l'Aube (Troyes)
1395493200,Mar 22 2014 - 1:00pm,complete,6706,Nîmes,Lens,Philippe Kalt,29,1.43,1.57,1.47,1.58,3,3,6,4,2,2,"5,14,53","13,32,57",5,5,1,0,0,0,0,1,0,0,9,9,4,6,5,3,19,22,50,50,0.00,0.00,0.00,0.00,2.72,61,72,50,33,18,43,75,47,68,10.07,3.58,0.00,0.00,0.00,0.00,0.00,0.00,0.00,0.00,0.00,Stade des Costières (Nîmes)
1395689400,Mar 24 2014 - 7:30pm,complete,10423,Metz,Brest,Olivier Husset,29,2.36,1.00,2.42,1.26,1,0,1,0,0,0,"47","",3,8,3,0,1,0,0,3,0,1,8,8,4,6,4,2,15,17,50,50,0.00,0.00,0.00,0.00,1.86,33,47,33,11,4,14,43,33,72,9.42,3.93,0.00,0.00,0.00,0.00,0.00,0.00,0.00,0.00,0.00,Stade Saint-Symphorien (Longeville-lès-Metz)
1396033200,Mar 28 2014 - 7:00pm,complete,7207,Auxerre,Troyes,Florent Batta,30,1.86,0.71,1.63,0.89,0,0,0,0,0,0,"","",2,8,5,0,1,0,1,4,0,1,9,11,3,6,6,5,28,15,50,50,0.00,0.00,0.00,0.00,2.36,54,79,40,14,7,18,72,47,79,10.70,3.93,0.00,0.00,0.00,0.00,0.00,0.00,0.00,0.00,0.00,Stade de l'Abbé Deschamps (Auxerre)
1396033200,Mar 28 2014 - 7:00pm,complete,7896,Brest,Le Havre,Stéphane Jochem,30,1.57,1.36,1.68,1.05,1,1,2,0,0,0,"72","52",12,3,2,0,4,0,1,1,1,3,25,4,9,0,16,4,15,16,50,50,0.00,0.00,0.00,0.00,1.97,43,57,33,18,4,25,71,29,57,8.30,4.00,0.00,0.00,0.00,0.00,0.00,0.00,0.00,0.00,0.00,Stade Francis-Le Blé (Brest)
1396033200,Mar 28 2014 - 7:00pm,complete,627,CA Bastia,Créteil,Abdelali Chaoui,30,0.64,0.93,0.79,1.16,3,1,4,3,2,1,"8,16,90'1","13",4,10,2,0,2,0,0,2,0,2,7,19,3,12,4,7,13,16,50,50,0.00,0.00,0.00,0.00,2.83,68,79,57,36,18,39,68,61,79,7.28,4.07,0.00,0.00,0.00,0.00,0.00,0.00,0.00,0.00,0.00,Stade Armand-Césari (Furiani)
1396033200,Mar 28 2014 - 7:00pm,complete,5262,Châteauroux,Nîmes,Floris Aubin,30,1.86,0.77,1.63,0.84,2,0,2,2,2,0,"17,30","",2,9,1,1,1,0,1,1,1,0,5,10,0,2,5,8,8,13,50,50,0.00,0.00,0.00,0.00,2.71,49,78,48,30,8,22,74,52,93,10.76,3.60,0.00,0.00,0.00,0.00,0.00,0.00,0.00,0.00,0.00,Stade Gaston Petit (Châteauroux)
1396033200,Mar 28 2014 - 7:00pm,complete,7713,Dijon,Arles-Avignon,Frank Schneider,30,2.14,0.57,2.05,0.58,1,1,2,1,1,0,"42","90'2",9,3,2,0,1,0,1,1,1,0,9,8,2,5,7,3,11,14,50,50,0.00,0.00,0.00,0.00,2.11,43,61,36,15,4,36,72,22,72,11.60,4.15,0.00,0.00,0.00,0.00,0.00,0.00,0.00,0.00,0.00,Stade Gaston-Gérard (Dijon)
1396033200,Mar 28 2014 - 7:00pm,complete,2180,Istres,Niort,Sébastien Moreira,30,1.57,1.21,1.37,1.11,2,1,3,2,2,0,"24,44","59",4,10,1,0,1,0,0,1,0,1,6,8,2,5,4,3,12,12,50,50,0.00,0.00,0.00,0.00,2.57,54,75,43,25,14,29,75,54,72,10.32,3.64,0.00,0.00,0.00,0.00,0.00,0.00,0.00,0.00,0.00,Stade Parsemain (Fos-sur-Mer)
1396033200,Mar 28 2014 - 7:00pm,complete,5824,Laval,Tours,Fredy Fautrel,30,1.43,0.93,1.58,1.00,1,0,1,0,0,0,"58","",1,5,2,0,2,0,0,2,1,1,5,12,0,7,5,5,11,17,50,50,0.00,0.00,0.00,0.00,3.11,59,87,66,38,17,38,82,59,83,9.75,4.61,0.00,0.00,0.00,0.00,0.00,0.00,0.00,0.00,0.00,Stade Francis Le Basser (Laval)
1396033200,Mar 28 2014 - 7:00pm,complete,14714,Nancy,Caen,Alexandre Castro,30,1.67,1.07,1.84,1.37,1,1,2,1,1,0,"10","89",5,6,0,0,2,0,0,0,1,1,12,13,5,4,7,9,12,17,50,50,0.00,0.00,0.00,0.00,2.74,67,73,60,28,21,46,83,38,62,10.82,3.59,0.00,0.00,0.00,0.00,0.00,0.00,0.00,0.00,0.00,Stade Marcel-Picot (Tomblaine)
1396098000,Mar 29 2014 - 1:00pm,complete,10014,Angers SCO,Metz,Antony Gautier,30,1.71,1.50,1.63,1.58,2,2,4,3,1,2,"20,81","7,29",6,5,1,0,1,0,0,1,0,1,6,5,4,0,2,5,11,16,50,50,0.00,0.00,0.00,0.00,2.22,43,68,32,18,11,29,61,43,72,10.50,4.00,0.00,0.00,0.00,0.00,0.00,0.00,0.00,0.00,0.00,Stade Raymond-Kopa (Angers)
1396290600,Mar 31 2014 - 6:30pm,complete,27307,Lens,Clermont,Alexandre Perreau Niel,30,2.07,0.79,1.84,0.84,1,1,2,2,1,1,"5","10",9,3,0,0,1,0,0,0,0,1,11,11,8,7,3,4,14,16,50,50,0.00,0.00,0.00,0.00,2.25,47,64,40,22,11,40,61,25,75,11.36,3.29,0.00,0.00,0.00,0.00,0.00,0.00,0.00,0.00,0.00,Stade Bollaert-Delelis (Lens)
1396634400,Apr 04 2014 - 6:00pm,complete,1974,Arles-Avignon,Angers SCO,Hakim Ben El Hadj,31,1.87,1.47,1.84,1.26,3,0,3,1,1,0,"18,79,82","",4,4,1,0,2,0,0,1,0,2,10,12,6,7,4,5,19,15,50,50,0.00,0.00,0.00,0.00,2.27,50,63,37,20,14,27,50,47,77,10.22,3.46,0.00,0.00,0.00,0.00,0.00,0.00,0.00,0.00,0.00,Parc des Sports (Avignon)
1396634400,Apr 04 2014 - 6:00pm,complete,5261,Clermont,Châteauroux,William Lavis,31,1.80,0.47,1.53,0.47,1,1,2,1,1,0,"16","52",9,3,1,0,4,0,1,0,0,4,9,4,5,0,4,4,10,14,50,50,0.00,0.00,0.00,0.00,2.23,40,64,34,24,10,23,64,37,63,8.79,3.53,0.00,0.00,0.00,0.00,0.00,0.00,0.00,0.00,0.00,Stade Gabriel Montpied (Clermont-Ferrand)
1396634400,Apr 04 2014 - 6:00pm,complete,2365,Créteil,Laval,Alexandre Castro,31,1.33,0.67,1.47,0.63,4,0,4,4,4,0,"2,5,19,34","",4,10,2,0,4,0,2,0,1,3,5,8,2,3,3,5,13,20,50,50,0.00,0.00,0.00,0.00,2.40,54,77,47,17,10,34,74,40,70,9.42,4.74,0.00,0.00,0.00,0.00,0.00,0.00,0.00,0.00,0.00,Stade Dominique Duvauchelle (Créteil)
1396634400,Apr 04 2014 - 6:00pm,complete,6302,Le Havre,CA Bastia,Mickaël Leleu,31,1.20,0.53,1.47,0.47,1,0,1,0,0,0,"64","",9,3,0,0,1,0,0,0,0,1,12,7,5,5,7,2,17,21,50,50,0.00,0.00,0.00,0.00,2.10,33,57,27,14,7,27,67,30,57,8.58,3.67,0.00,0.00,0.00,0.00,0.00,0.00,0.00,0.00,0.00,Stade Océane (Le Havre)
1396634400,Apr 04 2014 - 6:00pm,complete,5016,Nîmes,Nancy,Clément Turpin,31,1.40,1.29,1.47,1.37,0,1,1,1,0,1,"","32",4,4,1,0,2,0,0,1,0,2,12,9,6,3,6,6,14,15,50,50,0.00,0.00,0.00,0.00,2.57,62,76,52,27,14,34,79,42,69,8.52,3.34,0.00,0.00,0.00,0.00,0.00,0.00,0.00,0.00,0.00,Stade des Costières (Nîmes)
1396634400,Apr 04 2014 - 6:00pm,complete,6591,Niort,Dijon,Jérôme Miguelgorry,31,2.00,0.80,1.95,0.95,2,0,2,2,2,0,"25,31","",3,9,0,0,3,0,0,0,0,3,10,8,6,5,4,3,9,15,50,50,0.00,0.00,0.00,0.00,2.17,50,63,43,33,4,17,57,47,60,7.27,3.36,0.00,0.00,0.00,0.00,0.00,0.00,0.00,0.00,0.00,Stade René Gaillard (Niort)
1396634400,Apr 04 2014 - 6:00pm,complete,7677,Tours,Auxerre,Yohann Rouinsard,31,2.21,0.53,1.89,0.63,2,2,4,2,1,1,"4,67","43,52",10,10,0,0,2,1,0,0,0,3,14,13,4,5,10,8,15,11,50,50,0.00,0.00,0.00,0.00,2.68,49,80,42,32,11,39,73,45,70,8.75,4.04,0.00,0.00,0.00,0.00,0.00,0.00,0.00,0.00,0.00,Stade de la Vallée du Cher (Tours)
1396634400,Apr 04 2014 - 6:00pm,complete,16548,Troyes,Brest,Johan Hamel,31,2.13,0.93,1.84,1.26,0,2,2,1,0,1,"","1,64",12,3,3,0,5,1,2,1,3,3,14,9,8,4,6,5,11,30,50,50,0.00,0.00,0.00,0.00,2.37,40,57,43,20,14,20,57,37,74,10.22,3.33,0.00,0.00,0.00,0.00,0.00,0.00,0.00,0.00,0.00,Stade de l'Aube (Troyes)
1396699200,Apr 05 2014 - 12:00pm,complete,N/A,Caen,Lens,Sébastien Desiage,31,2.00,1.53,2.00,1.58,1,0,1,1,1,0,"33","",6,6,0,0,2,0,0,0,1,1,15,8,13,3,2,5,8,16,50,50,0.00,0.00,0.00,0.00,2.65,59,73,49,27,10,42,73,45,76,11.76,3.63,0.00,0.00,0.00,0.00,0.00,0.00,0.00,0.00,0.00,Stade Michel d'Ornano (Caen)
1396895400,Apr 07 2014 - 6:30pm,complete,14222,Metz,Istres,Sylvain Palhies,31,2.40,0.67,2.42,0.53,2,1,3,2,1,1,"39,53","18",11,1,4,0,2,1,3,1,1,2,13,8,5,5,8,3,17,13,50,50,0.00,0.00,0.00,0.00,2.70,47,67,50,37,10,30,57,50,87,9.92,4.34,0.00,0.00,0.00,0.00,0.00,0.00,0.00,0.00,0.00,Stade Saint-Symphorien (Longeville-lès-Metz)
1397239200,Apr 11 2014 - 6:00pm,complete,9252,Angers SCO,Le Havre,Sébastien Moreira,32,1.67,1.33,1.63,1.05,1,0,1,0,0,0,"56","",4,5,1,0,1,0,0,1,0,1,11,9,5,3,6,6,9,22,50,50,0.00,0.00,0.00,0.00,2.10,53,67,30,20,4,30,70,30,64,9.40,3.47,0.00,0.00,0.00,0.00,0.00,0.00,0.00,0.00,0.00,Stade Raymond-Kopa (Angers)
1397239200,Apr 11 2014 - 6:00pm,complete,9362,Auxerre,Clermont,Olivier Husset,32,1.80,0.80,1.63,0.84,0,2,2,1,0,1,"","33,65",5,5,2,0,3,0,1,1,2,1,8,12,2,3,6,9,18,11,50,50,0.00,0.00,0.00,0.00,2.07,44,67,30,17,7,27,64,30,67,10.00,4.26,0.00,0.00,0.00,0.00,0.00,0.00,0.00,0.00,0.00,Stade de l'Abbé Deschamps (Auxerre)
1397239200,Apr 11 2014 - 6:00pm,complete,7111,Brest,Arles-Avignon,Stéphane Lannoy,32,1.53,0.60,1.68,0.58,2,0,2,0,0,0,"75,80","",8,9,3,0,1,1,1,2,0,2,14,8,10,5,4,3,15,18,50,50,0.00,0.00,0.00,0.00,1.70,40,57,20,4,0,17,67,20,64,11.52,4.60,0.00,0.00,0.00,0.00,0.00,0.00,0.00,0.00,0.00,Stade Francis-Le Blé (Brest)
1397239200,Apr 11 2014 - 6:00pm,complete,1084,CA Bastia,Nîmes,Yohann Rouinsard,32,0.80,0.71,0.79,0.84,0,0,0,0,0,0,"","",2,5,3,0,1,0,0,3,0,1,12,15,7,6,5,9,21,16,50,50,0.00,0.00,0.00,0.00,2.49,59,69,45,28,10,25,62,52,76,10.17,4.34,0.00,0.00,0.00,0.00,0.00,0.00,0.00,0.00,0.00,Stade Armand-Césari (Furiani)
1397239200,Apr 11 2014 - 6:00pm,complete,5615,Châteauroux,Nancy,Abdelali Chaoui,32,1.93,1.40,1.63,1.37,0,3,3,1,0,1,"","11,63,84",3,4,2,0,2,0,1,1,1,1,4,8,0,4,4,4,12,16,50,50,0.00,0.00,0.00,0.00,2.40,40,77,44,20,4,20,77,40,80,9.13,3.40,0.00,0.00,0.00,0.00,0.00,0.00,0.00,0.00,0.00,Stade Gaston Petit (Châteauroux)
1397239200,Apr 11 2014 - 6:00pm,complete,2172,Istres,Caen,Alexandre Perreau Niel,32,1.67,1.07,1.37,1.37,2,3,5,3,2,1,"22,25","17,64,88",7,6,2,0,0,0,0,2,0,0,9,9,7,4,2,5,13,8,50,50,0.00,0.00,0.00,0.00,2.93,74,83,60,27,20,50,87,37,70,12.71,3.20,0.00,0.00,0.00,0.00,0.00,0.00,0.00,0.00,0.00,Stade Parsemain (Fos-sur-Mer)
1397239200,Apr 11 2014 - 6:00pm,complete,5632,Laval,Troyes,Floris Aubin,32,1.53,0.73,1.58,0.89,2,1,3,1,1,0,"34,56","54",6,3,2,0,0,0,0,2,0,0,2,9,2,6,0,3,14,15,50,50,0.00,0.00,0.00,0.00,2.64,57,77,50,24,14,27,70,54,77,10.81,3.73,0.00,0.00,0.00,0.00,0.00,0.00,0.00,0.00,0.00,Stade Francis Le Basser (Laval)
1397239200,Apr 11 2014 - 6:00pm,complete,6868,Tours,Créteil,Florent Batta,32,2.13,0.87,1.89,1.16,1,2,3,1,0,1,"90'2","15,86",9,6,1,0,1,1,1,0,1,1,12,5,5,2,7,3,15,21,50,50,0.00,0.00,0.00,0.00,3.37,80,90,67,53,17,60,87,60,84,8.00,3.57,0.00,0.00,0.00,0.00,0.00,0.00,0.00,0.00,0.00,Stade de la Vallée du Cher (Tours)
1397304000,Apr 12 2014 - 12:00pm,complete,37101,Lens,Niort,Amaury Delerue,32,2.00,1.13,1.84,1.11,2,0,2,0,0,0,"60,90'5","",5,2,2,0,1,1,1,1,1,1,9,8,0,4,9,4,17,18,50,50,0.00,0.00,0.00,0.00,2.50,57,77,47,24,10,40,64,44,80,10.40,3.53,0.00,0.00,0.00,0.00,0.00,0.00,0.00,0.00,0.00,Stade Bollaert-Delelis (Lens)
1397500200,Apr 14 2014 - 6:30pm,complete,9025,Dijon,Metz,Tony Chapron,32,2.07,1.47,2.05,1.58,2,2,4,2,1,1,"25,69","19,90'1",6,8,2,1,3,1,2,1,0,4,9,11,4,4,5,7,17,24,50,50,0.00,0.00,0.00,0.00,2.60,47,70,50,30,14,44,67,43,80,10.40,4.00,0.00,0.00,0.00,0.00,0.00,0.00,0.00,0.00,0.00,Stade Gaston-Gérard (Dijon)
1397844000,Apr 18 2014 - 6:00pm,complete,2052,Arles-Avignon,Laval,Johan Hamel,33,1.94,0.63,1.84,0.63,1,1,2,1,1,0,"10","64",2,3,3,0,3,0,1,2,1,2,12,4,6,0,6,4,14,16,50,50,0.00,0.00,0.00,0.00,1.97,41,63,35,10,3,19,60,35,72,10.67,4.63,0.00,0.00,0.00,0.00,0.00,0.00,0.00,0.00,0.00,Parc des Sports (Avignon)
1397844000,Apr 18 2014 - 6:00pm,complete,5094,Clermont,Angers SCO,Sylvain Palhies,33,1.75,1.38,1.53,1.26,1,1,2,1,0,1,"89","45",4,1,2,1,3,1,0,3,1,3,8,5,0,2,8,3,20,14,50,50,0.00,0.00,0.00,0.00,2.16,47,63,35,16,10,26,53,44,69,9.85,3.63,0.00,0.00,0.00,0.00,0.00,0.00,0.00,0.00,0.00,Stade Gabriel Montpied (Clermont-Ferrand)
1397844000,Apr 18 2014 - 6:00pm,complete,6749,Le Havre,Tours,William Lavis,33,1.31,0.88,1.47,1.00,2,2,4,2,2,0,"7,30","54,79",3,3,2,0,1,0,1,1,0,1,13,9,5,5,8,4,11,14,50,50,0.00,0.00,0.00,0.00,2.54,50,69,47,25,10,31,72,44,76,9.07,3.88,0.00,0.00,0.00,0.00,0.00,0.00,0.00,0.00,0.00,Stade Océane (Le Havre)
1397844000,Apr 18 2014 - 6:00pm,complete,14830,Metz,CA Bastia,Didier Falcone,33,2.44,0.50,2.42,0.47,1,0,1,0,0,0,"67","",8,2,2,0,2,0,1,1,2,0,17,4,11,3,6,1,18,13,50,50,0.00,0.00,0.00,0.00,1.88,22,50,25,6,3,19,57,25,69,9.60,4.31,0.00,0.00,0.00,0.00,0.00,0.00,0.00,0.00,0.00,Stade Saint-Symphorien (Longeville-lès-Metz)
1397844000,Apr 18 2014 - 6:00pm,complete,17852,Nancy,Dijon,Benoît Millot,33,1.63,0.75,1.84,0.95,2,1,3,1,1,0,"29,87","56",4,1,3,0,2,1,0,3,0,3,12,15,9,6,3,9,10,13,50,50,0.00,0.00,0.00,0.00,2.03,44,56,35,28,10,22,69,35,50,9.30,3.69,0.00,0.00,0.00,0.00,0.00,0.00,0.00,0.00,0.00,Stade Marcel-Picot (Tomblaine)
1397844000,Apr 18 2014 - 6:00pm,complete,7148,Nîmes,Istres,Jérôme Miguelgorry,33,1.31,0.63,1.47,0.53,1,0,1,0,0,0,"67","",9,5,1,0,2,1,1,0,1,2,9,12,8,6,1,6,15,20,50,50,0.00,0.00,0.00,0.00,3.22,66,82,66,51,22,50,82,54,79,8.71,3.52,0.00,0.00,0.00,0.00,0.00,0.00,0.00,0.00,0.00,Stade des Costières (Nîmes)
1397844000,Apr 18 2014 - 6:00pm,complete,5865,Niort,Brest,Hakim Ben El Hadj,33,2.06,1.06,1.95,1.26,1,2,3,0,0,0,"78","51,73",4,2,4,0,2,0,1,3,0,2,13,3,5,2,8,1,11,18,50,50,0.00,0.00,0.00,0.00,2.16,44,60,41,22,6,19,54,41,69,7.11,3.39,0.00,0.00,0.00,0.00,0.00,0.00,0.00,0.00,0.00,Stade René Gaillard (Niort)
1397844000,Apr 18 2014 - 6:00pm,complete,9163,Troyes,Créteil,Mickaël Leleu,33,2.00,1.00,1.84,1.16,0,3,3,2,0,2,"","21,31,70",3,2,1,0,2,0,0,1,1,1,11,6,5,4,6,2,11,15,50,50,0.00,0.00,0.00,0.00,3.13,66,85,63,38,19,44,82,54,85,10.26,3.69,0.00,0.00,0.00,0.00,0.00,0.00,0.00,0.00,0.00,Stade de l'Aube (Troyes)
1397908800,Apr 19 2014 - 12:00pm,complete,N/A,Caen,Auxerre,Frank Schneider,33,2.07,0.56,2.00,0.63,1,0,1,0,0,0,"75","",8,6,0,0,2,0,0,0,2,0,9,8,7,5,2,3,9,12,50,50,0.00,0.00,0.00,0.00,2.26,42,74,39,20,3,36,72,36,68,11.47,3.78,0.00,0.00,0.00,0.00,0.00,0.00,0.00,0.00,0.00,Stade Michel d'Ornano (Caen)
1398105000,Apr 21 2014 - 6:30pm,complete,13548,Châteauroux,Lens,Jean-Charles Cailleux,33,1.81,1.44,1.63,1.58,1,1,2,1,0,1,"78","13",6,5,3,0,2,0,1,2,1,1,4,5,0,2,4,3,14,13,50,50,0.00,0.00,0.00,0.00,2.75,41,76,47,28,13,32,75,50,82,10.56,3.51,0.00,0.00,0.00,0.00,0.00,0.00,0.00,0.00,0.00,Stade Gaston Petit (Châteauroux)
1398448800,Apr 25 2014 - 6:00pm,complete,8200,Brest,Clermont,Florent Batta,34,1.63,0.94,1.68,0.84,2,0,2,1,1,0,"45,89","",5,7,0,0,0,0,0,0,0,0,11,13,5,8,6,5,13,15,50,50,0.00,0.00,0.00,0.00,1.88,38,63,25,10,3,22,66,29,63,11.11,4.19,0.00,0.00,0.00,0.00,0.00,0.00,0.00,0.00,0.00,Stade Francis-Le Blé (Brest)
1398448800,Apr 25 2014 - 6:00pm,complete,924,CA Bastia,Arles-Avignon,Sébastien Moreira,34,0.81,0.56,0.79,0.58,2,2,4,3,2,1,"7,21","9,61",3,8,1,0,1,0,0,1,0,1,9,15,6,8,3,7,18,17,50,50,0.00,0.00,0.00,0.00,1.94,44,60,29,13,7,19,57,32,69,10.23,4.50,0.00,0.00,0.00,0.00,0.00,0.00,0.00,0.00,0.00,Stade Armand-Césari (Furiani)
1398448800,Apr 25 2014 - 6:00pm,complete,2823,Créteil,Le Havre,Didier Falcone,34,1.44,1.25,1.47,1.05,2,0,2,1,1,0,"40,90","",7,3,0,0,3,0,0,0,2,1,19,10,10,3,9,7,4,12,50,50,0.00,0.00,0.00,0.00,2.50,53,72,47,32,13,41,72,38,63,8.28,3.44,0.00,0.00,0.00,0.00,0.00,0.00,0.00,0.00,0.00,Stade Dominique Duvauchelle (Créteil)
1398448800,Apr 25 2014 - 6:00pm,complete,7992,Dijon,Nîmes,Olivier Husset,34,2.00,0.73,2.05,0.84,5,1,6,2,2,0,"15,18,48,63,78","72",10,4,0,0,0,0,0,0,0,0,10,11,5,5,5,6,14,15,50,50,0.00,0.00,0.00,0.00,2.55,58,71,48,29,7,39,74,43,77,11.64,4.07,0.00,0.00,0.00,0.00,0.00,0.00,0.00,0.00,0.00,Stade Gaston-Gérard (Dijon)
1398448800,Apr 25 2014 - 6:00pm,complete,2246,Istres,Châteauroux,Johan Hamel,34,1.56,0.50,1.37,0.47,0,0,0,0,0,0,"","",1,3,2,0,4,0,1,1,0,4,15,2,9,0,6,2,14,24,50,50,0.00,0.00,0.00,0.00,2.88,57,78,47,35,22,38,85,44,72,10.16,3.38,0.00,0.00,0.00,0.00,0.00,0.00,0.00,0.00,0.00,Stade Parsemain (Fos-sur-Mer)
1398448800,Apr 25 2014 - 6:00pm,complete,5790,Laval,Niort,Yohann Rouinsard,34,1.63,1.06,1.58,1.11,2,4,6,3,1,2,"4,90'1","8,44,67,82",8,2,1,1,2,0,1,1,1,1,15,8,5,3,10,5,9,18,50,50,0.00,0.00,0.00,0.00,2.75,57,81,54,29,13,32,66,63,81,9.08,4.32,0.00,0.00,0.00,0.00,0.00,0.00,0.00,0.00,0.00,Stade Francis Le Basser (Laval)
1398448800,Apr 25 2014 - 6:00pm,complete,40035,Lens,Nancy,Fredy Fautrel,34,2.06,1.50,1.84,1.37,1,1,2,0,0,0,"52","68",5,7,4,0,3,0,1,3,2,1,5,11,2,6,3,5,19,16,50,50,0.00,0.00,0.00,0.00,2.32,53,72,44,19,7,32,66,35,75,10.24,3.50,0.00,0.00,0.00,0.00,0.00,0.00,0.00,0.00,0.00,Stade Bollaert-Delelis (Lens)
1398448800,Apr 25 2014 - 6:00pm,complete,5647,Tours,Troyes,Jean-Charles Cailleux,34,2.00,0.69,1.89,0.89,1,2,3,0,0,0,"59","75,85",3,8,1,0,3,0,0,1,1,2,8,9,5,4,3,5,20,18,50,50,0.00,0.00,0.00,0.00,2.78,66,82,54,28,10,32,82,57,78,10.37,3.04,0.00,0.00,0.00,0.00,0.00,0.00,0.00,0.00,0.00,Stade de la Vallée du Cher (Tours)
1398513600,Apr 26 2014 - 12:00pm,complete,6607,Auxerre,Metz,Floris Aubin,34,1.69,1.44,1.63,1.58,0,3,3,2,0,2,"","34,39,84",3,7,1,1,1,0,1,1,1,0,8,10,6,8,2,2,8,21,50,50,0.00,0.00,0.00,0.00,2.44,44,72,41,29,13,32,60,47,78,9.63,4.88,0.00,0.00,0.00,0.00,0.00,0.00,0.00,0.00,0.00,Stade de l'Abbé Deschamps (Auxerre)
1398709800,Apr 28 2014 - 6:30pm,complete,12487,Angers SCO,Caen,Lionel Jaffredo,34,1.75,1.19,1.63,1.37,1,2,3,0,0,0,"89","79,90'1",6,4,1,0,3,0,0,1,1,2,9,3,3,2,6,1,9,23,50,50,0.00,0.00,0.00,0.00,2.63,69,82,50,22,13,44,79,32,72,12.00,3.32,0.00,0.00,0.00,0.00,0.00,0.00,0.00,0.00,0.00,Stade Raymond-Kopa (Angers)
1399053600,May 02 2014 - 6:00pm,complete,2297,Arles-Avignon,Créteil,Sylvain Palhies,35,1.88,1.12,1.84,1.16,2,1,3,1,1,0,"11,73","62",4,9,2,0,3,0,1,1,0,3,8,18,5,8,3,10,16,19,50,50,0.00,0.00,0.00,0.00,2.62,62,77,53,30,12,39,71,47,82,9.04,3.59,0.00,0.00,0.00,0.00,0.00,0.00,0.00,0.00,0.00,Parc des Sports (Avignon)
1399053600,May 02 2014 - 6:00pm,complete,N/A,Caen,CA Bastia,Jérôme Miguelgorry,35,2.13,0.47,2.00,0.47,6,1,7,3,3,0,"8,28,34,60,73,82","47",11,1,0,0,2,0,0,0,1,1,14,6,8,3,6,3,14,11,50,50,0.00,0.00,0.00,0.00,2.04,31,58,31,13,3,28,70,25,67,10.01,3.31,0.00,0.00,0.00,0.00,0.00,0.00,0.00,0.00,0.00,Stade Michel d'Ornano (Caen)
1399053600,May 02 2014 - 6:00pm,complete,5719,Châteauroux,Laval,Frank Schneider,35,1.76,0.65,1.63,0.63,1,1,2,1,1,0,"34","85",3,5,2,0,0,0,0,2,0,0,2,7,2,0,0,7,23,15,50,50,0.00,0.00,0.00,0.00,2.39,38,80,41,15,3,24,77,38,83,9.91,4.60,0.00,0.00,0.00,0.00,0.00,0.00,0.00,0.00,0.00,Stade Gaston Petit (Châteauroux)
1399053600,May 02 2014 - 6:00pm,complete,4208,Clermont,Dijon,Hakim Ben El Hadj,35,1.71,0.71,1.53,0.95,0,1,1,1,0,1,"","39",7,6,1,0,2,0,0,1,1,1,10,6,2,3,8,3,12,22,50,50,0.00,0.00,0.00,0.00,1.74,41,56,27,18,0,15,56,30,53,9.72,3.82,0.00,0.00,0.00,0.00,0.00,0.00,0.00,0.00,0.00,Stade Gabriel Montpied (Clermont-Ferrand)
1399053600,May 02 2014 - 6:00pm,complete,6181,Le Havre,Troyes,Abdelali Chaoui,35,1.29,0.82,1.47,0.89,2,1,3,0,0,0,"51,79","83",10,2,3,0,4,0,1,2,2,2,9,7,4,2,5,5,16,12,50,50,0.00,0.00,0.00,0.00,2.29,56,68,41,15,6,24,65,47,71,10.58,3.06,0.00,0.00,0.00,0.00,0.00,0.00,0.00,0.00,0.00,Stade Océane (Le Havre)
1399053600,May 02 2014 - 6:00pm,complete,20800,Metz,Tours,Alexandre Perreau Niel,35,2.47,0.88,2.42,1.00,1,1,2,1,0,1,"78","22",6,3,2,0,1,0,1,1,0,1,18,9,9,6,9,3,12,17,50,50,0.00,0.00,0.00,0.00,2.38,41,65,47,21,6,27,65,41,85,9.93,4.58,0.00,0.00,0.00,0.00,0.00,0.00,0.00,0.00,0.00,Stade Saint-Symphorien (Longeville-lès-Metz)
1399053600,May 02 2014 - 6:00pm,complete,17412,Nancy,Istres,Olivier Thual,35,1.71,0.59,1.84,0.53,3,1,4,4,3,1,"10,37,45","34",2,4,0,0,3,0,0,0,2,1,7,11,3,4,4,7,12,15,50,50,0.00,0.00,0.00,0.00,2.85,59,71,56,42,18,36,77,50,77,8.98,4.07,0.00,0.00,0.00,0.00,0.00,0.00,0.00,0.00,0.00,Stade Marcel-Picot (Tomblaine)
1399053600,May 02 2014 - 6:00pm,complete,8013,Nîmes,Brest,William Lavis,35,1.41,1.18,1.47,1.26,1,1,2,1,1,0,"4","58",8,2,1,0,3,0,1,0,1,2,15,8,4,5,11,3,18,22,50,50,0.00,0.00,0.00,0.00,2.32,47,59,44,24,15,30,62,35,68,8.68,3.30,0.00,0.00,0.00,0.00,0.00,0.00,0.00,0.00,0.00,Stade des Costières (Nîmes)
1399053600,May 02 2014 - 6:00pm,complete,6674,Niort,Auxerre,Bartolomeu Varela,35,1.94,0.53,1.95,0.63,1,0,1,1,1,0,"4","",5,1,3,0,1,0,0,3,0,1,18,7,9,2,9,5,18,11,50,50,0.00,0.00,0.00,0.00,2.33,44,74,41,24,6,27,59,47,68,8.45,3.85,0.00,0.00,0.00,0.00,0.00,0.00,0.00,0.00,0.00,Stade René Gaillard (Niort)
1399118400,May 03 2014 - 12:00pm,complete,40266,Lens,Angers SCO,Ruddy Buquet,35,2.00,1.35,1.84,1.26,0,0,0,0,0,0,"","",5,3,1,0,3,0,0,1,1,2,8,10,5,3,3,7,21,21,50,50,0.00,0.00,0.00,0.00,2.59,59,76,44,24,15,41,56,47,82,10.31,3.65,0.00,0.00,0.00,0.00,0.00,0.00,0.00,0.00,0.00,Stade Bollaert-Delelis (Lens)
1399314600,May 05 2014 - 6:30pm,complete,9048,Brest,Caen,Abdelali Chaoui,36,1.71,1.29,1.68,1.37,0,1,1,1,0,1,"","2",12,2,1,0,0,0,0,1,0,0,20,7,6,4,14,3,14,13,50,50,0.00,0.00,0.00,0.00,2.53,62,80,50,18,12,36,74,38,71,11.86,4.00,0.00,0.00,0.00,0.00,0.00,0.00,0.00,0.00,0.00,Stade Francis-Le Blé (Brest)
1399401900,May 06 2014 - 6:45pm,complete,7730,Angers SCO,Nîmes,Jean-Charles Cailleux,36,1.65,0.69,1.63,0.84,2,3,5,3,1,2,"22,75","32,39,62",6,6,0,0,0,0,0,0,0,0,6,11,4,5,2,6,12,13,50,50,0.00,0.00,0.00,0.00,2.35,58,70,37,22,7,28,67,40,73,11.50,3.59,0.00,0.00,0.00,0.00,0.00,0.00,0.00,0.00,0.00,Stade Raymond-Kopa (Angers)
1399401900,May 06 2014 - 6:45pm,complete,6400,Auxerre,Le Havre,Wilfried Bien,36,1.59,1.18,1.63,1.05,2,1,3,0,0,0,"51,80","90'2",5,7,0,0,0,0,0,0,0,0,12,11,7,7,5,4,9,15,50,50,0.00,0.00,0.00,0.00,2.15,44,68,32,21,6,27,65,32,71,8.25,4.35,0.00,0.00,0.00,0.00,0.00,0.00,0.00,0.00,0.00,Stade de l'Abbé Deschamps (Auxerre)
1399401900,May 06 2014 - 6:45pm,complete,759,CA Bastia,Clermont,Frank Schneider,36,0.82,0.88,0.79,0.84,1,1,2,1,0,1,"80","13",4,5,1,0,0,0,1,0,0,0,11,10,3,7,8,3,12,11,50,50,0.00,0.00,0.00,0.00,2.15,44,65,36,21,9,27,62,33,68,9.37,3.83,0.00,0.00,0.00,0.00,0.00,0.00,0.00,0.00,0.00,Stade Armand-Césari (Furiani)
1399401900,May 06 2014 - 6:45pm,complete,2375,Créteil,Niort,Floris Aubin,36,1.53,1.18,1.47,1.11,1,1,2,1,1,0,"19","84",4,8,2,0,1,0,1,1,0,1,8,13,4,5,4,8,12,10,50,50,0.00,0.00,0.00,0.00,2.77,53,85,53,30,15,38,74,53,74,8.69,3.71,0.00,0.00,0.00,0.00,0.00,0.00,0.00,0.00,0.00,Stade Dominique Duvauchelle (Créteil)
1399401900,May 06 2014 - 6:45pm,complete,7821,Dijon,Châteauroux,Didier Falcone,36,2.06,0.53,2.05,0.47,2,1,3,0,0,0,"58,83","67",9,2,1,0,2,0,0,1,0,2,11,3,4,3,7,0,18,12,50,50,0.00,0.00,0.00,0.00,2.80,53,76,50,35,15,41,79,41,77,9.71,3.88,0.00,0.00,0.00,0.00,0.00,0.00,0.00,0.00,0.00,Stade Gaston-Gérard (Dijon)
1399401900,May 06 2014 - 6:45pm,complete,3513,Istres,Lens,Olivier Husset,36,1.53,1.41,1.37,1.58,1,6,7,1,0,1,"90","11,46,50,64,72,78",5,4,1,0,1,0,0,1,1,0,11,5,6,3,5,2,11,16,50,50,0.00,0.00,0.00,0.00,2.71,59,68,44,29,21,38,77,44,68,11.85,3.59,0.00,0.00,0.00,0.00,0.00,0.00,0.00,0.00,0.00,Stade Parsemain (Fos-sur-Mer)
1399401900,May 06 2014 - 6:45pm,complete,6912,Laval,Nancy,Sébastien Moreira,36,1.53,1.47,1.58,1.37,1,0,1,0,0,0,"66","",1,2,2,0,3,0,0,2,0,3,9,7,4,3,5,4,23,19,50,50,0.00,0.00,0.00,0.00,2.68,59,77,53,27,12,27,71,53,77,9.69,4.36,0.00,0.00,0.00,0.00,0.00,0.00,0.00,0.00,0.00,Stade Francis Le Basser (Laval)
1399401900,May 06 2014 - 6:45pm,complete,4368,Tours,Arles-Avignon,Christian Guillard,36,1.88,0.59,1.89,0.58,2,2,4,3,1,2,"24,65","6,8",9,3,3,0,2,0,1,2,0,2,17,9,9,7,8,2,19,17,50,50,0.00,0.00,0.00,0.00,2.53,59,74,42,27,6,36,74,39,77,10.83,3.80,0.00,0.00,0.00,0.00,0.00,0.00,0.00,0.00,0.00,Stade de la Vallée du Cher (Tours)
1399401900,May 06 2014 - 6:45pm,complete,9124,Troyes,Metz,Yohann Rouinsard,36,1.88,1.53,1.84,1.58,0,1,1,0,0,0,"","60",3,7,0,0,3,0,0,0,1,2,10,10,2,5,8,5,9,18,50,50,0.00,0.00,0.00,0.00,2.80,41,74,53,30,18,38,68,47,82,11.07,3.94,0.00,0.00,0.00,0.00,0.00,0.00,0.00,0.00,0.00,Stade de l'Aube (Troyes)
1399660200,May 09 2014 - 6:30pm,complete,2675,Arles-Avignon,Auxerre,Jean-Charles Cailleux,37,1.94,0.50,1.84,0.63,0,2,2,0,0,0,"","51,82",6,4,0,0,0,0,0,0,0,0,13,10,6,4,7,6,3,17,50,50,0.00,0.00,0.00,0.00,2.00,36,64,31,14,6,20,59,36,70,10.36,3.89,0.00,0.00,0.00,0.00,0.00,0.00,0.00,0.00,0.00,Parc des Sports (Avignon)
1399660200,May 09 2014 - 6:30pm,complete,N/A,Caen,Tours,Amaury Delerue,37,2.18,0.89,2.00,1.00,1,3,4,1,0,1,"70","11,50,89",12,3,3,0,1,0,0,3,0,1,15,8,5,2,10,6,7,10,50,50,0.00,0.00,0.00,0.00,2.71,55,77,54,29,9,37,83,43,83,10.53,3.46,0.00,0.00,0.00,0.00,0.00,0.00,0.00,0.00,0.00,Stade Michel d'Ornano (Caen)
1399660200,May 09 2014 - 6:30pm,complete,7996,Châteauroux,Créteil,William Lavis,37,1.72,1.06,1.63,1.16,0,2,2,0,0,0,"","85,90",10,3,1,0,3,0,0,1,1,2,5,6,0,3,5,3,15,13,50,50,0.00,0.00,0.00,0.00,3.00,58,92,61,33,12,42,86,53,92,9.00,3.56,0.00,0.00,0.00,0.00,0.00,0.00,0.00,0.00,0.00,Stade Gaston Petit (Châteauroux)
1399660200,May 09 2014 - 6:30pm,complete,4216,Clermont,Troyes,Alexandre Perreau Niel,37,1.61,0.78,1.53,0.89,0,3,3,1,0,1,"","27,85,89",10,1,0,0,1,0,0,0,0,1,11,5,5,4,6,1,12,16,50,50,0.00,0.00,0.00,0.00,1.95,50,64,34,6,3,11,62,39,67,10.96,3.39,0.00,0.00,0.00,0.00,0.00,0.00,0.00,0.00,0.00,Stade Gabriel Montpied (Clermont-Ferrand)
1399660200,May 09 2014 - 6:30pm,complete,2013,Istres,Dijon,Sylvain Palhies,37,1.44,0.83,1.37,0.95,2,4,6,3,0,3,"57,80","8,12,38,86",4,6,1,0,2,0,1,0,1,1,15,10,6,4,9,6,8,14,50,50,0.00,0.00,0.00,0.00,2.39,50,64,42,31,14,28,72,39,56,10.64,3.50,0.00,0.00,0.00,0.00,0.00,0.00,0.00,0.00,0.00,Stade Parsemain (Fos-sur-Mer)
1399660200,May 09 2014 - 6:30pm,complete,40740,Lens,Brest,Jérôme Miguelgorry,37,1.94,1.17,1.84,1.26,0,1,1,0,0,0,"","79",7,1,1,0,3,0,1,0,1,2,7,7,2,3,5,4,21,20,50,50,0.00,0.00,0.00,0.00,2.11,48,61,36,17,9,28,47,31,75,9.90,3.67,0.00,0.00,0.00,0.00,0.00,0.00,0.00,0.00,0.00,Stade Bollaert-Delelis (Lens)
1399660200,May 09 2014 - 6:30pm,complete,22732,Metz,Le Havre,Florent Batta,37,2.39,1.11,2.42,1.05,3,0,3,3,3,0,"1,16,38","",6,4,0,0,0,0,0,0,0,0,11,15,5,9,6,6,16,15,50,50,0.00,0.00,0.00,0.00,1.97,42,56,31,14,3,23,53,31,75,9.64,4.00,0.00,0.00,0.00,0.00,0.00,0.00,0.00,0.00,0.00,Stade Saint-Symphorien (Longeville-lès-Metz)
1399660200,May 09 2014 - 6:30pm,complete,17215,Nancy,Angers SCO,Mikael Lesage,37,1.78,1.33,1.84,1.26,3,1,4,0,0,0,"47,63,67","58",-1,-1,0,0,3,0,0,0,2,1,-1,-1,-1,-1,-1,-1,-1,-1,-1,-1,0.00,0.00,0.00,0.00,2.48,56,67,44,25,17,31,70,48,67,8.57,3.78,0.00,0.00,0.00,0.00,0.00,0.00,0.00,0.00,0.00,Stade Marcel-Picot (Tomblaine)
1399660200,May 09 2014 - 6:30pm,complete,11711,Nîmes,Laval,Saïd Ennjimi,37,1.39,0.67,1.47,0.63,2,1,3,2,1,1,"41,69","44",9,1,3,0,2,0,1,2,1,1,15,6,5,4,10,2,16,16,50,50,0.00,0.00,0.00,0.00,2.39,56,72,42,20,11,33,78,34,70,9.80,4.16,0.00,0.00,0.00,0.00,0.00,0.00,0.00,0.00,0.00,Stade des Costières (Nîmes)
1399660200,May 09 2014 - 6:30pm,complete,6994,Niort,CA Bastia,Mickaël Leleu,37,2.00,0.44,1.95,0.47,1,1,2,0,0,0,"81","54",8,5,1,0,1,0,0,1,1,0,12,3,9,2,3,1,9,17,50,50,0.00,0.00,0.00,0.00,2.28,37,61,36,20,9,22,64,39,64,6.83,3.59,0.00,0.00,0.00,0.00,0.00,0.00,0.00,0.00,0.00,Stade René Gaillard (Niort)
1400004000,May 13 2014 - 6:00pm,complete,N/A,Caen,Nîmes,Bartolomeu Varela,28,2.06,0.82,2.00,0.84,1,1,2,2,1,1,"20","35",-1,-1,2,0,2,0,0,2,2,0,-1,-1,-1,-1,-1,-1,-1,-1,-1,-1,0.00,0.00,0.00,0.00,2.69,61,72,49,32,12,37,75,46,77,12.48,3.21,0.00,0.00,0.00,0.00,0.00,0.00,0.00,0.00,0.00,Stade Michel d'Ornano (Caen)
1400265000,May 16 2014 - 6:30pm,complete,6572,Angers SCO,Istres,Abdelali Chaoui,38,1.56,0.56,1.63,0.53,1,0,1,0,0,0,"49","",0,6,1,0,1,0,0,1,0,1,8,12,5,7,3,5,17,12,50,50,0.00,0.00,0.00,0.00,2.83,62,78,53,39,12,39,70,45,81,10.20,3.85,0.00,0.00,0.00,0.00,0.00,0.00,0.00,0.00,0.00,Stade Raymond-Kopa (Angers)
1400265000,May 16 2014 - 6:30pm,complete,12088,Auxerre,Nancy,Lionel Jaffredo,38,1.67,1.39,1.63,1.37,0,0,0,0,0,0,"","",3,4,1,0,2,0,1,0,0,2,8,8,4,5,4,3,15,20,50,50,0.00,0.00,0.00,0.00,2.17,47,73,39,14,3,17,64,39,75,8.88,4.56,0.00,0.00,0.00,0.00,0.00,0.00,0.00,0.00,0.00,Stade de l'Abbé Deschamps (Auxerre)
1400265000,May 16 2014 - 6:30pm,complete,9648,Brest,Châteauroux,Philippe Kalt,38,1.61,0.50,1.68,0.47,3,0,3,1,1,0,"16,65,71","",4,3,0,0,0,0,0,0,0,0,16,12,7,4,9,8,15,11,50,50,0.00,0.00,0.00,0.00,2.25,42,70,33,20,9,20,70,39,67,9.86,4.23,0.00,0.00,0.00,0.00,0.00,0.00,0.00,0.00,0.00,Stade Francis-Le Blé (Brest)
1400265000,May 16 2014 - 6:30pm,complete,2066,CA Bastia,Lens,Mikael Lesage,38,0.83,1.50,0.79,1.58,0,2,2,2,0,2,"","7,44",4,5,1,0,1,0,1,0,1,0,10,5,5,3,5,2,10,14,50,50,0.00,0.00,0.00,0.00,2.64,59,67,44,31,17,28,64,47,72,9.61,4.12,0.00,0.00,0.00,0.00,0.00,0.00,0.00,0.00,0.00,Stade Armand-Césari (Furiani)
1400265000,May 16 2014 - 6:30pm,complete,2649,Créteil,Nîmes,Ruddy Buquet,38,1.50,0.83,1.47,0.84,1,1,2,2,1,1,"8","19",3,3,2,0,1,0,0,2,0,1,10,9,6,2,4,7,15,5,50,50,0.00,0.00,0.00,0.00,2.78,62,81,50,33,17,42,78,45,70,10.48,3.50,0.00,0.00,0.00,0.00,0.00,0.00,0.00,0.00,0.00,Stade Dominique Duvauchelle (Créteil)
1400265000,May 16 2014 - 6:30pm,complete,10869,Dijon,Caen,Hakim Ben El Hadj,38,2.11,1.39,2.05,1.37,2,2,4,2,1,1,"16,50","44,65",2,8,2,1,1,0,1,2,1,0,9,13,6,8,3,5,7,14,50,50,0.00,0.00,0.00,0.00,3.00,72,84,67,31,17,53,81,42,78,12.10,3.45,0.00,0.00,0.00,0.00,0.00,0.00,0.00,0.00,0.00,Stade Gaston-Gérard (Dijon)
1400265000,May 16 2014 - 6:30pm,complete,12840,Laval,Metz,Benoît Millot,38,1.61,1.61,1.58,1.58,0,0,0,0,0,0,"","",8,5,0,0,1,0,0,0,1,0,15,4,8,0,7,4,9,12,50,50,0.00,0.00,0.00,0.00,2.86,50,73,56,36,20,42,62,56,83,9.99,4.55,0.00,0.00,0.00,0.00,0.00,0.00,0.00,0.00,0.00,Stade Francis Le Basser (Laval)
1400265000,May 16 2014 - 6:30pm,complete,11143,Le Havre,Arles-Avignon,Johan Hamel,38,1.39,0.61,1.47,0.58,2,1,3,0,0,0,"47,53","58",1,10,0,0,0,0,0,0,0,0,9,16,4,7,5,9,14,6,50,50,0.00,0.00,0.00,0.00,2.11,50,61,31,17,3,31,62,28,70,11.10,3.83,0.00,0.00,0.00,0.00,0.00,0.00,0.00,0.00,0.00,Stade Océane (Le Havre)
1400265000,May 16 2014 - 6:30pm,complete,7646,Tours,Clermont,Didier Falcone,38,1.83,0.89,1.89,0.84,3,0,3,2,2,0,"16,31,51","",4,4,2,0,0,0,1,1,0,0,10,13,0,7,10,6,15,14,50,50,0.00,0.00,0.00,0.00,2.64,59,78,45,31,9,39,78,39,75,10.20,3.26,0.00,0.00,0.00,0.00,0.00,0.00,0.00,0.00,0.00,Stade de la Vallée du Cher (Tours)
1400265000,May 16 2014 - 6:30pm,complete,16449,Troyes,Niort,Sébastien Moreira,38,1.78,1.17,1.84,1.11,4,1,5,3,3,0,"23,34,45,62","46",7,3,0,0,2,0,0,0,2,0,17,7,10,0,7,7,12,15,50,50,0.00,0.00,0.00,0.00,2.70,48,78,47,22,14,28,70,50,83,10.12,3.62,0.00,0.00,0.00,0.00,0.00,0.00,0.00,0.00,0.00,Stade de l'Aube (Troyes)
