timestamp,date_GMT,status,attendance,home_team_name,away_team_name,referee,Game Week,Pre-Match PPG (Home),Pre-Match PPG (Away),home_ppg,away_ppg,home_team_goal_count,away_team_goal_count,total_goal_count,total_goals_at_half_time,home_team_goal_count_half_time,away_team_goal_count_half_time,home_team_goal_timings,away_team_goal_timings,home_team_corner_count,away_team_corner_count,home_team_yellow_cards,home_team_red_cards,away_team_yellow_cards,away_team_red_cards,home_team_first_half_cards,home_team_second_half_cards,away_team_first_half_cards,away_team_second_half_cards,home_team_shots,away_team_shots,home_team_shots_on_target,away_team_shots_on_target,home_team_shots_off_target,away_team_shots_off_target,home_team_fouls,away_team_fouls,home_team_possession,away_team_possession,Home Team Pre-Match xG,Away Team Pre-Match xG,team_a_xg,team_b_xg,average_goals_per_match_pre_match,btts_percentage_pre_match,over_15_percentage_pre_match,over_25_percentage_pre_match,over_35_percentage_pre_match,over_45_percentage_pre_match,over_15_HT_FHG_percentage_pre_match,over_05_HT_FHG_percentage_pre_match,over_15_2HG_percentage_pre_match,over_05_2HG_percentage_pre_match,average_corners_per_match_pre_match,average_cards_per_match_pre_match,odds_ft_home_team_win,odds_ft_draw,odds_ft_away_team_win,odds_ft_over15,odds_ft_over25,odds_ft_over35,odds_ft_over45,odds_btts_yes,odds_btts_no,stadium_name
1598101200,Aug 22 2020 - 1:00pm,complete,N/A,Toulouse,Dunkerque,Aurélien Petit,1,0.00,0.00,2.30,0.79,0,1,1,0,0,0,"","55",8,2,1,0,1,0,0,1,1,0,12,9,2,5,10,4,15,11,57,43,0.00,0.00,1.50,1.35,0.00,0,0,0,0,0,0,0,0,0,0.00,0.00,1.83,3.35,4.65,1.38,2.15,4.00,7.75,1.95,1.77,Stadium de Toulouse (Toulouse)
1598115600,Aug 22 2020 - 5:00pm,complete,N/A,Ajaccio,Châteauroux,Benjamin Lepaysant,1,0.00,0.00,1.58,0.47,0,1,1,0,0,0,"","78",2,2,0,0,1,0,0,0,0,1,7,5,2,2,5,3,16,22,56,44,0.00,0.00,1.19,0.87,0.00,0,0,0,0,0,0,0,0,0,0.00,0.00,1.69,3.40,5.80,1.43,2.35,4.45,9.00,2.15,1.65,Stade Ange Casanova (Ajaccio)
1598115600,Aug 22 2020 - 5:00pm,complete,N/A,Amiens SC,Nancy,Romain Lissorgue,1,0.00,0.00,1.53,1.11,1,0,1,0,0,0,"71","",4,3,2,1,3,0,1,2,0,3,13,6,6,2,7,4,18,21,44,56,0.00,0.00,1.69,0.94,0.00,0,0,0,0,0,0,0,0,0,0.00,0.00,2.45,3.00,3.10,1.43,2.30,4.40,8.75,1.91,1.80,Stade Crédit Agricole de la Licorne (Amiens)
1598115600,Aug 22 2020 - 5:00pm,complete,N/A,Auxerre,Sochaux,Mehdi Mokhtari,1,0.00,0.00,1.89,1.37,0,2,2,1,0,1,"","4,46",4,6,2,1,1,0,1,2,1,0,4,10,3,4,1,6,12,7,53,47,0.00,0.00,0.85,1.26,0.00,0,0,0,0,0,0,0,0,0,0.00,0.00,2.15,2.80,4.20,1.65,3.05,6.30,13.00,2.45,1.50,Stade de l'Abbé Deschamps (Auxerre)
1598115600,Aug 22 2020 - 5:00pm,complete,N/A,Chambly,Paris,Gaël Angoula,1,0.00,0.00,1.26,1.30,0,3,3,1,0,1,"","9,73,90'5",1,2,2,0,2,1,2,0,2,1,7,12,2,9,5,3,15,25,54,46,0.00,0.00,1.08,1.98,0.00,0,0,0,0,0,0,0,0,0,0.00,0.00,2.65,2.80,3.10,1.57,2.75,5.60,11.50,2.20,1.61,Stade Pierre Brisson (Beauvais)
1598115600,Aug 22 2020 - 5:00pm,complete,N/A,Clermont,Caen,Olivier Thual,1,0.00,0.00,2.32,0.74,0,0,0,0,0,0,"","",6,7,0,0,0,0,0,0,0,0,6,6,2,2,4,4,10,9,59,41,0.00,0.00,0.98,0.99,0.00,0,0,0,0,0,0,0,0,0,0.00,0.00,2.25,2.90,3.60,1.47,2.40,4.70,9.50,2.00,1.71,Stade Gabriel Montpied (Clermont-Ferrand)
1598115600,Aug 22 2020 - 5:00pm,complete,N/A,Guingamp,Niort,Bastien Dechepy,1,0.00,0.00,1.16,0.89,0,1,1,1,0,1,"","39",5,4,1,0,2,0,0,1,1,1,11,11,3,4,8,7,11,11,59,41,0.00,0.00,1.31,1.39,0.00,0,0,0,0,0,0,0,0,0,0.00,0.00,1.59,3.75,5.95,1.33,2.05,3.70,7.00,2.00,1.74,Stade du Roudourou (Guingamp)
1598115600,Aug 22 2020 - 5:00pm,complete,N/A,Rodez,Grenoble Foot 38,Bartolomeu Varela,1,0.00,0.00,1.42,1.15,1,0,1,0,0,0,"70","",5,3,3,0,2,0,1,2,0,2,6,10,5,5,1,5,13,15,47,53,0.00,0.00,1.08,1.43,0.00,0,0,0,0,0,0,0,0,0,0.00,0.00,2.85,2.95,2.70,1.49,2.50,4.95,10.00,2.10,1.69,Stade Paul Lignon (Rodez)
1598115600,Aug 22 2020 - 5:00pm,complete,N/A,Valenciennes,Pau,Alexandre Perreau Niel,1,0.00,0.00,1.42,0.63,3,0,3,2,2,0,"4,13,57","",4,2,2,0,2,1,1,1,0,3,11,8,5,5,6,3,13,16,50,50,0.00,0.00,1.51,1.32,0.00,0,0,0,0,0,0,0,0,0,0.00,0.00,2.40,3.05,3.15,1.44,2.35,4.55,9.00,2.00,1.74,Stade du Hainaut (Valenciennes)
1598294700,Aug 24 2020 - 6:45pm,complete,N/A,Troyes,Le Havre,Antony Gautier,1,0.00,0.00,2.53,1.42,2,0,2,0,0,0,"78,90'1","",2,1,1,0,1,2,1,0,1,2,21,2,10,0,11,2,15,8,55,45,0.00,0.00,2.67,0.39,0.00,0,0,0,0,0,0,0,0,0,0.00,0.00,2.35,3.00,3.30,1.45,2.40,4.60,9.25,2.00,1.74,Stade de l'Aube (Troyes)
1598706000,Aug 29 2020 - 1:00pm,complete,N/A,Caen,Ajaccio,Remi Landry,2,0.00,0.00,1.42,0.84,1,0,1,1,1,0,"18","",4,1,0,0,4,0,0,0,1,3,5,8,4,4,1,4,-1,-1,39,61,0.00,0.00,1.27,1.39,0.00,0,0,0,0,0,0,0,0,0,0.00,0.00,2.60,2.75,3.10,1.56,2.70,5.50,11.25,2.15,1.62,Stade Michel d'Ornano (Caen)
1598706000,Aug 29 2020 - 1:00pm,complete,N/A,Nancy,Guingamp,Olivier Thual,2,0.00,0.00,1.37,1.32,2,2,4,0,0,0,"63,69","56,90'2",7,8,3,0,1,0,2,1,0,1,11,9,6,5,5,4,-1,-1,46,54,0.00,0.00,1.60,1.38,0.00,0,0,0,0,0,0,0,0,0,0.00,0.00,2.65,2.75,3.05,1.53,2.65,5.25,10.75,2.10,1.67,Stade Marcel-Picot (Tomblaine)
1598720400,Aug 29 2020 - 5:00pm,complete,N/A,Châteauroux,Auxerre,Pierre Gaillouste,2,0.00,0.00,0.74,1.37,1,2,3,0,0,0,"66","59,90",3,7,0,0,1,0,0,0,0,1,13,15,4,6,9,9,0,2,42,58,0.00,0.00,1.55,2.04,0.00,0,0,0,0,0,0,0,0,0,0.00,0.00,3.10,3.00,2.45,1.43,2.35,4.45,8.75,1.95,1.77,Stade Gaston Petit (Châteauroux)
1598720400,Aug 29 2020 - 5:00pm,complete,N/A,Dunkerque,Clermont,Mathieu Vernice,2,0.00,0.00,1.37,1.47,1,1,2,1,1,0,"39","53",2,10,1,0,2,0,1,0,1,1,5,14,3,5,2,9,1,0,29,71,0.00,0.00,0.77,1.82,0.00,0,0,0,0,0,0,0,0,0,0.00,0.00,2.95,2.85,2.65,1.48,2.45,4.80,9.75,2.05,1.71,Stade Marcel-Tribut (Dunkerque)
1598720400,Aug 29 2020 - 5:00pm,complete,N/A,Grenoble Foot 38,Toulouse,Arnaud Baert,2,0.00,0.00,2.25,1.42,5,3,8,6,4,2,"12,16,32,42,69","30,45,80",7,3,1,0,3,0,0,1,2,1,14,14,9,7,5,7,0,1,43,57,0.00,0.00,1.98,2.00,0.00,0,0,0,0,0,0,0,0,0,0.00,0.00,2.35,2.95,3.40,1.43,2.35,4.45,8.75,1.95,1.77,Stade des Alpes (Grenoble)
1598720400,Aug 29 2020 - 5:00pm,complete,N/A,Le Havre,Amiens SC,Sylvain Palhies,2,0.00,0.00,1.05,0.95,1,0,1,1,1,0,"44","",3,4,2,1,3,1,1,2,1,3,4,9,3,6,1,3,0,1,47,53,0.00,0.00,0.79,1.48,0.00,0,0,0,0,0,0,0,0,0,0.00,0.00,2.45,2.90,3.20,1.47,2.40,4.70,9.50,2.00,1.74,Stade Océane (Le Havre)
1598720400,Aug 29 2020 - 5:00pm,complete,N/A,Niort,Chambly,Bartolomeu Varela,2,0.00,0.00,1.26,0.74,1,1,2,1,0,1,"84","42",4,2,2,0,2,0,0,2,1,1,10,2,6,2,4,0,-1,-1,63,37,0.00,0.00,1.52,0.52,0.00,0,0,0,0,0,0,0,0,0,0.00,0.00,2.25,3.05,3.50,1.51,2.60,5.15,10.50,2.15,1.65,Stade René Gaillard (Niort)
1598720400,Aug 29 2020 - 5:00pm,complete,N/A,Paris,Valenciennes,Guillaume Paradis,2,0.00,0.00,2.00,1.05,1,0,1,0,0,0,"47","",5,2,3,0,2,0,0,3,1,1,14,7,3,3,11,4,1,0,49,51,0.00,0.00,1.47,0.92,0.00,0,0,0,0,0,0,0,0,0,0.00,0.00,2.25,2.95,3.55,1.43,2.30,4.40,8.75,1.95,1.77,Stade Sébastien-Charléty (Paris)
1598720400,Aug 29 2020 - 5:00pm,complete,N/A,Pau,Rodez,Benjamin Lepaysant,2,0.00,0.00,1.68,0.84,1,1,2,0,0,0,"82","60",8,3,2,0,3,0,1,1,1,2,12,5,3,2,9,3,0,2,49,51,0.00,0.00,1.50,0.86,0.00,0,0,0,0,0,0,0,0,0,0.00,0.00,2.50,2.90,3.15,1.48,2.45,4.80,9.75,2.00,1.74,Stade du Hameau (Pau)
1598720400,Aug 29 2020 - 5:00pm,complete,N/A,Sochaux,Troyes,Mikael Lesage,2,0.00,0.00,1.32,1.53,2,1,3,1,1,0,"29,84","90",7,6,1,0,2,0,0,1,1,1,7,12,4,4,3,8,1,0,38,62,0.00,0.00,1.13,1.52,0.00,0,0,0,0,0,0,0,0,0,0.00,0.00,3.00,2.70,2.75,1.57,2.75,5.60,11.50,2.20,1.62,Stade Auguste-Bonal (Montbéliard)
1599915600,Sep 12 2020 - 1:00pm,complete,N/A,Guingamp,Le Havre,Frank Schneider,3,0.00,0.00,1.16,1.42,1,3,4,2,0,2,"73","6,45,69",5,2,3,0,5,0,1,2,2,3,16,5,5,5,11,0,16,15,56,44,1.31,0.39,1.93,0.92,1.50,0,50,0,0,0,0,50,50,50,6.00,5.00,2.15,2.95,3.90,1.45,2.40,4.60,9.25,2.00,1.71,Stade du Roudourou (Guingamp)
1599930000,Sep 12 2020 - 5:00pm,complete,N/A,Amiens SC,Paris,Arnaud Baert,3,3.00,3.00,1.53,1.30,1,2,3,1,0,1,"71","40,57",3,4,3,0,3,0,2,1,0,3,9,11,2,7,7,4,12,12,57,43,1.69,1.98,1.46,1.65,2.00,0,50,50,0,0,0,50,50,100,6.00,8.00,2.20,3.15,3.40,1.43,2.30,4.40,8.75,2.00,1.74,Stade Crédit Agricole de la Licorne (Amiens)
1599930000,Sep 12 2020 - 5:00pm,complete,N/A,Auxerre,Clermont,Guillaume Paradis,3,0.00,1.00,1.89,1.47,0,1,1,0,0,0,"","84",4,3,0,0,2,0,0,0,0,2,6,13,2,4,4,9,10,6,47,53,0.85,1.82,1.01,1.59,2.00,50,100,0,0,0,0,100,0,100,14.00,6.00,2.65,2.90,2.90,1.49,2.50,4.95,10.00,2.05,1.69,Stade de l'Abbé Deschamps (Auxerre)
1599930000,Sep 12 2020 - 5:00pm,complete,N/A,Chambly,Grenoble Foot 38,Mathieu Vernice,3,0.00,0.00,1.26,1.15,1,2,3,1,1,0,"10","73,90",3,5,0,0,1,0,0,0,1,0,7,9,4,4,3,5,11,8,33,67,1.08,1.43,1.07,1.42,2.00,0,50,50,0,0,0,50,50,100,4.00,4.00,3.45,2.95,2.30,1.49,2.50,4.95,10.00,2.10,1.67,Stade Pierre Brisson (Beauvais)
1599930000,Sep 12 2020 - 5:00pm,complete,N/A,Niort,Nancy,Alexandre Perreau Niel,3,1.00,0.00,1.26,1.11,1,0,1,0,0,0,"55","",0,4,4,0,2,0,1,3,1,1,11,10,5,4,6,6,13,11,39,61,1.52,0.94,1.43,1.43,1.50,50,50,0,0,0,0,50,0,100,7.00,5.00,2.80,2.85,2.80,1.48,2.45,4.80,9.75,2.00,1.71,Stade René Gaillard (Niort)
1599930000,Sep 12 2020 - 5:00pm,complete,N/A,Rodez,Caen,Pierre Gaillouste,3,3.00,1.00,1.42,0.74,0,3,3,1,0,1,"","3,67,88",6,3,2,1,3,0,0,3,1,2,6,11,2,8,4,3,8,7,64,36,1.08,0.99,1.05,1.67,0.50,0,0,0,0,0,0,0,0,50,12.00,3.00,2.90,2.90,2.70,1.49,2.50,4.85,9.75,2.05,1.71,Stade Paul Lignon (Rodez)
1599930000,Sep 12 2020 - 5:00pm,complete,N/A,Troyes,Pau,Gaël Angoula,3,3.00,0.00,2.53,0.63,2,0,2,1,1,0,"37,87","",10,0,2,0,3,1,1,1,2,2,14,10,7,2,7,8,12,10,65,35,2.67,1.32,2.03,1.04,2.50,0,100,50,0,0,50,50,50,100,4.00,5.00,1.87,3.30,4.40,1.41,2.25,4.30,8.50,2.05,1.71,Stade de l'Aube (Troyes)
1599930000,Sep 12 2020 - 5:00pm,complete,N/A,Valenciennes,Châteauroux,Sylvain Palhies,3,3.00,3.00,1.42,0.47,1,0,1,0,0,0,"67","",6,3,1,0,3,1,1,0,3,1,16,9,5,2,11,7,10,12,59,41,1.51,0.87,1.88,1.01,2.00,0,50,50,0,0,50,50,0,100,6.00,3.00,2.00,3.25,3.80,1.38,2.15,4.00,7.75,1.91,1.80,Stade du Hainaut (Valenciennes)
1600109100,Sep 14 2020 - 6:45pm,complete,N/A,Toulouse,Sochaux,Johan Hamel,3,0.00,3.00,2.30,1.37,0,0,0,0,0,0,"","",3,7,3,0,5,0,1,2,2,3,14,6,3,2,11,4,2,2,64,36,1.50,1.26,1.50,0.89,1.50,0,50,0,0,0,0,50,0,100,14.00,2.00,2.40,3.00,3.25,1.44,2.35,4.55,9.00,2.00,1.74,Stadium de Toulouse (Toulouse)
1600520400,Sep 19 2020 - 1:00pm,complete,N/A,Clermont,Toulouse,Pierre Gaillouste,4,1.00,0.00,2.32,1.42,1,1,2,1,1,0,"10","88",8,1,2,1,1,1,2,1,0,2,14,16,7,7,7,9,0,2,47,53,0.98,2.00,1.71,1.97,4.00,50,50,50,50,50,50,50,50,50,9.00,3.00,2.00,3.15,4.00,1.43,2.35,4.45,8.75,2.00,1.71,Stade Gabriel Montpied (Clermont-Ferrand)
1600534800,Sep 19 2020 - 5:00pm,complete,N/A,Caen,Chambly,Romain Lissorgue,4,3.00,1.00,1.42,0.74,0,0,0,0,0,0,"","",3,4,4,1,3,0,3,2,1,2,8,9,2,3,6,6,1,2,54,46,1.27,0.52,1.11,1.24,1.50,50,50,0,0,0,0,100,0,50,6.00,2.00,1.67,3.60,5.35,1.43,2.35,4.45,9.00,2.20,1.61,Stade Michel d'Ornano (Caen)
1600534800,Sep 19 2020 - 5:00pm,complete,N/A,Châteauroux,Amiens SC,Alexandre Perreau Niel,4,0.00,0.00,0.74,0.95,0,0,0,0,0,0,"","",0,8,0,1,3,0,1,0,2,1,3,11,2,6,1,5,1,1,33,67,1.55,1.48,0.54,1.92,2.00,50,50,50,0,0,0,50,50,50,7.00,4.00,3.15,2.95,2.45,1.44,2.35,4.55,9.00,1.95,1.77,Stade Gaston Petit (Châteauroux)
1600534800,Sep 19 2020 - 5:00pm,complete,N/A,Dunkerque,Valenciennes,Bartolomeu Varela,4,1.00,0.00,1.37,1.05,1,0,1,0,0,0,"75","",2,6,1,0,4,0,1,0,3,1,5,6,2,3,3,3,-1,-1,36,64,0.77,0.92,0.67,1.02,1.50,50,50,0,0,0,0,50,0,100,4.00,3.00,2.80,3.00,2.70,1.48,2.45,4.80,9.75,2.05,1.71,Stade Marcel-Tribut (Dunkerque)
1600534800,Sep 19 2020 - 5:00pm,complete,N/A,Grenoble Foot 38,Ajaccio,Guillaume Paradis,4,3.00,0.00,2.25,0.84,2,0,2,1,1,0,"18,79","",1,4,3,0,3,0,0,3,1,2,6,9,3,3,3,6,-1,-1,40,60,1.98,1.39,1.03,1.26,4.50,50,50,50,50,50,50,100,50,50,8.00,5.00,2.25,3.10,3.40,1.48,2.45,4.80,9.75,2.05,1.69,Stade des Alpes (Grenoble)
1600534800,Sep 19 2020 - 5:00pm,complete,N/A,Le Havre,Niort,Remi Landry,4,3.00,3.00,1.05,0.89,0,1,1,0,0,0,"","90",5,3,2,1,3,0,2,1,1,2,10,11,5,4,5,7,0,1,56,44,0.79,1.39,1.45,1.56,1.00,0,0,0,0,0,0,100,0,0,7.00,5.00,1.95,3.10,4.40,1.48,2.45,4.80,9.75,2.10,1.67,Stade Océane (Le Havre)
1600534800,Sep 19 2020 - 5:00pm,complete,N/A,Paris,Nancy,Mathieu Vernice,4,3.00,0.00,2.00,1.11,0,2,2,0,0,0,"","74,90'4",6,0,2,0,4,0,1,1,1,3,10,9,4,5,6,4,1,0,54,46,1.47,1.18,1.28,1.17,1.00,0,0,0,0,0,0,0,0,100,8.50,5.50,2.15,3.15,3.55,1.48,2.45,4.80,9.75,2.10,1.69,Stade Sébastien-Charléty (Paris)
1600534800,Sep 19 2020 - 5:00pm,complete,N/A,Pau,Guingamp,Mehdi Mokhtari,4,1.00,1.00,1.68,1.32,0,1,1,0,0,0,"","55",5,8,6,0,1,0,2,4,0,1,11,11,2,5,9,6,0,1,41,59,1.50,1.38,1.36,1.50,3.00,100,100,50,50,0,0,0,100,100,16.00,3.00,3.15,3.00,2.40,1.47,2.40,4.70,9.50,2.00,1.74,Stade du Hameau (Pau)
1600534800,Sep 19 2020 - 5:00pm,complete,N/A,Sochaux,Rodez,Jérôme Brisard,4,3.00,1.00,1.32,0.84,2,2,4,2,0,2,"68,83","15,45'2",6,1,2,0,1,0,2,0,1,0,13,8,5,4,8,4,-1,-1,62,38,1.13,0.86,1.73,1.06,2.50,100,100,50,0,0,0,50,100,100,10.00,4.00,2.20,2.95,3.70,1.61,2.90,5.95,12.25,2.35,1.54,Stade Auguste-Bonal (Montbéliard)
1600713900,Sep 21 2020 - 6:45pm,complete,N/A,Auxerre,Troyes,Olivier Thual,4,0.00,0.00,1.89,1.53,2,1,3,1,1,0,"37,58","90'1",3,6,1,0,3,0,0,1,0,3,8,17,4,7,4,10,-1,-1,36,64,0.93,1.52,1.20,2.13,2.25,50,75,50,0,0,0,75,50,100,10.00,4.00,2.85,2.90,2.75,1.54,2.65,5.40,11.00,2.15,1.62,Stade de l'Abbé Deschamps (Auxerre)
1601125200,Sep 26 2020 - 1:00pm,complete,N/A,Toulouse,Auxerre,Mathieu Vernice,5,0.50,3.00,2.30,1.37,3,1,4,0,0,0,"69,86,90'3","58",5,5,2,0,1,0,1,1,1,0,10,12,6,4,4,8,3,0,45,55,1.50,2.04,1.38,1.45,1.75,50,50,50,0,0,0,0,50,75,12.50,3.00,2.40,2.85,3.45,1.49,2.50,4.95,10.00,2.05,1.71,Stadium de Toulouse (Toulouse)
1601139600,Sep 26 2020 - 5:00pm,complete,N/A,Ajaccio,Sochaux,Benoît Millot,5,0.00,2.00,1.58,1.37,1,1,2,1,1,0,"11","48",3,4,2,0,1,0,0,2,0,1,11,7,5,3,6,4,2,0,51,49,1.19,1.08,1.49,1.16,1.00,0,25,0,0,0,0,25,0,75,8.50,3.00,2.35,2.85,3.55,1.62,2.95,6.05,12.50,2.35,1.54,Stade François Coty (Ajaccio)
1601139600,Sep 26 2020 - 5:00pm,complete,N/A,Amiens SC,Pau,Guillaume Paradis,5,1.50,0.00,1.53,0.63,0,0,0,0,0,0,"","",4,3,3,0,4,0,1,2,1,3,10,5,3,2,7,3,1,0,72,28,1.58,1.18,1.38,0.68,2.25,25,75,50,0,0,25,75,25,100,4.50,7.50,1.87,3.20,4.60,1.48,2.45,4.80,9.75,2.15,1.65,Stade Crédit Agricole de la Licorne (Amiens)
1601139600,Sep 26 2020 - 5:00pm,complete,N/A,Chambly,Châteauroux,Abdelatif Kherradji,5,0.00,1.50,1.26,0.47,2,1,3,1,0,1,"53,76","45'2",1,3,0,1,3,0,1,0,1,2,8,12,6,6,2,6,3,0,36,64,1.08,0.94,1.26,1.91,2.00,25,50,50,0,0,0,50,50,100,4.50,4.00,2.35,2.90,3.40,1.53,2.65,5.25,10.75,2.10,1.67,Stade Pierre Brisson (Beauvais)
1601139600,Sep 26 2020 - 5:00pm,complete,N/A,Guingamp,Grenoble Foot 38,Sylvain Palhies,5,0.00,1.50,1.16,1.15,1,0,1,1,1,0,"23","",4,3,1,0,2,0,0,1,1,1,12,10,5,6,7,4,0,1,42,58,1.62,1.42,1.45,1.68,2.25,50,50,50,25,0,25,75,50,75,9.00,3.50,2.15,3.20,3.45,1.34,2.05,3.75,7.25,1.83,1.87,Stade du Roudourou (Guingamp)
1601139600,Sep 26 2020 - 5:00pm,complete,N/A,Nancy,Le Havre,Romain Delpech,5,1.00,1.50,1.37,1.42,0,1,1,0,0,0,"","66",5,3,2,0,2,0,2,0,2,0,9,10,3,4,6,6,1,1,46,54,1.60,0.66,1.14,1.20,3.50,75,100,75,75,0,25,25,100,100,8.50,7.50,2.45,2.75,3.35,1.48,2.45,4.80,9.75,1.95,1.77,Stade Marcel-Picot (Tomblaine)
1601139600,Sep 26 2020 - 5:00pm,complete,N/A,Niort,Paris,Benjamin Lepaysant,5,2.00,3.00,1.26,1.30,2,2,4,1,1,0,"35,54","58,88",1,5,3,1,2,1,2,2,2,1,10,6,4,4,6,2,1,0,44,56,1.47,1.81,1.22,1.07,2.25,50,75,50,0,0,0,75,50,100,5.00,6.50,2.95,2.90,2.65,1.47,2.40,4.70,9.50,2.00,1.74,Stade René Gaillard (Niort)
1601139600,Sep 26 2020 - 5:00pm,complete,N/A,Rodez,Dunkerque,Remi Landry,5,1.50,3.00,1.42,0.79,2,1,3,1,1,0,"21,82","50",1,2,3,0,2,0,2,1,0,2,9,7,6,2,3,5,2,1,48,52,1.07,1.35,1.31,0.91,1.50,0,25,25,0,0,0,25,25,100,7.50,4.50,2.55,2.90,3.05,1.50,2.55,5.05,10.25,2.10,1.67,Stade Paul Lignon (Rodez)
1601139600,Sep 26 2020 - 5:00pm,complete,N/A,Valenciennes,Caen,Florent Batta,5,3.00,2.00,1.42,0.74,1,0,1,1,1,0,"10","",6,5,4,0,2,0,3,1,2,0,6,11,3,2,3,9,1,0,37,63,1.69,1.33,1.08,1.40,1.75,0,50,50,0,0,25,50,25,75,10.00,3.00,3.05,2.75,2.70,1.51,2.60,5.15,10.50,2.10,1.67,Stade du Hainaut (Valenciennes)
1601318700,Sep 28 2020 - 6:45pm,complete,N/A,Troyes,Clermont,Arnaud Baert,5,3.00,2.00,2.53,1.47,1,0,1,1,1,0,"13","",8,2,3,0,1,0,1,2,0,1,15,7,7,5,8,2,1,0,52,48,2.35,1.71,2.00,1.19,1.75,25,75,0,0,0,0,50,25,100,12.50,3.50,2.60,2.90,2.95,1.53,2.65,5.25,10.75,2.15,1.65,Stade de l'Aube (Troyes)
1601485200,Sep 30 2020 - 5:00pm,complete,N/A,Ajaccio,Dunkerque,Benjamin Lepaysant,3,0.50,1.50,1.58,0.79,1,0,1,0,0,0,"72","",7,1,3,0,3,1,1,2,2,2,11,8,7,2,4,6,-1,-1,64,36,1.34,1.13,1.81,0.99,1.75,50,50,25,0,0,0,50,25,100,4.50,2.50,1.95,3.10,4.35,1.49,2.50,4.95,10.00,2.15,1.62,Stade François Coty (Ajaccio)
1601730000,Oct 03 2020 - 1:00pm,complete,N/A,Toulouse,Troyes,Remi Landry,6,1.33,0.00,2.30,1.53,0,0,0,0,0,0,"","",4,7,4,1,1,0,1,4,0,1,7,10,3,6,4,4,3,0,35,65,1.46,1.83,0.98,1.63,2.34,67,67,67,17,0,0,50,67,84,11.33,4.50,2.80,3.00,2.70,1.39,2.20,4.15,8.25,1.91,1.83,Stadium de Toulouse (Toulouse)
1601731800,Oct 03 2020 - 1:30pm,complete,N/A,Caen,Amiens SC,Jeremy Stinat,6,2.00,0.50,1.42,0.95,1,0,1,1,1,0,"42","",6,5,1,0,3,0,1,0,2,1,5,8,3,3,2,5,0,1,44,56,1.19,1.70,0.99,1.21,0.50,0,0,0,0,0,0,50,0,0,9.50,6.00,2.45,2.90,3.20,1.49,2.50,4.95,10.00,2.05,1.71,Stade Michel d'Ornano (Caen)
1601744400,Oct 03 2020 - 5:00pm,complete,N/A,Auxerre,Ajaccio,Bartolomeu Varela,6,1.00,0.00,1.89,0.84,5,1,6,5,4,1,"7,23,37,41,84","30",5,11,3,0,1,0,2,1,1,0,13,11,9,5,4,6,0,1,44,56,1.02,1.33,1.83,1.54,1.75,17,59,17,0,0,0,84,17,75,6.17,5.17,2.50,2.85,3.20,1.49,2.50,4.85,9.75,2.05,1.71,Stade de l'Abbé Deschamps (Auxerre)
1601744400,Oct 03 2020 - 5:00pm,complete,N/A,Châteauroux,Niort,Mehdi Mokhtari,6,0.50,3.00,0.74,0.89,2,0,2,1,1,0,"37,87","",9,5,3,0,1,0,0,3,0,1,18,9,8,2,10,7,1,0,47,53,1.04,1.48,2.42,1.18,1.25,25,25,25,0,0,0,25,25,50,5.00,3.50,2.15,3.20,3.50,1.38,2.15,4.00,7.75,1.87,1.83,Stade Gaston Petit (Châteauroux)
1601744400,Oct 03 2020 - 5:00pm,complete,N/A,Clermont,Rodez,Alexandre Perreau Niel,6,1.00,1.00,2.32,0.84,3,0,3,2,2,0,"5,44,90'2","",3,12,2,0,5,0,0,2,3,2,17,11,11,4,6,7,0,2,47,53,1.34,0.96,2.32,1.62,2.00,75,75,25,25,0,25,50,50,75,9.00,4.00,1.74,3.40,5.05,1.43,2.35,4.45,8.75,2.10,1.67,Stade Gabriel Montpied (Clermont-Ferrand)
1601744400,Oct 03 2020 - 5:00pm,complete,N/A,Dunkerque,Guingamp,Abdelatif Kherradji,6,2.00,2.00,1.37,1.32,1,0,1,0,0,0,"63","",1,4,1,0,2,0,1,0,2,0,5,7,2,0,3,7,0,2,41,59,0.72,1.44,0.95,0.95,2.00,50,50,25,25,0,0,25,25,100,10.00,2.00,3.25,3.20,2.25,1.41,2.25,4.30,8.50,1.95,1.77,Stade Marcel-Tribut (Dunkerque)
1601744400,Oct 03 2020 - 5:00pm,complete,N/A,Grenoble Foot 38,Valenciennes,Romain Lissorgue,6,3.00,0.00,2.25,1.05,2,0,2,1,1,0,"30,58","",6,1,2,0,3,0,0,2,0,3,12,11,5,5,7,6,-1,-1,44,56,1.51,0.97,1.57,1.56,3.00,25,50,25,25,25,25,50,25,100,8.00,5.00,2.15,3.00,3.75,1.41,2.25,4.25,8.25,1.95,1.77,Stade des Alpes (Grenoble)
1601744400,Oct 03 2020 - 5:00pm,complete,N/A,Paris,Le Havre,Olivier Thual,6,1.50,2.00,2.00,1.42,3,0,3,1,1,0,"33,56,77","",4,3,0,0,1,0,0,0,0,1,7,5,5,3,2,2,-1,-1,45,55,1.37,0.84,1.14,0.79,1.92,17,59,17,17,0,17,17,59,100,7.50,6.17,2.50,2.85,3.15,1.48,2.45,4.80,9.75,2.00,1.74,Stade Sébastien-Charléty (Paris)
1601744400,Oct 03 2020 - 5:00pm,complete,N/A,Pau,Nancy,Pierre Gaillouste,6,0.50,1.00,1.68,1.11,1,1,2,1,1,0,"40","86",7,6,3,0,1,1,1,2,1,1,10,9,3,5,7,4,2,0,49,51,1.43,1.18,1.30,1.34,1.42,25,42,0,0,0,0,0,42,100,8.83,7.00,2.40,2.85,3.30,1.47,2.40,4.70,9.50,2.05,1.71,Stade du Hameau (Pau)
1601744400,Oct 03 2020 - 5:00pm,complete,N/A,Sochaux,Chambly,Arnaud Baert,6,2.00,1.00,1.32,0.74,3,2,5,2,1,1,"24,48,89","8,88",5,6,2,0,3,0,0,2,1,2,11,11,4,6,7,5,0,1,58,42,1.43,0.88,1.45,1.48,2.25,75,75,50,25,0,25,75,50,75,9.50,4.00,1.95,2.85,4.95,1.62,2.95,6.05,12.50,2.45,1.50,Stade Auguste-Bonal (Montbéliard)
1602867600,Oct 16 2020 - 5:00pm,complete,N/A,Chambly,Clermont,Guillaume Paradis,7,1.00,1.33,1.26,1.47,0,3,3,2,0,2,"","12,43,63",5,3,1,0,1,0,0,1,1,0,8,16,2,8,6,8,-1,-1,37,63,1.14,1.53,1.06,1.98,2.17,50,67,50,0,0,0,84,50,84,6.67,3.00,3.95,3.15,2.05,1.51,2.60,5.15,10.50,2.15,1.62,Stade Pierre Brisson (Beauvais)
1602939600,Oct 17 2020 - 1:00pm,complete,N/A,Valenciennes,Sochaux,Pierre Gaillouste,7,3.00,1.67,1.42,1.37,0,0,0,0,0,0,"","",4,7,4,0,4,0,2,2,2,2,11,14,2,6,9,8,0,1,48,52,1.49,1.10,1.26,1.90,1.50,17,50,17,0,0,17,67,0,67,11.00,4.66,2.75,2.85,2.85,1.56,2.75,5.60,11.50,2.20,1.61,Stade du Hainaut (Valenciennes)
1602954000,Oct 17 2020 - 5:00pm,complete,N/A,Ajaccio,Toulouse,Mehdi Mokhtari,7,1.33,0.50,1.58,1.42,0,1,1,0,0,0,"","87",9,5,5,1,3,1,2,4,3,1,10,7,0,3,10,4,1,1,61,39,1.49,1.99,1.25,1.03,3.17,67,67,25,25,25,25,67,25,100,6.00,4.67,2.20,3.10,3.60,1.37,2.15,3.95,7.75,1.87,1.87,Stade François Coty (Ajaccio)
1602954000,Oct 17 2020 - 5:00pm,complete,N/A,Amiens SC,Grenoble Foot 38,Stéphanie Frappart,7,1.33,1.00,1.53,1.15,1,0,1,0,0,0,"64","",4,1,2,0,2,0,2,0,1,1,9,5,3,2,6,3,1,0,47,53,1.51,1.51,1.19,0.77,1.50,33,33,33,0,0,0,50,33,67,7.34,5.00,2.15,3.05,3.70,1.49,2.50,4.85,9.75,2.10,1.69,Stade Crédit Agricole de la Licorne (Amiens)
1602954000,Oct 17 2020 - 5:00pm,complete,N/A,Le Havre,Châteauroux,Mathieu Vernice,7,1.50,1.00,1.05,0.47,1,1,2,2,1,1,"8","16",3,3,2,0,2,0,0,2,1,1,12,9,5,3,7,6,0,1,51,49,1.12,1.26,1.54,1.11,1.34,17,17,17,0,0,0,42,17,75,6.67,6.50,2.00,2.95,4.40,1.45,2.40,4.60,9.25,2.00,1.74,Stade Océane (Le Havre)
1602954000,Oct 17 2020 - 5:00pm,complete,N/A,Nancy,Dunkerque,Sylvain Palhies,7,0.50,1.00,1.37,0.79,2,1,3,2,2,0,"31,43","73",2,3,2,0,1,0,1,1,1,0,9,10,6,4,3,6,-1,-1,45,55,1.37,1.09,1.48,1.35,2.09,42,42,42,25,0,0,17,42,100,7.67,4.83,2.15,2.90,3.85,1.53,2.65,5.25,10.75,2.20,1.62,Stade Marcel-Picot (Tomblaine)
1602954000,Oct 17 2020 - 5:00pm,complete,N/A,Niort,Caen,Romain Delpech,7,1.67,1.33,1.26,0.74,3,0,3,1,1,0,"16,68,80","",2,1,2,0,0,0,0,2,0,0,18,8,7,4,11,4,1,0,46,54,1.39,1.35,2.06,1.26,1.83,34,50,33,17,0,0,67,33,67,6.67,5.00,3.25,2.75,2.55,1.44,2.35,4.50,9.00,1.95,1.77,Stade René Gaillard (Niort)
1602954000,Oct 17 2020 - 5:00pm,complete,N/A,Paris,Pau,Abdelatif Kherradji,7,2.00,0.33,2.00,0.63,1,0,1,0,0,0,"78","",3,6,3,0,2,0,2,1,0,2,11,6,5,4,6,2,1,1,65,35,1.29,1.01,1.58,1.04,1.84,0,67,33,0,0,17,50,34,84,6.67,5.67,1.95,3.15,4.30,1.49,2.50,4.85,9.75,2.15,1.65,Stade Sébastien-Charléty (Paris)
1602954000,Oct 17 2020 - 5:00pm,complete,N/A,Rodez,Troyes,Benjamin Lepaysant,7,2.00,0.33,1.42,1.53,0,1,1,0,0,0,"","90'2",2,5,1,0,2,0,0,1,1,1,6,6,0,2,6,4,0,1,25,75,1.15,1.76,0.60,0.88,2.17,50,67,67,0,0,0,67,67,84,10.33,5.33,3.75,3.15,2.10,1.39,2.25,4.20,8.25,1.95,1.77,Stade Paul Lignon (Rodez)
1603133100,Oct 19 2020 - 6:45pm,complete,N/A,Guingamp,Auxerre,Nicolas Rainville,7,1.00,1.50,1.16,1.37,2,0,2,0,0,0,"59,81","",8,5,1,0,2,0,0,1,0,2,13,7,9,0,4,7,-1,-1,39,61,1.56,1.75,1.79,0.88,2.75,67,67,67,42,0,17,50,67,67,10.67,2.67,2.30,3.00,3.45,1.42,2.30,4.40,8.75,1.95,1.80,Stade du Roudourou (Guingamp)
1603544400,Oct 24 2020 - 1:00pm,complete,N/A,Caen,Guingamp,Thomas Léonard,8,2.33,1.33,1.42,1.32,1,0,1,0,0,0,"90'1","",10,3,2,0,2,0,2,0,1,1,14,7,6,3,8,4,1,0,51,49,1.12,1.28,1.86,0.95,1.34,17,17,17,17,0,0,34,17,50,11.00,3.33,2.90,3.00,2.60,1.48,2.45,4.80,9.75,2.05,1.71,Stade Michel d'Ornano (Caen)
1603558800,Oct 24 2020 - 5:00pm,complete,N/A,Auxerre,Chambly,Pierre Gaillouste,8,1.50,0.67,1.89,0.74,4,0,4,3,3,0,"17,20,29,49","",5,6,1,0,0,0,1,0,0,0,9,11,6,6,3,5,1,1,61,39,1.22,1.08,1.46,1.60,2.67,59,71,42,29,29,29,71,29,84,8.00,4.67,1.80,3.25,5.10,1.39,2.20,4.15,8.25,2.00,1.74,Stade de l'Abbé Deschamps (Auxerre)
1603558800,Oct 24 2020 - 5:00pm,complete,N/A,Châteauroux,Paris,Romain Delpech,8,1.33,2.33,0.74,1.30,1,2,3,3,1,2,"45'2","20,31",0,5,4,0,2,0,2,2,1,1,10,10,3,6,7,4,1,1,51,49,1.50,1.57,1.14,1.50,2.50,50,84,67,17,0,0,67,67,84,7.67,5.34,3.30,3.15,2.25,1.41,2.25,4.25,8.25,1.91,1.80,Stade Gaston Petit (Châteauroux)
1603558800,Oct 24 2020 - 5:00pm,complete,N/A,Clermont,Ajaccio,Olivier Thual,8,1.67,0.00,2.32,0.84,0,2,2,0,0,0,"","54,90",6,3,2,0,2,0,0,2,1,1,10,4,4,4,6,0,0,4,71,29,1.67,1.40,1.53,0.83,2.34,33,67,33,17,17,33,84,0,67,11.00,4.67,1.83,3.25,4.70,1.44,2.35,4.50,9.00,2.10,1.67,Stade Gabriel Montpied (Clermont-Ferrand)
1603558800,Oct 24 2020 - 5:00pm,complete,N/A,Dunkerque,Le Havre,Romain Lissorgue,8,2.33,1.50,1.37,1.42,0,1,1,1,0,1,"","26",4,4,2,0,2,0,1,1,0,2,11,7,0,5,11,2,-1,-1,69,31,0.79,0.83,1.24,1.04,1.92,29,54,25,13,0,13,42,38,100,3.92,4.00,2.80,2.75,2.90,1.57,2.80,5.65,11.75,2.20,1.61,Stade Marcel-Tribut (Dunkerque)
1603558800,Oct 24 2020 - 5:00pm,complete,N/A,Pau,Niort,Aurélien Petit,8,0.67,2.00,1.68,0.89,4,1,5,3,2,1,"38,45,80,90'1","13",5,5,3,0,1,1,1,2,1,1,15,9,10,5,5,4,0,1,49,51,1.39,1.38,2.19,1.50,1.50,34,50,0,0,0,0,50,17,84,10.67,5.67,2.60,2.90,3.00,1.47,2.40,4.70,9.50,2.00,1.74,Stade du Hameau (Pau)
1603558800,Oct 24 2020 - 5:00pm,complete,N/A,Toulouse,Rodez,Bartolomeu Varela,8,1.25,0.67,2.30,0.84,3,0,3,1,1,0,"13,56,90'6","",0,7,2,0,2,0,0,2,2,0,8,11,5,2,3,9,1,0,54,46,1.34,1.18,1.09,1.28,2.13,46,63,46,29,0,34,34,46,75,10.33,5.75,2.05,3.10,3.90,1.44,2.35,4.50,9.00,2.05,1.71,Stadium de Toulouse (Toulouse)
1603558800,Oct 24 2020 - 5:00pm,complete,N/A,Troyes,Valenciennes,Abdelatif Kherradji,8,3.00,0.00,2.53,1.05,1,1,2,2,1,1,"16","8",1,1,3,1,1,0,3,1,1,0,10,5,4,3,6,2,-1,-1,52,48,2.23,1.17,1.40,1.00,1.50,0,50,0,0,0,0,50,17,84,9.67,5.00,1.69,3.40,5.60,1.43,2.35,4.45,9.00,2.15,1.65,Stade de l'Aube (Troyes)
1603741500,Oct 26 2020 - 7:45pm,complete,N/A,Sochaux,Amiens SC,Jeremy Stinat,8,2.33,0.33,1.32,0.95,0,2,2,0,0,0,"","90'2,90'3",4,5,5,1,2,0,4,2,1,1,11,13,3,6,8,7,-1,-1,55,45,1.44,1.54,1.36,1.68,2.34,50,50,50,34,17,34,84,50,50,11.67,5.00,2.45,2.70,3.50,1.69,3.15,6.65,13.75,2.45,1.50,Stade Auguste-Bonal (Montbéliard)
1604152800,Oct 31 2020 - 2:00pm,complete,N/A,Paris,Caen,Nicolas Rainville,9,2.25,1.00,2.00,0.74,3,1,4,2,1,1,"43,49,70","12",7,6,2,0,6,1,2,0,3,4,14,10,6,5,8,5,8,19,64,36,1.36,1.33,1.69,1.34,1.75,0,50,38,0,0,0,50,50,75,8.50,3.25,2.20,3.10,3.60,1.53,2.60,5.25,10.50,2.20,1.62,Stade Sébastien-Charléty (Paris)
1604167200,Oct 31 2020 - 6:00pm,complete,N/A,Ajaccio,Troyes,Thomas Léonard,9,1.00,1.00,1.58,1.53,0,4,4,1,0,1,"","22,49,63,83",4,0,1,0,1,0,0,1,0,1,8,12,6,8,2,4,15,6,38,62,1.43,1.54,1.43,1.81,1.50,38,38,25,0,0,0,38,25,88,11.25,4.75,3.00,2.90,2.60,1.53,2.60,5.25,10.50,2.15,1.67,Stade François Coty (Ajaccio)
1604167200,Oct 31 2020 - 6:00pm,complete,N/A,Chambly,Dunkerque,Bartolomeu Varela,9,0.75,0.75,1.26,0.79,0,1,1,0,0,0,"","58",2,2,2,1,4,0,2,1,4,0,7,4,2,2,5,2,18,12,54,46,1.12,1.15,1.07,0.77,2.50,50,75,75,0,0,25,75,50,100,4.50,3.25,3.10,2.80,2.70,1.50,2.60,5.00,10.50,2.10,1.69,Stade Pierre Brisson (Beauvais)
1604167200,Oct 31 2020 - 6:00pm,complete,N/A,Guingamp,Sochaux,Sylvain Palhies,9,1.50,1.50,1.16,1.37,0,0,0,0,0,0,"","",3,4,1,0,0,1,1,0,0,1,11,5,4,4,7,1,13,10,66,34,1.62,1.30,1.40,0.86,1.50,25,50,13,13,0,13,63,25,50,11.50,4.25,2.05,3.05,4.10,1.47,2.45,4.70,9.50,2.05,1.71,Stade du Roudourou (Guingamp)
1604167200,Oct 31 2020 - 6:00pm,complete,N/A,Le Havre,Pau,Romain Delpech,9,1.33,0.25,1.05,0.63,1,0,1,1,1,0,"3","",7,13,2,0,3,1,1,1,0,4,8,15,5,4,3,11,11,17,44,56,1.26,1.02,1.11,1.85,1.42,17,42,13,0,0,29,59,0,54,6.42,6.50,2.40,2.85,3.40,1.54,2.65,5.25,10.75,2.15,1.65,Stade Océane (Le Havre)
1604167200,Oct 31 2020 - 6:00pm,complete,N/A,Nancy,Châteauroux,Guillaume Paradis,9,1.33,1.00,1.37,0.47,2,1,3,1,0,1,"54,71","15",3,3,2,0,1,0,0,2,1,0,13,8,4,6,9,2,17,16,57,43,1.40,1.22,1.59,1.36,2.21,59,59,46,17,0,29,42,29,88,7.42,5.08,1.91,3.20,4.55,1.43,2.35,4.40,8.75,2.05,1.71,Stade Marcel-Picot (Tomblaine)
1604167200,Oct 31 2020 - 6:00pm,complete,N/A,Rodez,Auxerre,Mehdi Mokhtari,9,1.50,1.00,1.42,1.37,2,2,4,3,2,1,"22,38","35,73",8,4,2,0,2,0,0,2,0,2,11,7,6,4,5,3,15,8,37,63,1.01,1.46,1.49,1.11,2.50,46,75,59,17,0,0,25,75,100,9.17,4.08,3.10,3.00,2.50,1.43,2.35,4.40,8.75,1.95,1.80,Stade Paul Lignon (Rodez)
1604167200,Oct 31 2020 - 6:00pm,complete,N/A,Valenciennes,Clermont,Benjamin Lepaysant,9,2.50,1.75,1.42,1.47,1,3,4,2,1,1,"37","20,67,86",4,4,3,0,0,0,2,1,0,0,15,21,8,10,7,11,12,13,49,51,1.43,1.65,1.96,2.54,1.50,13,38,25,0,0,25,63,0,63,9.50,4.25,4.55,3.00,2.00,1.49,2.50,4.85,10.00,2.15,1.65,Stade du Hainaut (Valenciennes)
1604346300,Nov 02 2020 - 7:45pm,complete,N/A,Amiens SC,Toulouse,Alexandre Perreau Niel,9,1.75,1.33,1.53,1.42,0,1,1,0,0,0,"","55",7,5,3,1,2,0,1,3,0,2,12,12,5,7,7,5,19,15,44,56,1.43,1.67,1.66,1.67,2.46,46,46,29,17,17,17,46,29,88,6.75,6.67,2.25,2.80,4.05,1.50,2.55,4.95,10.25,2.10,1.69,Stade Crédit Agricole de la Licorne (Amiens)
1604757600,Nov 07 2020 - 2:00pm,complete,N/A,Clermont,Guingamp,Arnaud Baert,10,1.25,1.00,2.32,1.32,0,0,0,0,0,0,"","",8,5,2,0,2,0,0,2,0,2,12,10,7,3,5,7,14,16,56,44,1.64,1.20,1.77,1.20,1.75,25,50,25,13,0,13,25,25,88,11.50,3.50,2.15,3.15,3.60,1.44,2.40,4.55,9.25,2.05,1.74,Stade Gabriel Montpied (Clermont-Ferrand)
1604757600,Nov 07 2020 - 2:00pm,complete,N/A,Grenoble Foot 38,Le Havre,Eric Wattellier,10,3.00,1.80,2.25,1.42,2,1,3,1,1,0,"40,82","90'4",2,1,1,0,3,0,0,1,1,2,11,12,4,4,7,8,15,8,50,50,1.53,0.87,1.32,1.32,3.10,27,80,37,27,17,27,80,47,90,7.27,4.80,2.35,2.70,3.80,1.50,2.60,5.00,10.50,2.10,1.71,Stade des Alpes (Grenoble)
1604772000,Nov 07 2020 - 6:00pm,complete,N/A,Auxerre,Amiens SC,Abdelatif Kherradji,10,1.80,1.00,1.89,0.95,2,1,3,1,1,0,"44,57","77",2,11,3,0,1,0,2,1,1,0,13,7,8,5,5,2,21,23,60,40,1.27,1.57,1.84,1.25,2.10,20,53,30,20,10,20,65,23,63,9.70,4.80,2.50,2.95,3.10,1.47,2.45,4.70,9.50,2.00,1.74,Stade de l'Abbé Deschamps (Auxerre)
1604772000,Nov 07 2020 - 6:00pm,complete,N/A,Caen,Nancy,Bastien Dechepy,10,2.50,1.00,1.42,1.11,2,1,3,2,1,1,"30,90'4","27",6,1,5,1,1,0,2,4,1,0,10,11,5,6,5,5,20,9,48,52,1.31,1.22,1.43,1.62,1.13,13,25,0,0,0,0,38,13,63,9.00,5.00,2.30,2.95,3.60,1.53,2.60,5.25,10.50,2.15,1.67,Stade Michel d'Ornano (Caen)
1604772000,Nov 07 2020 - 6:00pm,complete,N/A,Châteauroux,Pau,Mehdi Mokhtari,10,1.00,0.20,0.74,0.63,0,3,3,3,0,3,"","9,33,40",7,3,1,1,3,0,0,2,2,1,13,10,5,5,8,5,17,14,58,42,1.41,1.18,1.82,1.39,1.70,25,58,35,0,0,23,55,13,55,7.80,5.85,2.80,2.90,2.80,1.47,2.45,4.70,9.50,2.05,1.74,Stade Gaston Petit (Châteauroux)
1604772000,Nov 07 2020 - 6:00pm,complete,N/A,Dunkerque,Paris,Pierre Gaillouste,10,1.75,2.50,1.37,1.30,0,1,1,1,0,1,"","6",4,2,1,0,1,1,1,0,1,1,5,6,2,3,3,3,14,17,49,51,0.91,1.55,1.07,1.13,2.25,50,63,50,13,0,13,75,38,75,6.25,4.50,3.85,3.15,2.10,1.53,2.60,5.25,10.50,2.25,1.61,Stade Marcel-Tribut (Dunkerque)
1604772000,Nov 07 2020 - 6:00pm,complete,N/A,Rodez,Ajaccio,Nicolas Rainville,10,1.40,0.75,1.42,0.84,0,1,1,0,0,0,"","82",7,2,2,0,2,1,2,0,1,2,10,4,4,3,6,1,12,12,56,44,1.11,1.26,1.45,0.71,2.58,33,68,43,23,13,23,68,33,88,9.15,5.10,2.95,2.90,2.70,1.54,2.70,5.50,11.00,2.20,1.65,Stade Paul Lignon (Rodez)
1604772000,Nov 07 2020 - 6:00pm,complete,N/A,Sochaux,Niort,Romain Lissorgue,10,1.75,1.50,1.32,0.89,3,4,7,3,1,2,"32,79,84","9,29,66,68",7,1,1,0,2,0,0,1,1,1,12,11,6,5,6,6,16,20,56,44,1.42,1.41,1.66,1.30,2.88,50,75,50,38,25,38,75,63,88,9.75,5.00,2.15,3.05,3.80,1.50,2.55,4.95,10.25,2.15,1.67,Stade Auguste-Bonal (Montbéliard)
1604772000,Nov 07 2020 - 6:00pm,complete,N/A,Toulouse,Valenciennes,Sylvain Palhies,10,1.60,0.25,2.30,1.05,4,5,9,4,2,2,"14,23,58,83","26,33,63,77,86",3,6,3,0,3,0,1,2,2,1,9,15,6,7,3,8,16,16,56,44,1.29,1.13,1.50,1.96,1.55,23,45,20,10,0,13,35,20,68,6.50,5.10,2.00,3.20,4.15,1.38,2.20,4.10,8.25,1.95,1.80,Stadium de Toulouse (Toulouse)
1604772000,Nov 07 2020 - 6:00pm,complete,N/A,Troyes,Chambly,Alexandre Perreau Niel,10,2.50,0.50,2.53,0.74,2,2,4,3,2,1,"2,44","25,81",8,2,3,0,3,1,0,3,1,3,13,8,5,5,8,3,12,12,68,32,2.02,1.21,1.69,1.14,2.25,38,75,25,25,13,38,75,25,63,9.75,4.75,1.67,3.45,6.00,1.40,2.25,4.25,8.50,2.15,1.67,Stade de l'Aube (Troyes)
1605967200,Nov 21 2020 - 2:00pm,complete,N/A,Le Havre,Caen,Stéphanie Frappart,11,1.75,0.80,1.05,0.74,1,2,3,1,1,0,"45","76,85",1,4,2,0,3,0,0,2,1,2,5,7,3,3,2,4,12,17,43,57,1.22,1.33,0.97,1.27,1.73,23,43,30,10,0,23,78,30,43,8.90,5.15,2.70,2.85,3.00,1.56,2.70,5.50,11.00,2.20,1.65,Stade Océane (Le Havre)
1605981600,Nov 21 2020 - 6:00pm,complete,N/A,Amiens SC,Clermont,Guillaume Paradis,11,1.40,2.00,1.53,1.47,1,1,2,1,1,0,"44","67",4,6,1,0,2,0,1,0,1,1,12,10,8,5,4,5,16,11,41,59,1.48,1.82,1.56,1.28,1.70,30,40,30,10,0,20,50,20,80,8.80,4.60,3.20,2.90,2.50,1.50,2.55,4.95,10.25,2.10,1.69,Stade Crédit Agricole de la Licorne (Amiens)
1605981600,Nov 21 2020 - 6:00pm,complete,N/A,Chambly,Toulouse,Romain Lissorgue,11,0.60,1.75,1.26,1.42,1,1,2,0,0,0,"74","56",6,2,1,0,4,0,1,0,1,3,10,6,7,4,3,2,17,28,46,54,1.11,1.67,1.66,1.13,2.80,45,65,53,13,13,23,65,43,100,5.90,5.05,3.60,3.30,2.10,1.38,2.20,4.10,8.25,1.95,1.80,Stade Pierre Brisson (Beauvais)
1605981600,Nov 21 2020 - 6:00pm,complete,N/A,Châteauroux,Sochaux,Bartolomeu Varela,11,0.80,1.40,0.74,1.37,2,1,3,1,0,1,"90'1,90'3","18",7,5,2,0,1,0,1,1,0,1,13,9,9,4,4,5,11,11,62,38,1.49,1.21,1.98,1.21,1.50,30,60,30,0,0,20,50,10,40,9.40,4.80,3.25,2.85,2.50,1.53,2.60,5.25,10.50,2.15,1.67,Stade Gaston Petit (Châteauroux)
1605981600,Nov 21 2020 - 6:00pm,complete,N/A,Niort,Dunkerque,Bastien Dechepy,11,2.00,1.20,1.26,0.79,1,2,3,3,1,2,"45'6","1,14",6,5,2,0,1,0,0,2,0,1,13,7,5,5,8,2,16,18,49,51,1.56,1.08,1.74,1.19,2.15,45,58,45,13,0,10,58,35,100,3.75,5.40,2.25,3.05,3.45,1.43,2.30,4.40,8.75,2.00,1.77,Stade René Gaillard (Niort)
1605981600,Nov 21 2020 - 6:00pm,complete,N/A,Paris,Auxerre,Mathieu Vernice,11,2.40,1.00,2.00,1.37,0,3,3,3,0,3,"","5,9,38",6,1,4,0,1,0,2,2,1,0,5,12,4,7,1,5,19,11,56,44,1.43,1.37,1.04,1.47,2.73,48,80,58,35,0,23,33,68,100,10.25,3.50,2.25,3.20,3.35,1.33,2.05,3.70,7.25,1.80,1.95,Stade Sébastien-Charléty (Paris)
1605981600,Nov 21 2020 - 6:00pm,complete,N/A,Pau,Grenoble Foot 38,Nicolas Rainville,11,1.25,0.75,1.68,1.15,0,2,2,2,0,2,"","24,38",2,7,3,0,2,0,1,2,1,1,9,15,3,4,6,11,11,12,52,48,1.59,1.32,1.21,1.76,2.00,50,50,25,13,13,13,50,38,88,9.25,5.25,3.15,2.80,2.60,1.48,2.45,4.80,9.75,2.05,1.74,Stade du Hameau (Pau)
1605981600,Nov 21 2020 - 6:00pm,complete,N/A,Valenciennes,Rodez,Olivier Thual,11,2.00,0.50,1.42,0.84,1,1,2,1,1,0,"39","71",4,4,1,0,0,0,1,0,0,0,8,15,4,7,4,8,18,18,53,47,1.54,1.20,1.27,1.99,2.40,35,70,58,23,0,45,68,48,80,10.55,5.55,2.35,3.15,3.20,1.41,2.25,4.25,8.50,1.95,1.80,Stade du Hainaut (Valenciennes)
1606160700,Nov 23 2020 - 7:45pm,complete,N/A,Guingamp,Ajaccio,Romain Delpech,11,1.40,1.20,1.16,0.84,2,2,4,1,0,1,"49,90'2","22,54",3,5,1,0,1,0,0,1,1,0,12,14,6,8,6,6,19,15,60,40,1.58,1.15,1.73,1.93,2.00,20,50,20,20,10,20,60,30,60,9.20,4.20,2.30,2.90,3.60,1.54,2.65,5.25,10.75,2.15,1.65,Stade du Roudourou (Guingamp)
1606240800,Nov 24 2020 - 6:00pm,complete,N/A,Grenoble Foot 38,Nancy,Gaël Angoula,8,3.00,0.80,2.25,1.11,1,0,1,1,1,0,"38","",3,5,0,0,3,1,0,0,1,3,10,7,7,2,3,5,13,18,53,47,1.47,1.30,1.64,1.07,2.78,45,80,35,13,13,23,70,35,100,6.80,4.35,2.00,3.10,3.80,1.45,2.37,5.15,10.50,2.15,1.65,Stade des Alpes (Grenoble)
1606572000,Nov 28 2020 - 2:00pm,complete,N/A,Grenoble Foot 38,Paris,Ruddy Buquet,12,3.00,2.60,2.25,1.30,0,0,0,0,0,0,"","",2,10,2,0,4,0,1,1,3,1,4,13,2,2,2,11,12,9,52,48,1.51,1.47,0.70,1.46,3.00,50,80,60,20,10,20,100,50,70,7.40,4.40,2.65,2.90,3.00,1.44,2.40,4.55,9.25,2.00,1.77,Stade des Alpes (Grenoble)
1606572000,Nov 28 2020 - 2:00pm,complete,N/A,Toulouse,Niort,Gaël Angoula,12,1.33,1.80,2.30,0.89,2,1,3,2,1,1,"9,79","7",2,5,1,0,1,0,0,1,0,1,8,13,5,3,3,10,14,15,55,45,1.33,1.39,1.43,1.69,3.02,37,55,45,37,29,29,57,45,74,7.43,4.87,2.00,3.45,3.80,1.28,1.91,3.25,6.25,1.74,2.05,Stadium de Toulouse (Toulouse)
1606586400,Nov 28 2020 - 6:00pm,complete,N/A,Ajaccio,Chambly,Abdelatif Kherradji,12,0.80,0.60,1.58,0.74,0,0,0,0,0,0,"","",6,2,4,0,1,1,1,3,0,2,8,4,5,2,3,2,20,23,62,38,1.43,1.20,1.17,0.63,2.40,40,60,40,40,10,30,60,20,90,9.00,5.00,1.91,3.30,4.45,1.43,2.30,4.40,8.75,2.05,1.71,Stade François Coty (Ajaccio)
1606586400,Nov 28 2020 - 6:00pm,complete,N/A,Auxerre,Valenciennes,Remi Landry,12,2.00,0.80,1.89,1.05,1,1,2,2,1,1,"45'1","12",7,5,5,0,1,0,2,3,1,0,15,10,6,5,9,5,17,15,63,37,1.37,1.29,1.95,1.35,3.09,45,72,44,27,19,37,72,27,90,7.03,4.60,1.87,3.45,4.35,1.33,2.05,3.65,7.00,1.87,1.87,Stade de l'Abbé Deschamps (Auxerre)
1606586400,Nov 28 2020 - 6:00pm,complete,N/A,Caen,Châteauroux,Romain Lissorgue,12,2.60,0.80,1.42,0.47,1,1,2,0,0,0,"74","66",5,4,1,0,1,0,0,1,0,1,14,10,9,5,5,5,14,16,60,40,1.33,1.25,1.97,1.38,1.60,40,40,30,0,0,20,60,20,60,8.60,5.20,1.95,3.10,4.35,1.48,2.45,4.80,9.75,2.15,1.67,Stade Michel d'Ornano (Caen)
1606586400,Nov 28 2020 - 6:00pm,complete,N/A,Clermont,Nancy,Sylvain Palhies,12,1.20,0.67,2.32,1.11,2,0,2,1,1,0,"30,69","",3,2,0,0,0,0,0,0,0,0,14,3,7,2,7,1,10,15,60,40,1.66,1.26,1.66,0.51,1.54,27,55,19,0,0,19,45,19,72,9.37,5.00,1.69,3.45,5.75,1.40,2.25,4.25,8.50,2.10,1.69,Stade Gabriel Montpied (Clermont-Ferrand)
1606586400,Nov 28 2020 - 6:00pm,complete,N/A,Dunkerque,Pau,Alexandre Perreau Niel,12,1.40,0.67,1.37,0.63,2,2,4,3,2,1,"7,31","24,90",2,1,0,0,2,0,0,0,0,2,5,11,4,7,1,4,14,11,43,57,0.94,1.22,0.88,1.62,1.44,10,35,17,0,0,17,64,0,55,7.10,4.70,2.80,2.80,2.95,1.54,2.65,5.25,10.75,2.15,1.67,Stade Marcel-Tribut (Dunkerque)
1606586400,Nov 28 2020 - 6:00pm,complete,N/A,Rodez,Guingamp,Benjamin Lepaysant,12,1.17,1.00,1.42,1.32,1,1,2,1,1,0,"33","52",4,4,4,0,3,0,2,2,0,3,6,13,4,6,2,7,15,13,45,55,1.16,1.20,1.04,1.67,1.79,27,35,35,19,0,9,25,27,90,10.43,4.10,3.20,3.00,2.45,1.47,2.45,4.70,9.50,2.05,1.74,Stade Paul Lignon (Rodez)
1606586400,Nov 28 2020 - 6:00pm,complete,N/A,Sochaux,Le Havre,Mehdi Mokhtari,12,1.40,1.50,1.32,1.42,4,0,4,3,3,0,"9,15,21,65","",4,2,1,0,0,0,0,1,0,0,12,14,7,5,5,9,16,16,39,61,1.47,0.94,1.55,1.59,3.27,57,84,65,39,20,39,74,84,92,8.13,5.23,2.40,2.85,3.50,1.56,2.70,5.50,11.00,2.15,1.65,Stade Auguste-Bonal (Montbéliard)
1606586400,Nov 28 2020 - 6:00pm,complete,N/A,Troyes,Amiens SC,Romain Delpech,12,2.20,0.80,2.53,0.95,2,1,3,2,2,0,"12,44","80",7,2,2,0,2,1,0,2,2,1,14,7,6,3,8,4,20,16,60,40,1.96,1.51,1.90,0.96,1.80,30,60,20,10,0,20,70,30,50,12.40,5.40,2.05,3.10,4.00,1.45,2.40,4.60,9.50,2.05,1.71,Stade de l'Aube (Troyes)
1606845600,Dec 01 2020 - 6:00pm,complete,N/A,Amiens SC,Dunkerque,Arnaud Baert,13,1.33,1.50,1.53,0.79,1,0,1,1,1,0,"13","",2,7,2,0,4,0,0,2,2,2,6,11,5,6,1,5,21,20,51,49,1.49,1.10,0.99,1.36,1.67,42,42,34,0,0,17,42,17,83,6.83,5.17,2.00,3.15,4.25,1.50,2.55,4.95,10.25,2.20,1.65,Stade Crédit Agricole de la Licorne (Amiens)
1606845600,Dec 01 2020 - 6:00pm,complete,N/A,Chambly,Rodez,Thomas Léonard,13,0.67,0.60,1.26,0.84,1,0,1,0,0,0,"59","",0,7,2,0,4,1,0,2,3,2,7,13,3,4,4,9,15,17,39,61,1.20,1.36,0.99,1.61,2.65,55,92,64,10,0,29,74,64,100,8.40,3.87,2.90,2.90,2.70,1.44,2.40,4.50,9.25,2.00,1.77,Stade Pierre Brisson (Beauvais)
1606845600,Dec 01 2020 - 6:00pm,complete,N/A,Châteauroux,Grenoble Foot 38,Olivier Thual,13,1.17,1.20,0.74,1.15,0,1,1,0,0,0,"","87",4,5,1,1,2,0,1,1,0,2,6,13,2,4,4,9,16,17,39,61,1.57,1.41,0.96,1.63,1.97,35,62,44,0,0,27,64,27,55,8.13,3.97,3.50,3.20,2.20,1.38,2.20,4.05,8.00,1.91,1.83,Stade Gaston Petit (Châteauroux)
1606845600,Dec 01 2020 - 6:00pm,complete,N/A,Guingamp,Troyes,Sylvain Palhies,13,1.33,1.40,1.16,1.53,1,2,3,1,0,1,"53","18,77",7,6,2,0,3,0,2,0,2,1,11,16,6,7,5,9,16,16,42,58,1.60,1.60,1.47,1.89,2.10,37,55,47,27,0,9,64,55,65,9.47,3.13,2.90,3.05,2.60,1.44,2.40,4.55,9.25,2.00,1.74,Stade du Roudourou (Guingamp)
1606845600,Dec 01 2020 - 6:00pm,complete,N/A,Le Havre,Auxerre,Bartolomeu Varela,13,1.40,1.40,1.05,1.37,1,1,2,1,0,1,"49","39",0,9,3,1,2,0,3,1,0,2,6,7,3,2,3,5,8,17,37,63,1.17,1.39,1.02,1.06,2.40,50,70,50,20,0,30,60,40,60,8.20,4.00,3.20,3.10,2.35,1.36,2.15,3.90,7.50,1.83,1.91,Stade Océane (Le Havre)
1606845600,Dec 01 2020 - 6:00pm,complete,N/A,Nancy,Toulouse,Johan Hamel,13,1.75,1.60,1.37,1.42,1,3,4,1,1,0,"25","54,65,90'3",1,1,2,0,1,1,0,2,0,2,12,9,4,8,8,1,19,11,43,57,1.45,1.56,1.53,1.51,2.78,68,68,48,23,10,23,45,45,100,7.45,5.65,2.65,2.95,2.90,1.42,2.30,4.30,8.75,1.95,1.80,Stade Marcel-Picot (Tomblaine)
1606845600,Dec 01 2020 - 6:00pm,complete,N/A,Niort,Clermont,Nicolas Rainville,13,1.60,1.83,1.26,1.47,1,0,1,1,1,0,"22","",3,3,2,0,2,1,1,1,1,2,7,8,4,3,3,5,21,9,43,57,1.59,1.73,0.96,1.06,2.39,55,74,47,19,0,27,82,29,82,7.27,4.13,3.90,3.15,2.10,1.36,2.15,3.90,7.50,1.87,1.87,Stade René Gaillard (Niort)
1606845600,Dec 01 2020 - 6:00pm,complete,N/A,Paris,Sochaux,Gaël Angoula,13,2.00,1.17,2.00,1.37,0,0,0,0,0,0,"","",3,2,1,0,1,0,0,1,1,0,6,5,0,0,6,5,22,10,57,43,1.36,1.21,0.76,0.71,1.75,25,59,34,9,0,17,50,34,67,10.67,4.66,2.25,3.00,3.60,1.50,2.60,5.00,10.50,2.15,1.67,Stade Sébastien-Charléty (Paris)
1606845600,Dec 01 2020 - 6:00pm,complete,N/A,Pau,Caen,Guillaume Paradis,13,1.00,1.17,1.68,0.74,1,0,1,1,1,0,"14","",4,2,2,0,2,0,1,1,1,1,5,8,3,2,2,6,11,18,35,65,1.51,1.32,0.98,1.20,2.37,47,74,44,19,10,29,72,54,74,9.73,5.90,3.05,2.90,2.60,1.53,2.60,5.25,10.50,2.15,1.67,Stade du Hameau (Pau)
1606845600,Dec 01 2020 - 6:00pm,complete,N/A,Valenciennes,Ajaccio,Mathieu Vernice,13,1.83,1.17,1.42,0.84,1,1,2,1,0,1,"58","24",6,4,2,0,0,0,0,2,0,0,8,6,3,4,5,2,14,15,61,39,1.49,1.28,1.15,0.98,2.25,33,59,33,25,9,25,67,25,75,9.00,5.00,2.95,2.90,2.65,1.50,2.55,4.95,10.25,2.10,1.69,Stade du Hainaut (Valenciennes)
1607176800,Dec 05 2020 - 2:00pm,complete,N/A,Troyes,Paris,Benjamin Lepaysant,14,2.33,2.33,2.53,1.30,2,1,3,2,2,0,"31,43","66",3,5,1,0,3,0,0,1,0,3,10,7,5,6,5,1,17,15,62,38,1.95,1.46,1.30,1.11,2.33,50,75,50,17,0,34,83,34,59,10.67,5.84,2.10,3.10,3.80,1.36,2.15,3.90,7.75,1.87,1.87,Stade de l'Aube (Troyes)
1607191200,Dec 05 2020 - 6:00pm,complete,N/A,Auxerre,Niort,Romain Lissorgue,14,1.86,1.50,1.89,0.89,6,0,6,2,2,0,"4,34,50,65,76,81","",5,4,1,0,1,0,1,0,1,0,14,9,13,4,1,5,16,12,53,47,1.45,1.44,2.30,1.34,3.09,54,77,54,31,24,47,85,31,85,8.12,4.43,1.95,3.40,4.05,1.29,1.95,3.40,6.50,1.77,2.00,Stade de l'Abbé Deschamps (Auxerre)
1607191200,Dec 05 2020 - 6:00pm,complete,N/A,Caen,Grenoble Foot 38,Alexandre Perreau Niel,14,2.33,1.50,1.42,1.15,1,1,2,1,0,1,"76","11",4,1,3,0,5,0,2,1,2,3,6,9,5,3,1,6,22,16,58,42,1.44,1.45,1.16,1.09,1.42,25,33,17,0,0,17,50,17,59,9.67,4.33,2.70,2.85,2.95,1.53,2.60,5.25,10.50,2.10,1.67,Stade Michel d'Ornano (Caen)
1607191200,Dec 05 2020 - 6:00pm,complete,N/A,Chambly,Valenciennes,Romain Delpech,14,1.00,0.83,1.26,1.05,1,2,3,1,1,0,"35","66,87",1,5,1,0,1,0,0,1,0,1,7,13,3,4,4,9,19,17,36,64,1.17,1.30,0.96,1.62,2.56,47,69,37,9,9,32,62,37,84,6.07,4.04,2.95,2.95,2.65,1.39,2.25,4.15,8.25,1.91,1.83,Stade Pierre Brisson (Beauvais)
1607191200,Dec 05 2020 - 6:00pm,complete,N/A,Clermont,Pau,Gaël Angoula,14,1.50,0.71,2.32,0.63,3,0,3,1,1,0,"37,55,63","",9,2,3,0,1,1,1,2,0,2,16,0,10,0,6,0,13,13,69,31,1.66,1.27,2.39,0.26,1.75,16,62,30,7,0,30,61,9,62,9.67,4.96,1.71,3.40,5.50,1.39,2.25,4.15,8.25,2.10,1.69,Stade Gabriel Montpied (Clermont-Ferrand)
1607191200,Dec 05 2020 - 6:00pm,complete,N/A,Dunkerque,Châteauroux,Nicolas Rainville,14,1.33,0.83,1.37,0.47,2,0,2,1,1,0,"44,55","",4,4,2,0,3,0,1,1,1,2,10,8,6,3,4,5,13,13,46,54,0.93,1.27,1.50,1.43,1.84,50,50,25,9,0,17,59,25,75,5.50,3.17,2.50,2.95,3.10,1.44,2.40,4.55,9.25,1.95,1.80,Stade Marcel-Tribut (Dunkerque)
1607191200,Dec 05 2020 - 6:00pm,complete,N/A,Rodez,Amiens SC,Mehdi Mokhtari,14,1.14,0.67,1.42,0.95,1,2,3,1,1,0,"33","69,79",4,3,1,0,2,0,1,0,2,0,10,13,4,7,6,6,18,13,34,66,1.15,1.42,1.38,1.76,1.91,38,54,38,7,0,16,62,31,75,10.54,5.54,2.80,2.95,2.85,1.53,2.60,5.25,10.50,2.15,1.67,Stade Paul Lignon (Rodez)
1607191200,Dec 05 2020 - 6:00pm,complete,N/A,Sochaux,Nancy,Arnaud Baert,14,1.67,0.57,1.32,1.11,1,1,2,0,0,0,"51","57",4,3,0,1,2,0,0,1,0,2,4,5,2,4,2,1,13,21,37,63,1.48,1.15,0.78,0.99,2.94,48,79,49,34,17,41,70,49,93,8.50,4.74,2.45,2.80,3.40,1.59,2.80,5.75,12.00,2.25,1.59,Stade Auguste-Bonal (Montbéliard)
1607191200,Dec 05 2020 - 6:00pm,complete,N/A,Toulouse,Guingamp,Remi Landry,14,1.57,1.00,2.30,1.32,2,2,4,0,0,0,"51,73","56,81",8,4,2,0,4,0,0,2,0,4,21,8,8,5,13,3,8,20,53,47,1.34,1.28,2.54,1.23,2.18,38,45,37,23,7,15,30,30,77,8.90,4.26,2.45,3.15,3.00,1.35,2.10,3.80,7.50,1.83,1.95,Stadium de Toulouse (Toulouse)
1607370300,Dec 07 2020 - 7:45pm,complete,N/A,Ajaccio,Le Havre,Jérémie Pignard,14,0.83,1.29,1.58,1.42,1,1,2,1,0,1,"65","40",7,2,4,0,2,1,1,3,1,2,7,10,4,7,3,3,18,11,69,31,1.39,1.04,1.18,1.44,2.04,23,52,37,23,0,15,52,37,85,7.46,5.10,2.35,3.00,3.40,1.50,2.60,5.00,10.50,2.10,1.69,Stade François Coty (Ajaccio)
1607781600,Dec 12 2020 - 2:00pm,complete,N/A,Caen,Troyes,Bartolomeu Varela,15,2.14,1.67,1.42,1.53,0,0,0,0,0,0,"","",3,10,1,0,2,0,1,0,1,1,7,12,3,4,4,8,13,15,29,71,1.40,1.64,0.96,1.63,1.88,47,55,41,9,0,7,62,41,70,10.43,4.57,3.40,3.00,2.30,1.47,2.45,4.70,9.50,2.05,1.71,Stade Michel d'Ornano (Caen)
1607796000,Dec 12 2020 - 6:00pm,complete,N/A,Amiens SC,Chambly,Stéphanie Frappart,15,1.57,0.67,1.53,0.74,1,1,2,1,0,1,"90'4","11",3,2,1,0,2,0,1,0,1,1,9,6,4,3,5,3,17,16,67,33,1.42,1.10,1.39,0.89,1.90,40,48,32,25,9,25,55,16,69,7.67,5.53,1.87,3.10,4.90,1.50,2.55,4.95,10.25,2.20,1.62,Stade Crédit Agricole de la Licorne (Amiens)
1607796000,Dec 12 2020 - 6:00pm,complete,N/A,Châteauroux,Toulouse,Mathieu Vernice,15,1.00,1.83,0.74,1.42,0,3,3,1,0,1,"","37,65,85",6,8,4,0,1,0,1,3,1,0,15,20,6,12,9,8,19,15,42,58,1.49,1.55,1.84,2.68,2.57,55,69,45,17,9,23,54,40,79,7.12,5.47,3.55,3.40,2.10,1.35,2.10,3.80,7.50,1.91,1.87,Stade Gaston Petit (Châteauroux)
1607796000,Dec 12 2020 - 6:00pm,complete,N/A,Grenoble Foot 38,Dunkerque,Alessandro Dudic,15,2.67,1.29,2.25,0.79,4,0,4,1,1,0,"43,51,70,90'1","",4,2,2,0,2,0,0,2,0,2,10,10,6,2,4,8,12,9,47,53,1.37,1.13,1.33,1.11,2.27,38,55,38,9,9,23,70,24,69,6.64,3.93,1.83,3.20,5.00,1.47,2.45,4.70,9.50,2.15,1.65,Stade des Alpes (Grenoble)
1607796000,Dec 12 2020 - 6:00pm,complete,N/A,Guingamp,Valenciennes,Romain Lissorgue,15,1.14,1.14,1.16,1.05,1,1,2,0,0,0,"66","55",4,5,2,0,2,0,1,1,2,0,13,9,5,3,8,6,20,16,52,48,1.58,1.35,1.74,1.24,2.50,50,64,36,22,7,29,71,43,64,8.71,3.57,2.00,3.30,3.90,1.35,2.10,3.80,7.50,1.87,1.87,Stade du Roudourou (Guingamp)
1607796000,Dec 12 2020 - 6:00pm,complete,N/A,Nancy,Auxerre,Alain Durieux,15,1.40,1.33,1.37,1.37,2,2,4,3,1,2,"31,48","32,35",3,7,1,0,3,0,0,1,1,2,12,12,4,6,8,6,12,13,40,60,1.47,1.34,1.44,1.65,3.00,74,90,74,37,0,27,55,55,92,8.77,3.70,3.05,3.00,2.55,1.39,2.25,4.20,8.25,1.91,1.83,Stade Marcel-Picot (Tomblaine)
1607796000,Dec 12 2020 - 6:00pm,complete,N/A,Niort,Ajaccio,Pierre Gaillouste,15,1.83,1.14,1.26,0.84,2,0,2,0,0,0,"50,77","",6,1,0,0,0,0,0,0,0,0,9,5,6,2,3,3,11,17,47,53,1.49,1.24,1.66,0.90,2.45,47,69,40,23,7,16,77,31,77,6.96,4.81,2.95,2.90,2.65,1.42,2.30,4.40,8.75,1.95,1.80,Stade René Gaillard (Niort)
1607796000,Dec 12 2020 - 6:00pm,complete,N/A,Paris,Rodez,Guillaume Paradis,15,1.86,0.50,2.00,0.84,1,1,2,1,0,1,"89","4",2,0,3,0,3,0,1,2,1,2,19,3,5,3,14,0,20,18,74,26,1.28,1.40,2.22,0.65,2.25,32,70,47,16,0,31,55,47,86,10.53,4.97,1.95,3.30,4.25,1.44,2.40,4.50,9.25,2.10,1.69,Stade Sébastien-Charléty (Paris)
1607975100,Dec 14 2020 - 7:45pm,complete,N/A,Le Havre,Clermont,Olivier Thual,15,1.33,1.57,1.05,1.47,0,0,0,0,0,0,"","",1,5,0,0,0,0,0,0,0,0,10,6,4,0,6,6,8,7,30,70,1.15,1.64,1.40,0.93,1.84,47,54,23,7,0,23,85,16,61,7.60,4.54,4.30,3.25,1.95,1.45,2.40,4.60,9.50,2.15,1.65,Stade Océane (Le Havre)
1608058800,Dec 15 2020 - 7:00pm,complete,N/A,Niort,Grenoble Foot 38,Mehdi Mokhtari,9,2.00,1.43,1.26,1.15,0,0,0,0,0,0,"","",2,13,1,1,0,0,1,1,0,0,2,13,2,3,0,10,10,9,28,72,1.51,1.40,0.47,1.67,1.93,36,57,29,7,0,14,64,29,71,6.71,4.58,2.65,3.10,2.80,1.39,2.20,3.95,7.75,1.87,1.91,Stade René Gaillard (Niort)
1608058800,Dec 15 2020 - 7:00pm,complete,N/A,Nancy,Troyes,Remi Landry,11,1.33,1.57,1.37,1.53,2,3,5,5,2,3,"5,21","15,27,45'3",0,3,1,0,2,0,1,0,1,1,3,12,3,7,0,5,19,19,30,70,1.46,1.64,0.72,1.69,2.59,63,70,70,32,0,17,62,54,86,9.21,4.00,3.65,3.40,2.05,1.35,2.15,3.90,7.75,1.91,1.87,Stade Marcel-Picot (Tomblaine)
1608058800,Dec 15 2020 - 7:00pm,complete,N/A,Pau,Sochaux,Sylvain Palhies,15,1.33,1.14,1.68,1.37,0,0,0,0,0,0,"","",5,5,1,0,1,0,1,0,0,1,7,7,3,2,4,5,18,16,49,51,1.43,1.14,1.09,1.05,1.59,40,55,16,9,9,17,55,24,55,10.17,5.31,2.95,2.80,2.80,1.61,2.85,5.75,13.00,2.20,1.65,Stade du Hameau (Pau)
1608318000,Dec 18 2020 - 7:00pm,complete,N/A,Ajaccio,Nancy,Olivier Thual,16,0.86,0.63,1.58,1.11,1,0,1,1,1,0,"45'3","",3,8,2,0,1,0,2,0,1,0,9,5,4,2,5,3,18,21,50,50,1.36,1.13,1.21,0.99,1.66,34,53,14,7,0,7,47,20,87,8.43,5.36,2.45,2.80,3.40,1.61,2.85,5.75,12.00,2.20,1.62,Stade François Coty (Ajaccio)
1608318000,Dec 18 2020 - 7:00pm,complete,N/A,Auxerre,Pau,Guillaume Paradis,16,2.00,0.63,1.89,0.63,2,1,3,2,1,1,"29,49","12",10,6,3,0,2,1,1,2,2,1,20,5,11,4,9,1,12,13,68,32,1.56,1.15,2.81,0.91,2.76,32,76,57,26,13,44,82,26,76,8.13,5.50,1.77,3.45,4.80,1.30,1.93,3.28,6.35,1.85,1.85,Stade de l'Abbé Deschamps (Auxerre)
1608318000,Dec 18 2020 - 7:00pm,complete,N/A,Chambly,Guingamp,Nicolas Rainville,16,0.88,1.00,1.26,1.32,3,0,3,1,1,0,"21,63,84","",2,4,2,1,3,0,1,2,1,2,14,8,8,3,6,5,13,18,38,62,1.14,1.27,1.87,1.29,2.12,47,59,46,15,0,7,39,46,93,7.52,3.77,3.60,3.00,2.25,1.42,2.30,4.35,9.00,1.91,1.83,Stade Pierre Brisson (Beauvais)
1608318000,Dec 18 2020 - 7:00pm,complete,N/A,Dunkerque,Caen,Romain Lissorgue,16,1.57,1.00,1.37,0.74,2,3,5,3,1,2,"16,89","17,45,74",3,2,3,0,2,0,0,3,1,1,6,12,4,8,2,4,15,17,58,42,1.01,1.30,1.04,1.52,1.93,29,50,36,14,0,14,79,29,64,6.71,3.57,3.15,2.85,2.55,1.59,2.85,5.75,13.00,2.09,1.67,Stade Marcel-Tribut (Dunkerque)
1608318000,Dec 18 2020 - 7:00pm,complete,N/A,Rodez,Châteauroux,Romain Delpech,16,1.00,0.71,1.42,0.47,1,1,2,0,0,0,"62","68",3,7,2,0,3,0,1,1,1,2,16,11,5,5,11,6,17,12,48,52,1.18,1.29,1.89,1.53,2.13,54,67,40,7,0,14,60,41,93,7.77,4.79,2.15,3.10,3.65,1.39,2.25,4.05,8.25,1.94,1.77,Stade Paul Lignon (Rodez)
1608318000,Dec 18 2020 - 7:00pm,complete,N/A,Sochaux,Grenoble Foot 38,Benjamin Lepaysant,16,1.57,1.38,1.32,1.15,1,1,2,2,1,1,"40","17",5,6,4,1,3,0,4,1,2,1,10,6,5,6,5,0,17,15,34,66,1.38,1.43,1.35,1.32,2.62,48,69,42,29,15,35,61,50,82,10.04,4.14,2.95,3.00,2.60,1.54,2.65,5.25,11.00,2.01,1.72,Stade Auguste-Bonal (Montbéliard)
1608318000,Dec 18 2020 - 7:00pm,complete,N/A,Troyes,Niort,Aurélien Petit,16,2.43,1.29,2.53,0.89,1,0,1,0,0,0,"52","",7,1,1,0,3,0,0,1,2,1,11,0,6,0,5,0,15,11,69,31,1.85,1.42,1.78,0.30,3.00,50,79,50,29,22,57,86,29,79,9.43,4.29,1.57,3.95,5.75,1.30,1.95,3.32,6.45,1.90,1.81,Stade de l'Aube (Troyes)
1608318000,Dec 18 2020 - 7:00pm,complete,N/A,Valenciennes,Amiens SC,Alexandre Perreau Niel,16,1.71,1.00,1.42,0.95,0,2,2,0,0,0,"","81,85",4,7,3,0,3,1,2,1,2,2,8,14,2,5,6,9,15,16,57,43,1.44,1.47,1.07,1.69,1.86,43,57,36,7,0,22,71,29,64,10.29,5.14,2.80,3.05,2.65,1.45,2.40,4.45,9.50,2.00,1.77,Stade du Hainaut (Valenciennes)
1608386400,Dec 19 2020 - 2:00pm,complete,N/A,Clermont,Paris,Jérôme Miguelgorry,16,1.71,2.00,2.32,1.30,3,2,5,3,2,1,"7,22,52","42,77",4,9,1,0,2,0,0,1,0,2,9,9,5,5,4,4,10,13,44,56,1.77,1.41,1.24,1.49,2.07,36,71,50,7,0,22,72,36,64,10.85,5.00,2.20,3.00,3.70,1.44,2.40,4.50,9.25,2.00,1.77,Stade Gabriel Montpied (Clermont-Ferrand)
1608386400,Dec 19 2020 - 2:00pm,complete,N/A,Toulouse,Le Havre,Arnaud Baert,16,1.50,1.25,2.30,1.42,4,3,7,4,3,1,"2,12,31,90'8","19,50,83",4,2,2,0,3,0,0,2,1,2,17,13,8,5,9,8,21,14,51,49,1.49,1.09,2.20,1.67,2.75,44,69,57,32,7,25,57,50,82,6.38,5.01,1.91,3.55,4.00,1.36,2.10,3.90,8.00,1.95,1.80,Stadium de Toulouse (Toulouse)
1608663600,Dec 22 2020 - 7:00pm,complete,N/A,Amiens SC,Ajaccio,Nicolas Rainville,17,1.50,1.00,1.53,0.84,0,0,0,0,0,0,"","",3,5,2,0,2,0,0,2,1,1,9,8,0,3,9,5,15,10,51,49,1.41,1.19,1.06,1.14,1.94,38,57,19,13,7,7,57,26,82,7.76,4.51,2.55,2.90,3.15,1.50,2.60,5.00,10.75,2.10,1.71,Stade Crédit Agricole de la Licorne (Amiens)
1608663600,Dec 22 2020 - 7:00pm,complete,N/A,Caen,Sochaux,Frank Schneider,17,2.00,1.13,1.42,1.37,1,4,5,5,1,4,"7","6,36,37,45",3,4,4,0,1,0,3,1,1,0,9,14,3,8,6,6,19,9,55,45,1.35,1.13,1.08,1.82,1.07,32,38,13,0,0,7,44,13,44,10.13,4.38,2.60,2.80,3.20,1.69,3.15,6.75,14.00,2.40,1.53,Stade Michel d'Ornano (Caen)
1608663600,Dec 22 2020 - 7:00pm,complete,N/A,Châteauroux,Clermont,Mehdi Mokhtari,17,0.88,1.50,0.74,1.47,0,1,1,1,0,1,"","11",1,1,1,0,1,0,0,1,0,1,6,13,3,7,3,6,17,9,43,57,1.53,1.55,1.04,1.87,2.00,38,63,44,7,0,25,69,26,63,9.00,3.88,5.75,4.05,1.57,1.35,2.05,3.75,7.25,2.10,1.67,Stade Gaston Petit (Châteauroux)
1608663600,Dec 22 2020 - 7:00pm,complete,N/A,Dunkerque,Auxerre,Arnaud Baert,17,1.38,1.29,1.37,1.37,0,1,1,0,0,0,"","58",3,1,2,0,1,0,2,0,0,1,2,12,0,6,2,6,11,10,39,61,1.01,1.38,0.42,1.59,2.64,55,75,48,34,7,34,66,28,81,8.18,3.09,3.90,3.50,1.95,1.31,2.00,3.50,6.75,1.77,2.00,Stade Marcel-Tribut (Dunkerque)
1608663600,Dec 22 2020 - 7:00pm,complete,N/A,Grenoble Foot 38,Troyes,Pierre Gaillouste,17,2.71,1.75,2.25,1.53,2,0,2,0,0,0,"72,76","",3,3,2,0,3,1,1,1,1,3,13,6,7,3,6,3,19,16,38,62,1.37,1.65,1.70,1.00,2.62,40,67,53,27,14,14,75,47,67,8.95,3.57,3.00,2.90,2.65,1.39,2.25,4.10,8.25,1.80,1.95,Stade des Alpes (Grenoble)
1608663600,Dec 22 2020 - 7:00pm,complete,N/A,Le Havre,Rodez,Sylvain Palhies,17,1.29,0.57,1.05,0.84,1,1,2,0,0,0,"50","80",2,3,0,0,0,0,0,0,0,0,8,5,3,2,5,3,15,14,55,45,1.18,1.30,0.93,0.67,1.93,50,65,29,7,0,22,71,29,72,7.72,5.29,2.30,2.90,3.55,1.51,2.60,5.00,10.25,2.10,1.69,Stade Océane (Le Havre)
1608663600,Dec 22 2020 - 7:00pm,complete,N/A,Nancy,Chambly,Karim Abed,17,1.14,0.71,1.37,0.74,3,3,6,2,1,1,"11,74,81","18,56,90",6,5,2,0,2,0,1,1,2,0,8,10,5,7,3,3,10,17,57,43,1.36,1.07,1.18,1.47,2.93,72,79,65,50,14,43,71,29,79,6.43,4.43,2.20,2.90,3.90,1.54,2.65,5.50,11.00,2.15,1.65,Stade Marcel-Picot (Tomblaine)
1608663600,Dec 22 2020 - 7:00pm,complete,N/A,Niort,Valenciennes,Remi Landry,17,1.88,1.13,1.26,1.05,0,3,3,0,0,0,"","",-1,-1,-1,-1,-1,-1,-1,-1,-1,-1,-1,-1,-1,-1,-1,-1,-1,-1,-1,-1,1.38,1.33,0.00,0.00,2.38,51,69,32,13,7,26,63,38,69,6.88,4.51,2.80,3.15,2.65,1.31,2.00,3.50,6.75,1.71,2.10,Stade René Gaillard (Niort)
1608663600,Dec 22 2020 - 7:00pm,complete,N/A,Paris,Guingamp,Alexandre Perreau Niel,17,1.75,0.88,2.00,1.32,3,2,5,1,1,0,"26,63,90'1","66,82",3,3,1,0,2,0,1,0,0,2,11,11,7,5,4,6,15,20,58,42,1.40,1.27,1.68,1.52,2.00,32,57,38,19,0,13,38,38,82,9.50,4.50,1.95,3.50,3.90,1.33,2.10,3.60,7.00,1.91,1.83,Stade Sébastien-Charléty (Paris)
1608663600,Dec 22 2020 - 7:00pm,complete,N/A,Pau,Toulouse,Bartolomeu Varela,17,1.29,2.00,1.68,1.42,0,3,3,1,0,1,"","30,57,84",4,7,1,0,1,0,0,1,1,0,5,17,2,10,3,7,11,9,38,62,1.38,1.71,0.81,2.15,2.43,50,64,29,22,14,22,57,43,79,8.71,5.86,4.00,3.30,2.00,1.31,2.00,3.45,6.75,1.77,2.00,Stade du Hameau (Pau)
1609873200,Jan 05 2021 - 7:00pm,complete,N/A,Ajaccio,Pau,Florent Batta,18,1.13,0.56,1.58,0.63,4,1,5,3,2,1,"12,30,50,61","32",5,1,0,0,2,0,0,0,0,2,12,9,6,3,6,6,10,11,59,41,1.34,1.12,1.55,1.02,1.86,24,53,35,12,0,22,64,12,71,9.13,5.97,2.00,3.10,4.35,1.56,2.70,5.25,11.00,2.25,1.59,Stade François Coty (Ajaccio)
1609873200,Jan 05 2021 - 7:00pm,complete,N/A,Auxerre,Caen,Remi Landry,18,2.11,1.25,1.89,0.74,1,1,2,0,0,0,"53","81",10,4,1,1,1,0,1,1,1,0,15,5,6,3,9,2,13,16,59,41,1.70,1.33,1.98,0.87,2.92,47,76,65,29,18,41,89,48,76,8.75,4.71,1.80,3.40,4.75,1.33,2.05,3.60,7.00,1.87,1.87,Stade de l'Abbé Deschamps (Auxerre)
1609873200,Jan 05 2021 - 7:00pm,complete,N/A,Chambly,Le Havre,Romain Lissorgue,18,1.11,1.11,1.26,1.42,0,1,1,0,0,0,"","80",9,2,2,0,1,0,1,1,0,1,7,6,2,5,5,1,17,20,55,45,1.22,1.15,1.07,1.10,2.72,44,78,62,17,6,22,73,62,95,4.55,4.56,3.00,2.95,2.60,1.59,2.85,5.75,12.00,2.20,1.62,Stade des Marais (Chambly)
1609873200,Jan 05 2021 - 7:00pm,complete,N/A,Clermont,Grenoble Foot 38,Sylvain Palhies,18,1.88,1.33,2.32,1.15,3,0,3,1,1,0,"14,77,90'4","",5,5,2,0,4,0,0,2,0,4,13,6,9,4,4,2,16,13,54,46,1.70,1.42,1.86,1.10,1.79,29,60,25,7,7,24,60,25,66,10.77,3.86,2.15,3.05,3.75,1.44,2.40,4.45,9.00,2.00,1.80,Stade Gabriel Montpied (Clermont-Ferrand)
1609873200,Jan 05 2021 - 7:00pm,complete,N/A,Guingamp,Amiens SC,Benjamin Lepaysant,18,1.13,1.25,1.16,0.95,2,2,4,3,2,1,"6,37","16,85",2,5,1,0,4,0,1,0,2,2,10,12,6,6,4,6,14,17,41,59,1.60,1.50,1.48,1.78,2.01,44,63,38,13,0,13,63,57,63,10.51,4.38,2.75,3.00,2.80,1.39,2.25,4.25,8.50,1.87,1.87,Stade du Roudourou (Guingamp)
1609873200,Jan 05 2021 - 7:00pm,complete,N/A,Rodez,Niort,Olivier Thual,18,1.00,1.13,1.42,0.89,1,1,2,0,0,0,"87","47",6,1,2,0,2,1,0,2,0,3,5,6,2,4,3,2,23,16,53,47,1.26,1.28,1.04,1.04,2.74,47,65,47,25,19,31,66,41,94,7.94,4.44,2.45,2.95,3.20,1.51,2.55,5.00,10.25,2.05,1.71,Stade Paul Lignon (Rodez)
1609873200,Jan 05 2021 - 7:00pm,complete,N/A,Sochaux,Dunkerque,Mathieu Vernice,18,1.50,1.13,1.32,0.79,1,0,1,0,0,0,"63","",2,3,2,0,3,0,1,1,2,1,7,6,5,4,2,2,15,19,60,40,1.38,1.13,1.10,0.89,2.88,57,75,57,32,13,44,69,50,82,8.25,5.01,1.87,3.05,5.25,1.54,2.70,5.50,11.00,2.30,1.59,Stade Auguste-Bonal (Montbéliard)
1609873200,Jan 05 2021 - 7:00pm,complete,N/A,Toulouse,Paris,Willy Delajod,18,1.67,1.75,2.30,1.30,1,0,1,0,0,0,"66","",5,2,3,1,1,1,4,0,1,1,11,12,6,6,5,6,16,18,49,51,1.57,1.42,1.58,1.65,3.10,60,71,71,35,18,36,66,53,71,9.36,5.33,2.30,3.30,3.10,1.24,1.77,2.90,5.50,1.57,2.30,Stadium de Toulouse (Toulouse)
1609873200,Jan 05 2021 - 7:00pm,complete,N/A,Troyes,Châteauroux,Guillaume Paradis,18,2.50,0.75,2.53,0.47,2,0,2,0,0,0,"77,84","",7,3,1,0,2,1,0,1,1,2,12,8,5,2,7,6,15,20,69,31,1.84,1.32,1.84,0.98,2.13,57,75,32,7,0,32,63,32,82,9.38,4.63,1.37,4.65,8.50,1.26,1.83,3.15,6.00,2.20,1.62,Stade de l'Aube (Troyes)
1609873200,Jan 05 2021 - 7:00pm,complete,N/A,Valenciennes,Nancy,Nicolas Rainville,18,1.50,0.56,1.42,1.11,2,3,5,1,1,0,"45,52","59,77,90",6,3,1,1,0,1,0,2,0,1,9,12,9,7,0,5,18,13,49,51,1.40,1.12,1.52,1.54,1.78,36,60,18,7,0,18,60,24,77,8.31,4.83,2.70,3.10,2.75,1.44,2.35,4.50,9.00,1.95,1.80,Stade du Hainaut (Valenciennes)
1610132400,Jan 08 2021 - 7:00pm,complete,N/A,Châteauroux,Guingamp,Nicolas Rainville,19,0.78,0.78,0.74,1.32,2,3,5,0,0,0,"77,79","58,67,74",8,3,2,0,2,0,1,1,0,2,10,10,3,6,7,4,13,12,49,51,1.48,1.30,1.41,1.47,2.22,39,62,50,17,6,11,50,39,73,8.89,4.44,3.20,3.00,2.45,1.45,2.40,4.50,9.50,2.00,1.80,Stade Gaston Petit (Châteauroux)
1610132400,Jan 08 2021 - 7:00pm,complete,N/A,Dunkerque,Troyes,Alexandre Perreau Niel,19,1.22,1.56,1.37,1.53,0,0,0,0,0,0,"","",5,12,4,0,1,0,0,4,1,0,9,20,3,7,6,13,16,12,25,75,0.95,1.58,1.14,2.65,2.17,39,56,39,22,11,17,62,34,73,7.89,3.77,5.25,3.30,1.80,1.36,2.20,4.00,8.00,1.95,1.80,Stade Marcel-Tribut (Dunkerque)
1610132400,Jan 08 2021 - 7:00pm,complete,N/A,Le Havre,Valenciennes,Pierre Gaillouste,19,1.25,1.33,1.05,1.05,0,2,2,0,0,0,"","63,67",4,2,3,0,1,0,0,3,1,0,10,7,2,3,8,4,13,11,55,45,1.15,1.33,1.18,0.92,2.14,53,64,23,6,6,23,60,29,59,6.63,4.26,2.30,3.25,3.20,1.51,2.60,5.25,10.50,2.20,1.65,Stade Océane (Le Havre)
1610132400,Jan 08 2021 - 7:00pm,complete,N/A,Nancy,Rodez,Mathieu Vernice,19,1.13,0.63,1.37,0.84,2,2,4,2,1,1,"9,70","26,90'1",3,5,1,0,3,0,1,0,0,3,7,11,4,8,3,3,21,21,57,43,1.34,1.22,1.09,1.70,3.07,76,88,63,38,13,38,69,50,94,8.01,4.38,2.35,2.90,3.50,1.61,2.90,6.00,13.00,2.30,1.59,Stade Marcel-Picot (Tomblaine)
1610132400,Jan 08 2021 - 7:00pm,complete,N/A,Niort,Amiens SC,Arnaud Baert,19,1.67,1.22,1.26,0.95,0,2,2,2,0,2,"","24,40",8,7,1,0,4,0,0,1,3,1,7,11,2,8,5,3,21,16,60,40,1.38,1.53,1.24,1.77,2.11,39,67,44,11,0,17,62,39,62,8.56,5.38,3.15,3.00,2.45,1.53,2.65,5.25,11.00,2.15,1.67,Stade René Gaillard (Niort)
1610132400,Jan 08 2021 - 7:00pm,complete,N/A,Paris,Ajaccio,Mehdi Mokhtari,19,1.89,1.00,2.00,0.84,1,1,2,1,0,1,"90","31",2,8,2,0,0,0,1,1,0,0,10,8,5,4,5,4,16,10,55,45,1.43,1.19,1.43,1.16,2.28,33,67,33,22,11,17,56,39,78,8.33,4.00,2.25,2.80,3.90,1.54,2.70,5.50,11.00,2.15,1.67,Stade Sébastien-Charléty (Paris)
1610132400,Jan 08 2021 - 7:00pm,complete,N/A,Sochaux,Clermont,Romain Delpech,19,1.67,1.67,1.32,1.47,0,0,0,0,0,0,"","",6,2,1,0,2,0,1,0,1,1,6,11,4,3,2,8,10,13,50,50,1.35,1.58,1.03,1.27,2.50,50,67,39,28,11,39,73,39,73,9.00,4.00,3.35,2.85,2.45,1.53,2.65,5.25,10.50,2.10,1.71,Stade Auguste-Bonal (Montbéliard)
1610132400,Jan 08 2021 - 7:00pm,complete,N/A,Pau,Chambly,Aurélien Petit,19,1.13,0.75,1.68,0.74,1,3,4,1,0,1,"61","5,47,68",8,3,2,0,0,0,1,1,0,0,11,16,4,6,7,10,12,14,52,48,1.31,1.12,1.49,1.81,2.44,51,69,38,32,19,38,69,32,69,8.63,5.13,2.84,2.92,2.74,1.46,2.48,4.35,8.30,2.00,1.81,Stade du Hameau (Pau)
1610200800,Jan 09 2021 - 2:00pm,complete,N/A,Grenoble Foot 38,Auxerre,Bartolomeu Varela,19,2.75,1.50,2.25,1.37,2,2,4,1,0,1,"79,90'3","23,50",5,2,0,0,2,1,0,0,1,2,13,10,7,6,6,4,11,11,55,45,1.41,1.41,1.78,1.33,2.82,44,82,51,32,7,26,63,44,82,8.38,3.26,2.55,3.05,2.95,1.40,2.10,3.35,6.00,1.83,1.91,Stade des Alpes (Grenoble)
1610394300,Jan 11 2021 - 7:45pm,complete,N/A,Caen,Toulouse,Bastien Dechepy,19,1.78,2.13,1.42,1.42,2,2,4,3,2,1,"10,18","45,78",2,8,2,0,2,0,2,0,2,0,10,11,4,7,6,4,10,13,40,60,1.32,1.77,1.19,1.74,2.34,47,60,36,18,12,18,60,37,72,8.89,5.31,3.25,3.10,2.30,1.43,2.15,3.50,6.00,1.87,1.87,Stade Michel d'Ornano (Caen)
1610805600,Jan 16 2021 - 2:00pm,complete,N/A,Toulouse,Grenoble Foot 38,Romain Lissorgue,20,1.80,1.20,2.30,1.15,2,0,2,0,0,0,"65,73","",5,3,1,0,3,0,1,0,0,3,13,11,6,4,7,7,19,19,50,50,1.57,1.39,1.70,1.41,2.40,40,55,40,20,10,25,50,35,70,9.10,4.80,2.05,3.30,3.70,1.38,2.05,3.30,5.75,1.91,1.83,Stadium de Toulouse (Toulouse)
1610805600,Jan 16 2021 - 2:00pm,complete,N/A,Troyes,Sochaux,Remi Landry,20,2.56,1.33,2.53,1.37,2,1,3,1,1,0,"13,68","60",3,4,2,0,3,0,1,1,2,1,15,10,8,7,7,3,18,13,60,40,1.84,1.21,2.09,1.56,1.78,39,61,28,11,6,28,56,17,56,10.78,4.00,1.91,3.30,4.30,1.49,2.30,3.90,8.00,2.15,1.67,Stade de l'Aube (Troyes)
1610820000,Jan 16 2021 - 6:00pm,complete,N/A,Ajaccio,Caen,Romain Delpech,20,1.33,1.22,1.58,0.74,1,0,1,1,1,0,"6","",9,6,1,0,1,0,1,0,0,1,12,12,7,8,5,4,13,12,45,55,1.36,1.28,1.77,1.81,2.17,39,56,39,22,11,17,67,45,73,8.89,4.66,2.00,3.00,4.30,1.61,2.60,4.60,8.25,2.35,1.54,Stade François Coty (Ajaccio)
1610820000,Jan 16 2021 - 6:00pm,complete,N/A,Amiens SC,Le Havre,Gaël Angoula,20,1.44,1.30,1.53,1.42,0,0,0,0,0,0,"","",4,2,0,0,1,0,0,0,0,1,7,5,3,3,4,2,13,13,55,45,1.38,1.15,1.25,1.17,2.01,37,52,31,15,5,15,57,31,79,5.98,5.06,2.20,3.00,3.75,1.59,2.60,4.55,8.25,2.20,1.62,Stade Crédit Agricole de la Licorne (Amiens)
1610820000,Jan 16 2021 - 6:00pm,complete,N/A,Auxerre,Châteauroux,Eric Wattellier,20,2.00,0.67,1.89,0.47,4,1,5,2,1,1,"9,66,79,90'3","36",6,4,0,0,0,0,0,0,0,0,9,11,6,5,3,6,13,14,51,49,1.72,1.29,1.47,1.62,2.60,58,84,41,15,10,31,62,48,90,9.06,4.84,1.47,4.25,6.75,1.27,1.80,2.95,4.95,1.95,1.80,Stade de l'Abbé Deschamps (Auxerre)
1610820000,Jan 16 2021 - 6:00pm,complete,N/A,Clermont,Dunkerque,Benjamin Lepaysant,20,2.00,1.00,2.32,0.79,5,0,5,2,2,0,"28,45,46,56,59","",4,2,1,0,0,0,0,1,0,0,17,9,9,4,8,5,13,10,62,38,1.72,1.10,2.32,1.21,2.11,28,61,44,11,6,22,62,33,78,8.78,4.22,1.35,4.90,8.50,1.33,1.87,3.00,5.25,2.40,1.54,Stade Gabriel Montpied (Clermont-Ferrand)
1610820000,Jan 16 2021 - 6:00pm,complete,N/A,Guingamp,Nancy,Guillaume Paradis,20,1.11,0.80,1.16,1.11,0,0,0,0,0,0,"","",2,1,1,0,2,1,0,1,1,2,3,2,2,0,1,2,11,14,49,51,1.59,1.16,0.62,0.33,2.17,48,64,32,22,5,16,64,43,74,8.06,3.74,2.20,3.10,3.65,1.44,2.20,3.60,6.00,1.95,1.80,Stade du Roudourou (Guingamp)
1610820000,Jan 16 2021 - 6:00pm,complete,N/A,Rodez,Pau,Alexandre Perreau Niel,20,1.00,0.50,1.42,0.63,1,0,1,0,0,0,"66","",5,1,2,0,3,0,0,2,1,2,12,5,4,2,8,3,9,20,60,40,1.23,1.11,1.59,0.73,2.35,45,70,50,15,5,30,65,35,85,8.30,5.50,2.15,3.00,3.80,1.51,2.35,4.00,7.00,2.05,1.71,Stade Paul Lignon (Rodez)
1611410400,Jan 23 2021 - 2:00pm,complete,N/A,Clermont,Auxerre,Jeremy Stinat,21,2.10,1.44,2.32,1.37,1,0,1,1,1,0,"13","",7,4,1,0,2,0,0,1,1,1,18,8,7,3,11,5,10,8,45,55,1.78,1.40,2.04,1.09,2.75,44,85,59,32,10,32,63,47,85,10.16,3.59,1.91,3.50,4.10,1.29,1.83,2.85,4.75,1.71,2.05,Stade Gabriel Montpied (Clermont-Ferrand)
1611424800,Jan 23 2021 - 6:00pm,complete,N/A,Caen,Rodez,Arnaud Baert,21,1.70,0.67,1.42,0.84,1,2,3,3,1,2,"27","3,18",2,6,2,0,2,0,0,2,2,0,4,9,2,8,2,1,19,20,69,31,1.30,1.27,0.78,1.56,2.23,59,70,37,21,5,32,64,33,75,9.27,5.06,2.40,2.95,3.35,1.56,2.45,4.25,7.50,2.15,1.67,Stade Michel d'Ornano (Caen)
1611424800,Jan 23 2021 - 6:00pm,complete,N/A,Châteauroux,Valenciennes,Remi Landry,21,0.70,1.50,0.74,1.05,3,3,6,1,1,0,"9,57,90","47,73,83",3,0,5,0,1,0,1,4,1,0,14,6,8,6,6,0,21,14,39,61,1.47,1.29,2.02,1.24,2.55,45,75,45,10,10,25,55,40,65,8.17,4.20,3.00,3.15,2.45,1.39,2.10,3.45,6.00,1.80,1.95,Stade Gaston Petit (Châteauroux)
1611424800,Jan 23 2021 - 6:00pm,complete,N/A,Dunkerque,Ajaccio,Guillaume Paradis,21,1.20,1.00,1.37,0.84,3,1,4,2,2,0,"26,35,87","46",5,1,2,0,1,1,0,2,1,1,10,7,5,4,5,3,18,9,42,58,0.97,1.19,1.37,1.32,2.00,35,55,20,20,10,15,60,20,75,7.40,3.40,4.10,3.10,2.05,1.51,2.40,4.05,7.25,2.15,1.67,Stade Marcel-Tribut (Dunkerque)
1611424800,Jan 23 2021 - 6:00pm,complete,N/A,Grenoble Foot 38,Chambly,Pierre Gaillouste,21,2.56,1.00,2.25,0.74,2,0,2,0,0,0,"68,90'1","",5,2,2,0,3,0,1,1,1,2,6,4,5,0,1,4,22,16,49,51,1.45,1.20,1.13,0.53,2.95,50,78,50,45,17,28,78,45,78,7.23,3.66,1.77,3.40,5.00,1.43,2.20,3.75,6.75,2.10,1.69,Stade des Alpes (Grenoble)
1611424800,Jan 23 2021 - 6:00pm,complete,N/A,Le Havre,Guingamp,Mathieu Vernice,21,1.11,1.00,1.05,1.32,1,1,2,0,0,0,"59","90",8,0,1,0,1,0,0,1,0,1,8,6,3,3,5,3,22,15,49,51,1.15,1.32,1.23,0.86,2.08,47,58,31,20,10,6,43,42,73,7.49,4.42,2.65,3.00,2.90,1.48,2.25,4.10,6.75,1.95,1.80,Stade Océane (Le Havre)
1611424800,Jan 23 2021 - 6:00pm,complete,N/A,Nancy,Niort,Gaël Angoula,21,1.11,1.11,1.37,0.89,2,2,4,2,1,1,"28,82","12,62",7,2,1,0,4,1,0,1,2,3,11,8,5,4,6,4,12,16,68,32,1.31,1.26,1.68,1.09,3.45,67,78,67,50,28,50,73,50,89,6.55,3.89,2.25,3.10,3.45,1.44,2.20,3.65,6.50,1.95,1.80,Stade Marcel-Picot (Tomblaine)
1611424800,Jan 23 2021 - 6:00pm,complete,N/A,Paris,Amiens SC,Bartolomeu Varela,21,1.80,1.40,2.00,0.95,4,2,6,4,3,1,"12,16,34,48","19,88",3,7,1,0,2,0,0,1,0,2,10,6,6,4,4,2,12,10,38,62,1.43,1.55,1.38,1.14,2.20,40,70,40,15,5,25,65,40,70,9.80,5.20,2.40,2.90,3.35,1.49,2.30,3.80,6.75,1.95,1.80,Stade Sébastien-Charléty (Paris)
1611424800,Jan 23 2021 - 6:00pm,complete,N/A,Pau,Troyes,Romain Lissorgue,21,1.00,1.50,1.68,1.53,0,1,1,0,0,0,"","78",5,6,2,0,2,0,1,1,1,1,7,13,5,5,2,8,21,14,32,68,1.33,1.68,1.26,1.72,2.16,42,64,42,21,11,16,59,47,64,11.13,4.76,6.00,3.65,1.61,1.30,1.91,2.95,5.00,1.91,1.83,Stade du Hameau (Pau)
1611603900,Jan 25 2021 - 7:45pm,complete,N/A,Sochaux,Toulouse,Mehdi Mokhtari,21,1.60,2.00,1.32,1.42,0,1,1,0,0,0,"","54",2,5,3,0,2,0,1,2,0,2,11,14,5,8,6,6,13,14,53,47,1.31,1.77,1.40,1.81,3.06,58,79,53,37,16,36,64,58,90,9.44,5.07,3.05,3.05,2.50,1.43,2.15,3.45,6.25,1.87,1.87,Stade Auguste-Bonal (Montbéliard)
1611684000,Jan 26 2021 - 6:00pm,complete,N/A,Valenciennes,Paris,Arnaud Baert,20,1.33,1.56,1.42,1.30,2,0,2,0,0,0,"59,69","",1,4,1,0,3,0,0,1,2,1,7,16,6,8,1,8,12,15,43,57,1.41,1.45,1.19,1.91,2.39,50,67,50,22,11,28,73,39,73,9.78,5.56,3.45,3.30,2.15,1.39,2.05,3.25,5.75,1.83,1.91,Stade du Hainaut (Valenciennes)
1611770400,Jan 27 2021 - 6:00pm,complete,N/A,Chambly,Niort,Sylvain Palhies,20,1.00,1.10,1.26,0.89,1,1,2,1,0,1,"89","29",9,3,1,0,2,1,1,0,1,2,12,4,4,2,8,2,16,19,66,34,1.21,1.24,1.80,0.76,2.75,45,70,55,20,15,30,65,55,95,6.10,4.30,2.85,3.15,2.60,1.39,2.10,3.65,7.50,1.91,1.87,Stade Pierre Brisson (Beauvais)
1612015200,Jan 30 2021 - 2:00pm,complete,N/A,Toulouse,Clermont,Karim Abed,22,1.91,1.60,2.30,1.47,3,2,5,2,1,1,"5,50,67","42,85",3,4,3,0,1,0,1,2,1,0,14,16,5,7,9,9,21,9,39,61,1.58,1.55,1.55,1.99,2.30,38,52,38,23,9,24,53,33,66,8.17,3.86,3.05,3.40,2.30,1.32,1.83,2.85,4.75,1.69,2.10,Stadium de Toulouse (Toulouse)
1612015200,Jan 30 2021 - 2:00pm,complete,N/A,Troyes,Auxerre,Benoît Bastien,22,2.60,1.30,2.53,1.37,3,1,4,1,1,0,"28,75,90","79",4,7,2,0,1,0,0,2,0,1,15,12,4,6,11,6,12,11,57,43,1.87,1.37,1.62,1.65,2.55,55,80,50,25,0,35,65,35,80,10.10,4.00,2.00,3.45,3.75,1.25,1.80,2.70,4.75,1.67,2.10,Stade de l'Aube (Troyes)
1612029600,Jan 30 2021 - 6:00pm,complete,N/A,Ajaccio,Grenoble Foot 38,Alexandre Perreau Niel,22,1.50,1.09,1.58,1.15,2,1,3,0,0,0,"59,67","62",2,4,2,0,3,0,0,2,2,1,12,9,4,4,8,5,14,13,49,51,1.41,1.39,1.55,1.25,1.72,29,48,19,10,5,14,58,24,67,10.23,4.66,2.50,2.95,3.15,1.51,2.35,4.25,8.25,2.05,1.71,Stade François Coty (Ajaccio)
1612029600,Jan 30 2021 - 6:00pm,complete,N/A,Amiens SC,Châteauroux,Romain Lissorgue,22,1.40,0.60,1.53,0.47,1,0,1,1,1,0,"38","",4,8,2,0,3,0,0,2,1,2,6,8,3,4,3,4,16,15,48,52,1.36,1.32,1.00,1.45,1.70,45,55,20,5,5,10,45,35,75,7.40,4.50,1.87,3.30,4.45,1.48,2.20,3.70,6.75,2.10,1.69,Stade Crédit Agricole de la Licorne (Amiens)
1612029600,Jan 30 2021 - 6:00pm,complete,N/A,Chambly,Caen,Bartolomeu Varela,22,1.00,1.10,1.26,0.74,4,2,6,3,2,1,"25,27,60,67","2,90'2",0,4,2,1,0,1,1,2,1,0,9,6,7,3,2,3,11,8,41,59,1.26,1.33,1.30,1.03,2.29,43,67,53,10,5,15,72,58,80,7.55,3.92,2.75,2.95,2.80,1.50,2.30,4.10,8.00,2.00,1.77,Stade des Marais (Chambly)
1612029600,Jan 30 2021 - 6:00pm,complete,N/A,Guingamp,Pau,Romain Delpech,22,1.10,0.45,1.16,0.63,2,3,5,2,0,2,"55,59","27,36,76",7,5,1,0,2,0,1,0,1,1,15,14,8,7,7,7,11,11,63,37,1.49,1.08,2.09,1.72,2.23,39,62,48,24,5,33,67,34,67,7.75,4.49,1.83,3.45,4.45,1.38,2.05,3.25,5.75,1.95,1.80,Stade du Roudourou (Guingamp)
1612029600,Jan 30 2021 - 6:00pm,complete,N/A,Nancy,Paris,Remi Landry,22,1.10,1.40,1.37,1.30,1,1,2,2,1,1,"14","28",9,3,1,0,3,0,0,1,1,2,8,4,3,2,5,2,23,13,38,62,1.34,1.49,1.26,0.77,3.15,70,80,75,45,15,45,75,55,80,8.50,4.70,3.05,3.00,2.50,1.43,2.10,3.35,6.00,1.83,1.91,Stade Marcel-Picot (Tomblaine)
1612029600,Jan 30 2021 - 6:00pm,complete,N/A,Niort,Le Havre,Benjamin Lepaysant,22,1.50,1.27,1.26,1.42,0,0,0,0,0,0,"","",5,2,2,0,1,1,2,0,2,0,6,5,2,4,4,1,21,13,53,47,1.37,1.15,1.02,0.96,2.33,33,67,43,19,5,24,62,38,66,5.74,4.58,2.95,3.00,2.60,1.51,2.35,4.60,8.25,2.05,1.71,Stade René Gaillard (Niort)
1612029600,Jan 30 2021 - 6:00pm,complete,N/A,Rodez,Sochaux,Sylvain Palhies,22,1.18,1.20,1.42,1.37,1,1,2,0,0,0,"89","76",3,2,0,0,2,1,0,0,1,2,12,9,4,4,8,5,10,15,48,52,1.27,1.24,1.41,1.24,1.80,48,57,33,10,5,10,48,33,70,9.44,4.36,3.00,2.90,2.60,1.59,2.50,4.45,8.50,2.15,1.65,Stade Paul Lignon (Rodez)
1612029600,Jan 30 2021 - 6:00pm,complete,N/A,Valenciennes,Dunkerque,Mathieu Vernice,22,1.50,0.90,1.42,0.79,1,0,1,1,1,0,"28","",2,5,2,0,3,0,1,1,0,3,4,8,3,5,1,3,20,21,44,56,1.39,1.11,0.75,1.36,2.25,35,60,40,20,10,25,60,35,80,7.40,4.60,2.05,3.20,3.80,1.39,2.05,3.35,6.00,1.83,1.91,Stade du Hainaut (Valenciennes)
1612292400,Feb 02 2021 - 7:00pm,complete,N/A,Auxerre,Toulouse,Guillaume Paradis,23,2.09,2.10,1.89,1.42,3,1,4,2,2,0,"4,42,77","90'3",1,4,1,0,2,0,0,1,0,2,10,18,6,7,4,11,10,11,45,55,1.70,1.77,1.43,2.24,3.13,57,81,57,33,19,38,71,48,96,10.05,4.78,2.55,3.20,2.85,1.29,1.80,2.95,5.25,1.61,2.25,Stade de l'Abbé Deschamps (Auxerre)
1612292400,Feb 02 2021 - 7:00pm,complete,N/A,Caen,Valenciennes,Gaël Angoula,23,1.55,1.45,1.42,1.05,1,1,2,1,0,1,"52","5",8,4,1,0,4,0,1,0,1,3,15,7,7,3,8,4,26,18,56,44,1.26,1.28,1.98,0.95,2.50,55,69,36,18,14,32,60,27,59,7.66,4.35,2.50,3.05,3.05,1.42,2.10,3.75,6.75,1.83,1.95,Stade Michel d'Ornano (Caen)
1612292400,Feb 02 2021 - 7:00pm,complete,N/A,Châteauroux,Chambly,Arnaud Baert,23,0.73,0.90,0.74,0.74,4,0,4,0,0,0,"55,72,85,88","",12,1,2,0,2,1,0,2,1,2,18,5,11,0,7,5,20,17,58,42,1.52,1.13,2.52,0.62,2.82,53,77,57,34,19,29,67,43,72,7.76,4.75,2.55,3.00,3.00,1.42,2.10,3.45,6.50,1.83,1.95,Stade Gaston Petit (Châteauroux)
1612292400,Feb 02 2021 - 7:00pm,complete,N/A,Clermont,Troyes,Amaury Delerue,23,2.18,1.64,2.32,1.53,2,1,3,2,2,0,"14,29","71",2,7,3,0,5,0,1,2,3,2,7,9,4,4,3,5,13,9,30,70,1.80,1.69,0.99,1.34,2.18,27,64,45,18,14,18,59,45,69,11.55,3.82,2.25,3.25,3.35,1.33,1.95,3.20,6.00,1.77,2.00,Stade Gabriel Montpied (Clermont-Ferrand)
1612292400,Feb 02 2021 - 7:00pm,complete,N/A,Dunkerque,Rodez,Romain Delpech,23,1.36,0.90,1.37,0.84,0,0,0,0,0,0,"","",2,2,0,0,5,0,0,0,3,2,9,6,2,0,7,6,9,16,55,45,1.00,1.30,1.09,0.79,2.30,53,68,39,24,5,34,67,34,82,7.98,4.23,3.00,3.05,2.55,1.44,2.30,4.00,8.00,2.00,1.77,Stade Marcel-Tribut (Dunkerque)
1612292400,Feb 02 2021 - 7:00pm,complete,N/A,Grenoble Foot 38,Guingamp,Benjamin Lepaysant,23,2.60,1.00,2.25,1.32,2,1,3,1,0,1,"56,90'1","43",4,4,2,0,1,0,2,0,1,0,10,7,6,3,4,4,14,19,51,49,1.42,1.28,1.49,1.00,2.68,43,72,43,33,14,5,49,58,86,7.98,3.59,2.20,3.25,3.35,1.43,2.10,3.75,6.75,1.91,1.83,Stade des Alpes (Grenoble)
1612292400,Feb 02 2021 - 7:00pm,complete,N/A,Le Havre,Nancy,Pierre Gaillouste,23,1.10,0.82,1.05,1.11,1,1,2,0,0,0,"85","49",7,6,2,0,3,0,0,2,2,1,6,6,2,4,4,2,15,20,65,35,1.16,1.08,1.04,1.01,1.71,43,58,14,5,5,10,53,34,67,6.67,4.46,2.55,2.90,3.10,1.56,2.45,4.20,8.00,2.10,1.69,Stade Océane (Le Havre)
1612292400,Feb 02 2021 - 7:00pm,complete,N/A,Paris,Niort,Mehdi Mokhtari,23,1.91,1.09,2.00,0.89,3,3,6,5,3,2,"1,9,33","20,38,55",5,3,1,0,3,1,0,1,2,2,18,8,10,5,8,3,19,17,59,41,1.42,1.20,2.23,1.12,2.87,50,73,45,32,23,36,69,45,87,7.09,4.55,1.74,3.60,4.90,1.37,2.00,3.60,7.25,1.95,1.80,Stade Sébastien-Charléty (Paris)
1612292400,Feb 02 2021 - 7:00pm,complete,N/A,Pau,Amiens SC,Remi Landry,23,0.90,1.27,1.68,0.95,2,0,2,1,1,0,"10,67","",1,0,2,0,3,0,1,1,1,2,4,5,3,3,1,2,21,17,34,66,1.32,1.51,0.71,0.94,2.28,43,67,38,19,10,28,67,43,67,11.12,5.50,3.40,3.05,2.30,1.50,2.30,3.90,7.00,2.00,1.74,Stade du Hameau (Pau)
1612292400,Feb 02 2021 - 7:00pm,complete,N/A,Sochaux,Ajaccio,Jérôme Miguelgorry,23,1.45,0.91,1.32,0.84,0,2,2,1,0,1,"","45'1,46",4,3,0,1,1,0,1,0,0,1,10,10,4,6,6,4,5,17,42,58,1.32,1.20,1.30,1.48,2.59,50,73,36,32,14,32,60,46,82,8.82,4.27,2.70,2.85,3.00,1.61,2.55,4.80,8.25,2.15,1.65,Stade Auguste-Bonal (Montbéliard)
1612551600,Feb 05 2021 - 7:00pm,complete,N/A,Ajaccio,Auxerre,Gaël Angoula,24,1.64,1.18,1.58,1.37,0,0,0,0,0,0,"","",11,2,2,0,1,1,0,2,1,1,12,6,4,3,8,3,10,8,53,47,1.42,1.39,1.55,0.82,2.41,50,64,46,32,5,18,60,36,78,9.91,4.09,2.50,3.05,3.00,1.39,2.05,3.45,6.25,1.80,1.95,Stade François Coty (Ajaccio)
1612551600,Feb 05 2021 - 7:00pm,complete,N/A,Amiens SC,Caen,Pierre Gaillouste,24,1.55,1.00,1.53,0.74,0,0,0,0,0,0,"","",4,4,0,0,3,0,0,0,1,2,6,7,2,3,4,4,14,22,59,41,1.33,1.30,1.07,1.06,1.87,36,46,32,14,9,14,64,37,60,7.82,4.36,2.15,3.15,3.60,1.53,2.50,4.65,9.50,2.25,1.59,Stade Crédit Agricole de la Licorne (Amiens)
1612551600,Feb 05 2021 - 7:00pm,complete,N/A,Chambly,Sochaux,Mathieu Vernice,24,1.17,1.18,1.26,1.37,1,4,5,1,1,0,"35","47,54,60,89",6,3,2,0,2,0,1,1,1,1,10,7,4,6,6,1,20,19,59,41,1.27,1.24,1.41,1.27,2.07,48,65,43,9,9,13,56,43,73,7.80,4.10,3.45,3.00,2.30,1.57,2.45,4.55,8.75,2.15,1.65,Stade Pierre Brisson (Beauvais)
1612551600,Feb 05 2021 - 7:00pm,complete,N/A,Guingamp,Dunkerque,Alexandre Perreau Niel,24,1.00,0.82,1.16,0.79,0,0,0,0,0,0,"","",8,4,2,0,4,1,1,1,1,4,9,10,3,4,6,6,16,10,60,40,1.55,1.14,1.34,1.28,2.27,41,55,45,27,9,27,64,41,69,7.64,3.63,1.83,3.40,4.60,1.36,2.10,3.40,6.75,2.05,1.74,Stade du Roudourou (Guingamp)
1612551600,Feb 05 2021 - 7:00pm,complete,N/A,Nancy,Pau,Bartolomeu Varela,24,1.09,0.67,1.37,0.63,1,0,1,1,1,0,"25","",1,5,3,1,3,0,0,4,0,3,5,7,3,0,2,7,14,15,50,50,1.34,1.13,0.91,0.87,3.11,62,79,70,45,18,57,79,40,79,7.76,4.64,2.15,3.10,3.70,1.43,2.15,3.55,6.50,1.95,1.80,Stade Marcel-Picot (Tomblaine)
1612551600,Feb 05 2021 - 7:00pm,complete,N/A,Niort,Châteauroux,Guillaume Paradis,24,1.45,0.55,1.26,0.47,1,1,2,1,0,1,"68","14",9,4,1,0,3,0,0,1,1,2,13,10,6,7,7,3,12,21,53,47,1.33,1.33,1.73,1.53,2.05,41,69,32,9,5,18,55,41,64,7.70,4.47,2.80,3.15,2.60,1.41,2.05,3.45,6.50,1.83,1.91,Stade René Gaillard (Niort)
1612551600,Feb 05 2021 - 7:00pm,complete,N/A,Rodez,Clermont,Romain Lissorgue,24,1.17,1.45,1.42,1.47,2,0,2,0,0,0,"77,90'4","",1,5,0,0,1,0,0,0,0,1,6,8,3,2,3,6,15,17,32,68,1.28,1.59,0.92,1.21,1.95,47,56,30,13,5,18,58,34,78,8.41,3.62,4.95,3.45,1.74,1.47,2.25,3.70,7.00,2.20,1.62,Stade Paul Lignon (Rodez)
1612551600,Feb 05 2021 - 7:00pm,complete,N/A,Valenciennes,Grenoble Foot 38,Sylvain Palhies,24,1.64,1.00,1.42,1.15,0,1,1,0,0,0,"","74",2,9,3,0,3,0,0,3,2,1,13,11,5,6,8,5,17,12,56,44,1.33,1.38,1.59,1.63,1.92,35,61,26,9,5,18,57,35,70,8.94,4.78,3.10,3.15,2.40,1.39,2.05,3.25,5.75,1.80,1.95,Stade du Hainaut (Valenciennes)
1612620000,Feb 06 2021 - 2:00pm,complete,N/A,Le Havre,Paris,Olivier Thual,24,1.09,1.36,1.05,1.30,1,0,1,1,1,0,"28","",3,4,0,0,2,0,0,0,0,2,6,9,3,0,3,9,13,16,44,56,1.15,1.43,1.19,1.18,2.05,55,69,32,9,5,23,59,45,64,8.37,5.09,3.20,3.15,2.35,1.43,2.15,3.50,6.25,1.91,1.83,Stade Océane (Le Havre)
1612620000,Feb 06 2021 - 2:00pm,complete,N/A,Troyes,Toulouse,Benoît Millot,24,2.64,1.91,2.53,1.42,1,1,2,1,0,1,"49","15",9,0,3,0,3,0,2,1,2,1,5,3,3,3,2,0,16,17,69,31,1.85,1.81,1.08,0.62,2.73,55,78,50,27,5,32,69,46,91,9.90,4.64,2.25,3.25,3.30,1.30,1.83,3.00,5.25,1.69,2.10,Stade de l'Aube (Troyes)
1613224800,Feb 13 2021 - 2:00pm,complete,N/A,Auxerre,Guingamp,Pierre Gaillouste,25,2.17,0.92,1.89,1.32,1,1,2,2,1,1,"37","18",4,3,2,0,0,0,1,1,0,0,12,8,8,4,4,4,13,19,57,43,1.68,1.25,1.88,1.33,3.00,63,80,59,38,21,29,58,54,92,9.34,4.08,1.87,3.45,4.30,1.37,2.00,3.15,5.75,1.91,1.83,Stade de l'Abbé Deschamps (Auxerre)
1613239200,Feb 13 2021 - 6:00pm,complete,N/A,Caen,Niort,Remi Landry,25,1.50,1.08,1.42,0.89,1,0,1,0,0,0,"74","",3,2,2,0,2,0,0,2,0,2,7,6,4,2,3,4,19,13,45,55,1.32,1.19,0.93,0.76,2.67,58,67,42,30,21,42,71,25,71,7.75,5.00,2.15,3.15,3.60,1.43,2.15,3.50,6.50,1.95,1.80,Stade Michel d'Ornano (Caen)
1613239200,Feb 13 2021 - 6:00pm,complete,N/A,Châteauroux,Le Havre,Stéphanie Frappart,25,0.92,1.25,0.74,1.42,0,1,1,0,0,0,"","67",4,2,2,0,2,0,1,1,0,2,12,12,7,5,5,7,14,5,46,54,1.60,1.13,1.58,1.34,2.58,38,67,55,25,13,21,58,46,71,7.17,4.84,2.60,2.90,3.00,1.56,2.55,4.35,8.25,2.15,1.67,Stade Gaston Petit (Châteauroux)
1613239200,Feb 13 2021 - 6:00pm,complete,N/A,Clermont,Chambly,Benjamin Lepaysant,25,2.25,0.82,2.32,0.74,1,0,1,0,0,0,"61","",6,3,2,0,2,1,1,1,0,3,12,4,6,2,6,2,14,7,65,35,1.73,1.09,1.69,0.62,2.71,40,79,53,36,18,35,70,44,79,8.60,4.20,1.20,6.50,13.00,1.27,1.71,2.70,4.50,2.70,1.43,Stade Gabriel Montpied (Clermont-Ferrand)
1613239200,Feb 13 2021 - 6:00pm,complete,N/A,Dunkerque,Nancy,Arnaud Baert,25,1.33,0.83,1.37,1.11,1,2,3,1,1,0,"24","54,75",4,2,1,0,3,0,0,1,1,2,8,10,3,5,5,5,11,21,57,43,1.01,1.08,1.18,1.40,1.83,38,50,21,17,8,17,54,25,71,6.58,4.00,3.00,2.75,2.80,1.56,2.65,5.00,9.50,2.25,1.61,Stade Marcel-Tribut (Dunkerque)
1613239200,Feb 13 2021 - 6:00pm,complete,N/A,Grenoble Foot 38,Amiens SC,Romain Delpech,25,2.64,1.17,2.25,0.95,0,0,0,0,0,0,"","",6,2,3,1,1,0,1,3,0,1,6,4,2,2,4,2,17,14,52,48,1.42,1.47,1.00,0.82,2.62,39,79,44,22,9,21,74,53,75,9.15,4.55,2.25,2.90,3.65,1.54,2.35,4.30,7.75,2.10,1.71,Stade des Alpes (Grenoble)
1613239200,Feb 13 2021 - 6:00pm,complete,N/A,Pau,Paris,Gaël Angoula,25,1.09,1.25,1.68,1.30,1,1,2,0,0,0,"55","82",3,7,3,0,2,0,2,1,1,1,3,6,2,5,1,1,12,16,35,65,1.26,1.41,0.53,1.05,2.21,43,66,39,18,9,26,70,39,66,9.49,5.37,3.65,3.05,2.20,1.41,2.10,3.45,6.25,1.87,1.91,Stade du Hameau (Pau)
1613239200,Feb 13 2021 - 6:00pm,complete,N/A,Troyes,Rodez,Mehdi Mokhtari,25,2.50,0.91,2.53,0.84,2,1,3,1,1,0,"2,46","74",4,4,3,0,3,1,0,3,1,3,11,6,5,4,6,2,17,21,64,36,1.78,1.25,1.40,1.04,2.39,61,83,44,18,0,35,70,39,83,10.30,4.90,1.62,3.55,6.25,1.36,2.00,3.15,5.75,2.05,1.74,Stade de l'Aube (Troyes)
1613411100,Feb 15 2021 - 5:45pm,complete,N/A,Sochaux,Valenciennes,Bartolomeu Varela,25,1.33,1.42,1.32,1.05,2,0,2,1,1,0,"14,76","",3,3,2,0,1,0,2,0,1,0,11,5,6,4,5,1,14,12,50,50,1.32,1.25,1.61,1.07,2.84,54,79,38,25,17,34,58,46,79,8.03,4.51,2.05,3.00,4.20,1.49,2.25,3.75,7.00,2.05,1.74,Stade Auguste-Bonal (Montbéliard)
1613418300,Feb 15 2021 - 7:45pm,complete,N/A,Toulouse,Ajaccio,Jeremy Stinat,25,2.00,1.08,2.30,0.84,3,0,3,1,1,0,"27,86,90'1","",9,5,2,0,1,0,0,2,0,1,12,8,6,0,6,8,10,12,50,50,1.58,1.22,1.71,0.94,2.79,46,71,42,34,17,25,55,46,83,8.17,4.17,2.05,3.25,3.80,1.39,2.05,3.25,6.00,1.91,1.87,Stadium de Toulouse (Toulouse)
1613829600,Feb 20 2021 - 2:00pm,complete,N/A,Valenciennes,Troyes,Romain Lissorgue,26,1.50,1.50,1.42,1.53,2,2,4,1,1,0,"13,90'1","64,71",4,5,1,0,4,0,1,0,2,2,12,11,7,5,5,6,12,24,41,59,1.35,1.66,1.68,1.50,2.04,38,58,38,17,8,17,54,38,71,10.00,4.84,4.10,3.35,1.95,1.29,1.80,2.85,4.80,1.67,2.15,Stade du Hainaut (Valenciennes)
1613844000,Feb 20 2021 - 6:00pm,complete,N/A,Ajaccio,Clermont,Sylvain Palhies,26,1.58,1.33,1.58,1.47,0,2,2,0,0,0,"","54,58",2,5,1,0,1,0,0,1,0,1,13,13,4,8,9,5,10,9,47,53,1.43,1.56,1.61,1.79,1.79,33,46,25,17,8,17,59,25,63,9.67,3.67,3.90,3.05,2.10,1.44,2.15,3.55,6.50,1.91,1.83,Stade François Coty (Ajaccio)
1613844000,Feb 20 2021 - 6:00pm,complete,N/A,Amiens SC,Sochaux,Abdelatif Kherradji,26,1.50,1.33,1.53,1.37,0,1,1,0,0,0,"","65",1,2,2,0,2,0,1,1,1,1,6,5,2,2,4,3,24,21,55,45,1.31,1.24,0.86,0.85,1.42,38,42,21,9,9,4,46,21,50,8.25,4.25,2.80,2.80,2.90,1.65,2.65,5.25,9.50,2.25,1.59,Stade Crédit Agricole de la Licorne (Amiens)
1613844000,Feb 20 2021 - 6:00pm,complete,N/A,Chambly,Auxerre,Mikael Lesage,26,1.08,1.17,1.26,1.37,0,1,1,0,0,0,"","70",2,2,4,0,3,0,0,4,1,2,8,12,3,5,5,7,12,11,40,60,1.28,1.35,1.08,1.61,2.72,56,76,60,29,8,20,64,52,88,7.96,3.75,6.00,4.25,1.53,1.30,1.80,2.70,4.65,1.95,1.80,Stade Pierre Brisson (Beauvais)
1613844000,Feb 20 2021 - 6:00pm,complete,N/A,Le Havre,Dunkerque,Remi Landry,26,1.25,0.83,1.05,0.79,1,1,2,0,0,0,"83","46",4,2,0,0,3,0,0,0,2,1,12,8,9,3,3,5,11,22,58,42,1.15,1.15,2.17,1.22,1.79,38,50,25,9,4,17,54,34,63,6.84,4.50,1.91,3.20,4.70,1.54,2.45,4.55,8.75,2.25,1.61,Stade Océane (Le Havre)
1613844000,Feb 20 2021 - 6:00pm,complete,N/A,Nancy,Grenoble Foot 38,Jérôme Miguelgorry,26,1.25,1.15,1.37,1.15,1,2,3,1,1,0,"23","79,90'3",3,4,1,0,1,0,0,1,1,0,9,11,2,7,7,4,16,13,41,59,1.30,1.40,1.13,1.66,2.56,57,69,49,29,9,37,65,41,72,8.92,4.38,2.75,2.95,2.80,1.50,2.30,4.15,7.75,2.00,1.77,Stade Marcel-Picot (Tomblaine)
1613844000,Feb 20 2021 - 6:00pm,complete,N/A,Niort,Pau,Alexandre Perreau Niel,26,1.42,0.62,1.26,0.63,2,1,3,2,2,0,"40,45","59",3,8,2,0,1,0,1,1,1,0,9,9,4,2,5,7,14,8,43,57,1.37,1.11,1.13,1.22,2.19,32,65,44,16,8,32,68,24,60,7.87,5.09,2.40,3.05,3.20,1.44,2.15,3.50,6.25,1.91,1.87,Stade René Gaillard (Niort)
1613844000,Feb 20 2021 - 6:00pm,complete,N/A,Paris,Châteauroux,Benjamin Lepaysant,26,1.83,0.58,2.00,0.47,1,0,1,0,0,0,"69","",5,2,2,0,3,1,0,2,2,2,12,6,6,2,6,4,21,20,55,45,1.49,1.35,1.73,0.92,2.55,54,75,38,21,17,25,63,46,83,8.08,4.25,2.00,3.25,4.00,1.39,2.05,3.25,5.75,1.87,1.91,Stade Sébastien-Charléty (Paris)
1613844000,Feb 20 2021 - 6:00pm,complete,N/A,Rodez,Toulouse,Olivier Thual,26,1.31,1.83,1.42,1.42,1,0,1,1,1,0,"41","",8,1,3,0,3,0,1,2,0,3,12,7,4,2,8,5,20,18,42,58,1.25,1.71,1.43,1.04,2.50,56,72,41,21,4,17,53,52,100,8.31,4.58,3.75,3.30,2.05,1.38,2.00,3.15,5.50,1.83,1.91,Stade Paul Lignon (Rodez)
1614023100,Feb 22 2021 - 7:45pm,complete,N/A,Guingamp,Caen,Mehdi Mokhtari,26,1.00,1.00,1.16,0.74,2,2,4,1,0,1,"66,71","26,55",6,3,2,0,1,0,0,2,0,1,11,4,6,3,5,1,15,21,59,41,1.53,1.28,1.46,0.68,2.30,46,58,46,29,13,25,67,54,58,8.83,3.59,2.60,2.90,3.00,1.44,2.15,3.65,6.75,1.87,1.91,Stade du Roudourou (Guingamp)
1614434400,Feb 27 2021 - 2:00pm,complete,N/A,Toulouse,Amiens SC,Eric Wattellier,27,2.08,1.15,2.30,0.95,3,0,3,2,2,0,"15,41,86","",7,3,1,0,2,0,1,0,2,0,15,12,7,4,8,8,14,11,54,46,1.59,1.42,2.09,1.56,2.73,42,69,50,27,16,31,58,50,74,9.62,5.23,1.80,3.40,4.70,1.43,2.20,3.90,8.00,2.10,1.69,Stadium de Toulouse (Toulouse)
1614434400,Feb 27 2021 - 2:00pm,complete,N/A,Troyes,Ajaccio,Guillaume Paradis,27,2.54,1.00,2.53,0.84,1,0,1,0,0,0,"90'3","",7,4,0,0,2,0,0,0,0,2,12,9,6,3,6,6,12,15,63,37,1.75,1.20,2.04,1.33,2.42,50,81,39,19,4,23,73,38,85,9.70,3.92,1.80,3.60,4.55,1.36,2.05,3.50,7.00,2.00,1.77,Stade de l'Aube (Troyes)
1614448800,Feb 27 2021 - 6:00pm,complete,N/A,Auxerre,Rodez,Benjamin Lepaysant,27,2.08,0.83,1.89,0.84,0,1,1,0,0,0,"","80",8,3,3,0,0,0,0,3,0,0,9,16,3,7,6,9,17,9,65,35,1.69,1.24,1.37,1.92,2.87,68,88,56,28,12,48,76,48,84,9.58,4.91,2.00,3.20,4.20,1.47,2.30,4.10,8.50,2.10,1.71,Stade de l'Abbé Deschamps (Auxerre)
1614448800,Feb 27 2021 - 6:00pm,complete,N/A,Caen,Paris,Abdelatif Kherradji,27,1.62,1.23,1.42,1.30,0,2,2,1,0,1,"","37,86",2,0,2,0,1,0,1,1,1,0,7,10,5,4,2,6,18,8,47,53,1.29,1.38,1.21,1.25,2.12,54,62,39,15,8,31,66,27,58,9.31,5.16,3.50,3.00,2.30,1.47,2.25,4.00,8.25,2.00,1.77,Stade Michel d'Ornano (Caen)
1614448800,Feb 27 2021 - 6:00pm,complete,N/A,Châteauroux,Nancy,Olivier Thual,27,0.85,1.00,0.74,1.11,1,4,5,2,0,2,"72","31,41,48,63",4,4,3,0,1,0,1,2,1,0,11,13,4,5,7,8,20,23,54,46,1.60,1.10,1.50,1.60,2.31,42,66,43,16,12,12,54,42,73,8.30,4.84,2.65,2.90,3.00,1.48,2.30,4.15,8.50,1.95,1.80,Stade Gaston Petit (Châteauroux)
1614448800,Feb 27 2021 - 6:00pm,complete,N/A,Clermont,Valenciennes,Alexandre Perreau Niel,27,2.31,1.31,2.32,1.05,4,0,4,2,2,0,"30,31,55,59","",6,4,1,0,0,1,0,1,1,0,18,6,10,4,8,2,17,8,60,40,1.73,1.24,2.52,1.00,2.58,39,77,39,15,15,27,66,38,77,8.79,3.77,1.36,4.60,9.00,1.25,1.67,2.60,4.85,2.00,1.77,Stade Gabriel Montpied (Clermont-Ferrand)
1614448800,Feb 27 2021 - 6:00pm,complete,N/A,Dunkerque,Chambly,Pierre Gaillouste,27,1.23,0.75,1.37,0.74,1,1,2,0,0,0,"52","62",5,2,0,0,2,0,0,0,1,1,17,7,8,3,9,4,11,14,55,45,1.03,1.05,2.10,0.91,2.38,44,61,41,37,13,28,60,33,76,6.32,4.04,2.40,3.00,3.30,1.48,2.30,4.05,8.25,2.00,1.77,Stade Marcel-Tribut (Dunkerque)
1614448800,Feb 27 2021 - 6:00pm,complete,N/A,Grenoble Foot 38,Niort,Gaël Angoula,27,2.50,1.00,2.25,0.89,1,1,2,1,0,1,"84","20",6,2,3,0,1,0,2,1,1,0,16,6,6,4,10,2,16,7,62,38,1.39,1.16,2.00,1.09,2.87,44,72,44,32,20,27,68,48,84,7.00,4.45,2.00,3.25,3.90,1.36,2.05,3.45,6.75,1.87,1.87,Stade des Alpes (Grenoble)
1614448800,Feb 27 2021 - 6:00pm,complete,N/A,Pau,Le Havre,Sylvain Palhies,27,1.08,1.38,1.68,1.42,2,0,2,0,0,0,"60,79","",3,1,2,0,1,0,0,2,1,0,10,14,6,5,4,9,16,7,42,58,1.20,1.15,1.65,1.95,2.16,37,61,32,20,8,20,56,40,76,6.90,4.88,3.15,2.75,2.65,1.57,2.60,4.75,9.75,2.15,1.67,Stade du Hameau (Pau)
1614448800,Feb 27 2021 - 6:00pm,complete,N/A,Sochaux,Guingamp,Arnaud Baert,27,1.46,0.92,1.32,1.32,0,0,0,0,0,0,"","",1,4,0,0,3,0,0,0,1,2,8,8,6,4,2,4,14,17,61,39,1.34,1.26,1.32,1.15,2.62,54,73,42,31,15,23,50,50,85,8.62,4.23,2.20,2.95,3.85,1.47,2.35,4.35,9.25,2.05,1.74,Stade Auguste-Bonal (Montbéliard)
1614711600,Mar 02 2021 - 7:00pm,complete,N/A,Ajaccio,Rodez,Remi Landry,28,1.46,1.00,1.58,0.84,1,0,1,0,0,0,"90","",4,4,3,0,3,0,0,3,1,2,7,11,5,3,2,8,18,18,63,37,1.44,1.29,1.36,1.41,2.04,47,62,35,15,4,20,54,39,77,9.76,4.77,2.30,2.80,3.65,1.59,2.60,4.80,10.25,2.20,1.62,Stade François Coty (Ajaccio)
1614711600,Mar 02 2021 - 7:00pm,complete,N/A,Amiens SC,Auxerre,Romain Lissorgue,28,1.38,1.31,1.53,1.37,1,1,2,2,1,1,"29","12",6,9,1,0,0,0,0,1,0,0,15,13,7,6,8,7,9,13,45,55,1.27,1.37,2.07,1.78,1.77,39,46,31,19,0,12,46,23,66,7.93,4.00,3.10,3.00,2.45,1.45,2.30,4.05,8.25,1.95,1.80,Stade Crédit Agricole de la Licorne (Amiens)
1614711600,Mar 02 2021 - 7:00pm,complete,N/A,Chambly,Troyes,Sylvain Palhies,28,1.00,1.46,1.26,1.53,0,3,3,2,0,2,"","40,42,87",0,6,1,1,3,0,1,1,1,2,3,10,0,7,3,3,15,14,29,71,1.26,1.65,0.29,1.56,2.44,48,67,56,19,11,15,59,52,85,9.21,4.61,6.75,4.35,1.47,1.29,1.83,2.95,5.75,2.05,1.74,Stade Pierre Brisson (Beauvais)
1614711600,Mar 02 2021 - 7:00pm,complete,N/A,Guingamp,Clermont,Nicolas Rainville,28,1.00,1.46,1.16,1.47,0,5,5,2,0,2,"","14,31,54,65,72",1,7,0,1,1,0,1,0,0,1,4,11,2,6,2,5,6,17,37,63,1.52,1.58,0.60,1.58,2.08,43,58,35,27,8,23,62,43,62,9.00,2.84,4.10,3.60,1.87,1.29,1.87,3.00,5.75,1.77,2.00,Stade du Roudourou (Guingamp)
1614711600,Mar 02 2021 - 7:00pm,complete,N/A,Le Havre,Grenoble Foot 38,Mehdi Mokhtari,28,1.23,1.29,1.05,1.15,0,2,2,1,0,1,"","18,69",3,4,3,0,0,0,0,3,0,0,9,9,4,6,5,3,10,15,51,49,1.23,1.42,1.39,1.45,1.71,45,60,19,0,0,11,48,41,67,8.62,4.13,2.50,2.95,3.15,1.53,2.45,4.50,9.25,2.05,1.71,Stade Océane (Le Havre)
1614711600,Mar 02 2021 - 7:00pm,complete,N/A,Nancy,Caen,Bartolomeu Varela,28,1.15,1.00,1.37,0.74,1,0,1,1,1,0,"7","",7,4,1,0,3,0,0,1,1,2,6,7,3,3,3,4,14,11,38,62,1.29,1.24,0.96,1.09,2.96,66,74,66,43,15,39,81,58,70,7.77,3.93,2.30,2.90,3.60,1.49,2.35,4.30,9.00,2.00,1.77,Stade Marcel-Picot (Tomblaine)
1614711600,Mar 02 2021 - 7:00pm,complete,N/A,Niort,Sochaux,Pierre Gaillouste,28,1.54,1.46,1.26,1.37,1,3,4,3,1,2,"31","12,29,84",0,7,2,1,2,0,0,3,0,2,7,12,4,6,3,6,14,22,48,52,1.35,1.21,1.07,1.66,1.89,42,62,35,12,8,16,54,27,54,8.31,4.23,3.15,3.05,2.40,1.48,2.30,4.05,8.00,2.00,1.74,Stade René Gaillard (Niort)
1614711600,Mar 02 2021 - 7:00pm,complete,N/A,Paris,Dunkerque,Karim Abed,28,1.92,0.85,2.00,0.79,1,0,1,0,0,0,"90'2","",9,3,3,0,2,0,2,1,1,1,10,4,3,2,7,2,14,13,59,41,1.51,1.15,1.40,0.67,2.39,39,58,42,23,16,27,58,35,77,7.23,4.54,1.61,3.75,6.00,1.36,2.05,3.60,7.50,2.15,1.67,Stade Sébastien-Charléty (Paris)
1614711600,Mar 02 2021 - 7:00pm,complete,N/A,Pau,Châteauroux,Arnaud Baert,28,1.23,0.54,1.68,0.47,1,0,1,0,0,0,"58","",3,5,3,0,3,0,1,2,2,1,8,9,4,3,4,6,20,25,52,48,1.24,1.31,1.37,1.36,2.08,46,69,23,12,8,15,54,46,81,8.47,5.00,2.20,3.25,3.40,1.43,2.20,3.90,7.75,1.95,1.80,Stade du Hameau (Pau)
1614711600,Mar 02 2021 - 7:00pm,complete,N/A,Valenciennes,Toulouse,Abdelatif Kherradji,28,1.46,1.69,1.42,1.42,1,0,1,1,1,0,"19","",1,8,1,0,1,0,0,1,0,1,3,21,2,7,1,14,17,24,44,56,1.38,1.66,0.58,2.54,2.46,46,66,39,27,8,19,66,42,85,7.93,4.93,4.85,3.80,1.69,1.27,1.74,2.80,5.25,1.77,2.00,Stade du Hainaut (Valenciennes)
1615644000,Mar 13 2021 - 2:00pm,complete,N/A,Auxerre,Paris,Antony Gautier,29,1.93,1.36,1.89,1.30,0,0,0,0,0,0,"","",4,6,1,0,1,0,0,1,0,1,13,9,4,0,9,9,7,6,63,37,1.67,1.37,1.63,1.00,2.72,57,79,50,25,14,43,75,43,75,9.72,4.85,2.50,3.10,2.95,1.42,2.15,3.75,7.50,1.91,1.83,Stade de l'Abbé Deschamps (Auxerre)
1615662000,Mar 13 2021 - 7:00pm,complete,N/A,Ajaccio,Guingamp,Benjamin Lepaysant,29,1.57,0.93,1.58,1.32,0,2,2,1,0,1,"","22,78",8,7,3,0,3,0,0,3,0,3,8,7,5,6,3,1,18,16,65,35,1.44,1.25,1.37,1.11,2.04,43,54,32,22,11,7,40,40,75,9.36,4.14,2.15,3.15,3.75,1.48,2.35,4.20,8.75,2.10,1.71,Stade François Coty (Ajaccio)
1615662000,Mar 13 2021 - 7:00pm,complete,N/A,Dunkerque,Niort,Olivier Thual,29,1.21,1.00,1.37,0.89,2,0,2,0,0,0,"58,85","",5,1,2,0,2,1,1,1,1,2,14,11,8,4,6,7,21,16,54,46,1.10,1.15,1.84,1.31,2.50,50,61,36,29,18,32,64,33,82,6.22,3.93,2.60,3.05,2.90,1.44,2.25,3.90,8.00,1.95,1.80,Stade Marcel-Tribut (Dunkerque)
1615662000,Mar 13 2021 - 7:00pm,complete,N/A,Grenoble Foot 38,Pau,Abdelatif Kherradji,29,2.38,0.57,2.25,0.63,1,1,2,0,0,0,"66","90'3",7,2,3,0,1,0,0,3,0,1,3,10,3,4,0,6,18,12,51,49,1.44,1.12,0.72,1.33,2.52,37,71,48,22,11,29,74,38,74,8.15,4.78,1.83,3.25,4.90,1.38,2.05,3.50,6.75,1.95,1.80,Stade des Alpes (Grenoble)
1615662000,Mar 13 2021 - 7:00pm,complete,N/A,Rodez,Valenciennes,Mathieu Vernice,29,1.43,1.21,1.42,1.05,3,0,3,0,0,0,"66,69,73","",5,1,1,0,4,0,0,1,1,3,10,3,7,2,3,1,19,14,44,56,1.26,1.22,1.59,0.64,2.47,50,75,33,14,7,18,54,47,86,7.88,4.07,2.10,3.05,3.95,1.43,2.20,3.90,7.75,2.00,1.77,Stade Paul Lignon (Rodez)
1615662000,Mar 13 2021 - 7:00pm,complete,N/A,Sochaux,Châteauroux,Nicolas Rainville,29,1.43,0.50,1.32,0.47,0,0,0,0,0,0,"","",9,8,1,0,3,0,0,1,2,1,14,10,4,3,10,7,9,16,39,61,1.34,1.32,1.72,1.32,2.25,47,68,29,18,11,25,54,43,83,8.22,4.78,1.61,3.75,6.00,1.38,2.10,3.70,7.75,2.20,1.65,Stade Auguste-Bonal (Montbéliard)
1615662000,Mar 13 2021 - 7:00pm,complete,N/A,Toulouse,Chambly,Guillaume Paradis,29,2.14,0.77,2.30,0.74,4,0,4,0,0,0,"56,68,79,86","",8,2,1,0,1,0,1,0,1,0,11,7,6,2,5,5,16,15,68,32,1.63,1.04,1.68,0.78,2.99,49,74,55,41,18,34,52,52,86,7.79,4.75,1.36,4.80,8.50,1.29,1.77,2.95,5.75,2.10,1.71,Stadium de Toulouse (Toulouse)
1615662000,Mar 13 2021 - 7:00pm,complete,N/A,Troyes,Nancy,Alexandre Perreau Niel,29,2.57,1.14,2.53,1.11,1,5,6,2,0,2,"61","15,20,46,76,86",7,2,3,0,1,0,3,0,1,0,16,10,6,7,10,3,11,20,76,24,1.77,1.14,1.93,1.29,2.25,54,72,36,14,7,22,64,40,83,9.14,4.43,1.67,3.65,5.50,1.31,1.87,3.10,6.00,1.87,1.87,Stade de l'Aube (Troyes)
1615837500,Mar 15 2021 - 7:45pm,complete,N/A,Caen,Le Havre,Romain Lissorgue,29,1.50,1.29,1.42,1.42,0,2,2,1,0,1,"","5,70",5,1,2,0,2,0,2,0,0,2,16,11,9,7,7,4,23,13,69,31,1.28,1.21,2.26,1.52,2.07,40,57,33,18,7,25,57,25,68,6.43,4.58,2.90,2.80,2.85,1.62,2.60,4.80,9.75,2.20,1.62,Stade Michel d'Ornano (Caen)
1616176800,Mar 19 2021 - 6:00pm,complete,N/A,Chambly,Ajaccio,Johan Hamel,30,0.93,0.93,1.26,0.84,2,1,3,0,0,0,"52,57","64",3,1,0,0,1,0,0,0,1,0,8,17,5,6,3,11,9,12,41,59,1.20,1.21,1.04,1.82,2.48,42,72,45,17,10,17,66,45,93,7.20,3.84,4.40,3.15,1.95,1.50,2.40,4.35,9.00,2.15,1.67,Stade Pierre Brisson (Beauvais)
1616248800,Mar 20 2021 - 2:00pm,complete,N/A,Amiens SC,Troyes,Benjamin Lepaysant,30,1.36,1.57,1.53,1.53,3,1,4,2,1,1,"40,54,78","15",2,1,2,0,3,1,1,1,2,2,9,9,8,4,1,5,16,19,36,64,1.33,1.64,1.52,1.38,1.68,36,47,32,11,4,14,50,25,61,9.65,4.57,3.80,3.25,1.95,1.36,2.12,3.75,7.50,1.95,1.80,Stade Crédit Agricole de la Licorne (Amiens)
1616266800,Mar 20 2021 - 7:00pm,complete,N/A,Châteauroux,Caen,Sylvain Palhies,30,0.79,0.93,0.74,0.74,2,2,4,4,2,2,"9,13","4,28",10,0,4,0,5,0,2,2,1,4,16,4,10,4,6,0,16,20,76,24,1.59,1.23,2.47,0.87,2.65,43,64,57,29,18,21,68,54,64,8.79,4.57,2.70,2.85,2.70,1.40,2.48,4.10,8.50,2.00,1.80,Stade Gaston Petit (Châteauroux)
1616266800,Mar 20 2021 - 7:00pm,complete,N/A,Guingamp,Rodez,Guillaume Paradis,30,0.93,0.93,1.16,0.84,1,1,2,0,0,0,"57","82",4,1,2,0,2,0,0,2,0,2,9,6,4,2,5,4,21,16,55,45,1.46,1.30,1.39,1.11,2.36,54,68,47,29,7,29,61,50,75,9.00,4.14,2.50,2.70,3.15,1.48,2.37,4.40,8.75,2.10,1.71,Stade du Roudourou (Guingamp)
1616266800,Mar 20 2021 - 7:00pm,complete,N/A,Le Havre,Sochaux,Remi Landry,30,1.14,1.57,1.05,1.37,0,2,2,1,0,1,"","37,77",3,4,2,0,2,0,1,1,0,2,8,5,2,4,6,1,10,13,46,54,1.24,1.25,1.33,1.15,1.79,50,61,22,11,7,11,50,36,61,8.07,4.00,2.70,2.85,2.70,1.60,2.80,5.25,11.00,2.25,1.59,Stade Océane (Le Havre)
1616266800,Mar 20 2021 - 7:00pm,complete,N/A,Nancy,Clermont,Abdelatif Kherradji,30,1.29,1.57,1.37,1.47,1,0,1,0,0,0,"90","",2,4,3,0,1,0,2,1,0,1,6,16,4,4,2,12,12,10,32,68,1.27,1.58,0.90,1.89,2.64,54,68,50,36,14,40,75,43,68,8.36,3.15,3.85,3.00,2.04,1.38,2.25,3.75,7.75,2.00,1.77,Stade Marcel-Picot (Tomblaine)
1616266800,Mar 20 2021 - 7:00pm,complete,N/A,Niort,Toulouse,Mehdi Mokhtari,30,1.43,1.57,1.26,1.42,1,0,1,0,0,0,"87","",2,5,3,0,0,1,1,2,0,1,11,7,4,4,7,3,19,22,42,58,1.33,1.72,1.29,1.16,2.39,47,68,43,22,4,25,68,32,72,7.91,4.73,4.90,3.40,1.70,1.27,1.80,3.00,5.50,1.74,2.00,Stade René Gaillard (Niort)
1616266800,Mar 20 2021 - 7:00pm,complete,N/A,Paris,Grenoble Foot 38,Nicolas Rainville,30,2.00,1.40,2.00,1.15,2,0,2,0,0,0,"66,81","",2,0,2,1,0,0,2,1,0,0,10,4,5,0,5,4,18,15,57,43,1.50,1.42,1.31,0.52,2.22,38,62,35,15,11,21,55,35,80,9.37,4.20,2.12,3.25,3.25,1.36,2.12,3.80,7.75,2.00,1.77,Stade Sébastien-Charléty (Paris)
1616266800,Mar 20 2021 - 7:00pm,complete,N/A,Pau,Dunkerque,Bartolomeu Varela,30,1.36,0.79,1.68,0.79,3,1,4,0,0,0,"49,76,83","90",7,4,0,0,1,0,0,0,1,0,12,10,7,4,5,6,8,19,50,50,1.25,1.12,1.99,1.50,1.97,33,54,29,14,7,18,50,36,75,7.57,5.07,2.33,2.95,3.15,1.44,2.35,4.10,8.50,2.00,1.77,Stade du Hameau (Pau)
1616266800,Mar 20 2021 - 7:00pm,complete,N/A,Valenciennes,Auxerre,Pierre Gaillouste,30,1.57,1.29,1.42,1.37,2,2,4,3,1,2,"45'1,86","22,32",3,3,3,0,1,0,0,3,0,1,5,6,4,3,1,3,13,17,52,48,1.32,1.40,0.85,0.88,2.29,47,64,40,29,4,22,61,36,71,8.50,4.00,4.10,2.95,1.98,1.42,2.18,3.40,6.75,1.80,1.95,Stade du Hainaut (Valenciennes)
1617454800,Apr 03 2021 - 1:00pm,complete,N/A,Toulouse,Nancy,Romain Lissorgue,31,2.20,1.27,2.30,1.11,4,1,5,2,1,1,"32,47,50,62","43",4,7,3,0,1,0,2,1,0,1,14,4,8,2,6,2,17,24,48,52,1.63,1.15,1.81,0.76,2.84,47,70,50,30,20,27,54,54,84,8.26,4.47,1.90,3.26,3.64,1.32,1.98,3.25,6.50,1.83,1.87,Stadium de Toulouse (Toulouse)
1617472800,Apr 03 2021 - 6:00pm,complete,N/A,Ajaccio,Valenciennes,Alexandre Perreau Niel,31,1.47,1.13,1.58,1.05,3,0,3,1,1,0,"40,47,63","",4,1,2,0,3,2,0,2,1,4,11,4,6,3,5,1,13,22,46,54,1.43,1.18,1.59,0.64,2.33,37,67,30,17,10,17,54,37,77,8.68,4.41,1.60,3.85,6.03,1.44,2.16,4.25,9.00,2.15,1.65,Stade François Coty (Ajaccio)
1617472800,Apr 03 2021 - 6:00pm,complete,N/A,Caen,Pau,Gaël Angoula,31,1.40,0.60,1.42,0.63,1,1,2,1,1,0,"38","56",7,6,0,0,2,0,0,0,1,1,10,9,5,4,5,5,12,15,51,49,1.35,1.13,1.38,1.33,2.20,44,64,40,17,10,37,70,17,67,8.27,5.00,2.79,3.14,2.68,1.44,1.53,4.25,8.75,1.95,1.77,Stade Michel d'Ornano (Caen)
1617472800,Apr 03 2021 - 6:00pm,complete,N/A,Clermont,Niort,Arnaud Baert,31,2.36,0.93,2.32,0.89,0,0,0,0,0,0,"","",11,0,1,0,4,0,1,0,2,2,23,6,6,0,17,6,9,16,61,39,1.79,1.16,2.77,1.12,2.72,37,72,45,27,21,38,69,42,86,8.30,4.31,1.32,5.29,9.63,1.28,1.73,3.00,5.75,2.05,1.69,Stade Gabriel Montpied (Clermont-Ferrand)
1617472800,Apr 03 2021 - 6:00pm,complete,N/A,Grenoble Foot 38,Châteauroux,Amaury Delerue,31,2.29,0.53,2.25,0.47,2,2,4,3,2,1,"25,31","36,54",4,5,4,1,0,1,3,2,1,0,15,8,7,6,8,2,21,7,44,56,1.38,1.32,2.16,1.30,2.19,45,70,28,14,7,10,56,49,80,8.56,4.60,2.00,3.30,4.06,1.45,2.13,3.90,8.00,2.05,1.69,Stade des Alpes (Grenoble)
1617472800,Apr 03 2021 - 6:00pm,complete,N/A,Rodez,Chambly,Sylvain Palhies,31,1.53,0.71,1.42,0.74,2,2,4,3,2,1,"33,40","13,68",4,3,1,0,2,0,0,1,0,2,11,10,6,4,5,6,15,11,50,50,1.29,1.02,1.54,1.28,2.47,49,73,42,29,7,18,45,52,90,7.53,4.36,1.79,3.44,4.97,1.36,1.57,4.15,8.75,2.15,1.65,Stade Paul Lignon (Rodez)
1617472800,Apr 03 2021 - 6:00pm,complete,N/A,Sochaux,Paris,Romain Delpech,31,1.40,1.33,1.32,1.30,1,2,3,1,0,1,"90'3","6,70",5,5,4,0,1,1,2,2,1,1,12,19,7,7,5,12,12,12,65,35,1.37,1.35,1.82,2.08,2.23,44,67,37,20,10,30,60,40,67,9.13,4.73,2.64,2.99,2.97,2.55,2.48,4.35,9.25,2.10,1.65,Stade Auguste-Bonal (Montbéliard)
1617472800,Apr 03 2021 - 6:00pm,complete,N/A,Troyes,Guingamp,Olivier Thual,31,2.40,1.07,2.53,1.32,1,0,1,0,0,0,"47","",4,2,1,0,1,0,0,1,0,1,8,4,4,3,4,1,14,14,70,30,1.78,1.24,1.23,0.68,2.47,57,74,44,24,10,20,57,44,84,10.07,4.13,1.74,3.66,4.96,1.33,2.02,3.45,7.00,1.95,1.77,Stade de l'Aube (Troyes)
1617648300,Apr 05 2021 - 6:45pm,complete,N/A,Auxerre,Le Havre,Mathieu Vernice,31,1.87,1.40,1.89,1.42,1,1,2,1,1,0,"39","53",2,6,3,0,0,0,1,2,0,0,6,7,3,2,3,5,14,9,60,40,1.67,1.23,0.98,0.94,2.57,44,70,43,27,14,37,63,40,80,7.20,4.34,1.92,3.50,4.16,1.36,2.10,3.90,8.00,1.91,1.71,Stade de l'Abbé Deschamps (Auxerre)
1618059600,Apr 10 2021 - 1:00pm,complete,N/A,Paris,Troyes,Bartolomeu Varela,32,2.07,1.47,2.00,1.53,1,1,2,2,1,1,"3","36",5,6,0,1,1,1,1,0,2,0,10,9,5,4,5,5,13,13,42,58,1.49,1.62,1.44,1.45,2.50,44,67,50,27,14,27,57,44,80,9.86,4.86,2.43,3.45,2.90,1.42,2.33,4.20,7.50,1.85,1.85,Stade Sébastien-Charléty (Paris)
1618077600,Apr 10 2021 - 6:00pm,complete,N/A,Châteauroux,Dunkerque,Benjamin Lepaysant,32,0.80,0.73,0.74,0.79,1,2,3,2,1,1,"24","7,50",6,4,1,0,1,0,1,0,0,1,15,10,2,5,13,5,18,22,69,31,1.65,1.14,1.80,1.66,2.50,40,60,54,27,14,24,54,40,70,8.33,5.00,2.38,3.50,2.95,1.45,2.45,4.20,8.00,2.00,1.72,Stade Gaston Petit (Châteauroux)
1618077600,Apr 10 2021 - 6:00pm,complete,N/A,Grenoble Foot 38,Caen,Romain Delpech,32,2.20,0.93,2.25,0.74,3,1,4,0,0,0,"49,74,81","70",5,5,0,0,2,0,0,0,0,2,14,11,6,7,8,4,7,9,53,47,1.44,1.20,1.79,1.69,2.57,47,70,47,30,10,20,74,53,67,8.00,4.53,2.15,3.40,3.40,1.47,2.48,4.20,7.50,2.11,1.73,Stade des Alpes (Grenoble)
1618077600,Apr 10 2021 - 6:00pm,complete,N/A,Le Havre,Ajaccio,Guillaume Paradis,32,1.07,0.87,1.05,0.84,1,1,2,1,1,0,"33","74",5,6,2,0,3,0,0,2,2,1,6,12,3,7,3,5,16,18,46,54,1.25,1.25,0.88,1.75,2.00,44,70,20,10,4,10,57,40,77,7.47,3.54,2.31,3.20,3.30,2.45,2.60,4.55,9.20,2.06,1.76,Stade Océane (Le Havre)
1618077600,Apr 10 2021 - 6:00pm,complete,N/A,Nancy,Sochaux,Mehdi Mokhtari,32,1.40,1.67,1.37,1.37,0,0,0,0,0,0,"","",5,4,1,0,1,0,1,0,1,0,8,10,5,2,3,8,13,15,45,55,1.24,1.24,1.35,1.44,2.50,60,67,50,34,13,30,67,37,67,8.33,4.00,2.60,3.05,2.95,2.45,2.35,4.45,8.60,2.01,1.80,Stade Marcel-Picot (Tomblaine)
1618077600,Apr 10 2021 - 6:00pm,complete,N/A,Niort,Auxerre,Nicolas Rainville,32,1.53,1.27,1.26,1.37,0,4,4,1,0,1,"","35,59,69,76",5,9,0,0,0,0,0,0,0,0,14,12,5,9,9,3,10,13,47,53,1.32,1.36,1.80,1.93,2.34,50,70,47,27,0,30,60,27,67,8.17,4.02,2.75,3.20,2.70,1.33,1.91,3.30,6.45,1.80,1.96,Stade René Gaillard (Niort)
1618077600,Apr 10 2021 - 6:00pm,complete,N/A,Pau,Clermont,Mathieu Vernice,32,1.47,1.47,1.68,1.47,2,1,3,1,0,1,"53,90'1","30",7,5,4,0,3,0,2,2,0,3,9,9,4,5,5,4,14,18,34,66,1.30,1.60,1.35,1.48,2.07,34,60,27,20,10,20,54,40,74,8.94,3.66,3.30,3.50,2.16,1.30,1.95,3.26,5.95,1.90,1.90,Stade du Hameau (Pau)
1618077600,Apr 10 2021 - 6:00pm,complete,N/A,Valenciennes,Chambly,Thomas Léonard,32,1.53,0.73,1.42,0.74,2,1,3,2,1,1,"10,54","6",6,2,1,0,4,2,0,1,1,5,15,9,8,4,7,5,18,17,65,35,1.29,1.03,1.95,1.14,2.57,47,70,43,40,10,27,60,40,80,6.80,4.60,1.81,3.50,4.70,1.36,2.16,3.70,7.00,1.88,1.92,Stade du Hainaut (Valenciennes)
1618160400,Apr 11 2021 - 5:00pm,complete,N/A,Amiens SC,Rodez,Abdelatif Kherradji,32,1.47,0.93,1.53,0.84,1,0,1,0,0,0,"60","",2,3,4,0,2,1,1,3,1,2,5,12,2,7,3,5,20,24,53,47,1.34,1.28,0.72,1.70,1.74,47,53,27,10,0,20,50,30,70,7.80,4.60,2.30,2.75,3.30,1.62,2.90,5.25,11.00,2.20,1.62,Stade Crédit Agricole de la Licorne (Amiens)
1618253100,Apr 12 2021 - 6:45pm,complete,N/A,Guingamp,Toulouse,Alexandre Perreau Niel,32,0.93,1.47,1.16,1.42,1,1,2,2,1,1,"27","37",3,10,3,0,2,0,0,3,1,1,5,9,2,3,3,6,19,22,39,61,1.45,1.69,0.94,1.48,2.50,50,64,44,34,10,24,64,50,77,8.80,4.00,3.15,3.15,2.05,1.33,2.00,3.30,6.50,1.80,1.95,Stade du Roudourou (Guingamp)
1618419600,Apr 14 2021 - 5:00pm,complete,N/A,Clermont,Amiens SC,Gaël Angoula,29,2.27,1.07,2.32,0.95,3,0,3,1,1,0,"7,70,86","",3,7,1,0,0,0,0,1,0,0,10,7,4,2,6,5,18,10,45,55,1.85,1.43,1.21,1.09,2.28,28,69,45,17,10,35,69,38,69,10.80,4.46,1.43,3.95,7.38,1.40,2.21,4.05,8.10,2.19,1.60,Stade Gabriel Montpied (Clermont-Ferrand)
1618664400,Apr 17 2021 - 1:00pm,complete,N/A,Troyes,Caen,Pierre Gaillouste,33,2.44,0.88,2.53,0.74,1,0,1,1,1,0,"32","",4,8,2,0,1,0,1,1,1,0,13,11,6,2,7,9,23,14,54,46,1.75,1.23,1.95,1.34,2.57,53,69,50,29,10,28,72,47,72,9.44,4.37,1.59,3.83,6.21,1.40,2.20,3.80,8.25,2.25,1.61,Stade de l'Aube (Troyes)
1618664400,Apr 17 2021 - 1:00pm,complete,N/A,Clermont,Le Havre,Romain Lissorgue,33,2.31,1.38,2.32,1.42,1,1,2,1,0,1,"72","18",3,3,1,1,1,0,1,1,1,0,8,10,5,5,3,5,10,11,52,48,1.81,1.21,1.17,1.37,2.25,25,66,41,19,10,25,63,41,78,7.94,3.76,1.53,3.98,7.55,1.35,2.05,3.75,7.75,2.15,1.68,Stade Gabriel Montpied (Clermont-Ferrand)
1618682400,Apr 17 2021 - 6:00pm,complete,N/A,Rodez,Paris,Olivier Thual,33,1.50,1.44,1.42,1.30,2,2,4,2,1,1,"5,56","34,62",3,5,2,0,0,0,0,2,0,0,8,11,4,9,4,2,11,10,26,74,1.30,1.39,1.17,1.80,2.19,50,69,41,13,3,19,57,47,79,9.06,4.50,3.10,2.80,2.50,1.47,2.45,4.05,8.25,1.95,1.80,Stade Paul Lignon (Rodez)
1618682400,Apr 17 2021 - 6:00pm,complete,N/A,Sochaux,Pau,Abdelatif Kherradji,33,1.31,0.63,1.32,0.63,1,1,2,1,1,0,"12","56",4,2,2,0,0,0,0,2,0,0,8,11,3,6,5,5,10,12,45,55,1.40,1.14,1.15,1.56,2.41,44,69,44,22,13,38,66,35,75,8.63,4.94,2.05,3.20,3.60,1.36,2.10,3.75,7.50,1.95,1.80,Stade Auguste-Bonal (Montbéliard)
1618682400,Apr 17 2021 - 6:00pm,complete,N/A,Toulouse,Châteauroux,Nicolas Rainville,33,2.25,0.56,2.30,0.47,1,0,1,0,0,0,"52","",5,10,1,0,2,0,0,1,0,2,16,10,6,3,10,7,24,16,37,63,1.64,1.32,1.97,1.33,2.69,47,69,47,29,16,29,50,51,85,9.13,4.81,1.42,4.33,7.00,1.30,1.75,2.75,5.25,1.95,1.80,Stadium de Toulouse (Toulouse)
1618682400,Apr 17 2021 - 6:00pm,complete,N/A,Valenciennes,Guingamp,Gaël Angoula,33,1.63,1.00,1.42,1.32,0,1,1,0,0,0,"","48",3,3,1,0,4,0,1,0,1,3,10,10,4,5,6,5,22,15,62,38,1.33,1.21,1.66,1.40,2.25,47,63,38,25,10,16,54,38,78,8.07,4.13,4.15,3.45,1.98,1.33,2.05,3.50,8.00,1.83,1.83,Stade du Hainaut (Valenciennes)
1618682400,Apr 17 2021 - 6:00pm,complete,N/A,Dunkerque,Grenoble Foot 38,Sylvain Palhies,33,1.33,1.31,1.37,1.15,1,1,2,2,1,1,"33","26",9,6,2,0,1,2,1,1,1,2,18,9,8,3,10,6,17,14,54,46,1.15,1.36,2.24,1.23,1.87,36,58,26,10,4,17,52,36,74,7.96,3.53,3.42,3.17,2.35,1.48,2.30,4.10,8.50,2.00,1.77,Stade Marcel-Tribut (Dunkerque)
1618682400,Apr 17 2021 - 6:00pm,complete,N/A,Auxerre,Nancy,Florent Batta,33,1.81,1.19,1.89,1.11,3,2,5,3,2,1,"19,41,84","3,71",8,3,2,0,2,0,0,2,0,2,16,7,8,4,8,3,13,7,57,43,1.63,1.12,2.23,1.18,2.72,60,75,44,28,22,38,69,44,81,8.56,4.32,1.21,5.75,14.00,1.32,2.07,3.50,6.50,2.00,1.77,Stade de l'Abbé Deschamps (Auxerre)
1618682400,Apr 17 2021 - 6:00pm,complete,N/A,Ajaccio,Niort,Remi Landry,33,1.56,0.94,1.58,0.89,3,0,3,2,2,0,"22,28,82","",8,2,1,0,1,0,1,0,1,0,14,9,6,4,8,5,16,11,43,57,1.44,1.16,1.87,1.37,2.31,38,60,32,22,16,22,57,35,82,8.01,4.94,1.73,3.51,5.77,1.35,2.13,3.54,6.70,1.99,1.73,Stade François Coty (Ajaccio)
1618682400,Apr 17 2021 - 6:00pm,complete,N/A,Chambly,Amiens SC,Arnaud Baert,33,1.06,1.00,1.26,0.95,2,0,2,2,2,0,"31,45'4","",3,2,3,0,3,0,3,0,2,1,9,5,5,2,4,3,19,17,45,55,1.19,1.40,1.31,0.79,2.51,42,74,55,13,10,26,68,48,84,8.20,4.60,3.53,3.07,2.36,1.47,2.53,4.70,9.30,2.14,1.67,Stade Pierre Brisson (Beauvais)
1618941600,Apr 20 2021 - 6:00pm,complete,N/A,Amiens SC,Valenciennes,Benjamin Lepaysant,34,1.56,1.06,1.53,1.05,3,1,4,0,0,0,"64,90'2,90'4","90'1",4,5,2,0,3,0,1,1,1,2,11,8,6,3,5,5,25,17,43,57,1.30,1.14,1.53,1.21,2.10,38,60,29,13,7,19,54,32,69,6.63,4.53,1.95,3.25,4.15,1.44,2.25,3.95,8.25,2.10,1.71,Stade Crédit Agricole de la Licorne (Amiens)
1618941600,Apr 20 2021 - 6:00pm,complete,N/A,Guingamp,Chambly,Mehdi Mokhtari,34,0.94,0.69,1.16,0.74,1,0,1,0,0,0,"90'2","",4,3,1,0,1,0,1,0,0,1,12,5,6,3,6,2,17,18,51,49,1.42,1.04,1.63,0.93,2.69,56,75,50,44,13,35,60,50,76,7.44,4.26,1.74,3.55,4.80,1.43,2.20,3.95,8.25,2.20,1.65,Stade du Roudourou (Guingamp)
1618941600,Apr 20 2021 - 6:00pm,complete,N/A,Niort,Troyes,Alexandre Perreau Niel,34,1.44,1.44,1.26,1.53,0,3,3,1,0,1,"","10,75,78",3,7,4,0,1,0,1,3,0,1,4,10,0,6,4,4,16,16,36,64,1.36,1.61,0.60,1.65,2.29,44,69,50,22,3,28,63,35,66,9.29,4.88,4.35,3.85,1.74,1.29,1.87,3.05,6.00,1.83,1.91,Stade René Gaillard (Niort)
1618941600,Apr 20 2021 - 6:00pm,complete,N/A,Paris,Clermont,Pierre Gaillouste,34,2.00,1.38,2.00,1.47,0,1,1,0,0,0,"","51",5,6,3,1,1,0,1,3,0,1,7,8,2,4,5,4,16,10,49,51,1.49,1.59,1.01,1.28,2.31,38,63,35,22,16,28,60,38,75,8.69,3.57,3.05,3.15,2.45,1.43,2.15,3.70,7.50,1.91,1.83,Stade Sébastien-Charléty (Paris)
1618941600,Apr 20 2021 - 6:00pm,complete,N/A,Pau,Auxerre,Romain Delpech,34,1.56,1.38,1.68,1.37,3,0,3,2,2,0,"37,44,78","",5,11,1,0,2,0,0,1,0,2,10,15,5,5,5,10,7,11,32,68,1.30,1.40,1.41,2.11,2.44,50,72,44,32,3,22,57,44,78,9.62,4.07,2.75,3.20,2.60,1.30,1.94,3.30,6.40,1.71,2.02,Stade du Hameau (Pau)
1618941600,Apr 20 2021 - 6:00pm,complete,N/A,Nancy,Ajaccio,Bastien Dechepy,34,1.38,0.88,1.37,0.84,2,0,2,0,0,0,"63,79","",6,7,0,0,0,0,0,0,0,0,8,7,5,0,3,7,9,14,52,48,1.25,1.28,1.24,0.89,2.60,57,72,47,32,10,29,69,41,79,8.00,3.56,2.70,3.00,2.90,1.50,2.42,4.48,9.30,1.95,1.77,Stade Marcel-Picot (Tomblaine)
1618941600,Apr 20 2021 - 6:00pm,complete,N/A,Grenoble Foot 38,Sochaux,Bartolomeu Varela,34,2.25,1.63,2.25,1.37,2,0,2,1,1,0,"13,78","",6,4,3,0,2,0,1,2,0,2,5,6,4,2,1,4,19,11,48,52,1.46,1.25,0.97,0.97,2.25,47,69,38,25,10,13,57,41,69,8.76,4.12,2.60,2.92,2.92,1.46,2.43,4.52,9.35,1.97,1.75,Stade des Alpes (Grenoble)
1618941600,Apr 20 2021 - 6:00pm,complete,N/A,Châteauroux,Rodez,Mathieu Vernice,34,0.75,0.88,0.74,0.84,1,1,2,0,0,0,"77","71",4,3,2,0,0,0,0,2,0,0,10,8,2,4,8,4,15,15,66,34,1.66,1.31,1.17,1.27,2.54,53,72,54,22,10,28,57,44,79,9.31,5.07,3.00,3.00,2.60,1.46,2.55,4.55,9.40,1.98,1.75,Stade Gaston Petit (Châteauroux)
1618941600,Apr 20 2021 - 6:00pm,complete,N/A,Caen,Dunkerque,Olivier Thual,34,1.38,0.88,1.42,0.79,1,1,2,1,1,0,"20","88",3,4,5,1,1,0,0,6,0,1,5,12,2,5,3,7,23,13,37,63,1.35,1.18,0.73,1.66,2.04,44,57,35,16,6,25,60,19,69,7.75,4.51,2.30,3.00,3.40,1.44,2.50,4.50,11.00,1.99,1.74,Stade Michel d'Ornano (Caen)
1619269200,Apr 24 2021 - 1:00pm,complete,N/A,Troyes,Grenoble Foot 38,Romain Lissorgue,35,2.47,1.29,2.53,1.15,3,1,4,3,2,1,"10,24,72","7",3,3,4,0,2,0,2,2,1,1,12,7,7,4,5,3,20,12,51,49,1.76,1.35,1.59,0.99,2.12,44,68,33,9,3,24,62,35,77,10.24,4.24,1.77,3.50,4.85,1.35,2.00,3.45,7.00,1.95,1.80,Stade de l'Aube (Troyes)
1619287200,Apr 24 2021 - 6:00pm,complete,N/A,Ajaccio,Amiens SC,Karim Abed,35,1.65,0.94,1.58,0.95,2,2,4,2,1,1,"39,48","25,90'3",3,4,2,1,1,0,1,2,1,0,7,8,4,5,3,3,17,11,42,58,1.47,1.37,1.15,1.31,2.10,28,64,37,13,6,25,64,34,70,10.41,4.81,2.05,3.10,4.10,1.47,1.57,4.10,8.50,2.10,1.71,Stade François Coty (Ajaccio)
1619287200,Apr 24 2021 - 6:00pm,complete,N/A,Auxerre,Dunkerque,Guillaume Paradis,35,1.88,0.88,1.89,0.79,2,1,3,2,1,1,"33,55","2",3,4,1,1,3,0,1,1,0,3,11,8,5,3,6,5,17,8,56,44,1.66,1.21,1.85,1.42,2.56,53,68,47,27,15,39,65,35,79,8.42,4.41,1.70,3.60,5.25,1.36,1.87,2.00,7.00,1.95,1.80,Stade de l'Abbé Deschamps (Auxerre)
1619287200,Apr 24 2021 - 6:00pm,complete,N/A,Chambly,Nancy,Gaël Angoula,35,1.18,1.12,1.26,1.11,1,1,2,0,0,0,"55","75",5,0,2,0,2,0,1,1,1,1,9,6,3,2,6,4,24,18,51,49,1.20,1.13,1.28,0.89,2.68,53,74,50,21,21,27,65,53,88,6.65,4.24,3.20,3.10,2.38,1.36,1.67,3.65,7.25,1.91,1.83,Stade Pierre Brisson (Beauvais)
1619287200,Apr 24 2021 - 6:00pm,complete,N/A,Rodez,Le Havre,Arnaud Baert,35,1.47,1.35,1.42,1.42,1,1,2,1,1,0,"33","81",3,2,2,0,0,0,1,1,0,0,11,8,4,6,7,2,18,6,33,67,1.29,1.22,1.28,1.52,2.24,44,68,35,18,3,18,53,44,88,6.70,4.00,2.45,2.90,3.30,1.48,1.50,4.35,9.00,2.00,1.77,Stade Paul Lignon (Rodez)
1619287200,Apr 24 2021 - 6:00pm,complete,N/A,Sochaux,Caen,Nicolas Rainville,35,1.29,0.82,1.32,0.74,1,0,1,0,0,0,"64","",5,7,2,0,3,0,1,1,2,1,11,12,4,3,7,9,13,15,51,49,1.38,1.24,1.41,1.39,2.44,47,65,44,30,12,27,68,47,65,8.59,4.48,2.05,3.00,4.33,2.45,2.50,4.90,10.50,2.35,1.56,Stade Auguste-Bonal (Montbéliard)
1619287200,Apr 24 2021 - 6:00pm,complete,N/A,Valenciennes,Niort,Abdelatif Kherradji,35,1.53,0.88,1.42,0.89,1,1,2,0,0,0,"64","71",4,5,2,1,1,0,1,2,0,1,6,8,4,4,2,4,13,20,59,41,1.35,1.17,1.19,1.19,2.50,44,65,38,27,15,33,65,32,82,6.47,4.71,2.55,3.20,2.88,1.36,1.78,3.15,6.00,1.71,2.05,Stade du Hainaut (Valenciennes)
1619287200,Apr 24 2021 - 6:00pm,complete,N/A,Guingamp,Paris,Sylvain Palhies,35,1.06,1.41,1.16,1.30,0,0,0,0,0,0,"","",5,7,4,0,2,0,1,3,0,2,2,7,0,2,2,5,16,7,45,55,1.43,1.42,0.51,0.96,2.32,53,68,44,27,9,29,65,50,65,9.06,4.00,2.85,2.10,3.60,1.40,2.35,4.33,10.00,1.91,1.80,Stade du Roudourou (Guingamp)
1619462700,Apr 26 2021 - 6:45pm,complete,N/A,Clermont,Châteauroux,Olivier Thual,35,2.24,0.53,2.32,0.47,2,1,3,1,1,0,"6,80","72",6,1,0,0,0,0,0,0,0,0,14,10,8,6,6,4,11,13,40,60,1.77,1.32,1.91,1.45,2.12,36,65,36,15,9,24,59,38,79,10.12,4.24,1.30,4.80,8.30,1.30,1.86,3.00,6.50,2.75,1.41,Stade Gabriel Montpied (Clermont-Ferrand)
1619629200,Apr 28 2021 - 5:00pm,complete,N/A,Dunkerque,Amiens SC,Mathieu Vernice,31,1.31,0.94,1.37,0.95,1,1,2,1,0,1,"47","23",2,1,1,0,0,0,1,0,0,0,7,5,3,4,4,1,21,20,53,47,1.22,1.36,1.02,0.92,2.18,40,66,36,19,6,33,66,36,67,8.57,4.03,2.60,2.90,2.60,1.50,2.55,4.60,9.50,2.15,1.67,Stade Marcel-Tribut (Dunkerque)
1619874000,May 01 2021 - 1:00pm,complete,N/A,Paris,Toulouse,Benjamin Lepaysant,36,1.88,1.44,2.00,1.42,3,1,4,2,1,1,"12,86,90'4","16",4,4,1,0,3,0,1,0,1,2,9,8,4,2,5,6,20,19,50,50,1.46,1.67,1.18,0.96,2.49,46,64,37,25,12,27,61,37,82,8.97,4.68,2.55,3.20,2.90,1.35,1.94,3.25,6.50,1.77,2.00,Stade Sébastien-Charléty (Paris)
1619892000,May 01 2021 - 6:00pm,complete,N/A,Caen,Auxerre,Bartolomeu Varela,36,1.35,1.29,1.42,1.37,0,0,0,0,0,0,"","",6,7,3,0,3,0,1,2,0,3,16,13,6,5,10,8,10,11,34,66,1.31,1.44,1.88,1.76,2.33,53,71,42,27,3,30,68,21,71,9.65,4.06,3.35,3.35,2.20,1.30,1.87,3.00,6.00,1.71,2.10,Stade Michel d'Ornano (Caen)
1619892000,May 01 2021 - 6:00pm,complete,N/A,Châteauroux,Troyes,Mehdi Mokhtari,36,0.76,1.53,0.74,1.53,1,2,3,1,1,0,"20","51,71",5,6,3,1,0,0,0,4,0,0,5,8,2,5,3,3,22,17,55,45,1.63,1.61,0.66,1.26,2.65,50,74,62,27,12,29,62,47,71,10.83,5.06,8.00,4.90,1.37,1.24,1.65,2.60,4.70,2.00,1.80,Stade Gaston Petit (Châteauroux)
1619892000,May 01 2021 - 6:00pm,complete,N/A,Dunkerque,Sochaux,Alexandre Perreau Niel,36,1.29,1.53,1.37,1.37,1,0,1,0,0,0,"84","",2,6,1,0,2,1,1,0,1,2,8,5,5,3,3,2,14,19,45,55,1.21,1.24,1.19,1.05,1.88,44,59,27,18,9,18,56,27,65,8.00,3.53,2.65,3.05,2.85,1.54,2.45,4.50,9.50,2.15,1.67,Stade Marcel-Tribut (Dunkerque)
1619892000,May 01 2021 - 6:00pm,complete,N/A,Le Havre,Chambly,Nicolas Rainville,36,1.06,0.65,1.05,0.74,2,4,6,1,1,0,"20,78","51,62,68,87",4,3,4,0,3,0,3,1,1,2,13,10,7,7,6,3,12,16,53,47,1.23,1.03,1.95,1.74,2.26,52,73,30,24,6,21,55,40,79,6.63,4.41,1.95,3.30,4.05,1.48,2.25,3.95,7.75,2.10,1.69,Stade Océane (Le Havre)
1619892000,May 01 2021 - 6:00pm,complete,N/A,Nancy,Valenciennes,Romain Delpech,36,1.47,1.00,1.37,1.05,1,3,4,2,1,1,"31","1,60,79",6,4,0,0,2,0,0,0,1,1,17,11,4,7,13,4,14,11,65,35,1.25,1.15,1.93,1.52,2.91,56,80,53,33,12,33,65,50,77,7.31,4.15,1.50,4.55,5.75,1.28,1.80,3.00,5.75,1.95,1.83,Stade Marcel-Picot (Tomblaine)
1619892000,May 01 2021 - 6:00pm,complete,N/A,Niort,Rodez,Gaël Angoula,36,1.35,0.88,1.26,0.84,1,1,2,2,1,1,"39","9",3,3,0,0,0,0,0,0,0,0,10,8,5,4,5,4,17,18,55,45,1.31,1.31,1.53,1.25,2.18,47,71,41,15,0,24,56,38,77,7.69,4.72,3.05,2.90,2.60,1.47,2.30,4.10,8.75,2.00,1.77,Stade René Gaillard (Niort)
1619892000,May 01 2021 - 6:00pm,complete,N/A,Pau,Ajaccio,Pierre Gaillouste,36,1.65,0.82,1.68,0.84,0,0,0,0,0,0,"","",7,3,1,0,1,0,0,1,0,1,12,11,0,4,12,7,12,10,48,52,1.31,1.26,1.26,1.37,2.27,41,74,32,18,6,15,56,44,85,9.00,4.00,2.35,3.10,3.15,1.41,2.15,3.65,7.25,1.91,1.87,Stade du Hameau (Pau)
1619892000,May 01 2021 - 6:00pm,complete,N/A,Amiens SC,Guingamp,Remi Landry,36,1.65,1.12,1.53,1.32,0,3,3,2,0,2,"","8,33,62",7,2,1,0,0,0,1,0,0,0,15,12,6,4,9,8,9,12,55,45,1.32,1.22,1.90,1.31,1.80,41,47,27,18,6,9,38,30,71,7.65,4.18,3.75,3.10,2.15,1.51,2.40,4.45,9.25,2.15,1.67,Stade Crédit Agricole de la Licorne (Amiens)
1620067500,May 03 2021 - 6:45pm,complete,N/A,Grenoble Foot 38,Clermont,Jérôme Miguelgorry,36,2.29,1.47,2.25,1.47,1,2,3,2,0,2,"90'1","19,45'2",6,6,1,0,2,0,1,0,0,2,10,10,4,6,6,4,8,11,48,52,1.43,1.57,1.38,1.37,2.33,38,68,35,24,9,18,62,44,77,8.88,3.53,4.60,3.35,1.83,1.37,2.10,3.55,7.00,1.83,1.91,Stade des Alpes (Grenoble)
1620147600,May 04 2021 - 5:00pm,complete,N/A,Le Havre,Toulouse,Remi Landry,34,1.00,1.35,1.05,1.42,0,1,1,1,0,1,"","28",5,2,3,1,4,0,1,3,0,4,8,9,3,4,5,5,20,18,48,52,1.27,1.63,1.20,1.28,2.27,53,68,27,18,6,18,65,41,77,8.24,4.47,4.35,3.40,1.87,1.40,2.10,3.65,7.25,2.00,1.77,Stade Océane (Le Havre)
1620496800,May 08 2021 - 6:00pm,complete,N/A,Ajaccio,Paris,Gaël Angoula,37,1.61,1.39,1.58,1.30,1,1,2,2,1,1,"39","15",5,0,2,0,0,1,0,2,1,0,7,6,4,2,3,4,17,6,61,39,1.45,1.39,1.15,0.80,2.09,39,62,39,17,6,23,62,39,70,10.11,4.61,3.20,3.30,2.16,1.36,2.15,3.75,7.75,1.95,1.80,Stade François Coty (Ajaccio)
1620496800,May 08 2021 - 6:00pm,complete,N/A,Amiens SC,Niort,Jeremy Stinat,37,1.56,0.89,1.53,0.89,0,0,0,0,0,0,"","",2,2,2,1,1,0,1,2,0,1,7,7,4,2,3,5,13,13,42,58,1.35,1.17,1.04,1.06,2.14,42,56,31,20,11,28,53,28,75,6.50,4.56,3.00,2.99,2.42,1.33,2.11,3.80,7.75,1.91,1.83,Stade Crédit Agricole de la Licorne (Amiens)
1620496800,May 08 2021 - 6:00pm,complete,N/A,Auxerre,Grenoble Foot 38,Olivier Thual,37,1.94,1.22,1.89,1.15,1,1,2,2,1,1,"39","3",6,0,0,0,3,0,0,0,0,3,14,8,5,3,9,5,12,11,62,38,1.67,1.33,1.68,1.01,2.47,53,75,42,20,11,39,67,36,78,9.62,4.28,2.15,3.15,3.15,1.36,1.90,3.40,6.75,1.80,1.95,Stade de l'Abbé Deschamps (Auxerre)
1620496800,May 08 2021 - 6:00pm,complete,N/A,Chambly,Pau,Bartolomeu Varela,37,1.17,0.65,1.26,0.63,1,0,1,1,1,0,"22","",4,5,1,0,3,0,0,1,2,1,8,7,5,2,3,5,11,19,43,57,1.20,1.17,1.19,1.10,2.51,49,75,52,15,12,32,69,40,85,7.10,4.59,2.95,3.10,2.40,1.42,2.30,3.80,8.00,1.95,1.80,Stade Pierre Brisson (Beauvais)
1620496800,May 08 2021 - 6:00pm,complete,N/A,Clermont,Sochaux,Romain Delpech,37,2.28,1.44,2.32,1.37,3,1,4,3,2,1,"8,34,50","28",3,5,0,0,2,0,0,0,1,1,11,6,6,3,5,3,12,12,62,38,1.78,1.22,1.47,0.97,2.06,34,64,39,17,11,20,61,33,70,10.00,3.78,1.41,4.45,6.70,1.30,1.84,3.40,6.00,2.10,1.69,Stade Gabriel Montpied (Clermont-Ferrand)
1620496800,May 08 2021 - 6:00pm,complete,N/A,Guingamp,Châteauroux,Hakim Ben El Hadj,37,1.06,0.50,1.16,0.47,2,0,2,1,1,0,"17,53","",2,0,1,0,1,0,1,0,0,1,17,5,9,0,8,5,16,4,39,61,1.38,1.32,2.09,0.68,2.11,50,61,34,22,9,23,53,45,72,8.89,4.11,1.47,4.05,6.50,1.30,2.08,3.40,6.75,2.20,1.65,Stade du Roudourou (Guingamp)
1620496800,May 08 2021 - 6:00pm,complete,N/A,Rodez,Nancy,Abdelatif Kherradji,37,1.44,1.11,1.42,1.11,1,1,2,0,0,0,"77","74",7,4,2,0,1,0,0,2,0,1,11,10,5,6,6,4,18,14,46,54,1.29,1.11,1.39,1.43,2.48,59,72,39,23,14,23,56,53,89,7.66,4.11,2.39,2.99,3.05,1.42,2.35,4.00,8.00,1.95,1.80,Stade Paul Lignon (Rodez)
1620496800,May 08 2021 - 6:00pm,complete,N/A,Toulouse,Caen,Florent Batta,37,2.29,0.78,2.30,0.74,3,0,3,1,1,0,"30,67,81","",5,7,0,0,3,1,0,0,0,4,14,11,7,7,7,4,7,17,63,37,1.66,1.25,2.05,1.58,2.84,43,64,58,37,18,29,60,55,72,9.05,4.46,1.57,3.80,5.50,1.33,1.99,3.40,7.00,2.05,1.71,Stadium de Toulouse (Toulouse)
1620496800,May 08 2021 - 6:00pm,complete,N/A,Troyes,Dunkerque,Nicolas Rainville,37,2.50,0.83,2.53,0.79,2,0,2,0,0,0,"59,70","",4,2,2,0,1,0,1,1,0,1,8,6,5,4,3,2,13,9,64,36,1.75,1.22,1.45,0.98,2.34,50,64,44,20,6,31,64,31,81,8.72,4.50,1.56,3.80,5.60,1.33,1.92,3.75,7.75,2.20,1.65,Stade de l'Aube (Troyes)
1620496800,May 08 2021 - 6:00pm,complete,N/A,Valenciennes,Le Havre,Mathieu Vernice,37,1.50,1.33,1.42,1.42,3,5,8,4,1,3,"31,53,89","6,10,42,65,73",2,3,3,0,0,0,2,1,0,0,8,14,7,10,1,4,16,8,60,40,1.34,1.24,1.45,1.90,2.17,42,64,31,20,6,20,61,33,81,6.17,4.16,3.80,3.10,2.02,1.36,2.15,3.85,8.00,1.95,1.80,Stade du Hainaut (Valenciennes)
1620838800,May 12 2021 - 5:00pm,complete,N/A,Toulouse,Pau,Willy Delajod,35,2.33,0.61,2.30,0.63,2,2,4,1,1,0,"9,54","46,66",5,10,2,0,3,0,1,1,1,2,10,8,3,4,7,4,15,13,56,44,1.68,1.17,1.21,1.15,2.78,42,70,56,28,17,36,64,42,81,8.83,4.62,1.49,4.10,6.75,1.33,1.91,3.30,6.50,2.05,1.74,Stadium de Toulouse (Toulouse)
1621101600,May 15 2021 - 6:00pm,complete,N/A,Caen,Clermont,Bastien Dechepy,38,1.33,1.56,1.42,1.47,2,1,3,0,0,0,"82,90'2","89",2,5,1,1,0,0,1,1,0,0,6,19,5,9,1,10,11,13,27,73,1.34,1.56,1.05,2.37,1.95,42,59,28,14,9,25,64,20,67,9.06,3.88,3.35,3.48,2.16,1.36,1.80,2.80,5.25,1.67,2.15,Stade Michel d'Ornano (Caen)
1621101600,May 15 2021 - 6:00pm,complete,N/A,Châteauroux,Ajaccio,Arnaud Baert,38,0.72,0.83,0.74,0.84,0,0,0,0,0,0,"","",3,3,1,0,1,0,0,1,0,1,12,14,4,7,8,7,7,14,62,38,1.58,1.26,1.33,1.85,2.53,48,75,48,23,12,20,59,45,78,9.28,4.11,3.54,3.25,2.18,1.45,2.00,2.75,5.25,1.61,2.25,Stade Gaston Petit (Châteauroux)
1621101600,May 15 2021 - 6:00pm,complete,N/A,Dunkerque,Toulouse,Johan Hamel,38,1.39,1.44,1.37,1.42,3,3,6,2,1,1,"33,49,73","27,79,87",6,1,1,0,1,1,0,1,1,1,8,8,5,4,3,4,11,11,50,50,1.21,1.61,1.28,1.17,2.20,47,59,31,23,6,25,64,34,75,7.95,4.00,2.17,3.18,3.64,1.40,2.00,3.40,6.75,1.80,1.95,Stade Marcel-Tribut (Dunkerque)
1621101600,May 15 2021 - 6:00pm,complete,N/A,Grenoble Foot 38,Rodez,Nicolas Rainville,38,2.17,0.89,2.25,0.84,1,0,1,0,0,0,"77","",6,3,1,0,2,0,1,0,1,1,15,6,5,2,10,4,11,15,64,36,1.43,1.30,1.95,0.85,2.39,56,78,39,20,3,23,59,47,83,8.50,4.39,1.38,4.80,8.60,1.45,1.95,3.15,6.50,2.25,1.61,Stade des Alpes (Grenoble)
1621101600,May 15 2021 - 6:00pm,complete,N/A,Le Havre,Troyes,Romain Lissorgue,38,0.94,1.61,1.05,1.53,3,2,5,3,2,1,"25,31,69","45'1,89",1,8,1,0,2,0,1,0,1,1,6,18,4,11,2,7,7,15,29,71,1.27,1.59,0.91,2.64,2.17,50,70,36,14,6,17,64,45,70,9.45,4.61,6.30,4.00,1.56,1.51,1.91,2.60,4.80,1.80,2.00,Stade Océane (Le Havre)
1621101600,May 15 2021 - 6:00pm,complete,N/A,Nancy,Amiens SC,Sylvain Palhies,38,1.39,0.94,1.37,0.95,2,2,4,1,0,1,"60,90'3","45,46",9,1,0,0,1,0,0,0,1,0,13,7,7,4,6,3,14,14,66,34,1.29,1.34,1.89,1.00,2.64,53,75,53,31,9,42,75,45,70,8.83,4.00,1.88,3.54,4.25,1.47,1.95,2.80,5.25,1.67,2.10,Stade Marcel-Picot (Tomblaine)
1621101600,May 15 2021 - 6:00pm,complete,N/A,Niort,Guingamp,Olivier Thual,38,1.33,1.22,1.26,1.32,0,2,2,1,0,1,"","39,90'2",3,1,2,1,1,0,0,3,0,1,7,9,3,5,4,4,15,18,38,62,1.32,1.22,1.00,1.22,2.22,42,67,42,20,6,20,53,34,72,7.59,4.06,2.41,3.10,3.20,1.36,2.00,3.10,6.00,1.69,2.10,Stade René Gaillard (Niort)
1621101600,May 15 2021 - 6:00pm,complete,N/A,Paris,Chambly,Jérôme Miguelgorry,38,1.94,0.78,2.00,0.74,3,0,3,0,0,0,"57,89,90'4","",4,4,3,0,2,1,0,3,1,2,9,6,8,2,1,4,15,13,55,45,1.44,1.07,1.68,1.01,2.78,50,73,48,39,17,33,56,42,86,7.33,4.73,1.55,3.45,5.75,1.36,1.85,2.80,5.50,1.87,1.91,Stade Sébastien-Charléty (Paris)
1621101600,May 15 2021 - 6:00pm,complete,N/A,Pau,Valenciennes,Remi Landry,38,1.61,1.11,1.68,1.05,4,3,7,3,3,0,"3,12,16,50","56,62,84",3,6,3,0,3,0,0,3,1,2,11,15,6,8,5,7,14,11,35,65,1.30,1.17,1.49,2.24,2.59,45,78,42,23,9,23,56,50,81,8.18,4.69,1.67,4.25,4.65,1.21,1.87,3.30,4.30,1.65,2.15,Stade du Hameau (Pau)
1621101600,May 15 2021 - 6:00pm,complete,N/A,Sochaux,Auxerre,Bartolomeu Varela,38,1.39,1.28,1.32,1.37,2,3,5,1,1,0,"43,53","48,61,64",2,5,0,0,0,0,0,0,0,0,12,16,7,9,5,7,3,9,39,61,1.38,1.46,1.57,2.09,2.42,47,70,45,31,6,31,59,36,75,9.89,3.94,3.50,3.00,2.05,1.47,2.00,2.90,5.50,1.71,2.05,Stade Auguste-Bonal (Montbéliard)
1621363500,May 18 2021 - 6:45pm,complete,N/A,Grenoble Foot 38,Paris,Bastien Dechepy,N/A,1.71,1.68,1.70,1.64,2,0,2,1,1,0,"8,87","",4,5,1,0,1,0,0,1,1,0,13,17,7,6,6,11,15,15,35,65,1.45,1.36,1.90,2.34,2.32,46,71,38,19,7,27,61,41,74,8.89,4.40,3.00,3.00,2.55,1.50,2.45,4.40,9.00,2.05,1.71,Stade des Alpes (Grenoble)
1621622700,May 21 2021 - 6:45pm,complete,N/A,Toulouse,Grenoble Foot 38,Amaury Delerue,N/A,1.84,1.74,1.87,1.70,3,0,3,2,2,0,"3,23,90'2","",3,4,2,0,3,0,1,1,2,1,9,7,6,3,3,4,13,13,42,58,1.66,1.32,1.47,1.23,2.62,46,71,44,26,10,27,63,46,81,9.01,4.40,1.83,3.15,4.65,1.35,2.00,3.45,6.75,1.83,1.91,Stadium de Toulouse (Toulouse)
