timestamp,date_GMT,status,attendance,home_team_name,away_team_name,referee,Game Week,Pre-Match PPG (Home),Pre-Match PPG (Away),home_ppg,away_ppg,home_team_goal_count,away_team_goal_count,total_goal_count,total_goals_at_half_time,home_team_goal_count_half_time,away_team_goal_count_half_time,home_team_goal_timings,away_team_goal_timings,home_team_corner_count,away_team_corner_count,home_team_yellow_cards,home_team_red_cards,away_team_yellow_cards,away_team_red_cards,home_team_first_half_cards,home_team_second_half_cards,away_team_first_half_cards,away_team_second_half_cards,home_team_shots,away_team_shots,home_team_shots_on_target,away_team_shots_on_target,home_team_shots_off_target,away_team_shots_off_target,home_team_fouls,away_team_fouls,home_team_possession,away_team_possession,Home Team Pre-Match xG,Away Team Pre-Match xG,team_a_xg,team_b_xg,average_goals_per_match_pre_match,btts_percentage_pre_match,over_15_percentage_pre_match,over_25_percentage_pre_match,over_35_percentage_pre_match,over_45_percentage_pre_match,over_15_HT_FHG_percentage_pre_match,over_05_HT_FHG_percentage_pre_match,over_15_2HG_percentage_pre_match,over_05_2HG_percentage_pre_match,average_corners_per_match_pre_match,average_cards_per_match_pre_match,odds_ft_home_team_win,odds_ft_draw,odds_ft_away_team_win,odds_ft_over15,odds_ft_over25,odds_ft_over35,odds_ft_over45,odds_btts_yes,odds_btts_no,stadium_name
1438365600,Jul 31 2015 - 6:00pm,complete,3359,Ajaccio,Dijon,N/A,1,0.00,0.00,1.63,1.58,0,0,0,0,0,0,"","",6,5,3,0,0,0,2,1,0,0,9,10,4,3,5,7,18,8,47,53,0.00,0.00,0.00,0.00,0.00,0,0,0,0,0,0,0,0,0,0.00,0.00,2.79,2.97,2.97,0.00,0.00,0.00,0.00,0.00,0.00,Stade François Coty
1438365600,Jul 31 2015 - 6:00pm,complete,5714,Auxerre,Brest,N/A,1,0.00,0.00,1.68,0.84,0,0,0,0,0,0,"","",4,2,2,0,3,0,1,1,2,1,8,8,2,5,6,3,21,16,55,45,0.00,0.00,0.00,0.00,0.00,0,0,0,0,0,0,0,0,0,0.00,0.00,2.53,2.95,3.37,0.00,0.00,0.00,0.00,0.00,0.00,Stade de l'Abbé Deschamps (Auxerre)
1438365600,Jul 31 2015 - 6:00pm,complete,4298,Niort,Valenciennes,N/A,1,0.00,0.00,1.11,1.26,0,1,1,1,0,1,"","4",4,2,2,0,2,1,1,1,1,2,12,6,5,5,7,1,12,15,58,42,0.00,0.00,0.00,0.00,0.00,0,0,0,0,0,0,0,0,0,0.00,0.00,1.90,3.29,4.99,0.00,0.00,0.00,0.00,0.00,0.00,Stade René Gaillard (Niort)
1438365600,Jul 31 2015 - 6:00pm,complete,3834,Clermont,Sochaux,N/A,1,0.00,0.00,1.89,0.89,0,0,0,0,0,0,"","",-1,-1,0,0,1,1,0,0,1,1,-1,-1,-1,-1,-1,-1,-1,-1,-1,-1,0.00,0.00,0.00,0.00,0.00,0,0,0,0,0,0,0,0,0,0.00,0.00,2.64,2.98,3.16,0.00,0.00,0.00,0.00,0.00,0.00,Stade Gabriel Montpied (Clermont-Ferrand)
1438365600,Jul 31 2015 - 6:00pm,complete,1515,Bourg-en-Bresse,Le Havre,N/A,1,0.00,0.00,1.74,1.37,1,3,4,2,1,1,"45","17,59,87",-1,-1,2,0,2,1,1,1,1,2,-1,-1,-1,-1,-1,-1,-1,-1,-1,-1,0.00,0.00,0.00,0.00,0.00,0,0,0,0,0,0,0,0,0,0.00,0.00,2.70,3.02,3.04,0.00,0.00,0.00,0.00,0.00,0.00,Stade Jean Laville
1438365600,Jul 31 2015 - 6:00pm,complete,5535,Nîmes,Thonon Evian FC,N/A,1,0.00,0.00,1.74,0.89,0,0,0,0,0,0,"","",9,5,1,0,0,0,0,1,0,0,12,6,5,4,7,2,13,6,45,55,0.00,0.00,0.00,0.00,0.00,0,0,0,0,0,0,0,0,0,0.00,0.00,2.71,3.07,2.98,0.00,0.00,0.00,0.00,0.00,0.00,Stade des Costières
1438365600,Jul 31 2015 - 6:00pm,complete,2867,Paris,Laval,N/A,1,0.00,0.00,0.89,0.89,1,1,2,0,0,0,"50","74",4,1,2,0,1,0,0,2,0,1,7,5,3,3,4,2,9,17,48,52,0.00,0.00,0.00,0.00,0.00,0,0,0,0,0,0,0,0,0,0.00,0.00,2.51,2.92,3.44,0.00,0.00,0.00,0.00,0.00,0.00,Stade Sébastien-Charléty
1438365600,Jul 31 2015 - 6:00pm,complete,1410,Red Star,Créteil,N/A,1,0.00,0.00,1.47,0.95,0,1,1,0,0,0,"","68",8,3,1,0,3,0,0,1,2,1,14,6,8,2,6,4,10,9,55,45,0.00,0.00,0.00,0.00,0.00,0,0,0,0,0,0,0,0,0,0.00,0.00,2.28,3.12,3.69,0.00,0.00,0.00,0.00,0.00,0.00,Stade Pierre Brisson
1438430400,Aug 01 2015 - 12:00pm,complete,14535,Metz,Lens,N/A,1,0.00,0.00,1.95,1.26,0,0,0,0,0,0,"","",4,4,0,0,2,0,0,0,1,1,17,10,10,4,7,6,9,13,55,45,0.00,0.00,0.00,0.00,0.00,0,0,0,0,0,0,0,0,0,0.00,0.00,2.26,3.04,3.86,0.00,0.00,0.00,0.00,0.00,0.00,Stade Saint-Symphorien
1438626600,Aug 03 2015 - 6:30pm,complete,14017,Nancy,Tours,N/A,1,0.00,0.00,2.37,1.11,0,0,0,0,0,0,"","",7,4,3,0,3,1,1,2,2,2,14,5,7,2,7,3,19,20,59,41,0.00,0.00,0.00,0.00,0.00,0,0,0,0,0,0,0,0,0,0.00,0.00,1.87,3.32,5.15,0.00,0.00,0.00,0.00,0.00,0.00,Stade Marcel-Picot (Tomblaine)
1438970400,Aug 07 2015 - 6:00pm,complete,6619,Dijon,Niort,N/A,2,0.00,0.00,2.11,1.11,3,0,3,1,1,0,"8,79,90","",-1,-1,3,0,2,0,2,1,2,0,-1,-1,-1,-1,-1,-1,-1,-1,-1,-1,0.00,0.00,0.00,0.00,0.00,0,0,0,0,0,0,0,0,0,0.00,0.00,2.05,3.15,4.44,0.00,0.00,0.00,0.00,0.00,0.00,Stade Gaston-Gérard
1438970400,Aug 07 2015 - 6:00pm,complete,4246,Thonon Evian FC,Clermont,N/A,2,0.00,0.00,1.16,1.16,2,2,4,2,1,1,"8,56","2,63",5,4,2,0,1,0,1,1,0,1,6,7,2,4,4,3,10,10,47,53,0.00,0.00,0.00,0.00,0.00,0,0,0,0,0,0,0,0,0,0.00,0.00,2.05,3.20,4.35,0.00,0.00,0.00,0.00,0.00,0.00,Parc des Sports
1438970400,Aug 07 2015 - 6:00pm,complete,9354,Sochaux,Metz,N/A,2,0.00,0.00,1.32,1.47,0,1,1,1,0,1,"","2",-1,-1,3,0,2,0,1,2,2,0,-1,-1,-1,-1,-1,-1,-1,-1,-1,-1,0.00,0.00,0.00,0.00,0.00,0,0,0,0,0,0,0,0,0,0.00,0.00,2.77,2.99,2.98,0.00,0.00,0.00,0.00,0.00,0.00,Stade Auguste-Bonal
1438970400,Aug 07 2015 - 6:00pm,complete,7074,Le Havre,Ajaccio,N/A,2,0.00,0.00,2.05,0.58,1,0,1,0,0,0,"52","",2,4,2,0,4,0,0,2,1,3,12,8,5,2,7,6,19,29,52,48,0.00,0.00,0.00,0.00,0.00,0,0,0,0,0,0,0,0,0,0.00,0.00,1.87,3.33,5.13,0.00,0.00,0.00,0.00,0.00,0.00,Stade Océane
1438970400,Aug 07 2015 - 6:00pm,complete,8624,Brest,Nîmes,N/A,2,0.00,0.00,1.63,0.95,2,0,2,1,1,0,"42,82","",-1,-1,2,0,2,0,1,1,0,2,-1,-1,-1,-1,-1,-1,-1,-1,-1,-1,0.00,0.00,0.00,0.00,0.00,0,0,0,0,0,0,0,0,0,0.00,0.00,1.76,3.38,6.04,0.00,0.00,0.00,0.00,0.00,0.00,Stade Francis-Le Blé
1438970400,Aug 07 2015 - 6:00pm,complete,5501,Laval,Nancy,N/A,2,0.00,0.00,1.42,1.53,0,1,1,0,0,0,"","87",1,5,1,1,2,0,0,2,1,1,4,10,2,4,2,6,14,12,52,48,0.00,0.00,0.00,0.00,0.00,0,0,0,0,0,0,0,0,0,0.00,0.00,2.97,2.99,2.79,0.00,0.00,0.00,0.00,0.00,0.00,Stade Francis Le Basser
1438970400,Aug 07 2015 - 6:00pm,complete,5762,Tours,Paris,N/A,2,0.00,0.00,1.37,0.68,0,0,0,0,0,0,"","",4,1,1,0,1,0,0,1,1,0,6,5,2,3,4,2,13,20,47,53,0.00,0.00,0.00,0.00,0.00,0,0,0,0,0,0,0,0,0,0.00,0.00,2.71,3.06,2.99,0.00,0.00,0.00,0.00,0.00,0.00,Stade de la Vallée du Cher
1438970400,Aug 07 2015 - 6:00pm,complete,1331,Créteil,Bourg-en-Bresse,N/A,2,0.00,0.00,0.84,0.74,2,1,3,1,1,0,"7,63","71",6,8,1,0,0,0,1,0,0,0,13,9,7,2,6,7,8,11,39,61,0.00,0.00,0.00,0.00,0.00,0,0,0,0,0,0,0,0,0,0.00,0.00,2.12,3.22,4.03,0.00,0.00,0.00,0.00,0.00,0.00,Stade Dominique Duvauchelle
1438970400,Aug 07 2015 - 6:00pm,complete,7748,Valenciennes,Auxerre,N/A,2,0.00,0.00,1.05,1.21,0,0,0,0,0,0,"","",3,1,3,0,4,0,1,2,1,3,8,3,5,0,3,3,16,18,59,41,0.00,0.00,0.00,0.00,0.00,0,0,0,0,0,0,0,0,0,0.00,0.00,2.45,3.11,3.33,0.00,0.00,0.00,0.00,0.00,0.00,Stade du Hainaut
1439035200,Aug 08 2015 - 12:00pm,complete,32110,Lens,Red Star,N/A,2,0.00,0.00,1.79,1.89,1,1,2,1,0,1,"74","21",4,2,4,0,1,0,1,3,0,1,9,8,4,2,5,6,18,10,52,48,0.00,0.00,0.00,0.00,0.00,0,0,0,0,0,0,0,0,0,0.00,0.00,2.25,3.17,3.69,0.00,0.00,0.00,0.00,0.00,0.00,Stade Bollaert-Delelis
1439575200,Aug 14 2015 - 6:00pm,complete,3504,Ajaccio,Thonon Evian FC,N/A,3,1.00,1.00,1.63,0.89,1,1,2,2,1,1,"2","23",3,4,6,0,5,0,1,5,1,4,13,10,5,5,8,5,16,18,56,44,0.00,0.00,0.00,0.00,0.00,0,0,0,0,0,0,0,0,0,11.00,3.00,2.29,3.02,3.80,0.00,0.00,0.00,0.00,0.00,0.00,Stade François Coty
1439575200,Aug 14 2015 - 6:00pm,complete,5109,Auxerre,Laval,N/A,3,1.00,1.00,1.68,0.89,2,3,5,0,0,0,"61,88","49,54,90",4,2,1,1,1,1,1,1,1,1,8,3,4,3,4,0,13,10,53,47,0.00,0.00,0.00,0.00,1.00,50,50,0,0,0,0,0,50,50,5.00,3.00,1.99,3.16,4.73,0.00,0.00,0.00,0.00,0.00,0.00,Stade de l'Abbé Deschamps (Auxerre)
1439575200,Aug 14 2015 - 6:00pm,complete,3505,Niort,Sochaux,N/A,3,0.00,1.00,1.11,0.89,1,1,2,1,0,1,"85","12",4,6,1,0,1,0,0,1,0,1,17,8,9,3,8,5,15,18,57,43,0.00,0.00,0.00,0.00,0.50,0,0,0,0,0,0,50,0,0,4.00,4.00,2.32,3.05,3.69,0.00,0.00,0.00,0.00,0.00,0.00,Stade René Gaillard (Niort)
1439575200,Aug 14 2015 - 6:00pm,complete,2800,Clermont,Nîmes,N/A,3,1.00,0.00,1.89,0.95,1,0,1,0,0,0,"49","",2,4,1,0,2,0,0,1,1,1,12,11,6,7,6,4,8,12,50,50,0.00,0.00,0.00,0.00,1.00,0,50,0,0,0,0,50,0,50,0.00,2.00,1.91,3.24,5.06,0.00,0.00,0.00,0.00,0.00,0.00,Stade Gabriel Montpied (Clermont-Ferrand)
1439575200,Aug 14 2015 - 6:00pm,complete,2035,Bourg-en-Bresse,Dijon,N/A,3,0.00,1.00,1.74,1.58,2,1,3,1,1,0,"36,55","54",1,4,3,0,2,0,0,3,1,1,4,6,2,3,2,3,15,19,46,54,0.00,0.00,0.00,0.00,2.00,50,50,50,50,0,50,50,50,50,5.00,2.00,3.03,3.01,2.72,0.00,0.00,0.00,0.00,0.00,0.00,Stade Jean Laville
1439575200,Aug 14 2015 - 6:00pm,complete,2464,Paris,Le Havre,N/A,3,1.00,3.00,0.89,1.37,3,0,3,1,1,0,"19,48,90'1","",1,2,2,0,1,0,0,2,0,1,8,15,2,5,6,10,11,13,48,52,0.00,0.00,0.00,0.00,3.00,100,100,50,50,0,50,50,100,100,4.00,6.00,2.15,3.10,4.12,0.00,0.00,0.00,0.00,0.00,0.00,Stade Sébastien-Charléty
1439575200,Aug 14 2015 - 6:00pm,complete,25456,Lens,Créteil,N/A,3,1.00,3.00,1.79,0.95,1,1,2,1,1,0,"13","52",6,2,0,0,2,1,0,0,0,3,14,8,6,3,8,5,16,11,49,51,0.00,0.00,0.00,0.00,1.50,50,50,0,0,0,0,50,0,100,7.00,7.00,2.40,3.10,3.43,0.00,0.00,0.00,0.00,0.00,0.00,Stade Bollaert-Delelis
1439575200,Aug 14 2015 - 6:00pm,complete,1129,Red Star,Tours,N/A,3,0.00,1.00,1.47,1.11,1,1,2,1,1,0,"8","90'3",4,6,3,1,1,0,2,2,1,0,14,8,6,6,8,2,14,9,57,43,0.00,0.00,0.00,0.00,0.50,0,0,0,0,0,0,0,0,50,12.00,6.00,1.88,3.27,5.16,0.00,0.00,0.00,0.00,0.00,0.00,Stade Pierre Brisson
1439640000,Aug 15 2015 - 12:00pm,complete,13577,Nancy,Brest,N/A,3,1.00,1.00,2.37,0.84,3,0,3,3,3,0,"8,32,44","",7,0,2,0,2,1,1,1,3,0,20,4,9,2,11,2,19,14,62,38,0.00,0.00,0.00,0.00,0.00,0,0,0,0,0,0,0,0,0,9.00,6.00,2.19,2.95,4.26,0.00,0.00,0.00,0.00,0.00,0.00,Stade Marcel-Picot (Tomblaine)
1439836200,Aug 17 2015 - 6:30pm,complete,13492,Metz,Valenciennes,N/A,3,1.00,3.00,1.95,1.26,2,0,2,0,0,0,"61,90'4","",8,6,2,0,1,0,2,0,0,1,8,12,3,2,5,10,23,9,50,50,0.00,0.00,0.00,0.00,0.50,0,0,0,0,0,0,50,0,0,6.00,4.00,1.99,3.12,4.82,0.00,0.00,0.00,0.00,0.00,0.00,Stade Saint-Symphorien
1440180000,Aug 21 2015 - 6:00pm,complete,8873,Dijon,Lens,N/A,4,3.00,1.00,2.11,1.26,2,0,2,1,1,0,"27,71","",4,1,0,0,3,1,0,0,2,2,11,4,5,0,6,4,10,15,63,37,0.00,0.00,0.00,0.00,1.50,0,50,50,0,0,0,50,50,50,4.00,5.00,1.90,3.32,4.94,0.00,0.00,0.00,0.00,0.00,0.00,Stade Gaston-Gérard
1440180000,Aug 21 2015 - 6:00pm,complete,4103,Thonon Evian FC,Niort,N/A,4,1.00,0.00,1.16,1.11,0,0,0,0,0,0,"","",5,2,3,0,1,0,0,3,0,1,11,11,8,5,3,6,15,6,51,49,0.00,0.00,0.00,0.00,3.50,50,100,100,50,0,50,100,100,100,5.00,4.00,2.16,3.14,4.02,0.00,0.00,0.00,0.00,0.00,0.00,Parc des Sports
1440180000,Aug 21 2015 - 6:00pm,complete,7954,Sochaux,Paris,N/A,4,0.00,1.00,1.32,0.68,1,1,2,0,0,0,"57","51",6,4,1,1,2,0,2,0,1,1,10,7,3,0,7,7,11,18,50,50,0.00,0.00,0.00,0.00,0.50,0,0,0,0,0,0,50,0,0,1.00,4.00,1.99,3.14,4.77,0.00,0.00,0.00,0.00,0.00,0.00,Stade Auguste-Bonal
1440180000,Aug 21 2015 - 6:00pm,complete,6494,Le Havre,Clermont,N/A,4,3.00,1.00,2.05,1.16,0,1,1,1,0,1,"","44",6,1,1,0,3,0,1,0,0,3,11,5,3,2,8,3,11,22,63,37,0.00,0.00,0.00,0.00,2.50,50,50,50,50,0,50,50,50,100,6.00,3.00,2.32,3.05,3.68,0.00,0.00,0.00,0.00,0.00,0.00,Stade Océane
1440180000,Aug 21 2015 - 6:00pm,complete,7827,Brest,Ajaccio,N/A,4,3.00,0.00,1.63,0.58,1,0,1,0,0,0,"77","",4,4,3,0,4,0,0,3,2,2,6,12,0,10,6,2,14,14,46,54,0.00,0.00,0.00,0.00,1.50,0,50,0,0,0,0,50,0,100,4.00,6.00,1.81,3.27,5.78,0.00,0.00,0.00,0.00,0.00,0.00,Stade Francis-Le Blé
1440180000,Aug 21 2015 - 6:00pm,complete,5655,Laval,Red Star,N/A,4,0.00,1.00,1.42,1.89,2,1,3,1,0,1,"65,85","17",8,2,1,0,4,0,1,0,0,4,11,9,6,4,5,5,5,13,54,46,0.00,0.00,0.00,0.00,1.50,50,50,0,0,0,0,50,0,100,3.00,4.00,2.55,2.97,3.32,0.00,0.00,0.00,0.00,0.00,0.00,Stade Francis Le Basser
1440180000,Aug 21 2015 - 6:00pm,complete,5750,Tours,Auxerre,N/A,4,1.00,1.00,1.37,1.21,3,1,4,1,1,0,"35,51,60","64",2,2,3,0,1,1,1,2,1,1,6,9,3,4,3,5,13,17,43,57,0.00,0.00,0.00,0.00,0.00,0,0,0,0,0,0,0,0,0,5.00,5.00,2.48,3.09,3.30,0.00,0.00,0.00,0.00,0.00,0.00,Stade de la Vallée du Cher
1440180000,Aug 21 2015 - 6:00pm,complete,2093,Créteil,Metz,N/A,4,3.00,3.00,0.84,1.47,1,2,3,1,1,0,"5","55,65",8,8,0,0,2,0,0,0,0,2,16,10,9,3,7,7,12,14,49,51,0.00,0.00,0.00,0.00,2.00,50,50,50,0,0,0,100,50,50,6.00,3.00,2.62,3.07,3.10,0.00,0.00,0.00,0.00,0.00,0.00,Stade Dominique Duvauchelle
1440180000,Aug 21 2015 - 6:00pm,complete,7694,Valenciennes,Bourg-en-Bresse,N/A,4,1.00,0.00,1.05,0.74,1,1,2,2,1,1,"43","4",12,2,1,0,5,0,0,1,3,2,13,10,6,5,7,5,10,16,57,43,0.00,0.00,0.00,0.00,1.50,50,50,50,0,0,0,50,50,50,11.00,3.00,2.36,3.06,3.57,0.00,0.00,0.00,0.00,0.00,0.00,Stade du Hainaut
1440244800,Aug 22 2015 - 12:00pm,complete,5012,Nîmes,Nancy,N/A,4,1.00,3.00,1.74,1.53,2,2,4,2,1,1,"14,80","20,85",3,3,1,0,2,0,1,0,0,2,14,3,5,2,9,1,9,21,48,52,0.00,0.00,0.00,0.00,0.50,0,0,0,0,0,0,0,0,50,14.00,3.00,4.79,3.24,1.95,0.00,0.00,0.00,0.00,0.00,0.00,Stade des Costières
1440784800,Aug 28 2015 - 6:00pm,complete,2913,Ajaccio,Tours,N/A,5,1.00,1.00,1.63,1.11,1,2,3,1,1,0,"39","81,88",6,1,5,0,2,0,0,5,1,1,16,5,8,2,8,3,19,14,58,42,0.00,0.00,0.00,0.00,1.00,50,50,0,0,0,25,50,0,25,9.50,7.50,2.32,3.08,3.66,0.00,0.00,0.00,0.00,0.00,0.00,Stade François Coty
1440784800,Aug 28 2015 - 6:00pm,complete,4678,Auxerre,Nîmes,N/A,5,0.50,0.00,1.68,0.95,1,0,1,1,1,0,"29","",8,4,1,0,1,0,0,1,0,1,17,13,8,7,9,6,12,11,50,50,0.00,0.00,0.00,0.00,2.00,25,50,25,25,25,0,25,25,75,8.00,4.50,1.77,3.40,5.90,0.00,0.00,0.00,0.00,0.00,0.00,Stade de l'Abbé Deschamps (Auxerre)
1440784800,Aug 28 2015 - 6:00pm,complete,3636,Niort,Laval,N/A,5,0.50,2.00,1.11,0.89,0,1,1,0,0,0,"","52",4,1,2,0,1,0,0,2,0,1,16,10,7,4,9,6,17,10,52,48,0.00,0.00,0.00,0.00,2.50,75,75,25,25,25,0,50,50,75,5.50,3.50,2.36,3.08,3.54,0.00,0.00,0.00,0.00,0.00,0.00,Stade René Gaillard (Niort)
1440784800,Aug 28 2015 - 6:00pm,complete,3434,Clermont,Nancy,N/A,5,2.00,2.00,1.89,1.53,1,2,3,0,0,0,"56","80,86",7,6,1,0,1,0,0,1,0,1,12,9,5,6,7,3,12,6,49,51,0.00,0.00,0.00,0.00,1.50,25,25,25,25,0,25,25,25,75,6.00,2.50,2.57,3.08,3.16,0.00,0.00,0.00,0.00,0.00,0.00,Stade Gabriel Montpied (Clermont-Ferrand)
1440784800,Aug 28 2015 - 6:00pm,complete,7149,Dijon,Créteil,N/A,5,3.00,2.00,2.11,0.95,4,1,5,2,2,0,"10,21,83,89","60",4,4,1,0,3,0,0,1,0,3,12,8,6,4,6,4,17,10,49,51,0.00,0.00,0.00,0.00,2.00,25,75,25,0,0,0,75,25,100,6.50,4.50,1.78,3.57,5.34,0.00,0.00,0.00,0.00,0.00,0.00,Stade Gaston-Gérard
1440784800,Aug 28 2015 - 6:00pm,complete,1521,Bourg-en-Bresse,Sochaux,N/A,5,1.50,1.00,1.74,0.89,2,1,3,2,1,1,"45'1,90'3","11",8,1,2,0,2,0,0,2,1,1,9,4,4,2,5,2,10,12,56,44,0.00,0.00,0.00,0.00,2.25,75,75,50,25,0,25,75,50,75,7.00,4.00,2.58,3.05,3.17,0.00,0.00,0.00,0.00,0.00,0.00,Stade Jean Laville
1440784800,Aug 28 2015 - 6:00pm,complete,3136,Paris,Brest,N/A,5,2.00,0.50,0.89,0.84,1,1,2,1,0,1,"83","1",8,0,4,0,1,0,2,2,1,0,11,5,4,2,7,3,13,14,64,36,0.00,0.00,0.00,0.00,2.00,25,75,50,0,0,25,50,50,50,3.50,5.50,2.39,3.03,3.56,0.00,0.00,0.00,0.00,0.00,0.00,Stade Sébastien-Charléty
1440784800,Aug 28 2015 - 6:00pm,complete,1523,Red Star,Valenciennes,N/A,5,0.50,1.50,1.47,1.26,1,5,6,1,0,1,"58","17,60,77,84,90'1",6,5,3,0,3,0,2,1,1,2,17,9,7,5,10,4,24,11,58,42,0.00,0.00,0.00,0.00,1.50,25,50,0,0,0,0,50,25,75,10.00,5.50,1.99,3.20,4.68,0.00,0.00,0.00,0.00,0.00,0.00,Stade Pierre Brisson
1440849600,Aug 29 2015 - 12:00pm,complete,12301,Metz,Thonon Evian FC,N/A,5,2.00,1.00,1.95,0.89,2,1,3,1,1,0,"45'1,90'5","78",3,5,0,0,2,0,0,0,1,1,12,10,7,5,5,5,11,10,55,45,0.00,0.00,0.00,0.00,1.00,25,50,0,0,0,25,25,25,25,10.50,3.50,1.94,3.30,4.75,0.00,0.00,0.00,0.00,0.00,0.00,Stade Saint-Symphorien
1441045800,Aug 31 2015 - 6:30pm,complete,30083,Lens,Le Havre,N/A,5,1.00,1.50,1.79,1.37,0,4,4,3,0,3,"","25,28,42,79",6,0,1,0,2,0,0,1,1,1,9,3,5,0,4,3,11,9,58,42,0.00,0.00,0.00,0.00,2.75,75,100,50,25,0,25,100,50,100,7.00,4.50,2.56,3.10,3.15,0.00,0.00,0.00,0.00,0.00,0.00,Stade Bollaert-Delelis
1441994400,Sep 11 2015 - 6:00pm,complete,14031,Nancy,Niort,N/A,6,2.00,0.50,2.37,1.11,1,1,2,0,0,0,"72","83",7,5,2,0,1,0,1,1,0,1,9,11,6,4,3,7,9,13,62,38,0.00,0.00,0.00,0.00,1.50,0,50,50,0,0,25,50,25,25,9.00,4.00,1.63,3.75,6.64,0.00,0.00,0.00,0.00,0.00,0.00,Stade Marcel-Picot (Tomblaine)
1441994400,Sep 11 2015 - 6:00pm,complete,2812,Clermont,Paris,N/A,6,1.33,1.00,1.89,0.68,1,1,2,1,0,1,"61","41",9,5,1,0,1,1,0,1,0,2,15,8,10,3,5,5,18,17,58,42,0.00,0.00,0.00,0.00,1.17,42,42,17,0,0,0,0,42,59,7.00,2.17,2.34,3.09,3.57,0.00,0.00,0.00,0.00,0.00,0.00,Stade Gabriel Montpied (Clermont-Ferrand)
1441994400,Sep 11 2015 - 6:00pm,complete,4267,Thonon Evian FC,Auxerre,N/A,6,1.00,0.50,1.16,1.21,4,0,4,1,1,0,"40,64,78,88","",4,3,0,0,4,1,0,0,2,3,3,10,2,6,1,4,11,14,39,61,0.00,0.00,0.00,0.00,2.00,50,50,50,50,0,25,50,50,50,6.50,6.00,2.35,3.12,3.51,0.00,0.00,0.00,0.00,0.00,0.00,Parc des Sports
1441994400,Sep 11 2015 - 6:00pm,complete,6717,Sochaux,Créteil,N/A,6,0.50,1.33,1.32,0.95,0,3,3,2,0,2,"","3,42,78",6,1,4,0,1,0,1,3,0,1,19,7,8,3,11,4,15,10,53,47,0.00,0.00,0.00,0.00,2.09,59,59,17,17,17,17,59,42,75,9.00,6.00,1.91,3.41,4.67,0.00,0.00,0.00,0.00,0.00,0.00,Stade Auguste-Bonal
1441994400,Sep 11 2015 - 6:00pm,complete,7018,Le Havre,Red Star,N/A,6,1.50,0.50,2.05,1.89,0,2,2,1,0,1,"","25,61",4,2,2,1,2,0,1,2,0,2,6,3,4,3,2,0,16,15,58,42,0.00,0.00,0.00,0.00,1.75,50,50,25,0,0,0,75,25,75,6.00,4.00,1.81,3.52,5.12,0.00,0.00,0.00,0.00,0.00,0.00,Stade Océane
1441994400,Sep 11 2015 - 6:00pm,complete,4628,Nîmes,Ajaccio,N/A,6,1.00,0.00,1.74,0.58,0,0,0,0,0,0,"","",8,3,2,0,3,0,0,2,2,1,13,4,7,2,6,2,16,15,54,46,0.00,0.00,0.00,0.00,1.50,25,25,25,25,0,25,25,25,75,10.00,5.00,2.63,3.09,3.06,0.00,0.00,0.00,0.00,0.00,0.00,Stade des Costières
1441994400,Sep 11 2015 - 6:00pm,complete,7841,Laval,Metz,N/A,6,1.50,3.00,1.42,1.47,0,1,1,0,0,0,"","73",4,5,2,0,3,0,1,1,1,2,15,3,7,2,8,1,10,19,62,38,0.00,0.00,0.00,0.00,2.00,50,50,50,0,0,0,75,50,75,12.50,4.00,2.70,3.03,3.03,0.00,0.00,0.00,0.00,0.00,0.00,Stade Francis Le Basser
1441994400,Sep 11 2015 - 6:00pm,complete,5843,Tours,Bourg-en-Bresse,N/A,6,2.00,0.50,1.37,0.74,0,1,1,0,0,0,"","46",-1,-1,2,0,2,1,0,2,0,3,-1,-1,-1,-1,-1,-1,-1,-1,-1,-1,0.00,0.00,0.00,0.00,2.25,75,75,50,25,0,25,75,50,50,8.00,4.50,2.25,3.19,3.68,0.00,0.00,0.00,0.00,0.00,0.00,Stade de la Vallée du Cher
1442059200,Sep 12 2015 - 12:00pm,complete,7251,Valenciennes,Dijon,N/A,6,1.00,0.50,1.05,1.58,1,3,4,2,0,2,"64","21,34,57",6,7,2,0,2,0,2,0,1,1,10,11,4,8,6,3,4,15,45,55,0.00,0.00,0.00,0.00,1.25,50,50,25,0,0,25,50,25,25,12.00,3.00,3.23,3.23,2.43,0.00,0.00,0.00,0.00,0.00,0.00,Stade du Hainaut
1442255400,Sep 14 2015 - 6:30pm,complete,7082,Brest,Lens,N/A,6,3.00,0.50,1.63,1.26,2,1,3,1,1,0,"40,64","55",3,11,1,0,2,0,1,0,1,1,7,22,2,8,5,14,14,17,39,61,0.00,0.00,0.00,0.00,1.25,0,50,0,0,0,0,50,0,75,6.50,5.50,1.81,3.32,5.75,0.00,0.00,0.00,0.00,0.00,0.00,Stade Francis-Le Blé
1442599200,Sep 18 2015 - 6:00pm,complete,3429,Ajaccio,Laval,N/A,7,0.67,2.33,1.63,0.89,0,0,0,0,0,0,"","",2,5,1,0,2,1,0,1,2,1,14,4,5,3,9,1,19,13,53,47,0.00,0.00,0.00,0.00,2.17,67,67,33,17,17,17,34,50,67,6.33,6.34,2.41,2.98,3.64,0.00,0.00,0.00,0.00,0.00,0.00,Stade François Coty
1442599200,Sep 18 2015 - 6:00pm,complete,4345,Auxerre,Clermont,N/A,7,1.33,2.00,1.68,1.16,1,0,1,0,0,0,"67","",2,8,4,1,2,0,2,3,0,2,8,14,4,10,4,4,24,10,45,55,0.00,0.00,0.00,0.00,2.25,42,42,42,42,17,25,67,42,42,7.83,4.00,2.13,3.07,4.35,0.00,0.00,0.00,0.00,0.00,0.00,Stade de l'Abbé Deschamps (Auxerre)
1442599200,Sep 18 2015 - 6:00pm,complete,3081,Niort,Nîmes,N/A,7,0.33,0.00,1.11,0.95,1,0,1,0,0,0,"73","",10,3,3,0,4,1,2,1,3,2,13,6,5,2,8,4,20,18,67,33,0.00,0.00,0.00,0.00,1.33,17,33,0,0,0,0,67,0,67,8.00,3.34,2.25,3.07,3.92,0.00,0.00,0.00,0.00,0.00,0.00,Stade René Gaillard (Niort)
1442599200,Sep 18 2015 - 6:00pm,complete,7482,Dijon,Le Havre,N/A,7,3.00,2.00,2.11,1.37,2,1,3,1,0,1,"61,72","30",4,9,3,0,2,0,2,1,1,1,19,9,4,0,15,9,17,14,63,37,0.00,0.00,0.00,0.00,3.50,33,100,84,50,17,50,100,67,100,5.00,3.66,1.91,3.31,5.01,0.00,0.00,0.00,0.00,0.00,0.00,Stade Gaston-Gérard
1442599200,Sep 18 2015 - 6:00pm,complete,1201,Bourg-en-Bresse,Brest,N/A,7,2.00,0.67,1.74,0.84,3,1,4,1,1,0,"8,65,79","90",6,5,0,0,1,0,0,0,0,1,8,12,4,7,4,5,13,14,42,58,0.00,0.00,0.00,0.00,2.50,67,84,67,17,0,50,84,34,67,5.17,5.00,2.57,3.03,3.27,0.00,0.00,0.00,0.00,0.00,0.00,Stade Jean Laville
1442599200,Sep 18 2015 - 6:00pm,complete,24071,Metz,Nancy,N/A,7,2.33,2.33,1.95,1.53,0,0,0,0,0,0,"","",4,5,3,0,2,0,1,2,2,0,5,15,3,6,2,9,15,14,55,45,0.00,0.00,0.00,0.00,2.17,50,67,50,17,0,17,33,67,84,9.67,2.34,2.76,2.95,3.08,0.00,0.00,0.00,0.00,0.00,0.00,Stade Saint-Symphorien
1442599200,Sep 18 2015 - 6:00pm,complete,21341,Lens,Tours,N/A,7,0.67,1.67,1.79,1.11,1,1,2,1,1,0,"15","69",4,2,5,1,3,1,1,5,0,4,6,8,3,3,3,5,16,12,49,51,0.00,0.00,0.00,0.00,2.17,67,84,33,17,0,17,84,17,84,9.00,4.34,2.17,3.10,4.13,0.00,0.00,0.00,0.00,0.00,0.00,Stade Bollaert-Delelis
1442599200,Sep 18 2015 - 6:00pm,complete,1129,Red Star,Sochaux,N/A,7,0.33,0.67,1.47,0.89,0,0,0,0,0,0,"","",4,2,2,0,3,0,1,1,1,2,7,0,2,0,5,0,19,10,58,42,0.00,0.00,0.00,0.00,2.34,67,67,33,17,17,17,67,17,84,9.50,4.67,2.36,3.01,3.71,0.00,0.00,0.00,0.00,0.00,0.00,Stade Pierre Brisson
1442599200,Sep 18 2015 - 6:00pm,complete,2477,Créteil,Valenciennes,N/A,7,1.50,2.00,0.84,1.26,0,1,1,0,0,0,"","62",7,3,2,0,3,1,1,1,3,1,15,6,8,5,7,1,12,13,65,35,0.00,0.00,0.00,0.00,3.00,67,84,67,17,17,0,84,84,84,11.33,3.17,2.12,3.20,4.16,0.00,0.00,0.00,0.00,0.00,0.00,Stade Dominique Duvauchelle
1442664000,Sep 19 2015 - 12:00pm,complete,2547,Paris,Thonon Evian FC,N/A,7,1.67,0.67,0.89,0.89,0,0,0,0,0,0,"","",8,2,3,0,2,0,2,1,0,2,11,8,3,4,8,4,10,18,57,43,0.00,0.00,0.00,0.00,2.00,67,84,33,0,0,17,67,50,67,9.00,5.00,2.28,3.01,3.93,0.00,0.00,0.00,0.00,0.00,0.00,Stade Sébastien-Charléty
1442860200,Sep 21 2015 - 6:30pm,complete,15570,Valenciennes,Lens,N/A,8,0.67,0.33,1.05,1.26,0,1,1,1,0,1,"","23",5,1,3,0,2,0,2,1,2,0,9,5,2,3,7,2,13,15,64,36,0.00,0.00,0.00,0.00,1.84,50,67,33,17,0,34,67,33,50,12.33,4.67,2.51,3.02,3.38,0.00,0.00,0.00,0.00,0.00,0.00,Stade du Hainaut
1442948400,Sep 22 2015 - 7:00pm,complete,13129,Nancy,Auxerre,N/A,8,1.67,0.33,2.37,1.21,0,1,1,0,0,0,"","70",6,1,0,0,1,0,0,0,0,1,10,10,3,6,7,4,7,9,59,41,0.00,0.00,0.00,0.00,2.17,33,67,50,34,0,17,50,50,50,9.00,6.33,1.71,3.58,6.15,0.00,0.00,0.00,0.00,0.00,0.00,Stade Marcel-Picot (Tomblaine)
1442948400,Sep 22 2015 - 7:00pm,complete,2467,Clermont,Ajaccio,N/A,8,1.25,0.33,1.89,0.58,2,1,3,2,2,0,"13,14","90",3,6,0,0,3,0,0,0,2,1,2,12,0,7,2,5,13,16,50,50,0.00,0.00,0.00,0.00,1.09,25,25,13,0,0,0,13,13,71,9.67,4.42,1.98,3.14,4.94,0.00,0.00,0.00,0.00,0.00,0.00,Stade Gabriel Montpied (Clermont-Ferrand)
1442948400,Sep 22 2015 - 7:00pm,complete,3555,Thonon Evian FC,Red Star,N/A,8,1.67,1.33,1.16,1.89,0,1,1,0,0,0,"","84",6,2,2,0,3,0,1,1,2,1,11,8,4,2,7,6,12,19,56,44,0.00,0.00,0.00,0.00,2.50,50,84,50,34,0,17,84,50,84,6.67,4.00,2.49,3.10,3.32,0.00,0.00,0.00,0.00,0.00,0.00,Parc des Sports
1442948400,Sep 22 2015 - 7:00pm,complete,6714,Sochaux,Dijon,N/A,8,0.33,1.33,1.32,1.58,0,1,1,0,0,0,"","63",3,4,5,0,3,0,1,4,1,2,6,10,4,6,2,4,13,19,44,56,0.00,0.00,0.00,0.00,2.17,50,67,50,17,0,33,67,50,67,11.33,4.66,2.97,3.13,2.71,0.00,0.00,0.00,0.00,0.00,0.00,Stade Auguste-Bonal
1442948400,Sep 22 2015 - 7:00pm,complete,5192,Le Havre,Metz,N/A,8,1.00,3.00,2.05,1.47,1,1,2,2,1,1,"21","45",5,2,2,0,5,0,1,1,2,3,16,12,4,4,12,8,13,15,50,50,0.00,0.00,0.00,0.00,1.50,17,33,17,0,0,0,67,17,67,10.50,4.66,2.31,3.11,3.69,0.00,0.00,0.00,0.00,0.00,0.00,Stade Océane
1442948400,Sep 22 2015 - 7:00pm,complete,3698,Nîmes,Paris,N/A,8,1.00,1.00,1.74,0.68,1,1,2,1,0,1,"52","37",7,4,2,0,5,0,1,1,1,4,15,7,7,3,8,4,12,16,58,42,0.00,0.00,0.00,0.00,1.33,50,50,17,17,0,17,33,33,50,10.00,3.00,2.79,3.02,2.98,0.00,0.00,0.00,0.00,0.00,0.00,Stade des Costières
1442948400,Sep 22 2015 - 7:00pm,complete,5712,Brest,Niort,N/A,8,3.00,0.67,1.63,1.11,1,1,2,2,1,1,"2","19",6,1,4,0,1,1,1,3,1,1,14,9,5,3,9,6,17,9,57,43,0.00,0.00,0.00,0.00,1.84,33,67,33,0,0,0,50,50,84,7.00,3.33,1.92,3.28,5.02,0.00,0.00,0.00,0.00,0.00,0.00,Stade Francis-Le Blé
1442948400,Sep 22 2015 - 7:00pm,complete,5240,Laval,Bourg-en-Bresse,N/A,8,1.00,1.33,1.42,0.74,1,3,4,2,0,2,"62","5,45,83",3,3,2,0,2,0,0,2,2,0,11,8,5,3,6,5,15,12,51,49,0.00,0.00,0.00,0.00,1.84,50,50,33,0,0,17,50,33,84,9.33,4.67,2.34,3.07,3.67,0.00,0.00,0.00,0.00,0.00,0.00,Stade Francis Le Basser
1442948400,Sep 22 2015 - 7:00pm,complete,3753,Tours,Créteil,N/A,8,1.33,1.75,1.37,0.95,1,2,3,1,0,1,"90","23,49",8,2,1,0,3,0,0,1,1,2,20,5,10,3,10,2,11,15,58,42,0.00,0.00,0.00,0.00,2.21,42,54,42,29,13,25,54,29,84,5.50,4.50,2.23,3.29,3.66,0.00,0.00,0.00,0.00,0.00,0.00,Stade de la Vallée du Cher
1443204000,Sep 25 2015 - 6:00pm,complete,3411,Ajaccio,Auxerre,N/A,9,0.75,1.00,1.63,1.21,1,0,1,1,1,0,"3","",6,1,1,0,1,0,0,1,0,1,9,6,0,3,9,3,15,11,56,44,0.00,0.00,0.00,0.00,1.75,38,50,38,25,0,13,50,38,50,6.00,7.00,2.68,3.01,3.12,0.00,0.00,0.00,0.00,0.00,0.00,Stade François Coty
1443204000,Sep 25 2015 - 6:00pm,complete,3268,Niort,Clermont,N/A,9,1.00,1.33,1.11,1.16,1,1,2,0,0,0,"88","70",7,6,2,0,3,1,1,1,2,2,12,13,6,7,6,6,15,19,45,55,0.00,0.00,0.00,0.00,1.63,29,29,17,17,0,17,59,17,71,9.83,4.00,2.60,2.95,3.33,0.00,0.00,0.00,0.00,0.00,0.00,Stade René Gaillard (Niort)
1443204000,Sep 25 2015 - 6:00pm,complete,1363,Bourg-en-Bresse,Thonon Evian FC,N/A,9,2.25,0.75,1.74,0.89,0,2,2,0,0,0,"","46,52",8,3,1,0,3,0,1,0,3,0,13,8,5,4,8,4,12,14,54,46,0.00,0.00,0.00,0.00,2.38,75,75,63,25,0,38,75,50,63,9.00,4.00,2.23,2.99,4.10,0.00,0.00,0.00,0.00,0.00,0.00,Stade Marcel-Verchère
1443204000,Sep 25 2015 - 6:00pm,complete,12046,Metz,Nîmes,N/A,9,2.00,0.00,1.95,0.95,1,2,3,1,1,0,"40","78,82",7,5,3,0,1,0,2,1,0,1,12,8,4,4,8,4,12,15,57,43,0.00,0.00,0.00,0.00,1.25,13,38,13,0,0,0,38,25,63,8.42,4.00,1.65,3.54,7.45,0.00,0.00,0.00,0.00,0.00,0.00,Stade Saint-Symphorien
1443204000,Sep 25 2015 - 6:00pm,complete,22263,Lens,Sochaux,N/A,9,0.75,0.75,1.79,0.89,1,0,1,0,0,0,"82","",2,5,2,0,2,0,1,1,1,1,9,8,5,4,4,4,8,16,54,46,0.00,0.00,0.00,0.00,1.88,63,75,25,13,0,25,75,0,75,8.00,5.00,2.23,2.97,4.16,0.00,0.00,0.00,0.00,0.00,0.00,Stade Bollaert-Delelis
1443204000,Sep 25 2015 - 6:00pm,complete,1025,Red Star,Brest,N/A,9,0.50,0.50,1.47,0.84,1,0,1,0,0,0,"68","",4,3,1,0,2,0,1,0,0,2,5,10,3,2,2,8,19,12,49,51,0.00,0.00,0.00,0.00,2.25,50,63,38,25,13,13,63,25,63,7.25,5.00,2.37,2.90,3.87,0.00,0.00,0.00,0.00,0.00,0.00,Stade Pierre Brisson
1443204000,Sep 25 2015 - 6:00pm,complete,2374,Créteil,Le Havre,N/A,9,1.00,1.50,0.84,1.37,2,1,3,1,1,0,"43,79","75",5,6,0,0,2,0,0,0,0,2,9,21,4,7,5,14,12,12,55,45,0.00,0.00,0.00,0.00,2.92,59,84,84,25,0,25,84,71,100,10.67,3.25,2.50,3.01,3.42,0.00,0.00,0.00,0.00,0.00,0.00,Stade Dominique Duvauchelle
1443204000,Sep 25 2015 - 6:00pm,complete,6557,Valenciennes,Tours,N/A,9,0.50,1.50,1.05,1.11,0,0,0,0,0,0,"","",4,4,2,0,3,0,1,1,2,1,7,15,0,5,7,10,15,16,49,51,0.00,0.00,0.00,0.00,1.75,63,63,25,13,0,25,75,25,50,9.75,5.25,2.30,3.01,3.86,0.00,0.00,0.00,0.00,0.00,0.00,Stade du Hainaut
1443268800,Sep 26 2015 - 12:00pm,complete,7509,Dijon,Laval,N/A,9,3.00,2.00,2.11,0.89,2,0,2,2,2,0,"19,39","",7,6,2,0,1,1,1,1,2,0,10,7,2,5,8,2,16,10,57,43,0.00,0.00,0.00,0.00,2.63,50,75,50,25,25,13,50,63,88,6.25,4.00,1.63,3.60,7.48,0.00,0.00,0.00,0.00,0.00,0.00,Stade Gaston-Gérard
1443465000,Sep 28 2015 - 6:30pm,complete,3086,Paris,Nancy,N/A,9,1.50,2.00,0.89,1.53,1,1,2,1,1,0,"40","86",1,7,3,0,3,0,1,2,0,3,3,13,3,3,0,10,15,6,50,50,0.00,0.00,0.00,0.00,1.88,50,63,38,13,0,13,38,50,75,10.00,4.50,3.46,2.86,2.58,0.00,0.00,0.00,0.00,0.00,0.00,Stade Sébastien-Charléty
1443808800,Oct 02 2015 - 6:00pm,complete,4472,Auxerre,Paris,N/A,10,1.75,1.00,1.68,0.68,2,0,2,1,1,0,"35,48","",3,4,0,0,1,0,0,0,1,0,12,11,5,6,7,5,14,4,42,58,0.00,0.00,0.00,0.00,1.63,50,50,13,13,13,0,38,25,63,8.00,5.25,2.29,3.00,3.93,0.00,0.00,0.00,0.00,0.00,0.00,Stade de l'Abbé Deschamps (Auxerre)
1443808800,Oct 02 2015 - 6:00pm,complete,13036,Nancy,Ajaccio,N/A,10,1.25,0.25,2.37,0.58,3,0,3,1,1,0,"17,81,88","",6,0,1,0,2,1,0,1,0,3,11,4,4,0,7,4,8,13,50,50,0.00,0.00,0.00,0.00,1.38,25,38,25,0,0,25,25,13,63,11.00,5.25,1.57,3.76,8.26,0.00,0.00,0.00,0.00,0.00,0.00,Stade Marcel-Picot (Tomblaine)
1443808800,Oct 02 2015 - 6:00pm,complete,3667,Clermont,Bourg-en-Bresse,N/A,10,1.60,1.75,1.89,0.74,3,2,5,1,1,0,"22,82,85","55,59",5,2,2,0,4,1,1,1,1,4,15,3,6,2,9,1,10,12,52,48,0.00,0.00,0.00,0.00,2.15,68,68,45,13,0,35,58,35,78,9.58,3.10,2.27,3.10,3.81,0.00,0.00,0.00,0.00,0.00,0.00,Stade Gabriel Montpied (Clermont-Ferrand)
1443808800,Oct 02 2015 - 6:00pm,complete,5253,Thonon Evian FC,Lens,N/A,10,1.25,1.00,1.16,1.26,2,1,3,2,2,0,"2,28","73",2,7,1,0,1,0,0,1,0,1,5,13,0,8,5,5,13,17,36,64,0.00,0.00,0.00,0.00,1.88,25,50,38,25,0,13,63,38,63,9.25,4.25,2.28,3.03,3.90,0.00,0.00,0.00,0.00,0.00,0.00,Parc des Sports
1443808800,Oct 02 2015 - 6:00pm,complete,7176,Sochaux,Valenciennes,N/A,10,0.25,2.25,1.32,1.26,1,0,1,0,0,0,"53","",5,4,1,0,2,0,1,0,1,1,12,10,4,4,8,6,10,15,54,46,0.00,0.00,0.00,0.00,2.13,25,50,25,13,13,13,50,38,75,9.00,7.00,1.94,3.14,5.22,0.00,0.00,0.00,0.00,0.00,0.00,Stade Auguste-Bonal
1443808800,Oct 02 2015 - 6:00pm,complete,5293,Le Havre,Niort,N/A,10,1.00,0.75,2.05,1.11,0,0,0,0,0,0,"","",7,7,3,0,3,0,1,2,2,1,6,12,3,8,3,4,22,20,45,55,0.00,0.00,0.00,0.00,1.63,38,63,13,0,0,25,63,25,50,6.92,4.00,1.93,3.22,5.16,0.00,0.00,0.00,0.00,0.00,0.00,Stade Océane
1443808800,Oct 02 2015 - 6:00pm,complete,4656,Nîmes,Red Star,N/A,10,1.00,1.75,1.74,1.89,1,1,2,0,0,0,"71","65",9,4,1,0,1,0,1,0,0,1,14,6,8,4,6,2,8,18,58,42,0.00,0.00,0.00,0.00,1.75,50,63,25,13,0,13,63,25,75,8.75,4.00,3.05,2.98,2.77,0.00,0.00,0.00,0.00,0.00,0.00,Stade des Costières
1443808800,Oct 02 2015 - 6:00pm,complete,5036,Laval,Créteil,N/A,10,0.75,2.00,1.42,0.95,3,2,5,2,2,0,"41,45'3,52","59,84",8,3,3,0,1,1,1,2,2,0,8,6,5,0,3,6,9,9,46,54,0.00,0.00,0.00,0.00,2.53,55,65,55,23,10,33,65,45,100,6.40,4.60,2.26,3.11,3.84,0.00,0.00,0.00,0.00,0.00,0.00,Stade Francis Le Basser
1443873600,Oct 03 2015 - 12:00pm,complete,6037,Brest,Metz,N/A,10,2.50,2.50,1.63,1.47,1,1,2,1,1,0,"45","61",7,4,0,0,3,0,0,0,1,2,12,15,7,2,5,13,18,11,39,61,0.00,0.00,0.00,0.00,1.88,50,63,25,0,0,25,75,25,63,9.33,5.50,2.48,2.97,3.52,0.00,0.00,0.00,0.00,0.00,0.00,Stade Francis-Le Blé
1444069800,Oct 05 2015 - 6:30pm,complete,4070,Tours,Dijon,N/A,10,1.00,1.75,1.37,1.58,1,0,1,0,0,0,"82","",1,5,2,0,2,1,1,1,2,1,5,10,2,5,3,5,20,15,48,52,0.00,0.00,0.00,0.00,2.00,50,50,50,25,0,13,50,50,75,9.67,3.50,3.44,3.05,2.46,0.00,0.00,0.00,0.00,0.00,0.00,Stade de la Vallée du Cher
1445018400,Oct 16 2015 - 6:00pm,complete,3566,Niort,Auxerre,N/A,11,1.00,0.80,1.11,1.21,2,3,5,4,1,3,"12,61","7,20,34",9,4,1,0,2,0,0,1,0,2,16,5,7,3,9,2,11,15,59,41,0.00,0.00,0.00,0.00,1.70,30,40,20,20,0,0,50,30,70,7.40,4.80,2.47,2.96,3.53,0.00,0.00,0.00,0.00,0.00,0.00,Stade René Gaillard (Niort)
1445018400,Oct 16 2015 - 6:00pm,complete,1063,Bourg-en-Bresse,Nîmes,N/A,11,1.80,0.60,1.74,0.95,4,2,6,1,1,0,"43,57,74,82","75,78",3,1,2,0,3,1,1,1,2,2,12,11,5,5,7,6,20,15,46,54,0.00,0.00,0.00,0.00,2.40,50,70,50,20,0,20,70,50,90,9.75,4.00,1.85,3.38,5.28,0.00,0.00,0.00,0.00,0.00,0.00,Stade Marcel-Verchère
1445018400,Oct 16 2015 - 6:00pm,complete,10656,Metz,Clermont,N/A,11,1.60,1.25,1.95,1.16,2,2,4,2,0,2,"78,84","7,34",10,3,3,0,3,1,3,0,1,3,11,9,3,2,8,7,14,9,65,35,0.00,0.00,0.00,0.00,1.80,45,55,33,13,0,13,45,55,68,9.95,4.35,2.22,3.05,4.07,0.00,0.00,0.00,0.00,0.00,0.00,Stade Saint-Symphorien
1445018400,Oct 16 2015 - 6:00pm,complete,7647,Sochaux,Tours,N/A,11,0.80,1.40,1.32,1.11,0,0,0,0,0,0,"","",3,1,2,0,4,0,1,1,1,3,6,10,3,4,3,6,16,16,60,40,0.00,0.00,0.00,0.00,1.50,40,50,20,0,0,10,50,20,70,8.40,6.20,2.06,3.20,4.40,0.00,0.00,0.00,0.00,0.00,0.00,Stade Auguste-Bonal
1445018400,Oct 16 2015 - 6:00pm,complete,3012,Paris,Ajaccio,N/A,11,1.40,0.20,0.89,0.58,0,0,0,0,0,0,"","",9,5,4,0,2,0,2,2,2,0,7,15,5,6,2,9,17,13,51,49,0.00,0.00,0.00,0.00,1.70,40,60,30,0,0,10,50,30,80,7.80,6.40,2.14,3.03,4.37,0.00,0.00,0.00,0.00,0.00,0.00,Stade Sébastien-Charléty
1445018400,Oct 16 2015 - 6:00pm,complete,2042,Red Star,Nancy,N/A,11,1.00,1.80,1.47,1.53,0,1,1,1,0,1,"","36",2,6,1,1,1,0,1,1,0,1,10,6,7,2,3,4,12,10,55,45,0.00,0.00,0.00,0.00,2.00,50,50,30,20,10,10,40,30,80,10.40,4.40,3.49,2.95,2.50,0.00,0.00,0.00,0.00,0.00,0.00,Stade Pierre Brisson
1445018400,Oct 16 2015 - 6:00pm,complete,2956,Créteil,Brest,N/A,11,1.50,0.40,0.84,0.84,0,2,2,1,0,1,"","38,61",2,4,2,0,4,0,0,2,2,2,9,11,5,4,4,7,14,14,48,52,0.00,0.00,0.00,0.00,2.25,58,68,58,10,0,10,68,48,80,8.50,2.95,2.63,3.08,3.13,0.00,0.00,0.00,0.00,0.00,0.00,Stade Dominique Duvauchelle
1445018400,Oct 16 2015 - 6:00pm,complete,6849,Valenciennes,Le Havre,N/A,11,0.60,1.20,1.05,1.37,0,1,1,1,0,1,"","15",6,2,3,0,4,0,2,1,2,2,5,9,4,4,1,5,11,16,61,39,0.00,0.00,0.00,0.00,2.40,50,70,60,30,0,40,80,50,60,10.25,4.40,2.62,3.05,3.18,0.00,0.00,0.00,0.00,0.00,0.00,Stade du Hainaut
1445083200,Oct 17 2015 - 12:00pm,complete,7713,Dijon,Thonon Evian FC,N/A,11,3.00,1.20,2.11,0.89,1,3,4,2,1,1,"18","32,51,76",7,3,1,0,1,0,0,1,1,0,9,4,0,0,9,4,21,20,62,38,0.00,0.00,0.00,0.00,2.20,40,80,40,10,10,30,70,50,60,8.55,4.20,1.71,3.58,6.16,0.00,0.00,0.00,0.00,0.00,0.00,Stade Gaston-Gérard
1445277600,Oct 19 2015 - 6:00pm,complete,25891,Lens,Laval,N/A,11,1.20,1.60,1.79,0.89,1,1,2,1,0,1,"46","5",4,1,4,0,1,0,0,4,0,1,8,0,3,0,5,0,4,4,51,49,0.00,0.00,0.00,0.00,2.10,50,70,20,20,10,20,50,20,80,7.40,5.20,2.27,3.09,3.83,0.00,0.00,0.00,0.00,0.00,0.00,Stade Bollaert-Delelis
1445623200,Oct 23 2015 - 6:00pm,complete,3520,Ajaccio,Metz,N/A,12,1.20,2.20,1.63,1.47,0,1,1,0,0,0,"","71",5,4,3,0,0,0,1,2,0,0,9,8,4,4,5,4,9,17,53,47,0.00,0.00,0.00,0.00,1.50,50,50,20,0,0,20,70,20,40,9.35,6.20,2.77,2.95,3.08,0.00,0.00,0.00,0.00,0.00,0.00,Stade François Coty
1445623200,Oct 23 2015 - 6:00pm,complete,5912,Auxerre,Red Star,N/A,12,2.00,1.60,1.68,1.89,0,1,1,1,0,1,"","40",10,5,1,0,2,0,1,0,0,2,20,7,10,5,10,2,17,10,53,47,0.00,0.00,0.00,0.00,1.90,40,60,20,10,10,0,50,30,80,6.60,4.40,2.09,3.07,4.52,0.00,0.00,0.00,0.00,0.00,0.00,Stade de l'Abbé Deschamps (Auxerre)
1445623200,Oct 23 2015 - 6:00pm,complete,15095,Nancy,Bourg-en-Bresse,N/A,12,1.60,1.40,2.37,0.74,3,1,4,2,1,1,"11,59,88","39",10,1,2,0,2,1,2,0,1,2,22,4,10,3,12,1,12,9,56,44,0.00,0.00,0.00,0.00,2.40,50,70,50,20,10,30,60,50,70,10.35,4.80,1.67,3.62,6.65,0.00,0.00,0.00,0.00,0.00,0.00,Stade Marcel-Picot (Tomblaine)
1445623200,Oct 23 2015 - 6:00pm,complete,4314,Thonon Evian FC,Créteil,N/A,12,1.60,1.67,1.16,0.95,1,2,3,2,1,1,"44","30,70",3,8,1,0,3,0,0,1,3,0,8,8,4,4,4,4,11,17,55,45,0.00,0.00,0.00,0.00,2.79,54,72,64,37,17,45,72,45,90,6.90,4.27,2.09,3.22,4.23,0.00,0.00,0.00,0.00,0.00,0.00,Parc des Sports
1445623200,Oct 23 2015 - 6:00pm,complete,6924,Le Havre,Sochaux,N/A,12,1.00,0.60,2.05,0.89,2,1,3,2,1,1,"25,63","3",7,8,1,0,1,0,0,1,1,0,6,3,4,2,2,1,11,18,50,50,0.00,0.00,0.00,0.00,1.20,30,40,10,0,0,20,50,0,50,8.30,4.40,2.14,2.97,4.52,0.00,0.00,0.00,0.00,0.00,0.00,Stade Océane
1445623200,Oct 23 2015 - 6:00pm,complete,2986,Paris,Niort,N/A,12,1.33,0.80,0.89,1.11,1,1,2,0,0,0,"76","79",10,3,2,0,1,0,0,2,0,1,11,12,4,4,7,8,12,13,55,45,0.00,0.00,0.00,0.00,1.45,45,64,19,0,0,10,45,37,54,8.92,5.00,2.35,2.92,3.88,0.00,0.00,0.00,0.00,0.00,0.00,Stade Sébastien-Charléty
1445623200,Oct 23 2015 - 6:00pm,complete,7303,Brest,Valenciennes,N/A,12,2.20,1.80,1.63,1.26,1,2,3,2,0,2,"90'8","33,36",8,1,1,0,3,1,1,0,2,2,9,4,3,2,6,2,13,18,59,41,0.00,0.00,0.00,0.00,2.10,40,60,20,10,10,10,60,30,80,9.00,5.00,1.95,3.18,5.04,0.00,0.00,0.00,0.00,0.00,0.00,Stade Francis-Le Blé
1445623200,Oct 23 2015 - 6:00pm,complete,5964,Laval,Tours,N/A,12,1.20,1.33,1.42,1.11,1,1,2,1,1,0,"28","81",6,1,1,0,3,0,0,1,1,2,6,3,4,0,2,3,10,9,54,46,0.00,0.00,0.00,0.00,1.99,55,55,39,20,10,20,55,39,75,7.80,5.37,2.45,2.96,3.58,0.00,0.00,0.00,0.00,0.00,0.00,Stade Francis Le Basser
1445688000,Oct 24 2015 - 12:00pm,complete,4461,Nîmes,Dijon,N/A,12,1.00,1.40,1.74,1.58,1,1,2,2,1,1,"5","42",3,9,1,0,4,0,0,1,1,3,10,14,3,11,7,3,14,18,41,59,0.00,0.00,0.00,0.00,1.70,50,50,30,20,0,20,40,40,70,12.20,3.40,3.75,3.05,2.32,0.00,0.00,0.00,0.00,0.00,0.00,Stade des Costières
1445887800,Oct 26 2015 - 7:30pm,complete,6007,Clermont,Lens,N/A,12,1.83,0.80,1.89,1.26,2,2,4,1,0,1,"47,65","33,79",0,8,0,1,4,1,0,1,3,2,10,10,5,5,5,5,9,22,48,52,0.00,0.00,0.00,0.00,2.07,54,64,45,9,9,19,65,27,72,10.00,3.03,2.26,3.08,3.88,0.00,0.00,0.00,0.00,0.00,0.00,Stade Gabriel Montpied (Clermont-Ferrand)
1446231600,Oct 30 2015 - 7:00pm,complete,3476,Niort,Ajaccio,N/A,13,0.83,0.33,1.11,0.58,3,1,4,2,1,1,"7,71,83","25",3,3,2,1,2,1,3,0,1,2,10,7,4,2,6,5,12,18,48,52,0.00,0.00,0.00,0.00,1.67,34,42,25,9,9,17,42,17,75,10.00,5.16,2.33,3.10,3.65,0.00,0.00,0.00,0.00,0.00,0.00,Stade René Gaillard (Niort)
1446231600,Oct 30 2015 - 7:00pm,complete,11949,Metz,Paris,N/A,13,1.50,0.80,1.95,0.68,2,1,3,3,2,1,"12,45","17",10,2,2,0,2,0,0,2,1,1,15,7,6,3,9,4,8,11,50,50,0.00,0.00,0.00,0.00,1.80,55,74,25,9,0,9,55,44,74,9.60,4.03,1.81,3.26,6.04,0.00,0.00,0.00,0.00,0.00,0.00,Stade Saint-Symphorien
1446231600,Oct 30 2015 - 7:00pm,complete,9400,Sochaux,Thonon Evian FC,N/A,13,0.83,1.50,1.32,0.89,1,0,1,1,1,0,"33","",4,0,3,1,2,0,1,3,1,1,7,4,2,0,5,4,21,15,46,54,0.00,0.00,0.00,0.00,1.58,34,50,25,9,0,25,42,34,59,8.27,5.17,2.39,3.08,3.54,0.00,0.00,0.00,0.00,0.00,0.00,Stade Auguste-Bonal
1446231600,Oct 30 2015 - 7:00pm,complete,1863,Red Star,Clermont,N/A,13,0.83,1.20,1.47,1.16,2,1,3,0,0,0,"53,59","66",5,5,1,0,1,0,0,1,0,1,6,8,5,6,1,2,13,13,53,47,0.00,0.00,0.00,0.00,2.12,47,47,29,29,9,20,55,39,74,9.07,5.70,2.43,3.10,3.44,0.00,0.00,0.00,0.00,0.00,0.00,Stade Pierre Brisson
1446231600,Oct 30 2015 - 7:00pm,complete,5270,Tours,Le Havre,N/A,13,1.40,1.50,1.37,1.37,0,1,1,1,0,1,"","1",5,3,2,0,3,0,0,2,3,0,19,2,10,2,9,0,14,19,52,48,0.00,0.00,0.00,0.00,2.40,45,62,62,27,0,17,70,54,82,7.55,4.30,2.45,3.11,3.38,0.00,0.00,0.00,0.00,0.00,0.00,Stade de la Vallée du Cher
1446231600,Oct 30 2015 - 7:00pm,complete,2514,Créteil,Nîmes,N/A,13,1.20,0.50,0.84,0.95,1,2,3,0,0,0,"52","79,87",5,9,3,1,2,0,2,2,1,1,10,15,4,6,6,9,11,13,54,46,0.00,0.00,0.00,0.00,2.37,47,65,47,9,9,0,74,47,92,9.00,3.83,2.25,3.13,3.83,0.00,0.00,0.00,0.00,0.00,0.00,Stade Dominique Duvauchelle
1446231600,Oct 30 2015 - 7:00pm,complete,7232,Valenciennes,Laval,N/A,13,0.50,1.50,1.05,0.89,0,0,0,0,0,0,"","",6,5,2,0,2,0,1,1,0,2,16,8,7,3,9,5,16,13,56,44,0.00,0.00,0.00,0.00,1.67,42,50,17,17,9,25,50,25,42,8.67,4.50,2.54,3.09,3.24,0.00,0.00,0.00,0.00,0.00,0.00,Stade du Hainaut
1446296400,Oct 31 2015 - 1:00pm,complete,7430,Dijon,Brest,N/A,13,2.50,0.83,2.11,0.84,3,1,4,1,0,1,"55,71,90'1","31",8,2,3,0,2,0,1,2,1,1,11,4,6,0,5,4,19,15,58,42,0.00,0.00,0.00,0.00,2.59,42,84,50,25,9,34,84,42,75,7.53,4.17,1.82,3.42,5.44,0.00,0.00,0.00,0.00,0.00,0.00,Stade Gaston-Gérard
1446296400,Oct 31 2015 - 1:00pm,complete,1897,Bourg-en-Bresse,Auxerre,N/A,13,2.00,1.17,1.74,1.21,1,1,2,1,1,0,"15","51",5,5,1,0,1,0,1,0,1,0,9,13,4,8,5,5,11,15,42,58,0.00,0.00,0.00,0.00,3.09,58,75,67,50,17,25,75,58,84,7.20,4.34,2.60,3.13,3.11,0.00,0.00,0.00,0.00,0.00,0.00,Stade Marcel-Verchère
1446492600,Nov 02 2015 - 7:30pm,complete,21512,Lens,Nancy,N/A,13,1.17,2.00,1.79,1.53,1,0,1,0,0,0,"46","",0,7,1,0,2,0,1,0,1,1,3,12,0,8,3,4,16,16,47,53,0.00,0.00,0.00,0.00,2.00,59,67,25,17,0,17,67,17,84,9.66,4.83,3.39,3.00,2.52,0.00,0.00,0.00,0.00,0.00,0.00,Stade Bollaert-Delelis
1446836400,Nov 06 2015 - 7:00pm,complete,3298,Ajaccio,Bourg-en-Bresse,N/A,14,1.00,1.17,1.63,0.74,2,0,2,2,2,0,"5,32","",3,8,3,0,2,0,1,2,1,1,5,7,4,4,1,3,21,12,42,58,0.00,0.00,0.00,0.00,2.17,58,58,42,25,9,34,67,42,58,7.87,6.34,2.53,3.02,3.34,0.00,0.00,0.00,0.00,0.00,0.00,Stade François Coty
1446836400,Nov 06 2015 - 7:00pm,complete,6163,Auxerre,Lens,N/A,14,1.67,0.83,1.68,1.26,1,2,3,0,0,0,"52","63,88",4,4,4,0,2,0,1,3,0,2,9,11,4,4,5,7,14,15,46,54,0.00,0.00,0.00,0.00,1.92,34,50,34,17,9,9,67,25,59,10.50,4.67,2.43,2.94,3.67,0.00,0.00,0.00,0.00,0.00,0.00,Stade de l'Abbé Deschamps (Auxerre)
1446836400,Nov 06 2015 - 7:00pm,complete,4570,Niort,Metz,N/A,14,1.14,2.33,1.11,1.47,1,1,2,1,0,1,"71","42",-1,-1,2,0,3,0,1,1,0,3,-1,-1,-1,-1,-1,-1,-1,-1,-1,-1,0.00,0.00,0.00,0.00,1.98,54,54,23,15,7,23,62,23,77,10.46,4.64,2.66,2.97,3.20,0.00,0.00,0.00,0.00,0.00,0.00,Stade René Gaillard (Niort)
1446836400,Nov 06 2015 - 7:00pm,complete,2673,Clermont,Créteil,N/A,14,1.71,1.86,1.89,0.95,1,0,1,0,0,0,"57","",5,2,0,0,0,0,0,0,0,0,19,12,5,7,14,5,11,8,47,53,0.00,0.00,0.00,0.00,2.86,71,79,64,29,22,36,72,43,93,7.62,3.71,2.10,3.30,4.05,0.00,0.00,0.00,0.00,0.00,0.00,Stade Gabriel Montpied (Clermont-Ferrand)
1446836400,Nov 06 2015 - 7:00pm,complete,3911,Thonon Evian FC,Valenciennes,N/A,14,1.33,2.00,1.16,1.26,4,0,4,2,2,0,"12,28,72,85","",3,7,1,0,2,0,0,1,1,1,4,8,2,4,2,4,11,20,55,45,0.00,0.00,0.00,0.00,2.42,42,59,50,25,9,34,59,33,83,7.67,4.67,2.07,3.08,4.57,0.00,0.00,0.00,0.00,0.00,0.00,Parc des Sports
1446836400,Nov 06 2015 - 7:00pm,complete,5022,Nîmes,Sochaux,N/A,14,1.00,0.50,1.74,0.89,0,2,2,0,0,0,"","49,84",4,6,2,0,2,0,2,0,1,1,12,5,6,4,6,1,9,11,50,50,0.00,0.00,0.00,0.00,1.59,59,59,25,9,0,33,50,17,59,10.90,3.16,2.87,2.90,3.02,0.00,0.00,0.00,0.00,0.00,0.00,Stade des Costières
1446836400,Nov 06 2015 - 7:00pm,complete,6068,Brest,Tours,N/A,14,1.83,1.29,1.63,1.11,3,0,3,1,1,0,"31,56,90'1","",6,4,2,0,1,0,0,2,0,1,15,16,5,3,10,13,10,15,49,51,0.00,0.00,0.00,0.00,1.73,62,70,24,0,0,17,70,16,70,8.31,4.97,2.29,3.03,3.88,0.00,0.00,0.00,0.00,0.00,0.00,Stade Francis-Le Blé
1446836400,Nov 06 2015 - 7:00pm,complete,5264,Laval,Le Havre,N/A,14,1.17,1.71,1.42,1.37,0,1,1,0,0,0,"","53",9,3,2,0,1,0,1,1,1,0,9,9,5,4,4,5,12,9,52,48,0.00,0.00,0.00,0.00,2.69,55,69,61,31,9,31,84,54,86,8.67,4.57,2.88,2.90,3.00,0.00,0.00,0.00,0.00,0.00,0.00,Stade Francis Le Basser
1446901200,Nov 07 2015 - 1:00pm,complete,7004,Paris,Red Star,N/A,14,1.29,1.83,0.89,1.89,0,1,1,0,0,0,"","86",6,5,3,0,0,0,2,1,0,0,10,10,2,6,8,4,17,10,41,59,0.00,0.00,0.00,0.00,1.70,54,69,16,0,0,0,55,38,77,8.69,5.03,2.89,2.85,3.04,0.00,0.00,0.00,0.00,0.00,0.00,Stade Sébastien-Charléty
1447097400,Nov 09 2015 - 7:30pm,complete,16122,Nancy,Dijon,N/A,14,1.83,1.33,2.37,1.58,3,1,4,2,2,0,"24,39,78","55",9,6,1,0,1,0,1,0,1,0,10,9,4,6,6,3,8,11,50,50,0.00,0.00,0.00,0.00,2.00,42,59,42,17,0,33,50,42,67,12.84,4.00,2.10,3.09,4.45,0.00,0.00,0.00,0.00,0.00,0.00,Stade Marcel-Picot (Tomblaine)
1448046000,Nov 20 2015 - 7:00pm,complete,6265,Dijon,Clermont,N/A,15,2.57,1.00,2.11,1.16,4,1,5,4,4,0,"9,25,29,31","56",5,6,0,0,2,0,0,0,1,1,7,8,4,0,3,8,10,12,48,52,0.00,0.00,0.00,0.00,2.90,62,84,61,38,7,38,75,69,85,10.17,4.69,1.81,3.42,5.61,0.00,0.00,0.00,0.00,0.00,0.00,Stade Gaston-Gérard
1448046000,Nov 20 2015 - 7:00pm,complete,4477,Tours,Thonon Evian FC,N/A,15,1.17,1.29,1.37,0.89,2,1,3,1,1,0,"13,89","49",5,5,2,1,4,0,0,3,1,3,9,8,4,5,5,3,14,14,44,56,0.00,0.00,0.00,0.00,1.69,38,45,31,16,0,15,54,38,55,7.14,3.97,2.29,3.01,3.90,0.00,0.00,0.00,0.00,0.00,0.00,Stade de la Vallée du Cher
1448046000,Nov 20 2015 - 7:00pm,complete,1854,Créteil,Nancy,N/A,15,1.00,1.71,0.84,1.53,0,3,3,1,0,1,"","28,50,60",1,5,4,0,2,0,1,3,0,2,9,8,2,4,7,4,15,18,46,54,0.00,0.00,0.00,0.00,2.11,55,63,48,7,0,7,55,48,86,11.07,3.36,4.41,3.22,2.05,0.00,0.00,0.00,0.00,0.00,0.00,Stade Dominique Duvauchelle
1448110800,Nov 21 2015 - 1:00pm,complete,12748,Metz,Auxerre,N/A,15,1.71,1.14,1.95,1.21,0,1,1,1,0,1,"","32",8,2,3,0,2,0,1,2,1,1,13,10,10,4,3,6,10,12,54,46,0.00,0.00,0.00,0.00,2.29,50,64,50,29,7,22,64,43,64,9.00,4.29,2.20,3.11,4.02,0.00,0.00,0.00,0.00,0.00,0.00,Stade Saint-Symphorien
1448307000,Nov 23 2015 - 7:30pm,complete,5965,Le Havre,Brest,N/A,15,1.33,0.71,2.05,0.84,0,0,0,0,0,0,"","",5,1,1,0,3,0,0,1,0,3,17,3,11,3,6,0,11,12,61,39,0.00,0.00,0.00,0.00,1.90,38,61,30,15,0,24,69,15,61,7.46,4.60,2.25,3.04,3.96,0.00,0.00,0.00,0.00,0.00,0.00,Stade Océane
1448391600,Nov 24 2015 - 7:00pm,complete,1990,Bourg-en-Bresse,Paris,N/A,15,1.86,0.67,1.74,0.68,4,1,5,2,2,0,"22,36,69,88","90'1",2,4,0,0,3,0,0,0,2,1,9,11,6,4,3,7,7,10,50,50,0.00,0.00,0.00,0.00,2.63,77,92,44,22,7,23,77,44,84,8.50,3.74,2.08,3.14,4.44,0.00,0.00,0.00,0.00,0.00,0.00,Stade Marcel-Verchère
1448391600,Nov 24 2015 - 7:00pm,complete,13072,Sochaux,Laval,N/A,15,1.14,1.43,1.32,0.89,0,0,0,0,0,0,"","",5,2,1,0,1,0,0,1,1,0,16,9,5,0,11,9,16,19,51,49,0.00,0.00,0.00,0.00,1.50,29,43,14,7,7,14,36,22,57,7.50,5.28,2.07,3.05,4.68,0.00,0.00,0.00,0.00,0.00,0.00,Stade Auguste-Bonal
1448391600,Nov 24 2015 - 7:00pm,complete,26337,Lens,Niort,N/A,15,1.43,0.83,1.79,1.11,1,1,2,1,0,1,"52","9",7,1,3,0,3,0,2,1,1,2,15,6,8,3,7,3,18,17,65,35,0.00,0.00,0.00,0.00,1.75,54,69,16,7,0,16,52,25,75,7.31,4.54,2.09,3.10,4.46,0.00,0.00,0.00,0.00,0.00,0.00,Stade Bollaert-Delelis
1448391600,Nov 24 2015 - 7:00pm,complete,1923,Red Star,Ajaccio,N/A,15,1.14,0.29,1.47,0.58,1,1,2,1,0,1,"74","21",10,6,0,0,1,0,0,0,1,0,12,8,6,6,6,2,17,12,60,40,0.00,0.00,0.00,0.00,1.86,36,43,36,14,7,15,43,29,71,8.28,5.72,2.10,3.08,4.48,0.00,0.00,0.00,0.00,0.00,0.00,Stade Pierre Brisson
1448391600,Nov 24 2015 - 7:00pm,complete,6293,Valenciennes,Nîmes,N/A,15,0.57,0.86,1.05,0.95,2,2,4,1,0,1,"52,75","32,87",5,7,1,1,0,0,2,0,0,0,12,23,4,8,8,15,19,10,47,53,0.00,0.00,0.00,0.00,1.79,36,43,29,14,7,15,57,29,50,10.33,5.00,2.16,3.11,4.14,0.00,0.00,0.00,0.00,0.00,0.00,Stade du Hainaut
1448650800,Nov 27 2015 - 7:00pm,complete,3286,Ajaccio,Lens,N/A,16,1.29,1.14,1.63,1.26,1,1,2,0,0,0,"88","54",7,1,2,2,3,1,2,2,2,2,8,6,2,0,6,6,16,12,47,53,0.00,0.00,0.00,0.00,1.79,43,57,36,7,0,22,64,29,50,9.57,5.71,2.57,3.02,3.28,0.00,0.00,0.00,0.00,0.00,0.00,Stade François Coty
1448650800,Nov 27 2015 - 7:00pm,complete,3994,Auxerre,Créteil,N/A,16,1.43,1.63,1.68,0.95,3,1,4,2,1,1,"14,73,90'1","29",2,5,0,0,1,0,0,0,0,1,9,13,5,8,4,5,8,7,53,47,0.00,0.00,0.00,0.00,2.37,46,59,46,20,20,25,59,34,79,8.13,4.67,1.88,3.48,4.87,0.00,0.00,0.00,0.00,0.00,0.00,Stade de l'Abbé Deschamps (Auxerre)
1448650800,Nov 27 2015 - 7:00pm,complete,3292,Niort,Red Star,N/A,16,1.13,2.00,1.11,1.89,0,0,0,0,0,0,"","",1,9,1,0,3,0,1,0,2,1,12,9,8,5,4,4,10,12,44,56,0.00,0.00,0.00,0.00,1.98,53,60,20,13,7,13,60,27,87,9.00,3.99,2.55,3.05,3.27,0.00,0.00,0.00,0.00,0.00,0.00,Stade René Gaillard (Niort)
1448650800,Nov 27 2015 - 7:00pm,complete,2495,Clermont,Valenciennes,N/A,16,1.88,1.71,1.89,1.26,2,0,2,2,2,0,"5,41","",4,2,0,0,1,0,0,0,1,0,11,9,3,4,8,5,7,16,44,56,0.00,0.00,0.00,0.00,2.48,46,60,47,27,14,21,54,41,87,8.43,3.88,2.05,3.30,4.27,0.00,0.00,0.00,0.00,0.00,0.00,Stade Gabriel Montpied (Clermont-Ferrand)
1448650800,Nov 27 2015 - 7:00pm,complete,3511,Thonon Evian FC,Laval,N/A,16,1.57,1.38,1.16,0.89,0,0,0,0,0,0,"","",5,5,3,1,2,0,0,4,1,1,7,8,4,6,3,2,8,14,48,52,0.00,0.00,0.00,0.00,2.11,41,61,42,28,7,35,48,34,68,6.88,3.43,2.22,3.08,4.00,0.00,0.00,0.00,0.00,0.00,0.00,Parc des Sports
1448650800,Nov 27 2015 - 7:00pm,complete,10273,Metz,Bourg-en-Bresse,N/A,16,1.50,1.00,1.95,0.74,5,0,5,2,2,0,"21,44,49,72,82","",8,2,3,0,2,0,2,1,0,2,12,9,5,4,7,5,22,10,60,40,0.00,0.00,0.00,0.00,2.50,61,75,54,28,7,41,75,54,61,10.75,5.00,2.14,3.31,3.90,0.00,0.00,0.00,0.00,0.00,0.00,Stade Saint-Symphorien
1448650800,Nov 27 2015 - 7:00pm,complete,3457,Nîmes,Tours,N/A,16,0.86,1.13,1.74,1.11,2,1,3,1,0,1,"84,90'2","16",11,4,2,0,2,0,2,0,1,1,13,12,5,4,8,8,14,20,56,44,0.00,0.00,0.00,0.00,1.61,54,67,20,7,0,15,53,34,60,9.02,4.31,2.74,3.07,2.99,0.00,0.00,0.00,0.00,0.00,0.00,Stade des Costières
1448650800,Nov 27 2015 - 7:00pm,complete,2528,Paris,Dijon,N/A,16,1.13,1.14,0.89,1.58,0,3,3,2,0,2,"","4,33,53",1,2,2,0,0,0,0,2,0,0,6,13,2,7,4,6,11,15,43,57,0.00,0.00,0.00,0.00,1.82,54,60,28,15,0,22,48,41,73,11.59,5.02,4.22,3.20,2.10,0.00,0.00,0.00,0.00,0.00,0.00,Stade Sébastien-Charléty
1448650800,Nov 27 2015 - 7:00pm,complete,6642,Brest,Sochaux,N/A,16,2.00,0.86,1.63,0.89,1,0,1,1,1,0,"5","",0,10,1,0,3,0,0,1,1,2,7,10,3,3,4,7,12,12,52,48,0.00,0.00,0.00,0.00,1.93,50,72,36,0,0,29,65,22,79,10.34,3.72,2.10,3.08,4.45,0.00,0.00,0.00,0.00,0.00,0.00,Stade Francis-Le Blé
1448715600,Nov 28 2015 - 1:00pm,complete,14135,Nancy,Le Havre,N/A,16,2.00,1.88,2.37,1.37,3,1,4,2,1,1,"42,79,90'4","18",8,4,2,0,2,0,1,1,0,2,14,9,5,6,9,3,12,16,52,48,0.00,0.00,0.00,0.00,2.47,41,67,60,27,0,34,73,54,73,11.00,3.95,1.73,3.56,6.00,0.00,0.00,0.00,0.00,0.00,0.00,Stade Marcel-Picot (Tomblaine)
1448911800,Nov 30 2015 - 7:30pm,complete,20016,Lens,Nîmes,N/A,17,1.38,0.88,1.79,0.95,1,0,1,0,0,0,"62","",10,3,2,0,2,0,0,2,1,1,9,11,3,6,6,5,23,12,59,41,0.00,0.00,0.00,0.00,2.32,57,69,32,19,7,7,69,25,94,8.84,5.13,1.83,3.44,5.29,0.00,0.00,0.00,0.00,0.00,0.00,Stade Bollaert-Delelis
1449000000,Dec 01 2015 - 8:00pm,complete,9453,Dijon,Auxerre,N/A,17,2.63,1.38,2.11,1.21,0,0,0,0,0,0,"","",7,3,0,0,1,0,0,0,1,0,8,10,2,4,6,6,10,14,50,50,0.00,0.00,0.00,0.00,2.88,51,75,57,44,19,32,88,44,76,7.95,4.01,1.81,3.51,5.37,0.00,0.00,0.00,0.00,0.00,0.00,Stade Gaston-Gérard
1449000000,Dec 01 2015 - 8:00pm,complete,1747,Bourg-en-Bresse,Niort,N/A,17,2.00,0.86,1.74,1.11,2,1,3,1,1,0,"10,86","90'2",2,6,4,0,2,1,1,3,1,2,8,13,0,5,8,8,16,18,47,53,0.00,0.00,0.00,0.00,2.60,73,86,45,25,13,26,66,59,79,7.88,3.38,2.25,3.20,3.74,0.00,0.00,0.00,0.00,0.00,0.00,Stade Marcel-Verchère
1449000000,Dec 01 2015 - 8:00pm,complete,6532,Sochaux,Nancy,N/A,17,1.13,1.88,1.32,1.53,2,2,4,1,0,1,"67,87","19,84",2,5,3,0,2,0,1,2,0,2,8,7,2,3,6,4,20,14,51,49,0.00,0.00,0.00,0.00,1.51,26,38,26,7,0,13,44,26,63,10.07,4.76,4.29,3.04,2.16,0.00,0.00,0.00,0.00,0.00,0.00,Stade Auguste-Bonal
1449000000,Dec 01 2015 - 8:00pm,complete,5696,Le Havre,Thonon Evian FC,N/A,17,1.29,1.13,2.05,0.89,3,2,5,2,1,1,"8,50,79","32,64",3,4,2,0,1,0,0,2,0,1,7,6,4,3,3,3,18,12,51,49,0.00,0.00,0.00,0.00,1.59,40,53,26,7,0,27,60,25,47,8.52,4.38,2.30,3.05,3.81,0.00,0.00,0.00,0.00,0.00,0.00,Stade Océane
1449000000,Dec 01 2015 - 8:00pm,complete,1408,Red Star,Metz,N/A,17,1.13,2.14,1.47,1.47,3,1,4,0,0,0,"53,55,74","79",7,2,4,1,5,0,3,2,1,4,7,7,4,3,3,4,14,19,46,54,0.00,0.00,0.00,0.00,1.86,54,54,20,7,7,7,61,20,73,9.98,4.57,2.57,3.01,3.30,0.00,0.00,0.00,0.00,0.00,0.00,Stade Pierre Brisson
1449000000,Dec 01 2015 - 8:00pm,complete,4745,Laval,Brest,N/A,17,1.00,0.75,1.42,0.84,2,0,2,1,1,0,"8,64","",6,5,0,0,1,0,0,0,1,0,15,17,4,3,11,14,15,11,47,53,0.00,0.00,0.00,0.00,2.22,48,60,41,27,7,21,60,34,82,7.70,4.50,2.57,2.97,3.35,0.00,0.00,0.00,0.00,0.00,0.00,Stade Francis Le Basser
1449000000,Dec 01 2015 - 8:00pm,complete,4284,Tours,Clermont,N/A,17,1.43,0.86,1.37,1.16,1,1,2,1,0,1,"53","37",5,2,0,0,1,0,0,0,0,1,5,9,4,4,1,5,12,10,56,44,0.00,0.00,0.00,0.00,2.36,57,57,50,29,7,22,57,50,79,8.88,4.85,2.54,3.13,3.20,0.00,0.00,0.00,0.00,0.00,0.00,Stade de la Vallée du Cher
1449000000,Dec 01 2015 - 8:00pm,complete,2136,Créteil,Paris,N/A,17,0.86,0.57,0.84,0.68,0,0,0,0,0,0,"","",5,5,1,0,2,0,0,1,0,2,9,6,6,3,3,3,12,17,59,41,0.00,0.00,0.00,0.00,2.43,64,86,50,7,7,15,71,50,86,8.29,4.15,2.10,3.24,4.17,0.00,0.00,0.00,0.00,0.00,0.00,Stade Dominique Duvauchelle
1449000000,Dec 01 2015 - 8:00pm,complete,6271,Valenciennes,Ajaccio,N/A,17,0.63,0.38,1.05,0.58,1,1,2,1,0,1,"54","15",2,7,3,1,4,1,1,3,1,4,5,9,4,4,1,5,21,19,46,54,0.00,0.00,0.00,0.00,1.63,38,44,32,19,0,25,57,25,50,9.76,5.38,2.46,2.97,3.55,0.00,0.00,0.00,0.00,0.00,0.00,Stade du Hainaut
1449860400,Dec 11 2015 - 7:00pm,complete,3227,Ajaccio,Créteil,N/A,18,1.25,1.44,1.63,0.95,3,0,3,1,1,0,"7,83,89","",2,12,2,1,3,1,2,1,2,2,10,9,4,4,6,5,13,15,42,58,0.00,0.00,0.00,0.00,2.19,53,64,40,17,11,41,64,35,69,8.08,5.72,2.31,3.14,3.65,0.00,0.00,0.00,0.00,0.00,0.00,Stade François Coty
1449860400,Dec 11 2015 - 7:00pm,complete,5019,Auxerre,Sochaux,N/A,18,1.63,0.75,1.68,0.89,2,1,3,1,0,1,"62,73","17",8,9,3,0,3,0,1,2,2,1,12,14,7,9,5,5,16,14,49,51,0.00,0.00,0.00,0.00,1.82,38,50,32,13,7,19,50,26,63,10.06,4.00,2.15,3.10,4.21,0.00,0.00,0.00,0.00,0.00,0.00,Stade de l'Abbé Deschamps (Auxerre)
1449860400,Dec 11 2015 - 7:00pm,complete,3336,Niort,Tours,N/A,18,1.11,1.00,1.11,1.11,0,0,0,0,0,0,"","",5,6,1,0,3,0,0,1,2,1,7,11,4,7,3,4,18,12,54,46,0.00,0.00,0.00,0.00,1.84,56,62,28,11,6,11,62,28,73,8.25,4.78,2.50,3.12,3.28,0.00,0.00,0.00,0.00,0.00,0.00,Stade René Gaillard (Niort)
1449860400,Dec 11 2015 - 7:00pm,complete,2549,Clermont,Laval,N/A,18,2.00,1.33,1.89,0.89,4,1,5,1,1,0,"32,54,68,77","61",4,3,2,0,2,1,1,1,1,2,9,7,5,2,4,5,14,10,62,38,0.00,0.00,0.00,0.00,1.83,45,56,28,17,11,17,39,28,61,7.49,2.78,2.13,3.25,4.03,0.00,0.00,0.00,0.00,0.00,0.00,Stade Gabriel Montpied (Clermont-Ferrand)
1449860400,Dec 11 2015 - 7:00pm,complete,3550,Thonon Evian FC,Brest,N/A,18,1.50,0.67,1.16,0.84,0,2,2,1,0,1,"","18,54",5,2,1,0,1,0,1,0,0,1,12,5,4,4,8,1,14,12,53,47,0.00,0.00,0.00,0.00,2.19,36,65,48,30,0,31,65,30,71,6.57,4.08,2.52,3.05,3.33,0.00,0.00,0.00,0.00,0.00,0.00,Parc des Sports
1449860400,Dec 11 2015 - 7:00pm,complete,2633,Bourg-en-Bresse,Red Star,N/A,18,2.11,1.88,1.74,1.89,0,1,1,0,0,0,"","71",5,2,0,0,1,0,0,0,1,0,6,5,3,3,3,2,4,2,58,42,0.00,0.00,0.00,0.00,2.53,64,75,46,22,11,17,70,52,88,8.26,3.67,2.36,3.24,3.42,0.00,0.00,0.00,0.00,0.00,0.00,Stade Marcel-Verchère
1449860400,Dec 11 2015 - 7:00pm,complete,4725,Nîmes,Le Havre,N/A,18,1.13,1.67,1.74,1.37,2,2,4,1,0,1,"80,86","19,53",4,4,3,0,2,0,1,2,1,1,13,7,4,2,9,5,17,19,54,46,0.00,0.00,0.00,0.00,2.28,54,71,46,23,0,29,70,53,71,10.38,3.83,3.17,3.15,2.55,0.00,0.00,0.00,0.00,0.00,0.00,Stade des Costières
1449860400,Dec 11 2015 - 7:00pm,complete,3835,Paris,Lens,N/A,18,1.00,1.13,0.89,1.26,0,1,1,1,0,1,"","20",7,4,2,0,0,0,1,1,0,0,5,10,4,3,1,7,15,7,47,53,0.00,0.00,0.00,0.00,1.96,54,71,36,7,0,12,54,42,77,9.96,5.66,3.24,3.04,2.58,0.00,0.00,0.00,0.00,0.00,0.00,Stade Sébastien-Charléty
1449925200,Dec 12 2015 - 1:00pm,complete,12888,Metz,Dijon,N/A,18,1.67,1.38,1.95,1.58,1,2,3,1,0,1,"68","34,69",10,2,3,0,3,1,1,2,1,3,11,6,6,2,5,4,17,15,52,48,0.00,0.00,0.00,0.00,2.29,47,65,53,24,6,42,65,47,66,12.14,3.99,2.70,3.14,2.97,0.00,0.00,0.00,0.00,0.00,0.00,Stade Saint-Symphorien
1450121400,Dec 14 2015 - 7:30pm,complete,14002,Nancy,Valenciennes,N/A,18,2.13,1.50,2.37,1.26,1,0,1,0,0,0,"85","",12,0,1,0,3,0,0,1,1,2,17,3,7,2,10,1,9,15,65,35,0.00,0.00,0.00,0.00,2.57,38,69,51,32,7,44,63,51,75,11.25,4.38,1.51,4.26,7.94,0.00,0.00,0.00,0.00,0.00,0.00,Stade Marcel-Picot (Tomblaine)
1450380600,Dec 17 2015 - 7:30pm,complete,3414,Thonon Evian FC,Nancy,N/A,19,1.33,1.78,1.16,1.53,0,1,1,0,0,0,"","83",2,4,2,0,1,0,1,1,0,1,11,7,3,2,8,5,11,12,43,57,0.00,0.00,0.00,0.00,2.22,39,62,50,28,0,28,62,39,78,9.66,3.56,3.94,3.23,2.17,0.00,0.00,0.00,0.00,0.00,0.00,Parc des Sports
1450465200,Dec 18 2015 - 7:00pm,complete,7101,Dijon,Red Star,N/A,19,2.44,2.00,2.11,1.89,0,0,0,0,0,0,"","",6,3,3,0,3,0,1,2,2,1,11,5,0,0,11,5,10,13,60,40,0.00,0.00,0.00,0.00,2.28,45,67,39,22,11,22,67,39,78,9.42,3.33,1.85,3.43,5.16,0.00,0.00,0.00,0.00,0.00,0.00,Stade Gaston-Gérard
1450465200,Dec 18 2015 - 7:00pm,complete,7217,Sochaux,Ajaccio,N/A,19,1.11,0.44,1.32,0.58,3,0,3,0,0,0,"47,65,80","",2,3,2,0,3,0,0,2,2,1,8,6,7,4,1,2,16,18,52,48,0.00,0.00,0.00,0.00,1.61,33,45,28,11,0,17,50,22,67,8.47,6.33,2.27,2.96,4.03,0.00,0.00,0.00,0.00,0.00,0.00,Stade Auguste-Bonal
1450465200,Dec 18 2015 - 7:00pm,complete,7288,Le Havre,Auxerre,N/A,19,1.50,1.33,2.05,1.21,1,0,1,0,0,0,"61","",1,7,0,1,2,1,1,0,0,3,5,10,3,4,2,6,13,18,44,56,0.00,0.00,0.00,0.00,1.88,36,47,29,23,12,25,65,18,53,7.32,4.22,2.20,3.19,3.89,0.00,0.00,0.00,0.00,0.00,0.00,Stade Océane
1450465200,Dec 18 2015 - 7:00pm,complete,12494,Brest,Clermont,N/A,19,2.13,0.88,1.63,1.16,1,2,3,1,1,0,"20","62,82",1,3,2,0,2,0,1,1,1,1,9,9,4,2,5,7,16,8,55,45,0.00,0.00,0.00,0.00,2.44,63,75,44,19,7,32,76,38,82,9.24,4.25,2.24,3.18,3.77,0.00,0.00,0.00,0.00,0.00,0.00,Stade Francis-Le Blé
1450465200,Dec 18 2015 - 7:00pm,complete,4748,Laval,Nîmes,N/A,19,1.25,0.78,1.42,0.95,3,2,5,2,1,1,"2,63,90'4","20,75",7,7,1,1,4,0,2,0,2,2,5,21,2,9,3,12,11,16,42,58,0.00,0.00,0.00,0.00,2.41,47,60,41,24,12,13,60,41,95,10.13,4.08,2.17,3.23,3.91,0.00,0.00,0.00,0.00,0.00,0.00,Stade Francis Le Basser
1450465200,Dec 18 2015 - 7:00pm,complete,1883,Créteil,Niort,N/A,19,0.88,0.75,0.84,1.11,2,3,5,2,1,1,"39,65","42,87,90",6,5,4,1,3,0,2,3,2,1,7,7,4,4,3,3,24,10,46,54,0.00,0.00,0.00,0.00,2.00,57,75,44,0,0,7,57,57,76,8.45,4.00,2.68,3.21,2.94,0.00,0.00,0.00,0.00,0.00,0.00,Stade Dominique Duvauchelle
1450465200,Dec 18 2015 - 7:00pm,complete,6917,Valenciennes,Paris,N/A,19,0.67,0.63,1.05,0.68,1,1,2,2,1,1,"25","37",8,1,1,0,0,0,0,1,0,0,9,9,4,5,5,4,14,13,56,44,0.00,0.00,0.00,0.00,1.78,54,60,24,18,7,24,65,24,48,9.07,4.69,2.15,3.13,4.17,0.00,0.00,0.00,0.00,0.00,0.00,Stade du Hainaut
1450530000,Dec 19 2015 - 1:00pm,complete,26122,Lens,Bourg-en-Bresse,N/A,19,1.56,0.88,1.79,0.74,2,0,2,2,2,0,"14,31","",7,5,2,0,1,0,1,1,0,1,14,7,6,4,8,3,9,8,55,45,0.00,0.00,0.00,0.00,2.57,60,78,37,31,13,37,78,32,88,8.49,5.55,1.91,3.44,4.76,0.00,0.00,0.00,0.00,0.00,0.00,Stade Bollaert-Delelis
1450530000,Dec 19 2015 - 1:00pm,complete,5338,Tours,Metz,N/A,19,1.38,1.88,1.37,1.47,2,0,2,1,1,0,"32,63","",5,4,1,0,3,1,0,1,3,1,9,4,6,2,3,2,14,20,52,48,0.00,0.00,0.00,0.00,1.94,57,57,32,13,0,7,63,32,75,8.46,4.76,2.54,3.11,3.23,0.00,0.00,0.00,0.00,0.00,0.00,Stade de la Vallée du Cher
1452279600,Jan 08 2016 - 7:00pm,complete,3181,Ajaccio,Le Havre,N/A,20,1.44,1.60,1.63,1.37,1,1,2,1,1,0,"18","72",0,3,2,0,2,0,1,1,1,1,12,11,8,5,4,6,18,13,45,55,0.00,0.00,0.00,0.00,2.18,42,63,46,20,0,26,73,47,62,8.11,5.86,2.89,3.00,2.89,0.00,0.00,0.00,0.00,0.00,0.00,Stade François Coty
1452279600,Jan 08 2016 - 7:00pm,complete,4288,Auxerre,Valenciennes,N/A,20,1.78,1.33,1.68,1.26,1,1,2,0,0,0,"86","55",8,3,1,0,2,0,0,1,1,1,15,9,10,7,5,2,11,13,59,41,0.00,0.00,0.00,0.00,2.28,33,56,39,22,11,22,56,39,73,8.33,4.89,1.89,3.34,5.06,0.00,0.00,0.00,0.00,0.00,0.00,Stade de l'Abbé Deschamps (Auxerre)
1452279600,Jan 08 2016 - 7:00pm,complete,14046,Nancy,Laval,N/A,20,2.22,1.20,2.37,0.89,1,0,1,1,1,0,"16","",4,2,1,0,2,0,1,0,1,1,14,2,4,2,10,0,5,5,54,46,0.00,0.00,0.00,0.00,2.07,42,59,38,27,10,27,43,43,64,11.10,3.76,1.48,4.19,9.18,0.00,0.00,0.00,0.00,0.00,0.00,Stade Marcel-Picot (Tomblaine)
1452279600,Jan 08 2016 - 7:00pm,complete,3342,Niort,Dijon,N/A,20,1.10,1.56,1.11,1.58,2,2,4,2,1,1,"6,77","16,90'2",1,8,2,0,4,0,2,0,3,1,8,7,3,3,5,4,17,13,49,51,0.00,0.00,0.00,0.00,2.07,53,59,38,21,5,32,59,32,74,10.11,4.12,2.58,3.15,3.12,0.00,0.00,0.00,0.00,0.00,0.00,Stade René Gaillard (Niort)
1452279600,Jan 08 2016 - 7:00pm,complete,3027,Clermont,Thonon Evian FC,N/A,20,2.10,1.00,1.89,0.89,4,1,5,4,4,0,"8,11,18,32","89",7,1,1,0,1,1,0,1,2,0,8,4,4,2,4,2,12,5,50,50,0.00,0.00,0.00,0.00,2.41,58,69,47,26,16,27,64,48,68,7.77,3.12,2.03,3.27,4.41,0.00,0.00,0.00,0.00,0.00,0.00,Stade Gabriel Montpied (Clermont-Ferrand)
1452279600,Jan 08 2016 - 7:00pm,complete,2396,Bourg-en-Bresse,Créteil,N/A,20,1.90,1.30,1.74,0.95,5,1,6,2,1,1,"19,59,67,72,84","42",4,8,1,0,1,0,0,1,0,1,9,6,3,0,6,6,13,16,52,48,0.00,0.00,0.00,0.00,3.15,70,85,70,35,20,40,80,60,100,8.64,3.90,2.03,3.43,4.15,0.00,0.00,0.00,0.00,0.00,0.00,Stade Marcel-Verchère
1452279600,Jan 08 2016 - 7:00pm,complete,4018,Nîmes,Brest,N/A,20,1.11,0.90,1.74,0.84,2,0,2,0,0,0,"69,85","",7,2,2,0,2,0,1,1,2,0,20,5,10,3,10,2,22,16,49,51,0.00,0.00,0.00,0.00,2.06,49,74,32,21,0,16,63,38,69,8.84,3.87,3.03,3.07,2.71,0.00,0.00,0.00,0.00,0.00,0.00,Stade des Costières
1452279600,Jan 08 2016 - 7:00pm,complete,2577,Paris,Tours,N/A,20,0.90,1.00,0.89,1.11,1,3,4,1,0,1,"70","37,65,66",3,4,6,0,1,0,2,4,1,0,4,10,0,2,4,8,18,13,47,53,0.00,0.00,0.00,0.00,1.55,45,60,25,0,0,5,55,30,65,8.80,5.50,2.77,3.00,3.02,0.00,0.00,0.00,0.00,0.00,0.00,Stade Sébastien-Charléty
1452344400,Jan 09 2016 - 1:00pm,complete,6113,Red Star,Lens,N/A,20,1.33,1.33,1.47,1.26,1,2,3,0,0,0,"60","64,90'3",4,3,5,2,2,0,2,5,2,0,8,6,4,2,4,4,14,10,41,59,0.00,0.00,0.00,0.00,2.17,56,62,39,17,6,6,56,39,73,10.12,5.00,2.40,3.02,3.62,0.00,0.00,0.00,0.00,0.00,0.00,Stade Pierre Brisson
1452540600,Jan 11 2016 - 7:30pm,complete,11259,Metz,Sochaux,N/A,20,1.50,0.67,1.95,0.89,1,0,1,0,0,0,"76","",5,8,1,1,1,1,2,0,0,2,7,7,5,2,2,5,12,14,46,54,0.00,0.00,0.00,0.00,2.04,47,63,47,10,5,26,63,41,64,13.08,4.31,2.22,3.11,3.95,0.00,0.00,0.00,0.00,0.00,0.00,Stade Saint-Symphorien
1452884400,Jan 15 2016 - 7:00pm,complete,6863,Dijon,Bourg-en-Bresse,N/A,21,2.30,0.78,2.11,0.74,3,0,3,2,2,0,"20,27,56","",4,6,2,1,2,0,3,0,2,0,8,10,4,2,4,8,21,11,43,57,0.00,0.00,0.00,0.00,2.96,53,85,58,42,21,54,85,53,69,9.66,4.27,1.75,3.65,5.54,0.00,0.00,0.00,0.00,0.00,0.00,Stade Gaston-Gérard
1452884400,Jan 15 2016 - 7:00pm,complete,3206,Thonon Evian FC,Ajaccio,N/A,21,1.20,0.40,1.16,0.58,0,2,2,1,0,1,"","38,78",2,3,4,1,3,1,2,3,0,4,14,5,6,2,8,3,21,20,55,45,0.00,0.00,0.00,0.00,2.05,35,60,45,20,0,30,55,30,80,8.10,5.10,2.22,3.08,4.00,0.00,0.00,0.00,0.00,0.00,0.00,Parc des Sports
1452884400,Jan 15 2016 - 7:00pm,complete,5934,Sochaux,Niort,N/A,21,1.30,1.00,1.32,1.11,2,3,5,3,2,1,"2,45'1","40,48,79",8,1,2,0,1,0,1,1,1,0,11,5,6,4,5,1,15,13,58,42,0.00,0.00,0.00,0.00,1.86,44,59,32,11,6,16,48,43,64,7.75,5.13,2.07,3.15,4.45,0.00,0.00,0.00,0.00,0.00,0.00,Stade Auguste-Bonal
1452884400,Jan 15 2016 - 7:00pm,complete,6055,Le Havre,Paris,N/A,21,1.67,0.67,2.05,0.68,2,1,3,1,1,0,"16,49","65",2,3,0,0,3,0,0,0,0,3,10,6,4,3,6,3,14,14,48,52,0.00,0.00,0.00,0.00,1.84,50,61,22,11,11,33,62,17,56,7.77,4.00,1.78,3.32,6.15,0.00,0.00,0.00,0.00,0.00,0.00,Stade Océane
1452884400,Jan 15 2016 - 7:00pm,complete,4318,Nîmes,Clermont,N/A,21,1.30,1.11,1.74,1.16,6,2,8,5,3,2,"7,16,42,61,69,82","5,34",6,6,3,0,2,0,1,2,2,0,10,13,4,8,6,5,18,13,49,51,0.00,0.00,0.00,0.00,2.44,69,79,43,27,6,27,59,58,80,10.72,4.14,2.41,3.20,3.35,0.00,0.00,0.00,0.00,0.00,0.00,Stade des Costières
1452884400,Jan 15 2016 - 7:00pm,complete,4533,Laval,Auxerre,N/A,21,1.44,1.20,1.42,1.21,4,1,5,1,0,1,"52,57,64,70","26",9,10,1,0,1,0,1,0,0,1,6,6,3,2,3,4,13,9,55,45,0.00,0.00,0.00,0.00,2.29,43,54,37,32,16,22,64,32,80,8.68,4.29,2.77,3.00,3.02,0.00,0.00,0.00,0.00,0.00,0.00,Stade Francis Le Basser
1452884400,Jan 15 2016 - 7:00pm,complete,4382,Tours,Red Star,N/A,21,1.56,1.90,1.37,1.89,0,0,0,0,0,0,"","",3,2,0,0,2,0,0,0,0,2,12,7,4,2,8,5,16,17,49,51,0.00,0.00,0.00,0.00,1.60,37,48,22,6,0,0,54,27,74,7.98,3.78,2.33,3.07,3.70,0.00,0.00,0.00,0.00,0.00,0.00,Stade de la Vallée du Cher
1452884400,Jan 15 2016 - 7:00pm,complete,3351,Créteil,Lens,N/A,21,0.78,1.50,0.84,1.26,1,1,2,0,0,0,"82","90'1",3,3,2,1,2,0,0,3,0,2,13,7,8,3,5,4,11,18,43,57,0.00,0.00,0.00,0.00,2.38,58,74,59,11,6,11,64,59,80,9.40,4.61,3.21,3.01,2.62,0.00,0.00,0.00,0.00,0.00,0.00,Stade Dominique Duvauchelle
1452949200,Jan 16 2016 - 1:00pm,complete,6361,Brest,Nancy,N/A,21,1.89,1.90,1.63,1.53,1,1,2,1,1,0,"16","58",4,8,1,0,3,0,0,1,0,3,7,22,3,9,4,13,11,10,43,57,0.00,0.00,0.00,0.00,2.11,48,64,42,10,0,16,70,37,79,9.68,3.58,4.64,3.18,2.02,0.00,0.00,0.00,0.00,0.00,0.00,Stade Francis-Le Blé
1453145400,Jan 18 2016 - 7:30pm,complete,6258,Valenciennes,Metz,N/A,21,0.70,1.67,1.05,1.47,2,1,3,2,1,1,"37,81","35",4,7,1,0,1,0,0,1,0,1,10,9,3,4,7,5,12,10,50,50,0.00,0.00,0.00,0.00,1.80,53,59,21,16,0,21,69,21,54,9.84,5.30,2.70,3.00,3.11,0.00,0.00,0.00,0.00,0.00,0.00,Stade du Hainaut
1453489200,Jan 22 2016 - 7:00pm,complete,4035,Auxerre,Tours,N/A,22,1.70,1.18,1.68,1.11,2,1,3,1,1,0,"9,84","81",2,2,1,0,0,0,0,1,0,0,9,8,0,6,9,2,15,7,36,64,0.00,0.00,0.00,0.00,1.97,53,62,38,15,5,5,57,43,67,8.66,4.64,2.21,3.14,3.94,0.00,0.00,0.00,0.00,0.00,0.00,Stade de l'Abbé Deschamps (Auxerre)
1453489200,Jan 22 2016 - 7:00pm,complete,13002,Nancy,Nîmes,N/A,22,2.30,0.70,2.37,0.95,3,4,7,4,2,2,"20,45'1,68","33,36,49,81",8,3,2,0,1,0,0,2,0,1,10,8,7,4,3,4,11,14,56,44,0.00,0.00,0.00,0.00,2.50,45,60,50,30,10,25,60,50,80,12.38,4.00,1.51,4.29,7.65,0.00,0.00,0.00,0.00,0.00,0.00,Stade Marcel-Picot (Tomblaine)
1453489200,Jan 22 2016 - 7:00pm,complete,2091,Bourg-en-Bresse,Valenciennes,N/A,22,2.00,1.30,1.74,1.26,0,0,0,0,0,0,"","",5,3,2,0,2,1,1,1,0,3,10,8,4,7,6,1,11,11,54,46,0.00,0.00,0.00,0.00,2.93,56,76,52,33,19,33,66,57,90,7.70,4.15,2.00,3.43,4.29,0.00,0.00,0.00,0.00,0.00,0.00,Stade Marcel-Verchère
1453489200,Jan 22 2016 - 7:00pm,complete,11202,Metz,Créteil,N/A,22,1.64,1.18,1.95,0.95,2,1,3,1,0,1,"54,79","39",9,5,1,0,1,0,1,0,1,0,20,9,10,3,10,6,11,14,50,50,0.00,0.00,0.00,0.00,2.77,55,73,64,27,18,41,73,55,82,11.55,4.45,1.73,3.82,5.40,0.00,0.00,0.00,0.00,0.00,0.00,Stade Saint-Symphorien
1453489200,Jan 22 2016 - 7:00pm,complete,3195,Paris,Sochaux,N/A,22,0.82,0.60,0.89,0.89,0,0,0,0,0,0,"","",3,3,2,0,1,0,1,1,0,1,7,12,3,6,4,6,12,10,52,48,0.00,0.00,0.00,0.00,1.71,43,57,29,5,0,15,53,28,72,11.38,5.20,3.79,3.09,2.28,0.00,0.00,0.00,0.00,0.00,0.00,Stade Sébastien-Charléty
1453554000,Jan 23 2016 - 1:00pm,complete,3409,Niort,Thonon Evian FC,N/A,22,1.09,0.90,1.11,0.89,0,3,3,1,0,1,"","38,56,82",12,1,3,0,1,0,2,1,0,1,11,7,6,0,5,7,13,18,65,35,0.00,0.00,0.00,0.00,2.25,58,63,39,29,15,34,63,39,67,8.00,4.21,2.02,3.26,4.49,0.00,0.00,0.00,0.00,0.00,0.00,Stade René Gaillard (Niort)
1453554000,Jan 23 2016 - 1:00pm,complete,26070,Lens,Dijon,N/A,22,1.70,1.50,1.79,1.58,1,1,2,2,1,1,"24","8",11,9,2,0,2,1,1,1,1,2,12,9,7,8,5,1,13,9,57,43,0.00,0.00,0.00,0.00,2.20,55,70,35,20,0,35,70,25,85,10.20,5.00,2.78,3.12,2.90,0.00,0.00,0.00,0.00,0.00,0.00,Stade Bollaert-Delelis
1453554000,Jan 23 2016 - 1:00pm,complete,1074,Red Star,Laval,N/A,22,1.20,1.09,1.47,0.89,2,0,2,1,1,0,"36,57","",3,7,1,0,3,0,0,1,1,2,6,10,4,4,2,6,16,11,51,49,0.00,0.00,0.00,0.00,1.97,48,53,29,19,14,5,38,34,63,8.40,5.28,2.25,3.11,3.85,0.00,0.00,0.00,0.00,0.00,0.00,Stade Pierre Brisson
1453748400,Jan 25 2016 - 7:00pm,complete,3435,Ajaccio,Brest,N/A,22,1.40,0.82,1.63,0.84,2,1,3,2,1,1,"37,75","23",7,1,1,0,2,1,0,1,1,2,16,5,5,4,11,1,19,10,53,47,0.00,0.00,0.00,0.00,1.80,34,67,24,9,0,15,62,29,62,6.36,5.58,2.22,3.12,3.95,0.00,0.00,0.00,0.00,0.00,0.00,Stade François Coty
1453750200,Jan 25 2016 - 7:30pm,complete,3761,Clermont,Le Havre,N/A,22,2.18,1.55,1.89,1.37,2,1,3,0,0,0,"47,49","87",8,3,2,0,4,0,0,2,1,3,14,7,9,3,5,4,15,24,54,46,0.00,0.00,0.00,0.00,2.78,60,73,60,36,14,27,78,46,82,8.20,3.18,2.41,3.24,3.32,0.00,0.00,0.00,0.00,0.00,0.00,Stade Gabriel Montpied (Clermont-Ferrand)
1454094000,Jan 29 2016 - 7:00pm,complete,13136,Nancy,Clermont,N/A,23,2.09,1.00,2.37,1.16,3,1,4,0,0,0,"63,75,84","51",4,2,0,0,3,1,0,0,0,4,11,5,5,2,6,3,12,15,58,42,0.00,0.00,0.00,0.00,3.02,63,72,58,38,15,43,67,58,82,12.04,3.95,1.62,3.84,6.75,0.00,0.00,0.00,0.00,0.00,0.00,Stade Marcel-Picot (Tomblaine)
1454094000,Jan 29 2016 - 7:00pm,complete,3568,Thonon Evian FC,Metz,N/A,23,1.09,1.50,1.16,1.47,0,1,1,1,0,1,"","4",4,1,2,0,6,0,1,1,1,5,12,5,7,4,5,1,17,22,58,42,0.00,0.00,0.00,0.00,2.14,44,67,38,19,0,28,67,24,81,8.32,4.80,2.54,3.15,3.19,0.00,0.00,0.00,0.00,0.00,0.00,Parc des Sports
1454094000,Jan 29 2016 - 7:00pm,complete,6369,Sochaux,Bourg-en-Bresse,N/A,23,1.18,0.70,1.32,0.74,1,1,2,2,1,1,"21","39",5,1,3,0,3,0,2,1,1,2,10,6,4,0,6,6,17,14,56,44,0.00,0.00,0.00,0.00,2.51,39,68,48,29,15,44,68,43,67,8.51,5.33,2.05,3.28,4.30,0.00,0.00,0.00,0.00,0.00,0.00,Stade Auguste-Bonal
1454094000,Jan 29 2016 - 7:00pm,complete,9231,Nîmes,Auxerre,N/A,23,1.45,1.09,1.74,1.21,2,1,3,1,1,0,"15,59","77",3,2,1,0,2,0,1,0,0,2,9,4,5,0,4,4,17,19,55,45,0.00,0.00,0.00,0.00,2.41,50,64,36,32,14,18,60,46,69,10.00,4.09,2.50,3.30,3.10,0.00,0.00,0.00,0.00,0.00,0.00,Stade des Costières
1454094000,Jan 29 2016 - 7:00pm,complete,8219,Brest,Paris,N/A,23,1.80,0.60,1.63,0.68,1,0,1,1,1,0,"32","",5,8,2,0,3,0,2,0,1,2,8,10,4,4,4,6,11,10,47,53,0.00,0.00,0.00,0.00,2.15,65,80,35,5,5,25,80,30,70,7.63,3.80,1.71,3.45,6.64,0.00,0.00,0.00,0.00,0.00,0.00,Stade Francis-Le Blé
1454094000,Jan 29 2016 - 7:00pm,complete,4347,Laval,Niort,N/A,23,1.60,1.20,1.42,1.11,0,0,0,0,0,0,"","",5,3,3,0,1,0,2,1,1,0,13,5,7,3,6,2,17,17,57,43,0.00,0.00,0.00,0.00,2.65,65,75,45,30,25,30,65,55,85,9.54,4.00,2.52,3.13,3.24,0.00,0.00,0.00,0.00,0.00,0.00,Stade Francis Le Basser
1454094000,Jan 29 2016 - 7:00pm,complete,4068,Tours,Ajaccio,N/A,23,1.50,0.64,1.37,0.58,1,1,2,1,0,1,"55","5",6,3,2,0,4,0,1,1,2,2,6,4,4,2,2,2,18,23,62,38,0.00,0.00,0.00,0.00,1.81,38,57,33,10,0,9,58,29,76,8.22,5.05,2.25,3.06,3.94,0.00,0.00,0.00,0.00,0.00,0.00,Stade de la Vallée du Cher
1454094000,Jan 29 2016 - 7:00pm,complete,1926,Créteil,Dijon,N/A,23,0.80,1.45,0.84,1.58,0,1,1,0,0,0,"","73",3,7,3,0,0,0,3,0,0,0,7,18,3,6,4,12,11,10,53,47,0.00,0.00,0.00,0.00,2.48,62,77,58,19,5,33,67,58,82,10.35,4.65,4.58,3.56,1.90,0.00,0.00,0.00,0.00,0.00,0.00,Stade Dominique Duvauchelle
1454094000,Jan 29 2016 - 7:00pm,complete,6578,Valenciennes,Red Star,N/A,23,0.91,1.82,1.05,1.89,0,0,0,0,0,0,"","",3,2,2,0,2,0,1,1,1,1,8,10,4,4,4,6,12,15,49,51,0.00,0.00,0.00,0.00,1.46,41,46,18,9,0,18,55,18,50,9.00,4.18,3.26,3.01,2.59,0.00,0.00,0.00,0.00,0.00,0.00,Stade du Hainaut
1454160600,Jan 30 2016 - 1:30pm,complete,11731,Le Havre,Lens,N/A,23,1.80,1.45,2.05,1.26,2,0,2,1,1,0,"14,84","",6,3,1,0,4,1,0,1,0,5,8,8,3,3,5,5,8,21,45,55,0.00,0.00,0.00,0.00,1.99,52,62,38,10,5,20,58,38,67,8.47,4.25,2.56,3.12,3.18,0.00,0.00,0.00,0.00,0.00,0.00,Stade Océane
1454355000,Feb 01 2016 - 7:30pm,complete,2580,Paris,Clermont,N/A,24,0.83,0.91,0.89,1.16,0,0,0,0,0,0,"","",5,4,1,0,0,0,1,0,0,0,7,12,3,8,4,4,9,9,52,48,0.00,0.00,0.00,0.00,2.52,62,70,45,27,9,22,57,49,79,9.26,5.56,3.58,3.10,2.36,0.00,0.00,0.00,0.00,0.00,0.00,Stade Sébastien-Charléty
1454443200,Feb 02 2016 - 8:00pm,complete,3404,Ajaccio,Nîmes,N/A,24,1.55,0.91,1.63,0.95,2,0,2,1,1,0,"25,86","",6,5,1,0,3,0,0,1,1,2,11,9,4,2,7,7,15,9,53,47,0.00,0.00,0.00,0.00,2.41,50,64,41,18,14,23,64,41,73,8.87,5.54,2.12,3.37,3.91,0.00,0.00,0.00,0.00,0.00,0.00,Stade François Coty
1454443200,Feb 02 2016 - 8:00pm,complete,6131,Auxerre,Thonon Evian FC,N/A,24,1.82,1.09,1.68,0.89,3,1,4,2,2,0,"10,19,76","88",1,5,2,0,1,0,2,0,1,0,8,10,4,9,4,1,16,7,52,48,0.00,0.00,0.00,0.00,2.41,55,69,50,23,14,23,64,55,69,8.00,4.09,2.13,3.22,4.10,0.00,0.00,0.00,0.00,0.00,0.00,Stade de l'Abbé Deschamps (Auxerre)
1454443200,Feb 02 2016 - 8:00pm,complete,3323,Niort,Nancy,N/A,24,1.00,1.82,1.11,1.53,0,0,0,0,0,0,"","",7,4,3,1,5,0,0,4,0,5,10,9,3,4,7,5,11,17,53,47,0.00,0.00,0.00,0.00,2.04,48,57,35,22,4,17,57,35,79,11.00,3.91,4.58,3.28,1.99,0.00,0.00,0.00,0.00,0.00,0.00,Stade René Gaillard (Niort)
1454443200,Feb 02 2016 - 8:00pm,complete,6847,Dijon,Valenciennes,N/A,24,2.36,1.27,2.11,1.26,1,0,1,1,1,0,"36","",4,7,2,0,1,0,1,1,1,0,10,7,3,3,7,4,10,11,50,50,0.00,0.00,0.00,0.00,2.46,36,69,46,27,14,36,64,41,73,8.87,4.55,1.43,4.51,9.41,0.00,0.00,0.00,0.00,0.00,0.00,Stade Gaston-Gérard
1454443200,Feb 02 2016 - 8:00pm,complete,1967,Bourg-en-Bresse,Tours,N/A,24,1.92,1.08,1.74,1.11,0,2,2,1,0,1,"","22,76",9,2,0,0,0,0,0,0,0,0,12,7,6,3,6,4,14,19,64,36,0.00,0.00,0.00,0.00,2.54,67,75,55,25,13,17,71,55,80,7.70,3.92,2.60,3.15,3.10,0.00,0.00,0.00,0.00,0.00,0.00,Stade Marcel-Verchère
1454443200,Feb 02 2016 - 8:00pm,complete,10927,Metz,Laval,N/A,24,1.75,1.00,1.95,0.89,1,0,1,1,1,0,"16","",4,5,0,0,1,0,0,0,0,1,9,9,6,4,3,5,14,15,43,57,0.00,0.00,0.00,0.00,2.00,42,59,38,17,13,17,55,42,59,10.50,4.33,1.83,3.35,5.61,0.00,0.00,0.00,0.00,0.00,0.00,Stade Saint-Symphorien
1454443200,Feb 02 2016 - 8:00pm,complete,20011,Lens,Brest,N/A,24,1.64,0.75,1.79,0.84,2,0,2,1,1,0,"28,90'3","",12,3,0,0,1,0,0,0,0,1,14,6,6,3,8,3,9,8,50,50,0.00,0.00,0.00,0.00,2.00,44,74,21,13,0,22,70,13,79,7.80,4.80,1.94,3.20,5.06,0.00,0.00,0.00,0.00,0.00,0.00,Stade Bollaert-Delelis
1454443200,Feb 02 2016 - 8:00pm,complete,1413,Red Star,Le Havre,N/A,24,1.36,1.42,1.47,1.37,2,1,3,1,1,0,"24,74","70",3,5,0,0,1,0,0,0,0,1,5,11,2,3,3,8,17,11,48,52,0.00,0.00,0.00,0.00,2.51,57,70,52,26,5,13,64,47,83,8.73,5.33,2.54,3.06,3.28,0.00,0.00,0.00,0.00,0.00,0.00,Stade Pierre Brisson
1454443200,Feb 02 2016 - 8:00pm,complete,1934,Créteil,Sochaux,N/A,24,0.73,0.64,0.84,0.89,1,1,2,0,0,0,"67","50",6,6,1,1,3,0,0,2,1,2,9,20,0,6,9,14,15,18,55,45,0.00,0.00,0.00,0.00,1.91,46,59,41,5,5,14,50,41,78,10.44,4.36,3.15,3.10,2.60,0.00,0.00,0.00,0.00,0.00,0.00,Stade Dominique Duvauchelle
1454698800,Feb 05 2016 - 7:00pm,complete,19152,Nancy,Metz,N/A,25,2.17,1.64,2.37,1.47,2,2,4,2,1,1,"21,46","38,90'1",3,2,2,0,2,0,1,1,1,1,11,6,8,0,3,6,14,17,57,43,0.00,0.00,0.00,0.00,2.42,53,66,43,26,4,30,66,38,74,11.44,4.51,1.75,3.56,5.75,0.00,0.00,0.00,0.00,0.00,0.00,Stade Marcel-Picot (Tomblaine)
1454698800,Feb 05 2016 - 7:00pm,complete,4162,Clermont,Auxerre,N/A,25,2.25,1.00,1.89,1.21,1,2,3,0,0,0,"74","66,85",8,4,0,0,1,0,0,0,1,0,10,11,4,7,6,4,15,15,54,46,0.00,0.00,0.00,0.00,2.54,55,63,50,33,21,17,63,38,75,8.33,3.25,2.02,3.45,4.16,0.00,0.00,0.00,0.00,0.00,0.00,Stade Gabriel Montpied (Clermont-Ferrand)
1454698800,Feb 05 2016 - 7:00pm,complete,3205,Thonon Evian FC,Paris,N/A,25,1.00,0.55,1.16,0.68,1,0,1,1,1,0,"19","",5,5,3,0,1,0,2,1,1,0,7,14,4,3,3,11,15,16,42,58,0.00,0.00,0.00,0.00,2.04,45,66,35,17,5,30,70,26,65,7.56,4.18,2.02,3.23,4.53,0.00,0.00,0.00,0.00,0.00,0.00,Parc des Sports
1454698800,Feb 05 2016 - 7:00pm,complete,6118,Sochaux,Red Star,N/A,25,1.17,1.75,1.32,1.89,1,2,3,1,1,0,"7","60,87",6,1,1,0,2,0,0,1,1,1,7,6,2,0,5,6,10,8,40,60,0.00,0.00,0.00,0.00,1.50,29,42,21,9,4,13,42,25,58,7.78,4.75,2.34,2.99,3.81,0.00,0.00,0.00,0.00,0.00,0.00,Stade Auguste-Bonal
1454698800,Feb 05 2016 - 7:00pm,complete,8076,Nîmes,Niort,N/A,25,1.58,1.18,1.74,1.11,1,0,1,0,0,0,"63","",2,5,1,0,1,0,0,1,0,1,21,9,9,3,12,6,15,18,48,52,0.00,0.00,0.00,0.00,2.43,66,78,39,22,13,26,57,61,70,9.57,3.84,2.46,3.35,3.12,0.00,0.00,0.00,0.00,0.00,0.00,Stade des Costières
1454698800,Feb 05 2016 - 7:00pm,complete,5497,Brest,Bourg-en-Bresse,N/A,25,1.91,0.73,1.63,0.74,2,1,3,1,1,0,"9,89","65",5,2,1,0,1,1,1,0,0,2,9,5,4,5,5,0,16,16,55,45,0.00,0.00,0.00,0.00,2.55,55,82,46,18,9,46,91,36,69,8.20,4.37,2.17,3.23,3.92,0.00,0.00,0.00,0.00,0.00,0.00,Stade Francis-Le Blé
1454698800,Feb 05 2016 - 7:00pm,complete,4234,Laval,Ajaccio,N/A,25,1.55,0.67,1.42,0.58,0,0,0,0,0,0,"","",4,2,1,0,3,0,1,0,1,2,8,9,4,5,4,4,17,13,53,47,0.00,0.00,0.00,0.00,2.28,49,66,39,22,14,22,61,35,87,9.92,5.41,2.56,3.04,3.27,0.00,0.00,0.00,0.00,0.00,0.00,Stade Francis Le Basser
1454698800,Feb 05 2016 - 7:00pm,complete,5181,Tours,Lens,N/A,25,1.45,1.33,1.37,1.26,0,1,1,0,0,0,"","90",6,6,2,0,3,0,0,2,1,2,5,5,2,3,3,2,15,15,43,57,0.00,0.00,0.00,0.00,1.95,52,65,35,9,0,4,61,39,74,8.57,4.31,2.47,3.03,3.45,0.00,0.00,0.00,0.00,0.00,0.00,Stade de la Vallée du Cher
1454698800,Feb 05 2016 - 7:00pm,complete,6439,Valenciennes,Créteil,N/A,25,0.92,1.08,1.05,0.95,2,2,4,3,2,1,"13,30","26,66",2,7,2,1,3,0,3,0,2,1,5,19,3,11,2,8,9,10,38,62,0.00,0.00,0.00,0.00,2.42,59,67,50,25,13,42,75,38,67,9.91,4.34,2.27,3.18,3.70,0.00,0.00,0.00,0.00,0.00,0.00,Stade du Hainaut
1454959800,Feb 08 2016 - 7:30pm,complete,7619,Le Havre,Dijon,N/A,25,1.91,1.58,2.05,1.58,0,2,2,0,0,0,"","57,58",2,6,2,0,1,0,1,1,1,0,9,9,4,3,5,6,15,11,55,45,0.00,0.00,0.00,0.00,2.08,47,61,39,17,5,39,66,30,70,10.03,3.98,2.90,3.09,2.80,0.00,0.00,0.00,0.00,0.00,0.00,Stade Océane
1455303600,Feb 12 2016 - 7:00pm,complete,3395,Ajaccio,Clermont,N/A,26,1.67,0.92,1.63,1.16,3,1,4,2,2,0,"3,43,55","83",1,5,2,0,1,0,2,0,1,0,5,11,2,7,3,4,14,12,47,53,0.00,0.00,0.00,0.00,2.42,59,71,42,21,9,29,63,42,71,8.59,5.42,2.37,3.17,3.47,0.00,0.00,0.00,0.00,0.00,0.00,Stade François Coty
1455303600,Feb 12 2016 - 7:00pm,complete,5928,Auxerre,Nancy,N/A,26,1.92,1.75,1.68,1.53,2,2,4,2,0,2,"48,54","5,9",7,5,1,0,1,1,1,0,1,1,10,13,8,9,2,4,11,7,58,42,0.00,0.00,0.00,0.00,2.13,50,59,42,21,4,13,54,46,75,10.09,4.09,3.12,3.18,2.56,0.00,0.00,0.00,0.00,0.00,0.00,Stade de l'Abbé Deschamps (Auxerre)
1455303600,Feb 12 2016 - 7:00pm,complete,3188,Niort,Brest,N/A,26,1.00,0.69,1.11,0.84,1,2,3,2,1,1,"43","31,69",7,1,3,0,1,1,2,1,1,1,8,9,3,4,5,5,13,14,60,40,0.00,0.00,0.00,0.00,2.00,39,66,31,19,4,19,62,27,73,7.89,4.30,2.21,3.15,3.92,0.00,0.00,0.00,0.00,0.00,0.00,Stade René Gaillard (Niort)
1455303600,Feb 12 2016 - 7:00pm,complete,7905,Dijon,Sochaux,N/A,26,2.42,0.67,2.11,0.89,2,2,4,1,0,1,"47,90'4","35,46",7,2,2,0,4,1,1,1,0,5,11,6,4,4,7,2,7,16,65,35,0.00,0.00,0.00,0.00,2.09,42,63,42,17,9,30,63,34,67,11.27,3.92,1.70,3.66,6.11,0.00,0.00,0.00,0.00,0.00,0.00,Stade Gaston-Gérard
1455303600,Feb 12 2016 - 7:00pm,complete,2595,Bourg-en-Bresse,Laval,N/A,26,1.77,0.92,1.74,0.89,0,0,0,0,0,0,"","",6,3,1,0,2,0,1,0,1,1,12,8,3,5,9,3,14,16,65,35,0.00,0.00,0.00,0.00,2.39,50,66,39,27,19,20,62,43,69,8.29,3.53,2.20,3.23,3.83,0.00,0.00,0.00,0.00,0.00,0.00,Stade Marcel-Verchère
1455303600,Feb 12 2016 - 7:00pm,complete,2866,Paris,Nîmes,N/A,26,0.85,0.83,0.89,0.95,0,0,0,0,0,0,"","",3,3,1,0,3,0,0,1,1,2,9,9,4,4,5,5,14,14,55,45,0.00,0.00,0.00,0.00,2.27,44,61,37,21,13,13,57,41,77,9.72,5.19,3.02,3.22,2.61,0.00,0.00,0.00,0.00,0.00,0.00,Stade Sébastien-Charléty
1455303600,Feb 12 2016 - 7:00pm,complete,1195,Red Star,Thonon Evian FC,N/A,26,1.50,1.00,1.47,0.89,2,2,4,0,0,0,"84,89","52,90'5",9,1,1,1,2,0,0,2,0,2,14,3,6,0,8,3,7,8,67,33,0.00,0.00,0.00,0.00,2.50,58,71,50,25,13,21,63,50,75,8.17,4.75,1.94,3.25,4.93,0.00,0.00,0.00,0.00,0.00,0.00,Stade Pierre Brisson
1455303600,Feb 12 2016 - 7:00pm,complete,2002,Créteil,Tours,N/A,26,0.75,1.23,0.84,1.11,2,2,4,2,0,2,"66,70","32,35",7,6,1,0,4,0,1,0,1,3,16,10,5,7,11,3,8,13,62,38,0.00,0.00,0.00,0.00,2.09,56,72,44,8,4,4,60,53,81,7.90,4.56,3.06,3.22,2.58,0.00,0.00,0.00,0.00,0.00,0.00,Stade Dominique Duvauchelle
1455368400,Feb 13 2016 - 1:00pm,complete,11232,Metz,Le Havre,N/A,26,1.85,1.31,1.95,1.37,0,1,1,0,0,0,"","57",7,6,1,0,3,0,1,0,3,0,9,8,4,3,5,5,11,11,55,45,0.00,0.00,0.00,0.00,2.50,54,70,62,23,4,23,77,58,74,10.59,4.23,2.10,3.29,4.08,0.00,0.00,0.00,0.00,0.00,0.00,Stade Saint-Symphorien
1455564600,Feb 15 2016 - 7:30pm,complete,36254,Lens,Valenciennes,N/A,26,1.75,1.17,1.79,1.26,0,1,1,1,0,1,"","32",10,3,0,0,5,1,0,0,0,6,16,6,7,4,9,2,9,21,66,34,0.00,0.00,0.00,0.00,1.96,38,63,17,13,4,25,63,17,75,9.66,5.00,1.61,3.73,7.37,0.00,0.00,0.00,0.00,0.00,0.00,Stade Bollaert-Delelis
1455908400,Feb 19 2016 - 7:00pm,complete,5313,Auxerre,Ajaccio,N/A,27,1.85,0.69,1.68,0.58,0,0,0,0,0,0,"","",6,4,2,0,4,0,1,1,1,3,12,8,7,6,5,2,11,14,52,48,0.00,0.00,0.00,0.00,2.16,50,66,43,20,4,19,58,43,77,8.62,5.31,2.45,3.05,3.46,0.00,0.00,0.00,0.00,0.00,0.00,Stade de l'Abbé Deschamps (Auxerre)
1455908400,Feb 19 2016 - 7:00pm,complete,14030,Nancy,Paris,N/A,27,2.08,0.50,2.37,0.68,3,2,5,1,0,1,"59,65,77","40,53",8,1,1,0,3,2,1,0,2,3,16,6,6,2,10,4,13,11,62,38,0.00,0.00,0.00,0.00,2.42,56,68,44,27,8,36,69,44,64,10.83,3.54,1.38,4.69,9.99,0.00,0.00,0.00,0.00,0.00,0.00,Stade Marcel-Picot (Tomblaine)
1455908400,Feb 19 2016 - 7:00pm,complete,3007,Clermont,Niort,N/A,27,2.08,1.08,1.89,1.11,2,1,3,0,0,0,"69,86","90'4",-1,-1,2,0,3,0,1,1,1,2,-1,-1,-1,-1,-1,-1,-1,-1,-1,-1,0.00,0.00,0.00,0.00,2.47,64,72,48,24,20,24,52,48,76,8.72,2.92,2.00,3.39,4.35,0.00,0.00,0.00,0.00,0.00,0.00,Stade Gabriel Montpied (Clermont-Ferrand)
1455908400,Feb 19 2016 - 7:00pm,complete,3414,Thonon Evian FC,Bourg-en-Bresse,N/A,27,1.15,0.67,1.16,0.74,1,1,2,2,1,1,"6","10",7,5,1,0,1,0,0,1,0,1,10,8,5,4,5,4,18,14,49,51,0.00,0.00,0.00,0.00,2.50,41,73,48,28,9,49,81,37,68,7.56,4.66,2.12,3.25,4.07,0.00,0.00,0.00,0.00,0.00,0.00,Parc des Sports
1455908400,Feb 19 2016 - 7:00pm,complete,8342,Sochaux,Lens,N/A,27,1.08,1.46,1.32,1.26,0,0,0,0,0,0,"","",4,2,0,0,1,0,0,0,0,1,11,13,4,7,7,6,9,14,47,53,0.00,0.00,0.00,0.00,2.04,46,62,38,12,4,16,54,42,70,8.89,5.31,2.63,2.95,3.27,0.00,0.00,0.00,0.00,0.00,0.00,Stade Auguste-Bonal
1455908400,Feb 19 2016 - 7:00pm,complete,5933,Brest,Red Star,N/A,27,2.00,1.85,1.63,1.89,0,1,1,0,0,0,"","61",4,6,3,0,3,0,0,3,1,2,7,18,2,11,5,7,13,12,45,55,0.00,0.00,0.00,0.00,1.70,45,57,29,0,0,9,65,28,69,7.60,3.67,2.19,3.05,4.15,0.00,0.00,0.00,0.00,0.00,0.00,Stade Francis-Le Blé
1455908400,Feb 19 2016 - 7:00pm,complete,4819,Laval,Dijon,N/A,27,1.50,1.69,1.42,1.58,2,2,4,2,0,2,"56,61","26,32",-1,-1,4,1,3,0,4,1,1,2,-1,-1,-1,-1,-1,-1,-1,-1,-1,-1,0.00,0.00,0.00,0.00,2.37,52,64,44,28,13,36,60,44,80,11.52,3.98,3.68,3.08,2.33,0.00,0.00,0.00,0.00,0.00,0.00,Stade Francis Le Basser
1455908400,Feb 19 2016 - 7:00pm,complete,4439,Tours,Valenciennes,N/A,27,1.33,1.31,1.37,1.26,1,0,1,1,1,0,"23","",-1,-1,2,0,2,0,0,2,1,1,-1,-1,-1,-1,-1,-1,-1,-1,-1,-1,0.00,0.00,0.00,0.00,1.80,33,48,24,12,4,12,56,28,69,8.09,4.59,1.76,3.45,5.93,0.00,0.00,0.00,0.00,0.00,0.00,Stade de la Vallée du Cher
1455973200,Feb 20 2016 - 1:00pm,complete,6328,Le Havre,Créteil,N/A,27,1.75,1.08,2.05,0.95,1,0,1,1,1,0,"41","",10,3,3,0,1,0,1,2,1,0,9,6,4,3,5,3,13,13,50,50,0.00,0.00,0.00,0.00,2.57,51,72,51,23,16,40,72,40,84,8.94,3.98,1.61,3.88,6.91,0.00,0.00,0.00,0.00,0.00,0.00,Stade Océane
1456169400,Feb 22 2016 - 7:30pm,complete,10085,Nîmes,Metz,N/A,27,1.69,1.58,1.74,1.47,2,1,3,1,1,0,"39,90'2","55",4,3,2,0,1,0,1,1,0,1,11,7,4,6,7,1,19,22,55,45,0.00,0.00,0.00,0.00,2.36,60,72,36,20,4,24,65,44,76,9.75,4.69,2.51,3.23,3.15,0.00,0.00,0.00,0.00,0.00,0.00,Stade des Costières
1456513200,Feb 26 2016 - 7:00pm,complete,3465,Ajaccio,Nancy,N/A,28,1.77,1.69,1.63,1.53,2,1,3,2,1,1,"23,76","13",5,4,2,0,1,0,1,1,1,0,7,6,3,4,4,2,15,11,57,43,0.00,0.00,0.00,0.00,1.96,46,62,35,16,0,23,62,35,70,9.53,5.15,3.93,3.12,2.22,0.00,0.00,0.00,0.00,0.00,0.00,Stade François Coty
1456513200,Feb 26 2016 - 7:00pm,complete,3250,Niort,Le Havre,N/A,28,0.93,1.43,1.11,1.37,0,0,0,0,0,0,"","",6,6,1,0,3,0,1,0,2,1,9,13,2,5,7,8,12,14,47,53,0.00,0.00,0.00,0.00,2.32,54,64,50,25,4,25,68,43,79,9.54,4.57,2.59,3.12,3.14,0.00,0.00,0.00,0.00,0.00,0.00,Stade René Gaillard (Niort)
1456513200,Feb 26 2016 - 7:00pm,complete,7443,Dijon,Tours,N/A,28,2.31,1.21,2.11,1.11,3,0,3,1,1,0,"27,75,88","",5,4,1,0,3,0,0,1,2,1,7,5,4,2,3,3,12,13,54,46,0.00,0.00,0.00,0.00,2.39,52,74,53,26,8,23,78,45,70,8.94,4.13,1.76,3.52,5.80,0.00,0.00,0.00,0.00,0.00,0.00,Stade Gaston-Gérard
1456513200,Feb 26 2016 - 7:00pm,complete,2196,Bourg-en-Bresse,Clermont,N/A,28,1.71,0.85,1.74,1.16,1,2,3,2,1,1,"38","45,90'2",3,3,1,1,2,0,0,2,2,0,5,11,2,7,3,4,11,21,50,50,0.00,0.00,0.00,0.00,3.04,71,78,60,41,18,34,67,60,86,9.15,3.67,2.42,3.37,3.17,0.00,0.00,0.00,0.00,0.00,0.00,Stade Marcel-Verchère
1456513200,Feb 26 2016 - 7:00pm,complete,10457,Metz,Brest,N/A,28,1.71,0.86,1.95,0.84,2,2,4,4,2,2,"27,42","13,34",2,3,1,0,2,0,1,0,1,1,15,6,6,2,9,4,9,13,50,50,0.00,0.00,0.00,0.00,2.14,40,68,43,14,4,21,68,36,72,9.14,4.07,2.16,3.11,4.15,0.00,0.00,0.00,0.00,0.00,0.00,Stade Saint-Symphorien
1456513200,Feb 26 2016 - 7:00pm,complete,3389,Paris,Auxerre,N/A,28,0.86,1.15,0.89,1.21,2,2,4,1,0,1,"57,81","10,67",8,2,1,0,2,1,0,1,1,2,20,6,11,3,9,3,9,13,62,38,0.00,0.00,0.00,0.00,1.87,41,52,34,19,8,8,53,34,63,8.39,4.79,3.06,2.99,2.75,0.00,0.00,0.00,0.00,0.00,0.00,Stade Sébastien-Charléty
1456513200,Feb 26 2016 - 7:00pm,complete,2035,Créteil,Laval,N/A,28,0.77,0.93,0.84,0.89,0,0,0,0,0,0,"","",7,1,3,0,1,1,1,2,0,2,9,6,5,4,4,2,14,12,63,37,0.00,0.00,0.00,0.00,1.98,46,60,34,15,11,11,49,45,68,8.35,4.37,2.82,3.13,2.85,0.00,0.00,0.00,0.00,0.00,0.00,Stade Dominique Duvauchelle
1456513200,Feb 26 2016 - 7:00pm,complete,6824,Valenciennes,Sochaux,N/A,28,0.92,0.69,1.05,0.89,2,2,4,2,1,1,"34,75","22,55",6,5,1,0,2,0,0,1,0,2,9,11,4,6,5,5,9,12,60,40,0.00,0.00,0.00,0.00,1.73,50,54,31,16,0,27,58,23,54,10.58,4.69,3.06,2.94,2.79,0.00,0.00,0.00,0.00,0.00,0.00,Stade du Hainaut
1456578000,Feb 27 2016 - 1:00pm,complete,2578,Red Star,Nîmes,N/A,28,1.46,0.85,1.47,0.95,1,0,1,0,0,0,"50","",2,2,1,0,1,1,0,1,1,1,13,8,7,3,6,5,15,14,60,40,0.00,0.00,0.00,0.00,2.62,54,66,46,27,16,8,54,46,85,9.81,5.15,2.20,3.28,3.76,0.00,0.00,0.00,0.00,0.00,0.00,Stade Pierre Brisson
1456774200,Feb 29 2016 - 7:30pm,complete,23011,Lens,Thonon Evian FC,N/A,28,1.62,1.00,1.79,0.89,1,0,1,1,1,0,"10","",3,4,0,0,1,1,0,0,1,1,6,6,3,4,3,2,13,10,58,42,0.00,0.00,0.00,0.00,2.31,54,73,35,23,8,31,73,31,73,9.38,4.23,1.86,3.36,5.25,0.00,0.00,0.00,0.00,0.00,0.00,Stade Bollaert-Delelis
1457118000,Mar 04 2016 - 7:00pm,complete,2915,Ajaccio,Paris,N/A,29,1.86,0.46,1.63,0.68,0,0,0,0,0,0,"","",8,4,0,0,2,0,0,0,0,2,11,8,2,5,9,3,10,10,59,41,0.00,0.00,0.00,0.00,2.08,56,70,34,11,8,30,74,30,59,7.83,5.32,1.68,3.50,6.92,0.00,0.00,0.00,0.00,0.00,0.00,Stade François Coty
1457118000,Mar 04 2016 - 7:00pm,complete,4474,Auxerre,Niort,N/A,29,1.79,1.00,1.68,1.11,1,1,2,2,1,1,"32","27",5,9,3,0,2,0,2,1,1,1,9,10,4,6,5,4,13,11,53,47,0.00,0.00,0.00,0.00,2.26,60,67,44,22,11,22,52,56,70,8.48,3.94,2.21,3.17,3.89,0.00,0.00,0.00,0.00,0.00,0.00,Stade de l'Abbé Deschamps (Auxerre)
1457118000,Mar 04 2016 - 7:00pm,complete,3426,Thonon Evian FC,Dijon,N/A,29,1.14,1.64,1.16,1.58,1,2,3,2,0,2,"65","3,6",6,11,1,0,1,0,1,0,1,0,7,11,2,3,5,8,14,9,50,50,0.00,0.00,0.00,0.00,2.22,43,64,43,25,0,43,68,36,72,9.83,4.21,3.14,3.12,2.59,0.00,0.00,0.00,0.00,0.00,0.00,Parc des Sports
1457118000,Mar 04 2016 - 7:00pm,complete,6384,Le Havre,Valenciennes,N/A,29,1.85,1.21,2.05,1.26,3,2,5,3,2,1,"21,41,46","12,88",6,3,1,0,1,0,0,1,0,1,10,7,3,2,7,5,11,14,55,45,0.00,0.00,0.00,0.00,1.82,26,49,22,11,8,22,60,26,60,8.16,4.71,1.68,3.55,6.81,0.00,0.00,0.00,0.00,0.00,0.00,Stade Océane
1457118000,Mar 04 2016 - 7:00pm,complete,7629,Nîmes,Bourg-en-Bresse,N/A,29,1.79,0.69,1.74,0.74,1,1,2,2,1,1,"43","14",8,4,5,0,3,0,2,3,1,2,14,9,8,4,6,5,21,13,57,43,0.00,0.00,0.00,0.00,2.75,63,86,49,26,11,45,75,55,71,9.46,4.17,2.08,3.49,3.88,0.00,0.00,0.00,0.00,0.00,0.00,Stade des Costières
1457118000,Mar 04 2016 - 7:00pm,complete,5418,Brest,Créteil,N/A,29,1.85,1.00,1.63,0.95,2,1,3,2,1,1,"29,81","13",8,2,0,0,1,0,0,0,1,0,11,11,5,6,6,5,12,15,52,48,0.00,0.00,0.00,0.00,2.61,59,74,55,18,11,33,86,41,85,9.06,3.91,1.79,3.50,5.49,0.00,0.00,0.00,0.00,0.00,0.00,Stade Francis-Le Blé
1457118000,Mar 04 2016 - 7:00pm,complete,4895,Laval,Lens,N/A,29,1.46,1.43,1.42,1.26,1,1,2,1,0,1,"83","6",8,6,2,0,1,0,1,1,1,0,5,10,2,4,3,6,15,8,51,49,0.00,0.00,0.00,0.00,2.24,52,63,41,23,12,19,56,45,78,9.97,4.65,2.78,2.98,3.03,0.00,0.00,0.00,0.00,0.00,0.00,Stade Francis Le Basser
1457182800,Mar 05 2016 - 1:00pm,complete,15276,Nancy,Red Star,N/A,29,2.14,1.93,2.37,1.89,2,0,2,1,1,0,"42,74","",13,2,2,0,1,1,1,1,1,1,17,8,6,3,11,5,12,7,66,34,0.00,0.00,0.00,0.00,2.14,43,54,39,25,7,22,50,43,72,10.43,3.50,1.70,3.58,6.35,0.00,0.00,0.00,0.00,0.00,0.00,Stade Marcel-Picot (Tomblaine)
1457182800,Mar 05 2016 - 1:00pm,complete,4251,Tours,Sochaux,N/A,29,1.46,0.71,1.37,0.89,1,0,1,0,0,0,"87","",0,5,0,0,1,0,0,0,0,1,10,4,5,2,5,2,14,20,52,48,0.00,0.00,0.00,0.00,1.74,44,52,30,11,0,11,56,30,70,10.01,4.12,2.22,3.05,4.05,0.00,0.00,0.00,0.00,0.00,0.00,Stade de la Vallée du Cher
1457379000,Mar 07 2016 - 7:30pm,complete,3836,Clermont,Metz,N/A,29,2.14,1.46,1.89,1.47,2,1,3,2,1,1,"15,83","12",8,5,1,0,2,0,0,1,0,2,8,14,3,6,5,8,11,13,54,46,0.00,0.00,0.00,0.00,2.55,67,74,51,22,11,22,64,41,82,8.99,3.85,2.21,3.30,3.71,0.00,0.00,0.00,0.00,0.00,0.00,Stade Gabriel Montpied (Clermont-Ferrand)
1457722800,Mar 11 2016 - 7:00pm,complete,3534,Niort,Paris,N/A,30,0.93,0.50,1.11,0.68,2,1,3,1,0,1,"58,90","7",5,3,4,0,4,1,1,3,1,4,17,4,6,2,11,2,14,19,64,36,0.00,0.00,0.00,0.00,1.94,52,59,31,17,11,24,62,28,59,9.35,4.56,1.85,3.36,5.37,0.00,0.00,0.00,0.00,0.00,0.00,Stade René Gaillard (Niort)
1457722800,Mar 11 2016 - 7:00pm,complete,2356,Bourg-en-Bresse,Nancy,N/A,30,1.60,1.57,1.74,1.53,2,0,2,1,1,0,"10,90","",-1,-1,0,0,2,0,0,0,2,0,-1,-1,-1,-1,-1,-1,-1,-1,-1,-1,0.00,0.00,0.00,0.00,2.50,59,69,52,27,10,27,65,45,83,10.08,3.54,4.16,3.39,2.04,0.00,0.00,0.00,0.00,0.00,0.00,Stade Marcel-Verchère
1457722800,Mar 11 2016 - 7:00pm,complete,10694,Metz,Ajaccio,N/A,30,1.67,0.71,1.95,0.58,3,2,5,3,1,2,"27,66,80","5,38",6,10,2,1,3,0,3,0,2,1,7,13,6,6,1,7,9,15,55,45,0.00,0.00,0.00,0.00,1.96,42,59,41,14,4,21,59,34,66,10.39,5.30,2.17,3.17,4.02,0.00,0.00,0.00,0.00,0.00,0.00,Stade Saint-Symphorien
1457722800,Mar 11 2016 - 7:00pm,complete,12606,Sochaux,Le Havre,N/A,30,1.07,1.40,1.32,1.37,1,0,1,0,0,0,"72","",5,4,2,0,3,1,1,1,1,3,7,8,3,2,4,6,18,15,57,43,0.00,0.00,0.00,0.00,2.17,45,59,48,21,4,21,62,45,69,8.54,4.83,2.57,3.04,3.25,0.00,0.00,0.00,0.00,0.00,0.00,Stade Auguste-Bonal
1457722800,Mar 11 2016 - 7:00pm,complete,23448,Lens,Clermont,N/A,30,1.71,1.00,1.79,1.16,1,1,2,0,0,0,"52","55",2,4,1,0,1,0,0,1,0,1,5,6,3,2,2,4,18,7,50,50,0.00,0.00,0.00,0.00,2.47,61,72,36,25,7,32,72,29,79,10.28,4.29,2.12,3.33,3.95,0.00,0.00,0.00,0.00,0.00,0.00,Stade Bollaert-Delelis
1457722800,Mar 11 2016 - 7:00pm,complete,4726,Tours,Laval,N/A,30,1.57,0.93,1.37,0.89,1,1,2,0,0,0,"68","90'4",2,4,3,0,2,0,1,2,1,1,5,10,2,6,3,4,13,13,47,53,0.00,0.00,0.00,0.00,1.49,32,42,17,10,7,4,49,21,56,7.44,3.70,1.95,3.18,5.04,0.00,0.00,0.00,0.00,0.00,0.00,Stade de la Vallée du Cher
1457722800,Mar 11 2016 - 7:00pm,complete,1917,Créteil,Thonon Evian FC,N/A,30,0.79,0.93,0.84,0.89,0,0,0,0,0,0,"","",11,8,3,0,2,1,2,1,0,3,10,10,6,6,4,4,11,5,58,42,0.00,0.00,0.00,0.00,2.47,57,71,54,25,11,25,61,61,75,8.14,4.36,2.44,3.28,3.22,0.00,0.00,0.00,0.00,0.00,0.00,Stade Dominique Duvauchelle
1457722800,Mar 11 2016 - 7:00pm,complete,6625,Valenciennes,Brest,N/A,30,0.93,0.87,1.05,0.84,0,1,1,0,0,0,"","74",9,4,1,1,3,0,0,2,0,3,17,10,10,2,7,8,16,13,52,48,0.00,0.00,0.00,0.00,2.10,49,69,38,25,0,35,72,21,58,7.41,4.34,2.94,3.06,2.79,0.00,0.00,0.00,0.00,0.00,0.00,Stade du Hainaut
1457787600,Mar 12 2016 - 1:00pm,complete,8214,Dijon,Nîmes,N/A,30,2.36,0.79,2.11,0.95,0,1,1,1,0,1,"","7",8,3,2,0,1,0,1,1,1,0,10,5,6,2,4,3,16,13,63,37,0.00,0.00,0.00,0.00,2.72,43,68,54,33,18,25,72,47,79,9.85,4.14,1.65,3.83,6.28,0.00,0.00,0.00,0.00,0.00,0.00,Stade Gaston-Gérard
1457983800,Mar 14 2016 - 7:30pm,complete,2588,Red Star,Auxerre,N/A,30,1.57,1.14,1.47,1.21,0,2,2,1,0,1,"","19,53",7,6,2,0,2,0,1,1,1,1,10,12,4,8,6,4,14,15,54,46,0.00,0.00,0.00,0.00,2.40,54,61,47,29,11,4,54,43,79,8.43,4.78,2.12,3.23,4.10,0.00,0.00,0.00,0.00,0.00,0.00,Stade Pierre Brisson
1458327600,Mar 18 2016 - 7:00pm,complete,3486,Ajaccio,Niort,N/A,31,1.80,1.00,1.63,1.11,2,0,2,0,0,0,"59,83","",6,3,3,0,1,0,1,2,1,0,11,8,7,2,4,6,13,13,54,46,0.00,0.00,0.00,0.00,2.01,56,69,35,11,7,31,59,39,62,8.47,4.74,2.14,3.16,4.14,0.00,0.00,0.00,0.00,0.00,0.00,Stade François Coty
1458327600,Mar 18 2016 - 7:00pm,complete,4957,Auxerre,Bourg-en-Bresse,N/A,31,1.73,0.71,1.68,0.74,1,2,3,0,0,0,"90","82,85",6,12,2,0,1,0,1,1,0,1,10,11,3,8,7,3,6,10,40,60,0.00,0.00,0.00,0.00,2.60,62,80,49,28,11,49,77,48,62,8.70,4.43,2.10,3.37,3.96,0.00,0.00,0.00,0.00,0.00,0.00,Stade de l'Abbé Deschamps (Auxerre)
1458327600,Mar 18 2016 - 7:00pm,complete,4443,Thonon Evian FC,Sochaux,N/A,31,1.07,0.67,1.16,0.89,0,0,0,0,0,0,"","",2,7,2,0,2,0,1,1,1,1,4,14,2,3,2,11,6,13,52,48,0.00,0.00,0.00,0.00,1.94,40,57,37,17,0,30,60,27,70,9.70,4.26,2.59,3.02,3.25,0.00,0.00,0.00,0.00,0.00,0.00,Parc des Sports
1458327600,Mar 18 2016 - 7:00pm,complete,6533,Le Havre,Tours,N/A,31,1.93,1.13,2.05,1.11,2,0,2,2,2,0,"14,17","",5,10,3,0,1,0,0,3,0,1,13,9,7,7,6,2,15,12,48,52,0.00,0.00,0.00,0.00,2.04,45,65,38,14,7,18,69,38,69,8.11,4.19,2.12,3.12,4.29,0.00,0.00,0.00,0.00,0.00,0.00,Stade Océane
1458327600,Mar 18 2016 - 7:00pm,complete,10013,Nîmes,Créteil,N/A,31,1.73,0.93,1.74,0.95,1,3,4,0,0,0,"80","49,66,75",7,1,1,0,2,0,0,1,1,1,15,5,8,0,7,5,12,14,48,52,0.00,0.00,0.00,0.00,2.83,67,80,57,27,14,40,74,54,83,10.34,4.00,2.07,3.42,4.00,0.00,0.00,0.00,0.00,0.00,0.00,Stade des Costières
1458327600,Mar 18 2016 - 7:00pm,complete,3216,Paris,Metz,N/A,31,0.87,1.36,0.89,1.47,1,2,3,0,0,0,"60","64,74",7,8,2,0,1,0,1,1,1,0,19,8,11,0,8,8,8,4,57,43,0.00,0.00,0.00,0.00,1.95,52,62,35,14,0,18,63,31,70,9.05,5.32,3.37,3.11,2.46,0.00,0.00,0.00,0.00,0.00,0.00,Stade Sébastien-Charléty
1458327600,Mar 18 2016 - 7:00pm,complete,7057,Brest,Dijon,N/A,31,1.93,1.73,1.63,1.58,0,0,0,0,0,0,"","",2,6,1,0,3,0,0,1,1,2,10,9,4,2,6,7,10,16,46,54,0.00,0.00,0.00,0.00,2.31,59,72,48,14,0,37,77,38,80,10.76,3.77,3.63,3.10,2.34,0.00,0.00,0.00,0.00,0.00,0.00,Stade Francis-Le Blé
1458327600,Mar 18 2016 - 7:00pm,complete,5376,Laval,Valenciennes,N/A,31,1.43,1.13,1.42,1.26,0,3,3,1,0,1,"","28,74,85",2,2,1,0,1,0,0,1,1,0,7,6,3,0,4,6,13,17,51,49,0.00,0.00,0.00,0.00,2.29,42,56,35,28,17,28,62,38,73,9.50,4.80,2.14,3.13,4.19,0.00,0.00,0.00,0.00,0.00,0.00,Stade Francis Le Basser
1458392400,Mar 19 2016 - 1:00pm,complete,15471,Nancy,Lens,N/A,31,2.20,1.40,2.37,1.26,1,0,1,0,0,0,"76","",5,3,4,0,3,0,1,3,1,2,11,8,4,5,7,3,10,13,58,42,0.00,0.00,0.00,0.00,2.47,53,70,47,27,7,24,60,50,77,11.74,3.94,1.81,3.49,5.40,0.00,0.00,0.00,0.00,0.00,0.00,Stade Marcel-Picot (Tomblaine)
1458588600,Mar 21 2016 - 7:30pm,complete,6043,Clermont,Red Star,N/A,31,2.20,1.80,1.89,1.89,0,2,2,0,0,0,"","62,89",3,2,3,0,1,0,1,2,0,1,16,7,6,2,10,5,16,11,48,52,0.00,0.00,0.00,0.00,2.07,50,60,40,14,10,14,47,34,77,8.65,3.13,2.08,3.23,4.26,0.00,0.00,0.00,0.00,0.00,0.00,Stade Gabriel Montpied (Clermont-Ferrand)
1459533600,Apr 01 2016 - 6:00pm,complete,2308,Bourg-en-Bresse,Ajaccio,N/A,32,1.69,0.67,1.74,0.58,3,0,3,0,0,0,"58,59,88","",5,5,1,0,2,1,0,1,2,1,6,5,2,3,4,2,13,18,59,41,0.00,0.00,0.00,0.00,2.38,52,71,45,22,13,26,64,39,81,8.99,4.78,2.36,3.14,3.53,0.00,0.00,0.00,0.00,0.00,0.00,Stade Marcel-Verchère
1459533600,Apr 01 2016 - 6:00pm,complete,11043,Metz,Niort,N/A,32,1.75,0.93,1.95,1.11,2,0,2,1,1,0,"37,58","",9,6,0,0,1,0,0,0,0,1,12,11,7,4,5,7,14,11,48,52,0.00,0.00,0.00,0.00,2.29,55,68,45,19,13,29,58,52,65,10.48,3.94,2.10,3.24,4.16,0.00,0.00,0.00,0.00,0.00,0.00,Stade Saint-Symphorien
1459533600,Apr 01 2016 - 6:00pm,complete,10621,Sochaux,Nîmes,N/A,32,1.20,0.93,1.32,0.95,0,0,0,0,0,0,"","",6,7,2,0,3,0,0,2,1,2,16,12,9,4,7,8,10,7,53,47,0.00,0.00,0.00,0.00,2.17,37,50,37,20,14,17,54,37,70,8.78,4.73,1.85,3.38,5.26,0.00,0.00,0.00,0.00,0.00,0.00,Stade Auguste-Bonal
1459533600,Apr 01 2016 - 6:00pm,complete,7320,Le Havre,Laval,N/A,32,2.00,0.94,2.05,0.89,2,0,2,0,0,0,"84,89","",5,4,1,0,2,0,0,1,1,1,6,8,3,3,3,5,19,13,54,46,0.00,0.00,0.00,0.00,1.72,32,52,20,13,13,20,53,26,52,8.04,4.00,1.68,3.52,6.92,0.00,0.00,0.00,0.00,0.00,0.00,Stade Océane
1459533600,Apr 01 2016 - 6:00pm,complete,23005,Lens,Auxerre,N/A,32,1.67,1.27,1.79,1.21,3,0,3,1,1,0,"38,78,89","",5,4,1,0,1,1,0,1,2,0,11,6,5,3,6,3,9,6,60,40,0.00,0.00,0.00,0.00,2.10,47,64,27,20,7,14,70,24,73,9.40,4.13,2.09,3.16,4.33,0.00,0.00,0.00,0.00,0.00,0.00,Stade Bollaert-Delelis
1459533600,Apr 01 2016 - 6:00pm,complete,5277,Tours,Brest,N/A,32,1.53,1.00,1.37,0.84,2,1,3,0,0,0,"47,79","77",5,5,2,0,1,0,0,2,0,1,9,14,5,7,4,7,14,10,45,55,0.00,0.00,0.00,0.00,1.90,39,61,29,13,0,13,61,23,74,6.38,3.92,2.29,3.02,3.87,0.00,0.00,0.00,0.00,0.00,0.00,Stade de la Vallée du Cher
1459533600,Apr 01 2016 - 6:00pm,complete,2109,Créteil,Clermont,N/A,32,0.80,1.00,0.84,1.16,0,3,3,1,0,1,"","45'1,79,86",3,6,3,0,1,0,1,2,0,1,11,8,5,4,6,4,3,7,53,47,0.00,0.00,0.00,0.00,2.60,67,74,54,27,10,27,54,60,84,9.60,4.53,2.58,3.31,2.98,0.00,0.00,0.00,0.00,0.00,0.00,Stade Dominique Duvauchelle
1459533600,Apr 01 2016 - 6:00pm,complete,14193,Valenciennes,Thonon Evian FC,N/A,32,0.87,0.93,1.05,0.89,1,0,1,0,0,0,"57","",3,6,2,0,1,0,0,2,1,0,8,7,5,4,3,3,13,11,55,45,0.00,0.00,0.00,0.00,2.17,53,60,43,30,7,37,67,37,54,8.80,4.33,2.43,3.09,3.44,0.00,0.00,0.00,0.00,0.00,0.00,Stade du Hainaut
1459598400,Apr 02 2016 - 12:00pm,complete,10466,Dijon,Nancy,N/A,32,2.20,1.47,2.11,1.53,0,0,0,0,0,0,"","",7,5,3,0,4,0,1,2,3,1,9,4,3,3,6,1,10,9,51,49,0.00,0.00,0.00,0.00,2.37,44,67,50,27,7,27,74,40,74,11.00,3.86,2.44,3.11,3.40,0.00,0.00,0.00,0.00,0.00,0.00,Stade Gaston-Gérard
1459794600,Apr 04 2016 - 6:30pm,complete,3012,Red Star,Paris,N/A,32,1.47,0.47,1.47,0.68,2,4,6,3,1,2,"20,63","6,37,68,76",2,5,1,0,1,0,0,1,1,0,10,10,3,4,7,6,8,17,52,48,0.00,0.00,0.00,0.00,2.20,57,67,37,17,10,10,60,37,70,8.80,5.20,1.65,3.63,7.04,0.00,0.00,0.00,0.00,0.00,0.00,Stade Pierre Brisson
1460138400,Apr 08 2016 - 6:00pm,complete,3522,Ajaccio,Red Star,N/A,33,1.88,1.88,1.63,1.89,1,2,3,1,1,0,"43","57,90'3",4,3,4,0,4,0,0,4,2,2,12,9,2,4,10,5,12,11,55,45,0.00,0.00,0.00,0.00,1.60,35,57,22,3,0,16,51,28,66,7.75,4.75,2.51,3.00,3.40,0.00,0.00,0.00,0.00,0.00,0.00,Stade François Coty
1460138400,Apr 08 2016 - 6:00pm,complete,5078,Auxerre,Metz,N/A,33,1.63,1.47,1.68,1.47,4,0,4,1,1,0,"45'1,53,77,90'4","",8,7,3,0,3,0,1,2,1,2,15,17,10,9,5,8,13,12,45,55,0.00,0.00,0.00,0.00,2.36,65,71,49,19,3,26,65,45,75,9.23,4.61,2.61,3.23,3.01,0.00,0.00,0.00,0.00,0.00,0.00,Stade de l'Abbé Deschamps (Auxerre)
1460138400,Apr 08 2016 - 6:00pm,complete,4951,Niort,Lens,N/A,33,1.06,1.31,1.11,1.26,0,1,1,0,0,0,"","77",5,8,3,0,1,0,0,3,0,1,16,6,4,3,12,3,14,15,52,48,0.00,0.00,0.00,0.00,1.91,50,60,35,13,3,16,53,35,72,9.86,4.75,2.85,3.10,2.85,0.00,0.00,0.00,0.00,0.00,0.00,Stade René Gaillard (Niort)
1460138400,Apr 08 2016 - 6:00pm,complete,3390,Thonon Evian FC,Tours,N/A,33,1.06,1.06,1.16,1.11,0,0,0,0,0,0,"","",8,4,0,0,2,0,0,0,0,2,8,3,2,2,6,1,14,17,59,41,0.00,0.00,0.00,0.00,2.00,41,66,41,16,0,26,72,32,66,7.94,4.25,2.46,3.03,3.45,0.00,0.00,0.00,0.00,0.00,0.00,Parc des Sports
1460138400,Apr 08 2016 - 6:00pm,complete,9018,Nîmes,Valenciennes,N/A,33,1.63,1.25,1.74,1.26,2,0,2,0,0,0,"67,70","",8,4,3,0,0,2,0,3,1,1,18,5,7,2,11,3,16,8,58,42,0.00,0.00,0.00,0.00,2.38,47,66,38,22,10,25,60,51,69,9.34,4.51,2.15,3.32,3.85,0.00,0.00,0.00,0.00,0.00,0.00,Stade des Costières
1460138400,Apr 08 2016 - 6:00pm,complete,2426,Paris,Bourg-en-Bresse,N/A,33,0.81,0.87,0.89,0.74,2,0,2,2,2,0,"5,19","",2,3,3,0,3,0,1,2,2,1,8,9,0,4,8,5,17,12,43,57,0.00,0.00,0.00,0.00,2.28,56,75,42,20,7,37,66,43,62,9.61,4.90,2.54,3.15,3.19,0.00,0.00,0.00,0.00,0.00,0.00,Stade Sébastien-Charléty
1460138400,Apr 08 2016 - 6:00pm,complete,6113,Brest,Le Havre,N/A,33,1.87,1.31,1.63,1.37,0,0,0,0,0,0,"","",6,2,1,0,2,0,0,1,1,1,12,11,6,5,6,6,16,21,56,44,0.00,0.00,0.00,0.00,2.19,52,65,48,13,0,20,75,39,77,8.50,4.10,2.59,3.08,3.18,0.00,0.00,0.00,0.00,0.00,0.00,Stade Francis-Le Blé
1460138400,Apr 08 2016 - 6:00pm,complete,5218,Laval,Sochaux,N/A,33,1.33,0.69,1.42,0.89,1,2,3,1,0,1,"90'4","18,90'1",6,2,1,0,3,0,1,0,2,1,11,3,7,0,4,3,14,11,48,52,0.00,0.00,0.00,0.00,2.11,49,59,39,23,10,23,56,39,78,11.24,4.31,3.21,2.97,2.65,0.00,0.00,0.00,0.00,0.00,0.00,Stade Francis Le Basser
1460203200,Apr 09 2016 - 12:00pm,complete,7404,Clermont,Dijon,N/A,33,2.06,1.69,1.89,1.58,2,3,5,1,1,0,"41,65","48,55,83",0,6,1,0,2,0,1,0,0,2,10,6,5,3,5,3,15,19,49,51,0.00,0.00,0.00,0.00,2.56,63,75,57,25,10,38,57,47,82,11.28,3.32,3.17,3.13,2.56,0.00,0.00,0.00,0.00,0.00,0.00,Stade Gabriel Montpied (Clermont-Ferrand)
1460399400,Apr 11 2016 - 6:30pm,complete,16919,Nancy,Créteil,N/A,33,2.25,1.06,2.37,0.95,1,0,1,0,0,0,"87","",16,3,0,0,0,0,0,0,0,0,17,7,9,4,8,3,9,7,63,37,0.00,0.00,0.00,0.00,3.04,60,75,66,41,16,44,72,53,88,11.56,3.69,1.49,4.52,7.62,0.00,0.00,0.00,0.00,0.00,0.00,Stade Marcel-Picot (Tomblaine)
1460743200,Apr 15 2016 - 6:00pm,complete,3373,Bourg-en-Bresse,Metz,N/A,34,1.76,1.38,1.74,1.47,0,3,3,2,0,2,"","5,11,56",6,2,3,0,2,0,1,2,2,0,12,7,6,5,6,2,18,15,55,45,0.00,0.00,0.00,0.00,2.66,61,79,55,24,9,27,73,46,85,9.23,3.98,2.97,3.17,2.68,0.00,0.00,0.00,0.00,0.00,0.00,Stade Marcel-Verchère
1460743200,Apr 15 2016 - 6:00pm,complete,10042,Sochaux,Brest,N/A,34,1.19,0.94,1.32,0.84,2,1,3,3,2,1,"21,33","30",2,3,1,0,1,0,0,1,1,0,7,11,6,8,1,3,11,7,46,54,0.00,0.00,0.00,0.00,1.97,36,60,36,16,3,22,55,28,66,7.20,4.56,1.79,3.34,5.99,0.00,0.00,0.00,0.00,0.00,0.00,Stade Auguste-Bonal
1460743200,Apr 15 2016 - 6:00pm,complete,30206,Lens,Ajaccio,N/A,34,1.75,0.63,1.79,0.58,2,0,2,0,0,0,"46,50","",7,3,0,0,2,0,0,0,1,1,15,9,9,7,6,2,6,9,62,38,0.00,0.00,0.00,0.00,1.91,41,66,26,10,3,19,63,22,75,10.06,5.38,2.04,3.17,4.54,0.00,0.00,0.00,0.00,0.00,0.00,Stade Bollaert-Delelis
1460743200,Apr 15 2016 - 6:00pm,complete,1304,Red Star,Niort,N/A,34,1.38,0.88,1.47,1.11,0,2,2,1,0,1,"","16,88",3,4,1,0,1,0,0,1,0,1,8,7,6,3,2,4,10,15,59,41,0.00,0.00,0.00,0.00,2.35,56,72,38,19,13,16,50,47,79,9.07,4.38,1.99,3.20,4.75,0.00,0.00,0.00,0.00,0.00,0.00,Stade Pierre Brisson
1460743200,Apr 15 2016 - 6:00pm,complete,5677,Laval,Thonon Evian FC,N/A,34,1.25,0.88,1.42,0.89,2,1,3,0,0,0,"87,90'4","74",11,4,1,0,3,0,0,1,0,3,12,8,4,4,8,4,9,14,53,47,0.00,0.00,0.00,0.00,2.47,53,66,50,31,16,28,66,50,76,9.29,4.07,2.34,2.99,3.79,0.00,0.00,0.00,0.00,0.00,0.00,Stade Francis Le Basser
1460743200,Apr 15 2016 - 6:00pm,complete,4797,Tours,Nîmes,N/A,34,1.63,0.94,1.37,0.95,1,2,3,2,1,1,"45'1","45,66",2,4,3,0,4,0,2,1,2,2,7,8,2,2,5,6,21,17,52,48,0.00,0.00,0.00,0.00,2.04,41,50,32,16,10,7,53,35,75,8.47,4.07,2.12,3.21,4.12,0.00,0.00,0.00,0.00,0.00,0.00,Stade de la Vallée du Cher
1460743200,Apr 15 2016 - 6:00pm,complete,2832,Créteil,Auxerre,N/A,34,0.75,1.19,0.84,1.21,1,0,1,1,1,0,"44","",11,3,1,0,1,0,1,0,0,1,18,6,9,4,9,2,13,13,59,41,0.00,0.00,0.00,0.00,2.32,47,66,50,22,10,10,60,54,78,8.87,4.63,2.48,3.20,3.22,0.00,0.00,0.00,0.00,0.00,0.00,Stade Dominique Duvauchelle
1460743200,Apr 15 2016 - 6:00pm,complete,9264,Valenciennes,Clermont,N/A,34,1.00,1.13,1.05,1.16,1,2,3,2,1,1,"11","20,90",2,9,2,0,1,0,2,0,1,0,11,17,4,9,7,8,12,11,53,47,0.00,0.00,0.00,0.00,2.44,63,66,47,32,7,38,63,41,69,9.50,4.26,2.98,3.13,2.70,0.00,0.00,0.00,0.00,0.00,0.00,Stade du Hainaut
1460808000,Apr 16 2016 - 12:00pm,complete,14507,Le Havre,Nancy,N/A,34,2.06,1.44,2.05,1.53,1,3,4,1,1,0,"45'2","56,61,66",1,10,2,0,3,0,0,2,3,0,8,12,4,6,4,6,13,14,46,54,0.00,0.00,0.00,0.00,1.97,38,60,32,16,7,25,60,31,69,10.02,4.06,2.95,3.01,2.82,0.00,0.00,0.00,0.00,0.00,0.00,Stade Océane
1461004200,Apr 18 2016 - 6:30pm,complete,9743,Dijon,Paris,N/A,34,2.13,0.63,2.11,0.68,3,0,3,0,0,0,"46,49,90","",8,4,1,0,3,0,0,1,2,1,10,12,4,4,6,8,12,7,46,54,0.00,0.00,0.00,0.00,2.41,51,69,47,25,16,28,78,41,60,9.49,4.37,1.48,4.25,8.90,0.00,0.00,0.00,0.00,0.00,0.00,Stade Gaston-Gérard
1461348000,Apr 22 2016 - 6:00pm,complete,3416,Ajaccio,Valenciennes,N/A,35,1.76,1.18,1.63,1.26,1,1,2,1,0,1,"82","9",2,3,6,1,3,0,2,5,1,2,14,9,6,7,8,2,17,21,57,43,0.00,0.00,0.00,0.00,2.03,36,62,32,12,6,27,62,38,65,7.97,5.47,1.81,3.48,5.43,0.00,0.00,0.00,0.00,0.00,0.00,Stade François Coty
1461348000,Apr 22 2016 - 6:00pm,complete,5612,Niort,Bourg-en-Bresse,N/A,35,1.00,0.81,1.11,0.74,0,0,0,0,0,0,"","",4,3,1,0,2,0,1,0,1,1,12,8,3,3,9,5,11,18,57,43,0.00,0.00,0.00,0.00,2.35,55,74,43,22,10,47,71,37,64,9.90,4.73,2.10,3.42,3.90,0.00,0.00,0.00,0.00,0.00,0.00,Stade René Gaillard (Niort)
1461348000,Apr 22 2016 - 6:00pm,complete,4997,Clermont,Tours,N/A,35,1.94,1.06,1.89,1.11,0,1,1,1,0,1,"","32",6,0,2,0,4,0,1,1,2,2,9,3,5,2,4,1,19,14,64,36,0.00,0.00,0.00,0.00,2.44,59,77,53,21,12,18,62,47,77,8.69,3.41,2.10,3.44,3.87,0.00,0.00,0.00,0.00,0.00,0.00,Stade Gabriel Montpied (Clermont-Ferrand)
1461348000,Apr 22 2016 - 6:00pm,complete,5233,Thonon Evian FC,Le Havre,N/A,35,1.06,1.29,1.16,1.37,1,1,2,1,1,0,"25","85",5,13,4,1,3,0,2,3,3,0,5,13,2,4,3,9,18,20,42,58,0.00,0.00,0.00,0.00,2.03,38,56,44,21,0,27,65,33,68,8.23,4.29,2.98,3.09,2.73,0.00,0.00,0.00,0.00,0.00,0.00,Parc des Sports
1461348000,Apr 22 2016 - 6:00pm,complete,15375,Metz,Red Star,N/A,35,1.82,1.94,1.95,1.89,2,0,2,0,0,0,"73,85","",3,5,1,0,3,0,0,1,1,2,8,9,6,3,2,6,13,11,40,60,0.00,0.00,0.00,0.00,1.91,38,56,36,12,6,15,56,38,68,9.89,4.00,2.12,3.32,3.96,0.00,0.00,0.00,0.00,0.00,0.00,Stade Saint-Symphorien
1461348000,Apr 22 2016 - 6:00pm,complete,14878,Nîmes,Lens,N/A,35,1.71,1.41,1.74,1.26,4,2,6,1,1,0,"45,71,73,78","66,90'1",5,3,3,0,3,0,1,2,1,2,9,9,3,4,6,5,16,11,43,57,0.00,0.00,0.00,0.00,2.21,56,71,35,15,3,15,50,50,76,10.47,4.35,2.85,3.29,2.70,0.00,0.00,0.00,0.00,0.00,0.00,Stade des Costières
1461348000,Apr 22 2016 - 6:00pm,complete,3941,Paris,Créteil,N/A,35,0.94,1.00,0.89,0.95,2,2,4,2,1,1,"18,77","29,89",1,8,2,0,2,0,0,2,0,2,13,14,7,7,6,7,13,9,54,46,0.00,0.00,0.00,0.00,2.39,53,68,50,24,9,30,62,41,77,9.24,4.47,2.10,3.42,3.90,0.00,0.00,0.00,0.00,0.00,0.00,Stade Sébastien-Charléty
1461348000,Apr 22 2016 - 6:00pm,complete,5826,Brest,Laval,N/A,35,1.81,0.88,1.63,0.89,0,0,0,0,0,0,"","",9,4,1,0,0,0,1,0,0,0,13,10,4,7,9,3,11,12,54,46,0.00,0.00,0.00,0.00,1.68,40,55,25,6,6,13,55,27,58,7.95,3.68,2.16,3.19,4.02,0.00,0.00,0.00,0.00,0.00,0.00,Stade Francis-Le Blé
1461412800,Apr 23 2016 - 12:00pm,complete,9621,Auxerre,Dijon,N/A,35,1.71,1.76,1.68,1.58,2,0,2,1,1,0,"10,60","",4,8,1,0,3,0,0,1,1,2,11,13,5,6,6,7,10,11,43,57,0.00,0.00,0.00,0.00,2.47,59,71,53,29,6,36,62,53,74,11.24,4.18,3.59,3.38,2.22,0.00,0.00,0.00,0.00,0.00,0.00,Stade de l'Abbé Deschamps (Auxerre)
1461609000,Apr 25 2016 - 6:30pm,complete,19237,Nancy,Sochaux,N/A,35,2.29,0.82,2.37,0.89,1,0,1,1,1,0,"12","",8,1,2,0,4,0,1,1,2,2,10,7,5,5,5,2,9,16,52,48,0.00,0.00,0.00,0.00,2.26,47,59,44,27,6,27,53,44,77,13.13,3.88,1.63,3.85,6.61,0.00,0.00,0.00,0.00,0.00,0.00,Stade Marcel-Picot (Tomblaine)
1461952800,Apr 29 2016 - 6:00pm,complete,12453,Sochaux,Auxerre,N/A,36,1.29,1.12,1.32,1.21,2,3,5,1,1,0,"27,80","49,79,90'4",11,2,1,0,0,0,0,1,0,0,17,3,8,0,9,3,4,3,51,49,0.00,0.00,0.00,0.00,2.06,38,53,41,21,9,15,59,35,62,8.03,4.47,1.77,3.56,5.58,0.00,0.00,0.00,0.00,0.00,0.00,Stade Auguste-Bonal
1461952800,Apr 29 2016 - 6:00pm,complete,7842,Le Havre,Nîmes,N/A,36,1.94,1.06,2.05,0.95,3,1,4,2,2,0,"15,44,62","75",3,4,1,0,1,1,0,1,1,1,12,8,6,3,6,5,8,6,60,40,0.00,0.00,0.00,0.00,2.27,38,59,35,21,15,24,62,35,71,8.91,4.29,1.75,3.70,5.43,0.00,0.00,0.00,0.00,0.00,0.00,Stade Océane
1461952800,Apr 29 2016 - 6:00pm,complete,30229,Lens,Paris,N/A,36,1.82,0.59,1.79,0.68,0,1,1,1,0,1,"","3",8,3,1,0,2,0,0,1,1,1,18,7,9,2,9,5,11,11,54,46,0.00,0.00,0.00,0.00,2.12,50,71,27,12,9,21,71,30,68,9.59,4.35,1.59,3.95,7.00,0.00,0.00,0.00,0.00,0.00,0.00,Stade Bollaert-Delelis
1461952800,Apr 29 2016 - 6:00pm,complete,1477,Red Star,Bourg-en-Bresse,N/A,36,1.29,0.82,1.47,0.74,1,0,1,0,0,0,"75","",5,0,2,0,3,0,0,2,1,2,8,3,0,2,8,1,14,11,48,52,0.00,0.00,0.00,0.00,2.59,56,80,44,24,12,36,68,41,71,9.07,4.76,1.83,3.61,4.98,0.00,0.00,0.00,0.00,0.00,0.00,Stade Pierre Brisson
1461952800,Apr 29 2016 - 6:00pm,complete,5530,Brest,Thonon Evian FC,N/A,36,1.76,0.82,1.63,0.89,0,2,2,1,0,1,"","18,72",7,4,1,0,1,0,0,1,0,1,19,9,4,4,15,5,7,14,61,39,0.00,0.00,0.00,0.00,2.09,50,62,44,15,6,24,65,39,65,8.47,3.71,2.74,3.00,3.06,0.00,0.00,0.00,0.00,0.00,0.00,Stade Francis-Le Blé
1461952800,Apr 29 2016 - 6:00pm,complete,4599,Laval,Clermont,N/A,36,1.35,1.24,1.42,1.16,1,1,2,1,1,0,"2","63",6,8,2,0,2,0,0,2,2,0,10,16,5,7,5,9,17,14,52,48,0.00,0.00,0.00,0.00,2.83,68,77,59,32,15,33,65,56,88,10.59,3.94,2.69,3.19,2.93,0.00,0.00,0.00,0.00,0.00,0.00,Stade Francis Le Basser
1461952800,Apr 29 2016 - 6:00pm,complete,6829,Tours,Niort,N/A,36,1.53,1.00,1.37,1.11,1,2,3,1,1,0,"13","82,90'1",2,6,1,0,3,0,1,0,0,3,5,10,2,4,3,6,15,13,44,56,0.00,0.00,0.00,0.00,1.94,50,65,29,9,6,15,53,38,74,8.00,3.64,2.63,3.14,3.05,0.00,0.00,0.00,0.00,0.00,0.00,Stade de la Vallée du Cher
1461952800,Apr 29 2016 - 6:00pm,complete,2025,Créteil,Ajaccio,N/A,36,0.88,0.59,0.84,0.58,2,2,4,3,2,1,"6,16","12,89",3,6,3,0,4,1,0,3,2,3,7,12,2,3,5,9,16,14,48,52,0.00,0.00,0.00,0.00,2.03,41,65,41,12,6,15,50,47,76,9.83,5.70,2.00,3.41,4.30,0.00,0.00,0.00,0.00,0.00,0.00,Stade Dominique Duvauchelle
1462104000,May 01 2016 - 12:00pm,complete,10026,Dijon,Metz,N/A,36,2.18,1.47,2.11,1.47,0,4,4,1,0,1,"","11,65,69,82",9,5,1,0,0,0,1,0,0,0,17,6,9,2,8,4,12,11,61,39,0.00,0.00,0.00,0.00,2.50,47,74,56,24,6,29,76,41,74,10.21,4.41,2.12,3.35,3.92,0.00,0.00,0.00,0.00,0.00,0.00,Stade Gaston-Gérard
1462213800,May 02 2016 - 6:30pm,complete,16146,Valenciennes,Nancy,N/A,36,0.94,1.53,1.05,1.53,1,0,1,1,1,0,"12","",2,7,1,0,4,0,0,1,2,2,4,15,3,5,1,10,7,17,51,49,0.00,0.00,0.00,0.00,1.97,50,56,38,24,0,30,62,27,65,10.62,4.41,3.74,3.11,2.29,0.00,0.00,0.00,0.00,0.00,0.00,Stade du Hainaut
1462560300,May 06 2016 - 6:45pm,complete,3013,Ajaccio,Sochaux,N/A,37,1.72,0.78,1.63,0.89,0,2,2,1,0,1,"","42,72",3,6,0,0,1,0,0,0,1,0,7,13,2,4,5,9,8,14,55,45,0.00,0.00,0.00,0.00,1.83,47,61,33,9,0,23,59,33,67,9.45,5.50,3.32,3.10,2.49,0.00,0.00,0.00,0.00,0.00,0.00,Stade François Coty
1462560300,May 06 2016 - 6:45pm,complete,7005,Auxerre,Le Havre,N/A,37,1.78,1.28,1.68,1.37,1,3,4,2,1,1,"26","35,49,90'5",9,5,0,0,2,0,0,0,0,2,15,13,5,8,10,5,5,14,56,44,0.00,0.00,0.00,0.00,2.33,53,67,50,25,3,20,64,50,75,9.52,4.44,2.89,3.35,2.63,0.00,0.00,0.00,0.00,0.00,0.00,Stade de l'Abbé Deschamps (Auxerre)
1462560300,May 06 2016 - 6:45pm,complete,19640,Nancy,Thonon Evian FC,N/A,37,2.33,0.94,2.37,0.89,1,0,1,0,0,0,"54","",5,2,0,0,0,0,0,0,0,0,13,10,5,4,8,6,15,13,57,43,0.00,0.00,0.00,0.00,2.53,47,64,50,34,11,31,61,50,73,11.44,3.67,1.71,3.70,5.80,0.00,0.00,0.00,0.00,0.00,0.00,Stade Marcel-Picot (Tomblaine)
1462560300,May 06 2016 - 6:45pm,complete,5611,Niort,Créteil,N/A,37,1.00,1.00,1.11,0.95,4,2,6,5,3,2,"7,35,38,65","13,21",4,4,2,0,4,2,0,2,4,2,16,8,4,6,12,2,12,9,56,44,0.00,0.00,0.00,0.00,2.45,56,64,53,28,12,36,64,39,81,9.92,4.16,2.14,3.47,3.71,0.00,0.00,0.00,0.00,0.00,0.00,Stade René Gaillard (Niort)
1462560300,May 06 2016 - 6:45pm,complete,4455,Clermont,Brest,N/A,37,1.83,0.89,1.89,0.84,2,0,2,0,0,0,"48,73","",7,6,2,0,1,0,0,2,0,1,11,9,6,6,5,3,13,8,52,48,0.00,0.00,0.00,0.00,2.56,56,78,53,23,11,25,62,36,78,7.50,3.28,1.86,3.57,4.80,0.00,0.00,0.00,0.00,0.00,0.00,Stade Gabriel Montpied (Clermont-Ferrand)
1462560300,May 06 2016 - 6:45pm,complete,3884,Bourg-en-Bresse,Lens,N/A,37,1.67,1.33,1.74,1.26,2,1,3,1,1,0,"2,82","90'4",5,6,2,0,3,0,2,0,0,3,9,20,2,5,7,15,10,10,45,55,0.00,0.00,0.00,0.00,2.48,53,72,47,20,12,20,61,45,84,9.21,3.83,2.54,3.39,2.97,0.00,0.00,0.00,0.00,0.00,0.00,Stade Marcel-Verchère
1462560300,May 06 2016 - 6:45pm,complete,25003,Metz,Tours,N/A,37,1.89,1.17,1.95,1.11,2,1,3,2,1,1,"29,69","21",6,2,2,0,1,0,0,2,0,1,11,9,5,2,6,7,19,14,52,48,0.00,0.00,0.00,0.00,2.14,44,67,45,17,6,20,70,45,64,10.11,4.17,1.39,4.90,9.65,0.00,0.00,0.00,0.00,0.00,0.00,Stade Saint-Symphorien
1462560300,May 06 2016 - 6:45pm,complete,12573,Nîmes,Laval,N/A,37,1.78,0.89,1.74,0.89,1,1,2,1,0,1,"56","13",10,2,1,0,3,0,0,1,1,2,19,4,8,2,11,2,11,15,64,36,0.00,0.00,0.00,0.00,2.09,48,64,28,20,11,14,45,48,61,9.39,4.00,2.41,3.25,3.30,0.00,0.00,0.00,0.00,0.00,0.00,Stade des Costières
1462560300,May 06 2016 - 6:45pm,complete,3664,Paris,Valenciennes,N/A,37,0.94,1.17,0.89,1.26,1,4,5,1,1,0,"31","58,60,79,87",4,4,2,0,0,0,0,2,0,0,13,10,7,6,6,4,8,9,49,51,0.00,0.00,0.00,0.00,1.97,36,59,31,17,6,20,56,39,64,8.24,5.22,2.85,3.24,2.74,0.00,0.00,0.00,0.00,0.00,0.00,Stade Sébastien-Charléty
1462560300,May 06 2016 - 6:45pm,complete,2203,Red Star,Dijon,N/A,37,1.39,1.67,1.47,1.58,3,2,5,3,2,1,"24,39,80","14,85",8,6,1,0,2,1,1,0,1,2,7,9,2,3,5,6,14,14,41,59,0.00,0.00,0.00,0.00,2.44,53,70,45,25,9,25,59,42,84,11.07,4.55,2.90,3.33,2.63,0.00,0.00,0.00,0.00,0.00,0.00,Stade Pierre Brisson
1463165100,May 13 2016 - 6:45pm,complete,10689,Dijon,Ajaccio,N/A,38,2.06,0.61,2.11,0.58,2,0,2,1,1,0,"17,89","",9,1,1,0,0,0,1,0,0,0,7,9,2,3,5,6,9,13,49,51,0.00,0.00,0.00,0.00,2.34,36,70,50,25,9,25,64,42,73,10.40,5.22,1.61,4.14,6.21,0.00,0.00,0.00,0.00,0.00,0.00,Stade Gaston-Gérard
1463165100,May 13 2016 - 6:45pm,complete,6283,Thonon Evian FC,Nîmes,N/A,38,1.06,1.00,1.16,0.95,4,1,5,2,1,1,"27,54,85,90'3","2",4,5,1,1,2,1,1,1,1,2,7,11,2,5,5,6,11,15,56,44,0.00,0.00,0.00,0.00,2.17,39,56,39,23,9,28,64,28,70,8.74,4.50,1.60,3.98,6.80,0.00,0.00,0.00,0.00,0.00,0.00,Parc des Sports
1463165100,May 13 2016 - 6:45pm,complete,15634,Sochaux,Clermont,N/A,38,1.22,1.22,1.32,1.16,2,0,2,1,1,0,"17,54","",4,3,0,0,2,0,0,0,1,1,12,10,4,6,8,4,7,7,54,46,0.00,0.00,0.00,0.00,2.47,59,67,50,25,11,31,59,45,73,9.60,4.28,1.71,3.74,5.74,0.00,0.00,0.00,0.00,0.00,0.00,Stade Auguste-Bonal
1463165100,May 13 2016 - 6:45pm,complete,13346,Le Havre,Bourg-en-Bresse,N/A,38,2.00,0.78,2.05,0.74,5,0,5,3,3,0,"5,38,45,67,82","",13,1,1,0,6,1,0,1,6,1,14,5,7,2,7,3,15,13,65,35,0.00,0.00,0.00,0.00,2.39,48,75,39,22,11,47,73,39,62,8.38,4.22,1.51,4.51,7.16,0.00,0.00,0.00,0.00,0.00,0.00,Stade Océane
1463165100,May 13 2016 - 6:45pm,complete,36112,Lens,Metz,N/A,38,1.72,1.56,1.79,1.47,1,0,1,1,1,0,"8","",9,6,2,0,1,0,2,0,0,1,14,6,6,3,8,3,11,14,57,43,0.00,0.00,0.00,0.00,2.20,48,73,34,14,0,23,75,28,78,10.31,4.22,3.31,3.17,2.45,0.00,0.00,0.00,0.00,0.00,0.00,Stade Bollaert-Delelis
1463165100,May 13 2016 - 6:45pm,complete,7116,Brest,Auxerre,N/A,38,1.67,1.22,1.63,1.21,0,0,0,0,0,0,"","",7,2,0,0,2,0,0,0,1,1,16,8,6,2,10,6,6,13,52,48,0.00,0.00,0.00,0.00,2.14,44,61,42,17,9,12,72,33,70,8.44,3.56,2.36,3.17,3.50,0.00,0.00,0.00,0.00,0.00,0.00,Stade Francis-Le Blé
1463165100,May 13 2016 - 6:45pm,complete,9684,Laval,Paris,N/A,38,1.33,0.72,1.42,0.68,3,1,4,1,1,0,"30,50,90","74",2,6,0,0,0,0,0,0,0,0,9,9,0,4,9,5,11,10,52,48,0.00,0.00,0.00,0.00,2.42,59,70,45,23,17,22,70,45,73,9.73,4.45,2.00,3.34,4.43,0.00,0.00,0.00,0.00,0.00,0.00,Stade Francis Le Basser
1463165100,May 13 2016 - 6:45pm,complete,5905,Tours,Nancy,N/A,38,1.44,1.44,1.37,1.53,2,5,7,4,1,3,"13,62","2,20,25,86,90'3",5,8,2,0,0,0,1,1,0,0,9,13,4,6,5,7,9,10,45,55,0.00,0.00,0.00,0.00,1.92,47,56,36,14,0,12,59,33,75,9.46,4.11,3.56,3.18,2.33,0.00,0.00,0.00,0.00,0.00,0.00,Stade de la Vallée du Cher
1463165100,May 13 2016 - 6:45pm,complete,3426,Créteil,Red Star,N/A,38,0.89,1.83,0.84,1.89,2,4,6,4,1,3,"16,54","6,13,33,74",8,1,3,0,1,0,2,1,1,0,15,7,9,4,6,3,15,10,55,45,0.00,0.00,0.00,0.00,1.83,39,59,34,9,3,9,48,45,75,8.78,4.55,3.25,3.32,2.40,0.00,0.00,0.00,0.00,0.00,0.00,Stade Dominique Duvauchelle
1463165100,May 13 2016 - 6:45pm,complete,16582,Valenciennes,Niort,N/A,38,1.06,1.11,1.05,1.11,3,3,6,4,2,2,"8,11,64","14,23,50",2,4,0,1,0,0,1,0,0,0,7,20,4,8,3,12,8,5,39,61,0.00,0.00,0.00,0.00,2.00,53,64,33,17,6,31,62,34,61,9.08,4.00,2.53,3.18,3.16,0.00,0.00,0.00,0.00,0.00,0.00,Stade du Hainaut
