timestamp,date_GMT,status,attendance,home_team_name,away_team_name,referee,Game Week,Pre-Match PPG (Home),Pre-Match PPG (Away),home_ppg,away_ppg,home_team_goal_count,away_team_goal_count,total_goal_count,total_goals_at_half_time,home_team_goal_count_half_time,away_team_goal_count_half_time,home_team_goal_timings,away_team_goal_timings,home_team_corner_count,away_team_corner_count,home_team_yellow_cards,home_team_red_cards,away_team_yellow_cards,away_team_red_cards,home_team_first_half_cards,home_team_second_half_cards,away_team_first_half_cards,away_team_second_half_cards,home_team_shots,away_team_shots,home_team_shots_on_target,away_team_shots_on_target,home_team_shots_off_target,away_team_shots_off_target,home_team_fouls,away_team_fouls,home_team_possession,away_team_possession,Home Team Pre-Match xG,Away Team Pre-Match xG,team_a_xg,team_b_xg,average_goals_per_match_pre_match,btts_percentage_pre_match,over_15_percentage_pre_match,over_25_percentage_pre_match,over_35_percentage_pre_match,over_45_percentage_pre_match,over_15_HT_FHG_percentage_pre_match,over_05_HT_FHG_percentage_pre_match,over_15_2HG_percentage_pre_match,over_05_2HG_percentage_pre_match,average_corners_per_match_pre_match,average_cards_per_match_pre_match,odds_ft_home_team_win,odds_ft_draw,odds_ft_away_team_win,odds_ft_over15,odds_ft_over25,odds_ft_over35,odds_ft_over45,odds_btts_yes,odds_btts_no,stadium_name
1469815200,Jul 29 2016 - 6:00pm,complete,2520,Bourg-en-Bresse,Strasbourg,N/A,1,0.00,0.00,1.26,1.21,0,0,0,0,0,0,"","",2,3,1,0,0,0,0,1,0,0,10,11,4,6,6,5,12,15,51,49,0.00,0.00,0.00,0.00,0.00,0,0,0,0,0,0,0,0,0,0.00,0.00,2.81,3.00,2.98,0.00,0.00,0.00,0.00,0.00,0.00,Stade Marcel-Verchère
1469815200,Jul 29 2016 - 6:00pm,complete,3312,Gazélec Ajaccio,Brest,N/A,1,0.00,0.00,1.53,1.74,0,0,0,0,0,0,"","",10,1,4,0,1,0,2,2,1,0,10,2,5,2,5,0,10,8,54,46,0.00,0.00,0.00,0.00,0.00,0,0,0,0,0,0,0,0,0,0.00,0.00,2.27,3.05,3.91,0.00,0.00,0.00,0.00,0.00,0.00,Stade Ange Casanova
1469815200,Jul 29 2016 - 6:00pm,complete,5678,Nîmes,Laval,N/A,1,0.00,0.00,1.42,0.68,0,0,0,0,0,0,"","",6,1,4,1,5,1,2,3,2,4,14,7,4,3,10,4,17,18,58,42,0.00,0.00,0.00,0.00,0.00,0,0,0,0,0,0,0,0,0,0.00,0.00,2.45,3.11,3.39,0.00,0.00,0.00,0.00,0.00,0.00,Stade des Costières
1469815200,Jul 29 2016 - 6:00pm,complete,5067,Niort,Lens,N/A,1,0.00,0.00,1.58,1.68,0,0,0,0,0,0,"","",7,4,1,0,0,0,0,1,0,0,11,11,2,6,9,5,11,13,44,56,0.00,0.00,0.00,0.00,0.00,0,0,0,0,0,0,0,0,0,0.00,0.00,2.82,3.00,2.97,0.00,0.00,0.00,0.00,0.00,0.00,Stade René Gaillard (Niort)
1469815200,Jul 29 2016 - 6:00pm,complete,4212,Orléans,Le Havre,N/A,1,0.00,0.00,1.63,1.26,0,1,1,1,0,1,"","16",5,2,1,0,1,0,0,1,0,1,10,10,6,3,4,7,13,5,45,55,0.00,0.00,0.00,0.00,0.00,0,0,0,0,0,0,0,0,0,0.00,0.00,2.77,3.00,3.02,0.00,0.00,0.00,0.00,0.00,0.00,Stade de la Source
1469815200,Jul 29 2016 - 6:00pm,complete,4144,Tours,Ajaccio,N/A,1,0.00,0.00,1.21,0.58,0,0,0,0,0,0,"","",1,2,3,0,3,0,0,3,2,1,5,13,4,4,1,9,13,8,49,51,0.00,0.00,0.00,0.00,0.00,0,0,0,0,0,0,0,0,0,0.00,0.00,2.45,2.98,3.56,0.00,0.00,0.00,0.00,0.00,0.00,Stade de la Vallée du Cher
1469815200,Jul 29 2016 - 6:00pm,complete,6665,Troyes,Sochaux,N/A,1,0.00,0.00,2.26,1.21,1,3,4,0,0,0,"71","50,66,74",5,2,1,1,2,0,0,2,0,2,7,8,3,3,4,5,11,12,50,50,0.00,0.00,0.00,0.00,0.00,0,0,0,0,0,0,0,0,0,0.00,0.00,2.26,3.07,3.92,0.00,0.00,0.00,0.00,0.00,0.00,Stade de l'Aube
1469815200,Jul 29 2016 - 6:00pm,complete,6466,Valenciennes,Clermont,N/A,1,0.00,0.00,1.53,1.26,2,0,2,1,1,0,"4,49","",7,3,1,0,1,1,1,0,1,1,16,9,7,3,9,6,14,8,56,44,0.00,0.00,0.00,0.00,0.00,0,0,0,0,0,0,0,0,0,0.00,0.00,2.88,3.03,2.88,0.00,0.00,0.00,0.00,0.00,0.00,Stade du Hainaut
1469883600,Jul 30 2016 - 1:00pm,complete,6193,Red Star,Auxerre,N/A,1,0.00,0.00,1.11,1.11,0,0,0,0,0,0,"","",3,1,1,0,2,0,0,1,0,2,3,9,3,4,0,5,10,12,56,44,0.00,0.00,0.00,0.00,0.00,0,0,0,0,0,0,0,0,0,0.00,0.00,2.21,3.08,4.03,0.00,0.00,0.00,0.00,0.00,0.00,Stade Jean Bouin
1470076200,Aug 01 2016 - 6:30pm,complete,8365,Amiens SC,Reims,N/A,1,0.00,0.00,1.79,1.21,1,1,2,0,0,0,"70","62",11,7,3,0,1,1,1,2,1,1,13,4,8,3,5,1,18,5,53,47,0.00,0.00,0.00,0.00,0.00,0,0,0,0,0,0,0,0,0,0.00,0.00,2.98,3.00,2.81,0.00,0.00,0.00,0.00,0.00,0.00,Stade de la Licorne (Amiens)
1470420000,Aug 05 2016 - 6:00pm,complete,2624,Ajaccio,Troyes,N/A,2,0.00,0.00,1.95,1.21,2,1,3,3,2,1,"14,41","36",5,5,2,0,1,0,2,0,1,0,11,5,8,2,3,3,7,12,53,47,0.00,0.00,0.00,0.00,0.00,0,0,0,0,0,0,0,0,0,0.00,0.00,2.44,3.04,3.49,0.00,0.00,0.00,0.00,0.00,0.00,Stade François Coty
1470420000,Aug 05 2016 - 6:00pm,complete,5436,Auxerre,Gazélec Ajaccio,N/A,2,0.00,0.00,1.16,1.16,1,2,3,2,1,1,"31","23,53",10,1,3,0,3,0,2,1,0,3,11,11,6,5,5,6,13,11,45,55,0.00,0.00,0.00,0.00,0.00,0,0,0,0,0,0,0,0,0,0.00,0.00,2.58,3.04,3.24,0.00,0.00,0.00,0.00,0.00,0.00,Stade de l'Abbé Deschamps (Auxerre)
1470420000,Aug 05 2016 - 6:00pm,complete,7119,Brest,Orléans,N/A,2,0.00,0.00,1.68,0.58,2,1,3,2,1,1,"36,52","14",5,6,1,0,3,0,0,1,2,1,8,14,5,7,3,7,10,14,48,52,0.00,0.00,0.00,0.00,0.00,0,0,0,0,0,0,0,0,0,0.00,0.00,1.99,3.18,4.80,0.00,0.00,0.00,0.00,0.00,0.00,Stade Francis-Le Blé
1470420000,Aug 05 2016 - 6:00pm,complete,2964,Clermont,Red Star,N/A,2,0.00,0.00,1.16,0.79,0,0,0,0,0,0,"","",2,6,0,0,1,0,0,0,1,0,10,5,6,3,4,2,13,10,42,58,0.00,0.00,0.00,0.00,0.00,0,0,0,0,0,0,0,0,0,0.00,0.00,2.37,3.10,3.56,0.00,0.00,0.00,0.00,0.00,0.00,Stade Gabriel Montpied (Clermont-Ferrand)
1470420000,Aug 05 2016 - 6:00pm,complete,4484,Laval,Niort,N/A,2,0.00,0.00,0.89,1.00,1,1,2,0,0,0,"60","86",6,4,0,1,1,1,1,0,1,1,6,8,2,3,4,5,8,16,44,56,0.00,0.00,0.00,0.00,0.00,0,0,0,0,0,0,0,0,0,0.00,0.00,2.41,3.07,3.51,0.00,0.00,0.00,0.00,0.00,0.00,Stade Francis Le Basser
1470420000,Aug 05 2016 - 6:00pm,complete,9442,Le Havre,Nîmes,N/A,2,0.00,0.00,1.58,1.95,1,0,1,1,1,0,"29","",4,6,1,0,2,0,1,0,1,1,6,16,2,7,4,9,13,12,49,51,0.00,0.00,0.00,0.00,0.00,0,0,0,0,0,0,0,0,0,0.00,0.00,1.81,3.41,5.54,0.00,0.00,0.00,0.00,0.00,0.00,Stade Océane
1470420000,Aug 05 2016 - 6:00pm,complete,26141,Lens,Tours,N/A,2,0.00,0.00,1.74,1.05,2,2,4,2,1,1,"12,90'2","40,54",7,1,1,1,2,0,2,0,0,2,7,6,4,3,3,3,11,10,47,53,0.00,0.00,0.00,0.00,0.00,0,0,0,0,0,0,0,0,0,0.00,0.00,1.85,3.28,5.51,0.00,0.00,0.00,0.00,0.00,0.00,Stade Bollaert-Delelis
1470420000,Aug 05 2016 - 6:00pm,complete,8813,Reims,Bourg-en-Bresse,N/A,2,0.00,0.00,1.68,1.05,1,0,1,1,1,0,"14","",4,5,3,1,1,0,1,3,0,1,10,14,5,6,5,8,24,19,41,59,0.00,0.00,0.00,0.00,0.00,0,0,0,0,0,0,0,0,0,0.00,0.00,1.90,3.29,5.12,0.00,0.00,0.00,0.00,0.00,0.00,Stade Auguste-Delaune II
1470420000,Aug 05 2016 - 6:00pm,complete,9499,Sochaux,Valenciennes,N/A,2,0.00,0.00,1.21,0.84,0,0,0,0,0,0,"","",8,4,2,0,2,0,1,1,2,0,16,6,4,4,12,2,16,14,65,35,0.00,0.00,0.00,0.00,0.00,0,0,0,0,0,0,0,0,0,0.00,0.00,1.76,3.39,6.20,0.00,0.00,0.00,0.00,0.00,0.00,Stade Auguste-Bonal
1470488400,Aug 06 2016 - 1:00pm,complete,16009,Strasbourg,Amiens SC,N/A,2,0.00,0.00,2.32,1.68,1,0,1,1,1,0,"21","",3,5,2,0,2,1,1,1,1,2,3,9,0,0,3,9,16,11,49,51,0.00,0.00,0.00,0.00,0.00,0,0,0,0,0,0,0,0,0,0.00,0.00,1.96,3.22,4.88,0.00,0.00,0.00,0.00,0.00,0.00,Stade de la Meinau
1471024800,Aug 12 2016 - 6:00pm,complete,6254,Amiens SC,Niort,N/A,3,1.00,1.00,1.79,1.00,2,0,2,1,1,0,"25,63","",2,3,1,1,2,0,1,1,1,1,7,9,3,4,4,5,6,11,41,59,0.00,0.00,0.00,0.00,2.00,100,100,0,0,0,0,0,100,100,15.00,5.00,2.31,2.99,3.88,0.00,0.00,0.00,0.00,0.00,0.00,Stade de la Licorne (Amiens)
1471024800,Aug 12 2016 - 6:00pm,complete,2034,Bourg-en-Bresse,Auxerre,N/A,3,1.00,1.00,1.26,1.11,2,4,6,2,0,2,"63,85","23,38,82,90",7,0,3,0,2,0,0,3,0,2,13,9,5,8,8,1,9,12,57,43,0.00,0.00,0.00,0.00,0.00,0,0,0,0,0,0,0,0,0,3.00,3.00,2.53,3.07,3.28,0.00,0.00,0.00,0.00,0.00,0.00,Stade Marcel-Verchère
1471024800,Aug 12 2016 - 6:00pm,complete,2481,Clermont,Sochaux,N/A,3,1.00,3.00,1.16,1.21,1,2,3,2,1,1,"39","37,66",4,6,1,1,0,0,2,0,0,0,8,10,4,5,4,5,4,15,36,64,0.00,0.00,0.00,0.00,2.00,50,50,50,50,0,0,0,50,50,4.00,2.00,2.73,2.94,3.13,0.00,0.00,0.00,0.00,0.00,0.00,Stade Gabriel Montpied (Clermont-Ferrand)
1471024800,Aug 12 2016 - 6:00pm,complete,3550,Gazélec Ajaccio,Le Havre,N/A,3,1.00,3.00,1.53,1.26,1,1,2,1,0,1,"69","34",9,4,1,0,3,0,0,1,2,1,14,7,4,4,10,3,6,13,65,35,0.00,0.00,0.00,0.00,0.50,0,0,0,0,0,0,50,0,0,12.00,5.00,2.47,2.98,3.50,0.00,0.00,0.00,0.00,0.00,0.00,Stade Ange Casanova
1471024800,Aug 12 2016 - 6:00pm,complete,3430,Orléans,Ajaccio,N/A,3,0.00,1.00,1.63,0.58,2,0,2,0,0,0,"65,75","",7,6,2,0,0,0,1,1,0,0,8,10,4,5,4,5,14,9,52,48,0.00,0.00,0.00,0.00,0.50,0,0,0,0,0,0,50,0,0,7.00,4.00,2.39,2.98,3.69,0.00,0.00,0.00,0.00,0.00,0.00,Stade de la Source
1471024800,Aug 12 2016 - 6:00pm,complete,3467,Red Star,Brest,N/A,3,1.00,1.00,1.11,1.74,0,3,3,2,0,2,"","40,44,83",3,9,2,0,3,0,1,1,1,2,8,7,4,4,4,3,9,11,42,58,0.00,0.00,0.00,0.00,0.00,0,0,0,0,0,0,0,0,0,4.00,2.00,2.04,3.12,4.67,0.00,0.00,0.00,0.00,0.00,0.00,Stade Jean Bouin
1471024800,Aug 12 2016 - 6:00pm,complete,4003,Tours,Strasbourg,N/A,3,1.00,1.00,1.21,1.21,1,3,4,1,0,1,"71","22,51,68",7,7,1,0,1,0,0,1,0,1,10,9,6,5,4,4,14,23,62,38,0.00,0.00,0.00,0.00,0.00,0,0,0,0,0,0,0,0,0,4.00,3.00,2.84,2.90,3.05,0.00,0.00,0.00,0.00,0.00,0.00,Stade de la Vallée du Cher
1471024800,Aug 12 2016 - 6:00pm,complete,5902,Troyes,Laval,N/A,3,0.00,1.00,2.26,0.68,1,0,1,1,1,0,"19","",4,3,2,0,3,0,2,0,1,2,9,10,5,5,4,5,17,16,56,44,0.00,0.00,0.00,0.00,2.00,50,50,50,50,0,0,0,50,50,6.00,9.00,2.46,3.07,3.42,0.00,0.00,0.00,0.00,0.00,0.00,Stade de l'Aube
1471093200,Aug 13 2016 - 1:00pm,complete,6727,Valenciennes,Reims,N/A,3,3.00,1.00,1.53,1.21,0,0,0,0,0,0,"","",3,0,3,0,3,0,2,1,2,1,7,14,3,4,4,10,13,15,45,55,0.00,0.00,0.00,0.00,2.00,50,100,0,0,0,0,50,50,100,14.00,4.00,3.20,3.00,2.64,0.00,0.00,0.00,0.00,0.00,0.00,Stade du Hainaut
1471285800,Aug 15 2016 - 6:30pm,complete,8045,Nîmes,Lens,N/A,3,1.00,1.00,1.42,1.68,0,2,2,1,0,1,"","16,53",4,5,2,0,2,0,1,1,1,1,20,11,8,6,12,5,12,16,60,40,0.00,0.00,0.00,0.00,0.00,0,0,0,0,0,0,0,0,0,10.00,6.00,3.01,3.07,2.72,0.00,0.00,0.00,0.00,0.00,0.00,Stade des Costières
1471629600,Aug 19 2016 - 6:00pm,complete,2715,Ajaccio,Bourg-en-Bresse,N/A,4,3.00,0.00,1.95,1.05,3,1,4,2,1,1,"32,88,90'2","12",8,4,0,0,1,0,0,0,0,1,11,4,4,2,7,2,10,14,64,36,0.00,0.00,0.00,0.00,2.00,50,50,50,0,0,50,100,0,0,10.00,3.00,2.09,3.17,4.34,0.00,0.00,0.00,0.00,0.00,0.00,Stade François Coty
1471629600,Aug 19 2016 - 6:00pm,complete,4966,Auxerre,Clermont,N/A,4,0.00,0.00,1.16,1.26,0,1,1,0,0,0,"","78",5,6,2,1,2,0,1,2,0,2,8,10,5,3,3,7,17,18,45,55,0.00,0.00,0.00,0.00,2.50,50,100,50,0,0,50,100,0,100,13.00,6.00,2.34,3.06,3.68,0.00,0.00,0.00,0.00,0.00,0.00,Stade de l'Abbé Deschamps (Auxerre)
1471629600,Aug 19 2016 - 6:00pm,complete,6867,Brest,Valenciennes,N/A,4,3.00,1.00,1.68,0.84,3,2,5,2,1,1,"26,78,89","36,87",8,3,0,0,3,0,0,0,0,3,9,9,6,4,3,5,10,13,58,42,0.00,0.00,0.00,0.00,1.50,50,50,50,0,0,50,50,0,50,9.00,3.00,2.10,3.01,4.63,0.00,0.00,0.00,0.00,0.00,0.00,Stade Francis-Le Blé
1471629600,Aug 19 2016 - 6:00pm,complete,4245,Laval,Gazélec Ajaccio,N/A,4,1.00,3.00,0.89,1.16,0,1,1,0,0,0,"","78",5,3,2,0,1,0,0,2,1,0,16,4,11,3,5,1,11,15,51,49,0.00,0.00,0.00,0.00,2.50,100,100,50,0,0,50,50,50,100,7.00,5.00,3.30,2.92,2.63,0.00,0.00,0.00,0.00,0.00,0.00,Stade Francis Le Basser
1471629600,Aug 19 2016 - 6:00pm,complete,9248,Le Havre,Troyes,N/A,4,3.00,0.00,1.58,1.21,1,3,4,3,1,2,"9","4,27,61",14,1,3,0,2,0,2,1,1,1,13,0,8,0,5,0,13,18,70,30,0.00,0.00,0.00,0.00,2.00,50,50,50,0,0,50,100,0,0,9.00,2.00,1.56,3.90,7.82,0.00,0.00,0.00,0.00,0.00,0.00,Stade Océane
1471629600,Aug 19 2016 - 6:00pm,complete,4403,Niort,Tours,N/A,4,1.00,1.00,1.58,1.05,1,4,5,5,1,4,"44","9,27,30,33",7,1,0,0,3,0,0,0,1,2,14,6,4,4,10,2,5,15,65,35,0.00,0.00,0.00,0.00,2.00,50,50,50,50,0,50,50,50,50,8.00,3.00,2.27,3.03,3.94,0.00,0.00,0.00,0.00,0.00,0.00,Stade René Gaillard (Niort)
1471629600,Aug 19 2016 - 6:00pm,complete,8291,Sochaux,Orléans,N/A,4,1.00,0.00,1.21,0.58,0,0,0,0,0,0,"","",9,3,2,0,1,1,1,1,1,1,18,7,7,4,11,3,13,10,57,43,0.00,0.00,0.00,0.00,1.50,50,50,50,0,0,50,50,0,50,14.00,5.00,1.74,3.49,6.10,0.00,0.00,0.00,0.00,0.00,0.00,Stade Auguste-Bonal
1471629600,Aug 19 2016 - 6:00pm,complete,16522,Strasbourg,Nîmes,N/A,4,3.00,0.00,2.32,1.95,1,1,2,0,0,0,"69","47",6,5,2,1,5,0,1,2,1,4,10,14,5,4,5,10,13,15,56,44,0.00,0.00,0.00,0.00,1.00,0,0,0,0,0,0,100,0,0,9.00,4.00,1.74,3.40,6.38,0.00,0.00,0.00,0.00,0.00,0.00,Stade de la Meinau
1471698000,Aug 20 2016 - 1:00pm,complete,29585,Lens,Amiens SC,N/A,4,1.00,0.00,1.74,1.68,0,1,1,1,0,1,"","36",12,2,1,0,3,0,1,0,1,2,15,9,9,5,6,4,11,11,57,43,0.00,0.00,0.00,0.00,2.50,50,50,50,50,0,50,100,50,50,12.00,7.00,1.95,3.09,5.29,0.00,0.00,0.00,0.00,0.00,0.00,Stade Bollaert-Delelis
1471890600,Aug 22 2016 - 6:30pm,complete,9484,Reims,Red Star,N/A,4,3.00,1.00,1.68,0.79,2,1,3,1,1,0,"25,78","58",4,3,1,0,4,0,0,1,3,1,9,9,4,4,5,5,17,12,39,61,0.00,0.00,0.00,0.00,0.50,0,0,0,0,0,0,50,0,0,10.00,6.00,1.98,3.07,5.14,0.00,0.00,0.00,0.00,0.00,0.00,Stade Auguste-Delaune II
1472234400,Aug 26 2016 - 6:00pm,complete,1679,Bourg-en-Bresse,Niort,N/A,5,0.50,0.50,1.26,1.00,2,2,4,1,0,1,"68,90'1","5,65",9,2,2,0,5,0,1,1,4,1,10,3,5,3,5,0,12,19,56,44,0.00,0.00,0.00,0.00,2.50,50,75,25,25,25,25,50,50,75,8.00,4.00,2.33,3.14,3.59,0.00,0.00,0.00,0.00,0.00,0.00,Stade Marcel-Verchère
1472234400,Aug 26 2016 - 6:00pm,complete,2526,Clermont,Ajaccio,N/A,5,0.50,0.50,1.16,0.58,2,1,3,1,0,1,"66,68","33",2,2,1,0,5,0,0,1,2,3,12,11,4,6,8,5,11,19,52,48,0.00,0.00,0.00,0.00,1.25,25,50,25,0,0,25,25,25,50,7.00,2.50,2.32,3.06,3.73,0.00,0.00,0.00,0.00,0.00,0.00,Stade Gabriel Montpied (Clermont-Ferrand)
1472234400,Aug 26 2016 - 6:00pm,complete,3493,Gazélec Ajaccio,Strasbourg,N/A,5,1.00,2.00,1.53,1.21,1,1,2,0,0,0,"67","53",8,9,2,0,3,1,0,2,1,3,8,5,4,2,4,3,11,12,63,37,0.00,0.00,0.00,0.00,1.50,50,50,25,25,0,0,50,25,50,14.50,3.00,2.41,3.05,3.54,0.00,0.00,0.00,0.00,0.00,0.00,Stade Ange Casanova
1472234400,Aug 26 2016 - 6:00pm,complete,4737,Nîmes,Amiens SC,N/A,5,0.50,1.50,1.42,1.68,2,3,5,3,2,1,"13,45'3","19,66,76",8,10,3,1,2,0,2,2,0,2,16,7,5,4,11,3,8,16,58,42,0.00,0.00,0.00,0.00,1.00,0,25,0,0,0,0,75,0,25,8.50,7.50,2.40,3.02,3.60,0.00,0.00,0.00,0.00,0.00,0.00,Stade des Costières
1472234400,Aug 26 2016 - 6:00pm,complete,5031,Orléans,Auxerre,N/A,5,1.50,2.00,1.63,1.11,0,0,0,0,0,0,"","",7,3,0,0,1,0,0,0,0,1,9,4,2,3,7,1,14,11,55,45,0.00,0.00,0.00,0.00,2.25,25,50,25,25,25,25,50,50,50,6.50,3.50,2.65,2.94,3.24,0.00,0.00,0.00,0.00,0.00,0.00,Stade de la Source
1472234400,Aug 26 2016 - 6:00pm,complete,4432,Tours,Reims,N/A,5,0.50,1.00,1.21,1.21,1,1,2,0,0,0,"62","73",3,6,2,0,2,0,1,1,1,1,8,7,4,3,4,4,11,13,41,59,0.00,0.00,0.00,0.00,1.50,50,50,25,25,0,0,25,50,50,7.50,5.00,2.88,2.90,3.00,0.00,0.00,0.00,0.00,0.00,0.00,Stade de la Vallée du Cher
1472234400,Aug 26 2016 - 6:00pm,complete,7839,Troyes,Lens,N/A,5,1.50,2.00,2.26,1.68,1,1,2,1,0,1,"60","8",8,3,3,0,2,0,1,2,0,2,10,4,2,3,8,1,10,12,46,54,0.00,0.00,0.00,0.00,1.75,25,50,25,25,0,0,50,25,50,9.00,3.50,2.80,3.09,2.90,0.00,0.00,0.00,0.00,0.00,0.00,Stade de l'Aube
1472234400,Aug 26 2016 - 6:00pm,complete,6231,Valenciennes,Laval,N/A,5,2.00,0.50,1.53,0.68,2,0,2,0,0,0,"79,90'5","",2,8,3,0,1,0,1,2,0,1,10,17,5,5,5,12,16,7,43,57,0.00,0.00,0.00,0.00,0.75,0,25,0,0,0,0,50,0,25,7.00,6.50,2.27,2.97,4.02,0.00,0.00,0.00,0.00,0.00,0.00,Stade du Hainaut
1472302800,Aug 27 2016 - 1:00pm,complete,5293,Red Star,Le Havre,N/A,5,0.50,2.00,1.11,1.26,0,0,0,0,0,0,"","",0,8,1,0,1,0,0,1,0,1,10,9,4,4,6,5,7,10,45,55,0.00,0.00,0.00,0.00,1.50,25,50,25,0,0,25,75,0,50,6.00,3.50,2.77,3.01,3.01,0.00,0.00,0.00,0.00,0.00,0.00,Stade Jean Bouin
1472495400,Aug 29 2016 - 6:30pm,complete,8976,Sochaux,Brest,N/A,5,1.00,2.00,1.21,1.74,2,2,4,1,1,0,"25,47","90'1,90'3",0,4,1,0,2,0,1,0,1,1,7,7,4,3,3,4,10,5,39,61,0.00,0.00,0.00,0.00,0.75,0,25,25,0,0,25,25,0,25,13.50,4.00,2.02,3.10,4.80,0.00,0.00,0.00,0.00,0.00,0.00,Stade Auguste-Bonal
1473444000,Sep 09 2016 - 6:00pm,complete,2604,Ajaccio,Red Star,N/A,6,3.00,0.50,1.95,0.79,1,2,3,1,1,0,"8","71,76",4,8,4,0,0,0,1,3,0,0,7,9,5,6,2,3,18,14,51,49,0.00,0.00,0.00,0.00,2.50,75,75,75,25,0,50,75,50,50,11.00,3.50,2.18,3.04,4.21,0.00,0.00,0.00,0.00,0.00,0.00,Stade François Coty
1473444000,Sep 09 2016 - 6:00pm,complete,7082,Amiens SC,Tours,N/A,6,2.00,2.00,1.79,1.05,3,1,4,2,2,0,"13,44,90'4","61",5,4,0,0,1,1,0,0,0,2,13,11,8,6,5,5,15,14,50,50,0.00,0.00,0.00,0.00,3.25,75,100,50,50,25,50,75,50,75,7.50,5.00,2.24,2.99,4.11,0.00,0.00,0.00,0.00,0.00,0.00,Stade de la Licorne (Amiens)
1473444000,Sep 09 2016 - 6:00pm,complete,4809,Auxerre,Sochaux,N/A,6,0.00,3.00,1.16,1.21,0,0,0,0,0,0,"","",9,5,1,0,4,0,1,0,1,3,17,5,6,2,11,3,12,20,57,43,0.00,0.00,0.00,0.00,2.75,75,75,75,25,0,50,50,25,100,11.50,4.50,2.85,2.99,2.95,0.00,0.00,0.00,0.00,0.00,0.00,Stade de l'Abbé Deschamps (Auxerre)
1473444000,Sep 09 2016 - 6:00pm,complete,6758,Brest,Clermont,N/A,6,3.00,1.50,1.68,1.26,0,2,2,1,0,1,"","33,90",4,6,1,0,1,0,1,0,0,1,11,12,4,4,7,8,12,10,62,38,0.00,0.00,0.00,0.00,2.75,50,75,50,25,25,50,75,25,100,11.00,3.00,2.16,3.04,4.29,0.00,0.00,0.00,0.00,0.00,0.00,Stade Francis-Le Blé
1473444000,Sep 09 2016 - 6:00pm,complete,4901,Laval,Orléans,N/A,6,0.50,0.50,0.89,0.58,3,1,4,2,1,1,"24,77,85","21",3,4,0,0,3,0,0,0,0,3,12,13,5,6,7,7,10,20,41,59,0.00,0.00,0.00,0.00,1.50,50,50,25,0,0,25,25,25,75,10.00,5.00,2.59,2.93,3.36,0.00,0.00,0.00,0.00,0.00,0.00,Stade Francis Le Basser
1473444000,Sep 09 2016 - 6:00pm,complete,25587,Lens,Bourg-en-Bresse,N/A,6,0.50,0.00,1.74,1.05,1,1,2,0,0,0,"56","61",6,2,3,0,1,0,0,3,0,1,12,9,5,3,7,6,14,12,56,44,0.00,0.00,0.00,0.00,2.50,50,50,50,50,0,50,100,50,50,14.00,3.00,1.88,3.25,5.40,0.00,0.00,0.00,0.00,0.00,0.00,Stade Bollaert-Delelis
1473444000,Sep 09 2016 - 6:00pm,complete,3308,Niort,Nîmes,N/A,6,0.50,0.50,1.58,1.95,1,3,4,2,0,2,"84","9,14,53",1,4,3,0,2,1,2,1,2,1,14,17,6,9,8,8,13,16,61,39,0.00,0.00,0.00,0.00,2.00,50,50,25,25,25,25,50,25,25,12.50,4.00,2.34,3.04,3.71,0.00,0.00,0.00,0.00,0.00,0.00,Stade René Gaillard (Niort)
1473444000,Sep 09 2016 - 6:00pm,complete,8793,Reims,Gazélec Ajaccio,N/A,6,3.00,3.00,1.68,1.16,2,0,2,1,1,0,"7,85","",2,9,2,0,3,0,1,1,2,1,8,16,3,5,5,11,17,15,35,65,0.00,0.00,0.00,0.00,2.00,50,50,50,0,0,25,75,25,75,6.00,5.00,2.24,2.99,4.11,0.00,0.00,0.00,0.00,0.00,0.00,Stade Auguste-Delaune II
1473512400,Sep 10 2016 - 1:00pm,complete,7777,Le Havre,Valenciennes,N/A,6,1.50,0.50,1.58,0.84,2,2,4,3,1,2,"10,68","11,18",8,2,2,1,1,0,1,2,1,0,19,12,10,6,9,6,12,12,59,41,0.00,0.00,0.00,0.00,2.50,50,50,50,50,25,50,75,25,50,12.50,4.50,1.69,3.55,6.55,0.00,0.00,0.00,0.00,0.00,0.00,Stade Océane
1473705000,Sep 12 2016 - 6:30pm,complete,14534,Strasbourg,Troyes,N/A,6,2.00,1.50,2.32,1.21,2,0,2,1,1,0,"25,90'1","",1,2,1,0,1,1,0,1,2,0,15,4,9,0,6,4,12,12,57,43,0.00,0.00,0.00,0.00,2.50,75,75,50,25,0,50,75,25,50,7.50,4.50,1.80,3.32,5.95,0.00,0.00,0.00,0.00,0.00,0.00,Stade de la Meinau
1474048800,Sep 16 2016 - 6:00pm,complete,1936,Bourg-en-Bresse,Le Havre,N/A,7,0.67,1.67,1.26,1.26,2,1,3,2,1,1,"45'2,86","13",3,8,0,0,0,0,0,0,0,0,10,10,6,4,4,6,8,11,44,56,0.00,0.00,0.00,0.00,2.17,50,50,34,34,17,17,67,34,50,10.67,3.67,3.01,3.19,2.63,0.00,0.00,0.00,0.00,0.00,0.00,Stade Marcel-Verchère
1474048800,Sep 16 2016 - 6:00pm,complete,3888,Clermont,Lens,N/A,7,1.33,1.67,1.16,1.68,1,1,2,0,0,0,"76","55",6,5,2,0,2,0,0,2,1,1,15,14,7,9,8,5,10,12,45,55,0.00,0.00,0.00,0.00,1.67,50,67,34,0,0,17,67,17,67,6.67,2.33,2.53,3.00,3.36,0.00,0.00,0.00,0.00,0.00,0.00,Stade Gabriel Montpied (Clermont-Ferrand)
1474048800,Sep 16 2016 - 6:00pm,complete,3891,Orléans,Strasbourg,N/A,7,1.33,1.67,1.63,1.21,3,1,4,1,1,0,"5,49,67","90'1",1,5,3,0,1,0,1,2,0,1,9,11,8,5,1,6,10,14,43,57,0.00,0.00,0.00,0.00,1.50,34,50,17,17,0,0,33,50,50,12.66,2.67,2.94,2.80,3.04,0.00,0.00,0.00,0.00,0.00,0.00,Stade de la Source
1474048800,Sep 16 2016 - 6:00pm,complete,3497,Red Star,Laval,N/A,7,0.67,0.33,1.11,0.68,1,0,1,0,0,0,"54","",4,9,1,0,1,1,0,1,2,0,15,3,7,0,8,3,18,7,47,53,0.00,0.00,0.00,0.00,1.00,0,33,17,0,0,17,33,17,33,6.00,4.66,2.10,3.09,4.44,0.00,0.00,0.00,0.00,0.00,0.00,Stade Jean Bouin
1474048800,Sep 16 2016 - 6:00pm,complete,8194,Sochaux,Reims,N/A,7,1.00,1.00,1.21,1.21,1,1,2,1,0,1,"75","36",4,3,2,0,0,0,0,2,0,0,19,8,5,4,14,4,13,14,52,48,0.00,0.00,0.00,0.00,1.33,50,50,17,17,0,0,17,50,50,10.00,4.34,2.27,2.97,4.02,0.00,0.00,0.00,0.00,0.00,0.00,Stade Auguste-Bonal
1474048800,Sep 16 2016 - 6:00pm,complete,4357,Tours,Nîmes,N/A,7,0.67,1.33,1.21,1.95,1,3,4,3,1,2,"11","8,37,71",5,2,3,0,2,0,0,3,0,2,8,10,4,4,4,6,19,17,52,48,0.00,0.00,0.00,0.00,2.17,67,67,33,33,0,17,50,67,67,8.67,5.33,2.36,3.07,3.62,0.00,0.00,0.00,0.00,0.00,0.00,Stade de la Vallée du Cher
1474048800,Sep 16 2016 - 6:00pm,complete,5796,Troyes,Niort,N/A,7,1.33,0.67,2.26,1.00,1,1,2,1,0,1,"62","41",9,2,1,0,1,0,0,1,0,1,14,7,6,5,8,2,14,11,64,36,0.00,0.00,0.00,0.00,2.50,67,84,33,33,0,0,67,50,84,8.67,5.67,2.32,3.06,3.73,0.00,0.00,0.00,0.00,0.00,0.00,Stade de l'Aube
1474048800,Sep 16 2016 - 6:00pm,complete,10294,Valenciennes,Ajaccio,N/A,7,2.33,0.33,1.53,0.58,1,1,2,1,1,0,"4","53",8,2,2,0,4,0,2,0,3,1,10,8,5,4,5,4,15,11,50,50,0.00,0.00,0.00,0.00,1.50,17,67,17,0,0,0,33,50,67,7.33,5.00,2.62,2.94,3.30,0.00,0.00,0.00,0.00,0.00,0.00,Stade du Hainaut
1474121700,Sep 17 2016 - 2:15pm,complete,6338,Brest,Auxerre,N/A,7,2.00,1.67,1.68,1.11,1,0,1,0,0,0,"71","",8,5,2,0,3,1,0,2,1,3,18,11,7,3,11,8,11,11,54,46,0.00,0.00,0.00,0.00,2.67,50,67,50,33,33,50,67,33,67,7.00,2.34,2.04,3.15,4.58,0.00,0.00,0.00,0.00,0.00,0.00,Stade Francis-Le Blé
1474309800,Sep 19 2016 - 6:30pm,complete,13015,Strasbourg,Red Star,N/A,8,2.33,1.33,2.32,0.79,0,0,0,0,0,0,"","",12,2,0,0,0,0,0,0,0,0,14,7,4,5,10,2,3,4,58,42,0.00,0.00,0.00,0.00,1.84,50,67,34,0,0,0,67,50,67,9.00,4.00,1.92,3.19,5.25,0.00,0.00,0.00,0.00,0.00,0.00,Stade de la Meinau
1474398000,Sep 20 2016 - 7:00pm,complete,2457,Ajaccio,Auxerre,N/A,8,2.00,1.25,1.95,1.11,2,0,2,1,1,0,"1,73","",3,2,2,0,1,0,2,0,0,1,13,7,5,5,8,2,13,8,48,52,0.00,0.00,0.00,0.00,2.54,63,63,63,29,13,46,63,46,59,7.92,4.25,2.04,3.11,4.68,0.00,0.00,0.00,0.00,0.00,0.00,Stade François Coty
1474398000,Sep 20 2016 - 7:00pm,complete,8126,Amiens SC,Valenciennes,N/A,8,2.33,0.67,1.79,0.84,0,0,0,0,0,0,"","",6,5,1,0,2,0,1,0,1,1,14,9,6,3,8,6,15,12,55,45,0.00,0.00,0.00,0.00,2.84,67,84,50,50,17,50,67,50,84,9.00,3.67,1.95,3.18,5.03,0.00,0.00,0.00,0.00,0.00,0.00,Stade de la Licorne (Amiens)
1474398000,Sep 20 2016 - 7:00pm,complete,4077,Laval,Sochaux,N/A,8,1.33,2.33,0.89,1.21,1,1,2,0,0,0,"59","90",5,6,1,0,1,0,0,1,0,1,7,13,4,5,3,8,7,11,46,54,0.00,0.00,0.00,0.00,2.33,67,67,50,33,0,33,33,50,84,9.00,3.33,3.51,2.88,2.54,0.00,0.00,0.00,0.00,0.00,0.00,Stade Francis Le Basser
1474398000,Sep 20 2016 - 7:00pm,complete,6704,Le Havre,Brest,N/A,8,1.33,1.67,1.58,1.74,1,1,2,1,0,1,"70","44",3,4,3,0,0,0,1,2,0,0,15,10,8,3,7,7,10,12,54,46,0.00,0.00,0.00,0.00,2.67,50,67,67,50,0,50,84,17,67,13.34,4.67,2.05,3.14,4.57,0.00,0.00,0.00,0.00,0.00,0.00,Stade Océane
1474398000,Sep 20 2016 - 7:00pm,complete,26122,Lens,Orléans,N/A,8,0.67,0.33,1.74,0.58,4,2,6,3,1,2,"31,54,64,73","8,40",3,3,2,0,2,0,1,1,2,0,14,9,6,4,8,5,14,14,64,36,0.00,0.00,0.00,0.00,2.33,67,67,50,33,0,50,67,50,67,12.66,5.33,1.97,3.13,5.04,0.00,0.00,0.00,0.00,0.00,0.00,Stade Bollaert-Delelis
1474398000,Sep 20 2016 - 7:00pm,complete,5010,Nîmes,Troyes,N/A,8,0.33,1.00,1.42,1.21,2,2,4,0,0,0,"52,90'4","63,79",7,1,1,1,2,1,1,1,1,2,17,5,7,3,10,2,13,15,60,40,0.00,0.00,0.00,0.00,2.67,50,84,50,33,17,50,84,17,67,8.67,6.33,2.11,3.28,4.06,0.00,0.00,0.00,0.00,0.00,0.00,Stade des Costières
1474398000,Sep 20 2016 - 7:00pm,complete,2928,Niort,Gazélec Ajaccio,N/A,8,0.33,2.00,1.58,1.16,0,0,0,0,0,0,"","",3,2,2,0,2,0,0,2,1,1,11,12,8,6,3,6,13,15,42,58,0.00,0.00,0.00,0.00,2.50,50,67,50,34,17,50,67,17,67,9.33,3.66,2.90,2.92,2.96,0.00,0.00,0.00,0.00,0.00,0.00,Stade René Gaillard (Niort)
1474398000,Sep 20 2016 - 7:00pm,complete,7847,Reims,Clermont,N/A,8,3.00,2.00,1.68,1.26,2,1,3,0,0,0,"55,88","71",4,8,2,0,2,0,0,2,0,2,9,11,4,7,5,4,13,14,56,44,0.00,0.00,0.00,0.00,1.84,17,67,17,0,0,0,84,17,84,8.33,4.67,2.05,3.16,4.53,0.00,0.00,0.00,0.00,0.00,0.00,Stade Auguste-Delaune II
1474398000,Sep 20 2016 - 7:00pm,complete,3767,Tours,Bourg-en-Bresse,N/A,8,0.50,0.33,1.21,1.05,0,2,2,0,0,0,"","76,82",10,5,0,0,1,0,0,0,1,0,14,9,7,6,7,3,11,9,44,56,0.00,0.00,0.00,0.00,2.42,71,71,42,42,0,29,59,59,71,7.67,3.25,2.18,3.19,3.95,0.00,0.00,0.00,0.00,0.00,0.00,Stade de la Vallée du Cher
1474653600,Sep 23 2016 - 6:00pm,complete,4324,Auxerre,Le Havre,N/A,9,0.33,1.25,1.16,1.26,0,1,1,0,0,0,"","82",4,11,1,0,2,0,0,1,1,1,8,12,4,6,4,6,12,10,50,50,0.00,0.00,0.00,0.00,1.42,42,42,29,0,0,29,54,0,59,13.50,3.92,2.86,3.03,2.89,0.00,0.00,0.00,0.00,0.00,0.00,Stade de l'Abbé Deschamps (Auxerre)
1474653600,Sep 23 2016 - 6:00pm,complete,1868,Bourg-en-Bresse,Laval,N/A,9,1.25,0.25,1.26,0.68,0,0,0,0,0,0,"","",1,3,3,0,3,0,0,3,2,1,7,9,3,4,4,5,24,13,50,50,0.00,0.00,0.00,0.00,2.13,38,50,38,25,13,25,50,38,63,10.50,4.75,2.11,3.16,4.25,0.00,0.00,0.00,0.00,0.00,0.00,Stade Marcel-Verchère
1474653600,Sep 23 2016 - 6:00pm,complete,2853,Clermont,Strasbourg,N/A,9,1.25,1.25,1.16,1.21,0,0,0,0,0,0,"","",4,3,0,0,0,0,0,0,0,0,14,11,7,4,7,7,15,18,48,52,0.00,0.00,0.00,0.00,2.25,75,75,50,25,0,13,50,63,75,9.50,2.75,2.84,2.95,2.99,0.00,0.00,0.00,0.00,0.00,0.00,Stade Gabriel Montpied (Clermont-Ferrand)
1474653600,Sep 23 2016 - 6:00pm,complete,3105,Gazélec Ajaccio,Nîmes,N/A,9,1.00,1.75,1.53,1.95,0,2,2,2,0,2,"","6,42",10,4,2,0,2,1,1,1,0,3,16,13,2,5,14,8,13,12,61,39,0.00,0.00,0.00,0.00,2.04,71,71,25,25,0,25,54,42,71,13.25,5.33,2.05,3.24,4.36,0.00,0.00,0.00,0.00,0.00,0.00,Stade Ange Casanova
1474653600,Sep 23 2016 - 6:00pm,complete,3765,Orléans,Amiens SC,N/A,9,1.75,2.00,1.63,1.68,1,2,3,1,0,1,"90'4","21,71",6,3,4,1,2,0,2,3,2,0,13,12,3,8,10,4,9,12,54,46,0.00,0.00,0.00,0.00,2.04,29,42,29,29,17,17,75,42,42,10.67,4.50,2.54,3.02,3.33,0.00,0.00,0.00,0.00,0.00,0.00,Stade de la Source
1474653600,Sep 23 2016 - 6:00pm,complete,2252,Red Star,Niort,N/A,9,1.25,0.75,1.11,1.00,0,1,1,0,0,0,"","62",6,7,1,0,2,0,0,1,1,1,9,14,4,2,5,12,12,9,48,52,0.00,0.00,0.00,0.00,1.75,38,63,25,13,0,13,50,25,75,5.25,3.75,2.07,3.06,4.64,0.00,0.00,0.00,0.00,0.00,0.00,Stade Jean Bouin
1474653600,Sep 23 2016 - 6:00pm,complete,5929,Troyes,Tours,N/A,9,1.25,1.33,2.26,1.05,3,1,4,3,2,1,"17,32,67","37",4,2,1,0,3,0,1,0,1,2,13,4,7,4,6,0,6,11,61,39,0.00,0.00,0.00,0.00,3.29,88,88,63,63,17,50,88,46,71,8.50,4.58,2.25,3.19,3.73,0.00,0.00,0.00,0.00,0.00,0.00,Stade de l'Aube
1474653600,Sep 23 2016 - 6:00pm,complete,7473,Sochaux,Ajaccio,N/A,9,1.00,0.50,1.21,0.58,1,0,1,1,1,0,"15","",3,2,1,0,2,0,0,1,0,2,14,8,4,3,10,5,8,10,54,46,0.00,0.00,0.00,0.00,1.63,50,63,25,13,0,0,50,38,63,8.25,4.75,2.11,3.04,4.50,0.00,0.00,0.00,0.00,0.00,0.00,Stade Auguste-Bonal
1474722000,Sep 24 2016 - 1:00pm,complete,15323,Valenciennes,Lens,N/A,9,2.00,1.50,1.53,1.68,1,2,3,2,1,1,"31","11,90'3",8,5,1,0,1,1,1,0,1,1,21,6,7,4,14,2,3,4,59,41,0.00,0.00,0.00,0.00,1.50,38,75,0,0,0,0,50,25,75,9.25,3.75,3.27,3.01,2.58,0.00,0.00,0.00,0.00,0.00,0.00,Stade du Hainaut
1474914600,Sep 26 2016 - 6:30pm,complete,6786,Brest,Reims,N/A,9,2.25,1.00,1.68,1.21,2,1,3,0,0,0,"79,88","68",6,2,1,0,2,0,1,0,2,0,19,9,6,3,13,6,7,11,58,42,0.00,0.00,0.00,0.00,2.13,63,75,25,13,13,25,50,38,88,10.25,3.00,2.69,3.02,3.10,0.00,0.00,0.00,0.00,0.00,0.00,Stade Francis-Le Blé
1474993800,Sep 27 2016 - 4:30pm,complete,2915,Gazélec Ajaccio,Amiens SC,N/A,7,0.75,2.25,1.53,1.68,1,1,2,0,0,0,"83","60",4,2,2,1,4,1,2,1,0,5,18,13,6,3,12,10,15,17,47,53,0.00,0.00,0.00,0.00,2.00,50,63,25,13,13,25,75,38,50,14.25,5.00,2.07,3.02,4.73,0.00,0.00,0.00,0.00,0.00,0.00,Stade Ange Casanova
1475258400,Sep 30 2016 - 6:00pm,complete,2501,Ajaccio,Brest,N/A,10,2.25,1.50,1.95,1.74,1,1,2,0,0,0,"52","80",3,14,4,1,3,0,2,3,1,2,8,10,3,6,5,4,10,11,40,60,0.00,0.00,0.00,0.00,2.63,63,88,63,25,0,38,88,38,75,9.50,3.50,2.31,3.02,3.81,0.00,0.00,0.00,0.00,0.00,0.00,Stade François Coty
1475258400,Sep 30 2016 - 6:00pm,complete,7716,Amiens SC,Troyes,N/A,10,2.00,1.00,1.79,1.21,0,1,1,0,0,0,"","48",4,2,1,0,3,0,1,0,2,1,7,8,2,2,5,6,15,17,59,41,0.00,0.00,0.00,0.00,2.63,63,88,50,38,0,38,63,38,75,8.25,4.00,2.08,3.23,4.27,0.00,0.00,0.00,0.00,0.00,0.00,Stade de la Licorne (Amiens)
1475258400,Sep 30 2016 - 6:00pm,complete,4186,Laval,Clermont,N/A,10,1.25,1.50,0.89,1.26,1,1,2,1,0,1,"83","6",4,1,1,0,4,2,0,1,3,3,17,6,7,3,10,3,6,15,68,32,0.00,0.00,0.00,0.00,2.13,50,75,25,13,0,13,38,50,100,10.50,3.25,2.55,2.96,3.37,0.00,0.00,0.00,0.00,0.00,0.00,Stade Francis Le Basser
1475258400,Sep 30 2016 - 6:00pm,complete,25112,Lens,Red Star,N/A,10,1.25,1.25,1.74,0.79,2,0,2,1,1,0,"32,47","",6,7,0,0,2,0,0,0,0,2,18,12,10,7,8,5,8,9,61,39,0.00,0.00,0.00,0.00,2.38,63,63,50,25,13,25,63,63,63,11.75,3.50,1.89,3.19,5.46,0.00,0.00,0.00,0.00,0.00,0.00,Stade Bollaert-Delelis
1475258400,Sep 30 2016 - 6:00pm,complete,5319,Nîmes,Bourg-en-Bresse,N/A,10,0.50,1.00,1.42,1.05,0,0,0,0,0,0,"","",6,2,2,0,2,0,1,1,1,1,20,6,7,2,13,4,12,11,59,41,0.00,0.00,0.00,0.00,2.50,50,75,38,38,13,25,50,63,75,10.25,5.00,1.86,3.48,5.00,0.00,0.00,0.00,0.00,0.00,0.00,Stade des Costières
1475258400,Sep 30 2016 - 6:00pm,complete,3125,Niort,Orléans,N/A,10,0.50,0.25,1.58,0.58,1,0,1,1,1,0,"45","",9,7,2,0,2,1,1,1,0,3,10,15,4,6,6,9,9,13,53,47,0.00,0.00,0.00,0.00,2.75,63,63,63,50,25,63,63,38,50,8.50,4.25,2.19,3.05,4.16,0.00,0.00,0.00,0.00,0.00,0.00,Stade René Gaillard (Niort)
1475258400,Sep 30 2016 - 6:00pm,complete,10073,Reims,Auxerre,N/A,10,3.00,1.00,1.68,1.11,3,0,3,1,1,0,"10,63,84","",8,1,4,0,1,0,1,3,1,0,11,10,6,4,5,6,12,8,51,49,0.00,0.00,0.00,0.00,2.03,35,58,35,10,10,10,58,35,68,5.70,4.50,1.73,3.45,6.34,0.00,0.00,0.00,0.00,0.00,0.00,Stade Auguste-Delaune II
1475258400,Sep 30 2016 - 6:00pm,complete,3650,Tours,Gazélec Ajaccio,N/A,10,0.40,1.75,1.21,1.16,0,3,3,1,0,1,"","43,61,90'3",2,2,3,1,1,0,1,3,1,0,11,8,3,6,8,2,19,11,48,52,0.00,0.00,0.00,0.00,1.95,43,65,33,20,0,23,45,30,78,8.95,4.05,3.35,2.91,2.61,0.00,0.00,0.00,0.00,0.00,0.00,Stade de la Vallée du Cher
1475326800,Oct 01 2016 - 1:00pm,complete,14579,Strasbourg,Valenciennes,N/A,10,2.00,0.75,2.32,0.84,2,4,6,3,1,2,"10,60","26,36,48,83",2,4,2,2,3,0,2,2,1,2,5,15,4,9,1,6,14,9,45,55,0.00,0.00,0.00,0.00,1.75,38,50,25,25,13,25,50,25,50,9.00,3.75,1.84,3.24,5.80,0.00,0.00,0.00,0.00,0.00,0.00,Stade de la Meinau
1475519400,Oct 03 2016 - 6:30pm,complete,7339,Le Havre,Sochaux,N/A,10,1.25,2.00,1.58,1.21,2,1,3,0,0,0,"48,81","75",2,4,0,0,4,0,0,0,1,3,15,10,5,5,10,5,9,19,54,46,0.00,0.00,0.00,0.00,2.50,75,75,50,38,0,38,63,25,75,12.00,4.50,2.18,3.05,4.17,0.00,0.00,0.00,0.00,0.00,0.00,Stade Océane
1476468000,Oct 14 2016 - 6:00pm,complete,2545,Ajaccio,Reims,N/A,11,2.00,0.80,1.95,1.21,1,0,1,1,1,0,"43","",9,7,3,0,0,0,2,1,0,0,7,10,3,2,4,8,13,9,50,50,0.00,0.00,0.00,0.00,2.30,80,90,40,10,0,20,50,60,80,8.20,4.60,2.70,2.90,3.23,0.00,0.00,0.00,0.00,0.00,0.00,Stade François Coty
1476468000,Oct 14 2016 - 6:00pm,complete,4722,Auxerre,Laval,N/A,11,0.25,0.40,1.16,0.68,2,0,2,1,1,0,"44,77","",2,4,1,0,1,0,0,1,1,0,13,12,8,4,5,8,14,17,50,50,0.00,0.00,0.00,0.00,1.03,13,23,13,0,0,13,23,10,58,11.80,5.45,2.27,2.95,4.08,0.00,0.00,0.00,0.00,0.00,0.00,Stade de l'Abbé Deschamps (Auxerre)
1476468000,Oct 14 2016 - 6:00pm,complete,1927,Bourg-en-Bresse,Amiens SC,N/A,11,1.20,2.00,1.26,1.68,2,4,6,2,1,1,"17,73","12,68,78,86",0,0,2,0,2,0,0,2,0,2,0,0,0,0,0,0,13,13,-1,-1,0.00,0.00,0.00,0.00,2.50,60,60,50,30,20,30,70,50,60,8.80,5.00,2.78,2.96,3.06,0.00,0.00,0.00,0.00,0.00,0.00,Stade Marcel-Verchère
1476468000,Oct 14 2016 - 6:00pm,complete,2455,Clermont,Le Havre,N/A,11,1.20,1.60,1.16,1.26,1,3,4,1,0,1,"63","21,51,56",6,4,2,0,1,0,0,2,0,1,22,18,12,10,10,8,10,10,56,44,0.00,0.00,0.00,0.00,1.50,50,50,30,0,0,20,50,20,60,10.20,2.40,2.57,3.02,3.28,0.00,0.00,0.00,0.00,0.00,0.00,Stade Gabriel Montpied (Clermont-Ferrand)
1476468000,Oct 14 2016 - 6:00pm,complete,3739,Orléans,Tours,N/A,11,1.40,1.00,1.63,1.05,0,0,0,0,0,0,"","",4,1,2,0,1,0,1,1,1,0,13,8,3,3,10,5,12,13,67,33,0.00,0.00,0.00,0.00,3.13,70,80,70,60,13,50,80,55,68,7.20,4.90,2.17,3.06,4.21,0.00,0.00,0.00,0.00,0.00,0.00,Stade de la Source
1476468000,Oct 14 2016 - 6:00pm,complete,3305,Red Star,Nîmes,N/A,11,1.00,2.00,1.11,1.95,3,3,6,4,2,2,"4,35,54","17,21,50",4,9,0,0,1,0,0,0,0,1,9,21,6,6,3,15,7,7,49,51,0.00,0.00,0.00,0.00,1.80,30,50,30,20,0,40,50,20,60,7.40,4.40,2.37,3.00,3.71,0.00,0.00,0.00,0.00,0.00,0.00,Stade Jean Bouin
1476468000,Oct 14 2016 - 6:00pm,complete,5994,Troyes,Gazélec Ajaccio,N/A,11,1.60,2.00,2.26,1.16,1,0,1,1,1,0,"45","",3,4,2,0,2,0,2,0,2,0,12,7,5,2,7,5,10,10,51,49,0.00,0.00,0.00,0.00,2.20,50,70,40,20,0,20,70,20,80,9.40,4.00,2.51,2.98,3.44,0.00,0.00,0.00,0.00,0.00,0.00,Stade de l'Aube
1476468000,Oct 14 2016 - 6:00pm,complete,6688,Valenciennes,Niort,N/A,11,1.60,1.20,1.53,1.00,3,1,4,0,0,0,"57,86,88","53",5,3,2,0,5,0,1,1,3,2,17,11,7,7,10,4,13,11,61,39,0.00,0.00,0.00,0.00,2.00,50,80,20,10,0,10,60,30,90,9.20,4.40,2.17,3.03,4.26,0.00,0.00,0.00,0.00,0.00,0.00,Stade du Hainaut
1476536400,Oct 15 2016 - 1:00pm,complete,7311,Brest,Strasbourg,N/A,11,2.40,1.20,1.68,1.21,2,1,3,2,1,1,"38,90'2","24",7,4,0,0,3,1,0,0,1,3,0,0,0,0,0,0,9,12,-1,-1,0.00,0.00,0.00,0.00,2.40,60,70,50,30,10,20,50,50,80,11.60,2.20,2.19,2.97,4.31,0.00,0.00,0.00,0.00,0.00,0.00,Stade Francis-Le Blé
1476729000,Oct 17 2016 - 6:30pm,complete,10179,Sochaux,Lens,N/A,11,1.40,1.80,1.21,1.68,1,0,1,1,1,0,"22","",4,7,2,0,1,0,0,2,0,1,7,10,0,3,7,7,14,8,36,64,0.00,0.00,0.00,0.00,1.60,50,60,20,10,0,10,60,20,60,9.20,3.40,2.54,2.93,3.45,0.00,0.00,0.00,0.00,0.00,0.00,Stade Auguste-Bonal
1477072800,Oct 21 2016 - 6:00pm,complete,2950,Gazélec Ajaccio,Orléans,N/A,12,0.80,0.20,1.53,0.58,2,0,2,1,1,0,"43,70","",3,1,2,0,2,0,1,1,1,1,21,11,10,6,11,5,11,24,56,44,0.00,0.00,0.00,0.00,2.20,60,70,30,20,10,40,60,40,60,12.80,5.60,2.02,3.21,4.60,0.00,0.00,0.00,0.00,0.00,0.00,Stade Ange Casanova
1477072800,Oct 21 2016 - 6:00pm,complete,5271,Laval,Brest,N/A,12,1.20,1.40,0.89,1.74,0,1,1,0,0,0,"","88",3,4,1,0,2,0,0,1,0,2,10,10,4,4,6,6,11,11,52,48,0.00,0.00,0.00,0.00,2.20,70,80,30,20,0,20,50,50,90,11.00,3.00,2.90,2.97,2.90,0.00,0.00,0.00,0.00,0.00,0.00,Stade Francis Le Basser
1477072800,Oct 21 2016 - 6:00pm,complete,9564,Le Havre,Ajaccio,N/A,12,1.60,0.40,1.58,0.58,2,0,2,1,1,0,"19,86","",5,5,2,0,5,0,0,2,2,3,11,13,6,3,5,10,7,16,49,51,0.00,0.00,0.00,0.00,2.20,60,70,40,20,0,20,70,30,70,9.00,5.00,1.92,3.25,5.13,0.00,0.00,0.00,0.00,0.00,0.00,Stade Océane
1477072800,Oct 21 2016 - 6:00pm,complete,5974,Nîmes,Sochaux,N/A,12,0.60,1.60,1.42,1.21,0,0,0,0,0,0,"","",7,2,4,0,1,0,2,2,0,1,13,8,4,2,9,6,19,14,53,47,0.00,0.00,0.00,0.00,2.30,60,70,50,30,10,20,30,50,70,10.80,5.80,2.68,3.13,3.01,0.00,0.00,0.00,0.00,0.00,0.00,Stade des Costières
1477072800,Oct 21 2016 - 6:00pm,complete,3302,Niort,Clermont,N/A,12,1.00,1.40,1.58,1.26,2,1,3,2,2,0,"43,44","87",1,9,3,0,2,1,0,3,0,3,11,18,7,6,4,12,18,15,56,44,0.00,0.00,0.00,0.00,2.00,40,60,30,20,10,20,60,20,60,10.20,4.40,2.80,3.07,2.92,0.00,0.00,0.00,0.00,0.00,0.00,Stade René Gaillard (Niort)
1477072800,Oct 21 2016 - 6:00pm,complete,16133,Strasbourg,Auxerre,N/A,12,1.60,0.83,2.32,1.11,2,1,3,1,1,0,"15,83","70",6,1,2,0,4,0,1,1,2,2,6,7,4,3,2,4,17,15,48,52,0.00,0.00,0.00,0.00,2.10,29,55,27,19,19,19,55,37,64,6.80,4.43,2.16,3.13,4.12,0.00,0.00,0.00,0.00,0.00,0.00,Stade de la Meinau
1477072800,Oct 21 2016 - 6:00pm,complete,3877,Tours,Valenciennes,N/A,12,0.33,1.20,1.21,0.84,4,1,5,4,3,1,"6,11,43,72","15",5,6,2,1,3,0,1,2,1,2,5,4,5,3,0,1,18,10,44,56,0.00,0.00,0.00,0.00,2.75,55,72,55,47,20,39,55,54,72,8.27,4.53,2.80,3.09,2.91,0.00,0.00,0.00,0.00,0.00,0.00,Stade de la Vallée du Cher
1477072800,Oct 21 2016 - 6:00pm,complete,9558,Troyes,Bourg-en-Bresse,N/A,12,1.83,1.00,2.26,1.05,1,0,1,0,0,0,"49","",7,4,1,0,1,0,0,1,1,0,17,7,9,2,8,5,13,10,56,44,0.00,0.00,0.00,0.00,2.07,54,64,27,27,0,19,62,39,64,9.10,3.20,2.22,3.32,3.65,0.00,0.00,0.00,0.00,0.00,0.00,Stade de l'Aube
1477141200,Oct 22 2016 - 1:00pm,complete,33206,Lens,Reims,N/A,12,1.60,0.67,1.74,1.21,1,1,2,0,0,0,"84","53",4,7,1,0,2,1,0,1,1,2,9,7,5,3,4,4,9,10,63,37,0.00,0.00,0.00,0.00,2.34,64,74,29,20,10,20,57,55,74,10.97,3.47,2.63,3.06,3.15,0.00,0.00,0.00,0.00,0.00,0.00,Stade Bollaert-Delelis
1477333800,Oct 24 2016 - 6:30pm,complete,9050,Amiens SC,Red Star,N/A,12,1.60,1.00,1.79,0.79,0,0,0,0,0,0,"","",0,0,2,0,2,0,0,2,1,1,0,0,0,0,0,0,17,16,-1,-1,0.00,0.00,0.00,0.00,1.70,40,60,30,10,0,10,50,40,70,10.80,2.80,2.16,3.12,4.15,0.00,0.00,0.00,0.00,0.00,0.00,Stade de la Licorne (Amiens)
1477677600,Oct 28 2016 - 6:00pm,complete,2671,Ajaccio,Laval,N/A,13,2.17,0.33,1.95,0.68,1,3,4,2,1,1,"11","38,46,57",2,2,5,0,0,0,1,4,0,0,6,14,4,6,2,8,17,6,48,52,0.00,0.00,0.00,0.00,1.75,34,58,25,9,0,17,58,34,59,10.00,5.50,2.18,3.04,4.21,0.00,0.00,0.00,0.00,0.00,0.00,Stade François Coty
1477677600,Oct 28 2016 - 6:00pm,complete,2264,Bourg-en-Bresse,Gazélec Ajaccio,N/A,13,1.00,1.67,1.26,1.16,1,0,1,1,1,0,"27","",2,2,1,0,2,0,1,0,0,2,9,14,4,4,5,10,12,8,46,54,0.00,0.00,0.00,0.00,2.42,42,59,50,25,17,34,67,34,67,7.17,3.83,3.00,3.05,2.75,0.00,0.00,0.00,0.00,0.00,0.00,Stade Marcel-Verchère
1477677600,Oct 28 2016 - 6:00pm,complete,4081,Orléans,Troyes,N/A,13,1.33,1.40,1.63,1.21,1,1,2,1,0,1,"84","7",0,0,2,0,2,0,2,0,1,1,18,6,7,2,11,4,14,12,58,42,0.00,0.00,0.00,0.00,2.24,47,65,47,29,0,20,55,35,65,7.20,4.93,2.49,3.15,3.27,0.00,0.00,0.00,0.00,0.00,0.00,Stade de la Source
1477677600,Oct 28 2016 - 6:00pm,complete,3810,Red Star,Tours,N/A,13,1.00,1.00,1.11,1.05,3,1,4,3,3,0,"34,42,44","47",2,1,1,0,1,0,0,1,1,0,15,13,7,5,8,8,13,8,46,54,0.00,0.00,0.00,0.00,2.62,49,57,57,49,19,57,57,29,64,5.13,3.20,2.28,3.15,3.73,0.00,0.00,0.00,0.00,0.00,0.00,Stade Jean Bouin
1477677600,Oct 28 2016 - 6:00pm,complete,10071,Reims,Le Havre,N/A,13,3.00,1.83,1.68,1.26,1,0,1,1,1,0,"4","",5,3,3,0,0,0,2,1,0,0,13,11,6,4,7,7,10,2,44,56,0.00,0.00,0.00,0.00,2.12,45,65,47,9,0,9,74,39,74,10.57,4.13,2.37,3.18,3.48,0.00,0.00,0.00,0.00,0.00,0.00,Stade Auguste-Delaune II
1477677600,Oct 28 2016 - 6:00pm,complete,7230,Valenciennes,Nîmes,N/A,13,1.83,1.83,1.53,1.95,2,3,5,1,1,0,"21,66","65,72,76",5,6,2,0,2,0,0,2,1,1,16,17,10,8,6,9,8,13,53,47,0.00,0.00,0.00,0.00,2.67,59,83,42,34,9,42,67,42,75,10.50,4.83,2.51,3.22,3.16,0.00,0.00,0.00,0.00,0.00,0.00,Stade du Hainaut
1477746000,Oct 29 2016 - 1:00pm,complete,4934,Auxerre,Niort,N/A,13,0.80,1.00,1.16,1.00,0,4,4,1,0,1,"","34,58,77,90'2",8,3,2,0,1,0,1,1,1,0,9,9,5,6,4,3,16,15,54,46,0.00,0.00,0.00,0.00,1.95,44,62,27,17,0,10,45,25,90,9.50,4.83,2.44,3.11,3.40,0.00,0.00,0.00,0.00,0.00,0.00,Stade de l'Abbé Deschamps (Auxerre)
1477746000,Oct 29 2016 - 1:00pm,complete,2806,Clermont,Amiens SC,N/A,13,1.00,2.17,1.16,1.68,1,0,1,0,0,0,"68","",0,5,1,0,1,0,0,1,1,0,8,11,5,7,3,4,17,17,48,52,0.00,0.00,0.00,0.00,2.50,67,67,50,25,17,25,67,59,67,7.67,4.17,2.50,3.13,3.27,0.00,0.00,0.00,0.00,0.00,0.00,Stade Gabriel Montpied (Clermont-Ferrand)
1477746000,Oct 29 2016 - 1:00pm,complete,16037,Sochaux,Strasbourg,N/A,13,1.67,1.00,1.21,1.21,1,2,3,1,0,1,"90","42,81",7,0,1,0,1,0,1,0,0,1,15,5,7,3,8,2,16,19,62,38,0.00,0.00,0.00,0.00,1.75,50,50,34,25,0,9,59,34,50,9.84,3.34,2.19,3.01,4.23,0.00,0.00,0.00,0.00,0.00,0.00,Stade Auguste-Bonal
1477942200,Oct 31 2016 - 7:30pm,complete,12502,Brest,Lens,N/A,13,2.50,1.50,1.68,1.68,1,2,3,2,1,1,"37","22,72",6,5,2,0,2,1,1,1,0,3,11,10,9,5,2,5,11,12,49,51,0.00,0.00,0.00,0.00,2.25,59,75,42,9,9,34,67,25,84,11.16,2.50,2.56,3.01,3.31,0.00,0.00,0.00,0.00,0.00,0.00,Stade Francis-Le Blé
1478286000,Nov 04 2016 - 7:00pm,complete,7423,Amiens SC,Auxerre,N/A,14,1.50,0.71,1.79,1.11,0,0,0,0,0,0,"","",8,4,1,0,3,0,1,0,0,3,17,7,8,4,9,3,9,11,58,42,0.00,0.00,0.00,0.00,1.82,31,54,30,16,7,16,45,38,69,6.53,3.64,1.85,3.27,5.64,0.00,0.00,0.00,0.00,0.00,0.00,Stade de la Licorne (Amiens)
1478286000,Nov 04 2016 - 7:00pm,complete,1728,Bourg-en-Bresse,Orléans,N/A,14,1.29,0.17,1.26,0.58,0,0,0,0,0,0,"","",6,6,1,1,2,1,0,2,2,1,9,9,4,5,5,4,10,24,57,43,0.00,0.00,0.00,0.00,2.77,54,62,54,38,23,47,77,38,62,7.43,4.54,2.39,3.04,3.60,0.00,0.00,0.00,0.00,0.00,0.00,Stade Marcel-Verchère
1478286000,Nov 04 2016 - 7:00pm,complete,3021,Gazélec Ajaccio,Red Star,N/A,14,1.17,1.00,1.53,0.79,2,1,3,1,1,0,"40,55","46",2,6,2,0,1,0,1,1,0,1,7,11,3,6,4,5,14,11,49,51,0.00,0.00,0.00,0.00,1.50,42,67,17,0,0,9,50,33,59,11.66,4.00,2.05,3.12,4.64,0.00,0.00,0.00,0.00,0.00,0.00,Stade Ange Casanova
1478286000,Nov 04 2016 - 7:00pm,complete,4367,Laval,Le Havre,N/A,14,1.00,1.57,0.89,1.26,0,2,2,0,0,0,"","59,90'4",3,4,1,0,2,0,0,1,1,1,8,7,3,4,5,3,17,13,-1,-1,0.00,0.00,0.00,0.00,1.86,55,55,23,16,0,16,52,32,79,10.04,2.31,3.08,2.91,2.79,0.00,0.00,0.00,0.00,0.00,0.00,Stade Francis Le Basser
1478286000,Nov 04 2016 - 7:00pm,complete,4834,Nîmes,Clermont,N/A,14,0.67,1.17,1.42,1.26,1,1,2,1,1,0,"3","66",3,1,2,1,3,0,0,3,1,2,13,8,5,3,8,5,14,19,39,61,0.00,0.00,0.00,0.00,2.00,42,67,33,17,9,17,50,25,75,11.83,6.67,2.03,3.21,4.48,0.00,0.00,0.00,0.00,0.00,0.00,Stade des Costières
1478286000,Nov 04 2016 - 7:00pm,complete,3485,Niort,Sochaux,N/A,14,1.33,1.50,1.58,1.21,2,0,2,2,2,0,"28,43","",3,9,4,1,4,0,2,3,2,2,7,9,4,4,3,5,15,18,47,53,0.00,0.00,0.00,0.00,2.09,59,59,50,25,9,34,42,34,50,8.84,3.83,2.81,2.89,3.09,0.00,0.00,0.00,0.00,0.00,0.00,Stade René Gaillard (Niort)
1478286000,Nov 04 2016 - 7:00pm,complete,4107,Tours,Brest,N/A,14,0.71,1.67,1.21,1.74,0,1,1,1,0,1,"","36",2,2,0,1,2,0,0,1,1,1,9,7,4,3,5,4,17,11,40,60,0.00,0.00,0.00,0.00,2.43,54,77,45,30,7,23,54,45,85,10.71,4.26,3.14,2.94,2.72,0.00,0.00,0.00,0.00,0.00,0.00,Stade de la Vallée du Cher
1478286000,Nov 04 2016 - 7:00pm,complete,6328,Troyes,Valenciennes,N/A,14,2.00,1.00,2.26,0.84,2,0,2,1,1,0,"14,52","",7,4,2,0,1,0,2,0,0,1,14,5,3,0,11,5,14,11,50,50,0.00,0.00,0.00,0.00,2.74,62,62,48,48,25,41,69,24,69,9.71,4.19,2.07,3.20,4.35,0.00,0.00,0.00,0.00,0.00,0.00,Stade de l'Aube
1478354400,Nov 05 2016 - 2:00pm,complete,15578,Strasbourg,Reims,N/A,14,1.83,0.71,2.32,1.21,1,2,3,1,0,1,"88","29,69",4,1,4,0,3,0,2,2,1,2,15,6,5,5,10,1,18,15,62,38,0.00,0.00,0.00,0.00,2.02,61,69,24,9,9,9,48,54,69,9.57,4.36,2.50,2.95,3.49,0.00,0.00,0.00,0.00,0.00,0.00,Stade de la Meinau
1478547000,Nov 07 2016 - 7:30pm,complete,24248,Lens,Ajaccio,N/A,14,1.50,0.33,1.74,0.58,1,1,2,0,0,0,"71","75",3,4,0,0,2,0,0,0,2,0,8,5,0,2,8,3,7,17,66,34,0.00,0.00,0.00,0.00,2.25,50,75,25,17,9,17,67,50,75,9.50,4.84,1.82,3.20,6.11,0.00,0.00,0.00,0.00,0.00,0.00,Stade Bollaert-Delelis
1479495600,Nov 18 2016 - 7:00pm,complete,2583,Ajaccio,Strasbourg,N/A,15,1.86,1.29,1.95,1.21,2,0,2,1,1,0,"26,78","",3,5,0,0,2,0,0,0,1,1,7,7,3,3,4,4,10,10,49,51,0.00,0.00,0.00,0.00,2.50,71,79,57,29,0,29,72,57,71,9.29,4.57,2.71,2.93,3.17,0.00,0.00,0.00,0.00,0.00,0.00,Stade François Coty
1479495600,Nov 18 2016 - 7:00pm,complete,5966,Auxerre,Lens,N/A,15,0.67,1.71,1.16,1.68,1,1,2,1,0,1,"80","40",2,9,2,0,3,0,0,2,1,2,8,15,5,5,3,10,17,15,40,60,0.00,0.00,0.00,0.00,1.85,37,61,31,9,0,23,61,16,77,11.19,4.00,3.13,3.02,2.67,0.00,0.00,0.00,0.00,0.00,0.00,Stade de l'Abbé Deschamps (Auxerre)
1479495600,Nov 18 2016 - 7:00pm,complete,2344,Clermont,Gazélec Ajaccio,N/A,15,1.29,1.43,1.16,1.16,3,1,4,2,1,1,"18,52,70","10",2,3,3,1,2,1,3,1,2,1,12,11,7,2,5,9,16,16,52,48,0.00,0.00,0.00,0.00,1.72,36,50,36,7,0,14,57,29,64,6.72,3.14,2.74,3.05,3.01,0.00,0.00,0.00,0.00,0.00,0.00,Stade Gabriel Montpied (Clermont-Ferrand)
1479495600,Nov 18 2016 - 7:00pm,complete,3122,Orléans,Nîmes,N/A,15,1.29,2.00,1.63,1.95,2,1,3,1,0,1,"58,82","19",3,7,2,0,1,0,1,1,0,1,15,11,6,3,9,8,13,6,54,46,0.00,0.00,0.00,0.00,2.57,57,72,43,36,15,29,72,50,64,9.43,5.00,2.69,3.14,2.98,0.00,0.00,0.00,0.00,0.00,0.00,Stade de la Source
1479495600,Nov 18 2016 - 7:00pm,complete,8458,Red Star,Troyes,N/A,15,1.29,1.33,1.11,1.21,1,2,3,1,0,1,"60","31,67",2,2,1,0,1,0,0,1,0,1,8,9,4,5,4,4,9,10,50,50,0.00,0.00,0.00,0.00,2.41,48,63,47,31,7,38,55,16,77,4.97,3.50,2.57,3.07,3.23,0.00,0.00,0.00,0.00,0.00,0.00,Stade Jean Bouin
1479495600,Nov 18 2016 - 7:00pm,complete,8307,Reims,Laval,N/A,15,3.00,0.71,1.68,0.68,0,2,2,1,0,1,"","7,72",5,1,2,0,1,0,0,2,0,1,11,7,4,3,7,4,14,15,65,35,0.00,0.00,0.00,0.00,1.80,24,55,32,7,0,7,63,40,62,8.79,5.26,1.78,3.38,5.94,0.00,0.00,0.00,0.00,0.00,0.00,Stade Auguste-Delaune II
1479495600,Nov 18 2016 - 7:00pm,complete,13776,Sochaux,Tours,N/A,15,1.43,0.83,1.21,1.05,2,1,3,1,1,0,"36,90'3","87",8,3,2,0,4,0,0,2,1,3,13,6,6,3,7,3,17,20,50,50,0.00,0.00,0.00,0.00,2.54,63,63,56,49,9,42,77,31,55,6.67,3.57,1.85,3.28,5.58,0.00,0.00,0.00,0.00,0.00,0.00,Stade Auguste-Bonal
1479495600,Nov 18 2016 - 7:00pm,complete,6417,Valenciennes,Bourg-en-Bresse,N/A,15,1.57,0.83,1.53,1.05,3,3,6,2,1,1,"7,63,72","29,61,90'2",3,3,0,0,0,0,0,0,0,0,12,17,8,8,4,9,10,13,50,50,0.00,0.00,0.00,0.00,2.12,45,68,30,23,7,16,45,47,77,9.10,3.17,2.18,3.23,3.89,0.00,0.00,0.00,0.00,0.00,0.00,Stade du Hainaut
1479564000,Nov 19 2016 - 2:00pm,complete,10043,Le Havre,Amiens SC,N/A,15,1.83,1.86,1.58,1.68,0,0,0,0,0,0,"","",10,4,3,0,1,0,0,3,0,1,0,0,0,0,0,0,16,14,52,48,0.00,0.00,0.00,0.00,2.69,62,70,47,31,15,31,77,37,77,9.86,4.88,2.00,3.28,4.54,0.00,0.00,0.00,0.00,0.00,0.00,Stade Océane
1479756600,Nov 21 2016 - 7:30pm,complete,5632,Brest,Niort,N/A,15,2.14,1.29,1.68,1.00,2,3,5,4,1,3,"23,67","8,13,31",8,5,1,0,4,0,0,1,1,3,17,12,8,6,9,6,10,11,53,47,0.00,0.00,0.00,0.00,2.79,64,86,57,29,7,29,64,43,100,9.72,3.57,2.01,3.21,4.62,0.00,0.00,0.00,0.00,0.00,0.00,Stade Francis-Le Blé
1480100400,Nov 25 2016 - 7:00pm,complete,2575,Bourg-en-Bresse,Red Star,N/A,16,1.25,0.86,1.26,0.79,4,1,5,1,1,0,"20,47,72,76","87",2,7,1,0,2,0,0,1,1,1,14,14,8,4,6,10,15,5,43,57,0.00,0.00,0.00,0.00,2.04,47,54,47,19,13,19,60,41,54,8.32,3.31,2.56,3.04,3.28,0.00,0.00,0.00,0.00,0.00,0.00,Stade Marcel-Verchère
1480100400,Nov 25 2016 - 7:00pm,complete,2950,Gazélec Ajaccio,Sochaux,N/A,16,1.43,1.29,1.53,1.21,0,1,1,0,0,0,"","83",6,3,1,0,1,1,1,0,2,0,11,9,5,3,6,6,6,11,59,41,0.00,0.00,0.00,0.00,1.93,57,79,29,7,0,22,43,43,64,11.43,4.72,2.24,2.97,4.14,0.00,0.00,0.00,0.00,0.00,0.00,Stade Ange Casanova
1480100400,Nov 25 2016 - 7:00pm,complete,24297,Lens,Le Havre,N/A,16,1.43,1.75,1.74,1.26,1,0,1,0,0,0,"52","",4,4,1,0,3,0,1,0,1,2,17,6,7,2,10,4,14,15,59,41,0.00,0.00,0.00,0.00,2.23,55,68,27,21,7,21,60,48,75,11.36,2.68,2.22,3.07,4.01,0.00,0.00,0.00,0.00,0.00,0.00,Stade Bollaert-Delelis
1480100400,Nov 25 2016 - 7:00pm,complete,4806,Nîmes,Reims,N/A,16,0.71,1.00,1.42,1.21,3,0,3,2,2,0,"29,45,87","",3,4,2,0,2,0,2,0,1,1,11,10,4,2,7,8,12,21,49,51,0.00,0.00,0.00,0.00,1.87,59,66,27,15,7,7,41,46,66,9.99,5.71,2.86,3.07,2.86,0.00,0.00,0.00,0.00,0.00,0.00,Stade des Costières
1480100400,Nov 25 2016 - 7:00pm,complete,3418,Niort,Ajaccio,N/A,16,1.57,0.43,1.58,0.58,1,1,2,1,1,0,"27","56",5,1,0,0,2,0,0,0,0,2,15,12,6,7,9,5,4,14,53,47,0.00,0.00,0.00,0.00,1.93,43,64,29,15,7,29,64,29,50,7.72,5.29,2.11,3.05,4.47,0.00,0.00,0.00,0.00,0.00,0.00,Stade René Gaillard (Niort)
1480100400,Nov 25 2016 - 7:00pm,complete,3481,Orléans,Valenciennes,N/A,16,1.50,0.86,1.63,0.84,0,2,2,0,0,0,"","77,90'2",6,3,2,0,1,0,1,1,0,1,13,6,7,4,6,2,16,11,54,46,0.00,0.00,0.00,0.00,2.51,54,67,48,35,22,29,67,40,67,8.13,4.39,2.25,3.10,3.88,0.00,0.00,0.00,0.00,0.00,0.00,Stade de la Source
1480100400,Nov 25 2016 - 7:00pm,complete,12017,Strasbourg,Laval,N/A,16,1.57,1.00,2.32,0.68,1,0,1,0,0,0,"69","",5,4,1,0,2,1,0,1,0,3,14,6,4,5,10,1,19,9,60,40,0.00,0.00,0.00,0.00,1.97,35,61,28,14,7,14,61,41,67,8.74,4.96,1.99,3.16,4.87,0.00,0.00,0.00,0.00,0.00,0.00,Stade de la Meinau
1480100400,Nov 25 2016 - 7:00pm,complete,6034,Troyes,Clermont,N/A,16,2.13,1.14,2.26,1.26,1,0,1,1,1,0,"5","",7,5,3,0,2,0,2,1,0,2,8,8,2,3,6,5,19,12,51,49,0.00,0.00,0.00,0.00,2.14,54,75,27,13,0,14,73,14,88,10.74,4.88,2.04,3.28,4.34,0.00,0.00,0.00,0.00,0.00,0.00,Stade de l'Aube
1480100400,Nov 25 2016 - 7:00pm,complete,4266,Tours,Auxerre,N/A,16,0.63,0.75,1.21,1.11,2,1,3,0,0,0,"58,60","78",4,4,1,0,3,0,1,0,0,3,13,8,5,5,8,3,17,14,48,52,0.00,0.00,0.00,0.00,2.26,38,63,44,26,13,19,57,44,69,6.51,4.63,2.35,3.03,3.71,0.00,0.00,0.00,0.00,0.00,0.00,Stade de la Vallée du Cher
1480169400,Nov 26 2016 - 2:10pm,complete,6991,Amiens SC,Brest,N/A,16,1.43,1.86,1.79,1.74,3,0,3,1,1,0,"32,72,78","",8,3,0,0,0,0,0,0,0,0,18,13,7,5,11,8,14,10,45,55,0.00,0.00,0.00,0.00,1.58,36,50,22,14,0,14,43,29,64,10.57,3.29,2.40,3.05,3.56,0.00,0.00,0.00,0.00,0.00,0.00,Stade de la Licorne (Amiens)
1480361400,Nov 28 2016 - 7:30pm,complete,7733,Reims,Niort,N/A,17,2.57,1.50,1.68,1.00,1,0,1,0,0,0,"80","",5,3,3,0,4,0,2,1,1,3,19,8,6,3,13,5,20,13,53,47,0.00,0.00,0.00,0.00,2.57,46,80,47,25,7,7,75,47,86,8.20,5.46,1.83,3.38,5.44,0.00,0.00,0.00,0.00,0.00,0.00,Stade Auguste-Delaune II
1480449600,Nov 29 2016 - 8:00pm,complete,2527,Ajaccio,Amiens SC,N/A,17,2.00,1.75,1.95,1.68,1,1,2,0,0,0,"89","63",7,2,3,0,1,0,1,2,0,1,14,10,5,5,9,5,13,12,55,45,0.00,0.00,0.00,0.00,2.51,57,69,44,25,13,32,76,50,69,8.51,5.13,2.47,2.92,3.60,0.00,0.00,0.00,0.00,0.00,0.00,Stade François Coty
1480449600,Nov 29 2016 - 8:00pm,complete,3886,Auxerre,Nîmes,N/A,17,0.71,1.75,1.16,1.95,2,0,2,1,1,0,"20,73","",2,3,3,0,4,0,1,2,3,1,9,10,6,4,3,6,17,14,51,49,0.00,0.00,0.00,0.00,2.62,52,73,46,32,13,32,73,39,81,11.09,4.50,2.80,3.06,2.92,0.00,0.00,0.00,0.00,0.00,0.00,Stade de l'Abbé Deschamps (Auxerre)
1480449600,Nov 29 2016 - 8:00pm,complete,5892,Brest,Troyes,N/A,17,1.88,1.57,1.68,1.21,2,1,3,2,1,1,"12,65","27",3,3,2,0,3,0,0,2,0,3,12,9,7,5,5,4,14,20,53,47,0.00,0.00,0.00,0.00,2.92,73,87,66,27,13,46,73,27,93,8.36,3.29,2.45,3.07,3.44,0.00,0.00,0.00,0.00,0.00,0.00,Stade Francis-Le Blé
1480449600,Nov 29 2016 - 8:00pm,complete,2195,Clermont,Tours,N/A,17,1.50,0.71,1.16,1.05,0,0,0,0,0,0,"","",10,1,0,0,1,2,0,0,1,2,16,4,8,2,8,2,12,12,65,35,0.00,0.00,0.00,0.00,2.78,75,75,68,48,7,48,68,47,73,5.11,3.79,2.04,3.22,4.47,0.00,0.00,0.00,0.00,0.00,0.00,Stade Gabriel Montpied (Clermont-Ferrand)
1480449600,Nov 29 2016 - 8:00pm,complete,4786,Laval,Lens,N/A,17,0.86,1.63,0.89,1.68,0,1,1,1,0,1,"","45'1",3,4,0,0,2,0,0,0,0,2,6,10,2,4,4,6,9,15,50,50,0.00,0.00,0.00,0.00,1.94,60,73,20,7,0,20,52,35,88,9.52,3.27,3.38,2.91,2.60,0.00,0.00,0.00,0.00,0.00,0.00,Stade Francis Le Basser
1480449600,Nov 29 2016 - 8:00pm,complete,7038,Le Havre,Strasbourg,N/A,17,1.71,1.13,1.58,1.21,0,1,1,0,0,0,"","62",2,2,2,0,3,0,0,2,0,3,7,15,3,8,4,7,10,13,59,41,0.00,0.00,0.00,0.00,2.27,60,73,47,27,0,21,67,32,73,11.07,3.92,2.12,3.13,4.29,0.00,0.00,0.00,0.00,0.00,0.00,Stade Océane
1480449600,Nov 29 2016 - 8:00pm,complete,3157,Red Star,Orléans,N/A,17,1.13,0.29,1.11,0.58,1,0,1,1,1,0,"1","",1,8,1,0,1,0,0,1,1,0,10,21,5,6,5,15,18,9,40,60,0.00,0.00,0.00,0.00,2.27,41,54,47,27,14,41,61,27,66,7.29,3.86,2.49,2.99,3.44,0.00,0.00,0.00,0.00,0.00,0.00,Stade Jean Bouin
1480449600,Nov 29 2016 - 8:00pm,complete,6382,Sochaux,Bourg-en-Bresse,N/A,17,1.63,0.86,1.21,1.05,1,1,2,1,0,1,"49","32",11,4,1,1,3,0,1,1,1,2,27,7,11,3,16,4,17,13,60,40,0.00,0.00,0.00,0.00,2.02,47,54,34,21,7,15,59,48,61,8.95,2.63,1.87,3.30,5.33,0.00,0.00,0.00,0.00,0.00,0.00,Stade Auguste-Bonal
1480449600,Nov 29 2016 - 8:00pm,complete,6026,Valenciennes,Gazélec Ajaccio,N/A,17,1.50,1.25,1.53,1.16,0,0,0,0,0,0,"","",5,3,3,1,2,1,1,3,2,1,13,6,7,4,6,2,11,4,65,35,0.00,0.00,0.00,0.00,2.44,44,69,44,26,13,25,69,38,76,8.38,4.00,2.62,2.96,3.27,0.00,0.00,0.00,0.00,0.00,0.00,Stade du Hainaut
1481310000,Dec 09 2016 - 7:00pm,complete,7281,Amiens SC,Sochaux,N/A,18,1.63,1.50,1.79,1.21,0,1,1,1,0,1,"","26",6,3,3,0,1,0,2,1,0,1,11,8,4,6,7,2,15,17,60,40,0.00,0.00,0.00,0.00,1.69,38,57,32,13,0,19,32,38,63,10.13,3.63,2.43,2.93,3.67,0.00,0.00,0.00,0.00,0.00,0.00,Stade de la Licorne (Amiens)
1481310000,Dec 09 2016 - 7:00pm,complete,2801,Bourg-en-Bresse,Clermont,N/A,18,1.44,1.00,1.26,1.26,1,1,2,1,0,1,"50","15",5,5,2,0,2,0,1,1,1,1,4,8,4,3,0,5,12,19,59,41,0.00,0.00,0.00,0.00,2.39,53,66,41,22,17,23,71,29,72,8.44,4.66,2.44,3.17,3.33,0.00,0.00,0.00,0.00,0.00,0.00,Stade Marcel-Verchère
1481310000,Dec 09 2016 - 7:00pm,complete,4052,Gazélec Ajaccio,Ajaccio,N/A,18,1.25,0.50,1.53,0.58,4,1,5,2,2,0,"20,39,52,70","76",3,2,0,0,2,1,0,0,3,0,11,8,9,5,2,3,8,13,50,50,0.00,0.00,0.00,0.00,1.75,50,75,13,0,0,7,57,38,75,9.50,5.13,2.18,2.99,4.29,0.00,0.00,0.00,0.00,0.00,0.00,Stade Ange Casanova
1481310000,Dec 09 2016 - 7:00pm,complete,4774,Nîmes,Brest,N/A,18,1.00,1.63,1.42,1.74,1,2,3,3,1,2,"38","9,22",9,3,2,0,2,0,1,1,1,1,12,13,5,6,7,7,11,13,50,50,0.00,0.00,0.00,0.00,2.00,38,63,38,19,7,19,57,32,69,10.63,5.13,2.35,3.19,3.49,0.00,0.00,0.00,0.00,0.00,0.00,Stade des Costières
1481310000,Dec 09 2016 - 7:00pm,complete,3639,Niort,Le Havre,N/A,18,1.50,1.56,1.58,1.26,1,1,2,2,1,1,"36","45'1",6,4,1,0,2,0,0,1,0,2,15,12,8,4,7,8,11,16,48,52,0.00,0.00,0.00,0.00,1.90,42,54,30,18,7,31,66,18,53,9.83,3.44,2.89,2.98,2.91,0.00,0.00,0.00,0.00,0.00,0.00,Stade René Gaillard (Niort)
1481310000,Dec 09 2016 - 7:00pm,complete,4937,Red Star,Valenciennes,N/A,18,1.33,1.13,1.11,0.84,2,2,4,2,2,0,"33,37","73,90'4",3,8,0,1,1,0,0,1,1,0,7,14,3,5,4,9,7,9,44,56,0.00,0.00,0.00,0.00,2.56,42,60,47,36,25,42,60,30,71,6.66,3.00,2.37,2.99,3.72,0.00,0.00,0.00,0.00,0.00,0.00,Stade Jean Bouin
1481310000,Dec 09 2016 - 7:00pm,complete,4040,Tours,Laval,N/A,18,0.89,0.89,1.21,0.68,1,1,2,0,0,0,"81","68",4,2,2,0,0,0,1,1,0,0,15,4,9,4,6,0,13,15,55,45,0.00,0.00,0.00,0.00,2.06,34,61,34,22,6,17,50,39,73,8.22,4.66,2.46,2.94,3.59,0.00,0.00,0.00,0.00,0.00,0.00,Stade de la Vallée du Cher
1481310000,Dec 09 2016 - 7:00pm,complete,9529,Troyes,Auxerre,N/A,18,2.22,0.67,2.26,1.11,1,1,2,1,0,1,"50","22",2,7,2,0,2,0,0,2,1,1,8,7,2,2,6,5,18,15,57,43,0.00,0.00,0.00,0.00,2.00,39,56,33,17,6,11,61,28,67,8.33,4.33,1.95,3.25,4.90,0.00,0.00,0.00,0.00,0.00,0.00,Stade de l'Aube
1481378400,Dec 10 2016 - 2:00pm,complete,22062,Strasbourg,Lens,N/A,18,1.75,1.78,2.32,1.68,3,1,4,2,2,0,"9,31,70","78",5,4,3,0,2,0,2,1,2,0,12,9,6,3,6,6,16,10,33,67,0.00,0.00,0.00,0.00,2.02,53,65,30,7,7,18,71,31,71,10.10,4.61,2.57,2.95,3.36,0.00,0.00,0.00,0.00,0.00,0.00,Stade de la Meinau
1481571000,Dec 12 2016 - 7:30pm,complete,3902,Orléans,Reims,N/A,18,1.33,0.89,1.63,1.21,2,2,4,0,0,0,"69,73","50,56",4,2,2,0,3,0,1,1,0,3,11,11,8,5,3,6,17,17,45,55,0.00,0.00,0.00,0.00,1.95,56,73,33,6,0,6,50,56,73,8.44,4.22,2.91,2.89,2.98,0.00,0.00,0.00,0.00,0.00,0.00,Stade de la Source
1481914800,Dec 16 2016 - 7:00pm,complete,2453,Ajaccio,Nîmes,N/A,19,1.89,1.56,1.95,1.95,1,2,3,1,0,1,"68","27,87",3,3,2,0,1,0,2,0,1,0,10,12,4,9,6,3,19,12,55,45,0.00,0.00,0.00,0.00,2.89,67,89,50,33,11,39,84,56,78,10.00,5.34,2.14,3.17,4.12,0.00,0.00,0.00,0.00,0.00,0.00,Stade François Coty
1481914800,Dec 16 2016 - 7:00pm,complete,5297,Auxerre,Valenciennes,N/A,19,1.00,1.11,1.16,0.84,1,1,2,0,0,0,"50","57",6,5,1,0,0,0,0,1,0,0,11,15,4,4,7,11,13,11,51,49,0.00,0.00,0.00,0.00,2.50,41,71,41,35,17,35,65,29,83,9.58,4.02,2.42,3.08,3.47,0.00,0.00,0.00,0.00,0.00,0.00,Stade de l'Abbé Deschamps (Auxerre)
1481914800,Dec 16 2016 - 7:00pm,complete,7968,Brest,Bourg-en-Bresse,N/A,19,2.00,0.88,1.68,1.05,0,0,0,0,0,0,"","",11,6,0,0,0,0,0,0,0,0,19,12,8,7,11,5,11,8,-1,-1,0.00,0.00,0.00,0.00,2.68,64,76,52,24,18,46,64,36,88,9.74,2.36,1.76,3.49,5.80,0.00,0.00,0.00,0.00,0.00,0.00,Stade Francis-Le Blé
1481914800,Dec 16 2016 - 7:00pm,complete,7722,Clermont,Orléans,N/A,19,1.44,0.25,1.16,0.58,3,0,3,0,0,0,"67,86,90'2","",4,3,2,0,0,0,1,1,0,0,17,5,8,2,9,3,12,12,55,45,0.00,0.00,0.00,0.00,2.01,47,53,41,24,7,30,60,35,59,8.75,3.96,2.18,3.12,4.06,0.00,0.00,0.00,0.00,0.00,0.00,Stade Gabriel Montpied (Clermont-Ferrand)
1481914800,Dec 16 2016 - 7:00pm,complete,4106,Laval,Amiens SC,N/A,19,0.75,1.67,0.89,1.68,2,2,4,1,0,1,"66,79","24,81",1,3,2,1,3,0,2,1,1,2,11,10,3,5,8,5,14,16,54,46,0.00,0.00,0.00,0.00,2.11,53,60,23,18,11,18,47,53,78,7.67,3.33,2.80,2.87,3.13,0.00,0.00,0.00,0.00,0.00,0.00,Stade Francis Le Basser
1481914800,Dec 16 2016 - 7:00pm,complete,7413,Le Havre,Tours,N/A,19,1.50,0.75,1.58,1.05,0,2,2,2,0,2,"","3,30",9,1,3,1,1,0,0,4,1,0,10,11,4,6,6,5,14,12,63,37,0.00,0.00,0.00,0.00,2.57,63,69,57,44,7,44,69,26,69,7.75,4.88,1.68,3.57,6.64,0.00,0.00,0.00,0.00,0.00,0.00,Stade Océane
1481914800,Dec 16 2016 - 7:00pm,complete,8398,Sochaux,Red Star,N/A,19,1.56,0.75,1.21,0.79,2,0,2,1,1,0,"21,49","",8,2,2,0,2,0,0,2,1,1,23,12,4,3,19,9,11,5,52,48,0.00,0.00,0.00,0.00,1.89,53,60,42,12,7,0,71,42,60,10.88,3.28,1.85,3.20,5.83,0.00,0.00,0.00,0.00,0.00,0.00,Stade Auguste-Bonal
1481914800,Dec 16 2016 - 7:00pm,complete,13630,Strasbourg,Niort,N/A,19,1.89,1.33,2.32,1.00,3,0,3,0,0,0,"70,77,89","",3,3,1,0,3,2,0,1,1,4,19,11,9,0,10,11,20,11,52,48,0.00,0.00,0.00,0.00,2.61,56,73,44,33,11,17,62,50,89,8.45,5.45,1.97,3.16,5.00,0.00,0.00,0.00,0.00,0.00,0.00,Stade de la Meinau
1481983200,Dec 17 2016 - 2:00pm,complete,26460,Lens,Gazélec Ajaccio,N/A,19,1.63,1.22,1.74,1.16,2,1,3,2,1,1,"12,77","27",13,4,1,0,2,0,1,0,1,1,16,6,6,5,10,1,15,8,67,33,0.00,0.00,0.00,0.00,2.09,43,60,29,18,7,24,59,43,72,8.85,3.82,2.17,3.05,4.23,0.00,0.00,0.00,0.00,0.00,0.00,Stade Bollaert-Delelis
1482175800,Dec 19 2016 - 7:30pm,complete,13782,Reims,Troyes,N/A,19,2.63,1.38,1.68,1.21,2,0,2,2,2,0,"24,41","",1,9,1,0,2,0,0,1,1,1,10,9,5,2,5,7,11,13,46,54,0.00,0.00,0.00,0.00,2.38,50,76,51,13,0,19,75,32,82,6.63,5.13,2.14,3.16,4.13,0.00,0.00,0.00,0.00,0.00,0.00,Stade Auguste-Delaune II
1484334000,Jan 13 2017 - 7:00pm,complete,2748,Bourg-en-Bresse,Reims,N/A,20,1.40,0.90,1.26,1.21,1,0,1,0,0,0,"76","",2,6,0,0,2,0,0,0,2,0,7,12,2,3,5,9,10,11,56,44,0.00,0.00,0.00,0.00,2.45,65,70,45,25,15,20,55,50,70,7.60,3.90,2.78,3.05,2.96,0.00,0.00,0.00,0.00,0.00,0.00,Stade Marcel-Verchère
1484334000,Jan 13 2017 - 7:00pm,complete,2963,Gazélec Ajaccio,Auxerre,N/A,20,1.44,0.70,1.53,1.11,2,0,2,1,1,0,"15,86","",5,6,0,0,1,0,0,0,1,0,8,12,5,5,3,7,12,13,48,52,0.00,0.00,0.00,0.00,2.06,48,69,31,11,11,16,53,42,74,8.91,4.30,1.79,3.29,6.10,0.00,0.00,0.00,0.00,0.00,0.00,Stade Ange Casanova
1484334000,Jan 13 2017 - 7:00pm,complete,4350,Nîmes,Le Havre,N/A,20,0.89,1.50,1.42,1.26,0,0,0,0,0,0,"","",7,3,2,0,2,0,1,1,1,1,21,11,8,5,13,6,15,13,57,43,0.00,0.00,0.00,0.00,1.91,42,59,32,16,6,27,58,21,58,11.09,4.83,2.73,3.06,3.01,0.00,0.00,0.00,0.00,0.00,0.00,Stade des Costières
1484334000,Jan 13 2017 - 7:00pm,complete,3099,Niort,Laval,N/A,20,1.44,0.90,1.58,0.68,2,2,4,3,1,2,"14,64","9,29",4,2,2,0,1,0,0,2,0,1,14,16,9,8,5,8,7,13,47,53,0.00,0.00,0.00,0.00,1.81,38,59,22,16,6,33,59,21,52,8.37,4.09,2.26,2.97,4.06,0.00,0.00,0.00,0.00,0.00,0.00,Stade René Gaillard (Niort)
1484334000,Jan 13 2017 - 7:00pm,complete,3245,Orléans,Brest,N/A,20,1.30,1.78,1.63,1.74,0,1,1,0,0,0,"","72",2,4,2,0,2,0,0,2,2,0,8,6,3,4,5,2,13,9,40,60,0.00,0.00,0.00,0.00,2.11,47,69,42,16,0,11,59,47,69,9.19,3.87,2.66,2.97,3.20,0.00,0.00,0.00,0.00,0.00,0.00,Stade de la Source
1484334000,Jan 13 2017 - 7:00pm,complete,2649,Red Star,Clermont,N/A,20,1.30,1.00,1.11,1.26,1,3,4,3,1,2,"30","13,43,70",2,6,1,1,1,0,2,0,1,0,8,17,3,6,5,11,10,12,40,60,0.00,0.00,0.00,0.00,2.15,48,64,36,15,5,26,69,21,80,7.69,3.88,2.38,3.00,3.67,0.00,0.00,0.00,0.00,0.00,0.00,Stade Jean Bouin
1484334000,Jan 13 2017 - 7:00pm,complete,5021,Tours,Lens,N/A,20,0.90,1.60,1.21,1.68,2,3,5,2,0,2,"80,87","21,43,90'4",3,3,2,0,2,0,0,2,0,2,18,9,9,5,9,4,10,9,43,57,0.00,0.00,0.00,0.00,2.30,60,75,40,20,5,25,65,40,75,9.40,4.30,3.39,2.99,2.52,0.00,0.00,0.00,0.00,0.00,0.00,Stade de la Vallée du Cher
1484334000,Jan 13 2017 - 7:00pm,complete,5929,Troyes,Ajaccio,N/A,20,2.10,0.44,2.26,0.58,1,2,3,2,1,1,"5","34,86",3,4,0,0,2,0,0,0,0,2,9,10,6,5,3,5,12,9,43,57,0.00,0.00,0.00,0.00,2.06,53,69,21,16,6,11,74,27,74,8.49,5.00,1.86,3.36,5.23,0.00,0.00,0.00,0.00,0.00,0.00,Stade de l'Aube
1484402400,Jan 14 2017 - 2:00pm,complete,6844,Amiens SC,Strasbourg,N/A,20,1.44,1.33,1.79,1.21,4,3,7,6,3,3,"13,27,38,88","21,32,36",5,5,3,0,3,0,3,0,1,2,15,14,9,7,6,7,15,18,50,50,0.00,0.00,0.00,0.00,1.78,39,56,33,17,0,11,50,39,67,9.78,3.22,2.29,2.98,3.95,0.00,0.00,0.00,0.00,0.00,0.00,Stade de la Licorne (Amiens)
1484595900,Jan 16 2017 - 7:45pm,complete,6567,Valenciennes,Sochaux,N/A,20,1.44,1.67,1.53,1.21,2,1,3,0,0,0,"64,89","69",1,7,1,0,1,0,0,1,0,1,9,11,5,4,4,7,10,11,47,53,0.00,0.00,0.00,0.00,2.23,50,67,39,22,11,22,45,39,67,9.55,4.33,2.71,2.90,3.21,0.00,0.00,0.00,0.00,0.00,0.00,Stade du Hainaut
1484938800,Jan 20 2017 - 7:00pm,complete,2476,Ajaccio,Orléans,N/A,21,1.70,0.22,1.95,0.58,1,0,1,0,0,0,"74","",7,6,1,0,2,0,1,0,1,1,21,10,8,4,13,6,12,8,58,42,0.00,0.00,0.00,0.00,2.41,52,73,47,21,6,32,74,47,68,9.26,4.93,2.19,3.08,4.10,0.00,0.00,0.00,0.00,0.00,0.00,Stade François Coty
1484938800,Jan 20 2017 - 7:00pm,complete,3638,Auxerre,Bourg-en-Bresse,N/A,21,1.00,0.89,1.16,1.05,0,2,2,2,0,2,"","26,35",5,3,2,0,2,0,2,0,2,0,17,9,7,6,10,3,10,17,58,42,0.00,0.00,0.00,0.00,1.95,39,62,22,17,6,17,50,33,78,9.22,3.11,2.30,3.11,3.71,0.00,0.00,0.00,0.00,0.00,0.00,Stade de l'Abbé Deschamps (Auxerre)
1484938800,Jan 20 2017 - 7:00pm,complete,3826,Laval,Troyes,N/A,21,0.78,1.22,0.89,1.21,1,0,1,0,0,0,"69","",4,6,1,0,2,0,0,1,0,2,2,0,2,0,0,0,12,14,54,46,0.00,0.00,0.00,0.00,2.39,62,78,39,22,0,28,61,39,84,6.45,3.55,2.52,3.06,3.31,0.00,0.00,0.00,0.00,0.00,0.00,Stade Francis Le Basser
1484938800,Jan 20 2017 - 7:00pm,complete,6220,Le Havre,Gazélec Ajaccio,N/A,21,1.33,1.10,1.58,1.16,1,2,3,1,0,1,"83","27,78",4,5,2,0,1,1,1,1,0,2,15,7,7,6,8,1,12,6,45,55,0.00,0.00,0.00,0.00,1.96,37,59,37,16,0,32,69,16,64,9.63,4.96,2.10,3.16,4.30,0.00,0.00,0.00,0.00,0.00,0.00,Stade Océane
1484938800,Jan 20 2017 - 7:00pm,complete,2978,Niort,Amiens SC,N/A,21,1.40,1.60,1.58,1.68,2,1,3,2,2,0,"12,40","66",2,4,2,0,1,1,0,2,2,0,16,11,8,4,8,7,14,13,54,46,0.00,0.00,0.00,0.00,2.40,60,65,40,30,15,40,70,35,55,8.20,4.30,2.65,3.00,3.18,0.00,0.00,0.00,0.00,0.00,0.00,Stade René Gaillard (Niort)
1484938800,Jan 20 2017 - 7:00pm,complete,8463,Reims,Valenciennes,N/A,21,2.67,1.10,1.68,0.84,0,0,0,0,0,0,"","",8,2,1,0,2,0,0,1,1,1,13,2,2,0,11,2,11,13,54,46,0.00,0.00,0.00,0.00,2.50,41,74,42,25,15,31,69,42,74,8.62,4.26,1.85,3.35,5.40,0.00,0.00,0.00,0.00,0.00,0.00,Stade Auguste-Delaune II
1484938800,Jan 20 2017 - 7:00pm,complete,6527,Sochaux,Clermont,N/A,21,1.70,1.20,1.21,1.26,3,3,6,2,2,0,"16,21,90'2","63,72,86",4,4,1,0,1,0,1,0,0,1,10,8,4,5,6,3,11,11,55,45,0.00,0.00,0.00,0.00,2.00,55,70,30,10,0,10,80,20,75,11.20,4.40,2.20,3.06,4.10,0.00,0.00,0.00,0.00,0.00,0.00,Stade Auguste-Bonal
1485007200,Jan 21 2017 - 2:00pm,complete,23026,Lens,Nîmes,N/A,21,1.78,1.70,1.74,1.95,1,3,4,2,0,2,"88","32,38,66",4,4,2,0,2,0,1,1,1,1,7,11,3,5,4,6,13,7,60,40,0.00,0.00,0.00,0.00,2.88,69,84,47,31,16,37,73,58,85,11.34,3.83,1.83,3.45,5.33,0.00,0.00,0.00,0.00,0.00,0.00,Stade Bollaert-Delelis
1485200700,Jan 23 2017 - 7:45pm,complete,7533,Brest,Red Star,N/A,21,1.90,0.67,1.68,0.79,0,1,1,0,0,0,"","58",7,3,0,0,2,0,0,0,1,1,20,15,5,9,15,6,6,14,61,39,0.00,0.00,0.00,0.00,2.40,57,74,57,16,16,30,69,32,79,11.16,2.56,1.59,3.96,6.93,0.00,0.00,0.00,0.00,0.00,0.00,Stade Francis-Le Blé
1485543600,Jan 27 2017 - 7:00pm,complete,2460,Bourg-en-Bresse,Ajaccio,N/A,22,1.55,0.70,1.26,0.58,3,2,5,1,1,0,"38,77,82","47,70",9,3,1,0,0,0,0,1,0,0,13,11,7,4,6,7,15,14,53,47,0.00,0.00,0.00,0.00,2.38,58,68,38,23,19,24,67,38,72,6.55,4.54,2.43,3.02,3.53,0.00,0.00,0.00,0.00,0.00,0.00,Stade Marcel-Verchère
1485543600,Jan 27 2017 - 7:00pm,complete,2815,Clermont,Auxerre,N/A,22,1.60,0.64,1.16,1.11,0,1,1,0,0,0,"","53",3,7,1,0,3,1,0,1,1,3,18,19,6,9,12,10,14,12,58,42,0.00,0.00,0.00,0.00,2.00,43,62,43,15,5,15,48,43,72,7.09,3.58,2.04,3.14,4.62,0.00,0.00,0.00,0.00,0.00,0.00,Stade Gabriel Montpied (Clermont-Ferrand)
1485543600,Jan 27 2017 - 7:00pm,complete,2794,Gazélec Ajaccio,Laval,N/A,22,1.60,0.91,1.53,0.68,1,1,2,0,0,0,"85","52",8,4,1,0,3,0,1,0,2,1,14,6,6,3,8,3,12,18,57,43,0.00,0.00,0.00,0.00,1.92,39,68,19,14,5,19,53,34,77,9.55,3.89,2.04,3.09,4.73,0.00,0.00,0.00,0.00,0.00,0.00,Stade Ange Casanova
1485543600,Jan 27 2017 - 7:00pm,complete,4827,Nîmes,Strasbourg,N/A,22,0.90,1.20,1.42,1.21,2,2,4,1,1,0,"39,79","58,71",9,4,4,0,3,0,2,2,2,1,12,11,7,6,5,5,16,16,52,48,0.00,0.00,0.00,0.00,2.25,50,65,45,25,10,25,55,30,65,10.30,5.10,2.74,3.01,3.04,0.00,0.00,0.00,0.00,0.00,0.00,Stade des Costières
1485543600,Jan 27 2017 - 7:00pm,complete,3322,Orléans,Sochaux,N/A,22,1.18,1.50,1.63,1.21,1,0,1,1,1,0,"6","",1,8,1,0,1,0,1,0,1,0,4,12,2,3,2,9,9,16,36,64,0.00,0.00,0.00,0.00,1.95,48,62,38,14,0,10,38,48,67,8.79,4.28,2.73,2.91,3.16,0.00,0.00,0.00,0.00,0.00,0.00,Stade de la Source
1485543600,Jan 27 2017 - 7:00pm,complete,3230,Tours,Niort,N/A,22,0.82,1.20,1.21,1.00,0,0,0,0,0,0,"","",0,3,4,1,2,0,1,4,1,1,16,12,3,5,13,7,16,14,47,53,0.00,0.00,0.00,0.00,2.81,57,81,53,38,14,19,53,57,91,7.68,5.48,2.74,2.99,3.07,0.00,0.00,0.00,0.00,0.00,0.00,Stade de la Vallée du Cher
1485543600,Jan 27 2017 - 7:00pm,complete,5957,Troyes,Le Havre,N/A,22,1.91,1.45,2.26,1.26,2,1,3,2,2,0,"10,23","66",4,4,6,1,2,0,0,7,1,1,6,17,4,4,2,13,16,9,39,61,0.00,0.00,0.00,0.00,1.82,46,55,23,14,0,18,69,14,64,10.36,3.37,2.22,3.11,3.95,0.00,0.00,0.00,0.00,0.00,0.00,Stade de l'Aube
1485543600,Jan 27 2017 - 7:00pm,complete,6951,Valenciennes,Brest,N/A,22,1.60,1.90,1.53,1.74,0,1,1,0,0,0,"","90'2",2,4,1,0,2,0,0,1,1,1,7,14,4,6,3,8,11,12,45,55,0.00,0.00,0.00,0.00,2.35,50,70,45,20,10,20,55,40,75,9.50,3.70,2.74,2.98,3.07,0.00,0.00,0.00,0.00,0.00,0.00,Stade du Hainaut
1485612000,Jan 28 2017 - 2:00pm,complete,11927,Amiens SC,Lens,N/A,22,1.60,1.73,1.79,1.68,2,1,3,1,0,1,"90,90'2","19",5,4,1,0,1,0,0,1,1,0,10,8,5,6,5,2,13,21,51,49,0.00,0.00,0.00,0.00,2.14,47,62,33,19,10,28,66,29,67,10.41,3.69,2.76,2.99,3.04,0.00,0.00,0.00,0.00,0.00,0.00,Stade de la Licorne (Amiens)
1485805500,Jan 30 2017 - 7:45pm,complete,3552,Red Star,Reims,N/A,22,1.18,0.82,1.11,1.21,0,1,1,1,0,1,"","10",6,4,2,0,2,0,1,1,0,2,7,12,4,6,3,6,6,10,63,37,0.00,0.00,0.00,0.00,2.27,55,64,46,23,5,27,50,41,78,6.82,3.36,3.93,2.95,2.31,0.00,0.00,0.00,0.00,0.00,0.00,Stade Jean Bouin
1486148400,Feb 03 2017 - 7:00pm,complete,2480,Ajaccio,Clermont,N/A,23,1.82,1.18,1.95,1.26,2,1,3,1,1,0,"12,89","60",8,3,0,0,0,0,0,0,0,0,20,7,12,4,8,3,17,16,52,48,0.00,0.00,0.00,0.00,2.50,64,82,41,18,5,27,78,37,87,9.82,4.90,2.29,3.11,3.74,0.00,0.00,0.00,0.00,0.00,0.00,Stade François Coty
1486148400,Feb 03 2017 - 7:00pm,complete,6762,Amiens SC,Nîmes,N/A,23,1.73,1.82,1.79,1.95,1,2,3,2,1,1,"28","20,50",4,3,1,0,1,0,0,1,0,1,16,16,4,7,12,9,13,12,58,42,0.00,0.00,0.00,0.00,2.68,55,73,50,32,14,32,73,50,73,10.27,4.00,2.01,3.22,4.63,0.00,0.00,0.00,0.00,0.00,0.00,Stade de la Licorne (Amiens)
1486148400,Feb 03 2017 - 7:00pm,complete,4235,Laval,Valenciennes,N/A,23,1.00,1.09,0.89,0.84,0,0,0,0,0,0,"","",6,4,3,0,3,0,1,2,0,3,19,5,8,3,11,2,15,13,49,51,0.00,0.00,0.00,0.00,2.37,53,67,33,33,14,28,48,48,82,7.88,2.93,2.52,2.98,3.40,0.00,0.00,0.00,0.00,0.00,0.00,Stade Francis Le Basser
1486148400,Feb 03 2017 - 7:00pm,complete,6612,Le Havre,Red Star,N/A,23,1.20,0.90,1.58,0.79,1,1,2,1,1,0,"27","70",5,6,0,0,2,0,0,0,0,2,12,8,4,4,8,4,14,14,54,46,0.00,0.00,0.00,0.00,2.05,45,65,40,15,5,15,65,30,70,10.50,4.10,1.88,3.19,5.60,0.00,0.00,0.00,0.00,0.00,0.00,Stade Océane
1486148400,Feb 03 2017 - 7:00pm,complete,21398,Lens,Troyes,N/A,23,1.60,1.10,1.74,1.21,0,0,0,0,0,0,"","",9,2,1,0,1,0,0,1,1,0,20,4,6,0,14,4,19,14,60,40,0.00,0.00,0.00,0.00,2.60,65,80,45,25,5,40,65,40,85,9.30,3.70,1.93,3.28,5.00,0.00,0.00,0.00,0.00,0.00,0.00,Stade Bollaert-Delelis
1486148400,Feb 03 2017 - 7:00pm,complete,2978,Niort,Bourg-en-Bresse,N/A,23,1.55,1.10,1.58,1.05,3,2,5,1,0,1,"76,81,89","43,69",8,3,2,0,5,0,0,2,1,4,13,10,6,6,7,4,15,23,56,44,0.00,0.00,0.00,0.00,2.18,52,67,33,24,10,47,66,25,53,8.16,3.11,2.18,3.15,4.03,0.00,0.00,0.00,0.00,0.00,0.00,Stade René Gaillard (Niort)
1486148400,Feb 03 2017 - 7:00pm,complete,7798,Reims,Tours,N/A,23,2.50,1.00,1.68,1.05,1,1,2,0,0,0,"69","48",5,6,1,0,1,0,0,1,0,1,11,9,4,4,7,5,17,15,49,51,0.00,0.00,0.00,0.00,2.35,44,69,49,28,6,39,74,32,58,6.27,4.84,1.81,3.31,5.91,0.00,0.00,0.00,0.00,0.00,0.00,Stade Auguste-Delaune II
1486148400,Feb 03 2017 - 7:00pm,complete,12531,Strasbourg,Gazélec Ajaccio,N/A,23,2.00,1.27,2.32,1.16,2,0,2,0,0,0,"52,72","",4,5,1,0,2,0,1,0,1,1,16,7,8,5,8,2,19,15,41,59,0.00,0.00,0.00,0.00,2.21,43,63,48,15,5,24,67,44,72,8.15,4.85,2.20,2.99,4.24,0.00,0.00,0.00,0.00,0.00,0.00,Stade de la Meinau
1486216800,Feb 04 2017 - 2:00pm,complete,5012,Auxerre,Orléans,N/A,23,0.90,0.20,1.16,0.58,0,2,2,0,0,0,"","74,77",8,2,4,0,1,0,1,3,1,0,20,10,7,4,13,6,12,11,57,43,0.00,0.00,0.00,0.00,2.00,30,60,30,15,5,25,60,25,70,10.00,4.30,2.47,3.10,3.36,0.00,0.00,0.00,0.00,0.00,0.00,Stade de l'Abbé Deschamps (Auxerre)
1486216800,Feb 04 2017 - 2:00pm,complete,7513,Brest,Sochaux,N/A,23,1.73,1.36,1.68,1.21,2,0,2,1,1,0,"17,80","",4,3,1,0,1,0,0,1,1,0,11,9,5,4,6,5,8,10,50,50,0.00,0.00,0.00,0.00,2.23,55,64,50,14,9,37,50,27,73,11.64,2.91,2.23,3.11,3.92,0.00,0.00,0.00,0.00,0.00,0.00,Stade Francis-Le Blé
1486404000,Feb 06 2017 - 6:00pm,complete,4335,Red Star,Ajaccio,N/A,24,1.08,0.64,1.11,0.58,2,0,2,1,1,0,"23,80","",2,3,1,0,2,0,1,0,1,1,9,10,3,3,6,7,16,14,46,54,0.00,0.00,0.00,0.00,2.39,53,66,43,26,13,30,70,35,75,6.00,3.97,2.73,2.94,3.13,0.00,0.00,0.00,0.00,0.00,0.00,Stade Jean Bouin
1486410300,Feb 06 2017 - 7:45pm,complete,5801,Valenciennes,Le Havre,N/A,24,1.45,1.33,1.53,1.26,0,0,0,0,0,0,"","",3,5,1,0,2,0,0,1,1,1,0,0,0,0,0,0,10,21,48,52,0.00,0.00,0.00,0.00,2.11,49,62,35,18,9,22,52,31,70,9.37,3.49,2.75,3.01,3.03,0.00,0.00,0.00,0.00,0.00,0.00,Stade du Hainaut
1486497600,Feb 07 2017 - 8:00pm,complete,3433,Bourg-en-Bresse,Lens,N/A,24,1.67,1.58,1.26,1.68,0,0,0,0,0,0,"","",6,5,1,0,1,0,0,1,0,1,8,5,2,2,6,3,12,17,48,52,0.00,0.00,0.00,0.00,2.54,63,67,46,30,21,29,75,38,71,8.83,3.58,3.19,3.08,2.58,0.00,0.00,0.00,0.00,0.00,0.00,Stade Marcel-Verchère
1486497600,Feb 07 2017 - 8:00pm,complete,2535,Clermont,Brest,N/A,24,1.45,2.00,1.16,1.74,1,1,2,0,0,0,"83","65",3,3,1,0,1,0,0,1,0,1,16,9,6,5,10,4,19,11,49,51,0.00,0.00,0.00,0.00,1.91,41,55,41,14,0,18,46,36,73,8.64,3.09,2.82,2.96,3.00,0.00,0.00,0.00,0.00,0.00,0.00,Stade Gabriel Montpied (Clermont-Ferrand)
1486497600,Feb 07 2017 - 8:00pm,complete,2810,Gazélec Ajaccio,Reims,N/A,24,1.55,1.00,1.53,1.21,1,1,2,1,0,1,"86","37",7,2,2,0,3,1,1,1,0,4,11,6,4,2,7,4,9,20,57,43,0.00,0.00,0.00,0.00,2.05,57,75,26,9,5,13,49,48,79,10.26,3.81,2.70,2.92,3.20,0.00,0.00,0.00,0.00,0.00,0.00,Stade Ange Casanova
1486497600,Feb 07 2017 - 8:00pm,complete,5483,Nîmes,Niort,N/A,24,0.91,1.18,1.42,1.00,3,0,3,1,1,0,"45'1,60,74","",7,5,2,0,1,0,1,1,0,1,18,13,6,4,12,9,19,9,44,56,0.00,0.00,0.00,0.00,2.32,45,69,45,32,9,18,50,36,73,9.72,6.45,2.11,3.23,4.13,0.00,0.00,0.00,0.00,0.00,0.00,Stade des Costières
1486497600,Feb 07 2017 - 8:00pm,complete,3171,Orléans,Laval,N/A,24,1.33,0.92,1.63,0.68,2,1,3,0,0,0,"87,88","48",8,5,0,0,2,0,0,0,1,1,9,10,4,4,5,6,9,12,51,49,0.00,0.00,0.00,0.00,1.84,38,58,25,17,0,9,46,42,71,7.41,4.25,2.24,2.99,4.10,0.00,0.00,0.00,0.00,0.00,0.00,Stade de la Source
1486497600,Feb 07 2017 - 8:00pm,complete,7259,Sochaux,Auxerre,N/A,24,1.64,0.83,1.21,1.11,0,1,1,1,0,1,"","31",4,0,0,0,2,0,0,0,2,0,11,10,4,4,7,6,7,13,68,32,0.00,0.00,0.00,0.00,2.05,44,61,35,13,9,9,66,35,70,9.42,4.06,1.95,3.12,5.20,0.00,0.00,0.00,0.00,0.00,0.00,Stade Auguste-Bonal
1486497600,Feb 07 2017 - 8:00pm,complete,3905,Tours,Amiens SC,N/A,24,0.83,1.45,1.21,1.68,0,3,3,1,0,1,"","41,80,89",1,4,1,1,0,0,0,2,0,0,5,7,3,6,2,1,10,12,49,51,0.00,0.00,0.00,0.00,2.57,61,70,48,30,18,26,57,57,74,7.47,4.87,2.79,2.95,3.05,0.00,0.00,0.00,0.00,0.00,0.00,Stade de la Vallée du Cher
1486497600,Feb 07 2017 - 8:00pm,complete,156,Troyes,Strasbourg,N/A,24,2.00,1.18,2.26,1.21,4,0,4,0,0,0,"50,58,70,90'2","",4,8,1,0,2,1,1,0,0,3,11,9,6,4,5,5,7,18,54,46,0.00,0.00,0.00,0.00,2.45,61,70,44,27,5,22,74,27,79,9.52,4.25,2.55,2.99,3.35,0.00,0.00,0.00,0.00,0.00,0.00,Stade de l'Aube
1486753200,Feb 10 2017 - 7:00pm,complete,2483,Ajaccio,Valenciennes,N/A,25,1.92,1.08,1.95,0.84,3,2,5,2,2,0,"7,42,51","64,67",11,7,0,0,2,0,0,0,2,0,19,12,12,6,7,6,14,10,55,45,0.00,0.00,0.00,0.00,2.50,59,75,46,30,13,34,63,50,75,9.34,4.08,2.12,3.13,4.27,0.00,0.00,0.00,0.00,0.00,0.00,Stade François Coty
1486753200,Feb 10 2017 - 7:00pm,complete,6662,Amiens SC,Gazélec Ajaccio,N/A,25,1.58,1.17,1.79,1.16,4,0,4,0,0,0,"57,80,82,90","",3,1,2,0,3,0,2,0,1,2,10,10,5,2,5,8,17,16,53,47,0.00,0.00,0.00,0.00,2.05,38,58,42,13,4,25,63,33,67,8.91,3.92,2.38,3.03,3.64,0.00,0.00,0.00,0.00,0.00,0.00,Stade de la Licorne (Amiens)
1486753200,Feb 10 2017 - 7:00pm,complete,4525,Auxerre,Brest,N/A,25,0.82,1.92,1.16,1.74,3,1,4,0,0,0,"66,75,90'3","87",3,4,2,0,1,0,2,0,1,0,15,9,6,3,9,6,9,11,44,56,0.00,0.00,0.00,0.00,1.92,35,66,26,9,0,18,53,30,79,10.13,3.85,3.35,3.04,2.51,0.00,0.00,0.00,0.00,0.00,0.00,Stade de l'Abbé Deschamps (Auxerre)
1486753200,Feb 10 2017 - 7:00pm,complete,4465,Laval,Red Star,N/A,25,1.00,0.91,0.89,0.79,1,1,2,1,1,0,"16","80",9,1,0,0,2,0,0,0,1,1,17,10,8,5,9,5,8,19,52,48,0.00,0.00,0.00,0.00,1.87,45,60,27,14,5,5,50,41,78,8.46,3.00,2.34,2.99,3.80,0.00,0.00,0.00,0.00,0.00,0.00,Stade Francis Le Basser
1486753200,Feb 10 2017 - 7:00pm,complete,6210,Le Havre,Bourg-en-Bresse,N/A,25,1.18,1.00,1.58,1.05,3,0,3,3,3,0,"4,10,17","",6,3,0,0,3,0,0,0,0,3,15,3,5,0,10,3,17,22,57,43,0.00,0.00,0.00,0.00,2.23,50,69,32,23,9,27,64,32,69,9.73,3.82,1.83,3.39,5.40,0.00,0.00,0.00,0.00,0.00,0.00,Stade Océane
1486753200,Feb 10 2017 - 7:00pm,complete,6495,Nîmes,Tours,N/A,25,1.08,1.00,1.42,1.05,1,1,2,1,1,0,"26","90'5",7,1,4,2,3,0,2,4,2,1,6,12,5,7,1,5,17,18,56,44,0.00,0.00,0.00,0.00,2.49,56,74,55,38,9,43,64,37,59,8.43,5.47,1.99,3.32,4.50,0.00,0.00,0.00,0.00,0.00,0.00,Stade des Costières
1486753200,Feb 10 2017 - 7:00pm,complete,3099,Niort,Troyes,N/A,25,1.67,1.09,1.58,1.21,3,2,5,2,1,1,"45'2,52,89","35,85",1,6,3,0,3,1,1,2,1,3,15,8,9,6,6,2,12,15,51,49,0.00,0.00,0.00,0.00,2.43,61,74,48,26,9,47,74,18,62,7.67,4.10,2.35,3.18,3.50,0.00,0.00,0.00,0.00,0.00,0.00,Stade René Gaillard (Niort)
1486821600,Feb 11 2017 - 2:00pm,complete,9193,Reims,Sochaux,N/A,25,2.36,1.25,1.68,1.21,0,1,1,1,0,1,"","13",8,7,1,1,1,0,0,2,0,1,15,16,5,5,10,11,14,17,58,42,0.00,0.00,0.00,0.00,1.83,35,61,30,4,0,13,53,35,61,9.47,4.19,2.20,3.06,4.09,0.00,0.00,0.00,0.00,0.00,0.00,Stade Auguste-Delaune II
1487008800,Feb 13 2017 - 6:00pm,complete,12055,Strasbourg,Orléans,N/A,25,2.09,0.45,2.32,0.58,3,2,5,2,2,0,"11,15,58","76,90'4",6,5,3,1,1,0,2,2,0,1,13,7,6,6,7,1,21,7,55,45,0.00,0.00,0.00,0.00,2.27,36,64,41,18,9,23,55,50,73,9.09,4.45,1.91,3.25,5.16,0.00,0.00,0.00,0.00,0.00,0.00,Stade de la Meinau
1487015100,Feb 13 2017 - 7:45pm,complete,25652,Lens,Clermont,N/A,25,1.55,1.08,1.74,1.26,3,1,4,0,0,0,"62,71,88","50",10,3,2,0,2,0,0,2,1,1,14,10,7,7,7,3,14,6,62,38,0.00,0.00,0.00,0.00,2.52,66,78,39,22,9,31,69,40,87,11.20,3.61,1.88,3.35,5.16,0.00,0.00,0.00,0.00,0.00,0.00,Stade Bollaert-Delelis
1487358000,Feb 17 2017 - 7:00pm,complete,5043,Auxerre,Ajaccio,N/A,26,1.00,0.58,1.16,0.58,1,0,1,1,1,0,"21","",3,4,1,0,3,0,1,0,0,3,12,9,6,3,6,6,11,16,46,54,0.00,0.00,0.00,0.00,2.25,46,79,29,17,9,17,63,38,83,8.33,4.75,2.40,3.04,3.58,0.00,0.00,0.00,0.00,0.00,0.00,Stade de l'Abbé Deschamps (Auxerre)
1487358000,Feb 17 2017 - 7:00pm,complete,2281,Bourg-en-Bresse,Tours,N/A,26,1.62,1.00,1.26,1.05,3,2,5,3,1,2,"22,77,85","7,45",1,3,1,0,1,0,0,1,0,1,10,10,5,5,5,5,11,15,57,43,0.00,0.00,0.00,0.00,2.64,64,68,51,42,20,39,68,37,63,6.15,3.90,2.41,3.06,3.52,0.00,0.00,0.00,0.00,0.00,0.00,Stade Marcel-Verchère
1487358000,Feb 17 2017 - 7:00pm,complete,2864,Clermont,Reims,N/A,26,1.42,1.00,1.16,1.21,0,1,1,0,0,0,"","50",5,5,2,0,3,0,1,1,1,2,13,10,7,6,6,4,12,13,54,46,0.00,0.00,0.00,0.00,1.96,56,64,37,13,0,13,40,48,76,7.75,3.56,2.72,3.03,3.05,0.00,0.00,0.00,0.00,0.00,0.00,Stade Gabriel Montpied (Clermont-Ferrand)
1487358000,Feb 17 2017 - 7:00pm,complete,2815,Gazélec Ajaccio,Niort,N/A,26,1.50,1.08,1.53,1.00,1,0,1,1,1,0,"4","",5,3,2,0,2,0,1,1,2,0,10,8,6,4,4,4,21,10,49,51,0.00,0.00,0.00,0.00,2.33,50,79,34,21,8,13,54,46,88,9.83,4.75,2.00,3.24,4.62,0.00,0.00,0.00,0.00,0.00,0.00,Stade Ange Casanova
1487358000,Feb 17 2017 - 7:00pm,complete,6538,Red Star,Strasbourg,N/A,26,1.23,1.08,1.11,1.21,1,1,2,1,1,0,"15","83",1,10,2,0,1,0,2,0,0,1,11,14,8,7,3,7,14,9,39,61,0.00,0.00,0.00,0.00,2.57,48,65,52,37,8,28,64,37,76,7.50,3.39,3.31,2.92,2.63,0.00,0.00,0.00,0.00,0.00,0.00,Stade Jean Bouin
1487358000,Feb 17 2017 - 7:00pm,complete,6772,Sochaux,Laval,N/A,26,1.50,0.85,1.21,0.68,1,1,2,1,0,1,"72","12",1,1,2,0,2,0,1,1,1,1,12,8,5,4,7,4,19,18,57,43,0.00,0.00,0.00,0.00,1.97,44,60,28,16,4,12,61,36,68,9.52,3.73,2.00,3.03,5.11,0.00,0.00,0.00,0.00,0.00,0.00,Stade Auguste-Bonal
1487358000,Feb 17 2017 - 7:00pm,complete,6573,Troyes,Nîmes,N/A,26,2.08,1.92,2.26,1.95,0,0,0,0,0,0,"","",5,6,1,0,0,0,0,1,0,0,11,16,0,8,11,8,8,8,47,53,0.00,0.00,0.00,0.00,2.78,65,81,53,33,9,37,85,37,80,9.82,4.48,2.07,3.37,4.08,0.00,0.00,0.00,0.00,0.00,0.00,Stade de l'Aube
1487358000,Feb 17 2017 - 7:00pm,complete,7743,Valenciennes,Amiens SC,N/A,26,1.42,1.58,1.53,1.68,1,1,2,1,1,0,"13","48",4,4,2,0,2,0,0,2,2,0,11,6,7,4,4,2,16,11,52,48,0.00,0.00,0.00,0.00,2.46,54,67,46,25,17,21,55,50,75,8.00,4.08,2.55,3.08,3.24,0.00,0.00,0.00,0.00,0.00,0.00,Stade du Hainaut
1487426400,Feb 18 2017 - 2:00pm,complete,8900,Brest,Le Havre,N/A,26,1.83,1.31,1.68,1.26,2,0,2,1,1,0,"32,81","",5,7,2,0,2,0,1,1,0,2,4,7,3,4,1,3,8,8,42,58,0.00,0.00,0.00,0.00,2.06,48,61,41,13,9,37,61,16,73,11.34,2.54,2.20,3.12,4.00,0.00,0.00,0.00,0.00,0.00,0.00,Stade Francis-Le Blé
1487619900,Feb 20 2017 - 7:45pm,complete,6168,Orléans,Lens,N/A,26,1.46,1.54,1.63,1.68,2,1,3,0,0,0,"52,83","89",7,6,3,0,3,0,3,0,3,0,15,15,5,5,10,10,9,16,40,60,0.00,0.00,0.00,0.00,2.08,54,66,38,15,4,16,62,43,69,9.00,3.84,3.14,3.05,2.64,0.00,0.00,0.00,0.00,0.00,0.00,Stade de la Source
1487698200,Feb 21 2017 - 5:30pm,complete,13335,Strasbourg,Tours,N/A,21,2.17,0.92,2.32,1.05,4,2,6,3,1,2,"11,47,62,87","8,26",4,2,1,0,2,0,1,0,2,0,14,8,9,5,5,3,12,16,55,45,0.00,0.00,0.00,0.00,2.80,63,79,54,38,17,42,67,55,75,6.83,4.67,1.75,3.45,6.15,0.00,0.00,0.00,0.00,0.00,0.00,Stade de la Meinau
1487962800,Feb 24 2017 - 7:00pm,complete,2542,Ajaccio,Sochaux,N/A,27,2.00,1.38,1.95,1.21,0,0,0,0,0,0,"","",8,5,3,0,2,0,2,1,1,1,9,6,5,2,4,4,12,10,55,45,0.00,0.00,0.00,0.00,2.23,54,70,43,16,4,23,62,47,70,10.62,3.93,2.58,2.88,3.44,0.00,0.00,0.00,0.00,0.00,0.00,Stade François Coty
1487962800,Feb 24 2017 - 7:00pm,complete,7274,Amiens SC,Orléans,N/A,27,1.69,0.42,1.79,0.58,0,2,2,1,0,1,"","30,90'3",11,4,0,0,2,0,0,0,0,2,10,9,0,6,10,3,9,19,64,36,0.00,0.00,0.00,0.00,2.32,36,60,44,24,13,28,56,40,68,9.65,3.62,1.94,3.20,5.08,0.00,0.00,0.00,0.00,0.00,0.00,Stade de la Licorne (Amiens)
1487962800,Feb 24 2017 - 7:00pm,complete,4310,Laval,Bourg-en-Bresse,N/A,27,1.00,0.92,0.89,1.05,2,4,6,1,1,0,"34,69","54,61,78,85",6,0,2,0,3,0,0,2,1,2,18,9,8,7,10,2,16,17,50,50,0.00,0.00,0.00,0.00,2.08,46,63,25,21,9,21,50,42,71,8.00,2.92,2.14,3.05,4.35,0.00,0.00,0.00,0.00,0.00,0.00,Stade Francis Le Basser
1487962800,Feb 24 2017 - 7:00pm,complete,7451,Le Havre,Auxerre,N/A,27,1.33,1.00,1.58,1.11,1,0,1,0,0,0,"51","",8,4,2,0,1,0,1,1,1,0,19,6,9,3,10,3,11,11,56,44,0.00,0.00,0.00,0.00,2.05,41,65,37,13,4,21,65,24,68,9.15,4.39,2.01,3.17,4.75,0.00,0.00,0.00,0.00,0.00,0.00,Stade Océane
1487962800,Feb 24 2017 - 7:00pm,complete,6217,Nîmes,Gazélec Ajaccio,N/A,27,1.08,1.08,1.42,1.16,1,1,2,1,0,1,"79","4",8,4,3,0,1,0,1,2,1,0,14,9,4,6,10,3,12,17,62,38,0.00,0.00,0.00,0.00,2.12,39,66,46,19,4,23,62,35,66,9.76,6.00,2.44,3.03,3.50,0.00,0.00,0.00,0.00,0.00,0.00,Stade des Costières
1487962800,Feb 24 2017 - 7:00pm,complete,4661,Niort,Red Star,N/A,27,1.77,0.92,1.58,0.79,2,3,5,3,1,2,"45'2,81","1,37,60",6,3,3,1,2,1,2,2,0,3,24,16,10,13,14,3,10,22,56,44,0.00,0.00,0.00,0.00,2.35,60,72,44,23,16,31,76,28,65,8.63,3.67,2.10,3.11,4.38,0.00,0.00,0.00,0.00,0.00,0.00,Stade René Gaillard (Niort)
1487962800,Feb 24 2017 - 7:00pm,complete,13714,Strasbourg,Clermont,N/A,27,2.23,1.00,2.32,1.26,0,2,2,1,0,1,"","30,79",9,1,0,0,5,0,0,0,1,4,7,7,2,5,5,2,12,19,56,44,0.00,0.00,0.00,0.00,2.81,62,81,50,27,16,27,70,50,89,9.31,4.54,1.95,3.22,4.97,0.00,0.00,0.00,0.00,0.00,0.00,Stade de la Meinau
1487962800,Feb 24 2017 - 7:00pm,complete,3476,Tours,Troyes,N/A,27,0.77,1.00,1.21,1.21,0,0,0,0,0,0,"","",3,4,1,0,1,0,1,0,0,1,11,7,4,3,7,4,11,13,59,41,0.00,0.00,0.00,0.00,2.56,56,76,52,28,12,33,61,44,76,6.87,4.88,2.69,3.02,3.11,0.00,0.00,0.00,0.00,0.00,0.00,Stade de la Vallée du Cher
1488031200,Feb 25 2017 - 2:00pm,complete,35250,Lens,Valenciennes,N/A,27,1.67,1.00,1.74,0.84,2,0,2,0,0,0,"58,63","",9,5,4,0,1,0,2,2,1,0,10,6,5,0,5,6,21,9,56,44,0.00,0.00,0.00,0.00,2.64,61,72,44,40,20,40,52,52,76,11.13,3.27,1.76,3.41,6.12,0.00,0.00,0.00,0.00,0.00,0.00,Stade Bollaert-Delelis
1488224700,Feb 27 2017 - 7:45pm,complete,9456,Reims,Brest,N/A,27,2.17,1.77,1.68,1.74,1,1,2,1,0,1,"49","15",7,2,1,0,3,0,0,1,2,1,27,4,10,3,17,1,10,14,53,47,0.00,0.00,0.00,0.00,1.92,36,60,32,8,0,12,57,36,68,9.46,3.87,2.10,3.05,4.50,0.00,0.00,0.00,0.00,0.00,0.00,Stade Auguste-Delaune II
1488567600,Mar 03 2017 - 7:00pm,complete,6635,Auxerre,Reims,N/A,28,1.15,1.14,1.16,1.21,1,2,3,0,0,0,"69","83,90'2",3,9,1,0,3,0,1,0,1,2,8,8,4,3,4,5,16,10,42,58,0.00,0.00,0.00,0.00,1.97,44,67,26,11,0,11,49,37,78,9.15,4.37,2.74,2.96,3.10,0.00,0.00,0.00,0.00,0.00,0.00,Stade de l'Abbé Deschamps (Auxerre)
1488567600,Mar 03 2017 - 7:00pm,complete,2831,Bourg-en-Bresse,Nîmes,N/A,28,1.71,1.85,1.26,1.95,0,1,1,0,0,0,"","77",6,9,1,0,1,0,0,1,0,1,13,18,4,8,9,10,16,12,53,47,0.00,0.00,0.00,0.00,2.86,63,71,56,41,26,38,75,49,71,8.70,3.65,2.49,3.18,3.23,0.00,0.00,0.00,0.00,0.00,0.00,Stade Marcel-Verchère
1488567600,Mar 03 2017 - 7:00pm,complete,6630,Brest,Ajaccio,N/A,28,1.92,0.54,1.68,0.58,1,2,3,2,0,2,"89","4,24",10,0,2,0,2,0,1,1,0,2,24,5,9,2,15,3,4,13,70,30,0.00,0.00,0.00,0.00,2.43,54,77,43,15,15,31,73,27,85,9.39,3.62,1.94,3.18,5.10,0.00,0.00,0.00,0.00,0.00,0.00,Stade Francis-Le Blé
1488567600,Mar 03 2017 - 7:00pm,complete,2750,Clermont,Laval,N/A,28,1.31,0.86,1.16,0.68,1,1,2,1,0,1,"74","11",5,5,2,0,5,0,0,2,2,3,13,7,5,4,8,3,15,13,63,37,0.00,0.00,0.00,0.00,1.86,45,59,30,15,0,15,37,41,78,7.42,3.52,2.34,2.93,3.90,0.00,0.00,0.00,0.00,0.00,0.00,Stade Gabriel Montpied (Clermont-Ferrand)
1488567600,Mar 03 2017 - 7:00pm,complete,2885,Gazélec Ajaccio,Tours,N/A,28,1.62,0.85,1.53,1.05,2,2,4,3,1,2,"24,56","12,42",3,5,0,1,3,0,1,0,0,3,9,13,6,8,3,5,18,18,48,52,0.00,0.00,0.00,0.00,2.58,66,81,39,31,16,39,70,42,73,8.23,4.00,1.92,3.18,5.28,0.00,0.00,0.00,0.00,0.00,0.00,Stade Ange Casanova
1488567600,Mar 03 2017 - 7:00pm,complete,10874,Red Star,Lens,N/A,28,1.21,1.43,1.11,1.68,2,3,5,1,1,0,"32,80","51,87,90'2",3,8,3,0,1,0,0,3,0,1,9,24,5,11,4,13,9,11,38,62,0.00,0.00,0.00,0.00,2.25,54,64,43,22,7,33,71,29,71,7.72,3.36,3.32,3.01,2.55,0.00,0.00,0.00,0.00,0.00,0.00,Stade Jean Bouin
1488567600,Mar 03 2017 - 7:00pm,complete,7835,Sochaux,Le Havre,N/A,28,1.46,1.21,1.21,1.26,0,1,1,1,0,1,"","42",5,5,1,0,1,0,0,1,0,1,13,9,3,3,10,6,9,9,53,47,0.00,0.00,0.00,0.00,1.83,45,56,26,11,4,15,71,23,60,10.53,3.26,2.28,2.97,4.00,0.00,0.00,0.00,0.00,0.00,0.00,Stade Auguste-Bonal
1488636000,Mar 04 2017 - 2:00pm,complete,4294,Orléans,Niort,N/A,28,1.57,1.00,1.63,1.00,1,1,2,2,1,1,"34","19",8,1,2,0,2,0,0,2,0,2,15,7,7,4,8,3,-1,-1,-1,-1,0.00,0.00,0.00,0.00,2.27,44,67,45,23,4,4,49,52,78,7.90,4.92,2.41,2.97,3.65,0.00,0.00,0.00,0.00,0.00,0.00,Stade de la Source
1488636000,Mar 04 2017 - 2:00pm,complete,6383,Troyes,Amiens SC,N/A,28,2.00,1.54,2.26,1.68,4,0,4,2,2,0,"24,44,57,61","",5,6,1,0,1,0,0,1,0,1,12,11,6,5,6,6,22,13,51,49,0.00,0.00,0.00,0.00,2.34,56,67,41,22,8,22,70,34,74,8.83,4.30,2.34,3.02,3.75,0.00,0.00,0.00,0.00,0.00,0.00,Stade de l'Aube
1488829500,Mar 06 2017 - 7:45pm,complete,8156,Valenciennes,Strasbourg,N/A,28,1.38,1.08,1.53,1.21,2,1,3,0,0,0,"65,90","68",8,0,3,0,4,0,1,2,2,2,16,8,8,5,8,3,9,16,55,45,0.00,0.00,0.00,0.00,2.54,58,73,46,31,12,15,54,42,81,9.31,3.85,3.18,2.98,2.66,0.00,0.00,0.00,0.00,0.00,0.00,Stade du Hainaut
1489172400,Mar 10 2017 - 7:00pm,complete,6550,Amiens SC,Bourg-en-Bresse,N/A,29,1.57,1.08,1.79,1.05,2,1,3,2,1,1,"9,65","31",4,7,2,0,3,0,1,1,2,1,12,10,7,5,5,5,13,17,45,55,0.00,0.00,0.00,0.00,2.46,41,67,41,26,15,26,60,41,67,8.95,3.20,1.91,3.26,5.16,0.00,0.00,0.00,0.00,0.00,0.00,Stade de la Licorne (Amiens)
1489172400,Mar 10 2017 - 7:00pm,complete,2766,Gazélec Ajaccio,Troyes,N/A,29,1.57,1.00,1.53,1.21,3,1,4,3,3,0,"3,43,45'2","87",5,4,1,0,1,0,0,1,0,1,10,7,5,3,5,4,18,11,46,54,0.00,0.00,0.00,0.00,2.23,56,74,34,19,8,30,63,30,74,9.24,4.10,2.12,3.12,4.29,0.00,0.00,0.00,0.00,0.00,0.00,Stade Ange Casanova
1489172400,Mar 10 2017 - 7:00pm,complete,6182,Laval,Auxerre,N/A,29,0.92,0.93,0.89,1.11,0,0,0,0,0,0,"","",6,3,0,0,1,0,0,0,0,1,7,9,2,3,5,6,12,16,52,48,0.00,0.00,0.00,0.00,1.97,42,56,26,15,8,8,48,38,78,7.67,3.52,2.24,2.98,4.12,0.00,0.00,0.00,0.00,0.00,0.00,Stade Francis Le Basser
1489172400,Mar 10 2017 - 7:00pm,complete,6898,Le Havre,Clermont,N/A,29,1.46,1.14,1.58,1.26,0,1,1,0,0,0,"","85",6,4,3,0,1,0,2,1,1,0,14,14,6,4,8,10,11,15,57,43,0.00,0.00,0.00,0.00,2.40,55,78,41,18,4,26,74,22,81,10.51,4.51,1.87,3.31,5.33,0.00,0.00,0.00,0.00,0.00,0.00,Stade Océane
1489172400,Mar 10 2017 - 7:00pm,complete,6064,Nîmes,Red Star,N/A,29,1.07,1.08,1.42,0.79,2,0,2,0,0,0,"73,80","",6,2,1,1,2,1,0,2,1,2,17,12,5,8,12,4,10,12,54,46,0.00,0.00,0.00,0.00,2.15,52,70,41,18,11,15,67,34,71,10.65,5.27,1.83,3.36,5.50,0.00,0.00,0.00,0.00,0.00,0.00,Stade des Costières
1489172400,Mar 10 2017 - 7:00pm,complete,3191,Niort,Valenciennes,N/A,29,1.64,0.93,1.58,0.84,2,1,3,2,2,0,"17,34","52",4,4,1,0,3,1,0,1,0,4,9,15,4,8,5,7,7,13,46,54,0.00,0.00,0.00,0.00,2.79,61,75,50,43,29,54,68,40,64,8.93,4.00,2.18,3.14,4.04,0.00,0.00,0.00,0.00,0.00,0.00,Stade René Gaillard (Niort)
1489172400,Mar 10 2017 - 7:00pm,complete,13471,Reims,Ajaccio,N/A,29,2.08,0.71,1.68,0.58,3,0,3,1,1,0,"15,51,85","",9,2,0,0,1,1,0,0,0,2,15,6,8,2,7,4,13,12,54,46,0.00,0.00,0.00,0.00,2.07,44,71,30,7,7,15,74,34,71,7.94,4.72,1.72,3.35,6.81,0.00,0.00,0.00,0.00,0.00,0.00,Stade Auguste-Delaune II
1489172400,Mar 10 2017 - 7:00pm,complete,5368,Tours,Orléans,N/A,29,0.79,0.62,1.21,0.58,3,1,4,1,1,0,"32,47,90'6","57",6,6,1,0,1,0,0,1,1,0,13,12,9,3,4,9,15,11,53,47,0.00,0.00,0.00,0.00,2.37,41,67,44,26,15,26,56,48,70,8.03,4.44,2.27,3.06,3.88,0.00,0.00,0.00,0.00,0.00,0.00,Stade de la Vallée du Cher
1489240800,Mar 11 2017 - 2:00pm,complete,17514,Strasbourg,Brest,N/A,29,2.07,1.71,2.32,1.74,4,1,5,1,1,0,"29,62,80,90","56",5,3,1,0,2,0,0,1,2,0,15,7,8,3,7,4,17,7,42,58,0.00,0.00,0.00,0.00,2.47,50,72,43,22,11,22,57,50,83,9.36,3.85,2.13,3.11,4.26,0.00,0.00,0.00,0.00,0.00,0.00,Stade de la Meinau
1489434300,Mar 13 2017 - 7:45pm,complete,28136,Lens,Sochaux,N/A,29,1.77,1.36,1.74,1.21,2,1,3,0,0,0,"83,86","69",11,1,2,0,0,0,1,1,0,0,15,10,5,4,10,6,14,11,61,39,0.00,0.00,0.00,0.00,2.09,49,64,34,19,4,23,45,46,68,11.92,3.48,2.08,3.04,4.64,0.00,0.00,0.00,0.00,0.00,0.00,Stade Bollaert-Delelis
1489777200,Mar 17 2017 - 7:00pm,complete,2553,Ajaccio,Le Havre,N/A,30,1.93,1.33,1.95,1.26,0,0,0,0,0,0,"","",5,3,2,0,1,0,1,1,0,1,11,9,4,5,7,4,17,11,52,48,0.00,0.00,0.00,0.00,2.02,49,63,35,14,4,25,66,35,66,10.86,3.74,2.73,2.88,3.20,0.00,0.00,0.00,0.00,0.00,0.00,Stade François Coty
1489777200,Mar 17 2017 - 7:00pm,complete,2755,Bourg-en-Bresse,Troyes,N/A,30,1.60,0.93,1.26,1.21,2,4,6,4,1,3,"12,74","27,36,43,63",7,6,3,1,4,1,3,1,2,3,7,8,5,5,2,3,14,22,49,51,0.00,0.00,0.00,0.00,2.52,55,62,49,35,20,35,62,31,69,7.43,3.68,2.70,3.05,3.05,0.00,0.00,0.00,0.00,0.00,0.00,Stade Marcel-Verchère
1489777200,Mar 17 2017 - 7:00pm,complete,6794,Brest,Laval,N/A,30,1.79,0.87,1.68,0.68,3,0,3,2,2,0,"8,28,55","",4,3,1,0,0,0,0,1,0,0,10,8,6,3,4,5,8,15,53,47,0.00,0.00,0.00,0.00,2.22,52,73,39,14,7,32,59,24,87,10.17,3.40,1.85,3.25,5.60,0.00,0.00,0.00,0.00,0.00,0.00,Stade Francis-Le Blé
1489777200,Mar 17 2017 - 7:00pm,complete,3142,Clermont,Niort,N/A,30,1.29,1.00,1.16,1.00,0,1,1,0,0,0,"","77",8,10,0,0,2,0,0,0,0,2,19,13,9,3,10,10,9,14,52,48,0.00,0.00,0.00,0.00,2.15,47,64,40,22,4,14,47,43,79,7.36,4.29,2.22,3.09,3.98,0.00,0.00,0.00,0.00,0.00,0.00,Stade Gabriel Montpied (Clermont-Ferrand)
1489777200,Mar 17 2017 - 7:00pm,complete,3858,Orléans,Gazélec Ajaccio,N/A,30,1.53,1.07,1.63,1.16,1,1,2,2,1,1,"16","17",7,6,1,0,0,0,0,1,0,0,8,7,2,3,6,4,10,13,25,75,0.00,0.00,0.00,0.00,2.07,45,66,42,14,0,14,56,45,69,8.03,4.36,2.87,2.87,3.04,0.00,0.00,0.00,0.00,0.00,0.00,Stade de la Source
1489777200,Mar 17 2017 - 7:00pm,complete,4093,Red Star,Amiens SC,N/A,30,1.13,1.43,1.11,1.68,0,1,1,0,0,0,"","70",6,5,1,0,0,0,0,1,0,0,10,14,4,4,6,10,12,14,57,43,0.00,0.00,0.00,0.00,2.56,52,66,49,31,14,31,72,42,76,6.66,3.61,3.27,2.96,2.62,0.00,0.00,0.00,0.00,0.00,0.00,Stade Jean Bouin
1489777200,Mar 17 2017 - 7:00pm,complete,7724,Sochaux,Nîmes,N/A,30,1.36,1.93,1.21,1.95,2,1,3,0,0,0,"66,68","84",5,7,3,0,4,1,1,2,2,3,16,10,7,5,9,5,14,12,53,47,0.00,0.00,0.00,0.00,2.43,57,68,43,25,11,25,83,40,68,10.50,3.64,2.60,2.98,3.27,0.00,0.00,0.00,0.00,0.00,0.00,Stade Auguste-Bonal
1489777200,Mar 17 2017 - 7:00pm,complete,7821,Valenciennes,Tours,N/A,30,1.50,0.86,1.53,1.05,0,4,4,2,0,2,"","17,37,68,80",5,3,2,0,1,0,1,1,1,0,8,10,0,5,8,5,19,13,53,47,0.00,0.00,0.00,0.00,2.79,68,79,54,39,18,39,61,43,75,6.86,4.22,2.22,3.05,4.03,0.00,0.00,0.00,0.00,0.00,0.00,Stade du Hainaut
1489845600,Mar 18 2017 - 2:00pm,complete,18492,Reims,Lens,N/A,30,2.14,1.53,1.68,1.68,0,2,2,0,0,0,"","50,69",8,3,1,0,3,0,0,1,1,2,14,9,5,3,9,6,10,20,46,54,0.00,0.00,0.00,0.00,2.13,48,69,38,10,7,17,72,38,69,10.49,3.93,2.20,3.09,4.03,0.00,0.00,0.00,0.00,0.00,0.00,Stade Auguste-Delaune II
1490039100,Mar 20 2017 - 7:45pm,complete,5935,Auxerre,Strasbourg,N/A,30,1.07,1.00,1.16,1.21,0,2,2,0,0,0,"","71,88",5,3,0,0,2,0,0,0,0,2,13,8,3,6,10,2,9,26,59,41,0.00,0.00,0.00,0.00,2.43,50,75,43,25,4,14,54,43,83,9.64,4.14,3.11,2.97,2.72,0.00,0.00,0.00,0.00,0.00,0.00,Stade de l'Abbé Deschamps (Auxerre)
1490983200,Mar 31 2017 - 6:00pm,complete,7471,Amiens SC,Clermont,N/A,31,1.67,1.27,1.79,1.26,0,1,1,0,0,0,"","75",7,1,3,1,3,0,3,1,1,2,16,9,6,3,10,6,14,19,55,45,0.00,0.00,0.00,0.00,2.43,50,74,44,20,7,24,67,30,83,9.80,3.80,2.00,3.35,4.40,0.00,0.00,0.00,0.00,0.00,0.00,Stade de la Licorne (Amiens)
1490983200,Mar 31 2017 - 6:00pm,complete,2863,Gazélec Ajaccio,Bourg-en-Bresse,N/A,31,1.67,1.00,1.53,1.05,2,3,5,1,1,0,"5,89","75,78,90'3",6,4,0,0,0,0,0,0,0,0,19,12,9,5,10,7,14,11,50,50,0.00,0.00,0.00,0.00,2.46,55,76,35,25,14,32,66,38,72,9.51,3.59,1.82,3.51,5.24,0.00,0.00,0.00,0.00,0.00,0.00,Stade Ange Casanova
1490983200,Mar 31 2017 - 6:00pm,complete,5239,Laval,Ajaccio,N/A,31,0.93,0.67,0.89,0.58,1,1,2,2,1,1,"20","22",9,2,1,0,3,0,0,1,1,2,13,9,4,5,9,4,13,19,61,39,0.00,0.00,0.00,0.00,2.20,52,69,31,17,10,14,62,42,80,7.37,3.81,2.14,3.08,4.28,0.00,0.00,0.00,0.00,0.00,0.00,Stade Francis Le Basser
1490983200,Mar 31 2017 - 6:00pm,complete,7831,Le Havre,Reims,N/A,31,1.36,1.27,1.58,1.21,1,1,2,1,1,0,"17","79",7,12,2,0,2,0,1,1,0,2,12,18,6,10,6,8,11,13,47,53,0.00,0.00,0.00,0.00,2.04,52,66,35,11,0,18,52,31,76,10.47,4.47,2.56,3.05,3.27,0.00,0.00,0.00,0.00,0.00,0.00,Stade Océane
1490983200,Mar 31 2017 - 6:00pm,complete,5901,Nîmes,Valenciennes,N/A,31,1.20,0.87,1.42,0.84,1,0,1,1,1,0,"27","",14,1,1,0,3,0,0,1,1,2,20,4,5,3,15,1,21,17,51,49,0.00,0.00,0.00,0.00,2.40,50,73,44,30,17,34,57,40,70,10.87,5.47,1.92,3.44,4.73,0.00,0.00,0.00,0.00,0.00,0.00,Stade des Costières
1490983200,Mar 31 2017 - 6:00pm,complete,3864,Niort,Auxerre,N/A,31,1.73,0.93,1.58,1.11,1,0,1,0,0,0,"90'3","",1,5,2,0,1,0,2,0,1,0,9,10,4,3,5,7,8,10,50,50,0.00,0.00,0.00,0.00,2.30,50,64,44,24,17,37,67,27,64,7.67,4.26,2.23,3.15,3.85,0.00,0.00,0.00,0.00,0.00,0.00,Stade René Gaillard (Niort)
1490983200,Mar 31 2017 - 6:00pm,complete,6554,Tours,Red Star,N/A,31,0.93,1.00,1.21,0.79,3,1,4,3,2,1,"3,29,90'4","37",6,3,3,0,2,1,0,3,2,1,16,9,6,5,10,4,14,21,58,42,0.00,0.00,0.00,0.00,2.34,52,72,45,24,14,14,59,52,76,7.73,4.20,1.92,3.29,5.05,0.00,0.00,0.00,0.00,0.00,0.00,Stade de la Vallée du Cher
1490983200,Mar 31 2017 - 6:00pm,complete,8955,Troyes,Orléans,N/A,31,2.07,0.57,2.26,0.58,4,2,6,4,4,0,"3,38,40,41","56,68",3,1,1,0,2,0,0,1,0,2,12,8,8,4,4,4,11,14,49,51,0.00,0.00,0.00,0.00,2.35,42,66,42,28,7,28,69,32,72,9.70,4.00,1.93,3.27,5.00,0.00,0.00,0.00,0.00,0.00,0.00,Stade de l'Aube
1491051600,Apr 01 2017 - 1:00pm,complete,37515,Lens,Brest,N/A,31,1.86,1.60,1.74,1.74,0,2,2,1,0,1,"","34,90'4",4,4,3,0,3,0,2,1,1,2,4,13,0,7,4,6,8,8,53,47,0.00,0.00,0.00,0.00,2.42,59,73,42,25,7,21,48,52,83,11.48,3.37,2.14,3.18,4.10,0.00,0.00,0.00,0.00,0.00,0.00,Stade Bollaert-Delelis
1491245100,Apr 03 2017 - 6:45pm,complete,22631,Strasbourg,Sochaux,N/A,31,2.13,1.27,2.32,1.21,2,0,2,2,2,0,"20,41","",4,4,2,0,2,0,0,2,0,2,8,10,6,4,2,6,13,10,43,57,0.00,0.00,0.00,0.00,2.37,47,67,43,20,14,20,54,50,70,9.73,3.80,2.07,3.11,4.54,0.00,0.00,0.00,0.00,0.00,0.00,Stade de la Meinau
1491588000,Apr 07 2017 - 6:00pm,complete,8992,Auxerre,Amiens SC,N/A,32,1.00,1.53,1.16,1.68,1,0,1,1,1,0,"42","",2,4,2,0,1,1,0,2,2,0,11,9,6,6,5,3,15,19,54,46,0.00,0.00,0.00,0.00,2.30,43,70,37,20,7,20,57,47,80,8.93,3.87,2.75,2.94,3.10,0.00,0.00,0.00,0.00,0.00,0.00,Stade de l'Abbé Deschamps (Auxerre)
1491588000,Apr 07 2017 - 6:00pm,complete,10323,Brest,Tours,N/A,32,1.87,1.00,1.68,1.05,1,1,2,2,1,1,"12","15",8,3,2,0,4,0,2,0,0,4,21,9,8,3,13,6,15,16,54,46,0.00,0.00,0.00,0.00,2.94,63,84,64,37,17,60,77,30,83,8.73,3.27,2.10,3.16,4.32,0.00,0.00,0.00,0.00,0.00,0.00,Stade Francis-Le Blé
1491588000,Apr 07 2017 - 6:00pm,complete,3494,Clermont,Nîmes,N/A,32,1.20,1.80,1.16,1.95,2,3,5,2,0,2,"69,76","7,45,55",10,5,2,0,2,0,1,1,0,2,18,11,9,7,9,4,16,15,62,38,0.00,0.00,0.00,0.00,2.34,57,67,47,23,7,27,53,47,80,9.47,3.60,2.69,3.06,3.06,0.00,0.00,0.00,0.00,0.00,0.00,Stade Gabriel Montpied (Clermont-Ferrand)
1491588000,Apr 07 2017 - 6:00pm,complete,6697,Le Havre,Laval,N/A,32,1.33,0.81,1.58,0.68,2,0,2,0,0,0,"68,90'1","",5,9,3,0,2,0,1,2,1,1,14,12,8,5,6,7,9,10,51,49,0.00,0.00,0.00,0.00,2.01,46,68,29,13,0,23,59,22,77,9.76,4.32,1.97,3.08,5.19,0.00,0.00,0.00,0.00,0.00,0.00,Stade Océane
1491588000,Apr 07 2017 - 6:00pm,complete,5143,Orléans,Bourg-en-Bresse,N/A,32,1.50,1.13,1.63,1.05,1,0,1,0,0,0,"90","",14,4,2,0,1,0,0,2,0,1,18,11,6,7,12,4,11,8,50,50,0.00,0.00,0.00,0.00,2.43,55,71,43,23,14,23,59,49,65,8.42,3.67,2.08,3.19,4.32,0.00,0.00,0.00,0.00,0.00,0.00,Stade de la Source
1491588000,Apr 07 2017 - 6:00pm,complete,9356,Sochaux,Niort,N/A,32,1.47,1.13,1.21,1.00,2,2,4,2,1,1,"32,70","42,58",8,7,3,0,0,1,0,3,0,1,19,13,6,5,13,8,20,9,55,45,0.00,0.00,0.00,0.00,2.20,47,64,37,20,7,10,67,37,70,9.20,4.47,2.05,3.10,4.65,0.00,0.00,0.00,0.00,0.00,0.00,Stade Auguste-Bonal
1491588000,Apr 07 2017 - 6:00pm,complete,8801,Valenciennes,Troyes,N/A,32,1.40,1.07,1.53,1.21,2,0,2,1,1,0,"3,54","",3,3,2,0,3,0,1,1,2,1,11,12,9,4,2,8,17,12,52,48,0.00,0.00,0.00,0.00,2.57,57,73,50,30,13,34,57,37,77,8.13,4.40,3.15,3.08,2.61,0.00,0.00,0.00,0.00,0.00,0.00,Stade du Hainaut
1491656400,Apr 08 2017 - 1:00pm,complete,9371,Red Star,Gazélec Ajaccio,N/A,32,1.06,1.07,1.11,1.16,0,3,3,1,0,1,"","25,58,87",8,2,0,0,0,0,0,0,0,0,14,10,3,4,11,6,16,15,50,50,0.00,0.00,0.00,0.00,2.23,42,62,42,22,7,29,68,29,71,6.60,3.64,3.02,2.99,2.78,0.00,0.00,0.00,0.00,0.00,0.00,Stade Jean Bouin
1491656400,Apr 08 2017 - 1:00pm,complete,11732,Reims,Strasbourg,N/A,32,2.00,1.13,1.68,1.21,1,1,2,2,1,1,"8","23",4,4,1,0,0,0,0,1,0,0,8,13,3,4,5,9,20,18,57,43,0.00,0.00,0.00,0.00,2.30,44,74,40,17,4,10,60,47,77,10.06,4.06,2.09,3.13,4.41,0.00,0.00,0.00,0.00,0.00,0.00,Stade Auguste-Delaune II
1491849900,Apr 10 2017 - 6:45pm,complete,3624,Ajaccio,Lens,N/A,32,1.87,1.63,1.95,1.68,3,6,9,8,3,5,"29,32,45'1","6,24,35,39,45,73",3,4,1,0,0,0,1,0,0,0,9,17,6,10,3,7,13,15,44,56,0.00,0.00,0.00,0.00,2.36,62,74,46,20,10,26,68,49,74,10.73,4.13,3.59,3.04,2.39,0.00,0.00,0.00,0.00,0.00,0.00,Stade François Coty
1492192800,Apr 14 2017 - 6:00pm,complete,7711,Amiens SC,Le Havre,N/A,33,1.56,1.31,1.79,1.26,2,0,2,1,1,0,"4,55","",6,3,1,0,1,0,0,1,0,1,24,6,14,4,10,2,17,11,47,53,0.00,0.00,0.00,0.00,1.85,35,54,32,13,3,22,56,22,63,10.50,3.19,2.68,2.96,3.18,0.00,0.00,0.00,0.00,0.00,0.00,Stade de la Licorne (Amiens)
1492192800,Apr 14 2017 - 6:00pm,complete,2791,Bourg-en-Bresse,Valenciennes,N/A,33,1.50,0.81,1.26,0.84,0,2,2,0,0,0,"","56,88",6,2,3,0,3,0,1,2,1,2,13,9,3,7,10,2,10,13,58,42,0.00,0.00,0.00,0.00,2.69,53,63,47,41,32,38,60,44,69,8.44,3.75,2.49,3.12,3.29,0.00,0.00,0.00,0.00,0.00,0.00,Stade Marcel-Verchère
1492192800,Apr 14 2017 - 6:00pm,complete,2925,Gazélec Ajaccio,Clermont,N/A,33,1.56,1.38,1.53,1.26,4,4,8,4,3,1,"25,39,43,72","31,48,55,85",11,9,2,0,2,0,2,0,2,0,12,13,7,8,5,5,12,14,54,46,0.00,0.00,0.00,0.00,2.44,60,78,35,22,10,22,69,32,88,10.01,4.01,2.05,3.20,4.45,0.00,0.00,0.00,0.00,0.00,0.00,Stade Ange Casanova
1492192800,Apr 14 2017 - 6:00pm,complete,5144,Laval,Reims,N/A,33,0.93,1.25,0.89,1.21,5,2,7,3,1,2,"31,55,75,77,90","2,26",4,7,2,0,2,0,2,0,1,1,8,13,6,5,2,8,10,19,46,54,0.00,0.00,0.00,0.00,2.00,58,65,26,13,4,10,46,42,77,9.68,3.51,3.76,3.04,2.32,0.00,0.00,0.00,0.00,0.00,0.00,Stade Francis Le Basser
1492192800,Apr 14 2017 - 6:00pm,complete,9223,Nîmes,Orléans,N/A,33,1.31,0.53,1.42,0.58,2,0,2,0,0,0,"50,85","",12,3,0,0,4,0,0,0,1,3,14,5,5,3,9,2,16,21,62,38,0.00,0.00,0.00,0.00,2.37,42,68,43,26,13,26,65,39,68,11.27,5.31,1.83,3.45,5.35,0.00,0.00,0.00,0.00,0.00,0.00,Stade des Costières
1492192800,Apr 14 2017 - 6:00pm,complete,4115,Niort,Brest,N/A,33,1.81,1.69,1.58,1.74,0,3,3,0,0,0,"","63,66,71",6,5,2,0,1,0,0,2,0,1,12,16,6,9,6,7,8,5,47,53,0.00,0.00,0.00,0.00,2.53,60,72,47,29,16,38,69,32,72,8.50,3.94,2.84,3.07,2.89,0.00,0.00,0.00,0.00,0.00,0.00,Stade René Gaillard (Niort)
1492192800,Apr 14 2017 - 6:00pm,complete,5502,Tours,Sochaux,N/A,33,1.06,1.19,1.21,1.21,3,1,4,3,2,1,"31,42,90'3","18",7,1,1,0,1,0,1,0,1,0,12,8,6,3,6,5,16,13,51,49,0.00,0.00,0.00,0.00,2.19,47,66,44,22,7,22,50,44,63,8.57,4.06,2.18,3.09,4.10,0.00,0.00,0.00,0.00,0.00,0.00,Stade de la Vallée du Cher
1492192800,Apr 14 2017 - 6:00pm,complete,6846,Troyes,Red Star,N/A,33,2.13,0.93,2.26,0.79,3,2,5,1,1,0,"28,51,57","78,80",7,6,3,0,1,2,1,2,2,1,18,12,7,5,11,7,16,10,60,40,0.00,0.00,0.00,0.00,2.39,52,71,42,26,10,22,71,33,78,8.93,3.94,1.64,3.69,6.93,0.00,0.00,0.00,0.00,0.00,0.00,Stade de l'Aube
1492261200,Apr 15 2017 - 1:00pm,complete,34288,Lens,Auxerre,N/A,33,1.73,0.88,1.74,1.11,0,1,1,1,0,1,"","42",8,1,0,0,1,0,0,0,0,1,13,5,7,2,6,3,9,14,66,34,0.00,0.00,0.00,0.00,2.08,43,62,33,17,7,17,46,43,78,10.31,3.79,1.83,3.24,5.92,0.00,0.00,0.00,0.00,0.00,0.00,Stade Bollaert-Delelis
1492454700,Apr 17 2017 - 6:45pm,complete,24238,Strasbourg,Ajaccio,N/A,33,2.19,0.69,2.32,0.58,4,2,6,3,2,1,"17,27,58,66","15,86",5,1,0,0,0,0,0,0,0,0,12,9,6,6,6,3,12,5,58,42,0.00,0.00,0.00,0.00,2.66,53,81,44,22,19,28,75,51,78,7.69,4.69,1.64,3.62,7.26,0.00,0.00,0.00,0.00,0.00,0.00,Stade de la Meinau
1492797600,Apr 21 2017 - 6:00pm,complete,3392,Ajaccio,Niort,N/A,34,1.75,1.13,1.95,1.00,3,1,4,4,3,1,"5,17,42","29",6,7,1,0,2,0,0,1,0,2,16,11,5,5,11,6,12,10,49,51,0.00,0.00,0.00,0.00,2.60,54,72,47,28,10,25,63,47,78,9.56,4.81,2.25,3.09,3.89,0.00,0.00,0.00,0.00,0.00,0.00,Stade François Coty
1492797600,Apr 21 2017 - 6:00pm,complete,8396,Auxerre,Tours,N/A,34,1.13,1.00,1.16,1.05,1,1,2,2,1,1,"14","2",6,3,1,0,3,0,1,0,0,3,7,9,5,4,2,5,15,15,49,51,0.00,0.00,0.00,0.00,2.60,53,79,44,35,10,41,66,41,72,7.19,4.19,2.60,3.00,3.25,0.00,0.00,0.00,0.00,0.00,0.00,Stade de l'Abbé Deschamps (Auxerre)
1492797600,Apr 21 2017 - 6:00pm,complete,4160,Clermont,Troyes,N/A,34,1.13,1.00,1.16,1.21,1,1,2,1,0,1,"68","36",4,5,2,0,1,0,0,2,0,1,10,6,4,3,6,3,13,11,51,49,0.00,0.00,0.00,0.00,2.32,53,66,44,25,10,32,54,35,78,8.13,3.88,2.86,3.10,2.83,0.00,0.00,0.00,0.00,0.00,0.00,Stade Gabriel Montpied (Clermont-Ferrand)
1492797600,Apr 21 2017 - 6:00pm,complete,6063,Laval,Strasbourg,N/A,34,1.06,1.13,0.89,1.21,1,2,3,1,1,0,"41","51,62",4,10,4,0,1,0,1,3,0,1,13,11,3,7,10,4,8,16,56,44,0.00,0.00,0.00,0.00,2.50,60,72,38,28,10,19,53,47,78,9.31,3.25,3.64,3.13,2.32,0.00,0.00,0.00,0.00,0.00,0.00,Stade Francis Le Basser
1492797600,Apr 21 2017 - 6:00pm,complete,4281,Red Star,Bourg-en-Bresse,N/A,34,1.00,1.06,1.11,1.05,4,1,5,3,2,1,"37,41,72,74","21",12,5,1,0,1,0,0,1,1,0,17,14,11,8,6,6,15,8,53,47,0.00,0.00,0.00,0.00,2.55,46,64,46,30,19,30,67,37,73,6.98,3.04,2.24,3.22,3.73,0.00,0.00,0.00,0.00,0.00,0.00,Stade Jean Bouin
1492797600,Apr 21 2017 - 6:00pm,complete,10626,Reims,Nîmes,N/A,34,1.94,1.88,1.68,1.95,1,1,2,1,1,0,"41","83",1,6,4,0,3,1,2,2,2,2,5,7,3,3,2,4,13,8,43,57,0.00,0.00,0.00,0.00,2.44,50,75,44,19,10,29,72,47,72,10.63,4.13,1.90,3.49,4.72,0.00,0.00,0.00,0.00,0.00,0.00,Stade Auguste-Delaune II
1492797600,Apr 21 2017 - 6:00pm,complete,15511,Sochaux,Gazélec Ajaccio,N/A,34,1.44,1.19,1.21,1.16,1,2,3,1,1,0,"34","73,90'3",5,1,0,0,1,0,0,0,1,0,12,15,7,6,5,9,18,11,52,48,0.00,0.00,0.00,0.00,2.16,47,66,41,16,3,19,75,38,66,9.06,3.81,2.44,3.02,3.51,0.00,0.00,0.00,0.00,0.00,0.00,Stade Auguste-Bonal
1492797600,Apr 21 2017 - 6:00pm,complete,9572,Valenciennes,Orléans,N/A,34,1.50,0.50,1.53,0.58,4,0,4,1,1,0,"35,74,78,80","",2,5,1,0,1,0,1,0,0,1,15,15,5,4,10,11,9,14,47,53,0.00,0.00,0.00,0.00,2.54,44,72,44,28,16,25,57,47,78,8.75,4.07,2.67,3.04,3.11,0.00,0.00,0.00,0.00,0.00,0.00,Stade du Hainaut
1492866000,Apr 22 2017 - 1:00pm,complete,9549,Brest,Amiens SC,N/A,34,1.81,1.44,1.68,1.68,2,3,5,2,1,1,"21,49","20,65,85",9,3,3,0,3,0,1,2,1,2,10,9,6,5,4,4,20,15,57,43,0.00,0.00,0.00,0.00,2.50,53,72,50,19,13,41,72,32,82,10.44,3.19,1.97,3.45,4.39,0.00,0.00,0.00,0.00,0.00,0.00,Stade Francis-Le Blé
1493059500,Apr 24 2017 - 6:45pm,complete,9862,Le Havre,Lens,N/A,34,1.44,1.71,1.58,1.68,1,0,1,1,1,0,"26","",7,4,2,0,2,0,1,1,0,2,13,10,7,3,6,7,11,15,44,56,0.00,0.00,0.00,0.00,2.41,55,73,39,19,9,27,67,30,76,11.07,4.07,3.03,3.03,2.74,0.00,0.00,0.00,0.00,0.00,0.00,Stade Océane
1493402400,Apr 28 2017 - 6:00pm,complete,8885,Amiens SC,Ajaccio,N/A,35,1.65,0.65,1.79,0.58,2,1,3,0,0,0,"67,70","60",6,2,1,0,2,0,1,0,0,2,10,6,6,3,4,3,13,12,47,53,0.00,0.00,0.00,0.00,2.42,47,74,41,18,12,27,71,35,76,8.24,4.06,1.67,3.64,6.62,0.00,0.00,0.00,0.00,0.00,0.00,Stade de la Licorne (Amiens)
1493402400,Apr 28 2017 - 6:00pm,complete,3197,Bourg-en-Bresse,Sochaux,N/A,35,1.41,1.12,1.26,1.21,0,1,1,1,0,1,"","40",5,4,1,0,2,0,0,1,1,1,13,12,5,3,8,9,9,13,55,45,0.00,0.00,0.00,0.00,2.32,47,59,41,27,18,27,53,38,62,8.82,3.47,2.71,3.15,2.95,0.00,0.00,0.00,0.00,0.00,0.00,Stade Marcel-Verchère
1493402400,Apr 28 2017 - 6:00pm,complete,2874,Gazélec Ajaccio,Valenciennes,N/A,35,1.53,0.94,1.53,0.84,1,0,1,1,1,0,"16","",7,3,3,0,2,0,1,2,1,1,14,9,6,3,8,6,12,17,56,44,0.00,0.00,0.00,0.00,2.65,56,77,38,32,21,35,62,44,77,10.24,3.77,1.95,3.24,4.92,0.00,0.00,0.00,0.00,0.00,0.00,Stade Ange Casanova
1493402400,Apr 28 2017 - 6:00pm,complete,14606,Nîmes,Auxerre,N/A,35,1.41,1.00,1.42,1.11,0,1,1,0,0,0,"","77",9,2,1,0,3,0,0,1,2,1,18,6,7,4,11,2,7,20,64,36,0.00,0.00,0.00,0.00,1.83,33,56,30,12,6,12,53,30,65,10.42,5.12,1.82,3.42,5.46,0.00,0.00,0.00,0.00,0.00,0.00,Stade des Costières
1493402400,Apr 28 2017 - 6:00pm,complete,4123,Niort,Reims,N/A,35,1.71,1.18,1.58,1.21,0,3,3,2,0,2,"","12,39,49",6,0,2,0,1,0,1,1,1,0,11,12,3,6,8,6,12,10,58,42,0.00,0.00,0.00,0.00,2.56,65,74,47,24,15,36,62,38,74,9.29,4.41,3.58,3.20,2.31,0.00,0.00,0.00,0.00,0.00,0.00,Stade René Gaillard (Niort)
1493402400,Apr 28 2017 - 6:00pm,complete,6331,Orléans,Red Star,N/A,35,1.59,0.88,1.63,0.79,4,0,4,2,2,0,"3,37,55,63","",2,8,3,0,2,0,2,1,1,1,8,14,5,7,3,7,7,15,38,62,0.00,0.00,0.00,0.00,2.22,55,70,40,19,10,13,58,46,73,9.35,4.13,2.07,3.38,4.05,0.00,0.00,0.00,0.00,0.00,0.00,Stade de la Source
1493402400,Apr 28 2017 - 6:00pm,complete,25647,Strasbourg,Le Havre,N/A,35,2.24,1.24,2.32,1.26,2,0,2,1,1,0,"29,58","",4,2,1,0,2,0,0,1,1,1,13,12,4,6,9,6,15,6,49,51,0.00,0.00,0.00,0.00,2.30,41,65,36,21,15,27,65,39,68,9.76,3.47,1.71,3.51,6.36,0.00,0.00,0.00,0.00,0.00,0.00,Stade de la Meinau
1493402400,Apr 28 2017 - 6:00pm,complete,6262,Tours,Clermont,N/A,35,1.18,1.35,1.21,1.26,3,0,3,2,2,0,"3,44,90'1","",3,7,0,0,0,0,0,0,0,0,12,8,6,5,6,3,11,17,60,40,0.00,0.00,0.00,0.00,2.74,59,76,50,33,12,27,65,41,85,8.47,4.59,1.95,3.45,4.48,0.00,0.00,0.00,0.00,0.00,0.00,Stade de la Vallée du Cher
1493470800,Apr 29 2017 - 1:00pm,complete,7678,Troyes,Brest,N/A,35,2.18,1.76,2.26,1.74,1,0,1,1,1,0,"44","",8,5,2,0,1,0,0,2,0,1,12,19,7,3,5,16,15,8,45,55,0.00,0.00,0.00,0.00,2.47,50,71,44,27,9,21,65,35,79,9.41,3.76,2.28,3.17,3.67,0.00,0.00,0.00,0.00,0.00,0.00,Stade de l'Aube
1493664300,May 01 2017 - 6:45pm,complete,28162,Lens,Laval,N/A,35,1.63,0.76,1.74,0.68,2,0,2,0,0,0,"85,90'4","",8,0,3,0,2,0,0,3,0,2,25,5,8,0,17,5,11,9,58,42,0.00,0.00,0.00,0.00,2.19,49,73,31,19,3,22,49,46,82,10.94,3.81,1.61,3.76,7.37,0.00,0.00,0.00,0.00,0.00,0.00,Stade Bollaert-Delelis
1494007200,May 05 2017 - 6:00pm,complete,10755,Auxerre,Troyes,N/A,36,1.12,1.00,1.16,1.21,2,3,5,3,2,1,"16,19","11,48,73",9,5,2,0,1,0,0,2,0,1,12,9,7,6,5,3,8,11,54,46,0.00,0.00,0.00,0.00,2.30,47,74,36,21,6,30,62,30,74,8.47,4.23,2.96,3.05,2.78,0.00,0.00,0.00,0.00,0.00,0.00,Stade de l'Abbé Deschamps (Auxerre)
1494007200,May 05 2017 - 6:00pm,complete,3479,Clermont,Bourg-en-Bresse,N/A,36,1.12,1.00,1.16,1.05,2,3,5,1,0,1,"64,89","41,60,90'1",7,5,1,0,1,0,1,0,0,1,12,6,7,6,5,0,8,11,56,44,0.00,0.00,0.00,0.00,2.41,53,65,41,27,18,27,53,44,77,8.35,3.06,1.83,3.40,5.38,0.00,0.00,0.00,0.00,0.00,0.00,Stade Gabriel Montpied (Clermont-Ferrand)
1494007200,May 05 2017 - 6:00pm,complete,8626,Laval,Tours,N/A,36,1.00,1.00,0.89,1.05,1,3,4,2,0,2,"83","29,31,70",5,3,1,0,0,0,0,1,0,0,11,17,3,7,8,10,18,9,49,51,0.00,0.00,0.00,0.00,2.74,68,77,44,39,15,45,68,44,71,7.17,3.76,2.58,3.02,3.26,0.00,0.00,0.00,0.00,0.00,0.00,Stade Francis Le Basser
1494007200,May 05 2017 - 6:00pm,complete,7040,Le Havre,Niort,N/A,36,1.53,1.06,1.58,1.00,0,0,0,0,0,0,"","",3,6,1,0,1,0,1,0,0,1,14,9,5,2,9,7,14,12,54,46,0.00,0.00,0.00,0.00,2.27,44,68,38,24,3,24,62,30,74,10.36,4.89,1.85,3.37,5.34,0.00,0.00,0.00,0.00,0.00,0.00,Stade Océane
1494007200,May 05 2017 - 6:00pm,complete,8317,Reims,Orléans,N/A,36,1.88,0.47,1.68,0.58,0,2,2,1,0,1,"","14,62",10,4,1,0,2,0,0,1,1,1,19,5,5,4,14,1,13,14,61,39,0.00,0.00,0.00,0.00,2.30,35,71,36,18,9,21,68,44,71,9.47,4.06,1.66,3.63,6.81,0.00,0.00,0.00,0.00,0.00,0.00,Stade Auguste-Delaune II
1494007200,May 05 2017 - 6:00pm,complete,10062,Sochaux,Amiens SC,N/A,36,1.35,1.53,1.21,1.68,1,2,3,2,1,1,"1","25,82",3,5,2,0,2,0,2,0,0,2,6,13,3,3,3,10,18,14,42,58,0.00,0.00,0.00,0.00,2.42,56,65,44,24,12,21,77,47,71,9.41,3.77,3.88,3.06,2.27,0.00,0.00,0.00,0.00,0.00,0.00,Stade Auguste-Bonal
1494007200,May 05 2017 - 6:00pm,complete,37,Valenciennes,Red Star,N/A,36,1.59,0.82,1.53,0.79,0,0,0,0,0,0,"","",4,4,3,0,3,0,2,1,0,3,8,15,3,5,5,10,11,13,50,50,0.00,0.00,0.00,0.00,2.53,50,76,47,29,15,18,62,47,82,8.64,4.06,2.79,3.10,2.91,0.00,0.00,0.00,0.00,0.00,0.00,Stade du Hainaut
1494075600,May 06 2017 - 1:00pm,complete,10048,Brest,Nîmes,N/A,36,1.71,1.82,1.68,1.95,2,3,5,2,1,1,"4,83","27,77,78",4,3,1,0,1,0,0,1,0,1,14,14,5,7,9,7,11,17,53,47,0.00,0.00,0.00,0.00,2.83,65,82,59,27,18,50,76,36,85,11.89,3.59,2.06,3.23,4.34,0.00,0.00,0.00,0.00,0.00,0.00,Stade Francis-Le Blé
1494262800,May 08 2017 - 5:00pm,complete,3784,Ajaccio,Gazélec Ajaccio,N/A,36,1.82,1.29,1.95,1.16,1,0,1,0,0,0,"75","",5,3,3,1,3,1,2,2,1,3,5,8,4,5,1,3,16,22,48,52,0.00,0.00,0.00,0.00,2.50,53,74,50,21,6,30,71,44,71,8.94,4.00,2.84,3.08,2.87,0.00,0.00,0.00,0.00,0.00,0.00,Stade François Coty
1494269100,May 08 2017 - 6:45pm,complete,38033,Lens,Strasbourg,N/A,36,1.71,1.24,1.74,1.21,1,1,2,0,0,0,"66","68",7,6,3,0,1,0,1,2,1,0,16,12,5,5,11,7,13,8,65,35,0.00,0.00,0.00,0.00,2.56,59,79,44,27,6,21,53,56,82,11.94,3.65,2.21,3.13,3.95,0.00,0.00,0.00,0.00,0.00,0.00,Stade Bollaert-Delelis
1494613800,May 12 2017 - 6:30pm,complete,11669,Amiens SC,Laval,N/A,37,1.72,0.72,1.79,0.68,3,0,3,2,2,0,"10,14,85","",3,3,1,0,3,0,1,0,2,1,18,8,11,4,7,4,12,15,49,51,0.00,0.00,0.00,0.00,2.11,39,70,33,14,3,20,50,36,81,9.28,3.73,1.28,5.53,9.99,0.00,0.00,0.00,0.00,0.00,0.00,Stade de la Licorne (Amiens)
1494613800,May 12 2017 - 6:30pm,complete,3545,Bourg-en-Bresse,Brest,N/A,37,1.33,1.67,1.26,1.74,1,2,3,1,0,1,"52","27,78",4,6,1,0,0,0,0,1,0,0,15,16,7,7,8,9,9,10,49,51,0.00,0.00,0.00,0.00,2.45,47,62,42,28,20,20,59,42,73,8.72,3.44,4.72,3.42,1.92,0.00,0.00,0.00,0.00,0.00,0.00,Stade Marcel-Verchère
1494613800,May 12 2017 - 6:30pm,complete,3363,Gazélec Ajaccio,Lens,N/A,37,1.61,1.61,1.53,1.68,0,4,4,2,0,2,"","15,42,69,88",6,5,3,0,0,0,2,1,0,0,14,10,6,7,8,3,12,14,48,52,0.00,0.00,0.00,0.00,2.67,61,75,39,25,17,28,72,39,75,11.11,3.61,4.55,3.58,1.90,0.00,0.00,0.00,0.00,0.00,0.00,Stade Ange Casanova
1494613800,May 12 2017 - 6:30pm,complete,13328,Nîmes,Ajaccio,N/A,37,1.33,0.61,1.42,0.58,3,1,4,2,1,1,"10,62,84","33",9,2,1,0,2,0,1,0,0,2,14,5,7,2,7,3,6,13,53,47,0.00,0.00,0.00,0.00,2.31,50,75,39,17,12,23,67,39,73,9.94,5.44,1.52,4.17,7.81,0.00,0.00,0.00,0.00,0.00,0.00,Stade des Costières
1494613800,May 12 2017 - 6:30pm,complete,5620,Niort,Strasbourg,N/A,37,1.61,1.22,1.58,1.21,2,2,4,2,1,1,"45'2,62","11,68",4,6,3,1,2,0,2,2,0,2,11,14,5,4,6,10,9,13,53,47,0.00,0.00,0.00,0.00,2.75,64,81,56,31,14,39,67,42,75,9.33,4.00,5.86,3.76,1.70,0.00,0.00,0.00,0.00,0.00,0.00,Stade René Gaillard (Niort)
1494613800,May 12 2017 - 6:30pm,complete,6791,Orléans,Clermont,N/A,37,1.67,1.28,1.63,1.26,2,2,4,4,2,2,"31,42","2,8",15,4,0,0,1,0,0,0,0,1,10,10,5,5,5,5,14,14,56,44,0.00,0.00,0.00,0.00,2.45,53,73,42,20,6,23,61,39,81,9.67,4.22,2.07,3.42,3.99,0.00,0.00,0.00,0.00,0.00,0.00,Stade de la Source
1494613800,May 12 2017 - 6:30pm,complete,4009,Red Star,Sochaux,N/A,37,1.11,1.22,1.11,1.21,1,1,2,1,0,1,"75","32",12,1,1,0,1,0,1,0,0,1,21,13,8,5,13,8,12,18,58,42,0.00,0.00,0.00,0.00,2.20,42,59,42,22,9,28,61,31,64,8.22,3.05,1.78,3.61,5.34,0.00,0.00,0.00,0.00,0.00,0.00,Stade Jean Bouin
1494613800,May 12 2017 - 6:30pm,complete,6509,Tours,Le Havre,N/A,37,1.28,1.17,1.21,1.26,0,4,4,2,0,2,"","11,16,55,84",9,3,3,1,0,0,1,3,0,0,16,10,3,7,13,3,11,13,49,51,0.00,0.00,0.00,0.00,2.11,42,64,39,23,6,25,61,31,67,8.67,3.67,2.05,3.41,4.09,0.00,0.00,0.00,0.00,0.00,0.00,Stade de la Vallée du Cher
1494613800,May 12 2017 - 6:30pm,complete,12093,Troyes,Reims,N/A,37,2.22,1.28,2.26,1.21,2,0,2,2,2,0,"27,30","",2,4,2,0,4,0,0,2,2,2,8,15,4,5,4,10,12,13,46,54,0.00,0.00,0.00,0.00,2.45,56,70,42,22,9,23,64,36,78,9.95,4.22,1.80,3.60,5.21,0.00,0.00,0.00,0.00,0.00,0.00,Stade de l'Aube
1494613800,May 12 2017 - 6:30pm,complete,9791,Valenciennes,Auxerre,N/A,37,1.56,1.11,1.53,1.11,0,0,0,0,0,0,"","",6,6,0,0,0,0,0,0,0,0,10,7,4,2,6,5,12,13,54,46,0.00,0.00,0.00,0.00,1.98,33,56,33,17,9,12,47,33,73,7.44,4.00,3.24,3.26,2.44,0.00,0.00,0.00,0.00,0.00,0.00,Stade du Hainaut
1495218600,May 19 2017 - 6:30pm,complete,3131,Ajaccio,Tours,N/A,38,1.89,1.11,1.95,1.05,3,2,5,1,1,0,"37,52,88","59,78",2,9,2,0,2,0,0,2,0,2,11,19,8,8,3,11,15,13,42,58,0.00,0.00,0.00,0.00,2.95,70,81,56,42,14,53,75,44,70,8.00,4.33,2.22,3.44,3.53,0.00,0.00,0.00,0.00,0.00,0.00,Stade François Coty
1495218600,May 19 2017 - 6:30pm,complete,12431,Auxerre,Red Star,N/A,38,1.06,0.83,1.16,0.79,1,0,1,0,0,0,"70","",10,2,1,0,4,0,0,1,1,3,22,9,8,3,14,6,12,14,53,47,0.00,0.00,0.00,0.00,2.28,45,72,36,23,12,20,62,42,75,9.39,4.05,1.79,3.62,5.21,0.00,0.00,0.00,0.00,0.00,0.00,Stade de l'Abbé Deschamps (Auxerre)
1495218600,May 19 2017 - 6:30pm,complete,12353,Brest,Gazélec Ajaccio,N/A,38,1.61,1.22,1.68,1.16,6,2,8,3,3,0,"26,28,32,59,72,85","52,78",3,1,0,0,2,0,0,0,1,1,14,10,10,4,4,6,14,7,60,40,0.00,0.00,0.00,0.00,2.47,50,75,53,17,11,42,73,31,81,9.83,3.39,1.30,5.65,9.99,0.00,0.00,0.00,0.00,0.00,0.00,Stade Francis-Le Blé
1495218600,May 19 2017 - 6:30pm,complete,4853,Clermont,Valenciennes,N/A,38,1.06,0.89,1.16,0.84,1,0,1,0,0,0,"85","",4,6,1,0,2,1,1,0,1,2,19,5,5,0,14,5,17,13,56,44,0.00,0.00,0.00,0.00,2.31,50,64,39,28,17,28,50,44,75,8.72,3.50,2.04,3.52,3.98,0.00,0.00,0.00,0.00,0.00,0.00,Stade Gabriel Montpied (Clermont-Ferrand)
1495218600,May 19 2017 - 6:30pm,complete,4576,Laval,Nîmes,N/A,38,0.94,1.89,0.89,1.95,1,2,3,1,1,0,"28","57,88",2,4,1,0,2,0,1,0,0,2,14,23,4,13,10,10,11,14,46,54,0.00,0.00,0.00,0.00,2.75,67,75,47,34,17,33,67,53,81,9.89,3.67,5.70,4.00,1.67,0.00,0.00,0.00,0.00,0.00,0.00,Stade Francis Le Basser
1495218600,May 19 2017 - 6:30pm,complete,8642,Le Havre,Orléans,N/A,38,1.50,0.61,1.58,0.58,4,1,5,3,2,1,"8,20,70,88","45",4,9,2,0,2,0,2,0,1,1,16,17,7,5,9,12,9,14,50,50,0.00,0.00,0.00,0.00,2.28,36,67,36,22,9,25,64,34,73,10.28,4.17,2.86,3.32,2.68,0.00,0.00,0.00,0.00,0.00,0.00,Stade Océane
1495218600,May 19 2017 - 6:30pm,complete,37700,Lens,Niort,N/A,38,1.67,1.06,1.74,1.00,3,1,4,2,2,0,"7,15,90'2","58",3,6,1,0,2,0,0,1,0,2,15,12,5,6,10,6,11,9,53,47,0.00,0.00,0.00,0.00,2.39,50,73,39,28,6,22,50,50,78,11.39,4.39,1.25,6.25,9.99,0.00,0.00,0.00,0.00,0.00,0.00,Stade Bollaert-Delelis
1495218600,May 19 2017 - 6:30pm,complete,15203,Reims,Amiens SC,N/A,38,1.78,1.61,1.68,1.68,1,2,3,1,0,1,"62","13,90'6",0,3,4,1,1,0,2,3,1,0,11,15,4,7,7,8,20,19,57,43,0.00,0.00,0.00,0.00,2.25,45,70,36,14,9,22,72,42,73,9.38,4.05,5.41,4.00,1.69,0.00,0.00,0.00,0.00,0.00,0.00,Stade Auguste-Delaune II
1495218600,May 19 2017 - 6:30pm,complete,12328,Sochaux,Troyes,N/A,38,1.28,1.11,1.21,1.21,2,3,5,2,2,0,"23,40","60,77,88",4,7,0,0,0,0,0,0,0,0,10,17,6,10,4,7,7,6,43,57,0.00,0.00,0.00,0.00,2.50,61,73,47,25,12,31,78,34,73,9.06,4.00,6.11,4.19,1.61,0.00,0.00,0.00,0.00,0.00,0.00,Stade Auguste-Bonal
1495218600,May 19 2017 - 6:30pm,complete,27503,Strasbourg,Bourg-en-Bresse,N/A,38,2.28,1.11,2.32,1.05,2,1,3,2,2,0,"15,18","75",7,5,2,0,2,0,1,1,2,0,12,6,5,3,7,3,10,9,48,52,0.00,0.00,0.00,0.00,3.00,53,78,50,36,31,33,70,56,78,8.72,3.50,1.20,7.76,9.99,0.00,0.00,0.00,0.00,0.00,0.00,Stade de la Meinau
