timestamp,date_GMT,status,attendance,home_team_name,away_team_name,referee,Game Week,Pre-Match PPG (Home),Pre-Match PPG (Away),home_ppg,away_ppg,home_team_goal_count,away_team_goal_count,total_goal_count,total_goals_at_half_time,home_team_goal_count_half_time,away_team_goal_count_half_time,home_team_goal_timings,away_team_goal_timings,home_team_corner_count,away_team_corner_count,home_team_yellow_cards,home_team_red_cards,away_team_yellow_cards,away_team_red_cards,home_team_first_half_cards,home_team_second_half_cards,away_team_first_half_cards,away_team_second_half_cards,home_team_shots,away_team_shots,home_team_shots_on_target,away_team_shots_on_target,home_team_shots_off_target,away_team_shots_off_target,home_team_fouls,away_team_fouls,home_team_possession,away_team_possession,Home Team Pre-Match xG,Away Team Pre-Match xG,team_a_xg,team_b_xg,average_goals_per_match_pre_match,btts_percentage_pre_match,over_15_percentage_pre_match,over_25_percentage_pre_match,over_35_percentage_pre_match,over_45_percentage_pre_match,over_15_HT_FHG_percentage_pre_match,over_05_HT_FHG_percentage_pre_match,over_15_2HG_percentage_pre_match,over_05_2HG_percentage_pre_match,average_corners_per_match_pre_match,average_cards_per_match_pre_match,odds_ft_home_team_win,odds_ft_draw,odds_ft_away_team_win,odds_ft_over15,odds_ft_over25,odds_ft_over35,odds_ft_over45,odds_btts_yes,odds_btts_no,stadium_name
1406916000,Aug 01 2014 - 6:00pm,complete,1428,Arles-Avignon,Ajaccio,N/A,1,0.00,0.00,1.16,0.79,0,0,0,0,0,0,"","",6,2,1,0,2,0,0,1,1,1,11,8,4,3,7,5,10,11,51,49,0.00,0.00,0.00,0.00,0.00,0,0,0,0,0,0,0,0,0,0.00,0.00,2.37,3.06,3.55,0.00,0.00,0.00,0.00,0.00,0.00,Parc des Sports (Avignon)
1406916000,Aug 01 2014 - 6:00pm,complete,5986,Auxerre,Le Havre,N/A,1,0.00,0.00,1.32,1.00,2,0,2,1,1,0,"32,52","",3,6,1,0,2,0,1,0,1,1,5,15,3,8,2,7,13,17,56,44,0.00,0.00,0.00,0.00,0.00,0,0,0,0,0,0,0,0,0,0.00,0.00,2.14,3.15,4.08,0.00,0.00,0.00,0.00,0.00,0.00,Stade de l'Abbé Deschamps (Auxerre)
1406916000,Aug 01 2014 - 6:00pm,complete,2680,Gazélec Ajaccio,Valenciennes,N/A,1,0.00,0.00,2.26,0.95,2,0,2,1,1,0,"31,85","",4,1,0,0,0,0,0,0,0,0,9,3,4,0,5,3,10,22,41,59,0.00,0.00,0.00,0.00,0.00,0,0,0,0,0,0,0,0,0,0.00,0.00,3.30,3.12,2.46,0.00,0.00,0.00,0.00,0.00,0.00,Stade Ange Casanova
1406916000,Aug 01 2014 - 6:00pm,complete,3934,Châteauroux,Troyes,N/A,1,0.00,0.00,1.16,1.68,0,1,1,1,0,1,"","9",3,4,2,0,2,0,1,1,1,1,2,4,0,0,2,4,10,15,61,39,0.00,0.00,0.00,0.00,0.00,0,0,0,0,0,0,0,0,0,0.00,0.00,3.12,3.05,2.62,0.00,0.00,0.00,0.00,0.00,0.00,Stade Gaston Petit
1406916000,Aug 01 2014 - 6:00pm,complete,5905,Nîmes,Angers SCO,N/A,1,0.00,0.00,1.47,1.21,3,2,5,4,3,1,"14,30,33","40,80",5,2,2,0,1,0,1,1,1,0,6,6,5,2,1,4,16,18,46,54,0.00,0.00,0.00,0.00,0.00,0,0,0,0,0,0,0,0,0,0.00,0.00,2.19,3.18,3.86,0.00,0.00,0.00,0.00,0.00,0.00,Stade des Costières
1406916000,Aug 01 2014 - 6:00pm,complete,4881,Tours,Créteil,N/A,1,0.00,0.00,1.37,0.84,4,2,6,3,2,1,"34,45'1,60,75","35,53",9,5,3,1,3,0,1,3,1,2,13,15,7,5,6,10,15,18,49,51,0.00,0.00,0.00,0.00,0.00,0,0,0,0,0,0,0,0,0,0.00,0.00,1.94,3.36,4.60,0.00,0.00,0.00,0.00,0.00,0.00,Stade de la Vallée du Cher
1406916000,Aug 01 2014 - 6:00pm,complete,14464,Nancy,Dijon,N/A,1,0.00,0.00,1.79,1.26,1,1,2,0,0,0,"61","74",8,4,1,0,1,0,0,1,0,1,22,10,9,5,13,5,7,18,49,51,0.00,0.00,0.00,0.00,0.00,0,0,0,0,0,0,0,0,0,0.00,0.00,1.85,3.36,5.18,0.00,0.00,0.00,0.00,0.00,0.00,Stade Marcel-Picot (Tomblaine)
1406916000,Aug 01 2014 - 6:00pm,complete,5483,Laval,Niort,N/A,1,0.00,0.00,1.74,1.11,1,1,2,0,0,0,"65","54",3,4,2,0,2,0,1,1,0,2,11,14,5,7,6,7,15,17,55,45,0.00,0.00,0.00,0.00,0.00,0,0,0,0,0,0,0,0,0,0.00,0.00,2.38,3.13,3.44,0.00,0.00,0.00,0.00,0.00,0.00,Stade Francis Le Basser
1406991600,Aug 02 2014 - 3:00pm,complete,8265,Sochaux,Orléans,N/A,1,0.00,0.00,1.42,0.89,0,1,1,0,0,0,"","81",3,1,2,0,1,0,0,2,0,1,8,5,2,0,6,5,13,16,50,50,0.00,0.00,0.00,0.00,0.00,0,0,0,0,0,0,0,0,0,0.00,0.00,1.75,3.65,5.45,0.00,0.00,0.00,0.00,0.00,0.00,Stade Auguste-Bonal
1407177000,Aug 04 2014 - 6:30pm,complete,10061,Brest,Clermont,N/A,1,0.00,0.00,2.11,0.89,2,1,3,1,0,1,"51,67","8",11,5,3,0,2,0,0,3,2,0,8,8,3,3,5,5,16,19,58,42,0.00,0.00,0.00,0.00,0.00,0,0,0,0,0,0,0,0,0,0.00,0.00,1.89,3.15,5.42,0.00,0.00,0.00,0.00,0.00,0.00,Stade Francis-Le Blé
1407520800,Aug 08 2014 - 6:00pm,complete,6210,Angers SCO,Arles-Avignon,N/A,2,0.00,0.00,2.16,0.42,2,0,2,1,1,0,"16,52","",3,3,2,0,3,0,0,2,1,2,7,9,4,6,3,3,15,16,38,62,0.00,0.00,0.00,0.00,0.00,0,0,0,0,0,0,0,0,0,0.00,0.00,2.02,3.17,4.54,0.00,0.00,0.00,0.00,0.00,0.00,Stade Raymond Kopa (Angers)
1407520800,Aug 08 2014 - 6:00pm,complete,3737,Clermont,Auxerre,N/A,2,0.00,0.00,1.68,1.42,1,1,2,2,1,1,"45","21",4,1,1,0,1,0,0,1,0,1,11,6,7,2,4,4,17,17,54,46,0.00,0.00,0.00,0.00,0.00,0,0,0,0,0,0,0,0,0,0.00,0.00,2.26,3.05,3.85,0.00,0.00,0.00,0.00,0.00,0.00,Stade Gabriel Montpied (Clermont-Ferrand)
1407520800,Aug 08 2014 - 6:00pm,complete,1653,Créteil,Châteauroux,N/A,2,0.00,0.00,1.53,0.53,3,0,3,0,0,0,"67,74,84","",1,5,2,0,0,0,2,0,0,0,16,11,7,4,9,7,11,17,49,51,0.00,0.00,0.00,0.00,0.00,0,0,0,0,0,0,0,0,0,0.00,0.00,1.82,3.44,5.27,0.00,0.00,0.00,0.00,0.00,0.00,Stade Dominique Duvauchelle
1407520800,Aug 08 2014 - 6:00pm,complete,7281,Dijon,Laval,N/A,2,0.00,0.00,1.95,1.11,1,0,1,0,0,0,"50","",-1,-1,2,0,5,0,1,1,1,4,-1,-1,-1,-1,-1,-1,-1,-1,-1,-1,0.00,0.00,0.00,0.00,0.00,0,0,0,0,0,0,0,0,0,0.00,0.00,1.79,3.51,5.31,0.00,0.00,0.00,0.00,0.00,0.00,Stade Gaston-Gérard
1407520800,Aug 08 2014 - 6:00pm,complete,6103,Le Havre,Gazélec Ajaccio,N/A,2,0.00,0.00,1.89,1.16,1,1,2,0,0,0,"73","90'2",7,1,0,0,1,0,0,0,0,1,9,3,4,2,5,1,7,8,55,45,0.00,0.00,0.00,0.00,0.00,0,0,0,0,0,0,0,0,0,0.00,0.00,2.03,3.17,4.50,0.00,0.00,0.00,0.00,0.00,0.00,Stade Océane
1407520800,Aug 08 2014 - 6:00pm,complete,4713,Niort,Brest,N/A,2,0.00,0.00,1.53,0.89,0,0,0,0,0,0,"","",-1,-1,1,0,1,0,0,1,1,0,-1,-1,-1,-1,-1,-1,-1,-1,-1,-1,0.00,0.00,0.00,0.00,0.00,0,0,0,0,0,0,0,0,0,0.00,0.00,2.00,3.14,4.72,0.00,0.00,0.00,0.00,0.00,0.00,Stade René Gaillard (Niort)
1407520800,Aug 08 2014 - 6:00pm,complete,4144,Orléans,Nancy,N/A,2,0.00,0.00,1.21,1.26,0,1,1,1,0,1,"","11",3,9,1,0,2,0,1,0,1,1,9,10,2,5,7,5,16,15,49,51,0.00,0.00,0.00,0.00,0.00,0,0,0,0,0,0,0,0,0,0.00,0.00,2.55,3.04,3.23,0.00,0.00,0.00,0.00,0.00,0.00,Stade de la Source
1407520800,Aug 08 2014 - 6:00pm,complete,7227,Troyes,Tours,N/A,2,0.00,0.00,2.42,0.95,1,0,1,0,0,0,"61","",3,4,2,0,1,0,2,0,0,1,10,4,4,0,6,4,12,12,46,54,0.00,0.00,0.00,0.00,0.00,0,0,0,0,0,0,0,0,0,0.00,0.00,1.83,3.43,5.22,0.00,0.00,0.00,0.00,0.00,0.00,Stade de l'Aube
1407583800,Aug 09 2014 - 11:30am,complete,10104,Valenciennes,Nîmes,N/A,2,0.00,0.00,1.26,0.95,2,2,4,1,1,0,"43,81","64,83",4,1,0,0,0,0,0,0,0,0,12,4,6,0,6,4,14,10,58,42,0.00,0.00,0.00,0.00,0.00,0,0,0,0,0,0,0,0,0,0.00,0.00,2.47,3.05,3.36,0.00,0.00,0.00,0.00,0.00,0.00,Stade du Hainaut
1407600000,Aug 09 2014 - 4:00pm,complete,4077,Ajaccio,Sochaux,N/A,2,0.00,0.00,1.37,1.32,0,2,2,2,0,2,"","36,42",4,3,3,0,0,0,1,2,0,0,11,3,5,2,6,1,10,10,51,49,0.00,0.00,0.00,0.00,0.00,0,0,0,0,0,0,0,0,0,0.00,0.00,2.12,3.16,4.14,0.00,0.00,0.00,0.00,0.00,0.00,Stade François Coty
1408125600,Aug 15 2014 - 6:00pm,complete,6900,Auxerre,Orléans,N/A,3,3.00,3.00,1.32,0.89,0,1,1,1,0,1,"","24",6,3,2,0,5,0,1,1,1,4,12,4,8,2,4,2,17,20,58,42,0.00,0.00,0.00,0.00,1.50,0,50,0,0,0,0,50,0,100,4.00,2.00,2.32,3.15,3.55,0.00,0.00,0.00,0.00,0.00,0.00,Stade de l'Abbé Deschamps (Auxerre)
1408125600,Aug 15 2014 - 6:00pm,complete,4945,Laval,Créteil,N/A,3,1.00,0.00,1.74,0.84,1,1,2,0,0,0,"78","58",0,0,1,0,2,0,1,0,2,0,3,3,0,2,3,1,2,3,39,61,0.00,0.00,0.00,0.00,4.00,100,100,50,50,50,50,50,100,100,8.00,5.00,2.34,3.27,3.36,0.00,0.00,0.00,0.00,0.00,0.00,Stade Francis Le Basser
1408125600,Aug 15 2014 - 6:00pm,complete,4188,Châteauroux,Clermont,N/A,3,0.00,0.00,1.16,0.89,3,2,5,1,0,1,"68,72,81","7,78",-1,-1,2,0,0,0,1,1,0,0,-1,-1,-1,-1,-1,-1,-1,-1,-1,-1,0.00,0.00,0.00,0.00,2.00,50,50,50,0,0,0,100,50,50,8.00,4.00,2.89,3.09,2.77,0.00,0.00,0.00,0.00,0.00,0.00,Stade Gaston Petit
1408125600,Aug 15 2014 - 6:00pm,complete,14512,Nancy,Arles-Avignon,N/A,3,1.00,0.00,1.79,0.42,1,1,2,0,0,0,"52","90",-1,-1,1,0,2,0,0,1,1,1,-1,-1,-1,-1,-1,-1,-1,-1,-1,-1,0.00,0.00,0.00,0.00,2.00,50,100,0,0,0,0,50,50,100,11.00,4.00,1.85,3.42,5.09,0.00,0.00,0.00,0.00,0.00,0.00,Stade Marcel-Picot (Tomblaine)
1408125600,Aug 15 2014 - 6:00pm,complete,6092,Nîmes,Dijon,N/A,3,3.00,1.00,1.47,1.26,2,2,4,2,1,1,"26,78","11,90",-1,-1,2,0,2,0,0,2,0,2,-1,-1,-1,-1,-1,-1,-1,-1,-1,-1,0.00,0.00,0.00,0.00,3.50,100,100,50,50,50,50,50,50,100,9.00,3.00,2.50,3.20,3.14,0.00,0.00,0.00,0.00,0.00,0.00,Stade des Costières
1408125600,Aug 15 2014 - 6:00pm,complete,4797,Niort,Le Havre,N/A,3,1.00,0.00,1.53,1.00,1,0,1,1,1,0,"2","",0,0,0,0,1,0,0,0,0,1,0,0,0,0,0,0,2,1,13,87,0.00,0.00,0.00,0.00,1.00,0,50,0,0,0,0,50,0,50,6.00,3.00,2.13,3.21,4.01,0.00,0.00,0.00,0.00,0.00,0.00,Stade René Gaillard (Niort)
1408125600,Aug 15 2014 - 6:00pm,complete,5389,Tours,Valenciennes,N/A,3,3.00,0.00,1.37,0.95,1,0,1,1,1,0,"8","",6,6,1,0,3,1,0,1,1,3,13,8,4,2,9,6,13,16,45,55,0.00,0.00,0.00,0.00,4.00,50,100,50,50,50,50,100,50,100,10.00,5.00,2.13,3.31,3.86,0.00,0.00,0.00,0.00,0.00,0.00,Stade de la Vallée du Cher
1408190400,Aug 16 2014 - 12:00pm,complete,7503,Brest,Angers SCO,N/A,3,3.00,0.00,2.11,1.21,0,0,0,0,0,0,"","",6,1,1,0,3,0,0,1,1,2,13,7,8,5,5,2,18,16,50,50,0.00,0.00,0.00,0.00,4.00,100,100,100,50,50,50,100,50,100,13.00,4.00,2.26,3.13,3.73,0.00,0.00,0.00,0.00,0.00,0.00,Stade Francis-Le Blé
1408384800,Aug 18 2014 - 6:00pm,complete,2885,Gazélec Ajaccio,Ajaccio,N/A,3,3.00,1.00,2.26,0.79,0,2,2,2,0,2,"","14,34",5,3,2,1,4,0,3,0,3,1,7,4,4,3,3,1,6,24,63,37,0.00,0.00,0.00,0.00,1.00,0,50,0,0,0,0,50,0,50,6.00,2.00,2.61,3.08,3.10,0.00,0.00,0.00,0.00,0.00,0.00,Stade Ange Casanova
1408386600,Aug 18 2014 - 6:30pm,complete,8608,Sochaux,Troyes,N/A,3,0.00,3.00,1.42,1.68,0,2,2,1,0,1,"","39,68",6,1,2,0,1,0,2,0,0,1,18,10,7,0,11,10,11,10,55,45,0.00,0.00,0.00,0.00,1.00,0,0,0,0,0,0,50,0,50,7.00,4.00,2.63,3.13,3.02,0.00,0.00,0.00,0.00,0.00,0.00,Stade Auguste-Bonal
1408730400,Aug 22 2014 - 6:00pm,complete,3655,Ajaccio,Tours,N/A,4,0.00,0.00,1.37,0.95,1,0,1,0,0,0,"73","",4,3,3,0,1,0,0,3,1,0,9,7,3,2,6,5,17,16,54,46,0.00,0.00,0.00,0.00,1.50,0,50,0,0,0,50,50,0,50,8.00,4.00,2.51,3.16,3.17,0.00,0.00,0.00,0.00,0.00,0.00,Stade François Coty
1408730400,Aug 22 2014 - 6:00pm,complete,6502,Angers SCO,Châteauroux,N/A,4,3.00,0.00,2.16,0.53,1,1,2,1,0,1,"78","42",5,2,1,0,1,0,0,1,0,1,10,7,7,4,3,3,12,19,57,43,0.00,0.00,0.00,0.00,2.50,0,100,50,0,0,0,50,50,100,8.00,2.00,1.63,3.84,6.41,0.00,0.00,0.00,0.00,0.00,0.00,Stade Raymond Kopa (Angers)
1408730400,Aug 22 2014 - 6:00pm,complete,1440,Arles-Avignon,Sochaux,N/A,4,1.00,3.00,1.16,1.32,2,2,4,0,0,0,"78,87","85,90'2",5,1,2,0,2,0,1,1,1,1,11,10,5,7,6,3,13,9,48,52,0.00,0.00,0.00,0.00,1.00,0,50,0,0,0,50,50,0,0,9.00,1.00,2.53,3.11,3.19,0.00,0.00,0.00,0.00,0.00,0.00,Parc des Sports (Avignon)
1408730400,Aug 22 2014 - 6:00pm,complete,2573,Clermont,Gazélec Ajaccio,N/A,4,1.00,1.00,1.68,1.16,3,4,7,0,0,0,"47,49,71","65,69,78,90'3",7,2,2,0,2,0,0,2,0,2,9,5,3,3,6,2,16,10,50,50,0.00,0.00,0.00,0.00,2.00,100,100,0,0,0,50,50,50,50,5.00,2.00,2.44,3.06,3.41,0.00,0.00,0.00,0.00,0.00,0.00,Stade Gabriel Montpied (Clermont-Ferrand)
1408730400,Aug 22 2014 - 6:00pm,complete,1603,Créteil,Niort,N/A,4,3.00,1.00,1.53,1.11,1,1,2,1,1,0,"40","90'1",1,10,1,1,2,0,1,1,1,1,3,15,2,9,1,6,12,11,41,59,0.00,0.00,0.00,0.00,2.50,50,100,50,0,0,0,0,100,100,5.00,4.00,2.34,3.25,3.39,0.00,0.00,0.00,0.00,0.00,0.00,Stade Dominique Duvauchelle
1408730400,Aug 22 2014 - 6:00pm,complete,14008,Nancy,Nîmes,N/A,4,1.00,1.00,1.79,0.95,0,0,0,0,0,0,"","",7,5,1,0,1,0,1,0,1,0,16,8,8,4,8,4,14,11,57,43,0.00,0.00,0.00,0.00,3.00,100,100,50,50,0,0,50,100,100,9.00,1.00,1.98,3.28,4.54,0.00,0.00,0.00,0.00,0.00,0.00,Stade Marcel-Picot (Tomblaine)
1408730400,Aug 22 2014 - 6:00pm,complete,4456,Orléans,Brest,N/A,4,0.00,1.00,1.21,0.89,1,0,1,1,1,0,"2","",2,3,5,0,2,0,3,2,1,1,12,11,4,6,8,5,14,14,47,53,0.00,0.00,0.00,0.00,0.50,0,0,0,0,0,0,50,0,0,3.00,2.00,2.13,3.11,4.18,0.00,0.00,0.00,0.00,0.00,0.00,Stade de la Source
1408730400,Aug 22 2014 - 6:00pm,complete,7578,Troyes,Laval,N/A,4,3.00,0.00,2.42,1.11,0,0,0,0,0,0,"","",4,7,1,0,3,1,0,1,0,4,11,5,7,4,4,1,15,14,59,41,0.00,0.00,0.00,0.00,1.00,0,0,0,0,0,0,0,0,100,3.00,7.00,1.53,4.15,7.25,0.00,0.00,0.00,0.00,0.00,0.00,Stade de l'Aube
1408730400,Aug 22 2014 - 6:00pm,complete,7497,Valenciennes,Le Havre,N/A,4,1.00,0.00,1.26,1.00,0,4,4,3,0,3,"","5,19,42,63",7,5,0,0,0,0,0,0,0,0,8,6,6,2,2,4,8,5,58,42,0.00,0.00,0.00,0.00,2.75,50,75,50,50,0,0,100,50,75,7.00,1.50,2.65,3.14,2.99,0.00,0.00,0.00,0.00,0.00,0.00,Stade du Hainaut
1408795200,Aug 23 2014 - 12:00pm,complete,10069,Dijon,Auxerre,N/A,4,3.00,1.00,1.95,1.42,1,0,1,1,1,0,"18","",7,3,0,0,3,0,0,0,0,3,18,9,8,3,10,6,13,20,50,50,0.00,0.00,0.00,0.00,1.50,50,50,0,0,0,50,50,0,50,1.00,3.00,1.76,3.52,5.57,0.00,0.00,0.00,0.00,0.00,0.00,Stade Gaston-Gérard
1409335200,Aug 29 2014 - 6:00pm,complete,5438,Auxerre,Valenciennes,N/A,5,1.50,0.00,1.32,0.95,1,2,3,1,0,1,"51","13,46",9,1,0,0,2,0,0,0,1,1,14,6,3,3,11,3,10,17,54,46,0.00,0.00,0.00,0.00,1.50,0,50,0,0,0,0,100,0,50,8.00,4.00,2.07,3.18,4.30,0.00,0.00,0.00,0.00,0.00,0.00,Stade de l'Abbé Deschamps (Auxerre)
1409335200,Aug 29 2014 - 6:00pm,complete,1855,Gazélec Ajaccio,Troyes,N/A,5,1.50,3.00,2.26,1.68,0,4,4,3,0,3,"","4,5,35,86",5,1,2,0,1,0,2,0,0,1,8,8,4,4,4,4,10,10,53,47,0.00,0.00,0.00,0.00,1.75,0,75,0,0,0,25,100,0,50,7.00,3.50,3.06,3.10,2.63,0.00,0.00,0.00,0.00,0.00,0.00,Stade Ange Casanova
1409335200,Aug 29 2014 - 6:00pm,complete,5016,Laval,Ajaccio,N/A,5,1.00,2.00,1.74,0.79,0,0,0,0,0,0,"","",4,2,0,0,1,0,0,0,0,1,18,11,12,6,6,5,12,16,54,46,0.00,0.00,0.00,0.00,1.50,50,75,0,0,0,25,25,50,50,4.00,4.50,2.54,3.13,3.15,0.00,0.00,0.00,0.00,0.00,0.00,Stade Francis Le Basser
1409335200,Aug 29 2014 - 6:00pm,complete,11966,Le Havre,Créteil,N/A,5,1.00,0.50,1.89,0.84,1,1,2,2,1,1,"37","44",9,4,1,0,2,0,0,1,0,2,5,3,3,2,2,1,7,15,55,45,0.00,0.00,0.00,0.00,3.00,100,100,25,25,25,25,25,100,100,9.50,2.50,2.12,3.25,3.98,0.00,0.00,0.00,0.00,0.00,0.00,Stade Océane
1409335200,Aug 29 2014 - 6:00pm,complete,4660,Châteauroux,Orléans,N/A,5,1.50,3.00,1.16,0.89,0,0,0,0,0,0,"","",6,4,0,1,4,0,0,1,0,4,6,8,2,3,4,5,9,18,53,47,0.00,0.00,0.00,0.00,2.00,25,25,25,25,25,0,75,25,50,5.00,5.00,3.06,3.04,2.67,0.00,0.00,0.00,0.00,0.00,0.00,Stade Gaston Petit
1409335200,Aug 29 2014 - 6:00pm,complete,7624,Nîmes,Arles-Avignon,N/A,5,2.00,0.50,1.47,0.42,2,2,4,2,1,1,"24,90'2","1,48",0,4,2,1,2,1,1,2,0,3,9,11,5,6,4,5,10,15,39,61,0.00,0.00,0.00,0.00,3.25,75,100,50,50,25,50,75,50,100,8.00,4.50,2.11,3.21,4.08,0.00,0.00,0.00,0.00,0.00,0.00,Stade des Costières
1409335200,Aug 29 2014 - 6:00pm,complete,4693,Niort,Clermont,N/A,5,2.00,0.00,1.53,0.89,0,0,0,0,0,0,"","",7,3,2,0,1,0,0,2,0,1,13,12,3,4,10,8,15,21,52,48,0.00,0.00,0.00,0.00,2.25,50,50,50,25,25,0,75,50,50,5.00,1.50,1.93,3.31,4.77,0.00,0.00,0.00,0.00,0.00,0.00,Stade René Gaillard (Niort)
1409335200,Aug 29 2014 - 6:00pm,complete,7652,Sochaux,Dijon,N/A,5,0.00,1.00,1.42,1.26,0,1,1,0,0,0,"","74",2,5,2,0,1,0,0,2,1,0,10,7,0,2,10,5,11,12,45,55,0.00,0.00,0.00,0.00,2.25,50,75,25,25,0,25,50,50,100,8.50,3.50,2.53,3.13,3.17,0.00,0.00,0.00,0.00,0.00,0.00,Stade Auguste-Bonal
1409400000,Aug 30 2014 - 12:00pm,complete,6299,Tours,Angers SCO,N/A,5,3.00,0.50,1.37,1.21,1,2,3,1,1,0,"28","76,85",1,9,2,0,3,0,0,2,2,1,7,11,5,4,2,7,18,17,56,44,0.00,0.00,0.00,0.00,3.00,50,50,50,50,50,50,75,25,50,9.00,5.00,2.20,3.28,3.69,0.00,0.00,0.00,0.00,0.00,0.00,Stade de la Vallée du Cher
1409596200,Sep 01 2014 - 6:30pm,complete,6356,Brest,Nancy,N/A,5,2.00,3.00,2.11,1.26,2,0,2,1,1,0,"33,64","",11,8,2,1,2,0,0,3,1,1,13,11,7,5,6,6,20,10,45,55,0.00,0.00,0.00,0.00,1.25,25,25,25,0,0,0,75,25,25,17.50,4.00,2.34,3.11,3.56,0.00,0.00,0.00,0.00,0.00,0.00,Stade Francis-Le Blé
1410544800,Sep 12 2014 - 6:00pm,complete,4321,Ajaccio,Châteauroux,N/A,6,1.50,0.50,1.37,0.53,1,1,2,1,0,1,"72","28",6,4,2,0,1,0,0,2,0,1,10,10,6,3,4,7,11,15,58,42,0.00,0.00,0.00,0.00,2.00,25,75,25,0,0,25,50,25,75,7.50,3.50,2.04,3.25,4.32,0.00,0.00,0.00,0.00,0.00,0.00,Stade François Coty
1410544800,Sep 12 2014 - 6:00pm,complete,6047,Angers SCO,Gazélec Ajaccio,N/A,6,2.00,2.00,2.16,1.16,2,0,2,2,2,0,"11,12","",0,3,1,0,2,0,0,1,1,1,5,6,2,2,3,4,17,16,46,54,0.00,0.00,0.00,0.00,3.25,75,100,25,25,25,0,50,50,100,5.50,3.00,1.96,3.29,4.62,0.00,0.00,0.00,0.00,0.00,0.00,Stade Raymond Kopa (Angers)
1410544800,Sep 12 2014 - 6:00pm,complete,1470,Arles-Avignon,Tours,N/A,6,1.00,0.00,1.16,0.95,1,0,1,1,1,0,"37","",5,7,2,0,3,0,1,1,1,2,10,9,6,6,4,3,14,12,50,50,0.00,0.00,0.00,0.00,1.50,25,25,25,25,0,0,0,25,75,9.00,2.50,2.51,3.12,3.20,0.00,0.00,0.00,0.00,0.00,0.00,Parc des Sports (Avignon)
1410544800,Sep 12 2014 - 6:00pm,complete,2387,Clermont,Le Havre,N/A,6,0.50,1.00,1.68,1.00,1,0,1,0,0,0,"64","",2,3,1,0,2,0,0,1,0,2,10,5,3,5,7,0,10,19,59,41,0.00,0.00,0.00,0.00,3.42,50,84,42,42,25,42,75,25,59,9.17,2.50,2.53,3.10,3.20,0.00,0.00,0.00,0.00,0.00,0.00,Stade Gabriel Montpied (Clermont-Ferrand)
1410544800,Sep 12 2014 - 6:00pm,complete,7819,Dijon,Niort,N/A,6,3.00,1.00,1.95,1.11,1,0,1,0,0,0,"90'1","",7,2,4,0,3,0,3,1,1,2,14,11,9,3,5,8,30,13,49,51,0.00,0.00,0.00,0.00,1.50,50,50,0,0,0,0,50,25,75,14.00,3.00,1.91,3.30,4.91,0.00,0.00,0.00,0.00,0.00,0.00,Stade Gaston-Gérard
1410544800,Sep 12 2014 - 6:00pm,complete,6228,Nîmes,Brest,N/A,6,1.67,0.50,1.47,0.89,0,0,0,0,0,0,"","",4,5,2,0,1,0,1,1,0,1,5,11,3,5,2,6,17,20,49,51,0.00,0.00,0.00,0.00,2.42,50,50,50,50,17,50,75,34,50,5.50,4.17,2.45,3.11,3.32,0.00,0.00,0.00,0.00,0.00,0.00,Stade des Costières
1410544800,Sep 12 2014 - 6:00pm,complete,4454,Orléans,Laval,N/A,6,1.50,0.50,1.21,1.11,1,1,2,1,0,1,"89","3",8,1,1,0,2,0,0,1,1,1,12,8,9,5,3,3,15,15,56,44,0.00,0.00,0.00,0.00,0.75,0,0,0,0,0,0,50,0,25,9.50,8.00,1.92,3.34,4.78,0.00,0.00,0.00,0.00,0.00,0.00,Stade de la Source
1410544800,Sep 12 2014 - 6:00pm,complete,7947,Valenciennes,Créteil,N/A,6,0.50,0.67,1.26,0.84,1,1,2,2,1,1,"3","44",4,5,1,0,3,0,0,1,1,2,7,9,5,5,2,4,11,13,66,34,0.00,0.00,0.00,0.00,3.67,75,100,67,67,17,59,84,59,84,8.50,2.33,2.22,3.22,3.72,0.00,0.00,0.00,0.00,0.00,0.00,Stade du Hainaut
1410609600,Sep 13 2014 - 12:00pm,complete,14158,Nancy,Sochaux,N/A,6,1.00,2.00,1.79,1.32,1,1,2,1,1,0,"41","85",7,7,0,0,0,0,0,0,0,0,10,9,7,4,3,5,15,16,47,53,0.00,0.00,0.00,0.00,2.17,59,84,25,25,0,25,25,59,59,9.50,2.00,1.89,3.37,4.88,0.00,0.00,0.00,0.00,0.00,0.00,Stade Marcel-Picot (Tomblaine)
1410805800,Sep 15 2014 - 6:30pm,complete,8810,Troyes,Auxerre,N/A,6,2.00,0.50,2.42,1.42,1,2,3,1,0,1,"80","34,64",7,7,1,0,2,0,1,0,1,1,12,11,4,8,8,3,10,13,64,36,0.00,0.00,0.00,0.00,1.00,25,25,0,0,0,25,50,0,25,5.50,3.50,1.60,3.88,6.88,0.00,0.00,0.00,0.00,0.00,0.00,Stade de l'Aube
1411149600,Sep 19 2014 - 6:00pm,complete,4968,Auxerre,Ajaccio,N/A,7,1.00,1.67,1.32,0.79,1,1,2,2,1,1,"36","8",5,3,2,0,2,0,2,0,0,2,14,5,5,3,9,2,11,13,57,43,0.00,0.00,0.00,0.00,1.34,17,50,17,0,0,17,67,17,34,8.33,3.33,2.50,3.06,3.29,0.00,0.00,0.00,0.00,0.00,0.00,Stade de l'Abbé Deschamps (Auxerre)
1411149600,Sep 19 2014 - 6:00pm,complete,6325,Brest,Arles-Avignon,N/A,7,2.33,0.67,2.11,0.42,1,0,1,1,1,0,"21","",3,6,1,0,3,0,0,1,0,3,7,11,4,4,3,7,21,18,45,55,0.00,0.00,0.00,0.00,2.17,50,84,33,17,0,17,67,50,84,12.83,5.67,1.86,3.27,5.33,0.00,0.00,0.00,0.00,0.00,0.00,Stade Francis-Le Blé
1411149600,Sep 19 2014 - 6:00pm,complete,2376,Créteil,Clermont,N/A,7,2.00,0.33,1.53,0.89,2,2,4,1,0,1,"62,66","42,82",5,1,2,0,0,0,0,2,0,0,9,8,5,3,4,5,13,6,54,46,0.00,0.00,0.00,0.00,2.59,59,84,59,17,17,0,59,59,84,5.00,3.50,2.10,3.16,4.22,0.00,0.00,0.00,0.00,0.00,0.00,Stade Dominique Duvauchelle
1411149600,Sep 19 2014 - 6:00pm,complete,2071,Gazélec Ajaccio,Dijon,N/A,7,1.00,1.67,2.26,1.26,2,0,2,2,2,0,"11,29","",3,4,1,0,1,0,0,1,0,1,5,12,2,6,3,6,17,18,48,52,0.00,0.00,0.00,0.00,2.50,34,84,33,33,0,50,67,34,84,9.17,3.33,2.93,3.01,2.81,0.00,0.00,0.00,0.00,0.00,0.00,Stade Ange Casanova
1411149600,Sep 19 2014 - 6:00pm,complete,7360,Laval,Angers SCO,N/A,7,1.00,1.33,1.74,1.21,3,2,5,2,1,1,"40,53,86","25,55",6,4,3,0,1,0,1,2,0,1,11,8,4,3,7,5,14,10,54,46,0.00,0.00,0.00,0.00,2.00,67,67,34,17,17,17,34,50,67,6.33,3.33,2.50,3.02,3.34,0.00,0.00,0.00,0.00,0.00,0.00,Stade Francis Le Basser
1411149600,Sep 19 2014 - 6:00pm,complete,5043,Châteauroux,Nancy,N/A,7,1.33,1.50,1.16,1.26,2,5,7,2,0,2,"76,87","14,34,51,64,66",3,3,0,0,0,0,0,0,0,0,5,6,0,2,5,4,15,14,53,47,0.00,0.00,0.00,0.00,1.75,17,42,17,17,17,0,84,17,42,13.00,4.00,3.26,3.06,2.52,0.00,0.00,0.00,0.00,0.00,0.00,Stade Gaston Petit
1411149600,Sep 19 2014 - 6:00pm,complete,4519,Niort,Valenciennes,N/A,7,1.67,1.00,1.53,0.95,3,0,3,1,1,0,"37,66,83","",5,6,1,0,2,1,1,0,1,2,8,7,3,4,5,3,9,9,52,48,0.00,0.00,0.00,0.00,1.17,17,34,17,0,0,0,67,17,34,6.17,3.33,1.94,3.26,4.80,0.00,0.00,0.00,0.00,0.00,0.00,Stade René Gaillard (Niort)
1411149600,Sep 19 2014 - 6:00pm,complete,6816,Sochaux,Nîmes,N/A,7,0.00,1.00,1.42,0.95,2,0,2,1,1,0,"41,90'1","",6,5,3,1,3,1,2,2,2,2,13,10,4,6,9,4,21,15,48,52,0.00,0.00,0.00,0.00,1.67,25,42,25,25,0,0,42,25,75,6.67,2.50,2.13,3.15,4.12,0.00,0.00,0.00,0.00,0.00,0.00,Stade Auguste-Bonal
1411149600,Sep 19 2014 - 6:00pm,complete,6012,Tours,Orléans,N/A,7,2.00,2.33,1.37,0.89,4,3,7,5,3,2,"6,10,12,62","18,42,53",0,3,2,1,1,0,1,2,1,0,9,11,5,6,4,5,18,11,54,46,0.00,0.00,0.00,0.00,2.00,34,34,34,17,17,17,67,34,50,8.00,6.00,2.10,3.16,4.21,0.00,0.00,0.00,0.00,0.00,0.00,Stade de la Vallée du Cher
1411214400,Sep 20 2014 - 12:00pm,complete,6363,Le Havre,Troyes,N/A,7,1.00,3.00,1.89,1.68,3,2,5,2,1,1,"11,49,79","41,90'2",3,12,2,0,1,0,1,1,0,1,8,5,5,3,3,2,12,15,46,54,0.00,0.00,0.00,0.00,2.17,50,84,17,17,0,42,75,25,59,10.00,1.83,2.87,3.07,2.81,0.00,0.00,0.00,0.00,0.00,0.00,Stade Océane
1411410600,Sep 22 2014 - 6:30pm,complete,6399,Valenciennes,Clermont,N/A,8,0.67,0.50,1.26,0.89,2,1,3,0,0,0,"50,79","90'3",2,9,0,0,2,0,0,0,0,2,7,6,3,3,4,3,15,16,50,50,0.00,0.00,0.00,0.00,3.17,71,88,71,59,13,34,88,54,71,8.00,1.08,2.20,3.28,3.69,0.00,0.00,0.00,0.00,0.00,0.00,Stade du Hainaut
1411498500,Sep 23 2014 - 6:55pm,complete,4119,Ajaccio,Le Havre,N/A,8,1.33,0.75,1.37,1.00,0,1,1,1,0,1,"","6",8,4,1,0,1,1,1,0,1,1,18,3,5,0,13,3,8,11,67,33,0.00,0.00,0.00,0.00,1.84,17,59,13,13,0,29,71,0,71,8.17,3.92,2.42,3.03,3.48,0.00,0.00,0.00,0.00,0.00,0.00,Stade François Coty
1411498500,Sep 23 2014 - 6:55pm,complete,6358,Angers SCO,Auxerre,N/A,8,2.33,1.33,2.16,1.42,0,0,0,0,0,0,"","",6,1,0,0,2,0,0,0,0,2,14,5,6,2,8,3,11,15,53,47,0.00,0.00,0.00,0.00,2.00,50,84,17,0,0,33,100,17,50,6.34,3.33,2.09,3.25,4.09,0.00,0.00,0.00,0.00,0.00,0.00,Stade Raymond Kopa (Angers)
1411498500,Sep 23 2014 - 6:55pm,complete,1361,Arles-Avignon,Laval,N/A,8,1.67,0.67,1.16,1.11,2,3,5,3,0,3,"65,83","3,17,30",9,1,1,0,0,0,1,0,0,0,16,3,9,2,7,1,16,15,55,45,0.00,0.00,0.00,0.00,1.34,33,33,17,17,0,0,33,17,50,9.33,5.67,2.37,3.05,3.58,0.00,0.00,0.00,0.00,0.00,0.00,Parc des Sports (Avignon)
1411498500,Sep 23 2014 - 6:55pm,complete,7446,Dijon,Créteil,N/A,8,3.00,0.75,1.95,0.84,2,1,3,1,1,0,"45,87","61",4,3,3,1,2,0,1,3,0,2,11,6,3,0,8,6,8,15,49,51,0.00,0.00,0.00,0.00,2.00,50,50,13,13,13,38,54,25,59,10.50,4.50,1.83,3.42,5.27,0.00,0.00,0.00,0.00,0.00,0.00,Stade Gaston-Gérard
1411498500,Sep 23 2014 - 6:55pm,complete,13651,Nancy,Tours,N/A,8,1.00,0.00,1.79,0.95,2,1,3,1,1,0,"27,60","59",6,0,1,0,2,0,0,1,0,2,11,5,4,3,7,2,15,7,49,51,0.00,0.00,0.00,0.00,1.25,38,38,0,0,0,0,29,25,71,12.00,2.42,1.96,3.30,4.60,0.00,0.00,0.00,0.00,0.00,0.00,Stade Marcel-Picot (Tomblaine)
1411498500,Sep 23 2014 - 6:55pm,complete,4151,Nîmes,Châteauroux,N/A,8,1.50,0.67,1.47,0.53,1,0,1,1,1,0,"23","",2,4,1,0,2,0,0,1,0,2,15,16,7,8,8,8,10,14,53,47,0.00,0.00,0.00,0.00,2.79,71,88,54,38,13,38,71,42,88,6.67,3.17,1.88,3.28,5.18,0.00,0.00,0.00,0.00,0.00,0.00,Stade des Costières
1411498500,Sep 23 2014 - 6:55pm,complete,4412,Orléans,Gazélec Ajaccio,N/A,8,1.33,1.33,1.21,1.16,0,1,1,0,0,0,"","47",4,3,2,0,2,0,0,2,1,1,6,6,3,3,3,3,20,17,50,50,0.00,0.00,0.00,0.00,2.50,50,67,17,17,17,17,67,34,50,6.33,4.00,2.11,3.13,4.21,0.00,0.00,0.00,0.00,0.00,0.00,Stade de la Source
1411498500,Sep 23 2014 - 6:55pm,complete,6662,Sochaux,Brest,N/A,8,0.75,0.67,1.42,0.89,0,0,0,0,0,0,"","",4,1,2,0,4,0,0,2,3,1,8,7,3,4,5,3,17,15,60,40,0.00,0.00,0.00,0.00,0.92,0,25,0,0,0,0,42,0,50,8.25,4.08,2.21,3.07,3.96,0.00,0.00,0.00,0.00,0.00,0.00,Stade Auguste-Bonal
1411498500,Sep 23 2014 - 6:55pm,complete,6472,Troyes,Niort,N/A,8,1.33,0.67,2.42,1.11,4,1,5,1,1,0,"43,70,83,88","75",8,7,2,0,1,0,0,2,0,1,12,7,5,3,7,4,12,4,48,52,0.00,0.00,0.00,0.00,1.50,50,50,17,0,0,0,33,33,84,10.00,3.66,1.93,3.27,4.86,0.00,0.00,0.00,0.00,0.00,0.00,Stade de l'Aube
1411754400,Sep 26 2014 - 6:00pm,complete,4522,Auxerre,Arles-Avignon,N/A,9,1.00,0.50,1.32,0.42,2,1,3,2,1,1,"20,46","37",10,4,0,0,2,0,0,0,0,2,13,9,7,7,6,2,15,7,50,50,0.00,0.00,0.00,0.00,2.13,50,75,25,13,0,25,88,38,63,10.08,4.25,2.08,3.12,4.36,0.00,0.00,0.00,0.00,0.00,0.00,Stade de l'Abbé Deschamps (Auxerre)
1411754400,Sep 26 2014 - 6:00pm,complete,2304,Créteil,Ajaccio,N/A,9,1.67,1.50,1.53,0.79,3,2,5,1,1,0,"19,86,87","81,90'3",7,6,1,0,1,1,1,0,0,2,10,10,3,2,7,8,22,9,55,45,0.00,0.00,0.00,0.00,2.00,46,75,34,17,0,25,59,34,50,4.83,4.58,2.01,3.23,4.47,0.00,0.00,0.00,0.00,0.00,0.00,Stade Dominique Duvauchelle
1411754400,Sep 26 2014 - 6:00pm,complete,2266,Gazélec Ajaccio,Nîmes,N/A,9,1.50,0.67,2.26,0.95,2,0,2,2,2,0,"12,42","",6,4,0,0,0,0,0,0,0,0,10,4,5,3,5,1,15,18,55,45,0.00,0.00,0.00,0.00,2.25,17,84,29,29,0,38,84,17,59,7.92,3.75,2.15,3.12,4.08,0.00,0.00,0.00,0.00,0.00,0.00,Stade Ange Casanova
1411754400,Sep 26 2014 - 6:00pm,complete,5503,Laval,Nancy,N/A,9,1.50,2.00,1.74,1.26,1,1,2,2,1,1,"36","19",5,2,0,0,3,0,0,0,1,2,10,12,3,4,7,8,19,16,46,54,0.00,0.00,0.00,0.00,2.79,54,71,29,29,29,29,63,54,71,9.92,2.83,2.56,3.08,3.17,0.00,0.00,0.00,0.00,0.00,0.00,Stade Francis Le Basser
1411754400,Sep 26 2014 - 6:00pm,complete,7920,Le Havre,Dijon,N/A,9,1.67,1.25,1.89,1.26,1,0,1,1,1,0,"37","",4,5,0,0,1,0,0,0,1,0,8,9,3,3,5,6,17,10,43,57,0.00,0.00,0.00,0.00,2.63,75,88,29,29,17,59,59,59,71,10.66,2.25,2.46,3.06,3.37,0.00,0.00,0.00,0.00,0.00,0.00,Stade Océane
1411754400,Sep 26 2014 - 6:00pm,complete,4852,Châteauroux,Brest,N/A,9,1.00,0.75,1.16,0.89,1,1,2,2,1,1,"18","15",0,4,0,1,1,0,0,1,0,1,3,12,0,3,3,9,12,7,37,63,0.00,0.00,0.00,0.00,1.75,25,25,25,25,25,13,50,25,25,7.00,3.50,3.34,2.99,2.52,0.00,0.00,0.00,0.00,0.00,0.00,Stade Gaston Petit
1411754400,Sep 26 2014 - 6:00pm,complete,4853,Niort,Angers SCO,N/A,9,2.00,1.00,1.53,1.21,2,1,3,1,0,1,"56,86","6",5,11,1,0,2,0,1,0,1,1,5,6,2,4,3,2,17,16,53,47,0.00,0.00,0.00,0.00,2.13,38,50,50,25,25,25,63,38,50,8.00,3.00,2.06,3.16,4.37,0.00,0.00,0.00,0.00,0.00,0.00,Stade René Gaillard (Niort)
1411754400,Sep 26 2014 - 6:00pm,complete,5047,Tours,Sochaux,N/A,9,2.25,1.67,1.37,1.32,0,1,1,0,0,0,"","79",1,5,1,1,2,0,0,2,1,1,8,10,2,4,6,6,18,22,49,51,0.00,0.00,0.00,0.00,3.46,71,88,54,42,25,42,84,54,71,7.67,3.42,2.16,3.19,3.94,0.00,0.00,0.00,0.00,0.00,0.00,Stade de la Vallée du Cher
1411754400,Sep 26 2014 - 6:00pm,complete,7052,Valenciennes,Orléans,N/A,9,1.25,1.75,1.26,0.89,2,0,2,0,0,0,"55,66","",6,3,3,0,2,0,0,3,1,1,9,7,6,4,3,3,17,15,53,47,0.00,0.00,0.00,0.00,2.75,50,63,50,38,13,38,63,38,63,7.00,3.00,2.51,3.07,3.27,0.00,0.00,0.00,0.00,0.00,0.00,Stade du Hainaut
1412015400,Sep 29 2014 - 6:30pm,complete,3159,Clermont,Troyes,N/A,9,1.33,2.25,1.68,1.68,1,0,1,1,1,0,"43","",1,10,4,0,3,0,1,3,1,2,7,9,4,5,3,4,16,11,43,57,0.00,0.00,0.00,0.00,3.17,46,71,42,42,29,42,67,29,71,8.83,2.58,3.24,3.08,2.52,0.00,0.00,0.00,0.00,0.00,0.00,Stade Gabriel Montpied (Clermont-Ferrand)
1412359200,Oct 03 2014 - 6:00pm,complete,4107,Ajaccio,Niort,N/A,10,1.00,0.50,1.37,1.11,0,0,0,0,0,0,"","",6,3,3,0,3,1,0,3,1,3,10,11,2,5,8,6,23,19,47,53,0.00,0.00,0.00,0.00,2.00,50,63,13,13,13,13,63,25,75,11.25,4.25,2.55,3.11,3.16,0.00,0.00,0.00,0.00,0.00,0.00,Stade François Coty
1412359200,Oct 03 2014 - 6:00pm,complete,5547,Angers SCO,Créteil,N/A,10,2.00,0.60,2.16,0.84,3,0,3,1,1,0,"13,73,77","",6,6,1,0,2,0,1,0,1,1,10,10,5,4,5,6,8,11,39,61,0.00,0.00,0.00,0.00,2.25,63,88,20,10,10,43,78,30,55,6.90,3.40,2.04,3.26,4.30,0.00,0.00,0.00,0.00,0.00,0.00,Stade Raymond Kopa (Angers)
1412359200,Oct 03 2014 - 6:00pm,complete,1351,Arles-Avignon,Châteauroux,N/A,10,1.25,0.50,1.16,0.53,0,1,1,1,0,1,"","6",11,6,2,0,2,0,1,1,2,0,15,9,7,3,8,6,14,11,71,29,0.00,0.00,0.00,0.00,2.25,50,63,38,25,13,13,63,38,63,10.00,2.50,1.98,3.18,4.73,0.00,0.00,0.00,0.00,0.00,0.00,Parc des Sports (Avignon)
1412359200,Oct 03 2014 - 6:00pm,complete,8028,Dijon,Clermont,N/A,10,3.00,0.40,1.95,0.89,1,0,1,1,1,0,"8","",4,6,2,0,2,0,0,2,0,2,8,11,3,2,5,9,16,17,47,53,0.00,0.00,0.00,0.00,2.25,53,53,53,20,10,0,55,53,78,10.50,3.75,1.75,3.53,5.72,0.00,0.00,0.00,0.00,0.00,0.00,Stade Gaston-Gérard
1412359200,Oct 03 2014 - 6:00pm,complete,14743,Nancy,Gazélec Ajaccio,N/A,10,1.40,1.75,1.79,1.16,1,0,1,1,1,0,"30","",9,11,2,0,2,0,1,1,1,1,8,12,4,5,4,7,14,11,47,53,0.00,0.00,0.00,0.00,2.40,65,78,23,13,13,13,33,55,78,9.25,2.55,2.05,3.21,4.34,0.00,0.00,0.00,0.00,0.00,0.00,Stade Marcel-Picot (Tomblaine)
1412359200,Oct 03 2014 - 6:00pm,complete,4748,Nîmes,Laval,N/A,10,1.80,1.25,1.47,1.11,0,0,0,0,0,0,"","",11,0,3,0,4,0,1,2,0,4,13,15,6,9,7,6,17,18,56,44,0.00,0.00,0.00,0.00,2.40,55,55,43,43,23,43,65,33,68,5.75,5.20,2.30,3.09,3.67,0.00,0.00,0.00,0.00,0.00,0.00,Stade des Costières
1412359200,Oct 03 2014 - 6:00pm,complete,4469,Orléans,Le Havre,N/A,10,1.00,1.20,1.21,1.00,2,2,4,1,0,1,"57,59","18,56",5,3,2,1,3,0,2,1,0,3,14,9,4,4,10,5,22,19,58,42,0.00,0.00,0.00,0.00,1.53,13,33,10,10,0,10,78,0,55,7.85,3.85,2.70,2.94,3.13,0.00,0.00,0.00,0.00,0.00,0.00,Stade de la Source
1412359200,Oct 03 2014 - 6:00pm,complete,11269,Sochaux,Auxerre,N/A,10,0.80,1.25,1.42,1.42,0,0,0,0,0,0,"","",6,2,1,0,1,0,1,0,0,1,9,10,7,3,2,7,12,20,49,51,0.00,0.00,0.00,0.00,1.35,25,45,13,0,0,13,58,13,53,7.20,4.60,2.08,3.11,4.40,0.00,0.00,0.00,0.00,0.00,0.00,Stade Auguste-Bonal
1412424000,Oct 04 2014 - 12:00pm,complete,16908,Troyes,Valenciennes,N/A,10,1.75,0.75,2.42,0.95,0,0,0,0,0,0,"","",12,1,1,0,1,0,0,1,0,1,18,8,9,3,9,5,10,17,60,40,0.00,0.00,0.00,0.00,2.25,38,63,50,13,13,0,75,50,75,9.00,4.25,1.59,3.85,7.06,0.00,0.00,0.00,0.00,0.00,0.00,Stade de l'Aube
1412620200,Oct 06 2014 - 6:30pm,complete,9642,Brest,Tours,N/A,10,2.50,0.00,2.11,0.95,2,0,2,1,1,0,"12,74","",5,2,1,0,2,0,0,1,0,2,15,5,9,5,6,0,14,14,61,39,0.00,0.00,0.00,0.00,1.50,25,38,25,0,0,0,63,25,63,11.25,4.00,1.95,3.19,4.91,0.00,0.00,0.00,0.00,0.00,0.00,Stade Francis-Le Blé
1413568800,Oct 17 2014 - 6:00pm,complete,5667,Auxerre,Nancy,N/A,11,1.40,1.75,1.32,1.26,2,2,4,2,1,1,"21,68","35,83",5,3,1,0,0,0,1,0,0,0,9,7,5,4,4,3,8,11,45,55,0.00,0.00,0.00,0.00,2.60,55,78,33,13,13,45,100,23,55,12.10,2.75,2.41,3.05,3.48,0.00,0.00,0.00,0.00,0.00,0.00,Stade de l'Abbé Deschamps (Auxerre)
1413568800,Oct 17 2014 - 6:00pm,complete,3783,Clermont,Ajaccio,N/A,11,1.75,1.20,1.68,0.79,1,1,2,1,1,0,"30","72",0,4,1,1,1,0,1,1,1,0,5,9,2,5,3,4,16,25,45,55,0.00,0.00,0.00,0.00,2.28,45,55,23,23,23,33,55,23,35,6.70,4.40,2.20,3.07,4.00,0.00,0.00,0.00,0.00,0.00,0.00,Stade Gabriel Montpied (Clermont-Ferrand)
1413568800,Oct 17 2014 - 6:00pm,complete,2190,Gazélec Ajaccio,Arles-Avignon,N/A,11,1.80,0.40,2.26,0.42,3,1,4,4,3,1,"9,37,41","24",7,3,2,0,2,0,0,2,0,2,8,8,2,4,6,4,13,12,52,48,0.00,0.00,0.00,0.00,2.40,30,90,30,20,0,60,90,20,60,8.85,4.20,2.07,3.12,4.42,0.00,0.00,0.00,0.00,0.00,0.00,Stade Ange Casanova
1413568800,Oct 17 2014 - 6:00pm,complete,5777,Laval,Brest,N/A,11,1.40,0.80,1.74,0.89,2,2,4,0,0,0,"72,84","49,53",4,10,2,0,2,1,0,2,1,2,9,10,6,6,3,4,14,15,53,47,0.00,0.00,0.00,0.00,1.40,50,50,10,10,10,30,40,30,30,6.85,3.00,2.41,3.04,3.50,0.00,0.00,0.00,0.00,0.00,0.00,Stade Francis Le Basser
1413568800,Oct 17 2014 - 6:00pm,complete,9550,Le Havre,Angers SCO,N/A,11,2.00,0.80,1.89,1.21,1,0,1,1,1,0,"20","",6,4,2,0,3,0,0,2,1,2,7,6,2,3,5,3,11,18,53,47,0.00,0.00,0.00,0.00,2.85,78,78,53,33,33,45,78,55,65,11.15,2.75,2.20,3.10,3.95,0.00,0.00,0.00,0.00,0.00,0.00,Stade Océane
1413568800,Oct 17 2014 - 6:00pm,complete,5099,Châteauroux,Sochaux,N/A,11,1.00,2.00,1.16,1.32,1,4,5,1,0,1,"60","3,65,76,80",3,5,1,0,2,0,1,0,1,1,5,4,0,0,5,4,19,18,61,39,0.00,0.00,0.00,0.00,2.63,55,68,33,33,20,33,65,33,58,7.00,2.60,3.09,3.01,2.67,0.00,0.00,0.00,0.00,0.00,0.00,Stade Gaston Petit
1413568800,Oct 17 2014 - 6:00pm,complete,4519,Niort,Orléans,N/A,11,2.20,1.40,1.53,0.89,1,1,2,0,0,0,"82","90'2",3,9,1,0,1,0,1,0,0,1,7,6,4,3,3,3,11,20,57,43,0.00,0.00,0.00,0.00,1.80,20,40,30,10,10,10,50,40,50,7.05,3.60,2.03,3.20,4.45,0.00,0.00,0.00,0.00,0.00,0.00,Stade René Gaillard (Niort)
1413568800,Oct 17 2014 - 6:00pm,complete,6451,Tours,Nîmes,N/A,11,1.80,0.50,1.37,0.95,1,2,3,0,0,0,"47","54,69",3,3,3,0,2,0,2,1,1,1,8,13,2,7,6,6,13,18,48,52,0.00,0.00,0.00,0.00,2.80,43,68,43,33,20,33,78,43,65,7.15,4.30,2.18,3.11,3.99,0.00,0.00,0.00,0.00,0.00,0.00,Stade de la Vallée du Cher
1413633600,Oct 18 2014 - 12:00pm,complete,3707,Créteil,Troyes,N/A,11,2.00,1.80,1.53,1.68,1,1,2,0,0,0,"58","90",3,9,2,0,1,0,0,2,0,1,7,14,3,6,4,8,9,10,45,55,0.00,0.00,0.00,0.00,3.05,48,80,58,45,23,20,88,48,80,9.10,3.60,2.73,3.14,2.90,0.00,0.00,0.00,0.00,0.00,0.00,Stade Dominique Duvauchelle
1413829800,Oct 20 2014 - 6:30pm,complete,9058,Valenciennes,Dijon,N/A,11,1.60,1.00,1.26,1.26,0,3,3,1,0,1,"","23,58,90'3",7,3,3,0,1,0,2,1,1,0,13,8,3,6,10,2,15,14,56,44,0.00,0.00,0.00,0.00,2.50,50,80,40,30,0,40,60,50,70,9.10,2.00,3.20,3.04,2.57,0.00,0.00,0.00,0.00,0.00,0.00,Stade du Hainaut
1414173600,Oct 24 2014 - 6:00pm,complete,4234,Ajaccio,Valenciennes,N/A,12,1.00,0.80,1.37,0.95,2,1,3,2,1,1,"28,52","25",9,8,2,0,2,1,1,1,2,1,9,4,4,0,5,4,13,15,51,49,0.00,0.00,0.00,0.00,1.50,20,50,20,0,0,10,70,20,50,8.60,4.80,2.20,3.12,3.94,0.00,0.00,0.00,0.00,0.00,0.00,Stade François Coty
1414173600,Oct 24 2014 - 6:00pm,complete,7942,Angers SCO,Clermont,N/A,12,2.20,0.33,2.16,0.89,3,0,3,1,1,0,"34,67,85","",6,6,2,0,3,0,2,0,2,1,10,8,7,3,3,5,10,17,48,52,0.00,0.00,0.00,0.00,2.24,44,74,44,17,9,10,74,44,64,8.80,2.17,2.02,3.20,4.53,0.00,0.00,0.00,0.00,0.00,0.00,Stade Raymond Kopa (Angers)
1414173600,Oct 24 2014 - 6:00pm,complete,1298,Arles-Avignon,Niort,N/A,12,1.00,0.60,1.16,1.11,1,0,1,0,0,0,"80","",8,6,3,0,2,0,2,1,0,2,12,8,6,7,6,1,17,13,47,53,0.00,0.00,0.00,0.00,2.10,50,50,30,30,20,10,50,40,60,12.40,4.00,2.71,3.01,3.04,0.00,0.00,0.00,0.00,0.00,0.00,Parc des Sports (Avignon)
1414173600,Oct 24 2014 - 6:00pm,complete,7712,Brest,Gazélec Ajaccio,N/A,12,2.60,1.40,2.11,1.16,3,0,3,0,0,0,"49,56,87","",-1,-1,1,0,1,1,0,1,1,1,-1,-1,-1,-1,-1,-1,-1,-1,-1,-1,0.00,0.00,0.00,0.00,2.10,30,60,20,10,10,10,60,30,60,11.20,3.80,1.94,3.18,4.98,0.00,0.00,0.00,0.00,0.00,0.00,Stade Francis-Le Blé
1414173600,Oct 24 2014 - 6:00pm,complete,5237,Châteauroux,Tours,N/A,12,0.83,0.00,1.16,0.95,2,1,3,1,0,1,"60,90","42",9,4,1,0,0,0,1,0,0,0,6,4,0,0,6,4,12,13,55,45,0.00,0.00,0.00,0.00,2.47,44,54,35,25,25,17,72,35,65,6.20,3.30,2.69,3.13,2.96,0.00,0.00,0.00,0.00,0.00,0.00,Stade Gaston Petit
1414173600,Oct 24 2014 - 6:00pm,complete,5631,Nîmes,Auxerre,N/A,12,1.67,1.20,1.47,1.42,0,1,1,1,0,1,"","11",6,4,2,0,2,1,0,2,1,2,12,9,4,4,8,5,15,10,61,39,0.00,0.00,0.00,0.00,1.77,45,45,35,25,9,35,64,27,35,7.20,4.13,2.34,3.13,3.53,0.00,0.00,0.00,0.00,0.00,0.00,Stade des Costières
1414173600,Oct 24 2014 - 6:00pm,complete,4132,Orléans,Créteil,N/A,12,1.00,0.50,1.21,0.84,1,1,2,0,0,0,"68","86",6,3,1,0,4,0,0,1,1,3,12,8,6,3,6,5,8,16,49,51,0.00,0.00,0.00,0.00,2.40,62,70,35,19,9,25,82,44,64,8.23,4.93,2.16,3.22,3.91,0.00,0.00,0.00,0.00,0.00,0.00,Stade de la Source
1414173600,Oct 24 2014 - 6:00pm,complete,8500,Sochaux,Laval,N/A,12,0.83,1.20,1.42,1.11,1,1,2,1,1,0,"45'3","49",8,1,3,0,2,0,1,2,1,1,9,5,3,2,6,3,18,14,45,55,0.00,0.00,0.00,0.00,1.30,20,37,10,10,10,10,37,10,64,6.75,5.53,2.26,3.07,3.81,0.00,0.00,0.00,0.00,0.00,0.00,Stade Auguste-Bonal
1414238400,Oct 25 2014 - 12:00pm,complete,8379,Troyes,Dijon,N/A,12,1.60,1.33,2.42,1.26,1,0,1,0,0,0,"56","",10,5,3,0,6,0,2,1,4,2,12,11,11,5,1,6,17,12,46,54,0.00,0.00,0.00,0.00,1.99,37,54,37,19,10,17,54,45,64,11.00,2.57,2.18,3.12,3.97,0.00,0.00,0.00,0.00,0.00,0.00,Stade de l'Aube
1414438200,Oct 27 2014 - 7:30pm,complete,16512,Nancy,Le Havre,N/A,12,1.67,1.17,1.79,1.00,2,1,3,1,0,1,"74,90","29",7,2,0,0,1,0,0,0,0,1,14,2,6,0,8,2,8,16,60,40,0.00,0.00,0.00,0.00,1.92,42,59,25,17,0,9,67,34,67,10.90,2.83,2.14,3.08,4.20,0.00,0.00,0.00,0.00,0.00,0.00,Stade Marcel-Picot (Tomblaine)
1414782000,Oct 31 2014 - 7:00pm,complete,6180,Auxerre,Brest,N/A,13,1.33,0.83,1.32,0.89,0,3,3,1,0,1,"","21,48,85",6,5,1,0,4,0,1,0,1,3,15,12,7,6,8,6,16,25,50,50,0.00,0.00,0.00,0.00,1.84,50,58,34,17,0,34,67,25,42,10.93,3.00,2.48,2.96,3.46,0.00,0.00,0.00,0.00,0.00,0.00,Stade de l'Abbé Deschamps (Auxerre)
1414782000,Oct 31 2014 - 7:00pm,complete,2661,Clermont,Nîmes,N/A,13,1.60,1.00,1.68,0.95,3,0,3,2,2,0,"16,30,63","",3,8,1,0,3,0,0,1,1,2,6,14,2,10,4,4,22,20,42,58,0.00,0.00,0.00,0.00,2.40,50,70,30,20,10,20,60,30,60,6.40,3.80,2.07,3.12,4.40,0.00,0.00,0.00,0.00,0.00,0.00,Stade Gabriel Montpied (Clermont-Ferrand)
1414782000,Oct 31 2014 - 7:00pm,complete,3002,Créteil,Sochaux,N/A,13,1.80,2.20,1.53,1.32,1,2,3,0,0,0,"79","78,86",6,6,4,0,2,0,1,3,1,1,14,13,7,3,7,10,12,9,51,49,0.00,0.00,0.00,0.00,3.00,70,90,50,40,20,10,60,60,90,7.60,3.20,2.14,3.24,3.93,0.00,0.00,0.00,0.00,0.00,0.00,Stade Dominique Duvauchelle
1414782000,Oct 31 2014 - 7:00pm,complete,9160,Dijon,Ajaccio,N/A,13,3.00,1.17,1.95,0.79,3,0,3,0,0,0,"59,68,75","",5,2,1,1,4,0,0,2,2,2,11,6,4,4,7,2,17,19,63,37,0.00,0.00,0.00,0.00,1.62,35,44,19,9,9,17,64,19,47,8.83,4.77,1.71,3.56,6.00,0.00,0.00,0.00,0.00,0.00,0.00,Stade Gaston-Gérard
1414782000,Oct 31 2014 - 7:00pm,complete,1592,Gazélec Ajaccio,Châteauroux,N/A,13,2.00,1.00,2.26,0.53,1,0,1,1,1,0,"24","",6,7,1,0,3,2,1,0,1,4,10,5,6,2,4,3,12,14,58,42,0.00,0.00,0.00,0.00,2.24,29,80,27,17,0,42,90,10,47,9.20,2.70,1.69,3.52,6.48,0.00,0.00,0.00,0.00,0.00,0.00,Stade Ange Casanova
1414782000,Oct 31 2014 - 7:00pm,complete,5967,Laval,Tours,N/A,13,1.33,0.00,1.74,0.95,2,1,3,0,0,0,"49,65","85",3,2,2,1,3,1,2,1,4,0,5,11,4,5,1,6,24,15,43,57,0.00,0.00,0.00,0.00,2.17,58,67,33,17,9,17,50,50,75,7.00,2.83,1.82,3.38,5.37,0.00,0.00,0.00,0.00,0.00,0.00,Stade Francis Le Basser
1414782000,Oct 31 2014 - 7:00pm,complete,10515,Le Havre,Arles-Avignon,N/A,13,2.20,0.33,1.89,0.42,2,0,2,0,0,0,"47,57","",5,6,0,0,2,0,0,0,0,2,13,14,4,4,9,10,13,10,57,43,0.00,0.00,0.00,0.00,2.44,64,72,35,27,10,45,82,37,54,9.80,3.67,1.90,3.25,5.05,0.00,0.00,0.00,0.00,0.00,0.00,Stade Océane
1414782000,Oct 31 2014 - 7:00pm,complete,7314,Troyes,Orléans,N/A,13,1.83,1.33,2.42,0.89,1,0,1,1,1,0,"23","",3,3,3,0,5,1,1,2,1,5,13,10,8,5,5,5,13,16,63,37,0.00,0.00,0.00,0.00,1.92,33,42,25,17,17,9,33,42,67,11.16,4.00,1.81,3.36,5.52,0.00,0.00,0.00,0.00,0.00,0.00,Stade de l'Aube
1414846800,Nov 01 2014 - 1:00pm,complete,5344,Niort,Nancy,N/A,13,2.00,1.60,1.53,1.26,1,4,5,2,0,2,"72","19,23,62,85",13,3,1,0,1,1,1,0,1,1,14,4,6,3,8,1,10,11,65,35,0.00,0.00,0.00,0.00,2.35,47,65,37,20,10,30,75,45,55,9.00,2.40,2.16,3.05,4.15,0.00,0.00,0.00,0.00,0.00,0.00,Stade René Gaillard (Niort)
1415043000,Nov 03 2014 - 7:30pm,complete,6519,Valenciennes,Angers SCO,N/A,13,1.33,0.67,1.26,1.21,1,0,1,0,0,0,"63","",7,7,2,0,2,0,0,2,1,1,11,10,0,6,11,4,11,12,59,41,0.00,0.00,0.00,0.00,2.92,59,84,67,33,17,33,75,59,75,10.17,3.34,2.73,3.04,2.98,0.00,0.00,0.00,0.00,0.00,0.00,Stade du Hainaut
1415386800,Nov 07 2014 - 7:00pm,complete,4133,Ajaccio,Troyes,N/A,14,1.33,1.67,1.37,1.68,2,1,3,1,0,1,"71,86","14",4,1,3,0,2,0,1,2,1,1,8,8,3,5,5,3,17,18,44,56,0.00,0.00,0.00,0.00,2.00,33,59,25,17,9,33,75,17,59,12.34,3.83,2.89,3.16,2.72,0.00,0.00,0.00,0.00,0.00,0.00,Stade François Coty
1415386800,Nov 07 2014 - 7:00pm,complete,7392,Angers SCO,Dijon,N/A,14,2.33,1.14,2.16,1.26,1,0,1,0,0,0,"62","",8,6,2,0,2,1,0,2,1,2,13,5,4,4,9,1,10,18,52,48,0.00,0.00,0.00,0.00,2.00,23,70,31,7,0,23,70,38,69,8.66,3.03,2.47,3.10,3.30,0.00,0.00,0.00,0.00,0.00,0.00,Stade Raymond Kopa (Angers)
1415386800,Nov 07 2014 - 7:00pm,complete,1481,Arles-Avignon,Valenciennes,N/A,14,1.33,0.67,1.16,0.95,1,2,3,2,1,1,"24","14,90'4",7,2,2,0,3,0,0,2,1,2,6,7,2,0,4,7,15,18,49,51,0.00,0.00,0.00,0.00,2.00,33,50,42,17,9,17,67,33,59,11.16,4.33,2.10,3.25,4.05,0.00,0.00,0.00,0.00,0.00,0.00,Parc des Sports (Avignon)
1415386800,Nov 07 2014 - 7:00pm,complete,4451,Châteauroux,Laval,N/A,14,1.14,1.17,1.16,1.11,1,1,2,1,0,1,"72","13",9,2,0,0,0,0,0,0,0,0,5,6,2,2,3,4,14,8,51,49,0.00,0.00,0.00,0.00,2.48,61,61,37,30,30,23,68,37,62,6.00,4.43,3.04,3.14,2.61,0.00,0.00,0.00,0.00,0.00,0.00,Stade Gaston Petit
1415386800,Nov 07 2014 - 7:00pm,complete,4149,Nîmes,Niort,N/A,14,1.43,0.50,1.47,1.11,3,2,5,3,1,2,"44,57,89","7,45",4,7,0,0,3,0,0,0,0,3,8,11,4,5,4,6,16,14,54,46,0.00,0.00,0.00,0.00,1.99,47,47,30,30,16,22,52,31,63,10.00,4.62,2.43,3.19,3.27,0.00,0.00,0.00,0.00,0.00,0.00,Stade des Costières
1415386800,Nov 07 2014 - 7:00pm,complete,3778,Orléans,Clermont,N/A,14,1.00,0.29,1.21,0.89,2,1,3,2,2,0,"5,8","87",3,5,2,0,2,0,1,1,1,1,9,8,3,6,6,2,17,13,45,55,0.00,0.00,0.00,0.00,2.27,54,61,44,23,7,0,69,52,69,9.67,3.76,2.11,3.19,4.11,0.00,0.00,0.00,0.00,0.00,0.00,Stade de la Source
1415386800,Nov 07 2014 - 7:00pm,complete,7223,Sochaux,Gazélec Ajaccio,N/A,14,0.86,1.17,1.42,1.16,2,1,3,2,2,0,"11,29","81",1,5,2,0,2,0,0,2,2,0,7,11,5,5,2,6,25,18,47,53,0.00,0.00,0.00,0.00,1.91,24,55,17,9,9,9,38,25,69,9.00,4.43,2.11,3.21,4.08,0.00,0.00,0.00,0.00,0.00,0.00,Stade Auguste-Bonal
1415386800,Nov 07 2014 - 7:00pm,complete,4469,Tours,Auxerre,N/A,14,1.50,1.50,1.37,1.42,2,3,5,3,2,1,"29,32","14,66,73",3,6,2,0,1,0,1,1,1,0,7,10,5,6,2,4,7,16,52,48,0.00,0.00,0.00,0.00,2.34,50,50,42,17,17,25,67,42,50,6.33,5.00,2.42,3.17,3.31,0.00,0.00,0.00,0.00,0.00,0.00,Stade de la Vallée du Cher
1415451600,Nov 08 2014 - 1:00pm,complete,7832,Brest,Le Havre,N/A,14,2.67,1.00,2.11,1.00,1,0,1,1,1,0,"11","",4,3,2,0,2,0,0,2,0,2,11,8,5,4,6,4,13,12,52,48,0.00,0.00,0.00,0.00,2.06,23,62,38,15,0,7,77,31,69,10.49,3.54,2.04,3.22,4.36,0.00,0.00,0.00,0.00,0.00,0.00,Stade Francis-Le Blé
1415647800,Nov 10 2014 - 7:30pm,complete,16544,Nancy,Créteil,N/A,14,1.86,0.57,1.79,0.84,3,1,4,2,1,1,"45,51,57","23",2,7,1,0,0,0,1,0,0,0,10,13,6,9,4,4,8,15,54,46,0.00,0.00,0.00,0.00,2.36,79,86,36,7,7,22,64,64,71,11.04,3.43,1.96,3.44,4.35,0.00,0.00,0.00,0.00,0.00,0.00,Stade Marcel-Picot (Tomblaine)
1416596400,Nov 21 2014 - 7:00pm,complete,4147,Ajaccio,Angers SCO,N/A,15,1.57,0.57,1.37,1.21,1,1,2,0,0,0,"59","76",4,4,1,0,1,0,1,0,1,0,10,10,3,6,7,4,13,16,53,47,0.00,0.00,0.00,0.00,2.14,50,57,43,15,15,29,71,29,64,11.29,4.57,2.33,3.05,3.66,0.00,0.00,0.00,0.00,0.00,0.00,Stade François Coty
1416596400,Nov 21 2014 - 7:00pm,complete,6770,Auxerre,Châteauroux,N/A,15,1.14,0.83,1.32,0.53,3,1,4,2,2,0,"8,12,60","73",1,4,1,0,2,0,1,0,1,1,5,10,2,4,3,6,14,10,52,48,0.00,0.00,0.00,0.00,2.12,45,68,37,7,0,22,92,30,61,10.96,3.00,1.93,3.29,4.85,0.00,0.00,0.00,0.00,0.00,0.00,Stade de l'Abbé Deschamps (Auxerre)
1416596400,Nov 21 2014 - 7:00pm,complete,2522,Clermont,Arles-Avignon,N/A,15,1.83,0.29,1.68,0.42,3,1,4,4,3,1,"6,17,35","24",7,4,1,0,4,1,0,1,2,3,18,9,5,4,13,5,8,15,48,52,0.00,0.00,0.00,0.00,2.62,54,77,38,23,9,38,69,30,69,7.16,4.57,2.07,3.20,4.26,0.00,0.00,0.00,0.00,0.00,0.00,Stade Gabriel Montpied (Clermont-Ferrand)
1416596400,Nov 21 2014 - 7:00pm,complete,2172,Créteil,Nîmes,N/A,15,1.50,0.83,1.53,0.95,2,0,2,2,2,0,"6,42","",4,5,1,0,4,0,0,1,1,3,11,10,2,2,9,8,20,17,55,45,0.00,0.00,0.00,0.00,2.75,58,92,59,25,9,17,59,58,84,8.16,4.16,2.16,3.22,3.90,0.00,0.00,0.00,0.00,0.00,0.00,Stade Dominique Duvauchelle
1416596400,Nov 21 2014 - 7:00pm,complete,7860,Dijon,Orléans,N/A,15,3.00,1.14,1.95,0.89,2,1,3,1,1,0,"30,65","50",0,2,0,0,2,0,0,0,2,0,2,5,0,4,2,1,6,6,52,48,0.00,0.00,0.00,0.00,1.84,23,38,24,7,7,7,47,38,62,9.11,5.53,1.94,3.25,4.80,0.00,0.00,0.00,0.00,0.00,0.00,Stade Gaston-Gérard
1416596400,Nov 21 2014 - 7:00pm,complete,2078,Gazélec Ajaccio,Laval,N/A,15,2.14,1.14,2.26,1.11,1,0,1,0,0,0,"66","",1,0,3,0,1,2,1,2,0,3,0,0,0,0,0,0,0,0,64,36,0.00,0.00,0.00,0.00,2.07,36,72,22,22,7,43,79,7,50,7.14,4.00,2.14,3.08,4.19,0.00,0.00,0.00,0.00,0.00,0.00,Stade Ange Casanova
1416596400,Nov 21 2014 - 7:00pm,complete,4377,Niort,Tours,N/A,15,1.71,0.00,1.53,0.95,1,1,2,1,0,1,"62","10",13,0,3,0,3,0,2,1,2,1,7,3,3,0,4,3,18,16,55,45,0.00,0.00,0.00,0.00,2.00,43,57,43,7,7,7,57,50,72,8.64,2.86,1.87,3.35,5.08,0.00,0.00,0.00,0.00,0.00,0.00,Stade René Gaillard (Niort)
1416596400,Nov 21 2014 - 7:00pm,complete,7707,Valenciennes,Brest,N/A,15,1.57,1.14,1.26,0.89,0,1,1,0,0,0,"","76",5,7,0,0,2,0,0,0,0,2,11,4,5,2,6,2,12,17,58,42,0.00,0.00,0.00,0.00,2.07,36,65,43,22,0,22,50,43,58,9.96,3.58,2.96,2.96,2.82,0.00,0.00,0.00,0.00,0.00,0.00,Stade du Hainaut
1416661200,Nov 22 2014 - 1:00pm,complete,7949,Le Havre,Sochaux,N/A,15,2.33,2.33,1.89,1.32,1,1,2,2,1,1,"19","41",6,5,1,0,2,0,0,1,1,1,14,6,6,4,8,2,13,10,51,49,0.00,0.00,0.00,0.00,2.50,59,75,34,25,17,25,59,50,67,10.17,2.16,2.30,3.08,3.70,0.00,0.00,0.00,0.00,0.00,0.00,Stade Océane
1416857400,Nov 24 2014 - 7:30pm,complete,7879,Troyes,Nancy,N/A,15,2.00,1.83,2.42,1.26,1,0,1,0,0,0,"90'1","",4,1,0,0,0,0,0,0,0,0,16,9,6,5,10,4,12,11,56,44,0.00,0.00,0.00,0.00,2.54,48,56,40,32,24,34,72,40,62,11.38,3.53,2.12,3.18,4.11,0.00,0.00,0.00,0.00,0.00,0.00,Stade de l'Aube
1417201200,Nov 28 2014 - 7:00pm,complete,1426,Arles-Avignon,Dijon,N/A,16,1.14,1.00,1.16,1.26,0,2,2,1,0,1,"","31,79",4,5,2,0,2,0,1,1,2,0,9,10,6,3,3,7,16,20,51,49,0.00,0.00,0.00,0.00,2.01,34,47,34,21,7,27,54,34,66,11.86,3.86,3.14,3.03,2.62,0.00,0.00,0.00,0.00,0.00,0.00,Parc des Sports (Avignon)
1417201200,Nov 28 2014 - 7:00pm,complete,7173,Brest,Créteil,N/A,16,2.71,0.50,2.11,0.84,2,2,4,1,0,1,"75,81","36,58",6,0,1,0,4,0,0,1,0,4,20,5,11,3,9,2,14,14,59,41,0.00,0.00,0.00,0.00,2.36,51,79,40,13,7,25,73,52,66,10.80,4.11,1.85,3.43,5.02,0.00,0.00,0.00,0.00,0.00,0.00,Stade Francis-Le Blé
1417201200,Nov 28 2014 - 7:00pm,complete,4918,Laval,Auxerre,N/A,16,1.57,1.71,1.74,1.42,1,1,2,0,0,0,"83","63",6,8,0,0,2,0,0,0,1,1,7,10,4,4,3,6,13,10,52,48,0.00,0.00,0.00,0.00,2.14,65,65,36,22,14,29,50,50,50,7.00,3.71,2.20,3.11,3.95,0.00,0.00,0.00,0.00,0.00,0.00,Stade Francis Le Basser
1417201200,Nov 28 2014 - 7:00pm,complete,5573,Châteauroux,Niort,N/A,16,1.13,0.43,1.16,1.11,0,1,1,1,0,1,"","44",6,5,2,0,0,0,1,1,0,0,11,10,0,0,11,10,15,12,54,46,0.00,0.00,0.00,0.00,2.71,66,66,40,34,34,20,66,47,75,10.28,3.68,3.16,3.08,2.57,0.00,0.00,0.00,0.00,0.00,0.00,Stade Gaston Petit
1417201200,Nov 28 2014 - 7:00pm,complete,6011,Nîmes,Le Havre,N/A,16,1.63,0.88,1.47,1.00,3,3,6,2,1,1,"27,54,90","43,47,87",2,4,0,0,2,0,0,0,1,1,7,10,2,6,5,4,13,17,52,48,0.00,0.00,0.00,0.00,2.32,38,50,44,38,13,32,82,32,57,7.82,3.75,2.65,3.05,3.08,0.00,0.00,0.00,0.00,0.00,0.00,Stade des Costières
1417201200,Nov 28 2014 - 7:00pm,complete,3892,Orléans,Ajaccio,N/A,16,1.29,1.00,1.21,0.79,1,1,2,2,1,1,"32","14",2,5,0,0,4,0,0,0,2,2,11,9,6,4,5,5,6,12,54,46,0.00,0.00,0.00,0.00,2.00,50,64,29,14,7,22,64,29,57,7.57,4.72,2.08,3.18,4.25,0.00,0.00,0.00,0.00,0.00,0.00,Stade de la Source
1417201200,Nov 28 2014 - 7:00pm,complete,7568,Sochaux,Clermont,N/A,16,1.13,0.25,1.42,0.89,1,0,1,0,0,0,"76","",-1,-1,1,0,0,1,0,1,0,1,-1,-1,-1,-1,-1,-1,-1,-1,-1,-1,0.00,0.00,0.00,0.00,2.07,44,63,44,13,7,13,63,32,75,9.50,3.88,1.94,3.23,4.87,0.00,0.00,0.00,0.00,0.00,0.00,Stade Auguste-Bonal
1417201200,Nov 28 2014 - 7:00pm,complete,3831,Tours,Gazélec Ajaccio,N/A,16,1.29,1.00,1.37,1.16,2,1,3,1,1,0,"37,58","61",2,6,3,0,4,0,1,2,0,4,8,13,5,9,3,4,10,16,44,56,0.00,0.00,0.00,0.00,3.21,57,71,57,29,29,36,57,57,79,7.46,4.71,2.62,3.04,3.14,0.00,0.00,0.00,0.00,0.00,0.00,Stade de la Vallée du Cher
1417266000,Nov 29 2014 - 1:00pm,complete,7455,Angers SCO,Troyes,N/A,16,2.43,1.43,2.16,1.68,0,3,3,1,0,1,"","9,68,84",7,5,2,1,1,0,1,2,1,0,8,9,3,6,5,3,12,13,50,50,0.00,0.00,0.00,0.00,2.22,29,71,36,15,7,22,79,36,71,10.29,2.86,2.72,2.97,3.07,0.00,0.00,0.00,0.00,0.00,0.00,Stade Raymond Kopa (Angers)
1417462200,Dec 01 2014 - 7:30pm,complete,14504,Nancy,Valenciennes,N/A,16,2.00,1.00,1.79,0.95,0,1,1,0,0,0,"","79",4,4,2,0,1,0,1,1,0,1,15,7,5,3,10,4,9,9,56,44,0.00,0.00,0.00,0.00,2.14,59,73,48,7,0,21,75,46,73,10.14,3.45,1.68,3.62,6.30,0.00,0.00,0.00,0.00,0.00,0.00,Stade Marcel-Picot (Tomblaine)
1418410800,Dec 12 2014 - 7:00pm,complete,4046,Ajaccio,Nancy,N/A,17,1.50,1.57,1.37,1.26,2,0,2,2,2,0,"3,30","",4,6,2,0,2,0,0,2,2,0,2,5,0,2,2,3,18,19,49,51,0.00,0.00,0.00,0.00,2.45,54,67,34,22,15,41,75,34,67,9.77,3.68,2.68,3.01,3.07,0.00,0.00,0.00,0.00,0.00,0.00,Stade François Coty
1418410800,Dec 12 2014 - 7:00pm,complete,2623,Clermont,Tours,N/A,17,2.00,0.13,1.68,0.95,2,2,4,2,1,1,"10,80","6,73",7,5,1,0,2,0,1,0,0,2,11,7,5,4,6,3,13,12,50,50,0.00,0.00,0.00,0.00,2.43,54,67,41,15,7,22,67,26,73,6.18,3.86,2.00,3.17,4.63,0.00,0.00,0.00,0.00,0.00,0.00,Stade Gabriel Montpied (Clermont-Ferrand)
1418410800,Dec 12 2014 - 7:00pm,complete,1962,Créteil,Arles-Avignon,N/A,17,1.71,0.25,1.53,0.42,2,0,2,0,0,0,"56,90'2","",5,5,2,0,2,1,0,2,0,3,6,14,5,4,1,10,16,14,47,53,0.00,0.00,0.00,0.00,2.88,67,94,54,34,7,32,66,55,75,8.15,5.14,2.02,3.22,4.45,0.00,0.00,0.00,0.00,0.00,0.00,Stade Dominique Duvauchelle
1418410800,Dec 12 2014 - 7:00pm,complete,2143,Gazélec Ajaccio,Auxerre,N/A,17,2.25,1.63,2.26,1.42,1,1,2,0,0,0,"86","62",7,3,0,0,1,0,0,0,1,0,7,2,0,2,7,0,9,12,57,43,0.00,0.00,0.00,0.00,2.00,32,63,25,19,7,44,76,19,38,8.63,3.63,2.51,2.90,3.49,0.00,0.00,0.00,0.00,0.00,0.00,Stade Ange Casanova
1418410800,Dec 12 2014 - 7:00pm,complete,6033,Le Havre,Laval,N/A,17,2.14,1.00,1.89,1.11,0,1,1,0,0,0,"","52",7,6,3,0,3,0,1,2,1,2,12,5,7,4,5,1,15,12,52,48,0.00,0.00,0.00,0.00,1.89,54,61,14,14,14,28,61,28,59,7.42,3.61,1.91,3.16,5.25,0.00,0.00,0.00,0.00,0.00,0.00,Stade Océane
1418410800,Dec 12 2014 - 7:00pm,complete,4266,Niort,Sochaux,N/A,17,1.63,2.14,1.53,1.32,0,1,1,0,0,0,"","50",6,2,1,1,3,0,1,1,1,2,16,10,8,3,8,7,20,18,51,49,0.00,0.00,0.00,0.00,2.36,61,75,41,21,14,21,60,47,67,11.14,2.68,2.20,3.10,3.95,0.00,0.00,0.00,0.00,0.00,0.00,Stade René Gaillard (Niort)
1418410800,Dec 12 2014 - 7:00pm,complete,3478,Orléans,Angers SCO,N/A,17,1.25,0.63,1.21,1.21,2,3,5,5,2,3,"27,45'2","8,20,24",9,4,2,0,1,0,0,2,1,0,11,7,8,3,3,4,15,10,64,36,0.00,0.00,0.00,0.00,2.25,63,63,38,19,13,25,69,38,69,9.38,4.00,2.47,2.92,3.54,0.00,0.00,0.00,0.00,0.00,0.00,Stade de la Source
1418410800,Dec 12 2014 - 7:00pm,complete,7858,Valenciennes,Châteauroux,N/A,17,1.38,0.71,1.26,0.53,1,0,1,1,1,0,"41","",6,4,1,0,0,0,0,1,0,0,14,4,7,2,7,2,14,12,57,43,0.00,0.00,0.00,0.00,2.25,41,66,40,20,0,20,68,40,73,9.82,3.13,1.83,3.40,5.30,0.00,0.00,0.00,0.00,0.00,0.00,Stade du Hainaut
1418475600,Dec 13 2014 - 1:00pm,complete,9733,Dijon,Brest,N/A,17,3.00,1.38,1.95,0.89,1,0,1,0,0,0,"90","",6,1,2,0,1,0,1,1,1,0,5,11,3,3,2,8,10,17,57,43,0.00,0.00,0.00,0.00,1.62,27,41,34,7,0,7,48,34,55,9.50,4.54,1.98,3.10,4.92,0.00,0.00,0.00,0.00,0.00,0.00,Stade Gaston-Gérard
1418671800,Dec 15 2014 - 7:30pm,complete,12299,Troyes,Nîmes,N/A,17,2.13,0.71,2.42,0.95,2,0,2,0,0,0,"48,69","",5,3,1,0,2,0,1,0,2,0,9,5,4,4,5,1,11,10,66,34,0.00,0.00,0.00,0.00,1.90,27,56,34,14,7,22,55,27,60,10.81,3.77,1.54,3.84,8.30,0.00,0.00,0.00,0.00,0.00,0.00,Stade de l'Aube
1418931000,Dec 18 2014 - 7:30pm,complete,10873,Sochaux,Angers SCO,N/A,18,1.33,0.89,1.42,1.21,1,1,2,0,0,0,"68","56",10,4,1,0,3,1,0,1,0,4,14,8,6,5,8,3,10,15,62,38,0.00,0.00,0.00,0.00,2.06,45,56,34,17,17,22,56,22,73,9.61,4.11,2.35,3.06,3.60,0.00,0.00,0.00,0.00,0.00,0.00,Stade Auguste-Bonal
1419015600,Dec 19 2014 - 7:00pm,complete,7870,Auxerre,Niort,N/A,18,1.38,0.75,1.32,1.11,1,1,2,1,0,1,"79","3",7,3,3,0,2,1,3,0,0,3,19,8,8,5,11,3,14,8,60,40,0.00,0.00,0.00,0.00,2.44,57,69,44,25,13,32,75,44,75,11.13,3.13,2.16,3.17,3.98,0.00,0.00,0.00,0.00,0.00,0.00,Stade de l'Abbé Deschamps (Auxerre)
1419015600,Dec 19 2014 - 7:00pm,complete,4814,Laval,Valenciennes,N/A,18,1.50,1.25,1.74,0.95,3,1,4,2,1,1,"22,69,90'2","19",8,5,0,0,0,0,0,0,0,0,5,9,4,3,1,6,11,13,51,49,0.00,0.00,0.00,0.00,2.25,63,76,44,13,7,25,50,50,75,7.51,3.88,2.34,3.08,3.59,0.00,0.00,0.00,0.00,0.00,0.00,Stade Francis Le Basser
1419015600,Dec 19 2014 - 7:00pm,complete,5265,Châteauroux,Dijon,N/A,18,1.00,1.22,1.16,1.26,1,1,2,1,0,1,"90'3","6",5,0,1,0,3,0,1,0,0,3,6,7,2,2,4,5,10,17,55,45,0.00,0.00,0.00,0.00,2.39,45,62,33,22,17,22,73,39,67,9.51,3.33,3.79,3.13,2.24,0.00,0.00,0.00,0.00,0.00,0.00,Stade Gaston Petit
1419015600,Dec 19 2014 - 7:00pm,complete,14875,Nancy,Clermont,N/A,18,1.78,0.22,1.79,0.89,1,2,3,3,1,2,"33","19,37",10,2,0,0,0,0,0,0,0,0,20,8,8,3,12,5,16,15,67,33,0.00,0.00,0.00,0.00,2.28,62,67,50,17,6,11,62,56,78,11.25,2.56,1.85,3.35,5.28,0.00,0.00,0.00,0.00,0.00,0.00,Stade Marcel-Picot (Tomblaine)
1419015600,Dec 19 2014 - 7:00pm,complete,4617,Nîmes,Orléans,N/A,18,1.56,1.00,1.47,0.89,0,1,1,0,0,0,"","86",1,1,0,0,2,0,0,0,1,1,10,10,4,7,6,3,17,17,59,41,0.00,0.00,0.00,0.00,2.51,47,53,41,35,23,35,64,47,60,7.75,4.53,2.80,3.06,2.89,0.00,0.00,0.00,0.00,0.00,0.00,Stade des Costières
1419015600,Dec 19 2014 - 7:00pm,complete,4187,Tours,Le Havre,N/A,18,1.50,0.89,1.37,1.00,3,2,5,3,2,1,"16,28,90","10,90'1",7,7,1,0,2,0,1,0,1,1,15,8,6,4,9,4,13,11,39,61,0.00,0.00,0.00,0.00,3.10,54,66,60,36,25,30,82,54,78,6.46,4.53,2.48,3.06,3.33,0.00,0.00,0.00,0.00,0.00,0.00,Stade de la Vallée du Cher
1419080400,Dec 20 2014 - 1:00pm,complete,1509,Arles-Avignon,Troyes,N/A,18,1.00,1.63,1.16,1.68,0,4,4,0,0,0,"","64,65,70,90'3",2,2,5,0,2,0,1,4,0,2,5,8,0,2,5,6,13,18,45,55,0.00,0.00,0.00,0.00,2.38,38,63,44,25,13,25,76,38,69,12.26,3.38,3.62,3.07,2.34,0.00,0.00,0.00,0.00,0.00,0.00,Parc des Sports (Avignon)
1419080400,Dec 20 2014 - 1:00pm,complete,7318,Brest,Ajaccio,N/A,18,2.50,1.00,2.11,0.79,2,1,3,1,1,0,"23,49","64",7,5,1,0,5,0,0,1,3,2,10,6,7,5,3,1,17,24,51,49,0.00,0.00,0.00,0.00,2.00,38,69,32,13,7,19,69,32,51,9.95,4.38,1.77,3.42,5.83,0.00,0.00,0.00,0.00,0.00,0.00,Stade Francis-Le Blé
1419080400,Dec 20 2014 - 1:00pm,complete,2091,Gazélec Ajaccio,Créteil,N/A,18,2.11,0.56,2.26,0.84,2,0,2,1,1,0,"15,51","",3,2,1,0,2,0,1,0,1,1,6,8,2,4,4,4,11,16,51,49,0.00,0.00,0.00,0.00,2.67,56,89,39,28,6,50,78,45,61,8.56,3.88,2.08,3.25,4.14,0.00,0.00,0.00,0.00,0.00,0.00,Stade Ange Casanova
1420830000,Jan 09 2015 - 7:00pm,complete,4060,Ajaccio,Nîmes,N/A,19,1.67,0.63,1.37,0.95,0,1,1,0,0,0,"","48",7,2,3,0,0,0,0,3,0,0,7,9,3,2,4,7,11,9,66,34,0.00,0.00,0.00,0.00,2.02,35,78,30,7,0,36,65,30,60,9.69,4.35,1.79,3.46,5.50,0.00,0.00,0.00,0.00,0.00,0.00,Stade François Coty
1420830000,Jan 09 2015 - 7:00pm,complete,5792,Angers SCO,Nancy,N/A,19,2.13,1.38,2.16,1.26,3,1,4,3,2,1,"10,25,90'2","20",5,4,2,0,4,0,1,1,1,3,6,9,4,4,2,5,18,12,45,55,0.00,0.00,0.00,0.00,2.50,32,75,38,19,13,38,82,38,69,9.51,3.13,2.54,3.04,3.26,0.00,0.00,0.00,0.00,0.00,0.00,Stade Raymond Kopa (Angers)
1420830000,Jan 09 2015 - 7:00pm,complete,2301,Clermont,Laval,N/A,19,1.88,1.22,1.68,1.11,0,0,0,0,0,0,"","",4,3,0,0,0,0,0,0,0,0,13,4,5,2,8,2,14,16,59,41,0.00,0.00,0.00,0.00,2.28,54,60,31,25,12,31,60,18,71,6.13,4.53,2.42,3.08,3.42,0.00,0.00,0.00,0.00,0.00,0.00,Stade Gabriel Montpied (Clermont-Ferrand)
1420830000,Jan 09 2015 - 7:00pm,complete,2765,Créteil,Auxerre,N/A,19,1.88,1.56,1.53,1.42,2,2,4,3,2,1,"5,30","43,90'1",5,8,1,1,1,0,1,1,1,0,10,8,2,2,8,6,13,18,50,50,0.00,0.00,0.00,0.00,2.33,60,78,36,18,12,18,53,60,66,7.89,4.02,2.54,3.18,3.10,0.00,0.00,0.00,0.00,0.00,0.00,Stade Dominique Duvauchelle
1420830000,Jan 09 2015 - 7:00pm,complete,7265,Dijon,Tours,N/A,19,3.00,0.22,1.95,0.95,0,3,3,1,0,1,"","45'2,57,90'2",7,1,0,1,2,0,1,0,0,2,8,7,4,3,4,4,15,11,53,47,0.00,0.00,0.00,0.00,1.99,41,53,41,6,0,6,59,41,82,7.71,4.25,1.53,3.98,8.00,0.00,0.00,0.00,0.00,0.00,0.00,Stade Gaston-Gérard
1420830000,Jan 09 2015 - 7:00pm,complete,5370,Le Havre,Châteauroux,N/A,19,1.88,0.63,1.89,0.53,1,1,2,0,0,0,"74","65",8,6,2,0,1,0,0,2,1,0,7,4,3,2,4,2,17,9,62,38,0.00,0.00,0.00,0.00,1.94,44,57,19,13,7,26,76,32,50,10.38,2.88,1.60,3.77,7.09,0.00,0.00,0.00,0.00,0.00,0.00,Stade Océane
1420830000,Jan 09 2015 - 7:00pm,complete,3856,Niort,Gazélec Ajaccio,N/A,19,1.44,0.88,1.53,1.16,1,1,2,1,0,1,"84","6",10,1,1,0,3,2,0,1,3,2,15,2,7,2,8,0,12,16,73,27,0.00,0.00,0.00,0.00,2.32,47,66,42,12,12,18,53,47,71,10.93,3.69,1.93,3.24,4.95,0.00,0.00,0.00,0.00,0.00,0.00,Stade René Gaillard (Niort)
1420830000,Jan 09 2015 - 7:00pm,complete,3050,Orléans,Arles-Avignon,N/A,19,1.11,0.22,1.21,0.42,1,1,2,1,1,0,"3","77",6,4,1,1,3,0,2,0,2,1,12,9,10,7,2,2,18,18,47,53,0.00,0.00,0.00,0.00,2.50,62,78,39,28,6,39,73,33,62,9.05,5.00,1.78,3.49,5.55,0.00,0.00,0.00,0.00,0.00,0.00,Stade de la Source
1420894800,Jan 10 2015 - 1:00pm,complete,7815,Troyes,Brest,N/A,19,2.22,1.22,2.42,0.89,1,0,1,1,1,0,"19","",2,5,2,0,1,2,1,1,1,2,3,12,0,3,3,9,13,15,50,50,0.00,0.00,0.00,0.00,1.45,22,33,22,11,6,6,33,28,56,10.72,3.67,2.05,3.15,4.45,0.00,0.00,0.00,0.00,0.00,0.00,Stade de l'Aube
1421091000,Jan 12 2015 - 7:30pm,complete,6797,Valenciennes,Sochaux,N/A,19,1.56,2.25,1.26,1.32,1,2,3,3,1,2,"44","10,14",3,8,2,0,2,0,0,2,0,2,7,2,6,0,1,2,14,7,58,42,0.00,0.00,0.00,0.00,2.42,48,71,41,24,7,24,53,41,77,9.58,2.74,2.48,3.02,3.38,0.00,0.00,0.00,0.00,0.00,0.00,Stade du Hainaut
1421434800,Jan 16 2015 - 7:00pm,complete,1323,Arles-Avignon,Angers SCO,N/A,20,0.89,0.90,1.16,1.21,1,3,4,0,0,0,"68","50,83,90'2",7,4,2,1,1,0,1,2,0,1,6,6,3,2,3,4,11,17,57,43,0.00,0.00,0.00,0.00,2.52,52,63,47,32,21,26,58,42,69,11.33,4.32,2.72,3.07,2.96,0.00,0.00,0.00,0.00,0.00,0.00,Parc des Sports (Avignon)
1421434800,Jan 16 2015 - 7:00pm,complete,4243,Auxerre,Clermont,N/A,20,1.33,0.50,1.32,0.89,1,1,2,1,0,1,"88","28",12,5,1,0,0,0,0,1,0,0,13,10,8,4,5,6,13,9,59,41,0.00,0.00,0.00,0.00,2.64,64,80,63,21,5,32,85,47,74,10.41,2.62,2.02,3.28,4.34,0.00,0.00,0.00,0.00,0.00,0.00,Stade de l'Abbé Deschamps (Auxerre)
1421434800,Jan 16 2015 - 7:00pm,complete,6312,Brest,Niort,N/A,20,2.56,0.78,2.11,1.11,0,0,0,0,0,0,"","",6,6,1,0,3,0,0,1,1,2,11,7,7,3,4,4,10,16,45,55,0.00,0.00,0.00,0.00,2.11,45,62,33,17,11,6,67,39,73,11.85,4.00,1.96,3.21,4.78,0.00,0.00,0.00,0.00,0.00,0.00,Stade Francis-Le Blé
1421434800,Jan 16 2015 - 7:00pm,complete,1501,Gazélec Ajaccio,Le Havre,N/A,20,2.20,0.80,2.26,1.00,1,0,1,0,0,0,"77","",7,2,0,0,0,0,0,0,0,0,9,6,3,3,6,3,9,9,59,41,0.00,0.00,0.00,0.00,2.50,30,70,35,30,10,40,85,25,60,8.40,3.20,2.27,3.12,3.71,0.00,0.00,0.00,0.00,0.00,0.00,Stade Ange Casanova
1421434800,Jan 16 2015 - 7:00pm,complete,4741,Laval,Dijon,N/A,20,1.67,1.20,1.74,1.26,1,0,1,0,0,0,"47","",2,10,3,0,2,0,1,2,0,2,7,17,3,6,4,11,15,13,45,55,0.00,0.00,0.00,0.00,2.29,60,75,32,22,6,27,47,54,79,8.44,3.43,2.93,3.09,2.74,0.00,0.00,0.00,0.00,0.00,0.00,Stade Francis Le Basser
1421434800,Jan 16 2015 - 7:00pm,complete,4715,Châteauroux,Créteil,N/A,20,1.00,0.50,1.16,0.84,2,2,4,2,1,1,"1,74","40,83",7,4,0,0,1,0,0,0,0,1,4,6,3,2,1,4,14,12,49,51,0.00,0.00,0.00,0.00,2.90,75,85,45,30,20,30,85,55,70,8.39,3.70,2.82,3.18,2.77,0.00,0.00,0.00,0.00,0.00,0.00,Stade Gaston Petit
1421434800,Jan 16 2015 - 7:00pm,complete,3924,Nîmes,Valenciennes,N/A,20,1.40,1.11,1.47,0.95,2,0,2,0,0,0,"51,79","",6,8,1,0,1,1,0,1,1,1,8,10,4,4,4,6,14,14,47,53,0.00,0.00,0.00,0.00,2.46,47,59,53,31,15,42,74,37,69,7.67,3.71,2.50,3.12,3.23,0.00,0.00,0.00,0.00,0.00,0.00,Stade des Costières
1421434800,Jan 16 2015 - 7:00pm,complete,4432,Tours,Troyes,N/A,20,1.67,1.78,1.37,1.68,0,2,2,1,0,1,"","34,52",5,6,2,0,3,0,1,1,2,1,10,7,3,2,7,5,13,20,51,49,0.00,0.00,0.00,0.00,3.28,56,78,67,39,28,33,78,67,84,8.56,4.12,3.44,3.24,2.32,0.00,0.00,0.00,0.00,0.00,0.00,Stade de la Vallée du Cher
1421499600,Jan 17 2015 - 1:00pm,complete,7896,Sochaux,Ajaccio,N/A,20,1.30,0.89,1.42,0.79,1,1,2,0,0,0,"71","90'4",2,1,2,0,4,1,0,2,1,4,14,3,3,0,11,3,14,20,57,43,0.00,0.00,0.00,0.00,1.76,43,64,22,6,6,22,54,22,62,8.67,4.99,2.07,3.22,4.22,0.00,0.00,0.00,0.00,0.00,0.00,Stade Auguste-Bonal
1421695800,Jan 19 2015 - 7:30pm,complete,12847,Nancy,Orléans,N/A,20,1.60,1.22,1.79,0.89,2,2,4,1,0,1,"66,75","9,57",12,4,0,0,3,0,0,0,1,2,20,5,5,2,15,3,15,16,63,37,0.00,0.00,0.00,0.00,2.05,52,57,31,11,6,16,52,47,69,9.89,3.57,1.94,3.29,4.71,0.00,0.00,0.00,0.00,0.00,0.00,Stade Marcel-Picot (Tomblaine)
1422039600,Jan 23 2015 - 7:00pm,complete,6525,Ajaccio,Gazélec Ajaccio,N/A,21,1.50,0.89,1.37,1.16,0,3,3,1,0,1,"","22,53,86",-1,-1,2,0,2,0,1,1,2,0,-1,-1,-1,-1,-1,-1,-1,-1,-1,-1,0.00,0.00,0.00,0.00,2.19,48,69,32,6,6,26,58,32,69,9.60,5.08,2.45,2.95,3.53,0.00,0.00,0.00,0.00,0.00,0.00,Stade François Coty
1422039600,Jan 23 2015 - 7:00pm,complete,1273,Arles-Avignon,Nancy,N/A,21,0.80,1.22,1.16,1.26,1,0,1,0,0,0,"86","",-1,-1,-1,-1,-1,-1,-1,-1,-1,-1,-1,-1,-1,-1,-1,-1,-1,-1,-1,-1,0.00,0.00,0.00,0.00,2.81,48,69,47,42,16,44,70,37,69,10.73,4.18,3.41,2.96,2.51,0.00,0.00,0.00,0.00,0.00,0.00,Parc des Sports (Avignon)
1422039600,Jan 23 2015 - 7:00pm,complete,2540,Créteil,Laval,N/A,21,1.78,1.20,1.53,1.11,1,0,1,0,0,0,"77","",-1,-1,2,0,1,0,0,2,0,1,-1,-1,-1,-1,-1,-1,-1,-1,-1,-1,0.00,0.00,0.00,0.00,2.20,54,70,33,22,11,16,48,39,80,6.44,4.61,2.24,3.04,3.92,0.00,0.00,0.00,0.00,0.00,0.00,Stade Dominique Duvauchelle
1422039600,Jan 23 2015 - 7:00pm,complete,7046,Dijon,Nîmes,N/A,21,2.67,0.89,1.95,0.95,4,5,9,4,2,2,"6,14,65,88","31,36,49,67,86",-1,-1,2,0,3,0,1,1,0,3,-1,-1,-1,-1,-1,-1,-1,-1,-1,-1,0.00,0.00,0.00,0.00,2.00,22,61,39,6,0,17,56,39,73,9.00,4.11,1.66,3.45,7.31,0.00,0.00,0.00,0.00,0.00,0.00,Stade Gaston-Gérard
1422039600,Jan 23 2015 - 7:00pm,complete,4802,Le Havre,Niort,N/A,21,1.78,0.80,1.89,1.11,1,1,2,0,0,0,"46","54",-1,-1,2,0,2,0,0,2,1,1,-1,-1,-1,-1,-1,-1,-1,-1,-1,-1,0.00,0.00,0.00,0.00,1.95,53,59,16,16,16,22,53,37,63,11.41,3.62,2.43,2.93,3.60,0.00,0.00,0.00,0.00,0.00,0.00,Stade Océane
1422039600,Jan 23 2015 - 7:00pm,complete,4198,Orléans,Auxerre,N/A,21,1.10,1.50,1.21,1.42,0,0,0,0,0,0,"","",-1,-1,2,0,1,0,1,1,0,1,-1,-1,-1,-1,-1,-1,-1,-1,-1,-1,0.00,0.00,0.00,0.00,2.15,65,65,30,20,10,30,70,30,55,9.10,3.90,2.44,2.95,3.55,0.00,0.00,0.00,0.00,0.00,0.00,Stade de la Source
1422104400,Jan 24 2015 - 1:00pm,complete,2328,Clermont,Châteauroux,N/A,21,1.78,0.67,1.68,0.53,3,3,6,2,1,1,"45'1,70,90'2","29,68,88",-1,-1,3,0,0,0,0,3,0,0,-1,-1,-1,-1,-1,-1,-1,-1,-1,-1,0.00,0.00,0.00,0.00,2.28,50,62,33,22,6,28,73,28,56,8.56,3.23,1.85,3.23,5.62,0.00,0.00,0.00,0.00,0.00,0.00,Stade Gabriel Montpied (Clermont-Ferrand)
1422104400,Jan 24 2015 - 1:00pm,complete,7995,Troyes,Sochaux,N/A,21,2.30,2.33,2.42,1.32,2,0,2,0,0,0,"64,76","",-1,-1,2,0,4,0,0,2,0,4,-1,-1,-1,-1,-1,-1,-1,-1,-1,-1,0.00,0.00,0.00,0.00,2.03,44,54,32,16,11,17,48,32,64,10.47,3.27,1.85,3.23,5.62,0.00,0.00,0.00,0.00,0.00,0.00,Stade de l'Aube
1422104400,Jan 24 2015 - 1:00pm,complete,6731,Valenciennes,Tours,N/A,21,1.40,0.50,1.26,0.95,1,2,3,2,0,2,"89","11,21",-1,-1,2,0,1,0,1,1,0,1,-1,-1,-1,-1,-1,-1,-1,-1,-1,-1,0.00,0.00,0.00,0.00,2.35,45,70,50,15,0,20,65,45,80,7.90,3.20,2.26,3.05,3.85,0.00,0.00,0.00,0.00,0.00,0.00,Stade du Hainaut
1422300600,Jan 26 2015 - 7:30pm,complete,6895,Angers SCO,Brest,N/A,21,2.22,1.10,2.16,0.89,1,2,3,1,0,1,"58","15,90'3",10,5,2,0,4,0,0,2,0,4,5,3,3,0,2,3,10,16,49,51,0.00,0.00,0.00,0.00,1.76,21,54,32,11,0,16,59,27,59,9.67,4.07,2.53,2.91,3.44,0.00,0.00,0.00,0.00,0.00,0.00,Stade Raymond Kopa (Angers)
1422644400,Jan 30 2015 - 7:00pm,complete,8400,Brest,Orléans,N/A,22,2.40,1.20,2.11,0.89,1,1,2,1,1,0,"6","90'1",2,4,2,0,1,0,0,2,0,1,9,11,6,6,3,5,21,9,46,54,0.00,0.00,0.00,0.00,2.05,35,55,35,15,5,5,60,45,65,9.86,4.30,1.76,3.40,5.92,0.00,0.00,0.00,0.00,0.00,0.00,Stade Francis-Le Blé
1422644400,Jan 30 2015 - 7:00pm,complete,2192,Gazélec Ajaccio,Clermont,N/A,22,2.27,0.55,2.26,0.89,1,1,2,1,1,0,"12","58",3,6,1,1,1,1,2,0,2,0,5,11,2,5,3,6,12,9,47,53,0.00,0.00,0.00,0.00,2.32,41,73,41,18,5,32,73,27,64,9.58,2.54,2.01,3.29,4.37,0.00,0.00,0.00,0.00,0.00,0.00,Stade Ange Casanova
1422644400,Jan 30 2015 - 7:00pm,complete,4761,Laval,Troyes,N/A,22,1.80,1.90,1.74,1.68,2,1,3,1,1,0,"44,78","76",4,7,3,0,2,0,1,2,1,1,6,13,4,5,2,8,14,17,38,62,0.00,0.00,0.00,0.00,2.60,55,80,45,30,10,25,55,60,80,9.20,3.20,3.35,3.14,2.42,0.00,0.00,0.00,0.00,0.00,0.00,Stade Francis Le Basser
1422644400,Jan 30 2015 - 7:00pm,complete,5252,Châteauroux,Angers SCO,N/A,22,1.00,1.09,1.16,1.21,0,1,1,0,0,0,"","68",7,1,1,0,1,0,0,1,1,0,4,0,0,0,4,0,7,17,54,46,0.00,0.00,0.00,0.00,2.87,73,73,50,36,27,27,73,50,69,10.01,3.18,3.15,3.16,2.52,0.00,0.00,0.00,0.00,0.00,0.00,Stade Gaston Petit
1422644400,Jan 30 2015 - 7:00pm,complete,4378,Nîmes,Nancy,N/A,22,1.55,1.10,1.47,1.26,1,1,2,2,1,1,"23","27",4,5,2,0,1,0,2,0,1,0,7,8,3,6,4,2,17,23,50,50,0.00,0.00,0.00,0.00,2.77,48,63,43,43,24,53,72,38,67,8.43,3.33,3.06,3.16,2.58,0.00,0.00,0.00,0.00,0.00,0.00,Stade des Costières
1422644400,Jan 30 2015 - 7:00pm,complete,3962,Niort,Créteil,N/A,22,1.40,0.55,1.53,0.84,1,3,4,1,0,1,"63","3,66,87",12,4,3,0,2,0,1,2,1,1,13,6,3,0,10,6,12,16,65,35,0.00,0.00,0.00,0.00,2.50,66,80,43,23,10,28,71,57,76,10.44,3.67,1.98,3.30,4.50,0.00,0.00,0.00,0.00,0.00,0.00,Stade René Gaillard (Niort)
1422644400,Jan 30 2015 - 7:00pm,complete,7851,Sochaux,Arles-Avignon,N/A,22,1.27,0.30,1.42,0.42,1,0,1,1,1,0,"10","",11,0,2,0,2,2,0,2,0,4,14,5,9,3,5,2,12,20,57,43,0.00,0.00,0.00,0.00,2.03,48,73,25,15,0,25,53,29,76,9.13,5.09,1.83,3.42,5.26,0.00,0.00,0.00,0.00,0.00,0.00,Stade Auguste-Bonal
1422644400,Jan 30 2015 - 7:00pm,complete,3776,Tours,Ajaccio,N/A,22,1.50,0.90,1.37,0.79,0,2,2,2,0,2,"","5,25",3,1,2,0,4,0,2,0,1,3,11,2,2,0,9,2,9,25,64,36,0.00,0.00,0.00,0.00,2.85,65,80,50,25,25,35,70,55,70,7.00,5.60,2.22,3.18,3.77,0.00,0.00,0.00,0.00,0.00,0.00,Stade de la Vallée du Cher
1422709200,Jan 31 2015 - 1:00pm,complete,7062,Auxerre,Dijon,N/A,22,1.30,1.09,1.32,1.26,3,0,3,0,0,0,"49,58,90'3","",1,11,0,0,2,0,0,0,0,2,9,8,5,3,4,5,9,14,45,55,0.00,0.00,0.00,0.00,2.21,49,73,34,15,0,29,78,34,81,11.10,3.29,2.50,3.12,3.23,0.00,0.00,0.00,0.00,0.00,0.00,Stade de l'Abbé Deschamps (Auxerre)
1422905400,Feb 02 2015 - 7:30pm,complete,6787,Le Havre,Valenciennes,N/A,22,1.70,1.00,1.89,0.95,3,1,4,2,2,0,"9,36,62","50",3,4,0,1,2,1,1,0,1,2,9,8,3,3,6,5,11,15,43,57,0.00,0.00,0.00,0.00,2.10,50,70,30,10,5,30,60,45,70,10.31,3.50,2.07,3.22,4.22,0.00,0.00,0.00,0.00,0.00,0.00,Stade Océane
1423249200,Feb 06 2015 - 7:00pm,complete,3980,Ajaccio,Laval,N/A,23,1.36,1.09,1.37,1.11,0,0,0,0,0,0,"","",7,5,0,0,2,0,0,0,1,1,12,5,6,4,6,1,12,20,57,43,0.00,0.00,0.00,0.00,1.59,36,50,18,5,5,18,50,18,69,7.93,4.63,2.23,2.96,4.11,0.00,0.00,0.00,0.00,0.00,0.00,Stade François Coty
1423249200,Feb 06 2015 - 7:00pm,complete,8868,Angers SCO,Tours,N/A,23,2.00,0.73,2.16,0.95,2,0,2,0,0,0,"89,90'2","",9,2,2,0,2,0,0,2,1,1,8,12,6,5,2,7,14,16,50,50,0.00,0.00,0.00,0.00,2.33,43,77,53,10,0,19,77,43,86,8.40,3.61,1.83,3.29,5.63,0.00,0.00,0.00,0.00,0.00,0.00,Stade Raymond Kopa (Angers)
1423249200,Feb 06 2015 - 7:00pm,complete,1995,Arles-Avignon,Nîmes,N/A,23,1.00,1.10,1.16,0.95,0,1,1,0,0,0,"","66",7,3,1,0,4,0,1,0,1,3,7,7,6,4,1,3,19,16,53,47,0.00,0.00,0.00,0.00,2.58,33,68,43,28,10,29,53,38,72,10.40,4.40,2.51,2.98,3.37,0.00,0.00,0.00,0.00,0.00,0.00,Parc des Sports (Avignon)
1423249200,Feb 06 2015 - 7:00pm,complete,2088,Clermont,Niort,N/A,23,1.70,0.82,1.68,1.11,1,1,2,2,1,1,"13","35",4,5,0,0,2,0,0,0,1,1,14,9,8,6,6,3,12,17,46,54,0.00,0.00,0.00,0.00,2.46,58,63,34,29,19,30,58,33,67,9.19,4.06,2.57,2.91,3.35,0.00,0.00,0.00,0.00,0.00,0.00,Stade Gabriel Montpied (Clermont-Ferrand)
1423249200,Feb 06 2015 - 7:00pm,complete,1927,Créteil,Le Havre,N/A,23,1.90,0.73,1.53,1.00,0,0,0,0,0,0,"","",5,4,1,0,1,0,0,1,0,1,11,9,7,3,4,6,11,9,51,49,0.00,0.00,0.00,0.00,2.72,48,73,48,33,14,24,66,48,82,7.66,3.74,2.21,3.02,4.05,0.00,0.00,0.00,0.00,0.00,0.00,Stade Dominique Duvauchelle
1423249200,Feb 06 2015 - 7:00pm,complete,3202,Orléans,Châteauroux,N/A,23,1.09,0.70,1.21,0.53,1,0,1,0,0,0,"53","",5,5,1,0,2,0,0,1,1,1,8,4,0,2,8,2,22,20,60,40,0.00,0.00,0.00,0.00,2.20,57,62,29,19,10,24,77,29,58,9.47,3.59,1.77,3.23,6.50,0.00,0.00,0.00,0.00,0.00,0.00,Stade de la Source
1423249200,Feb 06 2015 - 7:00pm,complete,7359,Troyes,Gazélec Ajaccio,N/A,23,2.36,1.10,2.42,1.16,1,1,2,1,0,1,"72","34",3,2,1,1,3,0,0,2,1,2,11,5,4,2,7,3,12,16,61,39,0.00,0.00,0.00,0.00,2.13,34,58,34,10,10,10,48,43,72,9.80,4.34,1.93,3.09,5.37,0.00,0.00,0.00,0.00,0.00,0.00,Stade de l'Aube
1423249200,Feb 06 2015 - 7:00pm,complete,6409,Valenciennes,Auxerre,N/A,23,1.27,1.45,1.26,1.42,1,2,3,1,1,0,"3","78,80",3,4,2,0,3,0,1,1,0,3,7,6,4,2,3,4,8,16,52,48,0.00,0.00,0.00,0.00,2.14,50,64,41,18,5,32,60,36,59,9.40,3.00,2.84,2.93,2.96,0.00,0.00,0.00,0.00,0.00,0.00,Stade du Hainaut
1423314000,Feb 07 2015 - 1:00pm,complete,10024,Dijon,Sochaux,N/A,23,2.40,2.10,1.95,1.32,1,0,1,0,0,0,"90'2","",7,1,2,0,1,0,1,1,0,1,13,4,4,0,9,4,14,9,53,47,0.00,0.00,0.00,0.00,2.55,45,65,45,15,10,20,55,45,75,9.67,4.10,2.12,3.01,4.41,0.00,0.00,0.00,0.00,0.00,0.00,Stade Gaston-Gérard
1423508400,Feb 09 2015 - 7:00pm,complete,13366,Nancy,Brest,N/A,23,1.55,1.27,1.79,0.89,2,1,3,1,0,1,"55,70","9",6,1,1,0,1,0,1,0,0,1,14,4,6,0,8,4,12,20,48,52,0.00,0.00,0.00,0.00,1.86,50,55,36,14,0,14,55,41,59,11.80,3.37,2.49,2.87,3.56,0.00,0.00,0.00,0.00,0.00,0.00,Stade Marcel-Picot (Tomblaine)
1423854000,Feb 13 2015 - 7:00pm,complete,7427,Auxerre,Troyes,N/A,24,1.45,1.73,1.32,1.68,0,1,1,1,0,1,"","45'2",2,7,0,0,4,0,0,0,1,3,5,6,3,3,2,3,10,22,57,43,0.00,0.00,0.00,0.00,2.69,50,87,55,23,5,27,87,50,82,11.18,2.82,3.08,2.95,2.73,0.00,0.00,0.00,0.00,0.00,0.00,Stade de l'Abbé Deschamps (Auxerre)
1423854000,Feb 13 2015 - 7:00pm,complete,2081,Créteil,Valenciennes,N/A,24,1.82,0.91,1.53,0.95,0,0,0,0,0,0,"","",11,5,1,0,1,0,1,0,1,0,13,5,3,3,10,2,13,12,49,51,0.00,0.00,0.00,0.00,2.46,50,78,50,23,5,27,59,50,82,8.38,4.36,1.92,3.28,4.96,0.00,0.00,0.00,0.00,0.00,0.00,Stade Dominique Duvauchelle
1423854000,Feb 13 2015 - 7:00pm,complete,2042,Gazélec Ajaccio,Angers SCO,N/A,24,2.17,1.25,2.26,1.21,1,0,1,0,0,0,"77","",7,3,2,0,1,1,1,1,2,0,10,3,4,0,6,3,14,10,63,37,0.00,0.00,0.00,0.00,2.38,46,71,34,25,13,34,63,29,67,9.33,3.34,2.16,2.98,4.32,0.00,0.00,0.00,0.00,0.00,0.00,Stade Ange Casanova
1423854000,Feb 13 2015 - 7:00pm,complete,5090,Laval,Orléans,N/A,24,1.91,1.18,1.74,0.89,1,1,2,2,1,1,"42","29",11,1,2,0,1,2,1,1,3,0,16,7,9,4,7,3,16,9,63,37,0.00,0.00,0.00,0.00,2.37,64,69,36,23,9,18,46,59,78,7.45,4.19,2.20,3.00,4.13,0.00,0.00,0.00,0.00,0.00,0.00,Stade Francis Le Basser
1423854000,Feb 13 2015 - 7:00pm,complete,5112,Le Havre,Clermont,N/A,24,1.82,0.58,1.89,0.89,3,1,4,2,2,0,"14,27,69","48",3,3,2,0,1,0,0,2,0,1,9,9,5,5,4,4,15,10,52,48,0.00,0.00,0.00,0.00,2.34,66,74,38,18,9,27,65,49,70,10.60,2.78,2.04,3.10,4.65,0.00,0.00,0.00,0.00,0.00,0.00,Stade Océane
1423854000,Feb 13 2015 - 7:00pm,complete,4797,Châteauroux,Ajaccio,N/A,24,0.92,1.09,1.16,0.79,0,0,0,0,0,0,"","",6,1,2,0,3,0,0,2,1,2,7,7,0,0,7,7,17,20,55,45,0.00,0.00,0.00,0.00,2.42,61,75,35,21,17,31,74,39,56,8.36,4.35,2.97,2.95,2.82,0.00,0.00,0.00,0.00,0.00,0.00,Stade Gaston Petit
1423854000,Feb 13 2015 - 7:00pm,complete,3804,Niort,Dijon,N/A,24,1.27,1.00,1.53,1.26,1,1,2,1,1,0,"17","59",3,8,3,1,3,0,1,3,0,3,7,7,4,3,3,4,17,23,51,49,0.00,0.00,0.00,0.00,2.01,40,61,31,13,5,13,57,39,78,12.67,3.63,2.50,2.95,3.44,0.00,0.00,0.00,0.00,0.00,0.00,Stade René Gaillard (Niort)
1423854000,Feb 13 2015 - 7:00pm,complete,4192,Tours,Arles-Avignon,N/A,24,1.36,0.27,1.37,0.42,2,2,4,3,1,2,"12,73","7,42",6,0,4,0,3,1,2,2,1,3,12,2,3,2,9,0,21,12,58,42,0.00,0.00,0.00,0.00,2.95,60,82,50,32,18,41,78,50,73,7.54,5.63,1.98,3.16,4.82,0.00,0.00,0.00,0.00,0.00,0.00,Stade de la Vallée du Cher
1423918800,Feb 14 2015 - 1:00pm,complete,9277,Sochaux,Nancy,N/A,24,1.42,1.09,1.42,1.26,0,2,2,2,0,2,"","21,26",5,6,2,0,2,0,2,0,1,1,11,6,6,2,5,4,13,18,54,46,0.00,0.00,0.00,0.00,2.12,44,62,22,18,9,36,62,22,70,9.76,3.78,2.14,3.01,4.35,0.00,0.00,0.00,0.00,0.00,0.00,Stade Auguste-Bonal
1424115000,Feb 16 2015 - 7:30pm,complete,7977,Brest,Nîmes,N/A,24,2.27,1.27,2.11,0.95,3,1,4,1,1,0,"25,56,89","67",5,0,1,0,4,1,1,0,2,3,14,8,7,6,7,2,12,11,57,43,0.00,0.00,0.00,0.00,2.28,32,69,36,14,5,18,64,36,69,10.00,3.82,1.72,3.34,6.59,0.00,0.00,0.00,0.00,0.00,0.00,Stade Francis-Le Blé
1424458800,Feb 20 2015 - 7:00pm,complete,4076,Ajaccio,Auxerre,N/A,25,1.33,1.58,1.37,1.42,1,1,2,2,1,1,"5","45",4,2,1,1,2,1,2,0,1,2,6,5,2,3,4,2,17,13,44,56,0.00,0.00,0.00,0.00,1.80,46,58,29,9,4,25,58,34,54,10.00,3.91,2.46,2.95,3.51,0.00,0.00,0.00,0.00,0.00,0.00,Stade François Coty
1424458800,Feb 20 2015 - 7:00pm,complete,8629,Angers SCO,Laval,N/A,25,2.09,1.08,2.16,1.11,2,0,2,1,1,0,"19,60","",7,3,3,0,2,1,2,1,2,1,10,8,6,5,4,3,17,10,57,43,0.00,0.00,0.00,0.00,1.76,30,58,27,9,4,13,53,27,75,8.51,4.06,1.96,3.17,4.91,0.00,0.00,0.00,0.00,0.00,0.00,Stade Raymond Kopa (Angers)
1424458800,Feb 20 2015 - 7:00pm,complete,1292,Arles-Avignon,Brest,N/A,25,0.92,1.17,1.16,0.89,1,0,1,1,1,0,"1","",2,4,1,0,1,0,0,1,0,1,6,17,2,9,4,8,15,13,30,70,0.00,0.00,0.00,0.00,1.92,33,46,38,21,4,13,46,33,63,10.72,4.69,3.73,2.99,2.34,0.00,0.00,0.00,0.00,0.00,0.00,Parc des Sports (Avignon)
1424458800,Feb 20 2015 - 7:00pm,complete,2742,Clermont,Créteil,N/A,25,1.64,0.75,1.68,0.84,1,0,1,0,0,0,"68","",1,6,0,0,1,0,0,0,0,1,9,12,4,6,5,6,10,21,42,58,0.00,0.00,0.00,0.00,3.04,74,87,52,39,13,49,78,51,69,7.48,3.80,2.20,3.16,3.86,0.00,0.00,0.00,0.00,0.00,0.00,Stade Gabriel Montpied (Clermont-Ferrand)
1424458800,Feb 20 2015 - 7:00pm,complete,7587,Dijon,Gazélec Ajaccio,N/A,25,2.45,1.09,1.95,1.16,1,1,2,2,1,1,"31","36",2,8,2,0,1,0,1,1,1,0,6,12,2,6,4,6,13,10,48,52,0.00,0.00,0.00,0.00,2.55,41,64,45,9,9,14,60,45,82,9.00,4.91,2.03,3.12,4.61,0.00,0.00,0.00,0.00,0.00,0.00,Stade Gaston-Gérard
1424458800,Feb 20 2015 - 7:00pm,complete,14524,Nancy,Châteauroux,N/A,25,1.67,0.64,1.79,0.53,6,0,6,4,4,0,"10,25,26,41,52,81","",4,4,0,0,2,0,0,0,0,2,9,5,4,2,5,3,10,15,51,49,0.00,0.00,0.00,0.00,2.26,60,65,39,18,5,18,70,47,70,11.79,2.38,1.54,3.87,8.09,0.00,0.00,0.00,0.00,0.00,0.00,Stade Marcel-Picot (Tomblaine)
1424458800,Feb 20 2015 - 7:00pm,complete,4447,Orléans,Tours,N/A,25,1.25,0.67,1.21,0.95,2,1,3,3,2,1,"18,39","24",4,8,3,0,1,0,0,3,0,1,5,9,0,4,5,5,19,13,45,55,0.00,0.00,0.00,0.00,2.17,54,67,38,13,4,21,67,34,75,7.55,3.92,2.04,3.16,4.46,0.00,0.00,0.00,0.00,0.00,0.00,Stade de la Source
1424458800,Feb 20 2015 - 7:00pm,complete,6902,Valenciennes,Niort,N/A,25,1.17,0.83,1.26,1.11,1,3,4,2,0,2,"65","13,42,51",6,6,0,0,0,1,0,0,0,1,8,5,6,2,2,3,9,5,61,39,0.00,0.00,0.00,0.00,2.21,54,67,38,17,9,25,59,38,71,10.18,3.66,2.64,2.94,3.23,0.00,0.00,0.00,0.00,0.00,0.00,Stade du Hainaut
1424523600,Feb 21 2015 - 1:00pm,complete,7773,Troyes,Le Havre,N/A,25,2.25,0.75,2.42,1.00,2,2,4,3,2,1,"3,28","24,59",3,2,2,0,1,0,0,2,0,1,6,10,0,3,6,7,14,7,50,50,0.00,0.00,0.00,0.00,2.00,29,46,30,21,13,13,59,33,67,9.13,3.33,1.72,3.45,6.30,0.00,0.00,0.00,0.00,0.00,0.00,Stade de l'Aube
1424719800,Feb 23 2015 - 7:30pm,complete,4471,Nîmes,Sochaux,N/A,25,1.50,1.91,1.47,1.32,2,1,3,0,0,0,"48,90'3","68",3,4,2,0,3,0,1,1,0,3,7,9,4,4,3,5,15,18,52,48,0.00,0.00,0.00,0.00,2.47,53,66,39,30,17,39,56,39,66,8.39,3.40,2.59,2.95,3.28,0.00,0.00,0.00,0.00,0.00,0.00,Stade des Costières
1425063600,Feb 27 2015 - 7:00pm,complete,2423,Clermont,Valenciennes,N/A,26,1.75,0.92,1.68,0.95,0,0,0,0,0,0,"","",11,4,3,0,3,0,0,3,1,2,23,6,11,5,12,1,14,15,55,45,0.00,0.00,0.00,0.00,2.46,50,67,46,25,9,42,67,34,67,7.89,3.67,2.09,3.06,4.44,0.00,0.00,0.00,0.00,0.00,0.00,Stade Gabriel Montpied (Clermont-Ferrand)
1425063600,Feb 27 2015 - 7:00pm,complete,2903,Créteil,Dijon,N/A,26,1.75,1.00,1.53,1.26,0,2,2,1,0,1,"","7,85",7,2,1,0,2,1,1,0,1,2,11,11,6,6,5,5,5,12,55,45,0.00,0.00,0.00,0.00,2.13,41,69,33,17,4,16,48,41,80,10.32,4.07,2.77,2.94,3.04,0.00,0.00,0.00,0.00,0.00,0.00,Stade Dominique Duvauchelle
1425063600,Feb 27 2015 - 7:00pm,complete,2710,Gazélec Ajaccio,Orléans,N/A,26,2.23,1.17,2.26,0.89,3,2,5,1,1,0,"34,51,75","70,81",2,8,2,0,2,0,0,2,0,2,7,3,4,0,3,3,23,19,51,49,0.00,0.00,0.00,0.00,2.09,37,64,20,16,4,28,64,25,65,8.09,4.21,2.06,2.99,4.75,0.00,0.00,0.00,0.00,0.00,0.00,Stade Ange Casanova
1425063600,Feb 27 2015 - 7:00pm,complete,4568,Laval,Arles-Avignon,N/A,26,1.83,0.33,1.74,0.42,1,0,1,1,1,0,"21","",6,6,2,0,3,0,0,2,1,2,13,10,6,3,7,7,16,15,51,49,0.00,0.00,0.00,0.00,2.54,71,83,42,29,4,38,59,50,71,8.22,5.00,1.97,3.14,4.92,0.00,0.00,0.00,0.00,0.00,0.00,Stade Francis Le Basser
1425063600,Feb 27 2015 - 7:00pm,complete,5676,Le Havre,Ajaccio,N/A,26,1.92,1.08,1.89,0.79,2,1,3,1,0,1,"63,77","12",5,3,1,1,3,0,2,0,3,0,6,5,4,2,2,3,11,22,54,46,0.00,0.00,0.00,0.00,2.13,59,75,25,17,8,38,58,46,55,8.47,4.59,2.08,3.08,4.46,0.00,0.00,0.00,0.00,0.00,0.00,Stade Océane
1425063600,Feb 27 2015 - 7:00pm,complete,4353,Châteauroux,Nîmes,N/A,26,0.92,1.17,1.16,0.95,2,1,3,2,2,0,"42,45","85",2,5,2,0,2,0,0,2,1,1,2,9,0,3,2,6,13,10,48,52,0.00,0.00,0.00,0.00,2.65,48,69,40,28,16,28,68,40,69,8.88,3.65,2.80,2.94,3.00,0.00,0.00,0.00,0.00,0.00,0.00,Stade Gaston Petit
1425063600,Feb 27 2015 - 7:00pm,complete,4734,Niort,Troyes,N/A,26,1.25,1.83,1.53,1.68,1,0,1,1,1,0,"10","",2,8,2,0,3,1,2,0,1,3,10,11,6,6,4,5,14,15,40,60,0.00,0.00,0.00,0.00,2.33,46,71,42,21,8,13,75,46,75,12.42,3.67,3.12,2.97,2.69,0.00,0.00,0.00,0.00,0.00,0.00,Stade René Gaillard (Niort)
1425063600,Feb 27 2015 - 7:00pm,complete,4363,Tours,Nancy,N/A,26,1.33,1.25,1.37,1.26,1,1,2,0,0,0,"65","80",3,3,1,0,2,0,1,0,0,2,6,7,2,3,4,4,10,14,42,58,0.00,0.00,0.00,0.00,3.13,59,79,50,38,25,59,83,42,71,8.38,4.31,3.27,3.08,2.50,0.00,0.00,0.00,0.00,0.00,0.00,Stade de la Vallée du Cher
1425128400,Feb 28 2015 - 1:00pm,complete,7202,Brest,Sochaux,N/A,26,2.33,1.75,2.11,1.32,1,1,2,1,1,0,"27","48",1,7,3,0,3,0,2,1,2,1,11,10,6,6,5,4,18,16,49,51,0.00,0.00,0.00,0.00,2.25,50,71,42,17,4,13,59,42,71,10.27,3.50,2.00,3.02,5.04,0.00,0.00,0.00,0.00,0.00,0.00,Stade Francis-Le Blé
1425324600,Mar 02 2015 - 7:30pm,complete,5412,Auxerre,Angers SCO,N/A,26,1.33,1.15,1.32,1.21,0,1,1,0,0,0,"","90'2",8,7,1,0,1,0,0,1,0,1,8,9,5,6,3,3,11,11,52,48,0.00,0.00,0.00,0.00,2.52,60,73,48,24,12,28,69,44,76,10.04,3.00,2.21,3.01,4.07,0.00,0.00,0.00,0.00,0.00,0.00,Stade de l'Abbé Deschamps (Auxerre)
1425668400,Mar 06 2015 - 7:00pm,complete,3523,Ajaccio,Créteil,N/A,27,1.31,0.69,1.37,0.84,0,1,1,1,0,1,"","16",11,3,1,0,1,0,0,1,0,1,13,6,8,2,5,4,12,11,62,38,0.00,0.00,0.00,0.00,2.35,58,77,39,19,4,35,70,46,70,9.35,4.30,2.42,3.13,3.36,0.00,0.00,0.00,0.00,0.00,0.00,Stade François Coty
1425668400,Mar 06 2015 - 7:00pm,complete,8081,Angers SCO,Niort,N/A,27,2.17,1.00,2.16,1.11,0,0,0,0,0,0,"","",3,2,2,0,3,0,1,1,0,3,9,7,6,3,3,4,17,16,53,47,0.00,0.00,0.00,0.00,2.17,44,73,33,16,8,20,65,40,76,11.33,4.14,2.24,3.17,3.72,0.00,0.00,0.00,0.00,0.00,0.00,Stade Raymond Kopa (Angers)
1425668400,Mar 06 2015 - 7:00pm,complete,14685,Nancy,Laval,N/A,27,1.77,1.00,1.79,1.11,1,1,2,1,1,0,"3","70",3,2,1,0,0,0,1,0,0,0,17,4,6,3,11,1,15,8,57,43,0.00,0.00,0.00,0.00,1.97,50,58,31,16,8,16,54,35,73,9.47,3.23,1.62,3.70,6.98,0.00,0.00,0.00,0.00,0.00,0.00,Stade Marcel-Picot (Tomblaine)
1425668400,Mar 06 2015 - 7:00pm,complete,4635,Nîmes,Gazélec Ajaccio,N/A,27,1.62,1.08,1.47,1.16,2,0,2,2,2,0,"8,28","",4,7,2,0,2,1,1,1,2,1,10,9,6,6,4,3,9,17,43,57,0.00,0.00,0.00,0.00,2.60,56,73,44,23,16,36,65,44,69,8.20,4.20,2.86,3.05,2.83,0.00,0.00,0.00,0.00,0.00,0.00,Stade des Costières
1425668400,Mar 06 2015 - 7:00pm,complete,4066,Orléans,Valenciennes,N/A,27,1.38,0.92,1.21,0.95,0,1,1,1,0,1,"","16",7,3,4,1,2,1,0,5,1,2,9,5,6,3,3,2,14,17,54,46,0.00,0.00,0.00,0.00,2.04,50,62,39,15,4,31,66,27,62,8.98,4.39,2.13,3.12,4.16,0.00,0.00,0.00,0.00,0.00,0.00,Stade de la Source
1425668400,Mar 06 2015 - 7:00pm,complete,8917,Sochaux,Tours,N/A,27,1.31,0.62,1.42,0.95,2,1,3,1,0,1,"49,52","14",-1,-1,3,1,0,0,1,3,0,0,-1,-1,-1,-1,-1,-1,-1,-1,-1,-1,0.00,0.00,0.00,0.00,1.92,43,66,31,4,0,19,58,31,77,8.50,3.93,1.85,3.30,5.37,0.00,0.00,0.00,0.00,0.00,0.00,Stade Auguste-Bonal
1425668400,Mar 06 2015 - 7:00pm,complete,7296,Troyes,Clermont,N/A,27,2.15,0.54,2.42,0.89,2,0,2,1,1,0,"26,85","",4,4,1,0,2,0,1,0,1,1,14,12,8,4,6,8,11,10,58,42,0.00,0.00,0.00,0.00,2.20,50,62,43,19,8,16,62,39,73,9.97,3.15,1.58,3.91,6.96,0.00,0.00,0.00,0.00,0.00,0.00,Stade de l'Aube
1425733200,Mar 07 2015 - 1:00pm,complete,8251,Dijon,Le Havre,N/A,27,2.33,0.77,1.95,1.00,1,1,2,2,1,1,"42","37",5,1,1,0,1,1,0,1,0,2,6,6,4,2,2,4,13,12,62,38,0.00,0.00,0.00,0.00,2.48,36,52,44,23,12,24,68,37,72,8.36,3.71,1.94,3.33,4.64,0.00,0.00,0.00,0.00,0.00,0.00,Stade Gaston-Gérard
1425927600,Mar 09 2015 - 7:00pm,complete,1407,Arles-Avignon,Auxerre,N/A,27,1.08,1.54,1.16,1.42,2,4,6,2,0,2,"85,88","17,24,63,90'2",4,5,0,1,1,0,1,0,0,1,12,15,4,8,8,7,11,8,47,53,0.00,0.00,0.00,0.00,2.04,47,54,35,23,8,23,54,35,58,10.16,4.17,2.62,3.01,3.16,0.00,0.00,0.00,0.00,0.00,0.00,Parc des Sports (Avignon)
1425930300,Mar 09 2015 - 7:45pm,complete,6359,Brest,Châteauroux,N/A,27,2.23,0.58,2.11,0.53,3,0,3,2,2,0,"10,45'1,86","",7,4,0,0,2,0,0,0,1,1,3,4,2,3,1,1,13,13,46,54,0.00,0.00,0.00,0.00,2.29,44,64,36,20,9,13,76,40,68,10.22,3.27,1.45,4.30,9.22,0.00,0.00,0.00,0.00,0.00,0.00,Stade Francis-Le Blé
1426273200,Mar 13 2015 - 7:00pm,complete,3019,Clermont,Dijon,N/A,28,1.69,1.14,1.68,1.26,2,5,7,4,1,3,"22,74","30,39,45,47,65",3,2,1,0,2,1,0,1,0,3,10,3,3,0,7,3,13,19,56,44,0.00,0.00,0.00,0.00,2.24,42,63,30,19,8,30,60,26,70,9.48,3.75,3.35,2.93,2.56,0.00,0.00,0.00,0.00,0.00,0.00,Stade Gabriel Montpied (Clermont-Ferrand)
1426273200,Mar 13 2015 - 7:00pm,complete,2626,Créteil,Angers SCO,N/A,28,1.62,1.29,1.53,1.21,0,1,1,1,0,1,"","40",3,3,1,0,3,0,0,1,0,3,8,6,2,2,6,4,20,8,53,47,0.00,0.00,0.00,0.00,2.37,52,67,41,26,15,18,45,45,78,9.64,3.78,2.62,2.94,3.25,0.00,0.00,0.00,0.00,0.00,0.00,Stade Dominique Duvauchelle
1426273200,Mar 13 2015 - 7:00pm,complete,2229,Gazélec Ajaccio,Nancy,N/A,28,2.29,1.23,2.26,1.26,1,0,1,0,0,0,"71","",0,7,1,0,1,0,0,1,0,1,7,8,2,3,5,5,16,13,51,49,0.00,0.00,0.00,0.00,2.45,42,74,26,26,11,49,74,23,63,9.13,3.25,2.52,2.90,3.46,0.00,0.00,0.00,0.00,0.00,0.00,Stade Ange Casanova
1426273200,Mar 13 2015 - 7:00pm,complete,6265,Laval,Nîmes,N/A,28,1.92,1.08,1.74,0.95,0,1,1,0,0,0,"","68",8,2,0,0,3,0,0,0,0,3,12,8,4,2,8,6,8,15,61,39,0.00,0.00,0.00,0.00,2.58,58,77,42,23,8,35,54,50,73,8.44,4.07,2.52,2.96,3.38,0.00,0.00,0.00,0.00,0.00,0.00,Stade Francis Le Basser
1426273200,Mar 13 2015 - 7:00pm,complete,6871,Le Havre,Orléans,N/A,28,2.00,1.08,1.89,0.89,3,1,4,2,1,1,"27,65,86","12",1,2,3,0,0,0,1,2,0,0,6,5,2,3,4,2,22,13,58,42,0.00,0.00,0.00,0.00,2.38,62,70,31,23,12,27,62,54,69,9.04,4.23,2.11,2.97,4.54,0.00,0.00,0.00,0.00,0.00,0.00,Stade Océane
1426273200,Mar 13 2015 - 7:00pm,complete,5567,Châteauroux,Arles-Avignon,N/A,28,1.07,0.31,1.16,0.42,1,2,3,1,1,0,"43","77,88",6,5,4,0,2,0,2,2,0,2,7,5,3,0,4,5,13,15,53,47,0.00,0.00,0.00,0.00,2.52,59,71,41,30,11,34,78,34,63,8.83,4.60,2.51,2.97,3.38,0.00,0.00,0.00,0.00,0.00,0.00,Stade Gaston Petit
1426273200,Mar 13 2015 - 7:00pm,complete,4188,Niort,Ajaccio,N/A,28,1.38,1.00,1.53,0.79,1,0,1,1,1,0,"19","",3,3,2,0,2,0,0,2,1,1,9,8,5,4,4,4,12,17,48,52,0.00,0.00,0.00,0.00,2.00,54,70,31,12,8,20,66,38,58,9.50,4.92,1.78,3.20,6.46,0.00,0.00,0.00,0.00,0.00,0.00,Stade René Gaillard (Niort)
1426273200,Mar 13 2015 - 7:00pm,complete,4587,Tours,Brest,N/A,28,1.31,1.08,1.37,0.89,1,1,2,1,1,0,"34","63",0,9,2,0,2,0,1,1,1,1,5,9,2,4,3,5,18,22,44,56,0.00,0.00,0.00,0.00,2.46,50,62,47,23,16,27,66,47,66,8.02,4.77,3.14,2.93,2.70,0.00,0.00,0.00,0.00,0.00,0.00,Stade de la Vallée du Cher
1426338000,Mar 14 2015 - 1:00pm,complete,6756,Auxerre,Sochaux,N/A,28,1.23,1.69,1.32,1.32,1,0,1,1,1,0,"45'1","",5,4,1,0,2,0,0,1,1,1,11,10,7,5,4,5,19,22,48,52,0.00,0.00,0.00,0.00,2.38,58,77,42,15,4,27,66,38,77,10.27,3.00,2.70,2.86,3.23,0.00,0.00,0.00,0.00,0.00,0.00,Stade de l'Abbé Deschamps (Auxerre)
1426534200,Mar 16 2015 - 7:30pm,complete,6801,Valenciennes,Troyes,N/A,28,1.08,1.69,1.26,1.68,1,1,2,1,1,0,"11","61",6,8,1,0,4,0,1,0,2,2,8,9,4,4,4,5,13,14,43,57,0.00,0.00,0.00,0.00,2.54,43,73,54,23,4,27,77,46,73,10.62,3.38,4.18,3.06,2.16,0.00,0.00,0.00,0.00,0.00,0.00,Stade du Hainaut
1426878000,Mar 20 2015 - 7:00pm,complete,4028,Ajaccio,Clermont,N/A,29,1.21,0.50,1.37,0.89,1,2,3,1,0,1,"56","22,86",5,6,3,1,3,0,2,2,1,2,6,10,2,5,4,5,20,13,48,52,0.00,0.00,0.00,0.00,2.11,50,68,39,11,4,25,72,32,65,10.58,3.50,2.42,2.93,3.63,0.00,0.00,0.00,0.00,0.00,0.00,Stade François Coty
1426878000,Mar 20 2015 - 7:00pm,complete,7502,Angers SCO,Le Havre,N/A,29,2.08,0.79,2.16,1.00,1,0,1,1,1,0,"32","",1,7,2,0,2,0,0,2,1,1,6,5,4,3,2,2,12,16,45,55,0.00,0.00,0.00,0.00,2.29,33,67,41,22,7,26,74,34,71,9.06,3.49,2.50,2.90,3.50,0.00,0.00,0.00,0.00,0.00,0.00,Stade Raymond Kopa (Angers)
1426878000,Mar 20 2015 - 7:00pm,complete,1414,Arles-Avignon,Gazélec Ajaccio,N/A,29,1.00,1.00,1.16,1.16,0,0,0,0,0,0,"","",-1,-1,1,0,0,0,0,1,0,0,-1,-1,-1,-1,-1,-1,-1,-1,-1,-1,0.00,0.00,0.00,0.00,2.49,45,68,41,22,11,26,60,37,70,10.37,4.77,3.14,2.90,2.72,0.00,0.00,0.00,0.00,0.00,0.00,Parc des Sports (Avignon)
1426878000,Mar 20 2015 - 7:00pm,complete,8539,Dijon,Valenciennes,N/A,29,2.23,1.07,1.95,0.95,1,1,2,2,1,1,"35","39",6,1,2,0,3,0,0,2,1,2,11,7,2,2,9,5,10,10,52,48,0.00,0.00,0.00,0.00,2.16,37,56,41,11,4,26,63,37,67,9.05,4.44,1.71,3.67,5.73,0.00,0.00,0.00,0.00,0.00,0.00,Stade Gaston-Gérard
1426878000,Mar 20 2015 - 7:00pm,complete,5568,Nîmes,Tours,N/A,29,1.71,0.57,1.47,0.95,3,2,5,2,1,1,"43,78,90'2","41,71",9,6,1,0,3,0,1,0,2,1,8,13,4,6,4,7,15,15,49,51,0.00,0.00,0.00,0.00,2.50,54,72,50,22,11,36,68,47,72,7.17,3.35,2.36,3.07,3.56,0.00,0.00,0.00,0.00,0.00,0.00,Stade des Costières
1426878000,Mar 20 2015 - 7:00pm,complete,3634,Orléans,Niort,N/A,29,1.29,1.00,1.21,1.11,0,0,0,0,0,0,"","",4,3,1,0,1,1,0,1,1,1,3,7,2,4,1,3,16,11,54,46,0.00,0.00,0.00,0.00,1.97,57,57,25,18,11,25,61,25,57,10.00,4.72,2.89,2.86,2.99,0.00,0.00,0.00,0.00,0.00,0.00,Stade de la Source
1426878000,Mar 20 2015 - 7:00pm,complete,7191,Sochaux,Châteauroux,N/A,29,1.43,0.54,1.42,0.53,3,0,3,1,1,0,"36,70,89","",2,6,1,0,2,0,1,0,2,0,8,6,3,3,5,3,11,14,57,43,0.00,0.00,0.00,0.00,2.06,37,60,26,12,8,23,64,30,70,9.91,3.91,1.63,3.79,6.63,0.00,0.00,0.00,0.00,0.00,0.00,Stade Auguste-Bonal
1426878000,Mar 20 2015 - 7:00pm,complete,13390,Troyes,Créteil,N/A,29,2.21,0.86,2.42,0.84,2,0,2,1,1,0,"45,72","",5,3,0,1,1,0,0,1,0,1,8,8,4,2,4,6,9,10,55,45,0.00,0.00,0.00,0.00,2.33,50,68,36,25,7,22,65,47,75,8.94,3.78,1.63,3.70,6.77,0.00,0.00,0.00,0.00,0.00,0.00,Stade de l'Aube
1426942800,Mar 21 2015 - 1:00pm,complete,6333,Brest,Laval,N/A,29,2.29,1.00,2.11,1.11,0,0,0,0,0,0,"","",10,1,1,0,0,0,0,1,0,0,15,9,6,6,9,3,16,15,58,42,0.00,0.00,0.00,0.00,1.75,40,57,25,11,4,7,61,22,71,8.27,3.86,1.72,3.35,6.59,0.00,0.00,0.00,0.00,0.00,0.00,Stade Francis-Le Blé
1427139000,Mar 23 2015 - 7:30pm,complete,13573,Nancy,Auxerre,N/A,29,1.71,1.64,1.79,1.42,2,1,3,1,1,0,"17,56","80",2,9,3,0,1,0,1,2,0,1,4,12,0,5,4,7,17,9,47,53,0.00,0.00,0.00,0.00,2.39,68,72,43,21,11,29,68,50,65,10.69,2.72,2.11,3.02,4.44,0.00,0.00,0.00,0.00,0.00,0.00,Stade Marcel-Picot (Tomblaine)
1428084000,Apr 03 2015 - 6:00pm,complete,4768,Auxerre,Nîmes,N/A,30,1.36,1.21,1.32,0.95,3,1,4,1,0,1,"49,59,86","40",4,2,0,0,0,0,0,0,0,0,15,8,4,3,11,5,9,10,56,44,0.00,0.00,0.00,0.00,2.47,43,71,43,18,4,33,72,36,75,9.25,3.43,1.83,3.47,5.10,0.00,0.00,0.00,0.00,0.00,0.00,Stade de l'Abbé Deschamps (Auxerre)
1428084000,Apr 03 2015 - 6:00pm,complete,3446,Clermont,Angers SCO,N/A,30,1.57,1.40,1.68,1.21,2,0,2,0,0,0,"51,82","",3,3,4,0,1,0,0,4,0,1,6,6,3,3,3,3,14,15,48,52,0.00,0.00,0.00,0.00,2.60,55,59,42,32,21,35,56,35,65,8.68,3.50,2.58,3.18,3.05,0.00,0.00,0.00,0.00,0.00,0.00,Stade Gabriel Montpied (Clermont-Ferrand)
1428084000,Apr 03 2015 - 6:00pm,complete,2221,Créteil,Orléans,N/A,30,1.50,1.00,1.53,0.89,1,0,1,1,1,0,"33","",3,5,2,0,2,0,0,2,1,1,5,6,3,3,2,3,25,9,50,50,0.00,0.00,0.00,0.00,2.36,50,68,36,25,11,18,57,47,71,8.28,4.29,2.20,3.22,3.75,0.00,0.00,0.00,0.00,0.00,0.00,Stade Dominique Duvauchelle
1428084000,Apr 03 2015 - 6:00pm,complete,6812,Laval,Sochaux,N/A,30,1.79,1.57,1.74,1.32,2,2,4,1,1,0,"25,56","49,58",3,3,2,0,2,0,1,1,1,1,5,8,4,4,1,4,16,15,49,51,0.00,0.00,0.00,0.00,2.29,64,71,36,18,7,25,47,47,71,9.46,3.57,2.79,3.12,2.85,0.00,0.00,0.00,0.00,0.00,0.00,Stade Francis Le Basser
1428084000,Apr 03 2015 - 6:00pm,complete,9535,Le Havre,Nancy,N/A,30,2.07,1.14,1.89,1.26,0,1,1,1,0,1,"","36",8,9,2,0,1,0,1,1,1,0,6,7,3,3,3,4,10,12,60,40,0.00,0.00,0.00,0.00,2.54,61,75,33,29,11,50,68,47,68,9.77,3.33,2.54,3.21,3.08,0.00,0.00,0.00,0.00,0.00,0.00,Stade Océane
1428084000,Apr 03 2015 - 6:00pm,complete,4135,Niort,Arles-Avignon,N/A,30,1.50,0.50,1.53,0.42,1,1,2,1,1,0,"16","76",7,1,1,0,2,0,1,0,1,1,9,3,6,2,3,1,14,10,58,42,0.00,0.00,0.00,0.00,2.22,54,68,36,22,4,22,75,36,64,10.16,5.00,1.89,3.34,5.00,0.00,0.00,0.00,0.00,0.00,0.00,Stade René Gaillard (Niort)
1428084000,Apr 03 2015 - 6:00pm,complete,5281,Tours,Châteauroux,N/A,30,1.29,0.50,1.37,0.53,1,0,1,0,0,0,"67","",5,3,3,0,5,1,1,2,2,4,13,4,7,2,6,2,21,21,49,51,0.00,0.00,0.00,0.00,2.93,54,75,50,29,22,36,79,50,79,8.19,4.07,1.92,3.56,4.40,0.00,0.00,0.00,0.00,0.00,0.00,Stade de la Vallée du Cher
1428084000,Apr 03 2015 - 6:00pm,complete,7098,Valenciennes,Ajaccio,N/A,30,1.07,0.93,1.26,0.79,1,1,2,1,1,0,"6","55",5,3,2,1,4,0,2,1,1,3,6,9,3,0,3,9,12,14,53,47,0.00,0.00,0.00,0.00,2.25,54,75,43,14,4,33,68,40,61,8.01,4.28,2.31,3.18,3.52,0.00,0.00,0.00,0.00,0.00,0.00,Stade du Hainaut
1428148800,Apr 04 2015 - 12:00pm,complete,10279,Dijon,Troyes,N/A,30,2.14,1.64,1.95,1.68,0,1,1,0,0,0,"","90",8,7,2,1,5,1,1,2,2,4,17,7,6,5,11,2,12,13,52,48,0.00,0.00,0.00,0.00,2.40,40,64,40,14,7,22,75,40,68,10.79,4.36,2.59,3.24,2.98,0.00,0.00,0.00,0.00,0.00,0.00,Stade Gaston-Gérard
1428345000,Apr 06 2015 - 6:30pm,complete,2332,Gazélec Ajaccio,Brest,N/A,30,2.33,1.07,2.26,0.89,1,1,2,2,1,1,"21","35",5,3,1,0,0,0,0,1,0,0,2,7,2,5,0,2,13,7,45,55,0.00,0.00,0.00,0.00,1.85,32,55,25,14,4,20,62,21,59,9.02,3.76,2.50,2.96,3.42,0.00,0.00,0.00,0.00,0.00,0.00,Stade Ange Casanova
1428688800,Apr 10 2015 - 6:00pm,complete,4062,Ajaccio,Dijon,N/A,31,1.13,1.27,1.37,1.26,1,0,1,0,0,0,"71","",7,5,1,0,2,1,0,1,2,1,10,9,7,4,3,5,20,16,44,56,0.00,0.00,0.00,0.00,2.00,37,64,27,7,4,24,64,30,70,10.93,4.60,3.55,2.97,2.42,0.00,0.00,0.00,0.00,0.00,0.00,Stade François Coty
1428688800,Apr 10 2015 - 6:00pm,complete,1373,Arles-Avignon,Le Havre,N/A,31,1.00,0.73,1.16,1.00,0,1,1,0,0,0,"","65",2,1,3,0,2,0,1,2,1,1,11,8,4,4,7,4,13,15,51,49,0.00,0.00,0.00,0.00,2.34,37,50,40,33,13,27,64,30,64,9.45,3.74,3.17,2.87,2.72,0.00,0.00,0.00,0.00,0.00,0.00,Parc des Sports (Avignon)
1428688800,Apr 10 2015 - 6:00pm,complete,4963,Châteauroux,Gazélec Ajaccio,N/A,31,1.00,1.00,1.16,1.16,0,2,2,0,0,0,"","86,90'2",3,6,0,0,1,0,0,0,0,1,2,10,0,3,2,7,10,10,49,51,0.00,0.00,0.00,0.00,2.48,59,73,42,17,14,28,72,38,66,9.59,3.90,4.15,3.00,2.19,0.00,0.00,0.00,0.00,0.00,0.00,Stade Gaston Petit
1428688800,Apr 10 2015 - 6:00pm,complete,15363,Nancy,Niort,N/A,31,1.80,1.00,1.79,1.11,1,2,3,1,0,1,"65","33,59",9,5,0,0,1,0,0,0,0,1,16,7,7,2,9,5,7,10,57,43,0.00,0.00,0.00,0.00,2.20,63,67,37,20,10,20,60,47,70,11.14,3.33,1.99,3.11,4.84,0.00,0.00,0.00,0.00,0.00,0.00,Stade Marcel-Picot (Tomblaine)
1428688800,Apr 10 2015 - 6:00pm,complete,5037,Nîmes,Clermont,N/A,31,1.80,0.67,1.47,0.89,0,1,1,0,0,0,"","67",6,5,3,0,2,0,0,3,1,1,9,17,5,11,4,6,19,8,45,55,0.00,0.00,0.00,0.00,2.67,60,74,54,30,17,37,74,47,70,9.05,3.13,2.55,3.04,3.23,0.00,0.00,0.00,0.00,0.00,0.00,Stade des Costières
1428688800,Apr 10 2015 - 6:00pm,complete,4565,Orléans,Troyes,N/A,31,1.27,1.73,1.21,1.68,0,1,1,0,0,0,"","52",4,7,1,1,1,0,0,2,0,1,7,6,3,0,4,6,20,14,49,51,0.00,0.00,0.00,0.00,2.10,43,60,34,17,7,20,74,27,60,10.73,4.87,4.38,3.05,2.11,0.00,0.00,0.00,0.00,0.00,0.00,Stade de la Source
1428688800,Apr 10 2015 - 6:00pm,complete,13114,Sochaux,Créteil,N/A,31,1.53,0.80,1.42,0.84,2,1,3,1,0,1,"50,74","39",3,2,2,0,6,0,2,0,0,6,11,6,5,5,6,1,5,16,58,42,0.00,0.00,0.00,0.00,2.24,50,74,34,17,4,23,67,44,77,8.75,4.20,1.83,3.26,5.60,0.00,0.00,0.00,0.00,0.00,0.00,Stade Auguste-Bonal
1428688800,Apr 10 2015 - 6:00pm,complete,4772,Tours,Laval,N/A,31,1.40,1.00,1.37,1.11,1,1,2,0,0,0,"51","53",9,4,2,0,1,0,2,0,1,0,16,3,5,2,11,1,14,22,50,50,0.00,0.00,0.00,0.00,2.20,50,60,30,20,17,24,57,30,77,6.06,4.60,2.10,3.05,4.40,0.00,0.00,0.00,0.00,0.00,0.00,Stade de la Vallée du Cher
1428753600,Apr 11 2015 - 12:00pm,complete,7346,Brest,Auxerre,N/A,31,2.20,1.53,2.11,1.42,0,1,1,0,0,0,"","62",-1,-1,-1,-1,-1,-1,-1,-1,-1,-1,-1,-1,-1,-1,-1,-1,-1,-1,-1,-1,0.00,0.00,0.00,0.00,2.14,54,67,40,17,7,20,70,40,60,10.50,3.40,2.13,3.03,4.33,0.00,0.00,0.00,0.00,0.00,0.00,Stade Francis-Le Blé
1428949800,Apr 13 2015 - 6:30pm,complete,11559,Angers SCO,Valenciennes,N/A,31,2.14,1.07,2.16,0.95,0,0,0,0,0,0,"","",6,5,1,0,3,0,0,1,2,1,5,4,2,3,3,1,14,16,52,48,0.00,0.00,0.00,0.00,1.97,31,66,38,10,0,24,69,35,66,9.36,4.26,1.81,3.32,5.70,0.00,0.00,0.00,0.00,0.00,0.00,Stade Raymond Kopa (Angers)
1429293600,Apr 17 2015 - 6:00pm,complete,5936,Auxerre,Tours,N/A,32,1.47,0.53,1.32,0.95,2,3,5,3,1,2,"34,80","8,19,75",10,4,3,0,4,0,0,3,2,2,17,11,7,7,10,4,18,12,56,44,0.00,0.00,0.00,0.00,2.50,57,77,54,17,4,27,80,47,80,8.98,2.73,1.82,3.38,5.42,0.00,0.00,0.00,0.00,0.00,0.00,Stade de l'Abbé Deschamps (Auxerre)
1429293600,Apr 17 2015 - 6:00pm,complete,4758,Clermont,Orléans,N/A,32,1.67,0.93,1.68,0.89,1,0,1,1,1,0,"3","",5,7,2,0,3,0,2,0,2,1,11,9,6,3,5,6,14,20,50,50,0.00,0.00,0.00,0.00,2.60,53,64,37,30,17,34,64,40,64,7.60,4.14,2.34,3.01,3.71,0.00,0.00,0.00,0.00,0.00,0.00,Stade Gabriel Montpied (Clermont-Ferrand)
1429293600,Apr 17 2015 - 6:00pm,complete,2534,Créteil,Nancy,N/A,32,1.60,1.27,1.53,1.26,1,1,2,0,0,0,"90'2","78",3,3,3,0,1,0,1,2,0,1,4,16,2,7,2,9,12,14,57,43,0.00,0.00,0.00,0.00,2.30,44,67,30,24,10,33,63,34,64,9.64,3.44,3.39,3.05,2.46,0.00,0.00,0.00,0.00,0.00,0.00,Stade Dominique Duvauchelle
1429293600,Apr 17 2015 - 6:00pm,complete,2456,Gazélec Ajaccio,Sochaux,N/A,32,2.25,1.53,2.26,1.32,3,0,3,2,2,0,"7,41,54","",5,3,0,0,0,0,0,0,0,0,9,6,4,3,5,3,9,9,43,57,0.00,0.00,0.00,0.00,2.27,46,71,30,20,7,29,61,27,68,8.80,3.44,2.32,2.98,3.80,0.00,0.00,0.00,0.00,0.00,0.00,Stade Ange Casanova
1429293600,Apr 17 2015 - 6:00pm,complete,5302,Laval,Châteauroux,N/A,32,1.73,0.47,1.74,0.53,1,0,1,1,1,0,"11","",9,7,0,0,1,0,0,0,1,0,7,17,2,2,5,15,13,16,49,51,0.00,0.00,0.00,0.00,2.44,53,67,40,24,10,27,60,50,73,9.44,3.60,1.80,3.35,5.72,0.00,0.00,0.00,0.00,0.00,0.00,Stade Francis Le Basser
1429293600,Apr 17 2015 - 6:00pm,complete,4530,Niort,Nîmes,N/A,32,1.47,1.13,1.53,0.95,3,2,5,0,0,0,"63,82,90'1","74,90'4",2,3,1,0,2,0,1,0,2,0,13,7,6,5,7,2,21,7,59,41,0.00,0.00,0.00,0.00,2.33,47,67,37,20,7,20,67,37,74,9.79,4.00,1.77,3.44,5.75,0.00,0.00,0.00,0.00,0.00,0.00,Stade René Gaillard (Niort)
1429293600,Apr 17 2015 - 6:00pm,complete,8375,Troyes,Ajaccio,N/A,32,2.27,0.93,2.42,0.79,2,0,2,1,1,0,"22,80","",0,2,2,0,2,0,0,2,0,2,10,7,3,2,7,5,16,23,59,41,0.00,0.00,0.00,0.00,1.87,40,63,24,10,7,17,60,30,60,8.14,4.86,1.60,3.66,7.73,0.00,0.00,0.00,0.00,0.00,0.00,Stade de l'Aube
1429293600,Apr 17 2015 - 6:00pm,complete,7510,Valenciennes,Arles-Avignon,N/A,32,1.07,0.53,1.26,0.42,3,0,3,0,0,0,"68,76,90'1","",2,3,2,0,3,0,1,1,2,1,10,6,4,4,6,2,21,16,52,48,0.00,0.00,0.00,0.00,2.50,60,80,47,24,0,33,77,37,74,8.71,4.53,2.00,3.18,4.65,0.00,0.00,0.00,0.00,0.00,0.00,Stade du Hainaut
1429358400,Apr 18 2015 - 12:00pm,complete,9406,Dijon,Angers SCO,N/A,32,2.00,1.31,1.95,1.21,1,1,2,1,1,0,"3","59",5,10,1,0,1,0,0,1,0,1,9,3,3,0,6,3,12,15,50,50,0.00,0.00,0.00,0.00,2.29,45,55,36,16,13,23,52,39,71,9.67,4.14,2.02,3.15,4.61,0.00,0.00,0.00,0.00,0.00,0.00,Stade Gaston-Gérard
1429554600,Apr 20 2015 - 6:30pm,complete,5954,Le Havre,Brest,N/A,32,1.93,1.07,1.89,0.89,1,1,2,0,0,0,"48","75",4,5,1,0,1,0,0,1,0,1,12,7,5,2,7,5,10,17,56,44,0.00,0.00,0.00,0.00,2.00,54,60,30,17,4,27,64,44,57,9.86,3.80,2.59,2.97,3.26,0.00,0.00,0.00,0.00,0.00,0.00,Stade Océane
1429898400,Apr 24 2015 - 6:00pm,complete,10645,Angers SCO,Ajaccio,N/A,33,2.07,0.88,2.16,0.79,1,0,1,1,1,0,"28","",1,4,0,0,2,0,0,0,2,0,10,10,5,4,5,6,19,19,46,54,0.00,0.00,0.00,0.00,1.91,35,71,29,7,3,19,68,32,59,8.35,4.86,1.69,3.37,7.06,0.00,0.00,0.00,0.00,0.00,0.00,Stade Raymond Kopa (Angers)
1429898400,Apr 24 2015 - 6:00pm,complete,1285,Arles-Avignon,Clermont,N/A,33,0.94,0.81,1.16,0.89,0,0,0,0,0,0,"","",8,7,2,0,1,0,0,2,0,1,17,18,5,10,12,8,8,14,52,48,0.00,0.00,0.00,0.00,2.35,47,60,47,25,10,19,60,38,75,10.35,3.69,2.66,2.94,3.18,0.00,0.00,0.00,0.00,0.00,0.00,Parc des Sports (Avignon)
1429898400,Apr 24 2015 - 6:00pm,complete,8638,Brest,Valenciennes,N/A,33,2.06,1.06,2.11,0.95,1,0,1,1,1,0,"8","",3,5,1,0,3,0,1,0,2,1,9,11,7,7,2,4,13,19,39,61,0.00,0.00,0.00,0.00,1.88,38,60,38,13,0,19,66,31,63,10.00,3.97,1.57,3.54,8.87,0.00,0.00,0.00,0.00,0.00,0.00,Stade Francis-Le Blé
1429898400,Apr 24 2015 - 6:00pm,complete,6490,Laval,Gazélec Ajaccio,N/A,33,1.81,1.13,1.74,1.16,0,2,2,1,0,1,"","37,50",6,0,2,0,2,0,2,0,0,2,11,4,4,2,7,2,15,15,67,33,0.00,0.00,0.00,0.00,2.32,58,75,36,16,7,26,55,48,68,9.71,3.83,3.29,2.87,2.65,0.00,0.00,0.00,0.00,0.00,0.00,Stade Francis Le Basser
1429898400,Apr 24 2015 - 6:00pm,complete,6175,Châteauroux,Auxerre,N/A,33,0.94,1.63,1.16,1.42,2,1,3,1,1,0,"9,90'1","77",3,5,4,0,2,0,2,2,0,2,2,3,0,2,2,1,17,13,46,54,0.00,0.00,0.00,0.00,2.38,63,66,41,22,16,28,69,44,63,9.50,3.25,4.38,3.08,2.10,0.00,0.00,0.00,0.00,0.00,0.00,Stade Gaston Petit
1429898400,Apr 24 2015 - 6:00pm,complete,16053,Nancy,Troyes,N/A,33,1.69,1.81,1.79,1.68,2,0,2,1,1,0,"44,57","",6,2,2,0,1,1,2,0,1,1,14,4,6,2,8,2,16,11,55,45,0.00,0.00,0.00,0.00,2.44,53,72,47,19,6,16,75,51,78,12.34,3.38,2.50,2.94,3.44,0.00,0.00,0.00,0.00,0.00,0.00,Stade Marcel-Picot (Tomblaine)
1429898400,Apr 24 2015 - 6:00pm,complete,4014,Nîmes,Créteil,N/A,33,1.69,0.75,1.47,0.84,0,1,1,0,0,0,"","67",-1,-1,2,0,1,0,2,0,0,1,-1,-1,-1,-1,-1,-1,-1,-1,-1,-1,0.00,0.00,0.00,0.00,2.72,60,76,47,35,16,41,72,54,72,8.03,3.94,2.52,3.09,3.24,0.00,0.00,0.00,0.00,0.00,0.00,Stade des Costières
1429898400,Apr 24 2015 - 6:00pm,complete,13542,Sochaux,Le Havre,N/A,33,1.63,0.88,1.42,1.00,0,1,1,0,0,0,"","90'1",11,5,1,0,3,0,0,1,2,1,19,17,5,6,14,11,16,12,57,43,0.00,0.00,0.00,0.00,2.03,38,57,32,16,7,22,66,28,69,8.31,3.88,2.09,3.03,4.54,0.00,0.00,0.00,0.00,0.00,0.00,Stade Auguste-Bonal
1429898400,Apr 24 2015 - 6:00pm,complete,6793,Tours,Niort,N/A,33,1.38,1.13,1.37,1.11,1,0,1,1,1,0,"43","",4,4,0,0,0,0,0,0,0,0,12,12,3,5,9,7,10,18,36,64,0.00,0.00,0.00,0.00,2.47,63,69,38,25,19,29,60,47,76,8.87,4.75,2.54,3.05,3.24,0.00,0.00,0.00,0.00,0.00,0.00,Stade de la Vallée du Cher
1429963200,Apr 25 2015 - 12:00pm,complete,4299,Orléans,Dijon,N/A,33,1.19,1.19,1.21,1.26,0,1,1,0,0,0,"","86",6,5,1,0,2,0,0,1,0,2,12,9,4,4,8,5,8,8,45,55,0.00,0.00,0.00,0.00,2.00,41,57,25,13,6,22,60,22,69,9.80,4.63,2.65,2.90,3.24,0.00,0.00,0.00,0.00,0.00,0.00,Stade de la Source
1430159400,Apr 27 2015 - 6:30pm,complete,2873,Clermont,Sochaux,N/A,34,1.75,1.44,1.68,1.32,0,0,0,0,0,0,"","",6,4,2,0,1,0,2,0,0,1,9,8,6,4,3,4,13,15,44,56,0.00,0.00,0.00,0.00,2.57,53,69,41,25,13,35,60,35,66,8.40,3.57,2.65,3.08,3.04,0.00,0.00,0.00,0.00,0.00,0.00,Stade Gabriel Montpied (Clermont-Ferrand)
1430245800,Apr 28 2015 - 6:30pm,complete,4138,Ajaccio,Orléans,N/A,34,1.25,0.88,1.37,0.89,2,3,5,2,2,0,"7,16","51,58,73",3,5,3,0,1,0,1,2,1,0,6,7,3,5,3,2,17,13,41,59,0.00,0.00,0.00,0.00,2.00,44,56,28,13,7,22,66,35,60,9.75,4.69,2.30,3.01,3.79,0.00,0.00,0.00,0.00,0.00,0.00,Stade François Coty
1430245800,Apr 28 2015 - 6:30pm,complete,6079,Auxerre,Laval,N/A,34,1.38,1.00,1.32,1.11,1,1,2,2,1,1,"16","19",5,2,2,0,0,0,0,2,0,0,8,11,5,7,3,4,22,11,54,46,0.00,0.00,0.00,0.00,1.94,47,60,28,16,6,19,63,29,72,8.45,3.12,1.79,3.36,5.70,0.00,0.00,0.00,0.00,0.00,0.00,Stade de l'Abbé Deschamps (Auxerre)
1430245800,Apr 28 2015 - 6:30pm,complete,2719,Créteil,Brest,N/A,34,1.56,1.06,1.53,0.89,2,1,3,2,1,1,"40,90","11",4,6,1,0,2,0,0,1,1,1,6,11,0,6,6,5,16,11,51,49,0.00,0.00,0.00,0.00,1.88,44,60,28,13,3,13,53,38,60,9.13,3.94,3.31,3.06,2.49,0.00,0.00,0.00,0.00,0.00,0.00,Stade Dominique Duvauchelle
1430245800,Apr 28 2015 - 6:30pm,complete,9026,Dijon,Arles-Avignon,N/A,34,1.94,0.50,1.95,0.42,1,0,1,0,0,0,"55","",-1,-1,1,0,2,0,0,1,1,1,-1,-1,-1,-1,-1,-1,-1,-1,-1,-1,0.00,0.00,0.00,0.00,2.38,50,69,38,16,3,28,69,35,69,8.81,5.26,1.50,4.15,8.32,0.00,0.00,0.00,0.00,0.00,0.00,Stade Gaston-Gérard
1430245800,Apr 28 2015 - 6:30pm,complete,2689,Gazélec Ajaccio,Tours,N/A,34,2.29,0.69,2.26,0.95,1,1,2,1,1,0,"26","76",3,6,2,0,1,0,0,2,1,0,12,10,4,3,8,7,17,16,51,49,0.00,0.00,0.00,0.00,2.47,46,76,44,19,10,36,73,34,77,7.90,3.29,1.79,3.55,5.29,0.00,0.00,0.00,0.00,0.00,0.00,Stade Ange Casanova
1430245800,Apr 28 2015 - 6:30pm,complete,5642,Le Havre,Nîmes,N/A,34,1.88,1.06,1.89,0.95,2,0,2,0,0,0,"49,62","",7,4,0,0,3,0,0,0,1,2,11,6,5,3,6,3,16,13,61,39,0.00,0.00,0.00,0.00,2.63,57,75,41,28,10,35,60,54,75,8.67,3.88,1.79,3.50,5.34,0.00,0.00,0.00,0.00,0.00,0.00,Stade Océane
1430245800,Apr 28 2015 - 6:30pm,complete,4339,Niort,Châteauroux,N/A,34,1.56,0.44,1.53,0.53,3,0,3,0,0,0,"48,68,80","",7,2,0,0,0,0,0,0,0,0,10,7,4,4,6,3,12,11,51,49,0.00,0.00,0.00,0.00,2.26,44,60,35,19,13,16,72,38,69,10.80,3.63,1.60,3.90,6.80,0.00,0.00,0.00,0.00,0.00,0.00,Stade René Gaillard (Niort)
1430245800,Apr 28 2015 - 6:30pm,complete,10351,Troyes,Angers SCO,N/A,34,2.31,1.29,2.42,1.21,2,1,3,1,0,1,"61,84","31",5,1,1,1,4,0,1,1,1,3,8,4,3,2,5,2,10,10,57,43,0.00,0.00,0.00,0.00,2.05,39,58,27,19,12,12,52,33,76,9.63,3.63,2.04,3.16,4.47,0.00,0.00,0.00,0.00,0.00,0.00,Stade de l'Aube
1430245800,Apr 28 2015 - 6:30pm,complete,7647,Valenciennes,Nancy,N/A,34,1.19,1.25,1.26,1.26,1,1,2,1,1,0,"43","90'2",7,7,0,1,1,0,0,1,0,1,7,9,4,6,3,3,7,13,54,46,0.00,0.00,0.00,0.00,2.50,53,75,41,22,7,41,69,38,72,9.67,3.04,3.87,3.15,2.20,0.00,0.00,0.00,0.00,0.00,0.00,Stade du Hainaut
1430503200,May 01 2015 - 6:00pm,complete,10997,Angers SCO,Orléans,N/A,35,2.13,1.00,2.16,0.89,2,1,3,2,1,1,"3,76","18",6,2,3,0,4,0,1,2,2,2,10,6,3,3,7,3,8,14,59,41,0.00,0.00,0.00,0.00,2.14,36,61,33,18,9,19,70,39,64,9.01,4.10,1.79,3.44,5.44,0.00,0.00,0.00,0.00,0.00,0.00,Stade Raymond Kopa (Angers)
1430503200,May 01 2015 - 6:00pm,complete,1206,Arles-Avignon,Créteil,N/A,35,0.94,0.88,1.16,0.84,2,0,2,2,2,0,"36,45'2","",5,4,0,0,0,0,0,0,0,0,15,14,9,5,6,9,15,7,44,56,0.00,0.00,0.00,0.00,2.39,47,62,41,29,9,24,59,44,74,9.36,4.31,2.72,3.08,2.96,0.00,0.00,0.00,0.00,0.00,0.00,Parc des Sports (Avignon)
1430503200,May 01 2015 - 6:00pm,complete,5953,Auxerre,Gazélec Ajaccio,N/A,35,1.35,1.25,1.32,1.16,0,0,0,0,0,0,"","",7,2,2,0,3,0,0,2,0,3,4,9,4,4,0,5,16,14,53,47,0.00,0.00,0.00,0.00,2.42,52,79,39,15,6,30,76,40,70,10.05,3.43,2.75,3.00,3.00,0.00,0.00,0.00,0.00,0.00,0.00,Stade de l'Abbé Deschamps (Auxerre)
1430503200,May 01 2015 - 6:00pm,complete,5407,Laval,Le Havre,N/A,35,1.71,1.00,1.74,1.00,1,1,2,0,0,0,"90'4","83",4,3,1,0,2,0,1,0,0,2,13,8,5,2,8,6,9,4,56,44,0.00,0.00,0.00,0.00,2.27,50,59,35,27,9,27,62,39,68,8.65,3.29,2.73,3.09,2.93,0.00,0.00,0.00,0.00,0.00,0.00,Stade Francis Le Basser
1430503200,May 01 2015 - 6:00pm,complete,4565,Châteauroux,Valenciennes,N/A,35,1.06,1.00,1.16,0.95,3,0,3,1,1,0,"37,60,80","",5,7,0,0,1,0,0,0,0,1,5,8,3,2,2,6,9,13,56,44,0.00,0.00,0.00,0.00,2.18,50,62,41,18,9,27,71,38,62,8.94,4.00,2.94,2.94,2.84,0.00,0.00,0.00,0.00,0.00,0.00,Stade Gaston Petit
1430503200,May 01 2015 - 6:00pm,complete,15552,Nancy,Ajaccio,N/A,35,1.76,0.82,1.79,0.79,2,0,2,1,1,0,"45'2,70","",4,3,2,0,5,0,1,1,3,2,9,4,4,2,5,2,12,17,56,44,0.00,0.00,0.00,0.00,2.24,59,77,39,12,6,21,74,44,65,9.32,3.94,1.56,3.92,7.35,0.00,0.00,0.00,0.00,0.00,0.00,Stade Marcel-Picot (Tomblaine)
1430503200,May 01 2015 - 6:00pm,complete,8980,Sochaux,Niort,N/A,35,1.53,1.06,1.42,1.11,2,3,5,4,2,2,"3,14","31,43,68",4,3,2,0,1,0,1,1,0,1,9,11,0,4,9,7,16,8,58,42,0.00,0.00,0.00,0.00,1.77,44,56,24,9,6,15,53,32,68,10.21,4.30,2.04,3.33,4.15,0.00,0.00,0.00,0.00,0.00,0.00,Stade Auguste-Bonal
1430503200,May 01 2015 - 6:00pm,complete,5309,Tours,Clermont,N/A,35,1.47,0.82,1.37,0.89,0,1,1,0,0,0,"","81",4,0,1,0,2,0,0,1,1,1,11,4,3,3,8,1,13,17,50,50,0.00,0.00,0.00,0.00,2.65,62,74,50,24,15,27,71,47,79,8.81,3.82,2.37,3.09,3.52,0.00,0.00,0.00,0.00,0.00,0.00,Stade de la Vallée du Cher
1430568000,May 02 2015 - 12:00pm,complete,4040,Nîmes,Troyes,N/A,35,1.59,1.71,1.47,1.68,1,2,3,2,1,1,"18","27,86",6,4,1,0,1,0,1,0,0,1,15,11,7,4,8,7,13,9,46,54,0.00,0.00,0.00,0.00,2.39,38,62,38,27,15,30,68,38,71,10.18,4.24,4.33,3.23,2.04,0.00,0.00,0.00,0.00,0.00,0.00,Stade des Costières
1430764200,May 04 2015 - 6:30pm,complete,7989,Brest,Dijon,N/A,35,2.12,1.29,2.11,1.26,0,0,0,0,0,0,"","",6,2,3,0,3,0,0,3,0,3,13,10,5,5,8,5,14,13,50,50,0.00,0.00,0.00,0.00,2.00,32,59,30,12,3,12,62,29,77,10.80,3.85,2.32,3.06,3.66,0.00,0.00,0.00,0.00,0.00,0.00,Stade Francis-Le Blé
1431108000,May 08 2015 - 6:00pm,complete,3744,Ajaccio,Brest,N/A,36,1.18,1.00,1.37,0.89,2,1,3,2,2,0,"7,32","64",9,1,3,0,2,0,0,3,1,1,6,4,4,3,2,1,20,13,48,52,0.00,0.00,0.00,0.00,1.80,44,56,29,6,3,24,62,29,56,10.44,4.30,3.43,2.94,2.51,0.00,0.00,0.00,0.00,0.00,0.00,Stade François Coty
1431108000,May 08 2015 - 6:00pm,complete,4353,Clermont,Nancy,N/A,36,1.71,1.24,1.68,1.26,0,1,1,0,0,0,"","90'1",1,3,1,0,4,0,1,0,1,3,7,8,4,4,3,4,8,23,50,50,0.00,0.00,0.00,0.00,2.47,50,65,30,27,15,44,65,29,59,9.19,3.27,4.29,3.14,2.09,0.00,0.00,0.00,0.00,0.00,0.00,Stade Gabriel Montpied (Clermont-Ferrand)
1431108000,May 08 2015 - 6:00pm,complete,8608,Dijon,Châteauroux,N/A,36,2.00,0.41,1.95,0.53,0,1,1,1,0,1,"","23",7,1,4,0,2,0,2,2,1,1,17,3,5,0,12,3,20,18,64,36,0.00,0.00,0.00,0.00,2.30,35,56,35,12,9,24,65,35,71,9.77,3.88,1.34,4.82,9.99,0.00,0.00,0.00,0.00,0.00,0.00,Stade Gaston-Gérard
1431108000,May 08 2015 - 6:00pm,complete,6630,Le Havre,Tours,N/A,36,1.94,0.71,1.89,0.95,0,1,1,0,0,0,"","50",8,3,3,0,3,0,1,2,1,2,13,13,4,6,9,7,7,13,60,40,0.00,0.00,0.00,0.00,2.53,65,79,44,21,9,32,68,59,80,8.98,3.41,1.94,3.22,4.90,0.00,0.00,0.00,0.00,0.00,0.00,Stade Océane
1431108000,May 08 2015 - 6:00pm,complete,7442,Niort,Auxerre,N/A,36,1.65,1.53,1.53,1.42,1,1,2,0,0,0,"87","73",5,3,3,0,1,0,2,1,1,0,9,9,2,4,7,5,11,9,61,39,0.00,0.00,0.00,0.00,2.21,59,65,38,18,12,18,65,44,65,10.66,3.47,2.30,3.09,3.67,0.00,0.00,0.00,0.00,0.00,0.00,Stade René Gaillard (Niort)
1431108000,May 08 2015 - 6:00pm,complete,4028,Orléans,Nîmes,N/A,36,1.12,1.00,1.21,0.95,1,1,2,0,0,0,"76","84",12,4,0,0,4,0,0,0,0,4,9,2,4,0,5,2,9,12,58,42,0.00,0.00,0.00,0.00,2.29,44,62,36,21,9,27,56,30,68,8.32,4.47,1.60,3.63,7.80,0.00,0.00,0.00,0.00,0.00,0.00,Stade de la Source
1431108000,May 08 2015 - 6:00pm,complete,10167,Troyes,Arles-Avignon,N/A,36,2.35,0.47,2.42,0.42,4,0,4,3,3,0,"8,18,30,70","",5,5,0,0,0,0,0,0,0,0,10,9,4,4,6,5,12,7,62,38,0.00,0.00,0.00,0.00,2.15,41,68,33,18,3,18,65,32,74,8.48,4.88,1.35,4.77,9.99,0.00,0.00,0.00,0.00,0.00,0.00,Stade de l'Aube
1431108000,May 08 2015 - 6:00pm,complete,9071,Valenciennes,Laval,N/A,36,1.18,1.00,1.26,1.11,2,2,4,1,0,1,"56,89","35,74",6,0,1,0,2,0,0,1,0,2,18,2,6,2,12,0,10,14,60,40,0.00,0.00,0.00,0.00,1.94,50,65,30,12,3,21,56,27,74,7.53,3.41,2.00,3.10,4.84,0.00,0.00,0.00,0.00,0.00,0.00,Stade du Hainaut
1431172800,May 09 2015 - 12:00pm,complete,2405,Créteil,Gazélec Ajaccio,N/A,36,1.65,1.24,1.53,1.16,1,1,2,2,1,1,"4","31",2,6,1,0,1,0,1,0,0,1,11,10,5,4,6,6,19,13,49,51,0.00,0.00,0.00,0.00,2.18,44,74,32,12,6,21,56,38,68,8.63,4.17,3.80,3.03,2.29,0.00,0.00,0.00,0.00,0.00,0.00,Stade Dominique Duvauchelle
1431369000,May 11 2015 - 6:30pm,complete,14532,Angers SCO,Sochaux,N/A,36,2.18,1.41,2.16,1.32,0,0,0,0,0,0,"","",1,4,3,0,4,0,0,3,1,3,8,11,4,6,4,5,12,11,52,48,0.00,0.00,0.00,0.00,2.09,39,68,38,12,3,21,62,32,68,9.49,3.58,1.90,3.20,5.30,0.00,0.00,0.00,0.00,0.00,0.00,Stade Raymond Kopa (Angers)
1431714600,May 15 2015 - 6:30pm,complete,1216,Arles-Avignon,Orléans,N/A,37,1.06,0.94,1.16,0.89,4,1,5,3,2,1,"26,45,46,57","6",7,2,0,0,1,1,0,0,2,0,12,3,7,0,5,3,11,18,54,46,0.00,0.00,0.00,0.00,2.28,42,53,36,28,14,25,58,36,64,9.47,4.50,4.80,3.35,1.91,0.00,0.00,0.00,0.00,0.00,0.00,Parc des Sports (Avignon)
1431714600,May 15 2015 - 6:30pm,complete,7527,Auxerre,Créteil,N/A,37,1.33,0.83,1.32,0.84,2,2,4,2,2,0,"35,38","60,66",5,8,0,0,1,0,0,0,0,1,9,4,6,2,3,2,12,7,54,46,0.00,0.00,0.00,0.00,2.53,59,78,44,25,6,33,81,48,73,9.48,3.23,1.94,3.36,4.59,0.00,0.00,0.00,0.00,0.00,0.00,Stade de l'Abbé Deschamps (Auxerre)
1431714600,May 15 2015 - 6:30pm,complete,7107,Brest,Troyes,N/A,37,2.06,1.78,2.11,1.68,2,1,3,1,1,0,"45,80","54",5,4,3,1,2,0,1,3,1,1,16,10,7,3,9,7,17,13,47,53,0.00,0.00,0.00,0.00,2.03,33,62,36,14,3,12,73,31,70,11.42,4.03,2.25,3.20,3.65,0.00,0.00,0.00,0.00,0.00,0.00,Stade Francis-Le Blé
1431714600,May 15 2015 - 6:30pm,complete,2752,Gazélec Ajaccio,Niort,N/A,37,2.22,1.17,2.26,1.11,3,2,5,2,2,0,"19,33,51","48,55",7,5,3,0,2,0,2,1,0,2,8,7,2,3,6,4,16,15,41,59,0.00,0.00,0.00,0.00,2.09,45,64,25,20,12,31,64,22,64,9.15,3.50,1.55,4.05,7.23,0.00,0.00,0.00,0.00,0.00,0.00,Stade Ange Casanova
1431714600,May 15 2015 - 6:30pm,complete,6841,Laval,Clermont,N/A,37,1.67,0.94,1.74,0.89,3,1,4,1,0,1,"58,60,90","7",3,5,1,0,1,0,0,1,0,1,9,9,4,4,5,5,13,12,58,42,0.00,0.00,0.00,0.00,2.28,62,70,42,20,6,20,59,48,75,9.67,3.06,2.40,3.19,3.32,0.00,0.00,0.00,0.00,0.00,0.00,Stade Francis Le Basser
1431714600,May 15 2015 - 6:30pm,complete,5839,Châteauroux,Le Havre,N/A,37,1.17,1.00,1.16,1.00,0,0,0,0,0,0,"","",7,5,3,0,0,0,0,3,0,0,6,8,0,3,6,5,12,8,45,55,0.00,0.00,0.00,0.00,2.42,50,61,42,25,14,25,73,39,70,8.32,3.22,3.71,3.30,2.18,0.00,0.00,0.00,0.00,0.00,0.00,Stade Gaston Petit
1431714600,May 15 2015 - 6:30pm,complete,19527,Nancy,Angers SCO,N/A,37,1.83,1.22,1.79,1.21,0,0,0,0,0,0,"","",6,0,0,0,0,0,0,0,0,0,9,5,5,3,4,2,12,13,61,39,0.00,0.00,0.00,0.00,2.45,62,72,45,20,12,17,64,50,81,10.80,3.00,1.79,3.54,5.30,0.00,0.00,0.00,0.00,0.00,0.00,Stade Marcel-Picot (Tomblaine)
1431714600,May 15 2015 - 6:30pm,complete,4327,Nîmes,Ajaccio,N/A,37,1.50,0.78,1.47,0.79,1,1,2,1,0,1,"75","42",7,5,2,0,2,0,0,2,2,0,12,8,5,4,7,4,10,13,55,45,0.00,0.00,0.00,0.00,2.23,47,67,33,20,14,36,67,34,59,7.50,4.78,4.15,3.36,2.03,0.00,0.00,0.00,0.00,0.00,0.00,Stade des Costières
1431714600,May 15 2015 - 6:30pm,complete,16301,Sochaux,Valenciennes,N/A,37,1.44,0.94,1.42,0.95,1,1,2,1,0,1,"63","28",1,9,0,1,5,0,1,0,1,4,9,9,2,5,7,4,6,21,39,61,0.00,0.00,0.00,0.00,1.86,36,59,34,9,3,23,62,31,67,9.47,4.50,2.39,3.22,3.32,0.00,0.00,0.00,0.00,0.00,0.00,Stade Auguste-Bonal
1431714600,May 15 2015 - 6:30pm,complete,7389,Tours,Dijon,N/A,37,1.39,1.28,1.37,1.26,0,0,0,0,0,0,"","",3,7,3,0,3,1,1,2,2,2,8,12,5,4,3,8,7,14,50,50,0.00,0.00,0.00,0.00,2.42,45,64,33,20,14,25,59,39,83,8.76,4.61,2.82,3.32,2.67,0.00,0.00,0.00,0.00,0.00,0.00,Stade de la Vallée du Cher
1432319400,May 22 2015 - 6:30pm,complete,4492,Ajaccio,Arles-Avignon,N/A,38,1.28,0.44,1.37,0.42,2,1,3,1,1,0,"13,52","65",4,4,3,1,1,0,1,3,0,1,7,8,2,6,5,2,15,11,50,50,0.00,0.00,0.00,0.00,2.22,47,70,39,17,3,33,70,31,67,9.69,5.17,1.64,3.87,6.20,0.00,0.00,0.00,0.00,0.00,0.00,Stade François Coty
1432319400,May 22 2015 - 6:30pm,complete,16868,Angers SCO,Nîmes,N/A,38,2.11,1.00,2.16,0.95,3,0,3,1,1,0,"40,48,60","",5,3,0,0,0,0,0,0,0,0,10,10,6,2,4,8,4,4,57,43,0.00,0.00,0.00,0.00,2.28,33,70,39,17,6,23,59,39,72,8.47,4.22,1.32,5.20,9.99,0.00,0.00,0.00,0.00,0.00,0.00,Stade Raymond Kopa (Angers)
1432319400,May 22 2015 - 6:30pm,complete,5100,Clermont,Brest,N/A,38,1.61,0.94,1.68,0.89,1,0,1,1,1,0,"34","",7,2,2,0,1,0,0,2,0,1,13,13,8,7,5,6,18,14,38,62,0.00,0.00,0.00,0.00,2.11,47,56,33,17,9,31,59,28,56,8.47,3.73,2.74,3.17,2.86,0.00,0.00,0.00,0.00,0.00,0.00,Stade Gabriel Montpied (Clermont-Ferrand)
1432319400,May 22 2015 - 6:30pm,complete,2423,Créteil,Tours,N/A,38,1.61,0.83,1.53,0.95,1,4,5,2,1,1,"15","21,66,75,83",7,3,3,1,1,0,1,3,0,1,12,5,4,2,8,3,16,13,51,49,0.00,0.00,0.00,0.00,2.39,56,75,45,17,9,25,64,45,78,7.97,3.72,2.19,3.41,3.55,0.00,0.00,0.00,0.00,0.00,0.00,Stade Dominique Duvauchelle
1432319400,May 22 2015 - 6:30pm,complete,12036,Dijon,Nancy,N/A,38,1.89,1.33,1.95,1.26,3,1,4,3,2,1,"4,12,80","42",8,6,0,0,2,0,0,0,0,2,14,14,6,10,8,4,18,15,52,48,0.00,0.00,0.00,0.00,2.22,45,59,25,14,9,33,64,28,67,10.15,3.88,2.87,3.22,2.69,0.00,0.00,0.00,0.00,0.00,0.00,Stade Gaston-Gérard
1432319400,May 22 2015 - 6:30pm,complete,9364,Le Havre,Auxerre,N/A,38,1.83,1.50,1.89,1.42,2,1,3,1,1,0,"3,49","62",3,8,0,0,0,0,0,0,0,0,11,9,4,3,7,6,14,11,51,49,0.00,0.00,0.00,0.00,2.25,64,70,34,20,9,31,59,56,67,9.97,3.43,2.21,3.39,3.53,0.00,0.00,0.00,0.00,0.00,0.00,Stade Océane
1432319400,May 22 2015 - 6:30pm,complete,5554,Niort,Laval,N/A,38,1.61,1.00,1.53,1.11,0,3,3,3,0,3,"","6,16,18",7,3,2,0,1,0,1,1,1,0,15,9,8,3,7,6,13,18,61,39,0.00,0.00,0.00,0.00,1.84,50,59,22,14,9,9,53,31,70,8.44,3.61,1.90,3.55,4.48,0.00,0.00,0.00,0.00,0.00,0.00,Stade René Gaillard (Niort)
1432319400,May 22 2015 - 6:30pm,complete,5950,Orléans,Sochaux,N/A,38,1.11,1.39,1.21,1.32,1,0,1,1,1,0,"22","",5,2,2,0,2,0,1,1,1,1,12,3,7,3,5,0,22,9,49,51,0.00,0.00,0.00,0.00,1.98,50,59,31,14,6,22,53,25,62,9.53,4.00,1.88,3.51,4.69,0.00,0.00,0.00,0.00,0.00,0.00,Stade de la Source
1432319400,May 22 2015 - 6:30pm,complete,20136,Troyes,Châteauroux,N/A,38,2.39,0.56,2.42,0.53,4,1,5,2,1,1,"17,73,82,84","11",3,5,0,0,2,0,0,0,2,0,11,14,6,6,5,8,10,12,57,43,0.00,0.00,0.00,0.00,2.17,28,59,34,17,9,17,67,34,73,9.23,3.55,1.36,5.04,9.99,0.00,0.00,0.00,0.00,0.00,0.00,Stade de l'Aube
1432319400,May 22 2015 - 6:30pm,complete,19308,Valenciennes,Gazélec Ajaccio,N/A,38,1.17,1.22,1.26,1.16,2,1,3,1,0,1,"48,57","30",5,3,2,0,1,0,0,2,0,1,15,11,9,2,6,9,13,7,53,47,0.00,0.00,0.00,0.00,2.39,53,81,42,14,3,28,67,39,72,9.26,3.72,2.46,3.26,3.15,0.00,0.00,0.00,0.00,0.00,0.00,Stade du Hainaut
