timestamp,date_GMT,status,attendance,home_team_name,away_team_name,referee,Game Week,Pre-Match PPG (Home),Pre-Match PPG (Away),home_ppg,away_ppg,home_team_goal_count,away_team_goal_count,total_goal_count,total_goals_at_half_time,home_team_goal_count_half_time,away_team_goal_count_half_time,home_team_goal_timings,away_team_goal_timings,home_team_corner_count,away_team_corner_count,home_team_yellow_cards,home_team_red_cards,away_team_yellow_cards,away_team_red_cards,home_team_first_half_cards,home_team_second_half_cards,away_team_first_half_cards,away_team_second_half_cards,home_team_shots,away_team_shots,home_team_shots_on_target,away_team_shots_on_target,home_team_shots_off_target,away_team_shots_off_target,home_team_fouls,away_team_fouls,home_team_possession,away_team_possession,Home Team Pre-Match xG,Away Team Pre-Match xG,team_a_xg,team_b_xg,average_goals_per_match_pre_match,btts_percentage_pre_match,over_15_percentage_pre_match,over_25_percentage_pre_match,over_35_percentage_pre_match,over_45_percentage_pre_match,over_15_HT_FHG_percentage_pre_match,over_05_HT_FHG_percentage_pre_match,over_15_2HG_percentage_pre_match,over_05_2HG_percentage_pre_match,average_corners_per_match_pre_match,average_cards_per_match_pre_match,odds_ft_home_team_win,odds_ft_draw,odds_ft_away_team_win,odds_ft_over15,odds_ft_over25,odds_ft_over35,odds_ft_over45,odds_btts_yes,odds_btts_no,stadium_name
1566586800,Aug 23 2019 - 7:00pm,complete,8521,Pisa,Benevento,Francesco Fourneau,1,0.00,0.00,1.84,2.11,0,0,0,0,0,0,"","",7,1,4,0,1,0,2,2,1,0,10,10,2,3,8,7,15,19,44,56,0.00,0.00,1.41,1.30,0.00,0,0,0,0,0,0,0,0,0,0.00,0.00,3.75,3.15,2.10,1.33,2.05,3.65,7.00,1.80,1.91,Arena Garibaldi - Stadio Romeo Anconetani (Pisa)
1566662400,Aug 24 2019 - 4:00pm,complete,N/A,Crotone,Cosenza,Livio Marinelli,1,0.00,0.00,2.16,1.21,0,0,0,0,0,0,"","",6,4,1,0,2,1,1,0,0,3,13,7,4,5,9,2,13,18,66,34,0.00,0.00,1.56,1.03,0.00,0,0,0,0,0,0,0,0,0,0.00,0.00,2.00,3.15,4.00,1.38,2.20,4.10,8.00,1.91,1.80,Stadio Ezio Scida (Crotone)
1566662400,Aug 24 2019 - 4:00pm,complete,N/A,Salernitana,Pescara,Antonio Rapuano,1,0.00,0.00,1.89,0.80,3,1,4,1,1,0,"36,78,82","54",4,5,2,0,2,0,0,2,2,0,17,6,11,3,6,3,19,14,46,54,0.00,0.00,2.07,0.89,0.00,0,0,0,0,0,0,0,0,0,0.00,0.00,2.40,3.10,3.05,1.35,2.10,3.80,7.25,1.83,1.91,Stadio Arechi (Salerno)
1566673200,Aug 24 2019 - 7:00pm,complete,N/A,Ascoli,Trapani,Alessandro Prontera,1,0.00,0.00,1.68,0.84,3,1,4,1,1,0,"17,83,90","64",3,4,0,1,4,1,0,1,2,3,9,10,7,4,2,6,14,22,49,51,0.00,0.00,1.24,1.28,0.00,0,0,0,0,0,0,0,0,0,0.00,0.00,1.91,3.25,4.25,1.38,2.20,4.10,8.00,1.95,1.77,Stadio Cino e Lillo Del Duca (Ascoli Piceno)
1566673200,Aug 24 2019 - 7:00pm,complete,N/A,Cittadella,Spezia,Juan Luca Sacchi,1,0.00,0.00,1.25,1.43,0,3,3,0,0,0,"","48,51,62",5,3,2,0,1,0,1,1,0,1,7,8,3,4,4,4,14,21,43,57,0.00,0.00,1.09,0.99,0.00,0,0,0,0,0,0,0,0,0,0.00,0.00,2.40,3.05,3.10,1.35,2.10,3.80,7.25,1.80,1.91,Stadio Pier Cesare Tombolato (Cittadella)
1566673200,Aug 24 2019 - 7:00pm,complete,N/A,Venezia,Cremonese,Federico Dionisi,1,0.00,0.00,1.11,1.16,1,2,3,0,0,0,"74","68,85",6,5,2,0,3,0,1,1,2,1,11,13,4,6,7,7,9,18,65,35,0.00,0.00,1.27,1.45,0.00,0,0,0,0,0,0,0,0,0,0.00,0.00,2.95,3.00,2.55,1.44,2.35,4.50,9.00,2.00,1.74,Stadio Pierluigi Penzo (Venezia)
1566673200,Aug 24 2019 - 7:00pm,complete,N/A,Virtus Entella,Livorno,Daniel Amabile,1,0.00,0.00,1.58,0.53,1,0,1,1,1,0,"28","",4,4,1,0,3,0,0,1,2,1,7,5,4,2,3,3,18,20,48,52,0.00,0.00,1.00,0.85,0.00,0,0,0,0,0,0,0,0,0,0.00,0.00,2.15,3.00,3.70,1.40,2.25,4.25,8.25,1.95,1.80,Stadio Comunale Chiavari (Chiavari)
1566748800,Aug 25 2019 - 4:00pm,complete,N/A,Empoli,Juve Stabia,Luca Massimi,1,0.00,0.00,1.53,0.58,2,1,3,1,1,0,"2,80","74",1,0,1,0,1,0,0,1,0,1,12,6,6,4,6,2,14,12,55,45,0.00,0.00,1.70,1.16,0.00,0,0,0,0,0,0,0,0,0,0.00,0.00,1.56,3.70,6.55,1.28,1.91,3.25,6.25,1.91,1.83,Stadio Carlo Castellani (Empoli)
1566759600,Aug 25 2019 - 7:00pm,complete,N/A,Perugia,Chievo,Ivano Pezzuto,1,0.00,0.00,1.45,1.10,2,1,3,2,1,1,"45,70","3",4,8,3,0,2,0,1,2,1,1,14,11,5,4,9,7,16,12,50,50,0.00,0.00,1.69,1.57,0.00,0,0,0,0,0,0,0,0,0,0.00,0.00,2.30,3.05,3.30,1.38,2.15,4.00,7.75,1.87,1.87,Stadio Renato Curi (Perugia)
1566846000,Aug 26 2019 - 7:00pm,complete,3470,Pordenone,Frosinone,Simone Sozza,1,0.00,0.00,1.90,1.27,3,0,3,1,1,0,"42,53,64","",3,4,1,0,3,0,0,1,1,2,13,12,6,6,7,6,15,23,34,66,0.00,0.00,1.42,1.58,0.00,0,0,0,0,0,0,0,0,0,0.00,0.00,3.50,3.05,2.15,1.32,2.00,3.65,7.00,1.80,1.91,Dacia Arena (Udine)
1567191600,Aug 30 2019 - 7:00pm,complete,0,Chievo,Empoli,Davide Ghersini,2,0.00,0.00,1.81,1.30,1,1,2,2,1,1,"41","32",4,3,2,0,3,0,1,1,0,3,-1,-1,-1,-1,-1,-1,12,15,53,47,0.00,0.00,0.00,0.00,0.00,0,0,0,0,0,0,0,0,0,0.00,0.00,2.80,3.00,2.65,1.34,2.05,3.75,7.25,1.80,1.95,Stadio Marc'Antonio Bentegodi (Verona)
1567267200,Aug 31 2019 - 4:00pm,complete,9284,Benevento,Cittadella,Gianluca Aureliano,2,0.00,0.00,2.42,1.74,4,1,5,1,1,0,"28,51,58,83","80",7,4,1,0,1,0,0,1,1,0,19,10,9,8,10,2,16,17,46,54,0.00,0.00,2.44,1.74,0.00,0,0,0,0,0,0,0,0,0,0.00,0.00,1.80,3.25,4.90,1.35,2.10,3.80,7.25,1.91,1.80,Stadio Ciro Vigorito (Benevento)
1567267200,Aug 31 2019 - 4:00pm,complete,0,Spezia,Crotone,Manuel Volpi,2,0.00,0.00,1.76,1.42,1,2,3,3,1,2,"44","24,29",6,2,0,0,3,0,0,0,0,3,15,9,8,6,7,3,9,17,56,44,0.00,0.00,1.98,1.35,0.00,0,0,0,0,0,0,0,0,0,0.00,0.00,2.00,3.20,3.95,1.36,2.10,3.85,7.50,1.87,1.87,Stadio Alberto Picco (La Spezia)
1567278000,Aug 31 2019 - 7:00pm,complete,0,Cosenza,Salernitana,Daniele Minelli,2,0.00,0.00,1.21,0.84,0,1,1,0,0,0,"","47",3,1,3,0,4,0,2,1,3,1,10,8,3,4,7,4,20,16,47,53,0.00,0.00,1.19,1.09,0.00,0,0,0,0,0,0,0,0,0,0.00,0.00,2.35,2.95,3.35,1.40,2.20,4.15,8.25,1.87,1.87,Stadio San Vito-Luigi Marulla (Cosenza)
1567278000,Aug 31 2019 - 7:00pm,complete,6744,Cremonese,Virtus Entella,Niccolò Baroni,2,0.00,0.00,1.42,0.95,0,1,1,1,0,1,"","23",6,6,1,0,2,0,1,0,0,2,19,15,6,6,13,9,10,10,60,40,0.00,0.00,2.29,1.82,0.00,0,0,0,0,0,0,0,0,0,0.00,0.00,1.83,3.15,4.95,1.37,2.15,3.95,7.75,1.91,1.83,Stadio Giovanni Zini (Cremona)
1567278000,Aug 31 2019 - 7:00pm,complete,4922,Livorno,Perugia,Valerio Marini,2,0.00,0.00,0.58,0.95,0,1,1,0,0,0,"","66",12,2,1,0,3,1,1,0,0,4,13,6,3,2,10,4,17,14,48,52,0.00,0.00,1.71,0.93,0.00,0,0,0,0,0,0,0,0,0,0.00,0.00,2.70,2.95,2.85,1.45,2.40,4.60,9.25,2.00,1.74,Stadio Armando Picchi (Livorno)
1567278000,Aug 31 2019 - 7:00pm,complete,4851,Trapani,Venezia,Giacomo Camplone,2,0.00,0.00,1.58,1.53,0,1,1,1,0,1,"","24",6,7,2,0,1,0,0,2,0,1,12,11,5,4,7,7,19,16,48,52,0.00,0.00,1.51,1.31,0.00,0,0,0,0,0,0,0,0,0,0.00,0.00,2.20,3.05,3.55,1.40,2.25,4.25,8.25,1.95,1.80,Stadio Polisportivo Provinciale (Trapani)
1567353600,Sep 01 2019 - 4:00pm,complete,0,Juve Stabia,Pisa,Marco Serra,2,0.00,0.00,1.58,1.00,0,2,2,1,0,1,"","32,70",8,2,4,0,1,1,1,3,1,1,15,8,3,4,12,4,22,14,56,44,0.00,0.00,1.87,1.18,0.00,0,0,0,0,0,0,0,0,0,0.00,0.00,2.15,2.95,3.85,1.47,2.40,4.70,9.50,2.05,1.71,Stadio Comunale Romeo Menti (Castellammare di Stabia)
1567353600,Sep 01 2019 - 4:00pm,complete,0,Pescara,Pordenone,Giovanni Ayroldi,2,0.00,0.00,1.60,1.15,4,2,6,3,1,2,"3,50,71,90'4","11,45'2",5,3,3,0,2,0,1,2,0,2,19,14,6,4,13,10,16,20,57,43,0.00,0.00,2.07,1.46,0.00,0,0,0,0,0,0,0,0,0,0.00,0.00,2.05,3.10,3.90,1.33,2.05,3.70,7.00,1.80,1.95,Stadio Adriatico-Giovanni Cornacchia (Pescara)
1567364400,Sep 01 2019 - 7:00pm,complete,0,Frosinone,Ascoli,Antonio Di Martino,2,0.00,0.00,1.67,0.74,2,1,3,1,0,1,"81,90'1","27",7,2,4,1,4,0,1,4,2,2,17,9,7,6,10,3,19,29,63,37,0.00,0.00,2.22,1.23,0.00,0,0,0,0,0,0,0,0,0,0.00,0.00,1.77,3.30,5.10,1.29,1.95,3.35,6.45,1.80,1.95,Stadio Benito Stirpe (Frosinone)
1568401200,Sep 13 2019 - 7:00pm,complete,3175,Pordenone,Spezia,Ivan Robilotta,3,3.00,3.00,1.90,1.43,1,0,1,0,0,0,"49","",5,4,1,0,3,0,1,0,2,1,12,12,4,2,8,10,18,23,35,65,1.42,0.99,1.44,1.34,3.00,0,100,100,0,0,0,50,100,100,6.00,2.00,2.60,3.10,2.80,1.36,2.10,3.75,9.00,1.91,1.91,Dacia Arena (Udine)
1568466000,Sep 14 2019 - 1:00pm,complete,6782,Ascoli,Livorno,Antonio Rapuano,3,3.00,0.00,1.68,0.53,2,0,2,1,1,0,"43,90'6","",4,3,4,0,3,0,2,2,1,2,10,10,6,4,4,6,16,19,59,41,1.24,0.85,1.32,1.22,2.50,50,50,50,50,0,0,100,50,50,7.00,5.00,2.15,3.10,3.65,1.42,2.25,4.30,8.50,1.95,1.77,Stadio Cino e Lillo Del Duca (Ascoli Piceno)
1568466000,Sep 14 2019 - 1:00pm,complete,3797,Cittadella,Trapani,Francesco Fourneau,3,0.00,0.00,1.25,0.84,2,0,2,0,0,0,"46,68","",7,4,3,0,3,0,1,2,1,2,4,6,4,2,0,4,24,16,41,59,1.09,1.28,0.00,0.00,3.50,50,100,100,50,0,0,50,100,100,9.00,8.00,1.80,3.30,4.95,1.33,2.00,3.60,7.00,1.87,1.87,Stadio Pier Cesare Tombolato (Cittadella)
1568466000,Sep 14 2019 - 1:00pm,complete,8522,Perugia,Juve Stabia,Alessandro Prontera,3,3.00,0.00,1.45,0.58,0,0,0,0,0,0,"","",6,7,0,0,3,1,0,0,0,4,13,11,5,5,8,6,13,25,66,34,1.69,1.16,1.50,1.40,3.00,100,100,100,0,0,50,100,50,100,4.00,4.00,1.62,3.60,5.75,1.32,2.00,3.55,6.90,1.95,1.77,Stadio Renato Curi (Perugia)
1568466000,Sep 14 2019 - 1:00pm,complete,1830,Virtus Entella,Frosinone,Lorenzo Maggioni,3,3.00,0.00,1.58,1.27,1,0,1,0,0,0,"90'4","",4,5,3,0,3,0,2,1,1,2,9,16,6,6,3,10,17,14,39,61,1.00,1.58,1.24,1.75,2.00,0,50,50,0,0,0,100,50,50,8.00,4.00,3.15,3.00,2.40,1.33,2.05,3.70,7.00,1.77,1.95,Stadio Comunale Chiavari (Chiavari)
1568476800,Sep 14 2019 - 4:00pm,complete,4205,Venezia,Chievo,Riccardo Ros,3,0.00,0.00,1.11,1.10,0,2,2,1,0,1,"","44,64",2,3,2,1,3,0,1,2,1,2,5,8,2,4,3,4,14,17,39,61,1.27,1.57,0.82,1.20,3.00,100,100,100,0,0,50,50,50,100,14.00,4.00,2.70,3.00,2.75,1.40,2.25,4.00,10.00,1.95,1.80,Stadio Pierluigi Penzo (Venezia)
1568552400,Sep 15 2019 - 1:00pm,complete,7975,Cosenza,Pescara,Lorenzo Illuzzi,3,0.00,0.00,1.21,0.80,1,2,3,1,0,1,"70","30,88",7,1,1,0,2,0,0,1,1,1,17,8,6,3,11,5,16,13,55,45,1.19,0.89,1.96,0.85,2.50,50,50,50,50,0,0,50,50,100,8.00,5.00,2.40,3.00,3.20,1.40,2.20,4.15,8.25,1.87,1.83,Stadio San Vito-Luigi Marulla (Cosenza)
1568552400,Sep 15 2019 - 1:00pm,complete,6203,Crotone,Empoli,Ivano Pezzuto,3,1.00,1.00,2.16,1.30,0,0,0,0,0,0,"","",14,2,1,0,1,0,0,1,0,1,21,12,7,2,14,10,10,16,62,38,1.56,0.00,2.25,1.07,1.00,50,50,0,0,0,50,50,0,0,9.00,4.00,2.65,2.95,2.90,1.33,2.05,3.70,7.00,1.77,1.95,Stadio Ezio Scida (Crotone)
1568574000,Sep 15 2019 - 7:00pm,complete,8330,Pisa,Cremonese,Simone Sozza,3,1.00,3.00,1.84,1.16,4,1,5,1,1,0,"32,51,57,84","64",4,6,2,0,3,0,1,1,1,2,9,6,9,6,0,0,8,15,38,62,1.41,1.45,0.00,0.00,1.50,50,50,50,0,0,0,0,50,50,12.00,7.00,2.80,2.95,2.70,1.47,2.40,4.70,9.50,2.00,1.74,Arena Garibaldi - Stadio Romeo Anconetani (Pisa)
1568660400,Sep 16 2019 - 7:00pm,complete,18003,Salernitana,Benevento,Eugenio Abbattista,3,3.00,1.00,1.89,2.11,0,2,2,0,0,0,"","61,65",4,7,3,0,1,0,2,1,0,1,9,12,2,3,7,9,18,14,50,50,2.07,1.30,0.94,1.30,2.00,50,50,50,50,0,0,50,50,50,5.00,3.00,2.85,2.95,2.65,1.36,2.15,3.90,7.50,1.83,1.91,Stadio Arechi (Salerno)
1569006000,Sep 20 2019 - 7:00pm,complete,10589,Frosinone,Venezia,Giovanni Ayroldi,4,3.00,3.00,1.67,1.53,1,1,2,0,0,0,"65","54",4,5,2,0,4,0,1,1,1,3,13,6,6,5,7,1,16,23,47,53,2.22,1.31,1.71,1.15,2.00,50,50,50,0,0,0,100,50,50,14.00,6.00,1.65,3.50,6.00,1.36,2.10,3.85,7.50,2.00,1.74,Stadio Benito Stirpe (Frosinone)
1569070800,Sep 21 2019 - 1:00pm,complete,9824,Benevento,Cosenza,Federico Dionisi,4,3.00,1.00,2.42,1.21,1,0,1,0,0,0,"90'3","",6,3,1,0,5,0,0,1,1,4,16,11,4,6,12,5,13,17,51,49,2.44,1.03,1.91,1.66,2.50,50,50,50,50,50,0,50,50,50,11.00,4.00,1.59,3.60,6.25,1.34,2.05,3.75,7.25,2.00,1.74,Stadio Ciro Vigorito (Benevento)
1569070800,Sep 21 2019 - 1:00pm,complete,6528,Cremonese,Crotone,Juan Luca Sacchi,4,0.00,3.00,1.42,1.42,2,1,3,3,2,1,"22,43","28",6,2,2,0,2,0,1,1,1,1,16,19,7,6,9,13,14,17,36,64,2.29,1.35,1.96,2.06,2.00,50,50,50,0,0,50,100,0,0,8.00,4.00,2.20,3.10,3.50,1.40,2.20,4.15,8.25,1.91,1.83,Stadio Giovanni Zini (Cremona)
1569070800,Sep 21 2019 - 1:00pm,complete,5133,Empoli,Cittadella,Giacomo Camplone,4,3.00,0.00,1.53,1.74,1,0,1,1,1,0,"4","",3,4,1,0,4,0,0,1,2,2,9,14,4,3,5,11,15,23,49,51,1.70,1.74,1.23,1.66,4.00,100,100,100,50,50,0,100,100,100,5.00,2.00,1.71,3.40,5.30,1.31,1.95,3.45,6.70,1.87,1.87,Stadio Carlo Castellani (Empoli)
1569070800,Sep 21 2019 - 1:00pm,complete,3500,Juve Stabia,Ascoli,Livio Marinelli,4,0.00,0.00,1.58,0.74,1,5,6,0,0,0,"61","46,55,79,82,89",4,3,4,1,3,0,3,2,2,1,22,18,10,11,12,7,18,11,33,67,1.87,1.23,2.52,2.29,2.50,50,100,50,0,0,0,100,50,100,10.00,8.00,2.30,3.05,3.30,1.38,2.15,4.00,7.75,1.87,1.87,Stadio Comunale Romeo Menti (Castellammare di Stabia)
1569070800,Sep 21 2019 - 1:00pm,complete,4701,Livorno,Pordenone,Antonio Di Martino,4,0.00,0.00,0.58,1.15,2,1,3,1,1,0,"21,68","55",4,6,1,0,3,0,0,1,2,1,11,10,5,6,6,4,16,23,52,48,1.71,1.46,1.62,1.68,3.50,50,50,50,50,50,50,50,50,100,15.00,3.00,2.10,3.05,3.80,1.43,2.35,4.45,8.75,2.00,1.74,Stadio Armando Picchi (Livorno)
1569070800,Sep 21 2019 - 1:00pm,complete,6113,Pescara,Virtus Entella,Valerio Marini,4,3.00,3.00,1.60,0.95,1,1,2,1,0,1,"73","32",3,1,2,1,3,0,0,3,1,2,10,5,5,5,5,0,13,13,62,38,2.07,1.82,1.52,0.97,3.50,50,50,50,50,50,50,100,50,50,11.00,5.00,2.45,3.15,2.90,1.34,2.05,3.75,7.25,1.83,1.91,Stadio Adriatico-Giovanni Cornacchia (Pescara)
1569070800,Sep 21 2019 - 1:00pm,complete,5176,Spezia,Perugia,Davide Ghersini,4,0.00,3.00,1.76,0.95,2,2,4,3,2,1,"22,30","6,90",4,7,1,0,4,0,0,1,4,0,10,11,6,6,4,5,20,15,45,55,1.98,0.93,1.44,1.53,2.00,50,50,50,0,0,50,50,0,50,8.00,4.00,2.40,3.00,3.20,1.36,2.10,3.90,7.50,1.83,1.91,Stadio Alberto Picco (La Spezia)
1569081600,Sep 21 2019 - 4:00pm,complete,3700,Chievo,Pisa,Daniel Amabile,4,1.00,3.00,1.81,1.00,2,2,4,1,0,1,"69,78","18,56",4,1,1,0,2,0,1,0,1,1,14,13,7,5,7,8,13,12,63,37,0.00,1.18,2.01,1.44,2.00,50,100,0,0,0,50,100,0,50,6.00,4.00,2.05,3.10,3.90,1.39,2.20,4.15,8.25,1.91,1.80,Stadio Marc'Antonio Bentegodi (Verona)
1569178800,Sep 22 2019 - 7:00pm,complete,4337,Trapani,Salernitana,Luca Massimi,4,0.00,3.00,1.58,0.84,0,1,1,0,0,0,"","72",4,2,5,0,2,0,2,3,1,1,14,5,6,4,8,1,22,19,63,37,1.51,1.09,1.84,0.77,1.00,0,0,0,0,0,0,50,0,50,7.00,6.00,2.65,2.95,2.85,1.38,2.20,4.10,8.00,1.87,1.87,Stadio Polisportivo Provinciale (Trapani)
1569351600,Sep 24 2019 - 7:00pm,complete,6897,Ascoli,Spezia,Daniele Minelli,5,3.00,1.50,1.68,1.43,3,0,3,2,2,0,"4,45'1,60","",2,7,3,0,3,1,2,1,2,2,10,19,7,0,3,19,12,17,50,50,1.28,1.17,1.37,1.51,2.50,25,75,50,25,0,0,50,50,100,7.00,5.00,2.35,3.10,3.15,1.33,2.05,3.65,7.00,1.80,1.95,Stadio Cino e Lillo Del Duca (Ascoli Piceno)
1569351600,Sep 24 2019 - 7:00pm,complete,3746,Cittadella,Pescara,Lorenzo Maggioni,5,1.50,1.50,1.25,0.80,2,1,3,1,1,0,"2,73","48",3,4,5,0,2,0,3,2,1,1,17,14,7,3,10,11,15,10,40,60,1.09,0.87,1.89,1.40,3.00,50,100,75,25,0,0,50,100,100,9.00,4.50,1.91,3.40,3.95,1.27,1.87,3.20,6.00,1.71,2.00,Stadio Pier Cesare Tombolato (Cittadella)
1569351600,Sep 24 2019 - 7:00pm,complete,8019,Cosenza,Livorno,Riccardo Ros,5,0.00,0.00,1.21,0.53,1,1,2,0,0,0,"90'4","52",6,2,2,0,1,0,1,1,0,1,9,15,3,5,6,10,19,20,56,44,1.58,1.03,1.24,1.63,1.75,25,50,25,0,0,0,75,25,75,8.50,5.00,2.40,2.85,3.35,1.53,2.65,5.25,10.75,2.15,1.65,Stadio San Vito-Luigi Marulla (Cosenza)
1569351600,Sep 24 2019 - 7:00pm,complete,5917,Crotone,Juve Stabia,Niccolò Baroni,5,1.00,0.50,2.16,0.58,2,0,2,0,0,0,"90'1,90'4","",15,0,3,0,3,0,0,3,1,2,36,6,9,0,27,6,13,14,70,30,1.91,1.28,3.57,0.51,0.75,25,25,25,0,0,0,25,25,25,13.50,3.50,1.69,3.55,5.40,1.35,2.10,3.80,7.25,2.00,1.74,Stadio Ezio Scida (Crotone)
1569351600,Sep 24 2019 - 7:00pm,complete,8641,Perugia,Frosinone,Eugenio Abbattista,5,2.00,0.00,1.45,1.27,3,1,4,3,2,1,"22,34,88","2",7,5,1,0,3,0,1,0,2,1,17,7,6,4,11,3,19,16,43,57,1.59,1.66,1.78,1.01,1.75,25,50,50,0,0,25,50,25,75,9.50,4.50,2.60,2.95,2.95,1.45,2.40,4.60,9.25,2.00,1.74,Stadio Renato Curi (Perugia)
1569351600,Sep 24 2019 - 7:00pm,complete,9133,Pisa,Empoli,Gianluca Aureliano,5,2.00,1.00,1.84,1.30,2,3,5,2,1,1,"45'1,90'3","40,89,90'5",7,3,3,0,4,0,0,3,2,2,11,15,6,6,5,9,12,16,34,66,1.41,1.07,1.49,1.74,1.75,50,50,25,25,25,25,50,25,25,8.00,5.00,2.65,3.05,2.80,1.36,2.15,3.90,7.50,1.83,1.91,Arena Garibaldi - Stadio Romeo Anconetani (Pisa)
1569351600,Sep 24 2019 - 7:00pm,complete,2847,Pordenone,Benevento,Marco Serra,5,3.00,2.00,1.90,2.11,1,1,2,2,1,1,"40","12",5,3,4,0,2,0,2,2,1,1,14,13,4,6,10,7,20,21,45,55,1.43,1.30,1.40,1.57,1.50,0,50,25,0,0,0,25,50,75,8.00,2.00,3.20,3.05,2.35,1.35,2.10,3.80,7.25,1.80,1.91,Dacia Arena (Udine)
1569351600,Sep 24 2019 - 7:00pm,complete,1783,Virtus Entella,Venezia,Ivan Robilotta,5,3.00,2.00,1.58,1.53,0,2,2,1,0,1,"","3,61",2,5,2,0,2,1,1,1,1,2,16,11,0,9,16,2,15,20,56,44,1.12,1.23,1.50,1.57,1.25,25,25,0,0,0,0,50,25,50,10.00,4.50,2.00,3.15,4.00,1.34,2.05,3.75,7.25,1.83,1.91,Stadio Comunale Chiavari (Chiavari)
1569430800,Sep 25 2019 - 5:00pm,complete,4014,Trapani,Cremonese,Lorenzo Illuzzi,5,0.00,1.50,1.58,1.16,0,0,0,0,0,0,"","",9,2,0,0,3,0,0,0,1,2,21,5,8,4,13,1,10,15,57,43,1.68,1.45,2.32,0.81,2.50,50,50,50,25,25,0,50,50,75,10.50,6.50,3.05,3.05,2.45,1.38,2.15,4.00,7.75,1.87,1.87,Stadio Polisportivo Provinciale (Trapani)
1569438000,Sep 25 2019 - 7:00pm,complete,7513,Salernitana,Chievo,Manuel Volpi,5,1.50,1.50,1.89,1.10,1,1,2,2,1,1,"36","29",6,2,5,1,4,1,3,3,1,4,12,10,4,5,8,5,22,18,62,38,1.51,1.38,1.38,1.11,2.75,50,100,50,25,0,25,75,50,100,9.50,5.00,2.60,3.00,2.85,1.38,2.15,4.00,7.75,1.87,1.87,Stadio Arechi (Salerno)
1569610800,Sep 27 2019 - 7:00pm,complete,5790,Pescara,Crotone,Alessandro Prontera,6,2.00,1.50,1.60,1.42,0,3,3,1,0,1,"","17,56,86",6,10,2,0,1,0,1,1,1,0,13,21,4,12,9,9,12,9,37,63,1.80,1.70,1.39,2.63,3.50,100,100,75,25,25,75,100,25,50,6.00,6.00,2.90,3.20,2.45,1.32,2.00,3.50,6.80,1.77,1.95,Stadio Adriatico-Giovanni Cornacchia (Pescara)
1569675600,Sep 28 2019 - 1:00pm,complete,10884,Frosinone,Cosenza,Antonio Rapuano,6,2.00,0.50,1.67,1.21,1,1,2,1,1,0,"24","50",10,3,3,1,3,0,0,4,2,1,19,14,7,6,12,8,12,13,66,34,1.97,1.34,2.03,1.53,1.50,50,50,25,0,0,0,25,50,75,9.00,7.50,1.77,3.45,4.80,1.37,2.15,3.95,7.75,2.00,1.74,Stadio Benito Stirpe (Frosinone)
1569675600,Sep 28 2019 - 1:00pm,complete,3000,Juve Stabia,Cittadella,Federico Dionisi,6,0.00,0.00,1.58,1.74,0,1,1,0,0,0,"","64",6,1,3,1,5,0,1,3,2,3,9,11,2,3,7,8,18,18,45,55,2.20,1.70,0.96,1.35,3.50,50,75,50,50,50,0,75,50,75,10.00,7.00,2.85,3.05,2.60,1.35,2.10,3.80,7.25,1.83,1.91,Stadio Comunale Romeo Menti (Castellammare di Stabia)
1569675600,Sep 28 2019 - 1:00pm,complete,3897,Venezia,Pisa,Antonio Di Martino,6,0.00,2.00,1.11,1.00,1,1,2,2,1,1,"39","32",8,4,4,0,3,1,1,3,3,1,17,15,6,5,11,10,14,16,61,39,1.04,1.31,1.92,1.52,2.75,50,100,50,25,0,0,75,50,100,5.50,5.00,2.45,2.95,3.15,1.44,2.35,4.55,9.00,1.95,1.77,Stadio Pierluigi Penzo (Venezia)
1569686400,Sep 28 2019 - 4:00pm,complete,6019,Empoli,Perugia,Francesco Fourneau,6,3.00,2.00,1.53,0.95,3,0,3,2,2,0,"10,13,86","",1,4,0,0,2,0,0,0,1,1,15,19,6,4,9,15,10,20,46,54,1.46,1.23,1.57,1.96,2.25,50,50,50,25,0,25,75,25,75,6.50,5.00,2.05,3.15,3.80,1.31,1.95,3.45,6.70,1.74,2.00,Stadio Carlo Castellani (Empoli)
1569762000,Sep 29 2019 - 1:00pm,complete,9675,Benevento,Virtus Entella,Simone Sozza,6,3.00,2.00,2.42,0.95,1,1,2,1,1,0,"20","82",3,5,4,0,3,0,1,3,1,2,23,10,5,4,18,6,13,19,48,52,2.17,1.39,2.27,1.19,2.25,50,50,25,25,25,0,75,25,75,10.00,3.50,1.62,3.60,5.90,1.30,1.95,3.40,6.55,1.91,1.83,Stadio Ciro Vigorito (Benevento)
1569762000,Sep 29 2019 - 1:00pm,complete,3500,Chievo,Pordenone,Luca Massimi,6,1.00,0.00,1.81,1.15,1,1,2,1,0,1,"54","10",9,4,3,0,3,2,3,0,1,4,29,9,9,3,20,6,14,15,74,26,2.01,1.57,3.26,0.87,3.75,100,100,75,50,25,50,100,75,75,8.50,4.00,2.05,3.20,3.70,1.34,2.05,3.75,7.25,1.83,1.87,Stadio Marc'Antonio Bentegodi (Verona)
1569762000,Sep 29 2019 - 1:00pm,complete,4900,Spezia,Trapani,Daniel Amabile,6,0.50,0.00,1.76,0.84,2,4,6,4,1,3,"39,74","19,34,41,60",8,2,0,0,1,0,0,0,0,1,14,9,5,9,9,0,13,15,65,35,1.71,1.28,1.71,1.37,3.25,75,100,75,50,0,50,75,50,75,9.00,5.00,1.77,3.35,5.05,1.34,2.05,3.75,7.25,1.91,1.83,Stadio Alberto Picco (La Spezia)
1569783600,Sep 29 2019 - 7:00pm,complete,5559,Livorno,Salernitana,Davide Ghersini,6,1.50,3.00,0.58,0.84,2,3,5,2,1,1,"19,57","45'1,59,90'1",8,3,2,0,3,0,1,1,1,2,23,10,8,6,15,4,18,14,51,49,1.67,0.93,2.40,1.32,1.50,25,25,25,0,0,0,25,25,100,9.50,4.00,2.15,3.10,3.65,1.43,2.30,4.40,8.75,2.00,1.74,Stadio Armando Picchi (Livorno)
1569870000,Sep 30 2019 - 7:00pm,complete,7029,Cremonese,Ascoli,Ivano Pezzuto,6,1.50,1.50,1.42,0.74,1,0,1,1,1,0,"20","",3,4,2,0,2,0,1,1,0,2,23,7,10,2,13,5,17,13,37,63,2.13,1.76,2.50,0.91,3.25,75,75,75,25,25,25,75,50,50,8.50,5.00,2.05,3.30,3.65,1.32,2.00,3.60,6.95,1.80,1.91,Stadio Giovanni Zini (Cremona)
1570215600,Oct 04 2019 - 7:00pm,complete,9036,Perugia,Pisa,Giovanni Ayroldi,7,2.33,1.67,1.45,1.00,1,0,1,1,1,0,"33","",5,7,2,0,0,0,0,2,0,0,11,10,4,4,7,6,16,9,49,51,1.65,1.38,1.16,1.17,2.50,67,84,50,33,0,50,84,17,67,8.00,4.00,1.83,3.30,4.65,1.36,2.15,3.90,7.50,1.95,1.80,Stadio Renato Curi (Perugia)
1570280400,Oct 05 2019 - 1:00pm,complete,5046,Cosenza,Venezia,Niccolò Baroni,7,0.33,2.33,1.21,1.53,1,1,2,1,1,0,"20","78",3,5,1,0,3,0,0,1,0,3,15,12,3,6,12,6,12,11,33,67,1.47,1.34,1.42,1.41,1.84,50,67,17,0,0,0,50,50,84,11.00,5.00,2.15,3.15,3.50,1.40,2.25,4.25,8.25,1.95,1.80,Stadio San Vito-Luigi Marulla (Cosenza)
1570280400,Oct 05 2019 - 1:00pm,complete,5902,Crotone,Virtus Entella,Giacomo Camplone,7,1.67,1.67,2.16,0.95,3,1,4,2,2,0,"27,38,63","79",8,3,2,0,2,0,1,1,0,2,21,13,9,4,12,9,21,15,64,36,2.46,1.33,2.27,1.28,1.17,34,50,0,0,0,0,50,17,50,15.67,4.34,1.67,3.55,5.50,1.38,2.15,4.00,7.75,2.05,1.69,Stadio Ezio Scida (Crotone)
1570280400,Oct 05 2019 - 1:00pm,complete,4945,Livorno,Chievo,Lorenzo Illuzzi,7,1.00,1.33,0.58,1.10,3,4,7,4,3,1,"5,25,30","6,54,59,89",5,2,2,1,5,1,2,1,1,5,15,15,6,7,9,8,18,13,51,49,1.91,1.29,1.65,1.70,2.67,67,84,50,17,17,50,84,34,84,12.33,4.66,2.55,2.95,3.00,1.42,2.25,4.30,8.50,1.91,1.80,Stadio Armando Picchi (Livorno)
1570280400,Oct 05 2019 - 1:00pm,complete,3280,Pordenone,Empoli,Lorenzo Maggioni,7,2.33,1.67,1.90,1.30,2,0,2,2,2,0,"15,40","",6,2,3,0,0,1,1,2,1,0,23,9,7,2,16,7,14,10,46,54,1.42,1.40,2.33,0.88,2.17,50,67,33,17,17,50,67,33,50,7.00,4.67,3.10,3.10,2.35,1.33,2.05,3.70,7.00,1.77,1.95,Dacia Arena (Udine)
1570280400,Oct 05 2019 - 1:00pm,complete,5176,Spezia,Benevento,Valerio Marini,7,0.33,1.67,1.76,2.11,0,1,1,0,0,0,"","87",4,7,3,0,1,1,1,2,1,1,10,6,3,2,7,4,22,17,50,50,1.71,1.39,1.05,0.93,2.83,67,84,50,34,17,67,67,33,50,9.67,1.66,3.05,3.20,2.35,1.32,2.00,3.55,6.90,1.77,1.95,Stadio Alberto Picco (La Spezia)
1570291200,Oct 05 2019 - 4:00pm,complete,4359,Trapani,Juve Stabia,Juan Luca Sacchi,7,0.33,0.33,1.58,0.58,1,2,3,1,1,0,"20","79,88",3,4,2,0,3,0,1,1,0,3,12,11,4,7,8,4,31,11,43,57,1.89,1.02,1.27,1.47,1.17,17,34,17,0,0,0,33,34,50,8.66,5.00,2.10,3.10,3.80,1.38,2.20,4.10,8.00,1.91,1.80,Stadio Polisportivo Provinciale (Trapani)
1570366800,Oct 06 2019 - 1:00pm,complete,7257,Cremonese,Cittadella,Marco Serra,7,2.00,1.00,1.42,1.74,0,2,2,1,0,1,"","2,81",3,10,3,1,3,0,3,1,1,2,4,15,3,7,1,8,9,15,42,58,2.25,1.58,0.64,1.66,2.00,33,33,33,17,17,17,84,17,34,8.00,5.00,2.15,3.20,3.50,1.31,1.95,3.45,6.70,1.77,2.00,Stadio Giovanni Zini (Cremona)
1570366800,Oct 06 2019 - 1:00pm,complete,9823,Salernitana,Frosinone,Riccardo Ros,7,1.33,0.00,1.89,1.27,1,1,2,1,1,0,"31","90'5",3,7,3,0,2,1,2,1,2,1,6,14,3,6,3,8,17,14,52,48,1.46,1.45,0.84,1.52,2.67,50,84,50,33,0,33,67,50,84,9.34,6.67,2.85,3.00,2.60,1.36,2.10,3.90,7.50,1.83,1.91,Stadio Arechi (Salerno)
1570388400,Oct 06 2019 - 7:00pm,complete,8510,Ascoli,Pescara,Gianluca Aureliano,7,3.00,1.00,1.68,0.80,0,2,2,0,0,0,"","87,90'4",4,4,1,0,3,0,1,0,2,1,6,8,3,4,3,4,20,16,54,46,1.31,1.05,0.76,0.93,3.17,67,100,84,33,0,17,100,67,100,6.33,5.00,2.00,3.30,3.75,1.29,1.91,3.30,6.35,1.74,2.00,Stadio Cino e Lillo Del Duca (Ascoli Piceno)
1571425200,Oct 18 2019 - 7:00pm,complete,4366,Cittadella,Cosenza,Ivan Robilotta,8,2.00,0.67,1.25,1.21,1,3,4,1,1,0,"2","57,63,71",5,5,4,0,2,0,0,4,1,1,11,13,5,7,6,6,25,16,45,55,1.49,1.41,1.33,1.67,1.84,33,67,34,0,0,0,33,50,84,8.33,7.00,1.83,3.30,4.65,1.31,1.95,3.45,6.70,1.83,1.91,Stadio Pier Cesare Tombolato (Cittadella)
1571490000,Oct 19 2019 - 1:00pm,complete,3100,Juve Stabia,Pordenone,Eugenio Abbattista,8,0.00,0.33,1.58,1.15,4,2,6,5,4,1,"8,16,20,28","13,85",5,6,2,0,3,0,0,2,0,3,11,18,8,7,3,11,17,16,44,56,1.78,1.34,1.49,2.10,3.34,67,84,50,33,33,17,67,50,100,10.33,7.66,2.30,3.05,3.30,1.38,2.20,4.10,8.00,1.91,1.83,Stadio Comunale Romeo Menti (Castellammare di Stabia)
1571490000,Oct 19 2019 - 1:00pm,complete,N/A,Pescara,Spezia,Luca Massimi,8,1.33,1.00,1.60,1.43,1,2,3,1,1,0,"23","69,71",4,4,4,0,3,0,1,3,1,2,10,11,2,3,8,8,9,21,43,57,1.66,1.28,0.99,1.27,3.00,34,84,67,17,17,33,67,50,100,9.34,5.67,2.45,3.10,3.05,1.32,2.00,3.50,6.80,1.74,2.00,Stadio Adriatico-Giovanni Cornacchia (Pescara)
1571490000,Oct 19 2019 - 1:00pm,complete,N/A,Venezia,Salernitana,Daniel Amabile,8,0.33,3.00,1.11,0.84,1,0,1,1,1,0,"42","",3,2,5,0,4,0,1,4,2,2,11,8,3,4,8,4,24,21,47,53,1.34,1.06,1.17,1.11,2.33,50,67,33,17,17,33,50,33,84,7.33,6.33,2.25,3.05,3.40,1.38,2.15,4.00,7.75,1.87,1.83,Stadio Pierluigi Penzo (Venezia)
1571490000,Oct 19 2019 - 1:00pm,complete,N/A,Virtus Entella,Trapani,Antonio Rapuano,8,2.00,1.00,1.58,0.84,1,1,2,1,1,0,"41","68",7,6,2,0,4,0,1,1,3,1,19,12,7,5,12,7,15,14,54,46,1.25,1.33,2.00,1.32,2.67,34,67,34,34,17,17,67,50,84,6.66,5.33,2.10,3.15,3.65,1.35,2.10,3.80,7.25,1.83,1.91,Stadio Comunale Chiavari (Chiavari)
1571500800,Oct 19 2019 - 4:00pm,complete,9686,Benevento,Perugia,Livio Marinelli,8,2.33,1.33,2.42,0.95,1,0,1,1,1,0,"20","",3,7,4,1,2,1,2,3,2,1,16,14,6,3,10,11,15,18,34,66,2.21,1.47,1.70,1.47,2.67,50,67,50,33,17,34,67,17,100,9.66,5.33,1.77,3.40,5.00,1.33,2.00,3.60,7.00,1.91,1.83,Stadio Ciro Vigorito (Benevento)
1571576400,Oct 20 2019 - 1:00pm,complete,3000,Chievo,Ascoli,Federico Dionisi,8,1.00,1.00,1.81,0.74,2,0,2,1,1,0,"14,88","",6,3,0,0,2,1,0,0,1,2,31,7,11,5,20,2,9,16,58,42,2.64,1.48,3.13,0.99,3.00,84,84,50,33,17,17,84,50,67,8.67,5.00,1.91,3.40,4.15,1.29,1.95,3.35,6.45,1.77,1.95,Stadio Marc'Antonio Bentegodi (Verona)
1571576400,Oct 20 2019 - 1:00pm,complete,7674,Pisa,Crotone,Daniele Minelli,8,1.33,2.00,1.84,1.42,1,1,2,1,1,0,"30","71",2,6,7,0,4,1,1,6,1,4,8,24,3,7,5,17,14,16,27,73,1.45,2.01,0.89,2.54,3.17,67,84,84,34,34,50,84,50,50,10.67,5.00,2.95,3.05,2.50,1.38,2.15,4.00,7.75,1.87,1.83,Arena Garibaldi - Stadio Romeo Anconetani (Pisa)
1571598000,Oct 20 2019 - 7:00pm,complete,5398,Empoli,Cremonese,Manuel Volpi,8,3.00,1.33,1.53,1.16,1,1,2,1,1,0,"22","56",6,4,0,0,2,1,0,0,2,1,23,27,6,10,17,17,10,12,61,39,1.50,1.13,2.16,2.65,2.50,50,67,67,17,17,17,67,50,67,6.00,3.67,2.00,3.25,3.90,1.28,1.91,3.25,6.25,1.71,2.00,Stadio Carlo Castellani (Empoli)
1571684400,Oct 21 2019 - 7:00pm,complete,10761,Frosinone,Livorno,Ivano Pezzuto,8,1.67,0.33,1.67,0.53,1,0,1,0,0,0,"89","",10,3,3,0,3,0,0,3,1,2,27,11,9,5,18,6,15,19,52,48,1.99,1.23,2.74,1.35,2.00,67,84,17,0,0,0,67,50,84,10.00,6.00,1.54,3.80,6.60,1.33,2.05,3.70,7.00,2.05,1.69,Stadio Benito Stirpe (Frosinone)
1572030000,Oct 25 2019 - 7:00pm,complete,6102,Ascoli,Virtus Entella,Francesco Fourneau,9,2.25,1.25,1.68,0.95,2,1,3,3,2,1,"5,31","13",4,5,4,1,6,1,0,5,1,6,11,15,4,3,7,12,12,12,38,62,1.17,1.31,1.25,1.56,2.50,50,88,38,25,0,25,88,38,88,7.00,5.00,2.00,3.20,3.85,1.33,2.00,3.60,7.00,1.80,1.91,Stadio Cino e Lillo Del Duca (Ascoli Piceno)
1572094800,Oct 26 2019 - 1:00pm,complete,6511,Cosenza,Chievo,Valerio Marini,9,0.50,1.75,1.21,1.10,1,1,2,2,1,1,"35","8",7,4,2,0,3,0,1,1,1,2,14,6,3,2,11,4,19,16,51,49,1.46,1.39,1.54,0.75,2.75,75,88,38,13,13,38,75,38,88,8.50,6.00,2.70,2.90,2.85,1.48,2.45,4.80,9.75,2.05,1.71,Stadio San Vito-Luigi Marulla (Cosenza)
1572094800,Oct 26 2019 - 1:00pm,complete,5913,Crotone,Venezia,Simone Sozza,9,2.00,2.00,2.16,1.53,3,2,5,2,1,1,"35,55,84","9,68",7,5,1,0,4,0,0,1,1,3,24,11,9,4,15,7,15,18,58,42,2.41,1.36,2.53,1.24,1.63,38,63,13,13,0,13,50,38,63,16.25,4.75,1.57,3.65,6.45,1.30,1.95,3.40,6.55,1.95,1.80,Stadio Ezio Scida (Crotone)
1572094800,Oct 26 2019 - 1:00pm,complete,7339,Pescara,Benevento,Niccolò Baroni,9,1.00,2.00,1.60,2.11,4,0,4,0,0,0,"46,53,76,90'3","",6,9,3,0,2,0,1,2,0,2,13,11,6,3,7,8,14,14,53,47,1.49,1.27,1.49,1.34,2.38,50,75,38,13,13,25,63,50,75,9.00,4.75,3.45,3.10,2.20,1.33,2.05,3.65,7.00,1.80,1.95,Stadio Adriatico-Giovanni Cornacchia (Pescara)
1572094800,Oct 26 2019 - 1:00pm,complete,3184,Pordenone,Cittadella,Lorenzo Illuzzi,9,2.50,1.50,1.90,1.74,0,0,0,0,0,0,"","",4,6,3,0,3,0,3,0,1,2,10,12,5,5,5,7,16,18,42,58,1.65,1.60,1.29,1.42,2.13,25,63,25,13,13,25,75,25,63,9.50,5.50,2.55,3.00,2.95,1.33,2.05,3.70,7.00,1.77,1.95,Dacia Arena (Udine)
1572094800,Oct 26 2019 - 1:00pm,complete,9786,Salernitana,Perugia,Gianluca Aureliano,9,1.25,1.00,1.89,0.95,1,1,2,0,0,0,"55","90",2,6,1,0,1,0,0,1,1,0,9,12,4,5,5,7,21,21,45,55,1.31,1.47,1.06,1.49,2.38,50,75,38,25,0,38,75,25,75,9.25,7.00,2.50,3.00,3.05,1.38,2.20,4.10,8.00,1.91,1.83,Stadio Arechi (Salerno)
1572094800,Oct 26 2019 - 1:00pm,complete,4900,Spezia,Juve Stabia,Antonio Di Martino,9,0.25,1.00,1.76,0.58,2,0,2,1,1,0,"18,52","",5,5,3,0,3,1,2,1,0,4,19,6,6,2,13,4,14,16,55,45,1.55,1.13,2.02,0.74,2.75,63,75,63,25,13,38,63,50,75,8.25,3.75,1.83,3.30,4.75,1.35,2.10,3.80,7.25,1.91,1.80,Stadio Alberto Picco (La Spezia)
1572094800,Oct 26 2019 - 1:00pm,complete,4130,Trapani,Empoli,Giovanni Ayroldi,9,0.25,1.25,1.58,1.30,2,2,4,2,1,1,"23,90'7","8,62",3,5,2,0,1,0,0,2,0,1,20,22,8,10,12,12,14,17,46,54,1.74,1.23,2.19,2.45,1.75,38,50,25,13,13,38,63,25,38,8.00,4.75,2.85,3.05,2.55,1.35,2.10,3.80,7.25,1.83,1.91,Stadio Polisportivo Provinciale (Trapani)
1572105600,Oct 26 2019 - 4:00pm,complete,10664,Livorno,Pisa,Juan Luca Sacchi,9,0.75,1.25,0.58,1.00,1,0,1,1,1,0,"16","",3,4,4,1,2,1,2,3,0,3,9,22,3,3,6,19,18,16,34,66,1.85,1.33,1.04,2.08,3.13,63,75,50,38,25,38,88,50,75,10.75,4.00,2.30,2.95,3.35,1.38,2.20,4.10,8.00,1.87,1.87,Stadio Armando Picchi (Livorno)
1572206400,Oct 27 2019 - 8:00pm,complete,6136,Cremonese,Frosinone,Davide Ghersini,9,1.50,0.25,1.42,1.27,1,1,2,0,0,0,"84","72",9,0,0,0,1,0,0,0,0,1,18,13,7,5,11,8,15,9,60,40,1.85,1.47,2.09,1.32,2.13,38,63,38,13,0,25,88,13,63,9.75,5.25,2.45,3.00,3.10,1.38,2.15,4.00,7.75,1.83,1.87,Stadio Giovanni Zini (Cremona)
1572379200,Oct 29 2019 - 8:00pm,complete,4000,Chievo,Crotone,Livio Marinelli,10,1.50,1.75,1.81,1.42,2,1,3,1,0,1,"72,81","25",5,2,3,0,2,1,0,3,1,2,15,16,3,5,12,11,25,18,46,54,2.80,2.14,1.42,1.57,2.63,75,100,50,13,0,38,100,25,63,10.75,4.50,2.45,3.05,3.00,1.34,2.05,3.75,7.25,1.80,1.95,Stadio Marc'Antonio Bentegodi (Verona)
1572379200,Oct 29 2019 - 8:00pm,complete,3607,Cittadella,Livorno,Daniele Minelli,10,1.50,0.25,1.25,0.53,1,0,1,0,0,0,"79","",5,7,3,1,4,0,0,4,1,3,12,15,4,6,8,9,21,14,56,44,1.44,1.26,1.50,1.74,2.25,38,75,38,13,0,0,50,63,88,8.00,6.00,2.00,3.15,4.05,1.32,2.00,3.60,6.95,1.80,1.95,Stadio Pier Cesare Tombolato (Cittadella)
1572379200,Oct 29 2019 - 8:00pm,complete,5384,Empoli,Spezia,Marco Serra,10,2.50,1.50,1.53,1.43,1,1,2,0,0,0,"71","56",7,3,2,0,5,0,0,2,1,4,16,12,5,5,11,7,14,18,62,38,1.66,1.28,1.75,1.35,2.38,38,75,63,0,0,25,75,38,88,7.25,3.25,2.05,3.15,3.90,1.31,1.95,3.45,6.70,1.77,2.00,Stadio Carlo Castellani (Empoli)
1572379200,Oct 29 2019 - 8:00pm,complete,3500,Juve Stabia,Pescara,Manuel Volpi,10,0.75,1.50,1.58,0.80,2,1,3,2,1,1,"17,53","13",4,4,6,1,3,1,1,6,2,2,13,15,6,7,7,8,25,23,40,60,1.71,1.02,1.49,1.77,3.38,63,88,63,38,25,13,63,63,100,9.25,6.00,2.45,3.05,3.05,1.35,2.10,3.80,7.25,1.80,1.91,Stadio Comunale Romeo Menti (Castellammare di Stabia)
1572379200,Oct 29 2019 - 8:00pm,complete,9223,Perugia,Ascoli,Riccardo Ros,10,2.50,0.75,1.45,0.74,1,1,2,1,0,1,"52","33",4,4,4,0,0,0,0,4,0,0,13,17,5,9,8,8,17,17,56,44,1.53,1.36,1.63,2.02,2.50,50,63,50,25,13,25,75,25,63,8.50,4.50,1.83,3.25,4.70,1.32,2.00,3.55,6.90,1.83,1.87,Stadio Renato Curi (Perugia)
1572379200,Oct 29 2019 - 8:00pm,complete,7207,Pisa,Salernitana,Giacomo Camplone,10,1.25,2.25,1.84,0.84,2,1,3,2,2,0,"6,13","79",0,2,3,0,3,0,0,3,1,2,7,14,5,7,2,7,21,25,45,55,1.26,1.07,0.98,1.75,2.50,50,50,38,38,38,25,63,38,75,7.00,7.25,2.25,3.05,3.40,1.38,2.20,4.10,8.00,1.87,1.83,Arena Garibaldi - Stadio Romeo Anconetani (Pisa)
1572379200,Oct 29 2019 - 8:00pm,complete,3068,Venezia,Pordenone,Antonio Rapuano,10,1.00,0.25,1.11,1.15,1,2,3,0,0,0,"57","87,90'3",2,3,2,0,3,0,1,1,1,2,22,14,6,6,16,8,10,18,62,38,1.30,1.53,2.35,1.68,3.13,75,88,50,25,25,38,88,38,75,9.50,7.00,2.25,3.05,3.45,1.35,2.10,3.80,7.25,1.80,1.91,Stadio Pierluigi Penzo (Venezia)
1572379200,Oct 29 2019 - 8:00pm,complete,1679,Virtus Entella,Cosenza,Lorenzo Maggioni,10,1.75,1.25,1.58,1.21,1,0,1,0,0,0,"82","",4,1,2,0,3,0,1,1,2,1,20,13,8,5,12,8,16,10,52,48,1.44,1.47,2.16,1.45,1.63,38,50,13,13,0,0,63,13,75,8.00,5.25,2.45,3.05,3.05,1.41,2.25,4.25,8.25,1.91,1.83,Stadio Comunale Chiavari (Chiavari)
1572457800,Oct 30 2019 - 5:50pm,complete,9019,Benevento,Cremonese,Eugenio Abbattista,10,2.50,1.25,2.42,1.16,2,0,2,0,0,0,"66,90'4","",4,6,1,0,1,0,0,1,1,0,18,13,8,2,10,11,19,16,48,52,2.08,1.64,2.02,1.23,2.38,63,63,38,25,25,0,63,38,75,9.00,5.75,1.80,3.25,5.15,1.32,2.00,3.60,6.95,1.87,1.87,Stadio Ciro Vigorito (Benevento)
1572465600,Oct 30 2019 - 8:00pm,complete,10855,Frosinone,Trapani,Ivan Robilotta,10,2.00,1.00,1.67,0.84,3,0,3,1,1,0,"1,54,64","",4,6,2,0,4,0,0,2,1,3,19,21,9,7,10,14,9,18,35,65,2.18,1.33,1.96,2.22,2.75,75,88,38,25,13,13,63,63,100,11.75,7.00,1.59,3.70,6.05,1.33,2.00,3.60,7.00,2.00,1.74,Stadio Benito Stirpe (Frosinone)
1572638400,Nov 01 2019 - 8:00pm,complete,5338,Spezia,Chievo,Francesco Fourneau,11,0.80,1.60,1.76,1.10,0,0,0,0,0,0,"","",5,6,3,0,1,0,1,2,0,1,12,21,3,8,9,13,19,19,51,49,1.64,1.27,1.23,2.22,3.20,70,90,50,30,20,70,90,20,70,9.20,5.40,2.45,3.00,3.10,1.43,2.30,4.35,8.75,1.95,1.80,Stadio Alberto Picco (La Spezia)
1572703200,Nov 02 2019 - 2:00pm,complete,6546,Ascoli,Venezia,Giovanni Ayroldi,11,2.40,1.60,1.68,1.53,1,1,2,0,0,0,"70","87",3,7,2,0,4,0,1,1,1,3,7,15,6,4,1,11,20,18,44,56,1.19,1.34,1.09,1.53,2.60,50,90,40,20,10,30,80,40,80,8.80,6.40,2.05,3.05,3.95,1.35,2.10,3.80,7.25,1.83,1.91,Stadio Cino e Lillo Del Duca (Ascoli Piceno)
1572703200,Nov 02 2019 - 2:00pm,complete,6218,Crotone,Perugia,Ivano Pezzuto,11,2.20,1.00,2.16,0.95,2,3,5,1,0,1,"57,90'4","13,53,65",13,1,0,0,0,0,0,0,0,0,20,7,10,6,10,1,7,15,70,30,2.44,1.48,2.62,0.95,2.20,40,60,40,30,10,40,50,40,70,15.20,4.60,1.69,3.60,5.20,1.30,1.95,3.40,6.55,1.87,1.83,Stadio Ezio Scida (Crotone)
1572703200,Nov 02 2019 - 2:00pm,complete,4165,Livorno,Juve Stabia,Valerio Marini,11,1.20,0.80,0.58,0.58,2,1,3,0,0,0,"57,90'5","49",11,3,2,0,3,0,0,2,2,1,24,13,9,3,15,10,15,20,52,48,1.68,1.05,2.59,1.23,2.70,50,70,50,20,20,20,70,60,80,9.60,5.60,1.95,3.20,4.25,1.36,2.10,3.90,7.50,1.91,1.83,Stadio Armando Picchi (Livorno)
1572703200,Nov 02 2019 - 2:00pm,complete,6052,Pescara,Pisa,Simone Sozza,11,1.40,1.00,1.60,1.00,3,0,3,1,1,0,"14,63,66","",5,6,1,0,2,0,0,1,1,1,12,13,7,4,5,9,17,14,55,45,1.49,1.48,1.55,1.40,2.80,50,80,50,30,10,20,90,50,70,8.40,5.60,2.00,3.20,4.00,1.30,1.95,3.40,6.55,1.77,2.00,Stadio Adriatico-Giovanni Cornacchia (Pescara)
1572714000,Nov 02 2019 - 5:00pm,complete,5432,Salernitana,Virtus Entella,Federico Dionisi,11,1.20,1.00,1.89,0.95,2,1,3,0,0,0,"80,84","89",7,4,2,0,3,0,0,2,1,2,20,7,9,6,11,1,11,14,55,45,1.26,1.36,2.22,1.11,2.40,80,90,30,20,0,30,80,40,70,7.80,6.40,1.95,3.15,4.20,1.38,2.15,4.00,7.75,1.91,1.80,Stadio Arechi (Salerno)
1572789600,Nov 03 2019 - 2:00pm,complete,N/A,Cittadella,Frosinone,Luca Massimi,11,1.80,0.40,1.25,1.27,0,0,0,0,0,0,"","",6,5,3,0,1,0,0,3,1,0,8,12,2,3,6,9,21,14,50,50,1.45,1.44,0.99,1.30,2.50,50,80,50,20,0,10,50,60,100,9.20,6.20,2.85,2.95,2.65,1.36,2.15,3.90,7.50,1.83,1.87,Stadio Pier Cesare Tombolato (Cittadella)
1572789600,Nov 03 2019 - 2:00pm,complete,N/A,Pordenone,Trapani,Daniel Amabile,11,2.20,0.80,1.90,0.84,2,1,3,1,1,0,"7,70","89",8,8,0,0,4,1,0,0,1,4,21,18,7,5,14,13,13,9,37,63,1.58,1.55,2.24,1.87,2.50,40,80,40,20,10,30,70,50,70,9.00,6.00,1.91,3.35,4.15,1.31,1.95,3.45,6.70,1.80,1.91,Dacia Arena (Udine)
1572811200,Nov 03 2019 - 8:00pm,complete,0,Benevento,Empoli,Davide Ghersini,11,2.60,1.20,2.42,1.30,2,0,2,2,2,0,"15,29","",3,6,1,0,0,0,0,1,0,0,12,15,6,5,6,10,11,13,37,63,2.07,1.53,1.41,1.63,2.40,50,70,30,30,20,40,70,40,60,7.60,4.60,1.71,3.75,4.75,1.28,1.87,3.20,6.15,1.83,1.87,Stadio Ciro Vigorito (Benevento)
1572897600,Nov 04 2019 - 8:00pm,complete,0,Cosenza,Cremonese,Antonio Di Martino,11,0.60,1.00,1.21,1.16,2,0,2,2,2,0,"3,11","",5,4,3,0,3,0,1,2,3,0,17,15,6,3,11,12,18,13,39,61,1.47,1.54,1.80,1.45,2.20,70,80,30,10,10,10,50,50,80,9.80,4.40,2.45,2.85,3.20,1.47,2.40,4.70,9.50,2.00,1.74,Stadio San Vito-Luigi Marulla (Cosenza)
1573243200,Nov 08 2019 - 8:00pm,complete,N/A,Crotone,Ascoli,Marco Serra,12,1.83,0.80,2.16,0.74,3,1,4,3,2,1,"6,34,87","39",8,7,1,0,3,0,1,0,2,1,32,10,10,6,22,4,17,18,56,44,2.47,1.49,3.06,1.29,2.74,55,74,45,35,27,17,65,54,74,13.70,3.73,1.54,4.00,6.10,1.25,1.80,3.05,5.70,1.87,1.83,Stadio Ezio Scida (Crotone)
1573308000,Nov 09 2019 - 2:00pm,complete,N/A,Juve Stabia,Benevento,Lorenzo Illuzzi,12,1.20,1.60,1.58,2.11,1,1,2,1,1,0,"28","55",7,6,3,0,3,1,2,1,2,2,5,10,3,5,2,5,14,18,58,42,1.67,1.29,0.76,1.22,2.70,40,70,40,30,20,30,40,30,80,10.80,6.00,4.00,3.20,2.00,1.35,2.10,3.80,7.25,1.87,1.83,Stadio Comunale Romeo Menti (Castellammare di Stabia)
1573308000,Nov 09 2019 - 2:00pm,complete,N/A,Perugia,Cittadella,Lorenzo Maggioni,12,2.20,1.40,1.45,1.74,0,2,2,2,0,2,"","6,45'2",8,9,2,0,3,0,1,1,1,2,12,14,6,10,6,4,16,13,57,43,1.55,1.57,1.55,1.91,1.90,40,50,30,20,10,20,70,10,60,10.20,5.20,2.10,3.05,3.75,1.42,2.30,4.35,8.50,1.95,1.77,Stadio Renato Curi (Perugia)
1573308000,Nov 09 2019 - 2:00pm,complete,N/A,Pisa,Spezia,Manuel Volpi,12,1.60,1.40,1.84,1.43,3,2,5,1,1,0,"31,87,90'2","69,76",5,6,4,1,1,0,2,3,0,1,10,14,5,8,5,6,15,21,42,58,1.19,1.29,1.28,1.81,2.70,60,80,60,20,20,30,60,50,90,8.20,7.00,2.65,2.95,2.90,1.43,2.30,4.40,8.75,1.95,1.80,Arena Garibaldi - Stadio Romeo Anconetani (Pisa)
1573308000,Nov 09 2019 - 2:00pm,complete,N/A,Venezia,Livorno,Giacomo Camplone,12,0.80,0.20,1.11,0.53,1,0,1,1,1,0,"39","",6,7,5,1,3,0,2,4,2,1,9,10,5,6,4,4,18,20,50,50,1.51,1.36,1.11,1.44,1.80,40,60,20,0,0,10,50,30,70,8.00,6.20,2.35,3.10,3.15,1.36,2.15,3.90,7.50,1.83,1.87,Stadio Pierluigi Penzo (Venezia)
1573308000,Nov 09 2019 - 2:00pm,complete,N/A,Virtus Entella,Pordenone,Niccolò Baroni,12,2.00,0.80,1.58,1.15,1,1,2,2,1,1,"40","20",11,7,1,0,3,1,1,0,0,4,12,11,4,4,8,7,12,16,66,34,1.58,1.56,1.63,1.24,2.70,60,70,40,20,20,20,70,30,90,8.60,5.20,2.35,3.00,3.25,1.36,2.10,3.90,7.50,1.83,1.91,Stadio Comunale Chiavari (Chiavari)
1573318800,Nov 09 2019 - 5:00pm,complete,N/A,Empoli,Pescara,Gianluca Aureliano,12,2.20,1.20,1.53,0.80,1,2,3,3,1,2,"44","19,32",3,4,2,0,0,0,1,1,0,0,19,8,3,5,16,3,25,14,54,46,1.68,1.17,1.83,1.07,2.60,70,90,60,10,0,20,80,60,90,7.20,3.40,1.80,3.55,4.45,1.25,1.80,3.05,5.70,1.74,2.00,Stadio Carlo Castellani (Empoli)
1573394400,Nov 10 2019 - 2:00pm,complete,7846,Cremonese,Salernitana,Livio Marinelli,12,1.40,1.80,1.42,0.84,1,0,1,0,0,0,"72","",6,6,4,0,2,0,1,3,1,1,13,11,8,7,5,4,21,16,43,57,1.90,1.21,1.70,1.59,2.00,40,50,30,10,10,30,70,20,60,7.40,5.00,2.05,3.20,3.75,1.38,2.15,4.00,7.75,1.91,1.83,Stadio Giovanni Zini (Cremona)
1573394400,Nov 10 2019 - 2:00pm,complete,4004,Trapani,Cosenza,Alessandro Prontera,12,0.40,1.00,1.58,1.21,2,2,4,4,2,2,"17,43","6,45'2",2,8,5,1,2,1,1,5,1,2,10,9,5,5,5,4,10,15,42,58,1.83,1.47,1.28,1.25,1.70,40,40,30,20,0,10,50,30,70,8.20,5.40,2.75,3.05,2.70,1.40,2.25,4.25,8.25,1.91,1.80,Stadio Polisportivo Provinciale (Trapani)
1573416000,Nov 10 2019 - 8:00pm,complete,10725,Frosinone,Chievo,Juan Luca Sacchi,12,2.20,1.50,1.67,1.10,2,0,2,1,1,0,"20,53","",3,6,0,0,3,0,0,0,0,3,12,9,5,7,7,2,11,24,42,58,2.13,1.43,1.29,1.42,2.44,64,82,37,9,9,34,72,39,75,11.17,6.70,2.10,3.15,3.70,1.40,2.25,4.25,8.25,2.00,1.77,Stadio Benito Stirpe (Frosinone)
1574452800,Nov 22 2019 - 8:00pm,complete,6111,Pescara,Cremonese,Riccardo Ros,13,1.67,0.83,1.60,1.16,1,1,2,0,0,0,"80","90",3,1,3,0,3,0,1,2,1,2,12,11,5,5,7,6,8,21,60,40,1.50,1.52,1.41,1.29,2.92,50,92,58,25,17,17,67,67,84,9.33,5.50,2.35,3.00,3.25,1.34,2.05,3.75,7.25,1.77,1.95,Stadio Adriatico-Giovanni Cornacchia (Pescara)
1574517600,Nov 23 2019 - 2:00pm,complete,10302,Benevento,Crotone,Francesco Fourneau,13,2.67,1.40,2.42,1.42,2,0,2,1,1,0,"11,90'4","",4,9,3,0,2,0,1,2,1,1,9,13,5,5,4,8,18,15,30,70,1.96,2.03,1.14,1.70,2.49,57,84,49,9,9,29,84,37,64,8.73,5.17,2.15,3.20,3.45,1.28,1.91,3.25,6.25,1.71,2.00,Stadio Ciro Vigorito (Benevento)
1574517600,Nov 23 2019 - 2:00pm,complete,4328,Juve Stabia,Salernitana,Ivano Pezzuto,13,1.17,1.50,1.58,0.84,2,0,2,1,1,0,"7,90'6","",2,7,2,0,4,1,1,1,1,4,6,9,4,5,2,4,15,27,51,49,1.52,1.27,0.87,1.24,2.67,50,58,42,25,25,33,59,17,92,8.34,7.17,2.60,2.95,2.95,1.42,2.30,4.35,8.50,1.91,1.80,Stadio Comunale Romeo Menti (Castellammare di Stabia)
1574517600,Nov 23 2019 - 2:00pm,complete,4215,Livorno,Trapani,Eugenio Abbattista,13,1.50,0.67,0.58,0.84,1,2,3,2,0,2,"48","35,45",7,4,2,0,3,0,0,2,0,3,18,9,6,7,12,2,17,18,70,30,1.84,1.61,2.09,1.29,3.33,67,84,67,33,25,25,75,75,92,12.17,6.50,1.77,3.55,4.70,1.31,1.95,3.45,6.70,1.87,1.83,Stadio Armando Picchi (Livorno)
1574517600,Nov 23 2019 - 2:00pm,complete,3182,Pordenone,Perugia,Ivan Robilotta,13,2.33,1.33,1.90,0.95,3,0,3,0,0,0,"55,62,87","",8,5,2,0,2,0,1,1,1,1,19,11,11,2,8,9,17,9,36,64,1.69,1.39,2.30,1.13,2.25,42,67,42,17,9,33,67,33,67,9.67,4.50,2.50,3.00,3.05,1.37,2.15,3.95,7.75,1.83,1.87,Dacia Arena (Udine)
1574528400,Nov 23 2019 - 5:00pm,complete,5184,Empoli,Venezia,Federico Dionisi,13,1.83,1.50,1.53,1.53,1,1,2,1,1,0,"5","86",3,7,2,0,1,0,0,2,0,1,9,14,5,5,4,9,15,9,42,58,1.71,1.37,1.13,1.74,2.33,67,83,34,9,9,25,75,42,75,9.17,4.33,1.71,3.45,5.15,1.33,2.00,3.60,7.00,1.91,1.83,Stadio Carlo Castellani (Empoli)
1574604000,Nov 24 2019 - 2:00pm,complete,6059,Ascoli,Cosenza,Luca Massimi,13,2.17,1.00,1.68,1.21,3,2,5,3,1,2,"38,71,88","16,21",5,3,5,0,3,0,2,3,1,2,10,10,6,4,4,6,10,14,60,40,1.17,1.43,1.39,1.18,2.34,50,75,42,25,0,25,59,34,75,7.33,6.33,2.30,3.00,3.30,1.39,2.20,4.15,8.25,1.87,1.83,Stadio Cino e Lillo Del Duca (Ascoli Piceno)
1574604000,Nov 24 2019 - 2:00pm,complete,4567,Cittadella,Pisa,Daniel Amabile,13,1.67,0.83,1.25,1.00,1,1,2,1,0,1,"76","43",13,2,2,0,3,0,0,2,1,2,17,9,8,5,9,4,22,16,62,38,1.36,1.47,2.10,1.10,2.17,33,67,42,17,0,9,67,50,67,9.17,5.83,1.77,3.45,4.85,1.34,2.05,3.75,7.25,1.95,1.77,Stadio Pier Cesare Tombolato (Cittadella)
1574625600,Nov 24 2019 - 8:00pm,complete,4660,Spezia,Frosinone,Antonio Rapuano,13,0.83,0.50,1.76,1.27,2,0,2,1,1,0,"26,90","",4,9,2,0,4,0,1,1,0,4,16,19,6,4,10,15,13,14,47,53,1.57,1.41,1.71,2.00,2.34,50,67,42,25,9,34,59,25,75,9.66,4.00,2.85,2.95,2.65,1.47,2.40,4.70,9.50,2.00,1.71,Stadio Alberto Picco (La Spezia)
1574712000,Nov 25 2019 - 8:00pm,complete,6002,Chievo,Virtus Entella,Daniele Minelli,13,1.80,0.83,1.81,0.95,2,1,3,2,2,0,"2,40","54",5,4,1,0,1,0,0,1,0,1,12,16,6,5,6,11,16,19,40,60,2.46,1.32,1.48,1.69,2.55,82,92,45,19,0,27,92,37,74,9.60,5.13,1.77,3.30,5.15,1.39,2.20,4.15,8.25,2.00,1.74,Stadio Marc'Antonio Bentegodi (Verona)
1575057600,Nov 29 2019 - 8:00pm,complete,3857,Cosenza,Spezia,Lorenzo Maggioni,14,1.00,1.17,1.21,1.43,1,1,2,1,1,0,"38","63",10,4,3,0,3,1,2,1,1,3,16,15,8,2,8,13,10,11,51,49,1.53,1.38,2.06,1.28,2.42,59,83,42,9,9,25,59,50,84,9.67,4.83,2.50,2.85,3.15,1.45,2.40,4.60,9.25,2.00,1.74,Stadio San Vito-Luigi Marulla (Cosenza)
1575122400,Nov 30 2019 - 2:00pm,complete,5482,Cremonese,Livorno,Alessandro Prontera,14,1.67,0.17,1.42,0.53,0,0,0,0,0,0,"","",5,4,3,0,3,0,1,2,1,2,12,12,3,4,9,8,16,12,52,48,1.86,1.37,1.36,1.29,1.50,25,42,9,0,0,9,59,17,59,9.83,5.00,1.95,3.20,4.20,1.38,2.20,4.10,8.00,1.95,1.77,Stadio Giovanni Zini (Cremona)
1575122400,Nov 30 2019 - 2:00pm,complete,5806,Crotone,Cittadella,Giovanni Ayroldi,14,2.00,1.67,2.16,1.74,1,1,2,0,0,0,"47","87",6,6,2,1,3,0,1,2,2,1,18,8,4,5,14,3,13,18,50,50,2.55,1.62,1.72,1.12,2.35,37,61,37,37,23,30,62,37,61,15.81,4.46,1.80,3.40,4.60,1.28,1.91,3.25,6.25,1.77,1.95,Stadio Ezio Scida (Crotone)
1575122400,Nov 30 2019 - 2:00pm,complete,10919,Frosinone,Empoli,Valerio Marini,14,2.33,1.00,1.67,1.30,4,0,4,2,2,0,"2,33,48,77","",2,7,3,0,1,0,2,1,0,1,14,9,9,2,5,7,14,15,40,60,1.99,1.55,1.73,1.07,2.34,50,83,33,17,9,42,75,42,67,9.83,4.50,2.00,3.25,3.95,1.32,2.00,3.60,6.95,1.83,1.91,Stadio Benito Stirpe (Frosinone)
1575122400,Nov 30 2019 - 2:00pm,complete,3660,Venezia,Benevento,Marco Serra,14,1.17,1.50,1.11,2.11,0,2,2,1,0,1,"","29,65",1,4,1,0,3,0,1,0,1,2,8,19,2,8,6,11,14,15,57,43,1.44,1.28,0.95,2.08,1.92,42,67,25,9,0,17,50,33,59,10.00,5.83,3.50,3.05,2.20,1.35,2.10,3.80,7.25,1.83,1.87,Stadio Pierluigi Penzo (Venezia)
1575133200,Nov 30 2019 - 5:00pm,complete,5787,Salernitana,Ascoli,Niccolò Baroni,14,1.50,0.67,1.89,0.74,1,1,2,1,1,0,"24","63",4,9,0,0,3,0,0,0,0,3,17,19,7,8,10,11,17,19,47,53,1.42,1.46,1.78,2.26,2.75,75,92,42,25,9,17,67,50,83,8.16,5.33,2.30,3.15,3.15,1.34,2.05,3.75,7.25,1.80,1.95,Stadio Arechi (Salerno)
1575208800,Dec 01 2019 - 2:00pm,complete,4618,Trapani,Chievo,Simone Sozza,14,0.50,1.29,1.58,1.10,1,0,1,1,1,0,"34","",8,1,1,0,1,0,1,0,0,1,14,11,8,3,6,8,10,16,41,59,1.74,1.42,1.77,1.28,2.37,54,68,40,24,7,45,77,24,54,8.93,6.43,3.40,3.00,2.25,1.36,2.10,3.85,7.50,1.83,1.91,Stadio Polisportivo Provinciale (Trapani)
1575208800,Dec 01 2019 - 2:00pm,complete,1550,Virtus Entella,Juve Stabia,Livio Marinelli,14,1.83,0.67,1.58,0.58,2,0,2,1,1,0,"38,81","",9,3,3,0,2,0,1,2,1,1,25,4,11,2,14,2,17,12,41,59,1.59,1.08,2.69,0.69,1.84,42,67,25,0,0,9,59,34,75,8.50,4.83,2.00,3.30,3.90,1.34,2.05,3.70,7.00,1.87,1.87,Stadio Comunale Chiavari (Chiavari)
1575230400,Dec 01 2019 - 8:00pm,complete,7422,Perugia,Pescara,Davide Ghersini,14,1.83,1.50,1.45,0.80,3,1,4,3,2,1,"20,34,69","45'2",2,6,2,0,2,0,1,1,2,0,12,17,6,4,6,13,21,19,34,66,1.55,1.15,1.36,1.78,2.50,67,84,58,17,0,42,83,34,67,9.34,4.17,2.10,3.15,3.75,1.31,1.95,3.45,6.70,1.77,2.00,Stadio Renato Curi (Perugia)
1575316800,Dec 02 2019 - 8:00pm,complete,7397,Pisa,Pordenone,Antonio Di Martino,14,1.83,0.83,1.84,1.15,2,0,2,2,2,0,"9,19","",2,9,3,1,4,0,1,3,4,0,12,18,4,4,8,14,20,19,45,55,1.21,1.51,1.26,1.93,3.50,92,92,67,42,42,42,83,50,83,9.00,7.33,2.80,3.00,2.65,1.33,2.05,3.65,7.00,1.74,2.00,Arena Garibaldi - Stadio Romeo Anconetani (Pisa)
1575662400,Dec 06 2019 - 8:00pm,complete,9155,Benevento,Trapani,Daniele Minelli,15,2.71,1.00,2.42,0.84,5,0,5,2,2,0,"10,32,79,82,88","",11,3,1,0,2,0,0,1,2,0,23,8,13,4,10,4,12,11,49,51,1.84,1.56,2.64,1.15,2.72,50,86,43,22,14,22,79,50,86,9.15,6.15,1.37,4.30,9.25,1.25,1.80,3.00,5.60,2.00,1.74,Stadio Ciro Vigorito (Benevento)
1575727200,Dec 07 2019 - 2:00pm,complete,4038,Cittadella,Salernitana,Antonio Rapuano,15,1.57,1.29,1.25,0.84,4,3,7,4,3,1,"29,31,42,70","21,78,81",7,4,2,0,4,0,1,1,2,2,17,10,7,7,10,3,12,18,51,49,1.48,1.27,2.04,1.32,2.07,36,57,36,14,7,15,50,36,86,9.58,6.58,1.74,3.40,5.05,1.32,2.00,3.60,6.95,1.87,1.83,Stadio Pier Cesare Tombolato (Cittadella)
1575727200,Dec 07 2019 - 2:00pm,complete,6013,Empoli,Ascoli,Lorenzo Illuzzi,15,1.71,0.71,1.53,0.74,2,1,3,1,0,1,"57,90'3","24",5,7,2,0,2,0,0,2,1,1,22,15,8,6,14,9,12,15,50,50,1.62,1.57,2.37,1.60,2.58,71,86,43,15,7,22,86,29,79,8.00,3.71,2.15,3.30,3.35,1.24,1.77,2.90,5.45,1.61,2.20,Stadio Carlo Castellani (Empoli)
1575727200,Dec 07 2019 - 2:00pm,complete,5438,Pescara,Venezia,Ivan Robilotta,15,1.57,1.43,1.60,1.53,2,2,4,1,1,0,"11,48","70,89",1,11,1,0,1,0,0,1,0,1,9,19,4,4,5,15,15,11,39,61,1.49,1.42,1.00,2.05,2.79,64,93,43,22,14,14,71,65,93,10.43,5.86,1.95,3.25,4.20,1.31,1.95,3.45,6.70,1.80,1.95,Stadio Adriatico-Giovanni Cornacchia (Pescara)
1575727200,Dec 07 2019 - 2:00pm,complete,5468,Spezia,Livorno,Juan Luca Sacchi,15,1.14,0.29,1.76,0.53,2,0,2,1,1,0,"33,74","",2,6,3,0,2,0,1,2,0,2,15,24,6,8,9,16,12,13,52,48,1.59,1.36,1.63,2.44,1.86,29,50,22,15,7,22,57,14,64,9.43,4.57,2.10,3.00,3.85,1.34,2.05,3.75,7.25,1.80,1.91,Stadio Alberto Picco (La Spezia)
1575738000,Dec 07 2019 - 5:00pm,complete,4500,Chievo,Cremonese,Manuel Volpi,15,2.00,0.86,1.81,1.16,1,0,1,0,0,0,"48","",7,3,2,0,5,1,1,1,2,4,16,12,7,6,9,6,16,11,41,59,2.26,1.48,1.80,1.55,2.48,70,93,40,16,7,24,72,45,77,9.50,4.38,2.00,2.95,4.30,1.40,2.20,4.15,8.25,1.91,1.83,Stadio Marc'Antonio Bentegodi (Verona)
1575813600,Dec 08 2019 - 2:00pm,complete,3401,Juve Stabia,Frosinone,Eugenio Abbattista,15,1.43,0.43,1.58,1.27,0,2,2,1,0,1,"","10,90'3",7,4,4,0,3,0,3,1,1,2,8,19,3,7,5,12,17,23,66,34,1.42,1.50,1.14,1.82,2.57,50,79,36,22,15,22,64,22,93,10.14,6.43,3.40,3.05,2.25,1.35,2.10,3.80,7.25,1.83,1.91,Stadio Comunale Romeo Menti (Castellammare di Stabia)
1575813600,Dec 08 2019 - 2:00pm,complete,7457,Pisa,Virtus Entella,Luca Massimi,15,2.00,0.71,1.84,0.95,0,2,2,1,0,1,"","28,90'5",7,3,2,0,6,1,1,1,3,4,20,17,5,6,15,11,9,25,64,36,1.22,1.37,2.20,1.76,2.86,79,86,57,29,22,43,86,36,71,7.86,7.14,2.40,2.95,3.25,1.39,2.20,4.15,8.25,1.87,1.87,Arena Garibaldi - Stadio Romeo Anconetani (Pisa)
1575835200,Dec 08 2019 - 8:00pm,complete,2622,Pordenone,Crotone,Giacomo Camplone,15,2.43,1.17,1.90,1.42,1,0,1,1,1,0,"44","",2,5,2,0,1,0,1,1,0,1,10,16,2,3,8,13,16,8,34,66,1.78,1.98,1.00,1.58,2.34,48,86,55,0,0,31,79,38,62,10.74,4.83,2.85,3.05,2.60,1.28,1.91,3.25,6.25,1.69,2.10,Dacia Arena (Udine)
1575921600,Dec 09 2019 - 8:00pm,complete,7410,Perugia,Cosenza,Francesco Fourneau,15,2.00,0.86,1.45,1.21,2,2,4,1,1,0,"18,66","46,69",8,3,2,1,3,0,0,3,1,2,16,14,7,8,9,6,15,13,52,48,1.52,1.39,1.87,1.63,2.36,57,64,43,36,7,43,72,15,64,9.00,5.29,2.05,3.15,3.85,1.40,2.20,4.15,8.25,1.95,1.80,Stadio Renato Curi (Perugia)
1576267200,Dec 13 2019 - 8:00pm,complete,3500,Chievo,Juve Stabia,Antonio Di Martino,16,2.14,0.57,1.81,0.58,2,3,5,2,2,0,"26,32","49,76,90'1",6,1,3,0,5,0,0,3,2,3,13,10,4,8,9,2,18,23,52,48,2.19,1.03,1.45,1.40,2.29,57,86,43,7,0,15,72,43,86,8.85,4.57,1.49,3.85,7.50,1.33,2.05,3.65,7.00,2.15,1.65,Stadio Marc'Antonio Bentegodi (Verona)
1576332000,Dec 14 2019 - 2:00pm,complete,5768,Ascoli,Cittadella,Valerio Marini,16,2.29,1.57,1.68,1.74,1,0,1,0,0,0,"51","",6,6,2,0,3,0,0,2,1,2,10,16,3,4,7,12,12,15,37,63,1.20,1.55,1.06,1.75,2.43,43,79,36,22,14,29,64,43,72,9.28,6.43,2.65,3.10,2.75,1.26,1.83,3.15,5.90,1.65,2.15,Stadio Cino e Lillo Del Duca (Ascoli Piceno)
1576332000,Dec 14 2019 - 2:00pm,complete,11127,Frosinone,Pescara,Marco Serra,16,2.43,1.29,1.67,0.80,2,0,2,0,0,0,"63,90'4","",6,4,0,0,1,0,0,0,0,1,14,9,4,2,10,7,14,13,43,57,1.96,1.24,1.51,1.03,2.79,65,93,65,22,0,29,79,57,93,9.71,4.85,1.61,3.55,6.20,1.28,1.91,3.25,6.25,1.91,1.80,Stadio Benito Stirpe (Frosinone)
1576332000,Dec 14 2019 - 2:00pm,complete,2965,Venezia,Spezia,Ivano Pezzuto,16,1.00,1.14,1.11,1.43,0,0,0,0,0,0,"","",7,1,1,0,4,1,0,1,2,3,16,6,5,3,11,3,4,19,58,42,1.37,1.36,1.78,0.81,2.36,50,79,43,7,7,14,64,43,79,8.43,6.43,2.50,2.95,3.05,1.37,2.15,3.95,7.75,1.83,1.87,Stadio Pierluigi Penzo (Venezia)
1576332000,Dec 14 2019 - 2:00pm,complete,1521,Virtus Entella,Empoli,Daniel Amabile,16,2.00,0.86,1.58,1.30,2,0,2,2,2,0,"38,40","",6,3,1,0,1,1,0,1,1,1,11,14,7,5,4,9,17,10,43,57,1.75,1.47,1.50,1.55,2.14,36,72,22,22,7,50,79,22,57,9.86,3.71,2.40,3.10,3.05,1.30,1.95,3.40,6.55,1.71,2.05,Stadio Comunale Chiavari (Chiavari)
1576342800,Dec 14 2019 - 5:00pm,complete,4325,Livorno,Benevento,Riccardo Ros,16,1.29,1.71,0.58,2.11,0,2,2,1,0,1,"","13,85",5,9,2,0,4,0,1,1,2,2,10,19,3,9,7,10,17,9,49,51,1.87,1.39,1.08,2.16,2.58,50,71,43,22,15,29,57,43,79,12.43,4.57,3.35,3.20,2.20,1.34,2.05,3.75,7.25,1.83,1.91,Stadio Armando Picchi (Livorno)
1576418400,Dec 15 2019 - 2:00pm,complete,4604,Cosenza,Pordenone,Davide Ghersini,16,1.00,0.71,1.21,1.15,1,2,3,2,0,2,"74","31,40",10,11,0,0,1,1,0,0,0,2,19,16,8,9,11,7,8,15,63,37,1.60,1.57,2.26,1.95,2.72,79,93,36,15,15,43,79,36,71,11.29,5.57,2.25,3.00,3.45,1.42,2.25,4.30,8.50,1.91,1.83,Stadio San Vito-Luigi Marulla (Cosenza)
1576418400,Dec 15 2019 - 2:00pm,complete,5655,Cremonese,Perugia,Niccolò Baroni,16,1.57,1.14,1.42,0.95,2,1,3,1,1,0,"13,76","65",4,4,4,0,1,0,1,3,1,0,23,21,10,6,13,15,17,12,37,63,1.79,1.35,2.39,2.11,2.07,36,57,36,15,7,22,57,29,65,10.00,4.72,2.25,2.90,3.65,1.45,2.40,4.60,9.25,2.00,1.74,Stadio Giovanni Zini (Cremona)
1576440000,Dec 15 2019 - 8:00pm,complete,5019,Salernitana,Crotone,Gianluca Aureliano,16,1.43,1.00,1.89,1.42,3,2,5,1,0,1,"64,74,90'4","14,86",7,7,3,0,3,1,2,1,3,1,21,13,8,5,13,8,26,15,55,45,1.47,1.92,2.22,1.41,2.43,72,93,43,7,0,22,79,43,72,9.43,5.00,3.35,3.20,2.20,1.32,2.00,3.50,6.80,1.77,1.95,Stadio Arechi (Salerno)
1576526400,Dec 16 2019 - 8:00pm,complete,4409,Trapani,Pisa,Federico Dionisi,16,0.86,0.86,1.58,1.00,1,3,4,3,1,2,"45'2","1,18,67",9,3,3,0,5,0,2,1,2,3,29,14,6,6,23,8,14,18,59,41,1.74,1.42,2.72,1.54,2.07,43,57,36,22,0,22,86,29,50,8.71,5.14,2.10,3.05,3.75,1.36,2.15,3.90,7.50,1.87,1.87,Stadio Polisportivo Provinciale (Trapani)
1576936800,Dec 21 2019 - 2:00pm,complete,4830,Cittadella,Chievo,Lorenzo Illuzzi,17,1.75,1.13,1.25,1.10,1,1,2,1,1,0,"31","61",8,2,2,0,3,0,1,1,1,2,19,6,5,2,14,4,22,14,56,44,1.56,1.41,1.95,0.81,2.57,50,75,38,19,13,32,69,38,69,10.38,6.26,2.15,3.00,3.80,1.39,2.20,4.15,8.25,1.95,1.80,Stadio Pier Cesare Tombolato (Cittadella)
1576936800,Dec 21 2019 - 2:00pm,complete,5646,Crotone,Livorno,Daniele Minelli,17,1.88,0.25,2.16,0.53,2,1,3,3,2,1,"23,26","12",7,3,5,0,3,0,3,2,2,1,18,7,8,4,10,3,18,14,57,43,2.45,1.50,2.16,0.91,2.00,38,57,25,25,13,19,50,38,69,14.13,4.25,1.62,3.55,5.85,1.26,1.83,3.15,5.90,1.80,1.95,Stadio Ezio Scida (Crotone)
1576936800,Dec 21 2019 - 2:00pm,complete,5394,Empoli,Salernitana,Manuel Volpi,17,1.88,1.13,1.53,0.84,1,1,2,2,1,1,"45'1","38",5,5,4,0,4,0,1,3,2,2,11,14,5,6,6,8,18,21,52,48,1.72,1.27,1.34,1.53,2.51,57,69,44,13,13,32,76,32,82,7.01,4.63,2.00,3.15,4.00,1.31,1.95,3.45,6.70,1.74,2.00,Stadio Carlo Castellani (Empoli)
1576936800,Dec 21 2019 - 2:00pm,complete,2846,Juve Stabia,Venezia,Lorenzo Maggioni,17,1.25,1.38,1.58,1.53,2,0,2,1,1,0,"1,62","",3,8,3,0,0,0,0,3,0,0,11,20,4,7,7,13,16,9,34,66,1.39,1.50,1.24,2.17,2.75,63,88,32,25,19,19,75,32,94,11.88,6.63,2.70,3.00,2.80,1.35,2.10,3.80,7.25,1.80,1.91,Stadio Comunale Romeo Menti (Castellammare di Stabia)
1576936800,Dec 21 2019 - 2:00pm,complete,6483,Perugia,Virtus Entella,Giacomo Camplone,17,1.88,1.00,1.45,0.95,2,0,2,0,0,0,"61,90'4","",7,10,4,0,2,1,1,3,2,1,18,19,9,4,9,15,10,14,45,55,1.57,1.42,2.08,1.83,2.50,69,82,50,26,0,44,88,19,69,9.38,5.75,2.00,3.15,4.05,1.33,2.05,3.70,7.00,1.80,1.91,Stadio Renato Curi (Perugia)
1576947600,Dec 21 2019 - 5:00pm,complete,10538,Benevento,Frosinone,Livio Marinelli,17,2.75,0.75,2.42,1.27,1,0,1,1,1,0,"21","",4,3,0,0,6,0,0,0,1,5,15,11,3,0,12,11,10,20,50,50,1.94,1.54,1.56,1.01,2.25,32,75,25,19,13,19,69,32,82,10.01,4.76,2.05,3.00,4.10,1.38,2.15,4.00,7.75,1.91,1.83,Stadio Ciro Vigorito (Benevento)
1577023200,Dec 22 2019 - 2:00pm,complete,5862,Pescara,Trapani,Giovanni Ayroldi,17,1.50,0.88,1.60,0.84,1,1,2,2,1,1,"42","30",6,3,2,0,2,0,2,0,1,1,15,3,5,2,10,1,20,18,73,27,1.43,1.50,1.83,0.50,3.44,63,100,75,38,19,26,82,82,100,8.76,6.26,1.83,3.35,4.50,1.28,1.91,3.25,6.25,1.77,2.00,Stadio Adriatico-Giovanni Cornacchia (Pescara)
1577023200,Dec 22 2019 - 2:00pm,complete,8060,Pisa,Cosenza,Alessandro Prontera,17,1.75,0.88,1.84,1.21,1,3,4,3,0,3,"67","27,40,45'1",1,8,5,1,4,0,1,5,1,3,11,10,4,8,7,2,11,20,49,51,1.36,1.42,1.26,1.60,2.82,63,76,50,44,26,32,76,38,75,8.00,7.13,2.50,2.90,3.10,1.43,2.30,4.40,8.75,1.95,1.80,Arena Garibaldi - Stadio Romeo Anconetani (Pisa)
1577044800,Dec 22 2019 - 8:00pm,complete,3951,Pordenone,Ascoli,Simone Sozza,17,2.50,0.63,1.90,0.74,2,1,3,2,2,0,"33,37","90",3,5,3,0,3,1,1,2,2,2,17,15,8,5,9,10,20,11,36,64,1.68,1.57,1.92,1.72,2.38,50,76,44,13,7,19,76,38,69,10.01,4.50,1.91,3.30,4.15,1.27,1.87,3.20,6.00,1.71,2.00,Dacia Arena (Udine)
1577359800,Dec 26 2019 - 11:30am,complete,8044,Cosenza,Empoli,Ivano Pezzuto,18,0.88,0.75,1.21,1.30,1,0,1,1,1,0,"12","",4,6,3,0,3,1,3,0,2,2,15,12,7,5,8,7,17,12,35,65,1.69,1.48,1.71,1.40,2.38,57,88,32,19,7,63,82,32,57,10.26,3.76,2.25,3.05,3.45,1.34,2.05,3.70,7.00,1.80,1.95,Stadio San Vito-Luigi Marulla (Cosenza)
1577368800,Dec 26 2019 - 2:00pm,complete,3500,Chievo,Benevento,Juan Luca Sacchi,18,1.88,1.88,1.81,2.11,1,2,3,3,1,2,"27","35,45'2",2,4,3,0,4,0,1,2,2,2,15,12,7,4,8,8,17,19,61,39,2.08,1.49,1.77,1.37,2.32,50,82,32,19,7,26,69,32,82,11.50,4.26,3.20,2.95,2.45,1.38,2.20,4.10,8.00,1.87,1.83,Stadio Marc'Antonio Bentegodi (Verona)
1577368800,Dec 26 2019 - 2:00pm,complete,6334,Cremonese,Juve Stabia,Ivan Robilotta,18,1.75,0.88,1.42,0.58,1,1,2,2,1,1,"8","2",5,2,1,0,2,0,0,1,2,0,18,16,6,5,12,11,12,8,56,44,1.87,1.07,2.06,1.56,2.07,44,69,38,7,7,13,63,44,69,8.13,5.63,1.71,3.50,5.30,1.38,2.20,4.10,8.00,2.05,1.71,Stadio Giovanni Zini (Cremona)
1577368800,Dec 26 2019 - 2:00pm,complete,12215,Frosinone,Crotone,Davide Ghersini,18,2.50,0.88,1.67,1.42,1,2,3,2,1,1,"44","24,90",4,4,2,0,1,0,0,2,1,0,16,17,7,7,9,10,14,13,50,50,1.90,1.86,1.85,1.83,2.57,51,88,51,13,7,19,82,51,82,11.13,5.26,1.95,3.20,4.10,1.31,1.95,3.45,6.70,1.77,2.00,Stadio Benito Stirpe (Frosinone)
1577368800,Dec 26 2019 - 2:00pm,complete,4201,Livorno,Pescara,Daniel Amabile,18,1.13,1.13,0.58,0.80,0,2,2,2,0,2,"","15,29",7,3,2,0,5,0,1,1,3,2,19,14,6,7,13,7,15,19,55,45,1.77,1.22,2.00,1.80,3.07,69,88,69,25,13,38,75,57,88,10.88,4.38,2.25,3.20,3.25,1.29,1.91,3.30,6.35,1.71,2.05,Stadio Armando Picchi (Livorno)
1577368800,Dec 26 2019 - 2:00pm,complete,7087,Salernitana,Pordenone,Federico Dionisi,18,1.63,1.00,1.89,1.15,4,0,4,1,1,0,"3,61,64,89","",3,5,2,0,3,0,0,2,1,2,16,12,6,4,10,8,12,21,54,46,1.56,1.61,1.66,1.33,3.07,88,100,51,25,19,38,76,51,82,10.76,5.75,2.35,3.10,3.15,1.33,2.05,3.65,7.00,1.80,1.95,Stadio Arechi (Salerno)
1577368800,Dec 26 2019 - 2:00pm,complete,4785,Trapani,Perugia,Valerio Marini,18,0.75,1.00,1.58,0.95,2,2,4,1,1,0,"23,64","62,85",5,2,4,1,1,1,0,5,0,2,11,14,5,4,6,10,14,11,30,70,1.86,1.45,1.41,1.56,2.50,50,63,57,32,7,32,69,38,69,10.00,5.00,2.55,3.00,2.90,1.34,2.05,3.70,7.00,1.77,1.95,Stadio Polisportivo Provinciale (Trapani)
1577368800,Dec 26 2019 - 2:00pm,complete,3734,Venezia,Cittadella,Riccardo Ros,18,1.00,1.38,1.11,1.74,1,2,3,2,0,2,"76","10,20",5,8,3,1,6,0,1,3,5,1,15,15,5,5,10,10,19,21,51,49,1.42,1.58,1.73,1.68,1.75,32,57,19,7,7,13,57,25,57,10.13,6.26,2.80,3.00,2.70,1.36,2.15,3.90,7.50,1.83,1.91,Stadio Pierluigi Penzo (Venezia)
1577379600,Dec 26 2019 - 5:00pm,complete,8152,Ascoli,Pisa,Antonio Rapuano,18,2.38,1.13,1.68,1.00,1,0,1,0,0,0,"68","",3,4,3,0,3,0,1,2,0,3,17,8,6,2,11,6,12,15,58,42,1.19,1.43,1.79,0.95,2.57,50,82,44,25,7,32,82,38,76,7.51,5.88,1.69,3.50,5.20,1.28,1.91,3.25,6.25,1.80,1.91,Stadio Cino e Lillo Del Duca (Ascoli Piceno)
1577390400,Dec 26 2019 - 8:00pm,complete,3813,Virtus Entella,Spezia,Eugenio Abbattista,18,2.13,1.13,1.58,1.43,0,0,0,0,0,0,"","",5,3,2,0,3,1,0,2,1,3,10,9,4,2,6,7,19,13,47,53,1.71,1.30,1.26,0.91,2.01,38,69,25,7,7,19,63,25,76,9.88,5.13,2.45,2.90,3.20,1.39,2.20,4.15,8.25,1.87,1.87,Stadio Comunale Chiavari (Chiavari)
1577619000,Dec 29 2019 - 11:30am,complete,5453,Pescara,Chievo,Niccolò Baroni,19,1.44,1.11,1.60,1.10,0,0,0,0,0,0,"","",4,1,2,0,4,0,1,1,1,3,22,9,5,4,17,5,8,18,48,52,1.47,1.34,2.16,1.20,2.78,62,89,45,22,11,33,84,45,73,8.11,5.67,2.60,2.95,2.95,1.36,2.10,3.90,7.50,1.83,1.91,Stadio Adriatico-Giovanni Cornacchia (Pescara)
1577628000,Dec 29 2019 - 2:00pm,complete,4346,Cittadella,Virtus Entella,Alessandro Prontera,19,1.67,0.89,1.25,0.95,1,3,4,1,0,1,"84","12,67,90",9,4,3,0,4,0,1,2,4,0,14,11,3,5,11,6,15,15,66,34,1.61,1.47,1.57,1.28,2.56,62,84,44,17,6,22,67,45,84,11.12,6.56,1.77,3.30,5.20,1.33,2.00,3.60,7.00,1.87,1.83,Stadio Pier Cesare Tombolato (Cittadella)
1577628000,Dec 29 2019 - 2:00pm,complete,6141,Crotone,Trapani,Lorenzo Maggioni,19,2.00,0.89,2.16,0.84,3,0,3,0,0,0,"48,78,83","",5,0,2,0,2,0,2,0,1,1,29,5,10,3,19,2,18,8,71,29,2.42,1.38,3.08,0.82,3.06,67,89,62,39,22,44,73,62,78,13.77,5.33,1.41,4.35,7.75,1.20,1.65,2.60,4.70,1.80,1.91,Stadio Ezio Scida (Crotone)
1577628000,Dec 29 2019 - 2:00pm,complete,4454,Juve Stabia,Cosenza,Gianluca Aureliano,19,1.44,1.11,1.58,1.21,1,0,1,0,0,0,"90","",6,6,3,0,5,0,0,3,2,3,9,9,3,0,6,9,9,19,61,39,1.37,1.44,1.03,0.87,2.84,56,78,45,39,17,28,73,22,89,9.33,7.11,2.60,2.95,2.95,1.38,2.20,4.10,8.00,1.87,1.87,Stadio Comunale Romeo Menti (Castellammare di Stabia)
1577628000,Dec 29 2019 - 2:00pm,complete,7968,Perugia,Venezia,Antonio Di Martino,19,2.00,1.22,1.45,1.53,0,1,1,1,0,1,"","25",4,4,3,2,5,0,3,2,2,3,13,10,4,2,9,8,21,24,48,52,1.62,1.57,1.35,0.99,2.44,62,84,33,28,6,28,78,33,78,12.34,4.88,2.00,3.10,4.30,1.38,2.20,4.10,8.00,1.95,1.80,Stadio Renato Curi (Perugia)
1577628000,Dec 29 2019 - 2:00pm,complete,8326,Pisa,Frosinone,Lorenzo Illuzzi,19,1.56,0.67,1.84,1.27,0,0,0,0,0,0,"","",3,9,3,0,1,0,0,3,0,1,10,9,3,4,7,5,16,15,54,46,1.35,1.48,1.32,1.14,2.50,50,78,39,28,17,28,78,28,78,8.56,7.11,3.75,2.95,2.15,1.38,2.20,4.10,8.00,1.91,1.83,Arena Garibaldi - Stadio Romeo Anconetani (Pisa)
1577628000,Dec 29 2019 - 2:00pm,complete,6856,Pordenone,Cremonese,Marco Serra,19,2.56,0.75,1.90,1.16,1,0,1,1,1,0,"10","",5,3,2,0,3,0,1,1,1,2,14,17,4,7,10,10,19,16,38,62,1.71,1.49,1.44,1.93,2.07,42,71,35,7,7,23,53,42,66,8.77,5.36,2.15,3.00,3.70,1.36,2.10,3.90,7.50,1.83,1.87,Dacia Arena (Udine)
1577628000,Dec 29 2019 - 2:00pm,complete,5421,Spezia,Salernitana,Luca Massimi,19,1.38,1.11,1.76,0.84,2,1,3,1,1,0,"5,83","85",4,1,3,0,4,0,1,2,2,2,15,13,3,6,12,7,19,19,47,53,1.60,1.30,1.43,1.46,2.53,41,66,36,24,18,41,71,18,77,8.31,5.32,2.00,3.00,4.40,1.42,2.30,4.35,8.50,1.95,1.77,Stadio Alberto Picco (La Spezia)
1577638800,Dec 29 2019 - 5:00pm,complete,11668,Benevento,Ascoli,Giovanni Ayroldi,19,2.78,0.56,2.42,0.74,4,0,4,1,1,0,"33,65,90'1,90'4","",2,4,2,0,4,1,0,2,2,3,20,12,8,3,12,9,10,11,39,61,1.90,1.59,2.15,1.26,2.61,50,78,39,22,17,22,84,33,78,9.89,4.67,1.45,4.10,7.25,1.25,1.80,3.00,5.60,1.91,1.83,Stadio Ciro Vigorito (Benevento)
1577649600,Dec 29 2019 - 8:00pm,complete,5689,Empoli,Livorno,Simone Sozza,19,1.78,0.22,1.53,0.53,1,1,2,2,1,1,"23","19",6,3,4,0,3,0,2,2,1,2,19,12,5,5,14,7,19,23,45,55,1.67,1.43,1.88,1.38,1.89,50,67,28,0,0,22,73,22,62,8.11,4.34,1.74,3.60,4.70,1.29,1.91,3.30,6.35,1.80,1.95,Stadio Carlo Castellani (Empoli)
1579291200,Jan 17 2020 - 8:00pm,complete,N/A,Frosinone,Pordenone,Ivano Pezzuto,20,2.22,0.89,1.67,1.15,2,2,4,2,1,1,"2,61","29,54",2,6,5,0,1,0,2,3,0,1,11,18,7,8,4,10,15,24,51,49,1.89,1.58,1.49,2.05,2.94,61,95,56,22,11,39,78,50,89,11.56,5.55,1.74,3.30,4.80,1.30,2.00,3.55,6.95,1.83,1.80,Stadio Benito Stirpe (Frosinone)
1579356000,Jan 18 2020 - 2:00pm,complete,N/A,Trapani,Ascoli,Giacomo Camplone,20,0.78,0.50,1.58,0.74,3,1,4,2,1,1,"6,66,81","32",5,5,3,1,3,1,2,2,2,2,17,15,8,6,9,9,9,6,40,60,1.81,1.56,2.04,1.64,2.72,63,73,58,37,5,27,84,37,73,10.24,6.11,2.35,3.00,3.00,1.27,1.91,3.30,6.30,1.67,2.00,Stadio Polisportivo Provinciale (Trapani)
1579356000,Jan 18 2020 - 2:00pm,complete,N/A,Juve Stabia,Empoli,Francesco Fourneau,20,1.60,0.67,1.58,1.30,1,0,1,1,1,0,"6","",6,4,1,0,3,0,1,0,0,3,15,12,2,4,13,8,14,19,48,52,1.34,1.47,1.30,1.38,2.57,37,79,32,27,16,49,80,22,67,9.31,5.81,2.80,3.00,2.50,1.31,2.00,3.60,7.00,1.77,1.91,Stadio Comunale Romeo Menti (Castellammare di Stabia)
1579356000,Jan 18 2020 - 2:00pm,complete,N/A,Cremonese,Venezia,Federico Dionisi,20,1.67,1.40,1.42,1.53,0,0,0,0,0,0,"","",5,7,2,1,2,0,1,2,0,2,7,20,2,6,5,14,12,11,44,56,1.89,1.52,1.00,2.15,1.99,52,68,21,10,5,16,74,31,62,11.62,5.03,2.10,3.05,3.50,1.47,2.45,4.85,9.75,2.10,1.59,Stadio Giovanni Zini (Cremona)
1579356000,Jan 18 2020 - 2:00pm,complete,N/A,Livorno,Virtus Entella,Antonio Rapuano,20,1.00,1.10,0.58,0.95,4,4,8,4,3,1,"9,21,42,90'1","45'2,77,89,90'6",3,2,3,1,3,2,2,2,3,2,17,21,9,9,8,12,9,10,52,48,1.80,1.45,2.09,2.27,2.80,63,84,53,21,11,37,79,42,79,11.39,5.93,2.35,3.05,2.95,1.32,2.00,3.70,7.00,1.77,1.87,Stadio Armando Picchi (Livorno)
1579366800,Jan 18 2020 - 5:00pm,complete,N/A,Chievo,Perugia,Riccardo Ros,20,1.67,1.00,1.81,0.95,2,0,2,0,0,0,"89,90'5","",5,4,4,0,3,1,3,1,0,4,9,10,6,3,3,7,20,18,45,55,2.04,1.46,1.30,1.10,2.84,67,84,62,28,11,33,78,45,84,9.55,4.33,1.95,3.15,3.90,1.37,2.15,4.10,8.00,1.95,1.74,Stadio Marc'Antonio Bentegodi (Verona)
1579442400,Jan 19 2020 - 2:00pm,complete,N/A,Spezia,Cittadella,Livio Marinelli,20,1.56,1.56,1.76,1.74,1,1,2,2,1,1,"12","36",1,2,1,0,1,0,1,0,0,1,10,10,5,4,5,6,15,14,46,54,1.58,1.59,1.12,1.30,2.23,39,67,33,17,11,28,67,22,73,10.67,5.44,2.60,2.85,3.05,1.42,2.25,4.30,8.50,1.91,1.83,Stadio Alberto Picco (La Spezia)
1579442400,Jan 19 2020 - 2:00pm,complete,N/A,Pescara,Salernitana,Daniele Minelli,20,1.40,1.00,1.60,0.84,1,2,3,0,0,0,"62","50,54",5,5,2,0,4,0,2,0,1,3,15,16,6,10,9,6,14,19,57,43,1.54,1.32,1.77,2.04,2.75,55,75,50,25,15,30,70,50,80,7.60,6.00,2.00,3.10,4.05,1.34,2.05,3.70,7.00,1.80,1.91,Stadio Adriatico-Giovanni Cornacchia (Pescara)
1579464000,Jan 19 2020 - 8:00pm,complete,N/A,Benevento,Pisa,Ivan Robilotta,20,2.80,1.00,2.42,1.00,1,1,2,2,1,1,"10","18",8,2,3,0,3,1,0,3,0,4,22,10,11,5,11,5,9,17,52,48,1.92,1.38,2.60,1.30,2.36,32,69,32,26,10,21,85,31,69,8.37,4.68,1.30,4.80,11.50,1.23,1.74,2.85,5.25,2.10,1.67,Stadio Ciro Vigorito (Benevento)
1579550400,Jan 20 2020 - 8:00pm,complete,N/A,Cosenza,Crotone,Eugenio Abbattista,20,1.11,1.11,1.21,1.42,0,1,1,1,0,1,"","12",9,2,1,0,3,0,1,0,2,1,15,13,5,5,10,8,26,19,52,48,1.69,1.85,1.72,1.40,2.39,67,84,45,6,6,33,89,28,67,11.33,4.67,3.10,2.90,2.50,1.36,2.15,3.90,7.50,1.83,1.91,Stadio San Vito-Luigi Marulla (Cosenza)
1579896000,Jan 24 2020 - 8:00pm,complete,5186,Empoli,Chievo,Gianluca Aureliano,21,1.70,1.10,1.53,1.10,1,1,2,1,1,0,"23","49",3,3,5,0,5,0,3,2,3,2,13,17,6,5,7,12,23,21,51,49,1.70,1.33,1.52,1.75,2.20,65,80,30,5,5,40,85,20,55,7.50,5.00,2.30,3.00,3.35,1.36,2.10,3.90,7.50,1.83,1.91,Stadio Carlo Castellani (Empoli)
1579960800,Jan 25 2020 - 2:00pm,complete,5057,Cittadella,Benevento,Niccolò Baroni,21,1.50,2.00,1.25,2.11,1,2,3,0,0,0,"76","70,86",2,6,5,1,3,0,2,4,1,2,14,14,3,8,11,6,23,7,47,53,1.61,1.47,1.45,1.75,2.40,47,79,36,21,5,16,58,41,79,12.36,5.56,3.25,3.15,2.30,1.32,2.00,3.60,6.95,1.80,1.95,Stadio Pier Cesare Tombolato (Cittadella)
1579960800,Jan 25 2020 - 2:00pm,complete,1828,Virtus Entella,Cremonese,Antonio Di Martino,21,2.00,0.67,1.58,1.16,1,1,2,2,1,1,"35","5",4,7,2,0,4,0,2,0,1,3,15,19,3,7,12,12,14,15,50,50,1.66,1.54,1.52,1.90,1.72,33,62,11,6,6,17,56,22,62,9.56,5.11,2.40,2.95,3.25,1.41,2.25,4.25,8.25,1.91,1.83,Stadio Comunale Chiavari (Chiavari)
1579960800,Jan 25 2020 - 2:00pm,complete,7328,Pisa,Juve Stabia,Valerio Marini,21,1.50,0.89,1.84,0.58,1,1,2,0,0,0,"83","90'5",8,6,3,1,1,1,1,3,1,1,22,6,5,3,17,3,17,12,56,44,1.34,1.13,2.28,0.74,2.62,58,85,47,26,21,31,74,43,74,6.58,7.00,2.25,2.90,3.60,1.41,2.25,4.25,8.25,1.91,1.83,Arena Garibaldi - Stadio Romeo Anconetani (Pisa)
1579960800,Jan 25 2020 - 2:00pm,complete,3716,Pordenone,Pescara,Juan Luca Sacchi,21,2.60,1.33,1.90,0.80,0,2,2,0,0,0,"","51,58",4,3,3,0,2,0,2,1,0,2,13,21,4,6,9,15,17,11,44,56,1.68,1.28,1.42,2.12,2.40,49,80,54,11,0,37,74,43,64,8.79,4.43,1.87,3.25,4.45,1.34,2.05,3.75,7.25,1.87,1.87,Dacia Arena (Udine)
1579971600,Jan 25 2020 - 5:00pm,complete,7175,Salernitana,Cosenza,Daniel Amabile,21,1.78,1.00,1.89,1.21,2,1,3,3,2,1,"31,44","14",3,6,2,0,2,0,1,1,1,1,14,11,5,3,9,8,21,19,48,52,1.57,1.39,1.56,1.07,2.75,69,80,47,42,11,21,64,49,85,8.84,5.94,2.25,2.95,3.60,1.40,2.20,4.15,8.25,1.91,1.80,Stadio Arechi (Salerno)
1580047200,Jan 26 2020 - 2:00pm,complete,5712,Crotone,Spezia,Marco Serra,21,2.10,1.11,2.16,1.43,1,2,3,1,0,1,"47","34,78",6,8,4,1,4,0,1,4,1,3,7,12,3,4,4,8,18,19,53,47,2.48,1.25,0.89,1.38,2.46,52,74,52,26,16,26,47,52,74,12.79,5.34,1.74,3.35,5.35,1.31,1.95,3.45,6.70,1.83,1.87,Stadio Ezio Scida (Crotone)
1580047200,Jan 26 2020 - 2:00pm,complete,2965,Venezia,Trapani,Davide Ghersini,21,0.89,0.80,1.11,0.84,1,1,2,1,1,0,"25","74",2,5,2,0,3,0,0,2,2,1,8,15,3,6,5,9,15,16,56,44,1.46,1.32,0.92,1.98,2.60,52,84,52,15,10,31,74,46,73,8.44,6.52,2.05,3.10,3.90,1.35,2.10,3.80,7.25,1.83,1.91,Stadio Pierluigi Penzo (Venezia)
1580068800,Jan 26 2020 - 8:00pm,complete,5709,Ascoli,Frosinone,Manuel Volpi,21,2.44,0.70,1.68,1.27,0,1,1,0,0,0,"","54",5,2,3,0,2,0,1,2,1,1,13,9,3,4,10,5,20,18,51,49,1.25,1.45,1.37,1.06,2.13,37,69,32,16,6,22,58,32,80,8.88,5.91,3.30,3.05,2.30,1.43,2.30,4.40,8.75,1.95,1.77,Stadio Cino e Lillo Del Duca (Ascoli Piceno)
1580155200,Jan 27 2020 - 8:00pm,complete,7921,Perugia,Livorno,Alessandro Prontera,21,1.80,0.30,1.45,0.53,1,0,1,1,1,0,"29","",6,4,2,0,3,0,1,1,0,3,10,5,3,2,7,3,16,24,44,56,1.60,1.43,1.21,0.75,1.90,40,60,25,15,0,30,70,15,55,9.70,5.70,1.71,3.45,5.35,1.34,2.05,3.75,7.25,2.00,1.77,Stadio Renato Curi (Perugia)
1580500800,Jan 31 2020 - 8:00pm,complete,6423,Cremonese,Pisa,Lorenzo Maggioni,22,1.60,1.00,1.42,1.00,3,4,7,3,2,1,"3,24,58","36,52,54,90'3",5,6,3,1,3,0,0,4,0,3,15,18,6,7,9,11,16,15,51,49,1.80,1.37,1.65,2.06,1.85,45,60,25,10,0,25,75,20,50,8.70,5.30,1.87,3.10,4.60,1.40,2.20,4.15,8.25,1.95,1.77,Stadio Giovanni Zini (Cremona)
1580565600,Feb 01 2020 - 2:00pm,complete,4009,Livorno,Ascoli,Riccardo Ros,22,1.00,0.45,0.58,0.74,0,3,3,1,0,1,"","7,47,90'4",6,5,2,0,2,0,1,1,2,0,17,17,7,7,10,10,19,19,54,46,1.83,1.57,2.03,1.75,3.30,67,86,62,33,20,39,86,48,86,11.32,5.78,2.35,3.00,3.35,1.33,2.05,3.70,7.00,1.77,1.95,Stadio Armando Picchi (Livorno)
1580565600,Feb 01 2020 - 2:00pm,complete,4632,Trapani,Cittadella,Ivan Robilotta,22,1.00,1.50,1.58,1.74,0,3,3,1,0,1,"","25,54,87",5,4,3,0,3,0,1,2,2,1,12,10,2,4,10,6,20,17,40,60,1.84,1.56,1.29,1.18,2.25,50,60,40,30,5,35,70,30,60,11.00,6.40,2.40,2.95,3.20,1.36,2.10,3.85,7.50,1.80,1.91,Stadio Polisportivo Provinciale (Trapani)
1580565600,Feb 01 2020 - 2:00pm,complete,4797,Spezia,Pordenone,Francesco Fourneau,22,1.50,0.90,1.76,1.15,1,0,1,0,0,0,"69","",3,5,2,1,3,0,1,2,1,2,13,12,4,0,9,12,14,18,65,35,1.53,1.63,1.49,1.04,3.00,65,90,55,30,15,50,85,35,75,10.30,4.90,2.15,2.95,3.90,1.38,2.15,4.00,7.75,1.87,1.83,Stadio Alberto Picco (La Spezia)
1580565600,Feb 01 2020 - 2:00pm,complete,10917,Frosinone,Virtus Entella,Luca Massimi,22,2.10,1.09,1.67,0.95,1,0,1,0,0,0,"57","",7,4,2,0,4,0,0,2,2,2,13,5,3,0,10,5,11,24,51,49,1.85,1.52,1.39,0.67,2.85,62,91,53,24,5,33,76,53,91,9.47,6.42,1.65,3.40,6.15,1.40,2.20,4.15,8.25,2.10,1.67,Stadio Benito Stirpe (Frosinone)
1580576400,Feb 01 2020 - 5:00pm,complete,5224,Empoli,Crotone,Livio Marinelli,22,1.64,1.30,1.53,1.42,3,1,4,3,2,1,"17,20,61","39",3,10,3,0,3,0,1,2,1,2,17,12,8,5,9,7,18,13,39,61,1.68,1.81,1.86,1.50,2.44,71,86,48,5,5,33,96,29,62,8.81,4.79,2.35,3.15,3.15,1.29,1.95,3.35,6.45,1.71,2.05,Stadio Carlo Castellani (Empoli)
1580652000,Feb 02 2020 - 2:00pm,complete,3000,Juve Stabia,Perugia,Daniele Minelli,22,1.73,0.90,1.58,0.95,1,2,3,2,1,1,"25","18,71",8,6,2,0,5,0,1,1,2,3,14,22,4,10,10,12,14,24,60,40,1.33,1.42,1.52,2.35,2.68,43,77,44,24,14,19,67,35,91,9.47,6.05,2.70,2.95,2.80,1.34,2.05,3.75,7.25,1.77,1.95,Stadio Comunale Romeo Menti (Castellammare di Stabia)
1580652000,Feb 02 2020 - 2:00pm,complete,3500,Chievo,Venezia,Giacomo Camplone,22,1.80,1.36,1.81,1.53,0,1,1,1,0,1,"","32",3,4,4,0,2,0,0,4,0,2,8,9,3,7,5,2,30,14,51,49,1.96,1.57,1.07,1.28,2.40,63,82,34,19,10,25,77,38,77,11.75,4.84,1.83,3.05,5.30,1.44,2.35,4.55,9.00,2.05,1.69,Stadio Marc'Antonio Bentegodi (Verona)
1580673600,Feb 02 2020 - 8:00pm,complete,11261,Benevento,Salernitana,Lorenzo Illuzzi,22,2.64,1.18,2.42,0.84,1,1,2,0,0,0,"69","53",5,0,3,1,4,0,3,1,3,1,17,11,2,3,15,8,19,21,54,46,1.99,1.38,1.61,1.11,2.55,41,69,36,23,18,32,73,36,73,8.45,5.55,1.48,3.90,7.50,1.28,1.91,3.25,6.25,2.00,1.74,Stadio Ciro Vigorito (Benevento)
1580760000,Feb 03 2020 - 8:00pm,complete,5867,Pescara,Cosenza,Antonio Rapuano,22,1.27,0.91,1.60,1.21,2,1,3,0,0,0,"69,90'4","53",8,4,4,1,3,2,4,1,1,4,12,14,4,4,8,10,15,18,56,44,1.56,1.36,1.25,1.41,2.78,64,78,60,36,9,27,64,50,78,8.91,5.81,2.15,2.95,3.85,1.40,2.20,4.15,8.25,1.87,1.83,Stadio Adriatico-Giovanni Cornacchia (Pescara)
1581105600,Feb 07 2020 - 8:00pm,complete,N/A,Ascoli,Juve Stabia,Ivano Pezzuto,23,2.20,0.90,1.68,0.58,2,2,4,1,1,0,"10,82","62,90'5",7,5,2,0,3,0,1,1,3,0,14,19,6,7,8,12,22,12,36,64,1.26,1.09,1.59,1.98,2.40,50,80,40,15,10,25,55,50,85,7.00,6.10,1.91,3.25,4.40,1.32,2.00,3.50,6.80,1.80,1.91,Stadio Cino e Lillo Del Duca (Ascoli Piceno)
1581170400,Feb 08 2020 - 2:00pm,complete,N/A,Crotone,Cremonese,Davide Ghersini,23,1.91,0.70,2.16,1.16,1,0,1,0,0,0,"87","",6,2,1,0,2,0,1,0,0,2,14,8,5,4,9,4,7,14,68,32,2.34,1.58,1.75,1.03,2.41,57,76,42,23,14,28,53,52,67,12.74,5.57,1.74,3.25,5.55,1.33,2.05,3.65,7.00,1.91,1.83,Stadio Ezio Scida (Crotone)
1581170400,Feb 08 2020 - 2:00pm,complete,N/A,Cittadella,Empoli,Eugenio Abbattista,23,1.36,0.60,1.25,1.30,1,2,3,2,1,1,"38","6,73",8,3,2,0,1,0,1,1,1,0,12,13,3,6,9,7,19,18,58,42,1.59,1.46,1.42,1.45,2.56,47,76,43,29,10,40,73,47,61,10.46,5.47,2.30,3.15,3.25,1.28,1.87,3.20,6.15,1.67,2.10,Stadio Pier Cesare Tombolato (Cittadella)
1581170400,Feb 08 2020 - 2:00pm,complete,N/A,Venezia,Frosinone,Giovanni Ayroldi,23,0.90,0.91,1.11,1.27,0,1,1,0,0,0,"","63",2,3,2,0,3,0,2,0,3,0,14,13,3,3,11,10,12,18,57,43,1.40,1.41,1.53,1.25,1.77,39,63,24,5,0,15,63,19,67,9.02,5.83,3.45,2.80,2.40,1.48,2.45,4.80,9.75,2.00,1.74,Stadio Pierluigi Penzo (Venezia)
1581170400,Feb 08 2020 - 2:00pm,complete,N/A,Pordenone,Livorno,Valerio Marini,23,2.36,0.27,1.90,0.53,2,2,4,1,1,0,"39,83","53,67",4,5,4,0,5,0,1,3,1,4,23,14,10,7,13,7,14,17,48,52,1.66,1.36,2.64,1.71,1.68,27,55,23,0,0,23,64,23,50,9.00,5.00,1.80,3.25,5.00,1.34,2.05,3.70,7.00,1.87,1.87,Dacia Arena (Udine)
1581181200,Feb 08 2020 - 5:00pm,complete,N/A,Perugia,Spezia,Gianluca Aureliano,23,1.91,1.30,1.45,1.43,0,3,3,1,0,1,"","41,60,73",5,5,3,0,2,0,3,0,0,2,10,14,3,7,7,7,16,16,42,58,1.56,1.27,1.19,1.69,2.19,48,67,43,19,5,23,66,34,68,9.85,6.32,2.35,2.80,3.55,1.47,2.40,4.70,9.50,2.00,1.74,Stadio Renato Curi (Perugia)
1581256800,Feb 09 2020 - 2:00pm,complete,N/A,Pisa,Chievo,Federico Dionisi,23,1.45,1.09,1.84,1.10,1,1,2,1,0,1,"56","8",10,6,5,1,3,0,2,4,3,0,15,15,7,5,8,10,27,22,54,46,1.44,1.36,1.90,1.51,2.41,60,78,32,23,18,36,78,23,64,7.63,7.45,2.80,2.90,2.75,1.43,2.35,4.45,8.75,1.95,1.77,Arena Garibaldi - Stadio Romeo Anconetani (Pisa)
1581256800,Feb 09 2020 - 2:00pm,complete,N/A,Virtus Entella,Pescara,Simone Sozza,23,1.90,1.50,1.58,0.80,2,0,2,1,1,0,"35,50","",5,4,3,0,3,0,1,2,0,3,12,9,6,2,6,7,16,16,39,61,1.65,1.36,1.56,1.12,2.15,45,80,30,10,0,35,70,30,65,9.40,4.20,2.15,2.90,3.85,1.35,2.10,3.80,7.25,1.80,1.95,Stadio Comunale Chiavari (Chiavari)
1581278400,Feb 09 2020 - 8:00pm,complete,N/A,Cosenza,Benevento,Marco Serra,23,1.00,2.10,1.21,2.11,0,1,1,1,0,1,"","33",2,5,5,0,2,1,4,1,1,2,21,10,9,7,12,3,27,12,52,48,1.69,1.50,2.27,1.37,2.00,50,75,25,5,0,25,65,25,65,12.00,4.50,4.15,3.05,2.00,1.42,2.30,4.35,8.50,2.00,1.74,Stadio San Vito-Luigi Marulla (Cosenza)
1581364800,Feb 10 2020 - 8:00pm,complete,N/A,Salernitana,Trapani,Antonio Di Martino,23,1.90,0.82,1.89,0.84,1,0,1,1,1,0,"12","",0,3,3,0,3,0,2,1,1,2,9,12,6,3,3,9,16,18,45,55,1.57,1.38,1.22,1.44,3.04,72,100,57,29,14,28,76,62,86,8.39,5.67,2.00,3.15,4.00,1.34,2.05,3.75,7.25,1.83,1.87,Stadio Arechi (Salerno)
1581451200,Feb 11 2020 - 8:00pm,complete,N/A,Spezia,Cremonese,Juan Luca Sacchi,17,1.64,0.64,1.76,1.16,3,2,5,1,0,1,"56,72,84","27,87",5,2,2,0,5,0,2,0,1,4,26,12,9,5,17,7,11,20,59,41,1.53,1.53,2.82,1.31,2.14,45,69,27,14,9,27,59,27,69,8.09,5.27,2.00,3.05,4.25,1.49,2.50,4.85,9.75,2.10,1.67,Stadio Alberto Picco (La Spezia)
1581710400,Feb 14 2020 - 8:00pm,complete,5162,Pescara,Cittadella,Lorenzo Illuzzi,24,1.42,1.64,1.60,1.74,1,2,3,2,1,1,"22","6,75",9,6,2,0,3,0,0,2,2,1,12,13,7,8,5,5,6,25,48,52,1.54,1.53,1.59,1.64,2.46,52,78,47,17,9,22,61,51,74,10.12,5.85,2.70,2.90,2.85,1.36,2.10,3.90,7.50,1.80,1.91,Stadio Adriatico-Giovanni Cornacchia (Pescara)
1581775200,Feb 15 2020 - 2:00pm,complete,4711,Livorno,Cosenza,Giacomo Camplone,24,0.91,0.83,0.58,1.21,0,3,3,3,0,3,"","30,32,43",2,6,2,1,2,0,0,3,0,2,9,17,5,6,4,11,24,15,50,50,1.85,1.36,1.23,1.82,3.06,61,75,61,35,18,39,70,44,79,10.95,6.13,2.30,2.95,3.40,1.38,2.20,4.10,8.00,1.87,1.83,Stadio Armando Picchi (Livorno)
1581775200,Feb 15 2020 - 2:00pm,complete,3398,Juve Stabia,Crotone,Luca Massimi,24,1.58,1.18,1.58,1.42,3,2,5,4,2,2,"14,37,89","24,34",8,11,4,0,3,0,2,2,2,1,18,18,5,6,13,12,18,18,42,58,1.35,1.78,1.72,1.90,2.66,53,79,49,18,13,31,88,18,78,10.86,6.06,3.35,3.10,2.25,1.34,2.05,3.70,7.00,1.80,1.91,Stadio Comunale Romeo Menti (Castellammare di Stabia)
1581775200,Feb 15 2020 - 2:00pm,complete,10225,Benevento,Pordenone,Lorenzo Maggioni,24,2.50,0.82,2.42,1.15,2,1,3,1,1,0,"37,60","90'1",7,2,1,0,2,0,0,1,1,1,19,18,6,8,13,10,12,15,55,45,1.95,1.58,2.00,2.05,2.85,53,83,45,31,18,40,79,44,75,10.91,5.25,1.56,3.70,6.45,1.28,1.87,3.20,6.15,1.91,1.83,Stadio Ciro Vigorito (Benevento)
1581775200,Feb 15 2020 - 2:00pm,complete,2983,Venezia,Virtus Entella,Daniel Amabile,24,0.82,1.00,1.11,0.95,2,2,4,2,1,1,"9,78","29,90'2",7,3,3,0,2,0,1,2,1,1,13,16,6,5,7,11,14,19,56,44,1.41,1.45,1.57,1.63,2.37,56,74,39,13,4,26,70,30,74,8.25,6.83,2.55,2.75,3.25,1.47,2.40,4.70,9.50,2.00,1.77,Stadio Pierluigi Penzo (Venezia)
1581786000,Feb 15 2020 - 5:00pm,complete,6735,Spezia,Ascoli,Niccolò Baroni,24,1.75,0.67,1.76,0.74,3,1,4,1,0,1,"66,74,86","30",8,0,4,0,3,1,1,3,2,2,20,18,7,5,13,13,11,16,67,33,1.64,1.58,2.46,1.59,2.83,59,84,55,29,13,29,84,38,84,9.08,5.16,1.71,3.40,5.45,1.33,2.00,3.60,7.00,1.91,1.80,Stadio Alberto Picco (La Spezia)
1581861600,Feb 16 2020 - 2:00pm,complete,11967,Frosinone,Perugia,Livio Marinelli,24,2.18,1.09,1.67,0.95,1,0,1,0,0,0,"65","",8,2,3,0,0,0,2,1,0,0,6,12,6,2,0,10,10,17,40,60,1.81,1.51,1.02,1.25,2.64,50,82,55,23,5,27,64,55,96,9.72,5.37,1.95,3.00,4.75,1.45,2.40,4.60,9.25,2.05,1.71,Stadio Benito Stirpe (Frosinone)
1581861600,Feb 16 2020 - 2:00pm,complete,6278,Cremonese,Trapani,Alessandro Prontera,24,1.45,0.75,1.42,0.84,5,0,5,2,2,0,"11,15,54,76,80","",4,3,2,0,1,1,2,0,0,2,20,16,10,4,10,12,14,17,55,45,1.79,1.39,2.26,1.67,2.50,52,74,43,17,13,30,74,43,64,9.18,5.80,2.05,2.90,4.25,1.47,2.40,4.70,9.50,2.00,1.71,Stadio Giovanni Zini (Cremona)
1581883200,Feb 16 2020 - 8:00pm,complete,6725,Empoli,Pisa,Manuel Volpi,24,1.75,1.18,1.53,1.00,2,1,3,1,0,1,"69,90'6","28",6,2,2,0,4,0,0,2,1,3,21,12,7,5,14,7,14,17,60,40,1.69,1.43,2.23,1.41,2.53,69,83,39,18,5,39,92,26,66,7.56,5.08,1.74,3.35,5.15,1.30,1.95,3.40,6.55,1.83,1.91,Stadio Carlo Castellani (Empoli)
1581969600,Feb 17 2020 - 8:00pm,complete,3500,Chievo,Salernitana,Francesco Fourneau,24,1.64,1.17,1.81,0.84,2,0,2,1,1,0,"28,70","",0,3,4,0,2,0,2,2,2,0,12,17,5,4,7,13,13,16,42,58,1.87,1.36,1.41,1.61,2.57,61,75,44,18,13,35,70,39,78,8.26,5.94,2.05,3.00,4.20,1.37,2.15,3.95,7.75,1.87,1.87,Stadio Marc'Antonio Bentegodi (Verona)
1582315200,Feb 21 2020 - 8:00pm,complete,5669,Cosenza,Frosinone,Riccardo Ros,25,0.91,1.08,1.21,1.27,0,2,2,2,0,2,"","14,20",5,2,3,0,3,0,1,2,1,2,16,12,4,4,12,8,17,13,58,42,1.74,1.40,1.74,1.28,1.70,40,57,18,4,0,18,66,18,65,10.67,4.93,3.10,2.75,2.65,1.56,2.70,5.50,11.25,2.15,1.62,Stadio San Vito-Luigi Marulla (Cosenza)
1582380000,Feb 22 2020 - 2:00pm,complete,2196,Virtus Entella,Benevento,Valerio Marini,25,2.00,2.18,1.58,2.11,0,4,4,3,0,3,"","9,14,25,85",6,3,1,0,0,0,1,0,0,0,14,11,4,7,10,4,16,8,47,53,1.64,1.49,1.57,1.47,1.78,32,69,14,5,0,23,64,14,60,11.10,4.73,3.65,3.00,2.15,1.35,2.10,3.80,7.25,1.83,1.91,Stadio Comunale Chiavari (Chiavari)
1582380000,Feb 22 2020 - 2:00pm,complete,4018,Cittadella,Juve Stabia,Giovanni Ayroldi,25,1.25,0.91,1.25,0.58,3,0,3,1,1,0,"16,47,70","",11,3,4,0,2,0,2,2,2,0,24,4,9,0,15,4,21,6,48,52,1.58,1.17,2.57,0.46,2.69,66,87,52,22,9,18,61,61,87,9.77,6.17,1.71,3.60,5.00,1.23,1.77,2.90,5.45,1.69,2.05,Stadio Pier Cesare Tombolato (Cittadella)
1582380000,Feb 22 2020 - 2:00pm,complete,3908,Trapani,Spezia,Simone Sozza,25,0.91,1.45,1.58,1.43,1,1,2,2,1,1,"35","44",3,0,3,1,1,0,0,4,1,0,8,15,4,4,4,11,18,16,39,61,1.79,1.30,1.09,1.45,2.46,50,69,60,27,5,23,69,50,73,9.72,6.54,3.15,3.10,2.35,1.37,2.15,3.95,7.75,1.87,1.87,Stadio Polisportivo Provinciale (Trapani)
1582390800,Feb 22 2020 - 5:00pm,complete,7641,Pisa,Venezia,Ivano Pezzuto,25,1.42,1.50,1.84,1.53,1,2,3,2,1,1,"38","42,47",7,3,0,0,3,0,0,0,1,2,21,9,4,5,17,4,13,20,58,42,1.48,1.55,2.06,1.09,2.34,59,75,30,25,17,21,75,33,71,10.92,6.91,2.20,3.00,3.60,1.36,2.10,3.90,7.50,1.83,1.87,Arena Garibaldi - Stadio Romeo Anconetani (Pisa)
1582466400,Feb 23 2020 - 2:00pm,complete,3416,Pordenone,Chievo,Davide Ghersini,25,2.25,1.08,1.90,1.10,0,1,1,1,0,1,"","12",5,5,2,0,4,0,1,1,1,3,14,6,4,3,10,3,19,11,50,50,1.74,1.38,1.55,0.89,2.08,46,71,30,8,4,29,75,25,58,8.42,5.66,2.50,2.95,3.05,1.35,2.10,3.80,7.25,1.80,1.95,Dacia Arena (Udine)
1582466400,Feb 23 2020 - 2:00pm,complete,7003,Salernitana,Livorno,Antonio Di Martino,25,2.00,0.33,1.89,0.53,1,0,1,1,1,0,"6","",1,2,3,0,2,0,0,3,1,1,16,9,6,0,10,9,18,14,49,51,1.54,1.39,1.74,0.93,2.20,53,71,31,18,5,18,70,36,62,8.16,5.45,1.91,3.20,4.40,1.30,1.95,3.45,6.70,1.80,1.95,Stadio Arechi (Salerno)
1582488000,Feb 23 2020 - 8:00pm,complete,5630,Crotone,Pescara,Ivan Robilotta,25,2.00,1.36,2.16,0.80,4,1,5,3,3,0,"9,33,35,52","75",4,5,3,0,2,1,2,1,1,2,15,20,8,6,7,14,18,11,54,46,2.29,1.34,1.81,2.07,2.70,57,88,57,26,9,35,62,57,79,12.24,4.53,1.62,3.55,5.95,1.27,1.87,3.20,6.00,1.83,1.87,Stadio Ezio Scida (Crotone)
1582574400,Feb 24 2020 - 8:00pm,complete,7401,Perugia,Empoli,Antonio Rapuano,25,1.75,0.82,1.45,1.30,0,1,1,0,0,0,"","89",8,4,2,0,4,0,1,1,2,2,15,9,2,4,13,5,23,17,50,50,1.53,1.46,1.52,1.04,2.31,39,70,39,26,5,53,87,26,47,9.50,4.92,2.60,3.00,2.90,1.31,2.00,3.50,6.80,1.74,2.00,Stadio Renato Curi (Perugia)
1582920000,Feb 28 2020 - 8:00pm,complete,N/A,Virtus Entella,Crotone,Gianluca Aureliano,26,1.83,1.08,1.58,1.42,1,2,3,1,0,1,"90'5","10,83",2,5,2,1,1,0,1,2,0,1,17,13,5,5,12,8,24,11,43,57,1.63,1.79,1.76,1.46,2.34,46,75,38,17,9,38,88,13,63,11.41,4.67,3.00,3.00,2.50,1.29,1.95,3.35,6.45,1.71,2.05,Stadio Comunale Chiavari (Chiavari)
1582984800,Feb 29 2020 - 2:00pm,complete,N/A,Venezia,Cosenza,Alessandro Prontera,26,0.83,1.00,1.11,1.21,1,1,2,1,1,0,"38","61",4,5,2,0,1,0,1,1,1,0,16,12,7,4,9,8,19,22,52,48,1.43,1.40,1.85,1.38,2.35,56,68,48,23,4,32,65,28,68,8.87,6.46,2.50,2.80,3.25,1.48,2.45,4.80,9.75,2.00,1.74,Stadio Pierluigi Penzo (Venezia)
1582984800,Feb 29 2020 - 2:00pm,complete,N/A,Cittadella,Cremonese,Antonio Rapuano,26,1.38,0.58,1.25,1.16,0,0,0,0,0,0,"","",3,10,3,0,2,0,1,2,1,1,12,11,4,2,8,9,-1,-1,55,45,1.66,1.51,1.35,1.19,2.51,56,76,44,20,13,16,56,52,80,10.60,6.56,1.95,3.25,4.00,1.31,1.95,3.45,6.70,1.80,1.95,Stadio Pier Cesare Tombolato (Cittadella)
1582984800,Feb 29 2020 - 2:00pm,complete,N/A,Pisa,Perugia,Marco Serra,26,1.31,1.00,1.84,0.95,1,0,1,0,0,0,"54","",5,3,2,1,1,0,1,2,0,1,20,12,8,0,12,12,18,20,44,56,1.53,1.48,2.15,1.00,2.68,60,80,52,28,16,32,68,41,85,9.02,6.58,2.60,2.90,3.00,1.40,2.25,4.25,8.25,1.91,1.83,Arena Garibaldi - Stadio Romeo Anconetani (Pisa)
1582984800,Feb 29 2020 - 2:00pm,complete,N/A,Empoli,Pordenone,Luca Massimi,26,1.85,0.75,1.53,1.15,0,1,1,1,0,1,"","32",12,4,2,0,2,0,1,1,0,2,21,15,5,5,16,10,1,0,60,40,1.74,1.62,2.12,1.55,2.86,80,92,57,21,9,44,88,41,76,9.58,5.07,1.87,3.35,4.25,1.26,1.83,3.15,5.90,1.69,2.05,Stadio Carlo Castellani (Empoli)
1582984800,Feb 29 2020 - 2:00pm,complete,N/A,Benevento,Spezia,Manuel Volpi,26,2.54,1.42,2.42,1.43,3,1,4,1,0,1,"66,76,89","15",7,2,4,0,3,1,0,4,2,2,17,9,8,5,9,4,-1,-1,56,44,1.96,1.32,2.00,1.18,2.36,44,76,41,16,12,20,68,48,72,9.15,5.32,1.77,3.30,5.25,1.34,2.05,3.75,7.25,1.91,1.83,Stadio Ciro Vigorito (Benevento)
1582984800,Feb 29 2020 - 2:00pm,complete,N/A,Juve Stabia,Trapani,Niccolò Baroni,26,1.69,0.69,1.58,0.84,2,2,4,1,0,1,"67,81","30,53",7,5,2,0,5,0,1,1,2,3,19,18,9,6,10,12,9,20,61,39,1.38,1.41,2.26,1.88,2.96,50,85,50,27,23,35,81,35,89,9.61,6.53,2.40,2.90,3.25,1.36,2.10,3.90,7.50,1.80,1.95,Stadio Comunale Romeo Menti (Castellammare di Stabia)
1582995600,Feb 29 2020 - 5:00pm,complete,N/A,Chievo,Livorno,Daniel Amabile,26,1.75,0.31,1.81,0.53,0,1,1,0,0,0,"","57",7,3,1,0,4,0,0,1,1,3,16,10,5,4,11,6,14,21,57,43,1.83,1.36,1.80,1.21,2.06,45,65,29,13,4,24,76,24,61,8.75,5.42,1.77,3.35,5.10,1.33,2.05,3.70,7.00,1.91,1.83,Stadio Marc'Antonio Bentegodi (Verona)
1582995600,Feb 29 2020 - 5:00pm,complete,N/A,Frosinone,Salernitana,Juan Luca Sacchi,26,2.25,1.08,1.67,0.84,1,0,1,0,0,0,"72","",9,2,3,0,3,0,1,2,1,2,11,8,3,2,8,6,13,27,41,59,1.75,1.38,1.17,0.85,2.44,48,72,40,16,8,28,60,44,93,8.73,6.04,1.80,3.20,5.15,1.47,2.40,4.70,9.50,2.15,1.62,Stadio Benito Stirpe (Frosinone)
1583092800,Mar 01 2020 - 8:00pm,complete,6601,Pescara,Ascoli,Livio Marinelli,26,1.31,0.62,1.60,0.74,2,1,3,2,1,1,"43,80","45'2",4,2,1,0,6,0,1,0,1,5,24,13,7,4,17,9,14,23,48,52,1.54,1.58,2.35,1.44,3.04,69,92,69,31,8,23,77,62,89,9.46,5.77,2.10,3.15,3.70,1.26,1.83,3.15,5.90,1.67,2.10,Stadio Adriatico-Giovanni Cornacchia (Pescara)
1583265600,Mar 03 2020 - 8:00pm,complete,6699,Perugia,Benevento,Davide Ghersini,27,1.62,2.25,1.45,2.11,1,2,3,1,0,1,"90'1","44,78",7,5,1,0,1,0,1,0,0,1,8,19,3,7,5,12,21,14,51,49,1.53,1.49,1.13,1.89,2.16,36,69,36,20,0,28,68,24,65,11.02,5.27,3.45,2.95,2.30,1.39,2.20,4.15,8.25,1.91,1.83,Stadio Renato Curi (Perugia)
1583265600,Mar 03 2020 - 8:00pm,complete,3032,Cosenza,Cittadella,Antonio Di Martino,27,0.83,1.75,1.21,1.74,1,2,3,0,0,0,"90'1","50,74",8,5,2,0,2,0,1,1,1,1,11,16,4,5,7,11,19,13,46,54,1.74,1.53,1.33,1.65,1.96,46,67,25,4,4,33,75,21,59,11.42,5.42,2.60,2.95,2.95,1.38,2.20,4.10,8.00,1.87,1.87,Stadio San Vito-Luigi Marulla (Cosenza)
1583265600,Mar 03 2020 - 8:00pm,complete,N/A,Cremonese,Empoli,Riccardo Ros,27,1.58,1.00,1.42,1.30,2,3,5,4,2,2,"27,39","35,44,58",4,9,3,0,1,0,2,1,1,0,20,17,7,7,13,10,18,9,41,59,1.83,1.42,2.22,1.84,2.25,38,63,33,21,13,50,75,29,46,9.08,4.75,2.30,3.20,3.10,1.33,2.00,3.60,7.00,1.71,2.00,Stadio Giovanni Zini (Cremona)
1583265600,Mar 03 2020 - 8:00pm,complete,3946,Livorno,Frosinone,Daniele Minelli,27,0.83,1.23,0.58,1.27,2,2,4,2,1,1,"15,50","31,69",4,5,3,0,2,0,1,2,1,1,14,18,8,7,6,11,18,12,39,61,1.79,1.39,1.82,2.06,2.52,37,69,41,17,13,33,69,33,72,10.54,5.35,3.60,3.00,2.20,1.45,2.40,4.60,9.25,2.05,1.71,Stadio Armando Picchi (Livorno)
1583265600,Mar 03 2020 - 8:00pm,complete,2345,Pordenone,Juve Stabia,Lorenzo Illuzzi,27,2.08,0.83,1.90,0.58,2,1,3,1,1,0,"32,83","74",6,7,3,0,5,0,1,2,2,3,16,12,7,3,9,9,25,14,41,59,1.72,1.11,1.76,1.27,2.29,45,77,44,13,4,20,68,53,69,8.02,5.23,1.67,3.70,5.15,1.25,1.80,3.05,5.70,1.77,1.95,Dacia Arena (Udine)
1583265600,Mar 03 2020 - 8:00pm,complete,5687,Crotone,Pisa,Alessandro Prontera,27,2.08,1.08,2.16,1.00,1,0,1,0,0,0,"90'4","",12,1,2,0,6,2,1,1,2,6,21,6,5,2,16,4,15,21,73,27,2.25,1.43,2.17,0.81,2.76,60,76,52,32,16,36,73,48,72,11.66,5.23,1.51,3.95,6.60,1.22,1.71,2.80,5.15,1.77,1.95,Stadio Ezio Scida (Crotone)
1583265600,Mar 03 2020 - 8:00pm,complete,5424,Salernitana,Venezia,Lorenzo Maggioni,27,2.08,1.62,1.89,1.53,2,0,2,1,1,0,"45,69","",4,7,1,0,2,1,1,0,2,1,10,22,5,2,5,20,15,9,46,54,1.56,1.51,1.31,1.90,2.33,61,76,33,20,8,16,76,41,68,9.67,5.12,2.25,2.95,3.55,1.43,2.35,4.45,9.00,1.95,1.77,Stadio Arechi (Salerno)
1583265600,Mar 03 2020 - 8:00pm,complete,3941,Trapani,Virtus Entella,Giovanni Ayroldi,27,0.92,1.00,1.58,0.95,4,1,5,1,0,1,"63,71,89,90'4","23",6,1,2,0,2,0,1,1,1,1,22,12,9,3,13,9,19,16,60,40,1.73,1.47,2.47,1.20,2.79,64,76,56,37,4,40,80,44,72,9.32,6.94,2.25,3.15,3.35,1.34,2.05,3.70,7.00,1.80,1.91,Stadio Polisportivo Provinciale (Trapani)
1583344200,Mar 04 2020 - 5:50pm,complete,N/A,Ascoli,Chievo,Eugenio Abbattista,27,2.09,1.23,1.68,1.10,1,1,2,1,0,1,"71","38",6,2,2,0,3,0,1,1,0,3,11,12,3,3,8,9,14,10,53,47,1.29,1.34,1.27,1.24,2.28,50,71,30,18,9,29,70,27,73,7.95,6.38,2.75,2.85,2.85,1.36,2.10,3.90,7.50,1.80,1.91,Stadio Cino e Lillo Del Duca (Ascoli Piceno)
1583352000,Mar 04 2020 - 8:00pm,complete,5201,Spezia,Pescara,Ivano Pezzuto,27,1.85,1.25,1.76,0.80,2,0,2,0,0,0,"49,60","",9,0,1,0,4,0,0,1,3,1,14,8,7,2,7,6,11,13,56,44,1.70,1.40,1.73,0.88,2.81,56,89,52,28,12,37,76,45,80,8.46,4.73,1.67,3.50,5.55,1.32,2.00,3.50,6.80,1.91,1.80,Stadio Alberto Picco (La Spezia)
1583587800,Mar 07 2020 - 1:30pm,complete,N/A,Cittadella,Pordenone,Giacomo Camplone,28,1.36,0.92,1.25,1.15,0,2,2,1,0,1,"","17,78",6,3,1,1,2,0,0,2,0,2,9,8,4,5,5,3,17,17,57,43,1.64,1.61,1.35,1.23,2.86,63,82,60,26,11,30,71,52,82,12.03,6.06,2.05,3.15,3.85,1.31,1.95,3.45,6.70,1.77,1.95,Stadio Pier Cesare Tombolato (Cittadella)
1583589600,Mar 07 2020 - 2:00pm,complete,N/A,Frosinone,Cremonese,Francesco Fourneau,28,2.31,0.62,1.67,1.16,0,2,2,1,0,1,"","13,50",8,5,1,1,2,0,1,1,0,2,9,11,4,7,5,4,8,15,66,34,1.70,1.48,1.39,1.58,2.12,42,66,31,15,8,19,50,42,81,10.08,5.85,1.77,3.15,5.55,1.45,2.40,4.60,9.25,2.15,1.65,Stadio Benito Stirpe (Frosinone)
1583589600,Mar 07 2020 - 2:00pm,complete,N/A,Venezia,Crotone,Marco Serra,28,0.85,1.23,1.11,1.42,1,3,4,2,0,2,"83","12,36,47",4,5,1,0,3,0,1,0,2,1,11,9,4,5,7,4,11,23,40,60,1.46,1.76,1.44,1.40,2.46,62,77,50,16,8,31,85,27,69,10.00,5.54,3.60,3.20,2.10,1.25,1.80,3.05,5.70,1.65,2.15,Stadio Pierluigi Penzo (Venezia)
1583589600,Mar 07 2020 - 2:00pm,complete,N/A,Perugia,Salernitana,Simone Sozza,28,1.50,1.00,1.45,0.84,1,0,1,1,1,0,"22","",7,4,3,1,4,0,1,3,1,3,11,5,5,4,6,1,20,23,41,59,1.50,1.34,1.69,0.99,2.32,47,64,40,18,7,29,68,33,75,8.86,6.07,2.25,2.90,3.65,1.45,2.40,4.60,9.25,2.00,1.74,Stadio Renato Curi (Perugia)
1583589600,Mar 07 2020 - 2:00pm,complete,N/A,Empoli,Trapani,Federico Dionisi,28,1.71,0.71,1.53,0.84,1,1,2,1,0,1,"87","45",6,8,2,0,2,0,0,2,1,1,8,13,3,5,5,8,11,12,63,37,1.76,1.45,1.28,1.65,2.79,68,90,54,22,11,36,90,47,75,8.57,5.43,1.80,3.45,4.55,1.24,1.77,2.90,5.45,1.67,2.10,Stadio Carlo Castellani (Empoli)
1583600400,Mar 07 2020 - 5:00pm,complete,N/A,Pisa,Livorno,Livio Marinelli,28,1.43,0.50,1.84,0.53,1,0,1,0,0,0,"63","",0,1,1,0,3,0,1,0,1,2,18,18,4,4,14,14,14,19,47,53,1.58,1.35,1.70,1.82,2.07,47,61,29,18,11,25,68,22,65,8.86,7.00,2.20,3.15,3.40,1.34,2.05,3.75,7.25,1.80,1.91,Arena Garibaldi - Stadio Romeo Anconetani (Pisa)
1583676000,Mar 08 2020 - 2:00pm,complete,N/A,Virtus Entella,Ascoli,Ivan Robilotta,28,1.69,0.57,1.58,0.74,3,0,3,3,3,0,"8,13,22","",7,3,2,0,2,0,0,2,1,1,23,9,11,3,12,6,14,14,50,50,1.64,1.57,2.58,1.13,2.50,51,81,43,22,4,30,85,29,78,9.60,5.36,2.10,3.25,3.60,1.27,1.87,3.20,6.00,1.71,2.05,Stadio Comunale Chiavari (Chiavari)
1583676000,Mar 08 2020 - 2:00pm,complete,N/A,Juve Stabia,Spezia,Gianluca Aureliano,28,1.64,1.31,1.58,1.43,3,1,4,1,1,0,"24,50,73","57",4,8,3,0,3,0,2,1,2,1,11,16,6,6,5,10,11,19,33,67,1.44,1.31,1.30,1.87,2.62,52,78,49,22,15,22,71,34,85,9.64,6.52,3.95,3.15,2.00,1.34,2.05,3.70,7.00,1.83,1.91,Stadio Comunale Romeo Menti (Castellammare di Stabia)
1583697600,Mar 08 2020 - 8:00pm,complete,N/A,Benevento,Pescara,Antonio Rapuano,28,2.57,1.15,2.42,0.80,4,0,4,3,3,0,"17,21,33,71","",3,6,2,0,0,0,1,1,0,0,16,18,9,5,7,13,7,7,51,49,1.96,1.36,1.90,1.77,2.71,49,90,45,26,11,30,74,56,78,8.91,4.91,1.47,4.10,7.00,1.22,1.71,2.80,5.10,1.80,1.91,Stadio Ciro Vigorito (Benevento)
1583784000,Mar 09 2020 - 8:00pm,complete,N/A,Chievo,Cosenza,Niccolò Baroni,28,1.62,1.00,1.81,1.21,2,0,2,1,1,0,"32,90'1","",5,0,3,0,2,0,0,3,1,1,17,13,6,2,11,11,18,19,55,45,1.83,1.40,1.85,1.11,2.51,59,74,48,26,8,34,71,30,74,9.49,5.67,1.80,3.25,5.00,1.49,2.50,4.85,9.75,2.20,1.61,Stadio Marc'Antonio Bentegodi (Verona)
1592411400,Jun 17 2020 - 4:30pm,complete,N/A,Ascoli,Cremonese,Daniele Minelli,25,2.00,0.79,1.68,1.16,1,3,4,3,1,2,"38","18,22,59",5,1,3,0,3,0,1,2,1,2,10,17,4,6,6,11,16,16,65,35,1.29,1.49,1.47,1.65,2.25,47,70,32,20,11,20,54,39,78,8.62,6.06,2.55,2.90,3.05,1.34,2.05,3.75,7.25,1.77,1.95,Stadio Cino e Lillo Del Duca (Ascoli Piceno)
1592580600,Jun 19 2020 - 3:30pm,complete,N/A,Spezia,Empoli,Eugenio Abbattista,29,1.93,1.15,1.76,1.30,1,0,1,0,0,0,"72","",2,9,1,0,1,0,0,1,1,0,11,11,5,4,6,7,12,15,53,47,1.70,1.46,1.33,1.22,2.55,44,74,41,30,15,49,78,30,63,9.24,4.29,2.40,3.10,3.10,1.39,2.25,4.20,8.25,1.91,1.83,Stadio Alberto Picco (La Spezia)
1592668800,Jun 20 2020 - 4:00pm,complete,N/A,Crotone,Chievo,Riccardo Ros,29,2.14,1.21,2.16,1.10,1,1,2,1,1,0,"21","88",3,3,3,0,2,0,2,1,0,2,7,16,3,3,4,13,13,23,51,49,2.25,1.33,0.79,1.67,2.36,57,71,36,22,14,33,68,32,68,12.00,5.57,2.05,3.15,4.00,1.33,2.00,3.65,7.00,1.77,1.95,Stadio Ezio Scida (Crotone)
1592668800,Jun 20 2020 - 4:00pm,complete,N/A,Livorno,Cittadella,Davide Ghersini,29,0.85,1.85,0.58,1.74,0,2,2,0,0,0,"","50,60",5,6,0,0,2,0,0,0,1,1,10,18,4,6,6,12,8,16,47,53,1.80,1.54,1.18,1.99,2.81,50,77,54,20,16,43,74,43,73,11.38,5.70,3.35,3.10,2.25,1.36,2.10,3.90,7.50,1.83,1.87,Stadio Armando Picchi (Livorno)
1592668800,Jun 20 2020 - 4:00pm,complete,N/A,Trapani,Frosinone,Lorenzo Illuzzi,29,1.08,1.21,1.58,1.27,0,0,0,0,0,0,"","",4,5,3,0,2,0,1,2,0,2,7,7,0,3,7,4,22,12,43,57,1.78,1.44,0.89,0.96,2.28,46,63,42,30,4,30,71,34,67,9.73,5.86,3.20,2.85,2.50,1.49,2.50,4.85,9.75,2.05,1.71,Stadio Polisportivo Provinciale (Trapani)
1592668800,Jun 20 2020 - 4:00pm,complete,N/A,Pescara,Juve Stabia,Daniel Amabile,29,1.43,0.77,1.60,0.58,3,1,4,0,0,0,"57,71,79","87",9,4,2,0,2,0,2,0,1,1,20,9,7,3,13,6,12,10,51,49,1.60,1.12,2.07,1.05,2.78,67,93,63,18,8,22,67,67,86,8.47,5.58,2.15,3.15,3.55,1.25,1.80,3.00,5.60,1.62,2.15,Stadio Adriatico-Giovanni Cornacchia (Pescara)
1592668800,Jun 20 2020 - 4:00pm,complete,N/A,Salernitana,Pisa,Giovanni Ayroldi,29,2.15,1.00,1.89,1.00,1,1,2,1,1,0,"29","53",4,4,5,0,2,0,3,2,1,1,7,15,2,3,5,12,23,13,45,55,1.54,1.38,0.79,1.49,2.54,58,77,38,23,8,23,81,39,69,7.07,5.92,2.05,3.15,3.90,1.38,2.15,4.00,7.75,1.91,1.80,Stadio Arechi (Salerno)
1592668800,Jun 20 2020 - 4:00pm,complete,N/A,Cosenza,Virtus Entella,Manuel Volpi,29,0.77,0.93,1.21,0.95,2,1,3,2,2,0,"31,35","90'3",7,8,3,1,4,0,1,3,2,2,17,19,6,6,11,13,26,13,34,66,1.71,1.45,1.67,2.04,2.53,63,78,40,18,7,34,78,37,70,10.01,5.80,2.40,2.90,3.30,1.39,2.25,4.20,8.25,1.87,1.83,Stadio San Vito-Luigi Marulla (Cosenza)
1592677800,Jun 20 2020 - 6:30pm,complete,N/A,Pordenone,Venezia,Valerio Marini,29,2.14,1.50,1.90,1.53,0,0,0,0,0,0,"","",4,7,3,1,2,0,2,2,0,2,9,18,3,4,6,14,11,13,36,64,1.73,1.54,1.02,1.87,2.07,43,68,32,11,4,18,75,36,64,10.93,5.00,2.10,3.20,3.60,1.32,2.00,3.60,6.95,1.80,1.95,Stadio Nereo Rocco (Trieste)
1592755200,Jun 21 2020 - 4:00pm,complete,N/A,Cremonese,Benevento,Luca Massimi,29,1.46,2.31,1.42,2.11,0,1,1,0,0,0,"","51",5,2,2,0,2,0,1,1,1,1,16,10,6,3,10,7,15,16,42,58,1.86,1.52,1.86,1.09,2.35,42,70,38,19,12,31,66,31,62,10.31,4.92,3.60,3.15,2.15,1.33,2.00,3.65,7.00,1.80,1.95,Stadio Giovanni Zini (Cremona)
1592764200,Jun 21 2020 - 6:30pm,complete,N/A,Ascoli,Perugia,Juan Luca Sacchi,29,1.85,0.92,1.68,0.95,0,1,1,0,0,0,"","72",2,5,4,0,2,0,2,2,0,2,13,15,3,4,10,11,20,17,47,53,1.31,1.45,1.40,1.64,2.58,50,73,50,27,8,27,58,42,92,8.46,5.38,2.75,2.90,2.80,1.41,2.25,4.30,8.50,1.91,1.80,Stadio Cino e Lillo Del Duca (Ascoli Piceno)
1593189900,Jun 26 2020 - 4:45pm,complete,N/A,Trapani,Pordenone,Alessandro Prontera,30,1.07,1.07,1.58,1.15,3,0,3,1,1,0,"34,58,62","",4,3,2,0,4,0,2,0,2,2,18,13,9,2,9,11,17,17,48,52,1.72,1.58,2.24,1.20,2.79,61,75,57,36,11,40,83,43,68,10.43,5.93,2.50,3.05,3.00,1.33,2.05,3.65,7.00,1.77,1.95,Stadio Polisportivo Provinciale (Trapani)
1593198000,Jun 26 2020 - 7:00pm,complete,N/A,Venezia,Ascoli,Francesco Fourneau,30,0.79,0.53,1.11,0.74,2,1,3,2,1,1,"8,66","24",7,4,3,0,4,1,0,3,1,4,16,17,3,5,13,12,12,17,57,43,1.46,1.54,1.54,1.73,2.64,62,82,55,24,4,31,82,38,79,8.41,6.06,2.15,3.15,3.50,1.31,1.95,3.50,6.70,1.77,2.00,Stadio Pierluigi Penzo (Venezia)
1593198000,Jun 26 2020 - 7:00pm,complete,N/A,Empoli,Benevento,Ivano Pezzuto,30,1.67,2.36,1.53,2.11,0,0,0,0,0,0,"","",7,1,2,0,1,0,1,1,0,1,13,13,6,4,7,9,21,14,55,45,1.73,1.49,1.52,1.36,2.24,58,79,38,11,0,27,75,28,69,9.74,4.49,3.00,3.10,2.50,1.30,1.95,3.40,6.60,1.71,2.05,Stadio Carlo Castellani (Empoli)
1593198000,Jun 26 2020 - 7:00pm,complete,N/A,Frosinone,Cittadella,Lorenzo Maggioni,30,2.14,1.93,1.67,1.74,0,2,2,1,0,1,"","41,51",9,5,2,0,7,0,0,2,2,5,14,12,2,4,12,8,15,24,48,52,1.68,1.58,1.38,1.37,2.18,40,71,36,11,4,25,57,40,86,11.50,5.57,2.30,2.90,3.60,1.49,2.50,4.95,10.00,2.05,1.71,Stadio Benito Stirpe (Frosinone)
1593198000,Jun 26 2020 - 7:00pm,complete,N/A,Cremonese,Cosenza,Gianluca Aureliano,30,1.36,0.93,1.42,1.21,0,2,2,1,0,1,"","25,48",6,5,1,0,2,1,0,1,2,1,24,15,4,6,20,9,22,14,61,39,1.86,1.38,2.28,1.65,2.48,52,65,45,27,14,35,66,28,65,9.33,5.70,2.05,3.05,4.10,1.40,2.25,4.25,8.25,1.95,1.80,Stadio Giovanni Zini (Cremona)
1593198000,Jun 26 2020 - 7:00pm,complete,N/A,Perugia,Crotone,Antonio Di Martino,30,1.60,1.36,1.45,1.42,0,0,0,0,0,0,"","",3,12,3,1,3,0,2,2,1,2,8,21,5,6,3,15,14,17,33,67,1.51,1.74,1.09,2.30,2.57,56,73,56,25,7,35,90,32,66,11.58,5.44,2.95,3.00,2.55,1.32,2.00,3.55,6.85,1.74,2.00,Stadio Renato Curi (Perugia)
1593198000,Jun 26 2020 - 7:00pm,complete,N/A,Juve Stabia,Livorno,Ivan Robilotta,30,1.73,0.47,1.58,0.53,2,3,5,1,1,0,"21,86","59,60,90'4",5,4,5,2,2,1,4,3,2,1,18,12,3,4,15,8,20,25,53,47,1.43,1.38,1.61,1.33,2.23,40,60,30,20,10,20,70,17,73,9.47,6.27,2.20,3.15,3.40,1.29,1.91,3.30,6.35,1.71,2.05,Stadio Comunale Romeo Menti (Castellammare di Stabia)
1593198000,Jun 26 2020 - 7:00pm,complete,N/A,Pisa,Pescara,Daniele Minelli,30,1.53,1.07,1.84,0.80,2,1,3,1,1,0,"15,90'5","89",8,3,2,0,5,1,0,2,2,4,13,8,5,3,8,5,13,20,43,57,1.58,1.39,1.45,1.12,2.70,55,87,49,28,14,38,69,42,83,8.32,6.23,2.40,3.05,3.15,1.30,1.95,3.40,6.60,1.71,2.05,Arena Garibaldi - Stadio Romeo Anconetani (Pisa)
1593198000,Jun 26 2020 - 7:00pm,complete,N/A,Virtus Entella,Salernitana,Giacomo Camplone,30,1.79,0.93,1.58,0.84,1,0,1,0,0,0,"49","",5,4,2,0,3,0,1,1,3,0,12,7,4,2,8,5,17,17,37,63,1.71,1.32,1.43,0.85,2.13,38,66,27,10,7,32,70,20,69,8.56,5.47,2.40,3.00,3.25,1.36,2.10,3.85,7.50,1.83,1.91,Stadio Comunale Chiavari (Chiavari)
1593198000,Jun 26 2020 - 7:00pm,complete,N/A,Chievo,Spezia,Federico Dionisi,30,1.71,1.21,1.81,1.43,1,3,4,0,0,0,"60","72,76,86",6,5,1,0,2,0,0,1,0,2,12,16,4,7,8,9,14,17,50,50,1.83,1.35,1.35,1.75,2.43,54,79,47,18,7,22,72,43,79,9.00,5.64,2.45,2.90,3.25,1.44,2.35,4.50,9.00,1.95,1.77,Stadio Marc'Antonio Bentegodi (Verona)
1593449100,Jun 29 2020 - 4:45pm,complete,N/A,Salernitana,Cremonese,Niccolò Baroni,31,2.07,0.93,1.89,1.16,3,3,6,1,0,1,"73,79,90'6","6,67,85",10,4,3,1,2,1,0,4,0,3,17,13,7,5,10,8,19,16,69,31,1.48,1.50,1.98,1.35,2.32,56,77,32,21,10,17,66,38,69,7.78,5.70,2.60,2.95,2.95,1.38,2.20,4.10,8.00,1.87,1.83,Stadio Arechi (Salerno)
1593457200,Jun 29 2020 - 7:00pm,complete,N/A,Ascoli,Crotone,Simone Sozza,31,1.71,1.33,1.68,1.42,1,1,2,0,0,0,"78","60",3,6,4,0,2,0,0,4,1,1,7,25,3,6,4,19,13,13,33,67,1.31,1.78,0.82,2.30,2.65,59,76,55,28,10,35,75,35,80,10.34,5.67,3.65,3.40,2.00,1.21,1.67,2.70,4.90,1.57,2.25,Stadio Cino e Lillo Del Duca (Ascoli Piceno)
1593457200,Jun 29 2020 - 7:00pm,complete,N/A,Pescara,Empoli,Giovanni Ayroldi,31,1.53,1.07,1.60,1.30,1,1,2,0,0,0,"77","64",3,3,2,0,2,1,1,1,1,2,16,10,6,3,10,7,8,21,39,61,1.63,1.44,1.69,1.25,2.68,55,79,55,28,11,46,70,44,69,9.91,4.54,2.95,3.20,2.40,1.23,1.74,2.85,5.25,1.57,2.25,Stadio Adriatico-Giovanni Cornacchia (Pescara)
1593457200,Jun 29 2020 - 7:00pm,complete,N/A,Chievo,Frosinone,Luca Massimi,31,1.60,1.20,1.81,1.27,2,0,2,0,0,0,"54,55","",6,2,3,0,1,0,3,0,0,1,15,10,6,2,9,8,13,18,51,49,1.79,1.40,1.77,1.13,2.07,40,67,30,17,4,24,63,27,74,9.46,5.00,2.60,2.85,3.10,1.50,2.55,5.05,10.25,2.10,1.67,Stadio Marc'Antonio Bentegodi (Verona)
1593457200,Jun 29 2020 - 7:00pm,complete,N/A,Benevento,Juve Stabia,Livio Marinelli,31,2.60,0.71,2.42,0.58,1,0,1,0,0,0,"71","",4,5,2,1,2,0,2,1,0,2,13,12,4,4,9,8,9,15,43,57,1.96,1.12,1.38,1.30,2.69,52,87,49,27,10,21,72,59,80,8.70,5.27,1.45,3.80,8.25,1.25,1.80,3.00,5.60,1.87,1.83,Stadio Ciro Vigorito (Benevento)
1593457200,Jun 29 2020 - 7:00pm,complete,N/A,Cittadella,Perugia,Lorenzo Illuzzi,31,1.27,1.07,1.25,0.95,2,0,2,1,1,0,"40,56","",5,5,3,0,2,0,2,1,2,0,12,13,3,4,9,9,15,18,40,60,1.61,1.46,1.19,1.52,2.52,48,72,52,21,7,17,55,48,90,10.67,5.63,2.05,3.25,3.75,1.36,2.10,3.90,7.50,1.87,1.83,Stadio Pier Cesare Tombolato (Cittadella)
1593457200,Jun 29 2020 - 7:00pm,complete,N/A,Spezia,Pisa,Davide Ghersini,31,2.00,1.00,1.76,1.00,1,2,3,2,1,1,"26","38,85",5,3,4,0,0,0,1,3,0,0,12,11,2,5,10,6,15,10,63,37,1.68,1.39,1.30,1.25,2.52,52,72,38,24,10,28,77,31,76,8.10,5.50,1.87,3.35,4.40,1.32,2.00,3.55,6.85,1.80,1.91,Stadio Alberto Picco (La Spezia)
1593457200,Jun 29 2020 - 7:00pm,complete,N/A,Cosenza,Trapani,Marco Serra,31,0.93,0.73,1.21,0.84,2,2,4,3,1,2,"40,90'5","20,37",11,3,3,0,5,1,1,2,1,5,15,10,8,5,7,5,15,16,50,50,1.71,1.46,1.91,1.35,2.57,59,82,45,17,10,35,83,41,72,10.41,5.63,2.35,3.00,3.25,1.38,2.15,4.00,7.75,1.87,1.87,Stadio San Vito-Luigi Marulla (Cosenza)
1593457200,Jun 29 2020 - 7:00pm,complete,N/A,Livorno,Venezia,Riccardo Ros,31,0.79,1.47,0.58,1.53,0,2,2,2,0,2,"","19,22",5,4,1,0,1,0,1,0,0,1,14,14,4,6,10,8,18,16,50,50,1.75,1.56,1.58,1.66,2.65,49,77,42,21,14,32,76,42,73,11.99,5.03,2.70,2.95,2.80,1.36,2.10,3.85,7.50,1.80,1.91,Stadio Armando Picchi (Livorno)
1593457200,Jun 29 2020 - 7:00pm,complete,N/A,Pordenone,Virtus Entella,Antonio Rapuano,31,2.07,0.87,1.90,0.95,2,0,2,0,0,0,"52,90'1","",2,12,3,0,3,0,2,1,2,1,13,21,5,5,8,16,17,16,39,61,1.68,1.49,1.41,2.11,2.53,53,74,50,20,7,30,74,44,70,9.00,6.07,2.60,3.10,2.80,1.29,1.91,3.30,6.35,1.69,2.05,Stadio Nereo Rocco (Trieste)
1593794700,Jul 03 2020 - 4:45pm,complete,N/A,Pisa,Cittadella,Antonio Di Martino,32,1.63,2.00,1.84,1.74,2,0,2,1,1,0,"36,84","",2,7,4,0,2,0,1,3,1,1,7,11,6,3,1,8,17,12,35,65,1.58,1.56,1.08,1.48,2.32,52,74,39,16,13,29,65,32,77,10.22,6.96,3.35,2.95,2.35,1.38,2.15,4.00,7.75,1.87,1.87,Arena Garibaldi - Stadio Romeo Anconetani (Pisa)
1593802800,Jul 03 2020 - 7:00pm,complete,N/A,Cosenza,Ascoli,Eugenio Abbattista,32,0.93,0.50,1.21,0.74,0,1,1,0,0,0,"","62",6,2,2,0,3,0,2,0,0,3,16,11,5,5,11,6,13,20,49,51,1.72,1.55,1.72,1.22,2.63,65,84,54,19,3,39,87,32,74,10.33,5.91,2.10,3.05,3.80,1.35,2.10,3.80,7.25,1.83,1.91,Stadio San Vito-Luigi Marulla (Cosenza)
1593802800,Jul 03 2020 - 7:00pm,complete,N/A,Crotone,Benevento,Gianluca Aureliano,32,2.07,2.27,2.16,2.11,3,0,3,2,2,0,"14,18,71","",4,4,2,0,6,0,1,1,2,4,9,12,5,0,4,12,12,12,52,48,2.15,1.48,1.14,1.05,2.34,47,70,43,23,10,27,53,40,74,12.80,4.54,1.77,3.40,4.75,1.28,1.91,3.25,6.25,1.77,1.95,Stadio Ezio Scida (Crotone)
1593802800,Jul 03 2020 - 7:00pm,complete,N/A,Virtus Entella,Chievo,Valerio Marini,32,1.87,1.20,1.58,1.10,1,1,2,1,1,0,"25","62",2,5,2,0,3,0,2,0,2,1,14,21,4,8,10,13,15,15,37,63,1.69,1.35,1.43,2.25,1.94,44,70,17,7,4,30,80,7,60,9.00,5.27,3.05,2.95,2.50,1.36,2.10,3.90,7.50,1.83,1.87,Stadio Comunale Chiavari (Chiavari)
1593802800,Jul 03 2020 - 7:00pm,complete,N/A,Venezia,Empoli,Manuel Volpi,32,0.93,1.07,1.11,1.30,0,2,2,0,0,0,"","48,58",2,6,1,0,2,0,0,1,0,2,13,17,2,9,11,8,20,11,42,58,1.46,1.43,1.24,2.07,2.27,50,70,37,20,7,47,73,27,63,9.00,5.00,2.90,2.85,2.70,1.39,2.20,4.15,8.25,1.87,1.83,Stadio Pierluigi Penzo (Venezia)
1593802800,Jul 03 2020 - 7:00pm,complete,N/A,Salernitana,Juve Stabia,Francesco Fourneau,32,2.00,0.67,1.89,0.58,2,1,3,1,1,0,"23,81","69",3,9,4,2,7,0,3,3,2,5,13,18,5,4,8,14,14,23,37,63,1.52,1.13,1.31,1.78,2.67,64,87,47,24,10,13,70,57,80,7.80,5.66,2.05,3.10,3.85,1.36,2.10,3.90,7.50,1.87,1.87,Stadio Arechi (Salerno)
1593802800,Jul 03 2020 - 7:00pm,complete,N/A,Trapani,Livorno,Daniel Amabile,32,1.20,0.63,1.58,0.53,2,1,3,0,0,0,"89,90'1","83",4,0,3,0,5,0,1,2,2,3,18,6,7,3,11,3,19,21,50,50,1.76,1.37,0.00,0.00,2.18,42,56,40,27,7,23,72,33,58,8.88,6.13,2.05,3.10,3.85,1.35,2.10,3.80,7.25,1.83,1.87,Stadio Polisportivo Provinciale (Trapani)
1593802800,Jul 03 2020 - 7:00pm,complete,N/A,Cremonese,Pescara,Lorenzo Maggioni,32,1.27,1.00,1.42,0.80,1,0,1,1,1,0,"5","",2,5,2,0,2,0,1,1,0,2,9,15,3,3,6,12,19,11,31,69,1.88,1.37,1.09,1.61,2.63,47,80,47,24,14,37,70,44,74,8.80,5.07,2.15,3.05,3.65,1.35,2.10,3.80,7.50,1.83,1.87,Stadio Giovanni Zini (Cremona)
1593802800,Jul 03 2020 - 7:00pm,complete,N/A,Perugia,Pordenone,Giacomo Camplone,32,1.56,1.00,1.45,1.15,1,2,3,3,1,2,"6","2,39",3,5,4,1,4,0,1,4,1,3,14,10,2,4,12,6,16,15,70,30,1.49,1.56,1.39,1.27,2.50,49,72,49,23,7,33,81,36,68,10.82,5.81,2.25,2.90,3.55,1.44,2.35,4.50,9.00,2.00,1.74,Stadio Renato Curi (Perugia)
1593802800,Jul 03 2020 - 7:00pm,complete,N/A,Frosinone,Spezia,Ivano Pezzuto,32,2.00,1.33,1.67,1.43,2,1,3,1,1,0,"13,85","50",3,1,1,0,2,0,1,0,1,1,13,8,3,2,10,6,13,15,51,49,1.66,1.37,1.41,0.83,2.40,47,77,47,20,4,17,60,50,90,10.40,5.66,2.55,2.80,3.15,1.49,2.50,4.85,9.75,2.05,1.71,Stadio Benito Stirpe (Frosinone)
1594399500,Jul 10 2020 - 4:45pm,complete,N/A,Juve Stabia,Virtus Entella,Niccolò Baroni,33,1.63,0.81,1.58,0.95,1,1,2,1,0,1,"67","39",5,3,1,1,1,2,1,1,0,3,8,15,2,7,6,8,12,10,46,54,1.44,1.52,0.98,1.72,3.06,63,85,53,35,19,32,78,38,91,10.32,7.12,2.90,3.10,2.50,1.28,1.91,3.25,6.25,1.65,2.10,Stadio Comunale Romeo Menti (Castellammare di Stabia)
1594407600,Jul 10 2020 - 7:00pm,complete,N/A,Spezia,Cosenza,Livio Marinelli,33,1.88,1.06,1.76,1.21,5,1,6,2,2,0,"6,20,50,55,66","63",5,4,2,0,3,0,1,1,2,1,14,6,6,3,8,3,11,12,54,46,1.65,1.39,1.46,0.82,2.56,53,75,47,28,10,31,69,28,78,9.07,5.38,1.95,3.20,4.10,1.33,2.00,3.65,7.00,1.80,1.91,Stadio Alberto Picco (La Spezia)
1594407600,Jul 10 2020 - 7:00pm,complete,N/A,Livorno,Cremonese,Antonio Rapuano,33,0.73,0.94,0.58,1.16,1,2,3,1,0,1,"55","36,90'2",3,6,1,0,2,0,1,0,1,1,2,17,2,8,0,9,10,12,49,51,1.74,1.49,0.56,2.22,2.83,49,78,46,26,20,36,68,46,71,9.92,5.46,5.60,4.10,1.57,1.28,1.85,3.12,5.85,1.93,1.83,Stadio Armando Picchi (Livorno)
1594407600,Jul 10 2020 - 7:00pm,complete,N/A,Cittadella,Crotone,Marco Serra,33,1.38,1.31,1.25,1.42,1,3,4,2,0,2,"65","11,37,49",5,4,4,0,3,0,2,2,2,1,9,15,5,7,4,8,16,15,47,53,1.59,1.81,1.20,1.64,2.66,60,81,57,22,10,26,76,44,79,12.57,5.82,2.55,3.15,2.80,1.28,1.91,3.25,6.25,1.69,2.05,Stadio Pier Cesare Tombolato (Cittadella)
1594407600,Jul 10 2020 - 7:00pm,complete,N/A,Empoli,Frosinone,Juan Luca Sacchi,33,1.63,1.13,1.53,1.27,2,0,2,1,1,0,"29,90","",1,9,2,0,2,1,0,2,1,2,15,20,5,3,10,17,16,17,48,52,1.72,1.39,1.51,1.93,1.94,50,69,29,10,0,25,69,25,66,9.19,4.69,2.50,2.95,3.10,1.38,2.20,4.10,8.00,1.87,1.87,Stadio Carlo Castellani (Empoli)
1594407600,Jul 10 2020 - 7:00pm,complete,N/A,Pescara,Perugia,Alessandro Prontera,33,1.50,1.00,1.60,0.95,2,2,4,4,2,2,"12,23","42,45'2",4,3,2,0,4,0,1,1,1,3,11,15,5,6,6,9,13,15,47,53,1.63,1.47,1.24,1.65,2.67,58,81,58,23,7,23,55,55,91,9.26,4.84,2.40,3.20,3.00,1.30,1.95,3.40,6.60,1.74,2.00,Stadio Adriatico-Giovanni Cornacchia (Pescara)
1594407600,Jul 10 2020 - 7:00pm,complete,N/A,Pordenone,Pisa,Simone Sozza,33,2.13,1.13,1.90,1.00,1,0,1,0,0,0,"54","",2,7,3,0,0,0,1,2,0,0,13,18,2,5,11,13,19,12,39,61,1.66,1.38,1.29,1.86,2.24,46,68,39,13,4,26,75,36,65,8.03,5.70,2.55,2.95,3.00,1.39,2.20,4.15,8.25,1.91,1.83,Stadio Nereo Rocco (Trieste)
1594407600,Jul 10 2020 - 7:00pm,complete,N/A,Ascoli,Salernitana,Federico Dionisi,33,1.67,0.88,1.68,0.84,3,2,5,2,2,0,"7,16,49","55,86",2,9,3,0,2,0,0,3,0,2,11,20,4,6,7,14,17,18,35,65,1.28,1.29,1.09,2.14,2.36,49,65,36,20,10,26,55,36,87,7.32,6.51,2.30,3.25,3.10,1.31,1.95,3.50,6.70,1.77,2.00,Stadio Cino e Lillo Del Duca (Ascoli Piceno)
1594407600,Jul 10 2020 - 7:00pm,complete,N/A,Chievo,Trapani,Daniele Minelli,33,1.69,0.75,1.81,0.84,1,1,2,1,1,0,"21","78",6,7,2,0,3,0,0,2,0,3,22,22,7,6,15,16,14,16,55,45,1.79,1.45,2.22,2.14,2.82,57,88,51,29,13,32,79,47,85,9.27,5.76,1.95,3.30,4.05,1.36,2.10,3.85,7.50,1.87,1.83,Stadio Marc'Antonio Bentegodi (Verona)
1594407600,Jul 10 2020 - 7:00pm,complete,N/A,Benevento,Venezia,Ivan Robilotta,33,2.63,1.56,2.42,1.53,1,1,2,0,0,0,"56","51",3,2,1,0,3,0,0,1,2,1,14,10,5,4,9,6,19,17,54,46,1.92,1.57,1.56,1.11,2.25,41,72,29,22,10,22,75,35,69,11.19,4.88,2.10,3.20,3.65,1.35,2.10,3.80,7.25,1.83,1.87,Stadio Ciro Vigorito (Benevento)
1594658700,Jul 13 2020 - 4:45pm,complete,N/A,Cosenza,Perugia,Davide Ghersini,34,0.88,1.00,1.21,0.95,2,1,3,1,1,0,"12,74","78",4,5,2,0,1,0,1,1,0,1,15,17,5,3,10,14,15,16,36,64,1.72,1.48,1.60,1.65,2.28,50,69,41,16,3,32,66,29,76,10.26,4.94,2.80,3.00,2.70,1.34,2.05,3.75,7.25,1.80,1.95,Stadio San Vito-Luigi Marulla (Cosenza)
1594666800,Jul 13 2020 - 7:00pm,complete,N/A,Trapani,Benevento,Giacomo Camplone,34,1.31,2.13,1.58,2.11,2,0,2,1,1,0,"35,73","",7,4,1,0,4,0,1,0,2,2,12,14,5,0,7,14,17,17,26,74,1.76,1.45,1.37,1.24,2.35,44,69,51,26,3,28,66,38,66,9.75,5.56,2.35,3.15,3.10,1.31,1.95,3.50,6.70,1.74,2.00,Stadio Polisportivo Provinciale (Trapani)
1594666800,Jul 13 2020 - 7:00pm,complete,N/A,Cremonese,Chievo,Giovanni Ayroldi,34,1.38,1.19,1.42,1.10,1,0,1,0,0,0,"90","",5,7,1,0,2,0,0,1,1,1,9,11,5,3,4,8,17,8,36,64,1.83,1.41,1.27,1.31,2.13,51,66,22,13,13,28,79,16,60,8.57,5.63,2.85,2.80,2.80,1.38,2.15,4.00,7.75,1.83,1.87,Stadio Giovanni Zini (Cremona)
1594666800,Jul 13 2020 - 7:00pm,complete,N/A,Salernitana,Cittadella,Manuel Volpi,34,2.06,1.88,1.89,1.74,4,1,5,3,2,1,"14,32,62,84","37",3,4,1,0,1,0,1,0,1,0,13,7,6,3,7,4,18,20,50,50,1.50,1.56,1.51,0.89,2.44,54,82,38,16,10,19,72,41,75,9.62,6.25,2.70,2.95,2.80,1.32,2.00,3.55,6.85,1.74,2.00,Stadio Arechi (Salerno)
1594666800,Jul 13 2020 - 7:00pm,complete,N/A,Ascoli,Empoli,Riccardo Ros,34,1.75,1.19,1.68,1.30,1,0,1,1,1,0,"20","",4,4,5,0,2,0,0,5,0,2,12,15,4,6,8,9,24,16,40,60,1.27,1.47,1.27,1.96,2.47,47,72,38,28,13,44,63,38,75,8.69,5.25,3.10,3.20,2.30,1.27,1.87,3.20,6.00,1.67,2.10,Stadio Cino e Lillo Del Duca (Ascoli Piceno)
1594666800,Jul 13 2020 - 7:00pm,complete,N/A,Frosinone,Juve Stabia,Valerio Marini,34,2.06,0.63,1.67,0.58,2,2,4,2,1,1,"9,75","3,57",8,4,2,1,5,0,0,3,1,4,15,13,5,6,10,7,16,19,61,39,1.64,1.17,1.71,1.39,2.44,51,82,47,16,3,16,63,57,94,10.00,5.63,1.56,3.90,6.05,1.32,2.00,3.60,6.95,2.05,1.71,Stadio Benito Stirpe (Frosinone)
1594666800,Jul 13 2020 - 7:00pm,complete,N/A,Venezia,Pescara,Luca Massimi,34,0.88,0.94,1.11,0.80,1,1,2,0,0,0,"48","76",7,3,5,1,2,1,2,4,2,1,14,9,2,5,12,4,24,7,52,48,1.45,1.39,1.42,1.19,2.50,53,85,47,19,3,35,72,44,78,8.06,5.32,2.80,2.95,2.75,1.32,2.00,3.55,6.95,1.74,2.00,Stadio Pierluigi Penzo (Venezia)
1594666800,Jul 13 2020 - 7:00pm,complete,N/A,Virtus Entella,Pisa,Lorenzo Illuzzi,34,1.81,1.06,1.58,1.00,1,1,2,1,0,1,"90'3","9",7,4,2,0,4,0,0,2,1,3,15,8,6,4,9,4,10,16,64,36,1.68,1.41,1.88,1.07,2.16,44,69,29,13,3,31,78,16,69,8.82,5.00,2.50,3.00,3.00,1.34,2.05,3.75,7.25,1.80,1.91,Stadio Comunale Chiavari (Chiavari)
1594666800,Jul 13 2020 - 7:00pm,complete,N/A,Crotone,Pordenone,Eugenio Abbattista,34,2.13,1.13,2.16,1.15,1,0,1,1,1,0,"45","",9,6,1,0,3,0,0,1,0,3,13,16,6,4,7,12,16,20,67,33,2.09,1.54,1.53,1.50,2.85,60,82,60,28,16,41,72,47,78,12.88,5.19,1.61,3.65,5.90,1.27,1.87,3.20,6.00,1.87,1.87,Stadio Ezio Scida (Crotone)
1594666800,Jul 13 2020 - 7:00pm,complete,N/A,Livorno,Spezia,Daniel Amabile,34,0.69,1.25,0.58,1.43,0,1,1,0,0,0,"","49",0,9,1,1,1,0,1,1,1,0,3,12,0,6,3,6,19,10,27,73,1.67,1.34,0.33,1.67,2.94,57,85,63,25,13,32,72,60,78,9.67,5.31,8.75,4.35,1.29,1.17,1.60,2.51,4.76,1.95,1.67,Stadio Armando Picchi (Livorno)
1595004300,Jul 17 2020 - 4:45pm,complete,N/A,Pescara,Frosinone,Federico Dionisi,35,1.47,1.06,1.60,1.27,1,1,2,1,1,0,"45'1","54",4,6,2,0,2,0,1,1,1,1,14,14,9,4,5,10,18,31,46,54,1.61,1.42,1.73,1.44,2.36,50,77,45,21,3,24,56,45,77,9.65,5.00,3.00,2.95,2.55,1.35,2.10,3.80,7.50,1.80,1.91,Stadio Adriatico-Giovanni Cornacchia (Pescara)
1595012400,Jul 17 2020 - 7:00pm,complete,N/A,Cittadella,Ascoli,Gianluca Aureliano,35,1.29,0.65,1.25,0.74,1,2,3,0,0,0,"62","55,70",3,6,4,0,5,0,2,2,2,3,14,9,4,4,10,5,17,22,59,41,1.56,1.53,1.54,1.05,2.83,59,85,62,27,6,27,77,47,88,10.41,6.65,1.91,3.30,4.30,1.32,2.00,3.55,6.85,1.83,1.91,Stadio Pier Cesare Tombolato (Cittadella)
1595012400,Jul 17 2020 - 7:00pm,complete,N/A,Juve Stabia,Chievo,Ivano Pezzuto,35,1.59,1.12,1.58,1.10,3,2,5,1,0,1,"76,82,85","32,73",4,2,2,1,3,0,0,3,1,2,16,11,6,3,10,8,12,19,49,51,1.42,1.40,1.81,1.26,2.47,59,77,30,21,15,24,82,15,80,9.47,6.71,3.60,3.10,2.15,1.33,2.05,3.65,7.00,1.80,1.95,Stadio Comunale Romeo Menti (Castellammare di Stabia)
1595012400,Jul 17 2020 - 7:00pm,complete,N/A,Pordenone,Cosenza,Lorenzo Maggioni,35,2.18,1.00,1.90,1.21,1,2,3,2,0,2,"66","19,23",2,4,1,0,1,0,0,1,0,1,21,12,3,4,18,8,11,14,55,45,1.64,1.36,2.08,1.29,2.32,44,68,44,21,6,27,65,35,68,8.82,5.71,2.05,3.20,3.85,1.36,2.15,3.90,7.50,1.87,1.83,Stadio Nereo Rocco (Trieste)
1595012400,Jul 17 2020 - 7:00pm,complete,N/A,Perugia,Cremonese,Daniele Minelli,35,1.47,1.06,1.45,1.16,0,0,0,0,0,0,"","",3,5,1,0,2,0,0,1,1,1,10,14,4,7,6,7,11,13,62,38,1.48,1.54,1.18,1.76,2.24,47,65,38,21,9,24,68,33,62,9.71,6.18,2.40,2.95,3.25,1.41,2.25,4.25,8.25,1.91,1.83,Stadio Renato Curi (Perugia)
1595012400,Jul 17 2020 - 7:00pm,complete,N/A,Benevento,Livorno,Antonio Di Martino,35,2.53,0.59,2.42,0.53,3,1,4,1,1,0,"31,69,90'5","57",3,7,2,0,1,0,1,1,1,0,24,14,5,9,19,5,13,15,62,38,1.90,1.37,2.32,1.68,2.18,38,62,30,21,9,18,65,36,68,8.53,5.47,1.09,9.50,19.50,0.00,0.00,0.00,0.00,0.00,0.00,Stadio Ciro Vigorito (Benevento)
1595012400,Jul 17 2020 - 7:00pm,complete,N/A,Crotone,Salernitana,Alessandro Prontera,35,2.18,0.82,2.16,0.84,1,1,2,0,0,0,"53","46",3,2,0,0,4,1,0,0,1,4,20,9,5,3,15,6,17,24,63,37,2.05,1.34,1.93,0.98,2.50,50,65,44,24,18,32,59,41,79,11.35,5.53,1.74,3.40,5.25,1.30,1.95,3.40,6.60,1.83,1.87,Stadio Ezio Scida (Crotone)
1595012400,Jul 17 2020 - 7:00pm,complete,N/A,Pisa,Trapani,Ivan Robilotta,35,1.71,0.76,1.84,0.84,3,2,5,1,1,0,"39,54,90'1","57,64",2,2,7,0,3,1,1,6,2,2,18,12,5,5,13,7,20,23,72,28,1.54,1.50,1.89,1.33,2.80,62,85,50,30,18,32,80,41,85,9.03,7.06,2.50,3.10,2.90,1.33,2.00,3.65,7.00,1.77,1.95,Arena Garibaldi - Stadio Romeo Anconetani (Pisa)
1595012400,Jul 17 2020 - 7:00pm,complete,N/A,Spezia,Venezia,Francesco Fourneau,35,1.94,1.53,1.76,1.53,0,1,1,1,0,1,"","16",8,3,2,0,2,0,1,1,1,1,27,7,9,3,18,4,14,14,63,37,1.64,1.54,2.84,0.80,2.35,50,74,33,21,12,27,71,32,74,10.59,4.71,1.67,3.40,5.95,1.38,2.15,4.00,7.75,2.05,1.69,Stadio Alberto Picco (La Spezia)
1595012400,Jul 17 2020 - 7:00pm,complete,N/A,Empoli,Virtus Entella,Livio Marinelli,35,1.71,0.82,1.53,0.95,2,4,6,3,2,1,"3,36","44,51,90,90'8",4,4,1,2,3,0,1,2,3,0,17,20,5,9,12,11,10,15,55,45,1.71,1.54,1.77,2.17,2.59,71,85,44,18,6,32,82,36,77,9.18,5.77,1.87,3.35,4.40,1.33,2.05,3.65,7.00,1.87,1.87,Stadio Carlo Castellani (Empoli)
1595609100,Jul 24 2020 - 4:45pm,complete,N/A,Livorno,Crotone,Giacomo Camplone,36,0.65,1.41,0.58,1.42,1,5,6,4,1,3,"12","31,35,40,55,59",2,4,1,0,0,0,1,0,0,0,4,22,3,11,1,11,16,9,35,65,1.59,1.80,0.75,2.63,2.97,59,82,62,27,15,44,82,47,74,11.31,4.94,0.00,0.00,0.00,0.00,0.00,0.00,0.00,0.00,0.00,Stadio Armando Picchi (Livorno)
1595617200,Jul 24 2020 - 7:00pm,complete,N/A,Frosinone,Benevento,Simone Sozza,36,2.00,2.00,1.67,2.11,2,3,5,4,1,3,"30,59","7,38,40",4,4,3,0,3,0,1,2,1,2,17,19,6,6,11,13,19,17,51,49,1.65,1.44,1.91,1.80,2.21,35,74,38,15,0,24,62,36,86,10.83,5.06,1.69,3.70,5.00,1.30,1.95,3.40,6.60,1.87,1.87,Stadio Benito Stirpe (Frosinone)
1595617200,Jul 24 2020 - 7:00pm,complete,N/A,Chievo,Cittadella,Valerio Marini,36,1.65,1.76,1.81,1.74,4,1,5,3,2,1,"42,45'1,64,76","11",9,2,1,0,3,2,0,1,3,2,17,6,10,4,7,2,10,10,59,41,1.82,1.52,2.21,0.92,2.35,47,79,35,15,9,27,68,35,79,10.53,5.41,2.30,3.10,3.35,1.31,1.95,3.50,6.70,1.74,2.00,Stadio Marc'Antonio Bentegodi (Verona)
1595617200,Jul 24 2020 - 7:00pm,complete,N/A,Salernitana,Empoli,Davide Ghersini,36,2.12,1.12,1.89,1.30,2,4,6,4,1,3,"24,59","28,40,43,85",5,6,1,1,2,0,0,2,1,1,19,17,6,8,13,9,18,16,41,59,1.50,1.50,1.90,1.89,2.56,53,77,38,27,15,36,77,41,65,8.65,5.12,2.40,3.15,3.00,1.29,1.91,3.35,6.45,1.71,2.05,Stadio Arechi (Salerno)
1595617200,Jul 24 2020 - 7:00pm,complete,N/A,Venezia,Juve Stabia,Juan Luca Sacchi,36,0.88,0.65,1.11,0.58,1,0,1,1,1,0,"45'2","",4,7,4,0,3,0,0,4,0,3,9,6,5,0,4,6,19,14,49,51,1.45,1.18,1.25,0.63,2.45,62,82,47,18,3,24,65,53,82,8.41,6.17,2.10,3.00,3.90,1.36,2.10,3.90,7.50,1.83,1.87,Stadio Pierluigi Penzo (Venezia)
1595617200,Jul 24 2020 - 7:00pm,complete,N/A,Virtus Entella,Perugia,Riccardo Ros,36,1.76,0.94,1.58,0.95,0,2,2,2,0,2,"","35,43",6,4,2,0,2,0,1,1,2,0,21,9,4,4,17,5,18,16,60,40,1.69,1.49,2.09,1.00,2.21,41,71,36,15,3,27,68,24,77,9.47,4.41,2.80,2.95,2.75,1.36,2.10,3.90,7.50,1.83,1.91,Stadio Comunale Chiavari (Chiavari)
1595617200,Jul 24 2020 - 7:00pm,complete,N/A,Trapani,Pescara,Niccolò Baroni,36,1.41,0.94,1.58,0.80,1,0,1,1,1,0,"13","",6,4,3,0,2,1,3,0,1,2,13,19,7,8,6,11,20,14,37,63,1.73,1.38,1.63,2.34,2.68,53,83,56,30,6,32,74,53,74,8.88,5.65,2.30,3.15,3.20,1.28,1.87,3.25,6.15,1.67,2.10,Stadio Polisportivo Provinciale (Trapani)
1595617200,Jul 24 2020 - 7:00pm,complete,N/A,Cosenza,Pisa,Antonio Rapuano,36,1.00,1.06,1.21,1.00,2,1,3,1,1,0,"28,90'3","77",5,2,3,0,2,0,1,2,1,1,14,14,4,4,10,10,10,17,45,55,1.72,1.39,1.44,1.42,2.27,59,71,35,12,3,32,79,24,71,9.65,5.47,2.30,3.10,3.30,1.36,2.10,3.85,7.50,1.83,1.91,Stadio San Vito-Luigi Marulla (Cosenza)
1595617200,Jul 24 2020 - 7:00pm,complete,N/A,Ascoli,Pordenone,Marco Serra,36,1.82,1.06,1.68,1.15,2,2,4,3,1,2,"44,48","1,22",6,3,3,0,2,0,2,1,1,1,19,12,6,3,13,9,16,10,63,37,1.27,1.54,2.03,1.31,2.71,56,77,50,27,12,35,74,41,80,9.18,6.12,2.60,2.95,2.95,1.32,2.00,3.55,6.85,1.74,2.00,Stadio Cino e Lillo Del Duca (Ascoli Piceno)
1595617200,Jul 24 2020 - 7:00pm,complete,N/A,Cremonese,Spezia,Luca Massimi,36,1.47,1.35,1.42,1.43,0,0,0,0,0,0,"","",3,8,3,0,0,0,0,3,0,0,7,14,2,8,5,6,17,11,28,72,1.80,1.36,0.71,1.98,2.36,47,65,44,21,12,21,62,42,71,9.17,5.23,3.15,2.75,2.65,1.47,2.40,4.70,9.50,2.00,1.74,Stadio Giovanni Zini (Cremona)
1595876400,Jul 27 2020 - 7:00pm,complete,N/A,Pisa,Ascoli,Giovanni Ayroldi,37,1.78,0.78,1.84,0.74,1,0,1,1,1,0,"45","",2,7,5,0,2,0,1,4,0,2,10,11,4,0,6,11,21,10,45,55,1.57,1.51,1.18,1.10,2.81,64,84,58,28,14,31,78,39,86,8.61,7.39,2.20,3.30,3.25,1.26,1.83,3.15,5.90,1.67,2.10,Arena Garibaldi - Stadio Romeo Anconetani (Pisa)
1595876400,Jul 27 2020 - 7:00pm,complete,N/A,Benevento,Chievo,Daniel Amabile,37,2.56,1.06,2.42,1.10,0,1,1,1,0,1,"","10",4,5,2,0,0,0,1,1,0,0,22,9,8,3,14,6,13,18,65,35,1.92,1.40,2.39,0.99,2.36,53,75,28,22,11,22,78,31,73,8.61,5.45,3.05,3.30,2.30,1.25,1.80,3.00,5.60,1.62,2.15,Stadio Ciro Vigorito (Benevento)
1595876400,Jul 27 2020 - 7:00pm,complete,N/A,Empoli,Cosenza,Lorenzo Illuzzi,37,1.61,1.11,1.53,1.21,1,5,6,3,0,3,"67","5,12,32,63,80",8,5,2,0,1,0,2,0,0,1,23,18,3,12,20,6,13,9,69,31,1.71,1.36,2.23,2.13,2.59,67,81,48,22,9,36,81,28,73,8.89,5.28,1.67,3.80,5.05,1.23,1.74,2.85,5.25,1.69,2.05,Stadio Carlo Castellani (Empoli)
1595876400,Jul 27 2020 - 7:00pm,complete,N/A,Juve Stabia,Cremonese,Eugenio Abbattista,37,1.67,1.06,1.58,1.16,1,2,3,1,0,1,"90'5","9,85",10,4,1,0,4,0,0,1,3,1,11,9,4,7,7,2,13,20,64,36,1.44,1.55,1.46,1.34,2.70,56,75,42,31,23,20,70,34,81,9.72,6.50,2.55,3.00,2.95,1.36,2.10,3.90,7.50,1.83,1.91,Stadio Comunale Romeo Menti (Castellammare di Stabia)
1595876400,Jul 27 2020 - 7:00pm,complete,N/A,Crotone,Frosinone,Antonio Di Martino,37,2.11,1.06,2.16,1.27,1,0,1,0,0,0,"80","",5,3,5,0,2,0,0,5,1,1,10,7,3,0,7,7,21,18,69,31,2.05,1.42,1.10,0.64,2.14,42,67,34,20,9,25,56,36,75,12.28,4.62,3.00,3.25,2.35,1.26,1.83,3.15,5.90,1.67,2.10,Stadio Ezio Scida (Crotone)
1595876400,Jul 27 2020 - 7:00pm,complete,N/A,Pescara,Livorno,Ivan Robilotta,37,1.44,0.56,1.60,0.53,1,0,1,0,0,0,"52","",5,3,6,0,1,0,3,3,0,1,9,4,4,2,5,2,15,10,52,48,1.62,1.39,1.32,0.66,2.44,59,72,48,23,6,20,61,45,72,8.72,5.45,0.00,0.00,0.00,0.00,0.00,0.00,0.00,0.00,0.00,Stadio Adriatico-Giovanni Cornacchia (Pescara)
1595876400,Jul 27 2020 - 7:00pm,complete,N/A,Pordenone,Salernitana,Ivano Pezzuto,37,2.06,0.83,1.90,0.84,1,1,2,2,1,1,"18","26",2,5,3,0,4,0,0,3,1,3,10,14,4,5,6,9,22,16,41,59,1.66,1.32,1.19,1.53,2.17,42,61,36,12,9,25,59,39,72,7.77,5.88,2.45,3.10,3.00,1.30,1.95,3.40,6.60,1.71,2.05,Stadio Nereo Rocco (Trieste)
1595876400,Jul 27 2020 - 7:00pm,complete,N/A,Perugia,Trapani,Federico Dionisi,37,1.44,0.72,1.45,0.84,1,2,3,2,1,1,"26","23,90'2",4,10,3,0,4,0,2,1,3,1,19,21,5,4,14,17,12,19,56,44,1.46,1.49,1.77,2.19,2.58,53,75,50,28,11,31,81,39,70,9.68,6.39,2.05,3.30,3.65,1.29,1.91,3.30,6.35,1.74,2.00,Stadio Renato Curi (Perugia)
1595876400,Jul 27 2020 - 7:00pm,complete,N/A,Cittadella,Venezia,Livio Marinelli,37,1.22,1.61,1.25,1.53,1,0,1,0,0,0,"90'3","",3,2,3,0,3,0,2,1,2,1,20,8,4,2,16,6,21,13,55,45,1.56,1.50,2.09,0.89,2.28,50,75,37,17,6,17,67,42,75,11.88,5.78,2.25,2.95,3.55,1.33,2.05,3.65,7.00,1.77,1.95,Stadio Pier Cesare Tombolato (Cittadella)
1595876400,Jul 27 2020 - 7:00pm,complete,N/A,Spezia,Virtus Entella,Daniele Minelli,37,1.83,0.94,1.76,0.95,0,0,0,0,0,0,"","",3,3,2,0,1,0,1,1,1,0,13,8,4,2,9,6,19,12,65,35,1.71,1.57,1.49,0.88,2.92,61,81,50,31,17,36,75,42,84,9.45,5.78,1.77,3.50,4.75,1.32,2.00,3.55,6.95,1.87,1.83,Stadio Alberto Picco (La Spezia)
1596222000,Jul 31 2020 - 7:00pm,complete,N/A,Ascoli,Benevento,Ivano Pezzuto,38,1.78,2.06,1.68,2.11,2,4,6,3,0,3,"49,90'2","25,32,45,87",7,2,1,0,1,0,0,1,0,1,17,18,5,9,12,9,18,13,45,55,1.31,1.46,1.77,2.02,2.42,45,72,42,25,9,31,61,31,81,8.78,5.78,1.77,3.50,4.75,1.24,1.77,2.95,5.55,1.71,2.05,Stadio Cino e Lillo Del Duca (Ascoli Piceno)
1596222000,Jul 31 2020 - 7:00pm,complete,N/A,Virtus Entella,Cittadella,Antonio Rapuano,38,1.67,1.67,1.58,1.74,2,3,5,4,2,2,"5,45'4","2,21,87",3,5,2,0,4,0,0,2,1,3,13,17,5,6,8,11,19,25,57,43,1.71,1.48,1.43,1.80,2.17,39,75,28,12,9,33,73,23,70,10.61,5.22,3.95,3.30,1.95,1.23,1.74,2.90,5.35,1.62,2.20,Stadio Comunale Chiavari (Chiavari)
1596222000,Jul 31 2020 - 7:00pm,complete,N/A,Trapani,Crotone,Riccardo Ros,38,1.50,1.50,1.58,1.42,2,0,2,0,0,0,"54,58","",4,9,2,0,3,0,2,0,1,2,12,15,5,3,7,12,6,11,31,69,1.73,1.85,1.62,1.66,2.75,61,75,62,33,12,36,84,44,67,11.06,5.44,1.80,4.10,3.80,1.19,1.62,2.55,4.55,1.61,2.20,Stadio Polisportivo Provinciale (Trapani)
1596222000,Jul 31 2020 - 7:00pm,complete,N/A,Livorno,Empoli,Daniele Minelli,38,0.61,1.22,0.58,1.30,0,2,2,1,0,1,"","45,51",4,9,2,0,1,0,0,2,0,1,14,13,6,5,8,8,7,6,47,53,1.54,1.52,1.63,1.59,2.86,45,75,47,28,20,53,75,45,67,9.84,4.39,0.00,0.00,0.00,0.00,0.00,0.00,0.00,0.00,0.00,Stadio Armando Picchi (Livorno)
1596222000,Jul 31 2020 - 7:00pm,complete,N/A,Cosenza,Juve Stabia,Gianluca Aureliano,38,1.11,0.61,1.21,0.58,3,1,4,3,2,1,"17,23,74","31",4,10,2,0,4,0,1,1,2,2,17,25,6,8,11,17,15,17,41,59,1.70,1.15,1.69,2.58,2.39,61,78,48,14,3,25,73,48,75,10.11,5.72,1.71,3.70,4.75,1.21,1.69,2.75,5.00,1.62,2.15,Stadio San Vito-Luigi Marulla (Cosenza)
1596222000,Jul 31 2020 - 7:00pm,complete,N/A,Venezia,Perugia,Francesco Fourneau,38,1.00,1.06,1.11,0.95,3,1,4,1,1,0,"42,51,65","69",2,3,2,0,2,1,1,1,1,2,20,15,6,5,14,10,14,18,55,45,1.44,1.46,2.00,1.72,2.31,50,72,42,17,3,28,64,36,78,8.56,5.33,2.90,2.75,2.80,1.42,2.30,4.40,8.75,1.91,1.80,Stadio Pierluigi Penzo (Venezia)
1596222000,Jul 31 2020 - 7:00pm,complete,N/A,Chievo,Pescara,Juan Luca Sacchi,38,1.72,0.89,1.81,0.80,1,0,1,0,0,0,"88","",4,1,1,0,2,0,1,0,2,0,17,5,7,2,10,3,15,14,56,44,1.84,1.43,1.91,0.67,2.62,53,86,45,22,9,31,72,48,81,9.06,5.06,2.20,2.65,4.30,1.43,2.30,4.40,8.75,1.91,1.80,Stadio Marc'Antonio Bentegodi (Verona)
1596222000,Jul 31 2020 - 7:00pm,complete,N/A,Frosinone,Pisa,Manuel Volpi,38,1.89,1.00,1.67,1.00,1,1,2,0,0,0,"79","48",5,0,1,0,3,0,1,0,0,3,17,13,3,5,14,8,16,25,52,48,1.66,1.39,1.62,1.40,2.47,53,75,42,20,6,28,75,36,89,9.56,5.50,1.87,3.45,4.15,1.32,2.00,3.55,6.85,1.83,1.91,Stadio Benito Stirpe (Frosinone)
1596222000,Jul 31 2020 - 7:00pm,complete,N/A,Cremonese,Pordenone,Niccolò Baroni,38,1.44,1.06,1.42,1.15,2,2,4,2,1,1,"17,57","15,47",8,4,2,0,1,0,1,1,1,0,21,6,11,5,10,1,2,5,56,44,1.74,1.53,2.48,1.05,2.50,47,67,45,23,14,36,75,31,64,9.84,5.22,3.65,2.95,2.20,1.32,2.00,3.60,6.95,1.74,2.00,Stadio Giovanni Zini (Cremona)
1596222000,Jul 31 2020 - 7:00pm,complete,N/A,Salernitana,Spezia,Valerio Marini,38,2.00,1.33,1.89,1.43,1,2,3,2,1,1,"30","45'1,90",5,4,3,1,2,0,2,2,0,2,15,20,6,7,9,13,12,10,39,61,1.53,1.39,1.64,2.12,2.73,64,81,53,28,14,17,70,56,78,8.56,5.72,1.74,3.70,4.45,1.25,1.80,3.00,5.60,1.71,2.05,Stadio Arechi (Salerno)
1596567600,Aug 04 2020 - 7:00pm,complete,N/A,Chievo,Empoli,Davide Ghersini,N/A,1.47,1.42,1.46,1.41,1,1,2,0,0,0,"97","110",7,6,1,0,1,0,0,1,1,0,26,19,8,8,18,11,14,17,47,53,1.85,1.53,2.67,2.22,2.38,55,75,32,19,12,35,79,28,69,9.37,4.77,2.25,3.05,3.40,1.38,2.15,4.00,7.75,1.87,1.87,Stadio Marc'Antonio Bentegodi (Verona)
1596654000,Aug 05 2020 - 7:00pm,complete,N/A,Cittadella,Frosinone,Simone Sozza,N/A,1.53,1.42,1.49,1.47,2,3,5,3,2,1,"5,45'1","45'4,51,120'1",7,6,5,0,3,0,1,4,0,3,19,14,7,7,12,7,35,23,48,52,1.59,1.38,2.16,1.77,2.33,44,74,38,19,8,24,61,40,86,10.92,5.73,2.65,2.85,3.00,1.42,2.30,4.35,8.50,1.91,1.83,Stadio Pier Cesare Tombolato (Cittadella)
1596913200,Aug 08 2020 - 7:00pm,complete,N/A,Chievo,Spezia,Riccardo Ros,1,1.46,1.61,1.46,1.60,2,0,2,2,2,0,"2,9","",4,10,2,0,4,0,1,1,1,3,10,14,3,4,7,10,17,18,39,61,1.89,1.43,1.07,1.77,2.37,55,73,38,20,11,24,69,34,75,9.22,5.01,2.60,2.75,3.15,1.57,2.80,5.65,11.75,2.25,1.59,Stadio Marc'Antonio Bentegodi (Verona)
1596999600,Aug 09 2020 - 7:00pm,complete,N/A,Frosinone,Pordenone,Luca Massimi,1,1.46,1.53,1.47,1.53,0,1,1,0,0,0,"","82",3,3,1,0,2,0,0,1,2,0,12,18,3,7,9,11,10,20,55,45,1.66,1.50,1.38,1.91,2.31,44,72,41,18,5,30,68,38,77,9.92,5.12,1.87,3.15,4.80,1.49,2.50,4.85,9.75,2.20,1.62,Stadio Benito Stirpe (Frosinone)
1597086000,Aug 10 2020 - 7:00pm,complete,N/A,Pescara,Perugia,Livio Marinelli,1,1.18,1.18,1.20,1.20,2,1,3,1,0,1,"58,68","40",10,5,1,0,2,0,0,1,1,1,13,10,6,3,7,7,12,16,56,44,1.60,1.47,1.66,1.10,2.50,53,77,51,23,4,29,66,44,75,9.00,5.40,2.40,3.10,3.05,1.38,2.15,4.00,7.75,1.87,1.87,Stadio Adriatico-Giovanni Cornacchia (Pescara)
1597172400,Aug 11 2020 - 7:00pm,complete,N/A,Spezia,Chievo,Eugenio Abbattista,2,1.56,1.50,1.60,1.46,3,1,4,1,1,0,"2,50,53","90'3",5,5,2,0,2,0,1,1,1,1,15,10,7,2,8,8,18,12,51,49,1.70,1.38,1.85,0.96,2.36,53,74,37,19,10,26,70,33,74,9.35,5.04,1.95,3.25,4.10,1.38,2.20,4.10,8.00,1.95,1.77,Stadio Alberto Picco (La Spezia)
1597258800,Aug 12 2020 - 7:00pm,complete,N/A,Pordenone,Frosinone,Manuel Volpi,2,1.56,1.43,1.53,1.47,0,2,2,2,0,2,"","7,15",6,1,1,0,1,0,1,0,1,0,14,7,2,3,12,4,27,20,58,42,1.64,1.40,1.45,0.82,2.29,44,70,40,18,5,30,66,37,78,9.81,5.07,2.90,3.05,2.55,1.42,2.30,4.40,8.75,1.95,1.77,Stadio Nereo Rocco (Trieste)
1597431600,Aug 14 2020 - 7:00pm,complete,N/A,Perugia,Pescara,Gianluca Aureliano,2,1.15,1.23,1.20,1.20,2,1,3,3,2,1,"18,40","15",5,8,5,0,4,0,4,1,1,3,8,16,3,4,5,12,26,12,34,66,1.48,1.39,0.99,1.88,2.52,54,77,53,22,4,28,67,45,76,9.16,5.34,2.15,3.10,3.60,1.36,2.10,3.90,7.50,1.87,1.87,Stadio Renato Curi (Perugia)
1597605300,Aug 16 2020 - 7:15pm,complete,N/A,Frosinone,Spezia,Francesco Fourneau,1,1.46,1.60,1.47,1.60,0,1,1,1,0,1,"","21",2,2,2,0,4,0,1,1,1,3,10,11,4,2,6,9,16,29,46,54,1.65,1.45,1.22,1.09,2.31,45,71,40,21,8,25,62,39,80,9.93,4.89,2.25,3.10,3.30,1.49,2.50,4.85,9.75,2.10,1.69,Stadio Benito Stirpe (Frosinone)
1597950900,Aug 20 2020 - 7:15pm,complete,N/A,Spezia,Frosinone,Juan Luca Sacchi,2,1.63,1.43,1.60,1.47,0,1,1,0,0,0,"","61",1,6,3,0,2,0,0,3,0,2,13,17,3,4,10,13,24,17,46,54,1.70,1.37,1.37,1.82,2.28,44,69,39,21,8,24,63,37,78,9.78,4.91,2.55,3.05,2.90,1.50,2.55,5.05,10.25,2.10,1.67,Stadio Alberto Picco (La Spezia)
