timestamp,date_GMT,status,attendance,home_team_name,away_team_name,referee,Game Week,Pre-Match PPG (Home),Pre-Match PPG (Away),home_ppg,away_ppg,home_team_goal_count,away_team_goal_count,total_goal_count,total_goals_at_half_time,home_team_goal_count_half_time,away_team_goal_count_half_time,home_team_goal_timings,away_team_goal_timings,home_team_corner_count,away_team_corner_count,home_team_yellow_cards,home_team_red_cards,away_team_yellow_cards,away_team_red_cards,home_team_first_half_cards,home_team_second_half_cards,away_team_first_half_cards,away_team_second_half_cards,home_team_shots,away_team_shots,home_team_shots_on_target,away_team_shots_on_target,home_team_shots_off_target,away_team_shots_off_target,home_team_fouls,away_team_fouls,home_team_possession,away_team_possession,Home Team Pre-Match xG,Away Team Pre-Match xG,team_a_xg,team_b_xg,average_goals_per_match_pre_match,btts_percentage_pre_match,over_15_percentage_pre_match,over_25_percentage_pre_match,over_35_percentage_pre_match,over_45_percentage_pre_match,over_15_HT_FHG_percentage_pre_match,over_05_HT_FHG_percentage_pre_match,over_15_2HG_percentage_pre_match,over_05_2HG_percentage_pre_match,average_corners_per_match_pre_match,average_cards_per_match_pre_match,odds_ft_home_team_win,odds_ft_draw,odds_ft_away_team_win,odds_ft_over15,odds_ft_over25,odds_ft_over35,odds_ft_over45,odds_btts_yes,odds_btts_no,stadium_name
1535137200,Aug 24 2018 - 7:00pm,complete,N/A,Brescia,Perugia,Ivano Pezzuto,1,0.00,0.00,2.33,1.11,1,1,2,1,1,0,"43","90'3",3,3,0,1,2,0,0,1,1,1,9,7,5,2,4,5,24,18,44,56,0.00,0.00,1.56,1.14,0.00,0,0,0,0,0,0,0,0,0,0.00,0.00,2.14,3.06,4.04,1.32,2.00,3.60,7.50,1.83,2.00,Stadio Mario Rigamonti
1535212800,Aug 25 2018 - 4:00pm,complete,N/A,Cremonese,Pescara,Riccardo Ros,1,0.00,0.00,1.83,0.95,1,1,2,1,1,0,"30","90'3",3,7,0,1,1,1,0,1,1,1,6,8,4,4,2,4,14,18,42,58,0.00,0.00,0.93,1.31,0.00,0,0,0,0,0,0,0,0,0,0.00,0.00,2.13,3.08,4.07,1.33,2.05,3.65,8.00,1.91,1.91,Stadio Giovanni Zini
1535212800,Aug 25 2018 - 4:00pm,complete,N/A,Salernitana,Palermo,Eugenio Abbattista,1,0.00,0.00,1.58,1.67,0,0,0,0,0,0,"","",3,4,2,0,2,0,1,1,0,2,6,8,3,3,3,5,21,18,34,66,0.00,0.00,0.78,0.99,0.00,0,0,0,0,0,0,0,0,0,0.00,0.00,3.27,2.95,2.53,1.42,2.25,4.30,10.00,0.00,0.00,Stadio Arechi
1535212800,Aug 25 2018 - 4:00pm,complete,N/A,Venezia,Spezia,Luigi Pillitteri,1,0.00,0.00,1.53,0.89,1,0,1,1,1,0,"45'2","",6,4,1,0,3,0,0,1,1,2,7,8,4,3,3,5,12,21,43,57,0.00,0.00,1.08,1.09,0.00,0,0,0,0,0,0,0,0,0,0.00,0.00,2.18,2.94,4.13,1.44,2.35,4.55,11.00,2.10,1.74,Stadio Pierluigi Penzo
1535299200,Aug 26 2018 - 4:00pm,complete,N/A,Hellas Verona,Calcio Padova,Francesco Fourneau,1,0.00,0.00,1.81,0.67,1,1,2,2,1,1,"23","36",5,4,2,0,3,0,0,2,2,1,9,9,6,5,3,4,13,19,66,34,0.00,0.00,1.42,1.32,0.00,0,0,0,0,0,0,0,0,0,0.00,0.00,1.62,3.50,7.32,1.34,2.05,3.70,8.00,2.00,1.83,Stadio Marc'Antonio Bentegodi
1535310000,Aug 26 2018 - 7:00pm,complete,N/A,Ascoli,Cosenza,Manuel Volpi,1,0.00,0.00,1.56,0.94,1,1,2,1,0,1,"90'5","19",8,5,2,0,3,0,0,2,2,1,8,8,5,4,3,4,16,24,65,35,0.00,0.00,1.34,1.01,0.00,0,0,0,0,0,0,0,0,0,0.00,0.00,2.26,2.93,3.91,1.44,2.35,4.50,11.00,2.00,1.75,Stadio Cino e Lillo Del Duca
1535310000,Aug 26 2018 - 7:00pm,complete,N/A,Cittadella,Crotone,Niccolò Baroni,1,0.00,0.00,1.75,0.94,3,0,3,1,1,0,"3,49,89","",5,6,2,0,1,1,2,0,0,2,18,10,10,4,8,6,21,11,46,54,0.00,0.00,2.21,1.33,0.00,0,0,0,0,0,0,0,0,0,0.00,0.00,2.61,2.99,3.10,1.34,2.05,3.70,8.00,1.91,1.91,Stadio Sandro Cabassi
1535310000,Aug 26 2018 - 7:00pm,complete,N/A,Foggia,Carpi,Federico Dionisi,1,0.00,0.00,1.78,0.78,4,2,6,1,1,0,"23,50,55,62","69,81",8,6,0,0,3,0,0,0,0,3,17,16,11,9,6,7,8,21,57,43,0.00,0.00,2.18,1.96,0.00,0,0,0,0,0,0,0,0,0,0.00,0.00,2.10,3.10,4.14,1.36,2.10,3.90,8.50,2.00,1.80,Stadio Comunale Pino Zaccheria
1535396400,Aug 27 2018 - 7:00pm,complete,N/A,Benevento,Lecce,Juan Luca Sacchi,1,0.00,0.00,1.74,1.28,3,3,6,1,0,1,"69,81,87","30,57,60",5,4,1,0,4,0,1,0,1,3,16,5,11,4,5,1,14,12,52,48,0.00,0.00,2.17,0.85,0.00,0,0,0,0,0,0,0,0,0,0.00,0.00,1.83,3.29,5.26,1.35,2.10,3.80,9.00,2.00,1.83,Stadio Ciro Vigorito
1535742000,Aug 31 2018 - 7:00pm,complete,N/A,Palermo,Cremonese,Luigi Nasca,2,0.00,0.00,1.83,0.89,2,2,4,1,1,0,"26,88","64,82",7,9,3,0,0,0,0,3,0,0,13,12,7,4,6,8,15,9,54,46,0.00,0.00,1.68,1.42,0.00,0,0,0,0,0,0,0,0,0,0.00,0.00,1.81,3.24,5.66,1.42,2.25,4.30,9.00,2.10,1.74,Stadio Renzo Barbera
1535817600,Sep 01 2018 - 4:00pm,complete,N/A,Carpi,Cittadella,Lorenzo Illuzzi,2,0.00,0.00,0.83,1.19,0,1,1,0,0,0,"","80",6,6,4,0,4,0,1,3,2,2,7,5,7,5,0,0,22,19,43,57,0.00,0.00,1.24,1.01,0.00,0,0,0,0,0,0,0,0,0,0.00,0.00,2.70,2.94,3.03,1.37,2.15,3.95,9.00,1.95,1.87,Stadio Sandro Cabassi
1535817600,Sep 01 2018 - 4:00pm,complete,N/A,Cosenza,Hellas Verona,Fabio Piscopo,2,0.00,0.00,1.61,1.20,0,3,3,0,0,0,"","",0,0,-1,-1,-1,-1,-1,-1,-1,-1,-1,-1,-1,-1,-1,-1,-1,-1,-1,-1,0.00,0.00,0.00,0.00,0.00,0,0,0,0,0,0,0,0,0,0.00,0.00,2.85,2.80,2.70,1.45,2.40,4.60,10.00,2.10,1.74,Stadio San Vito-Luigi Marulla
1535817600,Sep 01 2018 - 4:00pm,complete,N/A,Calcio Padova,Venezia,Davide Ghersini,2,0.00,0.00,1.06,0.63,1,0,1,1,1,0,"40","",4,9,4,0,1,0,3,1,1,0,14,10,7,5,7,5,16,15,45,55,0.00,0.00,1.59,1.44,0.00,0,0,0,0,0,0,0,0,0,0.00,0.00,2.28,2.88,3.93,1.43,2.35,4.45,10.00,2.10,1.74,Stadio Comunale Euganeo
1535817600,Sep 01 2018 - 4:00pm,complete,N/A,Spezia,Brescia,Luca Massimi,2,0.00,0.00,1.84,1.39,3,2,5,4,2,2,"6,17,74","1,20",3,4,3,0,1,0,0,3,0,1,15,12,9,8,6,4,18,16,42,58,0.00,0.00,1.91,1.74,0.00,0,0,0,0,0,0,0,0,0,0.00,0.00,2.35,2.85,3.78,1.43,2.30,4.40,10.00,2.10,1.74,Stadio Alberto Picco
1535904000,Sep 02 2018 - 4:00pm,complete,N/A,Pescara,Livorno,Lorenzo Maggioni,2,0.00,0.00,2.00,0.72,2,1,3,0,0,0,"49,61","68",7,11,3,0,1,0,1,2,1,0,14,11,8,7,6,4,12,15,57,43,0.00,0.00,1.75,1.52,0.00,0,0,0,0,0,0,0,0,0,0.00,0.00,2.12,3.03,4.19,1.36,2.10,3.85,9.00,2.05,1.77,Stadio Adriatico-Giovanni Cornacchia
1535914800,Sep 02 2018 - 7:00pm,complete,N/A,Crotone,Foggia,Daniele Minelli,2,0.00,0.00,1.44,0.61,4,1,5,1,1,0,"31,49,54,65","90'3",7,5,1,0,1,0,1,0,1,0,12,7,10,6,2,1,13,13,51,49,0.00,0.00,1.81,1.13,0.00,0,0,0,0,0,0,0,0,0,0.00,0.00,2.11,3.15,4.03,1.29,1.95,3.35,7.00,1.91,1.91,Stadio Ezio Scida
1535914800,Sep 02 2018 - 7:00pm,complete,N/A,Lecce,Salernitana,Antonio Di Martino,2,0.00,0.00,2.39,0.58,2,2,4,1,1,0,"4,81","71,90'1",5,2,2,0,3,0,0,2,3,0,9,9,6,4,3,5,18,25,52,48,0.00,0.00,1.28,1.18,0.00,0,0,0,0,0,0,0,0,0,0.00,0.00,2.45,2.91,3.46,1.38,2.20,4.10,9.00,2.00,1.83,Stadio Comunale Via del Mare
1535914800,Sep 02 2018 - 7:00pm,complete,N/A,Perugia,Ascoli,Francesco Guccini,2,0.00,0.00,1.61,0.83,2,0,2,1,1,0,"6,48","",5,5,2,1,1,0,1,2,0,1,11,12,6,6,5,6,20,19,41,59,0.00,0.00,1.43,1.51,0.00,0,0,0,0,0,0,0,0,0,0.00,0.00,1.87,3.18,5.24,1.38,2.20,4.10,9.00,2.10,1.71,Stadio Renato Curi
1536951600,Sep 14 2018 - 7:00pm,complete,N/A,Venezia,Benevento,Gianluca Aureliano,3,3.00,0.00,1.53,1.58,2,3,5,2,0,2,"49,67","25,44,51",5,2,2,0,3,0,0,2,1,2,15,12,11,6,4,6,18,21,49,51,1.08,0.00,2.04,1.52,0.50,0,0,0,0,0,0,50,0,0,6.00,1.00,2.75,2.80,2.80,1.39,2.20,4.10,8.50,1.95,1.87,Stadio Pierluigi Penzo
1537016400,Sep 15 2018 - 1:00pm,complete,N/A,Ascoli,Lecce,Antonio Rapuano,3,1.00,1.00,1.56,1.28,1,0,1,0,0,0,"69","",2,6,3,0,2,0,0,3,1,1,9,9,4,4,5,5,20,15,40,60,1.34,0.85,1.07,1.23,4.00,100,100,50,50,50,0,100,50,100,12.00,6.00,2.40,2.85,3.25,1.44,2.35,4.55,9.00,2.10,1.74,Stadio Cino e Lillo Del Duca
1537016400,Sep 15 2018 - 1:00pm,complete,N/A,Brescia,Pescara,Marco Serra,3,1.00,1.00,2.33,0.95,1,1,2,0,0,0,"82","89",5,4,3,0,2,0,0,3,1,1,7,14,4,7,3,7,10,5,57,43,1.56,1.31,1.05,1.52,2.00,100,100,0,0,0,0,100,0,100,10.00,4.00,2.20,2.95,3.55,1.32,2.00,3.60,7.50,1.87,1.91,Stadio Mario Rigamonti
1537016400,Sep 15 2018 - 1:00pm,complete,N/A,Cittadella,Cosenza,Valerio Marini,3,3.00,1.00,1.75,0.94,2,0,2,0,0,0,"67,82","",7,0,2,0,4,0,1,1,1,3,7,4,5,2,2,2,12,12,63,37,2.21,1.01,1.16,0.52,2.50,50,100,50,0,0,0,100,50,100,10.00,5.00,1.91,3.20,4.30,1.34,2.05,3.75,8.00,2.00,1.83,Stadio Pier Cesare Tombolato
1537027200,Sep 15 2018 - 4:00pm,complete,N/A,Cremonese,Spezia,Antonio Giua,3,1.00,0.00,1.83,0.89,2,0,2,2,2,0,"16,21","",3,5,0,0,2,0,0,0,1,1,6,12,3,6,3,6,14,16,37,63,0.93,1.09,0.85,1.80,1.50,50,50,0,0,0,0,100,0,50,7.00,5.00,2.30,2.80,3.55,1.43,2.35,4.45,9.50,2.10,1.74,Stadio Giovanni Zini
1537102800,Sep 16 2018 - 1:00pm,complete,N/A,Hellas Verona,Carpi,Manuel Volpi,3,1.00,0.00,1.81,0.78,4,1,5,2,2,0,"35,45,57,82","87",4,3,2,0,2,0,0,2,1,1,10,7,8,5,2,2,10,15,66,34,1.42,1.96,1.30,0.98,4.00,100,100,50,50,50,50,100,50,50,11.00,5.00,1.71,3.35,5.15,1.36,2.10,3.90,9.00,2.10,1.77,Stadio Marc'Antonio Bentegodi
1537102800,Sep 16 2018 - 1:00pm,complete,N/A,Salernitana,Calcio Padova,Aleandro Di Paolo,3,1.00,1.00,1.58,0.67,3,0,3,1,1,0,"26,65,69","",5,4,3,0,2,0,3,0,1,1,6,2,6,0,0,2,15,11,37,63,0.78,1.32,0.92,0.25,1.00,50,50,0,0,0,50,50,0,0,7.00,5.00,2.25,2.85,3.50,1.45,2.40,4.60,11.00,2.10,1.71,Stadio Arechi
1537124400,Sep 16 2018 - 7:00pm,complete,N/A,Foggia,Palermo,Livio Marinelli,3,3.00,1.00,1.78,1.67,1,2,3,1,1,0,"37","54,62",4,6,3,0,3,0,1,2,1,2,8,13,4,7,4,6,15,21,58,42,2.18,0.99,1.03,1.60,3.00,50,50,50,50,50,0,50,50,50,12.00,2.00,2.50,2.95,2.95,1.31,1.95,3.45,7.00,1.77,2.05,Stadio Comunale Pino Zaccheria
1537210800,Sep 17 2018 - 7:00pm,complete,N/A,Livorno,Crotone,Marco Piccinini,3,0.00,0.00,1.44,0.94,0,1,1,0,0,0,"","84",6,5,2,0,2,0,0,2,1,1,11,8,5,4,6,4,12,9,37,63,0.00,1.33,1.37,1.13,1.50,0,50,50,0,0,0,50,50,50,6.00,2.00,3.20,3.05,2.30,1.35,2.10,3.80,7.50,1.91,1.91,Stadio Armando Picchi
1537556400,Sep 21 2018 - 7:00pm,complete,N/A,Benevento,Salernitana,Ivano Pezzuto,4,1.00,1.00,1.74,0.58,4,0,4,1,1,0,"30,74,89,90'6","",8,2,3,0,3,0,0,3,2,1,18,5,12,5,6,0,20,15,53,47,2.17,1.18,2.24,0.86,5.00,100,100,100,100,50,0,100,100,100,7.00,4.00,1.91,3.15,4.30,1.32,2.00,3.50,7.50,1.91,1.91,Stadio Ciro Vigorito
1537621200,Sep 22 2018 - 1:00pm,complete,N/A,Carpi,Brescia,Fabio Piscopo,4,0.00,0.00,0.83,1.39,1,1,2,2,1,1,"28","13",5,3,0,0,2,0,0,0,0,2,11,11,5,3,6,8,19,14,41,59,1.24,1.74,1.40,1.22,3.00,50,50,50,50,50,50,50,0,100,10.00,5.00,2.75,2.85,2.75,1.43,2.30,4.40,9.00,2.00,1.80,Stadio Sandro Cabassi
1537621200,Sep 22 2018 - 1:00pm,complete,N/A,Crotone,Hellas Verona,Juan Luca Sacchi,4,3.00,3.00,1.44,1.20,1,2,3,1,0,1,"85","14,57",7,5,2,0,3,0,0,2,0,3,19,16,4,6,15,10,11,13,51,49,1.81,0.00,1.79,1.67,4.00,50,100,100,50,50,0,50,50,50,7.00,1.00,1.87,3.35,4.15,1.33,2.05,3.65,7.50,1.91,1.91,Stadio Ezio Scida
1537621200,Sep 22 2018 - 1:00pm,complete,N/A,Lecce,Venezia,Niccolò Baroni,4,1.00,0.00,2.39,0.63,2,1,3,0,0,0,"73,90'1","60",4,1,2,0,2,0,0,2,1,1,10,6,6,4,4,2,14,14,57,43,1.28,1.44,1.38,0.90,2.50,50,50,50,50,0,0,100,50,50,14.00,3.00,2.20,2.90,3.55,1.43,2.35,4.45,9.00,2.10,1.74,Stadio Comunale Via del Mare
1537621200,Sep 22 2018 - 1:00pm,complete,N/A,Palermo,Perugia,Francesco Fourneau,4,1.00,1.00,1.83,1.11,4,1,5,2,2,0,"14,18,58,68","79",4,4,1,0,2,0,1,0,2,0,11,17,7,7,4,10,8,15,51,49,1.68,1.14,1.40,1.78,3.00,100,100,50,50,0,0,100,50,100,10.00,5.00,1.87,3.15,4.60,1.34,2.05,3.70,7.40,2.00,1.83,Stadio Renzo Barbera
1537621200,Sep 22 2018 - 1:00pm,complete,N/A,Pescara,Foggia,Luigi Pillitteri,4,3.00,0.00,2.00,0.61,1,0,1,0,0,0,"73","",3,4,4,0,2,0,2,2,0,2,10,16,4,4,6,12,17,17,42,58,1.75,1.13,1.12,1.61,4.00,100,100,100,50,50,0,50,100,100,12.00,4.00,2.20,3.10,3.35,1.26,1.83,3.10,5.80,1.74,2.10,Stadio Adriatico-Giovanni Cornacchia
1537621200,Sep 22 2018 - 1:00pm,complete,N/A,Spezia,Cittadella,Lorenzo Maggioni,4,3.00,3.00,1.84,1.19,1,0,1,0,0,0,"48","",4,6,2,0,3,1,0,2,3,1,15,9,9,3,6,6,17,18,44,56,1.91,1.01,1.79,1.08,3.00,50,50,50,50,50,50,50,0,100,9.00,7.00,2.30,2.90,3.40,1.42,2.25,4.30,8.60,2.05,1.77,Stadio Alberto Picco
1537632000,Sep 22 2018 - 4:00pm,complete,N/A,Cosenza,Livorno,Riccardo Ros,4,0.00,0.00,1.61,0.72,1,1,2,1,1,0,"35","84",7,2,1,0,3,0,1,0,1,2,10,9,4,4,6,5,15,20,50,50,0.00,1.52,1.39,1.17,3.00,50,100,100,0,0,0,0,50,50,11.00,1.00,2.15,2.95,3.70,1.40,2.25,4.20,8.20,2.05,1.80,Stadio San Vito-Luigi Marulla
1537729200,Sep 23 2018 - 7:00pm,complete,N/A,Calcio Padova,Cremonese,Eugenio Abbattista,4,3.00,1.00,1.06,0.89,1,1,2,1,1,0,"26","81",4,13,2,0,1,0,1,1,0,1,4,12,3,8,1,4,13,11,37,63,1.59,1.42,0.70,1.90,2.50,50,50,50,50,0,0,100,50,50,13.00,4.00,2.20,3.00,3.40,1.44,2.35,4.55,9.10,2.10,1.74,Stadio Comunale Euganeo
1537902000,Sep 25 2018 - 7:00pm,complete,N/A,Brescia,Palermo,Marco Piccinini,5,1.00,2.00,2.33,1.67,2,1,3,2,2,0,"27,29","86",7,2,3,0,1,0,1,2,0,1,10,8,6,6,4,2,19,10,39,61,1.31,1.29,1.38,1.21,1.75,75,75,25,0,0,0,50,50,75,9.00,5.00,2.75,2.95,2.65,1.39,2.20,4.10,10.50,2.00,1.83,Stadio Mario Rigamonti
1537902000,Sep 25 2018 - 7:00pm,complete,N/A,Cittadella,Benevento,Daniele Minelli,5,3.00,3.00,1.75,1.58,0,1,1,1,0,1,"","37",5,6,2,0,2,0,1,1,0,2,9,5,4,4,5,1,24,15,57,43,1.68,1.52,1.25,0.94,3.75,50,100,75,50,50,50,75,100,100,8.00,5.00,2.70,3.10,2.65,1.29,1.91,3.30,8.20,1.80,2.05,Stadio Pier Cesare Tombolato
1537902000,Sep 25 2018 - 7:00pm,complete,N/A,Hellas Verona,Spezia,Valerio Marini,5,2.00,0.00,1.81,0.89,2,1,3,2,1,1,"42,78","39",4,1,1,0,3,0,0,1,2,1,8,7,7,5,1,2,15,21,60,40,1.36,1.44,1.31,1.05,2.50,50,75,25,25,25,75,100,25,25,9.00,4.50,1.95,3.10,4.20,1.36,2.10,3.85,9.20,2.00,1.83,Stadio Marc'Antonio Bentegodi
1537902000,Sep 25 2018 - 7:00pm,complete,N/A,Livorno,Lecce,Francesco Guccini,5,0.00,0.50,1.44,1.28,0,3,3,1,0,1,"","15,47,58",8,6,2,0,2,0,0,2,0,2,8,9,0,6,8,3,12,17,49,51,1.37,1.04,0.83,1.30,2.25,25,25,25,25,25,0,25,25,100,11.00,5.00,2.55,3.00,2.85,1.40,2.25,4.20,10.50,2.00,1.80,Stadio Armando Picchi
1537902000,Sep 25 2018 - 7:00pm,complete,N/A,Perugia,Carpi,Antonio Rapuano,5,3.00,0.00,1.61,0.78,0,1,1,0,0,0,"","76",3,6,1,0,1,0,0,1,0,1,6,10,2,3,4,7,13,15,66,34,1.43,1.47,0.95,1.07,3.75,50,100,50,50,50,25,100,50,100,9.50,6.50,1.87,3.10,4.65,1.45,2.40,4.60,12.00,2.25,1.65,Stadio Renato Curi
1537902000,Sep 25 2018 - 7:00pm,complete,N/A,Pescara,Crotone,Luigi Nasca,5,3.00,1.50,2.00,0.94,2,1,3,1,1,0,"19,54","49",6,6,1,0,3,0,1,0,0,3,9,13,5,6,4,7,15,14,37,63,1.44,1.23,1.17,1.54,2.00,25,50,50,0,0,0,25,50,100,10.50,5.50,2.65,2.95,2.80,1.35,2.10,3.80,9.60,1.83,2.00,Stadio Adriatico-Giovanni Cornacchia
1537902000,Sep 25 2018 - 7:00pm,complete,N/A,Salernitana,Ascoli,Lorenzo Illuzzi,5,2.00,0.00,1.58,0.83,1,1,2,1,0,1,"61","8",4,3,2,0,3,0,1,1,1,2,13,10,5,5,8,5,23,17,45,55,0.85,1.51,1.46,1.27,1.75,0,75,25,0,0,0,75,25,75,9.00,3.50,2.00,3.00,4.10,1.43,2.30,4.40,11.50,2.10,1.74,Stadio Arechi
1537981200,Sep 26 2018 - 5:00pm,complete,N/A,Cremonese,Cosenza,Luca Massimi,5,2.00,0.50,1.83,0.94,2,0,2,1,1,0,"30,55","",3,5,1,0,1,0,0,1,0,1,7,9,5,5,2,4,15,12,48,52,0.89,0.76,1.11,1.28,2.00,50,100,0,0,0,25,75,25,75,5.50,4.50,1.87,3.15,4.60,1.43,2.30,4.35,11.50,2.20,1.69,Stadio Giovanni Zini
1537988400,Sep 26 2018 - 7:00pm,complete,N/A,Foggia,Calcio Padova,Antonio Di Martino,5,1.50,0.50,1.78,0.67,2,1,3,1,0,1,"62,85","8",4,2,3,0,3,0,0,3,1,2,15,5,9,4,6,1,23,18,66,34,1.60,0.78,1.88,0.80,3.50,75,100,75,25,25,25,100,75,75,10.00,4.00,1.91,3.20,4.15,1.35,2.10,3.80,9.40,2.00,1.83,Stadio Comunale Pino Zaccheria
1538161200,Sep 28 2018 - 7:00pm,complete,N/A,Crotone,Brescia,Livio Marinelli,6,1.50,0.50,1.44,1.39,2,2,4,1,0,1,"56,90'6","11,71",6,3,1,1,2,0,1,1,1,1,12,16,7,5,5,11,11,22,56,44,1.80,1.48,1.62,1.63,3.75,100,100,75,50,50,50,100,50,75,10.50,3.00,1.87,3.35,4.10,1.32,2.00,3.55,8.20,1.91,1.91,Stadio Ezio Scida
1538226000,Sep 29 2018 - 1:00pm,complete,N/A,Lecce,Cittadella,Antonio Giua,6,2.00,1.50,2.39,1.19,1,1,2,1,1,0,"14","81",1,7,3,0,2,0,2,1,1,1,6,18,6,8,0,10,12,17,41,59,1.33,1.04,1.01,2.08,2.25,50,50,50,25,0,0,25,50,100,10.50,6.50,2.25,3.00,3.35,1.35,2.10,3.80,9.40,1.91,1.87,Stadio Comunale Via del Mare
1538226000,Sep 29 2018 - 1:00pm,complete,N/A,Salernitana,Hellas Verona,Gianluca Aureliano,6,1.67,3.00,1.58,1.20,1,0,1,0,0,0,"68","",5,5,3,0,3,0,0,3,1,2,8,11,2,7,6,4,18,14,36,64,1.05,1.67,0.84,1.46,2.34,42,84,67,0,0,0,59,42,59,9.00,5.33,2.35,3.00,3.15,1.36,2.10,3.85,8.80,1.95,1.87,Stadio Arechi
1538226000,Sep 29 2018 - 1:00pm,complete,N/A,Spezia,Carpi,Marco Serra,6,3.00,1.00,1.84,0.78,2,1,3,1,0,1,"57,85","40",7,7,1,0,2,0,1,0,2,0,15,5,7,2,8,3,17,18,75,25,1.85,1.34,1.92,0.63,3.50,59,59,59,59,59,42,59,34,100,8.50,4.50,1.95,3.00,4.50,1.54,2.70,5.40,14.50,2.40,1.57,Stadio Alberto Picco
1538236800,Sep 29 2018 - 4:00pm,complete,N/A,Venezia,Livorno,Fabio Piscopo,6,1.50,0.50,1.53,0.72,1,1,2,1,0,1,"57","22",7,8,3,0,2,0,2,1,1,1,7,6,5,3,2,3,21,16,54,46,1.56,1.35,1.27,0.82,2.75,75,75,50,25,25,25,75,50,75,12.00,3.50,1.74,3.35,5.00,1.33,2.05,3.65,8.60,2.00,1.80,Stadio Pierluigi Penzo
1538312400,Sep 30 2018 - 1:00pm,complete,N/A,Ascoli,Cremonese,Ivano Pezzuto,6,2.00,1.00,1.56,0.89,0,0,0,0,0,0,"","",3,6,3,0,1,0,1,2,1,0,7,7,5,3,2,4,15,16,52,48,1.21,1.66,1.13,1.01,2.25,75,75,25,25,0,0,75,25,100,16.00,3.00,2.85,2.90,2.60,1.43,2.30,4.40,9.50,2.05,1.77,Stadio Cino e Lillo Del Duca
1538312400,Sep 30 2018 - 1:00pm,complete,N/A,Cosenza,Perugia,Federico Dionisi,6,0.50,0.50,1.61,1.11,1,1,2,1,1,0,"13","72",5,2,2,0,1,0,1,1,1,0,6,6,3,3,3,3,17,16,46,54,1.39,1.46,0.80,0.79,3.00,75,100,50,25,25,25,75,25,75,10.50,3.00,2.35,2.90,3.25,1.47,2.40,4.70,9.50,2.15,1.71,Stadio San Vito-Luigi Marulla
1538334000,Sep 30 2018 - 7:00pm,complete,N/A,Benevento,Foggia,Riccardo Ros,6,2.00,0.00,1.74,0.61,1,3,4,2,1,1,"7","24,48,60",4,3,1,0,4,0,1,0,1,3,12,4,5,4,7,0,16,12,54,46,2.21,1.37,1.56,0.76,4.00,50,75,75,75,50,0,75,75,100,11.00,3.50,1.69,3.50,5.00,1.24,1.77,2.95,6.50,1.80,2.00,Stadio Ciro Vigorito
1538494200,Oct 02 2018 - 3:30pm,complete,N/A,Calcio Padova,Pescara,Manuel Volpi,6,2.00,1.00,1.06,0.95,2,2,4,1,0,1,"90,90'5","26,50",7,2,3,0,2,0,1,2,0,2,13,8,8,6,5,2,17,13,42,58,1.14,1.41,1.69,1.17,1.75,75,75,0,0,0,0,75,25,75,9.50,5.00,2.45,3.10,2.90,1.38,2.20,4.10,7.70,2.00,1.83,Stadio Comunale Euganeo
1538766000,Oct 05 2018 - 7:00pm,complete,N/A,Hellas Verona,Lecce,Luca Massimi,7,2.33,1.33,1.81,1.28,0,2,2,1,0,1,"","45'1,68",14,4,3,0,4,0,2,1,0,4,19,8,6,7,13,1,11,13,63,37,1.34,1.13,2.08,1.26,3.33,67,84,67,33,33,50,84,50,84,9.66,4.34,1.80,3.25,4.60,1.36,2.10,3.85,9.60,2.05,1.77,Stadio Marc'Antonio Bentegodi
1538830800,Oct 06 2018 - 1:00pm,complete,N/A,Carpi,Cosenza,Luigi Pillitteri,7,0.50,0.33,0.83,0.94,1,1,2,0,0,0,"47","89",0,9,1,0,2,0,1,0,2,0,8,16,6,6,2,10,21,18,37,63,1.32,0.93,1.20,1.87,1.75,42,75,0,0,0,25,59,17,75,8.83,4.67,2.10,2.85,4.05,1.51,2.60,5.20,10.00,2.30,1.62,Stadio Sandro Cabassi
1538830800,Oct 06 2018 - 1:00pm,complete,N/A,Cremonese,Salernitana,Francesco Guccini,7,2.33,0.50,1.83,0.58,0,0,0,0,0,0,"","",9,2,0,0,3,1,0,0,1,3,8,4,3,3,5,1,13,15,57,43,0.96,1.02,1.23,0.71,3.00,42,100,50,50,0,17,100,50,84,5.00,4.00,2.00,3.05,4.00,1.42,2.25,4.30,11.00,2.10,1.74,Stadio Giovanni Zini
1538830800,Oct 06 2018 - 1:00pm,complete,N/A,Foggia,Ascoli,Lorenzo Maggioni,7,2.00,0.50,1.78,0.83,3,2,5,4,2,2,"10,14,72","5,29",0,6,3,0,2,0,0,3,1,1,11,14,7,5,4,9,20,20,53,47,1.70,1.39,1.34,1.53,3.00,75,100,50,17,17,0,100,50,100,9.33,4.00,1.67,3.55,5.15,1.27,1.87,3.20,8.00,1.91,1.91,Stadio Comunale Pino Zaccheria
1538830800,Oct 06 2018 - 1:00pm,complete,N/A,Pescara,Benevento,Niccolò Baroni,7,3.00,3.00,2.00,1.58,2,1,3,1,1,0,"37,53","51",6,2,3,0,3,0,0,3,1,2,11,7,7,3,4,4,16,20,36,64,1.35,1.23,1.51,0.96,2.67,59,59,59,25,25,25,67,59,75,9.33,5.17,2.70,3.05,2.65,1.28,1.87,3.20,5.75,1.77,2.05,Stadio Adriatico-Giovanni Cornacchia
1538841600,Oct 06 2018 - 4:00pm,complete,N/A,Perugia,Venezia,Antonio Di Martino,7,1.50,0.00,1.61,0.63,1,0,1,0,0,0,"53","",3,7,3,0,3,1,2,1,1,3,14,7,6,3,8,4,23,25,50,50,1.19,1.17,1.76,1.10,1.75,25,50,25,0,0,0,50,25,75,9.00,4.00,2.20,2.95,3.50,1.39,2.20,4.10,10.50,2.00,1.80,Stadio Renato Curi
1538917200,Oct 07 2018 - 1:00pm,complete,N/A,Brescia,Calcio Padova,Antonio Rapuano,7,1.67,0.33,2.33,0.67,4,1,5,1,0,1,"61,72,86,89","16",8,6,2,0,1,0,0,2,0,1,11,8,7,2,4,6,17,9,54,46,1.33,0.79,1.56,0.86,2.50,84,100,50,0,0,33,84,50,84,8.33,5.34,1.91,3.10,4.20,1.40,2.25,4.20,8.50,2.10,1.71,Stadio Mario Rigamonti
1538917200,Oct 07 2018 - 1:00pm,complete,N/A,Livorno,Spezia,Francesco Fourneau,7,0.00,0.00,1.44,0.89,1,3,4,4,1,3,"19","5,11,24",0,5,2,1,4,0,1,2,1,3,11,9,7,7,4,2,15,19,55,45,1.10,1.31,1.59,1.28,2.00,17,59,42,0,0,34,75,25,67,10.33,4.67,2.95,2.75,2.60,1.45,2.40,4.60,11.00,2.10,1.69,Stadio Armando Picchi
1538938800,Oct 07 2018 - 7:00pm,complete,N/A,Palermo,Crotone,Davide Ghersini,7,2.00,1.00,1.83,0.94,1,0,1,0,0,0,"86","",3,1,3,0,1,0,3,0,1,0,18,7,5,3,13,4,17,12,53,47,1.54,1.33,1.87,0.91,3.42,67,84,84,50,25,25,84,84,100,11.17,4.33,2.15,3.00,3.50,1.36,2.10,3.90,7.50,1.95,1.80,Stadio Renzo Barbera
1539975600,Oct 19 2018 - 7:00pm,complete,N/A,Spezia,Pescara,Daniele Minelli,8,3.00,1.00,1.84,0.95,1,3,4,3,1,2,"37","9,35,56",11,4,1,0,2,0,1,0,1,1,23,14,6,6,17,8,12,18,60,40,1.87,1.33,2.36,1.52,2.84,84,84,50,33,17,17,67,50,100,9.00,4.00,2.20,2.95,3.50,1.37,2.15,3.95,11.50,2.00,1.83,Stadio Alberto Picco
1540040400,Oct 20 2018 - 1:00pm,complete,N/A,Ascoli,Carpi,Valerio Marini,8,1.67,0.75,1.56,0.78,1,0,1,0,0,0,"60","",5,4,5,0,5,0,1,4,2,3,15,11,6,3,9,8,18,29,53,47,1.18,1.16,1.56,1.18,2.38,54,54,38,25,25,13,54,38,84,9.83,4.67,2.05,2.95,4.00,1.48,2.45,4.80,8.70,2.20,1.67,Stadio Cino e Lillo Del Duca
1540040400,Oct 20 2018 - 1:00pm,complete,N/A,Cittadella,Brescia,Lorenzo Illuzzi,8,2.00,0.67,1.75,1.39,2,2,4,2,2,0,"13,35","50,69",6,3,3,0,4,0,1,2,1,3,18,14,4,5,14,9,25,14,52,48,1.54,1.53,1.89,1.40,2.84,50,84,50,34,17,34,84,50,67,9.00,3.67,2.05,3.15,3.80,1.29,1.91,3.30,6.20,1.83,2.00,Stadio Pier Cesare Tombolato
1540040400,Oct 20 2018 - 1:00pm,complete,N/A,Cosenza,Foggia,Antonio Giua,8,0.67,1.00,1.61,0.61,2,0,2,1,1,0,"34,74","",6,9,2,0,3,0,1,1,1,2,16,12,7,3,9,9,18,12,36,64,1.10,1.17,1.85,1.34,2.83,67,84,50,34,17,17,67,34,84,10.00,3.83,2.55,2.95,2.90,1.36,2.10,3.85,7.00,1.87,1.95,Stadio San Vito-Luigi Marulla
1540051200,Oct 20 2018 - 4:00pm,complete,N/A,Crotone,Calcio Padova,Marco Serra,8,1.33,0.25,1.44,0.67,2,1,3,1,1,0,"12,76","64",3,2,1,0,2,1,1,0,1,2,19,17,5,8,14,9,18,14,57,43,1.74,0.80,1.90,1.88,3.63,88,100,88,46,29,13,100,88,88,10.67,4.25,1.71,3.30,5.35,1.34,2.05,3.75,6.50,2.05,1.77,Stadio Ezio Scida
1540126800,Oct 21 2018 - 1:00pm,complete,N/A,Salernitana,Perugia,Marco Piccinini,8,2.00,0.67,1.58,1.11,2,1,3,0,0,0,"56,77","60",5,5,3,0,2,1,1,2,0,3,13,17,6,9,7,8,13,14,42,58,1.00,1.24,1.58,2.13,2.25,63,75,29,17,17,17,75,29,88,7.25,4.17,2.15,2.95,3.70,1.42,2.25,4.30,11.50,2.05,1.77,Stadio Arechi
1540126800,Oct 21 2018 - 1:00pm,complete,N/A,Venezia,Hellas Verona,Eugenio Abbattista,8,1.33,2.00,1.53,1.20,1,1,2,1,0,1,"67","8",5,4,1,0,3,0,1,0,0,3,20,14,8,6,12,8,18,14,43,57,1.46,1.56,2.26,1.65,2.50,50,67,50,17,17,17,67,33,67,11.00,5.00,2.55,2.90,2.95,1.38,2.20,4.10,9.80,2.00,1.83,Stadio Pierluigi Penzo
1540148400,Oct 21 2018 - 7:00pm,complete,N/A,Lecce,Palermo,Manuel Volpi,8,1.67,1.33,2.39,1.67,1,2,3,2,1,1,"37","29,85",6,3,1,0,4,0,0,1,0,4,20,16,7,5,13,11,16,24,54,46,1.22,1.27,2.08,1.65,2.50,84,84,67,17,0,17,67,50,84,7.33,4.33,2.65,2.90,2.80,1.41,2.25,4.25,10.50,2.00,1.83,Stadio Comunale Via del Mare
1540234800,Oct 22 2018 - 7:00pm,complete,N/A,Benevento,Livorno,Luigi Nasca,8,1.33,0.67,1.74,0.72,1,0,1,0,0,0,"60","",12,1,2,0,3,0,0,2,0,3,24,9,13,3,11,6,12,22,52,48,1.99,1.17,2.83,0.95,3.50,84,100,67,50,17,17,84,67,100,12.67,3.67,1.42,4.05,8.00,1.26,1.83,3.10,6.00,2.10,1.74,Stadio Ciro Vigorito
1540580400,Oct 26 2018 - 7:00pm,complete,N/A,Palermo,Venezia,Ivano Pezzuto,9,2.33,0.00,1.83,0.63,1,1,2,0,0,0,"90","59",5,6,4,1,2,0,1,4,0,2,29,8,9,3,20,5,19,18,55,45,1.65,1.15,2.92,1.00,2.50,50,50,50,34,17,17,50,50,84,10.34,4.66,1.67,3.30,5.80,1.35,2.10,3.80,9.00,2.10,1.74,Stadio Renzo Barbera
1540645200,Oct 27 2018 - 1:00pm,complete,N/A,Benevento,Cremonese,Aleandro Di Paolo,9,1.75,1.00,1.74,0.89,2,1,3,2,2,0,"16,37","53",8,6,4,0,4,0,1,3,1,3,16,12,6,3,10,9,14,13,48,52,2.20,1.45,1.72,1.29,2.88,59,71,54,54,13,13,71,54,84,16.58,2.42,1.83,3.20,4.55,1.35,2.10,3.80,7.00,2.05,1.80,Stadio Ciro Vigorito
1540645200,Oct 27 2018 - 1:00pm,complete,N/A,Brescia,Cosenza,Alessandro Prontera,9,2.00,0.50,2.33,0.94,1,0,1,0,0,0,"66","",5,7,3,0,3,0,2,1,1,2,11,10,5,6,6,4,18,16,45,55,1.39,1.17,1.43,1.47,2.50,75,100,25,13,13,13,63,50,100,10.50,5.00,1.95,3.20,4.05,1.32,2.00,3.50,8.00,1.91,1.91,Stadio Mario Rigamonti
1540645200,Oct 27 2018 - 1:00pm,complete,N/A,Foggia,Lecce,Gianluca Aureliano,9,2.25,1.75,1.78,1.28,2,2,4,1,1,0,"45,52","55,74",1,4,2,0,0,0,0,2,0,0,16,9,6,5,10,4,11,16,52,48,1.61,1.16,1.66,1.22,3.63,63,88,75,38,38,13,88,63,100,9.00,5.25,2.10,3.25,3.45,1.26,1.83,3.15,5.75,1.77,2.05,Stadio Comunale Pino Zaccheria
1540645200,Oct 27 2018 - 1:00pm,complete,N/A,Livorno,Ascoli,Federico Dionisi,9,0.00,0.33,1.44,0.83,1,0,1,1,1,0,"42","",6,10,2,0,2,0,1,1,2,0,13,15,5,4,8,11,16,15,41,59,1.26,1.44,1.45,1.57,2.84,50,84,50,33,17,33,84,17,84,9.34,4.67,2.45,2.95,3.05,1.41,2.25,4.25,7.70,1.95,1.87,Stadio Armando Picchi
1540645200,Oct 27 2018 - 1:00pm,complete,N/A,Calcio Padova,Spezia,Fabio Piscopo,9,1.67,0.75,1.06,0.89,0,0,0,0,0,0,"","",4,3,3,0,2,0,1,2,1,1,11,11,3,2,8,9,13,17,38,62,1.33,1.30,1.09,1.08,2.42,59,71,42,29,0,38,100,17,46,8.75,6.00,2.45,2.85,3.15,1.43,2.35,4.45,8.00,2.05,1.77,Stadio Comunale Euganeo
1540645200,Oct 27 2018 - 1:00pm,complete,N/A,Pescara,Cittadella,Juan Luca Sacchi,9,3.00,1.33,2.00,1.19,0,1,1,0,0,0,"","57",4,6,3,0,3,0,1,2,1,2,8,18,2,8,6,10,16,24,51,49,1.39,1.39,0.89,2.13,1.92,54,54,38,0,0,0,42,38,100,11.83,6.42,2.15,3.15,3.40,1.30,1.95,3.40,6.15,1.83,1.95,Stadio Adriatico-Giovanni Cornacchia
1540656000,Oct 27 2018 - 4:00pm,complete,N/A,Hellas Verona,Perugia,Livio Marinelli,9,1.75,0.50,1.81,1.11,2,1,3,2,1,1,"42,51","26",10,5,1,0,1,0,1,0,0,1,21,16,6,9,15,7,15,15,52,48,1.53,1.46,2.20,1.80,3.00,88,100,50,25,25,50,88,38,88,10.25,4.25,1.95,3.20,4.05,1.36,2.10,3.85,7.10,2.00,1.83,Stadio Marc'Antonio Bentegodi
1540756800,Oct 28 2018 - 8:00pm,complete,N/A,Crotone,Salernitana,Riccardo Ros,9,1.75,0.67,1.44,0.58,1,1,2,0,0,0,"85","50",7,11,0,0,2,0,0,0,0,2,14,15,4,3,10,12,9,15,59,41,1.78,0.92,1.57,1.33,3.21,67,84,84,59,13,0,84,84,84,7.75,5.42,1.87,3.15,4.45,1.37,2.15,3.95,8.60,2.05,1.77,Stadio Ezio Scida
1540929600,Oct 30 2018 - 8:00pm,complete,N/A,Ascoli,Hellas Verona,Marco Serra,10,2.00,1.75,1.56,1.20,1,0,1,0,0,0,"85","",6,5,3,0,1,0,1,2,1,0,13,5,4,0,9,5,20,22,44,56,1.28,1.59,1.24,0.53,1.63,38,50,25,0,0,0,38,13,75,9.17,6.25,3.00,2.90,2.50,1.42,2.25,4.30,10.50,2.00,1.83,Stadio Cino e Lillo Del Duca
1540929600,Oct 30 2018 - 8:00pm,complete,N/A,Carpi,Palermo,Niccolò Baroni,10,0.67,1.75,0.83,1.67,0,3,3,1,0,1,"","5,61,74",3,4,2,1,3,1,3,0,1,3,8,19,0,8,8,11,22,16,31,69,1.28,1.36,0.68,2.11,1.96,71,71,38,0,0,42,54,29,71,7.42,4.17,3.95,2.90,2.10,1.53,2.65,5.30,14.00,2.10,1.67,Stadio Sandro Cabassi
1540929600,Oct 30 2018 - 8:00pm,complete,N/A,Cittadella,Foggia,Luca Massimi,10,1.75,0.75,1.75,0.61,1,1,2,2,1,1,"29","21",5,5,3,1,1,0,1,3,0,1,12,13,5,5,7,8,25,16,48,52,1.63,1.21,1.31,1.33,2.75,38,75,50,38,13,25,75,63,88,11.00,4.75,1.87,3.50,4.00,1.22,1.71,2.80,6.40,1.71,2.15,Stadio Pier Cesare Tombolato
1540929600,Oct 30 2018 - 8:00pm,complete,N/A,Cosenza,Pescara,Francesco Guccini,10,1.25,1.50,1.61,0.95,1,1,2,1,1,0,"44","88",1,5,2,0,3,0,0,2,0,3,9,16,4,5,5,11,13,20,42,58,1.35,1.38,1.01,1.54,2.63,75,100,38,25,0,13,75,25,88,10.25,3.67,2.45,3.00,3.00,1.37,2.15,3.95,9.80,1.95,1.87,Stadio San Vito-Luigi Marulla
1540929600,Oct 30 2018 - 8:00pm,complete,N/A,Cremonese,Venezia,Lorenzo Maggioni,10,2.00,0.25,1.83,0.63,0,1,1,0,0,0,"","78",1,4,1,0,0,0,0,1,0,0,11,9,4,3,7,6,16,6,49,51,1.03,1.11,1.22,1.13,1.63,38,63,13,0,0,13,50,25,63,10.25,3.00,2.10,2.95,3.85,1.43,2.35,4.45,11.50,2.10,1.74,Stadio Giovanni Zini
1540929600,Oct 30 2018 - 8:00pm,complete,N/A,Perugia,Calcio Padova,Luigi Pillitteri,10,2.00,0.20,1.61,0.67,3,2,5,2,1,1,"17,56,90'2","45,75",7,5,2,0,4,0,2,0,2,2,14,9,7,8,7,1,14,21,52,48,1.38,1.02,1.58,1.22,2.27,40,67,40,10,10,10,67,40,90,7.27,5.27,1.95,3.10,4.25,1.43,2.35,4.45,10.50,2.05,1.77,Stadio Renato Curi
1541008800,Oct 31 2018 - 6:00pm,complete,N/A,Salernitana,Livorno,Antonio Rapuano,10,2.20,0.50,1.58,0.72,3,1,4,1,1,0,"31,61,88","75",7,4,2,0,3,0,0,2,0,3,17,12,9,3,8,9,9,18,48,52,1.12,1.12,2.00,1.24,1.90,58,68,33,0,0,0,45,33,90,9.90,4.85,1.74,3.25,5.15,1.36,2.10,3.85,8.00,2.10,1.74,Stadio Arechi
1541016000,Oct 31 2018 - 8:00pm,complete,N/A,Lecce,Crotone,Francesco Fourneau,10,1.25,0.75,2.39,0.94,1,0,1,1,1,0,"36","",4,8,2,0,1,0,0,2,0,1,18,18,6,10,12,8,12,13,46,54,1.44,1.23,1.81,2.26,2.50,63,75,63,13,0,13,63,50,100,8.50,4.00,2.45,3.10,2.90,1.30,1.95,3.40,8.00,1.83,2.00,Stadio Comunale Via del Mare
1541188800,Nov 02 2018 - 8:00pm,complete,N/A,Hellas Verona,Cremonese,Antonio Giua,11,2.00,0.75,1.81,0.89,1,1,2,2,1,1,"3","32",4,7,3,0,3,0,2,1,0,3,11,15,5,4,6,11,15,14,57,43,1.66,1.41,1.40,1.50,2.63,78,88,55,23,10,53,88,23,78,15.90,3.30,1.95,3.10,4.30,1.39,2.20,4.10,10.00,2.05,1.77,Stadio Marc'Antonio Bentegodi
1541253600,Nov 03 2018 - 2:00pm,complete,N/A,Foggia,Brescia,Valerio Marini,11,2.00,0.75,1.78,1.39,2,2,4,2,1,1,"6,52","14,83",5,12,2,1,3,0,1,2,0,3,16,20,6,8,10,12,13,14,50,50,1.62,1.50,1.63,2.14,3.98,100,100,88,68,33,48,100,65,88,6.65,4.45,2.15,3.20,3.30,1.22,1.71,2.80,6.00,1.67,2.20,Stadio Comunale Pino Zaccheria
1541253600,Nov 03 2018 - 2:00pm,complete,N/A,Calcio Padova,Cittadella,Luigi Nasca,11,1.50,1.75,1.06,1.19,0,0,0,0,0,0,"","",4,8,3,0,6,0,1,2,4,2,21,19,6,7,15,12,16,28,46,54,1.27,1.57,1.98,2.14,1.50,38,38,13,13,0,0,50,13,75,11.00,6.50,3.05,2.90,2.45,1.37,2.15,3.95,10.00,1.95,1.87,Stadio Comunale Euganeo
1541253600,Nov 03 2018 - 2:00pm,complete,N/A,Palermo,Cosenza,Lorenzo Illuzzi,11,2.00,0.40,1.83,0.94,2,1,3,0,0,0,"77,90","79",4,3,4,0,3,1,2,2,1,3,19,12,3,3,16,9,13,13,60,40,1.97,1.23,1.85,1.20,2.40,58,78,25,25,13,13,45,58,100,9.95,5.85,1.61,3.40,6.20,1.37,2.15,3.95,9.50,2.20,1.67,Stadio Renzo Barbera
1541264400,Nov 03 2018 - 5:00pm,complete,N/A,Benevento,Ascoli,Manuel Volpi,11,2.00,0.25,1.74,0.83,1,2,3,2,1,1,"2","19,47",11,1,1,0,4,0,1,0,4,0,13,13,6,5,7,8,17,19,66,34,2.11,1.47,1.69,1.32,3.05,55,78,53,43,23,33,90,30,88,13.40,4.20,1.62,3.35,6.10,1.32,2.00,3.60,7.80,2.05,1.77,Stadio Ciro Vigorito
1541340000,Nov 04 2018 - 2:00pm,complete,N/A,Crotone,Carpi,Alessandro Prontera,11,1.60,0.60,1.44,0.78,1,1,2,1,1,0,"22","73",7,4,4,1,1,1,0,5,0,2,19,8,6,6,13,2,18,17,67,33,1.74,1.16,1.96,1.24,3.30,80,80,70,40,30,10,70,80,100,11.20,4.00,1.49,3.70,7.00,1.32,2.00,3.55,8.00,2.15,1.71,Stadio Ezio Scida
1541340000,Nov 04 2018 - 2:00pm,complete,N/A,Venezia,Salernitana,Daniele Minelli,11,1.25,0.75,1.53,0.58,1,0,1,1,1,0,"31","",5,2,3,0,3,0,0,3,1,2,11,9,5,5,6,4,14,22,46,54,1.66,1.02,1.36,1.15,2.50,63,75,38,38,13,13,75,50,75,10.00,5.00,2.20,2.95,3.55,1.39,2.20,4.10,10.00,2.05,1.80,Stadio Pier Cesare Tombolato
1541361600,Nov 04 2018 - 8:00pm,complete,N/A,Livorno,Perugia,Eugenio Abbattista,11,0.75,0.40,1.44,1.11,2,3,5,3,2,1,"32,40","13,53,75",6,2,4,1,3,0,3,2,1,2,13,13,6,8,7,5,16,21,42,58,1.31,1.53,1.64,1.72,2.63,63,75,55,23,10,33,78,33,75,8.80,4.50,1.87,3.25,3.75,1.45,2.40,4.50,10.00,1.90,1.90,Stadio Armando Picchi
1541448000,Nov 05 2018 - 8:00pm,complete,8782,Pescara,Lecce,Aleandro Di Paolo,11,2.40,1.60,2.00,1.28,4,2,6,3,2,1,"3,22,89,90'6","45'2,67",3,5,4,0,2,2,1,3,2,2,14,15,5,7,9,8,21,14,51,49,1.29,1.17,1.58,1.76,2.70,50,70,60,20,10,0,60,60,100,10.00,5.20,2.10,3.15,3.55,1.29,1.95,3.35,7.00,1.83,2.00,Stadio Adriatico-Giovanni Cornacchia
1541793600,Nov 09 2018 - 8:00pm,complete,N/A,Perugia,Crotone,Ivano Pezzuto,12,2.25,0.60,1.61,0.94,2,1,3,1,1,0,"23,63","56",5,7,2,0,2,0,0,2,0,2,14,17,7,8,7,9,14,11,41,59,1.43,1.43,1.55,2.03,2.03,23,45,33,13,13,13,55,33,90,9.70,4.30,1.95,3.30,3.85,1.30,1.95,3.40,7.00,1.87,1.95,Stadio Renato Curi
1541858400,Nov 10 2018 - 2:00pm,complete,N/A,Ascoli,Calcio Padova,Riccardo Ros,12,2.20,0.17,1.56,0.67,2,3,5,2,1,1,"20,82","26,60,79",5,4,4,0,2,0,2,2,0,2,15,13,10,7,5,6,14,17,52,48,1.27,1.05,1.97,1.71,2.25,52,60,42,17,17,17,60,42,82,8.63,6.03,2.20,2.85,3.70,1.43,2.35,4.45,10.00,2.10,1.74,Stadio Cino e Lillo Del Duca
1541858400,Nov 10 2018 - 2:00pm,complete,N/A,Carpi,Benevento,Fabio Piscopo,12,0.50,2.00,0.83,1.58,2,2,4,0,0,0,"85,90'3","54,70",6,6,4,0,4,0,1,3,1,3,16,23,8,9,8,14,11,14,43,57,1.13,1.14,1.93,2.48,2.50,59,71,46,17,17,29,75,59,71,6.83,4.67,4.05,3.15,1.95,1.38,2.15,4.00,7.60,2.05,1.77,Stadio Sandro Cabassi
1541858400,Nov 10 2018 - 2:00pm,complete,N/A,Cremonese,Livorno,Antonio Di Martino,12,1.60,0.40,1.83,0.72,1,0,1,1,1,0,"31","",12,3,1,0,3,0,0,1,2,1,11,15,7,5,4,10,8,12,48,52,1.07,1.14,1.67,1.61,1.90,50,70,20,10,0,10,60,20,80,9.00,3.20,1.77,3.15,5.30,1.39,2.20,4.15,9.50,2.15,1.71,Stadio Giovanni Zini
1541858400,Nov 10 2018 - 2:00pm,complete,N/A,Salernitana,Spezia,Federico Dionisi,12,2.33,0.80,1.58,0.89,1,0,1,1,1,0,"15","",4,10,1,0,1,1,0,1,2,0,7,11,4,5,3,6,24,19,36,64,1.26,1.26,0.92,1.51,2.09,45,64,45,19,0,30,65,25,52,8.43,5.30,2.45,2.75,3.20,1.50,2.50,5.00,9.60,2.20,1.67,Stadio Arechi
1541869200,Nov 10 2018 - 5:00pm,complete,N/A,Cosenza,Lecce,Juan Luca Sacchi,12,1.20,1.33,1.61,1.28,2,3,5,2,0,2,"67,80","8,13,82",9,5,3,0,2,0,0,3,1,1,14,15,8,5,6,10,14,9,56,44,1.26,1.27,1.99,1.53,2.94,55,92,44,25,17,9,82,34,90,9.58,4.42,2.30,2.95,3.25,1.40,2.25,4.20,10.00,2.00,1.80,Stadio San Vito-Luigi Marulla
1541944800,Nov 11 2018 - 2:00pm,complete,N/A,Brescia,Hellas Verona,Davide Ghersini,12,2.20,1.40,2.33,1.20,4,2,6,2,2,0,"38,43,56,69","51,80",3,3,4,0,2,0,2,2,1,1,19,7,7,4,12,3,16,15,44,56,1.40,1.33,2.11,0.94,2.30,60,70,40,10,10,10,50,30,90,10.35,5.10,2.35,3.05,3.05,1.30,1.95,3.40,6.05,1.83,2.00,Stadio Mario Rigamonti
1541944800,Nov 11 2018 - 2:00pm,complete,N/A,Cittadella,Venezia,Marco Piccinini,12,1.60,0.80,1.75,0.63,3,2,5,3,1,2,"16,72,83","11,18",13,3,5,0,3,0,3,2,0,3,23,4,11,3,12,1,21,16,67,33,1.56,1.11,2.82,0.64,2.00,40,60,30,10,0,20,50,50,70,11.00,4.40,1.95,3.20,4.05,1.33,2.05,3.70,7.30,1.95,1.87,Stadio Pier Cesare Tombolato
1541966400,Nov 11 2018 - 8:00pm,complete,N/A,Palermo,Pescara,Livio Marinelli,12,2.20,1.40,1.83,0.95,3,0,3,1,1,0,"37,86,87","",3,11,2,0,2,0,0,2,1,1,20,16,6,5,14,11,12,10,39,61,1.94,1.41,2.01,1.83,2.90,90,90,50,40,10,20,60,60,100,9.00,5.60,1.80,3.25,4.85,1.32,2.00,3.55,6.40,1.95,1.87,Stadio Renzo Barbera
1542549600,Nov 18 2018 - 2:00pm,complete,N/A,Spezia,Benevento,Antonio Di Martino,10,2.25,1.75,1.84,1.58,3,1,4,3,2,1,"11,24,58","43",3,4,3,0,3,0,1,2,2,1,16,18,7,5,9,13,17,14,47,53,2.00,1.47,1.89,1.82,3.25,75,75,75,50,25,38,75,50,88,10.25,4.75,2.35,2.95,3.25,1.39,2.20,4.15,7.50,2.00,1.80,Stadio Alberto Picco
1543003200,Nov 23 2018 - 8:00pm,complete,N/A,Hellas Verona,Palermo,Aleandro Di Paolo,13,1.83,2.00,1.81,1.67,1,1,2,1,1,0,"31","67",4,7,1,0,1,0,0,1,1,0,9,20,3,5,6,15,13,16,43,57,1.62,1.51,0.99,2.12,2.62,72,90,65,9,9,62,90,29,74,10.63,5.00,2.80,3.00,2.60,1.33,2.00,3.65,5.75,1.87,1.95,Stadio Marc'Antonio Bentegodi
1543068000,Nov 24 2018 - 2:00pm,complete,N/A,Livorno,Cittadella,Niccolò Baroni,13,0.60,1.60,1.44,1.19,0,0,0,0,0,0,"","",9,4,0,0,5,1,0,0,3,3,18,13,6,2,12,11,11,14,44,56,1.38,1.68,1.99,1.31,1.90,30,40,30,20,10,20,50,20,70,11.80,7.00,3.60,2.95,2.15,1.36,2.10,3.85,6.50,1.95,1.87,Stadio Armando Picchi
1543068000,Nov 24 2018 - 2:00pm,complete,N/A,Calcio Padova,Carpi,Antonio Rapuano,13,1.40,0.67,1.06,0.78,0,1,1,1,0,1,"","35",4,7,1,1,4,0,0,2,2,2,21,9,3,2,18,7,11,21,67,33,1.41,1.18,1.97,1.00,2.20,54,54,35,27,17,9,64,35,70,9.60,5.67,2.10,2.95,3.90,1.49,2.50,4.90,9.00,2.25,1.65,Stadio Comunale Euganeo
1543068000,Nov 24 2018 - 2:00pm,complete,N/A,Venezia,Brescia,Luigi Pillitteri,13,1.60,0.80,1.53,1.39,2,1,3,2,2,0,"14,37","90'2",6,6,2,1,4,0,1,2,3,1,7,21,4,7,3,14,8,19,32,68,1.60,1.63,0.87,2.39,3.00,80,80,50,50,20,50,100,40,70,10.60,4.40,2.35,3.00,3.15,1.33,2.05,3.70,5.75,1.91,1.91,Stadio Pierluigi Penzo
1543078800,Nov 24 2018 - 5:00pm,complete,N/A,Benevento,Perugia,Luca Massimi,13,1.67,0.83,1.74,1.11,2,1,3,2,1,1,"17,90","35",3,1,2,0,2,1,0,2,1,2,25,6,9,3,16,3,14,14,44,56,2.04,1.56,2.64,0.85,3.42,84,92,75,42,25,50,83,50,100,11.50,4.17,2.00,3.10,3.85,1.31,1.95,3.45,5.75,1.87,1.95,Stadio Ciro Vigorito
1543154400,Nov 25 2018 - 2:00pm,complete,N/A,Pescara,Ascoli,Francesco Fourneau,13,2.50,0.80,2.00,0.83,1,1,2,0,0,0,"50","65",5,6,5,0,2,1,2,3,2,1,17,20,8,6,9,14,19,11,55,45,1.34,1.44,1.94,1.95,2.72,64,74,54,19,19,29,75,34,90,9.83,5.40,1.87,3.20,4.50,1.35,2.10,3.80,5.75,2.05,1.80,Stadio Adriatico-Giovanni Cornacchia
1543154400,Nov 25 2018 - 2:00pm,complete,N/A,Spezia,Foggia,Lorenzo Maggioni,13,2.40,0.80,1.84,0.61,0,0,0,0,0,0,"","",10,6,2,0,4,1,1,1,3,2,22,10,7,3,15,7,17,11,49,51,1.98,1.23,2.30,1.01,3.10,70,80,60,50,20,50,80,30,90,10.80,4.20,2.10,3.10,3.55,1.32,2.00,3.55,5.75,1.87,1.95,Stadio Alberto Picco
1543176000,Nov 25 2018 - 8:00pm,complete,N/A,Lecce,Cremonese,Marco Serra,13,1.60,0.80,2.39,0.89,2,0,2,0,0,0,"64,78","",10,2,1,0,2,0,1,0,2,0,15,14,8,5,7,9,13,17,56,44,1.51,1.43,1.93,1.66,2.40,80,80,50,20,0,30,80,30,70,12.20,3.80,2.25,3.00,3.40,1.35,2.10,3.80,5.75,1.91,1.87,Stadio Comunale Via del Mare
1543262400,Nov 26 2018 - 8:00pm,complete,N/A,Crotone,Cosenza,Gianluca Aureliano,13,1.50,0.33,1.44,0.94,0,1,1,0,0,0,"","75",2,9,4,1,4,1,1,4,5,0,16,10,4,3,12,7,18,15,52,48,1.78,1.22,1.64,1.16,2.59,75,92,42,17,9,0,58,67,100,11.00,5.17,1.74,3.40,4.85,1.32,2.00,3.60,8.00,2.00,1.80,Stadio Ezio Scida
1543608000,Nov 30 2018 - 8:00pm,complete,N/A,Palermo,Benevento,Eugenio Abbattista,14,2.33,1.40,1.83,1.58,0,0,0,0,0,0,"","",5,5,3,0,2,0,1,2,0,2,16,19,3,4,13,15,18,13,52,48,1.95,1.54,1.67,1.71,3.20,74,82,74,47,19,29,65,72,90,8.33,6.17,1.80,3.30,4.50,1.34,2.05,3.70,9.00,2.00,1.83,Stadio Renzo Barbera
1543672800,Dec 01 2018 - 2:00pm,complete,N/A,Cittadella,Salernitana,Antonio Giua,14,1.83,0.60,1.75,0.58,3,1,4,1,1,0,"34,53,61","49",7,2,3,0,1,0,1,2,0,1,14,15,10,7,4,8,17,12,58,42,1.77,1.05,2.01,1.69,2.52,45,72,45,37,9,25,72,64,64,10.63,6.20,2.00,3.15,3.85,1.36,2.10,3.85,7.80,1.95,1.83,Stadio Pier Cesare Tombolato
1543672800,Dec 01 2018 - 2:00pm,complete,N/A,Cosenza,Calcio Padova,Valerio Marini,14,1.00,0.57,1.61,0.67,2,1,3,1,0,1,"59,90'4","27",8,1,3,0,1,1,2,1,1,1,22,7,9,2,13,5,15,18,67,33,1.41,1.15,2.59,0.88,3.19,77,100,60,30,30,30,92,52,85,9.46,4.71,1.91,3.15,4.35,1.42,2.25,4.30,8.50,2.05,1.74,Stadio San Vito-Luigi Marulla
1543672800,Dec 01 2018 - 2:00pm,complete,N/A,Cremonese,Crotone,Luigi Nasca,14,1.83,0.50,1.83,0.94,1,0,1,0,0,0,"73","",6,2,2,0,2,1,1,1,2,1,16,12,3,6,13,6,12,13,54,46,1.17,1.53,1.66,1.45,1.67,25,50,25,0,0,9,67,25,67,10.67,2.66,2.40,2.90,3.20,1.38,2.15,4.00,7.60,2.00,1.83,Stadio Giovanni Zini
1543683600,Dec 01 2018 - 5:00pm,complete,N/A,Ascoli,Spezia,Lorenzo Illuzzi,14,1.83,0.67,1.56,0.89,3,1,4,1,1,0,"1,46,90'3","55",2,9,4,1,1,1,0,5,0,2,8,19,5,5,3,14,10,13,35,65,1.39,1.30,1.04,2.04,1.75,33,42,25,17,9,34,58,9,50,9.50,6.16,2.70,2.80,2.85,1.51,2.55,5.10,9.60,2.10,1.74,Stadio Cino e Lillo Del Duca
1543759200,Dec 02 2018 - 2:00pm,complete,N/A,Brescia,Livorno,Daniele Minelli,14,2.33,0.33,2.33,0.72,2,0,2,1,1,0,"35,58","",4,7,2,1,2,0,0,3,1,1,10,12,5,3,5,9,15,14,41,59,1.52,1.22,1.28,1.39,2.67,75,75,42,25,17,17,67,42,92,10.00,5.33,1.67,3.45,5.40,1.28,1.91,3.25,5.80,1.91,1.87,Stadio Mario Rigamonti
1543759200,Dec 02 2018 - 2:00pm,complete,N/A,Carpi,Lecce,Francesco Guccini,14,0.60,1.57,0.83,1.28,0,1,1,1,0,1,"","36",2,6,4,0,3,0,3,1,0,3,7,10,2,5,5,5,27,11,39,61,1.29,1.31,0.99,1.27,3.13,59,83,56,39,22,25,63,66,90,8.86,4.97,3.45,3.00,2.20,1.37,2.15,3.95,7.30,1.95,1.83,Stadio Sandro Cabassi
1543780800,Dec 02 2018 - 8:00pm,complete,N/A,Perugia,Pescara,Davide Ghersini,14,2.40,1.17,1.61,0.95,2,1,3,1,1,0,"42,64","52",3,7,1,0,0,0,1,0,0,0,10,8,5,4,5,4,8,10,50,50,1.45,1.48,1.10,0.97,2.62,62,80,45,27,10,19,72,45,100,10.10,4.57,2.10,3.20,3.55,1.29,1.95,3.35,6.20,1.83,2.00,Stadio Renato Curi
1543867200,Dec 03 2018 - 8:00pm,complete,N/A,Foggia,Venezia,Manuel Volpi,14,1.83,0.67,1.78,0.63,1,1,2,2,1,1,"18","45'1",1,5,2,0,3,0,2,0,2,1,14,21,5,7,9,14,13,16,61,39,1.62,1.03,1.57,2.05,3.17,75,75,67,42,25,25,67,67,92,8.67,4.33,2.00,3.20,3.80,1.30,1.95,3.40,6.20,1.87,1.95,Stadio Comunale Pino Zaccheria
1544212800,Dec 07 2018 - 8:00pm,complete,N/A,Pescara,Carpi,Lorenzo Maggioni,15,2.29,1.00,2.00,0.78,2,0,2,0,0,0,"74,89","",8,3,1,0,2,0,1,0,2,0,22,12,6,6,16,6,14,15,67,33,1.42,1.15,2.20,1.55,2.71,64,64,50,22,22,14,57,57,93,10.15,6.15,1.65,3.50,5.65,1.31,1.95,3.45,7.00,2.00,1.80,Stadio Adriatico-Giovanni Cornacchia
1544268600,Dec 08 2018 - 11:30am,complete,N/A,Calcio Padova,Palermo,Federico Dionisi,15,1.17,1.83,1.06,1.67,1,3,4,2,1,1,"30","43,68,70",4,6,3,0,3,0,2,1,0,3,14,6,7,5,7,1,22,18,46,54,1.50,1.61,1.67,1.07,1.83,50,58,42,9,0,17,75,25,58,8.83,5.67,3.55,3.10,2.10,1.44,2.35,4.50,10.00,2.10,1.71,Stadio Comunale Euganeo
1544277600,Dec 08 2018 - 2:00pm,complete,N/A,Lecce,Perugia,Livio Marinelli,15,1.83,0.71,2.39,1.11,0,0,0,0,0,0,"","",6,2,1,0,2,0,0,1,1,1,9,16,4,6,5,10,12,12,49,51,1.58,1.46,1.29,1.65,2.90,84,92,61,23,15,37,77,47,92,8.14,4.26,2.05,3.20,3.65,1.30,1.95,3.40,7.60,1.80,2.05,Stadio Comunale Via del Mare
1544277600,Dec 08 2018 - 2:00pm,complete,N/A,Spezia,Cosenza,Ivano Pezzuto,15,2.17,0.71,1.84,0.94,4,0,4,1,1,0,"1,48,52,62","",3,10,1,0,2,0,1,0,1,1,13,11,6,2,7,9,14,13,45,55,2.03,1.21,1.44,1.36,2.35,55,69,41,25,9,25,48,30,92,11.76,5.29,1.91,3.10,4.35,1.45,2.40,4.60,9.10,2.20,1.67,Stadio Alberto Picco
1544277600,Dec 08 2018 - 2:00pm,complete,N/A,Venezia,Ascoli,Antonio Di Martino,15,1.83,0.83,1.53,0.83,1,0,1,0,0,0,"83","",3,2,3,0,3,1,0,3,0,4,16,12,8,3,8,9,14,19,46,54,1.48,1.53,1.86,1.23,2.42,67,75,33,17,17,33,92,17,75,10.84,4.83,2.10,2.95,3.85,1.44,2.35,4.55,12.50,2.15,1.71,Stadio Pierluigi Penzo
1544364000,Dec 09 2018 - 2:00pm,complete,N/A,Cremonese,Cittadella,Riccardo Ros,15,2.00,1.50,1.83,1.19,0,0,0,0,0,0,"","",5,6,3,0,2,0,0,3,0,2,14,13,5,3,9,10,14,18,41,59,1.24,1.62,1.69,1.46,1.06,16,30,0,0,0,7,37,0,62,11.46,5.50,1.65,3.60,4.45,1.42,2.41,4.40,8.50,1.90,1.87,Stadio Giovanni Zini
1544364000,Dec 09 2018 - 2:00pm,complete,N/A,Livorno,Foggia,Juan Luca Sacchi,15,0.67,0.83,1.44,0.61,3,1,4,2,1,1,"4,49,74","32",3,5,3,0,2,0,3,0,2,0,19,15,10,6,9,9,20,10,38,62,1.48,1.20,2.22,1.61,2.33,42,59,42,33,17,33,67,33,59,11.16,5.17,2.80,3.15,2.50,1.27,1.87,3.20,6.15,1.74,2.10,Stadio Armando Picchi
1544385600,Dec 09 2018 - 8:00pm,complete,N/A,Benevento,Hellas Verona,Marco Piccinini,15,1.86,1.17,1.74,1.20,0,1,1,0,0,0,"","51",8,5,2,1,4,1,2,1,1,4,17,13,4,7,13,6,15,22,41,59,2.12,1.25,1.72,1.52,3.05,61,77,68,30,16,37,68,38,92,11.69,4.40,1.91,3.30,4.05,1.33,2.05,3.70,8.00,1.95,1.87,Stadio Ciro Vigorito
1544472000,Dec 10 2018 - 8:00pm,complete,N/A,Salernitana,Brescia,Fabio Piscopo,15,2.43,0.67,1.58,1.39,1,3,4,3,0,3,"90","5,9,32",5,5,2,0,0,0,1,1,0,0,13,26,3,9,10,17,11,13,49,51,1.22,1.75,1.31,2.62,2.84,72,79,63,41,9,42,79,47,77,9.88,4.96,2.40,3.00,3.05,1.36,2.10,3.85,8.50,1.91,1.91,Stadio Arechi
1544817600,Dec 14 2018 - 8:00pm,complete,N/A,Foggia,Cremonese,Antonio Rapuano,16,1.71,0.67,1.78,0.89,3,1,4,4,3,1,"14,39,41","22",1,6,3,0,4,0,1,2,1,3,12,12,8,6,4,6,16,17,40,60,1.61,1.47,1.59,1.58,3.02,84,92,60,37,15,38,84,52,77,10.46,4.12,2.25,2.95,3.50,1.35,2.10,3.80,8.00,1.91,1.91,Stadio Comunale Pino Zaccheria
1544882400,Dec 15 2018 - 2:00pm,complete,N/A,Ascoli,Cittadella,Davide Ghersini,16,2.00,1.43,1.56,1.19,1,1,2,2,1,1,"23","17",8,4,1,0,3,0,1,0,2,1,17,14,5,5,12,9,11,19,41,59,1.34,1.60,1.79,1.57,1.36,29,29,15,15,7,7,29,15,72,10.57,7.71,2.90,2.85,2.60,1.40,2.25,4.25,9.00,2.00,1.80,Stadio Cino e Lillo Del Duca
1544882400,Dec 15 2018 - 2:00pm,complete,N/A,Palermo,Livorno,Valerio Marini,16,2.14,0.29,1.83,0.72,1,1,2,2,1,1,"14","25",3,3,2,0,3,0,0,2,0,3,22,13,7,6,15,7,19,18,59,41,1.91,1.24,2.32,1.42,2.36,57,71,43,22,7,7,57,50,86,9.57,5.57,1.53,3.65,6.80,1.31,1.95,3.45,7.50,2.10,1.74,Stadio Renzo Barbera
1544882400,Dec 15 2018 - 2:00pm,complete,N/A,Perugia,Spezia,Gianluca Aureliano,16,2.50,0.57,1.61,0.89,1,1,2,1,1,0,"18","68",4,10,1,0,3,0,1,0,1,2,13,19,4,7,9,12,13,11,47,53,1.39,1.40,1.33,2.21,2.32,47,62,47,23,9,30,77,32,65,9.62,5.03,2.10,2.95,3.75,1.40,2.25,4.25,11.00,2.05,1.77,Stadio Renato Curi
1544968800,Dec 16 2018 - 2:00pm,complete,N/A,Carpi,Salernitana,Luca Massimi,16,0.50,0.50,0.83,0.58,3,2,5,1,1,0,"45,59,81","85,89",4,8,3,0,2,0,1,2,1,1,12,30,5,12,7,18,19,15,42,58,1.24,1.15,1.50,3.15,2.34,50,67,42,34,0,9,59,59,67,7.17,5.50,2.75,2.80,2.85,1.49,2.50,4.85,11.00,2.10,1.74,Stadio Sandro Cabassi
1544968800,Dec 16 2018 - 2:00pm,complete,N/A,Crotone,Venezia,Aleandro Di Paolo,16,1.29,0.71,1.44,0.63,1,1,2,1,0,1,"56","31",4,5,4,0,3,0,1,3,1,2,15,9,8,5,7,4,22,6,61,39,1.76,1.18,1.97,1.21,2.50,72,72,43,22,14,15,57,57,86,10.57,4.85,1.95,3.15,4.15,1.37,2.15,3.95,8.00,2.05,1.80,Stadio Ezio Scida
1544976000,Dec 16 2018 - 4:00pm,complete,N/A,Cosenza,Benevento,Luigi Pillitteri,16,1.29,1.33,1.61,1.58,0,0,0,0,0,0,"","",4,5,1,0,3,0,1,0,2,1,12,14,4,5,8,9,17,17,52,48,1.60,1.57,1.46,1.64,2.77,69,84,55,32,16,24,77,40,77,10.17,5.00,2.50,2.90,2.95,1.41,2.25,4.25,9.00,2.00,1.83,Stadio San Vito-Luigi Marulla
1544990400,Dec 16 2018 - 8:00pm,complete,N/A,Brescia,Lecce,Francesco Fourneau,16,2.43,1.75,2.33,1.28,2,1,3,1,0,1,"49,90'2","25",10,3,3,0,2,0,2,1,2,0,24,14,9,5,15,9,18,18,53,47,1.48,1.30,2.86,1.43,3.25,61,81,53,40,34,27,80,53,94,10.00,5.49,1.80,3.50,4.25,1.26,1.83,3.10,5.65,1.80,2.00,Stadio Mario Rigamonti
1545076800,Dec 17 2018 - 8:00pm,complete,N/A,Hellas Verona,Pescara,Daniele Minelli,16,1.71,1.00,1.81,0.95,3,1,4,2,2,0,"14,40,50","67",2,4,2,0,3,0,2,0,2,1,12,15,6,7,6,8,16,16,54,46,1.53,1.41,1.56,1.85,2.79,86,100,50,22,7,43,93,36,86,12.14,3.72,2.05,3.20,3.60,1.27,1.87,3.20,7.40,1.77,2.05,Stadio Marc'Antonio Bentegodi
1545422400,Dec 21 2018 - 8:00pm,complete,N/A,Ascoli,Brescia,Luigi Nasca,17,1.88,1.00,1.56,1.39,1,1,2,0,0,0,"75","90'4",2,3,2,0,3,0,0,2,1,2,16,13,4,6,12,7,15,17,49,51,1.39,1.88,1.63,1.43,2.86,75,75,56,48,14,56,75,34,81,10.02,5.54,3.00,3.00,2.45,1.35,2.10,3.80,9.00,1.83,2.00,Stadio Cino e Lillo Del Duca
1545487200,Dec 22 2018 - 2:00pm,complete,N/A,Cremonese,Carpi,Antonio Di Martino,17,1.88,0.88,1.83,0.78,1,2,3,1,0,1,"69","42,82",14,1,1,0,3,1,0,1,1,3,16,10,5,7,11,3,14,19,68,32,1.29,1.20,1.93,1.36,1.88,32,51,19,13,13,13,57,25,69,10.25,4.00,1.80,3.10,5.15,1.53,2.65,5.25,13.00,2.45,1.56,Stadio Giovanni Zini
1545487200,Dec 22 2018 - 2:00pm,complete,N/A,Livorno,Hellas Verona,Marco Serra,17,1.00,1.43,1.44,1.20,0,0,0,0,0,0,"","",7,2,2,0,3,0,1,1,1,2,9,8,4,4,5,4,23,12,44,56,1.58,1.29,1.32,1.00,2.50,43,57,50,29,14,29,57,36,72,9.93,5.40,2.95,2.95,2.50,1.44,2.35,4.50,10.00,2.05,1.77,Stadio Armando Picchi
1545564600,Dec 23 2018 - 11:30am,complete,N/A,Salernitana,Foggia,Niccolò Baroni,17,2.13,0.71,1.58,0.61,1,0,1,0,0,0,"90'2","",6,3,3,0,2,1,1,2,1,2,13,13,4,4,9,9,17,16,46,54,1.23,1.25,1.41,1.33,2.41,54,67,47,34,7,28,67,41,73,10.04,4.82,2.45,3.00,2.95,1.29,1.95,3.35,6.00,1.80,2.05,Stadio Arechi
1545573600,Dec 23 2018 - 2:00pm,complete,N/A,Cittadella,Perugia,Francesco Guccini,17,2.00,0.75,1.75,1.11,2,2,4,2,1,1,"34,77","27,57",13,2,5,0,2,0,2,3,2,0,23,7,5,5,18,2,13,10,60,40,1.81,1.48,2.48,0.98,2.94,73,87,60,34,20,47,81,55,80,9.86,5.38,2.00,3.15,3.85,1.33,2.05,3.70,8.80,1.91,1.91,Stadio Pier Cesare Tombolato
1545573600,Dec 23 2018 - 2:00pm,complete,N/A,Lecce,Calcio Padova,Manuel Volpi,17,1.71,0.50,2.39,0.67,3,2,5,2,2,0,"9,28,71","68,90'2",4,4,2,0,1,0,0,2,1,0,12,14,6,5,6,9,10,14,58,42,1.54,1.11,1.42,1.48,2.89,73,86,66,26,19,26,79,66,80,8.64,4.46,1.74,3.25,5.15,1.32,2.00,3.55,8.00,1.95,1.83,Stadio Comunale Via del Mare
1545573600,Dec 23 2018 - 2:00pm,complete,N/A,Venezia,Cosenza,Federico Dionisi,17,2.00,0.63,1.53,0.94,0,1,1,0,0,0,"","80",2,1,2,0,3,0,0,2,1,2,9,13,6,5,3,8,16,30,54,46,1.53,1.23,1.40,1.42,2.14,48,66,27,14,7,15,62,32,86,11.29,5.56,2.05,2.90,4.00,1.50,2.55,5.05,14.00,2.25,1.65,Stadio Pierluigi Penzo
1545582600,Dec 23 2018 - 4:30pm,complete,N/A,Spezia,Palermo,Riccardo Ros,17,2.29,2.00,1.84,1.67,1,1,2,2,1,1,"34","25",5,7,2,0,4,0,0,2,1,3,15,15,8,8,7,7,9,12,45,55,1.95,1.54,1.80,1.91,2.79,64,79,71,36,7,43,79,36,86,10.43,4.57,2.90,2.75,2.70,1.49,2.50,4.85,13.50,2.15,1.71,Stadio Alberto Picco
1545595200,Dec 23 2018 - 8:00pm,complete,N/A,Benevento,Crotone,Antonio Giua,17,1.63,0.43,1.74,0.94,3,0,3,1,1,0,"9,58,82","",1,3,1,0,4,0,0,1,2,2,15,14,6,0,9,14,10,24,45,55,2.07,1.52,1.65,1.08,2.50,46,59,59,19,7,25,66,41,93,12.38,4.13,2.10,2.95,3.85,1.43,2.30,4.40,11.00,2.10,1.77,Stadio Ciro Vigorito
1545832800,Dec 26 2018 - 2:00pm,complete,N/A,Brescia,Cremonese,Lorenzo Maggioni,18,2.50,0.57,2.33,0.89,3,2,5,2,2,0,"22,42,90","53,78",2,6,1,0,3,0,0,1,1,2,20,20,7,8,13,12,20,22,53,47,1.65,1.48,2.11,2.07,2.72,73,87,47,27,13,34,73,40,79,12.63,5.02,2.00,3.05,4.05,1.35,2.10,3.80,8.80,1.95,1.87,Stadio Mario Rigamonti
1545832800,Dec 26 2018 - 2:00pm,complete,N/A,Carpi,Livorno,Marco Piccinini,18,0.86,0.38,0.83,0.72,1,4,5,2,1,1,"24","10,54,83,90'4",4,4,1,0,3,0,1,0,1,2,12,23,3,12,9,11,19,17,51,49,1.28,1.27,1.37,2.76,2.35,60,73,34,21,7,14,66,41,73,8.59,5.21,2.55,2.80,3.05,1.53,2.65,5.25,15.00,2.20,1.69,Stadio Sandro Cabassi
1545933600,Dec 27 2018 - 6:00pm,complete,N/A,Pescara,Venezia,Ivano Pezzuto,18,2.38,0.75,2.00,0.63,1,0,1,0,0,0,"74","",11,4,0,0,0,0,0,0,0,0,19,12,5,5,14,7,12,13,54,46,1.52,1.18,2.06,1.34,2.38,63,69,38,13,13,19,44,57,88,10.25,5.25,1.95,3.10,4.20,1.38,2.15,4.00,10.00,1.95,1.87,Stadio Adriatico-Giovanni Cornacchia
1545940800,Dec 27 2018 - 8:00pm,complete,N/A,Cosenza,Salernitana,Livio Marinelli,18,1.25,0.43,1.61,0.58,0,0,0,0,0,0,"","",1,0,2,0,2,0,1,1,1,1,14,12,6,5,8,7,20,19,56,44,1.58,1.44,1.69,1.24,2.62,60,80,48,35,14,7,73,48,73,9.85,4.71,2.05,2.90,4.10,1.48,2.45,4.80,14.00,2.20,1.67,Stadio San Vito-Luigi Marulla
1545940800,Dec 27 2018 - 8:00pm,complete,N/A,Crotone,Spezia,Valerio Marini,18,1.25,0.63,1.44,0.89,0,3,3,1,0,1,"","12,78,89",6,4,2,0,2,0,0,2,0,2,15,24,5,6,10,18,17,9,60,40,1.78,1.50,1.71,2.18,2.44,69,76,44,25,7,19,82,38,69,11.26,5.76,2.30,2.80,3.45,1.50,2.55,5.05,13.50,2.15,1.71,Stadio Ezio Scida
1545940800,Dec 27 2018 - 8:00pm,complete,N/A,Hellas Verona,Cittadella,Juan Luca Sacchi,18,1.88,1.38,1.81,1.19,4,0,4,2,2,0,"10,32,82,90","",3,5,0,0,2,0,0,0,1,1,12,18,6,10,6,8,10,17,42,58,1.53,1.60,1.35,2.35,1.88,57,63,25,13,7,44,63,13,63,11.76,5.88,2.50,2.90,3.00,1.38,2.15,4.00,9.60,1.91,1.91,Stadio Marc'Antonio Bentegodi
1545940800,Dec 27 2018 - 8:00pm,complete,6405,Calcio Padova,Benevento,Riccardo Ros,18,1.00,1.29,1.06,1.58,0,1,1,0,0,0,"","79",4,3,4,0,3,0,2,2,2,1,12,18,3,8,9,10,16,17,44,56,1.53,1.58,1.34,2.35,2.07,50,50,43,36,7,22,64,36,50,8.72,5.86,3.55,3.05,2.15,1.40,2.25,4.25,10.50,1.95,1.87,Stadio Comunale Euganeo
1545940800,Dec 27 2018 - 8:00pm,complete,N/A,Palermo,Ascoli,Fabio Piscopo,18,2.00,0.71,1.83,0.83,3,0,3,1,1,0,"26,73,86","",7,3,1,0,1,0,0,1,0,1,18,21,7,4,11,17,13,6,53,47,1.96,1.48,2.06,1.96,2.40,60,73,40,20,14,27,61,39,81,8.96,5.71,1.43,4.05,7.50,1.34,2.05,3.70,8.80,2.35,1.59,Stadio Renzo Barbera
1545940800,Dec 27 2018 - 8:00pm,complete,N/A,Perugia,Foggia,Eugenio Abbattista,18,2.29,0.63,1.61,0.61,3,0,3,2,2,0,"13,27,90'4","",5,3,3,0,3,0,1,2,0,3,15,10,9,2,6,8,17,11,43,57,1.39,1.26,1.98,1.35,2.41,54,67,41,26,14,26,67,41,88,9.29,4.63,1.69,3.65,4.75,1.26,1.83,3.10,7.40,1.87,1.95,Stadio Renato Curi
1546169400,Dec 30 2018 - 11:30am,complete,N/A,Foggia,Hellas Verona,Francesco Fourneau,19,1.88,1.38,1.78,1.20,2,2,4,3,1,2,"30,74","15,44",7,2,4,0,5,0,1,3,2,3,22,14,9,6,13,8,22,13,48,52,1.61,1.25,2.39,1.44,3.01,69,75,63,38,19,32,69,44,75,7.14,5.24,2.45,2.95,3.00,1.29,1.91,3.30,7.80,1.74,2.10,Stadio Comunale Pino Zaccheria
1546178400,Dec 30 2018 - 2:00pm,complete,N/A,Ascoli,Crotone,Luca Massimi,19,1.78,0.38,1.56,0.94,3,2,5,2,0,2,"46,88,90'5","9,16",5,7,3,1,2,0,1,3,1,1,21,14,7,8,14,6,9,19,56,44,1.42,1.47,2.11,1.74,2.00,41,53,36,11,6,11,54,42,83,9.31,5.36,2.20,3.00,3.40,1.34,2.05,3.70,10.00,1.87,1.95,Stadio Cino e Lillo Del Duca
1546178400,Dec 30 2018 - 2:00pm,complete,N/A,Cittadella,Palermo,Gianluca Aureliano,19,1.88,1.88,1.75,1.67,0,1,1,0,0,0,"","51",11,2,2,0,2,0,1,1,0,2,25,13,5,5,20,8,24,17,50,50,1.89,1.58,2.42,1.43,2.82,69,88,63,32,7,50,88,57,75,12.51,6.13,2.40,2.85,3.20,1.40,2.20,4.15,10.00,1.95,1.83,Stadio Pier Cesare Tombolato
1546178400,Dec 30 2018 - 2:00pm,complete,N/A,Cremonese,Perugia,Daniele Minelli,19,1.67,0.78,1.83,1.11,4,0,4,3,3,0,"15,22,36,59","",3,2,2,0,3,0,2,0,1,2,16,18,7,5,9,13,8,23,46,54,1.36,1.43,1.84,1.87,2.17,56,67,39,17,11,34,67,28,73,9.11,3.55,2.65,2.85,2.90,1.43,2.30,4.35,12.00,2.00,1.83,Stadio Giovanni Zini
1546178400,Dec 30 2018 - 2:00pm,complete,9824,Salernitana,Pescara,Luigi Pillitteri,19,2.22,0.88,1.58,0.95,2,4,6,3,2,1,"13,36","37,52,60,80",3,4,1,0,2,0,0,1,1,1,18,14,3,7,15,7,13,17,55,45,1.25,1.46,1.61,1.68,2.56,66,78,54,30,0,18,72,48,89,10.39,4.33,2.65,2.85,2.85,1.35,2.10,3.80,9.60,1.87,1.95,Stadio Arechi
1546178400,Dec 30 2018 - 2:00pm,complete,N/A,Venezia,Carpi,Niccolò Baroni,19,1.75,1.11,1.53,0.78,1,1,2,1,0,1,"61","20",7,3,2,0,3,0,1,1,2,1,25,5,10,2,15,3,12,21,64,36,1.52,1.22,2.76,0.73,2.34,53,59,35,18,18,18,71,35,82,9.44,5.38,1.87,3.00,4.85,1.47,2.40,4.70,13.50,2.25,1.65,Stadio Pierluigi Penzo
1546182000,Dec 30 2018 - 3:00pm,complete,N/A,Benevento,Brescia,Antonio Rapuano,19,1.78,1.00,1.74,1.39,1,1,2,0,0,0,"79","73",8,2,3,0,2,0,0,3,1,1,17,7,3,4,14,3,19,14,56,44,2.03,1.82,1.75,1.03,3.31,78,89,77,48,12,60,83,47,94,11.55,4.38,2.00,3.25,3.80,1.27,1.87,3.20,7.20,1.77,2.05,Stadio Ciro Vigorito
1546189200,Dec 30 2018 - 5:00pm,complete,N/A,Livorno,Calcio Padova,Aleandro Di Paolo,19,1.00,0.44,1.44,0.67,1,1,2,1,0,1,"76","45'2",7,8,3,0,3,0,0,3,1,2,14,11,6,6,8,5,13,11,52,48,1.55,1.15,1.69,1.36,3.02,64,75,70,41,29,41,82,64,70,9.19,5.06,1.87,3.10,4.55,1.38,2.20,4.10,10.00,2.05,1.77,Stadio Armando Picchi
1546200000,Dec 30 2018 - 8:00pm,complete,N/A,Spezia,Lecce,Davide Ghersini,19,2.13,1.56,1.84,1.28,1,1,2,1,1,0,"13","68",2,7,3,0,4,0,1,2,1,3,12,16,5,4,7,12,14,8,48,52,1.93,1.32,1.46,1.84,3.16,60,77,65,47,23,36,82,46,82,10.53,4.44,2.00,3.10,4.05,1.38,2.20,4.10,9.60,1.95,1.87,Stadio Alberto Picco
1547841600,Jan 18 2019 - 8:00pm,complete,N/A,Palermo,Salernitana,Federico Dionisi,20,2.11,0.50,1.83,0.58,1,2,3,2,1,1,"17","41,90'3",5,3,3,0,2,0,0,3,0,2,9,8,7,5,2,3,18,15,54,46,1.98,1.41,1.47,1.09,2.53,53,71,53,36,12,11,60,65,71,8.19,5.41,1.59,3.55,6.05,1.32,2.00,3.55,5.75,2.05,1.80,Stadio Renzo Barbera
1547906400,Jan 19 2019 - 2:00pm,complete,N/A,Lecce,Benevento,Marco Serra,20,1.88,1.50,2.39,1.58,1,1,2,0,0,0,"62","71",6,3,2,0,3,0,0,2,2,1,15,12,8,5,7,7,16,14,56,44,1.53,1.68,1.97,1.37,2.38,57,63,50,32,13,25,57,44,69,9.13,4.63,2.40,2.95,3.05,1.34,2.05,3.75,6.50,1.83,2.00,Stadio Comunale Via del Mare
1547906400,Jan 19 2019 - 2:00pm,complete,N/A,Crotone,Cittadella,Antonio Di Martino,20,1.11,1.22,1.44,1.19,0,0,0,0,0,0,"","",7,4,2,0,4,0,0,2,2,2,6,3,4,2,2,1,18,22,50,50,1.77,1.68,1.11,0.81,2.00,50,61,34,17,6,11,56,39,78,11.22,6.56,2.45,3.00,3.00,1.36,2.15,3.90,6.50,1.87,1.95,Stadio Ezio Scida
1547906400,Jan 19 2019 - 2:00pm,complete,N/A,Carpi,Foggia,Luigi Pillitteri,20,0.75,0.56,0.83,0.61,0,2,2,1,0,1,"","9,83",3,4,5,0,3,0,3,2,1,2,15,9,7,7,8,2,24,15,38,62,1.29,1.27,1.86,1.35,2.66,54,71,47,36,18,35,65,48,77,8.53,5.17,2.85,3.00,2.55,1.36,2.10,3.85,5.75,1.87,1.95,Stadio Sandro Cabassi
1547917200,Jan 19 2019 - 5:00pm,complete,N/A,Perugia,Brescia,Antonio Giua,20,2.38,1.00,1.61,1.39,0,2,2,1,0,1,"","5,76",6,4,1,0,3,0,1,0,1,2,12,7,2,6,10,1,22,18,63,37,1.46,1.73,1.27,1.16,2.92,75,88,59,35,12,46,77,47,95,8.94,4.46,2.30,3.05,3.20,1.28,1.91,3.25,5.75,1.71,2.15,Stadio Renato Curi
1547992800,Jan 20 2019 - 2:00pm,complete,N/A,Cosenza,Ascoli,Eugenio Abbattista,20,1.22,0.63,1.61,0.83,0,0,0,0,0,0,"","",6,3,3,0,0,0,1,2,0,0,7,8,4,4,3,4,23,11,53,47,1.60,1.54,1.08,1.08,2.25,53,77,36,12,12,18,71,24,78,9.63,4.50,2.00,3.05,3.95,1.45,2.40,4.60,10.50,2.10,1.74,Stadio San Vito-Luigi Marulla
1547992800,Jan 20 2019 - 2:00pm,complete,N/A,Calcio Padova,Hellas Verona,Luigi Nasca,20,0.88,1.33,1.06,1.20,3,0,3,1,1,0,"13,53,68","",3,15,3,0,2,0,2,1,1,1,15,14,11,6,4,8,16,15,23,77,1.50,1.28,1.91,2.05,1.98,41,47,35,24,6,18,54,24,64,8.26,6.26,3.10,2.95,2.45,1.42,2.25,4.30,7.50,1.95,1.87,Stadio Comunale Euganeo
1548014400,Jan 20 2019 - 8:00pm,complete,N/A,Pescara,Cremonese,Francesco Guccini,20,2.44,0.50,2.00,0.89,0,0,0,0,0,0,"","",4,12,3,0,0,0,0,3,0,0,6,13,3,4,3,9,11,15,65,35,1.58,1.56,0.96,1.41,2.60,66,78,47,25,12,31,54,53,82,12.77,4.92,2.00,3.00,4.20,1.37,2.15,3.95,6.50,1.91,1.87,Stadio Adriatico-Giovanni Cornacchia
1548100800,Jan 21 2019 - 8:00pm,complete,N/A,Spezia,Venezia,Manuel Volpi,20,2.00,0.67,1.84,0.63,1,1,2,0,0,0,"64","60",11,3,1,0,2,0,1,0,2,0,25,4,15,4,10,0,14,14,67,33,1.88,1.20,3.28,0.81,2.39,62,67,39,28,11,33,61,28,78,10.22,4.00,1.87,3.15,4.50,1.47,2.40,4.70,7.50,2.15,1.69,Stadio Alberto Picco
1548446400,Jan 25 2019 - 8:00pm,complete,N/A,Foggia,Crotone,Ivano Pezzuto,21,1.78,0.33,1.78,0.94,0,2,2,2,0,2,"","6,14",2,4,1,0,3,0,1,0,1,2,18,11,2,6,16,5,10,23,62,38,1.70,1.50,1.70,1.34,3.11,67,78,73,39,17,34,84,56,84,8.44,4.78,2.15,3.15,3.45,1.31,1.95,3.45,7.00,1.80,2.05,Stadio Comunale Pino Zaccheria
1548511200,Jan 26 2019 - 2:00pm,complete,N/A,Cittadella,Carpi,Luca Massimi,21,1.67,1.10,1.75,0.78,3,1,4,0,0,0,"49,53,90'1","79",6,6,1,0,2,0,1,0,1,1,16,6,9,5,7,1,17,18,61,39,1.95,1.17,2.26,1.08,2.75,58,74,48,32,16,27,74,59,84,12.40,6.11,1.51,3.65,7.00,1.36,2.10,3.85,7.50,2.20,1.67,Stadio Pier Cesare Tombolato
1548511200,Jan 26 2019 - 2:00pm,complete,N/A,Cremonese,Palermo,Livio Marinelli,21,1.80,2.00,1.83,1.67,2,0,2,1,1,0,"45'3,70","",5,1,1,0,2,0,0,1,2,0,12,5,7,3,5,2,24,21,48,52,1.41,1.57,1.80,0.76,1.97,44,64,38,11,0,32,69,22,69,10.46,4.08,2.75,2.80,2.80,1.50,2.50,4.95,10.00,2.10,1.74,Stadio Giovanni Zini
1548511200,Jan 26 2019 - 2:00pm,complete,N/A,Ascoli,Perugia,Valerio Marini,21,1.90,0.70,1.56,1.11,0,3,3,0,0,0,"","51,56,90'6",9,1,3,0,4,0,1,2,3,1,15,7,6,5,9,2,18,27,49,51,1.49,1.47,1.80,0.96,2.70,70,75,50,35,20,45,65,40,85,7.40,5.60,2.55,2.90,2.90,1.34,2.05,3.75,7.00,1.83,2.00,Stadio Cino e Lillo Del Duca
1548522000,Jan 26 2019 - 5:00pm,complete,N/A,Salernitana,Lecce,Lorenzo Maggioni,21,2.00,1.50,1.58,1.28,1,2,3,2,0,2,"71","4,20",3,4,1,0,2,0,0,1,1,1,8,12,3,6,5,6,10,17,50,50,1.28,1.37,1.01,1.51,2.90,55,70,55,35,20,20,75,50,85,9.70,4.90,3.00,2.80,2.60,1.37,2.15,3.95,7.50,1.87,1.95,Stadio Arechi
1548597600,Jan 27 2019 - 2:00pm,complete,N/A,Venezia,Calcio Padova,Juan Luca Sacchi,21,1.67,0.50,1.53,0.67,2,1,3,1,1,0,"5,90'3","85",3,3,4,1,3,0,2,3,1,2,13,10,7,5,6,5,15,24,49,51,1.66,1.18,1.81,1.53,2.80,73,78,51,26,26,31,89,46,84,9.11,4.93,2.20,2.95,3.60,1.40,2.25,4.25,11.00,1.95,1.83,Stadio Pierluigi Penzo
1548597600,Jan 27 2019 - 2:00pm,complete,N/A,Livorno,Pescara,Fabio Piscopo,21,1.00,1.11,1.44,0.95,0,0,0,0,0,0,"","",9,2,1,0,2,0,0,1,0,2,17,5,7,2,10,3,20,15,53,47,1.57,1.49,2.14,0.84,2.78,67,78,56,39,11,33,78,50,78,11.11,4.56,2.45,3.00,3.00,1.36,2.15,3.90,7.50,1.87,1.95,Stadio Armando Picchi
1548608400,Jan 27 2019 - 5:00pm,complete,N/A,Brescia,Spezia,Aleandro Di Paolo,21,2.56,0.89,2.33,0.89,4,4,8,4,2,2,"24,45'2,55,77","1,40,48,64",6,4,1,0,3,0,0,1,2,1,14,8,8,6,6,2,19,16,56,44,1.70,1.58,2.29,1.27,2.72,61,78,50,28,17,33,84,39,72,10.89,5.45,2.05,3.05,3.85,1.34,2.05,3.75,7.50,1.87,1.95,Stadio Mario Rigamonti
1548705600,Jan 28 2019 - 8:00pm,complete,N/A,Hellas Verona,Cosenza,Antonio Rapuano,21,2.00,0.89,1.81,0.94,2,2,4,1,1,0,"35,72","81,85",7,7,2,0,4,0,0,2,2,2,14,6,12,4,2,2,14,15,52,48,1.51,1.25,2.09,0.99,2.50,56,84,39,22,6,39,67,39,89,11.00,4.78,2.05,3.00,3.85,1.40,2.20,4.15,8.00,1.95,1.83,Stadio Marc'Antonio Bentegodi
1549116000,Feb 02 2019 - 2:00pm,complete,N/A,Cosenza,Cittadella,Daniele Minelli,22,1.20,1.20,1.61,1.19,2,0,2,0,0,0,"48,65","",8,2,1,0,2,0,0,1,2,0,17,7,11,6,6,1,16,14,49,51,1.54,1.59,2.33,1.20,1.50,35,50,20,10,5,15,45,15,55,10.82,5.91,2.65,2.80,2.95,1.45,2.40,4.60,8.50,2.00,1.77,Stadio San Vito-Luigi Marulla
1549116000,Feb 02 2019 - 2:00pm,complete,N/A,Carpi,Hellas Verona,Riccardo Ros,22,0.67,1.20,0.83,1.20,1,1,2,1,1,0,"43","56",1,5,3,0,2,0,2,1,1,1,11,14,7,8,4,6,18,11,31,69,1.35,1.36,1.45,1.93,2.59,48,69,47,27,16,21,59,43,79,8.78,5.78,3.40,3.00,2.25,1.36,2.10,3.90,7.00,1.83,1.87,Stadio Sandro Cabassi
1549116000,Feb 02 2019 - 2:00pm,complete,N/A,Calcio Padova,Salernitana,Antonio Di Martino,22,1.11,0.78,1.06,0.58,0,0,0,0,0,0,"","",4,4,4,0,5,0,1,3,2,3,5,5,2,2,3,3,19,21,39,61,1.55,1.38,0.74,0.74,2.17,45,56,45,33,6,11,67,45,62,7.78,5.67,2.30,2.90,3.40,1.44,2.35,4.55,11.00,1.95,1.77,Stadio Comunale Euganeo
1549126800,Feb 02 2019 - 5:00pm,complete,N/A,Spezia,Cremonese,Federico Dionisi,22,1.90,0.56,1.84,0.89,2,0,2,1,1,0,"21,53","",7,6,1,0,2,0,0,1,1,1,11,12,6,6,5,6,10,16,50,50,2.02,1.54,1.40,1.66,2.57,69,79,47,37,11,42,69,32,68,13.34,3.90,1.95,2.80,4.80,1.47,2.40,4.70,9.00,2.00,1.74,Stadio Alberto Picco
1549202400,Feb 03 2019 - 2:00pm,complete,N/A,Crotone,Livorno,Francesco Fourneau,22,1.10,0.67,1.44,0.72,1,1,2,2,1,1,"30","5",7,9,1,0,2,0,1,0,1,1,10,9,6,6,4,3,19,20,57,43,1.71,1.43,1.51,1.29,2.47,69,79,42,21,11,11,74,47,84,10.38,5.26,1.95,2.95,4.45,1.43,2.30,4.35,8.50,2.00,1.77,Stadio Ezio Scida
1549202400,Feb 03 2019 - 2:00pm,complete,N/A,Benevento,Venezia,Luigi Nasca,22,1.70,0.70,1.74,0.63,3,0,3,0,0,0,"63,89,90'5","",7,3,3,0,3,1,1,2,2,2,17,10,8,2,9,8,12,12,53,47,2.00,1.16,1.98,0.96,2.50,60,70,45,20,10,30,55,45,90,11.50,4.10,1.71,3.30,5.35,1.38,2.15,4.00,7.50,2.00,1.71,Stadio Ciro Vigorito
1549224000,Feb 03 2019 - 8:00pm,complete,N/A,Pescara,Brescia,Gianluca Aureliano,22,2.30,1.20,2.00,1.39,1,5,6,3,0,3,"58","21,32,38,56,90'4",9,2,3,0,2,0,1,2,0,2,14,11,7,8,7,3,12,18,61,39,1.52,1.68,1.82,1.58,2.70,70,80,50,30,10,35,55,55,90,10.20,5.10,2.55,3.05,2.85,1.27,1.87,3.20,5.70,1.67,2.10,Stadio Adriatico-Giovanni Cornacchia
1549310400,Feb 04 2019 - 8:00pm,complete,N/A,Palermo,Foggia,Davide Ghersini,22,1.90,0.80,1.83,0.61,0,0,0,0,0,0,"","",10,3,3,0,1,0,2,1,1,0,19,10,8,3,11,7,18,9,51,49,1.92,1.28,2.38,1.01,2.50,50,75,50,25,10,35,65,45,80,9.30,5.50,1.69,3.40,5.35,1.31,1.95,3.45,5.95,1.91,1.83,Stadio Renzo Barbera
1549656000,Feb 08 2019 - 8:00pm,complete,N/A,Salernitana,Benevento,Eugenio Abbattista,23,1.82,1.44,1.58,1.58,0,1,1,0,0,0,"","49",9,6,2,0,2,0,2,0,1,1,7,10,3,5,4,5,8,16,52,48,1.26,1.64,0.97,1.23,2.39,56,60,50,30,10,25,54,40,75,8.55,4.98,3.65,2.80,2.25,1.42,2.30,4.35,7.75,1.91,1.80,Stadio Arechi
1549720800,Feb 09 2019 - 2:00pm,complete,N/A,Cremonese,Calcio Padova,Francesco Guccini,23,1.91,0.45,1.83,0.67,0,0,0,0,0,0,"","",5,1,2,0,3,1,1,1,3,1,14,8,8,4,6,4,20,17,66,34,1.45,1.21,2.06,0.99,2.60,55,78,50,23,18,27,82,46,78,9.73,3.91,1.91,3.00,4.45,1.48,2.45,4.80,9.00,2.10,1.67,Stadio Giovanni Zini
1549720800,Feb 09 2019 - 2:00pm,complete,N/A,Perugia,Palermo,Marco Serra,23,2.11,1.80,1.61,1.67,1,2,3,1,0,1,"89","2,47",10,4,3,0,2,0,1,2,1,1,14,10,11,5,3,5,16,22,64,36,1.44,1.49,2.10,1.12,2.37,52,79,47,11,6,31,79,32,90,8.76,4.70,2.45,2.85,3.10,1.39,2.20,4.15,7.75,1.87,1.87,Stadio Renato Curi
1549720800,Feb 09 2019 - 2:00pm,complete,N/A,Cittadella,Spezia,Luigi Pillitteri,23,1.80,0.90,1.75,0.89,0,1,1,0,0,0,"","76",2,7,6,1,2,0,4,3,1,1,8,16,0,7,8,9,23,13,44,56,1.98,1.55,0.80,1.88,2.90,55,75,55,40,10,40,80,50,65,13.30,5.70,2.20,2.85,3.65,1.36,2.15,3.90,7.00,1.83,1.91,Stadio Pier Cesare Tombolato
1549731600,Feb 09 2019 - 5:00pm,complete,N/A,Brescia,Carpi,Lorenzo Illuzzi,23,2.40,1.00,2.33,0.78,3,1,4,3,2,1,"18,37,90'1","22",2,8,1,0,2,0,0,1,1,1,9,8,5,4,4,4,12,12,62,38,1.76,1.16,1.41,1.15,3.22,72,82,53,34,29,25,72,58,96,9.85,5.41,1.34,4.60,8.75,1.20,1.65,2.65,5.00,1.91,1.80,Stadio Mario Rigamonti
1549807200,Feb 10 2019 - 2:00pm,complete,N/A,Livorno,Cosenza,Valerio Marini,23,1.00,0.90,1.44,0.94,2,0,2,0,0,0,"48,90'2","",2,8,4,0,2,1,2,2,2,1,12,14,5,7,7,7,19,13,46,54,1.62,1.23,1.37,1.77,2.10,40,60,35,25,5,15,50,40,75,11.70,5.60,2.20,2.85,3.70,1.50,2.50,4.95,11.00,2.10,1.67,Stadio Armando Picchi
1549807200,Feb 10 2019 - 2:00pm,complete,N/A,Foggia,Pescara,Manuel Volpi,23,1.60,1.10,1.78,0.95,1,1,2,1,1,0,"44","67",2,8,3,0,1,0,0,3,1,0,12,18,4,6,8,12,9,15,57,43,1.70,1.42,1.31,1.99,3.35,85,95,70,50,15,45,90,55,80,8.30,4.40,2.20,3.20,3.25,1.27,1.87,3.20,5.80,1.67,2.10,Stadio Comunale Pino Zaccheria
1549828800,Feb 10 2019 - 8:00pm,complete,N/A,Hellas Verona,Crotone,Marco Piccinini,23,1.90,0.60,1.81,0.94,1,1,2,0,0,0,"78","50",9,2,3,0,3,1,3,0,1,3,12,5,8,4,4,1,14,12,50,50,1.57,1.48,1.82,0.79,2.70,55,80,55,25,10,45,85,45,80,10.60,4.00,2.05,3.20,3.70,1.33,2.05,3.65,6.70,1.80,1.91,Stadio Marc'Antonio Bentegodi
1549915200,Feb 11 2019 - 8:00pm,complete,N/A,Venezia,Lecce,Antonio Giua,23,1.80,1.64,1.53,1.28,1,1,2,0,0,0,"50","51",4,7,1,1,1,0,0,2,0,1,12,13,8,6,4,7,11,12,37,63,1.67,1.38,1.62,1.77,2.69,62,71,47,23,19,24,86,38,86,9.81,5.34,3.00,2.85,2.55,1.38,2.20,4.10,8.75,1.87,1.87,Stadio Pierluigi Penzo
1550260800,Feb 15 2019 - 8:00pm,complete,N/A,Palermo,Brescia,Juan Luca Sacchi,24,1.82,1.36,1.83,1.39,1,1,2,0,0,0,"79","90'2",5,3,2,0,4,0,1,1,1,3,10,4,4,2,6,2,18,17,64,36,1.97,1.67,1.63,0.75,2.91,73,87,60,37,14,46,69,55,82,9.36,5.18,2.10,3.15,3.45,1.29,1.91,3.30,5.95,1.71,2.00,Stadio Renzo Barbera
1550325600,Feb 16 2019 - 2:00pm,complete,N/A,Benevento,Cittadella,Aleandro Di Paolo,24,1.82,1.09,1.74,1.19,1,0,1,1,1,0,"40","",2,4,5,0,4,0,3,2,2,2,11,8,7,3,4,5,11,21,40,60,2.00,1.56,1.52,1.16,2.09,37,59,41,18,5,27,46,37,78,12.09,5.82,1.87,3.20,4.40,1.36,2.10,3.85,8.00,1.91,1.80,Stadio Ciro Vigorito
1550325600,Feb 16 2019 - 2:00pm,complete,N/A,Calcio Padova,Foggia,Fabio Piscopo,24,1.10,0.82,1.06,0.61,1,1,2,1,0,1,"89","45",5,8,2,0,1,0,0,2,1,0,12,5,6,5,6,0,21,16,41,59,1.47,1.26,1.55,0.84,1.89,33,52,33,24,5,23,62,29,62,8.75,5.75,2.25,3.00,3.35,1.38,2.20,4.10,7.50,1.87,1.87,Stadio Comunale Euganeo
1550325600,Feb 16 2019 - 2:00pm,complete,N/A,Carpi,Perugia,Lorenzo Maggioni,24,0.70,0.91,0.83,1.11,0,1,1,0,0,0,"","90'1",8,2,1,0,2,0,0,1,0,2,14,7,4,5,10,2,19,8,48,52,1.36,1.43,1.68,0.94,2.90,67,86,57,33,19,38,72,48,86,6.04,5.35,3.40,3.00,2.20,1.38,2.20,4.10,6.70,1.91,1.80,Stadio Sandro Cabassi
1550336400,Feb 16 2019 - 5:00pm,complete,N/A,Ascoli,Salernitana,Daniele Minelli,24,1.73,0.80,1.56,0.58,2,4,6,4,1,3,"3,48","13,18,40,90'6",4,8,3,1,4,0,0,4,1,3,15,14,7,9,8,5,18,13,53,47,1.52,1.31,1.80,1.88,2.33,53,62,43,34,14,19,53,48,71,8.60,5.98,2.15,2.90,3.70,1.43,2.35,4.45,8.50,1.95,1.77,Stadio Cino e Lillo Del Duca
1550412000,Feb 17 2019 - 2:00pm,complete,N/A,Cosenza,Cremonese,Niccolò Baroni,24,1.36,0.50,1.61,0.89,2,0,2,0,0,0,"56,88","",7,1,3,1,2,1,3,1,3,0,14,6,7,3,7,3,8,17,56,44,1.62,1.55,1.77,0.79,2.16,53,77,34,20,10,25,63,29,62,12.80,4.00,2.45,2.75,3.30,1.57,2.75,5.55,10.75,2.20,1.61,Stadio San Vito-Luigi Marulla
1550412000,Feb 17 2019 - 2:00pm,complete,N/A,Lecce,Livorno,Luca Massimi,24,1.78,0.70,2.39,0.72,3,2,5,2,0,2,"61,79,90'2","31,37",6,3,3,0,3,2,1,2,1,4,19,9,7,7,12,2,8,20,68,32,1.57,1.42,2.07,1.30,2.42,69,79,37,21,11,26,68,43,74,10.31,4.28,1.69,3.40,4.45,1.33,2.13,3.60,6.95,1.84,1.94,Stadio Comunale Via del Mare
1550433600,Feb 17 2019 - 8:00pm,complete,N/A,Spezia,Hellas Verona,Ivano Pezzuto,24,2.00,1.18,1.84,1.20,1,2,3,2,1,1,"4","25,61",5,2,2,0,3,0,1,1,2,1,10,9,6,6,4,3,17,20,47,53,1.96,1.42,1.43,1.29,2.50,55,73,45,27,9,27,64,27,82,11.10,4.72,1.95,3.20,4.10,1.30,1.95,3.40,5.80,1.77,1.95,Stadio Alberto Picco
1550520000,Feb 18 2019 - 8:00pm,complete,N/A,Crotone,Pescara,Antonio Rapuano,24,1.09,1.09,1.44,0.95,0,2,2,2,0,2,"","9,16",5,2,2,0,3,0,1,1,1,2,12,9,6,6,6,3,17,18,60,40,1.69,1.47,1.82,1.14,2.68,78,87,50,27,9,18,78,55,87,11.00,4.46,2.20,3.05,3.45,1.33,2.05,3.65,6.60,1.80,1.95,Stadio Ezio Scida
1550865600,Feb 22 2019 - 8:00pm,complete,N/A,Hellas Verona,Salernitana,Marco Serra,25,1.82,1.00,1.81,0.58,1,0,1,0,0,0,"70","",7,7,3,1,6,1,1,3,3,4,9,8,4,3,5,5,22,20,58,42,1.59,1.37,1.08,1.03,2.82,69,82,55,41,14,41,78,50,73,10.00,4.73,1.80,3.20,4.80,1.33,2.05,3.65,6.60,1.87,1.87,Stadio Marc'Antonio Bentegodi
1550930400,Feb 23 2019 - 2:00pm,complete,N/A,Cremonese,Ascoli,Luigi Nasca,25,1.83,0.67,1.83,0.83,0,1,1,0,0,0,"","68",7,1,2,1,3,0,0,3,0,3,6,10,2,5,4,5,13,13,56,44,1.50,1.49,1.02,1.20,1.81,31,59,25,10,6,20,63,15,68,10.08,3.55,2.00,2.95,4.30,1.49,2.50,4.85,9.25,2.10,1.67,Stadio Giovanni Zini
1550930400,Feb 23 2019 - 2:00pm,complete,N/A,Perugia,Cosenza,Alessandro Prontera,25,1.90,0.82,1.61,0.94,0,1,1,1,0,1,"","18",5,5,1,0,2,1,1,0,0,3,5,5,2,4,3,1,13,11,66,34,1.51,1.28,0.90,0.87,2.34,43,77,39,14,5,10,58,48,100,10.92,5.37,2.35,2.80,3.45,1.48,2.45,4.80,9.00,2.00,1.74,Stadio Renato Curi
1550930400,Feb 23 2019 - 2:00pm,complete,N/A,Brescia,Crotone,Riccardo Ros,25,2.45,0.64,2.33,0.94,2,0,2,0,0,0,"80,90'5","",5,4,4,0,2,1,4,0,0,3,11,5,6,0,5,5,22,23,43,57,1.73,1.42,1.55,0.62,3.00,59,78,55,27,23,32,73,55,91,9.64,4.81,1.87,3.25,4.30,1.28,1.91,3.25,6.60,1.74,2.00,Stadio Mario Rigamonti
1550930400,Feb 23 2019 - 2:00pm,complete,N/A,Cittadella,Lecce,Federico Dionisi,25,1.64,1.58,1.75,1.28,4,1,5,3,2,1,"18,42,58,70","12",9,4,2,0,0,0,1,1,0,0,13,7,7,5,6,2,22,12,52,48,1.87,1.42,1.85,0.98,3.00,61,78,57,39,17,31,74,61,87,12.35,5.77,2.30,2.95,3.25,1.33,2.05,3.65,6.85,1.74,2.00,Stadio Pier Cesare Tombolato
1550930400,Feb 23 2019 - 2:00pm,complete,N/A,Pescara,Calcio Padova,Francesco Fourneau,25,2.09,0.50,2.00,0.67,2,0,2,2,2,0,"4,18","",8,9,1,0,4,0,1,0,1,3,14,10,7,3,7,7,23,15,53,47,1.55,1.19,1.71,1.32,2.90,69,78,60,26,26,26,64,70,87,9.67,5.56,1.95,3.10,4.15,1.35,2.10,3.80,7.00,1.87,1.87,Stadio Adriatico-Giovanni Cornacchia
1550930400,Feb 23 2019 - 2:00pm,complete,N/A,Carpi,Spezia,Gianluca Aureliano,25,0.64,1.09,0.83,0.89,3,2,5,1,1,0,"30,85,90'1","49,72",7,12,2,0,2,0,0,2,0,2,11,11,6,8,5,3,17,11,40,60,1.39,1.58,1.55,1.73,2.60,50,69,41,27,14,27,73,36,69,9.46,5.37,3.90,3.10,2.00,1.40,2.25,4.25,7.75,2.00,1.77,Stadio Sandro Cabassi
1550941200,Feb 23 2019 - 5:00pm,complete,N/A,Foggia,Benevento,Livio Marinelli,25,1.55,1.60,1.78,1.58,1,1,2,0,0,0,"81","75",3,3,2,1,5,0,2,1,2,3,10,16,8,10,2,6,18,14,42,58,1.66,1.60,1.38,2.22,2.83,71,75,57,43,14,38,70,43,72,7.38,5.25,2.90,2.95,2.55,1.33,2.05,3.70,6.70,1.77,1.95,Stadio Comunale Pino Zaccheria
1551038400,Feb 24 2019 - 8:00pm,complete,N/A,Livorno,Venezia,Davide Ghersini,25,1.18,0.64,1.44,0.63,1,0,1,0,0,0,"90'2","",4,4,2,0,3,0,2,0,2,1,18,6,10,4,8,2,14,13,53,47,1.60,1.14,2.40,0.95,2.05,46,60,32,18,9,23,46,41,69,10.28,4.82,2.25,2.75,3.65,1.48,2.45,4.80,9.00,2.00,1.71,Stadio Armando Picchi
1551200400,Feb 26 2019 - 5:00pm,complete,N/A,Benevento,Pescara,Valerio Marini,26,1.92,1.25,1.74,0.95,2,1,3,1,1,0,"44,86","67",7,1,2,0,1,0,0,2,0,1,16,6,6,5,10,1,21,11,46,54,1.96,1.45,1.88,0.96,2.83,63,84,59,29,8,33,75,50,88,11.42,4.42,1.95,3.15,4.20,1.33,2.05,3.70,6.85,1.83,1.91,Stadio Ciro Vigorito
1551211200,Feb 26 2019 - 8:00pm,complete,N/A,Calcio Padova,Brescia,Niccolò Baroni,26,1.09,1.33,1.06,1.39,1,1,2,0,0,0,"57","77",4,7,4,0,3,0,2,2,2,1,8,11,3,8,5,3,28,11,30,70,1.47,1.59,0.93,1.64,2.49,64,73,43,34,9,34,70,43,74,8.44,5.59,3.50,3.10,2.15,1.36,2.10,3.85,7.00,1.87,1.87,Stadio Comunale Euganeo
1551211200,Feb 26 2019 - 8:00pm,complete,N/A,Cosenza,Carpi,Ivano Pezzuto,26,1.50,0.92,1.61,0.78,1,0,1,1,1,0,"28","",10,4,0,0,3,0,0,0,2,1,10,10,5,3,5,7,16,18,62,38,1.63,1.16,1.46,1.14,2.38,55,75,38,21,13,13,59,42,80,10.47,5.01,1.80,3.15,4.90,1.41,2.25,4.25,7.75,2.00,1.74,Stadio San Vito-Luigi Marulla
1551211200,Feb 26 2019 - 8:00pm,complete,N/A,Salernitana,Cremonese,Lorenzo Illuzzi,26,1.67,0.45,1.58,0.89,2,0,2,0,0,0,"61,68","",10,4,3,0,3,0,0,3,1,2,13,8,7,2,6,6,18,14,55,45,1.23,1.48,1.66,1.00,2.39,53,70,43,26,9,31,61,35,74,11.65,4.26,2.65,2.75,2.95,1.51,2.60,5.15,10.25,2.10,1.67,Stadio Arechi
1551211200,Feb 26 2019 - 8:00pm,complete,N/A,Ascoli,Foggia,Antonio Giua,26,1.58,0.83,1.56,0.61,2,2,4,3,2,1,"12,44","30,90'5",3,4,4,0,4,0,1,3,2,2,9,4,4,4,5,0,14,17,32,68,1.54,1.22,1.16,0.90,2.42,50,67,38,29,17,33,59,38,79,9.75,5.67,2.25,2.90,3.45,1.38,2.15,4.00,7.50,1.83,1.87,Stadio Cino e Lillo Del Duca
1551211200,Feb 26 2019 - 8:00pm,complete,N/A,Lecce,Hellas Verona,Juan Luca Sacchi,26,1.90,1.33,2.39,1.20,2,1,3,1,1,0,"34,52","90'4",4,4,2,0,2,0,1,1,1,1,9,12,7,6,2,6,15,10,45,55,1.62,1.41,1.43,1.50,2.56,60,74,50,24,14,28,59,43,82,10.02,4.81,2.10,2.95,3.70,1.34,2.05,3.70,6.35,1.80,1.91,Stadio Comunale Via del Mare
1551211200,Feb 26 2019 - 8:00pm,complete,N/A,Crotone,Palermo,Eugenio Abbattista,26,1.00,1.91,1.44,1.67,3,0,3,1,1,0,"28,78,90'2","",1,8,1,0,3,0,0,1,0,3,12,10,6,6,6,4,16,24,40,60,1.70,1.45,1.39,1.39,2.39,66,83,49,13,4,27,79,43,79,9.85,5.14,3.00,2.95,2.50,1.43,2.30,4.35,8.25,1.95,1.80,Stadio Ezio Scida
1551290400,Feb 27 2019 - 6:00pm,complete,N/A,Venezia,Perugia,Luigi Pillitteri,26,1.73,1.08,1.53,1.11,2,3,5,4,1,3,"38,81","12,40,44",4,5,3,0,2,0,1,2,2,0,11,13,7,6,4,7,8,17,56,44,1.67,1.39,1.81,1.53,2.51,66,74,47,21,13,34,70,35,87,7.40,5.23,2.80,2.85,2.75,1.48,2.45,4.80,8.75,2.00,1.71,Stadio Pierluigi Penzo
1551297600,Feb 27 2019 - 8:00pm,complete,N/A,Spezia,Livorno,Marco Piccinini,26,1.83,0.64,1.84,0.72,3,0,3,1,1,0,"21,74,84","",5,9,2,0,3,0,1,1,1,2,12,6,6,4,6,2,10,16,50,50,1.92,1.41,1.53,1.11,2.66,70,83,43,30,13,39,79,31,78,10.92,4.65,1.87,3.15,4.40,1.33,2.05,3.70,7.00,1.87,1.87,Stadio Alberto Picco
1551470400,Mar 01 2019 - 8:00pm,complete,N/A,Foggia,Cosenza,Lorenzo Maggioni,27,1.50,1.00,1.78,0.94,1,0,1,1,1,0,"22","",1,4,3,0,2,0,2,1,1,1,5,10,4,0,1,10,14,10,43,57,1.64,1.24,0.80,1.18,2.75,63,84,46,34,9,25,67,50,84,8.92,5.91,2.50,2.80,3.10,1.47,2.40,4.70,8.00,2.00,1.77,Stadio Comunale Pino Zaccheria
1551535200,Mar 02 2019 - 2:00pm,complete,N/A,Carpi,Ascoli,Antonio Rapuano,27,0.83,0.90,0.83,0.83,1,1,2,1,0,1,"48","42",5,3,2,0,3,1,1,1,1,3,10,9,5,3,5,6,20,17,46,54,1.41,1.46,1.43,1.04,2.38,49,68,36,22,18,19,64,35,82,8.08,4.88,2.65,2.90,2.85,1.41,2.25,4.25,7.50,1.91,1.83,Stadio Sandro Cabassi
1551535200,Mar 02 2019 - 2:00pm,complete,N/A,Brescia,Cittadella,Davide Ghersini,27,2.50,1.00,2.33,1.19,0,1,1,1,0,1,"","11",2,5,3,0,4,0,2,1,3,1,11,16,4,6,7,10,9,28,56,44,1.71,1.52,1.43,1.81,2.38,46,63,33,25,17,30,54,38,75,10.17,6.17,1.95,3.10,4.20,1.33,2.05,3.70,6.35,1.83,1.91,Stadio Mario Rigamonti
1551535200,Mar 02 2019 - 2:00pm,complete,N/A,Calcio Padova,Crotone,Aleandro Di Paolo,27,1.08,0.58,1.06,0.94,0,0,0,0,0,0,"","",3,7,2,0,2,1,1,1,1,2,14,8,5,4,9,4,22,17,37,63,1.43,1.35,1.51,1.18,1.96,38,59,34,13,4,13,58,46,71,8.83,5.75,2.65,2.85,2.85,1.53,2.65,5.25,10.25,2.15,1.65,Stadio Comunale Euganeo
1551546000,Mar 02 2019 - 5:00pm,complete,N/A,Palermo,Lecce,Gianluca Aureliano,27,1.75,1.46,1.83,1.28,2,1,3,1,1,0,"4,52","90'3",2,11,2,0,3,0,1,1,2,1,14,19,8,11,6,8,14,11,44,56,1.94,1.38,1.77,2.49,2.82,64,80,56,28,20,28,68,60,84,10.08,5.06,2.00,3.10,3.90,1.35,2.10,3.80,7.00,1.87,1.87,Stadio Renzo Barbera
1551621600,Mar 03 2019 - 2:00pm,complete,N/A,Perugia,Salernitana,Francesco Guccini,27,1.73,0.92,1.61,0.58,3,1,4,3,2,1,"28,31,71","35",7,3,3,1,4,0,2,2,1,3,9,11,7,5,2,6,19,18,52,48,1.45,1.34,1.32,1.35,2.43,48,66,48,26,13,18,70,43,79,9.34,5.33,2.05,2.90,4.15,1.43,2.30,4.40,8.00,1.95,1.77,Stadio Renato Curi
1551621600,Mar 03 2019 - 2:00pm,complete,N/A,Pescara,Spezia,Livio Marinelli,27,2.17,1.00,2.00,0.89,2,0,2,1,1,0,"19,59","",4,6,3,0,1,1,2,1,1,1,12,11,6,5,6,6,16,11,44,56,1.56,1.59,1.49,1.40,2.67,50,67,46,25,17,29,63,46,71,12.34,5.25,2.60,3.00,2.80,1.28,1.91,3.25,5.95,1.67,2.10,Stadio Adriatico-Giovanni Cornacchia
1551643200,Mar 03 2019 - 8:00pm,complete,N/A,Hellas Verona,Venezia,Fabio Piscopo,27,1.92,0.58,1.81,0.63,1,0,1,1,1,0,"18","",9,2,2,0,2,0,1,1,0,2,16,10,9,5,7,5,11,9,57,43,1.55,1.13,2.09,1.22,2.42,63,75,38,21,8,38,58,42,83,10.58,4.41,1.83,3.15,4.75,1.37,2.15,3.95,6.60,1.95,1.77,Stadio Marc'Antonio Bentegodi
1551729600,Mar 04 2019 - 8:00pm,complete,N/A,Livorno,Benevento,Daniele Minelli,27,1.33,1.55,1.44,1.58,2,0,2,2,2,0,"20,31","",2,8,1,0,3,1,1,0,2,2,9,8,6,5,3,3,23,22,46,54,1.67,1.66,1.27,1.18,2.01,44,53,35,26,9,22,43,39,66,9.67,5.50,3.05,2.85,2.55,1.43,2.35,4.45,8.50,1.95,1.80,Stadio Armando Picchi
1552075200,Mar 08 2019 - 8:00pm,complete,N/A,Perugia,Hellas Verona,Antonio Di Martino,28,1.83,1.23,1.61,1.20,1,2,3,0,0,0,"86","54,60",5,10,3,0,3,0,0,3,2,1,8,8,4,5,4,3,11,19,45,55,1.44,1.41,1.14,1.24,2.48,52,72,52,16,8,24,73,32,89,10.00,5.00,2.35,2.90,3.25,1.31,1.95,3.45,7.00,1.74,2.00,Stadio Renato Curi
1552140000,Mar 09 2019 - 2:00pm,complete,N/A,Cosenza,Brescia,Federico Dionisi,28,1.62,1.31,1.61,1.39,2,3,5,2,2,0,"18,27","53,75,90'4",4,4,3,0,1,0,1,2,1,0,8,7,5,5,3,2,17,17,48,52,1.62,1.60,1.25,1.18,2.54,65,85,39,27,12,31,62,47,77,10.38,4.54,2.55,2.90,2.95,1.35,2.10,3.80,8.00,1.80,1.95,Stadio San Vito-Luigi Marulla
1552140000,Mar 09 2019 - 2:00pm,complete,N/A,Lecce,Foggia,Luigi Nasca,28,2.00,0.85,2.39,0.61,1,0,1,0,0,0,"59","",6,3,2,0,4,1,0,2,3,2,14,0,8,0,6,0,11,19,51,49,1.61,1.20,1.97,0.22,2.52,60,76,47,29,13,33,67,44,80,9.86,4.45,1.80,3.35,4.60,1.25,1.80,3.05,6.00,1.71,2.00,Stadio Comunale Via del Mare
1552140000,Mar 09 2019 - 2:00pm,complete,N/A,Cittadella,Pescara,Ivano Pezzuto,28,1.75,1.15,1.75,0.95,4,1,5,4,3,1,"20,32,45,83","25",5,5,4,0,3,0,1,3,2,1,13,9,9,4,4,5,21,17,56,44,1.87,1.41,1.88,1.22,2.93,68,84,56,41,13,37,76,61,84,12.11,5.09,1.87,3.30,4.15,1.28,1.87,3.20,6.50,1.74,2.00,Stadio Pier Cesare Tombolato
1552150800,Mar 09 2019 - 5:00pm,complete,N/A,Spezia,Calcio Padova,Alessandro Prontera,28,1.92,0.46,1.84,0.67,0,2,2,1,0,1,"","16,56",11,2,2,0,3,0,1,1,0,3,17,8,8,4,9,4,10,15,72,28,1.89,1.20,2.38,0.98,2.92,70,89,62,31,20,38,85,50,81,9.93,4.77,1.74,3.20,5.20,1.38,2.15,4.00,9.00,2.00,1.77,Stadio Alberto Picco
1552226400,Mar 10 2019 - 2:00pm,complete,N/A,Cremonese,Benevento,Francesco Fourneau,28,1.69,1.42,1.83,1.58,1,0,1,0,0,0,"90'4","",1,3,4,1,1,0,0,5,1,0,9,7,3,2,6,5,20,13,42,58,1.46,1.62,1.07,0.91,1.77,33,52,24,17,4,20,48,25,65,10.27,4.62,2.95,2.80,2.65,1.49,2.50,4.85,13.00,2.05,1.71,Stadio Giovanni Zini
1552226400,Mar 10 2019 - 2:00pm,complete,N/A,Ascoli,Livorno,Marco Serra,28,1.54,0.58,1.56,0.72,1,1,2,2,1,1,"16","23",10,3,4,0,4,0,2,2,1,3,12,5,5,5,7,0,18,21,46,54,1.51,1.38,1.60,0.91,2.72,65,76,44,32,20,36,69,44,80,10.10,6.14,2.35,2.95,3.20,1.39,2.20,4.15,9.00,1.87,1.87,Stadio Cino e Lillo Del Duca
1552248000,Mar 10 2019 - 8:00pm,complete,N/A,Salernitana,Crotone,Manuel Volpi,28,1.77,0.62,1.58,0.94,0,2,2,1,0,1,"","11,55",11,1,1,0,2,0,1,0,0,2,16,7,6,5,10,2,15,19,58,42,1.27,1.34,1.86,0.98,2.23,39,62,42,16,8,19,54,46,81,10.08,4.77,2.70,2.90,2.80,1.43,2.30,4.35,10.00,1.95,1.80,Stadio Arechi
1552334400,Mar 11 2019 - 8:00pm,complete,N/A,Venezia,Palermo,Riccardo Ros,28,1.58,1.75,1.53,1.67,1,1,2,1,1,0,"39","84",1,3,1,0,1,0,1,0,1,0,7,12,3,6,4,6,16,20,37,63,1.68,1.45,0.85,1.59,2.38,63,75,46,13,9,29,79,34,83,9.25,5.42,3.30,2.95,2.30,1.43,2.30,4.40,10.00,1.95,1.77,Stadio Pierluigi Penzo
1552680000,Mar 15 2019 - 8:00pm,complete,N/A,Pescara,Cosenza,Lorenzo Illuzzi,29,2.23,0.92,2.00,0.94,1,1,2,0,0,0,"58","54",1,6,4,0,1,0,0,4,0,1,7,6,4,4,3,2,19,16,52,48,1.55,1.24,0.99,1.02,2.23,39,66,31,15,8,12,46,50,85,11.62,5.85,2.35,3.00,3.15,1.38,2.15,4.00,7.50,1.87,1.87,Stadio Adriatico-Giovanni Cornacchia
1552744800,Mar 16 2019 - 2:00pm,complete,N/A,Foggia,Cittadella,Niccolò Baroni,29,1.62,1.15,1.78,1.19,1,1,2,0,0,0,"81","55",5,8,3,0,2,0,0,3,1,1,12,13,7,6,5,7,9,17,59,41,1.57,1.55,1.62,1.63,2.19,50,62,35,27,8,31,65,31,58,8.15,6.31,2.75,2.95,2.70,1.31,1.95,3.45,6.35,1.71,2.05,Stadio Comunale Pino Zaccheria
1552744800,Mar 16 2019 - 2:00pm,complete,N/A,Calcio Padova,Perugia,Eugenio Abbattista,29,1.08,1.23,1.06,1.11,0,1,1,1,0,1,"","18",7,1,2,0,5,0,1,1,1,4,9,9,0,4,9,5,14,14,36,64,1.44,1.40,1.06,1.10,2.31,54,66,46,27,12,31,62,35,73,6.92,5.54,2.70,2.75,2.85,1.50,2.55,5.05,9.00,2.05,1.71,Stadio Comunale Euganeo
1552744800,Mar 16 2019 - 2:00pm,complete,N/A,Livorno,Salernitana,Aleandro Di Paolo,29,1.46,0.85,1.44,0.58,1,0,1,1,1,0,"23","",8,5,4,0,2,0,2,2,1,1,10,18,4,6,6,12,18,12,50,50,1.64,1.34,1.12,1.98,2.27,43,58,43,35,12,27,58,39,62,9.46,5.76,2.00,3.15,3.95,1.38,2.20,4.10,7.75,1.95,1.80,Stadio Armando Picchi
1552744800,Mar 16 2019 - 2:00pm,complete,N/A,Benevento,Spezia,Antonio Giua,29,2.00,0.92,1.74,0.89,2,3,5,2,1,1,"34,88","32,64,67",10,5,3,1,4,0,2,2,2,2,15,9,8,5,7,4,18,16,56,44,1.95,1.58,1.89,1.13,2.81,50,73,58,27,12,31,77,43,77,12.61,5.00,2.05,3.00,3.95,1.34,2.05,3.75,6.85,1.80,1.91,Stadio Ciro Vigorito
1552755600,Mar 16 2019 - 5:00pm,complete,N/A,Hellas Verona,Ascoli,Luigi Pillitteri,29,2.00,0.91,1.81,0.83,1,1,2,2,1,1,"36","10",8,3,3,1,3,0,2,2,2,1,9,7,4,6,5,1,20,15,60,40,1.59,1.42,1.24,1.06,2.35,57,75,37,20,9,36,75,28,80,10.22,4.63,1.74,3.30,4.95,1.31,1.95,3.45,7.00,1.87,1.87,Stadio Marc'Antonio Bentegodi
1552831200,Mar 17 2019 - 2:00pm,complete,N/A,Palermo,Carpi,Luca Massimi,29,1.85,0.85,1.83,0.78,4,1,5,2,2,0,"11,15,85,87","46",7,1,2,0,5,2,0,2,1,6,18,7,11,5,7,2,15,22,59,41,1.92,1.16,2.29,1.06,2.54,62,73,50,23,12,19,62,54,81,9.62,5.54,1.44,3.90,7.50,1.25,1.80,3.05,5.40,1.91,1.80,Stadio Renzo Barbera
1552831200,Mar 17 2019 - 2:00pm,complete,N/A,Venezia,Cremonese,Valerio Marini,29,1.54,0.42,1.53,0.89,1,1,2,2,1,1,"45'1","30",3,3,3,0,0,0,1,2,0,0,11,11,5,5,6,6,15,16,58,42,1.61,1.44,1.44,1.43,2.32,60,76,32,20,12,28,68,33,76,10.96,4.87,2.65,2.70,3.05,1.57,2.75,5.60,10.00,2.20,1.62,Stadio Pierluigi Penzo
1552852800,Mar 17 2019 - 8:00pm,complete,N/A,Crotone,Lecce,Marco Piccinini,29,1.15,1.36,1.44,1.28,2,2,4,3,1,2,"5,79","9,25",9,2,1,0,2,0,1,0,2,0,8,10,6,6,2,4,18,13,54,46,1.68,1.46,1.39,1.30,2.88,67,86,55,26,19,22,82,59,85,10.74,4.74,2.55,3.00,2.80,1.37,2.15,3.95,9.00,1.87,1.87,Stadio Ezio Scida
1553360400,Mar 23 2019 - 5:00pm,complete,N/A,Lecce,Ascoli,Niccolò Baroni,22,2.08,0.92,2.39,0.83,7,0,7,5,5,0,"4,16,19,24,31,60,66","",4,1,2,0,1,0,0,2,1,0,10,5,10,5,0,0,10,10,66,34,1.64,1.39,1.66,0.93,2.29,59,71,38,17,13,25,63,38,79,9.00,4.50,1.83,3.25,4.55,1.33,2.17,3.65,7.00,1.87,1.77,Stadio Comunale Via del Mare
1553889600,Mar 29 2019 - 8:00pm,complete,9639,Cremonese,Hellas Verona,Livio Marinelli,30,1.79,1.36,1.83,1.20,1,1,2,2,1,1,"13","18",5,3,4,0,2,0,1,3,1,1,11,6,5,3,6,3,23,14,33,67,1.43,1.40,1.49,1.02,1.97,36,57,36,11,4,18,54,22,75,10.65,4.64,2.55,2.75,3.05,1.50,2.50,4.95,12.50,2.05,1.69,Stadio Giovanni Zini
1553954400,Mar 30 2019 - 2:00pm,complete,N/A,Ascoli,Benevento,Gianluca Aureliano,30,1.50,1.31,1.56,1.58,2,2,4,2,2,0,"20,38","69,90'1",3,3,7,0,5,2,2,5,3,4,4,7,3,6,1,1,27,29,36,64,1.52,1.56,0.80,1.14,2.36,55,63,37,30,15,33,48,41,74,9.45,6.28,3.50,3.00,2.20,1.44,2.35,4.50,10.50,2.00,1.74,Stadio Cino e Lillo Del Duca
1553954400,Mar 30 2019 - 2:00pm,complete,N/A,Carpi,Crotone,Davide Ghersini,30,0.85,0.79,0.83,0.94,1,2,3,1,0,1,"68","19,64",9,5,1,1,1,0,1,1,1,0,12,14,8,7,4,7,13,14,40,60,1.41,1.31,1.70,1.82,2.38,46,71,37,19,15,15,63,48,82,8.65,5.11,2.90,2.95,2.55,1.39,2.20,4.15,9.00,1.91,1.83,Stadio Sandro Cabassi
1553954400,Mar 30 2019 - 2:00pm,complete,N/A,Perugia,Livorno,Lorenzo Maggioni,30,1.69,0.62,1.61,0.72,3,1,4,1,1,0,"38,49,62","65",5,4,3,0,2,0,1,2,0,2,16,8,11,4,5,4,17,20,58,42,1.42,1.35,2.07,1.09,2.58,62,81,46,19,12,31,81,38,81,10.38,5.15,2.05,3.00,3.90,1.42,2.25,4.30,9.50,1.95,1.77,Stadio Renato Curi
1553954400,Mar 30 2019 - 2:00pm,complete,6605,Cittadella,Calcio Padova,Antonio Rapuano,30,1.85,0.64,1.75,0.67,1,1,2,0,0,0,"74","52",9,3,2,0,3,1,1,1,2,2,8,7,4,5,4,2,17,12,58,42,1.87,1.18,1.31,1.06,3.11,67,85,63,42,26,41,81,63,82,11.16,6.16,1.71,3.30,5.25,1.36,2.10,3.90,8.00,2.00,1.74,Stadio Pier Cesare Tombolato
1553954400,Mar 30 2019 - 2:00pm,complete,N/A,Cosenza,Palermo,Manuel Volpi,30,1.50,1.69,1.61,1.67,1,1,2,2,1,1,"36","19",3,1,2,0,6,1,1,1,4,3,10,5,5,3,5,2,14,23,51,49,1.59,1.46,1.32,0.87,2.23,53,78,42,11,7,23,71,37,75,10.23,4.62,2.65,2.95,2.80,1.48,2.45,4.80,11.50,2.05,1.71,Stadio San Vito-Luigi Marulla
1553954400,Mar 30 2019 - 2:00pm,complete,N/A,Salernitana,Venezia,Fabio Piscopo,30,1.64,0.54,1.58,0.63,1,1,2,1,0,1,"80","10",6,1,3,0,2,0,1,2,0,2,21,4,9,4,12,0,20,19,56,44,1.31,1.13,2.43,0.66,2.14,45,59,33,15,8,18,48,37,82,10.02,4.38,2.25,2.95,3.40,1.45,2.40,4.60,10.50,2.00,1.74,Stadio Arechi
1553965200,Mar 30 2019 - 5:00pm,complete,N/A,Brescia,Foggia,Daniele Minelli,30,2.31,0.79,2.33,0.61,2,1,3,2,1,1,"32,65","5",5,5,3,0,3,0,0,3,1,2,14,12,6,5,8,7,10,16,47,53,1.69,1.13,1.70,1.36,2.80,56,75,45,34,19,37,71,38,86,9.41,5.33,1.71,3.50,4.90,1.23,1.74,2.90,5.50,1.69,2.05,Stadio Mario Rigamonti
1554058800,Mar 31 2019 - 7:00pm,complete,N/A,Lecce,Pescara,Riccardo Ros,30,2.15,1.07,2.39,0.95,2,0,2,2,2,0,"13,37","",6,3,1,0,2,1,1,0,1,2,14,4,7,2,7,2,18,20,52,48,1.64,1.40,1.69,0.72,2.96,71,85,56,34,19,34,74,56,86,9.79,3.92,1.87,3.30,4.10,1.26,1.83,3.15,6.00,1.71,2.05,Stadio Comunale Via del Mare
1554231600,Apr 02 2019 - 7:00pm,complete,N/A,Calcio Padova,Ascoli,Ivano Pezzuto,31,1.00,0.85,1.06,0.83,1,2,3,2,1,1,"44","41,57",2,4,0,0,0,0,0,0,0,0,13,9,5,5,8,4,6,15,59,41,1.41,1.36,1.55,1.19,1.94,41,56,26,15,8,19,63,26,64,7.98,5.46,2.10,3.05,3.65,1.40,2.25,4.25,7.70,1.95,1.77,Stadio Comunale Euganeo
1554231600,Apr 02 2019 - 7:00pm,complete,N/A,Hellas Verona,Brescia,Francesco Fourneau,31,1.93,1.43,1.81,1.39,2,2,4,3,1,2,"14,60","19,43",5,6,2,0,3,0,1,1,1,2,11,9,5,8,6,1,10,17,56,44,1.57,1.57,1.46,1.46,3.00,82,93,50,40,14,57,79,50,82,10.79,4.72,2.45,3.05,2.95,1.28,1.87,3.20,5.85,1.67,2.10,Stadio Marc'Antonio Bentegodi
1554231600,Apr 02 2019 - 7:00pm,complete,N/A,Benevento,Carpi,Alessandro Prontera,31,1.86,0.79,1.74,0.78,3,1,4,3,2,1,"1,39,69","16",5,5,1,0,1,0,0,1,0,1,15,10,6,5,9,5,12,19,59,41,1.95,1.15,1.71,1.29,2.93,61,75,61,33,18,29,71,54,90,11.21,5.71,1.43,4.15,7.25,1.26,1.83,3.15,5.60,2.00,1.74,Stadio Ciro Vigorito
1554231600,Apr 02 2019 - 7:00pm,complete,N/A,Venezia,Cittadella,Juan Luca Sacchi,31,1.50,1.14,1.53,1.19,1,1,2,0,0,0,"60","90'1",6,6,1,0,1,0,1,0,1,0,3,9,2,4,1,5,17,17,35,65,1.60,1.55,0.67,1.45,1.75,46,54,18,11,7,22,58,21,65,9.72,6.21,2.95,2.85,2.60,1.44,2.35,4.55,8.60,1.95,1.77,Stadio Pierluigi Penzo
1554231600,Apr 02 2019 - 7:00pm,complete,N/A,Livorno,Cremonese,Lorenzo Illuzzi,31,1.57,0.46,1.44,0.89,1,3,4,1,0,1,"77","25,52,90'1",7,4,3,0,4,0,0,3,0,4,15,13,8,9,7,4,14,11,60,40,1.60,1.44,2.11,1.86,2.09,42,68,30,22,8,34,60,34,56,11.73,4.58,2.35,2.85,3.35,1.54,2.65,5.40,9.70,2.15,1.65,Stadio Armando Picchi
1554231600,Apr 02 2019 - 7:00pm,complete,N/A,Crotone,Perugia,Daniele Minelli,31,1.14,1.36,1.44,1.11,2,0,2,1,1,0,"35,81","",6,5,2,0,1,0,0,2,0,1,4,9,3,3,1,6,15,11,43,57,1.66,1.38,0.81,1.11,2.75,64,83,57,29,14,36,75,43,83,8.21,4.93,2.35,2.95,3.15,1.35,2.10,3.80,7.10,1.74,2.00,Stadio Ezio Scida
1554231600,Apr 02 2019 - 7:00pm,complete,N/A,Spezia,Salernitana,Antonio Di Martino,31,1.79,0.79,1.84,0.58,2,1,3,1,0,1,"58,90'4","43",1,6,1,0,2,0,0,1,1,1,12,7,4,5,8,2,10,14,65,35,1.92,1.38,1.38,1.10,2.57,54,72,50,36,11,29,72,36,75,10.42,5.15,1.67,3.50,5.25,1.32,2.00,3.60,6.75,1.95,1.80,Stadio Alberto Picco
1554310800,Apr 03 2019 - 5:00pm,complete,N/A,Lecce,Cosenza,Francesco Guccini,31,2.21,0.93,2.39,0.94,3,1,4,2,1,1,"5,60,64","2",5,3,0,0,0,0,0,0,0,0,9,7,5,5,4,2,8,11,63,37,1.64,1.22,1.30,1.05,2.43,47,72,36,22,11,18,54,54,83,10.78,4.93,1.77,3.35,4.70,1.36,2.10,3.90,8.00,1.95,1.77,Stadio Comunale Via del Mare
1554318000,Apr 03 2019 - 7:00pm,complete,6557,Pescara,Palermo,Luigi Nasca,31,2.14,1.64,2.00,1.67,3,2,5,3,1,2,"6,68,86","15,37",4,11,3,0,2,0,1,2,1,1,12,20,8,12,4,8,14,17,49,51,1.51,1.42,1.65,2.48,2.40,57,79,43,11,7,29,65,47,83,9.78,5.57,2.40,3.00,3.05,1.33,2.05,3.70,6.40,1.77,1.95,Stadio Adriatico-Giovanni Cornacchia
1554490800,Apr 05 2019 - 7:00pm,complete,N/A,Brescia,Venezia,Luca Massimi,32,2.36,0.57,2.33,0.63,2,0,2,1,1,0,"44,80","",6,11,2,0,3,0,0,2,1,2,10,10,5,2,5,8,23,15,47,53,1.69,1.10,1.32,1.14,2.65,61,72,39,22,18,29,61,43,86,8.86,4.86,1.44,4.15,6.90,1.25,1.80,3.05,5.40,1.95,1.80,Stadio Mario Rigamonti
1554555600,Apr 06 2019 - 1:00pm,complete,N/A,Cittadella,Livorno,Valerio Marini,32,1.79,0.57,1.75,0.72,4,0,4,1,1,0,"38,56,57,78","",2,0,1,0,3,1,1,0,2,2,16,5,8,0,8,5,13,14,66,34,1.83,1.33,2.03,0.49,2.89,68,83,50,40,18,40,75,54,79,12.43,6.00,1.77,3.20,5.05,1.37,2.15,3.95,7.00,1.95,1.77,Stadio Pier Cesare Tombolato
1554555600,Apr 06 2019 - 1:00pm,complete,N/A,Carpi,Calcio Padova,Marco Piccinini,32,0.79,0.67,0.83,0.67,2,1,3,2,1,1,"42,78","12",4,8,2,0,3,0,1,1,1,2,11,12,5,8,6,4,17,18,42,58,1.43,1.17,1.44,1.69,2.86,69,86,52,28,24,24,79,59,83,8.37,5.50,2.85,3.00,2.55,1.43,2.30,4.35,7.50,1.95,1.80,Stadio Sandro Cabassi
1554555600,Apr 06 2019 - 1:00pm,complete,N/A,Foggia,Spezia,Luigi Pillitteri,32,1.57,1.07,1.78,0.89,1,0,1,0,0,0,"84","",8,5,2,0,4,0,1,1,2,2,13,3,5,2,8,1,12,12,53,47,1.58,1.55,1.48,0.61,3.04,68,82,54,40,18,40,86,43,68,9.21,5.35,2.35,3.05,3.05,1.32,2.00,3.50,6.40,1.71,2.05,Stadio Comunale Pino Zaccheria
1554566400,Apr 06 2019 - 4:00pm,complete,N/A,Perugia,Benevento,Federico Dionisi,32,1.79,1.29,1.61,1.58,2,4,6,5,2,3,"9,12","7,18,44,73",3,8,1,0,4,0,1,0,1,3,10,12,5,8,5,4,18,16,57,43,1.46,1.53,1.20,1.59,2.39,54,68,47,25,7,25,61,43,82,9.42,5.50,2.45,2.85,3.15,1.38,2.15,4.00,7.00,1.83,1.87,Stadio Renato Curi
1554642000,Apr 07 2019 - 1:00pm,complete,N/A,Cremonese,Lecce,Antonio Di Martino,32,1.73,1.33,1.83,1.28,2,0,2,0,0,0,"67,78","",5,6,2,0,2,1,0,2,2,1,9,6,4,2,5,4,18,6,45,55,1.44,1.45,1.20,0.88,2.40,47,67,40,24,14,27,70,34,77,10.67,4.26,2.95,2.85,2.60,1.43,2.35,4.45,7.75,1.95,1.80,Stadio Giovanni Zini
1554642000,Apr 07 2019 - 1:00pm,complete,N/A,Ascoli,Pescara,Aleandro Di Paolo,32,1.47,1.00,1.56,0.95,2,1,3,2,1,1,"42,84","36",6,2,3,0,0,0,1,2,0,0,14,10,6,5,8,5,14,14,59,41,1.47,1.35,1.76,1.42,2.87,70,83,50,37,17,44,74,47,80,9.60,5.73,2.80,2.95,2.65,1.33,2.00,3.60,7.00,1.77,2.00,Stadio Cino e Lillo Del Duca
1554663600,Apr 07 2019 - 7:00pm,complete,N/A,Cosenza,Crotone,Eugenio Abbattista,32,1.47,0.93,1.61,0.94,1,0,1,1,1,0,"29","",5,7,2,1,3,1,0,3,1,3,11,7,6,2,5,5,15,16,37,63,1.57,1.35,1.54,1.26,2.10,40,70,34,10,10,17,60,43,70,10.17,4.54,2.25,2.80,3.65,1.50,2.50,4.95,8.50,2.10,1.69,Stadio San Vito-Luigi Marulla
1554750000,Apr 08 2019 - 7:00pm,complete,10377,Palermo,Hellas Verona,Antonio Giua,32,1.93,1.33,1.83,1.20,1,0,1,0,0,0,"46","",5,4,3,1,3,0,1,3,0,3,21,8,9,5,12,3,23,13,45,55,1.95,1.37,2.44,1.18,2.52,62,76,55,17,11,28,59,49,80,10.00,5.43,1.91,3.30,4.10,1.27,1.87,3.20,5.50,1.71,2.00,Stadio Renzo Barbera
1555095600,Apr 12 2019 - 7:00pm,complete,5949,Pescara,Perugia,Antonio Rapuano,33,2.20,1.27,2.00,1.11,1,1,2,1,1,0,"29","70",5,7,4,0,1,1,0,4,1,1,9,5,3,3,6,2,18,15,49,51,1.52,1.36,0.98,0.62,2.74,57,77,50,27,20,37,60,47,87,8.33,5.26,2.75,3.05,2.55,1.31,1.95,3.45,6.50,1.74,2.00,Stadio Adriatico-Giovanni Cornacchia
1555160400,Apr 13 2019 - 1:00pm,complete,9360,Lecce,Carpi,Fabio Piscopo,33,2.27,0.73,2.39,0.78,4,1,5,0,0,0,"56,62,64,73","80",7,4,2,1,2,0,1,2,1,1,20,5,12,4,8,1,9,9,73,27,1.62,1.16,2.64,0.91,2.93,64,77,53,37,20,34,70,54,84,9.66,4.80,1.32,4.80,9.00,1.20,1.65,2.60,5.00,1.95,1.77,Stadio Comunale Via del Mare
1555160400,Apr 13 2019 - 1:00pm,complete,5816,Salernitana,Cittadella,Niccolò Baroni,33,1.60,1.13,1.58,1.19,4,2,6,3,1,2,"6,59,62,71","13,19",8,6,3,0,2,0,2,1,2,0,13,11,10,8,3,3,14,13,40,60,1.38,1.54,1.94,1.56,1.80,37,54,24,14,4,17,47,30,70,11.13,5.53,3.05,2.95,2.40,1.36,2.10,3.90,9.00,1.83,1.91,Stadio Arechi
1555160400,Apr 13 2019 - 1:00pm,complete,6570,Crotone,Cremonese,Riccardo Ros,33,1.27,0.64,1.44,0.89,0,0,0,0,0,0,"","",6,5,2,0,3,0,0,2,1,2,7,7,4,5,3,2,19,12,68,32,1.60,1.47,1.18,1.05,2.48,59,87,42,25,7,28,72,45,72,11.67,4.48,2.00,3.10,3.85,1.40,2.25,4.25,9.00,1.95,1.77,Stadio Ezio Scida
1555171200,Apr 13 2019 - 4:00pm,complete,5344,Venezia,Foggia,Gianluca Aureliano,33,1.47,0.73,1.53,0.61,1,0,1,1,1,0,"34","",2,8,3,0,2,0,0,3,1,1,9,24,2,9,7,15,16,10,33,67,1.54,1.14,0.95,2.63,2.27,60,70,34,20,10,34,70,24,80,9.14,5.33,2.50,2.95,2.90,1.38,2.15,4.00,9.00,1.87,1.87,Stadio Pierluigi Penzo
1555246800,Apr 14 2019 - 1:00pm,complete,4993,Spezia,Ascoli,Manuel Volpi,33,1.87,1.00,1.84,0.83,3,2,5,2,0,2,"51,57,80","17,34",4,2,2,0,1,2,0,2,2,1,18,10,10,6,8,4,19,15,62,38,1.89,1.34,2.33,1.24,2.55,55,79,45,21,11,35,76,27,83,9.51,4.09,1.69,3.35,5.45,1.32,2.00,3.50,7.00,1.87,1.83,Stadio Alberto Picco
1555246800,Apr 14 2019 - 1:00pm,complete,7243,Calcio Padova,Cosenza,Marco Serra,33,0.93,0.87,1.06,0.94,0,0,0,0,0,0,"","",3,7,2,0,1,0,0,2,0,1,13,11,6,6,7,5,20,12,44,56,1.42,1.21,1.46,1.62,1.87,40,57,27,17,0,10,54,40,70,9.67,5.67,2.45,2.90,3.10,1.48,2.45,4.80,11.00,2.00,1.74,Stadio Comunale Euganeo
1555268400,Apr 14 2019 - 7:00pm,complete,10861,Benevento,Palermo,Davide Ghersini,33,1.93,1.53,1.74,1.67,1,2,3,1,0,1,"89","42,81",8,4,2,0,5,0,0,2,0,5,20,13,13,7,7,6,21,27,44,56,1.93,1.49,2.46,1.54,2.80,64,84,63,23,10,40,80,47,87,11.20,5.20,2.20,3.05,3.35,1.31,1.95,3.45,7.00,1.74,2.00,Stadio Ciro Vigorito
1555354800,Apr 15 2019 - 7:00pm,complete,5945,Livorno,Brescia,Livio Marinelli,33,1.47,1.40,1.44,1.39,0,1,1,0,0,0,"","89",6,2,2,0,4,0,2,0,3,1,11,10,4,5,7,5,23,16,52,48,1.63,1.56,1.42,1.31,2.70,63,77,47,40,14,44,67,47,73,10.07,5.00,3.65,3.25,2.00,1.27,1.87,3.20,7.00,1.69,2.05,Stadio Armando Picchi
1555938000,Apr 22 2019 - 1:00pm,complete,10482,Hellas Verona,Benevento,Luigi Nasca,34,1.87,1.40,1.81,1.58,0,3,3,1,0,1,"","45'1,47,90'4",10,2,2,0,2,0,1,1,1,1,18,15,6,8,12,7,15,22,60,40,1.56,1.54,2.14,1.70,2.57,63,74,44,33,10,47,67,37,73,10.80,5.54,2.40,3.05,3.00,1.29,1.95,3.35,6.50,1.69,2.05,Stadio Marc'Antonio Bentegodi
1555948800,Apr 22 2019 - 4:00pm,complete,8576,Brescia,Salernitana,Ivano Pezzuto,34,2.40,0.73,2.33,0.58,3,0,3,2,2,0,"3,37,59","",5,8,2,0,1,0,0,2,0,1,11,14,4,6,7,8,14,15,50,50,1.67,1.37,1.27,1.76,2.90,60,74,53,37,20,30,74,47,80,9.20,5.73,1.44,4.15,6.95,1.23,1.74,2.85,5.50,1.87,1.87,Stadio Mario Rigamonti
1555959600,Apr 22 2019 - 7:00pm,complete,4061,Cittadella,Cremonese,Francesco Guccini,34,1.87,0.67,1.75,0.89,1,3,4,2,0,2,"65","3,25,90'3",8,4,4,0,2,0,0,4,0,2,13,11,6,8,7,3,13,18,68,32,1.85,1.44,1.95,1.54,2.70,57,80,47,40,14,37,64,54,74,13.00,5.27,2.00,3.00,4.10,1.39,2.20,4.15,8.00,1.91,1.83,Stadio Pier Cesare Tombolato
1555959600,Apr 22 2019 - 7:00pm,complete,10300,Perugia,Lecce,Juan Luca Sacchi,34,1.67,1.25,1.61,1.28,1,2,3,2,1,1,"44","38,55",10,3,3,0,1,0,2,1,1,0,11,9,6,7,5,2,21,8,54,46,1.44,1.41,1.57,1.29,3.06,65,84,62,33,19,29,81,52,94,10.32,4.64,2.10,3.35,3.30,1.25,1.80,3.05,6.00,1.67,2.10,Stadio Renato Curi
1555959600,Apr 22 2019 - 7:00pm,complete,5797,Foggia,Livorno,Francesco Fourneau,34,1.67,0.53,1.78,0.72,2,2,4,2,2,0,"7,39","68,76",6,5,3,1,5,0,1,3,1,4,13,11,7,6,6,5,13,16,56,44,1.57,1.27,1.57,1.44,2.90,74,87,50,37,13,37,84,47,73,8.20,5.60,1.91,3.20,4.15,1.30,1.95,3.40,8.00,1.77,1.95,Stadio Comunale Pino Zaccheria
1555959600,Apr 22 2019 - 7:00pm,complete,8215,Palermo,Calcio Padova,Lorenzo Illuzzi,34,2.00,0.63,1.83,0.67,1,1,2,2,1,1,"14","15",12,1,3,0,3,0,1,2,2,1,11,10,7,5,4,5,18,14,64,36,1.98,1.21,1.79,1.18,2.74,68,84,58,23,19,33,71,62,81,9.13,5.73,1.49,3.80,6.85,1.29,1.95,3.35,7.50,2.00,1.74,Stadio Renzo Barbera
1555959600,Apr 22 2019 - 7:00pm,complete,5516,Carpi,Pescara,Daniele Minelli,34,0.93,0.94,0.83,0.95,0,0,0,0,0,0,"","",5,6,2,0,3,0,0,2,0,3,12,11,7,6,5,5,19,7,39,61,1.43,1.36,1.59,1.59,2.84,71,87,52,29,17,32,81,46,84,8.91,4.47,3.00,3.15,2.35,1.23,1.74,2.85,5.50,1.57,2.25,Stadio Sandro Cabassi
1555959600,Apr 22 2019 - 7:00pm,complete,5148,Cosenza,Spezia,Fabio Piscopo,34,1.56,1.00,1.61,0.89,1,0,1,0,0,0,"55","",9,5,4,0,2,1,1,3,2,1,21,9,12,5,9,4,20,8,47,53,1.57,1.48,2.59,1.07,2.40,46,68,36,23,17,26,72,32,62,11.60,5.00,2.55,2.75,3.05,1.41,2.25,4.25,8.50,1.87,1.83,Stadio San Vito-Luigi Marulla
1555959600,Apr 22 2019 - 7:00pm,complete,3339,Ascoli,Venezia,Livio Marinelli,34,1.56,0.53,1.56,0.63,1,0,1,1,1,0,"36","",3,3,2,0,3,0,0,2,0,3,11,9,7,4,4,5,11,16,45,55,1.49,1.10,1.50,1.27,2.37,58,68,35,23,13,32,55,39,81,9.59,5.89,2.15,2.85,3.75,1.42,2.25,4.30,9.00,1.91,1.80,Stadio Cino e Lillo Del Duca
1556305200,Apr 26 2019 - 7:00pm,complete,10919,Benevento,Cosenza,Antonio Di Martino,35,1.81,0.88,1.74,0.94,4,2,6,4,2,2,"25,28,54,81","38,44",5,4,2,0,2,0,0,2,0,2,16,9,10,8,6,1,18,14,57,43,1.96,1.24,1.90,1.39,2.53,51,72,50,25,7,22,60,53,88,12.25,5.13,1.87,3.25,4.25,1.33,2.00,3.60,8.00,1.87,1.87,Stadio Ciro Vigorito
1556370000,Apr 27 2019 - 1:00pm,complete,6008,Salernitana,Carpi,Luigi Pillitteri,35,1.69,0.69,1.58,0.78,2,5,7,4,2,2,"18,33","8,31,48,80,90'3",9,1,1,1,1,0,1,1,0,1,8,14,6,8,2,6,13,24,55,45,1.42,1.15,1.31,1.77,2.81,60,72,50,35,19,25,66,44,88,10.38,5.19,1.74,3.40,4.85,1.30,1.95,3.40,6.50,1.83,1.87,Stadio Arechi
1556370000,Apr 27 2019 - 1:00pm,complete,4152,Venezia,Crotone,Antonio Giua,35,1.56,0.88,1.53,0.94,1,4,5,2,1,1,"16","22,48,55,71",7,7,4,1,2,0,1,4,2,0,7,11,5,8,2,3,21,10,36,64,1.50,1.34,1.02,1.70,2.13,50,66,32,10,10,19,69,38,75,9.00,5.19,2.80,2.80,2.75,1.47,2.40,4.70,9.00,2.00,1.74,Stadio Pierluigi Penzo
1556370000,Apr 27 2019 - 1:00pm,complete,9939,Pescara,Hellas Verona,Eugenio Abbattista,35,2.13,1.25,2.00,1.20,1,1,2,1,1,0,"7","71",4,4,4,0,3,0,1,3,0,3,9,15,4,9,5,6,24,17,40,60,1.49,1.36,1.11,2.01,2.47,56,72,44,16,13,25,53,44,85,10.43,5.61,2.50,2.90,3.00,1.30,1.95,3.40,6.50,1.71,2.05,Stadio Adriatico-Giovanni Cornacchia
1556370000,Apr 27 2019 - 1:00pm,complete,6541,Livorno,Palermo,Aleandro Di Paolo,35,1.38,1.63,1.44,1.67,2,2,4,1,0,1,"73,82","41,89",4,3,2,0,1,1,1,1,0,2,8,8,6,6,2,2,9,25,42,58,1.62,1.49,1.26,1.46,2.25,50,69,44,19,6,32,72,38,69,10.19,5.44,2.75,3.10,2.55,1.31,1.95,3.45,6.50,1.74,2.00,Stadio Armando Picchi
1556380800,Apr 27 2019 - 4:00pm,complete,5459,Spezia,Perugia,Valerio Marini,35,1.94,1.25,1.84,1.11,1,1,2,1,1,0,"39","84",4,2,2,0,2,0,0,2,1,1,13,4,6,4,7,0,9,15,49,51,1.91,1.31,1.57,1.01,2.81,63,85,56,31,16,41,78,35,88,8.81,4.31,2.20,3.05,3.35,1.28,1.87,3.20,6.50,1.69,2.05,Stadio Alberto Picco
1556456400,Apr 28 2019 - 1:00pm,complete,3783,Cittadella,Ascoli,Lorenzo Maggioni,35,1.75,0.93,1.75,0.83,2,2,4,2,0,2,"62,65","35,39",6,2,2,0,2,0,1,1,1,1,16,17,9,7,7,10,21,17,52,48,1.85,1.34,1.94,1.88,2.90,58,77,52,38,20,42,71,48,84,10.59,5.46,1.77,3.35,4.70,1.33,2.00,3.60,6.10,1.91,1.83,Stadio Pier Cesare Tombolato
1556456400,Apr 28 2019 - 1:00pm,complete,8610,Cremonese,Foggia,Federico Dionisi,35,1.81,0.69,1.83,0.61,1,0,1,0,0,0,"90'1","",13,3,3,0,3,0,1,2,0,3,13,4,10,0,3,4,19,10,49,51,1.42,1.24,1.95,0.46,1.85,32,57,26,16,3,29,60,16,69,10.32,4.69,2.25,2.95,3.45,1.42,2.30,4.35,8.25,1.95,1.80,Stadio Giovanni Zini
1556478000,Apr 28 2019 - 7:00pm,complete,21860,Lecce,Brescia,Marco Piccinini,35,2.31,1.50,2.39,1.39,1,0,1,0,0,0,"80","",8,3,4,0,2,1,2,2,1,2,11,7,4,3,7,4,14,14,64,36,1.68,1.54,1.54,0.97,3.16,76,88,56,44,22,47,66,60,88,9.56,4.37,2.40,3.00,3.05,1.24,1.77,2.95,5.40,1.59,2.25,Stadio Comunale Via del Mare
1556706600,May 01 2019 - 10:30am,complete,N/A,Palermo,Spezia,Antonio Rapuano,36,1.94,0.94,1.83,0.89,2,2,4,4,2,2,"32,40","30,44",8,2,3,0,1,0,0,3,0,1,12,9,5,5,7,4,16,13,47,53,1.97,1.46,1.64,1.20,2.57,54,69,47,25,16,31,66,44,72,11.38,5.63,1.87,3.20,4.30,1.32,2.00,3.55,7.00,1.83,1.91,Stadio Renzo Barbera
1556715600,May 01 2019 - 1:00pm,complete,N/A,Crotone,Benevento,Juan Luca Sacchi,36,1.25,1.50,1.44,1.58,1,0,1,0,0,0,"47","",5,11,2,1,3,0,2,1,1,2,5,18,3,6,2,12,15,16,37,63,1.57,1.55,0.78,2.05,2.41,53,72,44,25,10,25,63,44,75,9.94,5.44,2.45,3.05,2.95,1.29,1.91,3.30,6.00,1.69,2.05,Stadio Ezio Scida
1556715600,May 01 2019 - 1:00pm,complete,N/A,Perugia,Cittadella,Davide Ghersini,36,1.56,1.06,1.61,1.19,0,0,0,0,0,0,"","",10,4,1,1,2,0,1,1,1,1,11,11,7,2,4,9,17,21,47,53,1.45,1.55,1.51,1.15,2.22,47,63,38,19,10,25,60,35,75,10.82,5.56,2.10,3.25,3.40,1.30,1.95,3.40,6.50,1.77,1.95,Stadio Renato Curi
1556715600,May 01 2019 - 1:00pm,complete,N/A,Carpi,Cremonese,Manuel Volpi,36,0.94,0.81,0.83,0.89,1,2,3,0,0,0,"53","82,87",9,7,0,0,1,0,0,0,0,1,9,9,7,6,2,3,9,13,36,64,1.44,1.45,1.41,1.24,2.47,60,78,41,28,13,29,66,44,72,10.38,4.69,2.85,3.00,2.55,1.33,2.05,3.65,7.50,1.77,1.95,Stadio Sandro Cabassi
1556715600,May 01 2019 - 1:00pm,complete,N/A,Calcio Padova,Lecce,Lorenzo Illuzzi,36,0.94,1.35,1.06,1.28,2,1,3,1,1,0,"3,56","74",4,6,5,0,3,0,2,3,1,2,8,7,5,3,3,4,18,17,37,63,1.42,1.41,1.04,1.19,2.37,55,66,45,24,12,24,69,42,72,9.25,5.10,3.85,3.30,1.95,1.27,1.87,3.20,5.40,1.71,2.00,Stadio Comunale Euganeo
1556715600,May 01 2019 - 1:00pm,complete,9849,Hellas Verona,Livorno,Gianluca Aureliano,36,1.75,0.56,1.81,0.72,2,3,5,3,1,2,"45'2,70","25,42,51",6,5,3,0,4,0,1,2,2,2,9,10,4,4,5,6,13,21,59,41,1.60,1.28,1.37,1.19,2.82,69,88,50,35,10,47,88,44,75,11.31,5.38,1.71,3.40,5.05,1.28,1.91,3.25,6.00,1.80,1.91,Stadio Marc'Antonio Bentegodi
1556715600,May 01 2019 - 1:00pm,complete,N/A,Foggia,Salernitana,Riccardo Ros,36,1.63,0.69,1.78,0.58,3,1,4,2,2,0,"16,19,59","58",6,5,3,0,3,0,1,2,2,1,9,12,7,7,2,5,23,17,54,46,1.57,1.39,1.31,1.61,2.81,66,76,56,41,13,35,75,47,72,8.19,5.81,1.74,3.45,4.65,1.28,1.91,3.25,6.50,1.80,1.95,Stadio Comunale Pino Zaccheria
1556715600,May 01 2019 - 1:00pm,complete,N/A,Cosenza,Venezia,Daniele Minelli,36,1.65,0.50,1.61,0.63,1,1,2,1,1,0,"44","55",5,4,1,0,4,0,0,1,1,3,8,6,2,2,6,4,11,14,43,57,1.63,1.11,1.02,0.66,1.91,43,61,22,9,9,16,55,30,67,10.25,4.69,1.87,3.05,4.80,1.43,2.30,4.40,10.00,2.05,1.71,Stadio San Vito-Luigi Marulla
1556726400,May 01 2019 - 4:00pm,complete,N/A,Brescia,Ascoli,Niccolò Baroni,36,2.44,0.94,2.33,0.83,1,0,1,1,1,0,"36","",7,5,2,0,1,0,0,2,0,1,11,6,3,5,8,1,16,14,41,59,1.64,1.37,1.28,1.03,2.97,60,82,50,28,22,44,78,38,88,8.32,4.88,1.35,4.60,8.50,1.18,1.59,2.50,4.33,1.83,1.87,Stadio Mario Rigamonti
1556974800,May 04 2019 - 1:00pm,complete,11840,Cremonese,Brescia,Luigi Nasca,37,1.88,1.41,1.83,1.39,0,0,0,0,0,0,"","",9,5,0,0,1,0,0,0,0,1,12,4,6,2,6,2,19,12,44,56,1.45,1.51,1.64,0.70,2.30,50,68,33,27,9,36,56,33,80,10.12,4.59,1.83,3.40,4.35,1.29,1.91,3.30,8.50,1.80,1.95,Stadio Giovanni Zini
1556974800,May 04 2019 - 1:00pm,complete,5697,Spezia,Crotone,Livio Marinelli,37,1.88,1.00,1.84,0.94,2,0,2,1,1,0,"25,81","",3,6,1,0,3,0,0,1,3,0,8,8,3,4,5,4,16,20,48,52,1.89,1.36,1.06,1.10,2.50,50,77,47,21,12,27,74,44,82,10.47,4.41,1.71,3.45,5.00,1.33,2.00,3.60,6.50,1.91,1.80,Stadio Alberto Picco
1556974800,May 04 2019 - 1:00pm,complete,6541,Ascoli,Palermo,Francesco Fourneau,37,1.65,1.59,1.56,1.67,1,2,3,0,0,0,"63","60,86",4,3,1,0,4,0,0,1,0,4,4,14,3,6,1,8,20,18,50,50,1.49,1.49,0.76,1.57,2.68,68,80,53,27,12,41,77,44,79,9.41,6.41,4.90,3.50,1.71,1.29,1.91,3.30,6.00,1.83,1.87,Stadio Cino e Lillo Del Duca
1556974800,May 04 2019 - 1:00pm,complete,2919,Venezia,Pescara,Marco Piccinini,37,1.47,0.94,1.53,0.95,2,2,4,2,1,1,"30,90'6","21,75",8,4,2,0,1,0,0,2,0,1,10,12,6,8,4,4,17,9,51,49,1.48,1.37,1.60,1.53,2.56,71,80,41,24,15,35,79,35,76,9.00,4.77,2.35,3.00,3.15,1.32,2.00,3.55,7.00,1.74,2.00,Stadio Pierluigi Penzo
1556985600,May 04 2019 - 4:00pm,complete,4343,Cittadella,Hellas Verona,Ivano Pezzuto,37,1.71,1.24,1.75,1.20,3,0,3,3,3,0,"21,32,41","",12,2,1,0,5,1,0,1,2,4,11,7,6,3,5,4,15,14,55,45,1.86,1.40,1.54,0.91,2.80,62,77,56,36,12,36,65,50,85,11.88,5.81,2.40,3.15,2.95,1.27,1.87,3.20,6.00,1.67,2.10,Stadio Pier Cesare Tombolato
1557061200,May 05 2019 - 1:00pm,complete,6198,Livorno,Carpi,Eugenio Abbattista,37,1.35,0.82,1.44,0.78,1,0,1,0,0,0,"59","",13,5,3,0,4,0,1,2,0,4,20,12,8,6,12,6,14,20,55,45,1.60,1.18,2.33,1.59,2.68,53,65,47,38,18,27,65,44,74,9.82,5.35,1.54,3.85,5.90,1.21,1.69,2.75,5.00,1.74,2.00,Stadio Armando Picchi
1557061200,May 05 2019 - 1:00pm,complete,9738,Benevento,Calcio Padova,Lorenzo Maggioni,37,1.88,0.65,1.74,0.67,3,3,6,2,1,1,"10,80,90'4","1,57,90'2",10,5,1,0,2,0,1,0,1,1,19,12,10,7,9,5,13,12,65,35,1.96,1.21,2.36,1.50,3.09,71,88,68,30,21,41,82,59,85,10.53,5.35,1.65,3.75,5.10,1.25,1.80,3.00,5.00,1.80,1.95,Stadio Ciro Vigorito
1557082800,May 05 2019 - 7:00pm,complete,7971,Salernitana,Cosenza,Francesco Guccini,37,1.59,0.82,1.58,0.94,1,2,3,1,0,1,"63","44,90",0,6,0,0,1,0,0,0,0,1,9,15,6,7,3,8,13,14,44,56,1.41,1.25,1.55,1.82,2.53,47,68,38,27,12,21,56,47,85,11.53,4.95,1.57,3.75,5.80,1.34,2.05,3.75,7.00,2.05,1.69,Stadio Arechi
1557169200,May 06 2019 - 7:00pm,complete,11301,Foggia,Perugia,Aleandro Di Paolo,37,1.71,1.24,1.78,1.11,1,0,1,0,0,0,"75","",4,4,0,1,2,0,0,1,0,2,9,8,4,3,5,5,8,10,43,57,1.56,1.29,1.16,1.02,2.94,74,85,56,38,15,44,79,41,82,6.76,5.23,2.00,3.25,3.65,1.27,1.87,3.20,4.95,1.69,2.05,Stadio Comunale Pino Zaccheria
1557579600,May 11 2019 - 1:00pm,complete,10565,Crotone,Ascoli,Fabio Piscopo,38,1.35,0.88,1.44,0.83,3,0,3,1,1,0,"40,48,57","",5,6,0,0,0,0,0,0,0,0,9,11,6,5,3,6,12,11,62,38,1.53,1.35,1.31,1.26,2.44,53,74,41,21,12,30,74,35,76,9.12,4.58,1.50,3.65,7.25,1.31,1.95,3.45,6.50,2.00,1.71,Stadio Ezio Scida
1557579600,May 11 2019 - 1:00pm,complete,14000,Brescia,Benevento,Luigi Pillitteri,38,2.47,1.41,2.33,1.58,2,3,5,4,2,2,"4,30","9,36,52",6,4,1,0,0,0,1,0,0,0,10,11,4,9,6,2,14,17,52,48,1.62,1.58,1.37,1.57,2.74,53,71,47,29,18,35,65,41,82,9.71,5.65,1.83,3.45,4.10,1.24,1.77,2.90,3.62,1.67,2.10,Stadio Mario Rigamonti
1557579600,May 11 2019 - 1:00pm,complete,28351,Palermo,Cittadella,Juan Luca Sacchi,38,1.88,1.06,1.83,1.19,2,2,4,2,2,0,"21,23","65,82",9,5,0,0,1,0,0,0,0,1,13,12,10,6,3,6,14,19,46,54,1.95,1.52,1.78,1.49,2.00,47,59,33,18,9,27,47,41,62,10.94,6.00,1.62,3.50,5.70,1.27,1.87,3.20,4.10,1.83,1.91,Stadio Renzo Barbera
1557579600,May 11 2019 - 1:00pm,complete,7632,Perugia,Cremonese,Antonio Giua,38,1.53,0.94,1.61,0.89,3,1,4,2,1,1,"5,86,90'3","44",6,0,2,0,1,0,2,0,1,0,13,9,8,5,5,4,10,11,64,36,1.46,1.44,1.79,1.09,2.56,59,79,50,27,9,32,68,41,77,11.59,4.42,2.20,3.10,3.40,1.29,1.91,3.30,6.25,1.71,2.00,Stadio Renato Curi
1557579600,May 11 2019 - 1:00pm,complete,14517,Hellas Verona,Foggia,Davide Ghersini,38,1.65,0.65,1.81,0.61,2,1,3,0,0,0,"66,81","53",1,6,2,1,3,0,2,1,1,2,10,9,8,6,2,3,18,15,48,52,1.58,1.19,1.47,1.34,2.50,56,74,44,30,9,47,77,30,76,11.29,5.05,2.15,3.05,3.45,1.28,1.91,3.25,6.00,1.69,2.05,Stadio Marc'Antonio Bentegodi
1557579600,May 11 2019 - 1:00pm,complete,7102,Calcio Padova,Livorno,Antonio Rapuano,38,1.06,0.71,1.06,0.72,1,1,2,1,0,1,"66","32",3,8,2,0,0,0,1,1,0,0,11,11,4,5,7,6,15,16,52,48,1.40,1.28,1.25,1.59,2.30,56,68,41,27,9,27,74,41,65,8.88,6.06,6.15,3.70,1.56,1.29,1.91,3.30,5.45,1.95,1.77,Stadio Comunale Euganeo
1557579600,May 11 2019 - 1:00pm,complete,9099,Pescara,Salernitana,Luigi Nasca,38,2.06,0.65,2.00,0.58,2,0,2,0,0,0,"78,90","",5,2,1,0,1,0,0,1,0,1,9,6,7,2,2,4,12,17,65,35,1.47,1.40,1.40,0.74,2.59,56,71,47,30,15,27,62,50,80,10.00,5.94,2.20,3.20,3.20,1.26,1.83,3.15,4.95,1.69,2.10,Stadio Adriatico-Giovanni Cornacchia
1557579600,May 11 2019 - 1:00pm,complete,25135,Lecce,Spezia,Gianluca Aureliano,38,2.35,0.94,2.39,0.89,2,1,3,2,2,0,"9,27","83",6,9,1,0,1,0,1,0,0,1,9,11,6,5,3,6,8,14,38,62,1.67,1.44,1.23,1.49,2.85,53,71,50,35,21,35,68,44,74,11.12,4.70,1.61,3.55,5.85,1.26,1.83,3.15,4.75,1.83,1.91,Stadio Comunale Via del Mare
1557579600,May 11 2019 - 1:00pm,complete,1906,Carpi,Venezia,Lorenzo Illuzzi,38,0.88,0.53,0.83,0.63,2,3,5,1,1,0,"16,47","64,89,90'2",4,14,2,1,7,0,1,2,1,6,8,15,4,7,4,8,10,17,36,64,1.44,1.09,1.00,1.91,2.24,56,68,33,15,12,15,59,38,79,9.17,4.76,5.30,3.30,1.71,1.35,2.10,3.80,8.00,1.95,1.80,Stadio Sandro Cabassi
1558119600,May 17 2019 - 7:00pm,complete,7442,Spezia,Cittadella,Ivano Pezzuto,N/A,1.42,1.42,1.38,1.46,1,2,3,1,0,1,"52","22,66",10,7,1,0,3,0,0,1,3,0,17,9,6,6,11,3,8,14,57,43,1.85,1.52,1.69,1.22,2.59,52,71,46,34,13,36,69,41,74,12.00,5.22,2.10,3.15,3.60,1.38,2.20,4.10,6.75,1.91,1.80,Stadio Alberto Picco
1558206000,May 18 2019 - 7:00pm,complete,10234,Hellas Verona,Perugia,Ivano Pezzuto,N/A,1.44,1.39,1.51,1.35,4,1,5,1,1,0,"41,101,118,120'1","89",11,3,3,0,4,1,2,1,2,3,15,10,11,5,4,5,16,26,49,51,1.58,1.28,2.06,1.32,2.68,63,80,55,25,11,39,74,35,84,9.85,4.89,2.20,3.15,3.25,1.31,1.95,3.45,5.95,1.74,2.00,Stadio Marc'Antonio Bentegodi
1558465200,May 21 2019 - 7:00pm,complete,6250,Cittadella,Benevento,Davide Ghersini,N/A,1.46,1.67,1.46,1.66,1,2,3,1,1,0,"10","76,83",1,6,1,1,2,1,1,1,0,3,9,18,6,6,3,12,17,15,33,67,1.84,1.58,1.13,1.89,2.69,54,69,52,36,15,37,61,51,78,12.04,5.64,2.60,2.90,2.70,1.38,2.21,3.54,6.20,1.84,1.90,Stadio Pier Cesare Tombolato
1558551600,May 22 2019 - 7:00pm,complete,11398,Hellas Verona,Pescara,Livio Marinelli,N/A,1.49,1.53,1.51,1.47,0,0,0,0,0,0,"","",13,7,2,0,2,0,1,1,1,1,13,17,10,8,3,9,20,7,53,47,1.60,1.38,1.94,1.95,2.69,65,82,49,25,13,37,70,44,81,10.58,4.96,1.99,2.98,4.02,1.36,2.33,4.10,7.90,1.96,1.79,Stadio Marc'Antonio Bentegodi
1558810800,May 25 2019 - 7:00pm,complete,10669,Benevento,Cittadella,Juan Luca Sacchi,N/A,1.70,1.42,1.66,1.46,0,3,3,2,0,2,"","35,44,54",10,3,2,0,5,0,0,2,2,3,11,13,8,9,3,4,16,23,54,46,1.98,1.50,1.69,1.74,2.70,55,70,54,35,15,36,62,52,79,11.91,5.65,2.00,3.30,3.65,1.24,1.77,2.90,5.10,1.62,2.15,Stadio Ciro Vigorito
1558897200,May 26 2019 - 7:00pm,complete,11165,Pescara,Hellas Verona,Eugenio Abbattista,N/A,1.51,1.47,1.47,1.51,0,1,1,0,0,0,"","74",4,5,3,1,3,0,0,4,1,2,9,10,5,4,4,6,17,15,46,54,1.46,1.37,1.21,1.20,2.61,63,80,48,24,13,36,68,43,79,10.84,4.93,2.20,3.20,3.25,1.25,1.80,3.05,5.35,1.65,2.15,Stadio Adriatico-Giovanni Cornacchia
1559242800,May 30 2019 - 7:00pm,complete,7623,Cittadella,Hellas Verona,Antonio Giua,N/A,1.46,1.51,1.46,1.51,2,0,2,1,1,0,"6,80","",5,11,0,0,2,0,0,0,0,2,12,10,5,5,7,5,11,19,36,64,1.80,1.36,1.34,1.48,2.53,56,72,49,28,10,37,64,44,75,11.92,5.59,2.33,3.22,3.35,1.37,2.11,4.05,8.00,1.87,1.83,Stadio Pier Cesare Tombolato (Cittadella)
1559502900,Jun 02 2019 - 7:15pm,complete,25248,Hellas Verona,Cittadella,Marco Piccinini,N/A,1.48,1.50,1.51,1.46,3,0,3,1,1,0,"27,69,83","",6,2,4,0,3,2,2,2,2,3,9,6,8,0,1,6,16,16,61,39,1.62,1.52,1.76,0.91,2.52,54,73,48,28,10,37,65,43,76,12.03,5.50,1.55,3.25,6.50,1.27,1.86,2.90,4.90,1.80,2.00,Stadio Marc'Antonio Bentegodi (Verona)
1559760300,Jun 05 2019 - 6:45pm,complete,12722,Salernitana,Venezia,Aleandro Di Paolo,N/A,1.06,1.06,1.08,1.08,2,1,3,2,2,0,"14,25","90'1",1,7,1,0,2,0,0,1,0,2,4,14,3,6,1,8,13,11,40,60,1.42,1.13,0.75,1.78,2.49,57,68,41,25,14,25,67,40,80,9.89,5.22,2.05,2.90,3.90,1.48,2.88,5.40,10.25,2.20,1.62,Stadio Arechi (Salerno)
1560096000,Jun 09 2019 - 4:00pm,complete,4414,Venezia,Salernitana,Gianluca Aureliano,N/A,1.03,1.11,1.08,1.08,1,0,1,1,1,0,"41","",5,2,3,0,0,1,1,2,1,0,14,9,7,2,7,7,27,19,54,46,1.48,1.37,2.16,1.10,2.50,58,69,42,24,14,27,68,39,80,9.83,5.17,1.93,3.40,4.38,1.32,2.26,3.90,7.30,1.91,1.80,Stadio Pierluigi Penzo (Venezia)
