timestamp,date_GMT,status,attendance,home_team_name,away_team_name,referee,Game Week,Pre-Match PPG (Home),Pre-Match PPG (Away),home_ppg,away_ppg,home_team_goal_count,away_team_goal_count,total_goal_count,total_goals_at_half_time,home_team_goal_count_half_time,away_team_goal_count_half_time,home_team_goal_timings,away_team_goal_timings,home_team_corner_count,away_team_corner_count,home_team_yellow_cards,home_team_red_cards,away_team_yellow_cards,away_team_red_cards,home_team_first_half_cards,home_team_second_half_cards,away_team_first_half_cards,away_team_second_half_cards,home_team_shots,away_team_shots,home_team_shots_on_target,away_team_shots_on_target,home_team_shots_off_target,away_team_shots_off_target,home_team_fouls,away_team_fouls,home_team_possession,away_team_possession,Home Team Pre-Match xG,Away Team Pre-Match xG,team_a_xg,team_b_xg,average_goals_per_match_pre_match,btts_percentage_pre_match,over_15_percentage_pre_match,over_25_percentage_pre_match,over_35_percentage_pre_match,over_45_percentage_pre_match,over_15_HT_FHG_percentage_pre_match,over_05_HT_FHG_percentage_pre_match,over_15_2HG_percentage_pre_match,over_05_2HG_percentage_pre_match,average_corners_per_match_pre_match,average_cards_per_match_pre_match,odds_ft_home_team_win,odds_ft_draw,odds_ft_away_team_win,odds_ft_over15,odds_ft_over25,odds_ft_over35,odds_ft_over45,odds_btts_yes,odds_btts_no,stadium_name
1441477800,Sep 05 2015 - 6:30pm,complete,12137,Cesena,Brescia,N/A,1,0.00,0.00,2.27,0.67,2,0,2,2,2,0,"2,6","",5,3,5,0,2,0,1,4,1,1,15,36,9,17,6,19,17,19,41,59,0.00,0.00,0.00,0.00,0.00,0,0,0,0,0,0,0,0,0,0.00,0.00,1.83,3.29,5.62,0.00,0.00,0.00,0.00,0.00,0.00,Orogel Stadium-Dino Manuzzi
1441544400,Sep 06 2015 - 1:00pm,complete,5858,Livorno,Pescara,N/A,1,0.00,0.00,1.33,1.39,4,0,4,3,3,0,"7,33,41,53","",4,1,2,0,2,1,1,1,3,0,5,3,0,0,5,3,20,14,64,36,0.00,0.00,0.00,0.00,0.00,0,0,0,0,0,0,0,0,0,0.00,0.00,2.39,2.98,3.62,0.00,0.00,0.00,0.00,0.00,0.00,Stadio Armando Picchi
1441544400,Sep 06 2015 - 1:00pm,complete,5312,Modena,Vicenza,N/A,1,0.00,0.00,1.62,1.14,0,1,1,0,0,0,"","63",8,3,2,1,2,0,0,3,1,1,12,8,4,2,8,6,20,17,46,54,0.00,0.00,0.00,0.00,0.00,0,0,0,0,0,0,0,0,0,0.00,0.00,2.86,2.92,2.96,0.00,0.00,0.00,0.00,0.00,0.00,Stadio Alberto Braglia
1441544400,Sep 06 2015 - 1:00pm,complete,4335,Novara,Latina,N/A,1,0.00,0.00,1.86,0.71,1,1,2,1,1,0,"28","90'4",4,4,3,1,2,1,2,2,2,1,6,10,4,5,2,5,17,23,52,48,0.00,0.00,0.00,0.00,0.00,0,0,0,0,0,0,0,0,0,0.00,0.00,2.48,2.94,3.49,0.00,0.00,0.00,0.00,0.00,0.00,Stadio Comunale Silvio Piola
1441544400,Sep 06 2015 - 1:00pm,complete,9954,Perugia,Como,N/A,1,0.00,0.00,1.48,0.67,2,0,2,1,1,0,"45,73","",1,7,1,0,3,0,0,1,1,2,4,8,3,2,1,6,15,22,54,46,0.00,0.00,0.00,0.00,0.00,0,0,0,0,0,0,0,0,0,0.00,0.00,1.78,3.31,6.05,0.00,0.00,0.00,0.00,0.00,0.00,Stadio Renato Curi
1441544400,Sep 06 2015 - 1:00pm,complete,2776,Pro Vercelli,Virtus Lanciano,N/A,1,0.00,0.00,1.29,0.59,2,1,3,1,1,0,"42,79","56",5,2,3,0,2,1,2,1,1,2,9,7,4,5,5,2,17,16,50,50,0.00,0.00,0.00,0.00,0.00,0,0,0,0,0,0,0,0,0,0.00,0.00,2.52,2.93,3.43,0.00,0.00,0.00,0.00,0.00,0.00,Stadio Silvio Piola
1441544400,Sep 06 2015 - 1:00pm,complete,22140,Salernitana,Avellino,N/A,1,0.00,0.00,1.55,0.95,3,1,4,2,1,1,"12,56,90'5","15",5,8,4,0,2,0,1,3,1,1,13,18,6,7,7,11,8,16,50,50,0.00,0.00,0.00,0.00,0.00,0,0,0,0,0,0,0,0,0,0.00,0.00,2.76,2.93,3.06,0.00,0.00,0.00,0.00,0.00,0.00,Stadio Arechi
1441544400,Sep 06 2015 - 1:00pm,complete,4755,Trapani,Ternana,N/A,1,0.00,0.00,1.91,1.00,3,0,3,1,1,0,"19,50,52","",1,9,4,0,2,0,0,4,1,1,8,7,2,3,6,4,13,17,58,42,0.00,0.00,0.00,0.00,0.00,0,0,0,0,0,0,0,0,0,0.00,0.00,2.09,3.10,4.38,0.00,0.00,0.00,0.00,0.00,0.00,Stadio Polisportivo Provinciale
1441553400,Sep 06 2015 - 3:30pm,complete,21790,Bari 1908,Spezia,N/A,1,0.00,0.00,1.77,1.39,4,3,7,4,2,2,"19,22,57,78","33,41,51",3,7,1,1,3,0,2,0,1,2,8,8,3,3,5,5,12,12,39,61,0.00,0.00,0.00,0.00,0.00,0,0,0,0,0,0,0,0,0,0.00,0.00,2.18,3.02,4.14,0.00,0.00,0.00,0.00,0.00,0.00,Stadio Comunale San Nicola
1441650600,Sep 07 2015 - 6:30pm,complete,13646,Cagliari,Crotone,N/A,1,0.00,0.00,2.29,1.52,4,0,4,1,1,0,"27,61,67,78","",5,4,2,0,2,1,0,2,1,2,13,4,3,0,10,4,14,13,49,51,0.00,0.00,0.00,0.00,0.00,0,0,0,0,0,0,0,0,0,0.00,0.00,1.66,3.59,6.77,0.00,0.00,0.00,0.00,0.00,0.00,Stadio Sant'Elia (Cagliari)
1441996200,Sep 11 2015 - 6:30pm,complete,8189,Pescara,Perugia,N/A,2,0.00,0.00,2.17,1.14,2,1,3,1,1,0,"30,76","90'1",4,3,4,0,4,0,0,4,2,2,9,5,3,3,6,2,17,12,47,53,0.00,0.00,0.00,0.00,0.00,0,0,0,0,0,0,0,0,0,0.00,0.00,2.53,3.13,3.17,0.00,0.00,0.00,0.00,0.00,0.00,Stadio Adriatico-Giovanni Cornacchia
1442062800,Sep 12 2015 - 1:00pm,complete,6500,Avellino,Modena,N/A,2,0.00,0.00,1.38,0.38,2,0,2,0,0,0,"77,84","",8,7,2,0,1,0,1,1,1,0,10,10,6,8,4,2,11,14,44,56,0.00,0.00,0.00,0.00,0.00,0,0,0,0,0,0,0,0,0,0.00,0.00,2.01,3.24,4.47,0.00,0.00,0.00,0.00,0.00,0.00,Stadio Partenio-Adriano Lombardi
1442062800,Sep 12 2015 - 1:00pm,complete,6500,Brescia,Salernitana,N/A,2,0.00,0.00,1.90,0.77,2,2,4,1,0,1,"56,79","44,84",4,5,2,0,2,1,0,2,1,2,12,8,6,3,6,5,6,16,56,44,0.00,0.00,0.00,0.00,0.00,0,0,0,0,0,0,0,0,0,0.00,0.00,2.76,3.14,2.86,0.00,0.00,0.00,0.00,0.00,0.00,Stadio Mario Rigamonti
1442062800,Sep 12 2015 - 1:00pm,complete,2016,Como,Livorno,N/A,2,0.00,0.00,0.90,0.67,1,2,3,2,1,1,"13","42,66",7,2,3,1,2,0,0,4,1,1,7,5,5,2,2,3,19,27,51,49,0.00,0.00,0.00,0.00,0.00,0,0,0,0,0,0,0,0,0,0.00,0.00,3.15,3.15,2.53,0.00,0.00,0.00,0.00,0.00,0.00,Stadio Comunale Silvio Piola
1442062800,Sep 12 2015 - 1:00pm,complete,4052,Crotone,Novara,N/A,2,0.00,0.00,2.38,1.26,2,1,3,1,0,1,"88,90'2","34",6,5,2,0,3,0,0,2,0,3,6,12,3,5,3,7,14,19,55,45,0.00,0.00,0.00,0.00,0.00,0,0,0,0,0,0,0,0,0,0.00,0.00,2.53,3.11,3.19,0.00,0.00,0.00,0.00,0.00,0.00,Stadio Ezio Scida
1442062800,Sep 12 2015 - 1:00pm,complete,4988,Ternana,Cagliari,N/A,2,0.00,0.00,1.52,1.67,1,1,2,1,0,1,"90'5","40",7,4,3,0,4,0,1,2,3,1,15,10,11,5,4,5,15,13,51,49,0.00,0.00,0.00,0.00,0.00,0,0,0,0,0,0,0,0,0,0.00,0.00,4.25,3.23,2.06,0.00,0.00,0.00,0.00,0.00,0.00,Stadio Libero Liberati
1442062800,Sep 12 2015 - 1:00pm,complete,7747,Vicenza,Bari 1908,N/A,2,0.00,0.00,1.19,1.38,0,0,0,0,0,0,"","",8,4,1,0,5,1,1,0,3,3,14,2,8,0,6,2,17,15,59,41,0.00,0.00,0.00,0.00,0.00,0,0,0,0,0,0,0,0,0,0.00,0.00,2.41,3.13,3.38,0.00,0.00,0.00,0.00,0.00,0.00,Stadio Romeo Menti
1442062800,Sep 12 2015 - 1:00pm,complete,3610,Virtus Lanciano,Ascoli,N/A,2,0.00,0.00,1.59,0.76,2,0,2,1,1,0,"43,72","",6,2,2,0,4,1,0,2,2,3,11,7,5,3,6,4,14,15,49,51,0.00,0.00,0.00,0.00,0.00,0,0,0,0,0,0,0,0,0,0.00,0.00,1.99,3.27,4.61,0.00,0.00,0.00,0.00,0.00,0.00,Stadio Comunale Guido Biondi
1442062800,Sep 12 2015 - 1:00pm,complete,1853,Virtus Entella,Cesena,N/A,2,0.00,0.00,2.05,0.86,2,1,3,2,1,1,"45'1,50","16",5,5,3,0,3,1,2,1,1,3,6,5,3,3,3,2,18,14,59,41,0.00,0.00,0.00,0.00,0.00,0,0,0,0,0,0,0,0,0,0.00,0.00,3.61,3.15,2.32,0.00,0.00,0.00,0.00,0.00,0.00,Stadio Comunale Chiavari
1442158200,Sep 13 2015 - 3:30pm,complete,7048,Spezia,Pro Vercelli,N/A,2,0.00,0.00,1.68,0.90,1,1,2,2,1,1,"18","45'1",7,1,1,0,3,0,0,1,1,2,10,7,5,2,5,5,14,16,61,39,0.00,0.00,0.00,0.00,0.00,0,0,0,0,0,0,0,0,0,0.00,0.00,1.80,3.45,5.43,0.00,0.00,0.00,0.00,0.00,0.00,Stadio Alberto Picco
1442255400,Sep 14 2015 - 6:30pm,complete,3544,Latina,Trapani,N/A,2,0.00,0.00,1.48,1.57,1,1,2,0,0,0,"48","47",8,3,2,0,4,1,2,0,3,2,15,5,8,3,7,2,12,16,54,46,0.00,0.00,0.00,0.00,0.00,0,0,0,0,0,0,0,0,0,0.00,0.00,2.45,3.13,3.30,0.00,0.00,0.00,0.00,0.00,0.00,Stadio Comunale Domenico Francioni
1442332800,Sep 15 2015 - 4:00pm,complete,6350,Ascoli,Virtus Entella,N/A,1,0.00,0.00,1.48,1.00,1,0,1,1,1,0,"4","",4,3,3,0,2,0,0,3,1,1,10,11,5,4,5,7,18,19,49,51,0.00,0.00,0.00,0.00,0.00,0,0,0,0,0,0,0,0,0,0.00,0.00,2.39,3.17,3.43,0.00,0.00,0.00,0.00,0.00,0.00,Stadio Cino e Lillo Del Duca
1442595600,Sep 18 2015 - 5:00pm,complete,4162,Modena,Ternana,N/A,3,0.00,0.00,1.62,1.00,1,0,1,0,0,0,"86","",3,1,3,1,4,1,1,3,0,5,8,8,4,4,4,4,19,26,54,46,0.00,0.00,0.00,0.00,2.00,0,50,50,0,0,0,50,50,100,17.00,5.00,2.26,3.04,3.85,0.00,0.00,0.00,0.00,0.00,0.00,Stadio Alberto Braglia
1442602800,Sep 18 2015 - 7:00pm,complete,6755,Livorno,Brescia,N/A,3,3.00,0.00,1.33,0.67,3,1,4,2,1,1,"32,68,73","16",6,5,0,0,5,0,0,0,0,5,10,7,6,2,4,5,18,18,55,45,0.00,0.00,0.00,0.00,3.00,0,100,50,50,0,100,100,0,50,7.00,4.00,1.85,3.35,5.25,0.00,0.00,0.00,0.00,0.00,0.00,Stadio Armando Picchi
1442667600,Sep 19 2015 - 1:00pm,complete,20177,Bari 1908,Pescara,N/A,3,3.00,0.00,1.77,1.39,0,0,0,0,0,0,"","",3,6,3,0,1,0,3,0,0,1,14,18,7,9,7,9,14,14,43,57,0.00,0.00,0.00,0.00,5.50,50,100,100,100,50,100,100,50,100,4.00,7.00,2.17,3.13,3.98,0.00,0.00,0.00,0.00,0.00,0.00,Stadio Comunale San Nicola
1442667600,Sep 19 2015 - 1:00pm,complete,11000,Cagliari,Avellino,N/A,3,3.00,0.00,2.29,0.95,2,1,3,1,1,0,"29,53","84",7,8,2,0,3,0,1,1,1,2,9,9,5,3,4,6,11,18,53,47,0.00,0.00,0.00,0.00,4.00,50,100,100,100,0,50,100,100,100,13.00,4.00,1.87,3.35,5.04,0.00,0.00,0.00,0.00,0.00,0.00,Stadio Sant'Elia (Cagliari)
1442667600,Sep 19 2015 - 1:00pm,complete,9039,Perugia,Crotone,N/A,3,3.00,0.00,1.48,1.52,0,0,0,0,0,0,"","",8,1,3,0,6,1,0,3,4,3,7,4,3,2,4,2,22,27,62,38,0.00,0.00,0.00,0.00,3.00,0,100,50,50,0,0,100,50,100,5.00,4.00,1.89,3.33,4.95,0.00,0.00,0.00,0.00,0.00,0.00,Stadio Renato Curi
1442667600,Sep 19 2015 - 1:00pm,complete,2573,Pro Vercelli,Latina,N/A,3,3.00,1.00,1.29,0.71,1,1,2,1,0,1,"90'3","29",7,2,3,0,3,0,1,2,2,1,9,7,2,3,7,4,21,16,52,48,0.00,0.00,0.00,0.00,2.50,100,100,50,0,0,0,100,50,100,9.00,7.00,2.72,2.99,3.04,0.00,0.00,0.00,0.00,0.00,0.00,Stadio Silvio Piola
1442667600,Sep 19 2015 - 1:00pm,complete,12070,Salernitana,Spezia,N/A,3,3.00,0.00,1.55,1.39,0,2,2,1,0,1,"","15,84",2,2,2,0,4,0,2,0,2,2,8,9,6,4,2,5,20,17,56,44,0.00,0.00,0.00,0.00,5.50,100,100,100,100,50,100,100,100,100,12.00,7.00,2.14,3.08,3.37,0.00,0.00,0.00,0.00,0.00,0.00,Stadio Arechi
1442667600,Sep 19 2015 - 1:00pm,complete,4225,Trapani,Virtus Lanciano,N/A,3,3.00,0.00,1.91,0.59,1,1,2,1,1,0,"39","81",4,5,3,0,1,0,2,1,1,0,8,12,3,5,5,7,11,14,50,50,0.00,0.00,0.00,0.00,3.00,50,100,100,0,0,0,100,100,100,3.00,7.00,2.13,3.12,4.15,0.00,0.00,0.00,0.00,0.00,0.00,Stadio Polisportivo Provinciale
1442667600,Sep 19 2015 - 1:00pm,complete,7042,Vicenza,Como,N/A,3,1.00,0.00,1.19,0.67,3,3,6,4,2,2,"9,24,83","1,15,85",7,5,4,0,5,1,1,3,3,3,8,5,5,2,3,3,17,15,53,47,0.00,0.00,0.00,0.00,1.00,0,50,0,0,0,0,50,0,50,15.00,4.00,1.82,3.32,5.55,0.00,0.00,0.00,0.00,0.00,0.00,Stadio Romeo Menti
1442667600,Sep 19 2015 - 1:00pm,complete,7102,Ascoli,Cesena,N/A,3,3.00,0.00,1.48,0.86,1,3,4,0,0,0,"90'3","59,69,80",3,6,4,0,3,0,2,2,2,1,10,10,5,4,5,6,20,18,43,57,0.00,0.00,0.00,0.00,2.00,50,50,50,0,0,50,100,0,50,9.00,8.00,2.93,2.97,2.83,0.00,0.00,0.00,0.00,0.00,0.00,Stadio Cino e Lillo Del Duca
1442667600,Sep 19 2015 - 1:00pm,complete,3998,Novara,Virtus Entella,N/A,3,1.00,0.00,1.86,1.00,1,0,1,0,0,0,"60","",8,5,3,0,2,0,0,3,1,1,17,13,8,6,9,7,21,18,48,52,0.00,0.00,0.00,0.00,1.50,50,50,0,0,0,0,100,0,50,7.00,7.00,2.02,3.16,4.55,0.00,0.00,0.00,0.00,0.00,0.00,Stadio Comunale Silvio Piola
1442860200,Sep 21 2015 - 6:30pm,complete,4412,Ternana,Livorno,N/A,4,1.00,3.00,1.52,0.67,2,3,5,3,2,1,"5,31","39,47,86",7,7,3,0,2,0,2,1,1,1,7,10,2,5,5,5,17,9,43,57,0.00,0.00,0.00,0.00,2.50,100,100,50,0,0,50,100,0,100,9.00,5.00,3.45,3.09,2.43,0.00,0.00,0.00,0.00,0.00,0.00,Stadio Libero Liberati
1442946600,Sep 22 2015 - 6:30pm,complete,7000,Avellino,Novara,N/A,4,3.00,0.00,1.38,1.26,0,0,0,0,0,0,"","",12,4,1,0,3,0,0,1,1,2,15,12,10,9,5,3,14,19,56,44,0.00,0.00,0.00,0.00,2.50,50,100,50,0,0,0,50,100,100,13.00,5.00,2.34,3.10,3.63,0.00,0.00,0.00,0.00,0.00,0.00,Stadio Partenio-Adriano Lombardi
1442946600,Sep 22 2015 - 6:30pm,complete,5055,Brescia,Pro Vercelli,N/A,4,1.00,1.00,1.90,0.90,2,0,2,1,1,0,"2,60","",3,5,1,0,2,0,0,1,2,0,7,11,6,6,1,5,11,8,50,50,0.00,0.00,0.00,0.00,3.00,100,100,50,50,0,50,100,50,50,5.00,5.00,2.45,3.11,3.38,0.00,0.00,0.00,0.00,0.00,0.00,Stadio Mario Rigamonti
1442946600,Sep 22 2015 - 6:30pm,complete,12217,Cesena,Modena,N/A,4,3.00,0.00,2.27,0.38,2,0,2,1,1,0,"17,69","",6,6,2,0,1,0,1,1,0,1,19,31,8,16,11,15,16,15,48,52,0.00,0.00,0.00,0.00,2.00,0,100,0,0,0,50,50,50,50,12.00,6.00,1.90,3.30,5.10,0.00,0.00,0.00,0.00,0.00,0.00,Orogel Stadium-Dino Manuzzi
1442946600,Sep 22 2015 - 6:30pm,complete,1816,Como,Trapani,N/A,4,0.00,1.00,0.90,1.57,0,0,0,0,0,0,"","",4,4,2,0,3,0,2,0,0,3,5,9,4,3,1,6,26,16,44,56,0.00,0.00,0.00,0.00,2.50,100,100,50,0,0,50,50,50,100,10.00,10.00,2.60,3.05,3.20,0.00,0.00,0.00,0.00,0.00,0.00,Stadio Giuseppe Sinigaglia
1442946600,Sep 22 2015 - 6:30pm,complete,5261,Crotone,Bari 1908,N/A,4,3.00,1.00,2.38,1.38,4,1,5,3,2,1,"2,21,60,75","26",5,1,3,0,4,1,1,2,1,4,10,11,5,4,5,7,20,15,55,45,0.00,0.00,0.00,0.00,1.50,50,50,50,0,0,0,50,50,50,10.00,8.00,3.11,3.04,2.67,0.00,0.00,0.00,0.00,0.00,0.00,Stadio Ezio Scida
1442946600,Sep 22 2015 - 6:30pm,complete,8355,Pescara,Salernitana,N/A,4,3.00,1.00,2.17,0.77,1,1,2,1,1,0,"19","60",7,3,2,0,4,1,1,1,3,2,16,8,7,3,9,5,12,17,59,41,0.00,0.00,0.00,0.00,3.50,100,100,100,50,0,0,100,100,100,9.00,7.00,2.17,3.19,3.98,0.00,0.00,0.00,0.00,0.00,0.00,Stadio Adriatico-Giovanni Cornacchia
1442946600,Sep 22 2015 - 6:30pm,complete,7362,Spezia,Perugia,N/A,4,1.00,0.00,1.68,1.14,1,0,1,1,1,0,"36","",10,6,0,0,3,0,0,0,1,2,6,11,2,3,4,8,8,12,59,41,0.00,0.00,0.00,0.00,2.50,100,100,50,0,0,50,100,50,50,10.00,5.00,2.26,3.13,3.80,0.00,0.00,0.00,0.00,0.00,0.00,Stadio Alberto Picco
1442946600,Sep 22 2015 - 6:30pm,complete,2665,Virtus Lanciano,Vicenza,N/A,4,3.00,3.00,1.59,1.14,0,0,0,0,0,0,"","",9,3,3,0,1,0,2,1,1,0,16,12,3,6,13,6,14,13,53,47,0.00,0.00,0.00,0.00,1.50,0,50,0,0,0,0,50,0,100,9.00,4.00,2.53,3.07,3.28,0.00,0.00,0.00,0.00,0.00,0.00,Stadio Comunale Guido Biondi
1442946600,Sep 22 2015 - 6:30pm,complete,2533,Virtus Entella,Cagliari,N/A,4,3.00,1.00,2.05,1.67,1,3,4,2,1,1,"1","32,67,90'1",1,7,4,1,3,0,2,3,1,2,10,14,7,8,3,6,14,27,39,61,0.00,0.00,0.00,0.00,2.50,100,100,50,0,0,50,100,0,100,9.00,7.00,4.62,3.24,2.00,0.00,0.00,0.00,0.00,0.00,0.00,Stadio Comunale Chiavari
1442946600,Sep 22 2015 - 6:30pm,complete,3117,Latina,Ascoli,N/A,4,1.00,0.00,1.48,0.76,1,0,1,1,1,0,"4","",1,4,1,0,2,0,0,1,2,0,5,19,3,8,2,11,18,14,50,50,0.00,0.00,0.00,0.00,2.00,50,100,0,0,0,0,50,50,100,10.00,8.00,2.14,3.15,4.16,0.00,0.00,0.00,0.00,0.00,0.00,Stadio Comunale Domenico Francioni
1443272400,Sep 26 2015 - 1:00pm,complete,10200,Cagliari,Latina,N/A,5,3.00,1.00,2.29,0.71,3,2,5,3,2,1,"2,29,80","17,60",6,6,0,0,5,0,0,0,1,4,14,8,6,4,8,4,21,14,51,49,0.00,0.00,0.00,0.00,2.75,75,100,50,25,0,0,100,50,100,9.00,5.50,1.64,3.76,6.75,0.00,0.00,0.00,0.00,0.00,0.00,Stadio Sant'Elia (Cagliari)
1443272400,Sep 26 2015 - 1:00pm,complete,8443,Livorno,Spezia,N/A,5,3.00,1.50,1.33,1.39,1,2,3,1,0,1,"72","43,88",1,1,2,0,5,0,0,2,1,4,10,6,7,4,3,2,17,23,56,44,0.00,0.00,0.00,0.00,4.25,50,100,75,75,25,75,100,50,100,9.50,4.50,2.25,3.24,3.68,0.00,0.00,0.00,0.00,0.00,0.00,Stadio Armando Picchi
1443272400,Sep 26 2015 - 1:00pm,complete,4098,Modena,Virtus Lanciano,N/A,5,1.50,0.50,1.62,0.59,1,0,1,0,0,0,"85","",8,2,5,0,3,0,1,4,1,2,18,7,11,5,7,2,16,9,58,42,0.00,0.00,0.00,0.00,1.75,50,50,25,0,0,0,50,25,100,9.00,5.50,2.40,3.10,3.50,0.00,0.00,0.00,0.00,0.00,0.00,Stadio Alberto Braglia
1443272400,Sep 26 2015 - 1:00pm,complete,9477,Perugia,Cesena,N/A,5,2.00,1.50,1.48,0.86,0,0,0,0,0,0,"","",7,1,3,0,5,2,3,0,3,4,8,3,3,0,5,3,13,18,58,42,0.00,0.00,0.00,0.00,2.25,50,75,50,25,0,25,50,25,75,10.00,6.00,2.63,3.14,3.06,0.00,0.00,0.00,0.00,0.00,0.00,Stadio Renato Curi
1443272400,Sep 26 2015 - 1:00pm,complete,2573,Pro Vercelli,Crotone,N/A,5,2.00,0.50,1.29,1.52,0,2,2,1,0,1,"","42,90'2",3,1,1,0,4,0,0,1,1,3,9,8,4,5,5,3,16,35,46,54,0.00,0.00,0.00,0.00,2.25,50,75,50,25,0,0,75,50,75,8.50,8.00,2.37,3.17,3.47,0.00,0.00,0.00,0.00,0.00,0.00,Stadio Silvio Piola
1443272400,Sep 26 2015 - 1:00pm,complete,9874,Salernitana,Ternana,N/A,5,1.50,0.00,1.55,1.00,2,1,3,0,0,0,"47,69","48",4,6,4,1,3,0,3,2,1,2,10,10,3,4,7,6,11,15,38,62,0.00,0.00,0.00,0.00,2.50,25,75,50,25,0,25,75,50,100,8.50,6.50,2.13,3.21,4.09,0.00,0.00,0.00,0.00,0.00,0.00,Stadio Arechi
1443272400,Sep 26 2015 - 1:00pm,complete,7575,Vicenza,Pescara,N/A,5,1.00,0.50,1.19,1.39,2,2,4,0,0,0,"50,90'5","66,80",5,5,5,1,3,1,0,6,1,3,14,7,8,6,6,1,17,18,56,44,0.00,0.00,0.00,0.00,2.50,25,50,50,50,25,50,50,25,50,11.00,5.00,2.52,3.18,3.19,0.00,0.00,0.00,0.00,0.00,0.00,Stadio Romeo Menti
1443272400,Sep 26 2015 - 1:00pm,complete,5462,Ascoli,Brescia,N/A,5,1.50,0.00,1.48,0.67,0,0,0,0,0,0,"","",1,5,4,0,3,0,2,2,2,1,6,8,0,4,6,4,8,21,51,49,0.00,0.00,0.00,0.00,2.75,50,75,50,50,0,50,75,50,50,7.50,7.00,2.50,3.16,3.24,0.00,0.00,0.00,0.00,0.00,0.00,Stadio Cino e Lillo Del Duca
1443272400,Sep 26 2015 - 1:00pm,complete,4030,Trapani,Virtus Entella,N/A,5,2.00,0.00,1.91,1.00,4,2,6,3,2,1,"23,45'2,67,77","35,74",1,6,3,0,1,0,1,2,1,0,13,11,5,4,8,7,11,11,55,45,0.00,0.00,0.00,0.00,1.75,25,50,25,0,0,0,75,25,75,6.50,5.50,1.90,3.38,4.92,0.00,0.00,0.00,0.00,0.00,0.00,Stadio Polisportivo Provinciale
1443367800,Sep 27 2015 - 3:30pm,complete,22460,Bari 1908,Avellino,N/A,5,2.00,0.00,1.77,0.95,2,1,3,2,1,1,"12,69","27",6,4,1,0,2,0,0,1,0,2,13,19,7,10,6,9,9,13,52,48,0.00,0.00,0.00,0.00,3.50,75,75,75,50,25,50,75,75,75,11.00,5.50,2.10,3.25,4.14,0.00,0.00,0.00,0.00,0.00,0.00,Stadio Comunale San Nicola
1443465000,Sep 28 2015 - 6:30pm,complete,4739,Novara,Como,N/A,5,2.00,0.50,1.86,0.67,0,2,2,0,0,0,"","81,90'2",5,3,3,0,4,0,0,3,2,2,22,12,10,5,12,7,13,17,51,49,0.00,0.00,0.00,0.00,2.75,50,75,25,25,25,25,75,25,100,12.00,8.50,1.93,3.31,4.90,0.00,0.00,0.00,0.00,0.00,0.00,Stadio Comunale Silvio Piola
1443810600,Oct 02 2015 - 6:30pm,complete,5158,Crotone,Salernitana,N/A,6,3.00,1.00,2.38,0.77,4,0,4,2,2,0,"12,19,47,72","",4,5,3,0,6,1,0,3,4,3,12,8,4,5,8,3,10,14,64,36,0.00,0.00,0.00,0.00,3.50,100,100,75,50,25,25,100,75,100,9.50,6.50,2.43,3.17,3.35,0.00,0.00,0.00,0.00,0.00,0.00,Stadio Ezio Scida
1443877200,Oct 03 2015 - 1:00pm,complete,5500,Avellino,Vicenza,N/A,6,2.00,2.00,1.38,1.14,1,4,5,4,1,3,"25","19,33,45,54",5,4,3,0,2,0,2,1,0,2,14,4,9,2,5,2,17,11,55,45,0.00,0.00,0.00,0.00,0.75,0,25,0,0,0,0,0,25,50,13.00,3.00,2.32,3.16,3.60,0.00,0.00,0.00,0.00,0.00,0.00,Stadio Partenio-Adriano Lombardi
1443877200,Oct 03 2015 - 1:00pm,complete,6530,Brescia,Modena,N/A,6,2.00,0.00,1.90,0.38,2,2,4,3,2,1,"25,44","35,77",5,12,2,0,1,0,0,2,1,0,8,13,5,9,3,4,11,10,50,50,0.00,0.00,0.00,0.00,2.50,25,100,25,25,0,0,75,50,100,10.00,2.50,2.39,3.15,3.46,0.00,0.00,0.00,0.00,0.00,0.00,Stadio Mario Rigamonti
1443877200,Oct 03 2015 - 1:00pm,complete,11750,Cesena,Livorno,N/A,6,3.00,3.00,2.27,0.67,1,0,1,0,0,0,"64","",7,3,4,0,4,0,1,3,1,3,24,13,11,7,13,6,19,19,54,46,0.00,0.00,0.00,0.00,3.00,50,100,50,25,25,75,100,25,75,10.00,5.50,2.46,3.16,3.31,0.00,0.00,0.00,0.00,0.00,0.00,Orogel Stadium-Dino Manuzzi
1443877200,Oct 03 2015 - 1:00pm,complete,3462,Latina,Bari 1908,N/A,6,2.00,0.50,1.48,1.38,1,2,3,1,1,0,"45'1","84,88",2,4,2,0,5,0,1,1,1,4,9,12,4,8,5,4,17,13,42,58,0.00,0.00,0.00,0.00,2.00,50,50,25,25,25,25,50,50,50,7.00,7.50,2.60,3.13,3.12,0.00,0.00,0.00,0.00,0.00,0.00,Stadio Comunale Domenico Francioni
1443877200,Oct 03 2015 - 1:00pm,complete,8054,Pescara,Cagliari,N/A,6,2.00,2.00,2.17,1.67,1,0,1,0,0,0,"52","",5,5,4,0,5,1,2,2,3,3,6,7,5,3,1,4,16,19,50,50,0.00,0.00,0.00,0.00,2.75,100,100,50,25,0,25,100,50,100,11.00,6.50,3.11,3.31,2.49,0.00,0.00,0.00,0.00,0.00,0.00,Stadio Adriatico-Giovanni Cornacchia
1443877200,Oct 03 2015 - 1:00pm,complete,4331,Ternana,Novara,N/A,6,0.50,0.50,1.52,1.26,2,0,2,0,0,0,"67,69","",3,5,3,0,2,0,1,2,0,2,8,10,4,3,4,7,10,17,45,55,0.00,0.00,0.00,0.00,2.50,75,75,50,25,25,25,75,50,75,11.50,6.00,2.58,3.12,3.15,0.00,0.00,0.00,0.00,0.00,0.00,Stadio Libero Liberati
1443877200,Oct 03 2015 - 1:00pm,complete,2251,Virtus Lanciano,Spezia,N/A,6,2.00,2.00,1.59,1.39,0,0,0,0,0,0,"","",6,3,2,0,4,0,1,1,1,3,11,8,5,4,6,4,12,12,49,51,0.00,0.00,0.00,0.00,2.50,34,75,34,17,17,17,75,34,75,10.83,6.50,2.98,3.15,2.69,0.00,0.00,0.00,0.00,0.00,0.00,Stadio Comunale Guido Biondi
1443877200,Oct 03 2015 - 1:00pm,complete,1499,Virtus Entella,Pro Vercelli,N/A,6,1.50,0.50,2.05,0.90,1,0,1,1,1,0,"42","",9,7,2,0,4,2,1,1,1,5,13,5,8,4,5,1,15,20,54,46,0.00,0.00,0.00,0.00,2.75,75,100,50,25,0,75,100,25,75,6.00,6.50,2.48,3.14,3.30,0.00,0.00,0.00,0.00,0.00,0.00,Stadio Comunale Chiavari
1443877200,Oct 03 2015 - 1:00pm,complete,1544,Como,Ascoli,N/A,6,0.50,0.00,0.90,0.76,0,4,4,2,0,2,"","25,27,53,67",6,4,1,0,2,0,0,1,2,0,13,7,5,3,8,4,15,20,54,46,0.00,0.00,0.00,0.00,1.50,25,50,25,0,0,25,75,0,50,8.50,7.50,2.21,3.19,3.86,0.00,0.00,0.00,0.00,0.00,0.00,Stadio Comunale Silvio Piola
1444069800,Oct 05 2015 - 6:30pm,complete,5980,Trapani,Perugia,N/A,6,2.33,0.00,1.91,1.14,0,0,0,0,0,0,"","",7,5,3,0,6,0,1,2,3,3,8,9,4,4,4,5,11,16,56,44,0.00,0.00,0.00,0.00,2.84,59,75,59,17,17,17,100,59,75,6.50,6.83,2.39,3.21,3.39,0.00,0.00,0.00,0.00,0.00,0.00,Stadio Polisportivo Provinciale
1444482000,Oct 10 2015 - 1:00pm,complete,8006,Vicenza,Crotone,N/A,7,1.00,1.33,1.19,1.52,0,0,0,0,0,0,"","",6,4,4,0,4,1,1,3,3,2,16,9,5,7,11,2,17,19,61,39,0.00,0.00,0.00,0.00,2.67,34,67,50,50,17,17,50,50,67,8.67,8.67,2.14,3.19,4.08,0.00,0.00,0.00,0.00,0.00,0.00,Stadio Romeo Menti
1444501800,Oct 10 2015 - 6:30pm,complete,5017,Pro Vercelli,Novara,N/A,7,1.33,0.33,1.29,1.26,0,1,1,1,0,1,"","23",0,2,6,0,5,2,5,1,4,3,5,10,3,4,2,6,24,20,54,46,0.00,0.00,0.00,0.00,2.00,50,84,33,0,0,0,67,50,84,9.67,5.00,2.62,3.09,3.12,0.00,0.00,0.00,0.00,0.00,0.00,Stadio Silvio Piola
1444559400,Oct 11 2015 - 10:30am,complete,12670,Cagliari,Cesena,N/A,7,3.00,1.33,2.29,0.86,3,1,4,1,1,0,"37,63,74","73",4,4,1,0,3,0,0,1,2,1,5,7,2,2,3,5,14,15,52,48,0.00,0.00,0.00,0.00,3.17,67,84,84,50,17,33,67,67,84,10.00,6.33,1.85,3.45,5.15,0.00,0.00,0.00,0.00,0.00,0.00,Stadio Sant'Elia (Cagliari)
1444568400,Oct 11 2015 - 1:00pm,complete,20263,Bari 1908,Virtus Lanciano,N/A,7,2.33,0.33,1.77,0.59,1,0,1,1,1,0,"34","",5,5,4,0,0,0,2,2,0,0,10,8,5,3,5,5,13,16,55,45,0.00,0.00,0.00,0.00,2.67,67,67,50,17,17,34,67,33,84,7.00,4.66,1.87,3.35,5.21,0.00,0.00,0.00,0.00,0.00,0.00,Stadio Comunale San Nicola
1444568400,Oct 11 2015 - 1:00pm,complete,4099,Como,Brescia,N/A,7,0.33,0.33,0.90,0.67,1,3,4,3,1,2,"13","4,31,89",9,3,5,1,4,0,1,5,2,2,17,9,9,2,8,7,22,15,51,49,0.00,0.00,0.00,0.00,2.17,33,67,50,33,0,67,67,33,50,10.00,6.00,2.35,3.14,3.55,0.00,0.00,0.00,0.00,0.00,0.00,Stadio Giuseppe Sinigaglia
1444568400,Oct 11 2015 - 1:00pm,complete,6488,Livorno,Avellino,N/A,7,2.00,0.00,1.33,0.95,1,1,2,1,0,1,"54","22",4,2,2,1,5,1,0,3,2,4,15,3,10,0,5,3,15,15,58,42,0.00,0.00,0.00,0.00,3.50,84,100,100,50,0,67,100,67,100,10.34,3.66,1.94,3.36,4.68,0.00,0.00,0.00,0.00,0.00,0.00,Stadio Armando Picchi
1444568400,Oct 11 2015 - 1:00pm,complete,4766,Modena,Latina,N/A,7,2.00,0.67,1.62,0.71,0,2,2,0,0,0,"","63,76",11,2,5,0,3,0,1,4,3,0,8,11,6,6,2,5,14,21,55,45,0.00,0.00,0.00,0.00,2.00,50,50,17,17,17,17,50,17,100,10.33,8.00,2.27,3.15,3.74,0.00,0.00,0.00,0.00,0.00,0.00,Stadio Alberto Braglia
1444568400,Oct 11 2015 - 1:00pm,complete,9587,Salernitana,Trapani,N/A,7,2.00,1.00,1.55,1.57,0,1,1,1,0,1,"","4",6,4,4,0,3,0,4,0,0,3,21,8,11,4,10,4,24,18,54,46,0.00,0.00,0.00,0.00,2.00,59,75,34,17,0,17,34,59,75,7.17,7.67,2.44,3.18,3.32,0.00,0.00,0.00,0.00,0.00,0.00,Stadio Arechi
1444568400,Oct 11 2015 - 1:00pm,complete,7413,Spezia,Ternana,N/A,7,2.00,0.00,1.68,1.00,1,0,1,1,1,0,"23","",7,3,1,0,3,0,0,1,3,0,9,10,4,6,5,4,16,22,45,55,0.00,0.00,0.00,0.00,1.92,42,59,34,0,0,25,67,34,50,13.83,3.83,1.65,3.72,6.65,0.00,0.00,0.00,0.00,0.00,0.00,Stadio Alberto Picco
1444568400,Oct 11 2015 - 1:00pm,complete,8642,Perugia,Virtus Entella,N/A,7,1.67,0.00,1.48,1.00,0,0,0,0,0,0,"","",7,7,4,0,2,0,2,2,1,1,7,6,3,2,4,4,13,20,60,40,0.00,0.00,0.00,0.00,1.67,17,33,17,17,17,17,50,17,50,10.00,4.00,1.83,3.42,5.40,0.00,0.00,0.00,0.00,0.00,0.00,Stadio Renato Curi
1444588200,Oct 11 2015 - 6:30pm,complete,9216,Ascoli,Pescara,N/A,7,1.33,0.67,1.48,1.39,3,1,4,0,0,0,"69,83,90'5","62",4,6,2,0,3,0,1,1,1,2,13,15,8,8,5,7,14,16,46,54,0.00,0.00,0.00,0.00,2.17,33,50,50,50,0,17,33,33,50,6.67,6.67,2.83,3.17,2.80,0.00,0.00,0.00,0.00,0.00,0.00,Stadio Cino e Lillo Del Duca
1445020200,Oct 16 2015 - 6:30pm,complete,5000,Avellino,Brescia,N/A,8,1.33,1.00,1.38,0.67,3,3,6,2,1,1,"3,48,64","40,54,58",5,4,2,0,2,0,0,2,2,0,12,8,6,5,6,3,15,15,51,49,0.00,0.00,0.00,0.00,2.42,42,71,42,42,17,54,54,29,59,12.33,5.50,2.01,3.20,4.65,0.00,0.00,0.00,0.00,0.00,0.00,Stadio Partenio-Adriano Lombardi
1445086800,Oct 17 2015 - 1:00pm,complete,5455,Crotone,Livorno,N/A,8,3.00,2.00,2.38,0.67,3,0,3,1,1,0,"37,65,84","",0,6,1,0,5,0,1,0,1,4,5,8,0,5,5,3,18,18,40,60,0.00,0.00,0.00,0.00,3.50,67,84,84,50,33,67,84,67,100,9.00,5.34,2.39,3.08,3.54,0.00,0.00,0.00,0.00,0.00,0.00,Stadio Ezio Scida
1445086800,Oct 17 2015 - 1:00pm,complete,5922,Novara,Cagliari,N/A,8,1.33,1.33,1.86,1.67,1,0,1,1,1,0,"37","",5,8,3,0,2,0,1,2,0,2,12,11,3,3,9,8,16,19,41,59,0.00,0.00,0.00,0.00,2.00,50,67,17,17,0,17,50,33,100,11.00,8.34,3.64,3.09,2.34,0.00,0.00,0.00,0.00,0.00,0.00,Stadio Comunale Silvio Piola
1445086800,Oct 17 2015 - 1:00pm,complete,2873,Pro Vercelli,Vicenza,N/A,8,1.00,2.33,1.29,1.14,2,1,3,2,2,0,"26,43","66",4,7,1,0,1,0,1,0,1,0,10,13,4,6,6,7,16,16,37,63,0.00,0.00,0.00,0.00,2.00,42,54,29,17,17,17,67,13,71,7.08,4.92,3.04,3.02,2.74,0.00,0.00,0.00,0.00,0.00,0.00,Stadio Silvio Piola
1445086800,Oct 17 2015 - 1:00pm,complete,3872,Ternana,Bari 1908,N/A,8,1.33,1.33,1.52,1.38,3,0,3,3,3,0,"25,33,41","",2,5,3,0,4,0,1,2,1,3,6,13,4,8,2,5,19,14,45,55,0.00,0.00,0.00,0.00,2.84,67,84,50,33,33,33,67,67,84,8.67,8.67,3.29,3.01,2.57,0.00,0.00,0.00,0.00,0.00,0.00,Stadio Libero Liberati
1445086800,Oct 17 2015 - 1:00pm,complete,4704,Trapani,Pescara,N/A,8,2.00,0.50,1.91,1.39,0,3,3,2,0,2,"","5,28,52",8,2,6,0,3,0,4,2,1,2,16,4,7,2,9,2,21,11,58,42,0.00,0.00,0.00,0.00,2.88,50,75,63,50,13,25,50,50,75,7.75,6.25,2.67,3.11,3.04,0.00,0.00,0.00,0.00,0.00,0.00,Stadio Polisportivo Provinciale
1445086800,Oct 17 2015 - 1:00pm,complete,2457,Virtus Lanciano,Como,N/A,8,1.67,1.33,1.59,0.67,1,0,1,0,0,0,"90","",1,4,2,0,3,0,0,2,1,2,12,12,0,4,12,8,14,21,55,45,0.00,0.00,0.00,0.00,2.00,17,67,17,17,17,17,50,34,67,12.00,6.66,2.12,3.14,4.26,0.00,0.00,0.00,0.00,0.00,0.00,Stadio Comunale Guido Biondi
1445086800,Oct 17 2015 - 1:00pm,complete,4628,Modena,Ascoli,N/A,8,1.50,1.00,1.62,0.76,2,1,3,0,0,0,"72,90","79",4,4,2,0,6,1,0,2,3,4,5,7,5,4,0,3,12,17,50,50,0.00,0.00,0.00,0.00,1.79,0,46,17,17,0,17,50,29,84,10.83,7.58,2.13,3.10,4.29,0.00,0.00,0.00,0.00,0.00,0.00,Stadio Alberto Braglia
1445086800,Oct 17 2015 - 1:00pm,complete,1917,Virtus Entella,Salernitana,N/A,8,2.00,0.67,2.05,0.77,1,0,1,1,1,0,"9","",6,5,4,0,5,1,2,2,5,1,15,12,6,3,9,9,20,15,58,42,0.00,0.00,0.00,0.00,3.00,67,84,67,50,0,50,100,50,84,9.33,8.33,2.53,3.05,3.31,0.00,0.00,0.00,0.00,0.00,0.00,Stadio Comunale Chiavari
1445182200,Oct 18 2015 - 3:30pm,complete,3252,Latina,Perugia,N/A,8,1.33,0.33,1.48,1.14,2,1,3,3,2,1,"21,30","12",4,5,6,0,3,0,0,6,1,2,7,15,6,7,1,8,21,19,40,60,0.00,0.00,0.00,0.00,1.67,50,50,33,0,0,0,67,50,50,8.34,6.00,2.58,2.97,3.33,0.00,0.00,0.00,0.00,0.00,0.00,Stadio Comunale Domenico Francioni
1445279400,Oct 19 2015 - 6:30pm,complete,12394,Cesena,Spezia,N/A,8,3.00,1.75,2.27,1.39,5,1,6,2,1,1,"45'1,50,61,74,86","9",1,2,2,0,4,1,2,0,1,4,4,6,0,3,4,3,4,10,68,32,0.00,0.00,0.00,0.00,2.34,25,71,25,13,13,29,71,25,71,9.25,7.67,2.54,3.01,3.34,0.00,0.00,0.00,0.00,0.00,0.00,Orogel Stadium-Dino Manuzzi
1445619600,Oct 23 2015 - 5:00pm,complete,6488,Pescara,Pro Vercelli,N/A,9,2.33,0.33,2.17,0.90,1,0,1,0,0,0,"74","",12,0,5,0,3,0,2,3,1,2,10,7,6,0,4,7,19,14,63,37,0.00,0.00,0.00,0.00,1.84,50,67,17,0,0,17,84,17,67,9.66,7.33,1.79,3.46,5.69,0.00,0.00,0.00,0.00,0.00,0.00,Stadio Adriatico-Giovanni Cornacchia
1445626800,Oct 23 2015 - 7:00pm,complete,7822,Vicenza,Novara,N/A,9,1.00,1.00,1.19,1.26,0,2,2,1,0,1,"","14,62",5,2,2,0,2,0,0,2,1,1,12,9,7,4,5,5,15,16,65,35,0.00,0.00,0.00,0.00,2.00,38,50,38,25,13,13,38,50,50,10.50,8.25,2.64,3.04,3.15,0.00,0.00,0.00,0.00,0.00,0.00,Stadio Romeo Menti
1445691600,Oct 24 2015 - 1:00pm,complete,6131,Brescia,Virtus Lanciano,N/A,9,1.67,0.25,1.90,0.59,2,1,3,2,1,1,"41,60","33",3,3,1,0,4,1,0,1,2,3,20,10,11,4,9,6,15,13,53,47,0.00,0.00,0.00,0.00,2.54,59,75,46,34,0,17,88,29,88,7.50,3.42,2.45,3.12,3.37,0.00,0.00,0.00,0.00,0.00,0.00,Stadio Mario Rigamonti
1445691600,Oct 24 2015 - 1:00pm,complete,9800,Cagliari,Trapani,N/A,9,3.00,1.67,2.29,1.57,4,1,5,3,3,0,"23,30,42,84","57",2,7,3,0,1,0,1,2,1,0,8,11,6,3,2,8,18,8,47,53,0.00,0.00,0.00,0.00,2.50,54,67,50,38,13,13,67,67,67,9.17,4.92,1.61,3.94,6.64,0.00,0.00,0.00,0.00,0.00,0.00,Stadio Sant'Elia (Cagliari)
1445691600,Oct 24 2015 - 1:00pm,complete,2535,Como,Latina,N/A,9,0.25,1.25,0.90,0.71,1,1,2,0,0,0,"52","70",6,5,4,0,2,0,1,3,0,2,16,11,9,3,7,8,15,16,50,50,0.00,0.00,0.00,0.00,2.75,63,88,50,38,13,50,75,38,88,10.00,7.50,2.68,3.02,3.12,0.00,0.00,0.00,0.00,0.00,0.00,Stadio Giuseppe Sinigaglia
1445691600,Oct 24 2015 - 1:00pm,complete,5568,Livorno,Modena,N/A,9,1.75,0.33,1.33,0.38,2,0,2,0,0,0,"53,90'3","",1,4,2,0,3,0,1,1,2,1,4,9,2,2,2,7,21,22,58,42,0.00,0.00,0.00,0.00,2.96,54,100,54,42,0,42,84,42,100,12.08,3.00,2.19,3.17,3.96,0.00,0.00,0.00,0.00,0.00,0.00,Stadio Armando Picchi
1445691600,Oct 24 2015 - 1:00pm,complete,9520,Salernitana,Cesena,N/A,9,1.50,1.00,1.55,0.86,1,1,2,1,1,0,"33","79",7,8,4,0,3,0,0,4,1,2,11,11,4,7,7,4,22,13,35,65,0.00,0.00,0.00,0.00,2.63,63,75,63,38,0,25,63,50,75,8.25,8.25,3.01,3.07,2.73,0.00,0.00,0.00,0.00,0.00,0.00,Stadio Arechi
1445691600,Oct 24 2015 - 1:00pm,complete,7174,Spezia,Avellino,N/A,9,2.33,0.25,1.68,0.95,1,1,2,1,0,1,"79","41",7,5,1,0,5,0,0,1,3,2,16,6,8,5,8,1,15,18,62,38,0.00,0.00,0.00,0.00,2.17,67,67,38,13,0,42,100,25,50,13.50,3.92,1.94,3.34,4.73,0.00,0.00,0.00,0.00,0.00,0.00,Stadio Alberto Picco
1445691600,Oct 24 2015 - 1:00pm,complete,10453,Ternana,Perugia,N/A,9,1.75,0.25,1.52,1.14,0,1,1,0,0,0,"","57",6,3,3,0,4,0,1,2,1,3,10,6,7,6,3,0,13,19,57,43,0.00,0.00,0.00,0.00,2.38,50,75,50,13,13,38,75,38,50,9.50,7.00,2.66,2.99,3.17,0.00,0.00,0.00,0.00,0.00,0.00,Stadio Libero Liberati
1445691600,Oct 24 2015 - 1:00pm,complete,16704,Bari 1908,Virtus Entella,N/A,9,2.50,0.25,1.77,1.00,0,0,0,0,0,0,"","",5,5,3,0,3,1,2,1,1,3,11,8,3,4,8,4,15,16,59,41,0.00,0.00,0.00,0.00,2.38,38,38,38,25,25,38,63,25,50,9.50,4.50,1.85,3.38,5.24,0.00,0.00,0.00,0.00,0.00,0.00,Stadio Comunale San Nicola
1445691600,Oct 24 2015 - 1:00pm,complete,6020,Ascoli,Crotone,N/A,9,1.75,1.25,1.48,1.52,0,1,1,1,0,1,"","24",2,6,4,0,3,0,3,1,2,1,9,13,4,5,5,8,16,22,46,54,0.00,0.00,0.00,0.00,1.88,25,50,38,38,0,0,38,38,50,5.50,8.00,2.73,3.05,3.03,0.00,0.00,0.00,0.00,0.00,0.00,Stadio Cino e Lillo Del Duca
1445974200,Oct 27 2015 - 7:30pm,complete,10895,Cesena,Como,N/A,10,3.00,1.00,2.27,0.67,3,1,4,2,2,0,"12,30,89","51",4,4,1,0,3,0,0,1,0,3,13,21,4,11,9,10,22,19,56,44,0.00,0.00,0.00,0.00,2.75,25,75,25,25,25,38,63,38,88,9.50,7.25,1.78,3.37,5.98,0.00,0.00,0.00,0.00,0.00,0.00,Orogel Stadium-Dino Manuzzi
1445974200,Oct 27 2015 - 7:30pm,complete,6811,Crotone,Brescia,N/A,10,3.00,1.00,2.38,0.67,1,1,2,1,1,0,"44","88",6,4,5,0,2,0,1,4,1,1,6,7,2,4,4,3,17,17,55,45,0.00,0.00,0.00,0.00,3.48,55,90,80,55,23,65,90,70,80,7.75,5.45,2.10,3.18,4.26,0.00,0.00,0.00,0.00,0.00,0.00,Stadio Ezio Scida
1445974200,Oct 27 2015 - 7:30pm,complete,2808,Latina,Ternana,N/A,10,1.75,0.00,1.48,1.00,1,2,3,0,0,0,"63","48,65",8,8,4,1,4,0,2,3,1,3,14,17,8,8,6,9,15,19,51,49,0.00,0.00,0.00,0.00,2.13,50,63,50,0,0,13,63,50,63,8.50,6.00,2.17,3.18,3.99,0.00,0.00,0.00,0.00,0.00,0.00,Stadio Comunale Domenico Francioni
1445974200,Oct 27 2015 - 7:30pm,complete,4371,Modena,Spezia,N/A,10,1.80,1.40,1.62,1.39,1,1,2,1,0,1,"47","45'1",4,8,3,0,1,0,2,1,0,1,7,16,3,5,4,11,19,15,39,61,0.00,0.00,0.00,0.00,2.60,40,60,40,20,20,20,40,50,90,9.80,8.20,2.80,3.02,2.97,0.00,0.00,0.00,0.00,0.00,0.00,Stadio Alberto Braglia
1445974200,Oct 27 2015 - 7:30pm,complete,10675,Perugia,Cagliari,N/A,10,1.50,1.00,1.48,1.67,0,0,0,0,0,0,"","",4,4,3,0,0,0,0,3,0,0,5,6,4,4,1,2,13,22,44,56,0.00,0.00,0.00,0.00,1.25,25,38,13,13,0,13,50,13,50,11.75,6.75,3.13,3.04,2.65,0.00,0.00,0.00,0.00,0.00,0.00,Stadio Renato Curi
1445974200,Oct 27 2015 - 7:30pm,complete,3064,Pro Vercelli,Bari 1908,N/A,10,1.40,1.00,1.29,1.38,0,1,1,0,0,0,"","53",7,2,2,0,4,0,0,2,0,4,6,5,3,0,3,5,14,17,51,49,0.00,0.00,0.00,0.00,2.48,55,78,58,13,13,35,88,35,65,7.30,8.05,3.05,3.06,2.70,0.00,0.00,0.00,0.00,0.00,0.00,Stadio Silvio Piola
1445974200,Oct 27 2015 - 7:30pm,complete,4629,Trapani,Vicenza,N/A,10,1.60,1.75,1.91,1.14,1,2,3,2,0,2,"86","21,24",6,6,3,0,1,0,1,2,0,1,15,6,8,3,7,3,23,17,58,42,0.00,0.00,0.00,0.00,2.53,45,65,55,23,23,45,65,20,78,8.45,5.30,2.43,3.12,3.41,0.00,0.00,0.00,0.00,0.00,0.00,Stadio Polisportivo Provinciale
1445974200,Oct 27 2015 - 7:30pm,complete,2588,Virtus Lanciano,Salernitana,N/A,10,2.00,0.50,1.59,0.77,2,2,4,3,1,2,"26,51","6,13",5,6,2,0,4,0,0,2,2,2,12,12,3,5,9,7,11,19,50,50,0.00,0.00,0.00,0.00,1.75,25,50,25,25,0,13,63,25,63,10.00,7.75,2.17,3.18,3.99,0.00,0.00,0.00,0.00,0.00,0.00,Stadio Comunale Guido Biondi
1445974200,Oct 27 2015 - 7:30pm,complete,7000,Avellino,Ascoli,N/A,10,1.25,0.75,1.38,0.76,3,0,3,2,2,0,"39,41,48","",4,6,2,0,3,0,1,1,2,1,4,10,2,6,2,4,22,17,45,55,0.00,0.00,0.00,0.00,2.88,38,75,50,38,25,38,63,50,75,11.00,6.25,1.83,3.40,5.39,0.00,0.00,0.00,0.00,0.00,0.00,Stadio Partenio-Adriano Lombardi
1445974200,Oct 27 2015 - 7:30pm,complete,1889,Virtus Entella,Livorno,N/A,10,2.25,1.50,2.05,0.67,0,0,0,0,0,0,"","",3,4,3,0,4,0,1,2,1,3,3,13,0,6,3,7,16,21,51,49,0.00,0.00,0.00,0.00,2.63,50,63,63,25,13,50,88,38,75,9.75,6.75,3.16,3.04,2.63,0.00,0.00,0.00,0.00,0.00,0.00,Stadio Comunale Chiavari
1446300000,Oct 31 2015 - 2:00pm,complete,16522,Bari 1908,Novara,N/A,11,2.20,1.40,1.77,1.26,1,1,2,1,0,1,"90'3","21",4,3,4,0,4,0,1,3,2,2,11,11,2,6,9,5,19,21,62,38,0.00,0.00,0.00,0.00,1.90,30,50,30,10,10,20,60,30,50,8.00,6.60,2.41,2.99,3.63,0.00,0.00,0.00,0.00,0.00,0.00,Stadio Comunale San Nicola
1446300000,Oct 31 2015 - 2:00pm,complete,7093,Brescia,Latina,N/A,11,2.00,1.20,1.90,0.71,1,0,1,0,0,0,"88","",8,4,3,0,3,0,1,2,2,1,14,10,8,4,6,6,13,17,60,40,0.00,0.00,0.00,0.00,2.93,78,100,48,35,10,35,80,43,100,7.55,4.90,2.39,3.01,3.65,0.00,0.00,0.00,0.00,0.00,0.00,Stadio Mario Rigamonti
1446300000,Oct 31 2015 - 2:00pm,complete,11357,Cesena,Virtus Lanciano,N/A,11,3.00,0.20,2.27,0.59,2,0,2,1,1,0,"27,75","",6,4,3,0,3,0,3,0,2,1,26,27,12,9,14,18,24,15,49,51,0.00,0.00,0.00,0.00,2.50,50,70,40,20,10,40,80,30,80,8.00,5.40,1.77,3.38,6.11,0.00,0.00,0.00,0.00,0.00,0.00,Orogel Stadium-Dino Manuzzi
1446300000,Oct 31 2015 - 2:00pm,complete,3128,Como,Modena,N/A,11,0.40,0.25,0.90,0.38,1,1,2,0,0,0,"81","51",9,4,4,0,3,0,2,2,0,3,12,11,10,5,2,6,24,20,49,51,0.00,0.00,0.00,0.00,2.55,43,90,43,33,0,43,55,45,90,13.65,5.30,2.99,2.92,2.87,0.00,0.00,0.00,0.00,0.00,0.00,Stadio Giuseppe Sinigaglia
1446300000,Oct 31 2015 - 2:00pm,complete,5562,Livorno,Trapani,N/A,11,2.00,1.25,1.33,1.57,2,0,2,1,1,0,"39,83","",3,4,3,0,3,0,1,2,1,2,8,7,4,3,4,4,15,13,56,44,0.00,0.00,0.00,0.00,2.50,55,75,43,33,13,33,65,55,75,7.70,5.00,2.00,3.22,4.64,0.00,0.00,0.00,0.00,0.00,0.00,Stadio Armando Picchi
1446300000,Oct 31 2015 - 2:00pm,complete,7399,Pescara,Crotone,N/A,11,2.50,1.60,2.17,1.52,4,1,5,2,2,0,"17,41,47,59","67",5,8,1,0,4,0,0,1,0,4,10,11,5,7,5,4,15,24,47,53,0.00,0.00,0.00,0.00,1.58,25,45,23,10,0,0,55,23,70,10.20,8.15,2.17,3.13,4.09,0.00,0.00,0.00,0.00,0.00,0.00,Stadio Adriatico-Giovanni Cornacchia
1446300000,Oct 31 2015 - 2:00pm,complete,9234,Salernitana,Perugia,N/A,11,1.40,0.80,1.55,1.14,1,1,2,1,1,0,"25","49",11,5,3,0,1,0,1,2,0,1,9,12,6,5,3,7,15,10,48,52,0.00,0.00,0.00,0.00,2.00,50,60,40,10,0,20,70,30,60,9.20,7.80,2.84,2.90,3.05,0.00,0.00,0.00,0.00,0.00,0.00,Stadio Arechi
1446300000,Oct 31 2015 - 2:00pm,complete,4511,Ternana,Avellino,N/A,11,1.40,0.40,1.52,0.95,0,3,3,1,0,1,"","4,71,90'5",7,1,0,0,3,0,0,0,2,1,10,4,8,2,2,2,6,9,69,31,0.00,0.00,0.00,0.00,2.70,70,90,50,20,10,40,80,40,90,10.40,6.60,2.80,2.93,3.07,0.00,0.00,0.00,0.00,0.00,0.00,Stadio Libero Liberati
1446300000,Oct 31 2015 - 2:00pm,complete,5082,Ascoli,Pro Vercelli,N/A,11,1.40,0.25,1.48,0.90,0,1,1,0,0,0,"","54",1,8,3,0,2,0,1,2,2,0,10,7,3,2,7,5,20,19,48,52,0.00,0.00,0.00,0.00,1.75,33,45,20,20,0,13,58,20,45,6.05,7.15,2.25,3.04,3.96,0.00,0.00,0.00,0.00,0.00,0.00,Stadio Cino e Lillo Del Duca
1446395400,Nov 01 2015 - 4:30pm,complete,7354,Spezia,Virtus Entella,N/A,11,2.00,0.40,1.68,1.00,0,0,0,0,0,0,"","",2,2,3,0,1,0,2,1,1,0,17,13,7,5,10,8,16,13,55,45,0.00,0.00,0.00,0.00,1.55,35,35,10,10,10,23,70,10,33,12.95,2.95,1.68,3.51,6.93,0.00,0.00,0.00,0.00,0.00,0.00,Stadio Alberto Picco
1446492600,Nov 02 2015 - 7:30pm,complete,13000,Cagliari,Vicenza,N/A,11,3.00,2.00,2.29,1.14,2,0,2,1,1,0,"26,89","",6,7,3,0,3,0,1,2,0,3,11,10,5,3,6,7,22,12,49,51,0.00,0.00,0.00,0.00,3.30,70,80,80,50,30,50,80,50,90,9.40,3.00,1.58,3.75,7.92,0.00,0.00,0.00,0.00,0.00,0.00,Stadio Sant'Elia (Cagliari)
1446571800,Nov 03 2015 - 5:30pm,complete,3851,Novara,Pescara,N/A,10,1.75,1.00,1.86,1.39,1,0,1,0,0,0,"58","",4,8,0,0,2,1,0,0,1,2,8,10,5,5,3,5,19,19,54,46,0.00,0.00,0.00,0.00,2.25,33,65,40,30,0,20,45,33,78,9.50,6.50,2.45,3.19,3.29,0.00,0.00,0.00,0.00,0.00,0.00,Stadio Comunale Silvio Piola
1446838200,Nov 06 2015 - 7:30pm,complete,27278,Bari 1908,Salernitana,N/A,12,2.00,0.60,1.77,0.77,2,1,3,1,1,0,"7,80","70",5,5,1,0,4,0,0,1,3,1,9,15,4,6,5,9,17,19,48,52,0.00,0.00,0.00,0.00,2.59,55,65,47,39,9,37,84,29,65,9.13,8.20,1.68,3.60,6.61,0.00,0.00,0.00,0.00,0.00,0.00,Stadio Comunale San Nicola
1446904800,Nov 07 2015 - 2:00pm,complete,11010,Cagliari,Modena,N/A,12,3.00,0.40,2.29,0.38,2,1,3,3,2,1,"6,42","22",8,4,1,0,4,1,0,1,3,2,20,5,8,2,12,3,15,19,55,45,0.00,0.00,0.00,0.00,3.12,54,100,52,44,17,27,70,72,100,11.60,3.63,1.65,3.84,6.30,0.00,0.00,0.00,0.00,0.00,0.00,Stadio Sant'Elia (Cagliari)
1446904800,Nov 07 2015 - 2:00pm,complete,2873,Latina,Cesena,N/A,12,1.40,1.00,1.48,0.86,1,0,1,0,0,0,"70","",3,5,2,0,2,0,1,1,0,2,12,21,8,15,4,6,19,15,50,50,0.00,0.00,0.00,0.00,2.50,80,80,60,20,0,20,60,50,70,9.40,7.40,3.32,3.26,2.40,0.00,0.00,0.00,0.00,0.00,0.00,Stadio Comunale Domenico Francioni
1446904800,Nov 07 2015 - 2:00pm,complete,5000,Novara,Brescia,N/A,12,2.00,1.00,1.86,0.67,4,0,4,1,1,0,"4,52,54,77","",5,5,1,0,2,1,1,0,1,2,11,9,4,3,7,6,16,14,50,50,0.00,0.00,0.00,0.00,2.20,44,62,25,25,9,34,62,27,74,9.20,5.80,2.05,3.24,4.38,0.00,0.00,0.00,0.00,0.00,0.00,Stadio Comunale Silvio Piola
1446904800,Nov 07 2015 - 2:00pm,complete,6991,Pescara,Ternana,N/A,12,2.60,0.60,2.17,1.00,1,2,3,2,1,1,"25","17,89",4,5,3,1,3,1,2,2,2,2,6,7,4,3,2,4,19,26,54,46,0.00,0.00,0.00,0.00,2.30,50,60,50,10,10,10,50,50,90,12.00,6.60,1.78,3.60,5.37,0.00,0.00,0.00,0.00,0.00,0.00,Stadio Adriatico-Giovanni Cornacchia
1446904800,Nov 07 2015 - 2:00pm,complete,2880,Pro Vercelli,Livorno,N/A,12,1.17,1.40,1.29,0.67,1,0,1,1,1,0,"35","",7,1,3,0,0,0,2,1,0,0,9,7,4,5,5,2,18,17,47,53,0.00,0.00,0.00,0.00,2.20,45,64,47,10,10,29,72,29,82,8.73,6.07,3.37,3.10,2.47,0.00,0.00,0.00,0.00,0.00,0.00,Stadio Silvio Piola
1446904800,Nov 07 2015 - 2:00pm,complete,4335,Trapani,Spezia,N/A,12,1.33,1.33,1.91,1.39,5,1,6,4,3,1,"2,33,41,57,86","8",9,3,2,0,3,0,1,1,2,1,10,4,4,0,6,4,19,18,57,43,0.00,0.00,0.00,0.00,3.08,59,83,59,25,25,42,83,42,83,8.33,7.50,3.22,3.08,2.56,0.00,0.00,0.00,0.00,0.00,0.00,Stadio Polisportivo Provinciale
1446904800,Nov 07 2015 - 2:00pm,complete,1815,Virtus Entella,Como,N/A,12,2.00,0.80,2.05,0.67,2,2,4,3,1,2,"17,66","12,34",8,3,2,0,3,0,1,1,0,3,7,12,4,4,3,8,16,24,56,44,0.00,0.00,0.00,0.00,2.40,40,60,40,30,10,40,70,40,70,9.40,7.20,2.16,3.17,4.06,0.00,0.00,0.00,0.00,0.00,0.00,Stadio Comunale Chiavari
1446904800,Nov 07 2015 - 2:00pm,complete,7276,Vicenza,Ascoli,N/A,12,0.80,0.60,1.19,0.76,3,0,3,3,3,0,"7,17,43","",6,3,2,0,3,0,0,2,2,1,13,10,7,4,6,6,14,21,62,38,0.00,0.00,0.00,0.00,2.50,30,70,50,30,10,30,60,40,70,10.20,7.60,1.83,3.37,5.45,0.00,0.00,0.00,0.00,0.00,0.00,Stadio Romeo Menti
1447000200,Nov 08 2015 - 4:30pm,complete,9208,Perugia,Virtus Lanciano,N/A,12,1.40,0.17,1.48,0.59,2,0,2,1,1,0,"32,62","",3,4,2,0,4,0,1,1,2,2,7,9,2,7,5,2,16,16,44,56,0.00,0.00,0.00,0.00,1.20,25,44,17,0,0,9,52,9,52,8.90,5.47,1.90,3.27,5.18,0.00,0.00,0.00,0.00,0.00,0.00,Stadio Renato Curi
1447097400,Nov 09 2015 - 7:30pm,complete,6736,Crotone,Avellino,N/A,12,2.60,0.83,2.38,0.95,3,1,4,1,1,0,"43,60,77","83",5,8,1,0,1,0,0,1,0,1,3,15,0,6,3,9,18,11,49,51,0.00,0.00,0.00,0.00,3.12,72,100,74,29,10,37,100,65,100,8.87,6.30,2.50,3.24,3.16,0.00,0.00,0.00,0.00,0.00,0.00,Stadio Ezio Scida
1447509600,Nov 14 2015 - 2:00pm,complete,5760,Livorno,Vicenza,N/A,13,2.17,1.67,1.33,1.14,2,2,4,0,0,0,"54,72","56,65",4,7,4,0,3,1,2,2,1,3,8,11,4,4,4,7,24,15,52,48,0.00,0.00,0.00,0.00,2.58,50,84,50,25,9,42,75,25,92,8.17,3.84,2.23,3.07,4.01,0.00,0.00,0.00,0.00,0.00,0.00,Stadio Armando Picchi
1447529400,Nov 14 2015 - 7:30pm,complete,4089,Modena,Pro Vercelli,N/A,13,1.67,0.80,1.62,0.90,1,0,1,0,0,0,"78","",6,5,1,0,1,0,0,1,0,1,9,4,3,3,6,1,20,12,52,48,0.00,0.00,0.00,0.00,1.54,27,45,9,0,0,10,39,17,80,10.53,7.07,2.04,3.07,4.80,0.00,0.00,0.00,0.00,0.00,0.00,Stadio Alberto Braglia
1447587000,Nov 15 2015 - 11:30am,complete,8198,Spezia,Cagliari,N/A,13,1.80,1.00,1.68,1.67,0,3,3,1,0,1,"","34,49,90'4",8,3,3,1,4,0,3,1,3,1,9,6,5,3,4,3,14,14,59,41,0.00,0.00,0.00,0.00,1.40,40,40,10,10,0,20,70,10,40,12.20,4.40,2.92,2.97,2.89,0.00,0.00,0.00,0.00,0.00,0.00,Stadio Alberto Picco
1447596000,Nov 15 2015 - 2:00pm,complete,7000,Avellino,Latina,N/A,13,1.60,1.00,1.38,0.71,3,1,4,3,2,1,"7,45,50","24",3,8,1,0,4,0,0,1,2,2,17,13,8,4,9,9,8,12,37,63,0.00,0.00,0.00,0.00,2.77,54,82,39,29,29,39,55,45,90,10.63,5.33,2.07,3.09,4.59,0.00,0.00,0.00,0.00,0.00,0.00,Stadio Partenio-Adriano Lombardi
1447596000,Nov 15 2015 - 2:00pm,complete,8182,Brescia,Trapani,N/A,13,2.20,1.00,1.90,1.57,3,0,3,3,3,0,"14,18,38","",7,2,1,0,2,2,1,0,1,3,2,6,2,0,0,6,18,16,56,44,0.00,0.00,0.00,0.00,2.40,50,70,40,30,10,30,70,30,80,9.00,4.80,2.24,3.13,3.86,0.00,0.00,0.00,0.00,0.00,0.00,Stadio Mario Rigamonti
1447596000,Nov 15 2015 - 2:00pm,complete,3876,Como,Pescara,N/A,13,0.50,0.83,0.90,1.39,0,2,2,2,0,2,"","10,45",9,4,4,0,2,0,2,2,0,2,25,6,13,4,12,2,18,14,56,44,0.00,0.00,0.00,0.00,2.59,50,75,59,42,0,42,42,42,83,11.50,7.00,3.25,3.02,2.60,0.00,0.00,0.00,0.00,0.00,0.00,Stadio Giuseppe Sinigaglia
1447596000,Nov 15 2015 - 2:00pm,complete,8382,Salernitana,Novara,N/A,13,1.33,1.33,1.55,1.26,1,0,1,0,0,0,"67","",4,3,3,0,4,0,2,1,1,3,10,14,4,7,6,7,15,16,51,49,0.00,0.00,0.00,0.00,2.00,50,75,25,9,0,9,75,33,75,9.33,7.50,3.06,3.19,2.60,0.00,0.00,0.00,0.00,0.00,0.00,Stadio Arechi
1447596000,Nov 15 2015 - 2:00pm,complete,2563,Virtus Lanciano,Crotone,N/A,13,1.80,1.33,1.59,1.52,1,1,2,1,0,1,"86","19",7,4,3,0,4,0,2,1,0,4,8,13,2,7,6,6,10,27,59,41,0.00,0.00,0.00,0.00,1.70,19,45,27,27,9,19,54,17,55,9.40,6.53,3.23,2.94,2.67,0.00,0.00,0.00,0.00,0.00,0.00,Stadio Comunale Guido Biondi
1447596000,Nov 15 2015 - 2:00pm,complete,7184,Ascoli,Perugia,N/A,13,1.17,0.83,1.48,1.14,1,0,1,0,0,0,"77","",3,4,5,1,5,1,2,4,2,4,7,9,3,3,4,6,15,14,41,59,0.00,0.00,0.00,0.00,1.75,42,42,33,17,0,9,50,25,50,7.00,6.83,3.15,3.02,2.66,0.00,0.00,0.00,0.00,0.00,0.00,Stadio Cino e Lillo Del Duca
1447596000,Nov 15 2015 - 2:00pm,complete,3694,Ternana,Virtus Entella,N/A,13,1.17,0.50,1.52,1.00,1,2,3,2,0,2,"81","28,36",15,3,3,0,4,0,1,2,1,3,12,8,7,4,5,4,16,14,60,40,0.00,0.00,0.00,0.00,2.00,25,50,34,17,17,25,50,34,58,10.00,4.50,2.14,3.01,4.46,0.00,0.00,0.00,0.00,0.00,0.00,Stadio Libero Liberati
1447615800,Nov 15 2015 - 7:30pm,complete,14353,Cesena,Bari 1908,N/A,13,3.00,1.40,2.27,1.38,0,2,2,1,0,1,"","40,60",7,4,4,0,1,0,1,3,1,0,34,19,18,10,16,9,17,10,59,41,0.00,0.00,0.00,0.00,2.62,37,72,47,27,19,45,72,37,72,8.03,7.83,2.33,3.02,3.78,0.00,0.00,0.00,0.00,0.00,0.00,Orogel Stadium-Dino Manuzzi
1448047800,Nov 20 2015 - 7:30pm,complete,7877,Pescara,Avellino,N/A,14,2.17,0.71,2.17,0.95,3,2,5,1,1,0,"38,52,78","62,90",8,5,5,0,2,0,0,5,1,1,10,6,3,3,7,3,13,16,54,46,0.00,0.00,0.00,0.00,2.75,77,84,61,23,9,31,84,45,100,11.31,6.64,2.11,3.37,3.93,0.00,0.00,0.00,0.00,0.00,0.00,Stadio Adriatico-Giovanni Cornacchia
1448114400,Nov 21 2015 - 2:00pm,complete,4984,Crotone,Ternana,N/A,14,2.67,1.00,2.38,1.00,3,0,3,0,0,0,"66,75,90'1","",1,6,1,0,2,2,0,1,2,2,12,12,6,4,6,8,14,17,54,46,0.00,0.00,0.00,0.00,2.92,59,84,75,25,9,25,75,67,92,9.66,6.00,1.86,3.47,5.00,0.00,0.00,0.00,0.00,0.00,0.00,Stadio Ezio Scida
1448114400,Nov 21 2015 - 2:00pm,complete,2786,Latina,Salernitana,N/A,14,1.67,0.50,1.48,0.77,2,2,4,1,1,0,"45'3,68","74,89",6,4,4,0,4,0,4,0,2,2,18,15,10,8,8,7,16,17,53,47,0.00,0.00,0.00,0.00,2.59,67,75,59,25,0,25,75,50,75,9.16,8.00,2.08,3.26,4.21,0.00,0.00,0.00,0.00,0.00,0.00,Stadio Comunale Domenico Francioni
1448114400,Nov 21 2015 - 2:00pm,complete,4153,Novara,Spezia,N/A,14,2.17,1.14,1.86,1.39,1,0,1,1,1,0,"42","",5,1,3,0,3,0,1,2,3,0,11,9,3,3,8,6,8,17,54,46,0.00,0.00,0.00,0.00,2.77,44,68,37,30,22,22,68,45,85,8.88,6.21,2.22,3.22,3.79,0.00,0.00,0.00,0.00,0.00,0.00,Stadio Comunale Silvio Piola
1448114400,Nov 21 2015 - 2:00pm,complete,7889,Perugia,Brescia,N/A,14,1.67,0.86,1.48,0.67,4,0,4,2,2,0,"15,30,85,90'1","",10,5,2,0,4,1,1,1,2,3,8,5,3,5,5,0,13,11,59,41,0.00,0.00,0.00,0.00,1.91,29,60,29,29,7,29,60,22,52,9.14,5.81,2.09,3.31,4.07,0.00,0.00,0.00,0.00,0.00,0.00,Stadio Renato Curi
1448114400,Nov 21 2015 - 2:00pm,complete,2965,Pro Vercelli,Como,N/A,14,1.43,0.83,1.29,0.67,2,0,2,2,2,0,"11,31","",6,7,3,0,5,0,2,1,1,4,8,18,5,8,3,10,9,25,46,54,0.00,0.00,0.00,0.00,2.52,47,70,40,25,9,32,77,32,86,9.04,6.38,2.27,3.17,3.72,0.00,0.00,0.00,0.00,0.00,0.00,Stadio Silvio Piola
1448114400,Nov 21 2015 - 2:00pm,complete,4193,Trapani,Modena,N/A,14,1.57,0.33,1.91,0.38,2,1,3,1,1,0,"7,73","64",2,2,3,0,3,0,1,2,1,2,5,9,4,3,1,6,16,11,42,58,0.00,0.00,0.00,0.00,2.90,54,93,52,23,15,45,68,47,85,11.31,5.76,2.58,3.19,3.09,0.00,0.00,0.00,0.00,0.00,0.00,Stadio Polisportivo Provinciale
1448114400,Nov 21 2015 - 2:00pm,complete,7250,Vicenza,Cesena,N/A,14,1.17,0.83,1.19,0.86,1,1,2,2,1,1,"41","28",7,4,3,0,3,0,1,2,1,2,10,6,4,3,6,3,18,22,57,43,0.00,0.00,0.00,0.00,2.42,50,67,50,33,9,25,50,33,67,11.00,7.16,2.61,3.16,3.07,0.00,0.00,0.00,0.00,0.00,0.00,Stadio Romeo Menti
1448114400,Nov 21 2015 - 2:00pm,complete,1586,Virtus Entella,Virtus Lanciano,N/A,14,1.83,0.14,2.05,0.59,1,1,2,1,0,1,"70","28",3,3,1,0,3,0,0,1,2,1,15,11,5,7,10,4,14,22,65,35,0.00,0.00,0.00,0.00,2.09,47,61,40,17,0,32,85,16,68,8.90,6.03,2.44,3.14,3.37,0.00,0.00,0.00,0.00,0.00,0.00,Stadio Comunale Chiavari
1448209800,Nov 22 2015 - 4:30pm,complete,24289,Bari 1908,Livorno,N/A,14,2.14,1.17,1.77,0.67,1,0,1,0,0,0,"88","",5,7,2,1,3,1,0,3,2,2,11,13,6,6,5,7,18,10,52,48,0.00,0.00,0.00,0.00,2.23,45,54,47,16,16,31,69,31,62,8.26,5.54,2.13,3.25,4.03,0.00,0.00,0.00,0.00,0.00,0.00,Stadio Comunale San Nicola
1448307000,Nov 23 2015 - 7:30pm,complete,12810,Cagliari,Ascoli,N/A,14,3.00,0.50,2.29,0.76,3,0,3,2,2,0,"28,31,86","",6,1,2,0,4,0,0,2,1,3,9,12,3,4,6,8,15,11,56,44,0.00,0.00,0.00,0.00,3.19,44,92,77,37,15,47,92,52,77,9.26,5.54,1.45,4.54,8.73,0.00,0.00,0.00,0.00,0.00,0.00,Stadio Sant'Elia (Cagliari)
1448647200,Nov 27 2015 - 6:00pm,complete,6841,Spezia,Crotone,N/A,15,1.50,1.29,1.68,1.52,0,1,1,1,0,1,"","13",11,5,3,0,1,0,1,2,1,0,15,5,5,2,10,3,18,25,56,44,0.00,0.00,0.00,0.00,1.75,31,54,23,15,7,16,77,23,45,10.83,5.96,2.18,3.04,4.21,0.00,0.00,0.00,0.00,0.00,0.00,Stadio Alberto Picco
1448654400,Nov 27 2015 - 8:00pm,complete,12623,Cesena,Pescara,N/A,15,2.57,1.14,2.27,1.39,1,0,1,1,1,0,"12","",5,4,2,0,4,1,0,2,3,2,34,23,17,9,17,14,21,21,49,51,0.00,0.00,0.00,0.00,2.64,29,79,43,36,7,43,65,29,79,9.71,6.00,2.31,3.06,3.77,0.00,0.00,0.00,0.00,0.00,0.00,Orogel Stadium-Dino Manuzzi
1448654400,Nov 27 2015 - 8:00pm,complete,9831,Salernitana,Pro Vercelli,N/A,15,1.57,0.67,1.55,0.90,1,2,3,1,0,1,"63","10,77",13,4,4,0,3,0,1,3,0,3,14,7,8,3,6,4,20,14,55,45,0.00,0.00,0.00,0.00,1.74,37,52,15,7,0,16,61,15,77,9.90,6.57,2.11,3.06,4.43,0.00,0.00,0.00,0.00,0.00,0.00,Stadio Arechi
1448719200,Nov 28 2015 - 2:00pm,complete,6500,Avellino,Perugia,N/A,15,1.83,0.71,1.38,1.14,1,2,3,1,1,0,"36","49,65",9,3,2,0,2,0,1,1,2,0,14,12,7,5,7,7,12,15,57,43,0.00,0.00,0.00,0.00,2.45,47,63,48,25,17,41,62,24,70,10.60,5.83,2.39,3.00,3.64,0.00,0.00,0.00,0.00,0.00,0.00,Stadio Partenio-Adriano Lombardi
1448719200,Nov 28 2015 - 2:00pm,complete,7991,Brescia,Cagliari,N/A,15,2.33,1.33,1.90,1.67,4,0,4,0,0,0,"48,57,78,90'3","",3,9,5,0,4,0,3,2,2,2,10,13,7,5,3,8,12,16,38,62,0.00,0.00,0.00,0.00,2.33,42,67,50,25,0,34,75,25,75,10.17,5.00,3.97,3.23,2.16,0.00,0.00,0.00,0.00,0.00,0.00,Stadio Mario Rigamonti
1448719200,Nov 28 2015 - 2:00pm,complete,3214,Como,Bari 1908,N/A,15,0.43,1.67,0.90,1.38,1,1,2,0,0,0,"54","70",5,5,4,0,4,0,2,2,4,0,8,5,3,3,5,2,22,12,47,53,0.00,0.00,0.00,0.00,2.38,45,77,47,23,9,45,62,38,69,10.47,8.19,3.62,2.98,2.42,0.00,0.00,0.00,0.00,0.00,0.00,Stadio Giuseppe Sinigaglia
1448719200,Nov 28 2015 - 2:00pm,complete,5404,Livorno,Novara,N/A,15,2.00,1.14,1.33,1.26,0,1,1,1,0,1,"","43",11,1,1,0,2,0,0,1,1,1,14,6,5,5,9,1,27,14,58,42,0.00,0.00,0.00,0.00,2.29,43,79,36,22,0,15,64,43,86,6.72,6.29,2.54,2.96,3.40,0.00,0.00,0.00,0.00,0.00,0.00,Stadio Armando Picchi
1448719200,Nov 28 2015 - 2:00pm,complete,2843,Ternana,Vicenza,N/A,15,1.00,1.57,1.52,1.14,2,0,2,1,1,0,"25,51","",10,2,3,0,1,0,3,0,0,1,14,8,6,3,8,5,17,14,47,53,0.00,0.00,0.00,0.00,2.64,50,79,57,22,14,43,64,29,86,12.00,4.71,3.17,2.95,2.70,0.00,0.00,0.00,0.00,0.00,0.00,Stadio Libero Liberati
1448719200,Nov 28 2015 - 2:00pm,complete,2308,Virtus Lanciano,Latina,N/A,15,1.67,0.86,1.59,0.71,2,1,3,2,1,1,"11,75","41",7,3,2,1,3,1,1,2,0,4,11,8,5,4,6,4,12,24,50,50,0.00,0.00,0.00,0.00,2.04,52,68,23,23,7,23,54,22,84,10.10,5.76,2.28,2.97,3.99,0.00,0.00,0.00,0.00,0.00,0.00,Stadio Comunale Guido Biondi
1448719200,Nov 28 2015 - 2:00pm,complete,3832,Modena,Virtus Entella,N/A,15,1.86,0.86,1.62,1.00,0,1,1,0,0,0,"","79",3,1,3,0,2,0,0,3,0,2,9,14,7,5,2,9,23,16,50,50,0.00,0.00,0.00,0.00,1.57,29,36,22,7,7,15,29,22,72,10.72,5.58,2.07,3.05,4.70,0.00,0.00,0.00,0.00,0.00,0.00,Stadio Alberto Braglia
1448814600,Nov 29 2015 - 4:30pm,complete,5697,Ascoli,Trapani,N/A,15,1.43,0.83,1.48,1.57,0,0,0,0,0,0,"","",3,3,2,0,1,0,0,2,1,0,10,5,6,2,4,3,22,11,55,45,0.00,0.00,0.00,0.00,1.94,31,48,31,23,9,17,48,31,54,6.57,6.88,2.58,3.04,3.24,0.00,0.00,0.00,0.00,0.00,0.00,Stadio Cino e Lillo Del Duca
1449252000,Dec 04 2015 - 6:00pm,complete,1963,Virtus Entella,Brescia,N/A,16,1.71,0.75,2.05,0.67,0,0,0,0,0,0,"","",12,5,0,0,0,0,0,0,0,0,8,10,4,5,4,5,9,20,63,37,0.00,0.00,0.00,0.00,2.70,54,73,53,46,7,53,87,32,66,9.25,6.36,2.55,3.18,3.14,0.00,0.00,0.00,0.00,0.00,0.00,Stadio Comunale Chiavari
1449259200,Dec 04 2015 - 8:00pm,complete,8983,Perugia,Modena,N/A,16,1.86,0.29,1.48,0.38,1,0,1,1,1,0,"8","",9,5,2,1,3,0,1,2,3,0,10,3,4,2,6,1,13,20,52,48,0.00,0.00,0.00,0.00,1.86,29,72,29,14,0,22,50,36,65,11.28,5.00,1.96,3.24,4.84,0.00,0.00,0.00,0.00,0.00,0.00,Stadio Renato Curi
1449324000,Dec 05 2015 - 2:00pm,complete,6512,Crotone,Cesena,N/A,16,2.71,0.86,2.38,0.86,2,0,2,0,0,0,"58,75","",8,3,1,0,1,0,0,1,0,1,12,10,5,5,7,5,15,15,55,45,0.00,0.00,0.00,0.00,2.86,64,86,65,36,7,29,72,58,86,8.57,6.00,2.63,2.96,3.25,0.00,0.00,0.00,0.00,0.00,0.00,Stadio Ezio Scida
1449324000,Dec 05 2015 - 2:00pm,complete,2838,Latina,Livorno,N/A,16,1.57,1.00,1.48,0.67,3,1,4,3,2,1,"9,26,90'1","36",2,3,3,0,5,0,0,3,2,3,16,9,5,6,11,3,17,24,50,50,0.00,0.00,0.00,0.00,2.22,50,57,50,14,7,22,57,43,71,8.86,6.14,2.68,2.98,3.15,0.00,0.00,0.00,0.00,0.00,0.00,Stadio Comunale Domenico Francioni
1449324000,Dec 05 2015 - 2:00pm,complete,4161,Novara,Virtus Lanciano,N/A,16,2.29,0.25,1.86,0.59,4,1,5,0,0,0,"51,76,78,87","64",1,6,2,1,5,1,2,1,2,4,9,8,5,5,4,3,20,9,43,57,0.00,0.00,0.00,0.00,1.86,32,59,20,7,0,7,73,21,80,8.64,5.45,1.81,3.22,6.16,0.00,0.00,0.00,0.00,0.00,0.00,Stadio Comunale Silvio Piola
1449324000,Dec 05 2015 - 2:00pm,complete,6079,Pescara,Spezia,N/A,16,2.29,1.00,2.17,1.39,2,2,4,0,0,0,"46,63","66,90",5,6,2,0,1,0,0,2,1,0,13,7,5,4,8,3,10,15,47,53,0.00,0.00,0.00,0.00,3.12,67,73,54,34,34,34,80,47,88,9.81,7.34,2.28,3.10,3.79,0.00,0.00,0.00,0.00,0.00,0.00,Stadio Adriatico-Giovanni Cornacchia
1449324000,Dec 05 2015 - 2:00pm,complete,2637,Pro Vercelli,Ternana,N/A,16,1.63,0.86,1.29,1.00,1,2,3,2,1,1,"32","19,90",3,5,2,0,5,0,1,1,1,4,12,12,6,6,6,6,9,23,51,49,0.00,0.00,0.00,0.00,2.16,41,67,48,0,0,20,66,35,75,10.31,6.46,2.68,2.93,3.21,0.00,0.00,0.00,0.00,0.00,0.00,Stadio Silvio Piola
1449324000,Dec 05 2015 - 2:00pm,complete,4556,Trapani,Avellino,N/A,16,1.75,0.63,1.91,0.95,2,1,3,1,1,0,"39,75","69",7,1,1,0,3,1,1,0,3,1,15,5,6,2,9,3,16,25,62,38,0.00,0.00,0.00,0.00,3.25,76,94,75,32,19,38,94,57,94,9.88,6.38,2.31,3.10,3.69,0.00,0.00,0.00,0.00,0.00,0.00,Stadio Polisportivo Provinciale
1449324000,Dec 05 2015 - 2:00pm,complete,17522,Bari 1908,Ascoli,N/A,16,2.25,0.43,1.77,0.76,3,0,3,1,1,0,"41,47,68","",9,3,1,0,2,0,0,1,1,1,9,13,4,6,5,7,14,13,56,44,0.00,0.00,0.00,0.00,2.42,32,68,55,14,7,41,75,27,67,7.93,6.61,1.60,3.61,8.20,0.00,0.00,0.00,0.00,0.00,0.00,Stadio Comunale San Nicola
1449410400,Dec 06 2015 - 2:00pm,complete,7443,Vicenza,Salernitana,N/A,16,1.14,0.57,1.19,0.77,0,0,0,0,0,0,"","",3,2,3,0,3,0,1,2,1,2,9,7,5,3,4,4,11,17,65,35,0.00,0.00,0.00,0.00,2.79,57,79,57,43,7,36,79,43,65,11.00,8.15,1.99,3.16,4.86,0.00,0.00,0.00,0.00,0.00,0.00,Stadio Romeo Menti
1449419400,Dec 06 2015 - 4:30pm,complete,13180,Cagliari,Como,N/A,16,3.00,0.71,2.29,0.67,1,1,2,0,0,0,"90'2","50",9,10,4,1,3,0,2,3,3,0,13,10,8,4,5,6,18,13,57,43,0.00,0.00,0.00,0.00,3.32,53,93,66,47,20,54,86,53,87,10.21,5.61,1.32,5.13,9.99,0.00,0.00,0.00,0.00,0.00,0.00,Stadio Sant'Elia (Cagliari)
1449583200,Dec 08 2015 - 2:00pm,complete,6000,Avellino,Pro Vercelli,N/A,17,1.57,1.00,1.38,0.90,1,0,1,0,0,0,"56","",9,4,2,0,3,0,1,1,1,2,15,7,8,4,7,3,18,15,51,49,0.00,0.00,0.00,0.00,2.43,43,65,43,22,15,36,64,29,79,10.86,4.86,1.86,3.31,5.37,0.00,0.00,0.00,0.00,0.00,0.00,Stadio Partenio-Adriano Lombardi
1449583200,Dec 08 2015 - 2:00pm,complete,11276,Cesena,Trapani,N/A,17,2.63,0.86,2.27,1.57,0,0,0,0,0,0,"","",7,3,2,1,1,1,0,3,1,1,37,19,12,9,25,10,20,13,62,38,0.00,0.00,0.00,0.00,2.18,27,66,27,20,14,34,73,27,59,8.99,5.74,1.98,3.35,4.51,0.00,0.00,0.00,0.00,0.00,0.00,Orogel Stadium-Dino Manuzzi
1449583200,Dec 08 2015 - 2:00pm,complete,5416,Modena,Bari 1908,N/A,17,1.63,1.57,1.62,1.38,2,1,3,2,2,0,"5,16","68",8,7,6,0,1,0,3,3,1,0,13,13,7,7,6,6,21,11,50,50,0.00,0.00,0.00,0.00,1.90,34,55,28,7,7,15,35,34,86,9.45,7.54,2.85,3.16,2.79,0.00,0.00,0.00,0.00,0.00,0.00,Stadio Alberto Braglia
1449583200,Dec 08 2015 - 2:00pm,complete,9335,Perugia,Novara,N/A,17,2.00,1.38,1.48,1.26,1,4,5,1,0,1,"64","16,61,74,85",11,2,2,0,2,0,0,2,1,1,17,3,3,2,14,1,8,16,64,36,0.00,0.00,0.00,0.00,1.32,13,44,13,7,0,7,57,19,51,9.26,6.26,2.46,3.04,3.46,0.00,0.00,0.00,0.00,0.00,0.00,Stadio Renato Curi
1449583200,Dec 08 2015 - 2:00pm,complete,1747,Virtus Entella,Latina,N/A,17,1.63,0.75,2.05,0.71,1,0,1,0,0,0,"74","",7,10,3,0,7,0,1,2,2,5,16,9,7,5,9,4,16,25,54,46,0.00,0.00,0.00,0.00,2.26,63,69,38,25,7,38,69,26,75,10.13,6.00,2.53,3.04,3.32,0.00,0.00,0.00,0.00,0.00,0.00,Stadio Comunale Chiavari
1449583200,Dec 08 2015 - 2:00pm,complete,5960,Ascoli,Ternana,N/A,17,1.38,1.13,1.48,1.00,1,0,1,1,1,0,"15","",8,5,6,0,3,0,5,1,1,2,9,8,5,0,4,8,18,13,40,60,0.00,0.00,0.00,0.00,2.00,38,50,50,13,0,13,38,38,69,8.01,7.38,2.75,3.02,3.03,0.00,0.00,0.00,0.00,0.00,0.00,Stadio Cino e Lillo Del Duca
1449595800,Dec 08 2015 - 5:30pm,complete,7901,Brescia,Pescara,N/A,17,2.43,1.00,1.90,1.39,2,0,2,2,2,0,"33,35","",1,6,0,0,2,0,0,0,1,1,9,10,5,5,4,5,13,12,40,60,0.00,0.00,0.00,0.00,2.69,34,75,61,41,0,41,61,27,75,9.21,5.39,2.50,3.31,3.09,0.00,0.00,0.00,0.00,0.00,0.00,Stadio Mario Rigamonti
1449682200,Dec 09 2015 - 5:30pm,complete,2580,Como,Crotone,N/A,17,0.50,1.50,0.90,1.52,0,1,1,0,0,0,"","87",9,4,5,0,4,0,2,3,2,2,10,6,6,3,4,3,19,19,46,54,0.00,0.00,0.00,0.00,2.13,44,69,32,25,7,32,63,38,63,11.01,7.76,3.07,3.09,2.66,0.00,0.00,0.00,0.00,0.00,0.00,Stadio Giuseppe Sinigaglia
1449682200,Dec 09 2015 - 5:30pm,complete,5207,Livorno,Salernitana,N/A,17,1.75,0.63,1.33,0.77,0,0,0,0,0,0,"","",9,6,2,0,2,0,1,1,1,1,20,5,10,3,10,2,22,19,49,51,0.00,0.00,0.00,0.00,2.75,57,82,57,44,0,25,82,50,82,8.63,6.88,2.02,3.30,4.40,0.00,0.00,0.00,0.00,0.00,0.00,Stadio Armando Picchi
1449682200,Dec 09 2015 - 5:30pm,complete,6287,Spezia,Vicenza,N/A,17,1.29,1.38,1.68,1.14,1,0,1,1,1,0,"45'3","",3,7,4,0,3,0,2,2,2,1,13,8,6,5,7,3,22,19,46,54,0.00,0.00,0.00,0.00,1.97,40,59,32,13,7,26,75,14,59,12.31,3.86,2.20,3.16,3.93,0.00,0.00,0.00,0.00,0.00,0.00,Stadio Alberto Picco
1449682200,Dec 09 2015 - 5:30pm,complete,2582,Virtus Lanciano,Cagliari,N/A,17,1.86,1.14,1.59,1.67,1,3,4,2,0,2,"61","13,34,67",8,2,3,1,6,0,3,1,2,4,6,9,4,3,2,6,12,15,49,51,0.00,0.00,0.00,0.00,1.93,36,57,36,22,0,22,57,22,71,11.57,5.86,4.11,3.32,2.08,0.00,0.00,0.00,0.00,0.00,0.00,Stadio Comunale Guido Biondi
1449928800,Dec 12 2015 - 2:00pm,complete,5500,Avellino,Virtus Lanciano,N/A,18,1.75,0.22,1.38,0.59,3,2,5,1,0,1,"56,83,87","44,50",7,1,4,0,4,1,4,0,2,3,20,6,14,2,6,4,14,15,62,38,0.00,0.00,0.00,0.00,2.67,53,77,48,25,18,31,71,30,89,10.66,5.10,1.90,3.36,4.96,0.00,0.00,0.00,0.00,0.00,0.00,Stadio Partenio-Adriano Lombardi
1449928800,Dec 12 2015 - 2:00pm,complete,5805,Livorno,Cagliari,N/A,18,1.67,1.38,1.33,1.67,1,1,2,1,0,1,"49","3",7,2,4,0,4,0,1,3,2,2,6,7,4,3,2,4,20,21,51,49,0.00,0.00,0.00,0.00,2.41,41,71,47,36,0,24,65,47,77,10.03,5.97,3.42,3.06,2.46,0.00,0.00,0.00,0.00,0.00,0.00,Stadio Armando Picchi
1449928800,Dec 12 2015 - 2:00pm,complete,2750,Pro Vercelli,Cesena,N/A,18,1.44,0.75,1.29,0.86,2,0,2,2,2,0,"10,24","",4,5,2,0,2,0,0,2,0,2,9,5,5,2,4,3,18,22,43,57,0.00,0.00,0.00,0.00,2.13,54,71,36,13,0,29,70,25,71,9.17,6.05,3.04,3.00,2.75,0.00,0.00,0.00,0.00,0.00,0.00,Stadio Silvio Piola
1449928800,Dec 12 2015 - 2:00pm,complete,6547,Spezia,Latina,N/A,18,1.50,0.67,1.68,0.71,2,1,3,2,1,1,"27,51","45'2",7,3,4,0,3,0,2,2,1,2,12,5,6,2,6,3,15,20,53,47,0.00,0.00,0.00,0.00,1.91,46,58,23,11,6,23,72,23,63,11.77,6.02,2.02,3.21,4.57,0.00,0.00,0.00,0.00,0.00,0.00,Stadio Alberto Picco
1449928800,Dec 12 2015 - 2:00pm,complete,2988,Ternana,Como,N/A,18,1.25,0.75,1.52,0.67,4,0,4,2,2,0,"25,40,70,74","",5,4,1,0,2,0,0,1,2,0,13,15,6,10,7,5,22,14,46,54,0.00,0.00,0.00,0.00,2.76,44,88,44,26,13,44,69,44,88,12.51,6.38,2.13,3.19,4.12,0.00,0.00,0.00,0.00,0.00,0.00,Stadio Libero Liberati
1449928800,Dec 12 2015 - 2:00pm,complete,6740,Vicenza,Brescia,N/A,18,1.13,0.78,1.19,0.67,1,2,3,2,0,2,"46","20,29",12,1,3,0,6,0,2,1,2,4,12,7,5,5,7,2,9,24,72,28,0.00,0.00,0.00,0.00,2.51,41,71,47,41,12,47,64,35,53,10.21,6.36,2.26,3.21,3.68,0.00,0.00,0.00,0.00,0.00,0.00,Stadio Romeo Menti
1449928800,Dec 12 2015 - 2:00pm,complete,9266,Salernitana,Ascoli,N/A,18,1.38,0.38,1.55,0.76,2,0,2,1,1,0,"27,52","",3,5,1,0,3,0,0,1,2,1,7,16,4,8,3,8,6,18,47,53,0.00,0.00,0.00,0.00,2.50,38,82,57,13,0,32,82,38,82,9.88,7.26,2.03,3.20,4.53,0.00,0.00,0.00,0.00,0.00,0.00,Stadio Arechi
1449928800,Dec 12 2015 - 2:00pm,complete,5648,Pescara,Virtus Entella,N/A,18,2.13,1.13,2.17,1.00,2,0,2,1,1,0,"33,87","",6,5,4,0,3,0,3,1,1,2,17,4,6,0,11,4,19,19,55,45,0.00,0.00,0.00,0.00,2.25,50,50,44,26,19,25,51,32,75,10.25,5.75,2.04,3.26,4.37,0.00,0.00,0.00,0.00,0.00,0.00,Stadio Adriatico-Giovanni Cornacchia
1450006200,Dec 13 2015 - 11:30am,complete,18221,Bari 1908,Perugia,N/A,18,2.33,1.00,1.77,1.14,1,0,1,0,0,0,"67","",7,3,1,0,2,0,0,1,0,2,5,4,0,4,5,0,7,15,53,47,0.00,0.00,0.00,0.00,1.99,47,53,41,6,6,18,65,29,65,9.25,6.31,2.18,3.09,4.11,0.00,0.00,0.00,0.00,0.00,0.00,Stadio Comunale San Nicola
1450035000,Dec 13 2015 - 7:30pm,complete,6723,Crotone,Modena,N/A,18,2.75,0.25,2.38,0.38,1,0,1,0,0,0,"74","",8,0,2,0,4,1,0,2,3,2,24,2,8,2,16,0,14,16,65,35,0.00,0.00,0.00,0.00,2.82,50,94,57,26,7,25,69,69,88,9.88,4.63,1.89,3.36,5.04,0.00,0.00,0.00,0.00,0.00,0.00,Stadio Ezio Scida
1450121400,Dec 14 2015 - 7:30pm,complete,4632,Novara,Trapani,N/A,18,2.38,0.88,1.86,1.57,4,1,5,0,0,0,"74,78,86,90","75",8,4,1,0,1,0,0,1,0,1,18,5,6,0,12,5,17,6,52,48,0.00,0.00,0.00,0.00,1.88,25,50,25,19,13,13,50,32,57,8.38,5.63,1.88,3.45,4.92,0.00,0.00,0.00,0.00,0.00,0.00,Stadio Comunale Silvio Piola
1450461600,Dec 18 2015 - 6:00pm,complete,4280,Modena,Salernitana,N/A,19,1.78,0.67,1.62,0.77,2,0,2,2,2,0,"40,45","",8,4,2,0,2,0,1,1,1,1,7,12,3,2,4,10,13,12,46,54,0.00,0.00,0.00,0.00,2.06,45,56,39,22,0,17,50,33,84,10.67,7.89,2.10,3.18,4.25,0.00,0.00,0.00,0.00,0.00,0.00,Stadio Alberto Braglia
1450468800,Dec 18 2015 - 8:00pm,complete,8418,Perugia,Livorno,N/A,19,1.78,0.88,1.48,0.67,4,1,5,1,0,1,"56,71,74,90","33",10,4,7,1,3,1,3,5,4,0,11,5,7,3,4,2,16,13,54,46,0.00,0.00,0.00,0.00,1.91,25,47,36,24,12,25,60,24,60,10.80,5.81,2.07,3.14,4.46,0.00,0.00,0.00,0.00,0.00,0.00,Stadio Renato Curi
1450533600,Dec 19 2015 - 2:00pm,complete,7853,Brescia,Spezia,N/A,19,2.50,1.00,1.90,1.39,1,1,2,1,0,1,"69","23",3,6,2,1,2,0,1,2,0,2,15,13,10,6,5,7,20,17,49,51,0.00,0.00,0.00,0.00,3.16,53,83,60,41,17,42,77,41,77,7.92,5.21,2.61,3.18,3.05,0.00,0.00,0.00,0.00,0.00,0.00,Stadio Mario Rigamonti
1450533600,Dec 19 2015 - 2:00pm,complete,11048,Cesena,Ternana,N/A,19,2.44,1.00,2.27,1.00,4,0,4,1,1,0,"8,76,78,90'3","",5,4,2,0,3,0,1,1,2,1,26,14,6,8,20,6,17,20,49,51,0.00,0.00,0.00,0.00,2.28,33,67,45,11,6,28,67,33,73,10.66,6.67,2.10,3.10,4.42,0.00,0.00,0.00,0.00,0.00,0.00,Orogel Stadium-Dino Manuzzi
1450533600,Dec 19 2015 - 2:00pm,complete,3263,Como,Avellino,N/A,19,0.44,0.56,0.90,0.95,0,1,1,0,0,0,"","53",8,3,3,0,3,1,1,2,1,3,11,8,5,3,6,5,19,15,46,54,0.00,0.00,0.00,0.00,2.72,73,89,56,28,6,33,72,56,89,11.78,7.11,2.63,3.23,2.98,0.00,0.00,0.00,0.00,0.00,0.00,Stadio Giuseppe Sinigaglia
1450533600,Dec 19 2015 - 2:00pm,complete,2785,Latina,Crotone,N/A,19,1.75,1.67,1.48,1.52,2,2,4,1,1,0,"30,90","67,84",3,7,4,1,5,0,0,5,2,3,7,17,4,10,3,7,20,25,44,56,0.00,0.00,0.00,0.00,2.21,49,60,43,24,6,18,65,36,66,8.36,7.02,2.67,3.04,3.11,0.00,0.00,0.00,0.00,0.00,0.00,Stadio Comunale Domenico Francioni
1450533600,Dec 19 2015 - 2:00pm,complete,3975,Trapani,Pro Vercelli,N/A,19,1.89,0.88,1.91,0.90,1,1,2,1,1,0,"33","77",7,2,2,0,2,0,0,2,1,1,6,5,5,3,1,2,12,16,55,45,0.00,0.00,0.00,0.00,2.36,46,64,46,11,11,29,70,35,82,9.25,6.11,1.93,3.34,4.83,0.00,0.00,0.00,0.00,0.00,0.00,Stadio Polisportivo Provinciale
1450533600,Dec 19 2015 - 2:00pm,complete,4181,Virtus Lanciano,Pescara,N/A,19,1.63,0.89,1.59,1.39,1,2,3,1,0,1,"56","26,50",10,2,3,0,1,0,1,2,0,1,13,8,7,3,6,5,13,19,53,47,0.00,0.00,0.00,0.00,2.17,36,65,41,29,0,41,60,18,66,10.80,5.86,2.92,3.18,2.71,0.00,0.00,0.00,0.00,0.00,0.00,Stadio Comunale Guido Biondi
1450533600,Dec 19 2015 - 2:00pm,complete,1596,Virtus Entella,Vicenza,N/A,19,1.78,1.22,2.05,1.14,4,1,5,2,1,1,"10,54,58,83","13",2,4,1,0,3,0,0,1,1,2,12,6,5,2,7,4,10,15,49,51,0.00,0.00,0.00,0.00,2.06,44,56,39,22,6,33,67,11,67,11.11,4.67,2.56,3.03,3.29,0.00,0.00,0.00,0.00,0.00,0.00,Stadio Comunale Chiavari
1450533600,Dec 19 2015 - 2:00pm,complete,5220,Ascoli,Novara,N/A,19,1.56,1.56,1.48,1.26,1,3,4,2,0,2,"65","5,43,89",5,2,6,1,2,0,2,5,0,2,14,14,8,4,6,10,18,18,58,42,0.00,0.00,0.00,0.00,1.67,28,39,22,17,6,0,50,28,56,6.22,7.22,4.43,3.23,2.04,0.00,0.00,0.00,0.00,0.00,0.00,Stadio Cino e Lillo Del Duca
1450544400,Dec 19 2015 - 5:00pm,complete,13200,Cagliari,Bari 1908,N/A,19,2.78,1.38,2.29,1.38,2,1,3,3,2,1,"22,35","38",4,3,3,0,2,0,2,1,0,2,12,6,3,4,9,2,23,12,57,43,0.00,0.00,0.00,0.00,2.91,59,88,64,29,18,41,76,53,82,9.89,5.99,1.76,3.54,5.73,0.00,0.00,0.00,0.00,0.00,0.00,Stadio Sant'Elia (Cagliari)
1450812600,Dec 22 2015 - 7:30pm,complete,6000,Avellino,Virtus Entella,N/A,20,1.89,1.00,1.38,1.00,2,0,2,1,1,0,"4,86","",7,6,3,0,2,0,1,2,1,1,13,13,7,5,6,8,23,18,48,52,0.00,0.00,0.00,0.00,2.39,39,56,45,28,22,33,56,28,73,11.00,4.44,2.04,3.15,4.58,0.00,0.00,0.00,0.00,0.00,0.00,Stadio Partenio-Adriano Lombardi
1450899000,Dec 23 2015 - 7:30pm,complete,21878,Bari 1908,Brescia,N/A,20,2.40,1.00,1.77,0.67,1,2,3,1,1,0,"11","68,78",9,2,4,0,4,0,0,4,2,2,15,7,8,4,7,3,13,17,62,38,0.00,0.00,0.00,0.00,2.50,45,65,50,30,10,40,70,35,70,9.20,5.80,1.98,3.23,4.75,0.00,0.00,0.00,0.00,0.00,0.00,Stadio Comunale San Nicola
1450899000,Dec 23 2015 - 7:30pm,complete,8551,Crotone,Trapani,N/A,20,2.78,0.78,2.38,1.57,0,0,0,0,0,0,"","",6,10,0,0,3,0,0,0,0,3,9,12,3,3,6,9,18,15,56,44,0.00,0.00,0.00,0.00,2.50,39,73,50,28,17,22,56,56,72,8.56,4.78,1.95,3.24,4.89,0.00,0.00,0.00,0.00,0.00,0.00,Stadio Ezio Scida
1450899000,Dec 23 2015 - 7:30pm,complete,6135,Novara,Cesena,N/A,20,2.44,0.67,1.86,0.86,0,0,0,0,0,0,"","",7,5,0,0,3,0,0,0,2,1,22,9,9,4,13,5,6,9,55,45,0.00,0.00,0.00,0.00,2.33,45,67,33,28,11,17,50,39,73,9.56,5.78,2.07,3.13,4.49,0.00,0.00,0.00,0.00,0.00,0.00,Stadio Comunale Silvio Piola
1450899000,Dec 23 2015 - 7:30pm,complete,6802,Pescara,Modena,N/A,20,2.22,0.22,2.17,0.38,1,0,1,0,0,0,"54","",7,6,3,0,4,0,0,3,2,2,9,6,4,4,5,2,16,21,52,48,0.00,0.00,0.00,0.00,2.56,56,78,45,22,11,22,62,44,89,11.11,6.45,1.88,3.28,5.33,0.00,0.00,0.00,0.00,0.00,0.00,Stadio Adriatico-Giovanni Cornacchia
1450899000,Dec 23 2015 - 7:30pm,complete,2806,Pro Vercelli,Perugia,N/A,20,1.60,0.89,1.29,1.14,0,1,1,1,0,1,"","25",5,1,2,1,3,0,1,2,1,2,14,4,4,2,10,2,9,16,47,53,0.00,0.00,0.00,0.00,1.84,42,57,32,0,0,26,73,16,64,8.71,6.16,3.04,2.95,2.80,0.00,0.00,0.00,0.00,0.00,0.00,Stadio Silvio Piola
1450899000,Dec 23 2015 - 7:30pm,complete,7077,Spezia,Como,N/A,20,1.67,0.67,1.68,0.67,1,1,2,0,0,0,"70","65",6,4,2,0,5,0,1,1,2,3,17,9,9,6,8,3,13,15,56,44,0.00,0.00,0.00,0.00,2.28,39,67,33,22,6,39,78,34,61,12.11,5.89,1.68,3.55,6.83,0.00,0.00,0.00,0.00,0.00,0.00,Stadio Alberto Picco
1450899000,Dec 23 2015 - 7:30pm,complete,3008,Ternana,Virtus Lanciano,N/A,20,1.44,0.20,1.52,0.59,1,1,2,0,0,0,"71","50",0,4,2,1,5,0,1,2,1,4,4,9,3,4,1,5,15,12,43,57,0.00,0.00,0.00,0.00,2.69,47,85,48,21,16,27,79,37,90,10.39,5.84,1.99,3.18,4.79,0.00,0.00,0.00,0.00,0.00,0.00,Stadio Libero Liberati
1450899000,Dec 23 2015 - 7:30pm,complete,6972,Vicenza,Latina,N/A,20,1.00,0.60,1.19,0.71,1,1,2,1,0,1,"53","36",4,1,3,0,4,0,3,0,1,3,17,9,9,7,8,2,26,15,60,40,0.00,0.00,0.00,0.00,2.36,57,74,42,21,11,42,58,26,72,11.26,7.02,2.19,3.09,4.08,0.00,0.00,0.00,0.00,0.00,0.00,Stadio Romeo Menti
1450899000,Dec 23 2015 - 7:30pm,complete,5281,Livorno,Ascoli,N/A,20,1.60,0.33,1.33,0.76,1,3,4,2,0,2,"67","2,6,82",7,2,2,0,5,0,1,1,0,5,13,6,6,4,7,2,17,19,64,36,0.00,0.00,0.00,0.00,2.54,31,85,54,21,0,32,80,37,79,8.56,5.96,1.61,3.70,7.53,0.00,0.00,0.00,0.00,0.00,0.00,Stadio Armando Picchi
1450958400,Dec 24 2015 - 12:00pm,complete,11855,Salernitana,Cagliari,N/A,20,1.56,1.33,1.55,1.67,0,2,2,1,0,1,"","29,84",4,6,7,2,3,2,3,6,0,5,11,13,7,4,4,9,22,17,47,53,0.00,0.00,0.00,0.00,2.28,50,73,39,22,0,17,73,39,84,11.00,7.11,4.23,3.20,2.10,0.00,0.00,0.00,0.00,0.00,0.00,Stadio Arechi
1451215800,Dec 27 2015 - 11:30am,complete,3124,Latina,Pescara,N/A,21,1.67,1.10,1.48,1.39,0,1,1,0,0,0,"","81",4,5,3,0,2,1,0,3,2,1,12,13,5,8,7,5,17,20,50,50,0.00,0.00,0.00,0.00,2.59,54,74,59,32,0,31,64,43,69,8.51,6.23,2.74,3.13,2.94,0.00,0.00,0.00,0.00,0.00,0.00,Stadio Comunale Domenico Francioni
1451224800,Dec 27 2015 - 2:00pm,complete,10397,Brescia,Ternana,N/A,21,2.33,0.90,1.90,1.00,0,0,0,0,0,0,"","",6,5,0,1,5,0,1,0,1,4,11,18,7,13,4,5,17,16,43,57,0.00,0.00,0.00,0.00,2.64,42,80,63,22,0,32,69,36,79,9.31,5.70,2.08,3.26,4.22,0.00,0.00,0.00,0.00,0.00,0.00,Stadio Mario Rigamonti
1451224800,Dec 27 2015 - 2:00pm,complete,15354,Cagliari,Pro Vercelli,N/A,21,2.80,0.89,2.29,0.90,3,0,3,2,2,0,"14,25,90'2","",3,3,3,0,2,0,3,0,1,1,9,6,5,2,4,4,20,17,52,48,0.00,0.00,0.00,0.00,2.48,52,72,46,20,10,31,73,36,79,9.70,5.09,1.37,4.90,9.99,0.00,0.00,0.00,0.00,0.00,0.00,Stadio Sant'Elia (Cagliari)
1451224800,Dec 27 2015 - 2:00pm,complete,13088,Cesena,Avellino,N/A,21,2.50,0.80,2.27,0.95,1,2,3,1,1,0,"13","53,63",7,5,3,0,3,1,1,2,0,4,26,15,13,10,13,5,19,14,46,54,0.00,0.00,0.00,0.00,2.70,50,80,50,30,10,25,85,45,85,9.80,6.10,2.15,3.21,4.04,0.00,0.00,0.00,0.00,0.00,0.00,Orogel Stadium-Dino Manuzzi
1451224800,Dec 27 2015 - 2:00pm,complete,3891,Como,Salernitana,N/A,21,0.40,0.60,0.90,0.77,2,1,3,2,1,1,"38,90'4","29",8,4,4,0,3,1,1,3,0,4,18,5,4,2,14,3,12,20,61,39,0.00,0.00,0.00,0.00,2.25,50,70,40,30,0,35,60,40,70,11.70,8.00,2.35,3.16,3.54,0.00,0.00,0.00,0.00,0.00,0.00,Stadio Giuseppe Sinigaglia
1451224800,Dec 27 2015 - 2:00pm,complete,4981,Modena,Novara,N/A,21,1.90,1.70,1.62,1.26,3,0,3,1,1,0,"38,74,90'3","",7,4,1,0,0,0,0,1,0,0,11,12,5,6,6,6,12,13,63,37,0.00,0.00,0.00,0.00,1.90,35,55,25,10,5,15,50,30,80,9.20,6.70,3.21,3.04,2.60,0.00,0.00,0.00,0.00,0.00,0.00,Stadio Alberto Braglia
1451224800,Dec 27 2015 - 2:00pm,complete,5718,Trapani,Bari 1908,N/A,21,1.80,1.22,1.91,1.38,1,0,1,0,0,0,"59","",7,10,0,0,2,0,0,0,1,1,16,12,9,6,7,6,17,13,41,59,0.00,0.00,0.00,0.00,2.77,63,84,63,16,16,42,79,42,79,9.09,6.67,2.62,3.10,3.11,0.00,0.00,0.00,0.00,0.00,0.00,Stadio Polisportivo Provinciale
1451224800,Dec 27 2015 - 2:00pm,complete,2663,Virtus Lanciano,Livorno,N/A,21,1.44,0.78,1.59,0.67,2,1,3,0,0,0,"61,63","81",5,5,2,0,4,0,1,1,2,2,6,12,3,5,3,7,20,18,47,53,0.00,0.00,0.00,0.00,2.34,50,62,50,28,11,33,67,28,78,10.67,6.22,2.60,3.08,3.18,0.00,0.00,0.00,0.00,0.00,0.00,Stadio Comunale Guido Biondi
1451224800,Dec 27 2015 - 2:00pm,complete,3418,Virtus Entella,Crotone,N/A,21,1.90,1.60,2.05,1.52,1,2,3,3,1,2,"27","9,24",11,4,2,0,1,0,1,1,0,1,12,8,7,3,5,5,15,26,67,33,0.00,0.00,0.00,0.00,2.05,40,50,35,30,10,25,70,25,60,10.00,6.40,2.86,3.03,2.89,0.00,0.00,0.00,0.00,0.00,0.00,Stadio Comunale Chiavari
1451224800,Dec 27 2015 - 2:00pm,complete,6865,Ascoli,Spezia,N/A,21,1.40,1.00,1.48,1.39,3,0,3,0,0,0,"53,78,79","",5,4,2,0,2,0,2,0,1,1,19,8,8,4,11,4,17,20,47,53,0.00,0.00,0.00,0.00,2.50,50,55,40,35,15,20,60,40,65,7.30,7.40,3.04,3.07,2.69,0.00,0.00,0.00,0.00,0.00,0.00,Stadio Cino e Lillo Del Duca
1452886200,Jan 15 2016 - 7:30pm,complete,7258,Spezia,Bari 1908,N/A,22,1.60,1.10,1.68,1.38,0,0,0,0,0,0,"","",6,5,1,0,3,0,1,0,1,2,14,9,3,4,11,5,10,11,50,50,0.00,0.00,0.00,0.00,1.95,45,60,35,5,5,30,70,25,55,11.30,5.80,2.46,3.07,3.41,0.00,0.00,0.00,0.00,0.00,0.00,Stadio Alberto Picco
1452952800,Jan 16 2016 - 2:00pm,complete,10125,Avellino,Salernitana,N/A,22,2.00,0.55,1.38,0.77,1,0,1,0,0,0,"73","",3,5,3,0,3,0,1,2,2,1,12,10,5,5,7,5,13,19,55,45,0.00,0.00,0.00,0.00,2.78,53,77,58,38,15,38,76,38,77,11.35,6.29,1.90,3.35,4.98,0.00,0.00,0.00,0.00,0.00,0.00,Stadio Partenio-Adriano Lombardi
1452952800,Jan 16 2016 - 2:00pm,complete,6035,Como,Perugia,N/A,22,0.64,1.10,0.90,1.14,1,0,1,1,1,0,"36","",5,6,3,0,3,1,2,1,1,3,10,11,7,8,3,3,14,17,48,52,0.00,0.00,0.00,0.00,1.89,48,57,33,9,0,28,53,28,71,11.07,7.41,3.24,2.95,2.65,0.00,0.00,0.00,0.00,0.00,0.00,Stadio Giuseppe Sinigaglia
1452952800,Jan 16 2016 - 2:00pm,complete,2147,Virtus Lanciano,Pro Vercelli,N/A,22,1.60,0.80,1.59,0.90,1,0,1,0,0,0,"86","",3,3,1,0,3,1,1,0,2,2,9,5,4,0,5,5,17,18,57,43,0.00,0.00,0.00,0.00,1.95,45,60,35,10,0,25,60,20,80,10.30,5.50,2.71,3.00,3.10,0.00,0.00,0.00,0.00,0.00,0.00,Stadio Comunale Guido Biondi
1452952800,Jan 16 2016 - 2:00pm,complete,2418,Latina,Novara,N/A,22,1.50,1.55,1.48,1.26,1,0,1,1,1,0,"35","",3,8,4,0,2,0,0,4,2,0,7,11,3,3,4,8,19,19,49,51,0.00,0.00,0.00,0.00,2.39,53,67,48,24,5,15,67,48,77,7.10,6.30,3.20,3.02,2.62,0.00,0.00,0.00,0.00,0.00,0.00,Stadio Comunale Domenico Francioni
1452952800,Jan 16 2016 - 2:00pm,complete,6068,Pescara,Livorno,N/A,22,2.30,0.70,2.17,0.67,2,1,3,0,0,0,"66,90'2","56",7,1,2,0,3,1,1,1,1,3,16,4,11,2,5,2,17,15,65,35,0.00,0.00,0.00,0.00,2.65,55,65,55,30,20,25,60,40,90,10.50,7.00,1.88,3.40,5.04,0.00,0.00,0.00,0.00,0.00,0.00,Stadio Adriatico-Giovanni Cornacchia
1452952800,Jan 16 2016 - 2:00pm,complete,2914,Ternana,Trapani,N/A,22,1.40,0.80,1.52,1.57,1,0,1,0,0,0,"90'1","",7,3,2,0,2,0,0,2,1,1,11,6,8,3,3,3,15,12,56,44,0.00,0.00,0.00,0.00,2.25,35,70,40,20,15,30,55,40,65,10.60,5.20,2.26,3.15,3.77,0.00,0.00,0.00,0.00,0.00,0.00,Stadio Libero Liberati
1452952800,Jan 16 2016 - 2:00pm,complete,7419,Vicenza,Modena,N/A,22,1.00,0.20,1.19,0.38,2,1,3,1,0,1,"75,90'1","45'2",5,6,3,0,3,2,2,1,1,4,9,7,4,4,5,3,9,23,58,42,0.00,0.00,0.00,0.00,2.15,45,70,35,15,5,30,55,30,65,11.30,6.20,2.24,3.09,3.91,0.00,0.00,0.00,0.00,0.00,0.00,Stadio Romeo Menti
1453048200,Jan 17 2016 - 4:30pm,complete,8932,Brescia,Cesena,N/A,22,2.20,0.70,1.90,0.86,2,1,3,1,0,1,"59,87","24",4,6,2,0,6,2,1,1,2,6,17,7,9,3,8,4,8,17,60,40,0.00,0.00,0.00,0.00,2.25,45,75,40,25,0,35,60,25,65,8.90,5.20,2.34,3.21,3.49,0.00,0.00,0.00,0.00,0.00,0.00,Stadio Mario Rigamonti
1453145400,Jan 18 2016 - 7:30pm,complete,9244,Crotone,Cagliari,N/A,22,2.60,1.50,2.38,1.67,3,1,4,3,2,1,"2,45,74","21",3,1,2,0,5,2,2,0,2,5,12,5,4,4,8,1,20,24,49,51,0.00,0.00,0.00,0.00,2.50,40,75,50,30,5,20,65,55,85,9.90,6.00,3.23,3.15,2.51,0.00,0.00,0.00,0.00,0.00,0.00,Stadio Ezio Scida
1453145400,Jan 18 2016 - 7:30pm,complete,1632,Virtus Entella,Ascoli,N/A,22,1.73,0.60,2.05,0.76,4,0,4,4,4,0,"28,31,34,39","",2,3,1,0,4,0,1,0,1,3,7,15,3,6,4,9,7,13,55,45,0.00,0.00,0.00,0.00,2.49,38,73,58,24,5,48,82,29,68,9.49,6.06,2.07,3.17,4.41,0.00,0.00,0.00,0.00,0.00,0.00,Stadio Comunale Chiavari
1453231800,Jan 19 2016 - 7:30pm,complete,9933,Perugia,Vicenza,N/A,21,1.90,1.10,1.48,1.14,0,1,1,0,0,0,"","86",3,7,3,0,2,0,0,3,1,1,13,9,9,7,4,2,13,12,48,52,0.00,0.00,0.00,0.00,2.25,35,60,40,30,20,25,65,25,65,12.00,5.30,1.83,3.37,5.46,0.00,0.00,0.00,0.00,0.00,0.00,Stadio Renato Curi
1453491000,Jan 22 2016 - 7:30pm,complete,9615,Salernitana,Brescia,N/A,23,1.40,1.18,1.55,0.67,3,0,3,1,1,0,"23,55,62","",6,1,4,0,3,0,1,3,2,1,11,17,7,7,4,10,21,13,51,49,0.00,0.00,0.00,0.00,2.56,53,81,47,28,5,33,81,38,82,9.72,7.55,2.75,3.12,2.93,0.00,0.00,0.00,0.00,0.00,0.00,Stadio Arechi
1453557600,Jan 23 2016 - 2:00pm,complete,16496,Bari 1908,Vicenza,N/A,23,2.18,1.27,1.77,1.14,2,1,3,1,1,0,"45,59","69",5,7,1,0,5,1,1,0,1,5,9,11,7,5,2,6,12,15,53,47,0.00,0.00,0.00,0.00,2.32,45,60,45,18,14,27,64,27,78,10.73,4.73,2.02,3.15,4.69,0.00,0.00,0.00,0.00,0.00,0.00,Stadio Comunale San Nicola
1453557600,Jan 23 2016 - 2:00pm,complete,10245,Cagliari,Ternana,N/A,23,2.82,0.91,2.29,1.00,1,0,1,0,0,0,"60","",8,1,2,0,3,0,0,2,0,3,9,6,2,2,7,4,16,12,58,42,0.00,0.00,0.00,0.00,2.82,50,82,73,23,9,37,73,50,78,10.63,6.09,1.61,3.90,6.70,0.00,0.00,0.00,0.00,0.00,0.00,Stadio Sant'Elia (Cagliari)
1453557600,Jan 23 2016 - 2:00pm,complete,5509,Modena,Avellino,N/A,23,2.00,1.00,1.62,0.95,1,1,2,0,0,0,"64","90'1",4,8,1,0,2,0,0,1,0,2,9,15,4,9,5,6,18,13,56,44,0.00,0.00,0.00,0.00,2.41,55,73,50,14,5,18,64,46,96,10.91,6.63,2.81,2.98,2.99,0.00,0.00,0.00,0.00,0.00,0.00,Stadio Alberto Braglia
1453557600,Jan 23 2016 - 2:00pm,complete,5510,Novara,Crotone,N/A,23,2.30,1.73,1.86,1.52,0,1,1,1,0,1,"","34",14,5,1,0,1,0,1,0,1,0,25,6,12,2,13,4,15,16,55,45,0.00,0.00,0.00,0.00,2.15,33,53,33,29,15,9,57,34,63,9.56,6.03,2.33,3.05,3.73,0.00,0.00,0.00,0.00,0.00,0.00,Stadio Comunale Silvio Piola
1453557600,Jan 23 2016 - 2:00pm,complete,2316,Pro Vercelli,Spezia,N/A,23,1.45,0.91,1.29,1.39,0,1,1,0,0,0,"","71",4,5,1,1,4,0,0,2,3,1,6,10,3,5,3,5,17,21,44,56,0.00,0.00,0.00,0.00,2.59,50,73,41,18,14,32,82,32,69,8.55,5.82,3.10,2.96,2.74,0.00,0.00,0.00,0.00,0.00,0.00,Stadio Silvio Piola
1453557600,Jan 23 2016 - 2:00pm,complete,4196,Trapani,Latina,N/A,23,1.91,0.64,1.91,0.71,1,2,3,2,1,1,"4","45,69",7,4,1,0,3,0,0,1,2,1,11,8,3,6,8,2,20,17,58,42,0.00,0.00,0.00,0.00,2.68,69,82,50,18,14,36,73,36,96,9.72,6.55,2.28,3.08,3.82,0.00,0.00,0.00,0.00,0.00,0.00,Stadio Polisportivo Provinciale
1453557600,Jan 23 2016 - 2:00pm,complete,5452,Ascoli,Virtus Lanciano,N/A,23,1.55,0.27,1.48,0.59,1,0,1,0,0,0,"63","",3,10,2,0,1,0,0,2,1,0,9,14,4,7,5,7,12,17,43,57,0.00,0.00,0.00,0.00,2.19,46,59,36,23,9,9,55,36,73,7.10,7.55,2.94,3.06,2.79,0.00,0.00,0.00,0.00,0.00,0.00,Stadio Cino e Lillo Del Duca
1453557600,Jan 23 2016 - 2:00pm,complete,10631,Cesena,Virtus Entella,N/A,23,2.27,0.90,2.27,1.00,2,0,2,1,1,0,"45,57","",6,10,3,0,2,0,2,1,1,1,26,29,11,14,15,15,23,16,49,51,0.00,0.00,0.00,0.00,2.03,24,57,28,19,10,24,66,23,67,9.75,5.12,2.04,3.17,4.55,0.00,0.00,0.00,0.00,0.00,0.00,Orogel Stadium-Dino Manuzzi
1453653000,Jan 24 2016 - 4:30pm,complete,9373,Perugia,Pescara,N/A,23,1.73,1.27,1.48,1.39,0,4,4,1,0,1,"","26,66,70,73",6,5,0,0,2,0,0,0,0,2,13,19,9,8,4,11,12,7,49,51,0.00,0.00,0.00,0.00,2.05,23,55,36,27,9,23,55,27,60,11.09,6.00,2.58,3.06,3.22,0.00,0.00,0.00,0.00,0.00,0.00,Stadio Renato Curi
1453750200,Jan 25 2016 - 7:30pm,complete,5544,Livorno,Como,N/A,23,1.45,0.70,1.33,0.67,1,1,2,0,0,0,"74","62",9,2,3,0,3,1,2,1,1,3,8,10,5,3,3,7,14,25,57,43,0.00,0.00,0.00,0.00,2.73,53,86,43,38,5,39,67,53,86,10.28,6.06,2.04,3.22,4.45,0.00,0.00,0.00,0.00,0.00,0.00,Stadio Armando Picchi
1454095800,Jan 29 2016 - 7:30pm,complete,8000,Avellino,Cagliari,N/A,24,2.09,1.36,1.38,1.67,1,2,3,2,1,1,"5","11,78",3,7,3,1,4,0,2,2,1,3,4,15,2,7,2,8,11,18,40,60,0.00,0.00,0.00,0.00,2.68,45,73,50,36,14,32,69,36,87,11.19,6.63,3.18,3.05,2.61,0.00,0.00,0.00,0.00,0.00,0.00,Stadio Partenio-Adriano Lombardi
1454162400,Jan 30 2016 - 2:00pm,complete,7432,Brescia,Livorno,N/A,24,2.27,0.64,1.90,0.67,1,3,4,2,1,1,"25","21,56,60",5,3,4,2,5,0,1,5,2,3,15,13,10,6,5,7,29,13,51,49,0.00,0.00,0.00,0.00,2.60,50,73,60,27,9,32,64,36,78,8.18,5.64,2.12,3.16,4.20,0.00,0.00,0.00,0.00,0.00,0.00,Stadio Mario Rigamonti
1454162400,Jan 30 2016 - 2:00pm,complete,3573,Como,Vicenza,N/A,24,0.83,1.17,0.90,1.14,1,1,2,0,0,0,"82","53",3,8,2,1,5,1,0,3,1,5,8,12,6,8,2,4,20,17,48,52,0.00,0.00,0.00,0.00,2.29,50,67,42,21,9,38,59,29,79,12.41,6.33,2.62,2.97,3.25,0.00,0.00,0.00,0.00,0.00,0.00,Stadio Giuseppe Sinigaglia
1454162400,Jan 30 2016 - 2:00pm,complete,7371,Crotone,Perugia,N/A,24,2.64,1.00,2.38,1.14,1,2,3,1,1,0,"42","52,61",2,5,0,0,2,0,0,0,0,2,6,8,4,2,2,6,14,17,62,38,0.00,0.00,0.00,0.00,2.19,41,59,46,18,5,18,64,41,73,8.73,5.55,1.91,3.14,5.49,0.00,0.00,0.00,0.00,0.00,0.00,Stadio Ezio Scida
1454162400,Jan 30 2016 - 2:00pm,complete,2295,Virtus Lanciano,Trapani,N/A,24,1.73,0.73,1.59,1.57,0,3,3,1,0,1,"","31,61,65",4,4,1,0,2,0,1,0,0,2,12,14,4,7,8,7,13,13,53,47,0.00,0.00,0.00,0.00,1.91,41,55,36,18,9,23,46,27,64,10.36,5.19,2.34,2.99,3.79,0.00,0.00,0.00,0.00,0.00,0.00,Stadio Comunale Guido Biondi
1454162400,Jan 30 2016 - 2:00pm,complete,3178,Latina,Pro Vercelli,N/A,24,1.64,0.73,1.48,0.90,1,0,1,0,0,0,"61","",6,2,2,0,2,0,1,1,1,1,9,12,2,7,7,5,15,17,54,46,0.00,0.00,0.00,0.00,2.05,46,55,37,14,0,18,60,27,78,7.82,6.27,2.07,3.05,4.67,0.00,0.00,0.00,0.00,0.00,0.00,Stadio Comunale Domenico Francioni
1454162400,Jan 30 2016 - 2:00pm,complete,12942,Pescara,Bari 1908,N/A,24,2.36,1.09,2.17,1.38,3,1,4,1,1,0,"30,79,90'3","54",5,4,2,0,6,0,0,2,2,4,11,10,6,7,5,3,16,14,50,50,0.00,0.00,0.00,0.00,2.41,55,69,50,18,14,27,55,36,82,10.91,6.81,2.00,3.19,4.75,0.00,0.00,0.00,0.00,0.00,0.00,Stadio Adriatico-Giovanni Cornacchia
1454162400,Jan 30 2016 - 2:00pm,complete,3152,Ternana,Modena,N/A,24,1.55,0.18,1.52,0.38,2,1,3,2,1,1,"33,58","38",4,4,2,0,3,1,0,2,2,2,12,7,4,2,8,5,18,18,48,52,0.00,0.00,0.00,0.00,2.37,41,78,41,14,5,27,60,45,87,11.36,5.63,2.14,3.02,4.39,0.00,0.00,0.00,0.00,0.00,0.00,Stadio Libero Liberati
1454162400,Jan 30 2016 - 2:00pm,complete,11931,Cesena,Ascoli,N/A,24,2.33,0.55,2.27,0.76,3,0,3,2,2,0,"20,33,83","",8,0,1,0,3,2,1,0,4,1,35,9,14,5,21,4,17,12,69,31,0.00,0.00,0.00,0.00,2.67,22,83,53,26,4,40,87,35,74,8.86,6.56,1.68,3.52,6.83,0.00,0.00,0.00,0.00,0.00,0.00,Orogel Stadium-Dino Manuzzi
1454257800,Jan 31 2016 - 4:30pm,complete,2011,Virtus Entella,Novara,N/A,24,1.83,1.42,2.05,1.26,1,0,1,0,0,0,"73","",3,3,0,0,4,1,0,0,1,4,10,15,5,7,5,8,10,19,58,42,0.00,0.00,0.00,0.00,2.21,42,58,42,25,8,29,75,30,59,9.17,5.17,3.07,2.90,2.82,0.00,0.00,0.00,0.00,0.00,0.00,Stadio Comunale Chiavari
1454355000,Feb 01 2016 - 7:30pm,complete,6829,Spezia,Salernitana,N/A,24,1.55,0.50,1.68,0.77,3,1,4,0,0,0,"67,78,88","64",4,3,3,0,3,1,1,2,2,2,21,4,9,2,12,2,14,19,63,37,0.00,0.00,0.00,0.00,1.89,43,56,34,17,0,26,74,26,52,11.23,6.18,1.69,3.38,7.23,0.00,0.00,0.00,0.00,0.00,0.00,Stadio Alberto Picco
1454700600,Feb 05 2016 - 7:30pm,complete,22074,Bari 1908,Crotone,N/A,25,2.25,1.83,1.77,1.52,2,3,5,1,0,1,"53,65","3,85,90'2",5,6,1,1,1,0,1,1,1,0,10,12,5,7,5,5,11,12,49,51,0.00,0.00,0.00,0.00,2.13,42,54,42,17,8,17,71,34,63,9.92,5.92,2.54,3.03,3.31,0.00,0.00,0.00,0.00,0.00,0.00,Stadio Comunale San Nicola
1454767200,Feb 06 2016 - 2:00pm,complete,5599,Livorno,Ternana,N/A,25,1.42,0.83,1.33,1.00,1,0,1,0,0,0,"75","",5,8,0,0,2,0,0,0,1,1,15,12,8,4,7,8,19,16,47,53,0.00,0.00,0.00,0.00,2.34,46,71,50,21,0,21,59,46,79,10.33,6.17,2.05,3.20,4.45,0.00,0.00,0.00,0.00,0.00,0.00,Stadio Armando Picchi
1454767200,Feb 06 2016 - 2:00pm,complete,4639,Novara,Avellino,N/A,25,2.09,1.00,1.86,0.95,4,1,5,4,4,0,"18,35,37,43","65",5,2,2,0,4,1,1,1,3,2,15,9,4,5,11,4,23,20,48,52,0.00,0.00,0.00,0.00,2.51,55,69,47,26,13,9,64,52,82,10.83,5.51,2.11,3.23,4.15,0.00,0.00,0.00,0.00,0.00,0.00,Stadio Comunale Silvio Piola
1454767200,Feb 06 2016 - 2:00pm,complete,8697,Perugia,Spezia,N/A,25,1.58,1.08,1.48,1.39,0,0,0,0,0,0,"","",7,4,2,0,3,1,0,2,2,2,24,7,9,6,15,1,10,13,56,44,0.00,0.00,0.00,0.00,2.54,38,63,42,33,21,17,63,42,71,10.58,6.00,2.38,3.03,3.64,0.00,0.00,0.00,0.00,0.00,0.00,Stadio Renato Curi
1454767200,Feb 06 2016 - 2:00pm,complete,2788,Pro Vercelli,Brescia,N/A,25,1.33,1.08,1.29,0.67,2,1,3,2,1,1,"6,64","3",2,1,2,0,3,0,0,2,1,2,12,10,3,4,9,6,13,18,51,49,0.00,0.00,0.00,0.00,2.38,42,71,46,21,4,42,83,29,67,8.16,6.09,2.66,3.04,3.12,0.00,0.00,0.00,0.00,0.00,0.00,Stadio Silvio Piola
1454767200,Feb 06 2016 - 2:00pm,complete,9761,Salernitana,Pescara,N/A,25,1.55,1.42,1.55,1.39,2,2,4,2,1,1,"17,84","25,69",6,4,0,2,5,1,1,1,3,3,9,14,6,6,3,8,14,19,53,47,0.00,0.00,0.00,0.00,2.35,35,75,43,21,0,21,70,35,79,10.41,6.92,3.42,3.18,2.39,0.00,0.00,0.00,0.00,0.00,0.00,Stadio Arechi
1454767200,Feb 06 2016 - 2:00pm,complete,7056,Vicenza,Virtus Lanciano,N/A,25,1.18,0.25,1.19,0.59,0,2,2,0,0,0,"","52,63",11,9,1,0,5,0,0,1,2,3,14,6,6,2,8,4,15,24,59,41,0.00,0.00,0.00,0.00,2.35,57,74,39,18,13,22,66,30,74,10.26,6.51,1.78,3.40,5.90,0.00,0.00,0.00,0.00,0.00,0.00,Stadio Romeo Menti
1454767200,Feb 06 2016 - 2:00pm,complete,12094,Cagliari,Virtus Entella,N/A,25,2.83,0.82,2.29,1.00,1,0,1,0,0,0,"77","",5,4,1,0,3,0,0,1,0,3,12,5,4,2,8,3,18,17,55,45,0.00,0.00,0.00,0.00,2.41,38,69,47,21,13,34,69,30,74,10.49,4.52,1.45,4.28,9.97,0.00,0.00,0.00,0.00,0.00,0.00,Stadio Sant'Elia (Cagliari)
1454767200,Feb 06 2016 - 2:00pm,complete,5702,Ascoli,Latina,N/A,25,1.67,0.83,1.48,0.71,0,0,0,0,0,0,"","",10,5,2,0,2,0,1,1,2,0,12,2,7,0,5,2,22,11,62,38,0.00,0.00,0.00,0.00,2.13,50,58,38,21,4,25,50,29,79,7.83,7.58,2.82,3.05,2.92,0.00,0.00,0.00,0.00,0.00,0.00,Stadio Cino e Lillo Del Duca
1454862600,Feb 07 2016 - 4:30pm,complete,5772,Modena,Cesena,N/A,25,1.92,0.64,1.62,0.86,0,0,0,0,0,0,"","",2,5,2,0,1,0,1,1,0,1,11,13,6,5,5,8,20,12,51,49,0.00,0.00,0.00,0.00,1.96,44,66,31,9,0,22,44,35,78,10.90,6.82,2.59,3.00,3.27,0.00,0.00,0.00,0.00,0.00,0.00,Stadio Alberto Braglia
1454959800,Feb 08 2016 - 7:30pm,complete,5037,Trapani,Como,N/A,25,1.75,0.73,1.91,0.67,2,2,4,1,0,1,"59,89","27,54",8,5,2,0,2,0,1,1,0,2,15,5,7,2,8,3,15,25,64,36,0.00,0.00,0.00,0.00,2.87,61,87,52,27,13,44,69,53,92,10.32,6.31,2.01,3.29,4.47,0.00,0.00,0.00,0.00,0.00,0.00,Stadio Polisportivo Provinciale
1455305400,Feb 12 2016 - 7:30pm,complete,8942,Pescara,Vicenza,N/A,26,2.42,1.15,2.17,1.14,1,1,2,0,0,0,"90'3","73",5,5,3,0,2,1,1,2,0,3,10,12,3,6,7,6,20,15,58,42,0.00,0.00,0.00,0.00,2.65,61,72,52,28,16,24,60,41,93,11.79,6.02,1.74,3.68,5.64,0.00,0.00,0.00,0.00,0.00,0.00,Stadio Adriatico-Giovanni Cornacchia
1455372000,Feb 13 2016 - 2:00pm,complete,8000,Avellino,Bari 1908,N/A,26,1.92,1.00,1.38,1.38,1,1,2,1,0,1,"68","19",7,6,3,0,5,1,1,2,5,1,21,11,11,7,10,4,17,13,58,42,0.00,0.00,0.00,0.00,2.59,50,71,54,25,17,38,63,33,80,10.75,6.09,2.44,3.14,3.37,0.00,0.00,0.00,0.00,0.00,0.00,Stadio Partenio-Adriano Lombardi
1455372000,Feb 13 2016 - 2:00pm,complete,13006,Cesena,Perugia,N/A,26,2.38,1.17,2.27,1.14,2,1,3,0,0,0,"78,89","54",6,2,3,0,4,1,1,2,4,1,27,11,10,5,17,6,20,15,66,34,0.00,0.00,0.00,0.00,2.07,33,60,36,12,4,20,76,28,68,9.77,6.19,2.10,3.15,4.31,0.00,0.00,0.00,0.00,0.00,0.00,Orogel Stadium-Dino Manuzzi
1455372000,Feb 13 2016 - 2:00pm,complete,3563,Como,Novara,N/A,26,0.85,1.31,0.90,1.26,1,1,2,0,0,0,"76","81",7,3,2,0,3,0,1,1,2,1,10,6,6,4,4,2,10,20,60,40,0.00,0.00,0.00,0.00,2.04,43,62,31,15,4,23,58,38,73,10.15,7.00,3.29,3.02,2.56,0.00,0.00,0.00,0.00,0.00,0.00,Stadio Giuseppe Sinigaglia
1455372000,Feb 13 2016 - 2:00pm,complete,6043,Crotone,Pro Vercelli,N/A,26,2.42,0.67,2.38,0.90,1,1,2,1,0,1,"80","10",9,3,1,0,2,1,1,0,2,1,29,6,5,3,24,3,3,16,73,27,0.00,0.00,0.00,0.00,2.21,38,63,42,17,4,21,59,38,88,8.17,4.58,1.60,3.80,7.30,0.00,0.00,0.00,0.00,0.00,0.00,Stadio Ezio Scida
1455372000,Feb 13 2016 - 2:00pm,complete,2381,Virtus Lanciano,Modena,N/A,26,1.58,0.17,1.59,0.38,2,1,3,1,0,1,"49,87","9",8,5,3,0,2,0,0,3,0,2,9,13,3,7,6,6,14,14,49,51,0.00,0.00,0.00,0.00,2.21,50,71,46,13,0,25,58,38,83,10.92,5.75,2.57,3.01,3.30,0.00,0.00,0.00,0.00,0.00,0.00,Stadio Comunale Guido Biondi
1455372000,Feb 13 2016 - 2:00pm,complete,3715,Latina,Cagliari,N/A,26,1.75,1.50,1.48,1.67,1,3,4,0,0,0,"57","47,53,58",7,4,2,0,3,0,2,0,3,0,12,8,5,3,7,5,9,17,47,53,0.00,0.00,0.00,0.00,2.42,54,67,50,29,0,25,67,38,79,9.00,7.58,3.54,3.10,2.38,0.00,0.00,0.00,0.00,0.00,0.00,Stadio Comunale Domenico Francioni
1455372000,Feb 13 2016 - 2:00pm,complete,3456,Ternana,Salernitana,N/A,26,1.67,0.46,1.52,0.77,4,0,4,3,3,0,"9,30,39,90'1","",5,8,4,0,2,1,2,2,2,1,5,13,4,5,1,8,20,11,45,55,0.00,0.00,0.00,0.00,2.52,48,76,52,28,4,37,68,40,81,10.46,6.42,1.99,3.25,4.64,0.00,0.00,0.00,0.00,0.00,0.00,Stadio Libero Liberati
1455372000,Feb 13 2016 - 2:00pm,complete,1678,Virtus Entella,Trapani,N/A,26,1.92,0.92,2.05,1.57,4,0,4,1,1,0,"16,55,67,85","",5,5,3,0,2,2,2,1,3,1,13,8,6,4,7,4,15,11,57,43,0.00,0.00,0.00,0.00,2.03,36,52,40,24,13,32,56,24,52,9.79,4.66,2.39,3.07,3.55,0.00,0.00,0.00,0.00,0.00,0.00,Stadio Comunale Chiavari
1455467400,Feb 14 2016 - 4:30pm,complete,7378,Spezia,Livorno,N/A,26,1.67,0.83,1.68,0.67,3,0,3,2,2,0,"13,22,59","",2,3,4,1,2,0,1,4,1,1,6,8,3,3,3,5,23,12,51,49,0.00,0.00,0.00,0.00,2.21,50,59,46,21,9,25,63,38,63,10.33,6.00,2.15,3.13,4.16,0.00,0.00,0.00,0.00,0.00,0.00,Stadio Alberto Picco
1455564600,Feb 15 2016 - 7:30pm,complete,7334,Brescia,Ascoli,N/A,26,2.08,0.50,1.90,0.76,2,2,4,2,1,1,"11,83","41,73",3,2,2,0,4,1,2,0,3,2,14,7,8,3,6,4,12,18,55,45,0.00,0.00,0.00,0.00,2.80,34,88,67,29,0,50,84,33,75,7.41,6.42,1.81,3.54,5.24,0.00,0.00,0.00,0.00,0.00,0.00,Stadio Mario Rigamonti
1455910200,Feb 19 2016 - 7:30pm,complete,23932,Bari 1908,Latina,N/A,27,2.08,0.85,1.77,0.71,0,0,0,0,0,0,"","",7,3,3,0,3,0,2,1,0,3,11,9,3,4,8,5,14,17,51,49,0.00,0.00,0.00,0.00,2.39,62,70,46,15,12,27,66,35,85,9.84,6.08,1.96,3.14,5.06,0.00,0.00,0.00,0.00,0.00,0.00,Stadio Comunale San Nicola
1455976800,Feb 20 2016 - 2:00pm,complete,15529,Cagliari,Pescara,N/A,27,2.85,1.38,2.29,1.39,2,1,3,1,0,1,"61,68","2",4,15,5,0,2,0,2,3,1,1,6,15,3,7,3,8,18,14,43,57,0.00,0.00,0.00,0.00,2.77,43,77,62,35,8,42,70,42,77,10.08,5.23,1.83,3.80,4.67,0.00,0.00,0.00,0.00,0.00,0.00,Stadio Sant'Elia (Cagliari)
1455976800,Feb 20 2016 - 2:00pm,complete,5569,Livorno,Cesena,N/A,27,1.54,0.67,1.33,0.86,1,1,2,1,1,0,"21","56",7,6,3,0,3,1,1,2,3,1,11,10,4,4,7,6,15,22,46,54,0.00,0.00,0.00,0.00,2.15,52,72,36,24,0,24,56,40,72,10.21,5.81,2.48,3.25,3.18,0.00,0.00,0.00,0.00,0.00,0.00,Stadio Armando Picchi
1455976800,Feb 20 2016 - 2:00pm,complete,4608,Modena,Brescia,N/A,27,1.85,1.00,1.62,0.67,1,0,1,0,0,0,"69","",5,6,1,0,2,0,0,1,1,1,7,9,4,4,3,5,14,7,49,51,0.00,0.00,0.00,0.00,2.31,43,70,46,19,4,35,58,39,81,9.23,6.30,2.39,3.31,3.28,0.00,0.00,0.00,0.00,0.00,0.00,Stadio Alberto Braglia
1455976800,Feb 20 2016 - 2:00pm,complete,4215,Novara,Ternana,N/A,27,2.17,0.77,1.86,1.00,1,2,3,1,0,1,"89","33,84",9,3,2,1,4,0,0,3,2,2,17,8,11,2,6,6,12,18,63,37,0.00,0.00,0.00,0.00,2.21,32,52,44,21,13,12,48,36,72,11.00,5.79,1.98,3.40,4.43,0.00,0.00,0.00,0.00,0.00,0.00,Stadio Comunale Silvio Piola
1455976800,Feb 20 2016 - 2:00pm,complete,6795,Spezia,Virtus Lanciano,N/A,27,1.77,0.46,1.68,0.59,2,0,2,1,1,0,"7,86","",7,2,1,0,2,0,1,0,0,2,16,5,3,2,13,3,14,17,63,37,0.00,0.00,0.00,0.00,2.08,46,66,31,12,8,16,66,31,69,10.61,5.92,1.65,3.43,7.75,0.00,0.00,0.00,0.00,0.00,0.00,Stadio Alberto Picco
1455976800,Feb 20 2016 - 2:00pm,complete,7493,Vicenza,Avellino,N/A,27,1.08,0.92,1.19,0.95,0,0,0,0,0,0,"","",3,6,3,0,5,0,1,2,4,1,13,4,6,2,7,2,19,23,51,49,0.00,0.00,0.00,0.00,2.67,68,84,56,24,12,28,72,48,79,11.20,6.46,2.33,3.05,3.72,0.00,0.00,0.00,0.00,0.00,0.00,Stadio Romeo Menti
1455976800,Feb 20 2016 - 2:00pm,complete,2852,Pro Vercelli,Virtus Entella,N/A,27,1.46,0.75,1.29,1.00,2,3,5,2,2,0,"24,26","54,66,69",8,5,2,2,2,0,0,4,2,0,8,10,5,4,3,6,16,18,46,54,0.00,0.00,0.00,0.00,1.75,28,52,24,4,4,28,68,8,65,9.13,4.95,2.58,2.87,3.44,0.00,0.00,0.00,0.00,0.00,0.00,Stadio Silvio Piola
1455976800,Feb 20 2016 - 2:00pm,complete,5616,Ascoli,Como,N/A,27,1.62,0.75,1.48,0.67,1,0,1,0,0,0,"53","",6,4,3,0,2,0,2,1,1,1,9,13,6,6,3,7,20,18,44,56,0.00,0.00,0.00,0.00,2.27,41,62,37,33,4,25,45,49,73,8.83,7.27,2.48,3.25,3.17,0.00,0.00,0.00,0.00,0.00,0.00,Stadio Cino e Lillo Del Duca
1456054200,Feb 21 2016 - 11:30am,complete,10691,Salernitana,Crotone,N/A,27,1.50,1.92,1.55,1.52,1,1,2,2,1,1,"42","21",7,3,1,1,1,0,1,1,0,1,15,7,11,2,4,5,15,21,54,46,0.00,0.00,0.00,0.00,2.33,44,69,40,24,8,16,80,37,73,10.46,7.39,4.23,3.06,2.16,0.00,0.00,0.00,0.00,0.00,0.00,Stadio Arechi
1456169400,Feb 22 2016 - 7:30pm,complete,8810,Perugia,Trapani,N/A,27,1.54,0.85,1.48,1.57,0,2,2,0,0,0,"","76,80",6,7,2,0,3,0,2,0,1,2,14,8,9,5,5,3,17,16,58,42,0.00,0.00,0.00,0.00,1.93,19,50,35,27,15,12,50,35,54,10.93,5.62,2.09,3.08,4.54,0.00,0.00,0.00,0.00,0.00,0.00,Stadio Renato Curi
1456509600,Feb 26 2016 - 6:00pm,complete,5904,Novara,Pro Vercelli,N/A,28,2.00,0.69,1.86,0.90,1,1,2,2,1,1,"5","3",6,3,3,0,2,1,0,3,0,3,15,3,5,0,10,3,16,10,54,46,0.00,0.00,0.00,0.00,2.00,35,50,27,16,12,12,54,23,77,9.77,5.16,1.70,3.62,6.18,0.00,0.00,0.00,0.00,0.00,0.00,Stadio Comunale Silvio Piola
1456516800,Feb 26 2016 - 8:00pm,complete,13079,Cesena,Cagliari,N/A,28,2.43,1.62,2.27,1.67,2,0,2,0,0,0,"57,79","",8,5,3,0,6,2,2,1,5,3,35,11,18,6,17,5,16,13,57,43,0.00,0.00,0.00,0.00,2.56,42,78,49,30,4,30,74,37,82,10.48,6.94,3.17,3.14,2.56,0.00,0.00,0.00,0.00,0.00,0.00,Orogel Stadium-Dino Manuzzi
1456581600,Feb 27 2016 - 2:00pm,complete,7500,Avellino,Livorno,N/A,28,1.85,0.77,1.38,0.67,2,1,3,1,1,0,"44,59","54",5,8,1,0,2,0,0,1,1,1,11,19,6,14,5,5,18,17,48,52,0.00,0.00,0.00,0.00,2.81,54,73,62,31,19,38,66,39,89,10.08,6.08,2.16,3.26,3.91,0.00,0.00,0.00,0.00,0.00,0.00,Stadio Partenio-Adriano Lombardi
1456581600,Feb 27 2016 - 2:00pm,complete,6884,Brescia,Como,N/A,28,2.00,0.69,1.90,0.67,2,1,3,1,1,0,"28,75","62",9,2,1,0,3,1,0,1,1,3,18,8,11,3,7,5,13,21,49,51,0.00,0.00,0.00,0.00,2.77,54,85,50,38,4,42,66,50,85,9.00,5.92,2.04,3.26,4.39,0.00,0.00,0.00,0.00,0.00,0.00,Stadio Mario Rigamonti
1456581600,Feb 27 2016 - 2:00pm,complete,6053,Crotone,Vicenza,N/A,28,2.31,1.14,2.38,1.14,2,0,2,1,1,0,"39,90'5","",5,4,2,0,3,0,1,1,1,2,9,7,2,4,7,3,19,15,55,45,0.00,0.00,0.00,0.00,2.60,56,78,53,26,11,26,63,49,89,10.35,4.55,1.85,3.38,5.27,0.00,0.00,0.00,0.00,0.00,0.00,Stadio Ezio Scida
1456581600,Feb 27 2016 - 2:00pm,complete,2473,Virtus Lanciano,Bari 1908,N/A,28,1.69,1.00,1.59,1.38,1,0,1,0,0,0,"62","",8,4,3,0,2,0,2,1,0,2,8,17,4,7,4,10,13,15,46,54,0.00,0.00,0.00,0.00,2.23,54,69,50,15,4,27,62,35,77,10.70,6.38,3.13,3.03,2.66,0.00,0.00,0.00,0.00,0.00,0.00,Stadio Comunale Guido Biondi
1456581600,Feb 27 2016 - 2:00pm,complete,2514,Latina,Modena,N/A,28,1.62,0.15,1.48,0.38,0,1,1,1,0,1,"","18",10,4,3,0,5,0,2,1,1,4,17,5,8,4,9,1,13,16,69,31,0.00,0.00,0.00,0.00,2.39,58,70,50,20,0,19,58,46,81,9.38,6.38,2.30,3.13,3.69,0.00,0.00,0.00,0.00,0.00,0.00,Stadio Comunale Domenico Francioni
1456581600,Feb 27 2016 - 2:00pm,complete,3391,Ternana,Spezia,N/A,28,1.77,1.08,1.52,1.39,1,2,3,1,0,1,"65","23,53",8,1,3,0,3,0,0,3,2,1,10,5,8,3,2,2,22,18,58,42,0.00,0.00,0.00,0.00,2.77,46,77,50,27,16,35,66,42,85,10.00,5.85,2.70,3.09,3.02,0.00,0.00,0.00,0.00,0.00,0.00,Stadio Libero Liberati
1456581600,Feb 27 2016 - 2:00pm,complete,4329,Trapani,Salernitana,N/A,28,1.69,0.43,1.91,0.77,1,1,2,0,0,0,"74","84",4,7,3,0,3,1,1,2,1,3,10,9,0,7,10,2,20,24,58,42,0.00,0.00,0.00,0.00,2.79,60,78,63,33,8,37,78,41,82,10.33,6.54,1.85,3.39,5.28,0.00,0.00,0.00,0.00,0.00,0.00,Stadio Polisportivo Provinciale
1456581600,Feb 27 2016 - 2:00pm,complete,1621,Virtus Entella,Perugia,N/A,28,2.00,1.08,2.05,1.14,2,1,3,1,1,0,"7,90'3","87",3,5,3,0,2,0,2,1,2,0,7,12,3,7,4,5,10,17,51,49,0.00,0.00,0.00,0.00,2.07,45,52,44,18,4,26,67,26,60,9.42,5.76,2.55,3.05,3.28,0.00,0.00,0.00,0.00,0.00,0.00,Stadio Comunale Chiavari
1456581600,Feb 27 2016 - 2:00pm,complete,8334,Pescara,Ascoli,N/A,28,2.31,0.54,2.17,0.76,2,2,4,1,0,1,"61,66","10,69",9,7,2,0,6,2,1,1,2,6,16,9,9,5,7,4,12,18,61,39,0.00,0.00,0.00,0.00,2.89,46,85,66,31,8,39,73,46,89,9.15,7.23,1.62,3.88,6.66,0.00,0.00,0.00,0.00,0.00,0.00,Stadio Adriatico-Giovanni Cornacchia
1456774200,Feb 29 2016 - 7:30pm,complete,9785,Cagliari,Novara,N/A,29,2.86,1.29,2.29,1.26,0,1,1,1,0,1,"","36",5,2,2,1,1,0,2,1,1,0,11,12,3,3,8,9,9,11,51,49,0.00,0.00,0.00,0.00,2.50,47,72,50,22,11,25,72,47,79,8.86,5.50,1.60,3.94,6.77,0.00,0.00,0.00,0.00,0.00,0.00,Stadio Sant'Elia (Cagliari)
1456860600,Mar 01 2016 - 7:30pm,complete,15487,Bari 1908,Ternana,N/A,29,2.00,0.93,1.77,1.00,4,0,4,1,1,0,"16,56,70,81","",7,3,1,0,3,0,1,0,1,2,9,9,4,5,5,4,15,20,60,40,0.00,0.00,0.00,0.00,2.22,43,57,54,11,7,14,57,43,75,10.50,6.14,2.12,3.17,4.20,0.00,0.00,0.00,0.00,0.00,0.00,Stadio Comunale San Nicola
1456860600,Mar 01 2016 - 7:30pm,complete,7219,Brescia,Avellino,N/A,29,2.07,0.93,1.90,0.95,1,0,1,1,1,0,"37","",3,5,1,0,2,0,0,1,0,2,15,14,11,5,4,9,14,19,49,51,0.00,0.00,0.00,0.00,2.83,68,86,64,33,7,32,79,50,86,9.28,5.93,2.47,3.25,3.20,0.00,0.00,0.00,0.00,0.00,0.00,Stadio Mario Rigamonti
1456860600,Mar 01 2016 - 7:30pm,complete,2968,Como,Virtus Lanciano,N/A,29,0.86,0.43,0.90,0.59,1,1,2,1,1,0,"33","70",4,6,3,1,4,1,0,4,3,2,18,10,11,2,7,8,18,10,53,47,0.00,0.00,0.00,0.00,2.22,54,75,29,14,7,22,54,40,86,11.08,7.07,2.27,3.13,3.77,0.00,0.00,0.00,0.00,0.00,0.00,Stadio Giuseppe Sinigaglia
1456860600,Mar 01 2016 - 7:30pm,complete,5577,Livorno,Crotone,N/A,29,1.50,1.86,1.33,1.52,0,0,0,0,0,0,"","",1,5,2,1,2,0,1,2,1,1,9,11,5,6,4,5,15,20,40,60,0.00,0.00,0.00,0.00,2.29,50,68,36,29,7,21,72,36,68,10.00,5.43,2.70,3.11,3.00,0.00,0.00,0.00,0.00,0.00,0.00,Stadio Armando Picchi
1456860600,Mar 01 2016 - 7:30pm,complete,8073,Perugia,Latina,N/A,29,1.43,0.86,1.48,0.71,2,0,2,1,1,0,"2,62","",7,3,2,0,4,0,1,1,3,1,8,4,2,2,6,2,13,20,47,53,0.00,0.00,0.00,0.00,2.00,39,61,33,22,11,22,54,29,72,10.86,6.28,2.11,3.10,4.37,0.00,0.00,0.00,0.00,0.00,0.00,Stadio Renato Curi
1456860600,Mar 01 2016 - 7:30pm,complete,6788,Pescara,Trapani,N/A,29,2.21,1.00,2.17,1.57,1,2,3,1,0,1,"89","14,90'3",9,4,2,0,2,0,0,2,1,1,16,7,9,4,7,3,16,14,65,35,0.00,0.00,0.00,0.00,2.43,46,68,47,29,14,14,50,50,79,10.86,6.00,1.85,3.65,4.72,0.00,0.00,0.00,0.00,0.00,0.00,Stadio Adriatico-Giovanni Cornacchia
1456860600,Mar 01 2016 - 7:30pm,complete,7093,Spezia,Cesena,N/A,29,1.86,0.69,1.68,0.86,1,1,2,1,0,1,"70","35",8,3,4,0,5,0,2,2,3,2,11,5,5,2,6,3,18,14,57,43,0.00,0.00,0.00,0.00,1.86,45,63,30,11,0,22,63,26,56,11.06,6.05,2.28,3.10,3.79,0.00,0.00,0.00,0.00,0.00,0.00,Stadio Alberto Picco
1456860600,Mar 01 2016 - 7:30pm,complete,6861,Vicenza,Pro Vercelli,N/A,29,1.08,0.71,1.19,0.90,1,1,2,2,1,1,"16","34",6,4,1,0,3,0,0,1,0,3,12,5,3,4,9,1,8,17,63,37,0.00,0.00,0.00,0.00,1.86,41,60,26,8,4,26,56,19,67,9.88,5.93,2.19,3.15,3.98,0.00,0.00,0.00,0.00,0.00,0.00,Stadio Romeo Menti
1456860600,Mar 01 2016 - 7:30pm,complete,9156,Salernitana,Virtus Entella,N/A,29,1.46,0.92,1.55,1.00,2,2,4,2,1,1,"29,47","20,90'3",8,2,3,0,3,1,1,2,1,3,23,8,11,3,12,5,24,15,50,50,0.00,0.00,0.00,0.00,2.12,39,66,31,15,8,23,70,27,77,10.77,6.31,2.69,3.05,3.07,0.00,0.00,0.00,0.00,0.00,0.00,Stadio Arechi
1456860600,Mar 01 2016 - 7:30pm,complete,5977,Ascoli,Modena,N/A,29,1.71,0.36,1.48,0.38,2,1,3,2,1,1,"39,60","23",3,2,3,0,2,1,2,1,2,1,8,5,2,0,6,5,20,16,54,46,0.00,0.00,0.00,0.00,1.89,36,50,36,14,0,14,47,36,68,9.07,7.00,2.63,3.05,3.15,0.00,0.00,0.00,0.00,0.00,0.00,Stadio Cino e Lillo Del Duca
1457186400,Mar 05 2016 - 2:00pm,complete,5500,Avellino,Spezia,N/A,30,1.93,1.21,1.38,1.39,0,1,1,0,0,0,"","48",13,1,1,0,1,0,0,1,0,1,13,12,6,5,7,7,12,17,61,39,0.00,0.00,0.00,0.00,2.86,57,75,54,29,21,29,68,43,86,10.00,5.65,2.67,3.06,3.09,0.00,0.00,0.00,0.00,0.00,0.00,Stadio Partenio-Adriano Lombardi
1457186400,Mar 05 2016 - 2:00pm,complete,3261,Virtus Lanciano,Brescia,N/A,30,1.79,0.93,1.59,0.67,1,0,1,1,1,0,"31","",7,5,2,0,1,0,1,1,1,0,7,15,5,6,2,9,8,16,46,54,0.00,0.00,0.00,0.00,2.47,50,72,57,25,4,36,68,40,83,9.78,5.79,2.76,3.08,2.96,0.00,0.00,0.00,0.00,0.00,0.00,Stadio Comunale Guido Biondi
1457186400,Mar 05 2016 - 2:00pm,complete,2292,Latina,Como,N/A,30,1.50,0.64,1.48,0.67,1,1,2,0,0,0,"81","63",4,8,3,0,6,0,2,1,1,5,12,17,4,9,8,8,19,23,54,46,0.00,0.00,0.00,0.00,2.58,57,72,47,33,4,25,57,54,82,9.36,6.64,2.32,3.07,3.73,0.00,0.00,0.00,0.00,0.00,0.00,Stadio Comunale Domenico Francioni
1457186400,Mar 05 2016 - 2:00pm,complete,4105,Novara,Vicenza,N/A,30,1.93,1.07,1.86,1.14,4,0,4,0,0,0,"51,86,88,90'3","",2,5,1,0,3,1,0,1,2,2,11,8,4,3,7,5,18,8,48,52,0.00,0.00,0.00,0.00,2.38,48,65,38,25,17,21,59,35,76,11.54,5.23,1.87,3.31,5.32,0.00,0.00,0.00,0.00,0.00,0.00,Stadio Comunale Silvio Piola
1457186400,Mar 05 2016 - 2:00pm,complete,12075,Perugia,Ternana,N/A,30,1.53,0.87,1.48,1.00,1,0,1,0,0,0,"84","",5,5,2,0,5,1,1,1,3,3,3,8,0,5,3,3,18,20,55,45,0.00,0.00,0.00,0.00,2.07,23,57,44,20,7,10,53,40,70,11.40,6.27,2.16,3.11,4.14,0.00,0.00,0.00,0.00,0.00,0.00,Stadio Renato Curi
1457186400,Mar 05 2016 - 2:00pm,complete,5436,Trapani,Cagliari,N/A,30,1.64,1.50,1.91,1.67,2,2,4,2,2,0,"8,11","47,90'2",6,5,3,0,3,0,0,3,1,2,5,7,4,3,1,4,15,21,49,51,0.00,0.00,0.00,0.00,2.75,61,83,57,29,7,33,72,47,90,10.36,7.14,3.52,3.18,2.34,0.00,0.00,0.00,0.00,0.00,0.00,Stadio Polisportivo Provinciale
1457186400,Mar 05 2016 - 2:00pm,complete,1677,Virtus Entella,Bari 1908,N/A,30,2.07,0.93,2.05,1.38,2,0,2,0,0,0,"57,64","",6,7,2,0,3,0,2,0,0,3,12,9,6,6,6,3,7,18,53,47,0.00,0.00,0.00,0.00,2.27,49,62,48,24,7,35,65,28,66,9.90,5.99,2.82,3.00,2.97,0.00,0.00,0.00,0.00,0.00,0.00,Stadio Comunale Chiavari
1457186400,Mar 05 2016 - 2:00pm,complete,6184,Crotone,Ascoli,N/A,30,2.36,0.57,2.38,0.76,2,0,2,1,1,0,"27,74","",3,0,2,0,2,0,0,2,2,0,15,5,7,2,8,3,23,20,58,42,0.00,0.00,0.00,0.00,2.89,40,90,68,33,4,39,82,50,86,8.15,6.14,1.66,3.66,6.73,0.00,0.00,0.00,0.00,0.00,0.00,Stadio Ezio Scida
1457193600,Mar 05 2016 - 4:00pm,complete,2600,Pro Vercelli,Pescara,N/A,30,1.36,1.29,1.29,1.39,5,2,7,2,2,0,"37,40,55,59,81","52,76",9,5,3,0,0,1,2,1,1,0,6,10,3,4,3,6,13,9,47,53,0.00,0.00,0.00,0.00,2.36,40,68,47,22,4,40,75,29,68,9.85,5.86,3.29,3.11,2.50,0.00,0.00,0.00,0.00,0.00,0.00,Stadio Silvio Piola
1457281800,Mar 06 2016 - 4:30pm,complete,4537,Modena,Livorno,N/A,30,1.93,0.71,1.62,0.67,1,0,1,1,1,0,"22","",3,5,4,0,2,0,1,3,0,2,3,13,0,6,3,7,12,13,43,57,0.00,0.00,0.00,0.00,2.22,43,61,46,15,7,25,47,40,86,9.86,6.29,2.44,3.05,3.48,0.00,0.00,0.00,0.00,0.00,0.00,Stadio Alberto Braglia
1457379000,Mar 07 2016 - 7:30pm,complete,12280,Cesena,Salernitana,N/A,30,2.47,0.47,2.27,0.77,1,2,3,2,1,1,"19","28,90'5",8,4,4,1,5,0,3,2,2,3,31,18,9,10,22,8,18,24,59,41,0.00,0.00,0.00,0.00,2.50,40,77,47,30,4,30,70,40,77,10.67,6.73,1.76,3.50,5.85,0.00,0.00,0.00,0.00,0.00,0.00,Orogel Stadium-Dino Manuzzi
1457724600,Mar 11 2016 - 7:30pm,complete,8532,Brescia,Crotone,N/A,31,2.13,1.80,1.90,1.52,3,0,3,1,1,0,"35,57,71","",3,6,3,0,6,1,2,1,3,4,13,8,6,4,7,4,17,15,53,47,0.00,0.00,0.00,0.00,2.37,47,67,47,30,7,30,77,34,60,8.94,5.34,2.65,3.15,3.03,0.00,0.00,0.00,0.00,0.00,0.00,Stadio Mario Rigamonti
1457791200,Mar 12 2016 - 2:00pm,complete,15056,Bari 1908,Pro Vercelli,N/A,31,2.07,0.73,1.77,0.90,6,2,8,2,2,0,"15,39,54,80,87,90'1","57,69",7,8,1,0,2,0,0,1,0,2,8,9,3,5,5,4,10,16,50,50,0.00,0.00,0.00,0.00,2.04,44,57,33,10,7,20,64,27,73,9.27,5.33,1.89,3.33,5.08,0.00,0.00,0.00,0.00,0.00,0.00,Stadio Comunale San Nicola
1457791200,Mar 12 2016 - 2:00pm,complete,3198,Como,Cesena,N/A,31,0.87,0.71,0.90,0.86,1,3,4,1,1,0,"35","65,66,90'3",3,5,3,0,5,0,1,2,1,4,8,13,4,6,4,7,18,22,43,57,0.00,0.00,0.00,0.00,2.00,59,72,28,14,0,27,52,35,72,11.31,7.59,2.75,3.09,2.96,0.00,0.00,0.00,0.00,0.00,0.00,Stadio Giuseppe Sinigaglia
1457791200,Mar 12 2016 - 2:00pm,complete,6924,Pescara,Novara,N/A,31,2.07,1.40,2.17,1.26,1,2,3,2,1,1,"28","8,52",7,2,2,0,4,0,1,1,2,2,9,5,3,4,6,1,14,23,65,35,0.00,0.00,0.00,0.00,2.40,53,67,44,23,10,10,64,50,84,9.80,6.07,2.42,3.20,3.34,0.00,0.00,0.00,0.00,0.00,0.00,Stadio Adriatico-Giovanni Cornacchia
1457791200,Mar 12 2016 - 2:00pm,complete,11239,Salernitana,Virtus Lanciano,N/A,31,1.43,0.47,1.55,0.59,1,3,4,0,0,0,"74","59,78,90'3",5,2,1,0,4,0,0,1,1,3,18,4,8,0,10,4,17,20,53,47,0.00,0.00,0.00,0.00,2.42,55,83,35,17,7,18,77,38,90,10.54,7.46,2.06,3.23,4.34,0.00,0.00,0.00,0.00,0.00,0.00,Stadio Arechi
1457791200,Mar 12 2016 - 2:00pm,complete,7145,Spezia,Modena,N/A,31,1.80,0.33,1.68,0.38,2,0,2,1,1,0,"24,53","",2,4,4,0,2,0,1,3,0,2,19,3,10,0,9,3,20,17,39,61,0.00,0.00,0.00,0.00,2.04,47,67,37,7,0,24,70,30,67,11.06,5.87,1.86,3.34,5.30,0.00,0.00,0.00,0.00,0.00,0.00,Stadio Alberto Picco
1457791200,Mar 12 2016 - 2:00pm,complete,3034,Ternana,Latina,N/A,31,1.64,0.80,1.52,0.71,0,0,0,0,0,0,"","",1,1,2,0,4,0,1,1,0,4,16,7,12,2,4,5,19,18,58,42,0.00,0.00,0.00,0.00,2.42,52,80,45,17,7,38,66,32,90,10.34,6.17,2.06,3.23,4.34,0.00,0.00,0.00,0.00,0.00,0.00,Stadio Libero Liberati
1457791200,Mar 12 2016 - 2:00pm,complete,5652,Livorno,Virtus Entella,N/A,31,1.47,0.93,1.33,1.00,0,0,0,0,0,0,"","",8,3,4,1,4,1,3,2,2,3,15,12,7,3,8,9,21,19,50,50,0.00,0.00,0.00,0.00,2.10,41,62,31,24,7,25,59,31,76,9.84,4.90,2.30,3.13,3.69,0.00,0.00,0.00,0.00,0.00,0.00,Stadio Armando Picchi
1457791200,Mar 12 2016 - 2:00pm,complete,6104,Ascoli,Avellino,N/A,31,1.80,0.87,1.48,0.95,3,4,7,5,3,2,"24,40,43","11,17,63,89",11,2,3,0,2,0,1,2,1,1,11,6,8,3,3,3,7,18,52,48,0.00,0.00,0.00,0.00,2.20,50,57,47,24,7,17,57,40,74,8.80,7.07,2.69,3.11,3.01,0.00,0.00,0.00,0.00,0.00,0.00,Stadio Cino e Lillo Del Duca
1457886600,Mar 13 2016 - 4:30pm,complete,7437,Vicenza,Trapani,N/A,31,1.07,1.13,1.19,1.57,1,2,3,3,1,2,"17","36,43",9,4,5,1,2,0,2,4,1,1,13,6,8,2,5,4,17,19,58,42,0.00,0.00,0.00,0.00,2.07,39,66,38,17,10,25,52,38,55,10.76,5.66,2.44,3.13,3.38,0.00,0.00,0.00,0.00,0.00,0.00,Stadio Romeo Menti
1457983800,Mar 14 2016 - 7:30pm,complete,12120,Cagliari,Perugia,N/A,31,2.67,1.00,2.29,1.14,0,2,2,1,0,1,"","33,90'2",13,2,2,0,3,0,1,1,0,3,17,5,8,2,9,3,15,14,59,41,0.00,0.00,0.00,0.00,2.37,52,65,55,14,7,24,72,42,72,9.47,5.90,1.78,3.54,5.58,0.00,0.00,0.00,0.00,0.00,0.00,Stadio Sant'Elia (Cagliari)
1458329400,Mar 18 2016 - 7:30pm,complete,5521,Virtus Entella,Spezia,N/A,32,2.13,1.33,2.05,1.39,2,2,4,1,1,0,"6,56","51,73",2,2,1,0,3,0,1,0,2,1,8,6,5,3,3,3,18,28,52,48,0.00,0.00,0.00,0.00,2.56,49,65,49,29,13,29,65,39,72,8.98,5.32,2.71,2.93,3.18,0.00,0.00,0.00,0.00,0.00,0.00,Stadio Comunale Chiavari
1458396000,Mar 19 2016 - 2:00pm,complete,2498,Virtus Lanciano,Cesena,N/A,32,1.87,0.87,1.59,0.86,2,0,2,1,1,0,"45'3,79","",5,9,2,1,2,1,1,2,1,2,13,15,6,6,7,9,16,12,50,50,0.00,0.00,0.00,0.00,2.07,54,67,40,17,0,20,60,33,74,11.00,6.34,3.45,3.03,2.48,0.00,0.00,0.00,0.00,0.00,0.00,Stadio Comunale Guido Biondi
1458396000,Mar 19 2016 - 2:00pm,complete,3088,Latina,Brescia,N/A,32,1.47,0.87,1.48,0.67,2,2,4,1,1,0,"13,88","74,82",3,2,3,0,4,0,1,2,1,3,8,10,5,5,3,5,16,18,46,54,0.00,0.00,0.00,0.00,2.50,54,67,54,30,4,30,67,44,73,8.40,6.26,2.29,3.02,3.87,0.00,0.00,0.00,0.00,0.00,0.00,Stadio Comunale Domenico Francioni
1458396000,Mar 19 2016 - 2:00pm,complete,4389,Modena,Como,N/A,32,2.00,0.67,1.62,0.67,1,2,3,0,0,0,"70","52,55",4,4,3,0,5,0,1,2,2,3,9,9,4,5,5,4,13,12,51,49,0.00,0.00,0.00,0.00,2.17,44,67,30,17,4,23,43,47,87,10.40,6.54,2.05,3.06,4.73,0.00,0.00,0.00,0.00,0.00,0.00,Stadio Alberto Braglia
1458396000,Mar 19 2016 - 2:00pm,complete,5317,Novara,Bari 1908,N/A,32,2.00,0.87,1.86,1.38,1,2,3,1,1,0,"4","57,78",7,4,4,1,3,1,1,4,0,4,14,8,5,3,9,5,15,12,53,47,0.00,0.00,0.00,0.00,2.30,44,64,40,23,14,20,53,37,70,10.60,6.00,2.17,3.10,4.15,0.00,0.00,0.00,0.00,0.00,0.00,Stadio Comunale Silvio Piola
1458396000,Mar 19 2016 - 2:00pm,complete,9223,Perugia,Salernitana,N/A,32,1.63,0.63,1.48,0.77,1,1,2,1,1,0,"16","74",3,7,3,0,3,0,0,3,0,3,3,10,0,4,3,6,15,14,47,53,0.00,0.00,0.00,0.00,2.19,35,63,41,32,7,22,60,35,69,11.25,6.69,1.74,3.40,6.51,0.00,0.00,0.00,0.00,0.00,0.00,Stadio Renato Curi
1458396000,Mar 19 2016 - 2:00pm,complete,4918,Trapani,Livorno,N/A,32,1.60,0.67,1.91,0.67,1,0,1,0,0,0,"76","",9,4,3,0,5,0,0,3,1,4,9,5,4,4,5,1,16,22,60,40,0.00,0.00,0.00,0.00,2.84,63,77,67,27,13,37,74,50,87,9.73,6.00,2.21,3.10,4.00,0.00,0.00,0.00,0.00,0.00,0.00,Stadio Polisportivo Provinciale
1458396000,Mar 19 2016 - 2:00pm,complete,7974,Vicenza,Cagliari,N/A,32,1.00,1.47,1.19,1.67,0,2,2,0,0,0,"","68,90",5,3,2,1,6,0,2,1,2,4,6,7,3,4,3,3,13,21,48,52,0.00,0.00,0.00,0.00,2.40,53,77,47,27,4,37,64,37,67,11.27,7.60,3.40,2.99,2.52,0.00,0.00,0.00,0.00,0.00,0.00,Stadio Romeo Menti
1458396000,Mar 19 2016 - 2:00pm,complete,2693,Pro Vercelli,Ascoli,N/A,32,1.47,0.53,1.29,0.76,1,1,2,2,1,1,"23","3",9,2,4,0,5,1,1,3,2,4,9,3,4,2,5,1,17,18,58,42,0.00,0.00,0.00,0.00,2.74,37,80,57,23,7,50,90,30,74,8.00,7.14,2.14,3.14,4.19,0.00,0.00,0.00,0.00,0.00,0.00,Stadio Silvio Piola
1458491400,Mar 20 2016 - 4:30pm,complete,8736,Crotone,Pescara,N/A,32,2.40,1.20,2.38,1.39,4,2,6,4,3,1,"5,16,29,53","27,66",5,8,7,0,2,0,2,5,1,1,6,17,5,8,1,9,22,7,43,57,0.00,0.00,0.00,0.00,2.77,44,80,57,34,7,30,70,50,83,9.93,4.66,2.24,3.10,3.89,0.00,0.00,0.00,0.00,0.00,0.00,Stadio Ezio Scida
1458588600,Mar 21 2016 - 7:30pm,complete,5000,Avellino,Ternana,N/A,32,1.80,0.81,1.38,1.00,0,2,2,0,0,0,"","50,66",10,10,2,0,2,0,0,2,1,1,23,10,16,8,7,2,7,15,58,42,0.00,0.00,0.00,0.00,2.46,42,65,55,20,10,23,59,39,87,11.48,6.02,2.09,3.10,4.47,0.00,0.00,0.00,0.00,0.00,0.00,Stadio Partenio-Adriano Lombardi
1459000800,Mar 26 2016 - 2:00pm,complete,6500,Avellino,Crotone,N/A,33,1.69,1.69,1.38,1.52,0,0,0,0,0,0,"","",5,4,2,0,3,0,0,2,2,1,12,6,7,3,5,3,16,15,44,56,0.00,0.00,0.00,0.00,2.41,44,66,44,25,16,25,69,35,72,11.44,5.56,2.54,3.11,3.22,0.00,0.00,0.00,0.00,0.00,0.00,Stadio Partenio-Adriano Lombardi
1459000800,Mar 26 2016 - 2:00pm,complete,11696,Cesena,Latina,N/A,33,2.31,0.81,2.27,0.71,3,0,3,1,1,0,"5,70,73","",7,6,5,1,4,0,3,3,1,3,17,29,8,7,9,22,20,24,42,58,0.00,0.00,0.00,0.00,2.25,44,75,38,16,6,31,66,29,81,10.00,6.51,1.82,3.31,5.75,0.00,0.00,0.00,0.00,0.00,0.00,Orogel Stadium-Dino Manuzzi
1459000800,Mar 26 2016 - 2:00pm,complete,2885,Virtus Lanciano,Perugia,N/A,33,1.94,1.13,1.59,1.14,0,1,1,0,0,0,"","74",4,4,3,0,0,0,0,3,0,0,9,14,5,5,4,9,10,18,46,54,0.00,0.00,0.00,0.00,1.97,46,58,42,7,0,13,65,32,74,10.06,5.97,2.85,2.98,2.95,0.00,0.00,0.00,0.00,0.00,0.00,Stadio Comunale Guido Biondi
1459000800,Mar 26 2016 - 2:00pm,complete,6900,Livorno,Pro Vercelli,N/A,33,1.44,0.69,1.33,0.90,0,1,1,0,0,0,"","90'5",4,5,4,0,0,0,2,2,0,0,16,6,6,3,10,3,18,16,53,47,0.00,0.00,0.00,0.00,2.06,47,63,25,16,3,25,60,26,75,9.32,5.44,1.85,3.30,5.50,0.00,0.00,0.00,0.00,0.00,0.00,Stadio Armando Picchi
1459000800,Mar 26 2016 - 2:00pm,complete,5260,Modena,Cagliari,N/A,33,1.88,1.56,1.62,1.67,1,2,3,0,0,0,"78","90'3,90'5",6,1,2,1,3,0,1,2,0,3,7,7,5,2,2,5,19,15,38,62,0.00,0.00,0.00,0.00,2.16,41,66,38,19,0,22,47,41,85,10.19,7.44,3.47,3.04,2.45,0.00,0.00,0.00,0.00,0.00,0.00,Stadio Alberto Braglia
1459000800,Mar 26 2016 - 2:00pm,complete,7434,Spezia,Trapani,N/A,33,1.88,1.25,1.68,1.57,1,2,3,1,1,0,"5","52,72",2,5,4,0,2,0,3,1,1,1,6,5,4,2,2,3,20,17,54,46,0.00,0.00,0.00,0.00,1.97,35,63,35,13,7,19,63,32,56,10.50,5.31,2.02,3.24,4.54,0.00,0.00,0.00,0.00,0.00,0.00,Stadio Alberto Picco
1459000800,Mar 26 2016 - 2:00pm,complete,3887,Ternana,Pescara,N/A,33,1.60,1.13,1.52,1.39,1,0,1,0,0,0,"78","",3,5,0,0,1,0,0,0,0,1,4,10,0,8,4,2,20,21,49,51,0.00,0.00,0.00,0.00,2.80,42,78,58,32,10,42,68,45,81,11.18,5.41,2.70,3.12,3.00,0.00,0.00,0.00,0.00,0.00,0.00,Stadio Libero Liberati
1459000800,Mar 26 2016 - 2:00pm,complete,4149,Como,Virtus Entella,N/A,33,0.81,0.93,0.90,1.00,1,1,2,1,0,1,"63","15",7,2,4,0,2,1,0,4,0,3,15,8,8,4,7,4,23,20,56,44,0.00,0.00,0.00,0.00,2.03,45,61,29,20,7,29,52,32,74,10.85,6.48,2.47,3.00,3.48,0.00,0.00,0.00,0.00,0.00,0.00,Stadio Giuseppe Sinigaglia
1459000800,Mar 26 2016 - 2:00pm,complete,7219,Ascoli,Vicenza,N/A,33,1.69,1.00,1.48,1.14,1,2,3,3,1,2,"36","3,23",4,3,1,0,4,1,0,1,3,2,16,4,8,3,8,1,21,20,54,46,0.00,0.00,0.00,0.00,2.25,41,57,41,25,10,22,47,35,76,9.88,6.50,2.58,3.06,3.22,0.00,0.00,0.00,0.00,0.00,0.00,Stadio Cino e Lillo Del Duca
1459011600,Mar 26 2016 - 5:00pm,complete,9647,Brescia,Novara,N/A,33,2.19,1.50,1.90,1.26,0,0,0,0,0,0,"","",1,8,2,0,2,0,1,1,0,2,8,16,6,7,2,9,13,16,52,48,0.00,0.00,0.00,0.00,2.35,44,69,47,22,3,26,75,41,72,7.57,5.37,2.65,3.09,3.09,0.00,0.00,0.00,0.00,0.00,0.00,Stadio Mario Rigamonti
1459020600,Mar 26 2016 - 7:30pm,complete,17651,Salernitana,Bari 1908,N/A,33,1.33,1.00,1.55,1.38,3,4,7,2,1,1,"45'1,59,63","44,52,55,64",6,4,3,1,1,0,0,4,0,1,21,11,14,7,7,4,16,13,42,58,0.00,0.00,0.00,0.00,2.40,55,78,46,20,3,26,68,43,81,10.76,7.48,2.53,3.07,3.28,0.00,0.00,0.00,0.00,0.00,0.00,Stadio Arechi
1459535400,Apr 01 2016 - 6:30pm,complete,8488,Crotone,Virtus Lanciano,N/A,34,2.44,0.63,2.38,0.59,1,0,1,0,0,0,"52","",5,10,2,0,3,0,0,2,2,1,7,10,3,4,4,6,25,8,55,45,0.00,0.00,0.00,0.00,2.66,53,85,44,25,13,16,69,47,94,9.00,5.62,1.58,3.82,7.54,0.00,0.00,0.00,0.00,0.00,0.00,Stadio Ezio Scida
1459602000,Apr 02 2016 - 1:00pm,complete,11095,Cagliari,Spezia,N/A,34,2.50,1.31,2.29,1.39,1,2,3,0,0,0,"90'1","69,85",4,2,4,0,3,0,1,3,2,1,13,5,5,2,8,3,17,20,59,41,0.00,0.00,0.00,0.00,2.81,53,75,57,28,16,29,72,47,81,9.44,5.51,1.73,3.64,5.80,0.00,0.00,0.00,0.00,0.00,0.00,Stadio Sant'Elia (Cagliari)
1459602000,Apr 02 2016 - 1:00pm,complete,3938,Latina,Avellino,N/A,34,1.44,1.00,1.48,0.95,3,0,3,2,2,0,"30,45'4,61","",4,1,1,0,1,0,0,1,0,1,10,12,5,3,5,9,20,15,50,50,0.00,0.00,0.00,0.00,2.72,69,72,57,31,10,19,69,53,82,9.19,6.51,2.47,3.07,3.39,0.00,0.00,0.00,0.00,0.00,0.00,Stadio Comunale Domenico Francioni
1459602000,Apr 02 2016 - 1:00pm,complete,6184,Pescara,Como,N/A,34,1.94,0.81,2.17,0.67,2,1,3,2,2,0,"15,33","60",6,7,5,1,2,2,2,4,0,4,10,14,5,4,5,10,15,16,40,60,0.00,0.00,0.00,0.00,2.82,69,85,54,31,10,25,57,63,97,11.31,6.75,1.72,3.73,5.64,0.00,0.00,0.00,0.00,0.00,0.00,Stadio Adriatico-Giovanni Cornacchia
1459602000,Apr 02 2016 - 1:00pm,complete,2862,Pro Vercelli,Modena,N/A,34,1.44,0.31,1.29,0.38,1,1,2,0,0,0,"86","53",0,2,3,0,3,0,2,1,1,2,10,9,4,5,6,4,21,25,45,55,0.00,0.00,0.00,0.00,2.35,50,72,41,10,7,38,79,29,72,9.88,6.25,2.38,3.01,3.66,0.00,0.00,0.00,0.00,0.00,0.00,Stadio Silvio Piola
1459602000,Apr 02 2016 - 1:00pm,complete,6170,Trapani,Brescia,N/A,34,1.69,0.88,1.91,0.67,3,0,3,1,1,0,"20,65,79","",6,2,2,0,4,0,0,2,1,3,11,9,5,6,6,3,9,19,52,48,0.00,0.00,0.00,0.00,2.82,60,78,63,32,10,41,78,47,85,9.37,5.82,2.18,3.24,3.87,0.00,0.00,0.00,0.00,0.00,0.00,Stadio Polisportivo Provinciale
1459602000,Apr 02 2016 - 1:00pm,complete,8141,Vicenza,Livorno,N/A,34,0.94,0.63,1.19,0.67,2,0,2,1,1,0,"32,60","",1,7,4,0,5,1,1,3,2,4,6,14,3,9,3,5,25,21,54,46,0.00,0.00,0.00,0.00,2.35,50,69,51,19,10,35,60,38,66,10.51,6.63,2.23,3.11,3.92,0.00,0.00,0.00,0.00,0.00,0.00,Stadio Romeo Menti
1459602000,Apr 02 2016 - 1:00pm,complete,2050,Virtus Entella,Ternana,N/A,34,2.06,0.94,2.05,1.00,2,2,4,1,1,0,"8,53","58,59",7,4,2,0,3,0,0,2,0,3,11,10,4,7,7,3,17,20,51,49,0.00,0.00,0.00,0.00,2.33,38,62,53,24,3,24,59,41,74,10.30,5.77,2.13,3.14,4.20,0.00,0.00,0.00,0.00,0.00,0.00,Stadio Comunale Chiavari
1459602000,Apr 02 2016 - 1:00pm,complete,9524,Perugia,Ascoli,N/A,34,1.59,0.56,1.48,0.76,0,2,2,1,0,1,"","45,52",4,4,2,0,3,0,1,1,2,1,10,7,5,2,5,5,18,10,64,36,0.00,0.00,0.00,0.00,2.38,25,74,47,28,6,31,74,34,70,9.29,7.03,1.69,3.58,6.48,0.00,0.00,0.00,0.00,0.00,0.00,Stadio Renato Curi
1459697400,Apr 03 2016 - 3:30pm,complete,5321,Novara,Salernitana,N/A,34,1.88,0.65,1.86,0.77,1,1,2,0,0,0,"61","90'4",10,1,1,0,4,1,1,0,1,4,18,11,7,7,11,4,7,13,56,44,0.00,0.00,0.00,0.00,2.52,52,70,49,33,10,24,64,40,73,10.82,6.44,1.59,3.92,7.04,0.00,0.00,0.00,0.00,0.00,0.00,Stadio Comunale Silvio Piola
1459794600,Apr 04 2016 - 6:30pm,complete,29514,Bari 1908,Cesena,N/A,34,2.13,0.81,1.77,0.86,0,0,0,0,0,0,"","",10,6,0,0,1,0,0,0,1,0,11,8,4,4,7,4,13,13,58,42,0.00,0.00,0.00,0.00,2.41,53,69,44,22,10,19,66,41,72,10.75,6.19,2.22,3.20,3.80,0.00,0.00,0.00,0.00,0.00,0.00,Stadio Comunale San Nicola
1460140200,Apr 08 2016 - 6:30pm,complete,5000,Avellino,Pescara,N/A,35,1.65,1.06,1.38,1.39,1,3,4,1,0,1,"50","34,62,75",3,1,3,0,2,0,1,2,0,2,12,9,6,6,6,3,16,14,56,44,0.00,0.00,0.00,0.00,2.74,44,71,53,33,15,35,62,41,82,12.11,5.00,2.64,3.16,3.02,0.00,0.00,0.00,0.00,0.00,0.00,Stadio Partenio-Adriano Lombardi
1460206800,Apr 09 2016 - 1:00pm,complete,12142,Cesena,Vicenza,N/A,35,2.35,1.12,2.27,1.14,1,1,2,1,0,1,"52","35",11,2,5,0,3,0,3,2,0,3,33,19,14,5,19,14,18,10,50,50,0.00,0.00,0.00,0.00,2.53,41,79,47,21,9,29,68,38,82,11.30,6.12,1.93,3.39,4.74,0.00,0.00,0.00,0.00,0.00,0.00,Orogel Stadium-Dino Manuzzi
1460206800,Apr 09 2016 - 1:00pm,complete,6335,Livorno,Bari 1908,N/A,35,1.35,1.12,1.33,1.38,1,2,3,0,0,0,"87","78,90'5",5,5,1,0,2,0,1,0,1,1,15,8,6,4,9,4,16,22,53,47,0.00,0.00,0.00,0.00,2.24,50,68,38,21,6,24,56,38,76,10.00,6.24,2.44,3.20,3.30,0.00,0.00,0.00,0.00,0.00,0.00,Stadio Armando Picchi
1460206800,Apr 09 2016 - 1:00pm,complete,4599,Modena,Trapani,N/A,35,1.76,1.35,1.62,1.57,1,4,5,1,1,0,"13","57,64,68,79",3,2,4,2,2,0,3,3,1,1,2,4,0,2,2,2,13,15,33,67,0.00,0.00,0.00,0.00,1.97,35,59,38,9,6,15,41,41,71,10.00,5.59,2.44,3.13,3.38,0.00,0.00,0.00,0.00,0.00,0.00,Stadio Alberto Braglia
1460206800,Apr 09 2016 - 1:00pm,complete,10182,Salernitana,Latina,N/A,35,1.25,0.76,1.55,0.71,3,2,5,4,2,2,"31,39,86","11,34",3,2,5,0,5,1,3,2,1,5,10,8,5,3,5,5,18,22,54,46,0.00,0.00,0.00,0.00,2.47,58,80,43,22,6,30,70,37,85,10.18,7.40,2.38,3.16,3.47,0.00,0.00,0.00,0.00,0.00,0.00,Stadio Arechi
1460206800,Apr 09 2016 - 1:00pm,complete,7440,Spezia,Novara,N/A,35,1.76,1.47,1.68,1.26,1,0,1,1,1,0,"8","",7,4,4,0,3,0,2,2,1,2,9,9,5,6,4,3,17,14,46,54,0.00,0.00,0.00,0.00,1.88,38,59,29,9,3,15,71,30,62,9.29,5.65,2.14,3.21,4.06,0.00,0.00,0.00,0.00,0.00,0.00,Stadio Alberto Picco
1460206800,Apr 09 2016 - 1:00pm,complete,3398,Ternana,Crotone,N/A,35,1.69,1.65,1.52,1.52,1,2,3,1,0,1,"47","6,77",5,10,4,1,5,0,3,2,2,3,12,16,5,12,7,4,10,19,37,63,0.00,0.00,0.00,0.00,2.22,37,64,43,22,9,28,67,34,68,10.16,5.67,2.70,3.05,3.06,0.00,0.00,0.00,0.00,0.00,0.00,Stadio Libero Liberati
1460206800,Apr 09 2016 - 1:00pm,complete,2445,Virtus Lanciano,Virtus Entella,N/A,35,1.82,0.94,1.59,1.00,1,2,3,3,1,2,"11","4,26",4,7,3,1,3,0,0,4,0,3,13,21,6,9,7,12,19,17,57,43,0.00,0.00,0.00,0.00,1.94,36,55,33,16,7,22,58,24,76,10.37,5.34,2.70,3.06,3.05,0.00,0.00,0.00,0.00,0.00,0.00,Stadio Comunale Guido Biondi
1460206800,Apr 09 2016 - 1:00pm,complete,6186,Ascoli,Cagliari,N/A,35,1.59,1.65,1.48,1.67,2,1,3,2,2,0,"8,34","57",2,10,4,1,1,0,1,4,0,1,5,19,2,8,3,11,9,13,31,69,0.00,0.00,0.00,0.00,2.36,44,62,47,30,3,27,50,41,74,8.94,7.88,3.89,3.32,2.14,0.00,0.00,0.00,0.00,0.00,0.00,Stadio Cino e Lillo Del Duca
1460302200,Apr 10 2016 - 3:30pm,complete,3703,Como,Pro Vercelli,N/A,35,0.82,0.82,0.90,0.90,1,1,2,2,1,1,"29","31",6,5,5,0,3,0,1,4,1,2,23,7,9,2,14,5,14,18,56,44,0.00,0.00,0.00,0.00,2.09,53,65,24,12,3,29,56,27,79,10.35,6.47,2.56,3.11,3.19,0.00,0.00,0.00,0.00,0.00,0.00,Stadio Giuseppe Sinigaglia
1460399400,Apr 11 2016 - 6:30pm,complete,8092,Brescia,Perugia,N/A,35,2.12,1.25,1.90,1.14,2,2,4,3,1,2,"36,90'4","19,29",4,6,2,0,3,0,1,1,1,2,8,6,2,2,6,4,15,14,68,32,0.00,0.00,0.00,0.00,2.17,46,63,49,15,0,21,70,36,70,8.06,5.54,2.38,3.17,3.45,0.00,0.00,0.00,0.00,0.00,0.00,Stadio Mario Rigamonti
1460739600,Apr 15 2016 - 5:00pm,complete,9229,Crotone,Spezia,N/A,36,2.47,1.41,2.38,1.39,0,0,0,0,0,0,"","",2,3,0,0,3,0,0,0,1,2,6,8,2,5,4,3,14,19,54,46,0.00,0.00,0.00,0.00,2.79,53,77,53,29,15,21,65,53,88,8.17,5.18,2.13,3.20,4.11,0.00,0.00,0.00,0.00,0.00,0.00,Stadio Ezio Scida
1460746800,Apr 15 2016 - 7:00pm,complete,9519,Pescara,Cesena,N/A,36,2.00,0.82,2.17,0.86,1,0,1,0,0,0,"78","",4,6,4,0,4,0,1,3,1,3,9,7,4,3,5,4,19,20,51,49,0.00,0.00,0.00,0.00,2.41,65,77,47,24,6,21,62,41,83,11.59,6.95,2.11,3.37,3.93,0.00,0.00,0.00,0.00,0.00,0.00,Stadio Adriatico-Giovanni Cornacchia
1460811600,Apr 16 2016 - 1:00pm,complete,22592,Bari 1908,Como,N/A,36,2.06,0.76,1.77,0.67,3,0,3,0,0,0,"60,68,79","",6,2,3,0,3,0,1,2,1,2,10,12,5,7,5,5,10,15,61,39,0.00,0.00,0.00,0.00,2.68,56,74,50,27,12,27,59,56,83,10.88,6.06,1.69,3.72,6.00,0.00,0.00,0.00,0.00,0.00,0.00,Stadio Comunale San Nicola
1460811600,Apr 16 2016 - 1:00pm,complete,11035,Cagliari,Brescia,N/A,36,2.35,0.82,2.29,0.67,6,0,6,3,3,0,"4,23,34,47,63,87","",6,4,2,0,3,1,2,0,1,3,8,6,4,2,4,4,19,15,53,47,0.00,0.00,0.00,0.00,2.79,50,79,65,30,9,38,79,47,79,9.29,5.71,1.65,3.84,6.33,0.00,0.00,0.00,0.00,0.00,0.00,Stadio Sant'Elia (Cagliari)
1460811600,Apr 16 2016 - 1:00pm,complete,3702,Latina,Virtus Lanciano,N/A,36,1.53,0.59,1.48,0.59,2,2,4,1,1,0,"44,90","52,59",10,4,6,0,1,0,2,4,1,0,21,15,10,4,11,11,14,9,63,37,0.00,0.00,0.00,0.00,2.41,56,71,41,24,6,12,59,41,85,9.18,6.53,2.19,3.20,3.90,0.00,0.00,0.00,0.00,0.00,0.00,Stadio Comunale Domenico Francioni
1460811600,Apr 16 2016 - 1:00pm,complete,4282,Novara,Livorno,N/A,36,1.82,0.59,1.86,0.67,2,1,3,1,1,0,"11,90'3","65",6,4,5,0,5,1,2,3,2,4,7,12,3,5,4,7,27,11,55,45,0.00,0.00,0.00,0.00,2.50,47,65,50,27,15,21,59,44,77,10.47,6.06,1.85,3.42,5.17,0.00,0.00,0.00,0.00,0.00,0.00,Stadio Comunale Silvio Piola
1460811600,Apr 16 2016 - 1:00pm,complete,8898,Perugia,Avellino,N/A,36,1.50,0.94,1.48,0.95,2,0,2,1,1,0,"14,60","",5,6,2,0,1,0,1,1,1,0,11,8,4,6,7,2,14,16,48,52,0.00,0.00,0.00,0.00,2.42,44,69,44,26,15,18,69,41,78,10.52,5.85,2.08,3.25,4.24,0.00,0.00,0.00,0.00,0.00,0.00,Stadio Renato Curi
1460811600,Apr 16 2016 - 1:00pm,complete,3251,Pro Vercelli,Salernitana,N/A,36,1.41,0.67,1.29,0.77,1,1,2,1,0,1,"84","30",14,1,2,0,2,0,0,2,1,1,13,5,5,3,8,2,15,19,58,42,0.00,0.00,0.00,0.00,2.46,57,75,43,23,6,40,75,32,72,9.55,7.00,2.19,3.28,3.79,0.00,0.00,0.00,0.00,0.00,0.00,Stadio Silvio Piola
1460811600,Apr 16 2016 - 1:00pm,complete,7760,Vicenza,Ternana,N/A,36,1.06,0.94,1.19,1.00,2,1,3,1,1,0,"15,50","90'3",3,11,0,0,3,0,0,0,2,1,10,14,5,4,5,10,7,14,53,47,0.00,0.00,0.00,0.00,2.20,40,69,46,15,3,23,55,40,68,11.12,6.79,2.27,3.15,3.74,0.00,0.00,0.00,0.00,0.00,0.00,Stadio Romeo Menti
1460811600,Apr 16 2016 - 1:00pm,complete,2254,Virtus Entella,Modena,N/A,36,2.00,0.35,2.05,0.38,1,0,1,1,1,0,"20","",4,11,2,0,3,0,1,1,2,1,8,9,3,4,5,5,22,18,46,54,0.00,0.00,0.00,0.00,2.40,52,72,49,23,3,29,69,40,75,9.81,5.40,1.98,3.28,4.64,0.00,0.00,0.00,0.00,0.00,0.00,Stadio Comunale Chiavari
1460811600,Apr 16 2016 - 1:00pm,complete,5799,Trapani,Ascoli,N/A,36,1.76,0.71,1.91,0.76,4,3,7,4,2,2,"15,30,71,82","37,39,74",6,2,2,0,5,1,1,1,2,4,10,4,8,4,2,0,14,18,62,38,0.00,0.00,0.00,0.00,2.88,47,88,65,27,6,44,85,44,85,8.88,6.88,1.69,3.85,5.72,0.00,0.00,0.00,0.00,0.00,0.00,Stadio Polisportivo Provinciale
1461004200,Apr 18 2016 - 6:30pm,complete,13156,Cesena,Crotone,N/A,37,2.28,1.72,2.27,1.52,2,1,3,2,2,0,"17,33","62",6,1,2,0,2,0,0,2,1,1,19,17,6,8,13,9,20,28,44,56,0.00,0.00,0.00,0.00,2.28,36,70,42,20,9,23,75,36,67,11.16,6.56,2.43,3.04,3.50,0.00,0.00,0.00,0.00,0.00,0.00,Orogel Stadium-Dino Manuzzi
1461090600,Apr 19 2016 - 6:30pm,complete,5000,Avellino,Trapani,N/A,37,1.56,1.44,1.38,1.57,1,3,4,1,0,1,"78","5,52,74",8,1,3,1,1,0,1,3,0,1,18,6,8,2,10,4,18,10,54,46,0.00,0.00,0.00,0.00,2.47,45,70,50,25,17,23,59,45,75,10.89,4.95,2.54,3.32,3.03,0.00,0.00,0.00,0.00,0.00,0.00,Stadio Partenio-Adriano Lombardi
1461090600,Apr 19 2016 - 6:30pm,complete,3979,Como,Cagliari,N/A,37,0.83,1.56,0.90,1.67,1,1,2,1,0,1,"66","42",6,9,3,0,2,0,1,2,0,2,8,14,5,9,3,5,11,16,38,62,0.00,0.00,0.00,0.00,2.42,62,81,42,25,0,33,59,45,84,11.17,8.11,4.54,3.56,1.91,0.00,0.00,0.00,0.00,0.00,0.00,Stadio Giuseppe Sinigaglia
1461090600,Apr 19 2016 - 6:30pm,complete,2548,Virtus Lanciano,Novara,N/A,37,1.72,1.39,1.59,1.26,2,1,3,3,2,1,"5,14","27",9,6,3,0,3,0,1,2,1,2,7,14,5,4,2,10,17,17,50,50,0.00,0.00,0.00,0.00,1.95,39,56,36,11,3,17,64,31,70,9.44,5.67,3.29,3.26,2.41,0.00,0.00,0.00,0.00,0.00,0.00,Stadio Comunale Guido Biondi
1461090600,Apr 19 2016 - 6:30pm,complete,5880,Livorno,Latina,N/A,37,1.28,0.72,1.33,0.71,1,0,1,1,1,0,"42","",11,1,3,0,6,0,2,1,2,4,19,9,6,4,13,5,23,31,58,42,0.00,0.00,0.00,0.00,2.14,53,70,36,20,6,25,56,31,81,9.33,6.34,2.09,3.37,4.00,0.00,0.00,0.00,0.00,0.00,0.00,Stadio Armando Picchi
1461090600,Apr 19 2016 - 6:30pm,complete,4521,Modena,Perugia,N/A,37,1.67,1.24,1.62,1.14,3,0,3,2,2,0,"28,33,75","",7,4,2,0,3,0,0,2,1,2,12,8,7,6,5,2,7,21,47,53,0.00,0.00,0.00,0.00,1.94,43,55,37,6,3,12,49,34,77,9.39,6.35,2.63,3.13,3.07,0.00,0.00,0.00,0.00,0.00,0.00,Stadio Alberto Braglia
1461090600,Apr 19 2016 - 6:30pm,complete,13451,Salernitana,Vicenza,N/A,37,1.35,1.11,1.55,1.14,0,0,0,0,0,0,"","",6,3,5,0,1,0,2,3,0,1,16,11,6,4,10,7,19,10,48,52,0.00,0.00,0.00,0.00,2.75,61,83,49,29,12,32,72,40,86,10.94,6.88,2.24,3.28,3.65,0.00,0.00,0.00,0.00,0.00,0.00,Stadio Arechi
1461090600,Apr 19 2016 - 6:30pm,complete,8174,Spezia,Pescara,N/A,37,1.83,1.17,1.68,1.39,0,1,1,1,0,1,"","44",9,3,2,0,2,0,1,1,1,1,11,3,6,2,5,1,14,20,65,35,0.00,0.00,0.00,0.00,2.42,42,67,45,25,6,28,73,36,67,11.00,5.44,2.13,3.39,3.84,0.00,0.00,0.00,0.00,0.00,0.00,Stadio Alberto Picco
1461090600,Apr 19 2016 - 6:30pm,complete,3146,Ternana,Pro Vercelli,N/A,37,1.59,0.83,1.52,0.90,2,2,4,0,0,0,"54,79","75,76",3,4,2,0,0,0,2,0,0,0,6,8,4,0,2,8,19,11,49,51,0.00,0.00,0.00,0.00,2.24,43,66,35,12,6,34,63,26,80,9.59,5.25,2.13,3.20,4.11,0.00,0.00,0.00,0.00,0.00,0.00,Stadio Libero Liberati
1461090600,Apr 19 2016 - 6:30pm,complete,7491,Brescia,Virtus Entella,N/A,37,2.06,1.06,1.90,1.00,2,0,2,1,1,0,"36,85","",3,5,1,0,5,0,1,0,3,2,9,16,4,7,5,9,23,12,48,52,0.00,0.00,0.00,0.00,2.28,43,66,45,26,6,34,69,29,69,8.64,5.10,2.27,3.30,3.55,0.00,0.00,0.00,0.00,0.00,0.00,Stadio Mario Rigamonti
1461090600,Apr 19 2016 - 6:30pm,complete,7896,Ascoli,Bari 1908,N/A,37,1.67,1.22,1.48,1.38,0,1,1,1,0,1,"","31",14,3,2,1,3,0,0,3,1,2,9,6,3,3,6,3,17,12,49,51,0.00,0.00,0.00,0.00,2.31,48,58,47,20,9,28,50,36,70,9.00,7.00,2.93,3.31,2.62,0.00,0.00,0.00,0.00,0.00,0.00,Stadio Cino e Lillo Del Duca
1461416400,Apr 23 2016 - 1:00pm,complete,20294,Bari 1908,Modena,N/A,38,2.11,0.33,1.77,0.38,1,1,2,0,0,0,"83","54",6,4,2,0,4,0,0,2,2,2,9,10,4,5,5,5,8,16,54,46,0.00,0.00,0.00,0.00,2.39,47,67,48,14,9,20,64,45,75,10.89,5.50,1.89,3.42,4.89,0.00,0.00,0.00,0.00,0.00,0.00,Stadio Comunale San Nicola
1461416400,Apr 23 2016 - 1:00pm,complete,13239,Cagliari,Virtus Lanciano,N/A,38,2.39,0.61,2.29,0.59,1,1,2,2,1,1,"8","38",3,4,2,0,1,0,0,2,0,1,9,8,5,0,4,8,20,10,49,51,0.00,0.00,0.00,0.00,2.72,53,81,50,25,14,23,70,45,89,10.39,5.83,1.36,4.91,9.99,0.00,0.00,0.00,0.00,0.00,0.00,Stadio Sant'Elia (Cagliari)
1461416400,Apr 23 2016 - 1:00pm,complete,9263,Crotone,Como,N/A,38,2.39,0.72,2.38,0.67,2,0,2,2,2,0,"25,44","",4,8,0,0,0,1,0,0,0,1,12,11,4,3,8,8,18,12,47,53,0.00,0.00,0.00,0.00,2.70,53,84,50,28,9,28,59,59,92,9.33,5.77,1.57,4.14,6.87,0.00,0.00,0.00,0.00,0.00,0.00,Stadio Ezio Scida
1461416400,Apr 23 2016 - 1:00pm,complete,8124,Pescara,Brescia,N/A,38,2.06,0.78,2.17,0.67,2,1,3,1,0,1,"48,76","19",15,6,2,1,3,1,0,3,1,3,18,7,8,3,10,4,9,22,59,41,0.00,0.00,0.00,0.00,2.86,58,78,64,34,11,33,72,50,89,9.89,6.56,1.89,3.49,4.75,0.00,0.00,0.00,0.00,0.00,0.00,Stadio Adriatico-Giovanni Cornacchia
1461416400,Apr 23 2016 - 1:00pm,complete,2693,Pro Vercelli,Avellino,N/A,38,1.39,0.89,1.29,0.95,1,1,2,0,0,0,"80","83",6,3,1,0,2,0,0,1,1,1,10,12,3,5,7,7,15,16,53,47,0.00,0.00,0.00,0.00,2.67,62,78,47,20,14,36,83,36,78,9.83,6.00,2.52,3.12,3.25,0.00,0.00,0.00,0.00,0.00,0.00,Stadio Silvio Piola
1461416400,Apr 23 2016 - 1:00pm,complete,6315,Trapani,Cesena,N/A,38,1.83,0.78,1.91,0.86,2,1,3,1,1,0,"37,57","90",7,4,3,0,4,0,1,2,3,1,7,8,2,4,5,4,20,10,50,50,0.00,0.00,0.00,0.00,2.50,59,75,48,23,9,28,67,42,81,10.94,6.28,2.38,3.19,3.42,0.00,0.00,0.00,0.00,0.00,0.00,Stadio Polisportivo Provinciale
1461416400,Apr 23 2016 - 1:00pm,complete,3879,Ternana,Ascoli,N/A,38,1.56,0.67,1.52,0.76,1,3,4,1,0,1,"66","33,79,90",6,1,4,0,3,0,1,3,1,2,9,3,6,2,3,1,18,14,56,44,0.00,0.00,0.00,0.00,2.84,39,86,62,28,6,45,78,42,84,8.44,6.94,2.13,3.22,4.09,0.00,0.00,0.00,0.00,0.00,0.00,Stadio Libero Liberati
1461427200,Apr 23 2016 - 4:00pm,complete,7733,Vicenza,Spezia,N/A,38,1.17,1.39,1.19,1.39,0,3,3,2,0,2,"","10,36,72",4,4,0,0,0,0,0,0,0,0,15,5,4,2,11,3,7,14,51,49,0.00,0.00,0.00,0.00,2.42,53,73,45,20,12,25,59,42,67,9.28,6.11,2.79,2.97,3.03,0.00,0.00,0.00,0.00,0.00,0.00,Stadio Romeo Menti
1461502800,Apr 24 2016 - 1:00pm,complete,11372,Salernitana,Livorno,N/A,38,1.33,0.56,1.55,0.67,3,1,4,3,2,1,"1,31,59","40",6,7,1,1,1,0,1,1,1,0,11,19,8,11,3,8,17,11,46,54,0.00,0.00,0.00,0.00,2.70,56,75,56,28,11,31,73,44,83,10.17,7.72,2.48,3.15,3.28,0.00,0.00,0.00,0.00,0.00,0.00,Stadio Arechi
1461511800,Apr 24 2016 - 3:30pm,complete,3488,Latina,Virtus Entella,N/A,38,1.50,1.00,1.48,1.00,0,1,1,1,0,1,"","18",12,2,5,2,5,1,3,4,3,3,16,8,10,3,6,5,27,11,60,40,0.00,0.00,0.00,0.00,2.25,47,62,42,25,6,23,61,34,73,9.39,6.11,2.33,3.14,3.60,0.00,0.00,0.00,0.00,0.00,0.00,Stadio Comunale Domenico Francioni
1461609000,Apr 25 2016 - 6:30pm,complete,5210,Novara,Perugia,N/A,38,1.89,1.17,1.86,1.14,2,2,4,2,1,1,"35,88","15,76",6,2,1,1,4,0,0,2,0,4,18,7,7,3,11,4,17,13,58,42,0.00,0.00,0.00,0.00,2.25,47,62,44,17,9,14,62,39,72,10.17,5.72,1.89,3.30,5.17,0.00,0.00,0.00,0.00,0.00,0.00,Stadio Comunale Silvio Piola
1461954600,Apr 29 2016 - 6:30pm,complete,7869,Modena,Crotone,N/A,39,1.74,1.63,1.62,1.52,1,1,2,2,1,1,"17","45",5,2,2,0,3,0,1,1,0,3,12,9,9,4,3,5,21,14,45,55,0.00,0.00,0.00,0.00,2.06,40,58,40,13,8,19,56,35,69,10.10,6.37,2.46,3.06,3.42,0.00,0.00,0.00,0.00,0.00,0.00,Stadio Alberto Braglia
1462021200,Apr 30 2016 - 1:00pm,complete,7557,Brescia,Vicenza,N/A,39,2.11,1.11,1.90,1.14,0,1,1,0,0,0,"","90'1",7,7,3,1,1,0,1,3,0,1,9,22,5,10,4,12,21,13,47,53,0.00,0.00,0.00,0.00,2.48,50,77,50,27,6,32,69,35,77,9.06,5.16,2.35,3.16,3.53,0.00,0.00,0.00,0.00,0.00,0.00,Stadio Mario Rigamonti
1462021200,Apr 30 2016 - 1:00pm,complete,15415,Cagliari,Livorno,N/A,39,2.32,0.53,2.29,0.67,2,2,4,1,1,0,"26,65","68,71",6,7,4,1,5,0,1,4,2,3,10,4,2,3,8,1,16,18,53,47,0.00,0.00,0.00,0.00,2.79,53,76,63,26,14,37,74,45,82,10.10,6.10,1.54,4.12,7.45,0.00,0.00,0.00,0.00,0.00,0.00,Stadio Sant'Elia (Cagliari)
1462021200,Apr 30 2016 - 1:00pm,complete,3282,Virtus Lanciano,Avellino,N/A,39,1.79,0.89,1.59,0.95,1,2,3,3,1,2,"27","13,22",8,3,3,1,7,0,3,1,3,4,7,15,5,9,2,6,12,22,54,46,0.00,0.00,0.00,0.00,2.50,58,74,53,19,8,26,71,40,82,10.48,5.73,2.25,3.24,3.67,0.00,0.00,0.00,0.00,0.00,0.00,Stadio Comunale Guido Biondi
1462021200,Apr 30 2016 - 1:00pm,complete,3062,Latina,Spezia,N/A,39,1.42,1.47,1.48,1.39,0,0,0,0,0,0,"","",5,2,3,0,3,0,0,3,1,2,8,2,2,0,6,2,21,19,50,50,0.00,0.00,0.00,0.00,2.58,56,66,53,29,8,19,61,47,77,8.68,6.37,3.00,3.11,2.70,0.00,0.00,0.00,0.00,0.00,0.00,Stadio Comunale Domenico Francioni
1462021200,Apr 30 2016 - 1:00pm,complete,9422,Perugia,Bari 1908,N/A,39,1.58,1.32,1.48,1.38,0,0,0,0,0,0,"","",3,6,4,0,3,0,2,2,0,3,11,7,5,5,6,2,14,14,48,52,0.00,0.00,0.00,0.00,2.13,35,63,34,19,11,16,58,34,71,10.69,6.05,2.68,3.11,3.02,0.00,0.00,0.00,0.00,0.00,0.00,Stadio Renato Curi
1462021200,Apr 30 2016 - 1:00pm,complete,6959,Trapani,Novara,N/A,39,1.89,1.32,1.91,1.26,0,0,0,0,0,0,"","",8,3,1,0,2,0,1,0,0,2,8,9,3,3,5,6,14,15,61,39,0.00,0.00,0.00,0.00,2.50,53,69,50,19,11,27,74,45,77,9.52,5.58,2.37,3.21,3.41,0.00,0.00,0.00,0.00,0.00,0.00,Stadio Polisportivo Provinciale
1462021200,Apr 30 2016 - 1:00pm,complete,2911,Virtus Entella,Pescara,N/A,39,2.05,1.26,2.05,1.39,0,0,0,0,0,0,"","",4,4,1,0,1,0,1,0,0,1,12,12,4,4,8,8,16,24,53,47,0.00,0.00,0.00,0.00,2.68,45,66,56,40,8,35,71,42,69,10.21,4.79,2.63,3.17,3.04,0.00,0.00,0.00,0.00,0.00,0.00,Stadio Comunale Chiavari
1462021200,Apr 30 2016 - 1:00pm,complete,8835,Ascoli,Salernitana,N/A,39,1.58,0.68,1.48,0.77,2,2,4,3,2,1,"13,18","33,90'2",0,8,4,0,2,0,1,3,0,2,6,18,3,5,3,13,18,12,29,71,0.00,0.00,0.00,0.00,2.26,50,61,45,27,3,29,58,32,69,9.31,7.42,2.45,3.07,3.43,0.00,0.00,0.00,0.00,0.00,0.00,Stadio Cino e Lillo Del Duca
1462116600,May 01 2016 - 3:30pm,complete,2219,Como,Ternana,N/A,39,0.84,0.89,0.90,1.00,1,2,3,2,1,1,"36","41,90'4",2,11,4,0,3,0,2,2,1,2,11,13,7,10,4,3,14,17,50,50,0.00,0.00,0.00,0.00,2.24,53,71,42,16,0,22,56,45,82,11.74,7.37,3.03,3.13,2.66,0.00,0.00,0.00,0.00,0.00,0.00,Stadio Giuseppe Sinigaglia
1462213800,May 02 2016 - 6:30pm,complete,11820,Cesena,Pro Vercelli,N/A,39,2.32,0.84,2.27,0.90,2,1,3,1,1,0,"43,70","90",6,5,2,0,2,1,0,2,1,2,29,16,11,9,18,7,15,12,54,46,0.00,0.00,0.00,0.00,2.32,42,71,34,14,5,32,69,27,79,10.32,5.69,1.80,3.60,5.20,0.00,0.00,0.00,0.00,0.00,0.00,Orogel Stadium-Dino Manuzzi
1462559400,May 06 2016 - 6:30pm,complete,31107,Bari 1908,Cagliari,N/A,40,2.05,1.53,1.77,1.67,0,3,3,1,0,1,"","24,49,87",5,4,4,0,3,0,2,2,2,1,14,14,5,6,9,8,13,15,59,41,0.00,0.00,0.00,0.00,2.61,53,74,53,27,8,24,61,50,82,11.00,6.37,2.77,3.12,2.93,0.00,0.00,0.00,0.00,0.00,0.00,Stadio Comunale San Nicola
1462626000,May 07 2016 - 1:00pm,complete,5000,Avellino,Como,N/A,40,1.47,0.68,1.38,0.67,1,1,2,2,1,1,"12","6",6,4,3,2,1,0,1,4,1,0,10,10,6,3,4,7,12,10,51,49,0.00,0.00,0.00,0.00,2.71,56,82,50,29,11,32,58,53,89,11.52,6.11,1.71,3.69,5.91,0.00,0.00,0.00,0.00,0.00,0.00,Stadio Partenio-Adriano Lombardi
1462626000,May 07 2016 - 1:00pm,complete,8362,Crotone,Latina,N/A,40,2.42,0.68,2.38,0.71,1,1,2,2,1,1,"32","44",2,5,3,0,3,0,0,3,3,0,6,6,3,0,3,6,24,19,55,45,0.00,0.00,0.00,0.00,2.37,48,74,42,21,11,29,66,34,82,8.42,5.73,2.18,3.25,3.86,0.00,0.00,0.00,0.00,0.00,0.00,Stadio Ezio Scida
1462626000,May 07 2016 - 1:00pm,complete,6709,Livorno,Perugia,N/A,40,1.37,1.16,1.33,1.14,1,1,2,1,1,0,"30","68",6,3,1,0,3,0,0,1,2,1,13,9,3,2,10,7,11,25,48,52,0.00,0.00,0.00,0.00,2.06,47,61,40,16,0,19,61,35,74,9.52,5.84,1.61,3.78,7.23,0.00,0.00,0.00,0.00,0.00,0.00,Stadio Armando Picchi
1462626000,May 07 2016 - 1:00pm,complete,3454,Pro Vercelli,Trapani,N/A,40,1.37,1.53,1.29,1.57,1,1,2,0,0,0,"85","87",6,5,4,0,3,1,0,4,1,3,15,5,7,2,8,3,14,16,55,45,0.00,0.00,0.00,0.00,2.40,50,71,43,19,14,29,69,40,66,9.58,5.37,2.75,3.22,2.85,0.00,0.00,0.00,0.00,0.00,0.00,Stadio Silvio Piola
1462626000,May 07 2016 - 1:00pm,complete,21890,Salernitana,Modena,N/A,40,1.42,0.37,1.55,0.38,0,0,0,0,0,0,"","",2,9,4,0,2,1,1,3,1,2,10,16,5,8,5,8,15,21,43,57,0.00,0.00,0.00,0.00,2.53,58,79,45,21,6,29,71,42,82,10.73,7.16,2.43,3.20,3.32,0.00,0.00,0.00,0.00,0.00,0.00,Stadio Arechi
1462626000,May 07 2016 - 1:00pm,complete,3195,Ternana,Cesena,N/A,40,1.47,0.74,1.52,0.86,1,1,2,2,1,1,"17","15",8,7,4,0,3,1,1,3,1,3,9,16,6,8,3,8,26,11,48,52,0.00,0.00,0.00,0.00,2.29,50,74,45,21,3,24,61,40,79,10.52,6.32,3.05,3.14,2.64,0.00,0.00,0.00,0.00,0.00,0.00,Stadio Libero Liberati
1462626000,May 07 2016 - 1:00pm,complete,8433,Vicenza,Virtus Entella,N/A,40,1.11,1.11,1.19,1.00,2,1,3,1,0,1,"57,71","15",4,6,4,0,2,1,2,2,1,2,17,6,8,2,9,4,16,13,56,44,0.00,0.00,0.00,0.00,2.05,40,66,34,14,8,32,63,24,61,10.16,6.00,2.63,2.96,3.25,0.00,0.00,0.00,0.00,0.00,0.00,Stadio Romeo Menti
1462626000,May 07 2016 - 1:00pm,complete,4609,Novara,Ascoli,N/A,40,1.84,0.79,1.86,0.76,2,0,2,1,1,0,"45,90","",9,3,2,0,5,0,1,1,1,4,13,7,7,3,6,4,8,20,58,42,0.00,0.00,0.00,0.00,2.87,45,82,58,35,11,35,77,48,77,9.05,6.90,1.67,3.75,6.31,0.00,0.00,0.00,0.00,0.00,0.00,Stadio Comunale Silvio Piola
1462721400,May 08 2016 - 3:30pm,complete,13790,Pescara,Virtus Lanciano,N/A,40,2.11,0.63,2.17,0.59,4,0,4,2,2,0,"31,35,63,89","",6,6,1,0,5,0,1,0,3,2,16,13,9,4,7,9,15,13,51,49,0.00,0.00,0.00,0.00,2.61,66,79,48,24,11,16,63,45,95,11.37,6.58,1.65,3.62,7.01,0.00,0.00,0.00,0.00,0.00,0.00,Stadio Adriatico-Giovanni Cornacchia
1462818600,May 09 2016 - 6:30pm,complete,7693,Spezia,Brescia,N/A,40,1.74,0.74,1.68,0.67,2,1,3,1,1,0,"34,69","90'2",8,2,1,1,4,1,0,2,2,3,16,5,7,0,9,5,17,12,48,52,0.00,0.00,0.00,0.00,2.37,42,69,47,21,6,29,82,37,66,9.68,6.00,1.62,3.84,6.83,0.00,0.00,0.00,0.00,0.00,0.00,Stadio Alberto Picco
1463164200,May 13 2016 - 6:30pm,complete,8465,Perugia,Pro Vercelli,N/A,41,1.55,0.80,1.48,0.90,1,2,3,1,0,1,"72","13,90'1",1,3,0,1,1,0,0,1,0,1,9,8,3,5,6,3,19,11,55,45,0.00,0.00,0.00,0.00,1.95,33,58,23,15,8,18,58,23,70,10.00,5.30,2.93,3.11,2.76,0.00,0.00,0.00,0.00,0.00,0.00,Stadio Renato Curi
1463230800,May 14 2016 - 1:00pm,complete,8176,Brescia,Bari 1908,N/A,41,2.00,1.30,1.90,1.38,2,3,5,3,1,2,"31,83","15,23,90'3",6,6,4,1,3,0,2,3,1,2,10,14,6,8,4,6,11,13,48,52,0.00,0.00,0.00,0.00,2.40,48,70,50,23,5,30,65,38,73,8.90,5.80,4.99,3.35,1.90,0.00,0.00,0.00,0.00,0.00,0.00,Stadio Mario Rigamonti
1463230800,May 14 2016 - 1:00pm,complete,15551,Cagliari,Salernitana,N/A,41,2.25,0.70,2.29,0.77,3,0,3,0,0,0,"57,75,80","",9,7,3,0,5,1,1,2,2,4,9,9,3,4,6,5,19,14,53,47,0.00,0.00,0.00,0.00,2.78,60,83,58,33,8,38,75,43,80,10.35,6.45,2.24,3.18,3.78,0.00,0.00,0.00,0.00,0.00,0.00,Stadio Sant'Elia (Cagliari)
1463230800,May 14 2016 - 1:00pm,complete,12836,Cesena,Novara,N/A,41,2.35,1.30,2.27,1.26,1,0,1,1,1,0,"5","",5,9,2,0,2,1,0,2,1,2,40,31,17,13,23,18,14,21,49,51,0.00,0.00,0.00,0.00,2.18,38,68,40,13,5,23,73,35,70,9.90,6.00,2.44,3.06,3.47,0.00,0.00,0.00,0.00,0.00,0.00,Orogel Stadium-Dino Manuzzi
1463230800,May 14 2016 - 1:00pm,complete,3284,Virtus Lanciano,Ternana,N/A,41,1.70,1.00,1.59,1.00,1,1,2,1,1,0,"17","90'5",5,3,0,0,1,1,0,0,0,2,11,9,5,4,6,5,14,22,59,41,0.00,0.00,0.00,0.00,2.25,45,65,55,13,0,23,60,38,78,11.85,6.35,1.51,4.18,8.18,0.00,0.00,0.00,0.00,0.00,0.00,Stadio Comunale Guido Biondi
1463230800,May 14 2016 - 1:00pm,complete,3485,Latina,Vicenza,N/A,41,1.40,1.20,1.48,1.14,2,1,3,1,1,0,"25,53","56",2,2,4,0,4,1,2,2,3,2,6,7,2,3,4,4,14,13,39,61,0.00,0.00,0.00,0.00,2.33,53,65,45,25,5,20,58,38,75,10.30,6.25,1.60,3.88,6.95,0.00,0.00,0.00,0.00,0.00,0.00,Stadio Comunale Domenico Francioni
1463230800,May 14 2016 - 1:00pm,complete,8355,Modena,Pescara,N/A,41,1.70,1.25,1.62,1.39,2,5,7,2,1,1,"7,51","35,46,63,81,90'3",4,5,5,1,1,0,2,4,0,1,7,9,3,5,4,4,13,21,44,56,0.00,0.00,0.00,0.00,2.38,40,63,45,23,8,28,53,40,75,10.40,5.60,2.86,3.09,2.84,0.00,0.00,0.00,0.00,0.00,0.00,Stadio Alberto Braglia
1463230800,May 14 2016 - 1:00pm,complete,6595,Trapani,Crotone,N/A,41,1.85,1.60,1.91,1.52,3,0,3,1,1,0,"42,66,76","",5,0,2,0,4,0,1,1,3,1,9,10,4,2,5,8,13,19,45,55,0.00,0.00,0.00,0.00,2.53,55,70,53,23,13,30,75,43,70,10.50,5.80,1.91,3.34,4.94,0.00,0.00,0.00,0.00,0.00,0.00,Stadio Polisportivo Provinciale
1463230800,May 14 2016 - 1:00pm,complete,2449,Virtus Entella,Avellino,N/A,41,2.00,1.00,2.05,0.95,4,0,4,3,3,0,"12,34,37,63","",3,7,0,0,1,1,0,0,0,2,8,17,5,10,3,7,7,13,48,52,0.00,0.00,0.00,0.00,2.63,58,73,55,30,10,30,75,43,73,9.45,5.30,1.48,4.29,8.61,0.00,0.00,0.00,0.00,0.00,0.00,Stadio Comunale Chiavari
1463230800,May 14 2016 - 1:00pm,complete,8922,Ascoli,Livorno,N/A,41,1.55,0.55,1.48,0.67,1,3,4,0,0,0,"73","56,77,90'2",4,3,3,2,5,0,3,2,2,3,8,9,5,4,3,5,23,15,49,51,0.00,0.00,0.00,0.00,2.43,48,58,55,28,8,30,60,35,73,9.15,7.25,2.42,3.19,3.35,0.00,0.00,0.00,0.00,0.00,0.00,Stadio Cino e Lillo Del Duca
1463326200,May 15 2016 - 3:30pm,complete,3147,Como,Spezia,N/A,41,0.80,1.45,0.90,1.39,4,0,4,3,3,0,"20,30,34,59","",0,10,2,0,2,0,0,2,1,1,9,15,2,6,7,9,7,15,43,57,0.00,0.00,0.00,0.00,2.38,60,73,40,20,8,28,58,40,78,9.50,6.75,9.10,4.61,1.43,0.00,0.00,0.00,0.00,0.00,0.00,Stadio Giuseppe Sinigaglia
1463769000,May 20 2016 - 6:30pm,complete,4500,Avellino,Cesena,N/A,42,1.45,0.75,1.38,0.86,1,2,3,2,1,1,"13","11,61",8,11,4,0,1,1,2,2,1,1,16,13,11,6,5,7,20,15,46,54,0.00,0.00,0.00,0.00,2.30,55,73,40,23,8,25,63,35,75,11.75,6.40,6.02,4.17,1.61,0.00,0.00,0.00,0.00,0.00,0.00,Stadio Partenio-Adriano Lombardi
1463769000,May 20 2016 - 6:30pm,complete,26021,Bari 1908,Trapani,N/A,42,1.95,1.50,1.77,1.57,1,2,3,1,0,1,"73","28,53",3,3,7,0,3,0,3,4,1,2,8,6,4,2,4,4,20,18,63,37,0.00,0.00,0.00,0.00,2.50,45,68,53,23,15,15,58,55,70,10.15,4.95,2.22,3.51,3.45,0.00,0.00,0.00,0.00,0.00,0.00,Stadio Comunale San Nicola
1463769000,May 20 2016 - 6:30pm,complete,9839,Livorno,Virtus Lanciano,N/A,42,1.35,0.60,1.33,0.59,2,2,4,2,2,0,"25,45'2","69,84",6,7,1,1,4,2,0,2,2,4,13,13,5,8,8,5,9,15,45,55,0.00,0.00,0.00,0.00,2.25,53,73,33,23,5,15,60,38,83,10.25,5.85,1.75,4.03,4.84,0.00,0.00,0.00,0.00,0.00,0.00,Stadio Armando Picchi
1463769000,May 20 2016 - 6:30pm,complete,6655,Novara,Modena,N/A,42,1.90,0.40,1.86,0.38,4,0,4,1,1,0,"4,64,87,89","",3,9,1,0,2,1,0,1,3,0,12,10,6,3,6,7,13,6,41,59,0.00,0.00,0.00,0.00,2.30,50,70,40,18,8,18,60,45,75,11.35,5.80,1.96,3.73,4.04,0.00,0.00,0.00,0.00,0.00,0.00,Stadio Comunale Silvio Piola
1463769000,May 20 2016 - 6:30pm,complete,10836,Pescara,Latina,N/A,42,2.15,0.70,2.17,0.71,1,1,2,1,1,0,"44","55",10,3,3,0,9,0,1,2,2,7,13,5,5,3,8,2,12,19,67,33,0.00,0.00,0.00,0.00,2.50,63,75,50,23,10,30,65,38,88,10.70,7.05,2.09,3.29,4.12,0.00,0.00,0.00,0.00,0.00,0.00,Stadio Adriatico-Giovanni Cornacchia
1463769000,May 20 2016 - 6:30pm,complete,5352,Pro Vercelli,Cagliari,N/A,42,1.35,1.60,1.29,1.67,1,2,3,2,1,1,"5","3,84",7,3,1,0,2,0,0,1,1,1,8,8,3,3,5,5,17,19,42,58,0.00,0.00,0.00,0.00,2.50,58,80,43,20,5,35,70,40,80,10.40,6.95,3.80,2.70,2.55,0.00,0.00,0.00,0.00,0.00,0.00,Stadio Silvio Piola
1463769000,May 20 2016 - 6:30pm,complete,17748,Salernitana,Como,N/A,42,1.40,0.70,1.55,0.67,1,0,1,1,1,0,"5","",7,2,2,0,3,0,1,1,0,3,17,9,12,2,5,7,10,17,47,53,0.00,0.00,0.00,0.00,2.73,60,85,48,30,8,38,65,50,83,10.55,7.45,0.00,0.00,0.00,0.00,0.00,0.00,0.00,0.00,0.00,Stadio Arechi
1463769000,May 20 2016 - 6:30pm,complete,2873,Ternana,Brescia,N/A,42,1.45,0.70,1.52,0.67,3,2,5,3,2,1,"13,33,81","5,86",5,9,2,0,1,0,0,2,0,1,9,12,7,7,2,5,14,14,50,50,0.00,0.00,0.00,0.00,2.78,50,80,63,30,8,38,75,50,83,9.15,6.10,2.25,3.57,3.31,0.00,0.00,0.00,0.00,0.00,0.00,Stadio Libero Liberati
1463769000,May 20 2016 - 6:30pm,complete,11104,Vicenza,Perugia,N/A,42,1.20,1.15,1.19,1.14,0,0,0,0,0,0,"","",5,3,2,0,3,0,2,0,1,2,14,8,4,5,10,3,9,13,55,45,0.00,0.00,0.00,0.00,2.18,50,70,45,10,3,28,68,33,68,9.55,6.15,2.23,3.48,3.45,0.00,0.00,0.00,0.00,0.00,0.00,Stadio Romeo Menti
1463769000,May 20 2016 - 6:30pm,complete,9060,Crotone,Virtus Entella,N/A,42,2.35,1.05,2.38,1.00,1,0,1,1,1,0,"37","",5,9,2,0,3,0,0,2,0,3,12,5,3,3,9,2,18,9,51,49,0.00,0.00,0.00,0.00,2.25,40,68,38,20,10,28,68,33,73,8.90,5.05,3.70,3.77,2.04,0.00,0.00,0.00,0.00,0.00,0.00,Stadio Ezio Scida
1463769000,May 20 2016 - 6:30pm,complete,7818,Spezia,Ascoli,N/A,42,1.80,0.75,1.68,0.76,0,0,0,0,0,0,"","",9,1,2,0,2,0,0,2,2,0,7,6,4,2,3,4,19,11,60,40,0.00,0.00,0.00,0.00,2.48,38,78,48,20,3,33,88,33,68,9.05,7.05,0.00,0.00,0.00,0.00,0.00,0.00,0.00,0.00,0.00,Stadio Alberto Picco
1464114600,May 24 2016 - 6:30pm,complete,11862,Cesena,Spezia,N/A,N/A,1.62,1.57,1.58,1.53,1,2,3,1,0,1,"65","40,85",5,4,2,0,4,0,0,2,1,3,27,25,11,9,16,16,25,24,55,45,0.00,0.00,0.00,0.00,2.22,46,69,40,16,5,23,69,33,69,10.81,6.14,2.37,3.04,3.63,0.00,0.00,0.00,0.00,0.00,0.00,Orogel Stadium-Dino Manuzzi
1464201000,May 25 2016 - 6:30pm,complete,22377,Bari 1908,Novara,N/A,N/A,1.62,1.60,1.58,1.56,3,4,7,2,0,2,"59,79,84","3,43,48,114",5,4,6,0,5,1,2,4,1,5,4,14,3,7,1,7,27,25,61,39,0.00,0.00,0.00,0.00,2.36,45,64,45,20,12,18,62,45,69,10.26,5.67,2.38,3.03,3.64,0.00,0.00,0.00,0.00,0.00,0.00,Stadio Comunale San Nicola
1464453000,May 28 2016 - 4:30pm,complete,8618,Spezia,Trapani,N/A,N/A,1.60,1.74,1.53,1.74,0,1,1,0,0,0,"","78",3,2,2,0,2,0,2,0,1,1,10,3,3,2,7,1,19,16,64,36,0.00,0.00,0.00,0.00,2.45,50,70,51,20,11,22,67,46,72,10.00,5.36,2.44,3.12,3.39,0.00,0.00,0.00,0.00,0.00,0.00,Stadio Alberto Picco
1464539400,May 29 2016 - 4:30pm,complete,6881,Novara,Pescara,N/A,N/A,1.63,1.71,1.56,1.78,0,2,2,1,0,1,"","21,77",5,4,3,0,2,0,2,1,0,2,16,5,5,4,11,1,18,16,55,45,0.00,0.00,0.00,0.00,2.59,50,67,50,30,12,24,66,46,76,10.93,5.63,2.49,3.11,3.32,0.00,0.00,0.00,0.00,0.00,0.00,Stadio Comunale Silvio Piola
1464719400,May 31 2016 - 6:30pm,complete,7406,Trapani,Spezia,N/A,N/A,1.77,1.57,1.74,1.53,2,0,2,0,0,0,"58,90","",5,3,1,0,1,0,1,0,0,1,7,9,3,4,4,5,17,17,47,53,0.00,0.00,0.00,0.00,2.42,48,68,50,20,11,21,66,45,73,9.89,5.33,2.34,3.20,3.50,0.00,0.00,0.00,0.00,0.00,0.00,Stadio Polisportivo Provinciale
1464805800,Jun 01 2016 - 6:30pm,complete,16335,Pescara,Novara,N/A,N/A,1.74,1.59,1.78,1.56,4,2,6,3,2,1,"2,34,81,90'4","45,73",2,2,1,0,3,0,0,1,2,1,10,17,4,6,6,11,16,17,52,48,0.00,0.00,0.00,0.00,2.58,49,68,49,29,12,23,67,45,76,10.89,5.61,2.17,3.47,3.62,0.00,0.00,0.00,0.00,0.00,0.00,Stadio Adriatico-Giovanni Cornacchia
1465065000,Jun 04 2016 - 6:30pm,complete,5267,Virtus Lanciano,Salernitana,N/A,N/A,1.14,1.07,1.09,1.16,1,4,5,3,1,2,"16","9,21,80,90'1",4,4,3,0,2,0,1,2,1,1,12,9,7,3,5,6,18,19,59,41,0.00,0.00,0.00,0.00,2.49,58,77,47,26,5,29,69,36,80,10.69,6.98,2.51,3.08,3.31,0.00,0.00,0.00,0.00,0.00,0.00,Stadio Arechi
1465151400,Jun 05 2016 - 6:30pm,complete,20014,Pescara,Trapani,N/A,N/A,1.77,1.80,1.78,1.74,2,0,2,0,0,0,"47,72","",8,1,2,0,5,1,0,2,4,2,15,5,7,2,8,3,21,19,73,27,0.00,0.00,0.00,0.00,2.79,55,75,58,30,14,28,66,54,83,10.80,5.32,2.24,3.32,3.60,0.00,0.00,0.00,0.00,0.00,0.00,Stadio Adriatico-Giovanni Cornacchia
1465410600,Jun 08 2016 - 6:30pm,complete,25051,Salernitana,Virtus Lanciano,N/A,N/A,1.12,1.12,1.16,1.09,1,0,1,1,1,0,"20","",3,5,1,0,0,0,0,1,0,0,8,11,4,5,4,6,13,12,42,58,0.00,0.00,0.00,0.00,2.55,58,77,48,28,7,31,70,38,80,10.63,6.93,1.95,3.41,4.56,0.00,0.00,0.00,0.00,0.00,0.00,Stadio Arechi
1465497000,Jun 09 2016 - 6:30pm,complete,7787,Trapani,Pescara,N/A,N/A,1.76,1.80,1.74,1.78,1,1,2,1,1,0,"5","57",3,3,6,1,5,0,3,4,2,3,7,8,2,4,5,4,19,18,60,40,0.00,0.00,0.00,0.00,2.77,54,76,57,29,13,27,65,55,84,10.76,5.38,2.23,3.32,3.63,0.00,0.00,0.00,0.00,0.00,0.00,Stadio Polisportivo Provinciale
