timestamp,date_GMT,status,attendance,home_team_name,away_team_name,referee,Game Week,Pre-Match PPG (Home),Pre-Match PPG (Away),home_ppg,away_ppg,home_team_goal_count,away_team_goal_count,total_goal_count,total_goals_at_half_time,home_team_goal_count_half_time,away_team_goal_count_half_time,home_team_goal_timings,away_team_goal_timings,home_team_corner_count,away_team_corner_count,home_team_yellow_cards,home_team_red_cards,away_team_yellow_cards,away_team_red_cards,home_team_first_half_cards,home_team_second_half_cards,away_team_first_half_cards,away_team_second_half_cards,home_team_shots,away_team_shots,home_team_shots_on_target,away_team_shots_on_target,home_team_shots_off_target,away_team_shots_off_target,home_team_fouls,away_team_fouls,home_team_possession,away_team_possession,Home Team Pre-Match xG,Away Team Pre-Match xG,team_a_xg,team_b_xg,average_goals_per_match_pre_match,btts_percentage_pre_match,over_15_percentage_pre_match,over_25_percentage_pre_match,over_35_percentage_pre_match,over_45_percentage_pre_match,over_15_HT_FHG_percentage_pre_match,over_05_HT_FHG_percentage_pre_match,over_15_2HG_percentage_pre_match,over_05_2HG_percentage_pre_match,average_corners_per_match_pre_match,average_cards_per_match_pre_match,odds_ft_home_team_win,odds_ft_draw,odds_ft_away_team_win,odds_ft_over15,odds_ft_over25,odds_ft_over35,odds_ft_over45,odds_btts_yes,odds_btts_no,stadium_name
1409337000,Aug 29 2014 - 6:30pm,complete,13400,Perugia,Bologna,N/A,1,0.00,0.00,1.91,1.57,2,1,3,0,0,0,"64,85","88",9,3,4,0,3,2,0,4,0,5,12,8,7,4,5,4,14,10,57,43,0.00,0.00,0.00,0.00,0.00,0,0,0,0,0,0,0,0,0,0.00,0.00,2.22,3.09,3.90,0.00,0.00,0.00,0.00,0.00,0.00,Stadio Renato Curi
1409423400,Aug 30 2014 - 6:30pm,complete,7000,Avellino,Pro Vercelli,N/A,1,0.00,0.00,1.77,0.57,1,0,1,0,0,0,"89","",6,0,2,0,3,1,1,1,3,1,15,2,8,0,7,2,10,21,73,27,0.00,0.00,0.00,0.00,0.00,0,0,0,0,0,0,0,0,0,0.00,0.00,2.11,3.17,4.17,0.00,0.00,0.00,0.00,0.00,0.00,Stadio Partenio-Adriano Lombardi
1409423400,Aug 30 2014 - 6:30pm,complete,15881,Catania,Virtus Lanciano,N/A,1,0.00,0.00,1.76,0.86,3,3,6,1,1,0,"23,74,87","51,63,90'4",6,3,6,1,3,1,3,4,2,2,18,6,5,5,13,1,7,17,54,46,0.00,0.00,0.00,0.00,0.00,0,0,0,0,0,0,0,0,0,0.00,0.00,1.86,3.36,5.12,0.00,0.00,0.00,0.00,0.00,0.00,Stadio Angelo Massimino
1409423400,Aug 30 2014 - 6:30pm,complete,4176,Crotone,Ternana,N/A,1,0.00,0.00,1.71,1.33,0,2,2,1,0,1,"","43,69",8,2,5,0,4,0,3,2,1,3,10,12,4,3,6,9,12,15,58,42,0.00,0.00,0.00,0.00,0.00,0,0,0,0,0,0,0,0,0,0.00,0.00,2.27,3.09,3.76,0.00,0.00,0.00,0.00,0.00,0.00,Stadio Ezio Scida
1409423400,Aug 30 2014 - 6:30pm,complete,4248,Frosinone,Brescia,N/A,1,0.00,0.00,2.29,0.81,1,0,1,0,0,0,"51","",6,4,3,0,3,0,1,2,2,1,19,10,8,2,11,8,15,15,52,48,0.00,0.00,0.00,0.00,0.00,0,0,0,0,0,0,0,0,0,0.00,0.00,2.77,3.04,2.94,0.00,0.00,0.00,0.00,0.00,0.00,Stadio Comunale Matusa (Frosinone)
1409423400,Aug 30 2014 - 6:30pm,complete,5823,Livorno,Carpi,N/A,1,0.00,0.00,1.86,1.76,1,1,2,1,1,0,"43","58",1,4,3,0,2,0,0,3,1,1,5,8,2,5,3,3,22,10,63,37,0.00,0.00,0.00,0.00,0.00,0,0,0,0,0,0,0,0,0,0.00,0.00,2.17,3.11,4.04,0.00,0.00,0.00,0.00,0.00,0.00,Stadio Armando Picchi
1409423400,Aug 30 2014 - 6:30pm,complete,7386,Pescara,Trapani,N/A,1,0.00,0.00,1.57,0.43,0,0,0,0,0,0,"","",9,4,3,0,2,0,0,3,1,1,17,3,8,0,9,3,15,13,56,44,0.00,0.00,0.00,0.00,0.00,0,0,0,0,0,0,0,0,0,0.00,0.00,1.97,3.30,4.55,0.00,0.00,0.00,0.00,0.00,0.00,Stadio Adriatico-Giovanni Cornacchia
1409423400,Aug 30 2014 - 6:30pm,complete,3092,Varese,Spezia,N/A,1,0.00,0.00,1.29,1.29,2,1,3,0,0,0,"67,77","75",6,1,2,0,2,0,1,1,0,2,9,6,6,2,3,4,26,18,47,53,0.00,0.00,0.00,0.00,0.00,0,0,0,0,0,0,0,0,0,0.00,0.00,2.72,3.04,2.99,0.00,0.00,0.00,0.00,0.00,0.00,Stadio Franco Ossola
1409423400,Aug 30 2014 - 6:30pm,complete,2753,Virtus Entella,Bari 1908,N/A,1,0.00,0.00,1.45,0.86,0,2,2,0,0,0,"","66,89",3,6,2,0,2,0,1,1,2,0,5,9,3,3,2,6,14,17,40,60,0.00,0.00,0.00,0.00,0.00,0,0,0,0,0,0,0,0,0,0.00,0.00,2.88,2.98,2.88,0.00,0.00,0.00,0.00,0.00,0.00,Stadio Comunale Chiavari
1409596200,Sep 01 2014 - 6:30pm,complete,5712,Modena,Cittadella,N/A,1,0.00,0.00,1.41,1.05,1,1,2,1,0,1,"78","28",5,3,1,0,4,0,1,0,3,1,11,3,6,2,5,1,13,20,62,38,0.00,0.00,0.00,0.00,0.00,0,0,0,0,0,0,0,0,0,0.00,0.00,2.01,3.21,4.52,0.00,0.00,0.00,0.00,0.00,0.00,Stadio Alberto Braglia
1410019200,Sep 06 2014 - 4:00pm,complete,4354,Latina,Crotone,N/A,2,0.00,0.00,1.48,0.57,1,0,1,0,0,0,"79","",3,5,1,0,3,0,0,1,2,1,10,10,5,5,5,5,22,13,55,45,0.00,0.00,0.00,0.00,0.00,0,0,0,0,0,0,0,0,0,0.00,0.00,1.90,3.21,5.20,0.00,0.00,0.00,0.00,0.00,0.00,Stadio Comunale Domenico Francioni
1410028200,Sep 06 2014 - 6:30pm,complete,6029,Brescia,Livorno,N/A,2,0.00,0.00,1.48,0.95,0,1,1,0,0,0,"","79",8,4,1,0,4,0,1,0,2,2,13,8,5,5,8,3,16,17,55,45,0.00,0.00,0.00,0.00,0.00,0,0,0,0,0,0,0,0,0,0.00,0.00,2.49,3.05,3.32,0.00,0.00,0.00,0.00,0.00,0.00,Stadio Mario Rigamonti
1410094800,Sep 07 2014 - 1:00pm,complete,11490,Bologna,Virtus Entella,N/A,2,0.00,0.00,1.61,0.77,1,1,2,1,0,1,"54","2",5,4,1,0,3,0,0,1,0,3,17,7,8,4,9,3,22,13,58,42,0.00,0.00,0.00,0.00,0.00,0,0,0,0,0,0,0,0,0,0.00,0.00,1.95,3.25,4.76,0.00,0.00,0.00,0.00,0.00,0.00,Stadio Renato Dall'Ara
1410094800,Sep 07 2014 - 1:00pm,complete,2228,Carpi,Varese,N/A,2,0.00,0.00,2.05,0.57,4,2,6,3,1,2,"19,56,58,66","11,41",6,3,2,0,3,0,1,1,2,1,9,6,4,2,5,4,21,22,45,55,0.00,0.00,0.00,0.00,0.00,0,0,0,0,0,0,0,0,0,0.00,0.00,2.20,3.11,3.95,0.00,0.00,0.00,0.00,0.00,0.00,Stadio Sandro Cabassi
1410094800,Sep 07 2014 - 1:00pm,complete,2445,Cittadella,Avellino,N/A,2,0.00,0.00,1.05,1.13,3,1,4,3,2,1,"30,33,73","28",4,6,1,0,3,0,1,0,2,1,8,8,6,4,2,4,18,15,47,53,0.00,0.00,0.00,0.00,0.00,0,0,0,0,0,0,0,0,0,0.00,0.00,2.72,3.00,3.04,0.00,0.00,0.00,0.00,0.00,0.00,Stadio Pier Cesare Tombolato
1410094800,Sep 07 2014 - 1:00pm,complete,5803,Spezia,Frosinone,N/A,2,0.00,0.00,1.82,1.10,2,1,3,3,2,1,"7,30","11",8,2,2,0,7,2,2,0,3,6,10,13,0,4,10,9,18,25,54,46,0.00,0.00,0.00,0.00,0.00,0,0,0,0,0,0,0,0,0,0.00,0.00,2.25,3.10,3.81,0.00,0.00,0.00,0.00,0.00,0.00,Stadio Alberto Picco
1410094800,Sep 07 2014 - 1:00pm,complete,5960,Ternana,Pescara,N/A,2,0.00,0.00,1.10,1.42,1,1,2,1,1,0,"38","55",3,5,2,0,3,0,1,1,3,0,13,8,9,5,4,3,15,14,46,54,0.00,0.00,0.00,0.00,0.00,0,0,0,0,0,0,0,0,0,0.00,0.00,2.40,3.15,3.37,0.00,0.00,0.00,0.00,0.00,0.00,Stadio Libero Liberati
1410094800,Sep 07 2014 - 1:00pm,complete,3005,Virtus Lanciano,Modena,N/A,2,0.00,0.00,1.52,0.82,2,0,2,1,1,0,"28,46","",1,3,1,0,2,0,1,0,0,2,10,12,4,6,6,6,17,15,41,59,0.00,0.00,0.00,0.00,0.00,0,0,0,0,0,0,0,0,0,0.00,0.00,2.80,3.02,2.92,0.00,0.00,0.00,0.00,0.00,0.00,Stadio Comunale Guido Biondi
1410094800,Sep 07 2014 - 1:00pm,complete,4792,Trapani,Vicenza,N/A,2,0.00,0.00,2.10,1.27,2,1,3,1,1,0,"4,85","60",15,1,2,1,4,0,0,3,1,3,6,7,5,3,1,4,20,25,61,39,0.00,0.00,0.00,0.00,0.00,0,0,0,0,0,0,0,0,0,0.00,0.00,1.82,3.41,5.34,0.00,0.00,0.00,0.00,0.00,0.00,Stadio Polisportivo Provinciale
1410105600,Sep 07 2014 - 4:00pm,complete,3524,Pro Vercelli,Catania,N/A,2,0.00,0.00,1.76,0.57,3,2,5,1,0,1,"60,72,82","33,78",3,3,3,1,3,1,3,1,1,3,9,9,3,4,6,5,12,23,36,64,0.00,0.00,0.00,0.00,0.00,0,0,0,0,0,0,0,0,0,0.00,0.00,3.25,3.11,2.50,0.00,0.00,0.00,0.00,0.00,0.00,Stadio Silvio Piola
1410114600,Sep 07 2014 - 6:30pm,complete,23463,Bari 1908,Perugia,N/A,2,0.00,0.00,1.71,1.14,0,2,2,1,0,1,"","28,77",6,4,2,2,1,0,1,3,1,0,11,12,4,6,7,6,14,13,49,51,0.00,0.00,0.00,0.00,0.00,0,0,0,0,0,0,0,0,0,0.00,0.00,2.13,3.16,4.11,0.00,0.00,0.00,0.00,0.00,0.00,Stadio Comunale San Nicola
1410373800,Sep 10 2014 - 6:30pm,complete,5856,Vicenza,Latina,N/A,1,0.00,0.00,1.86,0.90,0,0,0,0,0,0,"","",2,8,4,1,4,0,3,2,2,2,3,10,2,5,1,5,17,23,39,61,0.00,0.00,0.00,0.00,0.00,0,0,0,0,0,0,0,0,0,0.00,0.00,3.99,3.05,2.21,0.00,0.00,0.00,0.00,0.00,0.00,Stadio Romeo Menti
1410546600,Sep 12 2014 - 6:30pm,complete,7401,Pescara,Bologna,N/A,3,1.00,0.00,1.57,1.57,2,3,5,3,0,3,"52,67","28,30,37",6,3,4,1,3,1,1,4,1,3,9,4,7,3,2,1,15,19,61,39,0.00,0.00,0.00,0.00,1.50,50,50,50,0,0,0,0,50,50,12.00,10.00,2.41,3.13,3.38,0.00,0.00,0.00,0.00,0.00,0.00,Stadio Adriatico-Giovanni Cornacchia
1410613200,Sep 13 2014 - 1:00pm,complete,6500,Avellino,Spezia,N/A,3,3.00,0.00,1.77,1.29,0,0,0,0,0,0,"","",6,1,2,1,3,0,0,3,1,2,13,10,7,5,6,5,11,13,55,45,0.00,0.00,0.00,0.00,2.00,50,50,50,0,0,0,0,50,100,7.00,4.00,2.36,3.05,3.59,0.00,0.00,0.00,0.00,0.00,0.00,Stadio Partenio-Adriano Lombardi
1410613200,Sep 13 2014 - 1:00pm,complete,3862,Crotone,Carpi,N/A,3,0.00,1.00,1.71,1.76,1,1,2,1,1,0,"12","90",3,7,3,1,2,0,2,2,1,1,4,9,2,5,2,4,21,20,57,43,0.00,0.00,0.00,0.00,2.00,50,100,0,0,0,0,100,0,100,12.00,7.00,2.72,3.02,3.02,0.00,0.00,0.00,0.00,0.00,0.00,Stadio Ezio Scida
1410613200,Sep 13 2014 - 1:00pm,complete,6300,Frosinone,Bari 1908,N/A,3,3.00,3.00,2.29,0.86,1,1,2,1,0,1,"90'5","40",6,3,4,0,4,0,0,4,3,1,15,8,3,5,12,3,21,17,57,43,0.00,0.00,0.00,0.00,1.50,0,50,0,0,0,0,0,50,100,12.00,5.00,2.79,3.01,2.94,0.00,0.00,0.00,0.00,0.00,0.00,Stadio Comunale Matusa (Frosinone)
1410613200,Sep 13 2014 - 1:00pm,complete,4877,Modena,Pro Vercelli,N/A,3,1.00,0.00,1.41,0.57,1,0,1,0,0,0,"90","",12,3,2,0,2,1,0,2,1,2,13,6,8,5,5,1,12,19,59,41,0.00,0.00,0.00,0.00,1.50,50,50,0,0,0,0,50,0,100,5.00,5.00,1.96,3.20,4.81,0.00,0.00,0.00,0.00,0.00,0.00,Stadio Alberto Braglia
1410613200,Sep 13 2014 - 1:00pm,complete,12506,Perugia,Catania,N/A,3,3.00,0.00,1.91,0.57,1,0,1,0,0,0,"80","",5,1,3,1,3,0,1,3,3,0,15,4,7,0,8,4,12,21,55,45,0.00,0.00,0.00,0.00,4.00,100,100,100,50,50,0,50,100,100,12.00,8.00,2.58,3.08,3.14,0.00,0.00,0.00,0.00,0.00,0.00,Stadio Renato Curi
1410613200,Sep 13 2014 - 1:00pm,complete,4609,Trapani,Cittadella,N/A,3,3.00,1.00,2.10,1.05,2,1,3,2,1,1,"40,80","24",6,2,1,0,1,0,0,1,1,0,13,7,9,2,4,5,17,22,60,40,0.00,0.00,0.00,0.00,2.50,100,100,50,0,0,0,100,50,100,18.00,8.00,2.13,3.21,4.02,0.00,0.00,0.00,0.00,0.00,0.00,Stadio Polisportivo Provinciale
1410613200,Sep 13 2014 - 1:00pm,complete,2870,Varese,Virtus Lanciano,N/A,3,3.00,1.00,1.29,0.86,1,1,2,1,0,1,"61","4",4,3,2,0,1,1,1,1,2,0,11,4,6,3,5,1,16,17,65,35,0.00,0.00,0.00,0.00,4.50,100,100,100,50,50,0,50,100,100,9.00,7.00,2.48,3.05,3.35,0.00,0.00,0.00,0.00,0.00,0.00,Stadio Franco Ossola
1410613200,Sep 13 2014 - 1:00pm,complete,2229,Virtus Entella,Brescia,N/A,3,0.00,0.00,1.45,0.81,0,1,1,0,0,0,"","78",2,13,2,1,2,0,1,2,0,2,6,13,4,4,2,9,17,23,41,59,0.00,0.00,0.00,0.00,1.50,0,50,0,0,0,0,0,50,100,7.00,5.00,2.75,3.02,2.99,0.00,0.00,0.00,0.00,0.00,0.00,Stadio Comunale Chiavari
1410710400,Sep 14 2014 - 4:00pm,complete,6492,Vicenza,Ternana,N/A,3,1.00,3.00,1.86,1.33,0,1,1,1,0,1,"","45",2,7,2,0,6,0,0,2,2,4,9,11,4,6,5,5,9,18,48,52,0.00,0.00,0.00,0.00,1.00,0,50,0,0,0,0,50,0,50,4.00,10.00,3.18,3.00,2.61,0.00,0.00,0.00,0.00,0.00,0.00,Stadio Romeo Menti
1410805800,Sep 15 2014 - 6:30pm,complete,6916,Livorno,Latina,N/A,3,1.00,1.00,1.86,0.90,1,1,2,0,0,0,"89","48",1,4,3,1,3,0,1,3,0,3,9,11,3,3,6,8,11,24,53,47,0.00,0.00,0.00,0.00,1.00,50,50,0,0,0,0,50,0,50,9.00,7.00,2.52,3.05,3.27,0.00,0.00,0.00,0.00,0.00,0.00,Stadio Armando Picchi
1411146000,Sep 19 2014 - 5:00pm,complete,2046,Carpi,Trapani,N/A,4,3.00,1.00,2.05,0.43,2,2,4,3,2,1,"16,20","30,47",1,7,5,2,4,0,3,4,1,3,5,11,3,4,2,7,25,18,45,55,0.00,0.00,0.00,0.00,3.00,50,50,50,50,50,50,50,50,50,10.00,4.00,2.12,3.25,3.99,0.00,0.00,0.00,0.00,0.00,0.00,Stadio Sandro Cabassi
1411153200,Sep 19 2014 - 7:00pm,complete,6193,Spezia,Virtus Entella,N/A,4,3.00,1.00,1.82,0.77,1,0,1,1,1,0,"38","",5,5,2,0,3,0,1,1,2,1,15,7,4,3,11,4,14,20,55,45,0.00,0.00,0.00,0.00,2.50,100,100,50,0,0,50,100,0,50,12.00,5.00,2.03,3.19,4.46,0.00,0.00,0.00,0.00,0.00,0.00,Stadio Alberto Picco
1411218000,Sep 20 2014 - 1:00pm,complete,15785,Bari 1908,Livorno,N/A,4,0.00,3.00,1.71,0.95,2,0,2,1,1,0,"16,90'5","",5,3,3,0,4,1,1,2,3,2,13,11,6,5,7,6,14,16,59,41,0.00,0.00,0.00,0.00,1.50,0,50,0,0,0,0,50,0,100,10.00,9.00,2.20,3.16,3.86,0.00,0.00,0.00,0.00,0.00,0.00,Stadio Comunale San Nicola
1411218000,Sep 20 2014 - 1:00pm,complete,10759,Bologna,Crotone,N/A,4,1.00,0.00,1.61,0.57,0,2,2,0,0,0,"","46,82",2,9,2,0,4,0,1,1,1,3,14,6,4,4,10,2,14,14,47,53,0.00,0.00,0.00,0.00,1.50,50,50,0,0,0,0,50,0,100,10.00,4.00,1.72,3.53,5.99,0.00,0.00,0.00,0.00,0.00,0.00,Stadio Renato Dall'Ara
1411218000,Sep 20 2014 - 1:00pm,complete,5057,Brescia,Ternana,N/A,4,0.00,3.00,1.48,1.33,0,0,0,0,0,0,"","",7,3,2,0,3,1,2,0,4,0,27,4,11,2,16,2,10,13,60,40,0.00,0.00,0.00,0.00,1.25,0,25,0,0,0,0,50,0,75,12.50,6.00,2.20,3.14,3.88,0.00,0.00,0.00,0.00,0.00,0.00,Stadio Mario Rigamonti
1411218000,Sep 20 2014 - 1:00pm,complete,13467,Catania,Modena,N/A,4,1.00,0.00,1.76,0.82,0,0,0,0,0,0,"","",2,3,3,0,6,0,0,3,2,4,8,5,4,0,4,5,16,19,57,43,0.00,0.00,0.00,0.00,4.00,50,100,50,50,50,0,100,50,100,9.00,10.00,2.09,3.24,4.11,0.00,0.00,0.00,0.00,0.00,0.00,Stadio Angelo Massimino
1411218000,Sep 20 2014 - 1:00pm,complete,2204,Cittadella,Pescara,N/A,4,3.00,1.00,1.05,1.42,3,2,5,2,1,1,"6,60,78","16,47",4,3,3,0,2,0,0,3,2,0,9,10,5,7,4,3,17,16,50,50,0.00,0.00,0.00,0.00,3.00,100,100,50,50,0,50,100,0,100,9.00,4.00,2.81,3.14,2.81,0.00,0.00,0.00,0.00,0.00,0.00,Stadio Pier Cesare Tombolato
1411218000,Sep 20 2014 - 1:00pm,complete,4412,Latina,Avellino,N/A,4,3.00,0.00,1.48,1.13,1,2,3,2,1,1,"6","44,67",9,5,5,0,4,0,3,2,2,2,13,7,5,3,8,4,20,18,48,52,0.00,0.00,0.00,0.00,2.50,50,50,50,50,0,50,50,0,100,9.00,4.00,2.00,3.21,4.57,0.00,0.00,0.00,0.00,0.00,0.00,Stadio Comunale Domenico Francioni
1411218000,Sep 20 2014 - 1:00pm,complete,2900,Pro Vercelli,Varese,N/A,4,3.00,0.00,1.76,0.57,4,0,4,2,2,0,"21,45,51,86","",11,2,3,0,3,1,1,2,2,2,16,4,8,0,8,4,12,12,66,34,0.00,0.00,0.00,0.00,5.50,100,100,100,100,100,50,100,100,100,6.00,8.00,2.55,3.10,3.17,0.00,0.00,0.00,0.00,0.00,0.00,Stadio Silvio Piola
1411218000,Sep 20 2014 - 1:00pm,complete,3007,Virtus Lanciano,Frosinone,N/A,4,3.00,0.00,1.52,1.10,1,5,6,3,0,3,"55","16,22,37,75,88",6,1,3,0,1,0,3,0,1,0,16,9,7,4,9,5,18,14,46,54,0.00,0.00,0.00,0.00,2.50,50,100,50,0,0,50,100,0,50,3.00,11.00,2.36,3.12,3.49,0.00,0.00,0.00,0.00,0.00,0.00,Stadio Comunale Guido Biondi
1411218000,Sep 20 2014 - 1:00pm,complete,10775,Perugia,Vicenza,N/A,4,3.00,0.00,1.91,1.27,2,2,4,3,1,2,"8,76","19,26",8,1,3,0,4,0,1,2,3,1,12,6,5,2,7,4,15,18,65,35,0.00,0.00,0.00,0.00,2.50,75,75,75,0,0,0,50,75,100,8.00,8.00,1.64,3.68,6.68,0.00,0.00,0.00,0.00,0.00,0.00,Stadio Renato Curi
1411410600,Sep 22 2014 - 6:30pm,complete,6054,Spezia,Carpi,N/A,5,3.00,1.00,1.82,1.76,1,2,3,1,0,1,"90'1","45'1,60",10,1,4,0,4,0,3,1,3,1,10,6,3,0,7,6,17,20,63,37,0.00,0.00,0.00,0.00,2.00,75,75,25,0,0,25,100,0,50,12.00,4.00,2.30,3.09,3.67,0.00,0.00,0.00,0.00,0.00,0.00,Stadio Alberto Picco
1411497000,Sep 23 2014 - 6:30pm,complete,5500,Brescia,Virtus Lanciano,N/A,5,0.50,1.00,1.48,0.86,1,1,2,1,1,0,"26","75",7,5,1,0,2,0,0,1,1,1,8,7,3,5,5,2,17,13,57,43,0.00,0.00,0.00,0.00,2.25,50,50,25,25,25,0,50,25,75,10.50,5.50,2.16,3.05,4.18,0.00,0.00,0.00,0.00,0.00,0.00,Stadio Mario Rigamonti
1411497000,Sep 23 2014 - 6:30pm,complete,2337,Cittadella,Pro Vercelli,N/A,5,3.00,0.00,1.05,0.57,1,2,3,2,1,1,"45'2","27,90'1",6,3,2,1,1,0,1,2,1,0,11,8,4,4,7,4,16,9,53,47,0.00,0.00,0.00,0.00,2.75,50,50,50,50,25,50,50,25,100,5.50,5.50,2.31,3.06,3.70,0.00,0.00,0.00,0.00,0.00,0.00,Stadio Pier Cesare Tombolato
1411497000,Sep 23 2014 - 6:30pm,complete,4698,Crotone,Catania,N/A,5,0.50,0.00,1.71,0.57,1,1,2,1,0,1,"90'3","26",2,4,3,0,5,0,3,0,3,2,7,6,4,0,3,6,16,21,64,36,0.00,0.00,0.00,0.00,2.50,50,75,25,25,25,0,75,25,100,7.50,8.00,3.11,2.99,2.67,0.00,0.00,0.00,0.00,0.00,0.00,Stadio Ezio Scida
1411497000,Sep 23 2014 - 6:30pm,complete,3878,Frosinone,Avellino,N/A,5,2.00,1.50,2.29,1.13,0,0,0,0,0,0,"","",5,1,1,1,1,0,1,1,0,1,8,8,8,2,0,6,16,19,61,39,0.00,0.00,0.00,0.00,2.50,75,75,50,25,0,50,75,0,100,11.50,7.00,2.44,3.02,3.47,0.00,0.00,0.00,0.00,0.00,0.00,Stadio Comunale Matusa (Frosinone)
1411497000,Sep 23 2014 - 6:30pm,complete,5894,Livorno,Varese,N/A,5,1.00,0.00,1.86,0.57,1,0,1,1,1,0,"37","",4,5,2,0,2,0,0,2,0,2,14,12,2,7,12,5,10,15,53,47,0.00,0.00,0.00,0.00,3.50,75,100,50,50,25,50,75,75,100,3.50,7.50,2.06,3.12,4.46,0.00,0.00,0.00,0.00,0.00,0.00,Stadio Armando Picchi
1411497000,Sep 23 2014 - 6:30pm,complete,5739,Modena,Perugia,N/A,5,2.00,3.00,1.41,1.14,0,0,0,0,0,0,"","",4,5,2,0,3,0,1,1,0,3,5,7,2,3,3,4,19,16,48,52,0.00,0.00,0.00,0.00,1.75,25,75,0,0,0,0,75,0,100,12.50,2.50,2.64,2.98,3.16,0.00,0.00,0.00,0.00,0.00,0.00,Stadio Alberto Braglia
1411497000,Sep 23 2014 - 6:30pm,complete,6459,Pescara,Latina,N/A,5,0.50,1.00,1.57,0.90,1,1,2,2,1,1,"8","33",4,4,3,0,4,0,1,2,4,0,10,10,4,3,6,7,22,23,54,46,0.00,0.00,0.00,0.00,1.75,50,50,25,25,25,25,25,50,50,13.50,7.50,2.52,2.97,3.37,0.00,0.00,0.00,0.00,0.00,0.00,Stadio Adriatico-Giovanni Cornacchia
1411497000,Sep 23 2014 - 6:30pm,complete,7063,Ternana,Bologna,N/A,5,1.00,1.50,1.10,1.57,0,1,1,0,0,0,"","48",7,5,1,0,1,0,1,0,0,1,6,4,2,3,4,1,10,22,54,46,0.00,0.00,0.00,0.00,3.00,100,100,50,25,25,25,75,50,100,6.00,8.00,2.76,2.96,3.03,0.00,0.00,0.00,0.00,0.00,0.00,Stadio Libero Liberati
1411497000,Sep 23 2014 - 6:30pm,complete,5209,Trapani,Virtus Entella,N/A,5,3.00,0.50,2.10,0.77,2,2,4,1,0,1,"67,86","37,73",10,4,0,0,4,1,0,0,0,5,11,10,3,2,8,8,15,18,61,39,0.00,0.00,0.00,0.00,2.25,75,75,50,0,0,25,100,25,75,15.00,5.50,1.96,3.26,4.68,0.00,0.00,0.00,0.00,0.00,0.00,Stadio Polisportivo Provinciale
1411497000,Sep 23 2014 - 6:30pm,complete,6936,Vicenza,Bari 1908,N/A,5,0.50,2.00,1.86,0.86,1,0,1,0,0,0,"73","",5,9,1,0,4,0,0,1,1,3,6,9,2,5,4,4,14,18,42,58,0.00,0.00,0.00,0.00,1.25,25,50,0,0,0,0,50,25,50,6.50,7.00,3.74,3.03,2.31,0.00,0.00,0.00,0.00,0.00,0.00,Stadio Romeo Menti
1411822800,Sep 27 2014 - 1:00pm,complete,6500,Avellino,Livorno,N/A,6,2.00,1.50,1.77,0.95,2,1,3,1,0,1,"60,89","15",12,4,1,0,1,1,0,1,0,2,14,9,8,5,6,4,12,19,59,41,0.00,0.00,0.00,0.00,1.00,0,25,0,0,0,0,25,0,75,9.50,7.50,2.45,3.02,3.49,0.00,0.00,0.00,0.00,0.00,0.00,Stadio Partenio-Adriano Lombardi
1411822800,Sep 27 2014 - 1:00pm,complete,10104,Bologna,Cittadella,N/A,6,0.50,0.50,1.61,1.05,1,0,1,1,1,0,"2","",4,3,2,0,5,1,1,1,1,5,17,9,8,5,9,4,10,23,52,48,0.00,0.00,0.00,0.00,2.25,75,100,25,0,0,25,75,25,100,6.00,4.00,1.75,3.39,6.16,0.00,0.00,0.00,0.00,0.00,0.00,Stadio Renato Dall'Ara
1411822800,Sep 27 2014 - 1:00pm,complete,3440,Latina,Ternana,N/A,6,1.50,2.33,1.48,1.33,1,1,2,0,0,0,"59","90'1",6,3,3,0,3,0,1,2,1,2,16,12,5,6,11,6,17,20,50,50,0.00,0.00,0.00,0.00,1.50,25,42,25,0,0,25,59,0,67,10.00,7.67,2.05,3.10,4.55,0.00,0.00,0.00,0.00,0.00,0.00,Stadio Comunale Domenico Francioni
1411822800,Sep 27 2014 - 1:00pm,complete,9526,Modena,Spezia,N/A,6,1.67,0.50,1.41,1.29,2,0,2,0,0,0,"69,70","",5,2,5,0,4,0,4,1,1,3,12,4,6,4,6,0,16,27,56,44,0.00,0.00,0.00,0.00,1.25,42,42,25,0,0,0,17,25,59,8.00,4.17,2.12,3.14,4.16,0.00,0.00,0.00,0.00,0.00,0.00,Stadio Alberto Braglia
1411822800,Sep 27 2014 - 1:00pm,complete,10216,Perugia,Brescia,N/A,6,2.33,1.50,1.91,0.81,1,0,1,0,0,0,"79","",6,4,1,0,3,1,0,1,1,3,10,4,5,2,5,2,18,12,51,49,0.00,0.00,0.00,0.00,1.84,34,34,34,17,0,17,17,17,100,15.83,6.17,2.12,3.13,4.18,0.00,0.00,0.00,0.00,0.00,0.00,Stadio Renato Curi
1411822800,Sep 27 2014 - 1:00pm,complete,2870,Pro Vercelli,Frosinone,N/A,6,3.00,1.50,1.76,1.10,1,1,2,1,0,1,"69","32",9,1,2,0,1,1,1,1,1,1,22,10,13,2,9,8,20,14,63,37,0.00,0.00,0.00,0.00,4.50,75,100,100,75,50,75,100,75,75,8.50,9.50,2.50,3.04,3.32,0.00,0.00,0.00,0.00,0.00,0.00,Stadio Silvio Piola
1411822800,Sep 27 2014 - 1:00pm,complete,3109,Varese,Trapani,N/A,6,2.00,1.00,1.29,0.43,5,2,7,4,4,0,"7,23,41,45'3,80","58,66",5,7,2,0,2,1,0,2,1,2,4,10,2,4,2,6,21,17,48,52,0.00,0.00,0.00,0.00,2.25,75,75,50,25,0,25,50,25,75,10.50,5.00,2.64,3.12,3.02,0.00,0.00,0.00,0.00,0.00,0.00,Stadio Franco Ossola
1411822800,Sep 27 2014 - 1:00pm,complete,1897,Virtus Entella,Carpi,N/A,6,0.00,1.67,1.45,1.76,2,0,2,1,1,0,"30,72","",3,7,3,0,4,0,0,3,2,2,5,10,2,3,3,7,22,22,51,49,0.00,0.00,0.00,0.00,1.92,50,75,17,0,0,0,50,42,100,6.50,5.67,2.81,3.02,2.91,0.00,0.00,0.00,0.00,0.00,0.00,Stadio Comunale Chiavari
1411822800,Sep 27 2014 - 1:00pm,complete,3894,Crotone,Vicenza,N/A,6,0.67,0.50,1.71,1.27,0,0,0,0,0,0,"","",5,3,2,0,2,1,2,0,1,2,7,5,3,3,4,2,14,15,55,45,0.00,0.00,0.00,0.00,2.75,84,100,50,25,0,25,100,25,100,5.33,8.00,1.99,3.14,4.77,0.00,0.00,0.00,0.00,0.00,0.00,Stadio Ezio Scida
1411920000,Sep 28 2014 - 4:00pm,complete,14319,Catania,Pescara,N/A,6,1.00,0.50,1.76,1.42,2,1,3,2,1,1,"2,51","20",4,9,4,1,3,0,1,4,1,2,15,12,8,3,7,9,23,13,47,53,0.00,0.00,0.00,0.00,3.25,75,75,50,50,50,25,75,50,75,8.00,8.00,2.09,3.17,4.21,0.00,0.00,0.00,0.00,0.00,0.00,Stadio Angelo Massimino
1412015400,Sep 29 2014 - 6:30pm,complete,4458,Virtus Lanciano,Bari 1908,N/A,6,1.50,1.33,1.52,0.86,1,1,2,1,1,0,"15","60",0,8,2,0,5,0,1,1,3,2,7,13,4,8,3,5,16,19,38,62,0.00,0.00,0.00,0.00,2.84,42,84,25,25,25,25,67,42,100,9.50,5.33,3.14,3.03,2.62,0.00,0.00,0.00,0.00,0.00,0.00,Stadio Comunale Guido Biondi
1412361000,Oct 03 2014 - 6:30pm,complete,5883,Livorno,Crotone,N/A,7,1.67,1.50,1.86,0.57,1,0,1,0,0,0,"62","",11,5,4,0,3,0,1,3,0,3,15,18,6,6,9,12,19,15,48,52,0.00,0.00,0.00,0.00,1.59,34,59,0,0,0,0,34,42,84,9.00,6.50,1.91,3.27,4.98,0.00,0.00,0.00,0.00,0.00,0.00,Stadio Armando Picchi
1412427600,Oct 04 2014 - 1:00pm,complete,13865,Bari 1908,Modena,N/A,7,1.50,0.50,1.71,0.82,1,1,2,2,1,1,"22","25",3,4,2,0,5,1,2,0,3,3,12,9,5,8,7,1,21,17,57,43,0.00,0.00,0.00,0.00,1.50,0,75,0,0,0,0,75,0,75,8.50,8.00,2.13,3.13,4.14,0.00,0.00,0.00,0.00,0.00,0.00,Stadio Comunale San Nicola
1412427600,Oct 04 2014 - 1:00pm,complete,5079,Brescia,Varese,N/A,7,0.67,0.00,1.48,0.57,1,1,2,0,0,0,"70","90'4",2,2,5,1,3,0,3,3,1,2,10,6,2,3,8,3,21,21,50,50,0.00,0.00,0.00,0.00,2.34,33,50,34,34,17,34,67,34,67,10.66,4.66,2.23,3.12,3.83,0.00,0.00,0.00,0.00,0.00,0.00,Stadio Mario Rigamonti
1412427600,Oct 04 2014 - 1:00pm,complete,2120,Carpi,Pro Vercelli,N/A,7,2.00,1.00,2.05,0.57,1,0,1,1,1,0,"8","",3,5,1,0,3,0,0,1,3,0,4,11,3,2,1,9,22,16,45,55,0.00,0.00,0.00,0.00,3.34,67,67,67,50,25,67,67,25,100,5.50,7.67,2.11,3.16,4.18,0.00,0.00,0.00,0.00,0.00,0.00,Stadio Sandro Cabassi
1412427600,Oct 04 2014 - 1:00pm,complete,2072,Cittadella,Virtus Lanciano,N/A,7,2.00,1.00,1.05,0.86,2,3,5,3,1,2,"8,67","12,19,84",3,7,1,0,4,0,1,0,2,2,14,6,5,5,9,1,19,14,52,48,0.00,0.00,0.00,0.00,3.67,100,100,67,50,33,50,100,33,100,8.34,6.00,2.35,3.10,3.54,0.00,0.00,0.00,0.00,0.00,0.00,Stadio Pier Cesare Tombolato
1412427600,Oct 04 2014 - 1:00pm,complete,5007,Frosinone,Catania,N/A,7,1.67,0.33,2.29,0.57,1,0,1,0,0,0,"82","",6,1,5,0,4,1,1,4,3,2,6,7,2,4,4,3,28,20,55,45,0.00,0.00,0.00,0.00,1.84,50,50,17,17,17,0,50,17,84,8.34,7.00,2.89,3.02,2.83,0.00,0.00,0.00,0.00,0.00,0.00,Stadio Comunale Matusa (Frosinone)
1412427600,Oct 04 2014 - 1:00pm,complete,9347,Pescara,Virtus Entella,N/A,7,0.67,0.67,1.57,0.77,4,0,4,1,1,0,"36,52,59,82","",6,1,1,0,2,1,0,1,2,1,8,4,5,2,3,2,15,14,63,37,0.00,0.00,0.00,0.00,2.33,67,67,33,33,17,34,84,33,50,10.66,7.34,2.00,3.23,4.53,0.00,0.00,0.00,0.00,0.00,0.00,Stadio Adriatico-Giovanni Cornacchia
1412427600,Oct 04 2014 - 1:00pm,complete,6420,Spezia,Perugia,N/A,7,2.00,2.00,1.82,1.14,2,0,2,1,1,0,"14,86","",6,4,3,0,3,2,1,2,2,3,5,6,2,4,3,2,18,14,49,51,0.00,0.00,0.00,0.00,1.67,34,59,34,0,0,17,75,17,42,12.17,4.67,2.73,3.06,2.97,0.00,0.00,0.00,0.00,0.00,0.00,Stadio Alberto Picco
1412427600,Oct 04 2014 - 1:00pm,complete,4154,Trapani,Latina,N/A,7,2.33,1.00,2.10,0.90,1,0,1,0,0,0,"60","",14,8,3,0,3,1,1,2,1,3,11,7,6,5,5,2,17,12,51,49,0.00,0.00,0.00,0.00,2.33,84,84,50,17,0,33,67,50,67,15.66,5.34,2.68,3.11,2.98,0.00,0.00,0.00,0.00,0.00,0.00,Stadio Polisportivo Provinciale
1412427600,Oct 04 2014 - 1:00pm,complete,8358,Vicenza,Bologna,N/A,7,1.33,2.00,1.86,1.57,0,0,0,0,0,0,"","",5,0,3,0,3,0,2,1,2,1,8,9,3,3,5,6,20,21,51,49,0.00,0.00,0.00,0.00,1.84,34,34,34,17,17,17,33,34,67,6.67,7.33,3.65,3.08,2.32,0.00,0.00,0.00,0.00,0.00,0.00,Stadio Romeo Menti
1412620200,Oct 06 2014 - 6:30pm,complete,5941,Ternana,Avellino,N/A,7,0.50,1.33,1.10,1.13,2,2,4,1,1,0,"45,58","48,65",2,1,3,0,5,0,2,1,1,4,12,12,5,4,7,8,17,14,61,39,0.00,0.00,0.00,0.00,1.92,59,59,34,17,0,34,59,0,84,9.00,4.17,2.55,3.02,3.26,0.00,0.00,0.00,0.00,0.00,0.00,Stadio Libero Liberati
1413043200,Oct 11 2014 - 4:00pm,complete,3025,Pro Vercelli,Spezia,N/A,8,2.33,0.33,1.76,1.29,1,0,1,0,0,0,"73","",3,7,1,0,4,0,1,0,0,4,12,7,4,4,8,3,14,17,47,53,0.00,0.00,0.00,0.00,2.67,50,84,50,34,17,17,50,67,84,9.00,6.33,2.62,3.04,3.13,0.00,0.00,0.00,0.00,0.00,0.00,Stadio Silvio Piola
1413052200,Oct 11 2014 - 6:30pm,complete,5172,Modena,Brescia,N/A,8,2.00,1.00,1.41,0.81,1,1,2,1,0,1,"59","3",2,4,2,1,2,0,1,2,1,1,6,8,0,5,6,3,10,17,50,50,0.00,0.00,0.00,0.00,1.13,13,25,0,0,0,0,13,13,88,13.50,5.50,2.20,3.11,3.95,0.00,0.00,0.00,0.00,0.00,0.00,Stadio Alberto Braglia
1413109800,Oct 12 2014 - 10:30am,complete,13864,Catania,Bari 1908,N/A,8,1.67,1.25,1.76,0.86,2,3,5,3,1,2,"20,66","5,33,53",6,2,5,0,5,0,2,3,3,2,8,5,7,4,1,1,21,18,50,50,0.00,0.00,0.00,0.00,2.38,59,71,34,17,17,17,59,29,84,10.50,9.08,2.18,3.14,3.94,0.00,0.00,0.00,0.00,0.00,0.00,Stadio Angelo Massimino
1413118800,Oct 12 2014 - 1:00pm,complete,8500,Avellino,Carpi,N/A,8,2.33,1.25,1.77,1.76,1,0,1,1,1,0,"31","",3,5,1,0,3,0,0,1,2,1,9,13,3,4,6,9,19,14,51,49,0.00,0.00,0.00,0.00,1.79,54,67,29,0,0,0,67,29,84,12.75,5.00,2.25,3.10,3.81,0.00,0.00,0.00,0.00,0.00,0.00,Stadio Partenio-Adriano Lombardi
1413118800,Oct 12 2014 - 1:00pm,complete,4424,Crotone,Pescara,N/A,8,0.75,0.33,1.71,1.42,1,4,5,2,0,2,"72","37,42,79,84",8,1,1,0,3,0,0,1,1,2,16,8,7,4,9,4,8,14,58,42,0.00,0.00,0.00,0.00,2.42,75,88,34,17,17,34,88,17,88,10.17,6.17,2.77,3.03,2.95,0.00,0.00,0.00,0.00,0.00,0.00,Stadio Ezio Scida
1413118800,Oct 12 2014 - 1:00pm,complete,5243,Latina,Bologna,N/A,8,1.33,1.75,1.48,1.57,1,2,3,2,0,2,"64","13,43",10,6,3,1,3,0,1,3,1,2,9,11,4,3,5,8,23,14,56,44,0.00,0.00,0.00,0.00,2.13,59,59,42,13,13,29,29,42,88,8.75,7.00,2.56,3.04,3.22,0.00,0.00,0.00,0.00,0.00,0.00,Stadio Comunale Domenico Francioni
1413118800,Oct 12 2014 - 1:00pm,complete,6442,Livorno,Trapani,N/A,8,2.00,0.67,1.86,0.43,6,0,6,3,3,0,"10,16,24,48,56,79","",3,4,3,0,3,1,0,3,4,0,11,3,6,2,5,1,12,13,55,45,0.00,0.00,0.00,0.00,2.59,59,59,34,34,17,34,59,29,71,10.25,6.58,2.16,3.20,3.94,0.00,0.00,0.00,0.00,0.00,0.00,Stadio Armando Picchi
1413118800,Oct 12 2014 - 1:00pm,complete,3009,Virtus Lanciano,Vicenza,N/A,8,1.33,0.67,1.52,1.27,4,0,4,1,1,0,"44,55,83,86","",8,7,5,0,3,1,2,3,2,2,8,7,2,3,6,4,18,15,51,49,0.00,0.00,0.00,0.00,2.83,67,84,50,33,17,33,84,33,84,4.00,5.67,2.02,3.18,4.54,0.00,0.00,0.00,0.00,0.00,0.00,Stadio Comunale Guido Biondi
1413138600,Oct 12 2014 - 6:30pm,complete,11392,Perugia,Frosinone,N/A,8,2.50,1.33,1.91,1.10,0,1,1,0,0,0,"","89",7,4,3,0,4,0,1,2,2,2,6,9,3,4,3,5,19,13,50,50,0.00,0.00,0.00,0.00,2.96,75,75,59,29,17,46,63,29,84,8.33,7.67,2.19,3.11,3.98,0.00,0.00,0.00,0.00,0.00,0.00,Stadio Renato Curi
1413225000,Oct 13 2014 - 6:30pm,complete,2793,Varese,Cittadella,N/A,8,2.33,0.33,1.29,1.05,2,2,4,2,2,0,"19,36","62,77",1,2,3,1,3,0,2,2,1,2,4,14,3,8,1,6,23,24,55,45,0.00,0.00,0.00,0.00,3.00,84,84,50,17,17,33,84,34,84,7.67,5.67,2.13,3.16,4.10,0.00,0.00,0.00,0.00,0.00,0.00,Stadio Franco Ossola
1413570600,Oct 17 2014 - 6:30pm,complete,7261,Vicenza,Pescara,N/A,9,1.25,1.00,1.86,1.42,2,1,3,1,1,0,"37,74","78",9,5,4,0,2,1,0,4,0,3,9,7,3,2,6,5,14,20,56,44,0.00,0.00,0.00,0.00,2.13,50,50,38,25,25,38,63,25,63,8.00,5.75,3.53,3.11,2.35,0.00,0.00,0.00,0.00,0.00,0.00,Stadio Romeo Menti
1413637200,Oct 18 2014 - 1:00pm,complete,20186,Bologna,Varese,N/A,9,1.33,0.25,1.61,0.57,3,0,3,1,1,0,"15,70,82","",2,6,4,0,2,0,3,1,2,0,10,5,3,2,7,3,16,10,51,49,0.00,0.00,0.00,0.00,2.46,42,71,25,25,13,25,71,54,71,6.67,4.92,1.81,3.41,5.47,0.00,0.00,0.00,0.00,0.00,0.00,Stadio Renato Dall'Ara
1413637200,Oct 18 2014 - 1:00pm,complete,5500,Brescia,Pro Vercelli,N/A,9,0.75,0.75,1.48,0.57,2,1,3,0,0,0,"70,80","72",4,3,1,0,3,0,0,1,1,2,12,5,5,3,7,2,16,14,53,47,0.00,0.00,0.00,0.00,1.38,38,38,13,0,0,13,38,13,75,8.75,5.50,2.06,3.17,4.36,0.00,0.00,0.00,0.00,0.00,0.00,Stadio Mario Rigamonti
1413637200,Oct 18 2014 - 1:00pm,complete,2124,Carpi,Latina,N/A,9,2.33,0.75,2.05,0.90,2,1,3,3,2,1,"28,36","38",7,1,3,0,3,0,2,1,3,0,13,8,6,5,7,3,14,22,51,49,0.00,0.00,0.00,0.00,2.46,59,59,34,34,17,46,63,29,59,9.33,7.67,2.75,3.00,3.00,0.00,0.00,0.00,0.00,0.00,0.00,Stadio Sandro Cabassi
1413637200,Oct 18 2014 - 1:00pm,complete,4964,Frosinone,Modena,N/A,9,2.00,0.67,2.29,0.82,2,0,2,0,0,0,"73,84","",2,3,7,0,3,1,4,3,3,1,12,6,4,2,8,4,22,20,61,39,0.00,0.00,0.00,0.00,1.17,29,46,0,0,0,17,46,0,54,9.08,8.50,2.19,3.05,4.06,0.00,0.00,0.00,0.00,0.00,0.00,Stadio Comunale Matusa (Frosinone)
1413637200,Oct 18 2014 - 1:00pm,complete,5737,Spezia,Catania,N/A,9,2.25,0.25,1.82,0.57,3,0,3,2,2,0,"23,44,87","",4,6,2,0,2,1,0,2,2,1,7,12,3,6,4,6,8,15,49,51,0.00,0.00,0.00,0.00,2.25,50,63,38,13,13,13,75,25,75,9.50,7.25,2.64,3.09,3.05,0.00,0.00,0.00,0.00,0.00,0.00,Stadio Alberto Picco
1413637200,Oct 18 2014 - 1:00pm,complete,4770,Ternana,Livorno,N/A,9,0.67,1.00,1.10,0.95,0,4,4,2,0,2,"","18,24,61,86",5,5,0,0,3,0,0,0,1,2,22,12,7,6,15,6,10,11,53,47,0.00,0.00,0.00,0.00,2.17,50,67,33,17,0,0,67,33,100,7.67,6.33,2.69,3.09,2.98,0.00,0.00,0.00,0.00,0.00,0.00,Stadio Libero Liberati
1413637200,Oct 18 2014 - 1:00pm,complete,4155,Trapani,Crotone,N/A,9,2.50,1.00,2.10,0.57,3,1,4,1,1,0,"29,62,78","48",3,5,5,0,2,0,2,3,1,1,5,9,4,4,1,5,29,15,49,51,0.00,0.00,0.00,0.00,2.04,38,54,38,13,0,13,38,42,100,17.58,5.33,2.14,3.21,3.98,0.00,0.00,0.00,0.00,0.00,0.00,Stadio Polisportivo Provinciale
1413637200,Oct 18 2014 - 1:00pm,complete,3543,Virtus Lanciano,Perugia,N/A,9,1.75,1.33,1.52,1.14,1,1,2,0,0,0,"69","52",10,0,2,0,6,0,0,2,3,3,13,6,4,2,9,4,19,13,53,47,0.00,0.00,0.00,0.00,2.42,25,84,25,25,13,13,84,25,84,8.08,5.75,2.68,3.06,3.03,0.00,0.00,0.00,0.00,0.00,0.00,Stadio Comunale Guido Biondi
1413734400,Oct 19 2014 - 4:00pm,complete,25366,Bari 1908,Avellino,N/A,9,1.33,1.25,1.71,1.13,4,2,6,3,2,1,"7,13,49,90'3","26,70",3,8,3,0,5,0,1,2,0,5,9,10,4,8,5,2,14,15,41,59,0.00,0.00,0.00,0.00,2.38,54,88,38,25,0,42,88,13,71,7.92,6.58,2.19,3.12,3.96,0.00,0.00,0.00,0.00,0.00,0.00,Stadio Comunale San Nicola
1413829800,Oct 20 2014 - 6:30pm,complete,2307,Cittadella,Virtus Entella,N/A,9,1.50,0.50,1.05,0.77,0,1,1,1,0,1,"","17",10,3,6,0,3,1,3,3,1,3,17,5,6,4,11,1,16,22,57,43,0.00,0.00,0.00,0.00,3.50,75,88,75,63,25,50,100,50,88,7.75,6.00,2.05,3.23,4.29,0.00,0.00,0.00,0.00,0.00,0.00,Stadio Pier Cesare Tombolato
1414170000,Oct 24 2014 - 5:00pm,complete,3701,Ternana,Trapani,N/A,10,0.50,0.50,1.10,0.43,1,2,3,2,1,1,"20","39,78",8,9,3,1,2,0,2,2,1,1,11,15,8,7,3,8,18,12,48,52,0.00,0.00,0.00,0.00,3.50,50,75,63,63,25,50,75,50,88,9.75,5.25,2.36,3.16,3.46,0.00,0.00,0.00,0.00,0.00,0.00,Stadio Libero Liberati
1414177200,Oct 24 2014 - 7:00pm,complete,11699,Modena,Bologna,N/A,10,1.80,2.00,1.41,1.57,0,0,0,0,0,0,"","",2,2,1,0,4,1,1,0,4,1,8,5,2,0,6,5,19,25,53,47,0.00,0.00,0.00,0.00,1.90,50,60,30,10,10,20,40,30,80,9.00,6.40,2.93,3.00,2.82,0.00,0.00,0.00,0.00,0.00,0.00,Stadio Alberto Braglia
1414242000,Oct 25 2014 - 1:00pm,complete,6500,Avellino,Virtus Lanciano,N/A,10,2.50,1.50,1.77,0.86,1,1,2,0,0,0,"79","67",4,4,3,2,6,2,2,3,2,6,14,8,7,5,7,3,21,21,50,50,0.00,0.00,0.00,0.00,2.50,63,63,38,25,25,13,75,38,75,11.25,5.25,2.19,3.16,3.89,0.00,0.00,0.00,0.00,0.00,0.00,Stadio Partenio-Adriano Lombardi
1414242000,Oct 25 2014 - 1:00pm,complete,3787,Crotone,Cittadella,N/A,10,0.60,0.50,1.71,1.05,2,2,4,2,1,1,"37,77","12,90'4",6,3,4,0,6,0,1,3,3,3,11,10,5,4,6,6,24,21,66,34,0.00,0.00,0.00,0.00,2.35,68,78,35,23,10,35,90,23,78,7.70,6.50,2.31,3.14,3.59,0.00,0.00,0.00,0.00,0.00,0.00,Stadio Ezio Scida
1414242000,Oct 25 2014 - 1:00pm,complete,3044,Latina,Brescia,N/A,10,1.00,1.00,1.48,0.81,1,1,2,1,1,0,"14","51",4,2,3,1,5,1,1,3,3,3,9,7,2,2,7,5,24,22,54,46,0.00,0.00,0.00,0.00,1.75,50,50,25,0,0,25,38,13,100,13.25,6.00,2.23,3.06,3.93,0.00,0.00,0.00,0.00,0.00,0.00,Stadio Comunale Domenico Francioni
1414242000,Oct 25 2014 - 1:00pm,complete,7949,Livorno,Spezia,N/A,10,2.20,0.25,1.86,1.29,0,1,1,0,0,0,"","47",1,1,4,0,3,0,1,3,1,2,13,9,5,5,8,4,18,14,59,41,0.00,0.00,0.00,0.00,1.95,33,55,23,10,10,10,30,45,78,6.75,6.45,2.05,3.23,4.30,0.00,0.00,0.00,0.00,0.00,0.00,Stadio Armando Picchi
1414242000,Oct 25 2014 - 1:00pm,complete,5518,Pescara,Carpi,N/A,10,1.25,1.00,1.57,1.76,0,5,5,2,0,2,"","45'2,45'4,46,60,84",8,1,3,1,1,0,4,0,1,0,10,6,6,3,4,3,16,16,55,45,0.00,0.00,0.00,0.00,2.38,55,78,35,25,13,25,88,35,65,11.05,6.00,2.11,3.22,4.06,0.00,0.00,0.00,0.00,0.00,0.00,Stadio Adriatico-Giovanni Cornacchia
1414242000,Oct 25 2014 - 1:00pm,complete,3210,Pro Vercelli,Perugia,N/A,10,2.50,1.25,1.76,1.14,0,0,0,0,0,0,"","",5,1,4,0,3,0,2,2,0,3,12,6,7,3,5,3,15,23,51,49,0.00,0.00,0.00,0.00,2.25,38,75,25,25,13,13,63,38,88,9.75,6.50,2.79,3.05,2.91,0.00,0.00,0.00,0.00,0.00,0.00,Stadio Silvio Piola
1414242000,Oct 25 2014 - 1:00pm,complete,3880,Varese,Bari 1908,N/A,10,2.00,1.60,1.29,0.86,2,1,3,1,1,0,"32,73","64",6,2,3,0,3,1,0,3,1,3,6,9,3,4,3,5,19,22,43,57,0.00,0.00,0.00,0.00,3.20,80,90,48,35,23,35,68,58,100,9.60,6.75,3.38,3.12,2.42,0.00,0.00,0.00,0.00,0.00,0.00,Stadio Franco Ossola
1414242000,Oct 25 2014 - 1:00pm,complete,2061,Virtus Entella,Frosinone,N/A,10,1.00,1.75,1.45,1.10,1,0,1,0,0,0,"68","",3,4,3,0,3,0,2,1,1,2,8,20,4,3,4,17,17,25,46,54,0.00,0.00,0.00,0.00,2.34,38,71,25,13,13,25,54,29,88,4.67,7.50,3.21,3.05,2.57,0.00,0.00,0.00,0.00,0.00,0.00,Stadio Comunale Chiavari
1414242000,Oct 25 2014 - 1:00pm,complete,12505,Catania,Vicenza,N/A,10,1.25,0.50,1.76,1.27,3,1,4,0,0,0,"49,82,89","90'3",4,5,1,0,1,1,1,0,1,1,8,9,6,5,2,4,22,14,49,51,0.00,0.00,0.00,0.00,3.13,63,75,75,50,25,38,75,50,75,7.50,9.00,1.66,3.64,6.56,0.00,0.00,0.00,0.00,0.00,0.00,Stadio Angelo Massimino
1414438200,Oct 27 2014 - 7:30pm,complete,15180,Bologna,Trapani,N/A,11,1.75,1.00,1.61,0.43,2,1,3,2,1,1,"28,64","5",10,3,0,0,2,0,0,0,1,1,16,6,5,2,11,4,17,15,61,39,0.00,0.00,0.00,0.00,3.00,43,78,53,30,20,40,78,45,78,9.45,5.65,1.82,3.58,4.99,0.00,0.00,0.00,0.00,0.00,0.00,Stadio Renato Dall'Ara
1414524600,Oct 28 2014 - 7:30pm,complete,20040,Bari 1908,Pescara,N/A,11,1.75,0.80,1.71,1.42,1,1,2,1,0,1,"88","31",14,1,3,0,4,1,3,0,1,4,26,4,12,2,14,2,12,22,67,33,0.00,0.00,0.00,0.00,3.30,75,100,53,33,33,55,100,43,88,8.85,6.25,2.13,3.20,4.00,0.00,0.00,0.00,0.00,0.00,0.00,Stadio Comunale San Nicola
1414524600,Oct 28 2014 - 7:30pm,complete,4497,Brescia,Crotone,N/A,11,1.20,0.75,1.48,0.57,2,1,3,3,2,1,"28,45","18",5,5,4,1,4,1,4,1,2,3,10,10,5,6,5,4,19,19,51,49,0.00,0.00,0.00,0.00,1.80,43,55,23,13,0,0,23,45,90,11.60,5.40,1.94,3.25,4.80,0.00,0.00,0.00,0.00,0.00,0.00,Stadio Mario Rigamonti
1414524600,Oct 28 2014 - 7:30pm,complete,2646,Carpi,Ternana,N/A,11,2.50,2.00,2.05,1.33,3,1,4,3,3,0,"9,35,45'1","74",7,5,2,0,0,1,0,2,1,0,12,8,8,5,4,3,11,10,55,45,0.00,0.00,0.00,0.00,2.38,50,63,38,25,13,38,75,25,50,8.00,7.75,2.14,3.14,4.09,0.00,0.00,0.00,0.00,0.00,0.00,Stadio Sandro Cabassi
1414524600,Oct 28 2014 - 7:30pm,complete,12475,Catania,Virtus Entella,N/A,11,1.60,1.00,1.76,0.77,5,1,6,1,1,0,"20,55,81,88,90'3","76",10,3,2,0,2,0,1,1,0,2,14,7,9,2,5,5,21,18,53,47,0.00,0.00,0.00,0.00,3.00,60,70,60,50,20,20,80,50,70,7.80,8.20,1.62,3.80,6.70,0.00,0.00,0.00,0.00,0.00,0.00,Stadio Angelo Massimino
1414524600,Oct 28 2014 - 7:30pm,complete,2150,Cittadella,Livorno,N/A,11,1.20,1.50,1.05,0.95,1,1,2,0,0,0,"86","68",1,7,6,1,3,0,0,7,1,2,6,12,2,5,4,7,20,10,52,48,0.00,0.00,0.00,0.00,3.05,53,78,65,43,20,53,88,45,90,9.40,7.00,3.11,3.05,2.62,0.00,0.00,0.00,0.00,0.00,0.00,Stadio Pier Cesare Tombolato
1414524600,Oct 28 2014 - 7:30pm,complete,5130,Frosinone,Varese,N/A,11,2.20,0.20,2.29,0.57,1,1,2,1,1,0,"27","60",2,8,0,0,3,0,0,0,1,2,8,13,2,7,6,6,10,22,51,49,0.00,0.00,0.00,0.00,2.20,30,60,30,20,10,20,50,50,80,8.60,7.20,1.94,3.24,4.81,0.00,0.00,0.00,0.00,0.00,0.00,Stadio Comunale Matusa (Frosinone)
1414524600,Oct 28 2014 - 7:30pm,complete,11019,Perugia,Avellino,N/A,11,2.00,1.00,1.91,1.13,0,0,0,0,0,0,"","",2,5,1,0,1,1,0,1,0,2,7,0,2,0,5,0,18,14,63,37,0.00,0.00,0.00,0.00,2.70,60,60,60,40,10,40,50,30,90,11.20,6.60,2.27,3.07,3.78,0.00,0.00,0.00,0.00,0.00,0.00,Stadio Renato Curi
1414524600,Oct 28 2014 - 7:30pm,complete,5772,Spezia,Latina,N/A,11,2.40,0.60,1.82,0.90,1,1,2,1,0,1,"90","21",7,1,4,0,6,1,0,4,4,3,5,11,0,6,5,5,11,30,59,41,0.00,0.00,0.00,0.00,2.00,50,70,40,0,0,40,70,20,50,11.60,6.40,2.15,3.10,4.12,0.00,0.00,0.00,0.00,0.00,0.00,Stadio Alberto Picco
1414524600,Oct 28 2014 - 7:30pm,complete,2513,Virtus Lanciano,Pro Vercelli,N/A,11,1.60,0.60,1.52,0.57,2,0,2,2,2,0,"3,45'1","",7,0,2,0,1,0,0,2,1,0,11,11,7,3,4,8,21,12,44,56,0.00,0.00,0.00,0.00,2.50,50,70,40,20,10,20,60,40,90,7.80,5.40,2.18,3.11,4.00,0.00,0.00,0.00,0.00,0.00,0.00,Stadio Comunale Guido Biondi
1414524600,Oct 28 2014 - 7:30pm,complete,6479,Vicenza,Modena,N/A,11,1.60,0.50,1.86,0.82,0,2,2,1,0,1,"","37,90",9,0,3,0,1,0,2,1,1,0,10,8,8,4,2,4,20,8,59,41,0.00,0.00,0.00,0.00,1.25,23,48,10,0,0,13,45,23,45,7.85,8.20,3.25,3.02,2.55,0.00,0.00,0.00,0.00,0.00,0.00,Stadio Romeo Menti
1414850400,Nov 01 2014 - 2:00pm,complete,9796,Avellino,Catania,N/A,12,2.20,0.20,1.77,0.57,1,0,1,1,1,0,"22","",4,7,3,0,3,0,1,2,1,2,7,7,4,5,3,2,18,21,45,55,0.00,0.00,0.00,0.00,1.90,40,50,30,10,10,10,50,30,80,9.20,7.00,2.71,3.07,2.98,0.00,0.00,0.00,0.00,0.00,0.00,Stadio Partenio-Adriano Lombardi
1414850400,Nov 01 2014 - 2:00pm,complete,4149,Crotone,Perugia,N/A,12,0.67,1.20,1.71,1.14,2,1,3,1,0,1,"59,83","44",3,6,2,0,2,1,1,1,1,2,6,5,3,0,3,5,17,15,51,49,0.00,0.00,0.00,0.00,1.85,44,72,17,17,9,17,62,27,72,8.13,6.77,2.64,3.05,3.09,0.00,0.00,0.00,0.00,0.00,0.00,Stadio Ezio Scida
1414850400,Nov 01 2014 - 2:00pm,complete,7014,Livorno,Bologna,N/A,12,1.83,1.83,1.86,1.57,3,2,5,0,0,0,"66,83,89","58,74",3,0,2,0,6,0,0,2,1,5,11,10,2,0,9,10,15,10,48,52,0.00,0.00,0.00,0.00,2.09,42,50,34,17,17,25,42,33,75,6.67,7.50,2.58,3.04,3.19,0.00,0.00,0.00,0.00,0.00,0.00,Stadio Armando Picchi
1414850400,Nov 01 2014 - 2:00pm,complete,5659,Pescara,Spezia,N/A,12,1.00,0.80,1.57,1.29,1,2,3,1,0,1,"76","34,90'3",8,1,4,0,2,1,0,4,0,3,13,10,3,4,10,6,20,10,59,41,0.00,0.00,0.00,0.00,2.30,30,60,40,30,20,30,40,50,70,9.00,6.60,2.20,3.14,3.88,0.00,0.00,0.00,0.00,0.00,0.00,Stadio Adriatico-Giovanni Cornacchia
1414850400,Nov 01 2014 - 2:00pm,complete,3440,Pro Vercelli,Bari 1908,N/A,12,2.20,1.33,1.76,0.86,3,0,3,2,2,0,"20,32,85","",5,5,5,0,3,0,1,4,1,2,12,10,5,6,7,4,17,13,42,58,0.00,0.00,0.00,0.00,2.45,54,72,37,29,19,19,64,45,90,11.20,7.17,2.87,3.02,2.85,0.00,0.00,0.00,0.00,0.00,0.00,Stadio Silvio Piola
1414850400,Nov 01 2014 - 2:00pm,complete,3426,Ternana,Cittadella,N/A,12,0.40,0.60,1.10,1.05,1,1,2,2,1,1,"45","20",9,4,2,0,1,0,1,1,1,0,16,15,10,11,6,4,12,17,63,37,0.00,0.00,0.00,0.00,2.80,70,80,60,40,0,50,90,40,90,7.60,6.20,2.07,3.14,4.38,0.00,0.00,0.00,0.00,0.00,0.00,Stadio Libero Liberati
1414850400,Nov 01 2014 - 2:00pm,complete,4528,Trapani,Brescia,N/A,12,2.60,1.00,2.10,0.81,3,2,5,1,0,1,"60,71,76","9,64",5,5,4,0,4,0,3,1,2,2,11,7,7,3,4,4,18,20,58,42,0.00,0.00,0.00,0.00,2.20,60,60,40,20,0,10,60,30,100,15.00,6.00,2.44,3.16,3.29,0.00,0.00,0.00,0.00,0.00,0.00,Stadio Polisportivo Provinciale
1414850400,Nov 01 2014 - 2:00pm,complete,1634,Virtus Entella,Virtus Lanciano,N/A,12,1.50,1.40,1.45,0.86,0,0,0,0,0,0,"","",1,6,2,0,4,0,0,2,2,2,8,10,4,5,4,5,13,19,51,49,0.00,0.00,0.00,0.00,2.45,50,75,20,20,20,10,53,43,100,7.15,7.60,2.83,3.00,2.92,0.00,0.00,0.00,0.00,0.00,0.00,Stadio Comunale Chiavari
1414850400,Nov 01 2014 - 2:00pm,complete,2779,Carpi,Vicenza,N/A,12,2.60,0.40,2.05,1.27,1,0,1,0,0,0,"49","",7,6,4,0,3,0,2,2,1,2,14,3,10,2,4,1,24,21,43,57,0.00,0.00,0.00,0.00,3.30,70,80,80,60,10,50,80,40,70,8.20,6.80,1.67,3.60,6.46,0.00,0.00,0.00,0.00,0.00,0.00,Stadio Sandro Cabassi
1414927800,Nov 02 2014 - 11:30am,complete,4348,Latina,Frosinone,N/A,12,1.00,1.40,1.48,1.10,1,4,5,2,0,2,"62","15,17,52,76",4,4,3,0,3,1,3,0,2,2,10,8,5,6,5,2,26,23,48,52,0.00,0.00,0.00,0.00,2.40,70,70,40,10,10,40,60,20,90,8.80,7.60,2.60,2.99,3.21,0.00,0.00,0.00,0.00,0.00,0.00,Stadio Comunale Domenico Francioni
1414947600,Nov 02 2014 - 5:00pm,complete,3424,Varese,Modena,N/A,12,2.20,1.00,1.29,0.82,2,1,3,2,1,1,"17,75","38",13,3,1,0,4,1,1,0,2,3,10,4,7,2,3,2,18,24,57,43,0.00,0.00,0.00,0.00,2.70,60,90,40,20,10,30,70,50,80,7.00,7.00,2.86,3.00,2.88,0.00,0.00,0.00,0.00,0.00,0.00,Stadio Franco Ossola
1415120400,Nov 04 2014 - 5:00pm,complete,1345,Virtus Entella,Ternana,N/A,8,1.40,1.60,1.45,1.33,2,1,3,1,1,0,"27,67","49",5,2,1,0,1,0,0,1,0,1,7,9,3,4,4,5,7,13,43,57,0.00,0.00,0.00,0.00,1.50,20,50,10,10,0,10,40,20,70,6.40,6.60,2.84,3.03,2.87,0.00,0.00,0.00,0.00,0.00,0.00,Stadio Comunale Chiavari
1415388600,Nov 07 2014 - 7:30pm,complete,5979,Spezia,Crotone,N/A,13,2.17,0.60,1.82,0.57,2,1,3,1,1,0,"43,47","77",5,2,4,0,5,0,1,3,1,4,9,7,2,3,7,4,19,17,43,57,0.00,0.00,0.00,0.00,2.27,45,72,45,10,0,27,70,29,74,12.47,6.23,2.02,3.27,4.36,0.00,0.00,0.00,0.00,0.00,0.00,Stadio Alberto Picco
1415455200,Nov 08 2014 - 2:00pm,complete,14996,Bologna,Carpi,N/A,13,2.00,1.33,1.61,1.76,0,0,0,0,0,0,"","",10,4,4,0,3,0,3,1,3,0,12,7,8,4,4,3,19,14,60,40,0.00,0.00,0.00,0.00,2.35,45,82,37,9,9,19,90,37,82,8.77,4.47,2.12,3.29,3.92,0.00,0.00,0.00,0.00,0.00,0.00,Stadio Renato Dall'Ara
1415455200,Nov 08 2014 - 2:00pm,complete,5172,Brescia,Pescara,N/A,13,1.50,0.83,1.48,1.42,1,3,4,1,1,0,"18","77,85,90'2",5,2,3,0,5,0,1,2,3,2,9,10,8,4,1,6,15,18,54,46,0.00,0.00,0.00,0.00,2.58,84,84,50,17,17,34,67,42,84,9.50,6.33,2.31,3.21,3.50,0.00,0.00,0.00,0.00,0.00,0.00,Stadio Mario Rigamonti
1415455200,Nov 08 2014 - 2:00pm,complete,12314,Catania,Varese,N/A,13,1.83,0.33,1.76,0.57,2,1,3,2,2,0,"6,41","67",9,6,6,0,2,0,3,3,2,0,15,10,10,5,5,5,24,13,55,45,0.00,0.00,0.00,0.00,3.50,67,83,67,50,34,33,75,67,83,9.66,7.00,1.76,3.57,5.52,0.00,0.00,0.00,0.00,0.00,0.00,Stadio Angelo Massimino
1415455200,Nov 08 2014 - 2:00pm,complete,1975,Cittadella,Latina,N/A,13,1.17,0.67,1.05,0.90,1,1,2,1,1,0,"6","67",2,8,3,0,0,0,0,3,0,0,7,11,3,4,4,7,16,14,40,60,0.00,0.00,0.00,0.00,2.50,75,75,42,25,17,50,67,34,67,9.00,8.00,2.73,3.09,2.94,0.00,0.00,0.00,0.00,0.00,0.00,Stadio Pier Cesare Tombolato
1415455200,Nov 08 2014 - 2:00pm,complete,5157,Frosinone,Trapani,N/A,13,2.00,0.83,2.29,0.43,4,1,5,1,1,0,"42,53,78,90'1","61",3,1,4,0,3,1,2,2,1,3,11,7,3,4,8,3,26,10,47,53,0.00,0.00,0.00,0.00,2.58,50,67,42,25,17,42,58,25,83,10.17,6.67,1.95,3.41,4.44,0.00,0.00,0.00,0.00,0.00,0.00,Stadio Comunale Matusa (Frosinone)
1415455200,Nov 08 2014 - 2:00pm,complete,5307,Modena,Avellino,N/A,13,1.67,1.00,1.41,1.13,1,2,3,2,0,2,"55","21,45'5",9,5,5,2,3,0,3,4,2,1,11,9,4,6,7,3,19,21,48,52,0.00,0.00,0.00,0.00,2.00,50,59,34,25,9,25,50,25,67,9.33,5.66,2.09,3.20,4.17,0.00,0.00,0.00,0.00,0.00,0.00,Stadio Alberto Braglia
1415455200,Nov 08 2014 - 2:00pm,complete,8812,Perugia,Virtus Entella,N/A,13,1.83,0.83,1.91,0.77,2,1,3,3,2,1,"14,34","25",6,2,4,0,2,0,1,3,0,2,9,5,3,0,6,5,30,17,52,48,0.00,0.00,0.00,0.00,2.34,42,50,42,34,9,9,59,34,75,9.50,6.17,1.82,3.43,5.29,0.00,0.00,0.00,0.00,0.00,0.00,Stadio Renato Curi
1415455200,Nov 08 2014 - 2:00pm,complete,2767,Virtus Lanciano,Livorno,N/A,13,1.83,1.40,1.52,0.95,1,0,1,0,0,0,"81","",4,4,0,0,3,1,0,0,2,2,13,13,7,11,6,2,11,17,53,47,0.00,0.00,0.00,0.00,2.70,45,90,37,27,9,27,72,55,92,9.93,6.30,2.65,3.17,2.96,0.00,0.00,0.00,0.00,0.00,0.00,Stadio Comunale Guido Biondi
1415455200,Nov 08 2014 - 2:00pm,complete,5947,Vicenza,Pro Vercelli,N/A,13,1.33,0.50,1.86,0.57,2,1,3,2,1,1,"35,82","30",6,4,0,0,3,0,0,0,2,1,5,7,4,3,1,4,12,18,55,45,0.00,0.00,0.00,0.00,1.50,25,42,25,0,0,17,50,17,59,7.66,5.67,2.91,3.09,2.75,0.00,0.00,0.00,0.00,0.00,0.00,Stadio Romeo Menti
1415647800,Nov 10 2014 - 7:30pm,complete,18600,Bari 1908,Ternana,N/A,13,1.60,1.33,1.71,1.33,0,1,1,1,0,1,"","5",15,1,3,0,4,1,0,3,2,3,16,5,9,3,7,2,14,19,68,32,0.00,0.00,0.00,0.00,2.40,55,84,27,19,10,29,84,27,74,9.87,6.53,1.92,3.33,4.79,0.00,0.00,0.00,0.00,0.00,0.00,Stadio Comunale San Nicola
1416070800,Nov 15 2014 - 5:00pm,complete,2103,Carpi,Cittadella,N/A,14,2.67,0.67,2.05,1.05,5,2,7,5,4,1,"25,28,38,43,90'4","35,83",2,6,6,0,4,1,1,5,1,4,7,11,2,3,5,8,15,29,41,59,0.00,0.00,0.00,0.00,2.92,75,75,59,42,9,67,92,25,67,8.00,6.83,1.79,3.52,5.36,0.00,0.00,0.00,0.00,0.00,0.00,Stadio Sandro Cabassi
1416079800,Nov 15 2014 - 7:30pm,complete,14207,Bologna,Brescia,N/A,14,1.83,0.83,1.61,0.81,1,2,3,1,1,0,"29","83,87",4,12,2,0,1,0,2,0,0,1,6,8,3,3,3,5,11,11,50,50,0.00,0.00,0.00,0.00,1.92,42,59,25,9,9,9,59,25,84,10.83,5.67,1.87,3.34,5.10,0.00,0.00,0.00,0.00,0.00,0.00,Stadio Renato Dall'Ara
1416137400,Nov 16 2014 - 11:30am,complete,7056,Trapani,Catania,N/A,14,2.67,0.17,2.10,0.57,2,2,4,2,2,0,"9,19","47,76",3,6,3,1,3,0,1,3,3,0,7,14,4,6,3,8,13,22,46,54,0.00,0.00,0.00,0.00,2.75,58,67,58,34,17,17,75,42,92,12.50,7.00,2.82,3.21,2.74,0.00,0.00,0.00,0.00,0.00,0.00,Stadio Polisportivo Provinciale
1416146400,Nov 16 2014 - 2:00pm,complete,4966,Crotone,Bari 1908,N/A,14,1.00,1.14,1.71,0.86,3,0,3,1,1,0,"20,66,90'3","",4,4,1,0,2,0,1,0,0,2,7,11,3,5,4,6,14,28,52,48,0.00,0.00,0.00,0.00,2.57,64,86,43,22,14,29,79,43,93,10.00,7.00,3.05,3.11,2.63,0.00,0.00,0.00,0.00,0.00,0.00,Stadio Ezio Scida
1416146400,Nov 16 2014 - 2:00pm,complete,3792,Latina,Virtus Lanciano,N/A,14,0.83,1.33,1.48,0.86,1,0,1,0,0,0,"56","",5,3,1,0,4,0,0,1,3,1,10,6,3,0,7,6,24,19,60,40,0.00,0.00,0.00,0.00,2.75,83,83,42,25,25,34,67,42,92,10.67,7.83,2.46,3.02,3.41,0.00,0.00,0.00,0.00,0.00,0.00,Stadio Comunale Domenico Francioni
1416146400,Nov 16 2014 - 2:00pm,complete,5399,Livorno,Pro Vercelli,N/A,14,2.00,0.43,1.86,0.57,3,1,4,1,0,1,"73,79,87","8",5,3,1,0,3,0,1,0,1,2,12,5,3,2,9,3,19,11,54,46,0.00,0.00,0.00,0.00,2.29,43,57,36,15,15,29,50,29,79,6.00,5.71,1.96,3.31,4.58,0.00,0.00,0.00,0.00,0.00,0.00,Stadio Armando Picchi
1416146400,Nov 16 2014 - 2:00pm,complete,7389,Pescara,Frosinone,N/A,14,0.83,1.67,1.57,1.10,3,0,3,0,0,0,"50,64,87","",5,3,3,1,3,0,1,3,1,2,11,14,7,3,4,11,20,18,46,54,0.00,0.00,0.00,0.00,3.09,59,75,59,42,33,50,75,50,75,9.50,7.67,2.66,3.09,3.03,0.00,0.00,0.00,0.00,0.00,0.00,Stadio Adriatico-Giovanni Cornacchia
1416146400,Nov 16 2014 - 2:00pm,complete,3858,Ternana,Spezia,N/A,14,0.50,1.17,1.10,1.29,0,0,0,0,0,0,"","",2,9,5,0,2,0,2,3,1,1,7,14,4,4,3,10,19,11,44,56,0.00,0.00,0.00,0.00,2.17,50,67,42,17,0,25,50,42,83,7.84,5.50,2.69,2.98,3.10,0.00,0.00,0.00,0.00,0.00,0.00,Stadio Libero Liberati
1416146400,Nov 16 2014 - 2:00pm,complete,3430,Varese,Perugia,N/A,14,2.33,1.00,1.29,1.14,1,1,2,0,0,0,"90'1","75",8,2,2,0,2,0,1,1,1,1,11,10,6,5,5,5,14,28,55,45,0.00,0.00,0.00,0.00,2.59,67,84,50,17,9,25,67,50,84,9.16,6.17,2.96,2.97,2.82,0.00,0.00,0.00,0.00,0.00,0.00,Stadio Franco Ossola
1416157200,Nov 16 2014 - 5:00pm,complete,8000,Avellino,Vicenza,N/A,14,2.33,0.33,1.77,1.27,0,1,1,1,0,1,"","27",5,3,1,0,1,0,1,0,0,1,10,4,5,2,5,2,20,23,61,39,0.00,0.00,0.00,0.00,2.00,42,50,42,25,0,9,50,42,67,9.66,6.17,1.77,3.53,5.53,0.00,0.00,0.00,0.00,0.00,0.00,Stadio Partenio-Adriano Lombardi
1416598200,Nov 21 2014 - 7:30pm,complete,5408,Frosinone,Livorno,N/A,15,2.14,1.17,2.29,0.95,5,1,6,3,2,1,"18,38,62,87,90'2","16",3,4,2,0,5,1,1,1,2,4,12,7,4,3,8,4,12,16,58,42,0.00,0.00,0.00,0.00,2.02,38,62,24,16,7,9,47,40,93,8.79,7.40,2.24,3.06,3.90,0.00,0.00,0.00,0.00,0.00,0.00,Stadio Comunale Matusa (Frosinone)
1416664800,Nov 22 2014 - 2:00pm,complete,7500,Avellino,Varese,N/A,15,2.00,0.29,1.77,0.57,0,0,0,0,0,0,"","",11,0,1,0,4,0,0,1,1,3,14,4,9,0,5,4,12,24,54,46,0.00,0.00,0.00,0.00,2.15,43,58,36,15,7,22,72,43,65,10.28,5.29,1.86,3.31,5.24,0.00,0.00,0.00,0.00,0.00,0.00,Stadio Partenio-Adriano Lombardi
1416664800,Nov 22 2014 - 2:00pm,complete,20433,Bari 1908,Trapani,N/A,15,1.33,0.71,1.71,0.43,2,1,3,1,1,0,"32,67","81",3,8,3,0,2,0,0,3,0,2,9,10,6,9,3,1,18,17,49,51,0.00,0.00,0.00,0.00,3.25,61,85,52,37,30,52,93,30,77,12.67,6.46,1.98,3.33,4.45,0.00,0.00,0.00,0.00,0.00,0.00,Stadio Comunale San Nicola
1416664800,Nov 22 2014 - 2:00pm,complete,5660,Brescia,Carpi,N/A,15,1.29,1.29,1.48,1.76,3,3,6,2,1,1,"33,64,79","38,88,90'2",4,6,4,0,7,2,1,3,2,7,6,7,4,4,2,3,19,24,59,41,0.00,0.00,0.00,0.00,2.14,57,71,36,14,7,14,65,36,71,9.57,5.57,2.67,3.00,3.10,0.00,0.00,0.00,0.00,0.00,0.00,Stadio Mario Rigamonti
1416664800,Nov 22 2014 - 2:00pm,complete,4940,Modena,Pescara,N/A,15,1.43,1.14,1.41,1.42,2,0,2,0,0,0,"76,81","",7,2,4,1,2,3,2,3,3,2,11,5,4,2,7,3,22,15,64,36,0.00,0.00,0.00,0.00,2.43,72,79,43,22,15,29,72,36,86,9.28,6.71,2.37,3.07,3.55,0.00,0.00,0.00,0.00,0.00,0.00,Stadio Alberto Braglia
1416664800,Nov 22 2014 - 2:00pm,complete,16124,Perugia,Ternana,N/A,15,2.00,1.57,1.91,1.33,2,2,4,2,1,1,"22,63","25,79",9,2,5,1,3,0,1,5,0,3,9,4,4,2,5,2,21,19,64,36,0.00,0.00,0.00,0.00,1.86,43,50,36,14,0,22,50,22,64,9.43,6.43,1.88,3.20,5.42,0.00,0.00,0.00,0.00,0.00,0.00,Stadio Renato Curi
1416664800,Nov 22 2014 - 2:00pm,complete,2740,Pro Vercelli,Virtus Entella,N/A,15,2.33,0.71,1.76,0.77,2,0,2,1,1,0,"12,65","",4,2,2,0,2,0,0,2,1,1,7,7,4,3,3,4,20,12,57,43,0.00,0.00,0.00,0.00,2.75,45,69,54,38,16,24,84,38,70,9.14,6.62,1.98,3.17,4.76,0.00,0.00,0.00,0.00,0.00,0.00,Stadio Silvio Piola
1416664800,Nov 22 2014 - 2:00pm,complete,7534,Spezia,Bologna,N/A,15,2.29,1.57,1.82,1.57,1,1,2,0,0,0,"90'4","47",4,3,3,0,4,0,1,2,1,3,11,6,0,4,11,2,16,23,45,55,0.00,0.00,0.00,0.00,2.43,57,72,57,15,15,29,65,36,71,9.14,7.43,2.71,2.98,3.07,0.00,0.00,0.00,0.00,0.00,0.00,Stadio Alberto Picco
1416664800,Nov 22 2014 - 2:00pm,complete,2740,Virtus Lanciano,Crotone,N/A,15,2.00,0.50,1.52,0.57,1,1,2,2,1,1,"12","37",3,3,3,0,2,1,1,2,2,1,14,4,5,2,9,2,18,19,52,48,0.00,0.00,0.00,0.00,2.52,47,77,40,23,7,23,61,47,85,10.31,5.81,2.02,3.13,4.64,0.00,0.00,0.00,0.00,0.00,0.00,Stadio Comunale Guido Biondi
1416664800,Nov 22 2014 - 2:00pm,complete,6502,Vicenza,Cittadella,N/A,15,1.57,0.57,1.86,1.05,1,1,2,1,0,1,"79","12",8,6,4,0,5,2,2,2,1,6,13,12,7,4,6,8,17,21,62,38,0.00,0.00,0.00,0.00,2.36,58,65,43,22,7,43,79,29,64,8.72,6.42,2.30,3.05,3.75,0.00,0.00,0.00,0.00,0.00,0.00,Stadio Romeo Menti
1416762000,Nov 23 2014 - 5:00pm,complete,13691,Catania,Latina,N/A,15,2.00,0.71,1.76,0.90,1,0,1,1,1,0,"10","",1,1,4,0,2,0,0,4,0,2,8,15,6,7,2,8,27,15,43,57,0.00,0.00,0.00,0.00,2.79,79,79,50,29,22,36,64,36,72,10.72,8.00,1.90,3.24,5.12,0.00,0.00,0.00,0.00,0.00,0.00,Stadio Angelo Massimino
1417203000,Nov 28 2014 - 7:30pm,complete,9935,Pescara,Virtus Lanciano,N/A,16,1.14,1.14,1.57,0.86,1,1,2,0,0,0,"90'4","50",5,4,3,0,4,0,2,1,1,3,13,10,3,4,10,6,15,11,53,47,0.00,0.00,0.00,0.00,2.86,57,79,50,36,29,29,64,57,79,11.00,8.00,2.38,3.07,3.53,0.00,0.00,0.00,0.00,0.00,0.00,Stadio Adriatico-Giovanni Cornacchia
1417269600,Nov 29 2014 - 2:00pm,complete,3426,Carpi,Frosinone,N/A,16,2.71,1.43,2.05,1.10,0,0,0,0,0,0,"","",5,9,4,1,5,0,2,3,2,3,8,16,5,7,3,9,14,24,41,59,0.00,0.00,0.00,0.00,3.36,64,71,64,43,29,57,72,36,79,7.42,7.71,2.40,3.18,3.35,0.00,0.00,0.00,0.00,0.00,0.00,Stadio Sandro Cabassi
1417269600,Nov 29 2014 - 2:00pm,complete,2261,Cittadella,Brescia,N/A,16,1.14,1.14,1.05,0.81,1,1,2,2,1,1,"25","19",1,9,1,2,4,0,3,0,2,2,5,16,3,7,2,9,11,21,43,57,0.00,0.00,0.00,0.00,2.64,72,72,43,29,22,29,72,36,93,10.58,6.71,3.01,3.07,2.69,0.00,0.00,0.00,0.00,0.00,0.00,Stadio Pier Cesare Tombolato
1417269600,Nov 29 2014 - 2:00pm,complete,3954,Crotone,Modena,N/A,16,1.25,0.83,1.71,0.82,1,4,5,1,0,1,"62","35,48,81,90'4",6,3,2,1,2,0,1,2,1,1,5,3,4,2,1,1,20,20,55,45,0.00,0.00,0.00,0.00,2.23,48,86,34,13,7,29,78,34,78,7.55,7.08,2.80,3.02,2.92,0.00,0.00,0.00,0.00,0.00,0.00,Stadio Ezio Scida
1417269600,Nov 29 2014 - 2:00pm,complete,3365,Latina,Pro Vercelli,N/A,16,1.14,0.38,1.48,0.57,1,1,2,0,0,0,"69","55",6,4,2,0,3,0,1,1,1,2,14,10,5,4,9,6,20,19,53,47,0.00,0.00,0.00,0.00,2.34,61,67,47,14,7,41,60,27,88,8.49,5.63,2.21,3.07,3.97,0.00,0.00,0.00,0.00,0.00,0.00,Stadio Comunale Domenico Francioni
1417269600,Nov 29 2014 - 2:00pm,complete,6282,Livorno,Perugia,N/A,16,2.13,1.00,1.86,1.14,0,0,0,0,0,0,"","",3,6,3,0,1,0,2,1,1,0,8,9,3,3,5,6,21,13,44,56,0.00,0.00,0.00,0.00,2.16,47,67,26,19,13,7,47,47,80,6.77,6.31,2.34,3.07,3.60,0.00,0.00,0.00,0.00,0.00,0.00,Stadio Armando Picchi
1417269600,Nov 29 2014 - 2:00pm,complete,4208,Ternana,Catania,N/A,16,0.57,0.29,1.10,0.57,1,0,1,0,0,0,"59","",3,5,2,0,5,1,0,2,2,4,6,11,2,4,4,7,13,13,47,53,0.00,0.00,0.00,0.00,2.36,50,64,43,29,7,36,71,29,79,9.14,6.57,3.02,3.06,2.69,0.00,0.00,0.00,0.00,0.00,0.00,Stadio Libero Liberati
1417269600,Nov 29 2014 - 2:00pm,complete,4377,Trapani,Spezia,N/A,16,2.43,1.14,2.10,1.29,3,2,5,0,0,0,"84,87,90'6","68,90'3",3,6,4,0,2,0,1,3,1,1,11,7,5,3,6,4,18,16,60,40,0.00,0.00,0.00,0.00,2.43,58,65,58,29,7,15,50,57,86,11.14,6.14,2.50,3.18,3.17,0.00,0.00,0.00,0.00,0.00,0.00,Stadio Polisportivo Provinciale
1417269600,Nov 29 2014 - 2:00pm,complete,1836,Virtus Entella,Avellino,N/A,16,1.67,1.29,1.45,1.13,0,0,0,0,0,0,"","",6,2,2,0,1,0,1,1,1,0,10,10,4,5,6,5,19,18,58,42,0.00,0.00,0.00,0.00,2.18,44,61,44,22,7,29,52,31,77,7.26,5.79,2.96,3.01,2.78,0.00,0.00,0.00,0.00,0.00,0.00,Stadio Comunale Chiavari
1417269600,Nov 29 2014 - 2:00pm,complete,2694,Varese,Vicenza,N/A,16,2.14,0.71,1.29,1.27,2,3,5,2,1,1,"13,89","17,80,83",3,3,3,0,2,0,0,3,2,0,4,10,3,5,1,5,22,15,48,52,0.00,0.00,0.00,0.00,2.93,72,79,64,36,7,29,64,57,86,9.85,5.57,2.07,3.11,4.42,0.00,0.00,0.00,0.00,0.00,0.00,Stadio Franco Ossola
1417347000,Nov 30 2014 - 11:30am,complete,15389,Bologna,Bari 1908,N/A,16,1.57,1.00,1.61,0.86,2,0,2,1,1,0,"45'3,71","",8,7,3,1,3,0,3,1,0,3,13,10,4,5,9,5,9,18,59,41,0.00,0.00,0.00,0.00,2.32,47,80,47,7,7,20,73,47,86,10.17,5.89,2.24,3.09,3.86,0.00,0.00,0.00,0.00,0.00,0.00,Stadio Renato Dall'Ara
1417807800,Dec 05 2014 - 7:30pm,complete,4499,Frosinone,Ternana,N/A,17,2.25,1.50,2.29,1.33,0,1,1,1,0,1,"","20",14,5,1,0,1,0,0,1,0,1,15,9,8,4,7,5,10,17,62,38,0.00,0.00,0.00,0.00,2.26,50,63,32,25,13,19,63,38,76,7.26,6.88,1.85,3.33,5.30,0.00,0.00,0.00,0.00,0.00,0.00,Stadio Comunale Matusa (Frosinone)
1417874400,Dec 06 2014 - 2:00pm,complete,9796,Avellino,Crotone,N/A,17,1.88,0.57,1.77,0.57,1,2,3,2,1,1,"25","7,79",9,1,2,0,3,0,0,2,1,2,12,9,5,4,7,5,22,14,58,42,0.00,0.00,0.00,0.00,1.71,41,48,28,7,0,15,54,34,55,11.24,5.82,1.87,3.23,5.40,0.00,0.00,0.00,0.00,0.00,0.00,Stadio Partenio-Adriano Lombardi
1417874400,Dec 06 2014 - 2:00pm,complete,17717,Bari 1908,Carpi,N/A,17,1.57,1.25,1.71,1.76,0,1,1,0,0,0,"","53",8,9,5,1,2,0,2,4,1,1,12,11,9,5,3,6,20,10,54,46,0.00,0.00,0.00,0.00,2.60,54,81,34,20,20,27,94,34,73,11.38,6.64,2.30,3.12,3.64,0.00,0.00,0.00,0.00,0.00,0.00,Stadio Comunale San Nicola
1417874400,Dec 06 2014 - 2:00pm,complete,13040,Catania,Bologna,N/A,17,2.13,1.50,1.76,1.57,2,2,4,1,0,1,"59,78","4,56",3,7,3,0,2,0,0,3,0,2,17,16,10,11,7,5,14,10,46,54,0.00,0.00,0.00,0.00,2.94,69,69,63,38,32,32,50,50,75,8.00,8.63,2.38,3.07,3.53,0.00,0.00,0.00,0.00,0.00,0.00,Stadio Angelo Massimino
1417874400,Dec 06 2014 - 2:00pm,complete,9163,Perugia,Latina,N/A,17,1.88,0.63,1.91,0.90,0,0,0,0,0,0,"","",3,5,1,0,3,0,0,1,2,1,11,6,5,2,6,4,13,11,51,49,0.00,0.00,0.00,0.00,1.88,57,57,32,13,0,32,51,19,63,10.88,6.75,2.05,3.09,4.55,0.00,0.00,0.00,0.00,0.00,0.00,Stadio Renato Curi
1417874400,Dec 06 2014 - 2:00pm,complete,2630,Pro Vercelli,Pescara,N/A,17,2.43,1.00,1.76,1.42,0,4,4,1,0,1,"","32,75,85,90",5,3,5,0,2,0,1,4,0,2,19,8,4,3,15,5,12,19,58,42,0.00,0.00,0.00,0.00,2.84,59,86,53,34,20,34,80,46,93,9.21,7.27,2.29,3.02,3.82,0.00,0.00,0.00,0.00,0.00,0.00,Stadio Silvio Piola
1417874400,Dec 06 2014 - 2:00pm,complete,5753,Spezia,Cittadella,N/A,17,2.13,0.63,1.82,1.05,0,0,0,0,0,0,"","",6,0,2,0,2,1,1,1,1,2,10,10,3,6,7,4,16,17,55,45,0.00,0.00,0.00,0.00,2.76,76,88,50,19,7,44,94,38,75,9.76,7.25,1.78,3.40,5.76,0.00,0.00,0.00,0.00,0.00,0.00,Stadio Alberto Picco
1417874400,Dec 06 2014 - 2:00pm,complete,2530,Varese,Virtus Entella,N/A,17,1.88,0.63,1.29,0.77,2,2,4,3,1,2,"45'1,78","12,17",9,4,3,0,3,0,1,2,2,1,15,6,5,3,10,3,20,18,62,38,0.00,0.00,0.00,0.00,3.26,75,88,63,38,19,32,88,57,82,8.75,5.63,2.04,3.19,4.43,0.00,0.00,0.00,0.00,0.00,0.00,Stadio Franco Ossola
1417874400,Dec 06 2014 - 2:00pm,complete,2476,Virtus Lanciano,Trapani,N/A,17,1.88,0.63,1.52,0.43,2,2,4,3,2,1,"37,39","5,74",7,3,2,0,2,0,0,2,0,2,11,7,6,2,5,5,12,14,55,45,0.00,0.00,0.00,0.00,3.26,63,88,57,38,26,51,82,44,82,10.26,5.38,2.12,3.24,4.02,0.00,0.00,0.00,0.00,0.00,0.00,Stadio Comunale Guido Biondi
1418047200,Dec 08 2014 - 2:00pm,complete,5407,Modena,Livorno,N/A,17,1.63,1.00,1.41,0.95,0,0,0,0,0,0,"","",4,4,1,0,2,2,0,1,2,2,11,8,4,3,7,5,14,17,65,35,0.00,0.00,0.00,0.00,2.11,41,67,28,15,7,21,48,41,88,10.18,7.39,2.29,3.03,3.79,0.00,0.00,0.00,0.00,0.00,0.00,Stadio Alberto Braglia
1418056200,Dec 08 2014 - 4:30pm,complete,8330,Vicenza,Brescia,N/A,17,1.50,1.13,1.86,0.81,2,0,2,1,1,0,"35,90'5","",9,13,3,0,4,1,2,1,3,2,15,9,7,8,8,1,9,16,48,52,0.00,0.00,0.00,0.00,1.82,51,57,25,7,7,13,63,19,76,12.38,6.13,3.16,3.02,2.61,0.00,0.00,0.00,0.00,0.00,0.00,Stadio Romeo Menti
1418412600,Dec 12 2014 - 7:30pm,complete,5421,Trapani,Perugia,N/A,18,2.50,1.00,2.10,1.14,2,2,4,2,2,0,"16,42","49,79",4,9,2,0,3,0,0,2,1,2,5,17,0,6,5,11,21,22,39,61,0.00,0.00,0.00,0.00,2.51,63,76,51,32,13,13,57,57,82,10.88,6.26,2.49,3.06,3.31,0.00,0.00,0.00,0.00,0.00,0.00,Stadio Polisportivo Provinciale
1418479200,Dec 13 2014 - 2:00pm,complete,13983,Bologna,Frosinone,N/A,18,1.75,1.38,1.61,1.10,2,2,4,1,0,1,"49,85","33,63",4,3,2,0,3,0,0,2,1,2,15,8,7,3,8,5,23,17,46,54,0.00,0.00,0.00,0.00,2.32,44,69,44,13,13,26,63,38,75,9.13,6.51,2.30,2.98,3.86,0.00,0.00,0.00,0.00,0.00,0.00,Stadio Renato Dall'Ara
1418479200,Dec 13 2014 - 2:00pm,complete,3781,Brescia,Spezia,N/A,18,1.25,1.00,1.48,1.29,0,1,1,1,0,1,"","2",3,6,4,0,1,0,2,2,1,0,8,10,3,8,5,2,19,18,53,47,0.00,0.00,0.00,0.00,2.26,57,63,44,19,13,13,32,50,75,8.75,6.00,2.55,2.95,3.35,0.00,0.00,0.00,0.00,0.00,0.00,Stadio Mario Rigamonti
1418479200,Dec 13 2014 - 2:00pm,complete,3900,Carpi,Modena,N/A,18,2.50,1.14,2.05,0.82,1,0,1,0,0,0,"79","",6,2,5,0,3,0,2,3,3,0,10,5,5,4,5,1,17,29,50,50,0.00,0.00,0.00,0.00,2.77,53,75,46,32,20,46,73,27,67,7.46,7.88,2.28,2.98,3.90,0.00,0.00,0.00,0.00,0.00,0.00,Stadio Sandro Cabassi
1418479200,Dec 13 2014 - 2:00pm,complete,2418,Cittadella,Bari 1908,N/A,18,1.13,0.89,1.05,0.86,0,1,1,0,0,0,"","90'2",6,8,1,0,3,0,0,1,1,2,8,12,3,0,5,12,12,18,52,48,0.00,0.00,0.00,0.00,2.78,66,89,47,25,18,43,83,41,88,8.99,7.30,3.18,2.93,2.67,0.00,0.00,0.00,0.00,0.00,0.00,Stadio Pier Cesare Tombolato
1418479200,Dec 13 2014 - 2:00pm,complete,3991,Crotone,Pro Vercelli,N/A,18,1.11,0.44,1.71,0.57,0,1,1,0,0,0,"","86",1,5,1,0,3,1,1,0,2,2,6,6,2,3,4,3,13,21,50,50,0.00,0.00,0.00,0.00,2.56,62,78,50,22,11,28,73,45,84,7.78,5.56,2.46,2.96,3.49,0.00,0.00,0.00,0.00,0.00,0.00,Stadio Ezio Scida
1418479200,Dec 13 2014 - 2:00pm,complete,5410,Livorno,Catania,N/A,18,2.00,0.25,1.86,0.57,4,2,6,2,1,1,"9,78,79,89","35,57",6,4,4,0,4,0,2,2,1,3,8,12,3,2,5,10,10,14,56,44,0.00,0.00,0.00,0.00,2.35,41,53,36,29,18,18,54,35,83,7.69,7.14,2.55,3.03,3.25,0.00,0.00,0.00,0.00,0.00,0.00,Stadio Armando Picchi
1418479200,Dec 13 2014 - 2:00pm,complete,6001,Pescara,Avellino,N/A,18,1.13,1.25,1.57,1.13,0,0,0,0,0,0,"","",4,2,3,1,2,1,1,3,2,1,6,6,3,2,3,4,17,22,60,40,0.00,0.00,0.00,0.00,2.75,57,76,63,38,19,44,63,50,69,10.51,6.50,2.47,3.00,3.43,0.00,0.00,0.00,0.00,0.00,0.00,Stadio Adriatico-Giovanni Cornacchia
1418479200,Dec 13 2014 - 2:00pm,complete,4390,Ternana,Virtus Lanciano,N/A,18,0.88,1.13,1.10,0.86,0,1,1,0,0,0,"","72",5,6,3,0,3,0,0,3,2,1,12,12,5,5,7,7,19,20,53,47,0.00,0.00,0.00,0.00,2.32,63,69,32,25,13,26,57,38,82,9.26,6.88,2.47,2.98,3.45,0.00,0.00,0.00,0.00,0.00,0.00,Stadio Libero Liberati
1418479200,Dec 13 2014 - 2:00pm,complete,1364,Virtus Entella,Vicenza,N/A,18,1.57,1.00,1.45,1.27,2,1,3,1,1,0,"16,62","89",8,4,2,0,3,1,1,1,1,3,11,7,6,2,5,5,21,21,50,50,0.00,0.00,0.00,0.00,2.02,32,53,39,25,7,13,46,40,73,6.92,5.43,2.25,3.01,3.96,0.00,0.00,0.00,0.00,0.00,0.00,Stadio Comunale Chiavari
1418671800,Dec 15 2014 - 7:30pm,complete,2847,Latina,Varese,N/A,18,1.13,0.38,1.48,0.57,1,0,1,0,0,0,"74","",7,5,3,0,5,0,1,2,1,4,13,7,7,3,6,4,17,20,65,35,0.00,0.00,0.00,0.00,2.51,63,75,44,19,13,38,63,44,88,9.88,5.88,2.21,3.01,4.07,0.00,0.00,0.00,0.00,0.00,0.00,Stadio Comunale Domenico Francioni
1418758200,Dec 16 2014 - 7:30pm,complete,2000,Virtus Entella,Modena,N/A,14,1.75,1.00,1.45,0.82,1,1,2,2,1,1,"40","11",10,2,2,0,2,0,0,2,1,1,20,7,6,4,14,3,14,13,58,42,0.00,0.00,0.00,0.00,1.82,32,63,25,7,7,13,51,32,75,6.51,6.26,3.02,2.95,2.78,0.00,0.00,0.00,0.00,0.00,0.00,Stadio Comunale Chiavari
1419012000,Dec 19 2014 - 6:00pm,complete,2891,Virtus Lanciano,Carpi,N/A,19,1.78,1.44,1.52,1.76,1,1,2,2,1,1,"12","32",3,2,3,0,2,0,1,2,0,2,6,7,3,2,3,5,24,18,51,49,0.00,0.00,0.00,0.00,2.61,50,78,33,28,17,33,78,33,78,10.00,5.55,2.62,2.90,3.29,0.00,0.00,0.00,0.00,0.00,0.00,Stadio Comunale Guido Biondi
1419019200,Dec 19 2014 - 8:00pm,complete,6796,Avellino,Bologna,N/A,19,1.67,1.44,1.77,1.57,1,0,1,0,0,0,"78","",12,7,3,0,3,2,1,2,1,4,12,9,7,5,5,4,10,16,44,56,0.00,0.00,0.00,0.00,1.95,50,50,39,17,11,17,45,39,61,9.89,6.33,2.67,2.88,3.24,0.00,0.00,0.00,0.00,0.00,0.00,Stadio Partenio-Adriano Lombardi
1419084000,Dec 20 2014 - 2:00pm,complete,17313,Bari 1908,Latina,N/A,19,1.38,0.67,1.71,0.90,1,0,1,0,0,0,"64","",5,7,4,0,2,0,2,2,1,1,13,6,11,3,2,3,19,12,42,58,0.00,0.00,0.00,0.00,1.91,53,66,18,7,7,24,72,18,60,11.57,6.94,2.00,3.20,4.60,0.00,0.00,0.00,0.00,0.00,0.00,Stadio Comunale San Nicola
1419084000,Dec 20 2014 - 2:00pm,complete,11575,Catania,Brescia,N/A,19,2.00,1.00,1.76,0.81,2,2,4,2,1,1,"6,59","15,85",4,5,4,0,1,0,2,2,0,1,10,18,8,8,2,10,23,16,51,49,0.00,0.00,0.00,0.00,2.84,67,73,50,34,22,22,73,39,84,12.33,7.55,1.92,3.40,4.70,0.00,0.00,0.00,0.00,0.00,0.00,Stadio Angelo Massimino
1419084000,Dec 20 2014 - 2:00pm,complete,4609,Frosinone,Cittadella,N/A,19,2.00,0.67,2.29,1.05,1,1,2,0,0,0,"47","89",3,3,3,0,2,0,2,1,2,0,14,13,6,8,8,5,14,14,63,37,0.00,0.00,0.00,0.00,2.50,61,67,33,28,17,34,73,33,73,8.44,7.33,1.63,3.72,6.78,0.00,0.00,0.00,0.00,0.00,0.00,Stadio Comunale Matusa (Frosinone)
1419084000,Dec 20 2014 - 2:00pm,complete,4764,Modena,Trapani,N/A,19,1.56,0.67,1.41,0.43,2,1,3,1,0,1,"76,88","17",14,4,1,0,3,0,0,1,2,1,19,8,7,3,12,5,12,18,58,42,0.00,0.00,0.00,0.00,2.61,56,73,50,28,17,39,61,33,78,10.67,6.00,2.13,3.32,3.87,0.00,0.00,0.00,0.00,0.00,0.00,Stadio Alberto Braglia
1419084000,Dec 20 2014 - 2:00pm,complete,9290,Perugia,Pescara,N/A,19,1.78,1.22,1.91,1.42,2,2,4,2,1,1,"35,54","27,90'2",3,3,2,1,3,0,2,1,2,1,12,8,7,2,5,6,13,14,50,50,0.00,0.00,0.00,0.00,2.61,61,72,56,33,11,33,61,45,84,9.55,6.89,2.14,3.20,4.00,0.00,0.00,0.00,0.00,0.00,0.00,Stadio Renato Curi
1419084000,Dec 20 2014 - 2:00pm,complete,2533,Pro Vercelli,Ternana,N/A,19,2.13,1.67,1.76,1.33,2,1,3,1,0,1,"50,86","42",12,5,1,0,2,0,1,0,1,1,21,13,11,5,10,8,9,14,57,43,0.00,0.00,0.00,0.00,2.32,35,66,42,30,7,24,77,36,72,8.96,6.60,2.16,3.18,3.96,0.00,0.00,0.00,0.00,0.00,0.00,Stadio Silvio Piola
1419084000,Dec 20 2014 - 2:00pm,complete,2748,Varese,Crotone,N/A,19,1.78,0.88,1.29,0.57,1,0,1,1,1,0,"4","",4,6,3,0,3,0,2,1,1,2,3,13,3,5,0,8,21,26,53,47,0.00,0.00,0.00,0.00,3.03,82,88,64,29,11,47,71,53,88,10.49,6.06,2.32,3.20,3.48,0.00,0.00,0.00,0.00,0.00,0.00,Stadio Franco Ossola
1419084000,Dec 20 2014 - 2:00pm,complete,2230,Virtus Entella,Livorno,N/A,19,1.67,1.00,1.45,0.95,1,1,2,0,0,0,"56","69",6,3,1,0,4,0,1,0,1,3,9,17,6,8,3,9,10,17,46,54,0.00,0.00,0.00,0.00,1.97,36,60,30,13,7,18,47,42,78,8.94,6.58,3.25,3.11,2.49,0.00,0.00,0.00,0.00,0.00,0.00,Stadio Comunale Chiavari
1419084000,Dec 20 2014 - 2:00pm,complete,3519,Vicenza,Spezia,N/A,19,1.67,1.22,1.86,1.29,1,0,1,0,0,0,"89","",10,3,3,1,1,0,2,2,1,0,10,10,5,5,5,5,21,14,55,45,0.00,0.00,0.00,0.00,1.67,33,50,28,6,6,6,45,28,67,9.89,5.67,3.03,3.09,2.65,0.00,0.00,0.00,0.00,0.00,0.00,Stadio Romeo Menti
1419420600,Dec 24 2014 - 11:30am,complete,4258,Crotone,Frosinone,N/A,20,1.00,1.33,1.71,1.10,2,0,2,1,1,0,"19,89","",6,6,3,0,7,1,1,2,1,7,10,12,5,5,5,7,21,32,54,46,0.00,0.00,0.00,0.00,2.74,58,74,53,32,21,27,68,47,84,8.04,6.70,3.50,3.17,2.33,0.00,0.00,0.00,0.00,0.00,0.00,Stadio Ezio Scida
1419429600,Dec 24 2014 - 2:00pm,complete,13196,Bologna,Pro Vercelli,N/A,20,1.67,0.70,1.61,0.57,3,0,3,2,2,0,"2,25,47","",3,4,1,0,0,0,0,1,0,0,12,10,5,5,7,5,11,12,47,53,0.00,0.00,0.00,0.00,2.16,47,69,42,11,0,21,64,37,79,8.44,5.13,1.93,3.25,4.92,0.00,0.00,0.00,0.00,0.00,0.00,Stadio Renato Dall'Ara
1419429600,Dec 24 2014 - 2:00pm,complete,7929,Brescia,Bari 1908,N/A,20,1.11,1.10,1.48,0.86,2,1,3,1,1,0,"43,90'1","68",5,8,3,0,2,0,2,1,0,2,5,15,3,9,2,6,12,19,50,50,0.00,0.00,0.00,0.00,2.42,54,74,42,16,11,21,63,42,84,10.40,6.71,2.35,3.09,3.55,0.00,0.00,0.00,0.00,0.00,0.00,Stadio Mario Rigamonti
1419429600,Dec 24 2014 - 2:00pm,complete,3322,Carpi,Perugia,N/A,20,2.56,1.00,2.05,1.14,4,0,4,1,1,0,"28,52,58,90","",4,2,1,0,3,0,1,0,1,2,10,5,6,2,4,3,8,19,40,60,0.00,0.00,0.00,0.00,2.34,50,62,39,28,11,34,56,33,67,9.00,7.11,2.20,3.12,3.91,0.00,0.00,0.00,0.00,0.00,0.00,Stadio Sandro Cabassi
1419429600,Dec 24 2014 - 2:00pm,complete,2405,Cittadella,Catania,N/A,20,1.00,0.22,1.05,0.57,3,2,5,1,1,0,"3,54,59","79,84",7,2,4,0,4,4,0,4,2,6,15,4,6,4,9,0,17,15,47,53,0.00,0.00,0.00,0.00,2.73,61,67,44,33,22,45,73,33,84,8.22,7.55,2.99,3.11,2.67,0.00,0.00,0.00,0.00,0.00,0.00,Stadio Pier Cesare Tombolato
1419429600,Dec 24 2014 - 2:00pm,complete,4030,Latina,Virtus Entella,N/A,20,1.33,0.67,1.48,0.77,1,1,2,2,1,1,"38","36",7,6,2,0,1,0,0,2,0,1,16,12,10,7,6,5,25,20,57,43,0.00,0.00,0.00,0.00,2.61,62,73,45,28,11,28,72,33,84,9.11,6.00,2.09,3.08,4.40,0.00,0.00,0.00,0.00,0.00,0.00,Stadio Comunale Domenico Francioni
1419429600,Dec 24 2014 - 2:00pm,complete,5768,Pescara,Varese,N/A,20,1.11,0.33,1.57,0.57,2,0,2,1,1,0,"4,51","",1,6,2,0,1,1,1,1,1,1,11,13,4,5,7,8,16,12,57,43,0.00,0.00,0.00,0.00,2.56,44,73,50,28,17,33,62,56,73,10.22,6.89,1.99,3.28,4.48,0.00,0.00,0.00,0.00,0.00,0.00,Stadio Adriatico-Giovanni Cornacchia
1419429600,Dec 24 2014 - 2:00pm,complete,6187,Spezia,Virtus Lanciano,N/A,20,2.00,1.33,1.82,0.86,3,3,6,5,3,2,"12,29,43","32,36,61",5,8,6,0,3,0,3,3,1,2,8,12,3,2,5,10,25,15,52,48,0.00,0.00,0.00,0.00,2.22,62,73,33,11,11,17,61,39,78,10.67,7.11,2.41,3.07,3.45,0.00,0.00,0.00,0.00,0.00,0.00,Stadio Alberto Picco
1419429600,Dec 24 2014 - 2:00pm,complete,3955,Ternana,Modena,N/A,20,0.78,1.00,1.10,0.82,1,0,1,0,0,0,"83","",7,4,1,0,3,0,1,0,1,2,13,8,7,4,6,4,11,12,56,44,0.00,0.00,0.00,0.00,2.06,44,67,28,17,6,33,62,22,73,7.45,6.23,2.81,3.00,2.93,0.00,0.00,0.00,0.00,0.00,0.00,Stadio Libero Liberati
1419429600,Dec 24 2014 - 2:00pm,complete,5305,Trapani,Avellino,N/A,20,2.33,1.22,2.10,1.13,4,1,5,2,1,1,"44,65,77,84","6",6,4,2,0,4,0,2,0,2,2,12,11,4,4,8,7,22,14,49,51,0.00,0.00,0.00,0.00,2.95,73,73,73,50,17,39,67,50,78,10.89,6.11,2.63,3.13,3.02,0.00,0.00,0.00,0.00,0.00,0.00,Stadio Polisportivo Provinciale
1419429600,Dec 24 2014 - 2:00pm,complete,8069,Vicenza,Livorno,N/A,20,1.80,1.00,1.86,0.95,0,0,0,0,0,0,"","",4,2,0,0,3,0,0,0,0,3,9,10,4,3,5,7,7,24,56,44,0.00,0.00,0.00,0.00,1.92,37,59,27,11,6,16,52,33,80,10.72,7.22,3.05,3.06,2.66,0.00,0.00,0.00,0.00,0.00,0.00,Stadio Romeo Menti
1419766200,Dec 28 2014 - 11:30am,complete,17902,Bari 1908,Spezia,N/A,21,1.56,1.10,1.71,1.29,0,3,3,0,0,0,"","56,83,90'2",4,1,2,1,3,1,2,1,2,2,20,6,7,0,13,6,15,17,53,47,0.00,0.00,0.00,0.00,1.96,37,54,26,11,11,11,49,31,74,10.59,6.16,2.22,3.09,3.89,0.00,0.00,0.00,0.00,0.00,0.00,Stadio Comunale San Nicola
1419775200,Dec 28 2014 - 2:00pm,complete,6500,Avellino,Brescia,N/A,21,1.80,1.00,1.77,0.81,2,0,2,1,1,0,"39,90'5","",7,3,1,0,2,1,0,1,1,2,15,7,12,2,3,5,11,14,54,46,0.00,0.00,0.00,0.00,1.80,45,50,25,10,5,15,60,25,70,14.30,5.50,2.14,3.12,4.12,0.00,0.00,0.00,0.00,0.00,0.00,Stadio Partenio-Adriano Lombardi
1419775200,Dec 28 2014 - 2:00pm,complete,11631,Catania,Carpi,N/A,21,1.90,1.40,1.76,1.76,0,2,2,0,0,0,"","57,81",1,4,4,1,3,0,2,3,1,2,10,11,6,6,4,5,18,23,50,50,0.00,0.00,0.00,0.00,3.00,65,75,55,40,25,35,80,45,75,9.50,7.30,3.40,3.27,2.32,0.00,0.00,0.00,0.00,0.00,0.00,Stadio Angelo Massimino
1419775200,Dec 28 2014 - 2:00pm,complete,4842,Modena,Latina,N/A,21,1.70,0.60,1.41,0.90,0,0,0,0,0,0,"","",5,4,1,0,2,0,0,1,0,2,10,10,7,5,3,5,14,24,46,54,0.00,0.00,0.00,0.00,1.45,45,55,15,0,0,15,45,20,60,11.10,6.10,1.97,3.14,4.88,0.00,0.00,0.00,0.00,0.00,0.00,Stadio Alberto Braglia
1419775200,Dec 28 2014 - 2:00pm,complete,9721,Perugia,Cittadella,N/A,21,1.70,0.70,1.91,1.05,3,1,4,1,1,0,"38,48,90'4","63",8,1,3,0,3,0,2,1,1,2,15,12,9,3,6,9,15,21,54,46,0.00,0.00,0.00,0.00,2.40,65,65,45,30,5,45,60,35,70,9.00,7.10,1.76,3.44,5.86,0.00,0.00,0.00,0.00,0.00,0.00,Stadio Renato Curi
1419775200,Dec 28 2014 - 2:00pm,complete,3175,Pro Vercelli,Trapani,N/A,21,2.22,0.60,1.76,0.43,1,0,1,1,1,0,"30","",12,7,4,0,1,1,2,2,1,1,18,17,5,6,13,11,17,7,52,48,0.00,0.00,0.00,0.00,3.24,57,84,73,42,21,41,84,47,90,11.33,6.11,2.21,3.27,3.67,0.00,0.00,0.00,0.00,0.00,0.00,Stadio Silvio Piola
1419775200,Dec 28 2014 - 2:00pm,complete,2710,Varese,Ternana,N/A,21,1.90,1.50,1.29,1.33,2,0,2,1,1,0,"16,78","",5,2,2,0,2,1,2,0,0,3,8,9,5,6,3,3,21,17,57,43,0.00,0.00,0.00,0.00,2.75,70,75,55,30,10,35,80,50,75,9.40,5.70,2.46,3.04,3.39,0.00,0.00,0.00,0.00,0.00,0.00,Stadio Franco Ossola
1419775200,Dec 28 2014 - 2:00pm,complete,2309,Virtus Entella,Crotone,N/A,21,1.60,0.78,1.45,0.57,1,1,2,1,1,0,"35","54",7,1,1,0,3,0,1,0,0,3,11,7,6,4,5,3,19,17,51,49,0.00,0.00,0.00,0.00,1.91,48,64,32,6,0,22,54,37,69,9.26,5.64,2.35,3.04,3.62,0.00,0.00,0.00,0.00,0.00,0.00,Stadio Comunale Chiavari
1419775200,Dec 28 2014 - 2:00pm,complete,3776,Virtus Lanciano,Bologna,N/A,21,1.70,1.30,1.52,1.57,1,2,3,0,0,0,"51","64,73",4,4,0,0,3,0,0,0,2,1,11,11,6,4,5,7,10,17,41,59,0.00,0.00,0.00,0.00,2.55,60,75,40,30,15,35,55,40,75,8.50,6.60,2.59,3.05,3.16,0.00,0.00,0.00,0.00,0.00,0.00,Stadio Comunale Guido Biondi
1419775200,Dec 28 2014 - 2:00pm,complete,4675,Frosinone,Vicenza,N/A,21,1.90,0.89,2.29,1.27,1,0,1,0,0,0,"64","",2,7,3,2,1,2,2,3,0,3,9,6,5,0,4,6,18,16,47,53,0.00,0.00,0.00,0.00,2.49,53,64,44,32,16,16,59,48,79,8.67,6.21,1.65,3.70,6.44,0.00,0.00,0.00,0.00,0.00,0.00,Stadio Comunale Matusa (Frosinone)
1419786000,Dec 28 2014 - 5:00pm,complete,6017,Livorno,Pescara,N/A,21,2.10,1.20,1.86,1.42,1,2,3,2,1,1,"36","45'3,80",1,5,6,0,4,0,0,6,0,4,8,7,3,4,5,3,15,12,51,49,0.00,0.00,0.00,0.00,3.10,65,80,55,45,25,30,70,60,90,7.20,6.80,2.02,3.27,4.35,0.00,0.00,0.00,0.00,0.00,0.00,Stadio Armando Picchi
1421503200,Jan 17 2015 - 2:00pm,complete,4548,Brescia,Frosinone,N/A,22,1.30,1.20,1.48,1.10,3,1,4,1,1,0,"7,53,90'6","80",5,8,3,0,3,0,2,1,1,2,11,14,8,9,3,5,18,13,48,52,0.00,0.00,0.00,0.00,2.60,60,70,50,25,15,25,60,45,75,8.70,7.60,2.61,3.17,3.01,0.00,0.00,0.00,0.00,0.00,0.00,Stadio Mario Rigamonti
1421503200,Jan 17 2015 - 2:00pm,complete,3589,Ternana,Crotone,N/A,22,1.00,0.80,1.10,0.57,2,1,3,1,1,0,"5,52","88",1,6,4,1,1,0,2,3,1,0,9,21,5,8,4,13,19,10,35,65,0.00,0.00,0.00,0.00,2.05,50,60,35,15,0,30,60,25,75,9.30,5.80,2.24,3.18,3.71,0.00,0.00,0.00,0.00,0.00,0.00,Stadio Libero Liberati
1421503200,Jan 17 2015 - 2:00pm,complete,2687,Virtus Lanciano,Catania,N/A,22,1.55,0.20,1.52,0.57,3,0,3,1,1,0,"43,54,69","",1,1,3,1,5,0,1,3,3,2,14,14,6,5,8,9,18,13,44,56,0.00,0.00,0.00,0.00,2.82,57,76,43,34,20,38,72,38,82,8.72,6.99,2.15,3.35,3.75,0.00,0.00,0.00,0.00,0.00,0.00,Stadio Comunale Guido Biondi
1421503200,Jan 17 2015 - 2:00pm,complete,3200,Pro Vercelli,Avellino,N/A,22,2.30,1.10,1.76,1.13,1,1,2,0,0,0,"85","61",3,3,2,0,4,0,1,1,1,3,10,14,4,6,6,8,21,19,53,47,0.00,0.00,0.00,0.00,2.50,45,65,55,35,15,35,70,35,70,10.80,6.40,2.24,3.15,3.75,0.00,0.00,0.00,0.00,0.00,0.00,Stadio Silvio Piola
1421503200,Jan 17 2015 - 2:00pm,complete,2328,Cittadella,Modena,N/A,22,1.20,0.90,1.05,0.82,1,1,2,1,0,1,"65","7",9,3,2,0,3,0,1,1,2,1,13,6,7,4,6,2,14,20,54,46,0.00,0.00,0.00,0.00,2.50,60,75,35,25,20,40,70,30,75,7.10,7.00,3.03,3.11,2.64,0.00,0.00,0.00,0.00,0.00,0.00,Stadio Pier Cesare Tombolato
1421503200,Jan 17 2015 - 2:00pm,complete,5984,Spezia,Varese,N/A,22,1.90,0.30,1.82,0.57,1,1,2,0,0,0,"89","79",5,0,1,0,2,0,1,0,1,1,11,11,5,5,6,6,18,21,54,46,0.00,0.00,0.00,0.00,2.45,50,75,45,15,10,30,75,35,75,10.30,6.40,1.83,3.43,5.23,0.00,0.00,0.00,0.00,0.00,0.00,Stadio Alberto Picco
1421503200,Jan 17 2015 - 2:00pm,complete,4646,Trapani,Pescara,N/A,22,2.40,1.36,2.10,1.42,2,4,6,3,1,2,"18,46","12,34,54,62",5,4,1,0,3,0,0,1,0,3,18,15,6,5,12,10,15,19,61,39,0.00,0.00,0.00,0.00,3.58,86,95,82,58,24,43,86,72,100,10.45,6.72,2.43,3.37,3.10,0.00,0.00,0.00,0.00,0.00,0.00,Stadio Polisportivo Provinciale
1421503200,Jan 17 2015 - 2:00pm,complete,17035,Bari 1908,Virtus Entella,N/A,22,1.40,0.70,1.71,0.77,0,0,0,0,0,0,"","",6,1,1,0,2,0,1,0,1,1,20,6,7,3,13,3,22,17,56,44,0.00,0.00,0.00,0.00,2.60,50,75,40,25,10,25,85,30,70,10.00,6.40,1.85,3.44,5.04,0.00,0.00,0.00,0.00,0.00,0.00,Stadio Comunale San Nicola
1421503200,Jan 17 2015 - 2:00pm,complete,3016,Latina,Vicenza,N/A,22,1.30,0.80,1.48,1.27,0,0,0,0,0,0,"","",8,4,2,0,2,0,1,1,1,1,9,8,6,3,3,5,17,17,53,47,0.00,0.00,0.00,0.00,2.40,60,65,45,25,10,30,55,40,85,10.10,6.00,2.09,3.14,4.28,0.00,0.00,0.00,0.00,0.00,0.00,Stadio Comunale Domenico Francioni
1421600400,Jan 18 2015 - 5:00pm,complete,3536,Carpi,Livorno,N/A,22,2.60,1.00,2.05,0.95,1,2,3,1,0,1,"88","17,53",14,5,5,0,1,1,1,4,1,1,13,8,8,5,5,3,12,20,59,41,0.00,0.00,0.00,0.00,2.60,45,60,45,35,15,35,55,40,75,8.80,7.80,2.21,3.07,3.97,0.00,0.00,0.00,0.00,0.00,0.00,Stadio Sandro Cabassi
1421695800,Jan 19 2015 - 7:30pm,complete,16099,Bologna,Perugia,N/A,22,1.80,0.90,1.61,1.14,2,1,3,1,1,0,"38,79","86",2,8,4,0,3,0,1,3,0,3,12,6,6,2,6,4,17,15,46,54,0.00,0.00,0.00,0.00,2.10,40,75,40,15,0,15,65,45,75,9.10,5.30,2.10,3.23,4.11,0.00,0.00,0.00,0.00,0.00,0.00,Stadio Renato Dall'Ara
1422041400,Jan 23 2015 - 7:30pm,complete,12470,Catania,Pro Vercelli,N/A,23,1.73,0.64,1.76,0.57,4,0,4,3,3,0,"6,16,33,58","",-1,-1,2,0,5,0,1,1,3,2,-1,-1,-1,-1,-1,-1,-1,-1,-1,-1,0.00,0.00,0.00,0.00,2.82,59,73,59,32,14,36,64,46,82,7.64,6.82,2.10,3.21,4.11,0.00,0.00,0.00,0.00,0.00,0.00,Stadio Angelo Massimino
1422108000,Jan 24 2015 - 2:00pm,complete,9947,Perugia,Bari 1908,N/A,23,1.82,1.00,1.91,0.86,1,1,2,1,0,1,"70","12",-1,-1,3,0,3,1,1,2,1,3,-1,-1,-1,-1,-1,-1,-1,-1,-1,-1,0.00,0.00,0.00,0.00,2.36,50,69,50,23,5,27,59,41,87,11.64,6.54,2.32,3.07,3.66,0.00,0.00,0.00,0.00,0.00,0.00,Stadio Renato Curi
1422108000,Jan 24 2015 - 2:00pm,complete,3085,Virtus Entella,Bologna,N/A,23,1.55,1.45,1.45,1.57,1,2,3,2,1,1,"41","45,48",-1,-1,2,0,2,0,0,2,0,2,-1,-1,-1,-1,-1,-1,-1,-1,-1,-1,0.00,0.00,0.00,0.00,2.05,55,64,37,14,9,14,36,46,78,8.55,6.27,3.99,3.12,2.17,0.00,0.00,0.00,0.00,0.00,0.00,Stadio Comunale Chiavari
1422108000,Jan 24 2015 - 2:00pm,complete,6620,Livorno,Brescia,N/A,23,1.91,0.91,1.86,0.81,4,2,6,3,2,1,"15,29,55,90","7,59",-1,-1,2,0,1,0,0,2,0,1,-1,-1,-1,-1,-1,-1,-1,-1,-1,-1,0.00,0.00,0.00,0.00,2.55,55,69,36,27,18,23,64,36,87,10.28,6.54,2.07,3.15,4.35,0.00,0.00,0.00,0.00,0.00,0.00,Stadio Armando Picchi
1422108000,Jan 24 2015 - 2:00pm,complete,2890,Varese,Carpi,N/A,23,2.00,1.55,1.29,1.76,0,1,1,1,0,1,"","24",-1,-1,3,0,4,0,0,3,2,2,-1,-1,-1,-1,-1,-1,-1,-1,-1,-1,0.00,0.00,0.00,0.00,2.82,64,82,46,27,18,36,78,46,82,10.37,5.73,3.76,3.12,2.25,0.00,0.00,0.00,0.00,0.00,0.00,Stadio Franco Ossola
1422108000,Jan 24 2015 - 2:00pm,complete,5000,Avellino,Cittadella,N/A,23,1.91,0.64,1.77,1.05,1,2,3,3,1,2,"44","26,42",-1,-1,3,0,3,0,1,2,2,1,-1,-1,-1,-1,-1,-1,-1,-1,-1,-1,0.00,0.00,0.00,0.00,2.09,55,59,32,18,5,27,69,32,64,10.18,6.09,1.66,3.49,7.01,0.00,0.00,0.00,0.00,0.00,0.00,Stadio Partenio-Adriano Lombardi
1422108000,Jan 24 2015 - 2:00pm,complete,3857,Crotone,Latina,N/A,23,1.18,0.64,1.71,0.90,2,1,3,2,1,1,"40,73","44",-1,-1,2,0,2,1,1,1,0,3,-1,-1,-1,-1,-1,-1,-1,-1,-1,-1,0.00,0.00,0.00,0.00,1.96,50,64,27,14,9,18,64,27,68,9.37,5.91,2.46,3.00,3.46,0.00,0.00,0.00,0.00,0.00,0.00,Stadio Ezio Scida
1422108000,Jan 24 2015 - 2:00pm,complete,4351,Frosinone,Spezia,N/A,23,2.00,1.27,2.29,1.29,1,1,2,1,1,0,"18","55",-1,-1,2,0,2,0,2,0,0,2,-1,-1,-1,-1,-1,-1,-1,-1,-1,-1,0.00,0.00,0.00,0.00,1.96,36,50,27,14,14,5,32,41,78,8.18,6.00,2.19,3.10,3.98,0.00,0.00,0.00,0.00,0.00,0.00,Stadio Comunale Matusa (Frosinone)
1422108000,Jan 24 2015 - 2:00pm,complete,6015,Pescara,Ternana,N/A,23,1.30,1.36,1.57,1.33,1,2,3,2,1,1,"9","2,70",-1,-1,2,0,2,0,0,2,1,1,-1,-1,-1,-1,-1,-1,-1,-1,-1,-1,0.00,0.00,0.00,0.00,2.35,43,72,43,24,10,24,71,48,67,8.96,6.59,2.07,3.25,4.21,0.00,0.00,0.00,0.00,0.00,0.00,Stadio Adriatico-Giovanni Cornacchia
1422108000,Jan 24 2015 - 2:00pm,complete,6737,Vicenza,Trapani,N/A,23,1.73,0.55,1.86,0.43,3,0,3,2,2,0,"7,40,81","",-1,-1,0,0,3,1,0,0,0,4,-1,-1,-1,-1,-1,-1,-1,-1,-1,-1,0.00,0.00,0.00,0.00,2.46,50,64,50,23,14,32,73,27,73,11.45,5.73,2.44,3.11,3.35,0.00,0.00,0.00,0.00,0.00,0.00,Stadio Romeo Menti
1422185400,Jan 25 2015 - 11:30am,complete,4805,Modena,Virtus Lanciano,N/A,23,1.64,1.30,1.41,0.86,1,1,2,0,0,0,"85","56",5,9,3,0,1,0,1,2,1,0,5,4,5,4,0,0,17,18,51,49,0.00,0.00,0.00,0.00,2.03,53,63,24,15,15,15,43,34,77,11.17,6.74,2.41,3.05,3.47,0.00,0.00,0.00,0.00,0.00,0.00,Stadio Alberto Braglia
1422646200,Jan 30 2015 - 7:30pm,complete,16647,Bari 1908,Frosinone,N/A,24,1.36,1.09,1.71,1.10,4,0,4,2,2,0,"2,45'1,52,82","",3,6,2,0,4,1,1,1,2,3,12,18,6,12,6,6,13,13,45,55,0.00,0.00,0.00,0.00,2.46,46,69,41,23,14,23,64,36,78,10.64,7.63,2.54,2.96,3.35,0.00,0.00,0.00,0.00,0.00,0.00,Stadio Comunale San Nicola
1422712800,Jan 31 2015 - 2:00pm,complete,2617,Carpi,Crotone,N/A,24,2.36,0.73,2.05,0.57,2,1,3,1,0,1,"49,78","4",13,5,4,0,4,0,2,2,3,1,19,6,7,2,12,4,23,24,52,48,0.00,0.00,0.00,0.00,2.68,60,69,55,27,9,36,73,36,73,10.00,7.00,1.75,3.40,6.03,0.00,0.00,0.00,0.00,0.00,0.00,Stadio Sandro Cabassi
1422712800,Jan 31 2015 - 2:00pm,complete,2704,Latina,Livorno,N/A,24,1.27,1.18,1.48,0.95,3,2,5,2,1,1,"25,56,81","14,78",8,6,5,1,3,2,1,5,1,4,18,6,13,2,5,4,13,17,54,46,0.00,0.00,0.00,0.00,2.09,55,64,32,14,9,27,45,41,82,10.36,6.64,3.34,2.94,2.56,0.00,0.00,0.00,0.00,0.00,0.00,Stadio Comunale Domenico Francioni
1422712800,Jan 31 2015 - 2:00pm,complete,2640,Pro Vercelli,Modena,N/A,24,2.18,0.91,1.76,0.82,1,1,2,2,1,1,"17","42",7,5,3,0,3,0,1,2,1,2,11,16,6,6,5,10,17,17,53,47,0.00,0.00,0.00,0.00,2.23,41,73,32,18,9,23,69,32,78,9.28,6.64,2.56,2.95,3.32,0.00,0.00,0.00,0.00,0.00,0.00,Stadio Silvio Piola
1422712800,Jan 31 2015 - 2:00pm,complete,13627,Catania,Perugia,N/A,24,1.83,0.82,1.76,1.14,2,0,2,1,1,0,"22,50","",4,6,3,0,4,1,2,1,1,4,13,12,8,6,5,6,17,21,45,55,0.00,0.00,0.00,0.00,2.75,56,78,56,38,13,26,65,57,78,8.82,7.17,2.04,3.21,4.38,0.00,0.00,0.00,0.00,0.00,0.00,Stadio Angelo Massimino
1422712800,Jan 31 2015 - 2:00pm,complete,16179,Bologna,Pescara,N/A,24,1.91,1.50,1.61,1.42,0,0,0,0,0,0,"","",11,7,1,0,1,0,1,0,0,1,16,12,8,5,8,7,9,16,59,41,0.00,0.00,0.00,0.00,2.97,64,91,65,30,13,34,87,56,91,8.49,6.11,1.92,3.31,4.84,0.00,0.00,0.00,0.00,0.00,0.00,Stadio Renato Dall'Ara
1422712800,Jan 31 2015 - 2:00pm,complete,2220,Cittadella,Trapani,N/A,24,1.18,0.50,1.05,0.43,1,0,1,1,1,0,"42","",0,4,4,0,7,2,3,1,4,5,12,5,7,2,5,3,27,22,48,52,0.00,0.00,0.00,0.00,3.21,75,83,64,39,26,52,87,39,83,10.00,6.44,2.20,3.21,3.78,0.00,0.00,0.00,0.00,0.00,0.00,Stadio Pier Cesare Tombolato
1422712800,Jan 31 2015 - 2:00pm,complete,2407,Virtus Lanciano,Varese,N/A,24,1.67,0.36,1.52,0.57,1,2,3,1,0,1,"90'3","22,74",7,0,3,0,1,0,0,3,0,1,19,3,10,2,9,1,15,17,59,41,0.00,0.00,0.00,0.00,2.56,52,83,39,22,9,35,70,44,79,8.41,5.42,1.91,3.18,5.23,0.00,0.00,0.00,0.00,0.00,0.00,Stadio Comunale Guido Biondi
1422712800,Jan 31 2015 - 2:00pm,complete,4705,Brescia,Virtus Entella,N/A,24,1.45,0.73,1.48,0.77,3,0,3,1,1,0,"16,63,77","",8,2,4,0,1,0,3,1,1,0,12,4,4,2,8,2,15,11,59,41,0.00,0.00,0.00,0.00,2.64,64,73,50,32,9,23,78,41,64,8.18,5.91,1.97,3.14,4.89,0.00,0.00,0.00,0.00,0.00,0.00,Stadio Mario Rigamonti
1422712800,Jan 31 2015 - 2:00pm,complete,3836,Ternana,Vicenza,N/A,24,1.18,0.82,1.10,1.27,0,2,2,1,0,1,"","19,76",6,6,1,0,3,0,1,0,2,1,12,7,4,2,8,5,13,11,50,50,0.00,0.00,0.00,0.00,2.18,45,55,46,27,5,23,55,36,78,8.73,5.82,2.18,3.01,4.17,0.00,0.00,0.00,0.00,0.00,0.00,Stadio Libero Liberati
1422905400,Feb 02 2015 - 7:30pm,complete,6015,Spezia,Avellino,N/A,24,1.82,1.09,1.82,1.13,0,1,1,1,0,1,"","9",8,4,2,1,3,0,0,3,1,2,15,9,7,5,8,4,13,22,60,40,0.00,0.00,0.00,0.00,2.45,64,73,50,23,14,36,64,36,69,9.73,6.27,2.32,2.99,3.78,0.00,0.00,0.00,0.00,0.00,0.00,Stadio Alberto Picco
1423251000,Feb 06 2015 - 7:30pm,complete,4339,Trapani,Carpi,N/A,25,2.18,1.67,2.10,1.76,0,0,0,0,0,0,"","",3,5,2,0,1,0,0,2,1,0,9,10,6,3,3,7,19,13,42,58,0.00,0.00,0.00,0.00,3.13,67,79,58,45,27,35,79,58,84,11.28,5.98,3.76,3.18,2.22,0.00,0.00,0.00,0.00,0.00,0.00,Stadio Polisportivo Provinciale
1423317600,Feb 07 2015 - 2:00pm,complete,6126,Livorno,Bari 1908,N/A,25,2.00,1.00,1.86,0.86,5,2,7,2,2,0,"5,10,66,89,90'1","80,81",8,7,2,0,7,0,1,1,2,5,12,10,4,3,8,7,16,20,41,59,0.00,0.00,0.00,0.00,2.75,54,75,46,25,21,25,67,46,92,9.19,6.67,2.31,3.07,3.70,0.00,0.00,0.00,0.00,0.00,0.00,Stadio Armando Picchi
1423317600,Feb 07 2015 - 2:00pm,complete,4522,Crotone,Bologna,N/A,25,1.33,1.58,1.71,1.57,0,2,2,1,0,1,"","24,53",6,4,1,0,3,0,1,0,1,2,8,5,3,4,5,1,12,20,60,40,0.00,0.00,0.00,0.00,2.59,63,75,54,25,17,25,58,46,88,8.37,6.67,3.63,2.98,2.39,0.00,0.00,0.00,0.00,0.00,0.00,Stadio Ezio Scida
1423317600,Feb 07 2015 - 2:00pm,complete,5047,Pescara,Cittadella,N/A,25,1.18,0.83,1.57,1.05,1,1,2,1,0,1,"90'5","28",6,2,0,0,1,0,0,0,1,0,11,10,6,6,5,4,15,15,51,49,0.00,0.00,0.00,0.00,2.74,64,83,53,30,13,43,74,49,70,8.60,7.19,1.82,3.36,5.45,0.00,0.00,0.00,0.00,0.00,0.00,Stadio Adriatico-Giovanni Cornacchia
1423317600,Feb 07 2015 - 2:00pm,complete,6000,Avellino,Latina,N/A,25,1.75,0.58,1.77,0.90,1,0,1,0,0,0,"75","",3,6,3,1,3,1,1,3,1,3,9,14,4,7,5,7,20,22,40,60,0.00,0.00,0.00,0.00,1.46,42,46,21,0,0,21,54,13,50,11.82,5.42,2.17,2.95,4.32,0.00,0.00,0.00,0.00,0.00,0.00,Stadio Partenio-Adriano Lombardi
1423317600,Feb 07 2015 - 2:00pm,complete,2483,Varese,Pro Vercelli,N/A,25,1.83,0.58,1.29,0.57,1,1,2,0,0,0,"89","60",8,2,0,0,1,1,0,0,1,1,15,10,8,6,7,4,10,16,56,44,0.00,0.00,0.00,0.00,2.71,59,75,54,25,9,42,71,38,83,8.91,5.33,2.51,2.96,3.40,0.00,0.00,0.00,0.00,0.00,0.00,Stadio Franco Ossola
1423317600,Feb 07 2015 - 2:00pm,complete,3300,Virtus Entella,Spezia,N/A,25,1.42,1.25,1.45,1.29,2,0,2,0,0,0,"77,86","",4,12,2,0,2,0,1,1,1,1,14,13,9,7,5,6,17,22,47,53,0.00,0.00,0.00,0.00,1.79,42,59,29,4,4,9,38,38,75,8.36,4.75,3.26,2.92,2.62,0.00,0.00,0.00,0.00,0.00,0.00,Stadio Comunale Chiavari
1423317600,Feb 07 2015 - 2:00pm,complete,3914,Frosinone,Virtus Lanciano,N/A,25,1.92,1.27,2.29,0.86,2,1,3,1,0,1,"53,72","10",3,3,3,0,1,0,0,3,1,0,11,8,5,4,6,4,16,14,60,40,0.00,0.00,0.00,0.00,2.36,62,66,22,22,22,13,48,39,87,10.00,6.99,2.17,3.05,4.15,0.00,0.00,0.00,0.00,0.00,0.00,Stadio Comunale Matusa (Frosinone)
1423317600,Feb 07 2015 - 2:00pm,complete,7629,Vicenza,Perugia,N/A,25,1.83,0.75,1.86,1.14,3,1,4,1,0,1,"47,58,73","24",4,0,3,0,3,0,1,2,3,0,9,2,0,2,9,0,19,32,60,40,0.00,0.00,0.00,0.00,1.75,34,63,29,9,0,13,58,29,71,10.69,5.75,2.65,2.93,3.22,0.00,0.00,0.00,0.00,0.00,0.00,Stadio Romeo Menti
1423414800,Feb 08 2015 - 5:00pm,complete,3837,Ternana,Brescia,N/A,25,1.08,0.83,1.10,0.81,2,1,3,1,0,1,"68,69","24",1,3,0,0,3,0,0,0,2,1,12,8,6,5,6,3,20,5,47,53,0.00,0.00,0.00,0.00,2.29,50,67,33,21,9,25,67,29,88,11.56,5.66,2.72,2.94,3.10,0.00,0.00,0.00,0.00,0.00,0.00,Stadio Libero Liberati
1423855800,Feb 13 2015 - 7:30pm,complete,9839,Perugia,Modena,N/A,26,1.75,0.92,1.91,0.82,2,0,2,1,1,0,"43,78","",5,11,2,0,4,0,1,1,3,1,6,8,3,7,3,1,14,23,48,52,0.00,0.00,0.00,0.00,2.13,54,67,34,21,4,33,59,25,71,8.92,6.58,2.44,2.94,3.56,0.00,0.00,0.00,0.00,0.00,0.00,Stadio Renato Curi
1423922400,Feb 14 2015 - 2:00pm,complete,2469,Virtus Lanciano,Brescia,N/A,26,1.54,0.77,1.52,0.81,2,0,2,0,0,0,"54,65","",4,5,2,0,4,0,2,0,3,1,9,6,3,4,6,2,15,26,48,52,0.00,0.00,0.00,0.00,2.70,62,85,42,23,12,31,77,42,85,11.11,5.46,2.19,3.12,3.95,0.00,0.00,0.00,0.00,0.00,0.00,Stadio Comunale Guido Biondi
1423922400,Feb 14 2015 - 2:00pm,complete,2195,Pro Vercelli,Cittadella,N/A,26,2.08,0.85,1.76,1.05,0,1,1,0,0,0,"","67",6,3,1,1,3,0,0,2,1,2,11,7,6,4,5,3,17,12,57,43,0.00,0.00,0.00,0.00,2.60,64,80,44,28,8,36,80,40,72,9.50,6.70,2.20,3.02,4.09,0.00,0.00,0.00,0.00,0.00,0.00,Stadio Silvio Piola
1423922400,Feb 14 2015 - 2:00pm,complete,6000,Avellino,Frosinone,N/A,26,1.85,1.00,1.77,1.10,3,0,3,1,1,0,"5,51,84","",6,2,3,0,5,0,1,2,3,2,16,15,4,5,12,10,18,16,49,51,0.00,0.00,0.00,0.00,2.19,41,57,41,21,9,24,61,33,69,11.08,6.96,2.50,2.92,3.47,0.00,0.00,0.00,0.00,0.00,0.00,Stadio Partenio-Adriano Lombardi
1423922400,Feb 14 2015 - 2:00pm,complete,2570,Varese,Livorno,N/A,26,1.77,1.08,1.29,0.95,0,1,1,0,0,0,"","56",6,1,4,0,3,1,3,1,1,3,4,11,3,2,1,9,16,13,61,39,0.00,0.00,0.00,0.00,2.71,64,76,48,28,16,32,64,56,84,10.25,6.46,3.13,2.97,2.66,0.00,0.00,0.00,0.00,0.00,0.00,Stadio Franco Ossola
1423922400,Feb 14 2015 - 2:00pm,complete,3109,Latina,Pescara,N/A,26,1.42,1.46,1.48,1.42,2,0,2,0,0,0,"84,90","",12,2,3,0,3,1,1,2,3,1,25,9,13,3,12,6,14,20,60,40,0.00,0.00,0.00,0.00,2.78,72,80,51,32,20,44,68,48,88,10.27,6.54,2.39,2.95,3.66,0.00,0.00,0.00,0.00,0.00,0.00,Stadio Comunale Domenico Francioni
1423922400,Feb 14 2015 - 2:00pm,complete,2844,Carpi,Spezia,N/A,26,2.42,1.15,2.05,1.29,0,0,0,0,0,0,"","",5,6,3,0,2,0,1,2,1,1,15,10,7,6,8,4,21,22,62,38,0.00,0.00,0.00,0.00,2.47,45,61,49,25,13,21,49,44,76,10.42,6.45,2.00,3.12,4.76,0.00,0.00,0.00,0.00,0.00,0.00,Stadio Sandro Cabassi
1423922400,Feb 14 2015 - 2:00pm,complete,15246,Bologna,Ternana,N/A,26,1.83,1.50,1.61,1.33,0,0,0,0,0,0,"","",5,3,2,0,3,0,1,1,2,1,13,9,5,5,8,4,12,14,54,46,0.00,0.00,0.00,0.00,2.17,46,71,46,13,0,21,79,38,71,8.78,5.25,1.68,3.45,6.88,0.00,0.00,0.00,0.00,0.00,0.00,Stadio Renato Dall'Ara
1423922400,Feb 14 2015 - 2:00pm,complete,1782,Virtus Entella,Trapani,N/A,26,1.54,0.46,1.45,0.43,1,1,2,1,0,1,"52","25",6,2,2,0,3,0,1,1,1,2,15,8,7,5,8,3,10,23,55,45,0.00,0.00,0.00,0.00,2.54,54,73,50,19,12,35,69,38,77,9.91,5.70,2.49,3.10,3.27,0.00,0.00,0.00,0.00,0.00,0.00,Stadio Comunale Chiavari
1423922400,Feb 14 2015 - 2:00pm,complete,16337,Bari 1908,Vicenza,N/A,26,1.50,1.00,1.71,1.27,0,1,1,0,0,0,"","73",0,3,4,0,4,0,2,2,1,3,8,7,3,3,5,4,17,22,46,54,0.00,0.00,0.00,0.00,2.29,38,63,42,25,8,21,63,38,75,10.42,6.25,1.89,3.15,5.41,0.00,0.00,0.00,0.00,0.00,0.00,Stadio Comunale San Nicola
1424115000,Feb 16 2015 - 7:30pm,complete,15443,Catania,Crotone,N/A,26,1.92,0.67,1.76,0.57,1,1,2,1,0,1,"90'2","4",10,5,3,0,4,1,2,1,2,3,14,5,5,2,9,3,11,16,63,37,0.00,0.00,0.00,0.00,2.86,65,80,60,31,12,32,76,48,80,8.92,7.25,1.69,3.51,6.52,0.00,0.00,0.00,0.00,0.00,0.00,Stadio Angelo Massimino
1424527200,Feb 21 2015 - 2:00pm,complete,3997,Cittadella,Bologna,N/A,27,1.33,1.69,1.05,1.57,0,1,1,1,0,1,"","41",2,10,1,0,3,0,1,0,2,1,8,11,4,5,4,6,20,20,43,57,0.00,0.00,0.00,0.00,2.61,69,72,48,28,20,33,61,40,80,8.09,7.25,3.41,2.96,2.51,0.00,0.00,0.00,0.00,0.00,0.00,Stadio Pier Cesare Tombolato
1424527200,Feb 21 2015 - 2:00pm,complete,4375,Ternana,Latina,N/A,27,1.23,0.54,1.10,0.90,0,2,2,1,0,1,"","12,87",7,1,4,1,1,0,1,4,1,0,10,11,3,6,7,5,14,10,57,43,0.00,0.00,0.00,0.00,1.73,46,54,27,8,0,23,54,20,70,9.29,5.69,2.62,2.87,3.32,0.00,0.00,0.00,0.00,0.00,0.00,Stadio Libero Liberati
1424527200,Feb 21 2015 - 2:00pm,complete,5509,Spezia,Modena,N/A,27,1.67,0.85,1.82,0.82,3,2,5,2,1,1,"34,87,90","9,62",7,3,2,1,4,0,1,2,2,2,6,5,4,2,2,3,18,18,54,46,0.00,0.00,0.00,0.00,2.17,52,76,29,8,8,28,72,24,68,9.62,6.54,2.53,2.92,3.42,0.00,0.00,0.00,0.00,0.00,0.00,Stadio Alberto Picco
1424527200,Feb 21 2015 - 2:00pm,complete,4494,Brescia,Perugia,N/A,27,1.58,0.69,1.48,1.14,1,2,3,1,1,0,"39","47,76",2,0,4,0,1,0,1,3,0,1,6,13,2,7,4,6,23,13,49,51,0.00,0.00,0.00,0.00,2.41,57,76,48,24,4,13,65,56,76,9.33,6.40,2.63,2.97,3.18,0.00,0.00,0.00,0.00,0.00,0.00,Stadio Mario Rigamonti
1424527200,Feb 21 2015 - 2:00pm,complete,3817,Frosinone,Pro Vercelli,N/A,27,2.00,0.62,2.29,0.57,3,2,5,2,2,0,"11,40,60","48,81",3,6,1,0,1,0,1,0,0,1,11,17,7,10,4,7,14,10,53,47,0.00,0.00,0.00,0.00,2.23,50,66,35,15,8,23,54,35,85,7.58,5.92,1.98,3.08,5.00,0.00,0.00,0.00,0.00,0.00,0.00,Stadio Comunale Matusa (Frosinone)
1424527200,Feb 21 2015 - 2:00pm,complete,3894,Trapani,Varese,N/A,27,2.08,0.58,2.10,0.57,0,0,0,0,0,0,"","",4,5,4,0,4,0,3,1,2,2,8,5,3,2,5,3,16,18,62,38,0.00,0.00,0.00,0.00,3.05,67,79,63,42,21,34,71,63,88,10.00,5.59,2.28,3.10,3.71,0.00,0.00,0.00,0.00,0.00,0.00,Stadio Polisportivo Provinciale
1424527200,Feb 21 2015 - 2:00pm,complete,2513,Carpi,Virtus Entella,N/A,27,2.31,0.67,2.05,0.77,0,0,0,0,0,0,"","",11,2,1,0,3,0,1,0,2,1,14,6,7,4,7,2,16,25,63,37,0.00,0.00,0.00,0.00,2.76,52,69,56,36,12,32,81,36,64,9.23,6.44,1.69,3.38,6.98,0.00,0.00,0.00,0.00,0.00,0.00,Stadio Sandro Cabassi
1424527200,Feb 21 2015 - 2:00pm,complete,7497,Vicenza,Crotone,N/A,27,1.92,0.69,1.86,0.57,1,0,1,0,0,0,"72","",6,4,1,0,3,0,0,1,2,1,9,5,4,0,5,5,17,19,53,47,0.00,0.00,0.00,0.00,2.00,50,66,39,8,0,19,70,27,73,10.54,5.92,2.08,3.05,4.48,0.00,0.00,0.00,0.00,0.00,0.00,Stadio Romeo Menti
1424538000,Feb 21 2015 - 5:00pm,complete,20828,Bari 1908,Virtus Lanciano,N/A,27,1.38,1.17,1.71,0.86,2,0,2,2,2,0,"33,37","",6,10,1,1,3,1,1,1,0,4,6,4,5,2,1,2,14,22,52,48,0.00,0.00,0.00,0.00,2.41,53,69,32,20,17,20,56,41,85,10.85,6.81,2.34,3.00,3.70,0.00,0.00,0.00,0.00,0.00,0.00,Stadio Comunale San Nicola
1424604600,Feb 22 2015 - 11:30am,complete,8940,Livorno,Avellino,N/A,27,2.08,1.25,1.86,1.13,0,1,1,0,0,0,"","83",7,7,1,0,5,0,1,0,1,4,17,8,13,4,4,4,13,24,48,52,0.00,0.00,0.00,0.00,2.86,60,64,52,40,28,40,60,44,72,7.75,6.33,2.34,3.00,3.71,0.00,0.00,0.00,0.00,0.00,0.00,Stadio Armando Picchi
1424613600,Feb 22 2015 - 2:00pm,complete,5765,Pescara,Catania,N/A,27,1.17,0.18,1.57,0.57,1,0,1,0,0,0,"90'3","",8,7,5,1,1,0,3,3,0,1,12,6,2,3,10,3,19,11,41,59,0.00,0.00,0.00,0.00,2.75,48,74,53,31,22,30,70,48,83,9.28,7.99,2.62,3.04,3.12,0.00,0.00,0.00,0.00,0.00,0.00,Stadio Adriatico-Giovanni Cornacchia
1425060000,Feb 27 2015 - 6:00pm,complete,4092,Latina,Trapani,N/A,28,1.54,0.50,1.48,0.43,1,0,1,0,0,0,"90'1","",3,3,3,0,5,0,1,2,1,4,16,13,10,5,6,8,24,19,53,47,0.00,0.00,0.00,0.00,2.72,63,74,51,26,18,44,70,37,82,11.70,6.57,1.99,3.09,4.90,0.00,0.00,0.00,0.00,0.00,0.00,Stadio Comunale Domenico Francioni
1425067200,Feb 27 2015 - 8:00pm,complete,17138,Bologna,Vicenza,N/A,28,1.77,1.15,1.61,1.27,0,2,2,1,0,1,"","13,57",2,4,2,1,1,0,2,1,1,0,8,6,6,3,2,3,20,8,40,60,0.00,0.00,0.00,0.00,2.12,38,62,46,20,4,15,62,38,73,9.46,5.38,1.85,3.14,5.82,0.00,0.00,0.00,0.00,0.00,0.00,Stadio Renato Dall'Ara
1425132000,Feb 28 2015 - 2:00pm,complete,5646,Modena,Bari 1908,N/A,28,1.58,0.92,1.41,0.86,0,1,1,1,0,1,"","24",7,4,2,1,3,0,2,1,0,3,7,12,4,5,3,7,21,17,57,43,0.00,0.00,0.00,0.00,2.10,48,72,32,8,8,16,55,40,84,11.92,6.44,2.50,2.94,3.46,0.00,0.00,0.00,0.00,0.00,0.00,Stadio Alberto Braglia
1425132000,Feb 28 2015 - 2:00pm,complete,4162,Varese,Brescia,N/A,28,1.64,0.71,1.29,0.81,1,2,3,2,1,1,"25","5,74",6,1,3,0,6,0,1,2,3,3,14,7,9,3,5,4,18,26,47,53,0.00,0.00,0.00,0.00,2.72,64,79,43,25,14,29,71,47,90,12.31,5.64,2.52,2.98,3.35,0.00,0.00,0.00,0.00,0.00,0.00,Stadio Franco Ossola
1425132000,Feb 28 2015 - 2:00pm,complete,2879,Pro Vercelli,Carpi,N/A,28,1.92,1.62,1.76,1.76,0,0,0,0,0,0,"","",3,6,1,0,2,0,0,1,2,0,9,14,5,9,4,5,13,19,51,49,0.00,0.00,0.00,0.00,2.20,38,66,31,19,12,23,69,35,70,11.12,6.16,3.33,2.94,2.57,0.00,0.00,0.00,0.00,0.00,0.00,Stadio Silvio Piola
1425132000,Feb 28 2015 - 2:00pm,complete,2576,Virtus Lanciano,Cittadella,N/A,28,1.64,1.00,1.52,1.05,2,2,4,4,2,2,"19,24","3,35",3,5,3,0,2,0,2,1,1,1,12,6,4,4,8,2,23,21,47,53,0.00,0.00,0.00,0.00,2.68,68,86,43,25,7,40,75,43,75,7.56,5.93,2.01,3.08,4.80,0.00,0.00,0.00,0.00,0.00,0.00,Stadio Comunale Guido Biondi
1425132000,Feb 28 2015 - 2:00pm,complete,12251,Catania,Frosinone,N/A,28,1.86,0.92,1.76,1.10,1,2,3,1,1,0,"45","57,66",7,3,5,0,0,0,3,2,0,0,16,12,9,5,7,7,16,12,51,49,0.00,0.00,0.00,0.00,3.11,55,82,63,44,18,34,74,52,86,9.00,8.47,2.30,3.14,3.64,0.00,0.00,0.00,0.00,0.00,0.00,Stadio Angelo Massimino
1425132000,Feb 28 2015 - 2:00pm,complete,3970,Crotone,Livorno,N/A,28,1.23,1.23,1.71,0.95,1,0,1,1,1,0,"20","",2,4,2,0,4,0,0,2,1,3,9,12,2,5,7,7,16,20,47,53,0.00,0.00,0.00,0.00,2.47,50,74,42,23,15,23,66,46,89,8.83,6.62,3.26,2.98,2.57,0.00,0.00,0.00,0.00,0.00,0.00,Stadio Ezio Scida
1425132000,Feb 28 2015 - 2:00pm,complete,1900,Virtus Entella,Pescara,N/A,28,1.50,1.36,1.45,1.42,2,5,7,4,1,3,"19,81","12,14,45'2,63,67",3,4,4,1,1,0,0,5,0,1,7,17,2,10,5,7,14,14,47,53,0.00,0.00,0.00,0.00,2.50,61,82,43,22,11,29,65,50,86,8.63,5.64,2.71,2.92,3.14,0.00,0.00,0.00,0.00,0.00,0.00,Stadio Comunale Chiavari
1425132000,Feb 28 2015 - 2:00pm,complete,10750,Perugia,Spezia,N/A,28,1.85,1.14,1.91,1.29,2,1,3,2,2,0,"38,44","53",3,3,3,1,3,1,1,3,2,2,10,7,4,4,6,3,19,14,57,43,0.00,0.00,0.00,0.00,1.97,42,56,38,19,4,16,38,37,74,10.23,5.57,2.19,3.00,4.15,0.00,0.00,0.00,0.00,0.00,0.00,Stadio Renato Curi
1425132000,Feb 28 2015 - 2:00pm,complete,8000,Avellino,Ternana,N/A,28,1.93,1.46,1.77,1.33,1,1,2,2,1,1,"24","35",5,2,2,0,2,0,1,1,1,1,17,5,8,3,9,2,12,17,52,48,0.00,0.00,0.00,0.00,1.79,38,53,34,8,0,19,67,26,60,10.10,5.50,1.95,3.08,5.22,0.00,0.00,0.00,0.00,0.00,0.00,Stadio Partenio-Adriano Lombardi
1425411000,Mar 03 2015 - 7:30pm,complete,3639,Carpi,Avellino,N/A,29,2.21,1.38,2.05,1.13,2,0,2,1,1,0,"43,90'4","",5,9,3,0,2,0,2,1,0,2,12,11,4,7,8,4,22,10,45,55,0.00,0.00,0.00,0.00,2.44,52,56,52,34,15,37,59,34,63,10.58,6.95,2.24,2.97,4.04,0.00,0.00,0.00,0.00,0.00,0.00,Stadio Sandro Cabassi
1425411000,Mar 03 2015 - 7:30pm,complete,24730,Bari 1908,Catania,N/A,29,1.50,0.17,1.71,0.57,1,1,2,0,0,0,"90","84",4,3,3,0,1,0,1,2,0,1,13,6,9,4,4,2,16,23,58,42,0.00,0.00,0.00,0.00,2.45,36,61,40,24,16,27,66,36,82,9.71,7.72,2.39,3.01,3.59,0.00,0.00,0.00,0.00,0.00,0.00,Stadio Comunale San Nicola
1425411000,Mar 03 2015 - 7:30pm,complete,6421,Pescara,Crotone,N/A,29,1.31,0.64,1.57,0.57,2,1,3,0,0,0,"51,78","59",6,11,3,1,3,0,0,4,2,1,10,13,3,4,7,9,18,10,47,53,0.00,0.00,0.00,0.00,2.34,55,74,45,15,8,26,67,41,78,10.26,6.74,1.92,3.29,4.90,0.00,0.00,0.00,0.00,0.00,0.00,Stadio Adriatico-Giovanni Cornacchia
1425411000,Mar 03 2015 - 7:30pm,complete,14127,Bologna,Latina,N/A,29,1.64,0.71,1.61,0.90,0,0,0,0,0,0,"","",8,5,2,0,2,0,1,1,1,1,10,14,6,4,4,10,17,17,53,47,0.00,0.00,0.00,0.00,1.72,40,61,29,4,0,18,61,22,64,9.60,5.43,2.12,3.02,4.39,0.00,0.00,0.00,0.00,0.00,0.00,Stadio Renato Dall'Ara
1425411000,Mar 03 2015 - 7:30pm,complete,4732,Trapani,Livorno,N/A,29,2.00,1.14,2.10,0.95,0,0,0,0,0,0,"","",3,4,1,0,3,0,0,1,1,2,7,10,0,4,7,6,13,15,59,41,0.00,0.00,0.00,0.00,2.80,60,67,57,42,23,30,60,60,82,10.23,6.84,3.04,3.00,2.72,0.00,0.00,0.00,0.00,0.00,0.00,Stadio Polisportivo Provinciale
1425411000,Mar 03 2015 - 7:30pm,complete,8677,Brescia,Modena,N/A,29,1.46,0.79,1.48,0.82,0,1,1,1,0,1,"","45'1",5,3,2,1,4,0,3,0,2,2,19,7,12,4,7,3,13,15,49,51,0.00,0.00,0.00,0.00,2.45,60,78,42,19,11,26,70,42,74,8.50,6.80,2.45,2.98,3.49,0.00,0.00,0.00,0.00,0.00,0.00,Stadio Mario Rigamonti
1425411000,Mar 03 2015 - 7:30pm,complete,5588,Frosinone,Perugia,N/A,29,2.07,0.86,2.29,1.14,2,1,3,1,1,0,"15,78","84",2,5,3,0,3,0,2,1,2,1,9,13,4,7,5,6,18,17,48,52,0.00,0.00,0.00,0.00,2.29,54,72,36,21,11,11,61,50,83,8.25,6.07,2.26,3.06,3.83,0.00,0.00,0.00,0.00,0.00,0.00,Stadio Comunale Matusa (Frosinone)
1425411000,Mar 03 2015 - 7:30pm,complete,5468,Spezia,Pro Vercelli,N/A,29,1.77,0.57,1.82,0.57,5,2,7,4,2,2,"40,41,53,55,78","14,38",12,3,1,0,3,2,1,0,3,2,11,5,5,4,6,1,6,14,50,50,0.00,0.00,0.00,0.00,2.52,56,74,48,18,11,37,67,37,78,9.38,5.72,2.06,3.10,4.49,0.00,0.00,0.00,0.00,0.00,0.00,Stadio Alberto Picco
1425411000,Mar 03 2015 - 7:30pm,complete,2169,Cittadella,Varese,N/A,29,1.23,0.62,1.05,0.57,3,0,3,3,3,0,"12,30,41","",2,4,2,0,4,0,1,1,3,1,6,9,3,3,3,6,18,13,47,53,0.00,0.00,0.00,0.00,2.43,58,69,38,23,16,31,74,39,73,7.92,6.15,2.27,3.01,3.89,0.00,0.00,0.00,0.00,0.00,0.00,Stadio Pier Cesare Tombolato
1425411000,Mar 03 2015 - 7:30pm,complete,3964,Ternana,Virtus Entella,N/A,29,1.14,0.69,1.10,0.77,0,1,1,1,0,1,"","16",7,2,2,2,2,0,1,3,1,1,6,3,3,2,3,1,18,12,61,39,0.00,0.00,0.00,0.00,2.27,45,67,41,23,4,22,75,30,70,7.71,5.26,2.22,2.99,4.06,0.00,0.00,0.00,0.00,0.00,0.00,Stadio Libero Liberati
1425411000,Mar 03 2015 - 7:30pm,complete,9427,Vicenza,Virtus Lanciano,N/A,29,2.00,1.08,1.86,0.86,2,2,4,1,0,1,"53,88","37,75",5,6,1,1,5,1,1,1,2,4,9,7,9,3,0,4,18,20,58,42,0.00,0.00,0.00,0.00,2.13,49,64,30,15,12,19,56,30,78,11.54,6.05,2.39,2.95,3.69,0.00,0.00,0.00,0.00,0.00,0.00,Stadio Romeo Menti
1425736800,Mar 07 2015 - 2:00pm,complete,3349,Varese,Bologna,N/A,30,1.53,1.79,1.29,1.57,1,3,4,1,1,0,"45","60,65,82",3,10,3,0,4,0,1,2,1,3,3,18,0,9,3,9,9,18,33,67,0.00,0.00,0.00,0.00,2.62,65,72,52,24,14,31,58,45,83,10.15,6.39,3.96,3.01,2.25,0.00,0.00,0.00,0.00,0.00,0.00,Stadio Franco Ossola
1425736800,Mar 07 2015 - 2:00pm,complete,2850,Pro Vercelli,Brescia,N/A,30,1.86,0.87,1.76,0.81,0,0,0,0,0,0,"","",1,4,1,0,4,0,0,1,2,2,6,15,3,12,3,3,20,11,43,57,0.00,0.00,0.00,0.00,2.37,48,72,38,21,10,24,69,38,82,12.22,6.26,2.60,2.95,3.26,0.00,0.00,0.00,0.00,0.00,0.00,Stadio Silvio Piola
1425736800,Mar 07 2015 - 2:00pm,complete,3782,Latina,Carpi,N/A,30,1.64,1.57,1.48,1.76,0,1,1,1,0,1,"","13",9,4,2,0,3,0,1,1,2,1,9,7,3,4,6,3,20,17,65,35,0.00,0.00,0.00,0.00,2.04,47,61,25,14,14,29,54,33,72,11.26,6.00,2.54,2.85,3.51,0.00,0.00,0.00,0.00,0.00,0.00,Stadio Comunale Domenico Francioni
1425736800,Mar 07 2015 - 2:00pm,complete,4772,Modena,Frosinone,N/A,30,1.46,1.07,1.41,1.10,1,0,1,1,1,0,"45","",3,4,2,0,3,0,2,0,1,2,9,14,5,5,4,9,20,15,43,57,0.00,0.00,0.00,0.00,2.16,44,67,40,18,7,19,55,44,74,10.23,6.90,2.56,2.91,3.38,0.00,0.00,0.00,0.00,0.00,0.00,Stadio Alberto Braglia
1425736800,Mar 07 2015 - 2:00pm,complete,11896,Catania,Spezia,N/A,30,1.73,1.07,1.76,1.29,2,2,4,0,0,0,"52,90","72,89",8,6,3,0,3,0,2,1,2,1,16,13,13,5,3,8,11,12,42,58,0.00,0.00,0.00,0.00,2.54,50,70,50,27,14,20,54,47,80,9.28,6.67,2.23,3.08,3.90,0.00,0.00,0.00,0.00,0.00,0.00,Stadio Angelo Massimino
1425736800,Mar 07 2015 - 2:00pm,complete,5622,Livorno,Ternana,N/A,30,1.93,1.43,1.86,1.33,3,1,4,3,2,1,"28,35,73","9",8,2,2,0,2,0,2,0,0,2,16,9,7,3,9,6,13,13,52,48,0.00,0.00,0.00,0.00,2.61,54,64,43,29,18,33,68,40,72,7.38,5.86,1.97,3.17,4.83,0.00,0.00,0.00,0.00,0.00,0.00,Stadio Armando Picchi
1425736800,Mar 07 2015 - 2:00pm,complete,3813,Crotone,Trapani,N/A,30,1.36,0.47,1.71,0.43,1,0,1,0,0,0,"70","",7,9,2,0,3,0,0,2,1,2,12,7,4,4,8,3,20,16,55,45,0.00,0.00,0.00,0.00,2.79,55,76,55,27,17,34,87,35,83,9.33,6.17,2.20,3.16,3.86,0.00,0.00,0.00,0.00,0.00,0.00,Stadio Ezio Scida
1425736800,Mar 07 2015 - 2:00pm,complete,9166,Perugia,Virtus Lanciano,N/A,30,1.93,1.07,1.91,0.86,0,0,0,0,0,0,"","",2,1,2,0,3,0,1,1,2,1,3,6,2,4,1,2,16,14,60,40,0.00,0.00,0.00,0.00,2.50,64,72,43,29,11,29,57,40,83,11.19,6.93,2.23,3.06,3.93,0.00,0.00,0.00,0.00,0.00,0.00,Stadio Renato Curi
1425736800,Mar 07 2015 - 2:00pm,complete,6292,Pescara,Vicenza,N/A,30,1.43,1.29,1.57,1.27,2,2,4,0,0,0,"58,81","66,90'1",6,6,1,0,2,0,0,1,0,2,8,10,4,6,4,4,23,9,45,55,0.00,0.00,0.00,0.00,2.36,43,68,47,25,11,22,57,43,79,9.92,6.43,2.27,3.05,3.81,0.00,0.00,0.00,0.00,0.00,0.00,Stadio Adriatico-Giovanni Cornacchia
1425747600,Mar 07 2015 - 5:00pm,complete,9000,Avellino,Bari 1908,N/A,30,1.87,1.07,1.77,0.86,2,0,2,1,1,0,"24,84","",8,5,2,0,2,0,1,1,1,1,17,12,10,7,7,5,16,20,51,49,0.00,0.00,0.00,0.00,2.12,42,63,35,7,7,21,70,32,73,12.26,6.18,2.35,2.93,3.80,0.00,0.00,0.00,0.00,0.00,0.00,Stadio Partenio-Adriano Lombardi
1425929400,Mar 09 2015 - 7:30pm,complete,1702,Virtus Entella,Cittadella,N/A,30,1.40,1.00,1.45,1.05,2,1,3,1,1,0,"20,80","88",1,6,2,0,3,0,1,1,1,2,8,15,4,8,4,7,13,16,44,56,0.00,0.00,0.00,0.00,2.43,67,77,37,20,7,34,67,37,74,7.86,5.80,2.66,2.95,3.18,0.00,0.00,0.00,0.00,0.00,0.00,Stadio Comunale Chiavari
1426008600,Mar 10 2015 - 5:30pm,complete,4573,Modena,Catania,N/A,25,1.57,0.23,1.41,0.57,0,0,0,0,0,0,"","",5,4,2,1,2,0,1,2,2,0,10,13,5,6,5,7,10,16,51,49,0.00,0.00,0.00,0.00,2.03,41,56,30,16,12,15,53,38,75,9.85,6.95,2.51,2.96,3.40,0.00,0.00,0.00,0.00,0.00,0.00,Stadio Alberto Braglia
1426275000,Mar 13 2015 - 7:30pm,complete,7507,Spezia,Livorno,N/A,31,1.86,1.13,1.82,0.95,3,0,3,0,0,0,"51,54,65","",8,5,3,0,2,0,1,2,2,0,13,4,3,3,10,1,13,13,49,51,0.00,0.00,0.00,0.00,2.47,52,66,42,21,17,28,63,45,72,10.57,6.93,2.61,3.03,3.14,0.00,0.00,0.00,0.00,0.00,0.00,Stadio Alberto Picco
1426341600,Mar 14 2015 - 2:00pm,complete,3900,Virtus Lanciano,Avellino,N/A,31,1.60,1.29,1.52,1.13,1,0,1,1,1,0,"33","",9,4,2,0,4,0,1,1,1,3,9,9,5,3,4,6,13,18,53,47,0.00,0.00,0.00,0.00,2.51,55,75,45,28,11,38,65,38,69,8.96,5.69,2.27,2.96,3.95,0.00,0.00,0.00,0.00,0.00,0.00,Stadio Comunale Guido Biondi
1426341600,Mar 14 2015 - 2:00pm,complete,2848,Cittadella,Crotone,N/A,31,1.36,0.60,1.05,0.57,0,0,0,0,0,0,"","",2,5,2,0,2,0,1,1,1,1,14,8,5,5,9,3,18,22,55,45,0.00,0.00,0.00,0.00,2.46,66,72,45,18,11,32,77,35,72,8.94,6.40,2.26,3.02,3.89,0.00,0.00,0.00,0.00,0.00,0.00,Stadio Pier Cesare Tombolato
1426341600,Mar 14 2015 - 2:00pm,complete,7420,Brescia,Latina,N/A,31,1.36,0.73,1.48,0.90,1,2,3,1,0,1,"52","45'1,76",4,3,2,0,4,0,1,1,1,3,9,9,5,4,4,5,18,19,54,46,0.00,0.00,0.00,0.00,1.95,52,59,35,11,4,17,59,32,62,9.50,6.36,2.61,2.88,3.34,0.00,0.00,0.00,0.00,0.00,0.00,Stadio Mario Rigamonti
1426341600,Mar 14 2015 - 2:00pm,complete,3048,Carpi,Pescara,N/A,31,2.27,1.47,2.05,1.42,1,2,3,0,0,0,"90'4","51,64",8,3,3,0,6,0,0,3,1,5,11,8,5,4,6,4,17,22,55,45,0.00,0.00,0.00,0.00,3.04,60,77,60,40,20,40,74,50,80,10.13,6.93,2.19,3.08,4.03,0.00,0.00,0.00,0.00,0.00,0.00,Stadio Sandro Cabassi
1426341600,Mar 14 2015 - 2:00pm,complete,9361,Perugia,Pro Vercelli,N/A,31,1.87,0.53,1.91,0.57,3,2,5,1,1,0,"19,55,67","78,89",2,4,3,0,2,0,1,2,2,0,11,4,7,3,4,1,16,14,53,47,0.00,0.00,0.00,0.00,2.47,53,67,50,27,7,40,57,34,80,8.64,5.94,2.08,3.10,4.42,0.00,0.00,0.00,0.00,0.00,0.00,Stadio Renato Curi
1426341600,Mar 14 2015 - 2:00pm,complete,4573,Trapani,Ternana,N/A,31,1.93,1.33,2.10,1.33,4,2,6,5,3,2,"7,10,39,74","14,20",7,5,3,0,4,0,1,2,3,1,7,9,4,6,3,3,15,12,54,46,0.00,0.00,0.00,0.00,2.64,62,69,56,39,15,35,72,46,70,9.14,5.51,2.22,3.15,3.88,0.00,0.00,0.00,0.00,0.00,0.00,Stadio Polisportivo Provinciale
1426341600,Mar 14 2015 - 2:00pm,complete,16483,Bari 1908,Varese,N/A,31,1.47,0.57,1.71,0.57,3,0,3,1,1,0,"35,48,82","",3,1,2,0,2,0,0,2,1,1,7,2,4,0,3,2,21,27,59,41,0.00,0.00,0.00,0.00,2.21,38,69,35,14,7,28,62,38,72,9.38,6.20,1.78,3.34,5.91,0.00,0.00,0.00,0.00,0.00,0.00,Stadio Comunale San Nicola
1426341600,Mar 14 2015 - 2:00pm,complete,4313,Frosinone,Virtus Entella,N/A,31,2.13,0.86,2.29,0.77,3,3,6,4,2,2,"36,41,67","14,33,90'2",12,2,5,2,1,1,3,4,0,2,16,12,7,6,9,6,27,14,59,41,0.00,0.00,0.00,0.00,2.38,52,66,38,25,14,17,73,38,69,7.22,5.64,1.74,3.36,6.35,0.00,0.00,0.00,0.00,0.00,0.00,Stadio Comunale Matusa (Frosinone)
1426428000,Mar 15 2015 - 2:00pm,complete,21436,Bologna,Modena,N/A,31,1.60,0.93,1.61,0.82,0,0,0,0,0,0,"","",4,2,3,0,5,0,1,2,1,4,18,6,5,3,13,3,16,12,56,44,0.00,0.00,0.00,0.00,2.00,40,70,30,10,7,23,70,27,67,8.80,5.87,2.19,2.98,4.20,0.00,0.00,0.00,0.00,0.00,0.00,Stadio Renato Dall'Ara
1426534200,Mar 16 2015 - 7:30pm,complete,8757,Vicenza,Catania,N/A,31,1.93,0.29,1.86,0.57,0,0,0,0,0,0,"","",1,1,1,0,3,0,0,1,0,3,10,4,7,3,3,1,7,18,60,40,0.00,0.00,0.00,0.00,2.15,38,55,38,21,11,17,59,32,80,9.86,6.54,2.40,2.99,3.59,0.00,0.00,0.00,0.00,0.00,0.00,Stadio Romeo Menti
1426879800,Mar 20 2015 - 7:30pm,complete,10689,Pescara,Bari 1908,N/A,32,1.40,1.00,1.57,0.86,0,0,0,0,0,0,"","",2,6,2,0,3,0,0,2,2,1,8,14,4,5,4,9,14,20,44,56,0.00,0.00,0.00,0.00,2.60,50,80,47,20,13,24,67,47,87,11.43,6.87,2.41,3.05,3.47,0.00,0.00,0.00,0.00,0.00,0.00,Stadio Adriatico-Giovanni Cornacchia
1426946400,Mar 21 2015 - 2:00pm,complete,6490,Trapani,Bologna,N/A,32,2.00,1.87,2.10,1.57,0,0,0,0,0,0,"","",9,4,3,0,4,0,2,1,1,3,15,7,7,0,8,7,10,16,53,47,0.00,0.00,0.00,0.00,2.90,67,70,63,44,23,30,57,54,80,10.64,6.54,3.34,3.08,2.47,0.00,0.00,0.00,0.00,0.00,0.00,Stadio Polisportivo Provinciale
1426946400,Mar 21 2015 - 2:00pm,complete,4182,Crotone,Brescia,N/A,32,1.47,0.88,1.71,0.81,2,1,3,0,0,0,"54,68","87",6,7,0,1,3,0,0,1,1,2,11,10,8,7,3,3,14,18,47,53,0.00,0.00,0.00,0.00,2.42,52,74,39,20,13,23,75,36,88,10.59,5.85,2.48,3.01,3.39,0.00,0.00,0.00,0.00,0.00,0.00,Stadio Ezio Scida
1426946400,Mar 21 2015 - 2:00pm,complete,3652,Ternana,Carpi,N/A,32,1.07,1.67,1.10,1.76,0,1,1,1,0,1,"","43",4,6,2,0,3,0,1,1,1,2,11,9,5,5,6,4,17,16,57,43,0.00,0.00,0.00,0.00,1.94,37,57,27,13,7,20,67,27,67,9.51,5.67,3.29,2.92,2.61,0.00,0.00,0.00,0.00,0.00,0.00,Stadio Libero Liberati
1426946400,Mar 21 2015 - 2:00pm,complete,2431,Virtus Entella,Catania,N/A,32,1.50,0.33,1.45,0.57,2,0,2,2,2,0,"17,32","",0,9,2,0,3,1,1,1,2,2,8,12,4,3,4,9,16,22,40,60,0.00,0.00,0.00,0.00,2.26,48,64,36,17,13,20,55,42,81,8.20,6.38,3.03,3.00,2.73,0.00,0.00,0.00,0.00,0.00,0.00,Stadio Comunale Chiavari
1426946400,Mar 21 2015 - 2:00pm,complete,5319,Livorno,Cittadella,N/A,32,2.00,0.94,1.86,1.05,0,1,1,1,0,1,"","40",4,3,2,1,3,0,1,2,1,2,9,3,3,0,6,3,17,16,57,43,0.00,0.00,0.00,0.00,3.01,71,74,52,39,20,42,71,43,78,7.70,6.31,1.75,3.43,5.94,0.00,0.00,0.00,0.00,0.00,0.00,Stadio Armando Picchi
1426946400,Mar 21 2015 - 2:00pm,complete,8796,Avellino,Perugia,N/A,32,1.94,0.80,1.77,1.14,1,2,3,1,1,0,"28","85,90'1",5,5,4,1,1,0,3,2,1,0,8,13,4,6,4,7,12,13,44,56,0.00,0.00,0.00,0.00,1.95,42,65,36,10,0,13,65,40,68,10.60,5.51,2.19,3.03,4.11,0.00,0.00,0.00,0.00,0.00,0.00,Stadio Partenio-Adriano Lombardi
1426946400,Mar 21 2015 - 2:00pm,complete,3357,Latina,Spezia,N/A,32,1.53,1.06,1.48,1.29,1,2,3,1,0,1,"66","9,63",9,2,5,0,4,0,2,3,2,2,18,9,7,5,11,4,18,19,64,36,0.00,0.00,0.00,0.00,2.01,46,58,33,13,10,20,36,39,78,11.06,5.62,2.34,2.96,3.79,0.00,0.00,0.00,0.00,0.00,0.00,Stadio Comunale Domenico Francioni
1426946400,Mar 21 2015 - 2:00pm,complete,2430,Pro Vercelli,Virtus Lanciano,N/A,32,1.80,1.07,1.76,0.86,2,1,3,3,2,1,"33,35","40",5,3,2,0,4,0,1,1,2,2,8,7,3,3,5,4,13,15,46,54,0.00,0.00,0.00,0.00,2.27,50,67,33,24,14,20,57,40,74,11.13,6.53,2.76,2.96,3.03,0.00,0.00,0.00,0.00,0.00,0.00,Stadio Silvio Piola
1426946400,Mar 21 2015 - 2:00pm,complete,5653,Modena,Vicenza,N/A,32,1.53,1.27,1.41,1.27,1,2,3,2,1,1,"1","25,63",2,3,3,0,2,0,2,1,0,2,7,8,2,3,5,5,18,13,44,56,0.00,0.00,0.00,0.00,1.80,37,54,30,17,4,10,47,34,67,10.13,5.66,2.43,2.93,3.60,0.00,0.00,0.00,0.00,0.00,0.00,Stadio Alberto Braglia
1427139000,Mar 23 2015 - 7:30pm,complete,3151,Varese,Frosinone,N/A,32,1.44,1.00,1.29,1.10,1,4,5,3,1,2,"41","24,37,65,81",2,2,4,1,1,0,4,1,1,0,8,12,3,5,5,7,20,19,33,67,0.00,0.00,0.00,0.00,2.87,61,77,58,32,13,33,74,52,84,9.80,6.69,3.16,3.03,2.61,0.00,0.00,0.00,0.00,0.00,0.00,Stadio Franco Ossola
1427551200,Mar 28 2015 - 2:00pm,complete,15031,Bologna,Livorno,N/A,33,1.56,1.06,1.61,0.95,2,0,2,0,0,0,"60,78","",6,3,0,0,2,0,0,0,2,0,11,10,3,5,8,5,6,18,54,46,0.00,0.00,0.00,0.00,1.94,35,60,38,13,7,16,54,41,69,9.31,6.19,2.11,3.05,4.40,0.00,0.00,0.00,0.00,0.00,0.00,Stadio Renato Dall'Ara
1427551200,Mar 28 2015 - 2:00pm,complete,6777,Spezia,Pescara,N/A,33,1.93,1.56,1.82,1.42,2,2,4,2,1,1,"45'1,80","33,56",5,4,3,1,3,0,1,3,2,1,8,5,4,2,4,3,14,28,62,38,0.00,0.00,0.00,0.00,3.16,68,87,61,32,23,39,74,58,84,10.36,6.49,2.23,3.12,3.83,0.00,0.00,0.00,0.00,0.00,0.00,Stadio Alberto Picco
1427562000,Mar 28 2015 - 5:00pm,complete,10019,Vicenza,Carpi,N/A,33,1.88,1.75,1.86,1.76,1,2,3,2,0,2,"50","3,16",8,1,4,0,3,0,1,3,1,2,11,6,7,3,4,3,16,18,68,32,0.00,0.00,0.00,0.00,1.75,31,50,25,13,7,16,63,22,60,10.40,5.31,2.65,2.90,3.24,0.00,0.00,0.00,0.00,0.00,0.00,Stadio Romeo Menti
1427625000,Mar 29 2015 - 10:30am,complete,10935,Perugia,Crotone,N/A,33,1.94,0.63,1.91,0.57,0,0,0,0,0,0,"","",6,6,4,0,1,0,3,1,1,0,6,6,3,3,3,3,13,17,53,47,0.00,0.00,0.00,0.00,2.22,60,66,47,19,3,25,60,35,75,10.08,6.31,1.90,3.22,5.22,0.00,0.00,0.00,0.00,0.00,0.00,Stadio Renato Curi
1427634000,Mar 29 2015 - 1:00pm,complete,13273,Catania,Avellino,N/A,33,1.69,1.20,1.76,1.13,1,0,1,1,1,0,"43","",5,3,4,0,6,0,1,3,3,3,7,20,2,13,5,7,22,17,45,55,0.00,0.00,0.00,0.00,2.72,58,71,55,39,16,32,68,42,74,9.67,7.27,2.52,3.00,3.33,0.00,0.00,0.00,0.00,0.00,0.00,Stadio Angelo Massimino
1427634000,Mar 29 2015 - 1:00pm,complete,16483,Bari 1908,Pro Vercelli,N/A,33,1.56,0.50,1.71,0.57,1,0,1,0,0,0,"54","",7,4,5,1,4,0,3,3,2,2,15,8,10,7,5,1,17,25,54,46,0.00,0.00,0.00,0.00,2.57,44,72,44,22,13,35,63,41,82,8.77,5.87,1.83,3.26,5.63,0.00,0.00,0.00,0.00,0.00,0.00,Stadio Comunale San Nicola
1427634000,Mar 29 2015 - 1:00pm,complete,2440,Cittadella,Ternana,N/A,33,1.33,1.25,1.05,1.33,0,0,0,0,0,0,"","",6,4,2,0,1,0,1,1,0,1,11,14,9,8,2,6,13,13,59,41,0.00,0.00,0.00,0.00,2.43,58,68,42,26,13,39,81,26,62,7.20,5.94,2.20,3.06,4.00,0.00,0.00,0.00,0.00,0.00,0.00,Stadio Pier Cesare Tombolato
1427634000,Mar 29 2015 - 1:00pm,complete,4889,Modena,Varese,N/A,33,1.44,0.53,1.41,0.57,1,1,2,1,0,1,"68","38",6,6,1,0,7,0,1,0,5,2,21,5,10,2,11,3,14,17,63,37,0.00,0.00,0.00,0.00,1.86,39,62,33,7,4,20,56,36,65,9.22,5.75,1.88,3.20,5.46,0.00,0.00,0.00,0.00,0.00,0.00,Stadio Alberto Braglia
1427634000,Mar 29 2015 - 1:00pm,complete,2616,Virtus Lanciano,Virtus Entella,N/A,33,1.69,0.87,1.52,0.77,1,0,1,0,0,0,"77","",8,1,1,0,2,0,1,0,1,1,8,5,6,4,2,1,17,14,58,42,0.00,0.00,0.00,0.00,2.65,52,78,46,29,10,33,81,39,61,7.68,5.05,1.89,3.21,5.27,0.00,0.00,0.00,0.00,0.00,0.00,Stadio Comunale Guido Biondi
1427653800,Mar 29 2015 - 6:30pm,complete,8000,Brescia,Trapani,N/A,33,1.27,0.44,1.48,0.43,1,1,2,0,0,0,"62","74",7,4,2,1,2,0,2,1,0,2,9,11,6,7,3,4,21,10,49,51,0.00,0.00,0.00,0.00,2.77,62,71,62,26,13,29,77,46,77,9.93,6.83,2.19,3.17,3.88,0.00,0.00,0.00,0.00,0.00,0.00,Stadio Mario Rigamonti
1427913000,Apr 01 2015 - 6:30pm,complete,4144,Carpi,Bologna,N/A,34,2.13,1.81,2.05,1.57,3,0,3,1,1,0,"37,57,83","",3,3,2,0,2,1,2,0,1,2,9,14,5,5,4,9,22,10,36,64,0.00,0.00,0.00,0.00,2.47,53,63,53,28,13,25,54,41,72,11.03,7.38,2.61,2.95,3.25,0.00,0.00,0.00,0.00,0.00,0.00,Stadio Sandro Cabassi
1427999400,Apr 02 2015 - 6:30pm,complete,3972,Ternana,Bari 1908,N/A,34,1.00,1.00,1.10,0.86,2,0,2,0,0,0,"63,74","",6,5,4,0,0,0,2,2,0,0,8,8,2,5,6,3,21,10,44,56,0.00,0.00,0.00,0.00,2.19,41,66,35,13,7,19,72,32,82,10.41,6.19,3.21,2.95,2.63,0.00,0.00,0.00,0.00,0.00,0.00,Stadio Libero Liberati
1427999400,Apr 02 2015 - 6:30pm,complete,7340,Pescara,Brescia,N/A,34,1.38,0.82,1.57,0.81,2,3,5,3,2,1,"4,15","6,51,72",10,8,2,0,2,1,1,1,0,3,15,16,9,7,6,9,13,14,54,46,0.00,0.00,0.00,0.00,2.46,55,76,46,22,13,25,58,46,82,11.48,6.54,1.93,3.30,4.85,0.00,0.00,0.00,0.00,0.00,0.00,Stadio Adriatico-Giovanni Cornacchia
1427999400,Apr 02 2015 - 6:30pm,complete,2826,Varese,Catania,N/A,34,1.35,0.31,1.29,0.57,0,3,3,2,0,2,"","39,45,64",5,2,1,0,2,1,0,1,2,1,10,4,3,0,7,4,25,15,45,55,0.00,0.00,0.00,0.00,2.69,57,69,49,30,19,33,66,46,82,9.56,6.82,3.16,3.00,2.63,0.00,0.00,0.00,0.00,0.00,0.00,Stadio Franco Ossola
1427999400,Apr 02 2015 - 6:30pm,complete,3560,Latina,Cittadella,N/A,34,1.44,1.06,1.48,1.05,3,2,5,1,0,1,"60,65,77","20,72",3,3,1,0,3,1,0,1,1,3,10,9,6,5,4,4,22,22,57,43,0.00,0.00,0.00,0.00,2.39,66,70,39,21,10,36,66,37,73,10.13,6.47,2.15,3.04,4.23,0.00,0.00,0.00,0.00,0.00,0.00,Stadio Comunale Domenico Francioni
1427999400,Apr 02 2015 - 6:30pm,complete,5589,Trapani,Frosinone,N/A,34,1.94,1.13,2.10,1.10,3,1,4,1,1,0,"7,61,82","56",4,7,4,0,4,1,2,2,2,3,11,9,5,6,6,3,15,19,54,46,0.00,0.00,0.00,0.00,3.04,60,72,66,47,25,35,69,56,78,10.13,6.63,2.79,3.12,2.84,0.00,0.00,0.00,0.00,0.00,0.00,Stadio Polisportivo Provinciale
1427999400,Apr 02 2015 - 6:30pm,complete,8000,Avellino,Modena,N/A,34,1.82,0.94,1.77,0.82,1,0,1,1,1,0,"33","",9,5,2,0,2,0,0,2,0,2,12,11,6,6,6,5,22,13,52,48,0.00,0.00,0.00,0.00,1.86,40,61,24,7,7,25,67,22,61,10.01,6.28,2.09,3.03,4.51,0.00,0.00,0.00,0.00,0.00,0.00,Stadio Partenio-Adriano Lombardi
1427999400,Apr 02 2015 - 6:30pm,complete,2828,Virtus Entella,Perugia,N/A,34,1.59,0.94,1.45,1.14,0,2,2,1,0,1,"","35,78",4,6,4,0,3,0,2,2,2,1,10,10,3,4,7,6,11,19,46,54,0.00,0.00,0.00,0.00,2.25,55,79,40,13,3,15,64,52,79,8.19,5.23,2.96,2.99,2.79,0.00,0.00,0.00,0.00,0.00,0.00,Stadio Comunale Chiavari
1427999400,Apr 02 2015 - 6:30pm,complete,4660,Crotone,Spezia,N/A,34,1.56,1.18,1.71,1.29,2,0,2,1,1,0,"8,56","",3,4,3,0,4,1,3,0,5,0,8,11,3,2,5,9,15,16,47,53,0.00,0.00,0.00,0.00,2.22,46,67,43,16,10,13,52,43,82,9.06,5.20,2.73,2.97,3.06,0.00,0.00,0.00,0.00,0.00,0.00,Stadio Ezio Scida
1427999400,Apr 02 2015 - 6:30pm,complete,5696,Livorno,Virtus Lanciano,N/A,34,1.88,1.00,1.86,0.86,1,0,1,1,1,0,"45","",6,7,0,0,3,0,0,0,0,3,16,12,5,8,11,4,23,13,46,54,0.00,0.00,0.00,0.00,2.85,63,69,44,35,25,32,60,44,78,9.46,6.63,2.41,3.03,3.53,0.00,0.00,0.00,0.00,0.00,0.00,Stadio Armando Picchi
1427999400,Apr 02 2015 - 6:30pm,complete,3145,Pro Vercelli,Vicenza,N/A,34,1.88,1.38,1.76,1.27,1,1,2,0,0,0,"60","72",3,6,2,0,4,0,1,1,2,2,10,10,4,6,6,4,23,9,40,60,0.00,0.00,0.00,0.00,2.22,41,63,44,25,6,22,60,35,72,10.01,5.63,2.70,2.97,3.10,0.00,0.00,0.00,0.00,0.00,0.00,Stadio Silvio Piola
1428690600,Apr 10 2015 - 6:30pm,complete,10425,Vicenza,Avellino,N/A,35,1.76,1.13,1.86,1.13,1,0,1,1,1,0,"37","",0,1,2,0,4,0,0,2,2,2,6,11,2,4,4,7,15,18,55,45,0.00,0.00,0.00,0.00,1.91,40,52,37,19,7,25,61,22,64,10.12,5.91,2.51,2.90,3.49,0.00,0.00,0.00,0.00,0.00,0.00,Stadio Romeo Menti
1428757200,Apr 11 2015 - 1:00pm,complete,8712,Brescia,Bologna,N/A,35,1.25,1.71,1.48,1.57,1,1,2,2,1,1,"22","33",5,3,1,0,2,1,0,1,1,2,12,8,5,5,7,3,11,14,55,45,0.00,0.00,0.00,0.00,2.46,61,70,55,22,9,16,58,55,76,9.50,7.13,2.95,3.02,2.77,0.00,0.00,0.00,0.00,0.00,0.00,Stadio Mario Rigamonti
1428757200,Apr 11 2015 - 1:00pm,complete,2824,Cittadella,Carpi,N/A,35,1.31,1.82,1.05,1.76,0,1,1,1,0,1,"","41",9,7,3,0,3,0,2,1,0,3,15,11,6,7,9,4,16,17,51,49,0.00,0.00,0.00,0.00,2.10,46,58,31,19,16,31,73,25,55,8.56,5.94,3.17,2.92,2.68,0.00,0.00,0.00,0.00,0.00,0.00,Stadio Pier Cesare Tombolato
1428757200,Apr 11 2015 - 1:00pm,complete,16783,Bari 1908,Crotone,N/A,35,1.65,0.65,1.71,0.57,1,1,2,1,0,1,"87","35",11,2,4,0,5,1,2,2,1,5,21,3,10,2,11,1,19,22,57,43,0.00,0.00,0.00,0.00,2.06,44,65,35,9,3,21,59,35,74,10.53,6.36,1.90,3.17,5.34,0.00,0.00,0.00,0.00,0.00,0.00,Stadio Comunale San Nicola
1428757200,Apr 11 2015 - 1:00pm,complete,2997,Virtus Lanciano,Latina,N/A,35,1.76,0.88,1.52,0.90,1,1,2,0,0,0,"86","60",5,5,4,0,3,1,1,3,2,2,17,12,8,4,9,8,11,16,55,45,0.00,0.00,0.00,0.00,2.02,49,66,30,12,3,27,61,27,64,9.40,5.42,2.24,2.98,4.01,0.00,0.00,0.00,0.00,0.00,0.00,Stadio Comunale Guido Biondi
1428757200,Apr 11 2015 - 1:00pm,complete,3560,Pro Vercelli,Livorno,N/A,35,1.82,1.00,1.76,0.95,3,3,6,4,2,2,"5,41,81","12,26,86",8,4,3,0,3,1,2,1,3,1,6,13,2,7,4,6,16,22,49,51,0.00,0.00,0.00,0.00,2.09,38,62,35,18,9,21,50,44,71,9.71,6.47,2.78,2.94,3.03,0.00,0.00,0.00,0.00,0.00,0.00,Stadio Silvio Piola
1428757200,Apr 11 2015 - 1:00pm,complete,4000,Frosinone,Pescara,N/A,35,2.06,1.53,2.29,1.42,2,1,3,1,1,0,"41,48","75",1,4,4,0,3,0,0,4,1,2,11,9,6,6,5,3,19,18,48,52,0.00,0.00,0.00,0.00,3.05,70,82,55,36,25,33,70,61,91,8.51,6.91,2.25,3.22,3.62,0.00,0.00,0.00,0.00,0.00,0.00,Stadio Comunale Matusa (Frosinone)
1428757200,Apr 11 2015 - 1:00pm,complete,5914,Spezia,Ternana,N/A,35,1.88,1.24,1.82,1.33,0,1,1,0,0,0,"","63",6,3,2,0,3,0,0,2,1,2,11,12,5,4,6,8,9,12,62,38,0.00,0.00,0.00,0.00,2.59,58,73,49,25,13,37,76,37,67,9.87,5.82,2.06,3.12,4.43,0.00,0.00,0.00,0.00,0.00,0.00,Stadio Alberto Picco
1428757200,Apr 11 2015 - 1:00pm,complete,17271,Catania,Trapani,N/A,35,1.76,0.47,1.76,0.43,4,1,5,1,0,1,"49,52,62,90'1","9",7,2,2,0,2,1,1,1,1,2,15,7,7,5,8,2,13,15,46,54,0.00,0.00,0.00,0.00,3.03,62,77,62,38,18,35,76,44,82,10.19,7.47,1.68,3.69,6.02,0.00,0.00,0.00,0.00,0.00,0.00,Stadio Angelo Massimino
1428757200,Apr 11 2015 - 1:00pm,complete,4883,Modena,Virtus Entella,N/A,35,1.41,0.81,1.41,0.77,2,0,2,2,2,0,"20,45'2","",5,4,1,1,2,0,1,1,0,2,10,6,4,3,6,3,20,16,52,48,0.00,0.00,0.00,0.00,1.96,43,58,31,16,7,19,64,28,58,8.46,5.28,2.01,3.05,4.85,0.00,0.00,0.00,0.00,0.00,0.00,Stadio Alberto Braglia
1428949800,Apr 13 2015 - 6:30pm,complete,11567,Perugia,Varese,N/A,35,1.88,0.56,1.91,0.57,2,0,2,1,1,0,"44,73","",8,3,1,0,2,0,1,0,2,0,9,2,0,0,9,2,15,19,63,37,0.00,0.00,0.00,0.00,2.25,49,67,46,21,6,27,61,37,73,8.94,6.37,1.41,4.24,9.99,0.00,0.00,0.00,0.00,0.00,0.00,Stadio Renato Curi
1429027200,Apr 14 2015 - 4:00pm,complete,6806,Frosinone,Latina,N/A,33,2.12,0.88,2.29,0.90,1,0,1,1,1,0,"31","",3,3,7,0,2,2,2,5,2,2,6,12,3,4,3,8,18,23,46,54,0.00,0.00,0.00,0.00,2.06,56,62,30,12,12,18,56,36,74,9.00,6.59,2.22,2.99,4.06,0.00,0.00,0.00,0.00,0.00,0.00,Stadio Comunale Matusa (Frosinone)
1429295400,Apr 17 2015 - 6:30pm,complete,5716,Cittadella,Vicenza,N/A,36,1.24,1.35,1.05,1.27,0,1,1,0,0,0,"","90'2",5,5,3,1,2,0,2,2,1,1,5,13,4,6,1,7,27,14,45,55,0.00,0.00,0.00,0.00,2.30,50,62,41,27,12,27,65,33,68,8.59,5.88,2.73,2.98,3.01,0.00,0.00,0.00,0.00,0.00,0.00,Stadio Pier Cesare Tombolato
1429362000,Apr 18 2015 - 1:00pm,complete,4913,Trapani,Bari 1908,N/A,36,2.00,0.94,2.10,0.86,1,1,2,0,0,0,"90'4","85",6,4,3,0,2,0,1,2,2,0,7,9,3,4,4,5,11,17,55,45,0.00,0.00,0.00,0.00,2.80,56,74,53,36,21,27,68,50,82,11.68,6.11,2.93,3.10,2.73,0.00,0.00,0.00,0.00,0.00,0.00,Stadio Polisportivo Provinciale
1429362000,Apr 18 2015 - 1:00pm,complete,3549,Carpi,Brescia,N/A,36,2.18,0.94,2.05,0.81,3,0,3,2,2,0,"9,18,61","",3,9,1,0,1,1,1,0,1,1,5,8,3,6,2,2,13,11,49,51,0.00,0.00,0.00,0.00,2.63,54,72,52,26,15,29,66,43,80,12.29,6.80,1.83,3.33,5.50,0.00,0.00,0.00,0.00,0.00,0.00,Stadio Sandro Cabassi
1429362000,Apr 18 2015 - 1:00pm,complete,9561,Pescara,Modena,N/A,36,1.29,0.88,1.57,0.82,1,0,1,0,0,0,"83","",10,0,2,0,5,0,1,1,3,2,15,5,8,2,7,3,20,17,55,45,0.00,0.00,0.00,0.00,2.27,47,71,36,21,15,29,62,36,68,9.35,6.71,2.18,3.11,4.01,0.00,0.00,0.00,0.00,0.00,0.00,Stadio Adriatico-Giovanni Cornacchia
1429362000,Apr 18 2015 - 1:00pm,complete,11840,Ternana,Perugia,N/A,36,1.12,1.06,1.10,1.14,0,0,0,0,0,0,"","",2,4,3,1,3,0,2,2,2,1,6,15,3,7,3,8,16,9,41,59,0.00,0.00,0.00,0.00,2.12,44,71,38,15,0,12,68,44,79,8.94,5.65,2.91,2.97,2.86,0.00,0.00,0.00,0.00,0.00,0.00,Stadio Libero Liberati
1429362000,Apr 18 2015 - 1:00pm,complete,18148,Bologna,Spezia,N/A,36,1.65,1.11,1.61,1.29,0,0,0,0,0,0,"","",5,9,2,0,2,0,2,0,1,1,15,13,6,5,9,8,12,15,51,49,0.00,0.00,0.00,0.00,1.88,34,63,37,9,3,9,46,40,72,9.47,5.07,2.16,3.05,4.19,0.00,0.00,0.00,0.00,0.00,0.00,Stadio Renato Dall'Ara
1429362000,Apr 18 2015 - 1:00pm,complete,4197,Crotone,Virtus Lanciano,N/A,36,1.65,0.94,1.71,0.86,1,1,2,0,0,0,"85","60",5,4,1,0,3,0,0,1,2,1,9,13,6,5,3,8,14,15,56,44,0.00,0.00,0.00,0.00,2.44,56,74,38,21,15,21,68,38,80,9.93,6.18,2.68,2.98,3.10,0.00,0.00,0.00,0.00,0.00,0.00,Stadio Ezio Scida
1429448400,Apr 19 2015 - 1:00pm,complete,2948,Varese,Avellino,N/A,36,1.28,1.06,1.29,1.13,1,1,2,1,0,1,"65","32",7,3,2,0,2,0,1,1,0,2,9,13,5,7,4,6,13,15,45,55,0.00,0.00,0.00,0.00,2.53,57,65,48,29,15,37,72,37,71,9.65,6.20,5.15,3.44,1.83,0.00,0.00,0.00,0.00,0.00,0.00,Stadio Franco Ossola
1429448400,Apr 19 2015 - 1:00pm,complete,3720,Latina,Catania,N/A,36,1.53,0.47,1.48,0.57,1,2,3,1,0,1,"52","16,62",7,4,3,0,2,0,1,2,2,0,14,16,9,8,5,8,15,13,62,38,0.00,0.00,0.00,0.00,2.32,47,62,38,21,18,29,56,38,79,10.53,6.94,3.18,2.97,2.64,0.00,0.00,0.00,0.00,0.00,0.00,Stadio Comunale Domenico Francioni
1429448400,Apr 19 2015 - 1:00pm,complete,6111,Livorno,Frosinone,N/A,36,1.94,1.06,1.86,1.10,0,0,0,0,0,0,"","",4,4,2,0,3,0,0,2,0,3,12,8,6,3,6,5,13,17,50,50,0.00,0.00,0.00,0.00,3.00,53,68,56,41,24,32,71,50,79,8.56,6.71,2.22,3.22,3.73,0.00,0.00,0.00,0.00,0.00,0.00,Stadio Armando Picchi
1429554600,Apr 20 2015 - 6:30pm,complete,2695,Virtus Entella,Pro Vercelli,N/A,36,1.50,0.47,1.45,0.57,0,0,0,0,0,0,"","",4,11,1,0,1,0,0,1,1,0,6,8,4,2,2,6,18,17,54,46,0.00,0.00,0.00,0.00,2.50,52,75,41,18,12,32,60,40,83,7.55,5.27,2.58,2.97,3.27,0.00,0.00,0.00,0.00,0.00,0.00,Stadio Comunale Chiavari
1429894800,Apr 24 2015 - 5:00pm,complete,15781,Catania,Ternana,N/A,37,1.83,1.33,1.76,1.33,2,0,2,1,1,0,"45'1,77","",2,5,2,0,3,0,1,1,0,3,6,16,4,7,2,9,13,8,43,57,0.00,0.00,0.00,0.00,2.73,59,72,53,36,14,31,75,39,72,8.64,6.66,1.81,3.31,5.64,0.00,0.00,0.00,0.00,0.00,0.00,Stadio Angelo Massimino
1429902000,Apr 24 2015 - 7:00pm,complete,38436,Bari 1908,Bologna,N/A,37,1.61,1.67,1.71,1.57,1,1,2,2,1,1,"37","12",5,6,3,1,4,2,2,2,4,2,17,11,9,4,8,7,23,19,53,47,0.00,0.00,0.00,0.00,2.22,45,67,39,17,9,22,56,39,75,10.24,7.11,2.67,2.96,3.14,0.00,0.00,0.00,0.00,0.00,0.00,Stadio Comunale San Nicola
1429966800,Apr 25 2015 - 1:00pm,complete,5617,Frosinone,Carpi,N/A,37,2.17,1.89,2.29,1.76,1,0,1,1,1,0,"10","",4,3,4,0,4,0,1,3,1,3,15,11,3,3,12,8,17,17,50,50,0.00,0.00,0.00,0.00,2.20,47,59,31,17,17,20,70,36,67,9.12,6.61,2.58,2.98,3.26,0.00,0.00,0.00,0.00,0.00,0.00,Stadio Comunale Matusa (Frosinone)
1429966800,Apr 25 2015 - 1:00pm,complete,7438,Brescia,Cittadella,N/A,37,1.24,1.00,1.48,1.05,0,0,0,0,0,0,"","",4,3,2,0,1,1,1,1,1,1,14,10,9,7,5,3,17,15,57,43,0.00,0.00,0.00,0.00,2.66,75,77,52,26,9,29,77,49,69,8.30,6.62,2.19,3.15,3.89,0.00,0.00,0.00,0.00,0.00,0.00,Stadio Mario Rigamonti
1429966800,Apr 25 2015 - 1:00pm,complete,5033,Modena,Crotone,N/A,37,1.50,0.67,1.41,0.57,3,0,3,2,2,0,"15,41,67","",3,6,2,0,2,1,1,1,0,3,10,11,6,5,4,6,13,17,48,52,0.00,0.00,0.00,0.00,1.72,50,62,28,3,0,17,56,28,64,10.45,6.00,2.20,2.99,4.14,0.00,0.00,0.00,0.00,0.00,0.00,Stadio Alberto Braglia
1429966800,Apr 25 2015 - 1:00pm,complete,2900,Pro Vercelli,Latina,N/A,37,1.78,0.83,1.76,0.90,1,1,2,1,0,1,"79","35",9,6,4,0,2,0,0,4,2,0,12,13,6,8,6,5,22,17,53,47,0.00,0.00,0.00,0.00,1.86,44,59,28,11,6,23,56,28,62,10.18,6.00,2.54,2.99,3.31,0.00,0.00,0.00,0.00,0.00,0.00,Stadio Silvio Piola
1429966800,Apr 25 2015 - 1:00pm,complete,11640,Perugia,Livorno,N/A,37,1.94,1.00,1.91,0.95,1,1,2,1,0,1,"82","11",5,1,1,0,2,0,0,1,0,2,10,3,3,2,7,1,9,18,67,33,0.00,0.00,0.00,0.00,2.25,45,61,42,25,12,25,50,42,75,9.41,6.78,2.62,3.01,3.17,0.00,0.00,0.00,0.00,0.00,0.00,Stadio Renato Curi
1429966800,Apr 25 2015 - 1:00pm,complete,4502,Virtus Lanciano,Pescara,N/A,37,1.72,1.44,1.52,1.42,0,1,1,0,0,0,"","75",1,3,5,2,1,0,3,4,0,1,17,4,8,0,9,4,15,20,55,45,0.00,0.00,0.00,0.00,3.00,67,89,56,33,14,39,73,58,83,8.72,5.89,2.36,3.16,3.44,0.00,0.00,0.00,0.00,0.00,0.00,Stadio Comunale Guido Biondi
1429966800,Apr 25 2015 - 1:00pm,complete,6274,Spezia,Trapani,N/A,37,1.76,0.44,1.82,0.43,3,0,3,2,2,0,"17,34,71","",3,8,1,0,2,0,1,0,1,1,11,16,6,10,5,6,13,9,47,53,0.00,0.00,0.00,0.00,2.91,60,74,57,29,20,37,75,43,80,11.29,6.44,1.98,3.25,4.57,0.00,0.00,0.00,0.00,0.00,0.00,Stadio Alberto Picco
1429966800,Apr 25 2015 - 1:00pm,complete,6796,Avellino,Virtus Entella,N/A,37,1.89,0.76,1.77,0.77,1,1,2,1,1,0,"26","68",11,3,4,0,2,0,2,2,1,1,12,12,6,6,6,6,19,15,54,46,0.00,0.00,0.00,0.00,2.07,37,58,35,15,6,23,75,26,55,9.58,5.15,1.77,3.30,6.13,0.00,0.00,0.00,0.00,0.00,0.00,Stadio Partenio-Adriano Lombardi
1429966800,Apr 25 2015 - 1:00pm,complete,10859,Vicenza,Varese,N/A,37,1.83,0.53,1.86,0.57,1,0,1,0,0,0,"48","",6,5,3,0,6,0,1,2,1,5,9,6,6,2,3,4,21,20,55,45,0.00,0.00,0.00,0.00,2.01,37,63,37,12,3,21,66,29,72,9.12,5.57,1.32,4.95,9.99,0.00,0.00,0.00,0.00,0.00,0.00,Stadio Romeo Menti
1430159400,Apr 27 2015 - 6:30pm,complete,13243,Bologna,Catania,N/A,38,1.61,0.61,1.61,0.57,2,0,2,1,1,0,"37,74","",5,3,3,0,7,1,1,2,3,5,13,4,4,2,9,2,14,20,47,53,0.00,0.00,0.00,0.00,2.03,34,61,39,14,9,20,59,36,70,9.17,6.06,2.36,2.98,3.70,0.00,0.00,0.00,0.00,0.00,0.00,Stadio Renato Dall'Ara
1430245800,Apr 28 2015 - 6:30pm,complete,4583,Crotone,Avellino,N/A,38,1.61,1.06,1.71,1.13,2,0,2,1,1,0,"38,56","",6,9,2,0,0,0,1,1,0,0,6,15,4,8,2,7,15,8,45,55,0.00,0.00,0.00,0.00,2.20,47,64,36,20,11,23,70,31,73,8.82,5.83,2.85,2.92,2.97,0.00,0.00,0.00,0.00,0.00,0.00,Stadio Ezio Scida
1430245800,Apr 28 2015 - 6:30pm,complete,4144,Carpi,Bari 1908,N/A,38,2.22,0.94,2.05,0.86,0,0,0,0,0,0,"","",5,4,2,0,2,0,1,1,2,0,10,11,5,5,5,6,15,14,40,60,0.00,0.00,0.00,0.00,2.53,44,73,47,20,11,25,67,42,81,11.58,6.56,2.14,3.09,4.19,0.00,0.00,0.00,0.00,0.00,0.00,Stadio Sandro Cabassi
1430245800,Apr 28 2015 - 6:30pm,complete,4232,Ternana,Frosinone,N/A,38,1.11,1.06,1.10,1.10,0,1,1,1,0,1,"","7",10,2,1,0,2,0,0,1,1,1,11,7,7,0,4,7,17,10,60,40,0.00,0.00,0.00,0.00,2.33,42,64,45,25,9,23,67,42,75,8.78,6.72,3.07,3.00,2.70,0.00,0.00,0.00,0.00,0.00,0.00,Stadio Libero Liberati
1430245800,Apr 28 2015 - 6:30pm,complete,5469,Livorno,Modena,N/A,38,1.89,0.83,1.86,0.82,1,1,2,1,0,1,"54","8",9,4,2,0,3,0,0,2,1,2,19,7,8,5,11,2,18,9,57,43,0.00,0.00,0.00,0.00,2.36,45,59,31,25,20,31,64,28,67,7.75,6.34,2.26,3.03,3.87,0.00,0.00,0.00,0.00,0.00,0.00,Stadio Armando Picchi
1430245800,Apr 28 2015 - 6:30pm,complete,3390,Latina,Perugia,N/A,38,1.44,1.06,1.48,1.14,0,0,0,0,0,0,"","",3,7,5,1,5,1,3,3,5,1,5,18,2,11,3,7,21,17,43,57,0.00,0.00,0.00,0.00,2.25,56,73,42,17,9,17,62,50,81,10.73,5.88,2.31,2.96,3.85,0.00,0.00,0.00,0.00,0.00,0.00,Stadio Comunale Domenico Francioni
1430245800,Apr 28 2015 - 6:30pm,complete,5713,Pescara,Pro Vercelli,N/A,38,1.39,0.50,1.57,0.57,1,0,1,1,1,0,"12","",6,8,3,0,1,0,1,2,0,1,9,9,5,3,4,6,11,18,49,51,0.00,0.00,0.00,0.00,2.59,50,70,50,28,17,34,53,45,81,9.88,5.84,1.80,3.32,5.77,0.00,0.00,0.00,0.00,0.00,0.00,Stadio Adriatico-Giovanni Cornacchia
1430245800,Apr 28 2015 - 6:30pm,complete,2174,Cittadella,Spezia,N/A,38,1.17,1.11,1.05,1.29,1,3,4,1,1,0,"35","54,74,88",10,5,4,0,1,0,0,4,1,0,16,15,9,6,7,9,18,10,41,59,0.00,0.00,0.00,0.00,2.03,44,57,35,17,11,19,52,32,65,8.83,5.90,2.82,2.98,2.94,0.00,0.00,0.00,0.00,0.00,0.00,Stadio Pier Cesare Tombolato
1430245800,Apr 28 2015 - 6:30pm,complete,1896,Virtus Entella,Varese,N/A,38,1.47,0.50,1.45,0.57,0,1,1,0,0,0,"","46",5,0,2,1,4,0,0,3,0,4,20,5,7,2,13,3,16,18,63,37,0.00,0.00,0.00,0.00,2.14,43,73,33,8,6,22,63,38,76,7.94,5.65,1.53,3.75,8.95,0.00,0.00,0.00,0.00,0.00,0.00,Stadio Comunale Chiavari
1430245800,Apr 28 2015 - 6:30pm,complete,4913,Trapani,Virtus Lanciano,N/A,38,1.94,0.94,2.10,0.86,1,0,1,1,1,0,"3","",9,5,2,0,2,0,0,2,1,1,7,11,3,5,4,6,15,15,43,57,0.00,0.00,0.00,0.00,2.78,70,72,50,39,23,28,59,53,75,11.22,6.45,2.74,3.03,2.98,0.00,0.00,0.00,0.00,0.00,0.00,Stadio Polisportivo Provinciale
1430245800,Apr 28 2015 - 6:30pm,complete,8339,Brescia,Vicenza,N/A,38,1.22,1.44,1.48,1.27,3,0,3,2,2,0,"7,24,90'2","",2,11,2,0,1,1,1,1,0,2,10,10,2,7,8,3,19,16,36,64,0.00,0.00,0.00,0.00,2.34,56,67,47,23,6,17,59,48,75,9.28,5.95,3.11,2.98,2.68,0.00,0.00,0.00,0.00,0.00,0.00,Stadio Mario Rigamonti
1430571600,May 02 2015 - 1:00pm,complete,6446,Frosinone,Bologna,N/A,39,2.21,1.63,2.29,1.57,2,1,3,3,2,1,"2,15","5",5,6,1,0,3,1,0,1,3,1,15,11,5,4,10,7,20,25,48,52,0.00,0.00,0.00,0.00,2.40,58,66,42,21,16,21,61,45,74,8.88,7.63,2.68,3.08,3.00,0.00,0.00,0.00,0.00,0.00,0.00,Stadio Comunale Matusa (Frosinone)
1430571600,May 02 2015 - 1:00pm,complete,6335,Spezia,Brescia,N/A,39,1.83,0.89,1.82,0.81,4,1,5,3,2,1,"6,45,54,59","34",10,4,2,0,2,0,2,0,1,1,15,8,8,4,7,4,10,11,49,51,0.00,0.00,0.00,0.00,2.73,57,79,52,22,17,36,70,43,84,12.50,6.20,2.02,3.40,4.16,0.00,0.00,0.00,0.00,0.00,0.00,Stadio Alberto Picco
1430571600,May 02 2015 - 1:00pm,complete,15360,Bari 1908,Cittadella,N/A,39,1.58,1.00,1.71,1.05,1,0,1,0,0,0,"82","",4,7,2,0,1,0,0,2,1,0,15,13,8,6,7,7,11,12,49,51,0.00,0.00,0.00,0.00,2.37,56,71,37,22,8,32,71,35,69,9.06,6.79,1.95,3.35,4.55,0.00,0.00,0.00,0.00,0.00,0.00,Stadio Comunale San Nicola
1430571600,May 02 2015 - 1:00pm,complete,3250,Pro Vercelli,Crotone,N/A,39,1.74,0.63,1.76,0.57,3,2,5,4,2,2,"6,26,54","37,43",3,5,3,0,4,1,1,2,2,3,16,8,6,4,10,4,23,22,53,47,0.00,0.00,0.00,0.00,2.16,53,68,40,13,6,24,63,35,71,10.84,6.11,2.58,3.02,3.21,0.00,0.00,0.00,0.00,0.00,0.00,Stadio Silvio Piola
1430571600,May 02 2015 - 1:00pm,complete,2341,Varese,Latina,N/A,39,1.26,0.84,1.29,0.90,1,2,3,2,1,1,"25","43,52",3,7,5,1,0,0,1,5,0,0,5,9,3,6,2,3,17,18,39,61,0.00,0.00,0.00,0.00,2.24,61,69,37,16,8,29,66,32,74,10.05,5.84,3.80,3.22,2.19,0.00,0.00,0.00,0.00,0.00,0.00,Stadio Franco Ossola
1430571600,May 02 2015 - 1:00pm,complete,13625,Catania,Livorno,N/A,39,1.89,1.00,1.76,0.95,1,1,2,1,1,0,"20","90'5",3,9,6,1,1,0,1,6,1,0,5,16,0,4,5,12,16,15,45,55,0.00,0.00,0.00,0.00,2.77,53,74,50,34,19,24,63,53,82,9.01,7.42,1.55,4.23,6.71,0.00,0.00,0.00,0.00,0.00,0.00,Stadio Angelo Massimino
1430571600,May 02 2015 - 1:00pm,complete,2572,Virtus Lanciano,Ternana,N/A,39,1.63,1.26,1.52,1.33,1,1,2,2,1,1,"45","9",4,3,0,0,2,0,0,0,0,2,18,2,6,0,12,2,15,13,53,47,0.00,0.00,0.00,0.00,2.32,50,71,37,21,5,32,69,32,69,8.18,5.52,2.12,3.14,4.18,0.00,0.00,0.00,0.00,0.00,0.00,Stadio Comunale Guido Biondi
1430571600,May 02 2015 - 1:00pm,complete,10420,Perugia,Trapani,N/A,39,1.89,0.42,1.91,0.43,1,0,1,1,1,0,"4","",4,5,3,0,3,0,0,3,0,3,12,9,5,7,7,2,17,11,55,45,0.00,0.00,0.00,0.00,2.58,56,69,53,29,13,34,69,32,79,10.33,6.31,1.70,3.78,5.60,0.00,0.00,0.00,0.00,0.00,0.00,Stadio Renato Curi
1430571600,May 02 2015 - 1:00pm,complete,9461,Vicenza,Virtus Entella,N/A,39,1.89,0.78,1.86,0.77,0,0,0,0,0,0,"","",6,7,3,0,2,0,1,2,0,2,11,9,4,7,7,2,9,24,57,43,0.00,0.00,0.00,0.00,2.06,38,57,36,20,6,22,71,22,62,8.33,4.98,1.81,3.44,5.34,0.00,0.00,0.00,0.00,0.00,0.00,Stadio Romeo Menti
1430658000,May 03 2015 - 1:00pm,complete,6000,Avellino,Pescara,N/A,39,1.84,1.53,1.77,1.42,3,2,5,1,0,1,"63,77,83","12,90'3",5,6,4,0,2,0,2,2,1,1,10,13,5,6,5,7,16,16,55,45,0.00,0.00,0.00,0.00,2.50,56,71,47,21,11,29,71,45,77,10.68,6.00,2.54,3.17,3.10,0.00,0.00,0.00,0.00,0.00,0.00,Stadio Partenio-Adriano Lombardi
1430668800,May 03 2015 - 4:00pm,complete,7413,Modena,Carpi,N/A,39,1.58,1.79,1.41,1.76,1,2,3,0,0,0,"84","69,78",11,3,3,1,4,1,2,2,1,4,15,10,10,4,5,6,18,12,58,42,0.00,0.00,0.00,0.00,1.66,35,53,21,6,6,21,64,21,53,10.09,5.68,2.33,3.20,3.47,0.00,0.00,0.00,0.00,0.00,0.00,Stadio Alberto Braglia
1431109800,May 08 2015 - 6:30pm,complete,6912,Livorno,Virtus Entella,N/A,40,1.84,0.79,1.86,0.77,2,1,3,0,0,0,"73,90'3","66",8,7,4,0,3,1,1,3,0,4,12,8,6,5,6,3,18,10,59,41,0.00,0.00,0.00,0.00,2.56,48,61,40,32,19,29,71,32,64,7.77,5.16,1.71,3.51,6.23,0.00,0.00,0.00,0.00,0.00,0.00,Stadio Armando Picchi
1431176400,May 09 2015 - 1:00pm,complete,20348,Bologna,Avellino,N/A,40,1.68,1.00,1.61,1.13,1,1,2,1,0,1,"54","35",4,6,5,1,5,0,2,4,1,4,13,5,7,0,6,5,18,20,62,38,0.00,0.00,0.00,0.00,1.84,34,58,32,13,6,19,63,27,61,9.58,5.47,2.01,3.18,4.58,0.00,0.00,0.00,0.00,0.00,0.00,Stadio Renato Dall'Ara
1431176400,May 09 2015 - 1:00pm,complete,4961,Latina,Bari 1908,N/A,40,1.42,0.95,1.48,0.86,2,0,2,1,1,0,"11,90'1","",7,6,3,0,3,0,0,3,0,3,11,15,3,7,8,8,21,18,43,57,0.00,0.00,0.00,0.00,2.24,50,69,35,14,14,21,58,42,82,11.86,6.32,2.36,3.09,3.53,0.00,0.00,0.00,0.00,0.00,0.00,Stadio Comunale Domenico Francioni
1431176400,May 09 2015 - 1:00pm,complete,3453,Brescia,Catania,N/A,40,1.32,0.58,1.48,0.57,4,2,6,2,2,0,"22,30,74,79","72,90'2",12,2,1,0,2,0,0,1,1,1,5,11,2,7,3,4,16,10,53,47,0.00,0.00,0.00,0.00,2.40,50,69,48,19,11,24,66,45,74,8.68,7.16,2.92,3.13,2.71,0.00,0.00,0.00,0.00,0.00,0.00,Stadio Mario Rigamonti
1431176400,May 09 2015 - 1:00pm,complete,3055,Cittadella,Frosinone,N/A,40,1.11,1.16,1.05,1.10,1,1,2,1,0,1,"80","27",8,4,4,0,3,0,2,2,0,3,14,7,7,4,7,3,18,16,55,45,0.00,0.00,0.00,0.00,2.50,50,63,48,32,16,29,74,40,66,8.63,6.95,3.09,3.12,2.59,0.00,0.00,0.00,0.00,0.00,0.00,Stadio Pier Cesare Tombolato
1431176400,May 09 2015 - 1:00pm,complete,5826,Trapani,Modena,N/A,40,2.00,0.84,2.10,0.82,3,0,3,2,2,0,"20,28,78","",2,9,4,0,3,0,1,3,2,1,7,11,2,4,5,7,17,17,52,48,0.00,0.00,0.00,0.00,2.45,55,66,40,32,19,29,66,37,69,9.58,6.37,2.56,2.98,3.32,0.00,0.00,0.00,0.00,0.00,0.00,Stadio Polisportivo Provinciale
1431176400,May 09 2015 - 1:00pm,complete,7934,Pescara,Perugia,N/A,40,1.47,1.05,1.57,1.14,2,2,4,0,0,0,"56,59","68,73",2,5,4,0,2,2,0,4,0,4,10,10,8,6,2,4,19,16,47,53,0.00,0.00,0.00,0.00,2.24,47,71,45,21,8,16,58,50,74,10.32,6.16,2.26,3.15,3.70,0.00,0.00,0.00,0.00,0.00,0.00,Stadio Adriatico-Giovanni Cornacchia
1431176400,May 09 2015 - 1:00pm,complete,5765,Ternana,Pro Vercelli,N/A,40,1.05,0.47,1.10,0.57,0,1,1,1,0,1,"","31",6,1,4,1,3,0,2,3,1,2,17,9,9,5,8,4,13,14,56,44,0.00,0.00,0.00,0.00,2.19,40,58,37,19,8,27,61,32,74,9.00,5.36,2.35,3.06,3.60,0.00,0.00,0.00,0.00,0.00,0.00,Stadio Libero Liberati
1431176400,May 09 2015 - 1:00pm,complete,3088,Carpi,Virtus Lanciano,N/A,40,2.16,0.89,2.05,0.86,0,0,0,0,0,0,"","",2,5,1,0,1,0,0,1,1,0,5,10,0,5,5,5,14,13,59,41,0.00,0.00,0.00,0.00,2.45,53,66,45,24,14,27,61,40,68,11.16,6.79,2.26,3.14,3.71,0.00,0.00,0.00,0.00,0.00,0.00,Stadio Sandro Cabassi
1431176400,May 09 2015 - 1:00pm,complete,5984,Spezia,Vicenza,N/A,40,1.89,1.37,1.82,1.27,0,0,0,0,0,0,"","",6,2,3,0,4,0,2,1,2,2,10,8,2,4,8,4,26,12,54,46,0.00,0.00,0.00,0.00,2.64,50,71,53,26,13,32,64,42,82,11.16,5.68,2.20,3.15,3.87,0.00,0.00,0.00,0.00,0.00,0.00,Stadio Alberto Picco
1431273600,May 10 2015 - 4:00pm,complete,6617,Crotone,Varese,N/A,40,1.68,0.63,1.71,0.57,1,0,1,1,1,0,"31","",3,0,2,0,3,1,0,2,2,2,6,6,3,4,3,2,12,20,49,51,0.00,0.00,0.00,0.00,2.27,42,74,37,14,8,19,69,37,84,8.36,5.74,1.38,4.70,9.99,0.00,0.00,0.00,0.00,0.00,0.00,Stadio Ezio Scida
1431714600,May 15 2015 - 6:30pm,complete,11525,Perugia,Carpi,N/A,41,1.95,1.85,1.91,1.76,2,0,2,2,2,0,"7,13","",3,5,3,0,4,0,1,2,1,3,5,7,3,2,2,5,19,15,52,48,0.00,0.00,0.00,0.00,1.98,43,55,33,18,8,23,65,25,60,9.79,6.10,1.87,3.55,4.67,0.00,0.00,0.00,0.00,0.00,0.00,Stadio Renato Curi
1431781200,May 16 2015 - 1:00pm,complete,3657,Pro Vercelli,Bologna,N/A,41,1.80,1.55,1.76,1.57,1,1,2,0,0,0,"87","57",3,4,3,1,4,0,2,2,1,3,3,7,0,3,3,4,11,10,42,58,0.00,0.00,0.00,0.00,2.38,55,70,45,23,13,30,60,38,68,10.38,6.80,3.42,3.06,2.43,0.00,0.00,0.00,0.00,0.00,0.00,Stadio Silvio Piola
1431781200,May 16 2015 - 1:00pm,complete,12590,Catania,Cittadella,N/A,41,1.85,0.95,1.76,1.05,2,3,5,2,1,1,"42,85","39,53,90",5,2,5,0,5,0,1,4,1,4,9,5,3,5,6,0,26,20,58,42,0.00,0.00,0.00,0.00,2.85,68,78,53,38,15,30,78,43,75,8.47,7.30,1.77,3.75,5.04,0.00,0.00,0.00,0.00,0.00,0.00,Stadio Angelo Massimino
1431781200,May 16 2015 - 1:00pm,complete,8422,Frosinone,Crotone,N/A,41,2.25,0.60,2.29,0.57,3,1,4,2,2,0,"16,41,70","79",5,3,5,1,4,1,2,4,1,4,9,14,4,7,5,7,17,16,45,55,0.00,0.00,0.00,0.00,2.35,60,68,43,15,13,23,68,38,75,9.32,6.95,1.75,3.61,5.48,0.00,0.00,0.00,0.00,0.00,0.00,Stadio Comunale Matusa (Frosinone)
1431781200,May 16 2015 - 1:00pm,complete,2333,Virtus Entella,Latina,N/A,41,1.40,0.95,1.45,0.90,2,0,2,1,1,0,"6,74","",4,5,0,0,2,1,0,0,1,2,12,9,7,0,5,9,13,30,47,53,0.00,0.00,0.00,0.00,1.78,48,63,23,3,3,20,55,25,68,8.84,5.40,2.69,3.15,2.93,0.00,0.00,0.00,0.00,0.00,0.00,Stadio Comunale Chiavari
1431781200,May 16 2015 - 1:00pm,complete,2516,Varese,Pescara,N/A,41,1.20,1.45,1.29,1.42,2,1,3,1,1,0,"45'2,90'4","73",6,6,2,0,3,0,1,1,2,1,8,12,5,7,3,5,14,16,43,57,0.00,0.00,0.00,0.00,3.20,75,88,65,38,20,43,78,58,93,9.27,6.15,6.00,4.17,1.60,0.00,0.00,0.00,0.00,0.00,0.00,Stadio Franco Ossola
1431781200,May 16 2015 - 1:00pm,complete,2492,Virtus Lanciano,Spezia,N/A,41,1.60,1.20,1.52,1.29,0,2,2,1,0,1,"","45,90'4",4,6,2,0,0,0,0,2,0,0,12,13,6,9,6,4,16,14,52,48,0.00,0.00,0.00,0.00,2.23,48,70,38,18,5,20,50,43,73,9.22,5.30,3.04,3.02,2.70,0.00,0.00,0.00,0.00,0.00,0.00,Stadio Comunale Guido Biondi
1431781200,May 16 2015 - 1:00pm,complete,6183,Modena,Ternana,N/A,41,1.50,1.25,1.41,1.33,1,2,3,2,1,1,"31","45'1,77",15,7,5,1,2,0,1,5,0,2,14,13,8,6,6,7,14,18,50,50,0.00,0.00,0.00,0.00,1.88,45,63,30,10,3,28,63,23,60,9.17,5.55,2.15,3.21,3.94,0.00,0.00,0.00,0.00,0.00,0.00,Stadio Alberto Braglia
1431781200,May 16 2015 - 1:00pm,complete,9000,Avellino,Trapani,N/A,41,1.90,0.40,1.77,0.43,1,1,2,0,0,0,"55","90'6",8,7,3,0,3,0,1,2,0,3,17,6,7,3,10,3,15,17,56,44,0.00,0.00,0.00,0.00,2.38,48,63,45,18,13,28,75,30,70,11.84,6.10,1.68,3.85,5.64,0.00,0.00,0.00,0.00,0.00,0.00,Stadio Partenio-Adriano Lombardi
1431781200,May 16 2015 - 1:00pm,complete,7187,Livorno,Vicenza,N/A,41,1.90,1.35,1.86,1.27,1,1,2,1,1,0,"33","90'3",1,7,1,1,1,0,0,2,1,0,5,7,2,5,3,2,30,9,39,61,0.00,0.00,0.00,0.00,2.50,48,60,45,30,15,25,55,38,78,9.39,5.65,2.24,3.26,3.61,0.00,0.00,0.00,0.00,0.00,0.00,Stadio Armando Picchi
1431792000,May 16 2015 - 4:00pm,complete,15102,Bari 1908,Brescia,N/A,41,1.65,0.85,1.71,0.81,3,2,5,2,2,0,"11,31,61","56,68",9,7,0,0,1,0,0,0,0,1,13,15,5,11,8,4,13,14,48,52,0.00,0.00,0.00,0.00,2.40,48,73,38,18,13,30,65,38,83,11.80,6.55,2.89,3.24,2.66,0.00,0.00,0.00,0.00,0.00,0.00,Stadio Comunale San Nicola
1432319400,May 22 2015 - 6:30pm,complete,6980,Brescia,Avellino,N/A,42,1.40,1.00,1.48,1.13,3,2,5,3,2,1,"19,45,55","21,78",5,4,1,0,0,0,0,1,0,0,10,12,5,3,5,9,16,9,50,50,0.00,0.00,0.00,0.00,2.30,55,65,43,20,10,25,70,38,65,9.60,6.25,3.03,3.10,2.65,0.00,0.00,0.00,0.00,0.00,0.00,Stadio Mario Rigamonti
1432319400,May 22 2015 - 6:30pm,complete,7204,Spezia,Bari 1908,N/A,42,1.85,0.90,1.82,0.86,1,0,1,0,0,0,"62","",5,1,3,0,3,1,0,3,1,3,8,11,4,3,4,8,24,16,55,45,0.00,0.00,0.00,0.00,2.53,48,75,43,18,15,28,68,43,80,11.92,6.00,1.75,3.61,5.49,0.00,0.00,0.00,0.00,0.00,0.00,Stadio Alberto Picco
1432319400,May 22 2015 - 6:30pm,complete,3600,Carpi,Catania,N/A,42,2.10,0.55,2.05,0.57,0,0,0,0,0,0,"","",0,7,0,0,2,0,0,0,1,1,5,3,0,0,5,3,14,12,49,51,0.00,0.00,0.00,0.00,2.48,40,63,50,25,15,30,63,38,73,9.60,7.15,0.00,0.00,0.00,0.00,0.00,0.00,0.00,0.00,0.00,Stadio Sandro Cabassi
1432319400,May 22 2015 - 6:30pm,complete,9018,Pescara,Livorno,N/A,42,1.45,1.00,1.57,0.95,3,0,3,1,1,0,"30,52,90'2","",2,5,3,0,5,0,1,2,3,2,7,14,3,6,4,8,20,19,43,57,0.00,0.00,0.00,0.00,2.40,48,68,43,25,15,23,50,50,78,9.99,6.65,2.46,3.20,3.22,0.00,0.00,0.00,0.00,0.00,0.00,Stadio Adriatico-Giovanni Cornacchia
1432319400,May 22 2015 - 6:30pm,complete,5434,Latina,Modena,N/A,42,1.50,0.80,1.48,0.82,1,1,2,2,1,1,"29","20",5,3,4,0,2,0,2,2,1,1,7,8,4,4,3,4,20,18,45,55,0.00,0.00,0.00,0.00,2.08,48,65,28,13,13,28,63,28,73,10.10,6.70,2.66,2.97,3.15,0.00,0.00,0.00,0.00,0.00,0.00,Stadio Comunale Domenico Francioni
1432319400,May 22 2015 - 6:30pm,complete,3168,Cittadella,Perugia,N/A,42,1.10,1.05,1.05,1.14,0,2,2,0,0,0,"","58,88",8,5,2,0,1,0,0,2,1,0,19,16,8,9,11,7,16,10,42,58,0.00,0.00,0.00,0.00,2.20,53,68,40,23,8,18,68,40,68,9.10,6.40,1.79,3.69,4.95,0.00,0.00,0.00,0.00,0.00,0.00,Stadio Pier Cesare Tombolato
1432319400,May 22 2015 - 6:30pm,complete,6267,Trapani,Pro Vercelli,N/A,42,2.05,0.60,2.10,0.57,2,1,3,1,1,0,"4,49","70",2,6,2,0,1,0,0,2,0,1,5,17,3,9,2,8,11,9,44,56,0.00,0.00,0.00,0.00,2.75,55,65,55,38,20,35,63,45,75,9.89,5.50,0.00,0.00,0.00,0.00,0.00,0.00,0.00,0.00,0.00,Stadio Polisportivo Provinciale
1432319400,May 22 2015 - 6:30pm,complete,6650,Ternana,Varese,N/A,42,1.00,0.60,1.10,0.57,2,0,2,1,1,0,"37,88","",4,0,2,0,2,0,2,0,2,0,16,4,7,0,9,4,15,10,57,43,0.00,0.00,0.00,0.00,1.93,33,58,30,10,3,18,65,30,70,8.40,6.25,1.47,4.38,8.19,0.00,0.00,0.00,0.00,0.00,0.00,Stadio Libero Liberati
1432319400,May 22 2015 - 6:30pm,complete,8500,Crotone,Virtus Entella,N/A,42,1.75,0.75,1.71,0.77,0,0,0,0,0,0,"","",4,2,2,0,2,0,2,0,1,1,7,5,3,3,4,2,22,18,53,47,0.00,0.00,0.00,0.00,2.33,45,70,38,20,10,20,75,33,70,7.99,5.00,2.18,3.27,3.77,0.00,0.00,0.00,0.00,0.00,0.00,Stadio Ezio Scida
1432319400,May 22 2015 - 6:30pm,complete,12224,Bologna,Virtus Lanciano,N/A,42,1.65,0.90,1.61,0.86,1,0,1,1,1,0,"17","",11,1,2,0,5,0,0,2,3,2,11,6,4,2,7,4,14,11,49,51,0.00,0.00,0.00,0.00,1.98,45,65,30,13,8,15,58,35,65,10.30,5.90,1.29,5.39,9.99,0.00,0.00,0.00,0.00,0.00,0.00,Stadio Renato Dall'Ara
1432319400,May 22 2015 - 6:30pm,complete,10672,Vicenza,Frosinone,N/A,42,1.85,1.15,1.86,1.10,2,1,3,0,0,0,"82,84","65",6,2,3,0,3,0,1,2,0,3,16,8,6,3,10,5,9,12,61,39,0.00,0.00,0.00,0.00,2.15,40,58,43,23,8,20,65,33,70,9.48,6.25,1.43,4.74,8.46,0.00,0.00,0.00,0.00,0.00,0.00,Stadio Romeo Menti
1432657800,May 26 2015 - 4:30pm,complete,9290,Perugia,Pescara,N/A,N/A,1.57,1.45,1.53,1.49,1,2,3,0,0,0,"52","62,74",3,4,5,0,4,0,1,4,3,1,7,6,3,3,4,3,17,24,48,52,0.00,0.00,0.00,0.00,2.54,55,75,51,29,11,24,62,51,79,9.51,6.21,2.31,3.16,3.58,0.00,0.00,0.00,0.00,0.00,0.00,Stadio Renato Curi
1432666800,May 26 2015 - 7:00pm,complete,6015,Spezia,Avellino,N/A,N/A,1.60,1.40,1.56,1.44,1,2,3,1,0,1,"71","40,97",10,2,1,0,7,1,1,0,4,4,18,12,11,4,7,8,19,33,52,48,0.00,0.00,0.00,0.00,2.18,45,62,38,17,11,21,61,35,69,11.14,5.66,2.20,3.13,3.90,0.00,0.00,0.00,0.00,0.00,0.00,Stadio Alberto Picco
1432917000,May 29 2015 - 4:30pm,complete,12252,Pescara,Vicenza,N/A,N/A,1.49,1.62,1.49,1.57,1,0,1,0,0,0,"86","",4,1,3,0,4,1,0,3,2,3,8,7,2,2,6,5,19,18,51,49,0.00,0.00,0.00,0.00,2.44,51,68,51,26,11,24,58,45,80,9.83,5.88,2.24,2.99,4.01,0.00,0.00,0.00,0.00,0.00,0.00,Stadio Adriatico-Giovanni Cornacchia
1432926000,May 29 2015 - 7:00pm,complete,10000,Avellino,Bologna,N/A,N/A,1.44,1.62,1.44,1.59,0,1,1,1,0,1,"","24",8,1,2,0,1,0,1,1,0,1,13,5,6,2,7,3,19,11,60,40,0.00,0.00,0.00,0.00,2.01,46,63,36,13,7,20,64,32,64,10.55,6.28,3.02,2.93,2.79,0.00,0.00,0.00,0.00,0.00,0.00,Stadio Partenio-Adriano Lombardi
1433003400,May 30 2015 - 4:30pm,complete,4000,Virtus Entella,Modena,N/A,N/A,1.12,1.12,1.11,1.11,2,2,4,3,2,1,"25,38","42,67",5,6,2,0,2,0,1,1,0,2,5,6,3,3,2,3,13,17,50,50,0.00,0.00,0.00,0.00,1.97,43,66,28,10,6,25,63,25,63,8.61,5.67,2.72,2.98,3.07,0.00,0.00,0.00,0.00,0.00,0.00,Stadio Comunale Chiavari
1433262600,Jun 02 2015 - 4:30pm,complete,20104,Bologna,Avellino,N/A,N/A,1.65,1.41,1.59,1.44,2,3,5,3,1,2,"19,51","7,45,84",4,1,5,0,4,0,1,4,0,4,11,9,6,4,5,5,19,14,48,52,0.00,0.00,0.00,0.00,1.99,45,61,35,13,7,20,64,31,62,10.50,6.21,1.98,3.20,4.71,0.00,0.00,0.00,0.00,0.00,0.00,Stadio Renato Dall'Ara
1433271600,Jun 02 2015 - 7:00pm,complete,12112,Vicenza,Pescara,N/A,N/A,1.58,1.52,1.57,1.49,2,2,4,2,1,1,"45,81","4,65",7,4,5,0,2,0,2,3,0,2,10,10,5,8,5,2,18,14,62,38,0.00,0.00,0.00,0.00,2.41,49,67,49,25,10,23,56,44,80,9.72,5.94,2.16,3.16,3.98,0.00,0.00,0.00,0.00,0.00,0.00,Stadio Romeo Menti
1433529000,Jun 05 2015 - 6:30pm,complete,18772,Pescara,Bologna,N/A,N/A,1.51,1.61,1.49,1.59,0,0,0,0,0,0,"","",9,4,1,0,2,0,0,1,1,1,6,12,0,5,6,7,17,21,56,44,0.00,0.00,0.00,0.00,2.49,54,73,51,25,13,26,61,49,76,9.61,6.38,2.62,3.12,3.05,0.00,0.00,0.00,0.00,0.00,0.00,Stadio Adriatico-Giovanni Cornacchia
1433608200,Jun 06 2015 - 4:30pm,complete,5644,Modena,Virtus Entella,N/A,N/A,1.12,1.12,1.11,1.11,1,1,2,2,1,1,"23","36",4,5,4,1,3,1,1,4,2,2,6,9,2,5,4,4,18,24,49,51,0.00,0.00,0.00,0.00,2.01,44,66,30,12,6,27,64,25,64,8.67,5.63,2.10,3.23,4.12,0.00,0.00,0.00,0.00,0.00,0.00,Stadio Alberto Braglia
1433874600,Jun 09 2015 - 6:30pm,complete,30000,Bologna,Pescara,N/A,N/A,1.60,1.50,1.59,1.49,1,1,2,1,1,0,"37","56",1,5,2,1,4,0,1,2,1,3,8,14,4,8,4,6,14,17,45,55,0.00,0.00,0.00,0.00,2.44,53,71,50,24,12,25,60,49,74,9.68,6.31,2.13,3.23,3.98,0.00,0.00,0.00,0.00,0.00,0.00,Stadio Renato Dall'Ara
