timestamp,date_GMT,status,attendance,home_team_name,away_team_name,referee,Game Week,Pre-Match PPG (Home),Pre-Match PPG (Away),home_ppg,away_ppg,home_team_goal_count,away_team_goal_count,total_goal_count,total_goals_at_half_time,home_team_goal_count_half_time,away_team_goal_count_half_time,home_team_goal_timings,away_team_goal_timings,home_team_corner_count,away_team_corner_count,home_team_yellow_cards,home_team_red_cards,away_team_yellow_cards,away_team_red_cards,home_team_first_half_cards,home_team_second_half_cards,away_team_first_half_cards,away_team_second_half_cards,home_team_shots,away_team_shots,home_team_shots_on_target,away_team_shots_on_target,home_team_shots_off_target,away_team_shots_off_target,home_team_fouls,away_team_fouls,home_team_possession,away_team_possession,Home Team Pre-Match xG,Away Team Pre-Match xG,team_a_xg,team_b_xg,average_goals_per_match_pre_match,btts_percentage_pre_match,over_15_percentage_pre_match,over_25_percentage_pre_match,over_35_percentage_pre_match,over_45_percentage_pre_match,over_15_HT_FHG_percentage_pre_match,over_05_HT_FHG_percentage_pre_match,over_15_2HG_percentage_pre_match,over_05_2HG_percentage_pre_match,average_corners_per_match_pre_match,average_cards_per_match_pre_match,odds_ft_home_team_win,odds_ft_draw,odds_ft_away_team_win,odds_ft_over15,odds_ft_over25,odds_ft_over35,odds_ft_over45,odds_btts_yes,odds_btts_no,stadium_name
1377282600,Aug 23 2013 - 6:30pm,complete,14713,Reggina,Bari 1908,N/A,1,0.00,0.00,0.86,1.30,0,0,0,0,0,0,"","",8,4,3,0,3,1,1,2,0,4,10,9,9,3,1,6,21,24,47,53,0.00,0.00,0.00,0.00,0.00,0,0,0,0,0,0,0,0,0,0.00,0.00,0.00,0.00,0.00,0.00,0.00,0.00,0.00,0.00,0.00,Stadio Oreste Granillo
1377369000,Aug 24 2013 - 6:30pm,complete,9000,Avellino,Novara,N/A,1,0.00,0.00,1.95,0.50,2,1,3,1,1,0,"41,50","87",2,8,0,0,1,0,0,0,1,0,6,12,5,4,1,8,15,14,50,50,0.00,0.00,0.00,0.00,0.00,0,0,0,0,0,0,0,0,0,0.00,0.00,2.99,3.11,2.67,0.00,0.00,0.00,0.00,0.00,0.00,Stadio Partenio-Adriano Lombardi
1377369000,Aug 24 2013 - 6:30pm,complete,2897,Empoli,Latina,N/A,1,0.00,0.00,2.05,1.48,3,1,4,3,3,0,"14,16,22","77",4,4,1,1,3,1,1,1,1,3,17,12,7,8,10,4,17,17,49,51,0.00,0.00,0.00,0.00,0.00,0,0,0,0,0,0,0,0,0,0.00,0.00,1.64,3.74,6.51,0.00,0.00,0.00,0.00,0.00,0.00,Stadio Carlo Castellani
1377369000,Aug 24 2013 - 6:30pm,complete,4552,Modena,Palermo,N/A,1,0.00,0.00,1.96,2.10,1,1,2,1,0,1,"86","45",8,4,2,0,2,0,1,1,0,2,8,5,4,4,4,1,15,19,53,47,0.00,0.00,0.00,0.00,0.00,0,0,0,0,0,0,0,0,0,0.00,0.00,3.90,3.17,2.18,0.00,0.00,0.00,0.00,0.00,0.00,Stadio Alberto Braglia
1377369000,Aug 24 2013 - 6:30pm,complete,5193,Calcio Padova,Trapani,N/A,1,0.00,0.00,1.33,1.29,0,2,2,0,0,0,"","64,90'4",9,0,2,0,3,0,1,1,1,2,11,7,6,5,5,2,15,21,48,52,0.00,0.00,0.00,0.00,0.00,0,0,0,0,0,0,0,0,0,0.00,0.00,2.00,3.28,4.40,0.00,0.00,0.00,0.00,0.00,0.00,Stadio Comunale Euganeo
1377369000,Aug 24 2013 - 6:30pm,complete,12445,Pescara,Juve Stabia,N/A,1,0.00,0.00,1.29,0.33,3,0,3,2,2,0,"22,44,73","",7,5,0,0,2,1,0,0,1,2,13,6,8,4,5,2,11,16,47,53,0.00,0.00,0.00,0.00,0.00,0,0,0,0,0,0,0,0,0,0.00,0.00,1.83,3.43,5.18,0.00,0.00,0.00,0.00,0.00,0.00,Stadio Adriatico-Giovanni Cornacchia
1377369000,Aug 24 2013 - 6:30pm,complete,5102,Robur Siena,Crotone,N/A,1,0.00,0.00,2.10,1.24,5,2,7,3,3,0,"16,26,41,78,88","48,82",9,8,2,0,0,0,0,2,0,0,7,12,5,8,2,4,13,10,49,51,0.00,0.00,0.00,0.00,0.00,0,0,0,0,0,0,0,0,0,0.00,0.00,1.64,3.69,6.68,0.00,0.00,0.00,0.00,0.00,0.00,Stadio Comunale Artemio Franchi - Montepaschi Arena
1377369000,Aug 24 2013 - 6:30pm,complete,6086,Spezia,Cittadella,N/A,1,0.00,0.00,1.62,1.05,0,0,0,0,0,0,"","",10,6,1,0,3,2,0,1,2,3,12,10,5,4,7,6,12,21,49,51,0.00,0.00,0.00,0.00,0.00,0,0,0,0,0,0,0,0,0,0.00,0.00,1.85,3.43,5.00,0.00,0.00,0.00,0.00,0.00,0.00,Stadio Alberto Picco
1377369000,Aug 24 2013 - 6:30pm,complete,6172,Ternana,Carpi,N/A,1,0.00,0.00,1.52,1.62,1,0,1,1,1,0,"35","",4,7,1,0,2,0,1,0,0,2,8,10,0,3,8,7,13,18,51,49,0.00,0.00,0.00,0.00,0.00,0,0,0,0,0,0,0,0,0,0.00,0.00,1.81,3.41,5.45,0.00,0.00,0.00,0.00,0.00,0.00,Stadio Libero Liberati
1377369000,Aug 24 2013 - 6:30pm,complete,4000,Brescia,Virtus Lanciano,N/A,1,0.00,0.00,1.19,1.29,2,2,4,2,1,1,"4,79","31,86",9,9,2,0,2,0,0,2,0,2,13,12,7,7,6,5,9,11,50,50,0.00,0.00,0.00,0.00,0.00,0,0,0,0,0,0,0,0,0,0.00,0.00,1.76,3.49,5.67,0.00,0.00,0.00,0.00,0.00,0.00,Stadio Mario Rigamonti
1377541800,Aug 26 2013 - 6:30pm,complete,10567,Cesena,Varese,N/A,1,0.00,0.00,1.65,0.91,1,0,1,0,0,0,"59","",3,3,3,0,5,1,3,0,2,4,9,9,4,3,5,6,20,27,52,48,0.00,0.00,0.00,0.00,0.00,0,0,0,0,0,0,0,0,0,0.00,0.00,2.52,3.10,3.22,0.00,0.00,0.00,0.00,0.00,0.00,Orogel Stadium-Dino Manuzzi
1377964800,Aug 31 2013 - 4:00pm,complete,5129,Novara,Robur Siena,N/A,2,0.00,0.00,1.55,1.19,2,1,3,0,0,0,"49,90'6","71",6,3,2,0,1,0,0,2,0,1,11,7,5,4,6,3,15,17,49,51,0.00,0.00,0.00,0.00,0.00,0,0,0,0,0,0,0,0,0,0.00,0.00,2.63,3.15,3.01,0.00,0.00,0.00,0.00,0.00,0.00,Stadio Comunale Silvio Piola
1377973800,Aug 31 2013 - 6:30pm,complete,1039,Bari 1908,Brescia,N/A,2,0.00,0.00,1.91,1.62,0,0,0,0,0,0,"","",7,6,3,0,2,0,2,1,0,2,13,9,3,4,10,5,20,18,51,49,0.00,0.00,0.00,0.00,0.00,0,0,0,0,0,0,0,0,0,0.00,0.00,2.86,3.06,2.83,0.00,0.00,0.00,0.00,0.00,0.00,Stadio Comunale San Nicola
1377973800,Aug 31 2013 - 6:30pm,complete,1907,Cittadella,Ternana,N/A,2,0.00,0.00,1.19,0.90,2,2,4,0,0,0,"76,78","65,90",3,4,1,0,2,0,0,1,1,1,8,7,4,6,4,1,21,14,50,50,0.00,0.00,0.00,0.00,0.00,0,0,0,0,0,0,0,0,0,0.00,0.00,2.77,3.04,2.95,0.00,0.00,0.00,0.00,0.00,0.00,Stadio Pier Cesare Tombolato
1377973800,Aug 31 2013 - 6:30pm,complete,3246,Crotone,Cesena,N/A,2,0.00,0.00,1.68,1.65,1,2,3,1,1,0,"9","51,82",8,5,0,0,2,0,0,0,2,0,11,4,5,0,6,4,9,13,47,53,0.00,0.00,0.00,0.00,0.00,0,0,0,0,0,0,0,0,0,0.00,0.00,2.39,3.13,3.44,0.00,0.00,0.00,0.00,0.00,0.00,Stadio Ezio Scida
1377973800,Aug 31 2013 - 6:30pm,complete,2657,Juve Stabia,Spezia,N/A,2,0.00,0.00,0.57,1.27,1,2,3,2,1,1,"16","3,88",5,4,1,0,1,0,1,0,0,1,14,4,6,3,8,1,20,17,50,50,0.00,0.00,0.00,0.00,0.00,0,0,0,0,0,0,0,0,0,0.00,0.00,2.55,3.14,3.13,0.00,0.00,0.00,0.00,0.00,0.00,Stadio Comunale Romeo Menti
1377973800,Aug 31 2013 - 6:30pm,complete,5307,Latina,Avellino,N/A,2,0.00,0.00,1.57,0.86,1,1,2,1,0,1,"60","13",7,5,3,0,3,0,2,1,0,3,16,10,7,4,9,6,21,19,48,52,0.00,0.00,0.00,0.00,0.00,0,0,0,0,0,0,0,0,0,0.00,0.00,2.45,3.12,3.33,0.00,0.00,0.00,0.00,0.00,0.00,Stadio Comunale Domenico Francioni
1377973800,Aug 31 2013 - 6:30pm,complete,11163,Palermo,Empoli,N/A,2,0.00,0.00,2.00,1.38,1,2,3,2,1,1,"29","15,67",4,7,3,1,1,0,2,2,1,0,13,13,4,4,9,9,13,5,47,53,0.00,0.00,0.00,0.00,0.00,0,0,0,0,0,0,0,0,0,0.00,0.00,2.11,3.31,3.93,0.00,0.00,0.00,0.00,0.00,0.00,Stadio Renzo Barbera
1377973800,Aug 31 2013 - 6:30pm,complete,2590,Varese,Modena,N/A,2,0.00,0.00,1.41,1.05,1,1,2,0,0,0,"90","69",6,1,3,1,3,0,2,2,1,2,8,10,3,3,5,7,16,18,48,52,0.00,0.00,0.00,0.00,0.00,0,0,0,0,0,0,0,0,0,0.00,0.00,2.04,3.20,4.40,0.00,0.00,0.00,0.00,0.00,0.00,Stadio Franco Ossola
1377973800,Aug 31 2013 - 6:30pm,complete,2738,Virtus Lanciano,Reggina,N/A,2,0.00,0.00,1.57,0.52,1,1,2,1,1,0,"1","86",6,0,3,0,5,1,3,0,1,5,12,6,6,3,6,3,13,11,49,51,0.00,0.00,0.00,0.00,0.00,0,0,0,0,0,0,0,0,0,0.00,0.00,2.61,3.02,3.18,0.00,0.00,0.00,0.00,0.00,0.00,Stadio Comunale Guido Biondi
1378146600,Sep 02 2013 - 6:30pm,complete,6581,Trapani,Pescara,N/A,2,0.00,0.00,1.43,1.19,2,2,4,2,1,1,"34,69","9,57",5,7,1,1,2,0,0,2,1,1,10,13,4,6,6,7,11,12,52,48,0.00,0.00,0.00,0.00,0.00,0,0,0,0,0,0,0,0,0,0.00,0.00,2.56,3.17,3.09,0.00,0.00,0.00,0.00,0.00,0.00,Stadio Polisportivo Provinciale
1378569600,Sep 07 2013 - 4:00pm,complete,6081,Spezia,Carpi,N/A,3,1.00,0.00,1.62,1.62,0,2,2,1,0,1,"","27,90",5,2,2,2,3,0,2,2,1,2,12,9,4,6,8,3,11,22,52,48,0.00,0.00,0.00,0.00,0.50,0,0,0,0,0,0,50,0,0,17.00,3.00,1.52,4.01,8.08,0.00,0.00,0.00,0.00,0.00,0.00,Stadio Alberto Picco
1378578600,Sep 07 2013 - 6:30pm,complete,5000,Brescia,Novara,N/A,3,1.00,0.00,1.19,0.50,1,1,2,1,1,0,"26","59",5,3,2,0,2,1,2,0,1,2,12,7,6,3,6,4,16,15,51,49,0.00,0.00,0.00,0.00,3.50,100,100,100,50,0,50,100,100,100,17.00,3.00,2.42,3.29,3.19,0.00,0.00,0.00,0.00,0.00,0.00,Stadio Mario Rigamonti
1378645200,Sep 08 2013 - 1:00pm,complete,10292,Cesena,Virtus Lanciano,N/A,3,3.00,1.00,1.65,1.29,0,1,1,0,0,0,"","53",6,4,2,0,3,0,2,0,3,0,10,12,4,3,6,9,15,21,52,48,0.00,0.00,0.00,0.00,2.50,50,50,50,50,0,50,50,50,100,12.00,5.00,1.96,3.35,4.52,0.00,0.00,0.00,0.00,0.00,0.00,Orogel Stadium-Dino Manuzzi
1378645200,Sep 08 2013 - 1:00pm,complete,3207,Empoli,Trapani,N/A,3,3.00,3.00,2.05,1.29,1,1,2,1,1,0,"16","73",7,3,4,0,5,0,2,2,2,3,12,13,5,6,7,7,10,20,50,50,0.00,0.00,0.00,0.00,3.00,50,100,50,50,0,50,50,50,100,4.00,6.00,1.60,3.89,6.76,0.00,0.00,0.00,0.00,0.00,0.00,Stadio Carlo Castellani
1378645200,Sep 08 2013 - 1:00pm,complete,5353,Latina,Varese,N/A,3,1.00,0.00,1.57,0.91,0,3,3,1,0,1,"","24,57,89",7,3,2,0,1,0,0,2,1,0,15,8,5,4,10,4,14,16,48,52,0.00,0.00,0.00,0.00,1.50,50,50,0,0,0,0,50,0,100,10.00,9.00,3.03,3.10,2.65,0.00,0.00,0.00,0.00,0.00,0.00,Stadio Comunale Domenico Francioni
1378645200,Sep 08 2013 - 1:00pm,complete,4184,Modena,Cittadella,N/A,3,1.00,1.00,1.96,1.05,2,0,2,1,1,0,"27,76","",4,1,1,0,3,0,1,0,1,2,8,10,4,3,4,7,11,19,53,47,0.00,0.00,0.00,0.00,1.00,50,50,0,0,0,0,50,0,50,14.00,8.00,1.95,3.39,4.49,0.00,0.00,0.00,0.00,0.00,0.00,Stadio Alberto Braglia
1378645200,Sep 08 2013 - 1:00pm,complete,10472,Pescara,Crotone,N/A,3,3.00,0.00,1.29,1.24,2,2,4,2,1,1,"43,58","30,77",7,4,2,0,3,0,1,1,1,2,12,5,7,3,5,2,10,14,53,47,0.00,0.00,0.00,0.00,5.00,50,100,100,50,50,100,100,50,100,15.00,0.00,1.65,3.84,6.17,0.00,0.00,0.00,0.00,0.00,0.00,Stadio Adriatico-Giovanni Cornacchia
1378645200,Sep 08 2013 - 1:00pm,complete,4667,Reggina,Juve Stabia,N/A,3,1.00,0.00,0.86,0.33,3,1,4,0,0,0,"70,76,81","49",10,9,1,0,2,0,0,1,0,2,9,7,7,2,2,5,12,19,47,53,0.00,0.00,0.00,0.00,1.50,0,50,50,0,0,50,50,0,50,13.00,7.00,2.28,3.29,3.49,0.00,0.00,0.00,0.00,0.00,0.00,Stadio Oreste Granillo
1378645200,Sep 08 2013 - 1:00pm,complete,5633,Robur Siena,Bari 1908,N/A,3,3.00,1.00,2.10,1.30,3,2,5,4,3,1,"6,8,36","39,90'1",5,7,3,0,1,0,0,3,1,0,5,15,3,7,2,8,14,18,52,48,0.00,0.00,0.00,0.00,3.50,50,50,50,50,50,50,50,50,50,13.00,6.00,1.52,4.01,8.08,0.00,0.00,0.00,0.00,0.00,0.00,Stadio Comunale Artemio Franchi - Montepaschi Arena
1378656000,Sep 08 2013 - 4:00pm,complete,9500,Avellino,Ternana,N/A,3,3.00,1.00,1.95,0.90,1,0,1,0,0,0,"54","",6,8,2,0,2,0,0,2,0,2,10,14,4,9,6,5,15,12,53,47,0.00,0.00,0.00,0.00,3.50,100,100,100,50,0,0,50,100,100,6.00,2.00,2.84,3.03,2.87,0.00,0.00,0.00,0.00,0.00,0.00,Stadio Partenio-Adriano Lombardi
1378665000,Sep 08 2013 - 6:30pm,complete,7308,Calcio Padova,Palermo,N/A,3,0.00,1.00,1.33,2.10,0,3,3,2,0,2,"","28,43,90'4",7,0,3,0,4,1,3,0,1,4,16,4,7,3,9,1,12,21,49,51,0.00,0.00,0.00,0.00,2.00,50,100,0,0,0,0,50,50,100,13.00,4.00,2.87,3.08,2.81,0.00,0.00,0.00,0.00,0.00,0.00,Stadio Comunale Euganeo
1379097000,Sep 13 2013 - 6:30pm,complete,11741,Palermo,Cesena,N/A,4,0.00,3.00,2.00,1.65,2,1,3,0,0,0,"60,68","53",4,3,2,0,4,0,0,2,0,4,9,8,4,2,5,6,17,12,52,48,0.00,0.00,0.00,0.00,3.00,100,100,100,0,0,50,100,50,100,9.00,6.00,1.63,3.79,6.62,0.00,0.00,0.00,0.00,0.00,0.00,Stadio Renzo Barbera
1379163600,Sep 14 2013 - 1:00pm,complete,936,Bari 1908,Modena,N/A,4,1.00,1.00,1.91,1.05,1,0,1,0,0,0,"53","",9,4,3,0,2,0,2,1,0,2,9,8,6,3,3,5,16,11,53,47,0.00,0.00,0.00,0.00,1.00,50,50,0,0,0,0,0,50,50,8.00,6.00,2.66,3.06,3.06,0.00,0.00,0.00,0.00,0.00,0.00,Stadio Comunale San Nicola
1379163600,Sep 14 2013 - 1:00pm,complete,2363,Carpi,Empoli,N/A,4,0.00,3.00,1.19,1.38,0,2,2,1,0,1,"","28,55",7,6,2,0,3,0,1,1,1,2,12,10,5,9,7,1,18,20,51,49,0.00,0.00,0.00,0.00,1.50,50,50,50,0,0,50,50,0,50,7.00,1.00,3.60,3.15,2.30,0.00,0.00,0.00,0.00,0.00,0.00,Stadio Sandro Cabassi
1379163600,Sep 14 2013 - 1:00pm,complete,1866,Cittadella,Latina,N/A,4,1.00,0.00,1.19,1.48,0,0,0,0,0,0,"","",7,5,1,0,2,0,0,1,0,2,10,9,4,4,6,5,13,14,52,48,0.00,0.00,0.00,0.00,4.00,100,100,100,100,0,50,50,50,100,7.00,6.00,2.09,3.19,4.20,0.00,0.00,0.00,0.00,0.00,0.00,Stadio Pier Cesare Tombolato
1379163600,Sep 14 2013 - 1:00pm,complete,3053,Crotone,Spezia,N/A,4,0.00,3.00,1.68,1.27,1,0,1,1,1,0,"7","",3,8,2,0,4,0,1,1,2,2,6,7,3,4,3,3,22,18,52,48,0.00,0.00,0.00,0.00,3.00,100,100,100,0,0,50,100,50,100,12.00,1.00,2.52,3.14,3.17,0.00,0.00,0.00,0.00,0.00,0.00,Stadio Ezio Scida
1379163600,Sep 14 2013 - 1:00pm,complete,2488,Juve Stabia,Robur Siena,N/A,4,0.00,0.00,0.57,1.19,2,2,4,3,2,1,"24,32","37,66",5,9,4,0,2,0,3,1,2,0,9,9,4,6,5,3,16,20,47,53,0.00,0.00,0.00,0.00,3.00,100,100,100,0,0,50,50,50,100,8.00,2.00,3.64,3.25,2.23,0.00,0.00,0.00,0.00,0.00,0.00,Stadio Comunale Romeo Menti
1379163600,Sep 14 2013 - 1:00pm,complete,4751,Novara,Calcio Padova,N/A,4,3.00,0.00,1.55,0.62,1,0,1,0,0,0,"49","",4,8,4,0,3,0,1,3,1,2,10,16,5,6,5,10,17,14,52,48,0.00,0.00,0.00,0.00,1.50,50,50,50,0,0,0,0,50,50,6.00,2.00,1.74,3.52,5.84,0.00,0.00,0.00,0.00,0.00,0.00,Stadio Comunale Silvio Piola
1379163600,Sep 14 2013 - 1:00pm,complete,5316,Trapani,Reggina,N/A,4,1.00,1.00,1.43,0.52,4,0,4,2,2,0,"20,41,50,63","",5,10,1,0,5,0,1,0,3,2,8,16,4,9,4,7,12,18,52,48,0.00,0.00,0.00,0.00,3.00,100,100,50,50,0,50,100,50,100,5.00,9.00,2.34,3.17,3.48,0.00,0.00,0.00,0.00,0.00,0.00,Stadio Polisportivo Provinciale
1379163600,Sep 14 2013 - 1:00pm,complete,2854,Varese,Pescara,N/A,4,1.00,1.00,1.41,1.19,3,2,5,2,1,1,"24,62,88","12,84",2,4,2,0,1,0,0,2,0,1,7,13,4,7,3,6,14,15,51,49,0.00,0.00,0.00,0.00,3.00,100,100,50,50,0,50,50,100,100,13.00,6.00,2.60,3.16,3.04,0.00,0.00,0.00,0.00,0.00,0.00,Stadio Franco Ossola
1379163600,Sep 14 2013 - 1:00pm,complete,3337,Virtus Lanciano,Avellino,N/A,4,1.00,1.00,1.57,0.86,1,0,1,1,1,0,"25","",5,6,2,0,5,0,0,2,3,2,15,11,7,6,8,5,21,15,52,48,0.00,0.00,0.00,0.00,2.00,100,100,0,0,0,0,100,0,100,11.00,6.00,2.25,3.09,3.81,0.00,0.00,0.00,0.00,0.00,0.00,Stadio Comunale Guido Biondi
1379356200,Sep 16 2013 - 6:30pm,complete,6567,Ternana,Brescia,N/A,4,3.00,1.00,1.52,1.62,1,2,3,2,1,1,"36","45'2,49",5,7,1,0,3,0,0,1,2,1,8,15,3,12,5,3,12,14,51,49,0.00,0.00,0.00,0.00,0.50,0,0,0,0,0,0,50,0,0,10.00,3.00,2.65,3.03,3.10,0.00,0.00,0.00,0.00,0.00,0.00,Stadio Libero Liberati
1379696400,Sep 20 2013 - 5:00pm,complete,4672,Latina,Virtus Lanciano,N/A,5,0.50,2.00,1.57,1.29,0,0,0,0,0,0,"","",9,4,1,0,5,0,1,0,1,4,13,10,8,4,5,6,12,14,53,47,0.00,0.00,0.00,0.00,2.50,50,75,50,25,0,25,75,50,100,13.50,5.00,2.40,3.15,3.38,0.00,0.00,0.00,0.00,0.00,0.00,Stadio Comunale Domenico Francioni
1379703600,Sep 20 2013 - 7:00pm,complete,7156,Spezia,Palermo,N/A,5,0.50,2.00,1.62,2.10,1,0,1,0,0,0,"59","",3,7,1,0,3,0,0,1,0,3,7,8,0,4,7,4,5,16,50,50,0.00,0.00,0.00,0.00,1.75,25,75,25,0,0,25,75,0,75,9.50,7.50,3.46,3.21,2.33,0.00,0.00,0.00,0.00,0.00,0.00,Stadio Alberto Picco
1379768400,Sep 21 2013 - 1:00pm,complete,7000,Avellino,Varese,N/A,5,3.00,1.50,1.95,0.91,1,1,2,1,0,1,"64","40",6,5,3,0,4,0,2,1,2,2,13,7,7,4,6,3,12,14,49,51,0.00,0.00,0.00,0.00,2.00,25,50,50,0,0,0,50,50,100,7.00,4.50,2.67,3.08,3.02,0.00,0.00,0.00,0.00,0.00,0.00,Stadio Partenio-Adriano Lombardi
1379768400,Sep 21 2013 - 1:00pm,complete,4200,Brescia,Crotone,N/A,5,1.00,0.50,1.19,1.24,1,2,3,2,0,2,"50","40,43",5,1,2,0,4,0,0,2,0,4,9,5,5,2,4,3,11,12,48,52,0.00,0.00,0.00,0.00,4.25,100,100,75,75,25,75,100,75,100,13.00,3.50,1.82,3.49,5.15,0.00,0.00,0.00,0.00,0.00,0.00,Stadio Mario Rigamonti
1379768400,Sep 21 2013 - 1:00pm,complete,9725,Cesena,Carpi,N/A,5,1.50,1.50,1.65,1.62,4,1,5,1,1,0,"10,69,84,90'1","88",1,7,3,0,2,0,1,2,2,0,9,14,6,5,3,9,15,23,53,47,0.00,0.00,0.00,0.00,1.25,0,25,0,0,0,0,50,0,75,9.00,5.00,2.00,3.22,4.56,0.00,0.00,0.00,0.00,0.00,0.00,Orogel Stadium-Dino Manuzzi
1379768400,Sep 21 2013 - 1:00pm,complete,1903,Cittadella,Juve Stabia,N/A,5,1.00,0.00,1.19,0.33,0,2,2,1,0,1,"","34,58",7,4,0,0,3,0,0,0,0,3,10,11,5,7,5,4,20,17,51,49,0.00,0.00,0.00,0.00,2.75,50,75,75,50,0,25,25,50,75,12.00,4.00,2.42,3.20,3.29,0.00,0.00,0.00,0.00,0.00,0.00,Stadio Pier Cesare Tombolato
1379768400,Sep 21 2013 - 1:00pm,complete,3023,Empoli,Calcio Padova,N/A,5,2.00,0.00,2.05,0.62,3,1,4,1,0,1,"60,86,90'4","14",3,6,1,0,3,0,0,1,1,2,11,12,4,7,7,5,13,18,49,51,0.00,0.00,0.00,0.00,2.00,50,50,25,25,0,25,50,0,100,13.50,6.50,1.61,3.81,6.81,0.00,0.00,0.00,0.00,0.00,0.00,Stadio Carlo Castellani
1379768400,Sep 21 2013 - 1:00pm,complete,4578,Modena,Trapani,N/A,5,2.00,2.00,1.96,1.29,3,1,4,2,2,0,"32,43,90'1","58",0,8,0,0,1,1,0,0,0,2,4,5,3,3,1,2,15,18,51,49,0.00,0.00,0.00,0.00,2.00,50,100,0,0,0,0,75,25,100,7.50,5.50,2.30,3.22,3.52,0.00,0.00,0.00,0.00,0.00,0.00,Stadio Alberto Braglia
1379768400,Sep 21 2013 - 1:00pm,complete,9676,Pescara,Bari 1908,N/A,5,2.00,0.50,1.29,1.30,0,1,1,1,0,1,"","13",8,3,2,0,4,0,1,1,2,2,13,12,10,4,3,8,15,23,49,51,0.00,0.00,0.00,0.00,3.00,50,75,75,50,25,75,75,25,75,12.50,3.50,1.65,3.80,6.27,0.00,0.00,0.00,0.00,0.00,0.00,Stadio Adriatico-Giovanni Cornacchia
1379768400,Sep 21 2013 - 1:00pm,complete,4061,Reggina,Novara,N/A,5,2.00,0.50,0.86,0.50,1,1,2,1,0,1,"72","28",10,4,0,0,2,0,0,0,2,0,15,9,8,3,7,6,12,12,49,51,0.00,0.00,0.00,0.00,2.25,75,75,50,25,0,0,50,50,75,14.50,4.00,2.85,3.17,2.75,0.00,0.00,0.00,0.00,0.00,0.00,Stadio Oreste Granillo
1379768400,Sep 21 2013 - 1:00pm,complete,6118,Robur Siena,Ternana,N/A,5,3.00,0.50,2.10,0.90,1,1,2,1,0,1,"68","43",6,3,3,0,3,0,1,2,2,1,12,6,5,3,7,3,13,17,47,53,0.00,0.00,0.00,0.00,4.25,75,75,75,75,50,50,50,50,100,13.00,4.50,1.74,3.57,5.75,0.00,0.00,0.00,0.00,0.00,0.00,Stadio Comunale Artemio Franchi - Montepaschi Arena
1380047400,Sep 24 2013 - 6:30pm,complete,8933,Bari 1908,Palermo,N/A,6,2.00,1.33,1.91,2.10,2,1,3,1,1,0,"30,73","79",2,6,3,0,5,0,1,2,1,4,11,9,3,5,8,4,17,22,51,49,0.00,0.00,0.00,0.00,1.25,17,34,17,0,0,17,34,0,75,11.67,6.67,3.38,3.12,2.41,0.00,0.00,0.00,0.00,0.00,0.00,Stadio Comunale San Nicola
1380047400,Sep 24 2013 - 6:30pm,complete,2539,Carpi,Brescia,N/A,6,0.00,2.00,1.19,1.62,0,0,0,0,0,0,"","",8,3,3,0,3,0,1,2,2,1,17,7,8,3,9,4,16,11,50,50,0.00,0.00,0.00,0.00,1.75,25,75,25,0,0,25,75,0,75,13.50,4.50,3.93,3.13,2.19,0.00,0.00,0.00,0.00,0.00,0.00,Stadio Sandro Cabassi
1380047400,Sep 24 2013 - 6:30pm,complete,3487,Crotone,Modena,N/A,6,1.50,0.50,1.68,1.05,3,1,4,2,2,0,"26,36,84","54",4,5,2,0,2,0,0,2,1,1,5,5,4,3,1,2,15,25,48,52,0.00,0.00,0.00,0.00,1.75,50,50,25,0,0,0,50,50,75,8.00,3.50,2.35,3.09,3.55,0.00,0.00,0.00,0.00,0.00,0.00,Stadio Ezio Scida
1380047400,Sep 24 2013 - 6:30pm,complete,4408,Empoli,Robur Siena,N/A,6,2.33,0.50,2.05,1.19,0,0,0,0,0,0,"","",4,4,2,0,4,0,0,2,1,3,15,9,8,3,7,6,13,21,49,51,0.00,0.00,0.00,0.00,3.42,100,100,84,59,0,42,75,42,100,10.67,4.17,2.35,3.20,3.42,0.00,0.00,0.00,0.00,0.00,0.00,Stadio Carlo Castellani
1380047400,Sep 24 2013 - 6:30pm,complete,2540,Juve Stabia,Virtus Lanciano,N/A,6,0.50,1.67,0.57,1.29,0,1,1,1,0,1,"","45",13,0,2,2,5,0,1,3,3,2,13,13,8,7,5,6,11,17,47,53,0.00,0.00,0.00,0.00,2.59,67,67,67,42,0,67,67,17,84,10.67,5.83,2.41,3.17,3.34,0.00,0.00,0.00,0.00,0.00,0.00,Stadio Comunale Romeo Menti
1380047400,Sep 24 2013 - 6:30pm,complete,4654,Novara,Cittadella,N/A,6,3.00,0.50,1.55,1.05,2,2,4,3,2,1,"38,41","23,55",4,3,2,0,2,0,1,1,1,1,8,11,7,5,1,6,16,17,47,53,0.00,0.00,0.00,0.00,1.50,25,50,25,0,0,0,25,25,75,8.50,7.50,1.66,3.74,6.29,0.00,0.00,0.00,0.00,0.00,0.00,Stadio Comunale Silvio Piola
1380047400,Sep 24 2013 - 6:30pm,complete,4842,Calcio Padova,Latina,N/A,6,0.00,0.50,1.33,1.48,0,0,0,0,0,0,"","",7,1,2,0,4,1,0,2,1,4,10,5,4,2,6,3,19,24,47,53,0.00,0.00,0.00,0.00,2.25,25,75,50,25,0,50,50,25,75,12.50,6.00,1.81,3.50,5.27,0.00,0.00,0.00,0.00,0.00,0.00,Stadio Comunale Euganeo
1380047400,Sep 24 2013 - 6:30pm,complete,9401,Pescara,Avellino,N/A,6,1.33,0.50,1.29,0.86,1,1,2,1,1,0,"45'2","48",5,7,2,0,4,0,0,2,2,2,17,14,9,7,8,7,12,17,47,53,0.00,0.00,0.00,0.00,2.09,42,59,34,17,0,34,100,17,59,12.83,5.33,1.81,3.58,5.08,0.00,0.00,0.00,0.00,0.00,0.00,Stadio Adriatico-Giovanni Cornacchia
1380047400,Sep 24 2013 - 6:30pm,complete,5804,Ternana,Spezia,N/A,6,1.50,1.50,1.52,1.27,1,2,3,1,0,1,"77","27,88",6,3,2,0,2,0,0,2,0,2,13,10,4,6,9,4,7,13,47,53,0.00,0.00,0.00,0.00,2.00,50,50,50,0,0,50,100,0,50,10.50,3.50,2.36,3.08,3.56,0.00,0.00,0.00,0.00,0.00,0.00,Stadio Libero Liberati
1380047400,Sep 24 2013 - 6:30pm,complete,5878,Trapani,Cesena,N/A,6,2.00,1.50,1.43,1.65,0,1,1,1,0,1,"","28",7,2,2,0,2,0,0,2,0,2,8,2,6,0,2,2,14,18,51,49,0.00,0.00,0.00,0.00,3.50,75,100,100,50,0,50,75,100,100,9.00,5.00,2.18,3.19,3.90,0.00,0.00,0.00,0.00,0.00,0.00,Stadio Polisportivo Provinciale
1380047400,Sep 24 2013 - 6:30pm,complete,2875,Varese,Reggina,N/A,6,2.00,0.50,1.41,0.52,1,0,1,0,0,0,"83","",5,6,2,1,3,0,1,2,2,1,13,11,3,4,10,7,18,18,53,47,0.00,0.00,0.00,0.00,3.25,75,100,50,50,25,50,75,75,100,9.00,8.50,1.88,3.46,4.80,0.00,0.00,0.00,0.00,0.00,0.00,Stadio Franco Ossola
1380373200,Sep 28 2013 - 1:00pm,complete,1844,Cittadella,Crotone,N/A,7,0.67,1.33,1.19,1.24,1,0,1,0,0,0,"75","",5,4,2,0,3,0,0,2,2,1,5,8,2,4,3,4,23,18,50,50,0.00,0.00,0.00,0.00,3.34,67,84,67,50,17,50,67,50,84,10.00,3.00,2.38,3.34,3.22,0.00,0.00,0.00,0.00,0.00,0.00,Stadio Pier Cesare Tombolato
1380373200,Sep 28 2013 - 1:00pm,complete,4645,Latina,Brescia,N/A,7,0.67,1.67,1.57,1.62,2,0,2,1,1,0,"39,47","",3,3,1,0,2,0,1,0,2,0,5,10,2,5,3,5,24,16,49,51,0.00,0.00,0.00,0.00,1.34,33,50,33,0,0,17,50,17,50,13.00,4.67,3.33,3.21,2.39,0.00,0.00,0.00,0.00,0.00,0.00,Stadio Comunale Domenico Francioni
1380373200,Sep 28 2013 - 1:00pm,complete,4430,Modena,Calcio Padova,N/A,7,2.33,0.00,1.96,0.62,3,1,4,2,2,0,"19,29,53","76",2,2,3,0,3,1,1,2,1,3,9,7,2,4,7,3,13,22,53,47,0.00,0.00,0.00,0.00,2.59,59,75,42,42,0,17,75,42,100,11.00,4.00,2.04,3.42,4.02,0.00,0.00,0.00,0.00,0.00,0.00,Stadio Alberto Braglia
1380373200,Sep 28 2013 - 1:00pm,complete,7844,Palermo,Juve Stabia,N/A,7,1.50,1.00,2.00,0.33,3,0,3,1,1,0,"24,80,90'3","",6,5,4,0,2,1,2,2,1,2,17,8,9,3,8,5,21,15,47,53,0.00,0.00,0.00,0.00,3.00,67,100,84,17,0,42,59,42,100,10.00,6.00,1.57,3.98,6.94,0.00,0.00,0.00,0.00,0.00,0.00,Stadio Renzo Barbera
1380373200,Sep 28 2013 - 1:00pm,complete,3864,Reggina,Carpi,N/A,7,1.67,1.00,0.86,1.62,0,1,1,0,0,0,"","90'3",7,4,2,0,1,0,1,1,0,1,9,13,3,7,6,6,11,14,48,52,0.00,0.00,0.00,0.00,2.34,50,67,33,33,17,0,67,33,67,14.66,3.66,1.85,3.45,4.97,0.00,0.00,0.00,0.00,0.00,0.00,Stadio Oreste Granillo
1380373200,Sep 28 2013 - 1:00pm,complete,5693,Robur Siena,Trapani,N/A,7,2.33,1.33,2.10,1.29,2,1,3,2,1,1,"22,90'3","44",5,10,4,1,4,0,3,2,1,3,9,9,5,4,4,5,12,14,47,53,0.00,0.00,0.00,0.00,3.67,84,100,50,50,34,50,84,50,100,10.34,6.34,1.71,3.81,5.49,0.00,0.00,0.00,0.00,0.00,0.00,Stadio Comunale Artemio Franchi - Montepaschi Arena
1380373200,Sep 28 2013 - 1:00pm,complete,5835,Spezia,Novara,N/A,7,1.33,0.67,1.62,0.50,0,0,0,0,0,0,"","",2,3,1,0,2,0,0,1,1,1,14,7,7,2,7,5,15,23,47,53,0.00,0.00,0.00,0.00,1.67,50,67,17,0,0,0,67,17,84,11.00,4.67,2.67,3.26,2.87,0.00,0.00,0.00,0.00,0.00,0.00,Stadio Alberto Picco
1380373200,Sep 28 2013 - 1:00pm,complete,2736,Varese,Ternana,N/A,7,2.33,0.67,1.41,0.90,2,1,3,1,0,1,"71,86","45",13,2,3,0,4,0,2,1,1,3,14,2,5,0,9,2,25,17,49,51,0.00,0.00,0.00,0.00,2.50,67,67,33,33,17,17,33,50,100,9.33,5.33,1.98,3.35,4.39,0.00,0.00,0.00,0.00,0.00,0.00,Stadio Franco Ossola
1380373200,Sep 28 2013 - 1:00pm,complete,3286,Virtus Lanciano,Bari 1908,N/A,7,2.00,1.33,1.57,1.30,1,0,1,0,0,0,"87","",4,2,4,0,2,0,1,3,2,0,10,14,2,6,8,8,20,12,49,51,0.00,0.00,0.00,0.00,1.75,42,42,17,17,17,17,84,0,42,10.17,5.50,2.70,3.25,2.84,0.00,0.00,0.00,0.00,0.00,0.00,Stadio Comunale Guido Biondi
1380560400,Sep 30 2013 - 5:00pm,complete,7500,Avellino,Empoli,N/A,7,2.33,3.00,1.95,1.38,1,0,1,1,1,0,"35","",8,5,2,0,1,1,0,2,1,1,15,9,6,6,9,3,19,15,50,50,0.00,0.00,0.00,0.00,2.25,59,84,42,0,0,25,84,17,100,11.17,3.67,3.37,3.29,2.33,0.00,0.00,0.00,0.00,0.00,0.00,Stadio Partenio-Adriano Lombardi
1380567600,Sep 30 2013 - 7:00pm,complete,11270,Cesena,Pescara,N/A,7,2.00,0.50,1.65,1.19,1,1,2,0,0,0,"70","88",4,2,3,0,3,1,2,1,1,3,10,10,2,3,8,7,23,24,47,53,0.00,0.00,0.00,0.00,3.42,67,67,67,67,42,50,67,67,100,8.83,4.17,2.48,3.31,3.08,0.00,0.00,0.00,0.00,0.00,0.00,Orogel Stadium-Dino Manuzzi
1380911400,Oct 04 2013 - 6:30pm,complete,5101,Calcio Padova,Varese,N/A,8,0.33,1.33,1.33,0.91,3,2,5,3,1,2,"31,61,65","26,37",3,5,4,0,5,0,2,2,1,4,9,11,4,5,5,6,17,15,51,49,0.00,0.00,0.00,0.00,1.84,17,67,33,0,0,17,50,33,84,11.34,6.00,2.77,3.17,2.83,0.00,0.00,0.00,0.00,0.00,0.00,Stadio Comunale Euganeo
1380978000,Oct 05 2013 - 1:00pm,complete,8000,Avellino,Bari 1908,N/A,8,2.50,1.00,1.95,1.30,1,0,1,0,0,0,"48","",4,13,1,0,4,0,1,0,0,4,12,14,8,5,4,9,12,14,49,51,0.00,0.00,0.00,0.00,1.75,38,38,25,13,13,13,63,13,63,9.50,4.50,2.42,3.17,3.32,0.00,0.00,0.00,0.00,0.00,0.00,Stadio Partenio-Adriano Lombardi
1380978000,Oct 05 2013 - 1:00pm,complete,3000,Brescia,Palermo,N/A,8,0.67,1.00,1.19,2.10,1,1,2,1,1,0,"31","60",7,6,6,0,2,0,1,5,0,2,13,13,8,6,5,7,14,23,49,51,0.00,0.00,0.00,0.00,2.63,75,88,59,17,0,46,88,29,100,10.58,6.00,3.05,3.20,2.57,0.00,0.00,0.00,0.00,0.00,0.00,Stadio Mario Rigamonti
1380978000,Oct 05 2013 - 1:00pm,complete,1492,Carpi,Cittadella,N/A,8,0.50,0.67,1.19,1.05,0,1,1,0,0,0,"","73",6,3,1,0,2,0,0,1,1,1,23,10,11,5,12,5,21,16,53,47,0.00,0.00,0.00,0.00,1.50,17,59,17,17,0,17,59,0,59,10.83,6.17,2.32,3.27,3.41,0.00,0.00,0.00,0.00,0.00,0.00,Stadio Sandro Cabassi
1380978000,Oct 05 2013 - 1:00pm,complete,9781,Cesena,Robur Siena,N/A,8,1.75,0.67,1.65,1.19,1,1,2,0,0,0,"90'1","60",11,4,0,0,2,1,0,0,2,1,15,12,5,6,10,6,17,19,49,51,0.00,0.00,0.00,0.00,2.29,59,59,46,29,13,17,29,42,84,8.83,5.08,2.86,3.24,2.69,0.00,0.00,0.00,0.00,0.00,0.00,Orogel Stadium-Dino Manuzzi
1380978000,Oct 05 2013 - 1:00pm,complete,2912,Empoli,Modena,N/A,8,2.00,0.33,2.05,1.05,2,1,3,1,1,0,"45,67","73",0,5,1,1,6,0,1,1,2,4,9,10,4,4,5,6,9,27,53,47,0.00,0.00,0.00,0.00,2.42,71,71,42,42,0,29,54,46,88,7.83,4.83,1.86,3.51,4.81,0.00,0.00,0.00,0.00,0.00,0.00,Stadio Carlo Castellani
1380978000,Oct 05 2013 - 1:00pm,complete,4394,Novara,Virtus Lanciano,N/A,8,2.33,2.00,1.55,1.29,0,3,3,2,0,2,"","11,29,90'2",16,5,2,0,4,1,0,2,1,4,22,16,9,8,13,8,9,9,47,53,0.00,0.00,0.00,0.00,2.09,46,46,46,29,0,29,42,29,75,8.92,6.42,1.75,3.52,5.77,0.00,0.00,0.00,0.00,0.00,0.00,Stadio Comunale Silvio Piola
1380978000,Oct 05 2013 - 1:00pm,complete,7308,Pescara,Spezia,N/A,8,1.25,2.00,1.29,1.27,1,1,2,1,1,0,"29","56",10,6,2,0,2,0,0,2,1,1,15,12,7,6,8,6,19,12,50,50,0.00,0.00,0.00,0.00,2.42,59,71,59,13,0,42,100,29,71,11.75,3.83,2.12,3.33,3.87,0.00,0.00,0.00,0.00,0.00,0.00,Stadio Adriatico-Giovanni Cornacchia
1380978000,Oct 05 2013 - 1:00pm,complete,4364,Ternana,Juve Stabia,N/A,8,1.00,0.75,1.52,0.33,1,1,2,0,0,0,"56","86",8,4,2,0,1,0,1,1,1,0,7,6,3,3,4,3,18,10,52,48,0.00,0.00,0.00,0.00,2.67,46,84,71,13,0,29,88,42,84,10.75,4.58,1.95,3.37,4.53,0.00,0.00,0.00,0.00,0.00,0.00,Stadio Libero Liberati
1380978000,Oct 05 2013 - 1:00pm,complete,4461,Trapani,Latina,N/A,8,1.33,0.67,1.43,1.48,1,1,2,2,1,1,"28","30",13,4,2,0,6,0,0,2,3,3,17,6,9,5,8,1,12,19,50,50,0.00,0.00,0.00,0.00,2.17,33,50,50,50,0,50,67,34,50,9.00,6.00,1.83,3.41,5.22,0.00,0.00,0.00,0.00,0.00,0.00,Stadio Polisportivo Provinciale
1381170600,Oct 07 2013 - 6:30pm,complete,4742,Crotone,Reggina,N/A,8,2.00,0.33,1.68,0.52,2,0,2,1,1,0,"40,53","",1,13,4,0,4,0,0,4,1,3,4,9,0,5,4,4,18,17,52,48,0.00,0.00,0.00,0.00,2.50,50,67,50,33,0,33,84,50,84,10.33,6.00,2.19,3.28,3.72,0.00,0.00,0.00,0.00,0.00,0.00,Stadio Ezio Scida
1381593600,Oct 12 2013 - 4:00pm,complete,6111,Spezia,Brescia,N/A,9,1.25,1.25,1.62,1.62,2,2,4,0,0,0,"54,90'3","66,78",5,3,3,0,0,0,0,3,0,0,12,9,4,3,8,6,11,10,50,50,0.00,0.00,0.00,0.00,1.00,13,38,13,0,0,13,38,0,50,9.75,4.75,2.18,3.19,3.89,0.00,0.00,0.00,0.00,0.00,0.00,Stadio Alberto Picco
1381602600,Oct 12 2013 - 6:30pm,complete,4860,Reggina,Empoli,N/A,9,1.25,2.00,0.86,1.38,2,1,3,0,0,0,"49,84","64",3,5,3,0,2,0,1,2,0,2,8,10,4,5,4,5,23,12,49,51,0.00,0.00,0.00,0.00,1.88,42,59,29,13,0,17,63,13,71,14.75,3.83,3.34,3.17,2.41,0.00,0.00,0.00,0.00,0.00,0.00,Stadio Oreste Granillo
1381660200,Oct 13 2013 - 10:30am,complete,4611,Cittadella,Calcio Padova,N/A,9,1.25,0.00,1.19,0.62,1,0,1,1,1,0,"45'2","",0,4,3,1,3,0,2,2,2,1,11,9,6,4,5,5,19,16,52,48,0.00,0.00,0.00,0.00,2.38,46,59,46,46,0,17,46,46,88,10.83,4.67,2.79,3.16,2.82,0.00,0.00,0.00,0.00,0.00,0.00,Stadio Pier Cesare Tombolato
1381669200,Oct 13 2013 - 1:00pm,complete,6247,Bari 1908,Crotone,N/A,9,2.33,1.00,1.91,1.24,1,2,3,1,0,1,"68","33,62",11,2,5,1,4,0,1,5,2,2,29,9,18,3,11,6,15,17,53,47,0.00,0.00,0.00,0.00,2.54,54,54,54,25,13,38,54,42,84,10.25,5.50,2.02,3.23,4.45,0.00,0.00,0.00,0.00,0.00,0.00,Stadio Comunale San Nicola
1381669200,Oct 13 2013 - 1:00pm,complete,2581,Juve Stabia,Cesena,N/A,9,0.33,2.00,0.57,1.65,0,2,2,1,0,1,"","12,51",6,4,3,0,4,0,1,2,2,2,14,8,11,6,3,2,22,18,49,51,0.00,0.00,0.00,0.00,2.50,67,67,67,17,0,34,84,34,67,11.00,6.00,2.34,3.20,3.45,0.00,0.00,0.00,0.00,0.00,0.00,Stadio Comunale Romeo Menti
1381669200,Oct 13 2013 - 1:00pm,complete,5298,Latina,Modena,N/A,9,1.25,0.25,1.57,1.05,0,0,0,0,0,0,"","",2,5,2,0,2,0,0,2,1,1,7,13,3,6,4,7,18,18,52,48,0.00,0.00,0.00,0.00,2.13,50,75,38,13,0,13,63,50,88,10.25,5.00,2.53,3.14,3.17,0.00,0.00,0.00,0.00,0.00,0.00,Stadio Comunale Domenico Francioni
1381669200,Oct 13 2013 - 1:00pm,complete,6800,Robur Siena,Avellino,N/A,9,2.50,0.67,2.10,0.86,3,0,3,1,1,0,"37,50,80","",3,16,3,0,4,0,1,2,3,1,15,10,8,5,7,5,16,8,47,53,0.00,0.00,0.00,0.00,2.96,84,84,38,25,25,38,100,13,84,12.25,7.50,1.83,3.50,5.09,0.00,0.00,0.00,0.00,0.00,0.00,Stadio Comunale Artemio Franchi - Montepaschi Arena
1381669200,Oct 13 2013 - 1:00pm,complete,3646,Varese,Trapani,N/A,9,2.50,1.00,1.41,1.29,0,0,0,0,0,0,"","",9,8,4,1,2,0,1,4,1,1,18,14,10,8,8,6,16,16,48,52,0.00,0.00,0.00,0.00,2.75,75,88,50,25,13,38,63,63,100,11.75,6.75,1.99,3.40,4.26,0.00,0.00,0.00,0.00,0.00,0.00,Stadio Franco Ossola
1381669200,Oct 13 2013 - 1:00pm,complete,3840,Virtus Lanciano,Ternana,N/A,9,2.33,0.50,1.57,0.90,1,1,2,1,0,1,"76","34",8,1,4,0,6,1,3,1,4,3,18,7,8,5,10,2,17,15,48,52,0.00,0.00,0.00,0.00,1.92,54,54,25,13,0,0,59,25,84,9.25,5.75,2.27,3.19,3.63,0.00,0.00,0.00,0.00,0.00,0.00,Stadio Comunale Guido Biondi
1381689000,Oct 13 2013 - 6:30pm,complete,10263,Palermo,Pescara,N/A,9,2.00,0.67,2.00,1.19,1,0,1,1,1,0,"1","",5,8,1,0,0,0,0,1,0,0,4,12,3,5,1,7,26,9,48,52,0.00,0.00,0.00,0.00,3.34,84,100,84,34,17,50,67,84,100,9.00,6.00,1.92,3.44,4.59,0.00,0.00,0.00,0.00,0.00,0.00,Stadio Renzo Barbera
1381775400,Oct 14 2013 - 6:30pm,complete,1656,Carpi,Novara,N/A,9,0.33,0.75,1.19,0.50,1,0,1,1,1,0,"35","",6,2,3,0,3,0,2,1,0,3,12,9,6,4,6,5,15,17,48,52,0.00,0.00,0.00,0.00,1.38,38,54,13,0,0,0,54,13,71,11.50,4.00,3.01,3.10,2.66,0.00,0.00,0.00,0.00,0.00,0.00,Stadio Sandro Cabassi
1382121000,Oct 18 2013 - 6:30pm,complete,10875,Cesena,Bari 1908,N/A,10,1.60,0.80,1.65,1.30,2,1,3,2,2,0,"30,38","65",4,2,1,0,0,0,0,1,0,0,2,9,2,4,0,5,13,18,50,50,0.00,0.00,0.00,0.00,1.90,40,40,20,20,20,10,30,30,80,10.80,5.20,2.14,3.22,3.97,0.00,0.00,0.00,0.00,0.00,0.00,Orogel Stadium-Dino Manuzzi
1382187600,Oct 19 2013 - 1:00pm,complete,8000,Avellino,Carpi,N/A,10,2.60,1.50,1.95,1.62,4,1,5,3,3,0,"1,5,36,89","79",4,4,2,0,3,0,0,2,1,2,7,12,3,5,4,7,14,14,50,50,0.00,0.00,0.00,0.00,1.93,33,45,23,13,13,0,68,23,78,10.20,3.60,2.10,3.19,4.16,0.00,0.00,0.00,0.00,0.00,0.00,Stadio Partenio-Adriano Lombardi
1382187600,Oct 19 2013 - 1:00pm,complete,3615,Brescia,Cittadella,N/A,10,0.75,1.25,1.19,1.05,4,1,5,2,2,0,"24,38,52,81","66",4,3,1,0,2,1,0,1,2,1,9,6,6,5,3,1,15,21,51,49,0.00,0.00,0.00,0.00,2.25,63,75,38,25,0,38,75,13,88,9.75,6.25,1.77,3.50,5.56,0.00,0.00,0.00,0.00,0.00,0.00,Stadio Mario Rigamonti
1382187600,Oct 19 2013 - 1:00pm,complete,4708,Crotone,Virtus Lanciano,N/A,10,2.25,2.20,1.68,1.29,1,2,3,0,0,0,"90'2","47,88",3,5,2,0,1,0,0,2,0,1,19,12,10,6,9,6,7,14,53,47,0.00,0.00,0.00,0.00,2.15,35,58,45,23,0,33,80,35,68,8.40,6.20,2.23,3.21,3.72,0.00,0.00,0.00,0.00,0.00,0.00,Stadio Ezio Scida
1382187600,Oct 19 2013 - 1:00pm,complete,2962,Empoli,Varese,N/A,10,2.20,1.00,2.05,0.91,2,0,2,1,1,0,"29,61","",6,6,3,0,1,0,1,2,1,0,12,11,3,7,9,4,12,17,51,49,0.00,0.00,0.00,0.00,2.68,65,78,55,33,13,23,78,45,90,7.60,6.60,1.94,3.45,4.44,0.00,0.00,0.00,0.00,0.00,0.00,Stadio Carlo Castellani
1382187600,Oct 19 2013 - 1:00pm,complete,4544,Modena,Reggina,N/A,10,2.50,0.25,1.96,0.52,3,0,3,1,1,0,"13,87,90'3","",6,2,3,0,3,1,1,2,3,1,12,7,4,3,8,4,14,15,51,49,0.00,0.00,0.00,0.00,2.63,50,88,38,38,0,38,88,38,100,10.75,6.00,2.09,3.23,4.14,0.00,0.00,0.00,0.00,0.00,0.00,Stadio Alberto Braglia
1382187600,Oct 19 2013 - 1:00pm,complete,4996,Calcio Padova,Juve Stabia,N/A,10,1.00,0.80,1.33,0.33,2,1,3,1,1,0,"24,89","66",4,3,3,0,5,1,1,2,1,5,11,8,3,3,8,5,14,23,47,53,0.00,0.00,0.00,0.00,2.65,33,88,55,23,13,35,55,55,88,11.90,5.55,2.09,3.29,4.05,0.00,0.00,0.00,0.00,0.00,0.00,Stadio Comunale Euganeo
1382187600,Oct 19 2013 - 1:00pm,complete,8239,Pescara,Latina,N/A,10,1.20,0.75,1.29,1.48,0,1,1,0,0,0,"","71",12,2,2,0,1,0,1,1,1,0,13,10,9,3,4,7,11,22,50,50,0.00,0.00,0.00,0.00,1.95,55,65,33,23,0,45,75,10,53,10.90,6.10,1.61,3.78,6.94,0.00,0.00,0.00,0.00,0.00,0.00,Stadio Adriatico-Giovanni Cornacchia
1382187600,Oct 19 2013 - 1:00pm,complete,4886,Ternana,Novara,N/A,10,1.00,0.60,1.52,0.50,5,0,5,2,2,0,"26,42,71,83,88","",3,4,2,0,3,1,0,2,2,2,12,6,6,4,6,2,14,15,52,48,0.00,0.00,0.00,0.00,1.93,68,68,35,0,0,13,78,35,68,9.75,3.70,2.66,3.05,3.06,0.00,0.00,0.00,0.00,0.00,0.00,Stadio Libero Liberati
1382187600,Oct 19 2013 - 1:00pm,complete,4624,Trapani,Spezia,N/A,10,1.25,1.75,1.43,1.27,1,1,2,1,1,0,"20","55",2,4,1,0,3,0,0,1,0,3,8,8,6,3,2,5,16,17,52,48,0.00,0.00,0.00,0.00,2.50,63,75,50,25,0,50,100,38,63,12.75,4.25,2.35,3.24,3.37,0.00,0.00,0.00,0.00,0.00,0.00,Stadio Polisportivo Provinciale
1382380200,Oct 21 2013 - 6:30pm,complete,5953,Robur Siena,Palermo,N/A,10,2.60,1.00,2.10,2.10,2,3,5,3,1,2,"10,50","38,42,88",7,1,1,0,4,1,1,0,1,4,9,5,4,0,5,5,13,22,53,47,0.00,0.00,0.00,0.00,3.10,70,90,60,20,20,40,90,30,100,10.20,7.00,2.42,3.27,3.21,0.00,0.00,0.00,0.00,0.00,0.00,Stadio Comunale Artemio Franchi - Montepaschi Arena
1382725800,Oct 25 2013 - 6:30pm,complete,4157,Reggina,Pescara,N/A,11,1.60,0.50,0.86,1.19,2,3,5,1,1,0,"36,88","53,59,63",4,5,1,0,1,0,0,1,1,0,7,11,4,4,3,7,18,11,47,53,0.00,0.00,0.00,0.00,2.50,68,68,45,35,13,25,48,58,78,12.85,3.80,2.55,3.24,3.04,0.00,0.00,0.00,0.00,0.00,0.00,Stadio Oreste Granillo
1382792400,Oct 26 2013 - 1:00pm,complete,2887,Bari 1908,Trapani,N/A,11,1.75,1.00,1.91,1.29,1,1,2,0,0,0,"80","51",4,4,1,0,3,0,1,0,0,3,15,12,5,7,10,5,9,12,53,47,0.00,0.00,0.00,0.00,1.98,55,65,45,10,0,20,55,45,78,13.05,7.15,2.32,3.26,3.42,0.00,0.00,0.00,0.00,0.00,0.00,Stadio Comunale San Nicola
1382792400,Oct 26 2013 - 1:00pm,complete,4000,Brescia,Robur Siena,N/A,11,1.20,0.75,1.19,1.19,2,2,4,2,2,0,"25,42","68,77",3,8,2,0,4,0,1,1,2,2,10,13,5,8,5,5,12,15,53,47,0.00,0.00,0.00,0.00,2.73,88,88,55,33,10,43,63,45,88,11.00,5.10,2.30,3.24,3.49,0.00,0.00,0.00,0.00,0.00,0.00,Stadio Mario Rigamonti
1382792400,Oct 26 2013 - 1:00pm,complete,2037,Carpi,Latina,N/A,11,1.00,1.20,1.19,1.48,1,1,2,1,0,1,"48","27",6,3,3,0,1,0,1,2,0,1,11,8,5,3,6,5,19,19,51,49,0.00,0.00,0.00,0.00,1.20,20,33,10,10,0,20,45,0,45,9.95,6.05,2.32,3.12,3.59,0.00,0.00,0.00,0.00,0.00,0.00,Stadio Sandro Cabassi
1382792400,Oct 26 2013 - 1:00pm,complete,3328,Juve Stabia,Empoli,N/A,11,0.25,1.50,0.57,1.38,0,2,2,0,0,0,"","55,78",4,1,4,0,2,0,0,4,0,2,11,10,8,4,3,6,18,16,47,53,0.00,0.00,0.00,0.00,2.38,50,75,50,13,0,38,88,13,75,13.00,5.50,3.61,3.28,2.23,0.00,0.00,0.00,0.00,0.00,0.00,Stadio Comunale Romeo Menti
1382792400,Oct 26 2013 - 1:00pm,complete,9395,Palermo,Varese,N/A,11,2.25,0.80,2.00,0.91,0,0,0,0,0,0,"","",3,7,2,0,2,0,1,1,1,1,9,6,6,3,3,3,13,21,47,53,0.00,0.00,0.00,0.00,2.55,45,78,58,10,10,23,78,45,88,9.15,6.15,1.70,3.75,5.74,0.00,0.00,0.00,0.00,0.00,0.00,Stadio Renzo Barbera
1382792400,Oct 26 2013 - 1:00pm,complete,5774,Spezia,Modena,N/A,11,1.20,0.40,1.62,1.05,2,1,3,1,1,0,"28,84","78",3,4,2,0,2,0,0,2,1,1,5,7,3,0,2,7,14,19,53,47,0.00,0.00,0.00,0.00,1.70,40,50,30,20,0,10,30,40,70,9.00,5.40,2.31,3.19,3.52,0.00,0.00,0.00,0.00,0.00,0.00,Stadio Alberto Picco
1382792400,Oct 26 2013 - 1:00pm,complete,5620,Ternana,Crotone,N/A,11,1.40,1.40,1.52,1.24,2,3,5,3,1,2,"6,54","9,42,90",4,4,1,0,2,0,1,0,1,1,12,2,5,0,7,2,13,10,51,49,0.00,0.00,0.00,0.00,3.20,70,80,70,30,20,50,80,60,90,9.00,4.40,2.05,3.31,4.16,0.00,0.00,0.00,0.00,0.00,0.00,Stadio Libero Liberati
1382792400,Oct 26 2013 - 1:00pm,complete,3359,Virtus Lanciano,Calcio Padova,N/A,11,2.00,0.00,1.57,0.62,1,0,1,0,0,0,"69","",6,2,1,0,1,0,0,1,1,0,11,7,4,3,7,4,13,12,48,52,0.00,0.00,0.00,0.00,2.00,50,50,25,25,0,13,75,25,75,10.75,6.75,2.29,3.21,3.55,0.00,0.00,0.00,0.00,0.00,0.00,Stadio Comunale Guido Biondi
1382988600,Oct 28 2013 - 7:30pm,complete,4690,Novara,Cesena,N/A,11,1.75,2.25,1.55,1.65,1,1,2,1,0,1,"89","29",6,5,3,0,2,0,1,2,1,1,20,5,10,0,10,5,19,16,56,44,0.00,0.00,0.00,0.00,2.50,50,75,63,13,0,25,63,38,88,11.00,5.50,2.19,3.22,3.80,0.00,0.00,0.00,0.00,0.00,0.00,Stadio Comunale Silvio Piola
1383075000,Oct 29 2013 - 7:30pm,complete,2222,Cittadella,Avellino,N/A,11,1.60,0.50,1.19,0.86,1,2,3,1,0,1,"90","29,61",9,3,5,0,5,0,2,3,1,4,15,5,6,3,9,2,20,18,51,49,0.00,0.00,0.00,0.00,1.80,35,58,23,10,0,0,70,23,68,12.90,5.80,2.69,3.12,2.96,0.00,0.00,0.00,0.00,0.00,0.00,Stadio Pier Cesare Tombolato
1383305400,Nov 01 2013 - 11:30am,complete,6183,Varese,Juve Stabia,N/A,12,2.20,0.67,1.41,0.33,2,2,4,1,1,0,"9,90'2","66,89",3,8,1,1,3,1,0,2,3,1,10,11,2,4,8,7,16,18,47,53,0.00,0.00,0.00,0.00,2.52,55,80,54,19,10,19,54,64,90,12.00,6.90,1.78,3.62,5.25,0.00,0.00,0.00,0.00,0.00,0.00,Stadio Franco Ossola
1383314400,Nov 01 2013 - 2:00pm,complete,11530,Cesena,Ternana,N/A,12,1.83,0.60,1.65,0.90,1,1,2,0,0,0,"55","74",7,5,3,0,3,0,1,2,1,2,11,10,5,7,6,3,17,22,55,45,0.00,0.00,0.00,0.00,2.37,74,74,37,19,9,9,47,45,100,8.43,5.80,2.21,3.24,3.72,0.00,0.00,0.00,0.00,0.00,0.00,Orogel Stadium-Dino Manuzzi
1383314400,Nov 01 2013 - 2:00pm,complete,4272,Crotone,Novara,N/A,12,1.80,0.50,1.68,0.50,2,2,4,2,1,1,"9,72","11,69",6,1,1,1,3,0,2,0,0,3,9,2,6,0,3,2,9,15,57,43,0.00,0.00,0.00,0.00,2.39,55,74,47,19,9,19,82,47,74,7.80,4.67,2.39,3.25,3.29,0.00,0.00,0.00,0.00,0.00,0.00,Stadio Ezio Scida
1383314400,Nov 01 2013 - 2:00pm,complete,5847,Latina,Reggina,N/A,12,1.20,0.20,1.57,0.52,1,0,1,0,0,0,"81","",2,1,0,0,2,0,0,0,1,1,12,4,3,0,9,4,15,8,54,46,0.00,0.00,0.00,0.00,1.90,20,70,30,10,0,10,70,30,80,11.80,6.20,2.24,3.21,3.67,0.00,0.00,0.00,0.00,0.00,0.00,Stadio Comunale Domenico Francioni
1383314400,Nov 01 2013 - 2:00pm,complete,5536,Calcio Padova,Spezia,N/A,12,1.40,1.60,1.33,1.27,1,0,1,1,1,0,"18","",6,6,4,0,3,0,1,3,2,1,9,7,6,6,3,1,12,22,48,52,0.00,0.00,0.00,0.00,2.40,60,80,50,10,10,30,80,40,80,11.00,5.20,2.30,3.23,3.51,0.00,0.00,0.00,0.00,0.00,0.00,Stadio Comunale Euganeo
1383314400,Nov 01 2013 - 2:00pm,complete,8910,Pescara,Brescia,N/A,12,1.00,1.20,1.29,1.62,3,3,6,3,2,1,"36,44,56","21,75,90'4",5,3,1,0,3,1,0,1,3,1,9,5,3,4,6,1,15,20,46,54,0.00,0.00,0.00,0.00,1.99,45,64,37,19,0,27,62,19,72,12.57,3.67,2.29,3.28,3.46,0.00,0.00,0.00,0.00,0.00,0.00,Stadio Adriatico-Giovanni Cornacchia
1383314400,Nov 01 2013 - 2:00pm,complete,4532,Trapani,Carpi,N/A,12,1.20,1.20,1.43,1.62,0,1,1,0,0,0,"","57",5,8,4,0,2,0,2,2,1,1,11,12,4,11,7,1,19,22,54,46,0.00,0.00,0.00,0.00,2.70,50,70,40,40,20,40,90,40,70,11.20,4.00,2.01,3.32,4.32,0.00,0.00,0.00,0.00,0.00,0.00,Stadio Polisportivo Provinciale
1383325200,Nov 01 2013 - 5:00pm,complete,6450,Modena,Virtus Lanciano,N/A,12,2.60,2.33,1.96,1.29,1,0,1,1,1,0,"40","",6,8,5,0,3,0,1,4,3,0,10,10,5,6,5,4,10,11,50,50,0.00,0.00,0.00,0.00,2.50,47,75,55,29,0,37,75,47,84,8.50,5.47,2.07,3.29,4.10,0.00,0.00,0.00,0.00,0.00,0.00,Stadio Alberto Braglia
1383334200,Nov 01 2013 - 7:30pm,complete,3985,Empoli,Bari 1908,N/A,12,2.33,0.67,2.05,1.30,1,1,2,1,1,0,"11","78",8,1,2,0,2,0,1,1,0,2,9,12,5,4,4,8,11,21,51,49,0.00,0.00,0.00,0.00,2.17,50,58,42,25,9,25,67,17,75,9.17,5.17,1.62,3.93,6.38,0.00,0.00,0.00,0.00,0.00,0.00,Stadio Carlo Castellani
1383400800,Nov 02 2013 - 2:00pm,complete,5680,Robur Siena,Cittadella,N/A,12,2.17,1.00,2.10,1.05,1,1,2,0,0,0,"62","90'1",1,6,3,0,2,0,1,2,1,1,12,7,3,0,9,7,10,11,54,46,0.00,0.00,0.00,0.00,3.29,62,80,62,45,35,54,80,35,90,9.03,6.40,1.70,3.79,5.64,0.00,0.00,0.00,0.00,0.00,0.00,Stadio Comunale Artemio Franchi - Montepaschi Arena
1383478200,Nov 03 2013 - 11:30am,complete,10000,Avellino,Palermo,N/A,12,2.67,1.33,1.95,2.10,0,2,2,1,0,1,"","26,83",6,6,2,0,4,0,1,1,2,2,5,11,2,3,3,8,13,16,60,40,0.00,0.00,0.00,0.00,2.42,59,67,42,17,17,25,75,33,92,9.00,5.50,3.18,3.20,2.48,0.00,0.00,0.00,0.00,0.00,0.00,Stadio Partenio-Adriano Lombardi
1383939000,Nov 08 2013 - 7:30pm,complete,5500,Spezia,Cesena,N/A,13,1.50,2.00,1.62,1.65,2,1,3,2,1,1,"38,74","31",8,3,1,0,1,1,0,1,0,2,9,5,5,2,4,3,13,18,59,41,0.00,0.00,0.00,0.00,1.94,47,65,37,9,0,0,57,37,74,8.47,5.13,2.24,3.15,3.75,0.00,0.00,0.00,0.00,0.00,0.00,Stadio Alberto Picco
1384005600,Nov 09 2013 - 2:00pm,complete,2636,Bari 1908,Varese,N/A,13,1.60,0.83,1.91,0.91,2,1,3,1,1,0,"33,51","69",7,2,4,0,4,1,0,4,1,4,12,8,7,3,5,5,18,14,50,50,0.00,0.00,0.00,0.00,1.99,47,64,37,9,9,9,54,47,82,11.43,6.37,2.36,3.15,3.45,0.00,0.00,0.00,0.00,0.00,0.00,Stadio Comunale San Nicola
1384005600,Nov 09 2013 - 2:00pm,complete,3000,Brescia,Avellino,N/A,13,1.17,1.00,1.19,0.86,0,2,2,1,0,1,"","29,90'4",7,7,2,1,1,0,1,2,0,1,14,9,5,5,9,4,12,11,65,35,0.00,0.00,0.00,0.00,2.77,80,90,54,25,9,34,100,45,90,12.90,6.70,2.07,3.24,4.22,0.00,0.00,0.00,0.00,0.00,0.00,Stadio Mario Rigamonti
1384005600,Nov 09 2013 - 2:00pm,complete,2168,Carpi,Crotone,N/A,13,1.00,1.67,1.19,1.24,1,2,3,3,1,2,"32","10,23",7,3,3,0,5,0,1,2,0,5,25,4,14,2,11,2,12,25,57,43,0.00,0.00,0.00,0.00,2.52,52,62,42,25,17,34,72,34,80,10.43,5.07,2.41,3.15,3.36,0.00,0.00,0.00,0.00,0.00,0.00,Stadio Sandro Cabassi
1384005600,Nov 09 2013 - 2:00pm,complete,2135,Cittadella,Pescara,N/A,13,1.33,1.00,1.19,1.19,0,1,1,1,0,1,"","11",14,5,1,0,3,0,1,0,1,2,10,3,4,0,6,3,16,16,48,52,0.00,0.00,0.00,0.00,2.62,57,65,47,39,20,20,65,57,74,10.37,4.13,3.18,3.22,2.47,0.00,0.00,0.00,0.00,0.00,0.00,Stadio Pier Cesare Tombolato
1384005600,Nov 09 2013 - 2:00pm,complete,2237,Juve Stabia,Modena,N/A,13,0.20,0.33,0.57,1.05,1,1,2,1,1,0,"11","74",9,7,4,0,4,0,2,2,1,3,14,13,6,8,8,5,20,16,50,50,0.00,0.00,0.00,0.00,2.29,54,74,45,19,0,29,65,44,82,10.60,6.23,2.47,3.18,3.21,0.00,0.00,0.00,0.00,0.00,0.00,Stadio Comunale Romeo Menti
1384005600,Nov 09 2013 - 2:00pm,complete,4706,Novara,Latina,N/A,13,1.60,1.17,1.55,1.48,2,2,4,2,0,2,"57,76","21,35",6,1,2,0,1,0,2,0,1,0,16,3,6,0,10,3,12,21,61,39,0.00,0.00,0.00,0.00,2.05,55,65,39,19,0,37,55,10,75,10.37,5.93,1.95,3.25,4.85,0.00,0.00,0.00,0.00,0.00,0.00,Stadio Comunale Silvio Piola
1384005600,Nov 09 2013 - 2:00pm,complete,18187,Palermo,Trapani,N/A,13,2.00,1.00,2.00,1.29,3,0,3,0,0,0,"52,87,90'4","",5,4,2,0,3,0,2,0,1,2,10,9,5,5,5,4,16,16,49,51,0.00,0.00,0.00,0.00,2.09,54,72,47,9,0,27,55,45,72,9.90,5.93,1.65,3.78,6.27,0.00,0.00,0.00,0.00,0.00,0.00,Stadio Renzo Barbera
1384005600,Nov 09 2013 - 2:00pm,complete,3778,Reggina,Calcio Padova,N/A,13,1.33,0.00,0.86,0.62,2,1,3,0,0,0,"55,88","47",4,2,3,0,3,0,1,2,0,3,12,12,6,6,6,6,20,18,51,49,0.00,0.00,0.00,0.00,2.35,54,54,45,37,9,10,47,45,82,11.40,4.67,2.45,3.18,3.25,0.00,0.00,0.00,0.00,0.00,0.00,Stadio Oreste Granillo
1384005600,Nov 09 2013 - 2:00pm,complete,3111,Virtus Lanciano,Robur Siena,N/A,13,2.20,0.80,1.57,1.19,1,1,2,1,1,0,"8","84",8,4,2,0,3,0,0,2,1,2,9,7,6,5,3,2,15,14,38,62,0.00,0.00,0.00,0.00,2.00,60,60,30,20,0,20,50,30,80,11.40,5.60,2.76,3.17,2.84,0.00,0.00,0.00,0.00,0.00,0.00,Stadio Comunale Guido Biondi
1384198200,Nov 11 2013 - 7:30pm,complete,4335,Ternana,Empoli,N/A,13,1.17,1.80,1.52,1.38,1,0,1,0,0,0,"85","",7,2,1,0,1,0,1,0,0,1,9,9,4,3,5,6,14,14,48,52,0.00,0.00,0.00,0.00,2.69,54,82,54,17,17,35,72,54,82,9.80,3.70,3.03,3.08,2.66,0.00,0.00,0.00,0.00,0.00,0.00,Stadio Libero Liberati
1384621200,Nov 16 2013 - 5:00pm,complete,5624,Calcio Padova,Brescia,N/A,14,1.67,1.17,1.33,1.62,0,0,0,0,0,0,"","",3,9,2,1,3,0,2,1,1,2,7,10,2,3,5,7,8,18,47,53,0.00,0.00,0.00,0.00,2.42,42,67,50,25,17,33,59,42,67,10.17,5.33,2.52,3.14,3.17,0.00,0.00,0.00,0.00,0.00,0.00,Stadio Comunale Euganeo
1384630200,Nov 16 2013 - 7:30pm,complete,5071,Reggina,Palermo,N/A,14,1.57,1.57,0.86,2.10,0,2,2,1,0,1,"","9,89",3,2,4,0,3,0,3,1,2,1,11,10,3,5,8,5,20,14,48,52,0.00,0.00,0.00,0.00,2.57,64,79,50,22,14,15,58,43,93,10.86,5.72,3.42,3.18,2.36,0.00,0.00,0.00,0.00,0.00,0.00,Stadio Oreste Granillo
1384687800,Nov 17 2013 - 11:30am,complete,7171,Modena,Carpi,N/A,14,2.67,1.50,1.96,1.62,2,3,5,3,1,2,"9,88","37,39,66",4,5,3,0,4,0,1,2,0,4,7,10,4,5,3,5,17,14,55,45,0.00,0.00,0.00,0.00,2.59,42,67,42,33,17,25,84,42,83,9.66,4.50,2.02,3.26,4.38,0.00,0.00,0.00,0.00,0.00,0.00,Stadio Alberto Braglia
1384696800,Nov 17 2013 - 2:00pm,complete,10099,Cesena,Cittadella,N/A,14,1.71,1.00,1.65,1.05,2,2,4,2,1,1,"10,47","4,85",5,3,3,0,2,0,1,2,1,1,8,10,4,5,4,5,19,21,63,37,0.00,0.00,0.00,0.00,2.31,61,69,31,24,16,24,40,45,92,8.81,5.31,1.83,3.36,5.35,0.00,0.00,0.00,0.00,0.00,0.00,Orogel Stadium-Dino Manuzzi
1384696800,Nov 17 2013 - 2:00pm,complete,5136,Empoli,Virtus Lanciano,N/A,14,2.14,2.00,2.05,1.29,3,0,3,1,1,0,"10,63,73","",11,10,1,0,4,0,0,1,2,2,14,9,6,5,8,4,6,17,51,49,0.00,0.00,0.00,0.00,2.15,50,65,43,22,0,22,72,29,72,9.57,6.14,1.92,3.32,4.84,0.00,0.00,0.00,0.00,0.00,0.00,Stadio Carlo Castellani
1384696800,Nov 17 2013 - 2:00pm,complete,5919,Latina,Bari 1908,N/A,14,1.50,0.71,1.57,1.30,1,0,1,1,1,0,"12","",8,1,3,0,2,1,0,3,2,1,12,8,5,3,7,5,15,18,45,55,0.00,0.00,0.00,0.00,1.60,30,47,23,7,7,15,54,9,69,9.57,3.93,2.55,3.02,3.26,0.00,0.00,0.00,0.00,0.00,0.00,Stadio Comunale Domenico Francioni
1384696800,Nov 17 2013 - 2:00pm,complete,8279,Pescara,Ternana,N/A,14,1.00,0.67,1.29,0.90,2,1,3,1,1,0,"13,87","63",7,2,5,0,5,1,3,2,1,5,11,13,8,10,3,3,15,28,54,46,0.00,0.00,0.00,0.00,2.52,70,77,38,23,7,22,68,40,93,11.54,5.24,2.05,3.28,4.22,0.00,0.00,0.00,0.00,0.00,0.00,Stadio Adriatico-Giovanni Cornacchia
1384696800,Nov 17 2013 - 2:00pm,complete,6741,Robur Siena,Spezia,N/A,14,2.00,1.33,2.10,1.27,2,0,2,0,0,0,"83,85","",7,6,3,1,2,1,3,1,2,1,10,4,6,2,4,2,23,13,52,48,0.00,0.00,0.00,0.00,2.93,77,84,52,22,22,37,93,37,84,10.31,5.50,1.85,3.40,5.15,0.00,0.00,0.00,0.00,0.00,0.00,Stadio Comunale Artemio Franchi - Montepaschi Arena
1384696800,Nov 17 2013 - 2:00pm,complete,4386,Trapani,Novara,N/A,14,1.00,0.57,1.43,0.50,2,1,3,1,0,1,"60,82","32",6,1,3,0,2,0,2,1,2,0,6,3,3,0,3,3,14,17,62,38,0.00,0.00,0.00,0.00,2.38,54,69,38,31,7,40,85,38,69,9.74,4.88,2.42,3.15,3.34,0.00,0.00,0.00,0.00,0.00,0.00,Stadio Polisportivo Provinciale
1384696800,Nov 17 2013 - 2:00pm,complete,3530,Varese,Crotone,N/A,14,2.00,1.86,1.41,1.24,2,0,2,1,1,0,"16,73","",3,6,1,0,3,0,1,0,2,1,9,15,5,8,4,7,16,8,40,60,0.00,0.00,0.00,0.00,3.11,77,77,68,38,23,44,68,62,85,10.04,6.33,2.05,3.25,4.25,0.00,0.00,0.00,0.00,0.00,0.00,Stadio Franco Ossola
1384716600,Nov 17 2013 - 7:30pm,complete,10000,Avellino,Juve Stabia,N/A,14,2.29,0.71,1.95,0.33,2,1,3,2,2,0,"7,44","81",5,4,3,0,4,1,2,1,1,4,11,17,5,4,6,13,14,22,44,56,0.00,0.00,0.00,0.00,2.57,50,79,50,22,7,14,71,50,93,10.57,5.28,1.89,3.35,4.92,0.00,0.00,0.00,0.00,0.00,0.00,Stadio Partenio-Adriano Lombardi
1385148600,Nov 22 2013 - 7:30pm,complete,4509,Novara,Pescara,N/A,15,1.50,1.33,1.55,1.19,0,0,0,0,0,0,"","",8,2,2,0,2,0,1,1,0,2,15,9,7,4,8,5,17,13,55,45,0.00,0.00,0.00,0.00,2.92,67,75,59,42,17,42,75,50,84,12.17,4.50,2.54,3.19,3.09,0.00,0.00,0.00,0.00,0.00,0.00,Stadio Comunale Silvio Piola
1385215200,Nov 23 2013 - 2:00pm,complete,2554,Bari 1908,Calcio Padova,N/A,15,1.83,0.00,1.91,0.62,2,2,4,3,2,1,"9,32","41,55",5,1,1,0,4,0,1,0,1,3,11,8,7,3,4,5,20,17,57,43,0.00,0.00,0.00,0.00,2.17,59,59,50,17,0,9,50,59,83,10.67,6.33,2.21,3.15,3.85,0.00,0.00,0.00,0.00,0.00,0.00,Stadio Comunale San Nicola
1385215200,Nov 23 2013 - 2:00pm,complete,3000,Brescia,Cesena,N/A,15,1.00,1.67,1.19,1.65,0,0,0,0,0,0,"","",11,5,1,0,3,0,0,1,2,1,10,4,5,4,5,0,18,14,58,42,0.00,0.00,0.00,0.00,2.74,77,92,54,22,7,37,92,38,92,9.38,5.38,2.03,3.30,4.26,0.00,0.00,0.00,0.00,0.00,0.00,Stadio Mario Rigamonti
1385215200,Nov 23 2013 - 2:00pm,complete,1842,Cittadella,Reggina,N/A,15,1.14,0.17,1.19,0.52,0,0,0,0,0,0,"","",3,6,1,0,3,0,0,1,1,2,9,8,0,4,9,4,19,14,52,48,0.00,0.00,0.00,0.00,1.94,23,55,31,16,0,9,62,31,79,11.76,6.14,2.47,3.08,3.32,0.00,0.00,0.00,0.00,0.00,0.00,Stadio Pier Cesare Tombolato
1385215200,Nov 23 2013 - 2:00pm,complete,4167,Crotone,Avellino,N/A,15,1.67,1.33,1.68,0.86,3,2,5,5,3,2,"5,37,43","18,36",3,10,3,0,3,0,2,1,2,1,7,11,6,7,1,4,13,12,48,52,0.00,0.00,0.00,0.00,2.50,59,83,50,17,0,17,92,50,83,11.50,5.67,2.50,3.21,3.14,0.00,0.00,0.00,0.00,0.00,0.00,Stadio Ezio Scida
1385215200,Nov 23 2013 - 2:00pm,complete,2019,Juve Stabia,Trapani,N/A,15,0.33,0.86,0.57,1.29,2,3,5,4,1,3,"34,67","17,28,38",5,1,4,0,5,1,1,3,0,6,14,8,5,2,9,6,11,9,71,29,0.00,0.00,0.00,0.00,2.31,54,85,38,16,0,31,63,37,85,12.29,6.79,2.33,3.21,3.45,0.00,0.00,0.00,0.00,0.00,0.00,Stadio Comunale Romeo Menti
1385215200,Nov 23 2013 - 2:00pm,complete,5735,Spezia,Empoli,N/A,15,1.71,1.50,1.62,1.38,1,3,4,3,1,2,"5","24,40,51",4,5,1,0,2,0,1,0,1,1,7,9,2,5,5,4,13,12,49,51,0.00,0.00,0.00,0.00,1.93,38,62,38,7,0,16,47,31,77,9.47,4.14,3.02,3.12,2.64,0.00,0.00,0.00,0.00,0.00,0.00,Stadio Alberto Picco
1385215200,Nov 23 2013 - 2:00pm,complete,4290,Ternana,Modena,N/A,15,1.43,0.43,1.52,1.05,1,1,2,2,1,1,"45'1","33",12,2,5,0,3,0,1,4,1,2,11,5,6,4,5,1,17,20,61,39,0.00,0.00,0.00,0.00,2.50,64,71,50,22,15,29,64,57,86,9.72,4.43,2.26,3.15,3.71,0.00,0.00,0.00,0.00,0.00,0.00,Stadio Libero Liberati
1385215200,Nov 23 2013 - 2:00pm,complete,2799,Virtus Lanciano,Varese,N/A,15,2.00,0.71,1.57,0.91,2,0,2,2,2,0,"34,45","",1,5,2,0,5,0,0,2,3,2,8,9,3,5,5,4,8,18,51,49,0.00,0.00,0.00,0.00,1.90,47,61,22,7,7,7,69,22,85,10.60,6.10,2.40,3.12,3.41,0.00,0.00,0.00,0.00,0.00,0.00,Stadio Comunale Guido Biondi
1385292600,Nov 24 2013 - 11:30am,complete,8550,Palermo,Latina,N/A,15,2.17,1.14,2.00,1.48,1,2,3,3,1,2,"18","25,45'2",7,0,3,0,2,0,1,2,1,1,4,5,2,4,2,1,13,18,56,44,0.00,0.00,0.00,0.00,2.02,45,62,48,15,0,30,54,32,62,7.36,5.50,1.57,3.88,7.34,0.00,0.00,0.00,0.00,0.00,0.00,Stadio Renzo Barbera
1385301600,Nov 24 2013 - 2:00pm,complete,2000,Carpi,Robur Siena,N/A,15,0.83,0.83,1.19,1.19,0,1,1,0,0,0,"","60",-1,-1,4,1,3,0,0,5,0,3,-1,-1,-1,-1,-1,-1,-1,-1,-1,-1,0.00,0.00,0.00,0.00,2.00,58,67,34,17,0,25,59,25,67,12.00,5.33,2.62,3.17,3.00,0.00,0.00,0.00,0.00,0.00,0.00,Stadio Sandro Cabassi
1385753400,Nov 29 2013 - 7:30pm,complete,3528,Empoli,Brescia,N/A,16,2.25,1.14,2.05,1.62,2,2,4,0,0,0,"53,90'4","61,72",5,5,2,0,2,0,1,1,1,1,12,10,8,6,4,4,10,16,52,48,0.00,0.00,0.00,0.00,2.32,53,73,47,27,7,21,66,34,73,10.24,4.81,1.94,3.36,4.59,0.00,0.00,0.00,0.00,0.00,0.00,Stadio Carlo Castellani
1385820000,Nov 30 2013 - 2:00pm,complete,6000,Avellino,Cesena,N/A,16,2.38,1.57,1.95,1.65,0,0,0,0,0,0,"","",5,5,2,0,1,0,1,1,1,0,16,9,12,5,4,4,15,16,58,42,0.00,0.00,0.00,0.00,2.13,54,67,41,7,7,20,73,27,80,8.99,4.59,2.15,3.28,3.84,0.00,0.00,0.00,0.00,0.00,0.00,Stadio Partenio-Adriano Lombardi
1385820000,Nov 30 2013 - 2:00pm,complete,5134,Latina,Juve Stabia,N/A,16,1.71,0.63,1.57,0.33,1,0,1,0,0,0,"74","",8,4,2,0,2,0,0,2,0,2,12,7,4,4,8,3,21,10,51,49,0.00,0.00,0.00,0.00,2.15,39,72,45,13,0,13,66,39,79,10.68,5.46,2.03,3.27,4.32,0.00,0.00,0.00,0.00,0.00,0.00,Stadio Comunale Domenico Francioni
1385820000,Nov 30 2013 - 2:00pm,complete,4102,Modena,Robur Siena,N/A,16,2.29,1.14,1.96,1.19,1,1,2,1,1,0,"45","90'3",2,3,1,0,3,0,0,1,2,1,9,8,4,4,5,4,13,16,41,59,0.00,0.00,0.00,0.00,2.65,64,79,50,36,7,36,72,50,86,9.62,5.29,2.77,3.21,2.79,0.00,0.00,0.00,0.00,0.00,0.00,Stadio Alberto Braglia
1385820000,Nov 30 2013 - 2:00pm,complete,4774,Calcio Padova,Crotone,N/A,16,1.57,1.63,1.33,1.24,0,0,0,0,0,0,"","",7,5,1,0,2,0,0,1,1,1,14,11,7,5,7,6,14,12,39,61,0.00,0.00,0.00,0.00,2.75,52,73,59,26,20,46,73,47,73,9.57,6.00,2.30,3.30,3.42,0.00,0.00,0.00,0.00,0.00,0.00,Stadio Comunale Euganeo
1385820000,Nov 30 2013 - 2:00pm,complete,7318,Palermo,Novara,N/A,16,1.86,0.50,2.00,0.50,2,1,3,1,1,0,"45,90'1","53",7,5,1,0,2,1,0,1,0,3,18,8,6,4,12,4,10,17,53,47,0.00,0.00,0.00,0.00,2.40,53,73,61,13,7,27,73,47,66,8.11,5.20,1.68,3.69,6.08,0.00,0.00,0.00,0.00,0.00,0.00,Stadio Renzo Barbera
1385820000,Nov 30 2013 - 2:00pm,complete,7472,Pescara,Carpi,N/A,16,1.25,1.71,1.29,1.62,4,2,6,2,1,1,"15,49,61,78","36,87",6,6,2,0,1,1,0,2,2,0,7,8,3,5,4,3,23,15,57,43,0.00,0.00,0.00,0.00,2.81,53,66,47,34,28,34,80,41,87,12.92,4.43,2.09,3.32,3.99,0.00,0.00,0.00,0.00,0.00,0.00,Stadio Adriatico-Giovanni Cornacchia
1385820000,Nov 30 2013 - 2:00pm,complete,3614,Reggina,Spezia,N/A,16,1.38,1.14,0.86,1.27,1,2,3,1,1,0,"1","49,59",3,2,3,0,2,0,3,0,0,2,5,5,0,2,5,3,23,16,47,53,0.00,0.00,0.00,0.00,2.25,60,73,40,13,7,7,62,40,80,11.42,4.70,2.61,3.16,3.02,0.00,0.00,0.00,0.00,0.00,0.00,Stadio Oreste Granillo
1385820000,Nov 30 2013 - 2:00pm,complete,2080,Trapani,Virtus Lanciano,N/A,16,1.29,1.75,1.43,1.29,1,0,1,0,0,0,"68","",3,10,2,0,3,1,2,0,2,2,13,6,8,4,5,2,15,14,48,52,0.00,0.00,0.00,0.00,2.22,41,61,47,21,0,34,75,41,67,11.77,5.92,2.37,3.23,3.34,0.00,0.00,0.00,0.00,0.00,0.00,Stadio Polisportivo Provinciale
1385820000,Nov 30 2013 - 2:00pm,complete,2715,Varese,Cittadella,N/A,16,2.14,1.00,1.41,1.05,2,1,3,3,2,1,"17,35","9",8,7,3,0,2,0,1,2,1,1,5,13,3,5,2,8,16,11,40,60,0.00,0.00,0.00,0.00,2.50,57,71,43,36,14,29,57,50,86,9.43,6.00,1.88,3.42,4.88,0.00,0.00,0.00,0.00,0.00,0.00,Stadio Franco Ossola
1386012600,Dec 02 2013 - 7:30pm,complete,1984,Bari 1908,Ternana,N/A,16,1.71,0.57,1.91,0.90,2,1,3,3,2,1,"10,33","38",4,4,3,0,1,0,0,3,1,0,7,8,4,5,3,3,11,13,37,63,0.00,0.00,0.00,0.00,2.36,79,79,50,14,0,7,57,57,93,10.00,7.14,2.25,3.23,3.62,0.00,0.00,0.00,0.00,0.00,0.00,Stadio Comunale San Nicola
1386358200,Dec 06 2013 - 7:30pm,complete,10164,Cesena,Calcio Padova,N/A,17,1.63,0.14,1.65,0.62,0,1,1,0,0,0,"","54",3,2,4,0,3,1,0,4,1,3,7,9,4,3,3,6,23,22,44,56,0.00,0.00,0.00,0.00,2.54,66,66,48,34,7,27,48,53,93,8.70,5.39,2.30,3.13,3.62,0.00,0.00,0.00,0.00,0.00,0.00,Orogel Stadium-Dino Manuzzi
1386424800,Dec 07 2013 - 2:00pm,complete,4500,Brescia,Reggina,N/A,17,1.00,0.29,1.19,0.52,2,1,3,1,1,0,"43,74","60",7,2,3,0,4,0,0,3,1,3,15,5,9,0,6,5,17,11,51,49,0.00,0.00,0.00,0.00,2.31,45,73,40,26,7,32,73,34,87,11.81,6.36,1.76,3.45,5.84,0.00,0.00,0.00,0.00,0.00,0.00,Stadio Mario Rigamonti
1386424800,Dec 07 2013 - 2:00pm,complete,1459,Carpi,Varese,N/A,17,0.71,0.63,1.19,0.91,1,0,1,1,1,0,"4","",3,5,2,1,2,0,0,3,0,2,10,10,6,5,4,5,21,18,36,64,0.00,0.00,0.00,0.00,1.84,34,59,26,7,7,20,66,19,66,11.17,6.49,2.37,3.14,3.45,0.00,0.00,0.00,0.00,0.00,0.00,Stadio Sandro Cabassi
1386424800,Dec 07 2013 - 2:00pm,complete,2126,Cittadella,Trapani,N/A,17,1.13,1.13,1.19,1.29,2,2,4,1,0,1,"65,81","26,68",12,2,3,0,3,0,1,2,0,3,16,7,7,5,9,2,15,12,59,41,0.00,0.00,0.00,0.00,2.07,44,63,38,19,7,19,50,38,69,10.75,5.75,2.34,3.20,3.44,0.00,0.00,0.00,0.00,0.00,0.00,Stadio Pier Cesare Tombolato
1386424800,Dec 07 2013 - 2:00pm,complete,4098,Crotone,Empoli,N/A,17,1.86,1.71,1.68,1.38,1,1,2,2,1,1,"42","15",2,4,4,0,2,0,1,3,0,2,7,11,3,6,4,5,12,11,48,52,0.00,0.00,0.00,0.00,2.72,57,79,57,29,7,36,72,43,79,8.43,4.14,3.09,3.16,2.56,0.00,0.00,0.00,0.00,0.00,0.00,Stadio Ezio Scida
1386424800,Dec 07 2013 - 2:00pm,complete,2719,Juve Stabia,Bari 1908,N/A,17,0.29,0.63,0.57,1.30,1,1,2,1,1,0,"2","72",3,5,0,0,5,0,0,0,2,3,9,9,4,5,5,4,10,16,43,57,0.00,0.00,0.00,0.00,2.23,48,62,34,21,14,34,75,7,75,10.84,6.20,2.48,3.12,3.26,0.00,0.00,0.00,0.00,0.00,0.00,Stadio Comunale Romeo Menti
1386424800,Dec 07 2013 - 2:00pm,complete,4370,Novara,Modena,N/A,17,1.43,0.50,1.55,1.05,1,0,1,1,1,0,"14","",3,4,3,0,2,0,1,2,1,1,7,8,4,5,3,3,19,15,46,54,0.00,0.00,0.00,0.00,2.28,66,73,48,21,0,34,60,40,81,11.27,5.43,2.07,3.25,4.17,0.00,0.00,0.00,0.00,0.00,0.00,Stadio Comunale Silvio Piola
1386424800,Dec 07 2013 - 2:00pm,complete,5877,Robur Siena,Pescara,N/A,17,2.13,1.29,2.10,1.19,1,3,4,3,1,2,"31","14,21,55",5,2,4,0,2,0,1,3,0,2,10,5,5,0,5,5,18,15,50,50,0.00,0.00,0.00,0.00,3.10,66,79,53,41,34,40,73,60,79,10.09,5.13,2.18,3.26,3.77,0.00,0.00,0.00,0.00,0.00,0.00,Stadio Comunale Artemio Franchi - Montepaschi Arena
1386424800,Dec 07 2013 - 2:00pm,complete,4524,Ternana,Latina,N/A,17,1.38,1.38,1.52,1.48,1,0,1,0,0,0,"67","",7,2,2,0,3,1,0,2,1,3,12,7,6,4,6,3,15,17,53,47,0.00,0.00,0.00,0.00,2.38,63,69,44,25,13,50,69,32,63,8.63,4.76,2.26,3.05,3.85,0.00,0.00,0.00,0.00,0.00,0.00,Stadio Libero Liberati
1386424800,Dec 07 2013 - 2:00pm,complete,3404,Virtus Lanciano,Palermo,N/A,17,2.14,1.75,1.57,2.10,1,1,2,0,0,0,"90'3","49",2,1,2,0,4,0,2,0,2,2,8,4,6,2,2,2,16,21,51,49,0.00,0.00,0.00,0.00,2.04,47,73,19,7,7,20,80,13,86,9.43,6.32,3.30,3.18,2.42,0.00,0.00,0.00,0.00,0.00,0.00,Stadio Comunale Guido Biondi
1386617400,Dec 09 2013 - 7:30pm,complete,5758,Spezia,Avellino,N/A,17,1.50,1.14,1.62,0.86,0,0,0,0,0,0,"","",4,4,1,0,2,0,1,0,2,0,11,5,4,3,7,2,12,24,48,52,0.00,0.00,0.00,0.00,2.35,54,75,47,20,7,20,75,27,73,12.71,5.57,2.31,3.15,3.57,0.00,0.00,0.00,0.00,0.00,0.00,Stadio Alberto Picco
1386963000,Dec 13 2013 - 7:30pm,complete,3769,Reggina,Robur Siena,N/A,18,1.22,1.13,0.86,1.19,0,2,2,1,0,1,"","39,48",8,8,3,0,2,0,0,3,1,1,6,13,3,8,3,5,17,13,47,53,0.00,0.00,0.00,0.00,2.41,71,77,47,24,6,13,47,47,89,10.78,5.10,0.00,0.00,0.00,0.00,0.00,0.00,0.00,0.00,0.00,Stadio Oreste Granillo
1387029600,Dec 14 2013 - 2:00pm,complete,2135,Bari 1908,Carpi,N/A,18,1.88,1.50,1.91,1.62,2,2,4,2,1,1,"22,90'1","28,61",6,3,3,0,1,0,2,1,1,0,15,7,9,3,6,4,17,9,53,47,0.00,0.00,0.00,0.00,2.82,63,69,57,32,25,32,69,50,82,11.51,5.38,2.22,3.14,3.83,0.00,0.00,0.00,0.00,0.00,0.00,Stadio Comunale San Nicola
1387029600,Dec 14 2013 - 2:00pm,complete,3886,Empoli,Cesena,N/A,18,2.11,1.50,2.05,1.65,0,0,0,0,0,0,"","",7,6,3,0,2,0,2,1,0,2,13,6,4,2,9,4,19,21,59,41,0.00,0.00,0.00,0.00,2.21,59,76,47,17,0,12,71,35,76,9.33,4.83,1.64,3.67,6.75,0.00,0.00,0.00,0.00,0.00,0.00,Stadio Carlo Castellani
1387029600,Dec 14 2013 - 2:00pm,complete,2157,Juve Stabia,Novara,N/A,18,0.38,0.44,0.57,0.50,1,2,3,1,0,1,"70","44,66",9,2,0,0,0,0,0,0,0,0,12,7,5,4,7,3,18,11,49,51,0.00,0.00,0.00,0.00,2.60,65,83,47,24,12,30,89,35,83,9.69,5.80,2.57,3.16,3.08,0.00,0.00,0.00,0.00,0.00,0.00,Stadio Comunale Romeo Menti
1387029600,Dec 14 2013 - 2:00pm,complete,4631,Latina,Crotone,N/A,18,1.88,1.56,1.57,1.24,2,3,5,1,0,1,"65,84","19,47,79",11,3,4,1,1,0,2,3,0,1,10,9,4,2,6,7,24,13,51,49,0.00,0.00,0.00,0.00,2.18,40,58,40,17,11,28,64,29,71,9.86,4.64,2.38,3.07,3.52,0.00,0.00,0.00,0.00,0.00,0.00,Stadio Comunale Domenico Francioni
1387029600,Dec 14 2013 - 2:00pm,complete,4213,Modena,Brescia,N/A,18,2.13,1.13,1.96,1.62,0,1,1,0,0,0,"","87",5,2,2,0,3,0,1,1,1,2,18,5,10,3,8,2,13,20,53,47,0.00,0.00,0.00,0.00,2.63,57,76,50,38,13,32,69,44,76,8.88,4.63,2.73,3.09,2.94,0.00,0.00,0.00,0.00,0.00,0.00,Stadio Alberto Braglia
1387029600,Dec 14 2013 - 2:00pm,complete,4709,Calcio Padova,Ternana,N/A,18,1.50,0.50,1.33,0.90,1,1,2,0,0,0,"76","70",5,4,1,1,5,0,1,1,3,2,6,10,4,5,2,5,23,16,51,49,0.00,0.00,0.00,0.00,2.13,57,69,44,13,7,19,57,44,69,9.38,6.50,2.23,3.14,3.80,0.00,0.00,0.00,0.00,0.00,0.00,Stadio Comunale Euganeo
1387029600,Dec 14 2013 - 2:00pm,complete,8344,Palermo,Cittadella,N/A,18,2.00,0.88,2.00,1.05,3,1,4,3,2,1,"23,26,82","43",3,3,2,0,2,0,0,2,1,1,8,9,4,3,4,6,18,12,61,39,0.00,0.00,0.00,0.00,2.51,57,75,63,19,7,38,63,44,69,9.13,5.26,1.57,3.96,7.05,0.00,0.00,0.00,0.00,0.00,0.00,Stadio Renzo Barbera
1387029600,Dec 14 2013 - 2:00pm,complete,4583,Trapani,Avellino,N/A,18,1.50,1.13,1.43,0.86,1,1,2,0,0,0,"78","77",9,8,2,0,1,0,0,2,0,1,8,8,6,3,2,5,13,21,52,48,0.00,0.00,0.00,0.00,2.25,50,69,38,19,7,26,82,32,69,13.00,5.63,2.16,3.26,3.84,0.00,0.00,0.00,0.00,0.00,0.00,Stadio Polisportivo Provinciale
1387029600,Dec 14 2013 - 2:00pm,complete,2951,Varese,Spezia,N/A,18,2.25,1.38,1.41,1.27,4,0,4,1,1,0,"24,58,76,84","",3,7,2,0,3,0,1,1,0,3,7,13,3,7,4,6,25,12,52,48,0.00,0.00,0.00,0.00,2.32,63,75,44,13,7,19,76,44,75,11.01,5.50,2.23,3.22,3.69,0.00,0.00,0.00,0.00,0.00,0.00,Stadio Franco Ossola
1387107000,Dec 15 2013 - 11:30am,complete,4674,Virtus Lanciano,Pescara,N/A,18,2.00,1.50,1.57,1.19,0,1,1,1,0,1,"","11",5,3,3,0,3,0,1,2,2,1,6,6,2,4,4,2,12,14,57,43,0.00,0.00,0.00,0.00,2.19,57,63,25,25,13,26,69,32,69,9.38,4.50,2.69,3.15,2.93,0.00,0.00,0.00,0.00,0.00,0.00,Stadio Comunale Guido Biondi
1387562400,Dec 20 2013 - 6:00pm,complete,4146,Ternana,Trapani,N/A,19,1.56,1.11,1.52,1.29,0,2,2,0,0,0,"","51,90'3",5,5,5,0,4,0,0,5,1,3,14,6,6,3,8,3,12,15,54,46,0.00,0.00,0.00,0.00,2.67,62,78,50,28,17,39,62,50,84,10.66,5.56,2.18,3.17,3.92,0.00,0.00,0.00,0.00,0.00,0.00,Stadio Libero Liberati
1387569600,Dec 20 2013 - 8:00pm,complete,8121,Pescara,Calcio Padova,N/A,19,1.44,0.50,1.29,0.62,1,0,1,0,0,0,"80","",5,2,3,0,4,0,0,3,3,1,9,8,5,4,4,4,19,19,56,44,0.00,0.00,0.00,0.00,2.75,59,64,53,36,11,35,70,41,89,10.82,5.25,1.92,3.40,4.68,0.00,0.00,0.00,0.00,0.00,0.00,Stadio Adriatico-Giovanni Cornacchia
1387634400,Dec 21 2013 - 2:00pm,complete,5000,Brescia,Varese,N/A,19,1.22,0.56,1.19,0.91,4,2,6,3,2,1,"3,14,61,72","16,81",5,2,1,0,2,2,1,0,3,1,9,10,4,5,5,5,11,13,57,43,0.00,0.00,0.00,0.00,2.45,56,78,45,22,11,33,84,39,78,11.00,6.00,1.93,3.30,4.82,0.00,0.00,0.00,0.00,0.00,0.00,Stadio Mario Rigamonti
1387634400,Dec 21 2013 - 2:00pm,complete,2679,Carpi,Palermo,N/A,19,1.00,1.67,1.19,2.10,1,0,1,0,0,0,"72","",3,1,3,0,4,2,1,2,3,3,9,4,3,2,6,2,17,18,55,45,0.00,0.00,0.00,0.00,1.91,41,64,23,6,6,18,71,17,75,9.81,6.78,3.20,3.12,2.52,0.00,0.00,0.00,0.00,0.00,0.00,Stadio Sandro Cabassi
1387634400,Dec 21 2013 - 2:00pm,complete,9503,Cesena,Reggina,N/A,19,1.44,0.25,1.65,0.52,3,1,4,1,1,0,"19,55,73","61",7,2,2,0,2,0,2,0,1,1,12,8,4,3,8,5,23,16,52,48,0.00,0.00,0.00,0.00,2.17,46,65,36,18,6,18,48,47,94,9.89,6.32,2.10,3.16,4.20,0.00,0.00,0.00,0.00,0.00,0.00,Orogel Stadium-Dino Manuzzi
1387634400,Dec 21 2013 - 2:00pm,complete,1935,Cittadella,Bari 1908,N/A,19,1.11,0.67,1.19,1.30,1,1,2,0,0,0,"90'6","63",6,5,2,0,4,0,2,0,2,2,10,15,4,7,6,8,13,12,50,50,0.00,0.00,0.00,0.00,1.78,39,44,28,17,6,11,62,17,62,10.89,5.00,2.49,3.08,3.29,0.00,0.00,0.00,0.00,0.00,0.00,Stadio Pier Cesare Tombolato
1387634400,Dec 21 2013 - 2:00pm,complete,4556,Crotone,Juve Stabia,N/A,19,1.75,0.56,1.68,0.33,1,1,2,1,0,1,"57","24",11,5,2,1,5,1,0,3,2,4,20,8,7,5,13,3,8,17,68,32,0.00,0.00,0.00,0.00,2.89,66,89,65,30,7,36,78,53,82,8.86,5.94,1.93,3.40,4.62,0.00,0.00,0.00,0.00,0.00,0.00,Stadio Ezio Scida
1387634400,Dec 21 2013 - 2:00pm,complete,4930,Novara,Empoli,N/A,19,1.63,1.63,1.55,1.38,0,1,1,1,0,1,"","10",2,5,3,0,1,0,1,2,1,0,11,11,6,7,5,4,24,11,47,53,0.00,0.00,0.00,0.00,2.25,50,69,44,19,0,38,63,25,75,11.01,4.50,3.06,3.15,2.59,0.00,0.00,0.00,0.00,0.00,0.00,Stadio Comunale Silvio Piola
1387634400,Dec 21 2013 - 2:00pm,complete,6148,Robur Siena,Latina,N/A,19,1.89,1.22,2.10,1.48,1,0,1,1,1,0,"38","",2,6,2,0,4,0,1,1,0,4,11,8,5,5,6,3,14,12,49,51,0.00,0.00,0.00,0.00,2.78,67,78,50,33,17,50,67,34,78,7.77,6.33,1.81,3.36,5.60,0.00,0.00,0.00,0.00,0.00,0.00,Stadio Comunale Artemio Franchi - Montepaschi Arena
1387634400,Dec 21 2013 - 2:00pm,complete,5413,Spezia,Virtus Lanciano,N/A,19,1.44,1.56,1.62,1.29,2,0,2,0,0,0,"70,76","",4,4,3,0,3,0,1,2,0,3,7,10,4,5,3,5,10,17,58,42,0.00,0.00,0.00,0.00,1.89,33,50,44,17,0,22,50,28,67,11.00,5.67,2.25,3.17,3.71,0.00,0.00,0.00,0.00,0.00,0.00,Stadio Alberto Picco
1387711800,Dec 22 2013 - 11:30am,complete,7000,Avellino,Modena,N/A,19,2.22,0.44,1.95,1.05,2,1,3,1,1,0,"42,66","84",6,5,4,0,2,0,2,2,1,1,13,11,10,6,3,5,17,17,41,59,0.00,0.00,0.00,0.00,2.00,56,62,33,11,6,22,67,33,73,9.22,4.78,2.12,3.20,4.08,0.00,0.00,0.00,0.00,0.00,0.00,Stadio Partenio-Adriano Lombardi
1388066400,Dec 26 2013 - 2:00pm,complete,1162,Bari 1908,Spezia,N/A,20,1.78,1.22,1.91,1.27,1,2,3,0,0,0,"84","51,82",1,4,4,1,3,0,2,3,0,3,15,6,6,4,9,2,21,11,44,56,0.00,0.00,0.00,0.00,2.45,67,78,56,17,0,22,78,50,78,11.22,5.56,2.13,3.26,3.95,0.00,0.00,0.00,0.00,0.00,0.00,Stadio Comunale San Nicola
1388066400,Dec 26 2013 - 2:00pm,complete,3538,Empoli,Cittadella,N/A,20,2.00,0.78,2.05,1.05,0,1,1,1,0,1,"","13",7,4,1,1,3,0,0,2,2,1,14,10,6,6,8,4,7,28,64,36,0.00,0.00,0.00,0.00,2.59,64,79,53,37,6,33,69,37,79,9.39,5.18,1.58,4.00,6.85,0.00,0.00,0.00,0.00,0.00,0.00,Stadio Carlo Castellani
1388066400,Dec 26 2013 - 2:00pm,complete,2173,Juve Stabia,Brescia,N/A,20,0.33,1.33,0.57,1.62,1,2,3,2,1,1,"45'2","44,53",3,1,4,0,3,1,0,4,3,1,12,5,5,2,7,3,20,14,50,50,0.00,0.00,0.00,0.00,2.45,56,73,44,28,11,28,61,28,78,11.12,5.22,3.13,3.23,2.49,0.00,0.00,0.00,0.00,0.00,0.00,Stadio Comunale Romeo Menti
1388066400,Dec 26 2013 - 2:00pm,complete,4039,Latina,Cesena,N/A,20,1.67,1.44,1.57,1.65,0,0,0,0,0,0,"","",5,5,4,0,4,0,2,2,2,2,9,8,4,4,5,4,21,15,50,50,0.00,0.00,0.00,0.00,1.62,33,50,28,6,6,6,56,22,62,10.55,4.66,2.58,3.06,3.16,0.00,0.00,0.00,0.00,0.00,0.00,Stadio Comunale Domenico Francioni
1388066400,Dec 26 2013 - 2:00pm,complete,5035,Modena,Pescara,N/A,20,1.89,1.67,1.96,1.19,0,1,1,1,0,1,"","45'1",4,1,3,0,1,0,0,3,0,1,13,9,5,8,8,1,19,10,61,39,0.00,0.00,0.00,0.00,2.62,56,67,44,39,17,33,84,44,73,8.33,4.33,2.62,3.22,2.96,0.00,0.00,0.00,0.00,0.00,0.00,Stadio Alberto Braglia
1388066400,Dec 26 2013 - 2:00pm,complete,6002,Calcio Padova,Robur Siena,N/A,20,1.44,1.33,1.33,1.19,2,2,4,2,1,1,"22,88","45,84",7,5,3,0,3,1,2,1,2,2,11,13,4,7,7,6,14,13,53,47,0.00,0.00,0.00,0.00,2.00,50,67,33,17,6,22,50,39,73,11.05,5.56,2.68,3.18,2.92,0.00,0.00,0.00,0.00,0.00,0.00,Stadio Comunale Euganeo
1388066400,Dec 26 2013 - 2:00pm,complete,9659,Palermo,Ternana,N/A,20,2.11,0.56,2.00,0.90,1,0,1,0,0,0,"57","",4,3,2,0,3,0,1,1,1,2,11,11,5,6,6,5,20,18,48,52,0.00,0.00,0.00,0.00,2.50,73,84,61,11,0,22,62,50,78,8.56,6.22,1.75,3.59,5.54,0.00,0.00,0.00,0.00,0.00,0.00,Stadio Renzo Barbera
1388066400,Dec 26 2013 - 2:00pm,complete,4203,Reggina,Avellino,N/A,20,1.10,1.11,0.86,0.86,1,1,2,1,1,0,"2","57",1,7,3,0,2,0,1,2,1,1,5,10,0,4,5,6,17,18,50,50,0.00,0.00,0.00,0.00,2.36,58,79,42,16,11,6,64,42,79,13.33,5.41,2.63,3.19,2.97,0.00,0.00,0.00,0.00,0.00,0.00,Stadio Oreste Granillo
1388066400,Dec 26 2013 - 2:00pm,complete,5726,Trapani,Crotone,N/A,20,1.44,1.70,1.43,1.24,1,0,1,1,1,0,"7","",4,14,3,0,3,0,1,2,1,2,9,5,7,2,2,3,16,17,44,56,0.00,0.00,0.00,0.00,2.76,63,74,52,31,15,42,74,47,79,10.11,4.92,2.20,3.31,3.66,0.00,0.00,0.00,0.00,0.00,0.00,Stadio Polisportivo Provinciale
1388066400,Dec 26 2013 - 2:00pm,complete,3329,Virtus Lanciano,Carpi,N/A,20,1.78,1.44,1.57,1.62,1,3,4,3,1,2,"8","22,40,54",8,6,3,0,3,0,1,2,2,1,10,10,6,2,4,8,17,11,55,45,0.00,0.00,0.00,0.00,2.45,50,62,28,28,22,28,73,34,78,10.11,4.78,2.42,3.20,3.29,0.00,0.00,0.00,0.00,0.00,0.00,Stadio Comunale Guido Biondi
1388316600,Dec 29 2013 - 11:30am,complete,5854,Robur Siena,Varese,N/A,21,2.00,0.50,2.10,0.91,1,1,2,0,0,0,"56","82",5,10,2,0,5,0,1,1,2,3,10,14,4,3,6,11,15,16,45,55,0.00,0.00,0.00,0.00,2.95,55,80,50,30,25,40,80,45,80,9.30,6.60,1.92,3.35,4.76,0.00,0.00,0.00,0.00,0.00,0.00,Stadio Comunale Artemio Franchi - Montepaschi Arena
1388325600,Dec 29 2013 - 2:00pm,complete,10000,Avellino,Calcio Padova,N/A,21,2.30,0.44,1.95,0.62,2,1,3,2,1,1,"4,68","12",7,3,2,0,6,0,1,1,1,5,13,12,7,3,6,9,18,17,52,48,0.00,0.00,0.00,0.00,2.16,47,52,42,22,5,21,57,32,85,8.42,5.43,2.14,3.15,4.07,0.00,0.00,0.00,0.00,0.00,0.00,Stadio Partenio-Adriano Lombardi
1388325600,Dec 29 2013 - 2:00pm,complete,5000,Brescia,Trapani,N/A,21,1.40,1.30,1.19,1.29,3,3,6,2,1,1,"34,48,90'1","29,59,90'4",12,3,3,0,1,0,2,1,1,0,16,15,10,6,6,9,15,12,63,37,0.00,0.00,0.00,0.00,2.90,70,90,55,35,15,40,70,55,90,10.80,6.10,1.88,3.36,5.00,0.00,0.00,0.00,0.00,0.00,0.00,Stadio Mario Rigamonti
1388325600,Dec 29 2013 - 2:00pm,complete,2536,Carpi,Juve Stabia,N/A,21,1.22,0.60,1.19,0.33,1,0,1,0,0,0,"90'1","",14,2,1,0,6,2,1,0,2,6,13,5,9,2,4,3,16,20,61,39,0.00,0.00,0.00,0.00,2.02,41,62,36,10,0,16,63,25,78,10.85,6.90,1.86,3.32,5.20,0.00,0.00,0.00,0.00,0.00,0.00,Stadio Sandro Cabassi
1388325600,Dec 29 2013 - 2:00pm,complete,2449,Cittadella,Virtus Lanciano,N/A,21,1.10,1.40,1.19,1.29,1,2,3,1,0,1,"87","31,90'3",9,2,4,0,4,0,1,3,2,2,9,5,2,2,7,3,13,12,59,41,0.00,0.00,0.00,0.00,1.85,30,50,35,15,0,10,50,40,65,12.50,5.80,2.50,3.07,3.28,0.00,0.00,0.00,0.00,0.00,0.00,Stadio Pier Cesare Tombolato
1388325600,Dec 29 2013 - 2:00pm,complete,7469,Crotone,Palermo,N/A,21,1.67,1.50,1.68,2.10,1,2,3,1,0,1,"63","3,58",8,5,2,0,5,0,2,0,2,3,12,6,8,3,4,3,9,14,57,43,0.00,0.00,0.00,0.00,2.60,64,85,43,22,11,32,80,37,84,7.96,6.66,3.22,3.17,2.47,0.00,0.00,0.00,0.00,0.00,0.00,Stadio Ezio Scida
1388325600,Dec 29 2013 - 2:00pm,complete,5939,Novara,Bari 1908,N/A,21,1.44,0.70,1.55,1.30,0,1,1,0,0,0,"","51",1,7,3,0,1,0,1,2,1,0,14,5,11,4,3,1,13,19,51,49,0.00,0.00,0.00,0.00,1.96,47,53,32,16,5,27,64,16,69,10.41,5.56,2.18,3.15,3.93,0.00,0.00,0.00,0.00,0.00,0.00,Stadio Comunale Silvio Piola
1388325600,Dec 29 2013 - 2:00pm,complete,13540,Pescara,Empoli,N/A,21,1.60,1.78,1.29,1.38,1,2,3,1,0,1,"52","19,72",5,2,3,0,2,1,2,1,1,2,16,5,5,2,11,3,17,18,50,50,0.00,0.00,0.00,0.00,2.51,52,69,42,21,10,37,74,31,79,11.64,3.99,2.82,3.15,2.79,0.00,0.00,0.00,0.00,0.00,0.00,Stadio Adriatico-Giovanni Cornacchia
1388325600,Dec 29 2013 - 2:00pm,complete,6375,Spezia,Latina,N/A,21,1.60,1.10,1.62,1.48,1,4,5,0,0,0,"65","54,57,80,90'3",1,0,2,0,4,0,1,1,2,2,8,12,6,5,2,7,11,25,50,50,0.00,0.00,0.00,0.00,1.85,45,55,35,20,0,30,50,20,60,7.60,5.20,2.05,3.12,4.54,0.00,0.00,0.00,0.00,0.00,0.00,Stadio Alberto Picco
1388325600,Dec 29 2013 - 2:00pm,complete,4511,Ternana,Reggina,N/A,21,1.40,0.22,1.52,0.52,2,1,3,0,0,0,"73,89","78",3,1,2,0,2,0,1,1,0,2,9,9,2,2,7,7,23,21,55,45,0.00,0.00,0.00,0.00,2.36,42,69,42,21,10,26,64,47,85,10.77,5.87,1.96,3.28,4.63,0.00,0.00,0.00,0.00,0.00,0.00,Stadio Libero Liberati
1388336400,Dec 29 2013 - 5:00pm,complete,10965,Cesena,Modena,N/A,21,1.60,0.40,1.65,1.05,1,1,2,2,1,1,"36","44",9,5,1,0,3,0,0,1,2,1,11,8,3,4,8,4,22,15,59,41,0.00,0.00,0.00,0.00,2.30,70,70,40,20,5,20,55,55,85,9.30,5.20,2.28,3.08,3.74,0.00,0.00,0.00,0.00,0.00,0.00,Orogel Stadium-Dino Manuzzi
1390131000,Jan 19 2014 - 11:30am,complete,1346,Varese,Novara,N/A,20,2.33,0.70,1.41,0.50,1,1,2,0,0,0,"89","90",7,4,1,0,1,0,0,1,0,1,12,7,5,2,7,5,11,10,61,39,0.00,0.00,0.00,0.00,2.64,63,79,58,27,11,21,79,58,79,9.08,5.29,2.22,3.22,3.71,0.00,0.00,0.00,0.00,0.00,0.00,Stadio Franco Ossola
1390591800,Jan 24 2014 - 7:30pm,complete,4741,Trapani,Calcio Padova,N/A,22,1.60,0.40,1.43,0.62,2,1,3,2,2,0,"3,17","78",1,6,2,0,2,0,1,1,2,0,5,13,2,5,3,8,14,17,46,54,0.00,0.00,0.00,0.00,2.20,50,55,40,25,0,30,60,35,80,9.10,5.90,2.06,3.28,4.17,0.00,0.00,0.00,0.00,0.00,0.00,Stadio Polisportivo Provinciale
1390658400,Jan 25 2014 - 2:00pm,complete,5277,Novara,Avellino,N/A,22,1.30,1.10,1.55,0.86,2,1,3,1,0,1,"59,86","31",8,1,2,0,3,1,2,0,2,2,18,5,4,2,14,3,10,17,68,32,0.00,0.00,0.00,0.00,2.10,50,65,35,15,5,20,70,25,70,12.90,5.60,2.64,3.12,3.02,0.00,0.00,0.00,0.00,0.00,0.00,Stadio Comunale Silvio Piola
1390658400,Jan 25 2014 - 2:00pm,complete,2435,Virtus Lanciano,Brescia,N/A,22,1.60,1.50,1.57,1.62,1,0,1,0,0,0,"78","",8,4,1,0,3,1,0,1,2,2,9,4,3,2,6,2,15,13,53,47,0.00,0.00,0.00,0.00,2.05,50,60,30,20,5,25,55,20,70,9.50,5.30,3.01,3.08,2.68,0.00,0.00,0.00,0.00,0.00,0.00,Stadio Comunale Guido Biondi
1390658400,Jan 25 2014 - 2:00pm,complete,2949,Varese,Cesena,N/A,22,2.20,1.40,1.41,1.65,1,3,4,3,1,2,"33","3,19,75",8,2,3,1,3,0,2,2,2,1,14,10,6,3,8,7,34,20,49,51,0.00,0.00,0.00,0.00,2.00,50,65,40,15,5,15,55,40,65,10.20,5.30,2.09,3.15,4.25,0.00,0.00,0.00,0.00,0.00,0.00,Stadio Franco Ossola
1390658400,Jan 25 2014 - 2:00pm,complete,5505,Latina,Empoli,N/A,22,1.60,1.90,1.57,1.38,2,1,3,0,0,0,"78,90'3","75",7,1,4,0,0,0,1,3,0,0,6,6,3,0,3,6,24,5,40,60,0.00,0.00,0.00,0.00,1.85,35,55,30,10,5,15,60,25,65,10.40,4.40,3.40,3.13,2.40,0.00,0.00,0.00,0.00,0.00,0.00,Stadio Comunale Domenico Francioni
1390658400,Jan 25 2014 - 2:00pm,complete,7462,Palermo,Modena,N/A,22,2.20,0.45,2.00,1.05,0,0,0,0,0,0,"","",3,4,2,0,2,0,1,1,2,0,6,5,3,5,3,0,14,28,67,33,0.00,0.00,0.00,0.00,2.25,62,72,53,10,0,29,67,43,67,9.07,5.12,1.69,3.63,6.06,0.00,0.00,0.00,0.00,0.00,0.00,Stadio Renzo Barbera
1390658400,Jan 25 2014 - 2:00pm,complete,2333,Juve Stabia,Pescara,N/A,22,0.30,1.80,0.57,1.19,2,1,3,0,0,0,"84,90'2","49",7,3,3,0,2,1,0,3,1,2,9,13,2,6,7,7,16,18,54,46,0.00,0.00,0.00,0.00,2.55,60,70,45,30,15,35,85,30,70,10.10,4.90,3.23,3.31,2.39,0.00,0.00,0.00,0.00,0.00,0.00,Stadio Comunale Romeo Menti
1390658400,Jan 25 2014 - 2:00pm,complete,1733,Bari 1908,Reggina,N/A,22,1.60,0.20,1.91,0.52,0,1,1,1,0,1,"","1",10,1,3,1,3,0,2,2,2,1,11,2,4,2,7,0,19,9,67,33,0.00,0.00,0.00,0.00,2.45,60,75,60,20,0,20,60,55,85,9.90,6.70,0.00,0.00,0.00,0.00,0.00,0.00,0.00,0.00,0.00,Stadio Comunale San Nicola
1390658400,Jan 25 2014 - 2:00pm,complete,2131,Cittadella,Spezia,N/A,22,1.00,1.40,1.19,1.27,1,2,3,1,1,0,"32","64,89",3,7,3,0,1,1,1,2,1,1,8,5,7,5,1,0,21,14,47,53,0.00,0.00,0.00,0.00,2.16,53,68,43,14,0,5,68,48,72,11.82,4.87,2.63,3.15,3.01,0.00,0.00,0.00,0.00,0.00,0.00,Stadio Pier Cesare Tombolato
1390658400,Jan 25 2014 - 2:00pm,complete,2395,Carpi,Ternana,N/A,22,1.40,0.50,1.19,0.90,1,2,3,2,1,1,"20","26,69",7,6,4,0,2,0,1,3,0,2,14,7,5,2,9,5,14,21,55,45,0.00,0.00,0.00,0.00,1.80,50,55,25,5,0,10,50,25,75,10.27,6.60,2.09,3.24,4.10,0.00,0.00,0.00,0.00,0.00,0.00,Stadio Sandro Cabassi
1390851000,Jan 27 2014 - 7:30pm,complete,4366,Crotone,Robur Siena,N/A,22,1.50,1.30,1.68,1.19,0,0,0,0,0,0,"","",14,2,2,0,1,1,2,0,2,0,19,7,5,4,14,3,14,8,59,41,0.00,0.00,0.00,0.00,2.65,75,85,50,30,5,35,75,45,80,10.23,5.50,2.87,3.26,2.67,0.00,0.00,0.00,0.00,0.00,0.00,Stadio Ezio Scida
1391196600,Jan 31 2014 - 7:30pm,complete,8105,Avellino,Latina,N/A,23,2.36,1.27,1.95,1.48,1,1,2,0,0,0,"90'1","61",3,5,1,0,4,0,1,0,3,1,11,10,3,4,8,6,17,21,61,39,0.00,0.00,0.00,0.00,2.14,55,60,41,18,9,32,64,23,69,7.91,5.36,2.11,3.12,4.25,0.00,0.00,0.00,0.00,0.00,0.00,Stadio Partenio-Adriano Lombardi
1391263200,Feb 01 2014 - 2:00pm,complete,5000,Brescia,Bari 1908,N/A,23,1.36,0.91,1.19,1.30,2,1,3,1,0,1,"66,84","30",7,9,5,0,1,0,2,3,1,0,7,16,3,11,4,5,13,12,51,49,0.00,0.00,0.00,0.00,2.55,64,68,41,27,18,37,73,32,82,11.37,5.27,1.99,3.23,4.60,0.00,0.00,0.00,0.00,0.00,0.00,Stadio Mario Rigamonti
1391263200,Feb 01 2014 - 2:00pm,complete,4681,Calcio Padova,Carpi,N/A,23,1.40,1.60,1.33,1.62,1,4,5,2,1,1,"45'1","42,53,71,78",2,2,5,1,3,0,2,4,2,1,8,10,5,3,3,7,18,17,59,41,0.00,0.00,0.00,0.00,2.70,50,65,50,40,25,40,65,50,75,11.00,5.10,2.60,3.05,3.15,0.00,0.00,0.00,0.00,0.00,0.00,Stadio Comunale Euganeo
1391263200,Feb 01 2014 - 2:00pm,complete,7155,Ternana,Cittadella,N/A,23,1.55,1.00,1.52,1.05,2,1,3,2,2,0,"20,41","66",9,2,2,0,3,1,1,1,2,2,9,5,8,0,1,5,14,16,65,35,0.00,0.00,0.00,0.00,2.58,58,72,48,29,14,43,63,43,76,9.72,4.98,1.93,3.23,4.97,0.00,0.00,0.00,0.00,0.00,0.00,Stadio Libero Liberati
1391263200,Feb 01 2014 - 2:00pm,complete,9984,Cesena,Crotone,N/A,23,1.55,1.55,1.65,1.24,1,0,1,0,0,0,"71","",5,3,3,0,2,0,1,2,0,2,5,14,3,5,2,9,12,15,47,53,0.00,0.00,0.00,0.00,2.77,69,73,50,32,18,36,64,50,82,10.36,5.00,2.19,3.11,3.97,0.00,0.00,0.00,0.00,0.00,0.00,Orogel Stadium-Dino Manuzzi
1391263200,Feb 01 2014 - 2:00pm,complete,5507,Spezia,Juve Stabia,N/A,23,1.45,0.55,1.62,0.33,1,1,2,1,0,1,"55","14",5,2,3,0,1,0,2,1,0,1,13,4,8,2,5,2,11,17,64,36,0.00,0.00,0.00,0.00,2.37,50,73,50,23,5,18,50,41,87,9.27,6.45,2.03,3.24,4.38,0.00,0.00,0.00,0.00,0.00,0.00,Stadio Alberto Picco
1391263200,Feb 01 2014 - 2:00pm,complete,5553,Robur Siena,Novara,N/A,23,1.91,0.73,2.10,0.50,1,0,1,1,1,0,"25","",4,5,2,0,2,0,0,2,0,2,6,12,5,3,1,9,11,13,51,49,0.00,0.00,0.00,0.00,2.91,73,87,55,27,18,32,78,60,87,8.36,5.27,1.96,3.28,4.65,0.00,0.00,0.00,0.00,0.00,0.00,Stadio Comunale Artemio Franchi - Montepaschi Arena
1391263200,Feb 01 2014 - 2:00pm,complete,7737,Pescara,Trapani,N/A,23,1.45,1.27,1.29,1.29,0,1,1,0,0,0,"","54",9,2,3,1,5,0,2,2,2,3,12,10,5,4,7,6,13,23,48,52,0.00,0.00,0.00,0.00,2.96,64,82,55,32,18,36,69,55,91,11.36,5.63,2.12,3.20,4.08,0.00,0.00,0.00,0.00,0.00,0.00,Stadio Adriatico-Giovanni Cornacchia
1391263200,Feb 01 2014 - 2:00pm,complete,4012,Modena,Varese,N/A,23,1.70,0.55,1.96,0.91,4,1,5,1,1,0,"26,49,68,81","78",3,4,5,0,4,0,2,3,2,2,11,6,4,0,7,6,18,22,50,50,0.00,0.00,0.00,0.00,2.48,48,72,38,24,14,29,82,43,77,8.92,5.94,2.24,3.10,3.84,0.00,0.00,0.00,0.00,0.00,0.00,Stadio Alberto Braglia
1391263200,Feb 01 2014 - 2:00pm,complete,3885,Reggina,Virtus Lanciano,N/A,23,1.09,1.55,0.86,1.29,1,0,1,0,0,0,"65","",7,8,1,0,2,0,0,1,1,1,6,8,4,4,2,4,14,18,45,55,0.00,0.00,0.00,0.00,2.23,46,69,45,14,5,9,55,45,82,11.10,6.09,2.64,3.00,3.14,0.00,0.00,0.00,0.00,0.00,0.00,Stadio Oreste Granillo
1391455800,Feb 03 2014 - 7:30pm,complete,6159,Empoli,Palermo,N/A,23,1.82,1.64,2.05,2.10,1,1,2,0,0,0,"80","70",7,3,2,0,4,0,1,1,1,3,15,5,8,3,7,2,12,26,59,41,0.00,0.00,0.00,0.00,2.32,55,78,41,18,5,14,73,36,87,9.19,6.63,2.52,3.11,3.20,0.00,0.00,0.00,0.00,0.00,0.00,Stadio Carlo Castellani
1391801400,Feb 07 2014 - 7:30pm,complete,3090,Virtus Lanciano,Cesena,N/A,24,1.73,1.55,1.57,1.65,1,1,2,1,0,1,"76","33",3,1,3,0,3,0,0,3,1,2,12,6,4,3,8,3,19,16,51,49,0.00,0.00,0.00,0.00,1.69,45,55,23,9,0,18,60,14,64,9.64,5.09,2.37,3.08,3.54,0.00,0.00,0.00,0.00,0.00,0.00,Stadio Comunale Guido Biondi
1391868000,Feb 08 2014 - 2:00pm,complete,5516,Ternana,Avellino,N/A,24,1.67,1.00,1.52,0.86,1,1,2,0,0,0,"56","61",8,8,4,0,3,0,1,3,2,1,8,15,3,9,5,6,25,16,50,50,0.00,0.00,0.00,0.00,2.43,61,79,43,13,13,26,70,43,78,12.81,5.35,2.54,3.10,3.19,0.00,0.00,0.00,0.00,0.00,0.00,Stadio Libero Liberati
1391868000,Feb 08 2014 - 2:00pm,complete,6344,Trapani,Empoli,N/A,24,1.73,1.73,1.43,1.38,0,0,0,0,0,0,"","",7,8,1,0,3,0,0,1,1,2,12,13,8,7,4,6,17,13,44,56,0.00,0.00,0.00,0.00,2.23,55,69,41,14,0,32,69,36,73,9.36,4.09,3.10,3.17,2.55,0.00,0.00,0.00,0.00,0.00,0.00,Stadio Polisportivo Provinciale
1391868000,Feb 08 2014 - 2:00pm,complete,2740,Varese,Latina,N/A,24,2.00,1.25,1.41,1.48,0,0,0,0,0,0,"","",5,5,2,0,1,0,0,2,0,1,9,9,5,4,4,5,25,18,59,41,0.00,0.00,0.00,0.00,2.41,61,70,44,31,9,30,57,40,70,8.84,6.15,2.48,3.08,3.32,0.00,0.00,0.00,0.00,0.00,0.00,Stadio Franco Ossola
1391868000,Feb 08 2014 - 2:00pm,complete,2304,Cittadella,Modena,N/A,24,0.92,0.50,1.19,1.05,0,1,1,0,0,0,"","90'5",4,7,1,0,2,0,0,1,1,1,5,6,3,5,2,1,14,16,46,54,0.00,0.00,0.00,0.00,1.96,59,63,38,13,0,13,63,46,63,10.75,5.08,2.66,3.08,3.04,0.00,0.00,0.00,0.00,0.00,0.00,Stadio Pier Cesare Tombolato
1391868000,Feb 08 2014 - 2:00pm,complete,8990,Palermo,Calcio Padova,N/A,24,2.09,0.36,2.00,0.62,1,0,1,0,0,0,"84","",3,2,2,0,4,1,1,1,2,3,9,11,5,3,4,8,18,14,58,42,0.00,0.00,0.00,0.00,2.27,50,60,60,18,0,32,55,32,78,8.09,5.72,1.61,3.85,6.77,0.00,0.00,0.00,0.00,0.00,0.00,Stadio Renzo Barbera
1391868000,Feb 08 2014 - 2:00pm,complete,3711,Crotone,Pescara,N/A,24,1.45,1.64,1.68,1.19,3,0,3,1,1,0,"29,61,66","",0,2,3,0,4,1,1,2,2,3,8,6,4,2,4,4,22,11,55,45,0.00,0.00,0.00,0.00,2.55,64,69,50,32,14,32,78,45,60,9.55,4.63,2.66,3.17,2.95,0.00,0.00,0.00,0.00,0.00,0.00,Stadio Ezio Scida
1391868000,Feb 08 2014 - 2:00pm,complete,1040,Juve Stabia,Reggina,N/A,24,0.55,0.45,0.57,0.52,1,1,2,0,0,0,"64","84",4,3,1,0,1,1,0,1,0,2,10,13,6,6,4,7,12,14,64,36,0.00,0.00,0.00,0.00,2.46,55,78,50,18,5,23,73,36,87,10.27,6.36,2.17,3.18,3.93,0.00,0.00,0.00,0.00,0.00,0.00,Stadio Comunale Romeo Menti
1391868000,Feb 08 2014 - 2:00pm,complete,1856,Bari 1908,Robur Siena,N/A,24,1.45,1.27,1.91,1.19,2,1,3,2,2,0,"2,45'1","56",1,7,4,0,3,1,3,1,1,3,11,8,3,4,8,4,20,15,43,57,0.00,0.00,0.00,0.00,2.32,69,73,50,23,0,27,60,46,78,11.00,6.27,2.65,3.06,3.07,0.00,0.00,0.00,0.00,0.00,0.00,Stadio Comunale San Nicola
1391868000,Feb 08 2014 - 2:00pm,complete,3055,Carpi,Spezia,N/A,24,1.27,1.55,1.19,1.27,1,1,2,0,0,0,"90","64",1,4,3,0,5,0,2,1,1,4,10,5,6,4,4,1,21,18,46,54,0.00,0.00,0.00,0.00,1.95,46,59,37,5,0,14,69,28,73,11.88,5.55,2.65,3.06,3.07,0.00,0.00,0.00,0.00,0.00,0.00,Stadio Sandro Cabassi
1392060600,Feb 10 2014 - 7:30pm,complete,4511,Novara,Brescia,N/A,24,1.45,1.36,1.55,1.62,1,2,3,1,0,1,"67","45'1,59",5,4,3,0,2,0,0,3,1,1,12,5,6,2,6,3,14,14,59,41,0.00,0.00,0.00,0.00,2.14,45,55,45,23,5,27,50,27,73,10.00,5.37,2.47,3.07,3.34,0.00,0.00,0.00,0.00,0.00,0.00,Stadio Comunale Silvio Piola
1392472800,Feb 15 2014 - 2:00pm,complete,2936,Empoli,Carpi,N/A,25,1.75,1.73,2.05,1.62,1,1,2,1,0,1,"54","43",9,3,3,0,3,0,2,1,1,2,11,10,5,4,6,6,23,18,58,42,0.00,0.00,0.00,0.00,2.90,61,74,53,45,23,32,75,49,83,10.66,4.78,1.85,3.44,5.01,0.00,0.00,0.00,0.00,0.00,0.00,Stadio Carlo Castellani
1392472800,Feb 15 2014 - 2:00pm,complete,4963,Latina,Cittadella,N/A,25,1.73,0.91,1.57,1.05,1,0,1,1,1,0,"18","",1,13,4,0,3,0,2,2,0,3,5,7,3,4,2,3,29,21,41,59,0.00,0.00,0.00,0.00,2.14,46,59,41,23,9,28,59,27,69,10.00,5.55,1.90,3.30,4.99,0.00,0.00,0.00,0.00,0.00,0.00,Stadio Comunale Domenico Francioni
1392472800,Feb 15 2014 - 2:00pm,complete,6133,Spezia,Crotone,N/A,25,1.42,1.42,1.62,1.24,3,1,4,3,3,0,"1,23,45'1","70",3,5,2,0,4,0,2,0,1,3,6,8,5,5,1,3,15,21,52,48,0.00,0.00,0.00,0.00,2.55,54,67,50,29,17,30,59,38,75,9.25,4.75,2.46,3.16,3.26,0.00,0.00,0.00,0.00,0.00,0.00,Stadio Alberto Picco
1392472800,Feb 15 2014 - 2:00pm,complete,5604,Robur Siena,Juve Stabia,N/A,25,2.00,0.58,2.10,0.33,1,0,1,0,0,0,"90'4","",9,2,1,0,2,0,0,1,0,2,15,5,8,3,7,2,11,17,69,31,0.00,0.00,0.00,0.00,2.79,63,83,50,25,13,30,71,46,92,9.50,7.09,1.85,3.42,5.10,0.00,0.00,0.00,0.00,0.00,0.00,Stadio Comunale Artemio Franchi - Montepaschi Arena
1392472800,Feb 15 2014 - 2:00pm,complete,7573,Calcio Padova,Novara,N/A,25,1.27,0.67,1.33,0.50,1,0,1,0,0,0,"67","",8,7,3,0,3,0,2,1,1,2,16,15,7,4,9,11,11,17,53,47,0.00,0.00,0.00,0.00,2.35,56,70,48,22,13,27,69,57,70,8.95,5.34,2.45,3.10,3.34,0.00,0.00,0.00,0.00,0.00,0.00,Stadio Comunale Euganeo
1392472800,Feb 15 2014 - 2:00pm,complete,11999,Cesena,Palermo,N/A,25,1.67,1.58,1.65,2.10,0,0,0,0,0,0,"","",7,7,2,0,3,2,2,0,4,1,14,10,5,3,9,7,12,26,63,37,0.00,0.00,0.00,0.00,2.33,63,75,33,17,8,21,55,46,96,8.92,6.50,3.23,3.05,2.55,0.00,0.00,0.00,0.00,0.00,0.00,Orogel Stadium-Dino Manuzzi
1392472800,Feb 15 2014 - 2:00pm,complete,5000,Brescia,Ternana,N/A,25,1.50,0.73,1.19,0.90,1,1,2,1,1,0,"32","74",3,8,2,0,3,0,1,1,1,2,5,8,4,7,1,1,17,22,53,47,0.00,0.00,0.00,0.00,2.85,83,87,56,26,13,34,74,52,92,10.65,6.31,2.14,3.23,3.94,0.00,0.00,0.00,0.00,0.00,0.00,Stadio Mario Rigamonti
1392472800,Feb 15 2014 - 2:00pm,complete,5206,Reggina,Trapani,N/A,25,1.25,1.42,0.86,1.29,1,1,2,0,0,0,"87","74",5,9,3,0,2,0,0,3,0,2,10,12,3,6,7,6,16,16,46,54,0.00,0.00,0.00,0.00,2.58,58,79,46,25,13,17,50,50,92,9.84,5.83,2.82,3.11,2.82,0.00,0.00,0.00,0.00,0.00,0.00,Stadio Oreste Granillo
1392472800,Feb 15 2014 - 2:00pm,complete,8000,Avellino,Virtus Lanciano,N/A,25,2.25,1.42,1.95,1.29,1,3,4,3,0,3,"68","22,28,45'2",7,4,4,0,4,1,2,2,1,4,11,9,4,2,7,7,21,18,60,40,0.00,0.00,0.00,0.00,2.05,42,59,42,8,4,21,59,38,79,10.92,5.58,2.16,3.16,3.99,0.00,0.00,0.00,0.00,0.00,0.00,Stadio Partenio-Adriano Lombardi
1392483600,Feb 15 2014 - 5:00pm,complete,7668,Pescara,Varese,N/A,25,1.33,0.50,1.29,0.91,1,2,3,1,0,1,"69","39,78",10,6,4,0,3,0,2,2,1,2,12,12,4,7,8,5,16,25,58,42,0.00,0.00,0.00,0.00,2.71,54,71,46,25,21,29,75,46,84,11.92,6.00,1.97,3.37,4.42,0.00,0.00,0.00,0.00,0.00,0.00,Stadio Adriatico-Giovanni Cornacchia
1392550200,Feb 16 2014 - 11:30am,complete,4441,Modena,Bari 1908,N/A,25,1.82,0.83,1.96,1.30,4,0,4,1,1,0,"26,56,62,84","",4,3,3,1,5,0,2,2,1,4,10,9,7,6,3,3,19,24,47,53,0.00,0.00,0.00,0.00,2.28,53,62,35,22,13,22,75,31,79,8.92,5.22,2.45,3.09,3.35,0.00,0.00,0.00,0.00,0.00,0.00,Stadio Alberto Braglia
1393011000,Feb 21 2014 - 7:30pm,complete,3992,Crotone,Brescia,N/A,26,1.58,1.50,1.68,1.62,1,0,1,1,1,0,"21","",1,5,2,0,5,1,0,2,2,4,11,11,4,4,7,7,10,14,51,49,0.00,0.00,0.00,0.00,2.46,59,71,54,25,8,29,63,42,71,9.42,5.25,2.60,3.08,3.12,0.00,0.00,0.00,0.00,0.00,0.00,Stadio Ezio Scida
1393077600,Feb 22 2014 - 2:00pm,complete,4067,Varese,Avellino,N/A,26,1.92,1.00,1.41,0.86,1,1,2,0,0,0,"90'3","57",2,3,6,0,3,0,3,3,3,0,4,7,0,4,4,3,18,20,60,40,0.00,0.00,0.00,0.00,2.38,63,79,42,21,8,17,67,46,75,12.83,5.92,2.26,3.16,3.70,0.00,0.00,0.00,0.00,0.00,0.00,Stadio Franco Ossola
1393077600,Feb 22 2014 - 2:00pm,complete,3166,Carpi,Cesena,N/A,26,1.25,1.50,1.19,1.65,1,2,3,2,1,1,"28","39,90'1",5,4,2,1,4,0,2,1,2,2,8,4,5,2,3,2,22,13,48,52,0.00,0.00,0.00,0.00,1.59,42,50,25,4,0,17,54,13,63,10.01,5.59,2.14,3.16,4.06,0.00,0.00,0.00,0.00,0.00,0.00,Stadio Sandro Cabassi
1393077600,Feb 22 2014 - 2:00pm,complete,2217,Juve Stabia,Cittadella,N/A,26,0.58,0.83,0.57,1.05,1,1,2,0,0,0,"59","79",7,5,2,0,4,1,0,2,3,2,13,11,6,4,7,7,19,26,61,39,0.00,0.00,0.00,0.00,2.59,67,80,50,25,8,42,75,29,80,10.58,5.75,2.23,3.14,3.81,0.00,0.00,0.00,0.00,0.00,0.00,Stadio Comunale Romeo Menti
1393077600,Feb 22 2014 - 2:00pm,complete,8214,Calcio Padova,Empoli,N/A,26,1.42,1.67,1.33,1.38,0,1,1,1,0,1,"","36",4,9,4,0,3,0,2,2,2,1,10,18,5,11,5,7,17,17,48,52,0.00,0.00,0.00,0.00,2.13,46,63,42,17,9,29,54,42,67,9.92,5.00,3.69,3.20,2.24,0.00,0.00,0.00,0.00,0.00,0.00,Stadio Comunale Euganeo
1393077600,Feb 22 2014 - 2:00pm,complete,3241,Virtus Lanciano,Latina,N/A,26,1.67,1.23,1.57,1.48,0,0,0,0,0,0,"","",4,5,2,0,2,0,1,1,1,1,10,10,5,4,5,6,13,21,47,53,0.00,0.00,0.00,0.00,1.84,52,56,20,16,4,24,57,16,65,8.25,5.65,2.38,3.09,3.49,0.00,0.00,0.00,0.00,0.00,0.00,Stadio Comunale Guido Biondi
1393077600,Feb 22 2014 - 2:00pm,complete,4986,Trapani,Modena,N/A,26,1.67,0.69,1.43,1.05,2,0,2,1,1,0,"10,69","",3,11,2,0,1,0,0,2,1,0,5,11,3,5,2,6,15,13,47,53,0.00,0.00,0.00,0.00,1.93,56,60,32,13,0,28,65,36,65,10.04,4.86,2.24,3.33,3.55,0.00,0.00,0.00,0.00,0.00,0.00,Stadio Polisportivo Provinciale
1393077600,Feb 22 2014 - 2:00pm,complete,3250,Bari 1908,Pescara,N/A,26,1.58,1.50,1.91,1.19,1,0,1,0,0,0,"75","",5,3,2,0,2,0,1,1,2,0,12,11,6,5,6,6,15,17,57,43,0.00,0.00,0.00,0.00,2.50,63,67,59,25,9,29,71,50,67,9.25,5.75,2.43,3.12,3.36,0.00,0.00,0.00,0.00,0.00,0.00,Stadio Comunale San Nicola
1393077600,Feb 22 2014 - 2:00pm,complete,4970,Novara,Reggina,N/A,26,1.33,0.50,1.55,0.52,1,0,1,1,1,0,"28","",3,5,0,0,2,0,0,0,1,1,8,12,4,5,4,7,13,12,51,49,0.00,0.00,0.00,0.00,2.17,46,63,46,17,0,17,63,42,79,9.67,6.00,1.98,3.19,4.72,0.00,0.00,0.00,0.00,0.00,0.00,Stadio Comunale Silvio Piola
1393077600,Feb 22 2014 - 2:00pm,complete,5269,Ternana,Robur Siena,N/A,26,1.62,1.17,1.52,1.19,2,2,4,0,0,0,"48,55","71,85",8,7,2,0,0,0,1,1,0,0,10,13,6,6,4,7,10,5,44,56,0.00,0.00,0.00,0.00,2.40,65,76,44,20,8,36,56,44,84,11.41,5.48,2.37,3.02,3.62,0.00,0.00,0.00,0.00,0.00,0.00,Stadio Libero Liberati
1393088400,Feb 22 2014 - 5:00pm,complete,9360,Palermo,Spezia,N/A,26,2.17,1.50,2.00,1.27,1,1,2,1,1,0,"16","85",4,0,4,0,3,0,1,3,0,3,8,9,4,2,4,7,29,13,48,52,0.00,0.00,0.00,0.00,2.25,55,71,54,8,0,17,63,46,75,9.58,5.08,1.81,3.42,5.42,0.00,0.00,0.00,0.00,0.00,0.00,Stadio Renzo Barbera
1393615800,Feb 28 2014 - 7:30pm,complete,5532,Latina,Calcio Padova,N/A,27,1.83,0.33,1.57,0.62,3,0,3,1,1,0,"31,63,69","",4,4,2,0,1,0,1,1,0,1,10,10,4,5,6,5,17,14,46,54,0.00,0.00,0.00,0.00,1.92,38,46,38,17,4,17,50,25,75,9.16,6.34,1.95,3.18,4.92,0.00,0.00,0.00,0.00,0.00,0.00,Stadio Comunale Domenico Francioni
1393682400,Mar 01 2014 - 2:00pm,complete,7420,Palermo,Bari 1908,N/A,27,2.08,0.77,2.00,1.30,2,1,3,0,0,0,"62,81","63",5,7,4,0,3,1,1,3,2,2,6,7,3,3,3,4,21,16,58,42,0.00,0.00,0.00,0.00,2.04,46,58,43,12,4,19,58,27,73,9.23,5.23,1.66,3.74,6.28,0.00,0.00,0.00,0.00,0.00,0.00,Stadio Renzo Barbera
1393682400,Mar 01 2014 - 2:00pm,complete,4500,Brescia,Carpi,N/A,27,1.46,1.67,1.19,1.62,0,2,2,2,0,2,"","8,24",7,2,3,0,2,0,2,1,0,2,11,8,6,3,5,5,20,16,56,44,0.00,0.00,0.00,0.00,3.33,76,84,60,48,33,48,88,52,92,11.29,5.04,2.09,3.24,4.14,0.00,0.00,0.00,0.00,0.00,0.00,Stadio Mario Rigamonti
1393682400,Mar 01 2014 - 2:00pm,complete,4220,Modena,Crotone,N/A,27,1.92,1.31,1.96,1.24,2,0,2,1,1,0,"45,77","",4,4,2,0,3,0,0,2,0,3,6,17,3,9,3,8,15,15,40,60,0.00,0.00,0.00,0.00,2.92,56,72,56,40,20,36,85,44,80,8.77,5.52,2.15,3.19,3.98,0.00,0.00,0.00,0.00,0.00,0.00,Stadio Alberto Braglia
1393682400,Mar 01 2014 - 2:00pm,complete,6016,Robur Siena,Empoli,N/A,27,2.08,1.77,2.10,1.38,1,1,2,0,0,0,"86","67",5,4,3,0,2,1,0,3,2,1,14,8,6,4,8,4,19,13,56,44,0.00,0.00,0.00,0.00,2.46,54,70,42,20,12,31,66,39,74,9.85,4.77,2.78,3.05,2.92,0.00,0.00,0.00,0.00,0.00,0.00,Stadio Comunale Artemio Franchi - Montepaschi Arena
1393682400,Mar 01 2014 - 2:00pm,complete,3100,Virtus Lanciano,Juve Stabia,N/A,27,1.62,0.54,1.57,0.33,1,0,1,0,0,0,"83","",3,2,4,0,5,0,2,2,2,3,7,8,3,5,4,3,21,18,47,53,0.00,0.00,0.00,0.00,2.00,50,66,27,12,0,15,62,23,85,9.61,6.46,1.93,3.27,4.88,0.00,0.00,0.00,0.00,0.00,0.00,Stadio Comunale Guido Biondi
1393682400,Mar 01 2014 - 2:00pm,complete,2064,Cittadella,Novara,N/A,27,0.85,0.62,1.19,0.50,2,2,4,0,0,0,"72,90'4","77,79",3,2,4,0,4,0,2,2,2,2,9,3,4,2,5,1,29,17,45,55,0.00,0.00,0.00,0.00,2.12,54,62,42,15,4,8,66,50,73,10.08,4.54,2.67,3.06,3.04,0.00,0.00,0.00,0.00,0.00,0.00,Stadio Pier Cesare Tombolato
1393682400,Mar 01 2014 - 2:00pm,complete,6592,Spezia,Ternana,N/A,27,1.54,0.75,1.62,0.90,2,2,4,1,1,0,"31,76","51,90'1",12,0,1,0,2,1,0,1,0,3,11,9,4,2,7,7,16,19,67,33,0.00,0.00,0.00,0.00,2.32,69,76,44,20,4,20,52,37,85,8.55,5.66,2.19,3.14,3.91,0.00,0.00,0.00,0.00,0.00,0.00,Stadio Alberto Picco
1393682400,Mar 01 2014 - 2:00pm,complete,10656,Cesena,Trapani,N/A,27,1.62,1.38,1.65,1.29,2,2,4,1,0,1,"69,80","14,52",9,3,2,1,3,0,1,2,2,1,14,15,7,7,7,8,10,12,58,42,0.00,0.00,0.00,0.00,2.46,62,74,39,27,12,27,42,54,89,10.08,5.77,2.38,3.16,3.41,0.00,0.00,0.00,0.00,0.00,0.00,Orogel Stadium-Dino Manuzzi
1393682400,Mar 01 2014 - 2:00pm,complete,3840,Reggina,Varese,N/A,27,1.23,0.69,0.86,0.91,3,4,7,2,2,0,"7,45,90'1","63,75,86,90'2",5,4,2,1,4,0,2,1,0,4,6,10,2,4,4,6,22,16,50,50,0.00,0.00,0.00,0.00,2.50,58,77,42,19,16,12,62,50,85,10.47,5.93,2.42,3.08,3.43,0.00,0.00,0.00,0.00,0.00,0.00,Stadio Oreste Granillo
1393693200,Mar 01 2014 - 5:00pm,complete,7500,Avellino,Pescara,N/A,27,2.08,1.38,1.95,1.19,1,1,2,0,0,0,"74","90'1",8,2,1,0,2,0,0,1,0,2,14,4,8,2,6,2,20,23,60,40,0.00,0.00,0.00,0.00,2.35,54,62,46,23,12,27,69,39,74,8.93,4.53,2.28,3.13,3.68,0.00,0.00,0.00,0.00,0.00,0.00,Stadio Partenio-Adriano Lombardi
1394220600,Mar 07 2014 - 7:30pm,complete,4231,Empoli,Avellino,N/A,28,1.69,1.00,2.05,0.86,0,1,1,0,0,0,"","57",2,2,2,2,6,0,1,3,1,5,13,12,5,9,8,3,15,25,51,49,0.00,0.00,0.00,0.00,2.23,66,81,35,16,4,8,69,42,77,12.54,5.61,1.88,3.32,5.16,0.00,0.00,0.00,0.00,0.00,0.00,Stadio Carlo Castellani
1394287200,Mar 08 2014 - 2:00pm,complete,7608,Pescara,Cesena,N/A,28,1.23,1.62,1.29,1.65,2,0,2,1,1,0,"43,57","",5,4,2,0,1,0,1,1,1,0,9,7,5,3,4,4,15,20,45,55,0.00,0.00,0.00,0.00,2.27,58,66,46,16,8,27,70,31,77,11.23,5.23,2.44,3.09,3.37,0.00,0.00,0.00,0.00,0.00,0.00,Stadio Adriatico-Giovanni Cornacchia
1394287200,Mar 08 2014 - 2:00pm,complete,3211,Crotone,Cittadella,N/A,28,1.69,0.85,1.68,1.05,2,0,2,1,1,0,"2,80","",4,2,2,1,2,1,3,0,1,2,7,8,5,4,2,4,10,19,52,48,0.00,0.00,0.00,0.00,2.50,62,73,50,27,8,39,77,39,66,9.46,5.69,1.98,3.32,4.45,0.00,0.00,0.00,0.00,0.00,0.00,Stadio Ezio Scida
1394287200,Mar 08 2014 - 2:00pm,complete,2000,Brescia,Latina,N/A,28,1.36,1.21,1.19,1.48,0,2,2,2,0,2,"","4,30",3,1,3,1,3,0,3,1,2,1,10,7,8,4,2,3,7,22,51,49,0.00,0.00,0.00,0.00,2.47,65,72,43,29,14,40,68,36,68,9.64,5.71,2.56,3.16,3.09,0.00,0.00,0.00,0.00,0.00,0.00,Stadio Mario Rigamonti
1394287200,Mar 08 2014 - 2:00pm,complete,4913,Calcio Padova,Modena,N/A,28,1.31,0.64,1.33,1.05,2,2,4,2,0,2,"61,63","15,40",6,4,3,0,3,0,2,1,1,2,11,15,6,7,5,8,20,16,53,47,0.00,0.00,0.00,0.00,1.97,48,59,34,15,8,26,59,41,63,10.47,5.72,2.53,3.09,3.21,0.00,0.00,0.00,0.00,0.00,0.00,Stadio Comunale Euganeo
1394287200,Mar 08 2014 - 2:00pm,complete,2525,Carpi,Reggina,N/A,28,1.15,0.46,1.19,0.52,0,3,3,0,0,0,"","63,69,79",14,3,0,0,1,0,0,0,1,0,17,8,7,4,10,4,9,16,53,47,0.00,0.00,0.00,0.00,1.85,38,54,31,8,0,16,58,27,73,10.08,6.23,1.88,3.38,4.95,0.00,0.00,0.00,0.00,0.00,0.00,Stadio Sandro Cabassi
1394287200,Mar 08 2014 - 2:00pm,complete,5066,Trapani,Robur Siena,N/A,28,1.77,1.15,1.43,1.19,0,2,2,0,0,0,"","63,88",7,6,3,0,2,0,0,3,0,2,7,8,0,2,7,6,16,15,50,50,0.00,0.00,0.00,0.00,2.19,58,70,39,23,0,31,62,35,77,10.71,5.07,2.51,3.12,3.21,0.00,0.00,0.00,0.00,0.00,0.00,Stadio Polisportivo Provinciale
1394287200,Mar 08 2014 - 2:00pm,complete,4818,Novara,Spezia,N/A,28,1.46,1.46,1.55,1.27,2,0,2,1,1,0,"24,77","",4,6,4,1,5,0,1,4,1,4,5,10,4,3,1,7,22,19,40,60,0.00,0.00,0.00,0.00,2.23,58,70,46,12,0,16,73,43,77,10.23,5.23,2.35,3.18,3.44,0.00,0.00,0.00,0.00,0.00,0.00,Stadio Comunale Silvio Piola
1394287200,Mar 08 2014 - 2:00pm,complete,4842,Ternana,Varese,N/A,28,1.57,0.86,1.52,0.91,2,0,2,1,1,0,"18,81","",5,4,1,0,2,1,0,1,1,2,12,9,4,8,8,1,17,25,54,46,0.00,0.00,0.00,0.00,2.82,61,79,50,25,22,33,65,57,83,11.15,5.93,2.33,3.21,3.45,0.00,0.00,0.00,0.00,0.00,0.00,Stadio Libero Liberati
1394287200,Mar 08 2014 - 2:00pm,complete,7970,Bari 1908,Virtus Lanciano,N/A,28,1.69,1.54,1.91,1.29,1,0,1,1,1,0,"33","",1,9,3,1,4,0,2,2,2,2,10,14,6,8,4,6,17,19,43,57,0.00,0.00,0.00,0.00,2.23,50,62,54,15,0,27,58,42,77,11.16,6.92,2.27,3.14,3.68,0.00,0.00,0.00,0.00,0.00,0.00,Stadio Comunale San Nicola
1394479800,Mar 10 2014 - 7:30pm,complete,1920,Juve Stabia,Palermo,N/A,28,0.62,1.54,0.57,2.10,0,3,3,3,0,3,"","4,14,33",8,6,3,0,3,0,2,1,2,1,11,6,5,4,6,2,17,13,42,58,0.00,0.00,0.00,0.00,2.39,66,85,39,12,8,23,66,38,92,9.92,7.00,4.43,3.23,2.02,0.00,0.00,0.00,0.00,0.00,0.00,Stadio Comunale Romeo Menti
1394546400,Mar 11 2014 - 2:00pm,complete,1410,Carpi,Calcio Padova,N/A,2,1.07,0.31,1.19,0.62,1,1,2,1,1,0,"45","60",2,0,2,0,3,0,0,2,1,2,3,4,2,2,1,2,3,2,51,49,0.00,0.00,0.00,0.00,2.01,41,52,42,12,0,26,52,23,82,10.07,6.17,2.77,3.02,2.95,0.00,0.00,0.00,0.00,0.00,0.00,Stadio Alberto Braglia
1394825400,Mar 14 2014 - 7:30pm,complete,6222,Spezia,Pescara,N/A,29,1.50,1.36,1.62,1.19,0,1,1,1,0,1,"","18",8,2,1,0,3,0,0,1,1,2,13,7,5,4,8,3,18,18,63,37,0.00,0.00,0.00,0.00,2.40,54,64,47,33,11,21,57,43,72,8.43,4.36,2.58,3.11,3.11,0.00,0.00,0.00,0.00,0.00,0.00,Stadio Alberto Picco
1394892000,Mar 15 2014 - 2:00pm,complete,15722,Bari 1908,Avellino,N/A,29,1.79,1.14,1.91,0.86,1,0,1,0,0,0,"82","",5,2,2,0,2,0,0,2,0,2,14,10,7,6,7,4,23,13,51,49,0.00,0.00,0.00,0.00,2.22,64,72,43,11,4,18,64,43,75,11.42,6.72,2.46,3.06,3.37,0.00,0.00,0.00,0.00,0.00,0.00,Stadio Comunale San Nicola
1394892000,Mar 15 2014 - 2:00pm,complete,9714,Palermo,Brescia,N/A,29,2.14,1.38,2.00,1.62,2,0,2,1,1,0,"18,52","",9,3,2,0,2,0,0,2,2,0,8,5,5,4,3,1,17,16,53,47,0.00,0.00,0.00,0.00,2.15,48,59,52,15,4,22,48,34,70,8.73,5.58,1.59,3.80,7.20,0.00,0.00,0.00,0.00,0.00,0.00,Stadio Renzo Barbera
1394892000,Mar 15 2014 - 2:00pm,complete,2027,Cittadella,Carpi,N/A,29,0.86,1.77,1.19,1.62,1,0,1,0,0,0,"54","",1,2,4,1,2,0,3,2,2,0,6,10,2,3,4,7,28,24,41,59,0.00,0.00,0.00,0.00,2.69,56,67,49,38,19,27,68,48,78,10.61,4.74,3.18,3.07,2.56,0.00,0.00,0.00,0.00,0.00,0.00,Stadio Pier Cesare Tombolato
1394892000,Mar 15 2014 - 2:00pm,complete,4876,Reggina,Crotone,N/A,29,1.14,1.21,0.86,1.24,1,4,5,0,0,0,"73","65,75,84,90'4",4,2,1,0,3,0,1,0,1,2,13,10,5,3,8,7,10,9,51,49,0.00,0.00,0.00,0.00,2.79,61,75,50,29,18,25,65,43,86,10.28,5.15,2.62,3.09,3.08,0.00,0.00,0.00,0.00,0.00,0.00,Stadio Oreste Granillo
1394892000,Mar 15 2014 - 2:00pm,complete,4661,Modena,Empoli,N/A,29,2.00,1.71,1.96,1.38,0,0,0,0,0,0,"","",7,4,2,0,1,0,1,1,0,1,10,5,4,3,6,2,27,12,50,50,0.00,0.00,0.00,0.00,2.39,48,71,41,23,8,22,75,41,75,8.57,4.76,2.72,3.08,2.96,0.00,0.00,0.00,0.00,0.00,0.00,Stadio Alberto Braglia
1394892000,Mar 15 2014 - 2:00pm,complete,2691,Virtus Lanciano,Novara,N/A,29,1.71,0.64,1.57,0.50,2,1,3,1,1,0,"28,86","52",4,4,2,0,3,0,1,1,1,2,9,4,4,3,5,1,18,16,50,50,0.00,0.00,0.00,0.00,2.00,54,61,29,14,4,14,64,32,75,8.71,5.00,2.08,3.20,4.22,0.00,0.00,0.00,0.00,0.00,0.00,Stadio Comunale Guido Biondi
1394892000,Mar 15 2014 - 2:00pm,complete,2899,Varese,Calcio Padova,N/A,29,1.85,0.36,1.41,0.62,0,3,3,1,0,1,"","40,76,84",1,4,4,0,1,0,2,2,0,1,12,7,5,5,7,2,20,24,54,46,0.00,0.00,0.00,0.00,2.38,56,67,48,26,4,26,56,42,85,8.83,6.43,1.98,3.29,4.52,0.00,0.00,0.00,0.00,0.00,0.00,Stadio Franco Ossola
1394892000,Mar 15 2014 - 2:00pm,complete,2822,Juve Stabia,Ternana,N/A,29,0.57,0.77,0.57,0.90,2,3,5,3,1,2,"41,75","8,14,84",4,3,2,0,3,1,0,2,3,1,21,7,10,4,11,3,17,14,63,37,0.00,0.00,0.00,0.00,2.55,78,89,48,15,4,26,67,41,89,10.14,6.33,3.36,3.08,2.45,0.00,0.00,0.00,0.00,0.00,0.00,Stadio Comunale Romeo Menti
1394892000,Mar 15 2014 - 2:00pm,complete,6513,Latina,Trapani,N/A,29,1.92,1.36,1.57,1.29,0,1,1,0,0,0,"","90'4",9,5,4,1,4,0,1,4,1,3,18,6,12,3,6,3,14,14,56,44,0.00,0.00,0.00,0.00,2.28,44,66,41,22,11,15,52,48,78,10.12,6.05,2.18,3.10,4.01,0.00,0.00,0.00,0.00,0.00,0.00,Stadio Comunale Domenico Francioni
1394902800,Mar 15 2014 - 5:00pm,complete,6646,Robur Siena,Cesena,N/A,29,2.00,1.50,2.10,1.65,1,0,1,1,1,0,"22","",3,5,1,0,2,0,0,1,1,1,10,9,5,7,5,2,11,19,43,57,0.00,0.00,0.00,0.00,2.33,57,72,40,18,11,29,64,32,75,9.07,5.43,2.10,3.20,4.14,0.00,0.00,0.00,0.00,0.00,0.00,Stadio Comunale Artemio Franchi - Montepaschi Arena
1395424800,Mar 21 2014 - 6:00pm,complete,6006,Trapani,Varese,N/A,30,1.64,0.80,1.43,0.91,1,1,2,2,1,1,"9","43",5,2,3,1,2,1,1,3,0,3,8,8,6,0,2,8,18,11,54,46,0.00,0.00,0.00,0.00,2.47,48,72,38,21,14,28,72,45,76,10.23,5.81,1.99,3.26,4.52,0.00,0.00,0.00,0.00,0.00,0.00,Stadio Polisportivo Provinciale
1395432000,Mar 21 2014 - 8:00pm,complete,8000,Avellino,Robur Siena,N/A,30,2.00,1.29,1.95,1.19,0,1,1,0,0,0,"","63",3,3,3,0,3,0,1,2,2,1,11,7,6,5,5,2,25,20,52,48,0.00,0.00,0.00,0.00,2.33,64,75,43,22,4,29,57,40,86,10.88,4.93,2.42,3.08,3.42,0.00,0.00,0.00,0.00,0.00,0.00,Stadio Partenio-Adriano Lombardi
1395496800,Mar 22 2014 - 2:00pm,complete,4596,Crotone,Bari 1908,N/A,30,1.79,0.71,1.68,1.30,0,0,0,0,0,0,"","",1,9,2,0,2,0,0,2,2,0,7,11,6,4,1,7,11,15,47,53,0.00,0.00,0.00,0.00,2.29,54,68,43,18,7,22,72,36,72,9.79,5.50,2.09,3.18,4.21,0.00,0.00,0.00,0.00,0.00,0.00,Stadio Ezio Scida
1395496800,Mar 22 2014 - 2:00pm,complete,4512,Novara,Carpi,N/A,30,1.57,1.64,1.55,1.62,1,0,1,0,0,0,"62","",7,6,4,0,2,0,2,2,1,1,9,12,3,6,6,6,11,15,50,50,0.00,0.00,0.00,0.00,2.61,50,64,47,32,18,36,75,36,79,9.79,4.93,2.38,3.10,3.49,0.00,0.00,0.00,0.00,0.00,0.00,Stadio Comunale Silvio Piola
1395496800,Mar 22 2014 - 2:00pm,complete,9603,Calcio Padova,Cittadella,N/A,30,1.29,0.79,1.33,1.05,0,4,4,1,0,1,"","42,52,57,89",5,6,4,0,1,0,3,1,1,0,15,11,5,4,10,7,15,21,55,45,0.00,0.00,0.00,0.00,2.32,50,64,43,29,11,40,64,40,68,9.93,6.43,1.97,3.21,4.75,0.00,0.00,0.00,0.00,0.00,0.00,Stadio Comunale Euganeo
1395496800,Mar 22 2014 - 2:00pm,complete,9937,Cesena,Juve Stabia,N/A,30,1.57,0.50,1.65,0.33,1,0,1,0,0,0,"56","",7,5,3,0,4,1,1,2,2,3,13,15,4,7,9,8,21,24,49,51,0.00,0.00,0.00,0.00,2.29,57,68,40,22,4,18,50,43,93,10.00,6.43,1.69,3.60,6.15,0.00,0.00,0.00,0.00,0.00,0.00,Orogel Stadium-Dino Manuzzi
1395496800,Mar 22 2014 - 2:00pm,complete,4474,Modena,Latina,N/A,30,1.93,1.33,1.96,1.48,4,0,4,0,0,0,"55,61,83,87","",7,7,2,0,1,0,1,1,0,1,8,7,3,2,5,5,19,21,53,47,0.00,0.00,0.00,0.00,2.19,45,62,35,28,11,27,67,32,63,7.14,5.71,2.39,3.02,3.56,0.00,0.00,0.00,0.00,0.00,0.00,Stadio Alberto Braglia
1395496800,Mar 22 2014 - 2:00pm,complete,11082,Pescara,Palermo,N/A,30,1.36,1.64,1.29,2.10,1,2,3,1,0,1,"56","12,76",3,2,1,0,3,0,0,1,1,2,3,8,0,4,3,4,16,22,45,55,0.00,0.00,0.00,0.00,2.46,54,75,43,14,11,25,72,40,90,11.14,6.64,2.91,3.08,2.76,0.00,0.00,0.00,0.00,0.00,0.00,Stadio Adriatico-Giovanni Cornacchia
1395496800,Mar 22 2014 - 2:00pm,complete,2903,Empoli,Reggina,N/A,30,1.57,0.64,2.05,0.52,4,0,4,4,4,0,"11,23,35,40","",4,6,0,0,2,0,0,0,1,1,11,10,3,6,8,4,7,14,56,44,0.00,0.00,0.00,0.00,2.14,47,68,40,18,0,7,61,43,79,9.64,5.78,1.60,3.76,7.27,0.00,0.00,0.00,0.00,0.00,0.00,Stadio Carlo Castellani
1395496800,Mar 22 2014 - 2:00pm,complete,4238,Brescia,Spezia,N/A,30,1.27,1.36,1.19,1.27,0,2,2,1,0,1,"","25,48",6,3,2,1,2,0,1,2,1,1,8,14,5,7,3,7,19,19,52,48,0.00,0.00,0.00,0.00,2.72,69,90,48,20,10,30,86,49,83,11.12,5.73,2.35,3.11,3.53,0.00,0.00,0.00,0.00,0.00,0.00,Stadio Mario Rigamonti
1395496800,Mar 22 2014 - 2:00pm,complete,5547,Ternana,Virtus Lanciano,N/A,30,1.67,1.43,1.52,1.29,1,1,2,2,1,1,"2","37",2,7,2,0,2,0,0,2,0,2,13,4,6,2,7,2,13,18,49,51,0.00,0.00,0.00,0.00,2.30,45,65,45,17,7,27,55,45,79,12.13,5.91,2.34,3.09,3.58,0.00,0.00,0.00,0.00,0.00,0.00,Stadio Libero Liberati
1395775800,Mar 25 2014 - 7:30pm,complete,2893,Carpi,Avellino,N/A,31,1.07,1.07,1.19,0.86,1,1,2,2,1,1,"45","11",8,2,3,1,2,1,2,2,2,1,18,8,11,4,7,4,24,19,52,48,0.00,0.00,0.00,0.00,1.90,50,63,27,4,4,14,57,27,77,12.29,5.94,2.48,2.97,3.52,0.00,0.00,0.00,0.00,0.00,0.00,Stadio Sandro Cabassi
1395775800,Mar 25 2014 - 7:30pm,complete,2319,Cittadella,Brescia,N/A,31,1.00,1.29,1.19,1.62,0,1,1,0,0,0,"","70",2,5,2,0,1,0,1,1,1,0,6,9,2,3,4,6,21,15,39,61,0.00,0.00,0.00,0.00,2.07,45,55,42,21,4,11,49,38,72,9.87,5.60,2.72,2.97,3.11,0.00,0.00,0.00,0.00,0.00,0.00,Stadio Pier Cesare Tombolato
1395775800,Mar 25 2014 - 7:30pm,complete,19407,Bari 1908,Cesena,N/A,31,1.87,1.40,1.91,1.65,0,0,0,0,0,0,"","",12,5,2,1,2,0,1,2,1,1,16,5,9,2,7,3,21,12,54,46,0.00,0.00,0.00,0.00,1.97,54,60,43,10,0,24,64,27,67,9.13,5.87,2.38,2.96,3.75,0.00,0.00,0.00,0.00,0.00,0.00,Stadio Comunale San Nicola
1395775800,Mar 25 2014 - 7:30pm,complete,2836,Virtus Lanciano,Crotone,N/A,31,1.80,1.33,1.57,1.24,0,1,1,0,0,0,"","56",3,3,0,0,4,0,0,0,1,3,9,5,6,2,3,3,22,16,46,54,0.00,0.00,0.00,0.00,2.37,54,63,37,24,14,27,67,27,77,9.53,5.33,2.31,3.01,3.85,0.00,0.00,0.00,0.00,0.00,0.00,Stadio Comunale Guido Biondi
1395775800,Mar 25 2014 - 7:30pm,complete,3078,Varese,Empoli,N/A,31,1.71,1.67,1.41,1.38,1,0,1,0,0,0,"59","",4,4,2,0,3,1,0,2,2,2,9,14,4,5,5,9,29,12,44,56,0.00,0.00,0.00,0.00,2.19,52,70,42,18,4,21,55,45,70,9.89,5.07,3.72,3.02,2.35,0.00,0.00,0.00,0.00,0.00,0.00,Stadio Franco Ossola
1395775800,Mar 25 2014 - 7:30pm,complete,3726,Reggina,Modena,N/A,31,1.07,0.67,0.86,1.05,2,2,4,1,1,0,"36,90'2","52,75",-1,-1,3,0,1,0,0,3,0,1,-1,-1,-1,-1,-1,-1,-1,-1,-1,-1,0.00,0.00,0.00,0.00,2.40,64,74,40,20,10,17,57,47,80,10.34,4.87,3.04,2.97,2.78,0.00,0.00,0.00,0.00,0.00,0.00,Stadio Oreste Granillo
1395775800,Mar 25 2014 - 7:30pm,complete,1776,Juve Stabia,Calcio Padova,N/A,31,0.53,0.53,0.57,0.62,1,1,2,1,1,0,"30","75",7,6,5,0,2,0,0,5,1,1,8,14,6,8,2,6,16,17,48,52,0.00,0.00,0.00,0.00,2.57,60,77,53,20,7,34,67,37,90,9.33,5.94,2.66,3.02,3.15,0.00,0.00,0.00,0.00,0.00,0.00,Stadio Comunale Romeo Menti
1395775800,Mar 25 2014 - 7:30pm,complete,5741,Latina,Pescara,N/A,31,1.79,1.47,1.57,1.19,0,2,2,0,0,0,"","65,90",6,1,2,1,3,0,0,3,1,2,12,7,6,3,6,4,23,19,50,50,0.00,0.00,0.00,0.00,1.96,34,48,35,17,10,10,59,38,62,9.33,5.26,2.57,2.96,3.35,0.00,0.00,0.00,0.00,0.00,0.00,Stadio Comunale Domenico Francioni
1395775800,Mar 25 2014 - 7:30pm,complete,10583,Palermo,Robur Siena,N/A,31,2.20,1.40,2.00,1.19,1,1,2,2,1,1,"27","20",4,1,1,0,2,0,0,1,0,2,7,4,3,3,4,1,15,15,54,46,0.00,0.00,0.00,0.00,2.20,54,70,47,17,0,24,50,37,80,10.01,5.34,1.93,3.20,5.15,0.00,0.00,0.00,0.00,0.00,0.00,Stadio Renzo Barbera
1395775800,Mar 25 2014 - 7:30pm,complete,4697,Novara,Ternana,N/A,31,1.67,0.93,1.55,0.90,1,1,2,2,1,1,"15","14",1,2,3,0,2,0,1,2,1,1,12,9,2,2,10,7,14,18,50,50,0.00,0.00,0.00,0.00,2.32,63,70,45,17,4,21,66,39,83,9.32,6.38,2.56,2.96,3.36,0.00,0.00,0.00,0.00,0.00,0.00,Stadio Comunale Silvio Piola
1395775800,Mar 25 2014 - 7:30pm,complete,5745,Spezia,Trapani,N/A,31,1.40,1.47,1.62,1.29,0,1,1,1,0,1,"","35",8,4,1,1,1,0,1,1,1,0,16,11,8,4,8,7,11,12,45,55,0.00,0.00,0.00,0.00,2.53,57,74,47,33,10,24,50,47,83,9.60,5.40,2.35,3.04,3.71,0.00,0.00,0.00,0.00,0.00,0.00,Stadio Alberto Picco
1396101600,Mar 29 2014 - 2:00pm,complete,5358,Trapani,Bari 1908,N/A,32,1.60,0.73,1.43,1.30,3,4,7,6,2,4,"6,12,57","24,27,36,41",13,2,2,0,2,1,0,2,0,3,12,8,4,3,8,5,9,22,55,45,0.00,0.00,0.00,0.00,1.97,47,60,30,13,4,23,60,30,70,10.67,5.33,2.32,2.98,3.86,0.00,0.00,0.00,0.00,0.00,0.00,Stadio Polisportivo Provinciale
1396101600,Mar 29 2014 - 2:00pm,complete,5960,Robur Siena,Brescia,N/A,32,2.07,1.40,2.10,1.62,2,1,3,1,1,0,"43,61","63",5,1,2,0,3,0,1,1,1,2,7,7,0,4,7,3,8,19,46,54,0.00,0.00,0.00,0.00,2.40,50,63,40,24,14,27,57,37,77,9.27,5.54,1.94,3.15,5.18,0.00,0.00,0.00,0.00,0.00,0.00,Stadio Comunale Artemio Franchi - Montepaschi Arena
1396101600,Mar 29 2014 - 2:00pm,complete,4284,Latina,Carpi,N/A,32,1.67,1.53,1.57,1.62,1,0,1,1,1,0,"12","",3,6,2,0,3,0,0,2,0,3,7,7,5,2,2,5,31,22,45,55,0.00,0.00,0.00,0.00,2.34,37,57,37,27,20,24,60,37,77,10.40,5.20,2.39,2.89,3.84,0.00,0.00,0.00,0.00,0.00,0.00,Stadio Comunale Domenico Francioni
1396101600,Mar 29 2014 - 2:00pm,complete,7000,Avellino,Cittadella,N/A,32,1.87,0.93,1.95,1.05,1,0,1,0,0,0,"64","",6,3,4,0,3,0,1,3,0,3,11,4,4,0,7,4,12,27,65,35,0.00,0.00,0.00,0.00,2.37,57,70,44,23,7,34,67,33,80,9.80,5.26,1.86,3.26,5.50,0.00,0.00,0.00,0.00,0.00,0.00,Stadio Partenio-Adriano Lombardi
1396101600,Mar 29 2014 - 2:00pm,complete,2930,Empoli,Juve Stabia,N/A,32,1.67,0.47,2.05,0.33,2,1,3,2,1,1,"34,71","43",8,1,0,0,2,1,0,0,1,2,16,13,8,10,8,3,8,23,59,41,0.00,0.00,0.00,0.00,2.24,50,70,40,20,0,13,60,33,87,9.87,6.60,1.46,4.32,9.30,0.00,0.00,0.00,0.00,0.00,0.00,Stadio Carlo Castellani
1396101600,Mar 29 2014 - 2:00pm,complete,3818,Varese,Palermo,N/A,32,1.80,1.73,1.41,2.10,1,2,3,2,1,1,"14","31,64",3,4,3,2,1,0,1,4,0,1,6,13,5,6,1,7,17,16,54,46,0.00,0.00,0.00,0.00,2.34,53,77,44,17,7,20,60,47,84,9.07,7.13,3.72,2.99,2.37,0.00,0.00,0.00,0.00,0.00,0.00,Stadio Franco Ossola
1396101600,Mar 29 2014 - 2:00pm,complete,8187,Pescara,Reggina,N/A,32,1.27,0.60,1.29,0.52,2,2,4,2,1,1,"21,86","23,88",9,2,0,0,2,0,0,0,0,2,13,16,7,7,6,9,17,19,54,46,0.00,0.00,0.00,0.00,2.50,47,70,50,20,7,20,70,47,83,11.00,5.40,1.74,3.44,6.30,0.00,0.00,0.00,0.00,0.00,0.00,Stadio Adriatico-Giovanni Cornacchia
1396101600,Mar 29 2014 - 2:00pm,complete,4378,Modena,Spezia,N/A,32,2.00,1.47,1.96,1.27,0,0,0,0,0,0,"","",8,3,1,0,3,2,0,1,1,4,10,2,3,2,7,0,26,28,56,44,0.00,0.00,0.00,0.00,2.50,50,80,44,24,7,14,80,47,84,9.07,5.53,2.18,3.09,4.09,0.00,0.00,0.00,0.00,0.00,0.00,Stadio Alberto Braglia
1396101600,Mar 29 2014 - 2:00pm,complete,5111,Calcio Padova,Virtus Lanciano,N/A,32,1.20,1.40,1.33,1.29,5,1,6,2,1,1,"28,59,62,84,90'3","42",4,0,1,0,1,0,0,1,1,0,15,12,5,6,10,6,19,12,53,47,0.00,0.00,0.00,0.00,2.17,37,57,44,23,7,30,60,43,67,11.46,6.80,2.87,2.99,2.92,0.00,0.00,0.00,0.00,0.00,0.00,Stadio Comunale Euganeo
1396112400,Mar 29 2014 - 5:00pm,complete,10007,Cesena,Novara,N/A,32,1.67,0.60,1.65,0.50,2,0,2,0,0,0,"56,76","",4,9,1,0,1,0,0,1,1,0,8,9,3,4,5,5,16,11,50,50,0.00,0.00,0.00,0.00,2.34,64,67,43,24,7,17,57,54,84,9.54,4.87,2.24,2.99,4.11,0.00,0.00,0.00,0.00,0.00,0.00,Orogel Stadium-Dino Manuzzi
1396175400,Mar 30 2014 - 10:30am,complete,4571,Crotone,Ternana,N/A,32,1.73,0.93,1.68,0.90,1,1,2,1,0,1,"49","22",5,3,2,0,3,0,1,1,1,2,9,11,4,6,5,5,15,19,57,43,0.00,0.00,0.00,0.00,2.47,70,80,47,20,7,27,74,44,74,8.27,6.07,2.23,3.19,3.80,0.00,0.00,0.00,0.00,0.00,0.00,Stadio Ezio Scida
1396636200,Apr 04 2014 - 6:30pm,complete,13410,Palermo,Avellino,N/A,33,2.13,1.06,2.00,0.86,2,0,2,0,0,0,"55,85","",8,4,0,0,1,0,0,0,0,1,10,4,5,3,5,1,13,19,56,44,0.00,0.00,0.00,0.00,2.10,57,72,38,6,3,19,60,35,72,10.44,5.69,1.74,3.57,5.92,0.00,0.00,0.00,0.00,0.00,0.00,Stadio Renzo Barbera
1396702800,Apr 05 2014 - 1:00pm,complete,5338,Ternana,Cesena,N/A,33,1.63,1.38,1.52,1.65,0,2,2,1,0,1,"","6,80",14,2,3,0,2,0,0,3,2,0,20,5,8,2,12,3,18,20,61,39,0.00,0.00,0.00,0.00,2.10,54,69,38,13,7,29,60,32,69,10.00,4.75,2.18,3.05,4.20,0.00,0.00,0.00,0.00,0.00,0.00,Stadio Libero Liberati
1396702800,Apr 05 2014 - 1:00pm,complete,4890,Novara,Crotone,N/A,33,1.63,1.44,1.55,1.24,1,1,2,1,1,0,"16","48",5,3,3,0,2,0,1,2,1,1,12,13,4,3,8,10,19,13,43,57,0.00,0.00,0.00,0.00,2.47,50,63,47,26,13,32,69,32,75,9.69,5.57,2.59,2.97,3.31,0.00,0.00,0.00,0.00,0.00,0.00,Stadio Comunale Silvio Piola
1396702800,Apr 05 2014 - 1:00pm,complete,3886,Reggina,Latina,N/A,33,1.06,1.25,0.86,1.48,0,1,1,0,0,0,"","87",6,6,0,0,3,0,0,0,1,2,10,10,6,4,4,6,5,16,52,48,0.00,0.00,0.00,0.00,2.41,57,69,41,28,13,19,47,41,72,8.66,5.25,2.80,2.93,3.05,0.00,0.00,0.00,0.00,0.00,0.00,Stadio Oreste Granillo
1396702800,Apr 05 2014 - 1:00pm,complete,2493,Virtus Lanciano,Modena,N/A,33,1.69,0.69,1.57,1.05,1,3,4,1,0,1,"61","24,47,50",0,4,3,0,1,0,1,2,0,1,8,5,4,3,4,2,25,18,54,46,0.00,0.00,0.00,0.00,1.88,54,60,26,13,0,19,63,29,72,9.75,4.88,2.50,2.99,3.43,0.00,0.00,0.00,0.00,0.00,0.00,Stadio Comunale Guido Biondi
1396702800,Apr 05 2014 - 1:00pm,complete,5759,Spezia,Calcio Padova,N/A,33,1.31,0.56,1.62,0.62,2,2,4,2,0,2,"48,90","14,40",1,2,5,0,3,0,2,3,1,2,18,6,10,3,8,3,23,24,58,42,0.00,0.00,0.00,0.00,2.28,50,63,47,25,3,22,60,31,82,8.69,5.19,2.13,3.15,4.19,0.00,0.00,0.00,0.00,0.00,0.00,Stadio Alberto Picco
1396702800,Apr 05 2014 - 1:00pm,complete,4368,Brescia,Pescara,N/A,33,1.19,1.56,1.19,1.19,3,0,3,0,0,0,"68,79,84","",5,3,1,0,2,0,1,0,1,1,12,10,8,4,4,6,17,10,54,46,0.00,0.00,0.00,0.00,2.63,57,75,44,28,16,35,79,47,72,9.56,5.25,2.54,3.02,3.33,0.00,0.00,0.00,0.00,0.00,0.00,Stadio Mario Rigamonti
1396702800,Apr 05 2014 - 1:00pm,complete,2411,Cittadella,Robur Siena,N/A,33,0.94,1.38,1.19,1.19,1,0,1,0,0,0,"76","",3,9,3,0,2,0,3,0,1,1,4,10,2,6,2,4,22,15,44,56,0.00,0.00,0.00,0.00,2.10,54,63,38,22,0,16,47,41,78,10.43,5.37,3.97,3.10,2.22,0.00,0.00,0.00,0.00,0.00,0.00,Stadio Pier Cesare Tombolato
1396702800,Apr 05 2014 - 1:00pm,complete,2457,Carpi,Trapani,N/A,33,1.06,1.56,1.19,1.29,3,2,5,2,1,1,"10,59,90'1","20,86",6,3,5,0,5,0,2,3,3,2,13,10,0,5,13,5,18,21,47,53,0.00,0.00,0.00,0.00,2.19,50,66,35,16,7,25,53,35,79,10.91,6.06,2.19,3.16,3.94,0.00,0.00,0.00,0.00,0.00,0.00,Stadio Sandro Cabassi
1396702800,Apr 05 2014 - 1:00pm,complete,2090,Juve Stabia,Varese,N/A,33,0.56,0.81,0.57,0.91,2,4,6,3,1,2,"40,67","2,21,54,84",2,5,4,1,1,1,3,2,1,1,10,9,5,5,5,4,20,14,57,43,0.00,0.00,0.00,0.00,2.82,66,88,47,22,19,35,78,44,82,10.75,6.44,3.20,3.09,2.57,0.00,0.00,0.00,0.00,0.00,0.00,Stadio Comunale Romeo Menti
1396780200,Apr 06 2014 - 10:30am,complete,19836,Bari 1908,Empoli,N/A,33,1.81,1.56,1.91,1.38,3,0,3,1,1,0,"21,52,74","",4,2,1,0,2,0,1,0,0,2,10,14,6,9,4,5,18,12,49,51,0.00,0.00,0.00,0.00,1.94,50,56,41,10,0,22,53,35,66,10.13,5.50,3.25,2.99,2.62,0.00,0.00,0.00,0.00,0.00,0.00,Stadio Comunale San Nicola
1397241000,Apr 11 2014 - 6:30pm,complete,12068,Cesena,Spezia,N/A,34,1.75,1.44,1.65,1.27,0,2,2,0,0,0,"","48,83",3,9,3,0,3,0,0,3,1,2,6,18,2,5,4,13,23,17,60,40,0.00,0.00,0.00,0.00,2.19,56,72,35,16,3,13,57,47,85,10.31,5.37,2.21,3.15,3.86,0.00,0.00,0.00,0.00,0.00,0.00,Orogel Stadium-Dino Manuzzi
1397307600,Apr 12 2014 - 1:00pm,complete,3608,Varese,Bari 1908,N/A,34,1.69,0.88,1.41,1.30,0,1,1,1,0,1,"","43",4,6,2,0,1,0,0,2,0,1,7,9,3,4,4,5,17,21,53,47,0.00,0.00,0.00,0.00,2.35,53,66,44,22,10,22,56,38,78,10.13,6.19,2.48,2.95,3.54,0.00,0.00,0.00,0.00,0.00,0.00,Stadio Franco Ossola
1397307600,Apr 12 2014 - 1:00pm,complete,7000,Avellino,Brescia,N/A,34,1.94,1.31,1.95,1.62,0,1,1,0,0,0,"","88",7,5,4,0,3,0,2,2,2,1,7,11,4,4,3,7,15,19,46,54,0.00,0.00,0.00,0.00,2.13,50,60,41,16,6,22,53,31,82,9.38,5.13,2.20,2.99,4.24,0.00,0.00,0.00,0.00,0.00,0.00,Stadio Partenio-Adriano Lombardi
1397307600,Apr 12 2014 - 1:00pm,complete,4975,Crotone,Carpi,N/A,34,1.69,1.44,1.68,1.62,0,0,0,0,0,0,"","",3,8,4,0,3,0,2,2,1,2,6,17,0,9,6,8,18,15,55,45,0.00,0.00,0.00,0.00,2.60,53,69,44,32,19,35,78,38,72,9.19,4.82,2.36,3.05,3.64,0.00,0.00,0.00,0.00,0.00,0.00,Stadio Ezio Scida
1397307600,Apr 12 2014 - 1:00pm,complete,7386,Pescara,Cittadella,N/A,34,1.25,0.88,1.29,1.05,1,1,2,1,1,0,"33","64",6,1,2,0,3,0,1,1,0,3,8,11,5,5,3,6,20,19,58,42,0.00,0.00,0.00,0.00,2.63,57,72,50,28,10,35,75,41,85,11.44,5.32,1.87,3.49,4.89,0.00,0.00,0.00,0.00,0.00,0.00,Stadio Adriatico-Giovanni Cornacchia
1397307600,Apr 12 2014 - 1:00pm,complete,4444,Modena,Juve Stabia,N/A,34,1.94,0.44,1.96,0.33,4,2,6,4,2,2,"4,39,57,74","15,28",-1,-1,2,0,2,1,2,0,0,3,-1,-1,-1,-1,-1,-1,-1,-1,-1,-1,0.00,0.00,0.00,0.00,2.38,44,69,44,26,7,19,66,38,88,8.69,6.56,1.47,4.41,8.52,0.00,0.00,0.00,0.00,0.00,0.00,Stadio Alberto Braglia
1397307600,Apr 12 2014 - 1:00pm,complete,5056,Latina,Novara,N/A,34,1.75,0.56,1.57,0.50,4,1,5,0,0,0,"51,70,76,87","84",5,1,0,0,1,0,0,0,0,1,10,6,4,2,6,4,26,11,51,49,0.00,0.00,0.00,0.00,2.04,41,60,38,13,6,7,60,47,72,9.75,5.19,2.06,3.12,4.56,0.00,0.00,0.00,0.00,0.00,0.00,Stadio Comunale Domenico Francioni
1397307600,Apr 12 2014 - 1:00pm,complete,7146,Trapani,Palermo,N/A,34,1.50,1.81,1.43,2.10,0,1,1,0,0,0,"","63",6,6,2,0,1,0,1,1,0,1,9,12,0,3,9,9,17,17,49,51,0.00,0.00,0.00,0.00,2.31,53,75,38,13,6,32,69,35,79,9.75,6.32,3.77,3.03,2.33,0.00,0.00,0.00,0.00,0.00,0.00,Stadio Polisportivo Provinciale
1397307600,Apr 12 2014 - 1:00pm,complete,4137,Empoli,Ternana,N/A,34,1.75,0.94,2.05,0.90,1,0,1,0,0,0,"79","",7,2,2,0,4,0,1,1,1,3,20,10,8,7,12,3,7,21,58,42,0.00,0.00,0.00,0.00,2.44,72,82,44,22,3,22,69,38,82,9.38,5.87,1.83,3.35,5.49,0.00,0.00,0.00,0.00,0.00,0.00,Stadio Carlo Castellani
1397307600,Apr 12 2014 - 1:00pm,complete,6186,Robur Siena,Virtus Lanciano,N/A,34,2.13,1.31,2.10,1.29,1,0,1,1,1,0,"42","",3,2,1,0,5,0,0,1,2,3,10,8,4,5,6,3,14,26,51,49,0.00,0.00,0.00,0.00,2.50,51,66,44,22,13,31,66,44,75,10.62,6.07,1.85,3.39,5.26,0.00,0.00,0.00,0.00,0.00,0.00,Stadio Comunale Artemio Franchi - Montepaschi Arena
1397385000,Apr 13 2014 - 10:30am,complete,5420,Calcio Padova,Reggina,N/A,34,1.31,0.63,1.33,0.52,2,2,4,2,1,1,"28,63","39,78",7,3,5,0,4,1,3,2,1,4,17,9,6,3,11,6,13,19,55,45,0.00,0.00,0.00,0.00,2.47,41,66,50,32,10,29,63,53,72,9.38,6.06,1.92,3.42,4.76,0.00,0.00,0.00,0.00,0.00,0.00,Stadio Comunale Euganeo
1397750400,Apr 17 2014 - 4:00pm,complete,5428,Crotone,Varese,N/A,35,1.65,0.94,1.68,0.91,3,2,5,2,1,1,"15,48,85","10,70",8,2,4,0,4,2,1,3,3,3,16,3,6,3,10,0,15,27,64,36,0.00,0.00,0.00,0.00,2.62,56,77,44,24,18,30,79,44,68,9.12,6.12,2.16,3.15,4.00,0.00,0.00,0.00,0.00,0.00,0.00,Stadio Ezio Scida
1397759400,Apr 17 2014 - 6:30pm,complete,3368,Juve Stabia,Avellino,N/A,35,0.53,1.00,0.57,0.86,2,2,4,2,1,1,"2,74","45'2,88",3,2,4,0,2,0,3,1,0,2,7,8,2,3,5,5,23,21,53,47,0.00,0.00,0.00,0.00,2.50,68,85,39,15,12,27,68,41,82,11.53,6.18,4.01,3.30,2.09,0.00,0.00,0.00,0.00,0.00,0.00,Stadio Comunale Romeo Menti
1397759400,Apr 17 2014 - 6:30pm,complete,2475,Cittadella,Cesena,N/A,35,1.06,1.47,1.19,1.65,1,0,1,0,0,0,"56","",4,5,3,1,2,2,2,2,1,3,14,8,4,5,10,3,17,19,53,47,0.00,0.00,0.00,0.00,1.77,41,53,32,12,0,9,53,27,68,9.23,5.12,3.08,3.03,2.66,0.00,0.00,0.00,0.00,0.00,0.00,Stadio Pier Cesare Tombolato
1397759400,Apr 17 2014 - 6:30pm,complete,2332,Virtus Lanciano,Empoli,N/A,35,1.59,1.47,1.57,1.38,2,1,3,1,0,1,"51,90'3","4",4,2,3,0,3,0,0,3,2,1,10,6,5,3,5,3,15,13,35,65,0.00,0.00,0.00,0.00,1.82,44,56,27,9,0,15,56,27,71,8.94,4.59,3.83,3.12,2.23,0.00,0.00,0.00,0.00,0.00,0.00,Stadio Comunale Guido Biondi
1397759400,Apr 17 2014 - 6:30pm,complete,32528,Bari 1908,Latina,N/A,35,1.88,1.35,1.91,1.48,0,1,1,1,0,1,"","14",5,2,3,0,5,0,0,3,1,4,21,3,11,3,10,0,17,20,59,41,0.00,0.00,0.00,0.00,2.00,47,56,41,18,3,27,50,33,62,8.88,6.12,2.23,3.05,3.94,0.00,0.00,0.00,0.00,0.00,0.00,Stadio Comunale San Nicola
1397759400,Apr 17 2014 - 6:30pm,complete,4100,Carpi,Modena,N/A,35,1.18,0.82,1.19,1.05,2,2,4,1,1,0,"7,90'3","55,63",7,3,1,0,3,0,1,0,2,1,6,9,3,5,3,4,26,27,47,53,0.00,0.00,0.00,0.00,2.09,56,65,35,15,3,27,65,33,71,11.25,5.29,2.52,3.14,3.17,0.00,0.00,0.00,0.00,0.00,0.00,Stadio Sandro Cabassi
1397759400,Apr 17 2014 - 6:30pm,complete,6323,Brescia,Calcio Padova,N/A,35,1.29,0.59,1.19,0.62,1,3,4,3,1,2,"2","7,45'2,67",5,1,2,0,2,0,1,1,0,2,12,9,6,2,6,7,10,14,57,43,0.00,0.00,0.00,0.00,2.71,59,80,53,27,9,38,77,41,88,9.53,5.89,2.07,3.22,4.23,0.00,0.00,0.00,0.00,0.00,0.00,Stadio Mario Rigamonti
1397759400,Apr 17 2014 - 6:30pm,complete,7979,Ternana,Pescara,N/A,35,1.53,1.47,1.52,1.19,1,0,1,1,1,0,"36","",3,4,1,0,0,0,0,1,0,0,7,8,3,6,4,2,28,9,52,48,0.00,0.00,0.00,0.00,2.41,50,71,41,21,12,27,59,50,74,9.71,4.65,2.38,3.10,3.48,0.00,0.00,0.00,0.00,0.00,0.00,Stadio Libero Liberati
1397759400,Apr 17 2014 - 6:30pm,complete,12490,Palermo,Reggina,N/A,35,2.18,0.65,2.00,0.52,1,0,1,1,1,0,"29","",10,4,1,0,0,0,0,1,0,0,15,4,5,4,10,0,13,14,60,40,0.00,0.00,0.00,0.00,2.30,44,71,50,18,0,24,59,44,74,8.82,5.42,1.52,4.06,7.97,0.00,0.00,0.00,0.00,0.00,0.00,Stadio Renzo Barbera
1397759400,Apr 17 2014 - 6:30pm,complete,6884,Spezia,Robur Siena,N/A,35,1.29,1.29,1.62,1.19,1,0,1,0,0,0,"83","",4,3,4,0,1,0,0,4,0,1,10,11,5,8,5,3,17,18,49,51,0.00,0.00,0.00,0.00,2.27,56,68,41,30,3,27,53,35,77,10.25,4.94,2.65,3.08,3.04,0.00,0.00,0.00,0.00,0.00,0.00,Stadio Alberto Picco
1397759400,Apr 17 2014 - 6:30pm,complete,4851,Novara,Trapani,N/A,35,1.59,1.47,1.55,1.29,3,1,4,2,2,0,"3,24,82","90'3",3,7,2,0,4,1,1,1,4,1,7,11,3,5,4,6,15,11,56,44,0.00,0.00,0.00,0.00,2.38,53,68,41,24,9,27,62,42,80,9.59,6.12,2.40,3.15,3.38,0.00,0.00,0.00,0.00,0.00,0.00,Stadio Comunale Silvio Piola
1398430800,Apr 25 2014 - 1:00pm,complete,7422,Pescara,Novara,N/A,36,1.24,0.53,1.29,0.50,0,0,0,0,0,0,"","",5,1,2,0,1,0,1,1,0,1,9,6,6,2,3,4,10,17,51,49,0.00,0.00,0.00,0.00,2.68,65,76,53,24,12,21,74,56,88,10.82,4.47,2.07,3.33,4.06,0.00,0.00,0.00,0.00,0.00,0.00,Stadio Adriatico-Giovanni Cornacchia
1398441600,Apr 25 2014 - 4:00pm,complete,5347,Modena,Ternana,N/A,36,2.00,0.88,1.96,0.90,3,3,6,0,0,0,"68,83,90'6","70,81,90'5",5,3,1,0,1,0,0,1,0,1,11,6,3,3,8,3,17,15,52,48,0.00,0.00,0.00,0.00,2.59,62,77,44,30,12,24,71,44,82,8.16,6.06,2.13,3.15,4.12,0.00,0.00,0.00,0.00,0.00,0.00,Stadio Alberto Braglia
1398517200,Apr 26 2014 - 1:00pm,complete,5520,Calcio Padova,Bari 1908,N/A,36,1.29,1.00,1.33,1.30,1,2,3,1,0,1,"83","26,68",5,6,2,0,3,0,1,1,0,3,10,12,4,10,6,2,12,16,47,53,0.00,0.00,0.00,0.00,2.42,47,59,44,30,15,30,62,42,71,10.59,6.06,2.38,3.11,3.47,0.00,0.00,0.00,0.00,0.00,0.00,Stadio Comunale Euganeo
1398517200,Apr 26 2014 - 1:00pm,complete,10671,Cesena,Brescia,N/A,36,1.65,1.41,1.65,1.62,0,3,3,1,0,1,"","45,72,90'4",4,6,2,0,3,0,1,1,1,2,3,12,0,5,3,7,16,22,48,52,0.00,0.00,0.00,0.00,2.12,47,59,35,21,6,18,41,41,82,9.65,5.23,2.50,2.99,3.38,0.00,0.00,0.00,0.00,0.00,0.00,Orogel Stadium-Dino Manuzzi
1398517200,Apr 26 2014 - 1:00pm,complete,5903,Robur Siena,Carpi,N/A,36,2.18,1.41,2.10,1.62,0,0,0,0,0,0,"","",11,3,2,0,4,0,0,2,1,3,8,8,3,2,5,6,13,23,61,39,0.00,0.00,0.00,0.00,2.68,53,65,41,33,24,35,71,41,76,9.70,4.94,1.96,3.24,4.74,0.00,0.00,0.00,0.00,0.00,0.00,Stadio Comunale Artemio Franchi - Montepaschi Arena
1398517200,Apr 26 2014 - 1:00pm,complete,3630,Reggina,Cittadella,N/A,36,1.00,0.88,0.86,1.05,0,1,1,0,0,0,"","79",3,5,2,1,1,1,1,2,0,2,9,6,6,2,3,4,20,12,56,44,0.00,0.00,0.00,0.00,2.59,59,74,44,29,12,21,59,41,85,9.68,5.30,2.79,3.08,2.88,0.00,0.00,0.00,0.00,0.00,0.00,Stadio Oreste Granillo
1398517200,Apr 26 2014 - 1:00pm,complete,7500,Avellino,Crotone,N/A,36,1.82,1.41,1.95,1.24,2,0,2,1,1,0,"9,90'3","",7,3,4,0,1,0,3,1,1,0,12,10,8,5,4,5,19,18,49,51,0.00,0.00,0.00,0.00,2.47,56,65,44,24,15,30,62,32,85,9.82,5.17,2.50,3.06,3.29,0.00,0.00,0.00,0.00,0.00,0.00,Stadio Partenio-Adriano Lombardi
1398517200,Apr 26 2014 - 1:00pm,complete,4609,Trapani,Juve Stabia,N/A,36,1.41,0.41,1.43,0.33,3,0,3,1,1,0,"33,73,90","",8,10,0,0,2,1,0,0,0,3,6,7,3,2,3,5,15,13,53,47,0.00,0.00,0.00,0.00,2.36,50,68,38,18,6,30,62,32,86,10.00,6.35,1.53,4.55,6.45,0.00,0.00,0.00,0.00,0.00,0.00,Stadio Polisportivo Provinciale
1398517200,Apr 26 2014 - 1:00pm,complete,6840,Latina,Palermo,N/A,36,1.82,1.88,1.57,2.10,1,3,4,0,0,0,"58","52,72,90'1",1,5,4,0,1,0,1,3,1,0,8,13,2,6,6,7,20,9,43,57,0.00,0.00,0.00,0.00,2.03,39,62,35,9,9,12,56,35,77,9.65,6.41,3.06,2.97,2.73,0.00,0.00,0.00,0.00,0.00,0.00,Stadio Comunale Domenico Francioni
1398517200,Apr 26 2014 - 1:00pm,complete,4157,Empoli,Spezia,N/A,36,1.82,1.53,2.05,1.27,2,0,2,1,1,0,"29,78","",4,4,2,0,5,1,1,1,3,3,6,8,5,5,1,3,14,21,52,48,0.00,0.00,0.00,0.00,2.21,53,77,38,15,0,12,68,38,79,10.64,5.35,1.81,3.40,5.50,0.00,0.00,0.00,0.00,0.00,0.00,Stadio Carlo Castellani
1398517200,Apr 26 2014 - 1:00pm,complete,3083,Varese,Virtus Lanciano,N/A,36,1.59,1.24,1.41,1.29,0,1,1,1,0,1,"","16",8,5,0,0,3,0,0,0,2,1,10,5,7,3,3,2,15,26,63,37,0.00,0.00,0.00,0.00,2.27,44,62,44,21,6,27,62,41,71,10.41,6.65,2.27,3.05,3.82,0.00,0.00,0.00,0.00,0.00,0.00,Stadio Franco Ossola
1399055400,May 02 2014 - 6:30pm,complete,5665,Spezia,Reggina,N/A,37,1.39,0.61,1.62,0.52,2,1,3,2,1,1,"12,90","24",4,1,1,0,2,0,0,1,0,2,12,9,3,2,9,7,10,18,55,45,0.00,0.00,0.00,0.00,2.34,45,64,47,31,3,22,62,42,72,8.89,5.28,1.63,3.98,6.03,0.00,0.00,0.00,0.00,0.00,0.00,Stadio Alberto Picco
1399122000,May 03 2014 - 1:00pm,complete,10331,Cesena,Avellino,N/A,37,1.56,1.00,1.65,0.86,2,0,2,0,0,0,"65,74","",5,5,3,0,2,1,1,2,1,2,13,13,4,3,9,10,17,22,56,44,0.00,0.00,0.00,0.00,2.20,56,73,31,17,6,17,50,50,84,10.89,5.44,2.52,2.94,3.41,0.00,0.00,0.00,0.00,0.00,0.00,Orogel Stadium-Dino Manuzzi
1399122000,May 03 2014 - 1:00pm,complete,6374,Ternana,Bari 1908,N/A,37,1.61,1.11,1.52,1.30,1,3,4,3,1,2,"17","34,39,90'6",5,7,4,3,1,0,2,5,1,0,4,9,2,3,2,6,19,9,39,61,0.00,0.00,0.00,0.00,2.33,53,67,39,17,11,25,61,36,75,11.39,5.06,2.47,2.96,3.48,0.00,0.00,0.00,0.00,0.00,0.00,Stadio Libero Liberati
1399122000,May 03 2014 - 1:00pm,complete,5019,Brescia,Empoli,N/A,37,1.22,1.39,1.19,1.38,1,3,4,2,1,1,"41","29,66,90'3",11,1,4,0,3,1,2,2,2,2,13,7,6,6,7,1,14,10,53,47,0.00,0.00,0.00,0.00,2.50,56,78,48,20,9,34,73,42,75,10.39,4.89,3.45,2.98,2.47,0.00,0.00,0.00,0.00,0.00,0.00,Stadio Mario Rigamonti
1399122000,May 03 2014 - 1:00pm,complete,2217,Juve Stabia,Latina,N/A,37,0.56,1.44,0.57,1.48,1,1,2,1,1,0,"14","78",3,11,3,0,4,0,1,2,1,3,6,13,2,6,4,7,15,29,42,58,0.00,0.00,0.00,0.00,2.42,59,72,42,25,12,36,61,33,70,9.06,6.12,6.52,3.98,1.60,0.00,0.00,0.00,0.00,0.00,0.00,Stadio Comunale Romeo Menti
1399122000,May 03 2014 - 1:00pm,complete,6057,Robur Siena,Modena,N/A,37,2.11,0.83,2.10,1.05,1,3,4,1,0,1,"80","12,74,76",14,4,0,0,3,0,0,0,2,1,23,5,10,5,13,0,12,11,65,35,0.00,0.00,0.00,0.00,2.42,62,70,42,25,9,25,70,47,72,9.99,4.94,2.02,3.28,4.35,0.00,0.00,0.00,0.00,0.00,0.00,Stadio Comunale Artemio Franchi - Montepaschi Arena
1399122000,May 03 2014 - 1:00pm,complete,4125,Crotone,Calcio Padova,N/A,37,1.72,0.72,1.68,0.62,2,1,3,1,1,0,"24,84","76",8,6,1,0,3,0,1,0,2,1,7,10,4,3,3,7,13,20,59,41,0.00,0.00,0.00,0.00,2.42,56,70,50,25,6,31,73,36,78,7.89,5.72,2.12,3.12,4.20,0.00,0.00,0.00,0.00,0.00,0.00,Stadio Ezio Scida
1399122000,May 03 2014 - 1:00pm,complete,7204,Novara,Palermo,N/A,37,1.67,1.94,1.55,2.10,0,1,1,1,0,1,"","42",4,6,3,0,1,0,2,1,0,1,4,11,2,6,2,5,14,17,50,50,0.00,0.00,0.00,0.00,2.22,53,70,42,14,3,25,67,34,81,9.11,6.28,4.17,3.01,2.18,0.00,0.00,0.00,0.00,0.00,0.00,Stadio Comunale Silvio Piola
1399122000,May 03 2014 - 1:00pm,complete,2282,Carpi,Pescara,N/A,37,1.17,1.39,1.19,1.19,2,0,2,1,1,0,"17,85","",5,8,3,0,3,0,2,1,1,2,13,11,7,7,6,4,13,19,49,51,0.00,0.00,0.00,0.00,2.14,45,59,36,17,9,23,61,36,67,9.75,5.06,2.41,3.11,3.40,0.00,0.00,0.00,0.00,0.00,0.00,Stadio Sandro Cabassi
1399122000,May 03 2014 - 1:00pm,complete,3483,Cittadella,Varese,N/A,37,1.17,0.89,1.19,0.91,5,1,6,2,2,0,"11,30,52,57,75","87",3,5,1,0,2,1,1,0,2,1,6,11,2,0,4,11,14,21,47,53,0.00,0.00,0.00,0.00,2.50,50,64,42,25,17,20,61,48,78,9.72,6.45,2.66,3.00,3.11,0.00,0.00,0.00,0.00,0.00,0.00,Stadio Pier Cesare Tombolato
1399132800,May 03 2014 - 4:00pm,complete,2655,Virtus Lanciano,Trapani,N/A,37,1.67,1.39,1.57,1.29,2,2,4,1,0,1,"74,87","22,68",4,3,4,1,1,0,1,4,1,0,8,12,4,7,4,5,23,11,47,53,0.00,0.00,0.00,0.00,2.33,56,67,36,25,9,22,59,42,84,9.06,5.94,2.34,3.17,3.48,0.00,0.00,0.00,0.00,0.00,0.00,Stadio Comunale Guido Biondi
1399654800,May 09 2014 - 5:00pm,complete,5034,Calcio Padova,Cesena,N/A,38,1.22,1.39,1.33,1.65,0,1,1,0,0,0,"","90'1",10,3,4,1,3,0,1,4,2,1,14,6,8,4,6,2,17,11,55,45,0.00,0.00,0.00,0.00,2.14,45,62,42,23,9,28,64,36,67,9.44,5.78,2.47,3.16,3.29,0.00,0.00,0.00,0.00,0.00,0.00,Stadio Comunale Euganeo
1399662000,May 09 2014 - 7:00pm,complete,6991,Empoli,Crotone,N/A,38,1.89,1.33,2.05,1.24,3,1,4,2,2,0,"10,36,90'2","52",10,4,1,0,6,0,0,1,3,3,15,7,9,3,6,4,14,23,51,49,0.00,0.00,0.00,0.00,2.53,53,72,45,28,11,25,70,31,81,10.00,5.00,1.76,3.62,5.49,0.00,0.00,0.00,0.00,0.00,0.00,Stadio Carlo Castellani
1399726800,May 10 2014 - 1:00pm,complete,2000,Reggina,Brescia,N/A,38,0.94,1.50,0.86,1.62,1,1,2,1,1,0,"30","78",4,7,0,1,1,0,0,1,0,1,6,19,3,4,3,15,13,13,36,64,0.00,0.00,0.00,0.00,2.39,50,64,44,23,12,12,47,42,86,9.52,5.11,4.59,3.56,1.90,0.00,0.00,0.00,0.00,0.00,0.00,Stadio Oreste Granillo
1399726800,May 10 2014 - 1:00pm,complete,4836,Varese,Carpi,N/A,38,1.50,1.39,1.41,1.62,0,2,2,0,0,0,"","60,90'2",7,1,5,0,4,0,3,2,2,2,15,7,6,3,9,4,28,27,57,43,0.00,0.00,0.00,0.00,2.42,47,62,42,31,17,31,64,39,72,9.89,5.44,2.32,3.23,3.51,0.00,0.00,0.00,0.00,0.00,0.00,Stadio Franco Ossola
1399726800,May 10 2014 - 1:00pm,complete,4343,Trapani,Cittadella,N/A,38,1.50,1.00,1.43,1.05,1,2,3,2,1,1,"12","27,56",7,4,1,1,1,0,0,2,0,1,11,6,6,2,5,4,17,13,58,42,0.00,0.00,0.00,0.00,2.31,47,67,36,23,6,33,67,31,75,10.28,5.33,2.17,3.38,3.73,0.00,0.00,0.00,0.00,0.00,0.00,Stadio Polisportivo Provinciale
1399726800,May 10 2014 - 1:00pm,complete,26215,Bari 1908,Juve Stabia,N/A,38,1.78,0.39,1.91,0.33,3,0,3,1,1,0,"9,70,80","",4,0,1,0,3,0,1,0,1,2,13,7,7,2,6,5,19,18,60,40,0.00,0.00,0.00,0.00,2.28,50,64,50,14,3,22,61,39,84,9.91,7.17,1.32,5.41,9.99,0.00,0.00,0.00,0.00,0.00,0.00,Stadio Comunale San Nicola
1399726800,May 10 2014 - 1:00pm,complete,5255,Modena,Novara,N/A,38,1.94,0.56,1.96,0.50,3,1,4,2,1,1,"13,49,59","15",7,10,3,0,2,0,2,1,0,2,9,16,4,6,5,10,13,9,44,56,0.00,0.00,0.00,0.00,2.67,53,72,50,33,17,17,67,56,78,8.32,4.61,1.79,3.70,5.06,0.00,0.00,0.00,0.00,0.00,0.00,Stadio Alberto Braglia
1399726800,May 10 2014 - 1:00pm,complete,6990,Pescara,Robur Siena,N/A,38,1.22,1.22,1.29,1.19,1,0,1,0,0,0,"69","",4,4,2,0,4,0,1,1,0,4,6,11,4,4,2,7,25,18,44,56,0.00,0.00,0.00,0.00,2.36,59,70,42,22,6,28,61,39,86,11.95,4.84,2.81,3.23,2.78,0.00,0.00,0.00,0.00,0.00,0.00,Stadio Adriatico-Giovanni Cornacchia
1399726800,May 10 2014 - 1:00pm,complete,7000,Avellino,Spezia,N/A,38,1.89,1.44,1.95,1.27,2,0,2,2,2,0,"23,31","",5,6,3,0,3,0,1,2,0,3,9,7,2,4,7,3,17,18,54,46,0.00,0.00,0.00,0.00,2.12,50,72,33,9,3,14,64,36,86,10.34,5.66,2.22,3.14,3.92,0.00,0.00,0.00,0.00,0.00,0.00,Stadio Partenio-Adriano Lombardi
1399726800,May 10 2014 - 1:00pm,complete,5255,Latina,Ternana,N/A,38,1.72,0.89,1.57,0.90,2,0,2,0,0,0,"67,90'3","",11,2,1,0,3,2,1,0,2,3,15,12,11,6,4,6,12,12,61,39,0.00,0.00,0.00,0.00,2.31,56,67,39,20,11,11,53,42,78,8.94,6.16,1.93,3.30,4.94,0.00,0.00,0.00,0.00,0.00,0.00,Stadio Comunale Domenico Francioni
1399726800,May 10 2014 - 1:00pm,complete,27829,Palermo,Virtus Lanciano,N/A,38,2.22,1.33,2.00,1.29,1,1,2,1,1,0,"41","48",4,0,2,0,3,0,0,2,3,0,17,4,6,3,11,1,15,18,66,34,0.00,0.00,0.00,0.00,2.09,39,59,42,12,3,25,62,33,64,10.55,5.67,1.79,3.57,5.38,0.00,0.00,0.00,0.00,0.00,0.00,Stadio Renzo Barbera
1400005800,May 13 2014 - 6:30pm,complete,3005,Carpi,Bari 1908,N/A,39,1.26,1.21,1.19,1.30,1,2,3,1,0,1,"86","2,56",7,2,1,0,1,0,1,0,1,0,16,8,4,5,12,3,11,20,58,42,0.00,0.00,0.00,0.00,2.19,50,61,37,16,8,24,63,24,74,11.60,5.58,2.64,3.16,3.04,0.00,0.00,0.00,0.00,0.00,0.00,Stadio Sandro Cabassi
1400005800,May 13 2014 - 6:30pm,complete,11429,Cesena,Empoli,N/A,39,1.63,1.47,1.65,1.38,1,0,1,0,0,0,"84","",3,2,4,2,0,1,2,4,1,0,12,11,6,3,6,8,16,7,54,46,0.00,0.00,0.00,0.00,2.13,47,66,37,16,3,19,48,50,79,9.52,4.69,3.60,2.94,2.46,0.00,0.00,0.00,0.00,0.00,0.00,Orogel Stadium-Dino Manuzzi
1400005800,May 13 2014 - 6:30pm,complete,4462,Novara,Juve Stabia,N/A,39,1.58,0.37,1.55,0.33,2,0,2,1,1,0,"21,90'5","",5,5,3,0,6,2,1,2,2,6,16,6,6,3,10,3,12,24,55,45,0.00,0.00,0.00,0.00,2.29,47,66,45,16,3,24,69,34,84,9.22,6.63,1.35,5.22,9.99,0.00,0.00,0.00,0.00,0.00,0.00,Stadio Comunale Silvio Piola
1400005800,May 13 2014 - 6:30pm,complete,5325,Crotone,Latina,N/A,39,1.79,1.42,1.68,1.48,0,1,1,1,0,1,"","2",13,3,3,0,6,1,1,2,3,4,20,9,9,5,11,4,10,21,64,36,0.00,0.00,0.00,0.00,2.11,50,64,37,21,8,26,63,32,58,8.57,5.64,2.59,3.11,3.15,0.00,0.00,0.00,0.00,0.00,0.00,Stadio Ezio Scida
1400005800,May 13 2014 - 6:30pm,complete,4637,Brescia,Modena,N/A,39,1.16,0.95,1.19,1.05,0,1,1,1,0,1,"","18",12,2,5,1,2,0,2,4,0,2,10,8,6,2,4,6,20,13,58,42,0.00,0.00,0.00,0.00,2.77,68,85,53,35,8,37,82,50,79,11.09,5.21,2.76,3.19,2.86,0.00,0.00,0.00,0.00,0.00,0.00,Stadio Mario Rigamonti
1400005800,May 13 2014 - 6:30pm,complete,5293,Ternana,Calcio Padova,N/A,39,1.53,0.68,1.52,0.62,2,1,3,1,1,0,"31,49","55",8,11,1,0,1,0,1,0,1,0,3,9,0,5,3,4,18,19,41,59,0.00,0.00,0.00,0.00,2.53,58,74,50,24,6,35,66,40,87,9.53,5.64,2.02,3.36,4.31,0.00,0.00,0.00,0.00,0.00,0.00,Stadio Libero Liberati
1400005800,May 13 2014 - 6:30pm,complete,5300,Cittadella,Palermo,N/A,39,1.26,2.00,1.19,2.10,0,2,2,0,0,0,"","57,90",5,7,1,0,3,0,0,1,2,1,7,10,3,6,4,4,13,15,49,51,0.00,0.00,0.00,0.00,2.16,48,61,40,16,5,13,53,40,82,9.27,6.05,2.95,3.08,2.77,0.00,0.00,0.00,0.00,0.00,0.00,Stadio Pier Cesare Tombolato
1400005800,May 13 2014 - 6:30pm,complete,5725,Robur Siena,Reggina,N/A,39,2.00,0.58,2.10,0.52,2,1,3,1,1,0,"12,75","80",9,2,3,0,3,0,0,3,1,2,18,7,7,4,11,3,12,16,53,47,0.00,0.00,0.00,0.00,2.50,50,68,48,26,8,26,68,47,74,9.48,5.32,0.00,0.00,0.00,0.00,0.00,0.00,0.00,0.00,0.00,Stadio Comunale Artemio Franchi - Montepaschi Arena
1400005800,May 13 2014 - 6:30pm,complete,8000,Avellino,Trapani,N/A,39,1.95,1.37,1.95,1.29,3,3,6,3,2,1,"1,45,67","27,59,90'2",7,5,2,0,2,0,2,0,1,1,13,8,8,5,5,3,8,16,46,54,0.00,0.00,0.00,0.00,2.47,55,71,43,27,11,29,58,45,87,9.95,5.84,2.11,3.36,3.93,0.00,0.00,0.00,0.00,0.00,0.00,Stadio Partenio-Adriano Lombardi
1400005800,May 13 2014 - 6:30pm,complete,5531,Spezia,Varese,N/A,39,1.47,0.84,1.62,0.91,2,1,3,3,2,1,"21,45'4","15",6,3,6,0,2,1,1,5,2,1,8,6,0,3,8,3,23,18,61,39,0.00,0.00,0.00,0.00,2.82,58,74,50,35,21,34,71,45,77,9.42,5.95,1.85,3.46,5.07,0.00,0.00,0.00,0.00,0.00,0.00,Stadio Alberto Picco
1400005800,May 13 2014 - 6:30pm,complete,5068,Pescara,Virtus Lanciano,N/A,39,1.32,1.32,1.29,1.29,2,2,4,2,1,1,"38,51","6,74",5,6,2,1,1,0,1,2,1,0,7,14,5,5,2,9,15,15,54,46,0.00,0.00,0.00,0.00,2.32,48,61,42,19,8,26,71,37,76,11.79,5.63,2.51,3.06,3.33,0.00,0.00,0.00,0.00,0.00,0.00,Stadio Adriatico-Giovanni Cornacchia
1400331600,May 17 2014 - 1:00pm,complete,7232,Modena,Avellino,N/A,40,2.00,0.95,1.96,0.86,1,0,1,0,0,0,"49","",6,3,2,1,2,0,0,3,1,1,9,13,4,6,5,7,19,29,48,52,0.00,0.00,0.00,0.00,2.56,53,77,40,29,13,21,66,50,79,10.15,5.53,1.85,3.64,4.74,0.00,0.00,0.00,0.00,0.00,0.00,Stadio Alberto Braglia
1400331600,May 17 2014 - 1:00pm,complete,4237,Varese,Brescia,N/A,40,1.42,1.47,1.41,1.62,1,2,3,1,1,0,"31","72,90'5",5,4,2,1,1,0,0,3,1,0,3,6,2,3,1,3,14,18,49,51,0.00,0.00,0.00,0.00,2.19,45,63,42,19,5,19,56,40,77,9.64,5.84,1.80,3.64,5.14,0.00,0.00,0.00,0.00,0.00,0.00,Stadio Franco Ossola
1400331600,May 17 2014 - 1:00pm,complete,8490,Palermo,Carpi,N/A,40,2.16,1.47,2.00,1.62,1,2,3,2,1,1,"39","3,79",6,3,1,1,2,0,1,1,1,1,15,9,5,3,10,6,9,24,59,41,0.00,0.00,0.00,0.00,2.29,45,63,40,21,13,29,61,35,71,9.63,4.74,1.65,3.75,6.65,0.00,0.00,0.00,0.00,0.00,0.00,Stadio Renzo Barbera
1400331600,May 17 2014 - 1:00pm,complete,2000,Reggina,Cesena,N/A,40,0.95,1.47,0.86,1.65,1,2,3,2,1,1,"13","45,55",1,3,2,0,2,0,0,2,0,2,8,5,5,4,3,1,18,12,48,52,0.00,0.00,0.00,0.00,2.11,50,64,34,16,8,11,53,29,79,9.17,4.89,6.20,3.87,1.65,0.00,0.00,0.00,0.00,0.00,0.00,Stadio Oreste Granillo
1400331600,May 17 2014 - 1:00pm,complete,1861,Juve Stabia,Crotone,N/A,40,0.58,1.26,0.57,1.24,2,2,4,2,1,1,"18,57","27,90'1",1,12,3,0,0,0,1,2,0,0,4,16,3,10,1,6,17,10,33,67,0.00,0.00,0.00,0.00,2.92,69,85,53,32,19,40,77,40,87,9.89,5.94,6.10,4.31,1.59,0.00,0.00,0.00,0.00,0.00,0.00,Stadio Comunale Romeo Menti
1400331600,May 17 2014 - 1:00pm,complete,5208,Empoli,Novara,N/A,40,1.95,0.53,2.05,0.50,3,1,4,3,2,1,"38,45'1,79","20",10,5,2,0,2,0,0,2,0,2,13,12,9,7,4,5,10,19,55,45,0.00,0.00,0.00,0.00,2.43,58,74,48,26,6,19,66,48,79,9.95,4.42,1.53,4.26,7.36,0.00,0.00,0.00,0.00,0.00,0.00,Stadio Carlo Castellani
1400331600,May 17 2014 - 1:00pm,complete,4532,Calcio Padova,Pescara,N/A,40,1.16,1.32,1.33,1.19,2,1,3,1,1,0,"36,62","64",5,6,3,0,1,0,1,2,0,1,9,16,4,8,5,8,20,13,46,54,0.00,0.00,0.00,0.00,2.40,42,61,45,29,14,27,63,53,69,9.27,5.53,2.53,3.27,3.09,0.00,0.00,0.00,0.00,0.00,0.00,Stadio Comunale Euganeo
1400331600,May 17 2014 - 1:00pm,complete,2711,Virtus Lanciano,Spezia,N/A,40,1.63,1.37,1.57,1.27,2,2,4,0,0,0,"72,90'4","63,74",3,3,3,0,2,0,2,1,1,1,16,9,6,3,10,6,23,16,51,49,0.00,0.00,0.00,0.00,2.06,50,71,29,11,0,11,69,34,79,9.37,5.79,2.32,3.18,3.58,0.00,0.00,0.00,0.00,0.00,0.00,Stadio Comunale Guido Biondi
1400331600,May 17 2014 - 1:00pm,complete,4119,Trapani,Ternana,N/A,40,1.42,0.84,1.43,0.90,2,1,3,1,1,0,"34,89","48",4,5,2,0,4,0,1,1,1,3,7,5,3,4,4,1,12,16,54,46,0.00,0.00,0.00,0.00,2.48,63,76,40,19,8,29,63,40,82,9.53,5.84,2.38,3.24,3.37,0.00,0.00,0.00,0.00,0.00,0.00,Stadio Polisportivo Provinciale
1400518800,May 19 2014 - 5:00pm,complete,35181,Bari 1908,Cittadella,N/A,40,1.84,1.11,1.91,1.05,1,0,1,0,0,0,"80","",6,4,3,0,4,0,2,1,2,2,14,7,7,2,7,5,18,26,64,36,0.00,0.00,0.00,0.00,2.24,50,63,48,19,3,29,66,34,74,9.63,6.05,1.73,3.61,5.71,0.00,0.00,0.00,0.00,0.00,0.00,Stadio Comunale San Nicola
1400526000,May 19 2014 - 7:00pm,complete,5932,Latina,Robur Siena,N/A,40,1.79,1.16,1.57,1.19,0,3,3,1,0,1,"","29,53,88",8,6,4,0,1,0,2,2,0,1,10,9,3,3,7,6,20,15,47,53,0.00,0.00,0.00,0.00,2.00,40,58,32,19,6,13,42,37,76,10.74,5.37,2.40,3.04,3.52,0.00,0.00,0.00,0.00,0.00,0.00,Stadio Comunale Domenico Francioni
1400947200,May 24 2014 - 4:00pm,complete,8191,Novara,Varese,N/A,41,1.65,0.80,1.55,0.91,0,0,0,0,0,0,"","",3,3,4,0,5,1,2,2,3,3,10,10,3,4,7,6,18,25,60,40,0.00,0.00,0.00,0.00,2.68,55,73,45,25,18,35,80,40,73,9.45,6.45,2.14,3.28,3.88,0.00,0.00,0.00,0.00,0.00,0.00,Stadio Comunale Silvio Piola
1401033600,May 25 2014 - 4:00pm,complete,7005,Pescara,Modena,N/A,41,1.30,1.05,1.29,1.05,2,2,4,1,1,0,"33,72","80,90",6,4,3,0,1,0,0,3,1,0,8,15,3,3,5,12,17,8,48,52,0.00,0.00,0.00,0.00,2.48,63,70,48,28,5,25,75,48,80,11.18,4.65,3.91,3.78,1.96,0.00,0.00,0.00,0.00,0.00,0.00,Stadio Adriatico-Giovanni Cornacchia
1401042600,May 25 2014 - 6:30pm,complete,8837,Spezia,Bari 1908,N/A,41,1.55,1.30,1.62,1.30,2,0,2,1,1,0,"9,90'1","",3,5,2,0,3,1,2,0,2,2,11,10,8,3,3,7,15,17,50,50,0.00,0.00,0.00,0.00,2.35,55,63,48,25,8,25,63,30,73,10.05,5.10,2.72,3.26,2.81,0.00,0.00,0.00,0.00,0.00,0.00,Stadio Alberto Picco
1401042600,May 25 2014 - 6:30pm,complete,5196,Cittadella,Empoli,N/A,41,1.20,1.40,1.19,1.38,2,2,4,4,2,2,"39,43","16,22",3,4,2,1,1,1,3,0,2,0,6,10,3,5,3,5,19,8,40,60,0.00,0.00,0.00,0.00,2.03,43,55,38,15,3,13,48,43,75,9.10,4.80,3.90,2.85,2.36,0.00,0.00,0.00,0.00,0.00,0.00,Stadio Pier Cesare Tombolato
1401042600,May 25 2014 - 6:30pm,complete,4000,Brescia,Juve Stabia,N/A,41,1.10,0.35,1.19,0.33,4,1,5,2,2,0,"15,21,57,85","65",2,7,2,0,4,0,0,2,2,2,8,11,5,5,3,6,8,15,56,44,0.00,0.00,0.00,0.00,2.75,55,83,53,25,10,35,78,43,90,10.91,7.15,1.50,4.55,6.90,0.00,0.00,0.00,0.00,0.00,0.00,Stadio Mario Rigamonti
1401042600,May 25 2014 - 6:30pm,complete,13343,Cesena,Latina,N/A,41,1.70,1.50,1.65,1.48,1,3,4,1,0,1,"90'2","45'1,63,85",6,2,2,0,2,0,1,1,0,2,13,9,8,3,5,6,7,22,58,42,0.00,0.00,0.00,0.00,1.98,43,58,28,20,5,20,43,38,70,9.00,5.90,2.31,2.99,3.80,0.00,0.00,0.00,0.00,0.00,0.00,Orogel Stadium-Dino Manuzzi
1401042600,May 25 2014 - 6:30pm,complete,6413,Robur Siena,Calcio Padova,N/A,41,2.05,0.65,2.10,0.62,2,0,2,1,1,0,"19,79","",3,8,1,0,4,0,0,1,1,3,7,9,2,4,5,5,18,21,44,56,0.00,0.00,0.00,0.00,2.58,60,70,53,25,8,28,70,45,85,9.60,5.40,1.59,4.05,6.48,0.00,0.00,0.00,0.00,0.00,0.00,Stadio Comunale Artemio Franchi - Montepaschi Arena
1401042600,May 25 2014 - 6:30pm,complete,6281,Ternana,Palermo,N/A,41,1.60,2.05,1.52,2.10,1,2,3,3,1,2,"43","19,30",5,3,2,0,2,0,1,1,1,1,7,9,2,4,5,5,15,11,48,52,0.00,0.00,0.00,0.00,2.40,55,78,43,15,8,28,63,43,83,10.55,5.90,3.07,3.25,2.52,0.00,0.00,0.00,0.00,0.00,0.00,Stadio Libero Liberati
1401042600,May 25 2014 - 6:30pm,complete,8000,Avellino,Reggina,N/A,41,1.90,0.55,1.95,0.52,3,0,3,1,1,0,"33,74,79","",12,5,1,0,2,0,0,1,0,2,16,12,8,5,8,7,8,6,69,31,0.00,0.00,0.00,0.00,2.35,48,68,45,20,5,28,65,40,80,9.25,5.40,1.40,4.88,8.89,0.00,0.00,0.00,0.00,0.00,0.00,Stadio Partenio-Adriano Lombardi
1401042600,May 25 2014 - 6:30pm,complete,8272,Crotone,Trapani,N/A,41,1.70,1.35,1.68,1.29,2,1,3,2,1,1,"40,53","30",6,4,2,0,3,1,2,0,1,3,13,6,6,3,7,3,11,16,54,46,0.00,0.00,0.00,0.00,2.68,60,75,50,33,15,30,70,53,75,9.75,5.85,2.10,3.40,3.85,0.00,0.00,0.00,0.00,0.00,0.00,Stadio Ezio Scida
1401042600,May 25 2014 - 6:30pm,complete,2605,Carpi,Virtus Lanciano,N/A,41,1.20,1.30,1.19,1.29,2,2,4,2,2,0,"20,35","46,90'3",1,7,3,1,4,0,3,1,3,1,6,8,3,2,3,6,17,30,46,54,0.00,0.00,0.00,0.00,2.15,45,60,38,15,5,28,68,30,70,11.52,6.05,2.46,3.09,3.33,0.00,0.00,0.00,0.00,0.00,0.00,Stadio Sandro Cabassi
1401474600,May 30 2014 - 6:30pm,complete,4806,Calcio Padova,Avellino,N/A,42,1.25,0.90,1.33,0.86,2,1,3,3,2,1,"25,27","45'1",4,9,2,0,0,0,0,2,0,0,10,15,0,5,10,10,15,15,34,66,0.00,0.00,0.00,0.00,2.35,53,70,40,23,10,25,60,53,78,10.95,6.25,6.38,4.45,1.54,0.00,0.00,0.00,0.00,0.00,0.00,Stadio Comunale Euganeo
1401474600,May 30 2014 - 6:30pm,complete,5535,Trapani,Brescia,N/A,42,1.50,1.55,1.43,1.62,0,1,1,0,0,0,"","46",7,1,0,0,0,0,0,0,0,0,20,10,7,5,13,5,9,14,55,45,0.00,0.00,0.00,0.00,2.25,48,65,43,15,5,25,63,35,78,10.30,4.95,2.20,3.35,3.61,0.00,0.00,0.00,0.00,0.00,0.00,Stadio Polisportivo Provinciale
1401474600,May 30 2014 - 6:30pm,complete,2083,Juve Stabia,Carpi,N/A,42,0.60,1.55,0.57,1.62,0,2,2,2,0,2,"","38,45'2",0,2,1,0,0,0,0,1,0,0,8,12,4,7,4,5,13,11,44,56,0.00,0.00,0.00,0.00,2.78,63,78,48,33,20,43,73,40,83,9.80,5.60,3.02,3.29,2.53,0.00,0.00,0.00,0.00,0.00,0.00,Stadio Comunale Romeo Menti
1401474600,May 30 2014 - 6:30pm,complete,9710,Modena,Cesena,N/A,42,2.05,1.55,1.96,1.65,0,0,0,0,0,0,"","",6,4,3,0,3,0,1,2,3,0,7,6,3,2,4,4,18,18,57,43,0.00,0.00,0.00,0.00,2.25,43,63,40,25,10,23,65,30,73,8.69,5.15,1.97,3.09,5.02,0.00,0.00,0.00,0.00,0.00,0.00,Stadio Alberto Braglia
1401474600,May 30 2014 - 6:30pm,complete,3288,Virtus Lanciano,Cittadella,N/A,42,1.60,1.05,1.57,1.05,0,0,0,0,0,0,"","",4,1,4,1,4,0,1,4,3,1,10,4,3,2,7,2,28,17,66,34,0.00,0.00,0.00,0.00,2.18,53,63,35,23,3,23,63,28,80,8.65,5.65,0.00,0.00,0.00,0.00,0.00,0.00,0.00,0.00,0.00,Stadio Comunale Guido Biondi
1401474600,May 30 2014 - 6:30pm,complete,15490,Palermo,Crotone,N/A,42,2.05,1.25,2.00,1.24,0,0,0,0,0,0,"","",3,2,0,0,0,0,0,0,0,0,12,7,2,3,10,4,8,16,60,40,0.00,0.00,0.00,0.00,2.53,55,73,50,23,10,33,68,35,78,9.85,4.95,0.00,0.00,0.00,0.00,0.00,0.00,0.00,0.00,0.00,Stadio Renzo Barbera
1401474600,May 30 2014 - 6:30pm,complete,48744,Bari 1908,Novara,N/A,42,1.90,0.50,1.91,0.50,4,1,5,0,0,0,"62,74,82,86","51",2,4,2,0,3,0,1,1,0,3,9,7,3,3,6,4,10,18,56,44,0.00,0.00,0.00,0.00,2.33,55,65,53,20,5,20,63,50,75,9.50,5.25,1.48,4.45,7.75,0.00,0.00,0.00,0.00,0.00,0.00,Stadio Comunale San Nicola
1401474600,May 30 2014 - 6:30pm,complete,13703,Empoli,Pescara,N/A,42,2.00,1.25,2.05,1.19,2,0,2,0,0,0,"70,74","",5,3,0,0,1,0,0,0,0,1,13,7,4,4,9,3,9,17,55,45,0.00,0.00,0.00,0.00,2.33,48,68,43,25,5,20,68,40,73,9.80,4.45,1.46,3.71,9.99,0.00,0.00,0.00,0.00,0.00,0.00,Stadio Carlo Castellani
1401474600,May 30 2014 - 6:30pm,complete,5426,Varese,Robur Siena,N/A,42,1.35,1.25,1.41,1.19,2,0,2,0,0,0,"68,90'6","",5,2,2,0,2,1,0,2,0,3,8,5,5,3,3,2,17,16,51,49,0.00,0.00,0.00,0.00,2.20,50,68,40,20,3,23,53,43,80,10.35,5.75,4.28,3.64,1.92,0.00,0.00,0.00,0.00,0.00,0.00,Stadio Franco Ossola
1401474600,May 30 2014 - 6:30pm,complete,5932,Latina,Spezia,N/A,42,1.70,1.35,1.57,1.27,0,0,0,0,0,0,"","",6,6,1,0,0,0,1,0,0,0,13,11,4,5,9,6,15,5,49,51,0.00,0.00,0.00,0.00,2.13,38,70,35,13,5,5,58,45,75,10.60,5.85,3.45,3.45,2.22,0.00,0.00,0.00,0.00,0.00,0.00,Stadio Comunale Domenico Francioni
1401474600,May 30 2014 - 6:30pm,complete,1000,Reggina,Ternana,N/A,42,0.90,0.80,0.86,0.90,1,2,3,2,1,1,"13","10,75",3,4,0,0,2,0,0,0,0,2,7,12,2,4,5,8,6,13,48,52,0.00,0.00,0.00,0.00,2.65,73,80,45,23,13,15,55,48,93,8.55,5.80,2.80,3.24,2.74,0.00,0.00,0.00,0.00,0.00,0.00,Stadio Oreste Granillo
1401811200,Jun 03 2014 - 4:00pm,complete,9133,Crotone,Bari 1908,N/A,N/A,1.50,1.60,1.47,1.60,0,3,3,1,0,1,"","28,90'1,90'5",9,2,3,0,5,0,1,2,2,3,12,6,2,3,10,3,13,23,57,43,0.00,0.00,0.00,0.00,2.42,54,66,49,23,11,26,69,37,73,10.10,5.47,2.58,3.09,3.14,0.00,0.00,0.00,0.00,0.00,0.00,Stadio Ezio Scida
1401820200,Jun 03 2014 - 6:30pm,complete,9028,Modena,Spezia,N/A,N/A,1.52,1.48,1.51,1.44,1,0,1,0,0,0,"56","",4,5,2,0,2,0,0,2,1,1,5,7,2,3,3,4,20,21,45,55,0.00,0.00,0.00,0.00,2.41,53,72,44,29,6,20,68,43,74,9.56,5.14,2.16,3.21,3.92,0.00,0.00,0.00,0.00,0.00,0.00,Stadio Alberto Braglia
1402079400,Jun 06 2014 - 6:30pm,complete,8797,Novara,Varese,N/A,N/A,1.05,1.12,1.02,1.16,0,2,2,1,0,1,"","26,63",12,6,2,0,3,0,0,2,2,1,18,9,10,3,8,6,17,15,68,32,0.00,0.00,0.00,0.00,2.52,55,72,47,25,13,26,68,48,74,9.31,5.95,2.46,3.12,3.29,0.00,0.00,0.00,0.00,0.00,0.00,Stadio Comunale Silvio Piola
1402243200,Jun 08 2014 - 4:00pm,complete,50895,Bari 1908,Latina,N/A,N/A,1.63,1.62,1.60,1.52,2,2,4,1,0,1,"67,79","22,90",7,3,2,0,2,0,0,2,2,0,16,7,4,5,12,2,8,9,56,44,0.00,0.00,0.00,0.00,2.09,41,56,40,18,7,16,56,35,67,9.80,5.90,2.02,3.18,4.53,0.00,0.00,0.00,0.00,0.00,0.00,Stadio Comunale San Nicola
1402252200,Jun 08 2014 - 6:30pm,complete,10940,Modena,Cesena,N/A,N/A,1.56,1.57,1.51,1.65,0,1,1,1,0,1,"","18",6,0,3,0,3,1,0,3,0,4,12,2,7,2,5,0,15,17,64,36,0.00,0.00,0.00,0.00,2.22,48,64,39,26,6,19,59,41,75,9.30,5.04,2.09,3.14,4.29,0.00,0.00,0.00,0.00,0.00,0.00,Stadio Alberto Braglia
1402502400,Jun 11 2014 - 4:00pm,complete,9424,Cesena,Modena,N/A,N/A,1.60,1.52,1.65,1.51,1,1,2,0,0,0,"56","75",6,5,1,0,4,0,0,1,3,1,15,16,5,5,10,11,15,16,49,51,0.00,0.00,0.00,0.00,2.19,47,62,38,25,6,18,60,41,74,9.22,5.08,2.42,3.01,3.51,0.00,0.00,0.00,0.00,0.00,0.00,Orogel Stadium-Dino Manuzzi
1402511400,Jun 11 2014 - 6:30pm,complete,7200,Latina,Bari 1908,N/A,N/A,1.60,1.61,1.52,1.60,2,2,4,0,0,0,"81,84","73,88",4,6,5,0,2,0,0,5,1,1,10,7,4,5,6,2,21,12,39,61,0.00,0.00,0.00,0.00,2.14,43,57,42,20,7,15,57,37,68,9.81,5.86,2.44,3.04,3.44,0.00,0.00,0.00,0.00,0.00,0.00,Stadio Comunale Domenico Francioni
1402684200,Jun 13 2014 - 6:30pm,complete,5100,Varese,Novara,N/A,N/A,1.16,1.02,1.16,1.02,2,2,4,1,1,0,"6,59","53,54",5,5,1,0,4,0,0,1,0,4,9,5,8,2,1,3,18,26,46,54,0.00,0.00,0.00,0.00,2.52,53,72,46,25,13,26,69,47,74,9.51,5.93,2.01,3.26,4.42,0.00,0.00,0.00,0.00,0.00,0.00,Stadio Franco Ossola
1402857000,Jun 15 2014 - 6:30pm,complete,12526,Cesena,Latina,N/A,N/A,1.59,1.59,1.65,1.52,2,1,3,1,1,0,"45'3,52","89",4,3,1,0,2,0,0,1,0,2,13,16,4,6,9,10,10,20,48,52,0.00,0.00,0.00,0.00,1.95,40,57,32,19,5,14,48,35,68,9.21,5.57,2.43,3.06,3.49,0.00,0.00,0.00,0.00,0.00,0.00,Orogel Stadium-Dino Manuzzi
1403116200,Jun 18 2014 - 6:30pm,complete,7191,Latina,Cesena,N/A,N/A,1.56,1.62,1.52,1.65,1,2,3,1,1,0,"13","52,90'4",4,2,3,0,1,0,1,2,1,0,13,6,8,4,5,2,23,16,50,50,0.00,0.00,0.00,0.00,1.97,41,58,34,18,5,14,49,37,69,9.15,5.52,2.30,3.09,3.67,0.00,0.00,0.00,0.00,0.00,0.00,Stadio Comunale Domenico Francioni
