timestamp,date_GMT,status,attendance,home_team_name,away_team_name,referee,Game Week,Pre-Match PPG (Home),Pre-Match PPG (Away),home_ppg,away_ppg,home_team_goal_count,away_team_goal_count,total_goal_count,total_goals_at_half_time,home_team_goal_count_half_time,away_team_goal_count_half_time,home_team_goal_timings,away_team_goal_timings,home_team_corner_count,away_team_corner_count,home_team_yellow_cards,home_team_red_cards,away_team_yellow_cards,away_team_red_cards,home_team_first_half_cards,home_team_second_half_cards,away_team_first_half_cards,away_team_second_half_cards,home_team_shots,away_team_shots,home_team_shots_on_target,away_team_shots_on_target,home_team_shots_off_target,away_team_shots_off_target,home_team_fouls,away_team_fouls,home_team_possession,away_team_possession,Home Team Pre-Match xG,Away Team Pre-Match xG,team_a_xg,team_b_xg,average_goals_per_match_pre_match,btts_percentage_pre_match,over_15_percentage_pre_match,over_25_percentage_pre_match,over_35_percentage_pre_match,over_45_percentage_pre_match,over_15_HT_FHG_percentage_pre_match,over_05_HT_FHG_percentage_pre_match,over_15_2HG_percentage_pre_match,over_05_2HG_percentage_pre_match,average_corners_per_match_pre_match,average_cards_per_match_pre_match,odds_ft_home_team_win,odds_ft_draw,odds_ft_away_team_win,odds_ft_over15,odds_ft_over25,odds_ft_over35,odds_ft_over45,odds_btts_yes,odds_btts_no,stadium_name
1503685800,Aug 25 2017 - 6:30pm,complete,11387,Parma,Cremonese,N/A,1,0.00,0.00,2.00,1.00,1,0,1,1,1,0,"40","",4,6,2,0,2,0,1,1,0,2,12,7,3,2,9,5,14,11,54,46,0.00,0.00,1.17,0.81,0.00,0,0,0,0,0,0,0,0,0,0.00,0.00,1.86,3.38,5.19,1.40,2.25,4.40,8.50,2.00,1.75,Stadio Ennio Tardini
1503772200,Aug 26 2017 - 6:30pm,complete,5300,Avellino,Brescia,N/A,1,0.00,0.00,1.48,1.00,2,1,3,1,0,1,"70,85","45'4",6,7,3,0,4,1,2,1,2,3,9,13,7,10,2,3,16,20,42,58,0.00,0.00,1.72,2.11,0.00,0,0,0,0,0,0,0,0,0,0.00,0.00,2.12,3.27,4.04,1.33,2.10,3.80,7.50,1.91,1.91,Stadio Partenio-Adriano Lombardi
1503772200,Aug 26 2017 - 6:30pm,complete,2187,Carpi,Novara,N/A,1,0.00,0.00,1.57,1.10,1,0,1,1,1,0,"4","",5,6,3,0,2,0,1,2,1,1,8,8,3,5,5,3,20,16,40,60,0.00,0.00,1.09,1.49,0.00,0,0,0,0,0,0,0,0,0,0.00,0.00,2.14,3.17,4.12,1.45,2.50,5.00,11.00,2.10,1.67,Stadio Sandro Cabassi
1503772200,Aug 26 2017 - 6:30pm,complete,2901,Cittadella,Ascoli,N/A,1,0.00,0.00,1.30,0.95,3,2,5,4,3,1,"22,36,44","10,78",6,3,2,0,3,0,0,2,2,1,15,10,8,6,7,4,15,13,54,46,0.00,0.00,2.19,1.37,0.00,0,0,0,0,0,0,0,0,0,0.00,0.00,2.09,3.34,4.04,1.22,1.85,3.10,5.50,1.91,1.91,Stadio Pier Cesare Tombolato
1503772200,Aug 26 2017 - 6:30pm,complete,6769,Palermo,Spezia,N/A,1,0.00,0.00,2.00,0.76,2,0,2,1,1,0,"10,52","",5,6,2,0,2,0,1,1,1,1,13,9,5,4,8,5,10,18,54,46,0.00,0.00,1.67,1.31,0.00,0,0,0,0,0,0,0,0,0,0.00,0.00,1.92,3.37,4.83,1.40,2.35,4.50,9.50,2.00,1.75,Stadio Renzo Barbera
1503772200,Aug 26 2017 - 6:30pm,complete,2718,Pro Vercelli,Frosinone,N/A,1,0.00,0.00,1.24,1.30,0,2,2,1,0,1,"","16,83",4,6,2,0,0,1,2,0,0,1,7,9,2,5,5,4,18,19,52,48,0.00,0.00,1.13,1.53,0.00,0,0,0,0,0,0,0,0,0,0.00,0.00,3.51,3.16,2.36,1.37,2.30,4.33,9.00,1.95,1.80,Stadio Silvio Piola
1503772200,Aug 26 2017 - 6:30pm,complete,4536,Ternana,Empoli,N/A,1,0.00,0.00,1.19,1.76,1,1,2,2,1,1,"14","37",7,5,3,0,2,0,1,2,1,1,18,13,7,5,11,8,11,13,53,47,0.00,0.00,1.99,1.56,0.00,0,0,0,0,0,0,0,0,0,0.00,0.00,3.69,3.17,2.28,1.36,2.25,4.00,8.50,1.95,1.80,Stadio Libero Liberati
1503772200,Aug 26 2017 - 6:30pm,complete,2147,Virtus Entella,Perugia,N/A,1,0.00,0.00,1.18,1.05,1,5,6,5,1,4,"19","9,13,40,43,85",7,3,2,0,0,1,2,0,0,1,8,15,3,11,5,4,19,12,47,53,0.00,0.00,1.04,1.99,0.00,0,0,0,0,0,0,0,0,0,0.00,0.00,2.52,3.08,3.30,1.42,2.40,4.50,9.50,2.00,1.75,Stadio Comunale Chiavari
1503772200,Aug 26 2017 - 6:30pm,complete,4102,Venezia,Salernitana,N/A,1,0.00,0.00,2.00,1.00,0,0,0,0,0,0,"","",5,7,3,0,2,0,1,2,1,1,7,5,3,3,4,2,9,15,49,51,0.00,0.00,0.92,0.86,0.00,0,0,0,0,0,0,0,0,0,0.00,0.00,2.49,3.08,3.35,1.45,2.40,4.20,8.00,2.05,1.70,Stadio Pierluigi Penzo
1503847800,Aug 27 2017 - 3:30pm,complete,12672,Pescara,Foggia,N/A,1,0.00,0.00,1.33,1.33,5,1,6,1,1,0,"7,57,63,78,81","89",4,7,2,0,1,0,0,2,1,0,15,23,10,12,5,11,8,8,38,62,0.00,0.00,2.06,2.94,0.00,0,0,0,0,0,0,0,0,0,0.00,0.00,1.78,3.81,4.96,1.14,1.60,2.40,4.25,1.53,2.38,Stadio Adriatico-Giovanni Cornacchia
1503945000,Aug 28 2017 - 6:30pm,complete,17950,Bari 1908,Cesena,N/A,1,0.00,0.00,2.10,0.67,3,0,3,1,1,0,"38,59,68","",8,6,1,0,2,0,1,0,0,2,13,3,7,2,6,1,23,13,50,50,0.00,0.00,2.03,0.92,0.00,0,0,0,0,0,0,0,0,0,0.00,0.00,2.04,3.28,4.36,1.43,2.60,4.75,10.00,2.20,1.62,Stadio Comunale San Nicola
1504368000,Sep 02 2017 - 4:00pm,complete,5081,Brescia,Palermo,N/A,2,0.00,0.00,1.29,1.39,0,0,0,0,0,0,"","",1,3,3,0,0,0,0,3,0,0,8,6,4,2,4,4,14,15,51,49,0.00,0.00,1.11,0.90,0.00,0,0,0,0,0,0,0,0,0,0.00,0.00,2.17,3.18,3.99,1.01,2.16,3.65,8.20,1.91,1.83,Stadio Mario Rigamonti
1504452600,Sep 03 2017 - 3:30pm,complete,4445,Empoli,Bari 1908,N/A,2,0.00,0.00,2.29,1.09,3,2,5,3,2,1,"9,11,54","42,67",3,6,4,0,2,0,1,3,1,1,9,10,5,6,4,4,15,8,45,55,0.00,0.00,1.29,1.38,0.00,0,0,0,0,0,0,0,0,0,0.00,0.00,2.08,3.16,4.38,1.38,2.20,4.30,8.00,2.00,1.72,Stadio Carlo Castellani
1504463400,Sep 03 2017 - 6:30pm,complete,5365,Ascoli,Pro Vercelli,N/A,2,0.00,0.00,1.23,0.67,1,0,1,1,1,0,"11","",2,5,2,0,2,0,0,2,1,1,6,3,2,2,4,1,21,15,50,50,0.00,0.00,0.79,0.72,0.00,0,0,0,0,0,0,0,0,0,0.00,0.00,2.38,3.06,3.59,1.01,1.34,4.65,1.37,2.00,1.72,Stadio Cino e Lillo Del Duca
1504463400,Sep 03 2017 - 6:30pm,complete,11581,Cesena,Venezia,N/A,2,0.00,0.00,1.71,1.14,0,0,0,0,0,0,"","",5,3,2,0,0,0,0,2,0,0,7,10,0,2,7,8,13,11,57,43,0.00,0.00,0.81,1.14,0.00,0,0,0,0,0,0,0,0,0,0.00,0.00,2.26,3.11,3.83,1.01,2.38,4.50,1.37,2.00,1.73,Orogel Stadium-Dino Manuzzi
1504463400,Sep 03 2017 - 6:30pm,complete,6663,Cremonese,Avellino,N/A,2,0.00,0.00,1.29,0.81,3,1,4,3,2,1,"20,32,90'3","22",4,2,0,0,2,0,0,0,1,1,9,8,6,3,3,5,14,21,44,56,0.00,0.00,1.53,1.34,0.00,0,0,0,0,0,0,0,0,0,0.00,0.00,2.30,3.17,3.65,1.01,2.29,4.10,1.37,1.91,1.83,Stadio Giovanni Zini
1504463400,Sep 03 2017 - 6:30pm,complete,11906,Foggia,Virtus Entella,N/A,2,0.00,0.00,1.43,0.91,1,1,2,2,1,1,"11","17",5,5,2,0,1,0,0,2,0,1,13,4,6,2,7,2,18,14,61,39,0.00,0.00,1.90,0.72,0.00,0,0,0,0,0,0,0,0,0,0.00,0.00,2.07,3.27,4.23,1.34,2.06,3.70,8.00,1.91,1.83,Stadio Comunale Pino Zaccheria
1504463400,Sep 03 2017 - 6:30pm,complete,912,Frosinone,Cittadella,N/A,2,0.00,0.00,2.04,1.77,2,1,3,3,2,1,"21,25","38",4,4,2,0,2,0,0,2,0,2,14,7,5,2,9,5,11,15,44,56,0.00,0.00,1.62,1.15,0.00,0,0,0,0,0,0,0,0,0,0.00,0.00,1.90,3.42,4.84,1.01,1.26,3.52,1.41,1.83,1.91,Stadio Partenio-Adriano Lombardi
1504463400,Sep 03 2017 - 6:30pm,complete,4581,Novara,Parma,N/A,2,0.00,0.00,1.00,1.43,0,1,1,1,0,1,"","21",5,8,3,0,2,0,2,1,1,1,12,7,4,4,8,3,26,22,48,52,0.00,0.00,1.61,1.18,0.00,0,0,0,0,0,0,0,0,0,0.00,0.00,2.69,3.00,3.13,1.42,2.46,4.30,9.00,2.00,1.72,Stadio Comunale Silvio Piola
1504463400,Sep 03 2017 - 6:30pm,complete,10993,Perugia,Pescara,N/A,2,0.00,0.00,1.76,0.95,4,2,6,2,2,0,"23,40,60,68","53,62",2,12,3,0,3,0,2,1,3,0,9,4,5,3,4,1,12,17,40,60,0.00,0.00,1.38,1.18,0.00,0,0,0,0,0,0,0,0,0,0.00,0.00,2.55,3.38,2.97,1.14,1.55,2.46,4.30,1.45,2.50,Stadio Renato Curi
1504463400,Sep 03 2017 - 6:30pm,complete,5820,Spezia,Carpi,N/A,2,0.00,0.00,1.76,0.90,0,1,1,1,0,1,"","20",5,1,2,0,3,0,1,1,1,2,10,5,8,3,2,2,20,19,60,40,0.00,0.00,2.03,1.04,0.00,0,0,0,0,0,0,0,0,0,0.00,0.00,2.35,3.03,3.70,1.42,2.46,4.80,9.00,2.10,1.67,Stadio Alberto Picco
1504549800,Sep 04 2017 - 6:30pm,complete,11579,Salernitana,Ternana,N/A,2,0.00,0.00,1.43,0.57,3,3,6,3,1,2,"25,49,78","23,31,58",2,3,0,0,4,0,0,0,1,3,20,7,7,6,13,1,16,15,53,47,0.00,0.00,2.57,1.42,0.00,0,0,0,0,0,0,0,0,0,0.00,0.00,1.90,3.36,4.97,1.35,2.12,4.10,8.00,2.00,1.72,Stadio Arechi
1504895400,Sep 08 2017 - 6:30pm,complete,9495,Pescara,Frosinone,N/A,3,3.00,3.00,1.33,1.30,3,3,6,3,3,0,"4,39,45'1","56,61,72",2,8,1,0,2,0,0,1,0,2,10,16,7,8,3,8,19,8,45,55,2.06,1.53,1.76,2.30,4.00,50,100,50,50,50,0,100,50,100,10.00,4.00,2.32,3.46,3.27,1.13,1.48,2.20,3.90,1.49,2.56,Stadio Adriatico-Giovanni Cornacchia
1504962000,Sep 09 2017 - 1:00pm,complete,5376,Ascoli,Novara,N/A,3,3.00,0.00,1.23,1.10,1,2,3,2,1,1,"6","39,50",8,3,2,0,4,0,1,1,1,3,13,12,8,6,5,6,15,21,59,41,0.79,1.49,2.06,1.68,1.00,0,0,0,0,0,0,100,0,0,8.00,4.00,2.87,3.07,2.85,1.36,2.18,3.75,8.00,1.84,1.94,Stadio Cino e Lillo Del Duca
1504962000,Sep 09 2017 - 1:00pm,complete,5513,Avellino,Foggia,N/A,3,3.00,0.00,1.48,1.33,5,1,6,4,3,1,"9,21,36,59,70","29",2,3,2,0,4,0,2,0,4,0,14,13,10,4,4,9,11,17,40,60,1.72,2.94,2.00,1.68,4.50,100,100,100,50,50,0,100,100,100,13.00,4.00,2.45,3.13,3.36,1.29,2.04,3.50,7.00,1.71,2.10,Stadio Partenio-Adriano Lombardi
1504962000,Sep 09 2017 - 1:00pm,complete,14302,Bari 1908,Venezia,N/A,3,3.00,1.00,2.10,1.14,0,2,2,1,0,1,"","30,58",14,2,1,0,0,0,0,1,0,0,21,5,10,3,11,2,4,3,66,34,2.03,1.14,2.70,0.77,1.50,0,50,50,0,0,0,50,50,50,11.00,1.00,2.07,3.17,4.41,1.40,2.25,4.33,9.00,2.11,1.71,Stadio Comunale San Nicola
1504962000,Sep 09 2017 - 1:00pm,complete,2580,Carpi,Salernitana,N/A,3,3.00,1.00,1.57,1.00,1,0,1,1,1,0,"35","",5,8,1,0,1,0,0,1,0,1,12,12,7,4,5,8,11,11,49,51,1.09,0.86,1.85,1.79,0.50,0,0,0,0,0,0,50,0,0,12.00,5.00,2.23,3.12,3.90,1.40,2.25,4.33,9.00,2.02,1.77,Stadio Sandro Cabassi
1504962000,Sep 09 2017 - 1:00pm,complete,6270,Palermo,Empoli,N/A,3,3.00,1.00,2.00,1.76,3,3,6,3,2,1,"10,14,77","23,54,90'4",5,3,3,0,2,0,0,3,0,2,11,9,4,6,7,3,16,9,49,51,1.67,1.56,1.43,1.41,2.00,50,100,0,0,0,50,100,0,50,10.00,4.00,2.19,3.13,4.01,1.36,2.23,4.00,8.00,1.98,1.80,Stadio Renzo Barbera
1504962000,Sep 09 2017 - 1:00pm,complete,2380,Pro Vercelli,Cremonese,N/A,3,0.00,0.00,1.24,1.00,1,4,5,2,0,2,"88","8,38,81,90",4,5,3,0,2,0,2,1,0,2,12,11,5,9,7,2,15,17,57,43,1.13,0.81,1.68,1.78,1.50,0,50,0,0,0,0,100,0,50,10.00,4.00,2.95,3.05,2.79,1.44,2.25,4.00,8.00,1.93,1.84,Stadio Silvio Piola
1504962000,Sep 09 2017 - 1:00pm,complete,5488,Spezia,Virtus Entella,N/A,3,0.00,1.00,1.76,0.91,2,1,3,1,1,0,"14,89","61",8,3,2,0,3,0,1,1,2,1,9,6,5,3,4,3,20,11,49,51,2.03,0.72,1.50,1.09,1.50,50,50,0,0,0,50,100,0,0,10.00,3.00,1.90,3.27,5.16,1.46,2.56,5.20,9.50,2.30,1.57,Stadio Alberto Picco
1504962000,Sep 09 2017 - 1:00pm,complete,5076,Ternana,Cesena,N/A,3,1.00,0.00,1.19,0.67,1,0,1,1,1,0,"7","",5,6,1,0,2,0,1,0,1,1,11,10,6,2,5,8,20,17,50,50,1.99,0.92,1.52,1.40,2.50,50,100,50,0,0,50,100,50,50,13.00,5.00,2.91,3.01,2.86,1.40,2.25,4.33,8.00,1.96,1.82,Stadio Libero Liberati
1505057400,Sep 10 2017 - 3:30pm,complete,11541,Parma,Brescia,N/A,3,3.00,0.00,2.00,1.00,0,1,1,0,0,0,"","60",7,3,3,1,3,0,1,3,0,3,7,7,3,3,4,4,17,23,44,56,1.17,2.11,1.42,1.22,2.00,50,50,50,0,0,0,100,50,50,11.00,7.00,1.78,3.43,5.80,1.36,2.18,4.50,9.00,2.10,1.71,Stadio Ennio Tardini
1505154600,Sep 11 2017 - 6:30pm,complete,3323,Cittadella,Perugia,N/A,3,3.00,3.00,1.30,1.05,1,1,2,1,0,1,"72","31",7,2,4,0,1,0,2,2,0,1,12,9,8,2,4,7,19,14,60,40,2.19,1.99,2.15,1.29,5.50,100,100,100,100,100,100,100,0,100,9.00,4.00,2.62,3.14,3.08,0.00,0.00,0.00,0.00,0.00,0.00,Stadio Pier Cesare Tombolato
1505494800,Sep 15 2017 - 5:00pm,complete,3218,Venezia,Spezia,N/A,4,1.00,0.00,2.00,0.76,0,0,0,0,0,0,"","",7,4,4,1,3,0,0,5,2,1,7,9,3,2,4,7,10,12,49,51,0.92,1.31,1.09,1.21,1.00,0,50,0,0,0,0,50,0,50,11.00,5.00,2.21,3.03,4.12,1.48,2.60,5.30,12.00,2.27,1.61,Stadio Pierluigi Penzo
1505502000,Sep 15 2017 - 7:00pm,complete,11393,Cesena,Avellino,N/A,4,1.00,0.00,1.71,0.81,3,1,4,2,2,0,"2,27,51","55",4,3,3,0,2,1,2,1,2,1,16,12,8,5,8,7,20,15,48,52,0.81,1.34,2.21,1.73,2.00,50,50,50,50,0,50,50,0,50,7.00,4.00,2.19,3.14,4.00,1.36,2.16,3.75,7.50,1.94,1.84,Orogel Stadium-Dino Manuzzi
1505566800,Sep 16 2017 - 1:00pm,complete,6301,Brescia,Pro Vercelli,N/A,4,1.00,0.00,1.29,0.67,0,0,0,0,0,0,"","",7,4,1,0,3,0,0,1,0,3,16,11,7,5,9,6,9,17,59,41,1.11,0.72,2.11,1.51,0.50,0,0,0,0,0,0,50,0,0,6.00,5.00,2.07,3.17,4.43,1.40,2.25,4.33,9.00,2.13,1.70,Stadio Mario Rigamonti
1505566800,Sep 16 2017 - 1:00pm,complete,6282,Cremonese,Carpi,N/A,4,3.00,3.00,1.29,0.90,1,1,2,2,1,1,"1","34",3,7,2,0,1,0,1,1,1,0,9,9,3,5,6,4,11,17,47,53,1.53,1.04,0.98,1.38,2.50,50,50,50,50,0,50,100,0,50,5.00,3.00,1.99,3.18,4.81,1.44,2.38,4.50,13.00,2.14,1.69,Stadio Giovanni Zini
1505566800,Sep 16 2017 - 1:00pm,complete,3989,Empoli,Ascoli,N/A,4,3.00,0.00,2.29,0.95,3,0,3,1,1,0,"37,49,85","",7,5,2,0,3,0,1,1,2,1,15,9,6,4,9,5,13,15,49,51,1.29,1.37,2.00,1.42,5.00,100,100,100,100,100,100,100,50,100,6.00,7.00,1.68,3.65,6.39,1.29,1.95,3.25,6.00,1.95,1.83,Stadio Carlo Castellani
1505566800,Sep 16 2017 - 1:00pm,complete,11245,Foggia,Palermo,N/A,4,1.00,1.00,1.43,1.39,1,1,2,1,1,0,"42","80",3,7,1,0,2,0,0,1,2,0,10,13,4,7,6,6,19,13,53,47,1.90,0.90,1.35,1.81,1.00,50,50,0,0,0,50,50,0,0,8.00,2.00,2.72,3.27,2.84,1.25,1.84,3.00,5.50,1.66,2.19,Stadio Comunale Pino Zaccheria
1505566800,Sep 16 2017 - 1:00pm,complete,1732,Frosinone,Bari 1908,N/A,4,3.00,0.00,2.04,1.09,3,2,5,4,2,2,"5,30,71","15,29",6,3,4,0,2,0,1,3,1,1,6,6,4,5,2,1,17,13,49,51,1.62,1.38,1.10,1.21,4.00,100,100,100,50,50,100,100,50,50,10.00,4.00,2.15,3.23,3.98,1.33,2.10,3.75,7.50,1.91,1.86,Stadio Partenio-Adriano Lombardi
1505566800,Sep 16 2017 - 1:00pm,complete,3136,Novara,Cittadella,N/A,4,0.00,0.00,1.00,1.77,1,0,1,0,0,0,"90'4","",1,2,2,0,4,0,0,2,2,2,11,7,5,4,6,3,17,12,51,49,1.61,1.15,1.36,1.14,2.00,50,50,50,0,0,50,100,0,0,9.00,5.00,2.31,3.19,3.58,1.33,2.02,3.50,7.00,1.78,2.00,Stadio Comunale Silvio Piola
1505566800,Sep 16 2017 - 1:00pm,complete,8690,Perugia,Parma,N/A,4,3.00,3.00,1.76,1.43,3,0,3,1,1,0,"18,51,67","",4,10,2,0,2,0,1,1,0,2,12,8,8,6,4,2,10,14,47,53,1.38,1.18,1.69,1.45,3.50,50,50,50,50,50,50,100,50,50,10.00,5.00,2.17,3.16,4.03,1.44,2.50,4.50,11.00,2.15,1.68,Stadio Renato Curi
1505566800,Sep 16 2017 - 1:00pm,complete,9313,Salernitana,Pescara,N/A,4,1.00,0.00,1.43,0.95,2,2,4,1,0,1,"78,90","25,71",3,3,3,0,3,0,2,1,2,1,11,11,8,6,3,5,22,15,48,52,2.57,1.18,1.75,1.57,6.00,100,100,100,100,100,100,100,100,100,14.00,3.00,2.14,3.54,3.63,1.13,1.50,2.20,3.75,1.51,2.51,Stadio Arechi
1505566800,Sep 16 2017 - 1:00pm,complete,1794,Virtus Entella,Ternana,N/A,4,0.00,1.00,1.18,0.57,3,1,4,2,1,1,"3,55,60","29",4,12,2,0,1,0,0,2,1,0,9,20,5,9,4,11,19,14,39,61,1.04,1.42,1.36,2.66,6.00,100,100,100,100,100,100,100,50,100,10.00,6.00,2.21,3.17,3.89,1.40,2.20,4.00,8.00,1.99,1.79,Stadio Comunale Chiavari
1505759400,Sep 18 2017 - 6:30pm,complete,5500,Avellino,Venezia,N/A,5,3.00,2.00,1.48,1.14,1,1,2,0,0,0,"88","80",11,4,1,0,0,0,0,1,0,0,12,10,6,5,6,5,11,6,59,41,1.86,0.95,2.00,1.59,2.75,50,75,50,25,25,25,75,50,75,6.50,2.50,2.52,3.12,3.26,1.40,2.38,5.00,9.00,1.95,1.82,Stadio Partenio-Adriano Lombardi
1505845800,Sep 19 2017 - 6:30pm,complete,5175,Ascoli,Frosinone,N/A,5,1.50,2.00,1.23,1.30,0,1,1,0,0,0,"","90'5",5,5,2,0,0,0,0,2,0,0,12,12,5,6,7,6,10,15,50,50,1.42,1.91,1.46,1.48,3.00,50,75,50,25,25,50,100,25,75,12.00,4.00,3.90,3.39,2.11,1.25,1.88,3.25,6.00,1.73,2.07,Stadio Cino e Lillo Del Duca
1505845800,Sep 19 2017 - 6:30pm,complete,13461,Bari 1908,Cremonese,N/A,5,1.50,1.50,2.10,1.00,1,0,1,0,0,0,"72","",5,4,3,0,2,0,2,1,1,1,11,7,5,4,6,3,17,21,52,48,2.37,1.30,1.66,1.27,2.75,25,75,50,25,25,25,100,50,75,16.50,3.00,2.02,3.28,4.45,1.40,2.31,4.33,8.00,2.00,1.78,Stadio Comunale San Nicola
1505845800,Sep 19 2017 - 6:30pm,complete,3487,Carpi,Foggia,N/A,5,3.00,0.00,1.57,1.33,1,3,4,1,1,0,"9","51,65,89",5,3,2,1,1,0,0,3,0,1,10,13,4,6,6,7,10,13,44,56,1.47,2.31,1.41,1.73,3.50,50,50,50,50,50,25,100,50,50,10.00,4.50,2.03,3.36,4.26,1.33,2.09,3.75,7.00,1.81,1.97,Stadio Sandro Cabassi
1505845800,Sep 19 2017 - 6:30pm,complete,2989,Cittadella,Cesena,N/A,5,2.00,0.00,1.30,0.67,4,0,4,3,3,0,"8,25,44,78","",6,2,2,0,2,0,1,1,0,2,23,12,12,8,11,4,21,9,48,52,2.17,1.16,2.87,1.75,2.75,50,75,50,25,25,25,100,25,75,12.50,5.00,2.16,3.28,3.89,1.29,2.00,3.50,6.50,1.84,1.94,Stadio Pier Cesare Tombolato
1505845800,Sep 19 2017 - 6:30pm,complete,6844,Palermo,Perugia,N/A,5,2.00,2.00,2.00,1.05,1,0,1,0,0,0,"81","",4,2,5,1,2,0,3,3,2,0,9,13,5,3,4,10,19,11,56,44,1.55,1.64,1.55,1.55,4.00,75,100,50,50,50,50,100,25,100,7.50,4.00,2.37,3.17,3.48,1.33,2.09,3.75,7.50,1.87,1.90,Stadio Renzo Barbera
1505845800,Sep 19 2017 - 6:30pm,complete,10221,Parma,Empoli,N/A,5,1.50,1.00,2.00,1.76,1,2,3,1,0,1,"47","23,49",9,3,0,0,2,0,0,0,0,2,6,13,5,9,1,4,12,12,55,45,1.29,1.48,1.28,1.81,2.50,50,50,25,25,25,50,75,25,50,9.50,5.50,2.49,3.10,3.33,1.40,2.25,4.33,9.00,1.95,1.82,Stadio Ennio Tardini
1505845800,Sep 19 2017 - 6:30pm,complete,7172,Pescara,Virtus Entella,N/A,5,2.00,0.50,1.33,0.91,2,2,4,1,1,0,"17,64","75,80",9,0,3,0,2,0,0,3,0,2,15,6,8,3,7,3,22,13,60,40,1.91,0.91,1.67,0.66,4.25,100,100,75,50,50,50,100,75,75,7.00,3.50,1.91,3.73,4.28,1.13,1.50,2.20,4.00,1.53,2.47,Stadio Adriatico-Giovanni Cornacchia
1505845800,Sep 19 2017 - 6:30pm,complete,2560,Pro Vercelli,Salernitana,N/A,5,0.00,0.50,1.24,1.00,1,1,2,1,1,0,"38","65",7,6,2,0,3,0,2,0,1,2,13,12,5,5,8,7,16,12,62,38,1.40,1.32,1.84,1.61,2.00,25,50,25,25,25,25,75,25,50,11.50,4.00,2.77,3.08,2.95,1.50,2.50,5.00,13.50,2.11,1.71,Stadio Silvio Piola
1505845800,Sep 19 2017 - 6:30pm,complete,5180,Spezia,Novara,N/A,5,1.50,1.50,1.76,1.10,1,0,1,1,1,0,"12","",7,4,4,0,4,0,2,2,1,3,6,10,3,7,3,3,20,13,48,52,1.77,1.58,0.72,1.24,2.00,50,50,50,0,0,25,100,25,50,11.00,5.00,2.28,3.09,3.82,1.50,2.63,5.00,15.50,2.34,1.58,Stadio Alberto Picco
1506171600,Sep 23 2017 - 1:00pm,complete,13113,Bari 1908,Ternana,N/A,6,2.00,0.50,2.10,0.57,3,0,3,2,2,0,"10,20,55","",3,6,1,0,1,0,0,1,1,0,17,12,9,2,8,10,7,11,45,55,2.13,2.04,1.94,1.36,3.50,50,84,67,50,25,50,84,67,100,16.50,4.17,1.72,3.59,6.05,1.33,2.12,4.00,7.50,2.06,1.74,Stadio Comunale San Nicola
1506171600,Sep 23 2017 - 1:00pm,complete,8670,Brescia,Foggia,N/A,6,1.00,1.00,1.29,1.33,2,2,4,1,1,0,"39,71","47,64",10,4,3,0,1,0,1,2,1,0,10,6,5,4,5,2,12,9,55,45,1.61,2.12,1.88,1.24,2.67,50,50,50,50,34,17,50,50,50,8.33,4.00,2.82,3.29,2.73,1.29,1.96,3.60,6.50,1.73,2.07,Stadio Mario Rigamonti
1506171600,Sep 23 2017 - 1:00pm,complete,6628,Cremonese,Pescara,N/A,6,2.00,0.50,1.29,0.95,0,0,0,0,0,0,"","",7,5,2,0,2,0,1,1,1,1,5,9,0,5,5,4,16,16,50,50,1.25,1.38,0.92,1.51,4.00,100,100,75,75,25,75,100,50,75,11.00,4.00,2.20,3.65,3.37,1.13,1.44,2.26,3.75,1.41,2.87,Stadio Giovanni Zini
1506171600,Sep 23 2017 - 1:00pm,complete,3993,Empoli,Cittadella,N/A,6,3.00,0.00,2.29,1.77,0,1,1,1,0,1,"","8",10,4,2,0,4,0,1,1,2,2,10,5,6,2,4,3,15,22,61,39,1.64,1.15,1.64,0.81,3.00,50,75,75,25,25,50,75,50,75,8.00,6.00,2.04,3.44,4.09,1.29,1.91,3.10,5.50,1.76,2.04,Stadio Carlo Castellani
1506171600,Sep 23 2017 - 1:00pm,complete,3634,Novara,Avellino,N/A,6,1.50,0.00,1.00,0.81,1,2,3,2,0,2,"89","13,29",6,2,3,1,4,0,2,2,1,3,9,8,5,4,4,4,21,24,56,44,1.49,1.53,1.58,1.20,2.50,50,50,50,50,0,50,75,25,75,5.50,5.00,2.10,3.28,4.11,1.40,2.25,4.60,8.00,2.03,1.76,Stadio Comunale Silvio Piola
1506171600,Sep 23 2017 - 1:00pm,complete,11115,Perugia,Frosinone,N/A,6,3.00,2.33,1.76,1.30,1,0,1,1,1,0,"23","",3,7,3,0,2,0,1,2,2,0,6,13,3,9,3,4,17,15,43,57,1.54,1.77,1.01,2.23,3.75,42,84,67,42,42,42,84,67,100,9.33,3.83,2.48,3.25,3.18,1.33,2.10,4.00,7.50,1.83,1.95,Stadio Renato Curi
1506171600,Sep 23 2017 - 1:00pm,complete,7465,Salernitana,Spezia,N/A,6,1.00,0.50,1.43,0.76,2,0,2,1,1,0,"19,67","",3,7,2,0,3,0,1,1,1,2,10,12,5,0,5,12,15,14,40,60,2.16,1.26,1.33,1.38,3.00,50,75,50,50,25,25,75,50,75,7.50,4.00,2.31,3.14,3.65,1.50,2.63,5.40,11.00,2.27,1.62,Stadio Arechi
1506171600,Sep 23 2017 - 1:00pm,complete,1661,Virtus Entella,Carpi,N/A,6,1.50,2.00,1.18,0.90,0,0,0,0,0,0,"","",10,5,1,0,1,0,0,1,1,0,7,10,3,3,4,7,13,20,52,48,1.20,1.21,1.26,1.49,3.25,75,75,50,50,25,75,100,25,50,9.50,4.00,2.61,3.10,3.14,1.44,2.38,4.80,9.00,2.02,1.77,Stadio Comunale Chiavari
1506171600,Sep 23 2017 - 1:00pm,complete,4383,Venezia,Parma,N/A,6,1.00,1.50,2.00,1.43,0,1,1,0,0,0,"","55",7,2,3,0,2,0,1,2,0,2,11,4,6,3,5,1,6,9,50,50,1.00,1.31,1.72,0.88,1.00,0,25,25,0,0,0,50,25,25,15.00,6.00,2.60,3.07,3.18,1.50,2.50,4.50,12.00,2.08,1.73,Stadio Pierluigi Penzo
1506267000,Sep 24 2017 - 3:30pm,complete,11870,Cesena,Ascoli,N/A,6,2.00,0.00,1.71,0.95,0,2,2,0,0,0,"","84,87",5,3,3,0,2,0,1,2,1,1,10,10,3,3,7,7,14,9,54,46,1.51,1.39,1.30,1.26,3.00,50,75,75,50,25,50,75,50,75,8.50,5.50,1.87,3.50,4.89,1.33,2.02,4.10,7.00,1.91,1.86,Orogel Stadium-Dino Manuzzi
1506364200,Sep 25 2017 - 6:30pm,complete,6573,Palermo,Pro Vercelli,N/A,6,2.33,0.50,2.00,0.67,2,1,3,2,1,1,"25,51","20",4,4,2,1,3,0,0,3,0,3,9,13,7,7,2,6,12,13,56,44,1.55,1.11,1.77,2.00,1.75,17,34,17,17,17,17,59,17,50,9.17,6.50,1.56,4.00,7.34,1.33,2.08,3.75,9.20,2.32,1.59,Stadio Renzo Barbera
1506709800,Sep 29 2017 - 6:30pm,complete,11493,Parma,Salernitana,N/A,7,1.00,0.67,2.00,1.00,2,2,4,2,2,0,"17,32","56,81",5,3,1,2,3,0,0,3,1,2,8,10,7,4,1,6,13,22,48,52,1.29,1.42,1.17,1.00,1.34,33,33,17,0,0,0,67,17,50,13.67,4.33,2.17,3.14,4.07,1.44,2.48,4.90,11.00,2.16,1.67,Stadio Ennio Tardini
1506776400,Sep 30 2017 - 1:00pm,complete,5577,Ascoli,Palermo,N/A,7,1.00,1.00,1.23,1.39,0,0,0,0,0,0,"","",2,4,1,0,2,0,0,1,1,1,4,9,2,3,2,6,9,17,44,56,1.43,1.36,0.65,1.16,1.34,42,42,17,0,0,17,59,0,59,10.00,3.00,4.53,3.34,1.98,1.33,2.12,3.75,9.20,1.86,1.92,Stadio Cino e Lillo Del Duca
1506776400,Sep 30 2017 - 1:00pm,complete,4750,Avellino,Empoli,N/A,7,2.33,1.67,1.48,1.76,3,2,5,1,0,1,"53,62,69","11,47",4,1,1,0,3,1,0,1,1,3,13,12,9,6,4,6,11,27,44,56,1.91,1.59,1.82,1.63,3.67,100,100,67,33,33,50,84,84,84,10.00,4.00,3.00,3.15,2.67,1.33,2.03,3.50,8.60,1.75,2.05,Stadio Partenio-Adriano Lombardi
1506776400,Sep 30 2017 - 1:00pm,complete,7311,Brescia,Perugia,N/A,7,1.00,1.33,1.29,1.05,2,1,3,0,0,0,"66,80","49",4,10,4,0,1,0,0,4,0,1,11,10,4,6,7,4,16,16,55,45,1.70,1.61,1.65,1.76,2.17,50,50,33,33,17,17,50,17,67,8.33,4.00,3.20,3.18,2.51,1.33,2.13,3.75,9.20,1.84,1.94,Stadio Mario Rigamonti
1506776400,Sep 30 2017 - 1:00pm,complete,2443,Carpi,Pescara,N/A,7,2.00,0.67,1.57,0.95,0,1,1,1,0,1,"","37",2,5,0,0,4,0,0,0,1,3,9,9,3,6,6,3,21,18,47,53,1.45,1.42,1.37,1.56,2.67,50,50,50,50,17,17,84,50,50,11.67,5.00,2.22,3.58,3.38,1.20,1.62,2.50,4.50,1.54,2.44,Stadio Sandro Cabassi
1506776400,Sep 30 2017 - 1:00pm,complete,3034,Cittadella,Virtus Entella,N/A,7,2.33,0.67,1.30,0.91,0,1,1,1,0,1,"","45'1",11,5,2,0,1,0,1,1,1,0,13,6,4,4,9,2,17,20,65,35,2.40,0.82,2.00,1.02,3.34,84,100,67,50,17,50,100,34,84,9.00,4.67,1.76,3.60,5.60,1.25,1.84,3.25,6.00,1.80,1.98,Stadio Pier Cesare Tombolato
1506776400,Sep 30 2017 - 1:00pm,complete,2360,Pro Vercelli,Cesena,N/A,7,0.33,0.00,1.24,0.67,5,2,7,3,1,2,"16,59,63,69,75","7,22",11,2,3,0,3,1,1,2,1,3,16,10,11,5,5,5,14,10,60,40,1.55,1.36,2.32,1.43,2.84,34,84,50,33,17,33,100,33,84,9.67,4.33,2.54,3.05,3.30,1.44,2.38,4.50,13.50,2.08,1.72,Stadio Silvio Piola
1506776400,Sep 30 2017 - 1:00pm,complete,5873,Spezia,Bari 1908,N/A,7,2.00,0.00,1.76,1.09,1,0,1,0,0,0,"84","",8,4,3,1,4,0,1,3,1,3,3,3,2,0,1,3,13,14,42,58,1.42,1.30,0.82,0.79,3.34,67,67,67,50,50,50,100,42,67,11.17,4.67,2.58,3.01,3.28,1.50,2.50,5.00,13.50,2.13,1.69,Stadio Alberto Picco
1506776400,Sep 30 2017 - 1:00pm,complete,4129,Ternana,Venezia,N/A,7,2.00,1.67,1.19,1.14,2,3,5,1,0,1,"83,84","2,57,90'2",3,6,0,0,0,0,0,0,0,0,10,6,5,4,5,2,13,13,59,41,1.75,1.16,1.82,1.05,1.42,42,59,0,0,0,25,67,17,34,9.00,2.00,2.71,3.03,3.06,1.44,2.38,4.50,12.50,2.04,1.76,Stadio Libero Liberati
1506862800,Oct 01 2017 - 1:00pm,complete,10731,Foggia,Novara,N/A,7,1.00,1.00,1.43,1.10,2,2,4,2,1,1,"45'6,59","31,84",7,5,2,0,3,0,1,1,0,3,13,10,7,6,6,4,13,13,63,37,1.63,1.47,1.93,1.46,1.84,67,67,17,0,0,42,100,0,42,8.33,4.83,1.87,3.52,4.85,1.30,2.00,3.40,7.00,1.75,2.00,Stadio Comunale Pino Zaccheria
1506969000,Oct 02 2017 - 6:30pm,complete,13001,Frosinone,Cremonese,N/A,7,3.00,1.00,2.04,1.00,0,0,0,0,0,0,"","",4,1,4,0,1,0,2,2,0,1,18,10,8,3,10,7,19,18,58,42,1.36,1.29,2.18,1.09,3.17,67,67,67,42,42,67,84,17,59,10.00,5.00,1.75,3.55,5.78,1.36,2.14,3.75,9.60,2.11,1.71,Stadio Benito Stirpe
1507055400,Oct 03 2017 - 6:30pm,complete,4767,Ternana,Brescia,N/A,5,1.33,1.50,1.19,1.00,1,1,2,2,1,1,"39","43",4,4,2,0,2,0,0,2,1,1,5,7,2,3,3,4,19,23,53,47,1.77,1.66,1.02,1.15,2.34,59,59,42,17,17,17,75,42,67,10.00,5.33,2.25,3.27,3.63,1.44,2.50,4.50,9.50,2.00,1.73,Stadio Libero Liberati
1507392000,Oct 07 2017 - 4:00pm,complete,8360,Salernitana,Ascoli,N/A,8,1.67,1.00,1.43,0.95,0,0,0,0,0,0,"","",8,4,4,0,2,0,3,1,0,2,11,12,6,4,5,8,15,10,54,46,1.89,1.35,1.78,1.47,3.67,50,100,67,50,33,33,84,67,100,6.34,4.34,1.69,3.69,6.10,1.29,1.89,3.25,6.50,1.88,1.90,Stadio Arechi
1507401000,Oct 07 2017 - 6:30pm,complete,11342,Cesena,Spezia,N/A,8,1.33,0.33,1.71,0.76,1,0,1,1,1,0,"32","",4,6,2,0,2,0,0,2,0,2,5,8,4,4,1,4,16,18,40,60,1.44,1.30,0.87,1.11,1.67,17,67,17,17,0,17,50,34,67,10.34,5.34,2.42,3.09,3.46,0.00,2.58,0.00,0.00,0.00,1.80,Orogel Stadium-Dino Manuzzi
1507458600,Oct 08 2017 - 10:30am,complete,7801,Pescara,Cittadella,N/A,8,1.67,1.00,1.33,1.77,1,2,3,3,1,2,"37","2,18",6,8,1,0,1,0,0,1,1,0,8,12,3,6,5,6,17,16,54,46,1.83,1.03,1.35,1.82,3.50,67,67,67,50,34,33,84,50,67,8.33,5.33,2.04,3.55,3.94,1.13,1.44,2.20,3.75,1.41,2.86,Stadio Adriatico-Giovanni Cornacchia
1507467600,Oct 08 2017 - 1:00pm,complete,15994,Bari 1908,Avellino,N/A,8,2.25,1.00,2.10,0.81,2,1,3,0,0,0,"67,72","65",6,3,1,0,2,0,1,0,0,2,10,7,5,4,5,3,21,14,60,40,2.08,1.42,1.68,1.20,2.96,50,88,75,34,0,63,88,29,100,9.83,4.50,1.78,3.58,5.48,1.29,1.94,3.25,6.50,1.73,2.00,Stadio Comunale San Nicola
1507467600,Oct 08 2017 - 1:00pm,complete,6422,Cremonese,Ternana,N/A,8,1.67,0.33,1.29,0.57,3,3,6,4,1,3,"9,70,88","42,45,45'2",4,8,1,0,3,1,0,1,1,3,17,16,7,6,10,10,10,10,46,54,1.14,1.81,1.98,1.86,3.17,67,84,67,50,17,84,84,34,67,11.67,3.33,1.74,3.58,5.90,1.33,2.05,3.75,7.80,1.91,1.80,Stadio Giovanni Zini
1507467600,Oct 08 2017 - 1:00pm,complete,5194,Empoli,Foggia,N/A,8,2.00,1.00,2.29,1.33,3,1,4,0,0,0,"59,66,73","82",5,5,0,0,1,0,0,0,0,1,11,9,8,4,3,5,12,16,45,55,1.64,1.90,1.87,1.43,4.00,67,84,84,67,42,29,100,84,84,10.92,4.42,1.82,3.56,5.12,1.22,1.67,2.75,5.00,1.64,2.22,Stadio Carlo Castellani
1507467600,Oct 08 2017 - 1:00pm,complete,7256,Palermo,Parma,N/A,8,2.50,2.00,2.00,1.43,1,1,2,1,1,0,"10","71",0,6,3,0,3,0,3,0,1,2,9,10,4,5,5,5,15,23,48,52,1.61,1.17,1.19,1.26,2.34,25,54,42,13,13,25,71,29,84,11.17,5.75,2.43,3.11,3.43,1.44,2.48,4.50,12.50,2.00,1.73,Stadio Renzo Barbera
1507467600,Oct 08 2017 - 1:00pm,complete,9878,Perugia,Pro Vercelli,N/A,8,3.00,0.33,1.76,0.67,1,5,6,1,0,1,"69","5,72,76,90'1,90'4",11,8,1,1,2,0,1,1,2,0,7,13,3,8,4,5,12,16,61,39,1.36,1.41,1.39,1.79,2.33,33,50,50,17,17,33,84,34,50,7.33,5.34,1.61,3.80,7.00,1.33,2.02,3.50,7.00,2.09,1.72,Stadio Renato Curi
1507467600,Oct 08 2017 - 1:00pm,complete,2120,Virtus Entella,Brescia,N/A,8,1.33,1.33,1.18,1.00,3,0,3,1,1,0,"29,68,88","",7,7,2,0,3,0,1,1,0,3,17,12,8,4,9,8,15,16,44,56,1.22,1.49,1.99,1.65,2.67,67,67,50,34,17,50,67,33,67,11.67,5.00,2.12,3.22,4.12,1.36,2.18,4.00,10.00,1.97,1.81,Stadio Comunale Chiavari
1507467600,Oct 08 2017 - 1:00pm,complete,4404,Venezia,Carpi,N/A,8,0.67,1.67,2.00,0.90,2,0,2,1,1,0,"37,75","",6,8,2,0,3,0,1,1,3,0,8,14,6,4,2,10,11,18,49,51,1.24,1.30,1.36,1.73,0.67,17,17,0,0,0,17,34,0,17,10.66,5.34,2.22,3.02,4.10,1.46,2.55,5.10,11.50,2.13,1.69,Stadio Pierluigi Penzo
1507487400,Oct 08 2017 - 6:30pm,complete,3501,Novara,Frosinone,N/A,8,1.00,1.75,1.00,1.30,2,1,3,0,0,0,"51,66","87",2,6,2,0,1,0,1,1,1,0,11,7,5,3,6,4,16,18,46,54,1.52,1.88,1.36,1.05,2.09,29,42,29,13,13,29,71,13,71,10.50,4.83,3.48,3.13,2.39,1.40,2.21,4.70,10.50,1.78,1.91,Stadio Comunale Silvio Piola
1507919400,Oct 13 2017 - 6:30pm,complete,12849,Foggia,Perugia,N/A,9,1.00,1.00,1.43,1.05,2,1,3,3,2,1,"13,28","45'1",4,5,6,0,2,0,3,3,1,1,10,14,7,5,3,9,17,17,51,49,1.73,1.64,0.00,0.00,2.84,88,88,42,29,13,46,75,29,84,9.25,3.17,2.51,3.31,3.08,1.23,1.78,3.05,5.80,1.65,2.20,Stadio Comunale Pino Zaccheria
1507986000,Oct 14 2017 - 1:00pm,complete,5125,Ascoli,Venezia,N/A,9,1.00,2.00,1.23,1.14,3,3,6,1,0,1,"50,56,62","15,60,74",4,6,2,0,2,0,0,2,1,1,12,14,8,9,4,5,13,10,58,42,1.24,1.14,1.90,2.00,1.75,38,50,25,13,13,13,50,25,63,8.00,1.75,2.68,3.08,3.05,1.40,2.25,4.33,11.00,1.92,1.86,Stadio Cino e Lillo Del Duca
1507986000,Oct 14 2017 - 1:00pm,complete,6879,Brescia,Novara,N/A,9,1.50,1.00,1.29,1.10,0,1,1,0,0,0,"","68",2,3,2,1,3,0,0,3,0,3,9,7,5,4,4,3,19,15,59,41,1.69,1.47,1.66,1.34,2.00,50,50,50,25,0,25,63,38,50,10.00,6.00,2.58,3.19,3.09,1.36,2.14,4.00,9.60,1.87,1.90,Stadio Mario Rigamonti
1507986000,Oct 14 2017 - 1:00pm,complete,2507,Carpi,Cesena,N/A,9,1.50,0.00,1.57,0.67,2,1,3,2,2,0,"3,14","90'2",2,12,3,0,3,0,1,2,1,2,10,13,5,4,5,9,18,11,41,59,1.43,1.37,1.48,1.92,2.75,25,50,50,38,13,25,100,38,50,8.25,4.50,2.05,3.26,4.35,1.40,2.38,4.50,11.00,2.11,1.70,Stadio Sandro Cabassi
1507986000,Oct 14 2017 - 1:00pm,complete,3374,Cittadella,Cremonese,N/A,9,1.75,1.00,1.30,1.00,1,2,3,0,0,0,"81","48,90'6",13,6,1,0,6,2,0,1,2,6,20,4,7,3,13,1,18,17,66,34,2.30,1.24,2.63,0.80,2.38,38,50,38,38,25,38,75,13,63,11.50,4.25,2.07,3.38,4.06,1.29,1.98,3.50,6.50,1.79,2.00,Stadio Pier Cesare Tombolato
1507986000,Oct 14 2017 - 1:00pm,complete,12430,Frosinone,Palermo,N/A,9,2.33,1.00,2.04,1.39,0,0,0,0,0,0,"","",6,10,3,0,2,0,3,0,1,1,6,10,3,7,3,3,21,22,50,50,1.63,1.29,1.18,1.68,1.67,50,50,34,17,17,34,50,0,33,9.34,4.66,2.44,3.27,3.24,1.36,2.13,3.75,8.80,1.90,1.87,Stadio Benito Stirpe
1507986000,Oct 14 2017 - 1:00pm,complete,11370,Parma,Pescara,N/A,9,1.00,1.25,2.00,0.95,0,1,1,0,0,0,"","85",4,5,2,0,3,0,2,0,0,3,9,11,4,9,5,2,8,22,50,50,1.26,1.46,1.30,1.79,2.50,50,50,50,38,13,25,75,50,63,12.50,6.00,2.14,3.75,3.43,1.20,1.74,2.63,5.00,1.61,2.28,Stadio Ennio Tardini
1507986000,Oct 14 2017 - 1:00pm,complete,3446,Pro Vercelli,Bari 1908,N/A,9,1.00,0.00,1.24,1.09,2,2,4,1,1,0,"30,90'4","47,77",3,5,2,0,4,0,1,1,2,2,8,16,6,10,2,6,16,11,48,52,1.74,1.13,1.33,2.10,3.84,71,84,59,59,59,59,84,42,100,10.83,5.17,2.80,3.18,2.83,1.40,2.42,4.33,11.00,1.91,1.87,Stadio Silvio Piola
1507986000,Oct 14 2017 - 1:00pm,complete,3772,Ternana,Spezia,N/A,9,1.25,0.25,1.19,0.76,4,2,6,4,2,2,"20,35,65,88","1,13",1,4,1,0,2,0,1,0,0,2,12,6,11,4,1,2,16,13,49,51,1.59,1.25,2.01,1.21,1.88,38,63,13,13,13,25,88,13,38,10.50,4.00,2.70,3.16,2.96,1.44,2.59,4.50,12.00,2.01,1.78,Stadio Libero Liberati
1508081400,Oct 15 2017 - 3:30pm,complete,9500,Avellino,Salernitana,N/A,9,2.50,0.75,1.48,1.00,2,3,5,0,0,0,"48,59","72,85,90'6",5,7,1,2,2,1,1,2,1,2,13,11,9,8,4,3,15,20,44,56,1.89,1.31,1.99,1.80,2.88,75,75,50,38,25,25,75,63,75,11.75,4.00,2.36,3.35,3.31,1.33,1.57,1.37,7.00,1.85,1.93,Stadio Partenio-Adriano Lombardi
1508178600,Oct 16 2017 - 6:30pm,complete,2666,Virtus Entella,Empoli,N/A,9,1.75,1.25,1.18,1.76,2,3,5,2,0,2,"58,62","2,9,86",10,2,2,0,2,0,1,1,1,1,12,13,9,8,3,5,16,17,49,51,1.41,1.60,1.95,1.75,3.63,75,88,75,50,38,50,88,63,75,10.00,4.50,3.10,3.36,2.47,1.33,2.00,3.50,1.37,1.76,2.03,Stadio Comunale Chiavari
1508518800,Oct 20 2017 - 5:00pm,complete,9097,Cremonese,Brescia,N/A,10,1.50,1.00,1.29,1.00,2,0,2,1,1,0,"38,70","",10,9,2,0,4,0,0,2,1,3,10,11,6,7,4,4,24,10,44,56,1.35,1.53,1.72,1.98,2.63,63,75,50,25,13,50,75,38,63,9.75,4.50,1.94,3.47,4.52,1.33,2.07,3.75,9.20,1.84,1.93,Stadio Giovanni Zini
1508526000,Oct 20 2017 - 7:00pm,complete,15275,Bari 1908,Cittadella,N/A,10,2.40,1.50,2.10,1.77,4,2,6,2,1,1,"20,48,67,77","2,83",6,7,2,0,1,0,0,2,0,1,11,8,8,3,3,5,11,16,50,50,2.00,1.23,1.68,1.05,2.20,35,65,55,0,0,35,68,20,63,11.70,4.15,1.96,3.72,4.06,1.33,2.08,3.75,7.00,1.82,1.96,Stadio Comunale San Nicola
1508590800,Oct 21 2017 - 1:00pm,complete,14494,Cesena,Foggia,N/A,10,1.75,0.80,1.71,1.33,3,3,6,0,0,0,"59,83,90","48,52,70",6,3,1,0,1,0,1,0,1,0,16,14,10,6,6,8,16,22,53,47,1.30,1.80,2.41,1.85,3.28,63,75,63,63,20,23,65,75,75,8.90,4.10,2.46,3.55,2.96,1.25,1.85,3.00,6.00,1.61,2.20,Orogel Stadium-Dino Manuzzi
1508590800,Oct 21 2017 - 1:00pm,complete,6068,Palermo,Novara,N/A,10,2.20,1.40,2.00,1.10,0,2,2,0,0,0,"","57,70",9,1,2,0,2,0,0,2,0,2,16,5,7,4,9,1,14,16,61,39,1.52,1.44,2.27,1.01,2.40,50,60,40,20,10,40,80,20,80,7.80,6.80,1.74,3.65,5.71,1.39,2.20,4.00,9.00,2.00,1.75,Stadio Renzo Barbera
1508590800,Oct 21 2017 - 1:00pm,complete,10178,Parma,Virtus Entella,N/A,10,0.80,1.25,2.00,0.91,3,1,4,1,1,0,"34,82,90'3","52",5,2,2,0,3,0,1,1,1,2,14,8,8,6,6,2,18,23,53,47,1.26,0.87,2.24,1.48,2.25,58,58,45,23,0,23,80,45,65,9.05,4.55,1.82,3.50,5.28,1.36,2.20,4.00,9.00,2.04,1.70,Stadio Ennio Tardini
1508590800,Oct 21 2017 - 1:00pm,complete,7978,Pescara,Avellino,N/A,10,1.25,0.75,1.33,0.81,2,1,3,2,1,1,"29,82","22",8,4,1,0,3,0,1,0,0,3,11,11,7,5,4,6,17,15,54,46,1.71,1.37,1.79,1.64,4.13,100,100,100,63,25,63,88,63,88,7.75,4.50,1.99,3.95,3.70,1.14,1.57,2.20,3.75,1.50,2.50,Stadio Adriatico-Giovanni Cornacchia
1508590800,Oct 21 2017 - 1:00pm,complete,2355,Pro Vercelli,Carpi,N/A,10,1.00,1.25,1.24,0.90,0,0,0,0,0,0,"","",8,2,2,0,1,0,0,2,0,1,13,5,6,2,7,3,7,23,61,39,1.66,1.41,1.69,0.76,2.63,53,75,30,30,20,33,88,30,63,11.05,4.40,2.63,3.15,3.05,1.50,2.39,5.00,11.00,2.04,1.70,Stadio Silvio Piola
1508590800,Oct 21 2017 - 1:00pm,complete,10210,Salernitana,Frosinone,N/A,10,1.50,1.40,1.43,1.30,1,1,2,1,1,0,"43","76",2,3,2,0,1,1,1,1,1,1,7,11,4,4,3,7,23,18,49,51,1.86,1.72,1.21,1.54,2.80,45,68,45,35,23,23,68,45,78,10.40,3.65,2.90,3.26,2.68,1.30,2.14,3.50,7.00,1.75,2.00,Stadio Arechi
1508590800,Oct 21 2017 - 1:00pm,complete,5560,Spezia,Perugia,N/A,10,2.25,0.80,1.76,1.05,4,2,6,3,2,1,"2,19,77,83","44,90'4",4,5,0,0,1,0,0,0,0,1,8,15,5,7,3,8,18,15,43,57,1.27,1.64,1.14,1.96,2.25,53,53,43,10,10,20,68,23,65,11.40,4.60,2.38,3.16,3.47,1.39,2.35,4.33,10.00,1.95,1.80,Stadio Alberto Picco
1508590800,Oct 21 2017 - 1:00pm,complete,5824,Ternana,Ascoli,N/A,10,1.60,1.00,1.19,0.95,1,1,2,0,0,0,"79","74",4,3,0,0,0,0,0,0,0,0,10,6,3,4,7,2,19,10,51,49,1.67,1.38,1.39,1.13,2.85,53,78,45,33,33,43,75,45,58,7.75,3.90,2.21,3.40,3.58,1.28,1.95,3.25,6.50,1.75,2.00,Stadio Libero Liberati
1508590800,Oct 21 2017 - 1:00pm,complete,4426,Venezia,Empoli,N/A,10,1.25,1.60,2.00,1.76,1,0,1,0,0,0,"87","",3,3,2,0,2,0,1,1,1,1,6,10,3,4,3,6,10,17,47,53,1.27,1.63,1.15,1.60,2.48,50,63,40,30,30,30,63,40,65,9.05,5.85,2.67,3.20,2.96,1.33,2.20,3.50,8.00,1.75,2.00,Stadio Pierluigi Penzo
1508869800,Oct 24 2017 - 6:30pm,complete,5147,Ascoli,Spezia,N/A,11,1.00,0.20,1.23,0.76,3,1,4,0,0,0,"53,85,90'5","90'3",2,3,3,0,2,0,1,2,1,1,13,6,8,3,5,3,15,19,58,42,1.37,1.24,1.68,0.82,2.20,30,50,30,20,20,20,70,20,60,9.60,4.20,2.79,2.95,3.05,1.44,2.39,4.50,11.00,2.00,1.75,Stadio Cino e Lillo Del Duca
1508869800,Oct 24 2017 - 6:30pm,complete,4500,Avellino,Pro Vercelli,N/A,11,2.00,1.00,1.48,0.67,1,0,1,0,0,0,"69","",4,1,3,1,5,0,1,3,3,2,14,6,8,2,6,4,16,22,58,42,1.91,1.50,1.98,0.86,3.35,75,75,65,43,43,23,68,63,75,10.85,4.90,2.08,3.13,4.45,1.33,2.07,3.75,8.00,1.90,1.90,Stadio Partenio-Adriano Lombardi
1508869800,Oct 24 2017 - 6:30pm,complete,7312,Brescia,Bari 1908,N/A,11,1.20,0.25,1.29,1.09,2,1,3,2,1,1,"17,53","33",7,2,3,0,2,0,0,3,0,2,8,8,4,7,4,1,15,20,51,49,1.68,1.37,0.00,0.00,2.68,58,58,58,48,25,25,48,45,80,9.30,5.80,2.60,3.11,3.14,0.00,0.00,0.00,0.00,0.00,0.00,Stadio Mario Rigamonti
1508869800,Oct 24 2017 - 6:30pm,complete,2430,Carpi,Palermo,N/A,11,1.80,1.00,1.57,1.39,1,3,4,2,0,2,"82","10,36,83",0,0,2,0,0,0,2,0,0,0,10,8,6,4,4,4,12,10,50,50,1.44,1.39,0.00,0.00,1.25,33,33,20,10,0,10,63,10,33,9.80,3.50,2.64,3.04,3.14,1.57,2.87,6.00,15.00,2.20,1.61,Stadio Sandro Cabassi
1508869800,Oct 24 2017 - 6:30pm,complete,5099,Cittadella,Venezia,N/A,11,1.40,1.80,1.30,1.14,2,1,3,2,1,1,"35,65","42",5,4,3,0,3,0,1,2,1,2,9,9,4,4,5,5,22,22,51,49,2.37,1.31,1.24,1.20,3.00,60,80,50,40,30,20,70,40,80,12.80,2.60,2.20,3.22,3.84,1.30,2.04,3.50,7.00,1.80,1.95,Stadio Pier Cesare Tombolato
1508869800,Oct 24 2017 - 6:30pm,complete,4375,Empoli,Pescara,N/A,11,2.25,1.60,2.29,0.95,3,1,4,2,2,0,"14,36,86","82",3,7,1,0,0,0,0,1,0,0,12,8,10,5,2,3,12,12,44,56,1.70,1.52,1.52,0.93,2.83,45,58,58,45,23,23,68,58,68,12.25,5.00,1.88,3.79,4.39,1.16,1.57,2.37,4.00,1.53,2.37,Stadio Carlo Castellani
1508869800,Oct 24 2017 - 6:30pm,complete,11488,Foggia,Parma,N/A,11,1.50,1.75,1.43,1.43,0,3,3,1,0,1,"","12,74,85",3,6,1,0,1,0,1,0,0,1,11,15,6,10,5,5,15,6,53,47,1.73,1.19,1.79,2.19,2.25,63,75,38,13,0,38,88,25,63,11.25,5.00,2.41,3.26,3.30,1.25,1.85,3.00,6.00,1.66,2.10,Stadio Comunale Pino Zaccheria
1508869800,Oct 24 2017 - 6:30pm,complete,11426,Frosinone,Ternana,N/A,11,2.00,0.50,2.04,0.57,4,2,6,2,1,1,"18,47,82,90","10,74",3,1,2,0,1,0,1,1,0,1,13,7,6,5,7,2,11,14,64,36,1.52,1.82,1.45,0.88,3.38,63,75,75,50,38,75,75,38,63,12.25,5.75,1.54,3.98,8.10,1.25,1.83,3.00,6.00,1.90,1.90,Stadio Benito Stirpe
1508869800,Oct 24 2017 - 6:30pm,complete,3729,Novara,Salernitana,N/A,11,1.50,1.20,1.00,1.00,2,3,5,2,1,1,"38,90'3","17,57,64",3,4,0,0,2,0,0,0,1,1,14,12,7,7,7,5,15,13,54,46,1.48,1.41,2.09,1.74,2.20,55,55,45,20,10,23,55,33,68,9.70,5.60,2.17,3.16,4.04,1.36,2.29,4.00,9.00,1.95,1.80,Stadio Comunale Silvio Piola
1508869800,Oct 24 2017 - 6:30pm,complete,8459,Perugia,Cesena,N/A,11,2.25,0.00,1.76,0.67,0,3,3,1,0,1,"","32,48,56",7,1,4,0,1,0,2,2,0,1,12,5,4,4,8,1,15,18,61,39,1.37,1.48,1.61,0.86,3.80,45,78,78,45,35,43,100,58,78,10.60,5.55,1.82,3.49,5.31,1.25,1.90,3.00,6.00,1.80,1.95,Stadio Renato Curi
1508869800,Oct 24 2017 - 6:30pm,complete,1725,Virtus Entella,Cremonese,N/A,11,1.40,1.40,1.18,1.00,1,1,2,1,0,1,"57","35",3,3,2,0,3,0,2,0,1,2,9,15,5,9,4,6,21,22,57,43,1.52,1.15,1.26,1.87,2.80,50,60,60,40,30,40,60,50,70,12.00,4.80,2.56,3.17,3.14,1.33,2.07,3.75,8.00,1.80,1.95,Stadio Comunale Chiavari
1509195600,Oct 28 2017 - 1:00pm,complete,12530,Bari 1908,Ascoli,N/A,12,2.50,1.00,2.10,0.95,3,0,3,0,0,0,"54,59,73","",1,5,3,0,2,1,2,1,2,1,12,7,7,3,5,4,16,22,56,44,1.95,1.33,1.82,1.07,2.70,37,82,54,19,19,27,54,55,90,10.60,3.50,1.69,3.88,5.65,1.29,2.00,3.65,6.50,1.97,1.81,Stadio Comunale San Nicola
1509195600,Oct 28 2017 - 1:00pm,complete,10720,Cesena,Novara,N/A,12,1.60,1.67,1.71,1.10,2,2,4,1,1,0,"45'1,59","57,77",4,5,2,0,2,0,0,2,0,2,16,10,9,3,7,7,19,11,39,61,1.52,1.37,2.07,1.33,2.30,37,55,37,29,10,27,54,47,64,8.47,5.20,1.96,3.45,4.47,1.35,2.07,4.10,8.50,1.85,1.92,Orogel Stadium-Dino Manuzzi
1509195600,Oct 28 2017 - 1:00pm,complete,6159,Cremonese,Perugia,N/A,12,1.80,0.67,1.29,1.05,3,3,6,2,1,1,"30,72,86","22,48,80",6,5,3,0,4,0,1,2,1,3,11,13,3,5,8,8,14,26,57,43,1.42,1.71,1.41,1.46,3.15,72,82,54,37,27,55,74,27,72,10.10,2.90,2.41,3.47,3.11,1.29,1.96,3.60,6.50,1.74,2.06,Stadio Giovanni Zini
1509195600,Oct 28 2017 - 1:00pm,complete,4963,Palermo,Virtus Entella,N/A,12,1.83,1.00,2.00,0.91,2,0,2,1,1,0,"23,48","",2,4,3,0,3,1,1,2,1,3,12,10,7,5,5,5,23,21,59,41,1.65,0.99,1.76,1.41,2.74,65,82,47,29,9,27,84,47,80,7.50,5.33,1.62,3.95,6.44,1.33,2.03,3.90,7.00,2.12,1.70,Stadio Renzo Barbera
1509195600,Oct 28 2017 - 1:00pm,complete,11535,Parma,Avellino,N/A,12,1.17,0.60,2.00,0.81,2,0,2,1,1,0,"1,90'4","",1,8,2,0,4,0,1,1,2,2,5,5,3,2,2,3,16,17,48,52,1.43,1.42,0.00,0.00,2.87,75,75,75,37,0,49,74,45,92,8.47,5.47,1.81,3.68,5.00,0.00,0.00,0.00,0.00,0.00,0.00,Stadio Ennio Tardini
1509195600,Oct 28 2017 - 1:00pm,complete,7075,Pescara,Brescia,N/A,12,1.60,0.80,1.33,1.00,0,3,3,1,0,1,"","37,63,65",8,2,2,0,1,0,0,2,1,0,10,10,4,6,6,4,14,13,62,38,1.72,1.62,1.89,1.57,3.30,70,90,70,30,20,40,90,50,80,11.80,5.00,1.71,4.44,4.65,1.14,1.50,2.28,4.00,1.52,2.48,Stadio Adriatico-Giovanni Cornacchia
1509195600,Oct 28 2017 - 1:00pm,complete,4446,Pro Vercelli,Foggia,N/A,12,1.00,0.83,1.24,1.33,1,4,5,3,1,2,"9","30,45'1,69,71",2,9,1,1,3,0,2,0,2,1,7,15,3,8,4,7,5,12,37,63,1.66,1.81,0.00,0.00,4.17,84,92,75,75,42,25,75,75,92,10.34,3.83,2.41,3.62,3.00,0.00,0.00,0.00,0.00,0.00,0.00,Stadio Silvio Piola
1509195600,Oct 28 2017 - 1:00pm,complete,9270,Salernitana,Empoli,N/A,12,1.40,1.33,1.43,1.76,2,1,3,3,2,1,"33,36","29",5,6,2,0,1,0,1,1,0,1,6,11,3,5,3,6,22,17,41,59,1.73,1.63,1.02,1.67,3.24,72,82,54,45,35,35,82,54,82,6.43,4.70,3.00,3.37,2.53,1.29,1.97,3.70,6.50,1.72,2.09,Stadio Arechi
1509195600,Oct 28 2017 - 1:00pm,complete,5365,Spezia,Cittadella,N/A,12,2.40,1.20,1.76,1.77,0,0,0,0,0,0,"","",8,6,0,0,0,0,0,0,0,0,9,11,3,6,6,5,12,18,54,46,1.24,1.20,1.34,1.70,2.60,50,50,50,20,20,40,80,30,50,11.40,4.80,2.19,3.29,3.79,1.40,2.35,4.80,9.00,1.96,1.82,Stadio Alberto Picco
1509195600,Oct 28 2017 - 1:00pm,complete,3987,Ternana,Carpi,N/A,12,1.50,1.20,1.19,0.90,0,0,0,0,0,0,"","",8,4,1,0,1,0,0,1,0,1,8,4,4,4,4,0,16,18,59,41,1.62,1.28,0.00,0.00,2.00,52,62,17,17,17,35,72,25,35,8.60,2.97,0.00,0.00,0.00,0.00,0.00,0.00,0.00,0.00,0.00,Stadio Libero Liberati
1509195600,Oct 28 2017 - 1:00pm,complete,3909,Venezia,Frosinone,N/A,12,1.60,1.33,2.00,1.30,1,1,2,2,1,1,"19","22",5,4,2,0,2,0,1,1,0,2,7,8,3,4,4,4,24,19,48,52,1.25,1.69,1.21,1.36,1.65,25,44,17,9,9,9,44,17,72,11.43,4.50,2.85,3.24,2.74,1.36,2.18,4.50,8.00,1.89,1.89,Stadio Pierluigi Penzo
1509804000,Nov 04 2017 - 2:00pm,complete,7476,Brescia,Venezia,N/A,13,1.50,1.50,1.29,1.14,1,2,3,0,0,0,"85","87,89",9,7,1,0,1,0,1,0,0,1,8,12,4,5,4,7,10,9,54,46,1.68,1.29,1.68,1.72,2.42,59,67,50,25,17,17,50,42,75,9.34,3.66,2.49,3.22,3.20,1.36,2.20,4.00,9.00,1.90,1.90,Stadio Mario Rigamonti
1509804000,Nov 04 2017 - 2:00pm,complete,1787,Carpi,Ascoli,N/A,13,1.50,0.83,1.57,0.95,4,2,6,4,2,2,"27,40,54,83","19,45'1",1,5,2,0,2,0,0,2,1,1,13,11,7,5,6,6,25,17,45,55,1.44,1.29,1.80,1.62,2.42,42,67,50,25,9,25,67,50,67,7.63,4.33,1.98,3.32,4.56,1.39,2.29,4.33,10.00,2.04,1.70,Stadio Sandro Cabassi
1509804000,Nov 04 2017 - 2:00pm,complete,3033,Cittadella,Ternana,N/A,13,1.67,0.40,1.30,0.57,1,1,2,1,1,0,"43","70",7,3,2,0,2,0,1,1,0,2,9,9,4,4,5,5,18,14,58,42,2.18,1.63,1.60,1.23,4.00,74,92,84,57,39,75,92,49,92,14.00,4.53,1.66,3.88,6.02,1.19,1.70,2.62,5.00,1.70,2.04,Stadio Pier Cesare Tombolato
1509804000,Nov 04 2017 - 2:00pm,complete,4340,Empoli,Spezia,N/A,13,2.40,0.17,2.29,0.76,1,1,2,0,0,0,"78","52",8,8,2,0,2,0,0,2,0,2,16,7,4,2,12,5,6,9,62,38,1.66,1.17,0.00,0.00,2.95,47,74,57,47,19,29,74,57,74,10.60,4.13,1.62,3.86,6.75,0.00,0.00,0.00,0.00,0.00,0.00,Stadio Carlo Castellani
1509804000,Nov 04 2017 - 2:00pm,complete,10967,Foggia,Cremonese,N/A,13,1.20,1.33,1.43,1.00,2,3,5,4,2,2,"35,38","40,45,56",11,3,1,0,1,0,0,1,0,1,11,10,5,7,6,3,8,10,56,44,1.74,1.27,1.68,1.75,2.40,65,75,47,19,9,39,75,37,64,8.57,5.40,2.27,3.47,3.37,1.16,1.53,2.37,4.33,1.50,2.50,Stadio Comunale Pino Zaccheria
1509804000,Nov 04 2017 - 2:00pm,complete,11403,Frosinone,Parma,N/A,13,2.20,2.00,2.04,1.43,2,1,3,3,2,1,"8,26","37",7,6,2,0,2,0,1,1,1,1,9,5,6,3,3,2,9,19,48,52,1.51,1.39,1.50,1.06,2.40,40,60,50,20,20,30,70,30,60,11.00,5.00,1.92,3.50,4.59,1.33,2.07,3.75,8.00,1.95,1.80,Stadio Benito Stirpe
1509804000,Nov 04 2017 - 2:00pm,complete,5333,Novara,Pro Vercelli,N/A,13,1.20,0.80,1.00,0.67,0,1,1,0,0,0,"","56",9,1,0,0,1,0,0,0,0,1,7,8,3,5,4,3,15,14,58,42,1.60,1.37,1.31,1.15,2.40,50,50,50,20,20,30,60,30,70,7.80,5.40,1.96,3.38,4.55,1.36,2.14,3.75,9.00,1.95,1.80,Stadio Comunale Silvio Piola
1509804000,Nov 04 2017 - 2:00pm,complete,7885,Perugia,Avellino,N/A,13,1.80,0.50,1.76,0.81,1,1,2,1,0,1,"75","42",4,6,3,0,3,0,2,1,0,3,11,11,7,7,4,4,19,15,55,45,1.42,1.42,0.00,0.00,3.49,62,90,82,37,20,44,92,57,90,9.07,6.00,0.00,0.00,0.00,0.00,0.00,0.00,0.00,0.00,0.00,Stadio Renato Curi
1509804000,Nov 04 2017 - 2:00pm,complete,7621,Pescara,Palermo,N/A,13,1.33,1.40,1.33,1.39,2,2,4,3,1,2,"10,46","15,33",7,5,3,0,0,0,0,3,0,0,6,9,2,4,4,5,20,14,46,54,1.75,1.39,0.00,0.00,2.69,62,70,60,35,17,35,70,44,62,12.17,2.87,2.26,3.56,3.30,0.00,0.00,0.00,0.00,0.00,0.00,Stadio Adriatico-Giovanni Cornacchia
1509804000,Nov 04 2017 - 2:00pm,complete,16813,Salernitana,Bari 1908,N/A,13,1.67,0.20,1.43,1.09,2,2,4,3,2,1,"14,45'3","5,77",4,5,2,0,1,0,1,1,0,1,7,11,4,6,3,5,18,17,43,57,1.61,1.37,1.12,1.57,3.22,74,82,65,47,29,47,82,37,84,7.83,4.97,2.34,3.33,3.36,1.30,2.02,3.50,7.00,1.75,2.00,Stadio Arechi
1509804000,Nov 04 2017 - 2:00pm,complete,1622,Virtus Entella,Cesena,N/A,13,1.33,0.50,1.18,0.67,2,2,4,3,1,2,"41,66","6,35",6,4,0,0,0,0,0,0,0,0,11,9,5,6,6,3,12,18,65,35,1.48,1.38,1.83,1.44,3.42,50,83,75,42,25,50,92,50,83,11.66,4.33,2.27,3.27,3.59,1.33,2.07,3.75,8.00,1.80,1.95,Stadio Comunale Chiavari
1510495200,Nov 12 2017 - 2:00pm,complete,8764,Ascoli,Foggia,Antonio Rapuano,14,1.33,1.14,1.23,1.33,0,2,2,0,0,0,"","66,84",6,9,1,0,1,0,0,1,0,1,10,9,4,4,6,5,8,20,51,49,1.42,1.81,1.39,1.32,3.75,75,75,75,67,37,23,61,67,84,8.69,3.71,2.56,3.30,3.03,1.17,1.68,2.50,4.50,1.54,2.44,Stadio Cino e Lillo Del Duca
1510495200,Nov 12 2017 - 2:00pm,complete,3396,Avellino,Virtus Entella,N/A,14,2.17,0.83,1.48,0.91,0,0,0,0,0,0,"","",8,5,1,0,3,0,0,1,1,2,13,11,6,5,7,6,11,18,57,43,1.92,1.06,0.00,0.00,3.17,75,83,59,42,25,17,75,67,84,8.50,5.00,2.09,3.24,4.20,0.00,0.00,0.00,0.00,0.00,0.00,Stadio Partenio-Adriano Lombardi
1510495200,Nov 12 2017 - 2:00pm,complete,18526,Bari 1908,Pescara,N/A,14,2.57,1.33,2.10,0.95,1,0,1,0,0,0,"77","",5,4,1,0,4,0,1,0,1,3,13,10,7,3,6,7,12,19,59,41,1.93,1.42,0.00,0.00,2.84,40,68,61,32,16,31,62,54,84,12.31,4.21,1.88,3.61,4.64,0.00,0.00,0.00,0.00,0.00,0.00,Stadio Comunale San Nicola
1510495200,Nov 12 2017 - 2:00pm,complete,2655,Carpi,Brescia,Daniele Martinelli,14,1.71,1.17,1.57,1.00,1,1,2,2,1,1,"12","8",2,4,1,0,2,0,0,1,1,1,6,7,2,3,4,4,19,21,47,53,1.50,1.61,1.01,1.23,2.60,45,70,54,22,7,30,92,47,70,8.66,5.00,1.88,3.61,4.64,1.40,2.35,4.33,11.00,1.96,1.82,Stadio Sandro Cabassi
1510495200,Nov 12 2017 - 2:00pm,complete,12948,Cesena,Salernitana,Riccardo Ros,14,1.50,1.50,1.71,1.00,3,3,6,3,2,1,"3,22,66","27,71,78",4,4,4,0,2,1,2,2,1,2,11,16,5,9,6,7,13,12,44,56,1.61,1.47,1.68,2.32,2.83,59,67,50,50,25,25,59,59,67,10.50,4.67,2.41,3.17,3.39,1.25,1.86,3.00,6.00,1.72,2.09,Orogel Stadium-Dino Manuzzi
1510495200,Nov 12 2017 - 2:00pm,complete,4144,Cittadella,Parma,Marco Serra,14,1.57,1.67,1.30,1.43,1,2,3,1,0,1,"73","41,84",2,4,2,1,1,0,1,2,0,1,10,13,4,7,6,6,15,10,52,48,2.10,1.34,1.31,1.79,2.52,52,77,54,15,7,30,85,24,77,14.19,4.29,2.14,3.21,4.06,1.33,2.15,3.75,9.40,1.88,1.90,Stadio Pier Cesare Tombolato
1510495200,Nov 12 2017 - 2:00pm,complete,7461,Cremonese,Palermo,Eugenio Abbattista,14,1.67,1.33,1.29,1.39,1,2,3,2,1,1,"21","23,52",11,2,3,0,0,0,2,1,0,0,12,7,4,5,8,2,23,12,52,48,1.42,1.39,1.79,1.21,2.50,59,67,42,42,17,50,67,25,59,11.47,2.67,2.53,3.10,3.25,1.36,2.25,4.00,10.50,1.88,1.90,Stadio Giovanni Zini
1510495200,Nov 12 2017 - 2:00pm,complete,2484,Pro Vercelli,Empoli,N/A,14,0.86,1.14,1.24,1.76,2,1,3,2,1,1,"34,76","29",3,1,3,0,2,0,0,3,1,1,7,11,4,5,3,6,13,12,44,56,1.66,1.63,0.00,0.00,3.57,79,86,64,50,43,50,86,57,79,8.86,4.72,3.50,3.17,2.36,0.00,0.00,0.00,0.00,0.00,0.00,Stadio Silvio Piola
1510495200,Nov 12 2017 - 2:00pm,complete,5620,Spezia,Frosinone,N/A,14,2.17,1.29,1.76,1.30,1,1,2,0,0,0,"78","56",2,4,4,0,2,0,2,2,0,2,9,12,5,3,4,9,13,18,52,48,1.26,1.64,0.00,0.00,2.22,45,52,31,16,16,23,69,31,61,12.24,3.57,3.04,3.02,2.74,0.00,0.00,0.00,0.00,0.00,0.00,Stadio Alberto Picco
1510495200,Nov 12 2017 - 2:00pm,complete,3834,Ternana,Novara,Valerio Marini,14,1.43,1.57,1.19,1.10,1,1,2,0,0,0,"76","73",16,2,1,0,2,0,0,1,0,2,10,5,5,2,5,3,11,19,59,41,1.62,1.36,1.67,0.69,2.43,57,64,36,29,15,36,71,43,57,8.43,4.00,2.45,3.15,3.34,1.36,2.18,4.00,9.40,1.89,1.89,Stadio Libero Liberati
1510495200,Nov 12 2017 - 2:00pm,complete,4800,Venezia,Perugia,N/A,14,1.50,0.71,2.00,1.05,1,0,1,1,1,0,"6","",7,2,2,0,3,1,2,0,2,2,11,5,3,2,8,3,15,27,44,56,1.24,1.67,0.00,0.00,2.43,52,60,36,22,22,37,52,22,68,10.07,4.69,2.46,3.14,3.33,0.00,0.00,0.00,0.00,0.00,0.00,Stadio Pierluigi Penzo
1511013600,Nov 18 2017 - 2:00pm,complete,6712,Brescia,Spezia,Antonio Di Martino,15,1.29,0.29,1.29,0.76,1,1,2,0,0,0,"72","78",5,3,2,1,3,0,1,2,1,2,6,10,2,7,4,3,12,12,52,48,1.68,1.17,1.20,1.79,2.22,50,64,43,22,7,14,43,43,71,11.14,4.86,2.48,2.98,3.48,1.50,2.39,5.00,11.00,2.04,1.70,Stadio Mario Rigamonti
1511013600,Nov 18 2017 - 2:00pm,complete,4138,Empoli,Cesena,Antonello Balice,15,2.17,0.57,2.29,0.67,5,3,8,1,1,0,"14,59,72,85,87","76,90'2,90'4",3,10,2,0,2,0,1,1,0,2,13,13,9,7,4,6,13,16,51,49,1.66,1.39,1.89,1.83,3.37,55,85,77,47,16,45,84,63,85,10.71,3.97,1.60,3.89,7.01,1.22,1.72,2.75,5.50,1.80,1.95,Stadio Carlo Castellani
1511013600,Nov 18 2017 - 2:00pm,complete,9939,Foggia,Ternana,Ivano Pezzuto,15,1.00,0.50,1.43,0.57,1,1,2,1,0,1,"64","4",8,5,1,0,2,0,0,1,1,1,13,11,2,6,11,5,13,14,67,33,1.73,1.57,1.83,1.48,3.84,83,100,75,50,34,75,100,50,84,11.00,4.34,1.86,3.62,4.76,1.16,1.57,2.37,4.00,1.57,2.25,Stadio Comunale Pino Zaccheria
1511013600,Nov 18 2017 - 2:00pm,complete,11632,Frosinone,Avellino,N/A,15,2.33,0.57,2.04,0.81,1,1,2,1,0,1,"49","5",12,3,1,0,3,0,0,1,1,2,18,13,7,6,11,7,21,15,62,38,1.50,1.42,0.00,0.00,2.92,77,84,69,31,17,62,77,23,67,9.00,5.83,1.61,3.75,7.21,0.00,0.00,0.00,0.00,0.00,0.00,Stadio Benito Stirpe
1511013600,Nov 18 2017 - 2:00pm,complete,4120,Novara,Bari 1908,Luigi Pillitteri,15,1.00,0.33,1.00,1.09,1,2,3,0,0,0,"90'7","48,90",10,2,3,0,3,0,2,1,1,2,15,10,5,4,10,6,10,14,52,48,1.55,1.41,2.08,1.29,3.00,67,67,67,42,25,50,67,33,92,8.50,4.50,2.88,3.02,2.88,1.39,2.35,4.00,10.00,1.95,1.80,Stadio Comunale Silvio Piola
1511013600,Nov 18 2017 - 2:00pm,complete,7803,Palermo,Cittadella,N/A,15,2.00,1.17,2.00,1.77,0,3,3,1,0,1,"","43,64,82",4,12,1,0,3,0,1,0,2,1,11,23,6,8,5,15,8,22,49,51,1.67,1.28,0.00,0.00,2.45,47,68,40,16,16,40,69,23,67,9.31,5.29,0.00,0.00,0.00,0.00,0.00,0.00,0.00,0.00,0.00,Stadio Renzo Barbera
1511013600,Nov 18 2017 - 2:00pm,complete,10629,Parma,Ascoli,Antonio Giua,15,1.43,0.71,2.00,0.95,4,0,4,1,1,0,"6,74,87,90'4","",2,2,2,0,2,1,0,2,0,3,13,8,10,4,3,4,16,11,40,60,1.43,1.33,2.02,1.42,2.65,43,72,50,29,15,22,57,57,86,9.00,4.86,1.68,3.60,6.61,1.30,2.00,3.39,7.00,2.00,1.75,Stadio Ennio Tardini
1511013600,Nov 18 2017 - 2:00pm,complete,7443,Perugia,Carpi,Juan Luca Sacchi,15,1.67,1.17,1.76,0.90,5,0,5,3,3,0,"3,9,33,60,65","",3,2,0,0,2,0,0,0,2,0,11,4,7,0,4,4,13,19,58,42,1.42,1.28,1.56,0.53,2.17,34,58,34,17,17,17,75,34,50,9.67,4.67,1.93,3.24,5.09,1.39,2.20,4.00,9.00,2.00,1.75,Stadio Renato Curi
1511013600,Nov 18 2017 - 2:00pm,complete,6546,Pescara,Pro Vercelli,Fabio Piscopo,15,1.29,1.17,1.33,0.67,3,1,4,1,1,0,"37,55,60","65",2,2,1,0,0,0,0,1,0,0,17,11,10,7,7,4,18,12,61,39,1.75,1.34,2.62,1.68,3.07,60,67,67,37,23,37,75,37,77,10.12,4.53,1.86,3.61,4.76,1.18,1.57,2.50,4.33,1.61,2.20,Stadio Adriatico-Giovanni Cornacchia
1511013600,Nov 18 2017 - 2:00pm,complete,11366,Salernitana,Cremonese,N/A,15,1.57,1.57,1.43,1.00,1,1,2,1,1,0,"33","71",4,5,2,0,3,0,0,2,1,2,11,11,6,6,5,5,17,15,43,57,1.54,1.34,0.00,0.00,2.72,64,72,50,36,22,36,72,29,71,7.86,4.85,2.41,3.17,3.39,0.00,0.00,0.00,0.00,0.00,0.00,Stadio Arechi
1511013600,Nov 18 2017 - 2:00pm,complete,1849,Virtus Entella,Venezia,Lorenzo Illuzzi,15,1.29,1.71,1.18,1.14,0,0,0,0,0,0,"","",8,3,0,0,1,0,0,0,0,1,17,9,8,3,9,6,13,11,46,54,1.53,1.35,2.26,1.38,3.22,71,86,64,43,29,36,72,50,86,11.28,2.43,2.56,3.07,3.24,1.36,2.25,4.00,9.00,1.90,1.90,Stadio Comunale Chiavari
1511551800,Nov 24 2017 - 7:30pm,complete,4526,Empoli,Frosinone,Marco Piccinini,16,2.29,1.25,2.29,1.30,3,3,6,2,0,2,"53,90'1,90'3","15,33,47",8,3,2,0,1,0,1,1,1,0,13,12,10,7,3,5,16,23,56,44,1.70,1.64,1.84,1.51,3.12,67,81,48,35,21,27,67,62,81,10.95,3.49,2.27,3.34,3.50,1.26,1.83,3.05,6.50,1.77,2.05,Stadio Carlo Castellani
1511618400,Nov 25 2017 - 2:00pm,complete,5024,Ascoli,Cremonese,Aleandro Di Paolo,16,1.14,1.50,1.23,1.00,0,0,0,0,0,0,"","",3,6,4,0,3,0,1,3,1,2,7,8,4,7,3,1,23,16,51,49,1.42,1.34,1.13,1.53,2.41,53,60,41,27,20,20,53,34,73,8.27,4.61,3.12,3.38,2.45,1.29,1.95,3.25,6.50,1.83,1.95,Stadio Cino e Lillo Del Duca
1511618400,Nov 25 2017 - 2:00pm,complete,3783,Avellino,Palermo,Luigi Nasca,16,2.00,1.57,1.48,1.39,1,3,4,1,0,1,"81","36,48,77",8,5,2,0,0,1,1,1,1,0,9,10,4,5,5,5,14,17,52,48,1.92,1.35,1.50,1.35,2.50,64,64,50,36,22,29,50,43,72,10.88,3.29,3.00,3.25,2.60,1.34,2.05,3.65,8.00,1.91,1.91,Stadio Partenio-Adriano Lombardi
1511618400,Nov 25 2017 - 2:00pm,complete,3158,Carpi,Parma,Francesco Fourneau,16,1.63,1.86,1.57,1.43,2,1,3,3,2,1,"5,10","22",1,6,1,0,1,0,0,1,0,1,10,10,7,4,3,6,21,16,43,57,1.43,1.40,1.61,1.60,2.52,53,67,54,19,7,32,93,41,61,9.14,3.74,2.98,3.16,2.68,1.47,2.45,4.55,11.00,2.15,1.71,Stadio Sandro Cabassi
1511618400,Nov 25 2017 - 2:00pm,complete,3296,Cittadella,Salernitana,Francesco Paolo Saia,16,1.38,1.43,1.30,1.00,2,1,3,2,1,1,"23,82","32",7,3,4,0,3,0,1,3,1,2,12,6,4,3,8,3,18,16,57,43,2.00,1.59,1.80,1.04,3.09,73,80,60,41,28,41,80,41,80,12.70,5.07,2.15,3.49,3.66,1.22,1.74,2.75,5.50,1.74,2.10,Stadio Pier Cesare Tombolato
1511618400,Nov 25 2017 - 2:00pm,complete,2327,Pro Vercelli,Virtus Entella,Livio Marinelli,16,1.13,0.86,1.24,0.91,1,1,2,1,0,1,"65","21",5,3,4,0,4,0,3,1,1,3,10,6,2,4,8,2,15,15,57,43,1.66,1.06,1.20,1.02,2.90,66,80,53,40,19,32,87,47,73,8.68,4.93,2.43,3.18,3.35,1.36,2.14,3.75,9.00,1.90,1.90,Stadio Silvio Piola
1511618400,Nov 25 2017 - 2:00pm,complete,5094,Spezia,Pescara,Riccardo Pinzani,16,2.00,1.14,1.76,0.95,4,0,4,1,1,0,"33,55,73,83","",5,9,2,0,0,0,0,2,0,0,13,2,7,2,6,0,13,14,43,57,1.26,1.42,1.79,0.85,2.22,43,43,36,29,14,22,57,43,64,11.86,5.00,2.34,3.53,3.18,1.26,1.83,3.00,6.00,1.74,2.10,Stadio Alberto Picco
1511618400,Nov 25 2017 - 2:00pm,complete,3352,Venezia,Novara,Antonio Rapuano,16,1.71,1.50,2.00,1.10,1,3,4,2,0,2,"67","30,37,90'3",9,4,3,0,3,0,1,2,1,2,12,7,6,6,6,1,7,19,59,41,1.24,1.28,1.77,1.20,1.63,32,46,19,13,0,20,53,25,59,9.34,5.46,1.94,3.34,4.74,1.42,2.30,4.25,10.00,2.15,1.71,Stadio Pierluigi Penzo
1511695800,Nov 26 2017 - 11:30am,complete,33567,Bari 1908,Foggia,Federico La Penna,16,2.63,1.38,2.10,1.33,1,0,1,0,0,0,"90'2","",4,5,2,0,4,1,1,1,1,4,11,9,5,4,6,5,18,19,59,41,1.93,1.74,1.84,1.37,3.69,57,88,76,51,32,25,57,75,100,11.38,3.26,1.87,3.85,4.35,1.18,1.61,2.45,4.50,1.67,2.20,Stadio Comunale San Nicola
1511704800,Nov 26 2017 - 2:00pm,complete,9145,Ternana,Perugia,Gianluca Aureliano,16,1.38,0.63,1.19,1.05,1,1,2,1,1,0,"36","90'2",7,2,5,0,1,1,1,4,1,1,5,8,4,3,1,5,16,20,52,48,1.63,1.67,0.98,1.07,3.00,75,75,44,32,32,44,69,44,63,10.25,3.26,2.81,3.39,2.67,1.31,2.00,3.40,7.00,1.83,1.95,Stadio Libero Liberati
1511811000,Nov 27 2017 - 7:30pm,complete,11238,Cesena,Brescia,Marco Serra,16,1.43,1.14,1.71,1.00,1,0,1,1,1,0,"25","",4,4,0,0,1,0,0,0,1,0,7,7,4,4,3,3,13,16,36,64,1.62,1.56,1.16,1.24,2.79,50,79,50,29,15,29,72,57,71,9.71,5.29,2.31,3.37,3.39,1.30,2.02,3.50,7.00,1.75,2.00,Orogel Stadium-Dino Manuzzi
1512223200,Dec 02 2017 - 2:00pm,complete,7112,Brescia,Salernitana,Lorenzo Illuzzi,17,1.25,1.25,1.29,1.00,2,0,2,0,0,0,"50,80","",4,5,2,0,1,0,0,2,1,0,10,4,6,2,4,2,16,20,56,44,1.61,1.52,1.46,0.69,2.63,69,69,57,32,19,32,50,50,75,10.88,5.26,2.34,3.09,3.64,1.33,2.07,3.75,8.00,1.80,1.95,Stadio Mario Rigamonti
1512223200,Dec 02 2017 - 2:00pm,complete,5480,Cremonese,Spezia,Fabio Piscopo,17,1.43,0.38,1.29,0.76,1,0,1,0,0,0,"87","",13,7,1,0,2,0,0,1,1,1,12,5,6,2,6,3,10,13,52,48,1.48,1.26,1.89,1.08,2.84,61,81,41,34,21,42,68,40,73,11.56,4.24,1.94,3.30,4.85,1.44,2.25,5.00,11.00,2.04,1.70,Stadio Giovanni Zini
1512223200,Dec 02 2017 - 2:00pm,complete,9528,Foggia,Cittadella,Daniele Minelli,17,1.00,1.43,1.43,1.77,1,3,4,3,1,2,"38","29,39,61",8,6,1,0,2,0,0,1,1,1,14,7,5,6,9,1,10,17,53,47,1.75,1.28,1.91,1.50,2.72,65,79,57,22,14,50,86,29,57,12.00,4.14,2.25,3.29,3.61,1.18,1.64,2.50,4.50,1.50,2.50,Stadio Comunale Pino Zaccheria
1512223200,Dec 02 2017 - 2:00pm,complete,9621,Frosinone,Cesena,Luigi Pillitteri,17,2.14,0.50,2.04,0.67,3,3,6,4,2,2,"21,35,77","18,31,83",10,2,2,0,3,2,0,2,2,3,18,7,11,7,7,0,19,18,68,32,1.50,1.44,2.22,1.10,3.42,61,80,73,40,27,54,86,32,66,11.38,4.70,1.48,4.24,8.85,1.22,1.80,2.62,5.00,1.75,2.00,Stadio Benito Stirpe
1512223200,Dec 02 2017 - 2:00pm,complete,2994,Novara,Empoli,Eugenio Abbattista,17,0.86,1.00,1.00,1.76,1,1,2,0,0,0,"54","78",5,3,2,0,2,0,0,2,0,2,7,9,6,3,1,6,7,20,47,53,1.63,1.63,1.08,1.09,2.97,73,73,66,26,26,46,66,47,81,8.14,4.39,3.09,3.05,2.67,1.28,2.00,3.25,6.50,1.70,2.04,Stadio Comunale Silvio Piola
1512223200,Dec 02 2017 - 2:00pm,complete,9850,Parma,Pro Vercelli,Daniele Martinelli,17,1.63,1.00,2.00,0.67,3,0,3,0,0,0,"55,57,90","",3,4,1,0,4,1,1,0,1,4,17,6,7,2,10,4,12,10,53,47,1.51,1.39,1.86,0.75,2.40,41,53,47,34,7,14,66,40,80,8.20,4.79,1.56,3.85,7.96,1.36,2.04,4.00,9.00,2.00,1.75,Stadio Ennio Tardini
1512223200,Dec 02 2017 - 2:00pm,complete,6706,Pescara,Ternana,Riccardo Ros,17,1.50,0.57,1.33,0.57,3,3,6,2,2,0,"30,45'1,90'2","48,57,75",7,6,2,1,4,1,1,2,1,4,13,7,10,4,3,3,12,16,54,46,1.88,1.56,1.88,1.09,4.14,87,100,86,60,34,61,100,60,94,11.18,3.89,2.34,3.09,3.64,1.16,1.57,2.37,4.33,1.53,2.37,Stadio Adriatico-Giovanni Cornacchia
1512234000,Dec 02 2017 - 5:00pm,complete,4842,Palermo,Venezia,Daniele Chiffi,17,1.75,1.63,2.00,1.14,0,0,0,0,0,0,"","",11,3,3,0,2,1,1,2,1,2,16,6,7,2,9,4,15,11,54,46,1.67,1.36,2.18,0.76,2.63,51,82,44,19,19,19,63,44,88,8.51,3.88,1.88,3.26,5.43,1.39,2.35,4.33,10.00,2.00,1.75,Stadio Renzo Barbera
1512309600,Dec 03 2017 - 2:00pm,complete,3506,Avellino,Carpi,Antonio Di Martino,17,1.75,1.00,1.48,0.90,1,1,2,1,1,0,"10","78",2,2,3,0,2,0,1,2,1,1,4,7,4,3,0,4,16,21,50,50,1.86,1.15,0.89,1.07,2.34,45,59,39,32,26,21,54,45,59,10.14,4.09,2.14,3.11,4.20,1.36,2.20,4.00,9.00,1.95,1.80,Stadio Partenio-Adriano Lombardi
1512318600,Dec 03 2017 - 4:30pm,complete,2027,Virtus Entella,Bari 1908,Juan Luca Sacchi,17,1.25,0.71,1.18,1.09,3,1,4,2,2,0,"18,37,69","65",4,10,1,0,2,1,0,1,2,1,12,7,7,5,5,2,22,12,49,51,1.62,1.39,1.70,1.41,3.29,75,81,75,54,27,54,73,41,88,10.74,3.95,3.05,3.16,2.62,1.39,2.00,4.00,10.00,1.95,1.80,Stadio Comunale Chiavari
1512415800,Dec 04 2017 - 7:30pm,complete,8182,Perugia,Ascoli,Valerio Marini,17,1.86,0.63,1.76,0.95,1,0,1,0,0,0,"90'1","",4,8,2,0,2,0,1,1,1,1,15,15,6,7,9,8,16,17,53,47,1.44,1.34,2.17,2.05,3.42,41,87,67,41,34,27,75,73,87,8.61,5.07,1.52,4.16,7.81,1.23,1.74,2.80,6.50,1.87,1.95,Stadio Renato Curi
1512732600,Dec 08 2017 - 11:30am,complete,3854,Novara,Cremonese,Francesco Fourneau,18,0.88,1.44,1.00,1.00,1,1,2,1,0,1,"90'4","42",4,4,2,0,1,0,1,1,1,0,15,8,7,6,8,2,11,19,54,46,1.56,1.36,2.10,1.35,2.25,60,60,42,18,18,24,47,36,78,9.46,4.91,2.34,3.24,3.45,1.36,2.10,3.80,8.00,1.95,1.87,Stadio Comunale Silvio Piola
1512741600,Dec 08 2017 - 2:00pm,complete,3994,Ternana,Parma,Niccolò Baroni,18,1.33,1.63,1.19,1.43,1,1,2,1,0,1,"74","21",5,6,3,0,2,0,0,3,1,1,13,11,7,7,6,4,13,11,50,50,1.55,1.43,1.86,1.72,2.41,64,77,43,11,11,29,78,41,60,12.11,3.31,3.14,3.42,2.41,1.35,2.05,3.70,8.00,1.91,1.91,Stadio Libero Liberati
1512752400,Dec 08 2017 - 5:00pm,complete,11908,Cesena,Pescara,Luigi Nasca,18,1.63,1.00,1.71,0.95,4,2,6,0,0,0,"72,81,87,90'5","62,76",4,8,4,0,2,1,0,4,0,3,12,14,9,7,3,7,8,15,39,61,1.56,1.34,2.02,2.02,2.82,44,57,50,50,19,25,63,57,69,10.75,4.51,2.22,3.58,3.38,1.17,1.56,2.35,4.00,1.54,2.50,Orogel Stadium-Dino Manuzzi
1512761400,Dec 08 2017 - 7:30pm,complete,5560,Spezia,Foggia,Davide Ghersini,18,2.13,1.22,1.76,1.33,1,0,1,1,1,0,"31","",4,8,1,0,2,0,0,1,0,2,5,10,3,2,2,8,14,14,44,56,1.33,1.70,0.98,1.34,3.24,58,70,58,52,29,18,60,70,82,11.21,4.25,2.01,3.59,4.01,1.27,1.83,3.05,6.00,1.80,2.05,Stadio Alberto Picco
1512824400,Dec 09 2017 - 1:00pm,complete,7168,Salernitana,Perugia,Antonio Rapuano,18,1.50,0.67,1.43,1.05,1,1,2,0,0,0,"75","90'2",3,8,1,0,2,0,1,0,1,1,5,12,2,7,3,5,17,16,54,46,1.54,1.58,1.01,1.86,3.11,77,83,53,36,23,41,83,29,77,7.88,4.24,2.19,3.37,3.68,1.28,1.95,3.39,6.50,1.75,2.00,Stadio Arechi
1512828000,Dec 09 2017 - 2:00pm,complete,4729,Ascoli,Virtus Entella,Marco Piccinini,18,1.13,0.88,1.23,0.91,1,1,2,1,1,0,"3","90",4,3,3,0,3,0,1,2,0,3,6,11,2,3,4,8,13,13,43,57,1.38,1.06,0.88,1.43,2.19,51,63,38,25,7,13,63,38,63,7.38,4.76,2.45,3.19,3.29,1.36,2.10,3.90,9.00,1.95,1.87,Stadio Cino e Lillo Del Duca
1512828000,Dec 09 2017 - 2:00pm,complete,3151,Cittadella,Avellino,Antonio Giua,18,1.56,0.63,1.30,0.81,2,2,4,2,1,1,"7,77","38,90'3",4,1,1,0,3,1,0,1,1,3,12,4,4,4,8,0,25,17,56,44,1.98,1.42,1.61,0.94,2.89,83,95,65,24,6,47,89,24,95,10.99,5.67,1.85,3.57,4.85,1.25,1.80,3.00,5.50,1.87,1.95,Stadio Pier Cesare Tombolato
1512828000,Dec 09 2017 - 2:00pm,complete,5423,Empoli,Carpi,Marco Serra,18,2.13,1.00,2.29,0.90,1,0,1,1,1,0,"44","",3,6,1,0,3,0,0,1,1,2,13,7,6,3,7,4,15,21,55,45,1.72,1.14,1.86,1.31,2.82,50,69,44,38,26,32,69,51,63,9.76,3.63,1.75,3.59,5.75,1.31,1.95,3.45,7.00,2.05,1.77,Stadio Carlo Castellani
1512828000,Dec 09 2017 - 2:00pm,complete,9705,Frosinone,Brescia,Francesco Paolo Saia,18,2.00,1.00,2.04,1.00,2,0,2,1,1,0,"29,76","",12,7,2,0,1,1,1,1,0,2,13,10,7,6,6,4,19,13,53,47,1.61,1.52,1.97,1.61,2.63,57,75,51,19,19,44,82,32,57,11.50,5.13,1.68,3.73,6.23,1.29,1.95,3.35,7.00,2.05,1.80,Stadio Benito Stirpe
1512828000,Dec 09 2017 - 2:00pm,complete,3213,Venezia,Pro Vercelli,Antonello Balice,18,1.50,0.88,2.00,0.67,1,1,2,2,1,1,"8","45",7,8,1,0,3,0,0,1,1,2,15,13,8,9,7,4,9,17,46,54,1.32,1.31,2.09,2.13,1.88,32,44,32,19,7,19,50,26,63,9.76,5.50,1.89,3.37,5.00,1.33,2.05,3.70,9.00,2.00,1.80,Stadio Pierluigi Penzo
1512923400,Dec 10 2017 - 4:30pm,complete,21671,Bari 1908,Palermo,Riccardo Pinzani,18,2.67,1.75,2.10,1.39,0,3,3,0,0,0,"","62,69,75",4,7,1,0,1,0,0,1,1,0,8,13,4,8,4,5,10,12,56,44,1.92,1.35,1.37,1.79,2.35,43,65,53,25,6,30,54,35,82,10.92,2.67,2.29,3.29,3.51,1.39,2.25,4.00,10.00,1.95,1.80,Stadio Comunale San Nicola
1513366200,Dec 15 2017 - 7:30pm,complete,8500,Foggia,Venezia,Livio Marinelli,19,0.88,1.56,1.43,1.14,2,2,4,1,0,1,"88,90'5","5,54",10,3,3,0,1,0,0,3,0,1,15,13,8,7,7,6,18,15,59,41,1.77,1.29,2.61,1.89,2.73,72,84,54,30,18,37,72,35,71,10.35,2.99,2.50,3.26,3.15,1.23,1.74,2.85,5.50,1.67,2.20,Stadio Comunale Pino Zaccheria
1513432800,Dec 16 2017 - 2:00pm,complete,3800,Avellino,Ascoli,Daniele Chiffi,19,1.67,0.56,1.48,0.95,1,1,2,1,0,1,"59","45'1",13,3,5,0,2,0,2,3,1,1,17,8,11,5,6,3,20,20,55,45,1.74,1.42,2.43,1.23,3.00,56,78,56,39,28,17,50,67,89,9.78,4.88,1.87,3.34,5.27,1.32,2.00,3.55,7.00,1.95,1.83,Stadio Partenio-Adriano Lombardi
1513432800,Dec 16 2017 - 2:00pm,complete,1573,Carpi,Frosinone,Eugenio Abbattista,19,1.78,1.22,1.57,1.30,1,1,2,0,0,0,"82","57",2,7,3,1,3,0,2,2,1,2,3,14,3,4,0,10,18,14,36,64,1.45,1.62,0.75,1.85,2.78,67,73,45,28,17,45,84,39,61,7.99,3.34,3.22,3.06,2.58,1.39,2.29,4.33,10.00,1.95,1.80,Stadio Sandro Cabassi
1513432800,Dec 16 2017 - 2:00pm,complete,4715,Cremonese,Empoli,Ivano Pezzuto,19,1.63,1.00,1.29,1.76,1,1,2,1,0,1,"69","34",2,4,2,0,2,0,0,2,0,2,6,10,3,7,3,3,13,20,40,60,1.53,1.57,1.19,1.67,3.17,76,82,59,36,29,60,77,41,77,10.25,3.97,2.67,3.09,3.05,1.29,1.95,3.35,6.50,1.80,2.00,Stadio Giovanni Zini
1513432800,Dec 16 2017 - 2:00pm,complete,5514,Palermo,Ternana,Daniele Martinelli,19,1.67,0.63,2.00,0.57,1,0,1,1,1,0,"2","",10,5,0,0,3,0,0,0,1,2,16,7,7,3,9,4,16,11,58,42,1.73,1.50,2.26,1.18,3.36,61,89,54,37,31,49,84,48,95,10.39,5.50,1.64,3.72,6.79,1.32,2.00,3.50,7.00,2.10,1.74,Stadio Renzo Barbera
1513432800,Dec 16 2017 - 2:00pm,complete,10507,Parma,Cesena,Antonio Di Martino,19,1.78,0.56,2.00,0.67,0,0,0,0,0,0,"","",6,6,2,0,4,0,0,2,3,1,12,4,6,2,6,2,12,15,68,32,1.56,1.40,2.40,0.95,3.45,45,78,73,45,17,34,84,56,89,9.44,5.00,1.69,3.65,6.29,1.26,1.83,3.10,6.00,1.87,1.95,Stadio Ennio Tardini
1513432800,Dec 16 2017 - 2:00pm,complete,7557,Perugia,Bari 1908,Aleandro Di Paolo,19,2.00,0.63,1.76,1.09,1,3,4,3,1,2,"33","21,41,71",4,2,0,0,2,0,0,0,1,1,15,11,5,7,10,4,10,22,61,39,1.54,1.39,2.01,1.62,3.51,63,82,76,51,32,44,82,57,94,9.38,5.25,2.56,3.09,3.21,1.34,2.05,3.75,8.00,1.91,1.91,Stadio Renato Curi
1513432800,Dec 16 2017 - 2:00pm,complete,2204,Pro Vercelli,Spezia,Daniele Minelli,19,1.11,0.33,1.24,0.76,0,2,2,1,0,1,"","34,74",5,2,1,0,2,0,0,1,0,2,11,10,3,7,8,3,12,17,57,43,1.60,1.24,1.57,1.69,2.78,61,78,39,33,22,28,67,44,84,10.55,5.00,2.84,2.99,2.95,1.49,2.50,4.90,11.00,2.15,1.69,Stadio Silvio Piola
1513432800,Dec 16 2017 - 2:00pm,complete,1693,Virtus Entella,Salernitana,Fabio Piscopo,19,1.44,1.11,1.18,1.00,0,2,2,1,0,1,"","29,59",12,2,1,0,3,1,0,1,0,4,17,10,8,6,9,4,21,20,57,43,1.63,1.43,2.26,1.26,3.11,67,78,62,50,28,50,73,50,78,11.78,3.77,2.39,3.09,3.53,1.32,2.00,3.55,7.00,1.87,1.95,Stadio Comunale Chiavari
1513519200,Dec 17 2017 - 2:00pm,complete,6269,Brescia,Cittadella,Riccardo Ros,19,1.44,1.63,1.29,1.77,1,1,2,1,1,0,"21","56",4,6,4,0,3,0,0,4,0,3,12,10,6,3,6,7,15,18,50,50,1.59,1.31,1.70,1.50,2.32,53,65,54,18,7,31,49,41,64,11.57,4.69,2.75,3.06,2.99,1.33,2.00,3.65,7.00,1.87,1.95,Stadio Mario Rigamonti
1513528200,Dec 17 2017 - 4:30pm,complete,6355,Pescara,Novara,Lorenzo Illuzzi,19,1.44,1.67,1.33,1.10,1,0,1,1,1,0,"21","",6,2,3,0,1,0,1,2,1,0,11,10,9,3,2,7,21,10,44,56,1.88,1.27,1.88,1.47,3.39,73,84,72,50,17,45,84,62,84,9.56,4.78,2.08,3.42,3.99,1.19,1.61,2.62,5.00,1.61,2.20,Stadio Adriatico-Giovanni Cornacchia
1513798200,Dec 20 2017 - 7:30pm,complete,3158,Venezia,Cremonese,Federico La Penna,20,1.44,1.40,2.00,1.00,1,1,2,0,0,0,"71","60",5,3,2,1,3,0,0,3,1,2,9,16,4,7,5,9,13,12,47,53,1.41,1.36,1.26,1.94,1.77,47,52,21,16,10,27,58,16,57,10.52,5.16,2.36,3.26,3.39,1.38,2.20,4.05,8.00,2.00,1.83,Stadio Pierluigi Penzo
1513884600,Dec 21 2017 - 7:30pm,complete,5919,Ascoli,Pescara,Niccolò Baroni,20,1.11,0.89,1.23,0.95,1,1,2,1,0,1,"49","39",5,4,4,1,4,0,1,4,1,3,10,5,5,2,5,3,10,14,53,47,1.33,1.43,1.42,0.85,2.56,44,56,45,39,17,17,50,45,73,10.44,4.78,2.95,3.59,2.45,1.18,1.59,2.45,4.33,1.57,2.40,Stadio Cino e Lillo Del Duca
1513884600,Dec 21 2017 - 7:30pm,complete,15160,Bari 1908,Parma,Marco Piccinini,20,2.40,1.56,2.10,1.43,0,0,0,0,0,0,"","",6,4,4,0,2,0,2,2,1,1,8,6,6,4,2,2,15,13,47,53,1.86,1.46,1.47,1.05,2.47,38,74,58,5,5,21,65,42,84,11.60,3.38,2.12,3.34,3.93,1.36,2.10,3.90,11.00,2.00,1.83,Stadio Comunale San Nicola
1513884600,Dec 21 2017 - 7:30pm,complete,11303,Cesena,Palermo,Juan Luca Sacchi,20,1.78,1.89,1.71,1.39,1,1,2,2,1,1,"34","9",1,1,1,0,1,0,1,0,0,1,6,17,3,8,3,9,15,11,32,68,1.62,1.41,0.87,2.11,2.78,56,67,56,45,17,28,56,50,67,9.82,3.33,3.36,3.25,2.38,1.35,2.10,3.80,9.00,1.95,1.87,Orogel Stadium-Dino Manuzzi
1513884600,Dec 21 2017 - 7:30pm,complete,2894,Cittadella,Carpi,Luigi Pillitteri,20,1.50,0.89,1.30,0.90,0,1,1,1,0,1,"","13",12,1,3,0,4,0,0,3,2,2,23,4,9,2,14,2,13,11,51,49,1.94,1.16,2.47,0.56,2.22,51,67,41,21,11,36,79,21,62,10.91,4.39,1.82,3.50,5.26,1.34,2.05,3.75,8.00,2.15,1.71,Stadio Pier Cesare Tombolato
1513884600,Dec 21 2017 - 7:30pm,complete,3976,Empoli,Brescia,Antonio Rapuano,20,2.22,0.89,2.29,1.00,1,1,2,0,0,0,"48","79",8,3,0,0,3,0,0,0,2,1,16,10,7,6,9,4,19,17,52,48,1.74,1.53,1.87,1.40,2.95,50,78,50,28,17,28,84,56,73,10.78,4.45,1.57,3.94,7.39,1.29,1.91,3.30,5.50,2.05,1.77,Stadio Carlo Castellani
1513884600,Dec 21 2017 - 7:30pm,complete,9422,Frosinone,Virtus Entella,Marco Serra,20,2.11,0.89,2.04,0.91,4,3,7,2,1,1,"34,56,60,71","1,64,77",7,1,3,0,2,0,1,2,0,2,20,8,11,7,9,1,16,26,56,44,1.65,1.10,2.63,1.42,2.61,67,78,45,28,17,34,84,28,62,10.44,5.11,1.57,4.05,6.95,1.25,1.85,3.00,6.00,1.90,1.90,Stadio Benito Stirpe
1513884600,Dec 21 2017 - 7:30pm,complete,2910,Novara,Perugia,Luigi Nasca,20,0.89,0.70,1.00,1.05,1,1,2,0,0,0,"46","79",4,6,2,0,1,0,0,2,1,0,6,17,3,8,3,9,14,13,59,41,1.62,1.62,1.05,2.29,2.77,74,74,47,21,21,31,57,42,85,9.40,4.21,2.43,3.42,3.12,1.36,2.10,3.85,8.00,1.91,1.87,Stadio Comunale Silvio Piola
1513884600,Dec 21 2017 - 7:30pm,complete,8938,Salernitana,Foggia,Valerio Marini,20,1.44,1.10,1.43,1.33,0,3,3,0,0,0,"","83,88,90'5",7,1,2,0,2,0,0,2,0,2,16,10,5,6,11,4,11,14,54,46,1.47,1.66,2.09,1.50,3.34,74,85,57,52,26,27,69,57,84,9.38,4.00,1.99,3.61,4.07,1.18,1.61,2.50,4.50,1.54,2.45,Stadio Arechi
1513884600,Dec 21 2017 - 7:30pm,complete,5200,Spezia,Avellino,Antonello Balice,20,2.22,0.67,1.76,0.81,1,0,1,1,1,0,"12","",4,2,1,0,1,0,0,1,1,0,7,12,3,6,4,6,20,12,46,54,1.29,1.34,1.05,1.75,2.56,61,72,50,28,6,34,78,39,78,9.23,5.33,1.89,3.42,4.89,1.45,2.40,4.60,11.00,2.25,1.65,Stadio Alberto Picco
1513884600,Dec 21 2017 - 7:30pm,complete,3068,Ternana,Pro Vercelli,Francesco Paolo Saia,20,1.30,0.89,1.19,0.67,4,3,7,4,3,1,"5,26,39,46","4,67,78",2,6,2,0,2,0,0,2,1,1,12,7,5,6,7,1,12,18,53,47,1.58,1.40,1.66,1.33,2.37,62,68,32,21,16,26,63,37,64,10.11,4.48,2.11,3.34,3.97,1.35,2.10,3.80,9.00,1.95,1.87,Stadio Libero Liberati
1514403000,Dec 27 2017 - 7:30pm,complete,10984,Parma,Spezia,Riccardo Ros,21,1.70,0.60,2.00,0.76,0,0,0,0,0,0,"","",7,6,3,1,4,0,2,2,1,3,4,10,2,5,2,5,12,16,40,60,1.65,1.29,0.55,1.30,2.25,35,65,35,25,5,10,55,45,80,9.60,4.60,1.88,3.27,5.35,1.53,2.70,5.50,13.00,2.25,1.57,Stadio Ennio Tardini
1514489400,Dec 28 2017 - 7:30pm,complete,3349,Avellino,Ternana,Fabio Piscopo,21,1.60,0.56,1.48,0.57,2,1,3,1,1,0,"24,54","90'3",4,5,1,0,1,0,0,1,1,0,12,13,8,4,4,9,16,11,46,54,1.82,1.46,1.69,1.57,3.50,79,85,59,48,37,39,80,58,90,11.74,5.26,2.16,3.37,3.76,1.31,1.95,3.45,6.50,1.87,1.95,Stadio Partenio-Adriano Lombardi
1514489400,Dec 28 2017 - 7:30pm,complete,5500,Brescia,Ascoli,Riccardo Pinzani,21,1.40,0.60,1.29,0.95,0,1,1,1,0,1,"","24",13,1,1,0,1,0,1,0,0,1,13,8,7,3,6,5,16,13,52,48,1.60,1.40,2.39,1.21,2.40,50,75,45,20,10,15,40,55,85,9.40,5.10,1.85,3.49,5.07,1.32,2.00,3.50,6.50,2.10,1.74,Stadio Mario Rigamonti
1514489400,Dec 28 2017 - 7:30pm,complete,2145,Carpi,Bari 1908,Davide Ghersini,21,1.70,0.89,1.57,1.09,0,0,0,0,0,0,"","",4,6,1,0,0,0,1,0,0,0,0,14,0,7,0,7,8,9,48,52,1.37,1.42,0.32,1.97,3.19,80,80,70,49,16,59,84,42,75,7.11,4.77,2.65,3.11,3.06,1.53,2.65,5.30,13.00,2.25,1.65,Stadio Sandro Cabassi
1514489400,Dec 28 2017 - 7:30pm,complete,6242,Cremonese,Cesena,Daniele Martinelli,21,1.56,0.60,1.29,0.67,1,0,1,0,0,0,"77","",8,5,2,0,3,1,1,1,1,3,15,3,4,2,11,1,12,16,67,33,1.49,1.36,1.91,0.77,3.40,59,79,62,42,26,53,84,36,79,11.77,4.58,2.11,3.40,3.88,1.26,1.83,3.10,7.00,1.80,2.00,Stadio Giovanni Zini
1514489400,Dec 28 2017 - 7:30pm,complete,12000,Foggia,Frosinone,Daniele Chiffi,21,0.89,1.20,1.43,1.30,1,2,3,1,1,0,"40","63,77",3,5,1,0,2,0,0,1,0,2,10,10,5,5,5,5,20,15,56,44,1.88,1.65,1.48,1.61,2.96,80,90,49,32,16,43,80,42,79,11.86,3.70,3.10,3.50,2.40,1.16,1.56,2.40,4.00,1.54,2.50,Stadio Comunale Pino Zaccheria
1514489400,Dec 28 2017 - 7:30pm,complete,5768,Palermo,Salernitana,Daniele Minelli,21,1.80,1.30,2.00,1.00,3,0,3,1,1,0,"30,79,90'3","",3,3,1,0,3,1,0,1,3,1,13,5,8,2,5,3,13,23,57,43,1.79,1.41,1.91,0.95,2.60,45,75,40,25,20,30,70,40,80,10.30,5.30,1.76,3.66,5.45,1.30,1.95,3.40,6.50,2.05,1.77,Stadio Renzo Barbera
1514489400,Dec 28 2017 - 7:30pm,complete,7360,Perugia,Empoli,Livio Marinelli,21,1.78,1.00,1.76,1.76,2,4,6,4,1,3,"19,58","9,22,36,56",4,2,2,0,4,0,0,2,1,3,13,8,10,5,3,3,10,21,50,50,1.60,1.58,2.24,1.42,3.32,67,84,64,37,32,42,85,53,85,7.77,4.42,2.57,3.33,2.98,1.31,1.95,3.45,8.00,1.83,2.00,Stadio Renato Curi
1514489400,Dec 28 2017 - 7:30pm,complete,6866,Pescara,Venezia,Eugenio Abbattista,21,1.60,1.50,1.33,1.14,1,0,1,0,0,0,"86","",5,1,2,0,3,0,1,1,1,2,12,10,6,2,6,8,19,13,55,45,1.88,1.35,1.81,1.16,3.25,70,80,70,45,25,30,75,55,75,10.00,3.20,2.15,3.55,3.59,1.19,1.62,2.55,4.50,1.59,2.35,Stadio Adriatico-Giovanni Cornacchia
1514489400,Dec 28 2017 - 7:30pm,complete,2278,Pro Vercelli,Cittadella,Aleandro Di Paolo,21,1.00,1.56,1.24,1.77,1,2,3,1,0,1,"85","2,55",5,0,3,0,2,0,1,2,2,0,6,7,3,3,3,4,20,21,56,44,1.60,1.34,1.28,1.24,2.88,63,79,53,31,21,42,84,31,73,11.31,4.72,3.15,3.25,2.50,1.33,2.00,3.65,8.00,1.87,1.95,Stadio Silvio Piola
1514489400,Dec 28 2017 - 7:30pm,complete,1596,Virtus Entella,Novara,Antonio Giua,21,1.30,1.50,1.18,1.10,2,1,3,1,0,1,"58,80","12",5,5,2,0,3,1,1,1,2,2,9,5,4,4,5,1,21,23,57,43,1.69,1.29,1.59,1.16,2.65,55,70,50,40,10,40,75,45,75,10.60,3.90,2.49,3.22,3.19,1.38,2.20,4.05,9.00,2.00,1.83,Stadio Comunale Chiavari
1516456800,Jan 20 2018 - 2:00pm,complete,6985,Brescia,Avellino,N/A,22,1.27,0.60,1.29,0.81,2,3,5,3,2,1,"27,28","16,53,60",3,5,3,0,2,0,0,3,1,1,11,6,7,4,4,2,17,17,52,48,1.68,1.40,0.00,0.00,2.36,68,77,48,20,0,30,63,38,82,9.40,5.55,2.16,3.38,3.77,0.00,0.00,0.00,0.00,0.00,0.00,Stadio Mario Rigamonti
1516456800,Jan 20 2018 - 2:00pm,complete,13412,Cesena,Bari 1908,N/A,22,1.70,0.90,1.71,1.09,1,1,2,1,1,0,"13","50",4,8,1,0,3,0,1,0,1,2,16,16,6,6,10,10,12,13,42,58,1.54,1.48,0.00,0.00,3.25,70,75,65,55,25,45,65,50,75,8.60,4.60,2.70,3.20,2.93,1.38,2.20,4.10,0.00,1.87,1.83,Orogel Stadium-Dino Manuzzi
1516456800,Jan 20 2018 - 2:00pm,complete,4636,Novara,Carpi,Federico La Penna,22,0.90,1.10,1.00,0.90,1,0,1,1,1,0,"43","",4,3,4,0,4,0,1,3,1,3,7,5,3,0,4,5,19,22,62,38,1.56,1.10,1.08,0.66,1.85,45,55,25,10,10,20,55,30,60,8.70,4.20,2.48,3.14,3.31,1.49,2.50,4.90,14.00,2.20,1.67,Stadio Comunale Silvio Piola
1516456800,Jan 20 2018 - 2:00pm,complete,5329,Ascoli,Cittadella,Gianluca Aureliano,22,1.10,1.70,1.23,1.77,1,2,3,1,1,0,"41","63,86",3,6,3,0,3,0,1,2,1,2,6,13,4,8,2,5,12,21,40,60,1.34,1.32,0.96,1.88,2.35,55,65,45,20,10,25,65,30,65,9.60,4.70,3.53,3.46,2.21,1.29,1.91,3.30,6.50,1.83,2.00,Stadio Cino e Lillo Del Duca
1516456800,Jan 20 2018 - 2:00pm,complete,6886,Spezia,Palermo,N/A,22,2.30,1.80,1.76,1.39,0,0,0,0,0,0,"","",7,4,1,0,2,0,0,1,0,2,5,12,2,3,3,9,9,15,43,57,1.26,1.50,0.00,0.00,2.10,45,55,40,25,5,25,65,35,55,10.39,3.00,2.84,3.10,2.86,1.54,2.65,5.35,0.00,2.25,1.62,Stadio Alberto Picco
1516456800,Jan 20 2018 - 2:00pm,complete,10958,Cremonese,Parma,Luigi Nasca,22,1.70,1.50,1.29,1.43,1,0,1,0,0,0,"89","",8,3,2,0,1,0,1,1,1,0,18,7,9,3,9,4,7,12,54,46,1.53,1.42,2.41,1.10,2.40,55,70,45,15,10,35,75,25,70,12.60,3.60,2.46,3.25,3.22,1.42,2.25,4.30,10.00,2.00,1.83,Stadio Giovanni Zini
1516456800,Jan 20 2018 - 2:00pm,complete,11934,Foggia,Pescara,Juan Luca Sacchi,22,0.80,0.90,1.43,0.95,0,1,1,1,0,1,"","44",5,3,1,0,2,0,0,1,0,2,11,5,4,4,7,1,16,15,58,42,1.83,1.36,1.69,1.09,3.05,70,80,60,45,15,35,80,45,80,12.40,4.60,2.54,3.81,2.71,1.13,1.47,2.15,3.50,1.45,2.70,Stadio Comunale Pino Zaccheria
1516456800,Jan 20 2018 - 2:00pm,complete,10161,Frosinone,Pro Vercelli,Antonio Di Martino,22,2.20,0.80,2.04,0.67,4,0,4,3,3,0,"6,25,30,62","",4,5,0,0,2,0,0,0,2,0,12,13,5,6,7,7,15,16,55,45,1.76,1.39,1.59,1.72,3.10,60,70,55,35,30,45,70,35,65,11.40,5.20,1.47,4.53,7.94,1.25,1.80,3.05,5.50,2.10,1.71,Stadio Benito Stirpe
1516456800,Jan 20 2018 - 2:00pm,complete,4271,Empoli,Ternana,Luigi Pillitteri,22,2.10,0.50,2.29,0.57,2,1,3,2,1,1,"16,81","36",8,5,1,0,1,0,1,0,1,0,13,7,10,3,3,4,10,15,61,39,1.75,1.47,2.22,1.08,3.75,75,85,65,50,35,45,85,70,85,11.20,4.00,1.48,4.59,7.63,1.21,1.69,2.70,4.50,1.95,1.87,Stadio Carlo Castellani
1516456800,Jan 20 2018 - 2:00pm,complete,7406,Perugia,Virtus Entella,Lorenzo Illuzzi,22,1.60,0.80,1.76,0.91,2,0,2,0,0,0,"49,57","",0,4,1,0,3,0,1,0,2,1,11,7,6,3,5,4,16,17,50,50,1.67,1.14,1.73,1.32,3.20,60,80,55,40,25,30,90,50,80,7.70,4.80,1.89,3.59,4.59,1.32,2.00,3.55,7.50,1.95,1.87,Stadio Renato Curi
1516456800,Jan 20 2018 - 2:00pm,complete,7227,Salernitana,Venezia,Niccolò Baroni,22,1.30,1.36,1.43,1.14,3,2,5,3,3,0,"5,30,35","48,53",12,3,2,1,1,1,0,3,0,2,8,13,5,8,3,5,18,13,45,55,1.54,1.33,1.27,1.93,2.58,63,77,48,29,14,20,58,43,77,7.92,3.27,2.47,3.23,3.21,1.34,2.05,3.75,8.60,1.87,1.95,Stadio Arechi
1517061600,Jan 27 2018 - 2:00pm,complete,2300,Pro Vercelli,Ascoli,Davide Ghersini,23,0.91,0.82,1.24,0.95,2,0,2,1,1,0,"26,90'3","",2,4,2,0,1,0,0,2,0,1,9,11,4,5,5,6,20,22,46,54,1.56,1.39,1.41,1.81,2.91,55,82,50,32,23,27,73,50,87,9.00,4.82,2.22,3.16,3.79,1.33,2.00,3.70,8.00,1.73,2.05,Stadio Silvio Piola
1517061600,Jan 27 2018 - 2:00pm,complete,6799,Palermo,Brescia,Marco Serra,23,1.91,0.90,2.00,1.00,2,0,2,1,1,0,"3,90'3","",6,3,1,0,2,0,0,1,0,2,10,8,6,4,4,4,17,15,52,48,1.80,1.52,1.87,1.42,2.19,34,77,33,5,5,19,77,38,76,10.18,5.25,1.58,4.01,6.71,1.34,2.00,3.70,7.60,1.75,2.05,Stadio Renzo Barbera
1517061600,Jan 27 2018 - 2:00pm,complete,3533,Venezia,Cesena,Fabio Piscopo,23,1.40,0.55,2.00,0.67,1,0,1,0,0,0,"70","",2,7,2,0,4,0,1,1,2,2,8,8,4,5,4,3,13,11,60,40,1.40,1.31,1.24,1.34,2.57,43,62,42,28,14,38,66,33,66,11.19,5.61,1.91,3.31,4.89,1.34,1.94,3.75,8.20,1.70,2.10,Stadio Pierluigi Penzo
1517061600,Jan 27 2018 - 2:00pm,complete,3424,Avellino,Cremonese,Aleandro Di Paolo,23,1.73,1.36,1.48,1.00,0,0,0,0,0,0,"","",8,5,1,0,2,0,0,1,0,2,13,7,4,2,9,5,12,14,53,47,1.80,1.42,1.67,0.99,2.55,73,73,41,27,23,14,60,46,82,10.27,5.19,2.85,3.09,2.81,1.36,2.21,3.75,9.00,1.80,1.95,Stadio Partenio-Adriano Lombardi
1517061600,Jan 27 2018 - 2:00pm,complete,14428,Bari 1908,Empoli,Daniele Minelli,23,2.27,1.18,2.10,1.76,0,4,4,2,0,2,"","8,29,64,78",6,4,3,0,1,0,2,1,0,1,9,16,2,10,7,6,11,13,38,62,1.82,1.56,1.24,2.16,2.91,55,78,60,23,23,37,59,50,87,8.64,4.18,2.35,3.14,3.49,1.33,2.16,3.75,8.00,1.80,1.95,Stadio Comunale San Nicola
1517061600,Jan 27 2018 - 2:00pm,complete,1968,Virtus Entella,Foggia,Daniele Martinelli,23,1.45,1.27,1.18,1.33,1,2,3,1,0,1,"86","32,58",7,4,1,0,3,0,1,0,1,2,10,10,5,7,5,3,15,19,52,48,1.68,1.64,1.47,1.46,3.41,64,82,69,55,27,32,69,64,87,12.09,3.36,2.44,3.30,3.15,1.22,1.74,2.90,5.75,1.47,2.55,Stadio Comunale Chiavari
1517061600,Jan 27 2018 - 2:00pm,complete,4000,Cittadella,Frosinone,N/A,23,1.36,1.36,1.30,1.30,1,2,3,1,0,1,"80","4,60",3,5,2,0,2,0,1,1,1,1,13,9,5,4,8,5,16,14,56,44,1.99,1.64,0.00,0.00,2.78,73,82,50,23,14,36,78,41,82,12.54,4.28,2.55,3.41,2.90,0.00,0.00,0.00,0.00,0.00,0.00,Stadio Pier Cesare Tombolato
1517061600,Jan 27 2018 - 2:00pm,complete,10168,Parma,Novara,Francesco Paolo Saia,23,1.64,1.36,2.00,1.10,3,0,3,2,2,0,"42,45'1,78","",5,3,3,0,4,1,2,1,4,1,12,4,7,2,5,2,19,18,57,43,1.54,1.28,1.65,0.76,2.23,41,60,45,27,0,18,64,50,73,8.46,5.18,1.80,3.46,5.37,1.55,2.37,5.40,13.50,2.10,1.70,Stadio Ennio Tardini
1517061600,Jan 27 2018 - 2:00pm,complete,7409,Pescara,Perugia,N/A,23,1.73,0.73,1.33,1.05,0,2,2,1,0,1,"","26,89",4,2,2,0,3,0,0,2,0,3,10,8,3,4,7,4,18,18,71,29,1.87,1.69,0.00,0.00,3.41,78,82,64,41,27,41,78,50,82,10.37,4.09,2.13,4.06,3.18,0.00,0.00,0.00,0.00,0.00,0.00,Stadio Adriatico-Giovanni Cornacchia
1517061600,Jan 27 2018 - 2:00pm,complete,4636,Ternana,Salernitana,N/A,23,1.45,1.18,1.19,1.00,2,2,4,1,0,1,"67,90'4","20,86",5,1,2,0,3,0,1,1,1,2,12,6,4,4,8,2,18,15,58,42,1.59,1.37,0.00,0.00,2.91,69,82,41,32,27,36,73,50,73,10.37,4.46,0.00,0.00,0.00,0.00,0.00,0.00,0.00,0.00,0.00,Stadio Libero Liberati
1517061600,Jan 27 2018 - 2:00pm,complete,1900,Carpi,Spezia,Antonio Giua,23,1.64,0.64,1.57,0.76,2,1,3,0,0,0,"69,78","72",4,11,3,0,2,0,1,2,0,2,12,8,5,4,7,4,17,10,43,57,1.27,1.29,1.61,1.48,2.23,50,64,32,23,9,27,64,36,59,7.99,4.45,2.49,2.89,3.54,1.80,3.50,7.50,21.00,2.30,1.60,Stadio Sandro Cabassi
1517599800,Feb 02 2018 - 7:30pm,complete,5128,Empoli,Palermo,Federico La Penna,24,2.18,1.73,2.29,1.39,4,0,4,2,2,0,"12,45,51,82","",4,11,2,0,2,0,0,2,1,1,8,11,6,7,2,4,15,5,49,51,1.80,1.50,1.29,1.73,2.78,64,73,55,36,14,36,64,50,69,10.80,2.64,2.05,3.30,4.18,1.45,2.38,4.50,10.00,2.10,1.70,Stadio Carlo Castellani
1517666400,Feb 03 2018 - 2:00pm,complete,3615,Novara,Ascoli,Juan Luca Sacchi,24,1.09,0.75,1.00,0.95,1,2,3,3,1,2,"28","33,36",7,2,3,0,2,0,1,2,1,1,12,9,6,5,6,4,21,13,56,44,1.52,1.42,2.03,1.37,2.38,49,70,39,17,13,18,52,48,83,8.65,4.44,1.75,3.54,5.70,1.39,2.14,4.00,9.00,1.83,1.93,Stadio Comunale Silvio Piola
1517666400,Feb 03 2018 - 2:00pm,complete,N/A,Foggia,Avellino,Antonio Di Martino,24,0.73,0.82,1.43,0.81,2,1,3,2,1,1,"35,68","10",8,0,3,0,1,1,3,0,1,1,8,6,4,4,4,2,15,15,58,42,1.82,1.40,1.37,1.14,3.00,82,91,64,36,9,50,96,36,82,9.64,4.73,2.08,3.45,3.86,1.33,2.08,3.65,7.20,1.70,2.10,Stadio Comunale Pino Zaccheria
1517666400,Feb 03 2018 - 2:00pm,complete,3786,Venezia,Bari 1908,Daniele Chiffi,24,1.55,0.91,2.00,1.09,3,1,4,3,3,0,"22,31,36","61",11,8,2,1,3,0,1,2,1,2,8,8,5,4,3,4,12,16,44,56,1.38,1.48,1.21,1.55,2.32,59,64,41,32,9,41,59,27,73,10.55,5.09,2.34,3.13,3.53,1.45,2.40,4.60,10.00,1.80,1.95,Stadio Pierluigi Penzo
1517666400,Feb 03 2018 - 2:00pm,complete,6373,Salernitana,Carpi,Lorenzo Illuzzi,24,1.45,1.00,1.43,0.90,1,2,3,2,1,1,"45","42,73",5,6,1,0,1,0,1,0,1,0,11,8,7,4,4,4,13,17,51,49,1.51,1.05,2.03,1.36,2.18,46,64,32,23,14,27,73,27,55,8.55,4.45,2.16,3.10,4.07,1.48,2.50,5.00,4.80,1.87,1.90,Stadio Arechi
1517666400,Feb 03 2018 - 2:00pm,complete,7137,Perugia,Cittadella,Valerio Marini,24,1.73,1.82,1.76,1.77,1,3,4,2,1,1,"43","20,56,83",3,4,3,2,4,0,0,5,3,1,13,10,8,6,5,4,13,19,40,60,1.68,1.38,1.88,1.65,3.10,55,78,64,32,23,36,82,50,78,9.73,4.36,2.39,3.20,3.34,1.38,2.12,3.85,8.60,1.67,2.15,Stadio Renato Curi
1517666400,Feb 03 2018 - 2:00pm,complete,7053,Brescia,Parma,Gianluca Aureliano,24,1.17,1.36,1.29,1.43,2,1,3,1,1,0,"38,64","58",9,5,3,0,3,0,0,3,1,2,7,7,4,3,3,4,16,16,52,48,1.68,1.39,1.21,1.22,2.09,52,66,44,9,4,18,58,39,70,11.30,4.31,3.14,3.05,2.61,1.40,2.22,4.20,9.40,1.70,2.10,Stadio Mario Rigamonti
1517666400,Feb 03 2018 - 2:00pm,complete,10946,Frosinone,Pescara,Riccardo Ros,24,2.27,1.09,2.04,0.95,3,0,3,0,0,0,"50,64,90'3","",4,3,1,0,3,0,0,1,1,2,10,8,7,6,3,2,15,18,50,50,1.74,1.34,1.67,1.39,3.09,55,69,55,45,27,41,73,36,69,12.73,4.91,1.75,3.81,5.06,1.15,1.46,2.12,3.70,1.44,2.75,Stadio Benito Stirpe
1517666400,Feb 03 2018 - 2:00pm,complete,6401,Cremonese,Pro Vercelli,Luigi Pillitteri,24,1.82,0.73,1.29,0.67,2,3,5,2,1,1,"16,90'3","37,52,66",8,6,2,0,2,0,1,1,1,1,10,8,6,5,4,3,13,23,57,43,1.61,1.42,1.74,1.32,2.73,50,64,46,32,18,41,64,27,78,11.27,4.46,1.84,3.40,5.18,1.38,2.20,4.00,8.40,1.78,2.00,Stadio Giovanni Zini
1517761800,Feb 04 2018 - 4:30pm,complete,11653,Cesena,Ternana,Riccardo Pinzani,24,1.64,0.45,1.71,0.57,4,3,7,5,3,2,"18,22,35,75","14,45,70",3,4,2,0,0,0,1,1,0,0,20,10,10,7,10,3,12,15,48,52,1.54,1.44,2.64,1.69,3.46,73,82,59,45,32,46,82,55,78,9.45,4.36,2.10,3.31,3.97,1.27,1.87,3.20,6.00,1.80,2.05,Orogel Stadium-Dino Manuzzi
1517859000,Feb 05 2018 - 7:30pm,complete,3068,Virtus Entella,Spezia,Livio Marinelli,24,1.33,0.58,1.18,0.76,0,1,1,0,0,0,"","56",0,2,3,0,1,0,2,1,1,0,9,10,3,5,6,5,18,12,53,47,1.66,1.31,1.28,1.35,2.54,55,75,46,30,13,25,63,46,79,12.50,3.75,2.73,2.93,3.10,1.51,2.55,5.10,13.00,2.20,1.67,Stadio Comunale Chiavari
1518271200,Feb 10 2018 - 2:00pm,complete,3213,Pro Vercelli,Brescia,Niccolò Baroni,25,1.08,0.82,1.24,1.00,0,0,0,0,0,0,"","",2,2,4,1,2,0,1,4,1,1,10,5,0,2,10,3,22,24,49,51,1.55,1.51,1.35,1.30,2.59,52,87,39,17,13,26,87,39,83,9.74,5.14,2.28,3.15,3.64,1.32,2.00,3.55,8.50,1.87,1.95,Stadio Silvio Piola
1518271200,Feb 10 2018 - 2:00pm,complete,3165,Avellino,Cesena,Davide Ghersini,25,1.67,0.50,1.48,0.67,1,1,2,0,0,0,"90","90'6",10,2,2,0,1,0,1,1,1,0,17,4,8,3,9,1,12,21,55,45,1.79,1.31,2.10,0.71,3.09,59,71,59,38,25,25,67,50,83,11.50,5.42,2.20,3.17,3.84,1.31,1.95,3.45,6.50,1.80,2.00,Stadio Partenio-Adriano Lombardi
1518271200,Feb 10 2018 - 2:00pm,complete,2470,Carpi,Cremonese,Fabio Piscopo,25,1.75,1.33,1.57,1.00,1,1,2,1,0,1,"71","32",6,8,5,0,3,0,1,4,1,2,8,13,5,6,3,7,15,11,42,58,1.30,1.38,1.43,1.94,2.21,63,63,38,21,13,30,63,34,59,7.25,4.66,2.53,2.91,3.43,1.51,2.60,5.20,13.00,2.25,1.67,Stadio Sandro Cabassi
1518271200,Feb 10 2018 - 2:00pm,complete,4448,Ascoli,Empoli,Ivano Pezzuto,25,1.00,1.33,1.23,1.76,1,2,3,1,0,1,"76","15,66",4,1,2,0,4,0,1,1,1,3,7,4,2,3,5,1,16,15,45,55,1.30,1.62,1.00,0.70,2.84,69,78,52,30,21,34,69,47,78,7.08,4.80,5.18,3.43,1.83,1.30,1.95,3.30,6.50,1.67,2.15,Stadio Cino e Lillo Del Duca
1518271200,Feb 10 2018 - 2:00pm,complete,12657,Bari 1908,Frosinone,Aleandro Di Paolo,25,2.08,1.50,2.10,1.30,1,0,1,0,0,0,"63","",4,12,4,0,2,0,1,3,1,1,8,7,4,3,4,4,15,14,47,53,1.77,1.64,1.25,1.35,2.63,46,75,50,17,13,25,55,54,88,10.92,3.67,3.04,3.08,2.65,1.30,1.95,3.40,7.50,1.83,2.00,Stadio Comunale San Nicola
1518271200,Feb 10 2018 - 2:00pm,complete,7164,Pescara,Salernitana,Daniele Martinelli,25,1.58,1.17,1.33,1.00,1,0,1,0,0,0,"80","",3,3,2,0,1,0,0,2,1,0,5,5,3,3,2,2,16,9,64,36,1.87,1.37,0.91,0.88,3.33,63,83,67,46,25,38,84,54,83,10.09,4.83,2.22,3.38,3.52,1.18,1.60,2.45,4.25,1.40,2.88,Stadio Adriatico-Giovanni Cornacchia
1518271200,Feb 10 2018 - 2:00pm,complete,3192,Ternana,Virtus Entella,Luigi Nasca,25,1.42,0.73,1.19,0.91,0,1,1,0,0,0,"","86",9,1,3,1,2,0,3,1,0,2,17,6,4,5,13,1,11,16,60,40,1.59,1.16,2.03,1.23,2.78,74,83,35,30,17,26,79,48,70,8.76,4.39,2.40,3.14,3.39,1.29,1.95,3.35,7.50,1.83,2.00,Stadio Libero Liberati
1518271200,Feb 10 2018 - 2:00pm,complete,5464,Spezia,Venezia,Antonello Balice,25,2.18,1.25,1.76,1.14,1,1,2,1,0,1,"67","2",7,4,3,0,1,0,0,3,1,0,8,8,3,3,5,5,22,16,55,45,1.26,1.38,1.31,1.21,2.20,43,52,39,26,17,13,57,43,60,9.39,3.33,2.27,2.98,3.94,1.54,2.70,5.40,13.00,2.35,1.61,Stadio Alberto Picco
1518357600,Feb 11 2018 - 2:00pm,complete,10972,Parma,Perugia,Marco Serra,25,1.75,0.92,2.00,1.05,1,1,2,0,0,0,"84","60",2,5,4,0,3,0,2,2,2,1,13,5,5,2,8,3,17,27,53,47,1.55,1.69,1.61,0.74,2.59,50,71,46,25,13,25,63,42,79,9.16,4.58,1.80,3.43,5.46,1.36,2.10,3.85,9.00,2.05,1.77,Stadio Ennio Tardini
1518366600,Feb 11 2018 - 4:30pm,complete,3277,Cittadella,Novara,Marco Piccinini,25,1.25,1.25,1.30,1.10,1,3,4,2,1,1,"43","11,55,90'5",5,4,2,0,5,0,1,1,1,4,13,11,3,7,10,4,16,13,56,44,1.99,1.24,1.63,1.71,2.63,63,75,59,25,4,38,84,42,79,10.50,5.50,1.78,3.53,5.46,1.33,2.05,3.70,8.00,2.05,1.80,Stadio Pier Cesare Tombolato
1518463800,Feb 12 2018 - 7:30pm,complete,13031,Palermo,Foggia,Eugenio Abbattista,25,2.00,1.42,2.00,1.33,1,2,3,0,0,0,"65","78,84",7,6,0,1,2,0,0,1,1,1,10,11,5,6,5,5,13,15,55,45,1.81,1.62,1.42,1.47,3.00,46,79,54,33,21,17,67,58,88,10.33,4.50,1.74,3.68,5.48,1.23,1.74,2.90,5.90,1.80,2.00,Stadio Renzo Barbera
1518809400,Feb 16 2018 - 7:30pm,complete,8423,Cremonese,Bari 1908,Gianluca Aureliano,26,1.67,0.83,1.29,1.09,0,1,1,0,0,0,"","64",12,1,0,0,1,0,0,0,0,1,10,6,4,4,6,2,10,15,52,48,1.62,1.49,1.55,0.97,3.00,71,75,59,46,21,54,71,29,88,12.08,4.33,2.38,3.20,3.37,1.38,2.20,4.10,9.50,2.00,1.80,Stadio Giovanni Zini
1518876000,Feb 17 2018 - 2:00pm,complete,3883,Venezia,Avellino,Francesco Fourneau,26,1.67,0.75,2.00,0.81,3,1,4,1,1,0,"34,79,90'3","73",12,2,1,0,1,0,0,1,0,1,14,7,9,2,5,5,11,14,53,47,1.37,1.37,2.31,0.97,2.34,63,71,42,25,4,46,71,25,75,9.42,5.59,1.87,3.39,4.99,1.36,2.10,3.85,8.00,2.05,1.77,Stadio Pierluigi Penzo
1518876000,Feb 17 2018 - 2:00pm,complete,10318,Foggia,Carpi,Riccardo Pinzani,26,0.92,1.17,1.43,0.90,3,0,3,2,2,0,"20,42,57","",4,6,1,0,2,0,1,0,1,1,8,6,6,3,2,3,8,13,63,37,1.78,1.08,1.33,0.99,2.25,54,67,42,21,8,38,88,21,54,10.17,4.09,2.06,3.41,3.97,1.32,2.00,3.55,7.60,1.91,1.91,Stadio Comunale Pino Zaccheria
1518876000,Feb 17 2018 - 2:00pm,complete,10783,Cesena,Cittadella,Riccardo Ros,26,1.75,1.92,1.71,1.77,0,1,1,1,0,1,"","29",5,3,4,0,3,0,2,2,2,1,9,9,4,4,5,5,7,17,45,55,1.64,1.40,1.35,1.22,3.09,67,75,59,38,21,38,75,50,67,9.42,4.50,2.59,3.29,2.94,1.28,1.91,3.25,7.00,1.77,2.05,Orogel Stadium-Dino Manuzzi
1518876000,Feb 17 2018 - 2:00pm,complete,8380,Perugia,Palermo,Daniele Chiffi,26,1.58,1.58,1.76,1.39,1,0,1,0,0,0,"90'1","",4,10,2,0,1,0,0,2,0,1,6,10,3,3,3,7,17,17,49,51,1.70,1.53,0.89,1.30,2.88,50,75,59,42,17,42,71,50,75,9.44,3.59,2.63,3.18,2.98,1.36,2.10,3.90,8.50,1.95,1.87,Stadio Renato Curi
1518876000,Feb 17 2018 - 2:00pm,complete,4491,Empoli,Parma,Juan Luca Sacchi,26,2.25,1.25,2.29,1.43,4,0,4,2,2,0,"13,41,50,90'5","",5,2,1,0,1,0,0,1,0,1,11,8,6,3,5,5,14,12,58,42,1.75,1.37,1.67,1.20,2.83,59,75,59,25,13,30,75,54,75,11.33,3.41,1.84,3.44,5.09,1.34,2.05,3.70,8.00,2.00,1.83,Stadio Carlo Castellani
1518876000,Feb 17 2018 - 2:00pm,complete,1692,Virtus Entella,Pescara,Antonio Rapuano,26,1.23,1.00,1.18,0.95,0,0,0,0,0,0,"","",8,6,2,0,4,0,1,1,2,2,10,5,6,0,4,5,21,22,50,50,1.63,1.34,1.52,0.85,2.80,52,68,56,40,16,28,68,48,80,12.05,4.13,2.50,3.47,2.93,1.20,1.67,2.70,4.50,1.61,2.30,Stadio Comunale Chiavari
1518876000,Feb 17 2018 - 2:00pm,complete,6752,Salernitana,Pro Vercelli,Antonio Giua,26,1.33,0.92,1.43,0.67,0,0,0,0,0,0,"","",6,8,0,0,2,0,0,0,1,1,13,11,5,6,8,5,19,18,64,36,1.56,1.41,1.88,1.59,3.04,63,80,58,38,21,42,71,42,79,9.33,4.66,1.84,3.47,5.02,1.34,2.05,3.70,7.50,1.95,1.83,Stadio Arechi
1518876000,Feb 17 2018 - 2:00pm,complete,3588,Novara,Spezia,Antonio Di Martino,26,1.00,0.77,1.00,0.76,1,1,2,2,1,1,"24","38",6,4,2,0,5,0,1,1,2,3,9,7,5,3,4,4,13,23,49,51,1.56,1.31,1.46,1.07,2.13,53,65,33,12,8,17,44,40,76,10.31,4.64,2.44,3.03,3.44,1.57,2.75,5.55,12.00,2.35,1.61,Stadio Comunale Silvio Piola
1518962400,Feb 18 2018 - 2:00pm,complete,10670,Frosinone,Ascoli,Lorenzo Illuzzi,26,2.33,0.92,2.04,0.95,2,0,2,2,2,0,"7,23","",2,5,2,0,1,0,0,2,1,0,10,13,5,7,5,6,12,12,52,48,1.74,1.42,1.23,1.73,3.02,48,80,57,33,24,41,69,40,72,10.27,4.32,1.42,4.73,8.70,1.20,1.67,2.70,5.00,1.95,1.83,Stadio Benito Stirpe
1518971400,Feb 18 2018 - 4:30pm,complete,6500,Brescia,Ternana,Daniele Minelli,26,1.31,0.42,1.29,0.57,3,1,4,1,1,0,"19,64,81","66",2,8,4,0,4,0,1,3,2,2,8,16,6,8,2,8,18,19,51,49,1.64,1.46,1.24,2.14,3.16,73,81,61,33,25,41,73,56,85,11.25,4.70,1.90,3.48,4.61,1.27,1.87,3.20,6.50,1.83,2.00,Stadio Mario Rigamonti
1519408800,Feb 23 2018 - 6:00pm,complete,5265,Spezia,Salernitana,Luigi Pillitteri,27,2.08,1.08,1.76,1.00,3,0,3,1,1,0,"21,58,85","",3,3,0,0,2,0,0,0,1,1,10,10,4,4,6,6,13,15,48,52,1.27,1.33,1.28,1.23,2.38,44,60,40,28,16,20,68,44,68,10.06,4.62,2.06,3.18,4.34,1.48,2.45,4.80,7.50,2.25,1.65,Stadio Alberto Picco
1519416000,Feb 23 2018 - 8:00pm,complete,10216,Parma,Venezia,Aleandro Di Paolo,27,1.69,1.23,2.00,1.14,1,1,2,0,0,0,"75","66",6,4,1,0,4,0,1,0,2,2,19,13,7,4,12,9,24,11,55,45,1.55,1.37,2.60,1.70,2.35,47,66,46,27,12,15,54,46,77,8.39,4.00,2.11,3.29,3.96,1.42,2.25,4.30,10.00,2.00,1.80,Stadio Ennio Tardini
1519480800,Feb 24 2018 - 2:00pm,complete,3556,Ternana,Bari 1908,Livio Marinelli,27,1.31,1.00,1.19,1.09,1,2,3,2,1,1,"11","3,63",8,2,1,0,0,0,0,1,0,0,8,11,4,5,4,6,19,10,40,60,1.63,1.44,1.26,1.69,2.93,77,77,50,43,19,43,69,39,81,10.62,4.30,3.35,3.30,2.33,1.45,2.28,4.40,8.50,1.29,3.60,Stadio Libero Liberati
1519480800,Feb 24 2018 - 2:00pm,complete,10378,Foggia,Brescia,Fabio Piscopo,27,1.08,0.83,1.43,1.00,1,2,3,1,1,0,"37","68,75",6,5,3,0,3,0,1,2,1,2,12,11,3,5,9,6,18,15,48,52,1.74,1.49,1.65,1.69,2.46,55,84,47,16,4,36,88,32,72,10.66,4.43,1.81,3.70,4.86,1.23,1.74,2.85,5.50,1.74,2.10,Stadio Comunale Pino Zaccheria
1519480800,Feb 24 2018 - 2:00pm,complete,3903,Ascoli,Cesena,Federico La Penna,27,0.92,0.54,1.23,0.67,2,1,3,2,1,1,"25,51","41",9,3,2,0,2,1,1,1,1,2,24,10,9,7,15,3,9,13,64,36,1.28,1.26,2.59,1.39,2.78,52,68,52,28,16,23,64,44,80,9.00,5.35,2.51,3.26,3.07,1.32,2.00,3.50,8.00,1.83,2.00,Stadio Cino e Lillo Del Duca
1519480800,Feb 24 2018 - 2:00pm,complete,6277,Pescara,Cremonese,Niccolò Baroni,27,1.69,1.31,1.33,1.00,0,0,0,0,0,0,"","",7,5,3,0,1,0,1,2,1,0,11,10,5,2,6,8,19,20,52,48,1.78,1.43,1.58,1.25,2.65,62,70,46,31,19,27,70,35,77,10.00,4.70,2.38,3.36,3.20,1.24,1.77,2.95,5.25,1.69,2.15,Stadio Adriatico-Giovanni Cornacchia
1519480800,Feb 24 2018 - 2:00pm,complete,3510,Cittadella,Empoli,Eugenio Abbattista,27,1.15,1.46,1.30,1.76,1,1,2,1,1,0,"37","90'4",7,6,0,0,2,0,0,0,0,2,7,15,5,4,2,11,17,10,35,65,1.96,1.54,1.25,1.92,3.19,81,89,69,35,20,50,89,50,85,9.69,4.84,3.06,3.27,2.52,1.26,1.83,3.15,6.50,1.74,2.10,Stadio Pier Cesare Tombolato
1519480800,Feb 24 2018 - 2:00pm,complete,2964,Avellino,Novara,Ivano Pezzuto,27,1.62,1.38,1.48,1.10,2,1,3,1,1,0,"35,75","49",4,5,1,0,2,0,0,1,0,2,7,13,3,3,4,10,23,17,42,58,1.82,1.27,0.97,1.54,2.62,66,73,50,31,12,23,66,58,81,10.16,5.53,2.47,3.24,3.16,1.36,2.10,3.90,8.00,1.95,1.87,Stadio Partenio-Adriano Lombardi
1519480800,Feb 24 2018 - 2:00pm,complete,2895,Pro Vercelli,Palermo,Valerio Marini,27,1.08,1.46,1.24,1.39,0,0,0,0,0,0,"","",3,3,1,0,2,0,1,0,0,2,9,8,4,2,5,6,11,15,47,53,1.53,1.51,1.22,1.14,2.47,54,74,46,31,12,35,70,35,74,10.44,3.92,3.22,3.17,2.48,1.39,2.20,4.15,9.50,2.00,1.80,Stadio Silvio Piola
1519480800,Feb 24 2018 - 2:00pm,complete,10689,Frosinone,Perugia,Davide Ghersini,27,2.38,0.92,2.04,1.05,1,3,4,2,1,1,"9","14,74,90'4",4,3,2,2,4,0,2,2,1,3,14,12,10,8,4,4,13,23,58,42,1.69,1.60,2.25,1.79,3.12,66,85,50,31,27,47,70,39,74,10.61,4.30,1.85,3.54,4.80,1.32,2.00,3.55,7.50,1.95,1.83,Stadio Benito Stirpe
1519480800,Feb 24 2018 - 2:00pm,complete,1460,Carpi,Virtus Entella,Antonello Balice,27,1.69,0.92,1.57,0.91,0,0,0,0,0,0,"","",4,10,2,0,3,0,0,2,3,0,8,13,5,4,3,9,17,15,45,55,1.31,1.16,1.32,1.82,2.48,64,72,40,24,8,28,76,40,65,6.25,4.89,2.06,3.21,4.28,1.48,2.45,4.80,9.50,2.20,1.67,Stadio Sandro Cabassi
1519673400,Feb 26 2018 - 7:30pm,complete,5826,Salernitana,Parma,Riccardo Pinzani,28,1.31,1.15,1.43,1.43,0,1,1,1,0,1,"","33",7,5,2,0,2,0,1,1,2,0,18,9,5,3,13,6,12,16,56,44,1.59,1.36,1.82,1.00,2.50,58,77,54,20,8,31,73,38,73,10.15,3.69,2.78,3.09,2.88,1.42,2.25,4.35,11.50,1.95,1.87,Stadio Arechi
1519759800,Feb 27 2018 - 7:30pm,complete,6466,Palermo,Ascoli,Daniele Martinelli,28,1.85,0.86,2.00,0.95,4,1,5,1,0,1,"46,48,55,83","42",6,3,2,0,3,0,0,2,1,2,14,12,10,4,4,8,12,15,55,45,1.78,1.44,1.92,1.36,2.44,34,78,41,15,11,22,67,41,78,9.17,4.45,1.53,3.99,8.01,1.36,2.10,3.85,10.00,2.35,1.61,Stadio Renzo Barbera
1519759800,Feb 27 2018 - 7:30pm,complete,3963,Empoli,Avellino,Lorenzo Illuzzi,28,2.31,0.69,2.29,0.81,1,1,2,1,1,0,"39","90'5",6,4,0,0,2,1,0,0,1,2,18,4,5,2,13,2,16,11,58,42,1.75,1.32,2.23,0.80,3.35,74,89,69,46,16,50,85,58,89,8.92,4.31,1.56,4.17,6.72,1.19,1.61,2.50,5.10,1.91,1.91,Stadio Carlo Castellani
1519759800,Feb 27 2018 - 7:30pm,complete,1262,Virtus Entella,Cittadella,Daniele Minelli,28,1.21,2.00,1.18,1.77,0,1,1,1,0,1,"","42",1,3,3,0,3,0,0,3,1,2,11,9,4,5,7,4,21,21,52,48,1.63,1.39,1.37,1.22,2.63,60,70,60,30,11,37,78,41,71,11.73,3.96,3.05,3.14,2.60,1.33,2.05,3.65,6.90,1.87,1.91,Stadio Comunale Chiavari
1519759800,Feb 27 2018 - 7:30pm,complete,5252,Novara,Foggia,Riccardo Ros,28,1.00,1.54,1.00,1.33,0,1,1,1,0,1,"","12",6,2,2,1,2,1,1,2,2,1,21,5,5,3,16,2,14,18,60,40,1.55,1.61,2.41,0.88,2.96,69,77,58,31,20,23,54,62,81,10.23,4.39,2.35,3.29,3.31,1.29,1.91,3.30,7.20,1.77,2.05,Stadio Comunale Silvio Piola
1519759800,Feb 27 2018 - 7:30pm,complete,5850,Cremonese,Frosinone,Marco Piccinini,28,1.54,1.38,1.29,1.30,2,2,4,2,2,0,"20,32","66,74",2,8,3,0,3,0,1,2,2,1,10,12,5,6,5,6,24,16,52,48,1.62,1.62,1.33,1.78,2.62,62,70,38,23,19,35,62,39,85,13.15,3.46,2.77,3.13,2.86,1.33,2.00,3.65,9.20,1.87,1.95,Stadio Giovanni Zini
1519759800,Feb 27 2018 - 7:30pm,complete,2709,Venezia,Ternana,Gianluca Aureliano,28,1.77,0.38,2.00,0.57,2,0,2,1,1,0,"34,80","",3,6,2,0,4,1,0,2,3,2,15,16,8,5,7,11,17,21,63,37,1.44,1.51,1.79,1.59,2.97,66,73,50,39,19,47,77,43,77,12.08,4.77,1.67,3.83,5.84,1.34,2.05,3.75,8.40,2.00,1.83,Stadio Pierluigi Penzo
1520085600,Mar 03 2018 - 2:00pm,complete,4937,Spezia,Cesena,Ivano Pezzuto,29,2.15,0.50,1.76,0.67,1,2,3,2,1,1,"40","21,71",6,2,1,0,3,0,0,1,0,3,12,10,4,5,8,5,8,15,62,38,1.27,1.27,1.80,1.35,2.61,41,59,48,26,15,26,70,41,70,10.40,4.71,1.88,3.22,5.34,1.47,2.40,4.65,13.50,2.05,1.69,Stadio Alberto Picco
1520085600,Mar 03 2018 - 2:00pm,complete,2455,Ternana,Cremonese,Antonio Di Martino,29,1.21,1.29,1.19,1.00,2,1,3,2,2,0,"6,42","68",2,10,1,0,2,0,0,1,0,2,10,13,6,5,4,8,22,17,53,47,1.60,1.41,1.55,1.83,2.29,68,68,29,22,18,25,61,32,68,10.57,4.36,2.95,3.17,2.66,1.32,2.00,3.50,10.00,1.83,1.95,Stadio Libero Liberati
1520085600,Mar 03 2018 - 2:00pm,complete,9303,Frosinone,Novara,Niccolò Baroni,29,2.21,1.29,2.04,1.10,1,0,1,1,1,0,"24","",9,2,1,0,2,0,0,1,1,1,19,4,10,0,9,4,11,23,56,44,1.74,1.29,2.53,0.63,2.97,57,79,61,36,15,50,79,47,72,9.78,5.50,1.78,3.64,5.14,1.29,1.91,3.30,9.20,1.95,1.87,Stadio Benito Stirpe
1520085600,Mar 03 2018 - 2:00pm,complete,3239,Cittadella,Pescara,Antonio Giua,29,1.14,1.00,1.30,0.95,2,0,2,1,1,0,"20,64","",1,8,2,0,4,0,1,1,2,2,10,14,3,4,7,10,16,16,50,50,1.90,1.30,1.42,1.74,2.70,59,70,55,34,11,29,74,41,78,12.48,5.06,1.96,3.48,4.29,1.19,1.62,2.60,4.60,1.62,2.25,Stadio Pier Cesare Tombolato
1520085600,Mar 03 2018 - 2:00pm,complete,4206,Ascoli,Salernitana,Luigi Nasca,29,1.08,1.00,1.23,1.00,1,3,4,1,0,1,"90'4","29,65,70",6,6,2,0,3,0,0,2,2,1,12,16,4,8,8,8,16,14,48,52,1.38,1.32,1.43,1.94,2.62,56,74,52,26,15,22,67,48,82,8.59,5.03,2.68,3.11,2.98,1.35,2.10,3.85,7.80,1.91,1.87,Stadio Cino e Lillo Del Duca
1520355600,Mar 06 2018 - 5:00pm,complete,4500,Perugia,Brescia,Juan Luca Sacchi,28,1.69,1.00,1.76,1.00,2,0,2,1,1,0,"14,52","",6,4,0,0,1,0,0,0,1,0,12,15,6,6,6,9,11,11,51,49,1.63,1.51,1.73,2.20,2.69,42,77,47,23,16,27,77,50,81,8.70,5.00,1.76,3.60,5.47,1.31,1.95,3.45,8.00,1.95,1.87,Stadio Renato Curi
1520357400,Mar 06 2018 - 5:30pm,complete,10187,Cesena,Pro Vercelli,Daniele Chiffi,28,1.62,0.92,1.71,0.67,2,2,4,2,2,0,"18,22","67,72",7,4,1,0,0,0,1,0,0,0,13,8,9,3,4,5,14,14,53,47,1.62,1.43,1.90,1.15,3.04,54,66,50,42,27,35,66,46,66,8.85,4.77,2.36,3.11,3.50,1.43,2.35,4.40,12.00,2.10,1.74,Orogel Stadium-Dino Manuzzi
1520690400,Mar 10 2018 - 2:00pm,complete,3291,Venezia,Ascoli,Marco Piccinini,30,1.86,0.80,2.00,0.95,1,0,1,0,0,0,"47","",6,5,1,0,5,1,0,1,1,5,9,11,2,2,7,9,16,15,53,47,1.47,1.43,1.33,1.22,2.30,42,69,34,24,10,28,62,34,69,10.09,4.63,1.76,3.67,5.29,1.32,2.00,3.50,7.50,2.05,1.77,Stadio Pierluigi Penzo
1520690400,Mar 10 2018 - 2:00pm,complete,10954,Cesena,Carpi,Aleandro Di Paolo,30,1.57,1.08,1.71,0.90,0,0,0,0,0,0,"","",4,2,3,0,0,0,1,2,0,0,10,9,3,3,7,6,13,10,53,47,1.64,1.07,1.56,1.34,2.46,44,59,37,29,19,34,74,33,51,8.37,4.29,2.44,3.14,3.32,1.45,2.40,4.55,11.00,2.10,1.71,Orogel Stadium-Dino Manuzzi
1520690400,Mar 10 2018 - 2:00pm,complete,5792,Cremonese,Cittadella,Juan Luca Sacchi,30,1.50,2.07,1.29,1.77,1,1,2,1,1,0,"35","52",3,6,2,0,1,0,0,2,1,0,16,10,5,6,11,4,14,20,53,47,1.60,1.38,1.82,1.54,2.61,57,64,50,29,14,43,75,33,72,12.07,4.29,2.36,3.23,3.38,1.34,2.05,3.70,8.00,1.91,1.91,Stadio Giovanni Zini
1520690400,Mar 10 2018 - 2:00pm,complete,9490,Perugia,Foggia,Luigi Pillitteri,30,1.79,1.64,1.76,1.33,2,0,2,0,0,0,"59,73","",0,9,2,0,4,0,1,1,2,2,10,21,5,8,5,13,14,14,46,54,1.64,1.55,1.53,2.65,3.40,54,79,64,47,29,25,68,68,90,9.14,4.35,1.88,3.61,4.54,1.24,1.77,2.90,6.00,1.74,2.10,Stadio Renato Curi
1520690400,Mar 10 2018 - 2:00pm,complete,7072,Pescara,Parma,Lorenzo Illuzzi,30,1.64,1.29,1.33,1.43,1,4,5,1,0,1,"79","10,69,72,83",3,3,2,0,3,0,1,1,0,3,6,10,2,6,4,4,14,12,47,53,1.77,1.34,0.95,1.44,2.64,50,68,57,25,11,29,79,40,72,10.78,3.93,2.56,3.24,3.02,1.34,2.05,3.70,8.00,1.91,1.91,Stadio Adriatico-Giovanni Cornacchia
1520690400,Mar 10 2018 - 2:00pm,complete,12954,Bari 1908,Pro Vercelli,Antonello Balice,30,2.15,0.93,2.10,0.67,2,2,4,1,0,1,"66,83","40,90'2",5,9,1,0,2,0,0,1,0,2,13,10,6,3,7,7,16,12,55,45,1.72,1.41,1.79,1.14,2.66,33,63,56,29,15,33,51,45,82,10.25,4.44,1.81,3.57,5.08,1.37,2.15,3.95,10.00,2.15,1.69,Stadio Comunale San Nicola
1520690400,Mar 10 2018 - 2:00pm,complete,4932,Spezia,Ternana,Daniele Martinelli,30,2.00,0.36,1.76,0.57,1,1,2,2,1,1,"43","28",14,2,3,0,1,0,0,3,0,1,13,10,5,4,8,6,18,12,55,45,1.31,1.52,1.86,1.32,2.97,58,72,54,32,22,36,86,47,75,11.07,4.29,1.88,3.37,4.99,1.45,2.40,4.55,11.00,2.30,1.62,Stadio Alberto Picco
1520701200,Mar 10 2018 - 5:00pm,complete,15121,Palermo,Frosinone,Riccardo Pinzani,30,1.93,1.36,2.00,1.30,1,0,1,0,0,0,"47","",8,6,2,0,3,0,1,1,2,1,17,13,6,5,11,8,20,22,53,47,1.79,1.63,2.19,1.82,2.61,54,79,43,18,14,22,68,50,86,11.36,4.22,2.45,3.15,3.28,1.56,2.70,5.50,12.00,2.25,1.67,Stadio Renzo Barbera
1520776800,Mar 11 2018 - 2:00pm,complete,15967,Salernitana,Avellino,Gianluca Aureliano,30,1.21,0.71,1.43,0.81,2,0,2,2,2,0,"9,18","",3,5,1,0,3,2,0,1,0,5,8,8,5,3,3,5,24,22,52,48,1.61,1.27,1.38,1.49,2.82,75,86,57,33,11,43,82,36,82,8.28,4.72,2.16,3.31,3.78,1.34,2.05,3.75,8.50,1.95,1.87,Stadio Arechi
1520785800,Mar 11 2018 - 4:30pm,complete,4090,Empoli,Virtus Entella,Fabio Piscopo,30,2.21,0.92,2.29,0.91,2,1,3,1,1,0,"38,72","83",8,6,3,0,4,0,2,1,1,3,14,5,5,4,9,1,19,22,57,43,1.78,1.22,2.07,1.37,2.91,59,78,48,37,15,29,74,55,78,9.33,4.05,1.48,4.49,7.70,1.22,1.71,2.75,5.00,2.10,1.74,Stadio Carlo Castellani
1520883000,Mar 12 2018 - 7:30pm,complete,N/A,Novara,Brescia,Daniele Chiffi,30,0.93,0.93,1.00,1.00,2,1,3,1,0,1,"50,58","32",6,0,3,0,3,0,1,2,0,3,17,15,5,5,12,10,17,20,53,47,1.61,1.56,2.08,1.95,2.07,50,72,33,4,4,22,68,36,68,9.71,4.86,2.19,3.22,3.80,1.43,2.35,4.40,11.00,2.05,1.77,Stadio Comunale Silvio Piola
1520960400,Mar 13 2018 - 5:00pm,complete,N/A,Pescara,Carpi,Marco Serra,28,1.53,1.07,1.33,0.90,0,1,1,1,0,1,"","11",7,0,0,0,2,0,0,0,1,1,13,7,4,3,9,4,15,13,56,44,1.70,1.09,2.06,1.11,2.39,41,58,44,27,17,31,76,27,58,9.33,4.13,1.99,3.36,4.34,1.38,2.15,4.05,8.60,2.05,1.80,Stadio Adriatico-Giovanni Cornacchia
1520960400,Mar 13 2018 - 5:00pm,complete,12988,Bari 1908,Spezia,Francesco Fourneau,28,2.07,0.79,2.10,0.76,1,1,2,1,0,1,"71","10",8,5,0,0,2,0,0,0,2,0,19,8,8,3,11,5,14,14,59,41,1.73,1.29,2.55,1.16,2.25,32,64,39,18,7,18,43,43,82,10.71,4.50,2.18,3.01,4.18,1.56,2.70,5.55,16.50,2.35,1.59,Stadio Comunale San Nicola
1521228600,Mar 16 2018 - 7:30pm,complete,9483,Foggia,Cesena,Valerio Marini,31,1.00,0.67,1.43,0.67,2,1,3,1,0,1,"47,90'5","43",11,3,1,0,2,0,0,1,0,2,18,9,6,2,12,7,17,14,70,30,1.73,1.28,2.17,1.04,3.14,66,83,69,31,14,49,87,38,83,10.74,4.80,1.89,3.44,4.74,1.30,1.95,3.40,7.00,1.95,1.87,Stadio Comunale Pino Zaccheria
1521295200,Mar 17 2018 - 2:00pm,complete,3828,Cittadella,Bari 1908,Federico La Penna,31,1.27,1.14,1.30,1.09,0,0,0,0,0,0,"","",9,3,1,0,1,0,0,1,0,1,10,7,5,3,5,4,11,11,55,45,1.87,1.46,1.38,0.94,2.94,76,83,66,39,11,49,82,31,90,10.97,4.48,2.19,3.24,3.77,1.32,2.00,3.60,7.50,1.91,1.87,Stadio Pier Cesare Tombolato
1521295200,Mar 17 2018 - 2:00pm,complete,7765,Brescia,Cremonese,Antonio Rapuano,31,1.43,1.20,1.29,1.00,1,1,2,1,0,1,"79","19",7,2,1,0,3,1,1,0,1,3,18,10,5,5,13,5,18,15,58,42,1.61,1.44,2.41,1.63,2.12,62,66,39,17,10,17,52,39,73,10.64,5.18,2.41,3.12,3.40,1.36,2.10,3.90,8.00,1.95,1.87,Stadio Mario Rigamonti
1521295200,Mar 17 2018 - 2:00pm,complete,4182,Novara,Palermo,Marco Serra,31,1.07,1.43,1.00,1.39,2,2,4,1,1,0,"8,90","48,56",2,3,1,1,4,0,0,2,2,2,12,12,4,6,8,6,16,18,45,55,1.65,1.47,1.32,1.60,2.07,55,62,42,18,4,32,55,35,62,10.74,3.61,3.43,3.07,2.42,1.57,2.75,5.55,11.00,2.20,1.65,Stadio Comunale Silvio Piola
1521295200,Mar 17 2018 - 2:00pm,complete,2910,Virtus Entella,Parma,Riccardo Ros,31,1.13,1.40,1.18,1.43,2,0,2,1,1,0,"45,89","",3,8,2,0,2,0,1,1,1,1,12,11,6,4,6,7,10,19,47,53,1.61,1.34,1.65,1.50,2.43,50,67,53,23,10,27,77,40,70,11.20,3.47,3.47,3.06,2.41,1.50,2.45,4.75,11.00,1.90,1.87,Stadio Comunale Chiavari
1521295200,Mar 17 2018 - 2:00pm,complete,11599,Frosinone,Salernitana,Francesco Paolo Saia,31,2.27,1.13,2.04,1.00,0,0,0,0,0,0,"","",5,0,3,0,3,0,2,1,2,1,12,12,4,5,8,7,21,16,40,60,1.79,1.37,1.60,1.53,3.10,53,80,60,40,24,44,77,47,74,10.60,4.93,1.60,3.91,6.72,1.22,1.74,2.85,5.50,1.83,1.95,Stadio Benito Stirpe
1521295200,Mar 17 2018 - 2:00pm,complete,7555,Perugia,Spezia,Luigi Nasca,31,1.87,0.80,1.76,0.76,3,0,3,2,2,0,"36,41,88","",2,7,3,0,1,0,2,1,1,0,14,8,8,4,6,4,15,13,44,56,1.63,1.28,1.89,1.52,2.60,44,74,37,27,17,23,60,47,83,9.13,4.67,2.02,3.18,4.52,1.50,2.50,5.00,9.50,2.30,1.62,Stadio Renato Curi
1521295200,Mar 17 2018 - 2:00pm,complete,4487,Ascoli,Ternana,Eugenio Abbattista,31,1.00,0.40,1.23,0.57,2,1,3,1,1,0,"20,85","48",4,5,1,1,4,1,1,1,1,4,13,6,6,3,7,3,12,20,51,49,1.38,1.50,1.62,0.97,3.12,72,82,59,34,20,37,82,48,83,9.77,4.83,2.44,3.11,3.34,1.34,2.05,3.70,8.00,1.91,1.91,Stadio Cino e Lillo Del Duca
1521295200,Mar 17 2018 - 2:00pm,complete,4035,Empoli,Venezia,Livio Marinelli,31,2.27,1.21,2.29,1.14,3,2,5,1,1,0,"5,60,73","48,66",9,6,2,0,1,0,0,2,1,0,14,12,7,8,7,4,12,12,61,39,1.80,1.39,1.94,1.72,2.99,66,79,55,38,21,27,65,62,83,9.72,3.10,1.72,3.60,5.82,1.28,1.87,3.20,6.50,1.87,1.95,Stadio Carlo Castellani
1521390600,Mar 18 2018 - 4:30pm,complete,3154,Avellino,Pescara,Daniele Minelli,31,1.71,0.93,1.48,0.95,2,2,4,1,0,1,"59,86","13,73",13,4,1,0,3,0,0,1,1,2,17,14,8,6,9,8,18,11,58,42,1.75,1.33,2.32,1.72,2.61,58,68,47,33,18,11,57,54,79,12.22,5.15,2.12,3.25,3.99,1.27,1.83,3.15,5.75,1.74,2.10,Stadio Partenio-Adriano Lombardi
1521487800,Mar 19 2018 - 7:30pm,complete,1417,Carpi,Pro Vercelli,Francesco Fourneau,31,1.64,0.93,1.57,0.67,2,0,2,1,1,0,"33,65","",8,7,0,0,2,0,0,0,1,1,20,10,7,3,13,7,12,10,51,49,1.31,1.39,2.63,1.50,2.65,59,66,52,34,14,38,69,42,62,8.31,4.62,2.25,2.90,3.60,1.61,2.85,5.80,10.00,2.45,1.56,Stadio Sandro Cabassi
1521910800,Mar 24 2018 - 5:00pm,complete,5330,Spezia,Ascoli,Fabio Piscopo,32,1.93,0.75,1.76,0.95,1,1,2,0,0,0,"70","90'1",5,3,3,1,3,0,2,2,0,3,8,10,3,5,5,5,11,11,52,48,1.36,1.42,1.28,1.45,2.32,39,64,39,19,13,23,68,39,64,9.94,4.25,1.83,3.25,5.75,1.53,2.65,5.30,13.00,2.45,1.56,Stadio Alberto Picco
1521919800,Mar 24 2018 - 7:30pm,complete,13028,Bari 1908,Brescia,Antonio Giua,32,2.00,0.87,2.10,1.00,3,0,3,2,2,0,"8,30,54","",6,3,2,0,3,0,0,2,2,1,13,6,6,4,7,2,16,17,54,46,1.79,1.58,1.85,1.26,2.27,34,74,43,10,4,17,64,44,83,9.94,4.40,1.80,3.32,5.76,1.38,2.15,4.05,9.00,2.10,1.74,Stadio Comunale San Nicola
1521973800,Mar 25 2018 - 10:30am,complete,14820,Parma,Foggia,Niccolò Baroni,32,1.64,1.53,2.00,1.33,3,1,4,1,0,1,"73,81,89","24",7,2,3,0,1,1,1,2,2,0,24,11,11,5,13,6,21,13,48,52,1.63,1.63,3.22,1.52,2.77,48,72,55,34,14,14,52,65,83,9.91,4.77,2.10,3.24,4.06,1.31,1.95,3.45,7.00,1.91,1.91,Stadio Ennio Tardini
1521982800,Mar 25 2018 - 1:00pm,complete,3427,Pro Vercelli,Avellino,Antonio Di Martino,32,1.07,0.67,1.24,0.81,0,0,0,0,0,0,"","",5,3,1,0,1,0,0,1,0,1,16,4,6,2,10,2,15,16,62,38,1.50,1.29,2.03,0.67,2.79,69,86,52,31,14,41,86,35,83,7.90,5.71,2.47,3.01,3.41,1.39,2.20,4.20,9.00,2.00,1.80,Stadio Silvio Piola
1521982800,Mar 25 2018 - 1:00pm,complete,6523,Palermo,Carpi,Davide Ghersini,32,2.00,1.20,2.00,0.90,4,0,4,1,1,0,"18,47,67,76","",3,2,0,0,1,0,0,0,0,1,12,12,8,5,4,7,11,13,65,35,1.81,1.09,1.91,1.58,1.94,27,57,30,10,10,20,70,24,60,9.27,4.33,1.68,3.48,6.76,1.50,2.50,5.00,11.00,2.45,1.56,Stadio Renzo Barbera
1521982800,Mar 25 2018 - 1:00pm,complete,6579,Pescara,Empoli,Marco Piccinini,32,1.44,1.43,1.33,1.76,0,1,1,1,0,1,"","19",2,4,5,0,2,0,1,4,2,0,3,10,0,4,3,6,20,12,36,64,1.73,1.57,0.54,1.34,3.25,71,81,64,40,27,41,84,51,81,8.64,4.36,3.72,3.29,2.18,1.22,1.71,2.75,5.00,1.67,2.20,Stadio Adriatico-Giovanni Cornacchia
1521982800,Mar 25 2018 - 1:00pm,complete,4128,Ternana,Frosinone,Daniele Chiffi,32,1.33,1.27,1.19,1.30,0,0,0,0,0,0,"","",5,8,2,0,2,0,0,2,0,2,6,13,2,5,4,8,27,15,43,57,1.60,1.65,0.95,1.82,2.70,74,77,40,24,17,34,67,47,80,11.66,3.73,4.18,3.23,2.08,1.27,1.87,3.20,7.00,1.80,2.00,Stadio Libero Liberati
1521982800,Mar 25 2018 - 1:00pm,complete,6692,Salernitana,Novara,Aleandro Di Paolo,32,1.33,1.20,1.43,1.10,1,0,1,0,0,0,"60","",3,3,1,0,3,0,0,1,2,1,12,9,5,4,7,5,16,19,49,51,1.59,1.25,1.59,1.43,2.54,57,74,50,27,7,37,77,43,70,8.53,4.87,2.16,3.10,4.10,1.41,2.25,4.25,10.00,2.05,1.77,Stadio Arechi
1521982800,Mar 25 2018 - 1:00pm,complete,9231,Cremonese,Virtus Entella,Lorenzo Illuzzi,32,1.47,0.86,1.29,0.91,0,1,1,1,0,1,"","9",8,6,3,0,3,0,1,2,1,2,12,9,6,5,6,4,20,24,53,47,1.61,1.23,1.81,1.41,2.52,59,69,38,27,14,31,69,35,79,10.44,4.51,1.85,3.33,5.24,1.36,2.10,3.90,9.00,2.05,1.77,Stadio Giovanni Zini
1521993600,Mar 25 2018 - 4:00pm,complete,5688,Venezia,Cittadella,Ivano Pezzuto,32,1.93,2.00,2.00,1.77,2,1,3,1,1,0,"29,73","63",3,7,2,0,1,0,2,0,1,0,10,11,7,5,3,6,20,17,50,50,1.46,1.39,1.65,1.74,2.14,50,60,37,20,4,30,70,27,64,11.46,4.80,2.38,3.08,3.51,1.35,2.10,3.80,8.00,1.91,1.91,Stadio Pierluigi Penzo
1522002600,Mar 25 2018 - 6:30pm,complete,12771,Cesena,Perugia,Gianluca Aureliano,32,1.53,1.07,1.71,1.05,1,1,2,0,0,0,"58","70",4,5,1,0,3,0,0,1,0,3,16,14,7,4,9,10,15,22,45,55,1.63,1.61,2.10,1.74,3.04,70,77,45,38,24,35,66,52,73,8.56,4.49,3.08,3.10,2.61,1.38,2.20,4.05,9.00,1.95,1.91,Orogel Stadium-Dino Manuzzi
1522261800,Mar 28 2018 - 6:30pm,complete,5421,Ascoli,Bari 1908,Riccardo Ros,33,1.13,1.13,1.23,1.09,1,0,1,1,1,0,"3","",2,4,2,0,1,0,2,0,1,0,11,15,6,5,5,10,15,17,36,64,1.40,1.42,1.38,1.90,2.67,70,73,60,34,10,33,67,37,84,8.94,4.60,3.25,3.07,2.52,1.51,2.55,5.10,14.50,2.10,1.74,Stadio Cino e Lillo Del Duca
1522348200,Mar 29 2018 - 6:30pm,complete,2492,Virtus Entella,Palermo,Francesco Fourneau,33,1.25,1.40,1.18,1.39,1,2,3,1,0,1,"80","17,74",6,4,0,0,2,0,0,0,1,1,14,9,7,6,7,3,11,17,46,54,1.61,1.48,2.04,1.59,2.29,49,65,49,32,7,32,64,36,68,11.30,3.03,3.98,3.08,2.20,1.44,2.35,4.55,10.50,2.10,1.74,Stadio Comunale Chiavari
1522348200,Mar 29 2018 - 6:30pm,complete,3463,Avellino,Parma,Daniele Martinelli,33,1.67,1.31,1.48,1.43,1,2,3,3,1,2,"33","4,7",2,6,3,0,2,0,2,1,1,1,11,17,5,10,6,7,16,14,46,54,1.79,1.35,1.60,2.30,2.56,62,75,52,23,13,13,71,53,78,12.05,4.08,2.92,3.00,2.82,1.40,2.25,4.20,9.00,2.00,1.80,Stadio Partenio-Adriano Lombardi
1522348200,Mar 29 2018 - 6:30pm,complete,7500,Brescia,Pescara,Francesco Paolo Saia,33,1.40,0.93,1.29,0.95,2,1,3,2,1,1,"31,67","24",10,4,3,0,3,0,2,1,2,1,19,8,12,4,7,4,20,20,55,45,1.67,1.36,2.90,1.44,2.47,54,67,47,30,10,13,57,50,77,11.53,5.47,2.23,3.28,3.61,1.27,1.87,3.20,6.50,1.77,2.05,Stadio Mario Rigamonti
1522348200,Mar 29 2018 - 6:30pm,complete,9500,Foggia,Pro Vercelli,Francesco Guccini,33,1.13,0.88,1.43,0.67,2,1,3,3,2,1,"22,27","8",6,2,2,0,3,0,0,2,1,2,14,12,7,4,7,8,14,18,56,44,1.76,1.40,2.00,1.51,2.97,65,81,65,36,13,43,85,42,78,11.53,4.18,1.89,3.38,4.88,1.26,1.83,3.10,6.70,1.91,1.91,Stadio Comunale Pino Zaccheria
1522348200,Mar 29 2018 - 6:30pm,complete,4738,Empoli,Salernitana,Daniele Minelli,33,2.31,1.13,2.29,1.00,2,0,2,0,0,0,"78,90'6","",4,7,1,0,1,0,0,1,0,1,13,5,7,0,6,5,14,14,54,46,1.81,1.38,1.80,0.88,3.19,60,82,63,44,22,32,75,66,85,10.19,4.19,1.46,4.40,8.47,1.20,1.67,2.70,5.75,1.91,1.91,Stadio Carlo Castellani
1522348200,Mar 29 2018 - 6:30pm,complete,3087,Cittadella,Spezia,Valerio Marini,33,1.25,0.75,1.30,0.76,1,2,3,2,1,1,"44","40,62",6,7,0,0,1,0,0,0,1,0,18,7,8,4,10,3,14,19,55,45,1.84,1.30,2.46,1.23,2.35,57,75,41,19,6,29,69,31,78,11.87,4.57,1.87,3.23,5.40,1.47,2.40,4.70,11.00,2.20,1.67,Stadio Pier Cesare Tombolato
1522348200,Mar 29 2018 - 6:30pm,complete,1698,Carpi,Ternana,Luigi Pillitteri,33,1.73,0.38,1.57,0.57,2,1,3,2,1,1,"12,68","38",0,3,0,0,1,0,0,0,0,1,12,13,5,4,7,9,10,15,43,57,1.41,1.47,1.63,1.87,3.01,71,81,55,32,19,45,87,45,71,8.89,4.76,2.02,3.15,4.57,1.44,2.35,4.55,9.00,2.15,1.69,Stadio Sandro Cabassi
1522348200,Mar 29 2018 - 6:30pm,complete,11299,Frosinone,Venezia,Marco Serra,33,2.19,1.13,2.04,1.14,2,1,3,1,0,1,"53,61","25",8,5,2,0,1,1,1,1,0,2,17,6,6,0,11,6,15,15,54,46,1.78,1.41,2.15,0.78,2.84,59,74,52,36,26,35,64,42,68,10.12,3.91,1.80,3.41,5.54,1.31,1.95,3.45,8.10,2.00,1.80,Stadio Benito Stirpe
1522429200,Mar 30 2018 - 5:00pm,complete,3581,Novara,Cesena,Luigi Nasca,33,1.06,0.63,1.00,0.67,1,0,1,0,0,0,"81","",9,5,1,0,1,0,1,0,1,0,19,12,8,6,11,6,12,17,59,41,1.62,1.26,2.52,1.73,2.78,63,72,57,22,13,35,69,44,79,9.56,5.19,2.12,3.16,4.14,1.44,2.35,4.55,9.50,2.15,1.71,Stadio Comunale Silvio Piola
1522436400,Mar 30 2018 - 7:00pm,complete,8568,Perugia,Cremonese,Riccardo Pinzani,33,1.94,1.19,1.76,1.00,1,0,1,0,0,0,"69","",4,2,3,0,4,0,1,2,2,2,13,8,6,5,7,3,22,20,46,54,1.65,1.46,1.90,1.25,2.54,51,72,41,26,19,29,66,38,82,8.56,4.81,2.04,3.22,4.35,1.40,2.25,4.20,6.50,2.10,1.74,Stadio Renato Curi
1522665000,Apr 02 2018 - 10:30am,complete,12375,Foggia,Empoli,Davide Ghersini,29,1.25,1.53,1.43,1.76,0,3,3,1,0,1,"","17,54,86",8,8,1,0,1,0,1,0,0,1,19,15,9,7,10,8,13,11,48,52,1.78,1.55,2.42,1.99,3.10,81,91,68,29,17,49,94,46,78,9.58,4.21,2.88,3.43,2.55,1.25,1.80,3.05,6.00,1.71,2.10,Stadio Comunale Pino Zaccheria
1522674000,Apr 02 2018 - 1:00pm,complete,4269,Avellino,Bari 1908,Antonio Rapuano,29,1.56,1.06,1.48,1.09,1,2,3,1,1,0,"31","64,90'1",4,5,4,0,2,0,1,3,0,2,4,22,2,8,2,14,19,14,42,58,1.78,1.46,0.89,2.77,2.78,75,75,60,38,16,32,66,44,81,10.94,4.31,2.57,3.06,3.18,1.42,2.25,4.30,6.50,2.00,1.83,Stadio Partenio-Adriano Lombardi
1522683000,Apr 02 2018 - 3:30pm,complete,2206,Carpi,Venezia,Francesco Paolo Saia,29,1.81,1.06,1.57,1.14,0,0,0,0,0,0,"","",1,4,2,0,2,0,1,1,0,2,15,5,5,2,10,3,18,14,45,55,1.42,1.38,1.92,1.19,2.50,66,72,47,25,16,26,66,44,69,7.40,3.63,2.68,2.87,3.24,1.49,2.50,4.90,9.00,2.15,1.69,Stadio Sandro Cabassi
1522693800,Apr 02 2018 - 6:30pm,complete,11261,Parma,Palermo,Livio Marinelli,29,1.73,1.50,2.00,1.39,3,2,5,2,2,0,"31,39,47","52,90'4",5,4,2,0,5,0,0,2,3,2,6,14,4,6,2,8,14,13,43,57,1.75,1.49,1.11,2.00,2.20,45,65,49,29,0,22,55,46,72,10.14,3.97,2.46,3.00,3.44,1.44,2.35,4.55,12.50,2.10,1.74,Stadio Ennio Tardini
1522771200,Apr 03 2018 - 4:00pm,complete,2092,Pro Vercelli,Perugia,Eugenio Abbattista,29,1.07,1.07,1.24,1.05,0,2,2,0,0,0,"","84,90'4",5,4,4,0,1,0,2,2,1,0,10,13,2,6,8,7,15,15,53,47,1.54,1.62,1.46,1.78,2.70,67,80,40,27,20,30,67,43,80,8.93,4.86,3.11,2.99,2.67,1.36,2.10,3.90,9.60,1.95,1.87,Stadio Silvio Piola
1522771200,Apr 03 2018 - 4:00pm,complete,6000,Brescia,Virtus Entella,Valerio Marini,29,1.50,1.00,1.29,0.91,0,0,0,0,0,0,"","",4,7,1,0,2,0,0,1,1,1,17,9,6,2,11,7,23,18,51,49,1.76,1.24,2.16,1.25,2.33,61,71,42,20,7,16,65,45,74,9.93,5.36,2.10,3.28,4.01,1.38,2.20,4.10,9.20,2.05,1.80,Stadio Mario Rigamonti
1523106000,Apr 07 2018 - 1:00pm,complete,5039,Ascoli,Carpi,Daniele Chiffi,34,1.25,1.13,1.23,0.90,2,0,2,2,2,0,"3,45","",0,4,1,0,3,0,0,1,2,1,9,8,5,5,4,3,17,24,56,44,1.40,1.13,1.27,1.24,2.01,41,57,38,16,6,19,72,29,57,7.87,4.38,2.58,3.06,3.16,1.53,2.65,5.30,20.00,2.25,1.62,Stadio Cino e Lillo Del Duca
1523106000,Apr 07 2018 - 1:00pm,complete,3884,Ternana,Cittadella,Niccolò Baroni,34,1.31,1.88,1.19,1.77,5,1,6,3,2,1,"18,24,54,60,67","15",7,6,3,0,1,2,1,2,2,1,15,10,8,5,7,5,17,7,52,48,1.55,1.41,2.09,1.49,2.57,69,72,47,22,13,35,79,38,66,10.94,4.12,3.87,3.26,2.15,1.32,2.00,3.60,8.80,1.87,1.91,Stadio Libero Liberati
1523106000,Apr 07 2018 - 1:00pm,complete,6460,Spezia,Empoli,Aleandro Di Paolo,34,1.88,1.63,1.76,1.76,1,1,2,1,1,0,"16","72",2,3,0,0,1,0,0,0,0,1,9,6,2,2,7,4,9,13,48,52,1.35,1.58,1.16,1.15,2.60,60,72,47,22,16,32,79,47,69,9.56,4.31,3.53,3.24,2.28,1.38,2.20,4.10,10.50,1.95,1.87,Stadio Alberto Picco
1523106000,Apr 07 2018 - 1:00pm,complete,7788,Cremonese,Foggia,Antonio Giua,34,1.38,1.44,1.29,1.33,0,4,4,3,0,3,"","32,34,43,61",6,4,1,0,2,0,0,1,0,2,13,13,3,8,10,5,11,15,55,45,1.62,1.63,1.53,1.74,3.00,60,72,54,41,22,29,63,53,85,11.81,4.19,2.27,3.38,3.40,1.25,1.80,3.05,7.40,1.74,2.10,Stadio Giovanni Zini
1523106000,Apr 07 2018 - 1:00pm,complete,11651,Parma,Frosinone,Ivano Pezzuto,34,1.81,1.25,2.00,1.30,2,0,2,2,2,0,"20,37","",4,4,1,0,2,0,0,1,1,1,13,14,6,4,7,10,23,19,47,53,1.70,1.66,1.81,1.76,2.44,54,69,44,25,10,22,56,53,81,10.94,4.44,2.51,3.15,3.18,1.38,2.15,4.00,9.60,1.95,1.83,Stadio Ennio Tardini
1523106000,Apr 07 2018 - 1:00pm,complete,11234,Palermo,Pescara,Fabio Piscopo,34,2.06,0.88,2.00,0.95,1,1,2,2,1,1,"24","39",6,3,2,0,1,0,0,2,1,0,11,12,4,4,7,8,11,11,49,51,1.82,1.37,1.50,1.54,2.57,38,69,47,29,13,16,66,44,82,11.07,5.07,1.61,4.08,6.09,1.25,1.80,3.05,5.75,1.95,1.87,Stadio Renzo Barbera
1523106000,Apr 07 2018 - 1:00pm,complete,17135,Bari 1908,Salernitana,Antonio Di Martino,34,2.06,1.06,2.10,1.00,1,1,2,1,1,0,"21","58",6,7,2,0,3,0,1,1,1,2,13,6,5,4,8,2,18,13,53,47,1.79,1.35,1.63,1.12,2.63,36,73,55,27,12,25,58,52,88,9.93,4.41,1.67,3.65,6.34,1.34,2.05,3.70,7.50,2.05,1.77,Stadio Comunale San Nicola
1523192400,Apr 08 2018 - 1:00pm,complete,5844,Venezia,Brescia,Antonello Balice,34,2.00,0.81,2.00,1.00,1,2,3,1,0,1,"65","34,67",6,2,1,0,4,0,0,1,1,3,15,5,4,3,11,2,11,13,60,40,1.47,1.56,1.74,0.88,2.01,41,69,32,10,0,22,69,32,72,10.32,4.94,1.84,3.43,5.12,1.34,2.05,3.75,8.10,2.00,1.80,Stadio Pierluigi Penzo
1523201400,Apr 08 2018 - 3:30pm,complete,4087,Pro Vercelli,Novara,Davide Ghersini,34,1.00,1.13,1.24,1.10,0,0,0,0,0,0,"","",6,1,2,0,3,0,0,2,1,2,13,13,3,5,10,8,20,17,48,52,1.54,1.26,1.65,1.74,2.41,50,69,44,25,10,28,72,44,75,8.19,5.63,2.58,3.05,3.18,1.45,2.40,4.60,11.00,2.10,1.74,Stadio Silvio Piola
1523201400,Apr 08 2018 - 3:30pm,complete,11084,Cesena,Virtus Entella,Juan Luca Sacchi,34,1.50,1.00,1.71,0.91,3,0,3,2,2,0,"3,18,50","",7,4,3,0,1,0,0,3,1,0,15,9,8,4,7,5,22,20,47,53,1.66,1.24,2.14,1.31,2.57,57,66,38,32,16,22,66,47,63,8.31,4.82,2.13,3.24,3.97,1.41,2.25,4.25,9.10,2.05,1.77,Orogel Stadium-Dino Manuzzi
1523298600,Apr 09 2018 - 6:30pm,complete,4451,Avellino,Perugia,Marco Piccinini,34,1.47,1.19,1.48,1.05,2,0,2,1,1,0,"26,57","",3,4,2,0,3,0,0,2,2,1,8,9,4,0,4,9,10,20,53,47,1.72,1.64,1.26,1.09,2.85,79,85,49,27,19,22,61,61,85,10.66,4.60,3.11,3.29,2.47,1.33,2.05,3.65,7.50,1.91,1.91,Stadio Partenio-Adriano Lombardi
1523638800,Apr 13 2018 - 5:00pm,complete,11253,Foggia,Ascoli,Francesco Fourneau,35,1.18,0.76,1.43,0.95,3,0,3,2,2,0,"24,44,57","",5,6,0,0,0,1,0,0,0,1,13,9,9,3,4,6,10,13,63,37,1.82,1.42,2.26,1.40,2.80,59,85,59,24,12,36,80,44,76,10.23,4.23,1.76,3.79,5.23,1.25,1.80,3.05,5.75,1.83,2.00,Stadio Comunale Pino Zaccheria
1523646000,Apr 13 2018 - 7:00pm,complete,11782,Parma,Cittadella,Gianluca Aureliano,35,1.88,1.76,2.00,1.77,0,0,0,0,0,0,"","",4,1,2,0,2,0,1,1,1,1,8,8,3,5,5,3,15,24,63,37,1.71,1.42,1.09,1.16,2.56,53,71,53,27,9,30,74,47,71,10.11,4.82,1.85,3.38,5.28,1.37,2.15,3.95,8.00,2.10,1.74,Stadio Ennio Tardini
1523710800,Apr 14 2018 - 1:00pm,complete,2245,Virtus Entella,Avellino,Eugenio Abbattista,35,1.18,0.69,1.18,0.81,1,1,2,0,0,0,"77","52",9,2,3,0,2,0,1,2,1,1,11,5,5,3,6,2,26,22,53,47,1.64,1.24,1.71,0.95,2.64,64,80,55,30,9,40,82,36,79,9.25,4.47,2.04,3.25,4.30,1.36,2.10,3.90,9.00,1.95,1.83,Stadio Comunale Chiavari
1523710800,Apr 14 2018 - 1:00pm,complete,8061,Pescara,Bari 1908,Riccardo Pinzani,35,1.35,1.18,1.33,1.09,2,2,4,2,0,2,"47,90'3","22,31",7,1,2,1,4,0,1,2,1,3,19,10,7,3,12,7,18,13,51,49,1.65,1.54,2.31,1.30,2.88,62,68,62,41,18,38,77,35,77,9.76,4.24,2.64,3.18,2.97,1.33,2.05,3.70,8.00,1.87,1.91,Stadio Adriatico-Giovanni Cornacchia
1523710800,Apr 14 2018 - 1:00pm,complete,6319,Brescia,Carpi,Francesco Guccini,35,1.47,1.06,1.29,0.90,1,1,2,0,0,0,"81","90'4",8,1,2,0,3,0,0,2,0,3,11,5,5,2,6,3,12,21,69,31,1.78,1.13,1.73,0.67,1.95,42,59,36,15,6,24,65,30,56,9.53,4.53,2.17,3.10,4.03,1.47,2.40,4.70,11.00,2.15,1.69,Stadio Mario Rigamonti
1523710800,Apr 14 2018 - 1:00pm,complete,6504,Salernitana,Cesena,Livio Marinelli,35,1.44,0.59,1.43,0.67,1,1,2,1,0,1,"70","18",7,3,2,0,2,0,2,0,1,1,16,9,8,4,8,5,12,14,56,44,1.59,1.29,2.26,1.41,2.81,55,73,55,27,16,40,70,36,79,9.40,4.52,1.98,3.30,4.51,1.34,2.05,3.75,8.50,2.00,1.83,Stadio Arechi
1523710800,Apr 14 2018 - 1:00pm,complete,10768,Palermo,Cremonese,Federico La Penna,35,2.00,1.12,2.00,1.00,1,1,2,0,0,0,"61","83",7,5,2,0,2,0,1,1,0,2,13,13,6,3,7,10,11,11,59,41,1.80,1.44,1.87,1.42,2.15,47,68,33,15,12,18,62,30,77,10.06,4.83,1.55,3.88,7.83,1.32,2.00,3.55,7.50,2.05,1.80,Stadio Renzo Barbera
1523710800,Apr 14 2018 - 1:00pm,complete,4984,Empoli,Pro Vercelli,Luigi Pillitteri,35,2.35,0.82,2.29,0.67,3,2,5,3,2,1,"10,33,47","8,56",7,2,2,0,2,0,1,1,1,1,15,8,6,5,9,3,8,8,58,42,1.81,1.40,1.83,1.17,3.21,59,80,62,44,21,38,74,59,80,10.94,3.88,1.35,5.00,9.99,1.23,1.74,2.85,5.25,2.00,1.83,Stadio Carlo Castellani
1523710800,Apr 14 2018 - 1:00pm,complete,10267,Frosinone,Spezia,Daniele Minelli,35,2.24,0.88,2.04,0.76,1,1,2,0,0,0,"58","90'3",9,7,0,0,3,0,0,0,1,2,13,9,5,4,8,5,11,15,56,44,1.80,1.29,1.77,1.33,2.56,50,74,44,24,15,39,65,32,68,11.70,4.64,1.79,3.42,5.54,1.38,2.15,4.00,9.50,2.15,1.69,Stadio Benito Stirpe
1523710800,Apr 14 2018 - 1:00pm,complete,3844,Novara,Ternana,Antonio Rapuano,35,1.18,0.35,1.00,0.57,0,3,3,1,0,1,"","34,57,60",6,2,1,0,3,0,0,1,0,3,25,11,8,7,17,4,17,17,57,43,1.68,1.49,2.92,1.71,2.98,74,80,56,27,18,42,80,47,80,10.36,4.82,2.01,3.25,4.46,1.36,2.10,3.85,9.50,2.00,1.83,Stadio Comunale Silvio Piola
1523710800,Apr 14 2018 - 1:00pm,complete,9264,Perugia,Venezia,Daniele Martinelli,35,2.00,1.06,1.76,1.14,1,1,2,0,0,0,"85","57",9,6,1,0,1,0,0,1,1,0,17,17,6,5,11,12,16,15,42,58,1.66,1.36,1.94,1.90,2.80,50,74,50,32,24,24,62,53,85,7.82,3.94,1.99,3.32,4.40,1.33,2.05,3.70,8.50,1.91,1.91,Stadio Renato Curi
1523903400,Apr 16 2018 - 6:30pm,complete,5392,Ascoli,Parma,Marco Serra,36,1.35,1.41,1.23,1.43,0,1,1,1,0,1,"","2",4,7,2,0,1,0,1,1,0,1,9,18,4,5,5,13,14,14,56,44,1.39,1.41,1.54,2.01,2.35,53,71,50,15,6,21,77,38,68,9.35,4.23,3.49,3.09,2.38,1.43,2.35,4.45,12.00,2.10,1.71,Stadio Cino e Lillo Del Duca
1523989800,Apr 17 2018 - 6:30pm,complete,5351,Spezia,Brescia,Niccolò Baroni,36,1.82,0.94,1.76,1.00,0,1,1,1,0,1,"","18",6,2,2,0,1,0,2,0,1,0,19,9,5,4,14,5,15,18,63,37,1.34,1.52,2.69,1.41,2.09,44,71,35,6,3,18,77,38,68,9.88,4.59,2.06,3.15,4.40,1.44,2.35,4.55,13.50,2.15,1.71,Stadio Alberto Picco
1523989800,Apr 17 2018 - 6:30pm,complete,11269,Cesena,Empoli,Francesco Paolo Saia,36,1.59,1.59,1.71,1.76,2,3,5,3,1,2,"37,61","3,8,63",7,2,2,0,1,0,2,0,0,1,17,7,8,5,9,2,14,12,48,52,1.69,1.55,2.21,1.18,3.06,68,80,53,35,24,38,77,53,74,7.88,4.36,4.07,3.52,2.00,1.24,1.77,2.90,5.50,1.77,2.05,Orogel Stadium-Dino Manuzzi
1523989800,Apr 17 2018 - 6:30pm,complete,7301,Ternana,Foggia,Lorenzo Illuzzi,36,1.41,1.53,1.19,1.33,2,2,4,1,1,0,"45,62","49,85",4,5,2,0,3,0,1,1,0,3,9,13,4,8,5,5,13,10,43,57,1.59,1.63,1.36,2.04,3.15,68,79,56,41,24,30,65,59,80,10.70,4.17,2.92,3.31,2.59,1.19,1.65,2.60,4.50,1.59,2.35,Stadio Libero Liberati
1523989800,Apr 17 2018 - 6:30pm,complete,5175,Avellino,Frosinone,Juan Luca Sacchi,36,1.56,1.18,1.48,1.30,0,2,2,0,0,0,"","84,89",3,10,1,0,2,0,0,1,0,2,8,14,5,5,3,9,20,13,51,49,1.70,1.66,1.39,1.80,2.60,69,77,46,23,15,20,63,54,80,12.11,4.27,3.95,3.32,2.10,1.33,2.05,3.65,7.50,1.95,1.87,Stadio Partenio-Adriano Lombardi
1523989800,Apr 17 2018 - 6:30pm,complete,13449,Bari 1908,Novara,Valerio Marini,36,2.00,1.12,2.10,1.10,1,1,2,1,0,1,"62","45'1",4,7,2,0,3,0,0,2,0,3,10,14,4,7,6,7,13,15,52,48,1.78,1.29,1.43,1.94,2.36,38,65,50,21,3,27,62,44,83,9.12,4.88,1.88,3.38,4.99,1.42,2.25,4.30,9.00,2.15,1.71,Stadio Comunale San Nicola
1523989800,Apr 17 2018 - 6:30pm,complete,3984,Cittadella,Palermo,Luigi Nasca,36,1.18,1.41,1.30,1.39,0,0,0,0,0,0,"","",4,2,1,0,4,0,1,0,1,3,13,8,4,3,9,5,15,18,48,52,1.88,1.53,1.77,1.24,2.47,62,74,56,30,6,38,74,35,74,11.72,3.71,2.61,3.13,3.05,1.36,2.10,3.85,7.50,1.91,1.91,Stadio Pier Cesare Tombolato
1523989800,Apr 17 2018 - 6:30pm,complete,1838,Carpi,Perugia,Antonio Di Martino,36,1.76,1.12,1.57,1.05,1,2,3,1,0,1,"87","14,59",4,3,2,0,3,0,1,1,1,2,9,11,2,4,7,7,24,16,47,53,1.45,1.60,1.53,1.55,2.50,65,77,38,21,12,32,65,41,71,7.54,4.29,2.95,3.13,2.69,1.49,2.50,4.90,14.00,2.15,1.69,Stadio Sandro Cabassi
1523989800,Apr 17 2018 - 6:30pm,complete,2267,Pro Vercelli,Pescara,Riccardo Ros,36,1.00,0.88,1.24,0.95,3,1,4,2,1,1,"20,83,90'1","35",8,3,2,0,4,1,0,2,2,3,20,11,10,7,10,4,26,8,60,40,1.54,1.38,2.70,1.59,2.44,47,68,41,30,15,24,65,38,71,10.18,5.35,2.51,3.19,3.14,1.32,2.00,3.60,9.00,1.87,1.95,Stadio Silvio Piola
1523989800,Apr 17 2018 - 6:30pm,complete,7404,Cremonese,Salernitana,Antonello Balice,36,1.29,1.06,1.29,1.00,1,1,2,2,1,1,"33","29",6,5,3,0,5,1,1,2,2,4,13,12,7,5,6,7,16,15,55,45,1.62,1.33,1.79,1.42,2.69,52,72,46,34,18,35,69,40,83,11.15,4.38,2.17,3.31,3.74,1.34,2.05,3.75,9.20,1.95,1.87,Stadio Giovanni Zini
1523989800,Apr 17 2018 - 6:30pm,complete,3294,Venezia,Virtus Entella,Fabio Piscopo,36,1.88,0.94,2.00,0.91,2,0,2,1,1,0,"27,60","",4,4,1,0,4,0,0,1,2,2,8,12,3,4,5,8,19,8,44,56,1.49,1.25,1.17,1.70,2.06,47,62,32,18,3,21,65,32,68,10.18,4.88,1.72,3.70,5.55,1.35,2.10,3.80,10.00,2.10,1.74,Stadio Pierluigi Penzo
1524315600,Apr 21 2018 - 1:00pm,complete,6982,Cremonese,Ascoli,Livio Marinelli,37,1.28,0.72,1.29,0.95,1,2,3,2,1,1,"8","14,51",4,4,3,0,1,0,0,3,1,0,12,12,4,5,8,7,19,15,52,48,1.63,1.42,1.52,1.40,2.61,48,73,42,28,17,39,67,33,78,10.61,4.28,1.95,3.38,4.50,1.34,2.05,3.70,8.40,2.00,1.83,Stadio Giovanni Zini
1524315600,Apr 21 2018 - 1:00pm,complete,9173,Palermo,Avellino,Antonio Giua,37,1.94,0.71,2.00,0.81,3,0,3,1,1,0,"9,47,73","",2,3,1,0,3,0,0,1,1,2,10,17,4,5,6,12,15,6,56,44,1.81,1.22,1.38,1.97,2.58,58,83,46,23,9,32,75,40,83,8.80,5.05,1.53,4.07,7.74,1.30,1.95,3.40,6.70,2.05,1.77,Stadio Renzo Barbera
1524315600,Apr 21 2018 - 1:00pm,complete,14343,Foggia,Bari 1908,Daniele Chiffi,37,1.28,1.17,1.43,1.09,1,1,2,2,1,1,"23","29",6,1,2,0,1,0,0,2,0,1,7,11,3,3,4,8,14,11,54,46,1.85,1.53,1.04,1.23,2.92,72,83,73,33,9,50,86,36,81,10.67,3.89,2.11,3.46,3.74,1.26,1.83,3.15,6.10,1.77,2.05,Stadio Comunale Pino Zaccheria
1524315600,Apr 21 2018 - 1:00pm,complete,11151,Parma,Carpi,Daniele Minelli,37,1.83,1.06,2.00,0.90,2,1,3,1,1,0,"25,48","54",3,2,3,0,2,0,1,2,1,1,11,12,5,3,6,9,12,17,48,52,1.67,1.11,1.46,1.57,1.98,31,59,33,20,6,25,64,34,56,8.22,4.45,1.65,3.64,6.78,1.45,2.40,4.60,10.50,2.40,1.57,Stadio Ennio Tardini
1524315600,Apr 21 2018 - 1:00pm,complete,6632,Brescia,Cesena,Riccardo Pinzani,37,1.44,0.61,1.29,0.67,0,0,0,0,0,0,"","",5,3,2,0,3,0,1,1,0,3,16,7,3,2,13,5,18,15,56,44,1.78,1.30,2.04,1.34,2.64,62,72,53,23,12,28,61,45,84,10.56,5.17,2.11,3.38,3.84,1.32,2.00,3.50,7.50,1.87,1.95,Stadio Mario Rigamonti
1524315600,Apr 21 2018 - 1:00pm,complete,6717,Salernitana,Cittadella,Francesco Guccini,37,1.41,1.72,1.43,1.77,1,3,4,2,0,2,"52","18,38,80",5,5,4,0,3,0,1,3,0,3,16,16,4,7,12,9,9,18,46,54,1.63,1.40,1.78,2.13,2.52,60,72,49,23,12,34,77,34,66,10.00,4.21,2.43,3.25,3.21,1.34,2.05,3.70,8.40,1.91,1.91,Stadio Arechi
1524315600,Apr 21 2018 - 1:00pm,complete,2071,Virtus Entella,Pro Vercelli,Aleandro Di Paolo,37,1.17,0.78,1.18,0.67,3,2,5,1,0,1,"66,71,82","13,54",13,2,2,0,4,0,1,1,2,2,11,14,7,6,4,8,19,17,44,56,1.64,1.39,0.00,0.00,2.78,56,72,56,36,17,36,72,44,75,10.89,3.94,2.04,3.30,4.22,1.39,2.20,4.15,8.00,2.05,1.77,Stadio Comunale Chiavari
1524315600,Apr 21 2018 - 1:00pm,complete,4021,Novara,Venezia,Francesco Fourneau,37,1.11,1.06,1.00,1.14,1,3,4,2,1,1,"17","43,62,81",7,8,3,0,1,0,2,1,1,0,13,8,5,6,8,2,17,18,54,46,1.75,1.39,1.78,1.29,2.39,64,70,44,20,14,17,56,50,75,9.39,3.83,2.55,3.15,3.12,1.42,2.25,4.30,9.40,2.05,1.77,Stadio Comunale Silvio Piola
1524402000,Apr 22 2018 - 1:00pm,complete,13696,Perugia,Ternana,Federico La Penna,37,1.94,0.50,1.76,0.57,2,3,5,3,2,1,"28,35","43,52,81",4,7,2,0,1,0,1,1,0,1,6,13,4,5,2,8,17,11,43,57,1.68,1.50,0.98,1.68,3.34,59,86,61,36,25,45,84,56,92,9.05,4.78,1.57,3.97,6.97,1.26,1.83,3.15,6.10,1.91,1.91,Stadio Renato Curi
1524411000,Apr 22 2018 - 3:30pm,complete,6924,Pescara,Spezia,Davide Ghersini,37,1.33,0.89,1.33,0.76,3,2,5,2,2,0,"13,16,53","67,72",5,6,3,0,2,0,1,2,1,1,13,11,6,4,7,7,15,16,48,52,1.69,1.30,1.69,1.32,2.59,53,70,45,28,14,28,67,39,75,10.89,4.55,2.14,3.30,3.85,1.37,2.15,3.95,8.40,2.00,1.83,Stadio Adriatico-Giovanni Cornacchia
1524508200,Apr 23 2018 - 6:30pm,complete,13166,Frosinone,Empoli,Eugenio Abbattista,37,2.17,1.67,2.04,1.76,2,4,6,1,1,0,"1,52","49,61,78,90'1",3,4,0,0,2,0,0,0,0,2,11,16,5,7,6,9,14,10,39,61,1.80,1.53,1.68,2.41,3.08,67,84,59,33,25,47,81,48,72,9.83,4.33,2.42,3.31,3.17,1.26,1.83,3.10,6.10,1.69,2.15,Stadio Benito Stirpe
1524848400,Apr 27 2018 - 5:00pm,complete,5767,Venezia,Palermo,Marco Piccinini,38,1.94,1.39,2.00,1.39,3,0,3,2,2,0,"11,16,64","",4,6,0,0,0,0,0,0,0,0,12,17,4,4,8,13,9,9,33,67,1.47,1.51,1.42,2.06,2.06,47,61,39,25,3,28,59,34,67,11.00,4.00,2.58,2.98,3.26,1.39,2.20,4.15,9.00,2.00,1.80,Stadio Pierluigi Penzo
1524855600,Apr 27 2018 - 7:00pm,complete,13445,Bari 1908,Virtus Entella,Marco Serra,38,1.94,0.89,2.10,0.91,1,0,1,1,1,0,"20","",4,8,4,0,3,0,1,3,1,2,15,9,6,3,9,6,20,9,54,46,1.76,1.27,2.24,1.55,2.31,39,70,42,17,6,20,64,36,81,9.67,4.56,1.72,3.43,6.29,1.33,2.05,3.65,7.50,2.00,1.83,Stadio Comunale San Nicola
1524920400,Apr 28 2018 - 1:00pm,complete,2423,Carpi,Avellino,Antonio Rapuano,38,1.67,0.67,1.57,0.81,0,0,0,0,0,0,"","",6,8,3,0,2,1,0,3,2,1,8,11,4,3,4,8,26,14,41,59,1.46,1.27,1.30,1.55,2.47,67,78,50,23,6,39,78,36,70,6.51,4.89,2.11,3.11,4.26,1.48,2.45,4.80,12.00,2.15,1.69,Stadio Sandro Cabassi
1524920400,Apr 28 2018 - 1:00pm,complete,6928,Salernitana,Brescia,Luigi Pillitteri,38,1.33,1.06,1.43,1.00,4,2,6,1,1,0,"27,60,69,82","53,73",5,4,3,1,2,0,1,3,0,2,11,19,8,7,3,12,15,15,42,58,1.64,1.52,1.84,2.62,2.34,50,78,42,14,6,28,78,36,72,8.88,4.50,2.13,3.35,3.82,1.37,2.15,3.95,6.50,1.50,2.45,Stadio Arechi
1524920400,Apr 28 2018 - 1:00pm,complete,5620,Spezia,Cremonese,Riccardo Ros,38,1.72,1.11,1.76,1.00,1,0,1,0,0,0,"87","",2,6,3,1,4,0,1,3,1,3,8,9,4,0,4,9,20,19,43,57,1.42,1.44,1.32,1.17,1.89,53,59,25,11,9,17,61,28,64,10.44,4.55,2.19,3.00,4.17,1.50,2.50,5.00,9.00,8.00,1.06,Stadio Alberto Picco
1524920400,Apr 28 2018 - 1:00pm,complete,4468,Cittadella,Foggia,Daniele Martinelli,38,1.17,1.50,1.30,1.33,3,1,4,0,0,0,"47,64,76","62",6,4,2,0,3,0,1,1,2,1,15,4,6,2,9,2,16,9,45,55,1.87,1.66,1.74,0.57,3.00,64,81,64,39,14,28,72,53,84,11.33,4.33,2.24,3.39,3.47,1.20,1.67,2.70,4.80,2.00,1.75,Stadio Pier Cesare Tombolato
1524920400,Apr 28 2018 - 1:00pm,complete,12423,Cesena,Frosinone,Aleandro Di Paolo,38,1.50,1.28,1.71,1.30,1,0,1,0,0,0,"53","",3,5,3,0,1,0,1,2,1,0,19,7,5,2,14,5,15,14,49,51,1.72,1.67,2.12,1.23,2.75,59,72,42,31,20,34,62,53,73,10.73,4.11,3.87,3.29,2.14,1.33,2.05,3.65,8.00,1.91,1.91,Orogel Stadium-Dino Manuzzi
1524920400,Apr 28 2018 - 1:00pm,complete,8626,Empoli,Novara,Lorenzo Illuzzi,38,2.39,1.11,2.29,1.10,1,1,2,2,1,1,"36","45'4",4,4,1,0,1,0,1,0,1,0,12,10,3,5,9,5,9,7,61,39,1.81,1.32,1.62,1.39,2.89,59,75,56,36,14,34,75,61,81,9.67,4.56,1.43,4.62,8.76,1.22,1.71,2.80,5.25,1.83,2.00,Stadio Carlo Castellani
1524920400,Apr 28 2018 - 1:00pm,complete,3078,Pro Vercelli,Parma,Juan Luca Sacchi,38,1.11,1.50,1.24,1.43,1,0,1,0,0,0,"50","",6,4,2,0,1,0,0,2,0,1,7,8,3,2,4,6,13,10,48,52,1.62,1.44,1.13,1.22,2.34,47,70,45,20,12,25,75,36,67,10.28,4.39,4.19,3.10,2.13,1.34,2.05,3.75,8.00,1.91,1.91,Stadio Silvio Piola
1524920400,Apr 28 2018 - 1:00pm,complete,5706,Ascoli,Perugia,Ivano Pezzuto,38,1.28,1.22,1.23,1.05,2,2,4,2,1,1,"33,66","17,65",3,3,0,0,2,0,0,0,1,1,12,13,6,7,6,6,14,21,55,45,1.40,1.59,1.72,1.74,2.56,64,78,42,20,12,23,67,48,78,8.28,4.66,3.25,3.10,2.50,1.40,2.25,4.20,9.00,2.00,1.80,Stadio Cino e Lillo Del Duca
1524920400,Apr 28 2018 - 1:00pm,complete,9509,Ternana,Pescara,Luigi Nasca,38,1.39,0.83,1.19,0.95,0,3,3,2,0,2,"","24,43,84",9,3,1,0,3,0,1,0,1,2,11,14,3,8,8,6,12,13,49,51,1.57,1.39,1.42,1.89,2.78,64,73,47,36,17,34,70,44,72,11.00,4.78,2.13,3.35,3.82,1.22,1.71,2.80,5.20,1.67,2.20,Stadio Libero Liberati
1525113000,Apr 30 2018 - 6:30pm,complete,18613,Palermo,Bari 1908,Gianluca Aureliano,39,2.00,1.16,2.00,1.09,1,1,2,0,0,0,"80","88",4,1,2,0,5,2,0,2,2,5,10,8,2,3,8,5,9,16,52,48,1.78,1.51,1.63,1.33,2.63,56,77,53,29,11,35,71,40,82,9.48,4.22,2.08,3.13,4.22,1.37,2.15,3.95,10.00,2.05,1.77,Stadio Renzo Barbera
1525170600,May 01 2018 - 10:30am,complete,3800,Avellino,Cittadella,Valerio Marini,39,1.47,1.79,1.48,1.77,0,2,2,0,0,0,"","51,85",8,2,2,0,3,0,0,2,2,1,16,14,6,5,10,9,12,26,54,46,1.68,1.44,2.26,1.97,2.69,69,76,56,26,14,24,74,53,74,11.05,4.68,2.41,3.14,3.30,1.28,1.87,3.20,7.80,1.77,2.05,Stadio Partenio-Adriano Lombardi
1525179600,May 01 2018 - 1:00pm,complete,2097,Virtus Entella,Ascoli,Riccardo Pinzani,39,1.26,0.84,1.18,0.95,1,1,2,1,0,1,"48","15",6,6,4,1,2,0,1,4,1,1,11,17,4,6,7,11,24,17,48,52,1.64,1.42,1.52,2.03,2.63,50,77,50,27,16,29,69,45,79,10.36,3.95,2.32,3.03,3.73,1.34,2.05,3.75,10.00,1.95,1.87,Stadio Comunale Chiavari
1525179600,May 01 2018 - 1:00pm,complete,7307,Pescara,Cesena,Daniele Chiffi,39,1.42,0.63,1.33,0.67,0,0,0,0,0,0,"","",7,4,0,0,1,0,0,0,0,1,9,4,2,2,7,2,15,12,56,44,1.69,1.30,1.32,0.85,3.03,56,68,61,37,21,37,76,42,79,9.79,4.94,2.12,3.24,3.92,1.28,1.87,3.20,7.20,1.80,2.05,Stadio Adriatico-Giovanni Cornacchia
1525179600,May 01 2018 - 1:00pm,complete,1868,Carpi,Empoli,Antonello Balice,39,1.63,1.74,1.57,1.76,0,0,0,0,0,0,"","",1,7,1,0,1,0,0,1,0,1,10,9,4,3,6,6,9,14,34,66,1.45,1.58,1.16,1.30,2.74,69,76,53,27,19,37,79,45,69,6.86,4.16,3.15,2.92,2.56,1.33,2.05,3.65,9.00,1.87,1.95,Stadio Sandro Cabassi
1525179600,May 01 2018 - 1:00pm,complete,7237,Brescia,Frosinone,Livio Marinelli,39,1.42,1.21,1.29,1.30,1,2,3,2,1,1,"10","38,90'5",4,6,3,0,5,0,1,2,1,4,11,12,3,7,8,5,19,16,41,59,1.80,1.65,1.63,2.04,2.22,58,68,37,16,8,21,50,47,77,12.11,4.36,3.29,3.01,2.41,1.30,1.95,3.40,7.80,1.83,1.95,Stadio Mario Rigamonti
1525179600,May 01 2018 - 1:00pm,complete,7485,Cremonese,Novara,Eugenio Abbattista,39,1.21,1.11,1.29,1.10,1,1,2,0,0,0,"68","52",7,0,4,0,5,1,2,2,3,3,14,4,4,3,10,1,15,24,62,38,1.62,1.33,1.86,0.81,2.42,56,66,42,27,8,43,74,32,74,10.21,4.84,2.33,2.93,3.77,1.42,2.25,4.30,14.00,2.05,1.77,Stadio Giovanni Zini
1525179600,May 01 2018 - 1:00pm,complete,9741,Foggia,Spezia,Antonio Di Martino,39,1.26,0.84,1.43,0.76,2,1,3,1,1,0,"28,82","85",7,8,2,0,1,0,0,2,0,1,18,9,7,4,11,5,11,14,50,50,1.80,1.30,2.13,1.47,2.61,64,85,53,19,8,40,77,37,77,11.90,4.06,2.24,3.08,3.77,1.27,1.87,3.20,7.60,1.83,2.00,Stadio Comunale Pino Zaccheria
1525179600,May 01 2018 - 1:00pm,complete,13347,Parma,Ternana,Francesco Paolo Saia,39,1.89,0.63,2.00,0.57,2,0,2,2,2,0,"19,39","",6,6,2,0,2,0,0,2,1,1,16,14,6,5,10,9,9,15,50,50,1.66,1.51,2.13,2.02,3.03,61,82,61,34,19,40,79,56,82,9.73,4.89,1.67,3.66,6.09,1.22,1.71,2.80,6.00,1.91,1.91,Stadio Ennio Tardini
1525179600,May 01 2018 - 1:00pm,complete,2704,Pro Vercelli,Venezia,Niccolò Baroni,39,1.21,1.16,1.24,1.14,0,2,2,1,0,1,"","32,77",4,2,0,0,2,0,0,0,0,2,20,8,0,3,20,5,17,13,55,45,1.59,1.39,2.02,1.15,2.45,58,71,42,29,19,21,58,48,77,9.27,4.11,3.09,3.02,2.62,1.29,1.95,3.35,8.60,1.80,2.00,Stadio Silvio Piola
1525190400,May 01 2018 - 4:00pm,complete,8207,Perugia,Salernitana,Fabio Piscopo,39,1.84,1.05,1.76,1.00,1,1,2,1,0,1,"50","20",7,1,3,0,3,0,2,1,1,2,17,5,8,3,9,2,14,17,56,44,1.64,1.34,2.54,1.10,2.90,48,79,50,35,21,32,68,56,87,8.53,4.95,1.67,3.52,5.99,1.25,1.80,3.05,6.80,1.91,1.91,Stadio Renato Curi
1525525200,May 05 2018 - 1:00pm,complete,5560,Ascoli,Avellino,Davide Ghersini,40,1.26,0.68,1.23,0.81,1,1,2,2,1,1,"43","32",3,1,3,0,3,0,1,2,1,2,14,12,4,4,10,8,12,11,49,51,1.41,1.29,1.83,1.44,2.48,63,76,50,24,5,32,77,40,74,7.47,5.10,2.24,2.99,3.71,1.38,2.20,4.05,10.25,2.00,1.83,Stadio Cino e Lillo Del Duca
1525525200,May 05 2018 - 1:00pm,complete,4128,Cittadella,Brescia,Lorenzo Illuzzi,40,1.26,1.00,1.30,1.00,2,2,4,2,1,1,"39,76","41,79",6,5,2,0,2,0,1,1,1,1,14,15,9,10,5,5,18,15,52,48,1.86,1.57,2.34,2.37,2.45,55,79,50,16,5,27,82,37,77,10.32,4.53,1.78,3.34,5.34,1.23,1.74,2.90,5.90,1.80,2.00,Stadio Pier Cesare Tombolato
1525525200,May 05 2018 - 1:00pm,complete,10608,Frosinone,Carpi,Antonio Giua,40,2.05,1.00,2.04,0.90,1,0,1,1,1,0,"5","",10,4,2,0,2,0,0,2,0,2,8,6,5,2,3,4,9,19,60,40,1.79,1.13,1.38,0.89,2.43,42,66,42,24,16,37,74,32,53,9.63,4.16,1.47,3.94,8.50,1.31,1.95,3.45,7.10,2.40,1.57,Stadio Benito Stirpe
1525525200,May 05 2018 - 1:00pm,complete,5944,Venezia,Foggia,Francesco Guccini,40,2.00,1.42,2.00,1.33,2,1,3,1,1,0,"41,90'4","90'2",5,7,2,0,1,0,0,2,0,1,11,18,5,5,6,13,14,15,43,57,1.47,1.60,1.49,2.16,2.77,53,74,53,37,11,21,61,53,82,10.78,4.48,1.83,3.35,4.90,1.19,1.62,2.60,4.90,1.62,2.30,Stadio Pierluigi Penzo
1525525200,May 05 2018 - 1:00pm,complete,4455,Ternana,Palermo,Daniele Minelli,40,1.32,1.32,1.19,1.39,2,3,5,2,0,2,"79,83","22,45,61",6,6,2,0,2,0,1,1,1,1,9,13,4,8,5,5,21,11,48,52,1.56,1.54,1.47,1.91,2.55,61,71,50,32,13,40,66,40,69,10.90,3.52,3.60,3.04,2.25,1.28,1.91,3.25,6.70,1.80,2.00,Stadio Libero Liberati
1525525200,May 05 2018 - 1:00pm,complete,14068,Bari 1908,Perugia,Juan Luca Sacchi,40,2.00,1.21,2.10,1.05,3,1,4,1,1,0,"38,73,90'1","86",2,7,2,0,1,0,1,1,0,1,10,12,5,6,5,6,12,13,54,46,1.79,1.60,1.45,1.79,2.63,53,79,45,21,11,27,61,48,89,9.69,4.32,2.21,3.05,3.69,1.32,2.00,3.60,7.30,1.83,2.00,Stadio Comunale San Nicola
1525525200,May 05 2018 - 1:00pm,complete,3991,Novara,Pescara,Marco Piccinini,40,1.05,0.95,1.00,0.95,1,1,2,1,1,0,"31","52",3,7,2,0,2,0,1,1,1,1,19,12,4,4,15,8,15,12,45,55,1.75,1.42,1.85,1.44,2.53,55,68,50,27,8,29,66,45,74,10.58,5.15,2.11,3.09,3.96,1.36,2.10,3.90,7.00,2.00,1.83,Stadio Comunale Silvio Piola
1525525200,May 05 2018 - 1:00pm,complete,5149,Spezia,Pro Vercelli,Daniele Martinelli,40,1.79,0.74,1.76,0.67,5,1,6,3,2,1,"12,16,72,90,90'4","22",4,4,1,0,3,0,0,1,0,3,22,16,10,6,12,10,10,10,51,51,1.42,1.39,2.64,2.00,2.53,50,64,45,29,16,29,71,40,66,10.26,4.53,2.27,2.96,3.67,1.37,2.15,3.95,8.40,1.95,1.87,Stadio Alberto Picco
1525525200,May 05 2018 - 1:00pm,complete,6018,Salernitana,Virtus Entella,Antonio Rapuano,40,1.42,0.84,1.43,0.91,1,0,1,0,0,0,"53","",5,14,1,0,4,0,1,0,0,4,19,13,9,2,10,11,17,11,50,50,1.65,1.29,2.37,1.66,2.43,53,71,40,24,11,27,74,35,69,9.21,4.73,2.45,2.98,3.26,1.34,2.05,3.70,7.80,1.91,1.91,Stadio Arechi
1525620600,May 06 2018 - 3:30pm,complete,14658,Cesena,Parma,Francesco Fourneau,40,1.58,1.42,1.71,1.43,2,1,3,0,0,0,"86,90'5","56",4,7,3,1,4,1,1,3,1,4,11,16,5,5,6,11,11,16,46,54,1.74,1.43,1.43,1.75,2.61,50,66,47,27,16,29,71,43,66,9.79,4.00,3.80,2.99,2.32,1.33,2.05,3.70,7.60,1.91,1.91,Orogel Stadium-Dino Manuzzi
1525717800,May 07 2018 - 6:30pm,complete,5334,Empoli,Cremonese,Marco Serra,40,2.32,1.05,2.29,1.00,1,1,2,0,0,0,"73","69",3,1,2,0,0,0,1,1,0,0,17,10,8,2,9,8,18,9,63,37,1.80,1.43,2.67,1.35,2.63,63,74,42,29,19,29,63,48,79,10.63,4.21,1.84,3.50,5.02,1.23,1.74,2.90,5.70,1.74,2.10,Stadio Carlo Castellani
1526063400,May 11 2018 - 6:30pm,complete,9200,Avellino,Spezia,Livio Marinelli,41,1.40,0.80,1.48,0.76,1,0,1,0,0,0,"76","",2,3,3,0,1,0,1,2,1,0,13,9,5,4,8,5,10,12,49,51,1.71,1.31,1.97,1.67,2.50,63,80,43,20,13,18,58,53,83,11.75,4.50,1.44,4.14,9.99,1.34,2.05,3.70,8.00,2.15,1.69,Stadio Partenio-Adriano Lombardi
1526130000,May 12 2018 - 1:00pm,complete,9794,Pescara,Ascoli,Gianluca Aureliano,41,1.40,0.85,1.33,0.95,0,1,1,1,0,1,"","18",3,5,2,1,4,0,2,1,1,3,15,21,6,10,9,11,17,14,49,51,1.67,1.45,1.78,2.39,2.80,50,73,53,33,20,33,73,43,75,9.45,4.45,2.54,2.64,3.89,1.39,2.36,4.10,10.00,1.50,2.50,Stadio Adriatico-Giovanni Cornacchia
1526130000,May 12 2018 - 1:00pm,complete,14030,Parma,Bari 1908,Aleandro Di Paolo,41,1.95,1.15,2.00,1.09,1,0,1,0,0,0,"59","",6,7,2,0,4,1,1,1,1,4,14,21,6,9,8,12,13,15,47,53,1.69,1.50,1.83,2.57,2.53,58,73,53,33,8,38,65,43,75,8.70,4.80,2.06,3.18,4.35,1.30,1.95,3.40,7.50,1.95,1.87,Stadio Ennio Tardini
1526130000,May 12 2018 - 1:00pm,complete,23207,Palermo,Cesena,Ivano Pezzuto,41,1.95,0.65,2.00,0.67,0,0,0,0,0,0,"","",8,7,1,0,2,0,0,1,1,1,21,8,6,2,15,6,16,15,61,39,1.77,1.28,2.45,1.11,2.60,45,73,48,20,13,25,65,43,83,9.70,4.70,1.60,3.77,7.20,1.25,1.80,3.05,6.25,1.95,1.87,Stadio Renzo Barbera
1526130000,May 12 2018 - 1:00pm,complete,1562,Carpi,Cittadella,Fabio Piscopo,41,1.60,1.85,1.57,1.77,1,1,2,2,1,1,"41","21",2,7,1,0,3,0,1,0,0,3,6,12,2,2,4,10,18,11,40,60,1.43,1.47,0.79,1.37,2.30,58,65,48,20,8,33,73,38,58,8.22,4.45,3.45,3.00,2.46,1.37,2.15,3.95,8.00,2.00,1.83,Stadio Sandro Cabassi
1526130000,May 12 2018 - 1:00pm,complete,6999,Brescia,Empoli,Antonio Di Martino,41,1.35,1.70,1.29,1.76,0,2,2,0,0,0,"","62,88",7,8,0,0,3,0,0,0,0,3,22,16,5,6,17,10,13,12,40,60,1.79,1.57,2.52,2.28,2.68,70,78,53,25,18,30,68,50,78,9.50,4.55,3.04,3.00,2.73,1.25,1.75,3.00,6.50,3.10,1.33,Stadio Mario Rigamonti
1526130000,May 12 2018 - 1:00pm,complete,3589,Virtus Entella,Frosinone,Luigi Nasca,41,1.25,1.30,1.18,1.30,0,1,1,1,0,1,"","45",2,8,2,0,4,0,2,0,3,1,10,10,2,5,8,5,17,13,48,52,1.63,1.67,1.44,1.54,2.48,58,73,43,23,13,28,65,45,80,12.55,3.85,4.19,3.15,2.12,1.28,1.91,3.25,6.50,1.80,2.00,Stadio Comunale Chiavari
1526130000,May 12 2018 - 1:00pm,complete,7793,Perugia,Novara,Riccardo Ros,41,1.80,1.10,1.76,1.10,1,1,2,1,1,0,"22","65",4,5,1,0,3,0,0,1,1,2,14,22,5,8,9,14,15,15,46,54,1.69,1.30,1.69,2.57,2.63,50,73,45,28,13,33,70,50,83,7.70,5.35,2.60,2.31,4.71,1.34,2.28,3.92,8.00,1.67,2.10,Stadio Renato Curi
1526130000,May 12 2018 - 1:00pm,complete,9741,Foggia,Salernitana,Francesco Paolo Saia,41,1.35,1.05,1.43,1.00,1,0,1,1,1,0,"29","",3,9,1,0,2,0,1,0,0,2,11,9,4,2,7,7,10,10,51,49,1.82,1.32,1.51,1.25,2.80,65,88,60,25,10,38,85,45,78,10.65,4.50,1.87,3.52,4.77,1.13,1.44,2.15,4.20,1.53,2.50,Stadio Comunale Pino Zaccheria
1526130000,May 12 2018 - 1:00pm,complete,2204,Pro Vercelli,Ternana,Valerio Marini,41,1.15,0.60,1.24,0.57,2,1,3,1,1,0,"42,69","77",5,4,3,0,1,0,0,3,1,0,9,12,5,4,4,8,11,17,56,44,1.61,1.54,1.59,1.55,2.98,60,83,53,33,23,43,83,45,80,10.00,4.85,2.33,3.13,3.55,1.19,1.62,2.55,4.30,1.65,2.25,Stadio Silvio Piola
1526130000,May 12 2018 - 1:00pm,complete,9073,Cremonese,Venezia,Riccardo Pinzani,41,1.20,1.25,1.29,1.14,5,1,6,2,1,1,"2,50,79,90'4,90'5","45'1",4,5,3,0,2,0,1,2,1,1,10,8,6,3,4,5,12,19,54,46,1.63,1.38,1.55,1.13,2.58,63,73,43,30,18,33,63,40,80,10.80,3.65,2.95,3.17,2.67,1.33,2.05,3.65,7.70,1.87,1.95,Stadio Giovanni Zini
1526668200,May 18 2018 - 6:30pm,complete,4893,Ternana,Avellino,Francesco Fourneau,42,1.25,0.70,1.19,0.81,1,2,3,3,1,2,"9","39,45",3,4,0,0,2,0,0,0,1,1,10,14,4,5,6,9,20,14,43,57,1.56,1.30,1.34,1.73,2.78,73,83,50,30,15,45,78,40,75,9.20,4.75,6.48,4.34,1.55,1.20,1.65,2.65,6.00,1.77,2.05,Stadio Libero Liberati
1526668200,May 18 2018 - 6:30pm,complete,6693,Ascoli,Brescia,Federico La Penna,42,1.25,1.00,1.23,1.00,0,0,0,0,0,0,"","",6,1,2,0,5,0,1,1,3,2,13,7,6,2,7,5,15,20,56,44,1.43,1.61,2.09,1.25,2.38,53,75,45,15,5,23,80,43,70,7.95,4.75,2.26,3.39,3.42,1.27,1.87,3.20,6.35,1.77,2.05,Stadio Cino e Lillo Del Duca
1526668200,May 18 2018 - 6:30pm,complete,16109,Bari 1908,Carpi,Luigi Pillitteri,42,2.05,0.95,2.10,0.90,2,0,2,2,2,0,"27,45","",3,3,1,0,2,0,0,1,1,1,9,10,5,7,4,3,9,15,68,32,1.77,1.12,1.44,1.50,2.08,30,60,38,15,5,23,68,30,65,8.75,4.05,1.51,4.36,7.19,1.25,1.80,3.00,5.65,1.91,1.87,Stadio Comunale San Nicola
1526668200,May 18 2018 - 6:30pm,complete,16234,Cesena,Cremonese,Antonio Giua,42,1.65,1.05,1.71,1.00,1,0,1,0,0,0,"68","",5,1,2,0,0,0,0,2,0,0,10,3,5,2,5,1,9,8,40,60,1.73,1.42,1.38,0.74,2.40,60,65,35,25,18,25,53,40,73,8.95,4.90,2.85,1.65,7.25,1.54,2.75,5.60,12.25,0.00,0.00,Orogel Stadium-Dino Manuzzi
1526668200,May 18 2018 - 6:30pm,complete,16286,Frosinone,Foggia,Juan Luca Sacchi,42,2.10,1.35,2.04,1.33,2,2,4,1,0,1,"68,73","35,89",12,2,0,0,3,0,0,0,1,2,20,11,8,3,12,8,9,19,47,53,1.77,1.63,2.58,1.28,3.25,60,80,65,45,23,30,68,60,75,11.45,4.40,1.31,5.87,9.99,1.14,1.49,2.25,3.98,1.91,1.91,Stadio Partenio-Adriano Lombardi
1526668200,May 18 2018 - 6:30pm,complete,7654,Salernitana,Palermo,Niccolò Baroni,42,1.50,1.40,1.43,1.39,0,2,2,1,0,1,"","45'1,86",4,5,3,0,1,0,1,2,1,0,5,21,0,11,5,10,12,13,48,52,1.69,1.56,0.74,2.81,2.50,55,70,50,33,13,38,65,38,70,10.06,3.70,5.67,4.06,1.65,1.25,1.80,3.05,6.15,1.87,1.95,Stadio Arechi
1526668200,May 18 2018 - 6:30pm,complete,8270,Spezia,Parma,Marco Piccinini,42,1.85,1.35,1.76,1.43,0,2,2,1,0,1,"","11,61",11,4,2,0,3,0,2,0,2,1,17,10,7,6,10,4,18,11,52,48,1.48,1.45,2.24,1.49,2.18,45,60,40,13,8,20,73,35,63,10.95,4.05,6.54,4.23,1.56,1.24,1.77,2.90,5.75,1.95,1.87,Stadio Alberto Picco
1526668200,May 18 2018 - 6:30pm,complete,9132,Empoli,Perugia,Daniele Martinelli,42,2.25,1.15,2.29,1.05,2,1,3,2,1,1,"43,63","2",5,1,0,0,2,0,0,0,1,1,13,11,6,5,7,6,8,12,58,42,1.85,1.61,1.74,1.41,3.18,73,90,53,38,20,35,70,68,88,10.10,3.80,1.64,4.30,5.29,1.14,1.49,2.25,3.98,1.59,2.35,Stadio Carlo Castellani
1526668200,May 18 2018 - 6:30pm,complete,5480,Venezia,Pescara,Marco Serra,42,2.05,0.95,2.00,0.95,0,0,0,0,0,0,"","",6,4,2,0,1,0,0,2,0,1,11,6,5,4,6,2,12,9,58,42,1.47,1.42,1.76,1.09,2.35,48,68,43,25,5,28,68,35,75,11.15,4.95,6.54,4.23,1.56,0.00,0.00,0.00,8.10,0.00,0.00,Stadio Pierluigi Penzo
1526668200,May 18 2018 - 6:30pm,complete,3519,Cittadella,Pro Vercelli,Antonello Balice,42,1.25,0.70,1.30,0.67,2,0,2,0,0,0,"72,78","",3,0,2,0,1,1,1,1,0,2,18,7,9,3,9,4,18,14,50,50,1.89,1.42,2.40,1.15,2.98,65,78,63,40,18,43,78,43,78,10.95,4.45,1.39,5.13,8.60,1.13,1.45,2.15,4.00,1.80,2.00,Stadio Pier Cesare Tombolato
1526668200,May 18 2018 - 6:30pm,complete,5735,Novara,Virtus Entella,Daniele Chiffi,42,1.05,0.80,1.00,0.91,0,1,1,0,0,0,"","68",5,3,3,0,3,0,2,1,0,3,9,5,2,3,7,2,18,21,51,49,1.75,1.31,1.26,0.86,2.20,53,65,38,15,5,20,68,38,70,10.00,5.00,1.96,3.50,4.26,1.28,1.91,3.25,7.20,1.83,2.00,Stadio Comunale Silvio Piola
1527186600,May 24 2018 - 6:30pm,complete,4367,Virtus Entella,Ascoli,Aleandro Di Paolo,N/A,1.05,1.10,1.05,1.09,0,0,0,0,0,0,"","",4,4,1,0,3,0,1,0,2,1,10,8,2,3,8,5,17,16,53,47,1.45,1.48,1.45,1.44,2.32,49,68,41,20,10,23,70,37,70,9.50,4.60,1.95,3.05,4.15,1.53,2.65,5.30,11.50,2.25,1.65,Stadio Comunale Chiavari
1527791400,May 31 2018 - 6:30pm,complete,10360,Ascoli,Virtus Entella,Luigi Nasca,N/A,1.09,1.05,1.09,1.05,0,0,0,0,0,0,"","",5,2,3,0,4,0,0,3,0,4,15,9,5,5,10,4,14,25,48,52,1.48,1.45,2.03,1.66,2.27,48,67,40,20,9,23,69,36,69,9.47,4.59,2.10,3.05,3.65,1.41,2.25,4.25,10.50,2.05,1.77,Stadio Cino e Lillo Del Duca
1528043400,Jun 03 2018 - 4:30pm,complete,5703,Cittadella,Bari 1908,N/A,N/A,1.57,1.60,1.53,1.58,2,2,4,0,0,0,"59,69","51,87",7,1,3,0,5,3,1,2,0,8,19,13,10,8,9,5,21,18,51,49,1.69,1.66,0.00,0.00,2.58,58,74,54,28,7,37,72,38,77,10.27,4.50,2.35,3.10,3.00,1.42,2.25,4.30,10.00,2.05,1.77,Stadio Pier Cesare Tombolato
1528052400,Jun 03 2018 - 7:00pm,complete,5732,Venezia,Perugia,N/A,N/A,1.60,1.43,1.58,1.40,3,0,3,1,1,0,"30,74,83","",7,9,3,0,0,0,2,1,0,0,9,15,6,7,3,8,17,18,41,59,1.42,1.65,1.60,2.33,2.66,59,78,44,28,16,27,65,49,85,9.24,4.07,2.25,3.15,3.15,1.42,2.25,4.30,9.00,2.00,1.80,Stadio Pierluigi Penzo
1528302600,Jun 06 2018 - 4:30pm,complete,4589,Cittadella,Frosinone,N/A,N/A,1.56,1.71,1.53,1.67,1,1,2,2,1,1,"43","17",6,5,5,0,3,0,1,4,1,2,7,7,3,2,4,5,27,13,55,45,1.69,1.74,1.46,1.21,2.65,60,74,51,27,12,37,72,43,71,12.08,4.33,2.30,3.10,3.15,1.36,2.10,3.85,8.00,1.95,1.87,Stadio Pier Cesare Tombolato
1528311600,Jun 06 2018 - 7:00pm,complete,5526,Venezia,Palermo,N/A,N/A,1.63,1.69,1.58,1.70,1,1,2,0,0,0,"57","53",8,5,1,0,2,0,0,1,0,2,9,17,3,6,6,11,7,19,52,48,1.43,1.72,1.56,2.31,2.34,48,71,44,24,11,24,61,44,76,10.36,3.74,2.40,2.95,3.10,1.51,2.55,5.10,13.00,2.25,1.67,Stadio Pierluigi Penzo
1528648200,Jun 10 2018 - 4:30pm,complete,28152,Palermo,Venezia,N/A,N/A,1.67,1.61,1.70,1.58,1,0,1,1,1,0,"5","",9,4,3,0,1,1,1,2,1,1,12,18,4,7,8,11,17,13,49,51,1.74,1.43,1.81,2.40,2.34,50,71,43,23,10,23,60,45,76,10.42,3.72,1.83,3.25,4.45,1.42,2.25,4.30,10.50,2.15,1.71,Stadio Renzo Barbera
1528657200,Jun 10 2018 - 7:00pm,complete,12234,Frosinone,Cittadella,N/A,N/A,1.70,1.55,1.67,1.53,1,1,2,0,0,0,"47","75",3,3,2,0,2,1,0,2,0,3,8,16,5,3,3,13,13,22,46,54,1.73,1.68,1.56,2.02,2.63,61,75,50,27,12,38,72,42,69,12.06,4.41,2.15,3.05,3.50,1.34,2.05,3.70,8.00,1.91,1.91,Stadio Benito Stirpe
1528914600,Jun 13 2018 - 6:30pm,complete,29050,Palermo,Frosinone,Daniele Chiffi,N/A,1.70,1.68,1.70,1.67,2,1,3,2,1,1,"45,81","5",9,1,1,0,1,0,0,1,0,1,18,3,5,3,13,0,18,12,70,30,1.74,1.72,2.24,0.65,2.47,50,72,43,24,13,31,64,43,71,11.69,3.98,1.91,3.10,4.40,1.48,2.45,4.80,10.00,2.25,1.65,Stadio Renzo Barbera
1529173800,Jun 16 2018 - 6:30pm,complete,N/A,Frosinone,Palermo,N/A,N/A,1.64,1.73,1.67,1.70,2,0,2,0,0,0,"52,90'6","",1,2,4,0,5,1,3,1,3,3,11,8,5,5,6,3,25,29,52,48,1.70,1.75,1.50,1.27,2.48,51,72,44,23,13,33,65,42,71,11.65,3.94,2.25,3.10,3.20,1.43,2.30,4.40,12.50,2.05,1.77,Stadio Benito Stirpe
