timestamp,date_GMT,status,attendance,home_team_name,away_team_name,referee,Game Week,Pre-Match PPG (Home),Pre-Match PPG (Away),home_ppg,away_ppg,home_team_goal_count,away_team_goal_count,total_goal_count,total_goals_at_half_time,home_team_goal_count_half_time,away_team_goal_count_half_time,home_team_goal_timings,away_team_goal_timings,home_team_corner_count,away_team_corner_count,home_team_yellow_cards,home_team_red_cards,away_team_yellow_cards,away_team_red_cards,home_team_first_half_cards,home_team_second_half_cards,away_team_first_half_cards,away_team_second_half_cards,home_team_shots,away_team_shots,home_team_shots_on_target,away_team_shots_on_target,home_team_shots_off_target,away_team_shots_off_target,home_team_fouls,away_team_fouls,home_team_possession,away_team_possession,Home Team Pre-Match xG,Away Team Pre-Match xG,team_a_xg,team_b_xg,average_goals_per_match_pre_match,btts_percentage_pre_match,over_15_percentage_pre_match,over_25_percentage_pre_match,over_35_percentage_pre_match,over_45_percentage_pre_match,over_15_HT_FHG_percentage_pre_match,over_05_HT_FHG_percentage_pre_match,over_15_2HG_percentage_pre_match,over_05_2HG_percentage_pre_match,average_corners_per_match_pre_match,average_cards_per_match_pre_match,odds_ft_home_team_win,odds_ft_draw,odds_ft_away_team_win,odds_ft_over15,odds_ft_over25,odds_ft_over35,odds_ft_over45,odds_btts_yes,odds_btts_no,stadium_name
1691834400,Aug 12 2023 - 10:00am,complete,N/A,Paços de Ferreira,União de Leiria,Anzhony Francisco Gonçalves Rodrigues,1,0.00,0.00,1.76,0.88,0,0,0,0,0,0,"","",5,10,4,0,3,0,1,3,0,3,13,14,6,5,3,7,12,13,56,44,0.00,0.00,1.50,1.52,0.00,0,0,0,0,0,0,0,0,0,0.00,0.00,1.60,3.75,4.33,1.29,1.80,3.00,5.00,1.83,1.83,Estádio da Capital do Móvel (Paços de Ferreira)
1691845200,Aug 12 2023 - 1:00pm,complete,N/A,CD Nacional,CS Marítimo,N/A,1,0.00,0.00,2.47,2.00,1,2,3,2,1,1,"3","26,47",3,6,5,2,5,0,0,7,2,3,11,9,3,4,6,1,15,17,48,52,0.00,0.00,1.07,0.96,0.00,0,0,0,0,0,0,0,0,0,0.00,0.00,2.70,3.00,2.45,1.36,2.14,3.75,7.00,1.83,1.83,Estádio da Madeira (Funchal (Ilha da Madeira))
1691859600,Aug 12 2023 - 5:00pm,complete,N/A,AVS,CF Os Belenenses,João Pedro Ferreira,1,0.00,0.00,1.71,0.59,1,0,1,1,1,0,"39","",7,6,3,0,2,0,1,2,1,1,8,15,4,7,4,7,15,11,46,54,0.00,0.00,1.18,1.79,0.00,0,0,0,0,0,0,0,0,0,0.00,0.00,2.01,3.55,3.70,1.36,2.03,3.75,7.00,1.91,1.80,Estádio Clube Desportivo das Aves (Vila das Aves)
1691920800,Aug 13 2023 - 10:00am,complete,N/A,Academico Viseu,Vilaverdense,N/A,1,0.00,0.00,1.41,0.65,1,1,2,0,0,0,"90'7","90'5",4,3,2,1,3,0,1,2,3,0,15,8,5,3,8,3,18,13,54,46,0.00,0.00,1.70,0.94,0.00,0,0,0,0,0,0,0,0,0,0.00,0.00,1.74,3.50,3.65,1.30,1.88,3.50,6.50,1.83,1.83,Estádio Municipal do Fontelo (Viseu)
1691920800,Aug 13 2023 - 10:00am,complete,N/A,Porto II,CD Tondela,Rui Miguel Gomes Lima,1,0.00,0.00,1.29,1.53,1,1,2,1,1,0,"34","57",6,7,4,1,4,1,4,1,2,3,12,11,5,6,4,2,10,13,56,44,0.00,0.00,1.38,1.35,0.00,0,0,0,0,0,0,0,0,0,0.00,0.00,1.71,3.40,3.80,1.33,1.87,3.75,6.50,1.91,1.80,Estádio Luís Filipe Menezes (Vila Nova de Gaia)
1691931600,Aug 13 2023 - 1:00pm,complete,N/A,FC Penafiel,Leixões,David Rafael Oliveira Silva,1,0.00,0.00,1.47,1.41,3,0,3,1,1,0,"29,60,90'6","",2,7,2,0,4,0,1,1,3,1,11,5,7,0,4,4,13,16,42,58,0.00,0.00,1.52,0.93,0.00,0,0,0,0,0,0,0,0,0,0.00,0.00,2.10,3.15,3.05,1.39,2.19,4.05,7.90,2.00,1.73,Estádio Municipal 25 de Abril (Penafiel)
1691946000,Aug 13 2023 - 5:00pm,complete,N/A,Benfica II,CD Mafra,Pedro Ramalho,1,0.00,0.00,1.35,1.35,3,2,5,3,2,1,"27,29,81","45,52",5,5,2,0,2,0,0,2,0,2,12,11,6,6,3,3,15,8,51,49,0.00,0.00,1.41,1.29,0.00,0,0,0,0,0,0,0,0,0,0.00,0.00,2.23,3.35,2.68,1.22,1.61,2.85,4.75,1.62,2.20,Caixa Futebol Campus (Seixal)
1692093600,Aug 15 2023 - 10:00am,complete,N/A,UD Oliveirense,CD Feirense,N/A,1,0.00,0.00,1.00,0.35,3,1,4,1,1,0,"15,65,90'5","90'3",8,5,5,0,6,0,1,4,1,5,15,17,6,4,6,11,14,15,47,53,0.00,0.00,1.65,1.69,0.00,0,0,0,0,0,0,0,0,0,0.00,0.00,2.40,3.00,2.70,1.33,2.00,3.75,6.50,1.83,1.83,Estádio Carlos Osório (Oliveira de Azeméis)
1692205200,Aug 16 2023 - 5:00pm,complete,N/A,Santa Clara,Torreense,Iancu Ioan Vasilica,1,0.00,0.00,2.24,1.35,2,0,2,1,1,0,"18,70","",2,3,2,0,5,1,0,2,1,5,10,11,7,4,3,4,15,17,55,45,0.00,0.00,1.44,1.15,0.00,0,0,0,0,0,0,0,0,0,0.00,0.00,1.80,3.40,3.75,1.33,2.03,3.60,6.50,1.83,1.83,Estádio de São Miguel (Ponta Delgada- Ilha de São Miguel- Açores)
1692378000,Aug 18 2023 - 5:00pm,complete,N/A,CS Marítimo,AVS,Sérgio José dos Santos Guelho,2,0.00,0.00,1.76,2.06,0,1,1,0,0,0,"","63",3,5,6,0,4,0,1,5,2,2,11,11,4,4,5,5,14,16,52,48,0.00,0.00,1.25,1.31,0.00,0,0,0,0,0,0,0,0,0,0.00,0.00,1.93,3.55,4.00,1.31,2.04,3.30,6.50,1.79,1.98,Estádio dos Barreiros (Funchal (Ilha da Madeira))
1692439200,Aug 19 2023 - 10:00am,complete,N/A,CD Mafra,Paços de Ferreira,Carlos André Fernandes Macedo,2,0.00,0.00,1.24,1.29,2,1,3,3,2,1,"39,43","41",4,7,1,0,2,0,0,1,0,2,16,13,5,5,7,6,17,16,46,54,0.00,0.00,1.46,1.48,0.00,0,0,0,0,0,0,0,0,0,0.00,0.00,2.10,3.30,3.00,1.28,1.86,3.30,5.70,1.67,2.15,Estádio Municipal de Mafra (Mafra)
1692450000,Aug 19 2023 - 1:00pm,complete,N/A,União de Leiria,Benfica II,Márcio André Dias Torres,2,0.00,0.00,1.59,1.29,3,1,4,3,2,1,"13,28,71","36",1,5,4,0,2,0,1,3,0,2,8,11,4,3,3,7,11,7,34,66,0.00,0.00,0.85,1.21,0.00,0,0,0,0,0,0,0,0,0,0.00,0.00,2.10,3.50,2.90,1.22,1.75,2.90,5.00,1.64,2.20,Estádio Dr. Magalhães Pessoa (Leiria)
1692455400,Aug 19 2023 - 2:30pm,complete,N/A,CD Tondela,Academico Viseu,N/A,2,0.00,0.00,1.35,1.12,2,2,4,3,2,1,"41,45'4","23,78",6,4,2,0,2,0,0,2,1,1,3,4,3,3,0,1,2,4,51,49,0.00,0.00,0.46,0.53,0.00,0,0,0,0,0,0,0,0,0,0.00,0.00,2.25,3.20,2.87,1.36,2.07,3.75,7.00,1.79,1.98,Estádio João Cardoso (Tondela)
1692525600,Aug 20 2023 - 10:00am,complete,N/A,Vilaverdense,UD Oliveirense,João Pedro Costa Teixeira Afonso,2,0.00,0.00,1.00,1.00,1,2,3,1,0,1,"60","45,90'2",4,6,4,0,5,0,0,4,2,3,18,9,8,7,7,2,22,13,50,50,0.00,0.00,2.08,1.50,0.00,0,0,0,0,0,0,0,0,0,0.00,0.00,2.14,3.28,3.05,1.33,1.93,3.75,6.50,1.80,1.95,Campo Cruz Do Reguengo (Vila Verde)
1692536400,Aug 20 2023 - 1:00pm,complete,N/A,CF Os Belenenses,Porto II,N/A,2,0.00,0.00,0.94,1.29,1,1,2,0,0,0,"67","74",5,6,1,0,2,0,0,1,0,2,15,9,6,5,5,2,13,14,54,46,0.00,0.00,1.62,1.16,0.00,0,0,0,0,0,0,0,0,0,0.00,0.00,2.55,3.20,2.50,1.33,1.87,3.40,6.50,1.80,1.91,Estádio do Restelo (Lisboa)
1692559800,Aug 20 2023 - 7:30pm,complete,N/A,CD Feirense,FC Penafiel,Miguel Bertolo Nogueira,2,0.00,0.00,1.47,0.82,2,0,2,0,0,0,"82,90'1","",9,5,4,0,2,2,2,2,2,2,24,7,7,4,10,1,15,12,65,35,0.00,0.00,2.15,0.85,0.00,0,0,0,0,0,0,0,0,0,0.00,0.00,2.32,3.10,2.71,1.40,2.30,4.20,7.50,1.93,1.83,Estádio Carlos Osório (Oliveira de Azeméis)
1692639900,Aug 21 2023 - 5:45pm,complete,N/A,Torreense,CD Nacional,Carlos Teixeira,2,0.00,0.00,1.47,1.71,3,0,3,2,2,0,"24,45'1,62","",5,3,3,0,1,1,1,2,2,0,16,17,10,6,4,5,19,9,51,49,0.00,0.00,2.04,1.46,0.00,0,0,0,0,0,0,0,0,0,0.00,0.00,2.20,3.00,3.00,1.33,2.05,3.62,7.10,1.75,1.93,Campo Manuel Marques (Torres Vedras)
1692647100,Aug 21 2023 - 7:45pm,complete,N/A,Leixões,Santa Clara,N/A,2,0.00,0.00,0.76,2.06,0,0,0,0,0,0,"","",2,3,4,0,4,0,1,3,0,4,9,16,3,6,3,6,23,13,54,46,0.00,0.00,0.91,1.50,0.00,0,0,0,0,0,0,0,0,0,0.00,0.00,2.69,3.20,2.30,1.30,1.97,3.40,6.40,1.70,2.00,Estádio do Mar (Matosinhos)
1693044000,Aug 26 2023 - 10:00am,complete,N/A,Academico Viseu,CD Feirense,Nuno Miguel Serrano Almeida,3,1.00,0.00,1.41,0.35,2,0,2,1,1,0,"37,62","",3,5,3,0,2,0,0,3,1,1,16,16,4,5,7,10,18,8,45,55,1.70,1.69,1.34,1.77,3.00,100,100,50,50,0,0,50,100,100,9.00,9.00,2.10,3.25,2.97,1.33,2.06,3.60,6.50,1.80,1.95,Estádio Municipal do Fontelo (Viseu)
1693054800,Aug 26 2023 - 1:00pm,complete,N/A,Paços de Ferreira,CD Tondela,Ricardo Baixinho,3,1.00,1.00,1.76,1.53,5,1,6,4,4,0,"11,18,30,35,74","70",4,7,4,0,4,0,2,2,2,2,11,9,6,4,4,4,15,26,48,52,1.50,1.35,1.45,1.18,1.00,50,50,0,0,0,0,50,0,50,12.00,10.00,1.90,3.44,3.95,1.33,2.10,3.54,6.90,1.88,1.82,Estádio da Capital do Móvel (Paços de Ferreira)
1693060200,Aug 26 2023 - 2:30pm,complete,N/A,CF Os Belenenses,CD Mafra,Vitor Jorge Fernandes Ferreira,3,1.00,0.00,0.94,1.35,1,1,2,1,1,0,"40","58",3,3,3,0,2,0,1,2,1,1,10,12,5,3,4,7,14,10,41,59,1.62,1.29,1.27,1.25,3.50,100,100,50,50,50,50,50,100,100,10.00,3.00,2.50,3.20,2.75,1.29,1.93,3.25,6.25,1.73,1.99,Estádio do Restelo (Lisboa)
1693130400,Aug 27 2023 - 10:00am,complete,N/A,Porto II,União de Leiria,Frederico João Gonçalves Santos B. Martins,3,1.00,1.00,1.29,0.88,2,1,3,0,0,0,"69,88","90'3",2,6,1,0,1,0,0,1,0,1,8,10,5,3,3,3,13,11,50,50,1.38,1.52,1.14,0.87,1.00,50,50,0,0,0,0,50,0,50,16.00,8.00,2.15,3.10,3.10,1.26,1.93,3.08,5.75,1.69,2.11,Estádio Luís Filipe Menezes (Vila Nova de Gaia)
1693130400,Aug 27 2023 - 10:00am,complete,N/A,UD Oliveirense,FC Penafiel,N/A,3,3.00,0.00,1.00,0.82,3,1,4,3,2,1,"31,45'3,69","24",6,6,2,0,2,0,0,2,1,1,18,14,7,5,5,9,13,25,55,45,1.65,0.85,1.59,1.72,3.00,50,100,50,50,0,0,50,100,100,13.00,10.00,2.38,3.00,2.80,1.33,1.95,3.75,6.50,1.80,1.91,Estádio Carlos Osório (Oliveira de Azeméis)
1693141200,Aug 27 2023 - 1:00pm,complete,N/A,Santa Clara,Vilaverdense,Pedro Ramalho,3,3.00,1.00,2.24,0.65,2,0,2,1,1,0,"6,83","",1,2,3,0,4,0,1,2,1,3,12,8,4,2,5,3,24,9,45,55,1.44,0.94,1.16,0.85,2.00,50,100,0,0,0,0,50,50,100,5.00,5.00,1.53,3.60,5.50,1.30,1.87,3.40,6.00,2.00,1.73,Estádio de São Miguel (Ponta Delgada- Ilha de São Miguel- Açores)
1693146600,Aug 27 2023 - 2:30pm,complete,N/A,Benfica II,CS Marítimo,N/A,3,3.00,3.00,1.35,2.00,0,1,1,1,0,1,"","11",4,5,1,1,5,0,2,0,2,3,5,14,3,5,2,7,7,18,55,45,1.41,0.96,1.01,1.62,4.00,100,100,100,50,50,100,100,50,100,11.00,7.00,2.89,3.44,2.31,1.25,1.72,3.00,5.20,1.63,2.20,Caixa Futebol Campus (Seixal)
1693155600,Aug 27 2023 - 5:00pm,complete,N/A,AVS,Torreense,Anzhony Francisco Gonçalves Rodrigues,3,3.00,0.00,1.71,1.35,0,0,0,0,0,0,"","",6,0,4,0,2,0,3,1,1,1,18,7,5,2,11,5,17,9,65,35,1.18,1.15,2.10,0.85,1.50,0,50,0,0,0,0,100,0,50,10.00,9.00,1.86,3.50,4.09,1.33,1.94,3.60,6.50,1.85,1.90,Estádio Clube Desportivo das Aves (Vila das Aves)
1693242000,Aug 28 2023 - 5:00pm,complete,1671,CD Nacional,Leixões,Manuel Antonio Rodrigues Oliveira,3,0.00,0.00,2.47,1.41,3,1,4,2,2,0,"9,13,70","78",4,9,2,0,3,1,2,0,1,3,10,21,5,9,2,6,14,12,41,59,1.07,0.93,1.13,2.30,3.00,50,100,100,0,0,50,100,50,100,10.00,12.00,2.12,3.20,2.97,1.28,2.00,3.50,5.70,1.77,1.93,Estádio da Madeira (Funchal (Ilha da Madeira))
1693587600,Sep 01 2023 - 5:00pm,complete,N/A,CD Tondela,CF Os Belenenses,Márcio André Dias Torres,4,1.00,0.00,1.35,0.59,0,1,1,0,0,0,"","54",7,4,3,0,1,0,1,2,0,1,12,9,5,4,6,3,15,8,57,43,0.46,1.79,1.61,1.02,2.50,50,50,50,50,0,50,100,0,50,12.00,4.00,2.07,3.18,3.20,1.33,2.03,3.50,6.75,1.91,1.80,Estádio João Cardoso (Tondela)
1693648800,Sep 02 2023 - 10:00am,complete,N/A,CD Mafra,Porto II,Sérgio José dos Santos Guelho,4,3.00,1.00,1.24,1.29,2,1,3,3,2,1,"16,44","24",5,9,2,0,2,0,1,1,0,2,18,12,8,7,5,4,17,8,40,60,1.46,1.16,1.75,1.78,2.50,100,100,50,0,0,50,50,50,50,10.00,3.00,2.02,2.10,7.12,1.30,1.97,3.50,6.00,1.75,2.00,Estádio Municipal de Mafra (Mafra)
1693659600,Sep 02 2023 - 1:00pm,complete,N/A,CD Feirense,Santa Clara,N/A,4,3.00,1.00,1.47,2.06,0,2,2,1,0,1,"","41,50",3,3,3,0,4,0,0,3,1,3,8,11,3,6,3,3,10,14,56,44,2.15,1.50,1.00,1.26,1.00,0,50,0,0,0,0,0,50,50,12.00,8.00,2.49,3.06,2.39,1.36,2.10,3.75,6.50,1.83,1.90,Estádio do Bessa Século XXI (Porto)
1693665000,Sep 02 2023 - 2:30pm,complete,N/A,União de Leiria,AVS,Carlos André Fernandes Macedo,4,3.00,3.00,1.59,2.06,1,2,3,1,0,1,"67","22,51",7,1,2,0,6,1,1,1,1,6,14,6,6,5,4,1,18,14,58,42,0.85,1.31,1.54,0.91,2.50,50,50,50,50,0,50,50,0,100,6.00,8.00,2.05,3.30,3.20,1.33,1.95,3.40,6.50,1.80,1.91,Estádio Dr. Magalhães Pessoa (Leiria)
1693665000,Sep 02 2023 - 2:30pm,complete,N/A,FC Penafiel,Academico Viseu,João Pedro Costa Teixeira Afonso,4,3.00,1.00,1.47,1.12,0,0,0,0,0,0,"","",8,5,3,0,2,0,1,2,2,0,21,14,0,4,11,6,16,11,52,48,1.52,0.53,1.20,1.30,3.50,50,100,100,50,0,50,100,50,100,6.00,4.00,2.30,3.20,2.75,1.33,2.00,3.75,7.00,1.83,1.87,Estádio Municipal 25 de Abril (Penafiel)
1693674000,Sep 02 2023 - 5:00pm,complete,N/A,CS Marítimo,Paços de Ferreira,Frederico João Gonçalves Santos B. Martins,4,0.00,0.00,1.76,1.29,2,0,2,1,1,0,"14,70","",4,10,4,0,3,0,0,4,1,2,9,13,3,2,2,7,16,18,47,53,1.25,1.48,0.97,1.43,2.00,50,50,50,0,0,50,50,0,50,10.00,8.00,2.17,3.38,3.19,1.30,1.95,3.50,6.00,1.78,1.93,Estádio dos Barreiros (Funchal (Ilha da Madeira))
1693735200,Sep 03 2023 - 10:00am,complete,N/A,Torreense,UD Oliveirense,N/A,4,3.00,3.00,1.47,1.00,3,1,4,2,2,0,"5,8,90'5","61",8,5,3,0,2,0,2,1,0,2,19,13,8,4,8,7,16,13,40,60,2.04,1.50,1.96,1.42,3.00,50,100,100,0,0,50,100,50,100,11.00,8.00,1.15,8.96,7.63,1.33,2.04,3.75,6.50,1.78,1.93,Campo Manuel Marques (Torres Vedras)
1693746000,Sep 03 2023 - 1:00pm,complete,N/A,Leixões,Benfica II,Rui Miguel Gomes Lima,4,1.00,0.00,0.76,1.29,1,1,2,1,0,1,"90'4","26",2,2,3,0,5,0,1,2,1,4,15,11,5,5,7,4,12,15,50,50,0.91,1.21,1.54,1.27,2.00,50,50,50,50,0,50,50,0,50,7.00,6.00,2.35,3.30,2.56,1.28,1.81,3.20,5.55,1.68,2.10,Estádio do Mar (Matosinhos)
1693751400,Sep 03 2023 - 2:30pm,complete,N/A,Vilaverdense,CD Nacional,N/A,4,0.00,0.00,1.00,1.71,1,2,3,1,0,1,"64","45'1,46",9,6,4,0,4,0,2,2,1,3,17,15,5,8,8,4,15,16,57,43,2.08,1.46,1.75,1.70,3.00,50,100,100,0,0,50,100,50,100,7.00,7.00,2.05,3.25,3.05,1.31,1.95,3.46,6.60,1.81,1.89,Estádio da Capital do Móvel (Paços de Ferreira)
1694805300,Sep 15 2023 - 7:15pm,complete,N/A,Paços de Ferreira,Leixões,Tiago Bruno Lopes Martins,5,2.00,0.00,1.76,1.41,1,2,3,2,0,2,"85","26,41",9,7,6,0,3,0,1,5,1,2,16,12,8,4,3,6,16,12,63,37,1.48,1.62,1.77,1.24,3.25,50,75,75,50,25,50,75,75,75,12.50,8.00,1.57,3.50,5.25,1.33,1.95,3.40,6.50,2.05,1.73,Estádio da Capital do Móvel (Paços de Ferreira)
1694858400,Sep 16 2023 - 10:00am,complete,N/A,Porto II,CS Marítimo,Pedro Ramalho,5,2.00,3.00,1.29,2.00,0,2,2,0,0,0,"","55,90'5",7,6,5,0,2,0,1,4,0,2,11,9,2,3,9,5,15,12,49,51,1.26,1.29,1.29,1.09,2.25,75,75,50,0,0,25,75,25,75,9.50,8.00,2.48,3.05,2.58,1.33,2.07,3.40,6.50,1.77,2.00,Estádio Luís Filipe Menezes (Vila Nova de Gaia)
1694858400,Sep 16 2023 - 10:00am,complete,N/A,AVS,Vilaverdense,Gustavo Fernandes Correia,5,2.00,0.50,1.71,0.65,2,0,2,1,1,0,"27,63","",6,6,1,0,3,0,0,1,1,2,16,8,8,6,5,1,13,10,61,39,1.64,0.90,1.82,1.24,1.25,25,50,0,0,0,0,50,25,50,9.00,7.00,1.84,3.53,4.21,1.33,2.06,3.75,6.50,1.90,1.83,Estádio Clube Desportivo das Aves (Vila das Aves)
1694869200,Sep 16 2023 - 1:00pm,complete,N/A,CD Nacional,CD Feirense,N/A,5,1.50,0.00,2.47,0.35,1,0,1,0,0,0,"74","",13,2,3,0,2,1,2,1,1,2,18,9,5,2,9,3,12,6,52,48,1.10,1.73,1.81,0.76,3.25,75,100,75,50,0,50,100,50,100,8.50,9.00,2.25,3.30,2.69,1.30,2.01,3.30,6.00,1.75,2.00,Estádio da Madeira (Funchal (Ilha da Madeira))
1694874600,Sep 16 2023 - 2:30pm,complete,N/A,Santa Clara,FC Penafiel,N/A,5,3.00,0.00,2.24,0.82,0,0,0,0,0,0,"","",7,7,6,0,4,0,2,4,1,3,13,13,5,3,5,8,12,10,58,42,1.30,1.28,1.49,1.25,2.50,25,100,25,25,0,25,75,25,100,7.00,6.00,1.57,3.70,5.75,1.30,2.02,3.50,6.50,2.03,1.75,Estádio de São Miguel (Ponta Delgada- Ilha de São Miguel- Açores)
1694883600,Sep 16 2023 - 5:00pm,complete,N/A,CD Tondela,CD Mafra,N/A,5,0.50,0.50,1.35,1.35,2,1,3,0,0,0,"55,79","90'4",3,6,5,0,3,0,2,3,1,2,13,9,7,4,5,3,6,13,43,57,1.03,1.27,1.83,1.23,3.00,75,75,50,50,25,50,75,25,100,10.50,4.50,2.25,3.10,3.10,1.33,2.04,3.60,6.50,1.75,2.00,Estádio João Cardoso (Tondela)
1694944800,Sep 17 2023 - 10:00am,complete,N/A,UD Oliveirense,Academico Viseu,David Rafael Oliveira Silva,5,3.00,1.00,1.00,1.12,2,2,4,1,0,1,"47,62","18,73",12,6,1,0,2,0,0,1,0,2,18,15,7,6,8,8,16,13,54,46,1.62,0.92,1.94,1.65,3.00,75,75,75,75,0,50,75,25,75,11.50,5.50,2.85,3.40,2.23,1.28,1.81,3.30,5.50,1.70,2.10,Estádio Carlos Osório (Oliveira de Azeméis)
1694955600,Sep 17 2023 - 1:00pm,complete,N/A,CF Os Belenenses,União de Leiria,Carlos Teixeira,5,1.00,0.50,0.94,0.88,0,5,5,3,0,3,"","9,30,45'7,55,90",7,2,3,0,1,0,2,1,1,0,16,14,3,10,8,2,16,14,56,44,1.45,1.19,1.37,1.79,1.75,75,75,25,0,0,0,25,50,75,12.00,4.00,2.85,3.20,2.32,1.33,1.96,3.75,7.00,1.80,1.95,Estádio do Restelo (Lisboa)
1694970000,Sep 17 2023 - 5:00pm,complete,N/A,Benfica II,Torreense,N/A,5,1.50,0.50,1.35,1.35,0,2,2,0,0,0,"","66,72",4,5,2,1,3,0,2,1,0,3,8,13,3,5,4,8,15,9,55,45,1.21,1.00,1.02,1.53,2.00,25,50,25,25,25,25,75,25,50,6.00,6.50,2.27,3.40,2.61,1.28,1.88,3.20,5.50,1.68,2.10,Caixa Futebol Campus (Seixal)
1696006800,Sep 29 2023 - 5:00pm,complete,N/A,Vilaverdense,Benfica II,Anzhony Francisco Gonçalves Rodrigues,6,0.00,0.50,1.00,1.29,1,4,5,3,0,3,"70","5,7,41,90'2",5,5,3,0,1,0,0,3,0,1,17,11,4,6,10,2,14,10,47,53,1.91,1.24,1.58,1.33,3.00,100,100,75,25,0,25,100,50,100,10.00,7.50,2.54,3.35,2.49,1.25,1.73,2.75,5.00,1.67,2.10,Estádio da Capital do Móvel (Paços de Ferreira)
1696068000,Sep 30 2023 - 10:00am,complete,N/A,UD Oliveirense,Santa Clara,Vitor Jorge Fernandes Ferreira,6,2.33,2.00,1.00,2.06,1,1,2,1,1,0,"38","90'1",6,6,4,0,5,0,0,4,3,2,11,16,5,5,6,4,15,15,48,52,1.73,1.38,1.46,1.52,2.50,50,75,50,50,0,17,75,34,75,11.67,6.67,3.40,3.30,2.00,1.36,1.98,3.50,7.00,1.85,1.85,Estádio Carlos Osório (Oliveira de Azeméis)
1696078800,Sep 30 2023 - 1:00pm,complete,N/A,CS Marítimo,CD Mafra,Ricardo Baixinho,6,1.50,0.33,1.76,1.35,1,2,3,2,1,1,"27","21,90'11",11,4,2,1,5,1,0,3,1,5,10,14,6,5,2,6,8,13,45,55,1.11,1.26,1.52,1.41,2.42,50,75,34,17,17,17,59,34,100,8.17,7.33,1.72,3.65,4.10,1.33,1.96,3.50,6.50,1.83,1.87,Estádio dos Barreiros (Funchal (Ilha da Madeira))
1696154400,Oct 01 2023 - 10:00am,complete,N/A,Academico Viseu,AVS,Frederico João Gonçalves Santos B. Martins,6,2.00,3.00,1.41,2.06,1,2,3,0,0,0,"46","59,71",8,5,0,0,1,0,0,0,0,1,15,13,6,11,6,2,14,13,60,40,1.52,1.11,1.68,1.91,2.00,50,75,25,0,0,0,50,50,100,6.50,9.00,2.05,3.25,3.30,1.38,2.07,4.00,7.00,1.90,1.85,Estádio Municipal do Fontelo (Viseu)
1696165200,Oct 01 2023 - 1:00pm,complete,N/A,Leixões,Porto II,Carlos Teixeira,6,1.00,0.50,0.76,1.29,1,3,4,1,1,0,"44","56,90'3,90'11",3,5,4,0,5,0,0,4,1,4,17,16,7,8,8,4,14,17,45,55,1.22,1.47,1.96,2.01,1.75,75,75,25,0,0,25,50,25,50,9.50,5.50,2.48,3.15,2.65,1.30,1.94,3.25,6.00,1.73,2.00,Estádio do Mar (Matosinhos)
1696179600,Oct 01 2023 - 5:00pm,complete,N/A,CD Feirense,Paços de Ferreira,Fábio José Costa Veríssimo,6,1.50,0.00,1.47,1.29,1,0,1,0,0,0,"81","",6,7,3,0,4,1,0,3,1,4,7,7,3,0,3,4,11,16,48,52,1.58,1.45,0.96,0.63,2.25,25,100,25,0,0,25,75,25,75,14.50,6.00,2.92,3.25,2.20,1.36,2.00,3.50,7.00,1.85,1.85,Estádio Marcolino de Castro (Santa Maria da Feira)
1696188600,Oct 01 2023 - 7:30pm,complete,N/A,União de Leiria,CD Tondela,Pedro Ramalho,6,1.50,0.50,1.59,1.53,2,2,4,1,1,0,"43,70","56,90'11",10,6,4,0,5,0,0,4,2,3,9,10,4,5,3,4,12,16,47,53,1.20,1.27,1.29,1.43,3.75,100,100,75,50,25,50,100,50,100,11.00,8.00,1.90,3.30,3.63,1.36,2.00,3.50,7.00,1.87,1.89,Estádio Dr. Magalhães Pessoa (Leiria)
1696266000,Oct 02 2023 - 5:00pm,complete,N/A,FC Penafiel,CD Nacional,Sérgio José dos Santos Guelho,6,2.00,1.50,1.47,1.71,1,4,5,4,1,3,"2","16,18,20,61",5,7,3,0,3,0,2,1,1,2,14,17,7,7,5,5,15,14,47,53,1.36,1.58,1.90,1.77,2.25,25,75,75,0,0,25,75,50,75,9.50,6.00,2.10,3.25,3.11,1.36,2.00,3.75,5.70,1.83,1.90,Estádio Municipal 25 de Abril (Penafiel)
1696274100,Oct 02 2023 - 7:15pm,complete,N/A,Torreense,CF Os Belenenses,N/A,6,3.00,1.50,1.47,0.59,2,2,4,1,1,0,"22,54","86,90'1",5,8,2,0,4,0,0,2,1,3,8,18,4,9,4,6,7,17,49,51,2.00,1.41,1.15,2.07,2.25,25,50,50,25,0,50,75,25,75,11.50,4.50,1.65,3.50,4.69,1.33,1.96,3.40,6.00,1.91,1.80,Campo Manuel Marques (Torres Vedras)
1696611600,Oct 06 2023 - 5:00pm,complete,N/A,Santa Clara,Academico Viseu,Rui Miguel Gomes Lima,7,2.33,1.00,2.24,1.12,2,0,2,1,1,0,"12,53","",2,8,1,0,2,0,0,1,1,1,8,12,4,3,3,5,8,10,38,62,1.36,1.16,0.96,1.30,2.00,34,67,34,34,0,17,67,17,67,8.33,5.67,1.90,3.25,4.20,1.36,2.10,3.75,7.00,1.85,1.90,Estádio de São Miguel (Ponta Delgada- Ilha de São Miguel- Açores)
1696672800,Oct 07 2023 - 10:00am,complete,1262,CD Nacional,UD Oliveirense,Carlos André Fernandes Macedo,7,2.00,1.50,2.47,1.00,5,0,5,4,4,0,"3,10,21,45'3,52","",2,5,3,0,2,0,0,3,1,1,15,10,8,3,6,6,15,9,46,54,1.34,1.46,1.71,1.12,3.09,84,84,84,42,0,59,84,67,100,12.17,7.83,2.19,3.46,3.13,1.30,2.00,3.50,6.00,1.75,2.00,Estádio da Madeira (Funchal (Ilha da Madeira))
1696683600,Oct 07 2023 - 1:00pm,complete,N/A,CD Tondela,Leixões,Tiago Bruno Lopes Martins,7,1.33,1.00,1.35,1.41,4,2,6,3,2,1,"27,45,50,60","33,78",6,7,0,0,0,0,0,0,0,0,11,15,7,5,4,5,13,11,41,59,1.30,1.49,1.63,1.49,3.00,67,84,84,33,0,50,67,50,100,13.00,7.00,2.12,3.10,3.10,1.36,2.05,3.75,7.00,1.85,1.90,Estádio João Cardoso (Tondela)
1696698000,Oct 07 2023 - 5:00pm,complete,N/A,Paços de Ferreira,Vilaverdense,Cláudio Filipe Ruivo Pereira,7,1.33,0.33,1.76,0.65,2,0,2,0,0,0,"69,81","",6,9,1,0,3,0,0,1,1,2,17,11,7,4,8,4,12,13,47,53,1.58,1.01,1.90,1.39,2.50,50,84,34,17,17,34,67,33,84,9.67,8.00,1.65,3.60,4.40,1.30,1.97,3.50,6.00,1.87,1.87,Estádio da Capital do Móvel (Paços de Ferreira)
1696759200,Oct 08 2023 - 10:00am,complete,N/A,CD Mafra,União de Leiria,Bruno Vieira,7,3.00,1.33,1.24,0.88,3,0,3,2,2,0,"20,41,52","",3,4,3,0,2,0,0,3,0,2,9,17,4,2,4,9,15,12,44,56,1.60,1.39,1.09,1.21,2.84,67,84,84,17,17,67,67,34,34,10.50,3.17,2.50,3.40,2.60,1.33,1.83,3.40,6.00,1.72,2.07,Estádio Municipal de Mafra (Mafra)
1696759200,Oct 08 2023 - 10:00am,complete,N/A,Porto II,Torreense,N/A,7,1.33,1.33,1.29,1.35,2,2,4,1,1,0,"24,63","49,82",3,3,3,0,3,0,0,3,0,3,11,8,5,4,3,2,8,7,59,41,1.27,1.18,1.24,1.01,1.83,34,84,17,0,0,0,33,50,84,7.67,7.34,2.40,3.20,2.90,1.33,2.00,3.40,6.50,1.75,2.03,Estádio Luís Filipe Menezes (Vila Nova de Gaia)
1696770000,Oct 08 2023 - 1:00pm,complete,N/A,CF Os Belenenses,CS Marítimo,N/A,7,0.67,3.00,0.94,2.00,1,2,3,1,0,1,"90'11","39,55",4,8,1,0,2,0,0,1,0,2,10,14,5,6,3,6,7,12,46,54,1.42,1.22,1.26,1.60,2.50,50,84,33,17,17,33,67,50,84,10.67,6.33,3.40,3.30,2.10,1.33,1.93,3.75,6.50,1.83,1.90,Estádio do Restelo (Lisboa)
1696784400,Oct 08 2023 - 5:00pm,complete,N/A,Benfica II,CD Feirense,Márcio André Dias Torres,7,1.00,0.00,1.35,0.35,2,3,5,4,1,3,"41,56","40,42,45'5",4,7,2,0,3,0,1,1,1,2,11,7,6,4,4,3,7,8,50,50,1.15,1.40,1.63,1.26,2.50,33,67,33,33,17,17,67,50,84,8.33,7.00,1.90,3.40,3.51,1.28,1.96,3.30,5.50,1.72,2.05,Caixa Futebol Campus (Seixal)
1696878900,Oct 09 2023 - 7:15pm,complete,N/A,AVS,FC Penafiel,Hélder Miguel Azevedo Malheiro,7,2.33,0.33,1.71,0.82,1,0,1,1,1,0,"9","",4,11,2,0,1,0,0,2,1,0,16,9,5,3,7,3,23,12,53,47,1.70,1.27,1.63,1.26,1.50,17,50,17,17,0,17,50,17,50,12.33,6.34,1.50,3.75,6.25,1.36,2.10,3.75,7.00,2.00,1.73,Estádio Clube Desportivo das Aves (Vila das Aves)
1698426000,Oct 27 2023 - 5:00pm,complete,N/A,FC Penafiel,CD Mafra,Vitor Jorge Fernandes Ferreira,8,1.33,1.00,1.47,1.35,1,0,1,1,1,0,"45'4","",4,2,3,0,3,1,2,1,2,2,14,8,6,2,5,3,18,19,53,47,1.54,1.30,1.74,0.88,2.96,67,84,71,29,29,42,71,42,84,9.50,6.17,2.45,3.25,2.50,1.33,2.05,3.60,6.75,1.75,1.90,Estádio Municipal 25 de Abril (Penafiel)
1698487200,Oct 28 2023 - 10:00am,complete,N/A,Torreense,Paços de Ferreira,Anzhony Francisco Gonçalves Rodrigues,8,2.33,0.00,1.47,1.29,1,2,3,2,1,1,"19","29,72",1,3,3,0,3,0,0,3,0,3,7,9,3,6,2,3,17,16,50,50,1.72,1.18,0.83,1.33,2.84,50,84,67,34,0,50,84,34,84,14.00,6.34,1.97,3.30,3.20,1.33,1.95,3.40,6.50,1.80,1.91,Campo Manuel Marques (Torres Vedras)
1698498000,Oct 28 2023 - 1:00pm,complete,N/A,Leixões,CF Os Belenenses,Artur Manuel Ribeiro Soares Dias,8,0.67,1.33,0.76,0.59,1,0,1,0,0,0,"82","",11,3,4,0,1,0,3,1,1,0,14,7,5,3,9,4,8,3,55,45,1.47,1.63,1.90,0.97,2.00,50,50,33,33,0,0,67,33,67,8.33,6.00,2.29,3.15,2.75,1.36,1.95,3.75,6.90,1.82,1.94,Estádio do Mar (Matosinhos)
1698503400,Oct 28 2023 - 2:30pm,complete,N/A,CS Marítimo,CD Tondela,N/A,8,1.00,0.67,1.76,1.53,2,2,4,0,0,0,"72,74","55,63",5,2,2,0,5,0,1,1,1,4,21,11,7,5,11,5,12,22,53,47,1.25,1.32,2.13,1.27,3.00,67,84,50,34,17,33,84,34,100,12.67,9.67,1.75,3.55,3.80,1.33,2.06,3.30,6.00,1.95,1.80,Estádio dos Barreiros (Funchal (Ilha da Madeira))
1698577200,Oct 29 2023 - 11:00am,complete,N/A,Academico Viseu,CD Nacional,António Emanuel Carvalho Nobre,8,1.33,2.00,1.41,1.71,1,1,2,2,1,1,"38","13",10,3,1,1,1,0,1,1,0,1,20,14,11,3,5,7,11,9,48,52,1.57,1.64,2.13,1.11,3.00,67,100,67,17,17,34,67,50,100,10.33,5.33,2.10,3.40,3.00,1.25,1.68,3.00,5.00,1.68,2.10,Estádio Municipal do Fontelo (Viseu)
1698588000,Oct 29 2023 - 2:00pm,complete,N/A,CD Feirense,AVS,João Pedro Silva Pinheiro,8,2.00,3.00,1.47,2.06,1,2,3,2,1,1,"24","21,82",5,8,2,0,3,0,0,2,1,2,11,18,4,10,4,5,11,16,51,49,1.37,1.38,1.22,2.12,2.00,34,67,34,0,0,0,33,50,100,9.67,7.66,2.80,3.05,2.40,1.36,2.04,4.00,7.00,1.85,1.90,Estádio Marcolino de Castro (Santa Maria da Feira)
1698593400,Oct 29 2023 - 3:30pm,complete,N/A,Santa Clara,Benfica II,Pedro Ramalho,8,2.50,1.33,2.24,1.29,1,1,2,2,1,1,"6","24",9,5,5,0,2,0,0,5,1,1,10,7,6,4,4,1,16,18,54,46,1.26,1.27,1.62,0.93,2.59,50,88,34,34,17,34,88,17,88,7.00,5.67,1.57,3.75,4.75,1.25,1.85,2.95,5.50,1.72,2.05,Estádio de São Miguel (Ponta Delgada- Ilha de São Miguel- Açores)
1698602400,Oct 29 2023 - 6:00pm,complete,N/A,UD Oliveirense,União de Leiria,Miguel Bertolo Nogueira,8,2.00,1.00,1.00,0.88,1,4,5,2,0,2,"83","6,30,56,61",6,4,3,0,4,0,3,0,1,3,18,12,4,10,6,2,10,16,60,40,1.66,1.35,1.59,1.86,3.13,63,88,75,50,13,38,75,50,88,13.50,4.75,2.40,3.50,2.40,1.25,1.60,3.00,5.20,1.63,2.20,Estádio Carlos Osório (Oliveira de Azeméis)
1698688800,Oct 30 2023 - 6:00pm,complete,N/A,Vilaverdense,Porto II,N/A,8,0.00,1.33,1.00,1.29,0,5,5,1,0,1,"","8,58,65,68,72",4,8,1,0,0,0,0,1,0,0,9,19,2,11,5,5,16,9,43,57,1.80,1.65,1.03,2.33,3.34,100,100,84,33,17,33,84,84,84,12.67,6.67,2.57,3.05,2.49,1.25,1.89,3.10,5.50,1.65,2.15,Campo Cruz Do Reguengo (Vila Verde)
1699095600,Nov 04 2023 - 11:00am,complete,N/A,Porto II,CD Feirense,Sérgio José dos Santos Guelho,9,1.25,0.75,1.29,0.35,2,0,2,0,0,0,"51,57","",8,2,1,0,3,0,1,0,1,2,9,6,4,3,5,3,7,6,56,44,1.26,1.37,1.10,0.78,2.88,63,88,50,38,13,13,63,50,100,9.25,7.25,2.10,3.30,2.94,1.30,1.98,3.30,5.75,1.74,2.04,Estádio Luís Filipe Menezes (Vila Nova de Gaia)
1699095600,Nov 04 2023 - 11:00am,complete,N/A,CD Mafra,Leixões,António Emanuel Carvalho Nobre,9,3.00,0.75,1.24,1.41,0,1,1,0,0,0,"","63",5,4,3,0,1,0,1,2,0,1,9,14,3,7,5,6,17,16,59,41,1.43,1.49,1.30,1.67,3.50,71,100,100,25,13,88,100,38,67,11.50,4.75,1.87,3.45,3.40,1.29,1.86,3.00,5.50,1.73,2.00,Estádio Municipal de Mafra (Mafra)
1699111800,Nov 04 2023 - 3:30pm,complete,N/A,CF Os Belenenses,Vilaverdense,N/A,9,0.50,0.25,0.94,0.65,0,2,2,1,0,1,"","41,90",9,4,5,1,6,0,2,4,1,5,19,15,7,9,4,2,17,11,53,47,1.38,1.11,1.76,1.73,2.50,50,100,25,13,13,13,63,63,100,9.75,5.25,2.22,2.87,2.78,1.33,1.90,3.40,6.00,1.81,1.95,Estádio do Restelo (Lisboa)
1699120800,Nov 04 2023 - 6:00pm,complete,N/A,CD Nacional,Santa Clara,Bruno Vieira,9,2.25,1.67,2.47,2.06,1,1,2,2,1,1,"22","17",4,8,4,0,5,0,1,3,1,4,17,15,3,5,11,7,15,12,61,39,1.43,1.42,1.49,1.43,2.29,42,71,38,25,13,38,71,13,84,9.50,8.33,2.73,2.87,2.25,1.30,1.88,3.40,6.50,1.73,2.00,Estádio da Madeira (Funchal (Ilha da Madeira))
1699120800,Nov 04 2023 - 6:00pm,complete,N/A,Benfica II,FC Penafiel,N/A,9,0.75,0.25,1.35,0.82,1,0,1,0,0,0,"65","",3,1,2,0,6,1,1,1,2,5,9,4,6,3,1,1,20,16,60,40,1.27,1.27,1.23,0.79,2.50,38,63,38,38,25,38,63,38,63,11.50,5.75,1.87,3.74,3.93,1.25,1.78,2.88,5.00,1.65,2.10,Caixa Futebol Campus (Seixal)
1699182000,Nov 05 2023 - 11:00am,complete,N/A,AVS,UD Oliveirense,N/A,9,2.50,1.00,1.71,1.00,0,1,1,0,0,0,"","67",13,2,3,0,2,0,1,2,1,1,20,12,5,4,11,6,14,13,58,42,1.68,1.35,1.98,1.16,2.50,34,63,50,34,17,34,88,34,63,11.08,5.50,1.54,4.05,5.65,1.25,1.79,3.00,5.50,1.85,1.85,Estádio Clube Desportivo das Aves (Vila das Aves)
1699192800,Nov 05 2023 - 2:00pm,complete,N/A,União de Leiria,CS Marítimo,Artur Manuel Ribeiro Soares Dias,9,1.33,3.00,1.59,2.00,4,3,7,5,3,2,"6,33,40,75","9,37,63",3,13,3,0,5,0,1,2,3,2,9,14,4,7,3,5,10,11,42,58,1.23,1.32,1.06,1.79,2.96,75,88,75,34,0,29,88,59,88,12.25,6.83,2.44,3.18,2.82,1.30,1.80,3.40,6.50,1.73,2.00,Estádio Dr. Magalhães Pessoa (Leiria)
1699207200,Nov 05 2023 - 6:00pm,complete,N/A,CD Tondela,Torreense,João Pedro Costa Teixeira Afonso,9,1.75,1.25,1.35,1.35,1,2,3,2,1,1,"11","32,73",5,5,3,0,3,0,2,1,2,1,16,7,6,4,7,3,14,14,52,48,1.38,1.13,1.65,1.02,2.75,50,75,50,38,13,25,50,50,88,8.25,6.00,2.65,3.00,2.60,1.33,2.00,3.50,6.50,1.74,2.04,Estádio João Cardoso (Tondela)
1699293600,Nov 06 2023 - 6:00pm,complete,N/A,Paços de Ferreira,Academico Viseu,Carlos Teixeira,9,1.75,0.75,1.76,1.12,1,0,1,1,1,0,"18","",2,3,2,0,2,0,1,1,1,1,10,9,5,3,3,4,17,27,45,55,1.66,1.19,1.15,1.15,2.63,50,75,50,38,13,38,63,38,75,11.75,5.75,2.19,3.30,2.78,1.33,2.04,3.50,6.50,1.80,1.91,Estádio da Capital do Móvel (Paços de Ferreira)
1699639200,Nov 10 2023 - 6:00pm,complete,N/A,CD Feirense,CF Os Belenenses,Carlos André Fernandes Macedo,10,1.50,1.00,1.47,0.59,1,0,1,1,1,0,"9","",0,3,4,0,3,0,1,3,0,3,9,17,3,6,3,8,18,19,52,48,1.33,1.46,0.86,1.81,1.88,25,50,25,13,0,13,50,25,88,11.00,5.00,2.06,3.12,3.32,1.33,1.99,3.50,6.60,1.78,1.95,Estádio Marcolino de Castro (Santa Maria da Feira)
1699700400,Nov 11 2023 - 11:00am,complete,N/A,CD Nacional,União de Leiria,Gustavo Fernandes Correia,10,2.00,1.40,2.47,0.88,2,0,2,1,1,0,"20,81","",7,7,0,0,4,0,0,0,1,3,11,10,5,4,4,3,13,14,53,47,1.44,1.45,1.42,1.21,3.10,50,80,70,40,30,70,70,40,80,10.40,6.20,2.45,3.40,2.45,1.28,1.73,3.20,5.50,1.68,2.10,Estádio da Madeira (Funchal (Ilha da Madeira))
1699711200,Nov 11 2023 - 2:00pm,complete,N/A,FC Penafiel,Porto II,N/A,10,1.75,1.75,1.47,1.29,3,2,5,1,1,0,"11,64,90'5","70,88",3,9,4,0,3,0,0,4,1,2,11,15,5,4,3,6,22,13,37,63,1.59,1.82,1.11,1.43,2.88,50,75,63,38,25,25,75,50,63,11.75,5.00,2.55,3.20,2.40,1.27,1.80,3.20,6.05,1.71,2.02,Estádio Municipal 25 de Abril (Penafiel)
1699716600,Nov 11 2023 - 3:30pm,complete,N/A,Santa Clara,AVS,Iancu Ioan Vasilica,10,2.20,3.00,2.24,2.06,2,1,3,1,0,1,"83,90'5","18",3,4,3,0,4,3,0,3,1,6,20,8,5,5,11,3,12,23,60,40,1.33,1.56,1.75,1.14,2.05,48,78,38,0,0,23,65,25,80,8.95,7.40,2.20,3.15,3.25,1.38,2.30,4.00,7.90,1.92,1.79,Estádio de São Miguel (Ponta Delgada- Ilha de São Miguel- Açores)
1699725600,Nov 11 2023 - 6:00pm,complete,N/A,UD Oliveirense,Paços de Ferreira,Fábio José Costa Veríssimo,10,1.60,0.75,1.00,1.29,0,0,0,0,0,0,"","",1,6,4,0,3,0,1,3,1,2,10,21,6,7,2,10,18,12,53,47,1.65,1.22,1.21,1.97,3.03,75,88,65,40,10,45,88,30,88,14.35,6.50,2.85,3.45,2.28,1.22,1.86,2.84,5.25,1.63,2.14,Estádio Carlos Osório (Oliveira de Azeméis)
1699786800,Nov 12 2023 - 11:00am,complete,N/A,Vilaverdense,CD Tondela,Ricardo Baixinho,10,0.00,0.75,1.00,1.53,1,2,3,2,1,1,"33","45'4,79",8,5,4,0,1,0,3,1,0,1,10,8,5,5,3,3,12,13,45,55,1.61,1.31,1.25,1.18,4.00,88,100,88,63,38,25,88,88,100,11.00,8.00,2.60,3.20,2.37,1.29,1.80,3.25,5.50,1.65,2.05,Estádio Clube Desportivo das Aves (Vila das Aves)
1699786800,Nov 12 2023 - 11:00am,complete,1357,Torreense,CD Mafra,N/A,10,1.75,0.80,1.47,1.35,0,0,0,0,0,0,"","",6,8,5,0,2,0,1,4,1,1,5,9,2,2,2,5,16,16,40,60,1.49,1.21,0.71,1.07,3.15,78,90,80,35,10,58,90,45,90,8.75,6.55,2.10,3.30,2.95,1.30,1.99,3.40,6.50,1.82,1.87,Campo Manuel Marques (Torres Vedras)
1699803000,Nov 12 2023 - 3:30pm,complete,N/A,Leixões,CS Marítimo,Hélder Miguel Azevedo Malheiro,10,1.25,2.40,0.76,2.00,0,1,1,1,0,1,"","20",6,4,3,0,1,0,1,2,1,0,9,9,2,6,2,2,22,19,54,46,1.58,1.41,0.78,1.23,2.48,55,65,43,23,10,20,65,43,78,12.10,7.55,2.17,4.13,2.47,1.25,2.00,2.95,5.00,1.70,2.00,Estádio do Mar (Matosinhos)
1699812000,Nov 12 2023 - 6:00pm,complete,N/A,Academico Viseu,Benfica II,Vitor Jorge Fernandes Ferreira,10,1.25,1.25,1.41,1.29,1,0,1,1,1,0,"5","",9,5,1,0,2,0,1,0,0,2,12,9,3,4,2,3,17,8,46,54,1.71,1.18,0.93,1.10,2.75,88,100,38,25,13,50,75,38,75,10.50,4.50,2.01,3.40,3.05,1.22,1.86,2.75,4.75,1.60,2.25,Estádio Municipal do Fontelo (Viseu)
1700305200,Nov 18 2023 - 11:00am,complete,N/A,CD Mafra,Vilaverdense,Frederico João Gonçalves Santos B. Martins,11,2.25,0.80,1.24,0.65,1,0,1,1,1,0,"11","",5,5,3,0,2,0,2,1,0,2,13,12,5,4,7,8,18,12,51,49,1.40,1.23,1.57,1.49,2.25,35,88,38,0,0,38,68,20,75,9.05,6.05,1.77,3.40,4.20,1.33,1.89,3.40,6.00,1.85,1.85,Estádio Municipal de Mafra (Mafra)
1700316000,Nov 18 2023 - 2:00pm,complete,N/A,Paços de Ferreira,Santa Clara,N/A,11,2.00,1.50,1.76,2.06,0,2,2,2,0,2,"","26,45'3",6,2,4,0,3,0,2,2,0,3,14,10,4,5,5,4,19,16,63,37,1.56,1.43,1.36,1.17,1.95,45,68,20,10,10,33,68,20,55,10.20,7.90,2.30,3.10,2.70,1.36,2.20,4.00,7.50,1.85,1.85,Estádio da Capital do Móvel (Paços de Ferreira)
1700321400,Nov 18 2023 - 3:30pm,complete,N/A,CD Tondela,CD Feirense,Anzhony Francisco Gonçalves Rodrigues,11,1.40,0.60,1.35,0.35,2,0,2,1,1,0,"35,74","",4,5,4,0,1,0,2,2,0,1,19,9,9,5,6,2,22,7,34,66,1.43,1.25,1.88,1.17,3.10,60,80,60,40,20,40,60,40,100,9.60,6.20,1.86,3.60,4.03,1.30,1.86,3.50,6.00,1.80,1.95,Estádio João Cardoso (Tondela)
1700330400,Nov 18 2023 - 6:00pm,complete,N/A,União de Leiria,Leixões,N/A,11,1.75,1.20,1.59,1.41,0,0,0,0,0,0,"","",7,1,1,0,2,1,1,0,1,2,13,6,4,4,6,2,17,12,63,37,1.19,1.53,1.48,0.83,3.95,80,90,90,58,23,55,90,68,100,12.05,5.65,1.57,4.16,5.20,1.25,1.90,3.10,5.00,1.80,1.95,Estádio Dr. Magalhães Pessoa (Leiria)
1700391600,Nov 19 2023 - 11:00am,complete,N/A,AVS,CD Nacional,Manuel Antonio Rodrigues Oliveira,11,2.00,1.75,1.71,1.71,0,1,1,1,0,1,"","14",11,8,5,0,4,0,0,5,0,4,15,16,6,10,7,2,19,13,53,47,1.74,1.51,1.78,1.82,2.13,38,60,38,13,13,38,80,13,58,11.95,5.35,1.80,3.20,4.00,1.33,2.05,3.75,6.50,1.80,1.91,Estádio Clube Desportivo das Aves (Vila das Aves)
1700402400,Nov 19 2023 - 2:00pm,complete,N/A,CF Os Belenenses,FC Penafiel,Márcio André Dias Torres,11,0.40,0.20,0.94,0.82,2,0,2,1,1,0,"7,90'6","",3,6,2,0,2,0,1,1,1,1,13,18,3,5,5,12,17,11,39,61,1.46,1.17,1.00,1.99,2.20,40,70,30,20,10,20,60,40,80,11.60,6.60,1.70,4.22,3.50,1.33,2.03,3.56,6.95,1.81,1.89,Estádio do Restelo (Lisboa)
1700407800,Nov 19 2023 - 3:30pm,complete,N/A,CS Marítimo,Torreense,Rui Miguel Gomes Lima,11,1.00,1.60,1.76,1.35,1,2,3,3,1,2,"8","18,21",3,8,0,0,4,0,0,0,1,3,19,10,8,4,9,2,11,14,65,35,1.47,1.11,2.21,0.94,2.35,45,78,45,23,0,23,55,33,90,8.95,7.40,1.95,3.30,3.20,1.33,2.00,3.50,6.50,1.80,1.91,Estádio dos Barreiros (Funchal (Ilha da Madeira))
1700910000,Nov 25 2023 - 11:00am,complete,N/A,Porto II,Academico Viseu,N/A,11,1.60,0.60,1.29,1.12,3,0,3,1,1,0,"20,63,71","",2,2,1,0,4,1,1,0,3,2,11,11,7,6,3,4,11,10,62,38,1.23,1.19,1.38,1.26,2.40,50,80,40,30,0,10,60,50,80,10.40,5.00,2.16,3.15,2.96,1.28,1.94,3.20,5.50,1.73,2.00,Estádio Luís Filipe Menezes (Vila Nova de Gaia)
1700935200,Nov 25 2023 - 6:00pm,complete,N/A,Benfica II,UD Oliveirense,Sérgio José dos Santos Guelho,11,1.20,1.50,1.35,1.00,1,1,2,1,0,1,"69","10",8,1,2,0,5,0,2,0,1,4,17,12,5,2,7,6,15,13,61,39,1.26,1.30,1.69,0.91,3.03,45,68,58,45,33,45,68,45,90,8.50,5.35,1.90,3.50,3.65,1.23,1.72,2.79,5.11,1.67,2.10,Caixa Futebol Campus (Seixal)
1701444600,Dec 01 2023 - 3:30pm,complete,N/A,Vilaverdense,União de Leiria,Vitor Jorge Fernandes Ferreira,12,0.00,1.17,1.00,0.88,1,0,1,1,1,0,"19","",1,10,3,0,2,0,0,3,1,1,13,13,5,2,6,8,12,19,41,59,1.54,1.41,1.31,1.40,3.40,57,92,84,37,37,45,84,65,92,11.50,5.70,3.78,3.72,1.85,1.25,1.70,2.95,4.75,1.66,2.15,Estádio Municipal 25 de Abril (Penafiel)
1701453600,Dec 01 2023 - 6:00pm,complete,N/A,Academico Viseu,CF Os Belenenses,Ricardo Baixinho,12,1.60,0.80,1.41,0.59,3,1,4,2,2,0,"5,14,69","89",1,2,0,0,2,1,0,0,3,0,17,9,8,3,4,3,11,10,59,41,1.56,1.53,1.60,0.80,1.80,40,50,20,10,0,10,60,30,60,11.60,4.00,2.35,4.55,2.16,1.30,1.92,3.25,6.00,1.91,1.80,Estádio Municipal do Fontelo (Viseu)
1701514800,Dec 02 2023 - 11:00am,complete,N/A,UD Oliveirense,Porto II,Márcio André Dias Torres,12,1.50,1.40,1.00,1.29,1,3,4,0,0,0,"86","56,60,68",4,2,2,0,2,0,1,1,1,1,8,19,2,8,5,5,13,14,49,51,1.57,1.74,0.87,1.74,3.49,82,92,74,64,29,27,82,65,82,13.90,5.57,2.58,3.25,2.49,1.25,1.73,2.75,4.75,1.67,2.10,Estádio Carlos Osório (Oliveira de Azeméis)
1701525600,Dec 02 2023 - 2:00pm,complete,N/A,CD Nacional,Paços de Ferreira,Iancu Ioan Vasilica,12,2.17,0.80,2.47,1.29,2,1,3,1,1,0,"23,78","87",5,3,2,0,3,0,0,2,1,2,14,6,6,4,6,2,14,20,55,45,1.44,1.37,1.62,0.95,2.32,45,72,45,17,9,54,72,9,72,12.10,6.73,2.50,3.05,2.74,1.33,1.94,3.40,6.50,1.80,1.91,Estádio da Madeira (Funchal (Ilha da Madeira))
1701549000,Dec 02 2023 - 8:30pm,complete,N/A,AVS,Benfica II,David Rafael Oliveira Silva,12,1.67,1.00,1.71,1.29,1,0,1,1,1,0,"25","",6,4,6,0,3,0,1,5,1,2,13,11,2,5,9,4,22,12,48,52,1.75,1.17,1.21,1.32,1.90,40,49,20,20,10,30,84,10,47,12.23,5.40,1.80,3.50,4.40,1.33,2.00,3.20,6.50,1.80,1.90,Estádio Clube Desportivo das Aves (Vila das Aves)
1701601200,Dec 03 2023 - 11:00am,complete,N/A,Torreense,Leixões,Artur Manuel Ribeiro Soares Dias,12,1.60,1.17,1.47,1.41,0,0,0,0,0,0,"","",7,3,4,0,5,0,3,1,3,2,7,7,2,3,3,3,13,16,52,48,1.34,1.41,0.93,0.92,2.82,55,74,74,37,9,55,74,45,82,10.83,5.70,1.88,3.48,3.94,1.33,2.10,3.75,5.70,1.87,1.87,Campo Manuel Marques (Torres Vedras)
1701612000,Dec 03 2023 - 2:00pm,complete,N/A,FC Penafiel,CD Tondela,N/A,12,2.00,1.20,1.47,1.53,0,2,2,1,0,1,"","25,65",12,3,0,0,4,0,0,0,1,3,27,5,6,3,15,1,17,16,53,47,1.49,1.28,2.36,0.73,3.30,70,80,70,50,30,30,80,50,80,9.80,7.20,2.41,3.26,2.84,1.33,2.00,3.75,6.50,1.73,2.00,Estádio Municipal 25 de Abril (Penafiel)
1701617400,Dec 03 2023 - 3:30pm,complete,N/A,Santa Clara,CS Marítimo,Miguel Bertolo Nogueira,12,2.33,2.50,2.24,2.00,2,1,3,2,1,1,"4,74","34",3,3,3,0,3,1,1,2,1,3,11,7,6,4,2,1,15,15,53,47,1.40,1.38,1.34,0.97,2.33,42,75,34,9,9,25,83,34,67,11.00,6.66,2.05,3.00,3.25,1.33,2.00,3.75,7.00,1.85,1.85,Estádio de São Miguel (Ponta Delgada- Ilha de São Miguel- Açores)
1701712800,Dec 04 2023 - 6:00pm,complete,N/A,CD Feirense,CD Mafra,João Pedro Costa Teixeira Afonso,12,1.80,0.83,1.47,1.35,3,2,5,3,3,0,"16,27,39","57,72",6,10,3,0,2,0,1,2,2,0,10,15,6,5,2,8,14,10,42,58,1.24,1.19,1.37,1.95,2.07,44,64,35,9,9,27,64,27,74,9.27,6.70,2.55,3.13,2.75,1.32,2.10,3.56,6.90,1.83,1.83,Estádio Marcolino de Castro (Santa Maria da Feira)
1702067400,Dec 08 2023 - 8:30pm,complete,N/A,União de Leiria,Torreense,Fábio José Costa Veríssimo,13,1.60,1.83,1.59,1.35,1,0,1,1,1,0,"28","",1,5,3,0,2,0,3,0,0,2,7,6,5,3,2,2,8,10,37,63,1.24,1.08,1.11,1.22,2.97,65,82,65,39,10,37,74,47,74,9.60,6.30,2.02,3.50,3.70,1.29,2.04,3.34,6.40,1.80,1.90,Estádio Dr. Magalhães Pessoa (Leiria)
1702119600,Dec 09 2023 - 11:00am,complete,N/A,Porto II,AVS,N/A,13,1.83,2.40,1.29,2.06,2,3,5,1,0,1,"64,87","14,61,90'2",11,4,1,0,2,0,0,1,1,1,11,6,3,4,8,2,13,16,59,41,1.25,1.48,1.25,0.81,2.64,65,90,65,9,0,10,55,72,100,9.27,7.67,2.20,3.10,3.00,1.33,1.99,3.60,6.80,1.80,1.95,Estádio Luís Filipe Menezes (Vila Nova de Gaia)
1702119600,Dec 09 2023 - 11:00am,complete,N/A,Paços de Ferreira,FC Penafiel,David Rafael Oliveira Silva,13,1.67,0.17,1.76,0.82,2,1,3,2,1,1,"45,49","33",5,4,3,0,2,0,0,3,0,2,23,13,8,6,12,1,12,13,56,44,1.52,1.31,2.44,1.27,2.00,25,59,25,17,9,34,59,25,59,11.33,7.00,1.73,3.30,4.33,1.34,2.00,3.65,7.20,1.94,1.77,Estádio da Capital do Móvel (Paços de Ferreira)
1702130400,Dec 09 2023 - 2:00pm,complete,N/A,CD Tondela,Santa Clara,N/A,13,1.67,1.80,1.35,2.06,2,3,5,2,1,1,"45,54","45'7,80,90'1",3,5,5,0,2,0,2,3,2,0,8,15,5,7,2,4,17,11,41,59,1.51,1.37,1.27,1.74,2.39,54,82,34,17,9,45,74,17,70,9.57,7.03,2.80,3.00,2.40,1.38,2.25,3.98,7.90,1.90,1.80,Estádio João Cardoso (Tondela)
1702135800,Dec 09 2023 - 3:30pm,complete,N/A,Leixões,CD Feirense,Luis Miguel Branco Godinho,13,1.00,0.50,0.76,0.35,0,0,0,0,0,0,"","",8,8,4,0,1,0,0,4,1,0,12,9,2,3,7,4,14,13,53,47,1.42,1.24,1.23,1.06,2.14,37,62,27,27,9,9,64,27,80,9.13,6.77,2.06,3.30,3.20,1.22,2.16,2.75,5.00,1.67,2.10,Estádio do Mar (Matosinhos)
1702144800,Dec 09 2023 - 6:00pm,complete,N/A,Benfica II,CD Nacional,Pedro Miguel Torres Ramalho,13,1.17,2.00,1.35,1.71,2,1,3,1,0,1,"77,84","22",6,4,0,0,4,2,0,0,1,5,21,11,10,6,6,4,16,15,59,41,1.33,1.57,2.24,1.35,2.74,55,74,47,27,27,47,84,27,72,10.07,5.50,2.68,3.50,2.26,1.30,1.85,3.30,5.95,1.72,2.05,Caixa Futebol Campus (Seixal)
1702206000,Dec 10 2023 - 11:00am,complete,N/A,CD Mafra,Academico Viseu,Sérgio José dos Santos Guelho,13,2.40,0.50,1.24,1.12,1,1,2,2,1,1,"27","45'1",5,5,2,0,4,0,0,2,1,3,12,13,5,7,6,4,12,6,41,59,1.43,1.20,1.43,1.56,2.27,37,64,55,17,0,39,82,17,54,9.07,4.90,2.37,3.35,2.51,1.29,1.92,3.25,6.00,1.70,2.05,Estádio Municipal de Mafra (Mafra)
1702216800,Dec 10 2023 - 2:00pm,complete,N/A,CF Os Belenenses,UD Oliveirense,N/A,13,0.83,1.40,0.94,1.00,1,0,1,1,1,0,"21","",6,4,7,0,3,0,3,4,0,3,10,14,5,2,3,9,16,10,54,46,1.38,1.22,1.23,1.22,2.84,55,90,47,29,19,29,82,45,100,8.97,5.87,2.30,3.35,2.58,1.25,1.92,2.98,5.60,1.67,2.08,Estádio do Restelo (Lisboa)
1702222200,Dec 10 2023 - 3:30pm,complete,N/A,CS Marítimo,Vilaverdense,N/A,13,0.80,0.67,1.76,0.65,4,0,4,1,1,0,"14,48,58,66","",3,5,2,0,4,0,2,0,1,3,19,9,9,4,4,4,16,14,49,51,1.61,1.27,1.86,1.16,2.22,39,82,30,10,0,20,64,27,82,10.03,6.70,1.45,4.40,6.20,1.24,1.88,2.98,5.55,1.98,1.74,Estádio dos Barreiros (Funchal (Ilha da Madeira))
1702724400,Dec 16 2023 - 11:00am,complete,N/A,Academico Viseu,Torreense,Carlos André Fernandes Macedo,14,1.83,1.57,1.41,1.35,0,0,0,0,0,0,"","",4,9,1,0,2,0,1,0,1,1,10,16,2,3,4,7,8,11,53,47,1.56,1.10,0.88,1.22,2.24,55,77,38,16,0,31,69,40,62,9.97,4.79,1.77,3.50,4.20,1.31,1.95,3.48,6.75,1.89,1.81,Estádio Municipal do Fontelo (Viseu)
1702735200,Dec 16 2023 - 2:00pm,complete,N/A,FC Penafiel,União de Leiria,N/A,14,1.67,1.00,1.47,0.88,1,0,1,0,0,0,"59","",4,9,3,0,1,0,1,2,1,0,11,13,4,0,3,8,21,13,36,64,1.64,1.41,0.99,1.02,2.69,31,69,54,31,31,30,77,38,69,11.81,4.93,2.70,3.10,2.50,1.30,2.00,3.34,6.45,1.76,1.95,Estádio Municipal 25 de Abril (Penafiel)
1702740600,Dec 16 2023 - 3:30pm,complete,N/A,CD Nacional,CF Os Belenenses,David Rafael Oliveira Silva,14,2.29,0.67,2.47,0.59,5,0,5,2,2,0,"2,34,64,88,90","",6,4,1,0,4,0,1,0,2,2,17,8,11,0,5,8,10,14,54,46,1.46,1.41,2.08,0.85,2.43,45,60,45,31,7,37,77,31,77,9.76,5.47,1.50,3.70,5.75,1.25,1.80,2.98,5.60,1.80,1.90,Estádio da Madeira (Funchal (Ilha da Madeira))
1702749600,Dec 16 2023 - 6:00pm,complete,N/A,AVS,Paços de Ferreira,N/A,14,1.86,0.67,1.71,1.29,2,0,2,1,1,0,"18,79","",6,6,2,0,3,0,0,2,1,2,10,11,4,4,6,6,16,9,46,54,1.67,1.30,1.25,1.32,1.50,25,41,25,0,0,17,69,9,48,13.57,6.76,2.00,3.00,3.50,1.40,2.20,4.20,7.70,1.95,1.78,Estádio Clube Desportivo das Aves (Vila das Aves)
1702810800,Dec 17 2023 - 11:00am,complete,N/A,Vilaverdense,Leixões,Rui Miguel Gomes Lima,14,0.50,1.14,1.00,1.41,1,0,1,1,1,0,"42","",4,7,2,0,1,0,1,1,0,1,10,10,5,5,3,3,15,15,37,63,1.50,1.34,1.33,1.53,2.88,55,70,70,31,24,38,79,55,77,10.60,6.03,2.73,3.10,2.45,1.30,2.09,3.50,7.00,1.79,1.92,Estádio EFAPEL (Coimbra)
1702814400,Dec 17 2023 - 12:00pm,complete,N/A,Santa Clara,Porto II,Vitor Jorge Fernandes Ferreira,14,2.43,1.67,2.24,1.29,2,1,3,3,2,1,"4,27","34",1,5,3,0,4,0,2,1,0,4,8,10,4,2,3,5,14,10,45,55,1.39,1.74,0.96,0.93,2.92,63,93,56,34,17,23,77,49,77,10.36,5.62,2.25,3.15,3.00,1.30,1.88,3.30,5.90,1.75,2.00,Estádio de São Miguel (Ponta Delgada- Ilha de São Miguel- Açores)
1702821600,Dec 17 2023 - 2:00pm,complete,N/A,CD Feirense,CS Marítimo,N/A,14,2.00,2.14,1.47,2.00,0,1,1,0,0,0,"","68",7,5,2,0,4,1,0,2,1,4,9,10,2,3,3,6,18,15,52,48,1.26,1.32,0.96,1.12,2.60,45,69,45,16,16,38,77,38,77,11.26,6.60,3.80,3.35,1.90,1.30,1.98,3.42,6.50,1.87,1.83,Estádio Marcolino de Castro (Santa Maria da Feira)
1702827000,Dec 17 2023 - 3:30pm,complete,N/A,Benfica II,CD Tondela,Carlos Teixeira,14,1.43,1.50,1.35,1.53,1,1,2,0,0,0,"50","90",6,1,6,0,3,0,0,6,1,2,10,9,6,3,3,5,17,17,52,48,1.46,1.19,1.40,1.03,3.11,70,86,55,40,23,31,77,47,93,9.86,6.31,2.50,3.00,2.88,1.26,1.93,3.08,5.85,1.70,2.03,Caixa Futebol Campus (Seixal)
1702836000,Dec 17 2023 - 6:00pm,complete,N/A,UD Oliveirense,CD Mafra,Hélder Miguel Azevedo Malheiro,14,1.29,0.71,1.00,1.35,1,3,4,2,0,2,"69","12,22,90'1",3,1,4,0,4,0,0,4,1,3,15,8,5,5,5,2,15,13,52,48,1.47,1.30,1.42,0.96,3.00,79,79,64,50,22,36,71,50,79,11.57,6.29,3.13,3.30,2.20,1.22,1.85,2.85,4.90,1.69,2.04,Estádio Carlos Osório (Oliveira de Azeméis)
1703181600,Dec 21 2023 - 6:00pm,complete,N/A,Torreense,Vilaverdense,N/A,15,1.50,0.57,1.47,0.65,3,1,4,2,1,1,"5,65,79","40",3,4,2,0,3,0,1,1,1,2,9,14,5,5,2,7,20,13,50,50,1.27,1.26,1.21,1.61,2.24,32,77,41,24,0,25,69,38,77,10.19,6.90,1.70,3.50,4.80,1.30,1.95,3.50,6.00,1.95,1.75,Campo Manuel Marques (Torres Vedras)
1703270700,Dec 22 2023 - 6:45pm,complete,N/A,União de Leiria,Paços de Ferreira,N/A,18,1.83,0.57,1.59,1.29,1,1,2,2,1,1,"10","22",1,5,2,0,2,0,0,2,1,1,8,9,2,4,4,5,14,14,51,49,1.22,1.30,0.84,1.15,2.59,55,69,55,25,9,31,77,32,69,10.83,6.12,1.85,3.51,3.55,1.33,2.06,3.60,6.45,1.80,1.95,Estádio Dr. Magalhães Pessoa (Leiria)
1703277900,Dec 22 2023 - 8:45pm,complete,N/A,CF Os Belenenses,Santa Clara,Anzhony Francisco Gonçalves Rodrigues,15,1.14,2.00,0.94,2.06,0,0,0,0,0,0,"","",7,5,1,0,2,0,0,1,2,0,7,12,2,2,4,7,14,14,48,52,1.36,1.44,0.81,1.02,2.30,47,85,23,16,16,32,85,30,68,9.79,7.12,3.75,3.35,1.95,1.40,2.15,4.00,7.50,2.00,1.73,Estádio do Restelo (Lisboa)
1703335500,Dec 23 2023 - 12:45pm,complete,N/A,CS Marítimo,FC Penafiel,Iancu Ioan Vasilica,15,1.17,0.14,1.76,0.82,0,0,0,0,0,0,"","",9,0,3,0,3,0,0,3,0,3,13,5,5,2,5,2,16,17,50,50,1.65,1.30,1.60,0.71,2.35,40,70,48,24,0,31,62,24,77,10.54,6.29,1.53,3.85,5.10,1.33,1.96,3.40,6.50,2.05,1.70,Estádio dos Barreiros (Funchal (Ilha da Madeira))
1703934000,Dec 30 2023 - 11:00am,complete,N/A,Porto II,CD Nacional,João Pedro Costa Teixeira Afonso,15,1.57,1.67,1.29,1.71,2,3,5,2,1,1,"45'5,59","8,63,68",10,2,3,0,4,0,1,2,1,3,15,8,9,4,5,2,11,10,60,40,1.25,1.53,1.90,0.83,2.92,62,92,62,23,16,25,79,60,84,10.74,6.10,2.30,3.50,2.90,1.25,1.75,2.95,5.00,1.62,2.20,Estádio Luís Filipe Menezes (Vila Nova de Gaia)
1703934000,Dec 30 2023 - 11:00am,complete,N/A,Leixões,Academico Viseu,Cláudio Filipe Ruivo Pereira,15,1.00,0.57,0.76,1.12,1,2,3,1,0,1,"58","23,74",12,3,3,0,2,0,0,3,0,2,15,9,6,5,7,2,14,16,63,37,1.39,1.25,1.85,1.03,1.81,38,52,30,23,0,15,68,23,54,10.04,6.38,2.75,3.20,2.55,1.42,2.25,4.50,7.50,1.95,1.80,Estádio do Mar (Matosinhos)
1703944800,Dec 30 2023 - 2:00pm,complete,1149,CD Tondela,UD Oliveirense,João Pedro Correia Gonçalves Morte,15,1.43,1.17,1.35,1.00,1,0,1,1,1,0,"34","",9,7,1,0,3,0,0,1,1,2,13,12,6,3,6,4,16,17,48,52,1.47,1.22,1.66,1.09,3.05,61,77,61,38,23,45,77,38,92,8.69,6.31,1.65,3.84,4.86,1.25,1.84,3.00,5.50,1.78,1.95,Estádio João Cardoso (Tondela)
1703944800,Dec 30 2023 - 2:00pm,complete,N/A,Paços de Ferreira,Benfica II,N/A,15,1.86,0.83,1.76,1.29,2,2,4,4,2,2,"4,24","14,30",4,7,3,1,3,0,3,1,1,2,14,18,6,11,5,6,10,10,46,54,1.65,1.19,1.50,2.50,2.47,55,69,38,24,16,54,86,23,54,9.62,5.93,1.92,3.50,3.75,1.30,1.94,3.50,6.00,1.80,1.95,Estádio da Capital do Móvel (Paços de Ferreira)
1703959200,Dec 30 2023 - 6:00pm,complete,N/A,União de Leiria,CD Feirense,N/A,15,1.71,0.57,1.59,0.35,1,1,2,2,1,1,"21","9",9,1,1,0,1,0,0,1,0,1,16,4,9,2,6,1,15,13,55,45,1.17,1.21,2.04,0.57,2.65,50,71,43,36,14,29,72,36,72,9.15,5.57,1.70,3.62,4.78,1.33,2.05,3.50,6.50,1.91,1.80,Estádio Dr. Magalhães Pessoa (Leiria)
1704020400,Dec 31 2023 - 11:00am,complete,N/A,CD Mafra,AVS,Fábio José Costa Veríssimo,15,2.17,2.50,1.24,2.06,0,2,2,2,0,2,"","7,45'2",9,9,2,0,2,0,1,1,0,2,11,14,3,4,3,4,10,13,42,58,1.43,1.37,1.01,1.27,2.59,67,75,67,9,9,42,75,34,67,9.00,6.83,2.60,3.10,2.60,1.38,2.18,4.20,7.50,1.83,1.83,Estádio Municipal de Mafra (Mafra)
1704538800,Jan 06 2024 - 11:00am,complete,N/A,UD Oliveirense,CS Marítimo,Carlos André Fernandes Macedo,16,1.13,2.25,1.00,2.00,1,1,2,0,0,0,"90'3","74",3,0,2,0,4,1,1,1,1,4,8,11,5,3,3,6,8,12,49,51,1.47,1.30,1.14,1.10,3.01,69,76,63,44,13,38,75,51,82,12.00,6.88,4.75,3.80,1.61,1.25,1.76,3.00,5.50,1.73,2.00,Estádio Carlos Osório (Oliveira de Azeméis)
1704549600,Jan 06 2024 - 2:00pm,complete,N/A,FC Penafiel,Vilaverdense,Hélder Miguel Azevedo Malheiro,16,1.86,0.50,1.47,0.65,2,1,3,2,2,0,"31,42","66",2,9,2,0,5,0,0,2,1,4,11,12,4,2,6,6,15,18,47,53,1.54,1.30,1.22,1.14,2.41,27,73,34,27,15,14,73,40,80,10.18,6.07,1.85,3.44,4.15,1.36,2.11,3.90,7.00,1.93,1.73,Estádio Municipal 25 de Abril (Penafiel)
1704555000,Jan 06 2024 - 3:30pm,complete,N/A,Benfica II,CF Os Belenenses,Rui Miguel Gomes Lima,16,1.38,0.57,1.35,0.59,2,1,3,1,1,0,"31,58","90'1",3,4,3,0,4,0,0,3,1,3,12,9,5,2,6,3,10,14,51,49,1.45,1.33,1.39,0.79,2.53,46,59,41,34,20,27,67,47,80,9.29,5.20,1.89,3.54,3.82,1.27,1.91,3.18,5.95,1.80,1.91,Caixa Futebol Campus (Seixal)
1704555000,Jan 06 2024 - 3:30pm,complete,N/A,Santa Clara,CD Mafra,João António Ferreira Gonçalves,16,2.50,1.00,2.24,1.35,0,1,1,0,0,0,"","90'3",3,1,4,0,3,0,1,3,1,2,19,3,11,2,6,1,19,18,52,48,1.34,1.26,2.49,0.62,2.51,63,82,51,19,13,44,82,32,69,8.38,6.63,1.81,3.48,4.29,1.33,2.11,3.75,7.00,1.91,1.80,Estádio de São Miguel (Ponta Delgada- Ilha de São Miguel- Açores)
1704564000,Jan 06 2024 - 6:00pm,complete,N/A,CD Nacional,CD Tondela,N/A,16,2.38,1.43,2.47,1.53,1,1,2,1,1,0,"26","76",5,2,4,0,1,0,2,2,0,1,11,8,5,5,5,2,20,17,50,50,1.54,1.17,1.39,1.11,3.21,68,94,60,41,20,46,80,48,94,9.93,6.88,2.04,3.30,3.44,1.30,1.97,3.40,6.00,1.75,1.90,Estádio da Madeira (Funchal (Ilha da Madeira))
1704564000,Jan 06 2024 - 6:00pm,complete,N/A,Academico Viseu,União de Leiria,Miguel Bertolo Nogueira,16,1.71,0.88,1.41,0.88,1,0,1,0,0,0,"81","",6,2,4,0,4,0,0,4,2,2,7,9,3,2,4,4,14,13,56,44,1.47,1.36,1.05,1.01,2.25,41,67,40,20,13,34,60,41,66,12.07,3.68,2.34,3.28,2.94,1.31,2.04,3.48,6.75,1.73,2.00,Estádio Municipal do Fontelo (Viseu)
1704625200,Jan 07 2024 - 11:00am,complete,N/A,AVS,Leixões,Iancu Ioan Vasilica,16,2.00,1.00,1.71,1.41,1,3,4,2,0,2,"60","9,31,55",9,0,1,0,4,0,1,0,0,4,18,7,8,6,8,1,14,10,57,43,1.62,1.36,2.16,1.10,1.69,19,38,25,13,7,19,69,19,51,13.01,5.88,1.64,3.20,5.34,1.40,2.25,4.33,7.50,2.20,1.62,Estádio Clube Desportivo das Aves (Vila das Aves)
1704636000,Jan 07 2024 - 2:00pm,complete,N/A,Paços de Ferreira,Porto II,Anzhony Francisco Gonçalves Rodrigues,16,1.75,1.43,1.76,1.29,3,0,3,2,2,0,"15,32,86","",3,4,1,0,2,0,1,0,1,1,13,10,7,6,3,2,14,17,39,61,1.63,1.63,1.42,1.51,3.17,68,88,68,41,21,46,73,48,61,11.42,6.20,2.50,3.40,2.60,1.25,1.80,3.00,5.00,1.67,2.10,Estádio da Capital do Móvel (Paços de Ferreira)
1704641400,Jan 07 2024 - 3:30pm,complete,N/A,CD Feirense,Torreense,Pedro Miguel Torres Ramalho,16,1.71,1.50,1.47,1.35,3,1,4,1,1,0,"41,53,71","89",3,5,1,0,2,1,0,1,0,3,11,15,8,3,2,8,11,17,54,46,1.22,1.12,1.58,1.37,2.01,34,60,34,14,7,27,60,27,68,9.89,6.13,2.55,3.10,2.55,1.36,2.10,3.75,7.50,1.91,1.80,Estádio Marcolino de Castro (Santa Maria da Feira)
1705082400,Jan 12 2024 - 6:00pm,complete,N/A,Leixões,UD Oliveirense,Tiago Bruno Lopes Martins,17,0.86,1.00,0.76,1.00,0,2,2,0,0,0,"","53,90'9",7,0,4,2,2,0,0,6,1,1,11,7,3,4,7,1,19,12,51,49,1.45,1.20,1.36,0.86,2.00,43,50,36,22,7,15,72,29,64,10.58,6.71,1.85,3.30,3.65,1.30,1.95,3.25,6.00,1.85,1.85,Estádio do Mar (Matosinhos)
1705154400,Jan 13 2024 - 2:00pm,complete,N/A,CF Os Belenenses,Paços de Ferreira,N/A,17,1.13,0.63,0.94,1.29,0,1,1,0,0,0,"","90'1",9,10,1,0,2,0,0,1,1,1,15,17,5,7,6,7,15,10,50,50,1.29,1.28,1.57,1.81,2.07,44,75,32,7,7,26,75,26,69,11.38,6.13,3.05,3.20,2.21,1.40,1.88,3.75,7.00,1.85,1.85,Estádio do Restelo (Lisboa)
1705230000,Jan 14 2024 - 11:00am,complete,N/A,Vilaverdense,CD Feirense,N/A,17,0.86,0.63,1.00,0.35,2,1,3,1,0,1,"49,90'5","40",8,4,1,0,2,0,0,1,1,1,21,16,7,7,10,5,11,12,46,54,1.48,1.13,2.02,1.65,2.63,48,73,48,27,21,27,82,41,73,9.38,5.63,2.63,3.00,2.50,1.36,2.19,3.75,7.50,1.85,1.85,Campo Cruz Do Reguengo (Vila Verde)
1705240800,Jan 14 2024 - 2:00pm,complete,N/A,CD Tondela,AVS,André Filipe Domingues Narciso,17,1.63,2.57,1.35,2.06,3,2,5,2,1,1,"39,60,72","31,90'5",9,5,2,0,3,1,0,2,2,2,12,6,7,3,4,1,13,12,50,50,1.50,1.35,1.83,1.04,3.00,67,81,67,26,20,40,73,48,87,10.52,7.02,2.45,3.00,2.70,1.34,2.11,3.65,7.20,1.83,1.83,Estádio João Cardoso (Tondela)
1705246200,Jan 14 2024 - 3:30pm,complete,N/A,Porto II,Benfica II,João Alexandre Bessa Silva,17,1.38,0.86,1.29,1.29,0,3,3,1,0,1,"","38,58,83",6,6,2,0,3,0,1,1,1,2,12,12,3,6,6,4,5,9,62,38,1.34,1.38,1.07,1.24,2.98,67,86,53,41,20,35,82,51,72,10.84,5.07,1.94,3.62,3.55,1.22,1.73,2.62,4.50,1.62,2.20,Estádio Luís Filipe Menezes (Vila Nova de Gaia)
1705246200,Jan 14 2024 - 3:30pm,complete,N/A,CS Marítimo,Academico Viseu,N/A,17,1.14,0.88,1.76,1.12,1,1,2,1,0,1,"78","39",7,5,1,0,1,1,0,1,1,1,18,8,4,3,8,3,14,13,50,50,1.65,1.22,1.58,0.91,2.41,47,73,54,27,0,27,73,34,67,9.93,5.63,1.85,3.44,4.15,1.33,2.10,3.50,7.00,1.91,1.80,Estádio dos Barreiros (Funchal (Ilha da Madeira))
1705255200,Jan 14 2024 - 6:00pm,complete,4377,União de Leiria,Santa Clara,Bruno Vieira,17,1.63,1.86,1.59,2.06,0,1,1,0,0,0,"","85",2,13,2,1,5,0,1,2,3,2,7,21,3,9,3,6,9,14,39,61,1.28,1.38,0.82,2.24,2.37,59,73,32,26,14,47,80,26,47,9.45,6.07,2.77,3.04,2.57,1.47,2.40,4.20,7.00,2.10,1.67,Estádio Dr. Magalhães Pessoa (Leiria)
1705344300,Jan 15 2024 - 6:45pm,complete,N/A,CD Mafra,CD Nacional,Vitor Jorge Fernandes Ferreira,17,1.86,1.86,1.24,1.71,0,0,0,0,0,0,"","",14,4,0,0,0,0,0,0,0,0,26,14,6,3,11,5,14,6,62,38,1.37,1.43,2.05,1.02,2.64,57,79,57,15,15,64,93,22,50,9.85,6.00,2.55,3.35,2.60,1.29,1.82,3.25,5.50,1.67,2.10,Estádio Municipal de Mafra (Mafra)
1705351500,Jan 15 2024 - 8:45pm,complete,N/A,Torreense,FC Penafiel,Carlos Teixeira,17,1.71,0.25,1.47,0.82,1,0,1,1,1,0,"45'4","",0,4,4,0,1,0,1,3,1,0,10,21,5,5,2,13,21,19,48,52,1.26,1.23,1.07,1.94,2.10,41,61,48,28,0,41,61,28,67,10.00,6.39,2.00,3.15,3.70,1.36,2.25,4.00,7.50,2.00,1.73,Campo Manuel Marques (Torres Vedras)
1705687200,Jan 19 2024 - 6:00pm,complete,N/A,Vilaverdense,Academico Viseu,N/A,18,1.13,0.89,1.00,1.12,0,2,2,1,0,1,"","40,55",12,5,2,0,2,0,1,1,1,1,20,9,7,6,7,2,12,15,53,47,1.54,1.19,1.93,1.20,2.67,60,77,60,24,13,24,95,48,71,9.94,5.31,3.60,3.20,1.95,1.35,2.05,3.60,7.25,1.90,1.78,Campo Cruz Do Reguengo (Vila Verde)
1705748400,Jan 20 2024 - 11:00am,complete,N/A,CD Mafra,Benfica II,N/A,18,1.75,1.13,1.24,1.29,1,2,3,2,1,1,"18","33,61",5,8,5,0,2,0,2,3,1,1,10,22,3,11,5,10,16,17,53,47,1.46,1.36,1.20,2.52,2.32,51,69,44,19,7,57,88,13,38,11.13,4.63,2.08,3.40,3.00,1.29,1.77,3.20,5.50,1.67,2.00,Estádio Municipal de Mafra (Mafra)
1705759200,Jan 20 2024 - 2:00pm,complete,N/A,CF Os Belenenses,AVS,João Pedro Costa Teixeira Afonso,18,1.00,2.25,0.94,2.06,1,3,4,2,1,1,"29","8,47,63",9,3,1,0,1,0,1,0,0,1,16,19,5,9,9,7,7,13,45,55,1.32,1.31,1.84,2.24,2.57,54,78,49,18,18,25,71,48,83,11.02,6.91,3.45,3.25,1.99,1.33,2.05,3.65,7.10,1.99,1.73,Estádio do Restelo (Lisboa)
1705764600,Jan 20 2024 - 3:30pm,complete,N/A,CD Feirense,UD Oliveirense,David Rafael Oliveira Silva,18,1.88,1.25,1.47,1.00,0,0,0,0,0,0,"","",6,4,2,0,2,0,0,2,0,2,16,7,4,5,10,1,12,11,63,37,1.26,1.16,1.63,1.03,2.38,38,63,38,25,13,25,69,38,82,8.63,5.75,2.25,3.40,2.79,1.30,1.86,3.50,5.95,1.78,1.95,Estádio Marcolino de Castro (Santa Maria da Feira)
1705834800,Jan 21 2024 - 11:00am,complete,1126,CD Tondela,Porto II,N/A,18,1.78,1.25,1.35,1.29,0,0,0,0,0,0,"","",7,9,4,0,1,0,3,1,1,0,15,8,5,0,7,6,19,5,50,50,1.54,1.61,1.60,0.85,3.48,71,89,78,47,29,47,77,54,82,11.78,5.28,2.42,3.55,2.48,1.28,1.81,3.20,6.15,1.73,1.99,Estádio João Cardoso (Tondela)
1705845600,Jan 21 2024 - 2:00pm,complete,N/A,Leixões,FC Penafiel,João Pedro Silva Pinheiro,18,0.75,0.22,0.76,0.82,0,1,1,0,0,0,"","90'4",7,2,3,0,1,0,2,1,0,1,9,12,3,7,3,5,11,21,61,39,1.44,1.31,1.19,1.60,1.60,30,47,24,12,0,11,53,25,60,11.27,7.00,2.12,3.15,3.25,1.36,2.23,4.00,8.00,1.91,1.80,Estádio do Mar (Matosinhos)
1705851000,Jan 21 2024 - 3:30pm,complete,N/A,Torreense,Santa Clara,N/A,18,1.88,2.00,1.47,2.06,1,2,3,0,0,0,"68","48,87",5,1,1,0,2,0,0,1,2,0,14,18,7,8,5,5,11,15,49,51,1.24,1.48,1.68,1.81,2.07,44,63,38,26,7,44,69,26,57,10.01,7.00,2.90,3.00,2.25,1.47,2.37,4.33,8.50,2.02,1.75,Campo Manuel Marques (Torres Vedras)
1705860000,Jan 21 2024 - 6:00pm,complete,N/A,CS Marítimo,CD Nacional,Iancu Ioan Vasilica,18,1.13,1.75,1.76,1.71,3,1,4,2,2,0,"34,45'1,90'5","68",2,6,3,0,3,1,2,1,2,2,9,15,5,4,4,10,14,15,50,50,1.64,1.38,1.18,1.59,2.57,57,75,57,25,13,38,76,32,69,10.26,6.00,1.83,3.60,4.00,1.29,1.98,3.20,5.50,1.78,1.99,Estádio dos Barreiros (Funchal (Ilha da Madeira))
1706439600,Jan 28 2024 - 11:00am,complete,N/A,AVS,CS Marítimo,Ricardo Baixinho,19,1.78,2.11,1.71,2.00,3,2,5,4,2,2,"16,45'2,48","28,39",2,4,4,0,2,0,0,4,2,0,10,12,4,5,4,3,19,9,46,54,1.68,1.27,1.30,1.51,2.00,34,50,28,11,6,22,73,28,61,13.12,7.00,2.42,3.25,3.05,1.38,2.15,4.00,7.50,1.87,1.87,Estádio Clube Desportivo das Aves (Vila das Aves)
1706445900,Jan 28 2024 - 12:45pm,complete,2169,Paços de Ferreira,CD Mafra,Gustavo Fernandes Correia,19,1.89,1.22,1.76,1.35,0,1,1,1,0,1,"","36",11,2,1,0,3,0,1,0,1,2,22,11,6,4,12,3,6,21,54,46,1.61,1.19,2.15,1.01,2.67,56,73,56,28,17,56,73,33,67,9.33,6.66,2.14,3.40,3.45,1.33,2.05,3.60,6.50,1.85,1.85,Estádio da Capital do Móvel (Paços de Ferreira)
1706450400,Jan 28 2024 - 2:00pm,complete,N/A,Santa Clara,Leixões,André Filipe Domingues Narciso,19,2.22,1.22,2.24,1.41,2,0,2,1,1,0,"27,69","",5,2,2,0,2,1,1,1,2,1,12,6,5,0,5,2,25,19,56,44,1.47,1.34,1.33,0.41,2.22,44,67,45,17,6,39,73,28,67,8.44,6.11,1.64,3.75,5.80,1.40,2.15,4.00,7.50,2.20,1.62,Estádio de São Miguel (Ponta Delgada- Ilha de São Miguel- Açores)
1706455800,Jan 28 2024 - 3:30pm,complete,1421,CD Nacional,Torreense,Carlos André Fernandes Macedo,19,2.22,1.33,2.47,1.35,2,1,3,2,1,1,"23,90'2","41",13,3,2,0,3,0,0,2,1,2,22,10,12,5,7,3,14,12,58,42,1.52,1.15,2.71,1.07,2.56,50,78,50,28,11,39,78,33,73,10.22,6.22,1.83,3.30,3.65,1.33,1.90,3.60,6.50,1.80,1.95,Estádio da Madeira (Funchal (Ilha da Madeira))
1706455800,Jan 28 2024 - 3:30pm,complete,N/A,Porto II,CF Os Belenenses,Pedro Miguel Torres Ramalho,19,1.22,0.50,1.29,0.59,3,0,3,2,2,0,"20,25,78","",2,9,2,0,2,0,1,1,1,1,19,10,11,4,8,6,10,4,53,47,1.31,1.26,2.32,1.29,2.86,47,75,59,36,18,18,71,70,88,10.36,5.19,1.50,3.85,5.00,1.22,1.70,2.85,4.75,1.75,2.00,Estádio Luís Filipe Menezes (Vila Nova de Gaia)
1706464800,Jan 28 2024 - 6:00pm,complete,N/A,UD Oliveirense,Vilaverdense,N/A,19,1.11,0.44,1.00,0.65,0,1,1,0,0,0,"","67",4,6,4,0,3,0,2,2,1,2,11,17,5,5,5,10,14,20,57,43,1.43,1.28,1.37,1.72,2.83,61,89,50,45,6,28,73,56,89,10.66,6.67,1.95,3.20,3.35,1.29,1.95,3.25,6.50,1.70,2.05,Estádio Carlos Osório (Oliveira de Azeméis)
1706544000,Jan 29 2024 - 4:00pm,complete,N/A,Benfica II,União de Leiria,N/A,19,1.56,0.78,1.35,0.88,0,1,1,0,0,0,"","76",9,5,2,0,1,1,0,2,0,2,17,7,6,3,4,3,16,15,57,43,1.45,1.32,1.76,1.00,2.50,45,67,44,22,22,28,62,45,84,10.78,5.11,2.35,3.10,2.80,1.33,2.00,3.50,6.50,1.73,2.00,Caixa Futebol Campus (Seixal)
1706551200,Jan 29 2024 - 6:00pm,complete,N/A,FC Penafiel,CD Feirense,Rui Miguel Gomes Lima,19,2.00,0.56,1.47,0.35,2,1,3,2,2,0,"21,27","70",2,3,1,0,4,0,0,1,0,4,10,18,4,11,4,2,13,12,40,60,1.50,1.19,1.01,2.02,2.42,41,71,42,24,18,24,71,29,77,9.33,5.06,2.10,3.05,3.50,1.40,2.30,4.33,8.00,2.00,1.73,Estádio Municipal 25 de Abril (Penafiel)
1706645700,Jan 30 2024 - 8:15pm,complete,N/A,Academico Viseu,CD Tondela,Márcio André Dias Torres,19,1.88,1.38,1.41,1.53,1,1,2,0,0,0,"65","68",2,2,2,0,3,0,2,0,1,2,6,12,5,4,1,6,14,15,54,46,1.41,1.16,1.03,1.36,2.51,69,82,38,26,7,25,63,44,82,9.76,5.38,2.25,3.00,3.20,1.38,2.19,4.05,7.90,1.93,1.78,Estádio Municipal do Fontelo (Viseu)
1706899500,Feb 02 2024 - 6:45pm,complete,N/A,Vilaverdense,Santa Clara,João Pedro Costa Teixeira Afonso,20,1.00,2.11,1.00,2.06,1,1,2,1,0,1,"61","14",3,6,5,0,3,0,3,2,2,1,11,11,8,5,2,4,17,17,44,56,1.59,1.52,1.52,1.32,2.39,50,73,45,17,17,28,78,39,67,11.22,6.23,5.50,3.60,1.53,1.36,2.10,3.85,6.50,2.10,1.62,Estádio EFAPEL (Coimbra)
1706906700,Feb 02 2024 - 8:45pm,complete,1098,CD Mafra,CF Os Belenenses,N/A,20,1.56,0.44,1.24,0.59,1,1,2,1,1,0,"12","53",2,4,2,0,3,0,0,2,1,2,19,13,6,4,9,7,9,9,63,37,1.43,1.27,1.85,1.33,2.28,39,62,50,17,6,50,78,22,56,10.89,5.00,1.65,3.50,4.40,1.28,1.95,3.28,6.25,1.88,1.82,Estádio Municipal de Mafra (Mafra)
1706958000,Feb 03 2024 - 11:00am,complete,N/A,União de Leiria,Porto II,N/A,20,1.44,1.22,1.59,1.29,1,1,2,2,1,1,"45'2","19",5,1,2,0,3,1,2,0,2,2,14,8,4,5,7,3,19,11,55,45,1.23,1.53,1.58,1.11,2.95,67,78,61,39,17,39,73,45,62,10.89,5.00,2.20,3.20,3.00,1.30,2.00,3.25,6.00,1.67,2.00,Estádio Dr. Magalhães Pessoa (Leiria)
1706968800,Feb 03 2024 - 2:00pm,complete,N/A,Torreense,AVS,Anzhony Francisco Gonçalves Rodrigues,20,1.67,2.33,1.47,2.06,2,1,3,1,0,1,"75,82","41",7,4,2,0,4,1,0,2,1,4,11,15,5,7,4,6,14,18,52,48,1.29,1.42,1.26,1.69,2.83,67,78,73,33,11,44,73,56,78,9.33,6.78,2.67,2.98,2.67,1.38,2.20,3.98,7.80,1.90,1.80,Campo Manuel Marques (Torres Vedras)
1706974200,Feb 03 2024 - 3:30pm,complete,N/A,FC Penafiel,UD Oliveirense,N/A,20,2.11,1.22,1.47,1.00,1,1,2,0,0,0,"75","89",2,5,3,0,2,0,1,2,0,2,15,8,7,4,7,2,16,19,43,57,1.45,1.15,1.71,1.09,2.34,39,62,45,22,17,28,73,28,73,8.45,5.22,2.02,3.32,3.72,1.40,2.20,4.20,6.20,1.95,1.70,Estádio Municipal 25 de Abril (Penafiel)
1707055200,Feb 04 2024 - 2:00pm,complete,N/A,CS Marítimo,Benfica II,N/A,20,1.33,1.33,1.76,1.29,3,1,4,2,1,1,"43,49,77","36",9,2,5,0,4,0,2,3,2,2,15,9,5,4,7,3,17,14,51,49,1.59,1.49,1.60,1.09,2.67,62,78,56,33,6,45,84,28,67,10.44,5.34,1.51,6.87,3.31,1.28,1.91,3.20,6.15,1.81,1.95,Estádio dos Barreiros (Funchal (Ilha da Madeira))
1707156000,Feb 05 2024 - 6:00pm,complete,N/A,CD Tondela,Paços de Ferreira,Bruno Vieira,20,1.70,0.89,1.35,1.29,1,1,2,2,1,1,"11","42",6,6,4,0,2,0,2,2,0,2,7,13,3,6,3,4,22,13,37,63,1.54,1.34,0.88,1.54,2.45,52,69,47,20,15,42,69,26,74,12.23,5.90,2.25,3.00,3.20,1.39,2.30,4.15,8.20,1.95,1.76,Estádio João Cardoso (Tondela)
1707501600,Feb 09 2024 - 6:00pm,complete,N/A,UD Oliveirense,Torreense,Vitor Jorge Fernandes Ferreira,21,1.00,1.20,1.00,1.35,1,2,3,2,1,1,"45'1","16,66",6,3,2,0,0,0,0,2,0,0,16,12,5,6,5,5,15,10,61,39,1.42,1.14,1.72,1.45,2.60,65,75,55,40,5,30,65,45,75,9.90,6.30,2.80,3.15,2.35,1.36,2.10,3.60,6.50,1.80,1.91,Estádio Carlos Osório (Oliveira de Azeméis)
1707562800,Feb 10 2024 - 11:00am,complete,N/A,Academico Viseu,FC Penafiel,N/A,21,1.78,0.50,1.41,0.82,1,0,1,0,0,0,"47","",8,5,2,0,2,0,2,0,2,0,12,9,4,4,6,4,15,15,50,50,1.37,1.34,1.42,1.24,1.70,38,54,21,11,0,21,47,27,64,9.82,4.58,2.00,3.25,3.80,1.33,2.20,3.70,6.20,1.87,1.83,Estádio Municipal do Fontelo (Viseu)
1707573600,Feb 10 2024 - 2:00pm,complete,N/A,CD Nacional,Vilaverdense,Pedro Miguel Torres Ramalho,21,2.30,0.70,2.47,0.65,3,2,5,3,2,1,"5,40,90'2","26,69",7,2,2,0,2,0,0,2,1,1,23,8,7,6,13,2,11,13,65,35,1.64,1.33,2.60,1.30,2.65,45,85,45,25,10,40,80,35,90,11.50,6.50,1.50,4.33,6.00,1.22,1.75,2.84,5.20,1.88,1.82,Estádio da Madeira (Funchal (Ilha da Madeira))
1707579000,Feb 10 2024 - 3:30pm,complete,N/A,Benfica II,Leixões,N/A,21,1.40,1.10,1.35,1.41,1,1,2,1,1,0,"39","83",4,5,1,0,3,0,0,1,1,2,9,11,6,4,2,5,16,18,51,49,1.48,1.24,1.27,1.21,2.45,50,65,45,25,15,30,65,45,80,9.90,5.50,1.83,3.40,4.20,1.34,2.05,3.66,7.00,1.87,1.83,Caixa Futebol Campus (Seixal)
1707649200,Feb 11 2024 - 11:00am,complete,N/A,AVS,União de Leiria,Bruno Vieira,21,1.90,1.00,1.71,0.88,2,1,3,1,1,0,"40,87","59",5,2,2,1,3,0,0,3,0,3,16,15,6,4,7,7,15,12,45,55,1.64,1.29,1.55,1.41,2.00,20,45,30,20,15,25,65,20,65,12.90,5.60,2.04,3.15,3.20,1.36,2.15,4.00,7.00,1.90,1.83,Estádio Clube Desportivo das Aves (Vila das Aves)
1707660000,Feb 11 2024 - 2:00pm,complete,1925,Paços de Ferreira,CS Marítimo,N/A,21,1.70,1.90,1.76,2.00,1,2,3,1,0,1,"55","6,66",6,5,2,0,3,0,1,1,2,1,16,11,5,4,10,5,16,17,50,50,1.66,1.30,1.78,1.14,2.65,50,70,50,20,15,50,75,30,65,10.90,6.90,2.43,3.25,2.49,1.36,2.14,3.75,7.00,1.80,1.91,Estádio da Capital do Móvel (Paços de Ferreira)
1707665400,Feb 11 2024 - 3:30pm,complete,N/A,CF Os Belenenses,CD Tondela,N/A,21,0.90,1.33,0.94,1.53,0,0,0,0,0,0,"","",6,6,2,0,1,0,1,1,0,1,7,8,2,2,3,5,12,13,49,51,1.37,1.18,0.98,1.07,2.60,65,85,37,27,11,21,69,48,90,10.09,6.16,3.80,3.30,1.95,1.36,2.09,3.75,7.50,1.85,1.85,Estádio do Restelo (Lisboa)
1707665400,Feb 11 2024 - 3:30pm,complete,N/A,Porto II,CD Mafra,N/A,21,1.40,1.40,1.29,1.35,1,1,2,1,1,0,"33","77",10,0,1,0,0,0,0,1,0,0,13,5,7,3,5,2,10,12,61,39,1.41,1.17,1.71,0.65,2.85,55,80,60,30,20,30,70,60,85,9.90,5.70,2.05,3.40,3.40,1.30,1.98,3.25,5.50,1.73,2.00,Estádio Luís Filipe Menezes (Vila Nova de Gaia)
1707760800,Feb 12 2024 - 6:00pm,complete,N/A,Santa Clara,CD Feirense,Miguel Bertolo Nogueira,21,2.30,0.50,2.24,0.35,2,1,3,3,2,1,"21,44","35",9,2,5,1,3,0,2,4,2,1,20,7,9,2,9,4,21,15,56,44,1.45,1.27,2.24,0.73,2.20,45,80,35,10,5,30,75,20,75,7.80,5.90,1.57,3.90,6.40,1.40,2.28,4.00,8.00,2.38,1.53,Estádio de São Miguel (Ponta Delgada- Ilha de São Miguel- Açores)
1708106400,Feb 16 2024 - 6:00pm,complete,N/A,Leixões,Paços de Ferreira,Nuno Miguel Serrano Almeida,22,0.67,0.90,0.76,1.29,1,1,2,1,0,1,"56","5",6,2,3,0,2,0,0,3,0,2,11,13,6,4,3,3,31,15,54,46,1.41,1.36,1.65,1.07,1.73,42,57,26,6,0,20,57,22,64,12.74,6.79,2.98,3.06,2.49,1.41,2.25,4.25,8.40,1.95,1.76,Estádio do Mar (Matosinhos)
1708167600,Feb 17 2024 - 11:00am,complete,N/A,CD Mafra,CD Tondela,N/A,22,1.50,1.30,1.24,1.53,1,3,4,1,0,1,"60","20,73,75",8,3,1,0,0,0,1,0,0,0,12,7,3,6,5,1,13,17,55,45,1.47,1.17,1.06,1.19,2.35,65,80,40,15,5,40,70,25,65,9.80,5.60,2.25,3.10,3.00,1.38,2.25,3.96,7.80,1.89,1.81,Estádio Municipal de Mafra (Mafra)
1708178400,Feb 17 2024 - 2:00pm,complete,N/A,Torreense,Benfica II,Rui Miguel Gomes Lima,22,1.80,1.20,1.47,1.29,3,1,4,2,1,1,"45,54,60","45'3",3,9,1,0,1,0,1,0,0,1,11,14,6,5,2,5,8,15,43,57,1.28,1.45,1.18,1.47,2.70,65,75,65,35,5,50,85,40,65,9.60,5.60,2.39,3.15,2.78,1.36,2.04,3.75,7.20,1.83,1.90,Campo Manuel Marques (Torres Vedras)
1708183800,Feb 17 2024 - 3:30pm,complete,N/A,CS Marítimo,Porto II,Márcio André Dias Torres,22,1.50,1.20,1.76,1.29,1,0,1,1,1,0,"8","",4,7,6,1,4,0,4,3,2,2,11,7,6,3,3,3,19,9,48,52,1.59,1.49,1.44,1.25,2.90,65,85,65,40,10,40,70,45,70,11.40,5.60,2.00,3.25,3.30,1.26,1.89,3.08,5.80,1.75,1.96,Estádio dos Barreiros (Funchal (Ilha da Madeira))
1708192800,Feb 17 2024 - 6:00pm,complete,4863,União de Leiria,CF Os Belenenses,N/A,22,1.40,0.50,1.59,0.59,4,2,6,1,0,1,"57,81,89,90'3","7,47",6,2,2,0,3,0,1,1,0,3,23,8,5,4,13,2,16,12,60,40,1.26,1.27,1.95,0.89,2.55,55,65,45,30,10,40,80,35,65,9.30,5.30,1.55,3.60,5.00,1.31,1.99,3.42,6.60,2.02,1.71,Estádio Dr. Magalhães Pessoa (Leiria)
1708254000,Feb 18 2024 - 11:00am,complete,N/A,Academico Viseu,UD Oliveirense,Anzhony Francisco Gonçalves Rodrigues,22,1.90,1.20,1.41,1.00,2,2,4,0,0,0,"52,90","51,66",7,8,0,1,4,0,0,1,1,3,14,11,7,5,4,4,13,9,50,50,1.38,1.14,1.68,1.41,1.95,45,60,25,15,5,20,50,40,70,9.40,4.60,1.70,3.45,4.15,1.36,2.03,3.75,6.75,2.00,1.78,Estádio Municipal do Fontelo (Viseu)
1708264800,Feb 18 2024 - 2:00pm,complete,N/A,FC Penafiel,Santa Clara,Carlos André Fernandes Macedo,22,2.00,2.00,1.47,2.06,1,2,3,2,1,1,"45'2","27,86",4,3,1,0,4,1,0,1,1,4,8,10,4,4,3,2,11,10,50,50,1.48,1.50,1.41,1.20,2.20,50,70,35,15,15,30,65,25,70,9.60,5.90,3.70,3.00,1.94,1.50,2.56,4.75,10.00,2.20,1.62,Estádio Municipal 25 de Abril (Penafiel)
1708270200,Feb 18 2024 - 3:30pm,complete,N/A,CD Feirense,CD Nacional,Ricardo Baixinho,22,1.78,1.56,1.47,1.71,2,1,3,2,1,1,"26,48","10",1,3,4,0,3,0,1,3,3,0,6,13,4,5,2,7,17,21,44,56,1.30,1.40,0.96,1.52,2.50,50,67,50,28,17,39,73,39,73,9.78,6.11,3.00,3.20,2.10,1.33,1.98,3.60,6.50,1.73,2.00,Estádio Marcolino de Castro (Santa Maria da Feira)
1708365600,Feb 19 2024 - 6:00pm,complete,N/A,Vilaverdense,AVS,Manuel Olivera Vázquez,22,1.00,2.10,1.00,2.06,2,3,5,2,0,2,"53,89","11,25,90'2",4,8,1,0,6,0,0,1,2,4,15,10,4,6,9,2,10,22,49,51,1.58,1.44,1.39,1.30,3.00,70,85,70,25,20,30,90,60,85,10.60,6.80,4.22,3.56,1.82,1.33,1.99,3.40,6.00,1.80,1.91,Estádio EFAPEL (Coimbra)
1708538400,Feb 21 2024 - 6:00pm,complete,N/A,CD Feirense,Academico Viseu,Vitor Jorge Fernandes Ferreira,20,1.90,1.10,1.47,1.12,0,3,3,0,0,0,"","62,69,88",7,4,0,0,1,0,0,0,1,0,13,20,5,5,4,8,10,10,52,48,1.27,1.19,1.53,1.63,2.25,45,70,40,20,5,25,75,30,75,9.20,5.30,2.55,3.00,2.45,1.37,2.16,3.96,7.80,1.89,1.87,Estádio Marcolino de Castro (Santa Maria da Feira)
1708772400,Feb 24 2024 - 11:00am,complete,1009,CD Tondela,União de Leiria,N/A,23,1.64,0.91,1.35,0.88,1,1,2,0,0,0,"90'4","66",9,6,2,0,3,1,0,2,2,2,12,13,6,3,3,6,10,18,55,45,1.48,1.30,1.48,1.13,2.59,46,64,50,27,23,41,64,36,78,11.46,5.55,2.10,2.90,2.94,1.38,2.20,4.00,7.40,1.87,1.89,Estádio João Cardoso (Tondela)
1708783200,Feb 24 2024 - 2:00pm,complete,N/A,Santa Clara,UD Oliveirense,Bruno Vieira,23,2.36,1.18,2.24,1.00,3,0,3,3,3,0,"8,39,45'2","",6,2,1,0,3,0,1,0,1,2,15,11,10,3,4,4,12,11,53,47,1.53,1.17,2.18,1.17,2.18,45,73,36,14,5,27,69,27,69,8.36,6.36,1.42,4.22,6.59,1.28,1.89,3.40,5.70,2.20,1.63,Estádio de São Miguel (Ponta Delgada- Ilha de São Miguel- Açores)
1708788600,Feb 24 2024 - 3:30pm,complete,N/A,CD Nacional,FC Penafiel,Cláudio Filipe Ruivo Pereira,23,2.36,0.45,2.47,0.82,3,2,5,2,1,1,"34,60,67","13,54",6,3,1,0,3,0,0,1,1,2,19,9,8,3,9,2,10,8,50,50,1.73,1.33,2.15,0.87,2.32,41,64,41,23,14,41,68,23,78,10.91,5.55,1.72,3.50,4.30,1.33,2.00,3.60,6.45,1.87,1.89,Estádio da Madeira (Funchal (Ilha da Madeira))
1708788600,Feb 24 2024 - 3:30pm,complete,N/A,Porto II,Leixões,António Emanuel Carvalho Nobre,23,1.36,1.09,1.29,1.41,0,2,2,1,0,1,"","25,90'5",5,4,3,0,6,0,1,2,2,4,7,9,6,7,1,1,9,10,64,36,1.44,1.24,1.19,1.18,2.73,50,82,55,27,14,27,73,55,87,10.82,5.18,1.74,3.45,4.25,1.33,2.04,3.60,6.70,1.87,1.87,Estádio Luís Filipe Menezes (Vila Nova de Gaia)
1708797600,Feb 24 2024 - 6:00pm,complete,N/A,Benfica II,Vilaverdense,N/A,23,1.36,0.64,1.35,0.65,2,0,2,1,1,0,"24,49","",1,9,3,0,3,0,2,1,1,2,14,12,6,4,7,5,16,11,52,48,1.46,1.33,1.78,1.48,2.50,50,78,36,23,14,23,69,45,91,10.09,5.90,1.63,3.65,4.70,1.28,1.88,3.10,5.50,1.85,1.83,Caixa Futebol Campus (Seixal)
1708858800,Feb 25 2024 - 11:00am,complete,N/A,CD Mafra,CS Marítimo,Tiago Bruno Lopes Martins,23,1.36,2.00,1.24,2.00,0,0,0,0,0,0,"","",2,2,2,0,3,0,0,2,0,3,16,9,3,7,9,1,9,11,52,48,1.43,1.28,1.49,1.58,2.50,60,73,50,14,9,46,78,27,64,11.27,5.91,2.63,3.30,2.55,1.38,2.05,4.00,7.30,1.90,1.85,Estádio Municipal de Mafra (Mafra)
1708869600,Feb 25 2024 - 2:00pm,complete,N/A,CF Os Belenenses,Torreense,João Pedro Silva Pinheiro,23,0.91,1.36,0.94,1.35,0,2,2,1,0,1,"","40,85",4,3,1,0,2,0,0,1,1,1,11,16,3,8,6,4,17,7,51,49,1.34,1.17,1.54,1.86,2.14,46,69,41,18,5,27,69,32,69,10.63,5.46,3.00,3.10,2.15,1.38,2.15,4.00,7.40,1.90,1.85,Estádio do Restelo (Lisboa)
1708970400,Feb 26 2024 - 6:00pm,complete,N/A,Paços de Ferreira,CD Feirense,Iancu Ioan Vasilica,23,1.55,0.45,1.76,0.35,1,0,1,1,1,0,"25","",6,6,2,0,2,0,1,1,0,2,20,8,6,3,7,4,12,14,54,46,1.67,1.22,1.79,1.14,2.50,50,78,50,18,9,46,78,27,64,9.55,5.73,1.80,3.30,4.00,1.33,2.08,3.75,7.00,1.85,1.85,Estádio da Capital do Móvel (Paços de Ferreira)
1709064900,Feb 27 2024 - 8:15pm,complete,N/A,AVS,Academico Viseu,João Pedro Costa Teixeira Afonso,23,2.00,1.27,1.71,1.12,2,0,2,0,0,0,"63,66","",5,3,2,0,1,0,1,1,0,1,18,8,5,3,7,4,19,14,53,47,1.63,1.23,1.52,1.00,2.14,36,64,36,18,5,18,82,27,64,11.37,5.54,1.95,3.30,3.75,1.32,2.10,3.30,5.70,1.91,1.80,Estádio Clube Desportivo das Aves (Vila das Aves)
1709151300,Feb 28 2024 - 8:15pm,complete,N/A,Leixões,CD Nacional,Manuel Antonio Rodrigues Oliveira,20,0.70,1.40,0.76,1.71,1,1,2,0,0,0,"90'2","65",10,4,1,0,5,0,0,1,0,5,15,15,4,3,5,8,11,18,60,40,1.44,1.42,1.35,1.21,2.25,55,65,45,20,10,30,70,35,70,11.00,7.20,2.75,3.25,2.25,1.31,1.95,3.42,6.60,1.79,1.92,Estádio do Mar (Matosinhos)
1709377200,Mar 02 2024 - 11:00am,complete,N/A,União de Leiria,CD Mafra,Vitor Jorge Fernandes Ferreira,24,1.55,1.36,1.59,1.35,2,3,5,2,2,0,"7,45","52,61,79",7,4,3,1,1,0,1,3,0,1,8,13,4,8,4,4,10,10,49,51,1.32,1.12,1.22,1.68,2.68,69,69,45,32,18,41,78,36,64,8.55,5.55,1.91,3.25,3.50,1.36,2.05,3.75,7.10,1.90,1.83,Estádio Dr. Magalhães Pessoa (Leiria)
1709388000,Mar 02 2024 - 2:00pm,complete,N/A,CD Feirense,Benfica II,N/A,24,1.73,1.09,1.47,1.29,1,2,3,1,1,0,"18","47,53",6,8,4,0,4,0,2,2,1,3,17,12,8,5,6,3,14,18,50,50,1.29,1.45,2.06,1.31,2.64,55,73,55,32,9,46,78,36,73,10.09,5.10,2.60,3.20,2.40,1.26,1.91,3.08,5.90,1.65,2.10,Estádio Marcolino de Castro (Santa Maria da Feira)
1709463600,Mar 03 2024 - 11:00am,complete,N/A,UD Oliveirense,CD Nacional,Carlos André Fernandes Macedo,24,0.91,1.36,1.00,1.71,0,1,1,0,0,0,"","81",5,14,4,0,2,0,1,3,0,2,10,21,3,7,5,11,22,22,42,58,1.45,1.40,1.09,2.27,2.91,78,82,64,41,14,46,73,50,82,9.91,6.55,2.65,3.40,2.23,1.25,1.86,2.88,5.25,1.65,2.10,Estádio Carlos Osório (Oliveira de Azeméis)
1709469900,Mar 03 2024 - 12:45pm,complete,N/A,Torreense,Porto II,Pedro Miguel Torres Ramalho,24,1.91,1.09,1.47,1.29,0,1,1,1,0,1,"","13",10,4,2,0,2,0,2,0,1,1,16,7,6,5,9,1,13,18,65,35,1.27,1.46,2.14,1.07,2.78,64,78,69,36,9,41,73,50,64,10.46,5.46,2.25,3.25,2.70,1.27,1.90,3.10,5.50,1.72,1.97,Campo Manuel Marques (Torres Vedras)
1709474400,Mar 03 2024 - 2:00pm,complete,N/A,FC Penafiel,AVS,Ricardo Baixinho,24,1.82,2.18,1.47,2.06,0,1,1,0,0,0,"","78",10,3,2,0,5,0,1,1,2,3,18,12,6,4,6,5,16,18,47,53,1.47,1.43,1.69,1.26,2.96,69,82,69,27,23,41,78,50,87,9.45,6.36,3.00,3.20,2.10,1.40,2.21,4.00,8.25,1.95,1.75,Estádio Municipal 25 de Abril (Penafiel)
1709479800,Mar 03 2024 - 3:30pm,complete,N/A,Leixões,CD Tondela,Artur Manuel Ribeiro Soares Dias,24,0.73,1.45,0.76,1.53,1,1,2,1,1,0,"23","80",4,7,2,0,2,0,0,2,0,2,14,10,6,6,4,4,15,16,44,56,1.43,1.17,1.44,1.41,2.23,64,73,32,23,5,9,55,46,82,10.73,6.55,2.75,2.85,2.55,1.45,2.40,4.30,7.80,1.99,1.78,Estádio do Mar (Matosinhos)
1709575200,Mar 04 2024 - 6:00pm,complete,N/A,Academico Viseu,Santa Clara,David Rafael Oliveira Silva,24,1.82,2.09,1.41,2.06,1,1,2,1,1,0,"29","82",1,8,2,0,0,0,2,0,0,0,14,31,5,6,5,15,16,11,50,50,1.40,1.47,1.23,2.26,2.00,55,69,27,14,5,27,50,32,69,10.64,5.55,3.00,3.00,2.30,1.45,2.38,4.70,7.80,2.10,1.67,Estádio Municipal do Fontelo (Viseu)
1709583300,Mar 04 2024 - 8:15pm,complete,N/A,Vilaverdense,Paços de Ferreira,N/A,24,0.91,0.91,1.00,1.29,0,1,1,0,0,0,"","64",4,6,1,0,3,0,1,0,0,3,12,14,3,8,3,4,16,20,43,57,1.56,1.33,0.96,1.73,2.46,60,78,46,14,14,32,87,32,73,11.55,5.55,3.30,3.15,2.00,1.28,2.04,3.28,5.50,1.72,1.97,Estádio EFAPEL (Coimbra)
1709661600,Mar 05 2024 - 6:00pm,complete,N/A,CS Marítimo,CF Os Belenenses,Rui Miguel Gomes Lima,24,1.64,0.45,1.76,0.59,1,1,2,1,1,0,"16","71",3,6,2,0,2,0,0,2,1,1,15,12,5,4,7,7,14,15,67,33,1.58,1.24,1.52,1.32,2.69,50,69,55,36,9,32,78,41,78,9.90,6.09,1.36,4.50,8.50,1.25,1.83,3.20,5.50,2.20,1.62,Estádio dos Barreiros (Funchal (Ilha da Madeira))
1709930700,Mar 08 2024 - 8:45pm,complete,N/A,União de Leiria,UD Oliveirense,N/A,25,1.42,1.08,1.59,1.00,1,0,1,1,1,0,"5","",4,7,2,0,1,0,1,1,1,0,9,10,4,4,3,5,10,11,48,52,1.32,1.17,1.26,1.50,2.71,59,71,46,34,17,38,71,42,63,9.00,5.67,1.57,3.75,4.60,1.25,1.80,3.00,5.50,1.80,1.95,Estádio Dr. Magalhães Pessoa (Leiria)
1709982000,Mar 09 2024 - 11:00am,complete,N/A,CD Mafra,FC Penafiel,Anzhony Francisco Gonçalves Rodrigues,25,1.33,0.42,1.24,0.82,0,1,1,0,0,0,"","70",4,2,1,0,2,0,0,1,0,2,9,9,4,3,3,6,15,12,59,41,1.44,1.29,1.18,1.07,1.88,38,55,34,13,4,38,63,13,55,10.08,4.92,2.05,3.10,3.70,1.33,2.15,4.20,8.00,1.93,1.80,Estádio Municipal de Mafra (Mafra)
1709992800,Mar 09 2024 - 2:00pm,complete,N/A,CD Nacional,Academico Viseu,N/A,25,2.42,1.17,2.47,1.12,1,1,2,2,1,1,"45","21",7,5,2,0,3,1,0,2,1,3,21,8,5,3,10,5,13,15,50,50,1.76,1.21,1.95,1.21,2.83,55,88,55,30,17,42,84,42,84,10.67,4.92,1.89,3.05,3.41,1.30,1.99,3.40,6.00,1.73,2.00,Estádio da Madeira (Funchal (Ilha da Madeira))
1709998200,Mar 09 2024 - 3:30pm,complete,N/A,Benfica II,Santa Clara,Márcio André Dias Torres,25,1.50,2.00,1.35,2.06,0,1,1,1,0,1,"","38",4,4,2,0,3,0,2,0,0,3,13,18,5,5,3,9,11,10,63,37,1.49,1.54,1.39,1.60,2.21,58,75,29,13,13,25,67,30,80,10.00,5.92,3.40,3.20,2.15,1.40,2.20,4.00,7.50,1.91,1.80,Caixa Futebol Campus (Seixal)
1709998200,Mar 09 2024 - 3:30pm,complete,N/A,Porto II,Vilaverdense,Sérgio José dos Santos Guelho,25,1.25,0.58,1.29,0.65,2,1,3,1,1,0,"25,79","66",5,5,2,0,1,0,1,1,1,0,13,13,6,7,5,6,13,15,50,50,1.41,1.34,1.44,1.68,2.75,42,92,46,25,13,21,75,55,96,11.33,5.75,1.53,4.00,6.00,1.25,1.70,2.75,4.75,1.80,1.91,Estádio Luís Filipe Menezes (Vila Nova de Gaia)
1709998200,Mar 09 2024 - 3:30pm,complete,N/A,Paços de Ferreira,Torreense,N/A,25,1.67,1.50,1.76,1.35,2,0,2,1,1,0,"15,90","",7,5,2,0,2,0,1,1,0,2,22,9,9,4,9,5,19,10,52,48,1.68,1.22,2.45,1.30,2.34,46,71,50,17,4,42,79,25,59,9.91,5.75,2.00,3.13,3.75,1.40,2.30,3.75,7.50,2.00,1.73,Estádio da Capital do Móvel (Paços de Ferreira)
1710068400,Mar 10 2024 - 11:00am,complete,N/A,CD Tondela,CS Marítimo,João Pedro Costa Teixeira Afonso,25,1.58,1.92,1.35,2.00,0,3,3,1,0,1,"","28,69,84",3,9,2,2,1,0,3,1,0,1,9,24,2,10,4,7,16,12,31,69,1.48,1.31,0.89,2.47,2.71,63,71,50,25,21,42,67,42,75,11.25,6.59,2.75,3.35,2.55,1.36,2.12,3.50,6.50,1.80,1.91,Estádio João Cardoso (Tondela)
1710180000,Mar 11 2024 - 6:00pm,complete,N/A,CF Os Belenenses,Leixões,André Filipe Domingues Narciso,25,0.83,1.25,0.94,1.41,1,2,3,1,0,1,"65","18,90'4",7,1,2,0,3,0,0,2,2,1,17,9,5,7,10,2,16,22,46,54,1.35,1.24,1.91,1.41,2.17,38,67,34,21,8,25,71,33,75,10.67,5.59,2.70,3.05,2.74,1.44,2.25,4.33,8.00,2.00,1.73,Estádio do Restelo (Lisboa)
1710188100,Mar 11 2024 - 8:15pm,complete,N/A,AVS,CD Feirense,N/A,25,2.08,0.42,1.71,0.35,1,0,1,1,1,0,"35","",3,2,1,1,0,0,0,2,0,0,14,9,5,3,7,5,16,13,59,41,1.62,1.22,1.58,1.03,2.13,38,63,34,17,8,25,75,25,63,10.84,5.75,1.56,3.90,5.84,1.33,1.91,3.50,7.00,2.10,1.67,Estádio Clube Desportivo das Aves (Vila das Aves)
1710525600,Mar 15 2024 - 6:00pm,complete,N/A,Torreense,CD Tondela,Vitor Jorge Fernandes Ferreira,26,1.75,1.42,1.47,1.53,0,1,1,0,0,0,"","58",10,5,4,0,4,0,1,3,0,4,11,11,3,3,2,6,18,17,63,37,1.35,1.19,1.09,1.04,2.63,71,80,55,33,4,30,71,50,80,9.25,5.59,3.28,2.02,3.25,1.44,2.35,4.33,8.00,2.00,1.73,Campo Manuel Marques (Torres Vedras)
1710586800,Mar 16 2024 - 11:00am,complete,N/A,UD Oliveirense,AVS,N/A,26,0.83,2.25,1.00,2.06,1,1,2,1,1,0,"45","86",14,7,3,0,2,0,2,1,1,1,15,17,6,6,7,6,10,17,43,57,1.42,1.42,1.68,1.68,3.00,75,79,67,42,17,38,67,59,92,10.25,7.25,4.50,3.75,1.72,1.30,1.95,3.40,6.25,1.85,1.80,Estádio Carlos Osório (Oliveira de Azeméis)
1710597600,Mar 16 2024 - 2:00pm,complete,N/A,FC Penafiel,Benfica II,Pedro Miguel Torres Ramalho,26,1.67,1.25,1.47,1.29,0,1,1,0,0,0,"","57",2,7,2,0,3,0,1,1,2,1,10,8,4,4,5,3,16,22,45,55,1.49,1.44,1.28,1.27,2.71,63,75,59,30,13,46,84,34,75,10.33,4.92,2.69,3.05,2.54,1.36,2.09,3.75,7.00,1.85,1.85,Estádio Municipal 25 de Abril (Penafiel)
1710603000,Mar 16 2024 - 3:30pm,complete,N/A,CS Marítimo,União de Leiria,Carlos André Fernandes Macedo,26,1.58,0.92,1.76,0.88,2,0,2,1,1,0,"29,69","",4,0,3,0,3,1,0,3,1,3,12,7,6,2,4,5,9,10,62,38,1.57,1.29,1.64,0.91,2.38,46,67,46,25,9,29,63,38,79,10.83,5.92,1.91,3.30,3.70,1.36,2.03,3.50,6.50,1.91,1.80,Estádio dos Barreiros (Funchal (Ilha da Madeira))
1710603000,Mar 16 2024 - 3:30pm,complete,N/A,Academico Viseu,Paços de Ferreira,N/A,26,1.75,1.08,1.41,1.29,1,1,2,0,0,0,"88","48",10,2,1,0,3,0,1,0,2,1,20,6,5,2,10,4,5,11,50,50,1.39,1.37,1.92,0.77,1.92,54,67,25,9,0,25,55,25,71,11.17,4.66,2.29,3.10,2.97,1.40,2.18,4.20,7.90,1.90,1.83,Estádio Municipal do Fontelo (Viseu)
1710673200,Mar 17 2024 - 11:00am,complete,N/A,CD Feirense,Porto II,Rui Miguel Gomes Lima,26,1.58,1.25,1.47,1.29,1,1,2,2,1,1,"30","33",7,11,1,0,1,0,0,1,0,1,17,16,6,3,7,8,9,15,57,43,1.36,1.43,1.78,1.53,2.54,50,71,54,25,13,29,67,42,67,10.67,5.34,2.90,3.00,2.50,1.33,1.95,3.40,6.00,1.73,2.00,Estádio Marcolino de Castro (Santa Maria da Feira)
1710684000,Mar 17 2024 - 2:00pm,complete,N/A,Santa Clara,CD Nacional,Fábio José Costa Veríssimo,26,2.42,1.50,2.24,1.71,0,1,1,1,0,1,"","13",9,5,3,1,8,0,2,2,3,5,16,6,6,2,5,3,12,17,50,50,1.58,1.47,1.73,0.74,2.42,55,79,50,13,9,46,79,25,67,9.58,6.67,1.87,3.30,4.10,1.29,1.95,3.34,6.35,1.83,1.87,Estádio de São Miguel (Ponta Delgada- Ilha de São Miguel- Açores)
1710689400,Mar 17 2024 - 3:30pm,complete,N/A,Leixões,CD Mafra,Ricardo Baixinho,26,0.75,1.50,0.76,1.35,1,1,2,1,0,1,"90'6","14",7,2,4,0,1,0,1,3,1,0,12,8,3,2,7,4,19,12,57,43,1.43,1.17,1.41,0.77,2.17,59,63,34,21,13,21,63,38,75,10.33,6.25,2.25,3.00,3.20,1.37,2.20,3.96,7.80,1.92,1.79,Estádio do Mar (Matosinhos)
1710792900,Mar 18 2024 - 8:15pm,complete,N/A,Vilaverdense,CF Os Belenenses,David Rafael Oliveira Silva,26,0.83,0.50,1.00,0.59,1,1,2,0,0,0,"68","90'2",6,0,0,0,2,1,0,0,0,3,19,9,8,3,9,4,9,17,58,42,1.51,1.24,2.15,0.93,2.79,54,71,54,29,21,25,88,46,83,10.08,5.25,2.30,3.20,2.70,1.33,1.95,3.50,6.50,1.80,1.91,Estádio EFAPEL (Coimbra)
1711710000,Mar 29 2024 - 11:00am,complete,N/A,CF Os Belenenses,CD Feirense,N/A,27,0.77,0.38,0.94,0.35,3,1,4,1,0,1,"50,72,83","34",9,3,2,0,1,0,0,2,0,1,16,12,8,5,6,4,10,19,51,49,1.40,1.20,2.00,1.32,2.16,42,69,35,15,8,23,73,31,70,10.08,4.84,2.45,3.00,2.62,1.36,2.05,3.75,7.00,1.83,1.95,Estádio do Restelo (Lisboa)
1711720800,Mar 29 2024 - 2:00pm,complete,N/A,Paços de Ferreira,UD Oliveirense,N/A,27,1.77,1.00,1.76,1.00,2,0,2,2,2,0,"22,39","",5,7,5,0,1,0,2,3,1,0,12,15,4,9,4,5,16,9,54,46,1.74,1.19,1.29,2.14,2.31,38,66,42,19,8,35,74,31,58,10.00,5.62,1.44,3.80,6.00,1.28,1.88,3.30,6.00,1.95,1.80,Estádio da Capital do Móvel (Paços de Ferreira)
1711726200,Mar 29 2024 - 3:30pm,complete,N/A,CD Tondela,Vilaverdense,Carlos Teixeira,27,1.46,0.54,1.35,0.65,1,0,1,0,0,0,"74","",7,10,2,0,1,0,0,2,0,1,14,15,5,5,7,5,20,10,47,53,1.44,1.36,1.55,1.48,2.70,50,81,46,27,16,35,73,46,85,11.23,6.38,1.61,4.00,5.60,1.30,2.03,3.40,6.25,1.95,1.80,Estádio João Cardoso (Tondela)
1711796400,Mar 30 2024 - 11:00am,complete,N/A,União de Leiria,CD Nacional,Bruno Vieira,27,1.54,1.62,1.59,1.71,1,1,2,1,1,0,"45'3","83",11,7,2,0,1,0,0,2,0,1,13,13,3,5,5,7,16,18,54,46,1.31,1.41,1.22,1.58,2.73,66,69,50,31,19,46,81,38,62,10.16,6.46,2.45,3.45,2.37,1.25,1.67,3.00,4.75,1.63,2.20,Estádio Dr. Magalhães Pessoa (Leiria)
1711807200,Mar 30 2024 - 2:00pm,complete,N/A,CS Marítimo,Leixões,Manuel Antonio Rodrigues Oliveira,27,1.69,1.38,1.76,1.41,0,0,0,0,0,0,"","",9,2,0,1,3,0,1,0,1,2,10,15,4,7,3,8,6,22,45,55,1.58,1.25,1.10,1.87,2.42,50,73,46,27,4,31,77,35,77,9.53,6.38,1.70,3.40,4.20,1.36,2.00,3.75,7.00,2.00,1.75,Estádio do Marítimo (Funchal (Ilha da Madeira))
1711812600,Mar 30 2024 - 3:30pm,complete,N/A,AVS,Santa Clara,Artur Manuel Ribeiro Soares Dias,27,2.15,2.08,1.71,2.06,1,2,3,1,0,1,"51","33,60",6,3,4,0,2,0,1,3,1,1,8,7,4,4,4,2,10,10,61,39,1.62,1.54,1.32,1.04,1.89,39,58,23,12,8,23,73,19,58,11.53,6.46,2.52,2.99,2.57,1.45,2.40,4.75,8.90,2.00,1.75,Estádio Clube Desportivo das Aves (Vila das Aves)
1711812600,Mar 30 2024 - 3:30pm,complete,N/A,Porto II,FC Penafiel,N/A,27,1.38,0.62,1.29,0.82,3,1,4,1,1,0,"36,65,76","56",6,4,2,0,3,0,0,2,1,2,9,11,4,6,3,4,13,9,51,49,1.42,1.27,0.00,0.00,2.35,39,69,43,19,12,19,62,42,85,10.23,5.00,1.92,3.30,3.35,1.28,2.00,3.30,5.45,1.78,2.00,Estádio Luís Filipe Menezes (Vila Nova de Gaia)
1711990800,Apr 01 2024 - 5:00pm,complete,N/A,Benfica II,Academico Viseu,N/A,27,1.38,1.15,1.35,1.12,1,1,2,0,0,0,"49","57",2,6,0,0,2,0,0,0,1,1,13,15,5,7,4,5,17,12,54,46,1.48,1.21,1.42,1.72,2.31,50,77,35,15,8,19,73,38,77,9.15,4.84,2.35,3.20,2.73,1.33,1.93,3.50,6.00,1.80,1.91,Caixa Futebol Campus (Seixal)
1711990800,Apr 01 2024 - 5:00pm,complete,N/A,CD Mafra,Torreense,Sérgio José dos Santos Guelho,27,1.23,1.38,1.24,1.35,2,1,3,0,0,0,"52,84","87",8,9,1,0,0,0,1,0,0,0,15,13,5,7,6,4,15,9,53,47,1.42,1.23,1.48,1.67,2.08,46,70,42,12,0,39,73,16,58,9.84,4.85,2.18,2.95,2.77,1.36,1.76,4.00,7.00,1.83,1.83,Estádio Municipal de Mafra (Mafra)
1712397600,Apr 06 2024 - 10:00am,complete,N/A,FC Penafiel,CF Os Belenenses,N/A,28,1.54,0.54,1.47,0.59,3,0,3,0,0,0,"49,54,81","",4,8,1,0,2,0,1,0,1,1,14,14,8,8,6,3,13,4,49,51,1.47,1.22,1.89,1.78,2.50,50,66,46,23,15,27,70,35,85,8.85,5.00,1.95,3.40,3.75,1.35,2.10,3.60,6.50,1.83,1.85,Estádio Municipal 25 de Abril (Penafiel)
1712408400,Apr 06 2024 - 1:00pm,complete,N/A,Leixões,União de Leiria,Márcio André Dias Torres,28,0.77,0.85,0.76,0.88,0,0,0,0,0,0,"","",3,5,2,0,2,0,0,2,1,1,12,15,3,4,8,8,11,11,54,46,1.43,1.26,1.22,1.39,1.96,43,62,27,12,8,12,54,35,81,11.69,6.31,2.30,3.00,2.80,1.36,2.00,3.84,7.50,1.87,1.83,Estádio do Mar (Matosinhos)
1712413800,Apr 06 2024 - 2:30pm,complete,N/A,CD Feirense,CD Tondela,N/A,28,1.54,1.54,1.47,1.53,1,3,4,1,1,0,"39","63,83,90",1,9,2,0,5,0,2,0,1,4,8,8,4,4,4,3,12,16,40,60,1.39,1.18,1.17,1.28,2.47,62,77,42,23,8,23,62,42,85,9.39,5.54,2.85,2.95,2.30,1.38,2.10,4.00,7.50,1.83,1.83,Estádio Marcolino de Castro (Santa Maria da Feira)
1712413800,Apr 06 2024 - 2:30pm,complete,N/A,CD Nacional,AVS,João Pedro Silva Pinheiro,28,2.31,2.15,2.47,2.06,2,1,3,3,2,1,"19,31","16",3,5,2,0,2,0,0,2,0,2,12,11,6,4,6,7,16,10,44,56,1.78,1.44,1.46,1.51,3.16,73,89,66,35,27,54,85,50,89,11.39,6.62,2.10,3.20,3.00,1.25,1.85,2.98,5.65,1.70,2.10,Estádio da Madeira (Funchal (Ilha da Madeira))
1712484000,Apr 07 2024 - 10:00am,complete,N/A,Vilaverdense,CD Mafra,João Pedro Costa Teixeira Afonso,28,0.85,1.46,1.00,1.35,2,1,3,0,0,0,"66,90'6","82",8,4,3,0,3,0,1,2,1,2,14,10,7,3,2,6,10,15,46,54,1.56,1.14,1.43,1.19,2.70,66,73,50,27,23,31,81,46,81,9.23,5.07,2.63,3.10,2.50,1.27,1.91,3.20,6.05,1.73,2.00,Estádio EFAPEL (Coimbra)
1712494800,Apr 07 2024 - 1:00pm,complete,N/A,Santa Clara,Paços de Ferreira,David Rafael Oliveira Silva,28,2.23,1.08,2.24,1.29,0,1,1,0,0,0,"","87",1,2,2,0,1,0,0,2,1,0,12,10,4,5,4,2,16,9,50,50,1.59,1.32,1.15,1.06,1.97,46,73,31,0,0,35,74,12,62,10.24,6.16,1.70,3.40,4.50,1.42,2.20,4.50,8.00,2.05,1.72,Estádio de São Miguel (Ponta Delgada- Ilha de São Miguel- Açores)
1712500200,Apr 07 2024 - 2:30pm,complete,N/A,Torreense,CS Marítimo,Nuno Miguel Serrano Almeida,28,1.62,2.00,1.47,2.00,0,0,0,0,0,0,"","",7,10,3,0,2,0,1,2,0,2,9,12,4,3,4,5,14,16,48,52,1.33,1.40,1.26,1.40,2.50,54,66,58,23,8,35,69,46,73,10.76,6.23,3.40,3.10,2.05,1.35,2.10,3.70,6.50,1.83,1.85,Campo Manuel Marques (Torres Vedras)
1712509200,Apr 07 2024 - 5:00pm,complete,N/A,UD Oliveirense,Benfica II,N/A,28,0.85,1.38,1.00,1.29,3,1,4,3,2,1,"12,19,86","31",6,7,2,0,1,0,0,2,0,1,11,17,5,5,2,11,13,7,40,60,1.44,1.43,1.29,2.13,2.81,73,77,58,42,8,43,77,42,81,11.62,5.77,2.80,3.20,2.21,1.29,1.89,3.00,5.50,1.60,2.20,Estádio Carlos Osório (Oliveira de Azeméis)
1712595600,Apr 08 2024 - 5:00pm,complete,N/A,Academico Viseu,Porto II,N/A,28,1.69,1.23,1.41,1.29,0,2,2,0,0,0,"","60,76",2,3,2,0,0,0,1,1,0,0,11,16,4,3,4,6,11,12,45,55,1.43,1.44,1.17,1.15,2.35,62,73,39,23,8,27,58,42,62,11.77,4.31,2.25,3.10,2.80,1.29,1.83,3.00,5.50,1.70,2.05,Estádio Municipal do Fontelo (Viseu)
1713002400,Apr 13 2024 - 10:00am,complete,N/A,CF Os Belenenses,Academico Viseu,Vitor Jorge Fernandes Ferreira,29,0.93,1.14,0.94,1.12,1,0,1,0,0,0,"66","",4,0,1,0,3,0,0,1,1,2,15,14,3,7,5,5,11,13,51,49,1.44,1.25,1.11,1.56,2.25,47,79,36,18,4,18,71,43,75,10.86,4.72,3.25,3.25,2.06,1.38,2.05,3.90,6.70,1.80,1.83,Estádio do Restelo (Lisboa)
1713013200,Apr 13 2024 - 1:00pm,complete,N/A,União de Leiria,Vilaverdense,Anzhony Francisco Gonçalves Rodrigues,29,1.50,0.50,1.59,0.65,3,1,4,1,1,0,"24,69,90'1","90'5",4,7,3,0,3,0,2,1,1,2,8,9,4,5,2,3,14,7,44,56,1.31,1.37,1.12,1.46,2.65,54,75,40,29,14,32,79,40,75,10.93,5.71,1.58,3.80,4.90,1.22,1.79,2.90,4.90,1.80,1.90,Estádio Dr. Magalhães Pessoa (Leiria)
1713018600,Apr 13 2024 - 2:30pm,complete,987,CD Tondela,FC Penafiel,Sérgio José dos Santos Guelho,29,1.57,0.57,1.35,0.82,0,1,1,1,0,1,"","29",8,5,3,0,3,0,0,3,1,2,13,11,6,2,4,5,15,16,61,39,1.44,1.27,1.54,0.94,2.29,43,57,40,25,14,32,57,32,75,10.29,5.78,1.91,3.20,3.80,1.35,2.16,3.70,6.50,1.93,1.75,Estádio João Cardoso (Tondela)
1713018600,Apr 13 2024 - 2:30pm,complete,N/A,Benfica II,AVS,Iancu Ioan Vasilica,29,1.36,2.00,1.35,2.06,0,1,1,0,0,0,"","90'9",5,3,3,0,3,0,0,3,0,3,12,11,2,2,5,6,10,16,44,56,1.47,1.44,1.07,1.23,2.68,68,79,50,22,18,29,72,50,86,9.57,6.15,2.85,3.10,2.35,1.29,1.93,3.28,6.35,1.75,1.96,Caixa Futebol Campus (Seixal)
1713088800,Apr 14 2024 - 10:00am,complete,N/A,Paços de Ferreira,CD Nacional,Nuno Miguel Serrano Almeida,29,1.86,1.57,1.76,1.71,1,1,2,1,0,1,"52","14",7,2,4,0,3,0,1,3,2,1,23,12,7,5,9,6,19,18,50,50,1.71,1.43,2.02,1.26,2.43,50,71,47,18,11,47,83,29,61,11.07,6.57,2.44,3.35,2.90,1.30,1.99,3.30,6.05,1.72,2.05,Estádio da Capital do Móvel (Paços de Ferreira)
1713099600,Apr 14 2024 - 1:00pm,complete,N/A,CD Mafra,CD Feirense,Artur Manuel Ribeiro Soares Dias,29,1.36,0.36,1.24,0.35,0,0,0,0,0,0,"","",6,5,0,0,2,0,0,0,0,2,8,6,4,2,3,3,3,4,67,33,1.42,1.21,1.28,0.89,2.18,50,68,43,14,4,36,72,22,57,9.57,4.36,1.88,3.65,4.10,1.30,1.98,3.50,6.10,1.80,1.95,Estádio Municipal de Mafra (Mafra)
1713105000,Apr 14 2024 - 2:30pm,complete,N/A,Leixões,Torreense,Carlos Teixeira,29,0.79,1.29,0.76,1.35,1,1,2,1,0,1,"61","21",6,2,1,0,1,0,0,1,0,1,10,11,5,4,5,5,19,14,48,52,1.41,1.26,1.42,1.09,1.93,50,68,32,11,0,15,61,29,71,11.00,5.93,2.21,3.20,3.50,1.42,1.90,4.00,7.20,1.95,1.78,Estádio do Mar (Matosinhos)
1713105000,Apr 14 2024 - 2:30pm,complete,N/A,Porto II,UD Oliveirense,Hélder Miguel Azevedo Malheiro,29,1.50,0.93,1.29,1.00,0,1,1,0,0,0,"","60",7,8,2,0,2,0,0,2,2,0,9,16,3,5,3,7,12,15,57,43,1.42,1.26,1.03,1.49,2.64,47,82,50,25,11,22,72,54,79,10.43,4.93,1.71,4.00,4.60,1.18,1.62,2.60,4.65,1.67,2.14,Estádio Luís Filipe Menezes (Vila Nova de Gaia)
1713123000,Apr 14 2024 - 7:30pm,complete,N/A,CS Marítimo,Santa Clara,N/A,29,1.64,2.14,1.76,2.06,0,0,0,0,0,0,"","",7,1,4,0,2,0,0,4,0,2,10,5,0,3,5,2,13,13,50,50,1.54,1.51,0.75,0.85,2.15,54,71,36,18,4,29,71,25,68,10.43,6.43,2.63,2.93,2.88,1.50,2.40,4.20,7.20,1.93,1.75,Estádio do Marítimo (Funchal (Ilha da Madeira))
1713546000,Apr 19 2024 - 5:00pm,complete,N/A,CD Feirense,Leixões,Fábio José Costa Veríssimo,30,1.43,1.36,1.47,1.41,1,1,2,1,0,1,"62","15",6,5,5,0,5,0,3,2,1,4,15,9,7,2,6,5,9,25,51,49,1.37,1.29,1.77,1.03,2.32,47,68,47,21,7,29,68,40,75,9.00,5.64,2.70,3.00,2.40,1.40,2.15,3.95,7.30,1.83,1.80,Estádio Marcolino de Castro (Santa Maria da Feira)
1713607200,Apr 20 2024 - 10:00am,complete,N/A,FC Penafiel,Paços de Ferreira,N/A,30,1.64,1.21,1.47,1.29,1,1,2,0,0,0,"90'5","89",3,6,2,0,1,0,0,2,0,1,11,12,4,6,6,3,15,5,50,50,1.50,1.30,1.24,1.48,2.08,47,64,36,7,7,29,57,22,79,9.93,4.85,2.90,3.30,2.49,1.37,2.00,3.95,7.80,1.89,1.81,Estádio Municipal 25 de Abril (Penafiel)
1713618000,Apr 20 2024 - 1:00pm,complete,N/A,Torreense,União de Leiria,N/A,30,1.57,0.86,1.47,0.88,0,3,3,2,0,2,"","25,31,86",12,4,2,0,1,0,1,1,0,1,10,9,4,5,5,3,10,14,55,45,1.32,1.27,1.56,1.20,2.14,40,57,47,22,7,29,57,40,72,10.64,5.58,2.43,3.40,2.90,1.33,2.02,3.56,7.00,1.82,1.88,Campo Manuel Marques (Torres Vedras)
1713623400,Apr 20 2024 - 2:30pm,complete,N/A,Santa Clara,CD Tondela,António Emanuel Carvalho Nobre,30,2.07,1.64,2.24,1.53,1,0,1,0,0,0,"62","",6,2,2,1,3,1,2,1,1,3,7,6,5,2,2,4,14,14,46,54,1.56,1.19,1.10,0.90,2.36,58,79,40,18,4,25,72,29,75,9.00,6.35,1.60,3.90,6.00,1.35,2.08,3.74,7.40,2.17,1.61,Estádio de São Miguel (Ponta Delgada- Ilha de São Miguel- Açores)
1713693600,Apr 21 2024 - 10:00am,complete,N/A,UD Oliveirense,CF Os Belenenses,Tiago Bruno Lopes Martins,30,1.00,0.50,1.00,0.59,1,2,3,1,0,1,"73","12,59",4,6,2,0,5,0,0,2,2,3,13,17,3,6,8,7,15,15,55,45,1.43,1.26,1.39,1.62,2.79,65,75,54,40,11,29,68,47,90,10.50,5.71,2.20,3.00,2.95,1.40,2.20,4.20,8.00,1.91,1.73,Estádio Carlos Osório (Oliveira de Azeméis)
1713704400,Apr 21 2024 - 1:00pm,complete,N/A,Academico Viseu,CD Mafra,Pedro Miguel Torres Ramalho,30,1.57,1.36,1.41,1.35,0,1,1,1,0,1,"","15",6,1,0,0,2,0,0,0,0,2,12,10,5,4,3,5,11,15,55,45,1.41,1.14,1.37,1.08,2.32,64,71,36,22,11,25,54,47,79,9.07,4.50,2.00,3.25,3.10,1.30,2.00,3.30,7.00,1.83,1.90,Estádio Municipal do Fontelo (Viseu)
1713709800,Apr 21 2024 - 2:30pm,complete,N/A,Vilaverdense,CS Marítimo,Hélder Miguel Azevedo Malheiro,30,1.00,1.93,1.00,2.00,0,2,2,1,0,1,"","39,62",4,6,2,0,3,0,1,1,1,2,12,11,4,6,5,3,4,16,49,51,1.55,1.40,1.33,1.63,2.61,57,72,54,18,18,25,72,50,79,11.42,5.79,3.90,3.50,1.73,1.29,1.83,3.00,5.50,1.80,1.95,Estádio EFAPEL (Coimbra)
1713805200,Apr 22 2024 - 5:00pm,complete,N/A,CD Nacional,Benfica II,Frederico João Gonçalves Santos B. Martins,30,2.36,1.29,2.47,1.29,3,1,4,2,2,0,"25,45,49","90'1",9,5,1,0,2,0,1,0,1,1,22,11,8,4,10,6,18,7,46,54,1.76,1.48,2.16,1.33,3.07,71,86,64,40,18,64,93,36,75,11.78,5.14,1.76,3.80,4.20,1.25,1.72,3.00,5.00,1.73,2.00,Estádio da Madeira (Funchal (Ilha da Madeira))
1713986100,Apr 24 2024 - 7:15pm,complete,N/A,AVS,Porto II,N/A,30,2.00,1.36,1.71,1.29,0,2,2,1,0,1,"","36,50",8,4,1,1,2,0,0,2,0,2,22,6,6,4,14,2,14,20,63,37,1.60,1.42,2.27,0.91,2.29,43,65,40,22,11,25,75,36,54,12.29,5.50,1.80,3.50,3.60,1.23,1.73,2.88,5.35,1.72,2.13,Estádio Clube Desportivo das Aves (Vila das Aves)
1714064400,Apr 25 2024 - 5:00pm,complete,N/A,União de Leiria,FC Penafiel,Carlos Teixeira,31,1.60,0.73,1.59,0.82,0,2,2,1,0,1,"","24,61",11,2,2,1,4,0,2,1,2,2,23,13,4,6,13,6,15,20,57,43,1.29,1.25,1.85,1.42,2.37,50,57,37,30,14,30,70,30,64,9.53,5.40,2.04,3.35,3.43,1.32,2.06,3.48,6.80,1.87,1.83,Estádio Dr. Magalhães Pessoa (Leiria)
1714212000,Apr 27 2024 - 10:00am,complete,N/A,CD Mafra,UD Oliveirense,N/A,31,1.33,1.07,1.24,1.00,3,3,6,3,2,1,"12,22,56","31,58,66",8,3,0,0,0,0,0,0,0,0,16,19,7,10,7,6,16,14,55,45,1.41,1.27,1.82,2.05,2.00,40,60,37,14,4,34,60,23,54,10.40,4.47,2.10,3.25,3.00,1.25,1.90,2.98,5.60,1.69,2.04,Estádio Municipal de Mafra (Mafra)
1714222800,Apr 27 2024 - 1:00pm,complete,N/A,CS Marítimo,CD Feirense,N/A,31,1.60,0.40,1.76,0.35,3,2,5,1,0,1,"68,71,90'3","37,57",3,3,1,0,1,0,0,1,0,1,19,10,9,4,7,6,10,18,68,32,1.49,1.19,2.18,1.22,2.17,47,67,40,24,4,27,70,27,64,9.53,5.53,1.57,3.60,5.00,1.22,1.72,2.84,5.20,1.86,1.90,Estádio do Marítimo (Funchal (Ilha da Madeira))
1714228200,Apr 27 2024 - 2:30pm,complete,N/A,Leixões,Vilaverdense,N/A,31,0.80,0.47,0.76,0.65,1,3,4,2,1,1,"36","14,71,80",6,5,2,0,3,0,1,1,2,1,19,13,9,7,9,5,21,87,62,38,1.41,1.38,2.48,1.65,2.07,47,70,27,17,4,10,63,37,83,12.00,6.27,1.73,3.50,4.00,1.28,1.98,3.28,6.25,1.88,1.82,Estádio do Mar (Matosinhos)
1714298400,Apr 28 2024 - 10:00am,complete,N/A,Torreense,Academico Viseu,Sérgio José dos Santos Guelho,31,1.47,1.07,1.47,1.12,1,2,3,2,1,1,"40","11,82",7,5,1,0,5,0,1,0,3,2,19,12,4,6,10,5,10,12,60,40,1.34,1.27,1.88,1.60,2.24,47,70,47,20,0,30,67,40,70,10.20,5.13,2.35,3.15,2.75,1.36,2.05,3.75,7.30,1.83,1.90,Campo Manuel Marques (Torres Vedras)
1714309200,Apr 28 2024 - 1:00pm,complete,N/A,CD Tondela,Benfica II,Rui Miguel Gomes Lima,31,1.47,1.20,1.35,1.29,1,1,2,1,1,0,"2","46",0,3,0,0,2,0,0,0,0,2,8,13,3,4,5,7,9,9,44,56,1.45,1.47,1.09,1.59,2.80,63,74,57,37,14,50,80,40,73,11.80,5.60,2.64,2.07,4.08,1.40,2.00,3.70,6.50,1.77,1.85,Estádio João Cardoso (Tondela)
1714314600,Apr 28 2024 - 2:30pm,complete,N/A,Porto II,Santa Clara,Iancu Ioan Vasilica,31,1.40,2.07,1.29,2.06,2,2,4,2,1,1,"45'2,71","16,68",7,1,0,0,2,0,0,0,0,2,7,11,3,6,4,5,8,24,60,40,1.39,1.46,0.90,1.23,2.40,53,80,44,17,10,20,70,44,80,10.73,5.47,3.20,3.35,2.04,1.33,1.95,3.75,6.55,1.87,1.87,Estádio Luís Filipe Menezes (Vila Nova de Gaia)
1714314600,Apr 28 2024 - 2:30pm,complete,N/A,CF Os Belenenses,CD Nacional,António Emanuel Carvalho Nobre,31,1.07,1.53,0.94,1.71,1,3,4,3,0,3,"90'6","9,19,36",8,7,2,0,1,0,0,2,1,0,15,21,5,10,7,9,4,12,54,46,1.42,1.42,1.60,2.23,2.30,54,70,40,20,10,27,74,37,77,11.33,5.80,3.25,3.50,1.90,1.24,1.77,2.98,5.55,1.75,1.95,Estádio do Restelo (Lisboa)
1714502700,Apr 30 2024 - 6:45pm,complete,1940,Paços de Ferreira,AVS,Ricardo Baixinho,31,1.80,2.07,1.76,2.06,0,4,4,1,0,1,"","28,53,65,81",1,8,2,0,4,0,1,1,2,2,21,19,4,9,11,8,14,19,49,51,1.73,1.43,1.55,2.16,2.63,57,77,54,20,14,44,80,37,70,10.66,6.87,2.52,3.25,2.40,1.31,1.86,3.42,6.65,1.78,1.93,Estádio da Capital do Móvel (Paços de Ferreira)
1714755600,May 03 2024 - 5:00pm,complete,N/A,Santa Clara,CF Os Belenenses,N/A,32,2.13,0.67,2.24,0.59,2,0,2,0,0,0,"53,63","",6,5,2,0,2,0,2,0,0,2,13,7,6,2,5,5,16,9,57,43,1.53,1.28,1.63,0.94,2.33,43,70,43,14,7,27,73,30,74,9.07,6.14,1.31,4.30,8.20,1.30,2.04,3.50,6.20,2.50,1.50,Estádio de São Miguel (Ponta Delgada- Ilha de São Miguel- Açores)
1714816800,May 04 2024 - 10:00am,complete,N/A,CD Feirense,União de Leiria,Manuel Antonio Rodrigues Oliveira,32,1.40,1.00,1.47,0.88,1,0,1,1,1,0,"38","",8,3,3,0,4,0,0,3,1,3,11,14,3,2,5,9,14,18,48,52,1.40,1.26,1.16,1.19,2.27,40,67,44,17,10,27,60,37,80,9.94,5.34,2.37,3.10,2.62,1.25,1.91,3.40,5.30,1.70,2.03,Estádio Marcolino de Castro (Santa Maria da Feira)
1714827600,May 04 2024 - 1:00pm,complete,N/A,Academico Viseu,Leixões,Bruno Vieira,32,1.47,1.33,1.41,1.41,1,1,2,1,0,1,"60","8",2,5,3,0,2,0,1,2,0,2,16,9,7,4,8,5,15,14,57,43,1.41,1.28,1.79,1.13,2.07,50,67,30,17,4,20,57,40,73,9.67,4.94,2.30,2.88,2.90,1.34,2.06,3.65,7.20,1.84,1.92,Estádio Municipal do Fontelo (Viseu)
1714833000,May 04 2024 - 2:30pm,complete,N/A,UD Oliveirense,CD Tondela,Nuno Miguel Serrano Almeida,32,0.93,1.53,1.00,1.53,2,1,3,3,2,1,"6,24","42",3,8,1,0,1,0,0,1,0,1,20,10,3,2,8,4,15,17,41,59,1.43,1.17,1.49,1.14,2.74,77,80,50,40,7,23,64,47,93,10.34,6.20,2.37,3.10,2.62,1.28,1.91,3.20,6.15,1.73,2.05,Estádio Carlos Osório (Oliveira de Azeméis)
1714903200,May 05 2024 - 10:00am,complete,N/A,FC Penafiel,CS Marítimo,António Emanuel Carvalho Nobre,32,1.60,2.00,1.47,2.00,0,1,1,1,0,1,"","37",10,6,3,0,5,0,2,1,1,4,16,7,4,4,9,3,18,15,50,50,1.48,1.41,1.69,1.11,2.37,47,67,47,13,13,27,60,37,80,10.20,5.46,4.88,3.40,1.65,1.33,2.00,3.40,6.50,1.90,1.83,Estádio Municipal 25 de Abril (Penafiel)
1714914000,May 05 2024 - 1:00pm,complete,N/A,CD Nacional,Porto II,Hélder Miguel Azevedo Malheiro,32,2.40,1.47,2.47,1.29,4,0,4,2,2,0,"17,21,87,90'2","",7,5,0,0,0,0,0,0,0,0,17,9,9,0,6,8,15,5,46,54,1.78,1.38,1.96,0.91,2.94,63,87,57,34,20,53,83,40,67,12.07,4.80,1.62,4.00,4.21,1.15,1.55,2.25,4.15,1.60,2.19,Estádio da Madeira (Funchal (Ilha da Madeira))
1714919400,May 05 2024 - 2:30pm,complete,N/A,Vilaverdense,Torreense,N/A,32,0.93,1.27,1.00,1.35,0,1,1,1,0,1,"","40",2,10,2,0,3,0,1,1,1,2,24,10,2,5,17,4,8,15,52,48,1.54,1.25,1.67,1.31,2.50,57,80,50,17,10,24,77,40,80,10.13,4.87,2.20,3.20,2.96,1.33,2.06,3.60,6.50,1.80,1.91,Estádio EFAPEL (Coimbra)
1714928400,May 05 2024 - 5:00pm,complete,N/A,Benfica II,Paços de Ferreira,Vitor Jorge Fernandes Ferreira,32,1.27,1.20,1.35,1.29,2,2,4,2,2,0,"35,45'1","65,90'1",4,3,1,0,1,0,1,0,1,0,17,21,10,7,4,10,16,12,42,58,1.45,1.31,1.82,1.93,2.00,53,67,24,7,7,20,57,30,80,9.93,4.93,2.27,3.15,2.72,1.27,2.00,3.20,6.20,1.73,2.00,Caixa Futebol Campus (Seixal)
1715022900,May 06 2024 - 7:15pm,complete,N/A,AVS,CD Mafra,Carlos André Fernandes Macedo,32,1.87,1.47,1.71,1.35,3,3,6,3,1,2,"32,68,77","17,43,62",7,3,4,0,2,1,2,2,0,3,13,11,8,6,4,3,11,13,60,40,1.64,1.14,1.96,1.26,2.23,47,60,37,20,14,23,77,34,67,10.00,5.80,1.55,3.70,4.85,1.24,1.87,2.98,5.55,1.90,1.80,Estádio Clube Desportivo das Aves (Vila das Aves)
1715360400,May 10 2024 - 5:00pm,complete,N/A,CF Os Belenenses,Benfica II,André Filipe Domingues Narciso,33,1.00,1.19,0.94,1.29,2,3,5,3,2,1,"35,42","44,63,73",8,5,5,0,2,0,2,3,0,2,11,19,5,9,5,7,22,13,43,57,1.43,1.47,1.34,2.01,2.60,60,75,51,35,6,38,82,38,78,11.75,4.75,2.38,4.00,2.60,1.28,2.03,3.35,6.10,1.80,1.94,Estádio do Restelo (Lisboa)
1715432400,May 11 2024 - 1:00pm,complete,N/A,Torreense,CD Feirense,Gustavo Fernandes Correia,33,1.38,0.38,1.47,0.35,2,1,3,2,2,0,"17,44","83",4,12,4,0,2,0,1,3,1,1,13,17,5,5,7,10,13,15,45,55,1.37,1.19,1.46,1.83,2.35,50,66,54,25,7,35,72,35,66,9.94,4.88,2.70,3.10,2.31,1.25,2.00,3.04,5.75,1.68,2.06,Campo Manuel Marques (Torres Vedras)
1715437800,May 11 2024 - 2:30pm,complete,N/A,Vilaverdense,FC Penafiel,Sérgio José dos Santos Guelho,33,0.88,0.88,1.00,0.82,2,1,3,1,0,1,"65,89","5",6,2,2,0,2,0,1,1,0,2,13,10,3,2,8,5,9,9,51,49,1.55,1.26,1.48,1.00,2.22,41,60,38,19,13,19,69,35,75,9.57,5.19,2.80,3.10,2.28,1.31,2.00,3.42,6.65,1.78,1.93,Campo Cruz Do Reguengo (Vila Verde)
1715508000,May 12 2024 - 10:00am,complete,962,CD Tondela,CD Nacional,David Rafael Oliveira Silva,33,1.44,1.63,1.35,1.71,2,3,5,1,1,0,"34,57","46,53,90'5",4,5,2,0,3,0,1,1,2,1,8,13,3,10,3,2,11,10,45,55,1.43,1.47,0.92,1.94,2.56,63,72,47,25,16,41,75,35,75,11.06,6.26,4.00,3.40,1.85,1.27,1.83,3.18,6.00,1.74,1.98,Estádio João Cardoso (Tondela)
1715508000,May 12 2024 - 10:00am,complete,N/A,Leixões,AVS,Nuno Miguel Serrano Almeida,33,0.75,2.13,0.76,2.06,0,0,0,0,0,0,"","",3,7,3,0,3,0,1,2,1,2,14,13,3,5,9,4,15,19,50,50,1.48,1.47,1.36,1.35,2.38,63,72,44,22,10,22,66,44,82,11.38,6.94,3.00,3.20,2.25,1.33,2.00,3.75,7.50,1.80,1.95,Estádio do Mar (Matosinhos)
1715518800,May 12 2024 - 1:00pm,complete,N/A,CD Mafra,Santa Clara,N/A,33,1.31,2.00,1.24,2.06,0,2,2,2,0,2,"","7,13",3,5,0,0,0,0,0,0,0,0,10,16,3,7,5,6,10,6,60,40,1.44,1.45,1.09,1.59,2.07,53,66,38,13,6,38,66,22,57,10.31,4.88,6.00,3.80,1.50,1.36,2.05,3.75,5.70,2.15,1.65,Estádio Municipal de Mafra (Mafra)
1715524200,May 12 2024 - 2:30pm,complete,N/A,CS Marítimo,UD Oliveirense,Bruno Vieira,33,1.69,1.06,1.76,1.00,2,1,3,2,1,1,"22,81","7",14,9,4,0,2,0,2,2,0,2,22,12,7,6,11,5,16,10,56,44,1.53,1.32,2.33,1.54,2.35,44,66,41,28,10,28,66,35,66,10.01,5.50,1.40,4.60,6.00,1.20,1.67,2.67,4.80,1.85,1.85,Estádio do Marítimo (Funchal (Ilha da Madeira))
1715524200,May 12 2024 - 2:30pm,complete,N/A,Porto II,Paços de Ferreira,João Pedro Costa Teixeira Afonso,33,1.38,1.19,1.29,1.29,1,3,4,1,0,1,"77","14,47,90'4",14,3,3,0,3,0,1,2,2,1,19,15,5,5,9,8,9,17,61,39,1.36,1.35,1.62,1.36,2.47,56,82,44,19,7,25,66,47,88,11.31,4.63,2.30,3.30,2.80,1.22,1.75,2.84,5.20,1.62,2.23,Estádio Luís Filipe Menezes (Vila Nova de Gaia)
1715627700,May 13 2024 - 7:15pm,complete,3627,União de Leiria,Academico Viseu,N/A,33,1.50,1.19,1.59,1.12,3,0,3,2,2,0,"7,19,55","",3,8,3,0,1,0,1,2,0,1,16,10,5,2,9,6,14,11,46,54,1.33,1.29,1.66,1.28,2.57,60,78,41,26,10,32,79,38,69,9.87,5.25,2.06,3.10,3.10,1.33,2.04,3.60,6.00,1.80,1.95,Estádio Dr. Magalhães Pessoa (Leiria)
1715886900,May 16 2024 - 7:15pm,complete,N/A,FC Penafiel,Torreense,N/A,34,1.50,1.38,1.47,1.35,1,1,2,1,0,1,"52","20",7,7,2,0,1,0,0,2,1,0,14,15,5,4,8,7,11,11,50,50,1.50,1.25,1.62,1.36,2.22,47,69,44,13,7,25,66,28,75,9.69,4.69,2.20,3.25,3.14,1.32,2.05,3.48,6.80,1.81,1.89,Estádio Municipal 25 de Abril (Penafiel)
1715965200,May 17 2024 - 5:00pm,complete,N/A,Benfica II,Porto II,Ricardo Baixinho,34,1.25,1.38,1.35,1.29,5,2,7,3,3,0,"20,25,28,57,65","68,84",3,8,2,0,3,0,1,1,0,3,14,14,8,8,6,6,15,14,42,58,1.47,1.35,1.69,1.84,2.50,53,75,41,25,13,29,69,44,72,10.25,4.44,2.10,3.50,2.80,1.16,1.55,2.45,4.30,1.53,2.33,Caixa Futebol Campus (Seixal)
1715965200,May 17 2024 - 5:00pm,complete,N/A,Paços de Ferreira,CF Os Belenenses,Sérgio José dos Santos Guelho,34,1.69,0.63,1.76,0.59,2,1,3,0,0,0,"71,83","90'3",6,5,0,0,0,0,0,0,0,0,23,13,5,8,14,4,15,11,58,42,1.72,1.26,2.16,1.81,2.57,44,75,47,22,10,32,79,41,72,10.07,5.81,1.67,3.60,4.20,1.25,1.75,2.95,5.46,1.70,1.95,Estádio da Capital do Móvel (Paços de Ferreira)
1716026400,May 18 2024 - 10:00am,complete,N/A,CD Feirense,Vilaverdense,Márcio André Dias Torres,34,1.50,0.63,1.47,0.65,1,1,2,0,0,0,"72","54",4,6,1,0,3,0,0,1,0,3,15,17,7,7,7,7,13,15,47,53,1.38,1.40,1.85,1.87,2.47,47,75,44,25,6,25,72,44,85,10.75,5.75,1.80,3.50,3.60,1.21,1.70,2.75,5.00,1.68,2.06,Estádio Marcolino de Castro (Santa Maria da Feira)
1716112800,May 19 2024 - 10:00am,complete,N/A,AVS,CD Tondela,António Emanuel Carvalho Nobre,34,1.81,1.44,1.71,1.53,0,1,1,1,0,1,"","28",10,1,2,1,3,0,1,2,0,3,20,10,10,8,9,2,12,10,60,40,1.66,1.17,2.32,1.34,2.41,53,69,38,25,10,19,72,38,76,11.19,6.32,1.40,4.30,6.75,1.25,1.70,2.80,5.00,2.00,1.73,Estádio Clube Desportivo das Aves (Vila das Aves)
1716112800,May 19 2024 - 10:00am,complete,1427,Academico Viseu,CS Marítimo,Fábio José Costa Veríssimo,34,1.44,2.06,1.41,2.00,2,2,4,2,1,1,"4,83","24,65",6,5,3,0,4,0,1,2,1,3,17,18,4,7,10,10,9,13,50,50,1.43,1.39,1.59,2.07,2.13,50,66,32,13,7,19,57,41,72,10.94,5.19,4.50,3.80,1.65,1.25,1.71,2.90,5.25,1.76,2.01,Estádio Municipal do Fontelo (Viseu)
1716123600,May 19 2024 - 1:00pm,complete,N/A,UD Oliveirense,Leixões,Anzhony Francisco Gonçalves Rodrigues,34,1.06,1.31,1.00,1.41,1,3,4,1,0,1,"67","32,49,83",3,6,2,0,1,0,1,1,1,0,15,18,2,10,10,5,11,19,50,50,1.43,1.27,1.26,2.16,2.54,66,75,51,32,6,32,72,38,82,10.00,6.00,2.50,3.25,2.63,1.25,1.79,2.98,5.60,1.66,2.09,Estádio Carlos Osório (Oliveira de Azeméis)
1716132600,May 19 2024 - 3:30pm,complete,5083,CD Nacional,CD Mafra,N/A,34,2.44,1.44,2.47,1.35,2,0,2,2,2,0,"6,45'1","",2,10,1,0,4,0,1,0,2,2,13,14,8,6,4,6,18,12,47,53,1.79,1.14,1.76,1.75,3.03,69,82,60,38,25,57,85,44,78,9.81,5.06,1.40,4.40,6.00,1.13,1.53,2.09,3.74,1.74,1.98,Estádio da Madeira (Funchal (Ilha da Madeira))
1716132600,May 19 2024 - 3:30pm,complete,N/A,Santa Clara,União de Leiria,Cláudio Filipe Ruivo Pereira,34,2.19,0.94,2.24,0.88,2,0,2,0,0,0,"63,80","",8,3,3,0,2,0,2,1,1,1,24,9,6,4,11,4,16,8,60,40,1.54,1.26,2.01,1.05,2.00,28,63,35,7,7,28,63,22,69,9.50,5.94,1.50,4.00,5.00,1.25,1.83,3.20,5.50,1.90,1.86,Estádio de São Miguel (Ponta Delgada- Ilha de São Miguel- Açores)
