timestamp,date_GMT,status,attendance,home_team_name,away_team_name,referee,Game Week,Pre-Match PPG (Home),Pre-Match PPG (Away),home_ppg,away_ppg,home_team_goal_count,away_team_goal_count,total_goal_count,total_goals_at_half_time,home_team_goal_count_half_time,away_team_goal_count_half_time,home_team_goal_timings,away_team_goal_timings,home_team_corner_count,away_team_corner_count,home_team_yellow_cards,home_team_red_cards,away_team_yellow_cards,away_team_red_cards,home_team_first_half_cards,home_team_second_half_cards,away_team_first_half_cards,away_team_second_half_cards,home_team_shots,away_team_shots,home_team_shots_on_target,away_team_shots_on_target,home_team_shots_off_target,away_team_shots_off_target,home_team_fouls,away_team_fouls,home_team_possession,away_team_possession,Home Team Pre-Match xG,Away Team Pre-Match xG,team_a_xg,team_b_xg,average_goals_per_match_pre_match,btts_percentage_pre_match,over_15_percentage_pre_match,over_25_percentage_pre_match,over_35_percentage_pre_match,over_45_percentage_pre_match,over_15_HT_FHG_percentage_pre_match,over_05_HT_FHG_percentage_pre_match,over_15_2HG_percentage_pre_match,over_05_2HG_percentage_pre_match,average_corners_per_match_pre_match,average_cards_per_match_pre_match,odds_ft_home_team_win,odds_ft_draw,odds_ft_away_team_win,odds_ft_over15,odds_ft_over25,odds_ft_over35,odds_ft_over45,odds_btts_yes,odds_btts_no,stadium_name
1438975800,Aug 07 2015 - 7:30pm,complete,932,SC Olhanense,Benfica II,N/A,1,0.00,0.00,1.96,0.83,1,1,2,1,1,0,"8","62",2,12,4,0,2,0,0,4,1,1,3,21,2,12,1,9,17,15,36,64,0.00,0.00,0.00,0.00,0.00,0,0,0,0,0,0,0,0,0,0.00,0.00,3.40,3.39,2.24,0.00,0.00,0.00,0.00,0.00,0.00,Estádio José Arcanjo
1439046000,Aug 08 2015 - 3:00pm,complete,746,Gil Vicente,CD Mafra,N/A,1,0.00,0.00,1.83,0.83,1,1,2,1,1,0,"15","90",6,1,0,1,3,0,0,1,0,3,11,9,6,6,5,3,25,14,52,48,0.00,0.00,0.00,0.00,0.00,0,0,0,0,0,0,0,0,0,0.00,0.00,1.76,3.70,5.17,0.00,0.00,0.00,0.00,0.00,0.00,Estádio Cidade de Barcelos
1439049600,Aug 08 2015 - 4:00pm,complete,639,CD Aves,Sporting Covilhã,N/A,1,0.00,0.00,1.61,1.17,0,1,1,0,0,0,"","56",3,6,3,0,2,0,3,0,1,1,11,6,6,3,5,3,13,16,47,53,0.00,0.00,0.00,0.00,0.00,0,0,0,0,0,0,0,0,0,0.00,0.00,2.73,3.20,2.84,0.00,0.00,0.00,0.00,0.00,0.00,Estádio Clube Desportivo das Aves
1439049600,Aug 08 2015 - 4:00pm,complete,1199,Vitória Guimarães II,Santa Clara,N/A,1,0.00,0.00,1.74,0.74,0,1,1,0,0,0,"","83",2,6,4,0,2,0,0,4,2,0,10,12,2,6,8,6,20,19,54,46,0.00,0.00,0.00,0.00,0.00,0,0,0,0,0,0,0,0,0,0.00,0.00,1.99,3.37,4.33,0.00,0.00,0.00,0.00,0.00,0.00,Estádio Dom Afonso Henriques
1439049600,Aug 08 2015 - 4:00pm,complete,597,UD Oliveirense,Clube Oriental de Lisboa,N/A,1,0.00,0.00,0.74,0.87,0,3,3,1,0,1,"","20,53,86",5,7,1,0,3,0,0,1,2,1,10,16,3,8,7,8,10,12,47,53,0.00,0.00,0.00,0.00,0.00,0,0,0,0,0,0,0,0,0,0.00,0.00,2.33,3.22,3.44,0.00,0.00,0.00,0.00,0.00,0.00,Estádio Carlos Osório (Oliveira de Azeméis)
1439049600,Aug 08 2015 - 4:00pm,complete,1787,GD Chaves,Sporting Braga II,N/A,1,0.00,0.00,1.96,1.17,2,2,4,4,2,2,"13,19","5,28",10,2,1,0,0,0,0,1,0,0,12,7,4,3,8,4,16,16,65,35,0.00,0.00,0.00,0.00,0.00,0,0,0,0,0,0,0,0,0,0.00,0.00,1.59,3.91,6.87,0.00,0.00,0.00,0.00,0.00,0.00,Estádio Municipal Eng. Manuel Branco Teixeira
1439049600,Aug 08 2015 - 4:00pm,complete,1040,Academico Viseu,Farense,N/A,1,0.00,0.00,1.43,0.74,1,0,1,0,0,0,"64","",4,4,2,0,0,0,1,1,0,0,12,5,4,0,8,5,9,16,59,41,0.00,0.00,0.00,0.00,0.00,0,0,0,0,0,0,0,0,0,0.00,0.00,2.37,3.21,3.36,0.00,0.00,0.00,0.00,0.00,0.00,Estádio Municipal do Fontelo
1439049600,Aug 08 2015 - 4:00pm,complete,405,Sporting CP II,CD Feirense,N/A,1,0.00,0.00,1.74,1.39,0,0,0,0,0,0,"","",6,4,3,1,3,0,1,3,0,3,12,8,7,3,5,5,13,17,47,53,0.00,0.00,0.00,0.00,0.00,0,0,0,0,0,0,0,0,0,0.00,0.00,2.09,3.44,3.83,0.00,0.00,0.00,0.00,0.00,0.00,CGD Stadium Aurélio Pereira
1439049600,Aug 08 2015 - 4:00pm,complete,768,FC Penafiel,Leixões,N/A,1,0.00,0.00,1.52,1.13,0,0,0,0,0,0,"","",5,4,2,0,2,0,0,2,1,1,19,9,8,4,11,5,7,12,59,41,0.00,0.00,0.00,0.00,0.00,0,0,0,0,0,0,0,0,0,0.00,0.00,1.69,3.69,5.92,0.00,0.00,0.00,0.00,0.00,0.00,Estádio Municipal 25 de Abril
1439053200,Aug 08 2015 - 5:00pm,complete,318,Atlético CP,Freamunde,N/A,1,0.00,0.00,1.04,1.30,1,0,1,0,0,0,"90'1","",4,3,2,0,5,0,2,0,1,4,14,8,6,5,8,3,13,20,51,49,0.00,0.00,0.00,0.00,0.00,0,0,0,0,0,0,0,0,0,0.00,0.00,0.00,0.00,0.00,0.00,0.00,0.00,0.00,0.00,0.00,Estádio Da Tapadinha
1439115300,Aug 09 2015 - 10:15am,complete,3785,Varzim,Famalicão,N/A,1,0.00,0.00,1.83,1.57,1,2,3,0,0,0,"73","48,65",7,4,2,0,4,0,0,2,0,4,12,5,6,3,6,2,20,22,56,44,0.00,0.00,0.00,0.00,0.00,0,0,0,0,0,0,0,0,0,0.00,0.00,2.33,3.25,3.35,0.00,0.00,0.00,0.00,0.00,0.00,Estádio Varzim Sport Club
1439136000,Aug 09 2015 - 4:00pm,complete,619,Porto II,Portimonense,N/A,1,0.00,0.00,2.22,1.70,1,2,3,0,0,0,"85","59,90'2",5,6,1,1,1,0,0,2,0,1,9,14,3,3,6,11,18,11,62,38,0.00,0.00,0.00,0.00,0.00,0,0,0,0,0,0,0,0,0,0.00,0.00,1.99,3.51,4.04,0.00,0.00,0.00,0.00,0.00,0.00,Estádio Dr. Jorge Sampaio
1439649000,Aug 15 2015 - 2:30pm,complete,771,CD Mafra,Sporting CP II,N/A,2,0.00,0.00,1.52,1.09,2,0,2,0,0,0,"48,59","",2,5,3,0,2,0,0,3,1,1,9,10,4,3,5,7,23,15,39,61,0.00,0.00,0.00,0.00,0.00,0,0,0,0,0,0,0,0,0,0.00,0.00,3.53,3.24,2.28,0.00,0.00,0.00,0.00,0.00,0.00,Estádio Municipal de Mafra
1439654400,Aug 15 2015 - 4:00pm,complete,791,Benfica II,FC Penafiel,N/A,2,0.00,0.00,1.57,1.13,1,0,1,1,1,0,"26","",0,5,2,0,3,0,1,1,0,3,8,16,5,5,3,11,17,15,40,60,0.00,0.00,0.00,0.00,0.00,0,0,0,0,0,0,0,0,0,0.00,0.00,2.39,3.31,3.24,0.00,0.00,0.00,0.00,0.00,0.00,Caixa Futebol Campus
1439654400,Aug 15 2015 - 4:00pm,complete,870,Sporting Braga II,Gil Vicente,N/A,2,0.00,0.00,1.30,0.87,1,0,1,0,0,0,"77","",4,3,5,1,3,0,1,5,1,2,7,10,4,4,3,6,22,21,46,54,0.00,0.00,0.00,0.00,0.00,0,0,0,0,0,0,0,0,0,0.00,0.00,2.75,3.19,2.84,0.00,0.00,0.00,0.00,0.00,0.00,Estádio 1º de Maio
1439654400,Aug 15 2015 - 4:00pm,complete,3228,Famalicão,SC Olhanense,N/A,2,0.00,0.00,1.57,1.04,1,0,1,1,1,0,"7","",9,3,4,0,4,0,1,3,1,3,12,5,6,4,6,1,24,16,54,46,0.00,0.00,0.00,0.00,0.00,0,0,0,0,0,0,0,0,0,0.00,0.00,2.01,3.34,4.31,0.00,0.00,0.00,0.00,0.00,0.00,Estádio Municipal 22 de Junho
1439654400,Aug 15 2015 - 4:00pm,complete,942,Farense,UD Oliveirense,N/A,2,0.00,0.00,1.70,0.52,2,0,2,2,2,0,"5,17","",2,7,1,0,3,0,0,1,0,3,8,11,2,6,6,5,24,20,46,54,0.00,0.00,0.00,0.00,0.00,0,0,0,0,0,0,0,0,0,0.00,0.00,2.04,3.33,4.19,0.00,0.00,0.00,0.00,0.00,0.00,Estádio de São Lúis
1439654400,Aug 15 2015 - 4:00pm,complete,1021,Freamunde,Varzim,N/A,2,0.00,0.00,1.91,1.00,1,1,2,0,0,0,"60","90'5",4,9,3,0,4,0,0,3,2,2,7,9,3,5,4,4,14,21,48,52,0.00,0.00,0.00,0.00,0.00,0,0,0,0,0,0,0,0,0,0.00,0.00,2.00,3.34,4.34,0.00,0.00,0.00,0.00,0.00,0.00,Complexo Desportivo do SC Freamunde
1439654400,Aug 15 2015 - 4:00pm,complete,879,Portimonense,Academico Viseu,N/A,2,0.00,0.00,1.70,1.00,1,2,3,1,0,1,"51","37,56",10,3,3,0,5,0,2,1,2,3,14,7,5,0,9,7,12,16,62,38,0.00,0.00,0.00,0.00,0.00,0,0,0,0,0,0,0,0,0,0.00,0.00,2.01,3.39,4.22,0.00,0.00,0.00,0.00,0.00,0.00,Estádio do Portimonense SC (Portimão)
1439654400,Aug 15 2015 - 4:00pm,complete,799,Leixões,Atlético CP,N/A,2,0.00,0.00,1.26,1.17,0,1,1,1,0,1,"","40",8,2,1,0,2,0,0,1,0,2,11,5,4,2,7,3,12,17,53,47,0.00,0.00,0.00,0.00,0.00,0,0,0,0,0,0,0,0,0,0.00,0.00,2.69,3.19,2.90,0.00,0.00,0.00,0.00,0.00,0.00,Estádio do Mar
1439654400,Aug 15 2015 - 4:00pm,complete,910,CD Feirense,CD Aves,N/A,2,0.00,0.00,2.00,1.30,2,2,4,1,1,0,"12,76","58,90'3",9,4,5,0,4,1,0,5,1,4,16,8,11,5,5,3,20,18,49,51,0.00,0.00,0.00,0.00,0.00,0,0,0,0,0,0,0,0,0,0.00,0.00,2.19,3.26,3.75,0.00,0.00,0.00,0.00,0.00,0.00,Estádio Marcolino de Castro
1439654400,Aug 15 2015 - 4:00pm,complete,492,Clube Oriental de Lisboa,Vitória Guimarães II,N/A,2,0.00,0.00,0.91,0.87,4,4,8,4,2,2,"9,10,88,90'1","5,16,67,90",8,3,2,1,1,0,0,3,0,1,10,11,5,5,5,6,20,11,51,49,0.00,0.00,0.00,0.00,0.00,0,0,0,0,0,0,0,0,0,0.00,0.00,2.08,3.35,4.00,0.00,0.00,0.00,0.00,0.00,0.00,Campo Engenheiro Carlos Salema
1439658000,Aug 15 2015 - 5:00pm,complete,760,Santa Clara,Porto II,N/A,2,0.00,0.00,1.74,1.52,1,2,3,1,0,1,"66","8,65",10,7,6,0,4,0,3,3,2,2,14,12,5,5,9,7,23,16,52,48,0.00,0.00,0.00,0.00,0.00,0,0,0,0,0,0,0,0,0,0.00,0.00,2.54,3.20,3.09,0.00,0.00,0.00,0.00,0.00,0.00,Estádio de São Miguel (Ponta Delgada- Ilha de São Miguel- Açores)
1439720100,Aug 16 2015 - 10:15am,complete,688,Sporting Covilhã,GD Chaves,N/A,2,0.00,0.00,1.35,1.57,0,1,1,1,0,1,"","25",2,4,3,0,2,0,0,3,0,2,10,12,5,6,5,6,20,20,50,50,0.00,0.00,0.00,0.00,0.00,0,0,0,0,0,0,0,0,0,0.00,0.00,3.37,3.23,2.33,0.00,0.00,0.00,0.00,0.00,0.00,Estádio Municipal José dos Santos Pinto
1440253800,Aug 22 2015 - 2:30pm,complete,429,Atlético CP,Benfica II,N/A,3,3.00,1.00,1.04,0.83,3,2,5,2,2,0,"23,32,62","76,80",4,6,4,0,2,0,0,4,0,2,7,13,2,4,5,9,19,13,42,58,0.00,0.00,0.00,0.00,1.50,50,50,0,0,0,0,50,0,100,16.00,4.00,2.88,3.26,2.62,0.00,0.00,0.00,0.00,0.00,0.00,Estádio Da Tapadinha
1440259200,Aug 22 2015 - 4:00pm,complete,660,CD Aves,Portimonense,N/A,3,0.00,3.00,1.61,1.70,1,1,2,1,0,1,"82","34",3,3,4,1,2,0,5,0,2,0,6,7,3,4,3,3,23,14,35,65,0.00,0.00,0.00,0.00,2.00,50,50,50,0,0,0,0,50,100,9.00,4.00,2.63,3.25,2.88,0.00,0.00,0.00,0.00,0.00,0.00,Estádio Clube Desportivo das Aves
1440259200,Aug 22 2015 - 4:00pm,complete,3293,GD Chaves,Famalicão,N/A,3,1.00,3.00,1.96,1.57,0,0,0,0,0,0,"","",4,6,4,0,3,1,3,1,0,4,7,7,4,3,3,4,20,25,64,36,0.00,0.00,0.00,0.00,3.50,100,100,100,50,0,50,50,50,50,14.00,5.00,1.85,3.40,5.00,0.00,0.00,0.00,0.00,0.00,0.00,Estádio Municipal Eng. Manuel Branco Teixeira
1440259200,Aug 22 2015 - 4:00pm,complete,818,CD Feirense,CD Mafra,N/A,3,1.00,1.00,2.00,0.83,0,2,2,1,0,1,"","25,57",13,0,0,0,3,0,0,0,0,3,21,6,8,3,13,3,14,18,68,32,0.00,0.00,0.00,0.00,3.00,100,100,50,50,0,0,100,50,100,10.00,8.00,2.14,3.23,3.86,0.00,0.00,0.00,0.00,0.00,0.00,Estádio Marcolino de Castro
1440259200,Aug 22 2015 - 4:00pm,complete,531,SC Olhanense,FC Penafiel,N/A,3,1.00,0.00,1.96,1.13,2,1,3,2,1,1,"9,56","13",3,3,2,0,4,0,1,1,2,2,4,11,2,5,2,6,17,15,36,64,0.00,0.00,0.00,0.00,1.50,50,50,0,0,0,0,100,0,50,7.00,7.00,3.00,3.18,2.58,0.00,0.00,0.00,0.00,0.00,0.00,Estádio José Arcanjo
1440259200,Aug 22 2015 - 4:00pm,complete,512,UD Oliveirense,Santa Clara,N/A,3,0.00,3.00,0.74,0.74,1,2,3,2,1,1,"2","15,74",5,4,3,1,2,0,2,2,1,1,14,12,5,3,9,9,20,19,56,44,0.00,0.00,0.00,0.00,2.00,0,50,50,0,0,0,50,50,100,11.00,3.00,2.53,3.19,3.06,0.00,0.00,0.00,0.00,0.00,0.00,Estádio Carlos Osório (Oliveira de Azeméis)
1440259200,Aug 22 2015 - 4:00pm,complete,910,Academico Viseu,Sporting Braga II,N/A,3,3.00,1.00,1.43,1.17,1,1,2,1,1,0,"11","62",6,7,4,0,3,0,0,4,1,2,8,8,4,4,4,4,16,16,48,52,0.00,0.00,0.00,0.00,2.50,50,50,50,50,0,50,50,0,50,6.00,2.00,2.08,3.28,4.00,0.00,0.00,0.00,0.00,0.00,0.00,Estádio Municipal do Fontelo
1440259200,Aug 22 2015 - 4:00pm,complete,230,Sporting CP II,Farense,N/A,3,1.00,0.00,1.74,0.74,1,0,1,0,0,0,"89","",9,1,3,0,3,1,1,2,0,4,16,9,9,6,7,3,15,19,61,39,0.00,0.00,0.00,0.00,0.50,0,0,0,0,0,0,0,0,50,10.00,5.00,1.95,3.35,4.45,0.00,0.00,0.00,0.00,0.00,0.00,CGD Stadium Aurélio Pereira
1440259200,Aug 22 2015 - 4:00pm,complete,1604,Vitória Guimarães II,Freamunde,N/A,3,0.00,0.00,1.74,1.30,0,0,0,0,0,0,"","",7,9,4,0,2,0,1,3,1,1,12,15,7,6,5,9,23,17,50,50,0.00,0.00,0.00,0.00,1.00,0,0,0,0,0,0,0,0,100,5.00,9.00,2.78,3.16,2.78,0.00,0.00,0.00,0.00,0.00,0.00,Estádio Dom Afonso Henriques
1440259200,Aug 22 2015 - 4:00pm,complete,1816,Varzim,Leixões,N/A,3,0.00,1.00,1.83,1.13,1,0,1,0,0,0,"71","",7,2,4,0,1,2,3,1,1,2,3,12,2,8,1,4,21,20,47,53,0.00,0.00,0.00,0.00,1.50,50,50,50,0,0,0,0,50,50,11.00,4.00,1.95,3.32,4.50,0.00,0.00,0.00,0.00,0.00,0.00,Estádio Varzim Sport Club
1440259200,Aug 22 2015 - 4:00pm,complete,445,Porto II,Clube Oriental de Lisboa,N/A,3,0.00,3.00,2.22,0.87,2,1,3,3,2,1,"15,25","19",4,6,3,0,3,0,1,2,1,2,12,7,4,4,8,3,11,19,54,46,0.00,0.00,0.00,0.00,3.00,50,100,100,0,0,0,50,100,100,12.00,5.00,2.00,3.46,4.05,0.00,0.00,0.00,0.00,0.00,0.00,Estádio Dr. Jorge Sampaio
1440324900,Aug 23 2015 - 10:15am,complete,652,Gil Vicente,Sporting Covilhã,N/A,3,1.00,3.00,1.83,1.17,4,0,4,1,1,0,"39,59,60,82","",4,4,3,0,5,1,2,1,3,3,13,8,7,4,6,4,21,13,58,42,0.00,0.00,0.00,0.00,1.50,50,50,0,0,0,0,50,0,100,12.00,4.00,2.11,3.30,3.87,0.00,0.00,0.00,0.00,0.00,0.00,Estádio Cidade de Barcelos
1440601200,Aug 26 2015 - 3:00pm,complete,671,Sporting Covilhã,Sporting CP II,N/A,4,0.00,0.00,1.35,1.09,0,1,1,0,0,0,"","85",5,4,1,0,2,0,0,1,1,1,10,11,6,5,4,6,8,8,50,50,0.00,0.00,0.00,0.00,1.50,0,50,0,0,0,0,50,50,50,7.00,5.00,2.76,3.15,2.82,0.00,0.00,0.00,0.00,0.00,0.00,Estádio Municipal José dos Santos Pinto
1440604800,Aug 26 2015 - 4:00pm,complete,548,Benfica II,UD Oliveirense,N/A,4,3.00,0.00,1.57,0.52,1,0,1,1,1,0,"4","",7,4,2,0,4,0,1,1,1,3,11,8,6,4,5,4,15,13,58,42,0.00,0.00,0.00,0.00,1.50,0,50,0,0,0,50,100,0,0,7.00,5.00,1.67,3.83,5.69,0.00,0.00,0.00,0.00,0.00,0.00,Caixa Futebol Campus
1440604800,Aug 26 2015 - 4:00pm,complete,3282,Famalicão,Vitória Guimarães II,N/A,4,3.00,1.00,1.57,0.87,3,3,6,3,1,2,"44,67,82","17,32,90'4",8,5,5,0,5,0,1,4,2,3,10,9,6,6,4,3,13,22,56,44,0.00,0.00,0.00,0.00,4.50,50,50,50,50,50,50,100,50,50,12.00,5.00,1.95,3.28,4.60,0.00,0.00,0.00,0.00,0.00,0.00,Estádio Municipal 22 de Junho
1440604800,Aug 26 2015 - 4:00pm,complete,862,Farense,CD Feirense,N/A,4,3.00,1.00,1.70,1.39,1,1,2,1,1,0,"45","83",2,3,6,0,1,0,2,4,0,1,8,11,4,4,4,7,28,18,49,51,0.00,0.00,0.00,0.00,1.00,0,50,0,0,0,50,50,0,0,6.00,4.00,2.38,3.14,3.39,0.00,0.00,0.00,0.00,0.00,0.00,Estádio de São Lúis
1440604800,Aug 26 2015 - 4:00pm,complete,919,Leixões,Porto II,N/A,4,0.00,3.00,1.26,1.52,2,0,2,1,1,0,"17,80","",4,17,3,1,1,0,1,3,1,0,3,13,0,7,3,6,18,7,42,58,0.00,0.00,0.00,0.00,2.00,50,50,50,0,0,0,100,50,50,15.00,5.00,3.70,3.32,2.16,0.00,0.00,0.00,0.00,0.00,0.00,Estádio do Mar
1440604800,Aug 26 2015 - 4:00pm,complete,850,FC Penafiel,Varzim,N/A,4,1.00,1.00,1.52,1.00,1,0,1,0,0,0,"53","",5,1,3,0,5,1,2,1,1,5,10,11,3,6,7,5,20,22,48,52,0.00,0.00,0.00,0.00,1.00,50,50,0,0,0,0,0,50,50,14.00,6.00,2.04,3.28,4.18,0.00,0.00,0.00,0.00,0.00,0.00,Estádio Municipal 25 de Abril
1440604800,Aug 26 2015 - 4:00pm,complete,478,SC Olhanense,Atlético CP,N/A,4,2.00,3.00,1.96,1.17,1,0,1,1,1,0,"11","",3,4,4,0,5,1,2,2,4,2,5,7,3,4,2,3,15,19,51,49,0.00,0.00,0.00,0.00,1.75,50,50,25,0,0,25,100,0,50,4.50,5.00,3.05,3.13,2.58,0.00,0.00,0.00,0.00,0.00,0.00,Estádio José Arcanjo
1440604800,Aug 26 2015 - 4:00pm,complete,524,Sporting Braga II,CD Aves,N/A,4,3.00,1.00,1.30,1.30,1,0,1,1,1,0,"45","",2,8,2,0,7,0,1,1,3,4,8,10,2,6,6,4,12,17,44,56,0.00,0.00,0.00,0.00,2.50,50,50,50,50,0,0,50,50,100,8.00,12.00,2.17,3.20,3.82,0.00,0.00,0.00,0.00,0.00,0.00,Estádio 1º de Maio
1440929700,Aug 30 2015 - 10:15am,complete,357,UD Oliveirense,Sporting Braga II,N/A,5,0.00,1.00,0.74,1.17,0,1,1,0,0,0,"","88",4,6,4,0,3,0,1,3,0,3,8,7,6,2,2,5,19,18,42,58,0.00,0.00,0.00,0.00,3.00,75,100,75,25,0,50,100,25,75,9.50,4.00,3.06,3.14,2.59,0.00,0.00,0.00,0.00,0.00,0.00,Estádio Carlos Osório (Oliveira de Azeméis)
1440943200,Aug 30 2015 - 2:00pm,complete,2042,Varzim,Benfica II,N/A,5,1.50,0.50,1.83,0.83,2,1,3,3,2,1,"6,30","2",10,4,3,0,2,0,1,2,0,2,12,5,6,4,6,1,16,9,44,56,0.00,0.00,0.00,0.00,2.75,75,75,50,25,25,25,50,50,100,16.00,5.00,2.43,3.15,3.33,0.00,0.00,0.00,0.00,0.00,0.00,Estádio Varzim Sport Club
1440946800,Aug 30 2015 - 3:00pm,complete,731,CD Feirense,Sporting Covilhã,N/A,5,0.50,1.50,2.00,1.17,1,1,2,1,0,1,"88","34",6,4,3,0,4,1,2,1,1,4,7,16,2,5,5,11,19,20,61,39,0.00,0.00,0.00,0.00,2.75,25,75,50,50,0,0,75,50,100,16.00,6.50,2.20,3.18,3.83,0.00,0.00,0.00,0.00,0.00,0.00,Estádio Marcolino de Castro
1440946800,Aug 30 2015 - 3:00pm,complete,662,CD Mafra,Farense,N/A,5,3.00,0.00,1.52,0.74,1,2,3,3,1,2,"26","21,43",6,6,2,0,2,0,0,2,0,2,9,4,5,2,4,2,14,13,59,41,0.00,0.00,0.00,0.00,1.50,0,50,0,0,0,0,0,50,100,4.50,5.00,2.10,3.24,4.08,0.00,0.00,0.00,0.00,0.00,0.00,Estádio Municipal de Mafra
1440946800,Aug 30 2015 - 3:00pm,complete,257,Sporting CP II,Portimonense,N/A,5,2.00,2.00,1.74,1.70,1,1,2,1,0,1,"47","25",6,7,1,1,5,0,1,1,1,4,6,15,4,5,2,10,13,19,48,52,0.00,0.00,0.00,0.00,1.50,50,50,25,0,0,0,25,25,75,12.00,5.50,1.99,3.41,4.28,0.00,0.00,0.00,0.00,0.00,0.00,CGD Stadium Aurélio Pereira
1440950400,Aug 30 2015 - 4:00pm,complete,319,Atlético CP,FC Penafiel,N/A,5,3.00,0.00,1.04,1.13,1,2,3,2,1,1,"26","9,57",6,5,2,0,4,1,0,2,0,5,8,7,3,5,5,2,16,19,52,48,0.00,0.00,0.00,0.00,2.50,50,50,50,25,25,50,75,25,75,8.00,6.50,2.22,3.22,3.72,0.00,0.00,0.00,0.00,0.00,0.00,Estádio Da Tapadinha
1440950400,Aug 30 2015 - 4:00pm,complete,2851,GD Chaves,Leixões,N/A,5,1.00,0.50,1.96,1.13,3,0,3,2,2,0,"6,27,80","",8,2,1,0,4,2,0,1,0,6,8,8,4,2,4,6,12,25,58,42,0.00,0.00,0.00,0.00,1.25,25,25,25,25,0,25,25,0,25,10.00,5.50,1.45,4.35,9.21,0.00,0.00,0.00,0.00,0.00,0.00,Estádio Municipal Eng. Manuel Branco Teixeira
1440950400,Aug 30 2015 - 4:00pm,complete,1184,Vitória Guimarães II,SC Olhanense,N/A,5,0.50,0.00,1.74,1.04,1,0,1,1,1,0,"37","",4,7,2,1,0,0,1,2,0,0,4,11,2,2,2,9,19,10,45,55,0.00,0.00,0.00,0.00,0.75,0,0,0,0,0,0,50,0,25,7.50,8.00,2.26,3.24,3.59,0.00,0.00,0.00,0.00,0.00,0.00,Estádio Dom Afonso Henriques
1440950400,Aug 30 2015 - 4:00pm,complete,2282,Gil Vicente,Famalicão,N/A,5,2.00,2.00,1.83,1.57,1,1,2,1,0,1,"50","7",4,6,1,0,4,0,0,1,1,3,13,7,6,2,7,5,15,25,51,49,0.00,0.00,0.00,0.00,2.25,50,75,50,25,0,0,50,50,75,10.00,6.50,2.30,3.18,3.56,0.00,0.00,0.00,0.00,0.00,0.00,Estádio Cidade de Barcelos
1440950400,Aug 30 2015 - 4:00pm,complete,519,Porto II,Freamunde,N/A,5,1.50,0.50,2.22,1.30,2,1,3,2,1,1,"12,59","20",6,5,1,0,2,1,0,1,0,3,6,6,3,3,3,3,18,14,53,47,0.00,0.00,0.00,0.00,1.75,50,50,50,0,0,25,25,25,50,10.50,6.00,2.34,3.18,3.47,0.00,0.00,0.00,0.00,0.00,0.00,Estádio Dr. Jorge Sampaio
1440950400,Aug 30 2015 - 4:00pm,complete,826,Academico Viseu,Clube Oriental de Lisboa,N/A,5,2.00,1.50,1.43,0.87,0,2,2,0,0,0,"","85,90'1",3,2,4,0,2,0,0,4,0,2,8,10,0,3,8,7,20,22,54,46,0.00,0.00,0.00,0.00,2.25,50,75,50,0,0,25,75,25,75,11.50,6.00,1.98,3.38,4.35,0.00,0.00,0.00,0.00,0.00,0.00,Estádio Municipal do Fontelo
1441040400,Aug 31 2015 - 5:00pm,complete,500,CD Aves,Santa Clara,N/A,5,0.50,3.00,1.61,0.74,1,3,4,0,0,0,"86","46,55,70",5,7,2,0,2,0,1,1,0,2,13,11,4,4,9,7,15,17,54,46,0.00,0.00,0.00,0.00,1.75,50,50,25,0,0,25,50,0,100,8.00,6.00,2.25,3.21,3.64,0.00,0.00,0.00,0.00,0.00,0.00,Estádio Clube Desportivo das Aves
1441465200,Sep 05 2015 - 3:00pm,complete,823,Freamunde,Gil Vicente,N/A,4,1.00,0.00,1.91,0.87,3,0,3,2,2,0,"6,22,64","",3,5,2,0,4,0,0,2,1,3,6,12,4,8,2,4,18,20,44,56,0.00,0.00,0.00,0.00,1.50,50,50,0,0,0,0,0,50,100,7.00,6.00,2.29,3.09,3.64,0.00,0.00,0.00,0.00,0.00,0.00,Complexo Desportivo do SC Freamunde
1441551600,Sep 06 2015 - 3:00pm,complete,867,Clube Oriental de Lisboa,GD Chaves,N/A,4,1.00,3.00,0.91,1.57,1,2,3,1,1,0,"7","65,88",1,8,2,0,2,1,1,1,0,3,8,14,4,8,4,6,23,14,47,53,0.00,0.00,0.00,0.00,4.50,50,50,50,50,50,50,100,50,50,12.00,6.00,2.92,3.17,2.65,0.00,0.00,0.00,0.00,0.00,0.00,Campo Engenheiro Carlos Salema
1441551600,Sep 06 2015 - 3:00pm,complete,756,Portimonense,CD Mafra,N/A,4,0.00,2.00,1.70,0.83,2,0,2,0,0,0,"73,90'1","",4,3,2,1,3,0,0,3,1,2,10,4,4,2,6,2,8,21,67,33,0.00,0.00,0.00,0.00,2.50,75,100,50,0,0,0,100,50,100,10.50,6.00,2.09,3.30,3.94,0.00,0.00,0.00,0.00,0.00,0.00,Estádio do Portimonense SC (Portimão)
1441555200,Sep 06 2015 - 4:00pm,complete,799,Santa Clara,Academico Viseu,N/A,4,0.00,3.00,1.74,1.00,0,1,1,0,0,0,"","90'3",3,7,4,0,4,0,1,3,0,4,6,11,2,5,4,6,18,22,49,51,0.00,0.00,0.00,0.00,3.00,100,100,100,0,0,0,100,100,100,13.00,11.00,2.25,3.21,3.58,0.00,0.00,0.00,0.00,0.00,0.00,Estádio de São Miguel (Ponta Delgada- Ilha de São Miguel- Açores)
1442052900,Sep 12 2015 - 10:15am,complete,572,Clube Oriental de Lisboa,Sporting CP II,N/A,6,0.50,1.50,0.91,1.09,0,4,4,2,0,2,"","6,40,56,85",12,0,3,0,1,0,0,3,1,0,19,11,9,5,10,6,19,10,61,39,0.00,0.00,0.00,0.00,3.50,50,75,50,25,25,25,50,75,100,9.00,5.00,2.86,3.30,2.65,0.00,0.00,0.00,0.00,0.00,0.00,Campo Engenheiro Carlos Salema
1442070000,Sep 12 2015 - 3:00pm,complete,302,Atlético CP,Varzim,N/A,6,2.00,0.50,1.04,1.00,3,1,4,2,1,1,"2,58,64","26",6,11,1,1,2,0,0,2,0,2,6,14,2,8,4,6,20,17,46,54,0.00,0.00,0.00,0.00,2.25,59,59,34,17,17,34,34,42,100,9.67,7.67,2.19,3.23,3.78,0.00,0.00,0.00,0.00,0.00,0.00,Estádio Da Tapadinha
1442070000,Sep 12 2015 - 3:00pm,complete,437,Sporting Braga II,CD Mafra,N/A,6,3.00,1.33,1.30,0.83,1,0,1,1,1,0,"40","",2,4,3,0,2,0,0,3,0,2,12,10,3,4,9,6,15,24,52,48,0.00,0.00,0.00,0.00,1.50,17,50,0,0,0,0,59,17,75,4.33,7.00,1.97,3.37,4.41,0.00,0.00,0.00,0.00,0.00,0.00,Estádio 1º de Maio
1442070000,Sep 12 2015 - 3:00pm,complete,405,Sporting Covilhã,Farense,N/A,6,0.00,1.00,1.35,0.74,1,1,2,2,1,1,"39","31",3,3,3,0,2,0,1,2,1,1,12,9,4,2,8,7,12,21,50,50,0.00,0.00,0.00,0.00,1.34,17,17,17,0,0,17,42,0,59,7.17,4.00,2.43,3.18,3.29,0.00,0.00,0.00,0.00,0.00,0.00,Estádio Municipal José dos Santos Pinto
1442070000,Sep 12 2015 - 3:00pm,complete,572,SC Olhanense,CD Aves,N/A,6,2.33,0.50,1.96,1.30,0,0,0,0,0,0,"","",1,3,3,0,3,1,1,2,1,3,6,8,3,3,3,5,20,25,42,58,0.00,0.00,0.00,0.00,2.25,59,59,42,25,0,17,100,25,59,8.67,9.83,2.31,3.14,3.59,0.00,0.00,0.00,0.00,0.00,0.00,Estádio José Arcanjo
1442070000,Sep 12 2015 - 3:00pm,complete,908,Leixões,Vitória Guimarães II,N/A,6,1.50,1.00,1.26,0.87,1,1,2,0,0,0,"58","73",7,5,4,0,2,0,2,2,1,1,10,4,4,0,6,4,17,11,51,49,0.00,0.00,0.00,0.00,4.25,50,75,50,50,50,50,100,50,75,10.00,5.50,2.80,3.18,2.80,0.00,0.00,0.00,0.00,0.00,0.00,Estádio do Mar
1442073600,Sep 12 2015 - 4:00pm,complete,590,Santa Clara,Gil Vicente,N/A,6,0.00,0.00,1.74,0.87,0,2,2,0,0,0,"","52,61",7,2,1,0,1,0,1,0,1,0,13,9,7,4,6,5,12,24,50,50,0.00,0.00,0.00,0.00,2.00,25,50,50,0,0,25,50,25,100,10.50,8.50,2.60,3.12,3.08,0.00,0.00,0.00,0.00,0.00,0.00,Estádio de São Miguel (Ponta Delgada- Ilha de São Miguel- Açores)
1442073600,Sep 12 2015 - 4:00pm,complete,614,Benfica II,Academico Viseu,N/A,6,3.00,3.00,1.57,1.00,2,0,2,0,0,0,"57,65","",8,3,3,0,2,0,1,2,0,2,17,12,5,3,12,9,13,13,58,42,0.00,0.00,0.00,0.00,1.50,25,25,25,0,0,0,75,25,50,8.50,6.50,1.93,3.53,4.40,0.00,0.00,0.00,0.00,0.00,0.00,Caixa Futebol Campus
1442073600,Sep 12 2015 - 4:00pm,complete,1234,Freamunde,GD Chaves,N/A,6,2.00,3.00,1.91,1.57,2,1,3,2,1,1,"10,56","27",7,3,3,0,3,1,0,3,1,3,10,9,4,5,6,4,27,27,48,52,0.00,0.00,0.00,0.00,2.25,50,75,50,0,0,25,75,50,75,9.50,5.50,2.61,3.13,3.06,0.00,0.00,0.00,0.00,0.00,0.00,Complexo Desportivo do SC Freamunde
1442073600,Sep 12 2015 - 4:00pm,complete,680,Portimonense,CD Feirense,N/A,6,1.50,1.00,1.70,1.39,2,2,4,3,1,2,"36,70","5,45'3",3,1,3,1,7,1,1,3,2,6,11,10,3,7,8,3,16,24,61,39,0.00,0.00,0.00,0.00,1.75,50,75,25,0,0,0,50,50,75,10.50,5.00,2.00,3.38,4.27,0.00,0.00,0.00,0.00,0.00,0.00,Estádio do Portimonense SC (Portimão)
1442073600,Sep 12 2015 - 4:00pm,complete,574,FC Penafiel,UD Oliveirense,N/A,6,2.00,0.00,1.52,0.52,2,2,4,3,2,1,"12,19","40,72",4,4,1,0,5,0,0,1,1,4,10,7,3,4,7,3,14,12,52,48,0.00,0.00,0.00,0.00,1.00,0,25,0,0,0,25,50,0,25,10.50,6.00,1.76,3.57,5.53,0.00,0.00,0.00,0.00,0.00,0.00,Estádio Municipal 25 de Abril
1442139300,Sep 13 2015 - 10:15am,complete,2364,Famalicão,Porto II,N/A,6,2.00,1.50,1.57,1.52,2,4,6,4,1,3,"20,90","11,17,36,57",7,1,6,0,4,1,2,4,0,5,15,4,11,2,4,2,25,26,51,49,0.00,0.00,0.00,0.00,3.00,50,75,50,25,25,25,100,50,75,20.50,7.00,2.51,3.28,3.05,0.00,0.00,0.00,0.00,0.00,0.00,Estádio Municipal 22 de Junho
1442412000,Sep 16 2015 - 2:00pm,complete,458,UD Oliveirense,Famalicão,N/A,7,0.00,1.67,0.74,1.57,2,2,4,0,0,0,"81,85","74,90'3",5,5,1,0,1,0,0,1,0,1,16,11,9,5,7,6,11,21,48,52,0.00,0.00,0.00,0.00,2.00,50,67,50,0,0,17,50,33,84,10.00,7.00,3.01,3.20,2.59,0.00,0.00,0.00,0.00,0.00,0.00,Estádio Carlos Osório (Oliveira de Azeméis)
1442415600,Sep 16 2015 - 3:00pm,complete,338,CD Aves,Benfica II,N/A,7,0.33,0.33,1.61,0.83,3,2,5,4,3,1,"23,36,45","42,68",4,6,0,0,5,0,0,0,2,3,7,12,2,7,5,5,19,12,44,56,0.00,0.00,0.00,0.00,2.83,84,84,50,33,17,34,67,33,84,11.00,5.33,2.97,3.35,2.53,0.00,0.00,0.00,0.00,0.00,0.00,Estádio Clube Desportivo das Aves
1442415600,Sep 16 2015 - 3:00pm,complete,2098,GD Chaves,Santa Clara,N/A,7,1.67,3.00,1.96,0.74,1,0,1,1,1,0,"45'2","",8,0,1,0,2,0,0,1,1,1,7,6,2,2,5,4,13,23,61,39,0.00,0.00,0.00,0.00,2.50,50,67,67,33,0,50,50,17,67,13.00,4.00,1.58,3.88,7.18,0.00,0.00,0.00,0.00,0.00,0.00,Estádio Municipal Eng. Manuel Branco Teixeira
1442415600,Sep 16 2015 - 3:00pm,complete,552,CD Feirense,Clube Oriental de Lisboa,N/A,7,0.67,2.00,2.00,0.87,2,2,4,3,1,2,"37,60","6,9",2,4,2,1,4,1,2,1,3,2,12,11,6,4,6,7,17,26,50,50,0.00,0.00,0.00,0.00,2.67,50,100,50,17,0,17,84,50,84,14.33,5.34,1.90,3.46,4.65,0.00,0.00,0.00,0.00,0.00,0.00,Estádio Marcolino de Castro
1442415600,Sep 16 2015 - 3:00pm,complete,628,Gil Vicente,Portimonense,N/A,7,1.67,1.67,1.83,1.70,2,2,4,1,0,1,"52,80","16,72",7,5,4,0,2,0,1,3,1,1,8,15,3,8,5,7,17,12,59,41,0.00,0.00,0.00,0.00,2.50,84,100,33,17,0,0,84,33,100,10.00,4.67,2.40,3.22,3.30,0.00,0.00,0.00,0.00,0.00,0.00,Estádio Cidade de Barcelos
1442415600,Sep 16 2015 - 3:00pm,complete,856,Vitória Guimarães II,Atlético CP,N/A,7,1.33,1.50,1.74,1.17,0,0,0,0,0,0,"","",7,5,1,0,2,0,0,1,0,2,5,9,4,5,1,4,9,24,56,44,0.00,0.00,0.00,0.00,0.84,0,0,0,0,0,0,67,0,17,7.33,7.67,2.40,3.23,3.29,0.00,0.00,0.00,0.00,0.00,0.00,Estádio Dom Afonso Henriques
1442415600,Sep 16 2015 - 3:00pm,complete,786,Farense,Sporting Braga II,N/A,7,2.00,1.67,1.70,1.17,3,2,5,3,1,2,"15,50,72","7,45'1",4,8,3,0,1,0,1,2,0,1,4,13,2,5,2,8,16,11,45,55,0.00,0.00,0.00,0.00,2.17,59,84,17,17,0,42,84,0,59,7.00,5.50,2.44,3.27,3.18,0.00,0.00,0.00,0.00,0.00,0.00,Estádio de São Lúis
1442415600,Sep 16 2015 - 3:00pm,complete,199,Sporting CP II,Leixões,N/A,7,1.67,0.33,1.74,1.13,3,1,4,3,2,1,"2,9,89","29",8,3,1,1,3,0,1,1,1,2,14,7,7,2,7,5,20,20,51,49,0.00,0.00,0.00,0.00,1.17,17,33,17,0,0,17,33,0,67,9.67,7.66,1.57,4.05,6.87,0.00,0.00,0.00,0.00,0.00,0.00,CGD Stadium Aurélio Pereira
1442415600,Sep 16 2015 - 3:00pm,complete,710,Varzim,SC Olhanense,N/A,7,2.00,0.00,1.83,1.04,3,1,4,2,1,1,"16,62,67","24",7,5,2,0,4,0,1,1,1,3,10,7,5,4,5,3,25,17,48,52,0.00,0.00,0.00,0.00,1.67,34,34,34,0,0,17,67,17,34,13.00,5.00,1.99,3.34,4.40,0.00,0.00,0.00,0.00,0.00,0.00,Estádio Varzim Sport Club
1442415600,Sep 16 2015 - 3:00pm,complete,348,Porto II,FC Penafiel,N/A,7,2.00,1.00,2.22,1.13,3,1,4,1,0,1,"47,79,88","15",3,6,1,0,4,2,1,0,1,5,12,9,5,6,7,3,13,23,52,48,0.00,0.00,0.00,0.00,2.67,84,84,84,0,0,67,84,17,67,9.33,6.00,2.19,3.46,3.53,0.00,0.00,0.00,0.00,0.00,0.00,Estádio Dr. Jorge Sampaio
1442419200,Sep 16 2015 - 4:00pm,complete,485,Academico Viseu,Freamunde,N/A,7,1.33,0.33,1.43,1.30,1,0,1,1,1,0,"30","",7,6,4,0,6,1,1,3,4,3,8,11,4,6,4,5,26,12,48,52,0.00,0.00,0.00,0.00,1.50,33,50,17,0,0,17,33,17,84,10.00,7.00,2.59,3.18,3.04,0.00,0.00,0.00,0.00,0.00,0.00,Estádio Municipal do Fontelo
1442744100,Sep 20 2015 - 10:15am,complete,315,Atlético CP,Porto II,N/A,8,2.25,2.00,1.04,1.52,2,3,5,3,1,2,"13,90'2","44,45,60",4,3,6,0,5,0,5,1,3,2,5,10,4,4,1,6,25,13,32,68,0.00,0.00,0.00,0.00,3.46,71,88,71,42,29,54,88,59,100,13.33,5.83,2.63,3.33,2.86,0.00,0.00,0.00,0.00,0.00,0.00,Estádio Da Tapadinha
1442759400,Sep 20 2015 - 2:30pm,complete,498,SC Olhanense,UD Oliveirense,N/A,8,2.00,0.33,1.96,0.52,2,0,2,1,1,0,"23,90'2","",5,5,3,0,6,0,0,3,2,4,11,9,5,5,6,4,15,20,54,46,0.00,0.00,0.00,0.00,1.92,42,59,29,17,0,46,88,0,42,7.25,7.25,2.01,3.40,4.19,0.00,0.00,0.00,0.00,0.00,0.00,Estádio José Arcanjo
1442761200,Sep 20 2015 - 3:00pm,complete,565,Benfica II,Gil Vicente,N/A,8,3.00,1.00,1.57,0.87,1,0,1,1,1,0,"42","",7,3,2,0,5,0,1,1,1,4,8,12,3,7,5,5,12,20,58,42,0.00,0.00,0.00,0.00,1.67,0,50,17,0,0,17,50,33,67,8.33,5.00,2.08,3.44,3.85,0.00,0.00,0.00,0.00,0.00,0.00,Caixa Futebol Campus
1442761200,Sep 20 2015 - 3:00pm,complete,918,Sporting Braga II,CD Feirense,N/A,8,3.00,1.00,1.30,1.39,1,1,2,1,1,0,"45'1","49",4,3,1,1,2,0,1,1,1,1,12,7,5,5,7,2,16,14,52,48,0.00,0.00,0.00,0.00,1.50,34,34,17,17,0,17,67,0,50,5.34,8.00,2.31,3.24,3.47,0.00,0.00,0.00,0.00,0.00,0.00,Estádio 1º de Maio
1442761200,Sep 20 2015 - 3:00pm,complete,768,Leixões,CD Mafra,N/A,8,1.33,1.00,1.26,0.83,1,1,2,0,0,0,"72","90'2",6,4,2,0,1,0,0,2,0,1,12,8,4,3,8,5,20,19,51,49,0.00,0.00,0.00,0.00,1.71,29,71,0,0,0,0,71,29,71,8.33,5.75,2.15,3.20,3.94,0.00,0.00,0.00,0.00,0.00,0.00,Estádio do Mar
1442761200,Sep 20 2015 - 3:00pm,complete,556,Clube Oriental de Lisboa,CD Aves,N/A,8,0.33,0.67,0.91,1.30,0,2,2,1,0,1,"","16,83",6,13,2,0,1,0,0,2,0,1,13,19,2,10,11,9,14,12,52,48,0.00,0.00,0.00,0.00,3.34,50,67,67,50,17,34,84,67,67,12.00,8.67,2.31,3.19,3.51,0.00,0.00,0.00,0.00,0.00,0.00,Campo Engenheiro Carlos Salema
1442761200,Sep 20 2015 - 3:00pm,complete,653,Portimonense,Sporting Covilhã,N/A,8,1.33,1.33,1.70,1.17,1,1,2,1,1,0,"19","71",2,8,4,0,2,0,1,3,1,1,12,9,5,3,7,6,17,11,49,51,0.00,0.00,0.00,0.00,2.67,50,84,50,33,0,17,67,50,100,10.34,7.66,1.97,3.28,4.58,0.00,0.00,0.00,0.00,0.00,0.00,Estádio do Portimonense SC (Portimão)
1442764800,Sep 20 2015 - 4:00pm,complete,557,Santa Clara,Farense,N/A,8,0.00,1.00,1.74,0.74,2,0,2,2,2,0,"8,30","",5,3,1,0,3,0,0,1,1,2,11,10,4,4,7,6,21,20,52,48,0.00,0.00,0.00,0.00,1.88,42,59,29,0,0,25,42,34,75,10.17,5.67,2.51,3.04,3.31,0.00,0.00,0.00,0.00,0.00,0.00,Estádio de São Miguel (Ponta Delgada- Ilha de São Miguel- Açores)
1442764800,Sep 20 2015 - 4:00pm,complete,3006,Famalicão,Academico Viseu,N/A,8,1.33,2.00,1.57,1.00,0,0,0,0,0,0,"","",4,4,3,0,3,0,2,1,0,3,9,10,0,3,9,7,23,14,40,60,0.00,0.00,0.00,0.00,3.17,50,67,50,34,34,34,67,67,84,12.33,8.67,2.20,3.14,3.90,0.00,0.00,0.00,0.00,0.00,0.00,Estádio Municipal 22 de Junho
1442764800,Sep 20 2015 - 4:00pm,complete,843,Freamunde,Sporting CP II,N/A,8,2.33,2.00,1.91,1.09,1,2,3,0,0,0,"90'6","87,90'2",8,2,4,0,3,0,2,2,0,3,12,5,6,4,6,1,17,14,54,46,0.00,0.00,0.00,0.00,2.50,34,84,50,17,0,50,50,50,100,7.67,4.34,2.60,3.11,3.09,0.00,0.00,0.00,0.00,0.00,0.00,Complexo Desportivo do SC Freamunde
1442764800,Sep 20 2015 - 4:00pm,complete,865,FC Penafiel,GD Chaves,N/A,8,1.67,2.00,1.52,1.57,1,0,1,1,1,0,"22","",4,4,4,1,5,0,2,3,0,5,9,12,6,5,3,7,20,16,40,60,0.00,0.00,0.00,0.00,2.00,50,50,50,17,0,33,67,17,67,9.67,5.67,2.56,3.11,3.15,0.00,0.00,0.00,0.00,0.00,0.00,Estádio Municipal 25 de Abril
1442764800,Sep 20 2015 - 4:00pm,complete,864,Varzim,Vitória Guimarães II,N/A,8,2.25,1.00,1.83,0.87,1,0,1,0,0,0,"60","",3,4,3,1,3,1,0,4,2,2,10,6,4,2,6,4,15,10,62,38,0.00,0.00,0.00,0.00,4.04,88,88,71,46,34,59,59,75,88,12.08,5.42,2.97,3.22,2.61,0.00,0.00,0.00,0.00,0.00,0.00,Estádio Varzim Sport Club
1443619800,Sep 30 2015 - 1:30pm,complete,347,Porto II,Varzim,N/A,9,2.25,0.33,2.22,1.00,4,0,4,1,1,0,"24,49,57,83","",3,5,3,0,5,0,1,2,0,5,5,9,4,7,1,2,13,19,54,46,0.00,0.00,0.00,0.00,2.79,84,84,67,29,0,42,54,59,88,11.50,5.75,2.11,3.52,3.66,0.00,0.00,0.00,0.00,0.00,0.00,Estádio Dr. Jorge Sampaio
1443621600,Sep 30 2015 - 2:00pm,complete,492,Gil Vicente,Clube Oriental de Lisboa,N/A,9,1.50,1.75,1.83,0.87,1,0,1,1,1,0,"39","",10,4,0,0,2,0,0,0,0,2,11,7,6,3,5,4,21,16,48,52,0.00,0.00,0.00,0.00,3.00,63,100,63,38,0,25,88,50,88,10.00,6.00,2.11,3.34,3.88,0.00,0.00,0.00,0.00,0.00,0.00,Estádio Cidade de Barcelos
1443625200,Sep 30 2015 - 3:00pm,complete,1617,Farense,Portimonense,N/A,9,2.33,1.50,1.70,1.70,1,2,3,1,0,1,"49","7,58",5,2,2,1,2,0,1,2,1,1,11,5,6,3,5,2,17,15,49,51,0.00,0.00,0.00,0.00,2.88,84,100,42,29,17,34,88,42,84,7.92,5.83,2.49,3.22,3.13,0.00,0.00,0.00,0.00,0.00,0.00,Estádio de São Lúis
1443625200,Sep 30 2015 - 3:00pm,complete,413,CD Mafra,Santa Clara,N/A,9,1.50,2.25,1.52,0.74,0,0,0,0,0,0,"","",3,4,2,0,1,0,0,2,0,1,10,5,2,2,8,3,16,12,50,50,0.00,0.00,0.00,0.00,2.38,50,75,50,13,0,38,50,38,63,8.25,4.50,2.57,3.07,3.16,0.00,0.00,0.00,0.00,0.00,0.00,Estádio Municipal de Mafra
1443625200,Sep 30 2015 - 3:00pm,complete,1485,GD Chaves,Benfica II,N/A,9,2.00,0.25,1.96,0.83,1,1,2,0,0,0,"68","72",13,4,1,0,3,1,0,1,1,3,16,3,9,3,7,0,11,11,64,36,0.00,0.00,0.00,0.00,2.88,63,75,63,38,25,63,88,13,50,14.50,4.50,1.93,3.54,4.37,0.00,0.00,0.00,0.00,0.00,0.00,Estádio Municipal Eng. Manuel Branco Teixeira
1443625200,Sep 30 2015 - 3:00pm,complete,259,Sporting Covilhã,Sporting Braga II,N/A,9,0.33,1.25,1.35,1.17,1,0,1,0,0,0,"61","",4,2,2,1,3,1,0,3,1,3,10,8,4,3,6,5,16,13,48,52,0.00,0.00,0.00,0.00,2.17,54,54,25,25,13,42,71,13,54,9.08,4.08,2.27,3.23,3.56,0.00,0.00,0.00,0.00,0.00,0.00,Estádio Municipal José dos Santos Pinto
1443625200,Sep 30 2015 - 3:00pm,complete,176,Sporting CP II,SC Olhanense,N/A,9,2.00,0.00,1.74,1.04,1,3,4,1,0,1,"63","24,73,77",7,1,3,0,3,0,0,3,0,3,11,8,5,4,6,4,16,15,56,44,0.00,0.00,0.00,0.00,1.88,42,42,29,29,0,29,75,17,54,12.25,5.92,1.74,3.75,5.25,0.00,0.00,0.00,0.00,0.00,0.00,CGD Stadium Aurélio Pereira
1443628800,Sep 30 2015 - 4:00pm,complete,899,Vitória Guimarães II,FC Penafiel,N/A,9,1.25,0.75,1.74,1.13,2,3,5,1,0,1,"52,80","42,48,65",3,3,1,0,4,0,1,0,1,3,9,11,7,4,2,7,15,19,54,46,0.00,0.00,0.00,0.00,1.63,38,38,38,13,0,25,63,13,50,9.75,7.50,2.51,3.25,3.08,0.00,0.00,0.00,0.00,0.00,0.00,Estádio Dom Afonso Henriques
1443628800,Sep 30 2015 - 4:00pm,complete,406,Academico Viseu,Atlético CP,N/A,9,1.75,1.33,1.43,1.17,0,1,1,1,0,1,"","10",12,0,1,0,5,1,1,0,4,2,20,4,10,2,10,2,10,16,67,33,0.00,0.00,0.00,0.00,1.09,13,25,0,0,0,0,59,13,38,8.67,6.83,2.07,3.32,4.05,0.00,0.00,0.00,0.00,0.00,0.00,Estádio Municipal do Fontelo
1443628800,Sep 30 2015 - 4:00pm,complete,987,CD Feirense,Famalicão,N/A,9,0.75,1.50,2.00,1.57,2,1,3,0,0,0,"70,87","90'2",5,6,3,0,4,1,0,3,2,3,8,7,3,2,5,5,29,16,53,47,0.00,0.00,0.00,0.00,2.63,75,88,50,38,0,13,63,38,88,12.75,6.25,2.38,3.20,3.36,0.00,0.00,0.00,0.00,0.00,0.00,Estádio Marcolino de Castro
1443880800,Oct 03 2015 - 2:00pm,complete,778,Leixões,Gil Vicente,N/A,10,1.25,0.75,1.26,0.87,2,1,3,0,0,0,"75,86","68",5,4,1,0,2,0,1,0,1,1,7,7,5,3,2,4,22,17,50,50,0.00,0.00,0.00,0.00,1.75,25,63,13,0,0,13,50,38,75,9.50,6.00,3.05,3.17,2.58,0.00,0.00,0.00,0.00,0.00,0.00,Estádio do Mar
1443884400,Oct 03 2015 - 3:00pm,complete,542,Santa Clara,Sporting Covilhã,N/A,10,0.75,1.25,1.74,1.17,2,2,4,2,1,1,"31,51","23,90'2",7,0,3,0,4,0,2,1,2,2,6,8,2,4,4,4,20,19,50,50,0.00,0.00,0.00,0.00,2.13,38,75,25,13,0,13,63,38,88,11.75,6.75,2.38,3.22,3.35,0.00,0.00,0.00,0.00,0.00,0.00,Estádio de São Miguel (Ponta Delgada- Ilha de São Miguel- Açores)
1443884400,Oct 03 2015 - 3:00pm,complete,313,Atlético CP,CD Feirense,N/A,10,1.80,1.00,1.04,1.39,1,1,2,2,1,1,"45'3","15",3,5,3,0,2,0,1,2,1,1,10,7,5,7,5,0,20,15,51,49,0.00,0.00,0.00,0.00,2.80,78,78,53,43,20,53,78,30,88,7.55,6.95,2.24,3.30,3.56,0.00,0.00,0.00,0.00,0.00,0.00,Estádio Da Tapadinha
1443884400,Oct 03 2015 - 3:00pm,complete,770,Benfica II,CD Mafra,N/A,10,3.00,1.00,1.57,0.83,1,2,3,2,1,1,"39","7,52",5,3,4,1,6,0,1,4,3,3,7,8,4,4,3,4,15,18,67,33,0.00,0.00,0.00,0.00,1.53,20,53,0,0,0,0,68,33,53,7.90,4.65,1.59,3.95,6.71,0.00,0.00,0.00,0.00,0.00,0.00,Caixa Futebol Campus
1443884400,Oct 03 2015 - 3:00pm,complete,559,FC Penafiel,Academico Viseu,N/A,10,2.00,1.75,1.52,1.00,0,0,0,0,0,0,"","",4,2,6,1,3,1,2,5,0,4,11,13,7,6,4,7,21,15,46,54,0.00,0.00,0.00,0.00,1.50,25,38,25,13,0,13,38,25,63,8.75,6.25,1.79,3.50,5.34,0.00,0.00,0.00,0.00,0.00,0.00,Estádio Municipal 25 de Abril
1443884400,Oct 03 2015 - 3:00pm,complete,780,Freamunde,CD Aves,N/A,10,1.75,1.25,1.91,1.30,1,2,3,0,0,0,"82","75,89",9,3,1,0,4,0,0,1,0,4,9,15,2,2,7,13,17,17,57,43,0.00,0.00,0.00,0.00,2.25,50,75,50,13,0,25,63,38,75,12.50,7.50,2.03,3.33,4.21,0.00,0.00,0.00,0.00,0.00,0.00,Complexo Desportivo do SC Freamunde
1443884400,Oct 03 2015 - 3:00pm,complete,899,Vitória Guimarães II,GD Chaves,N/A,10,1.00,1.50,1.74,1.57,0,3,3,3,0,3,"","13,29,37",5,5,3,0,1,0,0,3,1,0,10,11,8,5,2,6,8,19,47,53,0.00,0.00,0.00,0.00,1.70,35,35,35,10,10,13,70,23,45,9.35,6.60,3.56,3.24,2.27,0.00,0.00,0.00,0.00,0.00,0.00,Estádio Dom Afonso Henriques
1443884400,Oct 03 2015 - 3:00pm,complete,1068,Varzim,UD Oliveirense,N/A,10,2.40,0.25,1.83,0.52,0,1,1,0,0,0,"","81",7,4,3,0,6,0,1,2,2,4,14,15,5,4,9,11,17,17,61,39,0.00,0.00,0.00,0.00,2.33,43,68,43,23,0,45,70,20,65,11.80,7.50,1.71,3.73,5.65,0.00,0.00,0.00,0.00,0.00,0.00,Estádio Varzim Sport Club
1443886200,Oct 03 2015 - 3:30pm,complete,562,SC Olhanense,Porto II,N/A,10,2.20,2.25,1.96,1.52,0,2,2,0,0,0,"","90'5,90'6",2,5,2,1,5,0,0,3,2,3,3,12,3,3,0,9,17,16,37,63,0.00,0.00,0.00,0.00,2.80,58,80,48,25,25,35,90,38,80,9.80,6.95,3.08,3.45,2.41,0.00,0.00,0.00,0.00,0.00,0.00,Estádio José Arcanjo
1443888000,Oct 03 2015 - 4:00pm,complete,385,Sporting Braga II,Portimonense,N/A,10,2.50,1.80,1.30,1.70,2,3,5,1,0,1,"51,54","5,79,87",1,6,5,0,3,0,0,5,0,3,9,6,2,2,7,4,16,9,50,50,0.00,0.00,0.00,0.00,2.03,63,63,30,10,0,0,78,30,75,7.60,5.65,3.00,3.28,2.55,0.00,0.00,0.00,0.00,0.00,0.00,Estádio 1º de Maio
1443888000,Oct 03 2015 - 4:00pm,complete,3045,Famalicão,Sporting CP II,N/A,10,1.25,2.25,1.57,1.09,1,1,2,1,0,1,"67","38",10,4,2,0,5,0,1,1,2,3,12,6,7,3,5,3,12,20,51,49,0.00,0.00,0.00,0.00,2.88,38,63,50,38,25,38,50,63,75,9.75,6.50,2.58,3.33,2.92,0.00,0.00,0.00,0.00,0.00,0.00,Estádio Municipal 22 de Junho
1443888000,Oct 03 2015 - 4:00pm,complete,488,Clube Oriental de Lisboa,Farense,N/A,10,0.25,0.80,0.91,0.74,1,3,4,0,0,0,"80","56,60,63",6,11,1,0,2,0,0,1,1,1,11,7,7,4,4,3,20,16,53,47,0.00,0.00,0.00,0.00,3.03,45,80,48,25,13,55,80,38,70,10.15,4.95,2.42,3.34,3.15,0.00,0.00,0.00,0.00,0.00,0.00,Campo Engenheiro Carlos Salema
1444489200,Oct 10 2015 - 3:00pm,complete,686,Gil Vicente,FC Penafiel,N/A,11,1.80,1.20,1.83,1.13,1,0,1,1,1,0,"28","",8,9,2,0,4,0,0,2,1,3,11,15,7,11,4,4,15,17,45,55,0.00,0.00,0.00,0.00,2.90,70,80,60,40,10,20,100,40,80,10.60,6.40,2.38,3.22,3.34,0.00,0.00,0.00,0.00,0.00,0.00,Estádio Cidade de Barcelos
1444572000,Oct 11 2015 - 2:00pm,complete,453,CD Mafra,Sporting Covilhã,N/A,7,1.33,1.20,1.52,1.17,1,2,3,1,0,1,"48","26,87",4,4,2,0,2,0,0,2,2,0,4,7,0,2,4,5,19,15,55,45,0.00,0.00,0.00,0.00,2.14,47,74,37,20,0,27,57,37,67,8.07,6.13,2.39,3.16,3.38,0.00,0.00,0.00,0.00,0.00,0.00,Estádio Municipal de Mafra
1444572000,Oct 11 2015 - 2:00pm,complete,481,UD Oliveirense,Freamunde,N/A,9,0.25,0.25,0.74,1.30,0,0,0,0,0,0,"","",4,5,2,0,4,0,1,1,2,2,13,13,3,0,10,13,15,24,52,48,0.00,0.00,0.00,0.00,2.00,38,50,50,13,0,25,50,25,75,10.50,7.25,2.85,3.21,2.72,0.00,0.00,0.00,0.00,0.00,0.00,Estádio Carlos Osório (Oliveira de Azeméis)
1444575600,Oct 11 2015 - 3:00pm,complete,742,CD Aves,Leixões,N/A,9,1.00,0.25,1.61,1.13,1,0,1,0,0,0,"84","",2,9,5,1,2,1,2,4,1,2,9,13,5,9,4,4,13,12,52,48,0.00,0.00,0.00,0.00,2.50,50,63,50,38,13,38,50,13,88,6.50,6.50,1.91,3.45,4.61,0.00,0.00,0.00,0.00,0.00,0.00,Estádio Clube Desportivo das Aves
1445176800,Oct 18 2015 - 2:00pm,complete,414,UD Oliveirense,Vitória Guimarães II,N/A,11,0.40,0.75,0.74,0.87,0,1,1,0,0,0,"","77",8,6,2,0,2,0,0,2,1,1,17,9,7,3,10,6,10,17,49,51,0.00,0.00,0.00,0.00,3.23,58,68,55,35,25,35,45,58,90,8.85,5.65,2.40,3.25,3.28,0.00,0.00,0.00,0.00,0.00,0.00,Estádio Carlos Osório (Oliveira de Azeméis)
1445180400,Oct 18 2015 - 3:00pm,complete,285,Sporting CP II,Atlético CP,N/A,11,1.60,1.75,1.74,1.17,0,1,1,1,0,1,"","25",5,2,4,0,3,1,0,4,2,2,19,8,12,4,7,4,12,16,60,40,0.00,0.00,0.00,0.00,1.48,30,30,20,20,0,10,68,10,40,9.95,7.20,2.00,3.42,4.20,0.00,0.00,0.00,0.00,0.00,0.00,CGD Stadium Aurélio Pereira
1445353200,Oct 20 2015 - 3:00pm,complete,567,Sporting Covilhã,Benfica II,N/A,11,1.00,0.40,1.35,0.83,0,2,2,1,0,1,"","38,87",6,2,4,0,6,0,2,2,3,3,11,9,6,7,5,2,17,19,52,48,0.00,0.00,0.00,0.00,2.33,63,63,30,20,20,43,65,20,65,9.90,5.95,2.54,3.35,2.96,0.00,0.00,0.00,0.00,0.00,0.00,Estádio Municipal José dos Santos Pinto
1445436000,Oct 21 2015 - 2:00pm,complete,874,CD Aves,Porto II,N/A,11,1.40,2.40,1.61,1.52,0,0,0,0,0,0,"","",3,6,4,0,2,1,1,3,1,2,7,13,4,6,3,7,25,11,39,61,0.00,0.00,0.00,0.00,3.10,60,80,50,40,30,30,60,50,100,10.00,7.40,3.00,3.30,2.54,0.00,0.00,0.00,0.00,0.00,0.00,Estádio Clube Desportivo das Aves
1445439600,Oct 21 2015 - 3:00pm,complete,250,Sporting Braga II,Clube Oriental de Lisboa,N/A,11,2.00,1.40,1.30,0.87,0,0,0,0,0,0,"","",9,4,0,0,2,0,0,0,1,1,17,13,6,7,11,6,13,21,53,47,0.00,0.00,0.00,0.00,2.30,40,60,40,20,10,20,80,30,60,7.20,6.80,0.00,0.00,0.00,0.00,0.00,0.00,0.00,0.00,0.00,Estádio 1º de Maio
1445439600,Oct 21 2015 - 3:00pm,complete,1920,GD Chaves,SC Olhanense,N/A,11,1.80,0.75,1.96,1.04,0,0,0,0,0,0,"","",9,4,2,1,2,0,2,1,0,2,15,12,4,5,11,7,13,15,59,41,0.00,0.00,0.00,0.00,2.25,45,55,45,35,0,33,80,35,45,12.60,4.35,1.61,3.80,6.77,0.00,0.00,0.00,0.00,0.00,0.00,Estádio Municipal Eng. Manuel Branco Teixeira
1445439600,Oct 21 2015 - 3:00pm,complete,819,Farense,Freamunde,N/A,11,1.75,0.40,1.70,1.30,0,1,1,0,0,0,"","84",7,5,2,0,2,0,0,2,1,1,4,7,2,4,2,3,14,13,54,46,0.00,0.00,0.00,0.00,2.00,48,60,35,13,13,35,70,25,58,8.85,7.85,2.32,3.21,3.47,0.00,0.00,0.00,0.00,0.00,0.00,Estádio de São Lúis
1445439600,Oct 21 2015 - 3:00pm,complete,523,Portimonense,Santa Clara,N/A,11,1.25,2.00,1.70,0.74,1,0,1,0,0,0,"66","",4,7,0,0,2,0,0,0,0,2,7,11,3,3,4,8,12,18,54,46,0.00,0.00,0.00,0.00,2.28,58,70,45,23,0,23,58,35,80,8.95,5.30,1.74,3.58,5.71,0.00,0.00,0.00,0.00,0.00,0.00,Estádio do Portimonense SC (Portimão)
1445439600,Oct 21 2015 - 3:00pm,complete,406,CD Mafra,Famalicão,N/A,11,1.00,1.20,1.52,1.57,0,0,0,0,0,0,"","",3,5,5,0,2,0,2,3,0,2,8,11,3,5,5,6,21,11,40,60,0.00,0.00,0.00,0.00,2.20,65,78,55,10,0,13,35,55,65,9.15,5.85,2.82,3.20,2.75,0.00,0.00,0.00,0.00,0.00,0.00,Estádio Municipal de Mafra
1445439600,Oct 21 2015 - 3:00pm,complete,421,Academico Viseu,Varzim,N/A,11,1.40,0.25,1.43,1.00,4,2,6,3,2,1,"10,30,56,75","44,66",6,7,0,0,2,0,0,0,1,1,7,6,3,3,4,3,18,17,48,52,0.00,0.00,0.00,0.00,2.08,35,58,25,25,0,13,55,48,80,12.90,7.25,2.22,3.24,3.68,0.00,0.00,0.00,0.00,0.00,0.00,Estádio Municipal do Fontelo
1445454000,Oct 21 2015 - 7:00pm,complete,668,CD Feirense,Leixões,N/A,11,1.20,0.20,2.00,1.13,2,1,3,2,1,1,"40,53","34",7,9,3,0,5,0,1,2,4,1,5,15,0,6,5,9,15,14,53,47,0.00,0.00,0.00,0.00,2.40,50,70,50,30,0,30,60,20,90,11.00,7.00,1.87,3.51,4.74,0.00,0.00,0.00,0.00,0.00,0.00,Estádio Marcolino de Castro
1445771700,Oct 25 2015 - 11:15am,complete,521,Leixões,Sporting Braga II,N/A,12,1.60,1.00,1.26,1.17,2,3,5,3,2,1,"11,43","13,48,61",1,2,2,0,1,0,0,2,1,0,11,5,7,2,4,3,13,17,49,51,0.00,0.00,0.00,0.00,2.30,60,70,30,20,10,20,50,40,80,11.00,4.80,2.81,3.14,2.81,0.00,0.00,0.00,0.00,0.00,0.00,Estádio do Mar
1445785200,Oct 25 2015 - 3:00pm,complete,218,Atlético CP,CD Aves,N/A,12,1.67,1.60,1.04,1.30,0,1,1,0,0,0,"","61",6,4,3,0,4,0,1,2,3,1,17,5,9,3,8,2,12,19,50,50,0.00,0.00,0.00,0.00,2.67,62,72,54,35,17,42,72,45,72,10.70,7.57,2.39,3.23,3.37,0.00,0.00,0.00,0.00,0.00,0.00,Estádio Da Tapadinha
1445785200,Oct 25 2015 - 3:00pm,complete,406,SC Olhanense,Academico Viseu,N/A,12,1.83,1.60,1.96,1.00,2,2,4,2,1,1,"39,64","13,78",2,6,3,0,4,1,1,2,2,3,9,8,4,3,5,5,14,13,45,55,0.00,0.00,0.00,0.00,1.44,27,54,19,0,0,9,44,29,64,6.47,7.13,2.50,3.15,3.20,0.00,0.00,0.00,0.00,0.00,0.00,Estádio José Arcanjo
1445785200,Oct 25 2015 - 3:00pm,complete,319,Clube Oriental de Lisboa,Portimonense,N/A,12,0.20,2.00,0.91,1.70,1,2,3,1,0,1,"58","29,49",5,4,4,0,2,0,1,3,1,1,9,10,5,4,4,6,21,14,58,42,0.00,0.00,0.00,0.00,3.69,80,100,74,47,19,20,82,74,100,11.43,4.90,3.16,3.38,2.42,0.00,0.00,0.00,0.00,0.00,0.00,Campo Engenheiro Carlos Salema
1445785200,Oct 25 2015 - 3:00pm,complete,319,Porto II,UD Oliveirense,N/A,12,2.40,0.80,2.22,0.52,2,2,4,2,1,1,"38,78","35,70",11,3,2,1,4,0,1,2,3,1,16,9,10,8,6,1,9,18,68,32,0.00,0.00,0.00,0.00,2.70,50,80,60,30,0,40,80,30,70,9.00,6.80,1.36,5.04,9.99,0.00,0.00,0.00,0.00,0.00,0.00,Estádio Dr. Jorge Sampaio
1445788800,Oct 25 2015 - 4:00pm,complete,304,Santa Clara,Sporting CP II,N/A,12,0.80,2.00,1.74,1.09,2,3,5,5,2,3,"42,45","5,23,41",6,5,5,0,2,0,2,3,1,1,5,7,4,4,1,3,13,16,68,32,0.00,0.00,0.00,0.00,2.40,40,80,40,20,0,30,50,60,90,9.40,5.60,0.00,0.00,0.00,0.00,0.00,0.00,0.00,0.00,0.00,Estádio de São Miguel (Ponta Delgada- Ilha de São Miguel- Açores)
1445788800,Oct 25 2015 - 4:00pm,complete,1995,Famalicão,Farense,N/A,12,1.20,1.17,1.57,0.74,2,1,3,1,1,0,"1,58","51",9,4,3,0,4,1,1,2,2,3,9,10,7,8,2,2,13,22,58,42,0.00,0.00,0.00,0.00,2.59,55,64,37,29,20,45,65,29,55,12.27,6.17,2.04,3.38,4.18,0.00,0.00,0.00,0.00,0.00,0.00,Estádio Municipal 22 de Junho
1445788800,Oct 25 2015 - 4:00pm,complete,602,Freamunde,CD Mafra,N/A,12,1.40,1.33,1.91,0.83,1,0,1,1,1,0,"28","",7,3,2,0,6,0,0,2,1,5,7,6,3,4,4,2,17,22,61,39,0.00,0.00,0.00,0.00,2.40,65,92,49,0,0,29,54,47,92,8.70,5.60,1.68,3.62,6.34,0.00,0.00,0.00,0.00,0.00,0.00,Complexo Desportivo do SC Freamunde
1445788800,Oct 25 2015 - 4:00pm,complete,941,Varzim,GD Chaves,N/A,12,2.00,1.80,1.83,1.57,3,0,3,1,1,0,"3,54,73","",4,11,3,0,6,0,0,3,1,5,8,15,5,10,3,5,19,23,37,63,0.00,0.00,0.00,0.00,2.19,45,55,55,9,0,37,67,27,62,11.63,6.40,3.02,3.22,2.57,0.00,0.00,0.00,0.00,0.00,0.00,Estádio Varzim Sport Club
1445788800,Oct 25 2015 - 4:00pm,complete,537,FC Penafiel,Sporting Covilhã,N/A,12,1.80,1.50,1.52,1.17,2,2,4,0,0,0,"49,57","74,77",2,7,3,1,4,0,1,3,2,2,7,12,2,4,5,8,19,21,44,56,0.00,0.00,0.00,0.00,1.94,44,52,35,27,0,19,62,25,70,8.73,7.10,2.07,3.31,4.07,0.00,0.00,0.00,0.00,0.00,0.00,Estádio Municipal 25 de Abril
1445788800,Oct 25 2015 - 4:00pm,complete,918,Vitória Guimarães II,Gil Vicente,N/A,12,0.83,0.60,1.74,0.87,1,0,1,1,1,0,"16","",5,3,5,1,4,1,2,4,1,4,8,10,2,3,6,7,14,17,42,58,0.00,0.00,0.00,0.00,1.84,19,47,37,9,9,19,45,29,57,8.07,5.67,2.54,3.30,3.00,0.00,0.00,0.00,0.00,0.00,0.00,Estádio Dom Afonso Henriques
1445882400,Oct 26 2015 - 6:00pm,complete,208,Benfica II,CD Feirense,N/A,12,2.40,1.00,1.57,1.39,1,2,3,1,0,1,"56","25,63",3,1,4,0,4,0,2,2,1,3,5,9,2,5,3,4,12,18,63,37,0.00,0.00,0.00,0.00,1.80,50,60,20,10,0,30,80,10,50,8.60,6.40,1.99,3.52,4.10,0.00,0.00,0.00,0.00,0.00,0.00,Caixa Futebol Campus
1446217200,Oct 30 2015 - 3:00pm,complete,250,Sporting Braga II,FC Penafiel,N/A,13,1.83,1.00,1.30,1.13,0,1,1,1,0,1,"","10",5,3,3,1,1,0,2,2,0,1,4,7,0,2,4,5,12,14,51,49,0.00,0.00,0.00,0.00,2.25,50,50,42,25,17,17,84,25,59,8.84,7.33,2.41,3.23,3.27,0.00,0.00,0.00,0.00,0.00,0.00,Estádio 1º de Maio
1446229800,Oct 30 2015 - 6:30pm,complete,1304,GD Chaves,Porto II,N/A,13,1.67,2.17,1.96,1.52,2,2,4,1,0,1,"62,83","36,65",5,4,3,0,2,0,0,3,1,1,16,7,11,4,5,3,16,17,46,54,0.00,0.00,0.00,0.00,2.34,42,67,42,25,17,33,59,42,58,15.17,5.83,2.16,3.35,3.72,0.00,0.00,0.00,0.00,0.00,0.00,Estádio Municipal Eng. Manuel Branco Teixeira
1446303600,Oct 31 2015 - 3:00pm,complete,923,CD Aves,Vitória Guimarães II,N/A,13,1.33,1.20,1.61,0.87,0,1,1,0,0,0,"","59",15,2,3,0,5,0,1,2,0,5,14,5,6,4,8,1,15,18,54,46,0.00,0.00,0.00,0.00,2.89,55,55,37,37,29,29,37,39,92,7.93,6.50,1.80,3.55,5.15,0.00,0.00,0.00,0.00,0.00,0.00,Estádio Clube Desportivo das Aves
1446303600,Oct 31 2015 - 3:00pm,complete,225,Sporting Covilhã,Freamunde,N/A,13,0.80,0.83,1.35,1.30,0,2,2,2,0,2,"","8,22",8,2,1,0,5,0,1,0,0,5,19,12,8,3,11,9,13,18,54,46,0.00,0.00,0.00,0.00,1.20,19,29,9,0,0,19,47,0,55,9.50,7.17,2.13,3.20,4.00,0.00,0.00,0.00,0.00,0.00,0.00,Estádio Municipal José dos Santos Pinto
1446303600,Oct 31 2015 - 3:00pm,complete,612,CD Feirense,Santa Clara,N/A,13,1.50,1.67,2.00,0.74,1,0,1,1,1,0,"25","",1,4,3,0,4,1,1,2,0,5,7,9,2,5,5,4,15,24,54,46,0.00,0.00,0.00,0.00,2.34,58,67,50,25,0,25,58,25,84,11.67,4.83,0.00,0.00,0.00,0.00,0.00,0.00,0.00,0.00,0.00,Estádio Marcolino de Castro
1446303600,Oct 31 2015 - 3:00pm,complete,606,Gil Vicente,SC Olhanense,N/A,13,2.00,0.80,1.83,1.04,3,0,3,1,1,0,"6,80,82","",5,2,2,0,3,1,0,2,0,4,10,12,6,8,4,4,24,13,47,53,0.00,0.00,0.00,0.00,2.17,45,54,37,37,0,10,90,37,54,10.50,4.60,1.91,3.42,4.66,0.00,0.00,0.00,0.00,0.00,0.00,Estádio Cidade de Barcelos
1446303600,Oct 31 2015 - 3:00pm,complete,515,CD Mafra,Clube Oriental de Lisboa,N/A,13,1.00,1.33,1.52,0.87,1,0,1,0,0,0,"53","",3,3,2,1,3,0,2,1,0,3,7,8,2,4,5,4,17,18,41,59,0.00,0.00,0.00,0.00,1.89,37,64,45,9,0,27,54,37,45,8.10,5.80,2.12,3.33,3.85,0.00,0.00,0.00,0.00,0.00,0.00,Estádio Municipal de Mafra
1446303600,Oct 31 2015 - 3:00pm,complete,265,Sporting CP II,Varzim,N/A,13,1.33,0.20,1.74,1.00,0,0,0,0,0,0,"","",1,5,2,0,2,0,0,2,1,1,5,14,0,8,5,6,8,14,51,49,0.00,0.00,0.00,0.00,2.70,55,65,47,47,10,29,64,49,84,13.43,7.13,1.79,3.68,5.00,0.00,0.00,0.00,0.00,0.00,0.00,CGD Stadium Aurélio Pereira
1446303600,Oct 31 2015 - 3:00pm,complete,534,UD Oliveirense,Atlético CP,N/A,13,0.33,2.00,0.74,1.17,1,1,2,2,1,1,"16","20",6,6,3,0,1,0,0,3,0,1,12,12,6,2,6,10,13,16,61,39,0.00,0.00,0.00,0.00,1.40,17,25,25,9,0,9,57,17,42,7.77,6.33,3.09,3.26,2.50,0.00,0.00,0.00,0.00,0.00,0.00,Estádio Carlos Osório (Oliveira de Azeméis)
1446303600,Oct 31 2015 - 3:00pm,complete,526,Academico Viseu,Leixões,N/A,13,1.67,0.17,1.43,1.13,1,1,2,2,1,1,"39","18",6,2,2,0,3,0,2,0,2,1,12,7,7,3,5,4,15,17,56,44,0.00,0.00,0.00,0.00,2.09,33,50,34,17,9,34,59,17,75,11.16,6.67,1.81,3.55,5.10,0.00,0.00,0.00,0.00,0.00,0.00,Estádio Municipal do Fontelo
1446314400,Oct 31 2015 - 6:00pm,complete,1147,Farense,Benfica II,N/A,13,1.40,0.83,1.70,0.83,1,0,1,1,1,0,"20","",3,5,3,0,3,0,0,3,0,3,6,12,3,4,3,8,22,9,46,54,0.00,0.00,0.00,0.00,2.89,72,90,45,27,27,45,82,37,82,9.67,6.67,2.68,3.40,2.75,0.00,0.00,0.00,0.00,0.00,0.00,Estádio de São Lúis
1446376500,Nov 01 2015 - 11:15am,complete,324,Portimonense,Famalicão,N/A,13,1.60,1.17,1.70,1.57,0,3,3,2,0,2,"","20,25,49",10,0,1,0,1,0,1,0,0,1,18,0,13,0,5,0,21,19,61,39,0.00,0.00,0.00,0.00,2.20,64,74,45,19,0,10,39,45,84,9.93,6.13,1.86,3.54,4.75,0.00,0.00,0.00,0.00,0.00,0.00,Estádio do Portimonense SC (Portimão)
1446649200,Nov 04 2015 - 3:00pm,complete,289,Atlético CP,GD Chaves,N/A,14,1.43,1.50,1.04,1.57,0,1,1,0,0,0,"","90'1",4,4,2,0,0,0,1,1,0,0,8,6,5,4,3,2,18,15,43,57,0.00,0.00,0.00,0.00,2.67,52,69,62,22,15,52,86,38,68,10.54,6.97,2.84,3.10,2.81,0.00,0.00,0.00,0.00,0.00,0.00,Estádio Da Tapadinha
1446649200,Nov 04 2015 - 3:00pm,complete,878,Vitória Guimarães II,Academico Viseu,N/A,14,1.14,1.50,1.74,1.00,2,0,2,1,1,0,"12,48","",3,6,3,0,3,1,1,2,3,1,6,10,4,3,2,7,16,16,44,56,0.00,0.00,0.00,0.00,1.62,24,40,31,16,7,16,45,32,48,8.88,7.14,2.53,3.13,3.17,0.00,0.00,0.00,0.00,0.00,0.00,Estádio Dom Afonso Henriques
1446649200,Nov 04 2015 - 3:00pm,complete,398,UD Oliveirense,Sporting CP II,N/A,14,0.43,2.17,0.74,1.09,1,2,3,1,1,0,"24","64,82",9,8,2,0,2,0,0,2,0,2,8,13,2,7,6,6,16,11,48,52,0.00,0.00,0.00,0.00,2.42,47,70,47,24,9,31,47,40,77,8.62,4.93,3.96,3.29,2.11,0.00,0.00,0.00,0.00,0.00,0.00,Estádio Carlos Osório (Oliveira de Azeméis)
1446649200,Nov 04 2015 - 3:00pm,complete,301,Clube Oriental de Lisboa,Santa Clara,N/A,14,0.17,1.43,0.91,0.74,2,0,2,2,2,0,"30,37","",7,8,1,0,2,0,0,1,1,1,12,14,4,4,8,10,12,11,47,53,0.00,0.00,0.00,0.00,2.79,48,65,56,32,9,24,63,49,79,10.90,4.96,2.50,3.22,3.13,0.00,0.00,0.00,0.00,0.00,0.00,Campo Engenheiro Carlos Salema
1446649200,Nov 04 2015 - 3:00pm,complete,441,FC Penafiel,CD Aves,N/A,14,1.67,1.83,1.52,1.30,0,2,2,0,0,0,"","49,70",8,3,2,0,2,0,0,2,1,1,14,7,7,3,7,4,18,11,56,44,0.00,0.00,0.00,0.00,1.75,33,42,33,25,0,9,42,25,59,9.83,8.16,2.12,3.23,4.02,0.00,0.00,0.00,0.00,0.00,0.00,Estádio Municipal 25 de Abril
1446649200,Nov 04 2015 - 3:00pm,complete,559,Freamunde,CD Feirense,N/A,14,1.67,1.33,1.91,1.39,1,1,2,1,0,1,"46","9",5,5,1,1,3,1,1,1,1,3,11,5,7,2,4,3,14,19,45,55,0.00,0.00,0.00,0.00,2.34,75,83,50,9,0,33,67,34,75,9.16,6.00,2.08,3.32,4.03,0.00,0.00,0.00,0.00,0.00,0.00,Complexo Desportivo do SC Freamunde
1446649200,Nov 04 2015 - 3:00pm,complete,248,Porto II,Gil Vicente,N/A,14,2.17,0.50,2.22,0.87,4,2,6,2,2,0,"4,34,49,83","82,90'2",5,9,2,0,3,0,1,1,1,2,8,9,7,6,1,3,18,19,54,46,0.00,0.00,0.00,0.00,2.67,50,75,67,25,0,34,67,50,75,8.66,5.66,1.97,3.58,4.10,0.00,0.00,0.00,0.00,0.00,0.00,Estádio Dr. Jorge Sampaio
1446656400,Nov 04 2015 - 5:00pm,complete,344,Benfica II,Portimonense,N/A,14,2.00,2.14,1.57,1.70,3,2,5,3,2,1,"25,34,88","16,47",5,8,4,0,2,0,0,4,0,2,6,12,0,4,6,8,15,12,48,52,0.00,0.00,0.00,0.00,2.49,67,75,52,15,7,9,85,52,75,9.71,5.60,2.47,3.40,3.02,0.00,0.00,0.00,0.00,0.00,0.00,Caixa Futebol Campus
1446660000,Nov 04 2015 - 6:00pm,complete,766,Varzim,Sporting Braga II,N/A,14,2.14,1.33,1.83,1.17,1,1,2,1,0,1,"54","5",5,3,4,0,3,0,1,3,1,2,4,10,3,4,1,6,15,13,58,42,0.00,0.00,0.00,0.00,2.65,55,62,54,32,17,40,55,38,85,10.93,5.17,1.94,3.44,4.44,0.00,0.00,0.00,0.00,0.00,0.00,Estádio Varzim Sport Club
1446913800,Nov 07 2015 - 4:30pm,complete,821,Gil Vicente,Varzim,N/A,15,2.14,0.33,1.83,1.00,1,1,2,1,0,1,"58","24",8,7,2,0,5,0,1,1,2,3,18,11,11,6,7,5,18,19,51,49,0.00,0.00,0.00,0.00,2.63,47,69,47,40,9,17,75,55,77,12.62,5.50,2.08,3.38,3.95,0.00,0.00,0.00,0.00,0.00,0.00,Estádio Cidade de Barcelos
1446981300,Nov 08 2015 - 11:15am,complete,691,Academico Viseu,Porto II,N/A,15,1.57,2.00,1.43,1.52,1,3,4,1,1,0,"4","50,54,77",2,6,3,0,2,0,2,1,1,1,6,9,4,0,2,9,15,9,40,60,0.00,0.00,0.00,0.00,2.64,50,72,36,29,22,29,71,50,72,12.43,6.00,3.15,3.29,2.45,0.00,0.00,0.00,0.00,0.00,0.00,Estádio Municipal do Fontelo
1446984000,Nov 08 2015 - 12:00pm,complete,1062,Santa Clara,Benfica II,N/A,15,0.67,0.71,1.74,0.83,2,0,2,1,1,0,"35,64","",-1,-1,3,0,4,1,3,0,2,3,-1,-1,-1,-1,-1,-1,-1,-1,-1,-1,0.00,0.00,0.00,0.00,2.85,61,85,47,31,23,47,77,40,69,11.90,6.90,2.94,3.28,2.60,0.00,0.00,0.00,0.00,0.00,0.00,Estádio de São Miguel (Ponta Delgada- Ilha de São Miguel- Açores)
1446994800,Nov 08 2015 - 3:00pm,complete,1717,CD Aves,Famalicão,N/A,15,1.14,1.43,1.61,1.57,2,0,2,0,0,0,"64,88","",4,11,3,0,2,0,3,0,1,1,10,9,4,2,6,7,20,19,49,51,0.00,0.00,0.00,0.00,2.07,50,57,43,22,7,14,29,29,79,9.57,6.43,2.39,3.18,3.36,0.00,0.00,0.00,0.00,0.00,0.00,Estádio Clube Desportivo das Aves
1446994800,Nov 08 2015 - 3:00pm,complete,520,Sporting Braga II,Freamunde,N/A,15,1.57,1.14,1.30,1.30,0,1,1,1,0,1,"","35",5,3,5,0,4,0,1,4,2,2,11,4,7,0,4,4,15,16,55,45,0.00,0.00,0.00,0.00,1.36,22,29,14,7,7,15,57,7,43,8.86,7.43,2.70,3.12,2.95,0.00,0.00,0.00,0.00,0.00,0.00,Estádio 1º de Maio
1446994800,Nov 08 2015 - 3:00pm,complete,1669,GD Chaves,UD Oliveirense,N/A,15,1.57,0.83,1.96,0.52,1,1,2,0,0,0,"57","69",9,2,2,0,4,0,0,2,2,2,18,10,8,6,10,4,10,15,67,33,0.00,0.00,0.00,0.00,2.17,38,62,38,31,0,40,70,23,55,12.64,6.81,1.41,4.64,9.68,0.00,0.00,0.00,0.00,0.00,0.00,Estádio Municipal Eng. Manuel Branco Teixeira
1446994800,Nov 08 2015 - 3:00pm,complete,222,Sporting Covilhã,Clube Oriental de Lisboa,N/A,15,0.67,1.14,1.35,0.87,1,0,1,0,0,0,"79","",13,4,1,0,3,0,1,0,1,2,14,3,8,0,6,3,8,14,54,46,0.00,0.00,0.00,0.00,1.75,23,54,22,7,0,31,62,15,54,8.96,5.67,1.90,3.44,4.70,0.00,0.00,0.00,0.00,0.00,0.00,Estádio Municipal José dos Santos Pinto
1446994800,Nov 08 2015 - 3:00pm,complete,829,Farense,Vitória Guimarães II,N/A,15,1.67,1.50,1.70,0.87,2,0,2,2,2,0,"29,36","",1,2,2,0,1,0,0,2,1,0,10,6,3,4,7,2,23,16,51,49,0.00,0.00,0.00,0.00,2.75,50,59,33,25,25,33,58,42,84,8.00,6.33,2.41,3.21,3.30,0.00,0.00,0.00,0.00,0.00,0.00,Estádio de São Lúis
1446994800,Nov 08 2015 - 3:00pm,complete,876,CD Feirense,SC Olhanense,N/A,15,1.71,0.67,2.00,1.04,1,0,1,0,0,0,"84","",7,5,2,0,5,0,0,2,2,3,12,4,4,2,8,2,18,20,62,38,0.00,0.00,0.00,0.00,2.44,52,68,54,31,0,23,85,40,68,9.81,5.83,1.65,3.71,6.41,0.00,0.00,0.00,0.00,0.00,0.00,Estádio Marcolino de Castro
1446994800,Nov 08 2015 - 3:00pm,complete,400,CD Mafra,Atlético CP,N/A,15,1.33,1.83,1.52,1.17,0,0,0,0,0,0,"","",3,2,2,0,2,0,0,2,0,2,8,8,5,0,3,8,14,19,57,43,0.00,0.00,0.00,0.00,1.25,25,34,17,0,0,17,58,17,25,6.67,6.33,3.08,3.15,2.58,0.00,0.00,0.00,0.00,0.00,0.00,Estádio Municipal de Mafra
1446994800,Nov 08 2015 - 3:00pm,complete,623,Portimonense,Leixões,N/A,15,1.33,0.29,1.70,1.13,1,1,2,2,1,1,"1","41",7,6,2,0,4,0,0,2,1,3,17,8,8,5,9,3,10,17,56,44,0.00,0.00,0.00,0.00,2.25,47,70,47,16,0,45,62,17,86,9.93,6.50,1.61,3.88,6.70,0.00,0.00,0.00,0.00,0.00,0.00,Estádio do Portimonense SC (Portimão)
1446994800,Nov 08 2015 - 3:00pm,complete,401,Sporting CP II,FC Penafiel,N/A,15,1.29,1.29,1.74,1.13,4,2,6,2,2,0,"5,20,59,76","68,74",2,15,4,0,3,0,2,2,2,1,9,11,6,6,3,5,18,13,41,59,0.00,0.00,0.00,0.00,2.14,50,50,43,29,7,22,79,22,57,10.86,7.00,2.08,3.34,4.01,0.00,0.00,0.00,0.00,0.00,0.00,CGD Stadium Aurélio Pereira
1447513200,Nov 14 2015 - 3:00pm,complete,788,Leixões,Farense,N/A,14,1.33,1.00,1.26,0.74,1,1,2,0,0,0,"90'2","75",7,4,3,0,2,0,2,1,1,1,9,12,5,6,4,6,11,16,56,44,0.00,0.00,0.00,0.00,2.40,62,77,38,16,9,30,54,48,70,9.74,5.04,2.63,3.20,2.96,0.00,0.00,0.00,0.00,0.00,0.00,Estádio do Mar
1447516800,Nov 14 2015 - 4:00pm,complete,435,SC Olhanense,CD Mafra,N/A,14,1.71,1.14,1.96,0.83,2,1,3,2,2,0,"10,14","64",1,6,5,0,4,0,1,4,2,2,7,13,4,8,3,5,14,17,44,56,0.00,0.00,0.00,0.00,1.93,43,71,22,7,0,22,71,29,71,5.14,6.72,2.06,3.25,4.21,0.00,0.00,0.00,0.00,0.00,0.00,Estádio José Arcanjo
1447599600,Nov 15 2015 - 3:00pm,complete,927,Freamunde,Portimonense,N/A,16,1.57,1.88,1.91,1.70,1,1,2,2,1,1,"9","32",7,10,3,1,5,1,1,3,3,3,13,14,7,7,6,7,14,10,58,42,0.00,0.00,0.00,0.00,2.91,86,93,66,19,13,21,73,59,93,11.27,4.95,2.43,3.26,3.20,0.00,0.00,0.00,0.00,0.00,0.00,Complexo Desportivo do SC Freamunde
1447599600,Nov 15 2015 - 3:00pm,complete,1952,Varzim,CD Aves,N/A,16,2.00,2.00,1.83,1.30,1,0,1,0,0,0,"60","",7,4,4,1,7,0,1,4,2,5,7,12,5,5,2,7,23,15,57,43,0.00,0.00,0.00,0.00,2.06,40,60,40,14,0,13,47,41,80,11.68,7.13,2.33,3.19,3.48,0.00,0.00,0.00,0.00,0.00,0.00,Estádio Varzim Sport Club
1447603200,Nov 15 2015 - 4:00pm,complete,2850,Famalicão,Sporting Covilhã,N/A,14,1.50,1.43,1.57,1.17,1,1,2,2,1,1,"36","28",5,7,4,0,5,0,1,3,1,4,11,7,9,6,2,1,17,19,48,52,0.00,0.00,0.00,0.00,2.93,69,77,54,38,17,24,77,54,84,12.54,7.40,2.01,3.31,4.35,0.00,0.00,0.00,0.00,0.00,0.00,Estádio Municipal 22 de Junho
1448118000,Nov 21 2015 - 3:00pm,complete,465,UD Oliveirense,Academico Viseu,N/A,16,0.38,1.29,0.74,1.00,0,2,2,0,0,0,"","70,78",9,5,2,1,1,0,0,3,1,0,6,12,2,4,4,8,14,14,46,54,0.00,0.00,0.00,0.00,1.92,40,60,40,14,0,20,47,41,73,10.18,6.38,3.21,3.13,2.50,0.00,0.00,0.00,0.00,0.00,0.00,Estádio Carlos Osório (Oliveira de Azeméis)
1448118000,Nov 21 2015 - 3:00pm,complete,360,SC Olhanense,Sporting Braga II,N/A,16,1.88,1.29,1.96,1.17,2,0,2,0,0,0,"47,84","",9,6,1,0,3,0,0,1,1,2,6,10,3,8,3,2,4,11,45,55,0.00,0.00,0.00,0.00,2.50,61,73,41,28,15,41,73,27,81,6.67,5.79,2.45,3.10,3.34,0.00,0.00,0.00,0.00,0.00,0.00,Estádio José Arcanjo
1448118000,Nov 21 2015 - 3:00pm,complete,288,CD Mafra,Vitória Guimarães II,N/A,17,1.29,1.29,1.52,0.87,1,1,2,0,0,0,"77","66",9,3,1,0,1,0,0,1,0,1,18,6,5,3,13,3,16,13,55,45,0.00,0.00,0.00,0.00,2.15,36,50,29,15,15,29,36,36,65,7.29,5.71,2.55,3.08,3.18,0.00,0.00,0.00,0.00,0.00,0.00,Estádio Municipal de Mafra
1448118000,Nov 21 2015 - 3:00pm,complete,702,Freamunde,Santa Clara,N/A,18,1.50,1.25,1.91,0.74,2,1,3,1,1,0,"35,90'2","59",4,2,0,0,2,0,0,0,0,2,7,3,5,0,2,3,12,12,56,44,0.00,0.00,0.00,0.00,2.01,50,63,38,7,0,32,57,26,63,11.25,5.00,2.05,3.22,4.32,0.00,0.00,0.00,0.00,0.00,0.00,Complexo Desportivo do SC Freamunde
1448204400,Nov 22 2015 - 3:00pm,complete,1007,Leixões,Sporting Covilhã,N/A,16,1.29,1.38,1.26,1.17,2,2,4,0,0,0,"60,80","90,90'3",6,9,3,0,1,0,2,1,0,1,10,14,6,5,4,9,7,10,54,46,0.00,0.00,0.00,0.00,2.59,73,87,40,26,7,20,59,61,87,10.43,6.18,2.77,3.15,2.84,0.00,0.00,0.00,0.00,0.00,0.00,Estádio do Mar
1448384400,Nov 24 2015 - 5:00pm,complete,359,Benfica II,Clube Oriental de Lisboa,N/A,16,2.14,1.00,1.57,0.87,2,1,3,0,0,0,"51,75","68",10,2,3,0,2,0,3,0,1,1,8,15,4,3,4,12,15,19,55,45,0.00,0.00,0.00,0.00,2.09,34,54,41,14,7,27,68,34,60,9.25,6.29,1.63,4.00,6.03,0.00,0.00,0.00,0.00,0.00,0.00,Caixa Futebol Campus
1448463600,Nov 25 2015 - 3:00pm,complete,121,Atlético CP,Gil Vicente,N/A,16,1.25,0.43,1.04,0.87,0,1,1,0,0,0,"","90'1",7,1,3,0,4,1,0,3,3,2,10,3,4,2,6,1,26,14,50,50,0.00,0.00,0.00,0.00,2.59,46,60,47,26,20,46,60,41,80,8.77,6.29,2.33,3.17,3.50,0.00,0.00,0.00,0.00,0.00,0.00,Estádio Da Tapadinha
1448463600,Nov 25 2015 - 3:00pm,complete,1306,GD Chaves,Sporting CP II,N/A,16,1.50,2.29,1.96,1.09,1,0,1,0,0,0,"58","",4,2,2,1,3,0,1,2,1,2,13,10,6,6,7,4,14,10,55,45,0.00,0.00,0.00,0.00,2.43,54,75,48,27,7,27,54,48,68,12.25,4.56,1.99,3.44,4.24,0.00,0.00,0.00,0.00,0.00,0.00,Estádio Municipal Eng. Manuel Branco Teixeira
1448463600,Nov 25 2015 - 3:00pm,complete,705,Vitória Guimarães II,CD Feirense,N/A,16,1.38,1.29,1.74,1.39,0,1,1,0,0,0,"","64",1,4,2,1,3,0,0,3,1,2,3,10,2,3,1,7,20,12,49,51,0.00,0.00,0.00,0.00,1.89,50,62,27,14,7,21,75,14,55,7.64,6.84,2.60,3.09,3.11,0.00,0.00,0.00,0.00,0.00,0.00,Estádio Dom Afonso Henriques
1448463600,Nov 25 2015 - 3:00pm,complete,273,Porto II,CD Mafra,N/A,16,2.29,1.00,2.22,0.83,2,0,2,0,0,0,"62,87","",8,6,3,0,1,0,0,3,0,1,7,14,6,10,1,4,12,13,59,41,0.00,0.00,0.00,0.00,2.93,68,88,63,29,7,41,81,48,81,8.29,5.79,1.50,4.39,7.43,0.00,0.00,0.00,0.00,0.00,0.00,Estádio Dr. Jorge Sampaio
1448467200,Nov 25 2015 - 4:00pm,complete,2102,Famalicão,Santa Clara,N/A,16,1.43,1.11,1.57,0.74,2,0,2,2,2,0,"3,15","",3,6,2,0,4,0,1,1,1,3,12,7,4,6,8,1,23,25,43,57,0.00,0.00,0.00,0.00,2.32,52,58,38,20,15,33,71,33,57,12.10,6.08,1.85,3.47,4.92,0.00,0.00,0.00,0.00,0.00,0.00,Estádio Municipal 22 de Junho
1448470800,Nov 25 2015 - 5:00pm,complete,361,FC Penafiel,Farense,N/A,16,1.43,1.00,1.52,0.74,0,0,0,0,0,0,"","",8,3,2,0,3,0,0,2,0,3,6,8,3,2,3,6,16,21,53,47,0.00,0.00,0.00,0.00,1.98,46,59,34,21,0,26,40,34,60,9.07,6.20,1.83,3.51,5.06,0.00,0.00,0.00,0.00,0.00,0.00,Estádio Municipal 25 de Abril
1448722800,Nov 28 2015 - 3:00pm,complete,589,CD Aves,UD Oliveirense,N/A,17,1.38,0.86,1.61,0.52,1,1,2,0,0,0,"58","54",7,6,2,0,3,0,1,1,2,1,7,6,5,5,2,1,12,19,59,41,0.00,0.00,0.00,0.00,2.15,41,61,27,27,7,28,48,27,80,9.02,7.95,1.64,3.84,6.22,0.00,0.00,0.00,0.00,0.00,0.00,Estádio Clube Desportivo das Aves
1448726400,Nov 28 2015 - 4:00pm,complete,874,Gil Vicente,Sporting CP II,N/A,17,2.00,2.00,1.83,1.09,1,1,2,0,0,0,"65","58",5,5,4,1,4,0,1,4,2,2,9,13,5,7,4,6,11,14,41,59,0.00,0.00,0.00,0.00,2.51,50,75,44,25,7,13,75,44,82,10.25,4.50,2.36,3.34,3.25,0.00,0.00,0.00,0.00,0.00,0.00,Estádio Cidade de Barcelos
1448726400,Nov 28 2015 - 4:00pm,complete,1214,Portimonense,SC Olhanense,N/A,17,1.29,0.57,1.70,1.04,1,0,1,0,0,0,"73","",13,1,2,0,2,0,1,1,0,2,14,8,8,3,6,5,20,10,56,44,0.00,0.00,0.00,0.00,2.22,43,65,43,22,0,29,71,36,72,9.57,5.57,1.83,3.54,4.99,0.00,0.00,0.00,0.00,0.00,0.00,Estádio do Portimonense SC (Portimão)
1448795700,Nov 29 2015 - 11:15am,complete,235,Sporting Covilhã,Porto II,N/A,17,1.00,2.13,1.35,1.52,0,0,0,0,0,0,"","",3,4,1,0,2,0,0,1,1,1,13,9,6,5,7,4,18,14,39,61,0.00,0.00,0.00,0.00,2.34,39,66,32,25,13,27,66,38,73,11.99,5.81,3.35,3.43,2.27,0.00,0.00,0.00,0.00,0.00,0.00,Estádio Municipal José dos Santos Pinto
1448798400,Nov 29 2015 - 12:00pm,complete,462,Santa Clara,Leixões,N/A,17,1.00,0.38,1.74,1.13,2,0,2,1,1,0,"28,87","",2,3,2,0,3,0,1,1,0,3,4,7,4,3,0,4,21,12,47,53,0.00,0.00,0.00,0.00,2.36,47,75,41,21,7,53,67,22,67,10.96,7.29,2.06,3.32,4.10,0.00,0.00,0.00,0.00,0.00,0.00,Estádio de São Miguel (Ponta Delgada- Ilha de São Miguel- Açores)
1448809200,Nov 29 2015 - 3:00pm,complete,328,Sporting Braga II,Atlético CP,N/A,17,1.38,1.71,1.30,1.17,0,0,0,0,0,0,"","",7,2,4,0,2,0,2,2,2,0,13,6,6,2,7,4,17,9,60,40,0.00,0.00,0.00,0.00,1.18,20,20,7,7,7,7,73,7,19,7.00,6.67,2.13,3.26,3.93,0.00,0.00,0.00,0.00,0.00,0.00,Estádio 1º de Maio
1448809200,Nov 29 2015 - 3:00pm,complete,918,Academico Viseu,GD Chaves,N/A,17,1.38,1.71,1.43,1.57,1,1,2,1,0,1,"84","30",8,6,3,0,4,2,2,1,3,3,12,3,4,2,8,1,11,20,58,42,0.00,0.00,0.00,0.00,2.26,40,60,41,13,7,27,81,34,60,11.32,5.79,2.99,3.20,2.61,0.00,0.00,0.00,0.00,0.00,0.00,Estádio Municipal do Fontelo
1448809200,Nov 29 2015 - 3:00pm,complete,420,Clube Oriental de Lisboa,Freamunde,N/A,17,0.57,1.38,0.91,1.30,2,1,3,1,1,0,"18,80","56",1,12,0,0,0,0,0,0,0,0,5,15,0,6,5,9,12,13,45,55,0.00,0.00,0.00,0.00,2.42,35,63,42,22,7,34,68,36,62,11.18,6.68,3.25,3.15,2.47,0.00,0.00,0.00,0.00,0.00,0.00,Campo Engenheiro Carlos Salema
1448812800,Nov 29 2015 - 4:00pm,complete,713,Benfica II,Famalicão,N/A,17,2.25,1.25,1.57,1.57,1,3,4,3,1,2,"31","1,16,55",9,1,2,0,1,0,1,1,1,0,13,6,7,2,6,4,5,17,67,33,0.00,0.00,0.00,0.00,2.26,50,69,50,13,7,19,50,50,69,11.01,6.13,2.12,3.42,3.76,0.00,0.00,0.00,0.00,0.00,0.00,Caixa Futebol Campus
1448812800,Nov 29 2015 - 4:00pm,complete,915,Farense,Varzim,N/A,17,1.86,0.43,1.70,1.00,0,0,0,0,0,0,"","",3,4,2,0,3,1,1,1,3,1,17,12,6,7,11,5,16,16,45,55,0.00,0.00,0.00,0.00,2.50,50,71,36,29,14,36,72,43,72,9.86,6.57,2.31,3.29,3.41,0.00,0.00,0.00,0.00,0.00,0.00,Estádio de São Lúis
1448812800,Nov 29 2015 - 4:00pm,complete,830,CD Feirense,FC Penafiel,N/A,17,1.88,1.13,2.00,1.13,1,0,1,0,0,0,"88","",9,2,3,0,5,0,2,1,3,2,13,10,6,4,7,6,11,20,58,42,0.00,0.00,0.00,0.00,2.75,63,69,57,32,13,32,88,32,76,12.38,6.63,2.32,3.29,3.38,0.00,0.00,0.00,0.00,0.00,0.00,Estádio Marcolino de Castro
1449068400,Dec 02 2015 - 3:00pm,complete,201,Atlético CP,Sporting Covilhã,N/A,18,1.11,1.33,1.04,1.17,1,1,2,1,0,1,"61","31",3,2,3,1,2,0,0,4,0,2,11,15,5,8,6,7,24,21,56,44,0.00,0.00,0.00,0.00,2.73,67,73,50,39,11,39,62,45,89,10.33,6.44,2.53,3.10,3.20,0.00,0.00,0.00,0.00,0.00,0.00,Estádio Da Tapadinha
1449068400,Dec 02 2015 - 3:00pm,complete,681,Vitória Guimarães II,Portimonense,N/A,18,1.22,1.78,1.74,1.70,0,1,1,0,0,0,"","87",3,3,2,0,2,0,0,2,1,1,9,13,3,6,6,7,13,22,48,52,0.00,0.00,0.00,0.00,2.39,56,67,45,22,17,17,73,39,67,9.78,6.00,3.04,3.19,2.58,0.00,0.00,0.00,0.00,0.00,0.00,Estádio Dom Afonso Henriques
1449068400,Dec 02 2015 - 3:00pm,complete,300,SC Olhanense,Clube Oriental de Lisboa,N/A,18,2.00,0.89,1.96,0.87,1,0,1,0,0,0,"73","",4,4,1,0,3,2,1,0,1,4,10,9,4,3,6,6,9,14,54,46,0.00,0.00,0.00,0.00,2.06,39,67,39,11,0,28,56,33,73,7.11,6.11,2.05,3.28,4.22,0.00,0.00,0.00,0.00,0.00,0.00,Estádio José Arcanjo
1449068400,Dec 02 2015 - 3:00pm,complete,270,Sporting CP II,Academico Viseu,N/A,18,1.50,1.50,1.74,1.00,4,2,6,3,2,1,"10,33,46,90","19,67",6,2,1,0,3,1,0,1,0,4,16,10,8,7,8,3,15,24,62,38,0.00,0.00,0.00,0.00,2.00,38,57,32,26,7,19,51,38,69,10.00,6.88,1.89,3.44,4.72,0.00,0.00,0.00,0.00,0.00,0.00,CGD Stadium Aurélio Pereira
1449068400,Dec 02 2015 - 3:00pm,complete,1154,GD Chaves,CD Aves,N/A,18,1.67,1.75,1.96,1.30,2,1,3,0,0,0,"60,82","54",4,7,3,1,5,0,2,2,1,4,10,10,5,3,5,7,15,17,51,49,0.00,0.00,0.00,0.00,1.82,35,53,29,18,0,11,41,36,66,13.03,6.60,1.74,3.52,5.80,0.00,0.00,0.00,0.00,0.00,0.00,Estádio Municipal Eng. Manuel Branco Teixeira
1449068400,Dec 02 2015 - 3:00pm,complete,742,Leixões,Benfica II,N/A,18,1.25,0.63,1.26,0.83,2,0,2,0,0,0,"58,87","",8,5,2,0,4,0,0,2,1,3,13,5,6,0,7,5,20,20,51,49,0.00,0.00,0.00,0.00,2.69,69,88,38,25,19,26,63,50,82,11.07,6.25,2.97,3.24,2.60,0.00,0.00,0.00,0.00,0.00,0.00,Estádio do Mar
1449068400,Dec 02 2015 - 3:00pm,complete,359,Porto II,Farense,N/A,18,2.38,1.00,2.22,0.74,4,3,7,2,0,2,"54,72,77,82","2,7,85",12,2,1,0,3,1,0,1,2,2,15,4,6,3,9,1,8,16,72,28,0.00,0.00,0.00,0.00,2.82,66,84,61,31,7,42,60,54,72,9.96,5.05,1.60,3.91,6.64,0.00,0.00,0.00,0.00,0.00,0.00,Estádio Dr. Jorge Sampaio
1449068400,Dec 02 2015 - 3:00pm,complete,487,UD Oliveirense,Gil Vicente,N/A,18,0.33,0.75,0.74,0.87,1,2,3,1,1,0,"32","63,90'1",3,2,4,0,4,0,0,4,2,2,8,12,3,5,5,7,18,20,45,55,0.00,0.00,0.00,0.00,2.18,35,59,41,12,7,24,47,41,77,9.86,5.94,3.28,3.22,2.41,0.00,0.00,0.00,0.00,0.00,0.00,Estádio Carlos Osório (Oliveira de Azeméis)
1449072000,Dec 02 2015 - 4:00pm,complete,2092,Famalicão,Sporting Braga II,N/A,18,1.63,1.13,1.57,1.17,1,2,3,2,1,1,"26","34,86",4,6,1,1,2,0,0,2,0,2,13,10,4,3,9,7,16,22,49,51,0.00,0.00,0.00,0.00,2.75,63,75,38,32,25,44,76,38,69,11.38,6.01,1.85,3.40,5.09,0.00,0.00,0.00,0.00,0.00,0.00,Estádio Municipal 22 de Junho
1449072000,Dec 02 2015 - 4:00pm,complete,391,FC Penafiel,CD Mafra,N/A,18,1.38,0.89,1.52,0.83,1,1,2,1,1,0,"14","62",2,7,4,2,2,0,1,5,2,0,14,13,6,5,8,8,12,20,50,50,0.00,0.00,0.00,0.00,1.75,35,58,24,13,0,18,46,29,64,8.33,6.60,1.88,3.34,5.06,0.00,0.00,0.00,0.00,0.00,0.00,Estádio Municipal 25 de Abril
1449079200,Dec 02 2015 - 6:00pm,complete,831,Varzim,CD Feirense,N/A,18,2.11,1.50,1.83,1.39,0,1,1,0,0,0,"","47",7,3,1,0,2,0,0,1,0,2,9,5,6,5,3,0,18,16,52,48,0.00,0.00,0.00,0.00,2.06,60,66,35,12,0,24,60,23,82,9.58,6.96,2.32,3.15,3.54,0.00,0.00,0.00,0.00,0.00,0.00,Estádio Varzim Sport Club
1449400500,Dec 06 2015 - 11:15am,complete,935,CD Feirense,Porto II,N/A,19,2.00,2.00,2.00,1.52,1,0,1,0,0,0,"76","",3,3,2,0,3,1,0,2,0,4,3,7,2,0,1,7,20,19,43,57,0.00,0.00,0.00,0.00,2.61,56,73,50,33,11,22,67,45,84,12.45,6.11,2.53,3.41,2.93,0.00,0.00,0.00,0.00,0.00,0.00,Estádio Marcolino de Castro
1449403200,Dec 06 2015 - 12:00pm,complete,356,Santa Clara,FC Penafiel,N/A,19,1.25,1.00,1.74,1.13,3,2,5,1,1,0,"45,58,90'1","54,75",3,4,4,0,4,0,1,3,2,2,6,5,4,3,2,2,21,22,58,42,0.00,0.00,0.00,0.00,2.71,47,72,47,29,18,36,82,36,71,11.38,7.02,2.59,3.14,3.08,0.00,0.00,0.00,0.00,0.00,0.00,Estádio de São Miguel (Ponta Delgada- Ilha de São Miguel- Açores)
1449414000,Dec 06 2015 - 3:00pm,complete,345,Sporting Braga II,Vitória Guimarães II,N/A,19,1.33,1.25,1.30,0.87,2,1,3,1,1,0,"2,56","77",2,8,2,0,2,0,0,2,1,1,13,11,6,6,7,5,14,8,48,52,0.00,0.00,0.00,0.00,2.11,36,43,18,18,18,19,53,31,61,8.08,6.19,0.00,0.00,0.00,0.00,0.00,0.00,0.00,0.00,0.00,Estádio 1º de Maio
1449414000,Dec 06 2015 - 3:00pm,complete,843,CD Aves,Academico Viseu,N/A,19,1.33,1.33,1.61,1.00,1,2,3,1,1,0,"5","70,90'1",7,5,3,0,5,1,0,3,1,5,9,6,7,2,2,4,20,15,51,49,0.00,0.00,0.00,0.00,2.11,39,62,28,22,11,17,33,45,84,9.33,7.00,2.28,3.21,3.58,0.00,0.00,0.00,0.00,0.00,0.00,Estádio Clube Desportivo das Aves
1449414000,Dec 06 2015 - 3:00pm,complete,300,Sporting Covilhã,Varzim,N/A,19,1.00,0.50,1.35,1.00,2,1,3,2,2,0,"12,33","61",4,4,3,0,4,1,1,2,2,3,6,11,3,3,3,8,18,15,40,60,0.00,0.00,0.00,0.00,1.82,32,51,19,19,7,25,50,25,63,11.63,6.00,2.21,3.23,3.72,0.00,0.00,0.00,0.00,0.00,0.00,Estádio Municipal José dos Santos Pinto
1449414000,Dec 06 2015 - 3:00pm,complete,991,Freamunde,Leixões,N/A,19,1.67,0.33,1.91,1.13,0,0,0,0,0,0,"","",9,5,2,0,3,0,1,1,0,3,11,11,5,6,6,5,24,19,62,38,0.00,0.00,0.00,0.00,2.22,61,78,45,6,0,45,67,22,73,10.44,6.33,1.74,3.53,5.80,0.00,0.00,0.00,0.00,0.00,0.00,Complexo Desportivo do SC Freamunde
1449414000,Dec 06 2015 - 3:00pm,complete,378,CD Mafra,UD Oliveirense,N/A,19,1.25,0.88,1.52,0.52,2,0,2,1,1,0,"42,53","",8,4,3,0,0,1,1,2,0,1,12,6,6,2,6,4,24,8,50,50,0.00,0.00,0.00,0.00,1.82,44,63,25,13,0,26,44,38,63,8.51,6.88,1.92,3.30,4.86,0.00,0.00,0.00,0.00,0.00,0.00,Estádio Municipal de Mafra
1449414000,Dec 06 2015 - 3:00pm,complete,1186,Gil Vicente,GD Chaves,N/A,19,1.89,1.63,1.83,1.57,1,1,2,1,0,1,"60","22",3,4,2,0,3,0,0,2,0,3,10,6,5,3,5,3,14,15,52,48,0.00,0.00,0.00,0.00,2.23,47,71,42,11,0,13,89,35,71,11.96,6.19,2.50,3.17,3.18,0.00,0.00,0.00,0.00,0.00,0.00,Estádio Cidade de Barcelos
1449414000,Dec 06 2015 - 3:00pm,complete,436,Clube Oriental de Lisboa,Famalicão,N/A,19,0.88,1.44,0.91,1.57,0,1,1,0,0,0,"","80",2,10,5,0,1,0,0,5,0,1,3,15,0,6,3,9,20,13,43,57,0.00,0.00,0.00,0.00,2.98,60,89,66,30,7,30,61,60,83,10.64,4.80,3.26,3.12,2.48,0.00,0.00,0.00,0.00,0.00,0.00,Campo Engenheiro Carlos Salema
1449417600,Dec 06 2015 - 4:00pm,complete,1620,Benfica II,Sporting CP II,N/A,19,2.00,1.89,1.57,1.09,1,0,1,0,0,0,"76","",6,3,2,0,2,0,0,2,0,2,15,16,7,5,8,11,16,13,48,52,0.00,0.00,0.00,0.00,2.56,56,73,50,22,11,28,61,50,78,9.89,5.78,2.37,3.45,3.14,0.00,0.00,0.00,0.00,0.00,0.00,Caixa Futebol Campus
1449417600,Dec 06 2015 - 4:00pm,complete,964,Portimonense,Atlético CP,N/A,19,1.50,1.63,1.70,1.17,1,2,3,0,0,0,"90'1","56,80",8,8,3,0,2,0,1,2,2,0,12,9,7,6,5,3,12,11,60,40,0.00,0.00,0.00,0.00,1.50,32,44,19,7,0,26,63,13,44,9.51,5.51,1.73,3.55,5.90,0.00,0.00,0.00,0.00,0.00,0.00,Estádio do Portimonense SC (Portimão)
1449424800,Dec 06 2015 - 6:00pm,complete,1500,Farense,SC Olhanense,N/A,19,1.75,0.50,1.70,1.04,1,2,3,0,0,0,"64","57,89",4,6,4,0,4,0,2,2,1,3,8,8,4,5,4,3,15,12,46,54,0.00,0.00,0.00,0.00,1.94,32,51,32,19,7,26,69,32,57,6.88,5.75,2.16,3.18,3.96,0.00,0.00,0.00,0.00,0.00,0.00,Estádio de São Lúis
1449673200,Dec 09 2015 - 3:00pm,complete,300,Sporting Braga II,Porto II,N/A,20,1.50,1.80,1.30,1.52,2,0,2,2,2,0,"7,43","",2,7,3,0,0,0,0,3,0,0,6,9,5,4,1,5,14,5,34,66,0.00,0.00,0.00,0.00,2.10,40,50,35,25,15,10,65,40,60,9.70,6.60,0.00,0.00,0.00,0.00,0.00,0.00,0.00,0.00,0.00,Estádio 1º de Maio
1449673200,Dec 09 2015 - 3:00pm,complete,180,Atlético CP,Farense,N/A,20,1.10,0.90,1.04,0.74,0,1,1,0,0,0,"","89",11,3,3,0,2,0,0,3,1,1,13,4,8,2,5,2,12,16,49,51,0.00,0.00,0.00,0.00,2.50,60,65,40,25,15,45,55,35,75,8.80,6.00,2.26,3.18,3.66,0.00,0.00,0.00,0.00,0.00,0.00,Estádio Da Tapadinha
1449673200,Dec 09 2015 - 3:00pm,complete,1505,GD Chaves,CD Mafra,N/A,20,1.80,0.90,1.96,0.83,1,0,1,1,1,0,"30","",5,10,2,0,3,0,1,1,0,3,9,8,3,4,6,4,16,21,52,48,0.00,0.00,0.00,0.00,2.00,50,70,30,10,0,20,55,35,70,11.10,5.60,1.52,4.09,7.85,0.00,0.00,0.00,0.00,0.00,0.00,Estádio Municipal Eng. Manuel Branco Teixeira
1449673200,Dec 09 2015 - 3:00pm,complete,599,Leixões,Clube Oriental de Lisboa,N/A,20,1.44,0.80,1.26,0.87,3,3,6,3,1,2,"22,54,76","34,38,82",5,4,5,0,5,2,3,2,2,5,9,4,8,4,1,0,19,18,54,46,0.00,0.00,0.00,0.00,2.23,49,70,37,16,6,16,37,54,80,9.78,5.64,2.03,3.35,4.18,0.00,0.00,0.00,0.00,0.00,0.00,Estádio do Mar
1449673200,Dec 09 2015 - 3:00pm,complete,358,FC Penafiel,Portimonense,N/A,20,1.33,1.90,1.52,1.70,1,1,2,2,1,1,"36","24",7,4,4,0,2,0,1,3,1,1,7,14,4,2,3,12,19,12,45,55,0.00,0.00,0.00,0.00,2.28,62,67,41,26,10,16,57,41,73,10.07,6.58,2.53,3.24,3.06,0.00,0.00,0.00,0.00,0.00,0.00,Estádio Municipal 25 de Abril
1449673200,Dec 09 2015 - 3:00pm,complete,958,Vitória Guimarães II,Benfica II,N/A,20,1.10,0.56,1.74,0.83,3,0,3,2,2,0,"22,28,90","",3,8,2,0,2,0,1,1,1,1,10,12,6,5,4,7,17,10,41,59,0.00,0.00,0.00,0.00,2.09,33,60,27,16,16,22,64,22,64,9.50,6.78,2.88,3.24,2.67,0.00,0.00,0.00,0.00,0.00,0.00,Estádio Dom Afonso Henriques
1449673200,Dec 09 2015 - 3:00pm,complete,400,Sporting CP II,CD Aves,N/A,20,1.67,1.56,1.74,1.30,1,0,1,1,1,0,"25","",3,11,4,0,4,0,1,3,1,3,5,19,3,7,2,12,19,13,55,45,0.00,0.00,0.00,0.00,2.28,45,56,39,28,11,17,50,39,73,11.00,7.44,1.89,3.53,4.57,0.00,0.00,0.00,0.00,0.00,0.00,CGD Stadium Aurélio Pereira
1449673200,Dec 09 2015 - 3:00pm,complete,279,SC Olhanense,Sporting Covilhã,N/A,20,2.10,1.30,1.96,1.17,2,1,3,2,1,1,"35,61","20",5,6,2,0,4,2,0,2,3,3,7,11,2,6,5,5,13,12,54,46,0.00,0.00,0.00,0.00,2.40,60,80,40,25,0,25,65,40,85,8.30,6.30,2.66,3.09,3.02,0.00,0.00,0.00,0.00,0.00,0.00,Estádio José Arcanjo
1449673200,Dec 09 2015 - 3:00pm,complete,500,UD Oliveirense,CD Feirense,N/A,20,0.30,1.67,0.74,1.39,3,2,5,3,2,1,"37,45,88","28,90'2",2,9,4,0,3,1,2,2,3,1,4,13,2,5,2,8,14,8,39,61,0.00,0.00,0.00,0.00,2.05,59,69,36,11,0,21,59,31,79,9.02,6.04,3.62,3.21,2.26,0.00,0.00,0.00,0.00,0.00,0.00,Estádio Carlos Osório (Oliveira de Azeméis)
1449673200,Dec 09 2015 - 3:00pm,complete,383,Academico Viseu,Gil Vicente,N/A,20,1.33,1.00,1.43,0.87,1,1,2,1,1,0,"18","84",3,7,2,0,2,0,2,0,0,2,11,13,4,5,7,8,16,13,43,57,0.00,0.00,0.00,0.00,2.33,45,62,33,17,11,22,67,39,73,9.56,6.12,2.32,3.16,3.53,0.00,0.00,0.00,0.00,0.00,0.00,Estádio Municipal do Fontelo
1449676800,Dec 09 2015 - 4:00pm,complete,1874,Famalicão,Freamunde,N/A,20,1.44,1.22,1.57,1.30,1,3,4,1,0,1,"59","41,72,86",6,4,1,1,4,0,0,2,1,3,12,6,7,4,5,2,15,17,52,48,0.00,0.00,0.00,0.00,2.06,45,56,33,11,11,39,73,22,50,12.12,7.34,2.35,3.16,3.47,0.00,0.00,0.00,0.00,0.00,0.00,Estádio Municipal 22 de Junho
1449684000,Dec 09 2015 - 6:00pm,complete,614,Varzim,Santa Clara,N/A,20,1.90,1.00,1.83,0.74,1,1,2,0,0,0,"84","48",7,1,2,0,6,1,2,0,3,4,16,7,10,2,6,5,17,15,72,28,0.00,0.00,0.00,0.00,1.90,35,50,35,10,0,25,50,25,70,11.20,5.50,2.10,3.20,4.13,0.00,0.00,0.00,0.00,0.00,0.00,Estádio Varzim Sport Club
1450005300,Dec 13 2015 - 11:15am,complete,396,Gil Vicente,CD Aves,N/A,21,1.80,1.40,1.83,1.30,1,0,1,1,1,0,"8","",3,6,1,0,1,1,0,1,0,2,6,14,3,5,3,9,14,17,47,53,0.00,0.00,0.00,0.00,2.05,45,65,30,15,0,0,65,40,75,12.00,6.80,2.11,3.20,4.11,0.00,0.00,0.00,0.00,0.00,0.00,Estádio Cidade de Barcelos
1450018800,Dec 13 2015 - 3:00pm,complete,333,Benfica II,Sporting Braga II,N/A,21,2.10,1.33,1.57,1.17,1,1,2,1,1,0,"1","49",6,5,4,0,3,0,2,2,1,2,9,8,6,3,3,5,7,15,57,43,0.00,0.00,0.00,0.00,2.59,59,69,47,27,16,37,69,37,80,10.67,5.33,2.17,3.36,3.69,0.00,0.00,0.00,0.00,0.00,0.00,Caixa Futebol Campus
1450018800,Dec 13 2015 - 3:00pm,complete,129,Sporting Covilhã,Vitória Guimarães II,N/A,21,1.22,1.11,1.35,0.87,0,1,1,1,0,1,"","38",8,3,4,0,4,0,0,4,1,3,18,7,11,4,7,3,12,25,53,47,0.00,0.00,0.00,0.00,2.17,39,56,22,11,11,33,50,28,73,9.55,5.00,2.06,3.28,4.15,0.00,0.00,0.00,0.00,0.00,0.00,Estádio Municipal José dos Santos Pinto
1450018800,Dec 13 2015 - 3:00pm,complete,2132,Famalicão,Leixões,N/A,21,1.30,0.40,1.57,1.13,3,0,3,1,1,0,"41,47,61","",7,4,4,0,5,1,2,2,3,3,9,8,4,2,5,6,22,21,55,45,0.00,0.00,0.00,0.00,2.35,55,70,40,20,10,50,75,20,60,11.00,7.30,1.83,3.54,4.99,0.00,0.00,0.00,0.00,0.00,0.00,Estádio Municipal 22 de Junho
1450018800,Dec 13 2015 - 3:00pm,complete,725,Freamunde,SC Olhanense,N/A,21,1.60,0.78,1.91,1.04,3,1,4,1,0,1,"54,60,82","3",6,2,0,0,0,0,0,0,0,0,13,9,4,4,9,5,16,14,62,38,0.00,0.00,0.00,0.00,2.10,52,62,47,11,0,21,58,42,69,10.08,5.51,1.95,3.32,4.61,0.00,0.00,0.00,0.00,0.00,0.00,Complexo Desportivo do SC Freamunde
1450018800,Dec 13 2015 - 3:00pm,complete,326,CD Mafra,Varzim,N/A,21,1.44,0.44,1.52,1.00,1,1,2,1,1,0,"11","67",5,3,2,1,1,0,3,0,0,1,6,5,3,2,3,3,21,15,32,68,0.00,0.00,0.00,0.00,1.94,45,62,33,17,6,22,45,39,67,10.45,6.45,2.37,3.09,3.51,0.00,0.00,0.00,0.00,0.00,0.00,Estádio Municipal de Mafra
1450018800,Dec 13 2015 - 3:00pm,complete,200,Clube Oriental de Lisboa,FC Penafiel,N/A,21,0.78,0.90,0.91,1.13,0,1,1,1,0,1,"","37",4,5,0,1,2,0,0,1,1,1,8,8,2,2,6,6,22,13,54,46,0.00,0.00,0.00,0.00,3.17,58,75,64,37,21,32,84,54,80,10.83,6.34,2.99,3.19,2.61,0.00,0.00,0.00,0.00,0.00,0.00,Campo Engenheiro Carlos Salema
1450018800,Dec 13 2015 - 3:00pm,complete,809,Farense,GD Chaves,N/A,21,1.56,1.56,1.70,1.57,1,1,2,0,0,0,"82","70",3,9,3,0,2,0,1,2,0,2,9,10,0,6,9,4,16,10,43,57,0.00,0.00,0.00,0.00,2.11,44,67,39,6,6,28,78,28,62,8.88,6.56,3.12,3.09,2.59,0.00,0.00,0.00,0.00,0.00,0.00,Estádio de São Lúis
1450018800,Dec 13 2015 - 3:00pm,complete,836,Portimonense,UD Oliveirense,N/A,21,1.33,0.78,1.70,0.52,1,2,3,1,1,0,"9","55,86",5,6,2,1,4,0,2,1,0,4,17,10,6,4,11,6,11,15,51,49,0.00,0.00,0.00,0.00,2.28,50,78,33,17,0,33,62,33,84,11.11,6.55,1.52,4.24,7.36,0.00,0.00,0.00,0.00,0.00,0.00,Estádio do Portimonense SC (Portimão)
1450022400,Dec 13 2015 - 4:00pm,complete,460,Santa Clara,Atlético CP,N/A,21,1.44,1.78,1.74,1.17,2,2,4,1,0,1,"70,79","36,52",4,3,1,1,4,2,0,2,0,6,9,7,5,0,4,7,9,22,65,35,0.00,0.00,0.00,0.00,1.95,33,56,28,17,11,22,67,28,45,8.82,6.22,2.19,3.13,3.92,0.00,0.00,0.00,0.00,0.00,0.00,Estádio de São Miguel (Ponta Delgada- Ilha de São Miguel- Açores)
1450022400,Dec 13 2015 - 4:00pm,complete,809,CD Feirense,Academico Viseu,N/A,21,2.10,1.50,2.00,1.00,2,0,2,0,0,0,"62,85","",3,3,3,0,6,0,2,1,2,4,5,6,3,2,2,4,10,19,55,45,0.00,0.00,0.00,0.00,2.25,45,65,40,20,5,20,55,40,85,10.50,6.80,1.98,3.33,4.45,0.00,0.00,0.00,0.00,0.00,0.00,Estádio Marcolino de Castro
1450119600,Dec 14 2015 - 7:00pm,complete,619,Porto II,Sporting CP II,N/A,21,2.44,1.70,2.22,1.09,4,0,4,2,2,0,"5,21,59,67","",4,5,0,0,2,0,0,0,1,1,12,7,7,4,5,3,12,12,54,46,0.00,0.00,0.00,0.00,3.20,64,85,65,38,16,38,59,64,90,10.13,4.82,1.95,3.54,4.25,0.00,0.00,0.00,0.00,0.00,0.00,Estádio Dr. Jorge Sampaio
1450540800,Dec 19 2015 - 4:00pm,complete,1262,Benfica II,Porto II,N/A,22,2.00,1.64,1.57,1.52,0,3,3,0,0,0,"","48,50,75",4,5,0,0,0,0,0,0,0,0,4,14,2,4,2,10,12,13,53,47,0.00,0.00,0.00,0.00,2.50,50,69,45,27,14,27,69,46,73,11.73,6.09,2.72,3.50,2.65,0.00,0.00,0.00,0.00,0.00,0.00,Caixa Futebol Campus
1450610100,Dec 20 2015 - 11:15am,complete,1791,GD Chaves,Portimonense,N/A,22,1.91,1.82,1.96,1.70,2,2,4,2,1,1,"10,60","42,90'3",2,3,4,0,4,1,1,3,2,3,3,4,0,3,3,1,23,23,49,51,0.00,0.00,0.00,0.00,2.41,68,73,46,23,9,23,64,46,69,12.45,5.18,2.08,3.40,3.90,0.00,0.00,0.00,0.00,0.00,0.00,Estádio Municipal Eng. Manuel Branco Teixeira
1450623600,Dec 20 2015 - 3:00pm,complete,2020,Vitória Guimarães II,Sporting CP II,N/A,22,1.27,1.55,1.74,1.09,1,0,1,0,0,0,"79","",8,4,1,0,5,1,0,1,2,4,11,11,6,3,5,8,10,17,56,44,0.00,0.00,0.00,0.00,2.10,27,55,36,18,9,23,50,32,73,7.82,5.46,2.89,3.25,2.65,0.00,0.00,0.00,0.00,0.00,0.00,Estádio Dom Afonso Henriques
1450623600,Dec 20 2015 - 3:00pm,complete,207,Atlético CP,Famalicão,N/A,22,1.00,1.60,1.04,1.57,1,0,1,0,0,0,"84","",5,8,6,0,1,0,4,2,0,1,2,9,0,2,2,7,24,13,46,54,0.00,0.00,0.00,0.00,2.28,53,63,43,24,9,33,43,34,86,10.67,5.59,3.08,3.16,2.57,0.00,0.00,0.00,0.00,0.00,0.00,Estádio Da Tapadinha
1450623600,Dec 20 2015 - 3:00pm,complete,402,CD Aves,Farense,N/A,22,1.20,1.09,1.61,0.74,2,0,2,1,1,0,"15,71","",2,5,0,0,2,0,0,0,0,2,12,9,7,5,5,4,12,13,51,49,0.00,0.00,0.00,0.00,2.23,53,62,33,19,10,23,38,38,77,9.30,6.02,2.39,3.21,3.32,0.00,0.00,0.00,0.00,0.00,0.00,Estádio Clube Desportivo das Aves
1450623600,Dec 20 2015 - 3:00pm,complete,275,Sporting Braga II,Santa Clara,N/A,22,1.64,1.00,1.30,0.74,2,0,2,1,1,0,"29,81","",5,4,3,0,2,0,1,2,1,1,14,15,6,7,8,8,9,12,56,44,0.00,0.00,0.00,0.00,1.69,32,46,23,9,5,18,64,23,46,8.36,6.09,2.06,3.28,4.15,0.00,0.00,0.00,0.00,0.00,0.00,Estádio 1º de Maio
1450623600,Dec 20 2015 - 3:00pm,complete,466,UD Oliveirense,Sporting Covilhã,N/A,22,0.55,1.18,0.74,1.17,1,1,2,1,0,1,"88","34",3,5,2,0,4,0,0,2,0,4,10,12,2,6,8,6,16,15,55,45,0.00,0.00,0.00,0.00,2.64,69,82,55,27,5,27,64,50,87,10.63,6.37,3.40,3.21,2.35,0.00,0.00,0.00,0.00,0.00,0.00,Estádio Carlos Osório (Oliveira de Azeméis)
1450623600,Dec 20 2015 - 3:00pm,complete,980,Gil Vicente,CD Feirense,N/A,22,1.91,1.50,1.83,1.39,1,0,1,0,0,0,"64","",5,5,5,0,3,0,3,2,2,1,9,10,5,3,4,7,18,10,56,44,0.00,0.00,0.00,0.00,2.19,63,72,29,19,5,15,81,28,77,9.53,5.87,2.44,3.19,3.25,0.00,0.00,0.00,0.00,0.00,0.00,Estádio Cidade de Barcelos
1450623600,Dec 20 2015 - 3:00pm,complete,321,SC Olhanense,Leixões,N/A,22,2.18,0.36,1.96,1.13,0,2,2,2,0,2,"","44,45'3",11,2,3,1,4,0,2,2,2,2,5,9,3,5,2,4,19,15,53,47,0.00,0.00,0.00,0.00,2.00,41,69,36,9,0,41,64,18,73,7.81,6.91,2.07,3.29,4.10,0.00,0.00,0.00,0.00,0.00,0.00,Estádio José Arcanjo
1450623600,Dec 20 2015 - 3:00pm,complete,547,Academico Viseu,CD Mafra,N/A,22,1.30,0.82,1.43,0.83,2,1,3,0,0,0,"51,73","90",8,3,2,0,6,0,1,1,2,4,13,7,7,4,6,3,14,20,58,42,0.00,0.00,0.00,0.00,2.11,53,72,19,10,5,19,77,29,72,9.97,5.59,1.85,3.34,5.22,0.00,0.00,0.00,0.00,0.00,0.00,Estádio Municipal do Fontelo
1450623600,Dec 20 2015 - 3:00pm,complete,846,Varzim,Clube Oriental de Lisboa,N/A,22,1.82,0.82,1.83,0.87,2,0,2,0,0,0,"51,56","",3,4,1,0,2,0,0,1,1,1,9,13,3,5,6,8,17,18,49,51,0.00,0.00,0.00,0.00,2.14,41,55,41,14,5,23,41,36,82,10.45,6.55,1.80,3.57,5.12,0.00,0.00,0.00,0.00,0.00,0.00,Estádio Varzim Sport Club
1450627200,Dec 20 2015 - 4:00pm,complete,822,FC Penafiel,Freamunde,N/A,22,1.30,1.40,1.52,1.30,1,2,3,3,1,2,"9","23,31",4,5,4,0,3,0,0,4,3,0,13,6,7,2,6,4,14,21,48,52,0.00,0.00,0.00,0.00,1.60,35,45,25,15,0,20,50,20,50,10.30,7.60,2.42,3.18,3.30,0.00,0.00,0.00,0.00,0.00,0.00,Estádio Municipal 25 de Abril
1451819700,Jan 03 2016 - 11:15am,complete,753,CD Feirense,GD Chaves,N/A,23,2.18,1.50,2.00,1.57,0,1,1,0,0,0,"","61",4,5,2,0,4,0,2,0,0,4,7,8,3,4,4,4,16,16,52,48,0.00,0.00,0.00,0.00,2.14,48,67,38,9,0,19,68,29,81,11.71,6.32,2.55,3.14,3.13,0.00,0.00,0.00,0.00,0.00,0.00,Estádio Marcolino de Castro
1451833200,Jan 03 2016 - 3:00pm,complete,180,Sporting Covilhã,Academico Viseu,N/A,23,1.10,1.36,1.35,1.00,2,2,4,0,0,0,"88,90'1","49,57",8,5,3,0,4,0,2,1,0,4,16,6,8,5,8,1,18,16,56,44,0.00,0.00,0.00,0.00,1.84,28,57,23,9,5,24,53,32,66,9.78,6.68,2.10,3.25,4.05,0.00,0.00,0.00,0.00,0.00,0.00,Estádio Municipal José dos Santos Pinto
1451833200,Jan 03 2016 - 3:00pm,complete,1514,Famalicão,FC Penafiel,N/A,23,1.45,1.09,1.57,1.13,1,1,2,1,1,0,"34","63",3,1,2,0,2,0,1,1,1,1,7,3,3,2,4,1,16,24,51,49,0.00,0.00,0.00,0.00,2.87,60,69,55,32,23,36,91,41,64,12.00,7.28,2.21,3.15,3.84,0.00,0.00,0.00,0.00,0.00,0.00,Estádio Municipal 22 de Junho
1451833200,Jan 03 2016 - 3:00pm,complete,853,Farense,Gil Vicente,N/A,23,1.50,1.00,1.70,0.87,0,2,2,0,0,0,"","47,53",3,12,1,0,2,0,0,1,0,2,12,12,7,8,5,4,15,16,46,54,0.00,0.00,0.00,0.00,2.20,45,65,35,10,10,25,60,40,70,7.30,6.30,3.02,3.16,2.61,0.00,0.00,0.00,0.00,0.00,0.00,Estádio de São Lúis
1451833200,Jan 03 2016 - 3:00pm,complete,711,Leixões,UD Oliveirense,N/A,23,1.40,1.00,1.26,0.52,3,1,4,2,2,0,"5,42,50","84",8,3,1,0,4,1,0,1,2,3,8,7,0,3,8,4,16,13,53,47,0.00,0.00,0.00,0.00,2.60,60,85,35,25,10,25,55,60,85,10.20,6.80,1.96,3.34,4.53,0.00,0.00,0.00,0.00,0.00,0.00,Estádio do Mar
1451833200,Jan 03 2016 - 3:00pm,complete,730,Portimonense,Varzim,N/A,23,1.20,0.50,1.70,1.00,2,0,2,0,0,0,"53,58","",8,1,1,0,1,0,0,1,1,0,15,2,9,0,6,2,25,18,50,50,0.00,0.00,0.00,0.00,2.40,60,75,45,20,5,30,60,40,85,12.20,6.10,1.89,3.39,4.84,0.00,0.00,0.00,0.00,0.00,0.00,Estádio do Portimonense SC (Portimão)
1451833200,Jan 03 2016 - 3:00pm,complete,260,Sporting CP II,Sporting Braga II,N/A,23,1.80,1.30,1.74,1.17,0,1,1,1,0,1,"","35",3,4,2,0,4,0,0,2,1,3,15,10,7,5,8,5,19,12,47,53,0.00,0.00,0.00,0.00,2.60,60,65,40,35,20,35,70,30,75,10.00,5.50,2.05,3.33,4.13,0.00,0.00,0.00,0.00,0.00,0.00,CGD Stadium Aurélio Pereira
1451833200,Jan 03 2016 - 3:00pm,complete,257,Porto II,Vitória Guimarães II,N/A,23,2.50,1.30,2.22,0.87,5,2,7,5,3,2,"19,25,43,62,69","13,40",12,2,2,1,2,0,1,2,2,0,14,11,5,7,9,4,15,16,61,39,0.00,0.00,0.00,0.00,3.35,60,80,60,40,20,45,65,65,85,10.20,4.80,1.45,4.51,8.52,0.00,0.00,0.00,0.00,0.00,0.00,Estádio Dr. Jorge Sampaio
1451833200,Jan 03 2016 - 3:00pm,complete,432,Clube Oriental de Lisboa,Atlético CP,N/A,23,0.70,1.70,0.91,1.17,2,1,3,1,0,1,"52,85","36",3,5,3,0,4,0,2,1,1,3,9,19,3,10,6,9,19,12,55,45,0.00,0.00,0.00,0.00,2.20,40,55,40,20,5,20,70,40,50,8.60,5.80,3.12,3.15,2.55,0.00,0.00,0.00,0.00,0.00,0.00,Campo Engenheiro Carlos Salema
1451833200,Jan 03 2016 - 3:00pm,complete,395,CD Mafra,CD Aves,N/A,23,1.40,1.27,1.52,1.30,1,1,2,1,0,1,"86","44",5,5,2,0,3,0,0,2,0,3,7,10,4,4,3,6,14,14,57,43,0.00,0.00,0.00,0.00,1.62,34,53,24,5,0,5,43,33,62,10.60,6.78,2.66,3.06,3.05,0.00,0.00,0.00,0.00,0.00,0.00,Estádio Municipal de Mafra
1451836800,Jan 03 2016 - 4:00pm,complete,491,Santa Clara,SC Olhanense,N/A,23,1.40,0.70,1.74,1.04,1,0,1,0,0,0,"87","",6,2,4,0,3,0,1,3,2,1,13,12,5,5,8,7,15,8,53,47,0.00,0.00,0.00,0.00,2.60,45,70,50,35,10,20,70,50,75,8.82,6.00,2.11,3.18,4.13,0.00,0.00,0.00,0.00,0.00,0.00,Estádio de São Miguel (Ponta Delgada- Ilha de São Miguel- Açores)
1451848500,Jan 03 2016 - 7:15pm,complete,660,Freamunde,Benfica II,N/A,23,1.73,0.50,1.91,0.83,1,0,1,1,1,0,"23","",1,4,1,0,5,0,0,1,1,4,12,10,6,4,6,6,15,16,46,54,0.00,0.00,0.00,0.00,2.53,62,86,48,15,10,34,72,38,77,12.05,5.78,1.89,3.45,4.72,0.00,0.00,0.00,0.00,0.00,0.00,Complexo Desportivo do SC Freamunde
1452351600,Jan 09 2016 - 3:00pm,complete,361,Clube Oriental de Lisboa,UD Oliveirense,N/A,24,0.91,0.91,0.91,0.52,5,2,7,2,2,0,"7,39,71,88,90'2","47,65",9,3,4,0,4,0,0,4,2,2,11,8,2,4,9,4,21,12,53,47,0.00,0.00,0.00,0.00,2.77,55,82,50,27,5,32,78,55,82,9.36,6.63,2.03,3.40,4.10,0.00,0.00,0.00,0.00,0.00,0.00,Campo Engenheiro Carlos Salema
1452351600,Jan 09 2016 - 3:00pm,complete,290,Sporting Braga II,GD Chaves,N/A,24,1.75,1.64,1.30,1.57,1,3,4,2,1,1,"21","26,60,82",6,10,2,0,3,0,0,2,0,3,7,13,6,9,1,4,15,14,41,59,0.00,0.00,0.00,0.00,1.79,35,53,27,4,4,13,74,22,58,9.73,6.80,2.90,3.11,2.75,0.00,0.00,0.00,0.00,0.00,0.00,Estádio 1º de Maio
1452355200,Jan 09 2016 - 4:00pm,complete,585,Benfica II,SC Olhanense,N/A,24,1.83,0.64,1.57,1.04,2,3,5,4,1,3,"25,66","32,37,41",12,1,2,1,1,1,1,2,0,2,20,6,8,2,12,4,15,9,66,34,0.00,0.00,0.00,0.00,2.26,43,56,48,22,4,17,61,44,74,9.28,5.65,2.09,3.40,3.88,0.00,0.00,0.00,0.00,0.00,0.00,Caixa Futebol Campus
1452371400,Jan 09 2016 - 8:30pm,complete,998,Portimonense,Porto II,N/A,24,1.36,1.75,1.70,1.52,2,1,3,0,0,0,"54,65","81",1,5,0,0,1,0,0,0,0,1,8,7,5,2,3,5,24,9,36,64,0.00,0.00,0.00,0.00,2.52,49,79,48,21,9,26,57,52,83,12.40,5.11,2.56,3.42,2.88,0.00,0.00,0.00,0.00,0.00,0.00,Estádio do Portimonense SC (Portimão)
1452424500,Jan 10 2016 - 11:15am,complete,796,CD Feirense,Sporting CP II,N/A,24,2.00,1.42,2.00,1.09,2,0,2,1,1,0,"13,55","",9,2,1,0,5,2,1,0,2,5,12,5,6,4,6,1,6,18,56,44,0.00,0.00,0.00,0.00,2.25,42,63,38,21,4,21,46,38,92,9.67,5.67,2.16,3.33,3.74,0.00,0.00,0.00,0.00,0.00,0.00,Estádio Marcolino de Castro
1452438000,Jan 10 2016 - 3:00pm,complete,115,Sporting Covilhã,CD Aves,N/A,24,1.09,1.25,1.35,1.30,0,3,3,3,0,3,"","12,35,43",11,2,2,0,3,0,0,2,0,3,20,7,7,5,13,2,8,19,57,43,0.00,0.00,0.00,0.00,1.70,30,48,22,9,0,14,53,21,61,11.74,6.63,2.14,3.21,3.97,0.00,0.00,0.00,0.00,0.00,0.00,Estádio Municipal José dos Santos Pinto
1452438000,Jan 10 2016 - 3:00pm,complete,336,CD Mafra,Gil Vicente,N/A,24,1.36,1.18,1.52,0.87,0,1,1,1,0,1,"","45",1,5,0,0,0,0,0,0,0,0,7,3,3,0,4,3,13,17,57,43,0.00,0.00,0.00,0.00,1.91,41,64,27,5,5,14,50,36,73,9.28,5.82,3.18,3.10,2.54,0.00,0.00,0.00,0.00,0.00,0.00,Estádio Municipal de Mafra
1452438000,Jan 10 2016 - 3:00pm,complete,1917,Famalicão,Varzim,N/A,24,1.42,0.45,1.57,1.00,0,1,1,1,0,1,"","41",7,4,2,0,2,0,0,2,0,2,14,2,7,0,7,2,13,34,63,37,0.00,0.00,0.00,0.00,2.60,61,78,43,26,13,35,74,44,75,11.43,6.78,2.17,3.25,3.82,0.00,0.00,0.00,0.00,0.00,0.00,Estádio Municipal 22 de Junho
1452438000,Jan 10 2016 - 3:00pm,complete,861,Farense,Academico Viseu,N/A,24,1.36,1.33,1.70,1.00,1,0,1,1,1,0,"17","",1,6,5,0,2,0,3,2,1,1,4,13,2,6,2,7,23,8,45,55,0.00,0.00,0.00,0.00,2.26,44,74,35,17,9,22,49,56,74,7.61,6.90,2.26,3.22,3.61,0.00,0.00,0.00,0.00,0.00,0.00,Estádio de São Lúis
1452438000,Jan 10 2016 - 3:00pm,complete,649,Leixões,FC Penafiel,N/A,24,1.55,1.08,1.26,1.13,1,0,1,0,0,0,"83","",6,3,0,0,1,0,0,0,0,1,10,5,4,0,6,5,12,13,56,44,0.00,0.00,0.00,0.00,2.88,66,75,48,35,22,26,69,58,79,10.99,6.13,2.65,3.22,2.92,0.00,0.00,0.00,0.00,0.00,0.00,Estádio do Mar
1452441600,Jan 10 2016 - 4:00pm,complete,488,Santa Clara,Vitória Guimarães II,N/A,24,1.55,1.18,1.74,0.87,2,0,2,1,1,0,"22,87","",3,7,1,0,5,0,0,1,0,5,11,6,6,2,5,4,12,25,55,45,0.00,0.00,0.00,0.00,2.96,50,73,41,32,23,32,64,50,82,9.21,6.00,2.14,3.27,3.88,0.00,0.00,0.00,0.00,0.00,0.00,Estádio de São Miguel (Ponta Delgada- Ilha de São Miguel- Açores)
1452524400,Jan 11 2016 - 3:00pm,complete,633,Freamunde,Atlético CP,N/A,24,1.83,1.55,1.91,1.17,0,0,0,0,0,0,"","",5,3,4,0,3,1,0,4,0,4,11,8,4,3,7,5,19,15,57,43,0.00,0.00,0.00,0.00,1.85,52,56,39,9,0,17,66,35,47,9.38,5.53,1.80,3.45,5.41,0.00,0.00,0.00,0.00,0.00,0.00,Complexo Desportivo do SC Freamunde
1452783600,Jan 14 2016 - 3:00pm,complete,864,Vitória Guimarães II,Clube Oriental de Lisboa,N/A,25,1.42,0.75,1.74,0.87,1,1,2,1,0,1,"68","27",10,2,0,0,5,0,0,0,3,2,18,8,7,5,11,3,14,20,53,47,0.00,0.00,0.00,0.00,1.92,21,46,34,13,8,21,46,25,67,8.25,6.17,2.15,3.39,3.70,0.00,0.00,0.00,0.00,0.00,0.00,Estádio Dom Afonso Henriques
1452956400,Jan 16 2016 - 3:00pm,complete,521,Academico Viseu,Portimonense,N/A,25,1.45,1.75,1.43,1.70,0,1,1,0,0,0,"","87",6,4,5,1,1,1,3,3,0,2,9,11,6,5,3,6,22,16,50,50,0.00,0.00,0.00,0.00,2.68,78,83,43,26,13,26,78,47,78,10.99,5.37,2.90,3.20,2.68,0.00,0.00,0.00,0.00,0.00,0.00,Estádio Municipal do Fontelo
1453029300,Jan 17 2016 - 11:15am,complete,601,FC Penafiel,Benfica II,N/A,25,1.18,0.45,1.52,0.83,1,0,1,0,0,0,"90","",11,5,4,0,3,0,2,2,2,1,14,10,7,8,7,2,14,15,56,44,0.00,0.00,0.00,0.00,2.14,45,69,32,18,9,32,64,23,59,10.42,7.55,2.03,3.40,4.10,0.00,0.00,0.00,0.00,0.00,0.00,Estádio Municipal 25 de Abril
1453042800,Jan 17 2016 - 3:00pm,complete,1751,Gil Vicente,Sporting Braga II,N/A,25,2.00,1.45,1.83,1.17,4,1,5,2,1,1,"45,52,55,83","40",10,6,1,0,1,0,0,1,0,1,12,8,10,4,2,4,17,5,51,49,0.00,0.00,0.00,0.00,2.32,57,70,31,22,9,18,78,30,79,10.31,5.05,1.87,3.45,4.86,0.00,0.00,0.00,0.00,0.00,0.00,Estádio Cidade de Barcelos
1453042800,Jan 17 2016 - 3:00pm,complete,302,SC Olhanense,Famalicão,N/A,25,2.00,1.45,1.96,1.57,0,1,1,0,0,0,"","80",4,6,3,0,9,0,1,2,5,4,4,11,3,3,1,8,21,22,42,58,0.00,0.00,0.00,0.00,2.09,44,70,39,13,0,30,47,31,79,9.64,5.36,2.78,3.18,2.81,0.00,0.00,0.00,0.00,0.00,0.00,Estádio José Arcanjo
1453042800,Jan 17 2016 - 3:00pm,complete,236,UD Oliveirense,Farense,N/A,25,0.58,1.00,0.74,0.74,3,1,4,1,1,0,"45'1,62,85","65",12,6,3,0,1,0,2,1,1,0,18,10,9,5,9,5,11,19,50,50,0.00,0.00,0.00,0.00,2.38,54,71,42,17,8,29,54,42,75,9.33,5.42,2.92,3.25,2.63,0.00,0.00,0.00,0.00,0.00,0.00,Estádio Carlos Osório (Oliveira de Azeméis)
1453042800,Jan 17 2016 - 3:00pm,complete,1371,Varzim,Freamunde,N/A,25,1.92,1.55,1.83,1.30,0,2,2,0,0,0,"","65,77",8,4,1,0,1,0,1,0,0,1,12,9,6,3,6,6,13,20,57,43,0.00,0.00,0.00,0.00,1.87,39,52,35,9,0,22,49,30,69,11.53,6.56,2.68,3.08,3.01,0.00,0.00,0.00,0.00,0.00,0.00,Estádio Varzim Sport Club
1453042800,Jan 17 2016 - 3:00pm,complete,215,Sporting CP II,CD Mafra,N/A,25,1.64,0.75,1.74,0.83,1,1,2,2,1,1,"12","2",3,3,5,1,3,0,3,3,1,2,5,11,2,5,3,6,17,19,51,49,0.00,0.00,0.00,0.00,2.18,48,60,31,18,9,22,70,30,65,9.26,6.33,1.84,3.48,5.01,0.00,0.00,0.00,0.00,0.00,0.00,CGD Stadium Aurélio Pereira
1453042800,Jan 17 2016 - 3:00pm,complete,157,Atlético CP,Leixões,N/A,25,1.17,0.58,1.04,1.13,0,1,1,1,0,1,"","17",6,1,2,0,2,0,2,0,1,1,15,4,5,4,10,0,22,13,55,45,0.00,0.00,0.00,0.00,2.09,42,59,33,17,9,46,59,17,75,9.50,7.33,2.20,3.22,3.77,0.00,0.00,0.00,0.00,0.00,0.00,Estádio Da Tapadinha
1453042800,Jan 17 2016 - 3:00pm,complete,819,CD Aves,CD Feirense,N/A,25,1.36,1.36,1.61,1.39,1,0,1,0,0,0,"59","",11,3,4,0,1,0,0,4,1,0,11,6,6,3,5,3,25,15,53,47,0.00,0.00,0.00,0.00,2.09,55,64,27,18,9,18,50,27,87,8.91,6.46,2.44,3.10,3.36,0.00,0.00,0.00,0.00,0.00,0.00,Estádio Clube Desportivo das Aves
1453042800,Jan 17 2016 - 3:00pm,complete,359,Porto II,Santa Clara,N/A,25,2.55,0.92,2.22,0.74,4,2,6,3,2,1,"22,34,64,67","24,50",7,3,1,0,3,0,0,1,0,3,8,7,4,3,4,4,19,17,55,45,0.00,0.00,0.00,0.00,3.05,53,79,58,36,14,45,70,54,75,11.06,4.84,1.62,4.04,6.03,0.00,0.00,0.00,0.00,0.00,0.00,Estádio Dr. Jorge Sampaio
1453046400,Jan 17 2016 - 4:00pm,complete,2769,GD Chaves,Sporting Covilhã,N/A,25,1.83,1.17,1.96,1.17,1,0,1,1,1,0,"3","",3,2,4,0,1,0,2,2,1,0,6,11,4,8,2,3,22,20,52,48,0.00,0.00,0.00,0.00,2.42,67,75,46,29,0,25,63,42,75,11.92,6.25,1.66,3.78,6.14,0.00,0.00,0.00,0.00,0.00,0.00,Estádio Municipal Eng. Manuel Branco Teixeira
1453489200,Jan 22 2016 - 7:00pm,complete,434,Benfica II,Atlético CP,N/A,26,1.69,1.50,1.57,1.17,1,1,2,1,1,0,"33","74",4,2,6,0,4,0,0,6,1,3,11,8,5,3,6,5,29,16,60,40,0.00,0.00,0.00,0.00,1.98,44,51,40,16,8,20,64,32,51,9.81,6.50,2.27,3.26,3.53,0.00,0.00,0.00,0.00,0.00,0.00,Caixa Futebol Campus
1453547700,Jan 23 2016 - 11:15am,complete,538,Clube Oriental de Lisboa,Porto II,N/A,26,1.08,1.62,0.91,1.52,2,1,3,2,1,1,"38,48","6",13,9,2,0,2,0,1,1,2,0,11,11,4,5,7,6,19,10,40,60,0.00,0.00,0.00,0.00,3.06,52,80,61,32,16,28,69,65,80,10.95,5.20,3.83,3.72,2.02,0.00,0.00,0.00,0.00,0.00,0.00,Campo Engenheiro Carlos Salema
1453550400,Jan 23 2016 - 12:00pm,complete,217,Santa Clara,UD Oliveirense,N/A,26,1.67,0.83,1.74,0.52,0,0,0,0,0,0,"","",5,4,2,1,3,1,2,1,1,3,14,10,9,4,5,6,12,16,59,41,0.00,0.00,0.00,0.00,2.79,50,83,42,33,13,34,75,46,83,9.34,7.25,1.83,3.66,4.84,0.00,0.00,0.00,0.00,0.00,0.00,Estádio de São Miguel (Ponta Delgada- Ilha de São Miguel- Açores)
1453561200,Jan 23 2016 - 3:00pm,complete,963,Portimonense,CD Aves,N/A,26,1.50,1.38,1.70,1.30,0,1,1,1,0,1,"","44",8,0,5,0,3,0,2,3,1,2,12,5,5,3,7,2,19,19,53,47,0.00,0.00,0.00,0.00,2.14,45,69,41,8,0,17,52,41,77,11.87,6.17,1.81,3.50,5.37,0.00,0.00,0.00,0.00,0.00,0.00,Estádio do Portimonense SC (Portimão)
1453561200,Jan 23 2016 - 3:00pm,complete,3907,Famalicão,GD Chaves,N/A,26,1.31,1.75,1.57,1.57,4,3,7,4,2,2,"16,37,57,90'4","14,45'3,82",2,5,6,2,3,0,0,8,0,3,8,7,5,0,3,7,25,17,37,63,0.00,0.00,0.00,0.00,2.43,56,72,44,16,8,32,84,36,69,12.39,6.81,2.70,3.20,2.92,0.00,0.00,0.00,0.00,0.00,0.00,Estádio Municipal 22 de Junho
1453561200,Jan 23 2016 - 3:00pm,complete,350,CD Mafra,CD Feirense,N/A,26,1.25,1.25,1.52,1.39,1,1,2,1,0,1,"77","23",4,3,3,0,4,0,1,2,3,1,8,6,2,2,6,4,17,21,56,44,0.00,0.00,0.00,0.00,1.75,50,58,21,9,4,17,54,21,71,8.16,5.66,2.92,3.02,2.80,0.00,0.00,0.00,0.00,0.00,0.00,Estádio Municipal de Mafra
1453561200,Jan 23 2016 - 3:00pm,complete,523,FC Penafiel,SC Olhanense,N/A,26,1.33,0.83,1.52,1.04,1,1,2,1,0,1,"90'5","33",8,1,2,0,5,1,1,1,4,2,14,3,6,2,8,1,13,9,63,37,0.00,0.00,0.00,0.00,2.00,42,50,38,25,4,21,50,30,63,8.58,6.66,1.82,3.47,5.20,0.00,0.00,0.00,0.00,0.00,0.00,Estádio Municipal 25 de Abril
1453561200,Jan 23 2016 - 3:00pm,complete,340,Sporting Braga II,Academico Viseu,N/A,26,1.62,1.23,1.30,1.00,0,0,0,0,0,0,"","",3,4,2,1,3,1,2,1,0,4,10,7,4,4,6,3,16,15,50,50,0.00,0.00,0.00,0.00,2.04,35,58,31,19,8,15,62,43,62,8.53,7.15,2.19,3.31,3.68,0.00,0.00,0.00,0.00,0.00,0.00,Estádio 1º de Maio
1453561200,Jan 23 2016 - 3:00pm,complete,202,Sporting Covilhã,Gil Vicente,N/A,26,1.00,1.33,1.35,0.87,3,0,3,2,2,0,"33,42,79","",3,4,1,0,2,0,0,1,1,1,12,3,6,2,6,1,12,16,52,48,0.00,0.00,0.00,0.00,1.96,29,54,29,8,4,25,58,25,63,10.92,5.50,3.14,3.19,2.51,0.00,0.00,0.00,0.00,0.00,0.00,Estádio Municipal José dos Santos Pinto
1453561200,Jan 23 2016 - 3:00pm,complete,942,Farense,Sporting CP II,N/A,26,1.50,1.31,1.70,1.09,3,0,3,1,1,0,"39,75,90'4","",6,3,2,0,2,0,1,1,0,2,11,7,4,6,7,1,22,15,48,52,0.00,0.00,0.00,0.00,2.19,40,68,32,16,8,24,52,44,75,6.94,6.30,2.51,3.24,3.09,0.00,0.00,0.00,0.00,0.00,0.00,Estádio de São Lúis
1453561200,Jan 23 2016 - 3:00pm,complete,854,Freamunde,Vitória Guimarães II,N/A,26,1.77,1.08,1.91,0.87,3,0,3,1,1,0,"12,47,76","",3,4,1,0,3,0,0,1,0,3,11,9,5,5,6,4,16,13,56,44,0.00,0.00,0.00,0.00,2.54,56,68,40,17,13,28,60,44,73,9.94,5.15,1.61,3.79,6.82,0.00,0.00,0.00,0.00,0.00,0.00,Complexo Desportivo do SC Freamunde
1453561200,Jan 23 2016 - 3:00pm,complete,1002,Leixões,Varzim,N/A,26,1.67,0.67,1.26,1.00,0,4,4,1,0,1,"","20,56,74,83",3,4,3,1,4,0,1,3,3,1,10,7,6,7,4,0,14,25,50,50,0.00,0.00,0.00,0.00,2.54,59,75,38,29,13,25,50,59,84,11.00,5.58,2.50,3.16,3.19,0.00,0.00,0.00,0.00,0.00,0.00,Estádio do Mar
1454152500,Jan 30 2016 - 11:15am,complete,501,UD Oliveirense,Benfica II,N/A,27,0.77,0.42,0.74,0.83,1,2,3,1,0,1,"51","9,71",4,1,3,0,5,1,3,0,3,3,9,8,4,4,5,4,20,11,53,47,0.00,0.00,0.00,0.00,2.48,52,76,44,20,13,28,69,40,80,11.32,6.36,2.73,3.32,2.76,0.00,0.00,0.00,0.00,0.00,0.00,Estádio Carlos Osório (Oliveira de Azeméis)
1454169600,Jan 30 2016 - 4:00pm,complete,2068,Gil Vicente,Freamunde,N/A,27,2.08,1.67,1.83,1.30,0,0,0,0,0,0,"","",5,2,1,1,3,0,1,1,2,1,14,9,8,5,6,4,12,13,47,53,0.00,0.00,0.00,0.00,2.03,44,60,32,16,4,17,72,32,64,11.25,5.88,2.37,3.09,3.52,0.00,0.00,0.00,0.00,0.00,0.00,Estádio Cidade de Barcelos
1454238900,Jan 31 2016 - 11:15am,complete,557,Porto II,Leixões,N/A,27,2.58,0.77,2.22,1.13,0,2,2,1,0,1,"","40,87",8,1,1,0,7,0,1,0,1,6,8,6,5,4,3,2,18,23,65,35,0.00,0.00,0.00,0.00,3.14,53,81,62,38,17,57,76,46,73,10.67,5.85,1.60,4.27,5.88,0.00,0.00,0.00,0.00,0.00,0.00,Estádio Dr. Jorge Sampaio
1454238900,Jan 31 2016 - 11:15am,complete,539,CD Mafra,Portimonense,N/A,27,1.23,1.85,1.52,1.70,0,0,0,0,0,0,"","",4,17,3,0,1,0,2,1,1,0,10,17,5,10,5,7,16,14,48,52,0.00,0.00,0.00,0.00,2.20,66,74,35,16,8,20,66,39,74,9.31,5.23,3.20,3.08,2.54,0.00,0.00,0.00,0.00,0.00,0.00,Estádio Municipal de Mafra
1454252400,Jan 31 2016 - 3:00pm,complete,268,Sporting CP II,Sporting Covilhã,N/A,27,1.58,1.08,1.74,1.17,1,3,4,4,1,3,"45'2","5,15,20",1,8,4,0,2,0,0,4,1,1,5,8,2,2,3,6,16,18,55,45,0.00,0.00,0.00,0.00,2.48,64,68,40,32,9,28,76,32,68,9.84,6.71,2.46,3.28,3.15,0.00,0.00,0.00,0.00,0.00,0.00,CGD Stadium Aurélio Pereira
1454252400,Jan 31 2016 - 3:00pm,complete,3509,Vitória Guimarães II,Famalicão,N/A,27,1.38,1.58,1.74,1.57,1,2,3,1,0,1,"72","37,53",2,5,2,0,5,0,0,2,1,4,6,9,3,2,3,7,18,20,56,44,0.00,0.00,0.00,0.00,1.81,29,48,33,13,4,16,40,21,73,10.36,5.46,3.48,3.19,2.33,0.00,0.00,0.00,0.00,0.00,0.00,Estádio Dom Afonso Henriques
1454252400,Jan 31 2016 - 3:00pm,complete,1068,Varzim,FC Penafiel,N/A,27,1.77,1.00,1.83,1.13,1,1,2,1,1,0,"32","61",6,3,3,0,4,0,0,3,1,3,7,6,0,0,7,6,21,20,57,43,0.00,0.00,0.00,0.00,2.31,46,58,39,20,12,19,58,39,81,11.23,6.07,2.30,3.18,3.55,0.00,0.00,0.00,0.00,0.00,0.00,Estádio Varzim Sport Club
1454252400,Jan 31 2016 - 3:00pm,complete,559,Academico Viseu,Santa Clara,N/A,27,1.33,0.85,1.43,0.74,1,0,1,0,0,0,"68","",5,2,3,0,3,0,1,2,0,3,15,7,5,3,10,4,22,11,50,50,0.00,0.00,0.00,0.00,2.20,48,65,28,16,8,24,65,32,69,10.23,5.52,2.16,3.24,3.88,0.00,0.00,0.00,0.00,0.00,0.00,Estádio Municipal do Fontelo
1454252400,Jan 31 2016 - 3:00pm,complete,310,Atlético CP,SC Olhanense,N/A,27,1.08,0.85,1.04,1.04,1,0,1,1,1,0,"17","",7,7,4,0,2,0,2,2,1,1,13,11,8,8,5,3,21,17,50,50,0.00,0.00,0.00,0.00,2.23,46,50,39,27,12,27,58,31,81,8.39,6.31,2.15,3.24,3.90,0.00,0.00,0.00,0.00,0.00,0.00,Estádio Da Tapadinha
1454252400,Jan 31 2016 - 3:00pm,complete,792,CD Aves,Sporting Braga II,N/A,27,1.50,1.33,1.61,1.17,2,0,2,2,2,0,"5,29","",2,2,1,0,2,0,0,1,1,1,5,6,2,4,3,2,27,12,41,59,0.00,0.00,0.00,0.00,2.38,55,67,34,25,17,25,54,33,88,10.25,5.42,2.03,3.30,4.28,0.00,0.00,0.00,0.00,0.00,0.00,Estádio Clube Desportivo das Aves
1454252400,Jan 31 2016 - 3:00pm,complete,2350,GD Chaves,Clube Oriental de Lisboa,N/A,27,1.92,0.77,1.96,0.87,1,1,2,0,0,0,"49","72",5,4,0,0,4,0,0,0,1,3,12,10,7,5,5,5,12,19,64,36,0.00,0.00,0.00,0.00,2.12,42,58,38,19,4,23,50,38,66,10.31,6.23,1.49,4.34,7.79,0.00,0.00,0.00,0.00,0.00,0.00,Estádio Municipal Eng. Manuel Branco Teixeira
1454256000,Jan 31 2016 - 4:00pm,complete,842,CD Feirense,Farense,N/A,27,2.08,0.92,2.00,0.74,1,0,1,0,0,0,"49","",3,2,2,0,3,1,0,2,1,3,8,7,2,5,6,2,21,24,53,47,0.00,0.00,0.00,0.00,2.27,46,66,35,19,4,23,54,31,81,10.23,5.24,1.81,3.55,5.14,0.00,0.00,0.00,0.00,0.00,0.00,Estádio Marcolino de Castro
1454757300,Feb 06 2016 - 11:15am,complete,750,Portimonense,Sporting CP II,N/A,28,1.38,1.21,1.70,1.09,2,0,2,0,0,0,"64,84","",4,2,1,1,3,0,2,0,1,2,9,11,6,8,3,3,7,12,55,45,0.00,0.00,0.00,0.00,2.37,45,74,45,15,4,22,52,48,89,10.09,5.67,1.70,3.78,5.59,0.00,0.00,0.00,0.00,0.00,0.00,Estádio do Portimonense SC (Portimão)
1454843700,Feb 07 2016 - 11:15am,complete,3498,Famalicão,Gil Vicente,N/A,28,1.43,1.23,1.57,0.87,2,2,4,3,2,1,"7,31","33,62",4,1,6,1,2,1,2,5,1,2,12,5,4,3,8,2,24,19,54,46,0.00,0.00,0.00,0.00,2.62,48,71,44,19,15,33,78,41,71,10.62,6.71,2.27,3.23,3.57,0.00,0.00,0.00,0.00,0.00,0.00,Estádio Municipal 22 de Junho
1454846400,Feb 07 2016 - 12:00pm,complete,457,Santa Clara,CD Aves,N/A,28,1.62,1.50,1.74,1.30,1,2,3,0,0,0,"88","82,90'1",4,6,3,0,2,0,0,3,1,1,7,9,6,3,1,6,15,18,46,54,0.00,0.00,0.00,0.00,2.17,34,64,34,19,8,15,63,34,67,10.29,7.08,3.08,3.10,2.61,0.00,0.00,0.00,0.00,0.00,0.00,Estádio de São Miguel (Ponta Delgada- Ilha de São Miguel- Açores)
1454857200,Feb 07 2016 - 3:00pm,complete,516,FC Penafiel,Atlético CP,N/A,28,1.31,1.46,1.52,1.17,1,1,2,1,0,1,"58","21",12,3,0,0,2,0,0,0,1,1,15,2,7,0,8,2,15,18,62,38,0.00,0.00,0.00,0.00,1.54,42,46,23,12,0,16,54,19,43,8.92,7.31,2.06,3.22,4.26,0.00,0.00,0.00,0.00,0.00,0.00,Estádio Municipal 25 de Abril
1454857200,Feb 07 2016 - 3:00pm,complete,1159,Leixões,GD Chaves,N/A,28,1.54,1.62,1.26,1.57,1,2,3,2,0,2,"50","11,37",4,3,3,0,5,0,0,3,3,2,17,8,10,4,7,4,21,23,51,49,0.00,0.00,0.00,0.00,2.73,58,77,46,27,12,27,62,58,85,11.69,5.92,3.07,3.25,2.52,0.00,0.00,0.00,0.00,0.00,0.00,Estádio do Mar
1454857200,Feb 07 2016 - 3:00pm,complete,389,SC Olhanense,Vitória Guimarães II,N/A,28,1.85,1.00,1.96,0.87,3,1,4,2,2,0,"28,40,67","69",3,1,1,0,2,1,1,0,2,1,7,7,0,5,7,2,19,9,54,46,0.00,0.00,0.00,0.00,2.50,42,69,35,16,12,35,62,39,81,8.15,5.92,2.21,3.27,3.67,0.00,0.00,0.00,0.00,0.00,0.00,Estádio José Arcanjo
1454857200,Feb 07 2016 - 3:00pm,complete,240,Sporting Braga II,UD Oliveirense,N/A,28,1.57,0.85,1.30,0.52,2,2,4,2,1,1,"26,58","18,68",6,7,0,0,0,0,0,0,0,0,15,13,6,5,9,8,12,12,61,39,0.00,0.00,0.00,0.00,2.13,42,60,30,23,8,26,70,34,60,8.30,7.36,1.76,3.63,5.32,0.00,0.00,0.00,0.00,0.00,0.00,Estádio 1º de Maio
1454857200,Feb 07 2016 - 3:00pm,complete,365,Sporting Covilhã,CD Feirense,N/A,28,1.15,1.23,1.35,1.39,0,2,2,1,0,1,"","40,81",6,3,3,0,5,0,0,3,1,4,12,6,4,4,8,2,13,15,54,46,0.00,0.00,0.00,0.00,1.93,43,58,27,12,4,31,62,12,70,9.77,5.76,2.29,3.18,3.58,0.00,0.00,0.00,0.00,0.00,0.00,Estádio Municipal José dos Santos Pinto
1454857200,Feb 07 2016 - 3:00pm,complete,837,Farense,CD Mafra,N/A,28,1.62,0.77,1.70,0.83,0,0,0,0,0,0,"","",4,1,3,0,6,0,2,1,3,3,9,7,2,4,7,3,23,23,51,49,0.00,0.00,0.00,0.00,2.04,46,73,27,4,4,23,66,39,66,7.46,6.16,2.42,3.10,3.39,0.00,0.00,0.00,0.00,0.00,0.00,Estádio de São Lúis
1454857200,Feb 07 2016 - 3:00pm,complete,576,Clube Oriental de Lisboa,Academico Viseu,N/A,28,1.23,1.21,0.91,1.00,1,1,2,0,0,0,"87","51",6,3,4,0,2,0,2,2,2,0,14,12,7,5,7,7,19,16,53,47,0.00,0.00,0.00,0.00,2.76,49,75,53,26,11,26,64,60,78,10.28,6.54,2.40,3.25,3.27,0.00,0.00,0.00,0.00,0.00,0.00,Campo Engenheiro Carlos Salema
1454860800,Feb 07 2016 - 4:00pm,complete,842,Benfica II,Varzim,N/A,28,1.64,0.85,1.57,1.00,1,1,2,1,1,0,"42","53",2,9,3,1,3,0,1,3,0,3,8,16,2,9,6,7,11,11,37,63,0.00,0.00,0.00,0.00,2.48,52,70,44,26,11,26,67,41,78,11.14,6.45,2.49,3.31,3.06,0.00,0.00,0.00,0.00,0.00,0.00,Caixa Futebol Campus
1454864400,Feb 07 2016 - 5:00pm,complete,945,Freamunde,Porto II,N/A,28,1.86,1.50,1.91,1.52,1,2,3,1,1,0,"11","72,80",6,2,3,0,5,0,0,3,0,5,9,8,2,4,7,4,26,12,41,59,0.00,0.00,0.00,0.00,2.43,54,75,54,18,7,25,61,50,72,11.43,4.71,2.21,3.34,3.59,0.00,0.00,0.00,0.00,0.00,0.00,Complexo Desportivo do SC Freamunde
1455375600,Feb 13 2016 - 3:00pm,complete,937,Varzim,Atlético CP,N/A,29,1.71,1.43,1.83,1.17,3,2,5,0,0,0,"60,74,89","80,81",9,6,2,0,4,1,0,2,0,5,10,7,5,3,5,4,16,20,53,47,0.00,0.00,0.00,0.00,1.72,43,54,25,7,0,11,50,32,65,9.65,6.21,2.11,3.14,4.18,0.00,0.00,0.00,0.00,0.00,0.00,Estádio Varzim Sport Club
1455375600,Feb 13 2016 - 3:00pm,complete,432,Academico Viseu,Benfica II,N/A,29,1.46,0.62,1.43,0.83,2,2,4,2,1,1,"21,54","36,56",4,7,1,0,4,0,0,1,0,4,10,9,3,5,7,4,18,25,49,51,0.00,0.00,0.00,0.00,2.31,50,70,31,15,12,23,70,31,77,11.02,6.62,2.11,3.27,3.97,0.00,0.00,0.00,0.00,0.00,0.00,Estádio Municipal do Fontelo
1455375600,Feb 13 2016 - 3:00pm,complete,252,CD Mafra,Sporting Braga II,N/A,29,1.21,1.23,1.52,1.17,1,0,1,1,1,0,"26","",6,3,3,0,4,0,0,3,2,2,9,9,3,4,6,5,19,14,49,51,0.00,0.00,0.00,0.00,2.06,53,67,26,16,12,27,64,26,67,8.83,4.81,2.65,2.95,3.18,0.00,0.00,0.00,0.00,0.00,0.00,Estádio Municipal de Mafra
1455375600,Feb 13 2016 - 3:00pm,complete,804,Farense,Sporting Covilhã,N/A,29,1.57,1.21,1.70,1.17,0,2,2,0,0,0,"","67,75",1,8,4,0,3,0,1,3,1,2,3,13,0,6,3,7,23,19,48,52,0.00,0.00,0.00,0.00,2.32,58,75,40,22,4,25,68,40,68,8.57,6.22,2.46,3.12,3.30,0.00,0.00,0.00,0.00,0.00,0.00,Estádio de São Lúis
1455375600,Feb 13 2016 - 3:00pm,complete,447,Porto II,Famalicão,N/A,29,2.38,1.69,2.22,1.57,1,2,3,2,1,1,"23","9,48",8,0,3,0,2,0,0,3,1,1,7,6,3,5,4,1,12,18,68,32,0.00,0.00,0.00,0.00,3.16,58,81,66,39,16,39,58,58,89,12.39,5.00,1.80,3.65,4.95,0.00,0.00,0.00,0.00,0.00,0.00,Estádio Dr. Jorge Sampaio
1455375600,Feb 13 2016 - 3:00pm,complete,169,Sporting CP II,Clube Oriental de Lisboa,N/A,29,1.46,0.79,1.74,0.87,3,0,3,0,0,0,"58,74,90","",2,2,2,1,5,0,1,2,2,3,16,11,5,4,11,7,15,12,43,57,0.00,0.00,0.00,0.00,2.34,49,59,37,26,11,30,60,33,63,8.48,6.88,2.34,3.29,3.34,0.00,0.00,0.00,0.00,0.00,0.00,CGD Stadium Aurélio Pereira
1455375600,Feb 13 2016 - 3:00pm,complete,723,CD Aves,SC Olhanense,N/A,29,1.62,0.79,1.61,1.04,1,0,1,0,0,0,"58","",4,6,2,0,3,0,1,1,0,3,14,8,4,4,10,4,10,14,52,48,0.00,0.00,0.00,0.00,2.11,41,56,33,22,8,15,51,34,78,8.59,5.85,2.00,3.20,4.60,0.00,0.00,0.00,0.00,0.00,0.00,Estádio Clube Desportivo das Aves
1455375600,Feb 13 2016 - 3:00pm,complete,3391,GD Chaves,Freamunde,N/A,29,1.86,1.62,1.96,1.30,1,0,1,1,1,0,"39","",8,4,5,0,4,0,1,4,2,2,11,14,9,4,2,10,18,18,43,57,0.00,0.00,0.00,0.00,1.81,41,52,34,15,0,22,52,33,52,11.36,5.96,2.15,3.15,4.04,0.00,0.00,0.00,0.00,0.00,0.00,Estádio Municipal Eng. Manuel Branco Teixeira
1455375600,Feb 13 2016 - 3:00pm,complete,793,Gil Vicente,Santa Clara,N/A,29,2.00,0.79,1.83,0.74,2,2,4,1,0,1,"63,73","16,90'4",6,5,3,0,3,1,1,2,0,4,11,6,4,3,7,3,22,16,61,39,0.00,0.00,0.00,0.00,2.11,43,61,29,18,7,18,68,33,68,10.07,5.15,1.69,3.55,6.35,0.00,0.00,0.00,0.00,0.00,0.00,Estádio Cidade de Barcelos
1455375600,Feb 13 2016 - 3:00pm,complete,159,UD Oliveirense,FC Penafiel,N/A,29,0.71,1.00,0.74,1.13,1,1,2,1,1,0,"3","86",2,12,2,0,4,0,1,1,1,3,8,19,3,9,5,10,11,13,43,57,0.00,0.00,0.00,0.00,2.57,61,68,50,25,14,21,75,43,79,10.43,6.14,3.20,3.13,2.51,0.00,0.00,0.00,0.00,0.00,0.00,Estádio Carlos Osório (Oliveira de Azeméis)
1455448500,Feb 14 2016 - 11:15am,complete,656,CD Feirense,Portimonense,N/A,29,2.14,1.79,2.00,1.70,2,1,3,1,0,1,"72,88","3",12,4,4,0,2,0,0,4,2,0,7,8,5,5,2,3,18,17,57,43,0.00,0.00,0.00,0.00,2.32,58,68,40,22,7,22,61,36,86,11.65,5.28,2.68,3.04,3.04,0.00,0.00,0.00,0.00,0.00,0.00,Estádio Marcolino de Castro
1455462000,Feb 14 2016 - 3:00pm,complete,1000,Vitória Guimarães II,Leixões,N/A,29,1.29,0.93,1.74,1.13,1,0,1,1,1,0,"21","",2,11,3,0,3,1,0,3,0,4,5,9,2,4,3,5,27,22,45,55,0.00,0.00,0.00,0.00,1.79,25,54,29,7,4,29,64,11,61,8.29,6.57,2.58,3.14,3.07,0.00,0.00,0.00,0.00,0.00,0.00,Estádio Dom Afonso Henriques
1455721200,Feb 17 2016 - 3:00pm,complete,338,Clube Oriental de Lisboa,CD Feirense,N/A,30,1.21,1.36,0.91,1.39,0,2,2,0,0,0,"","57,65",6,3,1,0,1,0,1,0,1,0,18,8,7,2,11,6,12,16,46,54,0.00,0.00,0.00,0.00,2.65,61,75,43,22,11,29,72,39,86,9.64,6.14,3.10,3.22,2.52,0.00,0.00,0.00,0.00,0.00,0.00,Campo Engenheiro Carlos Salema
1455721200,Feb 17 2016 - 3:00pm,complete,740,Portimonense,Gil Vicente,N/A,30,1.50,1.21,1.70,0.87,1,0,1,0,0,0,"75","",7,3,1,0,3,0,0,1,0,3,15,7,6,3,9,4,16,21,56,44,0.00,0.00,0.00,0.00,2.33,43,72,43,11,4,25,57,43,83,10.57,5.43,2.11,3.30,3.95,0.00,0.00,0.00,0.00,0.00,0.00,Estádio do Portimonense SC (Portimão)
1455721200,Feb 17 2016 - 3:00pm,complete,192,Atlético CP,Vitória Guimarães II,N/A,30,1.21,0.93,1.04,0.87,3,3,6,2,2,0,"13,22,90'4","69,81,89",8,4,5,0,3,0,3,2,2,1,7,9,4,3,3,6,24,15,45,55,0.00,0.00,0.00,0.00,2.57,47,57,36,25,18,36,61,39,83,9.36,6.29,2.04,3.31,4.20,0.00,0.00,0.00,0.00,0.00,0.00,Estádio Da Tapadinha
1455721200,Feb 17 2016 - 3:00pm,complete,330,Sporting Braga II,Farense,N/A,30,1.53,0.86,1.30,0.74,2,1,3,1,1,0,"36,90'2","87",5,3,2,0,2,0,1,1,0,2,11,4,6,0,5,4,14,10,57,43,0.00,0.00,0.00,0.00,2.08,42,56,32,21,7,25,62,32,59,8.27,5.71,2.22,3.20,3.74,0.00,0.00,0.00,0.00,0.00,0.00,Estádio 1º de Maio
1455721200,Feb 17 2016 - 3:00pm,complete,214,Sporting Covilhã,CD Mafra,N/A,30,1.07,0.79,1.35,0.83,1,0,1,1,1,0,"24","",5,3,3,0,3,1,1,2,1,3,9,7,7,0,2,7,14,14,52,48,0.00,0.00,0.00,0.00,1.86,36,64,25,4,0,29,64,18,61,9.86,5.93,2.09,3.17,4.23,0.00,0.00,0.00,0.00,0.00,0.00,Estádio Municipal José dos Santos Pinto
1455721200,Feb 17 2016 - 3:00pm,complete,1835,Famalicão,UD Oliveirense,N/A,30,1.40,0.86,1.57,0.52,2,0,2,0,0,0,"47,58","",7,6,2,0,1,0,1,1,1,0,15,15,5,7,10,8,22,16,51,49,0.00,0.00,0.00,0.00,2.89,62,80,48,35,14,45,82,45,73,10.30,7.86,1.47,4.45,7.94,0.00,0.00,0.00,0.00,0.00,0.00,Estádio Municipal 22 de Junho
1455721200,Feb 17 2016 - 3:00pm,complete,570,Freamunde,Academico Viseu,N/A,30,1.73,1.20,1.91,1.00,0,0,0,0,0,0,"","",6,2,4,0,2,0,1,3,1,1,8,11,4,3,4,8,17,16,53,47,0.00,0.00,0.00,0.00,2.17,50,70,43,14,4,17,54,54,70,9.87,6.07,1.82,3.47,5.19,0.00,0.00,0.00,0.00,0.00,0.00,Complexo Desportivo do SC Freamunde
1455721200,Feb 17 2016 - 3:00pm,complete,483,Leixões,Sporting CP II,N/A,30,1.43,1.13,1.26,1.09,3,1,4,3,2,1,"13,20,66","41",4,1,0,0,1,0,0,0,1,0,9,9,6,9,3,0,13,16,52,48,0.00,0.00,0.00,0.00,2.67,49,80,45,28,11,25,49,62,93,9.17,5.77,2.49,3.30,3.07,0.00,0.00,0.00,0.00,0.00,0.00,Estádio do Mar
1455721200,Feb 17 2016 - 3:00pm,complete,433,SC Olhanense,Varzim,N/A,30,1.93,0.86,1.96,1.00,1,1,2,1,1,0,"23","61",1,6,2,0,4,0,1,1,1,3,5,7,3,4,2,3,15,16,43,57,0.00,0.00,0.00,0.00,2.25,47,71,36,22,4,32,64,36,79,9.22,6.15,2.97,3.09,2.70,0.00,0.00,0.00,0.00,0.00,0.00,Estádio José Arcanjo
1455724800,Feb 17 2016 - 4:00pm,complete,443,Santa Clara,GD Chaves,N/A,30,1.50,1.71,1.74,1.57,2,2,4,2,1,1,"44,73","15,88",-1,-1,6,0,2,0,3,3,1,1,-1,-1,-1,-1,-1,-1,-1,-1,-1,-1,0.00,0.00,0.00,0.00,2.57,50,75,47,22,11,29,72,40,79,10.79,6.71,3.92,3.29,2.12,0.00,0.00,0.00,0.00,0.00,0.00,Estádio de São Miguel (Ponta Delgada- Ilha de São Miguel- Açores)
1455724800,Feb 17 2016 - 4:00pm,complete,452,Benfica II,CD Aves,N/A,30,1.60,1.60,1.57,1.30,2,1,3,2,1,1,"12,89","10",4,3,5,1,3,1,3,3,2,2,5,10,2,3,3,7,11,17,54,46,0.00,0.00,0.00,0.00,2.20,47,63,40,14,7,17,63,33,70,11.14,7.00,2.53,3.20,3.10,0.00,0.00,0.00,0.00,0.00,0.00,Caixa Futebol Campus
1455735600,Feb 17 2016 - 7:00pm,complete,558,FC Penafiel,Porto II,N/A,30,1.29,1.60,1.52,1.52,1,1,2,1,0,1,"68","30",6,8,3,0,4,1,1,2,1,4,11,13,5,6,6,7,21,11,41,59,0.00,0.00,0.00,0.00,2.22,52,69,41,21,7,24,55,37,69,11.60,6.16,2.57,3.37,2.90,0.00,0.00,0.00,0.00,0.00,0.00,Estádio Municipal 25 de Abril
1456053300,Feb 21 2016 - 11:15am,complete,655,Gil Vicente,Benfica II,N/A,31,1.93,0.64,1.83,0.83,3,2,5,3,1,2,"14,60,84","10,37",10,1,0,0,1,0,0,0,0,1,14,11,6,4,8,7,15,15,55,45,0.00,0.00,0.00,0.00,2.42,52,73,38,24,11,22,80,38,76,11.24,6.26,1.73,3.70,5.49,0.00,0.00,0.00,0.00,0.00,0.00,Estádio Cidade de Barcelos
1456066800,Feb 21 2016 - 3:00pm,complete,419,Porto II,Atlético CP,N/A,31,2.21,1.33,2.22,1.17,1,0,1,0,0,0,"52","",10,7,2,0,3,0,0,2,3,0,10,8,9,6,1,2,11,16,65,35,0.00,0.00,0.00,0.00,2.91,59,74,57,35,18,36,73,49,67,10.39,5.60,1.50,4.36,7.52,0.00,0.00,0.00,0.00,0.00,0.00,Estádio Dr. Jorge Sampaio
1456066800,Feb 21 2016 - 3:00pm,complete,782,Academico Viseu,Famalicão,N/A,31,1.43,1.79,1.43,1.57,0,1,1,0,0,0,"","79",5,7,3,1,4,0,0,4,1,3,5,7,2,7,3,0,15,22,50,50,0.00,0.00,0.00,0.00,2.22,54,64,40,18,4,21,50,36,83,10.92,5.64,2.82,3.15,2.79,0.00,0.00,0.00,0.00,0.00,0.00,Estádio Municipal do Fontelo
1456066800,Feb 21 2016 - 3:00pm,complete,244,Sporting CP II,Freamunde,N/A,31,1.57,1.50,1.74,1.30,1,1,2,0,0,0,"73","52",3,5,4,1,6,0,2,3,2,4,8,7,5,2,3,5,18,16,39,61,0.00,0.00,0.00,0.00,2.04,40,50,36,22,7,29,64,25,47,9.36,6.86,2.88,3.20,2.70,0.00,0.00,0.00,0.00,0.00,0.00,CGD Stadium Aurélio Pereira
1456066800,Feb 21 2016 - 3:00pm,complete,500,CD Mafra,Leixões,N/A,31,1.33,0.87,1.52,1.13,1,0,1,0,0,0,"62","",8,4,5,0,3,0,0,5,2,1,11,11,4,5,7,6,12,17,46,54,0.00,0.00,0.00,0.00,1.60,34,57,20,4,0,24,63,14,53,8.67,6.60,2.43,3.08,3.40,0.00,0.00,0.00,0.00,0.00,0.00,Estádio Municipal de Mafra
1456066800,Feb 21 2016 - 3:00pm,complete,482,UD Oliveirense,SC Olhanense,N/A,31,0.73,0.73,0.74,1.04,1,2,3,0,0,0,"79","50,55",12,7,3,1,1,0,1,3,0,1,10,6,2,4,8,2,15,15,58,42,0.00,0.00,0.00,0.00,2.33,54,64,47,24,7,17,64,43,80,8.93,5.67,2.40,3.23,3.29,0.00,0.00,0.00,0.00,0.00,0.00,Estádio Carlos Osório (Oliveira de Azeméis)
1456066800,Feb 21 2016 - 3:00pm,complete,908,CD Aves,Clube Oriental de Lisboa,N/A,31,1.71,0.73,1.61,0.87,0,1,1,0,0,0,"","80",-1,-1,1,0,3,0,1,0,1,2,-1,-1,-1,-1,-1,-1,-1,-1,-1,-1,0.00,0.00,0.00,0.00,2.10,38,62,31,14,7,17,38,38,83,8.87,6.46,1.66,3.73,6.28,0.00,0.00,0.00,0.00,0.00,0.00,Estádio Clube Desportivo das Aves
1456066800,Feb 21 2016 - 3:00pm,complete,3050,GD Chaves,FC Penafiel,N/A,31,1.93,1.00,1.96,1.13,1,1,2,1,0,1,"57","31",10,9,4,0,3,0,1,3,2,1,12,9,7,4,5,5,12,18,60,40,0.00,0.00,0.00,0.00,2.23,54,57,37,24,10,20,70,34,63,11.74,6.14,1.65,3.72,6.50,0.00,0.00,0.00,0.00,0.00,0.00,Estádio Municipal Eng. Manuel Branco Teixeira
1456066800,Feb 21 2016 - 3:00pm,complete,423,Sporting Covilhã,Portimonense,N/A,31,1.20,1.67,1.35,1.70,0,0,0,0,0,0,"","",5,3,3,0,3,1,1,2,2,2,12,7,8,0,4,7,11,16,54,46,0.00,0.00,0.00,0.00,2.24,50,67,40,17,7,30,70,30,67,11.66,5.14,2.56,3.20,3.06,0.00,0.00,0.00,0.00,0.00,0.00,Estádio Municipal José dos Santos Pinto
1456066800,Feb 21 2016 - 3:00pm,complete,621,Farense,Santa Clara,N/A,31,1.47,0.80,1.70,0.74,1,0,1,0,0,0,"47","",3,3,3,0,1,0,0,3,0,1,11,3,3,0,8,3,20,19,50,50,0.00,0.00,0.00,0.00,2.07,37,64,30,14,7,24,57,40,64,7.47,5.80,2.37,3.12,3.47,0.00,0.00,0.00,0.00,0.00,0.00,Estádio de São Lúis
1456066800,Feb 21 2016 - 3:00pm,complete,1523,Vitória Guimarães II,Varzim,N/A,31,1.40,0.87,1.74,1.00,0,1,1,0,0,0,"","46",6,5,2,0,4,0,0,2,0,4,10,8,5,4,5,4,12,26,46,54,0.00,0.00,0.00,0.00,2.00,37,57,30,17,7,17,64,27,70,9.66,5.86,3.07,3.16,2.58,0.00,0.00,0.00,0.00,0.00,0.00,Estádio Dom Afonso Henriques
1456070400,Feb 21 2016 - 4:00pm,complete,1048,CD Feirense,Sporting Braga II,N/A,31,2.20,1.14,2.00,1.17,1,2,3,1,0,1,"90'4","40,57",7,3,3,0,2,0,0,3,1,1,19,7,9,5,10,2,19,24,57,43,0.00,0.00,0.00,0.00,2.32,49,66,35,21,11,28,66,28,82,10.63,5.17,1.93,3.35,4.64,0.00,0.00,0.00,0.00,0.00,0.00,Estádio Marcolino de Castro
1456571700,Feb 27 2016 - 11:15am,complete,402,SC Olhanense,Sporting CP II,N/A,32,1.87,1.06,1.96,1.09,1,0,1,0,0,0,"69","",2,3,1,0,3,0,0,1,0,3,7,5,4,4,3,1,15,13,49,51,0.00,0.00,0.00,0.00,2.32,43,74,39,19,3,33,59,39,87,7.17,5.93,2.35,3.28,3.33,0.00,0.00,0.00,0.00,0.00,0.00,Estádio José Arcanjo
1456585200,Feb 27 2016 - 3:00pm,complete,695,Leixões,CD Aves,N/A,32,1.53,1.50,1.26,1.30,3,1,4,3,2,1,"4,45'3,57","43",1,3,2,0,4,1,0,2,1,4,5,10,4,5,1,5,13,25,50,50,0.00,0.00,0.00,0.00,2.47,53,72,46,23,7,23,55,49,78,10.60,6.14,3.06,3.15,2.59,0.00,0.00,0.00,0.00,0.00,0.00,Estádio do Mar
1456585200,Feb 27 2016 - 3:00pm,complete,982,Portimonense,Farense,N/A,32,1.60,0.80,1.70,0.74,1,0,1,0,0,0,"80","",6,5,2,0,3,1,0,2,2,2,9,5,3,4,6,1,20,20,61,39,0.00,0.00,0.00,0.00,2.30,50,70,40,14,4,24,50,44,80,10.27,5.00,1.59,3.88,6.91,0.00,0.00,0.00,0.00,0.00,0.00,Estádio do Portimonense SC (Portimão)
1456585200,Feb 27 2016 - 3:00pm,complete,396,Clube Oriental de Lisboa,Gil Vicente,N/A,32,1.13,1.13,0.91,0.87,1,1,2,2,1,1,"8","44",7,5,2,1,1,0,0,3,1,0,7,12,2,6,5,6,19,12,43,57,0.00,0.00,0.00,0.00,2.74,47,74,50,20,10,30,67,50,84,10.20,5.53,3.89,3.42,2.08,0.00,0.00,0.00,0.00,0.00,0.00,Campo Engenheiro Carlos Salema
1456585200,Feb 27 2016 - 3:00pm,complete,516,FC Penafiel,Vitória Guimarães II,N/A,32,1.27,0.93,1.52,0.87,3,0,3,2,2,0,"37,45'1,75","",7,5,3,0,1,0,0,3,0,1,10,6,4,4,6,2,15,13,51,49,0.00,0.00,0.00,0.00,2.50,53,67,34,23,14,30,60,37,74,9.93,6.40,1.85,3.50,4.86,0.00,0.00,0.00,0.00,0.00,0.00,Estádio Municipal 25 de Abril
1456585200,Feb 27 2016 - 3:00pm,complete,118,Atlético CP,Academico Viseu,N/A,32,1.20,1.19,1.04,1.00,1,1,2,1,1,0,"33","84",3,6,5,0,2,0,1,4,0,2,7,9,3,7,4,2,17,16,40,60,0.00,0.00,0.00,0.00,2.17,43,55,32,23,13,27,49,42,75,9.73,7.15,2.56,3.17,3.08,0.00,0.00,0.00,0.00,0.00,0.00,Estádio Da Tapadinha
1456585200,Feb 27 2016 - 3:00pm,complete,200,Sporting Braga II,Sporting Covilhã,N/A,32,1.63,1.33,1.30,1.17,0,2,2,1,0,1,"","21,86",4,3,7,2,2,0,1,8,1,1,9,9,5,5,4,4,18,22,51,49,0.00,0.00,0.00,0.00,2.28,56,69,39,26,3,23,74,36,65,9.58,6.27,2.41,3.22,3.28,0.00,0.00,0.00,0.00,0.00,0.00,Estádio 1º de Maio
1456585200,Feb 27 2016 - 3:00pm,complete,704,Freamunde,UD Oliveirense,N/A,32,1.69,0.80,1.91,0.52,1,0,1,1,1,0,"4","",7,2,2,0,2,1,0,2,0,3,11,8,5,6,6,2,22,18,49,51,0.00,0.00,0.00,0.00,2.37,55,75,45,20,4,30,65,49,72,10.16,5.98,1.44,4.47,8.75,0.00,0.00,0.00,0.00,0.00,0.00,Complexo Desportivo do SC Freamunde
1456588800,Feb 27 2016 - 4:00pm,complete,716,Benfica II,GD Chaves,N/A,32,1.69,1.67,1.57,1.57,0,1,1,1,0,1,"","38",15,3,2,0,2,0,0,2,1,1,17,9,5,7,12,2,20,18,62,38,0.00,0.00,0.00,0.00,2.62,62,74,52,20,10,36,78,36,81,11.54,6.85,3.63,3.43,2.16,0.00,0.00,0.00,0.00,0.00,0.00,Caixa Futebol Campus
1456658100,Feb 28 2016 - 11:15am,complete,2764,Varzim,Porto II,N/A,32,1.80,1.56,1.83,1.52,2,0,2,0,0,0,"78,90'2","",5,1,3,0,3,1,1,2,0,4,12,5,6,0,6,5,18,16,47,53,0.00,0.00,0.00,0.00,2.45,52,74,45,19,10,19,48,52,87,12.22,5.55,2.99,3.29,2.55,0.00,0.00,0.00,0.00,0.00,0.00,Estádio Varzim Sport Club
1456660800,Feb 28 2016 - 12:00pm,complete,474,Santa Clara,CD Mafra,N/A,32,1.47,0.73,1.74,0.83,1,0,1,1,1,0,"27","",1,4,4,0,4,0,3,1,1,3,5,8,3,3,2,5,18,16,54,46,0.00,0.00,0.00,0.00,2.24,47,74,34,17,7,24,67,37,70,8.80,6.93,2.33,3.00,3.73,0.00,0.00,0.00,0.00,0.00,0.00,Estádio de São Miguel (Ponta Delgada- Ilha de São Miguel- Açores)
1456671600,Feb 28 2016 - 3:00pm,complete,4647,Famalicão,CD Feirense,N/A,32,1.50,1.47,1.57,1.39,1,0,1,0,0,0,"87","",8,1,2,0,4,2,0,2,1,5,15,5,7,2,8,3,18,22,59,41,0.00,0.00,0.00,0.00,2.50,58,74,35,22,13,32,74,32,78,9.61,7.21,2.25,3.25,3.59,0.00,0.00,0.00,0.00,0.00,0.00,Estádio Municipal 22 de Junho
1457114400,Mar 04 2016 - 6:00pm,complete,787,CD Feirense,Atlético CP,N/A,33,2.06,1.25,2.00,1.17,1,2,3,0,0,0,"48","77,90",5,5,2,0,3,0,1,1,2,1,5,12,2,5,3,7,21,13,53,47,0.00,0.00,0.00,0.00,1.88,44,54,32,13,3,10,56,28,69,10.00,6.25,1.83,3.34,5.45,0.00,0.00,0.00,0.00,0.00,0.00,Estádio Marcolino de Castro
1457176500,Mar 05 2016 - 11:15am,complete,2028,GD Chaves,Vitória Guimarães II,N/A,33,1.88,0.88,1.96,0.87,1,1,2,1,1,0,"38","81",10,6,3,0,5,0,1,2,1,4,9,10,4,2,5,8,13,19,60,40,0.00,0.00,0.00,0.00,2.60,50,66,41,25,13,32,63,47,72,10.69,5.63,1.38,4.70,9.99,0.00,0.00,0.00,0.00,0.00,0.00,Estádio Municipal Eng. Manuel Branco Teixeira
1457190000,Mar 05 2016 - 3:00pm,complete,600,CD Mafra,Benfica II,N/A,33,1.44,0.60,1.52,0.83,0,0,0,0,0,0,"","",4,3,1,0,4,0,1,0,1,3,9,8,5,4,4,4,19,14,52,48,0.00,0.00,0.00,0.00,2.06,46,65,30,14,10,23,65,30,68,9.63,6.30,2.47,3.11,3.29,0.00,0.00,0.00,0.00,0.00,0.00,Estádio Municipal de Mafra
1457190000,Mar 05 2016 - 3:00pm,complete,794,Portimonense,Sporting Braga II,N/A,33,1.69,1.27,1.70,1.17,1,5,6,4,0,4,"89","8,12,21,34,64",4,3,2,1,1,0,2,1,1,0,12,10,5,7,7,3,10,12,55,45,0.00,0.00,0.00,0.00,2.37,52,71,39,17,10,30,62,39,81,10.58,4.78,1.61,3.82,6.79,0.00,0.00,0.00,0.00,0.00,0.00,Estádio do Portimonense SC (Portimão)
1457190000,Mar 05 2016 - 3:00pm,complete,488,Sporting CP II,Famalicão,N/A,33,1.53,1.87,1.74,1.57,0,0,0,0,0,0,"","",4,1,1,0,2,0,1,0,1,1,8,8,3,5,5,3,19,19,58,42,0.00,0.00,0.00,0.00,2.27,50,60,44,23,7,27,50,33,70,9.66,6.54,2.87,3.21,2.70,0.00,0.00,0.00,0.00,0.00,0.00,CGD Stadium Aurélio Pereira
1457190000,Mar 05 2016 - 3:00pm,complete,419,Porto II,SC Olhanense,N/A,33,2.27,0.88,2.22,1.04,0,0,0,0,0,0,"","",7,1,3,0,6,0,2,1,2,4,7,10,2,5,5,5,9,25,69,31,0.00,0.00,0.00,0.00,3.06,56,72,62,39,17,37,68,53,84,10.82,4.88,1.44,4.70,8.23,0.00,0.00,0.00,0.00,0.00,0.00,Estádio Dr. Jorge Sampaio
1457190000,Mar 05 2016 - 3:00pm,complete,461,Academico Viseu,FC Penafiel,N/A,33,1.33,1.00,1.43,1.13,0,2,2,2,0,2,"","16,45'2",7,2,3,0,2,0,1,2,2,0,6,5,2,3,4,2,19,24,60,40,0.00,0.00,0.00,0.00,2.35,58,62,33,23,13,20,74,29,78,11.17,6.24,2.37,3.13,3.46,0.00,0.00,0.00,0.00,0.00,0.00,Estádio Municipal do Fontelo
1457190000,Mar 05 2016 - 3:00pm,complete,904,CD Aves,Freamunde,N/A,33,1.60,1.47,1.61,1.30,1,1,2,1,1,0,"43","54",5,3,6,0,3,0,3,3,1,2,9,4,5,3,4,1,16,11,49,51,0.00,0.00,0.00,0.00,1.74,33,50,24,10,4,17,43,27,67,10.07,6.34,2.68,2.96,3.13,0.00,0.00,0.00,0.00,0.00,0.00,Estádio Clube Desportivo das Aves
1457190000,Mar 05 2016 - 3:00pm,complete,236,Sporting Covilhã,Santa Clara,N/A,33,1.19,0.75,1.35,0.74,1,0,1,1,1,0,"41","",9,5,2,0,4,0,0,2,0,4,12,9,5,7,7,2,19,14,51,49,0.00,0.00,0.00,0.00,1.91,29,53,28,13,3,28,60,19,60,10.01,5.25,1.84,3.35,5.30,0.00,0.00,0.00,0.00,0.00,0.00,Estádio Municipal José dos Santos Pinto
1457190000,Mar 05 2016 - 3:00pm,complete,470,Farense,Clube Oriental de Lisboa,N/A,33,1.56,0.88,1.70,0.87,1,0,1,0,0,0,"50","",4,8,0,0,0,0,0,0,0,0,9,8,3,6,6,2,7,22,51,49,0.00,0.00,0.00,0.00,2.04,35,63,32,10,6,19,44,44,72,6.98,6.57,2.10,3.31,3.96,0.00,0.00,0.00,0.00,0.00,0.00,Estádio de São Lúis
1457190000,Mar 05 2016 - 3:00pm,complete,1143,Gil Vicente,Leixões,N/A,33,2.00,0.81,1.83,1.13,2,0,2,1,1,0,"21,70","",5,11,2,0,5,0,1,1,2,3,9,11,5,6,4,5,14,13,41,59,0.00,0.00,0.00,0.00,2.10,41,63,32,19,7,26,75,25,66,10.44,6.31,1.78,3.54,5.42,0.00,0.00,0.00,0.00,0.00,0.00,Estádio Cidade de Barcelos
1457190000,Mar 05 2016 - 3:00pm,complete,565,UD Oliveirense,Varzim,N/A,33,0.69,1.00,0.74,1.00,1,0,1,1,1,0,"20","",2,7,4,0,5,0,1,3,2,3,5,9,2,7,3,2,12,18,35,65,0.00,0.00,0.00,0.00,2.41,60,75,44,22,6,19,63,47,85,11.12,6.19,3.67,3.27,2.21,0.00,0.00,0.00,0.00,0.00,0.00,Estádio Carlos Osório (Oliveira de Azeméis)
1457533800,Mar 09 2016 - 2:30pm,complete,347,Porto II,CD Aves,N/A,34,2.19,1.41,2.22,1.30,0,1,1,1,0,1,"","19",4,3,1,0,4,0,0,1,1,3,11,7,5,3,6,4,11,23,59,41,0.00,0.00,0.00,0.00,2.88,52,74,58,31,13,37,67,46,77,12.06,5.94,1.82,3.70,4.75,0.00,0.00,0.00,0.00,0.00,0.00,Estádio Dr. Jorge Sampaio
1457533800,Mar 09 2016 - 2:30pm,complete,261,Benfica II,Sporting Covilhã,N/A,34,1.59,1.44,1.57,1.17,2,2,4,2,2,0,"4,10","87,90'4",0,7,4,1,3,0,1,4,1,2,2,15,0,4,2,11,14,12,29,71,0.00,0.00,0.00,0.00,2.55,64,80,46,25,6,27,76,34,79,11.48,6.54,3.05,3.29,2.51,0.00,0.00,0.00,0.00,0.00,0.00,Caixa Futebol Campus
1457535600,Mar 09 2016 - 3:00pm,complete,326,Clube Oriental de Lisboa,Sporting Braga II,N/A,34,1.13,1.38,0.91,1.17,0,0,0,0,0,0,"","",4,4,4,0,2,0,1,3,1,1,12,10,6,6,6,4,17,17,48,52,0.00,0.00,0.00,0.00,2.97,63,82,50,28,19,41,78,51,78,10.25,4.94,0.00,0.00,0.00,0.00,0.00,0.00,0.00,0.00,0.00,Campo Engenheiro Carlos Salema
1457535600,Mar 09 2016 - 3:00pm,complete,337,SC Olhanense,GD Chaves,N/A,34,1.94,1.75,1.96,1.57,1,0,1,1,1,0,"12","",4,6,4,0,3,0,0,4,1,2,7,9,4,4,3,5,22,14,39,61,0.00,0.00,0.00,0.00,2.31,50,69,41,16,3,38,72,32,78,9.23,6.07,3.94,3.23,2.14,0.00,0.00,0.00,0.00,0.00,0.00,Estádio José Arcanjo
1457535600,Mar 09 2016 - 3:00pm,complete,476,Freamunde,Farense,N/A,34,1.76,0.75,1.91,0.74,3,0,3,2,2,0,"17,24,76","",7,0,1,0,3,0,0,1,0,3,13,10,3,4,10,6,13,15,62,38,0.00,0.00,0.00,0.00,2.16,52,64,43,13,3,22,58,40,67,9.77,5.04,1.72,3.43,6.28,0.00,0.00,0.00,0.00,0.00,0.00,Complexo Desportivo do SC Freamunde
1457535600,Mar 09 2016 - 3:00pm,complete,519,Leixões,CD Feirense,N/A,34,1.63,1.38,1.26,1.39,0,1,1,0,0,0,"","77",14,4,0,0,1,0,0,0,0,1,13,11,7,4,6,7,14,15,57,43,0.00,0.00,0.00,0.00,2.50,60,76,38,29,10,29,56,41,91,8.69,5.87,3.17,3.16,2.51,0.00,0.00,0.00,0.00,0.00,0.00,Estádio do Mar
1457535600,Mar 09 2016 - 3:00pm,complete,428,FC Penafiel,Gil Vicente,N/A,34,1.38,1.13,1.52,0.87,1,0,1,1,1,0,"27","",12,5,2,0,2,0,0,2,1,1,8,11,5,6,3,5,13,21,48,52,0.00,0.00,0.00,0.00,2.03,44,63,32,13,3,28,60,22,69,10.37,6.26,2.61,3.16,3.02,0.00,0.00,0.00,0.00,0.00,0.00,Estádio Municipal 25 de Abril
1457535600,Mar 09 2016 - 3:00pm,complete,333,Atlético CP,Sporting CP II,N/A,34,1.19,1.00,1.04,1.09,1,3,4,2,1,1,"39","11,66,80",2,3,2,0,6,0,1,1,3,3,6,10,0,5,6,5,16,17,56,44,0.00,0.00,0.00,0.00,2.36,43,61,36,25,13,31,55,36,88,8.85,6.62,2.25,3.27,3.57,0.00,0.00,0.00,0.00,0.00,0.00,Estádio Da Tapadinha
1457535600,Mar 09 2016 - 3:00pm,complete,2700,Famalicão,CD Mafra,N/A,34,1.59,0.69,1.57,0.83,4,1,5,3,3,0,"7,19,32,52","69",5,3,1,0,4,0,1,0,1,3,6,9,2,3,4,6,16,15,52,48,0.00,0.00,0.00,0.00,2.32,52,70,33,15,9,30,76,33,64,9.87,7.39,1.78,3.35,5.87,0.00,0.00,0.00,0.00,0.00,0.00,Estádio Municipal 22 de Junho
1457535600,Mar 09 2016 - 3:00pm,complete,862,Vitória Guimarães II,UD Oliveirense,N/A,34,1.31,0.75,1.74,0.52,4,2,6,3,2,1,"19,45'1,81,86","28,63",6,4,3,0,2,0,0,3,1,1,10,4,4,2,6,2,16,7,57,43,0.00,0.00,0.00,0.00,2.10,35,57,32,19,6,26,63,32,69,8.82,6.19,1.88,3.49,4.73,0.00,0.00,0.00,0.00,0.00,0.00,Estádio Dom Afonso Henriques
1457535600,Mar 09 2016 - 3:00pm,complete,620,Varzim,Academico Viseu,N/A,34,1.88,1.18,1.83,1.00,2,1,3,2,1,1,"6,83","30",8,1,2,0,5,3,1,1,1,7,5,7,0,4,5,3,20,20,58,42,0.00,0.00,0.00,0.00,2.10,43,67,30,16,6,13,36,52,83,10.62,6.34,2.00,3.26,4.47,0.00,0.00,0.00,0.00,0.00,0.00,Estádio Varzim Sport Club
1457539200,Mar 09 2016 - 4:00pm,complete,229,Santa Clara,Portimonense,N/A,34,1.56,1.63,1.74,1.70,1,1,2,0,0,0,"61","48",3,6,2,0,3,0,1,1,2,1,12,16,6,7,6,9,25,17,47,53,0.00,0.00,0.00,0.00,2.53,60,75,47,28,13,25,69,47,75,10.27,6.13,3.17,3.16,2.51,0.00,0.00,0.00,0.00,0.00,0.00,Estádio de São Miguel (Ponta Delgada- Ilha de São Miguel- Açores)
1457798400,Mar 12 2016 - 4:00pm,complete,1426,CD Feirense,Benfica II,N/A,35,1.94,0.63,2.00,0.83,1,0,1,0,0,0,"60","",4,2,4,0,4,0,0,4,3,1,5,8,2,5,3,3,22,14,47,53,0.00,0.00,0.00,0.00,2.37,49,70,43,19,10,25,64,37,85,11.05,6.34,1.65,3.84,6.16,0.00,0.00,0.00,0.00,0.00,0.00,Estádio Marcolino de Castro
1457866800,Mar 13 2016 - 11:00am,complete,182,Sporting CP II,Santa Clara,N/A,35,1.50,0.71,1.74,0.74,2,1,3,3,2,1,"5,29","44",6,9,2,1,5,0,0,3,1,4,13,10,6,6,7,4,16,16,49,51,0.00,0.00,0.00,0.00,2.19,43,55,34,25,10,28,61,30,58,8.49,6.13,1.97,3.34,4.47,0.00,0.00,0.00,0.00,0.00,0.00,CGD Stadium Aurélio Pereira
1457867700,Mar 13 2016 - 11:15am,complete,454,UD Oliveirense,Porto II,N/A,35,0.82,1.47,0.74,1.52,0,1,1,1,0,1,"","44",5,6,2,0,2,0,0,2,1,1,10,6,4,2,6,4,16,18,49,51,0.00,0.00,0.00,0.00,2.56,59,79,53,21,9,21,62,56,82,11.06,5.82,4.73,3.71,1.82,0.00,0.00,0.00,0.00,0.00,0.00,Estádio Carlos Osório (Oliveira de Azeméis)
1457881200,Mar 13 2016 - 3:00pm,complete,750,CD Aves,Atlético CP,N/A,35,1.56,1.35,1.61,1.17,2,0,2,1,1,0,"11,62","",5,4,2,1,2,0,2,1,0,2,6,8,4,2,2,6,13,16,51,49,0.00,0.00,0.00,0.00,1.80,43,52,24,13,6,10,46,27,68,8.95,6.41,1.87,3.35,5.08,0.00,0.00,0.00,0.00,0.00,0.00,Estádio Clube Desportivo das Aves
1457881200,Mar 13 2016 - 3:00pm,complete,729,Farense,Famalicão,N/A,35,1.65,1.81,1.70,1.57,2,2,4,2,1,1,"27,49","40,64",6,5,4,0,2,0,1,3,0,2,5,5,2,3,3,2,17,16,46,54,0.00,0.00,0.00,0.00,1.88,37,58,34,10,3,19,39,36,73,8.35,5.76,3.36,3.06,2.46,0.00,0.00,0.00,0.00,0.00,0.00,Estádio de São Lúis
1457881200,Mar 13 2016 - 3:00pm,complete,356,CD Mafra,Freamunde,N/A,35,1.41,1.44,1.52,1.30,2,1,3,2,2,0,"15,34","49",4,9,4,1,2,0,0,5,2,0,6,10,3,4,3,6,18,10,37,63,0.00,0.00,0.00,0.00,1.46,37,49,19,3,0,13,52,22,52,9.40,6.16,2.84,2.88,3.02,0.00,0.00,0.00,0.00,0.00,0.00,Estádio Municipal de Mafra
1457881200,Mar 13 2016 - 3:00pm,complete,500,Academico Viseu,SC Olhanense,N/A,35,1.25,0.88,1.43,1.04,0,0,0,0,0,0,"","",10,1,2,0,3,0,1,1,0,3,10,6,2,0,8,6,19,13,62,38,0.00,0.00,0.00,0.00,2.13,46,55,33,22,6,19,58,33,73,9.34,5.87,2.06,3.24,4.23,0.00,0.00,0.00,0.00,0.00,0.00,Estádio Municipal do Fontelo
1457881200,Mar 13 2016 - 3:00pm,complete,806,Portimonense,Clube Oriental de Lisboa,N/A,35,1.59,0.82,1.70,0.87,1,0,1,0,0,0,"88","",5,6,1,0,1,0,0,1,1,0,15,9,9,4,6,5,14,16,50,50,0.00,0.00,0.00,0.00,2.24,41,65,38,12,6,21,41,44,85,10.12,5.82,1.57,3.94,7.13,0.00,0.00,0.00,0.00,0.00,0.00,Estádio do Portimonense SC (Portimão)
1457881200,Mar 13 2016 - 3:00pm,complete,490,Sporting Braga II,Leixões,N/A,35,1.53,0.76,1.30,1.13,0,1,1,1,0,1,"","12",1,4,1,0,2,0,1,0,0,2,10,6,5,4,5,2,14,13,55,45,0.00,0.00,0.00,0.00,1.82,30,56,27,12,3,27,74,18,56,8.89,7.41,2.10,3.24,4.07,0.00,0.00,0.00,0.00,0.00,0.00,Estádio 1º de Maio
1457881200,Mar 13 2016 - 3:00pm,complete,3141,GD Chaves,Varzim,N/A,35,1.82,0.94,1.96,1.00,1,0,1,0,0,0,"53","",3,2,5,0,3,0,0,5,0,3,13,6,8,4,5,2,20,23,46,54,0.00,0.00,0.00,0.00,2.06,50,62,29,21,3,18,62,35,68,12.29,6.23,1.82,3.41,5.33,0.00,0.00,0.00,0.00,0.00,0.00,Estádio Municipal Eng. Manuel Branco Teixeira
1457881200,Mar 13 2016 - 3:00pm,complete,536,Sporting Covilhã,FC Penafiel,N/A,35,1.29,1.12,1.35,1.13,2,2,4,1,1,0,"45,65","82,88",7,5,0,0,2,0,0,0,2,0,10,4,6,3,4,1,9,12,51,49,0.00,0.00,0.00,0.00,2.06,39,56,30,15,9,27,77,15,59,11.35,5.82,2.29,3.17,3.59,0.00,0.00,0.00,0.00,0.00,0.00,Estádio Municipal José dos Santos Pinto
1457881200,Mar 13 2016 - 3:00pm,complete,1083,Gil Vicente,Vitória Guimarães II,N/A,35,2.06,0.88,1.83,0.87,2,1,3,3,2,1,"7,29","11",5,5,3,0,3,0,0,3,2,1,6,9,4,5,2,4,18,17,44,56,0.00,0.00,0.00,0.00,2.80,53,74,41,29,18,27,77,47,82,10.24,5.24,1.79,3.56,5.21,0.00,0.00,0.00,0.00,0.00,0.00,Estádio Cidade de Barcelos
1458140400,Mar 16 2016 - 3:00pm,complete,1164,Vitória Guimarães II,CD Aves,N/A,36,1.41,1.50,1.74,1.30,2,0,2,0,0,0,"57,83","",4,2,1,0,2,1,0,1,1,2,10,6,3,2,7,4,18,14,64,36,0.00,0.00,0.00,0.00,1.94,32,49,34,12,6,18,60,23,63,9.42,6.42,2.94,3.17,2.67,0.00,0.00,0.00,0.00,0.00,0.00,Estádio Dom Afonso Henriques
1458140400,Mar 16 2016 - 3:00pm,complete,484,FC Penafiel,Sporting Braga II,N/A,36,1.47,1.35,1.52,1.17,0,0,0,0,0,0,"","",5,3,3,0,3,0,1,2,1,2,5,8,2,5,3,3,11,18,47,53,0.00,0.00,0.00,0.00,2.21,53,65,33,21,12,33,68,24,65,10.65,5.64,1.83,3.45,5.18,0.00,0.00,0.00,0.00,0.00,0.00,Estádio Municipal 25 de Abril
1458140400,Mar 16 2016 - 3:00pm,complete,1119,Porto II,GD Chaves,N/A,36,2.06,1.65,2.22,1.57,0,0,0,0,0,0,"","",5,4,2,0,4,0,0,2,2,2,9,12,4,4,5,8,8,22,60,40,0.00,0.00,0.00,0.00,3.00,56,74,59,33,15,44,79,47,77,12.51,5.35,2.10,3.41,3.83,0.00,0.00,0.00,0.00,0.00,0.00,Estádio Dr. Jorge Sampaio
1458140400,Mar 16 2016 - 3:00pm,complete,309,SC Olhanense,Gil Vicente,N/A,36,2.00,1.06,1.96,0.87,0,0,0,0,0,0,"","",4,8,1,0,1,0,0,1,0,1,10,4,2,0,8,4,19,22,59,41,0.00,0.00,0.00,0.00,2.09,38,62,32,12,3,32,65,27,74,8.00,5.58,2.52,3.11,3.20,0.00,0.00,0.00,0.00,0.00,0.00,Estádio José Arcanjo
1458140400,Mar 16 2016 - 3:00pm,complete,425,Clube Oriental de Lisboa,CD Mafra,N/A,36,1.12,0.65,0.91,0.83,0,1,1,0,0,0,"","90'2",9,5,1,0,4,0,0,1,0,4,8,12,4,5,4,7,19,28,55,45,0.00,0.00,0.00,0.00,2.44,53,74,39,15,9,30,71,44,68,9.64,6.30,2.81,3.06,2.88,0.00,0.00,0.00,0.00,0.00,0.00,Campo Engenheiro Carlos Salema
1458140400,Mar 16 2016 - 3:00pm,complete,1053,Varzim,Sporting CP II,N/A,36,1.94,1.11,1.83,1.09,2,1,3,1,1,0,"40,75","54",13,5,4,1,3,0,2,3,1,2,10,14,4,4,6,10,19,12,55,45,0.00,0.00,0.00,0.00,2.37,43,72,40,20,6,23,43,49,94,9.86,5.93,2.10,3.28,4.01,0.00,0.00,0.00,0.00,0.00,0.00,Estádio Varzim Sport Club
1458140400,Mar 16 2016 - 3:00pm,complete,199,Atlético CP,UD Oliveirense,N/A,36,1.12,0.71,1.04,0.52,4,1,5,1,0,1,"73,84,90'2,90'4","26",10,1,5,0,4,0,3,2,1,3,13,7,6,4,7,3,18,20,53,47,0.00,0.00,0.00,0.00,2.59,53,65,38,32,15,41,68,41,79,9.59,7.00,1.65,3.70,6.43,0.00,0.00,0.00,0.00,0.00,0.00,Estádio Da Tapadinha
1458144000,Mar 16 2016 - 4:00pm,complete,539,Benfica II,Farense,N/A,36,1.56,0.71,1.57,0.74,3,0,3,0,0,0,"","",4,6,4,1,1,1,2,3,1,1,3,14,2,8,1,6,14,17,41,59,0.00,0.00,0.00,0.00,2.46,54,69,46,20,9,31,66,34,77,9.76,6.15,2.07,3.35,4.02,0.00,0.00,0.00,0.00,0.00,0.00,Caixa Futebol Campus
1458158400,Mar 16 2016 - 8:00pm,complete,595,Santa Clara,CD Feirense,N/A,36,1.53,1.47,1.74,1.39,0,0,0,0,0,0,"","",8,6,2,0,2,0,0,2,1,1,9,13,3,6,6,7,11,11,54,46,0.00,0.00,0.00,0.00,2.21,47,68,30,21,9,21,59,33,82,8.13,6.70,3.31,3.11,2.46,0.00,0.00,0.00,0.00,0.00,0.00,Estádio de São Miguel (Ponta Delgada- Ilha de São Miguel- Açores)
1458472500,Mar 20 2016 - 11:15am,complete,897,Portimonense,Benfica II,N/A,37,1.67,0.59,1.70,0.83,1,0,1,0,0,0,"79","",5,1,1,0,0,0,0,1,0,0,18,3,9,3,9,0,12,14,58,42,0.00,0.00,0.00,0.00,2.38,46,69,40,18,12,29,58,40,83,10.75,6.04,1.79,3.62,5.14,0.00,0.00,0.00,0.00,0.00,0.00,Estádio do Portimonense SC (Portimão)
1458486000,Mar 20 2016 - 3:00pm,complete,3234,GD Chaves,Atlético CP,N/A,37,1.89,1.28,1.96,1.17,1,0,1,1,1,0,"40","",4,2,1,0,3,0,0,1,0,3,12,9,4,5,8,4,16,13,53,47,0.00,0.00,0.00,0.00,1.81,47,53,28,14,3,12,56,31,56,10.50,6.33,1.58,3.83,7.36,0.00,0.00,0.00,0.00,0.00,0.00,Estádio Municipal Eng. Manuel Branco Teixeira
1458486000,Mar 20 2016 - 3:00pm,complete,840,Academico Viseu,Vitória Guimarães II,N/A,37,1.24,0.83,1.43,0.87,2,1,3,1,0,1,"61,80","24",4,5,2,0,2,2,1,1,0,4,8,9,3,4,5,5,11,14,60,40,0.00,0.00,0.00,0.00,2.62,52,69,37,23,14,34,66,40,77,10.17,5.76,2.07,3.28,4.13,0.00,0.00,0.00,0.00,0.00,0.00,Estádio Municipal do Fontelo
1458486000,Mar 20 2016 - 3:00pm,complete,184,Sporting CP II,UD Oliveirense,N/A,37,1.59,0.67,1.74,0.52,5,0,5,3,3,0,"12,24,28,49,78","",9,3,0,0,0,0,0,0,0,0,13,0,9,0,4,0,7,13,54,46,0.00,0.00,0.00,0.00,2.62,55,69,43,34,15,37,69,43,63,8.58,6.96,1.51,4.17,7.74,0.00,0.00,0.00,0.00,0.00,0.00,CGD Stadium Aurélio Pereira
1458486000,Mar 20 2016 - 3:00pm,complete,861,CD Aves,FC Penafiel,N/A,37,1.65,1.11,1.61,1.13,0,1,1,1,0,1,"","26",5,2,3,1,2,0,2,2,0,2,13,10,6,3,7,7,19,16,56,44,0.00,0.00,0.00,0.00,2.22,48,63,29,20,12,17,65,26,80,10.41,6.16,2.23,3.12,3.83,0.00,0.00,0.00,0.00,0.00,0.00,Estádio Clube Desportivo das Aves
1458486000,Mar 20 2016 - 3:00pm,complete,540,Sporting Braga II,Varzim,N/A,37,1.44,0.89,1.30,1.00,0,2,2,1,0,1,"","1,51",7,2,3,0,1,0,0,3,1,0,15,6,4,5,11,1,15,13,51,49,0.00,0.00,0.00,0.00,1.97,39,56,28,20,6,17,70,31,64,9.28,6.61,2.67,3.09,3.01,0.00,0.00,0.00,0.00,0.00,0.00,Estádio 1º de Maio
1458486000,Mar 20 2016 - 3:00pm,complete,522,Sporting Covilhã,Famalicão,N/A,37,1.28,1.76,1.35,1.57,0,1,1,0,0,0,"","80",5,4,2,0,4,0,1,1,1,3,10,6,3,3,7,3,30,20,61,39,0.00,0.00,0.00,0.00,1.92,35,55,38,15,0,26,51,23,66,11.17,5.27,2.53,3.11,3.19,0.00,0.00,0.00,0.00,0.00,0.00,Estádio Municipal José dos Santos Pinto
1458486000,Mar 20 2016 - 3:00pm,complete,659,Farense,Leixões,N/A,37,1.61,0.89,1.70,1.13,3,0,3,0,0,0,"61,66,89","",4,8,2,0,3,0,1,1,0,3,11,12,2,5,9,7,14,15,47,53,0.00,0.00,0.00,0.00,1.83,28,59,25,9,3,28,61,25,62,8.05,6.83,2.26,3.14,3.71,0.00,0.00,0.00,0.00,0.00,0.00,Estádio de São Lúis
1458486000,Mar 20 2016 - 3:00pm,complete,981,CD Feirense,Freamunde,N/A,37,2.00,1.35,2.00,1.30,0,2,2,0,0,0,"","55,73",6,4,3,0,4,1,2,1,1,4,13,7,7,3,6,4,12,21,50,50,0.00,0.00,0.00,0.00,1.91,43,57,34,9,0,18,55,29,74,11.12,6.25,2.52,3.06,3.26,0.00,0.00,0.00,0.00,0.00,0.00,Estádio Marcolino de Castro
1458486000,Mar 20 2016 - 3:00pm,complete,2165,Gil Vicente,Porto II,N/A,37,2.11,1.56,1.83,1.52,1,2,3,0,0,0,"90'2","54,60",8,1,2,0,1,1,0,2,0,2,23,4,8,2,15,2,25,9,50,50,0.00,0.00,0.00,0.00,2.50,53,75,45,25,11,20,72,48,75,11.56,5.17,2.37,3.33,3.24,0.00,0.00,0.00,0.00,0.00,0.00,Estádio Cidade de Barcelos
1458486000,Mar 20 2016 - 3:00pm,complete,473,CD Mafra,SC Olhanense,N/A,37,1.50,0.89,1.52,1.04,1,0,1,1,1,0,"44","",8,3,1,0,1,0,0,1,0,1,9,6,2,2,7,4,9,15,44,56,0.00,0.00,0.00,0.00,1.67,39,47,28,11,3,11,50,25,62,8.00,5.78,2.18,3.08,4.05,0.00,0.00,0.00,0.00,0.00,0.00,Estádio Municipal de Mafra
1458489600,Mar 20 2016 - 4:00pm,complete,841,Santa Clara,Clube Oriental de Lisboa,N/A,37,1.50,0.78,1.74,0.87,2,2,4,1,0,1,"51,61","45'1,89",7,6,2,0,0,0,0,2,0,0,11,9,2,4,9,5,14,21,48,52,0.00,0.00,0.00,0.00,2.23,39,64,36,20,9,20,47,42,78,8.93,6.50,1.93,3.32,4.76,0.00,0.00,0.00,0.00,0.00,0.00,Estádio de São Miguel (Ponta Delgada- Ilha de São Miguel- Açores)
1459004400,Mar 26 2016 - 3:00pm,complete,932,Freamunde,Sporting Covilhã,N/A,36,1.83,1.41,1.91,1.17,1,0,1,0,0,0,"81","",3,4,3,0,3,0,2,1,0,3,6,10,3,6,3,4,17,18,50,50,0.00,0.00,0.00,0.00,2.39,61,78,49,21,0,26,72,40,72,11.07,5.46,2.07,3.21,4.26,0.00,0.00,0.00,0.00,0.00,0.00,Complexo Desportivo do SC Freamunde
1459004400,Mar 26 2016 - 3:00pm,complete,3201,Famalicão,Portimonense,N/A,36,1.67,1.59,1.57,1.70,1,1,2,1,0,1,"71","8",12,2,5,0,2,1,1,4,0,3,14,6,7,4,7,2,13,14,67,33,0.00,0.00,0.00,0.00,2.74,69,77,49,29,17,34,74,49,74,11.59,6.37,2.36,3.16,3.44,0.00,0.00,0.00,0.00,0.00,0.00,Estádio Municipal 22 de Junho
1459004400,Mar 26 2016 - 3:00pm,complete,1640,Leixões,Academico Viseu,N/A,36,1.53,1.11,1.26,1.00,1,1,2,1,1,0,"26","56",5,4,1,0,4,1,0,1,2,3,9,12,5,7,4,5,22,22,46,54,0.00,0.00,0.00,0.00,2.50,55,75,43,29,9,26,49,55,83,9.77,6.12,2.35,3.12,3.53,0.00,0.00,0.00,0.00,0.00,0.00,Estádio do Mar
1459008000,Mar 26 2016 - 4:00pm,complete,730,CD Aves,Varzim,N/A,39,1.56,1.00,1.61,1.00,2,2,4,3,2,1,"19,30","40,72",2,2,4,0,2,1,1,3,0,3,9,6,2,3,7,3,16,21,41,59,0.00,0.00,0.00,0.00,1.97,38,60,22,16,6,14,54,27,81,10.17,6.26,2.55,3.03,3.24,0.00,0.00,0.00,0.00,0.00,0.00,Estádio Clube Desportivo das Aves
1459533600,Apr 01 2016 - 6:00pm,complete,288,SC Olhanense,CD Feirense,N/A,38,1.94,1.44,1.96,1.39,0,0,0,0,0,0,"","",3,6,3,1,1,1,3,1,0,2,5,8,2,4,3,4,9,15,44,56,0.00,0.00,0.00,0.00,1.84,42,59,23,11,3,25,56,20,78,7.34,6.00,2.72,2.97,3.06,0.00,0.00,0.00,0.00,0.00,0.00,Estádio José Arcanjo
1459592100,Apr 02 2016 - 10:15am,complete,507,FC Penafiel,Sporting CP II,N/A,38,1.44,1.05,1.52,1.09,2,2,4,2,0,2,"64,75","4,28",10,5,4,0,5,1,0,4,1,5,11,8,3,5,8,3,14,17,57,43,0.00,0.00,0.00,0.00,2.10,43,65,35,19,3,24,55,32,76,9.80,6.54,2.09,3.37,3.91,0.00,0.00,0.00,0.00,0.00,0.00,Estádio Municipal 25 de Abril
1459605600,Apr 02 2016 - 2:00pm,complete,656,Porto II,Academico Viseu,N/A,38,2.00,1.11,2.22,1.00,4,0,4,2,2,0,"10,14,74,90","",6,2,1,0,1,0,0,1,0,1,14,7,6,2,8,5,15,12,52,48,0.00,0.00,0.00,0.00,2.69,52,73,50,30,14,33,60,52,76,10.83,6.00,1.72,3.79,5.38,0.00,0.00,0.00,0.00,0.00,0.00,Estádio Dr. Jorge Sampaio
1459609200,Apr 02 2016 - 3:00pm,complete,934,Freamunde,Sporting Braga II,N/A,38,1.89,1.33,1.91,1.17,2,1,3,1,1,0,"25,58","48",10,1,2,0,2,0,1,1,1,1,9,3,2,2,7,1,14,17,54,46,0.00,0.00,0.00,0.00,2.25,52,65,43,17,11,30,68,35,65,9.80,4.65,1.94,3.30,4.70,0.00,0.00,0.00,0.00,0.00,0.00,Complexo Desportivo do SC Freamunde
1459609200,Apr 02 2016 - 3:00pm,complete,589,UD Oliveirense,GD Chaves,N/A,38,0.78,1.61,0.74,1.57,0,3,3,1,0,1,"","40,46,81",5,9,1,0,0,0,0,1,0,0,12,13,4,5,8,8,13,13,44,56,0.00,0.00,0.00,0.00,2.36,56,67,47,17,6,25,73,42,73,11.09,6.22,8.37,4.33,1.47,0.00,0.00,0.00,0.00,0.00,0.00,Estádio Carlos Osório (Oliveira de Azeméis)
1459609200,Apr 02 2016 - 3:00pm,complete,494,Clube Oriental de Lisboa,Sporting Covilhã,N/A,38,1.06,1.33,0.91,1.17,0,0,0,0,0,0,"","",7,0,1,0,3,0,0,1,1,2,9,9,3,4,6,5,23,9,45,55,0.00,0.00,0.00,0.00,2.72,62,81,47,28,6,31,70,48,81,11.28,5.78,3.48,3.26,2.29,0.00,0.00,0.00,0.00,0.00,0.00,Campo Engenheiro Carlos Salema
1459609200,Apr 02 2016 - 3:00pm,complete,926,Varzim,Gil Vicente,N/A,38,2.00,1.06,1.83,0.87,2,0,2,0,0,0,"80,90'2","",5,2,3,0,2,0,0,3,1,1,8,5,5,3,3,2,20,19,51,49,0.00,0.00,0.00,0.00,2.17,42,64,36,11,6,23,50,39,81,11.39,5.50,2.22,3.23,3.70,0.00,0.00,0.00,0.00,0.00,0.00,Estádio Varzim Sport Club
1459609200,Apr 02 2016 - 3:00pm,complete,337,Atlético CP,CD Mafra,N/A,38,1.22,0.78,1.04,0.83,1,1,2,1,0,1,"90","36",4,5,1,0,4,0,0,1,2,2,9,11,4,5,5,6,10,21,55,45,0.00,0.00,0.00,0.00,2.23,50,59,31,20,14,31,67,31,72,9.33,7.17,2.58,2.99,3.24,0.00,0.00,0.00,0.00,0.00,0.00,Estádio Da Tapadinha
1459609200,Apr 02 2016 - 3:00pm,complete,663,Benfica II,Santa Clara,N/A,38,1.63,0.67,1.57,0.74,0,0,0,0,0,0,"","",7,5,1,0,5,0,0,1,2,3,9,13,6,5,3,8,17,24,53,47,0.00,0.00,0.00,0.00,2.35,49,65,43,19,9,30,68,30,68,10.28,6.47,2.13,3.37,3.79,0.00,0.00,0.00,0.00,0.00,0.00,Caixa Futebol Campus
1459609200,Apr 02 2016 - 3:00pm,complete,1005,Leixões,Portimonense,N/A,38,1.50,1.56,1.26,1.70,0,1,1,0,0,0,"","55",11,5,3,0,5,0,2,1,3,2,10,11,6,5,4,6,15,18,57,43,0.00,0.00,0.00,0.00,2.67,73,81,47,31,11,28,62,53,86,11.06,4.89,2.89,3.23,2.67,0.00,0.00,0.00,0.00,0.00,0.00,Estádio do Mar
1459678500,Apr 03 2016 - 10:15am,complete,3418,Famalicão,CD Aves,N/A,38,1.63,1.42,1.57,1.30,3,2,5,2,1,1,"20,52,67","30,49",9,6,4,0,5,0,0,4,2,3,9,8,4,4,5,4,23,21,49,51,0.00,0.00,0.00,0.00,2.48,50,69,42,22,11,29,71,37,69,11.06,7.57,1.88,3.42,4.84,0.00,0.00,0.00,0.00,0.00,0.00,Estádio Municipal 22 de Junho
1459692000,Apr 03 2016 - 2:00pm,complete,1041,Vitória Guimarães II,Farense,N/A,38,1.50,0.67,1.74,0.74,2,1,3,1,1,0,"23,90","70",5,4,2,0,4,0,0,2,0,4,5,7,3,6,2,1,19,22,59,41,0.00,0.00,0.00,0.00,2.14,33,56,36,14,9,23,53,28,70,8.44,5.22,2.11,3.31,3.94,0.00,0.00,0.00,0.00,0.00,0.00,Estádio Dom Afonso Henriques
1459951200,Apr 06 2016 - 2:00pm,complete,435,CD Mafra,Porto II,N/A,39,1.58,1.63,1.52,1.52,2,1,3,1,1,0,"23,73","53",7,9,3,0,3,0,0,3,0,3,12,5,4,2,8,3,20,9,34,66,0.00,0.00,0.00,0.00,1.98,45,63,35,11,6,16,56,37,66,10.00,5.47,3.22,3.23,2.44,0.00,0.00,0.00,0.00,0.00,0.00,Estádio Municipal de Mafra
1459954800,Apr 06 2016 - 3:00pm,complete,516,Gil Vicente,Atlético CP,N/A,39,2.00,1.21,1.83,1.17,0,2,2,0,0,0,"","56,90'3",12,2,2,1,3,0,1,2,1,2,12,12,9,5,3,7,14,14,58,42,0.00,0.00,0.00,0.00,2.08,50,61,34,19,8,11,69,34,61,9.90,5.68,1.84,3.58,4.82,0.00,0.00,0.00,0.00,0.00,0.00,Estádio Cidade de Barcelos
1459954800,Apr 06 2016 - 3:00pm,complete,511,Clube Oriental de Lisboa,Benfica II,N/A,39,1.05,0.56,0.91,0.83,1,3,4,1,0,1,"49","34,79,83",12,7,2,1,2,0,0,3,0,2,21,12,12,8,9,4,12,12,43,57,0.00,0.00,0.00,0.00,2.54,49,71,43,22,14,33,65,43,76,10.58,5.97,2.65,3.21,2.94,0.00,0.00,0.00,0.00,0.00,0.00,Campo Engenheiro Carlos Salema
1459954800,Apr 06 2016 - 3:00pm,complete,453,Sporting CP II,GD Chaves,N/A,39,1.67,1.68,1.74,1.57,2,0,2,2,2,0,"6,20","",1,7,1,0,0,0,0,1,0,0,6,6,0,4,6,2,15,11,40,60,0.00,0.00,0.00,0.00,2.44,49,62,46,25,11,36,73,35,59,10.39,6.38,2.95,3.27,2.60,0.00,0.00,0.00,0.00,0.00,0.00,CGD Stadium Aurélio Pereira
1459954800,Apr 06 2016 - 3:00pm,complete,1105,Portimonense,Freamunde,N/A,39,1.74,1.44,1.70,1.30,0,0,0,0,0,0,"","",8,4,0,0,1,0,0,0,0,1,15,9,10,4,5,5,12,15,47,53,0.00,0.00,0.00,0.00,1.97,41,60,33,9,3,22,49,35,73,11.00,5.87,2.13,3.22,3.99,0.00,0.00,0.00,0.00,0.00,0.00,Estádio do Portimonense SC (Portimão)
1459954800,Apr 06 2016 - 3:00pm,complete,752,Academico Viseu,UD Oliveirense,N/A,39,1.33,0.63,1.43,0.52,2,1,3,1,0,1,"62,77","44",6,3,2,0,2,0,0,2,0,2,18,10,4,6,14,4,15,16,54,46,0.00,0.00,0.00,0.00,2.56,52,70,38,30,14,32,68,46,76,10.00,6.14,1.53,4.30,6.89,0.00,0.00,0.00,0.00,0.00,0.00,Estádio Municipal do Fontelo
1459954800,Apr 06 2016 - 3:00pm,complete,516,Sporting Braga II,SC Olhanense,N/A,39,1.37,0.84,1.30,1.04,0,1,1,0,0,0,"","63",8,4,1,0,0,0,0,1,0,0,7,9,4,5,3,4,14,12,57,43,0.00,0.00,0.00,0.00,1.87,35,48,32,19,5,14,66,29,58,7.63,6.11,2.22,3.16,3.78,0.00,0.00,0.00,0.00,0.00,0.00,Estádio 1º de Maio
1459954800,Apr 06 2016 - 3:00pm,complete,250,Sporting Covilhã,Leixões,N/A,39,1.21,0.84,1.35,1.13,0,0,0,0,0,0,"","",8,1,4,0,5,1,2,2,4,2,8,7,5,3,3,4,17,13,58,42,0.00,0.00,0.00,0.00,1.77,21,53,26,8,0,29,66,11,56,10.84,6.27,1.83,3.50,5.04,0.00,0.00,0.00,0.00,0.00,0.00,Estádio Municipal José dos Santos Pinto
1459958400,Apr 06 2016 - 4:00pm,complete,460,Santa Clara,Famalicão,N/A,39,1.47,1.83,1.74,1.57,1,0,1,0,0,0,"60","",2,6,3,0,4,0,0,3,1,3,12,11,4,4,8,7,22,19,54,46,0.00,0.00,0.00,0.00,2.24,46,65,43,25,6,22,48,40,79,9.94,6.16,3.10,3.18,2.54,0.00,0.00,0.00,0.00,0.00,0.00,Estádio de São Miguel (Ponta Delgada- Ilha de São Miguel- Açores)
1459958400,Apr 06 2016 - 4:00pm,complete,348,Farense,FC Penafiel,N/A,39,1.68,1.21,1.70,1.13,0,0,0,0,0,0,"","",12,4,3,0,4,0,0,3,2,2,16,9,6,3,10,6,16,17,57,43,0.00,0.00,0.00,0.00,2.24,45,63,35,19,11,21,68,37,68,8.58,6.00,2.42,3.16,3.32,0.00,0.00,0.00,0.00,0.00,0.00,Estádio de São Lúis
1459958400,Apr 06 2016 - 4:00pm,complete,840,CD Feirense,Vitória Guimarães II,N/A,39,1.89,0.79,2.00,0.87,1,1,2,1,1,0,"2","71",8,1,4,0,0,0,0,4,0,0,13,8,6,5,7,3,23,16,57,43,0.00,0.00,0.00,0.00,2.64,50,71,45,19,11,27,61,45,90,10.26,5.85,1.86,3.48,4.85,0.00,0.00,0.00,0.00,0.00,0.00,Estádio Marcolino de Castro
1460214900,Apr 09 2016 - 3:15pm,complete,701,SC Olhanense,Portimonense,N/A,40,1.89,1.63,1.96,1.70,0,1,1,1,0,1,"","26",3,5,3,1,2,0,1,3,0,2,8,10,3,3,5,7,13,18,37,63,0.00,0.00,0.00,0.00,2.08,56,66,34,16,6,27,61,34,74,9.00,5.68,3.15,3.09,2.57,0.00,0.00,0.00,0.00,0.00,0.00,Estádio José Arcanjo
1460283300,Apr 10 2016 - 10:15am,complete,3605,Famalicão,Benfica II,N/A,40,1.70,0.68,1.57,0.83,2,3,5,1,1,0,"6,65","47,61,75",11,1,1,0,3,0,0,1,0,3,17,6,7,4,10,2,12,15,62,38,0.00,0.00,0.00,0.00,2.76,56,74,46,31,21,39,77,41,77,11.06,7.12,1.57,4.14,6.56,0.00,0.00,0.00,0.00,0.00,0.00,Estádio Municipal 22 de Junho
1460296800,Apr 10 2016 - 2:00pm,complete,459,Porto II,Sporting Covilhã,N/A,40,2.05,1.32,2.22,1.17,2,1,3,1,1,0,"26,90'3","77",1,6,3,1,4,0,1,3,2,2,5,9,3,3,2,6,16,19,53,47,0.00,0.00,0.00,0.00,2.92,58,79,55,40,11,40,71,48,79,11.69,5.16,1.71,3.86,5.38,0.00,0.00,0.00,0.00,0.00,0.00,Estádio Dr. Jorge Sampaio
1460300400,Apr 10 2016 - 3:00pm,complete,250,UD Oliveirense,CD Aves,N/A,40,0.74,1.35,0.74,1.30,2,4,6,2,0,2,"58,89","16,43,68,70",7,3,5,0,2,0,0,5,0,2,6,9,5,5,1,4,19,11,50,50,0.00,0.00,0.00,0.00,2.29,49,67,47,16,5,18,64,44,72,10.33,6.69,5.78,3.83,1.68,0.00,0.00,0.00,0.00,0.00,0.00,Estádio Carlos Osório (Oliveira de Azeméis)
1460300400,Apr 10 2016 - 3:00pm,complete,1003,Varzim,Farense,N/A,40,2.05,0.63,1.83,0.74,2,2,4,2,1,1,"17,73","38,60",7,5,2,0,2,0,0,2,1,1,13,8,7,6,6,2,10,11,60,40,0.00,0.00,0.00,0.00,2.34,47,71,42,14,5,21,45,45,85,10.69,5.63,2.01,3.39,4.21,0.00,0.00,0.00,0.00,0.00,0.00,Estádio Varzim Sport Club
1460300400,Apr 10 2016 - 3:00pm,complete,626,FC Penafiel,CD Feirense,N/A,40,1.42,1.42,1.52,1.39,0,0,0,0,0,0,"","",9,11,6,0,2,1,1,5,1,2,16,8,7,3,9,5,15,14,44,56,0.00,0.00,0.00,0.00,1.74,45,56,21,14,3,21,53,16,69,10.32,6.64,2.46,3.06,3.37,0.00,0.00,0.00,0.00,0.00,0.00,Estádio Municipal 25 de Abril
1460300400,Apr 10 2016 - 3:00pm,complete,237,Sporting CP II,Gil Vicente,N/A,40,1.74,1.00,1.74,0.87,2,0,2,0,0,0,"49,83","",6,5,1,0,2,0,1,0,0,2,13,6,4,0,9,6,10,15,45,55,0.00,0.00,0.00,0.00,2.26,40,61,37,22,11,34,63,32,58,8.89,5.73,2.35,3.33,3.28,0.00,0.00,0.00,0.00,0.00,0.00,CGD Stadium Aurélio Pereira
1460300400,Apr 10 2016 - 3:00pm,complete,187,Atlético CP,Sporting Braga II,N/A,40,1.21,1.26,1.04,1.17,1,2,3,2,1,1,"26","18,78",5,2,5,0,2,0,0,5,0,2,3,7,0,4,3,3,21,16,46,54,0.00,0.00,0.00,0.00,2.53,58,63,40,29,21,37,71,35,76,9.42,5.74,2.44,3.15,3.30,0.00,0.00,0.00,0.00,0.00,0.00,Estádio Da Tapadinha
1460300400,Apr 10 2016 - 3:00pm,complete,2953,GD Chaves,Academico Viseu,N/A,40,1.95,1.05,1.96,1.00,2,1,3,2,1,1,"3,80","43",11,9,4,0,3,0,1,3,1,2,7,9,5,4,2,5,23,18,59,41,0.00,0.00,0.00,0.00,2.00,46,62,31,18,3,18,54,41,67,10.48,6.64,1.58,3.90,7.08,0.00,0.00,0.00,0.00,0.00,0.00,Estádio Municipal Eng. Manuel Branco Teixeira
1460300400,Apr 10 2016 - 3:00pm,complete,1230,Freamunde,Clube Oriental de Lisboa,N/A,40,1.95,0.79,1.91,0.87,0,0,0,0,0,0,"","",9,1,3,0,3,0,2,1,0,3,12,4,4,2,8,2,15,16,58,42,0.00,0.00,0.00,0.00,2.11,44,62,44,11,3,18,51,41,75,10.07,5.36,1.51,4.08,8.13,0.00,0.00,0.00,0.00,0.00,0.00,Complexo Desportivo do SC Freamunde
1460300400,Apr 10 2016 - 3:00pm,complete,1324,Vitória Guimarães II,CD Mafra,N/A,40,1.58,0.79,1.74,0.83,1,0,1,1,1,0,"45","",6,1,4,0,3,0,1,3,1,2,4,4,2,2,2,2,18,18,57,43,0.00,0.00,0.00,0.00,1.92,37,55,27,8,8,19,63,26,66,8.42,6.10,2.41,3.09,3.43,0.00,0.00,0.00,0.00,0.00,0.00,Estádio Dom Afonso Henriques
1460300400,Apr 10 2016 - 3:00pm,complete,1529,Leixões,Santa Clara,N/A,40,1.42,0.68,1.26,0.74,2,2,4,1,0,1,"74,79","32,53",12,5,2,0,4,0,1,1,2,2,14,4,6,2,8,2,9,15,58,42,0.00,0.00,0.00,0.00,2.40,50,66,40,27,8,29,56,40,77,10.42,5.21,2.19,3.20,3.82,0.00,0.00,0.00,0.00,0.00,0.00,Estádio do Mar
1460556000,Apr 13 2016 - 2:00pm,complete,492,Benfica II,Leixões,N/A,41,1.60,0.85,1.57,1.13,0,2,2,1,0,1,"","32,90'2",9,3,1,0,3,0,0,1,0,3,12,11,5,5,7,6,11,9,61,39,0.00,0.00,0.00,0.00,2.08,38,63,38,13,5,30,68,20,63,10.50,7.45,2.09,3.51,3.75,0.00,0.00,0.00,0.00,0.00,0.00,Caixa Futebol Campus
1460559600,Apr 13 2016 - 3:00pm,complete,144,Sporting Covilhã,Atlético CP,N/A,41,1.20,1.30,1.35,1.17,3,0,3,1,1,0,"43,63,90","",8,2,1,0,3,0,1,0,1,2,15,9,10,5,5,4,11,19,53,47,0.00,0.00,0.00,0.00,1.68,30,48,25,10,3,15,58,20,50,9.80,5.80,1.93,3.43,4.55,0.00,0.00,0.00,0.00,0.00,0.00,Estádio Municipal José dos Santos Pinto
1460559600,Apr 13 2016 - 3:00pm,complete,1976,Portimonense,Vitória Guimarães II,N/A,41,1.70,0.80,1.70,0.87,3,1,4,2,2,0,"30,39,48","57",7,8,1,0,1,0,0,1,0,1,8,12,4,2,4,10,22,14,47,53,0.00,0.00,0.00,0.00,2.60,50,70,43,18,13,30,58,45,85,10.15,5.10,1.55,4.03,7.38,0.00,0.00,0.00,0.00,0.00,0.00,Estádio do Portimonense SC (Portimão)
1460559600,Apr 13 2016 - 3:00pm,complete,305,Clube Oriental de Lisboa,SC Olhanense,N/A,41,1.00,0.95,0.91,1.04,0,0,0,0,0,0,"","",8,4,1,0,1,0,1,0,1,0,12,10,5,3,7,7,16,11,58,42,0.00,0.00,0.00,0.00,2.30,45,58,43,23,8,20,58,43,70,9.85,5.30,2.91,3.23,2.65,0.00,0.00,0.00,0.00,0.00,0.00,Campo Engenheiro Carlos Salema
1460559600,Apr 13 2016 - 3:00pm,complete,571,Academico Viseu,Sporting CP II,N/A,41,1.42,1.05,1.43,1.09,1,2,3,3,1,2,"32","17,45'1",12,1,0,0,5,0,0,0,1,4,16,7,7,4,9,3,11,12,58,42,0.00,0.00,0.00,0.00,2.38,49,69,41,23,5,26,59,46,85,9.44,6.08,2.42,3.37,3.12,0.00,0.00,0.00,0.00,0.00,0.00,Estádio Municipal do Fontelo
1460559600,Apr 13 2016 - 3:00pm,complete,809,CD Aves,GD Chaves,N/A,41,1.53,1.60,1.61,1.57,2,1,3,1,1,0,"3,59","83",0,2,4,0,2,0,1,3,0,2,5,6,3,3,2,3,18,20,39,61,0.00,0.00,0.00,0.00,2.15,41,62,33,16,5,26,64,28,75,10.73,6.05,3.46,3.24,2.31,0.00,0.00,0.00,0.00,0.00,0.00,Estádio Clube Desportivo das Aves
1460559600,Apr 13 2016 - 3:00pm,complete,850,Sporting Braga II,Famalicão,N/A,41,1.30,1.74,1.30,1.57,2,0,2,0,0,0,"64,83","",1,6,3,0,1,0,1,2,0,1,11,17,4,5,7,12,14,10,38,62,0.00,0.00,0.00,0.00,1.88,36,52,34,16,3,18,54,29,70,9.45,6.10,3.05,3.25,2.53,0.00,0.00,0.00,0.00,0.00,0.00,Estádio 1º de Maio
1460559600,Apr 13 2016 - 3:00pm,complete,378,Gil Vicente,UD Oliveirense,N/A,41,1.90,0.60,1.83,0.52,4,0,4,1,1,0,"45'2,54,60,63","",4,1,2,0,2,0,0,2,0,2,11,6,7,4,4,2,15,17,65,35,0.00,0.00,0.00,0.00,2.73,55,78,45,33,15,28,75,53,78,10.50,5.70,1.26,6.00,9.99,0.00,0.00,0.00,0.00,0.00,0.00,Estádio Cidade de Barcelos
1460559600,Apr 13 2016 - 3:00pm,complete,457,CD Mafra,FC Penafiel,N/A,41,1.65,1.20,1.52,1.13,0,0,0,0,0,0,"","",14,8,2,0,0,0,1,1,0,0,16,9,10,4,6,5,17,15,47,53,0.00,0.00,0.00,0.00,1.90,48,55,28,13,8,15,70,23,60,9.90,5.90,2.07,3.17,4.32,0.00,0.00,0.00,0.00,0.00,0.00,Estádio Municipal de Mafra
1460563200,Apr 13 2016 - 4:00pm,complete,503,Santa Clara,Freamunde,N/A,41,1.55,1.42,1.74,1.30,2,1,3,1,0,1,"55,83","29",7,4,1,1,0,1,0,2,0,1,10,10,6,7,4,3,9,12,45,55,0.00,0.00,0.00,0.00,2.02,41,62,33,18,5,21,57,36,64,9.73,6.62,3.08,3.19,2.55,0.00,0.00,0.00,0.00,0.00,0.00,Estádio de São Miguel (Ponta Delgada- Ilha de São Miguel- Açores)
1460563200,Apr 13 2016 - 4:00pm,complete,557,Farense,Porto II,N/A,41,1.65,1.55,1.70,1.52,1,2,3,1,1,0,"20","63,90'4",2,6,6,0,2,0,2,4,0,2,9,13,4,10,5,3,19,9,41,59,0.00,0.00,0.00,0.00,2.25,43,70,43,15,8,20,53,53,73,9.35,5.65,3.03,3.38,2.47,0.00,0.00,0.00,0.00,0.00,0.00,Estádio de São Lúis
1460566800,Apr 13 2016 - 5:00pm,complete,554,CD Feirense,Varzim,N/A,41,1.85,1.00,2.00,1.00,1,0,1,1,1,0,"38","",6,7,2,1,2,0,0,3,0,2,10,9,3,5,7,4,15,12,43,57,0.00,0.00,0.00,0.00,2.15,45,65,33,18,3,15,58,33,88,11.05,6.10,2.29,3.21,3.54,0.00,0.00,0.00,0.00,0.00,0.00,Estádio Marcolino de Castro
1460888100,Apr 17 2016 - 10:15am,complete,2863,GD Chaves,Gil Vicente,N/A,42,2.00,0.95,1.96,0.87,4,0,4,0,0,0,"58,70,81,90'1","",3,2,0,0,6,1,0,0,1,6,6,5,3,4,3,1,17,20,52,48,0.00,0.00,0.00,0.00,1.98,40,58,30,13,3,23,58,33,65,11.20,5.50,1.85,3.47,4.92,0.00,0.00,0.00,0.00,0.00,0.00,Estádio Municipal Eng. Manuel Branco Teixeira
1460901600,Apr 17 2016 - 2:00pm,complete,973,Porto II,CD Feirense,N/A,42,2.10,1.40,2.22,1.39,2,0,2,2,2,0,"14,29","",5,4,3,0,4,0,0,3,2,2,7,8,3,4,4,4,14,20,49,51,0.00,0.00,0.00,0.00,2.48,48,65,43,28,13,33,60,38,78,10.60,5.35,1.99,3.40,4.28,0.00,0.00,0.00,0.00,0.00,0.00,Estádio Dr. Jorge Sampaio
1460905200,Apr 17 2016 - 3:00pm,complete,904,Sporting CP II,Benfica II,N/A,42,1.80,0.80,1.74,0.83,2,1,3,1,1,0,"21,54","90'4",1,4,2,0,4,1,1,1,1,4,10,4,4,3,6,1,21,16,49,51,0.00,0.00,0.00,0.00,2.53,48,68,43,30,18,35,68,38,65,8.97,6.35,2.02,3.52,3.98,0.00,0.00,0.00,0.00,0.00,0.00,CGD Stadium Aurélio Pereira
1460905200,Apr 17 2016 - 3:00pm,complete,2420,Vitória Guimarães II,Sporting Braga II,N/A,42,1.65,1.35,1.74,1.17,3,2,5,2,0,2,"54,81,90","22,36",6,3,4,0,3,0,0,4,1,2,10,7,6,5,4,2,15,15,60,40,0.00,0.00,0.00,0.00,2.23,43,58,38,18,15,28,68,30,68,8.50,4.85,0.00,0.00,0.00,0.00,0.00,0.00,0.00,0.00,0.00,Estádio Dom Afonso Henriques
1460905200,Apr 17 2016 - 3:00pm,complete,619,Academico Viseu,CD Aves,N/A,42,1.35,1.43,1.43,1.30,3,2,5,4,2,2,"9,21,90'5","16,40",11,5,4,0,5,0,1,3,2,3,13,16,6,10,7,6,15,19,50,50,0.00,0.00,0.00,0.00,2.27,49,64,39,17,8,25,64,37,69,10.91,6.41,2.41,3.23,3.27,0.00,0.00,0.00,0.00,0.00,0.00,Estádio Municipal do Fontelo
1460905200,Apr 17 2016 - 3:00pm,complete,1095,Varzim,Sporting Covilhã,N/A,42,2.00,1.25,1.83,1.17,0,0,0,0,0,0,"","",6,4,1,0,1,0,0,1,0,1,10,12,5,3,5,9,16,11,54,46,0.00,0.00,0.00,0.00,2.43,58,78,43,23,3,23,55,48,88,11.75,6.00,2.44,3.21,3.23,0.00,0.00,0.00,0.00,0.00,0.00,Estádio Varzim Sport Club
1460905200,Apr 17 2016 - 3:00pm,complete,2560,SC Olhanense,Farense,N/A,42,1.80,0.65,1.96,0.74,1,0,1,0,0,0,"90","",4,5,1,0,2,0,0,1,0,2,8,9,3,5,5,4,16,15,50,50,0.00,0.00,0.00,0.00,2.13,43,63,38,15,3,30,58,30,70,7.60,5.70,2.53,3.14,3.16,0.00,0.00,0.00,0.00,0.00,0.00,Estádio José Arcanjo
1460905200,Apr 17 2016 - 3:00pm,complete,2371,Leixões,Freamunde,N/A,42,1.40,1.35,1.26,1.30,0,2,2,1,0,1,"","18,63",9,1,0,0,3,0,0,0,1,2,11,7,4,4,7,3,19,16,53,47,0.00,0.00,0.00,0.00,2.28,53,68,40,23,5,25,55,43,75,11.15,5.55,2.95,3.14,2.68,0.00,0.00,0.00,0.00,0.00,0.00,Estádio do Mar
1460905200,Apr 17 2016 - 3:00pm,complete,266,UD Oliveirense,CD Mafra,N/A,42,0.70,0.75,0.74,0.83,2,1,3,1,0,1,"90,90'3","16",10,5,2,0,4,0,2,0,0,4,16,11,6,6,10,5,8,17,60,40,0.00,0.00,0.00,0.00,2.23,53,68,38,13,8,20,70,40,70,9.35,6.50,6.55,4.01,1.59,0.00,0.00,0.00,0.00,0.00,0.00,Estádio Carlos Osório (Oliveira de Azeméis)
1460905200,Apr 17 2016 - 3:00pm,complete,475,Atlético CP,Portimonense,N/A,42,1.15,1.70,1.04,1.70,2,2,4,1,1,0,"1,67","80,88",0,4,4,0,3,0,2,2,2,1,4,11,3,5,1,6,20,12,39,61,0.00,0.00,0.00,0.00,2.43,65,65,40,25,15,30,68,38,80,10.75,6.30,4.06,3.27,2.09,0.00,0.00,0.00,0.00,0.00,0.00,Estádio Da Tapadinha
1460905200,Apr 17 2016 - 3:00pm,complete,4192,Famalicão,Clube Oriental de Lisboa,N/A,42,1.62,0.80,1.57,0.87,2,2,4,3,2,1,"20,24","15,74",8,0,1,0,2,0,0,1,0,2,11,4,4,2,7,2,12,18,45,55,0.00,0.00,0.00,0.00,2.60,51,68,44,27,17,29,61,44,78,10.72,6.67,1.41,4.64,9.61,0.00,0.00,0.00,0.00,0.00,0.00,Estádio Municipal 22 de Junho
1460905200,Apr 17 2016 - 3:00pm,complete,661,FC Penafiel,Santa Clara,N/A,42,1.40,0.70,1.52,0.74,2,1,3,1,0,1,"72,84","7",7,6,3,0,4,0,0,3,1,3,9,16,3,10,6,6,12,24,57,43,0.00,0.00,0.00,0.00,1.90,43,55,30,18,3,25,58,23,58,11.15,6.55,2.06,3.22,4.27,0.00,0.00,0.00,0.00,0.00,0.00,Estádio Municipal 25 de Abril
1461406500,Apr 23 2016 - 10:15am,complete,638,CD Aves,Sporting CP II,N/A,43,1.60,1.14,1.61,1.09,3,0,3,1,1,0,"29,66,89","",2,1,2,0,3,2,1,1,1,4,8,3,6,2,2,1,10,17,52,48,0.00,0.00,0.00,0.00,2.31,44,68,39,22,5,24,54,39,88,8.11,6.53,2.26,3.42,3.38,0.00,0.00,0.00,0.00,0.00,0.00,Estádio Clube Desportivo das Aves
1461492900,Apr 24 2016 - 10:15am,complete,1028,CD Mafra,GD Chaves,N/A,43,1.62,1.52,1.52,1.57,0,1,1,1,0,1,"","19",5,5,2,0,1,0,1,1,0,1,10,4,5,2,5,2,18,20,50,50,0.00,0.00,0.00,0.00,1.88,43,58,34,7,3,22,67,29,60,10.89,5.62,3.16,3.14,2.53,0.00,0.00,0.00,0.00,0.00,0.00,Estádio Municipal de Mafra
1461510000,Apr 24 2016 - 3:00pm,complete,756,Santa Clara,Varzim,N/A,43,1.62,0.95,1.74,1.00,2,0,2,1,1,0,"23,85","",3,5,2,0,3,1,0,2,2,2,11,8,4,4,7,4,10,17,47,53,0.00,0.00,0.00,0.00,2.29,46,67,36,27,8,19,65,39,76,9.89,6.38,2.31,3.21,3.49,0.00,0.00,0.00,0.00,0.00,0.00,Estádio de São Miguel (Ponta Delgada- Ilha de São Miguel- Açores)
1461510000,Apr 24 2016 - 3:00pm,complete,641,Farense,Atlético CP,N/A,43,1.57,1.24,1.70,1.17,2,1,3,3,2,1,"4,45'1","41",1,11,3,0,2,0,1,2,1,1,7,9,3,2,4,7,15,11,38,62,0.00,0.00,0.00,0.00,1.86,36,57,31,10,5,12,53,41,60,7.38,6.33,2.11,3.43,3.78,0.00,0.00,0.00,0.00,0.00,0.00,Estádio de São Lúis
1461510000,Apr 24 2016 - 3:00pm,complete,3450,Freamunde,Famalicão,N/A,43,1.90,1.65,1.91,1.57,0,0,0,0,0,0,"","",3,2,2,0,6,1,1,1,2,5,8,6,5,2,3,4,16,27,62,38,0.00,0.00,0.00,0.00,1.95,44,59,44,10,0,20,46,37,74,11.10,5.24,2.39,3.24,3.30,0.00,0.00,0.00,0.00,0.00,0.00,Complexo Desportivo do SC Freamunde
1461510000,Apr 24 2016 - 3:00pm,complete,619,Clube Oriental de Lisboa,Leixões,N/A,43,1.00,0.95,0.91,1.13,0,1,1,0,0,0,"","60",2,7,3,0,4,1,0,3,1,4,5,18,2,11,3,7,14,16,58,42,0.00,0.00,0.00,0.00,2.17,36,64,36,15,5,29,65,31,64,11.00,6.43,2.81,3.35,2.66,0.00,0.00,0.00,0.00,0.00,0.00,Campo Engenheiro Carlos Salema
1461510000,Apr 24 2016 - 3:00pm,complete,4951,Portimonense,FC Penafiel,N/A,43,1.76,1.19,1.70,1.13,1,1,2,1,0,1,"60","45",13,2,1,0,0,0,1,0,0,0,13,7,8,3,5,4,10,16,63,37,0.00,0.00,0.00,0.00,2.22,48,60,36,19,10,22,62,34,74,11.33,5.20,1.78,3.55,5.40,0.00,0.00,0.00,0.00,0.00,0.00,Estádio do Portimonense SC (Portimão)
1461510000,Apr 24 2016 - 3:00pm,complete,1214,Benfica II,Vitória Guimarães II,N/A,43,1.52,0.76,1.57,0.87,3,3,6,1,0,1,"60,66,90'1","38,77,90'5",8,4,4,0,3,0,1,3,1,2,12,10,5,7,7,3,11,21,61,39,0.00,0.00,0.00,0.00,2.79,57,76,50,24,15,36,74,41,79,10.29,6.15,1.97,3.67,3.99,0.00,0.00,0.00,0.00,0.00,0.00,Caixa Futebol Campus
1461510000,Apr 24 2016 - 3:00pm,complete,270,Sporting Covilhã,SC Olhanense,N/A,43,1.29,0.95,1.35,1.04,0,0,0,0,0,0,"","",4,4,3,0,4,0,0,3,1,3,13,4,7,0,6,4,9,19,53,47,0.00,0.00,0.00,0.00,1.74,26,43,31,15,3,17,55,22,57,9.72,5.04,1.80,3.53,5.23,0.00,0.00,0.00,0.00,0.00,0.00,Estádio Municipal José dos Santos Pinto
1461510000,Apr 24 2016 - 3:00pm,complete,3195,CD Feirense,UD Oliveirense,N/A,43,1.90,0.57,2.00,0.52,3,1,4,4,3,1,"17,29,38","44",8,2,2,0,1,1,2,0,1,1,17,15,7,8,10,7,24,10,64,36,0.00,0.00,0.00,0.00,2.55,48,72,43,27,10,24,64,48,86,10.04,6.10,1.32,5.56,9.99,0.00,0.00,0.00,0.00,0.00,0.00,Estádio Marcolino de Castro
1461510000,Apr 24 2016 - 3:00pm,complete,817,Gil Vicente,Academico Viseu,N/A,43,1.95,1.00,1.83,1.00,1,1,2,2,1,1,"15","7",5,3,1,1,4,0,0,2,0,4,4,12,2,6,2,6,14,13,61,39,0.00,0.00,0.00,0.00,2.36,50,74,41,24,8,19,64,48,76,10.52,6.14,2.07,3.45,3.89,0.00,0.00,0.00,0.00,0.00,0.00,Estádio Cidade de Barcelos
1461511800,Apr 24 2016 - 3:30pm,complete,1247,Porto II,Sporting Braga II,N/A,43,2.14,1.29,2.22,1.17,2,0,2,0,0,0,"79,88","",4,5,1,0,2,0,0,1,1,1,9,10,2,3,7,7,9,17,58,42,0.00,0.00,0.00,0.00,2.98,57,76,58,36,22,48,76,48,74,10.24,4.48,0.00,0.00,0.00,0.00,0.00,0.00,0.00,0.00,0.00,Estádio Dr. Jorge Sampaio
1462011300,Apr 30 2016 - 10:15am,complete,382,SC Olhanense,Freamunde,N/A,44,1.86,1.43,1.96,1.30,3,2,5,2,1,1,"29,57,61","14,65",4,11,2,0,6,2,2,0,2,6,8,8,2,3,6,5,20,18,44,56,0.00,0.00,0.00,0.00,1.71,36,55,27,8,0,24,57,24,62,8.33,6.19,1.51,4.25,7.50,0.00,0.00,0.00,0.00,0.00,0.00,Estádio José Arcanjo
1462028400,Apr 30 2016 - 3:00pm,complete,1020,Sporting Braga II,Benfica II,N/A,44,1.38,0.76,1.30,0.83,0,2,2,1,0,1,"","39,49",7,6,1,0,2,0,0,1,1,1,12,3,4,0,8,3,12,12,59,41,0.00,0.00,0.00,0.00,2.22,41,62,36,22,12,22,71,36,69,8.64,6.53,2.56,3.39,2.90,0.00,0.00,0.00,0.00,0.00,0.00,Estádio 1º de Maio
1462028400,Apr 30 2016 - 3:00pm,complete,1085,Vitória Guimarães II,Sporting Covilhã,N/A,44,1.71,1.24,1.74,1.17,1,1,2,1,0,1,"80","15",7,4,4,0,5,1,1,3,3,3,12,9,6,6,6,3,15,16,56,44,0.00,0.00,0.00,0.00,2.22,46,62,38,22,7,22,65,34,72,9.62,5.71,2.47,3.31,3.09,0.00,0.00,0.00,0.00,0.00,0.00,Estádio Dom Afonso Henriques
1462028400,Apr 30 2016 - 3:00pm,complete,4538,Leixões,Famalicão,N/A,44,1.33,1.62,1.26,1.57,0,0,0,0,0,0,"","",8,5,3,0,3,0,0,3,1,2,10,14,7,6,3,8,20,15,49,51,0.00,0.00,0.00,0.00,2.34,50,67,43,26,5,24,43,43,88,11.33,5.19,2.85,3.29,2.63,0.00,0.00,0.00,0.00,0.00,0.00,Estádio do Mar
1462028400,Apr 30 2016 - 3:00pm,complete,921,Academico Viseu,CD Feirense,N/A,44,1.43,1.33,1.43,1.39,0,5,5,2,0,2,"","22,42,60,75,89",10,1,3,0,1,0,0,3,1,0,21,8,9,2,12,6,18,14,52,48,0.00,0.00,0.00,0.00,1.98,48,60,26,15,8,24,58,24,71,10.57,5.95,2.96,3.13,2.68,0.00,0.00,0.00,0.00,0.00,0.00,Estádio Municipal do Fontelo
1462028400,Apr 30 2016 - 3:00pm,complete,904,Varzim,CD Mafra,N/A,44,1.95,0.71,1.83,0.83,0,3,3,2,0,2,"","15,45'1,56",7,3,3,0,0,0,0,3,0,0,7,7,3,3,4,4,19,15,64,36,0.00,0.00,0.00,0.00,2.07,48,67,31,10,5,19,55,41,76,10.52,6.34,2.49,3.16,3.20,0.00,0.00,0.00,0.00,0.00,0.00,Estádio Varzim Sport Club
1462028400,Apr 30 2016 - 3:00pm,complete,516,FC Penafiel,Clube Oriental de Lisboa,N/A,44,1.48,0.81,1.52,0.87,4,2,6,2,2,0,"11,42,64,90'2","49,82",8,3,1,0,1,0,0,1,0,1,12,5,4,3,8,2,17,9,44,56,0.00,0.00,0.00,0.00,1.95,43,57,34,17,3,22,48,29,69,10.52,6.48,1.77,3.64,5.26,0.00,0.00,0.00,0.00,0.00,0.00,Estádio Municipal 25 de Abril
1462028400,Apr 30 2016 - 3:00pm,complete,291,Atlético CP,Santa Clara,N/A,44,1.14,0.67,1.04,0.74,0,1,1,0,0,0,"","74",10,2,4,0,2,0,1,3,0,2,14,8,6,3,8,5,17,15,48,52,0.00,0.00,0.00,0.00,2.38,53,60,41,26,12,31,67,33,74,9.71,6.62,2.45,3.22,3.21,0.00,0.00,0.00,0.00,0.00,0.00,Estádio Da Tapadinha
1462028400,Apr 30 2016 - 3:00pm,complete,621,CD Aves,Gil Vicente,N/A,44,1.67,0.90,1.61,0.87,2,2,4,0,0,0,"60,90'7","51,84",6,4,6,0,2,0,1,5,1,1,7,6,3,2,4,4,22,15,53,47,0.00,0.00,0.00,0.00,2.10,34,62,31,14,5,19,52,34,79,8.88,5.86,2.05,3.40,4.02,0.00,0.00,0.00,0.00,0.00,0.00,Estádio Clube Desportivo das Aves
1462028400,Apr 30 2016 - 3:00pm,complete,7900,GD Chaves,Farense,N/A,44,2.05,0.62,1.96,0.74,1,1,2,2,1,1,"12","17",6,3,2,0,2,0,1,1,1,1,14,7,6,4,8,3,15,11,64,36,0.00,0.00,0.00,0.00,2.22,48,62,41,19,3,24,55,36,69,10.62,5.47,1.51,4.25,7.50,0.00,0.00,0.00,0.00,0.00,0.00,Estádio Municipal Eng. Manuel Branco Teixeira
1462028400,Apr 30 2016 - 3:00pm,complete,445,UD Oliveirense,Portimonense,N/A,44,0.81,1.67,0.74,1.70,0,2,2,1,0,1,"","32,78",4,7,1,0,0,0,0,1,0,0,11,14,4,7,7,7,19,14,42,58,0.00,0.00,0.00,0.00,2.50,67,74,50,22,10,19,69,53,79,11.10,5.67,8.95,5.05,1.39,0.00,0.00,0.00,0.00,0.00,0.00,Estádio Carlos Osório (Oliveira de Azeméis)
1462114800,May 01 2016 - 3:00pm,complete,588,Sporting CP II,Porto II,N/A,44,1.86,1.62,1.74,1.52,1,1,2,0,0,0,"54","56",6,3,5,0,4,0,1,4,1,3,20,11,10,3,10,8,20,20,42,58,0.00,0.00,0.00,0.00,2.55,53,74,50,24,12,29,65,50,67,9.86,5.71,2.84,3.46,2.57,0.00,0.00,0.00,0.00,0.00,0.00,CGD Stadium Aurélio Pereira
1462616100,May 07 2016 - 10:15am,complete,828,Freamunde,FC Penafiel,N/A,45,1.86,1.18,1.91,1.13,1,0,1,1,1,0,"7","",4,10,1,0,2,0,0,1,1,1,8,8,6,2,2,6,14,23,49,51,0.00,0.00,0.00,0.00,2.05,50,59,39,14,7,18,71,30,62,10.91,5.22,1.63,3.88,6.35,0.00,0.00,0.00,0.00,0.00,0.00,Complexo Desportivo do SC Freamunde
1462702500,May 08 2016 - 10:15am,complete,4600,Portimonense,GD Chaves,N/A,45,1.73,1.59,1.70,1.57,1,1,2,1,0,1,"65","44",5,2,3,0,3,0,1,2,0,3,8,6,4,3,4,3,17,25,57,43,0.00,0.00,0.00,0.00,2.25,45,64,41,14,5,28,64,39,75,12.02,4.96,2.40,3.23,3.29,0.00,0.00,0.00,0.00,0.00,0.00,Estádio do Portimonense SC (Portimão)
1462719600,May 08 2016 - 3:00pm,complete,260,Sporting CP II,Vitória Guimarães II,N/A,45,1.82,0.77,1.74,0.87,2,4,6,2,0,2,"61,79","12,42,46,51",7,3,7,0,3,1,1,6,0,4,11,8,5,5,6,3,22,14,62,38,0.00,0.00,0.00,0.00,2.86,57,75,48,30,19,39,71,48,71,8.68,5.86,2.10,3.54,3.70,0.00,0.00,0.00,0.00,0.00,0.00,CGD Stadium Aurélio Pereira
1462719600,May 08 2016 - 3:00pm,complete,2186,Famalicão,Atlético CP,N/A,45,1.59,1.18,1.57,1.17,2,2,4,1,0,1,"59,64","13,53",11,8,3,0,3,0,0,3,1,2,11,10,3,3,8,7,20,19,59,41,0.00,0.00,0.00,0.00,2.50,55,69,44,25,16,27,73,39,64,10.64,6.77,1.99,3.50,4.14,0.00,0.00,0.00,0.00,0.00,0.00,Estádio Municipal 22 de Junho
1462719600,May 08 2016 - 3:00pm,complete,609,Farense,CD Aves,N/A,45,1.64,1.36,1.70,1.30,2,1,3,2,1,1,"2,90'1","18",6,6,3,0,3,0,1,2,0,3,14,12,6,3,8,9,9,11,47,53,0.00,0.00,0.00,0.00,2.23,41,64,41,16,10,25,57,41,66,8.41,6.86,1.62,3.89,6.50,0.00,0.00,0.00,0.00,0.00,0.00,Estádio de São Lúis
1462719600,May 08 2016 - 3:00pm,complete,160,Sporting Covilhã,UD Oliveirense,N/A,45,1.27,0.55,1.35,0.52,2,1,3,1,1,0,"19,90'3","74",12,1,2,0,3,0,1,1,0,3,14,8,9,5,5,3,13,14,50,50,0.00,0.00,0.00,0.00,2.37,37,64,41,27,9,32,68,37,64,9.96,5.63,1.27,6.25,9.99,0.00,0.00,0.00,0.00,0.00,0.00,Estádio Municipal José dos Santos Pinto
1462719600,May 08 2016 - 3:00pm,complete,3493,CD Feirense,Gil Vicente,N/A,45,1.95,0.91,2.00,0.87,3,2,5,2,1,1,"21,90'1,90'7","11,47",10,5,1,0,3,3,0,1,2,4,11,9,7,4,4,5,19,24,61,39,0.00,0.00,0.00,0.00,2.19,39,64,36,16,3,19,53,37,80,10.55,5.59,1.48,4.36,8.14,0.00,0.00,0.00,0.00,0.00,0.00,Estádio Marcolino de Castro
1462719600,May 08 2016 - 3:00pm,complete,4053,Leixões,SC Olhanense,N/A,45,1.32,0.95,1.26,1.04,0,2,2,1,0,1,"","15,81",3,3,2,1,1,1,1,2,1,1,21,6,10,2,11,4,17,12,64,36,0.00,0.00,0.00,0.00,2.18,46,57,39,27,7,18,50,39,75,9.95,4.86,1.69,3.76,5.80,0.00,0.00,0.00,0.00,0.00,0.00,Estádio do Mar
1462719600,May 08 2016 - 3:00pm,complete,811,CD Mafra,Academico Viseu,N/A,45,1.55,1.00,1.52,1.00,1,1,2,0,0,0,"78","70",0,2,3,0,4,0,0,3,1,3,8,6,5,2,3,4,20,16,60,40,0.00,0.00,0.00,0.00,1.77,43,59,27,9,3,18,55,32,62,9.41,6.41,2.56,3.25,3.01,0.00,0.00,0.00,0.00,0.00,0.00,Estádio Municipal de Mafra
1462719600,May 08 2016 - 3:00pm,complete,234,Clube Oriental de Lisboa,Varzim,N/A,45,0.95,0.91,0.91,1.00,0,2,2,1,0,1,"","15,90",7,3,2,0,2,0,1,1,0,2,16,10,8,4,8,6,19,14,53,47,0.00,0.00,0.00,0.00,2.35,46,66,36,23,7,23,64,39,75,11.27,5.72,3.67,3.52,2.11,0.00,0.00,0.00,0.00,0.00,0.00,Campo Engenheiro Carlos Salema
1462721400,May 08 2016 - 3:30pm,complete,5373,Porto II,Benfica II,N/A,45,2.18,0.86,2.22,0.83,3,1,4,3,2,1,"11,26,54","38",11,4,3,0,3,1,1,2,2,2,7,5,3,3,4,2,8,16,56,44,0.00,0.00,0.00,0.00,2.91,50,78,55,34,18,39,73,50,80,10.75,5.46,1.83,3.87,4.47,0.00,0.00,0.00,0.00,0.00,0.00,Estádio Dr. Jorge Sampaio
1462723200,May 08 2016 - 4:00pm,complete,1008,Santa Clara,Sporting Braga II,N/A,45,1.68,1.23,1.74,1.17,1,0,1,0,0,0,"81","",9,0,2,0,2,1,0,2,2,1,13,5,6,3,7,2,12,13,54,46,0.00,0.00,0.00,0.00,2.53,52,73,43,27,16,30,69,43,75,8.71,5.45,1.75,3.70,5.29,0.00,0.00,0.00,0.00,0.00,0.00,Estádio de São Miguel (Ponta Delgada- Ilha de São Miguel- Açores)
1463166000,May 13 2016 - 7:00pm,complete,1905,Vitória Guimarães II,Porto II,N/A,46,1.68,1.59,1.74,1.52,3,1,4,2,1,1,"8,58,90'3","41",4,4,0,0,2,0,0,0,1,1,9,8,6,2,3,6,16,11,41,59,0.00,0.00,0.00,0.00,2.32,46,66,44,16,12,18,62,46,75,10.13,5.50,2.77,3.46,2.63,0.00,0.00,0.00,0.00,0.00,0.00,Estádio Dom Afonso Henriques
1463234400,May 14 2016 - 2:00pm,complete,2142,Academico Viseu,Sporting Covilhã,N/A,46,1.36,1.23,1.43,1.17,2,0,2,0,0,0,"58,86","",10,2,0,0,1,0,0,0,0,1,15,7,7,2,8,5,28,12,53,47,0.00,0.00,0.00,0.00,2.41,60,73,41,25,7,28,68,36,75,11.50,5.91,1.75,3.62,5.45,0.00,0.00,0.00,0.00,0.00,0.00,Estádio Municipal do Fontelo
1463234400,May 14 2016 - 2:00pm,complete,768,Gil Vicente,Farense,N/A,46,1.91,0.64,1.83,0.74,2,3,5,2,1,1,"5,72","16,90,90'1",6,5,2,0,3,0,1,1,2,1,16,8,4,4,12,4,14,14,58,42,0.00,0.00,0.00,0.00,2.46,53,73,43,23,7,25,66,41,73,10.27,5.05,3.06,3.46,2.41,0.00,0.00,0.00,0.00,0.00,0.00,Estádio Cidade de Barcelos
1463234400,May 14 2016 - 2:00pm,complete,893,UD Oliveirense,Leixões,N/A,46,0.77,1.05,0.74,1.13,1,2,3,0,0,0,"79","51,87",2,6,3,0,5,0,1,2,3,2,2,11,0,6,2,5,13,14,44,56,0.00,0.00,0.00,0.00,2.14,39,66,39,12,5,23,69,32,71,10.37,6.78,9.72,5.22,1.36,0.00,0.00,0.00,0.00,0.00,0.00,Estádio Carlos Osório (Oliveira de Azeméis)
1463234400,May 14 2016 - 2:00pm,complete,1130,Varzim,Portimonense,N/A,46,1.86,1.73,1.83,1.70,0,0,0,0,0,0,"","",4,9,4,0,2,0,1,3,0,2,9,14,2,4,7,10,16,17,57,43,0.00,0.00,0.00,0.00,2.32,57,73,41,19,7,21,55,48,84,12.09,5.41,4.38,3.53,1.93,0.00,0.00,0.00,0.00,0.00,0.00,Estádio Varzim Sport Club
1463234400,May 14 2016 - 2:00pm,complete,347,Atlético CP,Clube Oriental de Lisboa,N/A,46,1.09,0.77,1.04,0.87,2,3,5,3,1,2,"26,48","3,20,90'4",4,3,3,0,1,0,2,1,0,1,10,12,5,5,5,7,17,19,53,47,0.00,0.00,0.00,0.00,2.44,50,59,41,28,14,30,55,37,84,9.17,6.45,1.33,5.60,9.99,0.00,0.00,0.00,0.00,0.00,0.00,Estádio Da Tapadinha
1463234400,May 14 2016 - 2:00pm,complete,850,CD Aves,CD Mafra,N/A,46,1.64,0.82,1.61,0.83,1,1,2,1,1,0,"4","65",3,6,1,1,1,1,0,2,1,1,14,15,5,6,9,9,18,13,41,59,0.00,0.00,0.00,0.00,2.05,43,64,30,12,5,19,62,30,75,8.39,6.64,2.65,3.16,2.97,0.00,0.00,0.00,0.00,0.00,0.00,Estádio Clube Desportivo das Aves
1463234400,May 14 2016 - 2:00pm,complete,1685,Benfica II,Freamunde,N/A,46,1.50,1.36,1.57,1.30,5,0,5,2,2,0,"23,41,53,55,90'3","",1,9,1,0,2,1,0,1,2,1,7,7,3,5,4,2,15,13,52,48,0.00,0.00,0.00,0.00,2.23,48,66,41,16,10,25,66,32,66,11.14,7.00,2.13,3.48,3.66,0.00,0.00,0.00,0.00,0.00,0.00,Caixa Futebol Campus
1463234400,May 14 2016 - 2:00pm,complete,7090,GD Chaves,CD Feirense,N/A,46,2.00,1.41,1.96,1.39,1,1,2,2,1,1,"19","15",5,3,1,0,2,0,0,1,0,2,6,4,3,0,3,4,21,18,52,48,0.00,0.00,0.00,0.00,1.89,43,57,25,16,5,23,55,25,66,10.55,5.91,2.61,3.22,2.97,0.00,0.00,0.00,0.00,0.00,0.00,Estádio Municipal Eng. Manuel Branco Teixeira
1463238000,May 14 2016 - 3:00pm,complete,762,FC Penafiel,Famalicão,N/A,46,1.55,1.59,1.52,1.57,1,1,2,1,0,1,"59","4",7,9,2,0,2,0,1,1,0,2,13,14,7,8,6,6,10,15,50,50,0.00,0.00,0.00,0.00,1.86,43,55,34,16,3,23,43,28,68,11.68,6.46,2.45,3.42,3.03,0.00,0.00,0.00,0.00,0.00,0.00,Estádio Municipal 25 de Abril
1463238000,May 14 2016 - 3:00pm,complete,290,Sporting Braga II,Sporting CP II,N/A,46,1.32,1.09,1.30,1.09,1,1,2,2,1,1,"2","10",7,3,2,0,2,0,0,2,0,2,10,9,4,5,6,4,14,11,58,42,0.00,0.00,0.00,0.00,2.23,36,66,39,21,5,23,66,41,75,7.68,6.50,2.30,3.49,3.24,0.00,0.00,0.00,0.00,0.00,0.00,Estádio 1º de Maio
1463238000,May 14 2016 - 3:00pm,complete,376,SC Olhanense,Santa Clara,N/A,46,1.91,0.77,1.96,0.74,1,0,1,0,0,0,"90","",2,6,2,0,0,0,0,2,0,0,5,6,2,2,3,4,19,16,42,58,0.00,0.00,0.00,0.00,1.98,39,55,32,16,5,28,59,28,66,8.09,5.86,1.88,3.51,4.71,0.00,0.00,0.00,0.00,0.00,0.00,Estádio José Arcanjo
