timestamp,date_GMT,status,attendance,home_team_name,away_team_name,referee,Game Week,Pre-Match PPG (Home),Pre-Match PPG (Away),home_ppg,away_ppg,home_team_goal_count,away_team_goal_count,total_goal_count,total_goals_at_half_time,home_team_goal_count_half_time,away_team_goal_count_half_time,home_team_goal_timings,away_team_goal_timings,home_team_corner_count,away_team_corner_count,home_team_yellow_cards,home_team_red_cards,away_team_yellow_cards,away_team_red_cards,home_team_first_half_cards,home_team_second_half_cards,away_team_first_half_cards,away_team_second_half_cards,home_team_shots,away_team_shots,home_team_shots_on_target,away_team_shots_on_target,home_team_shots_off_target,away_team_shots_off_target,home_team_fouls,away_team_fouls,home_team_possession,away_team_possession,Home Team Pre-Match xG,Away Team Pre-Match xG,team_a_xg,team_b_xg,average_goals_per_match_pre_match,btts_percentage_pre_match,over_15_percentage_pre_match,over_25_percentage_pre_match,over_35_percentage_pre_match,over_45_percentage_pre_match,over_15_HT_FHG_percentage_pre_match,over_05_HT_FHG_percentage_pre_match,over_15_2HG_percentage_pre_match,over_05_2HG_percentage_pre_match,average_corners_per_match_pre_match,average_cards_per_match_pre_match,odds_ft_home_team_win,odds_ft_draw,odds_ft_away_team_win,odds_ft_over15,odds_ft_over25,odds_ft_over35,odds_ft_over45,odds_btts_yes,odds_btts_no,stadium_name
1565431200,Aug 10 2019 - 10:00am,complete,1139,CD Nacional,GD Chaves,Gustavo Fernandes Correia,1,0.00,0.00,2.50,1.25,3,0,3,0,0,0,"59,63,77","",3,6,3,0,3,1,1,2,1,3,9,6,4,2,5,4,15,21,53,47,0.00,0.00,1.26,1.03,0.00,0,0,0,0,0,0,0,0,0,0.00,0.00,2.10,3.30,3.30,1.31,1.95,3.45,6.70,1.77,1.95,Estádio da Madeira (Funchal (Ilha da Madeira))
1565449200,Aug 10 2019 - 3:00pm,complete,1589,Varzim,UD Oliveirense,José Dinis Lopes Nunes Godinho Gorjão,1,0.00,0.00,1.83,0.92,0,0,0,0,0,0,"","",4,4,1,0,4,1,0,1,2,3,10,9,2,3,8,6,22,21,46,54,0.00,0.00,1.15,1.21,0.00,0,0,0,0,0,0,0,0,0,0.00,0.00,2.10,3.20,3.55,1.41,2.25,4.25,8.25,2.00,1.77,Estádio Varzim Sport Club (Póvoa de Varzim)
1565456400,Aug 10 2019 - 5:00pm,complete,2168,Farense,Casa Pia,Iancu Ioan Vasilica,1,0.00,0.00,2.08,0.50,3,1,4,2,1,1,"45'2,75,90'2","28",5,2,1,0,1,0,0,1,1,0,17,6,8,3,9,3,15,16,51,49,0.00,0.00,2.14,0.97,0.00,0,0,0,0,0,0,0,0,0,0.00,0.00,1.91,3.30,4.05,1.38,2.20,4.10,8.00,2.00,1.74,Estádio de São Lúis (Faro)
1565456400,Aug 10 2019 - 5:00pm,complete,446,CD Mafra,Cova Piedade,Hugo Serafim Coelho Magalhães Silva,1,0.00,0.00,1.92,0.17,3,2,5,2,2,0,"4,42,58","81,84",5,5,4,1,3,0,1,4,1,2,14,11,6,4,8,7,25,19,47,53,0.00,0.00,1.52,1.21,0.00,0,0,0,0,0,0,0,0,0,0.00,0.00,2.10,3.05,3.75,1.48,2.45,4.80,9.75,2.10,1.69,Estádio Municipal de Mafra (Mafra)
1565518500,Aug 11 2019 - 10:15am,complete,2036,Associação Académica de Coimbra OAF,Leixões,João Bento,1,0.00,0.00,1.92,1.36,3,2,5,2,1,1,"13,54,87","34,57",9,10,2,0,5,0,1,1,3,2,16,13,8,5,8,8,13,17,51,49,0.00,0.00,2.10,1.70,0.00,0,0,0,0,0,0,0,0,0,0.00,0.00,2.10,3.20,3.50,1.43,2.35,4.45,8.75,2.00,1.71,Estádio EFAPEL (Coimbra)
1565535600,Aug 11 2019 - 3:00pm,complete,1863,CD Feirense,Vilafranquense,Fábio Oliveira Melo,1,0.00,0.00,1.83,0.50,2,0,2,1,1,0,"21,52","",3,9,2,0,1,0,2,0,1,0,13,15,5,5,8,10,21,12,51,49,0.00,0.00,1.60,1.73,0.00,0,0,0,0,0,0,0,0,0,0.00,0.00,1.59,3.90,5.30,1.31,1.95,3.45,6.70,2.00,1.74,Estádio Marcolino de Castro (Santa Maria da Feira)
1565542800,Aug 11 2019 - 5:00pm,complete,708,Sporting Covilhã,Porto II,José Carlos Silva Campos Rodrigues,1,0.00,0.00,1.42,1.17,2,0,2,0,0,0,"74,90'1","",2,11,2,0,2,0,0,2,0,2,9,10,6,5,3,5,15,13,44,56,0.00,0.00,1.43,1.73,0.00,0,0,0,0,0,0,0,0,0,0.00,0.00,2.00,3.30,3.75,1.36,2.10,3.90,7.50,1.91,1.83,Estádio Municipal José dos Santos Pinto (Covilhã)
1565542800,Aug 11 2019 - 5:00pm,complete,542,FC Penafiel,Academico Viseu,João Filipe Malheiro Pinto,1,0.00,0.00,1.58,1.50,0,2,2,1,0,1,"","45'1,55",10,4,3,0,6,0,2,1,2,4,16,8,8,3,8,5,23,22,59,41,0.00,0.00,2.24,1.07,0.00,0,0,0,0,0,0,0,0,0,0.00,0.00,1.83,3.50,4.00,1.27,1.87,3.20,6.00,1.74,2.00,Estádio Municipal 25 de Abril (Penafiel)
1565542800,Aug 11 2019 - 5:00pm,complete,955,Benfica II,GD Estoril Praia,David Rafael Oliveira Silva,1,0.00,0.00,1.91,1.17,2,1,3,2,1,1,"43,86","25",10,2,2,1,1,1,0,3,0,2,12,12,8,4,4,8,16,10,59,41,0.00,0.00,2.04,1.42,0.00,0,0,0,0,0,0,0,0,0,0.00,0.00,2.10,3.35,3.35,1.31,1.95,3.45,6.70,1.77,1.95,Caixa Futebol Campus (Seixal)
1566036000,Aug 17 2019 - 10:00am,complete,1250,Academico Viseu,Associação Académica de Coimbra OAF,Iancu Ioan Vasilica,2,0.00,0.00,1.33,1.00,0,0,0,0,0,0,"","",4,4,1,0,2,0,1,0,1,1,10,7,2,3,8,4,22,16,47,53,0.00,0.00,1.17,1.19,0.00,0,0,0,0,0,0,0,0,0,0.00,0.00,2.35,3.15,3.00,1.36,2.15,3.90,7.50,1.87,1.87,Estádio Municipal do Fontelo (Viseu)
1566054000,Aug 17 2019 - 3:00pm,complete,467,UD Oliveirense,Sporting Covilhã,Anzhony Francisco Gonçalves Rodrigues,2,0.00,0.00,1.75,1.25,0,2,2,0,0,0,"","67,83",9,2,3,0,1,0,0,3,0,1,13,6,7,4,6,2,13,19,62,38,0.00,0.00,1.94,0.91,0.00,0,0,0,0,0,0,0,0,0,0.00,0.00,2.55,3.10,2.80,1.41,2.25,4.25,8.25,1.91,1.80,Estádio Municipal de Aveiro (Aveiro)
1566062100,Aug 17 2019 - 5:15pm,complete,3912,GD Chaves,CD Mafra,João António Ferreira Gonçalves,2,0.00,0.00,1.42,1.33,2,1,3,1,1,0,"7,65","73",3,6,2,0,0,0,0,2,0,0,8,19,5,9,3,10,24,17,46,54,0.00,0.00,1.29,2.42,0.00,0,0,0,0,0,0,0,0,0,0.00,0.00,1.36,4.85,7.50,1.28,1.90,3.40,6.50,2.15,1.65,Estádio Municipal Eng. Manuel Branco Teixeira (Chaves)
1566062100,Aug 17 2019 - 5:15pm,complete,201,Casa Pia,FC Penafiel,Sérgio José dos Santos Guelho,2,0.00,0.00,0.42,0.75,1,2,3,3,1,2,"12","14,23",5,0,3,0,3,0,1,2,0,3,2,3,2,3,0,0,23,26,47,53,0.00,0.00,0.29,0.43,0.00,0,0,0,0,0,0,0,0,0,0.00,0.00,2.95,3.15,2.40,1.33,2.07,3.75,8.00,1.83,1.91,Estádio Pina Manique (Lisboa)
1566123300,Aug 18 2019 - 10:15am,complete,545,GD Estoril Praia,Farense,Carlos Miguel Taborda Xistra,2,0.00,0.00,2.08,1.92,1,2,3,2,1,1,"41","23,54",5,6,4,0,6,0,1,3,2,4,14,11,4,5,10,6,20,15,55,45,0.00,0.00,1.65,1.58,0.00,0,0,0,0,0,0,0,0,0,0.00,0.00,2.05,3.00,4.00,1.33,2.00,3.50,8.00,1.87,1.87,Estádio António Coimbra da Mota (Estoril)
1566140400,Aug 18 2019 - 3:00pm,complete,780,Porto II,Varzim,Vitor Jorge Fernandes Ferreira,2,0.00,0.00,1.25,1.25,1,1,2,1,1,0,"40","47",6,4,2,1,4,0,0,3,2,2,10,10,6,4,4,6,10,25,57,43,0.00,0.00,1.61,1.35,0.00,0,0,0,0,0,0,0,0,0,0.00,0.00,1.87,3.35,4.10,1.40,2.25,4.00,9.00,2.00,1.74,Estádio Dr. Jorge Sampaio (Pedroso- Vila Nova de Gaia)
1566140400,Aug 18 2019 - 3:00pm,complete,2022,Leixões,CD Nacional,Tiago Bruno Lopes Martins,2,0.00,0.00,1.38,1.67,1,1,2,1,0,1,"53","40",10,3,6,0,7,0,3,3,1,6,14,10,7,3,7,7,15,18,53,47,0.00,0.00,2.07,1.27,0.00,0,0,0,0,0,0,0,0,0,0.00,0.00,2.45,3.15,2.85,1.33,2.05,3.50,8.00,1.80,1.91,Estádio do Mar (Matosinhos)
1566140400,Aug 18 2019 - 3:00pm,complete,1028,Cova Piedade,CD Feirense,Luís Máximo,2,0.00,0.00,1.25,1.67,2,1,3,1,1,0,"18,78","68",1,6,3,0,2,0,0,3,0,2,12,13,4,5,8,8,14,18,43,57,0.00,0.00,1.53,1.77,0.00,0,0,0,0,0,0,0,0,0,0.00,0.00,3.20,3.10,2.30,1.40,2.25,4.00,9.00,1.91,1.80,Estádio Municipal José Martins Vieira (Almada)
1566148500,Aug 18 2019 - 5:15pm,complete,595,Vilafranquense,Benfica II,Miguel Bertolo Nogueira,2,0.00,0.00,1.50,0.54,4,0,4,3,3,0,"3,14,43,58","",2,3,1,0,2,1,0,1,2,1,10,13,5,2,5,11,14,11,42,58,0.00,0.00,1.42,1.52,0.00,0,0,0,0,0,0,0,0,0,0.00,0.00,3.40,3.30,2.05,1.33,2.05,3.50,8.00,1.80,1.91,Estádio Municipal de Rio Maior (Rio Maior)
1566583200,Aug 23 2019 - 6:00pm,complete,580,Benfica II,UD Oliveirense,José Carlos Silva Campos Rodrigues,3,3.00,1.00,1.91,0.92,2,1,3,0,0,0,"73,74","80",2,3,2,0,1,0,0,2,0,1,12,14,4,4,8,10,18,10,48,52,2.04,1.21,1.62,1.64,1.50,50,50,50,0,0,50,50,0,50,14.00,9.00,1.69,3.65,4.85,1.29,1.91,3.30,6.35,1.83,1.87,Caixa Futebol Campus (Seixal)
1566640800,Aug 24 2019 - 10:00am,complete,2242,Associação Académica de Coimbra OAF,GD Chaves,David Silva,3,3.00,0.00,1.92,1.25,1,2,3,2,1,1,"9","3,68",6,2,2,0,3,0,0,2,1,2,14,13,5,6,9,7,16,19,48,52,2.10,1.03,1.73,1.67,4.00,50,100,100,50,50,50,50,100,100,15.00,6.00,2.55,3.25,2.65,1.44,2.35,4.50,9.00,2.05,1.71,Estádio EFAPEL (Coimbra)
1566658800,Aug 24 2019 - 3:00pm,complete,1048,CD Feirense,Academico Viseu,José Dinis Lopes Nunes Godinho Gorjão,3,3.00,3.00,1.83,1.50,0,0,0,0,0,0,"","",8,6,2,0,4,0,0,2,2,2,15,14,4,0,11,14,22,19,48,52,1.60,1.07,1.73,1.35,2.00,0,100,0,0,0,0,100,0,100,7.00,8.00,1.95,3.25,3.85,1.33,2.05,3.65,7.00,1.83,1.87,Estádio Marcolino de Castro (Santa Maria da Feira)
1566666900,Aug 24 2019 - 5:15pm,complete,582,Sporting Covilhã,Vilafranquense,Hugo Serafim Coelho Magalhães Silva,3,3.00,0.00,1.42,0.50,1,0,1,1,1,0,"30","",3,7,2,0,0,0,1,1,0,0,8,7,5,3,3,4,20,22,49,51,1.43,1.73,1.14,0.97,2.00,0,100,0,0,0,0,50,50,100,11.00,3.00,1.67,3.70,4.95,1.38,2.15,4.00,7.75,2.10,1.67,Estádio Municipal José dos Santos Pinto (Covilhã)
1566666900,Aug 24 2019 - 5:15pm,complete,240,FC Penafiel,Cova Piedade,N/A,3,0.00,0.00,1.58,0.17,3,0,3,2,2,0,"22,25,65","",2,8,4,0,3,0,1,3,1,2,15,6,9,2,6,4,19,15,39,61,2.24,1.21,1.71,0.61,3.50,50,100,50,50,50,50,100,50,100,15.00,6.00,1.83,3.30,4.35,1.41,2.25,4.25,8.25,2.05,1.71,Estádio Municipal 25 de Abril (Penafiel)
1566728100,Aug 25 2019 - 10:15am,complete,1768,Farense,Porto II,João Bento,3,3.00,0.00,2.08,1.17,1,3,4,1,0,1,"90'3","42,71,88",4,7,5,0,3,0,3,2,1,2,12,11,8,8,4,3,16,14,46,54,2.14,1.73,1.80,1.73,3.00,50,100,50,50,0,50,50,100,100,16.00,3.00,1.87,3.30,4.20,1.38,2.15,4.00,7.75,2.00,1.77,Estádio de São Lúis (Faro)
1566745200,Aug 25 2019 - 3:00pm,complete,1357,CD Nacional,CD Mafra,João Filipe Malheiro Pinto,3,3.00,0.00,2.50,1.33,0,0,0,0,0,0,"","",3,3,5,0,2,0,2,3,0,2,13,10,3,3,10,7,16,20,56,44,1.26,2.42,1.49,1.26,3.00,50,100,100,0,0,0,50,100,100,9.00,3.00,1.41,4.40,7.00,1.29,1.95,3.35,6.45,2.10,1.67,Estádio da Madeira (Funchal (Ilha da Madeira))
1566753300,Aug 25 2019 - 5:15pm,complete,273,Casa Pia,GD Estoril Praia,António Emanuel Carvalho Nobre,3,0.00,0.00,0.42,1.17,0,1,1,0,0,0,"","76",4,8,0,0,3,0,0,0,1,2,5,10,2,6,3,4,19,18,45,55,0.29,1.42,0.99,1.60,3.00,100,100,100,0,0,100,100,0,50,7.00,5.00,2.90,3.20,2.35,1.36,2.10,3.90,7.50,1.87,1.87,Estádio Pina Manique (Lisboa)
1566753300,Aug 25 2019 - 5:15pm,complete,2236,Varzim,Leixões,Luis Miguel Branco Godinho,3,1.00,0.00,1.83,1.36,0,1,1,0,0,0,"","69",3,6,5,0,3,0,2,3,0,3,11,12,2,5,9,7,21,14,50,50,1.15,1.70,1.33,1.70,2.50,50,50,50,50,50,50,50,50,50,14.00,6.00,2.75,2.95,2.65,1.50,2.55,5.05,10.25,2.10,1.67,Estádio Varzim Sport Club (Póvoa de Varzim)
1567245600,Aug 31 2019 - 10:00am,complete,2050,Leixões,CD Feirense,Rui Manuel Gomes Costa,4,1.00,0.00,1.38,1.67,2,2,4,1,1,0,"29,62","81,88",5,4,2,0,3,0,1,1,1,2,13,10,5,5,8,5,13,14,57,43,2.07,1.77,1.80,1.47,2.50,100,100,50,0,0,0,100,50,100,16.00,8.00,2.15,3.15,3.45,1.43,2.35,4.45,8.75,2.00,1.71,Estádio do Mar (Matosinhos)
1567263600,Aug 31 2019 - 3:00pm,complete,566,Porto II,Casa Pia,André Filipe Tavares Castro,4,1.00,0.00,1.25,0.50,0,0,0,0,0,0,"","",6,3,2,0,2,0,1,1,1,1,20,11,3,6,17,5,15,15,55,45,1.61,0.97,2.03,1.58,3.00,100,100,50,50,0,50,100,50,100,8.00,5.00,1.80,3.35,4.50,1.36,2.15,3.90,7.50,2.00,1.77,Estádio Dr. Jorge Sampaio (Pedroso- Vila Nova de Gaia)
1567263600,Aug 31 2019 - 3:00pm,complete,300,Vilafranquense,CD Nacional,Luís Máximo,4,3.00,1.00,1.50,1.67,1,2,3,2,1,1,"7","15,89",2,7,3,1,4,0,2,2,2,2,8,17,4,7,4,10,13,13,37,63,1.42,1.27,1.32,2.29,3.00,50,100,50,50,0,50,100,0,100,5.00,8.00,3.15,3.30,2.20,1.36,2.10,3.90,7.50,1.87,1.83,Estádio Municipal de Rio Maior (Rio Maior)
1567271700,Aug 31 2019 - 5:15pm,complete,953,Cova Piedade,Benfica II,Sérgio José dos Santos Guelho,4,3.00,0.00,1.25,0.54,2,0,2,1,1,0,"40,90'5","",1,8,3,0,1,0,2,1,1,0,11,11,6,5,5,6,11,18,43,57,1.53,1.52,1.56,1.70,3.50,50,100,100,50,0,50,100,50,100,4.00,6.00,2.25,3.30,3.05,1.29,1.95,3.35,6.45,1.74,2.00,Estádio Municipal José Martins Vieira (Almada)
1567332900,Sep 01 2019 - 10:15am,complete,498,GD Estoril Praia,Varzim,Cláudio Filipe Ruivo Pereira,4,0.00,1.00,2.08,1.25,3,1,4,1,0,1,"50,52,82","25",3,8,4,0,4,2,3,1,0,6,6,8,5,5,1,3,22,18,45,55,1.65,1.35,1.23,1.54,2.50,100,100,50,0,0,50,100,0,100,9.00,8.00,1.67,3.65,5.05,1.32,2.00,3.60,6.95,1.95,1.80,Estádio António Coimbra da Mota (Estoril)
1567350000,Sep 01 2019 - 3:00pm,complete,731,CD Mafra,Associação Académica de Coimbra OAF,Anzhony Francisco Gonçalves Rodrigues,4,3.00,1.00,1.92,1.00,1,0,1,0,0,0,"90","",3,2,2,0,3,1,1,1,2,2,9,8,4,4,5,4,22,17,51,49,1.52,1.19,1.38,1.26,2.50,50,50,50,50,50,50,50,50,50,9.00,7.00,2.90,3.05,2.50,1.36,2.10,3.90,7.50,1.83,1.87,Estádio Municipal de Mafra (Mafra)
1567350000,Sep 01 2019 - 3:00pm,complete,422,UD Oliveirense,Farense,Vitor Jorge Fernandes Ferreira,4,0.00,3.00,1.75,1.92,0,1,1,0,0,0,"","82",4,4,5,0,4,0,2,3,1,3,12,19,6,4,6,15,19,13,50,50,1.94,1.58,1.71,1.96,2.50,50,100,50,0,0,50,50,50,100,15.00,9.00,2.75,3.10,2.55,1.34,2.05,3.70,7.00,1.80,1.95,Estádio Municipal de Aveiro (Aveiro)
1567358100,Sep 01 2019 - 5:15pm,complete,2281,GD Chaves,FC Penafiel,Fábio José Costa Veríssimo,4,3.00,3.00,1.42,0.75,2,1,3,1,1,0,"14,81","84",6,4,2,0,1,0,0,2,1,0,10,13,5,4,5,9,25,14,53,47,1.29,0.43,1.53,1.67,3.00,100,100,100,0,0,50,100,50,50,3.00,5.00,1.74,3.45,4.75,1.33,2.00,3.60,7.00,1.91,1.80,Estádio Municipal Eng. Manuel Branco Teixeira (Chaves)
1567358100,Sep 01 2019 - 5:15pm,complete,935,Academico Viseu,Sporting Covilhã,João António Ferreira Gonçalves,4,1.00,3.00,1.33,1.25,1,3,4,2,1,1,"38","12,70,90'5",7,4,2,0,3,1,0,2,1,3,9,5,6,5,3,0,14,19,60,40,1.17,0.91,1.76,1.02,1.00,0,50,0,0,0,0,0,50,50,6.00,2.00,2.30,3.10,3.15,1.38,2.20,4.10,8.00,1.91,1.83,Estádio Municipal do Fontelo (Viseu)
1568397600,Sep 13 2019 - 6:00pm,complete,577,Benfica II,Academico Viseu,Hugo Serafim Coelho Magalhães Silva,5,3.00,2.00,1.91,1.50,0,0,0,0,0,0,"","",5,4,1,0,4,0,0,1,1,3,10,8,5,3,5,5,19,12,58,42,1.83,1.21,1.69,1.23,2.00,50,75,50,0,0,25,50,25,75,11.00,8.00,2.03,3.40,3.40,1.22,1.80,2.75,5.50,1.67,2.10,Caixa Futebol Campus (Seixal)
1568455200,Sep 14 2019 - 10:00am,complete,574,GD Estoril Praia,Porto II,Miguel Bertolo Nogueira,5,1.50,1.50,2.08,1.17,2,1,3,1,1,0,"37,78","74",2,3,1,0,1,0,0,1,0,1,11,12,5,4,6,8,22,7,45,55,1.44,1.73,1.57,1.61,3.25,75,100,75,50,0,25,75,75,100,13.00,6.50,1.73,3.58,4.50,1.29,1.95,3.25,6.50,1.80,1.91,Estádio António Coimbra da Mota (Estoril)
1568473200,Sep 14 2019 - 3:00pm,complete,1263,Varzim,Cova Piedade,Anzhony Francisco Gonçalves Rodrigues,5,0.50,0.00,1.83,0.17,2,1,3,2,1,1,"34,76","26",16,2,2,0,2,0,0,2,0,2,17,7,7,3,10,4,18,15,56,44,1.24,0.91,2.34,0.96,2.25,25,50,50,25,25,50,50,25,75,10.00,6.00,2.36,2.96,3.13,1.50,2.40,5.00,11.00,2.10,1.66,Estádio Varzim Sport Club (Póvoa de Varzim)
1568481300,Sep 14 2019 - 5:15pm,complete,1766,CD Feirense,GD Chaves,Manuel Antonio Rodrigues Oliveira,5,2.00,1.50,1.83,1.25,1,0,1,1,1,0,"12","",5,13,3,0,1,0,0,3,0,1,12,17,6,5,6,12,30,19,33,67,1.67,1.35,1.47,2.06,2.00,25,75,50,0,0,25,50,25,75,9.50,5.50,2.23,3.28,3.07,1.28,1.95,3.25,6.50,1.72,2.00,Estádio Marcolino de Castro (Santa Maria da Feira)
1568481300,Sep 14 2019 - 5:15pm,complete,1297,Farense,Vilafranquense,David Rafael Oliveira Silva,5,1.50,0.00,2.08,0.50,3,0,3,3,3,0,"3,25,39","",5,4,1,0,1,0,0,1,1,0,12,5,9,3,3,2,14,15,49,51,1.97,1.35,1.83,0.91,2.75,50,75,50,50,0,25,100,50,75,12.50,3.50,1.59,3.62,5.70,1.40,2.15,4.00,9.00,2.20,1.61,Estádio de São Lúis (Faro)
1568542500,Sep 15 2019 - 10:15am,complete,1921,Associação Académica de Coimbra OAF,CD Nacional,Hugo Filipe Ferreira de Campos Moreira Miguel,5,1.50,2.00,1.92,1.67,1,2,3,1,0,1,"50","25,52",7,2,5,1,4,0,3,3,2,2,23,12,7,5,16,7,19,21,59,41,1.92,1.78,2.62,1.37,3.25,100,100,75,25,25,75,100,25,100,12.50,7.50,2.80,3.10,2.50,1.35,2.10,3.80,7.25,1.83,1.91,Estádio EFAPEL (Coimbra)
1568559600,Sep 15 2019 - 3:00pm,complete,863,Sporting Covilhã,Leixões,João Filipe Malheiro Pinto,5,3.00,1.50,1.42,1.36,2,3,5,0,0,0,"61,74","48,68,90'2",4,5,4,1,3,0,0,5,1,2,9,7,4,5,5,2,16,14,46,54,1.28,1.70,1.30,1.29,2.25,25,50,25,25,25,25,50,50,75,10.50,6.00,2.65,3.00,2.75,1.43,2.30,4.40,8.75,1.95,1.77,Estádio Municipal José dos Santos Pinto (Covilhã)
1568567700,Sep 15 2019 - 5:15pm,complete,363,FC Penafiel,CD Mafra,Luis Miguel Branco Godinho,5,1.50,0.50,1.58,1.33,2,1,3,2,1,1,"26,54","43",2,3,2,0,2,0,0,2,0,2,12,17,9,5,3,12,14,20,42,58,1.98,1.84,1.78,2.04,2.00,25,75,50,0,0,25,75,25,75,10.50,4.50,1.87,3.35,4.25,1.36,2.10,3.85,7.50,1.95,1.80,Estádio Municipal 25 de Abril (Penafiel)
1568567700,Sep 15 2019 - 5:15pm,complete,214,Casa Pia,UD Oliveirense,Manuel Mota,5,0.00,0.50,0.42,0.92,1,3,4,1,0,1,"88","37,62,71",2,1,4,0,3,0,3,1,1,2,15,10,8,4,7,6,18,21,54,46,0.64,1.42,2.20,1.43,1.75,50,50,50,0,0,25,25,25,50,8.00,4.50,2.30,3.10,3.10,1.42,2.25,4.30,8.50,1.95,1.77,Estádio Municipal de Mafra (Mafra)
1569060000,Sep 21 2019 - 10:00am,complete,263,UD Oliveirense,Porto II,José Dinis Lopes Nunes Godinho Gorjão,6,0.00,1.00,1.75,1.17,0,0,0,0,0,0,"","",8,10,7,1,0,0,2,6,0,0,16,21,5,5,11,16,21,19,40,60,1.82,1.69,1.79,2.24,2.25,34,75,34,17,0,0,34,75,100,13.50,6.00,2.18,3.20,3.05,1.30,2.00,3.40,7.00,1.72,2.00,Estádio Municipal de Aveiro (Aveiro)
1569078000,Sep 21 2019 - 3:00pm,complete,1559,GD Chaves,Sporting Covilhã,Rui Filipe Cunha Folha Oliveira,6,3.00,3.00,1.42,1.25,2,3,5,2,1,1,"6,71","20,57,64",9,0,4,0,3,0,0,4,2,1,29,10,10,6,19,4,14,16,60,40,1.41,0.97,3.32,1.41,3.00,75,100,75,25,0,25,75,100,100,7.50,4.50,1.75,3.50,5.00,1.36,2.35,4.00,9.00,2.00,1.73,Estádio Municipal Eng. Manuel Branco Teixeira (Chaves)
1569078000,Sep 21 2019 - 3:00pm,complete,1287,CD Nacional,FC Penafiel,Carlos Miguel Taborda Xistra,6,2.00,1.50,2.50,0.75,2,1,3,2,1,1,"45,53","31",3,4,3,0,4,0,1,2,3,1,11,12,3,5,8,7,12,20,56,44,1.38,1.05,1.49,1.68,2.25,50,75,75,0,0,25,50,50,50,5.00,6.00,2.00,3.30,3.80,1.29,2.00,3.40,7.00,1.80,1.90,Estádio da Madeira (Funchal (Ilha da Madeira))
1569078000,Sep 21 2019 - 3:00pm,complete,498,Academico Viseu,Farense,Tiago Bruno Lopes Martins,6,0.50,3.00,1.33,1.92,1,0,1,0,0,0,"48","",0,8,3,0,2,0,0,3,0,2,10,8,6,3,4,5,19,14,45,55,1.47,1.77,1.46,1.24,2.00,50,50,50,25,0,50,50,25,75,10.50,6.50,2.75,3.00,2.75,1.36,2.20,3.75,9.00,1.83,1.83,Estádio Municipal do Fontelo (Viseu)
1569147300,Sep 22 2019 - 10:15am,complete,1709,Leixões,Benfica II,André Filipe Tavares Castro,6,1.00,0.00,1.38,0.54,1,0,1,0,0,0,"90'3","",9,4,1,0,3,0,1,0,1,2,18,11,7,7,11,4,15,16,48,52,1.93,1.61,2.31,1.64,3.00,50,100,50,50,0,25,100,25,100,13.00,6.00,1.75,3.40,4.33,1.28,1.93,3.25,6.50,1.80,1.90,Estádio do Mar (Matosinhos)
1569164400,Sep 22 2019 - 3:00pm,complete,787,Cova Piedade,Casa Pia,Iancu Ioan Vasilica,6,3.00,0.50,1.25,0.50,0,1,1,0,0,0,"","83",6,4,2,1,2,0,2,1,0,2,13,11,4,6,9,5,12,15,61,39,1.54,1.27,1.49,1.39,2.25,50,75,50,25,0,25,75,50,75,3.50,4.50,1.85,3.30,4.33,1.36,2.15,4.00,9.00,1.90,1.80,Estádio Municipal José Martins Vieira (Almada)
1569164400,Sep 22 2019 - 3:00pm,complete,506,CD Mafra,Varzim,Luís Máximo,6,3.00,0.50,1.92,1.25,1,1,2,1,1,0,"36","66",6,5,0,0,2,0,0,0,1,1,9,7,2,2,7,5,16,13,57,43,1.45,1.44,0.98,0.81,3.00,75,75,50,50,25,25,75,50,100,10.00,9.00,2.00,3.25,3.80,1.44,2.13,4.00,10.00,2.00,1.72,Estádio Municipal de Mafra (Mafra)
1569172500,Sep 22 2019 - 5:15pm,complete,3246,Associação Académica de Coimbra OAF,CD Feirense,Manuel Jorge Neves Moreira de Sousa,6,1.00,0.50,1.92,1.67,1,1,2,0,0,0,"90'5","80",8,4,3,0,4,0,1,2,2,2,10,9,5,3,5,6,13,24,58,42,2.15,1.62,1.53,1.23,3.59,100,100,100,42,17,34,100,84,100,12.33,6.17,2.30,3.20,3.10,1.40,2.05,4.33,10.00,1.83,1.83,Estádio EFAPEL (Coimbra)
1569172500,Sep 22 2019 - 5:15pm,complete,358,Vilafranquense,GD Estoril Praia,João António Ferreira Gonçalves,6,1.50,1.50,1.50,1.17,1,4,5,3,1,2,"35","20,44,59,77",3,2,2,0,1,0,0,2,0,1,7,11,2,7,5,4,16,21,52,48,1.37,1.51,1.00,1.51,2.75,50,75,75,25,0,75,75,0,100,7.00,5.00,3.25,3.30,2.20,1.30,2.03,3.50,7.00,1.72,2.00,Estádio Municipal de Rio Maior (Rio Maior)
1570269600,Oct 05 2019 - 10:00am,complete,2054,Associação Académica de Coimbra OAF,Benfica II,Rui Filipe Cunha Folha Oliveira,8,1.00,0.00,1.92,0.54,1,0,1,1,1,0,"38","",9,3,3,0,5,0,1,2,2,3,20,3,10,0,10,3,11,17,50,50,1.99,1.62,2.62,0.54,2.79,50,84,54,29,13,42,71,38,100,12.50,5.83,2.00,3.45,3.55,1.28,1.91,3.25,6.25,1.77,2.00,Estádio EFAPEL (Coimbra)
1570269600,Oct 05 2019 - 10:00am,complete,1674,CD Nacional,Porto II,Vitor Jorge Fernandes Ferreira,14,2.33,1.00,2.50,1.17,4,1,5,3,2,1,"2,42,88,90'1","15",3,8,5,0,2,0,3,2,1,1,13,11,7,4,6,7,15,9,48,52,1.42,1.83,1.78,1.55,2.13,42,71,59,13,0,17,42,54,71,10.75,5.17,1.59,3.95,5.30,1.24,1.77,2.90,5.45,1.77,1.95,Estádio da Madeira (Funchal (Ilha da Madeira))
1570892400,Oct 12 2019 - 3:00pm,complete,1388,GD Chaves,GD Estoril Praia,Manuel Antonio Rodrigues Oliveira,8,2.00,2.00,1.42,1.17,2,0,2,0,0,0,"57,72","",10,4,3,0,5,0,2,1,2,3,12,7,4,3,8,4,17,17,49,51,2.05,1.51,1.58,1.08,3.34,84,84,84,33,33,50,84,67,100,10.00,4.67,2.15,3.30,3.40,1.36,2.10,3.75,8.00,1.83,1.83,Estádio Municipal Eng. Manuel Branco Teixeira (Chaves)
1570896000,Oct 12 2019 - 4:00pm,complete,1308,Leixões,Casa Pia,Rui Manuel Gomes Costa,8,1.67,1.33,1.38,0.50,1,0,1,1,1,0,"41","",9,2,3,0,4,0,0,3,1,3,14,6,6,4,8,2,9,12,56,44,2.06,1.31,2.02,0.98,2.00,50,50,33,33,0,17,50,33,84,11.00,4.67,1.36,4.20,10.00,1.29,1.95,3.40,6.50,2.20,1.61,Estádio do Mar (Matosinhos)
1570975200,Oct 13 2019 - 2:00pm,complete,881,Cova Piedade,Farense,Gustavo Fernandes Correia,8,2.00,2.00,1.25,1.92,0,2,2,2,0,2,"","31,34",3,6,5,1,2,0,3,3,1,1,6,16,2,4,4,12,22,18,41,59,1.53,1.60,0.85,1.95,1.84,33,50,33,0,0,17,50,17,100,8.67,7.00,3.10,3.20,2.38,1.40,2.25,4.00,9.00,1.91,1.80,Estádio Municipal José Martins Vieira (Almada)
1570978800,Oct 13 2019 - 3:00pm,complete,261,Vilafranquense,UD Oliveirense,Carlos Miguel Taborda Xistra,8,1.00,1.33,1.50,0.92,3,2,5,2,2,0,"12,42,90","61,73",7,7,4,0,1,0,1,3,1,0,13,11,7,5,6,6,24,12,46,54,1.24,1.42,1.83,1.68,3.17,67,84,84,50,17,50,67,50,84,5.00,5.33,2.30,3.30,3.10,1.33,2.15,3.75,8.00,1.83,1.83,Estádio Municipal de Rio Maior (Rio Maior)
1572084000,Oct 26 2019 - 10:00am,complete,438,FC Penafiel,Associação Académica de Coimbra OAF,Manuel Antonio Rodrigues Oliveira,7,2.00,0.50,1.58,1.00,0,0,0,0,0,0,"","",3,4,2,0,2,0,1,1,0,2,9,8,4,5,5,3,18,17,47,53,1.91,1.22,1.31,1.43,1.59,17,50,34,0,0,34,50,0,75,7.67,6.00,2.45,3.05,2.95,1.40,2.25,4.25,8.25,1.91,1.83,Estádio Municipal 25 de Abril (Penafiel)
1572098400,Oct 26 2019 - 2:00pm,complete,267,Porto II,Vilafranquense,N/A,7,1.00,0.00,1.25,0.50,1,1,2,0,0,0,"64","90'6",3,3,6,0,3,0,2,4,1,2,17,12,5,5,12,7,19,15,51,49,1.82,1.21,1.97,1.59,1.50,25,59,17,0,0,17,75,0,42,12.67,3.67,1.83,3.60,4.05,1.34,2.05,3.75,7.25,1.95,1.77,Estádio Dr. Jorge Sampaio (Pedroso- Vila Nova de Gaia)
1572098400,Oct 26 2019 - 2:00pm,complete,734,Benfica II,CD Nacional,José Dinis Lopes Nunes Godinho Gorjão,7,2.33,2.33,1.91,1.67,1,0,1,0,0,0,"53","",9,3,2,0,0,0,1,1,0,0,11,18,4,5,7,13,23,10,53,47,1.78,1.64,1.66,2.07,2.34,84,84,67,0,0,33,67,33,84,9.67,7.33,3.10,3.45,2.15,1.25,1.80,3.00,5.60,1.67,2.10,Caixa Futebol Campus (Seixal)
1572106500,Oct 26 2019 - 4:15pm,complete,2413,CD Feirense,CD Mafra,Sérgio José dos Santos Guelho,7,2.33,0.33,1.83,1.33,1,2,3,0,0,0,"80","55,76",11,4,2,0,4,0,1,1,3,1,14,10,5,4,9,6,14,14,56,44,1.60,1.90,1.92,1.40,1.50,34,50,34,0,0,17,67,17,50,9.33,3.66,1.67,3.50,5.35,1.36,2.10,3.90,7.50,2.00,1.71,Estádio Marcolino de Castro (Santa Maria da Feira)
1572106500,Oct 26 2019 - 4:15pm,complete,138,Casa Pia,Academico Viseu,Luís Máximo,7,0.00,1.67,0.42,1.50,2,3,5,1,0,1,"54,87","2,63,69",4,6,2,1,3,0,0,3,1,2,13,13,8,7,5,6,15,19,55,45,1.16,1.22,2.00,1.73,1.67,34,50,34,17,0,17,50,17,50,8.34,7.00,3.05,2.90,2.50,1.50,2.55,5.05,10.25,2.10,1.67,Estádio Municipal de Mafra (Mafra)
1572174900,Oct 27 2019 - 11:15am,complete,608,Sporting Covilhã,Cova Piedade,André Filipe Tavares Castro,7,2.00,0.00,1.42,0.17,1,0,1,0,0,0,"88","",4,6,3,0,3,0,0,3,0,3,10,5,3,0,7,5,12,18,61,39,1.29,0.93,1.37,0.79,3.17,50,84,67,33,33,50,67,50,84,8.00,5.67,1.80,3.20,4.85,1.43,2.35,4.45,8.75,2.10,1.67,Estádio Municipal José dos Santos Pinto (Covilhã)
1572188400,Oct 27 2019 - 3:00pm,complete,458,GD Estoril Praia,UD Oliveirense,João Filipe Malheiro Pinto,7,2.00,1.00,2.08,0.92,3,0,3,2,2,0,"8,12,86","",6,4,2,0,2,0,1,1,0,2,12,9,5,4,7,5,21,21,49,51,1.48,1.49,1.69,1.33,3.17,88,88,88,42,13,29,75,71,88,7.08,5.50,1.48,4.20,6.25,1.28,1.87,3.20,6.15,2.00,1.74,Estádio António Coimbra da Mota (Estoril)
1572188400,Oct 27 2019 - 3:00pm,complete,1474,Varzim,GD Chaves,Nuno Miguel Serrano Almeida,7,1.33,1.00,1.83,1.25,2,1,3,2,1,1,"30,57","34",6,1,2,0,1,0,0,2,0,1,7,14,3,5,4,9,14,13,51,49,1.60,1.59,1.25,1.66,1.83,33,50,50,0,0,33,50,17,67,14.67,5.34,3.80,3.35,1.95,1.39,2.20,4.15,8.25,2.00,1.74,Estádio Varzim Sport Club (Póvoa de Varzim)
1572188400,Oct 27 2019 - 3:00pm,complete,1564,Farense,Leixões,Carlos Miguel Taborda Xistra,7,2.00,2.00,2.08,1.36,1,0,1,0,0,0,"74","",10,3,3,0,5,0,2,1,2,3,13,7,5,2,8,5,15,12,53,47,1.92,1.57,1.49,0.91,3.67,67,84,84,67,34,50,67,67,84,11.67,6.00,2.40,3.05,2.95,1.37,2.15,3.95,7.75,1.83,1.87,Estádio de São Lúis (Faro)
1572447600,Oct 30 2019 - 3:00pm,complete,989,CD Nacional,Varzim,André Filipe Domingues Narciso,8,2.50,0.67,2.50,1.25,1,1,2,2,1,1,"13","37",6,2,2,0,2,1,1,1,1,2,17,7,8,3,9,4,10,15,70,30,1.51,1.23,2.33,1.02,2.71,75,88,54,29,13,25,75,42,88,8.67,8.33,1.59,3.65,5.90,1.32,2.00,3.55,6.90,2.00,1.74,Estádio da Madeira (Funchal (Ilha da Madeira))
1572447600,Oct 30 2019 - 3:00pm,complete,400,Academico Viseu,Porto II,João António Ferreira Gonçalves,8,1.33,0.80,1.33,1.17,0,2,2,1,0,1,"","40,90'3",6,3,2,0,2,0,0,2,1,1,13,8,3,6,10,2,13,14,47,53,1.47,1.77,1.59,1.33,2.24,47,57,47,37,10,27,47,57,74,11.47,3.60,2.10,3.10,3.60,1.35,2.10,3.80,7.25,1.83,1.87,Estádio Municipal do Fontelo (Viseu)
1572692400,Nov 02 2019 - 11:00am,complete,504,Sporting Covilhã,FC Penafiel,Nuno Miguel Serrano Almeida,9,2.25,1.00,1.42,0.75,0,0,0,0,0,0,"","",7,2,0,0,3,0,0,0,1,2,9,6,3,0,6,6,11,14,58,42,1.31,1.26,1.38,0.78,2.63,63,75,63,13,13,34,63,42,71,5.92,5.67,2.20,3.10,3.35,1.44,2.35,4.55,9.00,2.00,1.74,Estádio Municipal José dos Santos Pinto (Covilhã)
1572714900,Nov 02 2019 - 5:15pm,complete,291,Casa Pia,Vilafranquense,Gustavo Fernandes Correia,9,0.00,0.25,0.42,0.50,3,2,5,2,0,2,"61,70,80","30,40",8,5,3,0,2,1,0,3,0,3,13,10,6,4,7,6,14,25,54,46,1.37,1.30,1.75,1.37,2.63,50,75,50,25,13,25,75,38,63,9.50,4.00,2.40,3.05,3.00,1.47,2.40,4.70,9.50,2.00,1.71,Estádio Pina Manique (Lisboa)
1572779700,Nov 03 2019 - 11:15am,complete,1622,Farense,CD Mafra,André Filipe Tavares Castro,9,2.25,1.00,2.08,1.33,2,1,3,1,1,0,"37,50","71",0,11,2,0,2,0,1,1,0,2,12,13,5,4,7,9,23,17,48,52,1.81,1.78,1.53,1.79,2.63,63,75,75,25,0,38,63,50,75,10.00,4.50,1.51,3.70,6.70,1.42,2.25,4.30,8.50,2.30,1.56,Estádio de São Lúis (Faro)
1572779700,Nov 03 2019 - 11:15am,complete,577,Porto II,Leixões,David Silva,9,1.00,1.50,1.25,1.36,1,3,4,3,1,2,"12","17,19,66",5,6,3,0,4,0,2,1,2,2,14,8,3,5,11,3,9,21,57,43,1.87,1.40,1.70,1.31,2.17,59,59,25,25,25,13,29,42,84,11.00,8.00,3.15,3.25,2.20,1.35,2.10,3.80,7.25,1.83,1.87,Estádio Dr. Jorge Sampaio (Pedroso- Vila Nova de Gaia)
1572793200,Nov 03 2019 - 3:00pm,complete,605,GD Estoril Praia,Academico Viseu,N/A,9,2.25,2.00,2.08,1.50,3,1,4,2,2,0,"13,35,51","54",5,9,2,1,2,1,0,3,3,0,11,14,7,4,4,10,15,11,61,39,1.53,1.34,1.83,1.71,2.50,50,75,63,25,13,25,75,38,75,9.00,7.00,1.57,3.85,5.60,1.32,2.00,3.55,6.90,2.00,1.74,Estádio António Coimbra da Mota (Estoril)
1572793200,Nov 03 2019 - 3:00pm,complete,280,UD Oliveirense,Cova Piedade,Miguel Bertolo Nogueira,9,0.33,0.00,1.75,0.17,2,0,2,0,0,0,"51,63","",2,3,0,0,2,1,0,0,1,2,9,4,4,2,5,2,26,12,55,45,1.81,0.89,1.34,0.74,2.00,25,54,38,13,13,38,38,29,84,12.25,8.08,2.05,3.15,3.75,1.36,2.15,3.90,7.50,1.87,1.87,Estádio Municipal de Aveiro (Aveiro)
1572793200,Nov 03 2019 - 3:00pm,complete,851,Benfica II,GD Chaves,Luís Máximo,9,2.50,0.75,1.91,1.25,1,3,4,1,1,0,"32","49,56,61",7,6,3,0,1,0,0,3,0,1,6,13,3,9,3,4,5,14,58,42,1.75,1.61,1.27,2.09,2.13,50,63,63,0,0,38,50,25,75,12.00,4.50,2.90,3.15,2.40,1.34,2.05,3.70,7.00,1.80,1.91,Caixa Futebol Campus (Seixal)
1572793200,Nov 03 2019 - 3:00pm,complete,1919,CD Feirense,CD Nacional,Vitor Jorge Fernandes Ferreira,9,1.75,1.75,1.83,1.67,1,1,2,0,0,0,"68","76",9,5,7,1,4,1,2,6,1,4,10,5,4,2,6,3,22,17,46,54,1.68,1.75,1.41,0.85,1.88,50,63,38,0,0,13,63,25,75,10.50,6.00,2.40,3.10,2.95,1.37,2.15,3.95,7.75,1.87,1.87,Estádio Marcolino de Castro (Santa Maria da Feira)
1572801300,Nov 03 2019 - 5:15pm,complete,1379,Varzim,Associação Académica de Coimbra OAF,Sérgio José dos Santos Guelho,9,1.75,0.67,1.83,1.00,2,1,3,3,2,1,"8,20","33",4,6,5,0,4,0,1,4,1,3,12,16,8,7,4,9,16,22,40,60,1.52,1.29,1.68,2.14,1.04,25,25,25,0,0,25,25,0,54,10.58,5.17,2.75,2.95,2.65,1.50,2.50,4.95,10.00,2.10,1.67,Estádio Varzim Sport Club (Póvoa de Varzim)
1573297200,Nov 09 2019 - 11:00am,complete,361,CD Mafra,Porto II,Hugo Serafim Coelho Magalhães Silva,10,2.33,1.17,1.92,1.17,3,1,4,2,2,0,"11,17,83","77",5,2,1,0,2,0,0,1,0,2,12,11,5,2,7,9,8,20,41,59,1.29,1.70,1.66,1.48,2.67,59,75,42,33,25,25,67,50,92,11.67,4.00,2.05,3.45,3.40,1.31,1.95,3.45,6.70,1.80,1.91,Estádio Municipal de Mafra (Mafra)
1573311600,Nov 09 2019 - 3:00pm,complete,1673,Associação Académica de Coimbra OAF,Farense,Iancu Ioan Vasilica,10,1.40,2.25,1.92,1.92,1,2,3,2,1,1,"29","36,86",9,0,3,0,3,0,2,1,1,2,14,4,4,4,10,0,21,23,57,43,2.12,1.68,1.76,0.83,2.28,53,65,43,10,10,45,65,30,78,13.80,6.90,2.45,3.00,3.00,1.45,2.40,4.60,9.25,2.00,1.74,Estádio EFAPEL (Coimbra)
1573319700,Nov 09 2019 - 5:15pm,complete,N/A,CD Feirense,Varzim,Manuel Jorge Neves Moreira de Sousa,10,1.60,0.75,1.83,1.25,1,2,3,2,0,2,"89","8,11",7,5,2,1,2,1,1,2,0,3,18,10,6,5,12,5,23,13,61,39,1.63,1.18,2.31,1.42,2.05,70,80,23,13,0,13,70,33,68,11.95,7.40,1.69,3.65,4.75,1.37,2.15,3.95,7.75,2.10,1.67,Estádio Marcolino de Castro (Santa Maria da Feira)
1573319700,Nov 09 2019 - 5:15pm,complete,1056,Leixões,UD Oliveirense,José Dinis Lopes Nunes Godinho Gorjão,10,2.00,0.80,1.38,0.92,3,2,5,2,1,1,"45'1,76,85","16,59",8,1,4,0,6,0,0,4,4,2,20,5,6,3,14,2,19,19,66,34,2.05,1.46,2.37,0.77,2.50,55,65,53,33,10,20,68,43,78,12.05,5.40,1.41,4.35,7.00,1.28,1.91,3.25,6.25,2.10,1.67,Estádio do Mar (Matosinhos)
1573384500,Nov 10 2019 - 11:15am,complete,507,FC Penafiel,Benfica II,João António Ferreira Gonçalves,10,1.75,0.00,1.58,0.54,1,1,2,2,1,1,"36","12",6,6,4,0,3,0,1,3,0,3,13,7,5,4,8,3,20,15,51,49,1.76,1.35,1.74,1.16,2.00,13,63,38,13,0,38,75,0,75,8.75,5.75,2.05,3.40,3.45,1.32,2.00,3.50,6.80,1.83,1.91,Estádio Municipal 25 de Abril (Penafiel)
1573398000,Nov 10 2019 - 3:00pm,complete,1313,CD Nacional,Sporting Covilhã,Hélder Miguel Azevedo Malheiro,10,2.20,3.00,2.50,1.25,1,0,1,1,1,0,"37","",5,5,1,0,3,0,0,1,1,2,11,7,3,2,8,5,-1,-1,50,50,1.67,1.11,1.39,1.08,3.14,64,90,64,44,27,64,64,70,80,5.60,6.27,2.15,3.15,3.40,1.36,2.15,3.90,7.50,1.87,1.83,Estádio da Madeira (Funchal (Ilha da Madeira))
1573398000,Nov 10 2019 - 3:00pm,complete,365,Academico Viseu,Vilafranquense,Cláudio Filipe Ruivo Pereira,10,1.00,0.20,1.33,0.50,0,2,2,1,0,1,"","14,56",8,4,2,0,4,0,0,2,1,3,6,11,4,7,2,4,17,15,55,45,1.50,1.32,1.21,1.57,2.18,33,65,33,23,10,33,65,33,68,9.85,3.60,1.77,3.60,4.25,1.32,2.00,3.55,6.90,1.91,1.80,Estádio Municipal do Fontelo (Viseu)
1573398000,Nov 10 2019 - 3:00pm,complete,573,Cova Piedade,GD Estoril Praia,José Carlos Silva Campos Rodrigues,10,1.50,1.50,1.25,1.17,0,2,2,0,0,0,"","53,89",5,2,0,1,4,0,0,1,1,3,8,12,4,6,4,6,24,18,50,50,1.36,1.40,1.35,1.66,2.38,38,75,38,13,13,38,63,38,88,6.75,6.75,3.90,3.45,1.91,1.32,2.00,3.60,6.95,1.87,1.83,Estádio Municipal José Martins Vieira (Almada)
1573406100,Nov 10 2019 - 5:15pm,complete,1076,GD Chaves,Casa Pia,Anzhony Francisco Gonçalves Rodrigues,10,2.25,1.00,1.42,0.50,2,0,2,0,0,0,"53,71","",8,1,0,0,1,0,0,0,0,1,18,2,8,0,10,2,14,13,52,48,1.93,1.23,2.14,0.48,2.38,50,63,50,25,13,25,63,63,75,9.75,5.00,1.39,4.45,7.25,1.26,1.83,3.15,5.90,2.10,1.67,Estádio Municipal Eng. Manuel Branco Teixeira (Chaves)
1573916400,Nov 16 2019 - 3:00pm,complete,1760,Varzim,Farense,João Filipe Malheiro Pinto,14,2.00,2.40,1.83,1.92,1,3,4,4,1,3,"44","23,34,45'1",5,3,3,0,4,0,1,2,0,4,15,9,6,5,9,4,19,24,52,48,1.55,1.51,1.98,1.32,2.00,50,60,50,0,0,60,60,0,70,11.40,6.40,3.15,2.90,2.40,1.54,2.65,5.40,11.00,2.20,1.62,Estádio Varzim Sport Club (Póvoa de Varzim)
1573924500,Nov 16 2019 - 5:15pm,complete,422,FC Penafiel,CD Feirense,João Pedro Silva Pinheiro,8,1.60,0.67,1.58,1.67,0,0,0,0,0,0,"","",2,3,3,0,3,0,2,1,0,3,6,8,3,4,3,4,16,17,42,58,1.76,1.49,0.96,1.18,2.50,70,90,54,17,0,30,74,50,80,9.27,6.00,2.85,3.10,2.50,1.43,2.30,4.40,8.75,1.95,1.77,Estádio Municipal 25 de Abril (Penafiel)
1573989300,Nov 17 2019 - 11:15am,complete,368,CD Mafra,Sporting Covilhã,André Filipe Domingues Narciso,8,2.50,2.25,1.92,1.25,2,2,4,3,1,2,"39,79","30,44",3,7,1,0,3,0,1,0,1,2,8,10,5,3,3,7,16,18,59,41,1.38,1.11,1.63,1.39,3.00,63,75,50,50,25,50,75,63,88,7.50,4.75,2.70,3.05,2.65,1.34,2.05,3.70,7.00,1.80,1.95,Estádio Municipal de Mafra (Mafra)
1575046800,Nov 29 2019 - 5:00pm,complete,399,Sporting Covilhã,CD Feirense,António Emanuel Carvalho Nobre,11,2.00,0.75,1.42,1.67,1,2,3,2,1,1,"27","31,84",4,5,3,0,1,0,0,3,0,1,9,8,3,3,6,5,-1,-1,52,48,1.33,1.41,1.28,1.24,2.03,48,58,35,23,10,0,35,58,68,8.25,5.40,2.75,3.15,2.55,1.40,2.25,4.25,8.25,1.95,1.77,Estádio Municipal José dos Santos Pinto (Covilhã)
1575111600,Nov 30 2019 - 11:00am,complete,1324,Farense,GD Chaves,Artur Manuel Ribeiro Soares Dias,11,2.40,1.20,2.08,1.25,1,0,1,0,0,0,"85","",7,6,2,0,3,0,1,1,2,1,9,10,6,4,3,6,-1,-1,53,47,1.76,1.70,1.48,1.43,2.90,60,80,80,30,0,40,80,50,80,10.40,4.40,2.30,3.25,3.00,1.36,2.10,3.85,7.50,1.87,1.87,Estádio de São Lúis (Faro)
1575126000,Nov 30 2019 - 3:00pm,complete,1,Vilafranquense,Associação Académica de Coimbra OAF,Anzhony Francisco Gonçalves Rodrigues,11,1.50,0.50,1.50,1.00,3,2,5,1,1,0,"18,65,77","57,90'5",2,9,1,0,3,0,0,1,1,2,9,23,6,7,3,16,12,14,38,62,1.39,1.51,1.32,2.65,2.63,50,63,63,38,25,63,63,25,63,7.50,5.75,3.80,3.35,1.95,1.38,2.15,4.00,7.75,2.00,1.77,Estádio Municipal de Rio Maior (Rio Maior)
1575134100,Nov 30 2019 - 5:15pm,complete,593,GD Estoril Praia,Leixões,Manuel Jorge Neves Moreira de Sousa,11,2.40,1.80,2.08,1.36,1,1,2,2,1,1,"26","2",5,6,3,0,0,0,1,2,0,0,12,10,5,2,7,8,17,17,45,55,1.59,1.38,1.63,1.43,3.30,70,80,80,50,20,50,70,50,100,10.20,7.00,2.20,3.25,3.20,1.35,2.10,3.80,7.25,1.87,1.87,Estádio António Coimbra da Mota (Estoril)
1575134100,Nov 30 2019 - 5:15pm,complete,1259,Varzim,FC Penafiel,André Filipe Domingues Narciso,11,1.67,1.00,1.83,0.75,1,0,1,1,1,0,"28","",6,3,2,0,5,0,1,1,2,3,19,9,7,2,12,7,12,16,55,45,1.62,1.14,2.19,1.10,2.29,71,71,71,9,0,59,71,13,50,8.83,5.75,2.55,2.95,2.90,1.44,2.35,4.55,9.00,2.00,1.74,Estádio Varzim Sport Club (Póvoa de Varzim)
1575198900,Dec 01 2019 - 11:15am,complete,274,Casa Pia,CD Nacional,N/A,11,0.60,1.60,0.42,1.67,0,1,1,1,0,1,"","32",9,12,4,0,3,0,0,4,1,2,9,13,3,4,6,9,17,15,44,56,1.44,1.57,1.39,1.77,2.90,80,80,60,30,20,30,70,50,90,8.60,6.80,4.35,3.65,1.74,1.28,1.87,3.20,6.15,1.83,1.91,Estádio Pina Manique (Lisboa)
1575212400,Dec 01 2019 - 3:00pm,complete,857,Benfica II,CD Mafra,José Carlos Silva Campos Rodrigues,11,2.00,0.80,1.91,1.33,2,2,4,1,0,1,"47,84","22,73",8,6,3,0,0,0,1,2,0,0,8,14,5,5,3,9,21,15,53,47,1.66,1.78,1.42,1.77,2.30,70,70,70,10,0,20,50,50,80,12.00,4.40,2.20,3.25,3.15,1.32,2.00,3.50,6.80,1.77,1.95,Caixa Futebol Campus (Seixal)
1575212400,Dec 01 2019 - 3:00pm,complete,367,Porto II,Cova Piedade,Sérgio José dos Santos Guelho,11,0.75,0.00,1.25,0.17,4,1,5,2,2,0,"14,42,54,74","49",8,3,2,0,3,0,1,1,3,0,18,10,9,6,9,4,17,18,50,50,1.83,0.86,2.37,1.51,2.40,58,78,43,23,10,43,55,33,88,9.80,6.55,1.83,3.60,3.90,1.28,1.91,3.25,6.25,1.80,1.91,Estádio Dr. Jorge Sampaio (Pedroso- Vila Nova de Gaia)
1575716400,Dec 07 2019 - 11:00am,complete,395,FC Penafiel,Porto II,Cláudio Filipe Ruivo Pereira,12,1.50,1.00,1.58,1.17,2,2,4,2,1,1,"44,47","6,66",1,5,6,0,3,1,2,4,2,2,8,16,6,6,2,10,33,16,47,53,1.62,1.67,1.30,1.93,2.27,45,77,45,22,7,40,69,36,68,10.46,4.71,2.00,3.25,3.65,1.32,2.00,3.50,6.80,1.77,1.95,Estádio Municipal 25 de Abril (Penafiel)
1575730800,Dec 07 2019 - 3:00pm,complete,1271,CD Nacional,Farense,Tiago Bruno Lopes Martins,12,2.33,2.50,2.50,1.92,1,0,1,1,1,0,"25","",7,6,3,0,2,0,1,2,2,0,9,10,3,3,6,7,15,15,46,54,1.62,1.48,1.27,1.53,2.33,50,67,50,17,9,59,67,17,59,8.33,6.67,2.00,3.30,3.65,1.38,2.20,4.10,8.00,1.95,1.80,Estádio da Madeira (Funchal (Ilha da Madeira))
1575730800,Dec 07 2019 - 3:00pm,complete,528,Cova Piedade,Vilafranquense,Luís Máximo,12,1.20,0.67,1.25,0.50,0,0,0,0,0,0,"","",2,6,3,0,3,0,1,2,2,1,7,11,3,2,4,9,-1,-1,41,59,1.36,1.36,0.89,1.11,2.25,27,82,27,9,9,27,72,37,74,8.53,5.60,2.40,3.15,2.95,1.38,2.15,4.00,7.75,1.87,1.83,Estádio Municipal José Martins Vieira (Almada)
1575738900,Dec 07 2019 - 5:15pm,complete,1054,GD Chaves,UD Oliveirense,Iancu Ioan Vasilica,12,2.40,0.67,1.42,0.92,0,2,2,2,0,2,"","18,44",11,4,3,0,4,0,0,3,2,2,17,11,5,7,12,4,11,23,63,37,1.97,1.34,2.20,1.55,3.17,64,92,72,35,27,35,64,84,92,10.53,5.20,1.32,4.90,9.00,1.25,1.80,3.05,5.70,2.20,1.61,Estádio Municipal Eng. Manuel Branco Teixeira (Chaves)
1575803700,Dec 08 2019 - 11:15am,complete,2053,CD Feirense,Benfica II,Gustavo Fernandes Correia,12,1.33,0.20,1.83,0.54,1,1,2,1,1,0,"21","66",7,3,3,0,5,0,1,2,1,4,13,14,6,6,7,8,24,14,53,47,1.74,1.31,1.87,1.81,1.92,35,64,27,10,0,29,65,17,64,11.97,6.50,1.43,4.40,6.50,1.28,1.87,3.20,6.15,2.00,1.71,Estádio Marcolino de Castro (Santa Maria da Feira)
1575817200,Dec 08 2019 - 3:00pm,complete,1429,Associação Académica de Coimbra OAF,Casa Pia,Hugo Serafim Coelho Magalhães Silva,12,1.17,0.80,1.92,0.50,3,1,4,2,1,1,"5,63,67","8",3,3,0,0,0,0,0,0,0,0,17,10,8,7,9,3,15,11,60,40,2.06,1.08,2.28,1.51,2.22,52,62,44,19,9,35,62,45,72,10.40,5.33,1.47,4.55,5.85,1.30,1.95,3.40,6.55,2.10,1.67,Estádio EFAPEL (Coimbra)
1575817200,Dec 08 2019 - 3:00pm,complete,846,Leixões,Academico Viseu,David Silva,12,2.20,1.60,1.38,1.50,0,1,1,0,0,0,"","63",7,8,2,1,4,0,0,3,0,4,13,10,8,6,5,4,9,22,58,42,2.11,1.42,2.02,1.57,2.40,50,60,40,40,20,20,70,40,70,14.00,7.40,1.54,3.90,5.85,1.33,2.00,3.60,7.00,2.05,1.71,Estádio do Mar (Matosinhos)
1575817200,Dec 08 2019 - 3:00pm,complete,482,CD Mafra,GD Estoril Praia,José Dinis Lopes Nunes Godinho Gorjão,12,2.20,1.80,1.92,1.17,3,1,4,1,1,0,"28,81,87","88",4,7,3,0,2,0,1,2,0,2,17,15,8,7,9,8,-1,-1,48,52,1.43,1.45,2.15,1.93,2.90,60,80,50,40,20,50,60,50,100,8.00,4.80,2.70,3.25,2.50,1.36,2.15,3.90,7.50,1.87,1.83,Estádio Municipal de Mafra (Mafra)
1575825300,Dec 08 2019 - 5:15pm,complete,1201,Varzim,Sporting Covilhã,Frederico João Gonçalves Santos B. Martins,12,1.86,2.00,1.83,1.25,1,0,1,0,0,0,"89","",3,4,3,0,3,0,2,1,2,1,8,17,3,7,5,10,11,13,50,50,1.70,1.16,1.19,1.91,2.67,59,69,59,37,10,59,76,30,62,9.89,5.66,2.50,3.05,2.85,1.43,2.35,4.45,8.75,2.00,1.77,Estádio Varzim Sport Club (Póvoa de Varzim)
1576249200,Dec 13 2019 - 3:00pm,complete,235,Academico Viseu,Cova Piedade,Rui Filipe Cunha Folha Oliveira,13,0.80,0.00,1.33,0.17,4,1,5,0,0,0,"60,64,79,90","50",6,5,4,0,1,0,2,2,0,1,19,7,7,4,12,3,21,13,49,51,1.44,0.97,2.18,1.33,2.49,35,72,44,27,17,44,64,35,90,9.50,4.83,1.65,3.55,5.30,1.40,2.25,4.25,8.25,2.15,1.65,Estádio Municipal do Fontelo (Viseu)
1576257300,Dec 13 2019 - 5:15pm,complete,213,Porto II,GD Chaves,André Filipe Tavares Castro,13,1.20,1.00,1.25,1.25,1,1,2,0,0,0,"90'3","55",14,6,4,0,3,0,2,2,1,2,15,12,6,6,9,6,14,18,63,37,1.93,1.66,2.07,1.63,2.55,65,74,54,29,10,37,64,37,82,11.27,5.57,2.95,3.40,2.25,1.31,1.95,3.45,6.70,1.80,1.95,Estádio Dr. Jorge Sampaio (Pedroso- Vila Nova de Gaia)
1576260000,Dec 13 2019 - 6:00pm,complete,521,Benfica II,Varzim,Tiago Bruno Lopes Martins,13,1.83,1.20,1.91,1.25,3,3,6,3,1,2,"15,62,71","24,26,73",7,8,1,0,1,0,0,1,1,0,17,10,8,7,9,3,9,8,69,31,1.62,1.23,2.45,1.58,2.55,84,84,54,27,0,29,75,35,82,11.63,6.50,2.35,3.35,2.80,1.34,2.05,3.70,7.00,1.83,1.91,Caixa Futebol Campus (Seixal)
1576321200,Dec 14 2019 - 11:00am,complete,618,GD Estoril Praia,CD Nacional,Nuno Miguel Serrano Almeida,13,2.17,1.83,2.08,1.67,1,2,3,1,0,1,"68","23,88",6,1,3,0,5,0,2,1,2,3,20,10,7,4,13,6,-1,-1,53,47,1.60,1.60,2.29,1.29,2.59,75,84,58,17,0,42,84,42,83,9.66,6.83,2.25,3.25,3.10,1.30,1.95,3.40,6.55,1.74,2.00,Estádio António Coimbra da Mota (Estoril)
1576335600,Dec 14 2019 - 3:00pm,complete,323,Casa Pia,CD Mafra,Miguel Bertolo Nogueira,13,0.50,0.83,0.42,1.33,0,1,1,0,0,0,"","66",7,5,1,0,1,0,1,0,0,1,14,15,4,4,10,11,16,13,45,55,1.43,1.78,1.83,1.83,2.92,75,75,75,34,17,25,75,59,75,10.83,4.67,3.05,3.25,2.25,1.35,2.10,3.80,7.25,1.83,1.87,Estádio Pina Manique (Lisboa)
1576343700,Dec 14 2019 - 5:15pm,complete,1,Vilafranquense,Leixões,Cláudio Filipe Ruivo Pereira,13,1.80,1.67,1.50,1.36,1,1,2,1,1,0,"45'1","85",10,3,2,0,1,0,1,1,1,0,8,4,5,2,3,2,-1,-1,49,51,1.38,1.39,1.13,0.61,3.70,74,84,75,65,47,65,75,47,92,9.20,5.73,3.30,3.40,2.05,1.33,2.05,3.65,7.00,1.83,1.91,Estádio Municipal de Rio Maior (Rio Maior)
1576408500,Dec 15 2019 - 11:15am,complete,1082,UD Oliveirense,FC Penafiel,José Carlos Silva Campos Rodrigues,13,1.00,0.80,1.75,0.75,2,1,3,0,0,0,"49,90'3","90",3,4,3,0,2,1,1,2,1,2,13,6,5,3,8,3,23,21,53,47,1.69,1.13,1.65,0.97,1.63,30,55,30,0,0,20,40,35,58,8.35,7.20,2.10,3.30,3.40,1.31,1.95,3.45,6.70,1.80,1.91,Estádio Carlos Osório (Oliveira de Azeméis)
1576422000,Dec 15 2019 - 3:00pm,complete,2675,Farense,CD Feirense,Manuel Jorge Neves Moreira de Sousa,13,2.50,1.20,2.08,1.67,1,0,1,1,1,0,"7","",5,8,5,0,3,0,1,4,1,2,14,9,8,4,6,5,-1,-1,47,53,1.71,1.38,1.91,1.32,2.54,65,74,64,27,0,27,64,55,82,9.57,4.93,2.05,3.20,3.60,1.41,2.25,4.25,8.25,1.95,1.77,Estádio de São Lúis (Faro)
1576422000,Dec 15 2019 - 3:00pm,complete,420,Sporting Covilhã,Associação Académica de Coimbra OAF,Hélder Miguel Azevedo Malheiro,13,1.67,0.40,1.42,1.00,1,2,3,0,0,0,"66","75,90'4",8,4,1,0,4,1,0,1,0,5,15,13,7,6,8,7,9,19,60,40,1.32,1.73,2.03,1.73,1.90,37,45,37,19,19,19,37,27,54,9.00,5.50,2.45,3.15,2.85,1.44,2.35,4.55,9.00,2.00,1.74,Estádio Municipal José dos Santos Pinto (Covilhã)
1576947600,Dec 21 2019 - 5:00pm,complete,719,Leixões,Cova Piedade,João Bento,14,1.83,0.00,1.38,0.17,0,0,0,0,0,0,"","",6,4,2,0,3,0,0,2,1,2,10,9,3,2,7,7,16,17,58,42,2.10,1.02,1.37,1.02,2.88,54,68,52,38,30,37,62,45,92,12.57,5.90,1.43,4.25,7.00,1.27,1.87,3.20,6.00,2.00,1.74,Estádio do Mar (Matosinhos)
1577026800,Dec 22 2019 - 3:00pm,complete,793,UD Oliveirense,Academico Viseu,Gustavo Fernandes Correia,11,1.40,1.83,1.75,1.50,2,0,2,1,1,0,"5,90'7","",4,6,4,0,2,1,0,4,1,2,13,11,3,6,10,5,28,20,50,50,1.69,1.44,1.52,1.76,1.80,27,55,27,17,9,9,25,47,74,11.37,7.97,2.15,3.20,3.35,1.40,2.25,4.25,8.25,1.95,1.77,Estádio Municipal de Aveiro (Aveiro)
1577530800,Dec 28 2019 - 11:00am,complete,378,FC Penafiel,GD Estoril Praia,Anzhony Francisco Gonçalves Rodrigues,14,1.43,1.50,1.58,1.17,1,0,1,0,0,0,"46","",6,7,6,0,2,1,1,5,1,2,9,16,6,5,3,11,25,18,41,59,1.58,1.53,1.45,1.91,2.42,47,77,47,24,9,45,61,41,79,7.88,6.26,3.00,3.05,2.40,1.40,2.25,4.25,8.25,1.91,1.80,Estádio Municipal 25 de Abril (Penafiel)
1577553300,Dec 28 2019 - 5:15pm,complete,2140,Associação Académica de Coimbra OAF,UD Oliveirense,João Filipe Malheiro Pinto,14,1.43,1.00,1.92,0.92,4,3,7,3,2,1,"13,30,53,63","9,55,71",7,5,3,0,4,1,1,2,1,4,15,8,8,4,7,4,20,8,50,50,2.09,1.37,2.09,1.27,3.07,72,86,71,36,22,57,79,57,79,10.72,6.00,2.00,3.20,3.85,1.33,2.05,3.70,7.00,1.83,1.91,Estádio EFAPEL (Coimbra)
1577618100,Dec 29 2019 - 11:15am,complete,590,Sporting Covilhã,Benfica II,Miguel Bertolo Nogueira,14,1.43,0.33,1.42,0.54,2,2,4,2,1,1,"8,90'7","32,90",1,4,1,0,4,1,1,0,1,4,7,5,5,4,2,1,12,13,51,49,1.42,1.39,1.29,1.08,2.07,38,62,30,16,7,24,56,22,69,9.07,5.62,1.91,3.35,3.95,1.32,2.00,3.55,6.90,1.83,1.87,Estádio Municipal José dos Santos Pinto (Covilhã)
1577631600,Dec 29 2019 - 3:00pm,complete,1614,CD Feirense,Casa Pia,David Silva,14,1.29,0.67,1.83,0.50,1,1,2,2,1,1,"26","30",7,6,1,0,3,0,0,1,2,1,17,7,5,2,12,5,14,15,48,52,1.76,1.15,2.08,1.08,1.93,45,61,31,17,0,24,54,40,69,9.64,5.10,1.42,4.10,7.50,1.30,1.95,3.40,6.55,2.10,1.67,Estádio Marcolino de Castro (Santa Maria da Feira)
1577631600,Dec 29 2019 - 3:00pm,complete,682,CD Mafra,Academico Viseu,N/A,14,2.33,1.57,1.92,1.50,1,1,2,2,1,1,"4","12",7,8,2,0,3,0,1,1,1,2,10,13,5,8,5,5,10,20,53,47,1.55,1.49,1.61,2.09,2.67,56,70,48,48,16,32,70,40,86,10.47,6.14,2.00,3.15,3.95,1.32,2.00,3.60,6.95,1.80,1.95,Estádio Municipal de Mafra (Mafra)
1577639700,Dec 29 2019 - 5:15pm,complete,1451,GD Chaves,Vilafranquense,Hugo Serafim Coelho Magalhães Silva,14,2.00,0.71,1.42,0.50,2,1,3,1,1,0,"44,71","68",9,5,1,0,4,0,1,0,3,1,11,9,6,3,5,6,16,14,46,54,2.01,1.32,1.58,1.24,2.49,40,86,40,16,16,31,69,56,70,13.26,4.47,1.48,4.00,6.70,1.30,1.95,3.40,6.55,2.05,1.71,Estádio Municipal Eng. Manuel Branco Teixeira (Chaves)
1578135600,Jan 04 2020 - 11:00am,complete,1027,Leixões,FC Penafiel,Hugo Filipe Ferreira de Campos Moreira Miguel,15,1.71,0.67,1.38,0.75,0,1,1,0,0,0,"","47",8,0,1,0,2,0,0,1,2,0,20,7,5,2,15,5,15,14,74,26,1.99,1.11,2.36,0.78,2.09,55,55,48,15,7,24,62,31,61,10.54,6.31,1.65,3.65,5.20,1.33,2.00,3.60,7.00,1.95,1.77,Estádio do Mar (Matosinhos)
1578150000,Jan 04 2020 - 3:00pm,complete,811,UD Oliveirense,CD Mafra,André Luiz de Freitas Castro,15,1.67,1.14,1.75,1.33,1,3,4,1,0,1,"73","44,53,86",6,3,3,1,1,0,1,3,0,1,20,8,8,5,12,3,21,14,54,46,1.66,1.79,2.46,1.33,2.05,44,69,44,7,0,7,37,54,85,10.43,5.40,2.40,3.35,2.80,1.29,1.95,3.35,6.45,1.74,2.00,Estádio Carlos Osório (Oliveira de Azeméis)
1578150000,Jan 04 2020 - 3:00pm,complete,828,Cova Piedade,GD Chaves,João Filipe Malheiro Pinto,15,1.17,1.00,1.25,1.25,0,2,2,1,0,1,"","7,56",5,4,3,0,2,0,2,1,2,0,10,8,5,5,5,3,22,15,45,55,1.28,1.65,1.59,1.36,2.05,37,69,37,7,0,23,54,38,77,8.71,5.79,3.70,3.20,2.00,1.35,2.10,3.80,7.25,1.87,1.83,Estádio Municipal José Martins Vieira (Almada)
1578158100,Jan 04 2020 - 5:15pm,complete,673,GD Estoril Praia,CD Feirense,N/A,15,1.86,1.00,2.08,1.67,0,2,2,1,0,1,"","31,90'5",8,2,5,0,2,0,1,4,1,1,12,9,3,3,9,6,20,17,58,42,1.70,1.37,1.79,1.35,2.66,77,84,68,23,0,37,84,54,77,9.57,5.67,2.15,3.20,3.40,1.36,2.10,3.90,7.50,1.87,1.83,Estádio António Coimbra da Mota (Estoril)
1578222900,Jan 05 2020 - 11:15am,complete,4836,Farense,Benfica II,João António Ferreira Gonçalves,15,2.57,0.43,2.08,0.54,0,3,3,2,0,2,"","1,23,84",6,0,2,0,3,0,2,0,1,2,13,8,8,6,5,2,19,19,62,38,1.74,1.35,2.08,1.19,2.36,43,64,43,29,0,36,79,29,71,9.57,6.42,1.54,4.00,5.65,1.26,1.83,3.15,5.90,1.87,1.83,Estádio de São Lúis (Faro)
1578236400,Jan 05 2020 - 3:00pm,complete,609,Academico Viseu,CD Nacional,Luís Máximo,15,1.17,2.00,1.33,1.67,0,0,0,0,0,0,"","",2,6,1,0,1,0,0,1,0,1,11,13,5,5,6,8,18,10,37,63,1.56,1.56,1.49,1.73,2.24,52,69,38,17,9,16,61,38,85,9.88,6.33,2.95,3.20,2.35,1.32,2.00,3.55,6.90,1.80,1.95,Estádio Municipal do Fontelo (Viseu)
1578236400,Jan 05 2020 - 3:00pm,complete,477,Porto II,Associação Académica de Coimbra OAF,Miguel Bertolo Nogueira,15,1.17,0.83,1.25,1.00,1,3,4,2,1,1,"36","19,61,71",5,6,1,1,2,0,2,0,0,2,9,14,5,8,4,6,8,10,42,58,1.96,1.73,1.37,2.01,2.25,67,67,42,25,17,25,42,42,67,11.83,7.00,2.60,3.25,2.60,1.33,2.05,3.65,7.00,1.80,1.95,Estádio Dr. Jorge Sampaio (Pedroso- Vila Nova de Gaia)
1578236400,Jan 05 2020 - 3:00pm,complete,344,Casa Pia,Sporting Covilhã,José Dinis Lopes Nunes Godinho Gorjão,15,0.43,1.67,0.42,1.25,1,4,5,2,0,2,"79","27,34,47,83",8,1,2,1,2,0,0,3,0,2,7,11,2,5,5,6,12,21,53,47,1.49,1.29,1.37,1.47,2.85,54,62,54,47,23,40,69,47,77,9.24,5.54,3.00,3.30,2.25,1.34,2.05,3.75,7.25,1.83,1.91,Estádio Pina Manique (Lisboa)
1578244500,Jan 05 2020 - 5:15pm,complete,315,Vilafranquense,Varzim,Sérgio José dos Santos Guelho,15,1.67,1.17,1.50,1.25,0,3,3,2,0,2,"","28,31,77",4,2,1,0,1,0,1,0,1,0,15,8,5,6,10,2,16,15,56,44,1.33,1.29,1.90,1.35,3.59,92,100,67,50,34,59,100,42,92,9.66,5.83,2.65,3.25,2.55,1.33,2.05,3.65,7.00,1.80,1.91,Estádio EFAPEL (Coimbra)
1578682800,Jan 10 2020 - 7:00pm,complete,943,Varzim,Academico Viseu,José Carlos Silva Campos Rodrigues,16,2.00,1.50,1.83,1.50,1,2,3,1,0,1,"86","38,90'5",4,2,4,1,1,0,1,4,0,1,10,13,4,5,6,8,12,13,58,42,1.64,1.56,1.45,1.49,2.00,44,57,38,19,7,38,63,13,57,12.26,6.88,2.05,3.30,3.50,1.35,2.10,3.80,7.25,1.87,1.87,Estádio Varzim Sport Club (Póvoa de Varzim)
1578740400,Jan 11 2020 - 11:00am,complete,2153,CD Feirense,Porto II,Sérgio José dos Santos Guelho,16,1.25,1.00,1.83,1.17,1,0,1,1,1,0,"28","",3,11,5,1,1,0,2,4,0,1,16,13,7,3,9,10,18,11,36,64,1.80,1.70,1.88,1.76,2.44,63,82,44,25,7,32,69,50,76,13.26,5.26,1.69,3.85,4.50,1.29,1.95,3.35,6.45,1.87,1.83,Estádio Marcolino de Castro (Santa Maria da Feira)
1578754800,Jan 11 2020 - 3:00pm,complete,567,Benfica II,Casa Pia,Cláudio Filipe Ruivo Pereira,16,1.71,0.71,1.91,0.50,4,0,4,1,1,0,"18,49,63,68","",4,2,0,0,0,1,0,0,0,1,16,3,11,2,5,1,18,11,61,39,1.74,1.14,2.43,0.75,2.50,57,64,50,36,7,36,57,50,72,9.86,4.15,1.69,3.50,5.05,1.25,1.80,3.05,5.70,1.74,2.00,Caixa Futebol Campus (Seixal)
1578754800,Jan 11 2020 - 3:00pm,complete,565,Sporting Covilhã,GD Estoril Praia,Hugo Serafim Coelho Magalhães Silva,16,1.38,1.29,1.42,1.17,1,0,1,0,0,0,"68","",5,2,2,0,1,0,2,0,1,0,10,6,5,4,5,2,17,15,48,52,1.40,1.59,1.50,1.19,2.48,47,67,47,27,14,27,41,54,88,8.70,4.99,2.25,3.30,3.00,1.32,2.00,3.60,6.95,1.80,1.95,Estádio Municipal José dos Santos Pinto (Covilhã)
1578762900,Jan 11 2020 - 5:15pm,complete,1486,GD Chaves,Leixões,Nuno Miguel Serrano Almeida,16,2.14,1.57,1.42,1.36,0,0,0,0,0,0,"","",3,4,1,0,2,0,0,1,0,2,13,10,4,2,9,8,11,17,57,43,1.95,1.28,1.69,1.20,2.86,64,86,50,29,22,36,64,58,86,13.57,5.14,2.00,3.15,3.75,1.33,2.05,3.70,7.00,1.80,1.91,Estádio Municipal Eng. Manuel Branco Teixeira (Chaves)
1578827700,Jan 12 2020 - 11:15am,complete,479,FC Penafiel,Farense,Vitor Jorge Fernandes Ferreira,16,1.63,2.14,1.58,1.92,3,0,3,0,0,0,"58,74,81","",4,5,2,0,1,0,1,1,0,1,10,10,6,3,4,7,17,17,38,62,1.56,1.49,1.41,1.36,2.01,41,60,41,14,0,54,67,7,60,8.71,7.04,3.90,3.10,2.00,1.43,2.30,4.35,8.75,2.00,1.74,Estádio Municipal 25 de Abril (Penafiel)
1578841200,Jan 12 2020 - 3:00pm,complete,1573,CD Nacional,UD Oliveirense,José Dinis Lopes Nunes Godinho Gorjão,16,2.43,0.88,2.50,0.92,0,0,0,0,0,0,"","",9,3,5,0,1,1,2,3,1,1,26,11,7,6,19,5,11,17,63,37,1.57,1.36,2.87,1.41,2.89,53,73,59,32,26,53,73,46,59,7.92,6.64,1.51,4.00,5.95,1.28,1.87,3.20,6.15,1.91,1.80,Estádio da Madeira (Funchal (Ilha da Madeira))
1578841200,Jan 12 2020 - 3:00pm,complete,654,CD Mafra,Vilafranquense,Gustavo Fernandes Correia,16,2.14,0.63,1.92,0.50,1,1,2,1,1,0,"11","78",7,6,4,0,2,0,3,1,1,1,12,12,4,6,8,6,17,14,51,49,1.56,1.31,1.69,1.83,2.70,62,81,48,35,14,41,81,41,75,10.09,4.38,1.57,3.95,5.35,1.26,1.83,3.15,5.90,1.87,1.83,Estádio Municipal de Mafra (Mafra)
1578849300,Jan 12 2020 - 5:15pm,complete,3346,Associação Académica de Coimbra OAF,Cova Piedade,David Silva,16,1.63,0.13,1.92,0.17,3,0,3,1,1,0,"44,62,84","",4,4,0,0,2,0,0,0,1,1,10,7,5,2,5,5,14,15,49,51,2.09,1.02,1.32,1.15,3.25,69,82,69,38,32,57,69,57,88,11.75,5.51,1.42,4.40,6.90,1.24,1.77,2.95,5.55,1.95,1.80,Estádio EFAPEL (Coimbra)
1579345200,Jan 18 2020 - 11:00am,complete,718,GD Estoril Praia,Associação Académica de Coimbra OAF,Iancu Ioan Vasilica,17,1.63,1.14,2.08,1.00,1,0,1,0,0,0,"90'3","",10,1,4,0,1,0,0,4,0,1,15,5,4,2,11,3,17,19,53,47,1.71,1.77,1.93,0.86,2.65,66,79,66,27,7,40,72,47,73,10.00,6.54,2.20,3.30,3.00,1.30,2.00,3.50,7.00,1.80,1.91,Estádio António Coimbra da Mota (Estoril)
1579359600,Jan 18 2020 - 3:00pm,complete,1153,UD Oliveirense,CD Feirense,Fábio José Costa Veríssimo,17,1.43,1.29,1.75,1.67,1,1,2,1,0,1,"67","32",8,5,3,0,4,0,1,2,2,2,16,7,6,3,10,4,12,17,60,40,1.77,1.37,2.13,1.06,2.07,43,71,36,14,0,7,50,50,79,9.71,6.43,3.00,3.30,2.20,1.40,2.25,4.00,9.00,1.91,1.80,Estádio Carlos Osório (Oliveira de Azeméis)
1579366800,Jan 18 2020 - 5:00pm,complete,750,Porto II,Benfica II,N/A,17,1.00,0.75,1.25,0.54,2,1,3,2,1,1,"5,59","33",7,6,2,0,4,0,0,2,0,4,13,12,9,3,4,9,9,17,46,54,1.87,1.33,1.93,1.52,2.55,62,81,41,34,7,47,73,35,81,10.59,7.06,2.15,3.60,3.10,1.20,1.65,2.62,5.00,1.57,2.25,Estádio Dr. Jorge Sampaio (Pedroso- Vila Nova de Gaia)
1579367700,Jan 18 2020 - 5:15pm,complete,925,Leixões,CD Mafra,Anzhony Francisco Gonçalves Rodrigues,17,1.50,1.38,1.38,1.33,0,2,2,1,0,1,"","33,89",8,8,5,0,2,0,1,4,0,2,17,8,6,4,11,4,18,13,59,41,2.04,1.73,2.17,1.18,2.26,57,57,50,25,7,13,57,44,82,12.88,4.38,1.65,3.50,5.00,1.30,2.00,3.50,7.00,1.83,1.83,Estádio do Mar (Matosinhos)
1579432500,Jan 19 2020 - 11:15am,complete,4094,Farense,Sporting Covilhã,João Bento,17,2.25,1.86,2.08,1.25,0,0,0,0,0,0,"","",4,2,4,0,1,0,1,3,0,1,10,6,5,3,5,3,16,15,53,47,1.78,1.31,1.48,0.98,2.82,48,67,60,41,15,48,73,48,81,8.54,5.34,1.91,3.40,3.95,1.36,2.15,3.90,7.50,2.00,1.71,Estádio de São Lúis (Faro)
1579446000,Jan 19 2020 - 3:00pm,complete,693,Academico Viseu,GD Chaves,André Filipe Domingues Narciso,17,1.14,1.25,1.33,1.25,0,0,0,0,0,0,"","",5,6,2,0,3,0,1,1,2,1,4,8,2,4,2,4,23,11,38,62,1.55,1.62,0.77,1.41,2.19,40,66,40,21,7,20,53,34,80,10.21,4.39,2.85,3.10,2.50,1.38,2.15,4.00,7.75,1.87,1.83,Estádio Municipal do Fontelo (Viseu)
1579446000,Jan 19 2020 - 3:00pm,complete,673,Cova Piedade,CD Nacional,Nuno Miguel Serrano Almeida,17,1.00,1.88,1.25,1.67,3,1,4,2,1,1,"20,70,74","30",3,9,1,0,4,0,1,0,1,3,12,9,5,4,7,5,20,9,38,62,1.32,1.58,1.42,1.26,1.80,39,67,26,0,0,14,60,34,73,8.17,7.06,4.30,3.25,1.87,1.37,2.15,3.95,7.75,1.95,1.80,Estádio Municipal José Martins Vieira (Almada)
1579446000,Jan 19 2020 - 3:00pm,complete,389,Casa Pia,Varzim,João António Ferreira Gonçalves,17,0.38,1.43,0.42,1.25,2,2,4,1,0,1,"51,79","31,67",1,7,2,0,2,0,0,2,0,2,8,16,6,6,2,10,15,20,46,54,1.48,1.30,1.36,2.09,3.14,75,82,60,40,26,48,88,40,81,10.74,6.02,3.00,3.25,2.30,1.32,2.00,3.55,6.90,1.83,1.87,Estádio Pina Manique (Lisboa)
1579454100,Jan 19 2020 - 5:15pm,complete,262,Vilafranquense,FC Penafiel,João Filipe Malheiro Pinto,17,1.43,1.00,1.50,0.75,1,1,2,1,0,1,"48","3",2,2,2,0,2,0,0,2,1,1,8,4,3,2,5,2,13,16,64,36,1.41,1.06,1.38,0.88,2.93,64,79,72,29,22,50,79,36,79,6.72,5.14,2.25,3.25,3.05,1.34,2.05,3.75,7.25,1.83,1.91,Estádio Municipal de Rio Maior (Rio Maior)
1580037300,Jan 26 2020 - 11:15am,complete,1763,GD Chaves,CD Nacional,Gustavo Fernandes Correia,18,2.00,1.67,1.42,1.67,0,2,2,1,0,1,"","45'1,64",10,2,3,1,3,2,1,3,1,4,8,8,2,5,6,3,23,14,55,45,1.92,1.54,1.32,1.24,2.31,59,78,47,12,7,24,65,60,77,12.71,5.67,2.45,3.05,2.90,1.42,2.30,4.35,8.50,1.95,1.80,Estádio Municipal Eng. Manuel Branco Teixeira (Chaves)
1580037300,Jan 26 2020 - 11:15am,complete,702,Cova Piedade,CD Mafra,José Dinis Lopes Nunes Godinho Gorjão,18,1.25,1.56,1.25,1.33,1,1,2,0,0,0,"51","48",4,7,1,0,0,0,0,1,0,0,8,9,4,3,4,6,12,13,43,57,1.33,1.67,1.25,1.35,2.28,46,77,46,18,0,18,65,47,82,8.69,4.69,3.00,3.20,2.35,1.35,2.10,3.80,7.25,1.83,1.91,Estádio Municipal José Martins Vieira (Almada)
1580050800,Jan 26 2020 - 3:00pm,complete,1116,Leixões,Associação Académica de Coimbra OAF,Manuel Jorge Neves Moreira de Sousa,18,1.33,1.00,1.38,1.00,1,1,2,1,1,0,"22","86",1,3,4,1,3,0,2,3,1,2,12,6,6,5,6,1,21,17,51,49,2.05,1.66,1.59,1.13,2.01,42,47,36,24,12,18,47,30,71,12.28,6.11,2.10,3.10,3.55,1.40,2.20,4.15,8.25,1.91,1.80,Estádio do Mar (Matosinhos)
1580050800,Jan 26 2020 - 3:00pm,complete,352,Porto II,Sporting Covilhã,André Filipe Tavares Castro,18,1.25,1.75,1.25,1.25,4,2,6,2,1,1,"31,53,60,90'6","35,62",4,1,2,1,4,0,0,3,1,3,15,7,8,3,7,4,16,17,52,48,1.88,1.27,2.05,1.14,2.75,69,76,50,44,19,50,63,50,82,9.88,5.75,2.40,3.30,2.80,1.34,2.05,3.75,7.25,1.83,1.91,Estádio Dr. Jorge Sampaio (Pedroso- Vila Nova de Gaia)
1580050800,Jan 26 2020 - 3:00pm,complete,499,Academico Viseu,FC Penafiel,Hugo Serafim Coelho Magalhães Silva,18,1.13,1.00,1.33,0.75,1,0,1,0,0,0,"74","",5,3,4,0,1,1,1,3,1,1,11,8,4,3,7,5,22,19,53,47,1.46,1.04,1.51,1.25,1.88,44,57,38,13,7,19,51,25,63,7.13,5.01,1.87,3.40,4.00,1.41,2.25,4.25,8.25,2.05,1.71,Estádio Municipal do Fontelo (Viseu)
1580050800,Jan 26 2020 - 3:00pm,complete,790,Casa Pia,Farense,Fábio José Costa Veríssimo,18,0.44,1.88,0.42,1.92,0,2,2,1,0,1,"","43,90'5",7,7,2,0,1,0,2,0,1,0,7,9,2,5,5,4,16,17,50,50,1.46,1.47,1.19,1.48,2.74,53,65,59,35,17,42,71,35,71,10.08,5.78,5.10,3.70,1.65,1.34,2.05,3.70,7.00,2.00,1.71,Estádio Pina Manique (Lisboa)
1580050800,Jan 26 2020 - 3:00pm,complete,916,UD Oliveirense,Varzim,André Filipe Domingues Narciso,18,1.38,1.38,1.75,1.25,4,0,4,1,1,0,"8,53,63,77","",3,3,5,0,3,2,2,3,3,2,18,4,10,0,8,4,13,16,65,35,1.82,1.40,2.22,0.60,2.63,63,88,44,26,7,25,69,44,88,10.63,6.75,2.75,3.15,2.55,1.38,2.15,4.00,7.75,1.87,1.83,Estádio Municipal de Aveiro (Aveiro)
1580058900,Jan 26 2020 - 5:15pm,complete,410,Vilafranquense,CD Feirense,David Silva,18,1.38,1.25,1.50,1.67,1,1,2,0,0,0,"75","87",5,4,3,0,1,0,1,2,1,0,11,12,4,6,7,6,19,17,47,53,1.41,1.33,1.28,1.51,2.88,69,88,57,32,19,38,88,38,88,8.63,4.88,2.75,3.15,2.50,1.35,2.10,3.80,7.25,1.83,1.91,Estádio Municipal de Rio Maior (Rio Maior)
1580154300,Jan 27 2020 - 7:45pm,complete,428,GD Estoril Praia,Benfica II,João Filipe Malheiro Pinto,18,1.78,0.67,2.08,0.54,1,0,1,1,1,0,"2","",2,10,3,0,2,0,0,3,1,1,9,11,4,5,5,6,20,15,37,63,1.74,1.35,1.15,1.64,2.61,56,84,56,22,0,50,89,28,84,9.67,7.00,1.67,3.80,4.60,1.24,1.77,2.95,5.55,1.77,2.00,Estádio António Coimbra da Mota (Estoril)
1580414400,Jan 30 2020 - 8:00pm,complete,2446,Associação Académica de Coimbra OAF,Academico Viseu,Rui Manuel Gomes Costa,19,1.78,1.67,1.92,1.50,2,0,2,1,1,0,"26,78","",2,4,1,0,4,0,0,1,1,3,8,9,4,2,4,7,14,26,54,46,2.00,1.56,1.32,1.29,2.78,61,78,56,28,17,39,78,50,78,12.78,6.23,1.95,3.25,3.95,1.45,2.40,4.60,9.25,2.10,1.67,Estádio EFAPEL (Coimbra)
1580554800,Feb 01 2020 - 11:00am,complete,3174,Farense,GD Estoril Praia,António Emanuel Carvalho Nobre,19,2.11,1.13,2.08,1.17,0,2,2,1,0,1,"","45'1,54",6,6,4,0,4,0,1,3,0,4,16,9,3,4,13,5,25,21,54,46,1.75,1.54,1.79,1.27,2.30,36,60,47,24,7,29,53,42,84,9.36,5.41,1.95,3.40,3.75,1.35,2.10,3.80,7.25,1.91,1.80,Estádio de São Lúis (Faro)
1580569200,Feb 01 2020 - 3:00pm,complete,541,CD Mafra,GD Chaves,Miguel Bertolo Nogueira,19,2.00,1.22,1.92,1.25,1,0,1,1,1,0,"29","",7,11,1,0,1,0,0,1,0,1,5,14,2,4,3,10,15,10,44,56,1.58,1.59,1.00,1.92,2.56,66,78,47,31,7,36,72,36,83,10.56,4.58,3.00,3.15,2.35,1.38,2.15,4.00,7.75,1.87,1.83,Estádio Municipal de Mafra (Mafra)
1580577300,Feb 01 2020 - 5:15pm,complete,353,FC Penafiel,Casa Pia,José Carlos Silva Campos Rodrigues,19,1.78,0.63,1.58,0.50,1,1,2,2,1,1,"20","32",8,4,4,0,3,0,1,3,2,1,17,12,3,7,14,5,14,15,53,47,1.55,1.09,1.91,1.69,2.13,36,65,41,25,0,41,60,36,65,6.88,5.44,1.71,3.55,4.80,1.34,2.05,3.75,7.25,2.00,1.74,Estádio Municipal 25 de Abril (Penafiel)
1580642100,Feb 02 2020 - 11:15am,complete,1444,Varzim,Porto II,Luís Máximo,19,1.78,0.89,1.83,1.17,0,2,2,1,0,1,"","23,90'3",9,0,2,0,5,0,1,1,1,4,8,13,4,6,4,7,11,19,54,46,1.62,1.71,1.38,1.49,2.45,56,67,56,28,6,39,73,39,67,12.34,5.22,1.91,3.45,3.80,1.26,1.83,3.15,5.90,1.71,2.05,Estádio Varzim Sport Club (Póvoa de Varzim)
1580642100,Feb 02 2020 - 11:15am,complete,1741,CD Nacional,Leixões,Fábio José Costa Veríssimo,19,2.25,1.50,2.50,1.36,1,0,1,1,1,0,"35","",2,2,4,0,4,1,1,3,3,2,11,9,4,4,7,5,14,20,56,44,1.74,1.27,1.45,1.27,2.19,51,57,38,26,19,38,57,25,57,10.26,6.26,2.05,3.15,3.60,1.42,2.25,4.30,8.50,2.00,1.74,Estádio da Madeira (Funchal (Ilha da Madeira))
1580655600,Feb 02 2020 - 3:00pm,complete,2181,CD Feirense,Cova Piedade,Iancu Ioan Vasilica,19,1.44,0.11,1.83,0.17,2,1,3,3,2,1,"40,44","11",3,4,3,0,2,0,0,3,2,0,12,13,7,4,5,9,23,20,48,52,1.81,1.04,1.73,1.59,2.39,50,73,45,17,17,33,62,39,73,11.11,6.12,1.69,3.40,5.30,1.40,2.25,4.25,8.25,2.10,1.67,Estádio Marcolino de Castro (Santa Maria da Feira)
1580655600,Feb 02 2020 - 3:00pm,complete,833,Benfica II,Vilafranquense,André Filipe Tavares Castro,19,1.88,0.67,1.91,0.50,4,0,4,3,3,0,"3,44,45'3,53","",1,5,2,0,3,0,1,1,1,2,7,16,5,4,2,12,22,15,37,63,1.82,1.37,1.13,1.91,2.68,54,77,54,31,12,24,71,48,78,11.94,4.33,1.80,3.60,4.20,1.28,1.87,3.20,6.15,1.77,1.95,Caixa Futebol Campus (Seixal)
1580759100,Feb 03 2020 - 7:45pm,complete,507,Sporting Covilhã,UD Oliveirense,Sérgio José dos Santos Guelho,19,1.56,0.89,1.42,0.92,1,0,1,0,0,0,"71","",6,2,2,0,5,1,2,0,1,5,7,8,2,2,5,6,17,16,51,49,1.41,1.36,1.06,1.04,2.72,50,67,56,33,22,39,50,50,73,7.78,5.55,2.20,3.10,3.35,1.39,2.20,4.15,8.25,1.95,1.80,Estádio Municipal José dos Santos Pinto (Covilhã)
1581159600,Feb 08 2020 - 11:00am,complete,904,CD Mafra,CD Nacional,Iancu Ioan Vasilica,20,2.11,1.80,1.92,1.67,1,1,2,1,1,0,"11","74",2,6,3,0,1,0,1,2,0,1,12,20,5,7,7,13,20,12,45,55,1.51,1.51,1.49,2.21,2.44,69,74,42,27,6,32,80,37,79,10.22,6.01,2.65,3.05,2.65,1.40,2.20,4.15,8.25,1.91,1.80,Estádio Municipal de Mafra (Mafra)
1581174000,Feb 08 2020 - 3:00pm,complete,472,Academico Viseu,CD Feirense,João Carlos Antunes Pereira Bento,20,1.33,1.22,1.33,1.67,0,1,1,0,0,0,"","90'3",10,6,2,0,3,0,0,2,0,3,9,9,3,5,6,4,14,12,49,51,1.46,1.35,1.27,1.41,1.89,45,61,28,17,6,11,50,33,73,9.34,4.89,3.00,2.90,2.50,1.51,2.60,5.15,10.50,2.15,1.65,Estádio Municipal do Fontelo (Viseu)
1581174000,Feb 08 2020 - 3:00pm,complete,614,Cova Piedade,FC Penafiel,João Filipe Malheiro Pinto,20,1.22,0.89,1.25,0.75,2,2,4,2,1,1,"4,90'5","9,51",8,5,2,0,2,1,0,2,0,3,11,9,5,3,6,6,13,25,60,40,1.33,1.06,1.69,1.23,1.95,45,67,33,6,0,22,56,33,73,5.77,5.78,2.35,2.90,3.25,1.45,2.40,4.60,9.25,2.00,1.74,Estádio Municipal José Martins Vieira (Almada)
1581174000,Feb 08 2020 - 3:00pm,complete,1060,Leixões,Varzim,N/A,20,1.30,1.22,1.38,1.25,1,0,1,0,0,0,"64","",11,3,0,0,3,0,0,0,0,3,14,7,4,3,10,4,8,22,56,44,2.01,1.31,1.61,1.06,2.62,59,75,44,32,11,27,80,32,85,11.99,6.52,1.95,3.20,4.05,1.42,2.25,4.30,8.50,2.00,1.74,Estádio do Mar (Matosinhos)
1581246900,Feb 09 2020 - 11:15am,complete,883,UD Oliveirense,Benfica II,David Silva,20,1.56,0.60,1.75,0.54,5,0,5,2,2,0,"16,26,49,55,90'3","",3,7,2,0,2,0,0,2,2,0,13,10,9,4,4,6,16,8,45,55,1.86,1.38,1.75,1.43,2.26,37,74,37,21,0,25,67,33,80,9.92,7.39,2.05,3.45,3.30,1.25,1.80,3.05,5.70,1.67,2.10,Estádio Carlos Osório (Oliveira de Azeméis)
1581260400,Feb 09 2020 - 3:00pm,complete,466,Vilafranquense,Sporting Covilhã,Tiago Bruno Lopes Martins,20,1.33,1.56,1.50,1.25,1,0,1,1,1,0,"6","",3,4,4,0,4,0,1,3,2,2,11,10,6,3,5,7,18,12,44,56,1.40,1.26,1.67,1.52,3.28,67,84,62,50,33,56,78,50,89,7.00,4.89,2.55,3.10,2.75,1.38,2.15,4.00,7.75,1.87,1.83,Estádio Municipal de Rio Maior (Rio Maior)
1581260400,Feb 09 2020 - 3:00pm,complete,2013,GD Chaves,Associação Académica de Coimbra OAF,Manuel Jorge Neves Moreira de Sousa,20,1.78,1.00,1.42,1.00,1,2,3,1,0,1,"87","45,78",13,2,1,0,3,0,0,1,2,1,19,13,3,3,16,10,27,12,58,42,1.85,1.60,2.21,1.41,2.28,50,73,44,17,11,22,56,50,73,12.00,5.33,2.25,3.15,3.20,1.40,2.25,4.25,8.25,1.95,1.80,Estádio Municipal Eng. Manuel Branco Teixeira (Chaves)
1581260400,Feb 09 2020 - 3:00pm,complete,557,Porto II,Farense,Hugo Serafim Coelho Magalhães Silva,20,1.44,2.00,1.25,1.92,1,1,2,1,0,1,"83","7",9,4,1,0,8,0,1,0,2,6,16,9,4,4,12,5,18,27,63,37,1.90,1.47,1.94,1.30,2.67,61,78,50,28,11,50,67,34,78,11.44,6.11,2.70,3.20,2.55,1.34,2.05,3.75,7.25,1.80,1.91,Estádio Dr. Jorge Sampaio (Pedroso- Vila Nova de Gaia)
1581268500,Feb 09 2020 - 5:15pm,complete,1184,GD Estoril Praia,Casa Pia,Gustavo Fernandes Correia,20,1.90,0.67,2.08,0.50,4,1,5,3,2,1,"25,45'5,53,62","9",7,4,2,0,0,0,0,2,0,0,15,8,9,4,6,4,16,20,60,40,1.68,1.16,1.89,0.97,2.41,52,74,47,27,0,42,79,42,68,8.20,5.30,1.36,4.60,8.00,1.26,1.83,3.15,5.90,2.10,1.67,Estádio António Coimbra da Mota (Estoril)
1581764400,Feb 15 2020 - 11:00am,complete,2436,Associação Académica de Coimbra OAF,CD Mafra,João António Ferreira Gonçalves,21,1.90,1.50,1.92,1.33,0,0,0,0,0,0,"","",3,12,2,1,2,0,1,2,1,1,11,11,3,6,8,5,12,14,41,59,1.94,1.64,1.28,1.79,2.90,70,85,65,25,10,30,75,60,90,12.00,3.80,2.10,3.05,3.60,1.34,2.05,3.75,7.25,1.83,1.91,Estádio EFAPEL (Coimbra)
1581778800,Feb 15 2020 - 3:00pm,complete,1231,Varzim,GD Estoril Praia,Manuel Antonio Rodrigues Oliveira,21,1.60,1.33,1.83,1.17,3,0,3,1,1,0,"32,61,76","",5,2,3,0,3,0,2,1,1,2,9,9,5,7,4,2,28,16,46,54,1.59,1.51,1.45,1.52,2.22,42,64,42,16,6,31,57,27,80,10.44,5.88,3.60,3.15,2.10,1.38,2.20,4.10,8.00,1.95,1.80,Estádio Varzim Sport Club (Póvoa de Varzim)
1581778800,Feb 15 2020 - 3:00pm,complete,1419,CD Nacional,Vilafranquense,Luís Máximo,21,2.33,0.60,2.50,0.50,5,1,6,4,3,1,"9,13,40,55,61","36",4,10,2,0,3,1,1,1,2,2,9,6,7,3,2,3,20,20,50,50,1.70,1.42,1.41,1.13,2.09,37,62,37,16,11,32,74,26,52,9.96,5.84,1.54,3.80,6.00,1.33,2.05,3.70,7.00,2.05,1.69,Estádio da Madeira (Funchal (Ilha da Madeira))
1581786900,Feb 15 2020 - 5:15pm,complete,3362,CD Feirense,Leixões,Tiago Bruno Lopes Martins,21,1.60,1.33,1.83,1.36,1,0,1,0,0,0,"74","",5,1,4,0,2,0,2,2,1,1,10,9,6,5,4,4,16,14,51,49,1.80,1.27,1.49,1.36,2.12,58,63,32,17,11,32,63,21,59,11.30,6.61,2.15,3.10,3.50,1.50,2.55,5.05,10.25,2.15,1.65,Estádio Marcolino de Castro (Santa Maria da Feira)
1581851700,Feb 16 2020 - 11:15am,complete,359,Casa Pia,Porto II,Cláudio Filipe Ruivo Pereira,21,0.40,1.10,0.42,1.17,1,3,4,2,0,2,"58","3,25,67",7,4,2,0,1,0,1,1,0,1,-1,-1,-1,-1,-1,-1,-1,-1,-1,-1,1.44,1.69,0.00,0.00,2.90,55,75,55,45,20,30,80,55,80,11.50,5.00,3.65,3.70,1.87,1.25,1.80,3.00,5.60,1.71,2.00,Estádio Pina Manique (Lisboa)
1581865200,Feb 16 2020 - 3:00pm,complete,845,Benfica II,Cova Piedade,José Carlos Silva Campos Rodrigues,21,2.00,0.10,1.91,0.17,2,0,2,1,1,0,"45,54","",4,3,1,0,3,0,0,1,1,2,-1,-1,-1,-1,-1,-1,-1,-1,-1,-1,1.75,1.09,0.00,0.00,3.11,53,79,74,43,21,42,64,53,85,10.29,4.50,1.91,3.35,3.85,1.29,1.91,3.30,6.35,1.77,2.00,Caixa Futebol Campus (Seixal)
1581865200,Feb 16 2020 - 3:00pm,complete,615,Sporting Covilhã,Academico Viseu,José Dinis Lopes Nunes Godinho Gorjão,21,1.70,1.50,1.42,1.50,0,1,1,0,0,0,"","67",6,5,3,0,1,0,0,3,0,1,-1,-1,-1,-1,-1,-1,-1,-1,-1,-1,1.38,1.53,0.00,0.00,2.10,40,60,35,20,10,20,50,35,75,10.10,5.80,2.10,3.05,3.70,1.49,2.50,4.85,9.75,2.10,1.67,Estádio Municipal José dos Santos Pinto (Covilhã)
1581873300,Feb 16 2020 - 5:15pm,complete,3889,Farense,UD Oliveirense,Anzhony Francisco Gonçalves Rodrigues,21,1.90,0.80,2.08,0.92,3,1,4,2,1,1,"21,59,90'2","22",6,9,4,0,6,0,1,3,2,4,-1,-1,-1,-1,-1,-1,-1,-1,-1,-1,1.75,1.33,0.00,0.00,2.60,40,65,55,30,15,40,65,40,70,8.60,6.70,1.74,3.50,4.65,1.42,2.30,4.35,8.50,2.10,1.67,Estádio de São Lúis (Faro)
1581968700,Feb 17 2020 - 7:45pm,complete,535,FC Penafiel,GD Chaves,João Bento,21,1.70,1.10,1.58,1.25,0,0,0,0,0,0,"","",5,7,2,0,1,0,0,2,0,1,6,10,2,5,4,5,18,18,42,58,1.58,1.63,0.97,1.58,2.00,40,65,40,10,0,35,60,25,65,10.50,5.80,3.05,2.90,2.45,1.47,2.40,4.70,9.50,2.00,1.74,Estádio Municipal 25 de Abril (Penafiel)
1582315200,Feb 21 2020 - 8:00pm,complete,524,Vilafranquense,Farense,Sérgio José dos Santos Guelho,22,1.50,1.90,1.50,1.92,0,3,3,1,0,1,"","24,64,89",6,4,3,0,1,0,2,1,0,1,9,10,3,8,6,2,22,21,63,37,1.42,1.46,1.41,1.66,2.70,55,80,50,25,15,45,80,25,80,8.90,5.70,3.35,3.35,2.10,1.34,2.05,3.75,7.25,1.87,1.87,Estádio Municipal de Rio Maior (Rio Maior)
1582369200,Feb 22 2020 - 11:00am,complete,1039,Leixões,Sporting Covilhã,Miguel Bertolo Nogueira,22,1.45,1.40,1.38,1.25,0,0,0,0,0,0,"","",11,3,2,0,2,1,0,2,0,3,13,9,7,4,6,5,11,14,56,44,1.97,1.28,1.91,1.32,2.36,43,53,34,34,20,30,63,34,76,10.45,5.80,2.00,3.00,4.15,1.57,2.80,5.65,11.75,2.35,1.54,Estádio do Mar (Matosinhos)
1582383600,Feb 22 2020 - 3:00pm,complete,774,UD Oliveirense,Casa Pia,João Pedro Silva Pinheiro,22,1.70,0.60,1.75,0.50,2,1,3,0,0,0,"48,90'4","50",7,5,1,0,3,0,0,1,1,2,14,6,9,4,5,2,9,15,60,40,1.85,1.14,2.20,1.03,2.50,40,75,40,35,10,30,60,55,75,8.10,5.50,1.44,4.30,6.40,1.23,1.77,2.90,5.45,1.87,1.83,Estádio Carlos Osório (Oliveira de Azeméis)
1582390800,Feb 22 2020 - 5:00pm,complete,557,Porto II,GD Estoril Praia,David Silva,22,1.40,1.20,1.25,1.17,1,1,2,2,1,1,"36","25",5,6,2,0,4,0,1,1,4,0,8,7,4,4,4,3,17,13,51,49,1.90,1.51,1.26,1.22,2.70,60,80,45,30,15,35,60,50,95,10.90,5.90,2.50,3.15,2.75,1.29,1.95,3.35,6.45,1.69,2.05,Estádio Dr. Jorge Sampaio (Pedroso- Vila Nova de Gaia)
1582391700,Feb 22 2020 - 5:15pm,complete,1368,GD Chaves,CD Feirense,André Filipe Domingues Narciso,22,1.60,1.40,1.42,1.67,1,2,3,0,0,0,"90'3","55,64",8,1,4,0,2,0,0,4,1,1,10,9,4,6,6,3,16,11,49,51,1.89,1.35,1.64,1.37,2.25,55,80,40,10,5,15,65,55,80,12.90,4.80,2.20,3.05,3.40,1.47,2.40,4.70,9.50,2.05,1.71,Estádio Municipal Eng. Manuel Branco Teixeira (Chaves)
1582456500,Feb 23 2020 - 11:15am,complete,1046,Academico Viseu,Benfica II,André Filipe Tavares Castro,22,1.20,0.55,1.33,0.54,1,1,2,1,1,0,"34","90'2",6,5,3,1,2,0,0,4,0,2,5,7,4,3,1,4,21,16,43,57,1.44,1.38,1.06,1.15,2.08,28,57,33,24,10,33,61,19,72,10.21,5.66,2.05,3.20,3.55,1.32,2.00,3.55,6.90,1.80,1.95,Estádio Municipal do Fontelo (Viseu)
1582470000,Feb 23 2020 - 3:00pm,complete,543,CD Mafra,FC Penafiel,Tiago Bruno Lopes Martins,22,2.00,0.90,1.92,0.75,1,0,1,1,1,0,"18","",3,3,5,0,2,0,1,4,1,1,-1,-1,-1,-1,-1,-1,-1,-1,-1,-1,1.51,1.08,0.00,0.00,2.40,70,70,45,25,5,35,75,30,75,7.60,5.20,1.91,3.25,4.20,1.44,2.35,4.55,9.00,2.10,1.67,Estádio Municipal de Mafra (Mafra)
1582470000,Feb 23 2020 - 3:00pm,complete,604,Cova Piedade,Varzim,João Carlos Antunes Pereira Bento,22,1.20,1.10,1.25,1.25,1,2,3,1,0,1,"90","30,83",7,4,1,0,1,1,0,1,0,2,-1,-1,-1,-1,-1,-1,-1,-1,-1,-1,1.36,1.28,0.00,0.00,2.65,55,85,45,30,5,35,75,45,85,8.50,6.00,2.95,3.00,2.50,1.45,2.40,4.60,9.25,2.00,1.71,Estádio Municipal José Martins Vieira (Almada)
1582473600,Feb 23 2020 - 4:00pm,complete,1825,CD Nacional,Associação Académica de Coimbra OAF,Vitor Jorge Fernandes Ferreira,22,2.40,1.20,2.50,1.00,1,0,1,0,0,0,"67","",8,6,0,0,2,0,0,0,0,2,10,7,5,3,5,4,18,17,50,50,1.67,1.58,1.63,1.04,2.20,50,55,45,20,15,30,60,35,55,8.60,6.30,1.74,3.45,4.85,1.43,2.35,4.45,9.00,2.15,1.62,Estádio da Madeira (Funchal (Ilha da Madeira))
1582905600,Feb 28 2020 - 4:00pm,complete,429,Benfica II,Leixões,Hugo Serafim Coelho Magalhães Silva,23,2.10,1.20,1.91,1.36,0,1,1,1,0,1,"","22",0,1,2,0,2,0,0,2,0,2,7,8,2,5,5,3,22,11,55,45,1.75,1.28,0.95,1.24,2.65,50,65,50,40,15,30,60,35,80,10.30,4.90,2.75,3.35,2.40,1.37,2.15,3.95,7.75,1.87,1.83,Caixa Futebol Campus (Seixal)
1582974000,Feb 29 2020 - 11:00am,complete,3524,Farense,Academico Viseu,Cláudio Filipe Ruivo Pereira,23,2.00,1.64,2.08,1.50,3,1,4,0,0,0,"53,68,78","46",5,3,1,0,5,1,1,0,2,4,10,12,5,8,5,4,-1,-1,50,50,1.75,1.53,1.40,1.63,2.18,36,64,41,23,5,27,69,32,73,10.91,6.45,1.57,3.90,5.60,1.43,2.35,4.45,8.75,2.30,1.56,Estádio de São Lúis (Faro)
1582988400,Feb 29 2020 - 3:00pm,complete,533,FC Penafiel,CD Nacional,André Filipe Domingues Narciso,23,1.64,1.73,1.58,1.67,1,1,2,0,0,0,"90'2","85",3,5,4,0,2,0,0,4,0,2,10,8,4,2,6,6,24,10,48,52,1.53,1.58,1.46,1.06,1.96,50,69,36,9,0,32,64,27,69,9.54,7.09,3.45,3.20,2.10,1.48,2.45,4.80,9.75,2.15,1.65,Estádio Municipal 25 de Abril (Penafiel)
1582996500,Feb 29 2020 - 5:15pm,complete,N/A,CD Feirense,Associação Académica de Coimbra OAF,Iancu Ioan Vasilica,23,1.73,1.09,1.83,1.00,1,0,1,0,0,0,"62","",4,11,2,0,2,0,0,2,0,2,12,17,4,3,8,14,20,18,41,59,1.77,1.53,1.49,1.92,1.96,55,60,36,9,5,23,55,27,64,10.45,6.46,2.00,3.15,3.95,1.44,2.35,4.55,9.00,2.05,1.71,Estádio Marcolino de Castro (Santa Maria da Feira)
1583061300,Mar 01 2020 - 11:15am,complete,N/A,Varzim,CD Mafra,José Dinis Lopes Nunes Godinho Gorjão,23,1.73,1.45,1.83,1.33,2,1,3,1,1,0,"20,86","90'2",4,6,1,0,1,0,0,1,0,1,12,11,5,5,7,6,12,12,42,58,1.58,1.65,1.61,1.59,2.23,55,69,55,14,0,23,64,37,73,12.09,4.54,2.40,3.00,3.05,1.42,2.25,4.30,8.50,1.95,1.77,Estádio Varzim Sport Club (Póvoa de Varzim)
1583071200,Mar 01 2020 - 2:00pm,complete,N/A,Sporting Covilhã,GD Chaves,Fábio Oliveira Melo,23,1.55,1.09,1.42,1.25,0,2,2,0,0,0,"","57,79",3,4,3,0,1,0,2,1,0,1,7,6,5,3,2,3,-1,-1,50,50,1.38,1.62,1.32,0.99,1.91,36,50,36,14,5,18,41,32,73,10.73,4.27,3.00,2.95,2.50,1.50,2.50,4.95,10.00,2.10,1.67,Estádio Municipal José Santos Pinto (Covilhã)
1583074800,Mar 01 2020 - 3:00pm,complete,N/A,Casa Pia,Cova Piedade,João Pedro Ribeiro Gonçalves,23,0.36,0.09,0.42,0.17,1,1,2,1,0,1,"80","27",6,2,2,0,2,0,1,1,1,1,14,6,4,2,10,4,13,17,58,42,1.44,1.09,1.72,1.08,3.05,55,78,64,41,27,41,73,50,82,9.91,5.19,2.80,3.00,2.55,1.35,2.10,3.80,7.25,1.83,1.91,Estádio Pina Manique (Lisboa)
1583074800,Mar 01 2020 - 3:00pm,complete,864,GD Estoril Praia,Vilafranquense,Artur Manuel Ribeiro Soares Dias,23,2.00,0.55,2.08,0.50,2,0,2,1,1,0,"33,55","",4,5,2,0,2,0,0,2,2,0,12,9,4,2,8,7,9,16,58,42,1.70,1.40,1.60,1.44,2.78,55,82,55,27,14,41,87,41,78,11.18,5.82,1.45,3.95,7.25,1.36,2.10,3.90,7.50,2.30,1.57,Estádio António Coimbra da Mota (Estoril)
1583074800,Mar 01 2020 - 3:00pm,complete,387,Porto II,UD Oliveirense,Gustavo Fernandes Correia,23,1.36,0.73,1.25,0.92,1,2,3,2,1,1,"33","29,80",3,2,1,0,3,0,0,1,1,2,17,11,8,4,9,7,17,21,44,56,1.84,1.33,2.14,1.47,3.00,73,82,55,41,23,55,69,50,78,10.46,7.00,1.87,3.55,3.90,1.24,1.77,2.90,5.45,1.67,2.10,Estádio Dr. Jorge Sampaio (Pedroso- Vila Nova de Gaia)
1583438400,Mar 05 2020 - 8:00pm,complete,1727,Associação Académica de Coimbra OAF,FC Penafiel,João Filipe Malheiro Pinto,24,1.82,0.82,1.92,0.75,3,0,3,1,1,0,"34,66,79","",7,4,2,0,4,0,2,0,2,2,17,8,11,2,6,6,12,20,63,37,1.88,1.08,2.34,1.05,2.50,60,69,55,18,9,36,73,41,73,8.82,5.36,1.95,3.00,4.30,1.51,2.60,5.15,10.50,2.20,1.62,Estádio EFAPEL (Coimbra)
1583578800,Mar 07 2020 - 11:00am,complete,323,Vilafranquense,Porto II,Hugo Filipe Ferreira de Campos Moreira Miguel,24,1.36,1.27,1.50,1.17,3,2,5,2,1,1,"14,47,83","33,79",3,7,4,0,3,1,2,2,1,3,8,12,7,4,1,8,24,11,35,65,1.42,1.69,1.42,1.70,3.00,60,87,60,41,18,41,87,55,87,10.00,4.63,2.55,3.25,2.65,1.29,1.95,3.35,6.45,1.71,2.00,Estádio Municipal de Rio Maior (Rio Maior)
1583593200,Mar 07 2020 - 3:00pm,complete,577,CD Mafra,CD Feirense,Luís Máximo,24,2.09,1.55,1.92,1.67,0,1,1,0,0,0,"","88",8,15,0,0,2,0,0,0,0,2,7,14,5,7,2,7,12,20,57,43,1.51,1.36,1.37,2.15,2.32,69,73,36,23,5,23,73,36,78,9.09,5.00,2.70,2.75,2.90,1.47,2.40,4.70,9.50,2.00,1.74,Estádio Dr. Mário da Silveira (Mafra)
1583593200,Mar 07 2020 - 3:00pm,complete,842,UD Oliveirense,GD Estoril Praia,Anzhony Francisco Gonçalves Rodrigues,24,1.82,1.18,1.75,1.17,1,1,2,0,0,0,"66","77",3,6,5,0,2,0,3,2,1,1,13,6,6,2,7,4,22,23,60,40,1.88,1.48,1.69,1.00,2.46,36,78,41,23,9,18,50,55,91,9.54,6.36,2.40,3.10,3.00,1.35,2.10,3.80,7.25,1.83,1.91,Estádio Carlos Osório (Oliveira de Azeméis)
1583666100,Mar 08 2020 - 11:15am,complete,1864,CD Nacional,Benfica II,David Rafael Oliveira Silva,24,2.45,0.58,2.50,0.54,3,1,4,1,1,0,"45,56,88","48",4,4,4,1,3,0,1,4,2,1,9,11,6,8,3,3,25,22,50,50,1.67,1.36,1.35,1.70,2.30,39,60,39,22,13,43,78,22,60,9.74,6.25,1.53,4.05,5.85,1.28,1.87,3.20,6.15,1.91,1.80,Estádio da Madeira (Funchal (Ilha da Madeira))
1583679600,Mar 08 2020 - 3:00pm,complete,614,Cova Piedade,Sporting Covilhã,António Emanuel Carvalho Nobre,24,1.09,1.36,1.25,1.25,2,1,3,1,0,1,"56,88","11",9,2,3,0,2,0,1,2,0,2,17,8,5,4,12,4,-1,-1,50,50,1.36,1.29,2.00,1.11,2.46,45,69,41,32,14,36,64,50,73,7.09,5.46,2.65,2.80,2.95,1.54,2.65,5.40,11.00,2.15,1.65,Estádio Municipal José Martins Vieira (Almada)
1583679600,Mar 08 2020 - 3:00pm,complete,367,Academico Viseu,Casa Pia,José Carlos Silva Campos Rodrigues,24,1.18,0.55,1.33,0.50,1,0,1,0,0,0,"48","",6,8,0,0,1,0,0,0,0,1,10,12,7,3,3,9,12,12,50,50,1.41,1.13,1.59,1.45,2.10,41,59,32,27,9,27,50,37,69,8.63,4.36,1.56,3.75,6.00,1.33,2.00,3.60,7.00,2.00,1.74,Estádio Municipal do Fontelo (Viseu)
1583687700,Mar 08 2020 - 5:15pm,complete,1386,GD Chaves,Varzim,André Filipe Tavares Castro,24,1.45,1.27,1.42,1.25,1,1,2,0,0,0,"88","68",9,7,2,0,3,0,1,1,2,1,16,9,7,4,9,5,17,15,57,43,1.87,1.28,2.02,1.32,2.82,64,91,60,23,9,27,78,59,87,12.82,5.45,1.95,3.20,4.05,1.42,2.30,4.35,8.50,2.00,1.74,Estádio Municipal Eng. Manuel Branco Teixeira (Chaves)
1583783100,Mar 09 2020 - 7:45pm,complete,4000,Leixões,Farense,Carlos Miguel Taborda Xistra,24,1.42,2.00,1.38,1.92,1,1,2,0,0,0,"46","83",4,2,4,0,4,0,0,4,2,2,11,10,3,7,8,3,19,23,48,52,1.97,1.47,1.42,1.66,1.97,35,58,31,13,4,22,62,18,74,12.57,6.01,2.50,2.90,3.05,1.49,2.50,4.85,9.75,2.05,1.69,Estádio do Mar (Matosinhos)
1584129600,Mar 13 2020 - 8:00pm,canceled,-1,CD Feirense,FC Penafiel,N/A,25,1.83,0.75,1.83,0.75,0,0,0,0,0,0,"","",-1,-1,-1,-1,-1,-1,-1,-1,-1,-1,-1,-1,-1,-1,-1,-1,-1,-1,-1,-1,1.75,1.08,0.00,0.00,1.92,50,58,38,4,0,25,63,25,63,8.83,6.42,1.53,3.85,6.15,1.51,2.60,5.15,10.50,2.65,1.43,N/A
1584183600,Mar 14 2020 - 11:00am,canceled,-1,Varzim,CD Nacional,N/A,25,1.83,1.67,1.83,1.67,0,0,0,0,0,0,"","",-1,-1,-1,-1,-1,-1,-1,-1,-1,-1,-1,-1,-1,-1,-1,-1,-1,-1,-1,-1,1.58,1.53,0.00,0.00,2.17,59,71,46,8,0,25,71,34,75,10.83,6.42,2.95,2.95,2.50,1.39,2.20,4.15,8.25,1.91,1.83,N/A
1584198000,Mar 14 2020 - 3:00pm,canceled,-1,GD Estoril Praia,GD Chaves,N/A,25,2.08,1.25,2.08,1.25,0,0,0,0,0,0,"","",-1,-1,-1,-1,-1,-1,-1,-1,-1,-1,-1,-1,-1,-1,-1,-1,-1,-1,-1,-1,1.69,1.57,0.00,0.00,2.29,46,71,46,17,4,30,71,38,75,11.25,5.08,2.15,3.15,3.40,1.41,2.25,4.25,8.25,1.95,1.80,N/A
1584198000,Mar 14 2020 - 3:00pm,canceled,-1,Porto II,Academico Viseu,N/A,25,1.25,1.50,1.25,1.50,0,0,0,0,0,0,"","",-1,-1,-1,-1,-1,-1,-1,-1,-1,-1,-1,-1,-1,-1,-1,-1,-1,-1,-1,-1,1.87,1.54,0.00,0.00,2.55,67,80,42,29,13,38,67,38,79,11.67,6.50,1.95,3.35,3.75,1.34,2.05,3.75,7.25,1.87,1.87,N/A
1584199800,Mar 14 2020 - 3:30pm,canceled,-1,Benfica II,Associação Académica de Coimbra OAF,N/A,25,1.91,1.00,1.91,1.00,0,0,0,0,0,0,"","",-1,-1,-1,-1,-1,-1,-1,-1,-1,-1,-1,-1,-1,-1,-1,-1,-1,-1,-1,-1,1.67,1.56,0.00,0.00,2.46,48,62,53,31,9,22,58,39,79,10.01,4.74,2.45,3.20,2.75,1.31,2.00,3.50,6.70,1.77,1.95,N/A
1584270900,Mar 15 2020 - 11:15am,canceled,-1,Sporting Covilhã,CD Mafra,N/A,25,1.42,1.33,1.42,1.33,0,0,0,0,0,0,"","",-1,-1,-1,-1,-1,-1,-1,-1,-1,-1,-1,-1,-1,-1,-1,-1,-1,-1,-1,-1,1.37,1.65,0.00,0.00,2.17,50,63,46,17,4,13,42,50,83,10.59,3.67,2.60,3.00,2.75,1.43,2.30,4.35,8.75,1.95,1.77,N/A
1584284400,Mar 15 2020 - 3:00pm,canceled,-1,Casa Pia,Leixões,N/A,25,0.42,1.36,0.42,1.36,0,0,0,0,0,0,"","",-1,-1,-1,-1,-1,-1,-1,-1,-1,-1,-1,-1,-1,-1,-1,-1,-1,-1,-1,-1,1.46,1.28,0.00,0.00,2.59,56,60,43,39,22,30,69,34,74,9.94,5.49,4.35,3.25,1.87,1.40,2.25,4.25,8.25,2.05,1.71,N/A
1584284400,Mar 15 2020 - 3:00pm,canceled,-1,UD Oliveirense,Vilafranquense,N/A,25,1.75,0.50,1.75,0.50,0,0,0,0,0,0,"","",-1,-1,-1,-1,-1,-1,-1,-1,-1,-1,-1,-1,-1,-1,-1,-1,-1,-1,-1,-1,1.87,1.40,0.00,0.00,2.59,42,83,42,25,13,21,63,50,84,10.75,6.16,1.77,3.55,4.35,1.28,1.91,3.25,6.25,1.80,1.91,N/A
1584387900,Mar 16 2020 - 7:45pm,canceled,-1,Farense,Cova Piedade,N/A,25,2.08,0.17,2.08,0.17,0,0,0,0,0,0,"","",-1,-1,-1,-1,-1,-1,-1,-1,-1,-1,-1,-1,-1,-1,-1,-1,-1,-1,-1,-1,1.72,1.09,0.00,0.00,2.67,46,75,58,29,13,38,67,42,79,9.33,5.33,1.39,4.10,7.00,1.34,2.10,3.75,7.00,2.25,1.51,N/A
1584734400,Mar 20 2020 - 8:00pm,canceled,-1,CD Nacional,CD Feirense,N/A,26,2.50,1.67,2.50,1.67,0,0,0,0,0,0,"","",-1,-1,-1,-1,-1,-1,-1,-1,-1,-1,-1,-1,-1,-1,-1,-1,-1,-1,-1,-1,1.64,1.42,0.00,0.00,2.13,50,59,38,17,9,21,59,38,67,10.00,5.67,0.00,0.00,0.00,0.00,0.00,0.00,0.00,0.00,0.00,N/A
1584788400,Mar 21 2020 - 11:00am,canceled,-1,Leixões,Porto II,N/A,26,1.38,1.17,1.38,1.17,0,0,0,0,0,0,"","",-1,-1,-1,-1,-1,-1,-1,-1,-1,-1,-1,-1,-1,-1,-1,-1,-1,-1,-1,-1,1.92,1.69,0.00,0.00,2.35,48,65,37,33,13,25,65,45,80,13.38,5.42,0.00,0.00,0.00,0.00,0.00,0.00,0.00,0.00,0.00,N/A
1584802800,Mar 21 2020 - 3:00pm,canceled,-1,Vilafranquense,Casa Pia,N/A,26,1.50,0.50,1.50,0.50,0,0,0,0,0,0,"","",-1,-1,-1,-1,-1,-1,-1,-1,-1,-1,-1,-1,-1,-1,-1,-1,-1,-1,-1,-1,1.42,1.16,0.00,0.00,2.88,59,80,55,38,21,46,75,50,80,7.75,4.41,0.00,0.00,0.00,0.00,0.00,0.00,0.00,0.00,0.00,N/A
1584875700,Mar 22 2020 - 11:15am,canceled,-1,Academico Viseu,GD Estoril Praia,N/A,26,1.33,1.17,1.33,1.17,0,0,0,0,0,0,"","",-1,-1,-1,-1,-1,-1,-1,-1,-1,-1,-1,-1,-1,-1,-1,-1,-1,-1,-1,-1,1.42,1.44,0.00,0.00,1.96,34,59,25,17,8,17,42,34,84,9.92,5.08,0.00,0.00,0.00,0.00,0.00,0.00,0.00,0.00,0.00,N/A
1584885600,Mar 22 2020 - 2:00pm,canceled,-1,CD Mafra,Farense,N/A,26,1.92,1.92,1.92,1.92,0,0,0,0,0,0,"","",-1,-1,-1,-1,-1,-1,-1,-1,-1,-1,-1,-1,-1,-1,-1,-1,-1,-1,-1,-1,1.50,1.49,0.00,0.00,2.34,55,71,38,21,4,33,75,25,75,9.58,5.42,0.00,0.00,0.00,0.00,0.00,0.00,0.00,0.00,0.00,N/A
1584889200,Mar 22 2020 - 3:00pm,canceled,-1,Cova Piedade,UD Oliveirense,N/A,26,1.25,0.92,1.25,0.92,0,0,0,0,0,0,"","",-1,-1,-1,-1,-1,-1,-1,-1,-1,-1,-1,-1,-1,-1,-1,-1,-1,-1,-1,-1,1.42,1.34,0.00,0.00,2.71,54,79,55,30,13,42,67,54,79,8.25,6.59,0.00,0.00,0.00,0.00,0.00,0.00,0.00,0.00,0.00,N/A
1584889200,Mar 22 2020 - 3:00pm,canceled,-1,Associação Académica de Coimbra OAF,Varzim,N/A,26,1.92,1.25,1.92,1.25,0,0,0,0,0,0,"","",-1,-1,-1,-1,-1,-1,-1,-1,-1,-1,-1,-1,-1,-1,-1,-1,-1,-1,-1,-1,1.92,1.29,0.00,0.00,3.00,67,88,63,29,13,38,83,54,88,11.00,5.50,0.00,0.00,0.00,0.00,0.00,0.00,0.00,0.00,0.00,N/A
1584897300,Mar 22 2020 - 5:15pm,canceled,-1,FC Penafiel,Sporting Covilhã,N/A,26,1.58,1.25,1.58,1.25,0,0,0,0,0,0,"","",-1,-1,-1,-1,-1,-1,-1,-1,-1,-1,-1,-1,-1,-1,-1,-1,-1,-1,-1,-1,1.52,1.27,0.00,0.00,2.25,46,63,42,25,13,42,59,38,63,7.25,6.25,0.00,0.00,0.00,0.00,0.00,0.00,0.00,0.00,0.00,N/A
1584897300,Mar 22 2020 - 5:15pm,canceled,-1,GD Chaves,Benfica II,N/A,26,1.42,0.54,1.42,0.54,0,0,0,0,0,0,"","",-1,-1,-1,-1,-1,-1,-1,-1,-1,-1,-1,-1,-1,-1,-1,-1,-1,-1,-1,-1,1.88,1.39,0.00,0.00,2.56,52,85,48,20,8,32,75,49,80,13.10,5.56,0.00,0.00,0.00,0.00,0.00,0.00,0.00,0.00,0.00,N/A
1586098800,Apr 05 2020 - 3:00pm,canceled,-1,Casa Pia,GD Chaves,N/A,27,0.42,1.25,0.42,1.25,0,0,0,0,0,0,"","",-1,-1,-1,-1,-1,-1,-1,-1,-1,-1,-1,-1,-1,-1,-1,-1,-1,-1,-1,-1,1.46,1.57,0.00,0.00,2.46,50,67,46,29,13,25,67,42,75,11.67,4.58,0.00,0.00,0.00,0.00,0.00,0.00,0.00,0.00,0.00,N/A
1586098800,Apr 05 2020 - 3:00pm,canceled,-1,Sporting Covilhã,CD Nacional,N/A,27,1.42,1.67,1.42,1.67,0,0,0,0,0,0,"","",-1,-1,-1,-1,-1,-1,-1,-1,-1,-1,-1,-1,-1,-1,-1,-1,-1,-1,-1,-1,1.37,1.53,0.00,0.00,2.04,50,63,33,13,4,17,46,42,83,9.50,5.75,0.00,0.00,0.00,0.00,0.00,0.00,0.00,0.00,0.00,N/A
1586098800,Apr 05 2020 - 3:00pm,canceled,-1,Varzim,Farense,N/A,27,1.83,1.92,1.83,1.92,0,0,0,0,0,0,"","",-1,-1,-1,-1,-1,-1,-1,-1,-1,-1,-1,-1,-1,-1,-1,-1,-1,-1,-1,-1,1.58,1.49,0.00,0.00,2.25,46,71,50,8,0,33,71,25,71,10.33,6.09,0.00,0.00,0.00,0.00,0.00,0.00,0.00,0.00,0.00,N/A
1586098800,Apr 05 2020 - 3:00pm,canceled,-1,CD Feirense,Associação Académica de Coimbra OAF,N/A,27,1.83,1.00,1.83,1.00,0,0,0,0,0,0,"","",-1,-1,-1,-1,-1,-1,-1,-1,-1,-1,-1,-1,-1,-1,-1,-1,-1,-1,-1,-1,1.75,1.56,0.00,0.00,1.88,50,54,34,9,4,21,50,25,67,10.83,6.25,0.00,0.00,0.00,0.00,0.00,0.00,0.00,0.00,0.00,N/A
1586098800,Apr 05 2020 - 3:00pm,canceled,-1,UD Oliveirense,Leixões,N/A,27,1.75,1.36,1.75,1.36,0,0,0,0,0,0,"","",-1,-1,-1,-1,-1,-1,-1,-1,-1,-1,-1,-1,-1,-1,-1,-1,-1,-1,-1,-1,1.87,1.28,0.00,0.00,2.30,44,64,35,26,13,18,49,43,78,9.27,6.49,0.00,0.00,0.00,0.00,0.00,0.00,0.00,0.00,0.00,N/A
1586098800,Apr 05 2020 - 3:00pm,canceled,-1,Vilafranquense,Academico Viseu,N/A,27,1.50,1.50,1.50,1.50,0,0,0,0,0,0,"","",-1,-1,-1,-1,-1,-1,-1,-1,-1,-1,-1,-1,-1,-1,-1,-1,-1,-1,-1,-1,1.42,1.54,0.00,0.00,2.75,55,80,50,34,21,34,75,42,84,9.50,6.25,0.00,0.00,0.00,0.00,0.00,0.00,0.00,0.00,0.00,N/A
1586098800,Apr 05 2020 - 3:00pm,canceled,-1,GD Estoril Praia,Cova Piedade,N/A,27,2.08,0.17,2.08,0.17,0,0,0,0,0,0,"","",-1,-1,-1,-1,-1,-1,-1,-1,-1,-1,-1,-1,-1,-1,-1,-1,-1,-1,-1,-1,1.69,1.09,0.00,0.00,2.79,54,83,58,25,17,42,80,42,83,9.33,5.58,0.00,0.00,0.00,0.00,0.00,0.00,0.00,0.00,0.00,N/A
1586098800,Apr 05 2020 - 3:00pm,canceled,-1,Benfica II,FC Penafiel,N/A,27,1.91,0.75,1.91,0.75,0,0,0,0,0,0,"","",-1,-1,-1,-1,-1,-1,-1,-1,-1,-1,-1,-1,-1,-1,-1,-1,-1,-1,-1,-1,1.67,1.08,0.00,0.00,2.50,48,66,57,27,5,26,70,39,75,8.01,4.91,0.00,0.00,0.00,0.00,0.00,0.00,0.00,0.00,0.00,N/A
1586098800,Apr 05 2020 - 3:00pm,canceled,-1,Porto II,CD Mafra,N/A,27,1.25,1.33,1.25,1.33,0,0,0,0,0,0,"","",-1,-1,-1,-1,-1,-1,-1,-1,-1,-1,-1,-1,-1,-1,-1,-1,-1,-1,-1,-1,1.87,1.65,0.00,0.00,2.63,80,84,54,25,9,33,67,50,83,12.42,4.25,0.00,0.00,0.00,0.00,0.00,0.00,0.00,0.00,0.00,N/A
1586617200,Apr 11 2020 - 3:00pm,canceled,-1,Leixões,GD Estoril Praia,N/A,28,1.38,1.17,1.38,1.17,0,0,0,0,0,0,"","",-1,-1,-1,-1,-1,-1,-1,-1,-1,-1,-1,-1,-1,-1,-1,-1,-1,-1,-1,-1,1.92,1.44,0.00,0.00,2.01,40,61,24,16,8,17,48,37,85,11.96,5.83,0.00,0.00,0.00,0.00,0.00,0.00,0.00,0.00,0.00,N/A
1586617200,Apr 11 2020 - 3:00pm,canceled,-1,CD Mafra,Benfica II,N/A,28,1.92,0.54,1.92,0.54,0,0,0,0,0,0,"","",-1,-1,-1,-1,-1,-1,-1,-1,-1,-1,-1,-1,-1,-1,-1,-1,-1,-1,-1,-1,1.50,1.39,0.00,0.00,2.52,57,72,40,32,8,40,88,24,76,9.85,5.48,0.00,0.00,0.00,0.00,0.00,0.00,0.00,0.00,0.00,N/A
1586617200,Apr 11 2020 - 3:00pm,canceled,-1,Cova Piedade,Porto II,N/A,28,1.25,1.17,1.25,1.17,0,0,0,0,0,0,"","",-1,-1,-1,-1,-1,-1,-1,-1,-1,-1,-1,-1,-1,-1,-1,-1,-1,-1,-1,-1,1.42,1.69,0.00,0.00,2.67,54,83,50,34,9,34,75,63,83,10.42,5.09,0.00,0.00,0.00,0.00,0.00,0.00,0.00,0.00,0.00,N/A
1586617200,Apr 11 2020 - 3:00pm,canceled,-1,GD Chaves,CD Feirense,N/A,28,1.42,1.67,1.42,1.67,0,0,0,0,0,0,"","",-1,-1,-1,-1,-1,-1,-1,-1,-1,-1,-1,-1,-1,-1,-1,-1,-1,-1,-1,-1,1.88,1.42,0.00,0.00,2.25,58,80,42,8,4,13,54,59,83,13.50,4.83,0.00,0.00,0.00,0.00,0.00,0.00,0.00,0.00,0.00,N/A
1586617200,Apr 11 2020 - 3:00pm,canceled,-1,CD Nacional,Casa Pia,N/A,28,2.50,0.50,2.50,0.50,0,0,0,0,0,0,"","",-1,-1,-1,-1,-1,-1,-1,-1,-1,-1,-1,-1,-1,-1,-1,-1,-1,-1,-1,-1,1.64,1.16,0.00,0.00,2.34,46,59,42,29,13,38,63,42,59,8.42,5.00,0.00,0.00,0.00,0.00,0.00,0.00,0.00,0.00,0.00,N/A
1586617200,Apr 11 2020 - 3:00pm,canceled,-1,Farense,Sporting Covilhã,N/A,28,2.08,1.25,2.08,1.25,0,0,0,0,0,0,"","",-1,-1,-1,-1,-1,-1,-1,-1,-1,-1,-1,-1,-1,-1,-1,-1,-1,-1,-1,-1,1.72,1.27,0.00,0.00,2.59,46,63,54,38,13,38,67,46,71,8.17,5.58,0.00,0.00,0.00,0.00,0.00,0.00,0.00,0.00,0.00,N/A
1586617200,Apr 11 2020 - 3:00pm,canceled,-1,Associação Académica de Coimbra OAF,Vilafranquense,N/A,28,1.92,0.50,1.92,0.50,0,0,0,0,0,0,"","",-1,-1,-1,-1,-1,-1,-1,-1,-1,-1,-1,-1,-1,-1,-1,-1,-1,-1,-1,-1,1.92,1.40,0.00,0.00,2.84,50,83,55,25,17,38,83,46,79,11.92,5.00,0.00,0.00,0.00,0.00,0.00,0.00,0.00,0.00,0.00,N/A
1586617200,Apr 11 2020 - 3:00pm,canceled,-1,FC Penafiel,Varzim,N/A,28,1.58,1.25,1.58,1.25,0,0,0,0,0,0,"","",-1,-1,-1,-1,-1,-1,-1,-1,-1,-1,-1,-1,-1,-1,-1,-1,-1,-1,-1,-1,1.52,1.29,0.00,0.00,2.42,59,80,46,21,4,38,67,38,75,9.16,6.58,0.00,0.00,0.00,0.00,0.00,0.00,0.00,0.00,0.00,N/A
1586617200,Apr 11 2020 - 3:00pm,canceled,-1,Academico Viseu,UD Oliveirense,N/A,28,1.33,0.92,1.33,0.92,0,0,0,0,0,0,"","",-1,-1,-1,-1,-1,-1,-1,-1,-1,-1,-1,-1,-1,-1,-1,-1,-1,-1,-1,-1,1.42,1.34,0.00,0.00,2.33,42,59,42,30,17,33,50,34,75,9.17,6.17,0.00,0.00,0.00,0.00,0.00,0.00,0.00,0.00,0.00,N/A
1587308400,Apr 19 2020 - 3:00pm,canceled,-1,UD Oliveirense,GD Chaves,N/A,29,1.75,1.25,1.75,1.25,0,0,0,0,0,0,"","",-1,-1,-1,-1,-1,-1,-1,-1,-1,-1,-1,-1,-1,-1,-1,-1,-1,-1,-1,-1,1.87,1.57,0.00,0.00,2.17,38,71,38,17,4,13,46,50,80,11.00,5.58,0.00,0.00,0.00,0.00,0.00,0.00,0.00,0.00,0.00,N/A
1587308400,Apr 19 2020 - 3:00pm,canceled,-1,CD Feirense,CD Nacional,N/A,29,1.83,1.67,1.83,1.67,0,0,0,0,0,0,"","",-1,-1,-1,-1,-1,-1,-1,-1,-1,-1,-1,-1,-1,-1,-1,-1,-1,-1,-1,-1,1.75,1.53,0.00,0.00,1.92,59,67,29,4,0,21,63,30,71,11.08,6.92,0.00,0.00,0.00,0.00,0.00,0.00,0.00,0.00,0.00,N/A
1587308400,Apr 19 2020 - 3:00pm,canceled,-1,Benfica II,Farense,N/A,29,1.91,1.92,1.91,1.92,0,0,0,0,0,0,"","",-1,-1,-1,-1,-1,-1,-1,-1,-1,-1,-1,-1,-1,-1,-1,-1,-1,-1,-1,-1,1.67,1.49,0.00,0.00,2.58,44,74,53,27,5,30,70,35,79,9.76,5.08,0.00,0.00,0.00,0.00,0.00,0.00,0.00,0.00,0.00,N/A
1587308400,Apr 19 2020 - 3:00pm,canceled,-1,Casa Pia,Associação Académica de Coimbra OAF,N/A,29,0.42,1.00,0.42,1.00,0,0,0,0,0,0,"","",-1,-1,-1,-1,-1,-1,-1,-1,-1,-1,-1,-1,-1,-1,-1,-1,-1,-1,-1,-1,1.46,1.56,0.00,0.00,2.54,59,63,50,34,17,25,63,42,79,10.50,5.41,0.00,0.00,0.00,0.00,0.00,0.00,0.00,0.00,0.00,N/A
1587308400,Apr 19 2020 - 3:00pm,canceled,-1,Academico Viseu,Leixões,N/A,29,1.33,1.36,1.33,1.36,0,0,0,0,0,0,"","",-1,-1,-1,-1,-1,-1,-1,-1,-1,-1,-1,-1,-1,-1,-1,-1,-1,-1,-1,-1,1.42,1.28,0.00,0.00,1.84,35,44,22,22,13,18,44,18,70,9.69,5.16,0.00,0.00,0.00,0.00,0.00,0.00,0.00,0.00,0.00,N/A
1587308400,Apr 19 2020 - 3:00pm,canceled,-1,Porto II,FC Penafiel,N/A,29,1.25,0.75,1.25,0.75,0,0,0,0,0,0,"","",-1,-1,-1,-1,-1,-1,-1,-1,-1,-1,-1,-1,-1,-1,-1,-1,-1,-1,-1,-1,1.87,1.08,0.00,0.00,2.50,71,75,50,21,9,42,71,38,75,9.08,5.83,0.00,0.00,0.00,0.00,0.00,0.00,0.00,0.00,0.00,N/A
1587308400,Apr 19 2020 - 3:00pm,canceled,-1,Vilafranquense,Cova Piedade,N/A,29,1.50,0.17,1.50,0.17,0,0,0,0,0,0,"","",-1,-1,-1,-1,-1,-1,-1,-1,-1,-1,-1,-1,-1,-1,-1,-1,-1,-1,-1,-1,1.42,1.09,0.00,0.00,3.08,59,88,63,34,29,46,80,46,88,8.16,5.08,0.00,0.00,0.00,0.00,0.00,0.00,0.00,0.00,0.00,N/A
1587308400,Apr 19 2020 - 3:00pm,canceled,-1,GD Estoril Praia,CD Mafra,N/A,29,2.08,1.33,2.08,1.33,0,0,0,0,0,0,"","",-1,-1,-1,-1,-1,-1,-1,-1,-1,-1,-1,-1,-1,-1,-1,-1,-1,-1,-1,-1,1.69,1.65,0.00,0.00,2.54,63,79,58,21,4,25,75,50,83,11.42,4.50,0.00,0.00,0.00,0.00,0.00,0.00,0.00,0.00,0.00,N/A
1587308400,Apr 19 2020 - 3:00pm,canceled,-1,Sporting Covilhã,Varzim,N/A,29,1.42,1.25,1.42,1.25,0,0,0,0,0,0,"","",-1,-1,-1,-1,-1,-1,-1,-1,-1,-1,-1,-1,-1,-1,-1,-1,-1,-1,-1,-1,1.37,1.29,0.00,0.00,2.50,54,71,46,25,8,25,54,46,88,9.25,5.33,0.00,0.00,0.00,0.00,0.00,0.00,0.00,0.00,0.00,N/A
1587567600,Apr 22 2020 - 3:00pm,canceled,-1,Varzim,Benfica II,N/A,30,1.83,0.54,1.83,0.54,0,0,0,0,0,0,"","",-1,-1,-1,-1,-1,-1,-1,-1,-1,-1,-1,-1,-1,-1,-1,-1,-1,-1,-1,-1,1.58,1.39,0.00,0.00,2.44,48,72,52,20,4,40,84,24,72,10.60,6.15,0.00,0.00,0.00,0.00,0.00,0.00,0.00,0.00,0.00,N/A
1587567600,Apr 22 2020 - 3:00pm,canceled,-1,Cova Piedade,Academico Viseu,N/A,30,1.25,1.50,1.25,1.50,0,0,0,0,0,0,"","",-1,-1,-1,-1,-1,-1,-1,-1,-1,-1,-1,-1,-1,-1,-1,-1,-1,-1,-1,-1,1.42,1.54,0.00,0.00,2.25,46,75,38,21,4,21,63,46,79,9.92,6.34,0.00,0.00,0.00,0.00,0.00,0.00,0.00,0.00,0.00,N/A
1587567600,Apr 22 2020 - 3:00pm,canceled,-1,GD Chaves,Porto II,N/A,30,1.42,1.17,1.42,1.17,0,0,0,0,0,0,"","",-1,-1,-1,-1,-1,-1,-1,-1,-1,-1,-1,-1,-1,-1,-1,-1,-1,-1,-1,-1,1.88,1.69,0.00,0.00,2.75,58,88,54,29,13,30,71,71,83,14.17,4.75,0.00,0.00,0.00,0.00,0.00,0.00,0.00,0.00,0.00,N/A
1587567600,Apr 22 2020 - 3:00pm,canceled,-1,CD Nacional,GD Estoril Praia,N/A,30,2.50,1.17,2.50,1.17,0,0,0,0,0,0,"","",-1,-1,-1,-1,-1,-1,-1,-1,-1,-1,-1,-1,-1,-1,-1,-1,-1,-1,-1,-1,1.64,1.44,0.00,0.00,2.29,42,63,38,21,13,29,59,42,71,9.25,6.00,0.00,0.00,0.00,0.00,0.00,0.00,0.00,0.00,0.00,N/A
1587567600,Apr 22 2020 - 3:00pm,canceled,-1,Farense,CD Feirense,N/A,30,2.08,1.67,2.08,1.67,0,0,0,0,0,0,"","",-1,-1,-1,-1,-1,-1,-1,-1,-1,-1,-1,-1,-1,-1,-1,-1,-1,-1,-1,-1,1.72,1.42,0.00,0.00,2.25,50,67,46,21,0,21,59,42,79,10.50,5.33,0.00,0.00,0.00,0.00,0.00,0.00,0.00,0.00,0.00,N/A
1587567600,Apr 22 2020 - 3:00pm,canceled,-1,Associação Académica de Coimbra OAF,Sporting Covilhã,N/A,30,1.92,1.25,1.92,1.25,0,0,0,0,0,0,"","",-1,-1,-1,-1,-1,-1,-1,-1,-1,-1,-1,-1,-1,-1,-1,-1,-1,-1,-1,-1,1.92,1.27,0.00,0.00,2.84,54,71,59,34,21,42,75,54,75,9.09,5.17,0.00,0.00,0.00,0.00,0.00,0.00,0.00,0.00,0.00,N/A
1587567600,Apr 22 2020 - 3:00pm,canceled,-1,Leixões,Vilafranquense,N/A,30,1.38,0.50,1.38,0.50,0,0,0,0,0,0,"","",-1,-1,-1,-1,-1,-1,-1,-1,-1,-1,-1,-1,-1,-1,-1,-1,-1,-1,-1,-1,1.92,1.40,0.00,0.00,2.18,40,65,29,20,13,21,65,28,76,13.21,5.58,0.00,0.00,0.00,0.00,0.00,0.00,0.00,0.00,0.00,N/A
1587567600,Apr 22 2020 - 3:00pm,canceled,-1,FC Penafiel,UD Oliveirense,N/A,30,1.58,0.92,1.58,0.92,0,0,0,0,0,0,"","",-1,-1,-1,-1,-1,-1,-1,-1,-1,-1,-1,-1,-1,-1,-1,-1,-1,-1,-1,-1,1.52,1.34,0.00,0.00,2.46,50,71,50,25,13,50,59,38,67,8.08,7.42,0.00,0.00,0.00,0.00,0.00,0.00,0.00,0.00,0.00,N/A
1587567600,Apr 22 2020 - 3:00pm,canceled,-1,CD Mafra,Casa Pia,N/A,30,1.92,0.50,1.92,0.50,0,0,0,0,0,0,"","",-1,-1,-1,-1,-1,-1,-1,-1,-1,-1,-1,-1,-1,-1,-1,-1,-1,-1,-1,-1,1.50,1.16,0.00,0.00,2.42,59,67,38,33,8,38,71,38,71,8.67,4.08,0.00,0.00,0.00,0.00,0.00,0.00,0.00,0.00,0.00,N/A
1587913200,Apr 26 2020 - 3:00pm,canceled,-1,Vilafranquense,GD Chaves,N/A,31,1.50,1.25,1.50,1.25,0,0,0,0,0,0,"","",-1,-1,-1,-1,-1,-1,-1,-1,-1,-1,-1,-1,-1,-1,-1,-1,-1,-1,-1,-1,1.42,1.57,0.00,0.00,2.58,50,75,50,25,17,34,71,42,80,10.08,4.58,0.00,0.00,0.00,0.00,0.00,0.00,0.00,0.00,0.00,N/A
1587913200,Apr 26 2020 - 3:00pm,canceled,-1,Porto II,CD Nacional,N/A,31,1.25,1.67,1.25,1.67,0,0,0,0,0,0,"","",-1,-1,-1,-1,-1,-1,-1,-1,-1,-1,-1,-1,-1,-1,-1,-1,-1,-1,-1,-1,1.87,1.53,0.00,0.00,2.50,80,84,42,21,9,38,71,42,83,11.33,6.33,0.00,0.00,0.00,0.00,0.00,0.00,0.00,0.00,0.00,N/A
1587913200,Apr 26 2020 - 3:00pm,canceled,-1,Casa Pia,Farense,N/A,31,0.42,1.92,0.42,1.92,0,0,0,0,0,0,"","",-1,-1,-1,-1,-1,-1,-1,-1,-1,-1,-1,-1,-1,-1,-1,-1,-1,-1,-1,-1,1.46,1.49,0.00,0.00,2.67,55,75,50,29,13,33,75,38,79,10.25,5.75,0.00,0.00,0.00,0.00,0.00,0.00,0.00,0.00,0.00,N/A
1587913200,Apr 26 2020 - 3:00pm,canceled,-1,UD Oliveirense,Associação Académica de Coimbra OAF,N/A,31,1.75,1.00,1.75,1.00,0,0,0,0,0,0,"","",-1,-1,-1,-1,-1,-1,-1,-1,-1,-1,-1,-1,-1,-1,-1,-1,-1,-1,-1,-1,1.87,1.56,0.00,0.00,2.25,46,67,42,21,8,13,42,50,84,9.83,6.41,0.00,0.00,0.00,0.00,0.00,0.00,0.00,0.00,0.00,N/A
1587913200,Apr 26 2020 - 3:00pm,canceled,-1,Cova Piedade,Leixões,N/A,31,1.25,1.36,1.25,1.36,0,0,0,0,0,0,"","",-1,-1,-1,-1,-1,-1,-1,-1,-1,-1,-1,-1,-1,-1,-1,-1,-1,-1,-1,-1,1.42,1.28,0.00,0.00,2.21,48,64,35,22,9,26,61,38,74,8.77,5.58,0.00,0.00,0.00,0.00,0.00,0.00,0.00,0.00,0.00,N/A
1587913200,Apr 26 2020 - 3:00pm,canceled,-1,GD Estoril Praia,FC Penafiel,N/A,31,2.08,0.75,2.08,0.75,0,0,0,0,0,0,"","",-1,-1,-1,-1,-1,-1,-1,-1,-1,-1,-1,-1,-1,-1,-1,-1,-1,-1,-1,-1,1.69,1.08,0.00,0.00,2.42,54,71,54,17,4,34,80,38,75,8.08,6.08,0.00,0.00,0.00,0.00,0.00,0.00,0.00,0.00,0.00,N/A
1587913200,Apr 26 2020 - 3:00pm,canceled,-1,Benfica II,Sporting Covilhã,N/A,31,1.91,1.25,1.91,1.25,0,0,0,0,0,0,"","",-1,-1,-1,-1,-1,-1,-1,-1,-1,-1,-1,-1,-1,-1,-1,-1,-1,-1,-1,-1,1.67,1.27,0.00,0.00,2.79,48,66,57,44,17,35,70,48,75,8.10,4.66,0.00,0.00,0.00,0.00,0.00,0.00,0.00,0.00,0.00,N/A
1587913200,Apr 26 2020 - 3:00pm,canceled,-1,CD Feirense,Varzim,N/A,31,1.83,1.25,1.83,1.25,0,0,0,0,0,0,"","",-1,-1,-1,-1,-1,-1,-1,-1,-1,-1,-1,-1,-1,-1,-1,-1,-1,-1,-1,-1,1.75,1.29,0.00,0.00,2.38,63,75,42,17,4,29,71,34,75,10.83,6.50,0.00,0.00,0.00,0.00,0.00,0.00,0.00,0.00,0.00,N/A
1587913200,Apr 26 2020 - 3:00pm,canceled,-1,Academico Viseu,CD Mafra,N/A,31,1.33,1.33,1.33,1.33,0,0,0,0,0,0,"","",-1,-1,-1,-1,-1,-1,-1,-1,-1,-1,-1,-1,-1,-1,-1,-1,-1,-1,-1,-1,1.42,1.65,0.00,0.00,1.96,46,59,38,17,4,8,46,38,79,11.59,3.67,0.00,0.00,0.00,0.00,0.00,0.00,0.00,0.00,0.00,N/A
1588518000,May 03 2020 - 3:00pm,canceled,-1,FC Penafiel,Leixões,N/A,32,1.58,1.36,1.58,1.36,0,0,0,0,0,0,"","",-1,-1,-1,-1,-1,-1,-1,-1,-1,-1,-1,-1,-1,-1,-1,-1,-1,-1,-1,-1,1.52,1.28,0.00,0.00,1.96,44,56,30,18,9,35,53,22,61,8.60,6.41,0.00,0.00,0.00,0.00,0.00,0.00,0.00,0.00,0.00,N/A
1588518000,May 03 2020 - 3:00pm,canceled,-1,CD Mafra,UD Oliveirense,N/A,32,1.92,0.92,1.92,0.92,0,0,0,0,0,0,"","",-1,-1,-1,-1,-1,-1,-1,-1,-1,-1,-1,-1,-1,-1,-1,-1,-1,-1,-1,-1,1.50,1.34,0.00,0.00,2.75,63,71,50,38,17,46,75,38,75,8.75,6.17,0.00,0.00,0.00,0.00,0.00,0.00,0.00,0.00,0.00,N/A
1588518000,May 03 2020 - 3:00pm,canceled,-1,GD Chaves,Cova Piedade,N/A,32,1.42,0.17,1.42,0.17,0,0,0,0,0,0,"","",-1,-1,-1,-1,-1,-1,-1,-1,-1,-1,-1,-1,-1,-1,-1,-1,-1,-1,-1,-1,1.88,1.09,0.00,0.00,2.67,54,88,54,17,17,30,63,59,83,12.33,4.83,0.00,0.00,0.00,0.00,0.00,0.00,0.00,0.00,0.00,N/A
1588518000,May 03 2020 - 3:00pm,canceled,-1,CD Nacional,Academico Viseu,N/A,32,2.50,1.50,2.50,1.50,0,0,0,0,0,0,"","",-1,-1,-1,-1,-1,-1,-1,-1,-1,-1,-1,-1,-1,-1,-1,-1,-1,-1,-1,-1,1.64,1.54,0.00,0.00,2.21,42,59,38,25,13,25,63,33,63,10.17,6.84,0.00,0.00,0.00,0.00,0.00,0.00,0.00,0.00,0.00,N/A
1588518000,May 03 2020 - 3:00pm,canceled,-1,Farense,GD Estoril Praia,N/A,32,2.08,1.17,2.08,1.17,0,0,0,0,0,0,"","",-1,-1,-1,-1,-1,-1,-1,-1,-1,-1,-1,-1,-1,-1,-1,-1,-1,-1,-1,-1,1.72,1.44,0.00,0.00,2.42,42,71,46,25,4,29,59,46,84,9.75,5.66,0.00,0.00,0.00,0.00,0.00,0.00,0.00,0.00,0.00,N/A
1588518000,May 03 2020 - 3:00pm,canceled,-1,Benfica II,CD Feirense,N/A,32,1.91,1.67,1.91,1.67,0,0,0,0,0,0,"","",-1,-1,-1,-1,-1,-1,-1,-1,-1,-1,-1,-1,-1,-1,-1,-1,-1,-1,-1,-1,1.67,1.42,0.00,0.00,2.46,52,70,49,27,5,18,62,44,83,10.43,4.41,0.00,0.00,0.00,0.00,0.00,0.00,0.00,0.00,0.00,N/A
1588518000,May 03 2020 - 3:00pm,canceled,-1,Associação Académica de Coimbra OAF,Porto II,N/A,32,1.92,1.17,1.92,1.17,0,0,0,0,0,0,"","",-1,-1,-1,-1,-1,-1,-1,-1,-1,-1,-1,-1,-1,-1,-1,-1,-1,-1,-1,-1,1.92,1.69,0.00,0.00,3.00,58,83,63,38,17,42,83,63,83,12.09,4.84,0.00,0.00,0.00,0.00,0.00,0.00,0.00,0.00,0.00,N/A
1588518000,May 03 2020 - 3:00pm,canceled,-1,Sporting Covilhã,Casa Pia,N/A,32,1.42,0.50,1.42,0.50,0,0,0,0,0,0,"","",-1,-1,-1,-1,-1,-1,-1,-1,-1,-1,-1,-1,-1,-1,-1,-1,-1,-1,-1,-1,1.37,1.16,0.00,0.00,2.21,42,59,38,25,8,30,42,46,75,8.09,4.08,0.00,0.00,0.00,0.00,0.00,0.00,0.00,0.00,0.00,N/A
1588518000,May 03 2020 - 3:00pm,canceled,-1,Varzim,Vilafranquense,N/A,32,1.83,0.50,1.83,0.50,0,0,0,0,0,0,"","",-1,-1,-1,-1,-1,-1,-1,-1,-1,-1,-1,-1,-1,-1,-1,-1,-1,-1,-1,-1,1.58,1.40,0.00,0.00,2.46,46,75,50,17,9,33,79,29,71,11.50,5.50,0.00,0.00,0.00,0.00,0.00,0.00,0.00,0.00,0.00,N/A
1589122800,May 10 2020 - 3:00pm,canceled,-1,Leixões,GD Chaves,N/A,33,1.38,1.25,1.38,1.25,0,0,0,0,0,0,"","",-1,-1,-1,-1,-1,-1,-1,-1,-1,-1,-1,-1,-1,-1,-1,-1,-1,-1,-1,-1,1.92,1.57,0.00,0.00,1.76,36,52,24,12,4,13,48,28,72,13.46,5.00,0.00,0.00,0.00,0.00,0.00,0.00,0.00,0.00,0.00,N/A
1589122800,May 10 2020 - 3:00pm,canceled,-1,UD Oliveirense,CD Nacional,N/A,33,1.75,1.67,1.75,1.67,0,0,0,0,0,0,"","",-1,-1,-1,-1,-1,-1,-1,-1,-1,-1,-1,-1,-1,-1,-1,-1,-1,-1,-1,-1,1.87,1.53,0.00,0.00,2.29,55,79,38,17,4,13,55,55,88,10.08,7.08,0.00,0.00,0.00,0.00,0.00,0.00,0.00,0.00,0.00,N/A
1589122800,May 10 2020 - 3:00pm,canceled,-1,Porto II,Farense,N/A,33,1.25,1.92,1.25,1.92,0,0,0,0,0,0,"","",-1,-1,-1,-1,-1,-1,-1,-1,-1,-1,-1,-1,-1,-1,-1,-1,-1,-1,-1,-1,1.87,1.49,0.00,0.00,2.59,67,84,46,21,9,46,71,34,79,10.83,6.00,0.00,0.00,0.00,0.00,0.00,0.00,0.00,0.00,0.00,N/A
1589122800,May 10 2020 - 3:00pm,canceled,-1,Casa Pia,Benfica II,N/A,33,0.42,0.54,0.42,0.54,0,0,0,0,0,0,"","",-1,-1,-1,-1,-1,-1,-1,-1,-1,-1,-1,-1,-1,-1,-1,-1,-1,-1,-1,-1,1.46,1.39,0.00,0.00,2.85,57,76,52,41,17,40,88,37,80,10.52,5.81,0.00,0.00,0.00,0.00,0.00,0.00,0.00,0.00,0.00,N/A
1589122800,May 10 2020 - 3:00pm,canceled,-1,Cova Piedade,Associação Académica de Coimbra OAF,N/A,33,1.25,1.00,1.25,1.00,0,0,0,0,0,0,"","",-1,-1,-1,-1,-1,-1,-1,-1,-1,-1,-1,-1,-1,-1,-1,-1,-1,-1,-1,-1,1.42,1.56,0.00,0.00,2.17,50,67,42,17,4,21,55,46,79,9.33,5.50,0.00,0.00,0.00,0.00,0.00,0.00,0.00,0.00,0.00,N/A
1589122800,May 10 2020 - 3:00pm,canceled,-1,CD Feirense,FC Penafiel,N/A,33,1.83,0.75,1.83,0.75,0,0,0,0,0,0,"","",-1,-1,-1,-1,-1,-1,-1,-1,-1,-1,-1,-1,-1,-1,-1,-1,-1,-1,-1,-1,1.75,1.08,0.00,0.00,1.92,50,58,38,4,0,25,63,25,63,8.83,6.42,0.00,0.00,0.00,0.00,0.00,0.00,0.00,0.00,0.00,N/A
1589122800,May 10 2020 - 3:00pm,canceled,-1,Vilafranquense,CD Mafra,N/A,33,1.50,1.33,1.50,1.33,0,0,0,0,0,0,"","",-1,-1,-1,-1,-1,-1,-1,-1,-1,-1,-1,-1,-1,-1,-1,-1,-1,-1,-1,-1,1.42,1.65,0.00,0.00,2.83,67,84,63,30,17,29,75,54,88,10.25,4.00,0.00,0.00,0.00,0.00,0.00,0.00,0.00,0.00,0.00,N/A
1589122800,May 10 2020 - 3:00pm,canceled,-1,GD Estoril Praia,Sporting Covilhã,N/A,33,2.08,1.25,2.08,1.25,0,0,0,0,0,0,"","",-1,-1,-1,-1,-1,-1,-1,-1,-1,-1,-1,-1,-1,-1,-1,-1,-1,-1,-1,-1,1.69,1.27,0.00,0.00,2.71,54,71,54,34,17,42,80,46,75,8.17,5.83,0.00,0.00,0.00,0.00,0.00,0.00,0.00,0.00,0.00,N/A
1589122800,May 10 2020 - 3:00pm,canceled,-1,Academico Viseu,Varzim,N/A,33,1.33,1.25,1.33,1.25,0,0,0,0,0,0,"","",-1,-1,-1,-1,-1,-1,-1,-1,-1,-1,-1,-1,-1,-1,-1,-1,-1,-1,-1,-1,1.42,1.29,0.00,0.00,2.29,50,67,38,25,8,21,58,34,84,10.25,5.33,0.00,0.00,0.00,0.00,0.00,0.00,0.00,0.00,0.00,N/A
1589727600,May 17 2020 - 3:00pm,canceled,-1,Associação Académica de Coimbra OAF,GD Estoril Praia,N/A,34,1.92,1.17,1.92,1.17,0,0,0,0,0,0,"","",-1,-1,-1,-1,-1,-1,-1,-1,-1,-1,-1,-1,-1,-1,-1,-1,-1,-1,-1,-1,1.92,1.44,0.00,0.00,2.67,50,79,50,21,13,34,67,54,88,10.67,5.25,0.00,0.00,0.00,0.00,0.00,0.00,0.00,0.00,0.00,N/A
1589727600,May 17 2020 - 3:00pm,canceled,-1,CD Mafra,Leixões,N/A,34,1.92,1.36,1.92,1.36,0,0,0,0,0,0,"","",-1,-1,-1,-1,-1,-1,-1,-1,-1,-1,-1,-1,-1,-1,-1,-1,-1,-1,-1,-1,1.50,1.28,0.00,0.00,2.26,56,56,30,30,13,30,69,22,70,9.27,5.16,0.00,0.00,0.00,0.00,0.00,0.00,0.00,0.00,0.00,N/A
1589727600,May 17 2020 - 3:00pm,canceled,-1,GD Chaves,Academico Viseu,N/A,34,1.42,1.50,1.42,1.50,0,0,0,0,0,0,"","",-1,-1,-1,-1,-1,-1,-1,-1,-1,-1,-1,-1,-1,-1,-1,-1,-1,-1,-1,-1,1.88,1.54,0.00,0.00,2.34,50,80,42,17,8,17,58,54,79,13.67,6.00,0.00,0.00,0.00,0.00,0.00,0.00,0.00,0.00,0.00,N/A
1589727600,May 17 2020 - 3:00pm,canceled,-1,CD Nacional,Cova Piedade,N/A,34,2.50,0.17,2.50,0.17,0,0,0,0,0,0,"","",-1,-1,-1,-1,-1,-1,-1,-1,-1,-1,-1,-1,-1,-1,-1,-1,-1,-1,-1,-1,1.64,1.09,0.00,0.00,2.54,46,67,50,25,21,38,67,38,67,8.83,5.67,0.00,0.00,0.00,0.00,0.00,0.00,0.00,0.00,0.00,N/A
1589727600,May 17 2020 - 3:00pm,canceled,-1,Farense,UD Oliveirense,N/A,34,2.08,0.92,2.08,0.92,0,0,0,0,0,0,"","",-1,-1,-1,-1,-1,-1,-1,-1,-1,-1,-1,-1,-1,-1,-1,-1,-1,-1,-1,-1,1.72,1.34,0.00,0.00,2.79,50,71,63,38,13,46,67,46,75,9.00,6.75,0.00,0.00,0.00,0.00,0.00,0.00,0.00,0.00,0.00,N/A
1589727600,May 17 2020 - 3:00pm,canceled,-1,Benfica II,Porto II,N/A,34,1.91,1.17,1.91,1.17,0,0,0,0,0,0,"","",-1,-1,-1,-1,-1,-1,-1,-1,-1,-1,-1,-1,-1,-1,-1,-1,-1,-1,-1,-1,1.67,1.69,0.00,0.00,2.96,52,78,61,48,13,35,78,56,83,11.10,4.33,0.00,0.00,0.00,0.00,0.00,0.00,0.00,0.00,0.00,N/A
1589727600,May 17 2020 - 3:00pm,canceled,-1,Sporting Covilhã,CD Feirense,N/A,34,1.42,1.67,1.42,1.67,0,0,0,0,0,0,"","",-1,-1,-1,-1,-1,-1,-1,-1,-1,-1,-1,-1,-1,-1,-1,-1,-1,-1,-1,-1,1.37,1.42,0.00,0.00,2.00,46,59,33,13,4,13,38,42,83,9.67,4.75,0.00,0.00,0.00,0.00,0.00,0.00,0.00,0.00,0.00,N/A
1589727600,May 17 2020 - 3:00pm,canceled,-1,FC Penafiel,Vilafranquense,N/A,34,1.58,0.50,1.58,0.50,0,0,0,0,0,0,"","",-1,-1,-1,-1,-1,-1,-1,-1,-1,-1,-1,-1,-1,-1,-1,-1,-1,-1,-1,-1,1.52,1.40,0.00,0.00,2.25,42,75,38,17,9,38,67,29,67,10.08,6.08,0.00,0.00,0.00,0.00,0.00,0.00,0.00,0.00,0.00,N/A
1589727600,May 17 2020 - 3:00pm,canceled,-1,Varzim,Casa Pia,N/A,34,1.83,0.50,1.83,0.50,0,0,0,0,0,0,"","",-1,-1,-1,-1,-1,-1,-1,-1,-1,-1,-1,-1,-1,-1,-1,-1,-1,-1,-1,-1,1.58,1.16,0.00,0.00,2.34,50,67,50,21,4,38,67,38,67,9.42,4.75,0.00,0.00,0.00,0.00,0.00,0.00,0.00,0.00,0.00,N/A
