timestamp,date_GMT,status,attendance,home_team_name,away_team_name,referee,Game Week,Pre-Match PPG (Home),Pre-Match PPG (Away),home_ppg,away_ppg,home_team_goal_count,away_team_goal_count,total_goal_count,total_goals_at_half_time,home_team_goal_count_half_time,away_team_goal_count_half_time,home_team_goal_timings,away_team_goal_timings,home_team_corner_count,away_team_corner_count,home_team_yellow_cards,home_team_red_cards,away_team_yellow_cards,away_team_red_cards,home_team_first_half_cards,home_team_second_half_cards,away_team_first_half_cards,away_team_second_half_cards,home_team_shots,away_team_shots,home_team_shots_on_target,away_team_shots_on_target,home_team_shots_off_target,away_team_shots_off_target,home_team_fouls,away_team_fouls,home_team_possession,away_team_possession,Home Team Pre-Match xG,Away Team Pre-Match xG,team_a_xg,team_b_xg,average_goals_per_match_pre_match,btts_percentage_pre_match,over_15_percentage_pre_match,over_25_percentage_pre_match,over_35_percentage_pre_match,over_45_percentage_pre_match,over_15_HT_FHG_percentage_pre_match,over_05_HT_FHG_percentage_pre_match,over_15_2HG_percentage_pre_match,over_05_2HG_percentage_pre_match,average_corners_per_match_pre_match,average_cards_per_match_pre_match,odds_ft_home_team_win,odds_ft_draw,odds_ft_away_team_win,odds_ft_over15,odds_ft_over25,odds_ft_over35,odds_ft_over45,odds_btts_yes,odds_btts_no,stadium_name
1599764400,Sep 10 2020 - 7:00pm,complete,N/A,GD Estoril Praia,FC Arouca,João Filipe Malheiro Pinto,1,0.00,0.00,2.12,1.82,1,0,1,1,1,0,"1","",1,4,3,0,3,0,2,1,1,2,6,12,4,4,2,8,2,0,50,50,0.00,0.00,1.08,1.79,0.00,0,0,0,0,0,0,0,0,0,0.00,0.00,1.83,3.20,4.60,1.47,2.40,4.70,9.50,2.15,1.65,Estádio António Coimbra da Mota (Estoril)
1599926400,Sep 12 2020 - 4:00pm,complete,N/A,FC Vizela,UD Oliveirense,José Dinis Lopes Nunes Godinho Gorjão,1,0.00,0.00,2.24,0.76,2,1,3,2,1,1,"25,86","2",5,6,1,0,3,0,0,1,0,3,10,5,6,3,4,2,18,20,42,58,0.00,0.00,1.64,0.88,0.00,0,0,0,0,0,0,0,0,0,0.00,0.00,2.20,3.00,3.10,0.00,2.00,0.00,0.00,0.00,0.00,Estádio da Capital do Móvel (Paços de Ferreira)
1599992100,Sep 13 2020 - 10:15am,complete,N/A,Cova Piedade,CD Mafra,João Carlos Casegas Marques Almeida,1,0.00,0.00,1.12,0.76,0,4,4,1,0,1,"","27,67,78,88",1,4,3,0,3,0,1,2,1,2,4,16,2,10,2,6,12,22,40,60,0.00,0.00,0.80,2.20,0.00,0,0,0,0,0,0,0,0,0,0.00,0.00,2.70,3.30,2.50,1.32,2.00,3.55,6.85,1.77,1.95,Estádio Municipal José Martins Vieira (Almada)
1600009200,Sep 13 2020 - 3:00pm,complete,N/A,Leixões,Casa Pia,Rui Miguel Gomes Lima,1,0.00,0.00,1.47,1.18,2,2,4,2,1,1,"31,59","21,51",7,2,1,0,1,0,1,0,0,1,13,10,5,4,8,6,19,9,55,45,0.00,0.00,1.86,1.23,0.00,0,0,0,0,0,0,0,0,0,0.00,0.00,1.47,4.10,6.65,1.30,1.95,3.40,6.60,2.00,1.71,Estádio do Mar (Matosinhos)
1600016400,Sep 13 2020 - 5:00pm,complete,N/A,Benfica II,Vilafranquense,Marcos Roberto Viegas Brazão,1,0.00,0.00,1.82,0.88,3,2,5,2,1,1,"4,55,62","34,78",5,3,1,0,3,1,0,1,1,3,13,8,7,6,6,2,21,11,57,43,0.00,0.00,1.86,1.33,0.00,0,0,0,0,0,0,0,0,0,0.00,0.00,2.00,3.35,3.55,1.27,1.87,3.20,6.00,1.71,2.05,Caixa Futebol Campus (Seixal)
1600018200,Sep 13 2020 - 5:30pm,complete,N/A,Varzim,Porto II,David Silva,1,0.00,0.00,0.88,0.82,1,0,1,1,1,0,"18","",7,12,3,0,2,0,1,2,0,2,7,11,6,4,1,7,19,12,33,67,0.00,0.00,1.34,1.69,0.00,0,0,0,0,0,0,0,0,0,0.00,0.00,1.95,3.45,3.70,1.32,2.00,3.60,6.95,1.83,1.87,Estádio Varzim Sport Club (Póvoa de Varzim)
1600109100,Sep 14 2020 - 6:45pm,complete,N/A,FC Penafiel,Sporting Covilhã,Carlos André Fernandes Macedo,1,0.00,0.00,1.41,0.88,1,0,1,0,0,0,"66","",9,4,3,0,0,0,1,2,0,0,6,5,4,0,2,5,15,16,46,54,0.00,0.00,1.15,0.72,0.00,0,0,0,0,0,0,0,0,0,0.00,0.00,2.50,2.95,2.95,1.44,2.35,4.50,9.00,2.00,1.74,Estádio Municipal 25 de Abril (Penafiel)
1600441200,Sep 18 2020 - 3:00pm,complete,N/A,UD Oliveirense,FC Penafiel,Ricardo Baixinho,2,0.00,0.00,1.06,1.29,2,1,3,0,0,0,"69,72","85",4,3,2,0,1,0,0,2,0,1,7,7,5,4,2,3,18,17,55,45,0.00,0.00,1.17,1.18,0.00,0,0,0,0,0,0,0,0,0,0.00,0.00,2.55,2.90,2.95,1.53,2.65,5.25,10.75,2.20,1.62,Estádio Carlos Osório (Oliveira de Azeméis)
1600444800,Sep 18 2020 - 4:00pm,complete,N/A,GD Chaves,Varzim,Cláudio Filipe Ruivo Pereira,2,0.00,0.00,1.59,1.06,0,0,0,0,0,0,"","",10,3,4,0,2,0,1,3,0,2,21,4,5,0,16,4,13,11,60,40,0.00,0.00,2.35,0.51,0.00,0,0,0,0,0,0,0,0,0,0.00,0.00,1.80,3.55,4.25,1.40,2.25,4.25,8.25,2.05,1.69,Estádio Municipal Eng. Manuel Branco Teixeira (Chaves)
1600448400,Sep 18 2020 - 5:00pm,complete,N/A,Vilafranquense,CD Feirense,João Filipe Malheiro Pinto,2,0.00,0.00,0.94,1.65,0,4,4,2,0,2,"","13,28,66,83",4,5,2,0,2,0,1,1,1,1,6,15,3,9,3,6,14,18,57,43,0.00,0.00,1.10,2.08,0.00,0,0,0,0,0,0,0,0,0,0.00,0.00,4.15,3.45,1.83,1.33,2.05,3.70,7.00,1.87,1.83,Estádio Municipal de Rio Maior (Rio Maior)
1600509600,Sep 19 2020 - 10:00am,complete,N/A,Casa Pia,Benfica II,David Silva,2,0.00,0.00,1.35,0.76,0,6,6,3,0,3,"","17,22,29,68,86,90'2",4,9,1,0,2,0,1,0,1,1,4,10,3,8,1,2,11,19,39,61,0.00,0.00,0.76,1.80,0.00,0,0,0,0,0,0,0,0,0,0.00,0.00,3.25,3.35,2.15,1.32,2.00,3.60,6.95,1.80,1.91,Estádio Pina Manique (Lisboa)
1600525800,Sep 19 2020 - 2:30pm,complete,N/A,CD Mafra,Academico Viseu,Marcos Roberto Viegas Brazão,2,0.00,0.00,1.41,1.00,1,0,1,0,0,0,"56","",7,5,2,0,3,0,0,2,2,1,5,3,4,0,1,3,15,10,58,42,0.00,0.00,1.36,0.71,0.00,0,0,0,0,0,0,0,0,0,0.00,0.00,1.83,3.20,4.60,1.44,2.35,4.55,9.00,2.10,1.67,Estádio Municipal de Mafra (Mafra)
1600525800,Sep 19 2020 - 2:30pm,complete,N/A,FC Arouca,Leixões,Bruno Miguel Cândido Rebocho,2,0.00,0.00,2.00,0.88,0,0,0,0,0,0,"","",7,3,2,0,4,0,0,2,0,4,6,2,0,2,6,0,6,16,55,45,0.00,0.00,0.98,0.67,0.00,0,0,0,0,0,0,0,0,0,0.00,0.00,2.45,3.05,2.90,1.43,2.35,4.45,8.75,2.00,1.74,Estádio Municipal de Arouca (Arouca)
1600531200,Sep 19 2020 - 4:00pm,complete,N/A,Porto II,FC Vizela,Flávio Dinis Lima,2,0.00,0.00,1.06,1.65,4,1,5,3,3,0,"25,33,37,84","73",6,12,2,0,4,1,1,1,4,1,2,4,0,3,2,1,2,4,52,48,0.00,0.00,0.73,1.07,0.00,0,0,0,0,0,0,0,0,0,0.00,0.00,2.65,3.05,2.75,1.35,2.10,3.80,7.25,1.80,1.91,Estádio Dr. Jorge Sampaio (Pedroso- Vila Nova de Gaia)
1600534800,Sep 19 2020 - 5:00pm,complete,N/A,Sporting Covilhã,Cova Piedade,Frederico João Gonçalves Santos B. Martins,2,0.00,0.00,1.29,1.06,1,3,4,2,0,2,"77","32,38,53",13,3,3,1,3,0,1,3,1,2,18,8,7,5,11,3,13,12,63,37,0.00,0.00,2.35,1.28,0.00,0,0,0,0,0,0,0,0,0,0.00,0.00,1.67,3.75,4.85,1.38,2.15,4.00,7.75,2.05,1.69,Estádio Municipal José Santos Pinto (Covilhã)
1600596900,Sep 20 2020 - 10:15am,complete,N/A,Associação Académica de Coimbra OAF,GD Estoril Praia,Rui Miguel Gomes Lima,2,0.00,0.00,1.82,2.00,1,0,1,0,0,0,"50","",0,3,3,0,4,0,3,0,1,3,8,13,3,4,5,9,27,16,39,61,0.00,0.00,1.11,1.44,0.00,0,0,0,0,0,0,0,0,0,0.00,0.00,2.20,3.15,3.35,1.39,2.20,4.15,8.25,1.91,1.80,Estádio EFAPEL (Coimbra)
1600794000,Sep 22 2020 - 5:00pm,complete,N/A,CD Feirense,Casa Pia,Ricardo Baixinho,3,0.00,1.00,1.76,1.18,2,1,3,1,0,1,"90,90'7","34",5,2,2,0,7,1,0,2,1,7,14,6,5,3,9,3,16,16,69,31,0.00,1.23,2.11,0.89,2.00,50,50,50,50,0,50,50,50,50,2.00,1.00,1.19,6.10,14.50,1.21,1.69,2.75,5.00,2.40,1.51,Estádio Marcolino de Castro (Santa Maria da Feira)
1600794000,Sep 22 2020 - 5:00pm,complete,N/A,FC Vizela,Sporting Covilhã,David Silva,3,3.00,0.00,2.24,0.88,2,1,3,1,0,1,"54,79","25",3,8,2,0,2,0,0,2,1,1,8,4,4,3,4,1,13,13,51,49,1.64,0.72,1.26,0.96,2.00,50,50,50,0,0,50,50,0,100,9.00,1.00,1.80,3.60,4.15,1.43,2.30,4.40,8.75,2.15,1.65,Estádio da Capital do Móvel (Paços de Ferreira)
1600801200,Sep 22 2020 - 7:00pm,complete,N/A,Varzim,FC Arouca,Flávio Dinis Lima,3,3.00,0.00,0.88,1.82,0,0,0,0,0,0,"","",1,15,1,0,4,0,1,0,0,4,5,11,3,4,2,7,17,17,50,50,1.34,1.79,0.87,1.69,1.00,0,0,0,0,0,0,100,0,0,11.00,6.00,2.30,3.05,3.20,1.51,2.60,5.15,10.50,2.15,1.62,Estádio Varzim Sport Club (Póvoa de Varzim)
1600873200,Sep 23 2020 - 3:00pm,complete,N/A,Cova Piedade,Associação Académica de Coimbra OAF,Marcos Roberto Viegas Brazão,3,0.00,0.00,1.12,1.82,0,0,0,0,0,0,"","",0,5,1,0,3,0,1,0,1,2,6,2,4,0,2,2,19,18,40,60,0.80,0.00,1.18,0.78,2.00,0,50,50,50,0,0,50,50,50,1.00,3.00,3.45,3.10,2.15,1.42,2.30,4.35,8.50,1.95,1.77,Estádio Municipal José Martins Vieira (Almada)
1600873200,Sep 23 2020 - 3:00pm,complete,N/A,Benfica II,GD Chaves,João Filipe Malheiro Pinto,3,3.00,0.00,1.82,1.76,3,4,7,3,0,3,"56,67,68","1,16,24,71",4,1,1,0,4,0,0,1,0,4,14,10,6,7,8,3,17,20,59,41,1.86,0.00,2.11,1.44,2.50,50,50,50,50,50,50,50,50,50,5.00,1.00,3.05,3.25,2.25,1.29,1.91,3.35,6.45,1.74,2.00,Caixa Futebol Campus (Seixal)
1600873200,Sep 23 2020 - 3:00pm,complete,N/A,UD Oliveirense,Porto II,Carlos André Fernandes Macedo,3,3.00,0.00,1.06,0.82,2,2,4,1,1,0,"39,62","55,74",6,9,2,0,0,0,0,2,0,0,13,9,4,5,9,4,24,14,55,45,1.17,1.69,1.64,1.49,2.00,50,50,50,0,0,0,50,50,50,16.00,4.00,2.60,3.15,2.70,1.26,1.83,3.15,5.90,1.65,2.15,Estádio Carlos Osório (Oliveira de Azeméis)
1600882200,Sep 23 2020 - 5:30pm,complete,N/A,FC Penafiel,Vilafranquense,João Carlos Casegas Marques Almeida,3,3.00,0.00,1.41,0.88,1,2,3,3,1,2,"43","18,19",10,4,0,0,3,1,0,0,1,3,7,6,4,4,3,2,17,20,64,36,1.15,1.33,1.38,1.04,3.00,50,50,50,50,50,50,50,50,100,12.00,7.00,1.95,3.30,3.85,1.37,2.15,3.95,7.75,1.91,1.80,Estádio Municipal 25 de Abril (Penafiel)
1600887600,Sep 23 2020 - 7:00pm,complete,N/A,Leixões,CD Mafra,Cláudio Filipe Ruivo Pereira,3,1.00,3.00,1.47,0.76,0,2,2,1,0,1,"","25,81",11,2,0,0,1,0,0,0,0,1,16,9,6,5,10,4,18,13,50,50,1.86,2.20,2.13,1.31,4.00,50,100,100,100,0,50,100,100,100,11.00,4.00,2.35,3.10,3.10,1.36,2.10,3.85,7.50,1.83,1.87,Estádio do Mar (Matosinhos)
1600959600,Sep 24 2020 - 3:00pm,complete,N/A,Academico Viseu,GD Estoril Praia,José Dinis Lopes Nunes Godinho Gorjão,3,0.00,0.00,1.12,2.00,0,2,2,2,0,2,"","13,25",2,6,6,0,4,0,4,2,1,3,4,16,0,8,4,8,13,7,45,55,0.00,1.44,0.71,2.03,0.50,0,0,0,0,0,0,0,0,50,3.00,4.00,3.15,2.95,2.40,1.50,2.55,5.05,10.25,2.10,1.67,Estádio Municipal do Fontelo (Viseu)
1601114400,Sep 26 2020 - 10:00am,complete,N/A,Sporting Covilhã,Varzim,João Carlos Casegas Marques Almeida,4,0.00,1.00,1.29,1.06,2,1,3,1,0,1,"68,82","18",12,6,1,0,2,0,1,0,0,2,16,4,4,2,12,2,-1,-1,50,50,2.35,0.51,1.94,0.84,2.00,50,50,50,50,0,50,50,50,50,16.00,6.00,2.55,2.90,2.95,1.41,2.25,4.25,8.25,1.91,1.83,Estádio Municipal José Santos Pinto (Covilhã)
1601201700,Sep 27 2020 - 10:15am,complete,N/A,CD Mafra,Benfica II,Carlos André Fernandes Macedo,4,3.00,3.00,1.41,0.76,2,1,3,2,1,1,"44,90'3","7",10,3,0,0,3,0,0,0,1,2,16,9,6,5,10,4,-1,-1,50,50,1.36,1.80,1.96,1.39,3.50,0,50,50,50,50,50,50,50,100,16.00,4.00,2.05,3.20,3.70,1.30,1.95,3.40,6.60,1.74,2.00,Estádio Municipal de Mafra (Mafra)
1601217000,Sep 27 2020 - 2:30pm,complete,N/A,Casa Pia,FC Vizela,Cláudio Filipe Ruivo Pereira,4,0.00,0.00,1.35,1.65,1,1,2,0,0,0,"48","84",2,13,0,0,0,0,0,0,0,0,6,18,3,6,3,12,1,1,41,59,0.76,1.07,0.86,2.43,5.50,50,100,100,100,100,100,100,100,100,16.00,6.00,3.65,3.50,1.95,1.25,1.80,3.00,5.60,1.69,2.10,Estádio Pina Manique (Lisboa)
1601217000,Sep 27 2020 - 2:30pm,complete,N/A,FC Arouca,Academico Viseu,Rui Miguel Gomes Lima,4,1.00,0.00,2.00,1.00,1,1,2,2,1,1,"24","3",7,3,1,0,1,0,1,0,1,0,9,6,4,3,5,3,2,0,61,39,0.98,0.71,1.52,0.85,0.50,0,0,0,0,0,0,0,0,50,12.00,5.00,1.54,3.85,5.85,1.41,2.25,4.25,8.25,2.25,1.57,Estádio Municipal de Arouca (Arouca)
1601222400,Sep 27 2020 - 4:00pm,complete,N/A,Porto II,FC Penafiel,Frederico João Gonçalves Santos B. Martins,4,3.00,0.00,1.06,1.29,1,2,3,2,1,1,"42","27,55",4,4,2,0,4,0,1,1,1,3,19,7,7,4,12,3,1,2,64,36,0.73,1.18,2.26,1.15,4.00,100,100,100,50,50,50,50,100,100,9.00,3.00,2.00,3.50,3.55,1.32,2.00,3.60,6.95,1.83,1.91,Estádio Dr. Jorge Sampaio (Pedroso- Vila Nova de Gaia)
1601226000,Sep 27 2020 - 5:00pm,complete,N/A,GD Chaves,Cova Piedade,Bruno Miguel Cândido Rebocho,4,1.00,3.00,1.59,1.06,1,0,1,1,1,0,"9","",6,5,2,0,1,0,0,2,1,0,13,5,5,2,8,3,-1,-1,58,42,2.35,1.28,1.73,0.83,2.00,50,50,50,50,0,50,50,50,50,13.00,7.00,1.36,4.80,7.50,1.31,1.95,3.50,6.70,2.30,1.57,Estádio Municipal Eng. Manuel Branco Teixeira (Chaves)
1601226000,Sep 27 2020 - 5:00pm,complete,N/A,Vilafranquense,UD Oliveirense,Flávio Dinis Lima,4,0.00,0.00,0.94,0.76,0,0,0,0,0,0,"","",4,3,3,0,3,0,1,2,2,1,10,11,4,3,6,8,-1,-1,50,50,1.10,0.88,1.45,1.46,3.50,50,100,100,50,0,100,100,50,100,10.00,5.00,2.40,3.20,2.85,1.33,2.05,3.65,7.00,1.80,1.95,Estádio Municipal de Rio Maior (Rio Maior)
1601318700,Sep 28 2020 - 6:45pm,complete,N/A,GD Estoril Praia,Leixões,Miguel Bertolo Nogueira,4,3.00,1.00,2.12,0.88,1,0,1,1,1,0,"44","",6,4,4,0,3,0,0,4,0,3,10,8,4,0,6,8,-1,-1,50,50,1.08,0.67,1.42,0.88,0.50,0,0,0,0,0,0,50,0,0,4.00,7.00,2.20,3.05,3.40,1.41,2.25,4.30,8.50,1.95,1.80,Estádio António Coimbra da Mota (Estoril)
1601406000,Sep 29 2020 - 7:00pm,complete,N/A,Associação Académica de Coimbra OAF,CD Feirense,Hugo Serafim Coelho Magalhães Silva,4,3.00,3.00,1.82,1.65,0,1,1,1,0,1,"","10",6,2,5,0,3,0,2,3,2,1,9,11,2,5,7,6,-1,-1,65,35,1.11,2.08,1.30,1.40,2.50,0,50,50,50,0,50,50,50,100,5.00,5.00,3.55,2.95,2.10,1.50,2.55,5.05,10.25,2.15,1.65,Estádio EFAPEL (Coimbra)
1601654400,Oct 02 2020 - 4:00pm,complete,N/A,FC Penafiel,CD Mafra,Hugo Serafim Coelho Magalhães Silva,5,1.50,3.00,1.41,0.76,3,1,4,1,1,0,"5,64,72","49",4,3,7,0,2,0,3,4,1,1,12,14,7,4,5,10,-1,-1,51,49,1.26,1.76,1.70,1.59,2.50,25,75,50,25,0,25,75,25,75,12.50,3.50,2.80,3.10,2.55,1.40,2.25,4.25,8.25,1.91,1.80,Estádio Municipal 25 de Abril (Penafiel)
1601719200,Oct 03 2020 - 10:00am,complete,N/A,CD Feirense,Sporting Covilhã,Marcos Roberto Viegas Brazão,5,3.00,0.00,1.76,0.88,0,0,0,0,0,0,"","",10,2,2,0,3,0,2,0,1,2,18,4,10,0,8,4,1,1,54,46,2.11,0.84,2.50,0.58,2.50,75,75,75,0,0,0,75,75,100,11.00,3.00,1.49,4.00,6.25,1.32,2.00,3.55,6.85,2.05,1.71,Estádio Marcolino de Castro (Santa Maria da Feira)
1601735400,Oct 03 2020 - 2:30pm,complete,N/A,Cova Piedade,FC Arouca,Ricardo Baixinho,5,0.50,0.50,1.12,1.82,0,2,2,1,0,1,"","35,46",4,4,3,0,3,0,2,1,0,3,10,7,5,4,5,3,3,2,44,56,0.99,1.74,1.15,0.88,1.25,0,25,25,25,0,0,50,25,25,10.00,5.50,2.85,3.10,2.50,1.42,2.30,4.35,8.50,1.95,1.77,Estádio Municipal José Martins Vieira (Almada)
1601735400,Oct 03 2020 - 2:30pm,complete,N/A,UD Oliveirense,Casa Pia,Frederico João Gonçalves Santos B. Martins,5,2.00,0.50,1.06,1.18,0,1,1,0,0,0,"","77",7,7,4,0,3,0,1,3,1,2,11,8,4,2,7,6,0,3,58,42,1.40,1.06,1.12,0.81,3.50,100,100,100,50,0,25,75,100,100,7.00,7.00,1.57,4.10,5.20,1.24,1.77,2.95,5.55,1.80,1.91,Estádio Carlos Osório (Oliveira de Azeméis)
1601806500,Oct 04 2020 - 10:15am,complete,N/A,Benfica II,GD Estoril Praia,João Carlos Casegas Marques Almeida,5,1.50,1.50,1.82,2.00,0,1,1,0,0,0,"","65",7,5,3,0,3,0,1,2,1,2,12,6,6,5,6,1,1,0,50,50,1.98,1.73,1.93,1.08,3.75,50,75,50,50,50,75,75,50,75,9.00,5.00,2.50,3.15,2.80,1.32,2.00,3.55,6.85,1.74,2.00,Caixa Futebol Campus (Seixal)
1601806500,Oct 04 2020 - 10:15am,complete,N/A,Varzim,Associação Académica de Coimbra OAF,João Filipe Malheiro Pinto,5,2.00,1.00,0.88,1.82,0,1,1,0,0,0,"","82",5,6,1,0,3,0,0,1,1,2,20,17,7,4,13,13,0,1,45,55,1.10,0.78,2.23,1.84,0.25,0,0,0,0,0,0,25,0,0,9.00,5.00,2.45,3.05,2.90,1.48,2.45,4.80,9.75,2.05,1.69,Estádio Varzim Sport Club (Póvoa de Varzim)
1601821800,Oct 04 2020 - 2:30pm,complete,N/A,Academico Viseu,Leixões,David Silva,5,0.00,0.50,1.12,0.88,1,1,2,0,0,0,"66","53",6,8,1,0,2,0,0,1,2,0,8,11,3,3,5,8,0,2,45,55,0.71,0.78,1.14,1.40,1.25,0,50,0,0,0,50,75,0,0,5.50,9.50,3.00,2.85,2.55,1.43,2.35,4.45,8.75,1.95,1.77,Estádio Municipal do Fontelo (Viseu)
1601827200,Oct 04 2020 - 4:00pm,complete,N/A,Porto II,Vilafranquense,José Dinis Lopes Nunes Godinho Gorjão,5,1.50,1.50,1.06,0.88,2,1,3,0,0,0,"58,69","86",5,2,4,0,5,0,0,4,2,3,18,12,9,4,9,8,2,1,50,50,1.50,1.19,2.29,1.46,4.00,100,100,100,50,50,100,100,50,75,8.50,6.00,1.59,4.05,4.95,1.25,1.80,3.05,5.70,1.83,1.87,Estádio Dr. Jorge Sampaio (Pedroso- Vila Nova de Gaia)
1601923500,Oct 05 2020 - 6:45pm,complete,N/A,FC Vizela,GD Chaves,Miguel Bertolo Nogueira,5,3.00,3.00,2.24,1.76,1,1,2,0,0,0,"61","90",5,10,2,1,3,0,1,2,1,2,13,12,6,2,7,10,-1,-1,50,50,1.45,1.44,1.61,1.59,5.00,100,100,100,50,50,75,100,75,100,5.00,5.50,3.15,3.10,2.30,1.38,2.20,4.10,8.00,1.91,1.80,Estádio da Capital do Móvel (Paços de Ferreira)
1602165600,Oct 08 2020 - 2:00pm,complete,N/A,Academico Viseu,Associação Académica de Coimbra OAF,Bruno Miguel Cândido Rebocho,1,0.50,2.00,1.12,1.82,0,0,0,0,0,0,"","",3,1,0,0,1,0,0,0,0,1,6,10,3,5,3,5,-1,-1,49,51,0.93,1.31,0.97,1.44,1.25,25,50,0,0,0,25,25,25,50,9.50,6.50,3.30,2.85,2.40,1.59,2.85,5.80,12.00,2.30,1.57,Estádio Municipal do Fontelo (Viseu)
1602788400,Oct 15 2020 - 7:00pm,complete,N/A,CD Feirense,GD Chaves,João António Ferreira Gonçalves,1,2.00,2.00,1.76,1.76,0,4,4,3,0,3,"","13,33,45'1,49",11,3,1,0,4,0,1,0,2,2,15,10,4,7,11,3,-1,-1,54,46,2.31,1.51,1.95,1.52,3.00,75,75,50,25,25,25,50,75,75,13.00,5.50,2.05,3.00,3.95,1.47,2.40,4.70,9.50,2.05,1.71,Estádio Marcolino de Castro (Santa Maria da Feira)
1602874800,Oct 16 2020 - 7:00pm,complete,N/A,Leixões,Varzim,Ricardo Baixinho,6,0.50,0.50,1.47,1.06,3,1,4,0,0,0,"55,66,90'6","52",3,5,4,0,3,0,2,2,1,2,11,11,6,4,5,7,-1,-1,54,46,2.00,0.68,1.49,1.38,2.25,50,75,50,25,0,25,75,50,75,13.50,2.50,2.10,2.90,4.00,1.49,2.50,4.95,10.00,2.10,1.67,Estádio do Mar (Matosinhos)
1602928800,Oct 17 2020 - 10:00am,complete,N/A,FC Arouca,Benfica II,Flávio Dinis Lima,6,1.00,1.50,2.00,0.76,1,0,1,0,0,0,"83","",8,4,0,0,2,1,0,0,1,2,13,5,7,3,6,2,3,0,54,46,1.25,1.60,1.92,0.95,2.75,50,75,50,25,25,75,75,25,50,13.00,4.00,1.83,3.50,4.10,1.32,2.00,3.60,6.95,1.87,1.87,Estádio Municipal de Arouca (Arouca)
1602943200,Oct 17 2020 - 2:00pm,complete,N/A,Casa Pia,Porto II,Bruno Miguel Cândido Rebocho,6,0.50,0.50,1.35,0.82,2,1,3,0,0,0,"49,58","66",9,7,3,0,3,0,0,3,0,3,8,15,5,3,3,12,23,17,43,57,0.81,1.59,1.04,1.37,3.25,50,75,50,50,25,25,75,75,75,13.50,1.50,3.05,3.25,2.25,1.28,1.91,3.25,6.25,1.69,2.05,Estádio Pina Manique (Lisboa)
1602943200,Oct 17 2020 - 2:00pm,complete,N/A,CD Mafra,FC Vizela,João Filipe Malheiro Pinto,6,3.00,0.50,1.41,1.65,2,0,2,1,1,0,"5,50","",4,6,3,0,4,0,2,1,3,1,12,11,4,6,8,5,2,2,47,53,1.66,1.75,1.62,1.81,2.75,75,75,50,25,25,50,50,50,100,21.00,3.50,2.30,3.35,2.95,1.35,2.10,3.80,7.25,1.83,1.87,Estádio Municipal de Mafra (Mafra)
1603016100,Oct 18 2020 - 10:15am,complete,N/A,Associação Académica de Coimbra OAF,FC Penafiel,David Silva,6,1.50,1.50,1.82,1.29,2,1,3,2,2,0,"24,38","55",2,6,2,0,2,0,0,2,0,2,11,18,5,6,6,12,0,1,44,56,1.21,1.17,1.38,2.08,2.00,50,50,50,0,0,25,50,25,75,6.50,6.50,2.15,2.90,3.75,1.47,2.40,4.70,9.50,2.00,1.74,Estádio EFAPEL (Coimbra)
1603029600,Oct 18 2020 - 2:00pm,complete,N/A,Academico Viseu,Cova Piedade,Cláudio Filipe Ruivo Pereira,6,0.67,1.50,1.12,1.06,0,2,2,2,0,2,"","27,43",7,8,2,0,2,0,1,1,0,2,6,14,4,6,2,8,1,0,55,45,0.94,1.05,1.26,1.76,1.92,42,59,25,25,0,42,67,42,42,7.67,4.33,2.05,3.05,3.85,1.43,2.30,4.40,8.75,2.00,1.74,Estádio Municipal do Fontelo (Viseu)
1603029600,Oct 18 2020 - 2:00pm,complete,N/A,Sporting Covilhã,Vilafranquense,Frederico João Gonçalves Santos B. Martins,6,1.50,1.00,1.29,0.88,2,2,4,2,1,1,"24,73","33,66",5,5,1,1,4,0,1,1,1,3,7,4,5,3,2,1,-1,-1,50,50,2.15,1.28,1.26,0.88,3.59,100,100,100,42,17,59,84,84,84,15.50,6.83,2.35,3.05,3.10,1.37,2.15,3.95,7.75,1.83,1.87,Estádio Municipal José Santos Pinto (Covilhã)
1603215000,Oct 20 2020 - 5:30pm,complete,N/A,GD Chaves,UD Oliveirense,Rui Miguel Gomes Lima,6,2.00,0.50,1.59,0.76,0,2,2,2,0,2,"","9,45'1",11,3,2,0,2,0,1,1,0,2,11,8,3,3,8,5,-1,-1,54,46,2.04,1.17,1.88,1.02,1.00,25,25,25,0,0,25,50,0,25,12.50,6.00,1.38,4.60,7.00,1.32,2.00,3.60,6.95,2.25,1.59,Estádio Municipal Eng. Manuel Branco Teixeira (Chaves)
1603222200,Oct 20 2020 - 7:30pm,complete,N/A,GD Estoril Praia,CD Feirense,N/A,6,3.00,3.00,2.12,1.65,3,3,6,3,2,1,"20,45'4,59","24,56,90'4",4,5,4,1,5,1,4,1,3,3,9,10,5,5,4,5,1,1,53,47,1.25,1.74,1.39,1.61,1.75,0,25,25,25,0,25,100,25,25,7.00,6.00,2.55,2.80,2.70,1.50,2.40,5.05,10.25,2.10,1.67,Estádio António Coimbra da Mota (Estoril)
1603474200,Oct 23 2020 - 5:30pm,complete,N/A,FC Penafiel,FC Arouca,N/A,7,2.00,1.33,1.41,1.82,2,2,4,2,1,1,"12,90'1","3,70",2,6,4,0,4,0,2,2,0,4,13,11,4,6,9,5,1,0,52,48,1.41,1.45,1.52,1.50,1.84,34,50,34,17,0,17,67,17,50,15.34,6.66,3.05,2.85,2.50,1.59,2.85,5.80,12.00,2.30,1.57,Estádio Municipal 25 de Abril (Penafiel)
1603533600,Oct 24 2020 - 10:00am,complete,N/A,FC Vizela,Associação Académica de Coimbra OAF,João Bento,7,2.33,1.67,2.24,1.82,1,3,4,1,1,0,"16","71,84,90'3",4,5,4,2,1,0,2,4,0,1,9,14,2,6,7,8,-1,-1,45,55,1.50,1.35,1.11,1.82,1.50,50,50,34,0,0,17,34,34,67,8.33,4.33,2.50,2.95,3.00,1.49,2.50,4.85,9.75,2.05,1.69,Estádio Do Vizela (Caldas de Vizela)
1603548000,Oct 24 2020 - 2:00pm,complete,N/A,Cova Piedade,Leixões,Iancu Ioan Vasilica,7,0.33,0.67,1.12,0.88,2,0,2,1,1,0,"31,81","",3,5,3,0,4,0,0,3,1,3,8,12,5,3,3,9,1,2,45,55,1.04,0.99,1.34,1.52,1.50,17,50,17,17,0,0,50,33,50,6.67,5.33,2.85,3.10,2.45,1.43,2.35,4.45,8.75,2.00,1.74,Estádio Municipal José Martins Vieira (Almada)
1603548000,Oct 24 2020 - 2:00pm,complete,N/A,Porto II,GD Chaves,Marcos Roberto Viegas Brazão,7,2.00,2.33,1.06,1.76,1,2,3,2,1,1,"45","45'3,56",3,2,7,1,3,0,3,5,1,2,9,9,5,4,4,5,1,0,50,50,1.76,1.52,1.08,1.09,4.00,84,100,84,50,33,67,67,67,100,9.67,6.34,2.85,3.30,2.35,1.29,1.91,3.35,6.45,1.74,2.00,Estádio Dr. Jorge Sampaio (Pedroso- Vila Nova de Gaia)
1603548000,Oct 24 2020 - 2:00pm,complete,N/A,Vilafranquense,Casa Pia,David Silva,7,0.50,1.33,0.94,1.18,2,2,4,1,1,0,"13,86","68,90'4",4,4,4,0,3,0,2,2,1,2,14,9,5,4,9,5,2,3,53,47,1.28,0.98,1.60,1.34,2.34,34,59,59,42,0,42,59,59,75,7.67,6.83,1.87,3.35,4.05,1.30,1.91,3.40,6.60,1.80,1.95,Estádio Municipal de Rio Maior (Rio Maior)
1603555200,Oct 24 2020 - 4:00pm,complete,N/A,Benfica II,Academico Viseu,Carlos André Fernandes Macedo,7,1.00,0.50,1.82,1.00,0,1,1,1,0,1,"","26",5,2,7,0,5,0,2,5,3,2,8,6,3,2,5,4,-1,-1,50,50,1.97,0.78,1.36,0.99,2.92,59,59,34,34,34,59,59,34,75,9.33,3.67,1.87,3.30,4.25,1.28,1.87,3.25,6.15,1.71,2.05,Caixa Futebol Campus (Seixal)
1603624500,Oct 25 2020 - 11:15am,complete,N/A,Varzim,GD Estoril Praia,João Pedro Silva Pinheiro,7,1.33,2.00,0.88,2.00,0,2,2,2,0,2,"","25,36",3,1,4,0,3,0,1,3,0,3,11,9,4,5,7,4,-1,-1,50,50,1.48,1.52,1.59,1.41,1.00,0,17,0,0,0,17,33,0,50,9.00,5.34,3.10,3.10,2.35,1.45,2.40,4.60,9.25,2.00,1.71,Estádio Varzim Sport Club (Póvoa de Varzim)
1603638000,Oct 25 2020 - 3:00pm,complete,N/A,UD Oliveirense,Sporting Covilhã,João Carlos Casegas Marques Almeida,7,1.33,0.33,1.06,0.88,1,2,3,2,1,1,"12","19,65",5,6,1,0,3,0,0,1,0,3,13,11,3,6,10,5,1,0,58,42,1.31,0.75,1.58,1.58,2.00,50,50,50,17,0,0,33,50,84,10.34,4.34,2.00,3.35,3.60,1.35,2.10,3.80,7.50,1.87,1.83,Estádio Carlos Osório (Oliveira de Azeméis)
1603737000,Oct 26 2020 - 6:30pm,complete,N/A,CD Feirense,CD Mafra,Bruno Miguel Cândido Rebocho,7,1.33,2.00,1.76,0.76,3,1,4,2,2,0,"8,29,74","55",6,8,4,0,3,1,1,3,2,2,13,14,7,5,6,9,0,1,33,67,2.19,1.70,1.72,1.89,2.83,33,84,67,50,0,17,84,50,84,11.67,3.67,1.95,3.30,3.95,1.48,2.45,4.80,9.75,2.15,1.65,Estádio Marcolino de Castro (Santa Maria da Feira)
1604142000,Oct 31 2020 - 11:00am,complete,N/A,Sporting Covilhã,Porto II,Miguel Bertolo Nogueira,8,1.33,0.33,1.29,0.82,4,0,4,3,3,0,"25,42,45'1,90'3","",10,5,4,0,2,1,1,3,1,2,13,8,6,2,7,6,17,9,51,49,1.85,1.52,1.82,1.04,3.17,84,84,84,50,0,34,84,84,84,19.33,4.00,2.45,3.30,2.80,1.31,2.00,3.50,6.75,1.77,2.00,Estádio Municipal José Santos Pinto (Covilhã)
1604156400,Oct 31 2020 - 3:00pm,complete,N/A,Associação Académica de Coimbra OAF,UD Oliveirense,Ricardo Baixinho,8,2.00,1.33,1.82,0.76,3,0,3,2,2,0,"17,43,88","",8,2,3,0,3,1,2,1,3,1,11,6,4,2,7,4,25,11,46,54,1.26,1.12,1.50,0.80,1.67,33,50,33,0,0,50,67,0,50,6.67,6.00,1.87,3.40,4.25,1.38,2.20,4.05,8.00,2.00,1.77,Estádio EFAPEL (Coimbra)
1604165400,Oct 31 2020 - 5:30pm,complete,N/A,GD Chaves,Vilafranquense,Cláudio Filipe Ruivo Pereira,8,1.33,1.00,1.59,0.88,0,0,0,0,0,0,"","",12,3,1,0,1,0,1,0,0,1,17,13,2,4,15,9,9,14,52,48,1.99,1.18,1.90,1.44,2.38,50,67,50,25,13,54,71,38,38,12.50,6.92,1.54,3.90,6.00,1.28,1.91,3.25,6.25,1.91,1.87,Estádio Municipal Eng. Manuel Branco Teixeira (Chaves)
1604229300,Nov 01 2020 - 11:15am,complete,N/A,Leixões,Benfica II,Bruno Miguel Cândido Rebocho,8,1.33,1.00,1.47,0.76,3,2,5,3,1,2,"12,58,90'2","23,45",12,7,4,0,2,1,2,2,1,2,13,12,10,6,3,6,21,17,52,48,1.83,1.38,2.12,1.75,3.33,50,84,67,50,17,50,67,50,100,12.33,4.34,2.00,3.35,3.75,1.31,2.00,3.50,6.75,1.80,1.95,Estádio do Mar (Matosinhos)
1604239200,Nov 01 2020 - 2:00pm,complete,N/A,Casa Pia,FC Penafiel,João Filipe Malheiro Pinto,8,1.33,1.00,1.35,1.29,3,3,6,4,1,3,"39,90'1,90'5","5,19,30",9,9,4,0,3,0,3,1,2,1,18,11,7,8,11,3,15,25,60,40,0.89,1.47,2.34,1.70,3.34,84,100,84,17,17,50,50,67,100,9.33,3.66,2.90,3.10,2.45,1.31,2.00,3.50,6.75,1.74,2.00,Estádio Pina Manique (Lisboa)
1604242800,Nov 01 2020 - 3:00pm,complete,N/A,Academico Viseu,CD Feirense,Flávio Dinis Lima,8,0.50,2.33,1.12,1.65,0,1,1,1,0,1,"","24",6,1,2,0,4,0,1,1,1,3,5,9,0,5,5,4,13,25,58,42,1.02,1.70,0.96,1.30,2.59,29,71,34,34,17,59,75,46,46,8.50,6.25,4.85,3.25,1.80,1.42,2.30,4.35,8.75,2.05,1.71,Estádio Municipal do Fontelo (Viseu)
1604242800,Nov 01 2020 - 3:00pm,complete,N/A,FC Arouca,FC Vizela,João Carlos Casegas Marques Almeida,8,1.67,0.33,2.00,1.65,2,1,3,0,0,0,"82,90'2","46",4,4,5,0,3,0,0,5,0,3,19,7,4,4,15,3,11,20,52,48,1.47,1.77,1.99,1.21,2.00,50,67,17,17,17,33,50,34,67,17.66,4.00,2.05,3.15,3.85,1.47,2.45,4.70,9.50,2.10,1.69,Estádio Municipal de Arouca (Arouca)
1604251800,Nov 01 2020 - 5:30pm,complete,N/A,CD Mafra,Varzim,João Bento,8,3.00,0.33,1.41,1.06,3,1,4,2,1,1,"42,66,83","15",2,3,3,0,5,1,2,1,1,5,10,6,4,3,6,3,15,21,58,42,1.65,0.91,1.15,0.76,2.17,50,67,50,17,0,17,50,34,84,11.67,4.00,1.83,3.30,4.50,1.35,2.10,3.80,7.50,1.91,1.83,Estádio Municipal de Mafra (Mafra)
1604687400,Nov 06 2020 - 6:30pm,complete,N/A,CD Feirense,FC Arouca,Miguel Bertolo Nogueira,9,1.75,1.25,1.76,1.82,0,1,1,0,0,0,"","73",4,6,4,0,6,0,2,2,3,3,11,11,4,5,7,6,17,19,43,57,2.07,1.46,1.62,1.56,2.25,38,63,50,38,0,38,75,38,63,15.25,5.75,1.90,3.40,3.55,1.34,2.10,4.35,8.75,2.05,1.71,Estádio Marcolino de Castro (Santa Maria da Feira)
1604761200,Nov 07 2020 - 3:00pm,complete,N/A,Casa Pia,Sporting Covilhã,José Dinis Lopes Nunes Godinho Gorjão,9,1.25,1.00,1.35,0.88,0,1,1,0,0,0,"","71",6,7,2,0,4,0,0,2,1,3,9,11,2,5,7,6,15,16,48,52,1.25,0.96,1.31,1.56,3.00,63,75,63,25,25,38,50,63,88,11.00,4.00,2.85,3.05,2.55,1.35,2.10,3.80,7.50,1.83,1.91,Estádio Pina Manique (Lisboa)
1604761200,Nov 07 2020 - 3:00pm,complete,N/A,Porto II,CD Mafra,Bruno Miguel Cândido Rebocho,9,1.50,1.50,1.06,0.76,1,2,3,2,1,1,"33","24,62",9,11,2,0,4,0,0,2,2,2,20,8,10,5,10,3,13,23,50,50,1.59,1.75,2.59,1.35,3.50,75,100,88,50,13,50,88,63,100,8.75,7.00,3.25,3.50,2.10,1.24,1.77,2.95,5.50,1.65,2.15,Estádio Dr. Jorge Sampaio (Pedroso- Vila Nova de Gaia)
1604761200,Nov 07 2020 - 3:00pm,complete,N/A,Varzim,Academico Viseu,Ricardo Baixinho,9,1.00,1.33,0.88,1.00,1,1,2,2,1,1,"3","44",6,4,2,0,3,0,1,1,2,1,8,15,4,8,4,7,18,14,47,53,1.51,0.85,1.32,2.06,1.17,17,29,0,0,0,29,59,0,29,7.33,5.25,3.75,3.10,2.10,1.43,2.35,4.45,9.00,2.05,1.74,Estádio Varzim Sport Club (Póvoa de Varzim)
1604770200,Nov 07 2020 - 5:30pm,complete,N/A,FC Vizela,Leixões,João António Ferreira Gonçalves,9,1.75,0.50,2.24,0.88,2,1,3,1,1,0,"42,77","90'6",7,6,2,0,1,0,2,0,0,1,15,11,5,2,10,9,16,13,45,55,1.40,1.12,1.89,1.33,2.13,63,75,38,13,0,13,63,50,75,9.25,6.50,2.50,3.15,2.85,1.36,2.15,4.00,9.00,1.93,1.85,Estádio Do Vizela (Caldas de Vizela)
1604834100,Nov 08 2020 - 11:15am,complete,N/A,UD Oliveirense,GD Estoril Praia,Marcos Roberto Viegas Brazão,9,1.00,2.25,1.06,2.00,0,1,1,1,0,1,"","16",3,3,5,0,3,0,3,2,1,2,10,3,3,0,7,3,24,12,59,41,1.38,1.49,1.38,0.54,2.13,38,63,38,13,0,38,50,25,75,9.25,5.75,3.65,3.55,1.95,1.29,1.95,3.40,6.50,1.80,1.95,Estádio Carlos Osório (Oliveira de Azeméis)
1604847600,Nov 08 2020 - 3:00pm,complete,N/A,Vilafranquense,Associação Académica de Coimbra OAF,Carlos André Fernandes Macedo,9,0.67,2.00,0.94,1.82,0,0,0,0,0,0,"","",3,8,1,0,2,0,0,1,1,1,11,7,3,0,8,7,14,29,48,52,1.38,1.47,1.30,0.94,1.96,29,46,46,46,0,17,46,46,59,8.25,5.00,3.15,3.15,2.30,1.39,2.25,4.15,8.25,1.95,1.80,Estádio Municipal de Rio Maior (Rio Maior)
1604951100,Nov 09 2020 - 7:45pm,complete,N/A,FC Penafiel,GD Chaves,David Silva,9,1.75,2.50,1.41,1.76,1,0,1,0,0,0,"89","",8,7,3,0,6,0,1,2,3,3,7,14,2,5,5,9,19,18,43,57,1.44,1.41,1.03,1.75,3.50,75,88,75,50,13,63,75,50,88,10.25,7.00,3.36,3.26,2.12,1.40,2.15,4.25,8.50,1.95,1.80,Estádio Municipal 25 de Abril (Penafiel)
1605351600,Nov 14 2020 - 11:00am,complete,N/A,GD Estoril Praia,Cova Piedade,David Silva,8,2.33,2.00,2.12,1.06,5,1,6,2,2,0,"8,34,55,61,90'2","88",2,3,1,0,2,0,1,0,1,1,10,8,9,4,1,4,22,20,56,44,1.29,1.29,0.00,0.00,2.50,33,50,33,33,17,50,100,33,33,9.00,6.00,1.41,4.40,7.00,1.24,1.77,2.90,5.50,1.91,1.83,Estádio António Coimbra da Mota (Estoril)
1606327200,Nov 25 2020 - 6:00pm,complete,N/A,Cova Piedade,Benfica II,Rui Miguel Gomes Lima,9,1.00,0.75,1.12,0.76,2,3,5,3,0,3,"48,88","13,17,32",1,5,3,0,3,0,1,2,0,3,7,11,5,6,2,5,17,22,44,56,1.12,1.47,1.23,1.61,2.88,25,75,50,38,25,38,75,38,88,7.75,5.50,3.00,3.55,2.20,1.29,1.95,3.35,6.50,1.74,2.00,Estádio Municipal José Martins Vieira (Almada)
1606561200,Nov 28 2020 - 11:00am,complete,N/A,Academico Viseu,FC Penafiel,Miguel Bertolo Nogueira,10,0.40,1.00,1.12,1.29,0,0,0,0,0,0,"","",5,1,3,0,2,0,1,2,0,2,10,8,4,3,6,5,13,21,44,56,1.01,1.53,1.21,1.05,2.58,60,80,50,13,13,58,68,35,60,10.30,4.70,2.50,2.95,3.00,1.48,2.45,4.80,9.75,2.05,1.71,Estádio Municipal do Fontelo (Viseu)
1606575600,Nov 28 2020 - 3:00pm,complete,N/A,Cova Piedade,CD Feirense,Iancu Ioan Vasilica,10,0.80,2.50,1.12,1.65,0,0,0,0,0,0,"","",6,4,4,1,2,0,2,3,1,1,5,7,3,3,2,4,15,11,44,56,1.14,1.60,0.00,0.00,2.80,23,65,45,45,23,35,90,45,65,5.05,6.60,5.50,3.90,1.59,1.38,2.20,4.05,8.00,2.15,1.67,Estádio Municipal José Martins Vieira (Almada)
1606648500,Nov 29 2020 - 11:15am,complete,N/A,Associação Académica de Coimbra OAF,Sporting Covilhã,João António Ferreira Gonçalves,10,2.25,1.40,1.82,0.88,2,1,3,2,2,0,"14,41","90'4",3,9,1,0,1,0,0,1,1,0,8,9,3,2,5,7,19,12,42,58,1.32,1.08,1.01,1.26,1.80,33,45,45,0,0,35,58,10,78,9.40,5.65,1.87,3.40,4.10,1.39,2.25,4.15,8.25,2.00,1.74,Estádio EFAPEL (Coimbra)
1606658400,Nov 29 2020 - 2:00pm,complete,N/A,GD Estoril Praia,FC Vizela,N/A,10,2.50,0.25,2.12,1.65,2,2,4,1,1,0,"19,52","56,90'6",6,8,2,2,1,0,1,3,0,1,8,24,6,15,2,9,16,15,56,44,1.29,1.63,1.17,2.98,3.25,63,75,50,38,38,38,75,63,75,12.00,6.25,1.74,3.50,4.75,1.36,2.15,3.90,7.50,2.00,1.80,Estádio António Coimbra da Mota (Estoril)
1606662000,Nov 29 2020 - 3:00pm,complete,N/A,FC Arouca,Porto II,João Filipe Malheiro Pinto,10,2.00,0.25,2.00,0.82,2,3,5,4,1,3,"25,85","4,21,31",7,4,2,0,4,0,1,1,1,3,13,8,4,6,9,2,15,10,61,39,1.60,1.40,1.64,1.17,2.25,50,63,50,25,0,25,50,38,63,14.75,4.00,1.56,4.45,4.80,1.28,1.91,3.30,6.25,2.00,1.77,Estádio Municipal de Arouca (Arouca)
1606752000,Nov 30 2020 - 4:00pm,complete,N/A,Benfica II,Varzim,Marcos Roberto Viegas Brazão,10,0.75,0.25,1.82,1.06,1,0,1,0,0,0,"47","",6,3,2,0,2,0,0,2,0,2,11,5,4,3,7,2,23,23,56,44,1.81,0.87,1.49,0.99,3.13,63,63,63,50,25,38,63,63,75,9.50,6.50,2.00,3.30,3.85,1.28,1.91,3.30,6.25,1.71,2.05,Caixa Futebol Campus (Seixal)
1606769100,Nov 30 2020 - 8:45pm,complete,N/A,CD Mafra,Vilafranquense,N/A,10,3.00,1.00,1.41,0.88,0,1,1,1,0,1,"","5",9,0,5,0,7,0,2,3,3,4,17,6,0,3,17,3,17,26,57,43,1.52,1.23,1.99,0.82,2.75,65,78,65,33,10,55,68,43,80,9.15,5.60,1.80,3.50,4.60,1.27,1.83,3.10,6.25,1.80,1.95,Estádio Municipal de Mafra (Mafra)
1606842000,Dec 01 2020 - 5:00pm,complete,N/A,GD Chaves,Casa Pia,Hugo Serafim Coelho Magalhães Silva,10,1.25,1.25,1.59,1.18,1,2,3,1,0,1,"62","17,54",5,6,2,0,5,0,1,1,1,4,17,8,7,5,10,3,15,20,55,45,1.96,1.07,2.22,1.26,1.88,38,50,38,25,0,25,63,38,50,13.50,6.25,1.41,4.35,7.25,1.25,1.83,3.05,5.75,1.95,1.80,Estádio Municipal Eng. Manuel Branco Teixeira (Chaves)
1607113800,Dec 04 2020 - 8:30pm,complete,N/A,FC Penafiel,Leixões,Nuno Miguel Serrano Almeida,11,2.00,0.40,1.41,0.88,1,0,1,1,1,0,"3","",4,3,3,0,5,0,1,2,2,3,11,11,6,4,5,7,23,17,43,57,1.35,1.16,1.49,1.44,2.10,50,60,40,20,0,20,60,40,70,11.80,6.20,2.60,3.05,2.80,1.38,2.20,4.10,8.25,1.91,1.87,Estádio Municipal 25 de Abril (Penafiel)
1607166000,Dec 05 2020 - 11:00am,complete,N/A,CD Feirense,Benfica II,Hugo Serafim Coelho Magalhães Silva,11,1.40,1.20,1.76,0.76,2,0,2,2,2,0,"23,35","",3,8,4,0,2,0,3,1,1,1,8,9,5,3,3,6,16,18,46,54,1.98,1.50,1.27,1.33,3.20,50,70,70,50,30,60,70,50,90,12.80,5.60,1.74,3.60,4.60,1.28,1.91,3.30,6.25,1.80,1.95,Estádio Marcolino de Castro (Santa Maria da Feira)
1607180400,Dec 05 2020 - 3:00pm,complete,N/A,UD Oliveirense,FC Arouca,André Filipe Domingues Narciso,11,0.80,1.60,1.06,1.82,1,2,3,1,0,1,"71","25,76",7,3,5,0,1,0,3,2,1,0,10,8,3,6,7,2,22,19,56,44,1.38,1.48,1.41,1.40,2.00,40,50,40,20,0,20,60,30,70,12.00,6.80,4.15,3.75,1.77,1.38,2.20,4.10,8.25,2.10,1.69,Estádio Carlos Osório (Oliveira de Azeméis)
1607187600,Dec 05 2020 - 5:00pm,complete,N/A,FC Vizela,Academico Viseu,Gustavo Fernandes Correia,11,2.00,1.25,2.24,1.00,1,0,1,0,0,0,"62","",1,4,3,0,4,1,0,3,0,5,10,8,4,0,6,8,17,17,56,44,1.50,1.15,1.25,0.94,2.25,75,75,40,10,0,35,78,40,63,8.30,6.00,1.77,3.50,4.65,1.38,2.20,4.10,8.25,2.05,1.74,Estádio Do Vizela (Caldas de Vizela)
1607253300,Dec 06 2020 - 11:15am,complete,N/A,Vilafranquense,GD Estoril Praia,David Silva,11,0.75,2.40,0.94,2.00,0,1,1,0,0,0,"","50",5,3,3,0,3,0,2,1,2,1,9,11,2,4,7,7,23,20,40,60,1.36,1.30,1.18,1.51,1.70,13,45,25,25,0,33,55,25,45,7.35,5.90,3.90,3.15,2.00,1.38,2.20,4.05,8.00,1.91,1.83,Estádio Municipal de Rio Maior (Rio Maior)
1607266800,Dec 06 2020 - 3:00pm,complete,0,Porto II,Associação Académica de Coimbra OAF,Iancu Ioan Vasilica,11,1.20,1.80,1.06,1.82,1,2,3,2,0,2,"55","16,31",2,5,3,0,3,0,1,2,1,2,12,10,8,6,4,4,14,23,58,42,1.79,1.37,1.90,1.51,2.20,60,60,60,20,10,40,50,30,70,10.40,5.80,2.80,3.05,2.60,1.35,2.10,3.80,7.50,1.83,1.95,Estádio Dr. Jorge Sampaio (Pedroso- Vila Nova de Gaia)
1607274000,Dec 06 2020 - 5:00pm,complete,N/A,Varzim,Cova Piedade,João Carlos Casegas Marques Almeida,11,1.00,1.50,0.88,1.06,1,3,4,2,0,2,"51","20,33,76",7,1,4,1,4,0,1,4,0,4,15,16,8,9,7,7,21,16,62,38,1.47,1.29,2.07,1.96,2.23,35,58,25,25,13,58,80,25,35,9.15,4.20,2.25,3.25,3.15,1.36,2.15,3.90,7.75,1.87,1.87,Estádio Varzim Sport Club (Póvoa de Varzim)
1607365800,Dec 07 2020 - 6:30pm,complete,N/A,Sporting Covilhã,GD Chaves,Artur Manuel Ribeiro Soares Dias,11,1.75,2.00,1.29,1.76,1,2,3,1,0,1,"64","37,79",5,4,7,0,5,0,2,5,0,5,8,9,3,4,5,5,20,20,56,44,1.84,1.48,1.29,1.28,3.58,68,90,80,58,10,68,80,58,100,14.60,6.75,3.05,2.95,2.33,1.33,2.02,5.25,10.50,2.15,1.65,Estádio Municipal José Santos Pinto (Covilhã)
1607459400,Dec 08 2020 - 8:30pm,complete,N/A,Casa Pia,CD Mafra,Manuel Antonio Rodrigues Oliveira,11,1.00,1.80,1.35,0.76,2,0,2,2,2,0,"25,42","",4,3,3,0,2,0,2,1,0,2,8,10,5,5,3,5,16,24,46,54,1.26,1.67,1.31,1.46,3.50,60,90,70,50,20,40,70,70,100,11.60,5.00,3.15,3.40,2.20,1.26,1.87,3.15,6.00,1.69,2.10,Estádio Pina Manique (Lisboa)
1608375600,Dec 19 2020 - 11:00am,complete,N/A,Cova Piedade,FC Penafiel,João Bento,12,0.83,1.00,1.12,1.29,2,3,5,1,0,1,"55,89","31,76,85",2,11,4,0,1,0,0,4,0,1,7,15,4,8,3,7,17,18,52,48,1.14,1.43,1.21,2.09,2.59,49,74,57,27,19,39,64,37,74,7.10,5.40,2.85,3.30,2.45,1.41,2.30,4.40,9.00,2.00,1.77,Estádio Municipal José Martins Vieira (Almada)
1608390000,Dec 19 2020 - 3:00pm,complete,0,Academico Viseu,GD Chaves,N/A,12,0.50,2.17,1.12,1.76,2,1,3,1,0,1,"85,88","43",6,9,2,0,3,0,2,0,0,3,17,9,8,5,9,4,10,14,45,55,1.04,1.44,2.17,1.49,2.25,42,67,34,17,9,42,59,34,59,9.33,6.50,3.75,3.05,2.10,1.45,2.45,4.75,9.75,2.05,1.74,Estádio Municipal do Fontelo (Viseu)
1608404400,Dec 19 2020 - 7:00pm,complete,N/A,Varzim,CD Feirense,Artur Manuel Ribeiro Soares Dias,12,0.83,2.20,0.88,1.65,0,2,2,1,0,1,"","20,70",4,4,2,0,4,0,0,2,1,3,8,11,2,3,6,8,13,20,55,45,1.57,1.60,1.13,1.25,2.04,27,45,29,29,10,45,74,29,37,8.23,6.27,4.60,3.10,1.87,1.49,2.55,4.90,10.25,2.20,1.62,Estádio Varzim Sport Club (Póvoa de Varzim)
1608462900,Dec 20 2020 - 11:15am,complete,N/A,CD Mafra,UD Oliveirense,Iancu Ioan Vasilica,12,2.40,1.00,1.41,0.76,2,2,4,0,0,0,"74,78","58,66",4,9,2,0,4,0,0,2,2,2,10,6,7,3,3,3,19,14,60,40,1.62,1.04,1.87,1.08,2.10,33,68,45,10,0,58,78,10,65,9.90,5.60,1.74,3.35,5.00,1.29,2.00,3.45,6.75,1.80,1.95,Estádio Municipal de Mafra (Mafra)
1608472800,Dec 20 2020 - 2:00pm,complete,N/A,Associação Académica de Coimbra OAF,Casa Pia,Rui Miguel Gomes Lima,12,2.40,1.60,1.82,1.18,1,1,2,0,0,0,"71","59",3,5,4,2,2,0,3,3,1,1,6,12,3,4,3,8,20,14,41,59,1.26,1.11,0.90,1.57,2.60,60,70,70,20,0,40,80,40,90,8.00,7.00,1.77,3.40,4.80,1.36,2.10,3.80,7.75,2.00,1.80,Estádio EFAPEL (Coimbra)
1608476400,Dec 20 2020 - 3:00pm,complete,N/A,Benfica II,FC Vizela,Cláudio Filipe Ruivo Pereira,12,1.20,0.40,1.82,1.65,1,1,2,2,1,1,"12","45'3",5,5,0,0,2,0,0,0,0,2,12,13,3,5,9,8,9,17,49,51,1.75,1.90,1.43,1.81,3.10,60,70,50,40,30,30,60,60,90,14.00,5.40,2.85,3.40,2.35,1.25,1.80,2.95,5.75,1.61,2.25,Caixa Futebol Campus (Seixal)
1608480000,Dec 20 2020 - 4:00pm,complete,N/A,FC Arouca,Sporting Covilhã,Luis Miguel Branco Godinho,12,1.60,1.17,2.00,0.88,1,0,1,0,0,0,"57","",6,0,1,0,1,0,1,0,1,0,13,4,3,0,10,4,17,20,59,41,1.61,1.11,1.65,0.55,2.02,55,55,45,10,10,37,45,19,72,12.60,4.17,1.71,3.40,5.50,1.42,2.30,4.25,8.50,2.10,1.69,Estádio Municipal de Arouca (Arouca)
1608570000,Dec 21 2020 - 5:00pm,complete,N/A,GD Estoril Praia,Porto II,Carlos André Fernandes Macedo,12,2.20,0.80,2.12,0.82,1,1,2,1,0,1,"90'10","39",9,2,1,0,3,1,0,1,0,4,17,8,8,4,9,4,16,16,58,42,1.26,1.35,2.24,1.25,3.50,60,70,70,60,30,40,90,50,70,11.20,6.20,1.49,4.15,6.25,1.27,1.87,3.30,6.50,2.00,1.77,Estádio António Coimbra da Mota (Estoril)
1609067700,Dec 27 2020 - 11:15am,complete,N/A,GD Chaves,Associação Académica de Coimbra OAF,Manuel Antonio Rodrigues Oliveira,13,1.00,2.00,1.59,1.82,2,1,3,1,1,0,"26,48","82",4,1,5,0,2,0,2,3,1,1,12,12,6,6,6,6,24,15,46,54,2.01,1.39,1.67,1.65,1.27,27,37,27,9,0,19,47,19,35,13.80,4.37,1.87,3.30,4.30,1.50,2.60,5.00,10.50,2.30,1.57,Estádio Municipal Eng. Manuel Branco Teixeira (Chaves)
1609077600,Dec 27 2020 - 2:00pm,complete,N/A,FC Penafiel,Benfica II,João António Ferreira Gonçalves,13,2.17,1.00,1.41,0.76,2,0,2,1,1,0,"19,50","",4,8,3,0,1,0,1,2,1,0,10,11,4,6,6,5,17,16,41,59,1.38,1.47,1.33,1.70,3.00,50,67,59,42,25,58,75,42,75,12.17,6.16,2.10,3.40,3.40,1.26,1.83,3.05,6.00,1.67,2.15,Estádio Municipal 25 de Abril (Penafiel)
1609167600,Dec 28 2020 - 3:00pm,complete,N/A,Vilafranquense,FC Arouca,José Dinis Lopes Nunes Godinho Gorjão,13,0.60,1.83,0.94,1.82,2,0,2,1,1,0,"7,90'7","",0,3,4,0,1,0,2,2,0,1,4,11,3,3,1,8,22,22,34,66,1.33,1.47,0.76,1.70,1.82,27,45,37,29,0,19,54,37,64,10.33,6.10,3.35,3.05,2.25,1.39,2.25,4.20,8.25,1.91,1.87,Estádio Municipal de Rio Maior (Rio Maior)
1609254000,Dec 29 2020 - 3:00pm,complete,N/A,UD Oliveirense,Cova Piedade,Marcos Roberto Viegas Brazão,13,0.67,1.80,1.06,1.06,0,0,0,0,0,0,"","",3,7,2,0,2,0,1,1,1,1,12,9,2,0,10,9,20,19,52,48,1.38,1.46,1.41,1.12,2.95,64,74,64,39,10,49,84,55,72,9.33,5.57,2.40,3.15,3.00,1.35,2.10,3.90,7.75,1.80,1.95,Estádio Carlos Osório (Oliveira de Azeméis)
1609261200,Dec 29 2020 - 5:00pm,complete,N/A,FC Vizela,Varzim,Bruno Miguel Cândido Rebocho,13,2.17,0.20,2.24,1.06,1,0,1,1,1,0,"16","",8,5,2,0,3,1,0,2,2,2,13,8,6,0,7,8,35,15,52,48,1.46,0.90,1.73,1.01,2.54,72,72,64,29,0,19,54,64,90,8.17,6.20,1.54,4.10,5.75,1.36,2.05,3.75,7.25,2.20,1.65,Estádio Do Vizela (Caldas de Vizela)
1609340400,Dec 30 2020 - 3:00pm,complete,N/A,Porto II,Academico Viseu,N/A,13,1.00,1.00,1.06,1.00,2,3,5,1,0,1,"60,71","13,47,72",13,1,1,0,5,0,0,1,3,2,20,5,10,4,10,1,6,25,67,33,1.81,1.11,2.77,0.83,2.37,70,70,50,9,9,62,72,17,70,8.43,7.27,2.45,3.20,2.90,1.37,2.20,4.05,7.75,1.87,1.87,Estádio Dr. Jorge Sampaio (Pedroso- Vila Nova de Gaia)
1609351200,Dec 30 2020 - 6:00pm,complete,N/A,Casa Pia,GD Estoril Praia,Miguel Bertolo Nogueira,13,1.33,2.50,1.35,2.00,0,2,2,0,0,0,"","53,78",5,4,0,0,2,0,0,0,0,2,11,10,3,6,8,4,18,19,53,47,1.27,1.33,1.46,1.47,2.33,25,58,25,17,17,42,50,34,67,9.17,5.50,3.75,3.20,2.05,1.45,2.45,4.75,10.00,2.10,1.69,Estádio Pina Manique (Lisboa)
1609358400,Dec 30 2020 - 8:00pm,complete,N/A,CD Feirense,Leixões,João Pedro Silva Pinheiro,13,1.67,0.33,1.76,0.88,3,1,4,2,1,1,"21,59,86","26",8,2,1,0,1,0,1,0,0,1,14,7,9,3,5,4,16,12,57,43,1.86,1.21,2.17,1.04,1.92,33,59,34,17,0,25,67,33,59,11.33,6.00,1.57,3.95,5.50,1.39,2.25,4.05,8.00,2.30,1.57,Estádio EFAPEL (Coimbra)
1609671600,Jan 03 2021 - 11:00am,complete,N/A,Benfica II,UD Oliveirense,Rui Miguel Gomes Lima,14,1.17,1.00,1.82,0.76,4,0,4,1,1,0,"15,51,75,86","",3,1,2,0,4,0,2,0,0,4,15,12,7,5,8,7,21,14,53,47,1.70,1.05,1.97,1.47,2.62,45,65,47,27,17,55,64,27,64,9.93,5.53,2.10,3.40,3.40,1.27,1.87,3.25,6.25,1.67,2.15,Caixa Futebol Campus (Seixal)
1609672500,Jan 03 2021 - 11:15am,complete,N/A,CD Mafra,GD Chaves,João Pedro Silva Pinheiro,14,2.17,1.86,1.41,1.76,1,2,3,2,1,1,"32","18,51",7,4,2,0,4,0,0,2,3,1,12,7,5,5,7,2,20,19,56,44,1.66,1.45,1.73,1.29,2.90,61,77,61,31,7,38,69,45,92,11.14,6.50,2.70,2.80,2.95,1.45,2.40,4.60,9.50,1.91,1.83,Estádio Dr. Mário da Silveira (Mafra)
1609686000,Jan 03 2021 - 3:00pm,complete,N/A,CD Feirense,FC Vizela,João Filipe Malheiro Pinto,14,1.86,0.50,1.76,1.65,1,2,3,0,0,0,"69","55,56",6,2,3,0,5,0,1,2,3,2,10,14,4,5,6,9,16,19,48,52,1.90,1.89,1.42,1.66,2.79,63,86,54,38,9,45,69,55,77,14.71,5.07,2.45,3.10,2.95,1.53,2.55,5.00,10.75,2.15,1.65,Estádio Marcolino de Castro (Santa Maria da Feira)
1609693200,Jan 03 2021 - 5:00pm,complete,N/A,Leixões,Sporting Covilhã,João Bento,14,1.75,1.00,1.47,0.88,0,0,0,0,0,0,"","",12,7,3,0,3,0,0,3,0,3,14,13,4,8,10,5,10,18,50,50,1.90,1.03,1.63,1.83,2.73,59,72,59,38,13,40,59,45,93,13.39,4.25,2.70,2.95,2.80,1.51,2.55,5.00,10.50,2.05,1.71,Estádio do Mar (Matosinhos)
1609693200,Jan 03 2021 - 5:00pm,complete,N/A,Varzim,Vilafranquense,Nuno Miguel Serrano Almeida,14,0.71,1.33,0.88,0.88,1,1,2,1,1,0,"12","61",0,3,2,0,4,0,0,2,2,2,8,16,3,6,5,10,19,20,38,62,1.51,1.16,1.11,2.01,2.19,48,62,41,24,9,47,69,32,47,7.54,6.74,2.50,3.20,2.80,1.43,2.35,4.50,9.25,2.00,1.74,Estádio Varzim Sport Club (Póvoa de Varzim)
1609768800,Jan 04 2021 - 2:00pm,complete,N/A,Cova Piedade,Porto II,Gustavo Fernandes Correia,14,0.71,0.83,1.12,0.82,1,1,2,1,0,1,"90'2","12",7,7,2,0,3,0,0,2,0,3,11,15,4,4,7,11,18,15,52,48,1.15,1.33,1.81,1.72,2.87,48,77,55,47,23,24,77,38,77,8.93,5.97,2.80,3.35,2.45,1.27,1.87,3.10,6.00,1.67,2.15,Estádio Municipal José Martins Vieira (Almada)
1609779600,Jan 04 2021 - 5:00pm,complete,N/A,GD Estoril Praia,FC Penafiel,Manuel Antonio Rodrigues Oliveira,14,2.00,1.33,2.12,1.29,3,1,4,2,2,0,"20,45'2,51","90'3",5,6,5,0,2,0,2,3,0,2,13,12,6,4,7,8,-1,-1,50,50,1.46,1.54,1.46,1.33,3.33,75,75,67,42,33,42,84,50,75,10.34,5.50,1.57,3.75,6.00,1.35,2.10,3.85,7.50,2.05,1.71,Estádio António Coimbra da Mota (Estoril)
1609858800,Jan 05 2021 - 3:00pm,complete,N/A,Academico Viseu,Casa Pia,Ricardo Baixinho,14,0.86,1.50,1.12,1.18,1,1,2,0,0,0,"90'1","83",3,10,2,0,3,1,2,0,1,3,7,15,4,6,3,9,18,13,36,64,1.20,1.18,1.11,1.96,2.13,56,70,41,17,0,23,62,56,65,9.33,6.12,2.30,3.00,3.30,1.47,2.45,4.60,9.50,2.00,1.77,Estádio Municipal do Fontelo (Viseu)
1609877700,Jan 05 2021 - 8:15pm,complete,N/A,FC Arouca,Associação Académica de Coimbra OAF,António Emanuel Carvalho Nobre,14,1.83,1.71,2.00,1.82,0,2,2,1,0,1,"","32,88",5,4,2,1,4,0,0,3,1,3,11,9,3,5,8,4,17,18,57,43,1.62,1.43,1.48,1.36,1.79,47,47,38,16,9,24,38,23,62,10.93,3.97,2.15,3.05,3.65,1.53,2.65,5.25,10.25,2.15,1.65,Estádio Municipal de Arouca (Arouca)
1609956000,Jan 06 2021 - 6:00pm,complete,N/A,Leixões,UD Oliveirense,N/A,10,1.60,0.83,1.47,0.76,1,1,2,1,1,0,"7","76",4,4,2,0,2,0,1,1,1,1,12,8,2,2,10,6,14,22,54,46,1.85,1.12,1.30,1.03,2.84,47,82,64,47,10,45,64,47,74,13.00,5.73,2.05,3.10,3.85,1.37,2.20,4.05,8.00,1.91,1.83,Estádio do Mar (Matosinhos)
1610193600,Jan 09 2021 - 12:00pm,complete,0,GD Chaves,GD Estoril Praia,Gustavo Fernandes Correia,15,1.33,2.57,1.59,2.00,0,2,2,0,0,0,"","67,84",4,6,2,0,1,0,1,1,0,1,10,11,4,5,6,6,16,15,43,57,1.96,1.35,1.37,1.44,1.47,17,47,17,0,0,23,55,24,45,11.57,5.81,2.50,2.95,3.05,1.61,2.60,4.45,8.00,2.20,1.62,Estádio Municipal Eng. Manuel Branco Teixeira (Chaves)
1610211600,Jan 09 2021 - 5:00pm,complete,N/A,Vilafranquense,Academico Viseu,Carlos André Fernandes Macedo,15,1.00,1.33,0.94,1.00,1,1,2,1,0,1,"88","10",3,5,2,0,1,0,0,2,0,1,8,11,4,6,4,5,19,14,66,34,1.23,1.06,1.24,1.60,1.92,34,50,25,25,9,25,59,25,59,6.50,6.66,2.10,3.20,3.50,1.48,2.30,3.90,6.75,2.10,1.67,Estádio Municipal de Rio Maior (Rio Maior)
1610277300,Jan 10 2021 - 11:15am,complete,N/A,FC Penafiel,Varzim,Fábio José Costa Veríssimo,15,2.29,0.17,1.41,1.06,1,2,3,0,0,0,"54","63,82",1,4,2,0,3,0,1,1,2,1,14,10,4,5,10,5,17,18,53,47,1.37,0.92,1.48,1.38,2.23,47,54,47,31,0,23,61,40,69,10.03,6.62,1.67,3.60,5.25,1.47,2.25,3.90,7.00,2.35,1.56,Estádio Municipal 25 de Abril (Penafiel)
1610290800,Jan 10 2021 - 3:00pm,complete,N/A,Sporting Covilhã,Benfica II,Vitor Jorge Fernandes Ferreira,15,1.40,0.86,1.29,0.76,1,1,2,0,0,0,"90'5","65",10,6,1,0,1,0,1,0,0,1,6,10,2,3,4,7,-1,-1,50,50,1.73,1.50,1.01,1.35,3.52,62,93,79,52,22,66,93,62,93,15.29,6.17,2.20,3.15,3.35,1.33,1.91,3.00,5.00,1.74,2.05,Estádio Municipal José Santos Pinto (Covilhã)
1610290800,Jan 10 2021 - 3:00pm,complete,N/A,UD Oliveirense,CD Feirense,Tiago Bruno Lopes Martins,15,0.71,2.33,1.06,1.65,1,0,1,1,1,0,"45'3","",1,5,4,0,2,0,3,1,2,0,7,16,2,7,5,9,21,16,50,50,1.39,1.53,0.88,2.15,2.24,37,54,45,24,9,24,70,38,61,8.50,6.67,5.50,3.20,1.74,1.54,2.45,4.20,7.50,2.35,1.56,Estádio Carlos Osório (Oliveira de Azeméis)
1610298000,Jan 10 2021 - 5:00pm,complete,N/A,Casa Pia,FC Arouca,João António Ferreira Gonçalves,15,1.14,1.57,1.35,1.82,1,1,2,0,0,0,"68","60",6,4,3,0,1,0,0,3,0,1,10,10,3,6,7,4,-1,-1,50,50,1.30,1.50,1.17,1.35,2.50,36,72,36,22,15,29,57,50,79,11.43,5.00,2.70,3.20,2.60,1.47,2.25,3.80,6.75,2.05,1.71,Estádio Pina Manique (Lisboa)
1610298000,Jan 10 2021 - 5:00pm,complete,N/A,FC Vizela,Cova Piedade,David Silva,15,2.29,1.67,2.24,1.06,2,1,3,2,1,1,"16,68","45'3",9,6,1,0,1,0,0,1,1,0,19,9,10,2,9,7,23,13,52,48,1.50,1.39,2.48,1.14,2.63,61,69,54,32,9,41,77,54,68,9.21,5.19,1.56,3.65,6.25,1.40,2.10,3.40,6.00,2.20,1.62,Estádio Do Vizela (Caldas de Vizela)
1610377200,Jan 11 2021 - 3:00pm,complete,N/A,Porto II,Leixões,Cláudio Filipe Ruivo Pereira,15,0.86,0.29,1.06,0.88,1,2,3,2,1,1,"23","17,90",3,3,2,0,3,0,1,1,1,2,13,13,7,8,6,5,13,20,58,42,1.95,1.18,2.01,1.80,2.72,72,79,65,22,15,43,79,43,79,10.43,6.15,2.30,3.15,3.20,1.41,2.10,3.45,6.00,1.87,1.87,Estádio Dr. Jorge Sampaio (Pedroso- Vila Nova de Gaia)
1610389800,Jan 11 2021 - 6:30pm,complete,N/A,Associação Académica de Coimbra OAF,CD Mafra,Nuno Miguel Serrano Almeida,15,2.17,1.50,1.82,0.76,1,0,1,0,0,0,"64","",3,2,1,0,1,0,1,0,0,1,14,11,5,3,9,8,18,15,52,48,1.20,1.63,1.77,1.31,2.67,50,84,59,25,0,50,84,34,83,8.84,6.33,1.87,3.45,3.90,1.45,2.20,3.75,6.50,2.10,1.69,Estádio EFAPEL (Coimbra)
1610794800,Jan 16 2021 - 11:00am,complete,N/A,Leixões,GD Chaves,António Emanuel Carvalho Nobre,16,1.50,2.00,1.47,1.76,1,0,1,1,1,0,"40","",2,4,4,0,3,1,1,3,1,3,8,16,7,7,1,9,20,18,39,61,1.76,1.43,1.31,1.97,3.04,71,86,63,38,15,42,71,50,92,13.17,6.33,3.05,2.95,2.45,1.59,2.55,4.45,8.00,2.20,1.62,Estádio do Mar (Matosinhos)
1610812800,Jan 16 2021 - 4:00pm,complete,N/A,Benfica II,Associação Académica de Coimbra OAF,José Dinis Lopes Nunes Godinho Gorjão,16,1.43,1.88,1.82,1.82,2,2,4,1,1,0,"28,75","73,90'2",6,4,4,0,1,0,1,3,0,1,9,12,3,7,6,5,16,15,46,54,1.74,1.42,1.23,1.67,2.32,41,54,41,28,15,28,61,34,67,9.38,4.67,2.85,3.25,2.45,1.34,1.91,3.00,5.25,1.74,2.05,Caixa Futebol Campus (Seixal)
1610816400,Jan 16 2021 - 5:00pm,complete,N/A,FC Vizela,FC Penafiel,João Pedro Silva Pinheiro,16,2.38,1.14,2.24,1.29,3,1,4,2,1,1,"35,72,84","18",5,3,2,0,3,1,0,2,3,1,13,8,6,2,7,6,18,16,57,43,1.62,1.51,1.81,1.01,2.97,81,81,75,28,15,41,73,54,87,10.96,4.77,1.74,3.45,4.85,1.40,2.10,3.35,6.00,2.05,1.74,Estádio Do Vizela (Caldas de Vizela)
1610882100,Jan 17 2021 - 11:15am,complete,N/A,Academico Viseu,UD Oliveirense,Bruno Miguel Cândido Rebocho,16,0.88,0.86,1.12,0.76,1,2,3,2,1,1,"24","5,77",4,1,5,0,3,0,3,2,1,2,10,8,6,3,4,5,14,20,51,49,1.19,1.11,1.51,1.14,2.04,41,75,35,15,0,34,61,34,55,8.75,5.39,2.35,3.05,3.20,1.53,2.35,4.45,7.50,2.10,1.69,Estádio Municipal do Fontelo (Viseu)
1610882100,Jan 17 2021 - 11:15am,complete,N/A,CD Feirense,Porto II,N/A,16,1.63,0.86,1.76,0.82,2,0,2,0,0,0,"74,79","",3,8,5,0,2,0,1,4,0,2,14,11,9,3,5,8,22,13,53,47,1.84,1.39,1.96,1.47,2.82,61,81,60,41,7,40,75,40,81,13.20,5.49,1.59,3.65,6.00,1.36,2.08,3.75,8.00,2.15,1.67,Estádio Marcolino de Castro (Santa Maria da Feira)
1610892000,Jan 17 2021 - 2:00pm,complete,N/A,FC Arouca,CD Mafra,Manuel Antonio Rodrigues Oliveira,16,1.57,1.29,2.00,0.76,0,0,0,0,0,0,"","",5,8,1,0,3,0,1,0,2,1,10,7,6,5,4,2,17,23,55,45,1.60,1.59,1.62,1.14,2.43,43,72,43,29,7,36,65,29,79,11.00,4.57,2.00,3.30,3.75,1.44,2.15,3.60,6.50,2.05,1.71,Estádio Municipal de Arouca (Arouca)
1610902800,Jan 17 2021 - 5:00pm,complete,N/A,Varzim,Casa Pia,Marcos Roberto Viegas Brazão,16,0.75,1.43,0.88,1.18,0,1,1,1,0,1,"","30",5,2,3,0,1,0,2,1,0,1,13,9,4,3,9,6,20,20,45,55,1.46,1.30,1.50,1.12,2.23,62,75,35,21,0,26,66,50,75,9.27,6.36,2.75,3.20,2.55,1.43,2.15,3.50,6.50,1.91,1.83,Estádio Varzim Sport Club (Póvoa de Varzim)
1610992800,Jan 18 2021 - 6:00pm,complete,N/A,GD Estoril Praia,Sporting Covilhã,Tiago Bruno Lopes Martins,16,2.14,1.00,2.12,0.88,0,0,0,0,0,0,"","",6,0,2,0,3,0,0,2,1,2,20,5,5,2,15,3,14,16,72,28,1.46,1.13,2.32,0.69,2.47,55,55,48,29,15,34,69,35,73,10.09,5.70,1.25,5.50,11.00,1.49,2.20,3.80,7.00,3.35,1.29,Estádio António Coimbra da Mota (Estoril)
1611252000,Jan 21 2021 - 6:00pm,complete,N/A,Leixões,Vilafranquense,Iancu Ioan Vasilica,12,1.71,1.29,1.47,0.88,2,0,2,1,1,0,"29,72","",4,8,1,0,5,1,0,1,1,5,9,12,3,4,6,8,8,18,43,57,1.69,1.28,1.20,1.64,2.57,64,71,50,36,14,36,71,43,64,10.15,6.71,1.40,4.45,7.00,1.43,2.05,3.50,6.50,2.45,1.50,Estádio do Mar (Matosinhos)
1611338400,Jan 22 2021 - 6:00pm,complete,N/A,UD Oliveirense,Varzim,Hélder Miguel Azevedo Malheiro,17,1.00,0.57,1.06,1.06,1,1,2,1,1,0,"7","77",1,10,3,0,3,0,0,3,1,2,13,15,6,4,7,11,12,25,50,50,1.32,0.98,1.58,1.91,2.15,54,54,54,21,0,14,53,48,67,8.64,6.42,2.35,2.90,3.40,1.50,2.35,3.95,7.25,2.05,1.74,Estádio Carlos Osório (Oliveira de Azeméis)
1611346500,Jan 22 2021 - 8:15pm,complete,N/A,FC Penafiel,CD Feirense,Nuno Miguel Serrano Almeida,17,2.00,2.00,1.41,1.65,2,2,4,2,1,1,"7,90'2","16,58",5,4,1,0,2,0,0,1,0,2,9,6,5,3,4,3,12,16,51,49,1.39,1.63,1.25,0.84,2.26,32,53,40,27,7,27,75,34,59,8.96,6.56,3.75,3.00,2.15,1.54,2.40,4.40,8.25,2.10,1.69,Estádio Municipal 25 de Abril (Penafiel)
1611486900,Jan 24 2021 - 11:15am,complete,N/A,CD Mafra,GD Estoril Praia,Iancu Ioan Vasilica,17,1.86,2.63,1.41,2.00,1,1,2,0,0,0,"90'2","59",5,3,5,0,4,0,0,5,0,4,16,7,4,3,12,4,22,19,46,54,1.67,1.36,1.83,1.17,2.04,29,61,29,15,0,34,55,27,75,10.02,5.31,3.60,3.25,2.10,1.48,2.25,3.75,7.00,2.10,1.71,Estádio Dr. Mário da Silveira (Mafra)
1611496800,Jan 24 2021 - 2:00pm,complete,N/A,GD Chaves,FC Arouca,Rui Miguel Gomes Lima,17,1.14,1.50,1.59,1.82,2,1,3,1,1,0,"9,57","70",3,4,7,0,4,0,3,4,1,3,8,13,4,8,4,5,25,15,42,58,1.87,1.48,1.15,1.96,1.73,34,60,27,7,0,14,60,41,59,13.06,5.45,2.15,2.95,3.80,1.59,2.50,4.40,8.25,2.25,1.61,Estádio Municipal Eng. Manuel Branco Teixeira (Chaves)
1611586800,Jan 25 2021 - 3:00pm,complete,N/A,Porto II,Benfica II,João Filipe Malheiro Pinto,17,0.75,0.88,1.06,0.76,1,1,2,0,0,0,"90'3","90",9,3,3,1,4,0,0,4,1,3,15,5,4,2,11,3,17,22,55,45,1.95,1.49,1.85,0.85,3.38,75,94,75,32,32,69,82,44,94,11.88,5.51,2.65,3.40,2.55,1.25,1.67,2.45,3.90,1.51,2.45,Estádio Dr. Jorge Sampaio (Pedroso- Vila Nova de Gaia)
1611594000,Jan 25 2021 - 5:00pm,complete,N/A,Casa Pia,Cova Piedade,Cláudio Filipe Ruivo Pereira,17,1.13,1.43,1.35,1.06,2,1,3,1,1,0,"25,66","90'5",5,9,2,0,2,0,1,1,2,0,13,12,6,6,7,6,-1,-1,50,50,1.28,1.35,1.79,1.80,2.93,54,80,48,34,20,55,62,59,73,10.34,4.14,2.20,3.10,3.40,1.47,2.20,3.70,6.75,2.00,1.77,Estádio Pina Manique (Lisboa)
1611673200,Jan 26 2021 - 3:00pm,complete,N/A,Vilafranquense,FC Vizela,Ricardo Baixinho,17,1.00,0.86,0.94,1.65,1,1,2,0,0,0,"88","67",2,10,3,1,0,0,3,1,0,0,6,20,3,7,3,13,11,10,44,56,1.23,1.85,0.91,2.62,2.43,58,79,43,29,7,22,57,50,79,10.43,5.57,3.80,3.15,2.05,1.43,2.15,3.60,6.50,1.95,1.80,Estádio Municipal de Rio Maior (Rio Maior)
1611680400,Jan 26 2021 - 5:00pm,complete,N/A,Associação Académica de Coimbra OAF,Leixões,Tiago Bruno Lopes Martins,17,2.29,0.63,1.82,0.88,1,1,2,0,0,0,"90'2","65",5,1,5,0,2,0,2,3,2,0,10,5,5,3,5,2,14,18,57,43,1.28,1.26,1.58,0.90,2.00,47,60,41,7,0,34,66,26,75,7.82,6.02,1.91,3.05,4.50,1.56,2.45,4.20,8.00,2.25,1.61,Estádio EFAPEL (Coimbra)
1612004400,Jan 30 2021 - 11:00am,complete,N/A,GD Chaves,CD Feirense,Hugo Filipe Ferreira de Campos Moreira Miguel,18,1.38,1.88,1.59,1.65,0,1,1,1,0,1,"","9",7,3,3,0,6,0,0,3,1,5,13,9,6,6,7,3,15,23,62,38,1.78,1.52,1.89,1.29,2.07,32,57,38,19,7,26,76,44,50,10.63,6.38,2.80,3.15,2.55,1.49,2.30,3.95,7.25,2.10,1.71,Estádio Municipal Eng. Manuel Branco Teixeira (Chaves)
1612026000,Jan 30 2021 - 5:00pm,complete,N/A,UD Oliveirense,FC Vizela,N/A,18,1.00,0.88,1.06,1.65,0,3,3,1,0,1,"","37,54,60",5,3,3,0,4,0,2,1,3,1,10,15,7,7,3,8,16,23,51,49,1.35,1.95,1.56,1.95,2.44,72,78,47,18,7,18,59,54,78,11.61,5.61,3.85,3.40,1.95,1.38,2.00,3.20,5.75,1.87,1.87,Estádio Carlos Osório (Oliveira de Azeméis)
1612091700,Jan 31 2021 - 11:15am,complete,N/A,Vilafranquense,Benfica II,Bruno Miguel Cândido Rebocho,18,1.00,0.89,0.94,0.76,2,2,4,2,2,0,"12,29","56,63",7,8,1,0,3,1,0,1,1,3,9,10,3,5,6,5,21,19,46,54,1.19,1.41,1.28,1.63,2.50,47,76,35,29,17,35,59,47,82,9.02,5.44,2.65,3.10,2.70,1.33,1.87,3.05,5.75,1.67,2.15,Estádio Municipal de Rio Maior (Rio Maior)
1612101600,Jan 31 2021 - 2:00pm,complete,N/A,Associação Académica de Coimbra OAF,Academico Viseu,Cláudio Filipe Ruivo Pereira,18,2.13,1.29,1.82,1.00,2,1,3,0,0,0,"52,88","62",0,5,2,0,2,1,0,2,1,2,10,8,5,4,5,4,16,15,68,32,1.32,1.14,1.47,1.20,2.00,54,60,26,7,7,34,61,20,73,7.18,6.81,1.69,3.50,5.25,1.51,2.40,4.15,8.00,2.45,1.50,Estádio EFAPEL (Coimbra)
1612105200,Jan 31 2021 - 3:00pm,complete,N/A,Porto II,Varzim,Manuel Antonio Rodrigues Oliveira,18,0.78,0.63,1.06,1.06,0,1,1,1,0,1,"","19",8,4,4,0,3,0,1,3,2,1,14,15,6,7,8,8,16,26,64,36,1.94,1.10,1.96,1.91,2.79,82,82,70,24,11,40,64,47,88,10.88,6.58,2.25,3.35,3.05,1.33,1.87,3.05,5.50,1.69,2.10,Estádio Dr. Jorge Sampaio (Pedroso- Vila Nova de Gaia)
1612112400,Jan 31 2021 - 5:00pm,complete,N/A,Casa Pia,Leixões,Carlos André Fernandes Macedo,18,1.33,0.67,1.35,0.88,1,1,2,1,1,0,"34","80",1,5,2,0,2,0,0,2,0,2,7,7,3,2,4,5,12,11,55,45,1.34,1.22,1.23,1.13,2.50,56,78,39,17,11,28,56,61,78,9.45,4.78,2.55,3.00,2.95,1.50,2.30,3.90,7.00,2.05,1.74,Estádio Pina Manique (Lisboa)
1612285200,Feb 02 2021 - 5:00pm,complete,N/A,CD Mafra,Cova Piedade,Ricardo Baixinho,18,1.75,1.25,1.41,1.06,1,1,2,1,0,1,"50","27",8,4,3,0,5,0,3,0,2,3,13,10,4,2,9,8,10,23,54,46,1.69,1.41,1.66,1.28,2.69,63,75,57,32,7,51,76,44,76,11.25,4.88,1.83,3.30,4.45,1.45,2.20,3.60,6.75,2.10,1.71,Estádio Municipal de Mafra (Mafra)
1612288800,Feb 02 2021 - 6:00pm,complete,N/A,FC Arouca,GD Estoril Praia,Gustavo Fernandes Correia,18,1.50,2.44,2.00,2.00,1,0,1,1,1,0,"12","",3,4,4,0,2,1,3,1,1,2,9,11,4,6,5,5,21,10,50,50,1.60,1.34,1.15,1.55,1.66,25,53,13,7,7,24,36,23,65,9.91,4.88,3.80,2.95,2.15,1.57,2.45,4.55,8.75,2.15,1.65,Estádio Municipal de Arouca (Arouca)
1612609200,Feb 06 2021 - 11:00am,complete,N/A,CD Feirense,Vilafranquense,David Rafael Oliveira Silva,19,1.78,1.13,1.76,0.88,2,1,3,1,0,1,"50,66","45'1",2,6,3,0,5,0,1,2,3,2,10,13,5,6,5,7,14,18,48,52,1.86,1.33,1.42,1.73,2.53,54,77,53,29,7,41,66,47,71,9.72,7.27,1.38,4.05,8.75,1.42,2.15,4.00,7.50,2.50,1.50,Estádio Marcolino de Castro (Santa Maria da Feira)
1612623600,Feb 06 2021 - 3:00pm,complete,N/A,Varzim,GD Chaves,Miguel Bertolo Nogueira,19,0.67,1.78,0.88,1.76,1,3,4,4,1,3,"40","17,24,26",8,3,1,1,3,0,1,1,3,0,11,13,6,6,5,7,17,19,43,57,1.46,1.49,1.59,1.62,2.34,50,67,39,17,6,39,78,28,67,9.11,6.67,2.85,3.00,2.60,1.50,2.30,4.05,8.00,2.00,1.77,Estádio Varzim Sport Club (Póvoa de Varzim)
1612630800,Feb 06 2021 - 5:00pm,complete,N/A,Leixões,FC Arouca,Frederico João Gonçalves Santos B. Martins,19,1.88,1.33,1.47,1.82,0,1,1,1,0,1,"","15",10,5,2,0,3,0,2,0,0,3,14,13,7,5,7,8,19,22,50,50,1.63,1.54,1.82,1.66,2.25,47,71,36,25,7,18,71,41,77,12.32,5.38,2.70,2.75,3.00,1.50,2.30,3.85,7.00,1.95,1.80,Estádio do Mar (Matosinhos)
1612643400,Feb 06 2021 - 8:30pm,complete,N/A,GD Estoril Praia,Associação Académica de Coimbra OAF,Luis Miguel Branco Godinho,19,2.00,1.78,2.12,1.82,1,2,3,0,0,0,"88","85,90'3",7,3,1,1,3,1,1,1,2,2,10,6,5,4,5,2,13,21,58,42,1.58,1.45,1.56,1.05,2.45,54,60,47,36,13,25,72,42,65,9.21,5.60,2.00,3.05,4.20,1.54,2.40,4.10,8.00,2.20,1.62,Estádio António Coimbra da Mota (Estoril)
1612696500,Feb 07 2021 - 11:15am,complete,N/A,FC Vizela,Porto II,Gustavo Fernandes Correia,19,2.44,0.75,2.24,0.82,0,0,0,0,0,0,"","",6,6,3,0,4,0,2,1,1,3,11,12,6,5,5,7,33,11,50,50,1.64,1.40,1.62,1.58,2.78,71,83,59,30,7,29,77,47,89,11.97,5.31,1.54,4.15,5.75,1.32,1.80,3.05,5.25,1.87,1.87,Estádio Do Vizela (Caldas de Vizela)
1612706400,Feb 07 2021 - 2:00pm,complete,N/A,Academico Viseu,CD Mafra,Rui Miguel Gomes Lima,19,0.78,1.25,1.12,0.76,2,0,2,2,2,0,"4,45","",3,3,2,0,1,0,0,2,0,1,7,16,5,3,2,13,19,11,35,65,1.23,1.53,1.16,1.77,2.09,41,71,36,19,0,36,66,36,60,9.80,5.19,2.65,3.05,2.75,1.50,2.30,3.75,6.75,2.05,1.74,Estádio Municipal do Fontelo (Viseu)
1612717200,Feb 07 2021 - 5:00pm,complete,N/A,Benfica II,Casa Pia,João Carlos Casegas Marques Almeida,19,1.38,1.63,1.82,1.18,2,0,2,1,1,0,"41,81","",3,6,4,0,2,0,3,1,2,0,9,13,5,6,4,7,19,22,48,52,1.67,1.27,1.28,1.80,2.82,63,69,50,38,13,26,69,63,82,9.88,6.00,2.70,3.20,2.60,1.36,1.91,3.05,5.25,1.71,2.05,Caixa Futebol Campus (Seixal)
1612796400,Feb 08 2021 - 3:00pm,complete,N/A,Cova Piedade,Sporting Covilhã,Marcos Roberto Viegas Brazão,19,0.75,1.00,1.12,0.88,1,0,1,0,0,0,"60","",4,8,3,0,1,0,1,2,0,1,6,6,3,2,3,4,24,21,40,60,1.24,1.08,1.01,1.12,1.92,36,54,36,19,13,18,54,25,71,7.78,5.22,2.45,2.85,3.25,1.47,2.25,4.05,7.00,1.95,1.80,Estádio Municipal José Martins Vieira (Almada)
1613214000,Feb 13 2021 - 11:00am,complete,N/A,Associação Académica de Coimbra OAF,Cova Piedade,João Carlos Casegas Marques Almeida,20,2.22,1.22,1.82,1.06,2,1,3,0,0,0,"66,90'2","84",7,5,1,0,4,1,0,1,1,4,10,8,6,5,4,3,11,11,61,39,1.33,1.40,1.62,1.20,2.45,62,73,50,17,6,45,67,39,78,8.44,5.66,1.59,3.45,6.50,1.40,2.10,3.40,6.25,2.10,1.69,Estádio EFAPEL (Coimbra)
1613228400,Feb 13 2021 - 3:00pm,complete,N/A,FC Arouca,Varzim,José Dinis Lopes Nunes Godinho Gorjão,20,1.67,0.89,2.00,1.06,0,0,0,0,0,0,"","",4,2,1,1,5,0,1,1,0,5,12,6,4,4,8,2,25,20,60,40,1.55,1.19,1.66,0.98,1.89,45,50,33,17,6,17,50,28,62,10.56,5.33,1.62,3.35,6.00,1.47,2.30,3.90,7.25,2.25,1.59,Estádio Municipal de Arouca (Arouca)
1613235600,Feb 13 2021 - 5:00pm,complete,N/A,Sporting Covilhã,FC Vizela,Fabio Verssimo,20,1.33,1.11,1.29,1.65,0,0,0,0,0,0,"","",3,5,3,0,3,0,0,3,2,1,9,7,5,3,4,4,17,17,46,54,1.61,1.95,1.33,1.19,3.11,81,100,70,36,6,36,70,81,95,16.17,5.84,4.20,3.15,1.95,1.48,2.25,3.70,6.75,2.10,1.69,Estádio Municipal José Santos Pinto (Covilhã)
1613301300,Feb 14 2021 - 11:15am,complete,N/A,CD Mafra,Leixões,João Filipe Malheiro Pinto,20,1.67,0.70,1.41,0.88,1,1,2,1,0,1,"58","28",8,7,1,0,4,0,0,1,0,4,13,6,3,3,10,3,14,21,55,45,1.69,1.21,1.89,1.03,2.22,64,74,37,16,0,27,69,37,80,10.22,5.48,2.15,3.00,3.75,1.49,2.25,4.10,7.50,2.00,1.77,Estádio Municipal de Mafra (Mafra)
1613311200,Feb 14 2021 - 2:00pm,complete,N/A,GD Chaves,Benfica II,Carlos André Fernandes Macedo,20,1.22,0.90,1.59,0.76,0,0,0,0,0,0,"","",11,6,0,0,2,0,0,0,0,2,13,18,5,3,8,15,14,16,50,50,1.80,1.44,1.62,1.89,2.44,47,73,42,20,15,36,69,52,67,12.99,5.81,1.95,3.25,4.15,1.36,1.95,3.10,6.25,1.83,1.91,Estádio Municipal Eng. Manuel Branco Teixeira (Chaves)
1613314800,Feb 14 2021 - 3:00pm,complete,N/A,Porto II,UD Oliveirense,João Bento,20,0.70,1.13,1.06,0.76,1,2,3,2,1,1,"5","31,73",11,2,1,1,2,0,0,2,0,2,12,6,8,5,4,1,13,20,58,42,1.94,1.11,1.90,1.04,2.87,70,89,72,23,10,55,78,33,83,9.83,6.53,1.71,3.65,4.75,1.30,1.83,2.85,4.80,1.80,1.95,Estádio Dr. Jorge Sampaio (Pedroso- Vila Nova de Gaia)
1613322000,Feb 14 2021 - 5:00pm,complete,N/A,Casa Pia,CD Feirense,Bruno Miguel Cândido Rebocho,20,1.30,2.00,1.35,1.65,0,1,1,0,0,0,"","86",4,5,5,1,3,0,1,5,1,2,6,11,2,4,4,7,15,17,52,48,1.33,1.49,1.07,1.54,2.56,41,67,37,27,16,32,70,52,67,8.77,5.56,3.20,3.00,2.35,1.50,2.30,4.20,7.75,2.05,1.74,Estádio Pina Manique (Lisboa)
1613505600,Feb 16 2021 - 8:00pm,complete,N/A,GD Estoril Praia,Academico Viseu,Vitor Jorge Fernandes Ferreira,20,1.78,1.13,2.12,1.00,3,0,3,2,2,0,"41,45'5,54","",4,3,1,0,1,1,0,1,1,1,16,5,6,2,10,3,10,21,63,37,1.58,1.15,1.94,0.79,2.57,65,65,41,29,18,29,71,41,65,8.74,6.72,1.50,3.80,6.75,1.51,2.25,3.95,7.25,2.45,1.51,Estádio António Coimbra da Mota (Estoril)
1613574000,Feb 17 2021 - 3:00pm,complete,N/A,Cova Piedade,Vilafranquense,Tiago Bruno Lopes Martins,16,1.00,1.00,1.12,0.88,1,1,2,1,1,0,"5","69",3,8,2,0,2,0,1,1,1,1,8,10,2,3,6,7,16,23,42,58,1.21,1.37,1.21,1.56,2.45,50,73,45,28,17,22,73,39,73,6.89,7.44,2.60,2.75,3.15,1.48,2.25,3.95,7.75,1.91,1.83,Estádio Municipal José Martins Vieira (Almada)
1613646000,Feb 18 2021 - 11:00am,complete,N/A,Sporting Covilhã,CD Mafra,Hugo Serafim Coelho Magalhães Silva,13,1.29,1.11,1.29,0.76,2,2,4,2,1,1,"41,90'1","8,77",5,6,4,0,3,0,1,3,1,2,16,11,8,4,8,7,16,23,52,48,1.57,1.56,2.07,1.51,2.65,52,82,58,38,0,44,75,52,77,13.18,5.58,2.60,2.75,3.10,1.53,2.35,3.90,7.25,2.00,1.77,Estádio Municipal José Santos Pinto (Covilhã)
1613818800,Feb 20 2021 - 11:00am,complete,N/A,Cova Piedade,GD Chaves,João Pedro Silva Pinheiro,21,1.00,1.90,1.12,1.76,1,1,2,0,0,0,"77","87",4,7,2,0,0,0,1,1,0,0,7,10,3,4,4,6,17,12,51,49,1.21,1.50,1.15,1.54,2.70,55,75,50,30,15,30,75,35,80,7.80,6.90,3.90,2.95,2.10,1.49,2.30,3.75,7.00,2.00,1.77,Estádio Municipal José Martins Vieira (Almada)
1613840400,Feb 20 2021 - 5:00pm,complete,N/A,FC Vizela,Casa Pia,Rui Miguel Gomes Lima,21,2.30,1.44,2.24,1.18,3,1,4,0,0,0,"63,67,88","66",6,3,2,0,1,0,1,1,0,1,12,14,8,5,4,9,18,5,44,56,1.64,1.33,1.88,1.81,2.42,69,74,52,21,0,21,69,59,85,10.19,5.93,2.00,3.00,4.25,1.49,2.25,3.80,7.00,2.05,1.74,Estádio Do Vizela (Caldas de Vizela)
1613906100,Feb 21 2021 - 11:15am,complete,N/A,Leixões,GD Estoril Praia,Manuel Mota,21,1.67,2.20,1.47,2.00,0,1,1,0,0,0,"","70",5,6,2,0,2,0,1,1,0,2,11,13,4,3,7,10,20,14,49,51,1.65,1.36,1.32,1.49,1.92,27,59,17,17,6,21,59,32,64,11.02,5.43,4.35,3.25,1.91,1.49,2.35,4.45,8.50,2.25,1.61,Estádio do Mar (Matosinhos)
1613916000,Feb 21 2021 - 2:00pm,complete,N/A,FC Penafiel,Porto II,Hélder Miguel Azevedo Malheiro,21,1.89,0.78,1.41,0.82,0,0,0,0,0,0,"","",3,9,5,0,0,1,2,3,0,1,9,11,3,5,6,6,23,21,52,48,1.37,1.42,1.18,1.70,2.56,56,73,50,33,6,28,67,39,78,11.89,5.78,3.15,3.55,2.15,1.36,1.95,3.10,5.25,1.83,1.91,Estádio Municipal 25 de Abril (Penafiel)
1613919600,Feb 21 2021 - 3:00pm,complete,N/A,Academico Viseu,FC Arouca,Luis Miguel Branco Godinho,21,1.00,1.50,1.12,1.82,0,4,4,2,0,2,"","32,35,52,54",4,7,3,0,1,0,1,2,0,1,6,10,2,6,4,4,20,18,48,52,1.22,1.55,0.96,1.50,1.80,40,65,25,5,0,25,65,35,55,9.90,5.50,3.35,2.90,2.35,1.62,2.60,4.65,9.00,2.30,1.57,Estádio Municipal do Fontelo (Viseu)
1614009600,Feb 22 2021 - 4:00pm,complete,N/A,Benfica II,CD Mafra,José Dinis Lopes Nunes Godinho Gorjão,21,1.56,1.10,1.82,0.76,2,0,2,1,1,0,"35,51","",4,5,3,0,2,0,0,3,1,1,12,9,6,5,6,4,20,26,59,41,1.63,1.55,1.72,1.48,2.80,42,74,47,42,11,42,79,42,74,9.89,5.17,2.50,3.00,2.95,1.35,2.00,3.35,6.50,1.74,2.05,Caixa Futebol Campus (Seixal)
1614016800,Feb 22 2021 - 6:00pm,complete,N/A,Varzim,Sporting Covilhã,Cláudio Filipe Ruivo Pereira,21,0.60,0.90,0.88,0.88,1,2,3,2,0,2,"46","13,15",11,4,5,0,2,0,3,2,2,0,9,8,5,4,4,4,14,15,65,35,1.48,1.08,1.57,1.07,1.60,35,45,25,10,0,30,55,10,55,9.70,4.70,2.50,2.80,3.20,1.57,2.50,4.95,9.00,2.15,1.67,Estádio Varzim Sport Club (Póvoa de Varzim)
1614027600,Feb 22 2021 - 9:00pm,complete,N/A,CD Feirense,Associação Académica de Coimbra OAF,João Bento,21,1.90,1.90,1.76,1.82,1,0,1,0,0,0,"61","",1,6,3,0,1,0,1,2,1,0,13,11,5,0,8,11,16,13,49,51,1.81,1.41,1.65,1.19,2.30,50,70,55,25,0,25,55,50,75,10.00,5.30,2.20,3.00,3.50,1.54,2.45,4.45,8.50,2.20,1.65,Estádio Marcolino de Castro (Santa Maria da Feira)
1614103200,Feb 23 2021 - 6:00pm,complete,N/A,UD Oliveirense,Vilafranquense,Marcos Roberto Viegas Brazão,21,0.90,1.00,1.06,0.88,2,2,4,1,1,0,"4,89","55,58",5,0,2,0,3,0,0,2,2,1,7,9,4,4,3,5,16,15,48,52,1.37,1.39,1.19,1.28,2.30,60,70,50,15,5,20,75,40,70,8.40,7.30,2.75,2.90,2.80,1.44,2.35,4.50,11.00,1.87,1.87,Estádio Carlos Osório (Oliveira de Azeméis)
1614364200,Feb 26 2021 - 6:30pm,complete,N/A,GD Chaves,FC Vizela,Iancu Ioan Vasilica,22,1.20,1.10,1.59,1.65,2,2,4,1,0,1,"79,80","6,57",14,3,2,0,2,1,2,0,1,2,33,9,13,5,20,4,14,13,70,30,1.78,1.87,3.86,1.18,2.05,50,70,40,10,5,15,55,55,60,14.10,5.50,2.65,2.80,2.95,1.49,2.40,4.50,9.50,2.00,1.77,Estádio Municipal Eng. Manuel Branco Teixeira (Chaves)
1614423600,Feb 27 2021 - 11:00am,complete,N/A,Sporting Covilhã,CD Feirense,João Filipe Malheiro Pinto,22,1.25,2.10,1.29,1.65,0,2,2,1,0,1,"","45'1,56",7,4,5,0,3,0,2,3,1,2,12,11,4,5,8,6,15,10,57,43,1.63,1.50,1.60,1.43,2.55,48,64,53,40,5,40,78,53,69,11.68,6.75,3.75,3.16,2.19,1.45,2.35,4.30,9.00,2.10,1.69,Estádio Municipal José Santos Pinto (Covilhã)
1614438000,Feb 27 2021 - 3:00pm,complete,N/A,FC Arouca,Cova Piedade,Manuel Antonio Rodrigues Oliveira,22,1.60,1.10,2.00,1.06,2,1,3,3,2,1,"5,27","13",4,4,2,0,7,0,0,2,2,5,13,6,7,3,6,3,16,16,52,48,1.56,1.38,1.82,0.95,2.15,50,60,40,20,10,35,60,30,60,10.70,4.90,1.56,3.80,6.00,1.42,2.20,3.95,7.75,2.25,1.59,Estádio Municipal de Arouca (Arouca)
1614445200,Feb 27 2021 - 5:00pm,complete,N/A,Vilafranquense,Porto II,André Filipe Domingues Narciso,22,1.00,0.80,0.94,0.82,1,1,2,1,0,1,"54","12",8,4,3,0,1,0,2,1,1,0,13,13,5,6,8,7,25,10,49,51,1.20,1.45,1.67,1.66,2.21,47,69,37,32,5,21,58,37,74,10.46,5.47,3.00,3.00,2.50,1.40,2.10,3.50,7.00,1.83,1.91,Estádio Municipal de Rio Maior (Rio Maior)
1614510900,Feb 28 2021 - 11:15am,complete,N/A,GD Estoril Praia,Benfica II,João Carlos Casegas Marques Almeida,22,1.90,0.91,2.12,0.76,3,2,5,3,1,2,"23,50,64","39,45'1",1,4,5,0,3,0,3,2,3,0,9,14,5,8,4,6,18,17,53,47,1.62,1.48,1.39,2.02,2.96,58,76,53,38,24,48,72,53,76,11.09,5.64,1.57,3.65,6.25,1.34,2.05,3.50,7.25,2.05,1.71,Estádio António Coimbra da Mota (Estoril)
1614520800,Feb 28 2021 - 2:00pm,complete,N/A,CD Mafra,FC Penafiel,N/A,22,1.60,1.00,1.41,1.29,1,0,1,1,1,0,"17","",5,10,4,1,1,0,1,4,0,1,7,13,4,4,3,9,26,16,46,54,1.71,1.45,1.25,1.74,2.95,79,84,64,35,13,47,73,47,89,11.78,4.98,2.15,3.35,3.25,1.44,2.25,3.95,8.00,2.10,1.71,Estádio Municipal de Mafra (Mafra)
1614524400,Feb 28 2021 - 3:00pm,complete,N/A,Casa Pia,UD Oliveirense,N/A,22,1.18,1.33,1.35,0.76,2,0,2,2,2,0,"12,16","",5,1,6,0,1,1,3,3,2,0,10,8,6,0,4,8,23,5,55,45,1.30,1.10,1.60,0.95,2.70,56,86,52,20,9,42,62,43,85,8.44,5.36,1.91,3.05,4.75,1.47,2.30,4.15,8.50,2.10,1.69,Estádio Pina Manique (Lisboa)
1614531600,Feb 28 2021 - 5:00pm,complete,N/A,Leixões,Academico Viseu,Artur Manuel Ribeiro Soares Dias,22,1.50,1.00,1.47,1.00,2,1,3,0,0,0,"53,90'5","76",4,5,2,0,1,0,0,2,1,0,11,9,6,3,5,6,12,15,54,46,1.62,1.11,1.59,1.17,2.21,48,64,32,21,11,27,69,26,69,10.56,5.63,2.20,2.80,3.80,1.51,2.40,4.30,9.00,2.05,1.74,Estádio do Mar (Matosinhos)
1614618000,Mar 01 2021 - 5:00pm,complete,N/A,Associação Académica de Coimbra OAF,Varzim,Carlos André Fernandes Macedo,22,2.30,0.90,1.82,1.06,1,2,3,2,1,1,"19","36,90'3",7,5,3,0,1,0,0,3,1,0,13,12,5,6,8,6,20,17,52,48,1.36,1.17,1.79,1.66,2.05,55,60,45,10,0,20,45,40,75,8.20,6.40,1.61,3.50,6.00,1.45,2.30,4.20,9.25,2.35,1.54,Estádio EFAPEL (Coimbra)
1614783600,Mar 03 2021 - 3:00pm,complete,N/A,Sporting Covilhã,Academico Viseu,N/A,17,1.11,0.90,1.29,1.00,2,1,3,3,2,1,"25,34","36",9,0,2,0,3,0,1,1,1,2,9,7,6,2,3,5,22,19,50,50,1.63,1.11,1.53,1.01,2.60,64,80,54,27,5,37,69,49,80,11.48,6.54,2.00,3.10,4.05,1.49,2.40,4.35,9.50,2.15,1.67,Estádio Municipal José Santos Pinto (Covilhã)
1614790800,Mar 03 2021 - 5:00pm,complete,N/A,FC Penafiel,UD Oliveirense,Hugo Serafim Coelho Magalhães Silva,19,1.80,1.20,1.41,0.76,1,0,1,0,0,0,"79","",8,3,2,0,1,0,1,1,0,1,16,10,7,4,9,6,19,15,50,50,1.35,1.09,2.03,1.26,2.45,50,75,55,25,0,45,70,30,70,8.20,6.00,1.87,3.25,4.35,1.42,2.20,3.85,7.75,2.05,1.71,Estádio Municipal 25 de Abril (Penafiel)
1615028400,Mar 06 2021 - 11:00am,complete,N/A,FC Vizela,CD Mafra,N/A,23,2.36,1.00,2.24,0.76,2,0,2,0,0,0,"46,70","",3,4,3,0,1,0,2,1,0,1,11,10,5,4,6,6,20,11,44,56,1.66,1.55,1.50,1.43,2.55,55,78,55,32,0,36,73,46,78,10.36,5.00,1.73,3.30,4.20,1.47,1.62,4.00,8.50,2.15,1.62,Estádio Do Vizela (Caldas de Vizela)
1615115700,Mar 07 2021 - 11:15am,complete,N/A,FC Penafiel,Associação Académica de Coimbra OAF,Artur Manuel Ribeiro Soares Dias,23,1.91,1.73,1.41,1.82,1,2,3,1,0,1,"82","25,55",6,3,1,0,3,0,1,0,2,1,12,7,6,3,6,4,16,17,63,37,1.41,1.39,1.80,1.00,2.05,45,55,45,23,0,18,50,36,73,9.63,5.27,3.24,3.14,2.23,1.45,2.35,4.15,8.75,2.00,1.77,Estádio Municipal 25 de Abril (Penafiel)
1615125600,Mar 07 2021 - 2:00pm,complete,N/A,UD Oliveirense,GD Chaves,António Emanuel Carvalho Nobre,23,0.91,1.82,1.06,1.76,0,1,1,1,0,1,"","33",5,6,5,0,4,0,2,3,1,3,9,10,3,5,6,5,18,17,54,46,1.36,1.51,1.24,1.47,2.64,64,73,60,23,5,27,73,45,78,9.18,6.64,4.45,3.22,1.85,1.44,2.25,4.10,8.75,2.15,1.67,Estádio Carlos Osório (Oliveira de Azeméis)
1615215600,Mar 08 2021 - 3:00pm,complete,N/A,Cova Piedade,Academico Viseu,João Carlos Antunes Pereira Bento,23,1.00,0.82,1.12,1.00,0,2,2,0,0,0,"","70,88",1,4,6,2,2,0,1,7,1,1,5,9,4,4,1,5,20,21,50,50,1.21,1.10,0.97,1.18,2.32,55,73,36,18,14,23,64,32,73,6.54,5.91,2.28,3.00,2.95,1.44,2.30,4.15,8.50,2.10,1.71,Estádio Municipal José Martins Vieira (Almada)
1615215600,Mar 08 2021 - 3:00pm,complete,N/A,Porto II,Casa Pia,Vitor Jorge Fernandes Ferreira,23,0.64,1.30,1.06,1.18,1,1,2,0,0,0,"86","77",2,4,3,0,1,0,1,2,1,0,7,10,3,4,4,6,16,23,48,52,1.94,1.38,1.16,1.33,2.85,81,86,66,24,9,37,71,53,91,11.34,6.46,2.04,3.15,3.30,1.45,1.95,3.45,6.75,1.83,1.91,Estádio Dr. Jorge Sampaio (Pedroso- Vila Nova de Gaia)
1615219200,Mar 08 2021 - 4:00pm,complete,N/A,Benfica II,FC Arouca,Hugo Serafim Coelho Magalhães Silva,23,1.70,1.64,1.82,1.82,3,1,4,3,2,1,"2,15,90'4","41",3,5,3,0,2,1,1,2,0,3,19,12,7,6,12,6,19,15,55,45,1.64,1.54,2.27,1.76,2.50,38,67,38,29,10,24,77,43,77,10.35,5.52,2.90,2.95,2.34,1.42,1.95,3.45,6.75,1.83,1.91,Caixa Futebol Campus (Seixal)
1615226400,Mar 08 2021 - 6:00pm,complete,N/A,Vilafranquense,Sporting Covilhã,Gustavo Fernandes Correia,23,1.00,1.09,0.94,0.88,2,2,4,2,1,1,"9,76","15,90'4",8,0,3,1,3,2,2,2,1,4,16,7,5,3,11,4,18,15,60,40,1.25,1.08,1.95,1.11,1.78,43,53,33,15,0,24,48,25,77,9.00,4.79,2.32,2.70,3.20,1.30,2.25,3.95,8.00,1.91,1.83,Estádio Municipal de Rio Maior (Rio Maior)
1615233600,Mar 08 2021 - 8:00pm,complete,N/A,Varzim,Leixões,Fábio José Costa Veríssimo,23,0.55,0.73,0.88,0.88,0,1,1,1,0,1,"","2",9,3,4,0,6,1,2,2,3,4,19,5,7,3,12,2,18,17,50,50,1.48,1.19,2.35,0.89,2.00,55,69,27,14,0,32,78,23,59,9.45,5.64,2.34,2.90,2.95,1.47,2.30,4.20,8.75,2.05,1.71,Estádio Varzim Sport Club (Póvoa de Varzim)
1615319100,Mar 09 2021 - 7:45pm,complete,N/A,CD Feirense,GD Estoril Praia,Rui Manuel Gomes Costa,23,2.00,2.27,1.76,2.00,0,1,1,0,0,0,"","86",1,3,1,0,1,0,0,1,0,1,7,9,4,3,3,6,26,17,48,52,1.80,1.38,1.24,1.08,1.95,27,59,28,14,0,27,46,41,73,9.36,5.91,2.55,2.90,2.75,1.54,2.43,5.00,9.50,2.05,1.69,Estádio Marcolino de Castro (Santa Maria da Feira)
1615474800,Mar 11 2021 - 3:00pm,complete,N/A,Sporting Covilhã,FC Penafiel,José Dinis Lopes Nunes Godinho Gorjão,18,1.30,0.89,1.29,1.29,0,2,2,1,0,1,"","45'1,63",5,5,1,0,1,0,1,0,0,1,8,11,0,6,8,5,16,21,50,50,1.62,1.48,0.97,1.36,3.06,74,84,74,42,11,53,79,58,79,13.79,5.52,2.55,2.70,3.25,1.53,2.45,4.50,9.75,2.05,1.74,Estádio Municipal José Santos Pinto (Covilhã)
1615633200,Mar 13 2021 - 11:00am,complete,N/A,Associação Académica de Coimbra OAF,FC Vizela,Luis Miguel Branco Godinho,24,2.09,1.09,1.82,1.65,1,3,4,4,1,3,"30","7,13,43",4,5,2,0,2,0,0,2,1,1,17,14,6,6,11,8,15,21,62,38,1.40,1.81,2.10,1.74,2.50,69,82,55,14,5,27,50,55,87,10.45,5.82,2.29,2.99,3.32,1.42,2.30,4.50,9.50,1.91,1.80,Estádio EFAPEL (Coimbra)
1615644000,Mar 13 2021 - 2:00pm,complete,N/A,Academico Viseu,Benfica II,Ricardo Baixinho,24,0.91,0.83,1.12,0.76,2,1,3,1,1,0,"13,83","63",3,8,2,0,5,0,0,2,0,5,12,14,4,6,8,8,12,16,40,60,1.20,1.52,1.39,1.96,2.50,47,78,39,26,17,52,66,47,64,10.37,5.22,3.10,3.15,2.35,1.43,2.20,3.80,7.75,1.95,1.80,Estádio Municipal do Fontelo (Viseu)
1615647600,Mar 13 2021 - 3:00pm,complete,N/A,Leixões,Cova Piedade,Cláudio Filipe Ruivo Pereira,24,1.64,1.00,1.47,1.06,1,1,2,1,0,1,"57","40",7,7,3,0,2,0,2,1,1,1,14,6,6,4,8,2,13,19,61,39,1.62,1.33,1.84,1.06,2.55,59,73,50,27,9,37,73,41,69,11.73,5.36,2.00,3.10,3.95,1.43,2.43,4.80,10.50,2.05,1.72,Estádio do Mar (Matosinhos)
1615654800,Mar 13 2021 - 5:00pm,complete,N/A,Casa Pia,Vilafranquense,David Rafael Oliveira Silva,24,1.33,1.00,1.35,0.88,3,0,3,0,0,0,"54,77,86","",4,5,5,0,2,0,2,3,2,0,8,6,5,2,3,4,15,16,51,49,1.33,1.38,1.27,1.06,2.66,62,83,44,22,13,30,66,52,78,8.82,6.76,2.05,3.40,3.40,1.45,2.30,4.15,8.50,2.20,1.65,Estádio Pina Manique (Lisboa)
1615720500,Mar 14 2021 - 11:15am,complete,N/A,GD Estoril Praia,Varzim,Rui Miguel Gomes Lima,24,2.00,1.09,2.12,1.06,1,0,1,1,1,0,"8","",5,7,4,0,1,0,1,3,0,1,7,13,3,4,4,9,24,21,59,41,1.60,1.21,1.11,1.87,2.59,60,64,55,32,14,32,69,46,69,9.19,6.36,1.57,3.50,7.00,1.42,2.31,4.15,9.00,2.35,1.54,Estádio António Coimbra da Mota (Estoril)
1615730400,Mar 14 2021 - 2:00pm,complete,N/A,GD Chaves,Porto II,Artur Manuel Ribeiro Soares Dias,24,1.18,0.82,1.59,0.82,1,1,2,2,1,1,"43","22",7,5,3,0,1,0,1,2,0,1,19,14,8,7,11,7,12,9,51,49,1.97,1.47,2.46,1.88,2.00,46,64,36,18,5,14,64,36,59,14.55,5.37,2.10,3.25,3.60,1.36,2.09,4.00,8.25,2.05,1.74,Estádio Municipal Eng. Manuel Branco Teixeira (Chaves)
1615824000,Mar 15 2021 - 4:00pm,complete,N/A,FC Arouca,FC Penafiel,André Filipe Domingues Narciso,24,1.73,1.10,2.00,1.29,0,1,1,0,0,0,"","69",11,6,2,0,3,0,0,2,1,2,12,7,3,5,9,2,13,18,52,48,1.59,1.47,1.60,1.17,2.37,53,63,49,25,15,39,63,30,63,11.25,4.28,2.05,3.05,3.95,1.51,2.45,4.55,9.75,2.15,1.65,Estádio Municipal de Arouca (Arouca)
1615831200,Mar 15 2021 - 6:00pm,complete,N/A,CD Mafra,CD Feirense,João António Ferreira Gonçalves,24,1.73,2.18,1.41,1.65,2,1,3,2,1,1,"41,68","25",8,4,3,0,3,0,1,2,1,2,9,9,5,4,4,5,17,13,51,49,1.66,1.49,1.58,1.42,2.18,41,59,32,23,5,27,78,27,69,10.09,6.27,3.45,2.90,2.30,1.61,2.65,5.00,10.25,2.25,1.61,Estádio Municipal de Mafra (Mafra)
1615914000,Mar 16 2021 - 5:00pm,complete,N/A,Sporting Covilhã,UD Oliveirense,Hélder Miguel Azevedo Malheiro,24,1.18,1.09,1.29,0.76,1,0,1,0,0,0,"84","",10,4,2,0,1,1,0,2,1,1,20,6,6,2,14,4,15,9,52,48,1.56,1.10,2.28,0.84,2.64,55,87,60,27,0,50,78,37,78,10.82,5.82,1.95,3.25,4.05,1.48,2.35,4.65,9.00,2.20,1.65,Estádio Municipal José Santos Pinto (Covilhã)
1616079600,Mar 18 2021 - 3:00pm,complete,N/A,Vilafranquense,FC Penafiel,N/A,20,1.00,1.27,0.94,1.29,0,0,0,0,0,0,"","",2,1,4,0,1,0,2,2,1,0,7,9,2,0,5,9,22,10,47,53,1.31,1.44,1.11,1.10,2.59,60,73,50,36,9,36,69,45,82,10.18,5.09,2.65,2.90,2.85,1.44,2.20,3.90,7.50,1.91,1.83,Estádio Municipal de Rio Maior (Rio Maior)
1616238000,Mar 20 2021 - 11:00am,complete,N/A,Cova Piedade,GD Estoril Praia,Bruno Miguel Cândido Rebocho,25,0.92,2.33,1.12,2.00,2,3,5,2,2,0,"14,35","83,89,90'8",1,9,4,0,1,0,2,2,1,0,6,21,4,9,2,12,17,7,35,65,1.19,1.35,0.86,2.86,1.84,25,59,13,13,9,13,46,34,75,6.92,6.08,5.50,3.20,1.63,1.44,2.37,4.30,9.00,2.35,1.54,Estádio Municipal José Martins Vieira (Almada)
1616252400,Mar 20 2021 - 3:00pm,complete,N/A,Varzim,CD Mafra,Nuno Miguel Serrano Almeida,25,0.50,0.92,0.88,0.76,2,0,2,1,1,0,"37,53","",7,5,4,0,1,0,3,1,1,0,14,13,6,5,8,8,13,16,50,50,1.56,1.54,1.85,1.73,2.21,38,71,34,25,0,42,79,25,59,10.42,5.25,2.65,2.85,2.65,1.47,2.47,4.20,8.75,2.00,1.71,Estádio Varzim Sport Club (Póvoa de Varzim)
1616325300,Mar 21 2021 - 11:15am,complete,N/A,UD Oliveirense,Associação Académica de Coimbra OAF,N/A,25,0.83,1.83,1.06,1.82,0,0,0,0,0,0,"","",3,11,3,0,4,0,1,2,2,2,12,14,5,4,7,10,15,23,49,51,1.35,1.36,1.46,1.81,2.09,50,58,50,17,0,8,63,42,71,8.58,5.50,4.10,3.10,2.00,1.53,2.50,4.60,10.00,2.20,1.62,Estádio Carlos Osório (Oliveira de Azeméis)
1616335200,Mar 21 2021 - 2:00pm,complete,N/A,FC Vizela,FC Arouca,Miguel Bertolo Nogueira,25,2.42,1.50,2.24,1.82,1,1,2,2,1,1,"19","15",2,1,6,0,3,1,3,3,2,2,10,10,4,5,6,5,22,15,54,46,1.65,1.56,1.45,1.49,2.38,55,71,50,25,0,25,67,50,79,10.67,5.50,1.91,3.25,4.25,1.48,2.30,4.15,8.75,2.15,1.65,Estádio Do Vizela (Caldas de Vizela)
1616338800,Mar 21 2021 - 3:00pm,complete,N/A,Porto II,Sporting Covilhã,Manuel Mota,25,0.67,1.08,1.06,0.88,2,1,3,1,1,0,"33,56","80",5,11,2,0,1,0,1,1,0,1,8,13,7,5,1,8,7,12,50,50,1.88,1.09,1.37,1.77,2.34,67,67,59,13,9,46,59,30,84,10.83,5.83,1.80,3.55,4.30,1.43,2.25,4.25,9.25,2.25,1.61,Estádio Dr. Jorge Sampaio (Pedroso- Vila Nova de Gaia)
1616342400,Mar 21 2021 - 4:00pm,complete,N/A,Benfica II,Leixões,Vitor Jorge Fernandes Ferreira,25,1.82,0.92,1.82,0.88,2,1,3,0,0,0,"71,87","55",11,3,1,0,1,0,0,1,0,1,16,9,8,5,8,4,11,13,58,42,1.69,1.17,2.28,1.35,2.46,52,70,35,27,9,27,79,35,75,8.81,5.90,1.74,3.70,4.40,1.39,2.10,3.65,7.25,2.10,1.69,Caixa Futebol Campus (Seixal)
1616436000,Mar 22 2021 - 6:00pm,complete,N/A,FC Penafiel,Casa Pia,Marcos Roberto Viegas Brazão,25,1.75,1.27,1.41,1.18,1,1,2,2,1,1,"40","42",5,3,1,0,5,0,0,1,1,4,10,8,3,4,7,4,21,14,52,48,1.45,1.37,1.34,1.13,2.40,62,70,48,26,0,17,57,58,83,9.97,5.74,2.40,2.85,3.35,1.47,2.30,4.05,8.25,1.95,1.80,Estádio Municipal 25 de Abril (Penafiel)
1616446800,Mar 22 2021 - 9:00pm,complete,N/A,CD Feirense,Academico Viseu,André Filipe Domingues Narciso,25,1.83,1.00,1.76,1.00,1,1,2,1,1,0,"45'2","73",9,8,1,0,1,0,0,1,1,0,15,8,5,3,10,5,14,13,57,43,1.75,1.11,1.91,1.25,2.33,50,71,46,17,4,33,54,42,75,8.42,5.75,1.48,3.75,7.75,1.57,2.50,5.00,11.00,2.85,1.38,Estádio Marcolino de Castro (Santa Maria da Feira)
1616527800,Mar 23 2021 - 7:30pm,complete,N/A,Vilafranquense,GD Chaves,José Dinis Lopes Nunes Godinho Gorjão,25,1.00,1.92,0.94,1.76,0,1,1,0,0,0,"","53",4,7,5,0,2,0,2,3,0,2,7,7,2,4,5,3,23,25,46,54,1.30,1.50,1.15,1.30,2.46,59,71,46,29,4,34,67,42,75,9.17,6.67,3.90,2.85,2.15,1.56,2.50,4.60,10.00,2.15,1.65,Estádio Municipal de Rio Maior (Rio Maior)
1616774400,Mar 26 2021 - 4:00pm,complete,N/A,Academico Viseu,Varzim,Miguel Bertolo Nogueira,26,1.08,1.00,1.12,1.06,0,1,1,0,0,0,"","90'2",4,6,4,0,4,0,1,3,1,3,10,6,6,4,4,2,9,16,55,45,1.21,1.27,1.46,1.17,1.96,46,63,38,13,0,30,63,38,54,9.08,5.50,2.45,2.85,3.20,1.62,2.70,5.25,11.00,2.25,1.59,Estádio Municipal do Fontelo (Viseu)
1616788800,Mar 26 2021 - 8:00pm,complete,N/A,GD Estoril Praia,UD Oliveirense,João Carlos Casegas Marques Almeida,26,2.08,1.00,2.12,0.76,3,0,3,2,2,0,"14,45'3,50","",6,2,2,0,1,0,0,2,1,0,17,7,9,5,8,2,16,13,60,40,1.55,1.08,2.29,1.32,2.67,50,71,54,30,13,46,75,34,71,7.92,5.92,1.33,4.50,9.50,1.44,2.20,4.20,9.50,3.00,1.36,Estádio António Coimbra da Mota (Estoril)
1616842800,Mar 27 2021 - 11:00am,complete,N/A,FC Arouca,CD Feirense,António Emanuel Carvalho Nobre,26,1.58,2.00,2.00,1.65,1,0,1,0,0,0,"90'1","",1,4,2,0,2,0,0,2,2,0,7,9,4,3,3,6,18,14,50,50,1.59,1.48,1.15,1.24,1.88,29,46,29,17,8,29,63,17,54,9.75,5.59,2.45,2.87,2.75,1.50,2.35,4.65,9.75,2.10,1.69,Estádio Municipal de Arouca (Arouca)
1616940000,Mar 28 2021 - 2:00pm,complete,N/A,Sporting Covilhã,Casa Pia,Carlos André Fernandes Macedo,26,1.33,1.25,1.29,1.18,0,0,0,0,0,0,"","",2,6,1,0,0,0,0,1,0,0,8,7,4,0,4,7,16,12,50,50,1.62,1.35,1.13,1.04,2.59,67,83,50,29,0,30,67,59,83,12.33,6.08,2.50,2.85,3.15,1.51,2.40,4.35,9.00,2.05,1.74,Estádio Municipal José Santos Pinto (Covilhã)
1616943600,Mar 28 2021 - 3:00pm,complete,N/A,Benfica II,Cova Piedade,João Filipe Malheiro Pinto,26,1.92,1.00,1.82,1.06,0,1,1,1,0,1,"","21",7,2,2,0,6,0,1,1,2,4,16,6,0,4,16,2,13,22,66,34,1.74,1.31,1.81,1.07,2.88,63,79,54,34,13,42,79,42,75,10.34,5.58,1.71,3.45,5.25,1.34,2.00,3.45,7.00,1.95,1.83,Caixa Futebol Campus (Seixal)
1617033600,Mar 29 2021 - 4:00pm,complete,N/A,CD Mafra,Porto II,André Filipe Domingues Narciso,26,1.83,0.83,1.41,0.82,0,4,4,3,0,3,"","19,22,40,87",6,2,4,0,2,0,2,2,1,1,10,13,4,6,6,7,26,12,48,52,1.66,1.50,1.40,1.70,2.29,63,75,38,21,4,29,71,25,75,12.92,5.33,3.45,3.20,2.15,1.43,2.20,3.80,7.75,1.95,1.80,Estádio Municipal de Mafra (Mafra)
1617040800,Mar 29 2021 - 6:00pm,complete,N/A,Leixões,FC Vizela,Iancu Ioan Vasilica,26,1.58,1.25,1.47,1.65,0,4,4,2,0,2,"","21,45'2,53,70",10,2,4,0,2,0,3,1,0,2,9,14,3,6,6,8,20,15,56,44,1.63,1.80,1.26,1.72,2.54,63,80,46,29,8,21,63,50,75,13.08,5.08,4.00,3.05,2.05,1.49,2.45,4.55,9.75,2.20,1.62,Estádio do Mar (Matosinhos)
1617048000,Mar 29 2021 - 8:00pm,complete,N/A,GD Chaves,FC Penafiel,Ricardo Baixinho,26,1.17,1.25,1.59,1.29,2,1,3,2,1,1,"36,90'4","26",5,6,0,1,3,1,0,1,1,3,16,17,7,7,9,10,5,12,49,51,2.01,1.41,2.14,2.06,2.21,50,63,46,21,9,30,67,42,59,13.25,4.83,2.10,2.85,4.25,1.59,2.65,5.00,11.00,2.25,1.61,Estádio Municipal Eng. Manuel Branco Teixeira (Chaves)
1617373800,Apr 02 2021 - 2:30pm,complete,N/A,Sporting Covilhã,Associação Académica de Coimbra OAF,André Filipe Domingues Narciso,27,1.31,1.77,1.29,1.82,1,1,2,0,0,0,"82","62",5,3,2,0,3,0,1,1,1,2,5,8,2,2,3,6,9,13,50,50,1.58,1.39,0.92,1.00,2.16,50,66,50,23,0,23,58,42,73,12.15,5.31,3.42,3.08,2.20,1.51,2.55,4.70,10.00,2.15,1.62,Estádio Municipal José Santos Pinto (Covilhã)
1617382800,Apr 02 2021 - 5:00pm,complete,N/A,Varzim,Benfica II,João Bento,27,0.69,0.77,0.88,0.76,2,1,3,3,2,1,"20,29","18",4,6,2,0,4,0,1,1,3,1,6,15,4,6,2,9,16,13,40,60,1.58,1.56,1.05,1.88,2.50,50,74,39,27,16,46,77,35,66,11.70,5.85,2.90,3.02,2.51,1.52,2.42,4.10,8.25,2.05,1.69,Estádio Varzim Sport Club (Póvoa de Varzim)
1617391800,Apr 02 2021 - 7:30pm,complete,N/A,FC Penafiel,Academico Viseu,Fabio Verssimo,27,1.69,1.00,1.41,1.00,1,2,3,1,1,0,"22","60,83",5,1,2,0,2,0,0,2,0,2,13,12,6,5,7,7,22,16,53,47,1.44,1.12,1.65,1.56,2.27,58,70,42,16,4,31,62,35,69,9.08,5.54,2.00,3.18,3.90,1.50,2.48,4.50,9.75,2.20,1.61,Estádio Municipal 25 de Abril (Penafiel)
1617444000,Apr 03 2021 - 10:00am,complete,N/A,FC Vizela,GD Estoril Praia,Artur Manuel Ribeiro Soares Dias,27,2.31,2.38,2.24,2.00,1,1,2,1,0,1,"64","13",4,2,2,0,4,0,2,0,1,3,9,7,6,2,3,5,13,16,43,57,1.63,1.47,1.53,1.03,2.08,42,62,31,16,4,27,50,43,73,9.23,5.54,2.40,2.86,2.76,1.50,2.52,4.75,10.25,2.05,1.69,Estádio Do Vizela (Caldas de Vizela)
1617458400,Apr 03 2021 - 2:00pm,complete,N/A,Porto II,FC Arouca,Manuel Antonio Rodrigues Oliveira,27,0.85,1.46,1.06,1.82,0,3,3,1,0,1,"","23,63,90'5",9,3,1,0,3,0,1,0,2,1,10,13,6,9,4,4,11,18,55,45,1.84,1.56,1.68,1.83,2.62,69,81,58,19,8,43,77,42,81,11.30,6.23,2.44,2.90,2.67,1.38,2.04,3.75,7.50,1.87,1.83,Estádio Dr. Jorge Sampaio (Pedroso- Vila Nova de Gaia)
1617531300,Apr 04 2021 - 10:15am,complete,N/A,CD Feirense,Cova Piedade,Iancu Ioan Vasilica,27,1.77,1.15,1.76,1.06,1,1,2,0,0,0,"64","90'3",4,6,0,0,6,0,0,0,2,4,14,6,4,3,10,3,15,17,53,47,1.76,1.29,1.71,1.02,2.47,58,73,50,23,4,39,70,42,74,10.23,5.85,1.50,3.40,6.50,1.47,2.35,4.55,9.75,2.40,1.44,Estádio Marcolino de Castro (Santa Maria da Feira)
1617541200,Apr 04 2021 - 1:00pm,complete,N/A,Vilafranquense,CD Mafra,Rui Miguel Gomes Lima,27,0.92,0.85,0.94,0.76,2,1,3,2,1,1,"6,57","37",3,5,5,0,1,0,2,3,0,1,9,14,4,4,5,10,26,9,50,50,1.28,1.55,1.21,1.84,2.23,39,74,35,31,0,31,66,38,77,9.07,5.38,2.35,2.90,2.87,1.50,2.25,4.50,9.25,2.10,1.61,Estádio Municipal de Rio Maior (Rio Maior)
1617651000,Apr 05 2021 - 7:30pm,complete,N/A,UD Oliveirense,Leixões,N/A,27,0.85,0.85,1.06,0.88,2,1,3,2,1,1,"3,77","16",6,9,3,0,2,1,2,1,2,1,13,13,4,4,9,9,12,19,50,50,1.36,1.18,1.56,1.56,2.00,54,62,39,12,0,12,69,38,66,8.31,6.15,2.61,3.05,3.00,1.45,2.39,4.15,8.75,1.95,1.69,Estádio Carlos Osório (Oliveira de Azeméis)
1617732000,Apr 06 2021 - 6:00pm,complete,N/A,Casa Pia,GD Chaves,Cláudio Filipe Ruivo Pereira,27,1.46,2.00,1.35,1.76,1,2,3,2,0,2,"90'6","17,19",9,4,3,0,3,0,1,2,0,3,13,9,3,5,10,4,16,14,62,38,1.32,1.49,1.87,1.34,2.69,54,77,46,19,12,35,58,50,81,10.07,6.39,3.00,3.05,2.45,1.44,2.20,3.85,7.75,1.95,1.80,Estádio Pina Manique (Lisboa)
1618048800,Apr 10 2021 - 10:00am,complete,N/A,Associação Académica de Coimbra OAF,Porto II,António Emanuel Carvalho Nobre,28,1.92,1.00,1.82,0.82,1,1,2,2,1,1,"9","17",7,9,4,0,2,0,1,3,0,2,9,14,5,6,4,8,24,14,54,46,1.46,1.52,1.46,1.91,2.40,61,76,48,20,4,37,60,28,76,10.15,5.38,2.33,3.10,3.35,1.45,2.43,4.05,8.00,2.05,1.69,Estádio EFAPEL (Coimbra)
1618063200,Apr 10 2021 - 2:00pm,complete,N/A,Cova Piedade,Varzim,Luis Miguel Branco Godinho,28,0.85,1.15,1.12,1.06,2,1,3,1,1,0,"16,90'6","57",4,6,6,0,2,0,2,4,1,1,10,7,6,4,4,3,22,18,49,51,1.16,1.26,1.49,1.37,2.16,46,62,35,23,12,15,58,39,74,7.70,6.39,2.80,3.00,2.75,1.52,2.58,4.40,9.25,2.00,1.65,Estádio Municipal José Martins Vieira (Almada)
1618083000,Apr 10 2021 - 7:30pm,complete,N/A,Leixões,FC Penafiel,Vitor Jorge Fernandes Ferreira,28,1.46,1.15,1.47,1.29,2,0,2,2,2,0,"14,22","",3,7,4,0,1,1,0,4,1,1,11,11,3,4,8,7,20,12,43,57,1.61,1.46,1.33,1.51,2.54,54,69,50,31,12,35,69,38,77,12.46,4.77,2.65,2.90,3.10,1.40,2.23,4.05,8.50,1.91,1.74,Estádio do Mar (Matosinhos)
1618136100,Apr 11 2021 - 10:15am,complete,N/A,GD Estoril Praia,Vilafranquense,Bruno Miguel Cândido Rebocho,28,2.15,0.92,2.12,0.88,3,1,4,2,2,0,"31,32,87","71",4,4,9,0,5,0,1,8,1,4,16,7,8,3,8,4,17,15,60,40,1.61,1.35,2.10,1.13,2.84,61,76,60,32,16,36,80,48,72,8.69,7.07,1.38,4.22,9.53,1.45,2.00,3.95,8.50,2.60,1.47,Estádio António Coimbra da Mota (Estoril)
1618146000,Apr 11 2021 - 1:00pm,complete,N/A,GD Chaves,Sporting Covilhã,José Dinis Lopes Nunes Godinho Gorjão,28,1.31,1.00,1.59,0.88,2,0,2,0,0,0,"53,61","",5,4,1,0,2,0,0,1,0,2,16,9,7,4,9,5,19,18,56,44,2.02,1.14,1.94,1.19,1.81,46,54,42,8,0,27,58,31,62,12.70,5.07,1.98,3.14,4.13,1.53,2.55,4.85,10.50,2.40,1.53,Estádio Municipal Eng. Manuel Branco Teixeira (Chaves)
1618156800,Apr 11 2021 - 4:00pm,complete,N/A,Benfica II,CD Feirense,Frederico João Gonçalves Santos B. Martins,28,1.77,1.85,1.82,1.65,2,0,2,2,2,0,"22,38","",5,8,2,0,3,0,0,2,0,3,11,12,6,3,5,9,19,15,53,47,1.75,1.46,1.55,1.66,2.47,35,58,39,31,12,31,77,31,70,9.16,5.85,2.96,3.04,2.51,1.36,2.30,4.05,8.25,1.95,1.80,Caixa Futebol Campus (Seixal)
1618169400,Apr 11 2021 - 7:30pm,complete,N/A,FC Arouca,UD Oliveirense,Hélder Miguel Azevedo Malheiro,28,1.69,0.92,2.00,0.76,3,0,3,2,2,0,"33,45,90'3","",4,4,2,0,2,0,0,2,1,1,14,13,7,5,7,8,18,11,53,47,1.55,1.10,1.90,1.58,1.96,35,58,39,12,4,39,54,12,66,8.69,4.69,1.50,3.60,6.50,1.47,2.25,4.10,8.75,2.40,1.54,Estádio Municipal de Arouca (Arouca)
1618246800,Apr 12 2021 - 5:00pm,complete,N/A,Academico Viseu,FC Vizela,David Rafael Oliveira Silva,28,1.00,1.38,1.12,1.65,1,3,4,1,0,1,"80","33,76,86",3,3,1,0,3,0,1,0,0,3,11,15,5,6,6,9,9,22,50,50,1.23,1.80,1.36,1.72,2.42,54,81,47,23,4,35,62,54,66,10.31,5.31,4.75,3.05,1.75,1.47,2.31,3.95,8.25,2.20,1.61,Estádio Municipal de Aveiro (Aveiro)
1618342200,Apr 13 2021 - 7:30pm,complete,N/A,CD Mafra,Casa Pia,Hugo Serafim Coelho Magalhães Silva,28,1.69,1.23,1.41,1.18,0,4,4,2,0,2,"","28,43,51,84",8,3,2,0,2,0,0,2,0,2,19,11,8,6,11,5,16,15,53,47,1.64,1.33,2.46,1.56,2.39,66,77,42,23,0,27,66,43,81,11.00,5.77,2.30,2.75,3.30,1.50,2.45,4.25,9.00,1.87,1.83,Estádio Municipal de Mafra (Mafra)
1618601400,Apr 16 2021 - 7:30pm,complete,N/A,Vilafranquense,Leixões,Artur Manuel Ribeiro Soares Dias,29,1.07,0.79,0.94,0.88,0,2,2,1,0,1,"","33,68",9,9,4,0,2,0,2,2,1,1,9,15,3,6,6,9,21,21,54,46,1.28,1.21,1.39,1.90,2.07,57,68,36,18,0,25,64,36,75,8.50,6.36,2.31,2.86,3.07,1.42,2.38,3.95,7.75,2.00,1.80,Estádio Municipal de Rio Maior (Rio Maior)
1618653600,Apr 17 2021 - 10:00am,complete,N/A,CD Feirense,Varzim,Manuel Mota,29,1.71,1.07,1.76,1.06,1,0,1,1,1,0,"39","",3,7,0,0,0,0,0,0,0,0,15,17,7,4,8,13,9,8,54,46,1.76,1.27,1.88,1.92,2.11,50,61,43,18,0,22,54,43,75,10.14,5.43,1.70,3.10,5.00,1.50,2.45,4.75,10.25,2.40,1.50,Estádio Marcolino de Castro (Santa Maria da Feira)
1618740900,Apr 18 2021 - 10:15am,complete,N/A,Casa Pia,Associação Académica de Coimbra OAF,Manuel Antonio Rodrigues Oliveira,29,1.36,1.71,1.35,1.82,0,3,3,1,0,1,"","23,72,78",10,2,2,0,2,0,1,1,2,0,12,5,6,4,6,1,15,14,54,46,1.36,1.36,1.90,1.01,2.29,50,72,43,14,7,22,47,50,79,9.85,5.36,2.64,2.93,2.53,1.40,1.57,3.90,8.25,1.95,1.80,Estádio Pina Manique (Lisboa)
1618750800,Apr 18 2021 - 1:00pm,complete,N/A,FC Penafiel,Cova Piedade,João Bento,29,1.57,1.14,1.41,1.06,2,2,4,1,0,1,"51,59","25,73",5,2,3,1,2,1,1,3,2,1,6,10,4,6,2,4,8,15,58,42,1.45,1.27,1.09,1.44,2.43,64,72,50,21,4,36,72,43,68,10.29,6.07,2.30,2.90,3.45,1.48,2.30,4.10,8.50,2.00,1.77,Estádio Municipal 25 de Abril (Penafiel)
1618754400,Apr 18 2021 - 2:00pm,complete,N/A,Porto II,GD Estoril Praia,Miguel Bertolo Nogueira,29,0.79,2.29,1.06,2.00,2,2,4,2,0,2,"57,60","24,45'5",8,7,2,0,3,0,1,1,0,3,13,11,7,9,6,2,9,10,53,47,1.83,1.44,1.93,1.79,2.36,54,72,43,11,11,36,61,40,82,10.50,5.86,3.25,3.25,2.20,1.42,2.20,3.80,7.50,1.95,1.80,Estádio Dr. Jorge Sampaio (Pedroso- Vila Nova de Gaia)
1618761600,Apr 18 2021 - 4:00pm,complete,N/A,UD Oliveirense,CD Mafra,João Carlos Casegas Marques Almeida,29,1.00,0.79,1.06,0.76,0,0,0,0,0,0,"","",3,4,3,0,1,0,1,2,0,1,7,12,3,5,4,7,19,16,50,50,1.37,1.57,1.03,1.61,2.29,43,72,47,22,0,29,75,36,72,9.29,5.28,2.70,2.95,2.80,1.49,2.35,4.20,8.75,2.00,1.74,Estádio Carlos Osório (Oliveira de Azeméis)
1618774200,Apr 18 2021 - 7:30pm,complete,N/A,GD Chaves,Academico Viseu,Vitor Jorge Fernandes Ferreira,29,1.43,1.14,1.59,1.00,2,1,3,2,1,1,"21,48","16",4,5,1,0,4,0,0,1,0,4,13,10,6,4,7,6,14,15,55,45,2.01,1.15,1.74,1.31,2.11,54,72,40,7,4,25,64,40,61,11.00,5.36,1.51,3.70,7.00,1.53,2.40,4.65,10.25,2.55,1.48,Estádio Municipal Eng. Manuel Branco Teixeira (Chaves)
1618851600,Apr 19 2021 - 5:00pm,complete,N/A,Sporting Covilhã,FC Arouca,Rui Miguel Gomes Lima,29,1.29,1.57,1.29,1.82,1,2,3,0,0,0,"57","84,87",4,6,2,1,2,0,1,2,1,1,8,12,4,4,4,8,17,10,50,50,1.54,1.58,1.07,1.63,2.36,50,75,47,25,0,33,72,47,75,12.21,5.79,3.35,2.80,2.40,1.61,2.50,4.55,9.25,2.15,1.65,Estádio Municipal José Santos Pinto (Covilhã)
1618858800,Apr 19 2021 - 7:00pm,complete,N/A,FC Vizela,Benfica II,Hugo Serafim Coelho Magalhães Silva,29,2.21,0.71,2.24,0.76,1,0,1,0,0,0,"49","",0,3,3,0,2,0,2,1,1,1,13,7,6,0,7,7,23,15,44,56,1.63,1.58,1.65,0.91,2.75,68,83,54,29,15,43,68,54,79,10.93,5.72,1.67,3.65,5.00,1.27,1.80,2.90,5.50,1.74,2.05,Estádio Do Vizela (Caldas de Vizela)
1619205300,Apr 23 2021 - 7:15pm,complete,N/A,GD Estoril Praia,Casa Pia,João Filipe Malheiro Pinto,30,2.21,1.36,2.12,1.18,1,1,2,2,1,1,"14","13",6,3,1,0,4,0,1,0,0,4,9,7,7,5,2,2,19,19,50,50,1.65,1.35,1.63,1.21,2.75,61,75,54,36,11,36,72,57,75,9.21,6.36,1.42,4.15,7.75,1.38,2.05,3.50,7.00,2.30,1.57,Estádio António Coimbra da Mota (Estoril)
1619258400,Apr 24 2021 - 10:00am,complete,N/A,Associação Académica de Coimbra OAF,GD Chaves,Nuno Miguel Serrano Almeida,30,1.85,2.07,1.82,1.76,2,1,3,1,0,1,"78,83","41",4,4,4,0,2,2,2,2,0,4,14,9,4,5,10,4,23,6,55,45,1.46,1.48,1.73,1.35,2.55,67,74,56,15,4,45,63,34,78,9.30,6.50,3.13,2.75,2.63,1.45,1.53,4.25,8.50,1.95,1.80,Estádio EFAPEL (Coimbra)
1619272800,Apr 24 2021 - 2:00pm,complete,N/A,Leixões,CD Feirense,Gustavo Fernandes Correia,30,1.57,1.71,1.47,1.65,1,4,5,1,0,1,"66","45'1,49,74,84",1,5,3,1,0,0,0,4,0,0,10,13,5,9,5,4,14,15,50,50,1.59,1.48,1.32,1.85,2.22,32,61,33,25,7,33,75,29,64,10.85,5.86,3.35,2.80,2.45,1.54,2.45,4.35,9.00,2.10,1.69,Estádio do Mar (Matosinhos)
1619281800,Apr 24 2021 - 4:30pm,complete,N/A,Varzim,FC Vizela,André Filipe Domingues Narciso,30,0.86,1.50,0.88,1.65,0,3,3,3,0,3,"","3,22,34",7,1,3,0,2,0,3,0,1,1,8,10,4,6,4,4,19,25,48,52,1.54,1.79,1.32,1.44,2.50,57,79,47,29,4,36,75,39,61,11.29,5.64,3.90,3.30,2.00,1.48,2.30,4.15,8.50,2.15,1.67,Estádio Varzim Sport Club (Póvoa de Varzim)
1619292600,Apr 24 2021 - 7:30pm,complete,N/A,CD Mafra,Sporting Covilhã,Carlos André Fernandes Macedo,30,1.57,0.93,1.41,0.88,2,2,4,4,2,2,"11,22","14,39",2,1,2,1,2,0,0,3,0,2,10,7,7,4,3,3,21,15,58,42,1.70,1.14,1.52,1.25,2.18,50,65,47,18,0,36,61,29,83,11.50,5.22,2.30,2.85,3.50,1.47,2.25,3.95,7.75,1.95,1.80,Estádio Municipal de Mafra (Mafra)
1619345700,Apr 25 2021 - 10:15am,complete,N/A,Academico Viseu,Porto II,Manuel Mota,30,0.93,1.00,1.12,0.82,1,0,1,0,0,0,"52","",3,3,6,0,1,1,2,4,2,0,13,13,5,5,8,8,16,7,50,50,1.24,1.55,1.57,1.67,2.22,50,75,36,22,4,36,68,32,61,10.57,4.93,4.00,3.20,1.80,1.44,2.00,3.35,6.75,1.95,1.80,Estádio Municipal de Aveiro (Aveiro)
1619359200,Apr 25 2021 - 2:00pm,complete,N/A,Cova Piedade,UD Oliveirense,Miguel Bertolo Nogueira,30,1.00,0.86,1.12,0.76,0,0,0,0,0,0,"","",4,8,3,1,2,0,3,1,2,0,7,19,2,4,5,15,17,16,36,64,1.19,1.13,1.02,2.25,2.47,43,79,47,22,11,36,68,32,83,6.14,6.00,1.80,3.45,4.45,1.48,2.35,4.35,9.25,2.30,1.57,Estádio Municipal José Martins Vieira (Almada)
1619379000,Apr 25 2021 - 7:30pm,complete,N/A,FC Arouca,Vilafranquense,N/A,30,1.79,0.85,2.00,0.88,3,0,3,1,1,0,"33,55,90'7","",3,1,5,0,2,1,2,3,0,3,10,12,6,5,4,7,14,17,54,46,1.58,1.34,1.42,1.50,2.21,49,64,46,19,8,30,60,31,67,9.35,6.14,1.57,3.45,5.10,1.52,2.40,4.35,9.00,2.45,1.51,Estádio Municipal de Arouca (Arouca)
1619447400,Apr 26 2021 - 2:30pm,complete,N/A,Benfica II,FC Penafiel,Marcos Roberto Viegas Brazão,30,1.86,1.07,1.82,1.29,2,2,4,0,0,0,"48,90","68,72",7,6,4,0,2,0,1,3,2,0,13,12,7,6,6,6,17,17,64,36,1.73,1.47,1.86,1.68,2.72,50,71,50,33,14,43,75,36,71,10.86,4.86,2.04,3.25,3.10,1.30,2.00,3.25,6.25,1.80,1.95,Caixa Futebol Campus (Seixal)
1619863200,May 01 2021 - 10:00am,complete,N/A,GD Chaves,CD Mafra,João Carlos Casegas Marques Almeida,31,1.53,0.80,1.59,0.76,1,1,2,1,1,0,"33","66",4,6,4,1,4,0,0,5,1,3,11,12,6,2,5,10,16,19,50,50,1.99,1.57,1.50,1.33,2.13,40,74,40,17,0,34,70,37,63,12.07,4.54,1.70,3.05,5.20,1.35,2.14,3.70,7.00,2.06,1.75,Estádio Municipal Eng. Manuel Branco Teixeira (Chaves)
1619877600,May 01 2021 - 2:00pm,complete,N/A,Porto II,Cova Piedade,N/A,31,0.80,1.13,1.06,1.06,5,1,6,2,2,0,"20,24,57,67,82","84",7,6,1,0,2,1,1,0,1,2,14,9,7,4,7,5,18,17,50,50,1.83,1.28,1.82,1.32,2.87,80,87,67,24,10,47,80,50,80,11.27,6.40,1.84,3.55,4.40,1.35,1.87,2.95,5.75,1.83,1.91,Estádio Dr. Jorge Sampaio (Pedroso- Vila Nova de Gaia)
1619950500,May 02 2021 - 10:15am,complete,N/A,UD Oliveirense,Benfica II,Iancu Ioan Vasilica,31,1.00,0.67,1.06,0.76,0,2,2,1,0,1,"","38,68",4,6,2,1,2,0,0,3,1,1,8,17,2,7,6,10,18,16,51,49,1.35,1.54,1.06,2.06,2.43,54,67,50,23,14,33,67,43,70,10.14,6.00,3.00,3.00,2.25,1.33,1.95,3.25,6.50,1.80,1.95,Estádio Carlos Osório (Oliveira de Azeméis)
1619960400,May 02 2021 - 1:00pm,complete,N/A,FC Vizela,CD Feirense,Artur Manuel Ribeiro Soares Dias,31,2.27,1.80,2.24,1.65,1,1,2,2,1,1,"23","45'2",7,2,4,1,2,1,2,3,1,2,15,11,3,5,12,6,18,17,46,54,1.63,1.50,1.64,1.53,2.30,47,63,40,24,7,30,70,37,70,8.73,5.87,2.05,3.10,3.40,1.45,2.20,4.05,8.00,2.10,1.71,Estádio Do Vizela (Caldas de Vizela)
1619967600,May 02 2021 - 3:00pm,complete,N/A,Sporting Covilhã,Leixões,N/A,31,1.20,0.93,1.29,0.88,0,0,0,0,0,0,"","",5,5,0,0,0,0,0,0,0,0,5,6,0,2,5,4,8,5,50,50,1.50,1.26,0.83,0.96,2.27,60,77,43,17,0,27,67,43,77,11.73,5.80,2.25,2.75,3.30,1.49,2.55,4.30,9.50,1.95,1.80,Estádio Municipal José Santos Pinto (Covilhã)
1619974800,May 02 2021 - 5:00pm,complete,N/A,Casa Pia,Academico Viseu,Ricardo Baixinho,31,1.27,1.07,1.35,1.00,0,0,0,0,0,0,"","",5,6,4,0,1,0,1,3,0,1,10,9,2,4,8,5,16,17,65,35,1.40,1.16,1.46,1.39,2.57,57,84,47,10,10,33,60,47,80,9.20,5.67,1.95,3.00,3.90,1.45,2.25,4.15,8.25,2.00,1.74,Estádio Pina Manique (Lisboa)
1619982000,May 02 2021 - 7:00pm,complete,N/A,FC Penafiel,GD Estoril Praia,José Dinis Lopes Nunes Godinho Gorjão,31,1.53,2.20,1.41,2.00,0,0,0,0,0,0,"","",10,5,3,0,1,0,2,1,0,1,17,8,4,4,13,4,23,21,50,50,1.43,1.46,1.76,1.19,2.14,44,60,33,20,4,27,57,40,73,9.60,5.53,3.80,3.00,1.95,1.45,2.25,4.10,8.50,2.10,1.69,Estádio Municipal 25 de Abril (Penafiel)
1620055800,May 03 2021 - 3:30pm,complete,N/A,Vilafranquense,Varzim,Luis Miguel Branco Godinho,31,1.00,1.00,0.94,1.06,1,3,4,2,0,2,"54","12,45'4,90'3",7,11,3,0,6,0,2,1,1,5,20,15,9,10,11,5,11,16,64,36,1.29,1.31,2.73,2.23,1.97,47,57,37,20,0,20,60,33,70,9.47,6.13,2.70,2.75,3.00,1.48,2.30,4.10,8.50,1.95,1.83,Estádio Municipal de Rio Maior (Rio Maior)
1620068400,May 03 2021 - 7:00pm,complete,N/A,Associação Académica de Coimbra OAF,FC Arouca,Tiago Bruno Lopes Martins,31,1.93,1.67,1.82,1.82,0,1,1,1,0,1,"","12",9,4,1,0,1,0,0,1,0,1,11,13,3,5,8,8,14,13,65,35,1.48,1.58,1.69,1.61,2.38,59,76,52,14,0,35,65,42,76,9.28,6.00,2.60,3.00,2.90,1.48,2.30,4.05,8.25,2.00,1.74,Estádio EFAPEL (Coimbra)
1620484200,May 08 2021 - 2:30pm,complete,N/A,CD Feirense,UD Oliveirense,Hugo Filipe Ferreira de Campos Moreira Miguel,32,1.80,0.87,1.76,0.76,4,1,5,3,2,1,"13,43,54,74","3",6,3,2,0,3,1,0,2,2,2,13,4,8,3,5,1,17,5,53,47,1.77,1.21,2.00,0.89,2.24,40,70,47,17,0,40,60,30,77,8.60,4.74,1.39,3.90,6.80,1.30,1.90,4.05,8.25,2.65,1.44,Estádio Marcolino de Castro (Santa Maria da Feira)
1620489600,May 08 2021 - 4:00pm,complete,N/A,Benfica II,Sporting Covilhã,Bruno Miguel Cândido Rebocho,32,1.80,0.93,1.82,0.88,1,1,2,2,1,1,"22","24",6,2,2,0,2,0,1,1,1,1,12,9,4,6,8,3,18,17,64,36,1.74,1.15,1.78,1.35,2.40,47,63,47,27,7,33,60,34,73,10.13,4.93,2.07,3.20,3.05,1.36,2.15,3.50,7.00,1.87,1.91,Caixa Futebol Campus (Seixal)
1620493200,May 08 2021 - 5:00pm,complete,N/A,CD Mafra,Associação Académica de Coimbra OAF,N/A,32,1.53,1.80,1.41,1.82,2,2,4,2,2,0,"12,19","57,66",4,2,3,0,5,0,0,3,0,5,8,13,6,8,2,5,17,21,45,55,1.68,1.34,1.38,2.09,2.30,54,70,50,23,0,27,64,37,77,10.67,5.34,2.98,3.15,2.14,1.36,2.20,3.75,7.50,2.00,1.77,Estádio Municipal de Mafra (Mafra)
1620501300,May 08 2021 - 7:15pm,complete,N/A,GD Estoril Praia,GD Chaves,Gustavo Fernandes Correia,32,2.13,1.93,2.12,1.76,1,1,2,2,1,1,"34","30",5,6,5,1,3,0,3,3,2,1,12,17,4,4,8,13,23,15,50,50,1.65,1.47,1.48,1.84,2.87,64,73,60,30,14,47,80,44,74,9.80,7.07,1.91,3.01,3.28,1.33,1.86,3.55,7.25,1.83,1.91,Estádio António Coimbra da Mota (Estoril)
1620565200,May 09 2021 - 1:00pm,complete,N/A,Cova Piedade,FC Vizela,João Bento,32,1.00,1.60,1.12,1.65,1,1,2,2,1,1,"4","39",7,7,6,1,2,0,2,5,2,0,7,16,3,7,4,9,20,14,41,59,1.17,1.77,1.14,2.11,2.67,57,83,50,34,14,23,64,57,77,8.47,6.27,7.72,4.22,1.46,1.30,1.88,3.10,6.25,1.91,1.80,Estádio Municipal José Martins Vieira (Almada)
1620568800,May 09 2021 - 2:00pm,complete,N/A,FC Arouca,Casa Pia,Frederico João Gonçalves Santos B. Martins,32,1.87,1.33,2.00,1.18,2,1,3,2,1,1,"12,79","6",8,5,2,0,4,1,1,1,1,4,15,9,7,5,8,4,18,22,46,54,1.57,1.34,1.93,1.33,2.07,47,64,37,17,4,27,54,37,67,9.67,5.20,1.44,4.13,8.55,1.42,2.12,3.10,8.00,2.30,1.56,Estádio Municipal de Arouca (Arouca)
1620577800,May 09 2021 - 4:30pm,complete,N/A,Leixões,Porto II,Vitor Jorge Fernandes Ferreira,32,1.47,0.93,1.47,0.82,2,0,2,2,2,0,"25,34","",5,8,1,0,3,0,0,1,0,3,11,10,9,6,2,4,28,13,50,50,1.57,1.55,1.76,1.63,2.40,50,73,37,30,10,30,70,30,70,12.46,5.20,3.57,3.49,2.09,1.32,1.89,3.25,6.00,1.80,1.91,Estádio do Mar (Matosinhos)
1620588600,May 09 2021 - 7:30pm,complete,N/A,Varzim,FC Penafiel,N/A,32,0.80,1.07,0.88,1.29,1,2,3,0,0,0,"79","53,65",7,6,2,0,4,0,0,2,1,3,16,10,6,5,10,5,20,13,52,48,1.53,1.48,1.89,1.39,2.40,50,70,47,23,7,47,77,24,57,11.20,5.26,2.56,2.74,3.47,1.36,2.28,3.95,8.00,1.91,1.80,Estádio Varzim Sport Club (Póvoa de Varzim)
1620662400,May 10 2021 - 4:00pm,complete,N/A,Academico Viseu,Vilafranquense,António Emanuel Carvalho Nobre,32,1.07,0.79,1.12,0.88,1,2,3,0,0,0,"77","66,85",6,7,4,0,3,1,1,3,1,3,3,7,2,4,1,3,19,21,50,50,1.26,1.35,0.44,0.87,2.40,52,77,49,21,4,31,70,49,70,7.84,6.66,2.30,3.00,3.30,1.38,2.34,4.15,8.25,2.10,1.67,Estádio Municipal de Aveiro (Aveiro)
1621006200,May 14 2021 - 3:30pm,complete,N/A,UD Oliveirense,Academico Viseu,João Pedro Silva Pinheiro,33,0.94,1.06,1.06,1.00,2,1,3,0,0,0,"52,90","63",4,4,1,0,6,0,1,0,2,4,20,11,4,4,16,7,17,21,49,51,1.33,1.18,1.83,1.30,2.10,54,66,44,10,3,22,66,31,66,8.06,5.88,2.85,3.05,2.55,1.44,2.20,3.85,7.75,1.95,1.80,Estádio Carlos Osório (Oliveira de Azeméis)
1621072800,May 15 2021 - 10:00am,complete,N/A,GD Chaves,Leixões,José Dinis Lopes Nunes Godinho Gorjão,33,1.50,0.94,1.59,0.88,3,1,4,2,1,1,"9,69,90'1","21",10,7,2,0,1,0,1,1,0,1,15,12,8,8,7,4,12,24,55,45,1.96,1.24,2.15,1.76,1.94,53,69,35,6,0,22,69,35,63,11.75,5.44,1.75,3.15,4.60,1.42,2.20,4.05,8.25,2.15,1.67,Estádio Municipal Eng. Manuel Branco Teixeira (Chaves)
1621087200,May 15 2021 - 2:00pm,complete,N/A,Vilafranquense,Cova Piedade,Artur Manuel Ribeiro Soares Dias,33,0.94,1.06,0.94,1.06,0,0,0,0,0,0,"","",6,3,5,0,2,0,2,3,1,1,13,8,5,3,8,5,17,21,61,39,1.38,1.28,1.78,1.14,2.54,63,75,47,31,7,38,72,44,75,9.44,6.69,2.45,2.95,3.10,1.40,2.15,3.60,7.00,1.83,1.91,Estádio Municipal de Rio Maior (Rio Maior)
1621090800,May 15 2021 - 3:00pm,complete,N/A,CD Mafra,FC Arouca,Iancu Ioan Vasilica,33,1.50,1.75,1.41,1.82,0,1,1,1,0,1,"","12",7,1,3,0,2,0,1,2,0,2,8,6,3,2,5,4,21,15,56,44,1.67,1.58,1.40,0.96,2.50,54,75,50,29,0,38,78,38,75,11.06,5.69,4.70,3.48,1.74,1.38,2.25,3.80,8.00,2.10,1.69,Estádio Municipal de Mafra (Mafra)
1621160100,May 16 2021 - 10:15am,complete,N/A,Sporting Covilhã,GD Estoril Praia,Carlos André Fernandes Macedo,33,1.19,2.13,1.29,2.00,3,2,5,3,1,2,"10,71,82","3,45'4",6,5,3,0,2,0,1,2,0,2,12,8,4,3,8,5,10,13,50,50,1.46,1.44,1.44,1.12,2.03,41,63,32,19,3,28,50,41,72,11.26,5.32,3.05,2.90,2.35,1.36,2.30,4.05,8.25,1.95,1.80,Estádio Municipal José Santos Pinto (Covilhã)
1621170000,May 16 2021 - 1:00pm,complete,N/A,FC Penafiel,FC Vizela,João Filipe Malheiro Pinto,33,1.50,1.56,1.41,1.65,1,2,3,0,0,0,"68","56,86",2,3,4,1,5,0,3,2,2,3,9,17,6,7,3,10,23,13,47,53,1.45,1.79,1.30,2.13,2.60,63,79,57,32,3,32,66,54,69,11.12,5.38,4.50,3.25,1.83,1.33,1.95,3.20,6.25,1.83,1.95,Estádio Municipal 25 de Abril (Penafiel)
1621173600,May 16 2021 - 2:00pm,complete,N/A,Porto II,CD Feirense,Nuno Miguel Serrano Almeida,33,0.94,1.75,1.06,1.65,4,2,6,2,2,0,"18,22,53,76","75,83",5,5,2,0,4,0,0,2,3,1,13,21,6,4,7,17,10,14,51,49,1.83,1.51,1.64,2.13,2.75,60,75,56,25,16,47,81,41,75,10.56,5.94,1.80,3.75,4.05,1.29,1.83,3.00,5.75,1.80,1.95,Estádio Dr. Jorge Sampaio (Pedroso- Vila Nova de Gaia)
1621173600,May 16 2021 - 2:00pm,complete,N/A,Casa Pia,Varzim,Miguel Bertolo Nogueira,33,1.25,1.13,1.35,1.06,3,0,3,0,0,0,"49,67,78","",5,9,2,0,2,0,0,2,2,0,15,10,7,4,8,6,19,19,51,49,1.40,1.37,1.87,1.56,2.28,47,66,44,16,7,25,57,47,72,10.94,5.88,2.60,3.10,2.80,1.43,2.15,3.80,7.50,1.91,1.83,Estádio Pina Manique (Lisboa)
1621179000,May 16 2021 - 3:30pm,complete,N/A,Associação Académica de Coimbra OAF,Benfica II,Fábio José Costa Veríssimo,33,1.80,0.81,1.82,0.76,1,0,1,0,0,0,"62","",4,7,2,0,3,0,0,2,0,3,7,7,2,2,5,5,18,13,51,49,1.49,1.57,1.05,1.12,2.61,62,77,52,19,13,45,65,42,77,10.41,5.74,1.91,3.45,3.80,1.34,1.95,3.25,6.50,1.87,1.91,Estádio EFAPEL (Coimbra)
1621443600,May 19 2021 - 5:00pm,complete,N/A,Associação Académica de Coimbra OAF,Vilafranquense,Hugo Serafim Coelho Magalhães Silva,26,1.88,0.93,1.82,0.88,2,2,4,0,0,0,"51,90'4","75,90'8",11,2,0,0,0,0,0,0,0,0,12,9,7,4,5,5,18,13,60,40,1.46,1.32,1.79,1.15,2.53,65,78,59,17,4,33,65,46,78,8.43,6.88,1.59,3.70,6.00,1.39,2.15,3.85,8.00,2.20,1.62,Estádio EFAPEL (Coimbra)
1621539000,May 20 2021 - 7:30pm,complete,N/A,GD Estoril Praia,CD Mafra,Cláudio Filipe Ruivo Pereira,34,2.06,0.81,2.12,0.76,1,0,1,1,1,0,"41","",6,7,2,0,2,0,1,1,2,0,6,8,3,4,3,4,11,18,50,50,1.64,1.56,1.06,1.40,2.63,51,78,47,32,10,47,82,38,69,9.75,5.75,1.57,4.05,5.25,1.22,1.69,2.65,4.90,1.74,2.05,Estádio António Coimbra da Mota (Estoril)
1621625400,May 21 2021 - 7:30pm,complete,N/A,CD Feirense,FC Penafiel,João Carlos Casegas Marques Almeida,34,1.88,1.19,1.76,1.29,0,1,1,1,0,1,"","8",10,3,3,0,2,0,2,1,1,1,13,12,6,3,7,9,18,15,57,43,1.78,1.48,2.01,1.30,2.57,57,72,54,28,10,38,60,47,78,10.76,4.69,1.67,3.85,4.80,1.28,1.80,2.85,5.25,1.83,1.91,Estádio Marcolino de Castro (Santa Maria da Feira)
1621702800,May 22 2021 - 5:00pm,complete,N/A,Leixões,Associação Académica de Coimbra OAF,João Bento,34,1.56,1.75,1.47,1.82,1,2,3,1,1,0,"35","50,89",3,7,1,0,5,1,1,0,1,5,12,13,6,4,6,9,18,11,36,64,1.58,1.39,1.60,1.62,2.28,47,69,44,25,7,22,63,44,72,10.56,5.26,5.25,3.35,1.74,1.35,2.00,3.35,6.75,1.95,1.83,Estádio do Mar (Matosinhos)
1621702800,May 22 2021 - 5:00pm,complete,N/A,Cova Piedade,Casa Pia,Iancu Ioan Vasilica,34,1.00,1.25,1.12,1.18,4,0,4,3,3,0,"12,31,34,57","",1,11,2,0,1,0,1,1,0,1,10,11,6,3,4,8,19,13,42,58,1.17,1.34,1.47,1.65,2.38,60,78,38,25,10,25,63,50,75,7.69,6.81,2.55,2.95,3.00,1.34,1.95,3.20,6.00,1.71,2.10,Estádio Municipal José Martins Vieira (Almada)
1621702800,May 22 2021 - 5:00pm,complete,N/A,Benfica II,Porto II,Manuel Antonio Rodrigues Oliveira,34,1.75,0.88,1.82,0.82,2,1,3,1,0,1,"48,72","38",4,9,3,2,2,0,2,3,1,1,11,14,7,7,4,7,25,17,51,49,1.74,1.56,1.56,1.97,2.53,50,75,38,32,10,38,72,29,66,11.69,5.06,5.25,4.40,1.53,1.20,1.56,2.35,4.10,1.71,2.10,Caixa Futebol Campus (Seixal)
1621702800,May 22 2021 - 5:00pm,complete,N/A,FC Arouca,GD Chaves,Artur Manuel Ribeiro Soares Dias,34,1.94,1.88,2.00,1.76,3,1,4,2,1,1,"14,55,74","42",6,4,2,0,3,0,0,2,3,0,14,7,7,5,7,2,11,13,51,49,1.59,1.49,1.87,1.18,2.25,50,63,47,13,6,38,63,26,69,10.50,5.94,1.61,3.95,5.25,1.40,2.15,3.80,7.50,2.25,1.61,Estádio Municipal de Arouca (Arouca)
1621702800,May 22 2021 - 5:00pm,complete,N/A,Academico Viseu,Sporting Covilhã,Fábio José Costa Veríssimo,34,1.00,0.94,1.12,0.88,3,2,5,5,3,2,"2,38,45'1","10,19",6,3,0,0,0,0,0,0,0,0,13,15,9,9,4,6,17,20,42,58,1.21,1.16,1.97,2.09,2.00,47,63,41,13,0,35,53,35,66,8.81,5.12,2.00,3.40,3.70,1.39,2.15,3.70,7.50,2.00,1.77,Estádio Municipal de Aveiro (Aveiro)
1621702800,May 22 2021 - 5:00pm,complete,N/A,Varzim,UD Oliveirense,Luis Miguel Branco Godinho,34,0.75,0.81,0.88,0.76,1,0,1,0,0,0,"75","",9,3,2,0,6,0,1,1,2,4,15,8,8,3,7,5,24,26,52,48,1.55,1.19,2.13,1.04,2.29,41,72,47,16,3,50,75,16,60,9.19,5.51,1.69,3.45,5.25,1.39,2.10,3.65,7.25,2.05,1.71,Estádio Varzim Sport Club (Póvoa de Varzim)
1621702800,May 22 2021 - 5:00pm,complete,N/A,FC Vizela,Vilafranquense,Tiago Bruno Lopes Martins,34,2.19,0.94,2.24,0.88,5,2,7,3,2,1,"2,28,59,80,90'2","16,49",7,3,2,0,3,0,1,1,1,2,19,6,8,3,11,3,19,12,48,52,1.63,1.31,2.34,1.00,2.60,69,82,57,25,3,28,66,54,78,8.50,6.75,1.36,4.60,7.75,1.31,1.87,3.15,6.25,2.20,1.65,Estádio Do Vizela (Caldas de Vizela)
