timestamp,date_GMT,status,attendance,home_team_name,away_team_name,referee,Game Week,Pre-Match PPG (Home),Pre-Match PPG (Away),home_ppg,away_ppg,home_team_goal_count,away_team_goal_count,total_goal_count,total_goals_at_half_time,home_team_goal_count_half_time,away_team_goal_count_half_time,home_team_goal_timings,away_team_goal_timings,home_team_corner_count,away_team_corner_count,home_team_yellow_cards,home_team_red_cards,away_team_yellow_cards,away_team_red_cards,home_team_first_half_cards,home_team_second_half_cards,away_team_first_half_cards,away_team_second_half_cards,home_team_shots,away_team_shots,home_team_shots_on_target,away_team_shots_on_target,home_team_shots_off_target,away_team_shots_off_target,home_team_fouls,away_team_fouls,home_team_possession,away_team_possession,Home Team Pre-Match xG,Away Team Pre-Match xG,team_a_xg,team_b_xg,average_goals_per_match_pre_match,btts_percentage_pre_match,over_15_percentage_pre_match,over_25_percentage_pre_match,over_35_percentage_pre_match,over_45_percentage_pre_match,over_15_HT_FHG_percentage_pre_match,over_05_HT_FHG_percentage_pre_match,over_15_2HG_percentage_pre_match,over_05_2HG_percentage_pre_match,average_corners_per_match_pre_match,average_cards_per_match_pre_match,odds_ft_home_team_win,odds_ft_draw,odds_ft_away_team_win,odds_ft_over15,odds_ft_over25,odds_ft_over35,odds_ft_over45,odds_btts_yes,odds_btts_no,stadium_name
1600452000,Sep 18 2020 - 6:00pm,complete,N/A,Famalicão,Benfica,Luis Miguel Branco Godinho,1,0.00,0.00,1.12,2.18,1,5,6,3,0,3,"67","19,21,42,52,66",3,4,1,0,2,0,1,0,1,1,7,15,3,8,4,7,17,10,38,62,0.00,0.00,0.81,2.00,0.00,0,0,0,0,0,0,0,0,0,0.00,0.00,7.50,4.80,1.37,1.21,1.67,2.70,4.90,1.95,1.80,Estádio Municipal 22 de Junho (Vila Nova de Famalicão)
1600460100,Sep 18 2020 - 8:15pm,complete,N/A,Vitória Guimarães,Belenenses,Manuel Antonio Rodrigues Oliveira,1,0.00,0.00,1.29,1.00,0,1,1,0,0,0,"","47",7,2,1,0,4,0,0,1,1,3,9,9,3,3,6,6,14,21,60,40,0.00,0.00,1.20,1.03,0.00,0,0,0,0,0,0,0,0,0,0.00,0.00,1.47,4.25,6.65,1.26,1.83,3.15,5.90,2.00,1.77,Estádio Dom Afonso Henriques (Guimarães)
1600527600,Sep 19 2020 - 3:00pm,complete,N/A,CD Nacional,Boavista FC,António Emanuel Carvalho Nobre,1,0.00,0.00,0.88,1.00,3,3,6,4,2,2,"28,36,90'2","19,45'2,60",6,4,5,0,3,0,1,4,1,2,13,5,8,4,5,1,23,22,56,44,0.00,0.00,1.73,0.87,0.00,0,0,0,0,0,0,0,0,0,0.00,0.00,2.70,3.00,2.80,1.49,2.50,4.95,10.00,2.05,1.69,Estádio da Madeira (Funchal (Ilha da Madeira))
1600545600,Sep 19 2020 - 8:00pm,complete,N/A,Porto,Sporting Braga,João Pedro Silva Pinheiro,1,0.00,0.00,2.47,1.65,3,1,4,3,2,1,"45'1,45'4,89","21",5,1,1,0,4,1,0,1,1,4,11,8,5,2,6,6,18,18,53,47,0.00,0.00,1.38,0.82,0.00,0,0,0,0,0,0,0,0,0,0.00,0.00,1.65,3.95,5.05,1.22,1.71,2.80,5.15,1.71,2.05,Estádio Do Dragão (Porto)
1600614000,Sep 20 2020 - 3:00pm,complete,N/A,Santa Clara,CS Marítimo,Manuel Mota,1,0.00,0.00,1.53,1.00,2,0,2,0,0,0,"57,72","",5,6,2,0,1,0,0,2,0,1,12,10,6,3,6,7,16,17,50,50,0.00,0.00,1.37,1.14,0.00,0,0,0,0,0,0,0,0,0,0.00,0.00,2.40,2.95,3.30,1.51,2.60,5.15,10.50,2.10,1.67,Cidade do Futebol (Oeiras)
1600623000,Sep 20 2020 - 5:30pm,complete,N/A,Moreirense FC,Farense,João Bento,1,0.00,0.00,1.29,0.76,2,0,2,1,1,0,"2,55","",4,6,2,0,4,1,2,0,1,4,11,9,6,3,5,6,17,12,49,51,0.00,0.00,1.38,1.23,0.00,0,0,0,0,0,0,0,0,0,0.00,0.00,2.25,3.10,3.40,1.44,2.35,4.50,9.00,2.00,1.74,Parque Desportivo Comendador Joaquim de Almeida Freitas (Moreira de Cónegos)
1600632000,Sep 20 2020 - 8:00pm,complete,N/A,CD Tondela,Rio Ave FC,Rui Manuel Gomes Costa,1,0.00,0.00,1.53,0.94,1,1,2,1,1,0,"9","90'2",1,6,1,0,0,0,0,1,0,0,7,11,3,5,4,6,15,11,34,66,0.00,0.00,0.98,1.41,0.00,0,0,0,0,0,0,0,0,0,0.00,0.00,3.80,3.10,2.10,1.43,2.35,4.45,9.00,2.00,1.71,Estádio João Cardoso (Tondela)
1600713900,Sep 21 2020 - 6:45pm,complete,N/A,Portimonense,Paços de Ferreira,Iancu Ioan Vasilica,1,0.00,0.00,1.35,1.18,1,1,2,1,0,1,"52","45'2",4,9,1,0,1,0,0,1,0,1,10,11,5,6,5,5,23,16,55,45,0.00,0.00,1.21,1.41,0.00,0,0,0,0,0,0,0,0,0,0.00,0.00,2.30,3.25,3.10,1.43,2.35,4.45,9.00,2.00,1.74,Estádio Municipal de Portimão (Portimão)
1601062200,Sep 25 2020 - 7:30pm,complete,N/A,Sporting Braga,Santa Clara,Rui Manuel Gomes Costa,2,0.00,0.00,2.12,1.18,0,1,1,1,0,1,"","5",8,0,2,0,4,0,2,0,2,2,20,6,5,2,15,4,13,17,68,32,0.00,0.00,2.10,0.64,0.00,0,0,0,0,0,0,0,0,0,0.00,0.00,1.42,4.20,7.25,1.25,1.80,3.00,5.60,1.95,1.80,Estádio Municipal de Braga (Braga)
1601130600,Sep 26 2020 - 2:30pm,complete,N/A,CS Marítimo,CD Tondela,André Filipe Domingues Narciso,2,0.00,0.00,1.06,0.59,2,1,3,3,2,1,"34,45","43",0,9,4,1,2,0,2,3,0,2,9,14,7,7,2,7,20,16,25,75,0.00,0.00,1.17,1.90,0.00,0,0,0,0,0,0,0,0,0,0.00,0.00,2.05,3.20,3.75,1.44,2.35,4.55,9.00,2.05,1.71,Estádio dos Barreiros (Funchal (Ilha da Madeira))
1601141400,Sep 26 2020 - 5:30pm,complete,N/A,Benfica,Moreirense FC,Nuno Miguel Serrano Almeida,2,0.00,0.00,2.29,1.24,2,0,2,1,1,0,"20,80","",10,1,2,0,0,0,1,1,0,0,28,6,11,2,17,4,11,14,71,29,0.00,0.00,3.15,0.65,0.00,0,0,0,0,0,0,0,0,0,0.00,0.00,1.14,8.25,16.00,1.12,1.43,2.10,3.50,2.15,1.62,Estádio do Sport Lisboa e Benfica (da Luz) (Lisboa)
1601150400,Sep 26 2020 - 8:00pm,complete,N/A,Boavista FC,Porto,Luis Miguel Branco Godinho,2,0.00,0.00,1.12,2.24,0,5,5,0,0,0,"","47,59,67,71,90'2",3,2,1,0,0,0,1,0,0,0,6,12,5,7,1,5,19,19,40,60,0.00,0.00,1.01,1.56,0.00,0,0,0,0,0,0,0,0,0,0.00,0.00,8.00,4.50,1.39,1.27,1.87,3.20,6.00,2.10,1.65,Estádio do Bessa Século XXI (Porto)
1601217000,Sep 27 2020 - 2:30pm,complete,N/A,Farense,CD Nacional,Gustavo Fernandes Correia,2,0.00,0.00,1.06,0.59,0,1,1,0,0,0,"","58",11,5,1,0,4,0,1,0,2,2,12,9,5,5,7,4,12,15,50,50,0.00,0.00,1.61,1.04,0.00,0,0,0,0,0,0,0,0,0,0.00,0.00,2.35,3.15,3.10,1.38,2.20,4.10,8.00,1.91,1.83,Estádio Do Algarve (São João da Venda)
1601218800,Sep 27 2020 - 3:00pm,complete,N/A,Gil Vicente,Portimonense,António Emanuel Carvalho Nobre,2,0.00,0.00,0.94,0.71,1,0,1,0,0,0,"50","",10,7,2,0,3,0,0,2,0,3,6,8,4,3,2,5,14,12,46,54,0.00,0.00,0.98,1.02,0.00,0,0,0,0,0,0,0,0,0,0.00,0.00,2.85,3.05,2.60,1.43,2.35,4.45,8.75,2.00,1.77,Estádio Cidade de Barcelos (Barcelos)
1601227800,Sep 27 2020 - 5:30pm,complete,N/A,Paços de Ferreira,Sporting CP,Fábio José Costa Veríssimo,2,0.00,0.00,1.94,2.47,0,2,2,1,0,1,"","23,63",4,8,2,0,6,0,1,1,4,2,7,10,0,6,7,4,18,12,49,51,0.00,0.00,0.83,1.34,0.00,0,0,0,0,0,0,0,0,0,0.00,0.00,3.50,3.10,2.20,1.41,2.25,4.25,8.25,1.95,1.77,Estádio da Capital do Móvel (Paços de Ferreira)
1601236800,Sep 27 2020 - 8:00pm,complete,N/A,Rio Ave FC,Vitória Guimarães,Tiago Bruno Lopes Martins,2,0.00,0.00,1.06,1.24,0,0,0,0,0,0,"","",4,4,2,0,3,0,1,1,0,3,6,9,4,4,2,5,12,17,48,52,0.00,0.00,0.79,1.13,0.00,0,0,0,0,0,0,0,0,0,0.00,0.00,2.90,3.25,2.45,1.35,2.10,3.80,7.50,1.83,1.87,Estádio do Rio Ave Futebol Clube (Vila do Conde)
1601318700,Sep 28 2020 - 6:45pm,complete,N/A,Belenenses,Famalicão,Hélder Miguel Azevedo Malheiro,2,0.00,0.00,1.35,1.24,1,2,3,1,1,0,"42","52,55",5,2,3,0,5,0,2,1,1,4,9,6,6,3,3,3,17,24,51,49,0.00,0.00,1.27,0.69,0.00,0,0,0,0,0,0,0,0,0,0.00,0.00,2.40,3.25,2.95,1.38,2.15,4.00,7.75,1.87,1.83,Estádio Nacional (Jamor- Oeiras)
1601661600,Oct 02 2020 - 6:00pm,complete,N/A,Moreirense FC,Boavista FC,Manuel Mota,3,3.00,1.00,1.29,1.00,1,1,2,1,0,1,"65","9",5,3,1,0,1,0,1,0,1,0,12,13,7,6,5,7,10,19,54,46,1.38,0.87,1.58,1.50,4.00,50,100,50,50,50,50,100,50,100,8.00,5.00,2.55,3.00,2.95,1.39,2.25,4.20,8.25,1.91,1.83,Parque Desportivo Comendador Joaquim de Almeida Freitas (Moreira de Cónegos)
1601669700,Oct 02 2020 - 8:15pm,complete,N/A,Vitória Guimarães,Paços de Ferreira,Hélder Miguel Azevedo Malheiro,3,0.00,1.00,1.29,1.18,1,0,1,0,0,0,"83","",2,7,4,0,2,0,0,4,0,2,7,15,2,8,5,7,11,28,53,47,1.20,1.41,0.83,1.81,1.50,50,50,0,0,0,0,50,0,100,16.00,2.00,1.74,3.40,5.15,1.44,2.35,4.50,9.00,2.20,1.62,Estádio Dom Afonso Henriques (Guimarães)
1601737200,Oct 03 2020 - 3:00pm,complete,N/A,Santa Clara,Gil Vicente,Iancu Ioan Vasilica,3,3.00,0.00,1.53,1.35,0,0,0,0,0,0,"","",8,3,1,0,3,0,1,0,1,2,9,7,4,2,5,5,14,18,51,49,1.37,0.00,1.05,0.84,1.00,0,50,0,0,0,0,0,50,50,5.00,2.00,2.20,3.05,3.60,1.49,2.50,4.85,9.75,2.10,1.69,Estádio de São Miguel (Ponta Delgada- Ilha de São Miguel- Açores)
1601746200,Oct 03 2020 - 5:30pm,complete,N/A,Porto,CS Marítimo,Rui Manuel Gomes Costa,3,3.00,0.00,2.47,1.00,2,3,5,2,1,1,"42,90'9","24,52,90'4",9,0,2,0,4,0,0,2,1,3,22,11,11,5,11,6,19,16,77,23,1.38,1.14,2.89,1.16,3.00,50,100,50,50,0,50,50,50,100,11.00,2.00,1.16,7.25,15.00,1.19,1.62,2.60,4.60,2.35,1.53,Estádio Do Dragão (Porto)
1601755200,Oct 03 2020 - 8:00pm,complete,N/A,CD Tondela,Sporting Braga,Nuno Miguel Serrano Almeida,3,1.00,0.00,1.53,1.65,0,4,4,4,0,4,"","22,26,29,43",5,8,1,0,0,0,0,1,0,0,11,18,5,9,6,9,12,15,49,51,0.98,0.82,1.34,2.03,3.00,100,100,50,50,0,50,100,0,100,2.00,7.00,6.20,4.35,1.49,1.24,1.77,2.95,5.55,1.91,1.83,Estádio João Cardoso (Tondela)
1601821800,Oct 04 2020 - 2:30pm,complete,N/A,CD Nacional,Belenenses,Vitor Jorge Fernandes Ferreira,3,1.00,3.00,0.88,1.00,0,0,0,0,0,0,"","",7,2,1,0,2,0,0,1,0,2,12,6,5,3,7,3,9,16,56,44,1.73,1.03,1.38,0.86,3.50,50,50,50,50,50,50,50,50,100,8.00,9.00,2.30,3.00,3.30,1.49,2.50,4.85,9.75,2.05,1.69,Estádio da Madeira (Funchal (Ilha da Madeira))
1601832600,Oct 04 2020 - 5:30pm,complete,N/A,Famalicão,Rio Ave FC,Artur Manuel Ribeiro Soares Dias,3,0.00,1.00,1.12,0.94,1,1,2,1,1,0,"21","78",3,5,2,0,0,0,0,2,0,0,10,11,6,5,4,6,11,9,50,50,0.81,1.41,1.28,1.49,4.00,100,100,50,50,50,50,100,50,100,9.00,1.00,3.25,3.45,2.15,1.34,2.05,3.75,7.25,1.87,1.83,Estádio Municipal 22 de Junho (Vila Nova de Famalicão)
1601832600,Oct 04 2020 - 5:30pm,complete,N/A,Benfica,Farense,Tiago Bruno Lopes Martins,3,3.00,0.00,2.29,0.76,3,2,5,1,1,0,"15,79,87","54,90'5",3,2,3,0,3,0,0,3,1,2,10,12,8,10,2,2,12,11,58,42,3.15,1.23,1.63,1.79,2.00,0,100,0,0,0,0,100,0,100,16.00,8.00,1.11,9.25,19.00,1.11,1.40,2.00,3.30,2.30,1.56,Estádio do Sport Lisboa e Benfica (da Luz) (Lisboa)
1601841600,Oct 04 2020 - 8:00pm,complete,N/A,Portimonense,Sporting CP,Manuel Antonio Rodrigues Oliveira,3,1.00,3.00,1.35,2.47,0,2,2,2,0,2,"","4,11",7,2,2,0,1,0,1,1,0,1,16,13,7,5,9,8,17,20,52,48,1.21,1.34,1.80,1.41,2.00,50,100,0,0,0,0,100,0,100,12.00,7.00,3.90,3.40,1.95,1.34,2.05,3.75,7.25,1.87,1.83,Estádio Municipal de Portimão (Portimão)
1602945000,Oct 17 2020 - 2:30pm,complete,N/A,Gil Vicente,CD Tondela,Miguel Bertolo Nogueira,4,3.00,0.00,0.94,0.59,1,1,2,1,1,0,"25","58",5,1,2,0,3,1,1,1,2,2,11,3,5,2,6,1,16,18,71,29,0.98,1.90,1.61,0.65,2.00,50,50,50,0,0,50,50,0,50,19.00,4.00,2.20,3.15,3.50,1.47,2.40,4.70,9.50,2.05,1.69,Estádio Cidade de Barcelos (Barcelos)
1602945000,Oct 17 2020 - 2:30pm,complete,N/A,CS Marítimo,Portimonense,João Bento,4,3.00,0.00,1.06,0.71,1,2,3,0,0,0,"51","69,74",10,6,4,0,2,0,2,2,0,2,10,6,5,4,5,2,23,19,39,61,1.17,1.02,1.21,1.00,2.00,50,50,50,0,0,50,50,0,50,7.00,9.00,2.35,3.10,3.10,1.39,2.20,4.15,8.25,1.91,1.83,Estádio dos Barreiros (Funchal (Ilha da Madeira))
1602954000,Oct 17 2020 - 5:00pm,complete,N/A,Sporting Braga,CD Nacional,Artur Manuel Ribeiro Soares Dias,4,0.00,3.00,2.12,0.59,2,1,3,2,2,0,"28,42","86",4,2,1,0,4,0,0,1,2,2,15,5,8,3,7,2,11,14,65,35,2.10,1.04,2.18,0.68,1.00,0,0,0,0,0,0,50,0,50,13.00,6.00,1.32,4.35,6.90,1.20,1.84,2.60,4.50,1.91,1.80,Estádio Municipal de Braga (Braga)
1602963000,Oct 17 2020 - 7:30pm,complete,N/A,Sporting CP,Porto,Luis Miguel Branco Godinho,4,0.00,3.00,2.53,2.24,2,2,4,3,1,2,"9,87","25,45",4,1,5,0,4,0,2,3,2,2,10,10,6,6,4,4,17,20,54,46,0.00,1.56,1.12,1.11,2.50,0,50,50,50,50,0,0,50,50,2.00,0.00,3.45,3.35,2.10,1.34,2.05,3.70,7.00,1.83,1.87,Estádio José Alvalade (Lisboa)
1603029600,Oct 18 2020 - 2:00pm,complete,N/A,Paços de Ferreira,Santa Clara,Vitor Jorge Fernandes Ferreira,4,0.00,3.00,1.94,1.18,2,1,3,1,1,0,"35,72","69",7,2,2,0,2,0,0,2,0,2,7,13,4,6,3,7,16,16,45,55,0.83,0.64,0.95,1.49,1.50,0,50,0,0,0,0,100,0,50,4.00,6.00,2.15,3.20,3.45,1.53,2.65,5.25,10.75,2.20,1.61,Estádio da Capital do Móvel (Paços de Ferreira)
1603029600,Oct 18 2020 - 2:00pm,complete,N/A,Belenenses,Moreirense FC,António Emanuel Carvalho Nobre,4,0.00,0.00,1.35,1.24,0,0,0,0,0,0,"","",7,3,2,0,2,0,0,2,0,2,12,8,6,5,6,3,22,15,56,44,1.27,0.65,1.54,1.05,2.50,50,100,50,0,0,0,100,50,100,6.00,3.00,2.55,2.90,3.10,1.44,2.35,4.50,9.00,1.95,1.77,Estádio Nacional (Jamor- Oeiras)
1603038600,Oct 18 2020 - 4:30pm,complete,N/A,Farense,Famalicão,André Filipe Domingues Narciso,4,0.00,3.00,1.06,1.24,3,3,6,2,2,0,"4,25,90'4","65,73,80",6,9,2,0,1,1,1,1,0,2,13,11,7,6,6,5,19,14,37,63,1.61,0.69,1.55,1.47,2.00,50,50,50,0,0,0,50,50,100,13.00,6.00,2.45,3.15,3.00,1.38,2.20,4.10,8.00,1.87,1.83,Estádio Do Algarve (São João da Venda)
1603047600,Oct 18 2020 - 7:00pm,complete,N/A,Rio Ave FC,Benfica,João Pedro Silva Pinheiro,4,1.00,3.00,1.06,2.18,0,3,3,2,0,2,"","6,45'4,84",4,4,1,0,3,0,0,1,0,3,3,11,3,7,0,4,14,17,49,51,0.79,2.00,1.00,1.60,3.00,50,50,50,50,50,50,50,50,50,8.00,4.00,6.00,4.20,1.53,1.21,1.67,2.80,4.90,1.80,1.91,Estádio do Rio Ave Futebol Clube (Vila do Conde)
1603134900,Oct 19 2020 - 7:15pm,complete,N/A,Boavista FC,Vitória Guimarães,Nuno Miguel Serrano Almeida,4,0.00,1.00,1.12,1.24,0,1,1,1,0,1,"","19",9,4,4,0,2,0,2,2,1,1,11,8,3,2,8,6,21,22,63,37,1.01,1.13,1.34,0.96,2.50,0,50,50,50,50,0,0,50,50,7.00,4.00,3.50,3.25,2.10,1.33,1.67,4.25,8.25,1.95,1.77,Estádio do Bessa Século XXI (Porto)
1603481400,Oct 23 2020 - 7:30pm,complete,132,CD Tondela,Portimonense,Vitor Jorge Fernandes Ferreira,5,0.50,1.50,1.53,0.71,1,0,1,1,1,0,"33","",5,6,2,0,2,0,1,1,0,2,8,10,4,5,4,5,10,18,50,50,1.16,1.01,1.10,1.33,2.50,50,75,50,25,0,25,50,25,75,9.50,3.50,3.10,3.30,2.23,1.40,2.25,4.40,8.75,2.00,1.71,Estádio João Cardoso (Tondela)
1603549800,Oct 24 2020 - 2:30pm,complete,N/A,CD Nacional,Paços de Ferreira,Hugo Serafim Coelho Magalhães Silva,5,1.00,0.50,0.88,1.18,1,1,2,0,0,0,"57","74",3,6,3,1,1,0,2,2,1,0,6,17,3,7,3,10,23,9,53,47,1.56,1.61,0.80,1.84,2.25,50,50,25,25,25,25,50,25,75,14.50,4.50,2.65,3.15,2.70,1.41,2.25,4.30,8.50,1.95,1.77,Estádio da Madeira (Funchal (Ilha da Madeira))
1603558800,Oct 24 2020 - 5:00pm,complete,N/A,Santa Clara,Sporting CP,Manuel Mota,5,2.00,3.00,1.53,2.47,1,2,3,2,1,1,"42","20,81",1,9,3,0,1,0,2,1,0,1,4,15,3,4,1,11,19,9,34,66,1.21,1.37,0.66,1.68,1.50,0,75,0,0,0,25,50,25,50,11.50,5.00,4.05,3.40,1.91,1.38,2.15,4.00,7.75,1.95,1.77,Estádio de São Miguel (Ponta Delgada- Ilha de São Miguel- Açores)
1603567800,Oct 24 2020 - 7:30pm,complete,N/A,Porto,Gil Vicente,Hélder Miguel Azevedo Malheiro,5,1.50,1.00,2.47,1.35,1,0,1,1,1,0,"41","",8,3,4,1,2,0,2,3,0,2,11,8,8,3,3,5,15,14,59,41,2.13,0.84,1.67,1.06,2.25,50,50,50,50,25,50,50,25,50,10.00,4.50,1.25,6.00,10.25,1.20,1.65,2.60,4.70,2.10,1.67,Estádio Do Dragão (Porto)
1603638000,Oct 25 2020 - 3:00pm,complete,N/A,Moreirense FC,CS Marítimo,Artur Manuel Ribeiro Soares Dias,5,2.00,1.50,1.29,1.00,2,1,3,2,2,0,"21,45'2","89",9,3,5,0,3,1,2,3,3,1,14,10,9,4,5,6,15,7,61,39,1.48,1.15,1.86,1.18,2.75,50,100,25,25,25,25,75,50,100,7.50,4.00,2.85,3.00,2.65,1.39,2.20,4.15,8.25,1.91,1.83,Parque Desportivo Comendador Joaquim de Almeida Freitas (Moreira de Cónegos)
1603638000,Oct 25 2020 - 3:00pm,complete,N/A,Farense,Rio Ave FC,Manuel Antonio Rodrigues Oliveira,5,0.50,1.00,1.06,0.94,0,1,1,1,0,1,"","20",6,1,4,0,6,0,1,3,2,4,8,5,2,3,6,2,17,19,61,39,1.58,1.45,1.17,0.76,2.75,75,75,25,25,25,25,75,25,100,14.00,1.50,3.00,3.25,2.35,1.35,2.10,3.80,7.50,1.87,1.87,Estádio Do Algarve (São João da Venda)
1603647000,Oct 25 2020 - 5:30pm,complete,N/A,Famalicão,Boavista FC,Tiago Bruno Lopes Martins,5,0.50,1.00,1.12,1.00,2,2,4,0,0,0,"85,90'4","69,75",9,1,3,0,4,1,1,2,1,4,14,9,7,7,7,2,11,20,57,43,1.04,1.19,1.70,1.32,4.00,100,100,50,50,50,50,100,50,100,6.50,3.50,2.50,3.10,2.95,1.32,2.00,3.55,6.95,1.74,2.00,Estádio Municipal 22 de Junho (Vila Nova de Famalicão)
1603656000,Oct 25 2020 - 8:00pm,complete,0,Vitória Guimarães,Sporting Braga,Fábio José Costa Veríssimo,5,1.50,1.50,1.29,1.65,0,1,1,1,0,1,"","27",4,9,3,1,2,2,1,3,0,4,11,17,2,9,9,8,11,18,50,50,1.02,1.42,1.22,2.05,2.50,25,50,50,50,0,50,50,0,75,9.00,5.50,3.35,3.45,2.10,1.30,1.95,3.40,6.60,1.77,1.95,Estádio Dom Afonso Henriques (Guimarães)
1603743300,Oct 26 2020 - 8:15pm,complete,N/A,Benfica,Belenenses,Rui Manuel Gomes Costa,5,3.00,2.00,2.29,1.00,2,0,2,1,1,0,"6,75","",7,2,0,0,0,0,0,0,0,0,14,6,7,3,7,3,14,8,62,38,2.39,0.94,1.81,0.75,2.00,25,50,25,25,25,0,50,25,75,8.50,5.50,1.10,8.50,21.00,1.16,1.45,2.10,3.55,2.10,1.67,Estádio do Sport Lisboa e Benfica (da Luz) (Lisboa)
1603921500,Oct 28 2020 - 9:45pm,complete,N/A,Sporting CP,Gil Vicente,André Filipe Domingues Narciso,1,1.00,0.50,2.53,1.35,3,1,4,0,0,0,"82,84,90'6","52",9,4,5,0,4,0,1,4,2,2,12,4,7,2,5,2,14,19,64,36,1.12,0.95,1.51,0.56,2.25,50,50,50,50,0,50,75,0,50,7.00,7.50,1.46,4.28,7.00,1.26,1.91,3.40,6.75,2.00,1.74,Estádio José Alvalade (Lisboa)
1604089800,Oct 30 2020 - 8:30pm,complete,N/A,Paços de Ferreira,Porto,Nuno Miguel Serrano Almeida,6,1.50,2.00,1.94,2.24,3,2,5,3,2,1,"11,43,59","45'7,78",5,4,1,0,1,0,0,1,0,1,15,7,8,4,7,3,21,21,31,69,0.89,1.33,1.67,1.31,3.50,50,100,75,50,25,25,75,50,100,7.00,4.00,6.50,3.75,1.42,1.30,1.88,3.35,6.50,2.05,1.74,Estádio da Capital do Móvel (Paços de Ferreira)
1604158200,Oct 31 2020 - 3:30pm,complete,N/A,Belenenses,Farense,Manuel Mota,6,0.50,0.00,1.35,0.76,1,1,2,0,0,0,"90'8","69",8,6,3,0,0,1,1,2,0,1,7,7,4,3,3,4,15,12,67,33,1.41,1.51,1.15,0.90,2.50,50,75,50,25,25,0,75,50,75,10.00,7.00,2.65,3.00,2.90,1.38,2.20,4.10,8.25,1.87,1.87,Estádio Nacional (Jamor- Oeiras)
1604167200,Oct 31 2020 - 6:00pm,complete,N/A,Rio Ave FC,Moreirense FC,Iancu Ioan Vasilica,6,0.50,0.50,1.06,1.24,2,0,2,1,1,0,"14,83","",3,5,1,0,4,0,1,0,2,2,11,5,7,2,4,3,19,17,51,49,0.89,0.85,1.52,0.62,1.25,0,50,25,0,0,25,50,0,50,6.00,2.50,1.74,3.50,4.95,1.34,2.10,3.70,7.25,1.95,1.83,Estádio do Rio Ave Futebol Clube (Vila do Conde)
1604176200,Oct 31 2020 - 8:30pm,complete,N/A,CS Marítimo,CD Nacional,Vitor Jorge Fernandes Ferreira,6,1.50,1.50,1.06,0.59,0,0,0,0,0,0,"","",3,6,1,0,3,0,1,0,3,0,11,9,5,4,6,5,20,24,44,56,1.19,0.86,1.25,1.12,2.50,75,75,75,0,0,50,50,25,75,8.50,9.00,2.20,3.25,3.35,1.32,2.05,3.60,7.00,1.80,1.95,Estádio dos Barreiros (Funchal (Ilha da Madeira))
1604242800,Nov 01 2020 - 3:00pm,complete,N/A,Portimonense,Santa Clara,Fábio José Costa Veríssimo,6,0.50,1.50,1.35,1.18,1,2,3,1,0,1,"66","37,57",7,5,3,0,6,0,1,2,3,3,9,10,3,8,6,2,19,13,61,39,1.51,1.06,1.20,1.37,2.00,50,75,25,0,0,25,100,25,50,6.50,4.50,2.15,3.20,3.50,1.38,2.20,4.10,8.25,1.91,1.83,Estádio Municipal de Portimão (Portimão)
1604251800,Nov 01 2020 - 5:30pm,complete,N/A,Gil Vicente,Vitória Guimarães,Gustavo Fernandes Correia,6,2.00,2.00,0.94,1.24,1,2,3,1,0,1,"66","23,89",8,4,1,0,2,0,0,1,0,2,14,8,5,6,9,2,14,11,55,45,1.29,1.04,1.74,1.12,1.00,25,25,0,0,0,0,50,0,50,11.50,4.50,3.55,3.10,2.20,1.45,2.40,4.60,9.50,2.05,1.71,Estádio Cidade de Barcelos (Barcelos)
1604260800,Nov 01 2020 - 8:00pm,complete,N/A,Sporting CP,CD Tondela,António Emanuel Carvalho Nobre,6,2.00,0.50,2.53,0.59,4,0,4,1,1,0,"45,49,79,90'3","",8,1,3,0,2,0,1,2,1,1,23,2,16,0,7,2,14,20,62,38,1.32,1.28,2.93,0.32,3.25,100,100,75,50,0,50,75,25,75,11.50,8.50,1.30,5.50,9.25,1.25,1.83,3.05,5.75,2.25,1.59,Estádio José Alvalade (Lisboa)
1604342700,Nov 02 2020 - 6:45pm,complete,N/A,Sporting Braga,Famalicão,Rui Manuel Gomes Costa,6,1.50,2.00,2.12,1.24,1,0,1,0,0,0,"74","",11,2,1,0,5,1,0,1,2,4,18,5,10,3,8,2,14,14,65,35,2.14,1.08,2.25,0.67,3.25,75,75,75,25,25,50,100,50,75,11.50,5.00,1.38,5.16,8.61,1.15,1.70,1.60,4.00,1.69,2.10,Estádio Municipal de Braga (Braga)
1604350800,Nov 02 2020 - 9:00pm,complete,N/A,Boavista FC,Benfica,Hugo Filipe Ferreira de Campos Moreira Miguel,6,0.00,3.00,1.12,2.18,3,0,3,2,2,0,"18,38,76","",4,6,3,0,4,0,0,3,1,3,14,7,8,3,6,4,31,15,30,70,1.17,1.80,1.71,0.98,3.75,25,75,75,50,50,50,75,50,75,10.00,5.00,11.05,5.85,1.29,1.26,1.88,1.60,3.95,1.91,1.83,Estádio do Bessa Século XXI (Porto)
1604694600,Nov 06 2020 - 8:30pm,complete,N/A,Belenenses,Rio Ave FC,Fábio José Costa Veríssimo,7,0.67,1.67,1.35,0.94,0,0,0,0,0,0,"","",6,2,2,0,2,0,1,1,1,1,10,7,2,3,8,4,18,16,39,61,1.32,1.22,1.08,1.01,1.67,67,67,17,0,0,0,67,34,67,10.67,4.67,3.50,3.10,2.14,1.37,2.43,4.60,9.50,2.05,1.71,Estádio Nacional (Jamor- Oeiras)
1604761200,Nov 07 2020 - 3:00pm,complete,N/A,CD Tondela,Santa Clara,João Bento,7,1.33,2.00,1.53,1.18,2,0,2,1,1,0,"35,67","",3,3,2,0,3,0,2,0,2,1,10,14,6,5,4,9,18,12,42,58,1.14,1.17,1.21,1.59,2.33,50,67,50,17,0,17,100,34,50,6.00,5.33,3.50,3.15,2.20,1.44,2.40,4.55,9.25,2.05,1.74,Estádio João Cardoso (Tondela)
1604772000,Nov 07 2020 - 6:00pm,complete,N/A,Famalicão,CS Marítimo,Luis Miguel Branco Godinho,7,0.67,1.00,1.12,1.00,2,1,3,3,2,1,"28,32","12",4,2,3,0,2,0,1,2,2,0,16,10,9,5,7,5,18,17,60,40,1.26,1.16,1.90,1.19,3.67,84,100,67,50,33,50,67,67,100,8.00,5.00,2.00,3.40,3.80,1.31,2.00,3.50,6.75,1.80,1.95,Estádio Municipal 22 de Junho (Vila Nova de Famalicão)
1604781000,Nov 07 2020 - 8:30pm,complete,N/A,Vitória Guimarães,Sporting CP,Hugo Filipe Ferreira de Campos Moreira Miguel,7,1.00,3.00,1.29,2.47,0,4,4,2,0,2,"","11,43,55,74",5,2,3,0,1,0,3,0,1,0,10,13,2,7,8,6,16,18,56,44,1.08,1.47,1.02,1.52,1.67,17,50,17,0,0,34,67,0,67,10.66,6.00,2.87,2.97,2.35,1.44,2.25,3.65,7.00,1.91,1.83,Estádio Dom Afonso Henriques (Guimarães)
1604847600,Nov 08 2020 - 3:00pm,complete,N/A,CD Nacional,Gil Vicente,Fábio Oliveira Melo,7,1.00,0.33,0.88,1.35,2,1,3,1,0,1,"57,90'3","45'5",8,11,1,0,4,0,1,0,0,4,11,10,7,9,4,1,15,20,52,48,1.30,0.82,1.71,1.84,2.17,50,50,33,33,17,17,33,50,50,8.66,6.67,2.60,3.10,2.90,1.45,2.20,4.60,9.50,2.05,1.74,Estádio da Madeira (Funchal (Ilha da Madeira))
1604847600,Nov 08 2020 - 3:00pm,complete,N/A,Farense,Boavista FC,Vitor Jorge Fernandes Ferreira,7,0.33,1.00,1.06,1.00,3,1,4,2,1,1,"22,50,53","43",5,7,4,0,1,0,1,3,1,0,7,12,6,6,1,6,18,16,34,66,1.44,1.23,1.13,1.66,3.34,67,67,50,50,33,33,67,50,84,10.34,5.33,2.40,3.45,2.90,1.34,2.10,3.70,7.25,1.83,1.91,Estádio de São Lúis (Faro)
1604856600,Nov 08 2020 - 5:30pm,complete,N/A,Porto,Portimonense,António Emanuel Carvalho Nobre,7,2.00,1.00,2.47,0.71,3,1,4,2,1,1,"45'3,46,89","14",11,4,3,0,3,0,0,3,0,3,16,9,8,2,8,7,14,21,69,31,1.98,1.11,2.08,0.98,2.50,50,50,50,34,17,34,67,33,67,13.66,5.00,1.69,3.30,4.05,1.17,1.53,2.38,4.00,2.05,1.70,Estádio Do Dragão (Porto)
1604865600,Nov 08 2020 - 8:00pm,complete,N/A,Benfica,Sporting Braga,Artur Manuel Ribeiro Soares Dias,7,3.00,2.00,2.29,1.65,2,3,5,1,0,1,"68,86","38,50,63",5,3,1,0,3,0,0,1,2,1,13,8,6,6,7,2,13,13,59,41,2.20,1.63,1.85,1.07,3.00,33,84,50,50,17,34,100,17,67,12.67,5.67,1.55,4.00,5.00,1.18,1.60,1.57,3.80,1.57,2.30,Estádio do Sport Lisboa e Benfica (da Luz) (Lisboa)
1606503600,Nov 27 2020 - 7:00pm,complete,N/A,Paços de Ferreira,Famalicão,João Bento,8,2.00,1.33,1.94,1.24,2,0,2,1,1,0,"20,88","",3,3,4,0,4,0,2,2,1,3,11,10,5,2,6,8,22,16,40,60,1.15,0.94,1.35,1.06,3.33,67,84,67,33,33,33,84,67,100,9.66,6.34,2.00,3.30,3.70,1.33,1.73,4.10,8.25,1.95,1.83,Estádio da Capital do Móvel (Paços de Ferreira)
1606510800,Nov 27 2020 - 9:00pm,complete,N/A,CD Tondela,Vitória Guimarães,Artur Manuel Ribeiro Soares Dias,8,1.75,2.33,1.53,1.24,0,2,2,0,0,0,"","58,63",5,2,1,1,2,0,0,2,0,2,14,11,5,6,9,5,14,15,51,49,1.16,1.07,1.58,1.43,1.79,29,54,29,13,0,13,84,17,42,7.50,3.83,4.33,3.50,1.80,1.27,1.78,3.30,7.25,1.95,1.80,Estádio João Cardoso (Tondela)
1606586400,Nov 28 2020 - 6:00pm,complete,N/A,Santa Clara,Porto,João Pedro Silva Pinheiro,8,1.33,1.33,1.53,2.24,0,1,1,1,0,1,"","45'1",2,7,2,0,1,0,2,0,1,0,4,4,3,3,1,1,12,14,47,53,1.02,1.32,0.67,0.92,3.17,50,84,67,50,34,50,50,50,84,7.00,3.67,6.50,4.10,1.50,1.25,1.80,3.00,5.75,1.91,1.83,Estádio de São Miguel (Ponta Delgada- Ilha de São Miguel- Açores)
1606595400,Nov 28 2020 - 8:30pm,complete,N/A,Sporting CP,Moreirense FC,Vitor Jorge Fernandes Ferreira,8,2.33,0.33,2.53,1.24,2,1,3,2,1,1,"8,75","3",9,0,1,0,2,0,0,1,0,2,11,2,6,0,5,2,16,13,67,33,1.86,0.77,1.56,0.23,2.67,34,84,50,50,0,17,67,34,84,10.00,6.33,1.19,6.75,13.00,1.15,1.53,2.35,4.00,2.15,1.67,Estádio José Alvalade (Lisboa)
1606662000,Nov 29 2020 - 3:00pm,complete,N/A,Gil Vicente,Rio Ave FC,Luis Miguel Branco Godinho,8,1.33,1.50,0.94,0.94,2,0,2,1,1,0,"18,90'5","",2,8,1,0,1,0,1,0,0,1,5,10,3,4,2,6,19,10,31,69,1.44,1.17,0.77,1.32,1.63,59,59,17,0,0,0,71,17,75,11.17,3.67,2.95,3.15,2.50,1.43,2.35,4.40,8.75,2.00,1.77,Estádio Cidade de Barcelos (Barcelos)
1606662000,Nov 29 2020 - 3:00pm,complete,N/A,Portimonense,CD Nacional,Gustavo Fernandes Correia,8,0.33,1.33,1.35,0.59,1,0,1,0,0,0,"89","",7,3,3,0,1,1,1,2,0,2,13,9,5,2,8,7,17,10,50,50,1.40,0.95,1.61,0.93,1.83,50,67,33,0,0,33,67,17,67,10.33,5.67,2.15,3.40,3.35,1.32,2.05,3.60,7.00,1.80,1.95,Estádio Municipal de Portimão (Portimão)
1606671000,Nov 29 2020 - 5:30pm,complete,N/A,Boavista FC,Belenenses,Tiago Bruno Lopes Martins,8,1.00,1.33,1.12,1.00,0,0,0,0,0,0,"","",4,7,1,0,4,0,0,1,2,2,9,11,7,5,2,6,6,11,54,46,1.35,0.88,1.34,1.35,2.00,0,50,34,17,17,17,50,17,67,7.33,4.67,2.15,3.15,3.65,1.54,2.65,5.25,10.75,2.25,1.61,Estádio do Bessa Século XXI (Porto)
1606680000,Nov 29 2020 - 8:00pm,complete,N/A,Sporting Braga,Farense,António Emanuel Carvalho Nobre,8,2.00,0.33,2.12,0.76,1,0,1,0,0,0,"87","",7,3,3,0,3,0,1,2,0,3,14,5,8,0,6,5,19,17,66,34,2.18,1.31,1.91,0.47,2.34,50,67,33,17,17,17,67,34,84,12.34,5.00,1.34,5.25,8.25,1.16,1.54,2.40,4.10,1.80,2.00,Estádio Municipal de Braga (Braga)
1606762800,Nov 30 2020 - 7:00pm,complete,N/A,CS Marítimo,Benfica,Manuel Mota,8,1.33,2.00,1.06,2.18,1,2,3,2,1,1,"14","32,51",1,12,0,0,1,0,0,0,0,1,7,7,3,3,4,4,21,9,27,73,1.21,1.53,0.87,1.25,3.00,50,84,84,17,17,67,67,33,67,9.00,6.67,9.50,5.75,1.29,1.17,1.57,2.45,4.25,2.00,1.74,Estádio dos Barreiros (Funchal (Ilha da Madeira))
1606859100,Dec 01 2020 - 9:45pm,complete,N/A,Moreirense FC,Paços de Ferreira,Hélder Miguel Azevedo Malheiro,7,2.33,0.67,1.29,1.18,0,1,1,1,0,1,"","10",2,2,1,0,0,0,0,1,0,0,9,10,3,5,6,5,18,26,60,40,1.60,1.69,1.10,1.20,2.00,67,84,17,0,0,17,67,17,100,13.33,4.00,3.10,3.30,2.25,1.40,2.10,4.15,8.25,2.00,1.77,Parque Desportivo Comendador Joaquim de Almeida Freitas (Moreira de Cónegos)
1607182200,Dec 05 2020 - 3:30pm,complete,N/A,Vitória Guimarães,Portimonense,António Emanuel Carvalho Nobre,9,0.75,0.75,1.29,0.71,1,0,1,1,1,0,"32","",5,3,5,0,4,0,2,3,2,2,8,8,4,2,4,6,20,17,43,57,1.07,1.08,1.33,1.10,2.00,25,38,38,25,0,25,50,38,75,10.25,5.75,1.91,3.45,4.15,1.43,2.35,4.40,8.75,2.10,1.69,Estádio Dom Afonso Henriques (Guimarães)
1607182200,Dec 05 2020 - 3:30pm,complete,N/A,Moreirense FC,Gil Vicente,Miguel Bertolo Nogueira,9,1.75,0.25,1.29,1.35,1,1,2,0,0,0,"80","61",1,2,3,0,2,0,1,2,2,0,5,6,3,3,2,3,16,19,56,44,1.48,1.07,0.84,0.99,2.00,50,63,38,13,0,13,75,25,63,10.25,5.50,2.95,3.05,2.55,1.44,2.40,4.50,9.25,2.00,1.74,Parque Desportivo Comendador Joaquim de Almeida Freitas (Moreira de Cónegos)
1607191200,Dec 05 2020 - 6:00pm,complete,N/A,Famalicão,Sporting CP,Luis Miguel Branco Godinho,9,1.25,3.00,1.12,2.47,2,2,4,3,1,2,"43,89","37,45'4",3,4,6,0,4,1,3,3,2,3,4,14,3,7,1,7,21,20,35,65,1.42,1.48,0.67,1.64,3.25,63,100,63,38,13,63,88,38,75,10.00,4.50,5.75,4.35,1.54,1.24,1.74,2.90,5.25,1.83,1.95,Estádio Municipal 22 de Junho (Vila Nova de Famalicão)
1607200200,Dec 05 2020 - 8:30pm,complete,N/A,Porto,CD Tondela,Tiago Bruno Lopes Martins,9,2.25,0.33,2.47,0.59,4,3,7,4,2,2,"4,36,48,56","20,33,74",5,2,2,1,5,0,1,2,1,4,15,8,10,5,5,3,15,12,69,31,2.00,0.96,2.04,1.01,3.25,71,88,71,54,13,54,100,42,71,11.92,5.75,1.17,7.25,14.00,1.16,1.54,2.40,4.10,2.30,1.57,Estádio Do Dragão (Porto)
1607266800,Dec 06 2020 - 3:00pm,complete,N/A,CD Nacional,Santa Clara,Vitor Jorge Fernandes Ferreira,9,1.50,1.50,0.88,1.18,1,3,4,3,1,2,"36","23,34,86",7,12,3,0,2,0,1,2,0,2,11,12,5,9,6,3,13,9,51,49,1.40,1.27,1.41,1.78,2.50,63,75,50,13,13,13,75,63,75,8.50,6.75,2.80,3.20,2.55,1.40,2.25,4.25,8.50,1.95,1.80,Estádio da Madeira (Funchal (Ilha da Madeira))
1607275800,Dec 06 2020 - 5:30pm,complete,N/A,Rio Ave FC,Boavista FC,João Bento,9,1.33,0.75,1.06,1.00,0,0,0,0,0,0,"","",7,0,2,0,0,0,2,0,0,0,8,7,4,3,4,4,14,15,68,32,1.10,1.34,1.24,0.72,2.84,50,84,54,38,13,42,71,38,84,7.42,3.83,2.00,3.25,4.00,1.40,2.25,4.25,8.50,1.95,1.80,Estádio do Rio Ave Futebol Clube (Vila do Conde)
1607284800,Dec 06 2020 - 8:00pm,complete,N/A,Belenenses,Sporting Braga,Hélder Miguel Azevedo Malheiro,9,0.75,2.25,1.35,1.65,2,1,3,2,2,0,"33,45'1","70",5,9,2,0,1,1,0,2,0,2,10,13,6,7,4,6,11,15,39,61,1.26,1.49,1.25,1.70,2.38,50,63,50,38,13,25,63,38,50,11.75,6.25,5.80,4.00,1.54,1.27,1.85,3.40,6.25,2.00,1.80,Estádio Nacional (Jamor- Oeiras)
1607284800,Dec 06 2020 - 8:00pm,complete,N/A,Benfica,Paços de Ferreira,Rui Manuel Gomes Costa,9,2.25,1.25,2.29,1.18,2,1,3,1,0,1,"58,90'4","24",6,4,1,0,3,0,0,1,0,3,10,12,5,6,5,6,21,19,67,33,2.11,1.56,1.53,1.42,2.50,50,75,25,25,25,0,75,38,88,12.25,2.50,1.26,6.00,10.25,1.18,1.61,2.50,4.40,2.00,1.77,Estádio do Sport Lisboa e Benfica (da Luz) (Lisboa)
1607372100,Dec 07 2020 - 8:15pm,complete,N/A,Farense,CS Marítimo,Hugo Filipe Ferreira de Campos Moreira Miguel,9,1.00,0.75,1.06,1.00,2,1,3,1,1,0,"10,63","60",1,4,4,0,4,1,2,2,1,4,6,9,5,6,1,3,17,16,33,67,1.36,1.17,1.03,1.42,3.13,63,75,63,38,25,63,75,50,75,9.75,5.50,2.25,3.25,3.25,1.32,2.05,3.60,7.00,1.80,1.95,Estádio de São Lúis (Faro)
1608323400,Dec 18 2020 - 8:30pm,complete,N/A,Portimonense,Famalicão,Hugo Filipe Ferreira de Campos Moreira Miguel,10,1.00,1.00,1.35,1.24,0,0,0,0,0,0,"","",4,1,3,0,3,0,0,3,1,2,13,7,7,5,6,2,22,18,62,38,1.46,0.97,1.80,1.01,2.50,50,75,38,13,13,25,75,38,88,10.25,6.75,2.45,3.05,3.10,1.40,2.30,4.25,8.25,1.87,1.87,Estádio Municipal de Portimão (Portimão)
1608390000,Dec 19 2020 - 3:00pm,complete,N/A,CS Marítimo,Belenenses,Fábio José Costa Veríssimo,10,1.00,1.25,1.06,1.00,1,0,1,0,0,0,"90'3","",5,2,3,0,5,2,1,2,1,6,8,7,3,3,5,4,15,19,57,43,1.12,1.00,1.02,0.97,1.50,38,50,38,0,0,25,38,13,50,6.75,5.25,2.55,2.90,3.15,1.62,2.90,6.00,13.00,2.25,1.59,Estádio dos Barreiros (Funchal (Ilha da Madeira))
1608400800,Dec 19 2020 - 6:00pm,complete,N/A,CD Tondela,Moreirense FC,Manuel Mota,10,1.40,0.25,1.53,1.24,0,0,0,0,0,0,"","",1,6,4,1,3,0,2,3,1,2,5,6,2,3,3,3,16,11,38,62,1.24,0.64,0.73,0.90,1.98,23,78,23,10,0,23,78,10,68,6.05,3.80,2.45,3.35,2.85,1.36,2.15,3.90,7.50,1.87,1.91,Estádio João Cardoso (Tondela)
1608409800,Dec 19 2020 - 8:30pm,complete,N/A,Sporting CP,Farense,André Filipe Domingues Narciso,10,2.50,0.25,2.53,0.76,1,0,1,0,0,0,"90'1","",7,2,4,0,5,1,2,2,2,4,9,6,4,4,5,2,20,24,73,27,1.78,1.10,1.26,0.79,3.13,63,88,63,50,13,25,63,50,100,11.75,7.00,1.29,6.50,7.75,1.17,1.57,2.45,4.30,2.05,1.71,Estádio José Alvalade (Lisboa)
1608476400,Dec 20 2020 - 3:00pm,complete,N/A,Paços de Ferreira,Boavista FC,Tiago Bruno Lopes Martins,10,2.25,0.80,1.94,1.00,1,1,2,0,0,0,"83","61",5,3,1,0,3,0,1,0,2,1,7,6,4,5,3,1,13,12,54,46,1.20,1.21,1.13,0.90,3.10,65,90,55,43,23,33,80,55,90,7.75,4.25,2.20,3.25,3.30,1.44,2.40,4.55,9.50,2.05,1.74,Estádio da Capital do Móvel (Paços de Ferreira)
1608485400,Dec 20 2020 - 5:30pm,complete,N/A,Gil Vicente,Benfica,Nuno Miguel Serrano Almeida,10,1.75,2.25,0.94,2.18,0,2,2,0,0,0,"","59,65",4,3,2,1,2,0,2,1,1,1,14,11,6,7,8,4,10,8,27,73,1.27,1.46,1.50,1.77,2.88,50,88,63,13,13,50,88,25,100,12.75,4.00,6.75,4.85,1.41,1.20,1.67,2.65,4.65,1.87,1.87,Estádio Cidade de Barcelos (Barcelos)
1608494400,Dec 20 2020 - 8:00pm,complete,N/A,Porto,CD Nacional,Manuel Antonio Rodrigues Oliveira,10,2.40,1.00,2.47,0.59,2,0,2,2,2,0,"21,39","",8,1,0,0,2,0,0,0,1,1,15,5,5,3,10,2,14,18,58,42,2.01,0.94,1.64,0.70,2.73,53,53,53,40,20,53,63,30,78,11.60,6.05,1.20,7.75,9.75,1.15,1.49,2.30,3.90,2.15,1.67,Estádio Do Dragão (Porto)
1608581700,Dec 21 2020 - 8:15pm,complete,N/A,Santa Clara,Vitória Guimarães,Rui Manuel Gomes Costa,10,1.00,2.50,1.53,1.24,0,4,4,3,0,3,"","6,27,30,54",7,3,1,0,0,0,0,1,0,0,9,7,3,6,6,1,18,13,65,35,0.94,1.16,1.10,1.05,1.50,25,50,25,0,0,13,50,38,50,7.50,4.25,2.95,3.00,2.50,1.43,2.35,4.50,9.00,1.95,1.80,Estádio de São Miguel (Ponta Delgada- Ilha de São Miguel- Açores)
1608668100,Dec 22 2020 - 8:15pm,complete,N/A,Sporting Braga,Rio Ave FC,João Pedro Silva Pinheiro,10,2.25,1.20,2.12,0.94,3,0,3,1,1,0,"43,62,88","",3,4,1,0,0,0,0,1,0,0,10,7,6,3,4,4,24,12,51,49,2.11,1.20,1.27,0.93,1.45,33,43,13,0,0,13,65,0,68,11.90,3.55,1.57,3.90,6.00,1.28,1.91,3.30,6.50,1.91,1.83,Estádio Municipal de Braga (Braga)
1609081200,Dec 27 2020 - 3:00pm,complete,N/A,Famalicão,Gil Vicente,Artur Manuel Ribeiro Soares Dias,11,1.20,0.40,1.12,1.35,0,1,1,1,0,1,"","40",4,6,1,0,1,0,1,0,0,1,6,8,2,4,4,4,13,9,60,40,1.27,1.06,0.86,1.15,2.90,80,80,60,40,10,30,60,50,70,9.00,6.00,2.80,2.95,2.75,1.53,2.65,5.25,10.75,2.10,1.69,Estádio Municipal 22 de Junho (Vila Nova de Famalicão)
1609081200,Dec 27 2020 - 3:00pm,complete,N/A,CD Nacional,CD Tondela,João Bento,11,1.20,0.25,0.88,0.59,2,0,2,1,1,0,"1,68","",2,6,1,0,4,2,1,0,3,3,10,11,5,3,5,8,16,18,53,47,1.40,0.97,1.18,1.25,3.50,78,90,68,45,23,45,80,55,78,9.45,6.50,2.00,3.20,4.15,1.39,2.25,4.10,8.25,1.95,1.80,Estádio da Madeira (Funchal (Ilha da Madeira))
1609090200,Dec 27 2020 - 5:30pm,complete,N/A,Farense,Paços de Ferreira,Luis Miguel Branco Godinho,11,1.40,1.00,1.06,1.18,1,1,2,0,0,0,"74","60",5,3,3,0,6,0,0,3,1,5,5,9,2,4,3,5,24,24,45,55,1.30,1.54,0.81,1.20,2.40,60,60,40,20,10,20,70,50,80,11.40,4.40,2.85,3.20,2.55,1.44,2.40,4.45,9.25,2.00,1.74,Estádio de São Lúis (Faro)
1609099200,Dec 27 2020 - 8:00pm,complete,N/A,Belenenses,Sporting CP,Rui Manuel Gomes Costa,11,1.20,2.60,1.35,2.47,1,2,3,3,1,2,"14","5,24",5,3,3,1,3,0,2,2,1,2,10,7,8,5,2,2,27,16,42,58,1.26,1.52,1.54,0.98,2.30,50,80,50,20,0,50,70,30,70,11.20,5.20,8.25,4.05,1.43,1.25,1.83,3.10,6.00,1.95,1.80,Estádio Nacional (Jamor- Oeiras)
1609181100,Dec 28 2020 - 6:45pm,complete,N/A,Rio Ave FC,CS Marítimo,Gustavo Fernandes Correia,11,1.25,0.60,1.06,1.00,1,3,4,1,1,0,"14","50,63,75",4,5,3,0,2,0,2,1,1,1,9,13,6,7,3,6,19,14,48,52,1.14,1.22,1.36,1.47,2.23,40,75,53,10,10,43,65,30,65,7.50,4.70,1.83,3.35,4.65,1.45,2.40,4.65,9.50,2.15,1.65,Estádio do Rio Ave Futebol Clube (Vila do Conde)
1609189200,Dec 28 2020 - 9:00pm,complete,N/A,Boavista FC,Sporting Braga,André Filipe Domingues Narciso,11,1.00,1.80,1.12,1.65,1,4,5,3,0,3,"66","4,15,26,69",8,6,1,0,1,0,0,1,0,1,12,12,6,8,6,4,18,15,49,51,1.35,1.53,1.46,1.57,2.83,30,65,65,43,23,43,75,23,55,11.00,5.85,4.60,3.75,1.74,1.28,1.91,3.35,6.50,1.83,1.91,Estádio do Bessa Século XXI (Porto)
1609264800,Dec 29 2020 - 6:00pm,complete,N/A,Benfica,Portimonense,Tiago Bruno Lopes Martins,11,2.40,0.60,2.29,0.71,2,1,3,2,2,0,"13,23","90'2",3,2,3,0,4,0,1,2,2,2,15,11,7,2,8,9,18,12,46,54,1.99,1.08,1.72,1.29,2.70,50,70,50,30,20,10,80,50,80,11.40,4.20,1.25,6.75,9.50,1.15,1.54,2.35,4.05,2.05,1.71,Estádio do Sport Lisboa e Benfica (da Luz) (Lisboa)
1609267500,Dec 29 2020 - 6:45pm,complete,N/A,Moreirense FC,Santa Clara,Iancu Ioan Vasilica,11,1.60,1.80,1.29,1.18,1,0,1,0,0,0,"72","",2,0,1,0,5,0,1,0,1,4,9,7,3,2,6,5,15,24,43,57,1.35,1.37,0.97,0.82,2.30,60,80,40,10,0,20,90,30,80,8.60,5.80,3.00,2.90,2.65,1.56,2.70,5.50,11.00,2.15,1.67,Parque Desportivo Comendador Joaquim de Almeida Freitas (Moreira de Cónegos)
1609275600,Dec 29 2020 - 9:00pm,complete,N/A,Vitória Guimarães,Porto,Hélder Miguel Azevedo Malheiro,11,1.20,1.75,1.29,2.24,2,3,5,2,1,1,"7,63","42,65,80",0,3,2,0,1,0,2,0,1,0,5,16,3,8,2,8,15,10,33,67,1.12,1.22,0.71,2.05,2.68,25,48,48,48,25,35,68,35,68,8.10,5.10,5.75,3.90,1.59,1.27,1.87,3.20,6.00,1.87,1.87,Estádio Dom Afonso Henriques (Guimarães)
1609610400,Jan 02 2021 - 6:00pm,complete,N/A,Sporting CP,Sporting Braga,Fábio José Costa Veríssimo,12,2.60,2.00,2.53,1.65,2,0,2,0,0,0,"54,78","",5,4,3,0,4,0,0,3,1,3,7,9,5,4,2,5,17,17,47,53,1.68,1.54,1.04,1.11,3.44,64,82,82,64,17,54,80,37,84,13.40,6.77,2.05,3.50,3.45,1.21,1.69,2.70,4.75,1.54,2.40,Estádio José Alvalade (Lisboa)
1609678800,Jan 03 2021 - 1:00pm,complete,N/A,CD Tondela,Famalicão,Miguel Bertolo Nogueira,12,1.33,1.00,1.53,1.24,1,0,1,0,0,0,"52","",4,5,4,0,5,0,2,2,1,4,10,13,4,8,6,5,15,13,37,63,1.16,0.98,1.19,1.82,2.12,29,64,29,19,10,19,64,29,65,6.73,6.70,2.95,3.15,2.50,1.34,2.10,3.70,7.00,1.77,2.00,Estádio João Cardoso (Tondela)
1609686000,Jan 03 2021 - 3:00pm,complete,N/A,CS Marítimo,Boavista FC,Luis Miguel Branco Godinho,12,1.40,0.83,1.06,1.00,0,0,0,0,0,0,"","",2,3,3,0,4,0,0,3,1,3,10,9,5,4,5,5,16,21,59,41,1.10,1.16,1.35,1.04,2.50,72,72,55,25,9,37,45,44,72,6.80,4.97,2.30,3.25,3.15,1.49,2.50,4.70,9.50,2.10,1.69,Estádio dos Barreiros (Funchal (Ilha da Madeira))
1609700400,Jan 03 2021 - 7:00pm,complete,N/A,Paços de Ferreira,Rio Ave FC,Hugo Filipe Ferreira de Campos Moreira Miguel,12,2.00,1.00,1.94,0.94,2,0,2,1,1,0,"24,56","",3,4,0,0,0,0,0,0,0,0,12,8,5,3,7,5,15,9,44,56,1.19,1.15,1.37,0.97,2.24,47,84,29,10,10,10,82,39,84,9.13,3.50,2.90,2.90,2.75,1.48,2.50,4.75,9.50,2.00,1.77,Estádio da Capital do Móvel (Paços de Ferreira)
1609707600,Jan 03 2021 - 9:00pm,complete,N/A,Porto,Moreirense FC,Manuel Mota,12,2.50,0.40,2.47,1.24,3,0,3,1,1,0,"22,88,90'1","",6,2,2,0,0,0,1,1,0,0,15,4,8,3,7,1,15,14,56,44,1.95,0.69,1.86,0.64,2.62,44,72,44,34,17,52,80,25,64,10.67,4.53,1.24,6.50,10.00,1.20,1.67,2.65,4.85,2.35,1.56,Estádio Do Dragão (Porto)
1609779600,Jan 04 2021 - 5:00pm,complete,N/A,Santa Clara,Benfica,Hélder Miguel Azevedo Malheiro,12,0.80,2.40,1.53,2.18,1,1,2,1,0,1,"60","33",3,10,3,0,1,0,1,2,1,0,10,6,5,3,5,3,10,14,30,70,0.97,1.52,1.36,1.14,2.70,30,80,60,20,10,60,70,30,80,10.40,4.20,6.00,4.55,1.49,1.21,1.69,2.75,4.85,1.83,1.91,Estádio de São Miguel (Ponta Delgada- Ilha de São Miguel- Açores)
1609786800,Jan 04 2021 - 7:00pm,complete,N/A,Gil Vicente,Belenenses,Hugo Serafim Coelho Magalhães Silva,12,1.40,1.00,0.94,1.00,0,0,0,0,0,0,"","",8,3,2,0,1,0,0,2,0,1,11,8,6,2,5,6,10,19,53,47,1.32,0.99,1.54,0.90,1.40,20,50,10,0,0,0,40,20,80,8.80,5.40,2.10,3.05,4.05,1.54,2.70,5.50,11.00,2.25,1.61,Estádio Cidade de Barcelos (Barcelos)
1609794900,Jan 04 2021 - 9:15pm,complete,N/A,Portimonense,Farense,Artur Manuel Ribeiro Soares Dias,12,1.00,0.20,1.35,0.76,2,0,2,0,0,0,"70,90'1","",5,1,3,0,2,0,0,3,1,1,12,7,6,0,6,7,21,11,62,38,1.52,1.04,1.65,0.73,1.90,40,60,20,10,10,10,50,30,80,9.60,6.40,2.30,3.15,3.25,1.43,2.35,4.40,9.00,1.95,1.80,Estádio Municipal de Portimão (Portimão)
1610053200,Jan 07 2021 - 9:00pm,complete,N/A,Sporting Braga,CS Marítimo,Hélder Miguel Azevedo Malheiro,13,2.40,1.00,2.12,1.00,2,1,3,1,1,0,"34,67","77",4,1,3,0,4,0,1,2,1,3,13,8,4,3,9,5,18,9,54,46,1.94,1.26,1.39,0.98,2.57,52,70,62,17,9,35,72,44,82,9.93,4.60,1.40,5.00,6.75,1.18,1.61,2.55,4.45,1.83,1.91,Estádio Municipal de Braga (Braga)
1610128800,Jan 08 2021 - 6:00pm,complete,N/A,CD Nacional,Sporting CP,Manuel Mota,13,1.50,2.67,0.88,2.47,0,2,2,1,0,1,"","43,90",1,10,3,0,1,0,1,2,1,0,6,20,2,6,4,14,10,10,44,56,1.37,1.43,0.63,2.10,2.92,59,92,59,33,9,58,84,34,75,10.17,5.50,6.50,4.40,1.47,1.22,1.71,2.80,5.25,1.83,1.91,Estádio da Madeira (Funchal (Ilha da Madeira))
1610132400,Jan 08 2021 - 7:00pm,complete,N/A,Benfica,CD Tondela,Manuel Antonio Rodrigues Oliveira,13,2.50,0.20,2.29,0.59,2,0,2,0,0,0,"54,90'4","",11,0,2,0,0,0,0,2,0,0,16,4,6,3,10,1,19,11,66,34,1.95,1.03,2.10,0.63,3.47,64,100,64,37,27,29,100,45,90,9.47,5.67,1.18,8.25,10.50,1.16,1.51,2.30,4.05,2.45,1.50,Estádio do Sport Lisboa e Benfica (da Luz) (Lisboa)
1610132400,Jan 08 2021 - 7:00pm,complete,N/A,Rio Ave FC,Portimonense,Luis Miguel Branco Godinho,13,1.00,0.50,1.06,0.71,3,0,3,0,0,0,"51,54,78","",4,4,0,0,3,0,0,0,0,3,12,11,8,4,4,7,10,22,40,60,1.18,1.12,1.51,1.25,1.99,35,55,45,19,0,27,64,27,64,9.07,4.80,2.15,3.00,4.00,1.49,2.50,4.80,10.00,2.10,1.71,Estádio do Rio Ave Futebol Clube (Vila do Conde)
1610139600,Jan 08 2021 - 9:00pm,complete,N/A,Famalicão,Porto,Rui Manuel Gomes Costa,13,1.00,2.00,1.12,2.24,1,4,5,3,1,2,"20","13,32,58,89",3,3,5,0,1,0,3,2,1,0,7,9,4,6,3,3,21,9,42,58,1.20,1.39,0.88,1.33,3.67,72,82,74,65,39,55,82,47,74,7.73,4.07,7.40,5.00,1.37,1.16,1.53,2.25,4.15,1.80,1.95,Estádio Municipal 22 de Junho (Vila Nova de Famalicão)
1610211600,Jan 09 2021 - 5:00pm,complete,N/A,Moreirense FC,Vitória Guimarães,Artur Manuel Ribeiro Soares Dias,13,1.83,2.60,1.29,1.24,2,2,4,2,1,1,"15,70","20,68",2,3,2,0,3,0,0,2,0,3,7,6,7,4,0,2,19,12,43,57,1.29,1.14,1.17,1.12,1.92,35,64,29,10,0,19,64,29,72,7.23,3.97,3.80,3.25,2.05,1.48,2.25,3.80,6.75,2.10,1.69,Parque Desportivo Comendador Joaquim de Almeida Freitas (Moreira de Cónegos)
1610224200,Jan 09 2021 - 8:30pm,complete,N/A,Boavista FC,Santa Clara,António Emanuel Carvalho Nobre,13,0.80,1.50,1.12,1.18,1,1,2,2,1,1,"20","37",3,4,3,0,4,0,0,3,2,2,11,7,7,3,4,4,18,27,59,41,1.37,1.28,1.38,0.81,2.57,35,64,55,29,20,29,72,37,72,9.27,5.67,2.40,3.00,3.30,1.53,2.40,4.10,7.00,2.10,1.69,Estádio do Bessa Século XXI (Porto)
1610290800,Jan 10 2021 - 3:00pm,complete,N/A,Farense,Gil Vicente,Hugo Filipe Ferreira de Campos Moreira Miguel,13,1.33,0.83,1.06,1.35,3,1,4,3,2,1,"10,15,84","29",7,6,1,1,2,0,0,2,0,2,9,7,5,4,4,3,15,18,33,67,1.21,1.07,1.18,1.25,2.33,59,59,42,25,9,17,59,59,67,10.50,5.67,2.90,2.90,2.75,1.56,2.45,4.15,7.50,2.10,1.71,Estádio de São Lúis (Faro)
1610308800,Jan 10 2021 - 8:00pm,complete,N/A,Belenenses,Paços de Ferreira,João Pedro Silva Pinheiro,13,1.00,1.00,1.35,1.18,0,2,2,1,0,1,"","12,90'1",8,4,2,0,2,0,0,2,0,2,12,10,7,6,5,4,20,11,70,30,1.31,1.48,1.64,1.21,1.83,67,67,34,0,0,17,50,42,67,11.17,4.84,2.90,2.90,2.70,1.61,2.60,4.60,8.00,2.20,1.62,Estádio Nacional (Jamor- Oeiras)
1610735400,Jan 15 2021 - 6:30pm,complete,N/A,Sporting CP,Rio Ave FC,Hélder Miguel Azevedo Malheiro,14,2.67,0.86,2.53,0.94,1,1,2,1,1,0,"42","61",5,2,3,0,6,0,2,1,2,4,13,5,5,2,8,3,18,17,67,33,1.57,1.13,1.73,0.58,2.36,40,77,41,25,0,17,68,32,86,11.29,4.79,1.51,3.95,6.50,1.36,2.00,3.25,5.75,2.05,1.71,Estádio José Alvalade (Lisboa)
1610744400,Jan 15 2021 - 9:00pm,complete,N/A,Porto,Benfica,Luis Miguel Branco Godinho,14,2.57,2.17,2.47,2.18,1,1,2,2,1,1,"25","17",1,3,4,1,4,0,0,5,0,4,8,11,5,5,3,6,17,26,37,63,1.94,1.46,1.12,1.49,3.44,54,93,69,37,23,69,92,45,86,13.93,4.46,2.15,3.40,3.25,1.30,1.83,2.85,5.25,1.69,2.10,Estádio Do Dragão (Porto)
1610811000,Jan 16 2021 - 3:30pm,complete,N/A,Paços de Ferreira,Sporting Braga,Nuno Miguel Serrano Almeida,14,2.17,1.71,1.94,1.65,2,0,2,0,0,0,"57,76","",2,4,1,0,2,0,0,1,0,2,8,11,5,5,3,6,14,19,39,61,1.22,1.48,1.11,1.49,3.05,54,93,52,37,23,37,85,47,86,10.21,4.96,4.55,3.65,1.77,1.32,1.91,2.95,4.90,1.80,1.95,Estádio da Capital do Móvel (Paços de Ferreira)
1610829000,Jan 16 2021 - 8:30pm,complete,N/A,CD Tondela,Boavista FC,Gustavo Fernandes Correia,14,1.57,0.86,1.53,1.00,3,1,4,1,1,0,"40,56,85","59",7,5,1,0,0,2,1,0,2,0,14,6,8,3,6,3,16,7,73,27,1.16,1.14,2.14,0.68,2.14,43,64,29,29,7,22,50,36,64,6.43,5.14,3.70,3.30,2.05,1.43,2.15,3.55,6.25,1.95,1.80,Estádio João Cardoso (Tondela)
1610895600,Jan 17 2021 - 3:00pm,complete,N/A,CD Nacional,Moreirense FC,Vitor Jorge Fernandes Ferreira,14,1.29,0.33,0.88,1.24,0,1,1,0,0,0,"","78",5,6,4,0,5,0,1,3,2,3,15,12,4,5,11,7,11,19,50,50,1.26,0.68,1.45,1.37,2.19,37,77,38,15,7,23,69,30,77,7.69,4.54,2.35,3.10,3.25,1.48,2.25,3.85,6.75,2.05,1.74,Estádio da Madeira (Funchal (Ilha da Madeira))
1610904600,Jan 17 2021 - 5:30pm,complete,N/A,Santa Clara,Famalicão,Fábio Oliveira Melo,14,0.83,0.83,1.53,1.24,1,2,3,0,0,0,"70","52,82",1,4,5,0,4,0,2,3,0,4,8,9,2,5,6,4,17,23,62,38,1.03,1.12,0.97,1.10,2.09,33,59,33,17,9,25,59,25,75,8.00,6.33,2.40,3.15,3.05,1.49,2.30,3.90,6.75,2.05,1.74,Estádio de São Miguel (Ponta Delgada- Ilha de São Miguel- Açores)
1610913600,Jan 17 2021 - 8:00pm,complete,N/A,Gil Vicente,CS Marítimo,Artur Manuel Ribeiro Soares Dias,14,1.33,0.86,0.94,1.00,0,1,1,0,0,0,"","87",3,4,1,0,5,0,1,0,0,5,9,8,4,2,5,6,18,16,57,43,1.36,1.22,1.08,0.70,2.48,60,84,52,15,7,22,68,52,85,9.17,4.97,2.25,2.95,3.60,1.62,2.65,4.65,8.50,2.35,1.56,Estádio Cidade de Barcelos (Barcelos)
1611000900,Jan 18 2021 - 8:15pm,complete,N/A,Portimonense,Belenenses,João Bento,14,1.33,1.00,1.35,1.00,1,0,1,1,1,0,"17","",7,2,3,0,2,1,2,1,2,1,13,5,8,3,5,2,19,15,46,54,1.55,0.97,1.67,0.94,1.17,17,42,9,0,0,9,34,17,59,8.67,5.67,2.40,2.95,3.35,1.59,2.55,4.45,8.00,2.10,1.69,Estádio Municipal de Portimão (Portimão)
1611260100,Jan 21 2021 - 8:15pm,complete,N/A,Vitória Guimarães,CD Nacional,Gustavo Fernandes Correia,12,1.00,0.80,1.29,0.59,3,1,4,2,1,1,"22,51,61","16",3,3,3,0,2,0,2,1,1,1,9,12,5,6,4,6,25,8,47,53,1.05,0.89,1.35,1.40,1.79,19,37,27,17,9,37,54,17,64,7.23,6.33,1.53,4.05,6.25,1.37,2.00,3.40,6.00,2.15,1.65,Estádio Dom Afonso Henriques (Guimarães)
1611500400,Jan 24 2021 - 3:00pm,complete,N/A,CS Marítimo,Paços de Ferreira,Vitor Jorge Fernandes Ferreira,15,1.33,1.29,1.06,1.18,0,3,3,1,0,1,"","29,48,85",5,2,2,0,3,0,2,0,1,2,13,11,5,6,8,5,15,27,59,41,1.14,1.44,1.61,1.33,1.77,54,61,32,0,0,17,45,30,68,8.50,4.97,2.95,2.95,2.65,1.57,2.45,4.50,8.25,2.10,1.69,Estádio dos Barreiros (Funchal (Ilha da Madeira))
1611509400,Jan 24 2021 - 5:30pm,complete,N/A,Moreirense FC,Portimonense,Gustavo Fernandes Correia,15,1.71,0.43,1.29,0.71,2,2,4,3,2,1,"23,35","16,83",3,1,3,0,2,0,0,3,0,2,9,10,4,5,5,5,12,16,41,59,1.27,1.14,1.12,1.29,2.22,50,64,43,14,0,29,64,36,79,8.14,5.14,2.85,3.05,2.60,1.49,2.25,3.80,6.75,2.00,1.77,Parque Desportivo Comendador Joaquim de Almeida Freitas (Moreira de Cónegos)
1611519300,Jan 24 2021 - 8:15pm,complete,N/A,Famalicão,Vitória Guimarães,Hugo Filipe Ferreira de Campos Moreira Miguel,15,0.86,2.33,1.12,1.24,0,1,1,1,0,1,"","12",7,4,2,0,4,0,0,2,1,3,10,9,6,4,4,5,16,17,60,40,1.16,1.13,1.42,1.18,2.95,60,77,61,45,15,45,77,47,69,7.47,5.00,3.10,3.05,2.45,1.43,2.10,3.40,6.00,1.87,1.87,Estádio Municipal 22 de Junho (Vila Nova de Famalicão)
1611585000,Jan 25 2021 - 2:30pm,complete,N/A,Belenenses,CD Tondela,Artur Manuel Ribeiro Soares Dias,15,0.86,0.17,1.35,0.59,2,0,2,2,2,0,"18,36","",4,9,2,0,3,0,2,0,1,2,9,12,4,3,5,9,15,19,44,56,1.35,0.96,1.01,1.29,2.60,54,86,47,17,9,31,70,40,70,9.46,5.90,2.15,3.15,3.60,1.50,2.30,3.90,7.00,2.10,1.71,Estádio Nacional (Jamor- Oeiras)
1611592200,Jan 25 2021 - 4:30pm,complete,N/A,Rio Ave FC,Santa Clara,Miguel Bertolo Nogueira,15,1.33,1.43,1.06,1.18,1,2,3,2,1,1,"26","24,89",6,2,6,0,1,0,1,5,0,1,9,11,6,6,3,5,13,16,55,45,1.24,1.21,1.23,1.36,2.15,37,69,47,16,0,23,68,31,69,8.04,5.21,2.10,3.00,3.95,1.50,2.30,4.25,7.25,2.10,1.71,Estádio do Rio Ave Futebol Clube (Vila do Conde)
1611594000,Jan 25 2021 - 5:00pm,complete,N/A,Benfica,CD Nacional,Rui Manuel Gomes Costa,15,2.57,0.67,2.29,0.59,1,1,2,1,1,0,"14","48",7,3,1,0,2,0,0,1,0,2,7,5,4,3,3,2,21,15,63,37,1.97,0.98,1.10,0.73,2.49,45,75,45,23,15,32,68,37,84,9.76,4.54,1.22,6.75,10.50,1.18,1.48,2.10,3.10,2.05,1.71,Estádio do Sport Lisboa e Benfica (da Luz) (Lisboa)
1611605700,Jan 25 2021 - 8:15pm,complete,N/A,Farense,Porto,Manuel Mota,15,1.57,2.17,1.06,2.24,0,1,1,1,0,1,"","15",7,4,1,0,1,0,0,1,0,1,7,19,2,10,5,9,12,18,42,58,1.21,1.38,0.86,2.30,3.59,69,77,70,63,41,55,77,62,85,9.19,4.33,8.50,4.95,1.35,1.27,1.74,2.70,4.60,2.05,1.74,Estádio de São Lúis (Faro)
1611690300,Jan 26 2021 - 7:45pm,complete,N/A,Sporting Braga,Gil Vicente,Manuel Antonio Rodrigues Oliveira,15,2.50,0.71,2.12,1.35,1,0,1,0,0,0,"73","",7,4,5,0,1,0,1,4,0,1,10,5,2,0,8,5,17,12,62,38,1.85,1.10,1.14,0.52,2.07,45,54,47,15,0,16,62,38,70,11.17,4.40,1.43,4.45,7.25,1.31,1.83,2.85,4.80,2.00,1.74,Estádio Municipal de Braga (Braga)
1611695700,Jan 26 2021 - 9:15pm,complete,N/A,Boavista FC,Sporting CP,Fábio José Costa Veríssimo,15,0.83,2.71,1.12,2.47,0,2,2,1,0,1,"","22,77",4,8,2,0,2,0,0,2,0,2,6,13,4,7,2,6,25,13,33,67,1.37,1.52,0.92,1.64,2.77,38,84,54,31,17,61,84,24,61,10.60,4.74,6.25,4.15,1.51,1.34,1.91,2.95,5.00,2.10,1.69,Estádio do Bessa Século XXI (Porto)
1612020600,Jan 30 2021 - 3:30pm,complete,N/A,CD Nacional,Famalicão,Tiago Bruno Lopes Martins,16,1.13,1.14,0.88,1.24,2,1,3,1,0,1,"53,57","32",9,3,5,0,1,0,2,3,0,1,14,12,9,5,5,7,20,15,42,58,1.29,1.12,1.74,1.22,2.40,47,66,41,20,14,20,53,41,87,8.59,7.17,3.10,3.00,2.50,1.44,2.25,3.75,6.75,1.95,1.80,Estádio da Madeira (Funchal (Ilha da Madeira))
1612029600,Jan 30 2021 - 6:00pm,complete,N/A,CD Tondela,Farense,Luis Miguel Branco Godinho,16,1.75,0.17,1.53,0.76,2,0,2,0,0,0,"46,90'3","",5,5,5,0,1,0,0,5,1,0,6,9,3,3,3,6,23,16,54,46,1.28,0.98,0.82,1.14,2.09,29,65,21,21,9,7,48,38,82,7.21,6.17,2.45,3.30,2.90,1.37,2.00,3.15,6.50,1.80,1.95,Estádio João Cardoso (Tondela)
1612038600,Jan 30 2021 - 8:30pm,complete,N/A,Portimonense,Boavista FC,Vitor Jorge Fernandes Ferreira,16,1.57,0.75,1.35,1.00,1,2,3,2,1,1,"36","45,63",4,2,3,0,3,0,1,2,0,3,9,12,3,7,6,5,18,17,59,41,1.56,1.09,0.98,1.30,2.16,52,66,32,25,7,20,54,46,66,9.11,5.20,2.25,3.10,3.40,1.49,2.30,4.30,8.00,2.10,1.69,Estádio Municipal de Portimão (Portimão)
1612105200,Jan 31 2021 - 3:00pm,complete,N/A,Vitória Guimarães,CS Marítimo,Fábio José Costa Veríssimo,16,1.29,1.13,1.29,1.00,1,0,1,0,0,0,"48","",7,1,2,0,2,0,1,1,1,1,14,9,5,6,9,3,22,18,57,43,1.10,1.15,1.57,1.16,2.72,52,66,59,34,14,41,73,53,80,6.84,6.67,1.74,3.60,4.75,1.44,2.10,3.60,6.50,2.10,1.71,Estádio Dom Afonso Henriques (Guimarães)
1612198800,Feb 01 2021 - 5:00pm,complete,N/A,Santa Clara,Belenenses,Hugo Serafim Coelho Magalhães Silva,16,0.71,0.86,1.53,1.00,2,0,2,1,1,0,"13,90'3","",2,2,3,0,2,0,0,3,1,1,10,9,4,2,6,7,25,18,35,65,1.02,0.97,1.09,1.04,1.43,22,43,22,7,0,15,43,15,57,6.72,5.57,2.30,2.95,3.45,1.59,2.50,4.75,11.00,2.20,1.62,Estádio de São Miguel (Ponta Delgada- Ilha de São Miguel- Açores)
1612206000,Feb 01 2021 - 7:00pm,complete,N/A,Porto,Rio Ave FC,Nuno Miguel Serrano Almeida,16,2.38,0.88,2.47,0.94,2,0,2,1,1,0,"44,74","",7,8,1,0,2,0,0,1,1,1,13,6,6,3,7,3,19,11,57,43,1.83,1.06,1.85,0.82,2.63,51,82,38,25,13,38,94,32,69,10.63,4.63,1.32,5.50,8.50,1.27,1.74,2.70,4.50,2.15,1.65,Estádio Do Dragão (Porto)
1612208700,Feb 01 2021 - 7:45pm,complete,N/A,Moreirense FC,Sporting Braga,João Pedro Silva Pinheiro,16,1.63,1.50,1.29,1.65,0,4,4,3,0,3,"","7,17,22,87",6,5,2,0,1,0,0,2,1,0,11,12,5,8,6,4,8,19,52,48,1.25,1.48,1.35,1.49,2.82,57,82,51,38,13,44,75,38,82,9.00,5.38,6.75,4.45,1.44,1.30,1.83,2.85,4.80,2.05,1.71,Parque Desportivo Comendador Joaquim de Almeida Freitas (Moreira de Cónegos)
1612215000,Feb 01 2021 - 9:30pm,complete,N/A,Sporting CP,Benfica,Artur Manuel Ribeiro Soares Dias,16,2.43,2.00,2.53,2.18,1,0,1,0,0,0,"90'2","",8,1,3,0,5,0,2,1,2,3,6,4,2,3,4,1,12,17,46,54,1.59,1.46,1.12,0.96,2.93,57,93,57,29,7,50,72,36,93,12.71,5.86,2.75,3.30,2.55,1.39,2.00,3.10,5.75,1.83,1.95,Estádio José Alvalade (Lisboa)
1612296900,Feb 02 2021 - 8:15pm,complete,N/A,Gil Vicente,Paços de Ferreira,Fábio Oliveira Melo,16,1.14,1.50,0.94,1.18,1,2,3,2,0,2,"86","16,35",8,3,3,0,5,0,1,2,1,4,7,8,4,7,3,1,15,19,58,42,1.32,1.43,1.23,1.20,1.79,40,66,20,0,0,0,53,40,87,10.34,3.96,3.00,2.95,2.60,1.61,2.60,5.00,10.25,2.25,1.61,Estádio Cidade de Barcelos (Barcelos)
1612450800,Feb 04 2021 - 3:00pm,complete,N/A,Farense,Santa Clara,Vitor Jorge Fernandes Ferreira,17,1.38,1.63,1.06,1.18,1,1,2,1,1,0,"40","63",11,7,0,0,3,0,0,0,1,2,15,7,5,3,10,4,15,17,48,52,1.17,1.23,1.67,1.04,2.57,63,69,50,26,7,38,82,38,75,9.50,6.13,2.75,2.90,2.90,1.48,2.25,4.00,8.25,1.95,1.83,Estádio de São Lúis (Faro)
1612465200,Feb 04 2021 - 7:00pm,complete,N/A,Belenenses,Porto,Fábio José Costa Veríssimo,17,1.13,2.29,1.35,2.24,0,0,0,0,0,0,"","",2,10,4,0,1,0,2,2,0,1,6,13,0,7,6,6,12,13,37,63,1.31,1.51,0.66,1.83,2.80,54,73,55,36,29,48,75,41,61,9.43,3.79,8.00,4.75,1.36,1.32,1.83,2.95,5.25,2.15,1.65,Estádio Nacional (Jamor- Oeiras)
1612472400,Feb 04 2021 - 9:00pm,complete,N/A,Sporting Braga,Portimonense,Rui Manuel Gomes Costa,17,2.57,0.50,2.12,0.71,2,1,3,1,0,1,"62,73","23",4,1,0,0,2,0,0,0,0,2,13,8,5,6,8,2,12,21,54,46,1.75,1.16,1.48,1.11,2.18,40,53,53,13,0,26,60,34,81,10.42,5.17,1.38,4.75,7.75,1.25,1.77,2.80,5.00,2.05,1.74,Estádio Municipal de Braga (Braga)
1612474200,Feb 04 2021 - 9:30pm,complete,N/A,Famalicão,Moreirense FC,André Filipe Domingues Narciso,17,0.75,0.71,1.12,1.24,0,2,2,2,0,2,"","23,45",5,3,1,1,5,0,0,2,1,4,13,9,3,4,10,5,9,29,65,35,1.19,0.78,1.26,1.06,2.41,45,66,46,25,13,32,73,26,67,7.79,5.17,2.05,3.15,3.90,1.43,2.15,3.80,7.25,2.00,1.80,Estádio Municipal 22 de Junho (Vila Nova de Famalicão)
1612544400,Feb 05 2021 - 5:00pm,complete,N/A,Rio Ave FC,CD Nacional,Iancu Ioan Vasilica,17,1.14,0.71,1.06,0.59,0,0,0,0,0,0,"","",5,3,2,0,2,0,1,1,0,2,11,17,5,8,6,9,14,25,51,49,1.23,0.94,1.41,1.87,2.00,36,64,43,14,0,36,57,22,71,7.86,4.85,1.83,3.30,4.85,1.47,2.25,3.70,8.25,2.15,1.67,Estádio do Rio Ave Futebol Clube (Vila do Conde)
1612551600,Feb 05 2021 - 7:00pm,complete,N/A,Benfica,Vitória Guimarães,Nuno Miguel Serrano Almeida,17,2.38,2.43,2.29,1.24,0,0,0,0,0,0,"","",9,2,1,0,2,0,0,1,1,1,17,6,6,3,11,3,13,19,66,34,1.86,1.14,2.13,0.81,2.57,46,79,47,27,13,21,80,47,79,9.93,3.92,1.38,4.85,7.50,1.26,1.71,2.65,4.85,2.00,1.77,Estádio do Sport Lisboa e Benfica (da Luz) (Lisboa)
1612551600,Feb 05 2021 - 7:00pm,complete,N/A,CS Marítimo,Sporting CP,Hugo Filipe Ferreira de Campos Moreira Miguel,17,1.14,2.75,1.06,2.47,0,2,2,1,0,1,"","9,57",2,5,2,0,1,0,1,1,0,1,5,13,0,5,5,8,19,22,43,57,1.21,1.54,0.47,1.54,2.31,41,79,54,13,0,46,72,21,66,9.46,5.21,7.25,3.80,1.50,1.31,1.95,3.10,6.25,2.10,1.69,Estádio dos Barreiros (Funchal (Ilha da Madeira))
1612558800,Feb 05 2021 - 9:00pm,complete,N/A,Paços de Ferreira,CD Tondela,João Pedro Silva Pinheiro,17,2.29,0.14,1.94,0.59,2,1,3,1,1,0,"2,85","66",3,3,2,0,1,0,0,2,0,1,9,8,4,4,5,4,23,14,53,47,1.20,1.01,1.10,1.08,2.86,43,100,36,22,14,29,79,50,86,8.14,4.86,1.77,3.55,4.65,1.39,2.05,3.35,6.75,2.05,1.71,Estádio da Capital do Móvel (Paços de Ferreira)
1612558800,Feb 05 2021 - 9:00pm,complete,N/A,Boavista FC,Gil Vicente,Hélder Miguel Azevedo Malheiro,17,0.71,0.63,1.12,1.35,1,2,3,2,1,1,"44","24,85",3,5,2,0,3,0,0,2,1,2,11,11,6,6,5,5,10,25,57,43,1.31,1.03,1.46,1.40,2.29,40,61,41,27,15,28,61,34,60,9.88,4.52,2.85,2.80,2.90,1.71,3.10,6.25,12.00,2.40,1.54,Estádio do Bessa Século XXI (Porto)
1612730700,Feb 07 2021 - 8:45pm,complete,N/A,Sporting Braga,Porto,Artur Manuel Ribeiro Soares Dias,18,2.63,2.13,2.12,2.24,2,2,4,1,0,1,"87,90'4","35,54",6,5,3,0,2,1,2,1,2,1,12,6,6,4,6,2,18,18,60,40,1.72,1.55,1.63,0.97,2.63,44,57,57,32,25,32,69,44,76,10.25,3.25,3.25,3.30,2.25,1.28,1.89,3.17,6.00,1.69,2.10,Estádio Municipal de Braga (Braga)
1612803600,Feb 08 2021 - 5:00pm,complete,N/A,Farense,Moreirense FC,Iancu Ioan Vasilica,18,1.33,1.00,1.06,1.24,1,2,3,1,0,1,"90'3","28,79",10,1,4,0,3,0,1,3,2,1,16,7,5,4,11,3,17,11,60,40,1.22,0.81,1.81,0.98,2.15,40,65,35,17,6,29,71,29,71,9.81,5.07,2.15,3.25,3.45,1.43,2.25,4.00,7.25,2.05,1.74,Estádio de São Lúis (Faro)
1612810800,Feb 08 2021 - 7:00pm,complete,N/A,Benfica,Famalicão,Hugo Filipe Ferreira de Campos Moreira Miguel,18,2.22,1.00,2.29,1.24,2,0,2,2,2,0,"3,7","",4,1,3,0,2,0,0,3,1,1,13,10,6,6,7,4,22,12,59,41,1.89,1.13,1.65,1.24,2.53,53,76,47,18,18,12,64,47,89,10.41,5.44,1.21,6.75,12.00,1.18,1.54,2.20,3.75,2.10,1.69,Estádio do Sport Lisboa e Benfica (da Luz) (Lisboa)
1612810800,Feb 08 2021 - 7:00pm,complete,N/A,CS Marítimo,Santa Clara,Rui Manuel Gomes Costa,18,1.00,1.56,1.06,1.18,1,2,3,0,0,0,"61","74,78",3,5,1,0,3,0,0,1,0,3,13,8,6,5,7,3,20,23,46,54,1.12,1.21,1.49,1.07,2.11,53,71,47,6,0,29,70,24,71,7.39,5.96,2.70,3.10,2.70,1.54,2.40,4.45,8.75,2.15,1.67,Estádio dos Barreiros (Funchal (Ilha da Madeira))
1612818000,Feb 08 2021 - 9:00pm,complete,N/A,Belenenses,Vitória Guimarães,André Filipe Domingues Narciso,18,1.11,2.25,1.35,1.24,1,1,2,2,1,1,"30","38",4,7,3,0,2,0,2,1,2,0,10,9,5,5,5,4,13,13,47,53,1.24,1.10,1.35,1.22,1.78,35,59,36,13,0,29,60,30,47,8.81,4.92,2.95,2.95,2.60,1.57,2.50,4.65,8.75,2.20,1.62,Estádio Nacional (Jamor- Oeiras)
1612882800,Feb 09 2021 - 3:00pm,complete,N/A,Paços de Ferreira,Portimonense,Manuel Mota,18,2.38,0.44,1.94,0.71,0,0,0,0,0,0,"","",3,2,2,0,1,0,2,0,1,0,4,11,2,4,2,7,12,10,48,52,1.19,1.15,0.72,1.27,2.60,53,84,53,18,7,23,71,54,89,7.78,4.41,2.10,3.10,3.85,1.44,2.25,4.25,8.00,2.05,1.71,Estádio da Capital do Móvel (Paços de Ferreira)
1612890000,Feb 09 2021 - 5:00pm,complete,N/A,Rio Ave FC,CD Tondela,Vitor Jorge Fernandes Ferreira,18,1.13,0.13,1.06,0.59,2,1,3,1,0,1,"59,64","32",2,3,4,0,2,0,2,2,1,1,6,10,3,6,3,4,13,10,54,46,1.26,1.02,0.91,1.34,2.51,38,82,50,19,7,32,69,38,69,8.51,5.13,1.83,3.40,4.55,1.44,2.20,3.80,7.25,2.10,1.69,Estádio do Rio Ave Futebol Clube (Vila do Conde)
1612897200,Feb 09 2021 - 7:00pm,complete,N/A,Boavista FC,CD Nacional,Fábio Oliveira Melo,18,0.63,0.75,1.12,0.59,0,1,1,1,0,1,"","42",6,1,1,1,4,0,0,2,1,3,13,5,3,2,10,3,13,24,53,47,1.33,1.06,1.66,0.62,2.13,38,63,38,19,13,44,63,19,63,8.00,4.76,2.30,3.15,3.25,1.49,2.25,3.80,7.00,2.05,1.74,Estádio do Bessa Século XXI (Porto)
1612904400,Feb 09 2021 - 9:00pm,complete,N/A,Gil Vicente,Sporting CP,Nuno Miguel Serrano Almeida,18,1.00,2.78,0.94,2.47,1,2,3,1,1,0,"36","83,90'1",1,4,4,0,1,0,1,3,1,0,6,17,3,6,3,11,19,6,32,68,1.31,1.54,0.69,1.81,2.21,36,82,35,11,0,35,75,18,83,11.67,4.21,6.00,3.90,1.57,1.27,1.97,3.10,7.50,2.30,1.57,Estádio Cidade de Barcelos (Barcelos)
1613161800,Feb 12 2021 - 8:30pm,complete,N/A,Famalicão,Belenenses,Nuno Miguel Serrano Almeida,19,0.67,0.75,1.12,1.00,0,0,0,0,0,0,"","",4,5,3,0,4,0,1,2,1,3,6,12,0,3,6,9,14,21,60,40,1.20,0.98,0.66,1.24,2.00,34,52,28,22,11,28,64,17,53,7.31,5.78,2.40,3.00,3.25,1.54,2.50,4.75,9.50,2.20,1.65,Estádio Municipal 22 de Junho (Vila Nova de Famalicão)
1613230200,Feb 13 2021 - 3:30pm,complete,N/A,CD Nacional,Farense,Rui Manuel Gomes Costa,19,1.33,0.14,0.88,0.76,2,3,5,0,0,0,"68,83","51,62,86",6,10,4,0,2,0,2,2,0,2,9,8,5,5,4,3,13,16,58,42,1.34,1.01,1.19,1.07,2.35,43,75,29,18,13,11,48,51,95,8.90,6.40,2.70,3.05,2.80,1.42,2.10,3.35,6.75,1.83,1.91,Estádio da Madeira (Funchal (Ilha da Madeira))
1613239200,Feb 13 2021 - 6:00pm,complete,N/A,Vitória Guimarães,Rio Ave FC,Gustavo Fernandes Correia,19,1.50,0.78,1.29,0.94,1,3,4,2,0,2,"70","23,32,74",11,0,2,0,2,0,0,2,0,2,14,6,8,4,6,2,15,17,63,37,1.16,1.03,1.99,0.74,2.02,29,58,25,19,7,19,76,25,77,8.57,5.02,2.24,3.15,3.37,1.40,2.30,4.33,10.00,2.00,1.75,Estádio Dom Afonso Henriques (Guimarães)
1613248200,Feb 13 2021 - 8:30pm,complete,N/A,Porto,Boavista FC,Manuel Mota,19,2.44,1.00,2.47,1.00,2,2,4,2,0,2,"54,82","8,45'1",7,2,2,0,4,0,1,1,1,3,12,5,7,5,5,0,14,26,74,26,1.84,1.11,1.81,0.84,3.06,67,84,56,44,17,50,78,50,73,9.78,5.23,1.24,6.25,11.00,1.28,1.71,2.60,4.20,2.40,1.53,Estádio Do Dragão (Porto)
1613314800,Feb 14 2021 - 3:00pm,complete,N/A,Portimonense,Gil Vicente,Artur Manuel Ribeiro Soares Dias,19,1.38,0.89,1.35,1.35,4,1,5,3,2,1,"1,33,72,85","26",6,4,2,0,0,0,1,1,0,0,11,8,5,4,6,4,22,13,41,59,1.49,1.07,1.33,1.16,1.93,47,60,35,11,0,24,60,29,65,10.52,5.07,2.40,2.90,3.35,1.61,2.60,4.85,9.25,2.25,1.61,Estádio Municipal de Portimão (Portimão)
1613323800,Feb 14 2021 - 5:30pm,complete,N/A,Santa Clara,Sporting Braga,João Pedro Silva Pinheiro,19,1.00,1.67,1.53,1.65,0,1,1,1,0,1,"","10",9,3,3,0,2,0,0,3,0,2,8,7,3,4,5,3,17,18,53,47,1.03,1.48,0.98,0.98,2.73,41,82,53,35,11,41,71,35,77,9.07,5.39,4.65,3.55,1.77,1.37,1.95,3.10,5.50,1.91,1.87,Estádio de São Miguel (Ponta Delgada- Ilha de São Miguel- Açores)
1613333700,Feb 14 2021 - 8:15pm,complete,N/A,Moreirense FC,Benfica,Manuel Antonio Rodrigues Oliveira,19,1.44,1.75,1.29,2.18,1,1,2,2,1,1,"40","25",3,9,2,0,3,0,0,2,1,2,7,13,4,9,3,4,17,15,35,65,1.26,1.40,0.96,2.03,2.66,53,83,47,23,7,54,77,24,89,9.16,4.97,9.00,5.50,1.31,1.25,1.67,2.55,4.25,2.15,1.67,Parque Desportivo Comendador Joaquim de Almeida Freitas (Moreira de Cónegos)
1613420100,Feb 15 2021 - 8:15pm,complete,N/A,Sporting CP,Paços de Ferreira,André Filipe Domingues Narciso,19,2.50,1.67,2.53,1.18,2,0,2,1,1,0,"20,48","",2,4,5,0,3,0,2,3,3,0,7,8,4,3,3,5,27,20,45,55,1.53,1.40,1.00,0.97,2.37,53,77,42,19,0,18,59,41,95,11.32,5.94,1.39,4.55,7.75,1.39,2.00,3.35,6.00,2.35,1.56,Estádio José Alvalade (Lisboa)
1613497500,Feb 16 2021 - 5:45pm,complete,N/A,CD Tondela,CS Marítimo,António Emanuel Carvalho Nobre,19,1.89,1.00,1.53,1.00,2,1,3,2,1,1,"22,52","45",2,1,4,0,5,0,1,3,2,3,12,6,7,4,5,2,21,19,54,46,1.23,1.15,1.53,0.92,2.39,45,73,45,22,6,22,62,45,78,6.89,6.00,2.45,3.05,3.05,1.38,2.25,4.45,10.00,1.91,1.83,Estádio João Cardoso (Tondela)
1613598300,Feb 17 2021 - 9:45pm,complete,N/A,Vitória Guimarães,Farense,João Pedro Silva Pinheiro,14,1.33,0.50,1.29,0.76,2,2,4,3,2,1,"14,36","21,79",8,4,0,0,2,1,0,0,1,2,13,7,4,4,9,3,15,17,62,38,1.25,1.01,1.66,1.03,2.47,36,60,35,35,18,22,46,54,89,9.27,6.13,1.91,3.25,4.40,1.36,2.05,3.35,6.75,1.91,1.83,Estádio Dom Afonso Henriques (Guimarães)
1613766600,Feb 19 2021 - 8:30pm,complete,N/A,Boavista FC,Moreirense FC,Artur Manuel Ribeiro Soares Dias,20,0.56,1.22,1.12,1.24,1,0,1,0,0,0,"53","",10,5,3,0,2,0,0,3,0,2,11,6,7,2,4,4,14,19,42,58,1.36,0.83,1.41,0.88,2.11,28,67,39,11,11,33,73,22,62,7.89,4.78,2.25,3.05,3.55,1.49,2.30,4.15,7.75,2.10,1.69,Estádio do Bessa Século XXI (Porto)
1613835000,Feb 20 2021 - 3:30pm,complete,N/A,Belenenses,CD Nacional,Miguel Bertolo Nogueira,20,1.10,1.00,1.35,0.59,2,1,3,2,1,1,"29,69","44",9,1,3,0,1,0,1,2,0,1,13,12,5,5,8,7,16,12,49,51,1.25,1.01,1.49,1.49,1.63,42,57,26,6,0,37,58,16,48,8.40,5.48,2.10,3.00,4.00,1.54,2.40,4.30,8.00,2.15,1.67,Estádio Nacional (Jamor- Oeiras)
1613842200,Feb 20 2021 - 5:30pm,complete,N/A,Gil Vicente,Santa Clara,Gustavo Fernandes Correia,20,0.89,1.70,0.94,1.18,1,0,1,0,0,0,"90'3","",6,4,4,0,3,0,1,3,1,2,9,7,4,2,5,5,17,15,51,49,1.24,1.20,1.21,0.89,2.15,57,74,42,5,0,21,68,32,85,9.44,5.41,2.45,3.00,3.15,1.59,2.50,4.40,8.50,2.25,1.61,Estádio Cidade de Barcelos (Barcelos)
1613853000,Feb 20 2021 - 8:30pm,complete,N/A,Sporting CP,Portimonense,Rui Manuel Gomes Costa,20,2.56,0.50,2.53,0.71,2,0,2,2,2,0,"27,31","",5,4,0,0,3,0,0,0,1,2,12,5,8,2,4,3,15,19,57,43,1.47,1.16,1.63,0.75,2.43,47,69,52,27,0,26,58,37,85,9.93,6.16,1.41,4.45,7.75,1.39,2.05,3.45,6.25,2.40,1.54,Estádio José Alvalade (Lisboa)
1613919600,Feb 21 2021 - 3:00pm,complete,N/A,Rio Ave FC,Famalicão,Hugo Serafim Coelho Magalhães Silva,20,1.33,0.89,1.06,1.24,0,1,1,1,0,1,"","39",4,8,1,1,3,0,1,1,2,1,3,9,2,6,1,3,9,20,50,50,1.22,1.14,0.53,1.26,2.17,39,67,50,11,6,22,56,39,73,7.66,6.00,2.10,3.25,3.65,1.49,2.25,3.80,7.00,2.10,1.69,Estádio do Rio Ave Futebol Clube (Vila do Conde)
1613919600,Feb 21 2021 - 3:00pm,complete,N/A,Paços de Ferreira,Vitória Guimarães,Nuno Miguel Serrano Almeida,20,2.22,2.11,1.94,1.24,2,1,3,2,1,1,"33,62","23",3,3,0,0,2,0,0,0,0,2,8,7,4,4,4,3,10,14,58,42,1.14,1.11,1.02,1.01,2.11,39,73,33,17,6,22,67,45,67,7.56,3.89,2.80,2.90,2.80,1.51,2.35,4.25,7.75,2.05,1.74,Estádio da Capital do Móvel (Paços de Ferreira)
1613930400,Feb 21 2021 - 6:00pm,complete,N/A,Sporting Braga,CD Tondela,Tiago Bruno Lopes Martins,20,2.44,0.11,2.12,0.59,4,2,6,3,3,0,"18,40,42,50","84,90'4",8,2,0,0,2,0,0,0,1,1,18,7,8,4,10,3,15,12,62,38,1.71,1.05,2.02,0.82,2.67,50,78,56,17,6,22,78,50,84,9.78,5.00,1.34,5.25,8.25,1.22,1.59,2.35,3.70,1.87,1.87,Estádio Municipal de Braga (Braga)
1613938500,Feb 21 2021 - 8:15pm,complete,N/A,Farense,Benfica,Hugo Filipe Ferreira de Campos Moreira Miguel,20,1.20,1.67,1.06,2.18,0,0,0,0,0,0,"","",4,7,2,0,2,0,0,2,1,1,8,11,4,3,4,8,18,19,34,66,1.28,1.47,1.14,1.52,2.69,63,80,47,21,11,49,79,36,79,12.68,5.38,7.50,5.25,1.36,1.22,1.61,2.40,3.90,1.95,1.80,Estádio de São Lúis (Faro)
1614020400,Feb 22 2021 - 7:00pm,complete,N/A,CS Marítimo,Porto,Vitor Jorge Fernandes Ferreira,20,0.89,2.00,1.06,2.24,1,2,3,2,1,1,"18","14,90'3",3,3,6,0,2,0,1,5,1,1,11,11,8,7,3,4,21,18,27,73,1.16,1.48,1.43,1.80,2.67,50,67,62,34,22,33,61,45,67,7.77,3.88,10.25,5.25,1.29,1.25,1.71,2.75,4.60,2.20,1.62,Estádio dos Barreiros (Funchal (Ilha da Madeira))
1614371400,Feb 26 2021 - 8:30pm,complete,N/A,Vitória Guimarães,Boavista FC,Fábio José Costa Veríssimo,21,1.30,1.00,1.29,1.00,2,1,3,2,1,1,"39,63","17",10,1,2,0,4,0,0,2,0,4,19,8,10,3,9,5,27,13,58,42,1.29,1.08,2.38,0.94,2.75,60,65,55,50,10,45,65,50,80,8.20,5.50,2.05,3.25,3.75,1.43,2.25,4.25,9.75,2.05,1.71,Estádio Dom Afonso Henriques (Guimarães)
1614439800,Feb 27 2021 - 3:30pm,complete,N/A,Famalicão,Farense,Luis Miguel Branco Godinho,21,0.70,0.56,1.12,0.76,0,0,0,0,0,0,"","",5,4,2,0,5,1,0,2,1,5,14,9,4,0,10,9,18,17,64,36,1.14,1.02,1.59,0.81,2.74,52,74,42,37,21,31,57,43,75,8.83,5.91,2.25,3.30,3.20,1.43,2.15,3.80,7.75,2.00,1.80,Estádio Municipal 22 de Junho (Vila Nova de Famalicão)
1614448800,Feb 27 2021 - 6:00pm,complete,N/A,Santa Clara,Paços de Ferreira,Manuel Mota,21,0.89,1.50,1.53,1.18,3,0,3,2,2,0,"10,45,56","",2,13,1,0,0,0,0,1,0,0,8,20,4,5,4,15,11,9,38,62,1.03,1.36,1.00,2.01,2.05,42,74,32,6,0,16,69,31,79,8.62,5.16,2.65,3.00,2.90,1.54,2.50,4.55,9.50,2.15,1.65,Estádio de São Miguel (Ponta Delgada- Ilha de São Miguel- Açores)
1614457800,Feb 27 2021 - 8:30pm,complete,N/A,Porto,Sporting CP,João Pedro Silva Pinheiro,21,2.30,2.80,2.47,2.47,0,0,0,0,0,0,"","",3,1,1,0,2,0,0,1,1,1,14,5,3,0,11,5,20,16,55,45,1.83,1.56,1.48,0.56,3.05,50,95,55,35,10,60,100,35,75,12.20,4.70,2.00,3.30,3.90,1.39,2.15,3.90,8.00,2.00,1.77,Estádio Do Dragão (Porto)
1614524400,Feb 28 2021 - 3:00pm,complete,N/A,Portimonense,CS Marítimo,Tiago Bruno Lopes Martins,21,1.56,0.90,1.35,1.00,0,0,0,0,0,0,"","",6,4,1,0,2,0,1,0,1,1,8,10,2,4,6,6,22,10,75,25,1.47,1.13,0.99,1.13,2.46,57,74,52,16,11,37,69,42,79,8.37,5.96,1.91,3.20,4.45,1.45,2.30,4.15,9.25,2.10,1.69,Estádio Municipal de Portimão (Portimão)
1614533400,Feb 28 2021 - 5:30pm,complete,N/A,CD Tondela,Gil Vicente,Rui Manuel Gomes Costa,21,2.00,0.80,1.53,1.35,1,0,1,1,1,0,"5","",6,8,1,0,0,1,0,1,1,0,18,14,8,3,10,11,13,9,61,39,1.26,1.08,2.17,1.41,2.25,45,65,40,25,5,25,60,35,70,8.60,5.10,2.95,3.00,2.60,1.47,2.30,4.15,9.25,2.05,1.74,Estádio João Cardoso (Tondela)
1614542400,Feb 28 2021 - 8:00pm,complete,N/A,CD Nacional,Sporting Braga,Hélder Miguel Azevedo Malheiro,21,1.20,1.80,0.88,1.65,1,2,3,2,0,2,"69","25,29",2,5,1,0,0,0,0,1,0,0,9,16,3,5,6,11,8,10,37,63,1.32,1.43,1.08,1.77,2.95,50,80,55,40,20,35,70,45,80,10.60,6.00,5.70,3.90,1.55,1.26,1.80,3.25,5.50,2.00,1.80,Estádio da Madeira (Funchal (Ilha da Madeira))
1614625200,Mar 01 2021 - 7:00pm,complete,N/A,Benfica,Rio Ave FC,Nuno Miguel Serrano Almeida,21,2.30,1.00,2.29,0.94,2,0,2,0,0,0,"59,78","",6,6,1,0,0,0,0,1,0,0,18,11,7,4,11,7,17,10,60,40,1.87,1.00,2.22,1.15,2.30,45,85,30,15,10,15,85,30,80,10.50,3.60,1.33,5.25,8.50,1.25,1.71,2.80,5.25,2.10,1.71,Estádio do Sport Lisboa e Benfica (da Luz) (Lisboa)
1614629700,Mar 01 2021 - 8:15pm,complete,N/A,Moreirense FC,Belenenses,João Bento,21,1.40,0.78,1.29,1.00,2,2,4,3,2,1,"11,37","17,72",4,5,3,0,2,0,1,2,1,1,15,13,7,5,8,8,14,12,50,50,1.23,1.01,1.67,1.49,1.64,30,51,20,15,0,25,57,10,62,6.70,5.31,2.55,2.90,3.10,1.57,2.65,5.50,11.00,2.20,1.62,Parque Desportivo Comendador Joaquim de Almeida Freitas (Moreira de Cónegos)
1614969000,Mar 05 2021 - 6:30pm,complete,N/A,Paços de Ferreira,CD Nacional,Iancu Ioan Vasilica,22,2.30,0.90,1.94,0.59,2,1,3,2,2,0,"15,33","90'4",5,4,3,0,4,0,1,2,0,4,13,10,5,6,8,4,20,18,41,59,1.12,1.06,1.46,1.38,2.05,45,70,35,10,5,30,65,30,75,6.60,4.10,0.00,0.00,0.00,1.38,2.27,4.10,8.75,2.20,1.62,Estádio da Capital do Móvel (Paços de Ferreira)
1614977100,Mar 05 2021 - 8:45pm,complete,N/A,Sporting CP,Santa Clara,Manuel Antonio Rodrigues Oliveira,22,2.60,1.55,2.53,1.18,2,1,3,1,1,0,"22,90'3","84",4,8,1,0,2,0,0,1,1,1,7,6,4,3,3,3,18,24,58,42,1.49,1.17,0.99,0.81,2.39,52,77,43,20,0,29,67,29,86,10.20,6.47,1.34,4.55,7.25,1.35,1.76,3.10,7.00,2.40,1.54,Estádio José Alvalade (Lisboa)
1615044600,Mar 06 2021 - 3:30pm,complete,N/A,Portimonense,CD Tondela,Manuel Mota,22,1.50,0.10,1.35,0.59,3,0,3,2,2,0,"14,35,54","",3,3,1,0,1,0,0,1,0,1,11,14,6,4,5,10,8,7,42,58,1.42,1.03,1.37,1.39,2.65,50,80,45,20,15,35,75,45,70,9.30,5.20,1.93,3.30,3.40,1.36,1.73,3.50,7.00,1.91,1.83,Estádio Municipal de Portimão (Portimão)
1615053600,Mar 06 2021 - 6:00pm,complete,N/A,Gil Vicente,Porto,Nuno Miguel Serrano Almeida,22,1.10,2.10,0.94,2.24,0,2,2,1,0,1,"","7,60",4,10,0,0,0,0,0,0,0,0,6,11,3,7,3,4,14,12,41,59,1.23,1.52,0.78,1.49,2.55,50,65,50,30,20,30,65,40,80,9.70,3.80,6.10,3.90,1.43,1.39,1.73,3.40,7.00,2.30,1.57,Estádio Cidade de Barcelos (Barcelos)
1615062600,Mar 06 2021 - 8:30pm,complete,N/A,Boavista FC,Famalicão,André Filipe Domingues Narciso,22,0.80,1.10,1.12,1.24,3,0,3,1,1,0,"17,65,90'1","",2,7,2,0,2,1,0,2,1,2,10,12,5,2,5,10,12,18,45,55,1.37,1.15,1.26,1.16,2.25,35,60,40,15,15,30,65,30,65,9.20,5.80,2.28,3.30,3.00,1.40,2.25,4.00,8.25,2.00,1.77,Estádio do Bessa Século XXI (Porto)
1615138200,Mar 07 2021 - 5:30pm,complete,N/A,CS Marítimo,Moreirense FC,Luis Miguel Branco Godinho,22,0.80,1.10,1.06,1.24,0,2,2,1,0,1,"","23,89",5,2,3,0,2,0,2,1,1,1,15,15,6,6,9,9,19,14,51,49,1.19,0.84,1.67,1.61,1.90,35,65,45,0,0,25,55,25,70,6.60,5.40,2.20,3.05,3.45,1.50,2.55,4.65,9.75,2.25,1.61,Estádio dos Barreiros (Funchal (Ilha da Madeira))
1615147200,Mar 07 2021 - 8:00pm,complete,N/A,Rio Ave FC,Farense,João Pedro Silva Pinheiro,22,1.20,0.60,1.06,0.76,2,0,2,1,1,0,"27,70","",4,6,2,0,2,0,1,1,1,1,11,6,5,2,6,4,19,16,54,46,1.15,1.00,1.23,0.80,2.15,35,65,40,20,10,15,45,40,75,8.60,5.80,2.01,3.20,4.20,1.42,2.25,4.00,8.25,2.05,1.71,Estádio do Rio Ave Futebol Clube (Vila do Conde)
1615234500,Mar 08 2021 - 8:15pm,complete,N/A,Belenenses,Benfica,Tiago Bruno Lopes Martins,22,1.27,1.60,1.35,2.18,0,3,3,0,0,0,"","55,58,65",4,5,1,0,0,0,0,1,0,0,14,13,4,7,10,6,9,11,37,63,1.27,1.47,1.50,1.64,2.11,53,77,38,5,5,53,67,19,58,11.63,5.43,6.00,4.10,1.45,1.29,1.80,2.95,6.00,2.10,1.69,Estádio Nacional (Jamor- Oeiras)
1615326300,Mar 09 2021 - 9:45pm,complete,N/A,Sporting Braga,Vitória Guimarães,Hugo Filipe Ferreira de Campos Moreira Miguel,22,2.50,1.90,2.12,1.24,3,0,3,2,2,0,"5,40,85","",3,12,1,0,2,0,1,0,1,1,9,15,5,2,4,13,17,14,38,62,1.74,1.10,1.10,1.64,2.30,45,60,50,20,5,30,70,40,70,9.80,4.10,1.54,3.75,5.75,1.33,1.77,3.50,6.75,2.10,1.67,Estádio Municipal de Braga (Braga)
1615581000,Mar 12 2021 - 8:30pm,complete,N/A,CD Nacional,CS Marítimo,Hugo Filipe Ferreira de Campos Moreira Miguel,23,1.09,0.91,0.88,1.00,1,2,3,1,1,0,"44","58,65",8,6,4,0,4,0,0,4,0,4,18,14,9,4,9,10,19,21,61,39,1.30,1.13,2.04,1.38,2.69,64,78,60,23,14,32,64,45,87,7.91,6.27,2.50,3.20,2.80,1.40,2.34,3.85,7.75,1.91,1.87,Estádio da Madeira (Funchal (Ilha da Madeira))
1615649400,Mar 13 2021 - 3:30pm,complete,N/A,Farense,Belenenses,Fábio José Costa Veríssimo,23,1.18,0.80,1.06,1.00,0,1,1,0,0,0,"","78",6,2,1,0,4,0,0,1,3,1,15,10,4,5,11,5,14,14,57,43,1.27,1.06,1.69,1.32,1.78,37,47,28,19,5,19,57,23,62,9.84,5.55,2.45,3.00,3.20,1.48,2.30,4.10,8.25,2.00,1.80,Estádio de São Lúis (Faro)
1615658400,Mar 13 2021 - 6:00pm,complete,N/A,Benfica,Boavista FC,Manuel Mota,23,2.36,0.91,2.29,1.00,2,0,2,1,1,0,"42,52","",13,3,2,0,0,1,2,0,1,0,19,4,11,0,8,4,12,6,76,24,1.90,1.07,2.84,0.38,2.73,64,87,50,32,14,32,69,50,82,9.27,4.55,1.29,5.75,9.00,1.24,1.65,2.65,4.80,2.10,1.69,Estádio do Sport Lisboa e Benfica (da Luz) (Lisboa)
1615658400,Mar 13 2021 - 6:00pm,complete,N/A,Santa Clara,Portimonense,Iancu Ioan Vasilica,23,1.10,0.45,1.53,0.71,2,0,2,1,1,0,"13,90'2","",6,2,2,0,3,0,0,2,0,3,15,13,5,5,10,8,13,20,51,49,1.02,1.13,1.62,1.39,2.19,38,67,48,14,0,33,67,28,67,7.64,5.04,2.60,2.90,3.05,1.51,2.40,4.30,9.00,2.05,1.74,Estádio de São Miguel (Ponta Delgada- Ilha de São Miguel- Açores)
1615667400,Mar 13 2021 - 8:30pm,complete,N/A,CD Tondela,Sporting CP,Nuno Miguel Serrano Almeida,23,2.09,2.64,1.53,2.47,0,1,1,0,0,0,"","81",3,5,3,0,1,1,1,2,1,1,5,12,3,3,2,9,17,14,38,62,1.34,1.47,0.77,1.41,2.23,32,78,36,18,0,32,78,23,69,9.09,4.91,8.25,4.65,1.38,1.30,1.87,3.10,6.00,2.20,1.62,Estádio João Cardoso (Tondela)
1615734000,Mar 14 2021 - 3:00pm,complete,N/A,Moreirense FC,Rio Ave FC,Fábio Oliveira Melo,23,1.36,0.91,1.29,0.94,1,1,2,1,0,1,"83","7",7,5,2,0,4,0,2,0,2,2,9,15,3,4,6,11,12,16,61,39,1.27,1.02,1.09,1.48,2.32,50,82,32,23,0,32,82,23,82,7.91,4.00,3.00,3.20,2.40,1.38,2.20,3.80,8.00,1.95,1.80,Parque Desportivo Comendador Joaquim de Almeida Freitas (Moreira de Cónegos)
1615743000,Mar 14 2021 - 5:30pm,complete,N/A,Vitória Guimarães,Gil Vicente,João Pedro Silva Pinheiro,23,1.45,0.73,1.29,1.35,2,4,6,4,1,3,"40,78","19,26,45'3,80",8,6,3,1,3,0,3,1,1,2,18,12,6,9,12,3,20,12,44,56,1.39,1.11,1.91,1.62,2.46,50,55,50,36,9,41,69,36,73,10.73,4.82,2.05,3.20,3.75,1.38,2.20,3.90,8.25,2.10,1.69,Estádio Dom Afonso Henriques (Guimarães)
1615752000,Mar 14 2021 - 8:00pm,complete,N/A,Porto,Paços de Ferreira,Tiago Bruno Lopes Martins,23,2.18,1.36,2.47,1.18,2,0,2,0,0,0,"77,78","",10,2,1,0,2,0,0,1,0,2,17,3,6,3,11,0,11,13,63,37,1.80,1.42,2.08,0.58,2.64,50,82,46,23,9,41,82,41,78,11.54,4.72,1.40,4.50,8.00,1.30,1.85,3.10,6.25,2.10,1.69,Estádio Do Dragão (Porto)
1615839300,Mar 15 2021 - 8:15pm,complete,N/A,Famalicão,Sporting Braga,Manuel Antonio Rodrigues Oliveira,23,0.73,1.91,1.12,1.65,2,2,4,3,1,2,"18,87","36,39",2,4,3,0,2,0,0,3,1,1,17,8,7,4,10,4,19,12,48,52,1.18,1.46,1.83,1.06,2.82,50,73,55,41,18,50,78,32,59,9.73,5.28,6.75,4.30,1.47,1.28,1.83,3.00,6.25,2.05,1.74,Estádio Municipal 22 de Junho (Vila Nova de Famalicão)
1616185800,Mar 19 2021 - 8:30pm,complete,N/A,Gil Vicente,CD Nacional,Luis Miguel Branco Godinho,24,1.00,0.82,0.94,0.59,2,0,2,0,0,0,"55,71","",3,3,2,1,3,1,1,2,2,2,11,11,5,2,6,9,18,15,51,49,1.19,1.09,1.28,1.20,1.82,41,60,32,5,0,27,60,18,78,8.27,4.82,2.05,3.20,3.95,1.43,2.25,3.90,8.00,2.00,1.77,Estádio Cidade de Barcelos (Barcelos)
1616254200,Mar 20 2021 - 3:30pm,complete,N/A,Paços de Ferreira,Moreirense FC,João Bento,24,2.36,1.27,1.94,1.24,3,0,3,3,3,0,"12,20,44","",5,10,4,0,1,0,1,3,1,0,14,10,8,0,6,10,15,5,38,62,1.15,0.91,1.57,1.06,2.09,37,78,36,5,5,23,69,32,82,7.00,4.19,1.88,3.30,4.20,1.38,2.45,4.25,9.00,2.20,1.62,Estádio da Capital do Móvel (Paços de Ferreira)
1616254200,Mar 20 2021 - 3:30pm,complete,N/A,Santa Clara,CD Tondela,Hélder Miguel Azevedo Malheiro,24,1.27,0.09,1.53,0.59,1,1,2,1,0,1,"90'4","44",6,4,5,2,2,0,0,7,0,2,19,7,6,5,13,2,15,15,62,38,1.08,1.06,2.18,0.98,2.73,41,87,50,18,9,36,82,37,78,7.73,5.00,1.78,3.30,4.80,1.42,2.18,3.85,8.00,2.05,1.71,Estádio de São Miguel (Ponta Delgada- Ilha de São Miguel- Açores)
1616263200,Mar 20 2021 - 6:00pm,complete,N/A,Portimonense,Porto,Rui Manuel Gomes Costa,24,1.64,2.18,1.35,2.24,1,2,3,1,0,1,"64","45'1,67",2,4,4,1,2,0,2,3,0,2,8,12,3,3,5,9,13,10,32,68,1.42,1.51,0.84,1.47,2.59,46,69,50,32,23,41,73,36,69,10.18,3.63,7.00,4.20,1.43,1.33,1.83,3.20,6.50,2.20,1.65,Estádio Municipal de Portimão (Portimão)
1616272200,Mar 20 2021 - 8:30pm,complete,N/A,Sporting CP,Vitória Guimarães,Tiago Bruno Lopes Martins,24,2.64,1.73,2.53,1.24,1,0,1,1,1,0,"42","",5,6,2,0,1,0,0,2,0,1,9,6,5,3,4,3,10,15,68,32,1.44,1.15,1.29,0.89,2.32,41,73,45,23,0,36,69,32,73,10.36,5.18,1.49,4.00,6.30,1.36,2.04,3.30,7.50,2.20,1.62,Estádio José Alvalade (Lisboa)
1616338800,Mar 21 2021 - 3:00pm,complete,N/A,Rio Ave FC,Belenenses,Gustavo Fernandes Correia,24,1.36,1.00,1.06,1.00,0,0,0,0,0,0,"","",9,2,3,0,0,1,1,2,1,0,19,8,8,5,11,3,18,14,69,31,1.16,1.08,2.22,1.01,1.50,18,46,27,9,0,14,50,14,60,7.36,5.45,2.05,3.05,4.15,1.53,2.40,4.35,9.00,2.15,1.65,Estádio do Rio Ave Futebol Clube (Vila do Conde)
1616347800,Mar 21 2021 - 5:30pm,complete,N/A,CS Marítimo,Famalicão,Fábio José Costa Veríssimo,24,0.73,1.00,1.06,1.24,0,4,4,2,0,2,"","32,37,50,78",5,1,3,0,2,0,2,1,2,0,8,14,2,8,6,6,13,15,46,54,1.23,1.15,0.86,1.82,2.18,41,69,50,5,5,23,60,36,73,7.64,6.46,2.70,3.00,2.80,1.48,2.30,4.05,8.25,2.00,1.77,Estádio dos Barreiros (Funchal (Ilha da Madeira))
1616347800,Mar 21 2021 - 5:30pm,complete,N/A,Boavista FC,Farense,Hugo Filipe Ferreira de Campos Moreira Miguel,24,1.00,0.55,1.12,0.76,0,1,1,1,0,1,"","25",5,9,2,0,1,0,0,2,0,1,13,17,5,8,8,9,23,20,51,49,1.36,0.98,1.40,1.99,2.36,32,69,36,23,18,23,55,36,78,9.54,5.45,2.40,3.05,3.20,1.44,2.25,3.95,8.00,1.95,1.80,Estádio do Bessa Século XXI (Porto)
1616356800,Mar 21 2021 - 8:00pm,complete,N/A,Sporting Braga,Benfica,João Pedro Silva Pinheiro,24,2.55,1.73,2.12,2.18,0,2,2,1,0,1,"","45'2,56",2,1,1,1,4,0,2,0,2,2,8,9,3,6,5,3,9,17,39,61,1.68,1.49,0.90,1.35,2.55,45,73,55,14,9,41,69,36,82,11.73,4.27,3.05,3.65,2.20,1.26,1.74,2.75,4.95,1.62,2.20,Estádio Municipal de Braga (Braga)
1617391800,Apr 02 2021 - 7:30pm,complete,N/A,CD Nacional,Portimonense,Tiago Bruno Lopes Martins,25,1.00,0.42,0.88,0.71,1,5,6,2,0,2,"68","33,45,54,62,90'2",6,6,3,0,1,0,2,1,1,0,15,21,4,11,11,10,8,17,42,58,1.36,1.15,1.51,2.49,2.54,55,75,54,21,9,29,67,42,80,8.83,5.75,2.97,3.28,2.46,1.38,2.16,3.85,8.00,1.95,1.77,Estádio da Madeira (Funchal (Ilha da Madeira))
1617469200,Apr 03 2021 - 5:00pm,complete,N/A,Rio Ave FC,Gil Vicente,Hélder Miguel Azevedo Malheiro,25,1.33,0.92,1.06,1.35,0,2,2,0,0,0,"","76,90'6",4,6,2,1,3,0,2,1,1,2,12,7,4,4,8,3,13,14,52,48,1.25,1.15,1.40,0.94,2.17,42,58,46,21,9,25,63,34,63,9.84,4.67,2.02,3.11,3.21,1.47,2.21,4.25,9.00,2.15,1.62,Estádio do Rio Ave Futebol Clube (Vila do Conde)
1617478200,Apr 03 2021 - 7:30pm,complete,N/A,Porto,Santa Clara,Hugo Filipe Ferreira de Campos Moreira Miguel,25,2.25,1.42,2.47,1.18,2,1,3,0,0,0,"49,90'5","56",7,5,3,0,3,0,0,3,0,3,17,5,6,4,11,1,16,22,62,38,1.82,1.14,1.98,0.75,2.67,59,79,50,25,9,42,79,42,75,11.00,5.42,1.26,4.65,11.08,1.32,1.88,3.25,6.50,2.60,1.43,Estádio Do Dragão (Porto)
1617544800,Apr 04 2021 - 2:00pm,complete,N/A,Belenenses,Boavista FC,Vitor Jorge Fernandes Ferreira,25,1.17,0.83,1.35,1.00,0,2,2,1,0,1,"","44,59",5,4,3,0,3,1,1,2,1,3,11,12,3,7,8,5,12,17,58,42,1.29,1.01,1.29,1.49,2.38,63,79,50,21,4,42,63,38,67,8.41,5.41,2.25,3.00,3.50,1.57,2.45,4.65,9.75,2.10,1.61,Estádio Nacional (Jamor- Oeiras)
1617553800,Apr 04 2021 - 4:30pm,complete,N/A,Vitória Guimarães,CD Tondela,Fábio Oliveira Melo,25,1.33,0.17,1.29,0.59,1,2,3,2,1,1,"39","27,77",11,5,2,0,1,0,0,2,0,1,17,11,5,4,12,7,10,9,52,48,1.43,1.05,1.93,1.12,3.09,54,79,58,38,17,50,84,46,83,9.41,5.41,1.80,3.40,4.80,1.42,2.20,3.95,8.50,2.20,1.54,Estádio Dom Afonso Henriques (Guimarães)
1617562800,Apr 04 2021 - 7:00pm,complete,N/A,Famalicão,Paços de Ferreira,Nuno Miguel Serrano Almeida,25,0.75,1.25,1.12,1.18,2,0,2,1,1,0,"41,64","",6,3,2,0,5,1,0,2,0,6,19,5,9,0,10,5,16,15,44,56,1.24,1.35,2.12,0.59,2.42,50,75,42,21,9,34,71,34,71,9.25,5.08,2.30,3.10,3.30,1.38,2.20,3.85,7.75,1.87,1.74,Estádio Municipal 22 de Junho (Vila Nova de Famalicão)
1617644700,Apr 05 2021 - 5:45pm,complete,N/A,Farense,Sporting Braga,Rui Manuel Gomes Costa,25,1.08,1.83,1.06,1.65,1,2,3,2,1,1,"34","29,90'1",4,5,0,0,1,0,0,0,0,1,18,14,9,3,9,11,12,14,36,64,1.30,1.43,2.21,1.55,2.75,54,71,55,38,13,42,75,38,75,11.66,4.92,5.34,3.75,1.65,1.30,1.90,3.15,6.00,1.91,1.71,Estádio de São Lúis (Faro)
1617645600,Apr 05 2021 - 6:00pm,complete,N/A,Benfica,CS Marítimo,Luis Miguel Branco Godinho,25,2.42,1.08,2.29,1.00,1,0,1,1,1,0,"21","",4,3,3,0,3,0,1,2,2,1,16,9,6,3,10,6,17,18,66,34,1.98,1.15,1.90,0.91,2.54,55,84,50,17,13,25,71,46,83,10.08,5.00,1.17,7.15,15.28,1.17,1.53,2.06,4.00,2.20,1.54,Estádio do Sport Lisboa e Benfica (da Luz) (Lisboa)
1617652800,Apr 05 2021 - 8:00pm,complete,N/A,Moreirense FC,Sporting CP,João Pedro Silva Pinheiro,25,1.33,2.67,1.29,2.47,1,1,2,1,0,1,"90","20",2,4,2,0,2,0,1,1,0,2,6,9,2,3,4,6,16,14,40,60,1.26,1.47,0.79,1.12,2.46,50,83,42,25,0,46,83,17,79,9.08,4.50,7.44,4.00,1.48,1.34,1.95,3.25,6.75,2.10,1.61,Parque Desportivo Comendador Joaquim de Almeida Freitas (Moreira de Cónegos)
1617994800,Apr 09 2021 - 7:00pm,complete,N/A,Portimonense,Vitória Guimarães,Manuel Antonio Rodrigues Oliveira,26,1.50,1.58,1.35,1.24,3,0,3,1,1,0,"5,64,67","",3,8,2,0,2,0,0,2,1,1,8,10,4,4,4,6,16,8,43,57,1.37,1.13,0.97,1.28,2.04,38,63,42,13,4,38,71,29,59,9.67,4.66,2.45,3.00,3.00,1.47,2.48,4.25,8.75,2.00,1.71,Estádio Municipal de Portimão (Portimão)
1618063200,Apr 10 2021 - 2:00pm,complete,N/A,CS Marítimo,Farense,Manuel Mota,26,0.67,0.75,1.06,0.76,1,0,1,1,1,0,"43","",6,12,4,0,3,0,3,1,0,3,10,16,3,4,7,12,15,19,43,57,1.20,1.06,1.07,1.75,2.25,38,71,42,17,9,21,50,38,79,8.50,5.91,2.50,3.10,3.05,1.47,2.50,4.20,8.75,2.00,1.67,Estádio dos Barreiros (Funchal (Ilha da Madeira))
1618065000,Apr 10 2021 - 2:30pm,complete,N/A,Boavista FC,Rio Ave FC,André Filipe Domingues Narciso,26,0.92,0.92,1.12,0.94,3,3,6,3,2,1,"3,13,82","10,70,90'3",6,5,4,1,1,1,2,3,0,2,14,9,6,4,8,5,19,18,28,72,1.36,1.05,1.54,1.38,2.13,34,71,30,13,9,21,79,25,71,9.33,4.09,2.60,3.05,2.95,1.45,2.38,4.10,8.25,1.95,1.71,Estádio do Bessa Século XXI (Porto)
1618074000,Apr 10 2021 - 5:00pm,complete,N/A,CD Tondela,Porto,Fábio José Costa Veríssimo,26,1.92,2.25,1.53,2.24,0,2,2,1,0,1,"","19,83",1,6,4,0,0,0,1,3,0,0,8,16,3,8,5,8,19,22,36,64,1.30,1.51,0.89,2.03,2.55,42,67,46,34,17,30,71,38,71,8.59,4.17,7.00,4.40,1.47,1.30,1.94,3.20,6.50,2.10,1.61,Estádio João Cardoso (Tondela)
1618083000,Apr 10 2021 - 7:30pm,complete,N/A,Paços de Ferreira,Benfica,Hugo Filipe Ferreira de Campos Moreira Miguel,26,2.42,1.83,1.94,2.18,0,5,5,3,0,3,"","38,45,45'8,78,89",1,11,1,1,5,0,1,1,3,2,3,17,2,11,1,6,8,13,28,72,1.19,1.48,0.49,2.41,2.46,46,88,46,8,8,42,71,34,79,9.42,4.41,6.80,4.40,1.48,1.26,1.79,3.00,6.00,1.91,1.74,Estádio da Capital do Móvel (Paços de Ferreira)
1618149600,Apr 11 2021 - 2:00pm,complete,N/A,Gil Vicente,Moreirense FC,Nuno Miguel Serrano Almeida,26,1.17,1.17,0.94,1.24,1,2,3,1,0,1,"47","19,72",7,2,2,0,1,0,0,2,1,0,13,10,5,4,8,6,15,11,62,38,1.20,0.92,1.41,1.08,1.83,25,67,29,0,0,17,59,25,80,8.84,4.59,2.05,3.05,3.40,1.40,2.25,4.05,8.25,2.10,1.69,Estádio Cidade de Barcelos (Barcelos)
1618151400,Apr 11 2021 - 2:30pm,complete,N/A,Santa Clara,CD Nacional,Gustavo Fernandes Correia,26,1.25,0.75,1.53,0.59,5,1,6,2,2,0,"4,35,47,79,90'6","66",3,3,2,0,3,0,1,1,1,2,13,8,9,5,4,3,18,18,48,52,1.17,1.10,1.59,0.96,1.96,38,67,33,8,0,34,67,17,71,7.25,5.75,1.95,3.15,3.75,1.42,2.20,4.00,8.50,2.20,1.65,Estádio de São Miguel (Ponta Delgada- Ilha de São Miguel- Açores)
1618158600,Apr 11 2021 - 4:30pm,complete,N/A,Sporting Braga,Belenenses,Artur Manuel Ribeiro Soares Dias,26,2.33,1.00,2.12,1.00,1,1,2,1,1,0,"36","59",9,7,4,0,3,0,2,2,2,1,15,9,6,3,9,6,12,13,65,35,1.62,1.07,1.91,1.06,1.79,25,46,33,13,4,17,54,21,71,8.58,4.83,1.33,4.40,7.00,1.28,1.85,2.70,6.00,2.10,1.70,Estádio Municipal de Braga (Braga)
1618167600,Apr 11 2021 - 7:00pm,complete,N/A,Sporting CP,Famalicão,Rui Manuel Gomes Costa,26,2.67,1.17,2.53,1.24,1,1,2,2,1,1,"25","27",6,5,3,0,3,0,1,2,0,3,16,3,6,3,10,0,13,18,62,38,1.43,1.21,1.80,0.57,2.42,38,71,46,21,4,25,67,42,79,9.75,6.42,1.38,4.35,6.75,1.30,1.95,3.55,7.00,2.25,1.59,Estádio José Alvalade (Lisboa)
1618595100,Apr 16 2021 - 5:45pm,complete,N/A,Boavista FC,Paços de Ferreira,Tiago Bruno Lopes Martins,27,0.92,1.15,1.12,1.18,2,0,2,2,2,0,"13,42","",0,8,3,0,1,0,1,2,0,1,10,17,5,4,5,13,8,9,32,68,1.38,1.29,1.20,1.79,2.35,35,74,39,12,12,27,73,35,77,9.92,5.07,2.67,3.10,2.83,1.45,2.27,4.15,8.50,2.05,1.74,Estádio do Bessa Século XXI (Porto)
1618603200,Apr 16 2021 - 8:00pm,complete,N/A,Farense,Sporting CP,Hugo Filipe Ferreira de Campos Moreira Miguel,27,1.00,2.54,1.06,2.47,0,1,1,1,0,1,"","35",7,9,1,0,2,0,0,1,1,1,12,11,4,4,8,7,13,11,46,54,1.37,1.44,1.38,1.31,2.35,50,74,42,19,4,35,77,27,77,11.38,4.46,7.45,4.52,1.44,1.30,1.82,3.45,7.25,2.15,1.65,Estádio de São Lúis (Faro)
1618669800,Apr 17 2021 - 2:30pm,complete,N/A,Vitória Guimarães,Santa Clara,Rui Manuel Gomes Costa,27,1.23,1.31,1.29,1.18,1,0,1,1,1,0,"17","",4,5,1,0,1,0,0,1,1,0,6,11,3,2,3,9,18,18,44,56,1.47,1.11,0.76,1.24,2.65,62,70,58,27,8,43,73,38,85,10.61,5.92,2.15,3.10,3.50,1.45,2.30,3.95,8.25,2.05,1.74,Estádio Dom Afonso Henriques (Guimarães)
1618669800,Apr 17 2021 - 2:30pm,complete,N/A,Moreirense FC,CD Tondela,Iancu Ioan Vasilica,27,1.31,0.38,1.29,0.59,2,3,5,5,2,3,"28,43","4,10,12",5,3,4,1,4,0,2,3,0,4,12,7,4,5,8,2,17,13,56,44,1.22,1.06,1.43,0.98,2.89,66,93,50,27,8,46,89,31,85,7.54,4.69,2.23,3.32,3.32,1.38,2.20,3.80,8.00,1.95,1.80,Parque Desportivo Comendador Joaquim de Almeida Freitas (Moreira de Cónegos)
1618678800,Apr 17 2021 - 5:00pm,complete,N/A,Benfica,Gil Vicente,Fábio José Costa Veríssimo,27,2.46,1.08,2.29,1.35,1,2,3,1,0,1,"87","35,81",5,5,1,0,1,0,1,0,0,1,18,10,0,3,18,7,7,10,67,33,1.97,1.13,1.80,1.08,2.46,46,74,39,23,15,23,70,42,73,12.00,4.08,1.28,5.20,11.00,1.24,1.67,2.90,4.95,2.35,1.56,Estádio do Sport Lisboa e Benfica (da Luz) (Lisboa)
1618678800,Apr 17 2021 - 5:00pm,complete,N/A,Belenenses,CS Marítimo,António Emanuel Carvalho Nobre,27,1.08,1.00,1.35,1.00,2,0,2,1,1,0,"37,88","",2,11,4,0,3,0,0,4,0,3,8,22,5,7,3,15,26,11,37,63,1.29,1.13,1.04,2.14,2.19,54,73,50,8,4,35,66,35,66,8.62,5.93,2.18,3.23,3.55,2.60,2.30,4.25,9.00,2.10,1.69,Estádio Nacional (Jamor- Oeiras)
1618687800,Apr 17 2021 - 7:30pm,complete,N/A,Rio Ave FC,Sporting Braga,Nuno Miguel Serrano Almeida,27,1.23,1.92,1.06,1.65,0,0,0,0,0,0,"","",2,5,3,1,2,0,2,2,1,1,11,14,4,6,7,8,18,21,43,57,1.26,1.44,1.13,1.66,2.46,39,74,54,27,8,39,70,31,70,9.70,4.84,4.25,3.60,1.83,1.33,1.83,3.25,5.75,1.87,1.87,Estádio do Rio Ave Futebol Clube (Vila do Conde)
1618754400,Apr 18 2021 - 2:00pm,complete,N/A,Famalicão,Portimonense,Luis Miguel Branco Godinho,27,0.92,0.62,1.12,0.71,0,1,1,1,0,1,"","45'4",5,4,1,0,5,0,0,1,1,4,14,5,4,5,10,0,14,19,58,42,1.31,1.25,1.30,0.71,2.58,50,69,50,31,12,42,73,31,62,8.15,5.23,2.30,3.10,3.35,1.48,2.25,4.10,8.25,2.05,1.71,Estádio Municipal 22 de Junho (Vila Nova de Famalicão)
1618763400,Apr 18 2021 - 4:30pm,complete,N/A,CD Nacional,Porto,João Pedro Silva Pinheiro,27,0.92,2.31,0.88,2.24,0,1,1,1,0,1,"","20",2,2,3,0,1,0,1,2,0,1,7,10,3,4,4,6,13,15,38,62,1.37,1.55,0.92,1.29,3.08,62,81,62,39,27,35,77,50,85,10.15,4.39,11.00,6.50,1.22,1.18,1.54,2.35,4.30,2.20,1.62,Estádio da Madeira (Funchal (Ilha da Madeira))
1618945200,Apr 20 2021 - 7:00pm,complete,N/A,Paços de Ferreira,Farense,Manuel Mota,28,2.23,0.69,1.94,0.76,0,2,2,0,0,0,"","77,84",6,6,1,0,1,0,0,1,1,0,7,13,2,6,5,7,9,8,52,48,1.13,1.12,0.94,1.70,2.42,39,77,39,19,15,23,62,42,81,9.15,5.00,2.45,3.15,2.95,1.45,2.25,4.05,8.25,2.05,1.74,Estádio da Capital do Móvel (Paços de Ferreira)
1619015400,Apr 21 2021 - 2:30pm,complete,N/A,Santa Clara,Moreirense FC,Vitor Jorge Fernandes Ferreira,28,1.38,1.31,1.53,1.24,0,0,0,0,0,0,"","",8,5,5,0,3,0,2,3,1,2,22,8,6,3,16,5,17,9,58,42,1.20,0.93,2.23,0.90,2.15,31,73,38,8,4,27,73,23,73,7.77,5.08,1.74,3.55,4.85,1.43,2.20,3.90,8.00,2.15,1.67,Estádio de São Miguel (Ponta Delgada- Ilha de São Miguel- Açores)
1619020800,Apr 21 2021 - 4:00pm,complete,N/A,CS Marítimo,Rio Ave FC,Hélder Miguel Azevedo Malheiro,28,0.85,0.92,1.06,0.94,1,0,1,1,1,0,"12","",4,10,1,0,0,0,0,1,0,0,7,17,3,2,4,15,13,15,33,67,1.19,1.08,0.90,1.70,2.23,42,77,39,12,4,23,74,31,77,8.16,4.92,2.60,3.10,2.90,1.50,2.30,4.05,8.00,2.05,1.71,Estádio dos Barreiros (Funchal (Ilha da Madeira))
1619028000,Apr 21 2021 - 6:00pm,complete,N/A,Sporting Braga,Boavista FC,Luis Miguel Branco Godinho,28,2.23,1.00,2.12,1.00,2,1,3,2,1,1,"39,82","28",15,2,0,0,3,1,0,0,1,3,27,7,12,3,15,4,14,17,72,28,1.64,1.05,3.17,0.74,2.66,58,77,54,27,8,31,73,42,89,8.77,4.92,1.47,4.30,6.75,1.28,1.80,2.95,5.75,1.95,1.80,Estádio Municipal de Braga (Braga)
1619036100,Apr 21 2021 - 8:15pm,complete,N/A,Sporting CP,Belenenses,Nuno Miguel Serrano Almeida,28,2.54,1.00,2.53,1.00,2,2,4,1,0,1,"83,90'6","13,54",9,0,1,0,3,0,1,0,1,2,17,5,8,5,9,0,14,12,70,30,1.46,1.07,2.25,0.81,1.73,31,54,23,16,0,20,54,16,66,9.23,5.92,1.37,4.60,8.25,1.40,2.10,3.80,7.75,2.40,1.54,Estádio José Alvalade (Lisboa)
1619100000,Apr 22 2021 - 2:00pm,complete,N/A,CD Tondela,CD Nacional,Manuel Antonio Rodrigues Oliveira,28,1.77,0.69,1.53,0.59,2,1,3,2,1,1,"17,60","13",6,7,2,0,4,1,0,2,1,4,7,12,6,6,1,6,15,18,51,49,1.27,1.09,1.03,1.42,2.04,35,62,31,15,4,31,62,23,69,6.61,5.77,2.20,3.35,3.35,1.34,1.95,3.30,6.50,1.80,1.95,Estádio João Cardoso (Tondela)
1619107200,Apr 22 2021 - 4:00pm,complete,N/A,Gil Vicente,Famalicão,António Emanuel Carvalho Nobre,28,1.08,1.15,0.94,1.24,0,3,3,0,0,0,"","69,90,90'3",6,5,1,1,2,0,1,1,0,2,11,14,4,6,7,8,11,11,55,45,1.22,1.16,1.23,1.53,2.15,38,69,39,8,4,20,62,42,81,9.23,5.61,2.85,3.15,2.60,1.53,2.40,4.40,8.75,2.10,1.71,Estádio Cidade de Barcelos (Barcelos)
1619114400,Apr 22 2021 - 6:00pm,complete,N/A,Portimonense,Benfica,Artur Manuel Ribeiro Soares Dias,28,1.62,1.92,1.35,2.18,1,5,6,2,1,1,"43","45'2,50,64,73,90'4",5,4,1,0,2,0,0,1,1,1,8,17,4,7,4,10,10,16,36,64,1.34,1.55,0.98,2.01,2.39,38,77,46,12,12,43,69,35,73,10.85,5.31,6.75,4.50,1.44,1.28,1.80,2.90,5.75,2.05,1.74,Estádio Municipal de Portimão (Portimão)
1619121600,Apr 22 2021 - 8:00pm,complete,N/A,Porto,Vitória Guimarães,Tiago Bruno Lopes Martins,28,2.31,1.46,2.47,1.24,1,0,1,0,0,0,"49","",8,4,1,0,1,0,0,1,0,1,16,5,8,2,8,3,8,7,67,33,1.84,1.14,2.10,0.67,2.54,43,74,50,27,8,46,77,43,62,11.46,4.39,1.35,5.25,8.00,1.26,1.71,2.80,5.25,2.00,1.74,Estádio Do Dragão (Porto)
1619359200,Apr 25 2021 - 2:00pm,complete,N/A,Boavista FC,CS Marítimo,João Pedro Silva Pinheiro,29,1.07,0.93,1.12,1.00,0,1,1,0,0,0,"","63",3,8,2,0,1,0,1,1,0,1,9,12,3,4,6,8,10,17,50,50,1.36,1.21,1.09,1.39,2.47,43,68,50,18,14,36,75,36,68,8.43,5.72,2.15,3.20,3.50,1.45,2.30,4.10,8.25,1.95,1.80,Estádio do Bessa Século XXI (Porto)
1619368200,Apr 25 2021 - 4:30pm,complete,N/A,Rio Ave FC,Paços de Ferreira,Manuel Antonio Rodrigues Oliveira,29,1.21,1.07,1.06,1.18,1,1,2,1,0,1,"49","31",5,2,2,1,1,0,2,1,0,1,9,10,4,4,5,6,13,17,57,43,1.25,1.33,1.34,1.23,1.89,29,72,33,4,0,18,61,33,72,9.43,5.21,2.25,3.10,3.45,1.48,2.30,4.10,8.50,2.05,1.74,Estádio do Rio Ave Futebol Clube (Vila do Conde)
1619377200,Apr 25 2021 - 7:00pm,complete,N/A,Sporting Braga,Sporting CP,Artur Manuel Ribeiro Soares Dias,29,2.29,2.57,2.12,2.47,0,1,1,0,0,0,"","81",6,2,4,0,4,1,1,3,2,3,19,6,5,2,14,4,19,10,70,30,1.75,1.43,2.19,0.60,2.39,43,75,47,14,4,33,83,25,82,11.79,4.07,2.80,3.10,2.65,1.36,2.05,3.45,7.00,1.83,1.95,Estádio Municipal de Braga (Braga)
1619452800,Apr 26 2021 - 4:00pm,complete,N/A,Belenenses,Gil Vicente,Tiago Bruno Lopes Martins,29,1.21,1.21,1.35,1.35,2,1,3,1,0,1,"51,90'1","43",4,5,3,0,2,0,2,1,1,1,13,18,5,6,8,12,6,9,47,53,1.27,1.13,1.46,1.91,2.25,50,72,43,15,7,33,64,36,64,10.50,4.92,2.45,2.96,3.00,2.50,2.57,4.65,10.00,2.15,1.67,Estádio Nacional (Jamor- Oeiras)
1619460000,Apr 26 2021 - 6:00pm,complete,N/A,Benfica,Santa Clara,Hélder Miguel Azevedo Malheiro,29,2.29,1.21,2.29,1.18,2,1,3,1,1,0,"25,73","62",5,4,2,0,0,0,0,2,0,0,11,19,2,9,9,10,14,11,62,38,1.96,1.12,1.17,2.07,2.36,54,79,43,11,7,18,75,40,79,11.07,4.71,1.32,4.75,8.70,1.27,1.72,3.10,5.50,2.30,1.57,Estádio do Sport Lisboa e Benfica (da Luz) (Lisboa)
1619460000,Apr 26 2021 - 6:00pm,complete,N/A,CD Nacional,Vitória Guimarães,Fábio José Costa Veríssimo,29,0.86,1.36,0.88,1.24,1,0,1,1,1,0,"7","",6,4,4,0,3,0,1,3,1,2,9,9,6,3,3,6,20,15,32,68,1.34,1.11,1.29,1.12,2.47,47,68,50,22,11,33,71,40,72,9.85,5.07,3.45,3.30,2.06,1.33,2.04,3.55,7.00,1.87,1.87,Estádio da Madeira (Funchal (Ilha da Madeira))
1619460000,Apr 26 2021 - 6:00pm,complete,N/A,Famalicão,CD Tondela,Rui Manuel Gomes Costa,29,0.86,0.57,1.12,0.59,2,2,4,4,2,2,"10,28","45'2,45'3",8,9,3,0,1,0,1,2,1,0,16,13,8,3,8,10,15,14,55,45,1.31,1.05,1.89,1.24,2.93,57,82,54,33,18,47,86,32,65,8.14,5.14,2.09,3.20,3.50,1.38,2.09,3.60,7.00,2.00,1.80,Estádio Municipal 22 de Junho (Vila Nova de Famalicão)
1619468100,Apr 26 2021 - 8:15pm,complete,N/A,Moreirense FC,Porto,Hugo Filipe Ferreira de Campos Moreira Miguel,29,1.21,2.36,1.29,2.24,1,1,2,1,1,0,"37","86",6,11,3,0,4,0,1,2,0,4,9,25,4,8,5,17,17,11,28,72,1.24,1.53,0.99,2.71,2.82,61,79,50,40,18,43,86,29,75,8.50,3.72,12.00,6.00,1.24,1.21,1.61,2.50,4.55,2.25,1.59,Parque Desportivo Comendador Joaquim de Almeida Freitas (Moreira de Cónegos)
1619556300,Apr 27 2021 - 8:45pm,complete,N/A,Farense,Portimonense,Luis Miguel Branco Godinho,29,0.93,0.79,1.06,0.71,1,1,2,1,1,0,"24","79",8,5,2,0,2,0,2,0,1,1,11,17,4,6,7,11,12,16,51,49,1.37,1.21,1.33,1.77,2.36,50,61,47,21,7,33,71,36,68,10.14,4.85,2.25,3.15,3.40,1.48,2.25,3.90,7.75,2.00,1.74,Estádio de São Lúis (Faro)
1619724600,Apr 29 2021 - 7:30pm,complete,N/A,CS Marítimo,Sporting Braga,Fábio José Costa Veríssimo,30,1.00,1.86,1.06,1.65,1,0,1,0,0,0,"76","",2,8,5,0,2,0,2,3,0,2,8,13,3,5,5,8,13,11,38,62,1.17,1.45,0.92,1.78,2.50,43,72,57,25,7,43,72,29,68,8.93,5.15,5.75,4.00,1.60,1.28,1.73,3.00,5.85,1.95,1.85,Estádio dos Barreiros (Funchal (Ilha da Madeira))
1619791200,Apr 30 2021 - 2:00pm,complete,N/A,Paços de Ferreira,Belenenses,Gustavo Fernandes Correia,30,2.07,1.00,1.94,1.00,1,0,1,0,0,0,"85","",3,5,3,1,2,0,1,3,0,2,13,9,8,2,5,7,17,18,57,43,1.12,1.05,1.67,1.05,1.97,32,65,32,14,7,22,57,29,72,7.00,4.86,2.25,3.15,3.20,1.47,2.55,4.35,8.75,2.15,1.65,Estádio da Capital do Móvel (Paços de Ferreira)
1619798400,Apr 30 2021 - 4:00pm,complete,N/A,Vitória Guimarães,Moreirense FC,Vitor Jorge Fernandes Ferreira,30,1.36,1.29,1.29,1.24,2,0,2,2,2,0,"26,30","",4,10,3,0,1,0,1,2,1,0,14,18,7,3,7,15,13,11,40,60,1.42,0.93,1.58,1.72,2.29,36,61,47,22,7,39,72,29,72,9.71,5.00,1.82,3.30,4.60,1.30,1.98,3.40,6.75,1.91,1.83,Estádio Dom Afonso Henriques (Guimarães)
1619805600,Apr 30 2021 - 6:00pm,complete,N/A,CD Tondela,Benfica,Manuel Mota,30,1.86,2.00,1.53,2.18,0,2,2,2,0,2,"","12,19",3,6,0,0,1,0,0,0,0,1,8,15,4,7,4,8,12,4,41,59,1.25,1.58,1.00,1.75,2.43,36,75,40,18,11,39,68,29,75,9.57,5.50,9.30,5.40,1.30,1.13,1.45,2.17,3.51,1.69,2.18,Estádio João Cardoso (Tondela)
1619813700,Apr 30 2021 - 8:15pm,complete,N/A,Porto,Famalicão,Nuno Miguel Serrano Almeida,30,2.36,1.29,2.47,1.24,3,2,5,2,1,1,"8,61,75","44,90'1",5,4,1,0,3,0,1,0,0,3,11,9,5,5,6,4,17,18,57,43,1.86,1.19,1.47,1.08,2.65,43,75,50,25,11,40,68,50,71,10.79,5.57,1.42,4.60,6.50,1.23,1.71,2.76,5.00,1.90,1.85,Estádio Do Dragão (Porto)
1619879400,May 01 2021 - 2:30pm,complete,N/A,Gil Vicente,Farense,Hélder Miguel Azevedo Malheiro,30,1.00,0.86,0.94,0.76,0,0,0,0,0,0,"","",5,4,3,0,2,0,1,2,0,2,16,14,7,5,9,9,15,17,53,47,1.22,1.16,1.81,1.45,2.07,33,68,29,11,7,7,47,43,86,10.79,5.14,2.50,3.15,3.00,1.45,2.28,4.15,8.50,2.00,1.74,Estádio Cidade de Barcelos (Barcelos)
1619888400,May 01 2021 - 5:00pm,complete,N/A,Santa Clara,Boavista FC,Rui Manuel Gomes Costa,30,1.36,0.93,1.53,1.00,3,3,6,2,1,1,"45,50,90'4","17,69,75",5,4,3,0,3,1,1,2,0,4,13,8,7,5,6,3,19,15,61,39,1.28,1.03,1.59,0.96,2.50,54,79,47,25,7,36,71,32,79,7.36,5.93,2.00,3.25,4.00,1.42,2.15,3.75,7.75,2.00,1.74,Estádio de São Miguel (Ponta Delgada- Ilha de São Miguel- Açores)
1619888400,May 01 2021 - 5:00pm,complete,N/A,Portimonense,Rio Ave FC,João Pedro Silva Pinheiro,30,1.50,0.86,1.35,0.94,0,0,0,0,0,0,"","",6,10,2,0,0,0,0,2,0,0,6,10,2,3,4,7,20,10,48,52,1.31,1.12,0.75,1.08,2.32,43,75,36,14,11,25,79,36,75,9.71,4.29,2.40,3.00,3.25,1.49,2.30,4.15,8.50,2.00,1.74,Estádio Municipal de Portimão (Portimão)
1619897400,May 01 2021 - 7:30pm,complete,N/A,Sporting CP,CD Nacional,Manuel Antonio Rodrigues Oliveira,30,2.43,0.64,2.53,0.59,2,0,2,0,0,0,"83,90'2","",7,4,2,0,4,1,1,1,1,4,24,4,9,3,15,1,10,28,70,30,1.52,1.11,2.70,0.66,2.36,50,72,43,22,4,40,68,29,75,9.35,5.93,1.24,6.00,12.00,1.28,1.77,3.00,6.00,2.55,1.48,Estádio José Alvalade (Lisboa)
1620237600,May 05 2021 - 6:00pm,complete,N/A,CS Marítimo,Gil Vicente,Rui Manuel Gomes Costa,31,1.13,1.13,1.06,1.35,0,1,1,1,0,1,"","32",9,3,7,0,3,0,2,5,0,3,8,10,2,6,6,4,16,24,58,42,1.15,1.18,0.98,1.36,2.30,47,64,50,17,7,27,64,40,70,8.93,5.13,2.80,2.90,2.80,1.59,2.55,4.80,9.75,2.25,1.61,Estádio dos Barreiros (Funchal (Ilha da Madeira))
1620237600,May 05 2021 - 6:00pm,complete,N/A,Sporting Braga,Paços de Ferreira,Hélder Miguel Azevedo Malheiro,31,2.13,1.07,2.12,1.18,1,1,2,1,0,1,"78","26",7,5,1,0,3,0,0,1,2,1,13,14,5,2,8,12,13,15,66,34,1.78,1.32,1.50,1.34,2.30,44,77,40,7,4,24,73,33,90,11.27,4.47,1.47,4.20,7.00,1.31,1.87,3.15,6.50,2.05,1.71,Estádio Municipal de Braga (Braga)
1620245700,May 05 2021 - 8:15pm,complete,N/A,Rio Ave FC,Sporting CP,Fábio José Costa Veríssimo,31,1.20,2.60,1.06,2.47,0,2,2,1,0,1,"","34,63",2,9,4,1,5,0,2,3,2,3,6,20,2,9,4,11,15,17,50,50,1.25,1.38,0.75,2.30,1.90,30,67,33,10,0,23,67,20,67,9.54,5.13,5.50,3.50,1.71,1.44,2.25,3.95,8.00,2.25,1.61,Estádio do Rio Ave Futebol Clube (Vila do Conde)
1620309600,May 06 2021 - 2:00pm,complete,N/A,Moreirense FC,CD Nacional,Nuno Miguel Serrano Almeida,31,1.20,0.60,1.29,0.59,2,2,4,1,0,1,"62,81","43,74",3,7,5,0,5,0,2,3,1,4,16,16,5,4,11,12,22,17,59,41,1.22,1.08,1.64,1.49,2.44,60,77,40,23,7,47,74,20,77,7.34,5.74,2.10,3.45,3.40,1.35,2.00,3.40,6.75,1.87,1.87,Parque Desportivo Comendador Joaquim de Almeida Freitas (Moreira de Cónegos)
1620316800,May 06 2021 - 4:00pm,complete,N/A,Belenenses,Portimonense,Manuel Mota,31,1.33,0.80,1.35,0.71,1,0,1,1,1,0,"45'3","",3,4,3,0,1,0,0,3,0,1,14,13,4,4,10,9,11,12,37,63,1.29,1.25,1.42,1.37,2.20,47,74,44,10,4,33,70,30,64,9.00,5.40,3.25,2.70,2.65,1.59,2.50,4.65,9.50,2.10,1.69,Estádio Nacional (Jamor- Oeiras)
1620322200,May 06 2021 - 5:30pm,complete,N/A,Benfica,Porto,Artur Manuel Ribeiro Soares Dias,31,2.33,2.27,2.29,2.24,1,1,2,1,1,0,"23","75",7,11,8,0,3,0,1,7,1,2,6,18,3,3,3,15,21,13,44,56,1.91,1.61,0.84,1.81,2.67,50,80,47,27,20,23,84,44,77,11.53,3.20,2.40,3.35,2.95,1.36,2.00,3.35,6.75,1.83,1.91,Estádio do Sport Lisboa e Benfica (da Luz) (Lisboa)
1620329400,May 06 2021 - 7:30pm,complete,N/A,Farense,Vitória Guimarães,André Filipe Domingues Narciso,31,0.93,1.27,1.06,1.24,2,2,4,3,2,1,"12,27","2,90'1",3,6,3,0,3,1,0,3,1,3,9,7,8,5,1,2,29,11,37,63,1.37,1.11,1.20,1.01,2.10,44,57,40,17,4,30,73,30,63,11.20,4.20,2.15,3.35,3.45,1.40,2.10,3.65,7.25,1.95,1.83,Estádio de São Lúis (Faro)
1620410400,May 07 2021 - 6:00pm,complete,N/A,Famalicão,Santa Clara,Luis Miguel Branco Godinho,31,0.87,1.13,1.12,1.18,1,0,1,0,0,0,"82","",5,2,4,0,5,2,1,3,3,4,17,8,6,5,11,3,14,13,59,41,1.34,1.18,1.90,1.01,2.47,60,70,50,24,7,34,77,30,64,9.13,5.40,2.30,3.25,3.15,1.39,2.05,3.50,7.00,1.87,1.87,Estádio Municipal 22 de Junho (Vila Nova de Famalicão)
1620418500,May 07 2021 - 8:15pm,complete,N/A,Boavista FC,CD Tondela,Tiago Bruno Lopes Martins,31,1.00,0.60,1.12,0.59,1,1,2,0,0,0,"87","77",8,2,1,0,3,0,1,0,0,3,21,8,7,4,14,4,9,14,54,46,1.35,1.07,2.24,1.02,2.90,47,80,54,27,20,47,83,34,67,8.67,4.87,2.00,3.35,3.80,1.36,2.00,3.40,6.75,1.80,1.95,Estádio do Bessa Século XXI (Porto)
1620568800,May 09 2021 - 2:00pm,complete,N/A,Paços de Ferreira,CS Marítimo,João Pedro Silva Pinheiro,32,2.13,1.07,1.94,1.00,1,1,2,2,1,1,"12","40",7,4,3,0,1,0,0,3,0,1,19,8,7,3,12,5,16,15,58,42,1.16,1.22,2.02,0.97,2.43,47,77,50,13,10,30,67,44,84,7.80,5.20,1.99,3.39,4.22,1.45,2.27,4.35,9.00,2.15,1.65,Estádio da Capital do Móvel (Paços de Ferreira)
1620586800,May 09 2021 - 7:00pm,complete,N/A,Gil Vicente,Sporting Braga,André Filipe Domingues Narciso,32,1.00,1.73,0.94,1.65,1,1,2,2,1,1,"29","9",2,4,1,0,2,0,0,1,0,2,6,14,3,4,3,10,11,7,40,60,1.26,1.47,0.80,1.57,2.34,40,70,47,20,7,30,60,34,80,10.60,4.60,5.97,3.99,1.61,1.35,1.89,3.30,6.50,1.91,1.83,Estádio Cidade de Barcelos (Barcelos)
1620666000,May 10 2021 - 5:00pm,complete,N/A,Portimonense,Moreirense FC,Fábio José Costa Veríssimo,32,1.47,1.20,1.35,1.24,1,2,3,2,1,1,"20","44,82",2,6,1,0,1,0,1,0,1,0,14,8,4,4,10,4,11,9,59,41,1.28,0.98,1.56,1.01,2.04,30,67,40,7,7,30,67,30,64,9.14,4.67,1.91,3.40,4.20,1.38,2.07,3.75,7.50,2.05,1.71,Estádio Municipal de Portimão (Portimão)
1620674100,May 10 2021 - 7:15pm,complete,N/A,Porto,Farense,Tiago Bruno Lopes Martins,32,2.40,0.87,2.47,0.76,5,1,6,3,3,0,"6,14,20,59,84","89",3,1,4,0,4,1,2,2,4,1,14,7,8,3,6,4,17,9,72,28,1.83,1.18,1.79,0.80,2.50,40,70,37,30,17,30,57,47,73,12.00,5.00,1.33,4.80,9.00,1.24,1.71,2.84,5.20,2.10,1.70,Estádio Do Dragão (Porto)
1620745200,May 11 2021 - 3:00pm,complete,N/A,CD Tondela,Belenenses,Iancu Ioan Vasilica,32,1.73,0.93,1.53,1.00,1,3,4,3,1,2,"3","20,39,59",11,3,3,0,1,0,2,1,0,1,22,12,5,9,17,3,10,11,63,37,1.23,1.05,2.17,1.60,1.64,24,50,20,13,0,17,54,14,64,7.00,5.53,2.25,3.00,3.30,1.47,2.48,4.25,8.75,2.05,1.69,Estádio João Cardoso (Tondela)
1620745200,May 11 2021 - 3:00pm,complete,N/A,Santa Clara,Rio Ave FC,Hugo Filipe Ferreira de Campos Moreira Miguel,32,1.33,0.87,1.53,0.94,1,0,1,0,0,0,"52","",8,6,4,0,4,0,2,2,0,4,14,8,5,6,9,2,17,19,41,59,1.30,1.12,1.47,1.27,2.27,40,73,30,17,10,23,77,27,73,9.60,4.66,2.25,3.00,3.30,1.47,2.45,4.25,8.75,2.05,1.69,Estádio de São Miguel (Ponta Delgada- Ilha de São Miguel- Açores)
1620752400,May 11 2021 - 5:00pm,complete,N/A,CD Nacional,Benfica,Rui Manuel Gomes Costa,32,1.00,2.07,0.88,2.18,1,3,4,1,1,0,"8","78,81,86",5,6,1,0,3,0,0,1,1,2,14,12,5,4,9,8,15,17,28,72,1.34,1.59,1.42,1.50,2.80,50,80,50,24,20,44,73,40,77,10.93,5.73,10.00,5.60,1.22,1.18,1.50,2.43,4.25,2.15,1.62,Estádio da Madeira (Funchal (Ilha da Madeira))
1620761400,May 11 2021 - 7:30pm,complete,N/A,Sporting CP,Boavista FC,Luis Miguel Branco Godinho,32,2.47,0.93,2.53,1.00,1,0,1,1,1,0,"36","",12,1,2,0,3,0,0,2,1,2,20,8,5,2,15,6,12,19,61,39,1.59,1.02,2.11,0.80,2.74,60,84,50,34,7,37,70,44,84,9.13,5.80,1.36,4.33,7.25,1.22,1.75,2.65,4.75,1.80,1.91,Estádio José Alvalade (Lisboa)
1620846900,May 12 2021 - 7:15pm,complete,N/A,Vitória Guimarães,Famalicão,Manuel Mota,32,1.47,1.20,1.29,1.24,1,2,3,2,1,1,"6","21,85",7,8,3,0,4,0,0,3,1,3,8,12,3,6,5,6,13,14,54,46,1.43,1.18,1.06,1.45,2.67,44,67,53,30,13,47,74,43,73,9.93,6.00,2.50,3.10,2.95,1.42,2.10,3.75,7.25,1.87,1.87,Estádio Dom Afonso Henriques (Guimarães)
1621015200,May 14 2021 - 6:00pm,complete,N/A,Paços de Ferreira,Gil Vicente,N/A,33,2.06,1.25,1.94,1.35,0,2,2,1,0,1,"","11,52",2,9,2,0,0,0,0,2,0,0,9,14,4,8,5,6,10,14,54,46,1.21,1.19,1.07,1.67,2.50,50,76,47,19,13,32,69,47,75,9.12,4.38,2.70,3.05,2.80,1.48,2.30,4.15,8.50,2.00,1.77,Estádio da Capital do Móvel (Paços de Ferreira)
1621023300,May 14 2021 - 8:15pm,complete,N/A,Sporting Braga,Moreirense FC,João Bento,33,2.06,1.31,2.12,1.24,2,1,3,1,1,0,"41,90'5","87",10,1,2,0,4,0,1,1,2,2,16,11,4,3,12,8,13,16,64,36,1.76,0.98,1.81,1.10,2.16,38,69,44,7,3,28,72,25,79,10.69,4.13,1.38,5.50,6.75,1.18,1.51,2.30,4.05,1.83,1.91,Estádio Municipal de Braga (Braga)
1621089000,May 15 2021 - 2:30pm,complete,N/A,Boavista FC,Portimonense,Hugo Filipe Ferreira de Campos Moreira Miguel,33,1.00,0.75,1.12,0.71,1,0,1,0,0,0,"71","",2,5,4,0,4,0,1,3,1,3,10,11,3,2,7,9,18,27,53,47,1.40,1.26,1.03,1.18,2.35,38,63,41,19,13,35,72,31,63,8.69,4.87,2.35,3.15,3.15,1.45,2.25,3.95,8.00,2.00,1.77,Estádio do Bessa Século XXI (Porto)
1621089000,May 15 2021 - 2:30pm,complete,N/A,Farense,CD Tondela,Luis Miguel Branco Godinho,33,0.94,0.63,1.06,0.59,1,0,1,0,0,0,"79","",5,3,4,0,2,1,0,4,0,3,17,12,5,5,12,7,19,13,37,63,1.36,1.06,1.71,1.42,2.85,66,82,54,28,13,41,82,38,75,10.19,4.69,1.51,4.30,6.00,1.28,1.80,3.00,6.00,1.91,1.83,Estádio de São Lúis (Faro)
1621098000,May 15 2021 - 5:00pm,complete,N/A,Benfica,Sporting CP,Tiago Bruno Lopes Martins,33,2.25,2.63,2.29,2.47,4,3,7,4,3,1,"12,29,37,49","45'1,62,77",5,5,6,0,4,0,3,3,1,3,12,10,9,6,3,4,19,18,52,48,1.84,1.43,1.81,1.47,2.29,41,82,35,13,7,22,81,29,78,11.87,4.69,2.05,3.30,3.75,1.36,2.00,3.35,6.75,1.87,1.87,Estádio do Sport Lisboa e Benfica (da Luz) (Lisboa)
1621107000,May 15 2021 - 7:30pm,complete,N/A,Rio Ave FC,Porto,Rui Manuel Gomes Costa,33,1.13,2.19,1.06,2.24,0,3,3,0,0,0,"","56,59,68",5,5,3,0,1,0,1,2,0,1,14,16,3,5,11,11,14,23,33,67,1.22,1.62,1.42,1.81,2.25,41,69,41,22,13,22,72,32,69,9.69,4.50,7.50,4.60,1.40,1.30,1.83,3.10,6.50,2.20,1.62,Estádio do Rio Ave Futebol Clube (Vila do Conde)
1621173600,May 16 2021 - 2:00pm,complete,N/A,Famalicão,CD Nacional,André Filipe Domingues Narciso,33,1.00,0.63,1.12,0.59,3,0,3,1,1,0,"39,77,80","",5,2,2,0,1,0,0,2,1,0,17,11,8,4,9,7,12,14,50,50,1.38,1.11,1.90,1.24,2.41,50,66,44,29,10,44,69,25,63,8.25,6.07,1.77,3.80,4.25,1.28,1.80,2.95,5.75,1.77,2.00,Estádio Municipal 22 de Junho (Vila Nova de Famalicão)
1621180800,May 16 2021 - 4:00pm,complete,N/A,Belenenses,Santa Clara,Hélder Miguel Azevedo Malheiro,33,1.44,1.06,1.35,1.18,0,2,2,1,0,1,"","9,60",10,5,1,0,1,0,1,0,0,1,9,10,5,6,4,4,15,19,55,45,1.29,1.17,1.11,1.24,2.10,54,72,44,3,0,25,69,32,69,9.31,5.88,3.30,3.20,2.25,1.48,2.30,4.20,8.50,2.05,1.74,Estádio Nacional (Jamor- Oeiras)
1621191600,May 16 2021 - 7:00pm,complete,N/A,CS Marítimo,Vitória Guimarães,António Emanuel Carvalho Nobre,33,1.06,1.25,1.06,1.24,0,0,0,0,0,0,"","",2,2,4,0,2,0,2,2,2,0,7,10,2,2,5,8,22,23,52,48,1.14,1.10,0.78,1.09,2.00,31,56,44,13,0,32,69,25,60,8.81,5.38,3.50,3.00,2.30,1.50,2.35,4.30,8.75,2.05,1.74,Estádio dos Barreiros (Funchal (Ilha da Madeira))
1621365300,May 18 2021 - 7:15pm,complete,N/A,CD Tondela,Paços de Ferreira,Fábio Oliveira Melo,34,1.63,1.06,1.53,1.18,2,3,5,4,2,2,"2,34","5,36,58",3,6,3,0,1,0,1,2,1,0,15,18,4,9,11,9,17,14,60,40,1.29,1.32,1.70,2.22,2.13,38,79,28,10,0,25,72,25,79,9.06,5.13,3.05,3.30,2.35,1.34,1.95,3.25,6.25,1.80,1.95,Estádio João Cardoso (Tondela)
1621443600,May 19 2021 - 5:00pm,complete,N/A,Porto,Belenenses,João Bento,34,2.44,1.06,2.47,1.00,4,0,4,2,2,0,"14,28,50,81","",6,6,2,0,1,0,1,1,1,0,16,14,8,4,8,10,17,12,64,36,1.83,1.09,1.95,1.47,2.32,41,60,38,32,13,35,60,31,69,9.63,5.06,1.20,7.00,13.00,1.14,1.43,2.05,3.40,2.00,1.77,Estádio Do Dragão (Porto)
1621450800,May 19 2021 - 7:00pm,complete,N/A,Moreirense FC,Famalicão,Manuel Antonio Rodrigues Oliveira,34,1.19,1.31,1.29,1.24,3,0,3,2,2,0,"23,44,84","",6,3,3,0,3,0,2,1,1,2,13,15,4,4,9,11,13,21,43,57,1.25,1.20,1.25,1.53,2.69,60,82,50,29,10,41,79,35,78,8.25,6.01,3.90,3.85,1.83,1.24,1.71,2.65,4.85,1.67,2.15,Parque Desportivo Comendador Joaquim de Almeida Freitas (Moreira de Cónegos)
1621450800,May 19 2021 - 7:00pm,complete,N/A,Vitória Guimarães,Benfica,Vitor Jorge Fernandes Ferreira,34,1.38,2.13,1.29,2.18,1,3,4,0,0,0,"63","48,58,90'1",7,4,1,0,1,0,0,1,1,0,12,19,8,10,4,9,19,14,41,59,1.41,1.59,1.61,2.36,2.82,47,76,53,32,16,60,78,35,75,11.75,5.32,3.05,3.90,2.10,1.21,1.62,2.50,4.45,1.59,2.30,Estádio Dom Afonso Henriques (Guimarães)
1621450800,May 19 2021 - 7:00pm,complete,N/A,Gil Vicente,Boavista FC,Fábio José Costa Veríssimo,34,1.00,0.88,0.94,1.00,1,2,3,1,1,0,"36","56,88",7,8,2,1,2,1,1,2,0,3,18,18,5,7,13,11,7,10,60,40,1.23,1.01,1.73,1.90,2.38,54,75,44,19,7,29,63,41,81,7.94,5.25,3.55,3.45,2.05,1.33,1.95,3.20,6.00,1.80,1.95,Estádio Cidade de Barcelos (Barcelos)
1621450800,May 19 2021 - 7:00pm,complete,N/A,Portimonense,Sporting Braga,Luis Miguel Branco Godinho,34,1.38,1.69,1.35,1.65,0,0,0,0,0,0,"","",4,5,4,0,0,0,3,1,0,0,9,6,4,2,5,4,24,12,36,64,1.29,1.48,1.11,0.74,2.53,47,72,53,26,13,47,72,32,69,10.07,4.62,2.80,3.05,2.65,1.36,2.00,3.35,6.50,1.77,2.00,Estádio Municipal de Portimão (Portimão)
1621450800,May 19 2021 - 7:00pm,complete,N/A,Santa Clara,Farense,João Pedro Silva Pinheiro,34,1.44,0.81,1.53,0.76,4,0,4,2,2,0,"33,45,59,63","",1,4,3,0,3,0,2,1,1,2,10,6,5,2,5,4,25,15,52,48,1.31,1.15,1.22,0.82,2.32,35,66,32,22,16,22,57,35,75,9.81,6.06,2.25,3.45,3.15,1.30,1.87,3.05,5.75,1.71,2.05,Estádio de São Miguel (Ponta Delgada- Ilha de São Miguel- Açores)
1621450800,May 19 2021 - 7:00pm,complete,N/A,CD Nacional,Rio Ave FC,Artur Manuel Ribeiro Soares Dias,34,0.94,0.81,0.88,0.94,1,2,3,1,1,0,"11","51,90'4",1,16,1,0,1,0,1,0,0,1,13,36,4,13,9,23,13,7,36,64,1.34,1.13,1.29,3.63,2.44,51,72,38,22,13,19,75,38,78,10.32,4.88,5.00,4.20,1.61,1.26,1.74,2.80,5.25,1.83,1.91,Estádio da Madeira (Funchal (Ilha da Madeira))
1621457100,May 19 2021 - 8:45pm,complete,N/A,Sporting CP,CS Marítimo,Gustavo Fernandes Correia,34,2.50,1.06,2.53,1.00,5,1,6,3,3,0,"7,19,21,62,75","89",4,3,3,0,1,0,1,2,0,1,20,7,6,3,14,4,25,13,55,45,1.63,1.20,2.00,0.79,2.35,50,72,44,19,3,28,69,38,75,10.50,5.69,1.31,5.50,9.00,1.22,1.61,2.55,4.50,2.00,1.77,Estádio José Alvalade (Lisboa)
