timestamp,date_GMT,status,attendance,home_team_name,away_team_name,referee,Game Week,Pre-Match PPG (Home),Pre-Match PPG (Away),home_ppg,away_ppg,home_team_goal_count,away_team_goal_count,total_goal_count,total_goals_at_half_time,home_team_goal_count_half_time,away_team_goal_count_half_time,home_team_goal_timings,away_team_goal_timings,home_team_corner_count,away_team_corner_count,home_team_yellow_cards,home_team_red_cards,away_team_yellow_cards,away_team_red_cards,home_team_first_half_cards,home_team_second_half_cards,away_team_first_half_cards,away_team_second_half_cards,home_team_shots,away_team_shots,home_team_shots_on_target,away_team_shots_on_target,home_team_shots_off_target,away_team_shots_off_target,home_team_fouls,away_team_fouls,home_team_possession,away_team_possession,Home Team Pre-Match xG,Away Team Pre-Match xG,team_a_xg,team_b_xg,average_goals_per_match_pre_match,btts_percentage_pre_match,over_15_percentage_pre_match,over_25_percentage_pre_match,over_35_percentage_pre_match,over_45_percentage_pre_match,over_15_HT_FHG_percentage_pre_match,over_05_HT_FHG_percentage_pre_match,over_15_2HG_percentage_pre_match,over_05_2HG_percentage_pre_match,average_corners_per_match_pre_match,average_cards_per_match_pre_match,odds_ft_home_team_win,odds_ft_draw,odds_ft_away_team_win,odds_ft_over15,odds_ft_over25,odds_ft_over35,odds_ft_over45,odds_btts_yes,odds_btts_no,stadium_name
1628329500,Aug 07 2021 - 9:45am,complete,N/A,Academico Viseu,Casa Pia,N/A,1,0.00,0.00,0.94,1.47,2,1,3,1,0,1,"70,76","44",7,12,1,0,2,0,0,1,0,2,8,10,7,5,1,5,14,12,47,53,0.00,0.00,1.43,1.51,0.00,0,0,0,0,0,0,0,0,0,0.00,0.00,3.05,3.15,2.21,1.38,2.20,3.70,7.00,2.00,1.77,Estádio Municipal do Fontelo (Viseu)
1628341200,Aug 07 2021 - 1:00pm,complete,N/A,Varzim,GD Chaves,Carlos André Fernandes Macedo,1,0.00,0.00,1.29,1.41,2,2,4,2,1,1,"22,89","30,61",9,6,4,0,2,0,1,3,1,1,17,13,10,5,7,8,20,15,52,48,0.00,0.00,2.39,1.67,0.00,0,0,0,0,0,0,0,0,0,0.00,0.00,2.60,3.05,2.65,1.44,2.20,3.75,7.25,1.91,1.87,Estádio Varzim Sport Club (Póvoa de Varzim)
1628355600,Aug 07 2021 - 5:00pm,complete,N/A,Porto II,CD Trofense,João Pedro Costa Teixeira Afonso,1,0.00,0.00,1.53,1.00,2,2,4,0,0,0,"75,90'0","57,77",7,6,1,0,4,0,0,1,0,4,18,10,7,3,11,7,15,10,50,50,0.00,0.00,1.92,1.02,0.00,0,0,0,0,0,0,0,0,0,0.00,0.00,1.49,4.15,6.00,1.33,1.87,3.15,6.00,2.00,1.80,Estádio Dr. Jorge Sampaio (Pedroso- Vila Nova de Gaia)
1628361000,Aug 07 2021 - 6:30pm,complete,N/A,CD Feirense,Sporting Covilhã,Rui Miguel Gomes Lima,1,0.00,0.00,1.76,0.88,1,2,3,0,0,0,"90'5","51,86",9,3,2,0,2,1,1,1,1,2,28,7,9,4,19,3,17,15,58,42,0.00,0.00,3.16,0.99,0.00,0,0,0,0,0,0,0,0,0,0.00,0.00,2.15,2.85,3.80,1.48,2.30,4.00,8.00,2.00,1.77,Estádio Marcolino de Castro (Santa Maria da Feira)
1628416800,Aug 08 2021 - 10:00am,complete,N/A,Estrela Amadora,CD Mafra,João Carlos Casegas Marques Almeida,1,0.00,0.00,1.06,1.29,0,2,2,1,0,1,"","10,90",9,7,2,0,4,0,1,1,2,2,11,11,4,7,7,4,17,28,56,44,0.00,0.00,1.67,1.72,0.00,0,0,0,0,0,0,0,0,0,0.00,0.00,2.55,2.85,2.90,1.40,2.10,3.45,6.50,1.83,1.95,Estádio José Gomes (Amadora)
1628427600,Aug 08 2021 - 1:00pm,complete,N/A,Rio Ave FC,Associação Académica de Coimbra OAF,Iancu Ioan Vasilica,1,0.00,0.00,2.35,0.35,5,1,6,3,3,0,"2,10,22,68,81","71",1,1,0,0,2,0,0,0,0,2,14,10,7,3,7,7,17,20,52,48,0.00,0.00,1.71,1.25,0.00,0,0,0,0,0,0,0,0,0,0.00,0.00,1.91,3.15,4.10,1.43,2.20,3.80,7.50,2.05,1.77,Estádio do Rio Ave Futebol Clube (Vila do Conde)
1628528400,Aug 09 2021 - 5:00pm,complete,N/A,Benfica II,CD Nacional,N/A,1,0.00,0.00,1.47,1.00,5,0,5,3,3,0,"13,19,45'3,47,90'2","",5,5,2,0,1,0,0,2,1,0,13,9,6,0,7,9,16,10,52,48,0.00,0.00,1.72,1.03,0.00,0,0,0,0,0,0,0,0,0,0.00,0.00,2.85,3.35,2.30,1.31,1.87,2.95,5.25,1.74,2.05,Caixa Futebol Campus (Seixal)
1628528400,Aug 09 2021 - 5:00pm,complete,N/A,Vilafranquense,FC Penafiel,Marcos Roberto Viegas Brazão,1,0.00,0.00,1.24,1.29,0,1,1,0,0,0,"","89",4,5,3,0,4,0,1,2,2,2,8,10,2,4,6,6,30,20,40,60,0.00,0.00,0.99,1.41,0.00,0,0,0,0,0,0,0,0,0,0.00,0.00,4.25,3.30,1.83,1.44,2.25,3.90,7.75,2.10,1.69,Estádio Municipal de Rio Maior (Rio Maior)
1628614800,Aug 10 2021 - 5:00pm,complete,582,Leixões,Farense,Ricardo Baixinho,1,0.00,0.00,1.35,0.88,3,1,4,3,2,1,"4,27,90'1","15",6,5,3,0,4,0,2,1,1,3,10,13,5,6,5,7,16,11,39,61,0.00,0.00,1.33,1.88,0.00,0,0,0,0,0,0,0,0,0,0.00,0.00,3.10,2.90,2.40,1.48,2.30,3.90,7.75,2.00,1.80,Estádio do Mar (Matosinhos)
1628874000,Aug 13 2021 - 5:00pm,complete,616,CD Trofense,Estrela Amadora,N/A,2,0.00,0.00,1.35,1.12,0,0,0,0,0,0,"","",8,3,0,0,1,0,0,0,0,1,14,11,4,7,10,4,14,16,40,60,0.00,0.00,1.71,1.66,0.00,0,0,0,0,0,0,0,0,0,0.00,0.00,2.60,2.80,2.90,1.54,2.40,4.25,8.25,2.05,1.74,Estádio do Clube Desportivo Trofense (Trofa)
1628935200,Aug 14 2021 - 10:00am,complete,N/A,Associação Académica de Coimbra OAF,Varzim,Helder Martins de Carvalho,2,0.00,0.00,0.65,0.76,1,1,2,0,0,0,"63","66",8,6,2,0,4,1,2,0,1,4,11,10,4,5,7,5,18,21,55,45,0.00,0.00,1.50,1.43,0.00,0,0,0,0,0,0,0,0,0,0.00,0.00,2.00,3.45,3.35,1.28,1.97,3.45,6.50,1.87,1.91,Estádio Municipal Sérgio Conceição (Coimbra)
1628946000,Aug 14 2021 - 1:00pm,complete,N/A,Casa Pia,Porto II,Rui Miguel Gomes Lima,2,0.00,0.00,2.53,0.94,2,0,2,0,0,0,"47,73","",6,5,2,0,1,0,1,1,1,0,8,8,5,2,3,6,10,9,44,56,0.00,0.00,1.39,1.20,0.00,0,0,0,0,0,0,0,0,0,0.00,0.00,2.50,2.95,2.90,1.37,2.00,3.25,6.00,1.77,2.00,Estádio Pina Manique (Lisboa)
1628960400,Aug 14 2021 - 5:00pm,complete,N/A,CD Mafra,CD Feirense,Carlos André Fernandes Macedo,2,0.00,0.00,1.24,1.65,0,1,1,0,0,0,"","77",10,2,4,1,7,0,2,3,2,5,13,12,5,5,8,7,18,13,57,43,0.00,0.00,1.89,1.58,0.00,0,0,0,0,0,0,0,0,0,0.00,0.00,2.40,2.90,3.05,1.43,2.15,3.60,7.00,1.91,1.87,Estádio Municipal de Mafra (Mafra)
1629021600,Aug 15 2021 - 10:00am,complete,N/A,Farense,Rio Ave FC,Tiago Mariano Ferreira Neves,2,0.00,0.00,1.53,1.76,1,1,2,0,0,0,"49","54",5,8,4,0,3,0,1,3,1,2,11,11,4,6,7,5,16,17,53,47,0.00,0.00,1.53,1.60,0.00,0,0,0,0,0,0,0,0,0,0.00,0.00,2.66,3.20,2.59,1.36,2.12,3.65,7.00,1.95,1.83,Estádio de São Lúis (Faro)
1629032400,Aug 15 2021 - 1:00pm,complete,N/A,FC Penafiel,Benfica II,João Pedro Costa Teixeira Afonso,2,0.00,0.00,1.71,1.88,0,1,1,1,0,1,"","24",3,1,4,0,5,0,1,3,2,3,11,9,4,4,7,5,16,18,59,41,0.00,0.00,1.55,1.14,0.00,0,0,0,0,0,0,0,0,0,0.00,0.00,2.25,3.00,3.30,1.39,2.10,3.45,6.75,1.87,1.91,Estádio Municipal 25 de Abril (Penafiel)
1629037800,Aug 15 2021 - 2:30pm,complete,N/A,CD Nacional,Vilafranquense,Ricardo Baixinho,2,0.00,0.00,2.00,1.18,4,0,4,2,2,0,"19,39,69,90'6","",10,2,2,0,2,2,1,1,3,1,16,3,8,2,8,1,8,9,60,40,0.00,0.00,2.19,0.57,0.00,0,0,0,0,0,0,0,0,0,0.00,0.00,1.58,3.35,4.35,1.32,1.80,3.40,6.00,1.95,1.83,Estádio da Madeira (Funchal (Ilha da Madeira))
1629052200,Aug 15 2021 - 6:30pm,complete,N/A,Sporting Covilhã,Academico Viseu,Iancu Ioan Vasilica,2,0.00,0.00,1.24,1.24,2,1,3,2,2,0,"10,34","56",0,9,3,0,2,1,0,3,2,1,7,14,6,5,1,9,15,13,42,58,0.00,0.00,1.13,1.63,0.00,0,0,0,0,0,0,0,0,0,0.00,0.00,2.10,2.95,3.75,1.47,2.30,3.95,7.75,1.95,1.83,Estádio Municipal José Santos Pinto (Covilhã)
1629133200,Aug 16 2021 - 5:00pm,complete,N/A,GD Chaves,Leixões,José Dinis Lopes Nunes Godinho Gorjão,2,0.00,0.00,2.35,1.47,1,1,2,1,0,1,"58","28",7,4,3,0,4,0,3,0,1,3,13,8,6,3,7,5,11,18,48,52,0.00,0.00,1.84,1.07,0.00,0,0,0,0,0,0,0,0,0,0.00,0.00,2.45,2.90,3.00,1.43,2.15,3.65,7.00,1.91,1.87,Estádio Municipal Eng. Manuel Branco Teixeira (Chaves)
1629540000,Aug 21 2021 - 10:00am,complete,N/A,Estrela Amadora,Farense,Vitor Jorge Fernandes Ferreira,3,0.00,0.00,1.06,0.88,3,1,4,1,0,1,"81,85,90'2","17",9,3,4,0,4,3,1,3,3,4,17,12,5,6,12,6,14,13,60,40,1.67,1.88,2.18,1.48,3.00,50,100,50,50,0,50,100,0,100,14.00,6.00,3.10,3.00,2.25,1.42,2.19,3.95,7.75,2.00,1.77,Estádio José Gomes (Amadora)
1629550800,Aug 21 2021 - 1:00pm,complete,N/A,FC Penafiel,Casa Pia,N/A,3,0.00,0.00,1.71,1.47,1,0,1,1,1,0,"45'2","",2,9,4,0,3,0,1,3,2,1,7,15,4,4,3,11,22,23,49,51,1.55,1.51,0.99,1.68,2.00,50,50,50,0,0,0,100,50,50,15.00,6.00,2.30,2.95,3.15,1.49,2.30,4.00,8.00,2.05,1.77,Estádio Municipal 25 de Abril (Penafiel)
1629626400,Aug 22 2021 - 10:00am,complete,N/A,Varzim,Rio Ave FC,André Filipe Domingues Narciso,3,1.00,1.00,1.29,1.76,0,3,3,1,0,1,"","40,47,53",14,1,3,0,2,1,3,0,2,1,9,10,0,7,9,3,19,15,50,50,2.39,1.60,1.23,1.47,3.00,100,100,50,50,0,50,50,100,100,17.00,7.00,2.92,3.02,2.20,1.40,2.20,3.90,7.75,2.10,1.71,Estádio Varzim Sport Club (Póvoa de Varzim)
1629637200,Aug 22 2021 - 1:00pm,complete,N/A,Leixões,Associação Académica de Coimbra OAF,N/A,3,3.00,0.00,1.35,0.35,2,1,3,1,0,1,"48,67","21",4,7,5,0,6,0,2,3,2,4,12,12,6,4,6,8,17,15,46,54,1.33,1.25,1.57,1.57,5.00,100,100,100,100,50,100,100,50,100,7.00,5.00,2.55,3.00,2.75,1.48,2.25,3.95,7.50,2.00,1.77,Estádio do Mar (Matosinhos)
1629642600,Aug 22 2021 - 2:30pm,complete,N/A,Porto II,CD Nacional,Miguel Bertolo Nogueira,3,1.00,0.00,1.53,1.00,1,1,2,1,1,0,"12","90'1",8,4,3,0,1,0,2,1,0,1,15,13,6,6,9,7,21,6,37,63,1.92,1.03,1.84,1.74,4.50,50,100,100,100,50,50,50,100,100,12.00,2.00,2.18,3.25,2.90,1.32,1.91,3.30,5.50,1.74,2.05,Estádio Luís Filipe Menezes (Vila Nova de Gaia)
1629651600,Aug 22 2021 - 5:00pm,complete,N/A,Benfica II,CD Trofense,João Carlos Casegas Marques Almeida,3,3.00,1.00,1.47,1.00,2,1,3,2,2,0,"4,35","50",2,5,6,0,4,0,2,4,2,2,16,9,7,4,9,5,21,12,55,45,1.72,1.02,1.96,1.37,4.50,50,100,100,100,50,50,50,100,100,11.00,6.00,1.61,3.55,6.00,1.34,1.95,3.20,6.00,1.95,1.83,Caixa Futebol Campus (Seixal)
1629651600,Aug 22 2021 - 5:00pm,complete,N/A,Academico Viseu,CD Mafra,Flávio Dinis Lima,3,3.00,3.00,0.94,1.29,1,3,4,2,0,2,"76","38,44,61",1,7,1,0,0,0,1,0,0,0,10,16,3,8,7,8,12,14,50,50,1.43,1.72,1.25,1.94,2.50,50,100,50,0,0,0,100,50,100,14.00,5.00,2.85,3.05,2.45,1.47,2.25,3.90,7.50,2.00,1.77,Estádio Municipal do Fontelo (Viseu)
1629657000,Aug 22 2021 - 6:30pm,complete,N/A,CD Feirense,GD Chaves,João António Ferreira Gonçalves,3,0.00,1.00,1.76,1.41,3,1,4,3,3,0,"18,30,40","71",2,12,3,0,3,1,1,2,3,1,12,14,6,3,6,11,16,8,41,59,3.16,1.67,1.56,1.74,3.50,100,100,100,50,0,50,50,100,100,15.00,4.00,2.20,3.15,3.25,1.45,2.25,3.90,7.50,2.05,1.77,Estádio Marcolino de Castro (Santa Maria da Feira)
1629738000,Aug 23 2021 - 5:00pm,complete,N/A,Vilafranquense,Sporting Covilhã,N/A,3,0.00,3.00,1.24,0.88,1,1,2,0,0,0,"61","66",4,3,2,0,0,0,1,1,0,0,9,15,3,6,6,9,16,10,48,52,0.99,0.99,1.17,1.82,2.00,50,50,50,0,0,0,0,50,100,7.00,6.00,3.20,3.05,2.25,1.51,2.35,4.15,8.25,2.10,1.71,Estádio Municipal de Rio Maior (Rio Maior)
1629997200,Aug 26 2021 - 5:00pm,complete,N/A,GD Chaves,Academico Viseu,N/A,4,1.00,0.00,2.35,1.24,3,0,3,1,1,0,"3,69,71","",6,9,1,1,3,0,1,1,2,1,9,11,7,2,2,9,7,11,39,61,1.84,1.63,1.47,1.42,2.50,100,100,50,0,0,50,100,0,100,16.00,6.00,1.48,4.10,6.50,1.42,2.15,3.85,7.50,2.35,1.57,Estádio Municipal Eng. Manuel Branco Teixeira (Chaves)
1630144800,Aug 28 2021 - 10:00am,complete,N/A,Casa Pia,Benfica II,Miguel Bertolo Nogueira,4,3.00,3.00,2.53,1.88,4,2,6,3,2,1,"5,30,55,74","15,90'2",3,2,5,0,0,0,1,4,0,0,15,7,6,4,9,3,20,14,48,52,1.39,1.14,1.80,1.20,1.50,0,50,0,0,0,0,50,50,50,7.00,7.00,1.95,3.40,3.65,1.38,2.05,3.45,6.50,1.95,1.83,Estádio Pina Manique (Lisboa)
1630155600,Aug 28 2021 - 1:00pm,complete,N/A,Rio Ave FC,Leixões,Hugo Filipe Ferreira de Campos Moreira Miguel,4,3.00,1.00,2.35,1.47,2,1,3,1,1,0,"22,52","49",5,7,5,0,2,1,0,5,1,2,12,7,6,5,6,2,17,16,48,52,1.71,1.07,1.61,1.31,4.00,100,100,50,50,50,50,100,50,100,5.00,4.00,1.65,3.75,4.90,1.38,2.10,3.60,7.00,2.10,1.69,Estádio do Rio Ave Futebol Clube (Vila do Conde)
1630161000,Aug 28 2021 - 2:30pm,complete,398,CD Nacional,Varzim,Rui Miguel Gomes Lima,4,3.00,1.00,2.00,0.76,2,1,3,1,0,1,"87,89","12",7,2,3,0,2,2,0,3,0,4,24,6,10,3,14,3,8,11,63,37,2.19,1.43,2.90,0.83,3.00,50,100,50,50,0,50,50,100,100,16.00,8.00,2.03,3.11,3.21,1.30,2.08,3.45,6.75,1.95,1.83,Estádio da Madeira (Funchal (Ilha da Madeira))
1630231200,Aug 29 2021 - 10:00am,complete,N/A,Sporting Covilhã,Porto II,N/A,4,3.00,0.00,1.24,0.94,1,2,3,2,1,1,"11","28,90",5,4,1,0,3,0,0,1,1,2,13,14,4,9,9,5,9,8,50,50,1.13,1.20,1.71,2.04,2.50,50,100,50,0,0,50,50,50,100,5.00,4.00,2.60,3.10,2.65,1.38,2.00,3.35,6.50,1.83,1.95,Estádio Municipal José Santos Pinto (Covilhã)
1630261800,Aug 29 2021 - 6:30pm,complete,N/A,Farense,CD Feirense,Luis Miguel Branco Godinho,4,1.00,3.00,1.53,1.65,0,1,1,1,0,1,"","8",8,3,3,0,4,1,1,2,4,1,21,4,8,2,13,2,17,15,71,29,1.53,1.58,2.55,0.58,1.50,50,50,0,0,0,0,0,50,100,7.00,11.00,2.00,3.25,3.75,1.38,2.05,3.40,6.75,1.91,1.87,Estádio de São Lúis (Faro)
1630346400,Aug 30 2021 - 6:00pm,complete,N/A,CD Mafra,Vilafranquense,David Rafael Oliveira Silva,4,0.00,0.00,1.24,1.18,1,0,1,1,1,0,"1","",5,2,3,0,3,0,1,2,2,1,10,6,4,5,6,1,14,18,51,49,1.89,0.57,1.58,1.22,2.50,0,50,50,50,0,50,50,50,100,12.00,12.00,1.42,4.50,6.75,1.34,1.95,3.35,6.25,2.15,1.69,Estádio Municipal de Mafra (Mafra)
1630354500,Aug 30 2021 - 8:15pm,complete,N/A,CD Trofense,FC Penafiel,Manuel Antonio Rodrigues Oliveira,4,1.00,3.00,1.35,1.29,2,1,3,2,1,1,"26,63","23",7,7,5,0,4,0,2,3,1,3,12,15,5,4,7,11,16,18,44,56,1.71,1.41,1.59,1.74,0.50,0,0,0,0,0,0,0,0,50,13.00,4.00,2.95,2.90,2.50,1.56,2.50,4.45,9.00,2.20,1.65,Estádio do Clube Desportivo Trofense (Trofa)
1631301300,Sep 10 2021 - 7:15pm,complete,937,Estrela Amadora,Rio Ave FC,Artur Manuel Ribeiro Soares Dias,5,1.50,2.00,1.06,1.76,2,5,7,3,1,2,"3,72","31,37,48,73,79",2,4,4,0,2,1,1,3,1,2,10,12,6,8,4,4,10,14,35,65,1.92,1.53,1.62,1.89,2.75,50,100,50,25,0,0,75,75,100,13.50,6.00,4.25,3.35,1.83,1.44,2.25,3.95,7.75,2.15,1.69,Estádio José Gomes (Amadora)
1631354400,Sep 11 2021 - 10:00am,complete,N/A,CD Feirense,Associação Académica de Coimbra OAF,Gustavo Fernandes Correia,5,1.50,0.00,1.76,0.35,1,0,1,0,0,0,"84","",5,4,1,1,7,0,0,2,3,4,8,8,6,4,2,4,13,17,34,66,2.36,1.41,1.38,1.32,4.00,100,100,100,50,25,50,75,75,100,9.50,6.50,1.92,3.40,3.90,1.36,2.15,3.75,7.25,2.00,1.80,Estádio Marcolino de Castro (Santa Maria da Feira)
1631354400,Sep 11 2021 - 10:00am,complete,N/A,Benfica II,Sporting Covilhã,Carlos André Fernandes Macedo,5,3.00,2.00,1.47,0.88,0,0,0,0,0,0,"","",6,7,3,0,2,0,0,3,1,1,12,12,4,4,8,8,21,11,56,44,1.84,1.41,1.52,1.43,3.25,75,100,75,25,25,50,50,75,100,6.50,5.50,1.84,3.58,4.02,1.30,1.91,3.45,6.50,1.87,1.91,Caixa Futebol Campus (Seixal)
1631440800,Sep 12 2021 - 10:00am,complete,N/A,FC Penafiel,CD Nacional,Iancu Ioan Vasilica,5,1.50,0.50,1.71,1.00,1,0,1,1,1,0,"38","",6,1,3,0,2,1,1,2,1,2,18,6,8,0,10,6,22,17,44,56,1.27,1.39,2.21,0.91,2.25,25,50,25,25,25,25,100,25,50,7.00,5.00,2.60,2.80,2.90,1.49,2.30,3.95,7.75,1.95,1.83,Estádio Municipal 25 de Abril (Penafiel)
1631440800,Sep 12 2021 - 10:00am,complete,N/A,Vilafranquense,GD Chaves,João Pedro Costa Teixeira Afonso,5,0.50,0.50,1.24,1.41,1,1,2,0,0,0,"62","89",5,8,3,0,4,0,3,0,2,2,8,12,7,4,1,8,19,14,43,57,1.08,1.71,1.43,1.72,2.75,75,75,50,50,0,50,50,50,100,13.00,5.50,3.50,3.20,2.05,1.45,2.25,3.90,7.50,2.05,1.74,Estádio Municipal de Rio Maior (Rio Maior)
1631451600,Sep 12 2021 - 1:00pm,complete,N/A,Leixões,Varzim,Hugo Serafim Coelho Magalhães Silva,5,3.00,0.50,1.35,0.76,1,1,2,1,0,1,"90'4","32",13,2,2,0,8,1,0,2,1,8,8,8,2,3,6,5,18,16,50,50,1.45,1.13,1.26,1.02,3.00,100,100,75,25,0,25,75,75,100,9.00,10.00,2.00,3.30,3.65,1.39,2.10,3.50,6.75,1.95,1.83,Estádio do Mar (Matosinhos)
1631457000,Sep 12 2021 - 2:30pm,complete,N/A,Porto II,CD Mafra,José Dinis Lopes Nunes Godinho Gorjão,5,1.00,3.00,1.53,1.29,3,1,4,3,2,1,"11,15,90'2","28",1,5,3,0,2,0,2,1,2,0,6,10,5,4,1,6,14,14,47,53,1.88,1.83,1.16,1.54,3.00,75,100,50,50,0,25,75,50,100,14.50,4.00,2.63,3.05,2.55,1.36,2.10,3.50,6.75,1.87,1.91,Estádio Dr. Jorge Sampaio (Pedroso- Vila Nova de Gaia)
1631457000,Sep 12 2021 - 2:30pm,complete,N/A,CD Trofense,Casa Pia,Marcos Roberto Viegas Brazão,5,2.00,0.00,1.35,1.47,0,0,0,0,0,0,"","",5,5,3,0,2,0,1,2,1,1,7,15,4,6,3,9,15,14,44,56,1.65,1.59,1.08,1.78,1.75,50,50,50,0,0,25,75,25,50,18.00,5.00,3.05,3.05,2.25,1.40,2.25,4.00,8.25,2.05,1.74,Estádio do Clube Desportivo Trofense (Trofa)
1631557800,Sep 13 2021 - 6:30pm,complete,N/A,Academico Viseu,Farense,Frederico João Gonçalves Santos B. Martins,5,1.50,0.00,0.94,0.88,2,2,4,1,0,1,"52,90","17,86",5,1,4,0,2,0,1,3,1,1,11,9,4,5,7,4,14,10,50,50,1.34,1.68,1.34,1.16,3.75,100,100,100,75,0,50,100,75,100,8.00,8.00,4.75,3.60,1.69,1.42,2.15,3.80,7.25,2.15,1.69,Estádio Municipal de Aveiro (Aveiro)
1631819700,Sep 16 2021 - 7:15pm,complete,N/A,Associação Académica de Coimbra OAF,Estrela Amadora,Manuel Mota,4,1.00,1.00,0.65,1.12,2,2,4,1,1,0,"11,90'6","66,74",9,3,2,0,6,0,2,0,3,3,14,8,7,5,7,3,13,11,42,58,1.50,1.66,1.98,1.28,1.00,50,50,0,0,0,0,0,50,50,11.00,3.00,2.15,3.10,3.45,1.44,2.25,3.90,7.75,2.05,1.74,Estádio EFAPEL (Coimbra)
1631898000,Sep 17 2021 - 5:00pm,complete,N/A,Sporting Covilhã,FC Penafiel,Rui Miguel Gomes Lima,6,1.50,1.50,1.24,1.29,0,0,0,0,0,0,"","",2,9,1,0,4,0,0,1,1,3,13,13,3,5,10,8,16,16,47,53,1.42,1.57,1.35,1.66,2.50,75,75,75,0,0,75,75,0,100,8.50,6.00,2.50,3.00,2.85,1.47,2.25,3.90,7.50,2.00,1.80,Estádio Municipal José Santos Pinto (Covilhã)
1631959200,Sep 18 2021 - 10:00am,complete,N/A,Rio Ave FC,CD Feirense,Ricardo Baixinho,6,3.00,3.00,2.35,1.65,0,4,4,2,0,2,"","19,35,86,90",8,3,3,1,2,0,0,4,1,1,9,9,3,5,6,4,11,20,58,42,1.66,1.08,1.30,1.33,2.75,50,50,50,25,25,25,75,50,75,5.50,8.50,1.57,3.80,4.75,1.33,1.95,3.10,5.75,1.95,1.83,Estádio do Rio Ave Futebol Clube (Vila do Conde)
1631975400,Sep 18 2021 - 2:30pm,complete,N/A,CD Mafra,CD Trofense,João António Ferreira Gonçalves,6,1.50,0.50,1.24,1.00,0,0,0,0,0,0,"","",7,4,3,0,2,0,0,3,1,1,17,5,5,0,12,5,20,16,56,44,1.73,1.20,2.11,0.83,2.25,50,50,50,25,0,25,50,25,75,13.00,8.50,1.77,3.50,4.30,1.40,2.10,3.50,6.75,2.05,1.77,Estádio Municipal de Mafra (Mafra)
1632045600,Sep 19 2021 - 10:00am,complete,N/A,Farense,Benfica II,N/A,6,0.50,1.50,1.53,1.88,2,2,4,3,1,2,"21,48","2,13",10,1,2,1,4,0,0,3,2,2,13,9,4,5,9,4,12,20,56,44,2.04,1.17,1.62,1.19,2.50,50,50,25,25,25,25,75,50,50,8.00,6.00,2.00,3.30,3.40,1.33,2.13,3.35,6.50,1.95,1.83,Estádio Do Algarve (São João da Venda)
1632045600,Sep 19 2021 - 10:00am,complete,496,CD Nacional,Casa Pia,N/A,6,3.00,0.33,2.00,1.47,1,2,3,0,0,0,"58","66,90'2",4,9,2,0,0,0,1,1,0,0,7,10,5,6,2,4,16,13,45,55,2.54,1.66,1.28,1.55,2.42,42,67,67,25,0,25,84,67,67,17.17,4.83,2.15,3.25,3.20,1.42,2.25,3.90,7.50,2.00,1.80,Estádio da Madeira (Funchal (Ilha da Madeira))
1632056400,Sep 19 2021 - 1:00pm,complete,N/A,GD Chaves,Porto II,David Rafael Oliveira Silva,6,2.00,1.50,2.35,0.94,4,2,6,2,0,2,"52,55,65,78","20,39",3,2,2,0,3,0,1,1,1,2,14,7,8,5,6,2,14,19,50,50,1.65,1.62,1.93,1.18,2.50,50,100,50,0,0,25,75,50,100,11.00,5.00,2.30,3.10,3.00,1.38,2.05,3.35,6.25,1.83,1.95,Estádio Municipal Eng. Manuel Branco Teixeira (Chaves)
1632157200,Sep 20 2021 - 5:00pm,complete,N/A,Associação Académica de Coimbra OAF,Vilafranquense,João Carlos Casegas Marques Almeida,6,1.00,0.00,0.65,1.18,1,2,3,2,1,1,"20","30,73",8,1,4,1,5,1,2,3,2,4,17,7,4,3,13,4,22,20,53,47,1.74,0.89,2.02,0.93,2.75,50,75,50,50,0,25,75,75,75,10.50,6.50,1.65,3.65,5.00,1.39,2.10,3.65,7.00,2.10,1.69,Estádio EFAPEL (Coimbra)
1632162600,Sep 20 2021 - 6:30pm,complete,N/A,Leixões,Academico Viseu,André Filipe Domingues Narciso,6,2.33,0.00,1.35,1.24,1,4,5,1,0,1,"51","45'1,55,65,79",5,5,3,0,0,0,0,3,0,0,7,13,5,9,2,4,15,14,63,37,1.39,1.53,1.31,1.97,3.00,75,100,84,17,0,42,100,42,100,16.67,6.33,1.95,3.30,3.75,1.43,2.20,3.85,7.50,2.05,1.74,Estádio do Mar (Matosinhos)
1632243600,Sep 21 2021 - 5:00pm,complete,N/A,Varzim,Estrela Amadora,Fábio José Costa Veríssimo,6,0.50,1.00,1.29,1.12,3,1,4,2,2,0,"8,45'4,54","68",5,9,4,0,2,0,1,3,0,2,15,13,8,6,7,7,23,20,44,56,1.81,1.47,1.89,1.84,2.75,50,75,75,50,0,25,75,75,75,14.50,7.00,2.35,3.00,3.05,1.47,2.25,3.95,8.00,2.00,1.77,Estádio Varzim Sport Club (Póvoa de Varzim)
1633168800,Oct 02 2021 - 10:00am,complete,1897,Estrela Amadora,Leixões,Nuno Miguel Serrano Almeida,7,1.00,0.50,1.06,1.47,1,0,1,0,0,0,"89","",8,8,3,0,3,0,2,1,2,1,17,8,8,4,9,4,17,13,52,48,1.82,1.19,2.36,1.38,3.42,84,100,59,34,17,17,100,59,100,12.17,6.83,2.50,3.20,2.75,1.33,2.00,0.00,0.00,1.73,2.00,Estádio José Gomes (Amadora)
1633179600,Oct 02 2021 - 1:00pm,complete,N/A,Academico Viseu,Associação Académica de Coimbra OAF,Artur Manuel Ribeiro Soares Dias,7,1.33,0.00,0.94,0.35,1,0,1,1,1,0,"31","",6,3,6,0,4,0,2,4,3,1,11,13,5,2,6,11,17,12,44,56,1.34,1.38,1.50,1.47,3.50,84,84,84,50,17,33,84,84,100,8.33,7.00,2.63,3.25,2.60,1.33,1.93,3.42,6.45,1.78,2.01,Estádio Municipal do Fontelo (Viseu)
1633255200,Oct 03 2021 - 10:00am,complete,N/A,CD Feirense,Varzim,N/A,7,2.00,0.67,1.76,0.76,2,1,3,2,1,1,"24,90'6","16",2,5,2,0,4,0,0,2,1,3,11,6,3,4,8,2,19,19,45,55,2.03,1.09,1.39,1.11,2.50,84,84,50,17,0,17,50,50,100,8.66,9.33,2.10,3.20,3.20,1.38,2.20,4.00,7.80,1.95,1.83,Estádio Marcolino de Castro (Santa Maria da Feira)
1633266000,Oct 03 2021 - 1:00pm,complete,N/A,FC Penafiel,CD Mafra,N/A,7,2.00,2.00,1.71,1.29,2,1,3,0,0,0,"53,90'7","63",11,4,5,0,2,2,2,3,2,2,16,19,5,7,11,12,10,13,52,48,1.58,1.73,1.81,2.15,2.17,34,50,34,34,0,34,100,17,50,10.00,5.67,2.00,3.25,3.40,1.38,2.23,4.10,6.70,1.98,1.81,Estádio Municipal 25 de Abril (Penafiel)
1633266000,Oct 03 2021 - 1:00pm,complete,N/A,Benfica II,GD Chaves,Marcos Roberto Viegas Brazão,7,2.33,0.67,1.47,1.41,3,1,4,0,0,0,"50,53,76","69",5,5,1,0,1,0,1,0,0,1,15,14,6,8,9,6,11,12,57,43,1.74,1.71,2.10,1.98,3.00,67,84,67,50,17,67,67,50,84,13.00,7.00,2.20,3.30,2.95,1.30,1.97,3.26,6.05,1.75,2.05,Caixa Futebol Campus (Seixal)
1633269600,Oct 03 2021 - 2:00pm,complete,N/A,Casa Pia,Sporting Covilhã,Ricardo Baixinho,7,3.00,1.67,2.53,0.88,4,0,4,2,2,0,"2,27,53,87","",5,1,4,0,5,2,2,2,0,7,9,4,6,2,3,2,11,9,50,50,1.59,1.41,1.32,0.49,2.84,59,84,42,25,25,25,25,84,84,8.83,5.17,1.91,3.25,3.65,1.35,2.10,3.98,7.60,1.97,1.82,Estádio Pina Manique (Lisboa)
1633271400,Oct 03 2021 - 2:30pm,complete,742,Porto II,Rio Ave FC,Iancu Ioan Vasilica,7,1.67,2.33,1.53,1.76,1,1,2,1,0,1,"76","44",4,8,2,0,2,0,0,2,0,2,13,15,7,6,6,9,14,13,51,49,1.64,1.65,1.77,1.88,3.67,84,100,67,50,17,33,67,67,100,9.66,5.33,2.46,3.34,2.70,1.20,1.70,3.00,4.65,1.64,2.23,Estádio Dr. Jorge Sampaio (Pedroso- Vila Nova de Gaia)
1633285800,Oct 03 2021 - 6:30pm,complete,N/A,Vilafranquense,Farense,Carlos André Fernandes Macedo,7,0.67,0.33,1.24,0.88,2,2,4,0,0,0,"65,77","57,83",10,5,5,0,3,1,2,3,1,3,10,11,6,4,4,7,23,12,50,50,1.20,1.51,1.56,1.53,2.84,84,84,50,50,0,17,50,67,100,7.33,8.00,3.03,3.22,2.33,1.36,2.03,3.54,6.75,1.88,1.90,Estádio Municipal de Rio Maior (Rio Maior)
1633374900,Oct 04 2021 - 7:15pm,complete,N/A,CD Trofense,CD Nacional,N/A,7,1.67,0.33,1.35,1.00,0,3,3,1,0,1,"","44,47,62",8,5,3,0,2,0,2,1,1,1,17,11,6,6,11,5,12,11,51,49,1.46,1.23,2.04,1.62,1.84,33,50,33,17,17,33,67,17,50,10.00,4.67,2.63,3.00,2.50,1.38,2.25,4.05,9.00,1.83,1.83,Estádio do Clube Desportivo Trofense (Trofa)
1633860000,Oct 10 2021 - 10:00am,complete,N/A,Rio Ave FC,Vilafranquense,Rui Miguel Gomes Lima,8,2.00,1.00,2.35,1.18,2,1,3,1,0,1,"59,83","37",7,0,2,0,4,0,0,2,0,4,24,7,8,2,16,5,12,22,61,39,1.54,0.90,2.67,0.85,3.50,50,84,84,50,17,67,100,67,84,6.34,8.00,1.43,4.40,6.75,1.25,1.61,3.10,4.50,1.91,1.80,Estádio do Rio Ave Futebol Clube (Vila do Conde)
1633870800,Oct 10 2021 - 1:00pm,complete,N/A,Sporting Covilhã,CD Nacional,João Carlos Casegas Marques Almeida,8,1.33,1.00,1.24,1.00,1,1,2,1,1,0,"15","48",6,4,2,0,2,0,1,1,1,1,16,7,7,4,9,3,15,17,45,55,1.39,1.33,2.08,1.23,2.38,46,71,59,13,13,46,84,25,71,6.08,3.67,2.85,2.95,2.45,1.36,2.20,3.75,7.25,1.95,1.90,Estádio Municipal José Santos Pinto (Covilhã)
1633876200,Oct 10 2021 - 2:30pm,complete,N/A,CD Mafra,Casa Pia,João Pedro Costa Teixeira Afonso,8,1.33,1.00,1.24,1.47,1,1,2,1,1,0,"45'2","90'3",1,3,1,0,2,0,1,0,2,0,12,7,6,3,6,4,21,23,43,57,1.86,1.63,1.68,1.07,1.21,25,25,25,0,0,0,42,25,42,16.08,5.75,2.50,3.20,2.65,1.30,1.90,3.30,6.00,1.73,2.00,Estádio Municipal de Mafra (Mafra)
1633879800,Oct 10 2021 - 3:30pm,complete,N/A,Leixões,CD Feirense,David Rafael Oliveira Silva,8,1.75,3.00,1.35,1.65,2,0,2,0,0,0,"55,68","",8,7,3,0,3,0,2,1,2,1,12,13,6,3,6,10,11,14,56,44,1.37,1.16,1.68,1.45,2.75,50,67,54,42,13,29,84,42,84,9.67,7.92,2.55,3.10,2.70,1.33,1.95,3.50,6.50,1.80,1.91,Estádio do Mar (Matosinhos)
1633888800,Oct 10 2021 - 6:00pm,complete,N/A,GD Chaves,FC Penafiel,Rui Manuel Gomes Costa,8,2.33,1.33,2.35,1.29,3,1,4,1,0,1,"63,69,75","41",5,3,3,0,4,0,2,1,2,2,20,6,7,5,13,1,14,16,57,43,1.75,1.60,2.29,1.02,2.50,50,67,50,17,17,33,67,34,84,12.33,6.67,1.98,3.30,3.50,1.30,2.00,3.40,6.50,1.80,1.91,Estádio Municipal Eng. Manuel Branco Teixeira (Chaves)
1633890600,Oct 10 2021 - 6:30pm,complete,3117,Estrela Amadora,Academico Viseu,N/A,8,1.50,1.00,1.06,1.24,4,0,4,4,4,0,"3,8,9,12","",3,6,1,0,2,0,1,0,0,2,16,17,7,3,9,14,8,13,51,49,1.95,1.67,1.92,1.90,3.59,59,88,75,42,29,29,88,59,100,14.67,5.25,2.05,3.50,3.20,1.30,1.80,3.00,0.00,1.67,2.10,Estádio José Gomes (Amadora)
1634922000,Oct 22 2021 - 5:00pm,complete,N/A,Academico Viseu,Varzim,Iancu Ioan Vasilica,9,1.75,0.50,0.94,0.76,1,0,1,1,1,0,"3","",2,9,4,0,2,0,2,2,1,1,10,10,7,3,3,7,20,12,40,60,1.38,1.10,1.45,1.43,2.75,88,88,63,25,0,25,88,63,88,8.50,9.25,3.15,3.05,2.20,1.36,2.14,3.94,7.30,1.85,1.90,Estádio Municipal de Aveiro (Aveiro)
1634922000,Oct 22 2021 - 5:00pm,complete,N/A,Vilafranquense,Leixões,Marcos Roberto Viegas Brazão,9,0.75,0.33,1.24,1.47,1,3,4,1,0,1,"51","20,58,72",8,3,3,0,3,0,1,2,1,2,5,10,5,5,0,5,18,19,57,43,1.29,1.25,1.19,1.43,2.13,71,71,29,13,0,0,34,54,100,12.08,6.58,3.05,3.15,2.20,1.36,2.10,3.90,6.00,1.83,1.90,Estádio Municipal de Rio Maior (Rio Maior)
1634983200,Oct 23 2021 - 10:00am,complete,N/A,FC Penafiel,Rio Ave FC,Cláudio Filipe Ruivo Pereira,9,2.25,2.00,1.71,1.76,1,1,2,1,0,1,"78","5",5,4,6,0,2,0,1,5,0,2,9,8,4,2,5,6,19,11,61,39,1.64,1.71,1.31,1.01,2.50,50,63,38,13,13,13,75,50,63,10.75,6.75,3.80,3.20,1.91,1.36,2.10,4.02,8.25,1.90,1.83,Estádio Municipal 25 de Abril (Penafiel)
1634994000,Oct 23 2021 - 1:00pm,complete,N/A,Casa Pia,GD Chaves,N/A,9,3.00,0.50,2.53,1.41,1,0,1,1,1,0,"4","",2,4,4,0,2,0,0,4,0,2,11,7,4,3,7,4,23,11,45,55,1.50,1.78,1.49,1.32,3.75,67,100,71,71,17,59,59,88,100,12.42,6.42,1.83,3.40,3.80,1.33,1.98,3.54,7.00,1.75,2.00,Estádio Pina Manique (Lisboa)
1634999400,Oct 23 2021 - 2:30pm,complete,N/A,Porto II,Farense,José Dinis Lopes Nunes Godinho Gorjão,9,1.50,0.50,1.53,0.88,0,0,0,0,0,0,"","",2,2,4,0,3,0,0,4,0,3,10,12,4,4,6,8,20,11,50,50,1.67,1.51,1.50,1.48,3.50,100,100,75,75,0,25,75,50,100,8.50,7.25,2.50,3.10,2.60,1.30,1.93,3.24,6.26,1.72,2.05,Estádio Dr. Jorge Sampaio (Pedroso- Vila Nova de Gaia)
1635008400,Oct 23 2021 - 5:00pm,complete,N/A,Benfica II,Associação Académica de Coimbra OAF,N/A,9,2.50,0.00,1.47,0.35,3,1,4,3,2,1,"10,40,53","19",3,1,3,1,3,0,2,2,1,2,12,10,8,4,4,6,17,18,65,35,1.83,1.40,1.72,1.43,2.88,50,63,63,38,25,38,63,50,75,8.25,7.75,2.05,3.44,3.42,1.30,1.87,3.42,6.76,1.80,1.95,Caixa Futebol Campus (Seixal)
1635069600,Oct 24 2021 - 10:00am,complete,N/A,CD Feirense,Estrela Amadora,N/A,9,2.25,0.67,1.76,1.12,1,2,3,1,0,1,"76","8,56",13,3,2,0,5,0,1,1,2,3,16,6,7,4,9,2,18,18,50,50,1.87,1.59,2.14,1.04,2.71,71,71,71,46,0,42,59,46,84,9.50,5.25,2.10,3.10,3.30,1.40,2.25,4.52,0.00,1.83,1.83,Estádio Marcolino de Castro (Santa Maria da Feira)
1635080400,Oct 24 2021 - 1:00pm,complete,511,CD Nacional,CD Mafra,Rui Miguel Gomes Lima,9,2.00,1.50,2.00,1.29,1,1,2,0,0,0,"61","89",5,8,2,0,2,0,1,1,1,1,8,11,2,5,6,6,13,21,50,50,2.12,1.84,1.12,1.56,3.29,71,100,88,42,0,42,71,75,100,12.75,5.08,2.00,3.30,3.30,1.36,2.16,3.97,7.40,1.86,2.00,Estádio da Madeira (Funchal (Ilha da Madeira))
1635100200,Oct 24 2021 - 6:30pm,complete,N/A,CD Trofense,Sporting Covilhã,Miguel Bertolo Nogueira,9,1.25,1.25,1.35,0.88,3,0,3,2,2,0,"25,34,52","",4,4,1,0,3,0,1,0,2,1,11,12,6,4,5,8,8,15,51,49,1.60,1.18,1.43,1.57,1.88,38,63,50,13,0,25,38,50,63,10.50,6.25,2.59,3.22,2.76,1.42,2.10,4.15,7.70,1.80,1.91,Estádio do Clube Desportivo Trofense (Trofa)
1635349500,Oct 27 2021 - 3:45pm,complete,N/A,Varzim,Benfica II,Ricardo Baixinho,8,1.33,1.33,1.29,1.88,0,2,2,1,0,1,"","27,76",3,0,2,0,2,0,2,0,2,0,12,13,5,8,7,5,20,25,50,50,1.84,1.18,1.66,1.73,3.67,67,84,84,67,17,67,100,67,84,10.66,6.67,2.60,3.20,2.50,1.34,1.80,3.35,6.75,1.74,2.10,Estádio Varzim Sport Club (Póvoa de Varzim)
1635526800,Oct 29 2021 - 5:00pm,complete,N/A,GD Chaves,CD Trofense,N/A,10,2.50,0.67,2.35,1.00,0,0,0,0,0,0,"","",8,2,3,0,3,0,1,2,1,2,15,9,8,3,7,6,14,16,62,38,1.88,1.07,2.17,1.14,3.04,71,84,71,42,13,29,67,54,84,10.25,6.08,1.86,3.35,3.80,1.29,1.76,3.20,6.25,1.83,1.93,Estádio Municipal Eng. Manuel Branco Teixeira (Chaves)
1635588000,Oct 30 2021 - 10:00am,complete,N/A,Leixões,Benfica II,N/A,10,2.00,1.75,1.35,1.88,1,2,3,2,1,1,"28","45'2,88",2,3,5,0,7,1,3,2,1,7,19,12,3,6,16,6,18,15,40,60,1.43,1.31,1.88,1.55,3.23,65,88,55,45,23,35,90,43,88,8.20,5.95,2.41,3.11,2.55,1.33,2.01,3.50,7.00,1.75,2.00,Estádio do Mar (Matosinhos)
1635678000,Oct 31 2021 - 11:00am,complete,N/A,CD Mafra,Sporting Covilhã,Carlos André Fernandes Macedo,10,1.25,1.00,1.24,0.88,1,1,2,1,1,0,"5","79",6,8,3,0,1,0,1,2,1,0,16,9,6,8,10,1,19,14,50,50,1.81,1.26,2.11,1.66,1.70,33,53,30,10,0,20,45,30,65,9.35,6.65,1.98,3.45,3.90,1.38,2.10,4.00,7.75,2.00,1.75,Estádio Municipal de Mafra (Mafra)
1635678000,Oct 31 2021 - 11:00am,complete,N/A,Estrela Amadora,Porto II,Manuel Mota,10,1.80,1.00,1.06,0.94,0,0,0,0,0,0,"","",3,10,0,0,3,0,0,0,2,1,14,5,4,0,10,5,7,15,49,51,1.95,1.47,1.72,0.92,3.64,54,90,64,47,27,54,74,54,90,9.87,5.13,2.15,3.30,3.30,0.00,1.94,0.00,0.00,1.73,2.00,Estádio José Gomes (Amadora)
1635688800,Oct 31 2021 - 2:00pm,complete,N/A,Rio Ave FC,Academico Viseu,Hugo Filipe Ferreira de Campos Moreira Miguel,10,2.25,0.75,2.35,1.24,1,2,3,0,0,0,"47","78,88",6,6,3,0,1,0,1,2,0,1,15,7,8,3,7,4,11,15,50,50,1.82,1.73,2.24,0.97,3.88,63,100,100,50,25,50,100,75,88,12.50,4.75,1.41,4.70,8.00,1.25,1.98,3.25,5.70,2.10,1.68,Estádio do Rio Ave Futebol Clube (Vila do Conde)
1635696000,Oct 31 2021 - 4:00pm,complete,N/A,CD Feirense,Casa Pia,António Emanuel Carvalho Nobre,10,1.80,1.00,1.76,1.47,1,1,2,2,1,1,"45","40",4,6,2,0,4,0,0,2,0,4,10,11,4,2,6,9,16,15,63,37,1.93,1.52,1.38,1.43,2.30,70,70,60,10,0,20,60,40,80,13.80,4.00,2.40,3.00,2.90,1.36,2.13,3.75,7.40,1.83,1.90,Estádio Marcolino de Castro (Santa Maria da Feira)
1635708600,Oct 31 2021 - 7:30pm,complete,N/A,Varzim,Vilafranquense,Cláudio Filipe Ruivo Pereira,10,1.00,0.75,1.29,1.18,0,2,2,1,0,1,"","35,86",5,1,6,0,5,0,2,4,2,3,13,15,2,8,11,7,18,24,46,54,1.79,0.89,1.77,1.92,3.00,50,88,75,38,0,50,100,63,88,9.00,8.00,1.83,3.20,4.20,1.38,2.12,4.00,7.50,1.95,1.80,Estádio Varzim Sport Club (Póvoa de Varzim)
1635775200,Nov 01 2021 - 2:00pm,complete,N/A,Farense,FC Penafiel,João Pedro Costa Teixeira Afonso,10,0.67,1.00,1.53,1.29,2,2,4,3,1,2,"5,73","3,31",8,3,2,0,2,0,1,1,0,2,13,11,6,4,7,7,21,16,52,48,1.90,1.46,1.71,1.33,2.17,59,59,42,29,0,29,59,29,71,13.67,7.67,2.25,2.90,3.20,1.38,2.10,4.00,7.70,1.95,1.83,Estádio de São Lúis (Faro)
1635784200,Nov 01 2021 - 4:30pm,complete,N/A,Associação Académica de Coimbra OAF,CD Nacional,José Dinis Lopes Nunes Godinho Gorjão,10,0.67,1.00,0.65,1.00,1,2,3,1,0,1,"90'2","35,50",6,2,3,0,3,0,1,2,0,3,12,6,6,3,6,3,15,22,52,48,1.83,1.31,1.84,0.89,2.80,70,90,54,27,10,27,84,54,90,12.13,5.00,2.60,3.00,2.62,1.36,2.10,3.80,7.30,1.87,1.91,Estádio EFAPEL (Coimbra)
1636135200,Nov 05 2021 - 6:00pm,complete,N/A,Vilafranquense,Estrela Amadora,João Pedro Silva Pinho,11,0.60,1.25,1.24,1.12,2,2,4,1,0,1,"47,90'5","45'5,74",2,7,4,0,3,0,1,3,1,2,10,13,6,8,4,5,16,17,40,60,1.27,1.46,1.50,2.05,2.68,78,78,58,45,0,13,48,78,88,10.70,6.70,2.75,3.00,2.50,1.36,2.20,3.75,7.50,1.83,1.83,Estádio Municipal de Rio Maior (Rio Maior)
1636196400,Nov 06 2021 - 11:00am,complete,N/A,CD Trofense,Rio Ave FC,Hugo Serafim Coelho Magalhães Silva,11,1.60,1.80,1.35,1.76,0,1,1,1,0,1,"","24",4,3,3,1,4,0,2,2,0,4,8,10,3,5,5,5,16,24,48,52,1.57,1.57,0.97,1.43,2.50,50,80,50,10,10,30,70,40,80,11.40,5.00,3.15,3.20,2.04,1.34,2.01,3.50,6.75,1.86,1.90,Estádio do Clube Desportivo Trofense (Trofa)
1636207200,Nov 06 2021 - 2:00pm,complete,N/A,Casa Pia,Associação Académica de Coimbra OAF,Cláudio Filipe Ruivo Pereira,11,3.00,0.00,2.53,0.35,2,0,2,1,1,0,"42,47","",2,6,4,0,0,0,3,1,0,0,13,14,5,3,8,11,22,10,51,49,1.50,1.41,1.72,1.68,3.13,43,68,55,45,23,45,78,58,78,7.20,8.15,1.61,3.60,4.50,1.29,2.01,3.20,5.95,1.86,1.90,Estádio Pina Manique (Lisboa)
1636282800,Nov 07 2021 - 11:00am,complete,N/A,FC Penafiel,Leixões,Iancu Ioan Vasilica,11,2.00,1.00,1.71,1.47,1,1,2,1,0,1,"90'10","2",7,3,2,0,4,1,0,2,2,3,12,7,3,3,9,4,12,21,65,35,1.57,1.30,1.45,0.90,2.05,58,58,35,13,0,0,78,35,70,10.90,7.65,2.19,3.15,3.05,1.31,2.10,3.45,6.00,1.74,1.86,Estádio Municipal 25 de Abril (Penafiel)
1636293600,Nov 07 2021 - 2:00pm,complete,N/A,Benfica II,CD Mafra,João Carlos Casegas Marques Almeida,11,2.60,1.40,1.47,1.29,1,3,4,2,1,1,"12","9,66,81",10,6,5,0,3,0,0,5,2,1,10,13,5,7,5,6,12,15,49,51,1.80,1.78,1.49,1.78,3.10,70,90,70,50,10,50,60,50,90,10.40,6.00,1.95,3.30,3.70,1.29,1.89,3.00,5.50,1.81,1.95,Caixa Futebol Campus (Seixal)
1636299000,Nov 07 2021 - 3:30pm,complete,N/A,Porto II,Varzim,Miguel Bertolo Nogueira,11,1.40,0.40,1.53,0.76,2,2,4,1,1,0,"15,59","65,75",5,9,0,1,3,1,0,1,0,4,18,15,6,9,12,6,14,14,50,50,1.63,1.16,2.11,2.16,2.30,80,80,40,20,0,20,70,30,80,9.20,8.00,2.16,3.34,3.38,1.33,2.15,3.60,7.00,1.91,1.85,Estádio Dr. Jorge Sampaio (Pedroso- Vila Nova de Gaia)
1636313400,Nov 07 2021 - 7:30pm,complete,N/A,Sporting Covilhã,Farense,N/A,11,1.25,0.60,1.24,0.88,0,0,0,0,0,0,"","",4,9,2,0,3,0,1,1,2,1,11,16,3,4,8,12,14,18,46,54,1.57,1.51,1.37,1.91,2.60,78,78,65,40,0,35,68,30,78,6.45,6.35,2.29,3.26,3.17,1.33,2.15,3.40,6.50,1.86,1.90,Estádio Municipal José Santos Pinto (Covilhã)
1636394400,Nov 08 2021 - 6:00pm,complete,N/A,CD Nacional,GD Chaves,Marcos Roberto Viegas Brazão,11,1.75,0.40,2.00,1.41,1,1,2,1,0,1,"90'3","16",7,8,3,1,5,0,2,2,1,4,9,10,5,5,4,5,18,14,42,58,1.87,1.69,1.40,1.56,3.00,78,90,68,43,0,33,55,80,90,13.50,4.85,2.15,3.16,2.99,1.30,1.97,3.20,6.00,1.84,1.92,Estádio da Madeira (Funchal (Ilha da Madeira))
1636402500,Nov 08 2021 - 8:15pm,complete,N/A,Academico Viseu,CD Feirense,Ricardo Baixinho,11,2.00,2.25,0.94,1.65,0,2,2,0,0,0,"","57,66",5,2,3,0,1,0,3,0,0,1,7,12,5,7,2,5,12,16,50,50,1.39,1.23,1.26,1.69,2.30,30,55,43,33,0,23,75,55,68,7.95,7.45,2.70,2.95,2.60,1.38,2.28,3.80,7.50,1.96,1.80,Estádio Municipal de Aveiro (Aveiro)
1636801200,Nov 13 2021 - 11:00am,complete,N/A,Farense,CD Trofense,José Dinis Lopes Nunes Godinho Gorjão,8,0.75,0.75,1.53,1.00,2,0,2,0,0,0,"76,83","",8,2,2,0,2,0,1,1,1,1,12,8,5,3,7,5,19,12,52,48,1.85,1.09,1.71,1.02,2.25,63,63,50,38,0,38,50,25,63,12.00,6.50,1.73,3.75,4.90,1.25,1.95,3.30,6.20,1.85,1.91,Estádio de São Lúis (Faro)
1637492400,Nov 21 2021 - 11:00am,complete,2048,Associação Académica de Coimbra OAF,Porto II,Carlos André Fernandes Macedo,8,0.50,1.00,0.65,0.94,1,2,3,2,1,1,"35","29,49",6,0,2,0,3,0,1,1,0,3,14,11,7,5,7,6,20,19,53,47,1.84,1.34,2.01,1.39,2.88,75,88,63,25,13,38,63,63,88,13.00,5.50,2.09,3.45,3.19,1.31,1.79,3.42,6.45,1.78,2.01,Estádio EFAPEL (Coimbra)
1637949600,Nov 26 2021 - 6:00pm,complete,N/A,Farense,Casa Pia,André Filipe Domingues Narciso,12,1.20,1.00,1.53,1.47,0,1,1,1,0,1,"","37",7,1,3,0,3,0,1,2,0,3,18,7,7,4,11,3,16,20,59,41,1.82,1.50,2.16,1.00,2.22,64,74,37,20,0,29,64,37,65,15.13,5.17,2.45,3.00,2.70,1.36,2.15,3.60,7.60,1.80,1.91,Estádio de São Lúis (Faro)
1638010800,Nov 27 2021 - 11:00am,complete,N/A,GD Chaves,CD Mafra,Rui Miguel Gomes Lima,12,2.20,1.67,2.35,1.29,0,1,1,1,0,1,"","40",8,3,5,0,3,0,3,2,1,2,17,8,3,5,14,3,14,16,56,44,1.94,1.78,1.87,1.27,3.09,72,90,64,45,10,35,74,64,90,11.97,5.47,2.09,3.11,3.02,1.33,2.09,3.40,6.70,1.80,1.91,Estádio Municipal Eng. Manuel Branco Teixeira (Chaves)
1638021600,Nov 27 2021 - 2:00pm,complete,N/A,Varzim,FC Penafiel,Marcos Roberto Viegas Brazão,12,0.80,1.00,1.29,1.29,0,2,2,2,0,2,"","3,11",12,3,4,0,2,0,2,2,1,1,13,6,4,5,9,1,19,23,50,50,1.79,1.43,1.69,1.04,2.70,50,80,60,40,0,40,80,40,90,12.60,7.40,2.21,3.06,2.86,1.36,2.09,3.60,7.30,1.80,1.91,Estádio Varzim Sport Club (Póvoa de Varzim)
1638027000,Nov 27 2021 - 3:30pm,complete,N/A,Academico Viseu,Vilafranquense,Carlos André Fernandes Macedo,12,1.67,1.20,0.94,1.18,0,0,0,0,0,0,"","",5,6,4,0,3,0,1,3,1,2,10,10,5,4,5,6,16,22,56,44,1.37,1.10,1.50,1.38,2.55,45,74,55,27,0,29,92,54,74,5.53,7.97,2.46,2.95,2.71,1.33,2.00,3.60,6.85,1.80,1.91,Estádio Municipal do Fontelo (Viseu)
1638097200,Nov 28 2021 - 11:00am,complete,N/A,CD Feirense,Porto II,Iancu Ioan Vasilica,12,1.67,1.40,1.76,0.94,3,2,5,2,2,0,"1,24,84","88,90",1,8,4,0,3,0,1,3,0,3,13,9,7,8,6,1,13,16,40,60,1.84,1.35,1.59,1.66,2.74,72,82,64,19,10,55,64,37,82,10.03,4.77,2.04,3.25,3.10,1.30,2.05,3.50,6.50,1.80,1.95,Estádio Marcolino de Castro (Santa Maria da Feira)
1638108000,Nov 28 2021 - 2:00pm,complete,N/A,Rio Ave FC,CD Nacional,N/A,12,1.80,1.33,2.35,1.00,1,0,1,0,0,0,"63","",3,7,4,0,3,0,3,1,1,2,11,13,5,3,6,10,18,9,43,57,1.91,1.24,1.39,1.53,3.24,65,92,75,29,19,29,90,75,92,8.90,4.97,1.82,3.35,3.70,1.33,2.01,3.40,6.00,1.85,1.85,Estádio do Rio Ave Futebol Clube (Vila do Conde)
1638113400,Nov 28 2021 - 3:30pm,complete,N/A,Leixões,CD Trofense,Rui Manuel Gomes Costa,12,1.67,0.60,1.35,1.00,1,2,3,2,1,1,"6","28,68",5,14,1,0,2,0,0,1,0,2,11,13,3,6,8,7,14,16,50,50,1.51,1.07,1.32,1.81,2.49,62,80,54,27,9,27,52,45,80,10.13,6.50,1.87,3.14,3.82,1.33,2.05,3.60,7.00,1.80,1.95,Estádio do Mar (Matosinhos)
1638127800,Nov 28 2021 - 7:30pm,complete,N/A,Associação Académica de Coimbra OAF,Sporting Covilhã,N/A,12,0.40,1.00,0.65,0.88,3,0,3,1,1,0,"15,51,76","",7,5,4,0,4,0,2,2,0,4,13,10,8,4,5,6,15,13,47,53,1.87,1.33,1.92,1.33,2.67,75,92,65,19,0,37,65,55,92,11.73,5.80,2.71,2.95,2.46,1.36,2.10,3.75,7.00,1.83,1.90,Estádio EFAPEL (Coimbra)
1638208800,Nov 29 2021 - 6:00pm,complete,3417,Estrela Amadora,Benfica II,Miguel Bertolo Nogueira,12,1.67,2.00,1.06,1.88,3,6,9,5,2,3,"3,40,85","18,33,43,61,74,86",6,3,5,2,1,0,4,3,1,0,10,16,5,9,5,7,9,18,36,64,1.91,1.36,1.44,2.17,3.10,47,74,55,45,19,47,84,27,74,7.07,6.13,2.66,2.97,2.40,1.25,1.86,2.95,5.50,1.67,2.10,Estádio José Gomes (Amadora)
1638476100,Dec 02 2021 - 8:15pm,complete,N/A,Casa Pia,Varzim,Nuno Miguel Serrano Almeida,13,3.00,0.50,2.53,0.76,1,0,1,1,1,0,"26","",4,7,5,0,3,0,2,3,1,2,13,11,6,4,7,7,24,13,46,54,1.54,1.33,1.67,1.55,2.75,52,82,45,29,10,29,82,55,82,9.10,9.13,1.46,4.15,5.80,1.31,1.81,3.42,6.74,1.95,1.83,Estádio Pina Manique (Lisboa)
1638615600,Dec 04 2021 - 11:00am,complete,N/A,Vilafranquense,CD Feirense,Miguel Bertolo Nogueira,13,0.67,2.40,1.24,1.65,1,1,2,2,1,1,"44","21",6,6,3,0,2,0,1,2,0,2,10,13,3,4,7,9,21,14,45,55,1.31,1.32,1.41,1.75,2.42,42,72,35,35,0,10,37,72,90,8.90,6.93,3.40,3.25,2.00,1.39,1.94,4.00,7.70,2.00,1.79,Estádio Municipal de Rio Maior (Rio Maior)
1638626400,Dec 04 2021 - 2:00pm,complete,N/A,CD Nacional,Estrela Amadora,N/A,13,1.60,1.20,2.00,1.12,4,1,5,2,2,0,"10,32,62,76","56",8,7,3,1,3,1,3,1,3,1,7,10,5,6,2,4,16,11,55,45,1.78,1.58,1.25,1.62,2.90,80,90,70,40,0,20,70,80,90,11.60,6.00,1.95,3.30,3.50,0.00,2.07,0.00,0.00,1.83,1.83,Estádio da Madeira (Funchal (Ilha da Madeira))
1638631800,Dec 04 2021 - 3:30pm,complete,343,Porto II,Leixões,N/A,13,1.33,1.00,1.53,1.47,1,0,1,0,0,0,"47","",5,6,4,0,4,0,1,3,2,2,13,13,9,2,4,11,19,14,54,46,1.71,1.22,1.91,1.39,2.54,82,82,45,35,0,9,74,37,92,9.50,6.10,2.20,3.10,3.15,1.35,2.00,3.70,7.00,1.86,1.92,Estádio Dr. Jorge Sampaio (Pedroso- Vila Nova de Gaia)
1638640800,Dec 04 2021 - 6:00pm,complete,N/A,Benfica II,Rio Ave FC,João Pedro Costa Teixeira Afonso,13,2.17,2.00,1.47,1.76,2,0,2,1,1,0,"28,56","",3,16,2,1,3,1,2,1,1,3,14,18,7,3,7,15,12,15,53,47,1.75,1.55,1.86,2.14,3.08,67,83,58,42,17,42,75,50,83,9.84,6.50,2.55,3.05,2.65,1.30,1.85,3.25,5.50,1.73,2.00,Caixa Futebol Campus (Seixal)
1638702000,Dec 05 2021 - 11:00am,complete,N/A,FC Penafiel,Associação Académica de Coimbra OAF,Vitor Jorge Fernandes Ferreira,13,1.83,0.00,1.71,0.35,0,0,0,0,0,0,"","",4,8,3,0,1,0,1,2,1,0,15,12,4,5,11,7,19,16,56,44,1.55,1.45,1.72,1.52,2.25,50,59,34,17,9,17,83,25,67,9.34,7.67,1.93,3.50,3.70,1.31,2.00,3.42,6.45,1.87,1.91,Estádio Municipal 25 de Abril (Penafiel)
1638712800,Dec 05 2021 - 2:00pm,complete,N/A,Sporting Covilhã,GD Chaves,Carlos André Fernandes Macedo,13,1.20,0.50,1.24,1.41,0,2,2,1,0,1,"","12,74",6,7,3,0,3,0,2,1,1,2,11,14,7,8,4,6,23,31,60,40,1.53,1.67,1.78,2.01,2.22,72,72,45,25,0,37,64,25,72,10.57,4.80,2.90,2.80,2.70,1.50,2.40,4.30,8.50,1.99,1.80,Estádio Municipal José Santos Pinto (Covilhã)
1638718200,Dec 05 2021 - 3:30pm,complete,N/A,CD Trofense,Academico Viseu,João Carlos Casegas Marques Almeida,13,1.33,1.20,1.35,1.24,1,0,1,1,1,0,"29","",7,5,1,0,5,0,0,1,0,5,11,18,8,4,3,14,15,12,42,58,1.47,1.58,1.76,1.98,2.64,39,75,75,20,10,37,74,39,65,13.00,4.47,2.40,3.00,2.70,1.37,2.10,3.90,7.50,1.91,1.87,Estádio do Clube Desportivo Trofense (Trofa)
1638736200,Dec 05 2021 - 8:30pm,complete,N/A,CD Mafra,Farense,Fábio José Costa Veríssimo,13,1.20,0.67,1.24,0.88,0,2,2,2,0,2,"","11,42",9,1,1,0,4,0,0,1,2,2,14,7,5,6,9,1,18,20,58,42,1.87,1.57,1.95,1.23,1.94,54,54,34,34,0,9,55,25,64,9.97,7.53,2.15,2.90,3.20,1.40,2.25,3.75,7.50,1.91,1.80,Estádio Municipal de Mafra (Mafra)
1639220400,Dec 11 2021 - 11:00am,complete,N/A,CD Feirense,FC Penafiel,João António Ferreira Gonçalves,14,1.86,1.33,1.76,1.29,1,2,3,1,1,0,"21","50,90'5",7,9,5,0,5,0,1,4,0,5,15,9,6,4,9,5,19,22,44,56,1.80,1.37,1.77,1.39,2.67,68,77,61,31,7,54,69,30,77,10.14,5.76,2.20,3.30,3.40,1.36,2.15,3.70,7.10,1.89,1.89,Estádio Marcolino de Castro (Santa Maria da Feira)
1639231200,Dec 11 2021 - 2:00pm,complete,N/A,Rio Ave FC,CD Mafra,Manuel Antonio Rodrigues Oliveira,14,2.00,1.86,2.35,1.29,1,2,3,2,1,1,"11","38,90",8,2,2,0,5,0,2,0,1,4,15,9,7,4,8,5,12,16,50,50,1.82,1.71,2.12,1.22,3.10,69,85,70,38,9,38,69,70,93,10.71,5.71,1.86,3.55,4.40,1.33,2.15,3.54,6.75,1.95,1.83,Estádio do Rio Ave Futebol Clube (Vila do Conde)
1639236600,Dec 11 2021 - 3:30pm,complete,N/A,Leixões,Sporting Covilhã,João Pedro Costa Teixeira Afonso,14,1.43,0.86,1.35,0.88,2,1,3,0,0,0,"47,61","90'0",3,8,3,0,2,1,1,2,1,2,13,10,6,5,7,5,19,10,50,50,1.48,1.33,1.72,1.45,2.79,65,93,64,22,7,36,72,50,93,10.57,6.28,1.88,3.20,3.85,1.37,2.16,3.80,7.30,1.97,1.82,Estádio do Mar (Matosinhos)
1639306800,Dec 12 2021 - 11:00am,complete,N/A,Farense,CD Nacional,Manuel Mota,14,1.00,1.14,1.53,1.00,2,2,4,1,1,0,"21,55","57,89",1,3,3,1,3,0,1,3,2,1,9,11,4,6,5,5,11,11,50,50,1.88,1.28,1.04,1.37,2.38,47,69,38,24,7,24,77,38,77,11.67,5.29,2.72,2.99,2.45,1.36,2.18,3.80,7.20,1.89,1.89,Estádio de São Lúis (Faro)
1639306800,Dec 12 2021 - 11:00am,complete,N/A,Vilafranquense,Porto II,N/A,14,0.71,1.17,1.24,0.94,2,1,3,2,2,0,"26,34","90'3",3,12,2,1,3,0,0,3,0,3,9,12,5,4,4,8,12,13,33,67,1.32,1.40,1.27,1.85,2.94,77,85,55,38,17,41,55,61,85,10.40,5.96,2.70,3.08,2.41,1.33,2.05,3.54,6.65,1.81,1.98,Estádio Municipal de Rio Maior (Rio Maior)
1639317600,Dec 12 2021 - 2:00pm,complete,1298,Associação Académica de Coimbra OAF,GD Chaves,Ricardo Baixinho,14,0.83,0.86,0.65,1.41,1,2,3,2,1,1,"26","21,75",4,4,3,0,5,0,2,1,3,2,7,13,3,3,4,10,17,15,40,60,1.88,1.71,1.03,1.43,2.86,77,93,63,30,0,31,77,55,93,14.47,6.00,2.45,2.99,2.72,1.34,2.16,3.54,6.80,1.83,1.95,Estádio EFAPEL (Coimbra)
1639337400,Dec 12 2021 - 7:30pm,complete,N/A,Varzim,CD Trofense,Vitor Jorge Fernandes Ferreira,14,0.67,1.00,1.29,1.00,1,3,4,3,1,2,"34","22,30,90'2",4,1,5,1,1,0,2,4,1,0,9,12,3,8,6,4,23,18,66,34,1.77,1.20,1.33,1.74,2.42,42,84,50,25,0,42,67,42,75,13.50,6.66,1.94,3.13,4.24,1.44,2.50,4.50,8.60,2.06,1.75,Estádio Varzim Sport Club (Póvoa de Varzim)
1639418400,Dec 13 2021 - 6:00pm,complete,2034,Estrela Amadora,Casa Pia,Luis Miguel Branco Godinho,14,1.43,1.29,1.06,1.47,1,0,1,1,1,0,"10","",1,9,3,0,1,1,2,1,0,2,8,25,3,7,5,18,23,14,38,62,1.84,1.43,1.07,2.83,2.79,50,64,43,29,15,29,71,36,57,12.14,5.43,3.50,3.20,2.10,1.36,2.10,3.84,8.00,1.83,1.83,Estádio José Gomes (Amadora)
1639504800,Dec 14 2021 - 6:00pm,complete,N/A,Academico Viseu,Benfica II,Rui Miguel Gomes Lima,14,1.57,2.17,0.94,1.88,0,1,1,1,0,1,"","10",6,2,1,0,1,0,0,1,0,1,16,10,7,6,9,4,12,14,50,50,1.39,1.50,2.05,1.36,3.16,55,70,55,40,17,41,86,45,70,6.10,6.62,3.05,2.88,2.35,1.30,1.91,3.40,6.00,1.80,1.91,Estádio Municipal do Fontelo (Viseu)
1639825200,Dec 18 2021 - 11:00am,complete,N/A,CD Mafra,Associação Académica de Coimbra OAF,Cláudio Filipe Ruivo Pereira,15,1.00,0.14,1.24,0.35,2,2,4,1,1,0,"31,46","62,81",8,4,4,0,7,1,2,2,2,6,15,14,7,6,8,8,16,9,58,42,1.89,1.46,2.18,1.78,1.88,38,54,22,15,7,23,69,15,61,10.62,6.12,2.00,3.20,3.65,1.36,2.15,3.75,7.00,1.85,1.85,Estádio Municipal de Mafra (Mafra)
1639836000,Dec 18 2021 - 2:00pm,complete,N/A,GD Chaves,Farense,David Rafael Oliveira Silva,15,1.83,1.00,2.35,0.88,2,1,3,2,2,0,"18,25","90'2",3,6,3,0,2,0,2,1,1,1,9,13,5,9,4,4,12,9,42,58,1.93,1.52,1.30,1.98,2.62,54,69,54,45,9,23,70,47,62,9.88,7.46,2.35,3.05,2.85,1.40,2.30,4.00,7.50,1.91,1.80,Estádio Municipal Eng. Manuel Branco Teixeira (Chaves)
1639841400,Dec 18 2021 - 3:30pm,complete,612,CD Nacional,Leixões,Ricardo Baixinho,15,1.83,0.83,2.00,1.47,2,0,2,1,1,0,"4,89","",5,6,5,0,3,1,1,4,1,3,12,8,6,0,6,8,17,21,50,50,1.69,1.25,1.60,1.02,2.67,75,84,50,25,9,17,67,58,100,12.00,6.67,2.00,3.30,3.35,1.33,1.97,3.40,6.00,1.80,1.91,Estádio da Madeira (Funchal (Ilha da Madeira))
1639911600,Dec 19 2021 - 11:00am,complete,N/A,FC Penafiel,Estrela Amadora,Manuel Antonio Rodrigues Oliveira,15,1.71,1.00,1.71,1.12,0,2,2,0,0,0,"","74,79",5,5,6,0,1,0,1,5,1,0,11,8,4,4,7,4,15,6,50,50,1.58,1.58,1.47,1.18,2.38,63,63,49,34,9,17,77,49,63,10.76,7.36,1.95,3.20,3.50,1.33,1.91,3.40,6.00,1.80,1.91,Estádio Municipal 25 de Abril (Penafiel)
1639922400,Dec 19 2021 - 2:00pm,complete,N/A,Casa Pia,Rio Ave FC,Manuel Mota,15,3.00,1.71,2.53,1.76,0,1,1,0,0,0,"","57",8,6,0,0,0,0,0,0,0,0,10,16,2,7,8,9,15,19,52,48,1.56,1.63,1.45,1.92,2.69,37,77,31,24,16,24,85,47,77,9.96,7.00,2.22,3.48,3.09,1.33,2.01,3.40,6.00,1.80,1.91,Estádio Pina Manique (Lisboa)
1639927800,Dec 19 2021 - 3:30pm,complete,N/A,Porto II,Academico Viseu,João Pedro Costa Teixeira Afonso,15,1.57,1.00,1.53,1.24,1,0,1,0,0,0,"73","",4,5,2,0,5,0,0,2,1,4,17,13,6,8,11,5,20,18,55,45,1.74,1.65,2.02,1.90,2.80,61,77,63,38,9,24,70,40,77,11.24,5.04,1.93,3.45,3.92,1.36,1.96,3.50,7.00,1.85,1.85,Estádio Dr. Jorge Sampaio (Pedroso- Vila Nova de Gaia)
1640016000,Dec 20 2021 - 4:00pm,complete,N/A,Benfica II,Vilafranquense,Iancu Ioan Vasilica,15,2.29,1.17,1.47,1.18,0,0,0,0,0,0,"","",12,3,2,0,6,0,1,1,2,4,19,6,4,3,15,3,14,20,63,37,1.77,1.14,2.32,0.93,2.66,45,77,61,37,7,45,77,38,77,6.86,8.07,1.80,3.40,4.20,1.33,1.83,3.25,6.00,1.80,1.91,Caixa Futebol Campus (Seixal)
1640023200,Dec 20 2021 - 6:00pm,complete,N/A,Sporting Covilhã,Varzim,João Carlos Casegas Marques Almeida,15,1.00,0.43,1.24,0.76,1,0,1,1,1,0,"39","",1,6,4,0,3,0,0,4,1,2,5,15,3,7,2,8,21,13,55,45,1.57,1.36,0.94,2.09,1.98,61,69,38,7,0,24,77,22,69,9.54,7.00,2.40,3.05,2.80,1.36,2.07,4.00,7.50,1.85,1.85,Estádio Municipal José Santos Pinto (Covilhã)
1640031300,Dec 20 2021 - 8:15pm,complete,N/A,CD Trofense,CD Feirense,Gustavo Fernandes Correia,15,1.57,2.17,1.35,1.65,0,1,1,0,0,0,"","89",6,4,2,0,4,0,0,2,0,4,13,8,4,3,9,5,19,17,42,58,1.51,1.39,1.64,1.23,1.79,16,55,30,9,0,31,61,32,55,9.97,5.76,2.95,3.25,2.48,1.40,2.25,4.00,7.50,1.91,1.80,Estádio do Clube Desportivo Trofense (Trofa)
1640269800,Dec 23 2021 - 2:30pm,complete,242,Porto II,FC Penafiel,João Pedro Silva Pinho,16,1.75,1.57,1.53,1.29,3,1,4,2,1,1,"13,55,88","19",8,7,3,0,1,0,2,1,1,0,17,14,7,5,10,9,14,16,53,47,1.78,1.37,2.05,1.63,2.34,60,67,48,34,0,28,61,27,80,10.07,6.20,2.40,3.10,2.80,1.36,2.08,3.75,7.00,1.91,1.80,Estádio Dr. Jorge Sampaio (Pedroso- Vila Nova de Gaia)
1640636100,Dec 27 2021 - 8:15pm,complete,N/A,Estrela Amadora,GD Chaves,Nuno Miguel Serrano Almeida,16,1.63,1.13,1.06,1.41,1,3,4,2,0,2,"90'4","30,36,90",5,0,1,1,3,1,0,2,3,1,14,8,5,6,9,2,8,15,50,50,1.75,1.68,1.83,1.21,3.13,57,76,50,44,13,38,75,38,76,11.88,6.38,2.40,3.20,2.70,1.33,1.95,3.75,7.00,1.80,1.95,Estádio José Gomes (Amadora)
1640714400,Dec 28 2021 - 6:00pm,complete,N/A,CD Feirense,Benfica II,Vitor Jorge Fernandes Ferreira,16,1.63,2.29,1.76,1.88,2,1,3,1,1,0,"11,82","90'4",2,7,2,0,2,0,1,1,1,1,17,12,6,6,11,6,13,10,50,50,1.80,1.48,1.86,1.82,3.36,73,80,66,34,21,54,88,40,80,7.09,5.75,2.30,3.20,2.85,1.29,1.97,3.20,6.00,1.73,2.00,Estádio Marcolino de Castro (Santa Maria da Feira)
1640721600,Dec 28 2021 - 8:00pm,complete,N/A,Associação Académica de Coimbra OAF,CD Trofense,N/A,16,0.71,1.29,0.65,1.00,1,1,2,1,0,1,"90'7","8",7,3,4,1,3,0,1,4,0,3,20,12,8,5,12,7,11,9,57,43,1.76,1.27,2.17,1.33,2.65,72,86,72,22,0,43,65,43,86,11.72,5.57,2.30,3.10,2.90,1.36,2.07,3.70,7.25,1.83,1.91,Estádio EFAPEL (Coimbra)
1640791800,Dec 29 2021 - 3:30pm,complete,N/A,Academico Viseu,CD Nacional,Marcos Roberto Viegas Brazão,16,1.38,1.13,0.94,1.00,1,4,5,4,1,3,"4","19,35,39,74",3,3,4,0,0,0,1,3,0,0,14,16,7,9,7,7,12,14,50,50,1.47,1.29,1.83,2.00,2.32,44,63,44,25,7,13,82,50,69,8.51,5.38,2.78,3.30,2.52,1.36,2.07,3.75,7.00,1.83,1.91,Estádio Municipal do Fontelo (Viseu)
1641232800,Jan 03 2022 - 6:00pm,complete,N/A,Vilafranquense,Casa Pia,José Dinis Lopes Nunes Godinho Gorjão,16,1.00,1.13,1.24,1.47,0,2,2,1,0,1,"","33,71",4,3,5,1,0,0,3,3,0,0,7,7,3,4,4,3,17,19,46,54,1.32,1.61,1.20,1.24,2.19,69,69,38,19,0,19,63,44,63,12.00,5.76,3.60,3.16,2.08,1.36,2.25,3.70,7.25,1.91,1.83,Estádio Municipal de Rio Maior (Rio Maior)
1641639600,Jan 08 2022 - 11:00am,complete,N/A,FC Penafiel,Academico Viseu,N/A,17,1.50,0.86,1.71,1.24,0,0,0,0,0,0,"","",9,2,3,0,1,0,1,2,1,0,19,14,9,3,10,11,20,16,50,50,1.56,1.68,2.39,1.51,2.18,41,61,42,15,7,15,67,34,61,11.81,6.84,1.80,3.30,3.90,1.36,2.10,3.75,7.00,1.95,1.80,Estádio Municipal 25 de Abril (Penafiel)
1641639600,Jan 08 2022 - 11:00am,complete,N/A,CD Mafra,Varzim,Carlos André Fernandes Macedo,17,1.00,0.38,1.24,0.76,0,0,0,0,0,0,"","",11,2,3,0,6,0,1,2,2,4,12,4,3,3,9,1,20,20,50,50,1.93,1.45,1.46,0.61,1.92,53,60,26,14,0,14,80,26,60,12.32,7.75,1.68,3.30,4.70,1.44,2.37,4.50,8.00,2.20,1.63,Estádio Municipal de Mafra (Mafra)
1641726000,Jan 09 2022 - 11:00am,complete,N/A,Casa Pia,Leixões,Cláudio Filipe Ruivo Pereira,17,2.57,0.71,2.53,1.47,1,0,1,1,1,0,"13","",4,3,3,2,5,1,3,2,4,2,10,10,5,2,5,8,13,20,43,57,1.55,1.21,1.49,1.41,2.29,36,64,29,22,7,15,71,36,86,9.58,7.14,1.60,3.60,5.00,1.33,2.05,3.60,7.00,2.00,1.73,Estádio Pina Manique (Lisboa)
1641726000,Jan 09 2022 - 11:00am,complete,N/A,CD Trofense,Vilafranquense,João Carlos Casegas Marques Almeida,17,1.38,1.14,1.35,1.18,1,3,4,2,0,2,"52","16,40,70",11,0,1,0,5,0,0,1,1,4,18,10,10,5,8,5,11,20,55,45,1.53,1.11,2.40,1.30,1.68,21,48,41,7,0,27,67,21,54,8.27,7.09,1.91,3.20,3.80,1.42,2.25,4.50,7.50,2.00,1.73,Estádio do Clube Desportivo Trofense (Trofa)
1641756600,Jan 09 2022 - 7:30pm,complete,N/A,Sporting Covilhã,Estrela Amadora,João Pedro Silva Pinheiro,17,1.29,1.29,1.24,1.12,1,3,4,3,0,3,"46","18,29,44",5,2,4,0,2,0,2,2,1,1,14,12,4,5,10,7,19,15,45,55,1.48,1.52,1.72,1.48,2.36,57,72,50,29,7,29,71,43,72,8.72,5.43,2.80,3.18,2.48,1.36,2.10,3.75,7.00,1.83,1.91,Estádio Municipal José Santos Pinto (Covilhã)
1641830400,Jan 10 2022 - 4:00pm,complete,N/A,Benfica II,Porto II,Iancu Ioan Vasilica,17,2.13,1.00,1.47,0.94,1,2,3,1,0,1,"51","30,90'3",7,5,1,0,5,0,1,0,1,4,10,10,4,6,6,4,11,24,61,39,1.84,1.46,1.44,1.44,2.95,61,81,67,40,21,61,67,41,81,11.61,6.09,1.91,3.40,3.45,1.22,1.70,2.85,5.00,1.62,2.20,Caixa Futebol Campus (Seixal)
1641837600,Jan 10 2022 - 6:00pm,complete,532,CD Nacional,CD Feirense,Hélder Miguel Azevedo Malheiro,17,2.00,2.29,2.00,1.65,2,1,3,1,1,0,"5,72","83",3,9,6,0,6,0,3,3,3,3,7,16,4,3,3,13,10,14,54,46,1.68,1.37,1.17,1.95,2.43,43,79,36,22,7,29,57,57,86,10.43,6.72,2.28,3.20,2.80,1.30,1.85,3.50,6.00,1.73,2.00,Estádio da Madeira (Funchal (Ilha da Madeira))
1642244400,Jan 15 2022 - 11:00am,complete,N/A,Casa Pia,Academico Viseu,N/A,18,2.63,0.88,2.53,1.24,0,1,1,1,0,1,"","19",7,2,1,0,6,0,1,0,2,4,21,7,7,4,14,3,14,20,55,45,1.54,1.66,2.44,1.07,2.38,26,57,44,25,13,25,69,38,63,10.13,6.13,1.66,3.50,4.80,1.36,2.15,4.00,7.00,2.10,1.67,Estádio Pina Manique (Lisboa)
1642260600,Jan 15 2022 - 3:30pm,complete,N/A,FC Penafiel,Vilafranquense,N/A,18,1.44,1.38,1.71,1.18,4,3,7,4,2,2,"9,34,48,90","30,32,80",6,3,2,0,5,0,0,2,0,5,12,13,6,8,6,5,12,18,50,50,1.66,1.14,1.56,1.95,1.73,36,54,31,13,0,19,66,30,54,7.66,8.75,1.50,3.60,6.50,1.36,2.15,4.00,7.00,2.10,1.67,Estádio Municipal 25 de Abril (Penafiel)
1642330800,Jan 16 2022 - 11:00am,complete,1218,CD Nacional,Benfica II,N/A,18,2.13,2.00,2.00,1.88,0,3,3,2,0,2,"","3,41,52",10,3,3,0,2,0,2,1,2,0,28,13,9,6,19,7,18,17,51,49,1.61,1.52,3.14,1.52,3.32,69,88,63,32,19,38,88,57,88,8.51,6.51,2.20,3.40,3.20,1.25,1.93,3.00,5.50,1.73,2.00,Estádio da Madeira (Funchal (Ilha da Madeira))
1642442400,Jan 17 2022 - 6:00pm,complete,N/A,Farense,Leixões,António Emanuel Carvalho Nobre,18,1.00,0.63,1.53,1.47,0,1,1,1,0,1,"","26",13,4,2,0,4,0,1,1,2,2,15,6,7,3,8,3,9,18,50,50,1.76,1.24,2.16,0.87,2.29,54,67,34,28,0,15,73,34,80,11.71,7.29,1.85,3.07,4.03,1.36,2.16,4.00,7.00,2.10,1.73,Estádio de São Lúis (Faro)
1642528800,Jan 18 2022 - 6:00pm,complete,N/A,CD Mafra,Estrela Amadora,N/A,18,1.00,1.50,1.24,1.12,2,2,4,1,0,1,"50,57","16,75",6,3,2,0,3,0,1,1,0,3,8,15,7,5,1,10,12,12,58,42,1.87,1.52,1.58,1.83,2.38,57,69,44,38,7,26,69,44,69,12.01,6.00,1.90,3.20,3.80,1.33,2.06,3.75,7.00,1.91,1.83,Estádio Municipal de Mafra (Mafra)
1642536900,Jan 18 2022 - 8:15pm,complete,N/A,Sporting Covilhã,CD Feirense,Hugo Serafim Coelho Magalhães Silva,18,1.13,2.00,1.24,1.65,2,2,4,0,0,0,"90,90'2","73,90'7",6,6,1,0,0,0,0,1,0,0,10,9,4,5,6,4,10,14,49,51,1.51,1.44,1.50,1.35,1.94,38,63,32,13,0,32,63,25,69,8.13,6.25,2.80,3.05,2.40,1.36,2.16,4.00,7.00,1.83,1.91,Estádio Municipal José Santos Pinto (Covilhã)
1642615200,Jan 19 2022 - 6:00pm,complete,1125,Associação Académica de Coimbra OAF,Rio Ave FC,Frederico João Gonçalves Santos B. Martins,18,0.75,1.88,0.65,1.76,1,2,3,1,0,1,"66","39,81",1,7,2,0,3,0,1,1,2,1,11,18,6,5,5,13,17,15,42,58,1.81,1.67,1.47,2.12,2.69,69,88,50,13,7,26,82,44,94,13.13,6.01,3.90,3.40,1.76,1.36,1.97,3.75,7.00,1.91,1.83,Estádio EFAPEL (Coimbra)
1642849200,Jan 22 2022 - 11:00am,complete,N/A,Vilafranquense,CD Nacional,João Pedro Costa Teixeira Afonso,19,0.89,1.33,1.24,1.00,4,3,7,4,2,2,"24,28,63,90'2","14,39,51",4,7,4,0,3,0,2,2,2,1,19,10,7,5,12,5,25,16,38,62,1.30,1.37,2.13,1.46,2.78,67,84,50,33,11,22,73,50,89,8.89,5.78,2.66,3.02,2.38,1.30,1.92,3.40,6.00,1.75,2.00,Estádio Municipal de Rio Maior (Rio Maior)
1642865400,Jan 22 2022 - 3:30pm,complete,N/A,Varzim,Associação Académica de Coimbra OAF,Marcos Roberto Viegas Brazão,19,0.57,0.25,1.29,0.35,1,0,1,0,0,0,"49","",6,2,3,0,4,0,1,2,2,2,14,13,7,2,7,11,21,24,56,44,1.71,1.50,1.74,1.31,2.82,47,82,54,41,7,41,88,41,81,11.68,8.02,2.35,2.95,3.00,1.38,2.14,4.00,7.00,1.87,1.87,Estádio Varzim Sport Club (Póvoa de Varzim)
1642935600,Jan 23 2022 - 11:00am,complete,N/A,CD Feirense,CD Mafra,José Dinis Lopes Nunes Godinho Gorjão,19,1.78,2.00,1.76,1.29,1,0,1,0,0,0,"87","",4,5,1,0,5,0,1,0,1,4,11,10,5,4,6,6,14,16,50,50,1.80,1.65,1.49,1.27,2.94,82,89,71,30,6,47,77,53,89,10.25,5.67,1.90,3.11,3.54,1.36,2.14,4.00,7.00,1.90,1.85,Estádio Marcolino de Castro (Santa Maria da Feira)
1642946400,Jan 23 2022 - 2:00pm,complete,242,Porto II,Casa Pia,João António Ferreira Gonçalves,19,1.89,1.33,1.53,1.47,0,3,3,0,0,0,"","48,53,56",7,2,2,0,3,0,1,1,1,2,12,12,3,6,9,6,18,18,52,48,1.81,1.57,1.50,1.46,2.06,56,62,33,22,0,17,67,28,67,11.22,4.78,2.32,3.02,2.73,1.33,2.03,3.75,7.00,1.80,1.95,Estádio Dr. Jorge Sampaio (Pedroso- Vila Nova de Gaia)
1642951800,Jan 23 2022 - 3:30pm,complete,N/A,Rio Ave FC,Farense,Manuel Mota,19,1.71,0.88,2.35,0.88,2,1,3,3,2,1,"4,31","29",10,5,1,0,2,0,0,1,0,2,6,11,3,3,3,8,12,17,50,50,1.86,1.58,1.01,1.35,2.96,67,81,75,40,7,41,67,55,82,9.43,6.86,2.02,3.15,3.45,1.36,2.15,4.00,7.00,1.95,1.80,Estádio do Rio Ave Futebol Clube (Vila do Conde)
1642960800,Jan 23 2022 - 6:00pm,complete,N/A,Benfica II,FC Penafiel,João Pedro Silva Pinho,19,1.89,1.38,1.47,1.29,1,0,1,0,0,0,"65","",2,6,2,0,3,0,1,1,1,2,8,8,2,2,6,6,17,20,50,50,1.79,1.40,1.21,1.11,2.71,60,77,65,41,6,47,71,41,77,11.64,6.36,2.20,3.25,2.98,1.28,1.99,3.25,5.50,1.72,2.05,Caixa Futebol Campus (Seixal)
1642966200,Jan 23 2022 - 7:30pm,complete,4027,Estrela Amadora,CD Trofense,André Filipe Domingues Narciso,19,1.44,1.25,1.06,1.00,2,0,2,2,2,0,"37,45'4","",3,6,2,0,4,0,0,2,2,2,11,12,4,6,7,6,15,19,57,43,1.75,1.28,1.58,1.69,2.91,54,71,53,41,11,41,64,35,71,9.74,5.74,2.36,3.30,2.68,1.33,2.07,3.75,7.00,1.80,1.95,Estádio José Gomes (Amadora)
1643038200,Jan 24 2022 - 3:30pm,complete,N/A,Academico Viseu,Sporting Covilhã,Rui Miguel Gomes Lima,19,1.22,0.75,0.94,0.88,1,1,2,1,0,1,"90'6","8",9,2,5,0,1,0,2,3,0,1,13,7,6,2,7,5,16,8,65,35,1.51,1.34,1.86,0.86,2.42,47,72,54,23,6,24,64,54,72,9.32,6.36,2.11,3.15,3.10,1.36,2.15,4.00,7.00,1.87,1.87,Estádio Municipal de Aveiro (Aveiro)
1643055300,Jan 24 2022 - 8:15pm,complete,N/A,Leixões,GD Chaves,Tiago Bruno Lopes Martins,19,1.63,1.33,1.35,1.41,1,1,2,1,1,0,"21","65",4,10,2,0,2,0,1,1,0,2,13,17,7,6,6,11,12,8,50,50,1.51,1.63,1.73,2.28,3.01,83,95,66,35,7,41,77,47,95,11.75,6.57,2.70,3.05,2.46,1.36,2.15,4.00,7.00,1.85,1.90,Estádio do Mar (Matosinhos)
1643392800,Jan 28 2022 - 6:00pm,complete,N/A,Farense,Estrela Amadora,David Rafael Oliveira Silva,20,0.88,1.44,1.53,1.12,3,0,3,0,0,0,"73,78,89","",5,2,4,0,5,1,0,4,1,5,12,8,7,4,5,4,19,12,56,44,1.81,1.55,1.67,1.04,2.86,64,76,58,53,6,29,77,58,76,12.17,6.13,2.11,3.35,3.05,1.36,1.93,3.50,7.00,1.80,1.96,Estádio de São Lúis (Faro)
1643400900,Jan 28 2022 - 8:15pm,complete,N/A,CD Trofense,Benfica II,Carlos André Fernandes Macedo,20,1.22,2.11,1.35,1.88,2,0,2,0,0,0,"53,87","",7,4,3,0,3,0,1,2,1,2,11,16,5,5,6,11,17,9,39,61,1.63,1.52,1.46,1.90,2.67,39,61,56,22,11,45,84,28,67,9.11,5.00,2.90,3.25,2.22,1.29,2.05,3.26,6.15,1.76,2.04,Estádio do Clube Desportivo Trofense (Trofa)
1643540400,Jan 30 2022 - 11:00am,complete,N/A,CD Mafra,Academico Viseu,Ricardo Baixinho,20,1.00,1.11,1.24,1.24,0,0,0,0,0,0,"","",7,6,2,0,0,0,0,2,0,0,15,5,8,2,7,3,12,18,48,52,1.84,1.59,2.06,1.05,2.06,39,56,39,22,6,17,67,28,56,12.44,5.78,2.15,3.20,3.00,1.33,2.15,3.75,7.00,1.85,1.90,Estádio Municipal de Mafra (Mafra)
1643540400,Jan 30 2022 - 11:00am,complete,1170,CD Nacional,Porto II,João Pedro Silva Pinho,20,1.89,1.25,2.00,0.94,1,0,1,1,1,0,"29","",3,4,4,0,3,1,1,3,3,1,16,13,8,2,8,11,14,12,64,36,1.78,1.46,2.25,1.41,3.07,71,94,71,24,18,48,77,59,94,12.31,6.56,1.95,3.25,3.40,1.33,2.10,3.75,7.00,1.83,1.90,Estádio da Madeira (Funchal (Ilha da Madeira))
1643546700,Jan 30 2022 - 12:45pm,complete,N/A,Rio Ave FC,Varzim,António Emanuel Carvalho Nobre,20,1.88,0.44,2.35,0.76,1,1,2,2,1,1,"37","6",6,2,3,1,5,0,1,3,1,4,12,12,5,5,7,7,15,24,53,47,1.76,1.36,1.52,1.47,2.57,66,72,61,18,7,31,77,48,72,11.33,7.52,1.50,3.75,6.50,1.38,2.20,4.00,7.50,2.30,1.57,Estádio do Rio Ave Futebol Clube (Vila do Conde)
1643551200,Jan 30 2022 - 2:00pm,complete,N/A,GD Chaves,CD Feirense,Iancu Ioan Vasilica,20,2.00,1.89,2.35,1.65,3,1,4,1,1,0,"43,56,87","90'3",3,1,2,0,3,0,0,2,0,3,12,8,6,4,6,4,18,11,55,45,1.84,1.43,1.61,1.08,2.47,45,69,45,26,7,26,65,50,75,10.38,6.47,2.40,3.00,2.80,1.36,2.15,4.00,7.00,1.87,1.87,Estádio Municipal Eng. Manuel Branco Teixeira (Chaves)
1643556600,Jan 30 2022 - 3:30pm,complete,N/A,Sporting Covilhã,Vilafranquense,Cláudio Filipe Ruivo Pereira,20,1.11,1.22,1.24,1.18,1,1,2,2,1,1,"29","1",9,5,1,0,2,0,0,1,0,2,16,9,5,5,11,4,9,13,55,45,1.51,1.23,2.09,1.39,2.39,50,67,50,28,6,39,73,28,67,5.89,7.11,2.35,3.10,2.85,1.36,2.10,3.75,7.00,1.83,1.90,Estádio Municipal José Santos Pinto (Covilhã)
1643563800,Jan 30 2022 - 5:30pm,complete,N/A,Associação Académica de Coimbra OAF,Leixões,N/A,20,0.67,0.89,0.65,1.47,1,0,1,0,0,0,"63","",4,6,1,0,2,1,1,0,1,2,7,19,2,4,5,15,9,10,58,42,1.77,1.20,1.04,1.94,2.39,67,78,50,11,0,17,84,39,89,11.11,7.22,2.55,3.15,2.60,1.40,2.16,4.20,7.50,1.90,1.83,Estádio EFAPEL (Coimbra)
1643648400,Jan 31 2022 - 5:00pm,complete,N/A,Casa Pia,FC Penafiel,João Pedro Costa Teixeira Afonso,20,2.33,1.22,2.53,1.29,2,0,2,1,1,0,"13,90'7","",5,1,3,0,3,0,2,1,1,2,17,4,7,2,10,2,14,15,59,41,1.64,1.37,2.12,0.79,2.28,34,56,39,28,6,33,73,33,67,10.34,6.55,1.80,3.60,4.60,1.36,2.10,3.75,7.00,1.95,1.80,Estádio Pina Manique (Lisboa)
1643821200,Feb 02 2022 - 5:00pm,complete,N/A,Rio Ave FC,Sporting Covilhã,N/A,16,1.78,0.78,2.35,0.88,3,1,4,2,1,1,"20,79,90'3","45'2",4,3,5,0,4,0,1,4,1,3,12,9,6,6,6,3,13,10,55,45,1.73,1.29,1.73,1.27,2.78,67,89,67,17,6,39,67,56,84,10.56,5.89,1.57,3.60,5.40,1.37,1.96,3.80,7.40,2.10,1.67,Estádio do Rio Ave Futebol Clube (Vila do Conde)
1643824800,Feb 02 2022 - 6:00pm,complete,N/A,Leixões,CD Mafra,João António Ferreira Gonçalves,16,1.56,1.78,1.35,1.29,2,0,2,0,0,0,"63,78","",9,1,6,1,2,1,3,4,2,1,11,13,8,6,3,7,14,19,51,49,1.53,1.61,1.72,1.60,2.84,78,89,62,28,6,39,73,44,95,10.78,6.22,2.62,2.90,2.68,1.36,2.07,3.70,7.50,1.91,1.83,Estádio do Mar (Matosinhos)
1643824800,Feb 02 2022 - 6:00pm,complete,N/A,GD Chaves,Varzim,Miguel Bertolo Nogueira,18,2.13,0.50,2.35,0.76,1,0,1,0,0,0,"50","",7,0,5,0,2,0,3,2,1,1,17,8,8,4,9,4,21,14,50,50,1.81,1.37,2.23,1.13,2.39,62,68,47,24,7,23,84,40,63,10.38,7.90,1.70,3.50,4.42,1.36,2.04,3.60,7.00,2.10,1.73,Estádio Municipal Eng. Manuel Branco Teixeira (Chaves)
1643911200,Feb 03 2022 - 6:00pm,complete,N/A,CD Trofense,Porto II,Ricardo Baixinho,18,1.40,1.11,1.35,0.94,2,2,4,2,0,2,"66,69","4,35",3,6,2,0,2,0,1,1,0,2,11,15,5,8,6,7,12,14,43,57,1.61,1.45,1.52,2.03,2.35,44,64,54,16,11,43,69,37,69,12.26,5.52,2.90,3.30,2.49,1.33,2.03,3.60,6.00,1.80,1.91,Estádio do Clube Desportivo Trofense (Trofa)
1643919300,Feb 03 2022 - 8:15pm,complete,N/A,Farense,Associação Académica de Coimbra OAF,José Dinis Lopes Nunes Godinho Gorjão,17,1.11,0.22,1.53,0.35,3,1,4,1,0,1,"56,70,80","6",3,4,1,0,3,0,0,1,2,1,21,6,9,2,12,4,13,12,57,43,1.79,1.48,2.39,0.75,2.44,44,62,44,33,6,22,67,39,73,11.22,7.11,1.77,3.70,4.60,1.36,1.96,3.75,7.50,2.00,1.73,Estádio de São Lúis (Faro)
1643997600,Feb 04 2022 - 6:00pm,complete,N/A,Benfica II,Casa Pia,Rui Manuel Gomes Costa,21,2.00,1.50,1.47,1.47,1,1,2,2,1,1,"17","29",6,6,5,0,3,0,2,3,2,1,7,14,5,8,2,6,15,17,49,51,1.73,1.55,1.31,2.14,2.20,45,65,45,20,5,25,65,35,65,11.40,5.20,2.19,3.18,3.34,1.33,2.06,3.40,6.50,1.80,1.91,Caixa Futebol Campus (Seixal)
1644073200,Feb 05 2022 - 3:00pm,complete,N/A,Academico Viseu,GD Chaves,N/A,21,1.20,1.30,0.94,1.41,0,2,2,0,0,0,"","57,80",4,3,2,1,3,0,1,2,2,1,7,18,4,6,3,12,14,17,51,49,1.55,1.69,1.06,1.98,2.55,65,75,45,35,5,30,80,40,75,11.30,6.60,2.63,2.82,2.35,1.40,2.23,4.00,7.50,1.91,1.80,Estádio Municipal do Fontelo (Viseu)
1644145200,Feb 06 2022 - 11:00am,complete,N/A,Leixões,Rio Ave FC,Miguel Bertolo Nogueira,21,1.70,2.00,1.35,1.76,2,2,4,2,2,0,"32,45'2","67,82",4,4,1,0,0,0,1,0,0,0,15,6,8,4,7,2,16,10,41,59,1.55,1.72,1.89,1.11,2.73,68,89,47,16,11,21,74,47,95,12.23,6.07,2.64,3.06,2.36,1.36,2.10,3.75,7.00,1.83,1.83,Estádio do Mar (Matosinhos)
1644156000,Feb 06 2022 - 2:00pm,complete,N/A,Vilafranquense,CD Mafra,Marcos Roberto Viegas Brazão,21,1.10,1.60,1.24,1.29,2,0,2,0,0,0,"54,60","",6,8,3,0,3,0,2,1,1,2,17,14,8,5,9,9,14,13,37,63,1.39,1.61,2.07,1.95,2.85,70,85,50,35,5,35,60,55,90,9.80,6.90,2.65,3.16,2.31,1.33,2.01,3.75,6.00,1.80,1.91,Estádio Municipal de Rio Maior (Rio Maior)
1644247800,Feb 07 2022 - 3:30pm,complete,270,Porto II,Sporting Covilhã,N/A,21,1.70,0.70,1.53,0.88,3,1,4,2,1,1,"29,53,90'4","37",14,7,4,0,1,0,3,1,1,0,9,10,7,5,2,5,11,7,61,39,1.78,1.29,1.55,1.42,2.55,60,80,55,30,0,25,55,50,90,9.50,5.70,1.86,3.60,3.90,1.30,1.94,3.30,5.50,1.80,1.91,Estádio Dr. Jorge Sampaio (Pedroso- Vila Nova de Gaia)
1644253200,Feb 07 2022 - 5:00pm,complete,N/A,FC Penafiel,CD Trofense,João António Ferreira Gonçalves,21,1.60,1.11,1.71,1.00,1,0,1,0,0,0,"60","",3,2,4,0,4,0,0,4,0,4,8,12,5,3,3,9,16,19,66,34,1.65,1.33,1.31,1.26,2.06,48,64,32,16,5,27,58,26,59,10.58,6.58,2.18,3.30,3.24,1.38,2.15,4.00,7.00,1.91,1.80,Estádio Municipal 25 de Abril (Penafiel)
1644334200,Feb 08 2022 - 3:30pm,complete,N/A,Varzim,CD Nacional,David Rafael Oliveira Silva,21,0.88,1.20,1.29,1.00,0,0,0,0,0,0,"","",6,8,2,0,1,1,1,1,1,1,7,7,2,4,5,3,25,21,50,50,1.71,1.38,0.94,1.09,3.03,49,84,55,39,15,40,89,44,89,11.35,6.20,2.90,3.25,2.25,1.36,2.00,3.75,7.00,1.83,1.83,Estádio Varzim Sport Club (Póvoa de Varzim)
1644343200,Feb 08 2022 - 6:00pm,complete,N/A,CD Feirense,Farense,João Pedro Silva Pinho,21,1.90,0.78,1.76,0.88,4,1,5,2,1,1,"18,49,51,90'4","36",5,3,1,0,3,0,0,1,1,2,11,6,6,2,5,4,13,16,50,50,1.77,1.56,1.42,1.00,2.74,74,79,69,32,5,42,69,42,73,9.01,6.28,2.25,3.00,3.10,1.33,2.00,3.60,6.00,1.80,1.91,Estádio Marcolino de Castro (Santa Maria da Feira)
1644351300,Feb 08 2022 - 8:15pm,complete,2432,Estrela Amadora,Associação Académica de Coimbra OAF,Gustavo Fernandes Correia,21,1.60,0.20,1.06,0.35,1,3,4,3,1,2,"36","22,38,56",6,3,4,0,4,0,2,2,2,2,11,12,3,7,8,5,11,18,68,32,1.74,1.41,1.59,1.72,3.00,45,65,50,45,15,35,75,40,70,8.90,6.80,1.75,3.40,4.00,1.33,1.95,3.60,6.00,1.83,1.83,Estádio José Gomes (Amadora)
1644518700,Feb 10 2022 - 6:45pm,complete,1102,GD Chaves,Rio Ave FC,N/A,17,2.22,1.90,2.35,1.76,2,1,3,2,2,0,"37,39","90'5",1,2,2,1,3,0,0,3,1,2,15,11,10,7,5,4,9,7,42,58,1.86,1.66,1.95,1.58,2.69,58,74,48,27,11,21,79,47,84,11.66,5.62,2.17,3.05,2.70,1.33,1.84,3.75,6.50,1.80,1.95,Estádio Municipal Eng. Manuel Branco Teixeira (Chaves)
1644602400,Feb 11 2022 - 6:00pm,complete,N/A,Casa Pia,CD Trofense,José Dinis Lopes Nunes Godinho Gorjão,22,2.40,1.00,2.53,1.00,1,0,1,1,1,0,"37","",5,3,4,0,5,0,2,2,1,4,16,10,4,2,12,8,23,12,57,43,1.69,1.32,1.87,1.33,2.10,30,60,30,20,5,30,65,25,65,9.10,6.20,1.70,3.20,4.80,1.40,2.25,4.00,7.50,2.10,1.67,Estádio Pina Manique (Lisboa)
1644663600,Feb 12 2022 - 11:00am,complete,N/A,CD Mafra,Porto II,João Pedro Costa Teixeira Afonso,22,1.00,1.10,1.24,0.94,3,2,5,3,2,1,"21,30,88","37,90'4",7,4,4,0,6,1,2,2,2,5,12,10,6,5,6,5,22,11,52,48,1.86,1.51,1.72,1.33,2.30,55,65,45,25,10,35,70,35,65,12.60,5.90,2.45,3.23,2.92,1.30,1.93,3.50,6.00,1.75,2.00,Estádio Municipal de Mafra (Mafra)
1644674400,Feb 12 2022 - 2:00pm,complete,N/A,Associação Académica de Coimbra OAF,CD Feirense,Carlos André Fernandes Macedo,22,0.90,1.70,0.65,1.65,1,2,3,2,1,1,"33","43,90'1",4,10,3,1,2,0,2,2,2,0,9,20,4,7,5,13,15,15,39,61,1.70,1.40,1.18,2.25,2.55,60,80,55,20,0,25,65,55,90,10.30,6.30,2.74,3.15,2.65,1.33,1.98,3.75,6.00,1.80,1.95,Estádio EFAPEL (Coimbra)
1644750000,Feb 13 2022 - 11:00am,complete,N/A,CD Nacional,FC Penafiel,João Carlos Casegas Marques Almeida,22,2.00,1.10,2.00,1.29,3,0,3,1,1,0,"26,77,87","",4,4,3,0,2,0,2,1,1,1,10,8,4,2,6,6,19,12,51,49,1.83,1.31,1.31,0.93,2.60,55,80,55,25,5,35,75,45,85,11.50,6.80,1.91,3.30,3.60,1.30,2.05,3.40,5.50,1.80,1.91,Estádio da Madeira (Funchal (Ilha da Madeira))
1644760800,Feb 13 2022 - 2:00pm,complete,N/A,Sporting Covilhã,Benfica II,N/A,22,1.10,1.90,1.24,1.88,1,2,3,1,0,1,"87","22,63",9,3,1,0,4,0,0,1,0,4,12,8,7,3,5,5,14,11,42,58,1.57,1.56,1.90,1.08,2.75,55,75,50,25,10,45,80,25,70,7.00,5.00,3.00,3.30,2.10,1.28,1.88,3.30,5.50,1.73,2.00,Estádio Municipal José Santos Pinto (Covilhã)
1644768000,Feb 13 2022 - 4:00pm,complete,N/A,Varzim,Leixões,Manuel Mota,22,0.89,0.80,1.29,1.47,1,1,2,1,0,1,"88","35",9,3,3,0,3,0,1,2,1,2,18,7,6,2,12,5,14,10,52,48,1.63,1.27,2.06,1.04,2.12,37,64,32,22,0,22,74,27,79,12.11,7.78,2.61,2.91,2.31,1.40,2.15,4.20,7.50,1.83,1.83,Estádio Varzim Sport Club (Póvoa de Varzim)
1644780600,Feb 13 2022 - 7:30pm,complete,N/A,Farense,Academico Viseu,Luis Miguel Branco Godinho,22,1.30,1.10,1.53,1.24,1,1,2,2,1,1,"13","3",5,8,0,1,3,0,1,0,1,2,5,15,3,5,2,10,12,17,46,54,1.85,1.54,0.84,1.78,2.35,40,60,50,30,5,20,65,40,60,12.30,5.60,1.70,3.19,3.90,1.30,1.84,3.40,6.00,1.83,1.83,Estádio de São Lúis (Faro)
1644861600,Feb 14 2022 - 6:00pm,complete,N/A,GD Chaves,Vilafranquense,Ricardo Baixinho,22,2.30,1.20,2.35,1.18,1,0,1,0,0,0,"80","",2,2,1,0,4,0,1,0,1,3,12,8,3,5,9,3,12,16,62,38,1.87,1.24,1.44,1.09,2.65,55,70,55,30,10,40,80,40,70,7.40,7.80,1.80,3.20,4.20,1.33,1.90,3.60,7.00,2.00,1.73,Estádio Municipal Eng. Manuel Branco Teixeira (Chaves)
1644861600,Feb 14 2022 - 6:00pm,complete,N/A,Rio Ave FC,Estrela Amadora,Hugo Serafim Coelho Magalhães Silva,22,1.90,1.30,2.35,1.12,1,0,1,1,1,0,"34","",0,5,4,0,2,0,1,3,1,1,8,16,5,6,3,10,20,12,50,50,1.73,1.50,1.18,1.91,3.25,75,90,80,45,10,45,75,70,85,10.20,6.40,1.65,3.40,4.75,1.30,1.85,3.25,5.50,1.85,1.85,Estádio do Rio Ave Futebol Clube (Vila do Conde)
1645111800,Feb 17 2022 - 3:30pm,complete,N/A,Varzim,Farense,Rui Miguel Gomes Lima,16,0.90,0.70,1.29,0.88,0,1,1,1,0,1,"","19",10,2,3,0,5,1,2,1,5,1,32,9,9,5,23,4,19,13,59,41,1.67,1.50,3.26,1.29,2.65,55,80,55,40,5,45,75,35,70,11.30,7.40,3.05,3.05,2.25,1.42,2.15,4.33,7.50,2.00,1.73,Estádio Varzim Sport Club (Póvoa de Varzim)
1645207200,Feb 18 2022 - 6:00pm,complete,N/A,Academico Viseu,Leixões,Iancu Ioan Vasilica,23,1.09,0.82,0.94,1.47,1,2,3,2,0,2,"47","34,45",2,5,4,1,2,1,3,2,0,3,6,13,5,7,1,6,21,22,48,52,1.50,1.25,1.06,1.72,2.05,45,60,27,18,5,9,73,32,73,9.64,7.27,2.60,3.20,2.80,1.42,2.19,4.30,8.30,1.91,1.80,Estádio Municipal de Aveiro (Aveiro)
1645268400,Feb 19 2022 - 11:00am,complete,N/A,Vilafranquense,Associação Académica de Coimbra OAF,N/A,23,1.27,0.45,1.24,0.35,2,1,3,2,1,1,"19,89","25",4,4,7,0,2,0,4,3,0,2,9,10,5,2,4,8,21,14,44,56,1.45,1.44,1.36,1.28,2.87,64,78,50,41,9,27,64,50,87,9.00,7.46,2.36,3.21,3.35,1.30,1.90,3.40,6.00,1.75,2.00,Estádio Municipal de Rio Maior (Rio Maior)
1645279200,Feb 19 2022 - 2:00pm,complete,N/A,Casa Pia,CD Nacional,André Filipe Domingues Narciso,23,2.45,1.18,2.53,1.00,1,0,1,1,1,0,"45'2","",14,5,3,0,2,0,2,1,1,1,8,12,5,6,3,6,16,12,50,50,1.71,1.35,1.27,1.52,2.50,32,59,37,27,18,23,82,36,69,9.09,5.63,1.99,3.55,4.01,1.30,2.02,3.50,6.00,1.87,1.87,Estádio Pina Manique (Lisboa)
1645354800,Feb 20 2022 - 11:00am,complete,1,FC Penafiel,Sporting Covilhã,Marcos Roberto Viegas Brazão,23,1.73,0.64,1.71,0.88,1,1,2,2,1,1,"32","4",7,0,2,1,2,0,0,3,0,2,18,10,5,4,13,6,21,8,60,40,1.61,1.30,2.03,1.20,2.28,50,68,41,18,5,23,60,46,73,10.19,6.73,1.80,3.35,4.30,1.33,1.85,3.75,6.00,1.83,1.83,Estádio Municipal 25 de Abril (Penafiel)
1645365600,Feb 20 2022 - 2:00pm,complete,N/A,CD Feirense,Rio Ave FC,Nuno Miguel Serrano Almeida,23,2.00,1.73,1.76,1.76,0,0,0,0,0,0,"","",6,6,1,0,2,0,1,0,2,0,8,6,3,4,5,2,11,23,55,45,1.74,1.65,1.21,1.02,2.87,73,82,59,23,14,36,78,50,91,10.64,4.81,2.55,3.05,2.70,1.30,2.00,3.50,5.50,1.73,2.00,Estádio Marcolino de Castro (Santa Maria da Feira)
1645371000,Feb 20 2022 - 3:30pm,complete,887,Porto II,GD Chaves,Hugo Serafim Coelho Magalhães Silva,23,1.82,1.45,1.53,1.41,0,0,0,0,0,0,"","",4,6,3,0,2,0,1,2,1,1,9,12,4,3,5,9,23,14,47,53,1.76,1.72,1.26,1.58,2.69,69,82,50,41,0,32,64,45,91,12.00,6.00,2.60,3.15,2.55,1.28,1.88,3.25,5.50,1.73,2.00,Estádio Luís Filipe Menezes (Vila Nova de Gaia)
1645385400,Feb 20 2022 - 7:30pm,complete,N/A,CD Trofense,CD Mafra,João Pedro Silva Pinho,23,1.36,1.45,1.35,1.29,1,3,4,0,0,0,"47","61,73,85",4,4,4,2,2,0,1,5,0,2,16,15,8,10,8,5,15,24,51,49,1.60,1.64,2.00,2.03,2.28,41,69,45,23,0,36,60,46,78,11.45,5.45,2.75,3.05,2.45,1.36,2.16,3.75,7.00,1.83,1.83,Estádio do Clube Desportivo Trofense (Trofa)
1645466400,Feb 21 2022 - 6:00pm,complete,N/A,Benfica II,Farense,N/A,23,1.91,0.91,1.47,0.88,3,0,3,2,2,0,"24,34,47","",2,8,0,0,4,0,0,0,2,2,10,10,5,6,5,4,15,15,55,45,1.70,1.48,1.48,1.60,2.64,60,73,60,41,9,45,69,36,64,9.37,7.18,1.72,3.48,4.12,1.28,1.81,3.20,5.50,1.67,2.10,Caixa Futebol Campus (Seixal)
1645470000,Feb 21 2022 - 7:00pm,complete,2003,Estrela Amadora,Varzim,Vitor Jorge Fernandes Ferreira,23,1.45,0.45,1.06,0.76,0,0,0,0,0,0,"","",6,12,2,1,3,0,1,2,0,3,5,12,0,4,5,8,10,17,35,65,1.72,1.35,0.78,1.77,2.64,50,64,41,32,9,37,78,32,60,9.55,7.73,1.76,3.30,4.22,1.36,2.09,3.75,7.00,1.90,1.83,Estádio José Gomes (Amadora)
1645812000,Feb 25 2022 - 6:00pm,complete,1648,GD Chaves,Benfica II,João Pedro Costa Teixeira Afonso,24,2.36,2.00,2.35,1.88,1,1,2,0,0,0,"59","56",7,1,2,0,3,0,2,0,2,1,14,7,5,2,9,5,13,12,48,52,1.83,1.52,1.68,0.93,2.96,55,73,60,27,14,36,82,41,82,7.46,6.00,2.05,3.20,3.30,1.25,1.93,3.10,5.50,1.73,2.00,Estádio Municipal Eng. Manuel Branco Teixeira (Chaves)
1645873200,Feb 26 2022 - 11:00am,complete,N/A,Sporting Covilhã,Casa Pia,David Rafael Oliveira Silva,24,1.00,1.45,1.24,1.47,0,1,1,0,0,0,"","85",1,12,3,0,3,0,0,3,0,3,5,15,2,5,3,10,14,12,36,64,1.60,1.61,0.76,2.05,2.00,55,69,36,9,0,27,73,23,55,10.73,4.36,3.90,3.44,1.89,1.33,1.95,3.75,6.00,1.80,1.91,Estádio Municipal José Santos Pinto (Covilhã)
1645884000,Feb 26 2022 - 2:00pm,complete,N/A,CD Mafra,FC Penafiel,Rui Miguel Gomes Lima,24,1.18,1.00,1.24,1.29,1,1,2,0,0,0,"76","47",5,5,0,0,4,0,0,0,2,2,14,6,7,3,7,3,10,12,56,44,1.85,1.28,1.98,1.12,2.18,45,64,41,27,5,27,69,32,69,12.18,6.00,1.88,3.44,4.10,1.36,2.12,3.75,7.00,1.91,1.80,Estádio Municipal de Mafra (Mafra)
1645959600,Feb 27 2022 - 11:00am,complete,N/A,CD Nacional,CD Trofense,N/A,24,2.09,0.91,2.00,1.00,1,1,2,1,0,1,"72","35",15,7,3,0,5,1,1,2,4,2,19,10,8,3,11,7,13,19,68,32,1.78,1.32,2.60,1.20,2.41,50,78,50,18,5,32,69,41,78,10.36,6.64,1.65,3.45,4.36,1.30,2.01,3.40,6.00,1.91,1.80,Estádio da Madeira (Funchal (Ilha da Madeira))
1645970400,Feb 27 2022 - 2:00pm,complete,N/A,Rio Ave FC,Porto II,Miguel Bertolo Nogueira,24,2.00,1.00,2.35,0.94,1,0,1,0,0,0,"56","",3,3,4,0,4,0,2,2,2,2,6,10,3,6,3,4,18,10,47,53,1.68,1.50,0.91,1.49,3.09,73,82,73,32,18,60,82,55,78,10.72,6.63,1.58,3.59,4.65,1.25,1.88,3.00,5.00,1.83,1.83,Estádio do Rio Ave Futebol Clube (Vila do Conde)
1645975800,Feb 27 2022 - 3:30pm,complete,N/A,Farense,Vilafranquense,João Carlos Casegas Marques Almeida,24,1.27,1.09,1.53,1.18,1,0,1,0,0,0,"48","",7,5,2,0,1,0,0,2,0,1,4,2,2,0,2,2,14,12,58,42,1.76,1.23,0.46,0.17,2.50,50,69,45,32,5,36,73,41,64,8.91,7.36,1.72,3.50,4.40,1.29,1.88,3.00,5.50,1.83,1.83,Estádio de São Lúis (Faro)
1645975800,Feb 27 2022 - 3:30pm,complete,N/A,Leixões,Estrela Amadora,N/A,24,1.64,1.18,1.35,1.12,3,0,3,2,2,0,"2,10,71","",4,1,2,1,3,2,0,3,2,3,12,4,6,0,6,4,21,15,54,46,1.58,1.54,1.60,0.66,3.05,73,91,69,41,9,32,73,64,91,10.18,6.36,2.03,3.20,3.40,1.36,2.10,3.75,7.00,1.91,1.80,Estádio do Mar (Matosinhos)
1646071200,Feb 28 2022 - 6:00pm,complete,N/A,Varzim,CD Feirense,João António Ferreira Gonçalves,24,0.82,1.82,1.29,1.65,0,0,0,0,0,0,"","",2,4,4,0,3,0,1,3,1,2,12,8,2,4,10,4,21,21,50,50,1.81,1.48,1.22,1.11,2.36,41,73,41,27,0,32,69,41,78,12.37,6.82,2.80,3.13,2.50,1.33,2.15,3.60,6.50,1.80,1.91,Estádio Varzim Sport Club (Póvoa de Varzim)
1646076600,Feb 28 2022 - 7:30pm,complete,N/A,Associação Académica de Coimbra OAF,Academico Viseu,João Pedro Silva Pinho,24,0.82,1.09,0.65,1.24,1,2,3,1,0,1,"74","33,83",11,8,2,0,6,0,1,1,1,5,14,12,4,8,10,4,11,16,49,51,1.65,1.56,1.75,1.72,2.41,59,73,59,14,5,32,73,36,73,11.55,5.73,2.30,3.20,3.10,1.36,2.15,3.75,7.00,1.83,1.83,Estádio EFAPEL (Coimbra)
1646478000,Mar 05 2022 - 11:00am,complete,N/A,Academico Viseu,Estrela Amadora,Hugo Serafim Coelho Magalhães Silva,25,1.00,1.08,0.94,1.12,0,4,4,3,0,3,"","3,21,37,67",5,0,3,0,1,0,1,2,0,1,6,12,2,9,4,3,19,13,50,50,1.46,1.47,0.98,1.61,2.71,54,75,59,38,8,29,75,55,75,8.75,7.08,2.41,3.32,2.87,1.36,2.00,3.50,7.00,1.80,1.91,Estádio Municipal de Aveiro (Aveiro)
1646488800,Mar 05 2022 - 2:00pm,complete,810,CD Nacional,Sporting Covilhã,Carlos André Fernandes Macedo,25,2.00,0.67,2.00,0.88,1,1,2,0,0,0,"60","87",12,5,2,0,3,0,0,2,1,2,17,12,4,5,13,7,8,20,64,36,1.85,1.29,2.05,1.53,2.71,63,92,58,21,4,34,75,58,88,11.00,6.33,1.56,4.10,6.00,1.33,1.96,3.40,6.00,2.05,1.70,Estádio da Madeira (Funchal (Ilha da Madeira))
1646564400,Mar 06 2022 - 11:00am,complete,N/A,CD Feirense,Leixões,Vitor Jorge Fernandes Ferreira,25,1.92,1.00,1.76,1.47,0,1,1,0,0,0,"","64",10,4,3,0,1,0,0,3,0,1,8,6,3,2,5,4,18,21,50,50,1.70,1.29,1.24,0.97,2.34,63,67,46,17,9,25,71,34,83,9.83,6.08,2.05,3.15,3.60,1.36,2.05,3.50,6.50,1.94,1.82,Estádio Marcolino de Castro (Santa Maria da Feira)
1646575200,Mar 06 2022 - 2:00pm,complete,N/A,FC Penafiel,GD Chaves,Gustavo Fernandes Correia,25,1.67,1.42,1.71,1.41,2,1,3,1,0,1,"52,82","42",7,8,2,0,2,0,1,1,1,1,10,13,6,7,4,6,15,12,53,47,1.65,1.71,1.55,1.82,2.17,55,67,30,21,4,25,63,34,67,11.75,7.00,3.00,3.05,2.30,1.36,2.05,3.50,7.00,1.92,1.84,Estádio Municipal 25 de Abril (Penafiel)
1646580600,Mar 06 2022 - 3:30pm,complete,N/A,Porto II,Associação Académica de Coimbra OAF,N/A,25,1.75,0.42,1.53,0.35,3,3,6,3,2,1,"13,28,49","4,56,90'2",6,5,5,0,1,0,1,4,0,1,12,17,8,10,4,7,17,18,50,50,1.71,1.42,1.77,2.27,2.59,58,67,54,42,4,29,63,38,83,9.67,6.42,1.80,3.55,3.81,1.29,1.80,3.00,5.00,1.80,1.96,Estádio Luís Filipe Menezes (Vila Nova de Gaia)
1646589600,Mar 06 2022 - 6:00pm,complete,N/A,Benfica II,Varzim,N/A,25,2.00,0.50,1.47,0.76,1,2,3,2,0,2,"73","28,36",9,1,4,1,6,1,1,4,2,5,17,10,7,5,10,5,21,13,65,35,1.68,1.38,2.51,1.25,2.13,50,63,42,21,4,34,67,29,63,10.42,7.42,1.71,3.55,4.28,1.33,1.90,3.40,6.00,1.91,1.85,Caixa Futebol Campus (Seixal)
1646597700,Mar 06 2022 - 8:15pm,complete,N/A,CD Trofense,Farense,Cláudio Filipe Ruivo Pereira,25,1.25,0.83,1.35,0.88,1,1,2,0,0,0,"49","90'2",5,2,0,0,2,0,0,0,0,2,12,15,4,5,8,10,14,9,45,55,1.63,1.49,1.48,1.73,2.46,46,67,59,34,4,42,67,38,63,10.34,6.67,2.53,3.25,2.52,1.33,1.96,3.40,6.50,1.88,1.88,Estádio do Clube Desportivo Trofense (Trofa)
1646676000,Mar 07 2022 - 6:00pm,complete,N/A,Vilafranquense,Rio Ave FC,José Dinis Lopes Nunes Godinho Gorjão,25,1.42,1.67,1.24,1.76,1,2,3,0,0,0,"55","83,90'1",1,11,4,0,2,0,2,2,0,2,7,13,6,7,1,6,14,21,50,50,1.44,1.60,1.01,1.68,2.75,67,84,46,25,8,29,67,50,88,10.75,6.34,3.30,3.20,2.00,1.30,1.87,3.32,6.20,1.80,1.99,Estádio Municipal de Rio Maior (Rio Maior)
1646770500,Mar 08 2022 - 8:15pm,complete,N/A,Casa Pia,CD Mafra,Ricardo Baixinho,25,2.50,1.58,2.53,1.29,3,1,4,4,3,1,"2,32,44","23",3,2,1,0,3,0,1,0,1,2,9,12,5,7,4,5,14,15,50,50,1.67,1.67,1.18,1.59,2.30,33,63,34,25,4,25,67,42,71,10.42,6.41,1.83,3.21,3.91,1.42,1.91,4.50,6.50,1.90,1.80,Estádio Pina Manique (Lisboa)
1647021600,Mar 11 2022 - 6:00pm,complete,N/A,Associação Académica de Coimbra OAF,Benfica II,João Carlos Casegas Marques Almeida,26,0.75,1.92,0.65,1.88,3,4,7,1,0,1,"49,53,88","36,66,74,90'6",4,7,4,1,5,0,2,3,1,4,12,8,8,6,4,2,15,13,45,55,1.66,1.47,1.76,1.35,3.00,71,88,67,17,9,38,83,50,92,8.75,5.92,2.84,3.28,2.21,1.28,1.87,3.05,5.75,1.66,2.05,Estádio EFAPEL (Coimbra)
1647021600,Mar 11 2022 - 6:00pm,complete,N/A,Varzim,Academico Viseu,Fábio José Costa Veríssimo,26,0.83,1.25,1.29,1.24,1,0,1,1,1,0,"16","",3,5,2,0,2,0,1,1,1,1,12,8,6,4,6,4,22,27,50,50,1.76,1.58,1.59,1.21,2.13,38,63,42,21,4,29,71,29,59,13.00,6.59,2.72,3.03,2.42,1.39,2.13,3.65,7.25,1.80,1.86,Estádio Varzim Sport Club (Póvoa de Varzim)
1647082800,Mar 12 2022 - 11:00am,complete,N/A,Estrela Amadora,CD Feirense,Iancu Ioan Vasilica,26,1.42,1.75,1.06,1.65,1,2,3,1,1,0,"13","47,68",9,3,3,0,1,0,0,3,1,0,14,8,5,6,9,2,13,5,42,58,1.65,1.44,1.92,1.47,2.71,42,67,46,38,9,38,63,42,67,9.83,6.34,2.32,3.25,2.62,1.36,2.04,3.50,7.00,1.80,1.91,Estádio José Gomes (Amadora)
1647093600,Mar 12 2022 - 2:00pm,complete,N/A,Rio Ave FC,FC Penafiel,Frederico João Gonçalves Santos B. Martins,26,2.08,1.00,2.35,1.29,2,0,2,1,1,0,"25,79","",2,1,1,0,1,1,0,1,0,2,12,4,5,0,7,4,26,14,50,50,1.62,1.26,1.57,0.45,2.63,59,75,59,25,4,42,71,46,79,10.25,6.42,1.72,3.35,4.20,1.36,2.01,3.75,7.00,2.05,1.70,Estádio do Rio Ave Futebol Clube (Vila do Conde)
1647169200,Mar 13 2022 - 11:00am,complete,N/A,Farense,Porto II,Marcos Roberto Viegas Brazão,26,1.42,0.92,1.53,0.94,2,0,2,0,0,0,"64,81","",8,10,4,0,2,0,1,3,1,1,13,11,6,5,7,6,14,12,51,49,1.65,1.49,1.67,1.61,2.71,59,71,55,33,13,42,71,46,75,11.92,6.33,1.95,3.35,3.45,1.36,1.95,3.75,7.00,1.85,1.85,Estádio de São Lúis (Faro)
1647180000,Mar 13 2022 - 2:00pm,complete,N/A,CD Mafra,CD Nacional,David Rafael Oliveira Silva,26,1.17,1.08,1.24,1.00,3,2,5,2,1,1,"13,55,78","11,76",3,5,3,0,3,1,0,3,1,3,20,13,9,7,11,6,22,18,41,59,1.86,1.37,2.26,1.83,2.38,50,63,38,29,17,21,71,38,67,11.33,4.92,2.15,3.10,3.25,1.40,2.10,4.00,7.50,1.91,1.80,Estádio Municipal de Mafra (Mafra)
1647180000,Mar 13 2022 - 2:00pm,complete,N/A,GD Chaves,Casa Pia,N/A,26,2.25,1.58,2.35,1.47,4,1,5,2,1,1,"39,52,78,90'4","34",5,4,2,0,1,0,1,1,1,0,15,17,7,4,8,13,10,8,52,48,1.81,1.64,1.83,1.70,2.13,50,63,38,13,4,21,67,34,67,11.42,5.33,2.35,3.15,2.85,1.36,2.15,3.75,7.00,1.91,1.80,Estádio Municipal Eng. Manuel Branco Teixeira (Chaves)
1647185400,Mar 13 2022 - 3:30pm,complete,N/A,Sporting Covilhã,CD Trofense,Rui Miguel Gomes Lima,26,0.92,0.92,1.24,1.00,2,0,2,0,0,0,"58,85","",6,8,3,0,1,0,0,3,1,0,11,11,3,0,8,11,14,8,47,53,1.53,1.31,1.45,1.34,2.04,54,67,38,17,0,33,63,17,67,9.08,5.59,2.28,2.63,3.60,1.40,2.33,4.00,7.50,1.91,1.80,Estádio Municipal José Santos Pinto (Covilhã)
1647286200,Mar 14 2022 - 7:30pm,complete,N/A,Leixões,Vilafranquense,João Pedro Silva Pinho,26,1.75,1.00,1.35,1.18,1,1,2,0,0,0,"78","48",14,3,2,0,2,0,1,1,1,1,12,12,3,5,9,7,13,19,62,38,1.58,1.14,1.52,1.35,2.67,59,79,55,25,8,42,71,42,84,8.08,7.34,1.80,3.30,4.40,1.35,2.03,3.70,7.00,1.88,1.91,Estádio do Mar (Matosinhos)
1647626400,Mar 18 2022 - 6:00pm,complete,N/A,Academico Viseu,Rio Ave FC,Vitor Jorge Fernandes Ferreira,27,0.92,1.77,0.94,1.76,0,1,1,0,0,0,"","56",3,4,3,0,1,0,1,2,1,0,9,12,4,4,5,8,26,20,50,50,1.43,1.60,1.26,1.46,2.50,54,73,46,23,8,27,73,42,77,10.77,5.92,3.65,3.25,1.89,1.36,2.03,3.50,7.00,1.93,1.83,Estádio Municipal de Aveiro (Aveiro)
1647687600,Mar 19 2022 - 11:00am,complete,N/A,Sporting Covilhã,CD Mafra,José Dinis Lopes Nunes Godinho Gorjão,27,1.08,1.46,1.24,1.29,2,0,2,0,0,0,"64,89","",6,5,4,0,4,0,1,3,2,2,11,14,5,5,6,9,10,15,45,55,1.52,1.66,1.53,1.76,2.43,58,77,46,27,0,35,58,39,77,9.39,5.31,3.02,3.11,2.10,1.40,2.23,4.10,7.90,1.85,1.85,Estádio Municipal José Santos Pinto (Covilhã)
1647698400,Mar 19 2022 - 2:00pm,complete,N/A,FC Penafiel,Farense,N/A,27,1.77,0.85,1.71,0.88,1,3,4,3,1,2,"34","22,45'2,54",10,2,1,0,0,0,0,1,0,0,20,13,7,7,13,6,17,11,40,60,1.64,1.51,2.30,1.63,2.31,54,66,43,23,8,31,66,35,58,9.77,7.54,2.87,3.02,2.63,1.38,2.15,3.90,7.50,2.00,1.73,Estádio Municipal 25 de Abril (Penafiel)
1647774000,Mar 20 2022 - 11:00am,complete,722,CD Nacional,Associação Académica de Coimbra OAF,João Pedro Costa Teixeira Afonso,27,1.92,0.46,2.00,0.35,3,1,4,1,1,0,"8,55,90'2","68",1,10,2,0,4,0,1,1,3,1,9,16,6,3,3,13,18,21,45,55,1.86,1.49,1.33,1.87,2.85,62,81,58,31,12,31,77,50,89,11.15,6.84,1.79,3.83,4.64,1.30,1.88,3.30,5.50,1.80,1.91,Estádio da Madeira (Funchal (Ilha da Madeira))
1647784800,Mar 20 2022 - 2:00pm,complete,N/A,Casa Pia,CD Feirense,N/A,27,2.54,1.85,2.53,1.65,1,1,2,1,1,0,"29","54",10,7,3,0,6,0,0,3,1,5,6,9,3,5,3,4,17,7,53,47,1.63,1.45,1.35,1.35,2.20,31,58,35,23,4,23,70,39,62,9.85,6.15,1.74,3.55,4.80,1.42,2.14,4.33,7.50,2.10,1.67,Estádio Pina Manique (Lisboa)
1647784800,Mar 20 2022 - 2:00pm,complete,N/A,Benfica II,Leixões,N/A,27,1.85,1.15,1.47,1.47,2,3,5,2,0,2,"62,82","5,13,71",5,5,5,1,3,0,1,5,1,2,15,12,6,9,9,3,15,14,50,50,1.74,1.26,2.14,1.84,2.24,50,66,43,20,4,31,69,23,81,10.31,6.77,1.93,3.53,3.79,1.29,1.94,3.30,5.50,1.67,2.10,Caixa Futebol Campus (Seixal)
1647790200,Mar 20 2022 - 3:30pm,complete,N/A,Porto II,Estrela Amadora,Ricardo Baixinho,27,1.69,1.23,1.53,1.12,2,2,4,3,2,1,"9,45'1","11,77",3,1,1,0,3,0,1,0,1,2,15,8,3,7,12,1,15,14,54,46,1.72,1.48,1.61,1.45,2.92,58,77,66,50,8,35,66,54,85,9.62,6.23,2.18,3.19,3.42,1.33,1.98,3.75,7.00,1.80,1.91,Estádio Luís Filipe Menezes (Vila Nova de Gaia)
1647799200,Mar 20 2022 - 6:00pm,complete,N/A,CD Trofense,GD Chaves,Carlos André Fernandes Macedo,27,1.23,1.31,1.35,1.41,1,1,2,1,1,0,"8","55",4,4,1,0,1,0,0,1,0,1,12,14,8,7,4,7,6,8,36,64,1.62,1.72,1.80,1.93,2.35,54,74,46,27,0,31,62,46,77,12.31,5.54,3.02,2.99,2.54,1.50,2.32,4.04,8.00,2.00,1.73,Estádio do Clube Desportivo Trofense (Trofa)
1647808200,Mar 20 2022 - 8:30pm,complete,N/A,Vilafranquense,Varzim,N/A,27,1.31,0.69,1.24,0.76,0,0,0,0,0,0,"","",2,9,3,0,3,0,1,2,1,2,8,13,0,6,8,7,16,15,35,65,1.41,1.37,0.82,1.83,2.39,66,73,43,20,4,27,62,43,73,9.54,8.61,2.30,3.10,3.10,1.42,2.25,4.50,7.50,1.91,1.80,Estádio Municipal de Rio Maior (Rio Maior)
1648832400,Apr 01 2022 - 5:00pm,complete,N/A,Leixões,FC Penafiel,João Carlos Casegas Marques Almeida,28,1.69,0.92,1.35,1.29,0,1,1,0,0,0,"","49",12,5,2,0,2,0,1,1,1,1,20,9,8,3,12,6,15,22,50,50,1.58,1.20,2.49,1.14,2.65,62,89,54,23,4,35,69,46,93,11.08,6.23,1.82,3.25,3.80,1.36,2.15,4.00,7.00,1.90,1.83,Estádio do Mar (Matosinhos)
1648893600,Apr 02 2022 - 10:00am,complete,N/A,CD Mafra,Benfica II,João Pedro Silva Pinho,28,1.31,2.00,1.24,1.88,2,1,3,2,2,0,"24,28","90'6",5,5,6,0,2,0,3,3,2,0,11,11,4,6,7,5,15,15,51,49,1.89,1.46,1.46,1.61,2.85,58,74,47,31,19,31,74,46,74,9.39,5.77,2.55,3.30,2.37,1.25,1.71,3.10,5.50,1.65,2.15,Estádio Municipal de Mafra (Mafra)
1648904400,Apr 02 2022 - 1:00pm,complete,N/A,CD Feirense,Academico Viseu,N/A,28,1.77,1.15,1.76,1.24,2,1,3,1,1,0,"4,90'1","66",6,6,2,0,3,0,1,1,1,2,11,11,6,4,5,7,11,14,50,50,1.66,1.55,1.58,1.52,2.35,54,62,54,19,12,31,66,39,66,11.23,5.16,1.80,3.10,4.50,1.44,2.39,4.50,9.00,2.15,1.65,Estádio Marcolino de Castro (Santa Maria da Feira)
1648926000,Apr 02 2022 - 7:00pm,complete,N/A,Rio Ave FC,CD Trofense,Nuno Miguel Serrano Almeida,28,2.15,0.85,2.35,1.00,1,0,1,1,1,0,"35","",4,4,1,0,3,0,0,1,0,3,14,6,5,2,9,4,10,11,52,48,1.61,1.31,1.77,0.99,2.39,54,73,47,19,4,39,66,35,73,9.70,6.31,1.36,4.45,8.60,1.48,2.25,4.33,8.00,2.30,1.57,Estádio do Rio Ave Futebol Clube (Vila do Conde)
1648980000,Apr 03 2022 - 10:00am,complete,N/A,Associação Académica de Coimbra OAF,Casa Pia,Rui Miguel Gomes Lima,28,0.69,1.46,0.65,1.47,0,2,2,1,0,1,"","21,62",11,8,2,0,2,0,1,1,2,0,17,10,7,5,10,5,12,16,54,46,1.67,1.65,2.11,1.40,2.54,66,77,54,12,8,27,77,43,77,12.31,5.46,2.85,3.30,2.25,1.33,1.90,3.60,6.50,1.80,1.95,Estádio EFAPEL (Coimbra)
1648990800,Apr 03 2022 - 1:00pm,complete,N/A,GD Chaves,CD Nacional,Cláudio Filipe Ruivo Pereira,28,2.31,1.00,2.35,1.00,2,0,2,1,1,0,"5,56","",5,5,4,0,3,0,1,3,3,0,11,8,7,3,4,5,15,9,47,53,1.82,1.40,1.58,1.06,2.85,58,69,54,35,23,31,77,46,81,9.54,5.30,1.85,3.15,4.10,1.40,2.55,4.20,8.00,2.00,1.75,Estádio Municipal Eng. Manuel Branco Teixeira (Chaves)
1648990800,Apr 03 2022 - 1:00pm,complete,N/A,Farense,Sporting Covilhã,N/A,28,1.54,0.69,1.53,0.88,1,0,1,0,0,0,"79","",12,3,4,0,0,0,2,2,0,0,17,8,7,4,10,4,9,8,50,50,1.65,1.31,2.11,1.17,2.50,58,81,46,27,0,31,62,54,77,11.08,5.77,1.80,3.20,4.40,1.40,2.55,4.20,9.00,2.05,1.72,Estádio de São Lúis (Faro)
1649008800,Apr 03 2022 - 6:00pm,complete,N/A,Estrela Amadora,Vilafranquense,Marcos Roberto Viegas Brazão,28,1.31,1.00,1.06,1.18,0,1,1,1,0,1,"","36",8,3,4,0,3,0,1,3,1,2,14,8,4,7,10,1,15,12,55,45,1.67,1.16,1.98,1.36,2.73,46,66,46,35,12,42,70,38,66,7.92,7.15,2.00,3.00,3.40,1.36,2.15,4.00,7.00,1.90,1.85,Estádio José Gomes (Amadora)
1649091600,Apr 04 2022 - 5:00pm,complete,N/A,Varzim,Porto II,Iancu Ioan Vasilica,28,1.00,0.85,1.29,0.94,2,1,3,2,1,1,"25,83","22",9,4,0,0,3,1,0,0,2,2,9,12,6,3,3,9,15,20,47,53,1.75,1.50,1.47,1.41,2.46,47,70,47,27,12,43,73,39,74,12.39,6.92,2.47,2.95,2.70,1.40,2.30,4.20,8.00,1.90,1.83,Estádio Varzim Sport Club (Póvoa de Varzim)
1649437200,Apr 08 2022 - 5:00pm,complete,N/A,FC Penafiel,Varzim,N/A,29,1.64,0.71,1.71,0.76,4,1,5,0,0,0,"66,70,80,90'4","62",8,7,2,0,3,0,1,1,2,1,12,15,10,4,2,11,16,11,34,66,1.69,1.41,1.87,1.74,1.86,50,54,29,11,4,21,64,25,54,11.21,8.07,2.04,3.05,3.55,1.50,2.48,4.00,8.50,2.10,1.67,Estádio Municipal 25 de Abril (Penafiel)
1649498400,Apr 09 2022 - 10:00am,complete,N/A,Casa Pia,Farense,Carlos André Fernandes Macedo,29,2.43,1.00,2.53,0.88,1,0,1,1,1,0,"23","",5,8,3,0,4,0,1,2,1,3,6,9,2,3,4,6,17,11,46,54,1.61,1.52,1.07,1.32,2.43,43,65,43,32,7,36,79,29,57,9.43,6.71,1.64,3.30,5.05,1.40,2.21,4.00,7.50,2.10,1.67,Estádio Pina Manique (Lisboa)
1649509200,Apr 09 2022 - 1:00pm,complete,N/A,CD Mafra,GD Chaves,Hugo Filipe Ferreira de Campos Moreira Miguel,29,1.43,1.29,1.24,1.41,0,1,1,1,0,1,"","14",8,4,1,0,5,1,0,1,1,5,19,11,8,3,11,8,7,12,62,38,1.86,1.73,2.45,1.43,2.36,64,75,40,29,7,29,68,40,75,12.50,5.86,2.90,3.30,2.36,1.33,2.08,3.40,7.00,1.80,1.96,Estádio Municipal de Mafra (Mafra)
1649509200,Apr 09 2022 - 1:00pm,complete,N/A,Benfica II,Estrela Amadora,João Pedro Costa Teixeira Afonso,29,1.71,1.21,1.47,1.12,0,0,0,0,0,0,"","",6,7,1,0,0,0,0,1,0,0,12,16,6,6,6,10,11,5,54,46,1.77,1.47,1.84,1.97,3.00,57,83,72,47,11,50,75,47,83,9.14,6.65,1.81,3.74,3.98,1.25,1.68,2.90,5.50,1.73,2.06,Caixa Futebol Campus (Seixal)
1649514600,Apr 09 2022 - 2:30pm,complete,N/A,Vilafranquense,Academico Viseu,João Pedro Silva Pinho,29,1.29,1.07,1.24,1.24,2,1,3,0,0,0,"64,71","47",3,7,2,0,2,0,0,2,0,2,9,13,4,4,5,9,12,13,45,55,1.37,1.55,1.24,1.60,2.47,57,72,50,22,7,25,61,47,68,10.36,6.72,2.07,3.22,3.60,1.36,2.32,3.80,7.00,2.10,1.70,Estádio Municipal de Rio Maior (Rio Maior)
1649584800,Apr 10 2022 - 10:00am,complete,N/A,Sporting Covilhã,Associação Académica de Coimbra OAF,Manuel Antonio Rodrigues Oliveira,29,1.21,0.43,1.24,0.35,2,0,2,0,0,0,"76,89","",6,4,3,0,4,0,0,3,0,4,12,8,7,4,5,4,12,16,43,57,1.52,1.52,1.69,1.31,2.57,57,71,50,32,7,33,68,36,79,9.14,5.86,2.06,3.05,3.35,1.36,2.06,3.75,7.00,1.86,1.90,Estádio Municipal José Santos Pinto (Covilhã)
1649595600,Apr 10 2022 - 1:00pm,complete,729,CD Nacional,Rio Ave FC,José Dinis Lopes Nunes Godinho Gorjão,29,2.00,1.86,2.00,1.76,2,0,2,0,0,0,"78,84","",5,7,5,0,2,0,5,0,2,0,13,16,7,3,6,13,11,17,42,58,1.83,1.59,1.80,1.77,2.61,61,82,50,18,7,21,72,54,90,12.71,5.58,3.13,3.00,2.38,1.44,2.20,4.33,8.00,1.91,1.85,Estádio da Madeira (Funchal (Ilha da Madeira))
1649601000,Apr 10 2022 - 2:30pm,complete,N/A,Porto II,CD Feirense,David Rafael Oliveira Silva,29,1.64,1.79,1.53,1.65,2,1,3,1,0,1,"50,88","14",7,4,4,0,3,0,1,3,0,3,11,8,5,3,6,5,17,12,47,53,1.71,1.44,1.59,1.11,2.54,57,71,50,36,4,29,57,47,83,10.36,6.00,2.45,2.90,3.10,1.36,2.25,4.00,8.00,1.86,1.90,Estádio Luís Filipe Menezes (Vila Nova de Gaia)
1649606400,Apr 10 2022 - 4:00pm,complete,N/A,CD Trofense,Leixões,Ricardo Baixinho,29,1.21,1.29,1.35,1.47,1,2,3,1,1,0,"38","52,81",1,5,4,0,2,0,2,2,1,1,14,10,5,6,9,4,15,14,47,53,1.63,1.31,1.67,1.53,2.11,47,61,36,18,4,22,64,32,79,10.72,5.93,2.70,2.90,2.75,1.40,2.40,4.00,7.50,1.85,1.85,Estádio do Clube Desportivo Trofense (Trofa)
1650016800,Apr 15 2022 - 10:00am,complete,N/A,GD Chaves,Sporting Covilhã,David Rafael Oliveira Silva,30,2.36,0.64,2.35,0.88,1,0,1,1,1,0,"42","",8,7,5,0,2,0,2,3,1,1,12,5,4,2,8,3,22,15,52,48,1.80,1.30,1.57,0.86,2.57,61,79,50,25,7,33,64,50,86,9.21,5.64,1.65,3.70,5.60,1.36,2.00,3.75,8.00,2.13,1.68,Estádio Municipal Eng. Manuel Branco Teixeira (Chaves)
1650027600,Apr 15 2022 - 1:00pm,complete,N/A,Varzim,Casa Pia,Frederico João Gonçalves Santos B. Martins,30,1.14,1.57,1.29,1.47,1,0,1,0,0,0,"59","",7,5,4,0,4,0,2,2,1,3,9,7,3,5,6,2,15,24,54,46,1.73,1.63,1.21,1.23,2.04,40,64,33,14,4,29,75,25,61,13.29,5.50,3.25,3.10,2.36,1.45,2.55,4.75,7.00,2.07,1.72,Estádio Varzim Sport Club (Póvoa de Varzim)
1650103200,Apr 16 2022 - 10:00am,complete,N/A,Associação Académica de Coimbra OAF,FC Penafiel,N/A,30,0.64,1.07,0.65,1.29,0,0,0,0,0,0,"","",8,4,2,0,3,0,1,1,0,3,20,11,6,4,14,7,11,12,60,40,1.70,1.20,2.28,1.39,2.65,61,82,57,18,4,29,75,43,93,11.29,6.21,2.30,3.10,2.80,1.33,2.03,3.75,6.50,1.80,1.95,Estádio EFAPEL (Coimbra)
1650103200,Apr 16 2022 - 10:00am,complete,N/A,Farense,CD Mafra,João Carlos Casegas Marques Almeida,30,1.64,1.36,1.53,1.29,1,0,1,1,1,0,"14","",5,8,1,0,2,0,0,1,0,2,9,5,3,2,6,3,13,16,50,50,1.69,1.67,1.38,1.07,2.50,50,75,43,33,0,29,54,50,79,11.93,6.14,1.85,3.30,3.80,1.33,2.10,3.60,6.50,1.85,1.90,Estádio de São Lúis (Faro)
1650114000,Apr 16 2022 - 1:00pm,complete,N/A,Leixões,Porto II,João Pedro Silva Pinho,30,1.57,0.79,1.35,0.94,0,0,0,0,0,0,"","",6,3,3,0,2,0,1,2,0,2,13,14,4,5,9,9,15,15,53,47,1.64,1.50,1.54,1.62,2.86,68,86,61,25,14,47,68,50,93,12.14,6.50,1.91,3.03,3.26,1.36,2.08,3.50,6.50,1.85,1.91,Estádio do Mar (Matosinhos)
1650119400,Apr 16 2022 - 2:30pm,complete,N/A,Academico Viseu,CD Trofense,Hugo Filipe Ferreira de Campos Moreira Miguel,30,0.86,0.79,0.94,1.00,2,1,3,2,2,0,"11,17","52",6,8,6,0,2,0,2,4,0,2,14,18,6,5,8,13,13,9,50,50,1.42,1.29,1.58,2.03,2.15,43,64,36,22,4,29,64,29,68,9.29,6.71,2.56,2.94,2.33,1.40,2.28,4.00,7.50,1.97,1.80,Estádio Municipal de Aveiro (Aveiro)
1650124800,Apr 16 2022 - 4:00pm,complete,N/A,Estrela Amadora,CD Nacional,Iancu Ioan Vasilica,30,1.21,0.93,1.06,1.00,0,0,0,0,0,0,"","",6,1,6,0,4,0,1,5,1,3,10,6,4,2,6,4,18,13,50,50,1.69,1.38,1.37,0.77,2.97,47,68,50,40,22,36,83,40,68,10.14,5.64,2.70,3.33,2.62,1.22,1.93,3.00,5.00,1.67,2.15,Estádio José Gomes (Amadora)
1650132000,Apr 16 2022 - 6:00pm,complete,N/A,CD Feirense,Vilafranquense,Hugo Serafim Coelho Magalhães Silva,30,1.86,1.14,1.76,1.18,1,1,2,1,0,1,"75","33",4,2,1,0,3,0,1,0,1,2,10,11,3,7,7,4,14,17,61,39,1.65,1.17,1.35,1.58,2.43,57,64,50,21,11,36,64,43,75,8.00,6.22,1.72,3.30,4.17,1.40,2.20,4.00,7.00,2.06,1.73,Estádio Marcolino de Castro (Santa Maria da Feira)
1650205800,Apr 17 2022 - 2:30pm,complete,N/A,Rio Ave FC,Benfica II,Cláudio Filipe Ruivo Pereira,30,2.21,1.86,2.35,1.88,2,1,3,1,0,1,"54,90'4","29",10,6,2,1,5,2,1,2,3,4,23,5,11,3,12,2,15,10,53,47,1.62,1.47,2.88,0.95,3.07,61,79,61,25,14,43,83,47,79,7.79,5.93,1.65,3.60,4.33,1.30,1.98,3.25,5.50,1.83,1.93,Estádio do Rio Ave Futebol Clube (Vila do Conde)
1650708000,Apr 23 2022 - 10:00am,complete,724,Casa Pia,Estrela Amadora,Hélder Miguel Azevedo Malheiro,31,2.47,1.20,2.53,1.12,3,0,3,2,2,0,"31,44,78","",12,7,2,0,1,0,1,1,0,1,20,7,12,4,8,3,9,8,59,41,1.57,1.51,2.80,1.16,2.50,37,64,47,37,7,30,80,37,64,9.40,6.20,1.50,3.80,6.00,1.40,2.15,4.20,7.50,2.25,1.60,Estádio Pina Manique (Lisboa)
1650718800,Apr 23 2022 - 1:00pm,complete,N/A,GD Chaves,Associação Académica de Coimbra OAF,Vitor Jorge Fernandes Ferreira,31,2.40,0.40,2.35,0.35,3,2,5,3,3,0,"7,30,33","68,76",0,11,4,1,3,0,3,2,1,2,9,17,6,5,3,12,14,15,50,50,1.78,1.50,1.22,2.07,2.77,57,70,54,37,13,30,73,44,84,9.60,6.66,1.37,4.40,7.00,1.28,1.86,3.30,5.50,2.05,1.72,Estádio Municipal Eng. Manuel Branco Teixeira (Chaves)
1650794400,Apr 24 2022 - 10:00am,complete,N/A,FC Penafiel,CD Feirense,José Dinis Lopes Nunes Godinho Gorjão,31,1.73,1.67,1.71,1.65,2,0,2,1,1,0,"39,90'1","",6,5,6,0,2,0,2,4,0,2,12,13,7,3,5,10,18,10,49,51,1.70,1.42,1.65,1.50,2.30,53,67,40,20,7,20,60,43,70,10.93,6.60,2.60,2.88,2.62,1.37,2.00,3.90,6.50,1.85,1.85,Estádio Municipal 25 de Abril (Penafiel)
1650805200,Apr 24 2022 - 1:00pm,complete,N/A,CD Mafra,Rio Ave FC,Nuno Miguel Serrano Almeida,31,1.33,1.73,1.24,1.76,1,1,2,2,1,1,"18","26",6,9,4,0,3,0,1,3,2,1,9,14,7,4,2,10,10,16,55,45,1.90,1.60,1.49,1.75,2.27,53,67,37,20,10,24,64,40,74,12.60,5.07,3.84,3.38,1.94,1.36,2.08,4.00,6.50,1.97,1.80,Estádio Municipal de Mafra (Mafra)
1650810600,Apr 24 2022 - 2:30pm,complete,835,CD Nacional,Farense,Rui Miguel Gomes Lima,31,2.07,0.93,2.00,0.88,3,2,5,2,1,1,"37,66,75","31,90'3",1,6,2,0,3,0,0,2,2,1,15,12,8,6,7,6,18,15,51,49,1.82,1.51,1.99,1.64,2.70,60,83,57,30,7,34,73,50,77,10.73,7.00,2.66,3.28,2.53,1.33,2.04,3.40,6.50,1.81,1.95,Estádio da Madeira (Funchal (Ilha da Madeira))
1650810600,Apr 24 2022 - 2:30pm,complete,N/A,Benfica II,Academico Viseu,Manuel Olivera Vázquez,31,1.67,1.00,1.47,1.24,1,2,3,2,0,2,"79","30,34",9,3,1,0,3,0,0,1,0,3,10,4,4,3,6,1,12,19,50,50,1.78,1.55,1.57,0.81,2.40,50,67,57,23,10,37,67,37,63,11.46,6.00,1.91,3.54,3.76,1.30,1.92,3.25,6.00,1.80,1.96,Caixa Futebol Campus (Seixal)
1650810600,Apr 24 2022 - 2:30pm,complete,N/A,Porto II,Vilafranquense,Marcos Roberto Viegas Brazão,31,1.73,1.13,1.53,1.18,0,1,1,1,0,1,"","37",4,1,2,0,2,0,0,2,0,2,18,6,9,4,9,2,17,12,55,45,1.70,1.20,2.46,0.89,2.50,57,67,47,34,7,33,64,40,77,8.20,6.74,1.90,3.44,4.06,1.30,2.05,3.30,6.50,1.96,1.80,Estádio Luís Filipe Menezes (Vila Nova de Gaia)
1650816000,Apr 24 2022 - 4:00pm,complete,N/A,Sporting Covilhã,Leixões,Luis Miguel Branco Godinho,31,1.33,1.40,1.24,1.47,1,1,2,1,1,0,"36","50",9,6,3,0,4,0,0,3,1,3,13,11,3,4,10,7,11,23,49,51,1.53,1.32,1.56,1.49,2.10,50,67,33,13,4,20,63,30,80,9.60,5.87,2.44,3.13,2.94,1.42,2.32,4.50,7.50,1.93,1.83,Estádio Municipal José Santos Pinto (Covilhã)
1650897000,Apr 25 2022 - 2:30pm,complete,N/A,CD Trofense,Varzim,João Pedro Silva Pinheiro,31,1.13,0.67,1.35,0.76,1,0,1,0,0,0,"56","",4,5,1,1,3,0,1,1,0,3,6,17,4,3,2,14,17,14,35,65,1.64,1.43,0.85,1.84,2.04,50,60,40,17,4,24,60,37,63,10.87,6.94,2.34,3.10,2.80,1.36,1.95,3.50,7.00,1.80,1.91,Estádio do Clube Desportivo Trofense (Trofa)
1651251600,Apr 29 2022 - 5:00pm,complete,N/A,Academico Viseu,Porto II,Gustavo Fernandes Correia,32,1.00,0.80,0.94,0.94,1,1,2,1,1,0,"45","85",1,7,3,1,2,2,1,3,1,3,7,12,3,3,4,9,19,14,50,50,1.43,1.50,0.88,1.54,2.57,54,70,54,27,14,43,70,40,77,9.93,7.07,2.70,3.25,2.65,1.36,2.00,3.50,7.00,1.84,1.92,Estádio Municipal de Aveiro (Aveiro)
1651312800,Apr 30 2022 - 10:00am,complete,N/A,Farense,GD Chaves,Frederico João Gonçalves Santos B. Martins,32,1.73,1.40,1.53,1.41,1,2,3,1,0,1,"64","19,90'2",4,3,5,1,5,0,1,5,1,4,12,12,5,9,7,3,15,12,50,50,1.67,1.71,1.56,1.74,2.30,54,70,37,27,0,24,67,40,74,12.93,6.07,2.94,3.00,2.52,1.40,2.20,4.00,7.50,1.90,1.85,Estádio de São Lúis (Faro)
1651312800,Apr 30 2022 - 10:00am,complete,N/A,Associação Académica de Coimbra OAF,CD Mafra,John Pike,32,0.67,1.27,0.65,1.29,0,2,2,0,0,0,"","56,90'3",9,2,1,0,4,0,0,1,2,2,17,14,6,8,11,6,9,14,42,58,1.74,1.63,2.06,1.79,2.70,63,84,57,23,4,30,67,50,87,11.53,6.14,2.69,3.32,2.48,1.30,1.95,3.50,6.50,1.75,2.00,Estádio EFAPEL (Coimbra)
1651323600,Apr 30 2022 - 1:00pm,complete,3908,Estrela Amadora,FC Penafiel,Cláudio Filipe Ruivo Pereira,32,1.20,1.07,1.06,1.29,0,2,2,0,0,0,"","51,90'4",10,3,2,0,5,1,1,1,2,4,15,10,3,8,12,2,9,14,60,40,1.67,1.21,2.00,1.62,2.47,40,64,44,30,7,34,67,33,67,10.40,6.47,2.31,3.30,2.99,1.36,2.00,3.50,7.00,1.85,1.85,Estádio José Gomes (Amadora)
1651329000,Apr 30 2022 - 2:30pm,complete,N/A,Leixões,CD Nacional,Artur Manuel Ribeiro Soares Dias,32,1.53,0.93,1.35,1.00,0,1,1,1,0,1,"","45'1",7,2,1,0,2,0,0,1,1,1,20,8,9,3,11,5,11,13,55,45,1.64,1.34,2.54,1.06,2.67,57,77,50,27,17,30,70,44,83,10.93,5.53,2.22,3.12,3.24,1.36,2.00,3.50,6.50,1.84,1.92,Estádio do Mar (Matosinhos)
1651342500,Apr 30 2022 - 6:15pm,complete,N/A,Varzim,Sporting Covilhã,Nuno Miguel Serrano Almeida,32,1.27,0.60,1.29,0.88,0,2,2,0,0,0,"","55,90'2",16,0,2,1,3,0,1,2,0,3,27,6,3,3,24,3,11,18,66,34,1.70,1.27,2.75,0.80,2.20,47,70,40,20,0,33,67,37,74,11.33,5.93,2.24,2.93,2.69,1.50,2.55,4.50,9.00,2.22,1.63,Estádio Varzim Sport Club (Póvoa de Varzim)
1651399200,May 01 2022 - 10:00am,complete,N/A,Vilafranquense,Benfica II,N/A,32,1.40,1.73,1.24,1.88,1,2,3,1,1,0,"39","79,83",4,7,1,0,1,0,0,1,0,1,14,8,8,7,6,1,14,17,45,55,1.36,1.43,1.81,1.49,3.14,70,87,60,27,14,34,67,57,87,7.60,7.06,3.10,3.25,2.05,1.29,1.75,3.00,5.50,1.67,2.10,Estádio Municipal de Rio Maior (Rio Maior)
1651405500,May 01 2022 - 11:45am,complete,N/A,CD Feirense,CD Trofense,Vitor Jorge Fernandes Ferreira,32,1.80,0.73,1.76,1.00,1,2,3,2,0,2,"61","20,32",7,3,3,0,2,0,2,1,2,0,17,8,10,5,7,3,16,9,55,45,1.63,1.34,2.37,1.19,2.30,60,70,47,17,7,33,64,34,77,10.33,5.33,1.75,3.10,4.50,1.40,2.25,4.00,7.50,2.05,1.70,Estádio Marcolino de Castro (Santa Maria da Feira)
1651410000,May 01 2022 - 1:00pm,complete,N/A,Rio Ave FC,Casa Pia,João Pedro Silva Pinheiro,32,2.27,1.47,2.35,1.47,1,0,1,1,1,0,"5","",4,7,3,0,2,0,1,2,0,2,10,10,5,5,5,5,11,13,49,51,1.71,1.60,1.30,1.40,2.30,50,67,44,14,7,30,74,37,67,11.40,5.33,2.16,3.05,3.05,1.44,2.30,4.33,8.00,2.00,1.73,Estádio do Rio Ave Futebol Clube (Vila do Conde)
1651917600,May 07 2022 - 10:00am,complete,N/A,CD Mafra,Leixões,João Pedro Costa Teixeira Afonso,33,1.31,1.38,1.24,1.47,0,2,2,0,0,0,"","59,67",14,4,0,0,0,0,0,0,0,0,18,10,6,6,12,4,10,12,56,44,1.87,1.33,2.19,1.53,2.13,56,63,31,19,10,22,72,28,72,11.38,6.38,2.09,3.45,3.55,1.31,2.02,3.42,6.45,1.88,1.88,Estádio Municipal de Mafra (Mafra)
1651917600,May 07 2022 - 10:00am,complete,N/A,FC Penafiel,Porto II,João Carlos Casegas Marques Almeida,33,1.81,0.81,1.71,0.94,1,2,3,0,0,0,"69","71,89",3,8,6,0,1,0,0,6,0,1,12,11,6,5,6,6,20,11,48,52,1.70,1.51,1.53,1.50,2.47,57,69,44,22,16,35,66,38,72,11.63,7.12,2.43,3.35,2.90,1.29,1.96,3.26,6.10,1.75,2.05,Estádio Municipal 25 de Abril (Penafiel)
1651928400,May 07 2022 - 1:00pm,complete,N/A,Sporting Covilhã,Rio Ave FC,Artur Manuel Ribeiro Soares Dias,33,1.31,1.69,1.24,1.76,0,1,1,0,0,0,"","46",5,2,3,0,1,0,0,3,1,0,15,9,4,5,11,4,7,7,54,46,1.53,1.61,1.80,1.34,2.22,53,75,35,13,3,25,60,38,78,11.31,4.75,4.00,3.45,1.96,1.32,2.03,3.80,7.20,2.00,1.77,Estádio Municipal José Santos Pinto (Covilhã)
1651928400,May 07 2022 - 1:00pm,complete,N/A,Benfica II,CD Feirense,N/A,33,1.56,1.56,1.47,1.65,1,2,3,1,1,0,"17","65,88",9,5,1,0,2,0,0,1,0,2,17,9,7,5,10,4,6,9,50,50,1.76,1.42,2.25,1.29,2.47,53,75,54,25,7,38,66,41,78,10.50,6.19,2.01,3.50,3.75,1.28,1.90,3.20,5.95,1.82,1.94,Caixa Futebol Campus (Seixal)
1651933800,May 07 2022 - 2:30pm,complete,876,CD Nacional,Academico Viseu,Manuel Antonio Rodrigues Oliveira,33,2.13,1.13,2.00,1.24,1,2,3,2,0,2,"88","7,37",4,1,3,0,5,1,1,2,4,2,10,10,2,6,8,4,14,18,59,41,1.83,1.50,1.40,1.36,2.57,57,79,56,19,10,25,72,54,75,12.00,6.12,2.39,3.35,3.00,1.26,1.82,2.90,5.30,1.77,2.00,Estádio da Madeira (Funchal (Ilha da Madeira))
1651933800,May 07 2022 - 2:30pm,complete,N/A,Casa Pia,Vilafranquense,Miguel Bertolo Nogueira,33,2.50,1.25,2.53,1.18,2,1,3,1,1,0,"40,58","53",5,3,5,0,3,0,2,3,1,2,12,7,6,3,6,4,19,10,50,50,1.65,1.18,1.75,0.90,2.10,32,53,28,19,6,28,79,25,57,8.38,6.81,1.43,4.60,7.60,1.33,1.94,3.54,6.70,2.38,1.55,Estádio Pina Manique (Lisboa)
1652004000,May 08 2022 - 10:00am,complete,N/A,GD Chaves,Estrela Amadora,André Filipe Domingues Narciso,33,2.44,1.13,2.35,1.12,2,2,4,3,2,1,"10,23","29,62",1,5,4,0,4,1,1,3,0,5,9,7,4,5,5,2,21,16,62,38,1.75,1.49,1.26,1.10,2.85,53,75,63,41,13,38,75,47,81,8.94,6.19,1.78,3.72,4.18,1.22,1.75,2.62,4.50,1.91,1.80,Estádio Municipal Eng. Manuel Branco Teixeira (Chaves)
1652014800,May 08 2022 - 1:00pm,complete,N/A,Farense,Varzim,N/A,33,1.63,0.63,1.53,0.76,0,1,1,1,0,1,"","2",5,4,4,2,5,0,2,4,0,5,6,11,2,6,4,5,18,23,61,39,1.66,1.45,0.90,1.47,2.03,47,57,35,19,3,19,60,35,63,12.06,7.51,2.15,3.08,3.56,1.36,2.10,3.75,7.00,1.80,1.91,Estádio de São Lúis (Faro)
1652029200,May 08 2022 - 5:00pm,complete,N/A,CD Trofense,Associação Académica de Coimbra OAF,João António Ferreira Gonçalves,33,1.25,0.38,1.35,0.35,2,1,3,0,0,0,"52,75","56",13,5,2,0,3,0,0,2,0,3,15,12,8,5,7,7,16,10,52,48,1.59,1.54,2.17,1.61,2.63,54,69,54,35,10,32,66,47,82,10.31,6.00,1.63,3.65,4.70,1.30,1.97,3.25,6.00,1.91,1.80,Estádio do Clube Desportivo Trofense (Trofa)
1652452200,May 13 2022 - 2:30pm,complete,N/A,Porto II,Benfica II,Manuel Antonio Rodrigues Oliveira,34,1.63,1.81,1.53,1.88,2,3,5,3,2,1,"9,39","26,53,58",8,4,6,0,3,0,0,6,0,3,18,8,6,7,12,1,16,9,50,50,1.75,1.44,1.98,1.30,3.07,66,79,63,35,13,35,76,50,85,9.00,6.00,2.22,3.30,2.67,1.20,1.60,2.38,4.33,1.53,2.43,Estádio Luís Filipe Menezes (Vila Nova de Gaia)
1652461200,May 13 2022 - 5:00pm,complete,N/A,Academico Viseu,FC Penafiel,João Pedro Silva Pinho,34,1.00,1.19,0.94,1.29,1,2,3,0,0,0,"54","61,72",3,6,1,1,2,0,1,1,1,1,12,13,6,5,6,8,16,15,54,46,1.39,1.24,1.58,1.51,2.26,44,69,41,22,3,28,66,35,78,9.07,6.94,2.40,3.21,2.51,1.25,1.80,2.75,5.00,1.69,2.11,Estádio Municipal de Aveiro (Aveiro)
1652522400,May 14 2022 - 10:00am,complete,N/A,Associação Académica de Coimbra OAF,Farense,Ricardo Baixinho,34,0.63,0.88,0.65,0.88,0,0,0,0,0,0,"","",4,4,2,0,2,0,1,1,1,1,9,11,5,7,4,4,13,14,50,50,1.76,1.51,1.40,1.63,2.78,66,82,63,29,10,38,75,44,79,10.94,6.50,3.15,3.40,2.04,1.25,1.74,2.75,5.00,1.70,2.10,Estádio EFAPEL (Coimbra)
1652538600,May 14 2022 - 2:30pm,complete,N/A,Vilafranquense,CD Trofense,N/A,34,1.31,0.88,1.24,1.00,2,4,6,1,0,1,"68,70","12,60,74,78",5,10,3,0,2,0,2,1,1,1,18,21,8,12,10,9,14,14,50,50,1.39,1.33,2.23,2.69,2.44,63,79,47,19,3,32,57,41,79,9.26,6.62,2.05,3.40,2.95,1.22,1.70,2.75,4.75,1.64,2.20,Estádio Municipal de Rio Maior (Rio Maior)
1652608800,May 15 2022 - 10:00am,complete,N/A,Rio Ave FC,GD Chaves,Luis Miguel Branco Godinho,34,2.31,1.50,2.35,1.41,3,0,3,1,1,0,"1,77,80","",2,8,0,0,0,0,0,0,0,0,11,12,6,5,5,7,16,19,47,53,1.68,1.71,1.39,1.67,2.50,63,75,50,22,3,32,78,44,75,10.81,6.31,2.05,3.30,3.30,1.25,1.85,2.75,5.00,1.71,2.08,Estádio do Rio Ave Futebol Clube (Vila do Conde)
1652608800,May 15 2022 - 10:00am,complete,N/A,Leixões,Casa Pia,Fábio José Costa Veríssimo,34,1.44,1.38,1.35,1.47,1,5,6,4,0,4,"61","9,12,16,39,90'3",10,7,3,1,2,0,1,3,1,1,15,12,6,11,9,1,13,6,50,50,1.69,1.59,1.74,1.77,2.19,51,69,38,13,6,25,66,35,72,12.94,5.19,4.40,3.90,1.62,1.29,1.80,3.00,5.50,1.83,1.93,Estádio do Mar (Matosinhos)
1652623200,May 15 2022 - 2:00pm,complete,N/A,CD Feirense,CD Nacional,N/A,34,1.69,1.06,1.76,1.00,4,1,5,2,2,0,"9,12,72,77","55",5,11,2,0,0,0,1,1,0,0,8,6,5,3,3,3,16,8,50,50,1.68,1.32,1.25,1.15,2.63,60,69,54,25,19,32,75,41,79,9.63,4.75,2.24,3.40,2.78,1.25,1.75,3.00,5.00,1.68,2.13,Estádio Marcolino de Castro (Santa Maria da Feira)
1652625000,May 15 2022 - 2:30pm,complete,N/A,Varzim,CD Mafra,Tiago Bruno Lopes Martins,34,1.19,1.38,1.29,1.29,2,0,2,1,1,0,"41,58","",7,2,4,0,2,1,1,3,1,2,12,12,5,5,7,7,14,17,41,59,1.76,1.64,1.50,1.44,2.28,41,72,38,25,0,31,60,41,75,12.31,6.44,1.71,3.60,4.21,1.29,1.90,3.00,6.00,1.85,1.85,Estádio Varzim Sport Club (Póvoa de Varzim)
1652625000,May 15 2022 - 2:30pm,complete,4036,Estrela Amadora,Sporting Covilhã,João Pedro Silva Pinheiro,34,1.13,0.75,1.06,0.88,0,1,1,0,0,0,"","49",4,4,0,0,0,0,0,0,0,0,8,7,0,5,8,2,16,12,53,47,1.69,1.24,1.05,1.26,2.57,47,72,44,29,7,35,63,47,69,10.01,5.94,3.01,3.30,2.15,1.30,1.90,3.25,5.50,1.82,1.94,Estádio José Gomes (Amadora)
