timestamp,date_GMT,status,attendance,home_team_name,away_team_name,referee,Game Week,Pre-Match PPG (Home),Pre-Match PPG (Away),home_ppg,away_ppg,home_team_goal_count,away_team_goal_count,total_goal_count,total_goals_at_half_time,home_team_goal_count_half_time,away_team_goal_count_half_time,home_team_goal_timings,away_team_goal_timings,home_team_corner_count,away_team_corner_count,home_team_yellow_cards,home_team_red_cards,away_team_yellow_cards,away_team_red_cards,home_team_first_half_cards,home_team_second_half_cards,away_team_first_half_cards,away_team_second_half_cards,home_team_shots,away_team_shots,home_team_shots_on_target,away_team_shots_on_target,home_team_shots_off_target,away_team_shots_off_target,home_team_fouls,away_team_fouls,home_team_possession,away_team_possession,Home Team Pre-Match xG,Away Team Pre-Match xG,team_a_xg,team_b_xg,average_goals_per_match_pre_match,btts_percentage_pre_match,over_15_percentage_pre_match,over_25_percentage_pre_match,over_35_percentage_pre_match,over_45_percentage_pre_match,over_15_HT_FHG_percentage_pre_match,over_05_HT_FHG_percentage_pre_match,over_15_2HG_percentage_pre_match,over_05_2HG_percentage_pre_match,average_corners_per_match_pre_match,average_cards_per_match_pre_match,odds_ft_home_team_win,odds_ft_draw,odds_ft_away_team_win,odds_ft_over15,odds_ft_over25,odds_ft_over35,odds_ft_over45,odds_btts_yes,odds_btts_no,stadium_name
1407579300,Aug 09 2014 - 10:15am,complete,N/A,SC Olhanense,Leixões,Marco Bruno dos Santos Ferreira,1,0.00,0.00,1.43,0.52,2,0,2,1,1,0,"11,84","",4,6,1,1,4,0,1,1,2,2,10,10,2,5,8,5,13,12,50,50,0.00,0.00,0.00,0.00,0.00,0,0,0,0,0,0,0,0,0,0.00,0.00,0.00,0.00,0.00,0.00,0.00,0.00,0.00,0.00,0.00,Estádio José Arcanjo (Olhão)
1407596400,Aug 09 2014 - 3:00pm,complete,N/A,CD Aves,Marítimo II,Bruno Alexandre da Silva Esteves,1,0.00,0.00,1.61,0.52,2,1,3,2,2,0,"29,34","52",3,6,3,1,5,0,1,3,3,2,5,6,2,3,3,3,13,13,50,50,0.00,0.00,0.00,0.00,0.00,0,0,0,0,0,0,0,0,0,0.00,0.00,0.00,0.00,0.00,0.00,0.00,0.00,0.00,0.00,0.00,Estádio Clube Desportivo das Aves (Vila das Aves)
1407600000,Aug 09 2014 - 4:00pm,complete,N/A,GD Chaves,Academico Viseu,Carlos Miguel Taborda Xistra,1,0.00,0.00,2.13,0.83,1,1,2,0,0,0,"87","90'2",2,11,4,0,3,1,0,4,2,2,10,7,2,5,8,2,20,17,50,50,0.00,0.00,0.00,0.00,0.00,0,0,0,0,0,0,0,0,0,0.00,0.00,0.00,0.00,0.00,0.00,0.00,0.00,0.00,0.00,0.00,Estádio Municipal Eng. Manuel Branco Teixeira (Chaves)
1407600000,Aug 09 2014 - 4:00pm,complete,N/A,CD Tondela,Sporting Braga II,Sérgio Filipe Grade Sousa Piscarreta,1,0.00,0.00,2.04,0.87,1,0,1,0,0,0,"88","",6,5,3,0,2,0,1,2,1,1,8,9,5,4,3,5,14,22,50,50,0.00,0.00,0.00,0.00,0.00,0,0,0,0,0,0,0,0,0,0.00,0.00,0.00,0.00,0.00,0.00,0.00,0.00,0.00,0.00,0.00,Estádio João Cardoso (Tondela)
1407600000,Aug 09 2014 - 4:00pm,complete,N/A,Freamunde,Atlético CP,Iancu Ioan Vasilica,1,0.00,0.00,1.57,0.70,1,0,1,0,0,0,"60","",-1,-1,3,0,3,0,1,2,2,1,-1,-1,-1,-1,-1,-1,-1,-1,-1,-1,0.00,0.00,0.00,0.00,0.00,0,0,0,0,0,0,0,0,0,0.00,0.00,0.00,0.00,0.00,0.00,0.00,0.00,0.00,0.00,0.00,Complexo Desportivo do SC Freamunde (Freamunde)
1407600000,Aug 09 2014 - 4:00pm,complete,N/A,Vitória Guimarães II,CD Feirense,Ricardo Baixinho,1,0.00,0.00,1.87,1.35,3,0,3,2,2,0,"19,32,81","",6,6,2,0,6,0,2,0,2,4,7,10,4,6,3,4,14,13,50,50,0.00,0.00,0.00,0.00,0.00,0,0,0,0,0,0,0,0,0,0.00,0.00,0.00,0.00,0.00,0.00,0.00,0.00,0.00,0.00,0.00,Estádio Dom Afonso Henriques (Guimarães)
1407600000,Aug 09 2014 - 4:00pm,complete,N/A,Santa Clara,Clube Oriental de Lisboa,Cosme Cunha Machado,1,0.00,0.00,1.39,0.78,1,1,2,1,0,1,"73","14",5,7,1,1,5,0,1,1,2,3,6,7,4,3,2,4,23,18,50,50,0.00,0.00,0.00,0.00,0.00,0,0,0,0,0,0,0,0,0,0.00,0.00,0.00,0.00,0.00,0.00,0.00,0.00,0.00,0.00,0.00,Estádio de São Miguel (Ponta Delgada- Ilha de São Miguel- Açores)
1407600000,Aug 09 2014 - 4:00pm,complete,N/A,Portimonense,Sporting Covilhã,Hugo Filipe Ferreira de Campos Moreira Miguel,1,0.00,0.00,1.39,0.96,1,1,2,0,0,0,"60","84",7,8,1,0,0,0,0,1,0,0,10,13,6,5,4,8,8,14,50,50,0.00,0.00,0.00,0.00,0.00,0,0,0,0,0,0,0,0,0,0.00,0.00,0.00,0.00,0.00,0.00,0.00,0.00,0.00,0.00,0.00,Estádio Municipal de Portimão (Portimão)
1407600000,Aug 09 2014 - 4:00pm,complete,N/A,Benfica II,CD Trofense,Jorge Joaquim Martins de Barros Tavares,1,0.00,0.00,1.91,0.52,3,2,5,4,3,1,"24,30,35","15,46",9,8,1,0,3,1,0,1,2,2,8,7,4,4,4,3,13,12,50,50,0.00,0.00,0.00,0.00,0.00,0,0,0,0,0,0,0,0,0,0.00,0.00,0.00,0.00,0.00,0.00,0.00,0.00,0.00,0.00,0.00,Caixa Futebol Campus (Seixal)
1407690000,Aug 10 2014 - 5:00pm,complete,N/A,Porto II,UD Oliveirense,Nuno Miguel Serrano Almeida,1,0.00,0.00,1.78,0.83,1,3,4,1,0,1,"59","20,50,55",12,9,1,0,3,0,1,0,0,3,12,6,6,2,6,4,7,16,56,44,0.00,0.00,0.00,0.00,0.00,0,0,0,0,0,0,0,0,0,0.00,0.00,0.00,0.00,0.00,0.00,0.00,0.00,0.00,0.00,0.00,Estádio Dr. Jorge Sampaio (Pedroso- Vila Nova de Gaia)
1407693600,Aug 10 2014 - 6:00pm,complete,N/A,Farense,Sporting CP II,Fábio José Costa Veríssimo,1,0.00,0.00,1.74,1.52,1,0,1,1,1,0,"24","",4,6,3,0,2,0,0,3,1,1,6,10,0,6,6,4,23,17,50,50,0.00,0.00,0.00,0.00,0.00,0,0,0,0,0,0,0,0,0,0.00,0.00,0.00,0.00,0.00,0.00,0.00,0.00,0.00,0.00,0.00,Estádio de São Lúis (Faro)
1407855600,Aug 12 2014 - 3:00pm,complete,N/A,SC Beira-Mar,CF União,Tiago Antunes,1,0.00,0.00,1.39,1.87,1,2,3,0,0,0,"53","51,62",7,7,3,0,4,0,1,2,1,3,10,12,5,3,5,9,20,20,50,50,0.00,0.00,0.00,0.00,0.00,0,0,0,0,0,0,0,0,0,0.00,0.00,0.00,0.00,0.00,0.00,0.00,0.00,0.00,0.00,0.00,Estádio Municipal de Aveiro (Aveiro)
1408208400,Aug 16 2014 - 5:00pm,complete,N/A,Sporting Covilhã,Porto II,André Filipe Domingues Narciso,2,0.00,0.00,2.52,0.87,2,1,3,3,2,1,"3,45'2","14",4,10,2,0,4,1,2,0,3,2,8,11,5,8,3,3,13,12,50,50,0.00,0.00,0.00,0.00,0.00,0,0,0,0,0,0,0,0,0,0.00,0.00,0.00,0.00,0.00,0.00,0.00,0.00,0.00,0.00,0.00,Complexo Desportivo da Covilhã (Covilhã)
1408208400,Aug 16 2014 - 5:00pm,complete,N/A,Sporting Braga II,CD Aves,Olegário Faustino Manuel Benquerença Bartolo,2,0.00,0.00,1.48,0.70,2,0,2,1,1,0,"25,87","",10,5,1,0,1,1,0,1,0,2,12,6,4,3,8,3,19,14,50,50,0.00,0.00,0.00,0.00,0.00,0,0,0,0,0,0,0,0,0,0.00,0.00,0.00,0.00,0.00,0.00,0.00,0.00,0.00,0.00,0.00,Estádio 1º de Maio (Braga)
1408270500,Aug 17 2014 - 10:15am,complete,N/A,CD Feirense,SC Olhanense,Bruno Alexandre da Silva Esteves,2,0.00,0.00,1.91,0.96,2,2,4,2,1,1,"39,82","30,52",7,4,2,0,4,1,1,1,2,3,12,13,5,4,7,9,21,10,50,50,0.00,0.00,0.00,0.00,0.00,0,0,0,0,0,0,0,0,0,0.00,0.00,0.00,0.00,0.00,0.00,0.00,0.00,0.00,0.00,0.00,Estádio Marcolino de Castro (Santa Maria da Feira)
1408287600,Aug 17 2014 - 3:00pm,complete,N/A,Clube Oriental de Lisboa,SC Beira-Mar,Luis Miguel Branco Godinho,2,0.00,0.00,1.74,1.22,1,0,1,0,0,0,"72","",8,2,1,0,2,1,1,0,2,1,11,9,9,4,2,5,25,23,50,50,0.00,0.00,0.00,0.00,0.00,0,0,0,0,0,0,0,0,0,0.00,0.00,0.00,0.00,0.00,0.00,0.00,0.00,0.00,0.00,0.00,Campo Engenheiro Carlos Salema (Lisboa)
1408287600,Aug 17 2014 - 3:00pm,complete,N/A,CF União,Farense,Jorge Joaquim Martins de Barros Tavares,2,0.00,0.00,1.61,0.96,3,0,3,1,1,0,"30,54,62","",4,8,2,0,2,0,1,1,0,2,7,6,3,5,4,1,18,18,50,50,0.00,0.00,0.00,0.00,0.00,0,0,0,0,0,0,0,0,0,0.00,0.00,0.00,0.00,0.00,0.00,0.00,0.00,0.00,0.00,0.00,Estádio Municipal de Machico (Machico (Madeira))
1408287600,Aug 17 2014 - 3:00pm,complete,N/A,Leixões,Benfica II,Manuel Mota,2,0.00,0.00,1.65,1.43,2,1,3,1,1,0,"34,53","63",1,9,2,0,3,1,0,2,1,3,9,12,3,3,6,9,12,13,50,50,0.00,0.00,0.00,0.00,0.00,0,0,0,0,0,0,0,0,0,0.00,0.00,0.00,0.00,0.00,0.00,0.00,0.00,0.00,0.00,0.00,Estádio do Mar (Matosinhos)
1408291200,Aug 17 2014 - 4:00pm,complete,N/A,Atlético CP,GD Chaves,João Pedro Silva Pinheiro,2,0.00,0.00,1.35,1.35,2,2,4,2,1,1,"26,46","19,64",7,4,2,0,0,0,1,1,0,0,8,9,4,2,4,7,21,16,50,50,0.00,0.00,0.00,0.00,0.00,0,0,0,0,0,0,0,0,0,0.00,0.00,0.00,0.00,0.00,0.00,0.00,0.00,0.00,0.00,0.00,Estádio Da Tapadinha (Lisboa)
1408291200,Aug 17 2014 - 4:00pm,complete,N/A,Marítimo II,Portimonense,André Manuel Alves Moreira,2,0.00,0.00,1.26,1.22,1,0,1,0,0,0,"49","",-1,-1,4,0,1,0,0,4,0,1,-1,-1,-1,-1,-1,-1,-1,-1,-1,-1,0.00,0.00,0.00,0.00,0.00,0,0,0,0,0,0,0,0,0,0.00,0.00,0.00,0.00,0.00,0.00,0.00,0.00,0.00,0.00,0.00,Campo da Imaculada Conceição (Funchal (Ilha da Madeira))
1408291200,Aug 17 2014 - 4:00pm,complete,N/A,UD Oliveirense,Vitória Guimarães II,Tiago Bruno Lopes Martins,2,0.00,0.00,1.57,0.96,1,0,1,0,0,0,"72","",1,9,2,0,2,0,0,2,0,2,7,14,4,2,3,12,11,11,43,57,0.00,0.00,0.00,0.00,0.00,0,0,0,0,0,0,0,0,0,0.00,0.00,0.00,0.00,0.00,0.00,0.00,0.00,0.00,0.00,0.00,Estádio Carlos Osório (Oliveira de Azeméis)
1408291200,Aug 17 2014 - 4:00pm,complete,N/A,Sporting CP II,Santa Clara,Hugo Filipe Ferreira de Campos Moreira Miguel,2,0.00,0.00,1.87,0.83,3,1,4,2,1,1,"18,86,90'3","38",-1,-1,2,0,4,0,0,2,1,3,-1,-1,-1,-1,-1,-1,-1,-1,-1,-1,0.00,0.00,0.00,0.00,0.00,0,0,0,0,0,0,0,0,0,0.00,0.00,0.00,0.00,0.00,0.00,0.00,0.00,0.00,0.00,0.00,CGD Stadium Aurélio Pereira (Alcochete)
1408291200,Aug 17 2014 - 4:00pm,complete,N/A,Academico Viseu,Freamunde,Pedro Proença Oliveira Alves Garcia,2,0.00,0.00,1.87,1.52,1,2,3,1,1,0,"42","48,67",5,5,3,1,4,0,1,3,1,3,13,8,5,3,8,5,14,13,50,50,0.00,0.00,0.00,0.00,0.00,0,0,0,0,0,0,0,0,0,0.00,0.00,0.00,0.00,0.00,0.00,0.00,0.00,0.00,0.00,0.00,Estádio Municipal do Fontelo (Viseu)
1408296600,Aug 17 2014 - 5:30pm,complete,N/A,CD Trofense,CD Tondela,Bruno Miguel Duarte Paixão,2,0.00,0.00,1.04,1.48,2,2,4,4,2,2,"5,25","39,45'3",7,5,2,1,1,1,1,2,0,2,4,9,3,6,1,3,19,12,50,50,0.00,0.00,0.00,0.00,0.00,0,0,0,0,0,0,0,0,0,0.00,0.00,0.00,0.00,0.00,0.00,0.00,0.00,0.00,0.00,0.00,Estádio do Clube Desportivo Trofense (Trofa)
1408802400,Aug 23 2014 - 2:00pm,complete,N/A,Porto II,CF União,João Carlos Santos Capela,3,0.00,3.00,1.78,1.87,1,1,2,1,0,1,"55","45",5,5,2,0,3,0,0,2,0,3,15,8,9,6,6,2,15,10,50,50,0.00,0.00,0.00,0.00,3.50,100,100,100,50,0,0,50,100,100,19.00,5.00,0.00,0.00,0.00,0.00,0.00,0.00,0.00,0.00,0.00,Estádio Dr. Jorge Sampaio (Pedroso- Vila Nova de Gaia)
1408809600,Aug 23 2014 - 4:00pm,complete,N/A,Benfica II,Academico Viseu,Tiago Bruno Lopes Martins,3,3.00,1.00,1.91,0.83,4,0,4,3,3,0,"12,17,25,77","",5,1,4,0,2,1,2,2,1,2,14,8,6,3,8,5,15,14,50,50,0.00,0.00,0.00,0.00,3.50,100,100,50,50,50,50,50,50,100,20.00,5.00,0.00,0.00,0.00,0.00,0.00,0.00,0.00,0.00,0.00,Caixa Futebol Campus (Seixal)
1408809600,Aug 23 2014 - 4:00pm,complete,N/A,CD Tondela,Atlético CP,Artur Manuel Ribeiro Soares Dias,3,3.00,0.00,2.04,0.70,1,1,2,1,1,0,"3","76",2,2,1,0,3,0,0,1,3,0,8,6,4,2,4,4,17,13,50,50,0.00,0.00,0.00,0.00,1.00,0,0,0,0,0,0,0,0,100,6.00,6.00,0.00,0.00,0.00,0.00,0.00,0.00,0.00,0.00,0.00,Estádio João Cardoso (Tondela)
1408874400,Aug 24 2014 - 10:00am,complete,N/A,Farense,Santa Clara,Iancu Ioan Vasilica,3,3.00,0.00,1.74,0.83,0,1,1,1,0,1,"","21",6,1,1,1,2,0,1,1,0,2,11,3,6,0,5,3,15,20,50,50,0.00,0.00,0.00,0.00,2.50,50,50,50,50,0,50,100,50,50,4.00,7.00,0.00,0.00,0.00,0.00,0.00,0.00,0.00,0.00,0.00,Estádio de São Lúis (Faro)
1408892400,Aug 24 2014 - 3:00pm,complete,N/A,CD Aves,CD Feirense,Sérgio Filipe Grade Sousa Piscarreta,3,3.00,0.00,1.61,1.35,2,1,3,2,1,1,"42,90'2","45",5,3,2,0,3,1,0,2,1,3,15,7,9,5,6,2,18,11,50,50,0.00,0.00,0.00,0.00,3.00,50,100,100,0,0,100,100,0,100,9.00,11.00,0.00,0.00,0.00,0.00,0.00,0.00,0.00,0.00,0.00,Estádio Clube Desportivo das Aves (Vila das Aves)
1408892400,Aug 24 2014 - 3:00pm,complete,N/A,SC Olhanense,Sporting CP II,Pedro Vilaça,3,3.00,0.00,1.43,1.52,0,1,1,0,0,0,"","51",-1,-1,4,1,3,1,2,3,2,2,-1,-1,-1,-1,-1,-1,-1,-1,-1,-1,0.00,0.00,0.00,0.00,1.50,0,50,0,0,0,0,100,0,50,10.00,4.00,0.00,0.00,0.00,0.00,0.00,0.00,0.00,0.00,0.00,Estádio José Arcanjo (Olhão)
1408896000,Aug 24 2014 - 4:00pm,complete,N/A,CD Trofense,UD Oliveirense,Ricardo Baixinho,3,1.00,3.00,1.04,0.83,0,1,1,1,0,1,"","40",4,2,3,2,6,2,2,3,2,6,8,9,5,5,3,4,18,23,55,45,0.00,0.00,0.00,0.00,4.00,100,100,100,100,0,50,100,50,50,16.00,6.00,0.00,0.00,0.00,0.00,0.00,0.00,0.00,0.00,0.00,Estádio do Clube Desportivo Trofense (Trofa)
1408896000,Aug 24 2014 - 4:00pm,complete,N/A,Freamunde,Marítimo II,Rui Filipe Cunha Folha Oliveira,3,3.00,0.00,1.57,0.52,0,1,1,0,0,0,"","82",2,6,3,0,4,0,1,2,1,3,10,2,5,0,5,2,17,13,50,50,0.00,0.00,0.00,0.00,2.00,50,50,50,0,0,50,50,0,100,6.00,8.00,0.00,0.00,0.00,0.00,0.00,0.00,0.00,0.00,0.00,Complexo Desportivo do SC Freamunde (Freamunde)
1408896000,Aug 24 2014 - 4:00pm,complete,N/A,GD Chaves,Sporting Braga II,Fábio José Costa Veríssimo,3,1.00,0.00,2.13,0.87,2,1,3,2,1,1,"15,84","8",6,4,3,0,4,0,1,2,1,3,9,6,6,5,3,1,21,20,50,50,0.00,0.00,0.00,0.00,1.50,50,50,0,0,0,0,0,50,100,7.00,6.00,0.00,0.00,0.00,0.00,0.00,0.00,0.00,0.00,0.00,Estádio Municipal Eng. Manuel Branco Teixeira (Chaves)
1408896000,Aug 24 2014 - 4:00pm,complete,N/A,Portimonense,Clube Oriental de Lisboa,Paulo Baptista,3,1.00,1.00,1.39,0.78,0,0,0,0,0,0,"","",3,3,1,0,1,0,0,1,1,0,21,8,9,4,12,4,13,17,50,50,0.00,0.00,0.00,0.00,2.00,100,100,0,0,0,0,50,50,100,14.00,6.00,0.00,0.00,0.00,0.00,0.00,0.00,0.00,0.00,0.00,Estádio Municipal de Portimão (Portimão)
1409151600,Aug 27 2014 - 3:00pm,complete,N/A,Sporting Covilhã,SC Olhanense,André Manuel Alves Moreira,4,3.00,1.00,2.52,0.96,3,3,6,1,1,0,"3,51,79","53,71,74",2,0,2,0,3,0,2,0,1,2,9,11,7,5,2,6,17,14,50,50,0.00,0.00,0.00,0.00,3.50,100,100,100,50,0,100,100,50,50,8.00,7.00,0.00,0.00,0.00,0.00,0.00,0.00,0.00,0.00,0.00,Estádio Municipal José Santos Pinto (Covilhã)
1409151600,Aug 27 2014 - 3:00pm,complete,N/A,Sporting CP II,CD Aves,João Pedro Silva Pinheiro,4,3.00,0.00,1.87,0.70,3,0,3,1,1,0,"30,63,84","",-1,-1,3,0,1,0,1,2,0,1,-1,-1,-1,-1,-1,-1,-1,-1,-1,-1,0.00,0.00,0.00,0.00,3.00,50,100,50,50,0,50,100,50,100,5.00,5.00,0.00,0.00,0.00,0.00,0.00,0.00,0.00,0.00,0.00,CGD Stadium Aurélio Pereira (Alcochete)
1409151600,Aug 27 2014 - 3:00pm,complete,N/A,CD Feirense,Porto II,Cosme Cunha Machado,4,1.00,0.00,1.91,0.87,1,2,3,1,0,1,"81","41,61",11,8,5,1,6,0,4,2,2,4,12,11,3,7,9,4,17,17,50,50,0.00,0.00,0.00,0.00,3.50,100,100,100,50,0,100,100,50,50,17.00,8.00,0.00,0.00,0.00,0.00,0.00,0.00,0.00,0.00,0.00,Estádio Marcolino de Castro (Santa Maria da Feira)
1409155200,Aug 27 2014 - 4:00pm,complete,N/A,Atlético CP,Vitória Guimarães II,Marco Bruno dos Santos Ferreira,4,1.00,0.00,1.35,0.96,2,0,2,1,1,0,"30,62","",7,7,1,0,3,0,1,0,1,2,7,8,4,5,3,3,10,12,50,50,0.00,0.00,0.00,0.00,2.50,50,50,50,50,0,50,50,50,100,16.00,4.00,0.00,0.00,0.00,0.00,0.00,0.00,0.00,0.00,0.00,Estádio Da Tapadinha (Lisboa)
1409155200,Aug 27 2014 - 4:00pm,complete,N/A,Marítimo II,GD Chaves,André Filipe Domingues Narciso,4,3.00,1.00,1.26,1.35,1,1,2,1,1,0,"14","90'5",6,9,3,0,6,0,1,2,0,6,4,8,4,3,0,5,23,21,50,50,0.00,0.00,0.00,0.00,2.50,50,50,50,50,0,50,50,50,100,4.00,4.00,0.00,0.00,0.00,0.00,0.00,0.00,0.00,0.00,0.00,Campo da Imaculada Conceição (Funchal (Ilha da Madeira))
1409155200,Aug 27 2014 - 4:00pm,complete,N/A,UD Oliveirense,Benfica II,Paulo Baptista,4,3.00,0.00,1.57,1.43,0,1,1,1,0,1,"","13",7,5,5,0,4,1,1,4,1,4,17,10,6,4,11,6,25,16,51,49,0.00,0.00,0.00,0.00,2.00,50,50,50,0,0,0,50,50,100,10.00,7.00,0.00,0.00,0.00,0.00,0.00,0.00,0.00,0.00,0.00,Estádio Carlos Osório (Oliveira de Azeméis)
1409155200,Aug 27 2014 - 4:00pm,complete,N/A,Clube Oriental de Lisboa,Farense,Luís Miguel Rodrigues Ferreira,4,3.00,0.00,1.74,0.96,0,1,1,0,0,0,"","85",3,2,2,0,5,0,1,1,1,4,6,8,3,5,3,3,19,20,50,50,0.00,0.00,0.00,0.00,2.00,0,50,50,0,0,0,50,50,100,16.00,3.00,0.00,0.00,0.00,0.00,0.00,0.00,0.00,0.00,0.00,Campo Engenheiro Carlos Salema (Lisboa)
1409155200,Aug 27 2014 - 4:00pm,complete,N/A,Leixões,CD Tondela,Luis Miguel Branco Godinho,4,3.00,1.00,1.65,1.48,1,1,2,0,0,0,"58","49",2,6,3,0,3,0,2,1,2,1,8,18,2,7,6,11,21,16,50,50,0.00,0.00,0.00,0.00,3.50,100,100,100,50,0,50,100,50,50,6.00,5.00,0.00,0.00,0.00,0.00,0.00,0.00,0.00,0.00,0.00,Estádio do Mar (Matosinhos)
1409155200,Aug 27 2014 - 4:00pm,complete,N/A,Santa Clara,SC Beira-Mar,Tiago Bruno Lopes Martins,4,1.00,0.00,1.39,1.22,2,2,4,1,1,0,"42,90'7","54,66",-1,-1,3,0,8,2,2,1,0,10,-1,-1,-1,-1,-1,-1,-1,-1,-1,-1,0.00,0.00,0.00,0.00,1.50,50,50,0,0,0,0,50,0,100,7.00,6.00,0.00,0.00,0.00,0.00,0.00,0.00,0.00,0.00,0.00,Estádio de São Miguel (Ponta Delgada- Ilha de São Miguel- Açores)
1409418000,Aug 30 2014 - 5:00pm,complete,N/A,Benfica II,Sporting Covilhã,Vasco Santos,5,3.00,1.00,1.91,0.96,3,1,4,3,2,1,"6,44,89","36",9,9,2,1,2,1,1,2,0,3,12,13,5,7,7,6,12,19,50,50,0.00,0.00,0.00,0.00,3.25,75,100,50,50,25,50,50,50,100,15.00,2.50,0.00,0.00,0.00,0.00,0.00,0.00,0.00,0.00,0.00,Caixa Futebol Campus (Seixal)
1409479200,Aug 31 2014 - 10:00am,complete,N/A,Porto II,Santa Clara,Pedro Vilaça,5,0.50,1.50,1.78,0.83,0,1,1,0,0,0,"","90'3",4,2,3,0,4,0,1,2,1,3,10,5,6,3,4,2,19,18,50,50,0.00,0.00,0.00,0.00,2.75,75,75,50,50,0,25,100,50,75,9.50,4.50,0.00,0.00,0.00,0.00,0.00,0.00,0.00,0.00,0.00,Estádio Dr. Jorge Sampaio (Pedroso- Vila Nova de Gaia)
1409493600,Aug 31 2014 - 2:00pm,complete,N/A,SC Olhanense,Marítimo II,Ricardo Baixinho,5,1.50,1.50,1.43,0.52,3,0,3,1,1,0,"31,52,79","",3,6,4,0,1,0,2,2,1,0,8,5,2,4,6,1,24,10,50,50,0.00,0.00,0.00,0.00,1.75,25,50,25,0,0,25,50,0,100,10.00,8.00,0.00,0.00,0.00,0.00,0.00,0.00,0.00,0.00,0.00,Estádio José Arcanjo (Olhão)
1409495400,Aug 31 2014 - 2:30pm,complete,N/A,SC Beira-Mar,Sporting CP II,Rui Filipe Cunha Folha Oliveira,5,0.00,1.50,1.39,1.52,2,1,3,1,0,1,"85,90'3","19",4,1,1,0,3,1,1,0,0,4,12,11,0,0,12,11,8,15,50,50,0.00,0.00,0.00,0.00,2.00,50,50,50,0,0,0,25,50,75,13.00,6.50,0.00,0.00,0.00,0.00,0.00,0.00,0.00,0.00,0.00,Estádio Municipal de Aveiro (Aveiro)
1409497200,Aug 31 2014 - 3:00pm,complete,N/A,CD Aves,CF União,Cosme Cunha Machado,5,3.00,2.00,1.61,1.87,1,1,2,1,1,0,"41","90'5",4,6,4,0,3,0,0,4,3,0,9,12,6,4,3,8,11,15,50,50,0.00,0.00,0.00,0.00,2.75,100,100,75,0,0,50,75,25,100,10.00,7.00,0.00,0.00,0.00,0.00,0.00,0.00,0.00,0.00,0.00,Estádio Clube Desportivo das Aves (Vila das Aves)
1409497200,Aug 31 2014 - 3:00pm,complete,N/A,Portimonense,CD Feirense,Olegário Faustino Manuel Benquerença Bartolo,5,1.00,0.00,1.39,1.35,3,2,5,1,0,1,"52,77,90'4","24,50",-1,-1,3,0,4,0,1,2,3,1,-1,-1,-1,-1,-1,-1,-1,-1,-1,-1,0.00,0.00,0.00,0.00,2.00,50,75,50,0,0,50,50,25,75,9.50,6.00,0.00,0.00,0.00,0.00,0.00,0.00,0.00,0.00,0.00,Estádio Municipal de Portimão (Portimão)
1409500800,Aug 31 2014 - 4:00pm,complete,N/A,Farense,Sporting Braga II,Luis Miguel Branco Godinho,5,1.50,0.00,1.74,0.87,1,1,2,1,1,0,"1","65",4,7,3,0,4,0,2,1,1,3,7,9,3,5,4,4,26,15,50,50,0.00,0.00,0.00,0.00,1.50,25,25,25,0,0,25,75,0,50,9.50,6.00,0.00,0.00,0.00,0.00,0.00,0.00,0.00,0.00,0.00,Estádio de São Lúis (Faro)
1409500800,Aug 31 2014 - 4:00pm,complete,N/A,GD Chaves,Leixões,Bruno Miguel Duarte Paixão,5,2.00,0.00,2.13,0.52,1,0,1,0,0,0,"88","",-1,-1,1,1,3,0,0,2,2,1,-1,-1,-1,-1,-1,-1,-1,-1,-1,-1,0.00,0.00,0.00,0.00,2.25,50,100,25,0,0,25,75,25,100,10.00,7.50,0.00,0.00,0.00,0.00,0.00,0.00,0.00,0.00,0.00,Estádio Municipal Eng. Manuel Branco Teixeira (Chaves)
1409500800,Aug 31 2014 - 4:00pm,complete,N/A,Vitória Guimarães II,Clube Oriental de Lisboa,N/A,5,3.00,1.00,1.87,0.78,2,2,4,2,1,1,"15,90'3","27,84",-1,-1,2,0,4,0,0,2,2,2,-1,-1,-1,-1,-1,-1,-1,-1,-1,-1,0.00,0.00,0.00,0.00,2.00,25,75,50,0,0,50,75,0,75,11.00,5.00,0.00,0.00,0.00,0.00,0.00,0.00,0.00,0.00,0.00,Estádio Dom Afonso Henriques (Guimarães)
1409500800,Aug 31 2014 - 4:00pm,complete,N/A,CD Trofense,Atlético CP,Nuno Miguel Serrano Almeida,5,0.50,0.50,1.04,0.70,2,0,2,0,0,0,"52,90'2","",-1,-1,3,0,4,0,0,3,3,1,-1,-1,-1,-1,-1,-1,-1,-1,-1,-1,0.00,0.00,0.00,0.00,2.00,50,50,25,25,0,25,75,0,50,7.50,7.00,0.00,0.00,0.00,0.00,0.00,0.00,0.00,0.00,0.00,Estádio do Clube Desportivo Trofense (Trofa)
1409500800,Aug 31 2014 - 4:00pm,complete,N/A,Freamunde,UD Oliveirense,Carlos Miguel Taborda Xistra,5,1.50,3.00,1.57,0.83,3,0,3,1,1,0,"21,58,86","",12,5,2,0,1,0,1,1,1,0,14,4,7,2,7,2,13,12,44,56,0.00,0.00,0.00,0.00,1.75,25,25,25,25,0,0,50,25,75,7.50,8.50,0.00,0.00,0.00,0.00,0.00,0.00,0.00,0.00,0.00,Complexo Desportivo do SC Freamunde (Freamunde)
1409500800,Aug 31 2014 - 4:00pm,complete,N/A,CD Tondela,Academico Viseu,André Filipe Domingues Narciso,5,2.00,0.50,2.04,0.83,1,1,2,0,0,0,"88","61",4,3,5,0,5,1,3,2,3,3,18,6,6,5,12,1,11,19,50,50,0.00,0.00,0.00,0.00,2.25,50,75,25,25,0,25,50,25,100,10.00,6.00,0.00,0.00,0.00,0.00,0.00,0.00,0.00,0.00,0.00,Estádio João Cardoso (Tondela)
1410019200,Sep 06 2014 - 4:00pm,complete,N/A,Sporting Braga II,Freamunde,Vasco Santos,4,3.00,3.00,1.48,1.52,0,3,3,3,0,3,"","11,28,33",1,7,3,0,3,0,2,1,0,3,13,7,5,3,8,4,10,17,50,50,0.00,0.00,0.00,0.00,2.50,50,100,50,0,0,0,100,50,100,15.00,5.00,0.00,0.00,0.00,0.00,0.00,0.00,0.00,0.00,0.00,Estádio 1º de Maio (Braga)
1410102000,Sep 07 2014 - 3:00pm,complete,N/A,CD Tondela,CD Feirense,Iancu Ioan Vasilica,7,1.67,0.00,2.04,1.35,1,0,1,1,1,0,"19","",-1,-1,4,1,3,1,1,4,1,3,-1,-1,-1,-1,-1,-1,-1,-1,-1,-1,0.00,0.00,0.00,0.00,2.67,67,84,50,17,17,34,67,33,100,8.50,7.67,0.00,0.00,0.00,0.00,0.00,0.00,0.00,0.00,0.00,Estádio João Cardoso (Tondela)
1410105600,Sep 07 2014 - 4:00pm,complete,N/A,Vitória Guimarães II,Leixões,Bruno Alexandre da Silva Esteves,3,2.00,0.00,1.87,0.52,3,3,6,2,0,2,"51,67,72","33,38,69",11,3,2,1,7,0,1,2,1,6,16,7,6,4,10,3,17,10,50,50,0.00,0.00,0.00,0.00,2.50,25,75,50,25,0,50,75,25,100,12.00,5.50,0.00,0.00,0.00,0.00,0.00,0.00,0.00,0.00,0.00,Estádio Dom Afonso Henriques (Guimarães)
1410105600,Sep 07 2014 - 4:00pm,complete,N/A,Academico Viseu,CD Trofense,Fábio José Costa Veríssimo,4,0.00,0.00,1.87,0.52,2,0,2,1,1,0,"8,52","",4,3,5,0,5,0,0,5,3,2,8,9,6,4,2,5,24,22,50,50,0.00,0.00,0.00,0.00,4.00,100,100,100,50,50,50,100,50,100,13.00,10.00,0.00,0.00,0.00,0.00,0.00,0.00,0.00,0.00,0.00,Estádio Municipal do Fontelo (Viseu)
1410188400,Sep 08 2014 - 3:00pm,complete,N/A,CF União,Portimonense,Tiago Antunes,4,3.00,0.00,1.61,1.22,0,1,1,0,0,0,"","66",1,9,4,2,6,1,1,5,2,5,5,12,2,4,3,8,32,19,50,50,0.00,0.00,0.00,0.00,2.00,0,50,50,0,0,0,50,50,100,4.00,3.00,0.00,0.00,0.00,0.00,0.00,0.00,0.00,0.00,0.00,Estádio Municipal de Machico (Machico (Madeira))
1410287400,Sep 09 2014 - 6:30pm,complete,N/A,SC Beira-Mar,Sporting Covilhã,João Carlos Santos Capela,3,1.50,0.50,1.39,0.96,1,1,2,0,0,0,"65","74",7,4,3,0,3,0,1,2,0,3,13,13,7,4,6,9,12,16,50,50,0.00,0.00,0.00,0.00,3.00,100,100,75,25,0,25,50,75,100,14.00,3.50,0.00,0.00,0.00,0.00,0.00,0.00,0.00,0.00,0.00,Estádio Municipal de Aveiro (Aveiro)
1410534000,Sep 12 2014 - 3:00pm,complete,N/A,Atlético CP,Academico Viseu,Luis Miguel Branco Godinho,6,2.00,0.67,1.35,0.83,0,1,1,1,0,1,"","45'2",5,2,2,0,1,0,1,1,1,0,9,10,5,3,4,7,21,16,50,50,0.00,0.00,0.00,0.00,2.84,59,100,42,42,0,42,67,59,100,12.00,6.17,0.00,0.00,0.00,0.00,0.00,0.00,0.00,0.00,0.00,Estádio Da Tapadinha (Lisboa)
1410543000,Sep 12 2014 - 5:30pm,complete,N/A,Sporting Braga II,CD Trofense,André Filipe Domingues Narciso,6,1.50,0.00,1.48,0.52,1,2,3,0,0,0,"60","51,75",3,6,3,0,4,0,1,2,4,0,8,6,2,3,6,3,18,13,50,50,0.00,0.00,0.00,0.00,3.00,25,100,50,25,25,50,100,0,75,11.00,7.00,0.00,0.00,0.00,0.00,0.00,0.00,0.00,0.00,0.00,Estádio 1º de Maio (Braga)
1410616800,Sep 13 2014 - 2:00pm,complete,N/A,UD Oliveirense,CD Tondela,Fábio José Costa Veríssimo,6,1.50,1.00,1.57,1.48,1,0,1,0,0,0,"90'3","",5,5,4,0,5,0,2,2,1,4,8,13,2,7,6,6,18,13,51,49,0.00,0.00,0.00,0.00,2.00,50,50,25,25,0,25,50,25,50,9.50,6.50,0.00,0.00,0.00,0.00,0.00,0.00,0.00,0.00,0.00,Estádio Carlos Osório (Oliveira de Azeméis)
1410620400,Sep 13 2014 - 3:00pm,complete,N/A,Marítimo II,SC Beira-Mar,Vasco Santos,6,2.00,0.50,1.26,1.22,1,3,4,2,1,1,"38","8,74,80",4,3,4,1,4,0,3,2,1,3,7,7,6,4,1,3,17,17,50,50,0.00,0.00,0.00,0.00,2.00,50,50,25,25,0,0,50,25,100,8.00,10.00,0.00,0.00,0.00,0.00,0.00,0.00,0.00,0.00,0.00,Campo da Imaculada Conceição (Funchal (Ilha da Madeira))
1410620400,Sep 13 2014 - 3:00pm,complete,N/A,Leixões,CD Aves,Carlos Miguel Taborda Xistra,6,2.00,0.00,1.65,0.70,2,1,3,1,1,0,"12,83","90'3",3,4,4,1,5,0,1,4,1,4,5,11,0,6,5,5,17,18,50,50,0.00,0.00,0.00,0.00,2.50,50,100,50,0,0,0,75,75,100,6.50,4.50,0.00,0.00,0.00,0.00,0.00,0.00,0.00,0.00,0.00,Estádio do Mar (Matosinhos)
1410620400,Sep 13 2014 - 3:00pm,complete,N/A,Sporting CP II,Portimonense,João Filipe Malheiro Pinto,6,3.00,1.50,1.87,1.22,0,0,0,0,0,0,"","",8,6,2,1,2,0,0,3,1,1,10,13,0,8,10,5,19,6,50,50,0.00,0.00,0.00,0.00,2.25,25,50,50,25,0,25,50,50,100,9.00,6.50,0.00,0.00,0.00,0.00,0.00,0.00,0.00,0.00,0.00,CGD Stadium Aurélio Pereira (Alcochete)
1410620400,Sep 13 2014 - 3:00pm,complete,N/A,Clube Oriental de Lisboa,Benfica II,André Manuel Alves Moreira,6,1.50,1.50,1.74,1.43,0,0,0,0,0,0,"","",-1,-1,1,0,5,0,0,1,0,5,-1,-1,-1,-1,-1,-1,-1,-1,-1,-1,0.00,0.00,0.00,0.00,1.50,25,25,25,0,0,0,50,25,75,12.50,6.50,0.00,0.00,0.00,0.00,0.00,0.00,0.00,0.00,0.00,Campo Engenheiro Carlos Salema (Lisboa)
1410620400,Sep 13 2014 - 3:00pm,complete,N/A,CF União,Vitória Guimarães II,Sérgio Filipe Grade Sousa Piscarreta,6,1.50,0.00,1.61,0.96,1,0,1,1,1,0,"5","",7,1,5,0,1,0,1,4,0,1,19,16,11,5,8,11,20,17,50,50,0.00,0.00,0.00,0.00,1.75,0,50,25,0,0,0,50,25,100,10.50,6.50,0.00,0.00,0.00,0.00,0.00,0.00,0.00,0.00,0.00,Estádio Municipal de Machico (Machico (Madeira))
1410624000,Sep 13 2014 - 4:00pm,complete,N/A,Santa Clara,SC Olhanense,Luís Miguel Rodrigues Ferreira,6,1.00,1.00,1.39,0.96,0,0,0,0,0,0,"","",3,0,3,0,3,0,1,2,1,2,9,5,5,0,4,5,20,11,50,50,0.00,0.00,0.00,0.00,4.00,100,100,75,75,25,25,100,75,100,7.00,7.00,0.00,0.00,0.00,0.00,0.00,0.00,0.00,0.00,0.00,Estádio de São Miguel (Ponta Delgada- Ilha de São Miguel- Açores)
1410624000,Sep 13 2014 - 4:00pm,complete,N/A,CD Feirense,Freamunde,Artur Manuel Ribeiro Soares Dias,6,0.50,3.00,1.91,1.52,0,0,0,0,0,0,"","",4,3,3,1,3,1,1,3,1,3,7,8,3,3,4,5,19,16,50,50,0.00,0.00,0.00,0.00,3.25,75,100,100,25,0,50,100,75,75,15.00,8.00,0.00,0.00,0.00,0.00,0.00,0.00,0.00,0.00,0.00,Estádio Marcolino de Castro (Santa Maria da Feira)
1410631200,Sep 13 2014 - 6:00pm,complete,N/A,Farense,Porto II,Manuel Mota,6,1.33,1.50,1.74,0.87,1,0,1,0,0,0,"88","",5,3,3,0,0,1,0,3,1,0,12,8,5,4,7,4,17,9,50,50,0.00,0.00,0.00,0.00,2.17,67,67,50,0,0,25,100,25,42,13.67,9.00,0.00,0.00,0.00,0.00,0.00,0.00,0.00,0.00,0.00,Estádio de São Lúis (Faro)
1410689700,Sep 14 2014 - 10:15am,complete,N/A,Sporting Covilhã,GD Chaves,Miguel Hugo ,6,2.00,1.00,2.52,1.35,0,3,3,1,0,1,"","16,79,87",9,5,1,1,5,1,0,2,0,6,16,7,7,3,9,4,12,17,50,50,0.00,0.00,0.00,0.00,3.75,100,100,75,50,25,50,100,50,75,9.50,5.00,0.00,0.00,0.00,0.00,0.00,0.00,0.00,0.00,0.00,Estádio Municipal José Santos Pinto (Covilhã)
1410962400,Sep 17 2014 - 2:00pm,complete,N/A,Porto II,Clube Oriental de Lisboa,Manuel Antonio Rodrigues Oliveira,7,0.33,1.00,1.78,0.78,1,0,1,1,1,0,"11","",6,6,2,0,4,0,0,2,0,4,7,7,4,3,3,4,11,17,50,50,0.00,0.00,0.00,0.00,2.17,67,67,33,33,0,17,67,33,84,12.00,5.33,0.00,0.00,0.00,0.00,0.00,0.00,0.00,0.00,0.00,Estádio Dr. Jorge Sampaio (Pedroso- Vila Nova de Gaia)
1410962400,Sep 17 2014 - 2:00pm,complete,N/A,SC Olhanense,CF União,Rui Manuel Gomes Costa,7,2.00,1.67,1.43,1.87,0,1,1,0,0,0,"","90",7,3,1,0,4,0,0,1,1,3,8,9,4,4,4,5,17,16,50,50,0.00,0.00,0.00,0.00,2.17,50,84,33,0,0,0,67,33,100,9.50,7.00,0.00,0.00,0.00,0.00,0.00,0.00,0.00,0.00,0.00,Estádio José Arcanjo (Olhão)
1410966000,Sep 17 2014 - 3:00pm,complete,N/A,GD Chaves,Sporting CP II,Vasco Santos,7,2.33,1.00,2.13,1.52,3,2,5,3,2,1,"5,7,61","32,80",-1,-1,1,0,4,0,1,0,0,4,-1,-1,-1,-1,-1,-1,-1,-1,-1,-1,0.00,0.00,0.00,0.00,1.84,50,50,33,0,0,17,50,33,84,7.50,6.67,0.00,0.00,0.00,0.00,0.00,0.00,0.00,0.00,0.00,Estádio Municipal Eng. Manuel Branco Teixeira (Chaves)
1410966000,Sep 17 2014 - 3:00pm,complete,N/A,CD Trofense,Marítimo II,Luis Miguel Branco Godinho,7,1.33,1.00,1.04,0.52,0,1,1,1,0,1,"","4",7,4,1,0,4,0,0,1,2,2,14,7,8,3,6,4,14,19,50,50,0.00,0.00,0.00,0.00,2.33,33,67,50,17,0,33,67,33,67,11.50,7.00,0.00,0.00,0.00,0.00,0.00,0.00,0.00,0.00,0.00,Estádio do Clube Desportivo Trofense (Trofa)
1410966000,Sep 17 2014 - 3:00pm,complete,N/A,Academico Viseu,Sporting Braga II,Rui Filipe Cunha Folha Oliveira,7,1.50,0.33,1.87,0.87,1,1,2,2,1,1,"44","24",8,4,4,1,6,0,1,4,3,3,17,7,5,3,12,4,21,25,50,50,0.00,0.00,0.00,0.00,2.25,59,84,42,0,0,17,84,25,100,9.83,8.33,0.00,0.00,0.00,0.00,0.00,0.00,0.00,0.00,0.00,Estádio Municipal do Fontelo (Viseu)
1410966000,Sep 17 2014 - 3:00pm,complete,N/A,CD Aves,UD Oliveirense,Manuel Mota,7,2.33,2.00,1.61,0.83,0,0,0,0,0,0,"","",4,2,5,0,5,0,4,1,2,3,17,8,5,5,12,3,6,12,59,41,0.00,0.00,0.00,0.00,2.67,67,84,67,17,0,34,100,34,84,9.33,7.67,0.00,0.00,0.00,0.00,0.00,0.00,0.00,0.00,0.00,Estádio Clube Desportivo das Aves (Vila das Aves)
1410969600,Sep 17 2014 - 4:00pm,complete,N/A,SC Beira-Mar,Farense,Pedro Vilaça,7,1.33,1.50,1.39,0.96,1,0,1,1,1,0,"30","",5,7,3,0,5,1,0,3,2,4,9,10,5,7,4,3,15,16,50,50,0.00,0.00,0.00,0.00,2.34,50,75,59,0,0,0,42,75,100,11.00,5.83,0.00,0.00,0.00,0.00,0.00,0.00,0.00,0.00,0.00,Estádio Municipal de Aveiro (Aveiro)
1410969600,Sep 17 2014 - 4:00pm,complete,N/A,Freamunde,Leixões,Jorge Ferreira,7,2.00,0.33,1.57,0.52,2,0,2,2,2,0,"5,16","",-1,-1,6,1,7,1,2,5,3,5,-1,-1,-1,-1,-1,-1,-1,-1,-1,-1,0.00,0.00,0.00,0.00,2.34,17,50,33,17,17,17,50,33,100,11.50,7.34,0.00,0.00,0.00,0.00,0.00,0.00,0.00,0.00,0.00,Complexo Desportivo do SC Freamunde (Freamunde)
1410969600,Sep 17 2014 - 4:00pm,complete,N/A,Benfica II,Atlético CP,Ricardo Baixinho,7,3.00,0.33,1.91,0.70,2,2,4,2,2,0,"27,41","67,90'2",4,6,3,1,3,0,1,3,1,2,11,11,6,0,5,11,7,16,50,50,0.00,0.00,0.00,0.00,3.00,50,84,50,50,17,50,67,17,100,9.67,6.00,0.00,0.00,0.00,0.00,0.00,0.00,0.00,0.00,0.00,Caixa Futebol Campus (Seixal)
1411225200,Sep 20 2014 - 3:00pm,complete,N/A,CF União,Benfica II,Pedro Vilaça,8,2.00,1.33,1.61,1.43,2,3,5,2,1,1,"2,74","38,49,67",7,10,3,1,5,0,1,3,1,4,5,8,3,5,2,3,17,12,50,50,0.00,0.00,0.00,0.00,1.50,17,33,33,0,0,0,67,33,50,11.00,9.33,0.00,0.00,0.00,0.00,0.00,0.00,0.00,0.00,0.00,Estádio Municipal de Machico (Machico (Madeira))
1411294500,Sep 21 2014 - 10:15am,complete,N/A,SC Beira-Mar,Porto II,Sérgio Filipe Grade Sousa Piscarreta,8,1.75,1.00,1.39,0.87,0,2,2,0,0,0,"","87,90'4",4,3,4,0,6,0,3,1,2,4,4,11,2,5,2,6,18,27,50,50,0.00,0.00,0.00,0.00,2.29,71,71,59,0,0,17,59,54,71,12.75,7.17,0.00,0.00,0.00,0.00,0.00,0.00,0.00,0.00,0.00,Estádio Municipal de Aveiro (Aveiro)
1411308000,Sep 21 2014 - 2:00pm,complete,N/A,UD Oliveirense,Academico Viseu,Marco Bruno dos Santos Ferreira,8,2.00,1.25,1.57,0.83,3,3,6,2,0,2,"68,71,81","10,31,53",15,5,1,0,2,0,1,0,1,1,24,15,11,4,13,11,6,10,58,42,0.00,0.00,0.00,0.00,1.63,25,38,13,13,0,13,42,25,71,8.58,7.42,0.00,0.00,0.00,0.00,0.00,0.00,0.00,0.00,0.00,Estádio Carlos Osório (Oliveira de Azeméis)
1411309800,Sep 21 2014 - 2:30pm,complete,N/A,Marítimo II,CD Tondela,Cosme Cunha Machado,8,1.33,0.67,1.26,1.48,2,3,5,0,0,0,"64,73","47,75,86",3,4,1,2,5,1,0,3,3,3,17,7,5,2,12,5,9,20,50,50,0.00,0.00,0.00,0.00,2.33,67,67,33,33,0,33,50,33,84,10.33,7.67,0.00,0.00,0.00,0.00,0.00,0.00,0.00,0.00,0.00,Campo da Imaculada Conceição (Funchal (Ilha da Madeira))
1411311600,Sep 21 2014 - 3:00pm,complete,N/A,CD Feirense,GD Chaves,Manuel Jorge Neves Moreira de Sousa,8,0.67,1.67,1.91,1.35,1,1,2,0,0,0,"55","58",-1,-1,2,0,0,0,1,1,0,0,-1,-1,-1,-1,-1,-1,-1,-1,-1,-1,0.00,0.00,0.00,0.00,2.67,67,84,67,33,0,33,84,67,84,13.33,8.33,0.00,0.00,0.00,0.00,0.00,0.00,0.00,0.00,0.00,Estádio Marcolino de Castro (Santa Maria da Feira)
1411311600,Sep 21 2014 - 3:00pm,complete,N/A,Clube Oriental de Lisboa,SC Olhanense,Manuel Mota,8,1.33,1.00,1.74,0.96,0,2,2,2,0,2,"","8,31",8,4,2,0,2,0,2,0,0,2,12,15,5,5,7,10,6,14,50,50,0.00,0.00,0.00,0.00,2.00,34,34,34,34,17,17,34,34,67,6.83,5.00,0.00,0.00,0.00,0.00,0.00,0.00,0.00,0.00,0.00,Campo Engenheiro Carlos Salema (Lisboa)
1411311600,Sep 21 2014 - 3:00pm,complete,N/A,Sporting Covilhã,CD Aves,Rui Filipe Cunha Folha Oliveira,8,1.33,0.00,2.52,0.70,1,0,1,0,0,0,"85","",-1,-1,5,1,5,0,1,5,1,4,-1,-1,-1,-1,-1,-1,-1,-1,-1,-1,0.00,0.00,0.00,0.00,3.34,50,100,84,17,17,17,100,67,84,9.50,5.33,0.00,0.00,0.00,0.00,0.00,0.00,0.00,0.00,0.00,Estádio Municipal José Santos Pinto (Covilhã)
1411311600,Sep 21 2014 - 3:00pm,complete,N/A,Farense,Portimonense,Pedro Proença Oliveira Alves Garcia,8,1.75,1.33,1.74,1.22,1,0,1,0,0,0,"71","",2,4,2,0,3,1,0,2,0,4,9,7,4,4,5,3,15,13,50,50,0.00,0.00,0.00,0.00,0.96,13,13,0,0,0,0,38,0,59,12.25,6.33,0.00,0.00,0.00,0.00,0.00,0.00,0.00,0.00,0.00,Estádio de São Lúis (Faro)
1411311600,Sep 21 2014 - 3:00pm,complete,N/A,Santa Clara,Vitória Guimarães II,João Carlos Santos Capela,8,1.00,0.00,1.39,0.96,1,3,4,3,1,2,"23","18,45,59",10,7,3,2,4,0,1,4,1,3,12,9,8,2,4,7,18,11,50,50,0.00,0.00,0.00,0.00,1.67,34,50,17,17,0,0,67,17,67,9.67,5.00,0.00,0.00,0.00,0.00,0.00,0.00,0.00,0.00,0.00,Estádio de São Miguel (Ponta Delgada- Ilha de São Miguel- Açores)
1411311600,Sep 21 2014 - 3:00pm,complete,N/A,Leixões,CD Trofense,João Filipe Malheiro Pinto,8,2.33,1.00,1.65,0.52,2,1,3,2,1,1,"20,47","35",5,4,2,0,2,1,1,1,1,2,7,10,7,7,0,3,12,13,50,50,0.00,0.00,0.00,0.00,3.00,84,100,67,17,17,17,67,67,100,7.67,8.00,0.00,0.00,0.00,0.00,0.00,0.00,0.00,0.00,0.00,Estádio do Mar (Matosinhos)
1411311600,Sep 21 2014 - 3:00pm,complete,N/A,Sporting Braga II,Atlético CP,Bruno Miguel Duarte Paixão,8,1.00,0.50,1.48,0.70,4,2,6,3,3,0,"33,40,45,58","64,90",2,2,2,1,3,1,1,2,0,4,11,8,4,3,7,5,16,21,50,50,0.00,0.00,0.00,0.00,2.46,42,88,46,13,0,29,59,42,84,8.67,5.58,0.00,0.00,0.00,0.00,0.00,0.00,0.00,0.00,0.00,Estádio 1º de Maio (Braga)
1411398000,Sep 22 2014 - 3:00pm,complete,N/A,Sporting CP II,Freamunde,Tiago Antunes,8,2.33,2.33,1.87,1.52,0,2,2,0,0,0,"","60,63",7,4,1,0,3,0,0,1,0,3,12,9,8,2,4,7,10,15,50,50,0.00,0.00,0.00,0.00,2.17,33,67,67,17,0,33,67,50,50,13.00,6.34,0.00,0.00,0.00,0.00,0.00,0.00,0.00,0.00,0.00,CGD Stadium Aurélio Pereira (Alcochete)
1412157600,Oct 01 2014 - 10:00am,complete,N/A,Benfica II,Santa Clara,Fábio José Costa Veríssimo,9,2.50,2.00,1.91,0.83,1,1,2,1,1,0,"15","80",9,5,3,0,2,0,1,2,0,2,20,10,11,4,9,6,13,15,50,50,0.00,0.00,0.00,0.00,3.13,54,67,67,67,13,67,84,29,84,8.25,6.33,0.00,0.00,0.00,0.00,0.00,0.00,0.00,0.00,0.00,Caixa Futebol Campus (Seixal)
1412175600,Oct 01 2014 - 3:00pm,complete,N/A,GD Chaves,CF União,Cosme Cunha Machado,9,2.50,2.00,2.13,1.87,0,3,3,1,0,1,"","2,59,75",7,8,5,1,3,1,3,3,2,2,9,11,3,4,6,7,12,21,50,50,0.00,0.00,0.00,0.00,2.38,75,75,38,13,13,25,50,38,100,9.25,6.00,0.00,0.00,0.00,0.00,0.00,0.00,0.00,0.00,0.00,Estádio Municipal Eng. Manuel Branco Teixeira (Chaves)
1412175600,Oct 01 2014 - 3:00pm,complete,N/A,Freamunde,Sporting Covilhã,Paulo Baptista,9,2.25,0.67,1.57,0.96,0,1,1,0,0,0,"","75",1,5,2,0,6,0,0,2,3,3,11,6,6,4,5,2,12,20,50,50,0.00,0.00,0.00,0.00,2.21,50,75,29,17,0,29,42,46,88,14.00,5.75,0.00,0.00,0.00,0.00,0.00,0.00,0.00,0.00,0.00,Complexo Desportivo do SC Freamunde (Freamunde)
1412175600,Oct 01 2014 - 3:00pm,complete,N/A,Academico Viseu,Marítimo II,João Pedro Silva Pinheiro,9,1.33,1.50,1.87,0.52,3,0,3,1,1,0,"3,70,82","",10,6,2,0,3,0,1,1,1,2,9,10,3,5,6,5,12,10,50,50,0.00,0.00,0.00,0.00,2.17,46,75,42,0,0,29,88,29,71,11.17,8.83,0.00,0.00,0.00,0.00,0.00,0.00,0.00,0.00,0.00,Estádio Municipal do Fontelo (Viseu)
1412175600,Oct 01 2014 - 3:00pm,complete,N/A,Atlético CP,UD Oliveirense,Tiago Antunes,9,1.33,1.75,1.35,0.83,1,2,3,2,0,2,"46","18,31",7,7,4,1,3,1,2,3,1,3,13,5,6,3,7,2,14,13,58,42,0.00,0.00,0.00,0.00,2.17,29,59,42,29,0,17,88,42,59,10.83,5.92,0.00,0.00,0.00,0.00,0.00,0.00,0.00,0.00,0.00,Estádio Da Tapadinha (Lisboa)
1412175600,Oct 01 2014 - 3:00pm,complete,N/A,CD Tondela,Sporting CP II,Nuno Miguel Serrano Almeida,9,2.00,0.75,2.04,1.52,0,0,0,0,0,0,"","",1,2,2,0,1,0,2,0,0,1,11,8,2,3,9,5,11,14,50,50,0.00,0.00,0.00,0.00,2.00,50,50,25,13,13,13,63,38,75,7.50,7.25,0.00,0.00,0.00,0.00,0.00,0.00,0.00,0.00,0.00,Estádio João Cardoso (Tondela)
1412175600,Oct 01 2014 - 3:00pm,complete,N/A,Vitória Guimarães II,SC Beira-Mar,João Filipe Malheiro Pinto,9,1.67,1.33,1.87,1.22,1,2,3,1,0,1,"87","34,90'3",4,7,3,2,5,0,1,4,1,4,9,16,3,8,6,8,15,10,50,50,0.00,0.00,0.00,0.00,3.67,67,84,84,67,17,67,84,67,100,11.00,8.34,0.00,0.00,0.00,0.00,0.00,0.00,0.00,0.00,0.00,Estádio Dom Afonso Henriques (Guimarães)
1412182800,Oct 01 2014 - 5:00pm,complete,N/A,Portimonense,Porto II,Ricardo Baixinho,9,1.67,1.50,1.39,0.87,2,0,2,0,0,0,"54,69","",9,5,1,0,3,0,1,0,1,2,19,5,10,2,9,3,16,13,50,50,0.00,0.00,0.00,0.00,2.29,59,71,42,17,17,13,42,59,71,11.00,6.67,0.00,0.00,0.00,0.00,0.00,0.00,0.00,0.00,0.00,Estádio Municipal de Portimão (Portimão)
1412191800,Oct 01 2014 - 7:30pm,complete,N/A,SC Olhanense,Farense,Bruno Miguel Duarte Paixão,9,1.50,1.00,1.43,0.96,1,3,4,3,1,2,"3","18,28,70",9,4,5,1,3,0,4,2,2,1,7,7,0,0,7,7,26,22,50,50,0.00,0.00,0.00,0.00,1.71,0,42,29,0,0,0,59,29,84,10.34,7.67,0.00,0.00,0.00,0.00,0.00,0.00,0.00,0.00,0.00,Estádio José Arcanjo (Olhão)
1412504100,Oct 05 2014 - 10:15am,complete,N/A,CD Feirense,Benfica II,João Pedro Silva Pinheiro,10,0.75,1.75,1.91,1.43,2,2,4,1,1,0,"45,83","52,65",7,4,1,0,2,0,0,1,2,0,21,6,8,3,13,3,14,5,50,50,0.00,0.00,0.00,0.00,2.25,63,63,50,25,13,25,63,63,63,15.33,8.75,0.00,0.00,0.00,0.00,0.00,0.00,0.00,0.00,0.00,Estádio Marcolino de Castro (Santa Maria da Feira)
1412504100,Oct 05 2014 - 10:15am,complete,N/A,Porto II,SC Olhanense,Iancu Ioan Vasilica,10,1.00,1.50,1.78,0.96,7,0,7,2,2,0,"2,42,53,56,61,75,82","",7,1,0,0,1,1,0,0,0,2,8,0,5,0,3,0,6,14,50,50,0.00,0.00,0.00,0.00,2.50,50,63,38,38,13,25,75,38,63,8.75,5.25,0.00,0.00,0.00,0.00,0.00,0.00,0.00,0.00,0.00,Estádio Dr. Jorge Sampaio (Pedroso- Vila Nova de Gaia)
1412517600,Oct 05 2014 - 2:00pm,complete,N/A,UD Oliveirense,Sporting Braga II,Ricardo José  Salgueiro Lourenço,10,1.75,0.50,1.57,0.87,2,1,3,2,1,1,"39,64","19",9,6,2,1,3,2,1,2,2,3,11,10,4,4,7,6,20,14,50,50,0.00,0.00,0.00,0.00,2.13,50,50,25,13,13,38,63,13,75,12.00,7.00,0.00,0.00,0.00,0.00,0.00,0.00,0.00,0.00,0.00,Estádio Carlos Osório (Oliveira de Azeméis)
1412517600,Oct 05 2014 - 2:00pm,complete,N/A,Leixões,Academico Viseu,Manuel Jorge Neves Moreira de Sousa,10,2.50,1.20,1.65,0.83,1,0,1,0,0,0,"89","",5,10,5,0,4,0,1,4,1,3,11,13,4,7,7,6,21,15,50,50,0.00,0.00,0.00,0.00,2.88,80,90,58,20,10,33,68,68,90,7.15,6.40,0.00,0.00,0.00,0.00,0.00,0.00,0.00,0.00,0.00,Estádio do Mar (Matosinhos)
1412521200,Oct 05 2014 - 3:00pm,complete,N/A,Sporting CP II,CD Trofense,André Manuel Alves Moreira,10,1.75,0.75,1.87,0.52,2,1,3,2,2,0,"3,22","50",3,7,3,1,3,0,1,3,1,2,6,9,4,5,2,4,13,14,50,50,0.00,0.00,0.00,0.00,2.75,50,88,63,25,13,38,63,50,88,12.75,6.50,0.00,0.00,0.00,0.00,0.00,0.00,0.00,0.00,0.00,CGD Stadium Aurélio Pereira (Alcochete)
1412521200,Oct 05 2014 - 3:00pm,complete,N/A,CF União,Freamunde,Carlos Miguel Taborda Xistra,10,1.50,2.50,1.61,1.52,1,2,3,0,0,0,"79","82,85",3,4,3,0,6,0,2,1,5,1,5,7,2,3,3,4,13,22,50,50,0.00,0.00,0.00,0.00,2.25,25,63,50,13,13,25,63,50,63,9.50,8.00,0.00,0.00,0.00,0.00,0.00,0.00,0.00,0.00,0.00,Estádio Municipal de Machico (Machico (Madeira))
1412521200,Oct 05 2014 - 3:00pm,complete,N/A,Marítimo II,Atlético CP,Jorge Joaquim Martins de Barros Tavares,10,1.00,0.40,1.26,0.70,2,5,7,3,1,2,"16,76","34,39,68,83,90'2",6,7,1,0,3,0,0,1,2,1,18,9,6,4,12,5,6,13,50,50,0.00,0.00,0.00,0.00,3.00,68,78,45,45,23,33,55,55,100,7.66,7.85,0.00,0.00,0.00,0.00,0.00,0.00,0.00,0.00,0.00,Campo da Imaculada Conceição (Funchal (Ilha da Madeira))
1412521200,Oct 05 2014 - 3:00pm,complete,N/A,SC Beira-Mar,Portimonense,Cosme Cunha Machado,10,1.40,1.00,1.39,1.22,1,3,4,1,1,0,"19","60,72,75",3,3,4,0,2,0,0,4,1,1,7,17,0,4,7,13,19,11,50,50,0.00,0.00,0.00,0.00,1.48,30,40,20,0,0,0,20,40,78,11.73,6.30,0.00,0.00,0.00,0.00,0.00,0.00,0.00,0.00,0.00,Estádio Municipal de Aveiro (Aveiro)
1412521200,Oct 05 2014 - 3:00pm,complete,N/A,Santa Clara,CD Aves,Vasco Santos,10,0.75,0.00,1.39,0.70,0,0,0,0,0,0,"","",5,5,3,0,3,1,1,2,1,3,8,4,3,4,5,0,24,12,50,50,0.00,0.00,0.00,0.00,2.38,50,75,50,25,0,13,75,38,88,10.50,7.00,0.00,0.00,0.00,0.00,0.00,0.00,0.00,0.00,0.00,Estádio de São Miguel (Ponta Delgada- Ilha de São Miguel- Açores)
1412521200,Oct 05 2014 - 3:00pm,complete,N/A,Sporting Covilhã,CD Tondela,Olegário Faustino Manuel Benquerença Bartolo,10,1.75,1.25,2.52,1.48,4,0,4,3,3,0,"3,24,43,54","",6,9,2,0,2,0,1,1,0,2,10,8,5,7,5,1,18,12,50,50,0.00,0.00,0.00,0.00,3.13,63,75,63,38,25,25,50,50,75,10.00,7.50,0.00,0.00,0.00,0.00,0.00,0.00,0.00,0.00,0.00,Estádio Municipal José Santos Pinto (Covilhã)
1412521200,Oct 05 2014 - 3:00pm,complete,N/A,Clube Oriental de Lisboa,GD Chaves,Paulo Jorge Lourenço Batista,10,1.00,1.50,1.74,1.35,0,0,0,0,0,0,"","",7,2,4,0,2,0,1,3,1,1,14,6,5,4,9,2,28,15,50,50,0.00,0.00,0.00,0.00,1.88,38,63,25,13,0,25,50,38,75,12.33,4.50,0.00,0.00,0.00,0.00,0.00,0.00,0.00,0.00,0.00,Campo Engenheiro Carlos Salema (Lisboa)
1412532000,Oct 05 2014 - 6:00pm,complete,N/A,Farense,Vitória Guimarães II,André Filipe Domingues Narciso,10,2.00,0.75,1.74,0.96,1,1,2,1,1,0,"15","53",3,8,3,0,2,0,1,2,0,2,12,9,4,5,8,4,17,14,50,50,0.00,0.00,0.00,0.00,1.60,23,35,13,13,0,13,68,0,68,10.20,5.30,0.00,0.00,0.00,0.00,0.00,0.00,0.00,0.00,0.00,Estádio de São Lúis (Faro)
1413039600,Oct 11 2014 - 3:00pm,complete,N/A,CD Tondela,CF União,Fábio José Costa Veríssimo,11,1.80,2.20,2.04,1.87,3,1,4,1,1,0,"36,82,88","46",8,3,3,0,4,1,1,2,3,2,9,13,3,6,6,7,17,20,50,50,0.00,0.00,0.00,0.00,1.70,50,60,20,0,0,0,50,30,80,9.05,6.80,0.00,0.00,0.00,0.00,0.00,0.00,0.00,0.00,0.00,Estádio João Cardoso (Tondela)
1413108000,Oct 12 2014 - 10:00am,complete,N/A,Portimonense,Santa Clara,João Pedro Silva Pinheiro,7,2.00,1.75,1.39,0.83,1,1,2,1,0,1,"55","11",12,3,1,0,5,0,1,0,4,1,24,6,8,3,16,3,9,14,50,50,0.00,0.00,0.00,0.00,2.13,50,63,25,25,13,13,50,50,75,9.00,4.50,0.00,0.00,0.00,0.00,0.00,0.00,0.00,0.00,0.00,Estádio Municipal de Portimão (Portimão)
1413126000,Oct 12 2014 - 3:00pm,complete,N/A,Vitória Guimarães II,Sporting Covilhã,Duarte Nuno Pereira Gomes,7,1.25,1.25,1.87,0.96,2,1,3,2,1,1,"13,62","7",3,5,2,0,3,0,1,1,2,1,10,15,6,4,4,11,20,12,50,50,0.00,0.00,0.00,0.00,3.13,75,88,63,38,13,50,63,63,100,13.50,6.25,0.00,0.00,0.00,0.00,0.00,0.00,0.00,0.00,0.00,Estádio Dom Afonso Henriques (Guimarães)
1413126000,Oct 12 2014 - 3:00pm,complete,N/A,CD Aves,Clube Oriental de Lisboa,Ricardo José  Salgueiro Lourenço,9,2.00,0.75,1.61,0.78,1,0,1,0,0,0,"90'2","",6,4,3,0,2,0,3,0,0,2,11,12,3,8,8,4,15,20,50,50,0.00,0.00,0.00,0.00,1.88,63,63,38,13,0,38,75,13,63,9.33,7.50,0.00,0.00,0.00,0.00,0.00,0.00,0.00,0.00,0.00,Estádio Clube Desportivo das Aves (Vila das Aves)
1413126000,Oct 12 2014 - 3:00pm,complete,N/A,Sporting Braga II,Leixões,Manuel Antonio Rodrigues Oliveira,9,1.50,0.25,1.48,0.52,3,0,3,1,1,0,"5,46,83","",4,5,1,0,4,0,1,0,2,2,10,10,4,7,6,3,14,13,50,50,0.00,0.00,0.00,0.00,3.13,38,88,50,25,25,50,75,38,75,8.50,8.50,0.00,0.00,0.00,0.00,0.00,0.00,0.00,0.00,0.00,Estádio 1º de Maio (Braga)
1413126000,Oct 12 2014 - 3:00pm,complete,N/A,CD Trofense,CD Feirense,Luís Miguel Rodrigues Ferreira,9,1.00,0.00,1.04,1.35,0,3,3,1,0,1,"","39,70,90'2",3,3,6,1,4,0,3,4,1,3,6,9,2,4,4,5,13,18,50,50,0.00,0.00,0.00,0.00,2.50,38,63,50,25,13,38,88,25,50,10.50,7.50,0.00,0.00,0.00,0.00,0.00,0.00,0.00,0.00,0.00,Estádio do Clube Desportivo Trofense (Trofa)
1413644400,Oct 18 2014 - 3:00pm,complete,N/A,Vitória Guimarães II,Portimonense,Iancu Ioan Vasilica,11,1.60,1.40,1.87,1.22,3,2,5,2,1,1,"11,60,89","39,86",2,5,3,0,2,0,0,3,1,1,5,13,2,6,3,7,17,11,50,50,0.00,0.00,0.00,0.00,2.60,50,60,60,30,10,40,60,40,90,11.50,6.20,0.00,0.00,0.00,0.00,0.00,0.00,0.00,0.00,0.00,Estádio Dom Afonso Henriques (Guimarães)
1413713700,Oct 19 2014 - 10:15am,complete,N/A,Academico Viseu,Sporting CP II,Sérgio Filipe Grade Sousa Piscarreta,11,1.75,0.80,1.87,1.52,0,3,3,0,0,0,"","50,60,73",12,2,1,0,4,1,0,1,1,4,24,3,5,2,19,1,15,12,50,50,0.00,0.00,0.00,0.00,2.25,45,70,45,10,10,23,80,45,68,9.75,7.70,0.00,0.00,0.00,0.00,0.00,0.00,0.00,0.00,0.00,Estádio Municipal do Fontelo (Viseu)
1413730800,Oct 19 2014 - 3:00pm,complete,N/A,Benfica II,Farense,Luis Miguel Branco Godinho,11,2.20,1.50,1.91,0.96,2,0,2,1,1,0,"16,51","",6,5,2,0,4,2,2,0,1,5,10,10,3,5,7,5,13,16,50,50,0.00,0.00,0.00,0.00,3.03,53,75,65,53,10,53,88,23,88,12.45,7.25,0.00,0.00,0.00,0.00,0.00,0.00,0.00,0.00,0.00,Caixa Futebol Campus (Seixal)
1413986400,Oct 22 2014 - 2:00pm,complete,N/A,UD Oliveirense,Marítimo II,Ricardo Baixinho,11,2.00,1.20,1.57,0.52,1,1,2,1,0,1,"90'4","35",14,3,2,0,1,0,1,1,1,0,23,10,8,5,15,5,17,10,58,42,0.00,0.00,0.00,0.00,2.30,30,50,50,10,10,30,70,30,80,13.00,6.40,0.00,0.00,0.00,0.00,0.00,0.00,0.00,0.00,0.00,Estádio Carlos Osório (Oliveira de Azeméis)
1413990000,Oct 22 2014 - 3:00pm,complete,N/A,Atlético CP,Leixões,André Filipe Domingues Narciso,11,1.00,0.20,1.35,0.52,2,1,3,2,1,1,"19,67","43",3,7,3,0,3,0,2,1,1,2,10,18,4,6,6,12,18,13,50,50,0.00,0.00,0.00,0.00,2.65,35,78,45,23,10,45,90,33,78,11.17,8.15,0.00,0.00,0.00,0.00,0.00,0.00,0.00,0.00,0.00,Estádio Da Tapadinha (Lisboa)
1413990000,Oct 22 2014 - 3:00pm,complete,N/A,Sporting Braga II,CD Feirense,Rui Filipe Cunha Folha Oliveira,11,1.80,0.60,1.48,1.35,1,3,4,2,1,1,"5","43,49,78",3,4,4,2,3,0,2,4,1,2,7,9,4,4,3,5,18,16,50,50,0.00,0.00,0.00,0.00,3.20,40,90,80,20,20,40,90,50,80,8.00,6.80,0.00,0.00,0.00,0.00,0.00,0.00,0.00,0.00,0.00,Estádio 1º de Maio (Braga)
1413990000,Oct 22 2014 - 3:00pm,complete,N/A,CD Trofense,Sporting Covilhã,Vasco Santos,11,0.80,1.00,1.04,0.96,1,0,1,1,1,0,"31","",5,6,4,0,2,1,2,2,1,2,10,4,0,0,10,4,10,13,50,50,0.00,0.00,0.00,0.00,2.30,50,70,40,20,0,30,60,40,70,11.45,7.00,0.00,0.00,0.00,0.00,0.00,0.00,0.00,0.00,0.00,Estádio do Clube Desportivo Trofense (Trofa)
1413990000,Oct 22 2014 - 3:00pm,complete,N/A,Freamunde,Clube Oriental de Lisboa,Jorge Ferreira,11,1.80,0.60,1.57,0.78,3,0,3,1,1,0,"12,90,90'4","",5,3,3,0,2,1,1,2,2,1,11,5,6,0,5,5,13,17,50,50,0.00,0.00,0.00,0.00,1.60,20,40,20,10,0,20,50,20,70,10.00,6.60,0.00,0.00,0.00,0.00,0.00,0.00,0.00,0.00,0.00,Complexo Desportivo do SC Freamunde (Freamunde)
1413990000,Oct 22 2014 - 3:00pm,complete,N/A,SC Olhanense,SC Beira-Mar,Duarte Nuno Pereira Gomes,11,1.20,1.75,1.43,1.22,0,0,0,0,0,0,"","",5,8,3,0,3,0,2,1,1,2,13,6,6,3,7,3,22,20,50,50,0.00,0.00,0.00,0.00,2.60,48,68,58,35,0,23,68,48,100,9.75,9.10,0.00,0.00,0.00,0.00,0.00,0.00,0.00,0.00,0.00,Estádio José Arcanjo (Olhão)
1413990000,Oct 22 2014 - 3:00pm,complete,N/A,CD Aves,Porto II,André Manuel Alves Moreira,11,2.20,1.20,1.61,0.87,0,3,3,2,0,2,"","26,28,64",8,3,1,0,3,1,0,1,2,2,12,7,5,3,7,4,10,15,50,50,0.00,0.00,0.00,0.00,2.00,50,70,40,0,0,30,50,30,80,10.20,8.40,0.00,0.00,0.00,0.00,0.00,0.00,0.00,0.00,0.00,Estádio Clube Desportivo das Aves (Vila das Aves)
1413990000,Oct 22 2014 - 3:00pm,complete,N/A,GD Chaves,Santa Clara,Rui Manuel Gomes Costa,11,2.00,1.60,2.13,0.83,3,1,4,1,1,0,"37,70,83","89",7,7,1,0,2,0,1,0,1,1,7,4,4,3,3,1,16,14,50,50,0.00,0.00,0.00,0.00,2.40,60,70,40,20,10,30,70,40,90,7.75,6.60,0.00,0.00,0.00,0.00,0.00,0.00,0.00,0.00,0.00,Estádio Municipal Eng. Manuel Branco Teixeira (Chaves)
1414322100,Oct 26 2014 - 11:15am,complete,N/A,Portimonense,Benfica II,Ricardo José  Salgueiro Lourenço,12,1.80,1.60,1.39,1.43,2,2,4,3,1,2,"20,66","8,45'1",8,4,0,0,2,0,0,0,1,1,16,8,8,3,8,5,21,12,50,50,0.00,0.00,0.00,0.00,2.40,60,70,40,30,20,10,60,60,70,14.75,5.80,0.00,0.00,0.00,0.00,0.00,0.00,0.00,0.00,0.00,Estádio Municipal de Portimão (Portimão)
1414335600,Oct 26 2014 - 3:00pm,complete,N/A,Sporting Covilhã,Academico Viseu,Manuel Mota,12,2.00,1.00,2.52,0.83,1,1,2,1,0,1,"69","23",8,3,3,0,5,0,1,2,2,3,12,8,9,2,3,6,12,12,51,49,0.00,0.00,0.00,0.00,3.04,45,74,57,37,19,37,65,45,82,10.58,6.50,0.00,0.00,0.00,0.00,0.00,0.00,0.00,0.00,0.00,Estádio Municipal José Santos Pinto (Covilhã)
1414335600,Oct 26 2014 - 3:00pm,complete,N/A,Clube Oriental de Lisboa,CD Trofense,João Carlos Santos Capela,12,1.00,0.60,1.74,0.52,4,0,4,1,1,0,"34,60,80,90'2","",7,5,2,0,3,0,0,2,2,1,12,10,7,5,5,5,14,15,53,47,0.00,0.00,0.00,0.00,2.00,40,60,40,10,10,40,50,10,70,12.10,6.00,0.00,0.00,0.00,0.00,0.00,0.00,0.00,0.00,0.00,Campo Engenheiro Carlos Salema (Lisboa)
1414335600,Oct 26 2014 - 3:00pm,complete,N/A,SC Beira-Mar,CD Aves,Bruno Miguel Duarte Paixão,12,1.17,0.20,1.39,0.70,1,0,1,1,1,0,"22","",5,2,2,1,3,0,1,2,1,2,12,9,5,5,7,4,18,24,46,54,0.00,0.00,0.00,0.00,2.15,44,72,45,9,0,0,55,62,82,9.67,6.60,0.00,0.00,0.00,0.00,0.00,0.00,0.00,0.00,0.00,Estádio Municipal de Aveiro (Aveiro)
1414335600,Oct 26 2014 - 3:00pm,complete,N/A,Vitória Guimarães II,SC Olhanense,João Pedro Silva Pinheiro,12,1.83,1.20,1.87,0.96,3,2,5,2,1,1,"45,55,70","25,52",5,5,2,0,3,0,1,1,1,2,6,4,5,0,1,4,13,17,49,51,0.00,0.00,0.00,0.00,3.90,62,90,80,55,37,72,90,64,80,7.00,6.20,0.00,0.00,0.00,0.00,0.00,0.00,0.00,0.00,0.00,Estádio Dom Afonso Henriques (Guimarães)
1414335600,Oct 26 2014 - 3:00pm,complete,N/A,Leixões,Marítimo II,Pedro Vilaça,12,2.60,1.17,1.65,0.52,3,0,3,0,0,0,"60,90'1,90'3","",3,6,3,1,2,1,2,2,1,2,11,13,4,4,7,9,13,9,53,47,0.00,0.00,0.00,0.00,2.29,57,74,55,0,0,19,72,47,92,8.37,6.40,0.00,0.00,0.00,0.00,0.00,0.00,0.00,0.00,0.00,Estádio do Mar (Matosinhos)
1414335600,Oct 26 2014 - 3:00pm,complete,N/A,CD Feirense,Atlético CP,Pedro Proença Oliveira Alves Garcia,12,0.80,0.83,1.91,0.70,2,1,3,2,1,1,"13,89","21",8,3,1,0,5,1,1,0,2,4,11,6,3,3,8,3,15,13,60,40,0.00,0.00,0.00,0.00,3.14,74,82,55,45,17,35,64,74,90,11.50,6.70,0.00,0.00,0.00,0.00,0.00,0.00,0.00,0.00,0.00,Estádio Marcolino de Castro (Santa Maria da Feira)
1414339200,Oct 26 2014 - 4:00pm,complete,N/A,Santa Clara,CD Tondela,João Filipe Malheiro Pinto,12,0.80,1.00,1.39,1.48,2,2,4,3,1,2,"9,84","9,44",4,8,1,0,6,0,0,1,2,4,13,6,7,0,6,6,9,25,45,55,0.00,0.00,0.00,0.00,2.60,60,70,50,50,10,30,50,30,70,11.55,7.20,0.00,0.00,0.00,0.00,0.00,0.00,0.00,0.00,0.00,Estádio de São Miguel (Ponta Delgada- Ilha de São Miguel- Açores)
1414339200,Oct 26 2014 - 4:00pm,complete,N/A,Porto II,Freamunde,Rui Manuel Gomes Costa,12,1.40,2.60,1.78,1.52,2,0,2,0,0,0,"61,68","",8,2,2,0,4,0,1,1,1,3,10,5,5,2,5,3,13,25,63,37,0.00,0.00,0.00,0.00,2.60,40,70,50,20,10,20,60,50,70,11.40,5.60,0.00,0.00,0.00,0.00,0.00,0.00,0.00,0.00,0.00,Estádio Dr. Jorge Sampaio (Pedroso- Vila Nova de Gaia)
1414339200,Oct 26 2014 - 4:00pm,complete,N/A,CF União,Sporting Braga II,Iancu Ioan Vasilica,12,1.20,0.40,1.61,0.87,1,1,2,0,0,0,"73","53",8,1,3,1,3,0,0,4,1,2,13,7,6,4,7,3,17,23,55,45,0.00,0.00,0.00,0.00,2.40,60,70,50,10,10,40,70,30,80,9.60,8.40,0.00,0.00,0.00,0.00,0.00,0.00,0.00,0.00,0.00,Estádio Municipal de Machico (Machico (Madeira))
1414345500,Oct 26 2014 - 5:45pm,complete,N/A,Farense,GD Chaves,Vasco Santos,12,1.83,1.40,1.74,1.35,0,1,1,1,0,1,"","8",5,10,5,1,3,0,4,2,0,3,7,7,3,3,4,4,17,16,23,77,0.00,0.00,0.00,0.00,1.77,47,57,20,10,0,10,64,30,74,9.00,5.63,0.00,0.00,0.00,0.00,0.00,0.00,0.00,0.00,0.00,Estádio de São Lúis (Faro)
1414423800,Oct 27 2014 - 3:30pm,complete,N/A,Sporting CP II,UD Oliveirense,Jorge Ferreira,12,2.00,2.00,1.87,0.83,0,0,0,0,0,0,"","",5,2,2,0,2,0,2,0,2,0,17,11,9,3,8,8,11,16,63,37,0.00,0.00,0.00,0.00,2.30,40,70,60,20,0,30,70,50,70,11.00,7.00,0.00,0.00,0.00,0.00,0.00,0.00,0.00,0.00,0.00,CGD Stadium Aurélio Pereira (Alcochete)
1414854000,Nov 01 2014 - 3:00pm,complete,N/A,Sporting Braga II,Santa Clara,Jorge Joaquim Martins de Barros Tavares,13,1.50,1.33,1.48,0.83,0,0,0,0,0,0,"","",6,4,2,0,3,1,1,1,2,2,17,7,8,4,9,3,19,11,50,50,0.00,0.00,0.00,0.00,2.92,59,84,58,33,9,34,83,50,83,7.43,6.34,0.00,0.00,0.00,0.00,0.00,0.00,0.00,0.00,0.00,Estádio 1º de Maio (Braga)
1414857600,Nov 01 2014 - 4:00pm,complete,N/A,Marítimo II,Sporting Covilhã,Sérgio Filipe Grade Sousa Piscarreta,13,0.80,0.83,1.26,0.96,2,1,3,1,1,0,"19,68","72",3,5,2,0,5,0,0,2,2,3,5,6,0,3,5,3,14,23,50,50,0.00,0.00,0.00,0.00,2.99,74,74,47,39,20,37,55,47,92,10.92,6.77,0.00,0.00,0.00,0.00,0.00,0.00,0.00,0.00,0.00,Campo da Imaculada Conceição (Funchal (Ilha da Madeira))
1414926900,Nov 02 2014 - 11:15am,complete,N/A,Atlético CP,Sporting CP II,Rui Filipe Cunha Folha Oliveira,13,1.40,1.17,1.35,1.52,5,0,5,3,3,0,"35,39,45,66,88","",3,1,4,0,2,0,1,3,1,1,6,15,3,5,3,10,8,15,50,50,0.00,0.00,0.00,0.00,2.39,47,65,55,19,9,39,75,35,74,8.55,6.30,0.00,0.00,0.00,0.00,0.00,0.00,0.00,0.00,0.00,Estádio Da Tapadinha (Lisboa)
1414940400,Nov 02 2014 - 3:00pm,complete,N/A,SC Olhanense,Portimonense,Carlos Miguel Taborda Xistra,13,1.17,1.17,1.43,1.22,2,0,2,0,0,0,"82,89","",1,4,4,0,2,0,1,3,0,2,6,11,3,7,3,4,20,14,50,50,0.00,0.00,0.00,0.00,1.92,25,42,33,25,9,17,42,25,83,11.00,6.50,0.00,0.00,0.00,0.00,0.00,0.00,0.00,0.00,0.00,Estádio José Arcanjo (Olhão)
1414940400,Nov 02 2014 - 3:00pm,complete,N/A,Freamunde,Farense,João Carlos Santos Capela,13,2.00,1.20,1.57,0.96,0,0,0,0,0,0,"","",6,4,2,0,4,0,0,2,1,3,5,3,2,2,3,1,22,19,50,50,0.00,0.00,0.00,0.00,2.02,10,55,37,10,0,19,65,27,82,10.20,7.93,0.00,0.00,0.00,0.00,0.00,0.00,0.00,0.00,0.00,Complexo Desportivo do SC Freamunde (Freamunde)
1414940400,Nov 02 2014 - 3:00pm,complete,N/A,CD Aves,Vitória Guimarães II,Luis Miguel Branco Godinho,13,1.83,0.80,1.61,0.96,2,1,3,0,0,0,"89,90'3","50",4,2,1,0,6,1,0,1,1,6,7,10,2,7,5,3,18,22,50,50,0.00,0.00,0.00,0.00,2.00,45,64,35,10,0,35,74,0,82,11.40,5.73,0.00,0.00,0.00,0.00,0.00,0.00,0.00,0.00,0.00,Estádio Clube Desportivo das Aves (Vila das Aves)
1414940400,Nov 02 2014 - 3:00pm,complete,N/A,UD Oliveirense,Leixões,Pedro Proença Oliveira Alves Garcia,13,1.83,0.17,1.57,0.52,1,0,1,1,1,0,"40","",4,6,4,1,6,0,1,4,3,3,17,9,6,5,11,4,16,15,48,52,0.00,0.00,0.00,0.00,2.58,42,67,42,17,17,42,75,25,83,13.75,7.83,0.00,0.00,0.00,0.00,0.00,0.00,0.00,0.00,0.00,Estádio Carlos Osório (Oliveira de Azeméis)
1414940400,Nov 02 2014 - 3:00pm,complete,N/A,CD Trofense,CF União,Manuel Jorge Neves Moreira de Sousa,13,1.17,1.83,1.04,1.87,1,1,2,0,0,0,"79","58",4,5,3,0,2,0,0,3,0,2,8,7,3,4,5,3,17,19,50,50,0.00,0.00,0.00,0.00,2.25,42,67,42,17,0,9,75,42,67,10.53,7.83,0.00,0.00,0.00,0.00,0.00,0.00,0.00,0.00,0.00,Estádio do Clube Desportivo Trofense (Trofa)
1414940400,Nov 02 2014 - 3:00pm,complete,N/A,Academico Viseu,CD Feirense,Fábio José Costa Veríssimo,13,1.40,1.00,1.87,1.35,0,1,1,1,0,1,"","13",7,2,5,0,4,1,1,4,2,3,13,12,4,7,9,5,19,26,50,50,0.00,0.00,0.00,0.00,2.89,45,92,72,17,9,35,90,55,82,11.80,7.97,0.00,0.00,0.00,0.00,0.00,0.00,0.00,0.00,0.00,Estádio Municipal do Fontelo (Viseu)
1414940400,Nov 02 2014 - 3:00pm,complete,N/A,CD Tondela,Clube Oriental de Lisboa,Ricardo Baixinho,13,2.00,0.50,2.04,0.78,4,2,6,4,2,2,"15,43,57,73","23,45",7,8,4,0,5,1,1,3,4,2,12,12,5,6,7,6,16,13,50,50,0.00,0.00,0.00,0.00,1.75,42,50,25,17,0,9,59,33,67,8.80,6.50,0.00,0.00,0.00,0.00,0.00,0.00,0.00,0.00,0.00,Estádio João Cardoso (Tondela)
1414944000,Nov 02 2014 - 4:00pm,complete,N/A,Benfica II,SC Beira-Mar,André Filipe Domingues Narciso,13,2.33,1.60,1.91,1.22,1,2,3,2,1,1,"43","45'1,87",8,1,3,1,3,0,3,1,1,2,10,11,7,6,3,5,15,23,50,50,0.00,0.00,0.00,0.00,2.95,64,80,64,54,9,44,80,39,90,12.00,7.83,0.00,0.00,0.00,0.00,0.00,0.00,0.00,0.00,0.00,Caixa Futebol Campus (Seixal)
1414951200,Nov 02 2014 - 6:00pm,complete,N/A,GD Chaves,Porto II,Bruno Alexandre da Silva Esteves,13,2.17,1.50,2.13,0.87,0,0,0,0,0,0,"","",6,10,5,0,2,0,2,3,0,2,13,15,7,6,6,9,15,15,50,50,0.00,0.00,0.00,0.00,2.67,50,83,59,17,9,33,59,59,92,10.83,7.33,0.00,0.00,0.00,0.00,0.00,0.00,0.00,0.00,0.00,Estádio Municipal Eng. Manuel Branco Teixeira (Chaves)
1415199600,Nov 05 2014 - 3:00pm,complete,N/A,Porto II,CD Tondela,Manuel Antonio Rodrigues Oliveira,14,1.67,1.00,1.78,1.48,1,1,2,1,1,0,"45","59",9,8,3,0,2,0,1,2,0,2,8,8,0,3,8,5,13,14,50,50,0.00,0.00,0.00,0.00,3.08,50,75,50,50,17,34,59,42,83,13.17,5.84,0.00,0.00,0.00,0.00,0.00,0.00,0.00,0.00,0.00,Estádio Dr. Jorge Sampaio (Pedroso- Vila Nova de Gaia)
1415199600,Nov 05 2014 - 3:00pm,complete,N/A,Sporting Covilhã,Atlético CP,Artur Manuel Ribeiro Soares Dias,14,1.83,0.71,2.52,0.70,1,0,1,1,1,0,"14","",4,3,2,1,5,0,1,2,3,2,11,8,5,4,6,4,20,17,50,50,0.00,0.00,0.00,0.00,3.37,61,85,62,38,23,45,77,45,92,9.80,6.86,0.00,0.00,0.00,0.00,0.00,0.00,0.00,0.00,0.00,Estádio Municipal José Santos Pinto (Covilhã)
1415199600,Nov 05 2014 - 3:00pm,complete,N/A,Vitória Guimarães II,GD Chaves,Tiago Antunes,14,2.00,1.67,1.87,1.35,3,0,3,1,1,0,"45'2,59,89","",1,8,4,0,4,1,3,1,3,2,10,12,2,4,8,8,27,14,50,50,0.00,0.00,0.00,0.00,3.07,68,84,67,37,22,52,84,61,84,11.17,5.69,0.00,0.00,0.00,0.00,0.00,0.00,0.00,0.00,0.00,Estádio Dom Afonso Henriques (Guimarães)
1415199600,Nov 05 2014 - 3:00pm,complete,N/A,Clube Oriental de Lisboa,Academico Viseu,Nuno Miguel Serrano Almeida,14,1.33,1.00,1.74,0.83,1,1,2,0,0,0,"90'5","79",8,5,2,0,6,0,1,1,2,4,14,8,6,5,8,3,17,14,50,50,0.00,0.00,0.00,0.00,1.95,29,52,23,23,7,23,45,30,68,11.60,5.71,0.00,0.00,0.00,0.00,0.00,0.00,0.00,0.00,0.00,Campo Engenheiro Carlos Salema (Lisboa)
1415203200,Nov 05 2014 - 4:00pm,complete,N/A,CF União,Marítimo II,Paulo Baptista,14,1.17,1.00,1.61,0.52,2,0,2,1,1,0,"29,52","",3,9,2,0,3,0,0,2,3,0,6,10,4,4,2,6,19,25,50,50,0.00,0.00,0.00,0.00,2.40,40,69,54,9,9,16,61,55,85,10.29,7.33,0.00,0.00,0.00,0.00,0.00,0.00,0.00,0.00,0.00,Estádio Municipal de Machico (Machico (Madeira))
1415206800,Nov 05 2014 - 5:00pm,complete,N/A,Benfica II,SC Olhanense,Cosme Cunha Machado,14,2.00,1.00,1.91,0.96,5,1,6,1,0,1,"52,65,70,72,90'3","40",7,2,0,0,3,1,0,0,1,3,15,6,6,2,9,4,12,12,50,50,0.00,0.00,0.00,0.00,3.72,61,92,69,62,32,69,92,41,84,9.47,6.17,0.00,0.00,0.00,0.00,0.00,0.00,0.00,0.00,0.00,Caixa Futebol Campus (Seixal)
1415206800,Nov 05 2014 - 5:00pm,complete,N/A,SC Beira-Mar,CD Trofense,Fábio José Costa Veríssimo,14,1.43,0.50,1.39,0.52,3,0,3,1,1,0,"8,53,86","",5,2,1,0,1,0,0,1,0,1,9,11,5,3,4,8,17,17,50,50,0.00,0.00,0.00,0.00,2.81,62,86,63,24,9,25,70,52,86,10.50,6.83,0.00,0.00,0.00,0.00,0.00,0.00,0.00,0.00,0.00,Estádio Municipal de Aveiro (Aveiro)
1415531700,Nov 09 2014 - 11:15am,complete,N/A,GD Chaves,Benfica II,João Filipe Malheiro Pinto,15,2.00,1.50,2.13,1.43,0,0,0,0,0,0,"","",8,5,3,1,3,0,1,3,1,2,16,7,6,3,10,4,17,10,50,50,0.00,0.00,0.00,0.00,2.70,62,69,62,40,16,31,70,54,77,12.00,7.14,0.00,0.00,0.00,0.00,0.00,0.00,0.00,0.00,0.00,Estádio Municipal Eng. Manuel Branco Teixeira (Chaves)
1415545200,Nov 09 2014 - 3:00pm,complete,N/A,CD Aves,Portimonense,Hugo Filipe Ferreira de Campos Moreira Miguel,15,2.00,1.00,1.61,1.22,0,0,0,0,0,0,"","",4,10,1,1,2,0,1,1,1,1,9,16,7,8,2,8,13,17,50,50,0.00,0.00,0.00,0.00,2.07,43,57,43,15,7,29,43,29,86,10.03,5.86,0.00,0.00,0.00,0.00,0.00,0.00,0.00,0.00,0.00,Estádio Clube Desportivo das Aves (Vila das Aves)
1415545200,Nov 09 2014 - 3:00pm,complete,N/A,UD Oliveirense,Santa Clara,Olegário Faustino Manuel Benquerença Bartolo,15,2.00,1.29,1.57,0.83,1,0,1,0,0,0,"90'2","",5,5,1,0,3,0,0,1,1,2,17,8,6,5,11,3,23,16,55,45,0.00,0.00,0.00,0.00,2.07,50,50,29,22,7,22,71,22,71,11.53,6.43,0.00,0.00,0.00,0.00,0.00,0.00,0.00,0.00,0.00,Estádio Carlos Osório (Oliveira de Azeméis)
1415545200,Nov 09 2014 - 3:00pm,complete,N/A,Atlético CP,Farense,Rui Manuel Gomes Costa,15,1.67,1.17,1.35,0.96,1,1,2,1,0,1,"61","38",2,4,5,1,3,1,3,3,1,3,6,8,0,5,6,3,22,21,50,50,0.00,0.00,0.00,0.00,2.42,34,67,50,25,9,42,84,25,75,10.33,7.50,0.00,0.00,0.00,0.00,0.00,0.00,0.00,0.00,0.00,Estádio Da Tapadinha (Lisboa)
1415545200,Nov 09 2014 - 3:00pm,complete,N/A,Marítimo II,Clube Oriental de Lisboa,Rui Jorge Piteira Rodrigues,15,1.17,0.43,1.26,0.78,2,3,5,3,2,1,"4,35","12,67,79",7,5,4,0,3,0,3,1,0,3,9,5,4,2,5,3,16,15,50,50,0.00,0.00,0.00,0.00,3.05,63,70,55,40,24,31,69,55,86,9.57,7.04,0.00,0.00,0.00,0.00,0.00,0.00,0.00,0.00,0.00,Campo da Imaculada Conceição (Funchal (Ilha da Madeira))
1415545200,Nov 09 2014 - 3:00pm,complete,N/A,CD Tondela,Vitória Guimarães II,Jorge Ferreira,15,2.14,0.67,2.04,0.96,2,3,5,3,0,3,"53,62","29,34,38",7,3,3,1,6,3,1,3,2,7,8,5,4,3,4,2,16,15,50,50,0.00,0.00,0.00,0.00,2.23,54,62,31,23,7,16,62,30,77,10.34,6.46,0.00,0.00,0.00,0.00,0.00,0.00,0.00,0.00,0.00,Estádio João Cardoso (Tondela)
1415545200,Nov 09 2014 - 3:00pm,complete,N/A,Freamunde,SC Olhanense,Tiago Antunes,15,1.86,0.86,1.57,0.96,0,2,2,2,0,2,"","10,14",5,5,5,1,4,0,2,4,1,3,9,8,3,3,6,5,19,26,50,50,0.00,0.00,0.00,0.00,2.93,29,65,50,36,29,36,65,50,71,7.49,6.43,0.00,0.00,0.00,0.00,0.00,0.00,0.00,0.00,0.00,Complexo Desportivo do SC Freamunde (Freamunde)
1415545200,Nov 09 2014 - 3:00pm,complete,N/A,Leixões,CD Feirense,Jorge Joaquim Martins de Barros Tavares,15,2.67,1.29,1.65,1.35,3,1,4,0,0,0,"49,61,77","57",2,4,4,0,3,0,2,2,3,0,8,10,0,2,8,8,12,13,50,50,0.00,0.00,0.00,0.00,2.68,55,77,69,15,7,30,75,55,86,6.77,7.79,0.00,0.00,0.00,0.00,0.00,0.00,0.00,0.00,0.00,Estádio do Mar (Matosinhos)
1415545200,Nov 09 2014 - 3:00pm,complete,N/A,Academico Viseu,CF União,João Pedro Silva Pinheiro,15,1.17,1.71,1.87,1.87,0,2,2,1,0,1,"","34,87",8,2,3,0,3,1,2,1,2,2,14,3,4,2,10,1,10,15,50,50,0.00,0.00,0.00,0.00,2.38,52,85,47,7,0,9,70,54,84,12.96,7.57,0.00,0.00,0.00,0.00,0.00,0.00,0.00,0.00,0.00,Estádio Municipal do Fontelo (Viseu)
1415545200,Nov 09 2014 - 3:00pm,complete,134,Sporting CP II,Sporting Covilhã,Pedro Vilaça,15,1.83,0.71,1.87,0.96,0,0,0,0,0,0,"","",7,3,0,1,2,0,0,1,0,2,12,10,8,3,4,7,17,12,50,50,0.00,0.00,0.00,0.00,2.15,52,69,47,16,0,31,54,47,77,11.75,5.93,0.00,0.00,0.00,0.00,0.00,0.00,0.00,0.00,0.00,CGD Stadium Aurélio Pereira (Alcochete)
1415545200,Nov 09 2014 - 3:00pm,complete,779,CD Trofense,Porto II,Ricardo José  Salgueiro Lourenço,15,1.14,1.43,1.04,0.87,2,0,2,1,1,0,"31,81","",3,8,2,0,1,0,1,1,1,0,6,14,2,6,4,8,10,15,50,50,0.00,0.00,0.00,0.00,2.00,29,64,36,7,0,22,57,43,57,11.00,8.00,0.00,0.00,0.00,0.00,0.00,0.00,0.00,0.00,0.00,Estádio do Clube Desportivo Trofense (Trofa)
1415548800,Nov 09 2014 - 4:00pm,complete,276,Sporting Braga II,SC Beira-Mar,Tiago Bruno Lopes Martins,15,1.43,1.83,1.48,1.22,2,1,3,1,1,0,"17,59","71",1,6,5,1,3,1,0,6,1,3,9,8,4,4,5,4,26,16,50,50,0.00,0.00,0.00,0.00,2.75,55,77,69,31,7,38,69,54,77,8.34,7.67,0.00,0.00,0.00,0.00,0.00,0.00,0.00,0.00,0.00,Estádio 1º de Maio (Braga)
1416063600,Nov 15 2014 - 3:00pm,complete,532,CD Trofense,Vitória Guimarães II,Cosme Cunha Machado,17,1.38,1.00,1.04,0.96,1,5,6,3,1,2,"45'2","4,45,52,58,89",1,1,3,2,2,0,2,3,1,1,9,8,2,4,7,4,16,21,50,50,0.00,0.00,0.00,0.00,2.29,41,67,34,21,7,21,73,34,68,10.00,7.92,0.00,0.00,0.00,0.00,0.00,0.00,0.00,0.00,0.00,Estádio do Clube Desportivo Trofense (Trofa)
1416067200,Nov 15 2014 - 4:00pm,complete,479,Portimonense,Sporting Braga II,André Manuel Alves Moreira,14,1.67,0.50,1.39,0.87,3,2,5,3,1,2,"41,84,86","32,45",5,3,4,0,5,0,2,2,1,4,13,6,9,3,4,3,17,29,50,50,0.00,0.00,0.00,0.00,2.34,75,83,33,17,9,34,59,34,83,12.30,5.17,0.00,0.00,0.00,0.00,0.00,0.00,0.00,0.00,0.00,Estádio Municipal de Portimão (Portimão)
1416150000,Nov 16 2014 - 3:00pm,complete,1062,CD Feirense,UD Oliveirense,Vasco Santos,14,1.17,1.83,1.91,0.83,2,2,4,3,1,2,"39,80","20,28",11,6,4,0,1,1,2,2,0,2,16,10,7,7,9,3,13,17,-1,-1,0.00,0.00,0.00,0.00,2.25,58,67,59,25,0,25,67,50,67,11.90,6.83,0.00,0.00,0.00,0.00,0.00,0.00,0.00,0.00,0.00,Estádio Marcolino de Castro (Santa Maria da Feira)
1416153600,Nov 16 2014 - 4:00pm,complete,810,Farense,CD Aves,Rui Filipe Cunha Folha Oliveira,14,1.57,0.17,1.74,0.70,2,2,4,1,0,1,"51,66","41,90'6",8,11,4,0,1,0,3,1,0,1,10,8,5,3,5,5,23,14,50,50,0.00,0.00,0.00,0.00,1.48,23,40,17,0,0,0,69,17,62,8.14,6.79,0.00,0.00,0.00,0.00,0.00,0.00,0.00,0.00,0.00,Estádio de São Lúis (Faro)
1416153600,Nov 16 2014 - 4:00pm,complete,509,Santa Clara,Freamunde,Ricardo José  Salgueiro Lourenço,14,0.83,2.17,1.39,1.52,0,1,1,0,0,0,"","90'1",-1,-1,3,0,3,0,0,3,0,3,-1,-1,-1,-1,-1,-1,-1,-1,-1,-1,0.00,0.00,0.00,0.00,2.25,50,75,50,25,0,25,50,42,67,9.57,7.00,0.00,0.00,0.00,0.00,0.00,0.00,0.00,0.00,0.00,Estádio de São Miguel (Ponta Delgada- Ilha de São Miguel- Açores)
1416754800,Nov 23 2014 - 3:00pm,complete,1359,Leixões,Sporting CP II,Iancu Ioan Vasilica,14,2.71,1.00,1.65,1.52,0,0,0,0,0,0,"","",10,5,1,0,2,1,0,1,0,3,19,8,7,4,12,4,7,16,50,50,0.00,0.00,0.00,0.00,2.64,50,72,64,22,15,22,50,64,86,5.40,6.86,0.00,0.00,0.00,0.00,0.00,0.00,0.00,0.00,0.00,Estádio do Mar (Matosinhos)
1416754800,Nov 23 2014 - 3:00pm,complete,418,CD Tondela,Farense,Hugo Filipe Ferreira de Campos Moreira Miguel,17,1.88,1.14,2.04,0.96,1,0,1,0,0,0,"64","",10,5,5,0,4,2,0,5,0,6,15,13,10,7,5,6,13,14,50,50,0.00,0.00,0.00,0.00,2.25,46,60,34,26,13,20,67,32,73,9.86,7.93,0.00,0.00,0.00,0.00,0.00,0.00,0.00,0.00,0.00,Estádio João Cardoso (Tondela)
1416754800,Nov 23 2014 - 3:00pm,complete,605,Academico Viseu,Santa Clara,Manuel Antonio Rodrigues Oliveira,17,1.00,1.13,1.87,0.83,3,0,3,1,1,0,"31,61,85","",11,7,4,0,6,1,1,3,1,6,11,10,3,0,8,10,16,17,50,50,0.00,0.00,0.00,0.00,2.09,40,68,34,13,0,14,75,34,73,11.57,7.11,0.00,0.00,0.00,0.00,0.00,0.00,0.00,0.00,0.00,Estádio Municipal do Fontelo (Viseu)
1417273200,Nov 29 2014 - 3:00pm,complete,400,SC Olhanense,CD Aves,Rui Jorge Piteira Rodrigues,16,1.43,0.29,1.43,0.70,2,3,5,1,1,0,"30,89","58,77,90'1",-1,-1,3,0,3,0,1,2,2,1,-1,-1,-1,-1,-1,-1,-1,-1,-1,-1,0.00,0.00,0.00,0.00,1.93,22,57,36,14,0,7,57,36,79,10.23,6.71,0.00,0.00,0.00,0.00,0.00,0.00,0.00,0.00,0.00,Estádio José Arcanjo (Olhão)
1417273200,Nov 29 2014 - 3:00pm,complete,561,Portimonense,GD Chaves,João Carlos Santos Capela,16,1.86,1.43,1.39,1.35,2,1,3,1,1,0,"13,83","50",5,6,5,0,6,0,3,2,2,4,10,3,7,2,3,1,16,17,50,50,0.00,0.00,0.00,0.00,2.50,57,79,43,29,15,22,64,57,79,13.66,4.71,0.00,0.00,0.00,0.00,0.00,0.00,0.00,0.00,0.00,Estádio Municipal de Portimão (Portimão)
1417276800,Nov 29 2014 - 4:00pm,complete,931,Benfica II,CD Tondela,Sérgio Filipe Grade Sousa Piscarreta,16,2.13,1.00,1.91,1.48,0,2,2,1,0,1,"","36,60",10,3,3,0,4,0,1,2,1,3,14,10,3,4,11,6,15,17,50,50,0.00,0.00,0.00,0.00,3.45,73,93,66,60,20,53,79,27,93,13.56,6.49,0.00,0.00,0.00,0.00,0.00,0.00,0.00,0.00,0.00,Caixa Futebol Campus (Seixal)
1417276800,Nov 29 2014 - 4:00pm,complete,642,CF União,Atlético CP,Manuel Mota,16,1.43,0.63,1.61,0.70,2,2,4,0,0,0,"76,90'4","56,73",9,2,3,0,3,0,1,2,1,2,13,3,7,0,6,3,13,16,50,50,0.00,0.00,0.00,0.00,2.84,53,73,47,26,20,32,66,54,87,8.54,8.00,0.00,0.00,0.00,0.00,0.00,0.00,0.00,0.00,0.00,Estádio Municipal de Machico (Machico (Madeira))
1417280400,Nov 29 2014 - 5:00pm,complete,328,Porto II,Academico Viseu,Ricardo Baixinho,16,1.57,1.00,1.78,0.83,3,2,5,2,2,0,"12,17,61","70,85",2,6,2,0,2,0,1,1,0,2,8,12,6,9,2,3,20,9,50,50,0.00,0.00,0.00,0.00,2.61,53,73,27,27,14,20,61,47,87,12.29,5.86,0.00,0.00,0.00,0.00,0.00,0.00,0.00,0.00,0.00,Estádio Dr. Jorge Sampaio (Pedroso- Vila Nova de Gaia)
1417346100,Nov 30 2014 - 11:15am,complete,773,CD Feirense,Sporting CP II,Rui Manuel Gomes Costa,16,1.14,1.00,1.91,1.52,2,0,2,2,2,0,"32,36","",7,4,0,0,3,0,0,0,1,2,10,12,3,3,7,9,14,10,50,50,0.00,0.00,0.00,0.00,2.56,56,68,61,34,13,34,61,54,75,10.83,6.25,0.00,0.00,0.00,0.00,0.00,0.00,0.00,0.00,0.00,Estádio Marcolino de Castro (Santa Maria da Feira)
1417359600,Nov 30 2014 - 3:00pm,complete,367,Sporting Covilhã,Leixões,Luís Miguel Rodrigues Ferreira,16,2.00,0.14,2.52,0.52,3,0,3,0,0,0,"46,70,82","",9,7,2,0,2,0,0,2,1,1,11,14,5,7,6,7,12,9,50,50,0.00,0.00,0.00,0.00,2.72,36,71,50,22,14,36,86,29,71,10.90,8.14,0.00,0.00,0.00,0.00,0.00,0.00,0.00,0.00,0.00,Estádio Municipal José Santos Pinto (Covilhã)
1417359600,Nov 30 2014 - 3:00pm,complete,1968,Vitória Guimarães II,Freamunde,Nuno Miguel Serrano Almeida,16,2.13,2.29,1.87,1.52,0,1,1,1,0,1,"","40",3,7,3,1,6,0,2,2,3,3,5,8,2,4,3,4,14,19,50,50,0.00,0.00,0.00,0.00,3.00,52,86,72,25,19,45,65,66,86,8.74,6.86,0.00,0.00,0.00,0.00,0.00,0.00,0.00,0.00,0.00,Estádio Dom Afonso Henriques (Guimarães)
1417359600,Nov 30 2014 - 3:00pm,complete,471,Clube Oriental de Lisboa,Sporting Braga II,João Filipe Malheiro Pinto,16,1.29,0.43,1.74,0.87,1,1,2,1,1,0,"12","87",7,9,3,0,3,0,1,2,0,3,10,10,6,4,4,6,16,19,50,50,0.00,0.00,0.00,0.00,2.00,50,65,29,14,7,36,50,29,72,11.12,6.14,0.00,0.00,0.00,0.00,0.00,0.00,0.00,0.00,0.00,Campo Engenheiro Carlos Salema (Lisboa)
1417359600,Nov 30 2014 - 3:00pm,complete,761,Farense,CD Trofense,Carlos Miguel Taborda Xistra,16,1.50,0.43,1.74,0.52,1,1,2,0,0,0,"58","52",11,0,5,0,3,1,3,2,1,3,18,8,8,3,10,5,19,17,50,50,0.00,0.00,0.00,0.00,2.46,48,69,50,21,7,22,81,28,82,9.63,6.81,0.00,0.00,0.00,0.00,0.00,0.00,0.00,0.00,0.00,Estádio de São Lúis (Faro)
1417363200,Nov 30 2014 - 4:00pm,complete,972,SC Beira-Mar,UD Oliveirense,Manuel Jorge Neves Moreira de Sousa,16,1.63,1.71,1.39,0.83,2,4,6,1,0,1,"50,67","20,74,81,90'4",5,6,6,2,4,1,1,7,0,5,9,6,3,3,6,3,19,14,-1,-1,0.00,0.00,0.00,0.00,2.26,47,66,54,21,0,15,67,52,66,9.71,6.46,0.00,0.00,0.00,0.00,0.00,0.00,0.00,0.00,0.00,Estádio Municipal de Aveiro (Aveiro)
1417363200,Nov 30 2014 - 4:00pm,complete,445,Santa Clara,Marítimo II,André Filipe Domingues Narciso,16,0.71,0.88,1.39,0.52,2,0,2,1,1,0,"32,73","",3,14,1,0,3,0,0,1,0,3,7,8,3,5,4,3,18,18,50,50,0.00,0.00,0.00,0.00,2.20,41,66,47,22,0,21,66,26,80,11.15,6.00,0.00,0.00,0.00,0.00,0.00,0.00,0.00,0.00,0.00,Estádio de São Miguel (Ponta Delgada- Ilha de São Miguel- Açores)
1417618800,Dec 03 2014 - 3:00pm,complete,450,Atlético CP,Clube Oriental de Lisboa,Bruno Alexandre da Silva Esteves,17,1.57,0.75,1.35,0.78,0,1,1,0,0,0,"","90'4",7,1,4,0,2,0,2,2,1,1,13,9,6,3,7,6,18,14,50,50,0.00,0.00,0.00,0.00,2.81,54,75,54,34,20,48,88,40,81,10.00,7.06,0.00,0.00,0.00,0.00,0.00,0.00,0.00,0.00,0.00,Estádio Da Tapadinha (Lisboa)
1417618800,Dec 03 2014 - 3:00pm,complete,276,Sporting Braga II,SC Olhanense,Artur Manuel Ribeiro Soares Dias,17,1.63,1.13,1.48,0.96,2,0,2,1,1,0,"37,73","",3,5,2,0,2,0,0,2,1,1,5,10,4,7,1,3,21,9,50,50,0.00,0.00,0.00,0.00,3.50,50,88,69,44,32,51,82,63,69,6.38,6.76,0.00,0.00,0.00,0.00,0.00,0.00,0.00,0.00,0.00,Estádio 1º de Maio (Braga)
1417618800,Dec 03 2014 - 3:00pm,complete,183,Sporting CP II,CF União,Rui Jorge Piteira Rodrigues,17,1.71,1.88,1.87,1.87,0,1,1,1,0,1,"","22",15,7,4,1,2,0,2,3,0,2,19,9,7,4,12,5,12,17,50,50,0.00,0.00,0.00,0.00,2.05,46,73,41,14,0,15,53,47,79,10.88,6.06,0.00,0.00,0.00,0.00,0.00,0.00,0.00,0.00,0.00,CGD Stadium Aurélio Pereira (Alcochete)
1417618800,Dec 03 2014 - 3:00pm,complete,681,Leixões,Porto II,Luis Miguel Branco Godinho,17,2.50,1.25,1.65,0.87,2,3,5,0,0,0,"46,90'1","66,78,81",5,6,5,2,5,0,1,6,1,4,7,16,3,9,4,7,13,10,50,50,0.00,0.00,0.00,0.00,2.19,44,75,51,7,0,19,44,51,82,10.13,7.00,0.00,0.00,0.00,0.00,0.00,0.00,0.00,0.00,0.00,Estádio do Mar (Matosinhos)
1417618800,Dec 03 2014 - 3:00pm,complete,420,UD Oliveirense,Sporting Covilhã,Duarte  Gomes,17,2.13,0.75,1.57,0.96,2,1,3,0,0,0,"66,82","60",4,16,1,0,1,0,0,1,1,0,6,18,3,6,3,12,16,15,-1,-1,0.00,0.00,0.00,0.00,2.00,51,51,32,13,7,25,57,26,75,13.13,6.13,0.00,0.00,0.00,0.00,0.00,0.00,0.00,0.00,0.00,Estádio Carlos Osório (Oliveira de Azeméis)
1417618800,Dec 03 2014 - 3:00pm,complete,590,Freamunde,Portimonense,Manuel Mota,17,1.63,1.00,1.57,1.22,0,0,0,0,0,0,"","",2,4,4,0,6,0,1,3,4,2,4,8,0,3,4,5,7,12,50,50,0.00,0.00,0.00,0.00,1.69,13,44,25,13,7,19,38,32,69,11.03,6.38,0.00,0.00,0.00,0.00,0.00,0.00,0.00,0.00,0.00,Complexo Desportivo do SC Freamunde (Freamunde)
1417622400,Dec 03 2014 - 4:00pm,complete,520,GD Chaves,SC Beira-Mar,Bruno Miguel Duarte Paixão,17,1.88,1.57,2.13,1.22,3,0,3,1,1,0,"32,72,83","",5,9,3,0,3,0,2,1,1,2,6,14,2,4,4,10,22,18,50,50,0.00,0.00,0.00,0.00,2.41,61,67,61,27,7,27,61,54,81,10.50,7.95,0.00,0.00,0.00,0.00,0.00,0.00,0.00,0.00,0.00,Estádio Municipal Eng. Manuel Branco Teixeira (Chaves)
1417636800,Dec 03 2014 - 8:00pm,complete,300,CD Aves,Benfica II,Tiago Antunes,17,1.88,1.43,1.61,1.43,3,3,6,3,1,2,"41,53,72","11,30,58",7,11,1,1,4,0,0,2,0,4,7,8,4,3,3,5,15,21,50,50,0.00,0.00,0.00,0.00,2.16,54,60,54,22,7,34,61,28,66,10.92,6.86,0.00,0.00,0.00,0.00,0.00,0.00,0.00,0.00,0.00,Estádio Clube Desportivo das Aves (Vila das Aves)
1417791600,Dec 05 2014 - 3:00pm,complete,1328,Vitória Guimarães II,Academico Viseu,Ricardo José  Salgueiro Lourenço,18,1.89,0.89,1.87,0.83,1,2,3,2,1,1,"22","25,49",9,3,5,0,2,0,2,3,0,2,11,6,5,4,6,2,25,21,50,50,0.00,0.00,0.00,0.00,3.23,67,84,61,39,28,50,78,62,89,9.49,7.00,0.00,0.00,0.00,0.00,0.00,0.00,0.00,0.00,0.00,Estádio Dom Afonso Henriques (Guimarães)
1417950900,Dec 07 2014 - 11:15am,complete,626,Clube Oriental de Lisboa,Sporting CP II,Luís Miguel Rodrigues Ferreira,18,1.25,0.89,1.74,1.52,3,4,7,2,1,1,"33,80,84","28,51,72,76",3,2,1,0,4,0,0,1,1,3,8,4,4,0,4,4,15,21,50,50,0.00,0.00,0.00,0.00,1.86,24,53,29,18,11,23,47,35,60,9.86,5.35,0.00,0.00,0.00,0.00,0.00,0.00,0.00,0.00,0.00,Campo Engenheiro Carlos Salema (Lisboa)
1417964400,Dec 07 2014 - 3:00pm,complete,610,CD Aves,GD Chaves,João Pedro Silva Pinheiro,18,1.78,1.25,1.61,1.35,2,3,5,4,1,3,"3,82","23,38,42",3,4,3,0,2,1,2,1,1,2,7,6,3,3,4,3,15,13,50,50,0.00,0.00,0.00,0.00,2.29,53,71,53,12,6,29,66,43,77,11.29,6.39,0.00,0.00,0.00,0.00,0.00,0.00,0.00,0.00,0.00,Estádio Clube Desportivo das Aves (Vila das Aves)
1417964400,Dec 07 2014 - 3:00pm,complete,807,Farense,Marítimo II,André Manuel Alves Moreira,18,1.44,0.78,1.74,0.52,1,1,2,0,0,0,"48","70",9,5,5,1,2,0,0,6,1,1,10,12,4,5,6,7,12,8,50,50,0.00,0.00,0.00,0.00,1.95,33,61,28,6,0,6,73,28,78,12.00,6.56,0.00,0.00,0.00,0.00,0.00,0.00,0.00,0.00,0.00,Estádio de São Lúis (Faro)
1417964400,Dec 07 2014 - 3:00pm,complete,830,Portimonense,CD Tondela,Duarte Nuno Pereira Gomes,18,2.00,1.25,1.39,1.48,1,1,2,0,0,0,"58","86",-1,-1,3,0,3,0,1,2,0,3,-1,-1,-1,-1,-1,-1,-1,-1,-1,-1,0.00,0.00,0.00,0.00,2.94,69,88,50,44,19,32,63,44,88,13.00,5.88,0.00,0.00,0.00,0.00,0.00,0.00,0.00,0.00,0.00,Estádio Municipal de Portimão (Portimão)
1417964400,Dec 07 2014 - 3:00pm,complete,535,SC Beira-Mar,CD Feirense,Bruno Alexandre da Silva Esteves,18,1.44,1.13,1.39,1.35,1,2,3,3,1,2,"4","12,33",6,4,2,1,4,0,1,2,2,2,6,5,4,2,2,3,16,19,50,50,0.00,0.00,0.00,0.00,2.89,53,77,66,30,12,19,78,64,77,8.67,7.57,0.00,0.00,0.00,0.00,0.00,0.00,0.00,0.00,0.00,Estádio Municipal de Aveiro (Aveiro)
1417964400,Dec 07 2014 - 3:00pm,complete,478,SC Olhanense,CD Trofense,Paulo Baptista,18,1.25,0.50,1.43,0.52,1,0,1,0,0,0,"86","",15,2,3,0,5,0,1,2,0,5,13,3,6,0,7,3,23,12,50,50,0.00,0.00,0.00,0.00,2.69,44,82,57,25,13,26,63,44,94,9.21,7.13,0.00,0.00,0.00,0.00,0.00,0.00,0.00,0.00,0.00,Estádio José Arcanjo (Olhão)
1417968000,Dec 07 2014 - 4:00pm,complete,588,CF União,UD Oliveirense,Miguel Hugo ,18,1.38,1.88,1.61,0.83,0,0,0,0,0,0,"","",14,4,3,1,3,0,1,3,1,2,13,9,10,3,3,6,12,7,-1,-1,0.00,0.00,0.00,0.00,2.63,50,69,57,32,13,19,63,51,76,10.13,7.88,0.00,0.00,0.00,0.00,0.00,0.00,0.00,0.00,0.00,Estádio Municipal de Machico (Machico (Madeira))
1417968000,Dec 07 2014 - 4:00pm,complete,549,Santa Clara,Leixões,Tiago Bruno Lopes Martins,18,1.00,0.13,1.39,0.52,2,0,2,1,1,0,"36,68","",4,6,4,1,1,0,2,3,1,0,6,9,3,5,3,4,17,7,50,50,0.00,0.00,0.00,0.00,2.38,38,69,44,26,7,32,69,26,75,10.67,7.50,0.00,0.00,0.00,0.00,0.00,0.00,0.00,0.00,0.00,Estádio de São Miguel (Ponta Delgada- Ilha de São Miguel- Açores)
1417968000,Dec 07 2014 - 4:00pm,complete,548,Porto II,Atlético CP,Fábio José Costa Veríssimo,18,1.75,0.67,1.78,0.70,1,1,2,2,1,1,"25","31",5,3,1,0,3,0,0,1,1,2,14,6,3,2,11,4,17,13,50,50,0.00,0.00,0.00,0.00,3.17,59,77,47,41,24,35,71,53,89,10.20,5.77,0.00,0.00,0.00,0.00,0.00,0.00,0.00,0.00,0.00,Estádio Dr. Jorge Sampaio (Pedroso- Vila Nova de Gaia)
1418050800,Dec 08 2014 - 3:00pm,complete,424,Sporting Covilhã,Sporting Braga II,Rui Jorge Piteira Rodrigues,18,2.13,0.50,2.52,0.87,4,0,4,2,2,0,"13,45'2,70,90'4","",6,6,2,0,2,0,2,0,0,2,8,11,6,8,2,3,22,12,50,50,0.00,0.00,0.00,0.00,2.69,63,82,51,19,13,38,75,32,82,10.88,6.88,0.00,0.00,0.00,0.00,0.00,0.00,0.00,0.00,0.00,Estádio Municipal José Santos Pinto (Covilhã)
1418061600,Dec 08 2014 - 6:00pm,complete,630,Benfica II,Freamunde,Iancu Ioan Vasilica,18,1.89,2.38,1.91,1.52,1,1,2,0,0,0,"71","79",6,2,1,0,2,0,1,0,0,2,8,11,5,7,3,4,12,14,50,50,0.00,0.00,0.00,0.00,2.72,46,82,53,28,11,35,69,36,82,12.01,6.80,0.00,0.00,0.00,0.00,0.00,0.00,0.00,0.00,0.00,Caixa Futebol Campus (Seixal)
1418482800,Dec 13 2014 - 3:00pm,complete,N/A,Sporting CP II,Porto II,Tiago Bruno Lopes Martins,19,1.50,1.44,1.87,0.87,2,1,3,2,2,0,"26,44","90'5",5,4,6,1,5,0,3,4,2,3,7,9,6,5,1,4,19,13,50,50,0.00,0.00,0.00,0.00,1.98,29,64,41,12,6,24,47,41,64,13.72,6.64,0.00,0.00,0.00,0.00,0.00,0.00,0.00,0.00,0.00,CGD Stadium Aurélio Pereira (Alcochete)
1418490000,Dec 13 2014 - 5:00pm,complete,N/A,Freamunde,CD Aves,Artur Manuel Ribeiro Soares Dias,19,1.56,0.63,1.57,0.70,1,1,2,0,0,0,"53","75",2,3,2,0,4,1,1,1,1,4,12,4,4,2,8,2,10,16,50,50,0.00,0.00,0.00,0.00,1.91,19,54,36,13,7,11,60,36,66,10.11,6.80,0.00,0.00,0.00,0.00,0.00,0.00,0.00,0.00,0.00,Complexo Desportivo do SC Freamunde (Freamunde)
1418554800,Dec 14 2014 - 11:00am,complete,N/A,Marítimo II,Vitória Guimarães II,Rui Filipe Cunha Folha Oliveira,19,1.00,1.25,1.26,0.96,3,2,5,3,2,1,"24,44,74","32,68",4,12,4,0,2,0,0,4,0,2,13,7,4,4,9,3,18,18,50,50,0.00,0.00,0.00,0.00,3.43,75,81,61,48,34,41,73,55,94,9.58,7.43,0.00,0.00,0.00,0.00,0.00,0.00,0.00,0.00,0.00,Campo da Imaculada Conceição (Funchal (Ilha da Madeira))
1418555700,Dec 14 2014 - 11:15am,complete,N/A,UD Oliveirense,Clube Oriental de Lisboa,Bruno Miguel Duarte Paixão,19,2.22,1.00,1.57,0.78,0,1,1,1,0,1,"","23",12,3,3,0,4,0,1,2,1,3,12,8,0,2,12,6,14,21,57,43,0.00,0.00,0.00,0.00,2.34,44,50,39,22,17,28,62,33,78,11.74,6.11,0.00,0.00,0.00,0.00,0.00,0.00,0.00,0.00,0.00,Estádio Carlos Osório (Oliveira de Azeméis)
1418569200,Dec 14 2014 - 3:00pm,complete,N/A,Leixões,CF União,Tiago Antunes,19,2.22,2.00,1.65,1.87,2,1,3,2,1,1,"15,80","14",8,6,5,0,0,0,2,3,0,0,10,12,5,4,5,8,11,14,50,50,0.00,0.00,0.00,0.00,2.45,62,78,50,17,6,6,50,56,89,9.11,7.22,0.00,0.00,0.00,0.00,0.00,0.00,0.00,0.00,0.00,Estádio do Mar (Matosinhos)
1418569200,Dec 14 2014 - 3:00pm,complete,N/A,CD Tondela,SC Beira-Mar,João Carlos Santos Capela,19,2.00,1.38,2.04,1.22,1,0,1,0,0,0,"75","",5,4,5,0,2,0,1,4,2,0,6,12,2,7,4,5,20,14,50,50,0.00,0.00,0.00,0.00,2.54,60,66,54,29,11,24,66,54,83,10.77,8.05,0.00,0.00,0.00,0.00,0.00,0.00,0.00,0.00,0.00,Estádio João Cardoso (Tondela)
1418569200,Dec 14 2014 - 3:00pm,complete,N/A,Atlético CP,Santa Clara,Pedro Vilaça,19,1.38,1.00,1.35,0.83,2,1,3,2,2,0,"20,33","79",0,8,6,2,7,0,3,5,2,5,3,20,2,11,1,9,16,16,50,50,0.00,0.00,0.00,0.00,2.32,47,66,42,24,7,31,78,29,83,9.38,7.17,0.00,0.00,0.00,0.00,0.00,0.00,0.00,0.00,0.00,Estádio Da Tapadinha (Lisboa)
1418569200,Dec 14 2014 - 3:00pm,complete,N/A,GD Chaves,SC Olhanense,André Filipe Domingues Narciso,19,2.00,1.00,2.13,0.96,1,1,2,1,0,1,"58","15",9,6,4,0,5,0,1,3,1,4,10,7,4,3,6,4,15,23,50,50,0.00,0.00,0.00,0.00,3.06,44,78,56,39,28,39,73,56,73,8.75,6.55,0.00,0.00,0.00,0.00,0.00,0.00,0.00,0.00,0.00,Estádio Municipal Eng. Manuel Branco Teixeira (Chaves)
1418569200,Dec 14 2014 - 3:00pm,complete,N/A,CD Feirense,Sporting Covilhã,João Filipe Malheiro Pinto,19,1.38,0.67,1.91,0.96,2,1,3,2,1,1,"39,70","37",7,6,3,0,3,1,1,2,2,2,11,11,4,2,7,9,13,20,50,50,0.00,0.00,0.00,0.00,2.43,71,78,54,25,0,36,60,47,77,14.64,5.63,0.00,0.00,0.00,0.00,0.00,0.00,0.00,0.00,0.00,Estádio Marcolino de Castro (Santa Maria da Feira)
1418569200,Dec 14 2014 - 3:00pm,complete,N/A,CD Trofense,Portimonense,Manuel Antonio Rodrigues Oliveira,19,1.22,1.00,1.04,1.22,1,2,3,2,0,2,"70","8,45",2,4,4,0,5,0,1,3,0,5,4,6,3,2,1,4,17,18,50,50,0.00,0.00,0.00,0.00,2.00,28,50,28,22,11,17,50,39,62,9.88,7.00,0.00,0.00,0.00,0.00,0.00,0.00,0.00,0.00,0.00,Estádio do Clube Desportivo Trofense (Trofa)
1418569200,Dec 14 2014 - 3:00pm,complete,N/A,Academico Viseu,Farense,Jorge Joaquim Martins de Barros Tavares,19,1.25,1.00,1.87,0.96,1,0,1,0,0,0,"80","",7,3,1,0,4,0,1,0,2,2,10,5,6,3,4,2,15,25,50,50,0.00,0.00,0.00,0.00,2.07,25,69,38,7,0,13,76,32,75,13.01,8.63,0.00,0.00,0.00,0.00,0.00,0.00,0.00,0.00,0.00,Estádio Municipal do Fontelo (Viseu)
1418569200,Dec 14 2014 - 3:00pm,complete,N/A,Sporting Braga II,Benfica II,Fábio José Costa Veríssimo,19,1.78,1.38,1.48,1.43,3,2,5,4,2,2,"6,22,89","14,37",3,8,3,1,6,1,1,3,2,5,5,15,2,5,3,10,11,13,50,50,0.00,0.00,0.00,0.00,2.89,54,76,65,36,18,36,77,53,71,10.53,7.10,0.00,0.00,0.00,0.00,0.00,0.00,0.00,0.00,0.00,Estádio 1º de Maio (Braga)
1418815800,Dec 17 2014 - 11:30am,complete,N/A,Marítimo II,CD Feirense,Rui Jorge Piteira Rodrigues,17,1.25,1.33,1.26,1.35,0,1,1,0,0,0,"","65",5,6,3,0,3,0,1,2,0,3,12,12,5,5,7,7,13,11,50,50,0.00,0.00,0.00,0.00,3.50,72,83,77,48,31,47,82,60,84,8.42,7.61,0.00,0.00,0.00,0.00,0.00,0.00,0.00,0.00,0.00,Campo da Imaculada Conceição (Funchal (Ilha da Madeira))
1419159600,Dec 21 2014 - 11:00am,complete,N/A,Benfica II,Marítimo II,Ricardo José  Salgueiro Lourenço,20,1.80,0.80,1.91,0.52,3,0,3,1,1,0,"16,51,56","",7,7,2,0,3,0,0,2,1,2,10,16,5,5,5,11,19,17,50,50,0.00,0.00,0.00,0.00,2.80,50,90,50,25,10,30,80,35,95,13.80,5.40,0.00,0.00,0.00,0.00,0.00,0.00,0.00,0.00,0.00,Caixa Futebol Campus (Seixal)
1419160500,Dec 21 2014 - 11:15am,complete,N/A,Portimonense,UD Oliveirense,Carlos Miguel Taborda Xistra,20,1.89,1.78,1.39,0.83,2,1,3,2,2,0,"34,45","69",3,6,4,0,2,1,2,2,1,2,9,7,3,3,6,4,12,14,54,46,0.00,0.00,0.00,0.00,2.56,61,73,50,33,17,22,62,50,73,11.78,6.00,0.00,0.00,0.00,0.00,0.00,0.00,0.00,0.00,0.00,Estádio Municipal de Portimão (Portimão)
1419174000,Dec 21 2014 - 3:00pm,complete,N/A,SC Olhanense,Academico Viseu,Manuel Jorge Neves Moreira de Sousa,20,1.44,1.10,1.43,0.83,0,0,0,0,0,0,"","",-1,-1,2,0,2,0,0,2,1,1,-1,-1,-1,-1,-1,-1,-1,-1,-1,-1,0.00,0.00,0.00,0.00,2.46,46,68,37,26,16,26,52,42,90,11.19,7.04,0.00,0.00,0.00,0.00,0.00,0.00,0.00,0.00,0.00,Estádio José Arcanjo (Olhão)
1419174000,Dec 21 2014 - 3:00pm,complete,N/A,GD Chaves,Freamunde,Luis Miguel Branco Godinho,20,1.90,2.22,2.13,1.52,1,1,2,1,1,0,"7","83",6,7,4,0,5,1,1,3,2,4,11,7,7,5,4,2,21,23,50,50,0.00,0.00,0.00,0.00,2.10,42,69,42,10,5,16,47,53,74,10.50,7.29,0.00,0.00,0.00,0.00,0.00,0.00,0.00,0.00,0.00,Estádio Municipal Eng. Manuel Branco Teixeira (Chaves)
1419174000,Dec 21 2014 - 3:00pm,complete,N/A,CD Aves,CD Tondela,Nuno Miguel Serrano Almeida,20,1.60,1.22,1.61,1.48,0,1,1,0,0,0,"","53",5,11,4,1,3,0,0,5,1,2,14,10,7,4,7,6,18,19,50,50,0.00,0.00,0.00,0.00,2.75,64,80,52,32,16,42,58,27,85,10.80,6.68,0.00,0.00,0.00,0.00,0.00,0.00,0.00,0.00,0.00,Estádio Clube Desportivo das Aves (Vila das Aves)
1419174000,Dec 21 2014 - 3:00pm,complete,N/A,SC Beira-Mar,Atlético CP,Miguel Hugo ,20,1.30,0.70,1.39,0.70,2,2,4,1,1,0,"11,77","74,88",1,10,3,1,4,0,1,3,0,4,7,11,3,3,4,8,15,13,50,50,0.00,0.00,0.00,0.00,3.00,65,80,55,30,15,30,70,60,75,8.60,7.30,0.00,0.00,0.00,0.00,0.00,0.00,0.00,0.00,0.00,Estádio Municipal de Aveiro (Aveiro)
1419174000,Dec 21 2014 - 3:00pm,complete,N/A,Vitória Guimarães II,Sporting CP II,Paulo Baptista,20,1.70,1.10,1.87,1.52,1,3,4,2,1,1,"21","1,83,90'4",6,5,1,1,4,1,0,2,1,4,12,9,7,4,5,5,12,22,50,50,0.00,0.00,0.00,0.00,3.15,50,75,70,35,30,55,80,55,75,7.77,6.70,0.00,0.00,0.00,0.00,0.00,0.00,0.00,0.00,0.00,Estádio Dom Afonso Henriques (Guimarães)
1419174000,Dec 21 2014 - 3:00pm,complete,N/A,Sporting Braga II,Porto II,Bruno Alexandre da Silva Esteves,20,1.90,1.30,1.48,0.87,2,2,4,1,0,1,"56,59","4,61",5,4,5,1,2,0,4,2,1,1,10,7,5,5,5,2,9,18,50,50,0.00,0.00,0.00,0.00,2.75,45,85,60,20,15,35,65,45,80,9.60,7.40,0.00,0.00,0.00,0.00,0.00,0.00,0.00,0.00,0.00,Estádio 1º de Maio (Braga)
1419174000,Dec 21 2014 - 3:00pm,complete,N/A,Farense,Leixões,Iancu Ioan Vasilica,20,1.40,0.11,1.74,0.52,3,0,3,2,2,0,"22,45,78","",0,3,0,0,1,0,0,0,0,1,0,9,0,4,0,5,16,15,50,50,0.00,0.00,0.00,0.00,2.13,36,64,27,11,6,17,69,32,74,11.41,8.13,0.00,0.00,0.00,0.00,0.00,0.00,0.00,0.00,0.00,Estádio de São Lúis (Faro)
1419174000,Dec 21 2014 - 3:00pm,complete,N/A,Clube Oriental de Lisboa,Sporting Covilhã,João Pedro Silva Pinheiro,20,1.11,0.60,1.74,0.96,0,2,2,1,0,1,"","24,84",6,3,4,0,2,0,2,2,0,2,13,7,9,2,4,5,10,14,50,50,0.00,0.00,0.00,0.00,2.16,52,63,36,16,6,26,47,37,74,13.08,5.10,0.00,0.00,0.00,0.00,0.00,0.00,0.00,0.00,0.00,Campo Engenheiro Carlos Salema (Lisboa)
1419177600,Dec 21 2014 - 4:00pm,complete,N/A,Santa Clara,CD Trofense,Jorge Ferreira,20,1.22,0.44,1.39,0.52,0,0,0,0,0,0,"","",5,2,1,1,2,0,0,2,1,1,7,2,4,2,3,0,15,13,50,50,0.00,0.00,0.00,0.00,2.50,50,78,50,28,6,28,67,28,89,8.97,6.78,0.00,0.00,0.00,0.00,0.00,0.00,0.00,0.00,0.00,Estádio de São Miguel (Ponta Delgada- Ilha de São Miguel- Açores)
1419177600,Dec 21 2014 - 4:00pm,complete,N/A,CF União,CD Feirense,Ricardo Baixinho,20,1.33,1.50,1.61,1.35,0,2,2,1,0,1,"","9,75",9,2,5,0,1,0,3,2,0,1,9,5,3,2,6,3,17,16,50,50,0.00,0.00,0.00,0.00,2.57,47,69,57,26,11,26,62,48,74,10.22,8.00,0.00,0.00,0.00,0.00,0.00,0.00,0.00,0.00,0.00,Estádio Municipal de Machico (Machico (Madeira))
1420282800,Jan 03 2015 - 11:00am,complete,N/A,Marítimo II,Sporting Braga II,Pedro Vilaça,21,1.11,0.44,1.26,0.87,0,1,1,1,0,1,"","29",5,4,4,0,2,0,2,2,0,2,10,5,5,3,5,2,12,17,50,50,0.00,0.00,0.00,0.00,3.17,78,84,56,39,28,50,73,50,95,9.75,7.22,0.00,0.00,0.00,0.00,0.00,0.00,0.00,0.00,0.00,Estádio Municipal de Machico (Machico (Madeira))
1420370100,Jan 04 2015 - 11:15am,complete,N/A,Freamunde,SC Beira-Mar,Rui Jorge Piteira Rodrigues,21,1.50,1.22,1.57,1.22,0,0,0,0,0,0,"","",6,3,2,0,2,0,0,2,0,2,11,5,6,2,5,3,13,15,50,50,0.00,0.00,0.00,0.00,1.97,33,59,44,11,0,21,54,43,75,9.38,7.61,0.00,0.00,0.00,0.00,0.00,0.00,0.00,0.00,0.00,Complexo Desportivo do SC Freamunde (Freamunde)
1420383600,Jan 04 2015 - 3:00pm,complete,N/A,Academico Viseu,CD Aves,Manuel Antonio Rodrigues Oliveira,21,1.44,0.67,1.87,0.70,3,0,3,2,2,0,"11,42,54","",11,1,0,0,2,1,0,0,1,2,12,5,9,2,3,3,14,11,50,50,0.00,0.00,0.00,0.00,2.28,33,73,44,11,6,6,73,50,78,13.00,6.89,0.00,0.00,0.00,0.00,0.00,0.00,0.00,0.00,0.00,Estádio Municipal do Fontelo (Viseu)
1420383600,Jan 04 2015 - 3:00pm,complete,N/A,Sporting Covilhã,CF União,Bruno Miguel Duarte Paixão,21,2.22,1.80,2.52,1.87,1,0,1,0,0,0,"90'2","",4,2,1,0,2,1,1,0,0,3,10,2,7,0,3,2,27,23,50,50,0.00,0.00,0.00,0.00,2.65,47,79,54,22,6,22,74,42,84,11.20,5.88,0.00,0.00,0.00,0.00,0.00,0.00,0.00,0.00,0.00,Estádio Municipal José Santos Pinto (Covilhã)
1420383600,Jan 04 2015 - 3:00pm,complete,N/A,CD Feirense,Santa Clara,Rui Filipe Cunha Folha Oliveira,21,1.56,0.90,1.91,0.83,2,1,3,1,0,1,"56,90'4","14",10,1,4,0,5,1,1,3,1,5,18,4,6,3,12,1,25,18,50,50,0.00,0.00,0.00,0.00,2.44,64,75,54,27,0,38,74,37,79,12.42,6.67,0.00,0.00,0.00,0.00,0.00,0.00,0.00,0.00,0.00,Estádio Marcolino de Castro (Santa Maria da Feira)
1420383600,Jan 04 2015 - 3:00pm,complete,N/A,CD Tondela,SC Olhanense,Manuel Mota,21,2.10,1.00,2.04,0.96,1,0,1,1,1,0,"31","",7,4,2,0,4,1,0,2,2,3,10,5,3,2,7,3,9,13,50,50,0.00,0.00,0.00,0.00,2.95,50,70,40,40,30,35,70,45,75,8.76,7.20,0.00,0.00,0.00,0.00,0.00,0.00,0.00,0.00,0.00,Estádio João Cardoso (Tondela)
1420383600,Jan 04 2015 - 3:00pm,complete,N/A,CD Trofense,GD Chaves,Tiago Bruno Lopes Martins,21,1.10,1.44,1.04,1.35,0,1,1,1,0,1,"","25",2,1,3,1,4,0,2,2,3,1,8,11,5,4,3,7,12,19,50,50,0.00,0.00,0.00,0.00,2.53,48,74,48,21,11,26,79,48,69,10.00,7.34,0.00,0.00,0.00,0.00,0.00,0.00,0.00,0.00,0.00,Estádio do Clube Desportivo Trofense (Trofa)
1420383600,Jan 04 2015 - 3:00pm,complete,N/A,Atlético CP,Portimonense,Tiago Antunes,21,1.56,1.20,1.35,1.22,1,2,3,2,1,1,"18","25,74",8,3,2,0,3,0,2,0,1,2,7,11,3,8,4,3,14,16,50,50,0.00,0.00,0.00,0.00,2.19,43,59,43,21,11,38,60,26,80,10.00,7.30,0.00,0.00,0.00,0.00,0.00,0.00,0.00,0.00,0.00,Estádio Da Tapadinha (Lisboa)
1420383600,Jan 04 2015 - 3:00pm,complete,N/A,UD Oliveirense,Farense,Luís Miguel Rodrigues Ferreira,21,2.00,0.89,1.57,0.96,2,2,4,3,2,1,"13,45","22,65",6,2,3,0,4,0,0,3,4,0,8,7,3,0,5,7,18,13,54,46,0.00,0.00,0.00,0.00,1.84,31,42,26,11,5,16,58,16,74,12.27,7.37,0.00,0.00,0.00,0.00,0.00,0.00,0.00,0.00,0.00,Estádio Carlos Osório (Oliveira de Azeméis)
1420383600,Jan 04 2015 - 3:00pm,complete,N/A,Leixões,Clube Oriental de Lisboa,Marco Bruno dos Santos Ferreira,21,2.30,1.20,1.65,0.78,1,2,3,1,1,0,"15","56,81",2,6,2,0,5,0,0,2,3,2,9,12,2,6,7,6,19,7,50,50,0.00,0.00,0.00,0.00,2.55,55,65,55,25,15,25,55,50,80,8.84,7.40,0.00,0.00,0.00,0.00,0.00,0.00,0.00,0.00,0.00,Estádio do Mar (Matosinhos)
1420387200,Jan 04 2015 - 4:00pm,complete,N/A,Porto II,Vitória Guimarães II,João Filipe Malheiro Pinto,21,1.67,1.11,1.78,0.96,3,0,3,0,0,0,"58,66,82","",5,2,1,0,3,0,1,0,1,2,8,7,3,5,5,2,11,12,50,50,0.00,0.00,0.00,0.00,3.06,62,78,45,39,28,39,78,44,84,12.00,5.56,0.00,0.00,0.00,0.00,0.00,0.00,0.00,0.00,0.00,Estádio Dr. Jorge Sampaio (Pedroso- Vila Nova de Gaia)
1420470000,Jan 05 2015 - 3:00pm,complete,N/A,Sporting CP II,Benfica II,Jorge Ferreira,21,1.67,1.22,1.87,1.43,0,1,1,1,0,1,"","3",7,1,3,0,4,0,1,2,0,4,21,7,12,3,9,4,20,11,50,50,0.00,0.00,0.00,0.00,2.45,50,62,56,34,17,39,67,39,62,14.14,7.55,0.00,0.00,0.00,0.00,0.00,0.00,0.00,0.00,0.00,CGD Stadium Aurélio Pereira (Alcochete)
1420815600,Jan 09 2015 - 3:00pm,complete,N/A,Sporting Braga II,Vitória Guimarães II,Jorge Joaquim Martins de Barros Tavares,22,1.82,1.00,1.48,0.96,1,1,2,2,1,1,"22","44",7,6,3,0,4,0,1,2,2,2,10,7,2,2,8,5,20,18,50,50,0.00,0.00,0.00,0.00,3.19,58,86,67,38,24,38,76,53,86,8.93,7.43,0.00,0.00,0.00,0.00,0.00,0.00,0.00,0.00,0.00,Estádio 1º de Maio (Braga)
1420902000,Jan 10 2015 - 3:00pm,complete,N/A,Farense,Sporting Covilhã,Cosme Cunha Machado,22,1.55,0.82,1.74,0.96,1,0,1,0,0,0,"75","",6,3,2,0,2,0,0,2,0,2,9,9,4,4,5,5,24,23,50,50,0.00,0.00,0.00,0.00,2.00,55,64,32,9,0,18,60,32,78,11.54,6.45,0.00,0.00,0.00,0.00,0.00,0.00,0.00,0.00,0.00,Estádio de São Lúis (Faro)
1420905600,Jan 10 2015 - 4:00pm,complete,N/A,Santa Clara,CF União,João Pedro Silva Pinheiro,22,1.20,1.64,1.39,1.87,1,2,3,1,1,0,"40","70,88",6,5,1,0,3,0,0,1,0,3,6,8,3,5,3,3,11,20,50,50,0.00,0.00,0.00,0.00,2.04,48,67,33,20,0,15,62,23,81,9.79,6.08,0.00,0.00,0.00,0.00,0.00,0.00,0.00,0.00,0.00,Estádio de São Miguel (Ponta Delgada- Ilha de São Miguel- Açores)
1420974900,Jan 11 2015 - 11:15am,complete,N/A,GD Chaves,CD Tondela,Carlos Miguel Taborda Xistra,22,1.82,1.40,2.13,1.48,1,1,2,1,1,0,"40","52",5,5,1,0,2,0,0,1,0,2,6,6,2,4,4,2,17,14,50,50,0.00,0.00,0.00,0.00,2.49,58,77,43,29,10,24,57,38,86,12.78,7.15,0.00,0.00,0.00,0.00,0.00,0.00,0.00,0.00,0.00,Estádio Municipal Eng. Manuel Branco Teixeira (Chaves)
1420988400,Jan 11 2015 - 3:00pm,complete,N/A,SC Olhanense,UD Oliveirense,João Carlos Santos Capela,22,1.40,1.60,1.43,0.83,2,1,3,1,1,0,"17,57","84",5,7,4,0,1,1,3,1,1,1,9,12,5,7,4,5,23,18,49,51,0.00,0.00,0.00,0.00,2.15,35,55,45,25,10,20,55,30,70,11.19,7.10,0.00,0.00,0.00,0.00,0.00,0.00,0.00,0.00,0.00,Estádio José Arcanjo (Olhão)
1420988400,Jan 11 2015 - 3:00pm,complete,N/A,Clube Oriental de Lisboa,CD Feirense,Duarte Nuno Pereira Gomes,22,1.00,1.64,1.74,1.35,2,0,2,1,1,0,"5,55","",5,8,2,0,2,0,0,2,1,1,15,13,6,4,9,9,18,13,50,50,0.00,0.00,0.00,0.00,2.42,38,67,42,24,10,28,66,33,72,10.11,5.93,0.00,0.00,0.00,0.00,0.00,0.00,0.00,0.00,0.00,Campo Engenheiro Carlos Salema (Lisboa)
1420988400,Jan 11 2015 - 3:00pm,complete,N/A,Marítimo II,Sporting CP II,Luis Miguel Branco Godinho,22,1.00,1.27,1.26,1.52,2,1,3,3,2,1,"27,38","21",2,6,4,0,2,0,0,4,1,1,9,9,5,5,4,4,15,13,50,50,0.00,0.00,0.00,0.00,3.11,53,67,58,43,34,43,67,58,77,7.89,6.95,0.00,0.00,0.00,0.00,0.00,0.00,0.00,0.00,0.00,Campo da Imaculada Conceição (Funchal (Ilha da Madeira))
1420988400,Jan 11 2015 - 3:00pm,complete,N/A,Portimonense,Academico Viseu,Vasco Santos,22,2.00,1.09,1.39,0.83,4,2,6,3,2,1,"10,12,51,69","37,84",5,5,0,0,2,1,0,0,2,1,13,7,11,3,2,4,16,15,50,50,0.00,0.00,0.00,0.00,2.68,72,82,43,29,19,33,58,53,86,11.40,5.75,0.00,0.00,0.00,0.00,0.00,0.00,0.00,0.00,0.00,Estádio Municipal de Portimão (Portimão)
1420988400,Jan 11 2015 - 3:00pm,complete,N/A,Freamunde,CD Trofense,Manuel Jorge Neves Moreira de Sousa,22,1.45,0.50,1.57,0.52,3,0,3,2,2,0,"22,45,85","",4,4,2,0,1,0,1,1,0,1,6,12,4,6,2,6,12,16,50,50,0.00,0.00,0.00,0.00,1.98,30,63,39,10,5,24,48,34,73,8.46,6.96,0.00,0.00,0.00,0.00,0.00,0.00,0.00,0.00,0.00,Complexo Desportivo do SC Freamunde (Freamunde)
1420988400,Jan 11 2015 - 3:00pm,complete,N/A,SC Beira-Mar,Leixões,Ricardo José  Salgueiro Lourenço,22,1.27,0.10,1.39,0.52,0,0,0,0,0,0,"","",2,10,2,1,1,0,1,2,1,0,7,11,6,4,1,7,12,17,50,50,0.00,0.00,0.00,0.00,2.76,42,81,57,19,10,25,77,52,77,10.11,7.55,0.00,0.00,0.00,0.00,0.00,0.00,0.00,0.00,0.00,Estádio Municipal de Aveiro (Aveiro)
1420988400,Jan 11 2015 - 3:00pm,complete,N/A,CD Aves,Atlético CP,Iancu Ioan Vasilica,22,1.45,0.73,1.61,0.70,1,1,2,1,0,1,"57","33",7,1,1,0,4,0,0,1,1,3,9,9,4,6,5,3,18,22,50,50,0.00,0.00,0.00,0.00,2.86,64,73,55,32,18,45,64,37,82,9.04,7.00,0.00,0.00,0.00,0.00,0.00,0.00,0.00,0.00,0.00,Estádio Clube Desportivo das Aves (Vila das Aves)
1420992000,Jan 11 2015 - 4:00pm,complete,N/A,Benfica II,Porto II,Manuel Antonio Rodrigues Oliveira,22,1.91,1.27,1.91,0.87,3,2,5,2,1,1,"13,57,73","36,52",4,5,1,1,2,1,0,2,1,2,10,10,2,4,8,6,24,12,50,50,0.00,0.00,0.00,0.00,2.96,55,91,60,32,14,36,73,41,91,13.09,6.27,0.00,0.00,0.00,0.00,0.00,0.00,0.00,0.00,0.00,Caixa Futebol Campus (Seixal)
1421578800,Jan 18 2015 - 11:00am,complete,N/A,Sporting CP II,Sporting Braga II,André Filipe Domingues Narciso,23,1.50,0.70,1.87,0.87,0,0,0,0,0,0,"","",-1,-1,2,0,2,0,1,1,1,1,-1,-1,-1,-1,-1,-1,-1,-1,-1,-1,0.00,0.00,0.00,0.00,2.10,50,65,40,15,5,40,70,30,65,12.03,6.80,0.00,0.00,0.00,0.00,0.00,0.00,0.00,0.00,0.00,CGD Stadium Aurélio Pereira (Alcochete)
1421579700,Jan 18 2015 - 11:15am,complete,N/A,CD Tondela,Freamunde,Bruno Miguel Duarte Paixão,23,2.18,2.10,2.04,1.52,1,1,2,1,0,1,"70","33",8,3,2,0,4,0,1,1,1,3,8,8,2,2,6,6,14,18,50,50,0.00,0.00,0.00,0.00,2.04,43,58,29,14,9,14,48,43,72,10.26,7.84,0.00,0.00,0.00,0.00,0.00,0.00,0.00,0.00,0.00,Estádio João Cardoso (Tondela)
1421593200,Jan 18 2015 - 3:00pm,complete,N/A,Academico Viseu,SC Beira-Mar,Fábio José Costa Veríssimo,23,1.60,1.20,1.87,1.22,0,0,0,0,0,0,"","",14,3,4,0,5,2,1,3,2,5,14,6,7,5,7,1,18,16,50,50,0.00,0.00,0.00,0.00,2.25,35,70,55,10,0,20,70,45,80,13.08,7.10,0.00,0.00,0.00,0.00,0.00,0.00,0.00,0.00,0.00,Estádio Municipal do Fontelo (Viseu)
1421593200,Jan 18 2015 - 3:00pm,complete,N/A,Leixões,Portimonense,Tiago Bruno Lopes Martins,23,2.09,1.36,1.65,1.22,1,0,1,0,0,0,"66","",4,2,3,0,3,0,1,2,0,3,6,11,3,4,3,7,12,14,50,50,0.00,0.00,0.00,0.00,2.28,55,64,55,18,9,23,41,46,82,9.38,7.00,0.00,0.00,0.00,0.00,0.00,0.00,0.00,0.00,0.00,Estádio do Mar (Matosinhos)
1421593200,Jan 18 2015 - 3:00pm,complete,N/A,CD Trofense,CD Aves,Manuel Mota,23,1.00,0.60,1.04,0.70,2,2,4,1,0,1,"90'4,90'5","17,78",8,6,5,1,5,1,3,3,1,5,10,9,2,2,8,7,8,23,50,50,0.00,0.00,0.00,0.00,2.38,38,67,43,19,10,19,76,43,68,8.23,7.31,0.00,0.00,0.00,0.00,0.00,0.00,0.00,0.00,0.00,Estádio do Clube Desportivo Trofense (Trofa)
1421593200,Jan 18 2015 - 3:00pm,complete,N/A,Atlético CP,SC Olhanense,André Manuel Alves Moreira,23,1.40,0.91,1.35,0.96,3,2,5,2,1,1,"35,82,90'3","45,74",1,3,3,0,3,0,1,2,0,3,5,6,3,5,2,1,15,16,50,50,0.00,0.00,0.00,0.00,3.03,53,81,53,33,23,53,91,33,77,8.17,7.35,0.00,0.00,0.00,0.00,0.00,0.00,0.00,0.00,0.00,Estádio Da Tapadinha (Lisboa)
1421593200,Jan 18 2015 - 3:00pm,complete,N/A,UD Oliveirense,GD Chaves,Rui Manuel Gomes Costa,23,1.91,1.60,1.57,1.35,2,1,3,2,1,1,"13,73","5",7,4,2,0,3,1,2,0,1,3,7,6,5,0,2,6,17,17,46,54,0.00,0.00,0.00,0.00,2.29,48,58,43,19,10,24,72,34,72,12.89,6.23,0.00,0.00,0.00,0.00,0.00,0.00,0.00,0.00,0.00,Estádio Carlos Osório (Oliveira de Azeméis)
1421593200,Jan 18 2015 - 3:00pm,complete,N/A,Vitória Guimarães II,Benfica II,Ricardo Baixinho,23,1.55,1.40,1.87,1.43,4,1,5,5,4,1,"19,22,26,40","9",3,15,2,0,2,0,1,1,0,2,8,11,6,4,2,7,16,11,50,50,0.00,0.00,0.00,0.00,3.27,67,76,76,48,29,57,90,52,76,11.33,7.57,0.00,0.00,0.00,0.00,0.00,0.00,0.00,0.00,0.00,Estádio Dom Afonso Henriques (Guimarães)
1421593200,Jan 18 2015 - 3:00pm,complete,N/A,CF União,Clube Oriental de Lisboa,Sérgio Filipe Grade Sousa Piscarreta,23,1.20,1.36,1.61,0.78,0,0,0,0,0,0,"","",7,2,3,0,2,0,1,2,0,2,12,12,6,5,6,7,15,16,50,50,0.00,0.00,0.00,0.00,2.38,43,63,43,24,14,19,62,48,77,11.10,7.74,0.00,0.00,0.00,0.00,0.00,0.00,0.00,0.00,0.00,Estádio Municipal de Machico (Machico (Madeira))
1421593200,Jan 18 2015 - 3:00pm,complete,N/A,CD Feirense,Farense,Marco Bruno dos Santos Ferreira,23,1.70,0.90,1.91,0.96,1,1,2,2,1,1,"34","37",13,4,1,0,6,0,0,1,1,5,17,9,14,5,3,4,19,18,50,50,0.00,0.00,0.00,0.00,2.35,55,70,50,25,0,35,70,30,80,12.40,7.40,0.00,0.00,0.00,0.00,0.00,0.00,0.00,0.00,0.00,Estádio Marcolino de Castro (Santa Maria da Feira)
1421596800,Jan 18 2015 - 4:00pm,complete,N/A,Porto II,Marítimo II,Tiago Antunes,23,1.80,0.73,1.78,0.52,3,1,4,2,1,1,"37,51,77","28",14,2,5,1,2,1,2,4,2,1,11,12,7,7,4,5,13,11,50,50,0.00,0.00,0.00,0.00,2.59,39,81,43,15,10,20,72,48,86,12.85,4.61,0.00,0.00,0.00,0.00,0.00,0.00,0.00,0.00,0.00,Estádio Dr. Jorge Sampaio (Pedroso- Vila Nova de Gaia)
1422098100,Jan 24 2015 - 11:15am,complete,N/A,UD Oliveirense,Porto II,Luis Miguel Branco Godinho,24,2.00,1.17,1.57,0.87,1,0,1,0,0,0,"57","",-1,-1,2,0,3,0,1,1,0,3,-1,-1,-1,-1,-1,-1,-1,-1,-1,-1,0.00,0.00,0.00,0.00,2.50,50,67,50,21,13,33,63,34,79,13.17,6.50,0.00,0.00,0.00,0.00,0.00,0.00,0.00,0.00,0.00,Estádio Carlos Osório (Oliveira de Azeméis)
1422183600,Jan 25 2015 - 11:00am,complete,N/A,Marítimo II,CD Aves,Jorge Joaquim Martins de Barros Tavares,24,1.18,0.64,1.26,0.70,0,2,2,1,0,1,"","13,90'1",-1,-1,3,2,2,0,2,3,0,2,-1,-1,-1,-1,-1,-1,-1,-1,-1,-1,0.00,0.00,0.00,0.00,2.96,59,73,60,36,23,27,73,55,82,9.13,7.19,0.00,0.00,0.00,0.00,0.00,0.00,0.00,0.00,0.00,Estádio da Madeira (Funchal (Ilha da Madeira))
1422184500,Jan 25 2015 - 11:15am,complete,N/A,CD Trofense,Benfica II,André Manuel Alves Moreira,24,1.00,1.27,1.04,1.43,0,2,2,2,0,2,"","6,10",0,0,3,0,2,1,2,1,1,2,0,0,0,0,0,0,20,11,50,50,0.00,0.00,0.00,0.00,2.80,53,66,53,40,22,35,83,39,57,11.38,8.26,0.00,0.00,0.00,0.00,0.00,0.00,0.00,0.00,0.00,Estádio do Clube Desportivo Trofense (Trofa)
1422194400,Jan 25 2015 - 2:00pm,complete,N/A,Sporting CP II,Farense,João Pedro Silva Pinheiro,24,1.45,0.91,1.87,0.96,5,3,8,2,2,0,"25,27,51,64,83","67,68,90'1",5,9,1,0,0,0,0,1,0,0,8,10,5,3,3,7,13,10,50,50,0.00,0.00,0.00,0.00,1.73,32,50,32,14,0,27,60,18,59,11.49,7.82,0.00,0.00,0.00,0.00,0.00,0.00,0.00,0.00,0.00,CGD Stadium Aurélio Pereira (Alcochete)
1422198000,Jan 25 2015 - 3:00pm,complete,N/A,Sporting Braga II,CD Tondela,Ricardo José  Salgueiro Lourenço,24,1.75,1.36,1.48,1.48,1,2,3,3,1,2,"26","13,28",5,5,2,0,4,0,0,2,3,1,8,9,0,4,8,5,23,12,50,50,0.00,0.00,0.00,0.00,2.86,61,87,52,35,13,35,69,39,83,10.40,7.22,0.00,0.00,0.00,0.00,0.00,0.00,0.00,0.00,0.00,Estádio 1º de Maio (Braga)
1422198000,Jan 25 2015 - 3:00pm,complete,N/A,Academico Viseu,GD Chaves,Nuno Miguel Serrano Almeida,24,1.55,1.45,1.87,1.35,1,1,2,0,0,0,"90'3","58",9,4,3,0,4,0,3,0,1,3,10,8,5,3,5,5,14,22,50,50,0.00,0.00,0.00,0.00,2.27,37,73,50,9,5,23,78,41,73,14.12,6.82,0.00,0.00,0.00,0.00,0.00,0.00,0.00,0.00,0.00,Estádio Municipal do Fontelo (Viseu)
1422198000,Jan 25 2015 - 3:00pm,complete,N/A,CD Feirense,Vitória Guimarães II,Sérgio Filipe Grade Sousa Piscarreta,24,1.64,1.00,1.91,0.96,1,2,3,0,0,0,"60","50,71",8,3,4,0,6,1,2,2,4,3,16,14,7,6,9,8,20,20,50,50,0.00,0.00,0.00,0.00,2.91,73,87,60,32,14,50,78,45,78,13.77,6.37,0.00,0.00,0.00,0.00,0.00,0.00,0.00,0.00,0.00,Estádio Marcolino de Castro (Santa Maria da Feira)
1422198000,Jan 25 2015 - 3:00pm,complete,N/A,Atlético CP,Freamunde,Marco Bruno dos Santos Ferreira,24,1.55,2.00,1.35,1.52,1,1,2,0,0,0,"63","75",9,3,3,0,1,1,0,3,1,1,5,6,4,2,1,4,12,7,50,50,0.00,0.00,0.00,0.00,2.41,55,78,46,14,9,37,68,36,82,8.95,7.91,0.00,0.00,0.00,0.00,0.00,0.00,0.00,0.00,0.00,Estádio Da Tapadinha (Lisboa)
1422198000,Jan 25 2015 - 3:00pm,complete,N/A,CF União,SC Beira-Mar,Olegário Faustino Manuel Benquerença Bartolo,24,1.18,1.18,1.61,1.22,0,0,0,0,0,0,"","",6,3,1,0,2,0,1,0,1,1,8,8,3,3,5,5,32,15,50,50,0.00,0.00,0.00,0.00,2.05,41,60,46,18,5,14,50,45,73,11.15,8.27,0.00,0.00,0.00,0.00,0.00,0.00,0.00,0.00,0.00,Estádio Municipal de Machico (Machico (Madeira))
1422198000,Jan 25 2015 - 3:00pm,complete,N/A,Clube Oriental de Lisboa,Santa Clara,Hugo Filipe Ferreira de Campos Moreira Miguel,24,1.18,0.82,1.74,0.83,1,0,1,0,0,0,"48","",3,6,5,0,4,0,0,5,1,3,9,10,4,3,5,7,21,18,50,50,0.00,0.00,0.00,0.00,2.14,41,64,32,18,5,18,64,32,78,10.50,6.36,0.00,0.00,0.00,0.00,0.00,0.00,0.00,0.00,0.00,Campo Engenheiro Carlos Salema (Lisboa)
1422198000,Jan 25 2015 - 3:00pm,complete,N/A,Sporting Covilhã,Portimonense,Artur Manuel Ribeiro Soares Dias,24,2.30,1.25,2.52,1.22,4,0,4,3,3,0,"6,15,16,66","",2,5,3,0,2,0,0,3,0,2,11,15,5,9,6,6,21,10,50,50,0.00,0.00,0.00,0.00,2.28,32,56,47,24,9,28,52,33,78,10.69,5.85,0.00,0.00,0.00,0.00,0.00,0.00,0.00,0.00,0.00,Estádio Municipal José Santos Pinto (Covilhã)
1422198000,Jan 25 2015 - 3:00pm,complete,N/A,Leixões,SC Olhanense,Luís Miguel Rodrigues Ferreira,24,2.17,0.83,1.65,0.96,2,1,3,1,0,1,"82,85","13",10,2,2,0,3,0,1,1,0,3,7,3,5,0,2,3,18,20,50,50,0.00,0.00,0.00,0.00,3.04,59,79,59,34,25,34,67,54,80,7.42,7.17,0.00,0.00,0.00,0.00,0.00,0.00,0.00,0.00,0.00,Estádio do Mar (Matosinhos)
1422457200,Jan 28 2015 - 3:00pm,complete,N/A,Sporting Covilhã,Santa Clara,Duarte Nuno Pereira Gomes,23,2.36,0.75,2.52,0.83,1,1,2,0,0,0,"50","68",6,0,3,0,3,0,1,2,1,2,13,5,5,0,8,5,15,20,50,50,0.00,0.00,0.00,0.00,2.50,39,66,53,27,5,27,70,35,83,9.85,6.81,0.00,0.00,0.00,0.00,0.00,0.00,0.00,0.00,0.00,Estádio Municipal José Santos Pinto (Covilhã)
1422716400,Jan 31 2015 - 3:00pm,complete,N/A,CD Aves,Sporting Braga II,Manuel Jorge Neves Moreira de Sousa,25,1.42,0.73,1.61,0.87,1,1,2,2,1,1,"19","33",6,6,1,0,4,0,1,0,2,2,9,13,5,7,4,6,13,17,50,50,0.00,0.00,0.00,0.00,2.35,61,70,43,18,13,44,66,22,78,9.90,6.45,0.00,0.00,0.00,0.00,0.00,0.00,0.00,0.00,0.00,Estádio Clube Desportivo das Aves (Vila das Aves)
1422802800,Feb 01 2015 - 3:00pm,complete,N/A,Vitória Guimarães II,UD Oliveirense,Carlos Miguel Taborda Xistra,25,1.67,1.45,1.87,0.83,5,0,5,2,2,0,"22,25,55,68,75","",2,7,1,0,3,0,0,1,3,0,9,7,4,2,5,5,10,6,53,47,0.00,0.00,0.00,0.00,3.10,65,78,78,39,21,51,87,47,74,9.91,6.90,0.00,0.00,0.00,0.00,0.00,0.00,0.00,0.00,0.00,Estádio Dom Afonso Henriques (Guimarães)
1422802800,Feb 01 2015 - 3:00pm,complete,N/A,Portimonense,Marítimo II,Duarte Nuno Pereira Gomes,25,2.09,0.67,1.39,0.52,2,2,4,1,1,0,"3,81","66,86",3,6,2,0,1,1,1,1,0,2,14,7,7,5,7,2,19,14,50,50,0.00,0.00,0.00,0.00,2.76,58,87,53,22,14,27,70,57,92,12.50,5.09,0.00,0.00,0.00,0.00,0.00,0.00,0.00,0.00,0.00,Estádio Municipal de Portimão (Portimão)
1422802800,Feb 01 2015 - 3:00pm,complete,N/A,GD Chaves,Atlético CP,Paulo Jorge Lourenço Batista,25,1.75,0.75,2.13,0.70,1,0,1,1,1,0,"41","",8,3,2,0,3,1,0,2,0,4,8,8,5,5,3,3,15,17,50,50,0.00,0.00,0.00,0.00,2.71,67,79,46,30,13,30,71,46,83,10.00,7.08,0.00,0.00,0.00,0.00,0.00,0.00,0.00,0.00,0.00,Estádio Municipal Eng. Manuel Branco Teixeira (Chaves)
1422802800,Feb 01 2015 - 3:00pm,complete,N/A,Farense,CF União,João Carlos Santos Capela,25,1.67,1.75,1.74,1.87,0,5,5,3,0,3,"","1,22,44,63,84",4,7,2,1,1,0,3,0,0,1,7,14,5,6,2,8,15,14,50,50,0.00,0.00,0.00,0.00,2.00,50,63,30,8,0,8,63,34,84,10.17,6.50,0.00,0.00,0.00,0.00,0.00,0.00,0.00,0.00,0.00,Estádio de São Lúis (Faro)
1422802800,Feb 01 2015 - 3:00pm,complete,N/A,Porto II,Sporting Covilhã,Luís Miguel Rodrigues Ferreira,25,1.91,0.75,1.78,0.96,4,0,4,3,3,0,"3,15,38,66","",8,6,3,0,5,0,1,2,1,4,5,11,3,4,2,7,14,23,50,50,0.00,0.00,0.00,0.00,2.54,57,75,44,22,9,31,62,44,83,13.08,5.01,0.00,0.00,0.00,0.00,0.00,0.00,0.00,0.00,0.00,Estádio Dr. Jorge Sampaio (Pedroso- Vila Nova de Gaia)
1422802800,Feb 01 2015 - 3:00pm,complete,N/A,SC Olhanense,CD Feirense,Olegário Faustino Manuel Benquerença Bartolo,25,1.55,1.50,1.43,1.35,0,0,0,0,0,0,"","",6,3,1,0,3,0,1,0,0,3,8,9,6,6,2,3,16,24,50,50,0.00,0.00,0.00,0.00,2.34,35,65,47,22,9,21,64,35,79,10.33,6.94,0.00,0.00,0.00,0.00,0.00,0.00,0.00,0.00,0.00,Estádio José Arcanjo (Olhão)
1422802800,Feb 01 2015 - 3:00pm,complete,N/A,CD Tondela,CD Trofense,N/A,25,2.08,0.45,2.04,0.52,4,0,4,2,2,0,"38,43,73,86","",7,2,4,0,5,0,0,4,3,2,10,6,4,3,6,3,19,12,50,50,0.00,0.00,0.00,0.00,2.41,48,66,45,22,13,27,61,35,83,9.82,6.86,0.00,0.00,0.00,0.00,0.00,0.00,0.00,0.00,0.00,Estádio João Cardoso (Tondela)
1422802800,Feb 01 2015 - 3:00pm,complete,N/A,Freamunde,Academico Viseu,Cosme Cunha Machado,25,1.58,1.00,1.57,0.83,1,3,4,1,0,1,"78","20,58,81",6,1,5,2,6,1,1,6,2,5,5,6,3,2,2,4,19,19,50,50,0.00,0.00,0.00,0.00,2.17,38,63,34,17,13,34,50,38,71,9.41,6.75,0.00,0.00,0.00,0.00,0.00,0.00,0.00,0.00,0.00,Complexo Desportivo do SC Freamunde (Freamunde)
1422806400,Feb 01 2015 - 4:00pm,complete,N/A,Santa Clara,Sporting CP II,Nuno Miguel Serrano Almeida,25,1.09,1.17,1.39,1.52,0,1,1,1,0,1,"","15",12,3,3,1,3,0,0,4,1,2,15,7,7,5,8,2,18,13,50,50,0.00,0.00,0.00,0.00,2.42,44,66,47,30,13,34,66,34,66,8.40,6.06,0.00,0.00,0.00,0.00,0.00,0.00,0.00,0.00,0.00,Estádio de São Miguel (Ponta Delgada- Ilha de São Miguel- Açores)
1422806400,Feb 01 2015 - 4:00pm,complete,N/A,Benfica II,Leixões,Rui Jorge Piteira Rodrigues,25,2.00,0.18,1.91,0.52,1,2,3,1,1,0,"11","82,90'1",7,3,3,1,6,0,0,4,2,4,10,8,6,5,4,3,14,15,50,50,0.00,0.00,0.00,0.00,2.93,43,87,56,30,17,43,83,35,87,12.89,6.23,0.00,0.00,0.00,0.00,0.00,0.00,0.00,0.00,0.00,Caixa Futebol Campus (Seixal)
1422806400,Feb 01 2015 - 4:00pm,complete,N/A,SC Beira-Mar,Clube Oriental de Lisboa,Manuel Mota,25,1.25,1.33,1.39,0.78,1,0,1,1,1,0,"6","",3,6,2,0,4,0,0,2,2,2,8,14,4,5,4,9,14,12,50,50,0.00,0.00,0.00,0.00,2.46,50,63,50,25,13,17,67,55,67,8.86,7.00,0.00,0.00,0.00,0.00,0.00,0.00,0.00,0.00,0.00,Estádio Municipal de Aveiro (Aveiro)
1423307700,Feb 07 2015 - 11:15am,complete,N/A,CF União,Porto II,Ricardo José  Salgueiro Lourenço,26,1.17,1.08,1.61,0.87,5,1,6,2,1,1,"31,62,72,80,88","43",5,7,3,0,4,0,0,3,0,4,7,7,2,4,5,3,15,16,50,50,0.00,0.00,0.00,0.00,2.27,40,68,44,20,12,20,48,44,76,12.25,7.52,0.00,0.00,0.00,0.00,0.00,0.00,0.00,0.00,0.00,Estádio Municipal de Machico (Machico (Madeira))
1423321200,Feb 07 2015 - 3:00pm,complete,N/A,Sporting CP II,SC Olhanense,Rui Manuel Gomes Costa,26,1.58,0.77,1.87,0.96,2,1,3,1,0,1,"63,75","34",6,4,6,0,4,1,3,3,2,3,16,7,7,3,9,4,16,19,50,50,0.00,0.00,0.00,0.00,2.77,44,68,48,32,23,40,75,44,60,10.04,6.38,0.00,0.00,0.00,0.00,0.00,0.00,0.00,0.00,0.00,CGD Stadium Aurélio Pereira (Alcochete)
1423321200,Feb 07 2015 - 3:00pm,complete,N/A,Clube Oriental de Lisboa,Portimonense,Iancu Ioan Vasilica,26,1.33,1.15,1.74,1.22,2,2,4,2,0,2,"57,68","15,33",3,2,1,1,1,1,0,2,0,2,12,9,2,3,10,6,16,16,50,50,0.00,0.00,0.00,0.00,1.96,28,52,28,20,8,24,44,24,76,10.83,5.57,0.00,0.00,0.00,0.00,0.00,0.00,0.00,0.00,0.00,Campo Engenheiro Carlos Salema (Lisboa)
1423321200,Feb 07 2015 - 3:00pm,complete,N/A,CD Feirense,CD Aves,João Carlos Santos Capela,26,1.50,0.83,1.91,0.70,1,0,1,0,0,0,"50","",5,3,3,1,2,0,0,4,1,1,6,12,3,6,3,6,26,16,50,50,0.00,0.00,0.00,0.00,2.63,63,84,59,25,4,29,75,50,79,13.08,6.25,0.00,0.00,0.00,0.00,0.00,0.00,0.00,0.00,0.00,Estádio Marcolino de Castro (Santa Maria da Feira)
1423321200,Feb 07 2015 - 3:00pm,complete,N/A,Atlético CP,CD Tondela,Jorge Ferreira,26,1.50,1.50,1.35,1.48,0,1,1,0,0,0,"","72",5,5,3,2,4,0,0,5,0,4,8,12,4,3,4,9,22,17,50,50,0.00,0.00,0.00,0.00,2.75,67,83,50,29,13,46,71,29,88,11.19,7.25,0.00,0.00,0.00,0.00,0.00,0.00,0.00,0.00,0.00,Estádio Da Tapadinha (Lisboa)
1423321200,Feb 07 2015 - 3:00pm,complete,N/A,Leixões,Vitória Guimarães II,Cosme Cunha Machado,26,2.23,1.17,1.65,0.96,0,1,1,0,0,0,"","86",9,3,4,1,3,0,1,4,1,2,11,13,0,5,11,8,12,10,50,50,0.00,0.00,0.00,0.00,2.85,68,80,64,24,17,29,57,56,88,9.70,7.54,0.00,0.00,0.00,0.00,0.00,0.00,0.00,0.00,0.00,Estádio do Mar (Matosinhos)
1423321200,Feb 07 2015 - 3:00pm,complete,N/A,Sporting Covilhã,SC Beira-Mar,Pedro Vilaça,26,2.25,1.17,2.52,1.22,2,0,2,1,1,0,"21,77","",7,4,1,0,3,1,1,0,1,3,9,5,6,3,3,2,19,13,50,50,0.00,0.00,0.00,0.00,2.33,38,63,54,25,4,25,59,42,75,9.90,6.75,0.00,0.00,0.00,0.00,0.00,0.00,0.00,0.00,0.00,Estádio Municipal José Santos Pinto (Covilhã)
1423321200,Feb 07 2015 - 3:00pm,complete,N/A,UD Oliveirense,CD Trofense,Rui Jorge Piteira Rodrigues,26,2.08,0.42,1.57,0.52,3,1,4,1,1,0,"17,58,89","74",8,7,4,0,3,0,2,2,2,1,11,15,4,11,7,4,20,8,42,58,0.00,0.00,0.00,0.00,2.45,44,65,53,20,8,37,65,29,85,11.17,6.12,0.00,0.00,0.00,0.00,0.00,0.00,0.00,0.00,0.00,Estádio Carlos Osório (Oliveira de Azeméis)
1423324800,Feb 07 2015 - 4:00pm,complete,N/A,Marítimo II,Freamunde,Bruno Miguel Duarte Paixão,26,1.08,1.92,1.26,1.52,1,0,1,1,1,0,"12","",1,5,3,0,6,0,1,2,3,3,2,9,0,4,2,5,20,18,50,50,0.00,0.00,0.00,0.00,2.59,59,75,42,21,17,25,59,50,79,8.77,7.83,0.00,0.00,0.00,0.00,0.00,0.00,0.00,0.00,0.00,Estádio Municipal de Machico (Machico (Madeira))
1423394100,Feb 08 2015 - 11:15am,complete,N/A,Academico Viseu,Benfica II,Rui Filipe Cunha Folha Oliveira,26,1.50,1.42,1.87,1.43,2,0,2,0,0,0,"61,85","",9,4,0,0,1,0,0,0,0,1,22,6,14,3,8,3,9,11,50,50,0.00,0.00,0.00,0.00,2.54,42,71,50,25,17,34,75,38,63,15.38,7.25,0.00,0.00,0.00,0.00,0.00,0.00,0.00,0.00,0.00,Estádio Municipal do Fontelo (Viseu)
1423411200,Feb 08 2015 - 4:00pm,complete,N/A,Sporting Braga II,GD Chaves,Vasco Santos,26,1.62,1.42,1.48,1.35,2,3,5,2,2,0,"31,41","68,80,84",6,11,2,0,5,1,1,1,2,4,10,7,4,5,6,2,15,18,50,50,0.00,0.00,0.00,0.00,2.75,60,84,60,24,12,36,80,48,72,9.26,7.12,0.00,0.00,0.00,0.00,0.00,0.00,0.00,0.00,0.00,Estádio 1º de Maio (Braga)
1423411200,Feb 08 2015 - 4:00pm,complete,N/A,Santa Clara,Farense,Ricardo Baixinho,26,1.00,0.83,1.39,0.96,1,1,2,1,1,0,"28","87",4,5,3,0,4,0,3,0,3,1,8,6,4,3,4,3,15,17,50,50,0.00,0.00,0.00,0.00,2.17,42,58,33,25,4,25,67,17,71,10.45,7.16,0.00,0.00,0.00,0.00,0.00,0.00,0.00,0.00,0.00,Estádio de São Miguel (Ponta Delgada- Ilha de São Miguel- Açores)
1423926000,Feb 14 2015 - 3:00pm,complete,N/A,Farense,Clube Oriental de Lisboa,Tiago Antunes,27,1.54,1.23,1.74,0.78,1,0,1,0,0,0,"63","",5,5,4,1,2,0,2,3,0,2,11,13,5,8,6,5,19,14,50,50,0.00,0.00,0.00,0.00,2.08,38,50,31,19,12,19,66,35,70,9.65,6.85,0.00,0.00,0.00,0.00,0.00,0.00,0.00,0.00,0.00,Estádio de São Lúis (Faro)
1423926000,Feb 14 2015 - 3:00pm,complete,N/A,Freamunde,Sporting Braga II,Artur Manuel Ribeiro Soares Dias,27,1.46,0.75,1.57,0.87,1,0,1,1,1,0,"26","",0,4,4,0,2,1,1,3,1,2,4,2,0,2,4,0,17,19,50,50,0.00,0.00,0.00,0.00,1.97,41,65,32,13,4,37,61,28,65,9.64,7.19,0.00,0.00,0.00,0.00,0.00,0.00,0.00,0.00,0.00,Complexo Desportivo do SC Freamunde (Freamunde)
1423926000,Feb 14 2015 - 3:00pm,complete,N/A,Portimonense,CF União,André Filipe Domingues Narciso,27,2.00,1.85,1.39,1.87,1,0,1,0,0,0,"59","",4,6,4,0,2,0,0,4,0,2,10,12,4,4,6,8,24,21,50,50,0.00,0.00,0.00,0.00,2.82,69,85,52,29,17,24,68,57,92,11.08,5.08,0.00,0.00,0.00,0.00,0.00,0.00,0.00,0.00,0.00,Estádio Municipal de Portimão (Portimão)
1423926000,Feb 14 2015 - 3:00pm,complete,N/A,SC Beira-Mar,Santa Clara,André Manuel Alves Moreira,27,1.38,0.77,1.39,0.83,0,0,0,0,0,0,"","",8,4,2,1,5,1,1,2,4,2,9,11,3,5,6,6,11,19,50,50,0.00,0.00,0.00,0.00,2.31,54,66,46,19,4,12,66,50,74,8.46,7.46,0.00,0.00,0.00,0.00,0.00,0.00,0.00,0.00,0.00,Estádio Municipal de Aveiro (Aveiro)
1423926000,Feb 14 2015 - 3:00pm,complete,N/A,CD Tondela,Leixões,Luis Miguel Branco Godinho,27,2.15,0.42,2.04,0.52,0,0,0,0,0,0,"","",10,3,4,1,3,1,1,4,2,2,14,10,8,5,6,5,17,19,50,50,0.00,0.00,0.00,0.00,2.37,36,65,41,20,12,28,69,36,76,11.60,7.46,0.00,0.00,0.00,0.00,0.00,0.00,0.00,0.00,0.00,Estádio João Cardoso (Tondela)
1423926000,Feb 14 2015 - 3:00pm,complete,N/A,CD Trofense,Academico Viseu,Marco Bruno dos Santos Ferreira,27,0.92,1.15,1.04,0.83,2,1,3,1,0,1,"48,77","35",-1,-1,3,0,1,1,2,1,1,1,-1,-1,-1,-1,-1,-1,-1,-1,-1,-1,0.00,0.00,0.00,0.00,2.69,54,73,42,31,16,35,74,46,70,8.41,7.85,0.00,0.00,0.00,0.00,0.00,0.00,0.00,0.00,0.00,Estádio do Clube Desportivo Trofense (Trofa)
1423926000,Feb 14 2015 - 3:00pm,complete,N/A,GD Chaves,Marítimo II,Manuel Jorge Neves Moreira de Sousa,27,1.85,0.69,2.13,0.52,2,0,2,1,1,0,"26,88","",8,10,5,0,2,0,2,3,2,0,7,10,5,5,2,5,27,13,50,50,0.00,0.00,0.00,0.00,2.35,46,77,46,15,4,15,73,46,85,12.42,6.15,0.00,0.00,0.00,0.00,0.00,0.00,0.00,0.00,0.00,Estádio Municipal Eng. Manuel Branco Teixeira (Chaves)
1423926000,Feb 14 2015 - 3:00pm,complete,N/A,SC Olhanense,Sporting Covilhã,Bruno Alexandre da Silva Esteves,27,1.50,0.69,1.43,0.96,0,0,0,0,0,0,"","",0,6,3,0,2,0,1,2,2,0,5,12,0,3,5,9,19,15,50,50,0.00,0.00,0.00,0.00,2.03,40,60,40,16,4,20,48,32,80,12.19,6.25,0.00,0.00,0.00,0.00,0.00,0.00,0.00,0.00,0.00,Estádio José Arcanjo (Olhão)
1423926000,Feb 14 2015 - 3:00pm,complete,N/A,Vitória Guimarães II,Atlético CP,Hugo Filipe Ferreira de Campos Moreira Miguel,27,1.77,0.69,1.87,0.70,4,0,4,2,2,0,"19,38,71,84","",6,7,1,0,3,0,0,1,0,3,7,14,4,8,3,6,16,15,50,50,0.00,0.00,0.00,0.00,3.43,69,85,69,46,27,58,89,54,81,8.40,6.92,0.00,0.00,0.00,0.00,0.00,0.00,0.00,0.00,0.00,Estádio Dom Afonso Henriques (Guimarães)
1423929600,Feb 14 2015 - 4:00pm,complete,N/A,Porto II,CD Feirense,Fábio José Costa Veríssimo,27,2.00,1.46,1.78,1.35,1,0,1,0,0,0,"58","",3,2,2,0,3,0,0,2,0,3,8,8,3,3,5,5,18,23,50,50,0.00,0.00,0.00,0.00,2.77,44,76,52,33,13,37,76,41,76,11.17,5.71,0.00,0.00,0.00,0.00,0.00,0.00,0.00,0.00,0.00,Estádio Dr. Jorge Sampaio (Pedroso- Vila Nova de Gaia)
1423929600,Feb 14 2015 - 4:00pm,complete,N/A,Benfica II,UD Oliveirense,Jorge Joaquim Martins de Barros Tavares,27,1.85,1.33,1.91,0.83,4,1,5,3,3,0,"11,22,43,54","88",4,2,2,0,0,0,0,2,0,0,7,8,4,3,3,5,15,10,46,54,0.00,0.00,0.00,0.00,3.07,60,84,68,40,20,40,84,44,84,12.25,6.29,0.00,0.00,0.00,0.00,0.00,0.00,0.00,0.00,0.00,Caixa Futebol Campus (Seixal)
1423998900,Feb 15 2015 - 11:15am,complete,N/A,CD Aves,Sporting CP II,João Filipe Malheiro Pinto,27,1.38,1.31,1.61,1.52,4,0,4,2,2,0,"6,37,58,78","",3,3,2,0,2,0,1,1,1,1,6,11,4,4,2,7,17,13,50,50,0.00,0.00,0.00,0.00,2.54,50,66,50,23,19,46,66,31,66,8.44,6.16,0.00,0.00,0.00,0.00,0.00,0.00,0.00,0.00,0.00,Estádio Clube Desportivo das Aves (Vila das Aves)
1424185200,Feb 17 2015 - 3:00pm,complete,N/A,Academico Viseu,CD Tondela,Vasco Santos,28,1.62,1.62,1.87,1.48,1,0,1,0,0,0,"49","",6,4,5,1,4,0,1,5,2,2,9,7,0,2,9,5,19,13,50,50,0.00,0.00,0.00,0.00,2.31,43,77,38,16,4,23,58,35,81,15.02,6.62,0.00,0.00,0.00,0.00,0.00,0.00,0.00,0.00,0.00,Estádio Municipal do Fontelo (Viseu)
1424271600,Feb 18 2015 - 3:00pm,complete,N/A,UD Oliveirense,Freamunde,Luís Miguel Rodrigues Ferreira,28,2.14,1.77,1.57,1.52,1,2,3,0,0,0,"76","62,73",7,6,4,1,3,1,2,3,0,4,14,14,4,8,10,6,14,8,49,51,0.00,0.00,0.00,0.00,2.07,48,60,33,11,4,19,55,34,74,11.79,6.94,0.00,0.00,0.00,0.00,0.00,0.00,0.00,0.00,0.00,Estádio Carlos Osório (Oliveira de Azeméis)
1424271600,Feb 18 2015 - 3:00pm,complete,N/A,Sporting Covilhã,Benfica II,Iancu Ioan Vasilica,28,2.31,1.31,2.52,1.43,3,0,3,2,2,0,"40,45,81","",7,6,2,0,3,0,1,1,1,2,8,5,5,3,3,2,23,14,50,50,0.00,0.00,0.00,0.00,2.85,43,73,54,39,20,39,73,38,70,11.91,6.31,0.00,0.00,0.00,0.00,0.00,0.00,0.00,0.00,0.00,Estádio Municipal José Santos Pinto (Covilhã)
1424271600,Feb 18 2015 - 3:00pm,complete,N/A,Sporting Braga II,Farense,Rui Jorge Piteira Rodrigues,28,1.50,0.85,1.48,0.96,0,0,0,0,0,0,"","",5,3,3,0,4,0,1,2,3,1,5,6,2,3,3,3,13,22,50,50,0.00,0.00,0.00,0.00,2.80,55,78,51,30,15,41,78,33,74,8.98,7.74,0.00,0.00,0.00,0.00,0.00,0.00,0.00,0.00,0.00,Estádio 1º de Maio (Braga)
1424271600,Feb 18 2015 - 3:00pm,complete,N/A,Leixões,GD Chaves,Bruno Alexandre da Silva Esteves,28,2.07,1.54,1.65,1.35,1,2,3,0,0,0,"78","58,79",7,4,1,0,4,1,0,1,2,3,11,6,3,0,8,6,15,16,50,50,0.00,0.00,0.00,0.00,2.56,63,74,59,19,11,23,60,56,85,10.60,7.49,0.00,0.00,0.00,0.00,0.00,0.00,0.00,0.00,0.00,Estádio do Mar (Matosinhos)
1424271600,Feb 18 2015 - 3:00pm,complete,N/A,CF União,CD Aves,Fábio José Costa Veríssimo,28,1.31,0.77,1.61,0.70,1,1,2,1,0,1,"54","14",6,2,3,0,4,0,0,3,1,3,14,7,6,4,8,3,15,17,50,50,0.00,0.00,0.00,0.00,2.31,38,66,42,23,12,12,58,46,77,10.82,7.07,0.00,0.00,0.00,0.00,0.00,0.00,0.00,0.00,0.00,Estádio Municipal de Machico (Machico (Madeira))
1424271600,Feb 18 2015 - 3:00pm,complete,N/A,Atlético CP,CD Trofense,Pedro Vilaça,28,1.38,0.38,1.35,0.52,0,3,3,2,0,2,"","3,9,90",9,6,3,0,1,0,2,1,0,1,20,6,10,2,10,4,20,12,50,50,0.00,0.00,0.00,0.00,2.77,54,81,62,27,12,46,73,39,92,8.92,7.31,0.00,0.00,0.00,0.00,0.00,0.00,0.00,0.00,0.00,Estádio Da Tapadinha (Lisboa)
1424271600,Feb 18 2015 - 3:00pm,complete,N/A,Clube Oriental de Lisboa,Vitória Guimarães II,Rui Filipe Cunha Folha Oliveira,28,1.31,1.31,1.74,0.96,1,0,1,1,1,0,"17","",4,3,4,0,4,0,3,1,1,3,11,8,6,4,5,4,21,14,50,50,0.00,0.00,0.00,0.00,2.54,47,70,39,27,16,31,58,39,81,10.59,6.38,0.00,0.00,0.00,0.00,0.00,0.00,0.00,0.00,0.00,Campo Engenheiro Carlos Salema (Lisboa)
1424271600,Feb 18 2015 - 3:00pm,complete,N/A,Sporting CP II,SC Beira-Mar,Tiago Bruno Lopes Martins,28,1.69,1.08,1.87,1.22,3,2,5,3,2,1,"2,13,90","37,64",1,12,3,1,1,0,2,2,1,0,5,9,3,2,2,7,16,12,50,50,0.00,0.00,0.00,0.00,2.00,38,54,46,15,4,23,58,38,62,11.22,7.23,0.00,0.00,0.00,0.00,0.00,0.00,0.00,0.00,0.00,CGD Stadium Aurélio Pereira (Alcochete)
1424271600,Feb 18 2015 - 3:00pm,complete,N/A,CD Feirense,Portimonense,Jorge Ferreira,28,1.62,1.14,1.91,1.22,2,1,3,1,0,1,"58,86","45'3",4,4,4,2,2,1,3,3,2,1,7,9,2,5,5,4,21,15,50,50,0.00,0.00,0.00,0.00,2.35,57,68,53,26,4,41,56,38,78,12.86,6.06,0.00,0.00,0.00,0.00,0.00,0.00,0.00,0.00,0.00,Estádio Marcolino de Castro (Santa Maria da Feira)
1424275200,Feb 18 2015 - 4:00pm,complete,N/A,Marítimo II,SC Olhanense,Ricardo José  Salgueiro Lourenço,28,1.23,0.71,1.26,0.96,1,0,1,0,0,0,"70","",5,4,1,0,5,1,1,0,0,6,8,8,5,3,3,5,17,18,50,50,0.00,0.00,0.00,0.00,3.26,60,78,56,41,34,41,85,52,74,7.39,7.26,0.00,0.00,0.00,0.00,0.00,0.00,0.00,0.00,0.00,Campo da Imaculada Conceição (Funchal (Ilha da Madeira))
1424278800,Feb 18 2015 - 5:00pm,complete,N/A,Santa Clara,Porto II,Jorge Joaquim Martins de Barros Tavares,28,1.00,1.00,1.39,0.87,1,0,1,1,1,0,"34","",-1,-1,1,0,4,0,1,0,1,3,-1,-1,-1,-1,-1,-1,-1,-1,-1,-1,0.00,0.00,0.00,0.00,2.39,48,71,44,26,11,26,63,33,78,11.40,6.64,0.00,0.00,0.00,0.00,0.00,0.00,0.00,0.00,0.00,Estádio de São Miguel (Ponta Delgada- Ilha de São Miguel- Açores)
1424603700,Feb 22 2015 - 11:15am,complete,N/A,Portimonense,Sporting CP II,Fábio José Costa Veríssimo,29,2.08,1.21,1.39,1.52,0,1,1,1,0,1,"","16",5,4,1,0,3,1,1,0,2,2,16,8,9,5,7,3,13,17,50,50,0.00,0.00,0.00,0.00,2.90,57,75,56,37,22,41,67,56,75,9.15,5.44,0.00,0.00,0.00,0.00,0.00,0.00,0.00,0.00,0.00,Estádio Municipal de Portimão (Portimão)
1424617200,Feb 22 2015 - 3:00pm,complete,N/A,SC Beira-Mar,Marítimo II,Ricardo Baixinho,29,1.36,0.64,1.39,0.52,2,1,3,0,0,0,"48,90'4","90'2",4,3,3,0,6,0,1,2,1,5,7,11,3,5,4,6,12,14,50,50,0.00,0.00,0.00,0.00,2.43,43,75,50,18,4,11,72,54,75,11.07,6.36,0.00,0.00,0.00,0.00,0.00,0.00,0.00,0.00,0.00,Estádio Municipal de Aveiro (Aveiro)
1424617200,Feb 22 2015 - 3:00pm,complete,N/A,CD Tondela,UD Oliveirense,Manuel Jorge Neves Moreira de Sousa,29,2.07,1.23,2.04,0.83,0,0,0,0,0,0,"","",15,4,1,1,5,1,0,2,1,5,19,15,7,7,12,8,10,13,60,40,0.00,0.00,0.00,0.00,2.50,49,60,49,34,19,30,67,41,70,11.31,7.02,0.00,0.00,0.00,0.00,0.00,0.00,0.00,0.00,0.00,Estádio João Cardoso (Tondela)
1424617200,Feb 22 2015 - 3:00pm,complete,N/A,CD Trofense,Sporting Braga II,João Carlos Santos Capela,29,1.07,0.69,1.04,0.87,1,1,2,1,1,0,"5","67",8,8,3,0,1,0,2,1,0,1,8,7,4,4,4,3,21,21,50,50,0.00,0.00,0.00,0.00,2.33,53,70,37,18,8,38,82,33,60,8.75,7.54,0.00,0.00,0.00,0.00,0.00,0.00,0.00,0.00,0.00,Estádio do Clube Desportivo Trofense (Trofa)
1424617200,Feb 22 2015 - 3:00pm,complete,N/A,SC Olhanense,Santa Clara,João Pedro Silva Pinheiro,29,1.46,0.79,1.43,0.83,0,0,0,0,0,0,"","",3,3,1,0,2,0,0,1,2,0,7,8,3,5,4,3,2,7,50,50,0.00,0.00,0.00,0.00,1.81,37,52,34,15,4,11,48,34,74,9.58,7.36,0.00,0.00,0.00,0.00,0.00,0.00,0.00,0.00,0.00,Estádio José Arcanjo (Olhão)
1424617200,Feb 22 2015 - 3:00pm,complete,N/A,GD Chaves,Sporting Covilhã,André Manuel Alves Moreira,29,1.93,0.71,2.13,0.96,1,0,1,0,0,0,"90'6","",1,3,4,0,5,2,2,2,1,6,8,5,2,3,6,2,18,17,50,50,0.00,0.00,0.00,0.00,2.11,50,68,40,14,4,22,61,33,79,12.49,6.29,0.00,0.00,0.00,0.00,0.00,0.00,0.00,0.00,0.00,Estádio Municipal Eng. Manuel Branco Teixeira (Chaves)
1424617200,Feb 22 2015 - 3:00pm,complete,N/A,CD Aves,Leixões,Carlos Miguel Taborda Xistra,29,1.50,0.46,1.61,0.52,3,2,5,3,1,2,"12,50,51","22,36",7,8,4,0,4,0,2,2,1,3,16,9,10,3,6,6,11,21,50,50,0.00,0.00,0.00,0.00,2.37,40,70,48,15,11,41,67,26,74,10.29,6.71,0.00,0.00,0.00,0.00,0.00,0.00,0.00,0.00,0.00,Estádio Clube Desportivo das Aves (Vila das Aves)
1424617200,Feb 22 2015 - 3:00pm,complete,N/A,Vitória Guimarães II,CF União,Luís Miguel Rodrigues Ferreira,29,1.86,1.71,1.87,1.87,0,1,1,0,0,0,"","47",8,2,2,1,4,0,0,3,0,4,4,13,3,6,1,7,18,15,50,50,0.00,0.00,0.00,0.00,3.11,57,82,68,36,22,47,82,54,90,9.83,5.79,0.00,0.00,0.00,0.00,0.00,0.00,0.00,0.00,0.00,Estádio Dom Afonso Henriques (Guimarães)
1424617200,Feb 22 2015 - 3:00pm,complete,N/A,Freamunde,CD Feirense,João Filipe Malheiro Pinto,29,1.57,1.36,1.57,1.35,2,0,2,1,1,0,"36,67","",6,5,4,0,7,1,1,3,3,5,6,4,3,2,3,2,19,21,50,50,0.00,0.00,0.00,0.00,2.00,25,57,40,14,4,25,61,29,64,8.17,7.21,0.00,0.00,0.00,0.00,0.00,0.00,0.00,0.00,0.00,Complexo Desportivo do SC Freamunde (Freamunde)
1424617200,Feb 22 2015 - 3:00pm,complete,N/A,Academico Viseu,Atlético CP,Sérgio Filipe Grade Sousa Piscarreta,29,1.71,0.64,1.87,0.70,0,1,1,1,0,1,"","43",10,2,1,0,3,0,1,0,2,1,17,5,10,2,7,3,7,18,50,50,0.00,0.00,0.00,0.00,2.54,43,75,43,22,7,29,68,47,79,12.72,7.07,0.00,0.00,0.00,0.00,0.00,0.00,0.00,0.00,0.00,Estádio Municipal do Fontelo (Viseu)
1424620800,Feb 22 2015 - 4:00pm,complete,N/A,Benfica II,Clube Oriental de Lisboa,Bruno Miguel Duarte Paixão,29,1.93,1.14,1.91,0.78,3,0,3,1,1,0,"42,61,81","",4,4,3,0,3,0,2,1,1,2,6,10,4,6,2,4,18,16,50,50,0.00,0.00,0.00,0.00,2.82,54,72,54,36,22,36,79,43,82,11.33,6.00,0.00,0.00,0.00,0.00,0.00,0.00,0.00,0.00,0.00,Caixa Futebol Campus (Seixal)
1424620800,Feb 22 2015 - 4:00pm,complete,N/A,Porto II,Farense,Paulo Baptista,29,2.08,0.86,1.78,0.96,2,1,3,1,0,1,"59,66","9",17,4,2,0,3,0,1,1,1,2,9,4,4,2,5,2,13,18,50,50,0.00,0.00,0.00,0.00,2.57,45,67,38,30,11,34,67,30,78,11.41,6.44,0.00,0.00,0.00,0.00,0.00,0.00,0.00,0.00,0.00,Estádio Dr. Jorge Sampaio (Pedroso- Vila Nova de Gaia)
1424876400,Feb 25 2015 - 3:00pm,complete,N/A,Farense,SC Beira-Mar,Manuel Antonio Rodrigues Oliveira,30,1.64,1.00,1.74,1.22,1,0,1,0,0,0,"90'4","",8,1,2,0,1,0,1,1,0,1,10,14,2,7,8,7,19,15,50,50,0.00,0.00,0.00,0.00,2.00,40,54,36,18,7,18,57,36,75,10.14,7.29,0.00,0.00,0.00,0.00,0.00,0.00,0.00,0.00,0.00,Estádio de São Lúis (Faro)
1424876400,Feb 25 2015 - 3:00pm,complete,N/A,Atlético CP,Benfica II,Cosme Cunha Machado,30,1.29,1.21,1.35,1.43,2,3,5,2,1,1,"17,90'2","8,54,69",5,5,5,0,3,0,3,2,0,3,10,10,5,6,5,4,14,20,50,50,0.00,0.00,0.00,0.00,2.82,54,75,57,32,22,54,79,33,75,11.52,7.50,0.00,0.00,0.00,0.00,0.00,0.00,0.00,0.00,0.00,Estádio Da Tapadinha (Lisboa)
1424876400,Feb 25 2015 - 3:00pm,complete,N/A,Leixões,Freamunde,Nuno Miguel Serrano Almeida,30,1.93,1.86,1.65,1.52,0,1,1,1,0,1,"","38",12,4,3,0,1,0,1,2,0,1,8,5,3,2,5,3,12,12,50,50,0.00,0.00,0.00,0.00,2.23,59,72,48,7,4,10,42,55,82,9.53,7.68,0.00,0.00,0.00,0.00,0.00,0.00,0.00,0.00,0.00,Estádio do Mar (Matosinhos)
1424876400,Feb 25 2015 - 3:00pm,complete,N/A,Clube Oriental de Lisboa,Porto II,Tiago Bruno Lopes Martins,30,1.43,0.93,1.74,0.87,3,0,3,2,2,0,"25,40,79","",2,7,1,0,2,3,0,1,3,2,9,12,2,6,7,6,18,6,50,50,0.00,0.00,0.00,0.00,2.40,38,65,37,24,14,27,59,38,76,11.39,6.37,0.00,0.00,0.00,0.00,0.00,0.00,0.00,0.00,0.00,Campo Engenheiro Carlos Salema (Lisboa)
1424876400,Feb 25 2015 - 3:00pm,complete,N/A,Sporting Covilhã,Vitória Guimarães II,João Carlos Santos Capela,30,2.36,1.21,2.52,0.96,2,0,2,0,0,0,"68,90","",7,5,3,1,3,1,1,3,2,2,12,9,5,4,7,5,17,17,50,50,0.00,0.00,0.00,0.00,2.79,43,75,54,29,14,36,68,40,83,10.48,6.43,0.00,0.00,0.00,0.00,0.00,0.00,0.00,0.00,0.00,Estádio Municipal José Santos Pinto (Covilhã)
1424876400,Feb 25 2015 - 3:00pm,complete,N/A,UD Oliveirense,CD Aves,Marco Bruno dos Santos Ferreira,30,2.00,0.79,1.57,0.70,1,1,2,1,0,1,"76","39",5,7,6,1,1,0,3,4,1,0,11,14,4,5,7,9,19,10,52,48,0.00,0.00,0.00,0.00,2.35,48,62,45,21,7,17,66,35,83,11.63,6.36,0.00,0.00,0.00,0.00,0.00,0.00,0.00,0.00,0.00,Estádio Carlos Osório (Oliveira de Azeméis)
1424876400,Feb 25 2015 - 3:00pm,complete,N/A,Sporting CP II,GD Chaves,Pedro Vilaça,30,1.79,1.64,1.87,1.35,1,1,2,0,0,0,"82","84",6,7,3,0,3,0,1,2,1,2,8,11,2,3,6,8,15,23,50,50,0.00,0.00,0.00,0.00,2.50,54,68,54,21,14,33,68,50,68,11.81,7.14,0.00,0.00,0.00,0.00,0.00,0.00,0.00,0.00,0.00,CGD Stadium Aurélio Pereira (Alcochete)
1424876400,Feb 25 2015 - 3:00pm,complete,N/A,Marítimo II,CD Trofense,João Filipe Malheiro Pinto,30,1.36,0.57,1.26,0.52,0,0,0,0,0,0,"","",7,5,3,0,1,0,0,3,1,0,11,13,5,7,6,6,20,16,50,50,0.00,0.00,0.00,0.00,2.90,50,75,61,33,18,40,71,43,86,8.39,6.79,0.00,0.00,0.00,0.00,0.00,0.00,0.00,0.00,0.00,Campo da Imaculada Conceição (Funchal (Ilha da Madeira))
1424876400,Feb 25 2015 - 3:00pm,complete,N/A,Sporting Braga II,Academico Viseu,Tiago Antunes,30,1.47,1.07,1.48,0.83,2,1,3,2,1,1,"24,58","9",4,9,6,0,4,0,1,5,2,2,6,12,2,6,4,6,24,12,50,50,0.00,0.00,0.00,0.00,2.97,66,83,59,35,21,42,72,52,77,8.85,7.11,0.00,0.00,0.00,0.00,0.00,0.00,0.00,0.00,0.00,Estádio 1º de Maio (Braga)
1424876400,Feb 25 2015 - 3:00pm,complete,N/A,CF União,SC Olhanense,Luis Miguel Branco Godinho,30,1.29,0.67,1.61,0.96,1,0,1,0,0,0,"80","",2,4,2,0,3,1,1,1,1,3,8,3,4,3,4,0,18,15,50,50,0.00,0.00,0.00,0.00,2.74,48,72,45,31,24,27,69,48,72,9.63,7.37,0.00,0.00,0.00,0.00,0.00,0.00,0.00,0.00,0.00,Estádio Municipal de Machico (Machico (Madeira))
1424880000,Feb 25 2015 - 4:00pm,complete,N/A,Santa Clara,Portimonense,Manuel Mota,30,1.14,1.07,1.39,1.22,1,0,1,1,1,0,"44","",-1,-1,4,0,3,0,1,3,1,2,-1,-1,-1,-1,-1,-1,-1,-1,-1,-1,0.00,0.00,0.00,0.00,2.00,42,55,38,24,4,24,59,24,72,10.19,5.91,0.00,0.00,0.00,0.00,0.00,0.00,0.00,0.00,0.00,Estádio de São Miguel (Ponta Delgada- Ilha de São Miguel- Açores)
1424887200,Feb 25 2015 - 6:00pm,complete,N/A,CD Feirense,CD Tondela,Artur Manuel Ribeiro Soares Dias,30,1.71,1.50,1.91,1.48,0,0,0,0,0,0,"","",8,4,3,0,4,1,3,0,2,3,12,10,9,5,3,5,23,13,50,50,0.00,0.00,0.00,0.00,2.54,68,79,50,25,4,36,61,36,83,13.85,6.78,0.00,0.00,0.00,0.00,0.00,0.00,0.00,0.00,0.00,Estádio Marcolino de Castro (Santa Maria da Feira)
1425208500,Mar 01 2015 - 11:15am,complete,N/A,Freamunde,Sporting CP II,Paulo Baptista,31,1.67,1.33,1.57,1.52,0,0,0,0,0,0,"","",4,1,3,0,5,0,2,1,3,2,8,4,4,2,4,2,23,17,50,50,0.00,0.00,0.00,0.00,2.17,23,57,40,20,10,34,63,37,57,7.76,7.00,0.00,0.00,0.00,0.00,0.00,0.00,0.00,0.00,0.00,Complexo Desportivo do SC Freamunde (Freamunde)
1425222000,Mar 01 2015 - 3:00pm,complete,N/A,Academico Viseu,UD Oliveirense,Iancu Ioan Vasilica,31,1.60,1.21,1.87,0.83,1,0,1,1,1,0,"22","",11,1,0,0,3,1,0,0,0,4,16,8,6,5,10,3,16,23,60,40,0.00,0.00,0.00,0.00,2.29,35,66,49,18,11,25,66,42,69,13.66,6.64,0.00,0.00,0.00,0.00,0.00,0.00,0.00,0.00,0.00,Estádio Municipal do Fontelo (Viseu)
1425222000,Mar 01 2015 - 3:00pm,complete,N/A,Portimonense,Farense,Rui Manuel Gomes Costa,31,1.93,0.80,1.39,0.96,1,1,2,1,1,0,"41","87",13,3,5,0,0,0,1,4,0,0,22,6,13,4,9,2,16,16,50,50,0.00,0.00,0.00,0.00,2.57,59,70,42,28,14,28,66,39,80,10.35,6.34,0.00,0.00,0.00,0.00,0.00,0.00,0.00,0.00,0.00,Estádio Municipal de Portimão (Portimão)
1425222000,Mar 01 2015 - 3:00pm,complete,N/A,GD Chaves,CD Feirense,Ricardo José  Salgueiro Lourenço,31,2.00,1.27,2.13,1.35,2,0,2,1,1,0,"42,68","",2,3,2,0,5,0,1,1,2,3,8,8,4,2,4,6,17,19,50,50,0.00,0.00,0.00,0.00,2.20,40,67,40,17,7,20,70,30,77,10.00,7.20,0.00,0.00,0.00,0.00,0.00,0.00,0.00,0.00,0.00,Estádio Municipal Eng. Manuel Branco Teixeira (Chaves)
1425222000,Mar 01 2015 - 3:00pm,complete,N/A,Atlético CP,Sporting Braga II,Rui Filipe Cunha Folha Oliveira,31,1.20,0.71,1.35,0.87,1,1,2,0,0,0,"69","48",3,11,4,1,2,0,3,2,2,0,9,11,3,6,6,5,14,13,50,50,0.00,0.00,0.00,0.00,2.51,62,76,45,21,14,52,80,27,79,10.35,7.23,0.00,0.00,0.00,0.00,0.00,0.00,0.00,0.00,0.00,Estádio Da Tapadinha (Lisboa)
1425222000,Mar 01 2015 - 3:00pm,complete,N/A,CD Trofense,Leixões,Vasco Santos,31,1.07,0.43,1.04,0.52,0,2,2,1,0,1,"","3,65",6,5,0,0,1,0,0,0,0,1,10,5,3,3,7,2,9,18,50,50,0.00,0.00,0.00,0.00,2.45,38,72,45,17,11,32,79,38,66,9.73,7.86,0.00,0.00,0.00,0.00,0.00,0.00,0.00,0.00,0.00,Estádio do Clube Desportivo Trofense (Trofa)
1425222000,Mar 01 2015 - 3:00pm,complete,N/A,SC Olhanense,Clube Oriental de Lisboa,Rui Jorge Piteira Rodrigues,31,1.43,1.07,1.43,0.78,1,1,2,1,0,1,"47","45",6,1,2,0,1,0,0,2,1,0,13,7,5,3,8,4,8,12,50,50,0.00,0.00,0.00,0.00,1.85,27,45,35,17,10,14,52,35,66,9.77,6.40,0.00,0.00,0.00,0.00,0.00,0.00,0.00,0.00,0.00,Estádio José Arcanjo (Olhão)
1425222000,Mar 01 2015 - 3:00pm,complete,N/A,CD Tondela,Marítimo II,Nuno Miguel Serrano Almeida,31,2.00,0.60,2.04,0.52,1,0,1,1,1,0,"14","",5,6,3,0,5,0,1,2,1,4,5,10,2,7,3,3,14,9,50,50,0.00,0.00,0.00,0.00,2.27,40,67,40,20,7,17,63,43,80,13.13,6.73,0.00,0.00,0.00,0.00,0.00,0.00,0.00,0.00,0.00,Estádio João Cardoso (Tondela)
1425222000,Mar 01 2015 - 3:00pm,complete,N/A,Porto II,SC Beira-Mar,Sérgio Filipe Grade Sousa Piscarreta,31,2.14,0.93,1.78,1.22,3,2,5,3,2,1,"3,16,68","32,77",4,5,5,0,3,0,2,3,1,2,9,9,6,4,3,5,15,16,50,50,0.00,0.00,0.00,0.00,2.47,45,66,49,28,11,28,62,45,80,12.21,5.81,0.00,0.00,0.00,0.00,0.00,0.00,0.00,0.00,0.00,Estádio Dr. Jorge Sampaio (Pedroso- Vila Nova de Gaia)
1425222000,Mar 01 2015 - 3:00pm,complete,N/A,Vitória Guimarães II,Santa Clara,André Filipe Domingues Narciso,31,1.73,0.80,1.87,0.83,2,0,2,1,1,0,"35,69","",9,6,4,0,2,0,1,3,0,2,8,9,0,0,8,9,19,20,50,50,0.00,0.00,0.00,0.00,2.74,54,70,60,33,17,43,73,47,80,8.93,6.94,0.00,0.00,0.00,0.00,0.00,0.00,0.00,0.00,0.00,Estádio Dom Afonso Henriques (Guimarães)
1425225600,Mar 01 2015 - 4:00pm,complete,N/A,Benfica II,CF União,Bruno Alexandre da Silva Esteves,31,2.00,1.80,1.91,1.87,1,3,4,3,1,2,"25","18,22,52",1,6,3,0,1,0,1,2,0,1,7,8,2,3,5,5,17,12,50,50,0.00,0.00,0.00,0.00,2.90,57,84,57,30,17,30,77,47,97,11.53,5.60,0.00,0.00,0.00,0.00,0.00,0.00,0.00,0.00,0.00,Caixa Futebol Campus (Seixal)
1425225600,Mar 01 2015 - 4:00pm,complete,N/A,CD Aves,Sporting Covilhã,Tiago Bruno Lopes Martins,31,1.60,0.67,1.61,0.96,1,1,2,2,1,1,"9","7",8,4,3,0,0,0,0,3,0,0,8,5,3,3,5,2,18,15,50,50,0.00,0.00,0.00,0.00,2.34,54,67,47,20,10,40,57,27,80,10.94,6.20,0.00,0.00,0.00,0.00,0.00,0.00,0.00,0.00,0.00,Estádio Clube Desportivo das Aves (Vila das Aves)
1425735000,Mar 07 2015 - 1:30pm,complete,N/A,Marítimo II,Academico Viseu,André Manuel Alves Moreira,32,1.33,1.00,1.26,0.83,1,0,1,1,1,0,"39","",3,4,6,0,4,0,2,4,2,2,7,11,2,6,5,5,25,18,50,50,0.00,0.00,0.00,0.00,2.83,63,70,50,33,24,37,67,47,80,9.38,7.20,0.00,0.00,0.00,0.00,0.00,0.00,0.00,0.00,0.00,Campo da Imaculada Conceição (Funchal (Ilha da Madeira))
1425740400,Mar 07 2015 - 3:00pm,complete,N/A,Clube Oriental de Lisboa,CD Aves,Jorge Joaquim Martins de Barros Tavares,32,1.53,0.80,1.74,0.70,1,0,1,0,0,0,"79","",6,1,5,1,1,0,2,4,0,1,11,8,6,2,5,6,16,15,50,50,0.00,0.00,0.00,0.00,2.23,37,67,34,20,7,17,67,34,80,9.74,5.74,0.00,0.00,0.00,0.00,0.00,0.00,0.00,0.00,0.00,Campo Engenheiro Carlos Salema (Lisboa)
1425740400,Mar 07 2015 - 3:00pm,complete,N/A,Sporting Covilhã,Freamunde,Manuel Mota,32,2.40,1.93,2.52,1.52,3,1,4,2,2,0,"40,44,69","90",5,4,1,0,2,0,0,1,1,1,10,14,4,4,6,10,14,11,50,50,0.00,0.00,0.00,0.00,2.30,37,74,40,14,4,20,57,44,77,10.22,6.60,0.00,0.00,0.00,0.00,0.00,0.00,0.00,0.00,0.00,Estádio Municipal José Santos Pinto (Covilhã)
1425740400,Mar 07 2015 - 3:00pm,complete,N/A,Leixões,Sporting Braga II,Ricardo Baixinho,32,1.81,0.73,1.65,0.87,0,0,0,0,0,0,"","",8,6,4,2,3,1,3,3,0,4,4,18,3,9,1,9,15,10,50,50,0.00,0.00,0.00,0.00,2.29,65,71,45,13,7,27,59,42,78,11.07,6.71,0.00,0.00,0.00,0.00,0.00,0.00,0.00,0.00,0.00,Estádio do Mar (Matosinhos)
1425740400,Mar 07 2015 - 3:00pm,complete,N/A,UD Oliveirense,Atlético CP,Fábio José Costa Veríssimo,32,1.94,0.80,1.57,0.70,1,0,1,0,0,0,"47","",6,4,3,0,5,0,1,2,2,3,11,12,6,5,5,7,19,14,57,43,0.00,0.00,0.00,0.00,2.62,58,65,46,30,10,33,72,36,77,11.19,6.99,0.00,0.00,0.00,0.00,0.00,0.00,0.00,0.00,0.00,Estádio Carlos Osório (Oliveira de Azeméis)
1425740400,Mar 07 2015 - 3:00pm,complete,N/A,Sporting CP II,CD Tondela,Cosme Cunha Machado,32,1.73,1.47,1.87,1.48,4,3,7,4,2,2,"22,34,74,77","5,24,68",4,1,1,0,2,0,0,1,0,2,9,4,4,2,5,2,19,16,50,50,0.00,0.00,0.00,0.00,2.30,50,64,40,24,10,30,54,34,70,12.11,7.00,0.00,0.00,0.00,0.00,0.00,0.00,0.00,0.00,0.00,CGD Stadium Aurélio Pereira (Alcochete)
1425740400,Mar 07 2015 - 3:00pm,complete,N/A,CD Feirense,CD Trofense,Paulo Baptista,32,1.67,0.60,1.91,0.52,2,0,2,1,1,0,"13,51","",7,5,2,1,3,0,0,3,0,3,15,6,7,0,8,6,24,19,50,50,0.00,0.00,0.00,0.00,2.57,57,80,64,24,4,40,67,44,80,12.06,6.26,0.00,0.00,0.00,0.00,0.00,0.00,0.00,0.00,0.00,Estádio Marcolino de Castro (Santa Maria da Feira)
1425744000,Mar 07 2015 - 4:00pm,complete,N/A,SC Beira-Mar,Vitória Guimarães II,Rui Manuel Gomes Costa,32,1.47,1.13,1.39,0.96,1,0,1,0,0,0,"63","",4,5,1,0,3,0,0,1,1,2,11,5,0,0,11,5,12,17,50,50,0.00,0.00,0.00,0.00,2.57,53,70,50,24,14,20,60,54,70,9.40,7.33,0.00,0.00,0.00,0.00,0.00,0.00,0.00,0.00,0.00,Estádio Municipal de Aveiro (Aveiro)
1425744000,Mar 07 2015 - 4:00pm,complete,N/A,Santa Clara,Benfica II,Tiago Antunes,32,1.27,1.33,1.39,1.43,1,1,2,1,1,0,"40","64",5,7,3,0,3,1,1,2,2,2,7,6,0,3,7,3,21,16,50,50,0.00,0.00,0.00,0.00,2.44,47,63,44,34,17,33,77,27,60,11.76,6.47,0.00,0.00,0.00,0.00,0.00,0.00,0.00,0.00,0.00,Estádio de São Miguel (Ponta Delgada- Ilha de São Miguel- Açores)
1425744000,Mar 07 2015 - 4:00pm,complete,N/A,Farense,SC Olhanense,Jorge Ferreira,32,1.73,0.63,1.74,0.96,2,2,4,4,2,2,"10,45","8,39",3,5,5,1,2,0,2,4,0,2,5,4,3,0,2,4,26,20,50,50,0.00,0.00,0.00,0.00,2.50,42,61,35,26,19,26,67,39,78,8.64,7.14,0.00,0.00,0.00,0.00,0.00,0.00,0.00,0.00,0.00,Estádio de São Lúis (Faro)
1425813300,Mar 08 2015 - 11:15am,complete,N/A,Porto II,Portimonense,João Pedro Silva Pinheiro,32,2.20,1.00,1.78,1.22,0,1,1,0,0,0,"","63",2,6,3,0,4,0,1,2,2,2,9,9,4,2,5,7,10,13,50,50,0.00,0.00,0.00,0.00,2.57,46,65,49,33,13,36,62,42,81,11.91,5.52,0.00,0.00,0.00,0.00,0.00,0.00,0.00,0.00,0.00,Estádio Dr. Jorge Sampaio (Pedroso- Vila Nova de Gaia)
1425813300,Mar 08 2015 - 11:15am,complete,N/A,CF União,GD Chaves,Artur Manuel Ribeiro Soares Dias,32,1.40,1.60,1.61,1.35,1,1,2,0,0,0,"77","90'1",8,1,4,0,2,0,1,3,1,1,9,8,6,4,3,4,16,13,50,50,0.00,0.00,0.00,0.00,2.37,54,70,43,20,13,20,57,50,77,11.71,7.40,0.00,0.00,0.00,0.00,0.00,0.00,0.00,0.00,0.00,Estádio Municipal de Machico (Machico (Madeira))
1426086000,Mar 11 2015 - 3:00pm,complete,N/A,Sporting Braga II,UD Oliveirense,Pedro Vilaça,33,1.56,1.13,1.48,0.83,1,0,1,0,0,0,"79","",8,10,1,0,1,0,0,1,0,1,13,11,6,3,7,8,13,19,51,49,0.00,0.00,0.00,0.00,2.77,55,74,65,32,20,42,77,42,65,8.92,7.16,0.00,0.00,0.00,0.00,0.00,0.00,0.00,0.00,0.00,Estádio 1º de Maio (Braga)
1426086000,Mar 11 2015 - 3:00pm,complete,N/A,Atlético CP,Marítimo II,André Filipe Domingues Narciso,33,1.19,0.56,1.35,0.52,2,2,4,1,0,1,"55,90'3","28,73",5,5,3,0,4,0,1,2,1,3,17,11,8,7,9,4,28,26,50,50,0.00,0.00,0.00,0.00,2.63,51,81,53,19,10,35,75,44,91,11.25,7.25,0.00,0.00,0.00,0.00,0.00,0.00,0.00,0.00,0.00,Estádio Da Tapadinha (Lisboa)
1426086000,Mar 11 2015 - 3:00pm,complete,N/A,GD Chaves,Clube Oriental de Lisboa,Hugo Filipe Ferreira de Campos Moreira Miguel,33,2.06,1.06,2.13,0.78,1,1,2,0,0,0,"50","88",9,8,2,0,4,1,1,1,2,3,8,6,5,4,3,2,16,13,50,50,0.00,0.00,0.00,0.00,2.10,41,60,35,16,10,16,69,35,75,9.98,6.50,0.00,0.00,0.00,0.00,0.00,0.00,0.00,0.00,0.00,Estádio Municipal Eng. Manuel Branco Teixeira (Chaves)
1426086000,Mar 11 2015 - 3:00pm,complete,N/A,CD Aves,Santa Clara,Ricardo José  Salgueiro Lourenço,33,1.56,0.75,1.61,0.83,1,1,2,1,0,1,"53","41",5,3,2,0,7,0,1,1,3,4,8,9,4,6,4,3,15,20,50,50,0.00,0.00,0.00,0.00,2.22,54,66,41,19,10,35,63,28,75,9.38,6.82,0.00,0.00,0.00,0.00,0.00,0.00,0.00,0.00,0.00,Estádio Clube Desportivo das Aves (Vila das Aves)
1426086000,Mar 11 2015 - 3:00pm,complete,N/A,Academico Viseu,Leixões,Bruno Miguel Duarte Paixão,33,1.69,0.60,1.87,0.52,2,1,3,1,0,1,"60,87","22",11,2,2,0,5,0,0,2,2,3,10,10,4,5,6,5,12,20,50,50,0.00,0.00,0.00,0.00,2.14,23,68,39,7,7,23,68,36,71,14.42,6.61,0.00,0.00,0.00,0.00,0.00,0.00,0.00,0.00,0.00,Estádio Municipal do Fontelo (Viseu)
1426086000,Mar 11 2015 - 3:00pm,complete,N/A,Portimonense,SC Beira-Mar,Cosme Cunha Machado,33,1.87,0.88,1.39,1.22,0,3,3,1,0,1,"","40,58,79",4,3,3,1,1,0,1,3,1,0,15,9,7,3,8,6,21,14,50,50,0.00,0.00,0.00,0.00,2.50,59,68,49,29,17,26,62,49,81,11.04,5.96,0.00,0.00,0.00,0.00,0.00,0.00,0.00,0.00,0.00,Estádio Municipal de Portimão (Portimão)
1426086000,Mar 11 2015 - 3:00pm,complete,N/A,CD Trofense,Sporting CP II,Manuel Antonio Rodrigues Oliveira,33,1.00,1.31,1.04,1.52,1,1,2,1,0,1,"83","41",7,8,5,0,2,0,1,4,0,2,7,10,4,8,3,2,23,14,50,50,0.00,0.00,0.00,0.00,2.47,38,66,44,25,13,35,79,41,57,7.50,7.07,0.00,0.00,0.00,0.00,0.00,0.00,0.00,0.00,0.00,Estádio do Clube Desportivo Trofense (Trofa)
1426086000,Mar 11 2015 - 3:00pm,complete,N/A,CD Tondela,Sporting Covilhã,Rui Jorge Piteira Rodrigues,33,2.06,0.69,2.04,0.96,2,2,4,2,1,1,"36,48","20,90'3",7,4,4,1,4,0,1,4,2,2,8,7,4,3,4,4,15,14,50,50,0.00,0.00,0.00,0.00,1.97,44,54,32,19,7,25,53,28,69,12.55,6.69,0.00,0.00,0.00,0.00,0.00,0.00,0.00,0.00,0.00,Estádio João Cardoso (Tondela)
1426086000,Mar 11 2015 - 3:00pm,complete,N/A,Vitória Guimarães II,Farense,Jorge Joaquim Martins de Barros Tavares,33,1.81,0.81,1.87,0.96,2,0,2,0,0,0,"60,64","",2,4,1,0,2,0,1,0,1,1,11,10,4,7,7,3,20,9,50,50,0.00,0.00,0.00,0.00,2.91,53,76,56,35,19,47,82,38,82,9.70,6.88,0.00,0.00,0.00,0.00,0.00,0.00,0.00,0.00,0.00,Estádio Dom Afonso Henriques (Guimarães)
1426086000,Mar 11 2015 - 3:00pm,complete,N/A,SC Olhanense,Porto II,João Filipe Malheiro Pinto,33,1.40,0.88,1.43,0.87,2,2,4,1,1,0,"2,64","56,58",8,4,4,0,3,0,1,3,2,1,17,12,8,6,9,6,14,15,50,50,0.00,0.00,0.00,0.00,2.18,36,61,42,19,13,23,52,36,74,11.26,6.93,0.00,0.00,0.00,0.00,0.00,0.00,0.00,0.00,0.00,Estádio José Arcanjo (Olhão)
1426089600,Mar 11 2015 - 4:00pm,complete,N/A,Freamunde,CF União,Tiago Bruno Lopes Martins,33,1.63,1.88,1.57,1.87,0,0,0,0,0,0,"","",6,2,1,0,1,0,1,0,0,1,9,4,2,0,7,4,15,17,50,50,0.00,0.00,0.00,0.00,1.97,32,60,35,13,3,19,57,32,75,9.36,6.57,0.00,0.00,0.00,0.00,0.00,0.00,0.00,0.00,0.00,Complexo Desportivo do SC Freamunde (Freamunde)
1426093200,Mar 11 2015 - 5:00pm,complete,N/A,Benfica II,CD Feirense,Nuno Miguel Serrano Almeida,33,1.88,1.19,1.91,1.35,0,1,1,1,0,1,"","22",10,1,2,0,6,0,0,2,3,3,16,8,8,4,8,4,11,13,50,50,0.00,0.00,0.00,0.00,2.94,50,85,60,35,16,38,85,38,88,10.18,6.57,0.00,0.00,0.00,0.00,0.00,0.00,0.00,0.00,0.00,Caixa Futebol Campus (Seixal)
1426417200,Mar 15 2015 - 11:00am,complete,N/A,Marítimo II,UD Oliveirense,Bruno Alexandre da Silva Esteves,34,1.44,1.06,1.26,0.83,0,0,0,0,0,0,"","",8,5,3,0,5,0,1,2,2,3,21,11,14,5,7,6,13,18,58,42,0.00,0.00,0.00,0.00,2.54,47,56,50,31,22,31,69,38,66,9.36,7.07,0.00,0.00,0.00,0.00,0.00,0.00,0.00,0.00,0.00,Campo da Imaculada Conceição (Funchal (Ilha da Madeira))
1426418100,Mar 15 2015 - 11:15am,complete,N/A,Clube Oriental de Lisboa,Freamunde,Marco Bruno dos Santos Ferreira,34,1.63,1.81,1.74,1.52,0,0,0,0,0,0,"","",0,6,1,0,2,0,1,0,0,2,6,12,0,7,6,5,12,14,50,50,0.00,0.00,0.00,0.00,2.03,38,63,28,13,3,19,53,38,72,9.73,6.57,0.00,0.00,0.00,0.00,0.00,0.00,0.00,0.00,0.00,Campo Engenheiro Carlos Salema (Lisboa)
1426431600,Mar 15 2015 - 3:00pm,complete,N/A,Portimonense,Vitória Guimarães II,Ricardo José  Salgueiro Lourenço,34,1.75,1.06,1.39,0.96,0,0,0,0,0,0,"","",3,6,5,0,2,0,3,2,1,1,13,13,4,7,9,6,17,16,50,50,0.00,0.00,0.00,0.00,2.72,60,75,47,28,19,28,63,50,85,10.95,6.38,0.00,0.00,0.00,0.00,0.00,0.00,0.00,0.00,0.00,Estádio Municipal de Portimão (Portimão)
1426431600,Mar 15 2015 - 3:00pm,complete,N/A,CD Feirense,Sporting Braga II,Carlos Miguel Taborda Xistra,34,1.75,0.75,1.91,0.87,3,1,4,1,1,0,"38,88,90'2","51",1,0,4,0,6,3,2,2,1,8,10,5,6,2,4,3,14,11,50,50,0.00,0.00,0.00,0.00,2.22,66,75,41,16,3,38,69,35,69,13.40,6.44,0.00,0.00,0.00,0.00,0.00,0.00,0.00,0.00,0.00,Estádio Marcolino de Castro (Santa Maria da Feira)
1426431600,Mar 15 2015 - 3:00pm,complete,N/A,Sporting CP II,Academico Viseu,Rui Jorge Piteira Rodrigues,34,1.81,0.94,1.87,0.83,2,1,3,1,1,0,"29,56","70",3,7,5,1,2,0,2,4,0,2,11,14,5,3,6,11,15,11,50,50,0.00,0.00,0.00,0.00,2.72,60,69,50,28,19,38,66,50,72,10.94,6.81,0.00,0.00,0.00,0.00,0.00,0.00,0.00,0.00,0.00,CGD Stadium Aurélio Pereira (Alcochete)
1426431600,Mar 15 2015 - 3:00pm,complete,N/A,Leixões,Atlético CP,Manuel Jorge Neves Moreira de Sousa,34,1.76,0.75,1.65,0.70,3,0,3,1,1,0,"35,57,62","",6,7,1,0,1,1,1,0,1,1,10,7,5,2,5,5,9,17,50,50,0.00,0.00,0.00,0.00,2.55,58,67,52,25,10,25,58,49,79,9.58,7.47,0.00,0.00,0.00,0.00,0.00,0.00,0.00,0.00,0.00,Estádio do Mar (Matosinhos)
1426431600,Mar 15 2015 - 3:00pm,complete,N/A,Porto II,CD Aves,Manuel Mota,34,2.06,0.75,1.78,0.70,2,1,3,3,2,1,"2,40","30",5,6,3,0,0,0,0,3,0,0,11,11,6,6,5,5,16,7,50,50,0.00,0.00,0.00,0.00,2.60,47,72,44,29,13,22,69,44,88,11.11,5.51,0.00,0.00,0.00,0.00,0.00,0.00,0.00,0.00,0.00,Estádio Dr. Jorge Sampaio (Pedroso- Vila Nova de Gaia)
1426431600,Mar 15 2015 - 3:00pm,complete,N/A,Sporting Covilhã,CD Trofense,Duarte Nuno Pereira Gomes,34,2.44,0.56,2.52,0.52,2,0,2,1,1,0,"14,63","",8,5,1,0,2,0,0,1,1,1,10,8,3,0,7,8,18,12,50,50,0.00,0.00,0.00,0.00,2.72,35,81,60,28,6,38,69,41,88,9.98,5.63,0.00,0.00,0.00,0.00,0.00,0.00,0.00,0.00,0.00,Estádio Municipal José Santos Pinto (Covilhã)
1426433400,Mar 15 2015 - 3:30pm,complete,N/A,Farense,Benfica II,André Manuel Alves Moreira,34,1.69,1.31,1.74,1.43,0,3,3,2,0,2,"","2,43,72",2,5,1,2,4,2,2,1,2,4,10,8,3,6,7,2,27,13,50,50,0.00,0.00,0.00,0.00,2.50,47,63,41,32,19,35,69,32,69,11.46,7.25,0.00,0.00,0.00,0.00,0.00,0.00,0.00,0.00,0.00,Estádio de São Lúis (Faro)
1426435200,Mar 15 2015 - 4:00pm,complete,N/A,SC Beira-Mar,SC Olhanense,Rui Filipe Cunha Folha Oliveira,34,1.56,0.65,1.39,0.96,0,1,1,0,0,0,"","48",1,4,3,0,3,1,1,2,0,4,9,4,4,2,5,2,11,18,50,50,0.00,0.00,0.00,0.00,2.75,52,70,52,30,18,24,69,52,67,7.97,6.96,0.00,0.00,0.00,0.00,0.00,0.00,0.00,0.00,0.00,Estádio Municipal de Aveiro (Aveiro)
1426435200,Mar 15 2015 - 4:00pm,complete,N/A,CF União,CD Tondela,Bruno Miguel Duarte Paixão,34,1.38,1.38,1.61,1.48,1,2,3,1,0,1,"90'4","12,73",3,8,4,1,4,0,2,3,3,1,5,6,3,5,2,1,25,27,50,50,0.00,0.00,0.00,0.00,2.35,50,66,35,25,13,22,47,35,78,11.72,7.25,0.00,0.00,0.00,0.00,0.00,0.00,0.00,0.00,0.00,Estádio Municipal de Machico (Machico (Madeira))
1426435200,Mar 15 2015 - 4:00pm,complete,N/A,Santa Clara,GD Chaves,Tiago Bruno Lopes Martins,34,1.25,1.56,1.39,1.35,1,1,2,1,0,1,"63","45'1",4,7,2,1,2,0,0,3,0,2,8,8,4,5,4,3,15,13,50,50,0.00,0.00,0.00,0.00,2.19,57,69,38,19,7,19,69,38,72,10.83,6.56,0.00,0.00,0.00,0.00,0.00,0.00,0.00,0.00,0.00,Estádio de São Miguel (Ponta Delgada- Ilha de São Miguel- Açores)
1426690800,Mar 18 2015 - 3:00pm,complete,N/A,UD Oliveirense,Sporting CP II,Manuel Mota,35,2.00,1.29,1.57,1.52,1,2,3,0,0,0,"90","84,86",6,11,4,0,4,0,1,3,0,4,8,15,4,12,4,3,16,10,48,52,0.00,0.00,0.00,0.00,2.36,44,56,44,24,12,33,65,33,68,10.72,6.47,0.00,0.00,0.00,0.00,0.00,0.00,0.00,0.00,0.00,Estádio Carlos Osório (Oliveira de Azeméis)
1426690800,Mar 18 2015 - 3:00pm,complete,N/A,SC Olhanense,Vitória Guimarães II,Tiago Antunes,35,1.38,1.06,1.43,0.96,1,1,2,1,0,1,"85","27",6,3,2,1,5,1,0,3,2,4,9,4,4,2,5,2,16,22,50,50,0.00,0.00,0.00,0.00,2.11,39,58,36,22,12,18,49,36,73,10.42,6.76,0.00,0.00,0.00,0.00,0.00,0.00,0.00,0.00,0.00,Estádio José Arcanjo (Olhão)
1426694400,Mar 18 2015 - 4:00pm,complete,N/A,Marítimo II,Leixões,Iancu Ioan Vasilica,35,1.41,0.56,1.26,0.52,1,1,2,0,0,0,"80","58",7,7,3,0,5,0,1,2,1,4,13,9,7,5,6,4,11,23,50,50,0.00,0.00,0.00,0.00,2.46,39,64,46,21,19,30,70,37,70,9.89,7.40,0.00,0.00,0.00,0.00,0.00,0.00,0.00,0.00,0.00,Campo da Imaculada Conceição (Funchal (Ilha da Madeira))
1426698000,Mar 18 2015 - 5:00pm,complete,N/A,Benfica II,Portimonense,Luís Alberto Ferreira Cabral,35,1.76,1.12,1.91,1.22,4,1,5,3,3,0,"29,35,36,71","50",7,4,1,0,2,0,0,1,0,2,14,11,8,5,6,6,15,17,50,50,0.00,0.00,0.00,0.00,2.71,50,71,56,36,15,38,71,38,85,11.20,5.83,0.00,0.00,0.00,0.00,0.00,0.00,0.00,0.00,0.00,Caixa Futebol Campus (Seixal)
1426705200,Mar 18 2015 - 7:00pm,complete,N/A,Freamunde,Porto II,Rui Jorge Piteira Rodrigues,35,1.59,0.88,1.57,0.87,0,2,2,1,0,1,"","33,73",4,2,3,1,2,0,1,3,1,1,11,9,3,6,8,3,18,15,50,50,0.00,0.00,0.00,0.00,2.15,30,62,42,18,9,27,56,36,68,10.27,7.47,0.00,0.00,0.00,0.00,0.00,0.00,0.00,0.00,0.00,Complexo Desportivo do SC Freamunde (Freamunde)
1427022000,Mar 22 2015 - 11:00am,complete,N/A,Sporting CP II,Atlético CP,João Filipe Malheiro Pinto,36,1.88,0.71,1.87,0.70,2,0,2,1,1,0,"35,79","",5,4,2,0,4,3,0,2,3,4,16,4,8,3,8,1,12,16,50,50,0.00,0.00,0.00,0.00,2.74,53,68,50,30,15,35,71,50,71,9.99,7.06,0.00,0.00,0.00,0.00,0.00,0.00,0.00,0.00,0.00,CGD Stadium Aurélio Pereira (Alcochete)
1427022900,Mar 22 2015 - 11:15am,complete,N/A,SC Beira-Mar,Benfica II,Pedro Vilaça,36,1.47,1.41,1.39,1.43,1,2,3,1,1,0,"35","51,59",5,4,2,1,4,1,0,3,2,3,8,8,3,5,5,3,11,11,50,50,0.00,0.00,0.00,0.00,2.62,50,68,53,30,18,30,68,44,65,10.54,7.12,0.00,0.00,0.00,0.00,0.00,0.00,0.00,0.00,0.00,Estádio Municipal de Aveiro (Aveiro)
1427036400,Mar 22 2015 - 3:00pm,complete,N/A,Leixões,UD Oliveirense,Artur Manuel Ribeiro Soares Dias,36,1.83,1.06,1.65,0.83,4,1,5,0,0,0,"58,61,86,90'3","64",8,6,3,0,0,0,0,3,0,0,18,10,8,4,10,6,8,16,54,46,0.00,0.00,0.00,0.00,2.31,49,60,57,20,12,20,55,46,71,10.67,6.97,0.00,0.00,0.00,0.00,0.00,0.00,0.00,0.00,0.00,Estádio do Mar (Matosinhos)
1427036400,Mar 22 2015 - 3:00pm,complete,N/A,Sporting Covilhã,Marítimo II,Cosme Cunha Machado,36,2.47,0.59,2.52,0.52,2,1,3,2,2,0,"7,45","76",5,5,1,0,3,0,0,1,0,3,6,13,4,5,2,8,17,16,50,50,0.00,0.00,0.00,0.00,2.65,35,82,53,24,3,24,74,47,88,12.00,5.70,0.00,0.00,0.00,0.00,0.00,0.00,0.00,0.00,0.00,Estádio Municipal José Santos Pinto (Covilhã)
1427036400,Mar 22 2015 - 3:00pm,complete,N/A,Porto II,GD Chaves,Vasco Santos,36,2.12,1.53,1.78,1.35,2,2,4,1,1,0,"5,87","48,58",3,5,3,0,5,0,2,1,2,3,9,8,2,3,7,5,12,13,50,50,0.00,0.00,0.00,0.00,2.74,62,79,50,27,15,33,68,53,82,12.26,6.06,0.00,0.00,0.00,0.00,0.00,0.00,0.00,0.00,0.00,Estádio Dr. Jorge Sampaio (Pedroso- Vila Nova de Gaia)
1427036400,Mar 22 2015 - 3:00pm,complete,N/A,CD Feirense,Academico Viseu,Ricardo Baixinho,36,1.82,0.88,1.91,0.83,3,0,3,1,1,0,"15,53,82","",8,7,5,0,4,1,2,3,1,4,13,12,6,7,7,5,17,16,50,50,0.00,0.00,0.00,0.00,2.68,71,79,56,27,9,35,71,50,79,12.38,6.83,0.00,0.00,0.00,0.00,0.00,0.00,0.00,0.00,0.00,Estádio Marcolino de Castro (Santa Maria da Feira)
1427036400,Mar 22 2015 - 3:00pm,complete,N/A,Vitória Guimarães II,CD Aves,Nuno Miguel Serrano Almeida,36,1.88,0.71,1.87,0.70,1,0,1,0,0,0,"51","",6,2,5,0,4,0,2,3,2,2,12,10,6,2,6,8,18,14,50,50,0.00,0.00,0.00,0.00,2.88,50,80,59,33,18,39,80,47,85,9.31,5.76,0.00,0.00,0.00,0.00,0.00,0.00,0.00,0.00,0.00,Estádio Dom Afonso Henriques (Guimarães)
1427036400,Mar 22 2015 - 3:00pm,complete,N/A,Clube Oriental de Lisboa,CD Tondela,João Carlos Santos Capela,36,1.59,1.47,1.74,1.48,1,1,2,0,0,0,"75","61",2,7,3,1,3,0,1,3,2,1,13,9,5,5,8,4,19,14,50,50,0.00,0.00,0.00,0.00,2.27,42,62,33,24,9,27,53,27,77,10.69,6.30,0.00,0.00,0.00,0.00,0.00,0.00,0.00,0.00,0.00,Campo Engenheiro Carlos Salema (Lisboa)
1427036400,Mar 22 2015 - 3:00pm,complete,N/A,Farense,Freamunde,Bruno Alexandre da Silva Esteves,36,1.59,1.76,1.74,1.52,2,1,3,1,1,0,"5,54","50",5,6,5,1,4,0,3,3,1,3,7,12,4,3,3,9,14,15,50,50,0.00,0.00,0.00,0.00,1.97,41,59,29,12,3,18,53,36,71,9.50,7.29,0.00,0.00,0.00,0.00,0.00,0.00,0.00,0.00,0.00,Estádio de São Lúis (Faro)
1427040000,Mar 22 2015 - 4:00pm,complete,N/A,CF União,CD Trofense,Rui Jorge Piteira Rodrigues,36,1.29,0.53,1.61,0.52,1,0,1,0,0,0,"51","",1,3,2,0,2,1,0,2,0,3,11,8,5,5,6,3,20,11,50,50,0.00,0.00,0.00,0.00,2.39,41,74,47,21,9,24,59,41,82,10.29,6.71,0.00,0.00,0.00,0.00,0.00,0.00,0.00,0.00,0.00,Estádio Municipal de Machico (Machico (Madeira))
1427040000,Mar 22 2015 - 4:00pm,complete,N/A,Santa Clara,Sporting Braga II,Sérgio Filipe Grade Sousa Piscarreta,36,1.24,0.71,1.39,0.87,0,0,0,0,0,0,"","",5,2,1,0,2,0,0,1,0,2,9,8,2,3,7,5,15,8,50,50,0.00,0.00,0.00,0.00,1.97,56,65,27,18,3,24,74,21,65,10.63,6.53,0.00,0.00,0.00,0.00,0.00,0.00,0.00,0.00,0.00,Estádio de São Miguel (Ponta Delgada- Ilha de São Miguel- Açores)
1427040000,Mar 22 2015 - 4:00pm,complete,N/A,Portimonense,SC Olhanense,Hugo Filipe Ferreira de Campos Moreira Miguel,36,1.71,0.78,1.39,0.96,1,1,2,0,0,0,"67","79",4,5,4,0,6,0,1,3,2,4,10,7,5,4,5,3,20,17,50,50,0.00,0.00,0.00,0.00,2.86,58,74,49,34,23,32,72,49,77,9.37,6.37,0.00,0.00,0.00,0.00,0.00,0.00,0.00,0.00,0.00,Estádio Municipal de Portimão (Portimão)
1427468400,Mar 27 2015 - 3:00pm,complete,N/A,Sporting Braga II,CF União,Nuno Miguel Serrano Almeida,35,1.65,1.82,1.48,1.87,0,3,3,1,0,1,"","11,75,87",7,4,3,0,2,0,2,1,1,1,11,12,6,4,5,8,13,16,50,50,0.00,0.00,0.00,0.00,2.56,53,74,53,24,12,33,68,38,80,9.29,6.17,0.00,0.00,0.00,0.00,0.00,0.00,0.00,0.00,0.00,Estádio 1º de Maio (Braga)
1427554800,Mar 28 2015 - 3:00pm,complete,N/A,Atlético CP,CD Feirense,Jorge Ferreira,35,1.18,1.29,1.35,1.35,1,3,4,1,0,1,"65","31,72,77",2,3,3,1,4,0,1,3,1,3,4,10,2,5,2,5,15,18,50,50,0.00,0.00,0.00,0.00,2.56,47,74,50,24,12,39,76,33,83,8.79,8.00,0.00,0.00,0.00,0.00,0.00,0.00,0.00,0.00,0.00,Estádio Da Tapadinha (Lisboa)
1427558400,Mar 28 2015 - 4:00pm,complete,N/A,CD Trofense,Clube Oriental de Lisboa,Luis Miguel Branco Godinho,35,1.00,1.06,1.04,0.78,1,0,1,0,0,0,"62","",6,8,3,0,3,1,1,2,1,3,13,14,6,5,7,9,14,14,50,50,0.00,0.00,0.00,0.00,2.27,44,65,35,18,9,21,77,38,68,8.97,7.11,0.00,0.00,0.00,0.00,0.00,0.00,0.00,0.00,0.00,Estádio do Clube Desportivo Trofense (Trofa)
1427637600,Mar 29 2015 - 2:00pm,complete,N/A,GD Chaves,Farense,Manuel Antonio Rodrigues Oliveira,35,2.00,0.76,2.13,0.96,1,0,1,0,0,0,"83","",8,2,4,1,4,0,2,3,2,2,10,7,5,4,5,3,10,21,61,39,0.00,0.00,0.00,0.00,2.15,47,68,29,15,6,18,65,30,79,10.40,7.00,0.00,0.00,0.00,0.00,0.00,0.00,0.00,0.00,0.00,Estádio Municipal Eng. Manuel Branco Teixeira (Chaves)
1427637600,Mar 29 2015 - 2:00pm,complete,N/A,CD Tondela,Santa Clara,Rui Manuel Gomes Costa,35,2.00,0.76,2.04,0.83,2,1,3,2,1,1,"45,71","24",3,5,2,1,6,1,1,2,2,5,5,11,2,3,3,8,21,15,54,46,0.00,0.00,0.00,0.00,1.94,44,53,29,21,6,18,59,32,71,10.87,7.77,0.00,0.00,0.00,0.00,0.00,0.00,0.00,0.00,0.00,Estádio João Cardoso (Tondela)
1427641200,Mar 29 2015 - 3:00pm,complete,N/A,CD Aves,SC Beira-Mar,Bruno Alexandre da Silva Esteves,35,1.53,1.00,1.61,1.22,1,0,1,1,1,0,"25","",2,7,3,0,3,1,1,2,0,4,9,9,3,3,6,6,17,17,45,55,0.00,0.00,0.00,0.00,2.42,53,68,50,24,15,39,65,36,76,9.87,6.29,0.00,0.00,0.00,0.00,0.00,0.00,0.00,0.00,0.00,Estádio Clube Desportivo das Aves (Vila das Aves)
1427641200,Mar 29 2015 - 3:00pm,complete,N/A,Freamunde,Vitória Guimarães II,Jorge Joaquim Martins de Barros Tavares,39,1.50,1.06,1.57,0.96,2,0,2,1,1,0,"13,85","",1,5,5,0,3,0,1,4,2,1,5,13,3,6,2,7,21,8,47,53,0.00,0.00,0.00,0.00,1.97,31,59,31,14,9,23,53,31,67,9.22,7.45,0.00,0.00,0.00,0.00,0.00,0.00,0.00,0.00,0.00,Complexo Desportivo do SC Freamunde (Freamunde)
1427641200,Mar 29 2015 - 3:00pm,complete,N/A,Academico Viseu,Sporting Covilhã,Olegário Faustino Manuel Benquerença Bartolo,35,1.76,0.71,1.87,0.96,0,1,1,0,0,0,"","86",11,2,4,0,4,0,1,3,1,3,13,6,4,3,9,3,17,18,54,46,0.00,0.00,0.00,0.00,2.03,39,65,38,9,0,24,59,35,74,14.65,6.00,0.00,0.00,0.00,0.00,0.00,0.00,0.00,0.00,0.00,Estádio Municipal do Fontelo (Viseu)
1428142500,Apr 04 2015 - 10:15am,complete,N/A,CD Tondela,Porto II,Jorge Joaquim Martins de Barros Tavares,37,2.06,1.00,2.04,0.87,3,1,4,3,2,1,"15,34,61","44",6,5,1,0,3,0,0,1,1,2,6,10,4,4,2,6,10,10,50,50,0.00,0.00,0.00,0.00,2.45,44,64,45,28,14,31,64,39,75,12.15,7.44,0.00,0.00,0.00,0.00,0.00,0.00,0.00,0.00,0.00,Estádio João Cardoso (Tondela)
1428159600,Apr 04 2015 - 3:00pm,complete,N/A,Atlético CP,Sporting Covilhã,Nuno Miguel Serrano Almeida,37,1.11,0.83,1.35,0.96,2,1,3,0,0,0,"70,81","83",1,3,4,0,3,0,4,0,1,2,3,12,0,3,3,9,22,14,50,50,0.00,0.00,0.00,0.00,2.50,59,72,50,25,9,42,64,36,86,10.33,7.16,0.00,0.00,0.00,0.00,0.00,0.00,0.00,0.00,0.00,Estádio Da Tapadinha (Lisboa)
1428159600,Apr 04 2015 - 3:00pm,complete,N/A,Sporting CP II,Leixões,Sérgio Filipe Grade Sousa Piscarreta,37,1.94,0.59,1.87,0.52,3,1,4,2,2,0,"39,44,78","53",7,1,3,0,1,1,1,2,0,2,10,8,5,4,5,4,13,9,50,50,0.00,0.00,0.00,0.00,2.51,43,72,49,17,15,31,69,46,72,11.20,7.05,0.00,0.00,0.00,0.00,0.00,0.00,0.00,0.00,0.00,CGD Stadium Aurélio Pereira (Alcochete)
1428159600,Apr 04 2015 - 3:00pm,complete,N/A,Academico Viseu,Clube Oriental de Lisboa,Rui Filipe Cunha Folha Oliveira,37,1.67,1.00,1.87,0.78,4,0,4,1,1,0,"39,58,76,80","",7,0,3,0,5,1,1,2,3,3,16,11,9,7,7,4,14,10,50,50,0.00,0.00,0.00,0.00,1.98,31,56,33,9,6,14,61,39,72,13.82,6.33,0.00,0.00,0.00,0.00,0.00,0.00,0.00,0.00,0.00,Estádio Municipal do Fontelo (Viseu)
1428159600,Apr 04 2015 - 3:00pm,complete,N/A,CD Trofense,SC Beira-Mar,André Filipe Domingues Narciso,37,1.11,0.94,1.04,1.22,0,3,3,1,0,1,"","16,63,86",9,7,5,0,2,0,1,4,0,2,8,6,3,0,5,6,17,12,50,50,0.00,0.00,0.00,0.00,2.25,42,64,42,20,9,22,72,39,70,9.32,7.22,0.00,0.00,0.00,0.00,0.00,0.00,0.00,0.00,0.00,Estádio do Clube Desportivo Trofense (Trofa)
1428159600,Apr 04 2015 - 3:00pm,complete,N/A,Freamunde,Santa Clara,Manuel Antonio Rodrigues Oliveira,37,1.58,0.72,1.57,0.83,0,0,0,0,0,0,"","",8,7,1,0,1,0,0,1,0,1,8,11,5,6,3,5,19,15,50,50,0.00,0.00,0.00,0.00,1.71,31,57,27,8,0,17,57,25,68,8.36,7.91,0.00,0.00,0.00,0.00,0.00,0.00,0.00,0.00,0.00,Complexo Desportivo do SC Freamunde (Freamunde)
1428159600,Apr 04 2015 - 3:00pm,complete,N/A,CD Aves,Farense,Pedro Vilaça,37,1.61,0.72,1.61,0.96,2,0,2,1,1,0,"2,82","",4,10,1,0,2,0,1,0,2,0,12,18,10,8,2,10,18,10,50,50,0.00,0.00,0.00,0.00,2.34,53,67,36,20,12,36,67,22,75,9.39,6.66,0.00,0.00,0.00,0.00,0.00,0.00,0.00,0.00,0.00,Estádio Clube Desportivo das Aves (Vila das Aves)
1428159600,Apr 04 2015 - 3:00pm,complete,N/A,Marítimo II,CF União,Jorge Ferreira,37,1.39,1.89,1.26,1.87,1,2,3,1,1,0,"41","67,77",11,14,3,0,4,0,0,3,1,3,12,13,5,7,7,6,13,16,50,50,0.00,0.00,0.00,0.00,2.36,47,62,42,23,14,23,61,39,78,9.53,6.28,0.00,0.00,0.00,0.00,0.00,0.00,0.00,0.00,0.00,Campo da Imaculada Conceição (Funchal (Ilha da Madeira))
1428159600,Apr 04 2015 - 3:00pm,complete,N/A,Sporting Braga II,Portimonense,Rui Manuel Gomes Costa,37,1.56,1.06,1.48,1.22,0,2,2,0,0,0,"","60,79",3,6,3,1,3,0,1,3,2,1,8,8,5,0,3,8,14,7,50,50,0.00,0.00,0.00,0.00,2.53,48,67,56,28,14,39,64,39,75,9.30,6.56,0.00,0.00,0.00,0.00,0.00,0.00,0.00,0.00,0.00,Estádio 1º de Maio (Braga)
1428159600,Apr 04 2015 - 3:00pm,complete,N/A,UD Oliveirense,CD Feirense,Bruno Miguel Duarte Paixão,37,1.89,1.39,1.57,1.35,0,1,1,1,0,1,"","45",3,7,4,0,2,0,3,1,2,0,12,16,4,7,8,9,23,14,48,52,0.00,0.00,0.00,0.00,2.31,45,62,44,20,6,22,67,28,78,10.81,7.28,0.00,0.00,0.00,0.00,0.00,0.00,0.00,0.00,0.00,Estádio Carlos Osório (Oliveira de Azeméis)
1428159600,Apr 04 2015 - 3:00pm,complete,N/A,GD Chaves,Vitória Guimarães II,Luís Miguel Rodrigues Ferreira,37,2.06,1.00,2.13,0.96,2,0,2,0,0,0,"87,90'4","",9,3,2,0,6,2,1,1,3,5,18,4,7,2,11,2,15,14,50,50,0.00,0.00,0.00,0.00,2.21,46,68,33,16,11,19,60,35,81,10.85,7.12,0.00,0.00,0.00,0.00,0.00,0.00,0.00,0.00,0.00,Estádio Municipal Eng. Manuel Branco Teixeira (Chaves)
1428175800,Apr 04 2015 - 7:30pm,complete,N/A,SC Olhanense,Benfica II,Fábio José Costa Veríssimo,37,1.35,1.50,1.43,1.43,1,2,3,1,0,1,"86","10,68",11,6,5,0,1,0,0,5,1,0,12,4,4,3,8,1,17,19,50,50,0.00,0.00,0.00,0.00,2.38,46,66,45,29,17,28,65,34,69,11.63,7.00,0.00,0.00,0.00,0.00,0.00,0.00,0.00,0.00,0.00,Estádio José Arcanjo (Olhão)
1428685200,Apr 10 2015 - 5:00pm,complete,N/A,Benfica II,GD Chaves,Paulo Baptista,38,1.83,1.50,1.91,1.35,2,2,4,3,1,2,"37,68","21,26",12,7,5,1,1,0,1,5,0,1,14,15,6,6,8,9,14,16,50,50,0.00,0.00,0.00,0.00,3.06,70,89,61,36,20,36,81,56,89,11.91,6.22,0.00,0.00,0.00,0.00,0.00,0.00,0.00,0.00,0.00,Caixa Futebol Campus (Seixal)
1428760800,Apr 11 2015 - 2:00pm,complete,N/A,CF União,Academico Viseu,João Carlos Santos Capela,38,1.39,0.83,1.61,0.83,4,2,6,3,3,0,"5,10,25,49","66,68",3,8,3,0,2,0,2,1,0,2,5,10,0,5,5,5,17,9,50,50,0.00,0.00,0.00,0.00,2.47,56,70,45,23,14,22,58,50,81,10.85,7.28,0.00,0.00,0.00,0.00,0.00,0.00,0.00,0.00,0.00,Estádio Municipal de Machico (Machico (Madeira))
1428760800,Apr 11 2015 - 2:00pm,complete,N/A,Porto II,CD Trofense,Rui Manuel Gomes Costa,38,2.06,0.50,1.78,0.52,3,2,5,4,2,2,"12,25,48","6,33",5,6,2,0,1,0,1,1,0,1,8,8,4,3,4,5,17,6,50,50,0.00,0.00,0.00,0.00,2.75,45,78,56,31,12,36,70,42,86,10.83,5.55,0.00,0.00,0.00,0.00,0.00,0.00,0.00,0.00,0.00,Estádio Dr. Jorge Sampaio (Pedroso- Vila Nova de Gaia)
1428764400,Apr 11 2015 - 3:00pm,complete,N/A,SC Olhanense,Freamunde,Manuel Mota,38,1.28,1.67,1.43,1.52,1,0,1,0,0,0,"77","",-1,-1,2,0,5,1,0,2,2,4,-1,-1,-1,-1,-1,-1,-1,-1,-1,-1,0.00,0.00,0.00,0.00,1.89,45,62,33,12,3,9,50,42,70,10.52,6.95,0.00,0.00,0.00,0.00,0.00,0.00,0.00,0.00,0.00,Estádio José Arcanjo (Olhão)
1428764400,Apr 11 2015 - 3:00pm,complete,N/A,Vitória Guimarães II,CD Tondela,Rui Jorge Piteira Rodrigues,38,1.94,1.44,1.87,1.48,1,2,3,2,1,1,"37","19,62",6,10,2,1,4,1,3,0,3,2,8,9,4,5,4,4,14,14,50,50,0.00,0.00,0.00,0.00,2.95,56,78,56,36,20,45,67,45,86,10.82,6.61,0.00,0.00,0.00,0.00,0.00,0.00,0.00,0.00,0.00,Estádio Dom Afonso Henriques (Guimarães)
1428764400,Apr 11 2015 - 3:00pm,complete,N/A,Portimonense,CD Aves,Iancu Ioan Vasilica,38,1.67,0.67,1.39,0.70,1,1,2,1,1,0,"39","90'4",4,5,2,1,4,0,0,3,0,4,10,6,6,2,4,4,15,16,50,50,0.00,0.00,0.00,0.00,2.42,56,73,42,23,12,17,64,45,83,9.95,5.72,0.00,0.00,0.00,0.00,0.00,0.00,0.00,0.00,0.00,Estádio Municipal de Portimão (Portimão)
1428764400,Apr 11 2015 - 3:00pm,complete,N/A,SC Beira-Mar,Sporting Braga II,Tiago Bruno Lopes Martins,38,1.39,0.72,1.39,0.87,1,0,1,0,0,0,"85","",7,4,1,0,3,1,1,0,0,4,8,9,3,3,5,6,12,19,50,50,0.00,0.00,0.00,0.00,2.14,56,64,39,17,6,20,62,42,64,9.45,6.83,0.00,0.00,0.00,0.00,0.00,0.00,0.00,0.00,0.00,Estádio Municipal de Aveiro (Aveiro)
1428764400,Apr 11 2015 - 3:00pm,complete,N/A,Clube Oriental de Lisboa,Marítimo II,Ricardo José  Salgueiro Lourenço,38,1.56,0.56,1.74,0.52,2,1,3,2,2,0,"25,32","76",1,1,2,0,3,1,1,1,2,2,8,19,3,10,5,9,15,10,50,50,0.00,0.00,0.00,0.00,2.25,36,70,39,17,3,20,64,39,81,10.88,6.00,0.00,0.00,0.00,0.00,0.00,0.00,0.00,0.00,0.00,Campo Engenheiro Carlos Salema (Lisboa)
1428764400,Apr 11 2015 - 3:00pm,complete,N/A,Farense,Atlético CP,Tiago Antunes,38,1.67,0.67,1.74,0.70,2,0,2,1,1,0,"16,59","",2,6,6,0,1,0,1,5,0,1,5,6,2,2,3,4,16,16,50,50,0.00,0.00,0.00,0.00,2.45,45,64,39,25,9,28,70,36,78,9.13,7.67,0.00,0.00,0.00,0.00,0.00,0.00,0.00,0.00,0.00,Estádio de São Lúis (Faro)
1428764400,Apr 11 2015 - 3:00pm,complete,N/A,CD Feirense,Leixões,João Pedro Silva Pinheiro,38,1.89,0.56,1.91,0.52,2,1,3,2,1,1,"8,59","3",7,4,2,0,2,0,0,2,1,1,12,9,10,4,2,5,16,13,50,50,0.00,0.00,0.00,0.00,2.53,53,81,56,20,6,33,72,47,78,12.54,7.11,0.00,0.00,0.00,0.00,0.00,0.00,0.00,0.00,0.00,Estádio Marcolino de Castro (Santa Maria da Feira)
1428768000,Apr 11 2015 - 4:00pm,complete,N/A,Santa Clara,UD Oliveirense,Carlos Miguel Taborda Xistra,38,1.22,1.00,1.39,0.83,2,1,3,1,1,0,"16,63","73",4,2,2,0,2,0,0,2,0,2,10,7,4,4,6,3,18,22,52,48,0.00,0.00,0.00,0.00,2.08,44,56,39,25,11,20,67,25,61,10.42,6.05,0.00,0.00,0.00,0.00,0.00,0.00,0.00,0.00,0.00,Estádio de São Miguel (Ponta Delgada- Ilha de São Miguel- Açores)
1428833700,Apr 12 2015 - 10:15am,complete,N/A,Sporting Covilhã,Sporting CP II,Fábio José Costa Veríssimo,38,2.50,1.39,2.52,1.52,2,0,2,1,1,0,"19,90'1","",6,5,0,0,2,0,0,0,2,0,13,9,8,7,5,2,18,14,50,50,0.00,0.00,0.00,0.00,2.64,36,72,53,28,12,39,70,42,73,9.82,5.66,0.00,0.00,0.00,0.00,0.00,0.00,0.00,0.00,0.00,Estádio Municipal José Santos Pinto (Covilhã)
1429106400,Apr 15 2015 - 2:00pm,complete,N/A,Sporting CP II,CD Feirense,Artur Manuel Ribeiro Soares Dias,39,2.00,1.47,1.87,1.35,2,2,4,2,0,2,"49,59","1,13",4,2,4,0,3,0,1,3,2,1,12,12,8,3,4,9,19,16,50,50,0.00,0.00,0.00,0.00,2.47,43,66,48,24,11,29,74,40,68,9.76,7.11,0.00,0.00,0.00,0.00,0.00,0.00,0.00,0.00,0.00,CGD Stadium Aurélio Pereira (Alcochete)
1429106400,Apr 15 2015 - 2:00pm,complete,N/A,Academico Viseu,Porto II,Jorge Ferreira,39,1.74,0.95,1.87,0.87,0,0,0,0,0,0,"","",10,2,2,1,3,0,0,3,2,1,16,12,7,4,9,8,16,9,50,50,0.00,0.00,0.00,0.00,2.42,34,71,48,19,8,24,66,42,79,14.53,6.68,0.00,0.00,0.00,0.00,0.00,0.00,0.00,0.00,0.00,Estádio Municipal do Fontelo (Viseu)
1429110000,Apr 15 2015 - 3:00pm,complete,N/A,GD Chaves,Portimonense,Manuel Jorge Neves Moreira de Sousa,39,2.11,1.16,2.13,1.22,1,2,3,1,0,1,"90'5","35,88",9,4,5,0,3,0,2,3,0,3,13,7,6,3,7,4,18,16,50,50,0.00,0.00,0.00,0.00,2.08,40,61,34,19,8,22,53,37,82,11.00,6.37,0.00,0.00,0.00,0.00,0.00,0.00,0.00,0.00,0.00,Estádio Municipal Eng. Manuel Branco Teixeira (Chaves)
1429110000,Apr 15 2015 - 3:00pm,complete,N/A,Atlético CP,CF União,Fábio José Costa Veríssimo,39,1.21,1.95,1.35,1.87,1,1,2,1,1,0,"11","87",6,6,7,0,1,1,2,5,0,2,6,13,2,8,4,5,23,17,50,50,0.00,0.00,0.00,0.00,2.64,58,76,55,24,11,32,69,45,92,9.94,6.74,0.00,0.00,0.00,0.00,0.00,0.00,0.00,0.00,0.00,Estádio Da Tapadinha (Lisboa)
1429110000,Apr 15 2015 - 3:00pm,complete,N/A,CD Aves,SC Olhanense,Cosme Cunha Machado,39,1.68,0.79,1.61,0.96,0,0,0,0,0,0,"","",4,6,3,1,2,0,2,2,1,1,8,15,5,6,3,9,14,15,50,50,0.00,0.00,0.00,0.00,2.74,56,74,45,29,21,42,74,34,74,8.53,6.58,0.00,0.00,0.00,0.00,0.00,0.00,0.00,0.00,0.00,Estádio Clube Desportivo das Aves (Vila das Aves)
1429110000,Apr 15 2015 - 3:00pm,complete,N/A,UD Oliveirense,SC Beira-Mar,Rui Jorge Piteira Rodrigues,39,1.79,1.05,1.57,1.22,0,0,0,0,0,0,"","",8,2,2,0,2,0,2,0,1,1,16,7,4,2,12,5,13,14,53,47,0.00,0.00,0.00,0.00,2.21,45,56,48,19,8,21,61,37,77,11.78,6.68,0.00,0.00,0.00,0.00,0.00,0.00,0.00,0.00,0.00,Estádio Carlos Osório (Oliveira de Azeméis)
1429110000,Apr 15 2015 - 3:00pm,complete,N/A,Sporting Braga II,Clube Oriental de Lisboa,Bruno Alexandre da Silva Esteves,39,1.47,0.95,1.48,0.78,1,0,1,0,0,0,"82","",3,1,2,0,3,0,1,1,0,3,19,7,7,0,12,7,9,20,50,50,0.00,0.00,0.00,0.00,2.50,45,69,50,24,14,29,69,45,74,8.97,7.05,0.00,0.00,0.00,0.00,0.00,0.00,0.00,0.00,0.00,Estádio 1º de Maio (Braga)
1429110000,Apr 15 2015 - 3:00pm,complete,N/A,Leixões,Sporting Covilhã,Duarte Nuno Pereira Gomes,39,1.89,0.79,1.65,0.96,3,3,6,1,1,0,"15,58,67","48,90'2,90'4",3,6,4,0,2,1,2,2,2,1,7,15,6,8,1,7,13,16,50,50,0.00,0.00,0.00,0.00,2.29,56,66,53,16,6,22,45,45,82,11.11,6.63,0.00,0.00,0.00,0.00,0.00,0.00,0.00,0.00,0.00,Estádio do Mar (Matosinhos)
1429110000,Apr 15 2015 - 3:00pm,complete,N/A,Marítimo II,Santa Clara,João Filipe Malheiro Pinto,39,1.32,0.74,1.26,0.83,0,1,1,1,0,1,"","14",5,5,2,0,7,0,1,1,2,5,14,6,8,4,6,2,12,24,50,50,0.00,0.00,0.00,0.00,2.13,50,58,37,19,11,21,61,34,71,9.40,7.64,0.00,0.00,0.00,0.00,0.00,0.00,0.00,0.00,0.00,Campo da Imaculada Conceição (Funchal (Ilha da Madeira))
1429110000,Apr 15 2015 - 3:00pm,complete,N/A,CD Trofense,Farense,Tiago Bruno Lopes Martins,39,1.05,0.68,1.04,0.96,0,1,1,1,0,1,"","6",4,4,1,0,5,0,1,0,1,4,6,8,0,5,6,3,12,24,50,50,0.00,0.00,0.00,0.00,2.27,42,69,32,16,5,21,74,29,74,9.45,7.53,0.00,0.00,0.00,0.00,0.00,0.00,0.00,0.00,0.00,Estádio do Clube Desportivo Trofense (Trofa)
1429110000,Apr 15 2015 - 3:00pm,complete,N/A,CD Tondela,Benfica II,Hugo Filipe Ferreira de Campos Moreira Miguel,39,2.11,1.58,2.04,1.43,2,1,3,2,1,1,"21,49","27",6,9,5,0,2,0,2,3,1,1,13,12,7,7,6,5,15,6,50,50,0.00,0.00,0.00,0.00,2.61,53,66,50,35,19,40,74,37,68,12.62,7.26,0.00,0.00,0.00,0.00,0.00,0.00,0.00,0.00,0.00,Estádio João Cardoso (Tondela)
1429438500,Apr 19 2015 - 10:15am,complete,N/A,SC Beira-Mar,GD Chaves,João Carlos Santos Capela,40,1.47,1.47,1.39,1.35,1,1,2,0,0,0,"90'4","73",8,3,2,0,3,0,0,2,1,2,10,13,3,9,7,4,10,21,50,50,0.00,0.00,0.00,0.00,2.45,61,71,50,21,8,16,61,56,76,10.03,6.69,0.00,0.00,0.00,0.00,0.00,0.00,0.00,0.00,0.00,Estádio Municipal de Aveiro (Aveiro)
1429452000,Apr 19 2015 - 2:00pm,complete,N/A,Porto II,Leixões,Manuel Antonio Rodrigues Oliveira,40,2.11,0.53,1.78,0.52,1,1,2,1,0,1,"58","21",4,7,2,0,1,0,1,1,1,0,10,13,6,7,4,6,13,12,50,50,0.00,0.00,0.00,0.00,2.82,50,79,56,29,16,40,74,45,82,11.59,6.16,0.00,0.00,0.00,0.00,0.00,0.00,0.00,0.00,0.00,Estádio Dr. Jorge Sampaio (Pedroso- Vila Nova de Gaia)
1429452000,Apr 19 2015 - 2:00pm,complete,N/A,CF União,Sporting CP II,Manuel Jorge Neves Moreira de Sousa,40,1.47,1.32,1.61,1.52,0,1,1,1,0,1,"","32",3,6,3,0,3,0,1,2,2,1,12,16,5,8,7,8,14,18,50,50,0.00,0.00,0.00,0.00,2.40,42,63,42,24,16,27,58,45,69,9.64,6.79,0.00,0.00,0.00,0.00,0.00,0.00,0.00,0.00,0.00,Estádio Municipal de Machico (Machico (Madeira))
1429455600,Apr 19 2015 - 3:00pm,complete,N/A,Sporting Covilhã,UD Oliveirense,Cosme Cunha Machado,40,2.53,0.95,2.52,0.83,4,1,5,1,1,0,"34,52,74,87","62",1,6,0,0,5,0,0,0,1,4,10,13,3,4,7,9,12,17,47,53,0.00,0.00,0.00,0.00,2.61,40,71,56,29,13,32,69,40,76,10.72,5.47,0.00,0.00,0.00,0.00,0.00,0.00,0.00,0.00,0.00,Estádio Municipal José Santos Pinto (Covilhã)
1429455600,Apr 19 2015 - 3:00pm,complete,N/A,CD Feirense,Marítimo II,Vasco Santos,40,1.95,0.53,1.91,0.52,1,0,1,0,0,0,"58","",8,6,1,0,2,0,0,1,0,2,4,4,3,2,1,2,15,12,50,50,0.00,0.00,0.00,0.00,2.58,58,84,61,19,0,29,77,47,84,13.18,6.58,0.00,0.00,0.00,0.00,0.00,0.00,0.00,0.00,0.00,Estádio Marcolino de Castro (Santa Maria da Feira)
1429455600,Apr 19 2015 - 3:00pm,complete,N/A,Benfica II,CD Aves,Ricardo Baixinho,40,1.79,0.68,1.91,0.70,2,1,3,1,1,0,"11,53","52",3,1,3,1,3,0,1,3,1,2,18,8,7,4,11,4,18,12,50,50,0.00,0.00,0.00,0.00,2.87,58,82,56,35,16,32,82,40,90,10.99,5.73,0.00,0.00,0.00,0.00,0.00,0.00,0.00,0.00,0.00,Caixa Futebol Campus (Seixal)
1429455600,Apr 19 2015 - 3:00pm,complete,N/A,Portimonense,Freamunde,Bruno Miguel Duarte Paixão,40,1.63,1.58,1.39,1.52,0,2,2,1,0,1,"","45,88",4,3,2,1,5,0,0,3,3,2,15,15,5,3,10,12,18,14,50,50,0.00,0.00,0.00,0.00,2.24,58,71,37,16,8,16,55,50,76,10.30,6.69,0.00,0.00,0.00,0.00,0.00,0.00,0.00,0.00,0.00,Estádio Municipal de Portimão (Portimão)
1429455600,Apr 19 2015 - 3:00pm,complete,N/A,Clube Oriental de Lisboa,Atlético CP,Pedro Vilaça,40,1.63,0.63,1.74,0.70,2,0,2,0,0,0,"89,90'3","",11,2,3,0,5,1,0,3,3,3,14,4,8,2,6,2,15,18,50,50,0.00,0.00,0.00,0.00,2.37,40,66,34,24,8,29,66,34,77,8.85,6.52,0.00,0.00,0.00,0.00,0.00,0.00,0.00,0.00,0.00,Campo Engenheiro Carlos Salema (Lisboa)
1429455600,Apr 19 2015 - 3:00pm,complete,N/A,Santa Clara,Academico Viseu,Luis Miguel Branco Godinho,40,1.32,0.79,1.39,0.83,2,0,2,1,1,0,"4,89","",6,8,4,0,5,1,2,2,3,3,11,5,7,2,4,3,18,19,50,50,0.00,0.00,0.00,0.00,2.40,58,69,42,24,11,24,74,37,74,10.56,6.31,0.00,0.00,0.00,0.00,0.00,0.00,0.00,0.00,0.00,Estádio de São Miguel (Ponta Delgada- Ilha de São Miguel- Açores)
1429455600,Apr 19 2015 - 3:00pm,complete,N/A,Farense,CD Tondela,Marco Bruno dos Santos Ferreira,40,1.74,1.53,1.74,1.48,1,2,3,1,1,0,"42","63,74",5,2,2,0,1,0,0,2,0,1,7,7,2,2,5,5,13,12,50,50,0.00,0.00,0.00,0.00,2.35,50,66,37,21,8,27,58,29,82,10.84,7.53,0.00,0.00,0.00,0.00,0.00,0.00,0.00,0.00,0.00,Estádio de São Lúis (Faro)
1429455600,Apr 19 2015 - 3:00pm,complete,N/A,SC Olhanense,Sporting Braga II,Artur Manuel Ribeiro Soares Dias,40,1.37,0.68,1.43,0.87,0,1,1,1,0,1,"","18",5,2,3,0,2,0,2,1,0,2,8,5,0,3,8,2,17,19,50,50,0.00,0.00,0.00,0.00,1.87,48,58,29,16,5,19,55,29,69,10.93,6.74,0.00,0.00,0.00,0.00,0.00,0.00,0.00,0.00,0.00,Estádio José Arcanjo (Olhão)
1429455600,Apr 19 2015 - 3:00pm,complete,N/A,Vitória Guimarães II,CD Trofense,André Manuel Alves Moreira,40,1.84,0.47,1.87,0.52,2,0,2,1,1,0,"43,78","",5,7,2,0,4,1,0,2,1,4,8,10,2,7,6,3,23,14,50,50,0.00,0.00,0.00,0.00,2.98,45,82,66,34,19,50,76,43,89,9.43,5.95,0.00,0.00,0.00,0.00,0.00,0.00,0.00,0.00,0.00,Estádio Dom Afonso Henriques (Guimarães)
1429974000,Apr 25 2015 - 3:00pm,complete,N/A,CD Feirense,SC Beira-Mar,Luís Miguel Rodrigues Ferreira,41,2.00,1.05,1.91,1.22,1,2,3,2,0,2,"62","42,45",7,5,3,1,5,0,1,3,0,5,12,8,4,5,8,3,16,13,50,50,0.00,0.00,0.00,0.00,2.30,50,68,55,20,5,28,65,45,75,12.16,6.45,0.00,0.00,0.00,0.00,0.00,0.00,0.00,0.00,0.00,Estádio Marcolino de Castro (Santa Maria da Feira)
1429974000,Apr 25 2015 - 3:00pm,complete,N/A,Freamunde,Benfica II,Carlos Miguel Taborda Xistra,41,1.55,1.50,1.57,1.43,2,0,2,2,2,0,"3,6","",3,8,3,1,1,1,1,3,1,1,8,8,2,3,6,5,19,6,50,50,0.00,0.00,0.00,0.00,2.23,35,65,43,20,13,33,68,30,63,10.65,7.20,0.00,0.00,0.00,0.00,0.00,0.00,0.00,0.00,0.00,Complexo Desportivo do SC Freamunde (Freamunde)
1430042400,Apr 26 2015 - 10:00am,complete,N/A,Sporting CP II,Clube Oriental de Lisboa,André Filipe Domingues Narciso,41,1.95,0.90,1.87,0.78,4,3,7,3,2,1,"11,17,50,65","14,86,90",6,2,4,1,3,0,1,4,0,3,12,7,9,6,3,1,16,19,50,50,0.00,0.00,0.00,0.00,2.43,45,60,45,25,13,28,65,48,73,10.02,6.80,0.00,0.00,0.00,0.00,0.00,0.00,0.00,0.00,0.00,CGD Stadium Aurélio Pereira (Alcochete)
1430043300,Apr 26 2015 - 10:15am,complete,N/A,Atlético CP,Porto II,Marco Bruno dos Santos Ferreira,41,1.20,0.95,1.35,0.87,2,1,3,1,1,0,"8,74","63",2,5,3,0,1,0,1,2,1,0,8,16,2,3,6,13,9,12,50,50,0.00,0.00,0.00,0.00,2.80,58,80,58,30,15,40,70,43,88,10.08,7.85,0.00,0.00,0.00,0.00,0.00,0.00,0.00,0.00,0.00,Estádio Da Tapadinha (Lisboa)
1430056800,Apr 26 2015 - 2:00pm,complete,N/A,CD Tondela,Portimonense,Tiago Bruno Lopes Martins,41,2.15,1.25,2.04,1.22,4,2,6,4,2,2,"5,32,62,73","4,16",9,2,3,0,3,0,1,2,2,1,6,14,4,6,2,8,15,13,50,50,0.00,0.00,0.00,0.00,2.23,45,55,43,28,10,33,58,35,75,11.25,6.70,0.00,0.00,0.00,0.00,0.00,0.00,0.00,0.00,0.00,Estádio João Cardoso (Tondela)
1430056800,Apr 26 2015 - 2:00pm,complete,N/A,GD Chaves,CD Aves,Rui Jorge Piteira Rodrigues,41,2.00,0.65,2.13,0.70,2,0,2,1,1,0,"44,58","",11,3,3,0,3,0,1,2,3,0,13,11,6,4,7,7,16,17,50,50,0.00,0.00,0.00,0.00,2.15,48,70,35,13,5,10,65,38,85,10.39,6.35,0.00,0.00,0.00,0.00,0.00,0.00,0.00,0.00,0.00,Estádio Municipal Eng. Manuel Branco Teixeira (Chaves)
1430056800,Apr 26 2015 - 2:00pm,complete,N/A,Academico Viseu,Vitória Guimarães II,Sérgio Filipe Grade Sousa Piscarreta,41,1.70,0.95,1.87,0.96,2,0,2,1,1,0,"34,83","",8,2,2,0,3,0,1,1,1,2,9,8,3,3,6,5,15,15,50,50,0.00,0.00,0.00,0.00,2.15,33,65,35,13,8,18,58,40,75,13.75,7.00,0.00,0.00,0.00,0.00,0.00,0.00,0.00,0.00,0.00,Estádio Municipal do Fontelo (Viseu)
1430060400,Apr 26 2015 - 3:00pm,complete,N/A,Leixões,Santa Clara,Bruno Alexandre da Silva Esteves,41,1.85,0.85,1.65,0.83,0,0,0,0,0,0,"","",3,4,4,0,2,0,2,2,1,1,11,14,6,5,5,9,13,20,50,50,0.00,0.00,0.00,0.00,2.20,53,63,48,15,8,13,53,43,78,9.97,7.70,0.00,0.00,0.00,0.00,0.00,0.00,0.00,0.00,0.00,Estádio do Mar (Matosinhos)
1430060400,Apr 26 2015 - 3:00pm,complete,N/A,UD Oliveirense,CF União,Rui Manuel Gomes Costa,41,1.75,1.90,1.57,1.87,2,2,4,3,2,1,"19,42","2,90",7,16,4,0,2,0,1,3,1,1,11,18,4,10,7,8,18,12,37,63,0.00,0.00,0.00,0.00,2.20,50,60,43,15,5,18,60,33,83,12.25,6.00,0.00,0.00,0.00,0.00,0.00,0.00,0.00,0.00,0.00,Estádio Carlos Osório (Oliveira de Azeméis)
1430060400,Apr 26 2015 - 3:00pm,complete,N/A,CD Trofense,SC Olhanense,Olegário Faustino Manuel Benquerença Bartolo,41,1.00,0.80,1.04,0.96,0,1,1,0,0,0,"","53",7,0,4,1,2,0,3,2,1,1,8,7,2,0,6,7,21,19,50,50,0.00,0.00,0.00,0.00,2.58,45,70,40,25,15,28,78,40,68,8.43,7.40,0.00,0.00,0.00,0.00,0.00,0.00,0.00,0.00,0.00,Estádio do Clube Desportivo Trofense (Trofa)
1430060400,Apr 26 2015 - 3:00pm,complete,N/A,Sporting Braga II,Sporting Covilhã,Miguel Hugo ,41,1.55,0.80,1.48,0.96,1,2,3,1,0,1,"81","18,67",5,5,1,1,3,1,1,1,1,3,5,6,2,2,3,4,7,17,50,50,0.00,0.00,0.00,0.00,2.53,53,73,53,23,10,35,60,40,78,9.80,6.55,0.00,0.00,0.00,0.00,0.00,0.00,0.00,0.00,0.00,Estádio 1º de Maio (Braga)
1430060400,Apr 26 2015 - 3:00pm,complete,N/A,Marítimo II,Farense,Rui Filipe Cunha Folha Oliveira,41,1.25,0.80,1.26,0.96,0,1,1,1,0,1,"","35",6,2,1,0,2,0,1,0,1,1,17,3,9,0,8,3,11,20,50,50,0.00,0.00,0.00,0.00,2.25,45,58,33,20,13,23,65,30,70,9.71,7.25,0.00,0.00,0.00,0.00,0.00,0.00,0.00,0.00,0.00,Campo da Imaculada Conceição (Funchal (Ilha da Madeira))
1430492400,May 01 2015 - 3:00pm,complete,N/A,Portimonense,CD Trofense,Luis Miguel Branco Godinho,42,1.55,0.45,1.39,0.52,2,3,5,3,2,1,"24,35","45,82,85",6,4,1,0,3,0,0,1,1,2,14,9,8,4,6,5,17,14,50,50,0.00,0.00,0.00,0.00,2.58,50,80,48,25,13,28,68,40,88,10.06,5.90,0.00,0.00,0.00,0.00,0.00,0.00,0.00,0.00,0.00,Estádio Municipal de Portimão (Portimão)
1430560800,May 02 2015 - 10:00am,complete,N/A,Benfica II,Sporting Braga II,Vasco Santos,42,1.85,0.80,1.91,0.87,1,0,1,1,1,0,"30","",6,9,4,0,2,0,0,4,0,2,7,15,5,11,2,4,16,14,50,50,0.00,0.00,0.00,0.00,2.70,63,78,50,33,15,40,80,38,78,11.44,6.30,0.00,0.00,0.00,0.00,0.00,0.00,0.00,0.00,0.00,Caixa Futebol Campus (Seixal)
1430575200,May 02 2015 - 2:00pm,complete,N/A,Farense,Academico Viseu,João Filipe Malheiro Pinto,42,1.65,0.75,1.74,0.83,3,0,3,1,1,0,"22,63,66","",5,11,1,1,4,0,0,2,1,3,6,11,4,8,2,3,15,15,50,50,0.00,0.00,0.00,0.00,2.55,53,70,45,23,13,28,70,43,83,10.29,7.45,0.00,0.00,0.00,0.00,0.00,0.00,0.00,0.00,0.00,Estádio de São Lúis (Faro)
1430575200,May 02 2015 - 2:00pm,complete,N/A,Porto II,Sporting CP II,Artur Manuel Ribeiro Soares Dias,42,2.05,1.40,1.78,1.52,0,1,1,0,0,0,"","83",6,9,3,0,3,0,2,1,1,2,12,13,8,7,4,6,25,17,50,50,0.00,0.00,0.00,0.00,2.73,48,70,50,33,18,38,73,43,70,10.57,5.65,0.00,0.00,0.00,0.00,0.00,0.00,0.00,0.00,0.00,Estádio Dr. Jorge Sampaio (Pedroso- Vila Nova de Gaia)
1430578800,May 02 2015 - 3:00pm,complete,N/A,Vitória Guimarães II,Marítimo II,Iancu Ioan Vasilica,42,1.90,0.50,1.87,0.52,0,0,0,0,0,0,"","",9,6,0,1,1,0,0,1,0,1,14,13,7,6,7,7,14,9,50,50,0.00,0.00,0.00,0.00,2.88,48,83,63,28,13,40,80,48,90,10.91,6.20,0.00,0.00,0.00,0.00,0.00,0.00,0.00,0.00,0.00,Estádio Dom Afonso Henriques (Guimarães)
1430578800,May 02 2015 - 3:00pm,complete,N/A,SC Beira-Mar,CD Tondela,Fábio José Costa Veríssimo,42,1.45,1.60,1.39,1.48,1,1,2,1,1,0,"6","73",3,13,2,1,4,1,1,2,3,2,6,11,2,5,4,6,8,15,50,50,0.00,0.00,0.00,0.00,2.40,58,68,45,20,8,18,53,45,78,10.49,6.65,0.00,0.00,0.00,0.00,0.00,0.00,0.00,0.00,0.00,Estádio Municipal de Aveiro (Aveiro)
1430578800,May 02 2015 - 3:00pm,complete,N/A,Clube Oriental de Lisboa,UD Oliveirense,Nuno Miguel Serrano Almeida,42,1.70,0.90,1.74,0.83,1,0,1,1,1,0,"44","",10,6,3,1,0,0,1,3,0,0,13,13,9,7,4,6,13,15,58,42,0.00,0.00,0.00,0.00,2.30,40,60,43,25,15,25,58,38,70,9.90,6.05,0.00,0.00,0.00,0.00,0.00,0.00,0.00,0.00,0.00,Campo Engenheiro Carlos Salema (Lisboa)
1430578800,May 02 2015 - 3:00pm,complete,N/A,CF União,Leixões,Jorge Joaquim Martins de Barros Tavares,42,1.40,0.55,1.61,0.52,3,1,4,1,1,0,"34,66,79","48",5,2,3,0,5,0,0,3,3,2,7,8,0,5,7,3,15,17,50,50,0.00,0.00,0.00,0.00,2.38,45,70,43,18,13,25,63,43,78,10.62,7.10,0.00,0.00,0.00,0.00,0.00,0.00,0.00,0.00,0.00,Estádio Municipal de Machico (Machico (Madeira))
1430578800,May 02 2015 - 3:00pm,complete,N/A,CD Aves,Freamunde,Manuel Mota,42,1.65,1.65,1.61,1.52,1,1,2,1,1,0,"30","71",4,5,5,0,5,1,3,2,1,5,9,9,8,7,1,2,13,17,50,50,0.00,0.00,0.00,0.00,2.13,50,68,35,13,8,28,60,33,70,9.45,6.80,0.00,0.00,0.00,0.00,0.00,0.00,0.00,0.00,0.00,Estádio Clube Desportivo das Aves (Vila das Aves)
1430578800,May 02 2015 - 3:00pm,complete,N/A,SC Olhanense,GD Chaves,Tiago Bruno Lopes Martins,42,1.30,1.45,1.43,1.35,3,0,3,0,0,0,"47,68,81","",-1,-1,4,0,5,0,3,1,2,3,-1,-1,-1,-1,-1,-1,-1,-1,-1,-1,0.00,0.00,0.00,0.00,2.20,55,68,40,20,8,15,58,45,78,11.25,6.65,0.00,0.00,0.00,0.00,0.00,0.00,0.00,0.00,0.00,Estádio José Arcanjo (Olhão)
1430582400,May 02 2015 - 4:00pm,complete,N/A,Santa Clara,Atlético CP,João Pedro Silva Pinheiro,42,1.40,0.60,1.39,0.70,1,0,1,0,0,0,"81","",6,8,1,0,2,0,0,1,1,1,9,7,6,4,3,3,12,14,50,50,0.00,0.00,0.00,0.00,2.25,45,68,33,23,5,20,75,30,73,9.42,6.70,0.00,0.00,0.00,0.00,0.00,0.00,0.00,0.00,0.00,Estádio de São Miguel (Ponta Delgada- Ilha de São Miguel- Açores)
1430648100,May 03 2015 - 10:15am,complete,N/A,Sporting Covilhã,CD Feirense,Bruno Miguel Duarte Paixão,42,2.55,1.45,2.52,1.35,2,2,4,0,0,0,"57,88","49,90'4",5,2,3,0,6,0,0,3,3,3,12,5,4,0,8,5,24,19,50,50,0.00,0.00,0.00,0.00,2.60,35,75,50,28,8,30,78,35,80,9.36,6.00,0.00,0.00,0.00,0.00,0.00,0.00,0.00,0.00,0.00,Estádio Municipal José Santos Pinto (Covilhã)
1430842500,May 05 2015 - 4:15pm,complete,N/A,Porto II,Sporting Braga II,Rui Jorge Piteira Rodrigues,43,1.95,0.76,1.78,0.87,2,3,5,1,1,0,"23,53","47,60,85",4,10,1,0,3,0,0,1,1,2,7,8,0,2,7,6,12,13,50,50,0.00,0.00,0.00,0.00,2.41,55,67,38,26,12,34,69,34,72,11.43,5.91,0.00,0.00,0.00,0.00,0.00,0.00,0.00,0.00,0.00,Estádio Dr. Jorge Sampaio (Pedroso- Vila Nova de Gaia)
1430924400,May 06 2015 - 3:00pm,complete,N/A,UD Oliveirense,Portimonense,Tiago Antunes,43,1.71,1.19,1.57,1.22,2,4,6,3,2,1,"6,29","25,61,63,90",3,7,5,1,3,0,1,5,0,3,9,19,5,8,4,11,21,12,42,58,0.00,0.00,0.00,0.00,2.29,48,55,46,24,10,29,55,34,79,11.53,6.38,0.00,0.00,0.00,0.00,0.00,0.00,0.00,0.00,0.00,Estádio Carlos Osório (Oliveira de Azeméis)
1430924400,May 06 2015 - 3:00pm,complete,N/A,Atlético CP,SC Beira-Mar,André Manuel Alves Moreira,43,1.29,1.14,1.35,1.22,1,1,2,0,0,0,"86","80",9,3,2,0,2,0,1,1,0,2,9,10,4,5,5,5,25,14,50,50,0.00,0.00,0.00,0.00,2.52,55,72,57,24,12,34,69,46,83,9.37,7.48,0.00,0.00,0.00,0.00,0.00,0.00,0.00,0.00,0.00,Estádio Da Tapadinha (Lisboa)
1430924400,May 06 2015 - 3:00pm,complete,N/A,CD Tondela,CD Aves,Paulo Baptista,43,2.19,0.62,2.04,0.70,0,3,3,1,0,1,"","15,58,79",12,7,2,1,4,0,0,3,1,3,17,18,8,6,9,12,12,16,50,50,0.00,0.00,0.00,0.00,2.34,50,64,41,24,10,24,69,33,79,10.59,6.57,0.00,0.00,0.00,0.00,0.00,0.00,0.00,0.00,0.00,Estádio João Cardoso (Tondela)
1430924400,May 06 2015 - 3:00pm,complete,N/A,Sporting Covilhã,Clube Oriental de Lisboa,Tiago Bruno Lopes Martins,43,2.48,0.86,2.52,0.78,7,1,8,5,4,1,"2,13,26,42,62,79,82","8",7,1,2,0,3,2,0,2,2,3,14,6,4,2,10,4,16,15,50,50,0.00,0.00,0.00,0.00,2.62,38,69,48,29,12,26,67,43,83,9.70,5.71,0.00,0.00,0.00,0.00,0.00,0.00,0.00,0.00,0.00,Estádio Municipal José Santos Pinto (Covilhã)
1430924400,May 06 2015 - 3:00pm,complete,N/A,Academico Viseu,SC Olhanense,Hugo Filipe Ferreira de Campos Moreira Miguel,43,1.76,0.90,1.87,0.96,1,0,1,0,0,0,"76","",3,1,1,0,5,0,0,1,1,4,9,3,5,2,4,1,15,28,50,50,0.00,0.00,0.00,0.00,2.33,34,65,38,19,12,22,65,41,71,12.48,6.57,0.00,0.00,0.00,0.00,0.00,0.00,0.00,0.00,0.00,Estádio Municipal do Fontelo (Viseu)
1430924400,May 06 2015 - 3:00pm,complete,N/A,Freamunde,GD Chaves,Duarte Nuno Pereira Gomes,43,1.62,1.38,1.57,1.35,1,1,2,2,1,1,"22","43",2,4,4,0,4,0,3,1,1,3,9,9,2,6,7,3,25,19,50,50,0.00,0.00,0.00,0.00,2.08,41,69,36,15,5,22,57,41,69,9.74,7.14,0.00,0.00,0.00,0.00,0.00,0.00,0.00,0.00,0.00,Complexo Desportivo do SC Freamunde (Freamunde)
1430924400,May 06 2015 - 3:00pm,complete,N/A,CD Trofense,Santa Clara,Ricardo José  Salgueiro Lourenço,43,0.95,0.86,1.04,0.83,0,0,0,0,0,0,"","",2,8,4,0,3,0,1,3,2,1,7,15,0,4,7,11,16,22,50,50,0.00,0.00,0.00,0.00,1.96,41,60,31,12,3,17,69,29,67,9.19,7.85,0.00,0.00,0.00,0.00,0.00,0.00,0.00,0.00,0.00,Estádio do Clube Desportivo Trofense (Trofa)
1430924400,May 06 2015 - 3:00pm,complete,N/A,Leixões,Farense,Fábio José Costa Veríssimo,43,1.81,0.90,1.65,0.96,1,3,4,2,0,2,"63","32,36,74",10,2,2,0,1,0,0,2,1,0,15,2,13,2,2,0,14,24,50,50,0.00,0.00,0.00,0.00,2.29,48,62,43,17,10,15,55,38,76,10.00,7.19,0.00,0.00,0.00,0.00,0.00,0.00,0.00,0.00,0.00,Estádio do Mar (Matosinhos)
1430924400,May 06 2015 - 3:00pm,complete,N/A,Marítimo II,Benfica II,Luís Miguel Rodrigues Ferreira,43,1.19,1.43,1.26,1.43,2,0,2,1,1,0,"33,68","",4,2,0,0,2,0,0,0,1,1,8,6,3,4,5,2,6,12,50,50,0.00,0.00,0.00,0.00,2.64,53,67,50,29,22,38,77,38,65,11.46,7.00,0.00,0.00,0.00,0.00,0.00,0.00,0.00,0.00,0.00,Campo da Imaculada Conceição (Funchal (Ilha da Madeira))
1430924400,May 06 2015 - 3:00pm,complete,N/A,Sporting CP II,Vitória Guimarães II,Vasco Santos,43,2.00,0.90,1.87,0.96,2,3,5,4,2,2,"4,9","1,29,58",8,3,2,0,4,0,0,2,2,2,12,12,4,5,8,7,8,10,50,50,0.00,0.00,0.00,0.00,2.67,50,71,45,26,17,34,64,48,76,10.35,7.29,0.00,0.00,0.00,0.00,0.00,0.00,0.00,0.00,0.00,CGD Stadium Aurélio Pereira (Alcochete)
1430928000,May 06 2015 - 4:00pm,complete,N/A,CD Feirense,CF União,Olegário Faustino Manuel Benquerença Bartolo,43,1.90,1.86,1.91,1.87,1,1,2,0,0,0,"53","70",1,3,4,1,1,2,0,5,2,1,18,11,10,7,8,4,18,18,50,50,0.00,0.00,0.00,0.00,2.45,60,76,55,19,3,29,69,41,86,13.21,5.95,0.00,0.00,0.00,0.00,0.00,0.00,0.00,0.00,0.00,Estádio Marcolino de Castro (Santa Maria da Feira)
1431252900,May 10 2015 - 10:15am,complete,N/A,SC Olhanense,CD Tondela,João Carlos Santos Capela,44,1.38,1.57,1.43,1.48,3,1,4,0,0,0,"58,63,87","71",5,1,5,1,2,1,2,4,2,1,8,10,5,7,3,3,22,18,50,50,0.00,0.00,0.00,0.00,2.19,50,64,38,19,8,17,53,33,79,12.03,6.81,0.00,0.00,0.00,0.00,0.00,0.00,0.00,0.00,0.00,Estádio José Arcanjo (Olhão)
1431270000,May 10 2015 - 3:00pm,complete,N/A,Farense,UD Oliveirense,João Pedro Silva Pinheiro,44,1.71,0.86,1.74,0.83,3,3,6,4,2,2,"15,22,54","14,31,90'4",7,3,4,0,3,0,1,3,0,3,8,7,0,6,8,1,12,11,47,53,0.00,0.00,0.00,0.00,2.36,43,60,48,24,15,22,67,38,72,9.86,6.81,0.00,0.00,0.00,0.00,0.00,0.00,0.00,0.00,0.00,Estádio de São Lúis (Faro)
1431270000,May 10 2015 - 3:00pm,complete,N/A,SC Beira-Mar,Freamunde,Artur Manuel Ribeiro Soares Dias,44,1.43,1.62,1.39,1.52,1,1,2,1,0,1,"73","22",4,5,2,0,2,0,0,2,1,1,10,10,3,3,7,7,13,21,50,50,0.00,0.00,0.00,0.00,2.05,50,65,36,10,3,8,52,48,71,9.15,7.15,0.00,0.00,0.00,0.00,0.00,0.00,0.00,0.00,0.00,Estádio Municipal de Aveiro (Aveiro)
1431270000,May 10 2015 - 3:00pm,complete,N/A,Clube Oriental de Lisboa,Leixões,Ricardo Baixinho,44,1.76,0.52,1.74,0.52,3,1,4,1,1,0,"11,52,67","81",5,5,3,1,3,1,2,2,3,1,9,4,3,2,6,2,9,11,50,50,0.00,0.00,0.00,0.00,2.26,39,69,38,17,8,29,64,36,76,10.20,6.48,0.00,0.00,0.00,0.00,0.00,0.00,0.00,0.00,0.00,Campo Engenheiro Carlos Salema (Lisboa)
1431270000,May 10 2015 - 3:00pm,complete,N/A,Portimonense,Atlético CP,Luís Miguel Rodrigues Ferreira,44,1.48,0.57,1.39,0.70,1,2,3,1,0,1,"90","29,64",7,3,2,0,4,1,0,2,0,5,13,6,6,3,7,3,13,20,50,50,0.00,0.00,0.00,0.00,2.65,55,76,41,29,15,27,69,48,84,9.95,6.53,0.00,0.00,0.00,0.00,0.00,0.00,0.00,0.00,0.00,Estádio Municipal de Portimão (Portimão)
1431270000,May 10 2015 - 3:00pm,complete,N/A,GD Chaves,CD Trofense,Nuno Miguel Serrano Almeida,44,2.05,0.57,2.13,0.52,6,0,6,4,4,0,"23,25,34,39,52,68","",8,2,3,0,1,0,1,2,0,1,15,9,8,4,7,5,11,11,50,50,0.00,0.00,0.00,0.00,2.38,41,76,43,20,10,24,67,36,88,11.06,6.43,0.00,0.00,0.00,0.00,0.00,0.00,0.00,0.00,0.00,Estádio Municipal Eng. Manuel Branco Teixeira (Chaves)
1431270000,May 10 2015 - 3:00pm,complete,N/A,Benfica II,Sporting CP II,Fábio José Costa Veríssimo,44,1.90,1.48,1.91,1.52,0,0,0,0,0,0,"","",8,9,7,0,7,0,3,4,2,5,24,11,9,7,15,4,21,20,50,50,0.00,0.00,0.00,0.00,2.86,50,74,57,36,19,41,81,43,74,10.99,6.05,0.00,0.00,0.00,0.00,0.00,0.00,0.00,0.00,0.00,Caixa Futebol Campus (Seixal)
1431270000,May 10 2015 - 3:00pm,complete,N/A,Sporting Braga II,Marítimo II,João Filipe Malheiro Pinto,44,1.48,0.52,1.48,0.52,1,0,1,1,1,0,"38","",2,3,3,2,4,1,1,4,2,3,10,15,4,7,6,8,19,16,50,50,0.00,0.00,0.00,0.00,2.57,48,79,57,19,7,29,71,46,81,10.29,6.48,0.00,0.00,0.00,0.00,0.00,0.00,0.00,0.00,0.00,Estádio Municipal de Braga (Braga)
1431270000,May 10 2015 - 3:00pm,complete,N/A,CD Aves,Academico Viseu,André Filipe Domingues Narciso,44,1.62,0.71,1.61,0.83,2,3,5,2,1,1,"12,79","24,51,62",4,4,3,0,2,0,1,2,1,1,13,11,7,5,6,6,13,22,50,50,0.00,0.00,0.00,0.00,2.64,60,76,48,24,17,38,74,38,79,10.64,6.66,0.00,0.00,0.00,0.00,0.00,0.00,0.00,0.00,0.00,Estádio Clube Desportivo das Aves (Vila das Aves)
1431270000,May 10 2015 - 3:00pm,complete,N/A,CF União,Sporting Covilhã,Paulo Baptista,44,1.48,0.90,1.61,0.96,2,1,3,1,0,1,"61,73","5",1,2,4,0,2,0,0,4,1,1,6,7,4,5,2,2,19,16,50,50,0.00,0.00,0.00,0.00,2.33,53,65,43,22,10,22,52,43,79,10.76,6.72,0.00,0.00,0.00,0.00,0.00,0.00,0.00,0.00,0.00,Estádio Municipal de Machico (Machico (Madeira))
1431273600,May 10 2015 - 4:00pm,complete,N/A,Santa Clara,CD Feirense,Manuel Jorge Neves Moreira de Sousa,44,1.48,1.43,1.39,1.35,0,0,0,0,0,0,"","",5,6,4,0,2,0,2,2,1,1,8,11,4,5,4,6,21,13,50,50,0.00,0.00,0.00,0.00,2.10,41,62,36,22,3,17,74,24,69,9.03,6.67,0.00,0.00,0.00,0.00,0.00,0.00,0.00,0.00,0.00,Estádio de São Miguel (Ponta Delgada- Ilha de São Miguel- Açores)
1431442800,May 12 2015 - 3:00pm,complete,N/A,Vitória Guimarães II,Porto II,Pedro Vilaça,44,1.86,0.90,1.87,0.87,3,0,3,1,1,0,"35,69,90'4","",5,2,3,0,3,0,1,2,0,3,15,15,8,6,7,9,12,9,50,50,0.00,0.00,0.00,0.00,2.91,48,79,62,34,19,45,74,46,84,10.62,6.48,0.00,0.00,0.00,0.00,0.00,0.00,0.00,0.00,0.00,Estádio Dom Afonso Henriques (Guimarães)
1431857700,May 17 2015 - 10:15am,complete,N/A,Porto II,Benfica II,Tiago Bruno Lopes Martins,45,1.86,1.36,1.78,1.43,0,3,3,1,0,1,"","35,51,90'1",8,6,0,0,0,0,0,0,0,0,14,8,8,7,6,1,8,15,50,50,0.00,0.00,0.00,0.00,2.98,57,80,57,37,23,43,80,41,77,12.37,5.95,0.00,0.00,0.00,0.00,0.00,0.00,0.00,0.00,0.00,Estádio Dr. Jorge Sampaio (Pedroso- Vila Nova de Gaia)
1431857700,May 17 2015 - 10:15am,complete,N/A,CD Trofense,Freamunde,João Filipe Malheiro Pinto,45,0.95,1.59,1.04,1.52,2,1,3,1,1,0,"45'1,65","88",2,4,4,0,5,0,0,4,2,3,6,10,2,8,4,2,12,15,50,50,0.00,0.00,0.00,0.00,2.03,43,66,30,10,3,14,66,37,69,9.30,7.73,0.00,0.00,0.00,0.00,0.00,0.00,0.00,0.00,0.00,Estádio do Clube Desportivo Trofense (Trofa)
1431857700,May 17 2015 - 10:15am,complete,N/A,Sporting Covilhã,Farense,João Carlos Santos Capela,45,2.50,1.00,2.52,0.96,1,0,1,1,1,0,"26","",7,4,3,0,2,1,1,2,0,3,22,8,8,5,14,3,11,15,50,50,0.00,0.00,0.00,0.00,2.64,41,73,43,27,10,30,71,34,82,9.98,5.73,0.00,0.00,0.00,0.00,0.00,0.00,0.00,0.00,0.00,Estádio Municipal José Santos Pinto (Covilhã)
1431857700,May 17 2015 - 10:15am,complete,N/A,CD Feirense,Clube Oriental de Lisboa,Fábio José Costa Veríssimo,45,1.86,0.82,1.91,0.78,1,0,1,1,1,0,"34","",4,4,3,0,4,0,2,1,1,3,8,11,2,3,6,8,16,17,50,50,0.00,0.00,0.00,0.00,2.55,55,69,50,23,9,30,66,45,80,11.10,7.00,0.00,0.00,0.00,0.00,0.00,0.00,0.00,0.00,0.00,Estádio Marcolino de Castro (Santa Maria da Feira)
1431857700,May 17 2015 - 10:15am,complete,N/A,CF União,Santa Clara,Manuel Mota,45,1.55,0.86,1.61,0.83,1,0,1,0,0,0,"90","",4,5,0,0,0,0,0,0,0,0,17,14,6,7,11,7,7,19,50,50,0.00,0.00,0.00,0.00,1.98,46,57,34,16,7,14,55,37,71,9.71,7.59,0.00,0.00,0.00,0.00,0.00,0.00,0.00,0.00,0.00,Estádio Municipal de Machico (Machico (Madeira))
1431857700,May 17 2015 - 10:15am,complete,N/A,Sporting CP II,Marítimo II,Luis Miguel Branco Godinho,45,1.91,0.50,1.87,0.52,1,1,2,1,1,0,"32","90",3,6,4,0,3,0,0,4,2,1,7,11,6,5,1,6,19,14,50,50,0.00,0.00,0.00,0.00,2.69,50,73,55,25,12,32,73,48,78,11.57,6.50,0.00,0.00,0.00,0.00,0.00,0.00,0.00,0.00,0.00,CGD Stadium Aurélio Pereira (Alcochete)
1431857700,May 17 2015 - 10:15am,complete,N/A,CD Tondela,GD Chaves,Bruno Miguel Duarte Paixão,45,2.09,1.36,2.04,1.35,2,2,4,2,1,1,"38,58","7,62",9,7,0,0,6,0,0,0,5,1,7,9,0,0,7,9,11,24,50,50,0.00,0.00,0.00,0.00,2.55,62,73,48,28,12,32,66,48,78,12.20,7.14,0.00,0.00,0.00,0.00,0.00,0.00,0.00,0.00,0.00,Estádio João Cardoso (Tondela)
1431874800,May 17 2015 - 3:00pm,complete,N/A,UD Oliveirense,SC Olhanense,Ricardo José  Salgueiro Lourenço,45,1.64,0.86,1.57,0.96,1,3,4,2,1,1,"16","19,53,88",6,2,6,1,3,0,2,5,1,2,7,10,3,5,4,5,13,13,49,51,0.00,0.00,0.00,0.00,2.52,50,60,43,28,16,30,62,34,75,10.12,7.09,0.00,0.00,0.00,0.00,0.00,0.00,0.00,0.00,0.00,Estádio Carlos Osório (Oliveira de Azeméis)
1431874800,May 17 2015 - 3:00pm,complete,N/A,Leixões,SC Beira-Mar,Sérgio Filipe Grade Sousa Piscarreta,45,1.73,1.14,1.65,1.22,1,2,3,2,1,1,"40","26,47",2,6,1,0,2,0,0,1,0,2,10,10,6,6,4,4,14,8,50,50,0.00,0.00,0.00,0.00,2.37,50,64,57,21,12,19,52,52,78,10.40,6.77,0.00,0.00,0.00,0.00,0.00,0.00,0.00,0.00,0.00,Estádio do Mar (Matosinhos)
1431874800,May 17 2015 - 3:00pm,complete,N/A,Academico Viseu,Portimonense,André Manuel Alves Moreira,45,1.82,1.27,1.87,1.22,1,0,1,1,1,0,"45'3","",3,4,4,0,2,1,2,2,0,3,7,14,2,8,5,6,18,19,50,50,0.00,0.00,0.00,0.00,2.21,32,59,41,19,9,23,57,41,78,13.43,5.96,0.00,0.00,0.00,0.00,0.00,0.00,0.00,0.00,0.00,Estádio Municipal do Fontelo (Viseu)
1431964800,May 18 2015 - 4:00pm,complete,N/A,Vitória Guimarães II,Sporting Braga II,Ricardo Baixinho,45,1.91,0.86,1.87,0.87,1,1,2,1,0,1,"58","16",4,3,5,0,4,0,3,2,1,3,11,13,4,5,7,8,23,13,50,50,0.00,0.00,0.00,0.00,2.55,50,71,48,27,16,41,75,39,73,10.58,6.31,0.00,0.00,0.00,0.00,0.00,0.00,0.00,0.00,0.00,Estádio Dom Afonso Henriques (Guimarães)
1431964800,May 18 2015 - 4:00pm,complete,N/A,Atlético CP,CD Aves,Rui Filipe Cunha Folha Oliveira,45,1.27,0.73,1.35,0.70,3,0,3,0,0,0,"55,67,90","",6,3,2,0,2,1,1,1,2,1,17,8,7,4,10,4,12,9,50,50,0.00,0.00,0.00,0.00,2.57,59,80,50,21,10,25,73,43,91,8.93,7.04,0.00,0.00,0.00,0.00,0.00,0.00,0.00,0.00,0.00,Estádio Da Tapadinha (Lisboa)
1432393200,May 23 2015 - 3:00pm,complete,N/A,SC Beira-Mar,Academico Viseu,João Pedro Silva Pinheiro,46,1.41,0.82,1.39,0.83,1,1,2,0,0,0,"51","90'2",2,8,0,0,0,0,0,0,0,0,7,8,4,6,3,2,10,14,50,50,0.00,0.00,0.00,0.00,2.62,60,73,50,23,14,21,66,55,80,10.24,6.68,0.00,0.00,0.00,0.00,0.00,0.00,0.00,0.00,0.00,Estádio Municipal de Aveiro (Aveiro)
1432396800,May 23 2015 - 4:00pm,complete,N/A,Portimonense,Leixões,Pedro Vilaça,46,1.41,0.50,1.39,0.52,1,1,2,0,0,0,"90'5","74",4,3,4,1,4,0,2,3,2,2,12,8,5,5,7,3,15,17,50,50,0.00,0.00,0.00,0.00,2.66,59,82,50,25,14,28,73,50,84,10.70,6.32,0.00,0.00,0.00,0.00,0.00,0.00,0.00,0.00,0.00,Estádio Municipal de Portimão (Portimão)
1432479600,May 24 2015 - 3:00pm,complete,N/A,Marítimo II,Porto II,Sérgio Filipe Grade Sousa Piscarreta,46,1.27,0.86,1.26,0.87,0,0,0,0,0,0,"","",6,5,3,1,4,0,0,4,1,3,8,11,3,4,5,7,16,11,50,50,0.00,0.00,0.00,0.00,2.53,45,66,48,25,16,28,68,41,73,10.25,6.77,0.00,0.00,0.00,0.00,0.00,0.00,0.00,0.00,0.00,Campo da Imaculada Conceição (Funchal (Ilha da Madeira))
1432483200,May 24 2015 - 4:00pm,complete,N/A,Farense,CD Feirense,André Filipe Domingues Narciso,46,1.68,1.41,1.74,1.35,4,1,5,1,0,1,"46,54,69,70","10",3,5,3,0,2,0,2,1,1,1,3,8,0,2,3,6,22,15,50,50,0.00,0.00,0.00,0.00,2.34,39,64,43,23,7,23,71,34,75,8.75,7.55,0.00,0.00,0.00,0.00,0.00,0.00,0.00,0.00,0.00,Estádio de São Lúis (Faro)
1432483200,May 24 2015 - 4:00pm,complete,N/A,Clube Oriental de Lisboa,CF União,Bruno Miguel Duarte Paixão,46,1.82,1.82,1.74,1.87,0,3,3,1,0,1,"","9,71,86",4,0,2,0,1,0,2,0,0,1,9,7,4,4,5,3,14,10,50,50,0.00,0.00,0.00,0.00,2.21,44,66,36,18,5,21,60,37,82,10.87,5.68,0.00,0.00,0.00,0.00,0.00,0.00,0.00,0.00,0.00,Campo Engenheiro Carlos Salema (Lisboa)
1432483200,May 24 2015 - 4:00pm,complete,N/A,CD Aves,CD Trofense,André Manuel Alves Moreira,46,1.55,0.55,1.61,0.52,3,0,3,1,1,0,"36,76,90'4","",7,3,0,0,1,0,0,0,0,1,16,13,8,4,8,9,12,15,50,50,0.00,0.00,0.00,0.00,2.66,48,78,50,28,18,43,73,30,82,9.18,5.96,0.00,0.00,0.00,0.00,0.00,0.00,0.00,0.00,0.00,Estádio Clube Desportivo das Aves (Vila das Aves)
1432483200,May 24 2015 - 4:00pm,complete,N/A,Sporting Braga II,Sporting CP II,Rui Filipe Cunha Folha Oliveira,46,1.55,1.45,1.48,1.52,2,3,5,2,0,2,"66,86","3,45,90",7,5,3,2,7,0,1,4,3,4,13,6,4,3,9,3,14,16,50,50,0.00,0.00,0.00,0.00,2.46,41,66,50,23,14,34,69,41,64,9.01,6.82,0.00,0.00,0.00,0.00,0.00,0.00,0.00,0.00,0.00,Estádio 1º de Maio (Braga)
1432483200,May 24 2015 - 4:00pm,complete,N/A,Santa Clara,Sporting Covilhã,Duarte  Gomes,46,1.45,0.86,1.39,0.96,0,2,2,1,0,1,"","41,59",3,6,7,1,2,0,3,5,2,0,6,9,0,4,6,5,26,13,50,50,0.00,0.00,0.00,0.00,2.02,50,62,37,16,3,18,62,28,73,10.51,5.91,0.00,0.00,0.00,0.00,0.00,0.00,0.00,0.00,0.00,Estádio de São Miguel (Ponta Delgada- Ilha de São Miguel- Açores)
1432483200,May 24 2015 - 4:00pm,complete,N/A,GD Chaves,UD Oliveirense,Fábio José Costa Veríssimo,46,2.09,0.86,2.13,0.83,2,0,2,2,2,0,"5,35","",5,8,1,0,1,0,0,1,0,1,13,9,5,3,8,6,16,21,55,45,0.00,0.00,0.00,0.00,2.46,46,66,46,25,18,21,66,43,75,11.61,6.45,0.00,0.00,0.00,0.00,0.00,0.00,0.00,0.00,0.00,Estádio Municipal Eng. Manuel Branco Teixeira (Chaves)
1432483200,May 24 2015 - 4:00pm,complete,N/A,Freamunde,CD Tondela,Manuel Jorge Neves Moreira de Sousa,46,1.59,1.50,1.57,1.48,1,1,2,0,0,0,"69","90'3",3,7,6,2,5,0,2,6,2,3,8,6,5,2,3,4,19,17,50,50,0.00,0.00,0.00,0.00,2.07,41,66,32,16,5,25,55,27,68,10.15,7.23,0.00,0.00,0.00,0.00,0.00,0.00,0.00,0.00,0.00,Complexo Desportivo do SC Freamunde (Freamunde)
1432483200,May 24 2015 - 4:00pm,complete,N/A,SC Olhanense,Atlético CP,Iancu Ioan Vasilica,46,1.45,0.68,1.43,0.70,1,1,2,0,0,0,"89","65",3,0,1,1,5,1,1,1,1,5,12,6,3,3,9,3,12,14,50,50,0.00,0.00,0.00,0.00,2.28,41,64,39,23,7,16,59,41,78,10.07,7.22,0.00,0.00,0.00,0.00,0.00,0.00,0.00,0.00,0.00,Estádio José Arcanjo (Olhão)
1432483200,May 24 2015 - 4:00pm,complete,N/A,Benfica II,Vitória Guimarães II,Tiago Antunes,46,1.86,1.00,1.91,0.96,2,1,3,1,1,0,"29,77","57",3,8,2,0,4,0,0,2,0,4,15,17,9,6,6,11,11,14,50,50,0.00,0.00,0.00,0.00,2.87,55,80,52,34,21,36,75,41,84,11.14,7.00,0.00,0.00,0.00,0.00,0.00,0.00,0.00,0.00,0.00,Caixa Futebol Campus (Seixal)
