timestamp,date_GMT,status,attendance,home_team_name,away_team_name,referee,Game Week,Pre-Match PPG (Home),Pre-Match PPG (Away),home_ppg,away_ppg,home_team_goal_count,away_team_goal_count,total_goal_count,total_goals_at_half_time,home_team_goal_count_half_time,away_team_goal_count_half_time,home_team_goal_timings,away_team_goal_timings,home_team_corner_count,away_team_corner_count,home_team_yellow_cards,home_team_red_cards,away_team_yellow_cards,away_team_red_cards,home_team_first_half_cards,home_team_second_half_cards,away_team_first_half_cards,away_team_second_half_cards,home_team_shots,away_team_shots,home_team_shots_on_target,away_team_shots_on_target,home_team_shots_off_target,away_team_shots_off_target,home_team_fouls,away_team_fouls,home_team_possession,away_team_possession,Home Team Pre-Match xG,Away Team Pre-Match xG,team_a_xg,team_b_xg,average_goals_per_match_pre_match,btts_percentage_pre_match,over_15_percentage_pre_match,over_25_percentage_pre_match,over_35_percentage_pre_match,over_45_percentage_pre_match,over_15_HT_FHG_percentage_pre_match,over_05_HT_FHG_percentage_pre_match,over_15_2HG_percentage_pre_match,over_05_2HG_percentage_pre_match,average_corners_per_match_pre_match,average_cards_per_match_pre_match,odds_ft_home_team_win,odds_ft_draw,odds_ft_away_team_win,odds_ft_over15,odds_ft_over25,odds_ft_over35,odds_ft_over45,odds_btts_yes,odds_btts_no,stadium_name
1565379000,Aug 09 2019 - 7:30pm,complete,3486,Portimonense,Belenenses,Manuel Mota,1,0.00,0.00,1.29,0.94,0,0,0,0,0,0,"","",5,5,1,0,1,0,0,1,0,1,10,7,6,3,4,4,19,17,51,49,0.00,0.00,1.52,0.84,0.00,0,0,0,0,0,0,0,0,0,0.00,0.00,1.62,3.75,5.45,1.30,1.95,3.40,6.55,1.91,1.80,Estádio Municipal de Portimão (Portimão)
1565451000,Aug 10 2019 - 3:30pm,complete,1659,Santa Clara,Famalicão,Rui Filipe Cunha Folha Oliveira,1,0.00,0.00,1.29,1.59,0,2,2,1,0,1,"","5,75",14,6,0,0,3,0,0,0,1,2,17,12,7,7,10,5,15,22,49,51,0.00,0.00,1.94,1.50,0.00,0,0,0,0,0,0,0,0,0,0.00,0.00,1.95,3.25,4.20,1.39,2.20,4.15,8.25,2.00,1.77,Estádio de São Miguel (Ponta Delgada- Ilha de São Miguel- Açores)
1565460000,Aug 10 2019 - 6:00pm,complete,10962,Gil Vicente,Porto,Nuno Miguel Serrano Almeida,1,0.00,0.00,1.65,2.12,2,1,3,0,0,0,"60,77","73",4,6,3,0,3,0,1,2,2,1,8,9,8,6,0,3,15,19,32,68,0.00,0.00,1.37,1.36,0.00,0,0,0,0,0,0,0,0,0,0.00,0.00,11.50,5.55,1.26,1.21,1.69,2.70,4.90,2.25,1.59,Estádio Cidade de Barcelos (Barcelos)
1565469000,Aug 10 2019 - 8:30pm,complete,62956,Benfica,Paços de Ferreira,Manuel Antonio Rodrigues Oliveira,1,0.00,0.00,2.24,1.12,5,0,5,2,2,0,"26,32,70,74,84","",10,3,0,0,3,1,0,0,2,2,14,5,8,0,6,5,15,11,63,37,0.00,0.00,1.90,0.50,0.00,0,0,0,0,0,0,0,0,0,0.00,0.00,1.12,8.50,18.75,1.13,1.44,2.10,3.50,2.35,1.53,Estádio do Sport Lisboa e Benfica (da Luz) (Lisboa)
1565535600,Aug 11 2019 - 3:00pm,complete,6010,Boavista FC,CD Aves,Hélder Miguel Azevedo Malheiro,1,0.00,0.00,1.12,0.24,2,1,3,2,1,1,"6,76","41",3,8,5,0,3,0,1,4,2,1,14,12,4,5,10,7,27,26,43,57,0.00,0.00,1.62,1.42,0.00,0,0,0,0,0,0,0,0,0,0.00,0.00,2.20,3.10,3.55,1.49,2.50,4.85,9.75,2.10,1.67,Estádio do Bessa Século XXI (Porto)
1565544600,Aug 11 2019 - 5:30pm,complete,9673,CS Marítimo,Sporting CP,Tiago Bruno Lopes Martins,1,0.00,0.00,1.35,1.35,1,1,2,2,1,1,"8","29",2,8,4,0,4,0,2,2,2,2,11,10,4,3,7,7,14,14,29,71,0.00,0.00,1.13,1.27,0.00,0,0,0,0,0,0,0,0,0,0.00,0.00,5.30,3.75,1.65,1.30,1.95,3.40,6.55,1.95,1.80,Estádio dos Barreiros (Funchal (Ilha da Madeira))
1565553600,Aug 11 2019 - 8:00pm,complete,13223,Sporting Braga,Moreirense FC,Fábio José Costa Veríssimo,1,0.00,0.00,2.00,1.12,3,1,4,1,1,0,"45'3,64,77","89",7,4,2,0,2,0,1,1,2,0,16,10,10,5,6,5,15,10,61,39,0.00,0.00,2.18,1.23,0.00,0,0,0,0,0,0,0,0,0,0.00,0.00,1.42,4.35,7.50,1.28,1.91,3.25,6.25,2.05,1.69,Estádio Municipal de Braga (Braga)
1565637300,Aug 12 2019 - 7:15pm,complete,3795,Vitória Setúbal,CD Tondela,Vitor Jorge Fernandes Ferreira,1,0.00,0.00,1.12,1.29,0,0,0,0,0,0,"","",3,3,6,1,2,0,3,4,1,1,7,8,5,3,2,5,23,18,42,58,0.00,0.00,1.08,0.95,0.00,0,0,0,0,0,0,0,0,0,0.00,0.00,2.15,3.15,3.55,1.44,2.35,4.50,9.00,2.05,1.71,Estádio do Bonfim (Setúbal)
1565983800,Aug 16 2019 - 7:30pm,complete,4960,Famalicão,Rio Ave FC,Rui Manuel Gomes Costa,2,0.00,0.00,1.59,1.82,1,0,1,0,0,0,"66","",5,2,3,0,5,1,1,2,2,4,10,8,5,2,5,6,16,16,62,38,0.00,0.00,1.22,0.83,0.00,0,0,0,0,0,0,0,0,0,0.00,0.00,2.50,3.25,2.80,1.32,2.00,3.55,6.90,1.77,1.95,Estádio Municipal 22 de Junho (Vila Nova de Famalicão)
1566055800,Aug 17 2019 - 3:30pm,complete,1792,Moreirense FC,Gil Vicente,Manuel Antonio Rodrigues Oliveira,2,0.00,0.00,1.41,0.88,3,0,3,2,2,0,"8,22,72","",3,5,0,0,3,0,0,0,1,2,8,13,5,3,3,10,17,16,40,60,0.00,0.00,1.15,1.42,0.00,0,0,0,0,0,0,0,0,0,0.00,0.00,2.20,3.20,3.35,1.40,2.20,4.15,8.25,1.91,1.80,Parque Desportivo Comendador Joaquim de Almeida Freitas (Moreira de Cónegos)
1566064800,Aug 17 2019 - 6:00pm,complete,17821,Belenenses,Benfica,Fábio José Costa Veríssimo,2,0.00,0.00,1.12,2.29,0,2,2,0,0,0,"","58,90'2",5,4,7,0,1,0,2,5,1,0,8,14,2,6,6,8,11,10,47,53,0.00,0.00,0.92,1.77,0.00,0,0,0,0,0,0,0,0,0,0.00,0.00,14.00,7.25,1.17,1.13,1.44,2.20,3.80,2.25,1.63,Estádio Nacional (Jamor- Oeiras)
1566073800,Aug 17 2019 - 8:30pm,complete,38820,Porto,Vitória Setúbal,Manuel Mota,2,0.00,0.00,2.71,0.88,4,0,4,2,2,0,"11,20,63,64","",7,0,0,0,2,0,0,0,1,1,19,7,11,6,8,1,17,15,63,37,0.00,0.00,2.31,1.04,0.00,0,0,0,0,0,0,0,0,0,0.00,0.00,1.14,7.50,19.75,1.14,1.50,2.38,4.33,2.56,1.50,Estádio Do Dragão (Porto)
1566140400,Aug 18 2019 - 3:00pm,complete,3153,Paços de Ferreira,Santa Clara,André Filipe Domingues Narciso,2,0.00,0.00,1.18,1.24,0,1,1,1,0,1,"","17",8,3,3,0,1,0,0,3,0,1,14,6,4,4,10,2,24,19,62,38,0.00,0.00,1.61,0.85,0.00,0,0,0,0,0,0,0,0,0,0.00,0.00,2.50,3.15,2.85,1.36,2.10,4.00,7.50,1.91,1.80,Estádio da Capital do Móvel (Paços de Ferreira)
1566140400,Aug 18 2019 - 3:00pm,complete,1511,CD Aves,CS Marítimo,Manuel Jorge Neves Moreira de Sousa,2,0.00,0.00,0.76,0.94,3,1,4,3,2,1,"5,44,50","38",4,7,2,0,4,0,1,1,3,1,10,8,5,2,5,6,25,14,34,66,0.00,0.00,1.15,0.98,0.00,0,0,0,0,0,0,0,0,0,0.00,0.00,2.25,3.15,3.35,1.44,2.50,4.50,10.00,2.05,1.70,Estádio Clube Desportivo das Aves (Vila das Aves)
1566149400,Aug 18 2019 - 5:30pm,complete,16765,Vitória Guimarães,Boavista FC,Artur Manuel Ribeiro Soares Dias,2,0.00,0.00,1.65,1.18,1,1,2,1,1,0,"16","90'4",4,2,2,0,4,0,1,1,3,1,13,5,5,3,8,2,16,14,57,43,0.00,0.00,1.37,0.61,0.00,0,0,0,0,0,0,0,0,0,0.00,0.00,1.53,4.10,6.10,1.36,2.20,4.00,7.50,2.10,1.67,Estádio Dom Afonso Henriques (Guimarães)
1566158400,Aug 18 2019 - 8:00pm,complete,35692,Sporting CP,Sporting Braga,Luis Miguel Branco Godinho,2,0.00,0.00,2.18,1.53,2,1,3,2,2,0,"16,44","73",2,7,3,0,5,0,1,2,1,4,11,16,7,8,4,8,14,16,48,52,0.00,0.00,0.00,0.00,0.00,0,0,0,0,0,0,0,0,0,0.00,0.00,2.10,3.30,3.45,1.25,1.76,3.00,5.00,1.67,2.10,Estádio José Alvalade (Lisboa)
1566242100,Aug 19 2019 - 7:15pm,complete,2955,CD Tondela,Portimonense,Hugo Filipe Ferreira de Campos Moreira Miguel,2,0.00,0.00,0.82,0.65,1,2,3,2,0,2,"84","36,45",7,3,1,0,1,0,0,1,0,1,6,14,4,7,2,7,11,16,59,41,0.00,0.00,1.03,1.59,0.00,0,0,0,0,0,0,0,0,0,0.00,0.00,2.55,3.25,2.75,1.33,2.05,3.70,7.00,1.80,1.91,Estádio João Cardoso (Tondela)
1566583200,Aug 23 2019 - 6:00pm,complete,3787,Vitória Setúbal,Moreirense FC,Iancu Ioan Vasilica,3,1.00,0.00,1.12,1.12,0,0,0,0,0,0,"","",9,6,3,0,1,0,1,2,0,1,7,4,2,3,5,1,19,27,51,49,1.08,1.23,0.94,0.72,2.00,50,50,50,50,0,0,50,50,50,7.00,9.00,2.45,3.05,3.00,1.48,2.45,4.80,9.75,2.05,1.69,Estádio do Bonfim (Setúbal)
1566591300,Aug 23 2019 - 8:15pm,complete,2485,Rio Ave FC,CD Aves,Fábio José Costa Veríssimo,3,0.00,0.00,1.41,0.24,5,1,6,2,2,0,"10,22,52,55,75","77",3,6,0,0,3,0,0,0,1,2,16,7,10,2,6,5,17,15,60,40,0.00,1.42,1.92,0.98,1.50,50,50,50,0,0,50,50,0,50,8.00,3.00,1.83,3.50,4.30,1.29,1.95,3.35,6.45,1.80,1.91,Estádio do Rio Ave Futebol Clube (Vila do Conde)
1566669600,Aug 24 2019 - 6:00pm,complete,62735,Benfica,Porto,Manuel Jorge Neves Moreira de Sousa,3,3.00,0.00,2.24,2.12,0,2,2,1,0,1,"","22,86",5,5,2,0,5,0,0,2,1,4,5,10,2,6,3,4,15,13,53,47,1.90,1.36,0.84,1.38,4.00,50,100,100,50,50,50,50,100,100,16.00,3.00,1.91,3.40,4.10,1.32,2.00,3.50,6.80,1.83,1.91,Estádio do Sport Lisboa e Benfica (da Luz) (Lisboa)
1566678600,Aug 24 2019 - 8:30pm,complete,6391,Boavista FC,Paços de Ferreira,Manuel Mota,3,3.00,0.00,1.12,1.12,1,1,2,2,1,1,"12","17",6,8,5,0,2,0,2,3,0,2,10,11,4,6,6,5,17,17,52,48,1.62,0.50,1.11,1.44,4.00,50,100,100,50,50,100,100,50,100,6.00,9.00,2.15,3.10,3.60,1.49,2.50,4.85,9.75,2.10,1.67,Estádio do Bessa Século XXI (Porto)
1566745200,Aug 25 2019 - 3:00pm,complete,5568,CS Marítimo,CD Tondela,André Filipe Domingues Narciso,3,1.00,1.00,1.35,1.29,2,3,5,1,0,1,"70,75","45'1,66,90",4,6,2,0,5,0,0,2,1,4,15,11,5,8,10,3,11,13,51,49,1.13,0.95,1.68,1.53,1.00,50,50,0,0,0,50,50,0,0,5.00,6.00,2.00,3.10,4.00,1.43,2.30,4.40,8.75,2.00,1.74,Estádio dos Barreiros (Funchal (Ilha da Madeira))
1566745200,Aug 25 2019 - 3:00pm,complete,3525,Santa Clara,Belenenses,João Pedro Silva Pinheiro,3,0.00,1.00,1.29,0.94,0,0,0,0,0,0,"","",9,2,2,0,1,0,1,1,0,1,16,8,3,2,13,6,9,14,45,55,1.94,0.84,1.70,0.95,1.00,0,50,0,0,0,0,50,0,50,19.00,1.00,2.10,3.20,3.65,1.38,2.15,4.00,7.75,1.91,1.80,Estádio de São Miguel (Ponta Delgada- Ilha de São Miguel- Açores)
1566754200,Aug 25 2019 - 5:30pm,complete,5634,Portimonense,Sporting CP,Carlos Miguel Taborda Xistra,3,1.00,1.00,1.29,1.35,1,3,4,3,1,2,"9","2,5,65",3,6,1,0,0,0,0,1,0,0,16,12,3,6,13,6,19,13,52,48,1.52,1.27,1.58,1.52,1.00,50,50,0,0,0,50,50,0,0,13.00,5.00,4.20,3.50,1.87,1.25,1.80,3.00,5.60,1.71,2.05,Estádio Municipal de Portimão (Portimão)
1566761400,Aug 25 2019 - 7:30pm,complete,6769,Gil Vicente,Sporting Braga,Hugo Filipe Ferreira de Campos Moreira Miguel,3,3.00,0.00,1.65,1.53,1,1,2,1,0,1,"78","6",5,1,2,0,2,0,0,2,0,2,15,8,7,5,8,3,13,13,55,45,1.37,0.00,1.83,1.06,3.00,100,100,100,0,0,50,50,50,100,11.00,8.00,4.90,3.50,1.74,1.33,2.00,3.60,7.00,1.95,1.77,Estádio Cidade de Barcelos (Barcelos)
1566763200,Aug 25 2019 - 8:00pm,complete,16225,Vitória Guimarães,Famalicão,Manuel Antonio Rodrigues Oliveira,3,1.00,3.00,1.65,1.59,1,1,2,0,0,0,"50","70",12,5,4,0,1,0,2,2,1,0,20,16,5,4,15,12,16,12,49,51,1.37,1.50,2.08,1.51,2.00,50,100,0,0,0,0,100,0,100,10.00,5.00,1.74,3.45,4.95,1.33,2.00,3.60,7.00,1.91,1.83,Estádio Dom Afonso Henriques (Guimarães)
1567188000,Aug 30 2019 - 6:00pm,complete,1432,Moreirense FC,Portimonense,Gustavo Fernandes Correia,4,3.00,3.00,1.41,0.65,1,0,1,1,1,0,"7","",0,3,2,0,4,1,0,2,2,3,11,12,4,3,7,9,21,25,48,52,1.15,1.59,1.25,1.32,3.00,50,100,100,0,0,100,100,0,100,6.00,1.00,2.25,3.30,3.20,1.34,2.05,3.75,7.25,1.83,1.87,Parque Desportivo Comendador Joaquim de Almeida Freitas (Moreira de Cónegos)
1567196100,Aug 30 2019 - 8:15pm,complete,1213,Belenenses,Boavista FC,Hugo Filipe Ferreira de Campos Moreira Miguel,4,0.00,1.00,1.12,1.18,0,1,1,0,0,0,"","58",5,1,2,1,4,0,1,2,0,4,10,13,4,10,6,3,17,20,65,35,0.92,0.61,1.24,1.67,2.00,50,100,0,0,0,0,50,50,100,7.00,11.00,2.45,3.00,3.10,1.47,2.40,4.70,9.50,2.00,1.74,Estádio Nacional (Jamor- Oeiras)
1567265400,Aug 31 2019 - 3:30pm,complete,1714,Paços de Ferreira,CS Marítimo,Rui Filipe Cunha Folha Oliveira,4,0.00,0.00,1.18,0.94,0,1,1,0,0,0,"","56",7,0,1,0,4,1,1,0,3,2,22,10,4,4,18,6,19,15,65,35,1.61,0.98,2.25,1.01,2.50,50,50,50,50,0,50,100,0,50,15.00,7.00,2.05,3.20,3.70,1.42,2.30,4.35,8.50,2.00,1.74,Estádio da Capital do Móvel (Paços de Ferreira)
1567265400,Aug 31 2019 - 3:30pm,complete,3573,CD Aves,Famalicão,Luis Miguel Branco Godinho,4,3.00,2.00,0.76,1.59,2,3,5,2,1,1,"31,90'10","14,58,86",4,7,5,1,3,1,1,5,2,2,18,13,7,8,11,5,24,12,49,51,1.15,1.51,2.02,1.68,3.00,75,100,50,50,0,50,75,25,100,9.50,4.00,2.45,3.25,2.90,1.32,2.00,3.60,6.95,1.77,1.95,Estádio Clube Desportivo das Aves (Vila das Aves)
1567274400,Aug 31 2019 - 6:00pm,complete,37942,Sporting CP,Rio Ave FC,João Pedro Silva Pinheiro,4,3.00,0.00,2.18,1.82,2,3,5,2,1,1,"20,53","6,86,90'1",1,2,1,1,2,0,1,1,1,1,9,7,6,5,3,2,17,15,44,56,0.00,0.83,1.36,1.12,2.00,50,50,50,0,0,50,50,0,100,4.00,10.00,1.42,4.60,7.00,1.15,1.50,2.25,3.85,1.65,2.15,Estádio José Alvalade (Lisboa)
1567283400,Aug 31 2019 - 8:30pm,complete,3200,Gil Vicente,Vitória Setúbal,Hélder Miguel Azevedo Malheiro,4,2.00,0.00,1.65,0.88,0,0,0,0,0,0,"","",7,6,3,0,6,0,1,2,4,2,16,11,2,5,14,6,18,18,56,44,1.60,1.04,1.57,1.31,3.25,50,100,75,50,0,50,75,75,100,4.50,4.50,2.05,3.15,3.80,1.42,2.30,4.35,8.50,2.00,1.77,Estádio Cidade de Barcelos (Barcelos)
1567350000,Sep 01 2019 - 3:00pm,complete,2122,CD Tondela,Santa Clara,Manuel Mota,4,0.00,3.00,0.82,1.24,0,0,0,0,0,0,"","",7,11,2,1,2,0,3,0,0,2,10,14,3,5,7,9,10,12,46,54,1.03,0.85,1.17,1.66,2.00,50,50,50,0,0,50,100,0,50,10.00,2.00,2.30,3.20,3.15,1.42,2.25,4.30,8.50,1.95,1.77,Estádio João Cardoso (Tondela)
1567359000,Sep 01 2019 - 5:30pm,complete,47711,Porto,Vitória Guimarães,Carlos Miguel Taborda Xistra,4,3.00,0.00,2.71,1.29,3,0,3,1,1,0,"14,88,90'3","",7,5,3,0,3,2,2,1,2,3,19,10,10,5,9,5,20,7,62,38,2.31,0.00,2.31,1.17,2.00,0,50,50,50,0,50,50,50,50,7.00,0.00,1.18,6.70,15.00,1.15,1.50,2.25,3.85,2.10,1.67,Estádio Do Dragão (Porto)
1567368000,Sep 01 2019 - 8:00pm,complete,15499,Sporting Braga,Benfica,Nuno Miguel Serrano Almeida,4,3.00,3.00,2.00,2.29,0,4,4,1,0,1,"","25,47,51,73",4,5,2,0,1,0,1,1,1,0,12,12,3,6,9,6,11,15,48,52,2.18,1.77,1.30,1.48,3.00,50,100,50,50,0,0,50,100,100,11.00,3.00,5.05,3.95,1.65,1.23,1.74,2.85,5.25,1.74,2.00,Estádio Municipal de Braga (Braga)
1567951200,Sep 08 2019 - 2:00pm,complete,2713,Rio Ave FC,Vitória Guimarães,Hugo Filipe Ferreira de Campos Moreira Miguel,1,3.00,0.00,1.41,1.29,1,1,2,2,1,1,"41","44",5,8,2,1,2,0,0,3,0,2,11,15,6,5,5,10,18,18,51,49,1.92,1.17,1.37,1.66,4.50,50,100,100,50,50,50,100,100,100,8.00,7.00,1.87,3.60,4.00,1.29,1.95,3.35,6.45,1.83,1.91,Estádio do Rio Ave Futebol Clube (Vila do Conde)
1568403000,Sep 13 2019 - 7:30pm,complete,3527,Vitória Setúbal,Sporting Braga,Artur Manuel Ribeiro Soares Dias,5,1.00,0.50,1.12,1.53,1,0,1,0,0,0,"74","",1,7,1,0,3,1,1,0,1,3,9,20,4,6,5,14,14,12,34,66,1.01,1.06,0.99,2.21,1.25,50,50,25,0,0,25,50,0,50,10.00,8.50,5.00,3.50,1.75,1.40,2.25,4.00,9.00,2.05,1.70,Estádio do Bonfim (Setúbal)
1568475000,Sep 14 2019 - 3:30pm,complete,4855,Famalicão,Paços de Ferreira,António Emanuel Carvalho Nobre,5,3.00,0.50,1.59,1.12,4,2,6,1,1,0,"6,60,67,72","87,90'3",1,9,3,0,2,0,1,2,0,2,12,15,6,3,6,12,21,16,51,49,1.22,0.97,1.32,1.54,2.25,25,50,25,25,25,50,50,25,75,10.50,6.00,2.30,3.40,3.00,1.36,2.07,4.00,9.00,1.80,1.95,Estádio Municipal 22 de Junho (Vila Nova de Famalicão)
1568484000,Sep 14 2019 - 6:00pm,complete,54706,Benfica,Gil Vicente,João Pedro Silva Pinheiro,5,1.50,0.00,2.24,0.88,2,0,2,1,1,0,"45,53","",9,7,1,0,4,0,0,1,1,3,13,8,4,0,9,8,13,13,64,36,1.37,1.42,1.54,0.69,3.25,0,100,75,25,25,75,100,25,100,12.50,4.00,1.12,8.00,21.00,1.12,1.40,2.00,3.50,2.37,1.53,Estádio do Sport Lisboa e Benfica (da Luz) (Lisboa)
1568493000,Sep 14 2019 - 8:30pm,complete,14529,Vitória Guimarães,CD Aves,Nuno Miguel Serrano Almeida,5,1.00,0.00,1.65,0.24,5,1,6,3,2,1,"11,40,69,77,90'4","18",9,6,3,0,2,0,0,3,2,0,21,14,11,3,10,11,12,15,60,40,1.73,1.20,2.60,1.36,3.25,100,100,50,25,25,50,75,50,100,15.00,6.00,1.50,4.10,6.25,1.33,1.96,3.50,6.50,2.15,1.62,Estádio Dom Afonso Henriques (Guimarães)
1568559600,Sep 15 2019 - 3:00pm,complete,2248,Santa Clara,Moreirense FC,Hélder Miguel Azevedo Malheiro,5,0.50,0.50,1.29,1.12,2,0,2,1,1,0,"45'2,75","",6,3,3,0,2,0,0,3,0,2,21,15,6,3,15,12,16,20,52,48,1.82,0.97,2.13,1.53,1.50,25,50,25,25,0,0,50,25,50,16.50,2.50,2.20,3.15,3.45,1.44,2.35,4.55,9.00,2.00,1.74,Estádio de São Miguel (Ponta Delgada- Ilha de São Miguel- Açores)
1568559600,Sep 15 2019 - 3:00pm,complete,2103,Rio Ave FC,CD Tondela,Rui Filipe Cunha Folha Oliveira,5,2.00,2.00,1.41,1.29,2,4,6,3,1,2,"45'7,84","5,17,57,62",9,0,2,0,3,0,1,1,0,3,21,6,7,5,14,1,15,18,67,33,1.64,1.24,2.43,0.83,3.25,75,75,50,50,50,50,75,50,50,8.50,5.50,1.65,4.00,4.80,1.24,1.77,2.95,5.55,1.80,1.95,Estádio do Rio Ave Futebol Clube (Vila do Conde)
1568559600,Sep 15 2019 - 3:00pm,complete,5551,CS Marítimo,Belenenses,João Bento,5,0.50,1.00,1.35,0.94,1,3,4,2,0,2,"47","10,45,79",8,9,2,0,3,0,2,0,2,1,12,14,6,7,6,7,12,24,45,55,1.40,0.90,1.62,1.64,1.75,50,50,25,25,25,25,50,25,25,6.50,4.00,2.05,3.20,3.75,1.45,2.40,4.60,9.25,2.05,1.69,Estádio dos Barreiros (Funchal (Ilha da Madeira))
1568566800,Sep 15 2019 - 5:00pm,complete,5499,Portimonense,Porto,Rui Manuel Gomes Costa,5,0.50,1.50,1.29,2.12,2,3,5,2,0,2,"74,77","25,45,90'8",1,10,1,0,1,1,0,1,0,2,9,25,4,7,5,18,8,16,42,58,1.55,1.37,1.03,2.41,2.25,50,75,50,25,0,25,50,25,75,9.50,5.00,7.00,4.60,1.41,1.18,1.61,2.50,4.45,1.77,1.95,Estádio Municipal de Portimão (Portimão)
1568574000,Sep 15 2019 - 7:00pm,complete,12314,Boavista FC,Sporting CP,Manuel Jorge Neves Moreira de Sousa,5,2.00,2.00,1.12,1.35,1,1,2,1,1,0,"7","62",5,8,2,0,5,1,1,1,1,5,13,14,6,5,7,9,22,17,34,66,1.37,1.39,1.44,1.65,2.75,100,100,50,25,0,100,100,0,50,11.50,7.00,4.60,3.55,1.77,1.32,2.00,3.60,6.95,1.91,1.83,Estádio do Bessa Século XXI (Porto)
1569007800,Sep 20 2019 - 7:30pm,complete,2239,Paços de Ferreira,CD Aves,Cláudio Filipe Ruivo Pereira,6,0.00,0.00,1.18,0.24,2,1,3,1,0,1,"59,82","26",9,2,4,1,3,0,2,3,1,2,16,9,3,4,13,5,24,13,50,50,1.93,1.25,1.53,1.11,3.00,50,50,50,34,34,50,75,34,75,14.17,4.67,1.87,3.45,4.20,1.34,2.05,3.75,7.25,1.91,1.83,Estádio da Capital do Móvel (Paços de Ferreira)
1569085200,Sep 21 2019 - 5:00pm,complete,821,Belenenses,Rio Ave FC,André Filipe Domingues Narciso,6,0.00,1.50,1.12,1.82,0,2,2,1,0,1,"","9,57",4,1,3,0,0,0,1,2,0,0,13,17,4,5,9,12,21,12,54,46,1.08,0.97,1.49,1.60,2.25,25,50,25,25,25,25,25,50,100,7.00,9.50,3.20,3.35,2.20,1.29,1.95,3.35,6.45,1.74,2.00,Estádio Nacional (Jamor- Oeiras)
1569094200,Sep 21 2019 - 7:30pm,complete,4220,Moreirense FC,Benfica,Artur Manuel Ribeiro Soares Dias,6,3.00,3.00,1.41,2.29,1,2,3,0,0,0,"48","85,90'1",3,5,3,0,2,0,2,1,1,1,8,21,3,3,5,18,12,15,39,61,1.20,1.63,1.04,2.04,2.50,0,75,50,25,0,25,75,50,75,6.00,2.00,8.25,5.10,1.34,1.20,1.65,2.60,4.70,2.00,1.77,Parque Desportivo Comendador Joaquim de Almeida Freitas (Moreira de Cónegos)
1569162600,Sep 22 2019 - 2:30pm,complete,3885,Gil Vicente,Boavista FC,Fábio José Costa Veríssimo,6,1.67,2.00,1.65,1.18,0,0,0,0,0,0,"","",10,5,5,0,2,1,1,4,2,1,18,5,8,0,10,5,19,19,64,36,1.59,1.14,2.15,0.57,1.59,59,59,17,0,0,0,42,17,84,6.83,6.67,2.25,3.05,3.45,1.48,2.45,4.80,9.75,2.05,1.71,Estádio Cidade de Barcelos (Barcelos)
1569171600,Sep 22 2019 - 5:00pm,complete,3178,CD Tondela,Vitória Guimarães,Hélder Miguel Azevedo Malheiro,6,0.50,0.50,0.82,1.29,1,3,4,4,1,3,"41","21,25,45'2",5,5,2,0,4,0,0,2,1,3,7,22,5,7,2,15,9,21,48,52,1.10,1.42,1.02,2.26,2.00,50,75,50,0,0,50,75,25,50,13.50,7.00,3.30,3.40,2.15,1.29,1.95,3.35,6.45,1.77,1.95,Estádio João Cardoso (Tondela)
1569171600,Sep 22 2019 - 5:00pm,complete,4833,Vitória Setúbal,Portimonense,João Pedro Silva Pinheiro,6,1.67,1.50,1.12,0.65,0,0,0,0,0,0,"","",4,2,3,0,0,0,1,2,0,0,10,9,5,3,5,6,18,8,45,55,1.00,1.46,1.27,1.07,1.17,25,25,25,0,0,25,50,0,42,7.33,6.67,2.85,3.05,2.60,1.45,2.40,4.60,9.25,2.00,1.71,Estádio do Bonfim (Setúbal)
1569180600,Sep 22 2019 - 7:30pm,complete,36120,Porto,Santa Clara,Luis Miguel Branco Godinho,6,3.00,2.00,2.71,1.24,2,0,2,2,2,0,"15,41","",9,0,4,0,4,0,0,4,2,2,20,6,7,2,13,4,25,11,62,38,2.31,1.26,2.17,0.79,2.00,0,50,50,25,0,25,75,50,50,14.00,3.00,1.16,7.00,17.00,1.15,1.51,2.30,3.95,2.20,1.62,Estádio Do Dragão (Porto)
1569261600,Sep 23 2019 - 6:00pm,complete,8184,Sporting Braga,CS Marítimo,Manuel Antonio Rodrigues Oliveira,6,1.50,1.50,2.00,0.94,2,2,4,1,0,1,"57,78","32,70",9,3,2,0,4,1,2,0,2,3,25,5,6,3,19,2,15,17,67,33,1.74,1.00,2.49,0.70,3.25,50,75,75,75,0,25,75,50,100,9.00,7.00,1.34,4.70,8.50,1.24,1.80,3.00,5.65,2.10,1.65,Estádio Municipal de Braga (Braga)
1569268800,Sep 23 2019 - 8:00pm,complete,28576,Sporting CP,Famalicão,Hugo Filipe Ferreira de Campos Moreira Miguel,6,1.50,2.33,2.18,1.59,1,2,3,1,1,0,"25","55,88",6,6,3,0,2,0,1,2,1,1,20,14,6,7,14,7,17,14,48,52,1.36,1.56,2.01,1.71,3.50,84,100,67,42,42,67,84,59,100,7.50,5.50,1.49,4.40,6.05,1.18,1.59,2.45,4.35,1.71,2.05,Estádio José Alvalade (Lisboa)
1569612600,Sep 27 2019 - 7:30pm,complete,14225,Boavista FC,CD Tondela,Vitor Jorge Fernandes Ferreira,7,1.67,2.33,1.12,1.29,0,0,0,0,0,0,"","",6,4,3,0,4,0,2,1,1,3,17,6,4,0,13,6,21,17,50,50,1.39,1.10,1.67,0.62,3.00,84,84,50,34,34,50,84,34,67,7.67,7.33,2.05,3.20,3.75,1.47,2.40,4.70,9.50,2.05,1.69,Estádio do Bessa Século XXI (Porto)
1569684600,Sep 28 2019 - 3:30pm,complete,5380,CS Marítimo,Moreirense FC,Rui Manuel Gomes Costa,7,0.33,0.33,1.35,1.12,2,1,3,0,0,0,"84,86","78",6,2,4,0,6,0,1,3,2,4,14,14,5,4,9,10,13,20,50,50,1.48,1.16,1.57,1.46,2.84,67,84,50,50,17,34,84,50,67,9.00,4.34,2.50,2.95,3.10,1.45,2.40,4.60,9.25,2.00,1.77,Estádio dos Barreiros (Funchal (Ilha da Madeira))
1569693600,Sep 28 2019 - 6:00pm,complete,53115,Benfica,Vitória Setúbal,Tiago Bruno Lopes Martins,7,2.00,0.50,2.24,0.88,1,0,1,0,0,0,"63","",14,3,4,1,4,0,2,3,2,2,17,9,4,3,13,6,11,8,57,43,1.42,1.17,1.84,1.05,2.50,0,75,42,42,17,42,75,42,75,11.00,5.00,1.15,7.50,16.50,1.18,1.59,2.45,4.35,2.55,1.45,Estádio do Sport Lisboa e Benfica (da Luz) (Lisboa)
1569702600,Sep 28 2019 - 8:30pm,complete,4873,Famalicão,Belenenses,Iancu Ioan Vasilica,7,3.00,1.67,1.59,0.94,3,1,4,1,0,1,"61,80,87","44",6,2,2,0,2,0,0,2,1,1,18,10,8,4,10,6,16,10,53,47,1.27,1.14,2.07,1.14,2.42,42,42,42,42,25,17,42,42,67,8.33,4.67,1.65,3.80,5.20,1.28,1.87,3.20,6.15,1.87,1.87,Estádio Municipal 22 de Junho (Vila Nova de Famalicão)
1569769200,Sep 29 2019 - 3:00pm,complete,1973,Santa Clara,Gil Vicente,João Bento,7,1.33,0.00,1.29,0.88,1,0,1,0,0,0,"86","",6,6,4,0,1,1,1,3,2,0,12,8,6,6,6,2,17,17,62,38,1.92,1.05,1.52,1.11,1.92,0,84,25,0,0,25,84,0,84,15.67,5.17,2.00,3.25,3.85,1.43,2.30,4.40,8.75,2.00,1.74,Estádio de São Miguel (Ponta Delgada- Ilha de São Miguel- Açores)
1569769200,Sep 29 2019 - 3:00pm,complete,18154,Vitória Guimarães,Paços de Ferreira,André Filipe Domingues Narciso,7,1.67,0.33,1.65,1.12,1,0,1,0,0,0,"90'4","",10,3,1,0,5,1,0,1,1,5,12,5,4,2,8,3,16,23,64,36,2.02,1.16,1.51,0.54,3.83,84,100,50,50,50,50,84,67,84,15.00,5.67,1.59,3.90,5.65,1.31,1.95,3.45,6.70,2.00,1.74,Estádio Dom Afonso Henriques (Guimarães)
1569776400,Sep 29 2019 - 5:00pm,complete,3430,Portimonense,Sporting Braga,Hugo Filipe Ferreira de Campos Moreira Miguel,7,0.33,0.33,1.29,1.53,0,1,1,1,0,1,"","33",2,7,3,0,5,0,1,2,2,3,14,13,6,5,8,8,11,26,49,51,1.37,1.63,1.63,1.54,2.50,67,67,50,34,17,50,67,17,84,8.00,5.00,4.10,3.70,1.80,1.27,1.87,3.20,6.00,1.80,1.95,Estádio Municipal de Portimão (Portimão)
1569783600,Sep 29 2019 - 7:00pm,complete,4411,Rio Ave FC,Porto,Nuno Miguel Serrano Almeida,7,1.33,2.00,1.41,2.12,0,1,1,1,0,1,"","12",0,6,3,0,3,0,1,2,2,1,9,14,2,5,7,9,15,17,44,56,1.91,1.72,1.00,1.62,4.00,84,100,67,50,50,67,84,67,84,12.67,5.67,5.95,4.25,1.51,1.20,1.67,2.65,4.85,1.77,1.95,Estádio do Rio Ave Futebol Clube (Vila do Conde)
1569870900,Sep 30 2019 - 7:15pm,complete,2850,CD Aves,Sporting CP,Carlos Miguel Taborda Xistra,7,1.50,1.67,0.76,1.35,0,1,1,0,0,0,"","83",3,7,3,0,2,0,1,2,0,2,10,15,4,4,6,11,13,19,37,63,1.59,1.48,1.18,1.64,3.59,100,100,67,67,25,84,100,25,84,11.33,7.83,6.00,4.35,1.50,1.19,1.62,2.55,4.55,1.74,2.00,Estádio Clube Desportivo das Aves (Vila das Aves)
1570285800,Oct 05 2019 - 2:30pm,complete,1336,CD Aves,CD Tondela,João Pedro Silva Pinheiro,9,1.00,2.00,0.76,1.29,0,1,1,0,0,0,"","77",6,8,1,0,1,0,0,1,0,1,11,9,2,4,9,5,12,14,52,48,1.45,0.98,1.44,1.32,3.04,59,59,59,59,42,46,59,42,75,6.92,7.50,2.45,3.35,2.80,1.31,1.95,3.45,6.70,1.77,2.00,Estádio Clube Desportivo das Aves (Vila das Aves)
1572031800,Oct 25 2019 - 7:30pm,complete,2095,Paços de Ferreira,Rio Ave FC,Tiago Bruno Lopes Martins,8,1.00,2.00,1.18,1.82,0,0,0,0,0,0,"","",2,4,0,0,1,0,0,0,0,1,18,6,4,0,14,6,19,15,43,57,1.80,1.18,1.67,0.64,2.17,33,50,33,17,17,17,67,33,84,9.67,6.00,2.80,3.20,2.55,1.34,2.05,3.75,7.25,1.80,1.91,Estádio da Capital do Móvel (Paços de Ferreira)
1572100200,Oct 26 2019 - 2:30pm,complete,2628,Gil Vicente,Portimonense,Gustavo Fernandes Correia,8,1.50,1.33,1.65,0.65,1,1,2,2,1,1,"45'6","40",2,3,2,1,2,0,0,3,0,2,7,10,3,5,4,5,22,20,45,55,1.73,1.33,0.89,1.31,1.29,42,42,29,0,0,17,46,13,42,9.17,5.25,2.35,3.00,3.30,1.42,2.25,4.30,8.50,1.95,1.80,Estádio Cidade de Barcelos (Barcelos)
1572100200,Oct 26 2019 - 2:30pm,complete,2109,Belenenses,CD Aves,Cláudio Filipe Ruivo Pereira,8,0.00,0.00,1.12,0.24,3,2,5,4,2,2,"6,45'3,66","1,40",7,6,3,0,2,0,3,0,1,1,14,10,6,3,8,7,16,20,47,53,1.22,1.22,1.56,1.13,3.09,50,84,50,25,25,38,67,54,100,10.17,7.08,2.15,3.20,3.45,1.34,2.05,3.75,7.25,1.83,1.91,Estádio Nacional (Jamor- Oeiras)
1572109200,Oct 26 2019 - 5:00pm,complete,4466,Vitória Setúbal,CS Marítimo,Vitor Jorge Fernandes Ferreira,8,1.50,1.33,1.12,0.94,0,0,0,0,0,0,"","",5,5,0,0,1,0,0,0,0,1,11,10,3,3,8,7,14,20,51,49,1.07,0.90,1.21,1.13,1.63,34,34,34,34,0,17,34,17,63,7.58,8.50,2.15,3.05,3.60,1.57,2.80,5.65,11.75,2.30,1.56,Estádio do Bonfim (Setúbal)
1572118200,Oct 26 2019 - 7:30pm,complete,2060,Moreirense FC,Boavista FC,Hélder Miguel Azevedo Malheiro,8,2.00,1.67,1.41,1.18,1,1,2,1,1,0,"45'3","82",1,10,3,1,4,0,1,3,2,2,11,26,5,7,6,19,18,20,41,59,1.14,0.95,1.15,2.56,1.67,33,50,34,0,0,17,50,17,67,4.67,5.67,2.45,2.90,3.15,1.57,2.75,5.55,11.50,2.20,1.62,Parque Desportivo Comendador Joaquim de Almeida Freitas (Moreira de Cónegos)
1572188400,Oct 27 2019 - 3:00pm,complete,4705,CD Tondela,Benfica,Hugo Filipe Ferreira de Campos Moreira Miguel,8,0.33,3.00,0.82,2.29,0,1,1,1,0,1,"","19",5,5,1,0,2,0,0,1,1,1,12,14,5,4,7,10,17,14,36,64,1.07,1.76,1.39,1.58,2.67,50,84,67,33,0,34,50,50,67,11.00,3.66,8.50,5.55,1.31,1.16,1.54,2.35,4.10,1.87,1.83,Estádio João Cardoso (Tondela)
1572197400,Oct 27 2019 - 5:30pm,complete,47807,Porto,Famalicão,Fábio José Costa Veríssimo,8,3.00,2.50,2.71,1.59,3,0,3,1,1,0,"45,72,88","",4,3,0,0,3,0,0,0,0,3,22,6,10,3,12,3,14,12,58,42,2.26,1.60,2.54,0.75,3.00,38,100,59,29,13,46,88,71,84,13.67,5.08,1.23,5.95,11.50,1.14,1.48,2.20,3.70,1.87,1.83,Estádio Do Dragão (Porto)
1572206400,Oct 27 2019 - 8:00pm,complete,28135,Sporting CP,Vitória Guimarães,Artur Manuel Ribeiro Soares Dias,8,1.00,1.33,2.18,1.29,3,1,4,2,2,0,"29,32,74","67",3,4,1,0,2,0,0,1,1,1,12,20,5,4,7,16,7,9,48,52,1.68,1.70,1.45,2.15,3.34,84,100,84,33,17,67,100,50,67,9.00,7.00,1.95,3.40,3.90,1.25,1.80,3.05,5.70,1.69,2.05,Estádio José Alvalade (Lisboa)
1572293700,Oct 28 2019 - 8:15pm,complete,6785,Sporting Braga,Santa Clara,Rui Manuel Gomes Costa,8,1.33,1.33,2.00,1.24,2,0,2,1,1,0,"13,58","",4,6,1,0,1,0,1,0,0,1,28,9,13,5,15,4,18,6,55,45,1.99,1.10,2.98,1.08,2.50,34,67,50,50,0,17,84,50,50,11.34,4.33,1.38,4.70,7.50,1.22,1.71,2.80,5.15,1.95,1.80,Estádio Municipal de Braga (Braga)
1572454800,Oct 30 2019 - 5:00pm,complete,1387,Rio Ave FC,Moreirense FC,António Emanuel Carvalho Nobre,9,1.00,0.25,1.41,1.12,1,1,2,1,0,1,"57","32",13,3,1,0,1,0,0,1,0,1,21,10,8,5,13,5,14,13,71,29,1.68,1.23,2.53,1.14,3.00,63,75,50,38,25,38,75,50,63,8.00,5.00,1.57,4.05,5.55,1.23,1.74,2.90,5.35,1.80,1.95,Estádio do Rio Ave Futebol Clube (Vila do Conde)
1572461100,Oct 30 2019 - 6:45pm,complete,9381,CS Marítimo,Porto,Manuel Jorge Neves Moreira de Sousa,9,1.00,2.25,1.35,2.12,1,1,2,1,1,0,"11","85",6,9,4,0,5,0,1,3,2,3,4,17,2,6,2,11,17,20,22,78,1.50,1.69,0.52,2.05,3.13,75,88,63,38,25,38,75,63,75,11.75,6.50,9.00,4.85,1.33,1.21,1.69,2.70,4.90,2.00,1.74,Estádio dos Barreiros (Funchal (Ilha da Madeira))
1572465600,Oct 30 2019 - 8:00pm,complete,11346,Vitória Guimarães,Belenenses,Rui Filipe Cunha Folha Oliveira,9,2.00,1.25,1.65,0.94,5,0,5,2,2,0,"2,5,64,77,81","",6,3,1,0,4,0,1,0,3,1,14,5,7,3,7,2,13,13,46,54,1.89,1.14,1.71,0.77,2.38,63,63,38,38,13,25,50,50,75,13.25,4.25,1.38,4.70,7.75,1.18,1.61,2.50,4.45,1.83,1.91,Estádio Dom Afonso Henriques (Guimarães)
1572466500,Oct 30 2019 - 8:15pm,complete,42037,Benfica,Portimonense,Manuel Mota,9,2.25,1.25,2.24,0.65,4,0,4,1,1,0,"17,47,63,65","",5,1,1,0,1,0,0,1,1,0,12,5,7,3,5,2,14,9,57,43,1.53,1.32,1.61,0.66,2.00,25,63,25,13,13,38,75,13,63,12.25,4.25,1.17,6.95,15.25,1.16,1.54,2.35,4.10,2.20,1.61,Estádio do Sport Lisboa e Benfica (da Luz) (Lisboa)
1572469200,Oct 30 2019 - 9:00pm,complete,3375,Famalicão,Gil Vicente,Cláudio Filipe Ruivo Pereira,9,3.00,0.00,1.59,0.88,2,1,3,1,1,0,"21,80","90",9,2,3,0,1,0,1,2,1,0,10,9,3,5,7,4,18,15,44,56,1.54,1.07,1.09,1.31,2.84,34,67,50,34,17,17,67,34,100,10.00,6.00,2.05,3.35,3.50,1.29,1.91,3.30,6.35,1.74,2.00,Estádio Municipal 22 de Junho (Vila Nova de Famalicão)
1572551100,Oct 31 2019 - 7:45pm,complete,2901,Paços de Ferreira,Sporting CP,Rui Manuel Gomes Costa,9,1.00,2.00,1.18,1.35,1,2,3,1,0,1,"74","11,79",10,4,5,0,7,0,1,4,1,6,10,9,6,5,4,4,20,24,41,59,1.77,1.52,1.38,1.16,1.75,50,50,25,13,0,25,63,13,63,13.75,5.25,3.50,3.25,2.10,1.32,2.00,3.50,6.80,1.77,1.95,Estádio da Capital do Móvel (Paços de Ferreira)
1572552900,Oct 31 2019 - 8:15pm,complete,8452,Boavista FC,Sporting Braga,Tiago Bruno Lopes Martins,9,1.50,1.00,1.12,1.53,2,0,2,1,1,0,"6,90'3","",3,7,4,0,2,0,1,3,1,1,9,13,3,3,6,10,14,8,24,76,1.46,1.60,0.88,1.64,1.75,63,63,25,0,0,38,75,0,63,10.50,8.00,4.50,3.55,1.80,1.41,2.25,4.25,8.25,2.10,1.67,Estádio do Bessa Século XXI (Porto)
1572552900,Oct 31 2019 - 8:15pm,complete,1632,Santa Clara,Vitória Setúbal,Iancu Ioan Vasilica,9,1.75,0.33,1.29,0.88,1,1,2,2,1,1,"6","12",7,7,3,0,4,1,1,2,1,4,18,11,5,4,13,7,9,17,49,51,1.82,1.13,1.89,1.25,1.46,0,42,17,17,0,17,42,17,71,11.75,6.25,1.95,3.10,4.45,1.54,2.65,5.40,11.00,2.30,1.56,Estádio de São Miguel (Ponta Delgada- Ilha de São Miguel- Açores)
1572717600,Nov 02 2019 - 6:00pm,complete,53579,Benfica,Rio Ave FC,Carlos Miguel Taborda Xistra,10,2.40,1.75,2.24,1.82,2,0,2,1,1,0,"31,51","",10,2,1,0,3,0,1,0,2,1,13,4,5,0,8,4,12,14,55,45,1.54,1.05,1.74,0.42,2.40,13,65,33,33,23,23,65,33,88,10.85,4.50,1.33,5.20,8.25,1.14,1.49,2.20,3.75,1.69,2.05,Estádio do Sport Lisboa e Benfica (da Luz) (Lisboa)
1572726600,Nov 02 2019 - 8:30pm,complete,3369,Moreirense FC,Vitória Guimarães,João Pedro Silva Pinheiro,10,1.75,1.00,1.41,1.29,1,1,2,0,0,0,"56","49",8,9,5,0,3,0,2,3,1,2,4,12,2,6,2,6,21,11,46,54,1.15,1.81,0.64,1.60,2.75,63,88,63,25,0,50,88,38,63,7.25,6.25,5.25,3.95,1.62,1.29,1.95,3.35,6.45,1.95,1.77,Parque Desportivo Comendador Joaquim de Almeida Freitas (Moreira de Cónegos)
1572793200,Nov 03 2019 - 3:00pm,complete,2479,Gil Vicente,CS Marítimo,Tiago Bruno Lopes Martins,10,1.40,1.25,1.65,0.94,2,0,2,0,0,0,"77,83","",4,3,0,0,0,0,0,0,0,0,14,7,7,2,7,5,19,13,62,38,1.56,0.96,1.78,0.74,1.83,55,55,35,25,0,23,45,23,58,9.35,7.20,2.00,3.15,4.10,1.44,2.35,4.55,9.00,2.05,1.71,Estádio Cidade de Barcelos (Barcelos)
1572802200,Nov 03 2019 - 5:30pm,complete,4096,CD Tondela,Sporting CP,Fábio José Costa Veríssimo,10,0.25,2.20,0.82,1.35,1,0,1,0,0,0,"88","",1,7,4,0,3,0,2,2,1,2,5,14,4,4,1,10,15,14,30,70,1.15,1.45,0.79,1.70,2.20,65,65,45,23,0,45,78,10,53,12.60,5.80,4.20,3.65,1.83,1.23,1.74,2.90,5.35,1.69,2.10,Estádio João Cardoso (Tondela)
1572811200,Nov 03 2019 - 8:00pm,complete,29205,Porto,CD Aves,Hélder Miguel Azevedo Malheiro,10,3.00,0.00,2.71,0.24,1,0,1,1,1,0,"13","",8,2,1,0,1,0,0,1,0,1,9,10,5,0,4,10,21,16,73,27,2.33,1.20,1.38,0.78,3.80,50,100,88,43,30,65,100,68,88,12.35,4.35,1.07,10.75,29.00,1.10,1.36,1.91,3.05,2.65,1.43,Estádio Do Dragão (Porto)
1572812100,Nov 03 2019 - 8:15pm,complete,9285,Sporting Braga,Famalicão,Manuel Jorge Neves Moreira de Sousa,10,1.75,2.00,2.00,1.59,2,2,4,0,0,0,"77,78","47,89",11,2,5,0,4,1,0,5,3,2,15,7,6,5,9,2,11,15,64,36,2.24,1.43,1.81,0.95,3.25,55,100,68,48,10,10,90,78,100,11.40,4.55,1.33,5.60,7.75,1.13,1.45,2.15,3.60,1.71,2.00,Estádio Municipal de Braga (Braga)
1572894000,Nov 04 2019 - 7:00pm,complete,1070,Belenenses,Paços de Ferreira,João Bento,10,0.75,0.25,1.12,1.12,1,0,1,0,0,0,"86","",1,9,1,0,4,0,0,1,1,3,9,16,3,5,6,11,23,24,60,40,1.30,1.01,0.95,1.68,3.00,38,75,38,38,38,38,63,38,88,11.00,7.50,2.95,3.20,2.45,1.37,2.15,3.95,7.75,1.87,1.87,Estádio Nacional (Jamor- Oeiras)
1572901200,Nov 04 2019 - 9:00pm,complete,2681,Vitória Setúbal,Boavista FC,Artur Manuel Ribeiro Soares Dias,10,1.40,1.50,1.12,1.18,1,0,1,0,0,0,"77","",2,11,3,0,4,0,1,2,2,2,8,27,3,7,5,20,9,10,48,52,1.10,1.35,0.91,2.75,0.73,25,25,0,0,0,0,25,0,48,8.90,6.80,2.65,2.75,3.10,1.69,3.15,6.65,13.75,2.45,1.50,Estádio do Bonfim (Setúbal)
1572901200,Nov 04 2019 - 9:00pm,complete,2266,Portimonense,Santa Clara,Manuel Antonio Rodrigues Oliveira,10,0.25,1.00,1.29,1.24,1,1,2,1,1,0,"20","90'7",4,8,4,0,2,0,1,3,1,1,14,13,5,2,9,11,11,15,48,52,1.44,1.10,1.61,1.27,1.88,25,50,25,25,13,38,75,13,38,7.75,3.50,2.10,3.30,3.55,1.42,2.25,4.30,8.50,2.00,1.74,Estádio Municipal de Portimão (Portimão)
1573245000,Nov 08 2019 - 8:30pm,complete,1281,CD Aves,Gil Vicente,Rui Manuel Gomes Costa,11,0.75,0.00,0.76,0.88,1,2,3,3,1,2,"45'1","35,43",7,4,2,0,3,0,0,2,0,3,6,6,5,5,1,1,20,25,62,38,1.45,1.13,1.05,0.92,2.50,38,63,50,25,13,38,63,25,100,9.25,6.00,2.80,2.90,2.75,1.50,2.50,4.95,10.00,2.05,1.69,Estádio Clube Desportivo das Aves (Vila das Aves)
1573313400,Nov 09 2019 - 3:30pm,complete,1740,Rio Ave FC,Vitória Setúbal,João Pedro Silva Pinheiro,11,1.00,0.50,1.41,0.88,1,0,1,1,1,0,"38","",9,4,0,0,1,0,0,0,1,0,10,13,3,4,7,9,14,10,57,43,1.85,1.16,1.23,1.39,2.58,53,65,33,33,20,55,75,33,55,10.00,6.25,1.56,3.85,6.25,1.36,2.10,3.85,7.50,2.10,1.67,Estádio do Rio Ave Futebol Clube (Vila do Conde)
1573322400,Nov 09 2019 - 6:00pm,complete,8309,Santa Clara,Benfica,Artur Manuel Ribeiro Soares Dias,11,1.60,3.00,1.29,2.29,1,2,3,1,1,0,"17","54,78",2,4,3,0,3,0,1,2,0,3,11,12,4,7,7,5,13,10,31,69,1.84,1.72,1.18,1.74,1.95,23,68,25,13,0,10,55,38,68,13.15,3.90,6.75,4.20,1.47,1.28,1.87,3.20,6.15,2.05,1.71,Estádio de São Miguel (Ponta Delgada- Ilha de São Miguel- Açores)
1573331400,Nov 09 2019 - 8:30pm,complete,3912,Famalicão,Moreirense FC,Tiago Bruno Lopes Martins,11,3.00,0.40,1.59,1.12,3,3,6,2,2,0,"18,32,64","66,79,85",2,2,4,1,4,1,1,4,0,5,21,11,15,6,6,5,15,10,59,41,1.43,1.22,2.70,1.33,2.85,68,78,58,35,13,0,68,58,90,8.85,5.15,1.91,3.45,4.05,1.27,1.87,3.20,6.00,1.74,2.00,Estádio Municipal 22 de Junho (Vila Nova de Famalicão)
1573398000,Nov 10 2019 - 3:00pm,complete,2041,Paços de Ferreira,CD Tondela,António Emanuel Carvalho Nobre,11,0.80,2.20,1.18,1.29,1,0,1,1,1,0,"15","",3,5,4,1,1,1,2,3,0,2,11,16,3,4,8,12,24,24,32,68,1.69,1.05,1.20,1.59,2.00,40,40,40,20,20,10,50,40,60,11.40,5.80,2.15,3.20,3.45,1.40,2.25,4.25,8.25,2.00,1.77,Estádio da Capital do Móvel (Paços de Ferreira)
1573398000,Nov 10 2019 - 3:00pm,complete,4816,CS Marítimo,Portimonense,André Filipe Domingues Narciso,11,1.00,1.00,1.35,0.65,1,1,2,1,0,1,"71","40",3,1,4,0,6,0,0,4,0,6,18,9,5,2,13,7,26,21,49,51,1.30,1.19,1.83,0.96,2.60,70,80,50,30,10,40,80,40,60,7.60,5.00,2.65,3.10,2.75,1.44,2.35,4.50,9.00,2.00,1.74,Estádio dos Barreiros (Funchal (Ilha da Madeira))
1573410600,Nov 10 2019 - 6:30pm,complete,27102,Sporting CP,Belenenses,Manuel Antonio Rodrigues Oliveira,11,1.50,1.00,2.18,0.94,2,0,2,0,0,0,"74,81","",6,5,4,0,3,0,2,2,1,2,18,10,5,4,13,6,14,18,49,51,1.61,1.07,1.73,1.19,3.18,70,80,80,55,23,58,80,68,80,7.20,4.45,1.36,4.75,8.75,1.17,1.56,2.40,4.25,1.80,1.95,Estádio José Alvalade (Lisboa)
1573416000,Nov 10 2019 - 8:00pm,complete,24429,Vitória Guimarães,Sporting Braga,Hugo Filipe Ferreira de Campos Moreira Miguel,11,2.20,0.80,1.65,1.53,0,2,2,1,0,1,"","24,71",11,2,5,0,2,0,2,3,1,1,17,13,3,6,14,7,16,16,57,43,1.86,1.61,1.90,1.38,2.50,50,70,30,20,20,30,70,30,90,14.00,6.00,2.35,3.35,2.95,1.27,1.87,3.20,6.00,1.67,2.10,Estádio Dom Afonso Henriques (Guimarães)
1573419600,Nov 10 2019 - 9:00pm,complete,16514,Boavista FC,Porto,Nuno Miguel Serrano Almeida,11,1.80,2.00,1.12,2.12,0,1,1,1,0,1,"","9",3,6,3,0,1,0,0,3,1,0,8,10,2,2,6,8,14,16,39,61,1.35,1.76,0.93,1.06,2.20,60,80,30,10,10,30,80,20,70,11.80,7.60,6.05,3.50,1.62,1.36,2.15,3.90,7.50,2.10,1.69,Estádio do Bessa Século XXI (Porto)
1575059400,Nov 29 2019 - 8:30pm,complete,2022,Santa Clara,Boavista FC,Rui Filipe Cunha Folha Oliveira,12,1.33,1.20,1.29,1.18,1,2,3,2,0,2,"86","2,25",10,2,2,0,2,0,0,2,1,1,14,18,3,7,11,11,18,18,67,33,1.73,1.63,1.64,1.77,1.44,37,54,9,0,0,9,54,9,74,13.13,6.50,2.15,3.00,3.80,1.61,2.90,5.95,12.25,2.40,1.51,Estádio de São Miguel (Ponta Delgada- Ilha de São Miguel- Açores)
1575127800,Nov 30 2019 - 3:30pm,complete,1869,Moreirense FC,CD Aves,Manuel Mota,12,1.60,0.00,1.41,0.24,3,2,5,3,2,1,"28,45'1,72","5,60",11,5,1,0,2,1,1,0,2,1,25,13,7,4,18,9,11,18,66,34,1.04,1.13,2.43,1.35,3.10,72,82,62,25,25,44,80,45,82,8.00,5.33,2.00,3.20,3.90,1.36,2.15,3.90,7.50,1.87,1.83,Parque Desportivo Comendador Joaquim de Almeida Freitas (Moreira de Cónegos)
1575136800,Nov 30 2019 - 6:00pm,complete,52772,Benfica,CS Marítimo,Fábio José Costa Veríssimo,12,2.50,1.00,2.24,0.94,4,0,4,3,3,0,"8,17,31,55","",4,3,2,1,2,0,2,1,1,1,12,13,9,2,3,11,12,13,48,52,1.58,0.91,1.68,1.26,2.44,20,72,37,37,9,19,62,37,90,12.43,5.03,1.13,8.00,18.25,1.14,1.48,2.20,3.70,2.45,1.50,Estádio do Sport Lisboa e Benfica (da Luz) (Lisboa)
1575145800,Nov 30 2019 - 8:30pm,complete,2714,Portimonense,Famalicão,Iancu Ioan Vasilica,12,0.40,1.83,1.29,1.59,2,1,3,1,1,0,"33,73","90'3",6,4,1,0,1,0,0,1,0,1,13,14,6,6,7,8,21,16,32,68,1.47,1.35,1.45,1.65,2.79,64,80,54,37,19,29,74,52,80,7.83,5.33,2.10,3.60,3.15,1.20,1.67,2.65,4.85,1.57,2.25,Estádio Municipal de Portimão (Portimão)
1575212400,Dec 01 2019 - 3:00pm,complete,1413,CD Tondela,Belenenses,Rui Manuel Gomes Costa,12,0.80,0.83,0.82,0.94,0,1,1,0,0,0,"","49",8,7,2,0,3,0,0,2,1,2,16,13,6,5,10,8,15,16,61,39,1.08,1.09,1.81,1.54,2.15,37,54,45,35,9,37,55,34,54,9.33,4.73,2.00,3.35,3.85,1.34,2.05,3.75,7.25,1.87,1.83,Estádio João Cardoso (Tondela)
1575221400,Dec 01 2019 - 5:30pm,complete,3648,Vitória Setúbal,Vitória Guimarães,Manuel Antonio Rodrigues Oliveira,12,1.67,1.00,1.12,1.29,1,1,2,0,0,0,"62","50",11,7,2,0,1,0,0,2,0,1,16,15,5,4,11,11,16,16,56,44,1.07,1.77,1.68,1.60,1.67,40,50,30,20,0,30,40,30,47,10.20,6.43,4.70,3.55,1.74,1.40,2.25,4.25,8.25,2.00,1.69,Estádio do Bonfim (Setúbal)
1575230400,Dec 01 2019 - 8:00pm,complete,7009,Gil Vicente,Sporting CP,Hugo Filipe Ferreira de Campos Moreira Miguel,12,1.67,1.83,1.65,1.35,3,1,4,2,1,1,"18,55,90'9","45'4",1,3,4,0,2,0,2,2,1,1,8,11,5,3,3,8,14,15,23,77,1.60,1.49,0.93,1.42,1.84,59,67,25,9,0,25,50,25,67,12.00,6.34,4.15,3.35,1.91,1.37,2.15,3.95,7.75,1.83,1.83,Estádio Cidade de Barcelos (Barcelos)
1575312300,Dec 02 2019 - 6:45pm,complete,7274,Sporting Braga,Rio Ave FC,Nuno Miguel Serrano Almeida,12,1.60,1.40,2.00,1.82,2,0,2,1,1,0,"41,80","",7,3,2,0,2,0,0,2,1,1,15,9,5,2,10,7,19,12,57,43,2.15,0.92,1.68,0.86,2.80,40,80,50,50,10,10,70,50,90,9.20,5.00,1.53,4.25,5.75,1.20,1.65,2.65,4.75,1.74,2.00,Estádio Municipal de Braga (Braga)
1575319500,Dec 02 2019 - 8:45pm,complete,26215,Porto,Paços de Ferreira,Tiago Bruno Lopes Martins,12,3.00,0.20,2.71,1.12,2,0,2,1,1,0,"18,76","",8,1,2,0,3,0,0,2,1,2,11,5,7,4,4,1,19,13,56,44,2.14,1.14,1.56,0.78,2.80,20,70,50,30,20,40,80,50,70,13.40,5.20,1.20,6.30,14.25,1.19,1.62,2.60,4.60,2.30,1.57,Estádio Do Dragão (Porto)
1575664200,Dec 06 2019 - 8:30pm,complete,18044,Boavista FC,Benfica,Manuel Jorge Neves Moreira de Sousa,13,1.50,3.00,1.12,2.29,1,4,5,2,1,1,"44","34,52,62,90'2",3,5,4,0,4,0,2,2,1,3,10,12,6,7,4,5,17,12,37,63,1.28,1.72,1.28,1.56,2.14,45,74,39,10,0,17,72,40,65,8.93,5.47,6.30,3.80,1.56,1.33,2.05,3.65,7.00,2.05,1.69,Estádio do Bessa Século XXI (Porto)
1575730800,Dec 07 2019 - 3:00pm,complete,3757,CS Marítimo,Santa Clara,André Filipe Domingues Narciso,13,1.00,1.00,1.35,1.24,2,2,4,2,1,1,"5,90'7","41,61",11,4,3,0,4,0,1,2,1,3,14,7,8,3,6,4,12,19,58,42,1.39,1.13,1.69,0.87,2.20,60,80,25,17,9,27,82,25,62,10.43,5.33,2.60,2.95,2.90,1.47,2.40,4.70,9.50,2.00,1.71,Estádio dos Barreiros (Funchal (Ilha da Madeira))
1575741600,Dec 07 2019 - 6:00pm,complete,4021,Famalicão,CD Tondela,João Bento,13,2.60,1.83,1.59,1.29,2,3,5,3,1,2,"39,54","6,19,90'7",9,3,2,0,7,0,1,1,1,6,25,8,10,6,15,2,16,18,71,29,1.68,1.14,2.72,1.09,3.09,57,57,57,47,37,19,65,57,75,8.93,6.23,1.91,3.60,3.80,1.27,1.87,3.20,6.00,1.74,2.00,Estádio Municipal 22 de Junho (Vila Nova de Famalicão)
1575750600,Dec 07 2019 - 8:30pm,complete,1632,CD Aves,Sporting Braga,Rui Manuel Gomes Costa,13,0.60,1.17,0.76,1.53,1,0,1,1,1,0,"8","",3,13,5,0,5,0,1,4,2,3,7,13,2,3,5,10,23,16,28,72,1.37,1.57,0.77,1.50,2.32,47,64,39,20,10,39,72,10,82,9.97,6.50,7.50,5.15,1.36,1.20,1.67,2.65,4.85,1.95,1.77,Estádio Clube Desportivo das Aves (Vila das Aves)
1575817200,Dec 08 2019 - 3:00pm,complete,1757,Paços de Ferreira,Vitória Setúbal,António Emanuel Carvalho Nobre,13,1.17,0.40,1.18,0.88,2,3,5,1,0,1,"51,56","45'2,68,78",8,5,4,0,5,0,1,3,1,4,21,10,5,5,16,5,24,17,58,42,1.61,1.21,2.06,1.12,1.55,27,37,27,10,0,20,64,27,45,10.50,6.77,2.00,3.10,4.05,1.53,2.65,5.25,10.75,2.25,1.59,Estádio da Capital do Móvel (Paços de Ferreira)
1575817200,Dec 08 2019 - 3:00pm,complete,14913,Vitória Guimarães,Portimonense,Nuno Miguel Serrano Almeida,13,1.83,1.00,1.65,0.65,2,0,2,1,1,0,"2,61","",8,3,1,0,1,0,0,1,0,1,11,14,6,2,5,12,15,9,41,59,1.86,1.15,1.44,1.35,2.50,50,75,33,25,17,33,75,34,75,10.84,5.17,1.45,4.50,6.30,1.21,1.69,2.75,5.00,1.83,1.91,Estádio Dom Afonso Henriques (Guimarães)
1575826200,Dec 08 2019 - 5:30pm,complete,26093,Sporting CP,Moreirense FC,Artur Manuel Ribeiro Soares Dias,13,1.80,0.50,2.18,1.12,1,0,1,0,0,0,"70","",8,2,3,0,3,1,2,1,1,3,32,10,9,3,23,7,16,11,63,37,1.64,1.23,3.18,1.07,3.12,74,92,65,37,19,39,74,65,92,6.93,5.43,1.32,5.05,9.25,1.20,1.65,2.60,4.70,1.95,1.77,Estádio José Alvalade (Lisboa)
1575835200,Dec 08 2019 - 8:00pm,complete,5153,Belenenses,Porto,João Pedro Silva Pinheiro,13,1.20,2.17,1.12,2.12,1,1,2,2,1,1,"14","32",2,4,7,0,2,0,0,7,0,2,6,17,4,6,2,11,21,17,37,63,1.23,1.65,0.87,1.83,2.27,35,64,27,19,19,19,62,27,84,11.40,6.73,10.25,5.50,1.27,1.20,1.65,2.65,4.75,2.20,1.62,Estádio Nacional (Jamor- Oeiras)
1575922500,Dec 09 2019 - 8:15pm,complete,2350,Rio Ave FC,Gil Vicente,Manuel Antonio Rodrigues Oliveira,13,1.33,0.60,1.41,0.88,1,0,1,0,0,0,"62","",7,1,3,1,2,0,1,3,1,1,11,11,3,5,8,6,18,19,58,42,1.75,1.09,1.29,1.32,2.70,54,74,47,17,17,45,90,27,65,11.30,4.47,1.91,3.35,4.25,1.33,2.00,3.60,7.00,1.83,1.87,Estádio do Rio Ave Futebol Clube (Vila do Conde)
1576269000,Dec 13 2019 - 8:30pm,complete,1973,Portimonense,Rio Ave FC,Artur Manuel Ribeiro Soares Dias,14,0.83,1.17,1.29,1.82,1,1,2,1,0,1,"79","21",5,1,3,1,3,0,2,2,2,1,18,10,8,2,10,8,18,14,51,49,1.47,0.91,2.21,1.04,2.25,42,67,34,25,17,25,75,25,75,5.83,4.33,2.90,3.25,2.45,1.29,1.95,3.35,6.45,1.71,2.00,Estádio Municipal de Portimão (Portimão)
1576337400,Dec 14 2019 - 3:30pm,complete,4670,CS Marítimo,Boavista FC,João Pedro Silva Pinheiro,14,1.00,1.50,1.35,1.18,1,0,1,1,1,0,"1","",4,6,2,0,1,1,0,2,0,2,12,11,5,2,7,9,19,26,60,40,1.43,1.65,1.42,1.12,2.32,75,75,37,22,7,30,68,29,85,10.88,6.96,2.85,2.75,2.90,1.51,2.60,5.15,10.50,2.10,1.69,Estádio dos Barreiros (Funchal (Ilha da Madeira))
1576346400,Dec 14 2019 - 6:00pm,complete,51721,Benfica,Famalicão,Rui Manuel Gomes Costa,14,2.57,1.57,2.24,1.59,4,0,4,1,1,0,"39,48,63,89","",8,3,0,0,2,0,0,0,2,0,18,9,7,5,11,4,8,8,53,47,1.59,1.39,2.06,1.19,3.00,36,93,57,36,14,22,79,58,100,12.85,5.00,1.17,7.50,13.00,1.09,1.33,1.83,2.90,1.87,1.87,Estádio do Sport Lisboa e Benfica (da Luz) (Lisboa)
1576355400,Dec 14 2019 - 8:30pm,complete,3535,Vitória Setúbal,CD Aves,Vitor Jorge Fernandes Ferreira,14,1.57,0.00,1.12,0.24,1,0,1,0,0,0,"59","",7,6,4,0,3,0,0,4,1,2,15,11,3,6,12,5,19,17,63,37,1.15,1.16,1.45,1.37,2.36,50,50,43,29,29,36,50,36,65,10.00,5.28,2.05,3.10,3.90,1.48,2.45,4.80,9.75,2.10,1.67,Estádio do Bonfim (Setúbal)
1576422000,Dec 15 2019 - 3:00pm,complete,943,Moreirense FC,Belenenses,Gustavo Fernandes Correia,14,1.83,1.14,1.41,0.94,2,1,3,1,0,1,"61,89","18",8,3,1,0,5,1,0,1,1,5,16,8,7,2,9,6,18,15,51,49,1.28,1.15,1.86,1.05,2.48,48,70,47,30,16,31,55,54,77,9.04,5.10,2.10,3.25,3.55,1.35,2.10,3.80,7.25,1.83,1.91,Parque Desportivo Comendador Joaquim de Almeida Freitas (Moreira de Cónegos)
1576431000,Dec 15 2019 - 5:30pm,complete,4154,Gil Vicente,Vitória Guimarães,Carlos Miguel Taborda Xistra,14,1.86,1.00,1.65,1.29,2,2,4,2,2,0,"28,32","68,86",3,7,4,0,1,0,0,4,1,0,8,16,6,8,2,8,15,17,45,55,1.50,1.74,1.22,2.08,2.35,70,86,40,24,0,40,55,55,62,11.04,6.03,3.65,3.25,2.05,1.36,2.10,3.85,7.50,1.87,1.83,Estádio Cidade de Barcelos (Barcelos)
1576440000,Dec 15 2019 - 8:00pm,complete,5909,Sporting Braga,Paços de Ferreira,Fábio José Costa Veríssimo,14,1.83,0.17,2.00,1.12,0,1,1,1,0,1,"","38",10,3,1,0,5,0,1,0,2,3,22,4,8,2,14,2,14,22,72,28,2.07,1.08,2.64,0.58,3.08,42,84,50,50,17,17,75,50,92,12.50,5.83,1.40,4.45,7.50,1.27,1.87,3.20,6.00,2.10,1.67,Estádio Municipal de Braga (Braga)
1576522800,Dec 16 2019 - 7:00pm,complete,5282,Santa Clara,Sporting CP,Manuel Mota,14,1.14,1.57,1.29,1.35,0,4,4,1,0,1,"","40,47,54,60",2,8,1,0,1,0,1,0,0,1,17,21,4,8,13,13,12,6,35,65,1.71,1.48,1.53,2.28,2.15,57,71,36,15,0,36,71,22,79,13.85,5.86,4.30,3.50,1.83,1.33,2.05,3.70,7.00,1.87,1.83,Estádio de São Miguel (Ponta Delgada- Ilha de São Miguel- Açores)
1576527300,Dec 16 2019 - 8:15pm,complete,19829,Porto,CD Tondela,Manuel Antonio Rodrigues Oliveira,14,3.00,2.00,2.71,1.29,3,0,3,2,2,0,"10,32,51","",8,0,0,0,0,0,0,0,0,0,14,3,6,0,8,3,17,8,64,36,2.05,1.13,1.81,0.36,2.54,22,63,47,30,22,31,79,47,62,11.31,5.10,1.16,7.00,15.50,1.17,1.57,2.45,4.30,2.35,1.54,Estádio Do Dragão (Porto)
1578151800,Jan 04 2020 - 3:30pm,complete,1257,CD Aves,Santa Clara,Iancu Ioan Vasilica,15,1.00,1.00,0.76,1.24,0,1,1,0,0,0,"","64",7,9,4,0,2,0,1,3,0,2,14,8,5,4,9,4,16,10,53,47,1.27,1.09,1.60,1.09,2.17,42,59,34,25,9,42,75,17,59,9.83,5.66,2.70,3.20,2.60,1.38,2.20,4.10,8.00,1.91,1.83,Estádio Clube Desportivo das Aves (Vila das Aves)
1578151800,Jan 04 2020 - 3:30pm,complete,9366,Boavista FC,Portimonense,Manuel Mota,15,1.29,0.86,1.12,0.65,1,1,2,0,0,0,"67","90'4",4,5,1,0,2,0,0,1,1,1,12,13,3,6,9,7,16,15,48,52,1.28,1.18,1.23,1.60,2.07,50,71,29,14,7,36,86,14,57,6.43,6.00,2.15,3.15,3.50,1.44,2.35,4.55,9.00,2.05,1.71,Estádio do Bessa Século XXI (Porto)
1578160800,Jan 04 2020 - 6:00pm,complete,3190,Belenenses,Sporting Braga,Tiago Bruno Lopes Martins,15,1.17,1.00,1.12,1.53,1,7,8,5,1,4,"32","8,19,22,45,48,84,90'1",2,4,3,1,1,0,2,2,1,0,10,22,3,16,7,6,10,14,37,63,1.17,1.56,1.07,2.72,1.94,31,62,16,9,9,24,68,9,77,10.29,7.71,7.25,4.20,1.43,1.28,1.91,3.25,6.25,2.00,1.71,Estádio Nacional (Jamor- Oeiras)
1578169800,Jan 04 2020 - 8:30pm,complete,27291,Vitória Guimarães,Benfica,Nuno Miguel Serrano Almeida,15,2.00,3.00,1.65,2.29,0,1,1,1,0,1,"","23",6,7,3,1,3,0,1,3,1,2,16,6,6,4,10,2,12,15,48,52,1.80,1.70,1.88,0.85,2.93,47,85,48,31,23,23,69,63,92,13.24,4.60,4.10,4.25,1.71,1.25,1.80,3.05,5.70,1.80,1.91,Estádio Dom Afonso Henriques (Guimarães)
1578236400,Jan 05 2020 - 3:00pm,complete,2612,Paços de Ferreira,Moreirense FC,Hélder Miguel Azevedo Malheiro,15,1.00,0.43,1.18,1.12,1,0,1,1,1,0,"15","",2,5,4,0,4,0,1,3,1,3,8,14,4,2,4,12,19,17,45,55,1.67,1.21,1.03,1.44,2.29,50,57,43,22,14,7,64,43,72,9.85,6.29,2.15,3.10,3.60,1.43,2.30,4.35,8.75,2.00,1.74,Estádio da Capital do Móvel (Paços de Ferreira)
1578236400,Jan 05 2020 - 3:00pm,complete,1802,CD Tondela,Gil Vicente,António Emanuel Carvalho Nobre,15,0.67,0.50,0.82,0.88,1,1,2,2,1,1,"5","15",3,5,2,0,2,0,0,2,0,2,11,18,2,10,9,8,19,21,54,46,1.20,1.13,1.26,2.10,1.92,33,50,42,9,0,33,59,9,67,9.67,5.00,2.45,3.05,3.05,1.48,2.45,4.80,9.75,2.05,1.69,Estádio João Cardoso (Tondela)
1578236400,Jan 05 2020 - 3:00pm,complete,2168,Rio Ave FC,CS Marítimo,Manuel Antonio Rodrigues Oliveira,15,1.57,0.83,1.41,0.94,0,1,1,0,0,0,"","82",3,2,1,0,5,0,0,1,3,2,11,8,4,4,7,4,12,24,59,41,1.68,0.97,1.42,0.96,2.61,45,62,40,40,15,38,68,31,70,10.07,5.14,1.59,3.75,5.95,1.31,1.95,3.45,6.70,2.00,1.77,Estádio do Rio Ave Futebol Clube (Vila do Conde)
1578245400,Jan 05 2020 - 5:30pm,complete,41247,Sporting CP,Porto,Manuel Jorge Neves Moreira de Sousa,15,2.00,2.00,2.18,2.12,1,2,3,2,1,1,"44","6,73",4,3,5,0,5,0,2,3,2,3,17,11,3,8,14,3,21,16,48,52,1.94,1.67,1.61,1.58,2.65,62,77,48,24,16,40,77,48,79,10.90,5.81,3.05,3.30,2.30,1.29,1.91,3.30,6.35,1.71,2.00,Estádio José Alvalade (Lisboa)
1578254400,Jan 05 2020 - 8:00pm,complete,3845,Famalicão,Vitória Setúbal,Artur Manuel Ribeiro Soares Dias,15,2.17,0.83,1.59,0.88,3,0,3,1,1,0,"24,63,84","",3,2,2,0,1,0,1,1,1,0,19,5,8,3,11,2,24,13,54,46,1.85,1.19,2.05,0.78,3.17,58,67,58,50,34,33,75,58,75,9.50,7.00,1.91,3.45,4.05,1.31,1.95,3.45,6.70,1.87,1.87,Estádio Municipal 22 de Junho (Vila Nova de Famalicão)
1578682800,Jan 10 2020 - 7:00pm,complete,1663,Santa Clara,Rio Ave FC,João Pedro Silva Pinheiro,16,1.00,1.14,1.29,1.82,0,1,1,0,0,0,"","51",3,4,1,0,3,0,0,1,0,3,13,10,5,4,8,6,12,22,36,64,1.69,0.93,1.39,1.30,2.07,34,73,26,14,7,20,73,20,81,9.14,4.82,2.75,3.20,2.55,1.36,2.10,3.90,7.50,1.87,1.87,Estádio de São Miguel (Ponta Delgada- Ilha de São Miguel- Açores)
1578682800,Jan 10 2020 - 7:00pm,complete,50760,Benfica,CD Aves,Carlos Miguel Taborda Xistra,16,2.63,0.00,2.24,0.24,2,1,3,1,0,1,"76,89","20",18,2,4,0,2,0,1,3,2,0,37,10,12,4,25,6,12,11,70,30,1.65,1.19,3.82,1.02,3.38,38,82,63,50,32,44,88,44,94,13.26,4.38,1.06,12.50,25.50,1.10,1.37,1.95,3.15,2.65,1.43,Estádio do Sport Lisboa e Benfica (da Luz) (Lisboa)
1578690900,Jan 10 2020 - 9:15pm,complete,3525,Moreirense FC,Porto,Artur Manuel Ribeiro Soares Dias,16,2.00,2.13,1.41,2.12,2,4,6,4,2,2,"3,44","32,39,72,85",4,7,2,0,3,1,2,0,1,3,9,21,6,7,3,14,11,11,33,67,1.36,1.66,1.19,2.28,2.55,67,81,48,14,14,34,80,41,75,10.99,5.81,7.25,4.25,1.43,1.26,1.83,3.10,5.80,2.00,1.71,Parque Desportivo Comendador Joaquim de Almeida Freitas (Moreira de Cónegos)
1578756600,Jan 11 2020 - 3:30pm,complete,2452,Portimonense,Paços de Ferreira,Hugo Filipe Ferreira de Campos Moreira Miguel,16,0.86,0.57,1.29,1.12,0,0,0,0,0,0,"","",3,4,2,0,3,0,0,2,0,3,11,7,5,0,6,7,18,23,53,47,1.57,1.01,1.24,0.64,2.50,50,64,36,29,22,29,79,29,71,8.85,5.85,2.20,3.25,3.30,1.43,2.30,4.35,8.75,2.00,1.74,Estádio Municipal de Portimão (Portimão)
1578765600,Jan 11 2020 - 6:00pm,complete,13186,Boavista FC,Famalicão,Rui Manuel Gomes Costa,16,1.25,1.38,1.12,1.59,0,1,1,0,0,0,"","81",8,5,5,1,4,1,1,5,3,2,16,15,4,6,12,9,17,25,64,36,1.27,1.37,1.72,1.56,2.69,63,88,50,26,13,26,75,57,82,8.63,6.26,2.20,3.40,3.20,1.33,2.00,3.60,7.00,1.80,1.91,Estádio do Bessa Século XXI (Porto)
1578774600,Jan 11 2020 - 8:30pm,complete,5761,Vitória Setúbal,Sporting CP,Tiago Bruno Lopes Martins,16,1.75,1.75,1.12,1.35,1,3,4,2,0,2,"63","27,34,90'4",3,5,3,0,3,0,2,1,1,2,14,13,3,6,11,7,7,13,42,58,1.19,1.58,1.24,1.64,1.63,38,44,25,19,0,19,38,26,69,11.63,6.01,8.50,5.45,1.31,1.22,1.71,2.80,5.10,2.25,1.59,Estádio do Bonfim (Setúbal)
1578841200,Jan 12 2020 - 3:00pm,complete,3770,Gil Vicente,Belenenses,Rui Filipe Cunha Folha Oliveira,16,1.75,1.00,1.65,0.94,2,0,2,0,0,0,"53,75","",5,5,0,0,0,0,0,0,0,0,16,8,8,3,8,5,17,21,44,56,1.47,1.14,1.91,0.98,2.26,51,69,44,32,7,32,50,57,69,9.00,6.00,1.77,3.55,4.60,1.38,2.20,4.10,8.00,2.05,1.71,Estádio Cidade de Barcelos (Barcelos)
1578850200,Jan 12 2020 - 5:30pm,complete,6320,CS Marítimo,Vitória Guimarães,Luis Miguel Branco Godinho,16,1.25,1.00,1.35,1.29,0,0,0,0,0,0,"","",3,16,1,0,2,0,0,1,0,2,7,25,2,10,5,15,19,16,49,51,1.43,1.79,0.73,3.00,2.94,87,94,54,41,7,48,80,61,73,11.93,5.99,4.25,3.85,1.77,1.30,1.95,3.40,6.55,1.91,1.83,Estádio dos Barreiros (Funchal (Ilha da Madeira))
1578859200,Jan 12 2020 - 8:00pm,complete,9002,Sporting Braga,CD Tondela,Manuel Jorge Neves Moreira de Sousa,16,1.57,1.75,2.00,1.29,2,1,3,1,0,1,"79,90'1","37",9,1,4,0,3,0,2,2,2,1,22,8,7,3,15,5,10,10,72,28,2.15,1.04,2.40,0.89,2.82,41,68,54,48,19,19,75,48,75,11.06,5.14,1.24,5.90,11.75,1.22,1.71,2.80,5.10,2.30,1.56,Estádio Municipal de Braga (Braga)
1579287600,Jan 17 2020 - 7:00pm,complete,35611,Porto,Sporting Braga,Carlos Miguel Taborda Xistra,17,3.00,1.25,2.71,1.53,1,2,3,1,0,1,"58","5,75",10,5,5,0,6,0,1,4,2,4,17,7,6,4,11,3,17,8,53,47,2.01,1.72,1.90,1.01,2.54,19,75,41,14,7,34,94,28,73,13.29,4.81,1.66,3.87,5.05,1.22,1.71,2.90,5.40,1.71,2.00,Estádio Do Dragão (Porto)
1579295700,Jan 17 2020 - 9:15pm,complete,41017,Sporting CP,Benfica,Hugo Filipe Ferreira de Campos Moreira Miguel,17,1.71,3.00,2.18,2.29,0,2,2,0,0,0,"","80,90'9",6,3,4,0,4,0,1,3,1,3,13,14,7,5,6,9,18,12,52,48,1.89,1.58,1.59,1.67,2.86,57,79,64,29,14,36,71,64,86,9.29,5.29,3.77,3.73,1.90,1.19,1.65,2.70,4.85,1.60,2.30,Estádio José Alvalade (Lisboa)
1579361400,Jan 18 2020 - 3:30pm,complete,1778,CD Aves,Portimonense,Manuel Jorge Neves Moreira de Sousa,17,0.86,0.88,0.76,0.65,3,0,3,0,0,0,"54,74,79","",5,7,3,0,3,0,1,2,0,3,14,16,8,2,6,14,13,11,39,61,1.31,1.23,1.61,1.54,2.15,47,59,34,21,7,34,66,20,67,7.49,5.68,2.75,3.00,2.63,1.41,2.34,4.10,7.90,1.90,1.87,Estádio Clube Desportivo das Aves (Vila das Aves)
1579361400,Jan 18 2020 - 3:30pm,complete,12813,Vitória Guimarães,Santa Clara,Manuel Antonio Rodrigues Oliveira,17,1.75,1.29,1.65,1.24,1,0,1,0,0,0,"90'1","",5,4,3,0,5,0,1,2,1,4,24,4,6,2,18,2,14,22,58,42,1.81,1.09,2.46,0.63,2.17,34,66,20,20,13,27,73,26,73,14.11,4.92,1.34,4.92,8.90,1.24,1.82,2.90,5.15,2.15,1.67,Estádio Dom Afonso Henriques (Guimarães)
1579370400,Jan 18 2020 - 6:00pm,complete,1681,CD Tondela,Moreirense FC,Vitor Jorge Fernandes Ferreira,17,0.71,0.38,0.82,1.12,1,1,2,0,0,0,"55","79",2,2,1,0,3,0,1,0,0,3,21,7,5,2,16,5,11,20,53,47,1.21,1.24,2.01,0.73,2.05,47,53,34,20,7,28,60,19,59,8.52,5.42,2.10,3.12,3.80,1.43,2.38,4.32,8.30,1.90,1.87,Estádio João Cardoso (Tondela)
1579379400,Jan 18 2020 - 8:30pm,complete,2012,Belenenses,Vitória Setúbal,Cláudio Filipe Ruivo Pereira,17,1.00,0.71,1.12,0.88,0,1,1,1,0,1,"","39",9,3,2,0,5,0,0,2,2,3,18,11,2,5,16,6,15,20,63,37,1.16,1.13,1.76,1.26,2.65,36,64,36,29,22,36,64,36,72,7.57,7.43,2.19,3.05,3.63,1.46,2.48,4.54,8.90,2.10,1.73,Estádio Nacional (Jamor- Oeiras)
1579446000,Jan 19 2020 - 3:00pm,complete,2711,Paços de Ferreira,Gil Vicente,Manuel Mota,17,1.25,0.57,1.18,0.88,0,0,0,0,0,0,"","",7,4,1,0,1,0,1,0,0,1,13,10,6,4,7,6,16,13,53,47,1.59,1.27,1.67,1.21,2.01,41,55,41,7,7,22,73,26,61,10.42,5.95,2.65,2.95,2.85,1.53,2.65,5.25,10.75,2.15,1.65,Estádio da Capital do Móvel (Paços de Ferreira)
1579455000,Jan 19 2020 - 5:30pm,complete,4687,Famalicão,CS Marítimo,Rui Filipe Cunha Folha Oliveira,17,2.29,1.14,1.59,0.94,1,1,2,1,0,1,"90'6","22",6,2,3,0,5,0,1,2,2,3,26,5,7,3,19,2,20,14,57,43,1.88,0.97,2.56,0.72,3.15,50,72,65,50,22,29,65,58,93,8.29,6.29,1.67,3.95,4.75,1.26,1.83,3.15,5.90,1.83,1.87,Estádio Municipal 22 de Junho (Vila Nova de Famalicão)
1579464000,Jan 19 2020 - 8:00pm,complete,2830,Rio Ave FC,Boavista FC,Luis Miguel Branco Godinho,17,1.38,1.29,1.41,1.18,2,0,2,2,2,0,"40,45'4","",4,5,1,0,4,0,0,1,3,1,7,7,3,3,4,4,14,19,54,46,1.65,1.58,0.94,0.86,1.97,47,47,20,13,13,26,66,13,67,11.42,5.57,1.80,3.50,4.55,1.39,2.20,4.15,8.25,2.05,1.71,Estádio do Rio Ave Futebol Clube (Vila do Conde)
1580050800,Jan 26 2020 - 3:00pm,complete,1744,CD Tondela,Vitória Setúbal,Iancu Ioan Vasilica,18,0.75,1.00,0.82,0.88,0,3,3,2,0,2,"","14,31,49",11,2,1,0,2,0,0,1,1,1,18,7,6,5,12,2,17,16,58,42,1.31,1.15,1.98,0.95,1.94,38,50,32,19,7,32,63,26,50,8.50,5.76,2.05,3.10,3.95,1.44,2.35,4.50,9.00,2.00,1.71,Estádio João Cardoso (Tondela)
1580050800,Jan 26 2020 - 3:00pm,complete,4213,Famalicão,Santa Clara,Nuno Miguel Serrano Almeida,18,2.13,1.13,1.59,1.24,0,1,1,1,0,1,"","35",12,7,2,0,4,0,1,1,0,4,13,7,2,3,11,4,14,15,64,36,1.97,1.03,1.40,0.88,2.69,50,69,44,32,19,25,76,44,82,10.76,5.63,1.59,4.05,5.35,1.26,1.83,3.10,5.80,1.83,1.87,Estádio Municipal 22 de Junho (Vila Nova de Famalicão)
1580050800,Jan 26 2020 - 3:00pm,complete,3280,Belenenses,Portimonense,Carlos Miguel Taborda Xistra,18,0.88,0.78,1.12,0.65,2,1,3,1,1,0,"42,50","84",2,6,1,0,2,0,0,1,0,2,13,20,5,7,8,13,13,13,46,54,1.23,1.27,1.44,2.15,2.43,41,71,29,18,13,30,65,29,71,7.49,6.08,2.50,3.10,2.90,1.36,2.10,3.85,7.50,1.83,1.91,Estádio Nacional (Jamor- Oeiras)
1580059800,Jan 26 2020 - 5:30pm,complete,9146,Paços de Ferreira,Benfica,Manuel Antonio Rodrigues Oliveira,18,1.22,3.00,1.18,2.29,0,2,2,1,0,1,"","39,47",6,7,3,0,2,0,2,1,1,1,10,19,3,7,7,12,17,16,48,52,1.60,1.59,1.30,2.04,2.15,36,54,42,18,12,7,65,54,60,10.97,5.61,8.50,4.70,1.36,1.23,1.74,2.85,5.25,2.00,1.74,Estádio da Capital do Móvel (Paços de Ferreira)
1580068800,Jan 26 2020 - 8:00pm,complete,1526,CD Aves,Boavista FC,Hugo Filipe Ferreira de Campos Moreira Miguel,18,1.13,1.13,0.76,1.18,0,1,1,1,0,1,"","12",4,4,4,0,5,0,1,3,2,3,6,10,3,4,3,6,15,25,57,43,1.35,1.49,0.91,1.15,1.94,38,50,32,13,7,32,57,13,69,10.13,7.01,2.45,2.85,3.25,1.50,2.50,4.95,10.00,2.05,1.71,Estádio Clube Desportivo das Aves (Vila das Aves)
1580150700,Jan 27 2020 - 6:45pm,complete,9845,Vitória Guimarães,Rio Ave FC,Hélder Miguel Azevedo Malheiro,18,1.89,1.38,1.65,1.82,1,2,3,2,0,2,"75","38,40",14,1,0,0,4,0,0,0,0,4,21,7,8,4,13,3,13,17,58,42,1.88,0.98,2.50,0.85,2.16,29,65,18,18,18,18,65,23,89,10.27,5.30,1.61,3.80,5.60,1.33,2.00,3.60,7.00,2.00,1.74,Estádio Dom Afonso Henriques (Guimarães)
1580158800,Jan 27 2020 - 9:00pm,complete,12798,Sporting CP,CS Marítimo,Rui Manuel Gomes Costa,18,1.50,1.13,2.18,0.94,1,0,1,0,0,0,"76","",12,3,2,0,3,0,1,1,0,3,20,6,6,3,14,3,13,14,53,47,1.85,0.94,2.12,0.73,2.57,51,76,51,32,7,38,57,44,94,7.63,6.63,1.31,5.10,9.50,1.21,1.69,2.75,5.00,2.00,1.71,Estádio José Alvalade (Lisboa)
1580242500,Jan 28 2020 - 8:15pm,complete,18605,Porto,Gil Vicente,Rui Filipe Cunha Folha Oliveira,18,2.63,0.63,2.71,0.88,2,1,3,2,1,1,"45'2,57","45",5,2,2,0,2,1,1,1,2,1,11,7,3,3,8,4,25,21,67,33,2.00,1.26,1.29,0.81,2.26,26,76,51,7,0,38,82,32,69,11.88,4.26,1.24,5.75,12.00,1.21,1.69,2.75,5.00,2.15,1.62,Estádio Do Dragão (Porto)
1580328900,Jan 29 2020 - 8:15pm,complete,1711,Moreirense FC,Sporting Braga,Manuel Mota,18,1.75,1.44,1.41,1.53,1,2,3,2,0,2,"71","8,10",2,6,3,0,3,1,1,2,0,4,12,19,5,7,7,12,14,16,45,55,1.34,1.63,1.35,2.00,2.85,60,78,48,18,18,30,82,43,83,10.64,6.05,6.25,4.55,1.47,1.22,1.71,2.80,5.15,1.87,1.87,Parque Desportivo Comendador Joaquim de Almeida Freitas (Moreira de Cónegos)
1580497200,Jan 31 2020 - 7:00pm,complete,45134,Benfica,Belenenses,Nuno Miguel Serrano Almeida,19,2.67,0.89,2.24,0.94,3,2,5,2,2,0,"31,38,78","70,87",10,9,2,0,4,0,1,1,2,2,12,16,7,7,5,9,7,12,55,45,1.89,1.12,1.61,1.91,2.67,22,78,50,39,11,22,67,56,89,13.78,4.67,1.08,10.25,27.00,1.08,1.31,1.80,2.80,2.25,1.59,Estádio do Sport Lisboa e Benfica (da Luz) (Lisboa)
1580505300,Jan 31 2020 - 9:15pm,complete,2337,Rio Ave FC,Famalicão,Artur Manuel Ribeiro Soares Dias,19,1.56,1.56,1.41,1.59,2,2,4,2,0,2,"63,73","10,37",4,6,4,0,3,0,2,2,1,2,8,18,4,8,4,10,12,21,57,43,1.57,1.39,1.05,2.02,2.72,50,73,45,28,17,28,73,50,78,10.45,5.11,1.95,3.50,3.75,1.28,1.91,3.25,6.25,1.77,2.00,Estádio do Rio Ave Futebol Clube (Vila do Conde)
1580571000,Feb 01 2020 - 3:30pm,complete,2241,Portimonense,CD Tondela,João Pedro Silva Pinheiro,19,0.88,1.56,1.29,1.29,0,1,1,1,0,1,"","11",4,2,3,0,3,0,1,2,2,1,13,11,5,3,8,8,18,15,68,32,1.53,1.02,1.63,1.09,2.40,54,60,47,29,23,29,71,35,65,6.96,5.13,2.00,3.15,4.10,1.36,2.10,3.85,7.50,1.87,1.83,Estádio Municipal de Portimão (Portimão)
1580580000,Feb 01 2020 - 6:00pm,complete,7390,Vitória Setúbal,Porto,Manuel Mota,19,1.56,2.22,1.12,2.12,0,4,4,2,0,2,"","39,44,48,90'1",3,5,1,0,2,0,1,0,0,2,11,20,4,7,7,13,13,11,48,52,1.20,1.73,1.17,2.12,1.89,45,50,28,17,11,28,50,28,62,11.22,6.33,8.25,4.15,1.42,1.32,2.00,3.50,6.80,2.20,1.61,Estádio do Bonfim (Setúbal)
1580655600,Feb 02 2020 - 3:00pm,complete,5775,CS Marítimo,CD Aves,Vitor Jorge Fernandes Ferreira,19,1.22,0.00,1.35,0.24,1,2,3,2,1,1,"37","18,62",8,2,2,0,3,0,0,2,1,2,11,8,4,3,7,5,18,13,67,33,1.35,1.17,1.44,0.94,3.12,78,78,61,39,28,45,84,50,78,10.00,5.45,2.00,3.15,4.15,1.47,2.40,4.70,9.50,2.10,1.67,Estádio dos Barreiros (Funchal (Ilha da Madeira))
1580655600,Feb 02 2020 - 3:00pm,complete,4880,Gil Vicente,Moreirense FC,Tiago Bruno Lopes Martins,19,1.89,0.44,1.65,1.12,1,5,6,2,0,2,"80","5,21,52,68,77",10,1,1,0,2,0,1,0,1,1,10,12,6,7,4,5,8,17,66,34,1.52,1.18,1.64,1.45,2.22,56,73,33,22,6,22,50,50,73,7.78,5.78,1.87,3.40,4.30,1.43,2.35,4.45,8.75,2.05,1.69,Estádio Cidade de Barcelos (Barcelos)
1580664600,Feb 02 2020 - 5:30pm,complete,1001,Santa Clara,Paços de Ferreira,João Bento,19,0.89,0.63,1.29,1.12,2,1,3,0,0,0,"47,80","90'1",3,2,2,0,4,0,1,1,2,2,17,9,8,4,9,5,0,1,48,52,1.66,0.96,1.99,1.19,2.13,29,59,29,18,13,24,65,24,71,11.56,5.74,2.30,3.05,3.30,1.50,2.50,4.95,10.00,2.10,1.67,Estádio de São Miguel (Ponta Delgada- Ilha de São Miguel- Açores)
1580664600,Feb 02 2020 - 5:30pm,complete,18379,Sporting Braga,Sporting CP,Manuel Jorge Neves Moreira de Sousa,19,1.75,1.89,2.00,1.35,1,0,1,0,0,0,"76","",5,9,3,0,7,0,1,2,5,2,14,20,9,10,5,10,15,14,52,48,2.19,1.59,1.87,2.26,2.89,59,83,60,47,0,22,83,54,89,13.85,5.49,1.83,3.60,4.15,1.25,1.80,3.05,5.70,1.71,2.00,Estádio Municipal de Braga (Braga)
1580673600,Feb 02 2020 - 8:00pm,complete,14090,Boavista FC,Vitória Guimarães,Carlos Miguel Taborda Xistra,19,1.11,1.00,1.12,1.29,2,0,2,1,1,0,"23,55","",1,11,5,0,2,0,3,2,1,1,10,15,6,6,4,9,18,16,31,69,1.32,1.94,1.22,1.96,2.32,66,78,36,25,6,42,65,43,65,12.19,6.53,4.25,3.40,1.87,1.45,2.40,4.60,9.25,2.15,1.62,Estádio do Bessa Século XXI (Porto)
1581107400,Feb 07 2020 - 8:30pm,complete,3105,Paços de Ferreira,Boavista FC,Luis Miguel Branco Godinho,20,1.10,1.33,1.18,1.18,0,1,1,1,0,1,"","35",13,2,2,0,4,0,2,0,1,3,21,9,6,4,15,5,16,20,70,30,1.57,1.45,2.44,1.02,1.57,32,42,21,5,5,11,69,15,53,11.31,6.88,2.60,2.75,3.15,1.65,3.00,6.30,13.00,2.35,1.53,Estádio da Capital do Móvel (Paços de Ferreira)
1581175800,Feb 08 2020 - 3:30pm,complete,4296,Famalicão,Vitória Guimarães,Fábio José Costa Veríssimo,20,1.89,0.89,1.59,1.29,0,7,7,2,0,2,"","5,14,49,52,54,67,79",1,6,2,1,3,0,2,1,2,1,7,22,4,11,3,11,11,15,48,52,1.90,1.94,0.94,2.59,3.00,67,84,56,39,17,33,78,62,78,13.89,5.56,3.90,3.65,1.87,1.24,1.77,2.95,5.55,1.69,2.05,Estádio Municipal 22 de Junho (Vila Nova de Famalicão)
1581175800,Feb 08 2020 - 3:30pm,complete,2308,Belenenses,Santa Clara,Hélder Miguel Azevedo Malheiro,20,1.11,1.33,1.12,1.24,0,2,2,2,0,2,"","44,45'3",8,8,0,0,2,0,0,0,0,2,13,11,2,4,11,7,10,22,57,43,1.26,1.01,1.36,1.23,2.17,33,56,22,17,11,28,67,22,67,9.89,6.22,2.50,2.80,3.25,1.40,2.25,4.25,8.25,1.87,1.87,Estádio Nacional (Jamor- Oeiras)
1581184800,Feb 08 2020 - 6:00pm,complete,13633,Sporting Braga,Gil Vicente,Rui Manuel Gomes Costa,20,1.89,0.56,2.00,0.88,2,2,4,2,2,0,"12,22","65,85",3,6,2,1,4,0,1,2,0,4,12,14,8,7,4,7,8,18,57,43,2.15,1.21,1.61,1.59,2.39,44,73,50,22,0,22,73,34,78,11.33,4.88,1.37,4.65,8.25,1.24,1.77,2.90,5.45,2.00,1.74,Estádio Municipal de Braga (Braga)
1581193800,Feb 08 2020 - 8:30pm,complete,49227,Porto,Benfica,Artur Manuel Ribeiro Soares Dias,20,2.67,3.00,2.71,2.29,3,2,5,4,3,1,"10,38,44","18,50",4,4,4,0,5,0,2,2,4,1,20,11,5,5,15,6,12,18,43,57,1.92,1.64,1.97,1.29,2.62,28,84,56,17,6,28,84,56,78,12.33,4.33,2.25,3.20,3.20,1.34,2.05,3.70,7.00,1.80,1.91,Estádio Do Dragão (Porto)
1581260400,Feb 09 2020 - 3:00pm,complete,1574,CD Tondela,CS Marítimo,André Filipe Domingues Narciso,20,0.67,1.00,0.82,0.94,0,0,0,0,0,0,"","",3,4,1,0,3,0,0,1,0,3,11,11,2,6,9,5,23,28,45,55,1.38,0.92,1.21,1.42,2.00,39,56,33,22,0,33,50,17,73,8.55,5.44,2.30,3.00,3.40,1.45,2.40,4.60,9.25,2.00,1.74,Estádio João Cardoso (Tondela)
1581260400,Feb 09 2020 - 3:00pm,complete,2100,Moreirense FC,Vitória Setúbal,Nuno Miguel Serrano Almeida,20,1.56,1.22,1.41,0.88,1,1,2,1,0,1,"90'4","12",8,4,2,0,4,0,0,2,1,3,26,9,7,2,19,7,18,22,49,51,1.34,1.13,2.60,0.81,2.67,50,73,56,22,17,39,78,45,73,8.00,5.88,2.10,3.00,3.90,1.44,2.35,4.50,9.00,2.00,1.74,Parque Desportivo Comendador Joaquim de Almeida Freitas (Moreira de Cónegos)
1581269400,Feb 09 2020 - 5:30pm,complete,28763,Sporting CP,Portimonense,Hugo Filipe Ferreira de Campos Moreira Miguel,20,1.67,0.70,2.18,0.65,2,1,3,2,1,1,"31,72","26",3,2,1,0,2,0,0,1,1,1,22,11,5,4,17,7,8,17,60,40,1.88,1.36,2.05,1.24,2.44,53,79,48,16,6,32,63,48,85,8.73,5.30,1.38,4.70,7.75,1.21,1.69,2.75,5.00,1.91,1.83,Estádio José Alvalade (Lisboa)
1581278400,Feb 09 2020 - 8:00pm,complete,1289,CD Aves,Rio Ave FC,Manuel Antonio Rodrigues Oliveira,20,1.00,1.56,0.76,1.82,0,4,4,1,0,1,"","21,48,76,90'2",5,10,4,1,1,0,2,3,1,0,9,14,3,7,6,7,12,17,36,64,1.30,0.96,1.06,1.78,2.11,33,56,33,17,11,28,62,17,78,7.00,6.22,3.55,3.10,2.15,1.36,2.10,3.85,7.50,1.87,1.87,Estádio Clube Desportivo das Aves (Vila das Aves)
1581712200,Feb 14 2020 - 8:30pm,complete,2979,Vitória Setúbal,Gil Vicente,Gustavo Fernandes Correia,21,1.40,0.60,1.12,0.88,1,2,3,1,0,1,"67","43,61",5,3,1,0,3,0,0,1,0,3,8,7,3,4,5,3,19,17,62,38,1.19,1.25,0.86,0.94,1.75,35,50,35,15,0,35,45,25,65,9.00,5.30,2.75,2.85,2.90,1.50,2.50,4.95,10.00,2.05,1.69,Estádio do Bonfim (Setúbal)
1581780600,Feb 15 2020 - 3:30pm,complete,2493,Portimonense,Moreirense FC,André Filipe Domingues Narciso,21,0.78,0.70,1.29,1.12,1,1,2,2,1,1,"25","36",8,4,1,0,1,0,0,1,1,0,14,13,5,5,9,8,20,17,67,33,1.54,1.21,1.64,1.37,2.35,58,63,37,26,16,21,69,36,68,6.67,5.22,2.05,3.25,3.75,1.35,2.10,3.80,7.25,1.87,1.87,Estádio Municipal de Portimão (Portimão)
1581780600,Feb 15 2020 - 3:30pm,complete,2215,Santa Clara,CD Tondela,Manuel Jorge Neves Moreira de Sousa,21,1.10,1.70,1.29,1.29,1,0,1,0,0,0,"73","",8,4,1,0,2,0,1,0,1,1,20,9,6,4,14,5,18,12,53,47,1.69,1.03,2.08,1.07,2.30,40,60,45,20,15,25,65,35,70,9.40,5.10,2.05,2.85,4.40,1.49,2.50,4.85,9.75,2.05,1.71,Estádio de São Miguel (Ponta Delgada- Ilha de São Miguel- Açores)
1581789600,Feb 15 2020 - 6:00pm,complete,59371,Benfica,Sporting Braga,Hugo Filipe Ferreira de Campos Moreira Miguel,21,2.70,1.60,2.24,1.53,0,1,1,1,0,1,"","45'1",3,6,2,0,5,1,1,1,3,3,13,12,4,8,9,4,21,15,54,46,1.86,1.67,1.49,1.57,2.90,35,80,50,30,15,30,90,35,90,15.20,5.80,1.54,4.05,5.95,1.19,1.62,2.60,4.60,1.67,2.10,Estádio do Sport Lisboa e Benfica (da Luz) (Lisboa)
1581798600,Feb 15 2020 - 8:30pm,complete,4434,Rio Ave FC,Sporting CP,Fábio José Costa Veríssimo,21,1.50,1.70,1.41,1.35,1,1,2,1,1,0,"2","84",9,1,3,0,2,1,1,2,0,3,16,8,7,3,9,5,13,14,54,46,1.52,1.65,1.95,0.88,2.60,55,65,40,35,10,45,75,35,75,12.20,5.60,2.55,3.35,2.65,1.26,1.83,3.10,5.80,1.67,2.10,Estádio do Rio Ave Futebol Clube (Vila do Conde)
1581865200,Feb 16 2020 - 3:00pm,complete,5390,CS Marítimo,Paços de Ferreira,Manuel Mota,21,1.10,0.56,1.35,1.12,3,0,3,1,1,0,"21,54,87","",5,6,2,0,3,0,2,0,2,1,10,18,6,5,4,13,15,17,63,37,1.36,0.99,1.40,1.84,2.47,57,68,42,26,16,31,68,37,69,10.17,6.47,2.35,3.00,3.25,1.50,2.55,5.05,10.25,2.10,1.67,Estádio dos Barreiros (Funchal (Ilha da Madeira))
1581865200,Feb 16 2020 - 3:00pm,complete,16900,Boavista FC,Belenenses,Vitor Jorge Fernandes Ferreira,21,1.30,0.80,1.12,0.94,1,2,3,1,0,1,"85","10,57",9,6,1,0,1,1,0,1,1,1,23,11,7,5,16,6,16,13,59,41,1.31,1.20,2.41,1.28,2.30,45,70,35,25,15,30,60,45,75,9.20,6.70,1.80,3.30,4.95,1.48,2.45,4.80,9.75,2.20,1.61,Estádio do Bessa Século XXI (Porto)
1581874200,Feb 16 2020 - 5:30pm,complete,23896,Vitória Guimarães,Porto,Luis Miguel Branco Godinho,21,1.70,2.30,1.65,2.12,1,2,3,1,0,1,"49","10,60",4,5,0,0,2,0,0,0,1,1,16,10,3,4,13,6,14,17,46,54,1.95,1.77,1.61,1.31,2.70,50,75,40,25,20,40,80,35,80,14.60,5.70,3.65,3.30,2.05,1.32,2.00,3.60,6.95,1.80,1.91,Estádio Dom Afonso Henriques (Guimarães)
1581883200,Feb 16 2020 - 8:00pm,complete,2926,Famalicão,CD Aves,Artur Manuel Ribeiro Soares Dias,21,1.70,0.30,1.59,0.24,1,1,2,0,0,0,"90'6","64",10,5,5,1,1,0,2,4,0,1,21,16,8,6,13,10,19,10,74,26,1.81,1.15,2.27,1.63,3.70,70,80,75,45,40,45,90,60,90,9.90,5.60,1.53,4.10,5.95,1.23,1.74,2.90,5.35,1.80,1.91,Estádio Municipal 22 de Junho (Vila Nova de Famalicão)
1582317000,Feb 21 2020 - 8:30pm,complete,3818,CD Aves,Vitória Guimarães,Rui Manuel Gomes Costa,22,0.90,1.10,0.76,1.29,0,2,2,0,0,0,"","65,78",6,5,2,0,1,0,1,1,0,1,11,13,3,5,8,8,18,21,46,54,1.28,2.01,1.19,1.52,2.70,45,70,50,35,10,40,65,45,70,12.60,6.30,7.00,4.65,1.40,1.22,1.71,2.80,5.15,1.95,1.80,Estádio Clube Desportivo das Aves (Vila das Aves)
1582394400,Feb 22 2020 - 6:00pm,complete,1859,CD Tondela,Rio Ave FC,Manuel Mota,22,0.70,1.70,0.82,1.82,1,2,3,0,0,0,"83","74,90",4,3,0,0,0,0,0,0,0,0,9,11,5,4,4,7,10,12,41,59,1.37,1.04,1.17,1.37,1.95,35,60,30,15,5,30,60,15,70,8.20,4.50,4.10,3.55,1.87,1.36,2.15,3.90,7.50,2.00,1.77,Estádio João Cardoso (Tondela)
1582403400,Feb 22 2020 - 8:30pm,complete,1955,Belenenses,CS Marítimo,Artur Manuel Ribeiro Soares Dias,22,1.00,1.00,1.12,0.94,1,0,1,1,1,0,"39","",0,2,4,0,4,0,1,3,2,2,10,18,4,3,6,15,18,15,44,56,1.27,0.97,1.21,1.70,2.30,35,60,30,25,10,30,55,25,75,7.70,6.50,2.25,3.05,3.35,1.39,2.20,4.15,8.25,1.91,1.83,Estádio Nacional (Jamor- Oeiras)
1582470000,Feb 23 2020 - 3:00pm,complete,3445,Paços de Ferreira,Famalicão,António Emanuel Carvalho Nobre,22,1.00,1.50,1.18,1.59,2,1,3,0,0,0,"71,78","89",4,3,5,1,3,1,1,5,0,4,11,11,5,5,6,6,22,17,40,60,1.65,1.45,1.41,1.19,2.37,44,63,49,25,10,10,72,54,73,11.52,6.20,3.00,2.85,2.60,1.37,2.15,4.00,7.75,1.87,1.87,Estádio da Capital do Móvel (Paços de Ferreira)
1582470000,Feb 23 2020 - 3:00pm,complete,2148,Moreirense FC,Santa Clara,Iancu Ioan Vasilica,22,1.50,1.50,1.41,1.24,2,1,3,2,1,1,"15,74","35",1,2,1,0,2,1,1,0,0,3,9,14,5,5,4,9,18,20,50,50,1.46,1.04,1.26,1.54,2.30,50,70,35,15,10,35,75,30,70,10.80,5.10,2.40,2.85,3.30,1.41,2.25,4.30,8.50,1.91,1.80,Parque Desportivo Comendador Joaquim de Almeida Freitas (Moreira de Cónegos)
1582479000,Feb 23 2020 - 5:30pm,complete,29171,Sporting CP,Boavista FC,Nuno Miguel Serrano Almeida,22,1.80,1.50,2.18,1.18,2,0,2,2,2,0,"13,42","",6,5,2,0,2,0,1,1,2,0,7,11,4,4,3,7,10,18,63,37,1.90,1.41,0.98,1.30,2.05,45,60,35,10,5,35,65,25,75,9.90,6.60,1.57,3.75,6.15,1.31,2.00,3.50,6.80,2.00,1.77,Estádio José Alvalade (Lisboa)
1582488000,Feb 23 2020 - 8:00pm,complete,11185,Sporting Braga,Vitória Setúbal,Hélder Miguel Azevedo Malheiro,22,1.80,1.20,2.00,0.88,3,1,4,0,0,0,"63,75,90'7","89",12,4,3,0,4,0,1,2,2,2,26,10,9,5,17,5,15,11,66,34,2.10,1.09,2.67,1.17,2.55,40,70,50,35,5,20,80,45,75,10.50,6.10,1.36,4.40,7.50,1.20,1.61,2.62,4.50,1.90,1.90,Estádio Municipal de Braga (Braga)
1582489800,Feb 23 2020 - 8:30pm,complete,40129,Porto,Portimonense,Hugo Filipe Ferreira de Campos Moreira Miguel,22,2.70,0.64,2.71,0.65,1,0,1,0,0,0,"87","",8,3,2,0,6,0,0,2,0,6,25,6,6,0,19,6,12,15,59,41,1.92,1.34,2.50,0.65,2.59,43,86,58,15,5,39,87,38,77,10.27,4.37,1.14,7.50,17.75,1.14,1.50,2.25,3.85,2.15,1.62,Estádio Do Dragão (Porto)
1582572600,Feb 24 2020 - 7:30pm,complete,11986,Gil Vicente,Benfica,Luis Miguel Branco Godinho,22,1.70,2.70,1.65,2.29,0,1,1,1,0,1,"","15",9,6,1,0,1,0,0,1,1,0,16,10,8,5,8,5,20,17,42,58,1.53,1.60,1.89,1.27,2.65,50,80,45,30,15,30,60,60,75,10.00,5.20,6.10,4.10,1.53,1.24,1.77,2.95,5.55,1.87,1.83,Estádio Cidade de Barcelos (Barcelos)
1582921800,Feb 28 2020 - 8:30pm,complete,2522,Portimonense,Vitória Setúbal,Manuel Mota,23,0.80,1.09,1.29,0.88,0,0,0,0,0,0,"","",9,4,3,0,2,0,0,3,0,2,16,14,6,5,10,9,17,10,55,45,1.55,1.10,1.81,1.39,2.18,48,62,38,24,10,29,77,28,57,7.74,5.65,1.80,3.40,4.80,1.43,2.30,4.40,8.75,2.10,1.67,Estádio Municipal de Portimão (Portimão)
1582999200,Feb 29 2020 - 6:00pm,complete,2289,Rio Ave FC,Belenenses,Manuel Jorge Neves Moreira de Sousa,23,1.45,1.00,1.41,0.94,0,0,0,0,0,0,"","",12,1,3,0,4,0,0,3,0,4,15,6,3,0,12,6,13,18,70,30,1.56,1.21,1.70,0.59,2.60,50,69,41,32,18,36,69,50,73,11.09,4.91,1.43,4.45,7.00,1.24,1.77,2.95,5.55,1.95,1.77,Estádio do Rio Ave Futebol Clube (Vila do Conde)
1583008200,Feb 29 2020 - 8:30pm,complete,9558,Boavista FC,Gil Vicente,Hélder Miguel Azevedo Malheiro,23,1.18,0.82,1.12,0.88,0,1,1,0,0,0,"","77",4,2,2,0,2,0,0,2,0,2,16,11,3,6,13,5,17,18,48,52,1.41,1.22,1.51,1.47,2.18,55,73,41,9,5,36,73,27,73,8.73,6.28,2.55,3.00,2.95,1.50,2.50,4.95,10.00,2.10,1.67,Estádio do Bessa Século XXI (Porto)
1583074800,Mar 01 2020 - 3:00pm,complete,N/A,CD Aves,Paços de Ferreira,João Pedro Silva Pinheiro,23,0.82,0.50,0.76,1.12,1,3,4,2,1,1,"44","27,49,72",7,7,2,0,1,0,1,1,1,0,9,13,3,6,6,7,9,23,62,38,1.27,1.07,1.13,1.56,2.38,29,58,43,24,15,24,58,38,72,9.71,7.05,2.70,2.95,2.80,1.43,2.30,4.35,8.75,1.95,1.80,Estádio Clube Desportivo das Aves (Vila das Aves)
1583083800,Mar 01 2020 - 5:30pm,complete,6530,CS Marítimo,Sporting Braga,Tiago Bruno Lopes Martins,23,1.27,1.73,1.35,1.53,1,2,3,1,0,1,"65","5,90'8",5,8,4,1,3,0,2,3,1,2,9,19,3,6,6,13,13,18,38,62,1.37,1.66,0.96,2.22,2.55,59,73,46,18,9,32,87,32,73,11.36,6.73,5.00,4.05,1.62,1.27,1.87,3.20,6.00,1.87,1.83,Estádio dos Barreiros (Funchal (Ilha da Madeira))
1583092800,Mar 01 2020 - 8:00pm,complete,12711,Vitória Guimarães,CD Tondela,Manuel Antonio Rodrigues Oliveira,23,1.55,1.55,1.65,1.29,2,0,2,2,2,0,"24,41","",7,4,1,0,2,0,0,1,0,2,14,11,6,4,8,7,19,16,45,55,1.91,1.03,1.79,1.21,2.46,41,59,41,23,23,27,69,36,78,11.36,5.09,1.27,5.35,11.25,1.24,1.77,2.90,5.45,2.35,1.53,Estádio Dom Afonso Henriques (Guimarães)
1583177400,Mar 02 2020 - 7:30pm,complete,6271,Santa Clara,Porto,Carlos Miguel Taborda Xistra,23,1.27,2.36,1.29,2.12,0,2,2,1,0,1,"","37,76",2,3,2,0,3,0,0,2,1,2,14,6,2,3,12,3,15,15,44,56,1.73,1.73,1.27,0.95,2.46,50,73,46,18,9,32,73,36,78,12.36,5.18,6.90,4.00,1.49,1.32,2.00,3.50,6.80,2.10,1.67,Estádio de São Miguel (Ponta Delgada- Ilha de São Miguel- Açores)
1583181900,Mar 02 2020 - 8:45pm,complete,40861,Benfica,Moreirense FC,Fábio José Costa Veríssimo,23,2.45,0.73,2.24,1.12,1,1,2,0,0,0,"90'1","67",10,0,1,0,3,0,0,1,0,3,26,9,10,2,16,7,13,12,72,28,1.83,1.22,3.26,0.84,2.82,41,78,46,36,18,27,78,45,82,11.82,4.82,1.16,7.25,15.25,1.12,1.43,2.10,3.45,1.95,1.77,Estádio do Sport Lisboa e Benfica (da Luz) (Lisboa)
1583265600,Mar 03 2020 - 8:00pm,complete,3824,Famalicão,Sporting CP,Luis Miguel Branco Godinho,23,1.64,1.64,1.59,1.35,3,1,4,3,2,1,"5,8,66","45'1",1,6,2,0,3,0,1,1,0,3,12,10,5,3,7,7,19,19,35,65,1.85,1.58,1.24,1.38,3.10,64,78,55,41,18,32,78,55,91,11.82,6.72,3.20,3.50,2.15,1.22,1.71,2.80,5.15,1.61,2.20,Estádio Municipal 22 de Junho (Vila Nova de Famalicão)
1583526600,Mar 06 2020 - 8:30pm,complete,8684,Sporting Braga,Portimonense,Fábio José Costa Veríssimo,24,1.91,0.58,2.00,0.65,3,1,4,2,2,0,"31,45,47","90'4",3,7,0,0,3,0,0,0,3,0,21,13,9,6,12,7,17,20,58,42,2.15,1.29,2.33,1.53,2.59,53,79,53,32,0,17,70,49,83,10.61,5.22,1.36,4.80,8.50,1.20,1.67,2.65,4.85,1.95,1.80,Estádio Municipal de Braga (Braga)
1583595000,Mar 07 2020 - 3:30pm,complete,1701,CD Tondela,Boavista FC,Gustavo Fernandes Correia,24,0.64,1.36,0.82,1.18,1,1,2,2,1,1,"25","28",0,5,0,0,2,0,0,0,0,2,9,10,3,7,6,3,11,25,56,44,1.35,1.40,1.12,1.34,1.64,36,50,23,5,0,32,59,9,50,9.91,5.37,2.50,2.85,3.15,1.57,2.75,5.55,11.50,2.15,1.62,Estádio João Cardoso (Tondela)
1583604000,Mar 07 2020 - 6:00pm,complete,9152,Vitória Setúbal,Benfica,João Pedro Silva Pinheiro,24,1.27,2.73,1.12,2.29,1,1,2,0,0,0,"46","51",1,8,4,0,3,0,0,4,0,3,5,17,3,6,2,11,11,12,36,64,1.16,1.57,0.68,1.93,2.05,32,55,36,23,9,18,50,46,69,9.82,5.10,8.25,4.70,1.36,1.24,1.77,2.95,5.55,2.05,1.69,Estádio do Bonfim (Setúbal)
1583613000,Mar 07 2020 - 8:30pm,complete,38219,Porto,Rio Ave FC,Artur Manuel Ribeiro Soares Dias,24,2.73,1.82,2.71,1.82,1,1,2,2,1,1,"18","32",9,3,1,0,4,0,1,0,1,3,24,7,4,4,20,3,11,9,58,42,1.98,1.07,2.38,0.85,2.50,32,78,50,18,9,32,78,32,87,10.09,4.45,1.34,4.80,8.75,1.25,1.80,3.00,5.60,2.10,1.69,Estádio Do Dragão (Porto)
1583679600,Mar 08 2020 - 3:00pm,complete,2308,Belenenses,Famalicão,André Filipe Domingues Narciso,24,1.18,1.36,1.12,1.59,0,0,0,0,0,0,"","",5,6,1,0,3,0,1,0,1,2,12,18,3,5,9,13,14,13,46,54,1.26,1.43,1.26,1.78,2.82,50,78,50,27,14,27,69,55,82,8.64,6.54,2.90,3.40,2.35,1.26,1.83,3.15,5.90,1.67,2.10,Estádio Nacional (Jamor- Oeiras)
1583679600,Mar 08 2020 - 3:00pm,complete,1580,Moreirense FC,CS Marítimo,João Bento,24,1.64,0.91,1.41,0.94,2,0,2,1,1,0,"26,53","",8,3,0,0,4,0,0,0,0,4,17,13,5,3,12,10,12,16,32,68,1.45,1.03,1.78,1.35,2.41,55,68,46,23,9,32,64,32,82,7.54,5.72,2.05,3.15,3.80,1.43,2.30,4.40,8.75,2.00,1.74,Parque Desportivo Comendador Joaquim de Almeida Freitas (Moreira de Cónegos)
1583686800,Mar 08 2020 - 5:00pm,complete,4118,Gil Vicente,Santa Clara,Nuno Miguel Serrano Almeida,24,1.55,1.36,1.65,1.24,1,1,2,0,0,0,"49","74",7,5,1,0,0,0,1,0,0,0,11,5,4,3,7,2,21,15,48,52,1.56,1.08,1.34,0.74,2.05,41,64,27,18,5,36,64,32,60,11.09,5.09,2.15,3.00,3.70,1.47,2.40,4.70,9.50,2.00,1.71,Estádio Cidade de Barcelos (Barcelos)
1583688600,Mar 08 2020 - 5:30pm,complete,26272,Sporting CP,CD Aves,Manuel Antonio Rodrigues Oliveira,24,1.91,0.36,2.18,0.24,2,0,2,0,0,0,"62,67","",14,0,1,0,1,2,0,1,3,0,23,3,4,2,19,1,15,6,76,24,1.81,1.19,2.54,0.42,3.05,69,82,64,27,23,55,73,50,91,9.73,5.18,1.23,6.05,11.75,1.18,1.61,2.50,4.45,2.05,1.69,Estádio José Alvalade (Lisboa)
1583697600,Mar 08 2020 - 8:00pm,complete,4105,Paços de Ferreira,Vitória Guimarães,Vitor Jorge Fernandes Ferreira,24,1.17,1.27,1.18,1.29,1,2,3,1,1,0,"10","47,66",5,5,2,0,2,0,1,1,1,1,14,13,6,4,8,9,15,13,45,55,1.63,1.96,1.59,1.64,2.33,44,67,39,22,9,23,66,49,62,14.13,5.88,5.05,3.50,1.74,1.38,2.15,4.00,7.75,2.05,1.69,Estádio da Capital do Móvel (Paços de Ferreira)
1591207200,Jun 03 2020 - 6:00pm,complete,N/A,Portimonense,Gil Vicente,Hugo Filipe Ferreira de Campos Moreira Miguel,25,0.82,1.00,1.29,0.88,1,0,1,0,0,0,"49","",5,5,0,0,2,0,0,0,0,2,8,10,4,4,4,6,20,15,51,49,1.58,1.24,1.06,1.18,2.00,53,61,39,13,5,35,70,22,60,8.47,4.76,2.50,2.95,3.05,1.44,2.35,4.50,9.00,1.95,1.77,Estádio Municipal de Portimão (Portimão)
1591215300,Jun 03 2020 - 8:15pm,complete,N/A,Famalicão,Porto,Nuno Miguel Serrano Almeida,25,1.75,2.42,1.59,2.12,2,1,3,0,0,0,"48,78","74",1,7,4,0,1,0,2,2,1,0,8,17,3,7,5,10,20,14,38,62,1.80,1.66,0.91,2.01,3.25,63,83,59,38,25,38,88,55,84,11.17,6.34,6.95,4.50,1.43,1.23,1.74,2.90,5.35,1.95,1.80,Estádio Municipal 22 de Junho (Vila Nova de Famalicão)
1591290000,Jun 04 2020 - 5:00pm,complete,N/A,CS Marítimo,Vitória Setúbal,Manuel Antonio Rodrigues Oliveira,25,1.17,1.08,1.35,0.88,1,1,2,1,1,0,"11","82",10,1,3,0,1,0,0,3,0,1,19,12,5,3,14,9,18,22,52,48,1.33,1.13,1.96,1.22,2.42,54,71,50,25,8,29,75,42,67,9.09,6.42,2.25,3.10,3.70,1.51,2.60,5.15,10.50,2.15,1.65,Estádio dos Barreiros (Funchal (Ilha da Madeira))
1591294500,Jun 04 2020 - 6:15pm,complete,N/A,Benfica,CD Tondela,Manuel Mota,25,2.33,1.42,2.24,1.29,0,0,0,0,0,0,"","",14,0,1,0,0,0,0,1,0,0,26,6,6,0,20,6,11,13,63,37,1.95,1.05,2.79,0.58,2.63,29,67,46,34,21,29,75,42,75,12.16,4.75,1.17,7.50,19.25,1.16,1.54,2.35,4.10,2.35,1.54,Estádio do Sport Lisboa e Benfica (da Luz) (Lisboa)
1591301700,Jun 04 2020 - 8:15pm,complete,0,Vitória Guimarães,Sporting CP,Carlos Miguel Taborda Xistra,25,1.67,1.50,1.65,1.35,2,2,4,2,1,1,"32,68","18,51",7,3,3,1,2,0,3,1,2,0,12,19,4,5,8,14,21,21,41,59,1.90,1.57,1.49,1.79,2.59,55,75,42,30,9,38,75,33,88,14.00,5.50,2.50,3.35,2.85,1.29,1.91,3.30,6.35,1.71,2.05,Estádio Dom Afonso Henriques (Guimarães)
1591380000,Jun 05 2020 - 6:00pm,complete,N/A,Santa Clara,Sporting Braga,Artur Manuel Ribeiro Soares Dias,25,1.17,1.83,1.29,1.53,3,2,5,2,1,1,"34,66,90'2","20,56",2,4,5,0,1,1,1,4,1,1,15,14,8,5,7,9,17,14,43,57,1.69,1.71,1.74,1.53,2.25,42,67,38,8,4,21,75,25,79,12.08,5.92,7.25,4.15,1.45,1.26,1.83,3.15,5.90,2.00,1.74,Cidade do Futebol (Oeiras)
1591388100,Jun 05 2020 - 8:15pm,complete,N/A,CD Aves,Belenenses,João Pedro Silva Pinheiro,25,0.75,1.00,0.76,0.94,0,2,2,2,0,2,"","11,39",5,4,5,0,2,0,2,3,0,2,14,12,4,6,10,6,17,16,48,52,1.26,1.16,1.48,1.48,2.46,38,63,50,33,13,29,54,55,75,9.83,6.16,3.05,3.05,2.45,1.45,2.40,4.60,9.25,2.00,1.71,Estádio Clube Desportivo das Aves (Vila das Aves)
1591474500,Jun 06 2020 - 8:15pm,complete,N/A,Boavista FC,Moreirense FC,Vitor Jorge Fernandes Ferreira,25,1.08,0.75,1.12,1.12,0,1,1,0,0,0,"","48",7,2,3,1,6,0,0,4,1,5,24,7,7,3,17,4,20,23,57,43,1.42,1.19,2.41,0.83,2.29,59,71,29,17,13,25,63,38,75,7.41,6.33,2.80,2.90,2.75,1.51,2.60,5.15,10.50,2.10,1.67,Estádio do Bessa Século XXI (Porto)
1591560000,Jun 07 2020 - 8:00pm,complete,N/A,Rio Ave FC,Paços de Ferreira,Tiago Bruno Lopes Martins,25,1.42,0.73,1.41,1.12,2,3,5,3,1,2,"43,58","11,14,52",8,7,3,1,5,1,2,2,2,4,22,13,7,7,15,6,13,20,73,27,1.57,1.12,2.53,1.41,2.44,43,61,35,26,18,35,70,35,66,11.50,5.61,1.67,3.60,5.50,1.38,2.15,4.00,7.75,2.10,1.69,Estádio do Rio Ave Futebol Clube (Vila do Conde)
1591732800,Jun 09 2020 - 8:00pm,complete,N/A,Gil Vicente,Famalicão,Hélder Miguel Azevedo Malheiro,26,1.50,1.33,1.65,1.59,1,3,4,2,0,2,"77","12,42,90'1",4,3,2,0,3,0,0,2,1,2,8,9,3,5,5,4,17,19,56,44,1.54,1.46,1.05,1.09,2.58,58,79,50,29,8,25,54,67,80,10.25,5.58,2.85,3.20,2.50,1.32,2.00,3.60,6.95,1.77,1.95,Estádio Cidade de Barcelos (Barcelos)
1591804800,Jun 10 2020 - 4:00pm,complete,N/A,Vitória Setúbal,Santa Clara,Cláudio Filipe Ruivo Pereira,26,1.25,1.33,1.12,1.24,2,2,4,2,1,1,"45'4,78","38,86",4,3,6,0,1,0,1,5,0,1,7,9,5,4,2,5,20,16,54,46,1.12,1.05,1.04,1.07,1.63,33,50,21,13,0,25,46,30,63,10.08,5.17,3.10,3.00,2.45,1.47,2.40,4.70,9.50,2.05,1.71,Estádio do Bonfim (Setúbal)
1591812900,Jun 10 2020 - 6:15pm,complete,N/A,Portimonense,Benfica,Carlos Miguel Taborda Xistra,26,1.00,2.58,1.29,2.29,2,2,4,2,0,2,"66,76","18,31",5,3,5,0,3,0,1,4,0,3,11,12,5,5,6,7,19,16,52,48,1.53,1.60,1.34,1.43,2.17,46,63,34,21,13,21,67,38,63,9.83,4.58,8.50,4.70,1.36,1.20,1.65,2.65,4.75,1.87,1.83,Estádio Municipal de Portimão (Portimão)
1591821000,Jun 10 2020 - 8:30pm,complete,N/A,Porto,CS Marítimo,Tiago Bruno Lopes Martins,26,2.58,0.83,2.71,0.94,1,0,1,1,1,0,"6","",8,1,3,1,3,0,0,4,2,1,16,11,9,0,7,11,14,13,59,41,2.01,1.06,2.01,0.86,2.25,29,67,42,21,4,34,71,25,75,10.33,5.50,1.18,6.95,14.00,1.18,1.61,2.55,4.45,2.25,1.59,Estádio Do Dragão (Porto)
1591898400,Jun 11 2020 - 6:00pm,complete,N/A,Belenenses,Vitória Guimarães,Iancu Ioan Vasilica,26,1.17,1.42,1.12,1.29,1,1,2,2,1,1,"28","39",1,13,2,0,1,0,0,2,0,1,9,18,3,7,6,11,16,15,48,52,1.26,1.94,0.97,2.13,2.63,46,75,38,25,13,38,67,46,67,11.50,5.50,4.95,3.80,1.67,1.26,1.83,3.10,5.80,1.80,1.95,Cidade do Futebol (Oeiras)
1591906500,Jun 11 2020 - 8:15pm,complete,N/A,CD Tondela,CD Aves,Rui Filipe Cunha Folha Oliveira,26,0.67,0.33,0.82,0.24,2,0,2,1,1,0,"11,57","",6,6,3,0,1,1,2,1,1,1,7,13,4,2,3,11,21,17,57,43,1.33,1.13,0.98,1.25,2.58,63,71,50,21,17,46,63,38,71,8.84,4.16,1.80,3.40,4.75,1.41,2.25,4.30,8.50,2.05,1.69,Estádio João Cardoso (Tondela)
1591984800,Jun 12 2020 - 6:00pm,complete,N/A,Moreirense FC,Rio Ave FC,Manuel Jorge Neves Moreira de Sousa,26,1.75,1.75,1.41,1.82,0,1,1,1,0,1,"","36",9,6,4,0,2,0,2,2,1,1,8,17,2,4,6,13,13,17,47,53,1.47,1.05,1.01,1.67,2.59,59,84,46,17,13,34,75,34,88,7.75,4.58,3.40,3.15,2.20,1.29,1.91,3.35,6.45,1.74,2.00,Parque Desportivo Comendador Joaquim de Almeida Freitas (Moreira de Cónegos)
1591992900,Jun 12 2020 - 8:15pm,complete,N/A,Sporting CP,Paços de Ferreira,Rui Manuel Gomes Costa,26,2.00,0.92,2.18,1.12,1,0,1,0,0,0,"64","",5,4,2,0,2,0,0,2,0,2,6,11,3,5,3,6,26,17,61,39,1.88,1.14,0.86,1.33,2.67,46,75,50,25,17,42,63,50,84,11.09,6.25,1.41,4.40,7.75,1.24,1.77,2.95,5.45,1.91,1.80,Estádio José Alvalade (Lisboa)
1592078400,Jun 13 2020 - 8:00pm,complete,N/A,Sporting Braga,Boavista FC,Luis Miguel Branco Godinho,26,2.00,1.33,2.00,1.18,0,1,1,0,0,0,"","57",9,6,2,0,3,0,0,2,1,2,10,9,4,4,6,5,21,16,69,31,2.16,1.39,1.39,1.06,2.29,46,67,38,29,0,25,75,34,67,11.83,5.92,1.42,4.30,7.50,1.27,1.87,3.20,6.00,2.05,1.71,Estádio Municipal de Braga (Braga)
1592244000,Jun 15 2020 - 6:00pm,complete,N/A,CS Marítimo,Gil Vicente,João Bento,27,1.15,0.92,1.35,0.88,2,1,3,3,2,1,"30,45'3","8",4,4,2,0,0,0,0,2,0,0,13,2,9,2,4,0,16,14,45,55,1.38,1.24,1.68,0.61,2.35,62,74,50,16,4,35,74,35,77,9.77,5.54,2.45,2.90,3.20,1.45,2.40,4.60,9.25,1.95,1.77,Estádio dos Barreiros (Funchal (Ilha da Madeira))
1592330400,Jun 16 2020 - 6:00pm,complete,N/A,Santa Clara,Portimonense,Gustavo Fernandes Correia,27,1.31,0.54,1.29,0.65,1,1,2,0,0,0,"81","61",13,7,2,1,4,0,0,3,1,3,11,7,6,3,5,4,18,13,44,56,1.69,1.31,1.80,1.14,2.27,46,73,42,15,4,27,66,35,81,9.23,4.85,2.35,3.10,3.15,1.42,2.30,4.40,8.75,1.95,1.77,Cidade do Futebol (Oeiras)
1592338500,Jun 16 2020 - 8:15pm,complete,N/A,CD Aves,Porto,Carlos Miguel Taborda Xistra,27,0.69,2.23,0.76,2.12,0,0,0,0,0,0,"","",1,12,6,0,3,0,3,3,1,2,6,25,0,8,6,17,21,21,28,72,1.27,1.69,0.87,2.72,2.66,47,74,50,27,12,38,74,42,73,10.93,6.46,13.50,6.40,1.20,1.15,1.51,2.30,4.00,2.20,1.61,Estádio Clube Desportivo das Aves (Vila das Aves)
1592416800,Jun 17 2020 - 6:00pm,complete,N/A,Paços de Ferreira,Belenenses,Artur Manuel Ribeiro Soares Dias,27,1.08,1.15,1.18,0.94,2,1,3,1,0,1,"49,90'2","6",4,5,5,0,3,0,0,5,1,2,18,5,5,2,13,3,24,14,53,47,1.63,1.18,1.82,0.69,2.12,38,58,42,20,12,16,62,50,62,11.15,6.00,2.25,3.00,3.45,1.48,2.45,4.80,9.75,2.05,1.69,Estádio da Capital do Móvel (Paços de Ferreira)
1592424900,Jun 17 2020 - 8:15pm,complete,N/A,Rio Ave FC,Benfica,Luis Miguel Branco Godinho,27,1.31,2.46,1.41,2.29,1,2,3,1,1,0,"26","64,87",4,10,2,3,2,0,1,4,1,1,6,19,2,4,4,15,15,20,47,53,1.64,1.59,0.71,1.90,2.62,50,70,39,31,19,35,73,47,70,11.70,5.00,5.00,3.60,1.71,1.25,1.80,3.00,5.60,1.74,2.00,Estádio do Rio Ave Futebol Clube (Vila do Conde)
1592503200,Jun 18 2020 - 6:00pm,complete,N/A,Boavista FC,Vitória Setúbal,António Emanuel Carvalho Nobre,27,1.00,1.08,1.12,0.88,3,1,4,2,2,0,"5,45,90","64",3,11,4,0,2,0,3,1,2,0,10,14,7,6,3,8,16,17,48,52,1.50,1.13,1.29,1.85,2.04,42,62,31,16,8,23,66,27,70,8.23,6.77,2.10,3.00,4.00,1.57,2.80,5.65,11.75,2.30,1.56,Estádio do Bessa Século XXI (Porto)
1592511300,Jun 18 2020 - 8:15pm,complete,N/A,Sporting CP,CD Tondela,Manuel Antonio Rodrigues Oliveira,27,2.08,1.38,2.18,1.29,2,0,2,2,2,0,"13,31","",4,6,0,0,3,0,0,0,1,2,9,9,3,3,6,6,16,21,56,44,1.79,1.01,1.03,1.18,2.31,39,62,42,19,16,39,58,39,73,8.93,5.16,1.53,3.90,6.35,1.32,2.00,3.60,6.95,2.05,1.69,Estádio José Alvalade (Lisboa)
1592589600,Jun 19 2020 - 6:00pm,complete,N/A,Vitória Guimarães,Moreirense FC,João Pedro Silva Pinheiro,27,1.62,0.92,1.65,1.12,1,1,2,1,1,0,"34","53",6,5,2,1,0,0,1,2,0,0,14,12,5,6,9,6,16,8,52,48,1.87,1.16,1.65,1.48,2.54,54,73,35,23,15,31,66,42,81,10.69,5.31,1.50,4.10,6.40,1.27,1.87,3.20,6.00,1.95,1.80,Estádio Dom Afonso Henriques (Guimarães)
1592597700,Jun 19 2020 - 8:15pm,complete,N/A,Famalicão,Sporting Braga,Fábio José Costa Veríssimo,27,1.85,1.69,1.59,1.53,0,0,0,0,0,0,"","",3,5,2,1,1,0,0,3,0,1,9,17,4,2,5,15,19,12,44,56,1.73,1.70,1.03,1.66,3.16,62,77,58,31,23,31,85,50,85,11.00,7.00,3.75,3.60,1.95,1.21,1.67,2.70,4.90,1.61,2.20,Estádio Municipal 22 de Junho (Vila Nova de Famalicão)
1592769600,Jun 21 2020 - 8:00pm,complete,N/A,Gil Vicente,CD Aves,André Filipe Domingues Narciso,28,1.38,0.31,1.65,0.24,3,0,3,2,2,0,"10,36,90","",9,2,1,0,3,0,0,1,0,3,19,13,10,2,9,11,23,18,49,51,1.50,1.14,2.18,1.25,2.85,66,81,50,31,20,42,66,58,81,9.77,4.77,1.71,3.40,5.30,1.41,2.25,4.25,8.25,2.05,1.69,Estádio Cidade de Barcelos (Barcelos)
1592856000,Jun 22 2020 - 8:00pm,complete,N/A,Portimonense,CS Marítimo,Manuel Mota,28,1.00,0.77,1.29,0.94,3,2,5,2,2,0,"24,39,58","52,90'4",3,6,5,0,2,0,1,4,1,1,14,11,6,6,8,5,26,13,42,58,1.52,1.04,1.58,1.37,1.85,39,50,27,23,4,23,62,19,62,7.54,5.69,2.35,3.00,3.30,1.48,2.45,4.80,9.75,2.05,1.71,Estádio Municipal de Portimão (Portimão)
1592935200,Jun 23 2020 - 6:00pm,complete,N/A,Vitória Setúbal,Rio Ave FC,Vitor Jorge Fernandes Ferreira,28,1.23,1.85,1.12,1.82,1,2,3,2,1,1,"25","27,80",4,6,2,1,0,0,1,2,0,0,8,17,4,8,4,9,12,11,31,69,1.12,1.10,1.02,2.11,1.92,38,58,31,19,4,23,50,35,73,7.69,5.38,4.20,3.30,1.91,1.40,2.25,4.25,8.25,2.00,1.74,Estádio do Bonfim (Setúbal)
1592936100,Jun 23 2020 - 6:15pm,complete,N/A,Benfica,Santa Clara,João Pedro Silva Pinheiro,28,2.23,1.31,2.24,1.24,3,4,7,1,0,1,"50,63,65","44,57,82,90'5",4,7,2,0,1,0,1,1,1,0,18,9,8,7,10,2,14,16,61,39,2.01,1.05,2.06,1.28,2.31,31,70,35,27,8,31,73,35,74,14.61,4.23,1.25,5.75,11.25,1.20,1.67,2.70,4.85,2.10,1.67,Estádio do Sport Lisboa e Benfica (da Luz) (Lisboa)
1592943300,Jun 23 2020 - 8:15pm,complete,N/A,Porto,Boavista FC,Artur Manuel Ribeiro Soares Dias,28,2.62,1.46,2.71,1.18,4,0,4,0,0,0,"53,60,70,84","",6,3,2,0,3,0,2,0,1,2,16,7,7,3,9,4,16,12,70,30,2.01,1.37,1.99,0.78,2.00,31,62,31,8,4,39,81,16,58,12.23,5.61,1.26,5.45,11.75,1.26,1.83,3.10,5.80,2.35,1.53,Estádio Do Dragão (Porto)
1593021600,Jun 24 2020 - 6:00pm,complete,N/A,CD Tondela,Paços de Ferreira,Hugo Filipe Ferreira de Campos Moreira Miguel,28,0.85,0.85,0.82,1.12,1,3,4,2,0,2,"88","10,45,68",10,4,3,0,4,0,0,3,0,4,12,14,5,6,7,8,21,23,64,36,1.30,1.16,1.43,1.48,2.24,42,62,39,20,12,35,58,31,66,9.85,5.23,3.05,2.65,2.75,1.59,2.85,5.80,12.00,2.25,1.59,Estádio João Cardoso (Tondela)
1593029700,Jun 24 2020 - 8:15pm,complete,N/A,Moreirense FC,Famalicão,António Emanuel Carvalho Nobre,28,1.62,1.46,1.41,1.59,1,1,2,0,0,0,"69","73",5,5,3,0,3,0,1,2,1,2,12,19,5,8,7,11,16,21,47,53,1.44,1.43,1.48,2.09,2.85,66,85,62,27,12,31,74,58,89,9.62,5.54,3.35,3.20,2.20,1.32,2.00,3.60,6.95,1.80,1.91,Parque Desportivo Comendador Joaquim de Almeida Freitas (Moreira de Cónegos)
1593115200,Jun 25 2020 - 8:00pm,complete,N/A,Sporting Braga,Vitória Guimarães,Tiago Bruno Lopes Martins,28,1.85,1.38,2.00,1.29,3,2,5,4,2,2,"1,42,65","15,35",0,10,2,0,2,0,0,2,2,0,15,18,4,6,11,12,10,12,49,51,2.10,1.95,1.38,1.83,2.89,58,85,54,43,4,31,69,62,81,14.92,4.76,2.00,3.40,3.70,1.27,1.87,3.20,6.00,1.69,2.05,Estádio Municipal de Braga (Braga)
1593195300,Jun 26 2020 - 6:15pm,complete,N/A,Belenenses,Sporting CP,Hélder Miguel Azevedo Malheiro,28,1.15,1.46,1.12,1.35,1,3,4,4,1,3,"9","21,36,45'2",8,7,4,0,1,0,3,1,0,1,12,13,4,8,8,5,24,10,44,56,1.24,1.58,1.30,1.68,2.54,54,70,39,31,8,42,73,31,73,9.69,6.23,5.75,3.80,1.59,1.36,2.15,3.90,7.50,2.15,1.65,Cidade do Futebol (Oeiras)
1593374400,Jun 28 2020 - 8:00pm,complete,N/A,Boavista FC,Santa Clara,André Filipe Domingues Narciso,29,1.14,1.43,1.12,1.24,1,0,1,1,1,0,"14","",4,4,3,0,2,0,1,2,0,2,7,8,3,4,4,4,19,23,46,54,1.48,1.07,0.88,1.18,2.18,47,64,29,18,7,33,68,29,72,10.14,5.86,2.85,2.75,2.85,1.53,2.65,5.25,10.75,2.10,1.67,Estádio do Bessa Século XXI (Porto)
1593446400,Jun 29 2020 - 4:00pm,complete,N/A,CD Aves,Moreirense FC,Cláudio Filipe Ruivo Pereira,29,0.71,0.93,0.76,1.12,0,1,1,0,0,0,"","52",8,3,2,0,1,0,1,1,1,0,13,9,3,4,10,5,20,25,50,50,1.25,1.19,1.32,1.21,2.36,47,64,36,25,11,29,57,40,72,7.72,6.50,4.30,3.30,1.87,1.41,2.25,4.25,8.25,2.00,1.71,Estádio Clube Desportivo das Aves (Vila das Aves)
1593450000,Jun 29 2020 - 5:00pm,complete,N/A,CS Marítimo,Benfica,Hélder Miguel Azevedo Malheiro,29,1.29,2.50,1.35,2.29,2,0,2,0,0,0,"74,78","",1,11,3,0,1,0,1,2,1,0,7,22,3,9,4,13,18,19,50,50,1.40,1.61,0.82,2.65,2.68,65,83,54,25,11,29,79,54,75,11.07,5.50,7.25,4.40,1.42,1.21,1.67,2.70,4.90,1.87,1.87,Estádio dos Barreiros (Funchal (Ilha da Madeira))
1593461700,Jun 29 2020 - 8:15pm,complete,N/A,Paços de Ferreira,Porto,Luis Miguel Branco Godinho,29,1.21,2.14,1.18,2.12,0,1,1,1,0,1,"","7",5,4,3,0,3,0,3,0,1,2,13,6,5,4,8,2,19,20,52,48,1.64,1.76,1.48,0.96,2.29,50,65,47,14,11,18,75,43,64,12.58,6.36,8.50,4.40,1.38,1.28,1.87,3.25,6.15,2.10,1.67,Estádio da Capital do Móvel (Paços de Ferreira)
1593532800,Jun 30 2020 - 4:00pm,complete,N/A,Famalicão,Portimonense,Fábio José Costa Veríssimo,29,1.79,0.57,1.59,0.65,0,1,1,1,0,1,"","17",3,5,4,0,2,0,1,3,1,1,15,13,6,4,9,9,13,26,56,44,1.68,1.29,1.61,1.34,2.83,61,79,54,29,15,29,68,54,83,8.72,5.92,2.10,3.45,3.40,1.29,1.91,3.30,6.35,1.74,2.00,Estádio Municipal 22 de Junho (Vila Nova de Famalicão)
1593540900,Jun 30 2020 - 6:15pm,complete,N/A,Vitória Guimarães,Vitória Setúbal,Gustavo Fernandes Correia,29,1.57,1.00,1.65,0.88,2,0,2,1,1,0,"29,83","",8,6,0,0,1,3,0,0,0,4,19,8,5,2,14,6,11,8,56,44,1.86,1.18,1.92,0.85,2.43,47,72,40,25,11,33,75,36,75,11.79,5.43,1.38,4.55,7.75,1.28,1.87,3.25,6.15,2.15,1.65,Estádio Dom Afonso Henriques (Guimarães)
1593549000,Jun 30 2020 - 8:30pm,complete,N/A,Rio Ave FC,Sporting Braga,Nuno Miguel Serrano Almeida,29,1.21,1.64,1.41,1.53,4,3,7,5,3,2,"34,35,41,90'6","21,27,81",1,4,2,0,2,1,0,2,0,3,13,12,6,6,7,6,16,21,47,53,1.58,1.69,1.48,1.41,2.54,54,64,40,22,18,36,83,33,68,12.29,6.28,2.95,3.30,2.35,1.26,1.83,3.15,5.90,1.67,2.10,Estádio do Rio Ave Futebol Clube (Vila do Conde)
1593626400,Jul 01 2020 - 6:00pm,complete,N/A,Belenenses,CD Tondela,Rui Manuel Gomes Costa,29,1.07,1.29,1.12,1.29,1,1,2,2,1,1,"39","9",2,5,3,0,4,1,1,2,1,4,11,13,4,5,7,8,19,15,61,39,1.24,1.02,1.33,1.61,2.29,36,57,33,21,18,40,68,25,50,7.50,5.64,2.50,2.75,3.30,1.49,2.50,4.85,9.75,2.05,1.71,Cidade do Futebol (Oeiras)
1593634500,Jul 01 2020 - 8:15pm,complete,N/A,Sporting CP,Gil Vicente,Rui Filipe Cunha Folha Oliveira,29,2.14,0.86,2.18,0.88,2,1,3,1,1,0,"21,49","90",4,3,0,0,2,0,0,0,0,2,15,10,5,4,10,6,22,14,51,49,1.73,1.19,1.52,1.26,2.29,47,72,47,11,4,47,61,32,79,9.71,4.72,1.65,3.65,5.50,1.32,2.00,3.55,6.95,1.95,1.80,Estádio José Alvalade (Lisboa)
1593800100,Jul 03 2020 - 6:15pm,complete,N/A,Santa Clara,CS Marítimo,Carlos Miguel Taborda Xistra,30,1.29,0.71,1.29,0.94,0,1,1,0,0,0,"","71",5,6,2,0,2,0,2,0,1,1,14,14,5,6,9,8,17,24,51,49,1.70,1.07,1.52,1.61,2.11,36,61,33,22,7,21,57,29,79,9.35,5.72,2.45,2.95,3.15,1.43,2.35,4.45,8.75,1.95,1.77,Cidade do Futebol (Oeiras)
1593878400,Jul 04 2020 - 4:00pm,complete,N/A,Vitória Setúbal,Paços de Ferreira,João Pedro Silva Pinheiro,30,1.14,1.00,1.12,1.12,2,3,5,2,2,0,"27,45'4","46,61,71",3,7,1,0,2,0,0,1,1,1,8,21,4,9,4,12,10,17,49,51,1.11,1.18,1.05,2.32,2.25,43,57,43,29,11,33,50,47,75,9.43,6.57,3.80,2.85,2.20,1.51,2.60,5.15,10.50,2.15,1.65,Estádio do Bonfim (Setúbal)
1593886500,Jul 04 2020 - 6:15pm,complete,N/A,Portimonense,Vitória Guimarães,Hugo Filipe Ferreira de Campos Moreira Miguel,30,1.14,1.29,1.29,1.29,0,1,1,0,0,0,"","67",5,3,1,0,1,0,0,1,0,1,14,10,3,4,11,6,21,13,59,41,1.52,1.94,1.39,1.26,2.57,61,75,43,33,14,43,71,43,64,12.43,4.79,3.10,3.20,2.35,1.34,2.05,3.75,7.25,1.83,1.91,Estádio Municipal de Portimão (Portimão)
1593893700,Jul 04 2020 - 8:15pm,complete,N/A,Benfica,Boavista FC,Fábio José Costa Veríssimo,30,2.07,1.36,2.24,1.18,3,1,4,3,3,0,"13,31,42","64",8,2,1,0,2,0,0,1,1,1,18,7,12,4,6,3,13,16,66,34,2.02,1.32,2.37,0.88,2.32,29,65,32,25,11,25,72,29,68,13.65,5.29,1.23,6.00,12.00,1.20,1.65,2.65,4.75,2.25,1.59,Estádio do Sport Lisboa e Benfica (da Luz) (Lisboa)
1593894600,Jul 04 2020 - 8:30pm,complete,N/A,Sporting Braga,CD Aves,Manuel Mota,30,1.93,0.29,2.00,0.24,4,0,4,0,0,0,"49,54,83,90'3","",6,3,1,0,1,0,0,1,0,1,15,7,9,3,6,4,13,13,69,31,2.05,1.14,2.08,0.81,3.14,61,83,64,43,18,36,75,54,93,10.78,4.93,1.17,7.75,11.75,1.15,1.50,2.25,3.90,2.20,1.61,Estádio Municipal de Braga (Braga)
1593964800,Jul 05 2020 - 4:00pm,complete,N/A,Gil Vicente,Rio Ave FC,Iancu Ioan Vasilica,30,1.50,1.93,1.65,1.82,1,0,1,1,1,0,"39","",2,7,3,1,2,0,2,2,1,1,9,14,3,4,6,10,17,14,34,66,1.55,1.17,1.03,1.45,2.36,50,75,40,22,7,36,64,39,75,9.14,4.43,4.05,3.45,1.91,1.32,2.00,3.55,6.85,1.83,1.87,Estádio Cidade de Barcelos (Barcelos)
1593972900,Jul 05 2020 - 6:15pm,complete,N/A,CD Tondela,Famalicão,Artur Manuel Ribeiro Soares Dias,30,0.79,1.43,0.82,1.59,0,1,1,0,0,0,"","55",8,6,3,0,4,1,2,1,3,2,12,10,3,4,9,6,6,15,44,56,1.31,1.48,1.37,1.22,2.43,57,75,50,25,4,32,57,50,75,9.71,5.08,3.45,3.00,2.25,1.38,2.20,4.10,8.00,1.87,1.83,Estádio João Cardoso (Tondela)
1593981000,Jul 05 2020 - 8:30pm,complete,N/A,Porto,Belenenses,Rui Filipe Cunha Folha Oliveira,30,2.64,1.07,2.71,0.94,5,0,5,1,1,0,"30,57,75,82,90'2","",3,5,2,0,3,0,1,1,1,2,19,11,9,2,10,9,11,10,57,43,2.01,1.15,2.20,1.01,2.54,36,75,54,25,11,36,72,50,71,11.92,4.93,1.11,8.50,20.25,1.15,1.50,2.25,3.90,2.65,1.43,Estádio Do Dragão (Porto)
1594065600,Jul 06 2020 - 8:00pm,complete,N/A,Moreirense FC,Sporting CP,Tiago Bruno Lopes Martins,30,1.57,1.57,1.41,1.35,0,0,0,0,0,0,"","",5,9,3,1,4,0,2,2,2,2,10,15,0,3,10,12,17,19,34,66,1.44,1.59,0.92,1.53,2.79,71,83,54,32,7,43,79,40,86,10.93,5.43,5.50,3.85,1.61,1.32,2.00,3.55,6.85,2.00,1.74,Parque Desportivo Comendador Joaquim de Almeida Freitas (Moreira de Cónegos)
1594231200,Jul 08 2020 - 6:00pm,complete,N/A,Boavista FC,CS Marítimo,Nuno Miguel Serrano Almeida,31,1.27,0.87,1.12,0.94,0,1,1,1,0,1,"","27",2,4,2,2,1,0,3,1,0,1,12,12,2,7,10,5,21,17,44,56,1.44,1.10,1.16,1.41,1.97,37,54,27,20,7,24,60,24,73,7.93,6.80,2.75,2.85,2.90,1.47,2.40,4.70,9.50,2.00,1.74,Estádio do Bessa Século XXI (Porto)
1594239300,Jul 08 2020 - 8:15pm,complete,N/A,CD Aves,Vitória Setúbal,João Bento,31,0.67,0.93,0.76,0.88,1,0,1,1,1,0,"4","",5,4,4,1,3,1,3,2,2,2,10,10,6,2,4,8,19,16,41,59,1.25,1.16,1.31,1.15,2.24,34,60,40,27,7,30,63,33,67,8.92,6.93,4.80,3.60,1.74,1.36,2.15,3.90,7.50,2.05,1.71,Estádio Clube Desportivo das Aves (Vila das Aves)
1594310400,Jul 09 2020 - 4:00pm,complete,N/A,Rio Ave FC,Portimonense,Rui Manuel Gomes Costa,31,1.33,0.73,1.41,0.65,2,1,3,2,1,1,"35,90'1","6",8,7,1,0,2,0,0,1,1,1,7,9,3,2,4,7,12,19,60,40,1.57,1.30,0.88,0.89,2.54,57,70,40,23,14,37,74,40,70,9.94,5.34,1.77,3.55,4.70,1.32,2.00,3.55,6.85,1.87,1.83,Estádio do Rio Ave Futebol Clube (Vila do Conde)
1594318500,Jul 09 2020 - 6:15pm,complete,N/A,CD Tondela,Porto,Fábio José Costa Veríssimo,31,0.73,2.20,0.82,2.12,1,3,4,0,0,0,"77","47,64,90'5",3,3,3,0,4,0,1,2,1,3,11,17,3,7,8,10,15,16,39,61,1.32,1.71,1.24,1.96,2.23,50,67,40,17,7,37,67,30,64,11.46,4.87,9.50,5.25,1.30,1.24,1.77,2.95,5.45,2.15,1.65,Estádio João Cardoso (Tondela)
1594326600,Jul 09 2020 - 8:30pm,complete,N/A,Famalicão,Benfica,Manuel Jorge Neves Moreira de Sousa,31,1.67,2.33,1.59,2.29,1,1,2,1,0,1,"84","36",4,8,2,0,3,0,2,0,2,1,13,20,7,10,6,10,12,16,48,52,1.67,1.68,1.53,2.44,2.94,54,77,54,34,20,24,70,64,80,10.23,5.74,5.65,4.50,1.50,1.19,1.62,2.55,4.55,1.74,2.00,Estádio Municipal 22 de Junho (Vila Nova de Famalicão)
1594396800,Jul 10 2020 - 4:00pm,complete,N/A,Vitória Guimarães,Gil Vicente,Vitor Jorge Fernandes Ferreira,31,1.67,0.80,1.65,0.88,1,2,3,0,0,0,"63","90'3,90'9",3,1,2,0,0,0,1,1,0,0,13,11,3,6,10,5,15,14,44,56,1.86,1.20,1.37,1.43,2.37,50,74,43,14,7,37,74,30,80,11.73,4.46,1.45,4.45,6.45,1.27,1.87,3.20,6.00,2.00,1.74,Estádio Dom Afonso Henriques (Guimarães)
1594404900,Jul 10 2020 - 6:15pm,complete,N/A,Sporting CP,Santa Clara,António Emanuel Carvalho Nobre,31,2.20,1.33,2.18,1.24,1,0,1,0,0,0,"67","",8,3,4,0,2,0,1,3,0,2,14,5,2,0,12,5,12,15,66,34,1.72,1.08,1.50,0.50,2.34,44,70,37,17,7,40,67,37,74,11.00,4.47,1.49,4.05,6.75,1.34,2.05,3.70,7.00,2.15,1.62,Estádio José Alvalade (Lisboa)
1594413000,Jul 10 2020 - 8:30pm,complete,N/A,Paços de Ferreira,Sporting Braga,Carlos Miguel Taborda Xistra,31,1.13,1.53,1.18,1.53,1,5,6,3,0,3,"78","3,34,38,47,89",3,1,5,0,3,0,5,0,1,2,15,12,4,9,11,3,15,12,46,54,1.63,1.67,1.51,1.62,2.34,47,57,44,14,14,17,80,37,63,11.93,6.93,4.10,3.50,1.87,1.26,1.83,3.10,5.80,1.71,2.05,Estádio da Capital do Móvel (Paços de Ferreira)
1594491300,Jul 11 2020 - 6:15pm,complete,N/A,Belenenses,Moreirense FC,Luis Miguel Branco Godinho,31,1.07,1.07,1.12,1.12,0,1,1,0,0,0,"","50",11,4,4,0,2,0,1,3,0,2,12,21,0,8,12,13,20,20,55,45,1.25,1.19,1.07,2.06,2.37,54,67,27,20,13,34,63,30,64,7.00,5.73,2.20,3.10,3.50,1.39,2.30,4.15,8.25,1.91,1.80,Cidade do Futebol (Oeiras)
1594663200,Jul 13 2020 - 6:00pm,complete,N/A,CS Marítimo,Rio Ave FC,Cláudio Filipe Ruivo Pereira,32,1.40,1.80,1.35,1.82,0,0,0,0,0,0,"","",4,5,0,0,2,0,0,0,1,1,19,10,5,3,14,7,20,20,36,64,1.36,1.19,1.83,1.19,2.37,57,77,43,17,7,30,77,34,73,9.31,5.20,3.95,3.20,2.00,1.38,2.15,4.00,7.75,1.95,1.80,Estádio dos Barreiros (Funchal (Ilha da Madeira))
1594671300,Jul 13 2020 - 8:15pm,complete,N/A,Vitória Setúbal,Famalicão,Hélder Miguel Azevedo Malheiro,32,1.07,1.53,1.12,1.59,1,2,3,2,1,1,"24","15,89",5,8,4,0,4,0,2,2,3,1,11,12,3,4,8,8,14,14,37,63,1.11,1.46,1.15,1.46,2.37,54,67,50,30,7,27,47,60,83,9.00,6.27,3.50,3.40,2.05,1.31,1.95,3.50,6.70,1.80,1.91,Estádio do Bonfim (Setúbal)
1594742400,Jul 14 2020 - 4:00pm,complete,N/A,Santa Clara,CD Aves,Gustavo Fernandes Correia,32,1.20,0.27,1.29,0.24,3,0,3,2,2,0,"21,28,74","",4,11,0,0,1,0,0,0,0,1,12,10,6,4,6,6,14,18,58,42,1.69,1.12,1.46,1.25,2.70,50,77,50,23,17,34,63,43,90,10.20,4.80,1.59,3.85,5.70,1.30,1.95,3.40,6.60,1.95,1.77,Cidade do Futebol (Oeiras)
1594750500,Jul 14 2020 - 6:15pm,complete,N/A,Portimonense,Boavista FC,Manuel Mota,32,1.07,1.27,1.29,1.18,2,1,3,2,2,0,"14,42","84",9,3,1,0,4,1,0,1,1,4,18,14,8,4,10,10,18,19,55,45,1.51,1.29,2.08,1.38,1.94,43,53,27,20,7,33,67,17,57,9.13,5.66,1.61,3.75,5.80,1.43,2.30,4.40,8.75,2.25,1.57,Estádio Municipal de Portimão (Portimão)
1594758600,Jul 14 2020 - 8:30pm,complete,N/A,Gil Vicente,CD Tondela,Manuel Jorge Neves Moreira de Sousa,32,1.60,1.27,1.65,1.29,3,2,5,1,1,0,"29,57,64","73,84",8,10,2,0,4,0,1,1,0,4,13,17,7,8,6,9,14,19,50,50,1.52,1.06,1.62,1.96,2.27,43,63,37,24,14,40,64,40,57,8.87,5.07,2.40,3.05,3.10,1.42,2.30,4.40,8.75,1.95,1.80,Estádio Cidade de Barcelos (Barcelos)
1594758600,Jul 14 2020 - 8:30pm,complete,N/A,Benfica,Vitória Guimarães,Hugo Filipe Ferreira de Campos Moreira Miguel,32,2.13,1.40,2.24,1.29,2,0,2,1,1,0,"37,87","",4,6,2,0,0,0,1,1,0,0,14,13,7,4,7,9,23,12,58,42,2.04,1.90,1.75,1.46,2.97,47,84,50,40,17,37,74,50,80,16.40,4.07,1.56,4.20,5.45,1.23,1.74,2.85,5.25,1.80,1.95,Estádio do Sport Lisboa e Benfica (da Luz) (Lisboa)
1594828800,Jul 15 2020 - 4:00pm,complete,N/A,Moreirense FC,Paços de Ferreira,Rui Manuel Gomes Costa,32,1.53,1.13,1.41,1.12,1,1,2,1,1,0,"36","75",4,4,2,0,5,0,0,2,0,5,14,11,5,3,9,8,16,12,41,59,1.41,1.26,1.46,1.22,2.70,57,74,50,27,20,37,70,47,80,10.20,5.94,2.75,3.00,2.75,1.40,2.25,4.25,8.25,1.91,1.80,Parque Desportivo Comendador Joaquim de Almeida Freitas (Moreira de Cónegos)
1594836900,Jul 15 2020 - 6:15pm,complete,N/A,Sporting Braga,Belenenses,André Filipe Domingues Narciso,32,2.00,1.00,2.00,0.94,1,1,2,1,1,0,"42","80",11,1,2,0,2,0,1,1,0,2,31,8,9,2,22,6,19,17,65,35,2.05,1.14,3.11,0.80,2.87,47,77,60,47,14,24,64,64,83,11.33,5.07,1.24,5.90,11.50,1.18,1.59,2.45,4.35,2.00,1.74,Estádio Municipal de Braga (Braga)
1594845000,Jul 15 2020 - 8:30pm,complete,N/A,Porto,Sporting CP,João Pedro Silva Pinheiro,32,2.67,1.53,2.71,1.35,2,0,2,0,0,0,"64,90'1","",5,8,4,0,2,0,0,4,1,1,11,9,4,3,7,6,16,20,49,51,2.02,1.59,1.34,1.02,2.74,47,77,57,37,7,44,80,37,77,13.00,5.33,1.74,3.55,4.80,1.24,1.77,2.95,5.55,1.69,2.05,Estádio Do Dragão (Porto)
1595095200,Jul 18 2020 - 6:00pm,complete,N/A,Rio Ave FC,Santa Clara,Rui Filipe Cunha Folha Oliveira,33,1.44,1.25,1.41,1.24,2,2,4,2,1,1,"23,81","45,69",9,4,3,0,2,0,0,3,1,1,18,14,7,7,11,7,22,14,65,35,1.53,1.04,2.08,1.60,2.51,51,63,35,25,16,41,75,32,66,11.44,4.81,1.50,4.00,6.60,1.29,1.91,3.30,6.35,2.00,1.77,Estádio do Rio Ave Futebol Clube (Vila do Conde)
1595103300,Jul 18 2020 - 8:15pm,complete,N/A,Famalicão,Boavista FC,Cláudio Filipe Ruivo Pereira,33,1.63,1.19,1.59,1.18,2,2,4,2,2,0,"9,45'1","62,73",7,3,2,0,3,0,0,2,3,0,17,12,8,4,9,8,13,19,59,41,1.67,1.30,1.83,1.30,2.51,51,66,41,26,13,32,72,31,69,9.25,6.63,1.54,3.90,6.15,1.35,2.10,3.80,7.25,2.10,1.67,Estádio Municipal 22 de Junho (Vila Nova de Famalicão)
1595181600,Jul 19 2020 - 6:00pm,complete,N/A,Belenenses,Gil Vicente,Manuel Antonio Rodrigues Oliveira,33,1.00,0.94,1.12,0.88,1,0,1,0,0,0,"88","",3,3,4,0,4,0,2,2,0,4,8,8,3,4,5,4,18,23,39,61,1.24,1.21,0.93,1.09,2.28,50,66,41,13,7,41,66,25,63,8.25,5.25,2.40,3.20,3.00,1.41,2.25,4.30,8.50,1.95,1.77,Cidade do Futebol (Oeiras)
1595189700,Jul 19 2020 - 8:15pm,complete,N/A,Vitória Guimarães,CS Marítimo,Luis Miguel Branco Godinho,33,1.56,1.00,1.65,0.94,1,0,1,1,1,0,"24","",3,1,2,0,4,0,1,1,0,4,22,13,5,3,17,10,24,14,44,56,1.83,1.12,2.15,1.21,2.22,38,63,32,22,10,25,66,29,79,10.88,5.26,1.65,3.80,5.25,1.25,1.80,3.05,5.70,1.80,1.95,Estádio Dom Afonso Henriques (Guimarães)
1595260800,Jul 20 2020 - 4:00pm,complete,N/A,Paços de Ferreira,Portimonense,João Pedro Silva Pinheiro,33,1.06,0.69,1.18,0.65,2,1,3,3,2,1,"7,41","17",0,5,2,0,3,0,2,0,0,3,11,10,3,4,8,6,15,22,44,56,1.62,1.27,1.09,1.24,2.19,50,63,44,13,7,19,72,41,66,10.06,6.07,2.95,3.15,2.45,1.30,2.05,3.40,6.60,1.74,2.00,Estádio da Capital do Móvel (Paços de Ferreira)
1595268900,Jul 20 2020 - 6:15pm,complete,N/A,CD Tondela,Sporting Braga,Artur Manuel Ribeiro Soares Dias,33,0.69,1.63,0.82,1.53,1,0,1,0,0,0,"74","",4,5,4,1,0,0,1,4,0,0,9,11,4,2,5,9,21,18,27,73,1.31,1.67,1.05,1.28,2.53,53,66,44,22,13,38,69,32,69,10.63,5.50,5.30,4.20,1.57,1.20,1.67,2.70,4.85,1.71,2.05,Estádio João Cardoso (Tondela)
1595276100,Jul 20 2020 - 8:15pm,complete,N/A,Porto,Moreirense FC,Carlos Miguel Taborda Xistra,33,2.69,1.19,2.71,1.12,6,1,7,2,1,1,"4,51,56,61,78,87","20",2,3,1,0,1,0,1,0,0,1,15,9,9,5,6,4,13,8,60,40,1.98,1.24,1.84,1.20,2.50,41,72,41,22,13,29,66,41,78,9.81,4.94,1.30,5.50,8.75,1.19,1.62,2.55,4.55,1.91,1.80,Estádio Do Dragão (Porto)
1595354400,Jul 21 2020 - 6:00pm,complete,N/A,Sporting CP,Vitória Setúbal,Nuno Miguel Serrano Almeida,33,2.25,0.88,2.18,0.88,0,0,0,0,0,0,"","",6,0,1,0,3,0,0,1,0,3,15,4,4,2,11,2,15,19,71,29,1.70,1.16,1.67,0.48,2.29,41,69,41,19,6,35,66,38,76,9.88,5.75,1.40,4.45,7.75,1.29,1.91,3.35,6.45,2.15,1.65,Estádio José Alvalade (Lisboa)
1595362500,Jul 21 2020 - 8:15pm,complete,N/A,CD Aves,Benfica,António Emanuel Carvalho Nobre,33,0.81,2.25,0.76,2.29,0,4,4,1,0,1,"","4,52,87,90'3",1,6,1,0,0,0,0,1,0,0,9,18,2,10,7,8,11,22,36,64,1.25,1.73,0.85,2.24,2.38,38,66,41,25,10,25,63,47,72,10.40,6.13,17.75,8.25,1.13,1.11,1.41,2.05,3.35,2.30,1.56,Estádio Clube Desportivo das Aves (Vila das Aves)
1595613600,Jul 24 2020 - 6:00pm,complete,N/A,Santa Clara,Vitória Guimarães,João Bento,34,1.31,1.31,1.29,1.29,2,2,4,3,2,1,"35,42","45,71",3,9,4,1,3,0,1,4,0,3,7,12,3,5,4,7,21,11,41,59,1.67,1.87,0.94,1.55,2.50,47,79,41,22,10,35,63,41,82,13.50,4.32,3.40,3.20,2.20,1.23,1.74,2.90,5.35,1.59,2.25,Cidade do Futebol (Oeiras)
1595621700,Jul 24 2020 - 8:15pm,complete,N/A,Gil Vicente,Paços de Ferreira,Iancu Ioan Vasilica,34,1.69,1.13,1.65,1.12,3,3,6,4,2,2,"16,21,67","10,29,48",7,5,3,0,2,0,1,2,1,1,12,14,6,8,6,6,23,20,52,48,1.52,1.25,1.43,1.62,2.69,53,72,47,35,19,38,66,53,75,10.69,5.81,2.45,3.25,2.90,1.32,2.00,3.55,6.85,1.77,1.95,Estádio Cidade de Barcelos (Barcelos)
1595700000,Jul 25 2020 - 6:00pm,complete,N/A,CS Marítimo,Famalicão,Tiago Bruno Lopes Martins,34,1.38,1.63,1.35,1.59,3,3,6,2,1,1,"2,48,90'5","45'6,87,90'1",1,11,4,2,3,2,2,4,1,4,9,20,6,7,3,13,17,18,29,71,1.39,1.46,1.15,2.17,2.60,66,81,57,25,6,28,66,57,82,10.41,6.19,3.40,3.35,2.10,1.27,1.87,3.20,6.00,1.71,2.05,Estádio dos Barreiros (Funchal (Ilha da Madeira))
1595700000,Jul 25 2020 - 6:00pm,complete,N/A,Boavista FC,Rio Ave FC,Manuel Antonio Rodrigues Oliveira,34,1.19,1.75,1.12,1.82,0,2,2,1,0,1,"","17,84",6,5,3,0,2,0,0,3,0,2,11,8,3,6,8,2,18,18,49,51,1.42,1.19,1.19,1.16,1.97,41,60,28,13,6,25,69,22,69,8.19,5.88,4.90,4.25,1.61,1.23,1.74,2.90,5.35,1.80,1.95,Estádio do Bessa Século XXI (Porto)
1595708100,Jul 25 2020 - 8:15pm,complete,N/A,Benfica,Sporting CP,Fábio José Costa Veríssimo,34,2.19,1.44,2.24,1.35,2,1,3,1,1,0,"28,88","69",8,4,4,0,3,0,2,2,1,2,17,13,5,6,12,7,20,15,47,53,2.02,1.55,1.82,1.53,2.82,47,78,50,44,10,35,75,41,85,14.69,4.94,1.69,3.95,4.50,1.23,1.74,2.90,5.35,1.71,2.05,Estádio do Sport Lisboa e Benfica (da Luz) (Lisboa)
1595708100,Jul 25 2020 - 8:15pm,complete,N/A,Sporting Braga,Porto,Manuel Jorge Neves Moreira de Sousa,34,1.94,2.25,2.00,2.12,2,1,3,1,0,1,"54,66","6",8,3,6,0,3,0,1,5,1,2,14,11,6,5,8,6,18,14,39,61,2.12,1.72,1.55,1.32,2.85,56,78,57,41,10,25,72,50,82,12.82,5.31,2.50,3.65,2.55,1.17,1.57,2.45,4.30,1.50,2.45,Estádio Municipal de Braga (Braga)
1595788200,Jul 26 2020 - 6:30pm,complete,N/A,Portimonense,CD Aves,Hugo Filipe Ferreira de Campos Moreira Miguel,34,1.19,0.25,1.29,0.24,2,0,2,0,0,0,"62,89","",6,4,2,0,3,0,1,1,1,2,14,10,7,3,7,7,19,21,58,42,1.55,1.13,1.73,1.13,2.69,56,72,54,28,19,44,72,38,79,9.31,4.63,1.16,7.25,15.50,1.18,1.61,2.55,4.45,2.45,1.50,Estádio Municipal de Portimão (Portimão)
1595788200,Jul 26 2020 - 6:30pm,complete,N/A,Vitória Setúbal,Belenenses,Artur Manuel Ribeiro Soares Dias,34,1.00,1.00,1.12,0.94,2,0,2,1,1,0,"31,90'4","",2,4,2,0,1,0,0,2,0,1,12,9,5,3,7,6,15,9,33,67,1.11,1.12,1.31,0.98,2.31,47,66,47,28,13,32,54,54,75,8.88,5.69,1.61,3.90,5.50,1.28,1.91,3.25,6.15,1.83,1.87,Estádio do Bonfim (Setúbal)
1595788200,Jul 26 2020 - 6:30pm,complete,N/A,Moreirense FC,CD Tondela,Luis Miguel Branco Godinho,34,1.50,1.19,1.41,1.29,1,2,3,1,0,1,"70","45,90",5,4,3,0,2,0,1,2,1,1,14,15,5,5,9,10,17,20,67,33,1.41,1.12,1.72,1.51,2.41,54,69,41,19,19,35,72,35,66,8.81,5.32,3.10,2.45,3.00,1.48,2.45,4.80,9.75,1.95,1.77,Parque Desportivo Comendador Joaquim de Almeida Freitas (Moreira de Cónegos)
