timestamp,date_GMT,status,attendance,home_team_name,away_team_name,referee,Game Week,Pre-Match PPG (Home),Pre-Match PPG (Away),home_ppg,away_ppg,home_team_goal_count,away_team_goal_count,total_goal_count,total_goals_at_half_time,home_team_goal_count_half_time,away_team_goal_count_half_time,home_team_goal_timings,away_team_goal_timings,home_team_corner_count,away_team_corner_count,home_team_yellow_cards,home_team_red_cards,away_team_yellow_cards,away_team_red_cards,home_team_first_half_cards,home_team_second_half_cards,away_team_first_half_cards,away_team_second_half_cards,home_team_shots,away_team_shots,home_team_shots_on_target,away_team_shots_on_target,home_team_shots_off_target,away_team_shots_off_target,home_team_fouls,away_team_fouls,home_team_possession,away_team_possession,Home Team Pre-Match xG,Away Team Pre-Match xG,team_a_xg,team_b_xg,average_goals_per_match_pre_match,btts_percentage_pre_match,over_15_percentage_pre_match,over_25_percentage_pre_match,over_35_percentage_pre_match,over_45_percentage_pre_match,over_15_HT_FHG_percentage_pre_match,over_05_HT_FHG_percentage_pre_match,over_15_2HG_percentage_pre_match,over_05_2HG_percentage_pre_match,average_corners_per_match_pre_match,average_cards_per_match_pre_match,odds_ft_home_team_win,odds_ft_draw,odds_ft_away_team_win,odds_ft_over15,odds_ft_over25,odds_ft_over35,odds_ft_over45,odds_btts_yes,odds_btts_no,stadium_name
1470478500,Aug 06 2016 - 10:15am,complete,821,SC Olhanense,Associação Académica de Coimbra OAF,N/A,1,0.00,0.00,0.90,1.00,1,2,3,1,0,1,"52","41,66",5,1,2,0,0,0,0,2,0,0,8,8,4,3,4,5,11,14,50,50,0.00,0.00,0.00,0.00,0.00,0,0,0,0,0,0,0,0,0,0.00,0.00,2.83,3.18,2.76,0.00,0.00,0.00,0.00,0.00,0.00,Estádio José Arcanjo
1470495600,Aug 06 2016 - 3:00pm,complete,627,Academico Viseu,FC Vizela,N/A,1,0.00,0.00,1.29,0.95,0,1,1,0,0,0,"","49",6,6,2,0,2,0,1,1,1,1,17,7,5,5,12,2,16,9,52,48,0.00,0.00,0.00,0.00,0.00,0,0,0,0,0,0,0,0,0,0.00,0.00,2.33,3.25,3.41,0.00,0.00,0.00,0.00,0.00,0.00,Estádio Municipal do Fontelo
1470495600,Aug 06 2016 - 3:00pm,complete,195,Sporting CP II,Portimonense,N/A,1,0.00,0.00,1.48,1.52,1,2,3,1,1,0,"18","56,77",0,9,0,0,3,0,0,0,1,2,3,15,2,9,1,6,18,14,47,53,0.00,0.00,0.00,0.00,0.00,0,0,0,0,0,0,0,0,0,0.00,0.00,2.36,3.25,3.34,0.00,0.00,0.00,0.00,0.00,0.00,CGD Stadium Aurélio Pereira
1470499200,Aug 06 2016 - 4:00pm,complete,614,Santa Clara,Vitória Guimarães II,N/A,1,0.00,0.00,1.86,0.62,2,1,3,1,0,1,"79,90'4","35",7,6,7,0,3,0,2,5,0,3,13,7,5,3,8,4,19,12,58,42,0.00,0.00,0.00,0.00,0.00,0,0,0,0,0,0,0,0,0,0.00,0.00,2.27,3.28,3.51,0.00,0.00,0.00,0.00,0.00,0.00,Estádio de São Miguel (Ponta Delgada- Ilha de São Miguel- Açores)
1470499200,Aug 06 2016 - 4:00pm,complete,740,Sporting Braga II,Fafe,N/A,1,0.00,0.00,1.76,1.29,1,1,2,1,0,1,"67","38",2,3,1,0,3,0,0,1,0,3,10,7,3,3,7,4,11,18,53,47,0.00,0.00,0.00,0.00,0.00,0,0,0,0,0,0,0,0,0,0.00,0.00,1.80,3.58,5.16,0.00,0.00,0.00,0.00,0.00,0.00,Estádio 1º de Maio
1470499200,Aug 06 2016 - 4:00pm,complete,679,Freamunde,CF União,N/A,1,0.00,0.00,1.14,1.14,0,1,1,0,0,0,"","90",11,4,1,0,2,0,1,0,0,2,10,5,5,2,5,3,7,14,55,45,0.00,0.00,0.00,0.00,0.00,0,0,0,0,0,0,0,0,0,0.00,0.00,2.55,3.15,3.12,0.00,0.00,0.00,0.00,0.00,0.00,Complexo Desportivo do SC Freamunde
1470499200,Aug 06 2016 - 4:00pm,complete,561,FC Penafiel,Sporting Covilhã,N/A,1,0.00,0.00,2.14,1.29,1,0,1,0,0,0,"78","",4,3,0,0,2,0,0,0,0,2,10,8,8,5,2,3,9,17,49,51,0.00,0.00,0.00,0.00,0.00,0,0,0,0,0,0,0,0,0,0.00,0.00,2.27,3.16,3.66,0.00,0.00,0.00,0.00,0.00,0.00,Estádio Municipal 25 de Abril
1470499200,Aug 06 2016 - 4:00pm,complete,N/A,Leixões,Famalicão,N/A,1,0.00,0.00,1.38,0.81,0,0,0,0,0,0,"","",-1,-1,1,0,2,0,0,1,0,2,-1,-1,-1,-1,-1,-1,-1,-1,-1,-1,0.00,0.00,0.00,0.00,0.00,0,0,0,0,0,0,0,0,0,0.00,0.00,2.63,3.20,2.96,0.00,0.00,0.00,0.00,0.00,0.00,Estádio do Mar
1470502800,Aug 06 2016 - 5:00pm,complete,1331,Benfica II,Cova Piedade,N/A,1,0.00,0.00,1.90,0.90,1,1,2,2,1,1,"11","21",3,1,0,0,0,0,0,0,0,0,17,7,5,3,12,4,11,17,57,43,0.00,0.00,0.00,0.00,0.00,0,0,0,0,0,0,0,0,0,0.00,0.00,1.67,3.90,5.76,0.00,0.00,0.00,0.00,0.00,0.00,Caixa Futebol Campus
1470502800,Aug 06 2016 - 5:00pm,complete,1227,Gil Vicente,Varzim,N/A,1,0.00,0.00,1.81,1.43,1,0,1,1,1,0,"4","",3,5,3,0,2,0,1,2,0,2,6,7,4,2,2,5,20,9,45,55,0.00,0.00,0.00,0.00,0.00,0,0,0,0,0,0,0,0,0,0.00,0.00,2.10,3.31,3.97,0.00,0.00,0.00,0.00,0.00,0.00,Estádio Cidade de Barcelos
1470564900,Aug 07 2016 - 10:15am,complete,620,CD Aves,Porto II,N/A,1,0.00,0.00,2.33,1.14,2,1,3,2,1,1,"10,79","15",8,5,2,0,1,0,1,1,1,0,12,5,4,3,8,2,12,16,46,54,0.00,0.00,0.00,0.00,0.00,0,0,0,0,0,0,0,0,0,0.00,0.00,2.75,3.20,2.82,0.00,0.00,0.00,0.00,0.00,0.00,Estádio Clube Desportivo das Aves
1471021200,Aug 12 2016 - 5:00pm,complete,2959,Vitória Guimarães II,CD Aves,N/A,2,0.00,0.00,2.24,1.52,1,1,2,1,0,1,"47","8",6,3,2,0,1,0,1,1,0,1,8,5,5,3,3,2,11,15,53,47,0.00,0.00,0.00,0.00,0.00,0,0,0,0,0,0,0,0,0,0.00,0.00,2.96,3.12,2.69,0.00,0.00,0.00,0.00,0.00,0.00,Estádio Dom Afonso Henriques
1471083300,Aug 13 2016 - 10:15am,complete,2158,Varzim,Benfica II,N/A,2,0.00,0.00,1.48,1.10,2,0,2,1,1,0,"10,89","",5,7,2,0,2,0,2,0,0,2,10,15,6,7,4,8,13,13,44,56,0.00,0.00,0.00,0.00,0.00,0,0,0,0,0,0,0,0,0,0.00,0.00,2.31,3.27,3.43,0.00,0.00,0.00,0.00,0.00,0.00,Estádio Varzim Sport Club
1471100400,Aug 13 2016 - 3:00pm,complete,723,CF União,Sporting Braga II,N/A,2,0.00,0.00,1.90,1.19,1,1,2,1,1,0,"30","59",3,1,2,0,2,0,1,1,1,1,13,8,5,2,8,6,18,14,56,44,0.00,0.00,0.00,0.00,0.00,0,0,0,0,0,0,0,0,0,0.00,0.00,1.85,3.32,5.28,0.00,0.00,0.00,0.00,0.00,0.00,Estádio do Centro Desportivo da Madeira
1471100400,Aug 13 2016 - 3:00pm,complete,1890,FC Vizela,Gil Vicente,N/A,2,0.00,0.00,1.24,0.86,2,2,4,2,1,1,"29,86","23,90'1",4,3,2,1,1,0,1,2,0,1,8,5,4,2,4,3,13,15,49,51,0.00,0.00,0.00,0.00,0.00,0,0,0,0,0,0,0,0,0,0.00,0.00,2.46,3.10,3.32,0.00,0.00,0.00,0.00,0.00,0.00,Estádio Do Vizela (Caldas de Vizela)
1471104000,Aug 13 2016 - 4:00pm,complete,2995,Famalicão,SC Olhanense,N/A,2,0.00,0.00,1.71,0.43,4,2,6,2,2,0,"18,32,54,57","84,89",9,4,2,0,5,0,0,2,1,4,11,11,4,4,7,7,21,22,63,37,0.00,0.00,0.00,0.00,0.00,0,0,0,0,0,0,0,0,0,0.00,0.00,1.94,3.30,4.71,0.00,0.00,0.00,0.00,0.00,0.00,Estádio Municipal 22 de Junho
1471169700,Aug 14 2016 - 10:15am,complete,500,Sporting Covilhã,Sporting CP II,N/A,2,0.00,0.00,1.67,1.14,1,2,3,1,1,0,"42","61,76",6,2,0,0,2,1,0,0,0,3,11,10,5,5,6,5,5,13,52,48,0.00,0.00,0.00,0.00,0.00,0,0,0,0,0,0,0,0,0,0.00,0.00,1.93,3.35,4.70,0.00,0.00,0.00,0.00,0.00,0.00,Estádio Municipal José dos Santos Pinto
1471186800,Aug 14 2016 - 3:00pm,complete,3003,Associação Académica de Coimbra OAF,Santa Clara,N/A,2,0.00,0.00,1.95,1.00,0,1,1,1,0,1,"","5",3,1,2,0,4,0,0,2,3,1,14,5,4,3,10,2,16,21,65,35,0.00,0.00,0.00,0.00,0.00,0,0,0,0,0,0,0,0,0,0.00,0.00,2.09,3.19,4.22,0.00,0.00,0.00,0.00,0.00,0.00,Estádio EFAPEL
1471190400,Aug 14 2016 - 4:00pm,complete,1698,Fafe,Freamunde,N/A,2,0.00,0.00,0.86,0.76,2,2,4,0,0,0,"79,90'1","53,69",7,5,3,0,3,1,1,2,1,3,15,8,9,6,6,2,13,17,52,48,0.00,0.00,0.00,0.00,0.00,0,0,0,0,0,0,0,0,0,0.00,0.00,2.64,3.02,3.12,0.00,0.00,0.00,0.00,0.00,0.00,Estádio Dr. Machado de Matos
1471190400,Aug 14 2016 - 4:00pm,complete,690,Porto II,Academico Viseu,N/A,2,0.00,0.00,1.71,1.19,1,0,1,0,0,0,"74","",7,5,1,0,3,0,0,1,1,2,11,12,5,6,6,6,17,13,58,42,0.00,0.00,0.00,0.00,0.00,0,0,0,0,0,0,0,0,0,0.00,0.00,1.83,3.64,4.76,0.00,0.00,0.00,0.00,0.00,0.00,Estádio Dr. Jorge Sampaio
1471190400,Aug 14 2016 - 4:00pm,complete,372,Cova Piedade,Leixões,N/A,2,0.00,0.00,1.62,0.81,1,0,1,1,1,0,"26","",2,4,4,0,2,0,2,2,0,2,5,15,3,8,2,7,23,15,44,56,0.00,0.00,0.00,0.00,0.00,0,0,0,0,0,0,0,0,0,0.00,0.00,2.24,3.12,3.80,0.00,0.00,0.00,0.00,0.00,0.00,Caixa Futebol Campus
1471190400,Aug 14 2016 - 4:00pm,complete,1472,Portimonense,FC Penafiel,N/A,2,0.00,0.00,2.43,0.86,3,2,5,3,2,1,"27,33,60","30,48",8,8,3,1,4,0,1,3,0,4,7,6,5,3,2,3,15,16,55,45,0.00,0.00,0.00,0.00,0.00,0,0,0,0,0,0,0,0,0,0.00,0.00,1.91,3.27,4.99,0.00,0.00,0.00,0.00,0.00,0.00,Estádio do Portimonense SC (Portimão)
1471626000,Aug 19 2016 - 5:00pm,complete,828,Benfica II,Gil Vicente,N/A,3,1.00,1.00,1.90,0.86,1,1,2,1,1,0,"14","90'3",3,2,2,1,0,0,1,2,0,0,11,11,4,4,7,7,16,10,56,44,0.00,0.00,0.00,0.00,3.00,100,100,50,50,0,100,100,50,50,6.00,1.00,2.17,3.33,3.71,0.00,0.00,0.00,0.00,0.00,0.00,Caixa Futebol Campus
1471705200,Aug 20 2016 - 3:00pm,complete,1206,Portimonense,CF União,N/A,3,3.00,3.00,2.43,1.14,2,0,2,2,2,0,"8,42","",2,5,2,0,2,0,1,1,1,1,5,3,0,3,5,0,17,20,46,54,0.00,0.00,0.00,0.00,3.00,50,50,50,50,50,50,50,50,100,12.00,7.00,1.78,3.40,5.69,0.00,0.00,0.00,0.00,0.00,0.00,Estádio do Portimonense SC (Portimão)
1471705200,Aug 20 2016 - 3:00pm,complete,282,SC Olhanense,Sporting Covilhã,N/A,3,0.00,0.00,0.90,1.29,0,0,0,0,0,0,"","",2,4,2,0,0,0,1,1,0,0,4,8,0,3,4,5,10,11,46,54,0.00,0.00,0.00,0.00,2.00,50,50,50,0,0,0,50,50,100,8.00,4.00,2.96,3.05,2.74,0.00,0.00,0.00,0.00,0.00,0.00,Estádio José Arcanjo
1471705200,Aug 20 2016 - 3:00pm,complete,256,Sporting CP II,Fafe,N/A,3,0.00,1.00,1.48,1.29,2,4,6,3,2,1,"33,42","40,48,67,68",7,9,1,0,1,0,0,1,0,1,13,10,7,4,6,6,13,9,48,52,0.00,0.00,0.00,0.00,2.50,100,100,50,0,0,0,100,50,100,3.00,3.00,2.11,3.31,3.94,0.00,0.00,0.00,0.00,0.00,0.00,CGD Stadium Aurélio Pereira
1471708800,Aug 20 2016 - 4:00pm,complete,784,Santa Clara,Famalicão,N/A,3,3.00,1.00,1.86,0.81,2,1,3,1,1,0,"38,87","50",6,7,2,0,2,0,2,0,0,2,9,10,7,5,2,5,15,16,45,55,0.00,0.00,0.00,0.00,1.50,50,50,50,0,0,0,50,50,50,7.00,9.00,2.62,3.06,3.10,0.00,0.00,0.00,0.00,0.00,0.00,Estádio de São Miguel (Ponta Delgada- Ilha de São Miguel- Açores)
1471708800,Aug 20 2016 - 4:00pm,complete,854,CD Aves,FC Vizela,N/A,3,3.00,3.00,2.33,0.95,2,2,4,1,0,1,"89,90","44,55",11,0,3,1,2,0,2,2,0,2,15,5,4,4,11,1,15,18,65,35,0.00,0.00,0.00,0.00,2.00,50,50,50,0,0,50,50,0,100,14.00,4.00,1.89,3.36,4.90,0.00,0.00,0.00,0.00,0.00,0.00,Estádio Clube Desportivo das Aves
1471708800,Aug 20 2016 - 4:00pm,complete,250,Sporting Braga II,Cova Piedade,N/A,3,1.00,1.00,1.76,0.90,0,1,1,1,0,1,"","24",2,2,0,0,3,0,0,0,1,2,15,3,6,2,9,1,14,20,68,32,0.00,0.00,0.00,0.00,2.00,100,100,0,0,0,50,100,0,50,3.00,1.00,2.20,3.19,3.80,0.00,0.00,0.00,0.00,0.00,0.00,Estádio 1º de Maio
1471708800,Aug 20 2016 - 4:00pm,complete,583,Freamunde,Vitória Guimarães II,N/A,3,0.00,0.00,1.14,0.62,0,1,1,0,0,0,"","56",4,3,5,0,3,0,3,2,1,2,13,10,6,6,7,4,15,20,63,37,0.00,0.00,0.00,0.00,2.00,50,50,50,0,0,0,50,50,100,17.00,4.00,1.83,3.43,5.17,0.00,0.00,0.00,0.00,0.00,0.00,Complexo Desportivo do SC Freamunde
1471708800,Aug 20 2016 - 4:00pm,complete,N/A,Leixões,Porto II,N/A,3,1.00,0.00,1.38,1.14,1,2,3,2,1,1,"25","40,81",-1,-1,2,0,4,0,0,2,2,2,-1,-1,-1,-1,-1,-1,-1,-1,-1,-1,0.00,0.00,0.00,0.00,1.50,50,50,50,0,0,50,50,0,50,5.00,2.00,2.74,3.23,2.81,0.00,0.00,0.00,0.00,0.00,0.00,Estádio do Mar
1471708800,Aug 20 2016 - 4:00pm,complete,588,Academico Viseu,Varzim,N/A,3,0.00,0.00,1.29,1.43,2,2,4,1,0,1,"49,86","45'1,59",10,7,2,0,3,0,0,2,2,1,10,11,7,7,3,4,10,11,59,41,0.00,0.00,0.00,0.00,1.00,0,0,0,0,0,0,50,0,50,11.00,4.00,2.24,3.15,3.77,0.00,0.00,0.00,0.00,0.00,0.00,Estádio Municipal do Fontelo
1471774500,Aug 21 2016 - 10:15am,complete,627,FC Penafiel,Associação Académica de Coimbra OAF,N/A,3,3.00,3.00,2.14,1.00,1,0,1,0,0,0,"54","",5,2,0,0,0,0,0,0,0,0,13,3,6,3,7,0,20,14,46,54,0.00,0.00,0.00,0.00,2.00,50,50,50,0,0,0,50,50,100,5.00,0.00,2.51,3.11,3.22,0.00,0.00,0.00,0.00,0.00,0.00,Estádio Municipal 25 de Abril
1472049000,Aug 24 2016 - 2:30pm,complete,637,CF União,FC Penafiel,N/A,4,1.00,0.00,1.90,0.86,0,0,0,0,0,0,"","",5,5,2,0,3,0,1,1,1,2,10,9,6,5,4,4,10,13,61,39,0.00,0.00,0.00,0.00,3.50,100,100,50,50,50,50,100,50,100,11.00,6.00,2.27,3.16,3.66,0.00,0.00,0.00,0.00,0.00,0.00,Estádio do Centro Desportivo da Madeira
1472050800,Aug 24 2016 - 3:00pm,complete,2311,Associação Académica de Coimbra OAF,Portimonense,N/A,4,0.00,3.00,1.95,1.52,0,0,0,0,0,0,"","",7,10,1,0,1,1,1,0,1,1,8,7,4,3,4,4,14,12,44,56,0.00,0.00,0.00,0.00,2.00,50,50,50,0,0,0,100,50,50,12.00,5.00,2.97,3.18,2.64,0.00,0.00,0.00,0.00,0.00,0.00,Estádio EFAPEL
1472054400,Aug 24 2016 - 4:00pm,complete,917,Gil Vicente,Academico Viseu,N/A,4,3.00,0.00,1.81,1.19,0,0,0,0,0,0,"","",4,7,2,0,1,0,1,1,1,0,11,13,4,5,7,8,11,9,56,44,0.00,0.00,0.00,0.00,1.00,0,0,0,0,0,0,50,0,50,8.00,6.00,2.16,3.29,3.79,0.00,0.00,0.00,0.00,0.00,0.00,Estádio Cidade de Barcelos
1472054400,Aug 24 2016 - 4:00pm,complete,1200,FC Vizela,Benfica II,N/A,4,1.00,0.00,1.24,1.10,1,2,3,2,1,1,"3","45,68",5,5,1,1,4,1,0,2,2,3,9,12,4,7,5,5,5,19,44,56,0.00,0.00,0.00,0.00,3.00,50,100,50,50,0,50,100,50,100,11.00,6.00,2.38,3.29,3.26,0.00,0.00,0.00,0.00,0.00,0.00,Estádio Do Vizela (Caldas de Vizela)
1472054400,Aug 24 2016 - 4:00pm,complete,668,Porto II,SC Olhanense,N/A,4,3.00,0.00,1.71,0.43,2,1,3,0,0,0,"49,73","87",8,4,1,0,1,0,0,1,0,1,8,11,2,5,6,6,12,15,64,36,0.00,0.00,0.00,0.00,3.50,50,50,50,50,50,50,50,50,100,11.00,6.00,1.66,3.86,5.89,0.00,0.00,0.00,0.00,0.00,0.00,Estádio Dr. Jorge Sampaio
1472056200,Aug 24 2016 - 4:30pm,complete,281,Sporting Covilhã,Sporting Braga II,N/A,4,0.00,1.00,1.67,1.19,1,3,4,1,0,1,"84","25,78,83",3,0,2,0,4,0,1,1,1,3,11,7,7,3,4,4,15,13,59,41,0.00,0.00,0.00,0.00,2.50,100,100,50,0,0,0,100,50,100,7.00,2.00,1.92,3.32,4.82,0.00,0.00,0.00,0.00,0.00,0.00,Estádio Municipal José dos Santos Pinto
1472058000,Aug 24 2016 - 5:00pm,complete,2465,Famalicão,Sporting CP II,N/A,4,3.00,3.00,1.71,1.14,1,1,2,1,1,0,"14","67",2,7,1,0,3,0,0,1,0,3,15,8,6,5,9,3,11,23,51,49,0.00,0.00,0.00,0.00,4.50,100,100,100,50,50,50,100,100,100,11.00,5.00,1.83,3.60,4.88,0.00,0.00,0.00,0.00,0.00,0.00,Estádio Municipal 22 de Junho
1472379300,Aug 28 2016 - 10:15am,complete,606,CD Aves,Benfica II,N/A,5,2.00,1.50,2.33,1.10,1,2,3,1,0,1,"59","24,63",12,2,2,0,3,0,2,0,0,3,30,10,9,8,21,2,8,16,64,36,0.00,0.00,0.00,0.00,3.00,75,100,75,25,0,50,100,25,100,15.50,6.50,2.07,3.38,3.99,0.00,0.00,0.00,0.00,0.00,0.00,Estádio Clube Desportivo das Aves
1472396400,Aug 28 2016 - 3:00pm,complete,2009,Associação Académica de Coimbra OAF,CF União,N/A,5,0.50,1.50,1.95,1.14,1,0,1,1,1,0,"42","",2,12,3,0,3,0,1,2,1,2,11,19,6,4,5,15,10,16,43,57,0.00,0.00,0.00,0.00,1.00,0,25,0,0,0,25,50,0,25,9.50,3.50,2.46,3.08,3.34,0.00,0.00,0.00,0.00,0.00,0.00,Estádio EFAPEL
1472396400,Aug 28 2016 - 3:00pm,complete,759,Freamunde,Porto II,N/A,5,0.00,1.50,1.14,1.14,3,1,4,1,1,0,"10,46,77","66",4,0,5,0,2,1,3,2,1,2,9,13,8,6,1,7,27,15,42,58,0.00,0.00,0.00,0.00,2.00,50,50,50,0,0,50,50,0,100,12.50,5.50,2.39,3.19,3.35,0.00,0.00,0.00,0.00,0.00,0.00,Complexo Desportivo do SC Freamunde
1472396400,Aug 28 2016 - 3:00pm,complete,1110,Portimonense,Sporting Covilhã,N/A,5,3.00,0.50,2.43,1.29,2,1,3,0,0,0,"69,71","84",4,3,0,0,4,0,0,0,0,4,8,5,4,3,4,2,11,11,58,42,0.00,0.00,0.00,0.00,2.00,25,50,25,25,25,50,50,25,50,8.50,4.50,1.80,3.45,5.40,0.00,0.00,0.00,0.00,0.00,0.00,Estádio do Portimonense SC (Portimão)
1472396400,Aug 28 2016 - 3:00pm,complete,428,SC Olhanense,Fafe,N/A,5,0.50,2.00,0.90,1.29,2,3,5,1,0,1,"62,86","5,59,89",9,7,2,0,2,1,1,1,1,2,7,9,4,6,3,3,15,23,52,48,0.00,0.00,0.00,0.00,2.75,75,75,50,25,25,25,75,50,75,9.50,4.00,2.51,3.08,3.25,0.00,0.00,0.00,0.00,0.00,0.00,Estádio José Arcanjo
1472396400,Aug 28 2016 - 3:00pm,complete,576,Academico Viseu,Vitória Guimarães II,N/A,5,0.50,1.50,1.29,0.62,2,1,3,1,1,0,"19,68","50",5,5,1,0,2,0,0,1,0,2,16,9,6,3,10,6,16,10,47,53,0.00,0.00,0.00,0.00,2.25,50,50,50,25,0,0,50,50,100,12.50,5.00,2.11,3.28,3.97,0.00,0.00,0.00,0.00,0.00,0.00,Estádio Municipal do Fontelo
1472400000,Aug 28 2016 - 4:00pm,complete,680,Sporting Braga II,Famalicão,N/A,5,0.50,0.50,1.76,0.81,3,0,3,2,2,0,"10,18,73","",3,5,3,0,6,0,1,2,1,5,11,7,6,4,5,3,19,12,46,54,0.00,0.00,0.00,0.00,1.50,50,50,25,0,0,0,75,25,50,9.00,2.50,3.09,3.15,2.57,0.00,0.00,0.00,0.00,0.00,0.00,Estádio 1º de Maio
1472400000,Aug 28 2016 - 4:00pm,complete,873,Leixões,Varzim,N/A,5,0.50,0.50,1.38,1.43,3,0,3,1,1,0,"44,51,55","",2,7,2,0,5,0,2,0,2,3,11,7,6,3,5,4,10,17,56,44,0.00,0.00,0.00,0.00,2.00,50,50,50,25,0,25,75,25,50,6.00,4.00,2.67,3.11,2.99,0.00,0.00,0.00,0.00,0.00,0.00,Estádio do Mar
1472400000,Aug 28 2016 - 4:00pm,complete,439,FC Penafiel,Cova Piedade,N/A,5,3.00,2.00,2.14,0.90,2,1,3,2,2,0,"16,43","62",6,8,3,0,3,0,1,2,1,2,11,13,4,7,7,6,19,19,43,57,0.00,0.00,0.00,0.00,1.25,25,25,0,0,0,25,50,0,50,6.00,1.50,2.22,3.09,3.90,0.00,0.00,0.00,0.00,0.00,0.00,Estádio Municipal 25 de Abril
1472407200,Aug 28 2016 - 6:00pm,complete,614,Santa Clara,Gil Vicente,N/A,5,3.00,1.00,1.86,0.86,1,0,1,0,0,0,"53","",5,2,2,0,2,0,1,1,0,2,8,5,4,3,4,2,9,19,55,45,0.00,0.00,0.00,0.00,3.00,100,100,75,25,0,25,100,75,100,9.00,5.00,2.00,3.26,4.48,0.00,0.00,0.00,0.00,0.00,0.00,Estádio de São Miguel (Ponta Delgada- Ilha de São Miguel- Açores)
1472482800,Aug 29 2016 - 3:00pm,complete,317,Sporting CP II,FC Vizela,N/A,5,0.00,2.00,1.48,0.95,1,2,3,0,0,0,"87","63,68",1,5,4,0,3,0,1,3,0,3,3,4,0,0,3,4,15,17,50,50,0.00,0.00,0.00,0.00,3.50,75,75,75,50,25,25,75,75,100,6.50,2.50,2.28,3.39,3.37,0.00,0.00,0.00,0.00,0.00,0.00,CGD Stadium Aurélio Pereira
1472918400,Sep 03 2016 - 4:00pm,complete,880,Cova Piedade,Freamunde,N/A,4,3.00,1.00,1.62,0.76,1,0,1,0,0,0,"59","",4,4,2,0,4,0,1,1,1,3,10,15,2,7,8,8,26,10,52,48,0.00,0.00,0.00,0.00,2.50,50,50,50,50,0,0,50,50,50,7.00,9.00,2.63,3.07,3.08,0.00,0.00,0.00,0.00,0.00,0.00,Estádio Municipal José Martins Vieira
1473001200,Sep 04 2016 - 3:00pm,complete,1470,Fafe,Santa Clara,N/A,4,1.00,3.00,0.86,1.00,0,2,2,1,0,1,"","15,54",5,2,0,0,2,0,0,0,0,2,6,10,2,5,4,5,14,14,59,41,0.00,0.00,0.00,0.00,2.50,50,50,50,50,0,0,50,50,50,8.00,7.00,2.66,3.09,3.02,0.00,0.00,0.00,0.00,0.00,0.00,Estádio Dr. Machado de Matos
1473001200,Sep 04 2016 - 3:00pm,complete,2519,Associação Académica de Coimbra OAF,FC Vizela,N/A,9,1.33,2.33,1.95,0.95,0,1,1,0,0,0,"","78",12,5,3,0,1,0,2,1,1,0,22,9,5,5,17,4,12,19,60,40,0.00,0.00,0.00,0.00,1.67,34,34,34,17,0,0,50,34,50,7.67,4.33,2.02,3.19,4.53,0.00,0.00,0.00,0.00,0.00,0.00,Estádio EFAPEL
1473004800,Sep 04 2016 - 4:00pm,complete,3201,Vitória Guimarães II,Leixões,N/A,4,1.00,0.00,2.24,0.81,2,1,3,1,0,1,"79,90","13",5,7,2,0,3,1,1,1,0,4,15,20,5,7,10,13,10,9,42,58,0.00,0.00,0.00,0.00,1.50,50,50,0,0,0,0,100,0,50,10.00,4.00,2.41,3.16,3.35,0.00,0.00,0.00,0.00,0.00,0.00,Estádio Dom Afonso Henriques
1473004800,Sep 04 2016 - 4:00pm,complete,1839,Varzim,CD Aves,N/A,4,3.00,1.00,1.48,1.52,0,2,2,2,0,2,"","19,27",5,3,2,0,2,0,1,1,0,2,12,14,4,8,8,6,13,14,58,42,0.00,0.00,0.00,0.00,2.00,50,100,0,0,0,0,100,0,100,8.00,3.00,2.57,3.13,3.11,0.00,0.00,0.00,0.00,0.00,0.00,Estádio Varzim Sport Club
1473519600,Sep 10 2016 - 3:00pm,complete,2420,Famalicão,Freamunde,N/A,6,2.00,0.50,1.71,0.76,3,2,5,3,1,2,"15,78,90","17,42",7,3,4,1,4,1,1,4,3,2,11,6,7,5,4,1,14,22,58,42,0.00,0.00,0.00,0.00,3.25,75,75,50,50,25,25,50,50,100,10.00,6.00,2.25,3.20,3.59,0.00,0.00,0.00,0.00,0.00,0.00,Estádio Municipal 22 de Junho
1473519600,Sep 10 2016 - 3:00pm,complete,1293,FC Vizela,Sporting Braga II,N/A,6,0.50,2.00,1.24,1.19,0,0,0,0,0,0,"","",0,0,3,0,3,1,0,3,2,2,0,0,0,0,0,0,15,8,-1,-1,0.00,0.00,0.00,0.00,3.25,100,100,75,50,0,50,100,50,100,5.00,6.00,2.06,3.27,4.19,0.00,0.00,0.00,0.00,0.00,0.00,Estádio Do Vizela (Caldas de Vizela)
1473519600,Sep 10 2016 - 3:00pm,complete,406,CF União,SC Olhanense,N/A,6,1.00,0.00,1.90,0.43,3,2,5,2,2,0,"3,26,90","82,90'1",4,1,4,0,3,0,0,4,1,2,7,6,4,3,3,3,17,13,44,56,0.00,0.00,0.00,0.00,2.75,75,75,50,25,25,25,50,50,75,8.00,5.00,1.83,3.38,5.30,0.00,0.00,0.00,0.00,0.00,0.00,Estádio do Centro Desportivo da Madeira
1473606000,Sep 11 2016 - 3:00pm,complete,823,Fafe,Leixões,N/A,6,0.50,0.00,0.86,0.81,0,0,0,0,0,0,"","",6,1,2,0,2,1,0,2,0,3,12,9,3,0,9,9,15,18,56,44,0.00,0.00,0.00,0.00,2.50,50,75,50,25,0,0,75,50,75,11.50,4.50,2.49,3.09,3.28,0.00,0.00,0.00,0.00,0.00,0.00,Parque Municipal dos Desportos
1473606000,Sep 11 2016 - 3:00pm,complete,2637,Vitória Guimarães II,Portimonense,N/A,6,2.00,2.00,2.24,1.52,1,5,6,1,1,0,"25","48,54,58,71,84",2,7,3,0,2,0,2,1,1,1,4,21,2,10,2,11,11,10,39,61,0.00,0.00,0.00,0.00,2.00,75,75,50,0,0,0,75,50,75,15.00,4.50,3.48,3.21,2.32,0.00,0.00,0.00,0.00,0.00,0.00,Estádio Dom Afonso Henriques
1473606000,Sep 11 2016 - 3:00pm,complete,1154,Cova Piedade,Santa Clara,N/A,6,3.00,3.00,1.62,1.00,1,1,2,1,1,0,"45'2","89",4,6,1,0,1,0,0,1,0,1,6,16,2,7,4,9,17,14,45,55,0.00,0.00,0.00,0.00,1.25,0,25,0,0,0,0,75,0,50,4.50,6.00,2.76,2.91,3.08,0.00,0.00,0.00,0.00,0.00,0.00,Estádio Municipal José Martins Vieira
1473606000,Sep 11 2016 - 3:00pm,complete,1157,Gil Vicente,CD Aves,N/A,6,2.00,2.00,1.81,1.52,0,0,0,0,0,0,"","",1,8,3,0,2,0,0,3,0,2,5,19,2,5,3,14,19,11,49,51,0.00,0.00,0.00,0.00,1.25,25,50,0,0,0,25,75,0,25,6.50,4.00,3.16,3.14,2.53,0.00,0.00,0.00,0.00,0.00,0.00,Estádio Cidade de Barcelos
1473606000,Sep 11 2016 - 3:00pm,complete,1174,Varzim,Sporting CP II,N/A,6,1.50,2.00,1.48,1.14,3,0,3,1,1,0,"2,61,88","",8,6,2,0,2,0,0,2,1,1,11,7,7,3,4,4,16,14,46,54,0.00,0.00,0.00,0.00,2.25,50,100,25,0,0,25,100,25,75,9.50,5.00,2.40,3.18,3.34,0.00,0.00,0.00,0.00,0.00,0.00,Estádio Varzim Sport Club
1473609600,Sep 11 2016 - 4:00pm,complete,963,Benfica II,Academico Viseu,N/A,6,1.00,0.50,1.90,1.19,2,1,3,2,1,1,"7,70","41",5,5,2,0,2,0,0,2,0,2,13,11,5,8,8,3,13,17,63,37,0.00,0.00,0.00,0.00,1.25,50,50,0,0,0,25,50,0,50,9.00,3.50,2.12,3.32,3.89,0.00,0.00,0.00,0.00,0.00,0.00,Caixa Futebol Campus
1473609600,Sep 11 2016 - 4:00pm,complete,677,Porto II,FC Penafiel,N/A,6,3.00,0.50,1.71,0.86,2,2,4,0,0,0,"74,90'4","58,88",7,8,1,0,4,0,0,1,2,2,18,15,8,8,10,7,13,20,57,43,0.00,0.00,0.00,0.00,2.25,50,50,50,25,25,25,25,50,75,14.00,4.50,2.41,3.18,3.32,0.00,0.00,0.00,0.00,0.00,0.00,Estádio Dr. Jorge Sampaio
1474050600,Sep 16 2016 - 6:30pm,complete,2420,Associação Académica de Coimbra OAF,Famalicão,N/A,7,1.00,0.33,1.95,0.81,3,0,3,1,1,0,"30,88,90'4","",2,2,4,0,4,0,2,2,2,2,11,10,6,3,5,7,20,20,52,48,0.00,0.00,0.00,0.00,1.38,17,34,34,0,0,17,59,17,46,12.00,5.58,2.44,3.18,3.25,0.00,0.00,0.00,0.00,0.00,0.00,Estádio EFAPEL
1474107300,Sep 17 2016 - 10:15am,complete,490,Freamunde,Benfica II,N/A,7,1.00,2.00,1.14,1.10,0,0,0,0,0,0,"","",9,10,1,0,1,0,1,0,0,1,9,15,2,4,7,11,18,9,42,58,0.00,0.00,0.00,0.00,2.34,50,67,50,17,0,17,67,33,100,11.00,7.00,2.44,3.26,3.18,0.00,0.00,0.00,0.00,0.00,0.00,Complexo Desportivo do SC Freamunde
1474124400,Sep 17 2016 - 3:00pm,complete,1700,CD Aves,Academico Viseu,N/A,7,1.33,0.33,2.33,1.19,3,2,5,3,2,1,"3,5,60","19,69",2,6,0,0,1,1,0,0,0,2,16,7,7,3,9,4,17,13,48,52,0.00,0.00,0.00,0.00,2.33,67,67,67,17,0,33,67,34,84,16.00,4.67,1.88,3.48,4.74,0.00,0.00,0.00,0.00,0.00,0.00,Estádio Clube Desportivo das Aves
1474124400,Sep 17 2016 - 3:00pm,complete,480,Sporting Braga II,Varzim,N/A,7,1.33,0.33,1.76,1.43,1,1,2,0,0,0,"64","84",8,4,2,0,3,0,0,2,1,2,15,7,6,3,9,4,9,18,55,45,0.00,0.00,0.00,0.00,2.34,33,67,50,17,0,17,100,34,67,8.66,4.66,2.45,3.15,3.28,0.00,0.00,0.00,0.00,0.00,0.00,Estádio 1º de Maio
1474124400,Sep 17 2016 - 3:00pm,complete,219,Sporting Covilhã,CF União,N/A,7,0.00,1.00,1.67,1.14,1,1,2,0,0,0,"51","62",5,6,5,0,2,0,2,3,1,1,11,8,4,4,7,4,18,11,52,48,0.00,0.00,0.00,0.00,2.42,50,67,50,25,0,17,84,50,67,11.50,3.33,2.49,3.12,3.24,0.00,0.00,0.00,0.00,0.00,0.00,Estádio Municipal José dos Santos Pinto
1474124400,Sep 17 2016 - 3:00pm,complete,1072,Leixões,FC Vizela,N/A,7,1.33,2.50,1.38,0.95,0,0,0,0,0,0,"","",3,2,0,0,2,0,0,0,0,2,20,4,5,2,15,2,10,13,60,40,0.00,0.00,0.00,0.00,2.13,42,59,59,13,0,17,46,42,84,6.00,3.67,2.50,3.12,3.22,0.00,0.00,0.00,0.00,0.00,0.00,Estádio do Mar
1474124400,Sep 17 2016 - 3:00pm,complete,766,FC Penafiel,Fafe,N/A,7,3.00,2.33,2.14,1.29,1,1,2,1,1,0,"39","90'2",6,4,1,1,3,0,0,2,0,3,11,12,3,9,8,3,13,8,50,50,0.00,0.00,0.00,0.00,3.00,67,67,50,34,34,33,67,34,100,11.33,3.33,1.81,3.55,5.12,0.00,0.00,0.00,0.00,0.00,0.00,Estádio Municipal 25 de Abril
1474124400,Sep 17 2016 - 3:00pm,complete,189,Sporting CP II,Gil Vicente,N/A,7,0.00,0.67,1.48,0.86,2,2,4,0,0,0,"61,80","60,89",2,7,1,0,1,0,1,0,0,1,15,11,7,4,8,7,11,19,48,52,0.00,0.00,0.00,0.00,3.17,84,84,67,33,17,33,67,67,100,5.00,2.67,2.43,3.31,3.15,0.00,0.00,0.00,0.00,0.00,0.00,CGD Stadium Aurélio Pereira
1474124400,Sep 17 2016 - 3:00pm,complete,1182,Portimonense,Cova Piedade,N/A,7,3.00,1.33,2.43,0.90,1,1,2,0,0,0,"90'4","50",14,3,2,0,8,1,0,2,5,4,17,4,10,4,7,0,12,25,66,34,0.00,0.00,0.00,0.00,2.67,67,84,50,17,17,67,84,34,50,8.34,4.33,1.66,3.84,6.00,0.00,0.00,0.00,0.00,0.00,0.00,Estádio do Portimonense SC (Portimão)
1474135200,Sep 17 2016 - 6:00pm,complete,2060,Santa Clara,Porto II,N/A,7,3.00,1.00,1.86,1.14,2,0,2,1,1,0,"11,90'1","",8,3,1,0,1,0,0,1,0,1,19,10,11,4,8,6,9,16,47,53,0.00,0.00,0.00,0.00,2.83,84,84,84,17,0,34,84,50,100,8.50,6.67,2.29,3.21,3.54,0.00,0.00,0.00,0.00,0.00,0.00,Estádio de São Miguel (Ponta Delgada- Ilha de São Miguel- Açores)
1474193700,Sep 18 2016 - 10:15am,complete,530,SC Olhanense,Vitória Guimarães II,N/A,7,0.33,1.00,0.90,0.62,0,3,3,1,0,1,"","45'1,78,86",7,8,2,2,1,0,0,4,0,1,0,0,0,0,0,0,18,9,-1,-1,0.00,0.00,0.00,0.00,2.50,67,67,67,17,17,0,67,67,84,10.00,4.67,2.42,3.28,3.20,0.00,0.00,0.00,0.00,0.00,0.00,Estádio José Arcanjo
1474470000,Sep 21 2016 - 3:00pm,complete,751,Fafe,Portimonense,N/A,8,0.67,2.33,0.86,1.52,0,2,2,2,0,2,"","2,4",6,5,5,0,1,0,1,4,1,0,9,11,2,6,7,5,18,11,47,53,0.00,0.00,0.00,0.00,2.50,50,67,50,33,17,0,50,50,67,14.67,4.00,3.76,3.35,2.14,0.00,0.00,0.00,0.00,0.00,0.00,Estádio Dr. Machado de Matos
1474470000,Sep 21 2016 - 3:00pm,complete,1494,Vitória Guimarães II,CF União,N/A,8,1.33,1.00,2.24,1.14,0,2,2,1,0,1,"","25,76",4,7,2,0,2,0,0,2,0,2,7,12,2,9,5,3,7,17,51,49,0.00,0.00,0.00,0.00,2.59,63,75,34,17,17,13,75,46,75,11.08,4.58,2.57,3.22,3.01,0.00,0.00,0.00,0.00,0.00,0.00,Estádio Dom Afonso Henriques
1474470000,Sep 21 2016 - 3:00pm,complete,1135,Cova Piedade,Associação Académica de Coimbra OAF,N/A,8,2.33,1.50,1.62,1.00,1,1,2,1,0,1,"83","21",5,5,1,0,1,0,0,1,0,1,9,12,5,5,4,7,12,13,51,49,0.00,0.00,0.00,0.00,1.67,42,42,25,0,0,0,59,25,84,4.83,2.33,2.65,3.08,2.99,0.00,0.00,0.00,0.00,0.00,0.00,Estádio Municipal José Martins Vieira
1474470000,Sep 21 2016 - 3:00pm,complete,1527,Gil Vicente,Freamunde,N/A,8,1.67,0.33,1.81,0.76,0,0,0,0,0,0,"","",2,8,2,0,1,0,1,1,0,1,9,4,6,0,3,4,15,18,57,43,0.00,0.00,0.00,0.00,1.83,34,34,34,34,17,17,33,34,50,6.67,7.67,2.54,3.15,3.12,0.00,0.00,0.00,0.00,0.00,0.00,Estádio Cidade de Barcelos
1474470000,Sep 21 2016 - 3:00pm,complete,746,Varzim,SC Olhanense,N/A,8,2.00,0.00,1.48,0.43,1,0,1,0,0,0,"51","",5,2,1,0,4,0,1,0,2,2,17,10,7,5,10,5,13,20,53,47,0.00,0.00,0.00,0.00,3.50,50,100,67,34,34,50,84,67,84,9.00,5.00,2.13,3.33,3.81,0.00,0.00,0.00,0.00,0.00,0.00,Estádio Varzim Sport Club
1474473600,Sep 21 2016 - 4:00pm,complete,544,Academico Viseu,Sporting Braga II,N/A,8,1.33,1.67,1.29,1.19,1,1,2,0,0,0,"87","85",10,4,4,0,2,1,1,3,1,2,15,10,8,6,7,4,17,14,50,50,0.00,0.00,0.00,0.00,2.34,67,67,50,33,0,0,67,50,84,7.33,5.00,2.23,3.21,3.67,0.00,0.00,0.00,0.00,0.00,0.00,Estádio Municipal do Fontelo
1474473600,Sep 21 2016 - 4:00pm,complete,350,Porto II,Sporting Covilhã,N/A,8,2.33,0.33,1.71,1.29,1,0,1,1,1,0,"8","",1,6,2,0,3,0,0,2,2,1,8,14,4,5,4,9,18,25,46,54,0.00,0.00,0.00,0.00,2.00,50,50,50,17,0,0,0,50,84,10.66,3.00,2.05,3.48,3.89,0.00,0.00,0.00,0.00,0.00,0.00,Estádio Dr. Jorge Sampaio
1474477200,Sep 21 2016 - 5:00pm,complete,574,Benfica II,Leixões,N/A,8,1.67,0.33,1.90,0.81,1,0,1,1,1,0,"23","",2,6,3,0,3,0,1,2,0,3,0,0,0,0,0,0,17,17,-1,-1,0.00,0.00,0.00,0.00,1.83,67,67,33,0,0,34,84,17,50,7.67,4.67,1.86,3.61,4.63,0.00,0.00,0.00,0.00,0.00,0.00,Caixa Futebol Campus
1474486200,Sep 21 2016 - 7:30pm,complete,2305,Famalicão,FC Penafiel,N/A,8,2.33,0.67,1.71,0.86,0,0,0,0,0,0,"","",6,4,2,0,3,0,0,2,0,3,15,8,4,2,11,6,23,16,57,43,0.00,0.00,0.00,0.00,3.67,84,84,67,67,50,50,67,67,84,13.00,6.34,2.25,3.19,3.67,0.00,0.00,0.00,0.00,0.00,0.00,Estádio Municipal 22 de Junho
1475074800,Sep 28 2016 - 3:00pm,complete,256,SC Olhanense,Benfica II,N/A,9,0.25,1.75,0.90,1.10,1,2,3,1,0,1,"60","36,79",7,8,2,0,2,0,0,2,1,1,10,10,4,4,6,6,16,13,49,51,0.00,0.00,0.00,0.00,2.38,50,75,63,13,13,13,75,50,75,11.75,5.50,3.17,3.17,2.50,0.00,0.00,0.00,0.00,0.00,0.00,Estádio José Arcanjo
1475074800,Sep 28 2016 - 3:00pm,complete,416,CF União,Fafe,N/A,9,1.67,2.00,1.90,1.29,0,0,0,0,0,0,"","",9,0,1,0,2,0,1,0,0,2,16,7,8,3,8,4,7,15,59,41,0.00,0.00,0.00,0.00,3.04,84,84,42,42,42,29,84,42,84,9.75,5.17,1.97,3.29,4.56,0.00,0.00,0.00,0.00,0.00,0.00,Estádio do Centro Desportivo da Madeira
1475074800,Sep 28 2016 - 3:00pm,complete,595,Leixões,Gil Vicente,N/A,9,1.25,0.75,1.38,0.86,0,0,0,0,0,0,"","",13,2,4,0,4,0,1,3,2,2,17,16,8,5,9,11,18,13,54,46,0.00,0.00,0.00,0.00,2.13,50,63,50,25,0,25,50,38,75,6.00,2.25,2.17,3.10,4.05,0.00,0.00,0.00,0.00,0.00,0.00,Estádio do Mar
1475074800,Sep 28 2016 - 3:00pm,complete,244,Sporting CP II,Cova Piedade,N/A,9,0.25,1.25,1.48,0.90,5,1,6,1,1,0,"21,46,66,79,90'1","52",2,2,1,0,1,0,0,1,1,0,21,4,10,2,11,2,12,16,60,40,0.00,0.00,0.00,0.00,3.00,88,88,63,25,13,38,63,63,75,6.00,5.50,2.28,3.25,3.52,0.00,0.00,0.00,0.00,0.00,0.00,CGD Stadium Aurélio Pereira
1475078400,Sep 28 2016 - 4:00pm,complete,1278,Santa Clara,Varzim,N/A,9,3.00,0.50,1.86,1.43,2,1,3,2,2,0,"28,34","74",9,5,5,0,3,0,1,4,1,2,8,13,5,3,3,10,12,11,48,52,0.00,0.00,0.00,0.00,2.38,50,75,50,13,0,0,75,63,88,12.25,6.25,2.02,3.16,4.56,0.00,0.00,0.00,0.00,0.00,0.00,Estádio de São Miguel (Ponta Delgada- Ilha de São Miguel- Açores)
1475078400,Sep 28 2016 - 4:00pm,complete,480,Sporting Braga II,CD Aves,N/A,9,1.25,1.67,1.76,1.52,2,2,4,1,0,1,"75,86","35,71",9,3,0,0,1,0,0,0,0,1,23,10,8,4,15,6,7,11,57,43,0.00,0.00,0.00,0.00,1.67,42,71,13,0,0,29,71,13,54,8.42,3.17,3.25,3.11,2.49,0.00,0.00,0.00,0.00,0.00,0.00,Estádio 1º de Maio
1475078400,Sep 28 2016 - 4:00pm,complete,481,FC Penafiel,Vitória Guimarães II,N/A,9,2.50,1.50,2.14,0.62,1,0,1,0,0,0,"64","",5,8,3,0,2,0,0,3,2,0,6,10,4,4,2,6,12,11,52,48,0.00,0.00,0.00,0.00,2.13,50,63,50,0,0,13,63,38,100,10.75,3.50,1.92,3.35,4.75,0.00,0.00,0.00,0.00,0.00,0.00,Estádio Municipal 25 de Abril
1475082000,Sep 28 2016 - 5:00pm,complete,1183,Portimonense,Porto II,N/A,9,2.50,0.75,2.43,1.14,3,0,3,1,1,0,"43,53,90","",6,3,1,0,2,0,0,1,0,2,15,6,10,4,5,2,12,7,47,53,0.00,0.00,0.00,0.00,3.00,75,100,63,25,13,50,75,50,88,9.67,4.75,1.90,3.38,4.80,0.00,0.00,0.00,0.00,0.00,0.00,Estádio do Portimonense SC (Portimão)
1475403300,Oct 02 2016 - 10:15am,complete,805,Benfica II,Santa Clara,N/A,10,2.00,2.33,1.90,1.00,3,1,4,2,1,1,"45'1,63,87","10",9,3,1,0,2,1,1,0,2,1,16,5,12,2,4,3,17,13,60,40,0.00,0.00,0.00,0.00,1.84,54,71,13,0,0,25,100,0,59,6.25,4.33,2.59,3.14,3.03,0.00,0.00,0.00,0.00,0.00,0.00,Caixa Futebol Campus
1475403300,Oct 02 2016 - 10:15am,complete,2320,Famalicão,Portimonense,N/A,10,2.00,2.50,1.71,1.52,2,3,5,1,0,1,"46,56","40,49,61",4,4,2,0,2,0,2,0,1,1,16,13,9,6,7,7,17,17,53,47,0.00,0.00,0.00,0.00,3.00,63,75,50,38,38,38,75,50,63,13.75,4.50,3.09,3.21,2.53,0.00,0.00,0.00,0.00,0.00,0.00,Estádio Municipal 22 de Junho
1475403300,Oct 02 2016 - 10:15am,complete,962,Fafe,Associação Académica de Coimbra OAF,N/A,10,0.50,1.33,0.86,1.00,1,2,3,3,1,2,"39","21,35",4,3,2,0,3,0,1,1,0,3,13,10,7,5,6,5,25,16,53,47,0.00,0.00,0.00,0.00,2.00,46,71,29,13,0,13,59,29,75,8.67,2.83,3.22,3.10,2.52,0.00,0.00,0.00,0.00,0.00,0.00,Estádio Dr. Machado de Matos
1475420400,Oct 02 2016 - 3:00pm,complete,1125,CD Aves,Leixões,N/A,10,1.75,0.25,2.33,0.81,1,1,2,1,1,0,"8","71",6,5,2,1,3,2,1,2,1,4,10,11,4,4,6,7,23,20,48,52,0.00,0.00,0.00,0.00,2.50,63,63,63,25,13,25,88,50,63,12.75,5.00,1.75,3.65,5.46,0.00,0.00,0.00,0.00,0.00,0.00,Estádio Clube Desportivo das Aves
1475420400,Oct 02 2016 - 3:00pm,complete,730,Gil Vicente,Sporting Braga II,N/A,10,1.50,1.50,1.81,1.19,2,1,3,0,0,0,"50,67","78",5,6,3,0,1,1,0,3,1,1,16,15,8,7,8,8,26,7,54,46,0.00,0.00,0.00,0.00,1.13,38,38,13,13,0,0,38,25,38,3.75,5.75,2.33,3.14,3.54,0.00,0.00,0.00,0.00,0.00,0.00,Estádio Cidade de Barcelos
1475420400,Oct 02 2016 - 3:00pm,complete,1615,Vitória Guimarães II,Sporting Covilhã,N/A,10,1.00,0.25,2.24,1.29,1,2,3,1,0,1,"90","34,56",6,4,2,0,3,0,0,2,0,3,8,11,5,7,3,4,9,16,52,48,0.00,0.00,0.00,0.00,2.25,50,63,38,13,13,0,63,38,75,8.25,4.50,2.43,3.17,3.30,0.00,0.00,0.00,0.00,0.00,0.00,Estádio Dom Afonso Henriques
1475420400,Oct 02 2016 - 3:00pm,complete,1377,Varzim,Freamunde,N/A,10,2.25,0.50,1.48,0.76,0,0,0,0,0,0,"","",10,3,3,0,2,0,0,3,0,2,6,7,0,3,6,4,14,11,47,53,0.00,0.00,0.00,0.00,2.25,25,63,38,25,13,25,50,38,75,10.75,5.75,2.63,3.04,3.11,0.00,0.00,0.00,0.00,0.00,0.00,Estádio Varzim Sport Club
1475420400,Oct 02 2016 - 3:00pm,complete,714,Cova Piedade,SC Olhanense,N/A,10,2.00,0.00,1.62,0.43,3,2,5,2,1,1,"39,53,90'4","33,76",3,5,2,0,2,0,0,2,0,2,12,13,6,6,6,7,20,16,53,47,0.00,0.00,0.00,0.00,2.63,63,63,38,25,25,25,63,38,88,6.50,5.25,2.06,3.24,4.24,0.00,0.00,0.00,0.00,0.00,0.00,Estádio Municipal José Martins Vieira
1475420400,Oct 02 2016 - 3:00pm,complete,1035,FC Vizela,FC Penafiel,N/A,10,0.67,0.75,1.24,0.86,1,0,1,1,1,0,"8","",3,16,0,0,2,0,0,0,2,0,7,16,3,7,4,9,21,18,38,62,0.00,0.00,0.00,0.00,2.29,59,59,59,42,13,46,46,42,59,9.25,6.50,3.09,3.05,2.64,0.00,0.00,0.00,0.00,0.00,0.00,Estádio Do Vizela (Caldas de Vizela)
1475420400,Oct 02 2016 - 3:00pm,complete,672,Academico Viseu,Sporting CP II,N/A,10,1.25,1.33,1.29,1.14,0,1,1,1,0,1,"","31",6,5,2,0,3,0,0,2,1,2,15,8,4,4,11,4,9,20,56,44,0.00,0.00,0.00,0.00,2.59,71,88,59,13,0,0,75,71,100,12.75,4.92,2.68,3.21,2.89,0.00,0.00,0.00,0.00,0.00,0.00,Estádio Municipal do Fontelo
1475424000,Oct 02 2016 - 4:00pm,complete,450,Porto II,CF União,N/A,10,2.50,1.40,1.71,1.14,0,0,0,0,0,0,"","",4,5,0,0,2,0,0,0,0,2,9,9,2,4,7,5,17,18,59,41,0.00,0.00,0.00,0.00,1.93,35,55,25,13,0,10,43,35,68,12.55,3.45,2.53,3.21,3.09,0.00,0.00,0.00,0.00,0.00,0.00,Estádio Dr. Jorge Sampaio
1475677800,Oct 05 2016 - 2:30pm,complete,637,Sporting Covilhã,Associação Académica de Coimbra OAF,N/A,6,0.33,1.75,1.67,1.00,0,0,0,0,0,0,"","",12,3,4,0,4,1,2,2,2,3,13,6,4,2,9,4,25,19,56,44,0.00,0.00,0.00,0.00,2.63,88,88,59,17,0,13,71,63,88,7.42,3.33,2.55,3.10,3.17,0.00,0.00,0.00,0.00,0.00,0.00,Estádio Municipal José dos Santos Pinto
1475921700,Oct 08 2016 - 10:15am,complete,523,Gil Vicente,SC Olhanense,N/A,12,1.80,0.00,1.81,0.43,2,1,3,2,2,0,"12,30","52",10,4,5,0,3,0,0,5,0,3,15,16,9,7,6,9,20,15,49,51,0.00,0.00,0.00,0.00,2.40,50,50,50,30,30,30,40,50,60,6.20,5.60,1.83,3.50,5.02,0.00,0.00,0.00,0.00,0.00,0.00,Estádio Cidade de Barcelos
1475938800,Oct 08 2016 - 3:00pm,complete,520,Freamunde,Academico Viseu,N/A,9,1.00,0.25,1.14,1.19,1,1,2,2,1,1,"31","19",4,6,2,0,1,1,1,1,1,1,14,9,3,3,11,6,11,13,53,47,0.00,0.00,0.00,0.00,1.88,38,38,38,25,13,25,38,25,75,12.75,5.25,2.11,3.24,4.04,0.00,0.00,0.00,0.00,0.00,0.00,Complexo Desportivo do SC Freamunde
1476008100,Oct 09 2016 - 10:15am,complete,352,CF União,Cova Piedade,N/A,11,1.50,1.00,1.90,0.90,0,1,1,1,0,1,"","45'1",7,4,2,0,2,0,1,1,1,1,18,14,7,5,11,9,15,22,53,47,0.00,0.00,0.00,0.00,2.28,65,65,33,23,23,33,65,33,55,8.45,5.65,1.96,3.32,4.57,0.00,0.00,0.00,0.00,0.00,0.00,Estádio do Centro Desportivo da Madeira
1476021600,Oct 09 2016 - 2:00pm,complete,990,CD Aves,Sporting CP II,N/A,8,1.60,1.75,2.33,1.14,2,0,2,0,0,0,"63,75","",5,6,2,0,3,0,1,1,1,2,14,11,7,5,7,6,17,16,48,52,0.00,0.00,0.00,0.00,2.83,75,88,65,20,10,20,100,55,88,12.80,5.15,1.84,3.58,4.82,0.00,0.00,0.00,0.00,0.00,0.00,Estádio Clube Desportivo das Aves
1476025200,Oct 09 2016 - 3:00pm,complete,1015,FC Vizela,Santa Clara,N/A,8,1.25,1.75,1.24,1.00,0,0,0,0,0,0,"","",7,12,0,0,4,0,0,0,2,2,12,19,4,7,8,12,17,12,44,56,0.00,0.00,0.00,0.00,2.13,50,63,38,25,0,38,88,25,63,6.00,4.75,2.81,2.99,2.94,0.00,0.00,0.00,0.00,0.00,0.00,Estádio Do Vizela (Caldas de Vizela)
1476025200,Oct 09 2016 - 3:00pm,complete,327,Sporting Covilhã,Famalicão,N/A,9,0.50,0.25,1.67,0.81,2,1,3,2,1,1,"30,84","21",7,1,2,0,5,1,1,1,2,4,14,6,7,2,7,4,17,18,57,43,0.00,0.00,0.00,0.00,2.25,50,75,63,13,0,13,63,63,75,11.17,6.25,2.59,3.09,3.12,0.00,0.00,0.00,0.00,0.00,0.00,Estádio Municipal José dos Santos Pinto
1476124200,Oct 10 2016 - 6:30pm,complete,2007,Associação Académica de Coimbra OAF,Varzim,N/A,11,1.40,0.40,1.95,1.43,3,2,5,2,1,1,"21,69,77","8,86",5,0,2,0,3,1,0,2,4,0,18,9,8,6,10,3,14,14,63,37,0.00,0.00,0.00,0.00,1.90,30,50,40,10,0,10,70,40,60,10.80,5.80,1.91,3.34,4.82,0.00,0.00,0.00,0.00,0.00,0.00,Estádio EFAPEL
1476889200,Oct 19 2016 - 3:00pm,complete,160,Sporting Covilhã,FC Vizela,N/A,11,1.00,2.20,1.67,0.95,1,1,2,0,0,0,"64","54",11,1,3,0,4,0,1,2,1,3,29,4,9,2,20,2,11,15,62,38,0.00,0.00,0.00,0.00,2.10,60,60,50,20,0,10,40,50,80,10.20,4.60,2.41,2.93,3.58,0.00,0.00,0.00,0.00,0.00,0.00,Estádio Municipal José dos Santos Pinto
1476889200,Oct 19 2016 - 3:00pm,complete,567,Freamunde,Sporting CP II,N/A,11,1.00,1.40,1.14,1.14,2,3,5,4,2,2,"19,45","28,33,88",4,5,4,0,2,0,1,3,1,1,17,13,8,6,9,7,15,21,49,51,0.00,0.00,0.00,0.00,1.90,40,60,30,10,0,10,60,40,70,11.60,5.60,2.20,3.15,3.81,0.00,0.00,0.00,0.00,0.00,0.00,Complexo Desportivo do SC Freamunde
1476889200,Oct 19 2016 - 3:00pm,complete,217,SC Olhanense,CD Aves,N/A,11,0.20,1.50,0.90,1.52,1,2,3,2,1,1,"7","23,65",2,12,1,0,4,0,0,1,1,3,6,17,3,5,3,12,14,15,34,66,0.00,0.00,0.00,0.00,2.40,55,78,53,23,10,13,78,53,65,10.25,4.10,3.70,3.22,2.20,0.00,0.00,0.00,0.00,0.00,0.00,Estádio José Arcanjo
1476889200,Oct 19 2016 - 3:00pm,complete,2213,Portimonense,Benfica II,N/A,11,2.60,2.00,2.43,1.10,3,0,3,2,2,0,"10,13,77","",4,6,1,0,3,0,1,0,2,1,10,8,8,5,2,3,13,16,46,54,0.00,0.00,0.00,0.00,2.60,60,90,60,10,10,30,70,60,80,13.20,4.60,1.70,3.70,5.68,0.00,0.00,0.00,0.00,0.00,0.00,Estádio do Portimonense SC (Portimão)
1476889200,Oct 19 2016 - 3:00pm,complete,507,Leixões,Sporting Braga II,N/A,11,1.20,1.20,1.38,1.19,2,2,4,2,0,2,"77,84","33,37",5,6,4,0,1,0,0,4,0,1,13,19,6,7,7,12,13,11,49,51,0.00,0.00,0.00,0.00,1.70,50,60,40,10,0,10,40,40,60,8.20,5.00,2.53,2.98,3.30,0.00,0.00,0.00,0.00,0.00,0.00,Estádio do Mar
1476889200,Oct 19 2016 - 3:00pm,complete,1587,Vitória Guimarães II,Fafe,N/A,11,0.80,1.80,2.24,1.29,1,3,4,0,0,0,"81","54,71,89",5,4,2,2,1,0,1,3,0,1,15,7,4,6,11,1,19,19,52,48,0.00,0.00,0.00,0.00,3.10,80,90,50,30,30,10,90,50,90,9.20,4.60,2.42,3.07,3.38,0.00,0.00,0.00,0.00,0.00,0.00,Estádio Dom Afonso Henriques
1476889200,Oct 19 2016 - 3:00pm,complete,468,Porto II,Famalicão,N/A,11,2.20,0.20,1.71,0.81,1,1,2,0,0,0,"60","57",5,7,3,0,3,0,0,3,2,1,14,13,4,5,10,8,18,16,60,40,0.00,0.00,0.00,0.00,2.10,40,60,60,10,0,20,50,40,70,9.15,5.00,2.12,3.29,3.87,0.00,0.00,0.00,0.00,0.00,0.00,Estádio Dr. Jorge Sampaio
1476889200,Oct 19 2016 - 3:00pm,complete,393,FC Penafiel,Gil Vicente,N/A,11,2.60,0.80,2.14,0.86,1,0,1,0,0,0,"77","",14,4,1,0,2,0,0,1,0,2,10,4,6,2,4,2,11,11,50,50,0.00,0.00,0.00,0.00,1.90,50,50,30,20,0,20,40,20,90,8.40,3.20,2.09,3.11,4.24,0.00,0.00,0.00,0.00,0.00,0.00,Estádio Municipal 25 de Abril
1476892800,Oct 19 2016 - 4:00pm,complete,867,Santa Clara,Academico Viseu,N/A,11,3.00,0.40,1.86,1.19,1,2,3,2,1,1,"18","7,58",7,2,2,0,5,0,0,2,1,4,10,9,4,5,6,4,9,13,62,38,0.00,0.00,0.00,0.00,2.30,60,70,50,10,10,40,70,30,80,12.80,5.60,1.74,3.45,5.89,0.00,0.00,0.00,0.00,0.00,0.00,Estádio de São Miguel (Ponta Delgada- Ilha de São Miguel- Açores)
1477217700,Oct 23 2016 - 10:15am,complete,904,Varzim,Portimonense,N/A,12,2.00,2.60,1.48,1.52,2,2,4,1,1,0,"4,79","54,90",4,15,4,0,4,0,1,3,2,2,7,24,3,10,4,14,19,18,41,59,0.00,0.00,0.00,0.00,2.40,30,70,40,20,20,20,70,40,60,13.60,4.00,3.85,3.17,2.20,0.00,0.00,0.00,0.00,0.00,0.00,Estádio Varzim Sport Club
1477231200,Oct 23 2016 - 2:00pm,complete,1089,FC Vizela,Porto II,N/A,12,1.20,0.60,1.24,1.14,1,1,2,0,0,0,"81","59",2,12,2,0,3,0,0,2,1,2,7,20,3,8,4,12,13,14,34,66,0.00,0.00,0.00,0.00,2.30,50,70,60,20,0,40,80,30,70,6.55,4.20,2.59,3.08,3.12,0.00,0.00,0.00,0.00,0.00,0.00,Estádio Do Vizela (Caldas de Vizela)
1477234800,Oct 23 2016 - 3:00pm,complete,970,CD Aves,Freamunde,N/A,12,1.83,0.60,2.33,0.76,2,1,3,0,0,0,"73,90'4","51",3,5,2,0,3,1,1,1,0,4,16,10,8,5,8,5,23,13,61,39,0.00,0.00,0.00,0.00,2.59,62,70,54,37,19,27,52,54,80,11.93,5.93,1.90,3.35,4.86,0.00,0.00,0.00,0.00,0.00,0.00,Estádio Clube Desportivo das Aves
1477234800,Oct 23 2016 - 3:00pm,complete,685,Benfica II,FC Penafiel,N/A,12,2.20,0.60,1.90,0.86,2,0,2,0,0,0,"81,86","",5,4,4,0,2,0,2,2,1,1,14,4,7,0,7,4,9,15,59,41,0.00,0.00,0.00,0.00,2.20,60,60,40,30,10,40,70,30,50,12.60,5.00,2.45,3.10,3.34,0.00,0.00,0.00,0.00,0.00,0.00,Caixa Futebol Campus
1477234800,Oct 23 2016 - 3:00pm,complete,295,Sporting Braga II,Santa Clara,N/A,12,1.20,1.60,1.76,1.00,1,2,3,0,0,0,"61","51,66",7,4,1,0,1,0,0,1,0,1,15,11,7,7,8,4,13,7,59,41,0.00,0.00,0.00,0.00,2.10,50,70,30,20,0,20,80,30,70,9.60,4.00,2.80,2.99,2.95,0.00,0.00,0.00,0.00,0.00,0.00,Estádio 1º de Maio
1477234800,Oct 23 2016 - 3:00pm,complete,1681,Famalicão,CF União,N/A,12,1.60,1.33,1.71,1.14,2,0,2,1,1,0,"22,86","",6,3,3,0,5,1,1,2,2,4,11,9,6,3,5,6,15,12,53,47,0.00,0.00,0.00,0.00,2.47,49,65,30,30,30,29,65,39,65,12.10,4.57,2.62,3.08,3.09,0.00,0.00,0.00,0.00,0.00,0.00,Estádio Municipal 22 de Junho
1477234800,Oct 23 2016 - 3:00pm,complete,847,Academico Viseu,Associação Académica de Coimbra OAF,N/A,12,1.00,1.60,1.29,1.00,0,0,0,0,0,0,"","",5,5,2,0,2,0,0,2,0,2,12,15,5,5,7,10,12,11,40,60,0.00,0.00,0.00,0.00,2.00,60,60,40,10,0,10,60,40,70,10.20,4.00,3.15,3.05,2.60,0.00,0.00,0.00,0.00,0.00,0.00,Estádio Municipal do Fontelo
1477234800,Oct 23 2016 - 3:00pm,complete,564,Fafe,Sporting Covilhã,N/A,12,0.40,0.80,0.86,1.29,1,1,2,1,0,1,"54","22",4,8,2,0,4,1,1,1,2,3,15,7,6,3,9,4,16,12,51,49,0.00,0.00,0.00,0.00,1.90,40,60,40,10,0,20,50,30,50,9.60,4.80,2.94,3.05,2.76,0.00,0.00,0.00,0.00,0.00,0.00,Estádio Dr. Machado de Matos
1477234800,Oct 23 2016 - 3:00pm,complete,594,Cova Piedade,Vitória Guimarães II,N/A,12,2.20,1.20,1.62,0.62,2,0,2,1,1,0,"30,64","",5,4,1,0,1,0,0,1,1,0,14,5,9,3,5,2,18,18,46,54,0.00,0.00,0.00,0.00,2.20,50,60,40,10,10,10,70,40,90,9.60,4.20,2.14,3.34,3.79,0.00,0.00,0.00,0.00,0.00,0.00,Estádio Municipal José Martins Vieira
1477234800,Oct 23 2016 - 3:00pm,complete,227,Sporting CP II,Leixões,N/A,12,0.80,0.40,1.48,0.81,2,1,3,1,1,0,"2,47","64",6,4,3,0,2,1,1,2,1,2,14,11,8,5,6,6,17,13,55,45,0.00,0.00,0.00,0.00,2.90,70,70,60,30,20,10,70,60,70,7.00,5.00,2.20,3.22,3.76,0.00,0.00,0.00,0.00,0.00,0.00,CGD Stadium Aurélio Pereira
1477677600,Oct 28 2016 - 6:00pm,complete,359,Porto II,Fafe,N/A,13,2.00,2.00,1.71,1.29,4,0,4,2,2,0,"9,25,49,60","",3,4,0,0,3,0,0,0,1,2,10,5,7,0,3,5,10,16,54,46,0.00,0.00,0.00,0.00,2.50,67,67,42,34,17,9,42,50,75,9.83,3.50,2.05,3.43,3.99,0.00,0.00,0.00,0.00,0.00,0.00,Estádio Dr. Jorge Sampaio
1477736100,Oct 29 2016 - 10:15am,complete,255,SC Olhanense,Sporting CP II,N/A,13,0.17,1.67,0.90,1.14,2,2,4,1,0,1,"58,90'1","6,83",6,2,2,0,3,0,0,2,0,3,5,14,4,8,1,6,16,25,57,43,0.00,0.00,0.00,0.00,2.75,59,83,67,17,17,17,83,59,83,10.50,5.00,3.73,3.39,2.14,0.00,0.00,0.00,0.00,0.00,0.00,Estádio José Arcanjo
1477749600,Oct 29 2016 - 2:00pm,complete,1943,Vitória Guimarães II,Famalicão,N/A,13,0.67,0.33,2.24,0.81,1,0,1,0,0,0,"90'2","",6,6,1,0,2,0,0,1,2,0,10,12,4,4,6,8,16,14,42,58,0.00,0.00,0.00,0.00,2.83,67,92,67,17,9,17,75,59,92,9.07,6.33,2.68,3.29,2.83,0.00,0.00,0.00,0.00,0.00,0.00,Estádio Dom Afonso Henriques
1477753200,Oct 29 2016 - 3:00pm,complete,418,Freamunde,Sporting Braga II,N/A,13,0.83,1.17,1.14,1.19,0,0,0,0,0,0,"","",5,5,1,0,2,0,0,1,0,2,7,10,3,3,4,7,19,18,57,43,0.00,0.00,0.00,0.00,2.34,67,67,42,33,9,25,50,42,75,8.83,5.83,2.33,3.21,3.45,0.00,0.00,0.00,0.00,0.00,0.00,Complexo Desportivo do SC Freamunde
1477826100,Oct 30 2016 - 11:15am,complete,854,CF União,Benfica II,N/A,13,1.20,1.67,1.90,1.10,1,0,1,0,0,0,"79","",3,8,1,0,3,0,0,1,2,1,15,15,4,4,11,11,18,10,45,55,0.00,0.00,0.00,0.00,1.97,45,62,44,10,10,27,72,27,62,11.93,4.87,2.50,3.23,3.12,0.00,0.00,0.00,0.00,0.00,0.00,Estádio do Centro Desportivo da Madeira
1477839600,Oct 30 2016 - 3:00pm,complete,2708,Associação Académica de Coimbra OAF,Gil Vicente,N/A,13,1.67,0.67,1.95,0.86,0,0,0,0,0,0,"","",9,8,1,0,4,1,0,1,0,5,16,12,4,4,12,8,15,18,65,35,0.00,0.00,0.00,0.00,1.92,34,42,33,25,9,17,50,33,67,8.50,4.17,2.05,3.25,4.26,0.00,0.00,0.00,0.00,0.00,0.00,Estádio EFAPEL
1477839600,Oct 30 2016 - 3:00pm,complete,310,Sporting Covilhã,Cova Piedade,N/A,13,1.00,1.33,1.67,0.90,1,0,1,1,1,0,"42","",8,2,3,1,3,0,1,3,1,2,13,7,6,0,7,7,14,25,54,46,0.00,0.00,0.00,0.00,2.42,75,75,42,17,9,25,67,50,67,10.66,5.84,2.23,3.20,3.71,0.00,0.00,0.00,0.00,0.00,0.00,Estádio Municipal José dos Santos Pinto
1477839600,Oct 30 2016 - 3:00pm,complete,943,Leixões,Academico Viseu,N/A,13,1.17,0.83,1.38,1.19,0,1,1,0,0,0,"","53",6,3,1,1,1,0,0,2,0,1,15,7,6,3,9,4,12,12,52,48,0.00,0.00,0.00,0.00,2.00,50,59,50,17,9,50,59,25,59,10.92,4.84,2.59,3.12,3.09,0.00,0.00,0.00,0.00,0.00,0.00,Estádio do Mar
1477843200,Oct 30 2016 - 4:00pm,complete,1412,Santa Clara,CD Aves,N/A,13,2.50,1.80,1.86,1.52,0,2,2,0,0,0,"","55,81",8,3,1,0,3,0,0,1,1,2,5,14,2,5,3,9,9,22,50,50,0.00,0.00,0.00,0.00,2.35,64,82,54,10,0,37,82,27,80,12.80,5.17,2.69,3.18,2.91,0.00,0.00,0.00,0.00,0.00,0.00,Estádio de São Miguel (Ponta Delgada- Ilha de São Miguel- Açores)
1477843200,Oct 30 2016 - 4:00pm,complete,687,FC Penafiel,Varzim,N/A,13,2.67,0.33,2.14,1.43,2,1,3,1,0,1,"70,80","32",10,2,3,0,4,0,1,2,2,2,13,4,8,2,5,2,15,17,59,41,0.00,0.00,0.00,0.00,2.25,50,58,42,17,9,25,58,34,92,11.34,4.83,2.12,3.19,4.08,0.00,0.00,0.00,0.00,0.00,0.00,Estádio Municipal 25 de Abril
1477843200,Oct 30 2016 - 4:00pm,complete,2185,Portimonense,FC Vizela,N/A,13,2.67,2.00,2.43,0.95,2,1,3,1,0,1,"75,90'1","41",13,1,1,0,1,0,1,0,0,1,26,5,9,3,17,2,8,10,67,33,0.00,0.00,0.00,0.00,2.42,50,75,50,17,9,25,42,59,83,9.50,4.16,1.43,4.39,9.75,0.00,0.00,0.00,0.00,0.00,0.00,Estádio do Portimonense SC (Portimão)
1478344500,Nov 05 2016 - 11:15am,complete,950,CD Aves,Associação Académica de Coimbra OAF,N/A,14,2.00,1.50,2.33,1.00,2,0,2,0,0,0,"73,90'1","",4,2,4,0,0,0,2,2,0,0,11,8,6,6,5,2,17,7,52,48,0.00,0.00,0.00,0.00,2.32,68,75,52,15,7,23,61,44,75,9.88,4.12,1.98,3.34,4.45,0.00,0.00,0.00,0.00,0.00,0.00,Estádio Clube Desportivo das Aves
1478358000,Nov 05 2016 - 3:00pm,complete,N/A,Sporting Braga II,FC Penafiel,N/A,14,1.00,0.50,1.76,0.86,2,1,3,3,2,1,"14,17","23",3,5,2,1,6,1,1,2,2,5,12,14,7,8,5,6,14,18,44,56,0.00,0.00,0.00,0.00,2.25,50,67,42,25,9,17,50,50,67,12.67,4.17,2.60,3.12,3.07,0.00,0.00,0.00,0.00,0.00,0.00,Estádio 1º de Maio
1478358000,Nov 05 2016 - 3:00pm,complete,149,Sporting CP II,Santa Clara,N/A,14,1.17,1.83,1.48,1.00,3,1,4,2,1,1,"35,79,84","24",3,4,1,0,0,2,0,1,0,2,0,0,0,0,0,0,13,16,-1,-1,0.00,0.00,0.00,0.00,3.09,75,84,67,34,17,17,67,67,84,7.67,4.17,2.25,3.35,3.48,0.00,0.00,0.00,0.00,0.00,0.00,CGD Stadium Aurélio Pereira
1478361600,Nov 05 2016 - 4:00pm,complete,789,Benfica II,Sporting Covilhã,N/A,14,2.33,0.83,1.90,1.29,2,2,4,3,2,1,"18,38","44,85",4,10,2,0,3,0,0,2,0,3,6,20,4,7,2,13,15,17,39,61,0.00,0.00,0.00,0.00,2.00,59,67,33,9,0,25,67,33,67,9.17,5.00,2.37,3.24,3.33,0.00,0.00,0.00,0.00,0.00,0.00,Caixa Futebol Campus
1478430900,Nov 06 2016 - 11:15am,complete,783,Gil Vicente,Portimonense,N/A,14,2.00,2.33,1.81,1.52,0,1,1,1,0,1,"","12",4,5,2,0,2,1,0,2,2,1,9,11,3,6,6,5,18,16,53,47,0.00,0.00,0.00,0.00,2.25,50,58,50,25,17,17,58,42,50,12.50,5.33,3.90,3.46,2.06,0.00,0.00,0.00,0.00,0.00,0.00,Estádio Cidade de Barcelos
1478430900,Nov 06 2016 - 11:15am,complete,1224,Cova Piedade,Porto II,N/A,14,2.33,0.67,1.62,1.14,1,0,1,1,1,0,"43","",6,6,1,0,0,0,1,0,0,0,9,14,6,4,3,10,28,10,44,56,0.00,0.00,0.00,0.00,2.50,59,84,42,17,9,25,83,34,92,8.43,4.33,2.47,3.28,3.11,0.00,0.00,0.00,0.00,0.00,0.00,Estádio Municipal José Martins Vieira
1478444400,Nov 06 2016 - 3:00pm,complete,472,Freamunde,Leixões,N/A,14,0.86,0.33,1.14,0.81,0,1,1,1,0,1,"","28",3,4,5,0,2,0,2,3,0,2,13,9,4,5,9,4,16,16,53,47,0.00,0.00,0.00,0.00,1.77,47,47,31,15,7,15,63,24,54,10.36,6.38,2.15,3.15,4.05,0.00,0.00,0.00,0.00,0.00,0.00,Complexo Desportivo do SC Freamunde
1478444400,Nov 06 2016 - 3:00pm,complete,4164,Famalicão,Fafe,N/A,14,1.83,1.71,1.71,1.29,3,1,4,3,3,0,"7,11,33","54",4,4,3,1,2,0,0,4,0,2,13,6,9,2,4,4,13,22,49,51,0.00,0.00,0.00,0.00,3.31,69,85,54,54,40,31,77,54,85,10.10,4.79,1.81,3.60,5.00,0.00,0.00,0.00,0.00,0.00,0.00,Estádio Municipal 22 de Junho
1478444400,Nov 06 2016 - 3:00pm,complete,828,FC Vizela,Vitória Guimarães II,N/A,14,1.17,1.00,1.24,0.62,1,1,2,1,0,1,"52","15",3,5,2,1,4,1,0,3,1,4,12,19,5,8,7,11,17,15,49,51,0.00,0.00,0.00,0.00,1.92,42,59,42,9,0,17,59,42,75,9.17,3.83,2.11,3.32,3.92,0.00,0.00,0.00,0.00,0.00,0.00,Estádio Do Vizela (Caldas de Vizela)
1478444400,Nov 06 2016 - 3:00pm,complete,710,Academico Viseu,SC Olhanense,N/A,14,1.00,0.00,1.29,0.43,0,1,1,1,0,1,"","9",7,3,1,1,4,0,0,2,1,3,11,9,3,4,8,5,19,18,58,42,0.00,0.00,0.00,0.00,2.83,67,67,58,34,25,34,59,59,84,10.33,5.17,1.82,3.47,5.23,0.00,0.00,0.00,0.00,0.00,0.00,Estádio Municipal do Fontelo
1478444400,Nov 06 2016 - 3:00pm,complete,976,Varzim,CF União,N/A,14,1.83,1.14,1.48,1.14,2,1,3,1,0,1,"73,85","8",4,4,2,0,1,0,0,2,0,1,13,11,3,4,10,7,5,14,53,47,0.00,0.00,0.00,0.00,1.72,16,62,17,9,0,16,62,24,62,12.17,5.04,2.22,3.15,3.80,0.00,0.00,0.00,0.00,0.00,0.00,Estádio Varzim Sport Club
1478962800,Nov 12 2016 - 3:00pm,complete,506,CF União,Academico Viseu,N/A,19,1.50,1.14,1.90,1.19,2,2,4,1,0,1,"52,78","23,55",11,4,2,0,4,1,2,0,3,2,24,8,15,4,9,4,13,15,60,40,0.00,0.00,0.00,0.00,1.82,45,45,30,16,16,37,54,16,61,10.03,4.43,1.83,3.36,5.34,0.00,0.00,0.00,0.00,0.00,0.00,Estádio do Centro Desportivo da Madeira
1478977200,Nov 12 2016 - 7:00pm,complete,1161,Santa Clara,Freamunde,N/A,15,2.14,0.50,1.86,0.76,0,0,0,0,0,0,"","",6,4,2,0,8,1,0,2,4,5,13,6,3,2,10,4,22,19,59,41,0.00,0.00,0.00,0.00,2.30,54,68,54,17,9,23,44,47,84,11.81,6.53,1.94,3.28,4.75,0.00,0.00,0.00,0.00,0.00,0.00,Estádio de São Miguel (Ponta Delgada- Ilha de São Miguel- Açores)
1479049200,Nov 13 2016 - 3:00pm,complete,2572,Associação Académica de Coimbra OAF,Leixões,N/A,15,1.57,0.71,1.95,0.81,1,0,1,1,1,0,"26","",7,4,1,0,2,0,0,1,0,2,11,11,7,4,4,7,13,12,50,50,0.00,0.00,0.00,0.00,1.57,29,36,29,7,7,7,72,29,43,10.14,5.72,1.89,3.24,5.18,0.00,0.00,0.00,0.00,0.00,0.00,Estádio EFAPEL
1479049200,Nov 13 2016 - 3:00pm,complete,504,Fafe,Cova Piedade,N/A,15,0.50,1.14,0.86,0.90,1,3,4,0,0,0,"67","55,60,86",9,2,2,0,3,0,2,0,2,1,15,8,7,5,8,3,14,22,52,48,0.00,0.00,0.00,0.00,2.23,54,70,31,16,7,31,77,23,47,8.47,5.47,3.21,3.15,2.49,0.00,0.00,0.00,0.00,0.00,0.00,Estádio Dr. Machado de Matos
1479052800,Nov 13 2016 - 4:00pm,complete,267,SC Olhanense,FC Vizela,N/A,15,0.29,1.71,0.90,0.95,1,0,1,0,0,0,"68","",7,3,1,1,1,0,0,2,0,1,12,8,3,6,9,2,14,11,61,39,0.00,0.00,0.00,0.00,2.50,64,72,65,22,7,7,58,64,86,8.29,4.43,2.56,3.10,3.14,0.00,0.00,0.00,0.00,0.00,0.00,Estádio José Arcanjo
1479654000,Nov 20 2016 - 3:00pm,complete,1370,Portimonense,Sporting Braga II,N/A,15,2.71,1.14,2.43,1.19,1,0,1,0,0,0,"70","",7,5,3,0,1,0,1,2,0,1,0,0,0,0,0,0,12,12,-1,-1,0.00,0.00,0.00,0.00,2.57,64,86,57,22,7,29,57,64,79,10.43,4.42,1.47,4.31,8.49,0.00,0.00,0.00,0.00,0.00,0.00,Estádio do Portimonense SC (Portimão)
1479912300,Nov 23 2016 - 2:45pm,complete,377,Porto II,Varzim,N/A,15,2.14,0.29,1.71,1.43,1,1,2,0,0,0,"60","67",5,6,1,0,2,0,0,1,0,2,8,14,5,6,3,8,7,17,63,37,0.00,0.00,0.00,0.00,2.57,57,72,57,29,7,22,58,64,79,9.29,4.57,1.83,3.49,5.06,0.00,0.00,0.00,0.00,0.00,0.00,Estádio Dr. Jorge Sampaio
1479913200,Nov 23 2016 - 3:00pm,complete,137,Sporting Covilhã,CD Aves,N/A,15,1.29,2.00,1.67,1.52,0,2,2,0,0,0,"","73,81",2,1,3,0,3,0,0,3,1,2,0,0,0,0,0,0,15,13,-1,-1,0.00,0.00,0.00,0.00,2.16,61,77,38,16,0,24,62,45,69,12.76,5.03,2.66,3.02,3.10,0.00,0.00,0.00,0.00,0.00,0.00,Estádio Municipal José dos Santos Pinto
1479913200,Nov 23 2016 - 3:00pm,complete,2250,Famalicão,Benfica II,N/A,15,2.00,1.43,1.71,1.10,0,0,0,0,0,0,"","",9,5,5,0,3,1,1,4,1,3,15,2,6,0,9,2,15,13,54,46,0.00,0.00,0.00,0.00,2.79,57,79,57,29,22,36,79,36,86,12.00,5.42,2.22,3.32,3.59,0.00,0.00,0.00,0.00,0.00,0.00,Estádio Municipal 22 de Junho
1479913200,Nov 23 2016 - 3:00pm,complete,1058,Vitória Guimarães II,Gil Vicente,N/A,15,1.00,0.71,2.24,0.86,2,0,2,0,0,0,"75,82","",6,4,1,0,1,2,0,1,0,3,0,0,0,0,0,0,14,20,-1,-1,0.00,0.00,0.00,0.00,2.36,57,65,43,29,7,7,50,43,86,8.86,4.43,2.25,3.15,3.73,0.00,0.00,0.00,0.00,0.00,0.00,Estádio Dom Afonso Henriques
1479913200,Nov 23 2016 - 3:00pm,complete,434,CF União,Sporting CP II,N/A,15,1.43,1.57,1.90,1.14,0,1,1,1,0,1,"","35",3,3,0,0,5,2,0,0,0,7,17,7,7,4,10,3,11,19,55,45,0.00,0.00,0.00,0.00,2.36,50,65,43,29,14,14,72,43,72,10.71,4.71,2.26,3.21,3.62,0.00,0.00,0.00,0.00,0.00,0.00,Estádio do Centro Desportivo da Madeira
1479916800,Nov 23 2016 - 4:00pm,complete,409,FC Penafiel,Academico Viseu,N/A,15,2.71,1.13,2.14,1.19,2,1,3,2,1,1,"27,90'5","35",9,4,2,0,3,0,0,2,0,3,13,7,5,4,8,3,12,22,51,49,0.00,0.00,0.00,0.00,2.05,53,53,40,13,7,32,53,20,88,11.89,4.46,1.83,3.33,5.48,0.00,0.00,0.00,0.00,0.00,0.00,Estádio Municipal 25 de Abril
1480245300,Nov 27 2016 - 11:15am,complete,800,CD Aves,Portimonense,N/A,16,2.13,2.43,2.33,1.52,1,0,1,0,0,0,"53","",6,5,2,0,2,0,1,1,0,2,15,5,6,4,9,1,10,12,50,50,0.00,0.00,0.00,0.00,3.00,66,86,60,34,21,20,75,66,79,14.24,4.93,2.69,3.14,2.94,0.00,0.00,0.00,0.00,0.00,0.00,Estádio Clube Desportivo das Aves
1480258800,Nov 27 2016 - 3:00pm,complete,295,Sporting Braga II,SC Olhanense,N/A,16,1.29,0.43,1.76,0.43,2,2,4,2,1,1,"32,75","9,88",12,2,3,0,3,0,0,3,0,3,0,0,0,0,0,0,14,15,-1,-1,0.00,0.00,0.00,0.00,3.00,71,79,64,29,22,43,71,50,79,8.15,4.57,2.00,3.33,4.34,0.00,0.00,0.00,0.00,0.00,0.00,Estádio 1º de Maio
1480258800,Nov 27 2016 - 3:00pm,complete,789,Gil Vicente,Porto II,N/A,16,1.71,0.57,1.81,1.14,1,0,1,0,0,0,"86","",6,9,2,0,1,0,1,1,0,1,11,11,4,3,7,8,13,5,35,65,0.00,0.00,0.00,0.00,1.86,43,58,43,7,0,22,65,29,58,8.97,5.00,2.55,3.12,3.15,0.00,0.00,0.00,0.00,0.00,0.00,Estádio Cidade de Barcelos
1480258800,Nov 27 2016 - 3:00pm,complete,1111,Leixões,Santa Clara,N/A,16,1.00,1.57,1.38,1.00,1,1,2,0,0,0,"90","80",6,2,2,0,4,0,1,1,2,2,19,11,4,6,15,5,11,15,55,45,0.00,0.00,0.00,0.00,1.93,43,57,43,22,0,29,57,36,64,10.37,5.00,3.02,2.99,2.74,0.00,0.00,0.00,0.00,0.00,0.00,Estádio do Mar
1480258800,Nov 27 2016 - 3:00pm,complete,741,Freamunde,Associação Académica de Coimbra OAF,N/A,16,0.75,1.29,1.14,1.00,0,0,0,0,0,0,"","",3,6,5,0,1,0,2,3,1,0,8,8,2,0,6,8,25,16,38,62,0.00,0.00,0.00,0.00,1.66,41,48,27,13,7,20,47,21,54,8.50,4.57,3.22,2.97,2.61,0.00,0.00,0.00,0.00,0.00,0.00,Complexo Desportivo do SC Freamunde
1480258800,Nov 27 2016 - 3:00pm,complete,549,Academico Viseu,Sporting Covilhã,N/A,16,0.86,0.86,1.29,1.29,0,1,1,0,0,0,"","86",3,10,5,1,1,0,2,4,1,0,8,16,2,8,6,8,17,17,40,60,0.00,0.00,0.00,0.00,1.86,50,50,36,14,0,7,57,36,64,12.43,5.15,2.87,3.04,2.83,0.00,0.00,0.00,0.00,0.00,0.00,Estádio Municipal do Fontelo
1480258800,Nov 27 2016 - 3:00pm,complete,920,Cova Piedade,Famalicão,N/A,16,2.43,0.29,1.62,0.81,1,2,3,1,0,1,"52","41,67",1,6,7,0,1,1,2,5,1,1,9,9,4,6,5,3,22,20,56,44,0.00,0.00,0.00,0.00,2.07,43,64,36,7,7,22,72,29,79,8.81,5.28,2.22,3.23,3.69,0.00,0.00,0.00,0.00,0.00,0.00,Estádio Municipal José Martins Vieira
1480258800,Nov 27 2016 - 3:00pm,complete,923,Varzim,Vitória Guimarães II,N/A,16,2.00,1.00,1.48,0.62,1,1,2,1,1,0,"31","83",5,4,1,0,1,0,0,1,0,1,13,11,6,4,7,7,15,9,47,53,0.00,0.00,0.00,0.00,2.14,36,71,43,7,0,7,71,43,86,11.43,4.86,1.99,3.41,4.27,0.00,0.00,0.00,0.00,0.00,0.00,Estádio Varzim Sport Club
1480258800,Nov 27 2016 - 3:00pm,complete,94,Sporting CP II,FC Penafiel,N/A,16,1.43,0.43,1.48,0.86,1,2,3,2,1,1,"27","1,77",5,13,2,0,3,0,2,0,2,1,13,12,9,6,4,6,14,17,55,45,0.00,0.00,0.00,0.00,3.14,72,79,72,43,22,29,57,72,72,10.14,5.28,2.22,3.23,3.69,0.00,0.00,0.00,0.00,0.00,0.00,CGD Stadium Aurélio Pereira
1480258800,Nov 27 2016 - 3:00pm,complete,814,FC Vizela,CF União,N/A,16,1.14,1.00,1.24,1.14,1,1,2,1,1,0,"9","53",7,9,3,0,2,0,2,1,2,0,7,13,6,3,1,10,14,19,42,58,0.00,0.00,0.00,0.00,1.67,41,60,21,7,0,21,60,27,60,9.18,4.64,2.61,3.02,3.17,0.00,0.00,0.00,0.00,0.00,0.00,Estádio Do Vizela (Caldas de Vizela)
1480356000,Nov 28 2016 - 6:00pm,complete,554,Benfica II,Fafe,N/A,16,2.14,1.50,1.90,1.29,0,1,1,0,0,0,"","80",12,2,1,0,1,0,0,1,0,1,24,6,11,3,13,3,20,14,63,37,0.00,0.00,0.00,0.00,2.98,73,87,53,46,13,48,81,40,80,8.81,4.39,1.76,3.74,5.10,0.00,0.00,0.00,0.00,0.00,0.00,Caixa Futebol Campus
1480763700,Dec 03 2016 - 11:15am,complete,696,Portimonense,Academico Viseu,N/A,17,2.75,1.00,2.43,1.19,3,0,3,1,1,0,"10,77,88","",8,1,2,0,3,0,0,2,1,2,13,10,7,4,6,6,14,12,50,50,0.00,0.00,0.00,0.00,2.60,59,78,60,18,12,47,65,43,83,11.92,4.66,1.41,4.55,9.95,0.00,0.00,0.00,0.00,0.00,0.00,Estádio do Portimonense SC (Portimão)
1480850100,Dec 04 2016 - 11:15am,complete,2215,Famalicão,CD Aves,N/A,17,1.88,2.14,1.71,1.52,0,0,0,0,0,0,"","",10,3,2,2,3,1,0,4,0,4,13,12,6,4,7,8,16,13,51,49,0.00,0.00,0.00,0.00,2.57,53,81,40,32,19,34,66,41,73,10.59,5.29,2.64,3.18,2.96,0.00,0.00,0.00,0.00,0.00,0.00,Estádio Municipal 22 de Junho
1480863600,Dec 04 2016 - 3:00pm,complete,1737,Associação Académica de Coimbra OAF,Sporting Braga II,N/A,17,1.75,1.00,1.95,1.19,1,0,1,0,0,0,"62","",7,4,4,1,2,0,2,3,0,2,11,11,6,2,5,9,12,13,56,44,0.00,0.00,0.00,0.00,1.75,38,44,32,19,7,13,51,38,57,9.26,4.63,1.76,3.44,5.83,0.00,0.00,0.00,0.00,0.00,0.00,Estádio EFAPEL
1480863600,Dec 04 2016 - 3:00pm,complete,153,Sporting Covilhã,Varzim,N/A,17,1.13,0.38,1.67,1.43,2,0,2,1,1,0,"42,87","",4,4,2,0,6,1,1,1,2,5,13,8,6,4,7,4,19,24,57,43,0.00,0.00,0.00,0.00,2.51,69,82,51,19,7,19,63,69,82,11.25,6.13,1.85,3.29,5.35,0.00,0.00,0.00,0.00,0.00,0.00,Estádio Municipal José dos Santos Pinto
1480863600,Dec 04 2016 - 3:00pm,complete,721,FC Penafiel,Freamunde,N/A,17,2.75,0.57,2.14,0.76,0,2,2,0,0,0,"","52,72",14,6,5,0,2,0,1,4,1,1,7,11,0,5,7,6,21,17,62,38,0.00,0.00,0.00,0.00,1.87,47,47,41,15,7,20,32,28,79,11.95,6.32,1.88,3.27,5.24,0.00,0.00,0.00,0.00,0.00,0.00,Estádio Municipal 25 de Abril
1480863600,Dec 04 2016 - 3:00pm,complete,559,Cova Piedade,Gil Vicente,N/A,17,2.13,0.63,1.62,0.86,1,0,1,1,1,0,"12","",3,3,1,0,4,0,1,0,2,2,13,12,5,4,8,8,19,20,48,52,0.00,0.00,0.00,0.00,1.94,44,57,25,19,7,13,57,32,75,7.75,4.76,2.04,3.24,4.31,0.00,0.00,0.00,0.00,0.00,0.00,Estádio Municipal José Martins Vieira
1480867200,Dec 04 2016 - 4:00pm,complete,203,SC Olhanense,Leixões,N/A,17,0.63,0.63,0.90,0.81,3,1,4,2,1,1,"36,47,57","11",9,9,2,0,1,0,1,1,0,1,12,21,6,11,6,10,10,21,47,53,0.00,0.00,0.00,0.00,2.13,51,57,50,13,7,7,82,44,63,10.01,5.50,2.61,3.05,3.14,0.00,0.00,0.00,0.00,0.00,0.00,Estádio José Arcanjo
1480867200,Dec 04 2016 - 4:00pm,complete,603,CF União,Santa Clara,N/A,17,1.25,1.50,1.90,1.00,1,0,1,1,1,0,"24","",6,6,1,0,3,0,0,1,1,2,10,10,5,4,5,6,18,16,45,55,0.00,0.00,0.00,0.00,2.00,51,57,32,25,7,19,63,38,63,9.88,4.63,2.12,3.07,4.29,0.00,0.00,0.00,0.00,0.00,0.00,Estádio do Centro Desportivo da Madeira
1480870800,Dec 04 2016 - 5:00pm,complete,1148,Porto II,Benfica II,N/A,17,2.00,1.38,1.71,1.10,1,1,2,1,1,0,"30","82",6,4,3,0,5,0,0,3,2,3,19,13,7,4,12,9,12,25,64,36,0.00,0.00,0.00,0.00,2.01,44,63,44,13,0,19,44,44,75,11.38,4.13,1.98,3.52,4.13,0.00,0.00,0.00,0.00,0.00,0.00,Estádio Dr. Jorge Sampaio
1480950000,Dec 05 2016 - 3:00pm,complete,1191,Vitória Guimarães II,Sporting CP II,N/A,17,1.25,1.75,2.24,1.14,2,0,2,2,2,0,"6,22","",10,7,0,0,2,0,0,0,1,1,11,8,5,5,6,3,10,20,53,47,0.00,0.00,0.00,0.00,2.76,57,82,50,25,13,7,76,57,88,9.50,5.38,2.65,3.32,2.85,0.00,0.00,0.00,0.00,0.00,0.00,Estádio Dom Afonso Henriques
1480969800,Dec 05 2016 - 8:30pm,complete,1075,Fafe,FC Vizela,N/A,17,0.43,1.50,0.86,0.95,1,1,2,2,1,1,"6","21",2,6,3,0,5,0,1,2,3,2,10,8,4,5,6,3,15,21,50,50,0.00,0.00,0.00,0.00,2.16,54,68,41,21,0,15,41,40,73,8.74,4.29,2.40,3.07,3.46,0.00,0.00,0.00,0.00,0.00,0.00,Estádio Dr. Machado de Matos
1481382000,Dec 10 2016 - 3:00pm,complete,942,CD Aves,CF União,N/A,18,2.22,1.00,2.33,1.14,3,1,4,2,2,0,"24,31,51","68",6,3,3,0,1,0,1,2,0,1,18,9,11,5,7,4,18,13,54,46,0.00,0.00,0.00,0.00,2.23,50,78,34,11,6,17,62,45,84,12.44,4.88,1.72,3.39,6.51,0.00,0.00,0.00,0.00,0.00,0.00,Estádio Clube Desportivo das Aves
1481382000,Dec 10 2016 - 3:00pm,complete,385,Sporting Braga II,Vitória Guimarães II,N/A,18,1.25,1.00,1.76,0.62,2,0,2,1,1,0,"12,49","",7,4,3,0,1,0,1,2,1,0,12,9,7,6,5,3,22,14,47,53,0.00,0.00,0.00,0.00,2.44,63,82,51,13,0,19,75,44,88,11.13,4.01,0.00,0.00,0.00,0.00,0.00,0.00,0.00,0.00,0.00,Estádio 1º de Maio
1481382000,Dec 10 2016 - 3:00pm,complete,594,Freamunde,SC Olhanense,N/A,18,0.78,0.50,1.14,0.43,1,1,2,1,1,0,"11","77",7,7,4,0,5,0,2,2,1,4,16,6,8,2,8,4,17,16,48,52,0.00,0.00,0.00,0.00,2.53,54,54,49,36,25,43,60,37,66,8.35,6.35,2.14,3.06,4.23,0.00,0.00,0.00,0.00,0.00,0.00,Complexo Desportivo do SC Freamunde
1481382000,Dec 10 2016 - 3:00pm,complete,498,Gil Vicente,Sporting Covilhã,N/A,18,1.88,1.13,1.81,1.29,0,0,0,0,0,0,"","",3,7,3,1,1,0,1,3,0,1,10,11,5,4,5,7,16,11,41,59,0.00,0.00,0.00,0.00,1.51,38,38,32,7,0,13,44,19,57,10.38,5.38,3.07,2.99,2.70,0.00,0.00,0.00,0.00,0.00,0.00,Estádio Cidade de Barcelos
1481382000,Dec 10 2016 - 3:00pm,complete,574,Academico Viseu,Fafe,N/A,18,0.75,1.67,1.29,1.29,1,0,1,1,1,0,"7","",4,6,1,1,7,0,2,0,2,5,9,17,3,4,6,13,11,12,42,58,0.00,0.00,0.00,0.00,2.37,53,58,41,35,11,17,59,41,76,10.61,4.99,2.64,3.06,3.08,0.00,0.00,0.00,0.00,0.00,0.00,Estádio Municipal do Fontelo
1481382000,Dec 10 2016 - 3:00pm,complete,338,Sporting CP II,Porto II,N/A,18,1.25,0.50,1.48,1.14,1,2,3,1,0,1,"76","42,72",5,6,3,1,1,0,1,3,1,0,10,7,7,4,3,3,27,20,45,55,0.00,0.00,0.00,0.00,3.19,75,88,75,32,13,32,75,63,94,8.68,3.63,2.55,3.21,3.06,0.00,0.00,0.00,0.00,0.00,0.00,CGD Stadium Aurélio Pereira
1481385600,Dec 10 2016 - 4:00pm,complete,3027,Associação Académica de Coimbra OAF,Benfica II,N/A,18,1.89,1.33,1.95,1.10,2,1,3,1,1,0,"3,90'4","57",4,4,2,1,1,0,1,2,0,1,13,18,6,8,7,10,6,9,34,66,0.00,0.00,0.00,0.00,1.67,28,45,33,6,6,17,62,22,61,12.11,5.66,1.95,3.26,4.75,0.00,0.00,0.00,0.00,0.00,0.00,Estádio EFAPEL
1481385600,Dec 10 2016 - 4:00pm,complete,837,Varzim,Cova Piedade,N/A,18,1.88,1.38,1.48,0.90,2,1,3,2,1,1,"35,90'8","2",7,3,2,0,5,1,0,2,2,4,11,7,7,2,4,5,17,28,-1,-1,0.00,0.00,0.00,0.00,2.32,51,69,38,19,7,19,75,38,63,8.75,5.26,2.56,3.04,3.22,0.00,0.00,0.00,0.00,0.00,0.00,Estádio Varzim Sport Club
1481396400,Dec 10 2016 - 7:00pm,complete,1088,Santa Clara,FC Penafiel,N/A,18,2.00,0.75,1.86,0.86,2,1,3,0,0,0,"60,90'6","75",4,6,2,0,3,0,0,2,0,3,10,6,5,5,5,1,22,17,57,43,0.00,0.00,0.00,0.00,2.19,50,69,50,13,7,32,57,38,69,14.88,6.38,2.52,2.96,3.38,0.00,0.00,0.00,0.00,0.00,0.00,Estádio de São Miguel (Ponta Delgada- Ilha de São Miguel- Açores)
1481454900,Dec 11 2016 - 11:15am,complete,742,Leixões,Portimonense,N/A,18,1.00,2.13,1.38,1.52,0,0,0,0,0,0,"","",7,8,0,0,1,0,0,0,1,0,14,12,9,5,5,7,10,15,50,50,0.00,0.00,0.00,0.00,2.19,44,57,44,26,13,19,57,44,63,13.33,4.63,4.62,3.29,1.96,0.00,0.00,0.00,0.00,0.00,0.00,Estádio do Mar
1481468400,Dec 11 2016 - 3:00pm,complete,1633,FC Vizela,Famalicão,N/A,18,1.13,0.63,1.24,0.81,3,2,5,2,0,2,"74,83,90'1","9,24",3,7,5,0,4,1,1,4,2,3,12,11,6,5,6,6,16,22,47,53,0.00,0.00,0.00,0.00,2.00,57,69,44,7,0,25,63,38,76,8.74,5.63,2.68,3.00,3.09,0.00,0.00,0.00,0.00,0.00,0.00,Estádio Do Vizela (Caldas de Vizela)
1481911200,Dec 16 2016 - 6:00pm,complete,719,Benfica II,Sporting CP II,N/A,19,1.88,1.56,1.90,1.14,0,0,0,0,0,0,"","",5,4,1,0,2,0,0,1,1,1,15,10,6,6,9,4,18,17,55,45,0.00,0.00,0.00,0.00,2.47,54,77,41,24,6,36,82,35,71,10.16,5.11,1.96,3.49,4.27,0.00,0.00,0.00,0.00,0.00,0.00,Caixa Futebol Campus
1481973300,Dec 17 2016 - 11:15am,complete,1283,Portimonense,Freamunde,N/A,19,2.78,0.88,2.43,0.76,3,0,3,1,1,0,"35,62,70","",8,0,0,0,2,1,0,0,2,1,21,4,12,2,9,2,14,22,64,36,0.00,0.00,0.00,0.00,2.33,41,70,53,18,12,23,40,59,76,12.08,6.14,1.54,3.95,7.87,0.00,0.00,0.00,0.00,0.00,0.00,Estádio do Portimonense SC (Portimão)
1481986800,Dec 17 2016 - 3:00pm,complete,623,Cova Piedade,FC Vizela,N/A,19,2.22,1.44,1.62,0.95,0,0,0,0,0,0,"","",1,4,3,0,4,0,0,3,1,3,8,6,3,2,5,4,24,23,54,46,0.00,0.00,0.00,0.00,1.95,50,56,28,11,6,11,61,33,73,6.89,4.55,1.95,3.19,4.88,0.00,0.00,0.00,0.00,0.00,0.00,Estádio Municipal José Martins Vieira
1481990400,Dec 17 2016 - 4:00pm,complete,2560,Famalicão,Varzim,N/A,19,1.78,0.33,1.71,1.43,0,2,2,0,0,0,"","52,61",5,4,6,1,2,0,2,5,0,2,15,11,8,5,7,6,16,20,57,43,0.00,0.00,0.00,0.00,2.73,62,78,50,33,22,28,73,50,78,10.77,6.89,2.00,3.30,4.40,0.00,0.00,0.00,0.00,0.00,0.00,Estádio Municipal 22 de Junho
1482004800,Dec 17 2016 - 8:00pm,complete,259,Porto II,Sporting Braga II,N/A,19,1.89,0.89,1.71,1.19,1,3,4,0,0,0,"72","68,74,87",7,3,1,0,2,0,0,1,1,1,9,12,8,5,1,7,15,24,66,34,0.00,0.00,0.00,0.00,2.00,56,62,33,22,0,11,33,50,78,8.55,3.77,0.00,0.00,0.00,0.00,0.00,0.00,0.00,0.00,0.00,Estádio Dr. Jorge Sampaio
1482059700,Dec 18 2016 - 11:15am,complete,224,SC Olhanense,Santa Clara,N/A,19,0.89,1.33,0.90,1.00,1,2,3,2,0,2,"57","11,29",0,0,5,0,1,0,3,2,1,0,6,7,3,3,3,4,11,26,51,49,0.00,0.00,0.00,0.00,2.50,62,73,56,28,6,22,73,56,78,10.44,5.11,3.17,3.01,2.61,0.00,0.00,0.00,0.00,0.00,0.00,Estádio José Arcanjo
1482070500,Dec 18 2016 - 2:15pm,complete,451,Sporting Covilhã,Leixões,N/A,19,1.33,0.56,1.67,0.81,1,0,1,0,0,0,"75","",4,1,4,0,4,2,2,2,1,5,11,5,4,3,7,2,15,11,60,40,0.00,0.00,0.00,0.00,1.95,50,61,33,11,0,11,73,45,61,11.33,5.78,1.74,3.39,6.32,0.00,0.00,0.00,0.00,0.00,0.00,Estádio Municipal José dos Santos Pinto
1482073200,Dec 18 2016 - 3:00pm,complete,613,Fafe,Gil Vicente,N/A,19,0.50,0.56,0.86,0.86,2,1,3,2,2,0,"2,32","78",4,6,0,0,4,0,0,0,1,3,7,13,5,8,2,5,19,18,46,54,0.00,0.00,0.00,0.00,2.03,48,66,30,24,0,25,48,29,59,9.27,4.94,2.52,3.02,3.30,0.00,0.00,0.00,0.00,0.00,0.00,Parque Municipal dos Desportos
1482073200,Dec 18 2016 - 3:00pm,complete,855,FC Penafiel,CD Aves,N/A,19,2.44,2.00,2.14,1.52,1,3,4,3,1,2,"10","8,42,68",2,5,1,0,1,0,1,0,1,0,5,11,2,7,3,4,11,20,46,54,0.00,0.00,0.00,0.00,1.89,41,66,29,7,0,24,47,30,82,12.61,4.74,3.19,2.97,2.63,0.00,0.00,0.00,0.00,0.00,0.00,Estádio Municipal 25 de Abril
1482159600,Dec 19 2016 - 3:00pm,complete,1475,Vitória Guimarães II,Associação Académica de Coimbra OAF,N/A,19,1.44,1.25,2.24,1.00,2,1,3,0,0,0,"64,89","49",3,9,3,0,5,2,1,2,1,6,17,14,6,5,11,9,8,19,48,52,0.00,0.00,0.00,0.00,2.08,47,70,35,11,6,12,53,41,70,8.94,3.39,3.21,3.03,2.57,0.00,0.00,0.00,0.00,0.00,0.00,Estádio Dom Afonso Henriques
1482332400,Dec 21 2016 - 3:00pm,complete,1100,CD Aves,Cova Piedade,N/A,20,2.30,1.22,2.33,0.90,1,0,1,0,0,0,"49","",4,3,1,0,2,0,0,1,0,2,20,7,7,3,13,4,23,17,59,41,0.00,0.00,0.00,0.00,2.73,69,79,52,26,11,32,69,52,78,9.30,5.94,1.61,3.82,6.69,0.00,0.00,0.00,0.00,0.00,0.00,Estádio Clube Desportivo das Aves
1482332400,Dec 21 2016 - 3:00pm,complete,442,Gil Vicente,CF União,N/A,20,1.78,0.90,1.81,1.14,2,1,3,2,2,0,"21,26","46",4,11,4,0,3,0,1,3,2,1,10,15,4,6,6,9,10,14,33,67,0.00,0.00,0.00,0.00,1.45,31,46,21,5,0,16,52,21,52,10.02,5.19,3.14,2.91,2.72,0.00,0.00,0.00,0.00,0.00,0.00,Estádio Cidade de Barcelos
1482332400,Dec 21 2016 - 3:00pm,complete,728,Leixões,FC Penafiel,N/A,20,1.00,0.67,1.38,0.86,2,1,3,2,1,1,"31,90'2","24",6,5,3,0,2,1,1,2,1,2,14,8,8,3,6,5,13,21,56,44,0.00,0.00,0.00,0.00,1.89,45,56,45,17,6,28,39,39,56,13.67,5.56,3.46,2.94,2.49,0.00,0.00,0.00,0.00,0.00,0.00,Estádio do Mar
1482332400,Dec 21 2016 - 3:00pm,complete,720,Sporting Braga II,Benfica II,N/A,20,1.44,1.20,1.76,1.10,2,1,3,1,1,0,"10,57","79",0,3,5,0,3,0,1,4,0,3,10,16,5,6,5,10,15,13,42,58,0.00,0.00,0.00,0.00,2.34,59,80,53,11,0,27,74,37,79,11.79,4.78,2.57,3.18,3.06,0.00,0.00,0.00,0.00,0.00,0.00,Estádio 1º de Maio
1482332400,Dec 21 2016 - 3:00pm,complete,1033,Varzim,Fafe,N/A,20,2.00,1.50,1.48,1.29,2,1,3,1,0,1,"69,76","6",8,7,2,0,0,0,1,1,0,0,10,13,4,6,6,7,16,15,59,41,0.00,0.00,0.00,0.00,2.56,52,74,47,31,10,26,74,37,79,10.19,4.71,1.82,3.34,5.53,0.00,0.00,0.00,0.00,0.00,0.00,Estádio Varzim Sport Club
1482332400,Dec 21 2016 - 3:00pm,complete,527,Academico Viseu,Famalicão,N/A,20,1.00,0.56,1.29,0.81,1,1,2,2,1,1,"23","27",0,11,3,0,4,0,2,1,3,1,8,15,5,5,3,10,18,11,41,59,0.00,0.00,0.00,0.00,2.06,45,56,45,11,6,17,62,45,73,11.35,6.34,2.88,2.97,2.88,0.00,0.00,0.00,0.00,0.00,0.00,Estádio Municipal do Fontelo
1482339600,Dec 21 2016 - 5:00pm,complete,770,Santa Clara,Sporting Covilhã,N/A,20,2.11,1.11,1.86,1.29,1,1,2,1,1,0,"5","56",5,3,2,0,2,0,2,0,0,2,9,7,4,2,5,5,13,17,54,46,0.00,0.00,0.00,0.00,1.95,50,61,45,6,0,17,50,33,78,12.78,5.11,2.57,2.93,3.32,0.00,0.00,0.00,0.00,0.00,0.00,Estádio de São Miguel (Ponta Delgada- Ilha de São Miguel- Açores)
1482351300,Dec 21 2016 - 8:15pm,complete,476,SC Olhanense,Portimonense,N/A,20,0.80,2.00,0.90,1.52,0,1,1,0,0,0,"","59",2,5,2,1,1,0,0,3,0,1,8,17,2,6,6,11,20,15,41,59,0.00,0.00,0.00,0.00,2.67,57,68,62,32,16,21,74,52,73,12.96,4.72,5.62,3.39,1.79,0.00,0.00,0.00,0.00,0.00,0.00,Estádio José Arcanjo
1482418800,Dec 22 2016 - 3:00pm,complete,1689,Vitória Guimarães II,Porto II,N/A,20,1.60,0.78,2.24,1.14,3,0,3,1,1,0,"17,53,75","",4,6,1,0,3,1,0,1,0,4,12,12,8,6,4,6,20,10,39,61,0.00,0.00,0.00,0.00,2.62,58,84,53,16,5,16,69,52,90,10.80,3.89,2.61,3.21,2.98,0.00,0.00,0.00,0.00,0.00,0.00,Estádio Dom Afonso Henriques
1482429600,Dec 22 2016 - 6:00pm,complete,563,Freamunde,FC Vizela,N/A,20,0.80,1.40,1.14,0.95,1,0,1,1,1,0,"11","",2,2,4,0,2,0,2,2,0,2,5,7,2,5,3,2,14,11,44,56,0.00,0.00,0.00,0.00,1.65,45,45,25,15,5,15,40,25,60,8.70,5.80,2.17,3.00,4.22,0.00,0.00,0.00,0.00,0.00,0.00,Complexo Desportivo do SC Freamunde
1483110000,Dec 30 2016 - 3:00pm,complete,3542,Associação Académica de Coimbra OAF,Sporting CP II,N/A,20,2.00,1.50,1.95,1.14,1,0,1,1,1,0,"43","",11,7,3,0,6,0,1,2,3,3,9,5,8,4,1,1,17,24,52,48,0.00,0.00,0.00,0.00,1.95,30,50,35,15,10,15,70,35,55,10.50,5.50,1.81,3.42,5.42,0.00,0.00,0.00,0.00,0.00,0.00,Estádio EFAPEL
1483801200,Jan 07 2017 - 3:00pm,complete,204,Sporting Covilhã,Freamunde,N/A,21,1.50,0.78,1.67,0.76,1,1,2,1,1,0,"45","81",7,3,2,0,3,0,0,2,1,2,10,9,5,3,5,6,20,17,53,47,0.00,0.00,0.00,0.00,2.00,42,63,37,16,6,11,36,53,74,10.42,7.01,1.72,3.34,6.75,0.00,0.00,0.00,0.00,0.00,0.00,Estádio Municipal José dos Santos Pinto
1483801200,Jan 07 2017 - 3:00pm,complete,240,Sporting CP II,Sporting Braga II,N/A,21,1.11,1.10,1.48,1.19,1,2,3,1,0,1,"70","13,80",3,7,4,1,2,0,2,3,1,1,11,13,7,8,4,5,16,20,49,51,0.00,0.00,0.00,0.00,3.00,80,80,70,37,11,22,54,70,90,6.84,4.40,2.35,3.21,3.41,0.00,0.00,0.00,0.00,0.00,0.00,CGD Stadium Aurélio Pereira
1483801200,Jan 07 2017 - 3:00pm,complete,458,FC Penafiel,SC Olhanense,N/A,21,2.20,0.56,2.14,0.43,4,0,4,2,2,0,"10,34,64,69","",9,6,1,0,2,0,0,1,0,2,16,7,9,3,7,4,15,15,47,53,0.00,0.00,0.00,0.00,2.72,64,69,54,27,17,43,64,38,95,11.06,5.33,1.76,3.46,5.74,0.00,0.00,0.00,0.00,0.00,0.00,Estádio Municipal 25 de Abril
1483820100,Jan 07 2017 - 8:15pm,complete,960,FC Vizela,Varzim,N/A,21,1.33,0.60,1.24,1.43,1,2,3,1,0,1,"90","35,90'5",7,8,3,0,5,0,1,2,0,5,14,11,5,7,9,4,16,15,56,44,0.00,0.00,0.00,0.00,2.41,64,79,42,21,11,27,69,52,79,8.18,6.06,2.53,3.05,3.27,0.00,0.00,0.00,0.00,0.00,0.00,Estádio Do Vizela (Caldas de Vizela)
1483874100,Jan 08 2017 - 11:15am,complete,1942,Portimonense,Santa Clara,N/A,21,2.80,1.50,2.43,1.00,1,0,1,0,0,0,"60","",5,4,1,0,1,0,1,0,0,1,14,12,7,6,7,6,7,8,56,44,0.00,0.00,0.00,0.00,2.50,50,80,55,15,5,30,70,55,80,11.40,4.40,1.71,3.51,6.18,0.00,0.00,0.00,0.00,0.00,0.00,Estádio do Portimonense SC (Portimão)
1483887600,Jan 08 2017 - 3:00pm,complete,922,Cova Piedade,Academico Viseu,N/A,21,2.10,0.90,1.62,1.19,1,2,3,2,0,2,"59","8,33",4,0,6,1,4,0,3,4,1,3,12,12,4,9,8,3,16,22,63,37,0.00,0.00,0.00,0.00,2.15,50,60,40,15,10,30,75,25,70,7.70,5.10,1.94,3.17,5.03,0.00,0.00,0.00,0.00,0.00,0.00,Estádio Municipal José Martins Vieira
1483887600,Jan 08 2017 - 3:00pm,complete,590,Porto II,Associação Académica de Coimbra OAF,N/A,21,1.70,1.11,1.71,1.00,2,1,3,1,1,0,"19,80","81",4,15,4,0,3,0,1,3,0,3,5,17,5,5,0,12,11,12,41,59,0.00,0.00,0.00,0.00,1.93,52,63,37,15,0,11,32,47,68,9.30,3.63,2.43,3.06,3.41,0.00,0.00,0.00,0.00,0.00,0.00,Estádio Dr. Jorge Sampaio
1483887600,Jan 08 2017 - 3:00pm,complete,1386,Fafe,CD Aves,N/A,21,0.78,2.11,0.86,1.52,1,2,3,1,0,1,"87","32,67",8,5,1,0,4,0,0,1,2,2,10,17,3,7,7,10,11,12,39,61,0.00,0.00,0.00,0.00,2.28,56,84,39,22,0,39,62,28,62,9.78,4.55,4.52,3.50,1.92,0.00,0.00,0.00,0.00,0.00,0.00,Estádio Municipal de Amarante
1483887600,Jan 08 2017 - 3:00pm,complete,722,CF União,Leixões,N/A,21,1.44,0.50,1.90,0.81,2,0,2,1,1,0,"1,88","",3,1,2,1,2,0,0,3,0,2,10,10,6,4,4,6,15,15,42,58,0.00,0.00,0.00,0.00,1.69,37,37,26,16,6,11,74,26,47,10.17,5.07,1.83,3.22,5.72,0.00,0.00,0.00,0.00,0.00,0.00,Estádio do Centro Desportivo da Madeira
1483891200,Jan 08 2017 - 4:00pm,complete,802,Benfica II,Vitória Guimarães II,N/A,21,1.78,0.89,1.90,0.62,3,2,5,3,1,2,"43,86,90'3","18,44",10,5,6,0,4,0,1,5,1,3,20,14,7,7,13,7,18,10,56,44,0.00,0.00,0.00,0.00,2.11,50,73,33,11,0,22,73,28,84,10.55,4.11,2.07,3.32,4.07,0.00,0.00,0.00,0.00,0.00,0.00,Caixa Futebol Campus
1483891200,Jan 08 2017 - 4:00pm,complete,2132,Famalicão,Gil Vicente,N/A,21,1.60,0.50,1.71,0.86,1,0,1,0,0,0,"67","",13,0,0,1,3,0,0,1,1,2,9,8,4,2,5,6,12,17,59,41,0.00,0.00,0.00,0.00,2.20,45,60,35,30,15,25,50,35,70,10.30,6.30,1.83,3.30,5.50,0.00,0.00,0.00,0.00,0.00,0.00,Estádio Municipal 22 de Junho
1484253000,Jan 12 2017 - 8:30pm,complete,3107,Associação Académica de Coimbra OAF,SC Olhanense,N/A,22,2.09,0.50,1.95,0.43,2,0,2,1,1,0,"26,88","",10,2,1,0,0,0,0,1,0,0,14,14,8,3,6,11,6,10,55,45,0.00,0.00,0.00,0.00,2.48,44,54,49,30,20,35,72,44,68,10.07,5.75,1.56,3.87,7.75,0.00,0.00,0.00,0.00,0.00,0.00,Estádio EFAPEL
1484392500,Jan 14 2017 - 11:15am,complete,1613,Cova Piedade,Benfica II,N/A,22,1.91,1.09,1.62,1.10,1,2,3,3,1,2,"31","3,38",7,3,3,0,3,0,2,1,1,2,15,9,6,7,9,2,11,11,49,51,0.00,0.00,0.00,0.00,2.00,50,64,41,5,5,18,78,27,73,9.09,5.73,2.67,3.19,2.92,0.00,0.00,0.00,0.00,0.00,0.00,Estádio Municipal José Martins Vieira
1484392500,Jan 14 2017 - 11:15am,complete,204,Sporting Covilhã,FC Penafiel,N/A,22,1.45,0.60,1.67,0.86,2,3,5,1,0,1,"66,72","7,68,90'3",4,2,2,0,1,0,0,2,0,1,17,8,10,5,7,3,18,12,57,43,0.00,0.00,0.00,0.00,2.20,58,72,44,15,5,25,53,43,71,13.67,6.32,2.22,3.11,3.87,0.00,0.00,0.00,0.00,0.00,0.00,Estádio Municipal José dos Santos Pinto
1484406000,Jan 14 2017 - 3:00pm,complete,1049,Porto II,CD Aves,N/A,22,1.82,2.20,1.71,1.52,0,0,0,0,0,0,"","",6,5,0,0,3,0,0,0,0,3,8,15,2,5,6,10,8,19,52,48,0.00,0.00,0.00,0.00,2.28,57,77,43,24,0,20,48,52,76,9.78,4.15,3.15,3.23,2.48,0.00,0.00,0.00,0.00,0.00,0.00,Estádio Dr. Jorge Sampaio
1484406000,Jan 14 2017 - 3:00pm,complete,572,CF União,Freamunde,N/A,22,1.60,0.80,1.90,0.76,2,1,3,2,1,1,"28,80","40",0,4,5,0,5,0,1,4,2,3,6,11,4,4,2,7,19,23,48,52,0.00,0.00,0.00,0.00,1.85,35,50,30,20,10,10,50,35,60,9.50,5.80,2.11,3.11,4.25,0.00,0.00,0.00,0.00,0.00,0.00,Estádio do Centro Desportivo da Madeira
1484406000,Jan 14 2017 - 3:00pm,complete,790,FC Vizela,Academico Viseu,N/A,22,1.20,1.09,1.24,1.19,1,1,2,0,0,0,"85","62",12,7,2,0,1,0,0,2,0,1,13,11,5,5,8,6,15,15,53,47,0.00,0.00,0.00,0.00,2.38,67,72,52,19,10,43,72,34,76,8.01,5.51,2.48,3.05,3.34,0.00,0.00,0.00,0.00,0.00,0.00,Estádio Do Vizela (Caldas de Vizela)
1484406000,Jan 14 2017 - 3:00pm,complete,2205,Famalicão,Leixões,N/A,22,1.73,0.45,1.71,0.81,0,2,2,1,0,1,"","28,62",7,5,5,1,3,0,1,5,0,3,10,14,4,6,6,8,21,21,53,47,0.00,0.00,0.00,0.00,2.09,41,55,32,23,14,18,69,32,64,11.00,6.72,1.70,3.58,6.14,0.00,0.00,0.00,0.00,0.00,0.00,Estádio Municipal 22 de Junho
1484478900,Jan 15 2017 - 11:15am,complete,2674,Portimonense,Sporting CP II,N/A,22,2.82,1.36,2.43,1.14,4,0,4,2,2,0,"17,26,74,86","",5,0,0,0,2,0,0,0,2,0,14,13,7,3,7,10,17,12,53,47,0.00,0.00,0.00,0.00,2.41,36,73,50,14,9,23,73,50,73,12.09,4.91,1.44,4.56,8.45,0.00,0.00,0.00,0.00,0.00,0.00,Estádio do Portimonense SC (Portimão)
1484492400,Jan 15 2017 - 3:00pm,complete,656,Fafe,Sporting Braga II,N/A,22,0.70,1.27,0.86,1.19,4,1,5,1,1,0,"39,50,53,57","65",5,6,2,0,4,0,1,1,2,2,12,7,9,5,3,2,17,13,47,53,0.00,0.00,0.00,0.00,2.34,67,77,48,24,0,25,53,43,71,9.23,4.36,2.78,3.13,2.85,0.00,0.00,0.00,0.00,0.00,0.00,Estádio Municipal de Amarante
1484492400,Jan 15 2017 - 3:00pm,complete,1333,Varzim,Gil Vicente,N/A,22,2.10,0.45,1.48,0.86,1,1,2,1,0,1,"53","40",10,1,5,0,3,0,1,4,1,2,10,9,6,2,4,7,20,13,54,46,0.00,0.00,0.00,0.00,2.02,43,63,39,14,0,19,58,34,77,9.83,4.83,1.98,3.25,4.61,0.00,0.00,0.00,0.00,0.00,0.00,Estádio Varzim Sport Club
1484492400,Jan 15 2017 - 3:00pm,complete,1366,Vitória Guimarães II,Santa Clara,N/A,22,1.73,1.36,2.24,1.00,5,0,5,0,0,0,"57,64,67,71,83","",2,0,0,0,1,0,0,0,0,1,14,8,9,2,5,6,14,23,50,50,0.00,0.00,0.00,0.00,2.46,55,78,46,18,5,18,64,50,82,9.18,4.46,2.15,3.22,3.93,0.00,0.00,0.00,0.00,0.00,0.00,Estádio Dom Afonso Henriques
1484997300,Jan 21 2017 - 11:15am,complete,450,FC Penafiel,Portimonense,N/A,23,2.27,2.10,2.14,1.52,2,2,4,3,2,1,"12,24","42,59",2,8,3,0,5,0,2,1,3,2,7,12,3,7,4,5,15,8,40,60,0.00,0.00,0.00,0.00,2.29,43,57,43,24,10,23,58,34,80,14.94,4.01,3.29,3.23,2.40,0.00,0.00,0.00,0.00,0.00,0.00,Estádio Municipal 25 de Abril
1485010800,Jan 21 2017 - 3:00pm,complete,320,Sporting Braga II,CF União,N/A,23,1.60,0.82,1.76,1.14,3,1,4,1,1,0,"3,63,83","90'3",4,2,2,0,3,0,1,1,2,1,8,4,5,3,3,1,10,20,58,42,0.00,0.00,0.00,0.00,2.35,58,82,44,15,0,29,77,39,77,11.57,4.46,2.48,3.21,3.17,0.00,0.00,0.00,0.00,0.00,0.00,Estádio 1º de Maio
1485083700,Jan 22 2017 - 11:15am,complete,603,Academico Viseu,Porto II,N/A,23,1.00,0.70,1.29,1.14,2,1,3,0,0,0,"52,72","78",8,8,2,0,2,0,2,0,2,0,15,11,10,6,5,5,18,10,37,63,0.00,0.00,0.00,0.00,2.05,45,60,40,10,0,15,70,40,70,11.16,5.00,2.55,3.19,3.08,0.00,0.00,0.00,0.00,0.00,0.00,Estádio Municipal do Fontelo
1485097200,Jan 22 2017 - 3:00pm,complete,890,Freamunde,Fafe,N/A,23,1.00,1.36,1.14,1.29,1,0,1,0,0,0,"73","",7,4,0,0,3,0,0,0,0,3,12,11,5,3,7,8,19,16,53,47,0.00,0.00,0.00,0.00,2.23,50,55,37,32,14,23,64,27,64,9.64,5.72,2.21,3.24,3.71,0.00,0.00,0.00,0.00,0.00,0.00,Complexo Desportivo do SC Freamunde
1485097200,Jan 22 2017 - 3:00pm,complete,201,SC Olhanense,Famalicão,N/A,23,0.73,0.60,0.90,0.81,0,1,1,1,0,1,"","35",5,6,2,0,1,0,1,1,0,1,6,7,0,3,6,4,23,19,52,48,0.00,0.00,0.00,0.00,2.62,62,77,67,19,10,34,72,53,86,10.87,6.15,3.06,3.19,2.56,0.00,0.00,0.00,0.00,0.00,0.00,Estádio José Arcanjo
1485097200,Jan 22 2017 - 3:00pm,complete,940,CD Aves,Vitória Guimarães II,N/A,23,2.36,0.80,2.33,0.62,1,0,1,0,0,0,"55","",2,3,4,0,2,0,1,3,0,2,17,5,7,3,10,2,13,6,52,48,0.00,0.00,0.00,0.00,2.57,57,81,48,19,10,19,68,52,100,11.29,4.76,1.53,4.07,7.73,0.00,0.00,0.00,0.00,0.00,0.00,Estádio Clube Desportivo das Aves
1485097200,Jan 22 2017 - 3:00pm,complete,848,Gil Vicente,FC Vizela,N/A,23,1.90,1.27,1.81,0.95,1,0,1,0,0,0,"56","",10,8,2,0,4,1,0,2,2,3,17,6,8,2,9,4,18,17,58,42,0.00,0.00,0.00,0.00,1.42,38,38,29,5,0,15,38,23,52,7.38,5.45,2.25,3.12,3.77,0.00,0.00,0.00,0.00,0.00,0.00,Estádio Cidade de Barcelos
1485097200,Jan 22 2017 - 3:00pm,complete,989,Leixões,Cova Piedade,N/A,23,1.20,1.10,1.38,0.90,4,0,4,1,1,0,"10,46,80,86","",5,6,2,0,3,0,2,0,2,1,12,7,5,3,7,4,27,19,45,55,0.00,0.00,0.00,0.00,2.00,50,55,40,15,5,30,55,30,60,9.00,5.40,2.42,3.10,3.39,0.00,0.00,0.00,0.00,0.00,0.00,Estádio do Mar
1485100800,Jan 22 2017 - 4:00pm,complete,1142,Santa Clara,Associação Académica de Coimbra OAF,N/A,23,2.00,1.00,1.86,1.00,1,1,2,1,1,0,"10","90",8,3,2,0,3,0,1,1,1,2,10,9,4,6,6,3,17,16,49,51,0.00,0.00,0.00,0.00,1.95,55,70,45,0,0,15,50,40,75,11.60,5.00,2.80,3.02,2.92,0.00,0.00,0.00,0.00,0.00,0.00,Estádio de São Miguel (Ponta Delgada- Ilha de São Miguel- Açores)
1485187200,Jan 23 2017 - 4:00pm,complete,169,Sporting CP II,Sporting Covilhã,N/A,23,1.00,1.10,1.48,1.29,1,1,2,1,1,0,"25","62",5,4,2,0,0,0,0,2,0,0,13,7,6,3,7,4,20,16,49,51,0.00,0.00,0.00,0.00,2.75,75,75,65,25,10,20,65,55,85,9.20,4.70,2.52,3.21,3.10,0.00,0.00,0.00,0.00,0.00,0.00,CGD Stadium Aurélio Pereira
1485194400,Jan 23 2017 - 6:00pm,complete,483,Benfica II,Varzim,N/A,23,1.90,0.82,1.90,1.43,1,2,3,1,0,1,"79","42,65",10,3,5,1,5,0,1,5,4,1,20,7,5,4,15,3,14,16,56,44,0.00,0.00,0.00,0.00,2.57,62,81,48,24,10,34,72,52,81,10.53,5.94,2.12,3.32,3.89,0.00,0.00,0.00,0.00,0.00,0.00,Caixa Futebol Campus
1485615600,Jan 28 2017 - 3:00pm,complete,954,FC Vizela,CD Aves,N/A,24,1.18,2.09,1.24,1.52,3,1,4,1,1,0,"9,47,75","50",1,10,3,0,4,0,1,2,2,2,6,18,5,10,1,8,16,18,36,64,0.00,0.00,0.00,0.00,2.09,59,73,36,18,5,27,60,41,69,9.46,5.19,6.07,3.41,1.75,0.00,0.00,0.00,0.00,0.00,0.00,Estádio Do Vizela (Caldas de Vizela)
1485615600,Jan 28 2017 - 3:00pm,complete,1148,Gil Vicente,Benfica II,N/A,24,2.00,1.25,1.81,1.10,1,1,2,1,0,1,"52","22",3,6,1,0,3,0,0,1,2,1,2,2,2,2,0,0,11,16,42,58,0.00,0.00,0.00,0.00,1.68,43,51,43,0,0,22,56,21,60,10.15,5.91,2.70,3.02,3.04,0.00,0.00,0.00,0.00,0.00,0.00,Estádio Cidade de Barcelos
1485615600,Jan 28 2017 - 3:00pm,complete,742,Cova Piedade,Sporting Braga II,N/A,24,1.75,1.17,1.62,1.19,1,1,2,2,1,1,"43","2",10,2,1,0,2,0,0,1,0,2,9,11,3,4,6,7,21,16,57,43,0.00,0.00,0.00,0.00,2.21,59,63,42,21,8,17,63,38,71,7.67,5.25,2.60,3.16,3.04,0.00,0.00,0.00,0.00,0.00,0.00,Estádio Municipal José Martins Vieira
1485615600,Jan 28 2017 - 3:00pm,complete,949,Porto II,Leixões,N/A,24,1.75,0.67,1.71,0.81,1,2,3,1,0,1,"60","28,82",5,4,1,0,4,0,1,0,1,3,14,20,4,9,10,11,16,22,60,40,0.00,0.00,0.00,0.00,1.96,46,59,34,17,0,8,58,42,67,9.50,4.67,2.04,3.28,4.25,0.00,0.00,0.00,0.00,0.00,0.00,Estádio Dr. Jorge Sampaio
1485615600,Jan 28 2017 - 3:00pm,complete,693,CF União,Portimonense,N/A,24,1.73,2.00,1.90,1.52,3,1,4,2,1,1,"6,56,83","42",1,4,0,0,1,0,0,0,0,1,11,8,7,5,4,3,15,9,37,63,0.00,0.00,0.00,0.00,2.14,41,50,36,27,14,18,69,27,60,12.27,4.45,3.49,3.03,2.41,0.00,0.00,0.00,0.00,0.00,0.00,Estádio do Centro Desportivo da Madeira
1485615600,Jan 28 2017 - 3:00pm,complete,2512,Associação Académica de Coimbra OAF,FC Penafiel,N/A,24,2.17,0.82,1.95,0.86,3,2,5,1,0,1,"50,60,63","12,65",4,4,5,3,5,2,2,6,2,5,12,13,6,7,6,6,17,18,57,43,0.00,0.00,0.00,0.00,2.11,41,53,45,18,13,22,61,35,57,13.49,5.69,2.07,3.10,4.44,0.00,0.00,0.00,0.00,0.00,0.00,Estádio EFAPEL
1485615600,Jan 28 2017 - 3:00pm,complete,226,Sporting Covilhã,SC Olhanense,N/A,24,1.33,0.45,1.67,0.43,3,0,3,1,1,0,"21,57,88","",12,2,4,0,5,0,0,4,1,4,18,4,9,3,9,1,19,23,57,43,0.00,0.00,0.00,0.00,2.76,61,79,49,31,18,32,70,53,87,9.72,5.66,1.58,3.82,7.43,0.00,0.00,0.00,0.00,0.00,0.00,Estádio Municipal José dos Santos Pinto
1485615600,Jan 28 2017 - 3:00pm,complete,665,Fafe,Sporting CP II,N/A,24,0.91,1.25,0.86,1.14,2,0,2,2,2,0,"3,16","",5,3,0,0,0,0,0,0,0,0,8,10,5,3,3,7,11,18,39,61,0.00,0.00,0.00,0.00,2.53,53,79,49,26,9,31,78,39,61,9.95,5.17,2.40,3.24,3.28,0.00,0.00,0.00,0.00,0.00,0.00,Estádio Municipal de Amarante
1485615600,Jan 28 2017 - 3:00pm,complete,1075,Famalicão,Santa Clara,N/A,24,1.58,1.25,1.71,1.00,0,1,1,0,0,0,"","89",6,3,3,0,3,0,0,3,2,1,8,11,2,4,6,7,31,18,49,51,0.00,0.00,0.00,0.00,2.38,46,67,38,29,17,25,58,38,75,10.50,6.09,2.21,3.11,3.89,0.00,0.00,0.00,0.00,0.00,0.00,Estádio Municipal 22 de Junho
1485619200,Jan 28 2017 - 4:00pm,complete,863,Varzim,Academico Viseu,N/A,24,2.00,1.08,1.48,1.19,1,1,2,0,0,0,"75","48",7,6,1,0,1,1,1,0,1,1,14,20,4,11,10,9,9,17,58,42,0.00,0.00,0.00,0.00,2.39,61,79,52,13,4,34,75,35,83,10.62,5.11,1.94,3.30,4.72,0.00,0.00,0.00,0.00,0.00,0.00,Estádio Varzim Sport Club
1485788400,Jan 30 2017 - 3:00pm,complete,1214,Vitória Guimarães II,Freamunde,N/A,24,1.83,0.73,2.24,0.76,2,1,3,2,1,1,"6,65","27",6,6,2,0,3,0,1,1,1,2,18,15,8,4,10,11,16,25,51,49,0.00,0.00,0.00,0.00,2.55,48,78,52,22,13,13,47,56,83,9.01,5.84,2.29,3.11,3.67,0.00,0.00,0.00,0.00,0.00,0.00,Estádio Dom Afonso Henriques
1486144800,Feb 03 2017 - 6:00pm,complete,311,Benfica II,FC Vizela,N/A,25,1.73,1.17,1.90,0.95,2,1,3,3,2,1,"7,21","39",4,5,3,0,2,0,0,3,1,1,14,16,7,4,7,12,14,11,51,49,0.00,0.00,0.00,0.00,2.02,53,58,35,18,5,27,53,35,70,9.76,5.39,1.92,3.38,4.69,0.00,0.00,0.00,0.00,0.00,0.00,Caixa Futebol Campus
1486206900,Feb 04 2017 - 11:15am,complete,1817,Portimonense,Associação Académica de Coimbra OAF,N/A,25,2.83,1.00,2.43,1.00,0,0,0,0,0,0,"","",5,8,3,0,1,0,0,3,0,1,7,9,2,4,5,5,20,19,61,39,0.00,0.00,0.00,0.00,2.24,44,74,52,9,4,21,56,52,78,11.91,3.95,1.81,3.41,5.45,0.00,0.00,0.00,0.00,0.00,0.00,Estádio do Portimonense SC (Portimão)
1486222200,Feb 04 2017 - 3:30pm,complete,235,Sporting Braga II,Sporting Covilhã,N/A,25,1.73,1.09,1.76,1.29,0,1,1,1,0,1,"","43",3,0,2,0,5,0,0,2,2,3,19,7,10,3,9,4,14,20,65,35,0.00,0.00,0.00,0.00,2.28,64,73,46,18,0,18,69,37,78,10.82,4.27,2.50,3.14,3.21,0.00,0.00,0.00,0.00,0.00,0.00,Estádio 1º de Maio
1486234800,Feb 04 2017 - 7:00pm,complete,710,Santa Clara,Fafe,N/A,25,1.91,1.25,1.86,1.29,1,3,4,3,1,2,"22","15,37,67",6,2,2,0,3,0,2,0,1,2,13,8,8,7,5,1,15,18,59,41,0.00,0.00,0.00,0.00,2.47,61,75,48,21,9,22,66,39,87,11.14,4.97,1.85,3.37,5.14,0.00,0.00,0.00,0.00,0.00,0.00,Estádio de São Miguel (Ponta Delgada- Ilha de São Miguel- Açores)
1486293300,Feb 05 2017 - 11:15am,complete,228,SC Olhanense,Porto II,N/A,25,0.67,0.64,0.90,1.14,2,2,4,1,0,1,"59,60","13,80",4,8,0,0,3,1,0,0,2,2,18,15,7,9,11,6,20,18,48,52,0.00,0.00,0.00,0.00,2.57,57,75,66,17,4,22,74,53,87,10.88,4.68,3.11,3.25,2.49,0.00,0.00,0.00,0.00,0.00,0.00,Estádio José Arcanjo
1486306800,Feb 05 2017 - 3:00pm,complete,204,Sporting CP II,Famalicão,N/A,25,1.00,0.82,1.48,0.81,1,1,2,1,1,0,"5","55",5,5,4,0,3,1,2,2,2,2,7,5,4,2,3,3,26,17,44,56,0.00,0.00,0.00,0.00,3.00,78,87,73,23,14,32,78,64,87,9.35,5.63,2.43,3.29,3.18,0.00,0.00,0.00,0.00,0.00,0.00,CGD Stadium Aurélio Pereira
1486306800,Feb 05 2017 - 3:00pm,complete,465,Academico Viseu,Gil Vicente,N/A,25,1.18,0.50,1.29,0.86,1,2,3,2,1,1,"13","45'2,65",7,9,0,0,4,1,0,0,2,3,16,9,10,4,6,5,10,14,52,48,0.00,0.00,0.00,0.00,1.74,44,48,26,13,0,13,49,31,65,9.32,5.48,2.11,3.15,4.18,0.00,0.00,0.00,0.00,0.00,0.00,Estádio Municipal do Fontelo
1486306800,Feb 05 2017 - 3:00pm,complete,1197,Leixões,Vitória Guimarães II,N/A,25,1.36,0.73,1.38,0.62,2,1,3,1,0,1,"75,90","6",6,6,5,0,2,0,2,3,0,2,23,10,5,6,18,4,13,13,58,42,0.00,0.00,0.00,0.00,2.05,41,64,41,14,5,18,59,36,82,10.89,4.45,2.33,3.22,3.44,0.00,0.00,0.00,0.00,0.00,0.00,Estádio do Mar
1486306800,Feb 05 2017 - 3:00pm,complete,950,CD Aves,Varzim,N/A,25,2.42,1.00,2.33,1.43,1,2,3,3,1,2,"45'4","29,38",8,3,2,0,5,0,0,2,1,4,15,7,8,5,7,2,17,19,63,37,0.00,0.00,0.00,0.00,2.67,63,84,54,21,8,21,63,67,96,10.33,6.25,1.75,3.55,5.63,0.00,0.00,0.00,0.00,0.00,0.00,Estádio Clube Desportivo das Aves
1486306800,Feb 05 2017 - 3:00pm,complete,468,Freamunde,Cova Piedade,N/A,25,1.17,1.00,1.14,0.90,3,1,4,1,1,0,"32,84,90'1","90'4",1,4,4,1,3,1,2,3,3,1,15,12,8,6,7,6,24,17,43,57,0.00,0.00,0.00,0.00,2.03,44,49,31,22,9,22,62,22,57,8.52,6.35,2.09,3.14,4.28,0.00,0.00,0.00,0.00,0.00,0.00,Complexo Desportivo do SC Freamunde
1486306800,Feb 05 2017 - 3:00pm,complete,445,FC Penafiel,CF União,N/A,25,2.17,0.75,2.14,1.14,3,1,4,1,1,0,"45,75,77","59",6,4,4,0,1,0,1,3,1,0,9,8,5,3,4,5,19,17,59,41,0.00,0.00,0.00,0.00,2.30,50,71,42,21,0,34,67,29,88,13.09,4.42,2.18,3.23,3.82,0.00,0.00,0.00,0.00,0.00,0.00,Estádio Municipal 25 de Abril
1486671300,Feb 09 2017 - 8:15pm,complete,779,FC Vizela,Sporting CP II,N/A,26,1.33,1.15,1.24,1.14,2,1,3,1,1,0,"2,74","89",3,5,2,0,3,0,0,2,0,3,5,17,4,6,1,11,10,15,48,52,0.00,0.00,0.00,0.00,2.32,53,72,40,24,8,28,76,44,65,8.88,5.50,2.21,3.31,3.62,0.00,0.00,0.00,0.00,0.00,0.00,Estádio Do Vizela (Caldas de Vizela)
1486825200,Feb 11 2017 - 3:00pm,complete,819,CF União,Associação Académica de Coimbra OAF,N/A,26,1.83,1.00,1.90,1.00,2,1,3,2,2,0,"26,38","87",3,3,4,0,2,0,1,3,0,2,7,11,4,4,3,7,19,16,36,64,0.00,0.00,0.00,0.00,1.79,46,54,33,13,4,17,59,29,58,9.75,4.25,2.59,3.15,3.06,0.00,0.00,0.00,0.00,0.00,0.00,Estádio do Centro Desportivo da Madeira
1486825200,Feb 11 2017 - 3:00pm,complete,1495,Famalicão,Sporting Braga II,N/A,26,1.46,1.15,1.71,1.19,2,0,2,1,1,0,"21,76","",5,5,2,0,1,1,1,1,1,1,8,4,7,2,1,2,17,16,42,58,0.00,0.00,0.00,0.00,2.35,54,66,39,31,16,19,50,43,77,10.54,6.08,2.07,3.39,3.96,0.00,0.00,0.00,0.00,0.00,0.00,Estádio Municipal 22 de Junho
1486825200,Feb 11 2017 - 3:00pm,complete,448,Porto II,Freamunde,N/A,26,1.62,0.67,1.71,0.76,0,1,1,0,0,0,"","88",5,10,2,0,1,0,0,2,0,1,17,6,6,3,11,3,6,11,66,34,0.00,0.00,0.00,0.00,2.20,56,68,48,20,4,17,40,52,76,9.48,5.38,2.21,3.34,3.59,0.00,0.00,0.00,0.00,0.00,0.00,Estádio Dr. Jorge Sampaio
1486825200,Feb 11 2017 - 3:00pm,complete,343,Cova Piedade,FC Penafiel,N/A,26,1.69,0.75,1.62,0.86,1,1,2,1,0,1,"49","38",7,1,4,0,2,0,1,3,0,2,13,11,7,4,6,7,24,15,62,38,0.00,0.00,0.00,0.00,2.42,61,69,49,21,17,32,72,33,61,10.90,6.37,2.92,3.25,2.63,0.00,0.00,0.00,0.00,0.00,0.00,Estádio Municipal José Martins Vieira
1486825200,Feb 11 2017 - 3:00pm,complete,3000,Fafe,SC Olhanense,N/A,26,1.08,0.42,0.86,0.43,1,2,3,1,0,1,"90'2","21,89",6,7,4,1,2,0,1,4,1,1,16,11,3,3,13,8,20,12,50,50,0.00,0.00,0.00,0.00,2.96,63,88,59,34,17,46,79,46,75,8.92,4.91,1.83,3.56,4.90,0.00,0.00,0.00,0.00,0.00,0.00,Parque Municipal dos Desportos
1486828800,Feb 11 2017 - 4:00pm,complete,704,Benfica II,CD Aves,N/A,26,1.83,1.92,1.90,1.52,4,2,6,4,3,1,"5,20,33,64","39,74",5,7,1,0,3,0,0,1,1,2,11,16,7,7,4,9,16,25,49,51,0.00,0.00,0.00,0.00,2.34,59,75,46,25,4,38,67,38,67,11.08,5.42,2.85,3.33,2.64,0.00,0.00,0.00,0.00,0.00,0.00,Caixa Futebol Campus
1486828800,Feb 11 2017 - 4:00pm,complete,2302,Varzim,Leixões,N/A,26,1.92,0.85,1.48,0.81,1,0,1,1,1,0,"6","",3,10,3,0,2,0,0,3,0,2,11,21,4,8,7,13,29,12,37,63,0.00,0.00,0.00,0.00,2.05,48,69,37,8,0,13,80,37,73,10.73,5.56,2.01,3.37,4.24,0.00,0.00,0.00,0.00,0.00,0.00,Estádio Varzim Sport Club
1486898100,Feb 12 2017 - 11:15am,complete,563,Gil Vicente,Santa Clara,N/A,26,1.92,1.38,1.81,1.00,2,1,3,1,1,0,"10,88","83",6,7,2,0,2,0,1,1,1,1,7,12,5,5,2,7,18,17,50,50,0.00,0.00,0.00,0.00,1.74,40,48,32,12,4,20,48,23,64,8.20,5.21,2.36,3.16,3.45,0.00,0.00,0.00,0.00,0.00,0.00,Estádio Cidade de Barcelos
1486911600,Feb 12 2017 - 3:00pm,complete,1021,Vitória Guimarães II,Academico Viseu,N/A,26,1.92,1.08,2.24,1.19,0,0,0,0,0,0,"","",4,3,4,1,2,0,3,2,0,2,6,17,2,5,4,12,12,13,49,51,0.00,0.00,0.00,0.00,2.73,62,85,58,19,12,31,62,50,89,9.31,4.54,2.12,3.37,3.81,0.00,0.00,0.00,0.00,0.00,0.00,Estádio Dom Afonso Henriques
1487170800,Feb 15 2017 - 3:00pm,complete,868,Academico Viseu,Benfica II,N/A,27,1.08,1.23,1.29,1.10,2,1,3,0,0,0,"53,57","90'1",5,8,1,0,2,0,1,0,0,2,23,18,9,7,14,11,10,17,51,49,0.00,0.00,0.00,0.00,1.99,56,64,44,4,0,20,68,32,68,11.38,5.50,2.72,3.18,2.87,0.00,0.00,0.00,0.00,0.00,0.00,Estádio Municipal do Fontelo
1487170800,Feb 15 2017 - 3:00pm,complete,673,Leixões,Fafe,N/A,27,1.50,1.38,1.38,1.29,1,1,2,0,0,0,"71","78",3,3,3,0,3,0,2,1,1,2,21,5,6,3,15,2,18,16,55,45,0.00,0.00,0.00,0.00,2.39,52,64,52,32,8,28,60,40,76,10.21,4.79,2.12,3.23,4.02,0.00,0.00,0.00,0.00,0.00,0.00,Estádio do Mar
1487170800,Feb 15 2017 - 3:00pm,complete,529,Freamunde,Famalicão,N/A,27,1.31,0.83,1.14,0.81,1,0,1,1,1,0,"45","",5,9,3,1,4,1,1,3,1,4,11,16,4,6,7,10,31,22,41,59,0.00,0.00,0.00,0.00,2.01,48,57,37,16,8,24,65,29,65,10.65,6.73,2.55,3.05,3.22,0.00,0.00,0.00,0.00,0.00,0.00,Complexo Desportivo do SC Freamunde
1487170800,Feb 15 2017 - 3:00pm,complete,1609,Portimonense,Vitória Guimarães II,N/A,27,2.69,0.67,2.43,0.62,1,0,1,0,0,0,"69","",6,1,3,0,1,0,1,2,1,0,16,4,4,2,12,2,18,15,62,38,0.00,0.00,0.00,0.00,2.44,41,76,52,12,8,20,69,52,93,11.93,3.95,1.44,4.45,9.05,0.00,0.00,0.00,0.00,0.00,0.00,Estádio do Portimonense SC (Portimão)
1487170800,Feb 15 2017 - 3:00pm,complete,980,CD Aves,Gil Vicente,N/A,27,2.23,0.69,2.33,0.86,1,1,2,2,1,1,"43","11",7,1,3,0,4,0,1,2,1,3,20,9,6,4,14,5,18,17,57,43,0.00,0.00,0.00,0.00,2.24,54,66,43,19,4,27,50,39,85,9.84,5.38,1.59,3.85,7.00,0.00,0.00,0.00,0.00,0.00,0.00,Estádio Clube Desportivo das Aves
1487170800,Feb 15 2017 - 3:00pm,complete,400,Sporting Braga II,FC Vizela,N/A,27,1.58,1.08,1.76,0.95,5,0,5,2,2,0,"16,44,49,52,55","",4,5,1,1,1,0,1,1,0,1,17,11,10,6,7,5,17,9,53,47,0.00,0.00,0.00,0.00,2.18,57,65,45,17,0,20,61,41,69,8.69,4.77,2.12,3.24,4.00,0.00,0.00,0.00,0.00,0.00,0.00,Estádio 1º de Maio
1487170800,Feb 15 2017 - 3:00pm,complete,258,SC Olhanense,CF União,N/A,27,0.69,0.69,0.90,1.14,1,1,2,1,1,0,"26","65",4,2,6,0,5,0,1,5,2,3,8,12,4,5,4,7,20,20,55,45,0.00,0.00,0.00,0.00,2.50,58,73,54,27,4,23,77,46,81,10.77,4.62,3.35,3.30,2.33,0.00,0.00,0.00,0.00,0.00,0.00,Estádio José Arcanjo
1487170800,Feb 15 2017 - 3:00pm,complete,538,FC Penafiel,Porto II,N/A,27,2.23,0.67,2.14,1.14,0,2,2,2,0,2,"","18,21",3,4,5,0,2,0,3,2,0,2,9,14,4,10,5,4,20,16,48,52,0.00,0.00,0.00,0.00,2.61,56,76,61,24,0,28,69,45,96,13.08,4.57,2.00,3.42,4.20,0.00,0.00,0.00,0.00,0.00,0.00,Estádio Municipal 25 de Abril
1487170800,Feb 15 2017 - 3:00pm,complete,244,Sporting CP II,Varzim,N/A,27,1.00,1.15,1.48,1.43,1,2,3,1,0,1,"55","23,65",9,3,2,0,1,0,2,0,0,1,9,10,5,4,4,6,17,16,55,45,0.00,0.00,0.00,0.00,3.14,85,96,73,24,13,24,80,72,93,8.13,6.27,2.47,3.29,3.11,0.00,0.00,0.00,0.00,0.00,0.00,CGD Stadium Aurélio Pereira
1487174400,Feb 15 2017 - 4:00pm,complete,582,Santa Clara,Cova Piedade,N/A,27,1.75,0.92,1.86,0.90,2,0,2,0,0,0,"55,59","",9,1,1,1,2,2,1,1,1,3,14,5,5,3,9,2,22,18,63,37,0.00,0.00,0.00,0.00,2.50,63,75,50,21,4,25,71,38,80,9.91,5.92,1.85,3.37,5.15,0.00,0.00,0.00,0.00,0.00,0.00,Estádio de São Miguel (Ponta Delgada- Ilha de São Miguel- Açores)
1487185200,Feb 15 2017 - 7:00pm,complete,2687,Associação Académica de Coimbra OAF,Sporting Covilhã,N/A,27,2.23,1.25,1.95,1.29,2,0,2,1,1,0,"30,80","",4,6,2,0,4,1,0,2,4,1,11,12,6,4,5,8,26,18,49,51,0.00,0.00,0.00,0.00,1.76,37,44,28,12,8,8,64,24,61,11.55,5.50,2.17,3.13,3.99,0.00,0.00,0.00,0.00,0.00,0.00,Estádio EFAPEL
1487502900,Feb 19 2017 - 11:15am,complete,915,Cova Piedade,Portimonense,N/A,28,1.64,1.83,1.62,1.52,1,1,2,1,0,1,"62","45'3",3,3,3,0,3,1,3,0,3,1,7,21,6,9,1,12,26,14,39,61,0.00,0.00,0.00,0.00,2.29,54,61,40,25,12,27,77,28,62,11.51,4.96,4.83,3.47,1.87,0.00,0.00,0.00,0.00,0.00,0.00,Estádio Municipal José Martins Vieira
1487516400,Feb 19 2017 - 3:00pm,complete,2954,Famalicão,Associação Académica de Coimbra OAF,N/A,28,1.57,0.92,1.71,1.00,2,1,3,2,1,1,"23,63","41",6,6,2,0,4,0,0,2,1,3,12,13,7,6,5,7,17,15,46,54,0.00,0.00,0.00,0.00,1.99,45,63,34,15,11,18,52,30,71,11.64,5.81,2.63,3.07,3.08,0.00,0.00,0.00,0.00,0.00,0.00,Estádio Municipal 22 de Junho
1487516400,Feb 19 2017 - 3:00pm,complete,1119,Academico Viseu,CD Aves,N/A,28,1.23,1.77,1.29,1.52,1,0,1,0,0,0,"57","",5,8,2,1,6,1,1,2,1,6,6,11,3,5,3,6,21,22,50,50,0.00,0.00,0.00,0.00,2.19,54,66,42,20,4,23,58,42,66,11.08,5.15,3.02,3.26,2.55,0.00,0.00,0.00,0.00,0.00,0.00,Estádio Municipal do Fontelo
1487516400,Feb 19 2017 - 3:00pm,complete,1608,Varzim,Sporting Braga II,N/A,28,2.00,1.07,1.48,1.19,0,1,1,0,0,0,"","87",6,4,0,0,2,0,0,0,0,2,17,12,4,4,13,8,9,12,55,45,0.00,0.00,0.00,0.00,2.26,59,74,41,19,4,15,64,44,78,10.09,4.81,2.11,3.29,3.96,0.00,0.00,0.00,0.00,0.00,0.00,Estádio Varzim Sport Club
1487516400,Feb 19 2017 - 3:00pm,complete,912,CF União,Sporting Covilhã,N/A,28,1.92,1.15,1.90,1.29,1,1,2,2,1,1,"40","25",0,4,4,0,2,0,0,4,1,1,6,8,2,3,4,5,26,15,47,53,0.00,0.00,0.00,0.00,1.89,46,54,31,16,4,20,70,19,66,9.69,4.70,2.23,3.14,3.80,0.00,0.00,0.00,0.00,0.00,0.00,Estádio do Centro Desportivo da Madeira
1487516400,Feb 19 2017 - 3:00pm,complete,1197,FC Vizela,Leixões,N/A,28,1.46,0.79,1.24,0.81,1,1,2,2,1,1,"11","21",3,8,1,1,3,0,2,0,0,3,4,13,2,7,2,6,12,13,41,59,0.00,0.00,0.00,0.00,2.09,57,64,38,15,4,15,78,42,67,9.02,5.75,2.87,3.08,2.80,0.00,0.00,0.00,0.00,0.00,0.00,Estádio Do Vizela (Caldas de Vizela)
1487516400,Feb 19 2017 - 3:00pm,complete,2037,Fafe,FC Penafiel,N/A,28,1.00,0.77,0.86,0.86,3,3,6,2,2,0,"20,32,79","57,75,83",4,6,2,0,3,0,1,1,2,1,11,13,8,5,3,8,17,13,43,57,0.00,0.00,0.00,0.00,2.73,69,85,58,27,16,35,70,42,66,11.69,5.70,2.94,3.20,2.65,0.00,0.00,0.00,0.00,0.00,0.00,Parque Municipal dos Desportos
1487516400,Feb 19 2017 - 3:00pm,complete,1259,Gil Vicente,Sporting CP II,N/A,28,2.00,1.07,1.81,1.14,2,2,4,3,2,1,"11,45'1","38,71",6,5,1,0,2,0,0,1,2,0,9,16,6,11,3,5,22,11,42,58,0.00,0.00,0.00,0.00,1.87,37,55,37,11,4,22,66,29,56,9.12,5.62,2.02,3.33,4.25,0.00,0.00,0.00,0.00,0.00,0.00,Estádio Cidade de Barcelos
1487516400,Feb 19 2017 - 3:00pm,complete,559,Porto II,Santa Clara,N/A,28,1.50,1.29,1.71,1.00,0,0,0,0,0,0,"","",4,6,1,0,2,0,1,0,1,1,13,11,5,5,8,6,18,26,56,44,0.00,0.00,0.00,0.00,2.22,54,64,43,21,4,14,47,50,79,9.07,3.86,2.45,3.17,3.26,0.00,0.00,0.00,0.00,0.00,0.00,Estádio Dr. Jorge Sampaio
1487520000,Feb 19 2017 - 4:00pm,complete,766,Benfica II,Freamunde,N/A,28,1.92,0.85,1.90,0.76,2,1,3,2,1,1,"39,80","22",5,3,0,0,2,0,0,0,1,1,7,13,4,6,3,7,17,16,55,45,0.00,0.00,0.00,0.00,2.43,58,70,50,23,12,39,58,38,73,10.61,6.31,2.13,3.36,3.80,0.00,0.00,0.00,0.00,0.00,0.00,Caixa Futebol Campus
1487602800,Feb 20 2017 - 3:00pm,complete,1088,Vitória Guimarães II,SC Olhanense,N/A,28,1.86,0.62,2.24,0.43,3,1,4,1,1,0,"45'4,74,90","79",10,2,3,0,1,0,1,2,1,0,17,8,11,4,6,4,14,9,55,45,0.00,0.00,0.00,0.00,3.01,56,86,63,30,19,30,71,60,89,8.70,5.00,1.89,3.51,4.61,0.00,0.00,0.00,0.00,0.00,0.00,Estádio Dom Afonso Henriques
1487775600,Feb 22 2017 - 3:00pm,complete,323,Sporting Covilhã,Portimonense,N/A,26,1.46,1.77,1.67,1.52,1,0,1,1,1,0,"27","",4,3,3,0,3,0,1,2,0,3,6,9,3,6,3,3,21,17,50,50,0.00,0.00,0.00,0.00,2.43,54,70,42,27,12,16,66,46,77,13.31,5.23,3.17,3.19,2.49,0.00,0.00,0.00,0.00,0.00,0.00,Estádio Municipal José dos Santos Pinto
1488021300,Feb 25 2017 - 11:15am,complete,2594,Associação Académica de Coimbra OAF,Cova Piedade,N/A,29,2.29,0.85,1.95,0.90,1,2,3,0,0,0,"90","57,90'4",7,0,2,0,3,0,0,2,1,2,13,5,5,4,8,1,19,24,63,37,0.00,0.00,0.00,0.00,2.24,38,56,38,23,11,15,70,38,63,9.36,6.54,1.64,3.72,6.65,0.00,0.00,0.00,0.00,0.00,0.00,Estádio EFAPEL
1488034800,Feb 25 2017 - 3:00pm,complete,298,Sporting Braga II,Academico Viseu,N/A,29,1.69,1.07,1.76,1.19,2,2,4,1,0,1,"61,74","35,90'2",11,2,5,0,1,0,3,2,1,0,20,13,10,9,10,4,16,9,59,41,0.00,0.00,0.00,0.00,2.57,63,78,56,23,8,37,71,45,78,9.13,4.79,1.97,3.49,4.23,0.00,0.00,0.00,0.00,0.00,0.00,Estádio 1º de Maio
1488107700,Feb 26 2017 - 11:15am,complete,1149,Leixões,Benfica II,N/A,29,1.46,1.14,1.38,1.10,1,2,3,0,0,0,"73","48,59",5,1,0,0,3,1,0,0,2,2,27,7,11,4,16,3,6,15,59,41,0.00,0.00,0.00,0.00,2.07,55,71,52,8,0,22,59,41,74,11.28,5.31,2.13,3.38,3.77,0.00,0.00,0.00,0.00,0.00,0.00,Estádio do Mar
1488111300,Feb 26 2017 - 12:15pm,complete,742,Santa Clara,FC Vizela,N/A,29,1.85,1.00,1.86,0.95,0,0,0,0,0,0,"","",9,3,1,0,2,0,0,1,0,2,11,4,5,3,6,1,20,21,64,36,0.00,0.00,0.00,0.00,2.12,53,68,41,11,4,22,53,37,78,10.56,5.11,1.77,3.42,5.78,0.00,0.00,0.00,0.00,0.00,0.00,Estádio de São Miguel (Ponta Delgada- Ilha de São Miguel- Açores)
1488121200,Feb 26 2017 - 3:00pm,complete,304,Sporting CP II,CD Aves,N/A,29,0.92,1.64,1.48,1.52,2,1,3,0,0,0,"52,90'1","65",3,5,2,0,0,0,0,2,0,0,10,8,6,5,4,3,12,19,52,48,0.00,0.00,0.00,0.00,2.91,75,86,64,30,11,26,71,60,86,9.51,5.45,3.79,3.53,2.07,0.00,0.00,0.00,0.00,0.00,0.00,CGD Stadium Aurélio Pereira
1488121200,Feb 26 2017 - 3:00pm,complete,1901,Portimonense,Fafe,N/A,29,2.71,1.36,2.43,1.29,1,0,1,1,1,0,"20","",4,8,2,0,2,0,2,0,2,0,12,9,6,3,6,6,13,18,66,34,0.00,0.00,0.00,0.00,2.61,47,71,54,29,11,29,61,50,86,11.00,4.21,1.36,5.05,9.99,0.00,0.00,0.00,0.00,0.00,0.00,Estádio do Portimonense SC (Portimão)
1488121200,Feb 26 2017 - 3:00pm,complete,795,FC Penafiel,Famalicão,N/A,29,2.07,0.77,2.14,0.81,0,2,2,1,0,1,"","38,53",7,5,1,0,2,0,0,1,2,0,8,11,0,7,8,4,15,15,55,45,0.00,0.00,0.00,0.00,2.37,52,70,48,19,4,37,71,34,81,12.79,5.98,2.04,3.34,4.15,0.00,0.00,0.00,0.00,0.00,0.00,Estádio Municipal 25 de Abril
1488121200,Feb 26 2017 - 3:00pm,complete,582,CF União,Vitória Guimarães II,N/A,29,1.86,0.62,1.90,0.62,1,0,1,0,0,0,"90","",6,2,0,0,2,0,0,0,0,2,17,4,5,2,12,2,18,14,55,45,0.00,0.00,0.00,0.00,2.15,48,63,37,15,8,22,74,30,79,8.91,4.44,1.70,3.71,5.75,0.00,0.00,0.00,0.00,0.00,0.00,Estádio do Centro Desportivo da Madeira
1488121200,Feb 26 2017 - 3:00pm,complete,396,Sporting Covilhã,Porto II,N/A,29,1.57,0.85,1.67,1.14,1,1,2,0,0,0,"82","85",7,3,3,0,1,0,0,3,0,1,10,10,4,4,6,6,20,15,45,55,0.00,0.00,0.00,0.00,2.42,52,78,49,15,4,15,71,52,82,12.19,5.24,1.91,3.40,4.71,0.00,0.00,0.00,0.00,0.00,0.00,Estádio Municipal José dos Santos Pinto
1488121200,Feb 26 2017 - 3:00pm,complete,454,Freamunde,Gil Vicente,N/A,29,1.43,0.71,1.14,0.86,2,2,4,2,1,1,"16,46","6,75",4,3,3,0,1,2,2,1,2,1,11,9,6,6,5,3,13,12,64,36,0.00,0.00,0.00,0.00,1.75,43,47,25,18,4,22,54,18,61,8.64,6.29,2.18,3.07,4.06,0.00,0.00,0.00,0.00,0.00,0.00,Complexo Desportivo do SC Freamunde
1488121200,Feb 26 2017 - 3:00pm,complete,228,SC Olhanense,Varzim,N/A,29,0.71,1.29,0.90,1.43,0,1,1,0,0,0,"","86",4,8,3,1,1,0,0,4,0,1,8,8,3,4,5,4,20,21,50,50,0.00,0.00,0.00,0.00,2.72,68,82,64,22,7,21,79,61,86,9.29,6.21,2.96,3.26,2.59,0.00,0.00,0.00,0.00,0.00,0.00,Estádio José Arcanjo
1488485700,Mar 02 2017 - 8:15pm,complete,550,CD Aves,Sporting Braga II,N/A,30,2.14,1.20,2.33,1.19,1,1,2,0,0,0,"82","73",5,1,1,0,2,0,0,1,1,1,25,11,10,5,15,6,7,9,50,50,0.00,0.00,0.00,0.00,2.42,62,73,45,24,7,25,52,49,83,9.87,4.97,1.82,3.50,5.12,0.00,0.00,0.00,0.00,0.00,0.00,Estádio Clube Desportivo das Aves
1488564000,Mar 03 2017 - 6:00pm,complete,283,Benfica II,SC Olhanense,N/A,30,2.00,0.57,1.90,0.43,2,1,3,2,1,1,"37,53","15",4,4,3,0,1,0,0,3,0,1,16,19,10,10,6,9,16,12,50,50,0.00,0.00,0.00,0.00,3.04,68,83,64,36,18,50,83,50,82,9.50,5.22,1.60,4.15,6.16,0.00,0.00,0.00,0.00,0.00,0.00,Caixa Futebol Campus
1488626100,Mar 04 2017 - 11:15am,complete,1135,Cova Piedade,Sporting CP II,N/A,30,1.60,1.07,1.62,1.14,0,2,2,0,0,0,"","56,66",3,2,2,0,2,0,1,1,1,1,13,13,6,5,7,8,17,25,52,48,0.00,0.00,0.00,0.00,2.24,50,70,37,17,7,30,87,27,60,8.80,5.60,2.47,3.26,3.14,0.00,0.00,0.00,0.00,0.00,0.00,Estádio Municipal José Martins Vieira
1488726000,Mar 05 2017 - 3:00pm,complete,926,FC Vizela,Associação Académica de Coimbra OAF,N/A,30,1.43,0.86,1.24,1.00,0,1,1,0,0,0,"","75",6,2,2,0,1,0,0,2,1,0,5,16,2,5,3,11,14,14,51,49,0.00,0.00,0.00,0.00,2.08,68,72,43,11,4,25,61,40,68,9.36,4.93,3.26,2.96,2.59,0.00,0.00,0.00,0.00,0.00,0.00,Estádio Do Vizela (Caldas de Vizela)
1488726000,Mar 05 2017 - 3:00pm,complete,550,Academico Viseu,Freamunde,N/A,30,1.36,0.79,1.29,0.76,1,2,3,0,0,0,"66","49,90'4",6,1,3,0,4,0,0,3,1,3,19,7,9,4,10,3,16,18,54,46,0.00,0.00,0.00,0.00,2.00,50,57,43,11,4,22,47,36,72,10.36,6.07,2.20,3.07,3.99,0.00,0.00,0.00,0.00,0.00,0.00,Estádio Municipal do Fontelo
1488726000,Mar 05 2017 - 3:00pm,complete,2166,Varzim,Santa Clara,N/A,30,1.86,1.27,1.48,1.00,0,0,0,0,0,0,"","",7,6,4,0,3,0,2,2,1,2,16,5,4,0,12,5,22,28,52,48,0.00,0.00,0.00,0.00,2.10,49,66,38,14,4,17,62,38,76,10.21,4.54,2.19,3.05,4.05,0.00,0.00,0.00,0.00,0.00,0.00,Estádio Varzim Sport Club
1488726000,Mar 05 2017 - 3:00pm,complete,1374,Fafe,CF União,N/A,30,1.00,0.71,0.86,1.14,1,2,3,1,0,1,"90'1","19,63",6,8,1,0,3,0,0,1,1,2,11,11,4,5,7,6,19,22,58,42,0.00,0.00,0.00,0.00,2.61,64,86,47,25,7,32,79,40,72,10.86,4.57,2.98,3.09,2.69,0.00,0.00,0.00,0.00,0.00,0.00,Parque Municipal dos Desportos
1488726000,Mar 05 2017 - 3:00pm,complete,1389,Gil Vicente,Leixões,N/A,30,1.93,0.80,1.81,0.81,2,2,4,3,2,1,"23,33","9,82",4,10,5,0,3,0,2,3,0,3,10,16,6,7,4,9,25,15,44,56,0.00,0.00,0.00,0.00,1.69,42,48,32,7,0,17,69,21,55,9.66,5.77,2.57,2.99,3.26,0.00,0.00,0.00,0.00,0.00,0.00,Estádio Cidade de Barcelos
1488726000,Mar 05 2017 - 3:00pm,complete,1272,Vitória Guimarães II,FC Penafiel,N/A,30,1.93,0.79,2.24,0.86,2,0,2,0,0,0,"64,90'1","",10,4,2,0,2,0,1,1,0,2,16,8,9,5,7,3,14,25,56,44,0.00,0.00,0.00,0.00,2.94,62,83,62,32,21,25,62,55,79,11.48,5.64,2.44,3.28,3.17,0.00,0.00,0.00,0.00,0.00,0.00,Estádio Dom Afonso Henriques
1488729600,Mar 05 2017 - 4:00pm,complete,2256,Famalicão,Sporting Covilhã,N/A,30,1.67,1.14,1.71,1.29,2,2,4,1,0,1,"67,90'5","19,68",4,3,4,0,7,1,2,2,4,4,14,12,7,7,7,5,18,18,57,43,0.00,0.00,0.00,0.00,2.02,45,62,27,17,10,21,62,21,72,11.74,5.97,2.80,2.99,2.95,0.00,0.00,0.00,0.00,0.00,0.00,Estádio Municipal 22 de Junho
1488733200,Mar 05 2017 - 5:00pm,complete,490,Porto II,Portimonense,N/A,30,1.47,1.64,1.71,1.52,1,0,1,0,0,0,"46","",2,11,2,0,0,0,1,1,0,0,13,13,7,5,6,8,15,21,44,56,0.00,0.00,0.00,0.00,2.22,52,59,42,28,7,14,52,45,69,11.63,3.83,3.67,3.09,2.30,0.00,0.00,0.00,0.00,0.00,0.00,Estádio Dr. Jorge Sampaio
1489230900,Mar 11 2017 - 11:15am,complete,1488,Portimonense,Famalicão,N/A,31,2.73,0.93,2.43,0.81,2,1,3,1,1,0,"40,54","80",5,11,1,0,4,0,0,1,0,4,12,14,4,7,8,7,18,19,51,49,0.00,0.00,0.00,0.00,2.27,39,69,48,10,7,28,70,45,76,12.52,5.23,1.78,3.40,5.72,0.00,0.00,0.00,0.00,0.00,0.00,Estádio do Portimonense SC (Portimão)
1489230900,Mar 11 2017 - 11:15am,complete,286,Sporting Braga II,Gil Vicente,N/A,31,1.64,0.73,1.76,0.86,2,1,3,2,1,1,"42,72","39",12,3,0,0,2,0,0,0,0,2,10,8,4,3,6,5,11,20,54,46,0.00,0.00,0.00,0.00,2.47,59,73,49,28,4,31,70,42,76,9.03,5.42,2.04,3.21,4.36,0.00,0.00,0.00,0.00,0.00,0.00,Estádio 1º de Maio
1489244400,Mar 11 2017 - 3:00pm,complete,1326,CF União,Porto II,N/A,31,1.93,0.86,1.90,1.14,1,0,1,1,1,0,"1","",3,7,4,0,2,0,0,4,0,2,7,13,4,3,3,10,25,8,39,61,0.00,0.00,0.00,0.00,2.29,52,70,45,17,4,27,72,39,73,9.89,4.36,2.14,3.19,4.01,0.00,0.00,0.00,0.00,0.00,0.00,Estádio do Centro Desportivo da Madeira
1489244400,Mar 11 2017 - 3:00pm,complete,3174,Associação Académica de Coimbra OAF,Fafe,N/A,31,2.13,1.27,1.95,1.29,0,0,0,0,0,0,"","",10,2,1,0,5,1,1,0,3,3,17,4,5,0,12,4,19,15,66,34,0.00,0.00,0.00,0.00,2.30,44,57,40,27,13,17,67,37,70,10.74,5.40,1.72,3.52,6.06,0.00,0.00,0.00,0.00,0.00,0.00,Estádio EFAPEL
1489244400,Mar 11 2017 - 3:00pm,complete,304,Sporting Covilhã,Vitória Guimarães II,N/A,31,1.53,0.57,1.67,0.62,2,2,4,2,1,1,"45,74","40,83",4,3,2,0,1,1,0,2,1,1,15,10,10,6,5,4,17,14,52,48,0.00,0.00,0.00,0.00,2.17,48,69,35,10,7,7,62,45,90,10.97,5.08,1.77,3.42,5.79,0.00,0.00,0.00,0.00,0.00,0.00,Estádio Municipal José dos Santos Pinto
1489244400,Mar 11 2017 - 3:00pm,complete,501,Freamunde,Varzim,N/A,31,1.40,1.40,1.14,1.43,1,3,4,0,0,0,"60","50,71,90'3",1,3,3,0,2,0,0,3,0,2,10,9,4,6,6,3,20,17,40,60,0.00,0.00,0.00,0.00,2.24,54,64,44,20,7,20,67,44,70,9.47,6.74,2.60,2.91,3.32,0.00,0.00,0.00,0.00,0.00,0.00,Complexo Desportivo do SC Freamunde
1489244400,Mar 11 2017 - 3:00pm,complete,283,SC Olhanense,Cova Piedade,N/A,31,0.67,1.00,0.90,0.90,2,1,3,2,2,0,"31,43","72",6,5,4,1,3,0,1,4,0,3,8,13,4,5,4,8,21,14,47,53,0.00,0.00,0.00,0.00,2.59,59,69,55,28,7,21,69,49,79,7.80,6.17,2.92,3.03,2.79,0.00,0.00,0.00,0.00,0.00,0.00,Estádio José Arcanjo
1489244400,Mar 11 2017 - 3:00pm,complete,578,FC Penafiel,FC Vizela,N/A,31,1.93,1.00,2.14,0.95,3,0,3,1,1,0,"10,51,74","",5,3,3,0,1,0,1,2,0,1,11,5,6,3,5,2,24,17,46,54,0.00,0.00,0.00,0.00,2.14,44,60,40,20,4,30,54,30,77,10.53,4.80,2.00,3.22,4.54,0.00,0.00,0.00,0.00,0.00,0.00,Estádio Municipal 25 de Abril
1489244400,Mar 11 2017 - 3:00pm,complete,451,Sporting CP II,Academico Viseu,N/A,31,1.07,1.07,1.48,1.19,3,1,4,1,1,0,"30,83,90'3","87",7,2,4,0,2,0,1,3,1,1,14,10,6,4,8,6,16,10,57,43,0.00,0.00,0.00,0.00,2.92,84,87,70,25,11,31,70,60,90,8.07,4.96,2.00,3.33,4.33,0.00,0.00,0.00,0.00,0.00,0.00,CGD Stadium Aurélio Pereira
1489251600,Mar 11 2017 - 5:00pm,complete,2642,Santa Clara,Benfica II,N/A,31,1.79,1.27,1.86,1.10,2,1,3,1,1,0,"24,72","90'5",3,6,3,0,4,0,1,2,1,3,9,17,4,8,5,9,23,18,39,61,0.00,0.00,0.00,0.00,2.21,62,80,52,4,0,21,62,38,83,12.26,5.50,2.28,3.19,3.60,0.00,0.00,0.00,0.00,0.00,0.00,Estádio de São Miguel (Ponta Delgada- Ilha de São Miguel- Açores)
1489317300,Mar 12 2017 - 11:15am,complete,964,Leixões,CD Aves,N/A,31,1.36,1.53,1.38,1.52,1,1,2,1,0,1,"84","9",5,4,2,0,5,1,1,1,1,5,11,13,5,7,6,6,16,17,56,44,0.00,0.00,0.00,0.00,2.20,52,69,49,21,4,24,48,49,72,10.98,5.08,3.14,3.04,2.62,0.00,0.00,0.00,0.00,0.00,0.00,Estádio do Mar
1489590000,Mar 15 2017 - 3:00pm,complete,869,FC Vizela,Sporting Covilhã,N/A,32,1.33,1.13,1.24,1.29,1,1,2,1,0,1,"88","36",7,3,0,0,2,0,0,0,0,2,8,8,2,4,6,4,17,24,52,48,0.00,0.00,0.00,0.00,2.07,63,67,34,17,4,20,67,34,70,9.40,5.40,3.36,3.08,2.45,0.00,0.00,0.00,0.00,0.00,0.00,Estádio Do Vizela (Caldas de Vizela)
1489590000,Mar 15 2017 - 3:00pm,complete,356,Sporting CP II,Freamunde,N/A,32,1.20,0.93,1.48,0.76,2,0,2,0,0,0,"71,87","",4,2,1,0,3,1,1,0,2,2,10,7,5,2,5,5,23,24,60,40,0.00,0.00,0.00,0.00,2.84,77,84,70,23,10,24,60,60,90,8.53,6.14,1.98,3.40,4.33,0.00,0.00,0.00,0.00,0.00,0.00,CGD Stadium Aurélio Pereira
1489590000,Mar 15 2017 - 3:00pm,complete,850,CD Aves,SC Olhanense,N/A,32,2.07,0.53,2.33,0.43,1,0,1,1,1,0,"12","",10,6,1,0,1,0,0,1,0,1,13,7,7,4,6,3,22,12,42,58,0.00,0.00,0.00,0.00,2.90,67,84,60,30,14,40,70,57,90,9.60,5.13,1.29,5.63,9.99,0.00,0.00,0.00,0.00,0.00,0.00,Estádio Clube Desportivo das Aves
1489590000,Mar 15 2017 - 3:00pm,complete,647,Sporting Braga II,Leixões,N/A,32,1.73,0.81,1.76,0.81,1,1,2,0,0,0,"88","82",6,2,1,0,4,0,0,1,0,4,13,13,4,7,9,6,16,11,55,45,0.00,0.00,0.00,0.00,2.44,56,72,49,23,4,26,88,39,68,10.99,5.32,1.96,3.40,4.44,0.00,0.00,0.00,0.00,0.00,0.00,Estádio 1º de Maio
1489590000,Mar 15 2017 - 3:00pm,complete,1394,Fafe,Vitória Guimarães II,N/A,32,0.93,0.60,0.86,0.62,2,4,6,2,0,2,"59,65","4,8,52,57",3,2,5,0,3,0,4,1,3,0,12,12,5,7,7,5,22,10,49,51,0.00,0.00,0.00,0.00,2.60,60,80,50,20,10,27,74,44,84,9.87,4.27,2.55,3.27,3.01,0.00,0.00,0.00,0.00,0.00,0.00,Parque Municipal dos Desportos
1489590000,Mar 15 2017 - 3:00pm,complete,2738,Famalicão,Porto II,N/A,32,1.63,0.80,1.71,1.14,1,3,4,2,0,2,"81","22,33,53",3,3,5,0,4,0,2,3,0,4,10,12,5,6,5,6,24,20,43,57,0.00,0.00,0.00,0.00,2.46,49,75,46,22,10,23,68,42,81,12.15,5.71,2.20,3.38,3.57,0.00,0.00,0.00,0.00,0.00,0.00,Estádio Municipal 22 de Junho
1489590000,Mar 15 2017 - 3:00pm,complete,489,Gil Vicente,FC Penafiel,N/A,32,1.87,0.73,1.81,0.86,3,1,4,3,3,0,"2,4,42","82",0,8,2,0,2,0,1,1,0,2,6,8,6,3,0,5,16,16,41,59,0.00,0.00,0.00,0.00,2.33,57,64,50,23,14,30,57,33,67,10.80,6.20,2.60,3.15,3.04,0.00,0.00,0.00,0.00,0.00,0.00,Estádio Cidade de Barcelos
1489590000,Mar 15 2017 - 3:00pm,complete,583,Cova Piedade,CF União,N/A,32,1.50,0.87,1.62,1.14,1,1,2,2,1,1,"11","35",4,9,2,0,2,0,0,2,0,2,8,12,2,6,6,6,8,20,57,43,0.00,0.00,0.00,0.00,2.17,58,75,33,13,3,23,81,30,72,9.92,5.22,2.68,3.12,2.97,0.00,0.00,0.00,0.00,0.00,0.00,Estádio Municipal José Martins Vieira
1489597200,Mar 15 2017 - 5:00pm,complete,738,Benfica II,Portimonense,N/A,32,2.07,1.53,1.90,1.52,2,3,5,3,2,1,"4,8","40,88,90",4,8,3,0,2,0,2,1,1,1,12,14,7,7,5,7,12,15,41,59,0.00,0.00,0.00,0.00,2.57,60,67,50,30,13,40,74,33,70,12.53,4.67,3.08,3.29,2.49,0.00,0.00,0.00,0.00,0.00,0.00,Caixa Futebol Campus
1489922100,Mar 19 2017 - 11:15am,complete,527,FC Penafiel,Benfica II,N/A,33,2.00,1.19,2.14,1.10,2,1,3,1,0,1,"49,88","21",10,8,4,0,4,0,2,2,0,4,17,11,5,7,12,4,27,15,48,52,0.00,0.00,0.00,0.00,2.41,57,78,57,13,0,29,69,38,88,12.07,5.44,2.53,3.29,3.02,0.00,0.00,0.00,0.00,0.00,0.00,Estádio Municipal 25 de Abril
1489922100,Mar 19 2017 - 11:15am,complete,468,Porto II,FC Vizela,N/A,33,1.56,0.94,1.71,0.95,0,0,0,0,0,0,"","",13,6,3,0,4,0,1,2,2,2,23,11,10,2,13,9,12,26,61,39,0.00,0.00,0.00,0.00,1.91,44,53,38,16,3,13,38,44,69,8.63,3.88,1.84,3.37,5.25,0.00,0.00,0.00,0.00,0.00,0.00,Estádio Dr. Jorge Sampaio
1489925700,Mar 19 2017 - 12:15pm,complete,1259,Santa Clara,Sporting Braga II,N/A,33,1.87,1.19,1.86,1.19,2,0,2,1,1,0,"9,69","",6,3,1,0,2,0,1,0,1,1,14,4,9,2,5,2,11,16,48,52,0.00,0.00,0.00,0.00,2.23,62,75,43,16,3,17,52,45,84,10.36,4.91,2.06,3.26,4.20,0.00,0.00,0.00,0.00,0.00,0.00,Estádio de São Miguel (Ponta Delgada- Ilha de São Miguel- Açores)
1489935600,Mar 19 2017 - 3:00pm,complete,1116,Freamunde,CD Aves,N/A,33,1.31,1.50,1.14,1.52,0,1,1,0,0,0,"","88",5,4,3,0,3,0,0,3,0,3,9,10,0,6,9,4,23,22,50,50,0.00,0.00,0.00,0.00,2.16,50,60,38,28,6,22,56,35,66,9.94,6.31,3.28,3.07,2.50,0.00,0.00,0.00,0.00,0.00,0.00,Complexo Desportivo do SC Freamunde
1489935600,Mar 19 2017 - 3:00pm,complete,232,SC Olhanense,Gil Vicente,N/A,33,0.81,0.69,0.90,0.86,1,3,4,4,1,3,"39","17,27,32",6,4,3,0,1,0,2,1,0,1,10,11,6,4,4,7,10,12,51,49,0.00,0.00,0.00,0.00,2.31,60,66,51,22,3,32,66,35,82,8.57,5.87,2.94,3.17,2.67,0.00,0.00,0.00,0.00,0.00,0.00,Estádio José Arcanjo
1489935600,Mar 19 2017 - 3:00pm,complete,436,Sporting Covilhã,Fafe,N/A,33,1.50,1.25,1.67,1.29,1,1,2,1,0,1,"63","45'1",6,6,3,1,4,0,1,3,0,4,9,8,6,4,3,4,15,17,57,43,0.00,0.00,0.00,0.00,2.41,56,69,41,29,10,19,63,47,78,10.56,5.56,1.72,3.49,6.09,0.00,0.00,0.00,0.00,0.00,0.00,Estádio Municipal José dos Santos Pinto
1489935600,Mar 19 2017 - 3:00pm,complete,1323,Leixões,Sporting CP II,N/A,33,1.33,1.19,1.38,1.14,1,2,3,0,0,0,"81","59,84",2,6,3,0,4,0,0,3,1,3,17,7,7,5,10,2,17,17,49,51,0.00,0.00,0.00,0.00,2.22,46,71,46,19,3,26,64,46,68,9.85,5.01,2.53,3.18,3.12,0.00,0.00,0.00,0.00,0.00,0.00,Estádio do Mar
1489935600,Mar 19 2017 - 3:00pm,complete,2211,Portimonense,Varzim,N/A,33,2.75,1.50,2.43,1.43,0,1,1,0,0,0,"","49",6,6,1,0,4,0,1,0,1,3,15,7,4,5,11,2,10,22,57,43,0.00,0.00,0.00,0.00,2.57,50,79,60,16,6,22,66,63,85,11.00,5.07,1.71,3.54,6.08,0.00,0.00,0.00,0.00,0.00,0.00,Estádio do Portimonense SC (Portimão)
1489939200,Mar 19 2017 - 4:00pm,complete,1181,CF União,Famalicão,N/A,33,2.00,0.87,1.90,0.81,2,1,3,0,0,0,"76,79","84",3,3,2,0,3,0,2,0,1,2,10,8,3,5,7,3,22,12,55,45,0.00,0.00,0.00,0.00,2.11,49,62,39,13,7,29,78,30,65,10.48,5.72,1.84,3.31,5.41,0.00,0.00,0.00,0.00,0.00,0.00,Estádio do Centro Desportivo da Madeira
1489939200,Mar 19 2017 - 4:00pm,complete,2757,Associação Académica de Coimbra OAF,Academico Viseu,N/A,33,2.06,1.00,1.95,1.19,1,2,3,1,1,0,"8","49,56",6,3,1,0,2,1,1,0,1,2,15,8,4,4,11,4,18,15,57,43,0.00,0.00,0.00,0.00,2.16,47,60,44,19,10,22,63,38,69,10.44,5.37,1.68,3.50,6.76,0.00,0.00,0.00,0.00,0.00,0.00,Estádio EFAPEL
1490025600,Mar 20 2017 - 4:00pm,complete,1104,Vitória Guimarães II,Cova Piedade,N/A,33,2.00,0.93,2.24,0.90,1,0,1,1,1,0,"44","",8,3,1,0,3,1,1,0,2,2,17,6,7,2,10,4,15,16,52,48,0.00,0.00,0.00,0.00,2.74,55,81,55,26,10,20,62,55,81,8.63,5.53,1.93,3.40,4.61,0.00,0.00,0.00,0.00,0.00,0.00,Estádio Dom Afonso Henriques
1490536800,Mar 26 2017 - 2:00pm,complete,2303,Varzim,Associação Académica de Coimbra OAF,N/A,32,1.80,1.00,1.48,1.00,0,2,2,0,0,0,"","47,71",7,3,2,0,2,0,1,1,1,1,12,10,6,4,6,6,13,21,59,41,0.00,0.00,0.00,0.00,1.83,50,64,37,4,0,17,57,30,70,11.14,4.60,2.54,2.98,3.33,0.00,0.00,0.00,0.00,0.00,0.00,Estádio Varzim Sport Club
1490540400,Mar 26 2017 - 3:00pm,complete,1400,Academico Viseu,Santa Clara,N/A,32,1.27,1.25,1.29,1.00,2,1,3,0,0,0,"72,81","57",4,8,3,2,4,2,2,3,2,4,13,13,6,7,7,6,18,19,56,44,0.00,0.00,0.00,0.00,1.97,49,55,39,13,3,16,49,39,68,9.93,4.91,2.96,2.95,2.83,0.00,0.00,0.00,0.00,0.00,0.00,Estádio Municipal do Fontelo
1490540400,Mar 26 2017 - 3:00pm,complete,1100,CF União,FC Vizela,N/A,37,2.06,0.94,1.90,0.95,1,1,2,2,1,1,"5","39",8,2,0,0,0,0,0,0,0,0,22,5,7,3,15,2,15,15,50,50,0.00,0.00,0.00,0.00,1.88,41,50,35,15,6,24,56,30,59,7.94,4.71,1.70,3.58,6.18,0.00,0.00,0.00,0.00,0.00,0.00,Estádio do Centro Desportivo da Madeira
1491041700,Apr 01 2017 - 10:15am,complete,718,CD Aves,Santa Clara,N/A,34,2.13,1.18,2.33,1.00,1,0,1,1,1,0,"14","",7,2,2,0,1,0,1,1,1,0,17,5,8,2,9,3,18,13,44,56,0.00,0.00,0.00,0.00,2.25,55,67,43,19,6,25,52,46,76,10.54,5.07,1.88,3.26,5.24,0.00,0.00,0.00,0.00,0.00,0.00,Estádio Clube Desportivo das Aves
1491058800,Apr 01 2017 - 3:00pm,complete,385,Sporting Braga II,Freamunde,N/A,34,1.69,0.88,1.76,0.76,4,2,6,2,2,0,"22,31,76,86","59,89",1,6,2,0,2,0,0,2,0,2,11,16,7,4,4,12,18,14,42,58,0.00,0.00,0.00,0.00,2.54,60,79,57,22,6,28,60,50,81,10.00,5.75,1.94,3.24,4.83,0.00,0.00,0.00,0.00,0.00,0.00,Estádio 1º de Maio
1491128100,Apr 02 2017 - 10:15am,complete,662,Gil Vicente,Associação Académica de Coimbra OAF,N/A,34,1.94,1.13,1.81,1.00,1,0,1,1,1,0,"36","",3,7,4,0,0,0,1,3,0,0,13,2,5,2,8,0,16,16,47,53,0.00,0.00,0.00,0.00,1.82,50,57,41,10,0,25,50,22,66,9.19,5.00,2.96,2.89,2.89,0.00,0.00,0.00,0.00,0.00,0.00,Estádio Cidade de Barcelos
1491145200,Apr 02 2017 - 3:00pm,complete,838,Cova Piedade,Sporting Covilhã,N/A,34,1.47,1.13,1.62,1.29,1,0,1,0,0,0,"90'3","",10,1,1,0,2,2,1,0,3,1,12,7,6,2,6,5,19,19,61,39,0.00,0.00,0.00,0.00,1.94,58,67,25,10,3,21,76,19,64,9.12,5.53,3.18,2.96,2.65,0.00,0.00,0.00,0.00,0.00,0.00,Estádio Municipal José Martins Vieira
1491145200,Apr 02 2017 - 3:00pm,complete,1239,Academico Viseu,Leixões,N/A,34,1.38,0.82,1.29,0.81,2,2,4,1,1,0,"18,90'5","64,81",3,4,4,0,3,0,1,3,0,3,11,19,7,9,4,10,9,13,49,51,0.00,0.00,0.00,0.00,1.97,52,58,37,9,0,16,63,37,64,10.69,5.93,2.51,3.08,3.25,0.00,0.00,0.00,0.00,0.00,0.00,Estádio Municipal do Fontelo
1491145200,Apr 02 2017 - 3:00pm,complete,331,Sporting CP II,SC Olhanense,N/A,34,1.31,0.50,1.48,0.43,5,1,6,3,3,0,"3,9,45,57,58","90",3,8,0,0,0,0,0,0,0,0,12,17,8,5,4,12,20,21,47,53,0.00,0.00,0.00,0.00,3.26,79,91,75,35,16,32,82,69,94,8.00,5.01,1.46,4.38,8.51,0.00,0.00,0.00,0.00,0.00,0.00,CGD Stadium Aurélio Pereira
1491145200,Apr 02 2017 - 3:00pm,complete,1456,Varzim,FC Penafiel,N/A,34,1.69,0.69,1.48,0.86,1,1,2,0,0,0,"47","90'4",2,4,5,0,4,0,1,4,0,4,3,14,3,5,0,9,27,16,49,51,0.00,0.00,0.00,0.00,2.47,57,75,47,22,13,26,63,44,75,12.50,5.63,1.98,3.38,4.36,0.00,0.00,0.00,0.00,0.00,0.00,Estádio Varzim Sport Club
1491145200,Apr 02 2017 - 3:00pm,complete,880,FC Vizela,Portimonense,N/A,34,1.31,1.63,1.24,1.52,2,1,3,1,0,1,"80,86","16",9,2,3,0,1,1,1,2,2,0,15,7,7,3,8,4,25,12,54,46,0.00,0.00,0.00,0.00,2.38,63,66,41,29,13,25,69,41,72,11.44,4.56,4.49,3.20,2.02,0.00,0.00,0.00,0.00,0.00,0.00,Estádio Do Vizela (Caldas de Vizela)
1491145200,Apr 02 2017 - 3:00pm,complete,874,Benfica II,CF União,N/A,34,1.94,0.88,1.90,1.14,0,4,4,2,0,2,"","21,31,61,85",4,2,0,0,0,0,0,0,0,0,13,16,4,7,9,9,12,14,52,48,0.00,0.00,0.00,0.00,2.63,69,81,51,25,10,44,81,38,75,11.51,4.94,2.36,3.26,3.33,0.00,0.00,0.00,0.00,0.00,0.00,Caixa Futebol Campus
1491145200,Apr 02 2017 - 3:00pm,complete,3371,Famalicão,Vitória Guimarães II,N/A,34,1.53,0.75,1.71,0.62,0,0,0,0,0,0,"","",4,5,1,0,4,0,1,0,1,3,6,11,2,5,4,6,19,22,45,55,0.00,0.00,0.00,0.00,2.52,49,70,43,27,16,24,67,40,91,10.55,5.84,1.99,3.35,4.36,0.00,0.00,0.00,0.00,0.00,0.00,Estádio Municipal 22 de Junho
1491246000,Apr 03 2017 - 7:00pm,complete,2436,Fafe,Porto II,N/A,34,0.88,0.94,0.86,1.14,1,2,3,1,0,1,"60","3,64",5,5,5,0,3,0,2,3,1,2,15,13,3,6,12,7,24,18,46,54,0.00,0.00,0.00,0.00,2.85,66,88,60,25,10,35,78,53,75,10.78,4.57,2.75,3.18,2.84,0.00,0.00,0.00,0.00,0.00,0.00,Parque Municipal dos Desportos
1491506100,Apr 06 2017 - 7:15pm,complete,3357,Associação Académica de Coimbra OAF,CD Aves,N/A,35,1.94,1.59,1.95,1.52,0,0,0,0,0,0,"","",1,4,2,1,3,0,0,3,2,1,6,17,2,3,4,14,21,19,47,53,0.00,0.00,0.00,0.00,2.09,41,59,38,18,9,15,59,38,68,11.71,5.77,2.53,2.94,3.40,0.00,0.00,0.00,0.00,0.00,0.00,Estádio EFAPEL
1491646500,Apr 08 2017 - 10:15am,complete,319,Sporting Covilhã,Benfica II,N/A,35,1.47,1.12,1.67,1.10,2,0,2,0,0,0,"51,85","",0,8,0,0,4,0,0,0,1,3,15,5,5,3,10,2,14,18,51,49,0.00,0.00,0.00,0.00,2.32,65,79,50,9,3,15,68,50,82,11.77,6.06,2.13,3.17,4.09,0.00,0.00,0.00,0.00,0.00,0.00,Estádio Municipal José dos Santos Pinto
1491732900,Apr 09 2017 - 10:15am,complete,1719,Portimonense,Gil Vicente,N/A,35,2.59,0.82,2.43,0.86,1,2,3,0,0,0,"77","63,80",7,2,2,0,3,0,1,1,1,2,21,6,9,3,12,3,9,23,67,33,0.00,0.00,0.00,0.00,2.24,44,65,47,18,3,33,59,39,77,10.12,4.59,1.81,3.33,5.69,0.00,0.00,0.00,0.00,0.00,0.00,Estádio do Portimonense SC (Portimão)
1491746400,Apr 09 2017 - 2:00pm,complete,437,Porto II,Cova Piedade,N/A,35,1.53,0.88,1.71,0.90,4,0,4,1,1,0,"23,48,50,69","",3,5,1,1,1,0,0,2,1,0,10,7,7,2,3,5,11,12,52,48,0.00,0.00,0.00,0.00,2.19,52,61,43,22,3,16,49,46,70,8.47,5.03,1.65,3.65,6.76,0.00,0.00,0.00,0.00,0.00,0.00,Estádio Dr. Jorge Sampaio
1491750000,Apr 09 2017 - 3:00pm,complete,543,FC Penafiel,Sporting Braga II,N/A,35,2.06,1.12,2.14,1.19,1,0,1,0,0,0,"59","",2,8,2,0,3,0,1,1,1,2,8,9,4,0,4,9,18,6,41,59,0.00,0.00,0.00,0.00,2.39,53,74,44,24,3,24,59,41,88,10.53,4.82,2.35,3.16,3.48,0.00,0.00,0.00,0.00,0.00,0.00,Estádio Municipal 25 de Abril
1491750000,Apr 09 2017 - 3:00pm,complete,5121,Leixões,Freamunde,N/A,35,1.25,0.82,1.38,0.76,1,0,1,1,1,0,"5","",8,5,1,0,1,0,0,1,1,0,17,8,6,5,11,3,18,21,51,49,0.00,0.00,0.00,0.00,2.24,55,70,52,16,6,24,43,49,79,9.58,5.84,2.02,3.17,4.54,0.00,0.00,0.00,0.00,0.00,0.00,Estádio do Mar
1491750000,Apr 09 2017 - 3:00pm,complete,2552,Fafe,Famalicão,N/A,35,0.82,0.81,0.86,0.81,1,1,2,1,0,1,"69","20",6,4,3,0,1,0,0,3,1,0,11,9,3,3,8,6,24,11,54,46,0.00,0.00,0.00,0.00,2.72,66,85,58,18,12,33,79,49,73,11.31,5.85,3.13,3.13,2.55,0.00,0.00,0.00,0.00,0.00,0.00,Parque Municipal dos Desportos
1491750000,Apr 09 2017 - 3:00pm,complete,205,SC Olhanense,Academico Viseu,N/A,35,0.76,1.12,0.90,1.19,1,2,3,1,1,0,"34","80,83",5,7,2,0,0,0,1,1,0,0,13,11,5,5,8,6,18,12,44,56,0.00,0.00,0.00,0.00,2.59,68,74,62,27,6,32,71,44,82,8.88,5.41,3.77,3.14,2.24,0.00,0.00,0.00,0.00,0.00,0.00,Estádio José Arcanjo
1491750000,Apr 09 2017 - 3:00pm,complete,1723,CF União,Varzim,N/A,35,2.00,1.59,1.90,1.43,0,1,1,0,0,0,"","65",9,5,2,0,1,0,0,2,0,1,14,7,6,3,8,4,21,20,49,51,0.00,0.00,0.00,0.00,2.33,58,69,46,18,6,26,69,44,72,8.92,5.47,2.19,3.07,4.03,0.00,0.00,0.00,0.00,0.00,0.00,Estádio do Centro Desportivo da Madeira
1491753600,Apr 09 2017 - 4:00pm,complete,2059,Santa Clara,Sporting CP II,N/A,35,1.94,1.29,1.86,1.14,1,1,2,1,1,0,"6","83",10,1,2,0,2,0,0,2,0,2,5,11,3,6,2,5,14,9,46,54,0.00,0.00,0.00,0.00,2.33,49,79,46,15,3,24,70,43,77,11.04,5.26,2.15,3.16,4.03,0.00,0.00,0.00,0.00,0.00,0.00,Estádio de São Miguel (Ponta Delgada- Ilha de São Miguel- Açores)
1491836400,Apr 10 2017 - 3:00pm,complete,2408,Vitória Guimarães II,FC Vizela,N/A,35,2.06,0.94,2.24,0.95,2,0,2,0,0,0,"59,90'2","",9,1,3,1,3,0,1,3,1,2,18,9,7,2,11,7,18,17,58,42,0.00,0.00,0.00,0.00,2.25,43,66,43,18,9,17,52,46,69,9.43,4.39,1.73,3.45,6.15,0.00,0.00,0.00,0.00,0.00,0.00,Estádio Dom Afonso Henriques
1492182000,Apr 14 2017 - 3:00pm,complete,5685,Leixões,Associação Académica de Coimbra OAF,N/A,36,1.35,1.06,1.38,1.00,2,1,3,1,0,1,"50,57","19",4,4,2,0,3,0,0,2,1,2,15,7,10,3,5,4,15,18,50,50,0.00,0.00,0.00,0.00,1.86,50,62,41,6,0,18,47,38,68,10.35,4.36,2.62,2.96,3.22,0.00,0.00,0.00,0.00,0.00,0.00,Estádio do Mar
1492251300,Apr 15 2017 - 10:15am,complete,1454,Varzim,Porto II,N/A,36,1.65,1.06,1.48,1.14,0,1,1,1,0,1,"","38",3,4,5,0,3,0,0,5,1,2,14,9,3,5,11,4,18,23,53,47,0.00,0.00,0.00,0.00,2.27,53,77,44,12,0,18,68,50,79,11.56,4.82,2.05,3.26,4.24,0.00,0.00,0.00,0.00,0.00,0.00,Estádio Varzim Sport Club
1492268400,Apr 15 2017 - 3:00pm,complete,1158,Cova Piedade,Fafe,N/A,36,1.56,1.24,1.62,1.29,3,1,4,0,0,0,"72,90'1,90'4","65",8,5,4,0,3,0,1,3,2,1,17,11,8,7,9,4,15,18,56,44,0.00,0.00,0.00,0.00,2.21,58,66,32,21,9,26,72,26,69,8.97,5.38,2.11,3.20,4.10,0.00,0.00,0.00,0.00,0.00,0.00,Estádio Municipal José Martins Vieira
1492268400,Apr 15 2017 - 3:00pm,complete,933,FC Vizela,SC Olhanense,N/A,36,1.41,0.47,1.24,0.43,1,1,2,2,1,1,"20","45'1",7,8,3,0,4,1,0,3,1,4,13,13,6,4,7,9,21,17,48,52,0.00,0.00,0.00,0.00,2.79,71,79,56,30,15,36,80,53,82,8.88,4.82,1.59,3.92,6.86,0.00,0.00,0.00,0.00,0.00,0.00,Estádio Do Vizela (Caldas de Vizela)
1492268400,Apr 15 2017 - 3:00pm,complete,834,Academico Viseu,FC Penafiel,N/A,36,1.35,0.71,1.29,0.86,1,2,3,2,1,1,"28","9,88",4,6,3,0,4,0,0,3,1,3,18,9,9,7,9,2,15,22,52,48,0.00,0.00,0.00,0.00,2.53,65,71,53,24,12,24,53,50,74,11.59,6.17,2.45,3.15,3.28,0.00,0.00,0.00,0.00,0.00,0.00,Estádio Municipal do Fontelo
1492268400,Apr 15 2017 - 3:00pm,complete,1174,CD Aves,Sporting Covilhã,N/A,36,2.18,1.06,2.33,1.29,2,1,3,1,0,1,"51,81","16",9,1,1,0,2,0,1,0,1,1,13,6,6,2,7,4,20,12,55,45,0.00,0.00,0.00,0.00,2.09,56,65,33,15,3,21,62,33,74,10.89,5.35,1.86,3.31,5.23,0.00,0.00,0.00,0.00,0.00,0.00,Estádio Clube Desportivo das Aves
1492268400,Apr 15 2017 - 3:00pm,complete,609,Benfica II,Famalicão,N/A,36,1.82,0.82,1.90,0.81,2,0,2,1,1,0,"10,49","",5,10,2,0,2,0,0,2,0,2,13,16,9,5,4,11,20,16,50,50,0.00,0.00,0.00,0.00,2.65,65,79,56,21,12,45,79,41,76,11.47,5.64,2.23,3.28,3.61,0.00,0.00,0.00,0.00,0.00,0.00,Caixa Futebol Campus
1492268400,Apr 15 2017 - 3:00pm,complete,475,Sporting Braga II,Portimonense,N/A,36,1.76,1.53,1.76,1.52,2,1,3,0,0,0,"85,87","62",3,3,1,0,0,0,0,1,0,0,16,10,6,6,10,4,11,6,43,57,0.00,0.00,0.00,0.00,2.80,62,74,56,35,15,30,77,50,77,12.12,4.35,3.03,3.18,2.59,0.00,0.00,0.00,0.00,0.00,0.00,Estádio 1º de Maio
1492268400,Apr 15 2017 - 3:00pm,complete,396,Freamunde,Santa Clara,N/A,36,1.24,1.11,1.14,1.00,1,0,1,0,0,0,"77","",6,3,3,0,1,0,2,1,1,0,7,6,5,5,2,1,11,12,48,52,0.00,0.00,0.00,0.00,1.94,43,49,34,23,6,18,52,32,63,8.87,5.91,2.72,2.98,3.06,0.00,0.00,0.00,0.00,0.00,0.00,Complexo Desportivo do SC Freamunde
1492268400,Apr 15 2017 - 3:00pm,complete,961,Gil Vicente,Vitória Guimarães II,N/A,36,2.00,0.76,1.81,0.62,2,0,2,0,0,0,"70,79","",2,9,1,0,1,0,1,0,1,0,11,24,6,7,5,17,14,12,41,59,0.00,0.00,0.00,0.00,2.09,47,56,41,18,6,24,62,27,77,8.70,5.17,2.22,3.19,3.75,0.00,0.00,0.00,0.00,0.00,0.00,Estádio Cidade de Barcelos
1492268400,Apr 15 2017 - 3:00pm,complete,357,Sporting CP II,CF União,N/A,36,1.41,1.00,1.48,1.14,2,0,2,1,1,0,"25,62","",4,13,1,0,4,0,0,1,0,4,10,10,5,3,5,7,19,22,42,58,0.00,0.00,0.00,0.00,2.97,77,91,62,30,9,27,79,62,88,9.77,4.59,2.10,3.36,3.89,0.00,0.00,0.00,0.00,0.00,0.00,CGD Stadium Aurélio Pereira
1492610400,Apr 19 2017 - 2:00pm,complete,337,Porto II,Gil Vicente,N/A,37,1.61,0.94,1.71,0.86,2,2,4,1,1,0,"10,86","50,55",5,5,1,0,3,0,0,1,1,2,19,10,9,5,10,5,10,24,61,39,0.00,0.00,0.00,0.00,2.08,53,62,42,22,0,23,45,39,72,8.84,4.50,1.90,3.31,4.95,0.00,0.00,0.00,0.00,0.00,0.00,Estádio Dr. Jorge Sampaio
1492614000,Apr 19 2017 - 3:00pm,complete,2273,Portimonense,CD Aves,N/A,37,2.44,1.56,2.43,1.52,2,1,3,1,1,0,"45,80","56",3,4,3,0,3,0,0,3,1,2,6,11,5,5,1,6,10,15,42,58,0.00,0.00,0.00,0.00,2.25,42,67,48,17,6,22,53,48,78,11.67,4.73,2.01,3.24,4.47,0.00,0.00,0.00,0.00,0.00,0.00,Estádio do Portimonense SC (Portimão)
1492614000,Apr 19 2017 - 3:00pm,complete,145,SC Olhanense,Sporting Braga II,N/A,37,0.72,1.06,0.90,1.19,1,3,4,1,1,0,"29","69,73,84",2,3,1,1,2,1,0,2,1,2,7,5,4,4,3,1,14,13,44,56,0.00,0.00,0.00,0.00,2.42,62,70,50,25,6,20,61,44,83,8.89,5.22,3.82,3.53,2.06,0.00,0.00,0.00,0.00,0.00,0.00,Estádio José Arcanjo
1492614000,Apr 19 2017 - 3:00pm,complete,271,Sporting Covilhã,Academico Viseu,N/A,37,1.56,1.22,1.67,1.19,2,1,3,1,1,0,"27,57","90'6",5,3,2,0,2,0,1,1,1,1,15,13,6,5,9,8,17,14,56,44,0.00,0.00,0.00,0.00,2.42,64,78,47,20,6,22,64,53,83,9.95,5.16,1.86,3.39,5.07,0.00,0.00,0.00,0.00,0.00,0.00,Estádio Municipal José dos Santos Pinto
1492614000,Apr 19 2017 - 3:00pm,complete,2535,Famalicão,Cova Piedade,N/A,37,1.50,0.82,1.71,0.90,3,0,3,1,1,0,"38,54,60","",3,6,3,0,2,0,1,2,1,1,19,8,9,4,10,4,16,14,52,48,0.00,0.00,0.00,0.00,2.52,49,69,46,31,12,26,66,40,75,9.29,6.74,1.87,3.30,5.21,0.00,0.00,0.00,0.00,0.00,0.00,Estádio Municipal 22 de Junho
1492614000,Apr 19 2017 - 3:00pm,complete,1299,Vitória Guimarães II,Varzim,N/A,37,2.11,1.67,2.24,1.43,1,0,1,0,0,0,"90","",13,2,0,0,1,0,0,0,0,1,19,10,9,5,10,5,11,14,56,44,0.00,0.00,0.00,0.00,2.62,53,81,53,20,9,14,59,61,86,10.50,5.45,2.17,3.17,3.95,0.00,0.00,0.00,0.00,0.00,0.00,Estádio Dom Afonso Henriques
1492614000,Apr 19 2017 - 3:00pm,complete,441,FC Penafiel,Sporting CP II,N/A,37,2.11,1.28,2.14,1.14,2,1,3,3,2,1,"23,45'3","8",10,2,2,0,2,0,0,2,2,0,9,11,5,3,4,8,21,13,43,57,0.00,0.00,0.00,0.00,2.44,44,75,47,22,3,31,73,39,81,10.83,5.22,2.12,3.31,3.90,0.00,0.00,0.00,0.00,0.00,0.00,Estádio Municipal 25 de Abril
1492621200,Apr 19 2017 - 5:00pm,complete,1662,Fafe,Benfica II,N/A,37,0.83,1.06,0.86,1.10,0,1,1,0,0,0,"","90'3",7,5,3,0,3,1,1,2,1,3,19,8,8,6,11,2,18,11,43,57,0.00,0.00,0.00,0.00,2.70,73,89,61,14,9,28,75,50,78,10.95,5.61,2.57,3.22,3.03,0.00,0.00,0.00,0.00,0.00,0.00,Parque Municipal dos Desportos
1492628400,Apr 19 2017 - 7:00pm,complete,425,Santa Clara,Leixões,N/A,37,1.88,0.83,1.86,0.81,3,0,3,2,2,0,"21,26,89","",7,7,1,0,2,0,1,0,1,1,11,9,7,5,4,4,24,16,54,46,0.00,0.00,0.00,0.00,2.12,55,72,37,12,0,18,74,34,75,11.76,5.57,2.41,3.04,3.48,0.00,0.00,0.00,0.00,0.00,0.00,Estádio de São Miguel (Ponta Delgada- Ilha de São Miguel- Açores)
1492628400,Apr 19 2017 - 7:00pm,complete,1742,Associação Académica de Coimbra OAF,Freamunde,N/A,37,1.89,0.78,1.95,0.76,2,2,4,2,1,1,"6,71","32,54",4,8,3,0,3,0,0,3,0,3,11,13,5,8,6,5,18,18,43,57,0.00,0.00,0.00,0.00,2.06,39,56,42,14,11,17,53,39,67,10.50,6.16,1.77,3.41,5.83,0.00,0.00,0.00,0.00,0.00,0.00,Estádio EFAPEL
1492942500,Apr 23 2017 - 10:15am,complete,1552,Academico Viseu,Portimonense,N/A,38,1.28,1.44,1.29,1.52,1,0,1,0,0,0,"71","",7,7,2,0,4,0,0,2,2,2,11,12,3,4,8,8,16,21,47,53,0.00,0.00,0.00,0.00,2.37,59,61,50,22,9,20,59,44,72,11.83,4.95,2.90,3.11,2.75,0.00,0.00,0.00,0.00,0.00,0.00,Estádio Municipal do Fontelo
1492959600,Apr 23 2017 - 3:00pm,complete,939,Varzim,Sporting Covilhã,N/A,38,1.56,1.00,1.48,1.29,0,4,4,1,0,1,"","29,55,62,77",5,4,3,0,1,0,0,3,0,1,14,12,9,7,5,5,15,15,51,49,0.00,0.00,0.00,0.00,1.89,50,64,28,9,0,11,64,31,72,10.33,5.56,2.14,3.17,4.04,0.00,0.00,0.00,0.00,0.00,0.00,Estádio Varzim Sport Club
1492959600,Apr 23 2017 - 3:00pm,complete,1752,FC Vizela,Fafe,N/A,38,1.39,1.17,1.24,1.29,0,1,1,0,0,0,"","68",3,9,3,1,4,1,2,2,2,3,11,17,3,10,8,7,16,12,51,49,0.00,0.00,0.00,0.00,2.42,70,73,42,28,9,25,67,42,75,9.38,5.22,2.19,3.17,3.86,0.00,0.00,0.00,0.00,0.00,0.00,Estádio Do Vizela (Caldas de Vizela)
1492959600,Apr 23 2017 - 3:00pm,complete,369,Sporting CP II,Vitória Guimarães II,N/A,38,1.50,0.72,1.48,0.62,3,0,3,3,3,0,"8,20,26","",5,3,1,0,6,0,1,0,3,3,11,10,6,4,5,6,16,16,58,42,0.00,0.00,0.00,0.00,2.89,67,84,59,25,14,20,70,61,97,8.72,4.50,2.11,3.42,3.79,0.00,0.00,0.00,0.00,0.00,0.00,CGD Stadium Aurélio Pereira
1492959600,Apr 23 2017 - 3:00pm,complete,3500,CD Aves,Famalicão,N/A,38,2.22,0.78,2.33,0.81,2,0,2,0,0,0,"67,76","",1,7,0,0,1,0,0,0,0,1,14,17,7,5,7,12,17,13,49,51,0.00,0.00,0.00,0.00,2.34,59,75,44,12,6,25,70,45,78,12.57,5.50,1.60,3.73,7.32,0.00,0.00,0.00,0.00,0.00,0.00,Estádio Clube Desportivo das Aves
1492959600,Apr 23 2017 - 3:00pm,complete,1126,Benfica II,Porto II,N/A,38,1.89,1.17,1.90,1.14,2,1,3,1,0,1,"55,83","7",4,2,2,0,4,1,0,2,0,5,10,15,8,6,2,9,15,15,44,56,0.00,0.00,0.00,0.00,2.72,62,81,59,25,9,42,81,48,78,10.91,4.72,2.50,3.36,3.01,0.00,0.00,0.00,0.00,0.00,0.00,Caixa Futebol Campus
1492959600,Apr 23 2017 - 3:00pm,complete,515,Freamunde,FC Penafiel,N/A,38,1.33,0.83,1.14,0.86,1,2,3,1,0,1,"77","43,64",2,4,2,0,1,0,0,2,1,0,6,11,2,7,4,4,20,9,54,46,0.00,0.00,0.00,0.00,2.39,56,61,45,31,14,28,56,36,70,10.78,6.66,2.59,3.13,3.08,0.00,0.00,0.00,0.00,0.00,0.00,Complexo Desportivo do SC Freamunde
1492959600,Apr 23 2017 - 3:00pm,complete,718,Gil Vicente,Cova Piedade,N/A,38,2.06,0.78,1.81,0.90,2,2,4,3,2,1,"22,34","45'1,64",5,5,3,0,2,0,1,2,0,2,5,6,4,3,1,3,32,20,53,47,0.00,0.00,0.00,0.00,2.25,47,61,48,23,3,25,64,34,67,7.55,5.95,1.79,3.37,5.74,0.00,0.00,0.00,0.00,0.00,0.00,Estádio Cidade de Barcelos
1492959600,Apr 23 2017 - 3:00pm,complete,5813,Leixões,SC Olhanense,N/A,38,1.44,0.50,1.38,0.43,3,0,3,3,3,0,"3,12,14","",5,6,0,0,2,0,0,0,1,1,13,17,8,4,5,13,19,19,45,55,0.00,0.00,0.00,0.00,2.64,62,75,59,25,11,34,70,53,78,9.66,4.84,1.31,5.31,9.99,0.00,0.00,0.00,0.00,0.00,0.00,Estádio do Mar
1492963200,Apr 23 2017 - 4:00pm,complete,747,Santa Clara,CF União,N/A,38,1.94,0.94,1.86,1.14,0,0,0,0,0,0,"","",3,4,1,0,3,1,0,1,1,3,7,8,2,4,5,4,23,12,48,52,0.00,0.00,0.00,0.00,2.31,56,83,42,14,0,25,75,36,84,12.89,4.72,2.68,3.00,3.09,0.00,0.00,0.00,0.00,0.00,0.00,Estádio de São Miguel (Ponta Delgada- Ilha de São Miguel- Açores)
1493046000,Apr 24 2017 - 3:00pm,complete,400,Sporting Braga II,Associação Académica de Coimbra OAF,N/A,38,1.83,1.00,1.76,1.00,1,0,1,1,1,0,"34","",4,4,0,0,0,0,0,0,0,0,14,12,6,4,8,8,13,6,45,55,0.00,0.00,0.00,0.00,2.42,61,75,53,17,6,25,64,47,75,10.22,4.22,2.36,3.16,3.45,0.00,0.00,0.00,0.00,0.00,0.00,Estádio 1º de Maio
1493460900,Apr 29 2017 - 10:15am,complete,2011,Portimonense,Leixões,N/A,39,2.47,0.79,2.43,0.81,3,3,6,4,2,2,"16,28,62","4,33,86",10,3,1,0,4,0,0,1,1,3,16,9,7,3,9,6,21,17,55,45,0.00,0.00,0.00,0.00,2.24,42,66,48,14,3,21,71,45,74,11.37,4.90,2.17,3.32,3.66,0.00,0.00,0.00,0.00,0.00,0.00,Estádio do Portimonense SC (Portimão)
1493478000,Apr 29 2017 - 3:00pm,complete,3109,Vitória Guimarães II,Sporting Braga II,N/A,39,2.16,1.16,2.24,1.19,2,1,3,1,1,0,"31,46","78",5,11,4,1,4,1,3,2,4,1,8,9,7,2,1,7,15,14,52,48,0.00,0.00,0.00,0.00,2.42,50,74,42,24,8,11,50,53,84,10.10,4.58,0.00,0.00,0.00,0.00,0.00,0.00,0.00,0.00,0.00,Estádio Dom Afonso Henriques
1493547300,Apr 30 2017 - 10:15am,complete,867,CF União,CD Aves,N/A,39,1.89,1.47,1.90,1.52,2,2,4,2,2,0,"8,19","74,79",1,3,3,0,4,0,2,1,1,3,13,7,6,3,7,4,21,22,43,57,0.00,0.00,0.00,0.00,2.08,50,61,37,19,5,27,61,32,66,9.69,5.10,2.70,3.04,2.98,0.00,0.00,0.00,0.00,0.00,0.00,Estádio do Centro Desportivo da Madeira
1493560800,Apr 30 2017 - 2:00pm,complete,737,Porto II,Sporting CP II,N/A,39,1.58,1.21,1.71,1.14,3,2,5,4,2,2,"1,27,70","24,34",7,1,2,0,2,1,1,1,1,2,14,15,7,7,7,8,18,17,52,48,0.00,0.00,0.00,0.00,2.26,47,69,45,24,3,19,58,48,69,9.37,4.32,2.00,3.35,4.24,0.00,0.00,0.00,0.00,0.00,0.00,Estádio Dr. Jorge Sampaio
1493564400,Apr 30 2017 - 3:00pm,complete,806,Benfica II,Associação Académica de Coimbra OAF,N/A,39,1.95,0.95,1.90,1.00,1,0,1,0,0,0,"79","",6,5,3,0,3,0,1,2,0,3,13,8,6,3,7,5,14,16,58,42,0.00,0.00,0.00,0.00,2.35,58,71,50,16,8,37,69,37,71,10.21,4.37,2.26,3.28,3.48,0.00,0.00,0.00,0.00,0.00,0.00,Caixa Futebol Campus
1493564400,Apr 30 2017 - 3:00pm,complete,151,SC Olhanense,Freamunde,N/A,39,0.68,0.79,0.90,0.76,2,1,3,2,1,1,"43,90","25",8,4,1,0,5,0,1,0,1,4,11,10,6,3,5,7,14,21,50,50,0.00,0.00,0.00,0.00,2.58,61,71,61,27,8,29,63,47,82,9.37,6.16,5.41,3.79,1.70,0.00,0.00,0.00,0.00,0.00,0.00,Estádio José Arcanjo
1493564400,Apr 30 2017 - 3:00pm,complete,245,Sporting Covilhã,Gil Vicente,N/A,39,1.63,0.95,1.67,0.86,2,1,3,2,2,0,"7,8","60",5,6,4,0,1,1,2,2,1,1,12,12,9,5,3,7,18,18,52,48,0.00,0.00,0.00,0.00,2.32,61,74,42,21,3,24,61,45,79,9.47,5.63,2.13,3.22,3.92,0.00,0.00,0.00,0.00,0.00,0.00,Estádio Municipal José dos Santos Pinto
1493564400,Apr 30 2017 - 3:00pm,complete,1293,Fafe,Academico Viseu,N/A,39,0.79,1.16,0.86,1.19,1,3,4,1,0,1,"88","19,75,90'2",6,1,3,0,3,0,2,1,2,1,9,11,4,7,5,4,21,21,49,51,0.00,0.00,0.00,0.00,2.77,74,84,61,24,11,35,74,50,79,9.37,4.84,2.12,3.30,3.84,0.00,0.00,0.00,0.00,0.00,0.00,Parque Municipal dos Desportos
1493564400,Apr 30 2017 - 3:00pm,complete,3185,Famalicão,FC Vizela,N/A,39,1.58,0.89,1.71,0.95,2,0,2,1,1,0,"7,72","",5,9,4,0,3,0,1,3,1,2,12,9,6,3,6,6,25,22,48,52,0.00,0.00,0.00,0.00,2.11,40,61,37,22,11,24,53,37,69,9.53,5.79,1.69,3.59,5.99,0.00,0.00,0.00,0.00,0.00,0.00,Estádio Municipal 22 de Junho
1493564400,Apr 30 2017 - 3:00pm,complete,493,FC Penafiel,Santa Clara,N/A,39,2.16,1.05,2.14,1.00,1,0,1,0,0,0,"65","",6,1,3,1,0,0,0,4,0,0,11,7,5,2,6,5,28,13,41,59,0.00,0.00,0.00,0.00,2.21,45,64,45,19,3,27,58,35,79,10.95,4.95,2.04,3.29,4.15,0.00,0.00,0.00,0.00,0.00,0.00,Estádio Municipal 25 de Abril
1493564400,Apr 30 2017 - 3:00pm,complete,1167,Cova Piedade,Varzim,N/A,39,1.63,1.58,1.62,1.43,1,0,1,1,1,0,"25","",3,3,2,0,2,0,1,1,1,1,13,15,5,8,8,7,25,16,42,58,0.00,0.00,0.00,0.00,2.26,58,71,40,14,5,21,66,40,76,9.21,5.79,2.28,3.16,3.57,0.00,0.00,0.00,0.00,0.00,0.00,Estádio Municipal José Martins Vieira
1493996400,May 05 2017 - 3:00pm,complete,408,Sporting CP II,Benfica II,N/A,40,1.58,1.16,1.48,1.10,2,2,4,2,1,1,"20,64","45'1,75",1,3,3,0,2,0,2,1,0,2,12,10,4,6,8,4,20,12,51,49,0.00,0.00,0.00,0.00,2.84,74,90,69,16,8,21,71,61,90,9.79,5.43,1.89,3.65,4.48,0.00,0.00,0.00,0.00,0.00,0.00,CGD Stadium Aurélio Pereira
1494065700,May 06 2017 - 10:15am,complete,2163,Associação Académica de Coimbra OAF,Vitória Guimarães II,N/A,40,1.84,0.68,1.95,0.62,1,0,1,1,1,0,"10","",6,6,2,0,0,0,1,1,0,0,14,12,6,3,8,9,22,12,46,54,0.00,0.00,0.00,0.00,2.13,37,58,40,16,11,16,63,40,74,10.58,5.27,2.59,3.18,3.08,0.00,0.00,0.00,0.00,0.00,0.00,Estádio EFAPEL
1494162000,May 07 2017 - 1:00pm,complete,373,Freamunde,Portimonense,N/A,40,1.26,1.37,1.14,1.52,1,2,3,1,1,0,"30","70,85",4,4,3,1,1,0,0,4,0,1,8,11,3,4,5,7,20,13,38,62,0.00,0.00,0.00,0.00,2.18,48,50,40,29,11,19,58,34,69,11.00,5.42,2.49,3.17,3.20,0.00,0.00,0.00,0.00,0.00,0.00,Complexo Desportivo do SC Freamunde
1494169200,May 07 2017 - 3:00pm,complete,5724,Leixões,Sporting Covilhã,N/A,40,1.53,1.11,1.38,1.29,1,3,4,0,0,0,"50","80,84,88",9,1,2,0,1,1,0,2,0,2,12,11,3,6,9,5,17,18,51,49,0.00,0.00,0.00,0.00,2.06,53,66,43,14,0,16,61,37,71,9.77,4.94,1.82,3.44,5.26,0.00,0.00,0.00,0.00,0.00,0.00,Estádio do Mar
1494169200,May 07 2017 - 3:00pm,complete,874,Gil Vicente,Fafe,N/A,40,2.00,1.26,1.81,1.29,1,3,4,1,1,0,"25","76,78,88",4,8,5,0,3,0,1,4,0,3,10,17,3,4,7,13,16,17,45,55,0.00,0.00,0.00,0.00,2.21,53,58,42,29,6,27,58,27,71,8.94,5.63,1.89,3.48,4.66,0.00,0.00,0.00,0.00,0.00,0.00,Estádio Cidade de Barcelos
1494169200,May 07 2017 - 3:00pm,complete,1776,Varzim,Famalicão,N/A,40,1.47,0.74,1.48,0.81,1,0,1,0,0,0,"74","",8,4,2,0,2,0,2,0,0,2,10,15,4,6,6,9,21,12,44,56,0.00,0.00,0.00,0.00,2.13,48,74,37,8,3,16,69,42,77,12.06,5.74,2.59,3.13,3.08,0.00,0.00,0.00,0.00,0.00,0.00,Estádio Varzim Sport Club
1494169200,May 07 2017 - 3:00pm,complete,1063,FC Vizela,Cova Piedade,N/A,40,1.32,0.79,1.24,0.90,2,3,5,1,1,0,"41,77","56,70,90'4",5,9,3,1,6,1,1,3,2,5,15,6,7,5,8,1,20,27,57,43,0.00,0.00,0.00,0.00,2.48,64,74,48,24,5,26,71,45,74,8.26,5.74,2.62,3.16,3.02,0.00,0.00,0.00,0.00,0.00,0.00,Estádio Do Vizela (Caldas de Vizela)
1494169200,May 07 2017 - 3:00pm,complete,659,Academico Viseu,CF União,N/A,40,1.37,0.95,1.29,1.14,1,2,3,2,1,1,"41","33,90'4",7,3,0,0,1,0,0,0,1,0,11,17,3,10,8,7,22,14,53,47,0.00,0.00,0.00,0.00,2.19,56,69,42,16,0,21,63,40,74,11.48,5.27,2.39,3.20,3.34,0.00,0.00,0.00,0.00,0.00,0.00,Estádio Municipal do Fontelo
1494169200,May 07 2017 - 3:00pm,complete,1400,CD Aves,FC Penafiel,N/A,40,2.26,0.95,2.33,0.86,2,1,3,1,1,0,"42,73","80",4,8,1,0,3,0,0,1,0,3,11,7,5,3,6,4,10,13,48,52,0.00,0.00,0.00,0.00,2.66,66,79,53,24,13,32,61,53,79,12.06,5.43,1.83,3.52,5.04,0.00,0.00,0.00,0.00,0.00,0.00,Estádio Clube Desportivo das Aves
1494169200,May 07 2017 - 3:00pm,complete,375,Sporting Braga II,Porto II,N/A,40,1.89,1.11,1.76,1.14,2,3,5,2,0,2,"58,60","11,31,51",6,2,1,0,2,0,0,1,0,2,15,8,4,4,11,4,11,9,47,53,0.00,0.00,0.00,0.00,2.74,63,82,61,24,6,27,79,58,79,10.54,4.47,0.00,0.00,0.00,0.00,0.00,0.00,0.00,0.00,0.00,Estádio 1º de Maio
1494172800,May 07 2017 - 4:00pm,complete,342,Santa Clara,SC Olhanense,N/A,40,1.89,0.47,1.86,0.43,3,0,3,0,0,0,"50,57,67","",4,5,3,0,1,0,0,3,0,1,14,10,7,5,7,5,15,16,54,46,0.00,0.00,0.00,0.00,2.66,58,82,55,21,11,37,76,43,82,11.00,4.84,1.34,4.98,9.99,0.00,0.00,0.00,0.00,0.00,0.00,Estádio de São Miguel (Ponta Delgada- Ilha de São Miguel- Açores)
1494611100,May 12 2017 - 5:45pm,complete,345,Porto II,Vitória Guimarães II,N/A,41,1.65,0.65,1.71,0.62,1,0,1,0,0,0,"49","",9,4,3,0,3,0,1,2,0,3,13,8,7,4,6,4,17,14,58,42,0.00,0.00,0.00,0.00,2.25,45,63,43,23,8,15,53,45,80,9.95,3.95,2.01,3.39,4.22,0.00,0.00,0.00,0.00,0.00,0.00,Estádio Dr. Jorge Sampaio
1494670500,May 13 2017 - 10:15am,complete,1134,Cova Piedade,CD Aves,N/A,41,1.70,1.45,1.62,1.52,1,3,4,1,1,0,"28","56,90,90'3",4,3,1,0,3,0,1,0,3,0,9,15,3,6,6,9,16,15,40,60,0.00,0.00,0.00,0.00,2.15,55,68,35,18,5,25,65,33,68,9.65,5.70,3.01,3.14,2.64,0.00,0.00,0.00,0.00,0.00,0.00,Estádio Municipal José Martins Vieira
1494756900,May 14 2017 - 10:15am,complete,2470,Portimonense,SC Olhanense,N/A,41,2.40,0.45,2.43,0.43,3,2,5,3,2,1,"10,32,55","23,58",9,1,1,0,3,1,1,0,0,4,16,8,7,4,9,4,15,21,66,34,0.00,0.00,0.00,0.00,2.88,50,78,65,25,15,38,73,58,83,10.90,4.25,1.20,7.05,9.99,0.00,0.00,0.00,0.00,0.00,0.00,Estádio do Portimonense SC (Portimão)
1494770400,May 14 2017 - 2:00pm,complete,278,Sporting Covilhã,Santa Clara,N/A,41,1.70,1.00,1.67,1.00,1,1,2,1,0,1,"81","3",5,3,2,0,3,0,0,2,1,2,16,6,9,4,7,2,22,23,55,45,0.00,0.00,0.00,0.00,2.13,50,65,38,15,5,15,55,45,78,9.80,5.20,1.89,3.30,5.02,0.00,0.00,0.00,0.00,0.00,0.00,Estádio Municipal José dos Santos Pinto
1494774000,May 14 2017 - 3:00pm,complete,312,Sporting CP II,Associação Académica de Coimbra OAF,N/A,41,1.55,0.90,1.48,1.00,1,2,3,1,1,0,"6","61,76",3,6,3,1,3,0,1,3,2,1,11,11,6,5,5,6,19,15,51,49,0.00,0.00,0.00,0.00,2.58,65,78,58,18,8,23,65,53,80,8.80,4.30,1.76,3.56,5.55,0.00,0.00,0.00,0.00,0.00,0.00,CGD Stadium Aurélio Pereira
1494774000,May 14 2017 - 3:00pm,complete,905,FC Vizela,Freamunde,N/A,41,1.25,0.75,1.24,0.76,1,1,2,1,1,0,"41","90",3,7,2,0,3,0,0,2,2,1,11,10,5,5,6,5,15,16,49,51,0.00,0.00,0.00,0.00,2.40,65,73,48,20,10,30,60,45,78,9.35,6.10,2.00,3.29,4.42,0.00,0.00,0.00,0.00,0.00,0.00,Estádio Do Vizela (Caldas de Vizela)
1494774000,May 14 2017 - 3:00pm,complete,969,CF União,Gil Vicente,N/A,41,1.85,0.90,1.90,0.86,5,1,6,1,1,0,"7,46,73,88,90'3","56",5,5,2,0,3,1,0,2,2,2,14,7,10,2,4,5,23,11,46,54,0.00,0.00,0.00,0.00,2.20,58,63,43,23,3,38,65,28,68,8.15,5.05,1.95,3.35,4.56,0.00,0.00,0.00,0.00,0.00,0.00,Estádio do Centro Desportivo da Madeira
1494774000,May 14 2017 - 3:00pm,complete,1526,FC Penafiel,Leixões,N/A,41,2.20,0.80,2.14,0.81,0,0,0,0,0,0,"","",3,9,5,0,2,0,1,4,0,2,10,15,2,7,8,8,23,15,34,66,0.00,0.00,0.00,0.00,2.35,48,68,45,20,3,30,75,33,78,11.70,5.65,3.07,3.19,2.55,0.00,0.00,0.00,0.00,0.00,0.00,Estádio Municipal 25 de Abril
1494774000,May 14 2017 - 3:00pm,complete,708,Benfica II,Sporting Braga II,N/A,41,2.00,1.10,1.90,1.19,1,4,5,1,0,1,"69","45,78,83,90'3",10,8,2,0,3,0,0,2,0,3,10,16,5,12,5,4,13,16,52,48,0.00,0.00,0.00,0.00,2.58,63,75,50,28,10,33,65,45,83,9.65,5.00,1.99,3.46,4.19,0.00,0.00,0.00,0.00,0.00,0.00,Caixa Futebol Campus
1494774000,May 14 2017 - 3:00pm,complete,1418,Fafe,Varzim,N/A,41,0.75,1.50,0.86,1.43,2,1,3,1,1,0,"31,72","69",7,7,1,0,2,0,0,1,0,2,13,10,4,5,9,5,14,12,40,60,0.00,0.00,0.00,0.00,2.70,65,80,55,23,10,25,70,53,80,9.80,5.55,1.71,3.61,5.88,0.00,0.00,0.00,0.00,0.00,0.00,Parque Municipal dos Desportos
1494774000,May 14 2017 - 3:00pm,complete,3234,Famalicão,Academico Viseu,N/A,41,1.65,1.25,1.71,1.19,2,1,3,2,1,1,"37,76","42",10,4,2,0,1,0,0,2,0,1,14,9,6,3,8,6,21,17,56,44,0.00,0.00,0.00,0.00,2.53,58,75,53,28,10,28,68,45,83,9.75,5.85,2.10,3.30,4.00,0.00,0.00,0.00,0.00,0.00,0.00,Estádio Municipal 22 de Junho
1495292400,May 20 2017 - 3:00pm,complete,328,Freamunde,Sporting Covilhã,N/A,42,1.20,1.20,1.14,1.29,0,1,1,1,0,1,"","26",4,4,2,1,1,0,0,3,0,1,7,12,4,7,3,5,22,16,48,52,0.00,0.00,0.00,0.00,2.03,50,55,35,23,3,13,60,30,70,8.80,6.10,3.25,3.38,2.34,0.00,0.00,0.00,0.00,0.00,0.00,Complexo Desportivo do SC Freamunde
1495363500,May 21 2017 - 10:45am,complete,579,Santa Clara,Portimonense,N/A,42,1.95,1.45,1.86,1.52,1,2,3,1,0,1,"66","45'2,54",5,4,5,0,0,0,1,4,0,0,8,5,4,5,4,0,28,21,47,53,0.00,0.00,0.00,0.00,2.33,53,70,48,18,8,20,63,40,80,12.80,4.45,4.01,3.53,2.01,0.00,0.00,0.00,0.00,0.00,0.00,Estádio de São Miguel (Ponta Delgada- Ilha de São Miguel- Açores)
1495363500,May 21 2017 - 10:45am,complete,2500,CD Aves,Fafe,N/A,42,2.30,1.35,2.33,1.29,3,0,3,1,1,0,"16,82,88","",3,11,1,1,1,0,1,1,0,1,8,14,4,7,4,7,14,20,50,50,0.00,0.00,0.00,0.00,2.48,60,70,45,28,8,23,60,48,80,10.85,5.00,1.57,4.26,6.28,0.00,0.00,0.00,0.00,0.00,0.00,Estádio Clube Desportivo das Aves
1495363500,May 21 2017 - 10:45am,complete,4818,Leixões,CF União,N/A,42,1.45,1.05,1.38,1.14,0,2,2,1,0,1,"","1,87",10,1,1,0,2,0,0,1,1,1,21,11,7,6,14,5,11,19,61,39,0.00,0.00,0.00,0.00,2.25,55,75,48,18,0,25,65,43,73,11.36,4.50,1.87,3.67,4.48,0.00,0.00,0.00,0.00,0.00,0.00,Estádio do Mar
1495378800,May 21 2017 - 3:00pm,complete,1271,Vitória Guimarães II,Benfica II,N/A,42,2.20,1.15,2.24,1.10,3,2,5,2,1,1,"36,75,88","29,54",7,6,2,1,3,0,0,3,0,3,10,7,6,4,4,3,19,19,50,50,0.00,0.00,0.00,0.00,2.48,55,80,55,13,5,15,60,55,85,11.70,5.50,0.00,0.00,0.00,0.00,0.00,0.00,0.00,0.00,0.00,Estádio Dom Afonso Henriques
1495378800,May 21 2017 - 3:00pm,complete,2762,Gil Vicente,Famalicão,N/A,42,1.90,0.70,1.81,0.81,0,2,2,0,0,0,"","65,80",4,7,3,1,0,0,0,4,0,0,5,13,2,7,3,6,26,12,43,57,0.00,0.00,0.00,0.00,2.13,50,65,43,15,3,25,65,30,73,10.36,5.90,6.12,4.10,1.61,0.00,0.00,0.00,0.00,0.00,0.00,Estádio Cidade de Barcelos
1495378800,May 21 2017 - 3:00pm,complete,3324,Academico Viseu,Cova Piedade,N/A,42,1.30,0.90,1.29,0.90,2,2,4,1,1,0,"45'4,74","65,67",1,5,3,0,4,0,1,2,1,3,18,10,8,4,10,6,24,21,56,44,0.00,0.00,0.00,0.00,2.50,58,68,55,23,5,23,63,45,75,9.30,6.05,1.81,3.78,4.72,0.00,0.00,0.00,0.00,0.00,0.00,Estádio Municipal do Fontelo
1495378800,May 21 2017 - 3:00pm,complete,2014,Associação Académica de Coimbra OAF,Porto II,N/A,42,1.90,1.20,1.95,1.14,2,1,3,2,1,1,"30,85","34",6,3,1,0,1,0,0,1,1,0,16,8,6,5,10,3,17,14,42,58,0.00,0.00,0.00,0.00,2.25,45,63,48,18,8,18,73,48,68,11.10,5.25,2.78,3.33,2.70,0.00,0.00,0.00,0.00,0.00,0.00,Estádio EFAPEL
1495378800,May 21 2017 - 3:00pm,complete,415,Sporting Braga II,Sporting CP II,N/A,42,1.80,1.15,1.76,1.14,1,1,2,0,0,0,"52","90",7,7,0,0,0,0,0,0,0,0,14,10,6,4,8,6,12,19,53,47,0.00,0.00,0.00,0.00,2.83,60,83,58,30,13,35,80,50,73,9.30,4.70,2.12,3.78,3.40,0.00,0.00,0.00,0.00,0.00,0.00,Estádio 1º de Maio
1495378800,May 21 2017 - 3:00pm,complete,173,SC Olhanense,FC Penafiel,N/A,42,0.80,0.90,0.90,0.86,3,1,4,1,0,1,"59,75,88","7",10,1,3,0,0,0,0,3,0,0,12,6,6,2,6,4,16,12,60,40,0.00,0.00,0.00,0.00,2.85,73,80,68,30,13,33,73,50,83,11.05,5.95,3.96,3.74,1.96,0.00,0.00,0.00,0.00,0.00,0.00,Estádio José Arcanjo
1495378800,May 21 2017 - 3:00pm,complete,1037,Varzim,FC Vizela,N/A,42,1.55,0.85,1.48,0.95,0,3,3,1,0,1,"","19,57,84",6,1,5,1,2,0,1,5,1,1,11,8,2,6,9,2,22,10,49,51,0.00,0.00,0.00,0.00,1.88,38,60,30,10,3,15,53,38,68,9.80,5.00,1.71,3.76,5.54,0.00,0.00,0.00,0.00,0.00,0.00,Estádio Varzim Sport Club
