timestamp,date_GMT,status,attendance,home_team_name,away_team_name,referee,Game Week,Pre-Match PPG (Home),Pre-Match PPG (Away),home_ppg,away_ppg,home_team_goal_count,away_team_goal_count,total_goal_count,total_goals_at_half_time,home_team_goal_count_half_time,away_team_goal_count_half_time,home_team_goal_timings,away_team_goal_timings,home_team_corner_count,away_team_corner_count,home_team_yellow_cards,home_team_red_cards,away_team_yellow_cards,away_team_red_cards,home_team_first_half_cards,home_team_second_half_cards,away_team_first_half_cards,away_team_second_half_cards,home_team_shots,away_team_shots,home_team_shots_on_target,away_team_shots_on_target,home_team_shots_off_target,away_team_shots_off_target,home_team_fouls,away_team_fouls,home_team_possession,away_team_possession,Home Team Pre-Match xG,Away Team Pre-Match xG,team_a_xg,team_b_xg,average_goals_per_match_pre_match,btts_percentage_pre_match,over_15_percentage_pre_match,over_25_percentage_pre_match,over_35_percentage_pre_match,over_45_percentage_pre_match,over_15_HT_FHG_percentage_pre_match,over_05_HT_FHG_percentage_pre_match,over_15_2HG_percentage_pre_match,over_05_2HG_percentage_pre_match,average_corners_per_match_pre_match,average_cards_per_match_pre_match,odds_ft_home_team_win,odds_ft_draw,odds_ft_away_team_win,odds_ft_over15,odds_ft_over25,odds_ft_over35,odds_ft_over45,odds_btts_yes,odds_btts_no,stadium_name
1596214800,Jul 31 2020 - 5:00pm,complete,N/A,Spartak Subotica,Zlatibor Čajetina,Lazar Lukić,1,0.00,0.00,1.63,0.84,3,0,3,2,2,0,"8,32,90","",3,2,4,0,1,0,3,1,1,0,10,10,5,3,5,7,19,21,50,50,0.00,0.00,1.41,1.34,0.00,0,0,0,0,0,0,0,0,0,0.00,0.00,1.25,5.05,8.00,1.27,1.91,3.30,5.95,2.40,1.44,Gradski Stadion (Subotica)
1596214800,Jul 31 2020 - 5:00pm,complete,N/A,Bačka Topola,Vojvodina,Novak Simović,1,0.00,0.00,1.74,1.53,2,2,4,2,1,1,"26,79","35,49",7,5,4,0,5,0,1,3,3,2,16,14,7,9,9,5,14,20,53,47,0.00,0.00,2.18,2.14,0.00,0,0,0,0,0,0,0,0,0,0.00,0.00,2.25,3.10,2.80,1.29,1.95,3.45,6.25,1.77,1.83,Gradski Stadion (Senta)
1596218400,Jul 31 2020 - 6:00pm,complete,N/A,Mladost Lučani,Javor Ivanjica,Novica Anđelovski,1,0.00,0.00,2.05,0.89,2,1,3,2,2,0,"25,40","75",6,1,3,0,2,0,1,2,0,2,10,12,5,7,5,5,23,14,54,46,0.00,0.00,1.40,1.65,0.00,0,0,0,0,0,0,0,0,0,0.00,0.00,1.42,4.05,5.65,1.24,1.80,3.05,5.50,1.87,1.71,Mladost Stadium Lučani (Lučani)
1596295800,Aug 01 2020 - 3:30pm,complete,N/A,Napredak,Partizan,Danilo Grujić,1,0.00,0.00,1.68,2.16,1,3,4,1,1,0,"45'2","47,86,90'5",3,14,6,0,1,0,1,5,0,1,8,15,3,8,5,7,17,16,37,63,0.00,0.00,1.08,2.28,0.00,0,0,0,0,0,0,0,0,0,0.00,0.00,8.25,5.05,1.24,1.20,1.71,2.80,4.95,2.15,1.54,Stadion Mladost (Kruševac)
1596303000,Aug 01 2020 - 5:30pm,complete,N/A,Radnički Niš,Metalac GM,Zoran Široki,1,0.00,0.00,1.63,1.21,3,0,3,2,2,0,"21,44,72","",3,2,3,0,2,1,1,2,3,0,16,3,7,2,9,1,25,13,54,46,0.00,0.00,1.98,0.52,0.00,0,0,0,0,0,0,0,0,0,0.00,0.00,1.17,5.75,10.00,1.20,1.71,2.80,4.95,2.25,1.50,Gradski Stadion Čair (Niš)
1596303000,Aug 01 2020 - 5:30pm,complete,N/A,Mačva Šabac,Bačka Palanka,Nenad Minaković,1,0.00,0.00,1.00,0.16,1,0,1,0,0,0,"56","",2,7,4,0,3,0,2,2,1,2,8,13,5,4,3,9,19,17,44,56,0.00,0.00,1.27,1.65,0.00,0,0,0,0,0,0,0,0,0,0.00,0.00,2.35,2.95,2.80,1.38,2.20,4.05,7.25,1.91,1.69,Stadion FK Mačva (Šabac)
1596303000,Aug 01 2020 - 5:30pm,complete,N/A,Proleter Novi Sad,Rad Beograd,Petar Piper,1,0.00,0.00,1.79,1.00,2,0,2,2,2,0,"32,41","",5,7,1,0,2,0,0,1,0,2,9,11,4,6,5,5,18,11,54,46,0.00,0.00,1.28,1.60,0.00,0,0,0,0,0,0,0,0,0,0.00,0.00,1.44,4.00,5.55,1.26,1.87,3.25,5.85,1.95,1.67,Stadion Karađorđe (Novi Sad)
1596303000,Aug 01 2020 - 5:30pm,complete,N/A,Čukarički,Inđija,Milan Mitić,1,0.00,0.00,2.21,0.53,3,0,3,2,2,0,"38,41,90'1","",6,3,2,0,3,0,0,2,2,1,17,8,8,3,9,5,22,15,56,44,0.00,0.00,2.34,1.17,0.00,0,0,0,0,0,0,0,0,0,0.00,0.00,1.34,4.40,6.45,1.23,1.77,3.00,5.35,1.95,1.67,Stadion na Banovom brdu (Beograd)
1596303000,Aug 01 2020 - 5:30pm,complete,N/A,Voždovac,Radnik Surdulica,Miloš Milanović,1,0.00,0.00,1.58,1.32,1,3,4,1,0,1,"84","35,64,86",6,4,2,0,2,0,1,1,2,0,7,13,3,6,4,7,9,10,63,37,0.00,0.00,1.17,1.60,0.00,0,0,0,0,0,0,0,0,0,0.00,0.00,1.49,3.90,5.10,1.19,1.67,2.70,4.80,1.71,1.91,Stadion Event Place (Beograd)
1596303000,Aug 01 2020 - 5:30pm,complete,N/A,Red Star Belgrade,Novi Pazar,Bojan Nikolić,1,0.00,0.00,2.89,0.58,3,0,3,2,2,0,"8,13,81","",9,0,0,0,2,0,0,0,1,1,21,3,12,3,9,0,13,11,50,50,0.00,0.00,0.00,0.00,0.00,0,0,0,0,0,0,0,0,0,0.00,0.00,1.05,13.00,17.00,1.05,1.20,1.50,2.10,2.60,1.45,Stadion Rajko Mitić (Beograd)
1596639600,Aug 05 2020 - 3:00pm,complete,N/A,Novi Pazar,Partizan,Novak Simović,2,0.00,3.00,2.00,2.16,3,2,5,1,1,0,"22,73,78","59,70",2,14,3,0,2,0,1,2,1,1,10,17,4,14,6,3,18,15,34,66,0.00,2.28,1.31,2.96,2.00,50,50,50,50,0,0,50,50,50,14.00,1.00,10.00,5.45,1.19,1.13,1.50,2.30,3.90,2.00,1.62,Gradski Stadion (Novi Pazar)
1596639600,Aug 05 2020 - 3:00pm,complete,N/A,Inđija,Voždovac,Jovan Šegrt,2,0.00,0.00,1.32,0.95,0,1,1,1,0,1,"","25",7,5,0,0,2,0,0,0,0,2,16,11,6,8,10,3,23,39,50,50,0.00,0.00,1.94,1.70,0.00,0,0,0,0,0,0,0,0,0,0.00,0.00,2.40,3.20,2.55,1.21,1.74,2.85,5.10,1.61,2.05,Gradski Stadion (Inđija)
1596646800,Aug 05 2020 - 5:00pm,complete,N/A,Javor Ivanjica,Napredak,Stanko Ostraćanin,2,0.00,0.00,1.53,0.95,3,0,3,1,1,0,"29,61,89","",4,3,0,0,2,0,0,0,0,2,12,8,4,3,8,5,11,21,55,45,0.00,0.00,1.79,1.32,0.00,0,0,0,0,0,0,0,0,0,0.00,0.00,1.87,3.25,3.60,1.23,1.77,3.00,5.35,1.69,1.91,Stadion Ivanjica (Ivanjica)
1596646800,Aug 05 2020 - 5:00pm,complete,N/A,Radnik Surdulica,Mladost Lučani,Dragan Čolović,2,0.00,0.00,1.58,0.79,2,3,5,2,1,1,"44,80","25,90,90'4",4,7,1,0,2,0,1,0,1,1,12,9,4,5,8,4,19,15,45,55,0.00,0.00,1.57,1.51,0.00,0,0,0,0,0,0,0,0,0,0.00,0.00,1.65,3.55,4.25,1.24,1.80,3.05,5.50,1.80,1.80,Stadion Surdulica (Surdulica)
1596646800,Aug 05 2020 - 5:00pm,complete,N/A,Rad Beograd,Bačka Topola,Aleksandar Živković,2,0.00,0.00,1.53,1.32,1,3,4,3,1,2,"7","1,20,81",7,12,2,0,2,1,0,2,1,2,12,12,3,7,9,5,11,12,50,50,0.00,0.00,1.55,1.84,0.00,0,0,0,0,0,0,0,0,0,0.00,0.00,5.20,3.85,1.49,1.23,1.77,3.00,5.35,1.83,1.77,Stadion Kralj Petar Prvi (Beograd)
1596646800,Aug 05 2020 - 5:00pm,complete,N/A,Zlatibor Čajetina,Proleter Novi Sad,Momčilo Marković,2,0.00,0.00,0.68,1.00,0,2,2,2,0,2,"","17,21",9,4,0,0,3,0,0,0,1,2,20,13,6,5,14,8,12,17,52,48,0.00,0.00,2.23,1.50,0.00,0,0,0,0,0,0,0,0,0,0.00,0.00,2.85,3.05,2.25,1.32,2.05,3.65,6.60,1.80,1.80,Gradski Stadion (Užice)
1596646800,Aug 05 2020 - 5:00pm,complete,N/A,Bačka Palanka,Spartak Subotica,Đorđe Maksimović,2,0.00,0.00,0.68,1.11,1,3,4,3,1,2,"38","2,36,76",2,6,2,0,3,0,0,2,1,2,11,11,4,6,7,5,19,23,47,53,0.00,0.00,1.46,1.53,0.00,0,0,0,0,0,0,0,0,0,0.00,0.00,2.90,3.25,2.10,1.29,1.95,3.25,5.50,1.72,2.00,Stadion Slavko Maletin Vava (Bačka Palanka)
1596646800,Aug 05 2020 - 5:00pm,complete,N/A,Metalac GM,Mačva Šabac,Marko Ivković,2,0.00,0.00,1.53,0.32,2,1,3,3,2,1,"25,43","17",6,3,4,0,5,0,2,2,2,3,11,9,7,3,4,6,13,18,57,43,0.00,0.00,1.66,1.13,0.00,0,0,0,0,0,0,0,0,0,0.00,0.00,1.80,3.15,4.00,1.32,2.05,3.65,6.60,1.91,1.71,Stadion FK Metalac (Gornji Milanovac)
1596646800,Aug 05 2020 - 5:00pm,complete,N/A,Red Star Belgrade,Radnički Niš,Lazar Lukić,2,3.00,0.00,2.89,0.95,3,0,3,2,2,0,"43,45'1,76","",8,5,1,0,2,0,0,1,1,1,21,9,9,4,12,5,14,21,64,36,0.00,0.00,2.69,1.14,1.50,0,50,50,0,0,50,50,0,50,9.00,0.00,1.19,5.65,9.25,1.12,1.45,2.00,3.30,2.00,1.65,Stadion Rajko Mitić (Beograd)
1596654000,Aug 05 2020 - 7:00pm,complete,N/A,Vojvodina,Čukarički,Miloš Djordjić,2,0.00,0.00,2.11,1.68,2,2,4,1,0,1,"56,57","40,54",6,6,3,0,3,0,0,3,2,1,13,18,5,10,8,8,20,24,47,53,0.00,0.00,1.59,2.37,0.00,0,0,0,0,0,0,0,0,0,0.00,0.00,1.65,3.35,4.65,1.28,1.91,3.35,6.05,1.87,1.74,Stadion Karađorđe (Novi Sad)
1596990600,Aug 09 2020 - 4:30pm,complete,N/A,Mačva Šabac,Red Star Belgrade,Petar Piper,3,3.00,0.00,1.00,2.79,0,3,3,1,0,1,"","24,64,90",3,3,1,0,1,0,1,0,0,1,4,18,0,5,4,13,15,11,37,63,1.27,0.00,0.59,2.16,0.50,0,0,0,0,0,0,0,0,50,2.00,4.00,13.75,7.75,1.08,1.13,1.49,2.25,3.80,2.65,1.36,Stadion FK Mačva (Šabac)
1596992400,Aug 09 2020 - 5:00pm,complete,N/A,Radnički Niš,Novi Pazar,Miloš Djordjić,3,3.00,0.00,1.63,0.58,2,1,3,2,2,0,"14,29","87",7,4,5,0,4,0,1,4,3,1,6,8,4,5,2,3,11,28,63,37,1.98,0.00,1.21,1.19,3.00,0,100,100,0,0,100,100,0,100,3.00,5.00,1.13,6.85,11.25,1.13,1.49,2.25,3.80,2.15,1.56,Gradski Stadion Čair (Niš)
1596992400,Aug 09 2020 - 5:00pm,complete,N/A,Spartak Subotica,Metalac GM,Bojan Nikolić,3,3.00,0.00,1.63,1.21,4,1,5,1,0,1,"52,60,67,87","11",4,0,1,0,2,0,0,1,2,0,17,8,10,4,7,4,13,12,50,50,1.41,0.52,0.00,0.00,3.00,0,100,100,0,0,100,100,0,100,5.00,7.00,1.16,6.35,10.00,1.07,1.32,1.87,2.90,1.71,1.91,Gradski Stadion (Subotica)
1596992400,Aug 09 2020 - 5:00pm,complete,N/A,Bačka Topola,Zlatibor Čajetina,Nenad Minaković,3,1.00,0.00,1.74,0.84,5,1,6,2,2,0,"41,43,68,71,90","82",8,4,0,0,1,0,0,0,1,0,17,8,8,2,9,6,15,12,60,40,2.18,1.34,2.18,0.96,3.50,50,100,100,50,0,100,100,50,100,9.00,5.00,1.14,6.45,11.25,1.16,1.57,2.45,4.25,2.25,1.49,Gradski Stadion (Senta)
1596992400,Aug 09 2020 - 5:00pm,complete,N/A,Mladost Lučani,Inđija,Aleksandar Živković,3,3.00,0.00,2.05,0.53,2,0,2,2,2,0,"23,41","",4,5,4,0,1,0,2,2,0,1,16,10,6,4,10,6,22,13,49,51,1.40,1.17,1.84,1.27,3.00,50,100,100,0,0,100,100,0,100,9.00,6.00,1.48,3.95,5.15,1.23,1.77,3.00,5.35,1.83,1.77,Mladost Stadium Lučani (Lučani)
1596992400,Aug 09 2020 - 5:00pm,complete,N/A,Napredak,Radnik Surdulica,Milan Mitić,3,0.00,3.00,1.68,1.32,2,1,3,0,0,0,"62,88","68",3,3,3,0,2,0,1,2,0,2,13,9,8,5,5,4,24,15,45,55,1.08,1.60,1.87,1.37,4.00,100,100,100,100,0,0,100,100,100,7.00,8.00,2.10,3.25,2.95,1.24,1.80,3.00,5.40,1.67,1.95,Stadion Mladost (Kruševac)
1596997800,Aug 09 2020 - 6:30pm,complete,N/A,Proleter Novi Sad,Bačka Palanka,Novica Anđelovski,3,3.00,0.00,1.79,0.16,1,1,2,0,0,0,"77","90",1,6,1,0,3,0,0,1,2,1,5,7,2,4,3,3,15,21,57,43,1.28,1.65,0.92,1.15,1.50,0,50,0,0,0,50,50,0,50,12.00,4.00,1.67,3.60,4.15,1.27,1.91,3.30,5.95,1.83,1.77,Stadion Slana Bara (Novi Sad)
1596997800,Aug 09 2020 - 6:30pm,complete,N/A,Čukarički,Rad Beograd,Danilo Grujić,3,3.00,0.00,2.21,1.00,3,0,3,3,3,0,"4,6,9","",3,6,1,0,1,0,0,1,1,0,18,20,7,4,11,16,19,9,60,40,2.34,1.60,2.24,2.02,2.50,0,100,50,0,0,100,100,0,50,13.00,4.00,1.15,6.25,11.00,1.16,1.57,2.45,4.20,2.15,1.54,Stadion na Banovom brdu (Beograd)
1596997800,Aug 09 2020 - 6:30pm,complete,N/A,Voždovac,Vojvodina,Miloš Milanović,3,0.00,1.00,1.58,1.53,1,3,4,3,0,3,"53","6,28,32",9,2,3,0,2,0,1,2,0,2,11,10,6,7,5,3,17,14,55,45,1.17,2.14,1.79,1.54,4.00,100,100,100,100,0,50,100,100,100,11.00,7.00,3.75,3.55,1.74,1.24,1.80,3.05,5.50,1.74,1.87,Stadion Event Place (Beograd)
1596997800,Aug 09 2020 - 6:30pm,complete,N/A,Partizan,Javor Ivanjica,Zoran Široki,3,0.00,0.00,2.89,0.89,4,0,4,3,3,0,"13,18,25,75","",6,5,1,0,0,0,0,1,0,0,14,10,9,3,5,7,18,19,57,43,0.00,1.65,2.04,1.30,1.50,50,50,50,0,0,50,50,0,50,1.00,2.00,1.04,9.75,16.00,1.07,1.31,1.83,2.85,2.25,1.50,Stadion Partizana (Beograd)
1597424400,Aug 14 2020 - 5:00pm,complete,N/A,Red Star Belgrade,Spartak Subotica,Novak Simović,4,3.00,3.00,2.89,1.11,3,2,5,2,1,1,"32,65,70","34,72",8,3,2,0,2,0,0,2,1,1,22,9,9,5,13,4,19,12,50,50,2.69,1.53,2.68,1.23,3.50,50,100,100,50,0,100,100,0,100,14.50,3.50,1.15,6.30,10.75,1.09,1.39,2.00,3.30,1.95,1.65,Stadion Rajko Mitić (Beograd)
1597503600,Aug 15 2020 - 3:00pm,complete,N/A,Inđija,Napredak,Marko Ivković,4,0.00,0.00,1.32,0.95,1,0,1,1,1,0,"25","",2,5,4,0,1,0,1,3,1,0,7,6,5,3,2,3,24,19,45,55,1.94,1.32,1.26,1.21,2.00,0,50,50,0,0,0,100,50,50,10.00,2.00,2.40,3.10,2.65,1.34,2.10,3.80,6.90,1.83,1.77,Gradski Stadion (Inđija)
1597510800,Aug 15 2020 - 5:00pm,complete,N/A,Novi Pazar,Javor Ivanjica,Momčilo Marković,4,3.00,0.00,2.00,0.89,2,3,5,4,2,2,"6,40","15,29,90'2",3,3,2,0,3,0,0,2,1,2,10,11,7,8,3,3,17,15,50,50,1.31,1.47,1.57,1.86,4.25,75,100,100,75,50,50,100,50,100,5.00,4.00,2.50,3.15,2.45,1.23,1.77,3.00,5.35,1.62,2.00,Gradski Stadion (Novi Pazar)
1597510800,Aug 15 2020 - 5:00pm,complete,N/A,Radnik Surdulica,Partizan,Lazar Lukić,4,0.00,1.50,1.58,2.16,0,2,2,0,0,0,"","62,90",7,9,3,0,3,0,0,3,0,3,6,15,4,11,2,4,16,17,45,55,1.57,2.62,1.05,2.24,4.75,100,100,100,100,75,50,100,100,100,18.00,2.50,7.50,5.20,1.26,1.13,1.50,2.30,3.90,1.87,1.74,Stadion Surdulica (Surdulica)
1597510800,Aug 15 2020 - 5:00pm,complete,N/A,Zlatibor Čajetina,Čukarički,Milan Ilić,4,0.00,1.00,0.68,1.68,1,5,6,3,1,2,"8","4,7,46,55,90'1",5,5,2,0,1,0,0,2,1,0,5,15,2,10,3,5,11,18,50,50,2.23,2.37,0.83,2.14,3.00,50,100,50,50,0,50,100,50,50,15.00,3.00,4.95,4.10,1.48,1.15,1.54,2.40,4.10,1.61,2.05,Gradski Stadion (Užice)
1597510800,Aug 15 2020 - 5:00pm,complete,N/A,Radnički Niš,Mačva Šabac,Jovan Šegrt,4,3.00,0.00,1.63,0.32,1,0,1,1,1,0,"37","",4,2,0,0,2,0,0,0,1,1,10,6,4,2,6,4,19,32,62,38,1.59,1.13,1.38,0.78,3.00,75,100,100,0,0,100,100,0,50,8.00,9.00,1.19,5.50,9.50,1.13,1.50,2.30,3.90,2.05,1.61,Gradski Stadion Čair (Niš)
1597593600,Aug 16 2020 - 4:00pm,complete,N/A,Bačka Palanka,Bačka Topola,Miloš Milanović,4,0.00,3.00,0.68,1.32,1,1,2,1,0,1,"51","42",1,5,4,0,2,0,1,3,0,2,14,9,4,5,10,4,19,9,42,58,1.46,1.84,1.55,1.48,4.00,100,100,100,100,0,100,100,0,100,14.00,6.00,4.90,4.15,1.48,1.15,1.54,2.40,4.10,1.65,1.95,Stadion Slavko Maletin Vava (Bačka Palanka)
1597600800,Aug 16 2020 - 6:00pm,complete,N/A,Vojvodina,Mladost Lučani,Srđan Jovanović,4,1.00,3.00,2.11,0.79,3,0,3,0,0,0,"70,84,87","",8,5,1,0,1,0,0,1,0,1,12,9,9,5,3,4,22,16,57,43,1.59,1.51,1.92,1.39,4.50,100,100,100,100,50,50,100,100,100,13.00,5.00,1.48,4.15,4.85,1.15,1.54,2.40,4.10,1.65,2.00,Stadion Karađorđe (Novi Sad)
1597600800,Aug 16 2020 - 6:00pm,complete,N/A,Rad Beograd,Voždovac,Nikola Radaković,4,0.00,3.00,1.53,0.95,1,3,4,1,1,0,"1","49,69,88",7,4,1,0,2,0,0,1,1,1,6,17,2,9,4,8,14,10,38,62,1.55,1.70,0.93,2.40,2.50,50,50,50,50,0,50,100,0,50,12.00,4.00,3.55,3.55,1.77,1.16,1.59,2.50,4.35,1.59,2.05,Stadion Kralj Petar Prvi (Beograd)
1597600800,Aug 16 2020 - 6:00pm,complete,N/A,Metalac GM,Proleter Novi Sad,Andrija Stojanović,4,3.00,3.00,1.53,1.00,1,1,2,1,0,1,"71","13",4,0,2,0,1,0,0,2,0,1,15,5,7,3,8,2,12,26,65,35,1.66,1.50,2.22,1.01,2.50,50,100,50,0,0,100,100,0,0,10.00,7.00,2.45,3.15,2.50,1.23,1.77,3.00,5.35,1.62,2.00,Stadion FK Metalac (Gornji Milanovac)
1598025600,Aug 21 2020 - 4:00pm,complete,N/A,Proleter Novi Sad,Red Star Belgrade,Dragan Čolović,5,2.00,3.00,1.79,2.79,0,1,1,0,0,0,"","77",4,10,4,0,0,0,0,4,0,0,6,12,4,6,2,6,22,10,38,62,1.10,2.16,1.01,1.81,2.50,25,100,50,0,0,25,75,75,75,6.00,2.00,9.25,5.45,1.20,1.16,1.57,2.45,4.25,2.10,1.56,Stadion Slana Bara (Novi Sad)
1598029200,Aug 21 2020 - 5:00pm,complete,N/A,Bačka Topola,Metalac GM,Srđan Jovanović,5,2.00,0.00,1.74,1.21,2,3,5,1,0,1,"67,70","16,60,75",9,5,3,0,4,0,1,2,0,4,9,11,5,5,4,6,11,20,57,43,2.18,0.52,1.66,1.48,4.50,75,100,100,75,50,75,100,75,100,8.50,4.50,1.20,5.65,8.75,1.13,1.50,2.30,3.90,1.95,1.67,Gradski stadion (Bačka Topola)
1598115600,Aug 22 2020 - 5:00pm,complete,N/A,Spartak Subotica,Radnički Niš,Marko Ivković,5,3.00,0.00,1.63,0.95,2,0,2,2,2,0,"14,41","",4,4,1,0,3,0,0,1,2,1,19,9,5,3,14,6,23,18,50,50,1.41,1.14,2.06,1.29,3.50,25,100,100,25,25,75,100,25,100,8.50,4.50,2.00,3.10,3.25,1.20,1.71,2.80,4.95,1.57,2.10,Gradski Stadion (Subotica)
1598115600,Aug 22 2020 - 5:00pm,complete,N/A,Čukarički,Bačka Palanka,Milan Mitić,5,3.00,0.50,2.21,0.16,1,0,1,0,0,0,"76","",4,8,3,1,3,0,1,3,1,2,9,10,3,2,6,8,18,20,57,43,2.29,1.40,1.42,1.25,2.25,25,75,50,0,0,50,50,25,75,11.00,4.50,1.18,5.80,9.25,1.14,1.51,2.30,3.95,1.91,1.71,Stadion na Banovom brdu (Beograd)
1598115600,Aug 22 2020 - 5:00pm,complete,N/A,Javor Ivanjica,Radnik Surdulica,Zoran Široki,5,3.00,1.50,1.53,1.32,2,1,3,3,2,1,"7,23","30",6,7,3,0,2,0,0,3,0,2,13,10,5,5,8,5,22,17,49,51,1.79,1.48,1.61,1.46,3.25,50,100,100,25,0,0,75,100,100,7.50,2.00,2.30,3.50,2.50,1.20,1.69,2.75,4.90,1.59,2.05,Stadion Ivanjica (Ivanjica)
1598117400,Aug 22 2020 - 5:30pm,complete,N/A,Partizan,Inđija,Novica Anđelovski,5,3.00,0.00,2.89,0.53,5,0,5,1,1,0,"20,48,60,65,76","",9,0,0,0,1,0,0,0,1,0,16,8,10,3,6,5,17,16,62,38,2.04,1.22,2.33,0.98,3.25,0,100,75,50,0,100,100,0,75,10.00,3.00,1.08,7.75,13.50,1.11,1.43,2.15,3.55,2.30,1.48,Stadion Partizana (Beograd)
1598196600,Aug 23 2020 - 3:30pm,complete,N/A,Napredak,Vojvodina,Stanko Ostraćanin,5,1.50,2.00,1.68,1.53,0,1,1,0,0,0,"","58",4,7,1,1,0,0,0,2,0,0,6,11,3,2,3,9,19,15,37,63,1.48,1.84,0.95,1.45,3.75,100,100,100,75,0,50,75,75,100,6.50,8.00,4.50,3.50,1.62,1.27,1.91,3.30,5.95,1.87,1.74,Stadion Mladost (Kruševac)
1598202000,Aug 23 2020 - 5:00pm,complete,N/A,Mačva Šabac,Novi Pazar,Milan Ilić,5,1.50,0.00,1.00,0.58,1,1,2,1,1,0,"11","62",10,5,2,0,3,1,0,2,3,1,16,7,9,6,7,1,13,20,65,35,0.93,1.19,2.26,1.26,2.50,25,75,75,0,0,50,75,25,100,4.50,5.50,2.05,3.25,3.10,1.26,1.87,3.20,5.75,1.71,1.87,Stadion FK Mačva (Šabac)
1598202000,Aug 23 2020 - 5:00pm,complete,N/A,Voždovac,Zlatibor Čajetina,Đorđe Maksimović,5,0.00,0.00,1.58,0.84,1,1,2,0,0,0,"78","69",3,2,3,0,4,0,2,1,0,4,7,12,2,4,5,8,27,31,65,35,1.48,1.15,1.30,1.35,4.25,75,100,100,75,25,75,100,50,100,10.50,3.50,1.33,4.55,6.85,1.20,1.71,2.80,4.95,1.95,1.69,Stadion Event Place (Beograd)
1598202000,Aug 23 2020 - 5:00pm,complete,N/A,Mladost Lučani,Rad Beograd,Danilo Grujić,5,3.00,0.00,2.05,1.00,1,0,1,0,0,0,"79","",8,5,3,1,3,0,2,2,3,0,12,8,6,6,6,2,18,13,60,40,1.62,1.81,2.07,1.44,2.50,25,100,50,0,0,100,100,0,25,11.50,5.00,1.22,5.20,8.75,1.19,1.67,2.70,4.75,2.10,1.59,Mladost Stadium Lučani (Lučani)
1598626800,Aug 28 2020 - 3:00pm,complete,N/A,Inđija,Javor Ivanjica,Petar Piper,6,1.50,1.00,1.32,0.89,3,2,5,1,1,0,"8,56,82","67,75",6,7,0,0,0,0,0,0,0,0,14,8,10,3,4,5,18,23,48,52,1.60,1.60,2.12,1.40,2.50,34,50,50,34,17,50,100,0,50,7.50,3.67,2.30,3.20,2.65,1.28,1.91,3.35,6.05,1.74,1.87,Gradski Stadion (Inđija)
1598634000,Aug 28 2020 - 5:00pm,complete,N/A,Metalac GM,Čukarički,Nikola Radaković,6,2.00,2.00,1.53,1.68,0,0,0,0,0,0,"","",0,11,0,0,0,0,0,0,0,0,5,16,3,5,2,11,20,22,36,64,1.94,2.25,0.95,2.43,3.75,100,100,75,50,25,50,100,50,75,10.50,5.00,4.85,3.70,1.54,1.23,1.77,3.00,5.35,1.77,1.83,Stadion FK Metalac (Gornji Milanovac)
1598713200,Aug 29 2020 - 3:00pm,complete,N/A,Rad Beograd,Napredak,Nenad Minaković,6,0.00,0.00,1.53,0.95,3,1,4,2,1,1,"42,50,63","25",3,8,0,0,0,0,0,0,0,0,13,9,6,6,7,3,25,14,51,49,1.24,1.27,1.70,1.59,3.00,50,75,75,50,0,25,100,50,75,11.00,3.00,2.45,3.25,2.45,1.30,2.00,3.50,6.35,1.77,1.83,Stadion Kralj Petar Prvi (Beograd)
1598722200,Aug 29 2020 - 5:30pm,complete,N/A,Novi Pazar,Radnik Surdulica,Novica Anđelovski,6,1.50,1.00,2.00,1.32,0,0,0,0,0,0,"","",4,5,0,0,0,0,0,0,0,0,19,9,6,4,13,5,18,14,45,55,1.44,1.47,2.11,1.39,4.17,100,100,100,67,50,42,84,59,84,7.17,4.50,2.80,3.55,2.05,1.19,1.67,2.70,4.80,1.59,2.05,Gradski Stadion (Novi Pazar)
1598722200,Aug 29 2020 - 5:30pm,complete,N/A,Zlatibor Čajetina,Mladost Lučani,N/A,6,0.00,1.50,0.68,0.79,1,0,1,0,0,0,"60","",4,5,0,0,0,0,0,0,0,0,10,10,6,4,4,6,14,20,36,64,1.53,1.45,1.41,1.40,4.00,50,100,75,50,50,75,75,75,75,13.00,2.50,5.05,4.20,1.45,1.21,1.74,2.85,5.10,1.83,1.77,Gradski Stadion (Užice)
1598722200,Aug 29 2020 - 5:30pm,complete,N/A,Bačka Palanka,Voždovac,Bojan Nikolić,6,0.50,3.00,0.68,0.95,2,1,3,3,2,1,"2,8","9",4,4,0,0,0,0,0,0,0,0,9,11,6,4,3,7,18,18,50,50,1.50,2.05,1.56,1.53,2.75,75,75,50,50,0,25,100,25,75,6.00,5.00,1.39,4.40,5.05,1.16,1.57,2.45,4.20,1.62,2.00,Stadion Slavko Maletin Vava (Bačka Palanka)
1598722200,Aug 29 2020 - 5:30pm,complete,N/A,Radnički Niš,Proleter Novi Sad,Stanko Ostraćanin,6,3.00,2.00,1.63,1.00,2,0,2,0,0,0,"53,69","",4,3,0,0,0,0,0,0,0,0,13,0,6,0,7,0,16,24,46,54,1.52,1.25,1.77,0.33,2.17,42,84,34,0,0,59,100,0,59,6.67,4.67,1.43,4.20,5.25,1.20,1.71,2.80,4.95,1.77,1.83,Gradski Stadion Čair (Niš)
1598805900,Aug 30 2020 - 4:45pm,complete,N/A,Vojvodina,Partizan,Srđan Jovanović,6,2.00,2.00,2.11,2.16,2,2,4,1,0,1,"51,90'2","40,69",1,1,0,0,0,0,0,0,0,0,13,11,7,7,6,4,19,16,60,40,1.75,2.49,1.88,1.62,3.59,59,100,84,59,17,0,59,100,100,19.33,4.00,2.80,3.55,2.05,1.20,1.71,2.80,4.95,1.62,2.05,Stadion Karađorđe (Novi Sad)
1598810400,Aug 30 2020 - 6:00pm,complete,N/A,Mačva Šabac,Spartak Subotica,Jovan Šegrt,6,1.33,1.50,1.00,1.11,0,4,4,3,0,3,"","30,36,43,58",5,3,0,0,0,0,0,0,0,0,8,12,4,8,4,4,20,24,48,52,1.37,1.38,1.21,1.71,3.25,67,84,67,50,25,50,84,42,100,9.50,4.83,3.85,3.35,1.77,1.26,1.87,3.25,5.85,1.77,1.83,Stadion FK Mačva (Šabac)
1598814000,Aug 30 2020 - 7:00pm,complete,N/A,Red Star Belgrade,Bačka Topola,Miloš Djordjić,6,3.00,2.00,2.89,1.32,5,0,5,3,3,0,"20,28,45'3,60,70","",7,4,0,0,0,0,0,0,0,0,20,11,10,5,10,6,12,11,63,37,2.69,1.66,2.48,1.46,3.34,67,100,75,42,17,75,100,17,100,16.83,4.00,1.17,6.00,10.25,1.11,1.43,2.10,3.50,2.00,1.62,Stadion Rajko Mitić (Beograd)
1599843600,Sep 11 2020 - 5:00pm,complete,N/A,Čukarički,Red Star Belgrade,Lazar Lukić,7,3.00,3.00,2.21,2.79,1,3,4,1,0,1,"84","3,50,54",4,4,4,0,5,0,2,2,3,2,14,16,2,6,12,10,11,9,48,52,2.00,1.99,1.60,1.99,2.17,0,59,59,0,0,34,59,25,84,10.83,3.17,7.00,4.40,1.31,1.22,1.77,2.95,5.25,2.00,1.65,Stadion na Banovom brdu (Beograd)
1599922800,Sep 12 2020 - 3:00pm,complete,N/A,Spartak Subotica,Novi Pazar,Momčilo Marković,7,3.00,0.33,1.63,0.58,1,1,2,0,0,0,"58","90'4",6,1,2,0,3,0,1,1,1,2,12,12,8,8,4,4,16,16,60,40,1.73,1.23,1.94,1.76,3.00,50,100,67,17,17,67,100,17,84,6.67,5.33,1.32,4.55,6.60,1.15,1.54,2.40,4.10,1.74,1.87,Gradski Stadion (Subotica)
1599922800,Sep 12 2020 - 3:00pm,complete,N/A,Bačka Topola,Radnički Niš,Srđan Jovanović,7,1.33,0.00,1.74,0.95,1,3,4,1,0,1,"90'5","45,72,81",6,2,6,0,5,0,1,5,0,5,7,10,2,5,5,5,22,20,60,40,2.01,1.22,1.14,1.33,3.75,50,100,75,50,34,84,100,50,75,12.50,4.83,1.95,3.05,3.45,1.21,1.74,2.85,5.10,1.61,2.05,Gradski Stadion (Senta)
1599922800,Sep 12 2020 - 3:00pm,complete,N/A,Voždovac,Metalac GM,Đorđe Maksimović,7,0.33,1.00,1.58,1.21,4,0,4,3,3,0,"9,17,41,59","",6,3,1,0,2,0,0,1,1,1,14,11,9,3,5,8,18,13,49,51,1.42,1.00,2.00,1.35,3.83,84,100,84,67,34,33,84,67,100,8.33,5.67,1.62,3.80,4.15,1.20,1.71,2.80,4.95,1.71,1.91,Stadion Event Place (Beograd)
1599922800,Sep 12 2020 - 3:00pm,complete,N/A,Radnik Surdulica,Inđija,Novak Simović,7,0.00,0.00,1.58,0.53,0,2,2,1,0,1,"","44,90'5",11,3,2,0,6,1,0,2,1,6,12,9,3,3,9,6,14,25,54,46,1.31,1.14,1.68,1.00,3.42,25,100,59,42,42,59,75,67,84,8.17,3.67,1.50,3.55,5.20,1.26,1.87,3.20,5.75,1.80,1.80,Stadion Surdulica (Surdulica)
1599933600,Sep 12 2020 - 6:00pm,complete,N/A,Partizan,Rad Beograd,Petar Piper,7,3.00,0.00,2.89,1.00,3,0,3,1,1,0,"31,50,80","",9,0,1,0,1,1,0,1,1,1,23,5,10,2,13,3,23,19,73,27,2.19,1.69,2.75,0.58,3.25,0,84,67,50,25,59,84,25,67,13.50,2.50,1.07,8.25,14.50,1.06,1.28,1.74,2.70,2.05,1.61,Stadion Partizana (Beograd)
1600012800,Sep 13 2020 - 4:00pm,complete,N/A,Proleter Novi Sad,Mačva Šabac,Andrija Stojanović,7,1.33,0.00,1.79,0.32,0,0,0,0,0,0,"","",11,2,2,1,4,0,1,2,1,3,15,7,10,4,5,3,13,20,64,36,1.07,0.95,2.30,1.10,1.84,42,59,25,0,0,42,67,17,34,5.83,5.50,1.62,3.55,4.50,1.28,1.95,3.35,6.10,1.87,1.74,Stadion Karađorđe (Novi Sad)
1600012800,Sep 13 2020 - 4:00pm,complete,N/A,Mladost Lučani,Bačka Palanka,Milan Ilić,7,3.00,0.33,2.05,0.16,2,1,3,2,1,1,"27,88","17",10,0,3,0,4,0,1,2,1,3,12,3,5,0,7,3,14,25,71,29,1.77,1.35,1.90,0.39,1.67,33,50,17,0,0,34,34,17,84,13.00,7.00,1.71,3.35,4.05,1.25,1.83,3.15,5.65,1.74,1.87,Mladost Stadium Lučani (Lučani)
1600012800,Sep 13 2020 - 4:00pm,complete,N/A,Napredak,Zlatibor Čajetina,Nikola Radaković,7,1.00,0.33,1.68,0.84,1,1,2,0,0,0,"69","74",4,2,2,0,2,0,0,2,0,2,10,10,3,3,7,7,24,22,59,41,1.30,1.21,1.40,1.40,3.17,67,84,67,33,17,34,50,67,100,6.00,5.67,1.61,3.65,4.50,1.24,1.80,3.00,5.40,1.74,1.87,Stadion Mladost (Kruševac)
1600012800,Sep 13 2020 - 4:00pm,complete,N/A,Javor Ivanjica,Vojvodina,Miloš Milanović,7,3.00,2.33,1.53,1.53,2,1,3,1,1,0,"33,61","90'5",2,7,3,0,2,0,0,3,0,2,10,20,5,7,5,13,15,8,33,67,1.70,1.71,1.27,2.38,3.00,59,84,84,34,0,59,84,42,75,9.67,3.83,4.70,3.85,1.54,1.22,1.74,2.90,5.15,1.77,1.83,Stadion Ivanjica (Ivanjica)
1600444800,Sep 18 2020 - 4:00pm,complete,N/A,Vojvodina,Radnik Surdulica,Marko Ivković,8,1.67,1.00,2.11,1.32,2,0,2,0,0,0,"56,67","",4,2,0,0,0,0,0,0,0,0,29,10,11,4,18,6,10,14,63,37,1.79,1.45,3.32,1.27,3.09,71,88,88,46,0,13,59,75,75,9.75,2.83,1.28,4.90,7.25,1.14,1.53,2.35,4.00,1.80,1.80,Stadion Karađorđe (Novi Sad)
1600524000,Sep 19 2020 - 2:00pm,complete,N/A,Bačka Palanka,Napredak,Danilo Grujić,8,1.33,0.00,0.68,0.95,0,0,0,0,0,0,"","",4,3,5,1,2,0,2,4,1,1,-1,-1,-1,-1,-1,-1,26,16,49,51,1.52,1.37,0.00,0.00,2.84,67,84,67,33,0,50,100,34,67,7.66,3.00,1.74,3.20,4.20,1.49,2.55,4.90,8.75,2.30,1.48,Stadion Slavko Maletin Vava (Bačka Palanka)
1600524000,Sep 19 2020 - 2:00pm,complete,N/A,Metalac GM,Mladost Lučani,Jovan Šegrt,8,1.67,1.00,1.53,0.79,1,1,2,1,1,0,"10","86",3,6,2,0,2,0,0,2,0,2,4,14,2,6,2,8,21,19,42,58,1.61,1.43,0.64,2.00,2.34,50,67,50,17,17,33,50,34,67,9.00,3.00,2.90,3.15,2.20,1.28,1.83,3.30,6.00,1.74,1.83,Stadion FK Metalac (Gornji Milanovac)
1600524000,Sep 19 2020 - 2:00pm,complete,N/A,Radnički Niš,Čukarički,Nenad Minaković,8,3.00,1.67,1.63,1.68,0,0,0,0,0,0,"","",7,6,1,0,1,0,0,1,0,1,11,7,2,2,9,5,8,24,49,51,1.58,2.31,1.31,0.98,2.79,46,71,59,34,17,42,71,46,71,11.83,3.33,2.00,3.20,3.20,1.35,2.15,3.90,7.00,1.91,1.71,Gradski Stadion Čair (Niš)
1600610400,Sep 20 2020 - 2:00pm,complete,N/A,Novi Pazar,Inđija,Milan Mitić,8,1.33,0.75,2.00,0.53,1,0,1,1,1,0,"7","",2,7,4,0,3,0,1,3,0,3,11,14,5,5,6,9,14,17,33,67,1.66,1.11,1.49,1.93,3.17,34,84,59,46,46,42,84,29,71,5.75,4.67,2.25,3.10,2.80,1.33,2.05,3.70,6.75,1.83,1.77,Gradski Stadion (Novi Pazar)
1600610400,Sep 20 2020 - 2:00pm,complete,N/A,Rad Beograd,Javor Ivanjica,Stanko Ostraćanin,8,1.00,0.75,1.53,0.89,1,0,1,0,0,0,"74","",2,3,0,0,1,0,0,0,0,1,13,5,6,2,7,3,22,26,40,60,1.39,1.55,1.64,1.10,4.13,88,100,100,88,25,71,100,46,100,9.67,2.25,2.35,3.30,2.55,1.24,1.80,3.00,5.40,1.67,1.95,Stadion Kralj Petar Prvi (Beograd)
1600610400,Sep 20 2020 - 2:00pm,complete,N/A,Spartak Subotica,Proleter Novi Sad,Novica Anđelovski,8,2.50,1.33,1.63,1.00,1,2,3,2,1,1,"22","19,72",4,8,1,0,0,0,0,1,0,0,12,12,4,7,8,5,13,26,49,51,1.80,0.95,1.61,1.88,2.50,42,100,25,13,13,42,71,42,71,6.58,3.33,1.43,4.10,5.45,1.25,1.83,3.15,5.65,1.95,1.67,Gradski Stadion (Subotica)
1600621200,Sep 20 2020 - 5:00pm,complete,N/A,Zlatibor Čajetina,Partizan,Zoran Široki,8,1.00,1.75,0.68,2.16,0,1,1,0,0,0,"","80",5,10,4,0,2,0,0,4,0,2,5,20,3,5,2,15,23,20,36,64,1.49,2.27,0.82,2.21,3.38,54,84,54,54,29,34,71,67,84,15.50,2.17,9.25,5.80,1.18,1.14,1.53,2.35,4.00,2.05,1.62,Gradski Stadion (Užice)
1600628400,Sep 20 2020 - 7:00pm,complete,N/A,Red Star Belgrade,Voždovac,Andrija Stojanović,8,3.00,2.00,2.89,0.95,6,0,6,3,3,0,"17,20,40,55,57,90'1","",7,1,0,0,0,0,0,0,0,0,17,4,9,3,8,1,13,9,60,40,2.62,1.88,2.20,0.75,3.34,46,84,84,42,25,67,100,42,67,12.33,2.08,1.12,6.70,12.25,1.14,1.53,2.35,4.00,2.30,1.45,Stadion Rajko Mitić (Beograd)
1600702200,Sep 21 2020 - 3:30pm,complete,N/A,Mačva Šabac,Bačka Topola,Miloš Milanović,8,1.00,1.33,1.00,1.32,1,4,5,3,0,3,"56","8,17,24,63",3,5,3,0,1,0,1,2,1,0,7,14,3,7,4,7,15,15,39,61,1.33,1.59,1.03,1.94,3.09,46,88,59,46,17,46,88,29,100,12.00,3.75,3.90,3.75,1.67,1.17,1.62,2.60,4.55,1.61,2.05,Stadion FK Mačva (Šabac)
1601053200,Sep 25 2020 - 5:00pm,complete,N/A,Voždovac,Radnički Niš,Nikola Radaković,9,1.00,1.00,1.58,0.95,5,0,5,3,3,0,"7,16,27,67,79","",4,4,1,0,2,0,1,0,1,1,14,10,8,6,6,4,16,16,52,48,1.57,1.26,1.85,1.53,3.25,54,100,71,54,0,59,88,42,84,9.67,5.58,3.00,3.55,1.95,1.20,1.69,2.75,4.90,1.61,2.05,Stadion Event Place (Beograd)
1601128800,Sep 26 2020 - 2:00pm,complete,N/A,Bačka Topola,Spartak Subotica,Novak Simović,9,1.00,2.00,1.74,1.11,3,0,3,2,2,0,"12,43,68","",5,6,2,0,1,0,1,1,1,0,14,5,8,3,6,2,20,4,51,49,1.79,1.49,1.93,1.03,4.54,84,100,100,100,42,75,100,67,100,11.50,4.92,1.71,3.80,3.65,1.14,1.53,2.35,4.05,1.53,2.20,Gradski Stadion (Senta)
1601128800,Sep 26 2020 - 2:00pm,complete,N/A,Čukarički,Mačva Šabac,Bojan Nikolić,9,2.25,0.33,2.21,0.32,4,0,4,1,1,0,"35,53,73,90","",11,1,2,0,0,0,0,2,0,0,27,8,14,4,13,4,11,10,64,36,1.90,1.00,3.47,1.06,2.04,29,54,54,13,0,42,71,13,38,6.58,6.67,1.16,6.45,9.25,1.15,1.56,2.40,4.15,2.10,1.56,Stadion na Banovom brdu (Beograd)
1601128800,Sep 26 2020 - 2:00pm,complete,N/A,Javor Ivanjica,Zlatibor Čajetina,Miloš Milanović,9,3.00,0.50,1.53,0.84,1,1,2,2,1,1,"40","11",10,3,3,0,1,0,0,3,0,1,25,13,5,6,20,7,20,18,58,42,1.56,1.26,2.50,1.58,3.13,71,100,75,13,13,42,75,71,84,6.50,4.00,1.67,3.50,4.20,1.27,1.91,3.30,5.95,1.83,1.77,Stadion Ivanjica (Ivanjica)
1601128800,Sep 26 2020 - 2:00pm,complete,N/A,Radnik Surdulica,Rad Beograd,Danilo Grujić,9,0.00,0.00,1.58,1.00,4,2,6,2,1,1,"3,59,69,79","38,62",9,1,0,0,2,0,0,0,2,0,19,7,7,4,12,3,15,14,51,49,1.43,1.41,2.23,1.10,2.63,17,88,42,17,17,42,71,46,75,11.83,4.25,1.51,3.85,4.85,1.25,1.83,3.10,5.55,1.83,1.77,Stadion Surdulica (Surdulica)
1601136000,Sep 26 2020 - 4:00pm,complete,N/A,Mladost Lučani,Red Star Belgrade,Milan Ilić,9,3.00,3.00,2.05,2.79,0,4,4,1,0,1,"","36,54,56,70",6,4,1,0,0,0,0,1,0,0,6,10,2,5,4,5,16,15,35,65,1.80,1.99,0.95,1.57,2.46,42,71,59,17,0,38,71,34,88,12.67,5.75,9.25,5.55,1.20,1.16,1.61,2.55,4.40,2.20,1.53,Mladost Stadium Lučani (Lučani)
1601215200,Sep 27 2020 - 2:00pm,complete,N/A,Proleter Novi Sad,Novi Pazar,Aleksandar Živković,9,1.25,0.50,1.79,0.58,1,0,1,1,1,0,"27","",5,2,1,0,1,0,0,1,1,0,23,9,9,2,14,7,14,16,63,37,1.37,1.40,2.70,1.16,1.88,50,75,25,0,0,38,50,25,75,7.75,5.75,1.67,3.40,4.35,1.32,2.05,3.50,7.00,2.09,1.70,Stadion Karađorđe (Novi Sad)
1601215200,Sep 27 2020 - 2:00pm,complete,N/A,Napredak,Metalac GM,Petar Piper,9,1.00,0.75,1.68,1.21,1,2,3,1,0,1,"83","18,90'2",6,0,0,0,3,0,0,0,0,3,14,11,4,4,10,7,21,20,56,44,1.32,1.12,1.85,1.37,3.38,63,88,75,50,25,25,63,63,100,6.00,6.00,1.95,3.10,3.50,1.38,2.11,4.00,8.20,1.94,1.82,Stadion Mladost (Kruševac)
1601301600,Sep 28 2020 - 2:00pm,complete,N/A,Inđija,Vojvodina,Milan Mitić,9,2.00,1.75,1.32,1.53,0,2,2,0,0,0,"","59,70",2,8,1,0,3,0,1,0,2,1,7,14,4,6,3,8,18,27,47,53,1.77,1.88,1.19,2.06,2.67,54,54,54,42,17,25,88,42,67,10.25,3.58,4.45,3.50,1.62,1.26,1.87,3.25,5.85,1.83,1.77,Gradski Stadion (Inđija)
1601308800,Sep 28 2020 - 4:00pm,complete,N/A,Partizan,Bačka Palanka,Nenad Minaković,9,3.00,0.25,2.89,0.16,2,1,3,0,0,0,"50,61","78",5,2,0,0,0,0,0,0,0,0,14,9,6,3,8,6,15,10,63,37,2.37,1.11,2.11,1.15,2.88,25,75,63,34,17,29,63,46,100,13.25,3.92,1.04,9.25,17.50,1.11,1.44,2.15,3.60,2.85,1.32,Stadion Partizana (Beograd)
1601658000,Oct 02 2020 - 5:00pm,complete,N/A,Radnički Niš,Mladost Lučani,Novak Simović,10,2.60,1.00,1.63,0.79,1,1,2,0,0,0,"90'8","87",5,3,3,0,5,0,2,1,1,4,7,5,3,3,4,2,15,17,49,51,1.53,1.58,1.13,1.05,2.28,35,68,45,13,13,33,55,35,80,10.75,3.05,1.54,3.60,5.10,1.24,1.80,3.05,5.50,1.80,1.80,Gradski Stadion Čair (Niš)
1601733600,Oct 03 2020 - 2:00pm,complete,N/A,Novi Pazar,Vojvodina,Petar Piper,10,1.75,2.00,2.00,1.53,3,1,4,3,3,0,"26,29,44","70",1,10,2,0,1,0,1,1,0,1,8,17,5,8,3,9,16,12,31,69,1.62,1.92,1.04,2.00,2.78,55,65,55,45,25,33,68,43,75,8.55,4.65,4.25,3.50,1.67,1.40,2.15,4.00,7.50,2.20,1.61,Gradski Stadion (Novi Pazar)
1601733600,Oct 03 2020 - 2:00pm,complete,N/A,Bačka Palanka,Javor Ivanjica,Jovan Šegrt,10,1.25,0.60,0.68,0.89,2,2,4,2,0,2,"61,74","14,27",9,0,1,0,2,0,0,1,1,1,18,9,4,3,14,6,15,26,68,32,1.52,1.46,1.75,0.93,2.93,68,78,65,43,20,55,78,10,75,6.55,4.20,2.15,3.00,3.00,1.33,2.10,3.75,7.00,1.83,1.83,Stadion Slavko Maletin Vava (Bačka Palanka)
1601733600,Oct 03 2020 - 2:00pm,complete,N/A,Mačva Šabac,Voždovac,Đorđe Maksimović,10,0.80,1.50,1.00,0.95,0,2,2,0,0,0,"","60,64",5,6,3,0,2,0,0,3,1,1,12,13,7,9,5,4,14,16,43,57,1.27,1.59,1.47,1.70,3.25,45,78,68,45,23,45,90,45,75,8.10,3.00,4.10,3.45,1.69,1.40,2.35,4.00,7.50,2.00,1.72,Stadion FK Mačva (Šabac)
1601733600,Oct 03 2020 - 2:00pm,complete,N/A,Spartak Subotica,Čukarički,Bojan Nikolić,10,2.00,1.50,1.63,1.68,4,2,6,4,2,2,"32,39,52,83","42,45",5,6,2,0,1,0,1,1,0,1,18,10,10,5,8,5,16,15,43,57,1.76,1.98,2.03,1.19,2.75,55,75,55,35,23,43,65,45,65,11.20,3.05,2.65,3.20,2.30,1.22,1.70,2.75,5.00,1.61,2.20,Gradski Stadion (Subotica)
1601740800,Oct 03 2020 - 4:00pm,complete,N/A,Metalac GM,Partizan,Milan Ilić,10,1.50,2.00,1.53,2.16,1,1,2,0,0,0,"81","46",2,6,1,1,1,0,1,1,1,0,5,16,3,9,2,7,13,27,46,54,1.37,2.26,0.83,2.29,2.48,68,78,43,30,10,13,68,40,75,12.85,3.60,9.00,5.50,1.20,1.16,1.59,2.50,4.35,2.05,1.61,Stadion FK Metalac (Gornji Milanovac)
1601820000,Oct 04 2020 - 2:00pm,complete,N/A,Rad Beograd,Inđija,Dragan Čolović,10,1.50,0.60,1.53,0.53,2,1,3,2,1,1,"10,87","36",7,4,2,0,2,0,2,0,1,1,15,13,6,7,9,6,13,17,45,55,1.45,1.27,1.95,1.92,2.93,38,78,58,48,10,45,88,35,80,8.35,3.75,2.35,3.15,2.65,1.28,1.90,3.25,5.50,1.72,2.00,Stadion Kralj Petar Prvi (Beograd)
1601820000,Oct 04 2020 - 2:00pm,complete,N/A,Zlatibor Čajetina,Radnik Surdulica,Momčilo Marković,10,0.75,0.80,0.68,1.32,1,4,5,2,1,1,"44","15,48,59,70",4,2,1,0,3,0,1,0,1,2,16,11,5,5,11,6,10,18,58,42,1.32,1.42,1.93,1.34,2.45,43,65,43,23,13,35,45,43,68,9.95,2.70,2.50,3.15,2.50,1.30,2.00,3.40,6.50,1.80,1.90,Gradski Stadion (Užice)
1601820000,Oct 04 2020 - 2:00pm,complete,N/A,Proleter Novi Sad,Bačka Topola,Marko Ivković,10,1.60,1.75,1.79,1.32,1,0,1,1,1,0,"39","",3,10,4,0,1,0,1,3,1,0,14,12,5,5,9,7,13,12,38,62,1.64,1.68,1.58,1.87,2.60,48,70,38,38,25,48,70,35,70,11.70,3.95,3.30,3.25,1.95,1.30,2.00,3.40,6.50,1.80,1.90,Stadion Karađorđe (Novi Sad)
1601827200,Oct 04 2020 - 4:00pm,complete,N/A,Red Star Belgrade,Napredak,Srđan Jovanović,10,3.00,0.25,2.89,0.95,3,0,3,2,2,0,"1,9,71","",6,2,2,0,2,0,1,1,2,0,23,7,11,2,12,5,15,12,65,35,2.51,1.37,2.90,0.79,3.20,23,75,75,43,30,63,88,55,75,12.55,1.85,1.02,11.75,17.50,1.07,1.32,1.87,2.95,2.65,1.36,Stadion Rajko Mitić (Beograd)
1602864000,Oct 16 2020 - 4:00pm,complete,N/A,Bačka Topola,Novi Pazar,Novica Anđelovski,11,1.40,0.40,1.74,0.58,7,0,7,4,4,0,"4,16,19,26,48,69,78","",5,2,0,0,0,0,0,0,0,0,23,8,14,5,9,3,8,15,66,34,1.82,1.34,3.19,1.23,3.30,70,90,70,40,20,50,90,50,90,9.40,5.80,1.26,5.10,7.50,1.20,1.71,2.80,4.95,2.05,1.61,Gradski Stadion (Senta)
1602864000,Oct 16 2020 - 4:00pm,complete,N/A,Čukarički,Proleter Novi Sad,Srđan Jovanović,11,2.40,1.75,2.21,1.00,1,2,3,1,0,1,"61","19,88",9,4,2,1,2,0,0,3,0,2,12,9,5,7,7,2,19,18,57,43,2.21,1.18,1.43,1.33,2.63,35,90,53,20,0,45,78,33,78,9.35,3.80,1.41,4.15,5.60,1.31,2.00,3.60,6.40,2.10,1.57,Stadion na Banovom brdu (Beograd)
1602864000,Oct 16 2020 - 4:00pm,complete,N/A,Radnik Surdulica,Bačka Palanka,Bojan Nikolić,11,0.75,0.20,1.58,0.16,1,0,1,1,1,0,"8","",2,1,2,0,2,0,0,2,0,2,9,19,4,5,5,14,10,12,41,59,1.63,1.12,1.26,2.10,2.88,55,80,45,25,25,35,48,58,100,12.35,4.10,1.67,3.60,4.15,1.24,1.80,3.00,5.40,1.74,1.87,Stadion Surdulica (Surdulica)
1602864000,Oct 16 2020 - 4:00pm,complete,N/A,Vojvodina,Rad Beograd,Andrija Stojanović,11,2.00,0.00,2.11,1.00,4,1,5,2,1,1,"12,55,69,79","3",13,2,1,0,2,0,0,1,1,1,16,4,10,2,6,2,17,20,64,36,2.18,1.35,2.36,0.66,3.13,35,90,68,35,10,30,65,70,80,8.55,3.20,1.09,7.50,13.75,1.16,1.57,2.45,4.25,2.50,1.40,Stadion Karađorđe (Novi Sad)
1602939600,Oct 17 2020 - 1:00pm,complete,N/A,Inđija,Zlatibor Čajetina,Dragan Čolović,11,1.50,0.60,1.32,0.84,1,0,1,1,1,0,"22","",4,4,3,0,2,0,0,3,0,2,7,6,2,2,5,4,25,20,56,44,1.62,1.32,1.10,0.95,2.63,53,75,33,23,23,30,68,55,65,6.85,3.05,1.71,3.40,4.00,1.34,2.10,3.80,6.90,2.00,1.65,Gradski Stadion (Inđija)
1602943200,Oct 17 2020 - 2:00pm,complete,N/A,Voždovac,Spartak Subotica,Danilo Grujić,11,1.40,1.50,1.58,1.11,2,1,3,3,2,1,"5,32","14",3,11,3,0,1,0,1,2,0,1,8,16,4,5,4,11,21,11,50,50,1.62,1.38,1.06,1.86,3.90,55,100,90,78,23,80,90,43,100,10.10,3.50,1.95,3.45,3.15,1.24,1.80,3.05,5.50,1.71,1.91,Stadion Event Place (Beograd)
1602943200,Oct 17 2020 - 2:00pm,complete,N/A,Mladost Lučani,Mačva Šabac,Aleksandar Živković,11,2.40,0.25,2.05,0.32,2,1,3,1,0,1,"77,87","41",14,2,2,0,3,0,0,2,1,2,15,3,6,0,9,3,13,26,62,38,1.63,1.02,2.15,0.52,2.30,33,65,55,23,0,43,78,23,53,8.80,5.95,1.32,4.70,6.80,1.21,1.74,2.85,5.10,1.95,1.67,Mladost Stadium Lučani (Lučani)
1602943200,Oct 17 2020 - 2:00pm,complete,N/A,Napredak,Radnički Niš,Lazar Lukić,11,0.80,0.75,1.68,0.95,0,0,0,0,0,0,"","",4,4,3,0,4,0,3,0,2,2,6,11,3,3,3,8,19,31,44,56,1.43,1.32,0.98,1.37,3.05,53,90,68,35,13,38,70,65,88,7.75,5.60,3.20,3.35,1.95,1.21,1.74,2.85,5.10,1.65,2.00,Stadion Mladost (Kruševac)
1602943200,Oct 17 2020 - 2:00pm,complete,N/A,Javor Ivanjica,Metalac GM,Miloš Djordjić,11,2.50,1.20,1.53,1.21,1,3,4,3,1,2,"41","22,27,69",7,2,4,0,3,0,2,2,1,2,19,13,4,6,15,7,18,15,52,48,1.79,1.18,1.97,1.49,3.38,68,100,88,30,20,45,100,55,75,7.50,5.05,1.74,3.45,3.80,1.28,1.91,3.30,6.00,1.83,1.77,Stadion Ivanjica (Ivanjica)
1603033200,Oct 18 2020 - 3:00pm,complete,N/A,Partizan,Red Star Belgrade,Novak Simović,11,3.00,3.00,2.89,2.79,1,1,2,1,1,0,"5","75",3,3,3,0,8,1,0,3,3,6,10,8,2,3,8,5,17,22,34,66,2.31,1.88,1.13,1.26,3.38,25,88,88,50,13,13,75,75,100,12.50,2.00,2.80,2.75,2.50,1.30,2.00,3.50,6.40,1.74,1.87,Stadion Partizana (Beograd)
1603630800,Oct 25 2020 - 1:00pm,complete,N/A,Novi Pazar,Rad Beograd,Nenad Minaković,12,2.00,0.00,2.00,1.00,2,1,3,3,2,1,"28,42","40",3,6,4,0,1,0,2,2,1,0,12,11,6,4,6,7,20,16,44,56,1.50,1.23,1.80,1.68,3.17,47,72,64,47,37,54,82,35,64,5.90,4.37,1.95,3.30,3.20,1.32,2.05,3.65,6.65,1.87,1.74,Gradski Stadion (Novi Pazar)
1603630800,Oct 25 2020 - 1:00pm,complete,N/A,Zlatibor Čajetina,Vojvodina,Momčilo Marković,12,0.60,1.67,0.68,1.53,0,2,2,0,0,0,"","58,78",2,7,1,1,2,0,1,1,0,2,5,16,2,7,3,9,13,20,41,59,1.44,1.93,0.95,2.22,3.00,54,72,54,45,20,55,64,45,90,11.90,3.57,6.30,4.25,1.36,1.23,1.77,3.00,5.35,2.00,1.65,Gradski Stadion (Užice)
1603630800,Oct 25 2020 - 1:00pm,complete,N/A,Bačka Palanka,Inđija,Novak Simović,12,1.20,0.50,0.68,0.53,1,2,3,2,1,1,"42","33,67",4,3,4,0,4,0,3,1,1,3,8,7,3,5,5,2,24,13,47,53,1.58,1.38,1.22,1.31,2.64,49,82,55,29,9,55,90,19,64,7.67,5.43,2.15,3.25,2.85,1.31,2.00,3.55,6.50,1.80,1.80,Stadion Slavko Maletin Vava (Bačka Palanka)
1603638000,Oct 25 2020 - 3:00pm,complete,N/A,Mačva Šabac,Napredak,Zoran Široki,12,0.67,0.20,1.00,0.95,1,2,3,2,0,2,"58","12,30",3,6,5,1,5,1,3,3,1,5,13,12,6,9,7,3,25,12,54,46,1.31,1.23,1.80,1.80,2.52,27,72,55,27,9,37,74,45,80,8.87,3.57,2.75,3.10,2.30,1.54,2.70,5.25,9.50,2.30,1.47,Stadion FK Mačva (Šabac)
1603638000,Oct 25 2020 - 3:00pm,complete,N/A,Proleter Novi Sad,Voždovac,Aleksandar Živković,12,1.83,1.80,1.79,0.95,1,1,2,1,1,0,"5","89",2,4,3,0,1,0,1,2,0,1,9,11,5,4,4,7,16,21,38,62,1.63,1.62,1.26,1.53,2.19,29,57,30,20,10,29,65,39,47,8.83,3.70,1.95,2.95,3.65,1.48,2.50,4.75,8.50,2.15,1.54,Stadion Karađorđe (Novi Sad)
1603656000,Oct 25 2020 - 8:00pm,complete,N/A,Red Star Belgrade,Javor Ivanjica,Dragan Čolović,12,3.00,0.67,2.89,0.89,0,0,0,0,0,0,"","",9,2,1,0,0,0,0,1,0,0,18,7,4,3,14,4,17,22,65,35,2.59,1.37,2.22,1.09,3.92,42,92,92,59,42,84,92,42,100,10.67,2.16,1.04,9.50,16.00,1.08,1.35,1.95,3.10,2.50,1.40,Stadion Rajko Mitić (Beograd)
1603728000,Oct 26 2020 - 4:00pm,complete,N/A,Metalac GM,Radnik Surdulica,Danilo Grujić,12,1.40,1.17,1.53,1.32,1,1,2,1,0,1,"76","19",1,6,4,1,4,0,2,3,2,2,7,8,4,5,3,3,13,18,58,42,1.26,1.40,1.11,1.31,2.32,74,82,44,17,9,27,55,44,64,6.83,3.50,2.45,2.75,2.85,1.30,2.00,3.50,6.40,1.74,1.87,Stadion FK Metalac (Gornji Milanovac)
1603728000,Oct 26 2020 - 4:00pm,complete,N/A,Radnički Niš,Partizan,Miloš Milanović,12,2.33,1.83,1.63,2.16,1,0,1,0,0,0,"78","",3,8,1,0,2,0,0,1,1,1,9,17,4,7,5,10,22,12,36,64,1.46,2.27,1.10,2.23,2.42,50,75,42,25,9,17,50,58,84,14.00,3.50,3.95,3.45,1.71,1.27,1.91,3.30,5.95,1.83,1.77,Gradski Stadion Čair (Niš)
1603728000,Oct 26 2020 - 4:00pm,complete,N/A,Spartak Subotica,Mladost Lučani,Novica Anđelovski,12,2.17,1.00,1.63,0.79,1,0,1,0,0,0,"52","",5,6,1,0,1,0,0,1,1,0,7,5,3,2,4,3,21,21,52,48,1.81,1.47,1.18,1.01,3.05,64,90,54,27,27,44,62,55,92,9.53,3.83,1.80,3.10,4.05,1.23,1.77,3.00,5.35,1.67,1.95,Gradski Stadion (Subotica)
1603728000,Oct 26 2020 - 4:00pm,complete,N/A,Bačka Topola,Čukarički,Milan Ilić,12,1.67,1.20,1.74,1.68,0,0,0,0,0,0,"","",7,4,3,0,3,0,2,1,2,1,6,8,3,2,3,6,12,16,52,48,2.05,1.82,1.18,1.14,4.02,64,80,80,72,45,54,80,72,80,13.47,3.70,1.87,3.70,3.15,1.16,1.57,2.45,4.25,1.54,2.20,Gradski Stadion (Senta)
1604077200,Oct 30 2020 - 5:00pm,complete,N/A,Vojvodina,Bačka Palanka,Zoran Široki,13,2.20,0.17,2.11,0.16,3,1,4,2,2,0,"26,40,61","82",7,2,1,0,1,0,0,1,0,1,6,5,5,2,1,3,20,22,54,46,2.21,1.28,1.27,0.79,2.72,55,75,57,30,10,19,47,67,92,10.40,3.50,1.13,6.75,12.00,1.15,1.57,2.45,4.20,2.35,1.47,Stadion Karađorđe (Novi Sad)
1604145600,Oct 31 2020 - 12:00pm,complete,N/A,Inđija,Metalac GM,Stanko Ostraćanin,13,1.80,1.50,1.32,1.21,0,1,1,0,0,0,"","90'4",3,1,1,0,2,0,0,1,1,1,16,12,4,7,12,5,14,10,45,55,1.52,1.24,1.82,1.67,3.00,44,70,60,44,27,25,90,45,70,6.20,4.43,2.05,3.20,3.15,1.33,2.10,3.75,6.75,1.87,1.77,Gradski Stadion (Inđija)
1604152800,Oct 31 2020 - 2:00pm,complete,N/A,Čukarički,Novi Pazar,Nikola Radaković,13,2.00,0.33,2.21,0.58,4,0,4,1,1,0,"27,48,55,77","",7,2,1,0,1,0,0,1,0,1,15,8,7,3,8,5,15,12,66,34,2.08,1.32,2.06,1.07,3.00,42,83,67,25,9,42,83,42,83,8.50,5.33,1.20,5.75,9.00,1.15,1.54,2.40,4.10,2.05,1.65,Stadion na Banovom brdu (Beograd)
1604152800,Oct 31 2020 - 2:00pm,complete,N/A,Voždovac,Bačka Topola,Petar Piper,13,1.67,1.40,1.58,1.32,2,0,2,1,1,0,"41,85","",5,13,1,0,1,0,0,1,0,1,12,21,8,11,4,10,16,11,50,50,1.53,1.72,1.91,2.74,3.54,64,90,72,64,29,64,92,45,82,12.37,3.77,3.00,3.60,1.95,1.18,1.65,2.65,4.60,1.57,2.15,Stadion Event Place (Beograd)
1604152800,Oct 31 2020 - 2:00pm,complete,N/A,Rad Beograd,Zlatibor Čajetina,Novica Anđelovski,13,1.80,0.50,1.53,0.84,0,2,2,1,0,1,"","13,77",9,1,0,0,1,0,0,0,0,1,20,13,9,6,11,7,20,20,65,35,1.55,1.26,2.56,1.55,2.94,74,82,57,39,9,55,74,45,84,8.03,2.83,1.91,3.20,3.65,1.32,2.05,3.65,6.75,1.83,1.77,Stadion Kralj Petar Prvi (Beograd)
1604160000,Oct 31 2020 - 4:00pm,complete,N/A,Partizan,Mačva Šabac,Milan Mitić,13,2.60,0.20,2.89,0.32,2,0,2,0,0,0,"47,71","",10,1,0,0,1,0,0,0,0,1,17,5,8,2,9,3,14,23,64,36,2.07,0.92,2.40,0.71,2.80,40,80,70,30,10,20,80,50,70,8.40,3.80,1.05,9.00,16.00,1.10,1.39,2.05,3.30,2.55,1.39,Stadion Partizana (Beograd)
1604239200,Nov 01 2020 - 2:00pm,complete,N/A,Mladost Lučani,Proleter Novi Sad,Lazar Lukić,13,2.50,2.00,2.05,1.00,0,0,0,0,0,0,"","",5,6,5,0,3,0,3,2,1,2,12,11,7,5,5,6,19,23,56,44,1.72,1.21,1.73,1.40,2.54,55,92,54,9,0,45,82,37,82,11.80,4.20,1.65,3.35,4.65,1.36,2.20,3.95,7.25,2.10,1.57,Mladost Stadium Lučani (Lučani)
1604239200,Nov 01 2020 - 2:00pm,complete,N/A,Napredak,Spartak Subotica,Miloš Djordjić,13,0.83,1.20,1.68,1.11,1,1,2,1,1,0,"31","75",2,5,4,0,6,0,1,3,3,3,8,18,5,6,3,12,20,27,48,52,1.36,1.47,1.31,2.07,2.99,64,84,75,39,10,50,67,44,82,9.80,4.07,2.80,2.80,2.45,1.31,2.05,3.60,6.50,1.77,1.87,Stadion Mladost (Kruševac)
1604239200,Nov 01 2020 - 2:00pm,complete,N/A,Javor Ivanjica,Radnički Niš,Srđan Jovanović,13,2.00,0.80,1.53,0.95,1,0,1,0,0,0,"90'2","",7,1,3,0,2,1,2,1,1,2,11,5,4,2,7,3,-1,-1,63,37,1.83,1.33,1.58,0.60,2.90,50,90,70,30,10,60,90,40,60,9.60,5.80,2.65,3.05,2.45,1.26,1.87,3.20,5.75,1.67,2.00,Stadion Ivanjica (Ivanjica)
1604239200,Nov 01 2020 - 2:00pm,complete,N/A,Radnik Surdulica,Red Star Belgrade,Bojan Nikolić,13,1.20,2.60,1.58,2.79,1,4,5,2,0,2,"56","16,40,53,63",1,4,0,0,0,0,0,0,0,0,8,25,2,8,6,17,7,9,32,68,1.56,1.76,0.86,2.73,3.00,40,80,50,40,20,20,80,60,90,11.40,4.60,17.00,9.00,1.05,1.10,1.42,2.10,3.40,2.70,1.35,Stadion Surdulica (Surdulica)
1604682000,Nov 06 2020 - 5:00pm,complete,N/A,Metalac GM,Vojvodina,Novak Simović,14,1.33,1.86,1.53,1.53,3,3,6,2,1,1,"33,85,90'2","17,73,78",2,3,0,0,3,0,0,0,0,3,12,8,5,6,7,2,8,14,54,46,1.24,1.97,1.52,1.34,2.35,70,85,37,22,0,30,62,37,84,9.24,4.81,5.25,3.85,1.50,1.25,1.83,3.05,5.50,1.91,1.74,Stadion FK Metalac (Gornji Milanovac)
1604754000,Nov 07 2020 - 1:00pm,complete,N/A,Novi Pazar,Zlatibor Čajetina,Lazar Lukić,14,2.17,0.86,2.00,0.84,1,2,3,2,1,1,"39","33,56",10,1,4,0,3,0,2,2,1,2,24,13,8,5,16,8,19,23,62,38,1.55,1.30,2.38,1.42,2.79,62,77,48,32,24,47,77,30,61,5.07,4.21,1.74,3.50,3.80,1.31,2.05,3.60,6.75,1.95,1.71,Gradski Stadion (Novi Pazar)
1604754000,Nov 07 2020 - 1:00pm,complete,N/A,Bačka Palanka,Rad Beograd,Dragan Čolović,14,1.00,0.00,0.68,1.00,0,1,1,1,0,1,"","22",6,1,3,0,4,0,1,2,1,3,9,8,3,5,6,3,28,22,60,40,1.51,1.30,1.58,1.44,2.98,63,85,69,31,15,69,85,30,62,7.86,4.83,1.62,3.60,4.40,1.32,2.05,3.65,6.75,2.00,1.67,Stadion Slavko Maletin Vava (Bačka Palanka)
1604754000,Nov 07 2020 - 1:00pm,complete,N/A,Proleter Novi Sad,Napredak,Marko Ivković,14,1.71,0.67,1.79,0.95,1,0,1,0,0,0,"50","",5,4,4,0,2,0,1,3,1,1,12,7,5,2,7,5,14,12,50,50,1.58,1.34,1.56,1.08,1.81,31,55,34,9,0,32,70,24,55,8.93,4.74,1.83,2.85,4.55,1.34,2.15,3.90,7.00,1.87,1.74,Stadion Karađorđe (Novi Sad)
1604761200,Nov 07 2020 - 3:00pm,complete,N/A,Radnički Niš,Radnik Surdulica,Bojan Nikolić,14,2.43,1.14,1.63,1.32,0,1,1,1,0,1,"","17",6,0,3,0,6,0,1,2,3,3,28,4,8,2,20,2,14,24,69,31,1.41,1.39,3.43,0.66,2.21,50,72,43,15,7,29,50,43,71,8.85,3.72,1.44,3.80,5.75,1.21,1.74,2.85,5.00,1.80,1.83,Gradski Stadion Čair (Niš)
1604761200,Nov 07 2020 - 3:00pm,complete,N/A,Mačva Šabac,Javor Ivanjica,Milan Ilić,14,0.57,0.71,1.00,0.89,1,0,1,0,0,0,"81","",2,7,5,0,3,0,2,3,1,2,7,7,3,3,4,4,19,12,50,50,1.38,1.33,0.00,0.00,3.00,50,79,64,43,22,50,71,36,93,7.43,4.00,5.25,3.65,1.50,1.29,1.95,3.40,6.25,1.91,1.71,Stadion FK Mačva (Šabac)
1604761200,Nov 07 2020 - 3:00pm,complete,N/A,Bačka Topola,Mladost Lučani,Đorđe Maksimović,14,1.57,0.83,1.74,0.79,5,0,5,3,3,0,"33,43,45,80,87","",5,3,1,0,5,0,0,1,2,3,7,3,5,0,2,3,12,24,65,35,1.93,1.39,1.38,0.52,3.24,54,77,60,44,30,37,60,61,93,12.04,4.40,1.39,4.20,6.00,1.19,1.69,2.75,4.80,1.83,1.80,Gradski Stadion (Senta)
1604761200,Nov 07 2020 - 3:00pm,complete,N/A,Čukarički,Voždovac,Zoran Široki,14,2.14,1.67,2.21,0.95,3,2,5,2,1,1,"26,68,85","32,58",6,5,3,0,1,0,0,3,0,1,8,11,4,7,4,4,21,8,48,52,2.08,1.60,1.38,1.79,3.07,40,85,68,38,9,31,85,54,77,10.29,3.88,1.72,3.60,4.46,1.30,2.00,3.43,6.60,1.85,1.85,Stadion na Banovom brdu (Beograd)
1604768400,Nov 07 2020 - 5:00pm,complete,N/A,Spartak Subotica,Partizan,Nenad Minaković,14,2.29,1.57,1.63,2.16,1,2,3,1,0,1,"60","34,71",4,9,4,0,3,0,2,2,1,2,5,16,3,8,2,8,15,13,46,54,1.71,2.26,0.87,2.11,2.93,57,79,50,36,22,29,57,57,93,13.29,3.28,4.15,3.60,1.67,1.26,1.91,3.25,6.00,1.83,1.77,Gradski Stadion (Subotica)
1604858400,Nov 08 2020 - 6:00pm,complete,N/A,Red Star Belgrade,Inđija,Miloš Milanović,14,2.71,0.86,2.89,0.53,3,2,5,2,1,1,"21,74,85","36,64",5,1,0,0,2,0,0,0,0,2,21,8,10,5,11,3,9,15,73,27,2.53,1.37,2.38,1.03,3.14,22,86,72,29,29,72,93,29,79,11.28,3.86,1.04,9.50,17.00,1.10,1.39,2.05,3.30,2.45,1.43,Stadion Rajko Mitić (Beograd)
1605888000,Nov 20 2020 - 4:00pm,complete,N/A,Mladost Lučani,Čukarički,Milan Ilić,15,2.29,1.17,2.05,1.68,1,1,2,0,0,0,"82","50",2,8,2,0,0,0,1,1,0,0,2,8,2,4,0,4,24,17,51,49,1.72,1.71,0.51,1.17,2.48,47,61,54,32,17,38,61,40,61,13.90,4.79,2.80,3.15,2.30,1.25,1.83,3.10,5.75,1.67,2.00,Mladost Stadium Lučani (Lučani)
1605888000,Nov 20 2020 - 4:00pm,complete,N/A,Javor Ivanjica,Spartak Subotica,Zoran Široki,15,2.17,1.17,1.53,1.11,1,3,4,4,1,3,"13","28,38,41",5,2,3,0,1,0,1,2,0,1,13,10,7,6,6,4,17,17,46,54,1.79,1.57,1.60,1.29,3.09,67,92,75,34,9,67,92,25,75,11.67,4.84,2.90,3.25,2.15,1.21,1.74,2.85,5.00,1.61,2.10,Stadion Ivanjica (Ivanjica)
1605888000,Nov 20 2020 - 4:00pm,complete,N/A,Radnik Surdulica,Mačva Šabac,Petar Piper,15,1.00,0.17,1.58,0.32,3,0,3,2,2,0,"23,45,62","",4,0,2,0,3,0,1,1,2,1,6,10,3,3,3,7,19,15,62,38,1.44,0.88,1.03,1.09,2.84,42,75,50,34,25,34,75,59,67,7.50,3.83,1.44,3.90,5.75,1.20,1.71,2.80,4.95,1.83,1.80,Stadion Surdulica (Surdulica)
1605960000,Nov 21 2020 - 12:00pm,complete,N/A,Inđija,Radnički Niš,Andrija Stojanović,15,1.50,0.67,1.32,0.95,1,0,1,0,0,0,"84","",5,6,2,1,1,0,0,3,0,1,4,12,3,5,1,7,19,19,43,57,1.57,1.21,0.90,1.77,2.17,17,50,34,25,17,25,67,33,59,7.33,4.83,2.75,2.95,2.40,1.36,2.15,3.75,7.00,1.88,1.82,Gradski Stadion (Inđija)
1605963600,Nov 21 2020 - 1:00pm,complete,N/A,Voždovac,Novi Pazar,Nenad Minaković,15,1.86,0.29,1.58,0.58,1,1,2,1,1,0,"8","88",3,3,1,0,0,0,1,0,0,0,10,9,5,3,5,6,10,14,73,27,1.58,1.28,1.61,1.23,3.29,50,93,64,43,14,50,86,43,86,7.43,4.14,1.27,5.25,7.25,1.12,1.47,2.20,3.70,1.71,1.91,Stadion Event Place (Beograd)
1605963600,Nov 21 2020 - 1:00pm,complete,N/A,Napredak,Bačka Topola,Srđan Jovanović,15,0.86,1.17,1.68,1.32,2,1,3,3,2,1,"20,33","31",1,10,3,0,2,0,0,3,0,2,5,13,4,7,1,6,9,16,34,66,1.35,1.89,0.90,2.06,2.66,61,77,47,32,17,25,72,45,85,11.88,4.36,3.75,3.60,1.74,1.20,1.71,2.80,4.95,1.67,2.00,Stadion Mladost (Kruševac)
1605970800,Nov 21 2020 - 3:00pm,complete,N/A,Partizan,Proleter Novi Sad,Aleksandar Živković,15,2.67,1.83,2.89,1.00,1,0,1,0,0,0,"90'1","",7,1,2,0,3,0,0,2,0,3,16,2,4,0,12,2,14,17,69,31,2.13,1.24,2.04,0.47,2.59,42,92,50,17,9,25,67,50,84,11.17,2.33,1.15,6.00,11.00,1.19,1.69,2.75,4.80,2.55,1.40,Stadion Partizana (Beograd)
1606057200,Nov 22 2020 - 3:00pm,complete,N/A,Zlatibor Čajetina,Bačka Palanka,Jovan Šegrt,15,0.50,0.14,0.68,0.16,1,0,1,1,1,0,"45'1","",6,2,1,0,4,0,1,0,1,3,16,10,4,3,12,7,17,24,46,54,1.36,1.21,1.69,1.23,2.49,45,62,38,24,17,40,47,47,85,8.54,3.96,1.77,3.35,3.90,1.34,2.10,3.80,7.00,1.95,1.71,Gradski Stadion (Užice)
1606062600,Nov 22 2020 - 4:30pm,complete,N/A,Vojvodina,Red Star Belgrade,Novak Simović,15,2.33,2.67,2.11,2.79,0,2,2,1,0,1,"","26,75",11,4,1,0,2,0,1,0,2,0,10,15,4,6,6,9,15,24,45,55,2.05,1.92,1.46,1.81,3.42,59,92,75,59,17,25,75,84,100,11.17,3.50,4.55,3.80,1.57,1.20,1.71,2.80,4.95,1.71,1.91,Stadion Karađorđe (Novi Sad)
1606564800,Nov 28 2020 - 12:00pm,complete,N/A,Mačva Šabac,Inđija,Stanko Ostraćanin,16,0.88,0.75,1.00,0.53,3,0,3,2,2,0,"11,33,67","",2,3,0,0,1,0,0,0,1,0,11,14,7,6,4,8,21,14,36,64,1.38,1.33,1.56,1.93,2.82,38,82,57,25,19,51,82,32,88,7.38,6.01,3.35,3.30,1.95,1.37,2.20,4.00,7.50,2.00,1.65,Stadion FK Mačva (Šabac)
1606658400,Nov 29 2020 - 2:00pm,complete,N/A,Novi Pazar,Bačka Palanka,Momčilo Marković,16,1.86,0.13,2.00,0.16,0,0,0,0,0,0,"","",6,6,3,0,2,0,1,2,0,2,9,10,5,5,4,5,-1,-1,49,51,1.67,1.21,1.49,1.57,2.50,61,61,55,28,15,41,68,26,66,7.07,5.21,1.69,3.80,3.80,1.26,1.87,3.20,5.75,1.83,1.80,Gradski Stadion (Novi Pazar)
1606658400,Nov 29 2020 - 2:00pm,complete,N/A,Metalac GM,Zlatibor Čajetina,Petar Piper,16,1.29,1.13,1.53,0.84,2,0,2,1,1,0,"16,64","",2,9,3,0,2,0,0,3,0,2,8,7,5,4,3,3,16,13,45,55,1.28,1.32,1.23,1.30,2.53,75,87,34,14,14,40,73,34,73,4.95,4.17,1.80,3.15,4.10,1.34,2.10,3.80,7.00,1.95,1.69,Stadion FK Metalac (Gornji Milanovac)
1606658400,Nov 29 2020 - 2:00pm,complete,N/A,Čukarički,Napredak,Dragan Čolović,16,2.25,0.57,2.21,0.95,3,0,3,0,0,0,"66,83,90","",14,1,1,0,1,0,0,1,1,0,20,4,9,4,11,0,14,14,63,37,1.99,1.30,2.50,0.78,2.76,34,73,73,32,7,41,80,46,80,10.68,4.89,1.29,4.75,7.50,1.22,1.77,2.90,5.25,2.15,1.57,Stadion na Banovom brdu (Beograd)
1606658400,Nov 29 2020 - 2:00pm,complete,N/A,Voždovac,Mladost Lučani,Nikola Radaković,16,1.75,0.71,1.58,0.79,3,2,5,3,2,1,"15,40,85","12,65",6,3,1,0,2,0,0,1,1,1,15,4,7,4,8,0,13,13,60,40,1.59,1.27,1.98,0.86,2.98,53,86,53,40,21,40,66,48,94,9.88,4.17,1.87,3.15,3.90,1.33,2.10,3.75,6.75,1.87,1.77,Stadion Event Place (Beograd)
1606665600,Nov 29 2020 - 4:00pm,complete,N/A,Bačka Topola,Partizan,Nenad Minaković,16,1.75,1.75,1.74,2.16,0,4,4,1,0,1,"","23,61,62,71",0,3,2,0,1,0,1,1,1,0,6,15,4,10,2,5,11,14,60,40,1.86,2.24,1.06,2.16,3.50,57,82,69,57,32,32,69,75,94,15.38,4.13,3.45,3.40,1.87,1.21,1.74,2.85,5.00,1.65,2.00,Gradski stadion (Bačka Topola)
1606672800,Nov 29 2020 - 6:00pm,complete,N/A,Red Star Belgrade,Rad Beograd,Andrija Stojanović,16,2.75,0.38,2.89,1.00,3,0,3,2,2,0,"16,41,59","",7,1,1,0,1,0,0,1,0,1,23,6,11,4,12,2,11,13,70,30,2.51,1.32,2.98,1.09,3.38,32,82,76,38,38,76,88,44,69,10.88,3.00,1.03,9.25,23.00,1.05,1.26,1.71,2.65,2.75,1.34,Stadion Rajko Mitić (Beograd)
1606748400,Nov 30 2020 - 3:00pm,complete,N/A,Radnički Niš,Vojvodina,Miloš Milanović,16,2.13,1.75,1.63,1.53,0,1,1,1,0,1,"","14",2,3,5,1,3,0,2,4,0,3,11,5,2,3,9,2,18,18,55,45,1.66,1.89,1.28,0.85,2.44,44,69,44,25,7,38,57,44,82,11.01,4.25,2.90,3.15,2.20,1.27,1.91,3.30,6.00,1.74,1.91,Gradski Stadion Čair (Niš)
1606748400,Nov 30 2020 - 3:00pm,complete,N/A,Spartak Subotica,Radnik Surdulica,Lazar Lukić,16,2.00,1.38,1.63,1.32,0,0,0,0,0,0,"","",1,7,2,0,3,0,1,1,1,2,14,5,5,2,9,3,14,22,58,42,1.59,1.30,1.78,0.86,2.82,63,82,57,25,19,38,69,50,76,8.01,4.38,1.59,3.75,4.40,1.18,1.67,2.65,4.65,1.67,2.00,Gradski Stadion (Subotica)
1606748400,Nov 30 2020 - 3:00pm,complete,N/A,Proleter Novi Sad,Javor Ivanjica,Bojan Nikolić,16,1.88,0.63,1.79,0.89,2,1,3,1,1,0,"33,90'3","84",6,5,3,0,4,0,0,3,2,2,10,6,5,2,5,4,13,23,57,43,1.57,1.33,1.53,0.92,2.07,38,51,32,25,13,32,57,19,69,8.00,4.13,1.32,4.30,6.50,1.26,1.91,3.25,6.00,2.05,1.62,Stadion Karađorđe (Novi Sad)
1607007600,Dec 03 2020 - 3:00pm,complete,N/A,Rad Beograd,Metalac GM,Đorđe Maksimović,15,1.50,1.71,1.53,1.21,1,1,2,1,0,1,"61","39",10,8,2,0,3,1,0,2,0,4,18,9,5,4,13,5,14,19,59,41,1.72,1.31,1.96,1.19,3.29,62,85,77,54,15,47,85,38,100,7.69,3.54,2.50,3.05,2.55,1.34,2.10,3.80,7.00,1.87,1.74,Stadion Kralj Petar Prvi (Beograd)
1607101200,Dec 04 2020 - 5:00pm,complete,N/A,Napredak,Voždovac,Jovan Šegrt,17,1.13,1.43,1.68,0.95,3,1,4,2,1,1,"30,81,90'3","18",3,2,0,0,5,0,0,0,2,3,9,10,6,5,3,5,16,18,36,64,1.29,1.63,1.48,1.64,2.77,66,81,54,28,15,28,68,54,73,7.52,4.02,2.45,2.90,2.75,1.29,1.95,3.45,6.25,1.74,1.91,Stadion Mladost (Kruševac)
1607173200,Dec 05 2020 - 1:00pm,complete,N/A,Vojvodina,Mačva Šabac,Milan Mitić,17,2.00,0.14,2.11,0.32,1,0,1,1,1,0,"32","",11,3,0,0,2,0,0,0,2,0,15,5,5,4,10,1,11,20,58,42,1.97,0.91,2.04,0.88,2.86,43,86,64,36,7,29,71,65,79,8.71,3.57,1.11,7.00,13.00,1.15,1.56,2.45,4.15,2.40,1.44,Stadion Karađorđe (Novi Sad)
1607180400,Dec 05 2020 - 3:00pm,complete,N/A,Partizan,Čukarički,Lazar Lukić,17,2.71,1.14,2.89,1.68,1,0,1,0,0,0,"86","",9,4,3,0,5,0,1,2,2,3,13,5,4,0,9,5,12,19,59,41,2.12,1.63,1.77,0.72,2.72,43,72,50,36,22,22,50,57,79,13.57,2.29,1.29,4.55,7.75,1.24,1.80,3.00,5.50,2.15,1.57,Stadion Partizana (Beograd)
1607256000,Dec 06 2020 - 12:00pm,complete,N/A,Inđija,Spartak Subotica,Novak Simović,17,1.71,1.43,1.32,1.11,3,4,7,6,3,3,"12,22,29","15,19,32,86",4,1,3,0,3,0,0,3,0,3,11,12,5,7,6,5,13,14,49,51,1.47,1.53,1.59,1.93,2.64,43,65,50,36,14,43,79,22,64,9.28,3.71,3.05,3.10,2.15,1.25,1.80,3.00,5.50,1.67,2.10,Gradski Stadion (Inđija)
1607259600,Dec 06 2020 - 1:00pm,complete,N/A,Mladost Lučani,Novi Pazar,Zoran Široki,17,2.13,0.38,2.05,0.58,3,2,5,3,2,1,"8,22,88","10,70",6,2,2,0,1,0,0,2,0,1,3,7,0,5,3,2,18,19,65,35,1.57,1.27,0.69,1.16,2.63,50,82,50,19,7,38,76,38,82,9.26,5.01,1.47,3.80,5.50,0.00,0.00,0.00,0.00,0.00,0.00,Mladost Stadium Lučani (Lučani)
1607259600,Dec 06 2020 - 1:00pm,complete,N/A,Radnik Surdulica,Proleter Novi Sad,Aleksandar Živković,17,1.29,1.57,1.58,1.00,2,0,2,0,0,0,"54,60","",5,3,1,0,3,1,0,1,1,3,10,12,6,4,4,8,15,14,45,55,1.38,1.13,1.40,1.51,2.65,43,79,43,22,22,43,72,43,79,9.14,3.14,2.15,3.05,3.10,1.38,2.17,3.87,7.60,1.88,1.85,Stadion Surdulica (Surdulica)
1607266800,Dec 06 2020 - 3:00pm,complete,N/A,Zlatibor Čajetina,Red Star Belgrade,Danilo Grujić,17,0.86,2.71,0.68,2.79,0,1,1,1,0,1,"","18",1,3,3,0,2,0,1,2,0,2,6,16,0,10,6,6,24,16,39,61,1.41,1.90,0.67,2.27,2.79,36,72,43,36,22,29,72,50,86,9.57,4.00,13.00,6.50,1.13,1.17,1.62,2.60,4.55,2.50,1.41,Gradski Stadion (Užice)
1607342400,Dec 07 2020 - 12:00pm,complete,N/A,Rad Beograd,Radnički Niš,Nenad Minaković,17,1.43,0.57,1.53,0.95,0,1,1,0,0,0,"","76",6,5,4,0,2,1,1,3,0,3,9,9,2,6,7,3,18,17,49,51,1.76,1.29,1.17,1.43,2.58,43,72,50,36,7,43,72,29,86,10.14,4.00,3.65,3.15,1.91,1.31,2.05,3.60,6.75,1.83,1.80,Stadion Kralj Petar Prvi (Beograd)
1607342400,Dec 07 2020 - 12:00pm,complete,N/A,Bačka Palanka,Metalac GM,Milan Ilić,17,0.86,1.63,0.68,1.21,3,1,4,2,1,1,"38,53,60","14",2,0,2,0,2,0,1,1,1,1,16,4,7,2,9,2,27,14,48,52,1.52,1.30,2.05,0.77,2.91,67,80,66,40,13,48,87,26,79,6.92,5.74,2.10,3.15,3.10,1.33,2.10,3.75,6.75,1.87,1.77,Stadion Slavko Maletin Vava (Bačka Palanka)
1607698800,Dec 11 2020 - 3:00pm,complete,N/A,Proleter Novi Sad,Inđija,Lazar Lukić,18,2.00,0.67,1.79,0.53,1,0,1,0,0,0,"78","",2,3,3,0,1,0,1,2,0,1,8,4,4,2,4,2,19,11,59,41,1.57,1.39,1.47,0.82,2.22,33,67,39,11,11,39,78,22,67,7.89,5.45,1.67,3.15,5.25,1.33,2.10,3.80,7.00,1.95,1.71,Stadion Karađorđe (Novi Sad)
1607698800,Dec 11 2020 - 3:00pm,complete,N/A,Bačka Topola,Radnik Surdulica,Nikola Radaković,18,1.56,1.33,1.74,1.32,1,3,4,1,1,0,"39","50,69,90'4",7,3,3,0,2,0,2,1,2,0,13,10,5,6,8,4,18,16,53,47,1.77,1.25,1.84,1.43,3.22,50,78,67,50,28,39,73,61,73,9.78,4.77,1.53,4.33,4.75,1.22,1.70,2.75,4.50,1.80,1.91,Gradski Stadion (Senta)
1607698800,Dec 11 2020 - 3:00pm,complete,N/A,Mladost Lučani,Napredak,Momčilo Marković,18,2.22,0.50,2.05,0.95,0,0,0,0,0,0,"","",14,3,2,0,0,0,0,2,0,0,7,5,4,3,3,2,12,8,61,39,1.47,1.22,1.69,1.06,2.41,41,71,60,18,6,41,65,41,77,10.78,5.00,1.69,3.25,4.55,1.29,2.00,3.45,6.25,1.87,1.77,Mladost Stadium Lučani (Lučani)
1607706000,Dec 11 2020 - 5:00pm,complete,N/A,Čukarički,Javor Ivanjica,Srđan Jovanović,18,2.33,0.56,2.21,0.89,3,0,3,1,1,0,"35,67,71","",3,4,0,0,1,0,0,0,0,1,22,8,9,4,13,4,15,11,59,41,2.05,1.28,2.52,1.17,3.11,45,78,78,44,17,39,73,50,89,10.78,4.23,1.40,4.75,7.00,1.18,1.55,2.35,4.15,1.78,1.95,Stadion na Banovom brdu (Beograd)
1607778000,Dec 12 2020 - 1:00pm,complete,N/A,Novi Pazar,Metalac GM,Pavle Tomić,18,1.75,1.44,2.00,1.21,1,0,1,0,0,0,"47","",3,3,4,0,2,0,1,3,1,1,13,5,5,2,8,3,24,19,42,58,1.65,1.23,1.57,0.83,3.04,65,76,71,47,24,47,82,29,75,6.21,5.53,2.10,3.20,3.10,1.25,1.83,3.10,5.75,1.71,1.95,Gradski Stadion (Novi Pazar)
1607778000,Dec 12 2020 - 1:00pm,complete,N/A,Radnički Niš,Zlatibor Čajetina,Novak Simović,18,1.89,1.00,1.63,0.84,2,1,3,1,1,0,"38,90'1","54",5,4,3,0,4,0,1,2,1,3,14,7,7,4,7,3,16,24,59,41,1.62,1.31,1.87,0.97,2.06,39,67,28,6,6,33,67,28,67,7.67,4.45,1.62,3.35,4.90,1.40,2.30,4.33,8.00,2.25,1.58,Gradski Stadion Čair (Niš)
1607778000,Dec 12 2020 - 1:00pm,complete,N/A,Mačva Šabac,Rad Beograd,Marko Ivković,18,1.11,0.33,1.00,1.00,0,1,1,0,0,0,"","89",3,3,3,0,3,0,2,1,2,1,9,15,3,5,6,10,14,15,52,48,1.40,1.29,1.25,1.75,2.84,33,78,62,22,17,56,78,33,78,7.11,4.89,2.40,2.90,2.80,1.44,2.25,4.50,8.50,1.90,1.80,Stadion FK Mačva (Šabac)
1607778000,Dec 12 2020 - 1:00pm,complete,N/A,Spartak Subotica,Vojvodina,Miloš Milanović,18,1.89,1.89,1.63,1.53,0,1,1,0,0,0,"","50",7,5,4,0,1,0,0,4,0,1,8,8,4,6,4,2,12,19,55,45,1.61,1.78,1.39,1.47,2.89,56,78,56,33,17,44,67,50,84,9.78,4.33,2.60,3.25,2.35,1.22,1.73,2.75,5.00,1.58,2.25,Gradski Stadion (Subotica)
1607788800,Dec 12 2020 - 4:00pm,complete,N/A,Voždovac,Partizan,Zoran Široki,18,1.89,1.89,1.58,2.16,0,2,2,0,0,0,"","50,79",4,1,1,0,3,0,0,1,1,2,9,9,5,5,4,4,17,16,51,49,1.63,2.23,1.25,1.20,3.17,62,89,62,50,17,28,73,61,95,13.22,3.45,5.75,4.15,1.42,1.17,1.62,2.60,4.45,1.71,1.91,Stadion Event Place (Beograd)
1607875200,Dec 13 2020 - 4:00pm,complete,N/A,Red Star Belgrade,Bačka Palanka,Dragan Čolović,18,2.78,0.22,2.89,0.16,2,0,2,0,0,0,"46,56","",16,2,0,0,0,0,0,0,0,0,13,7,6,2,7,5,13,14,67,33,2.57,1.25,2.03,0.79,2.73,33,67,61,28,22,56,67,39,78,11.11,3.22,1.04,9.00,19.00,1.10,1.42,2.10,3.45,3.20,1.25,Stadion Rajko Mitić (Beograd)
1608123600,Dec 16 2020 - 1:00pm,complete,N/A,Partizan,Mladost Lučani,Milan Mitić,19,2.75,0.63,2.89,0.79,4,0,4,2,2,0,"24,42,59,84","",6,2,1,0,2,0,1,0,2,0,12,4,10,2,2,2,10,24,61,39,2.07,1.22,2.22,0.87,2.82,38,75,50,32,26,26,50,57,100,12.00,3.50,1.17,6.25,9.00,1.16,1.57,2.50,4.30,2.40,1.44,Stadion Partizana (Beograd)
1608123600,Dec 16 2020 - 1:00pm,complete,N/A,Rad Beograd,Spartak Subotica,Aleksandar Živković,19,1.25,1.63,1.53,1.11,0,1,1,1,0,1,"","35",5,1,1,0,3,0,1,0,0,3,13,4,3,3,10,1,16,10,58,42,1.68,1.58,1.76,1.03,3.32,69,88,69,51,13,63,88,19,88,11.01,3.51,3.60,3.20,1.91,1.25,1.91,3.15,5.75,1.71,1.91,Stadion Kralj Petar Prvi (Beograd)
1608123600,Dec 16 2020 - 1:00pm,complete,N/A,Zlatibor Čajetina,Mačva Šabac,Dragan Čolović,19,0.75,0.13,0.68,0.32,0,1,1,0,0,0,"","58",4,2,2,0,4,0,0,2,1,3,15,15,7,6,8,9,8,24,58,42,1.32,0.91,1.97,1.80,2.26,25,57,38,19,13,32,69,38,57,6.25,4.25,1.45,3.75,5.75,1.39,2.30,4.20,7.75,2.45,1.43,Gradski Stadion (Užice)
1608123600,Dec 16 2020 - 1:00pm,complete,N/A,Bačka Palanka,Radnički Niš,Jovan Šegrt,19,1.13,0.88,0.68,0.95,1,2,3,1,0,1,"63","4,90'1",3,4,1,0,3,0,0,1,0,3,8,11,4,5,4,6,27,29,56,44,1.59,1.31,1.34,1.53,2.38,44,63,51,32,7,51,69,25,69,7.88,5.75,2.90,3.00,2.30,1.35,2.15,3.90,7.00,1.83,1.80,Stadion Slavko Maletin Vava (Bačka Palanka)
1608130800,Dec 16 2020 - 3:00pm,complete,N/A,Napredak,Novi Pazar,Danilo Grujić,19,1.33,0.33,1.68,0.58,0,0,0,0,0,0,"","",5,3,1,0,6,0,1,0,2,4,7,4,0,3,7,1,-1,-1,59,41,1.31,1.26,1.19,0.96,2.83,67,84,56,28,11,33,73,50,84,5.66,4.34,1.71,3.40,4.15,1.27,1.95,3.40,6.00,1.83,1.80,Stadion Mladost (Kruševac)
1608130800,Dec 16 2020 - 3:00pm,complete,N/A,Javor Ivanjica,Voždovac,Milan Ilić,19,1.86,1.25,1.53,0.95,3,1,4,3,2,1,"3,45'1,52","41",4,3,3,0,4,0,2,1,1,3,17,8,9,2,8,6,-1,-1,38,62,1.76,1.63,2.31,1.14,3.12,67,87,67,40,13,54,87,46,66,9.74,4.34,2.40,3.20,2.60,1.28,1.91,3.25,6.00,1.71,1.91,Stadion Ivanjica (Ivanjica)
1608130800,Dec 16 2020 - 3:00pm,complete,N/A,Radnik Surdulica,Čukarički,Novak Simović,19,1.50,1.00,1.58,1.68,0,1,1,1,0,1,"","15",4,4,0,0,3,0,0,0,1,2,8,11,2,7,6,4,9,25,49,51,1.38,1.52,1.02,1.67,2.82,44,69,44,38,32,38,57,57,76,11.63,3.13,2.95,2.95,2.25,1.31,2.05,3.60,6.75,1.74,1.91,Stadion Surdulica (Surdulica)
1608130800,Dec 16 2020 - 3:00pm,complete,N/A,Metalac GM,Red Star Belgrade,Lazar Lukić,19,1.50,2.75,1.53,2.79,0,1,1,1,0,1,"","36",5,8,2,1,2,0,0,3,0,2,7,15,3,3,4,12,14,12,41,59,1.27,1.95,0.98,1.81,2.57,57,82,38,26,13,19,82,38,82,6.88,4.76,12.00,6.50,1.14,1.15,1.54,2.45,4.15,2.50,1.42,Stadion FK Metalac (Gornji Milanovac)
1608206400,Dec 17 2020 - 12:00pm,complete,N/A,Inđija,Bačka Topola,Novica Anđelovski,19,1.50,1.00,1.32,1.32,0,3,3,2,0,2,"","4,38,67",3,8,0,0,0,0,0,0,0,0,8,18,2,10,6,8,16,20,52,48,1.49,1.91,0.97,2.47,2.76,41,62,41,34,27,35,82,27,67,12.56,3.45,3.20,3.20,2.05,1.25,1.87,3.15,5.75,1.67,2.00,Gradski Stadion (Inđija)
1608213600,Dec 17 2020 - 2:00pm,complete,N/A,Vojvodina,Proleter Novi Sad,Srđan Jovanović,19,2.13,1.38,2.11,1.00,2,0,2,0,0,0,"53,90'1","",4,4,4,0,3,0,1,3,0,3,14,9,8,3,6,6,12,15,46,54,1.98,1.18,1.96,1.15,2.51,44,82,44,25,7,25,63,57,82,11.26,2.88,0.00,0.00,0.00,1.36,2.05,3.75,7.00,0.00,0.00,Stadion Karađorđe (Novi Sad)
1608472800,Dec 20 2020 - 2:00pm,complete,N/A,Javor Ivanjica,Bačka Topola,Marko Ivković,17,2.00,1.25,1.53,1.32,1,2,3,0,0,0,"63","55,89",6,4,3,1,2,0,2,2,1,1,12,15,5,7,7,8,7,13,47,53,1.83,1.98,1.54,1.82,3.07,63,88,69,38,13,63,94,25,69,14.01,4.13,3.35,3.55,1.87,1.17,1.62,2.60,4.50,1.57,2.15,Stadion Ivanjica (Ivanjica)
1612539000,Feb 05 2021 - 3:30pm,complete,N/A,Vojvodina,Bačka Topola,Srđan Jovanović,20,2.22,1.44,2.11,1.32,0,1,1,1,0,1,"","30",5,7,2,0,4,0,1,1,3,1,8,10,0,4,8,6,12,17,54,46,1.98,1.96,0.99,1.36,3.06,50,89,62,39,17,39,78,56,84,15.11,2.66,1.74,3.35,4.10,1.33,1.87,2.90,4.90,1.83,1.80,Stadion Karađorđe (Novi Sad)
1612612800,Feb 06 2021 - 12:00pm,complete,N/A,Inđija,Čukarički,Novica Anđelovski,20,1.33,1.22,1.32,1.68,0,1,1,1,0,1,"","39",3,5,0,0,1,0,0,0,1,0,6,13,0,7,6,6,13,18,43,57,1.43,1.53,0.78,2.01,2.33,33,44,33,28,22,22,56,33,62,10.00,3.56,3.95,3.35,1.77,1.33,2.05,3.50,6.50,1.91,1.85,Gradski Stadion (Inđija)
1612620000,Feb 06 2021 - 2:00pm,complete,N/A,Metalac GM,Radnički Niš,Nenad Minaković,20,1.33,1.11,1.53,0.95,1,1,2,0,0,0,"82","48",9,6,1,0,5,0,1,0,1,4,9,13,6,4,3,9,19,22,48,52,1.24,1.33,1.41,1.55,2.22,45,67,33,17,11,28,67,28,73,6.67,5.44,3.05,3.05,2.20,1.36,2.15,3.75,7.00,1.88,1.88,Stadion FK Metalac (Gornji Milanovac)
1612620000,Feb 06 2021 - 2:00pm,complete,N/A,Zlatibor Čajetina,Spartak Subotica,Jovan Šegrt,20,0.67,1.78,0.68,1.11,1,1,2,1,0,1,"85","4",7,5,6,0,2,0,3,3,1,1,14,8,7,3,7,5,22,22,46,54,1.39,1.52,1.91,1.09,2.95,45,67,50,39,22,56,78,22,67,8.66,4.00,3.50,3.25,1.91,1.29,1.95,3.25,5.50,1.80,1.96,Gradski Stadion (Užice)
1612620000,Feb 06 2021 - 2:00pm,complete,N/A,Radnik Surdulica,Voždovac,Lazar Lukić,20,1.33,1.11,1.58,0.95,1,1,2,1,1,0,"7","72",3,6,1,0,2,0,1,0,1,1,6,14,3,8,3,6,19,22,37,63,1.34,1.58,0.91,1.86,3.22,50,84,56,45,28,50,84,56,78,9.00,3.11,2.35,3.05,2.80,1.29,1.95,3.40,6.00,1.78,1.99,Stadion Surdulica (Surdulica)
1612627200,Feb 06 2021 - 4:00pm,complete,N/A,Partizan,Napredak,Miloš Milanović,20,2.78,0.56,2.89,0.95,3,0,3,2,2,0,"14,39,71","",5,3,1,0,1,0,0,1,0,1,10,6,8,0,2,6,19,14,50,50,2.09,1.20,1.71,0.80,2.39,22,67,56,22,6,28,56,45,84,11.00,3.00,1.17,6.00,9.75,1.17,1.57,2.38,4.00,2.37,1.56,Stadion Partizana (Beograd)
1612699200,Feb 07 2021 - 12:00pm,complete,N/A,Novi Pazar,Red Star Belgrade,Danilo Grujić,20,1.89,2.78,2.00,2.79,1,3,4,1,0,1,"57","2,52,76",3,3,2,0,3,0,2,0,2,1,12,13,4,5,8,8,18,13,32,68,1.64,1.93,1.38,1.56,2.50,45,62,50,33,17,28,78,28,67,8.56,5.22,13.00,8.25,1.08,1.21,1.54,2.25,3.45,2.80,1.33,Gradski Stadion (Novi Pazar)
1612706400,Feb 07 2021 - 2:00pm,complete,N/A,Bačka Palanka,Mačva Šabac,Aleksandar Živković,20,1.00,0.44,0.68,0.32,2,0,2,1,1,0,"16,58","",6,4,1,0,0,0,1,0,0,0,16,6,8,3,8,3,18,18,51,49,1.56,1.01,2.15,1.08,2.34,50,67,56,22,0,39,78,33,62,5.67,5.23,1.77,3.05,4.45,1.57,2.50,4.25,8.00,2.50,1.42,Stadion Slavko Maletin Vava (Bačka Palanka)
1612706400,Feb 07 2021 - 2:00pm,complete,N/A,Rad Beograd,Proleter Novi Sad,Stanko Ostraćanin,20,1.11,1.22,1.53,1.00,1,0,1,0,0,0,"56","",4,5,2,0,1,0,0,2,0,1,10,10,7,6,3,4,17,16,44,56,1.69,1.18,1.45,1.44,2.17,45,73,33,17,0,28,61,33,84,9.89,3.44,2.65,3.05,2.40,1.33,1.91,2.95,5.00,1.71,1.91,Stadion Kralj Petar Prvi (Beograd)
1612706400,Feb 07 2021 - 2:00pm,complete,N/A,Javor Ivanjica,Mladost Lučani,Zoran Široki,20,1.78,0.56,1.53,0.79,4,1,5,3,3,0,"29,31,37,46","51",6,5,2,0,2,0,0,2,1,1,6,6,2,3,4,3,24,18,41,59,1.80,1.18,0.87,1.09,3.06,61,84,67,39,17,50,67,50,84,10.11,5.11,1.91,3.30,3.50,1.31,1.83,2.85,4.70,1.77,1.87,Stadion Ivanjica (Ivanjica)
1613136600,Feb 12 2021 - 1:30pm,complete,N/A,Napredak,Javor Ivanjica,Miloš Djordjić,21,1.30,0.50,1.68,0.89,1,1,2,1,0,1,"77","11",5,2,4,0,1,0,2,2,0,1,10,7,5,4,5,3,-1,-1,50,50,1.30,1.27,1.54,1.23,2.55,60,70,60,30,10,30,60,45,80,7.20,4.00,2.10,3.30,3.00,1.33,1.87,2.90,4.85,1.77,1.83,Stadion Mladost (Kruševac)
1613136600,Feb 12 2021 - 1:30pm,complete,N/A,Bačka Topola,Rad Beograd,Nikola Radaković,21,1.40,0.60,1.74,1.00,0,0,0,0,0,0,"","",5,4,2,0,0,0,1,1,0,0,15,5,4,3,11,2,18,20,67,33,1.78,1.34,2.10,0.88,3.50,40,80,75,50,30,55,85,55,75,9.10,4.60,1.17,6.00,10.00,1.17,1.48,2.10,3.20,2.10,1.59,Gradski Stadion (Senta)
1613136600,Feb 12 2021 - 1:30pm,complete,N/A,Proleter Novi Sad,Zlatibor Čajetina,Andrija Stojanović,21,2.10,0.90,1.79,0.84,2,2,4,4,2,2,"4,31","9,43",5,2,3,0,2,1,0,3,0,3,16,8,5,5,11,3,21,15,67,33,1.56,1.28,1.75,1.02,2.00,45,65,25,5,5,25,65,30,70,7.60,4.90,1.45,3.65,6.00,1.40,2.05,3.30,6.00,2.25,1.50,Stadion Karađorđe (Novi Sad)
1613136600,Feb 12 2021 - 1:30pm,complete,N/A,Spartak Subotica,Bačka Palanka,Đorđe Maksimović,21,1.70,0.20,1.63,0.16,1,0,1,1,1,0,"40","",3,3,2,0,3,0,0,2,1,2,11,7,6,4,5,3,20,24,53,47,1.59,1.21,1.70,1.24,2.20,45,60,40,15,10,30,50,40,75,7.90,4.40,1.34,4.05,7.25,1.34,1.91,3.05,5.25,2.25,1.50,Gradski Stadion (Subotica)
1613143800,Feb 12 2021 - 3:30pm,complete,N/A,Partizan,Novi Pazar,Milan Mitić,21,2.80,0.40,2.89,0.58,4,1,5,0,0,0,"54,62,63,87","76",5,0,1,0,3,0,0,1,2,1,11,3,7,3,4,0,12,12,50,50,2.05,1.22,1.92,0.71,2.85,35,80,55,30,15,35,70,45,90,9.30,3.40,1.12,7.50,10.75,1.13,1.42,1.91,2.85,2.10,1.59,Stadion Partizana (Beograd)
1613151000,Feb 12 2021 - 5:30pm,complete,N/A,Čukarički,Vojvodina,Miloš Milanović,21,2.40,2.00,2.21,1.53,3,3,6,2,2,0,"5,11,90'8","64,65,80",8,6,5,1,3,0,3,3,1,2,9,14,8,7,1,7,18,14,40,60,2.10,1.75,1.66,1.96,3.05,40,80,70,40,10,35,70,60,90,12.40,4.50,2.25,2.90,3.00,1.43,2.10,3.35,6.00,1.91,1.71,Stadion na Banovom brdu (Beograd)
1613219400,Feb 13 2021 - 12:30pm,complete,N/A,Mladost Lučani,Radnik Surdulica,Aleksandar Živković,21,2.10,1.50,2.05,1.32,2,2,4,2,1,1,"1,90'1","45'2,54",6,5,4,0,1,0,0,4,1,0,7,6,2,3,5,3,27,15,52,48,1.49,1.27,1.11,0.97,2.35,55,70,50,25,10,30,60,45,65,11.40,5.30,1.91,3.20,3.55,1.38,2.00,3.20,5.50,1.91,1.71,Mladost Stadium Lučani (Lučani)
1613219400,Feb 13 2021 - 12:30pm,complete,N/A,Voždovac,Inđija,Dragan Čolović,21,1.70,0.60,1.58,0.53,1,1,2,2,1,1,"9","41",2,3,2,0,3,0,0,2,1,2,7,9,5,6,2,3,20,23,57,43,1.59,1.34,1.35,1.45,3.05,45,90,60,35,20,55,85,35,85,8.10,4.20,1.87,3.10,3.90,1.34,1.95,3.05,5.25,1.87,1.77,Stadion Event Place (Beograd)
1613219400,Feb 13 2021 - 12:30pm,complete,N/A,Mačva Šabac,Metalac GM,Marko Ivković,21,1.00,1.30,1.00,1.21,2,1,3,0,0,0,"72,82","80",7,5,3,0,1,0,0,3,0,1,12,16,6,9,6,7,19,12,39,61,1.38,1.19,1.50,2.23,2.85,45,75,60,35,15,40,70,35,100,6.20,5.50,3.00,3.25,2.10,1.41,2.10,3.40,6.00,2.00,1.67,Stadion FK Mačva (Šabac)
1613226600,Feb 13 2021 - 2:30pm,complete,N/A,Radnički Niš,Red Star Belgrade,Novak Simović,21,2.00,2.80,1.63,2.79,0,1,1,1,0,1,"","26",4,8,2,0,1,0,1,1,0,1,10,17,4,7,6,10,-1,-1,52,48,1.65,1.90,1.32,2.10,2.20,35,60,40,20,5,15,75,40,70,9.20,5.00,7.75,4.90,1.27,1.22,1.65,2.45,3.95,2.10,1.59,Gradski Stadion Čair (Niš)
1613480400,Feb 16 2021 - 1:00pm,complete,N/A,Zlatibor Čajetina,Bačka Topola,Zoran Široki,22,0.70,1.60,0.68,1.32,0,1,1,0,0,0,"","59",5,7,1,0,1,1,0,1,0,2,5,12,2,7,3,5,20,19,42,58,1.44,1.90,0.82,1.80,2.55,40,65,40,25,20,40,75,30,70,12.50,3.90,4.00,3.50,1.71,1.29,1.80,2.80,4.75,1.83,1.80,Gradski Stadion (Užice)
1613487600,Feb 16 2021 - 3:00pm,complete,N/A,Rad Beograd,Čukarički,Novica Anđelovski,22,1.30,1.40,1.53,1.68,0,2,2,1,0,1,"","10,64",3,7,0,0,1,0,0,0,0,1,10,12,5,7,5,5,12,18,51,49,1.67,1.58,1.41,1.67,2.20,45,50,35,30,10,25,60,30,70,11.90,3.20,4.20,3.30,1.74,1.38,2.00,3.25,5.75,2.00,1.67,Stadion Kralj Petar Prvi (Beograd)
1613563200,Feb 17 2021 - 12:00pm,complete,N/A,Inđija,Mladost Lučani,Marko Ivković,22,1.20,0.50,1.32,0.79,1,0,1,0,0,0,"65","",4,4,0,0,0,0,0,0,0,0,9,3,6,0,3,3,18,33,57,43,1.37,1.17,1.48,0.62,2.80,35,60,45,35,30,35,65,45,80,8.40,3.70,2.45,3.00,2.65,1.36,2.00,3.10,5.25,1.80,1.83,Gradski Stadion (Inđija)
1613563200,Feb 17 2021 - 12:00pm,complete,N/A,Javor Ivanjica,Partizan,Nenad Minaković,22,1.90,2.00,1.53,2.16,0,1,1,1,0,1,"","14",10,7,0,0,0,0,0,0,0,0,4,14,3,7,1,7,20,11,47,53,1.71,2.13,0.95,1.76,3.00,65,85,65,40,10,30,65,60,85,13.20,4.60,7.00,4.75,1.31,1.20,1.59,2.35,3.75,1.95,1.69,Stadion Ivanjica (Ivanjica)
1613574000,Feb 17 2021 - 3:00pm,complete,N/A,Novi Pazar,Radnički Niš,Pavle Tomić,22,1.70,1.10,2.00,0.95,3,1,4,2,1,1,"27,66,78","4",1,5,1,0,3,1,0,1,0,4,12,3,5,3,7,0,24,21,45,55,1.61,1.35,1.62,0.97,2.40,45,60,50,30,15,35,60,30,70,7.80,6.00,3.45,2.95,2.05,1.40,2.05,3.15,5.25,1.91,1.74,Gradski Stadion (Novi Pazar)
1613574000,Feb 17 2021 - 3:00pm,complete,N/A,Bačka Palanka,Proleter Novi Sad,Milan Ilić,22,1.20,1.10,0.68,1.00,0,2,2,1,0,1,"","20,89",2,5,2,0,3,0,0,2,3,0,10,9,7,6,3,3,13,25,49,51,1.63,1.20,1.70,1.60,2.20,50,75,40,15,0,35,65,35,75,7.90,4.40,2.80,3.05,2.30,1.50,2.30,3.95,7.25,2.15,1.56,Stadion Slavko Maletin Vava (Bačka Palanka)
1613574000,Feb 17 2021 - 3:00pm,complete,N/A,Vojvodina,Voždovac,Momčilo Marković,22,2.00,1.10,2.11,0.95,2,0,2,0,0,0,"49,80","",5,4,2,0,1,0,1,1,0,1,12,8,6,6,6,2,11,18,49,51,1.88,1.61,1.75,1.43,3.05,55,85,55,45,15,35,80,60,80,11.00,3.20,1.47,3.90,5.75,1.28,1.77,2.75,4.60,1.91,1.74,Stadion Karađorđe (Novi Sad)
1613574000,Feb 17 2021 - 3:00pm,complete,N/A,Radnik Surdulica,Napredak,Miloš Milanović,22,1.30,0.50,1.58,0.95,2,1,3,3,2,1,"2,37","9",5,9,2,0,2,0,0,2,1,1,11,11,5,3,6,8,-1,-1,48,52,1.30,1.16,1.38,1.23,2.50,30,70,50,20,15,40,70,40,75,8.80,2.90,1.80,3.55,3.60,1.30,1.83,2.90,4.85,1.83,1.80,Stadion Surdulica (Surdulica)
1613581200,Feb 17 2021 - 5:00pm,complete,N/A,Metalac GM,Spartak Subotica,Stanko Ostraćanin,22,1.30,1.70,1.53,1.11,3,0,3,1,1,0,"38,58,79","",2,7,1,0,3,0,0,1,0,3,10,11,5,3,5,8,17,15,46,54,1.26,1.48,1.34,1.49,2.85,70,85,45,30,15,45,85,20,70,7.70,4.50,2.90,3.10,2.20,1.33,1.91,2.90,5.00,1.80,1.83,Stadion FK Metalac (Gornji Milanovac)
1613822400,Feb 20 2021 - 12:00pm,complete,N/A,Čukarički,Zlatibor Čajetina,Marko Sreckovic,23,2.27,0.91,2.21,0.84,2,0,2,0,0,0,"53,55","",6,3,1,0,1,0,1,0,0,1,11,6,7,3,4,3,21,14,61,39,2.06,1.26,1.98,1.11,3.14,50,91,68,32,14,41,82,55,82,9.91,4.82,1.25,5.25,7.75,1.24,1.62,2.45,3.80,2.00,1.65,Stadion na Banovom brdu (Beograd)
1613908800,Feb 21 2021 - 12:00pm,complete,N/A,Partizan,Radnik Surdulica,Dragan Čolović,23,2.82,1.45,2.89,1.32,3,0,3,1,1,0,"43,54,64","",5,2,0,0,2,1,0,0,2,1,15,0,8,0,7,0,16,15,63,37,2.04,1.24,2.28,0.24,2.78,46,78,60,36,14,27,60,55,82,10.73,3.45,1.20,5.75,8.75,1.14,1.40,1.95,3.00,1.83,1.77,Stadion Partizana (Beograd)
1613908800,Feb 21 2021 - 12:00pm,complete,N/A,Napredak,Inđija,Jovan Šegrt,23,1.27,0.64,1.68,0.53,1,0,1,0,0,0,"82","",8,3,2,0,4,0,0,2,2,2,12,7,5,2,7,5,14,34,52,48,1.32,1.35,1.74,1.15,2.46,55,78,50,18,9,41,73,32,73,6.82,5.10,1.71,3.20,4.55,1.42,2.10,3.40,6.25,2.15,1.57,Stadion Mladost (Kruševac)
1613908800,Feb 21 2021 - 12:00pm,complete,N/A,Mladost Lučani,Vojvodina,Srđan Jovanović,23,2.00,1.91,2.05,1.53,1,1,2,1,0,1,"63","19",5,8,4,0,1,0,0,4,0,1,8,5,4,0,4,5,12,13,46,54,1.46,1.77,1.32,0.79,2.77,55,73,55,36,14,45,64,50,82,13.09,5.27,4.15,3.45,1.71,1.30,1.83,2.85,4.85,1.87,1.77,Mladost Stadium Lučani (Lučani)
1613908800,Feb 21 2021 - 12:00pm,complete,N/A,Proleter Novi Sad,Metalac GM,Novak Simović,23,2.00,1.18,1.79,1.21,1,2,3,2,1,1,"31","7,57",6,2,1,0,0,0,0,1,0,0,12,9,3,5,9,4,15,11,63,37,1.58,1.29,1.82,1.20,2.41,50,64,46,27,9,27,64,32,78,7.09,5.37,1.65,3.25,4.90,1.42,2.15,3.50,6.25,2.25,1.50,Stadion Karađorđe (Novi Sad)
1613923500,Feb 21 2021 - 4:05pm,complete,N/A,Spartak Subotica,Red Star Belgrade,Lazar Lukić,23,1.82,2.82,1.63,2.79,1,2,3,1,1,0,"35","81,88",1,9,4,0,2,0,4,0,1,1,4,20,3,9,1,11,21,18,29,71,1.60,1.92,0.69,2.60,2.50,41,64,45,27,14,23,78,41,73,9.09,4.45,9.50,6.00,1.17,1.19,1.53,2.20,3.30,2.10,1.61,Gradski Stadion (Subotica)
1614002400,Feb 22 2021 - 2:00pm,complete,N/A,Javor Ivanjica,Novi Pazar,Milan Ilić,23,1.73,0.36,1.53,0.58,1,0,1,0,0,0,"52","",11,4,3,0,7,1,1,2,4,4,8,5,4,2,4,3,19,22,54,46,1.64,1.17,1.32,0.77,3.05,64,82,64,36,18,46,78,41,73,8.27,4.82,1.67,3.55,4.20,1.29,1.80,2.75,4.60,1.80,1.80,Stadion Ivanjica (Ivanjica)
1614002400,Feb 22 2021 - 2:00pm,complete,N/A,Voždovac,Rad Beograd,Miloš Djordjić,23,1.64,0.64,1.58,1.00,0,1,1,1,0,1,"","38",4,1,4,0,3,0,2,2,0,3,17,9,8,4,9,5,19,14,62,38,1.57,1.30,2.20,1.19,2.87,46,82,55,32,18,55,78,36,69,7.91,3.73,1.65,3.45,4.60,1.35,2.00,3.30,6.00,2.00,1.65,Stadion Event Place (Beograd)
1614002400,Feb 22 2021 - 2:00pm,complete,N/A,Bačka Topola,Bačka Palanka,Danilo Grujić,23,1.36,0.18,1.74,0.16,3,0,3,3,3,0,"18,40,41","",9,0,1,0,1,0,1,0,1,0,16,4,9,2,7,2,14,17,57,43,1.81,1.21,2.27,0.78,2.78,41,64,55,41,18,32,64,55,73,9.37,4.63,1.43,3.90,6.00,1.34,1.91,3.10,5.50,2.15,1.57,Gradski Stadion (Senta)
1614002400,Feb 22 2021 - 2:00pm,complete,N/A,Mačva Šabac,Radnički Niš,Nikola Radaković,23,1.18,1.00,1.00,0.95,0,2,2,1,0,1,"","12,83",7,8,4,0,4,0,2,2,1,3,6,8,2,3,4,5,21,19,47,53,1.39,1.32,0.85,1.25,2.46,36,69,50,23,9,36,55,41,91,8.27,6.18,3.35,3.10,2.00,1.43,2.10,3.45,6.00,2.00,1.67,Stadion FK Mačva (Šabac)
1614340800,Feb 26 2021 - 12:00pm,complete,N/A,Inđija,Partizan,Novak Simović,24,1.36,2.09,1.32,2.16,0,6,6,3,0,3,"","7,41,45'2,51,78,89",3,7,0,0,0,0,0,0,0,0,6,19,2,10,4,9,20,16,48,52,1.38,2.10,0.92,2.45,2.41,32,55,36,27,14,9,60,46,78,11.36,3.00,8.25,5.25,1.25,1.24,1.67,2.65,4.95,2.25,1.50,Gradski Stadion (Inđija)
1614349800,Feb 26 2021 - 2:30pm,complete,N/A,Vojvodina,Napredak,Miloš Djordjić,24,2.09,0.45,2.11,0.95,1,0,1,0,0,0,"53","",3,5,2,0,3,0,1,1,0,3,14,9,6,2,8,7,13,21,55,45,1.87,1.17,1.81,1.18,2.46,32,73,55,23,5,32,64,50,73,11.09,3.09,1.26,4.90,8.25,1.32,1.87,3.20,6.00,2.60,1.38,Stadion Karađorđe (Novi Sad)
1614430800,Feb 27 2021 - 1:00pm,complete,N/A,Novi Pazar,Mačva Šabac,Marko Ivković,24,1.82,0.40,2.00,0.32,4,0,4,3,3,0,"8,10,33,59","",11,4,1,0,1,0,0,1,1,0,18,7,11,4,7,3,-1,-1,53,47,1.61,1.02,2.44,1.07,2.37,42,62,52,28,9,33,72,29,62,5.45,5.04,1.38,4.10,6.50,1.31,1.87,3.15,6.00,2.15,1.56,Gradski Stadion (Novi Pazar)
1614430800,Feb 27 2021 - 1:00pm,complete,N/A,Radnički Niš,Spartak Subotica,Dragan Čolović,24,1.82,1.55,1.63,1.11,0,1,1,0,0,0,"","82",4,6,4,0,1,0,2,2,1,0,13,12,7,7,6,5,20,22,51,49,1.62,1.48,1.96,1.76,2.55,46,68,50,23,9,41,82,23,64,9.10,4.82,2.15,3.00,3.15,1.40,2.25,4.00,7.50,2.00,1.73,Gradski Stadion Čair (Niš)
1614430800,Feb 27 2021 - 1:00pm,complete,N/A,Bačka Palanka,Čukarički,Milan Mitić,24,1.09,1.55,0.68,1.68,1,2,3,0,0,0,"53","72,85",1,6,3,0,2,0,0,3,0,2,5,14,3,9,2,5,17,22,33,67,1.63,1.59,0.80,2.29,2.32,50,64,41,27,9,32,73,32,64,9.91,4.09,4.25,3.75,1.62,1.22,1.67,2.60,4.65,1.71,1.95,Stadion Slavko Maletin Vava (Bačka Palanka)
1614430800,Feb 27 2021 - 1:00pm,complete,N/A,Radnik Surdulica,Javor Ivanjica,Srđan Jovanović,24,1.45,0.55,1.58,0.89,2,0,2,0,0,0,"64,80","",3,6,2,0,2,0,0,2,1,1,12,14,6,4,6,10,-1,-1,54,46,1.31,1.26,1.48,1.64,2.87,50,78,55,32,23,41,78,41,82,8.55,2.82,1.83,3.45,3.50,1.30,1.91,3.25,6.50,1.83,1.77,Stadion Surdulica (Surdulica)
1614438300,Feb 27 2021 - 3:05pm,complete,N/A,Metalac GM,Bačka Topola,Miloš Milanović,24,1.45,1.73,1.53,1.32,0,0,0,0,0,0,"","",0,9,1,0,0,0,1,0,0,0,5,5,2,2,3,3,9,16,46,54,1.26,1.89,0.74,0.94,2.50,55,78,41,18,14,32,78,32,73,11.00,3.91,3.70,3.40,1.80,1.34,1.95,3.25,6.00,1.91,1.74,Stadion FK Metalac (Gornji Milanovac)
1614438300,Feb 27 2021 - 3:05pm,complete,N/A,Zlatibor Čajetina,Voždovac,Danilo Grujić,24,0.64,1.00,0.68,0.95,0,0,0,0,0,0,"","",7,4,2,0,5,0,0,2,1,4,9,9,4,2,5,7,14,22,39,61,1.38,1.59,1.36,1.33,2.64,46,68,37,32,18,36,69,41,78,8.73,3.91,2.30,2.95,2.90,1.43,2.15,3.75,7.25,1.95,1.69,Gradski Stadion (Užice)
1614438300,Feb 27 2021 - 3:05pm,complete,N/A,Rad Beograd,Mladost Lučani,Nenad Minaković,24,1.18,0.45,1.53,0.79,0,1,1,0,0,0,"","68",4,0,1,0,3,0,0,1,1,2,15,2,9,0,6,2,10,22,61,39,1.64,1.12,2.21,0.47,2.68,45,69,46,36,18,36,64,41,96,10.18,3.27,2.45,2.90,2.70,1.44,2.20,3.85,7.50,2.00,1.67,Stadion Kralj Petar Prvi (Beograd)
1614528000,Feb 28 2021 - 4:00pm,complete,N/A,Red Star Belgrade,Proleter Novi Sad,Novica Anđelovski,24,2.80,1.27,2.89,1.00,4,0,4,2,2,0,"22,32,55,90","",3,4,0,0,0,0,0,0,0,0,19,6,9,3,10,3,10,17,59,41,2.51,1.24,2.51,0.91,2.66,24,82,49,20,20,49,63,43,86,12.11,2.79,1.15,6.00,10.00,1.15,1.43,2.10,3.50,2.00,1.65,Stadion Rajko Mitić (Beograd)
1614697200,Mar 02 2021 - 3:00pm,complete,N/A,Partizan,Vojvodina,Miloš Milanović,25,2.83,1.83,2.89,1.53,2,0,2,1,1,0,"25,64","",1,6,1,0,2,0,0,1,1,1,14,9,4,2,10,7,13,13,48,52,2.06,1.68,1.62,1.11,3.00,42,79,59,38,17,34,63,54,96,12.50,3.25,1.42,4.50,6.30,1.21,1.70,2.60,4.62,1.78,1.95,Stadion Partizana (Beograd)
1614776400,Mar 03 2021 - 1:00pm,complete,N/A,Radnik Surdulica,Novi Pazar,Pavle Tomić,25,1.58,0.33,1.58,0.58,4,1,5,2,1,1,"12,55,57,90'3","40",8,7,1,0,4,0,1,0,2,2,11,11,8,4,3,7,-1,-1,48,52,1.32,1.14,1.70,1.43,2.88,46,79,46,29,25,38,71,46,79,7.16,4.08,1.71,3.30,4.35,1.31,1.99,3.40,6.80,1.96,1.80,Stadion Surdulica (Surdulica)
1614776400,Mar 03 2021 - 1:00pm,complete,N/A,Napredak,Rad Beograd,Zoran Široki,25,1.42,0.83,1.68,1.00,0,2,2,1,0,1,"","8,90'3",14,3,0,0,3,0,0,0,2,1,17,9,9,4,8,5,17,14,59,41,1.36,1.29,2.38,1.25,2.25,46,63,46,17,9,34,63,34,63,7.08,4.58,1.95,2.95,3.90,1.50,2.40,4.50,8.50,2.05,1.70,Stadion Mladost (Kruševac)
1614776400,Mar 03 2021 - 1:00pm,complete,N/A,Mladost Lučani,Zlatibor Čajetina,Stanko Ostraćanin,25,1.92,0.83,2.05,0.84,0,2,2,2,0,2,"","23,42",6,0,3,0,2,0,2,1,1,1,10,3,5,0,5,3,19,18,70,30,1.45,1.24,1.81,0.41,2.55,58,84,46,21,8,42,71,42,75,10.25,5.16,1.61,3.50,4.80,0.00,0.00,0.00,0.00,0.00,0.00,Mladost Stadium Lučani (Lučani)
1614776400,Mar 03 2021 - 1:00pm,complete,N/A,Voždovac,Bačka Palanka,Đorđe Maksimović,25,1.50,0.17,1.58,0.16,2,1,3,1,0,1,"64,68","45'2",4,0,2,0,4,0,0,2,2,2,17,5,8,3,9,2,15,17,61,39,1.62,1.17,2.16,0.83,2.42,46,71,42,25,9,38,67,38,67,7.83,4.09,1.40,4.25,5.75,1.29,1.93,3.20,6.30,2.10,1.70,Stadion Event Place (Beograd)
1614776400,Mar 03 2021 - 1:00pm,complete,N/A,Čukarički,Metalac GM,Srđan Jovanović,25,2.33,1.33,2.21,1.21,2,0,2,1,1,0,"6,57","",3,0,0,0,0,0,0,0,0,0,6,10,5,6,1,4,25,13,48,52,2.05,1.28,1.19,1.49,3.30,50,88,79,42,17,38,75,59,96,9.33,4.83,1.28,4.75,7.75,1.21,1.74,2.70,4.90,2.11,1.69,Stadion na Banovom brdu (Beograd)
1614783900,Mar 03 2021 - 3:05pm,complete,N/A,Javor Ivanjica,Inđija,Lazar Lukić,25,1.83,0.58,1.53,0.53,1,1,2,1,1,0,"19","60",6,0,1,0,4,1,0,1,2,3,9,14,2,4,7,10,18,20,58,42,1.61,1.33,1.23,1.42,2.71,50,75,59,25,13,54,79,25,71,9.67,5.25,1.37,4.15,6.50,1.29,1.94,3.30,6.50,2.20,1.64,Stadion Ivanjica (Ivanjica)
1614783900,Mar 03 2021 - 3:05pm,complete,N/A,Bačka Topola,Red Star Belgrade,Novak Simović,25,1.50,2.83,1.74,2.79,1,3,4,0,0,0,"58","54,68,71",6,3,5,1,0,1,2,4,0,1,9,15,3,5,6,10,20,15,39,61,1.85,1.97,1.21,1.77,3.17,42,75,67,50,21,29,88,59,75,11.33,4.50,6.00,4.25,1.38,1.21,1.65,2.60,4.62,1.75,1.95,Gradski Stadion (Senta)
1614783900,Mar 03 2021 - 3:05pm,complete,N/A,Proleter Novi Sad,Radnički Niš,Momčilo Marković,25,1.83,1.17,1.79,0.95,2,1,3,1,1,0,"33,64","75",5,8,2,0,1,0,2,0,0,1,9,10,4,5,5,5,23,7,44,56,1.60,1.31,1.18,1.47,2.04,38,59,34,17,4,29,58,30,71,9.08,6.09,2.20,3.00,3.05,1.38,2.20,3.93,7.75,1.88,1.82,Stadion Karađorđe (Novi Sad)
1614783900,Mar 03 2021 - 3:05pm,complete,N/A,Spartak Subotica,Mačva Šabac,Aleksandar Živković,25,1.67,0.36,1.63,0.32,3,2,5,2,1,1,"44,55,72","35,54",9,2,3,0,2,1,1,2,0,3,14,8,10,7,4,1,13,18,62,38,1.51,1.02,2.25,1.31,2.34,34,66,48,18,9,30,70,35,70,6.10,4.60,1.32,4.50,6.75,1.23,1.72,2.80,5.05,2.00,1.72,Gradski Stadion (Subotica)
1615118400,Mar 07 2021 - 12:00pm,complete,N/A,Inđija,Radnik Surdulica,Dragan Čolović,26,1.25,1.33,1.32,1.32,0,1,1,0,0,0,"","85",3,2,5,0,3,0,1,4,1,2,8,7,5,5,3,2,23,17,54,46,1.34,1.16,1.44,1.28,2.54,38,59,46,29,17,25,67,42,67,7.66,3.58,2.38,3.10,2.80,1.33,1.97,3.45,6.65,1.75,1.95,Gradski Stadion (Inđija)
1615125600,Mar 07 2021 - 2:00pm,complete,N/A,Novi Pazar,Spartak Subotica,Milan Mitić,26,1.92,1.67,2.00,1.11,2,1,3,2,1,1,"25,64","15",4,4,1,0,4,0,0,1,1,3,9,4,5,3,4,1,18,24,54,46,1.68,1.50,1.49,0.93,3.04,58,75,67,46,17,54,84,21,71,8.75,4.67,3.05,3.10,2.21,1.33,1.93,3.27,6.25,1.72,2.00,Gradski Stadion (Novi Pazar)
1615125600,Mar 07 2021 - 2:00pm,complete,N/A,Mačva Šabac,Proleter Novi Sad,Marko Sreckovic,26,1.08,1.17,1.00,1.00,3,1,4,3,2,1,"29,45'1,90'3","45'2",4,9,3,0,3,0,1,2,1,2,8,21,7,9,1,12,19,7,29,71,1.34,1.21,1.39,2.88,2.25,29,75,38,13,4,29,54,38,92,8.25,4.84,2.95,3.10,2.28,1.42,2.05,3.98,7.80,1.90,1.80,Stadion FK Mačva (Šabac)
1615125600,Mar 07 2021 - 2:00pm,complete,N/A,Radnički Niš,Bačka Topola,Nenad Minaković,26,1.67,1.67,1.63,1.32,2,0,2,1,1,0,"12,52","",2,5,3,0,1,0,1,2,0,1,5,9,4,2,1,7,-1,-1,52,48,1.64,1.81,1.02,1.19,2.04,34,55,38,13,9,30,67,25,63,12.33,4.25,2.32,3.20,2.80,1.28,1.85,3.20,5.95,1.68,2.05,Gradski Stadion Čair (Niš)
1615125600,Mar 07 2021 - 2:00pm,complete,N/A,Metalac GM,Voždovac,Miloš Djordjić,26,1.42,1.00,1.53,0.95,2,1,3,0,0,0,"51,68","59",6,6,1,0,3,1,1,0,1,3,7,9,4,4,3,5,12,10,54,46,1.22,1.57,1.39,1.34,2.50,58,79,38,25,13,30,71,42,71,7.00,4.16,2.14,3.20,3.10,1.36,2.00,4.23,8.45,1.90,1.78,Stadion FK Metalac (Gornji Milanovac)
1615125600,Mar 07 2021 - 2:00pm,complete,N/A,Vojvodina,Javor Ivanjica,Andrija Stojanović,26,2.17,0.50,2.11,0.89,2,0,2,2,2,0,"9,30","",3,6,2,0,0,0,1,1,0,0,10,9,5,7,5,2,21,20,58,42,1.86,1.30,1.50,1.56,2.67,42,75,50,33,13,25,63,55,88,10.25,3.00,1.27,4.80,9.40,1.30,1.80,3.10,6.25,1.95,1.75,Stadion Karađorđe (Novi Sad)
1615133100,Mar 07 2021 - 4:05pm,complete,N/A,Rad Beograd,Partizan,Lazar Lukić,26,1.08,2.17,1.53,2.16,0,5,5,2,0,2,"","24,35,48,66,72",1,1,0,1,0,0,0,1,0,0,7,14,3,10,4,4,5,9,51,49,1.69,2.13,1.01,2.06,2.55,42,67,42,34,9,17,63,46,92,13.00,2.75,11.00,6.00,1.19,1.17,1.65,2.70,4.00,2.10,1.68,Stadion Kralj Petar Prvi (Beograd)
1615140900,Mar 07 2021 - 6:15pm,complete,N/A,Red Star Belgrade,Čukarički,Danilo Grujić,26,2.82,1.67,2.89,1.68,2,0,2,0,0,0,"72,87","",6,3,2,0,2,0,2,0,1,1,22,6,7,4,15,2,14,18,69,31,2.51,1.65,2.69,0.98,2.86,30,71,58,35,27,50,66,49,75,13.73,2.39,1.30,5.00,8.50,1.21,1.68,2.80,4.70,1.75,2.00,Stadion Rajko Mitić (Beograd)
1615215600,Mar 08 2021 - 3:00pm,complete,N/A,Bačka Palanka,Mladost Lučani,Pavle Tomić,26,1.00,0.67,0.68,0.79,1,1,2,1,1,0,"41","63",4,10,4,0,2,0,2,2,0,2,7,9,2,4,5,5,25,14,41,59,1.56,1.07,1.14,1.49,2.75,55,75,54,34,17,42,67,46,88,7.75,4.50,2.60,3.10,2.44,1.38,2.20,0.00,0.00,0.00,0.00,Stadion Slavko Maletin Vava (Bačka Palanka)
1615223100,Mar 08 2021 - 5:05pm,complete,N/A,Zlatibor Čajetina,Napredak,Novak Simović,26,0.67,0.42,0.68,0.95,1,2,3,2,1,1,"45","7,87",6,0,2,0,5,0,2,0,1,4,13,7,7,5,6,2,10,25,55,45,1.38,1.17,1.90,1.15,2.00,25,50,38,13,9,34,54,25,67,9.25,3.91,2.51,3.40,2.53,1.47,1.87,4.22,8.30,2.00,1.75,Gradski Stadion (Užice)
1615486200,Mar 11 2021 - 6:10pm,complete,N/A,Red Star Belgrade,Mačva Šabac,Jovan Šegrt,22,2.83,0.33,2.89,0.32,4,0,4,2,2,0,"9,24,79,87","",7,0,1,0,2,0,0,1,2,0,28,4,11,4,17,0,11,16,74,26,2.52,1.04,3.27,0.66,2.92,21,80,63,34,21,54,75,46,80,9.75,3.08,1.01,12.00,19.00,1.04,1.16,1.41,1.95,2.40,1.47,Stadion Rajko Mitić (Beograd)
1615647600,Mar 13 2021 - 3:00pm,complete,N/A,Čukarički,Radnički Niš,Marko Ivković,27,2.38,1.08,2.21,0.95,0,0,0,0,0,0,"","",6,4,1,0,5,0,1,0,1,4,11,7,6,3,5,4,16,21,61,39,1.98,1.33,1.96,1.20,2.85,35,81,62,31,12,31,70,58,89,11.23,5.54,1.77,3.20,4.10,1.30,2.00,3.40,6.50,1.82,1.88,Stadion na Banovom brdu (Beograd)
1615723200,Mar 14 2021 - 12:00pm,complete,N/A,Inđija,Novi Pazar,Aleksandar Živković,27,1.15,0.31,1.32,0.58,1,0,1,0,0,0,"88","",7,1,2,0,2,1,1,1,2,1,15,11,6,4,9,7,17,14,60,40,1.35,1.16,2.10,1.43,2.73,35,58,43,31,27,31,66,35,77,6.46,4.39,1.67,3.40,4.50,1.33,2.00,3.40,7.15,2.00,1.72,Gradski Stadion (Inđija)
1615723200,Mar 14 2021 - 12:00pm,complete,N/A,Javor Ivanjica,Rad Beograd,Novak Simović,27,1.77,1.00,1.53,1.00,1,1,2,1,0,1,"71","33",5,2,1,0,3,0,0,1,1,2,20,9,8,4,12,5,14,14,53,47,1.58,1.28,2.56,1.26,2.58,46,70,54,23,12,46,77,27,62,9.54,4.61,1.83,3.30,3.80,1.27,2.00,3.30,6.30,1.78,1.90,Stadion Ivanjica (Ivanjica)
1615723200,Mar 14 2021 - 12:00pm,complete,N/A,Napredak,Bačka Palanka,Srđan Jovanović,27,1.31,0.15,1.68,0.16,2,1,3,1,1,0,"2,61","74",8,5,2,0,1,0,0,2,0,1,13,8,8,3,5,5,16,16,43,57,1.44,1.15,1.81,1.09,2.00,50,62,38,12,0,19,54,38,70,7.77,4.62,1.57,3.60,5.00,1.30,1.96,3.63,7.00,2.10,1.65,Stadion Mladost (Kruševac)
1615723200,Mar 14 2021 - 12:00pm,complete,N/A,Mladost Lučani,Metalac GM,Nikola Radaković,27,1.77,1.23,2.05,1.21,1,1,2,2,1,1,"38","28",9,4,3,0,3,0,0,3,0,3,9,7,5,4,4,3,19,15,56,44,1.47,1.30,1.58,1.13,2.73,58,81,58,31,12,42,73,38,85,9.46,5.23,0.00,0.00,0.00,0.00,0.00,0.00,0.00,0.00,0.00,Mladost Stadium Lučani (Lučani)
1615813200,Mar 15 2021 - 1:00pm,complete,N/A,Radnik Surdulica,Vojvodina,Zoran Široki,27,1.69,1.69,1.58,1.53,2,2,4,3,2,1,"30,42","45'2,74",6,6,5,0,3,0,2,3,1,2,7,12,4,5,3,7,20,8,37,63,1.35,1.64,1.10,1.58,2.96,50,81,46,35,23,42,73,50,85,11.00,3.46,4.45,3.50,1.65,1.33,1.95,3.35,6.25,2.00,1.67,Stadion Surdulica (Surdulica)
1615813200,Mar 15 2021 - 1:00pm,complete,N/A,Bačka Topola,Mačva Šabac,Novica Anđelovski,27,1.38,0.31,1.74,0.32,3,0,3,2,2,0,"8,37,90'3","",10,1,0,0,0,0,0,0,0,0,23,4,10,4,13,0,10,14,66,34,1.80,1.01,3.03,0.90,3.16,35,77,70,50,20,42,77,54,73,8.08,4.85,1.19,5.75,9.50,1.24,1.65,2.70,5.25,2.70,1.36,Gradski Stadion (Senta)
1615813200,Mar 15 2021 - 1:00pm,complete,N/A,Proleter Novi Sad,Spartak Subotica,Miloš Djordjić,27,1.92,1.54,1.79,1.11,2,0,2,0,0,0,"82,90'3","",4,2,5,0,3,1,2,3,0,4,9,9,5,4,4,5,22,16,57,43,1.57,1.46,1.55,1.26,2.54,54,70,50,23,8,43,77,19,70,9.24,4.93,2.15,3.15,3.00,1.33,1.91,3.15,5.75,1.80,1.83,Stadion Karađorđe (Novi Sad)
1615820700,Mar 15 2021 - 3:05pm,complete,N/A,Voždovac,Red Star Belgrade,Dragan Čolović,27,1.62,2.85,1.58,2.79,1,4,5,3,1,2,"4","30,37,67,76",4,11,2,0,2,0,1,1,1,1,6,17,3,10,3,7,16,15,30,70,1.66,1.96,0.89,2.53,2.85,54,81,54,38,12,27,85,50,77,9.62,4.15,14.00,8.75,1.07,1.17,1.45,2.15,3.70,2.75,1.34,Stadion Event Place (Beograd)
1615828200,Mar 15 2021 - 5:10pm,complete,N/A,Partizan,Zlatibor Čajetina,Milan Mitić,27,2.85,1.00,2.89,0.84,5,1,6,3,3,0,"21,34,44,74,84","52",4,1,0,0,1,0,0,0,0,1,14,4,8,2,6,2,16,18,67,33,2.02,1.18,1.80,0.49,2.77,39,89,50,23,12,35,70,46,85,9.00,3.16,1.07,9.25,13.00,1.12,1.36,1.87,3.05,2.50,1.42,Stadion Partizana (Beograd)
1616173200,Mar 19 2021 - 5:00pm,complete,N/A,Metalac GM,Napredak,Nenad Minaković,28,1.54,0.62,1.53,0.95,2,2,4,2,1,1,"6,86","11,85",5,2,1,0,2,0,0,1,1,1,19,13,8,5,11,8,14,14,58,42,1.23,1.16,2.41,1.44,2.15,47,70,47,8,4,31,62,31,69,7.23,4.08,2.20,3.00,3.05,1.45,2.25,4.00,8.00,2.05,1.61,Stadion FK Metalac (Gornji Milanovac)
1616248800,Mar 20 2021 - 2:00pm,complete,N/A,Spartak Subotica,Bačka Topola,Miloš Milanović,28,1.77,1.54,1.63,1.32,2,2,4,1,1,0,"23,90'1","64,74",1,6,2,0,5,0,0,2,1,4,8,15,4,5,4,10,18,21,44,56,1.58,1.76,1.14,1.90,2.58,46,69,50,23,19,38,73,35,73,11.93,3.92,2.18,3.00,2.90,1.36,2.05,3.73,7.25,1.85,1.88,Gradski Stadion (Subotica)
1616248800,Mar 20 2021 - 2:00pm,complete,N/A,Radnički Niš,Voždovac,Marko Sreckovic,28,1.77,0.92,1.63,0.95,0,1,1,0,0,0,"","72",12,4,3,0,2,0,1,2,0,2,7,10,2,6,5,4,17,20,53,47,1.60,1.55,1.29,1.47,2.27,43,66,39,19,8,27,66,39,70,8.46,4.92,1.80,3.50,4.40,1.36,1.70,3.80,7.35,2.00,1.72,Gradski Stadion Čair (Niš)
1616248800,Mar 20 2021 - 2:00pm,complete,N/A,Bačka Palanka,Partizan,Miloš Djordjić,28,1.00,2.23,0.68,2.16,0,4,4,1,0,1,"","44,58,62,88",3,9,4,0,2,0,1,3,1,1,7,22,4,13,3,9,15,13,33,67,1.52,2.12,0.99,2.99,2.81,54,81,54,35,12,27,74,54,85,10.61,3.92,7.00,5.25,1.23,1.16,1.50,2.38,3.82,2.25,1.58,Stadion Slavko Maletin Vava (Bačka Palanka)
1616248800,Mar 20 2021 - 2:00pm,complete,N/A,Zlatibor Čajetina,Javor Ivanjica,Srđan Jovanović,28,0.62,0.46,0.68,0.89,0,2,2,1,0,1,"","14,83",3,7,4,0,4,0,1,3,1,3,14,10,5,5,9,5,11,21,54,46,1.42,1.32,1.73,1.45,2.35,39,62,39,23,15,35,62,31,77,8.92,3.54,2.25,3.10,3.00,1.42,2.25,4.25,8.40,1.95,1.75,Gradski Stadion (Užice)
1616263200,Mar 20 2021 - 6:00pm,complete,N/A,Red Star Belgrade,Mladost Lučani,Aleksandar Živković,28,2.85,0.69,2.89,0.79,4,1,5,4,3,1,"39,40,45,51","34",15,1,0,0,1,0,0,0,1,0,11,7,3,2,8,5,13,12,66,34,2.59,1.10,1.71,0.90,3.16,31,81,62,42,31,58,66,58,96,12.08,2.85,1.07,8.00,13.00,0.00,1.38,2.10,0.00,0.00,0.00,Stadion Rajko Mitić (Beograd)
1616335200,Mar 21 2021 - 2:00pm,complete,N/A,Novi Pazar,Proleter Novi Sad,Lazar Lukić,28,2.00,1.08,2.00,1.00,5,0,5,3,3,0,"8,22,27,52,54","",2,4,2,0,2,0,0,2,1,1,9,11,7,4,2,7,19,13,43,57,1.67,1.34,1.38,1.50,2.50,47,73,50,31,8,43,66,31,77,8.39,4.38,1.91,3.20,3.50,1.34,1.95,3.20,6.50,1.87,1.77,Gradski Stadion (Novi Pazar)
1616335200,Mar 21 2021 - 2:00pm,complete,N/A,Mačva Šabac,Čukarički,Danilo Grujić,28,1.23,1.54,1.00,1.68,1,2,3,2,1,1,"30","14,72",4,6,1,0,6,0,0,1,2,4,8,15,3,10,5,5,20,13,51,49,1.35,1.60,0.95,1.93,2.39,38,66,43,23,12,27,54,39,81,10.08,4.69,6.75,4.15,1.36,1.27,1.77,2.80,5.25,2.10,1.59,Stadion FK Mačva (Šabac)
1616335200,Mar 21 2021 - 2:00pm,complete,N/A,Rad Beograd,Radnik Surdulica,Dragan Čolović,28,1.00,1.46,1.53,1.32,2,0,2,1,1,0,"31,67","",10,5,2,0,0,0,2,0,0,0,19,10,7,3,12,7,10,8,60,40,1.64,1.17,2.21,1.12,2.42,46,66,46,31,8,27,66,39,81,8.92,3.69,1.36,4.25,6.50,1.27,1.80,3.00,6.00,2.15,1.56,Stadion Kralj Petar Prvi (Beograd)
1616335200,Mar 21 2021 - 2:00pm,complete,N/A,Vojvodina,Inđija,Stanko Ostraćanin,28,2.23,0.62,2.11,0.53,2,1,3,2,2,0,"16,18","90'3",3,1,1,0,0,0,0,1,0,0,7,11,4,6,3,5,14,19,53,47,1.83,1.34,1.28,1.58,2.54,35,77,42,23,12,39,74,39,77,9.15,4.31,1.27,4.85,7.75,1.30,1.80,3.00,6.00,2.45,1.43,Stadion Karađorđe (Novi Sad)
1617375600,Apr 02 2021 - 3:00pm,complete,N/A,Vojvodina,Novi Pazar,Pavle Tomić,29,2.29,0.29,2.11,0.58,1,0,1,0,0,0,"66","",8,6,0,0,1,0,0,0,0,1,11,11,4,6,7,5,13,17,67,33,1.80,1.18,1.70,1.50,2.75,43,75,47,33,18,33,64,50,83,8.57,4.29,1.44,4.33,7.00,1.22,2.00,2.90,4.70,2.15,1.63,Stadion Karađorđe (Novi Sad)
1617375600,Apr 02 2021 - 3:00pm,complete,N/A,Mladost Lučani,Radnički Niš,Zoran Široki,29,1.71,1.07,2.05,0.95,4,1,5,0,0,0,"62,71,74,84","82",8,4,2,0,4,0,0,2,1,3,15,3,4,2,11,1,16,19,47,53,1.48,1.32,1.76,0.68,2.29,47,72,43,21,7,40,64,40,72,11.92,6.43,0.00,0.00,0.00,0.00,0.00,0.00,0.00,0.00,0.00,Mladost Stadium Lučani (Lučani)
1617375600,Apr 02 2021 - 3:00pm,complete,N/A,Voždovac,Mačva Šabac,Nikola Radaković,29,1.50,0.29,1.58,0.32,0,0,0,0,0,0,"","",6,6,2,0,2,0,1,1,2,0,27,6,12,2,15,4,9,11,59,41,1.61,1.01,3.19,0.86,2.86,43,82,57,36,14,47,83,43,75,6.43,4.07,1.40,4.20,6.25,1.22,1.87,3.30,5.60,2.05,1.68,Stadion Event Place (Beograd)
1617375600,Apr 02 2021 - 3:00pm,complete,N/A,Bačka Topola,Proleter Novi Sad,Novica Anđelovski,29,1.50,1.00,1.74,1.00,2,0,2,1,1,0,"33,89","",7,2,1,0,0,1,0,1,1,0,15,4,6,0,9,4,14,11,66,34,1.88,1.35,1.95,0.62,3.04,36,83,61,43,18,43,68,54,83,10.65,4.36,1.71,3.40,4.33,1.33,1.73,3.30,6.20,1.92,1.78,Gradski Stadion (Senta)
1617383100,Apr 02 2021 - 5:05pm,complete,N/A,Čukarički,Spartak Subotica,Srđan Jovanović,29,2.29,1.43,2.21,1.11,5,1,6,3,2,1,"8,30,47,55,58","45'2",2,1,1,0,1,0,1,0,0,1,21,10,17,4,4,6,19,10,55,45,1.98,1.44,3.08,1.29,3.11,43,86,68,36,14,43,79,43,83,10.86,4.64,1.67,3.70,5.00,1.23,1.80,3.30,5.85,1.93,1.77,Stadion na Banovom brdu (Beograd)
1617454500,Apr 03 2021 - 12:55pm,complete,N/A,Inđija,Rad Beograd,Miloš Milanović,29,1.29,1.00,1.32,1.00,1,0,1,0,0,0,"63","",6,9,1,0,4,1,0,1,2,3,13,7,4,0,9,7,17,18,45,55,1.40,1.28,1.68,1.12,2.33,22,50,36,18,18,32,68,21,64,7.00,3.78,2.48,2.97,2.47,1.42,2.19,4.30,8.40,2.00,1.75,Gradski Stadion (Inđija)
1617454500,Apr 03 2021 - 12:55pm,complete,N/A,Radnik Surdulica,Zlatibor Čajetina,Đorđe Maksimović,29,1.64,0.93,1.58,0.84,2,1,3,0,0,0,"57,59","82",8,2,2,0,2,0,1,1,1,1,11,12,6,3,5,9,9,17,55,45,1.33,1.13,1.57,1.31,2.97,54,90,47,29,22,50,79,47,75,7.85,3.57,1.50,4.20,6.00,1.29,1.84,3.10,6.00,2.00,1.75,Stadion Surdulica (Surdulica)
1617454500,Apr 03 2021 - 12:55pm,complete,N/A,Javor Ivanjica,Bačka Palanka,Lazar Lukić,29,1.71,0.14,1.53,0.16,1,1,2,1,0,1,"76","4",6,1,3,0,4,0,1,2,1,3,16,6,4,2,12,4,16,16,59,41,1.65,1.14,2.09,0.91,2.36,57,68,50,18,4,32,68,36,68,9.50,4.57,1.34,4.17,6.57,1.29,1.91,3.25,6.00,2.10,1.65,Stadion Ivanjica (Ivanjica)
1617462000,Apr 03 2021 - 3:00pm,complete,N/A,Napredak,Red Star Belgrade,Jovan Šegrt,29,1.43,2.86,1.68,2.79,1,4,5,2,0,2,"72","21,25,71,76",1,5,1,0,0,0,0,1,0,0,4,15,3,7,1,8,19,24,35,65,1.46,2.00,0.69,2.08,2.50,57,71,50,29,7,14,72,50,79,10.50,4.50,9.64,5.80,1.16,1.16,1.47,2.27,3.80,2.55,1.45,Stadion Mladost (Kruševac)
1617469500,Apr 03 2021 - 5:05pm,complete,N/A,Partizan,Metalac GM,Danilo Grujić,29,2.86,1.21,2.89,1.21,3,0,3,1,1,0,"44,53,58","",5,1,2,0,1,0,1,1,1,0,19,10,11,3,8,7,16,10,58,42,2.01,1.29,2.33,1.06,3.07,47,86,64,36,18,36,72,47,97,8.50,3.21,1.18,5.80,8.68,1.17,1.51,2.37,4.00,2.10,1.65,Stadion Partizana (Beograd)
1617724800,Apr 06 2021 - 4:00pm,complete,N/A,Novi Pazar,Bačka Topola,Srđan Jovanović,30,2.07,1.50,2.00,1.32,2,1,3,1,1,0,"7,72","76",1,9,3,0,1,0,1,2,0,1,11,14,4,6,7,8,14,17,38,62,1.65,1.77,1.33,1.99,2.79,50,71,61,40,18,47,79,29,71,11.43,4.15,2.40,3.45,2.40,1.27,1.80,2.85,5.25,1.69,1.95,Gradski Stadion (Novi Pazar)
1617724800,Apr 06 2021 - 4:00pm,complete,N/A,Proleter Novi Sad,Čukarički,Andrija Stojanović,30,2.00,1.64,1.79,1.68,0,1,1,0,0,0,"","90'1",2,9,2,0,2,0,1,1,1,1,3,8,0,5,3,3,20,9,35,65,1.56,1.62,0.50,1.38,2.04,43,57,33,14,7,21,54,36,64,10.36,4.86,3.30,3.45,1.91,1.32,1.91,3.20,6.00,1.87,1.77,Stadion Karađorđe (Novi Sad)
1617724800,Apr 06 2021 - 4:00pm,complete,N/A,Spartak Subotica,Voždovac,Marko Ivković,30,1.71,1.07,1.63,0.95,3,0,3,1,1,0,"38,52,65","",3,1,3,0,1,0,0,3,0,1,10,12,7,5,3,7,21,21,43,57,1.54,1.54,1.53,1.59,2.79,57,75,54,33,18,36,68,50,79,8.21,4.57,1.91,3.65,3.15,1.29,1.83,3.00,5.50,1.83,1.80,Gradski Stadion (Subotica)
1617724800,Apr 06 2021 - 4:00pm,complete,N/A,Mačva Šabac,Mladost Lučani,Aleksandar Živković,30,1.14,0.64,1.00,0.79,0,2,2,1,0,1,"","26,59",2,4,3,0,1,0,0,3,0,1,5,9,2,4,3,5,16,17,49,51,1.32,1.08,0.00,0.00,2.82,47,75,54,32,22,43,61,40,100,8.58,4.79,7.00,4.15,1.34,1.34,1.95,3.40,6.75,2.25,1.51,Stadion FK Mačva (Šabac)
1617796800,Apr 07 2021 - 12:00pm,complete,N/A,Radnički Niš,Napredak,Lazar Lukić,30,1.64,0.64,1.63,0.95,1,2,3,1,0,1,"62","7,73",3,1,7,1,4,0,3,5,2,2,8,5,3,4,5,1,24,20,57,43,1.57,1.19,1.23,0.77,1.93,29,54,43,7,0,32,61,25,68,8.72,4.78,1.75,3.40,4.20,1.38,2.11,3.90,8.10,2.06,1.73,Gradski Stadion Čair (Niš)
1617796800,Apr 07 2021 - 12:00pm,complete,N/A,Bačka Palanka,Radnik Surdulica,Momčilo Marković,30,0.93,1.36,0.68,1.32,0,2,2,1,0,1,"","36,89",2,2,0,0,2,0,0,0,1,1,12,8,4,4,8,4,16,13,56,44,1.48,1.16,1.80,1.22,2.54,57,79,54,29,4,29,75,43,75,7.43,4.85,2.74,3.30,2.38,1.33,1.94,3.62,6.95,1.87,1.89,Stadion Slavko Maletin Vava (Bačka Palanka)
1617796800,Apr 07 2021 - 12:00pm,complete,N/A,Rad Beograd,Vojvodina,Zoran Široki,30,1.14,1.64,1.53,1.53,2,0,2,0,0,0,"48,52","",3,9,3,0,1,0,1,2,0,1,8,13,3,4,5,9,20,11,38,62,1.68,1.64,1.12,1.69,2.68,47,72,43,36,11,36,71,32,93,11.50,3.57,4.28,3.51,1.76,1.33,2.03,3.52,6.75,2.00,1.75,Stadion Kralj Petar Prvi (Beograd)
1617811200,Apr 07 2021 - 4:00pm,complete,N/A,Red Star Belgrade,Partizan,Novak Simović,30,2.86,2.29,2.89,2.16,1,0,1,0,0,0,"58","",4,9,4,0,2,0,1,3,0,2,13,13,4,5,9,8,27,17,44,56,2.52,2.18,1.62,1.76,3.36,29,86,68,50,29,47,72,68,93,15.14,2.14,2.10,3.39,3.42,1.33,1.94,3.60,7.00,1.80,1.95,Stadion Rajko Mitić (Beograd)
1617890400,Apr 08 2021 - 2:00pm,complete,N/A,Metalac GM,Javor Ivanjica,Miloš Milanović,30,1.50,0.64,1.53,0.89,1,2,3,2,0,2,"51","13,20",10,2,3,0,1,1,1,2,2,0,13,10,5,4,8,6,21,16,70,30,1.32,1.33,1.77,1.20,2.47,54,79,43,22,11,29,68,40,79,7.50,3.57,2.10,3.20,3.10,1.40,2.20,4.00,8.30,1.97,1.80,Stadion FK Metalac (Gornji Milanovac)
1617890400,Apr 08 2021 - 2:00pm,complete,N/A,Zlatibor Čajetina,Inđija,Nenad Minaković,30,0.57,0.57,0.68,0.53,2,2,4,3,1,2,"35,87","37,40",3,4,5,0,3,0,2,3,1,2,13,22,6,8,7,14,17,12,45,55,1.44,1.36,1.57,2.43,2.29,36,65,36,14,14,43,72,18,75,7.65,4.85,2.20,3.10,3.00,1.40,2.25,4.12,8.10,2.00,1.77,Gradski Stadion (Užice)
1618074000,Apr 10 2021 - 5:00pm,complete,N/A,Mladost Lučani,Spartak Subotica,Milan Mitić,31,1.80,1.33,2.05,1.11,1,0,1,0,0,0,"55","",3,4,2,0,4,1,1,1,1,4,7,6,4,3,3,3,16,27,54,46,1.50,1.43,0.00,0.00,2.93,60,84,57,34,17,54,77,34,74,11.47,5.33,0.00,0.00,0.00,0.00,0.00,0.00,0.00,0.00,0.00,Mladost Stadium Lučani (Lučani)
1618074000,Apr 10 2021 - 5:00pm,complete,N/A,Voždovac,Proleter Novi Sad,Stanko Ostraćanin,31,1.47,0.93,1.58,1.00,1,1,2,1,1,0,"20","58",11,7,1,1,2,0,0,2,2,0,15,11,7,4,8,7,22,27,48,52,1.71,1.30,1.95,1.42,2.63,44,84,43,30,14,40,70,44,80,8.73,3.93,1.90,3.42,3.82,1.33,1.86,3.60,7.00,1.85,1.85,Stadion Event Place (Beograd)
1618074000,Apr 10 2021 - 5:00pm,complete,N/A,Čukarički,Bačka Topola,Zoran Široki,31,2.33,1.40,2.21,1.32,0,0,0,0,0,0,"","",3,3,4,0,2,0,2,2,2,0,7,8,6,5,1,3,22,22,49,51,2.05,1.79,1.50,1.49,2.94,40,80,63,34,17,33,77,50,80,13.73,3.86,1.63,4.10,4.48,1.24,1.70,2.33,5.20,1.70,2.05,Stadion na Banovom brdu (Beograd)
1618146000,Apr 11 2021 - 1:00pm,complete,N/A,Javor Ivanjica,Red Star Belgrade,Lazar Lukić,31,1.67,2.87,1.53,2.79,1,5,6,3,1,2,"4","8,31,65,72,82",8,6,2,0,3,0,0,2,0,3,9,19,4,11,5,8,14,14,48,52,1.68,2.00,1.32,2.39,2.84,63,77,57,37,14,30,84,44,77,11.80,4.47,11.00,6.50,1.15,1.12,1.36,2.09,3.18,2.05,1.70,Stadion Ivanjica (Ivanjica)
1618160400,Apr 11 2021 - 5:00pm,complete,N/A,Partizan,Radnički Niš,Miloš Djordjić,31,2.87,1.00,2.89,0.95,2,0,2,1,1,0,"44,58","",10,3,2,0,1,0,2,0,0,1,23,5,10,0,13,5,14,14,62,38,2.03,1.27,2.62,0.53,2.77,34,77,57,30,17,27,60,54,90,10.60,4.47,1.20,5.25,8.50,1.14,1.40,2.08,3.55,1.90,1.80,Stadion Partizana (Beograd)
1618236000,Apr 12 2021 - 2:00pm,complete,N/A,Inđija,Bačka Palanka,Srđan Jovanović,31,1.40,0.20,1.32,0.16,1,0,1,1,1,0,"21","",1,5,2,0,1,0,1,1,0,1,10,9,5,4,5,5,16,20,50,50,1.42,1.13,1.52,1.46,2.10,30,47,34,14,10,20,57,30,70,7.13,3.86,1.40,4.52,7.35,1.30,2.01,3.55,6.75,2.50,1.48,Gradski Stadion (Inđija)
1618243200,Apr 12 2021 - 4:00pm,complete,N/A,Rad Beograd,Novi Pazar,Novak Simović,31,1.27,0.27,1.53,0.58,3,2,5,2,1,1,"10,52,77","26,82",7,3,1,0,3,0,0,1,0,3,17,13,10,9,7,4,11,18,46,54,1.64,1.20,2.26,1.92,2.57,40,67,40,30,17,30,64,34,90,8.20,4.20,1.67,3.80,4.83,1.29,1.92,3.30,6.15,1.85,1.88,Stadion Kralj Petar Prvi (Beograd)
1618243200,Apr 12 2021 - 4:00pm,complete,N/A,Vojvodina,Zlatibor Čajetina,Marko Sreckovic,31,2.33,0.87,2.11,0.84,2,1,3,1,1,0,"33,77","63",3,0,1,0,2,0,0,1,0,2,12,4,3,2,9,2,12,21,65,35,1.79,1.14,1.70,0.88,2.67,47,83,44,24,10,37,67,50,77,8.80,3.33,1.18,6.30,15.25,1.12,1.59,1.57,3.54,1.91,1.80,Stadion Karađorđe (Novi Sad)
1618243200,Apr 12 2021 - 4:00pm,complete,N/A,Radnik Surdulica,Metalac GM,Nikola Radaković,31,1.73,1.13,1.58,1.21,1,2,3,2,1,1,"23","30,59",6,1,1,0,4,0,0,1,1,3,8,14,6,6,2,8,11,22,55,45,1.35,1.27,1.44,1.59,3.04,57,87,60,33,20,44,77,47,87,7.73,3.73,1.83,3.45,4.28,1.28,1.89,3.10,5.95,1.75,1.95,Stadion Surdulica (Surdulica)
1618243200,Apr 12 2021 - 4:00pm,complete,N/A,Napredak,Mačva Šabac,Novica Anđelovski,31,1.33,0.33,1.68,0.32,2,0,2,1,1,0,"41,55","",6,6,0,0,2,0,0,0,2,0,16,5,6,0,10,5,9,24,57,43,1.41,1.00,2.01,0.80,2.37,44,70,50,24,7,30,67,40,74,6.93,4.33,1.38,4.57,7.95,1.20,1.80,3.00,5.15,2.30,1.55,Stadion Mladost (Kruševac)
1618581600,Apr 16 2021 - 2:00pm,complete,N/A,Bačka Palanka,Vojvodina,Đorđe Maksimović,32,0.87,1.53,0.68,1.53,1,2,3,2,0,2,"61","6,28",4,3,2,0,1,0,0,2,0,1,13,15,4,9,9,6,18,10,42,58,1.51,1.64,1.44,1.98,2.77,57,84,50,34,7,37,77,40,87,9.66,4.60,9.80,4.35,1.35,1.16,1.60,2.40,4.10,1.80,1.90,Stadion Slavko Maletin Vava (Bačka Palanka)
1618589100,Apr 16 2021 - 4:05pm,complete,N/A,Mačva Šabac,Partizan,Pavle Tomić,32,1.07,2.13,1.00,2.16,1,2,3,2,1,1,"2","43,55",0,5,4,0,1,0,1,3,1,0,3,26,2,13,1,13,19,13,32,68,1.32,2.15,0.55,3.33,2.80,37,77,53,34,14,27,64,50,97,11.33,4.27,17.50,13.50,1.06,1.06,1.28,1.60,2.34,1.75,1.95,Stadion FK Mačva (Šabac)
1618678800,Apr 17 2021 - 5:00pm,complete,N/A,Red Star Belgrade,Radnik Surdulica,Stanko Ostraćanin,32,2.87,1.47,2.89,1.32,2,1,3,1,0,1,"54,85","34",13,1,2,0,2,0,1,1,2,0,26,4,9,4,17,0,11,10,71,29,2.46,1.17,3.18,0.78,2.90,34,80,60,37,20,47,70,50,83,11.47,3.13,1.12,7.75,15.00,1.10,1.40,2.08,3.26,2.45,1.50,Stadion Rajko Mitić (Beograd)
1618743600,Apr 18 2021 - 11:00am,complete,N/A,Novi Pazar,Čukarički,Nenad Minaković,32,2.13,1.73,2.00,1.68,1,3,4,2,1,1,"21","44,78,79",7,2,3,0,3,1,2,1,2,2,12,10,4,9,8,1,10,22,54,46,1.63,1.60,1.63,1.78,2.57,50,63,53,34,17,37,64,37,70,9.73,4.47,3.58,3.18,1.90,1.27,1.83,3.10,5.25,1.74,1.91,Gradski Stadion (Novi Pazar)
1618743600,Apr 18 2021 - 11:00am,complete,N/A,Metalac GM,Inđija,Lazar Lukić,32,1.40,0.60,1.53,0.53,0,0,0,0,0,0,"","",3,7,5,0,4,0,2,3,1,3,6,10,2,5,4,5,15,32,52,48,1.35,1.43,1.07,1.44,2.50,57,80,47,17,10,44,77,27,77,6.67,4.67,2.08,3.08,3.18,1.33,2.04,3.55,7.00,1.95,1.71,Stadion FK Metalac (Gornji Milanovac)
1618743600,Apr 18 2021 - 11:00am,complete,N/A,Zlatibor Čajetina,Rad Beograd,Danilo Grujić,32,0.60,0.93,0.68,1.00,1,2,3,0,0,0,"74","50,52",5,4,2,0,5,0,1,1,2,3,8,14,6,5,2,9,13,13,50,50,1.45,1.27,0.00,0.00,2.20,30,57,34,17,13,37,67,20,67,8.13,4.80,7.44,3.77,1.39,1.42,1.98,3.25,6.50,2.30,1.49,Gradski Stadion (Užice)
1618765200,Apr 18 2021 - 5:00pm,complete,N/A,Bačka Topola,Voždovac,Aleksandar Živković,32,1.60,1.00,1.74,0.95,4,1,5,1,1,0,"45,63,68,69","59",9,0,2,0,3,1,0,2,2,2,17,7,11,3,6,4,18,16,66,34,1.89,1.55,2.44,0.86,3.20,47,84,67,47,20,40,74,57,80,10.33,4.40,1.67,3.60,4.05,1.23,1.81,2.85,5.40,1.75,2.00,Gradski Stadion (Senta)
1618765200,Apr 18 2021 - 5:00pm,complete,N/A,Proleter Novi Sad,Mladost Lučani,Miloš Milanović,32,1.87,0.80,1.79,0.79,0,1,1,0,0,0,"","62",6,2,3,0,2,0,2,1,1,1,7,6,2,5,5,1,10,17,68,32,1.49,1.08,1.33,1.06,2.37,44,63,37,24,17,30,57,37,84,8.67,4.66,2.95,2.45,2.70,1.48,2.30,4.00,8.00,1.91,1.71,Stadion Karađorđe (Novi Sad)
1618765200,Apr 18 2021 - 5:00pm,complete,N/A,Spartak Subotica,Napredak,Jovan Šegrt,32,1.80,0.80,1.63,0.95,0,2,2,1,0,1,"","34,77",3,5,2,0,2,0,0,2,0,2,6,11,4,7,2,4,20,23,50,50,1.54,1.16,0.00,0.00,2.57,47,70,64,20,10,40,70,43,77,7.67,4.60,5.50,3.80,1.45,1.25,1.77,2.85,5.50,1.95,1.69,Gradski Stadion (Subotica)
1618765200,Apr 18 2021 - 5:00pm,complete,N/A,Radnički Niš,Javor Ivanjica,Novak Simović,32,1.53,0.80,1.63,0.89,0,0,0,0,0,0,"","",8,6,1,0,3,0,0,1,0,3,6,13,3,3,3,10,16,20,58,42,1.55,1.32,1.21,1.63,2.17,37,64,40,14,7,27,67,30,77,8.73,4.80,1.57,3.60,4.90,1.33,1.95,3.25,6.00,2.05,1.65,Gradski Stadion Čair (Niš)
1619193600,Apr 23 2021 - 4:00pm,complete,N/A,Zlatibor Čajetina,Novi Pazar,Miloš Milanović,33,0.56,0.25,0.68,0.58,0,1,1,0,0,0,"","55",3,3,3,0,3,1,0,3,3,1,9,13,2,2,7,11,17,18,52,48,1.45,1.25,1.19,1.33,2.57,44,63,41,29,22,35,60,35,82,7.56,5.13,4.10,3.35,1.74,1.31,1.95,3.25,6.00,1.91,1.74,Gradski Stadion (Užice)
1619269200,Apr 24 2021 - 1:00pm,complete,N/A,Rad Beograd,Bačka Palanka,Miloš Djordjić,33,1.38,0.19,1.53,0.16,3,0,3,1,1,0,"15,48,87","",8,4,2,0,3,0,1,1,1,2,15,7,7,4,8,3,16,20,48,52,1.68,1.15,1.92,1.14,2.22,41,63,38,19,7,25,66,35,79,8.63,3.69,1.17,6.00,10.25,1.36,2.10,3.75,7.00,2.75,1.40,Stadion Kralj Petar Prvi (Beograd)
1619269200,Apr 24 2021 - 1:00pm,complete,N/A,Javor Ivanjica,Mačva Šabac,Momčilo Marković,33,1.56,0.31,1.53,0.32,2,0,2,2,2,0,"3,44","",7,0,0,0,1,0,0,0,1,0,25,4,12,0,13,4,13,12,49,51,1.66,0.99,2.92,0.45,2.63,47,75,53,28,10,41,78,31,72,8.88,4.51,1.22,5.50,8.75,1.29,1.74,2.85,5.50,2.40,1.45,Stadion Ivanjica (Ivanjica)
1619269200,Apr 24 2021 - 1:00pm,complete,N/A,Napredak,Proleter Novi Sad,Dragan Čolović,33,1.44,0.94,1.68,1.00,5,0,5,1,1,0,"5,54,67,69,86","",2,5,1,0,0,0,0,1,0,0,17,11,8,5,9,6,18,15,40,60,1.45,1.31,1.98,1.65,2.31,47,78,38,19,6,25,63,41,85,9.12,4.06,1.34,4.30,6.50,1.34,1.91,3.30,6.50,2.15,1.56,Stadion Mladost (Kruševac)
1619269200,Apr 24 2021 - 1:00pm,complete,N/A,Mladost Lučani,Bačka Topola,Pavle Tomić,33,1.88,1.38,2.05,1.32,2,1,3,1,0,1,"58,78","42",4,6,2,0,4,1,1,1,3,2,11,6,3,3,8,3,9,18,52,48,1.50,1.77,1.32,1.05,2.44,50,72,47,25,13,38,69,35,69,14.31,4.69,1.69,3.60,4.05,1.25,1.74,2.80,5.25,1.74,1.91,Mladost Stadium Lučani (Lučani)
1619269200,Apr 24 2021 - 1:00pm,complete,N/A,Voždovac,Čukarički,Novak Simović,33,1.44,1.81,1.58,1.68,2,1,3,2,1,1,"13,58","31",5,3,1,0,1,1,0,1,0,2,7,13,4,4,3,9,20,19,43,57,1.73,1.62,1.12,1.65,2.57,54,72,44,32,16,35,66,44,72,10.75,4.19,2.75,3.10,2.40,1.28,1.85,3.25,5.95,1.68,2.05,Stadion Event Place (Beograd)
1619353800,Apr 25 2021 - 12:30pm,complete,N/A,Vojvodina,Metalac GM,Milan Ilić,33,2.38,1.25,2.11,1.21,1,2,3,0,0,0,"88","64,90'2",15,3,1,0,3,0,0,1,1,2,14,8,6,3,8,5,20,23,60,40,1.78,1.29,2.00,0.99,2.75,51,82,57,28,10,35,72,47,88,8.25,3.56,1.31,4.55,7.25,1.33,1.87,3.20,6.50,2.35,1.48,Stadion Karađorđe (Novi Sad)
1619353800,Apr 25 2021 - 12:30pm,complete,N/A,Radnik Surdulica,Radnički Niš,Stanko Ostraćanin,33,1.63,0.94,1.58,0.95,0,0,0,0,0,0,"","",-1,-1,3,0,2,0,2,1,0,2,-1,-1,-1,-1,-1,-1,-1,-1,-1,-1,1.35,1.23,0.00,0.00,2.72,47,79,50,28,19,38,66,47,81,9.94,4.81,6.75,4.60,1.33,1.23,1.72,2.78,5.00,1.95,1.75,Stadion Surdulica (Surdulica)
1619362800,Apr 25 2021 - 3:00pm,complete,N/A,Inđija,Red Star Belgrade,Srđan Jovanović,33,1.50,2.88,1.32,2.79,1,5,6,4,0,4,"64","5,21,23,45,60",2,3,2,0,1,0,1,1,0,1,10,9,4,8,6,1,13,18,46,54,1.42,2.03,1.41,1.79,2.66,35,53,44,35,22,22,72,41,75,9.44,3.69,9.50,6.75,1.15,1.15,1.43,2.05,3.45,2.10,1.59,Gradski Stadion (Inđija)
1619371800,Apr 25 2021 - 5:30pm,complete,N/A,Partizan,Spartak Subotica,Nenad Minaković,33,2.88,1.25,2.89,1.11,2,1,3,1,1,0,"38,88","80",4,2,2,0,4,1,1,1,3,2,16,3,6,2,10,1,19,17,62,38,2.07,1.43,2.04,0.58,3.13,41,85,63,35,19,41,75,41,91,10.38,3.63,1.20,5.75,8.50,1.14,1.43,2.10,3.60,1.95,1.69,Stadion Partizana (Beograd)
1619625600,Apr 28 2021 - 4:00pm,complete,N/A,Bačka Palanka,Zlatibor Čajetina,Marko Sreckovic,34,0.81,0.81,0.68,0.84,0,1,1,1,0,1,"","6",7,4,1,0,3,0,1,0,0,3,18,7,7,4,11,3,11,7,64,36,1.50,1.13,2.55,1.12,2.76,63,91,53,22,7,41,82,41,78,6.06,4.44,2.80,3.00,2.80,1.33,1.99,3.40,6.50,1.73,2.00,Stadion Slavko Maletin Vava (Bačka Palanka)
1619625600,Apr 28 2021 - 4:00pm,complete,N/A,Novi Pazar,Voždovac,Srđan Jovanović,34,2.00,0.94,2.00,0.95,0,2,2,2,0,2,"","2,5",4,4,3,0,6,0,1,2,2,4,18,12,8,6,10,6,14,25,57,43,1.63,1.50,2.43,1.62,3.00,60,78,66,44,19,44,75,47,78,7.63,4.69,1.57,3.75,5.60,1.29,1.95,3.40,6.00,2.05,1.70,Gradski Stadion (Novi Pazar)
1619625600,Apr 28 2021 - 4:00pm,complete,N/A,Čukarički,Mladost Lučani,Novica Anđelovski,34,2.25,0.94,2.21,0.79,4,2,6,1,1,0,"11,49,62,71","53,87",4,6,0,0,0,0,0,0,0,0,7,8,2,5,5,3,22,7,45,55,2.02,1.08,0.97,1.57,2.94,38,75,57,38,25,35,63,54,91,10.07,4.19,0.00,0.00,0.00,0.00,0.00,0.00,0.00,0.00,0.00,Stadion na Banovom brdu (Beograd)
1619700300,Apr 29 2021 - 12:45pm,complete,N/A,Bačka Topola,Napredak,Zoran Široki,34,1.69,0.94,1.74,0.95,1,3,4,1,1,0,"31","61,69,78",3,3,1,0,0,0,1,0,0,0,7,8,2,4,5,4,22,8,53,47,1.92,1.16,1.18,1.23,3.00,41,79,72,38,16,44,75,47,78,10.31,4.44,4.10,3.35,1.70,1.30,1.91,3.10,5.80,1.75,1.95,Gradski Stadion (Senta)
1619700300,Apr 29 2021 - 12:45pm,complete,N/A,Spartak Subotica,Javor Ivanjica,Lazar Lukić,34,1.69,0.81,1.63,0.89,0,2,2,0,0,0,"","59,76",2,9,5,1,4,0,1,5,2,2,11,10,4,4,7,6,18,14,53,47,1.54,1.34,1.43,1.46,2.63,47,75,53,25,16,35,72,41,81,8.07,4.13,2.02,3.30,3.10,1.25,1.93,3.10,5.30,1.70,2.02,Gradski Stadion (Subotica)
1619700300,Apr 29 2021 - 12:45pm,complete,N/A,Mačva Šabac,Radnik Surdulica,Andrija Stojanović,34,1.00,1.38,1.00,1.32,0,5,5,4,0,4,"","2,17,26,40,86",5,4,2,0,0,0,2,0,0,0,12,17,6,8,6,9,19,11,51,49,1.26,1.14,1.59,2.10,2.54,47,78,53,22,6,32,69,38,88,7.38,5.07,3.30,3.35,1.93,1.28,1.93,2.64,4.77,1.60,2.20,Stadion FK Mačva (Šabac)
1619700300,Apr 29 2021 - 12:45pm,complete,N/A,Radnički Niš,Inđija,Novak Simović,34,1.50,0.63,1.63,0.53,2,0,2,1,1,0,"14,68","",1,4,2,0,5,0,0,2,2,3,9,9,5,2,4,7,15,20,38,62,1.53,1.43,1.27,1.13,2.03,35,60,38,10,7,35,69,19,69,8.07,5.75,1.35,4.30,6.00,1.25,1.72,3.10,5.20,2.18,1.61,Gradski Stadion Čair (Niš)
1619700300,Apr 29 2021 - 12:45pm,complete,N/A,Metalac GM,Rad Beograd,Nenad Minaković,34,1.38,1.06,1.53,1.00,3,0,3,2,2,0,"6,32,67","",2,3,4,0,3,0,1,3,1,2,16,13,8,7,8,6,21,19,45,55,1.33,1.27,1.85,1.81,2.25,47,69,41,13,10,32,66,32,66,7.19,4.75,2.38,2.98,2.72,1.35,2.30,3.40,6.50,1.77,1.93,Stadion FK Metalac (Gornji Milanovac)
1619708100,Apr 29 2021 - 2:55pm,complete,N/A,Proleter Novi Sad,Partizan,Milan Mitić,34,1.75,2.19,1.79,2.16,1,3,4,1,0,1,"78","18,76,90'1",2,5,1,0,1,0,0,1,0,1,8,15,2,7,6,8,15,16,48,52,1.48,2.23,1.10,1.84,2.38,38,63,41,25,10,19,57,47,82,11.56,4.19,7.00,5.00,1.25,1.16,1.60,2.28,3.90,2.07,1.67,Stadion Karađorđe (Novi Sad)
1619715300,Apr 29 2021 - 4:55pm,complete,N/A,Red Star Belgrade,Vojvodina,Danilo Grujić,34,2.88,1.63,2.89,1.53,1,0,1,1,1,0,"13","",9,3,3,0,1,1,0,3,0,2,15,7,5,6,10,1,18,13,60,40,2.50,1.66,1.84,1.19,3.16,41,85,63,41,22,57,72,50,94,14.07,3.06,1.16,6.57,16.89,1.17,1.57,2.25,4.00,2.30,1.59,Stadion Rajko Mitić (Beograd)
1620144000,May 04 2021 - 4:00pm,complete,N/A,Bačka Palanka,Novi Pazar,Aleksandar Živković,35,0.76,0.41,0.68,0.58,0,1,1,1,0,1,"","7",4,7,1,0,0,0,1,0,0,0,9,23,4,8,5,15,16,17,57,43,1.57,1.26,1.14,2.42,2.68,53,74,50,30,15,35,74,35,82,6.58,5.23,7.25,4.60,1.29,1.26,1.74,2.80,5.25,2.10,1.61,Stadion Slavko Maletin Vava (Bačka Palanka)
1620144000,May 04 2021 - 4:00pm,complete,N/A,Radnik Surdulica,Spartak Subotica,Miloš Djordjić,35,1.59,1.18,1.58,1.11,2,0,2,0,0,0,"85,90'6","",8,5,2,0,3,0,2,0,0,3,9,10,4,4,5,6,27,10,49,51,1.35,1.38,1.36,1.50,3.03,56,82,59,32,21,50,77,38,79,9.44,4.36,1.61,3.90,4.15,1.20,1.61,2.45,4.40,1.67,2.00,Stadion Surdulica (Surdulica)
1620144000,May 04 2021 - 4:00pm,complete,N/A,Javor Ivanjica,Proleter Novi Sad,Miloš Milanović,35,1.65,0.88,1.53,1.00,1,1,2,1,1,0,"21","51",6,2,2,0,2,0,1,1,2,0,9,12,3,4,6,8,15,16,51,49,1.73,1.33,1.25,1.41,2.65,50,82,44,27,12,38,74,35,80,10.82,4.12,1.48,3.65,5.75,1.36,2.05,3.60,7.00,2.20,1.54,Stadion Ivanjica (Ivanjica)
1620144000,May 04 2021 - 4:00pm,complete,N/A,Napredak,Čukarički,Dragan Čolović,35,1.53,1.71,1.68,1.68,1,0,1,0,0,0,"90'1","",3,5,2,0,0,0,0,2,0,0,8,10,4,3,4,7,10,16,50,50,1.48,1.62,1.29,1.38,2.38,53,68,44,24,12,24,59,44,77,10.24,4.18,1.65,3.50,4.50,1.33,1.95,3.35,6.50,2.00,1.67,Stadion Mladost (Kruševac)
1620144000,May 04 2021 - 4:00pm,complete,N/A,Mladost Lučani,Voždovac,Lazar Lukić,35,1.94,1.06,2.05,0.95,1,0,1,1,1,0,"45'1","",10,4,4,0,3,0,1,3,2,1,6,7,4,5,2,2,14,21,57,43,1.49,1.51,1.56,1.25,2.68,56,79,50,30,15,38,68,47,74,10.53,5.35,1.80,3.45,3.65,1.37,2.05,3.45,6.75,2.00,1.65,Mladost Stadium Lučani (Lučani)
1620223200,May 05 2021 - 2:00pm,complete,N/A,Zlatibor Čajetina,Metalac GM,Stanko Ostraćanin,35,0.53,1.35,0.68,1.21,1,0,1,1,1,0,"24","",2,5,3,0,1,0,1,2,0,1,13,16,8,6,5,10,18,12,41,59,1.44,1.27,1.82,2.06,2.56,50,71,50,24,12,35,65,33,85,7.00,4.70,5.75,3.98,1.55,1.30,1.98,3.30,6.50,1.95,1.69,Gradski Stadion (Užice)
1620223200,May 05 2021 - 2:00pm,complete,N/A,Vojvodina,Radnički Niš,Pavle Tomić,35,2.24,0.94,2.11,0.95,0,0,0,0,0,0,"","",1,2,1,0,1,1,1,0,0,2,8,13,3,4,5,9,15,11,50,50,1.80,1.23,1.30,1.57,2.39,38,71,44,24,9,24,56,50,79,11.03,4.47,2.85,3.25,2.10,1.32,1.91,3.30,6.00,2.00,1.67,Stadion Karađorđe (Novi Sad)
1620223200,May 05 2021 - 2:00pm,complete,N/A,Inđija,Mačva Šabac,Momčilo Marković,35,1.41,0.29,1.32,0.32,2,2,4,1,1,0,"12,65","49,79",8,2,2,0,1,0,1,1,1,0,11,6,6,3,5,3,8,11,63,37,1.42,0.95,1.78,1.02,2.35,18,53,38,24,15,33,68,27,68,6.11,3.65,1.50,3.55,5.00,1.33,1.96,3.65,7.25,2.35,1.48,Gradski Stadion (Inđija)
1620223200,May 05 2021 - 2:00pm,complete,N/A,Partizan,Bačka Topola,Srđan Jovanović,35,2.88,1.29,2.89,1.32,3,1,4,0,0,0,"53,64,67","83",3,2,2,0,3,0,1,1,0,3,10,8,8,3,2,5,14,14,52,48,2.07,1.73,1.73,1.18,2.77,38,80,59,27,15,27,74,47,86,13.30,3.12,1.16,5.50,9.50,1.16,1.43,1.98,3.75,1.95,1.71,Stadion Partizana (Beograd)
1620230700,May 05 2021 - 4:05pm,complete,N/A,Rad Beograd,Red Star Belgrade,Nenad Minaković,35,1.47,2.88,1.53,2.79,2,2,4,3,1,2,"43,74","31,42",4,7,2,0,0,0,0,2,0,0,16,21,10,10,6,11,14,12,36,64,1.69,2.01,2.14,2.81,2.94,47,74,53,41,21,29,80,50,88,11.00,3.53,5.80,5.00,1.28,1.13,1.42,2.28,3.40,1.73,2.00,Stadion Kralj Petar Prvi (Beograd)
1620482400,May 08 2021 - 2:00pm,complete,N/A,Novi Pazar,Mladost Lučani,Miloš Milanović,36,1.88,0.88,2.00,0.79,4,1,5,4,3,1,"33,39,45'1,66","22",6,3,4,0,4,0,2,2,1,3,8,2,4,2,4,0,18,17,53,47,1.67,1.11,1.26,0.76,3.00,53,74,59,44,27,47,71,41,86,8.18,4.29,1.53,3.50,5.40,0.00,2.30,4.75,0.00,0.00,0.00,Gradski Stadion (Novi Pazar)
1620482400,May 08 2021 - 2:00pm,complete,N/A,Voždovac,Napredak,Novak Simović,36,1.53,1.06,1.58,0.95,4,2,6,3,3,0,"21,34,39,76","62,82",3,1,2,0,2,0,0,2,1,1,20,10,13,3,7,7,16,8,57,43,1.69,1.16,2.75,1.13,2.65,53,80,59,27,9,44,77,38,76,8.71,4.00,1.53,3.80,4.90,1.22,1.93,4.75,4.50,2.00,1.72,Stadion Event Place (Beograd)
1620482400,May 08 2021 - 2:00pm,complete,N/A,Proleter Novi Sad,Radnik Surdulica,Miloš Djordjić,36,1.65,1.47,1.79,1.32,3,0,3,0,0,0,"63,66,69","",4,1,3,0,2,0,1,2,0,2,18,6,8,3,10,3,15,14,56,44,1.46,1.20,2.33,0.94,2.24,44,65,41,21,6,21,62,38,74,7.88,4.71,1.96,3.15,3.40,1.42,2.15,4.33,8.00,2.10,1.65,Stadion Slana Bara (Novi Sad)
1620563400,May 09 2021 - 12:30pm,complete,N/A,Bačka Topola,Javor Ivanjica,Nenad Minaković,36,1.59,0.94,1.74,0.89,2,1,3,3,2,1,"1,30","32",3,3,2,1,3,0,0,3,2,1,13,10,5,5,8,5,-1,-1,61,39,1.88,1.35,1.89,1.70,3.09,44,82,65,45,21,38,74,50,82,10.76,4.06,1.96,3.12,3.69,1.42,2.20,4.20,8.70,2.05,1.73,Gradski Stadion (Senta)
1620563400,May 09 2021 - 12:30pm,complete,N/A,Spartak Subotica,Inđija,Aleksandar Živković,36,1.59,0.59,1.63,0.53,1,0,1,0,0,0,"80","",5,1,4,0,3,1,2,2,4,0,12,7,5,3,7,4,14,18,58,42,1.53,1.41,1.88,0.96,2.59,44,76,50,21,15,41,77,33,79,7.00,5.47,1.43,4.18,6.13,1.23,1.76,2.95,5.30,1.92,1.84,Gradski Stadion (Subotica)
1620563400,May 09 2021 - 12:30pm,complete,N/A,Mačva Šabac,Vojvodina,Marko Sreckovic,36,0.94,1.53,1.00,1.53,2,5,7,4,1,3,"45'1,85","6,14,33,73,75",3,6,1,1,2,0,1,1,1,1,10,25,4,13,6,12,14,5,35,65,1.28,1.63,1.25,3.34,2.79,47,79,53,30,12,44,71,33,94,9.70,4.94,6.96,4.43,1.37,1.21,1.73,2.90,5.00,1.98,1.78,Stadion FK Mačva (Šabac)
1620563400,May 09 2021 - 12:30pm,complete,N/A,Radnički Niš,Rad Beograd,Srđan Jovanović,36,1.59,1.00,1.63,1.00,2,2,4,2,1,1,"3,68","8,50",2,1,2,0,3,0,1,1,2,1,11,7,3,5,8,2,14,14,62,38,1.51,1.31,1.31,0.95,1.97,27,56,36,6,6,27,65,24,65,8.12,5.53,2.23,3.19,2.96,1.40,2.20,4.00,8.30,2.00,1.72,Gradski Stadion Čair (Niš)
1620563400,May 09 2021 - 12:30pm,complete,N/A,Metalac GM,Bačka Palanka,Nikola Radaković,36,1.47,0.18,1.53,0.16,3,0,3,2,2,0,"11,43,81","",3,2,3,0,1,0,0,3,0,1,21,9,10,5,11,4,12,16,55,45,1.36,1.15,2.56,1.24,2.12,50,68,41,9,3,24,65,38,68,6.83,4.58,1.27,5.10,8.62,1.18,1.60,2.50,4.30,2.00,1.77,Stadion FK Metalac (Gornji Milanovac)
1620571200,May 09 2021 - 2:40pm,complete,N/A,Čukarički,Partizan,Lazar Lukić,36,2.29,2.24,2.21,2.16,0,2,2,1,0,1,"","1,80",0,2,1,0,3,0,0,1,1,2,6,10,3,4,3,6,18,19,53,47,1.96,2.20,1.04,1.23,3.15,38,79,65,44,21,24,68,68,88,12.76,3.53,4.79,3.96,1.68,1.30,1.88,3.30,6.60,1.87,1.89,Stadion na Banovom brdu (Beograd)
1620578700,May 09 2021 - 4:45pm,complete,N/A,Red Star Belgrade,Zlatibor Čajetina,Đorđe Maksimović,36,2.88,0.94,2.89,0.84,6,1,7,1,0,1,"47,50,54,67,70,84","26",10,3,1,0,1,1,0,1,0,2,25,9,12,4,13,5,18,11,63,37,2.46,1.13,3.24,1.16,3.00,42,85,59,30,21,53,76,50,80,10.77,3.18,1.07,7.75,28.00,1.10,1.40,2.05,3.20,2.75,1.40,Stadion Rajko Mitić (Beograd)
1621000800,May 14 2021 - 2:00pm,complete,N/A,Vojvodina,Spartak Subotica,Miloš Milanović,37,2.17,1.11,2.11,1.11,1,1,2,1,0,1,"75","13",5,4,5,0,1,0,3,2,0,1,8,10,3,7,5,3,14,13,61,39,1.77,1.39,1.30,1.56,2.75,48,78,53,28,12,36,67,45,81,10.28,4.00,2.15,3.35,2.80,1.28,1.80,2.90,5.25,1.69,1.95,Stadion Karađorđe (Novi Sad)
1621000800,May 14 2021 - 2:00pm,complete,N/A,Radnik Surdulica,Bačka Topola,Andrija Stojanović,37,1.67,1.22,1.58,1.32,0,3,3,0,0,0,"","54,79,82",4,13,1,0,0,0,0,1,0,0,7,13,4,9,3,4,10,12,33,67,1.35,1.70,1.17,2.25,2.70,50,78,53,28,17,36,70,45,75,12.47,3.67,2.15,3.40,2.80,1.29,1.83,2.95,5.50,1.74,1.87,Stadion Surdulica (Surdulica)
1621008300,May 14 2021 - 4:05pm,complete,N/A,Bačka Palanka,Red Star Belgrade,Momčilo Marković,37,0.72,2.78,0.68,2.79,0,5,5,4,0,4,"","15,24,32,36,86",1,2,1,0,0,0,1,0,0,0,9,17,2,11,7,6,11,20,42,58,1.54,2.06,1.07,2.50,2.92,59,78,59,39,14,33,89,45,78,9.22,4.22,16.00,11.00,1.03,1.07,1.22,1.62,2.38,0.00,0.00,Stadion Slavko Maletin Vava (Bačka Palanka)
1621078200,May 15 2021 - 11:30am,complete,N/A,Metalac GM,Novi Pazar,Novak Simović,37,1.56,0.56,1.53,0.58,1,1,2,1,1,0,"37","72",5,5,1,0,3,1,0,1,0,4,10,19,6,10,4,9,24,11,50,50,1.43,1.33,1.38,2.54,2.50,50,70,44,22,17,33,64,36,78,6.67,5.05,3.65,3.35,1.83,1.36,2.05,3.60,7.25,2.00,1.67,Stadion FK Metalac (Gornji Milanovac)
1621078200,May 15 2021 - 11:30am,complete,N/A,Zlatibor Čajetina,Radnički Niš,Nenad Minaković,37,0.67,0.94,0.68,0.95,0,0,0,0,0,0,"","",0,13,3,0,2,0,1,2,0,2,6,24,4,12,2,12,17,14,36,64,1.46,1.25,0.98,3.15,2.09,33,56,34,20,11,25,53,31,72,8.91,5.55,10.25,6.00,1.17,1.17,1.53,2.38,4.00,2.40,1.50,Gradski Stadion (Užice)
1621078200,May 15 2021 - 11:30am,complete,N/A,Rad Beograd,Mačva Šabac,Pavle Tomić,37,1.44,0.33,1.53,0.32,7,1,8,4,4,0,"7,32,39,43,46,58,84","88",5,4,0,0,3,0,0,0,1,2,17,11,14,6,3,5,6,13,55,45,1.72,0.96,2.53,1.50,2.53,31,72,47,31,9,36,75,33,81,7.84,3.50,1.11,7.50,12.00,1.09,1.31,1.80,2.90,1.91,1.69,Stadion Kralj Petar Prvi (Beograd)
1621078200,May 15 2021 - 11:30am,complete,N/A,Inđija,Proleter Novi Sad,Milan Mitić,37,1.39,0.89,1.32,1.00,0,5,5,3,0,3,"","9,41,45'2,46,64",10,4,2,0,2,0,2,0,1,1,5,10,3,8,2,2,14,22,58,42,1.44,1.33,1.09,1.69,2.44,28,61,33,25,17,25,64,34,81,8.28,3.50,4.40,3.40,1.69,1.36,2.05,3.50,7.00,2.10,1.61,Gradski Stadion (Inđija)
1621078200,May 15 2021 - 11:30am,complete,N/A,Javor Ivanjica,Čukarički,Srđan Jovanović,37,1.61,1.61,1.53,1.68,1,2,3,0,0,0,"90'2","61,90",7,2,3,0,0,0,0,3,0,0,18,12,8,9,10,3,-1,-1,53,47,1.71,1.60,2.27,1.65,2.50,58,70,45,25,11,36,67,34,72,12.00,4.28,1.80,3.40,3.75,1.33,1.95,3.50,6.50,1.85,1.85,Stadion Ivanjica (Ivanjica)
1621078200,May 15 2021 - 11:30am,complete,N/A,Napredak,Mladost Lučani,Lazar Lukić,37,1.61,0.83,1.68,0.79,2,0,2,1,1,0,"43,71","",2,1,0,0,2,0,0,0,1,1,10,3,3,2,7,1,6,9,51,49,1.47,1.09,1.30,0.89,2.75,53,72,47,33,25,28,61,44,92,8.73,3.94,1.21,5.50,8.75,1.20,1.57,2.40,4.25,2.20,1.54,Stadion Mladost (Kruševac)
1621087200,May 15 2021 - 2:00pm,complete,N/A,Partizan,Voždovac,Miloš Djordjić,37,2.89,1.00,2.89,0.95,3,0,3,1,1,0,"21,73,79","",3,6,3,0,2,0,1,2,2,0,16,7,11,3,5,4,6,14,51,49,2.05,1.50,2.25,1.04,2.95,42,84,59,33,17,28,70,56,86,9.61,3.72,1.17,6.25,9.50,1.14,1.43,2.10,3.50,2.00,1.65,Stadion Partizana (Beograd)
1621346400,May 18 2021 - 2:00pm,complete,N/A,Čukarički,Radnik Surdulica,Novica Anđelovski,38,2.17,1.39,2.21,1.32,2,1,3,2,2,0,"33,36","72",6,0,1,0,0,0,0,1,0,0,6,10,5,3,1,7,26,9,56,44,1.91,1.19,1.53,1.45,2.89,39,81,62,34,17,25,70,56,81,8.89,4.12,1.39,4.55,5.50,1.14,1.43,2.05,3.25,1.57,2.15,Stadion na Banovom brdu (Beograd)
1621346400,May 18 2021 - 2:00pm,complete,N/A,Bačka Topola,Inđija,Nikola Radaković,38,1.67,0.56,1.74,0.53,2,1,3,2,1,1,"17,58","34",8,3,0,0,0,0,0,0,0,0,20,8,12,3,8,5,15,11,57,43,1.88,1.39,2.62,0.99,3.03,45,81,64,39,20,47,81,36,78,9.23,5.16,1.11,7.25,11.00,1.09,1.30,1.74,2.75,1.87,1.77,Gradski Stadion (Senta)
1621346400,May 18 2021 - 2:00pm,complete,N/A,Mačva Šabac,Zlatibor Čajetina,Jovan Šegrt,38,0.89,0.89,1.00,0.84,1,0,1,0,0,0,"77","",5,4,2,0,1,0,0,2,0,1,10,13,4,5,6,8,21,18,55,45,1.28,1.13,1.25,1.44,3.00,53,86,56,25,17,45,75,39,86,6.50,4.94,2.55,3.40,2.30,1.25,1.71,2.70,4.75,1.65,2.05,Stadion FK Mačva (Šabac)
1621353900,May 18 2021 - 4:05pm,complete,N/A,Mladost Lučani,Partizan,Stanko Ostraćanin,38,2.00,2.28,2.05,2.16,1,0,1,1,1,0,"24","",3,5,1,0,2,0,1,0,1,1,5,12,2,4,3,8,22,16,47,53,1.49,2.15,0.84,1.54,2.70,48,75,50,33,14,28,67,53,81,13.67,4.44,8.25,6.00,1.21,1.15,1.44,2.15,3.60,1.95,1.69,Mladost Stadium Lučani (Lučani)
1621432800,May 19 2021 - 2:00pm,complete,N/A,Red Star Belgrade,Metalac GM,Nenad Minaković,38,2.89,1.28,2.89,1.21,5,1,6,3,3,0,"2,5,34,49,77","69",8,5,3,0,4,0,0,3,1,3,22,7,10,5,12,2,23,18,60,40,2.51,1.32,2.39,1.01,3.17,45,83,70,36,22,50,78,48,89,10.78,3.33,1.05,9.75,16.00,1.07,1.26,1.65,2.55,2.25,1.53,Stadion Rajko Mitić (Beograd)
1621441800,May 19 2021 - 4:30pm,complete,N/A,Novi Pazar,Napredak,Srđan Jovanović,38,1.94,1.00,2.00,0.95,2,1,3,1,1,0,"24,57","85",3,4,1,0,0,0,1,0,0,0,20,7,7,3,13,4,11,18,62,38,1.65,1.16,2.45,0.90,2.86,53,75,70,36,14,53,78,36,75,7.62,4.62,1.17,6.25,10.00,1.17,1.57,2.38,4.00,2.05,1.61,Gradski Stadion (Novi Pazar)
1621441800,May 19 2021 - 4:30pm,complete,N/A,Voždovac,Javor Ivanjica,Miloš Milanović,38,1.61,0.89,1.58,0.89,0,0,0,0,0,0,"","",9,0,3,0,7,0,0,3,0,7,18,8,4,0,14,8,14,12,55,45,1.75,1.37,1.89,1.16,2.78,56,84,53,31,17,45,75,39,78,9.22,3.88,1.53,3.90,4.80,1.25,1.69,2.70,4.95,1.83,1.80,Stadion Event Place (Beograd)
1621441800,May 19 2021 - 4:30pm,complete,N/A,Proleter Novi Sad,Vojvodina,Đorđe Maksimović,38,1.72,1.61,1.79,1.53,2,0,2,0,0,0,"61,86","",3,6,3,0,0,0,1,2,0,0,10,8,5,2,5,6,22,9,36,64,1.51,1.73,1.34,1.15,2.50,48,67,42,25,9,31,61,39,81,10.11,4.78,3.60,3.50,1.80,1.25,1.71,2.65,4.85,1.69,1.95,Stadion Karađorđe (Novi Sad)
1621441800,May 19 2021 - 4:30pm,complete,N/A,Spartak Subotica,Rad Beograd,Novak Simović,38,1.67,1.00,1.63,1.00,1,1,2,2,1,1,"11","28",6,13,3,0,3,0,0,3,1,2,16,20,7,10,9,10,26,10,41,59,1.56,1.28,1.95,2.68,2.53,39,70,50,20,14,36,70,39,75,7.17,5.28,7.75,5.25,1.26,1.22,1.62,2.50,4.50,2.10,1.61,Gradski Stadion (Subotica)
1621441800,May 19 2021 - 4:30pm,complete,N/A,Radnički Niš,Bačka Palanka,Miloš Djordjić,38,1.56,0.17,1.63,0.16,5,1,6,5,4,1,"11,15,19,33,82","20",5,4,1,0,2,0,1,0,1,1,18,9,11,6,7,3,8,10,53,47,1.50,1.15,2.41,1.44,1.89,34,56,36,6,0,20,64,34,67,7.67,5.11,1.05,9.75,16.00,1.14,1.48,2.20,3.75,2.50,1.50,Gradski Stadion Čair (Niš)
