timestamp,date_GMT,status,attendance,home_team_name,away_team_name,referee,Game Week,Pre-Match PPG (Home),Pre-Match PPG (Away),home_ppg,away_ppg,home_team_goal_count,away_team_goal_count,total_goal_count,total_goals_at_half_time,home_team_goal_count_half_time,away_team_goal_count_half_time,home_team_goal_timings,away_team_goal_timings,home_team_corner_count,away_team_corner_count,home_team_yellow_cards,home_team_red_cards,away_team_yellow_cards,away_team_red_cards,home_team_first_half_cards,home_team_second_half_cards,away_team_first_half_cards,away_team_second_half_cards,home_team_shots,away_team_shots,home_team_shots_on_target,away_team_shots_on_target,home_team_shots_off_target,away_team_shots_off_target,home_team_fouls,away_team_fouls,home_team_possession,away_team_possession,Home Team Pre-Match xG,Away Team Pre-Match xG,team_a_xg,team_b_xg,average_goals_per_match_pre_match,btts_percentage_pre_match,over_15_percentage_pre_match,over_25_percentage_pre_match,over_35_percentage_pre_match,over_45_percentage_pre_match,over_15_HT_FHG_percentage_pre_match,over_05_HT_FHG_percentage_pre_match,over_15_2HG_percentage_pre_match,over_05_2HG_percentage_pre_match,average_corners_per_match_pre_match,average_cards_per_match_pre_match,odds_ft_home_team_win,odds_ft_draw,odds_ft_away_team_win,odds_ft_over15,odds_ft_over25,odds_ft_over35,odds_ft_over45,odds_btts_yes,odds_btts_no,stadium_name
1755286200,Aug 15 2025 - 7:30pm,complete,9246,Burgos CF,Cultural y Deportiva Leonesa,N/A,1,0.00,0.00,3.00,0.00,5,1,6,3,3,0,"3,18,42,74,83","50",3,3,1,0,1,1,1,0,2,0,15,8,7,1,8,7,13,10,65,35,0.00,0.00,1.91,0.74,0.00,0,0,0,0,0,0,0,0,0,0.00,0.00,1.73,3.59,4.70,1.31,2.07,3.48,6.45,1.91,1.80,N/A
1755286200,Aug 15 2025 - 7:30pm,complete,14584,Real Valladolid,Ceuta,N/A,1,0.00,0.00,3.00,0.00,3,0,3,2,2,0,"23,45'3,55","",6,4,3,0,2,0,2,1,0,2,16,5,9,0,7,5,18,11,42,58,0.00,0.00,2.09,0.64,0.00,0,0,0,0,0,0,0,0,0,0.00,0.00,1.67,3.89,4.70,1.22,1.79,2.70,5.00,1.67,2.10,N/A
1755356400,Aug 16 2025 - 3:00pm,complete,N/A,Racing Santander,CD Castellón,N/A,1,0.00,0.00,3.00,0.00,3,1,4,3,2,1,"6,39,83","45'1",3,12,3,0,0,1,0,3,0,1,10,17,5,8,5,9,16,14,37,63,0.00,0.00,1.17,2.11,0.00,0,0,0,0,0,0,0,0,0,0.00,0.00,2.20,3.65,3.10,1.22,1.62,2.70,4.75,1.53,2.38,N/A
1755365400,Aug 16 2025 - 5:30pm,complete,N/A,Málaga CF,SD Eibar,N/A,1,0.00,0.00,1.00,1.00,1,1,2,0,0,0,"64","52",8,3,2,0,2,0,1,1,0,2,9,6,4,3,5,3,10,7,54,46,0.00,0.00,1.22,0.81,0.00,0,0,0,0,0,0,0,0,0,0.00,0.00,2.30,3.00,3.45,1.50,2.55,5.25,10.00,2.10,1.67,N/A
1755372600,Aug 16 2025 - 7:30pm,complete,16616,Granada CF,Deportivo La Coruña,N/A,1,0.00,0.00,0.00,3.00,1,3,4,1,0,1,"54","43,51,90'1",7,1,2,0,2,0,0,2,1,1,14,15,2,7,12,8,9,11,46,54,0.00,0.00,1.33,1.63,0.00,0,0,0,0,0,0,0,0,0,0.00,0.00,2.16,3.40,3.19,1.30,1.85,3.25,6.25,1.73,2.00,N/A
1755442800,Aug 17 2025 - 3:00pm,complete,34658,Real Sociedad II,Real Zaragoza,N/A,1,0.00,0.00,3.00,0.00,1,0,1,1,1,0,"35","",2,9,4,0,2,0,0,4,2,0,3,18,2,5,1,13,24,12,40,60,0.00,0.00,0.47,2.07,0.00,0,0,0,0,0,0,0,0,0,0.00,0.00,2.63,3.30,2.59,1.42,1.89,4.20,8.50,1.83,1.83,N/A
1755451800,Aug 17 2025 - 5:30pm,complete,13148,Cádiz,Mirandés,N/A,1,0.00,0.00,3.00,0.00,1,0,1,1,1,0,"20","",7,0,3,0,0,0,0,3,0,0,24,1,3,0,21,1,14,9,72,28,0.00,0.00,2.37,0.17,0.00,0,0,0,0,0,0,0,0,0,0.00,0.00,1.74,3.59,4.60,1.33,1.98,3.50,7.00,1.91,1.80,N/A
1755459000,Aug 17 2025 - 7:30pm,complete,N/A,UD Las Palmas,FC Andorra,N/A,1,0.00,0.00,1.00,1.00,1,1,2,1,1,0,"8","77",1,2,1,0,3,0,0,1,2,1,10,6,2,2,8,4,16,17,43,57,0.00,0.00,1.03,0.81,0.00,0,0,0,0,0,0,0,0,0,0.00,0.00,1.59,3.92,5.30,1.28,1.87,3.25,6.25,1.85,1.80,N/A
1755459000,Aug 17 2025 - 7:30pm,complete,6194,SD Huesca,Leganés,N/A,1,0.00,0.00,1.00,1.00,1,1,2,0,0,0,"84","50",5,3,2,0,2,0,1,1,1,1,14,7,3,3,11,4,11,12,56,44,0.00,0.00,1.37,0.89,0.00,0,0,0,0,0,0,0,0,0,0.00,0.00,2.79,3.10,2.58,1.45,2.20,4.33,9.00,1.91,1.80,N/A
1755536400,Aug 18 2025 - 5:00pm,complete,24896,Sporting Gijón,Córdoba,N/A,1,0.00,0.00,3.00,0.00,2,1,3,2,1,1,"30,69","18",2,4,2,0,2,0,0,2,0,2,9,15,4,5,5,10,13,7,35,65,0.00,0.00,1.06,1.71,0.00,0,0,0,0,0,0,0,0,0,0.00,0.00,2.35,3.21,2.99,1.33,1.89,3.55,7.00,1.80,1.91,N/A
1755545400,Aug 18 2025 - 7:30pm,complete,15119,Almería,Albacete Balompié,N/A,1,0.00,0.00,1.00,1.00,4,4,8,2,1,1,"11,51,82,90'10","1,59,66,83",17,5,3,0,2,0,2,1,0,2,31,17,11,5,20,12,9,9,67,33,0.00,0.00,3.16,1.67,0.00,0,0,0,0,0,0,0,0,0,0.00,0.00,1.67,3.80,4.75,1.28,1.85,3.10,5.75,1.83,1.83,N/A
1755883800,Aug 22 2025 - 5:30pm,incomplete,376,SD Eibar,Granada CF,N/A,2,0.00,0.00,0.00,0.00,0,0,0,0,0,0,"","",-1,-1,-1,-1,-1,-1,-1,-1,-1,-1,-1,-1,-1,-1,-1,-1,-1,-1,-1,-1,0.00,0.00,0.00,0.00,0.00,0,0,0,0,0,0,0,0,0,0.00,0.00,2.45,3.09,2.96,1.42,2.25,4.20,8.50,1.98,1.72,N/A
1755891000,Aug 22 2025 - 7:30pm,incomplete,10311,Leganés,Cádiz,N/A,2,0.00,0.00,0.00,0.00,0,0,0,0,0,0,"","",-1,-1,-1,-1,-1,-1,-1,-1,-1,-1,-1,-1,-1,-1,-1,-1,-1,-1,-1,-1,0.00,0.00,0.00,0.00,0.00,0,0,0,0,0,0,0,0,0,0.00,0.00,1.64,3.87,4.90,1.48,1.92,4.75,9.50,2.20,1.62,N/A
1755891000,Aug 22 2025 - 7:30pm,incomplete,N/A,CD Castellón,Real Valladolid,N/A,2,0.00,0.00,0.00,0.00,0,0,0,0,0,0,"","",-1,-1,-1,-1,-1,-1,-1,-1,-1,-1,-1,-1,-1,-1,-1,-1,-1,-1,-1,-1,0.00,0.00,0.00,0.00,0.00,0,0,0,0,0,0,0,0,0,0.00,0.00,2.43,3.50,2.69,1.25,1.92,2.95,5.50,1.62,2.20,N/A
1755961200,Aug 23 2025 - 3:00pm,incomplete,5409,Mirandés,SD Huesca,N/A,2,0.00,0.00,0.00,0.00,0,0,0,0,0,0,"","",-1,-1,-1,-1,-1,-1,-1,-1,-1,-1,-1,-1,-1,-1,-1,-1,-1,-1,-1,-1,0.00,0.00,0.00,0.00,0.00,0,0,0,0,0,0,0,0,0,0.00,0.00,1.83,3.27,4.60,1.53,2.90,5.75,10.00,2.25,1.57,N/A
1755968400,Aug 23 2025 - 5:00pm,incomplete,N/A,Ceuta,Sporting Gijón,N/A,2,0.00,0.00,0.00,0.00,0,0,0,0,0,0,"","",-1,-1,-1,-1,-1,-1,-1,-1,-1,-1,-1,-1,-1,-1,-1,-1,-1,-1,-1,-1,0.00,0.00,0.00,0.00,0.00,0,0,0,0,0,0,0,0,0,0.00,0.00,2.29,3.27,3.06,1.36,2.17,3.70,7.50,1.83,1.83,N/A
1755977400,Aug 23 2025 - 7:30pm,incomplete,N/A,Real Zaragoza,FC Andorra,N/A,2,0.00,1.00,0.00,1.00,0,0,0,0,0,0,"","",-1,-1,-1,-1,-1,-1,-1,-1,-1,-1,-1,-1,-1,-1,-1,-1,-1,-1,-1,-1,0.00,0.81,0.00,0.00,1.00,50,50,0,0,0,0,50,0,50,2.00,3.00,1.88,3.53,3.95,1.33,1.98,3.54,7.02,1.83,1.83,N/A
1756047600,Aug 24 2025 - 3:00pm,incomplete,24512,Málaga CF,Real Sociedad II,N/A,2,1.00,0.00,1.00,0.00,0,0,0,0,0,0,"","",-1,-1,-1,-1,-1,-1,-1,-1,-1,-1,-1,-1,-1,-1,-1,-1,-1,-1,-1,-1,1.22,0.00,0.00,0.00,1.00,50,50,0,0,0,0,0,50,50,8.00,2.00,1.89,3.41,4.00,0.00,1.83,0.00,0.00,0.00,0.00,N/A
1756047600,Aug 24 2025 - 3:00pm,incomplete,908,Deportivo La Coruña,Burgos CF,N/A,2,0.00,0.00,0.00,0.00,0,0,0,0,0,0,"","",-1,-1,-1,-1,-1,-1,-1,-1,-1,-1,-1,-1,-1,-1,-1,-1,-1,-1,-1,-1,0.00,0.00,0.00,0.00,0.00,0,0,0,0,0,0,0,0,0,0.00,0.00,1.79,3.47,4.50,1.36,2.10,3.72,7.40,1.95,1.71,N/A
1756056600,Aug 24 2025 - 5:30pm,incomplete,N/A,Cultural y Deportiva Leonesa,Almería,N/A,2,0.00,0.00,0.00,0.00,0,0,0,0,0,0,"","",-1,-1,-1,-1,-1,-1,-1,-1,-1,-1,-1,-1,-1,-1,-1,-1,-1,-1,-1,-1,0.00,0.00,0.00,0.00,0.00,0,0,0,0,0,0,0,0,0,0.00,0.00,2.95,3.50,2.25,1.25,1.82,2.83,5.33,1.65,2.18,N/A
1756143000,Aug 25 2025 - 5:30pm,incomplete,8860,Albacete Balompié,Racing Santander,N/A,2,0.00,0.00,0.00,0.00,0,0,0,0,0,0,"","",-1,-1,-1,-1,-1,-1,-1,-1,-1,-1,-1,-1,-1,-1,-1,-1,-1,-1,-1,-1,0.00,0.00,0.00,0.00,0.00,0,0,0,0,0,0,0,0,0,0.00,0.00,2.45,3.37,2.74,0.00,1.80,0.00,0.00,0.00,0.00,N/A
1756150200,Aug 25 2025 - 7:30pm,incomplete,17056,Córdoba,UD Las Palmas,N/A,2,0.00,0.00,0.00,0.00,0,0,0,0,0,0,"","",-1,-1,-1,-1,-1,-1,-1,-1,-1,-1,-1,-1,-1,-1,-1,-1,-1,-1,-1,-1,0.00,0.00,0.00,0.00,0.00,0,0,0,0,0,0,0,0,0,0.00,0.00,2.35,3.16,3.05,0.00,2.00,0.00,0.00,0.00,0.00,N/A
1756488600,Aug 29 2025 - 5:30pm,incomplete,N/A,Real Sociedad II,Almería,N/A,3,3.00,0.00,3.00,0.00,0,0,0,0,0,0,"","",-1,-1,-1,-1,-1,-1,-1,-1,-1,-1,-1,-1,-1,-1,-1,-1,-1,-1,-1,-1,0.47,0.00,0.00,0.00,0.50,0,0,0,0,0,0,50,0,0,2.00,4.00,0.00,0.00,0.00,0.00,0.00,0.00,0.00,0.00,0.00,N/A
1756495800,Aug 29 2025 - 7:30pm,incomplete,N/A,Sporting Gijón,Cultural y Deportiva Leonesa,N/A,3,3.00,0.00,3.00,0.00,0,0,0,0,0,0,"","",-1,-1,-1,-1,-1,-1,-1,-1,-1,-1,-1,-1,-1,-1,-1,-1,-1,-1,-1,-1,1.06,0.74,0.00,0.00,4.50,100,100,100,50,50,100,100,50,100,5.00,5.00,0.00,0.00,0.00,0.00,0.00,0.00,0.00,0.00,0.00,N/A
1756566000,Aug 30 2025 - 3:00pm,incomplete,22267,Racing Santander,Ceuta,N/A,3,3.00,0.00,3.00,0.00,0,0,0,0,0,0,"","",-1,-1,-1,-1,-1,-1,-1,-1,-1,-1,-1,-1,-1,-1,-1,-1,-1,-1,-1,-1,1.17,0.64,0.00,0.00,3.50,50,100,100,50,0,100,100,0,100,7.00,5.00,0.00,0.00,0.00,0.00,0.00,0.00,0.00,0.00,0.00,N/A
1756573200,Aug 30 2025 - 5:00pm,incomplete,17737,Real Valladolid,Córdoba,N/A,3,3.00,0.00,3.00,0.00,0,0,0,0,0,0,"","",-1,-1,-1,-1,-1,-1,-1,-1,-1,-1,-1,-1,-1,-1,-1,-1,-1,-1,-1,-1,2.09,1.71,0.00,0.00,3.00,50,100,100,0,0,100,100,0,100,10.00,5.00,0.00,0.00,0.00,0.00,0.00,0.00,0.00,0.00,0.00,N/A
1756582200,Aug 30 2025 - 7:30pm,incomplete,N/A,CD Castellón,Real Zaragoza,N/A,3,0.00,0.00,0.00,0.00,0,0,0,0,0,0,"","",-1,-1,-1,-1,-1,-1,-1,-1,-1,-1,-1,-1,-1,-1,-1,-1,-1,-1,-1,-1,0.00,2.07,0.00,0.00,0.50,0,0,0,0,0,0,50,0,0,9.00,2.00,0.00,0.00,0.00,0.00,0.00,0.00,0.00,0.00,0.00,N/A
1756652400,Aug 31 2025 - 3:00pm,incomplete,N/A,FC Andorra,Burgos CF,N/A,3,0.00,0.00,0.00,0.00,0,0,0,0,0,0,"","",-1,-1,-1,-1,-1,-1,-1,-1,-1,-1,-1,-1,-1,-1,-1,-1,-1,-1,-1,-1,0.00,0.00,0.00,0.00,0.00,0,0,0,0,0,0,0,0,0,0.00,0.00,0.00,0.00,0.00,0.00,0.00,0.00,0.00,0.00,0.00,N/A
1756652400,Aug 31 2025 - 3:00pm,incomplete,-1,Cádiz,Albacete Balompié,N/A,3,3.00,1.00,3.00,1.00,0,0,0,0,0,0,"","",-1,-1,-1,-1,-1,-1,-1,-1,-1,-1,-1,-1,-1,-1,-1,-1,-1,-1,-1,-1,2.37,1.67,0.00,0.00,4.50,50,50,50,50,50,50,100,50,50,12.00,5.00,0.00,0.00,0.00,0.00,0.00,0.00,0.00,0.00,0.00,N/A
1756661400,Aug 31 2025 - 5:30pm,incomplete,30746,UD Las Palmas,Málaga CF,N/A,3,1.00,0.00,1.00,0.00,0,0,0,0,0,0,"","",-1,-1,-1,-1,-1,-1,-1,-1,-1,-1,-1,-1,-1,-1,-1,-1,-1,-1,-1,-1,1.03,0.00,0.00,0.00,1.00,50,50,0,0,0,0,50,0,50,1.00,1.00,0.00,0.00,0.00,0.00,0.00,0.00,0.00,0.00,0.00,N/A
1756668600,Aug 31 2025 - 7:30pm,incomplete,16616,Granada CF,Mirandés,N/A,3,0.00,0.00,0.00,0.00,0,0,0,0,0,0,"","",-1,-1,-1,-1,-1,-1,-1,-1,-1,-1,-1,-1,-1,-1,-1,-1,-1,-1,-1,-1,1.33,0.17,0.00,0.00,2.50,50,50,50,50,0,0,100,50,50,7.00,2.00,0.00,0.00,0.00,0.00,0.00,0.00,0.00,0.00,0.00,N/A
1756747800,Sep 01 2025 - 5:30pm,incomplete,6832,SD Huesca,SD Eibar,N/A,3,1.00,1.00,1.00,1.00,0,0,0,0,0,0,"","",-1,-1,-1,-1,-1,-1,-1,-1,-1,-1,-1,-1,-1,-1,-1,-1,-1,-1,-1,-1,1.37,0.81,0.00,0.00,2.00,100,100,0,0,0,0,0,100,100,8.00,4.00,0.00,0.00,0.00,0.00,0.00,0.00,0.00,0.00,0.00,N/A
1756755000,Sep 01 2025 - 7:30pm,incomplete,10311,Leganés,Deportivo La Coruña,N/A,3,0.00,3.00,0.00,3.00,0,0,0,0,0,0,"","",-1,-1,-1,-1,-1,-1,-1,-1,-1,-1,-1,-1,-1,-1,-1,-1,-1,-1,-1,-1,0.00,1.63,0.00,0.00,2.00,50,50,50,50,0,0,50,50,50,1.00,2.00,0.00,0.00,0.00,0.00,0.00,0.00,0.00,0.00,0.00,N/A
1757093400,Sep 05 2025 - 5:30pm,incomplete,8860,Albacete Balompié,Mirandés,N/A,4,0.00,0.00,0.00,0.00,0,0,0,0,0,0,"","",-1,-1,-1,-1,-1,-1,-1,-1,-1,-1,-1,-1,-1,-1,-1,-1,-1,-1,-1,-1,0.00,0.17,0.00,0.00,0.50,0,0,0,0,0,0,50,0,0,0.00,0.00,0.00,0.00,0.00,0.00,0.00,0.00,0.00,0.00,0.00,N/A
1757100600,Sep 05 2025 - 7:30pm,incomplete,17056,Córdoba,CD Castellón,N/A,4,0.00,0.00,0.00,0.00,0,0,0,0,0,0,"","",-1,-1,-1,-1,-1,-1,-1,-1,-1,-1,-1,-1,-1,-1,-1,-1,-1,-1,-1,-1,0.00,2.11,0.00,0.00,2.00,50,50,50,50,0,50,50,0,50,12.00,2.00,0.00,0.00,0.00,0.00,0.00,0.00,0.00,0.00,0.00,N/A
1757168100,Sep 06 2025 - 2:15pm,incomplete,908,Deportivo La Coruña,Sporting Gijón,N/A,4,0.00,0.00,0.00,0.00,0,0,0,0,0,0,"","",-1,-1,-1,-1,-1,-1,-1,-1,-1,-1,-1,-1,-1,-1,-1,-1,-1,-1,-1,-1,0.00,0.00,0.00,0.00,0.00,0,0,0,0,0,0,0,0,0,0.00,0.00,0.00,0.00,0.00,0.00,0.00,0.00,0.00,0.00,0.00,N/A
1757176200,Sep 06 2025 - 4:30pm,incomplete,N/A,Real Zaragoza,Real Valladolid,N/A,4,0.00,0.00,0.00,0.00,0,0,0,0,0,0,"","",-1,-1,-1,-1,-1,-1,-1,-1,-1,-1,-1,-1,-1,-1,-1,-1,-1,-1,-1,-1,0.00,0.00,0.00,0.00,0.00,0,0,0,0,0,0,0,0,0,0.00,0.00,0.00,0.00,0.00,0.00,0.00,0.00,0.00,0.00,0.00,N/A
1757185200,Sep 06 2025 - 7:00pm,incomplete,24512,Málaga CF,Granada CF,N/A,4,1.00,0.00,1.00,0.00,0,0,0,0,0,0,"","",-1,-1,-1,-1,-1,-1,-1,-1,-1,-1,-1,-1,-1,-1,-1,-1,-1,-1,-1,-1,1.22,0.00,0.00,0.00,1.00,50,50,0,0,0,0,0,50,50,8.00,2.00,0.00,0.00,0.00,0.00,0.00,0.00,0.00,0.00,0.00,N/A
1757246400,Sep 07 2025 - 12:00pm,incomplete,N/A,Ceuta,SD Huesca,N/A,4,0.00,0.00,0.00,0.00,0,0,0,0,0,0,"","",-1,-1,-1,-1,-1,-1,-1,-1,-1,-1,-1,-1,-1,-1,-1,-1,-1,-1,-1,-1,0.00,0.00,0.00,0.00,0.00,0,0,0,0,0,0,0,0,0,0.00,0.00,0.00,0.00,0.00,0.00,0.00,0.00,0.00,0.00,0.00,N/A
1757254500,Sep 07 2025 - 2:15pm,incomplete,N/A,Real Sociedad II,Cádiz,N/A,4,3.00,0.00,3.00,0.00,0,0,0,0,0,0,"","",-1,-1,-1,-1,-1,-1,-1,-1,-1,-1,-1,-1,-1,-1,-1,-1,-1,-1,-1,-1,0.47,0.00,0.00,0.00,0.50,0,0,0,0,0,0,50,0,0,2.00,4.00,0.00,0.00,0.00,0.00,0.00,0.00,0.00,0.00,0.00,N/A
1757254500,Sep 07 2025 - 2:15pm,incomplete,11156,Burgos CF,UD Las Palmas,N/A,4,3.00,0.00,3.00,0.00,0,0,0,0,0,0,"","",-1,-1,-1,-1,-1,-1,-1,-1,-1,-1,-1,-1,-1,-1,-1,-1,-1,-1,-1,-1,1.91,0.00,0.00,0.00,3.00,50,50,50,50,50,50,50,50,50,3.00,1.00,0.00,0.00,0.00,0.00,0.00,0.00,0.00,0.00,0.00,N/A
1757262600,Sep 07 2025 - 4:30pm,incomplete,12081,Almería,Racing Santander,N/A,4,1.00,0.00,1.00,0.00,0,0,0,0,0,0,"","",-1,-1,-1,-1,-1,-1,-1,-1,-1,-1,-1,-1,-1,-1,-1,-1,-1,-1,-1,-1,3.16,0.00,0.00,0.00,4.00,50,50,50,50,50,50,50,50,50,17.00,3.00,0.00,0.00,0.00,0.00,0.00,0.00,0.00,0.00,0.00,N/A
1757356200,Sep 08 2025 - 6:30pm,incomplete,376,SD Eibar,FC Andorra,N/A,4,0.00,1.00,0.00,1.00,0,0,0,0,0,0,"","",-1,-1,-1,-1,-1,-1,-1,-1,-1,-1,-1,-1,-1,-1,-1,-1,-1,-1,-1,-1,0.00,0.81,0.00,0.00,1.00,50,50,0,0,0,0,50,0,50,2.00,3.00,0.00,0.00,0.00,0.00,0.00,0.00,0.00,0.00,0.00,N/A
1757701800,Sep 12 2025 - 6:30pm,incomplete,-1,UD Las Palmas,Real Sociedad II,N/A,5,1.00,0.00,1.00,0.00,0,0,0,0,0,0,"","",-1,-1,-1,-1,-1,-1,-1,-1,-1,-1,-1,-1,-1,-1,-1,-1,-1,-1,-1,-1,1.03,0.00,0.00,0.00,1.00,50,50,0,0,0,0,50,0,50,1.00,1.00,0.00,0.00,0.00,0.00,0.00,0.00,0.00,0.00,0.00,N/A
1757772900,Sep 13 2025 - 2:15pm,incomplete,5409,Mirandés,Deportivo La Coruña,N/A,5,0.00,3.00,0.00,3.00,0,0,0,0,0,0,"","",-1,-1,-1,-1,-1,-1,-1,-1,-1,-1,-1,-1,-1,-1,-1,-1,-1,-1,-1,-1,0.00,1.63,0.00,0.00,2.00,50,50,50,50,0,0,50,50,50,1.00,2.00,0.00,0.00,0.00,0.00,0.00,0.00,0.00,0.00,0.00,N/A
1757772900,Sep 13 2025 - 2:15pm,incomplete,15096,Cádiz,SD Eibar,N/A,5,3.00,1.00,3.00,1.00,0,0,0,0,0,0,"","",-1,-1,-1,-1,-1,-1,-1,-1,-1,-1,-1,-1,-1,-1,-1,-1,-1,-1,-1,-1,2.37,0.81,0.00,0.00,1.50,50,50,0,0,0,0,50,50,50,10.00,5.00,0.00,0.00,0.00,0.00,0.00,0.00,0.00,0.00,0.00,N/A
1757781000,Sep 13 2025 - 4:30pm,incomplete,6832,SD Huesca,Málaga CF,N/A,5,1.00,0.00,1.00,0.00,0,0,0,0,0,0,"","",-1,-1,-1,-1,-1,-1,-1,-1,-1,-1,-1,-1,-1,-1,-1,-1,-1,-1,-1,-1,1.37,0.00,0.00,0.00,1.00,50,50,0,0,0,0,0,50,50,5.00,2.00,0.00,0.00,0.00,0.00,0.00,0.00,0.00,0.00,0.00,N/A
1757790000,Sep 13 2025 - 7:00pm,incomplete,17737,Real Valladolid,Almería,N/A,5,3.00,0.00,3.00,0.00,0,0,0,0,0,0,"","",-1,-1,-1,-1,-1,-1,-1,-1,-1,-1,-1,-1,-1,-1,-1,-1,-1,-1,-1,-1,2.09,0.00,0.00,0.00,1.50,0,50,50,0,0,50,50,0,50,6.00,3.00,0.00,0.00,0.00,0.00,0.00,0.00,0.00,0.00,0.00,N/A
1757851200,Sep 14 2025 - 12:00pm,incomplete,-1,FC Andorra,Córdoba,N/A,5,0.00,0.00,0.00,0.00,0,0,0,0,0,0,"","",-1,-1,-1,-1,-1,-1,-1,-1,-1,-1,-1,-1,-1,-1,-1,-1,-1,-1,-1,-1,0.00,1.71,0.00,0.00,1.50,50,50,50,0,0,50,50,0,50,4.00,2.00,0.00,0.00,0.00,0.00,0.00,0.00,0.00,0.00,0.00,N/A
1757859300,Sep 14 2025 - 2:15pm,incomplete,22267,Racing Santander,Cultural y Deportiva Leonesa,N/A,5,3.00,0.00,3.00,0.00,0,0,0,0,0,0,"","",-1,-1,-1,-1,-1,-1,-1,-1,-1,-1,-1,-1,-1,-1,-1,-1,-1,-1,-1,-1,1.17,0.74,0.00,0.00,5.00,100,100,100,100,50,100,100,50,100,6.00,6.00,0.00,0.00,0.00,0.00,0.00,0.00,0.00,0.00,0.00,N/A
1757867400,Sep 14 2025 - 4:30pm,incomplete,N/A,Sporting Gijón,Burgos CF,N/A,5,3.00,0.00,3.00,0.00,0,0,0,0,0,0,"","",-1,-1,-1,-1,-1,-1,-1,-1,-1,-1,-1,-1,-1,-1,-1,-1,-1,-1,-1,-1,1.06,0.00,0.00,0.00,1.50,50,50,50,0,0,50,50,0,50,2.00,2.00,0.00,0.00,0.00,0.00,0.00,0.00,0.00,0.00,0.00,N/A
1757867400,Sep 14 2025 - 4:30pm,incomplete,N/A,CD Castellón,Ceuta,N/A,5,0.00,0.00,0.00,0.00,0,0,0,0,0,0,"","",-1,-1,-1,-1,-1,-1,-1,-1,-1,-1,-1,-1,-1,-1,-1,-1,-1,-1,-1,-1,0.00,0.64,0.00,0.00,1.50,0,50,50,0,0,50,50,0,50,4.00,2.00,0.00,0.00,0.00,0.00,0.00,0.00,0.00,0.00,0.00,N/A
1757876400,Sep 14 2025 - 7:00pm,incomplete,16616,Granada CF,Leganés,N/A,5,0.00,1.00,0.00,1.00,0,0,0,0,0,0,"","",-1,-1,-1,-1,-1,-1,-1,-1,-1,-1,-1,-1,-1,-1,-1,-1,-1,-1,-1,-1,1.33,0.89,0.00,0.00,3.00,100,100,50,50,0,0,50,100,100,10.00,4.00,0.00,0.00,0.00,0.00,0.00,0.00,0.00,0.00,0.00,N/A
1757961000,Sep 15 2025 - 6:30pm,incomplete,N/A,Real Zaragoza,Albacete Balompié,N/A,5,0.00,1.00,0.00,1.00,0,0,0,0,0,0,"","",-1,-1,-1,-1,-1,-1,-1,-1,-1,-1,-1,-1,-1,-1,-1,-1,-1,-1,-1,-1,0.00,1.67,0.00,0.00,4.00,50,50,50,50,50,50,50,50,50,5.00,2.00,0.00,0.00,0.00,0.00,0.00,0.00,0.00,0.00,0.00,N/A
1758466800,Sep 21 2025 - 3:00pm,incomplete,30044,Málaga CF,Cádiz,N/A,6,1.00,0.00,1.00,0.00,0,0,0,0,0,0,"","",-1,-1,-1,-1,-1,-1,-1,-1,-1,-1,-1,-1,-1,-1,-1,-1,-1,-1,-1,-1,1.22,0.00,0.00,0.00,1.00,50,50,0,0,0,0,0,50,50,8.00,2.00,0.00,0.00,0.00,0.00,0.00,0.00,0.00,0.00,0.00,N/A
1758466800,Sep 21 2025 - 3:00pm,incomplete,N/A,Albacete Balompié,Real Valladolid,N/A,6,0.00,0.00,0.00,0.00,0,0,0,0,0,0,"","",-1,-1,-1,-1,-1,-1,-1,-1,-1,-1,-1,-1,-1,-1,-1,-1,-1,-1,-1,-1,0.00,0.00,0.00,0.00,0.00,0,0,0,0,0,0,0,0,0,0.00,0.00,0.00,0.00,0.00,0.00,0.00,0.00,0.00,0.00,0.00,N/A
1758466800,Sep 21 2025 - 3:00pm,incomplete,N/A,Cultural y Deportiva Leonesa,CD Castellón,N/A,6,0.00,0.00,0.00,0.00,0,0,0,0,0,0,"","",-1,-1,-1,-1,-1,-1,-1,-1,-1,-1,-1,-1,-1,-1,-1,-1,-1,-1,-1,-1,0.00,2.11,0.00,0.00,2.00,50,50,50,50,0,50,50,0,50,12.00,2.00,0.00,0.00,0.00,0.00,0.00,0.00,0.00,0.00,0.00,N/A
1758466800,Sep 21 2025 - 3:00pm,incomplete,N/A,Córdoba,Racing Santander,N/A,6,0.00,0.00,0.00,0.00,0,0,0,0,0,0,"","",-1,-1,-1,-1,-1,-1,-1,-1,-1,-1,-1,-1,-1,-1,-1,-1,-1,-1,-1,-1,0.00,0.00,0.00,0.00,0.00,0,0,0,0,0,0,0,0,0,0.00,0.00,0.00,0.00,0.00,0.00,0.00,0.00,0.00,0.00,0.00,N/A
1758466800,Sep 21 2025 - 3:00pm,incomplete,N/A,FC Andorra,Mirandés,N/A,6,0.00,0.00,0.00,0.00,0,0,0,0,0,0,"","",-1,-1,-1,-1,-1,-1,-1,-1,-1,-1,-1,-1,-1,-1,-1,-1,-1,-1,-1,-1,0.00,0.17,0.00,0.00,0.50,0,0,0,0,0,0,50,0,0,0.00,0.00,0.00,0.00,0.00,0.00,0.00,0.00,0.00,0.00,0.00,N/A
1758466800,Sep 21 2025 - 3:00pm,incomplete,N/A,Burgos CF,Granada CF,N/A,6,3.00,0.00,3.00,0.00,0,0,0,0,0,0,"","",-1,-1,-1,-1,-1,-1,-1,-1,-1,-1,-1,-1,-1,-1,-1,-1,-1,-1,-1,-1,1.91,0.00,0.00,0.00,3.00,50,50,50,50,50,50,50,50,50,3.00,1.00,0.00,0.00,0.00,0.00,0.00,0.00,0.00,0.00,0.00,N/A
1758466800,Sep 21 2025 - 3:00pm,incomplete,908,Deportivo La Coruña,SD Huesca,N/A,6,0.00,0.00,0.00,0.00,0,0,0,0,0,0,"","",-1,-1,-1,-1,-1,-1,-1,-1,-1,-1,-1,-1,-1,-1,-1,-1,-1,-1,-1,-1,0.00,0.00,0.00,0.00,0.00,0,0,0,0,0,0,0,0,0,0.00,0.00,0.00,0.00,0.00,0.00,0.00,0.00,0.00,0.00,0.00,N/A
1758466800,Sep 21 2025 - 3:00pm,incomplete,N/A,Ceuta,Real Zaragoza,N/A,6,0.00,0.00,0.00,0.00,0,0,0,0,0,0,"","",-1,-1,-1,-1,-1,-1,-1,-1,-1,-1,-1,-1,-1,-1,-1,-1,-1,-1,-1,-1,0.00,2.07,0.00,0.00,0.50,0,0,0,0,0,0,50,0,0,9.00,2.00,0.00,0.00,0.00,0.00,0.00,0.00,0.00,0.00,0.00,N/A
1758466800,Sep 21 2025 - 3:00pm,incomplete,12081,Almería,Sporting Gijón,N/A,6,1.00,0.00,1.00,0.00,0,0,0,0,0,0,"","",-1,-1,-1,-1,-1,-1,-1,-1,-1,-1,-1,-1,-1,-1,-1,-1,-1,-1,-1,-1,3.16,0.00,0.00,0.00,4.00,50,50,50,50,50,50,50,50,50,17.00,3.00,0.00,0.00,0.00,0.00,0.00,0.00,0.00,0.00,0.00,N/A
1758466800,Sep 21 2025 - 3:00pm,incomplete,10311,Leganés,UD Las Palmas,N/A,6,0.00,0.00,0.00,0.00,0,0,0,0,0,0,"","",-1,-1,-1,-1,-1,-1,-1,-1,-1,-1,-1,-1,-1,-1,-1,-1,-1,-1,-1,-1,0.00,0.00,0.00,0.00,0.00,0,0,0,0,0,0,0,0,0,0.00,0.00,0.00,0.00,0.00,0.00,0.00,0.00,0.00,0.00,0.00,N/A
1758466800,Sep 21 2025 - 3:00pm,incomplete,376,SD Eibar,Real Sociedad II,N/A,6,0.00,0.00,0.00,0.00,0,0,0,0,0,0,"","",-1,-1,-1,-1,-1,-1,-1,-1,-1,-1,-1,-1,-1,-1,-1,-1,-1,-1,-1,-1,0.00,0.00,0.00,0.00,0.00,0,0,0,0,0,0,0,0,0,0.00,0.00,0.00,0.00,0.00,0.00,0.00,0.00,0.00,0.00,0.00,N/A
1759071600,Sep 28 2025 - 3:00pm,incomplete,N/A,Real Sociedad II,Córdoba,N/A,7,3.00,0.00,3.00,0.00,0,0,0,0,0,0,"","",-1,-1,-1,-1,-1,-1,-1,-1,-1,-1,-1,-1,-1,-1,-1,-1,-1,-1,-1,-1,0.47,1.71,0.00,0.00,2.00,50,50,50,0,0,50,100,0,50,6.00,6.00,0.00,0.00,0.00,0.00,0.00,0.00,0.00,0.00,0.00,N/A
1759071600,Sep 28 2025 - 3:00pm,incomplete,N/A,Real Valladolid,Cultural y Deportiva Leonesa,N/A,7,3.00,0.00,3.00,0.00,0,0,0,0,0,0,"","",-1,-1,-1,-1,-1,-1,-1,-1,-1,-1,-1,-1,-1,-1,-1,-1,-1,-1,-1,-1,2.09,0.74,0.00,0.00,4.50,50,100,100,50,50,100,100,50,100,9.00,6.00,0.00,0.00,0.00,0.00,0.00,0.00,0.00,0.00,0.00,N/A
1759071600,Sep 28 2025 - 3:00pm,incomplete,N/A,Sporting Gijón,Albacete Balompié,N/A,7,3.00,1.00,3.00,1.00,0,0,0,0,0,0,"","",-1,-1,-1,-1,-1,-1,-1,-1,-1,-1,-1,-1,-1,-1,-1,-1,-1,-1,-1,-1,1.06,1.67,0.00,0.00,5.50,100,100,100,50,50,100,100,50,100,7.00,4.00,0.00,0.00,0.00,0.00,0.00,0.00,0.00,0.00,0.00,N/A
1759071600,Sep 28 2025 - 3:00pm,incomplete,7968,SD Huesca,Granada CF,N/A,7,1.00,0.00,1.00,0.00,0,0,0,0,0,0,"","",-1,-1,-1,-1,-1,-1,-1,-1,-1,-1,-1,-1,-1,-1,-1,-1,-1,-1,-1,-1,1.37,0.00,0.00,0.00,1.00,50,50,0,0,0,0,0,50,50,5.00,2.00,0.00,0.00,0.00,0.00,0.00,0.00,0.00,0.00,0.00,N/A
1759071600,Sep 28 2025 - 3:00pm,incomplete,9452,Leganés,CD Castellón,N/A,7,0.00,0.00,0.00,0.00,0,0,0,0,0,0,"","",-1,-1,-1,-1,-1,-1,-1,-1,-1,-1,-1,-1,-1,-1,-1,-1,-1,-1,-1,-1,0.00,2.11,0.00,0.00,2.00,50,50,50,50,0,50,50,0,50,12.00,2.00,0.00,0.00,0.00,0.00,0.00,0.00,0.00,0.00,0.00,N/A
1759071600,Sep 28 2025 - 3:00pm,incomplete,20312,Racing Santander,FC Andorra,N/A,7,3.00,1.00,3.00,1.00,0,0,0,0,0,0,"","",-1,-1,-1,-1,-1,-1,-1,-1,-1,-1,-1,-1,-1,-1,-1,-1,-1,-1,-1,-1,1.17,0.81,0.00,0.00,3.00,100,100,50,50,0,50,100,0,100,5.00,6.00,0.00,0.00,0.00,0.00,0.00,0.00,0.00,0.00,0.00,N/A
1759071600,Sep 28 2025 - 3:00pm,incomplete,N/A,SD Eibar,Deportivo La Coruña,N/A,7,0.00,3.00,0.00,3.00,0,0,0,0,0,0,"","",-1,-1,-1,-1,-1,-1,-1,-1,-1,-1,-1,-1,-1,-1,-1,-1,-1,-1,-1,-1,0.00,1.63,0.00,0.00,2.00,50,50,50,50,0,0,50,50,50,1.00,2.00,0.00,0.00,0.00,0.00,0.00,0.00,0.00,0.00,0.00,N/A
1759071600,Sep 28 2025 - 3:00pm,incomplete,N/A,Mirandés,Real Zaragoza,N/A,7,0.00,0.00,0.00,0.00,0,0,0,0,0,0,"","",-1,-1,-1,-1,-1,-1,-1,-1,-1,-1,-1,-1,-1,-1,-1,-1,-1,-1,-1,-1,0.00,2.07,0.00,0.00,0.50,0,0,0,0,0,0,50,0,0,9.00,2.00,0.00,0.00,0.00,0.00,0.00,0.00,0.00,0.00,0.00,N/A
1759071600,Sep 28 2025 - 3:00pm,incomplete,N/A,Burgos CF,Málaga CF,N/A,7,3.00,0.00,3.00,0.00,0,0,0,0,0,0,"","",-1,-1,-1,-1,-1,-1,-1,-1,-1,-1,-1,-1,-1,-1,-1,-1,-1,-1,-1,-1,1.91,0.00,0.00,0.00,3.00,50,50,50,50,50,50,50,50,50,3.00,1.00,0.00,0.00,0.00,0.00,0.00,0.00,0.00,0.00,0.00,N/A
1759071600,Sep 28 2025 - 3:00pm,incomplete,N/A,UD Las Palmas,Almería,N/A,7,1.00,0.00,1.00,0.00,0,0,0,0,0,0,"","",-1,-1,-1,-1,-1,-1,-1,-1,-1,-1,-1,-1,-1,-1,-1,-1,-1,-1,-1,-1,1.03,0.00,0.00,0.00,1.00,50,50,0,0,0,0,50,0,50,1.00,1.00,0.00,0.00,0.00,0.00,0.00,0.00,0.00,0.00,0.00,N/A
1759071600,Sep 28 2025 - 3:00pm,incomplete,N/A,Cádiz,Ceuta,N/A,7,3.00,0.00,3.00,0.00,0,0,0,0,0,0,"","",-1,-1,-1,-1,-1,-1,-1,-1,-1,-1,-1,-1,-1,-1,-1,-1,-1,-1,-1,-1,2.37,0.64,0.00,0.00,2.00,0,50,50,0,0,50,100,0,50,11.00,5.00,0.00,0.00,0.00,0.00,0.00,0.00,0.00,0.00,0.00,N/A
1759676400,Oct 05 2025 - 3:00pm,incomplete,N/A,Deportivo La Coruña,Almería,N/A,8,0.00,0.00,0.00,0.00,0,0,0,0,0,0,"","",-1,-1,-1,-1,-1,-1,-1,-1,-1,-1,-1,-1,-1,-1,-1,-1,-1,-1,-1,-1,0.00,0.00,0.00,0.00,0.00,0,0,0,0,0,0,0,0,0,0.00,0.00,0.00,0.00,0.00,0.00,0.00,0.00,0.00,0.00,0.00,N/A
1759676400,Oct 05 2025 - 3:00pm,incomplete,16616,Granada CF,Real Sociedad II,N/A,8,0.00,0.00,0.00,0.00,0,0,0,0,0,0,"","",-1,-1,-1,-1,-1,-1,-1,-1,-1,-1,-1,-1,-1,-1,-1,-1,-1,-1,-1,-1,1.33,0.00,0.00,0.00,2.00,50,50,50,50,0,0,50,50,50,7.00,2.00,0.00,0.00,0.00,0.00,0.00,0.00,0.00,0.00,0.00,N/A
1759676400,Oct 05 2025 - 3:00pm,incomplete,N/A,CD Castellón,Sporting Gijón,N/A,8,0.00,0.00,0.00,0.00,0,0,0,0,0,0,"","",-1,-1,-1,-1,-1,-1,-1,-1,-1,-1,-1,-1,-1,-1,-1,-1,-1,-1,-1,-1,0.00,0.00,0.00,0.00,0.00,0,0,0,0,0,0,0,0,0,0.00,0.00,0.00,0.00,0.00,0.00,0.00,0.00,0.00,0.00,0.00,N/A
1759676400,Oct 05 2025 - 3:00pm,incomplete,N/A,Ceuta,SD Eibar,N/A,8,0.00,1.00,0.00,1.00,0,0,0,0,0,0,"","",-1,-1,-1,-1,-1,-1,-1,-1,-1,-1,-1,-1,-1,-1,-1,-1,-1,-1,-1,-1,0.00,0.81,0.00,0.00,1.00,50,50,0,0,0,0,0,50,50,3.00,2.00,0.00,0.00,0.00,0.00,0.00,0.00,0.00,0.00,0.00,N/A
1759676400,Oct 05 2025 - 3:00pm,incomplete,N/A,Cultural y Deportiva Leonesa,Albacete Balompié,N/A,8,0.00,1.00,0.00,1.00,0,0,0,0,0,0,"","",-1,-1,-1,-1,-1,-1,-1,-1,-1,-1,-1,-1,-1,-1,-1,-1,-1,-1,-1,-1,0.00,1.67,0.00,0.00,4.00,50,50,50,50,50,50,50,50,50,5.00,2.00,0.00,0.00,0.00,0.00,0.00,0.00,0.00,0.00,0.00,N/A
1759676400,Oct 05 2025 - 3:00pm,incomplete,7968,SD Huesca,Burgos CF,N/A,8,1.00,0.00,1.00,0.00,0,0,0,0,0,0,"","",-1,-1,-1,-1,-1,-1,-1,-1,-1,-1,-1,-1,-1,-1,-1,-1,-1,-1,-1,-1,1.37,0.00,0.00,0.00,1.00,50,50,0,0,0,0,0,50,50,5.00,2.00,0.00,0.00,0.00,0.00,0.00,0.00,0.00,0.00,0.00,N/A
1759676400,Oct 05 2025 - 3:00pm,incomplete,20312,Racing Santander,Málaga CF,N/A,8,3.00,0.00,3.00,0.00,0,0,0,0,0,0,"","",-1,-1,-1,-1,-1,-1,-1,-1,-1,-1,-1,-1,-1,-1,-1,-1,-1,-1,-1,-1,1.17,0.00,0.00,0.00,2.00,50,50,50,50,0,50,50,0,50,3.00,3.00,0.00,0.00,0.00,0.00,0.00,0.00,0.00,0.00,0.00,N/A
1759676400,Oct 05 2025 - 3:00pm,incomplete,N/A,Real Zaragoza,Córdoba,N/A,8,0.00,0.00,0.00,0.00,0,0,0,0,0,0,"","",-1,-1,-1,-1,-1,-1,-1,-1,-1,-1,-1,-1,-1,-1,-1,-1,-1,-1,-1,-1,0.00,1.71,0.00,0.00,1.50,50,50,50,0,0,50,50,0,50,4.00,2.00,0.00,0.00,0.00,0.00,0.00,0.00,0.00,0.00,0.00,N/A
1759676400,Oct 05 2025 - 3:00pm,incomplete,N/A,FC Andorra,Leganés,N/A,8,0.00,1.00,0.00,1.00,0,0,0,0,0,0,"","",-1,-1,-1,-1,-1,-1,-1,-1,-1,-1,-1,-1,-1,-1,-1,-1,-1,-1,-1,-1,0.00,0.89,0.00,0.00,1.00,50,50,0,0,0,0,0,50,50,3.00,2.00,0.00,0.00,0.00,0.00,0.00,0.00,0.00,0.00,0.00,N/A
1759676400,Oct 05 2025 - 3:00pm,incomplete,N/A,Real Valladolid,Mirandés,N/A,8,3.00,0.00,3.00,0.00,0,0,0,0,0,0,"","",-1,-1,-1,-1,-1,-1,-1,-1,-1,-1,-1,-1,-1,-1,-1,-1,-1,-1,-1,-1,2.09,0.17,0.00,0.00,2.00,0,50,50,0,0,50,100,0,50,6.00,3.00,0.00,0.00,0.00,0.00,0.00,0.00,0.00,0.00,0.00,N/A
1759676400,Oct 05 2025 - 3:00pm,incomplete,N/A,UD Las Palmas,Cádiz,N/A,8,1.00,0.00,1.00,0.00,0,0,0,0,0,0,"","",-1,-1,-1,-1,-1,-1,-1,-1,-1,-1,-1,-1,-1,-1,-1,-1,-1,-1,-1,-1,1.03,0.00,0.00,0.00,1.00,50,50,0,0,0,0,50,0,50,1.00,1.00,0.00,0.00,0.00,0.00,0.00,0.00,0.00,0.00,0.00,N/A
1760281200,Oct 12 2025 - 3:00pm,incomplete,N/A,Cádiz,SD Huesca,N/A,9,3.00,0.00,3.00,0.00,0,0,0,0,0,0,"","",-1,-1,-1,-1,-1,-1,-1,-1,-1,-1,-1,-1,-1,-1,-1,-1,-1,-1,-1,-1,2.37,0.00,0.00,0.00,0.50,0,0,0,0,0,0,50,0,0,7.00,3.00,0.00,0.00,0.00,0.00,0.00,0.00,0.00,0.00,0.00,N/A
1760281200,Oct 12 2025 - 3:00pm,incomplete,N/A,Albacete Balompié,Ceuta,N/A,9,0.00,0.00,0.00,0.00,0,0,0,0,0,0,"","",-1,-1,-1,-1,-1,-1,-1,-1,-1,-1,-1,-1,-1,-1,-1,-1,-1,-1,-1,-1,0.00,0.64,0.00,0.00,1.50,0,50,50,0,0,50,50,0,50,4.00,2.00,0.00,0.00,0.00,0.00,0.00,0.00,0.00,0.00,0.00,N/A
1760281200,Oct 12 2025 - 3:00pm,incomplete,N/A,Real Sociedad II,FC Andorra,N/A,9,3.00,1.00,3.00,1.00,0,0,0,0,0,0,"","",-1,-1,-1,-1,-1,-1,-1,-1,-1,-1,-1,-1,-1,-1,-1,-1,-1,-1,-1,-1,0.47,0.81,0.00,0.00,1.50,50,50,0,0,0,0,100,0,50,4.00,7.00,0.00,0.00,0.00,0.00,0.00,0.00,0.00,0.00,0.00,N/A
1760281200,Oct 12 2025 - 3:00pm,incomplete,30044,Málaga CF,Deportivo La Coruña,N/A,9,1.00,3.00,1.00,3.00,0,0,0,0,0,0,"","",-1,-1,-1,-1,-1,-1,-1,-1,-1,-1,-1,-1,-1,-1,-1,-1,-1,-1,-1,-1,1.22,1.63,0.00,0.00,3.00,100,100,50,50,0,0,50,100,100,9.00,4.00,0.00,0.00,0.00,0.00,0.00,0.00,0.00,0.00,0.00,N/A
1760281200,Oct 12 2025 - 3:00pm,incomplete,N/A,Burgos CF,Real Valladolid,N/A,9,3.00,0.00,3.00,0.00,0,0,0,0,0,0,"","",-1,-1,-1,-1,-1,-1,-1,-1,-1,-1,-1,-1,-1,-1,-1,-1,-1,-1,-1,-1,1.91,0.00,0.00,0.00,3.00,50,50,50,50,50,50,50,50,50,3.00,1.00,0.00,0.00,0.00,0.00,0.00,0.00,0.00,0.00,0.00,N/A
1760281200,Oct 12 2025 - 3:00pm,incomplete,N/A,Mirandés,Leganés,N/A,9,0.00,1.00,0.00,1.00,0,0,0,0,0,0,"","",-1,-1,-1,-1,-1,-1,-1,-1,-1,-1,-1,-1,-1,-1,-1,-1,-1,-1,-1,-1,0.00,0.89,0.00,0.00,1.00,50,50,0,0,0,0,0,50,50,3.00,2.00,0.00,0.00,0.00,0.00,0.00,0.00,0.00,0.00,0.00,N/A
1760281200,Oct 12 2025 - 3:00pm,incomplete,N/A,Córdoba,Cultural y Deportiva Leonesa,N/A,9,0.00,0.00,0.00,0.00,0,0,0,0,0,0,"","",-1,-1,-1,-1,-1,-1,-1,-1,-1,-1,-1,-1,-1,-1,-1,-1,-1,-1,-1,-1,0.00,0.74,0.00,0.00,3.00,50,50,50,50,50,50,50,50,50,3.00,3.00,0.00,0.00,0.00,0.00,0.00,0.00,0.00,0.00,0.00,N/A
1760281200,Oct 12 2025 - 3:00pm,incomplete,15067,Almería,Real Zaragoza,N/A,9,1.00,0.00,1.00,0.00,0,0,0,0,0,0,"","",-1,-1,-1,-1,-1,-1,-1,-1,-1,-1,-1,-1,-1,-1,-1,-1,-1,-1,-1,-1,3.16,2.07,0.00,0.00,4.50,50,50,50,50,50,50,100,50,50,26.00,5.00,0.00,0.00,0.00,0.00,0.00,0.00,0.00,0.00,0.00,N/A
1760281200,Oct 12 2025 - 3:00pm,incomplete,N/A,SD Eibar,CD Castellón,N/A,9,0.00,0.00,0.00,0.00,0,0,0,0,0,0,"","",-1,-1,-1,-1,-1,-1,-1,-1,-1,-1,-1,-1,-1,-1,-1,-1,-1,-1,-1,-1,0.00,2.11,0.00,0.00,2.00,50,50,50,50,0,50,50,0,50,12.00,2.00,0.00,0.00,0.00,0.00,0.00,0.00,0.00,0.00,0.00,N/A
1760281200,Oct 12 2025 - 3:00pm,incomplete,N/A,Sporting Gijón,Racing Santander,N/A,9,3.00,0.00,3.00,0.00,0,0,0,0,0,0,"","",-1,-1,-1,-1,-1,-1,-1,-1,-1,-1,-1,-1,-1,-1,-1,-1,-1,-1,-1,-1,1.06,0.00,0.00,0.00,1.50,50,50,50,0,0,50,50,0,50,2.00,2.00,0.00,0.00,0.00,0.00,0.00,0.00,0.00,0.00,0.00,N/A
1760281200,Oct 12 2025 - 3:00pm,incomplete,16616,Granada CF,UD Las Palmas,N/A,9,0.00,0.00,0.00,0.00,0,0,0,0,0,0,"","",-1,-1,-1,-1,-1,-1,-1,-1,-1,-1,-1,-1,-1,-1,-1,-1,-1,-1,-1,-1,1.33,0.00,0.00,0.00,2.00,50,50,50,50,0,0,50,50,50,7.00,2.00,0.00,0.00,0.00,0.00,0.00,0.00,0.00,0.00,0.00,N/A
1760886000,Oct 19 2025 - 3:00pm,incomplete,N/A,Real Valladolid,Sporting Gijón,N/A,10,3.00,0.00,3.00,0.00,0,0,0,0,0,0,"","",-1,-1,-1,-1,-1,-1,-1,-1,-1,-1,-1,-1,-1,-1,-1,-1,-1,-1,-1,-1,2.09,0.00,0.00,0.00,1.50,0,50,50,0,0,50,50,0,50,6.00,3.00,0.00,0.00,0.00,0.00,0.00,0.00,0.00,0.00,0.00,N/A
1760886000,Oct 19 2025 - 3:00pm,incomplete,N/A,FC Andorra,Granada CF,N/A,10,0.00,0.00,0.00,0.00,0,0,0,0,0,0,"","",-1,-1,-1,-1,-1,-1,-1,-1,-1,-1,-1,-1,-1,-1,-1,-1,-1,-1,-1,-1,0.00,0.00,0.00,0.00,0.00,0,0,0,0,0,0,0,0,0,0.00,0.00,0.00,0.00,0.00,0.00,0.00,0.00,0.00,0.00,0.00,N/A
1760886000,Oct 19 2025 - 3:00pm,incomplete,N/A,Real Zaragoza,Cultural y Deportiva Leonesa,N/A,10,0.00,0.00,0.00,0.00,0,0,0,0,0,0,"","",-1,-1,-1,-1,-1,-1,-1,-1,-1,-1,-1,-1,-1,-1,-1,-1,-1,-1,-1,-1,0.00,0.74,0.00,0.00,3.00,50,50,50,50,50,50,50,50,50,3.00,3.00,0.00,0.00,0.00,0.00,0.00,0.00,0.00,0.00,0.00,N/A
1760886000,Oct 19 2025 - 3:00pm,incomplete,N/A,Ceuta,Mirandés,N/A,10,0.00,0.00,0.00,0.00,0,0,0,0,0,0,"","",-1,-1,-1,-1,-1,-1,-1,-1,-1,-1,-1,-1,-1,-1,-1,-1,-1,-1,-1,-1,0.00,0.17,0.00,0.00,0.50,0,0,0,0,0,0,50,0,0,0.00,0.00,0.00,0.00,0.00,0.00,0.00,0.00,0.00,0.00,0.00,N/A
1760886000,Oct 19 2025 - 3:00pm,incomplete,N/A,CD Castellón,Albacete Balompié,N/A,10,0.00,1.00,0.00,1.00,0,0,0,0,0,0,"","",-1,-1,-1,-1,-1,-1,-1,-1,-1,-1,-1,-1,-1,-1,-1,-1,-1,-1,-1,-1,0.00,1.67,0.00,0.00,4.00,50,50,50,50,50,50,50,50,50,5.00,2.00,0.00,0.00,0.00,0.00,0.00,0.00,0.00,0.00,0.00,N/A
1760886000,Oct 19 2025 - 3:00pm,incomplete,20312,Racing Santander,Deportivo La Coruña,N/A,10,3.00,3.00,3.00,3.00,0,0,0,0,0,0,"","",-1,-1,-1,-1,-1,-1,-1,-1,-1,-1,-1,-1,-1,-1,-1,-1,-1,-1,-1,-1,1.17,1.63,0.00,0.00,4.00,100,100,100,100,0,50,100,50,100,4.00,5.00,0.00,0.00,0.00,0.00,0.00,0.00,0.00,0.00,0.00,N/A
1760886000,Oct 19 2025 - 3:00pm,incomplete,N/A,UD Las Palmas,SD Eibar,N/A,10,1.00,1.00,1.00,1.00,0,0,0,0,0,0,"","",-1,-1,-1,-1,-1,-1,-1,-1,-1,-1,-1,-1,-1,-1,-1,-1,-1,-1,-1,-1,1.03,0.81,0.00,0.00,2.00,100,100,0,0,0,0,50,50,100,4.00,3.00,0.00,0.00,0.00,0.00,0.00,0.00,0.00,0.00,0.00,N/A
1760886000,Oct 19 2025 - 3:00pm,incomplete,9452,Leganés,Málaga CF,N/A,10,0.00,0.00,0.00,0.00,0,0,0,0,0,0,"","",-1,-1,-1,-1,-1,-1,-1,-1,-1,-1,-1,-1,-1,-1,-1,-1,-1,-1,-1,-1,0.00,0.00,0.00,0.00,0.00,0,0,0,0,0,0,0,0,0,0.00,0.00,0.00,0.00,0.00,0.00,0.00,0.00,0.00,0.00,0.00,N/A
1760886000,Oct 19 2025 - 3:00pm,incomplete,N/A,Real Sociedad II,SD Huesca,N/A,10,3.00,0.00,3.00,0.00,0,0,0,0,0,0,"","",-1,-1,-1,-1,-1,-1,-1,-1,-1,-1,-1,-1,-1,-1,-1,-1,-1,-1,-1,-1,0.47,0.00,0.00,0.00,0.50,0,0,0,0,0,0,50,0,0,2.00,4.00,0.00,0.00,0.00,0.00,0.00,0.00,0.00,0.00,0.00,N/A
1760886000,Oct 19 2025 - 3:00pm,incomplete,N/A,Córdoba,Almería,N/A,10,0.00,0.00,0.00,0.00,0,0,0,0,0,0,"","",-1,-1,-1,-1,-1,-1,-1,-1,-1,-1,-1,-1,-1,-1,-1,-1,-1,-1,-1,-1,0.00,0.00,0.00,0.00,0.00,0,0,0,0,0,0,0,0,0,0.00,0.00,0.00,0.00,0.00,0.00,0.00,0.00,0.00,0.00,0.00,N/A
1761490800,Oct 26 2025 - 3:00pm,incomplete,N/A,Deportivo La Coruña,Real Valladolid,N/A,11,0.00,0.00,0.00,0.00,0,0,0,0,0,0,"","",-1,-1,-1,-1,-1,-1,-1,-1,-1,-1,-1,-1,-1,-1,-1,-1,-1,-1,-1,-1,0.00,0.00,0.00,0.00,0.00,0,0,0,0,0,0,0,0,0,0.00,0.00,0.00,0.00,0.00,0.00,0.00,0.00,0.00,0.00,0.00,N/A
1761490800,Oct 26 2025 - 3:00pm,incomplete,N/A,Burgos CF,Real Sociedad II,N/A,11,3.00,0.00,3.00,0.00,0,0,0,0,0,0,"","",-1,-1,-1,-1,-1,-1,-1,-1,-1,-1,-1,-1,-1,-1,-1,-1,-1,-1,-1,-1,1.91,0.00,0.00,0.00,3.00,50,50,50,50,50,50,50,50,50,3.00,1.00,0.00,0.00,0.00,0.00,0.00,0.00,0.00,0.00,0.00,N/A
1761490800,Oct 26 2025 - 3:00pm,incomplete,15067,Almería,CD Castellón,N/A,11,1.00,0.00,1.00,0.00,0,0,0,0,0,0,"","",-1,-1,-1,-1,-1,-1,-1,-1,-1,-1,-1,-1,-1,-1,-1,-1,-1,-1,-1,-1,3.16,2.11,0.00,0.00,6.00,100,100,100,100,50,100,100,50,100,29.00,5.00,0.00,0.00,0.00,0.00,0.00,0.00,0.00,0.00,0.00,N/A
1761490800,Oct 26 2025 - 3:00pm,incomplete,N/A,SD Eibar,Leganés,N/A,11,0.00,1.00,0.00,1.00,0,0,0,0,0,0,"","",-1,-1,-1,-1,-1,-1,-1,-1,-1,-1,-1,-1,-1,-1,-1,-1,-1,-1,-1,-1,0.00,0.89,0.00,0.00,1.00,50,50,0,0,0,0,0,50,50,3.00,2.00,0.00,0.00,0.00,0.00,0.00,0.00,0.00,0.00,0.00,N/A
1761490800,Oct 26 2025 - 3:00pm,incomplete,N/A,Málaga CF,FC Andorra,N/A,11,1.00,1.00,1.00,1.00,0,0,0,0,0,0,"","",-1,-1,-1,-1,-1,-1,-1,-1,-1,-1,-1,-1,-1,-1,-1,-1,-1,-1,-1,-1,1.22,0.81,0.00,0.00,2.00,100,100,0,0,0,0,50,50,100,10.00,5.00,0.00,0.00,0.00,0.00,0.00,0.00,0.00,0.00,0.00,N/A
1761490800,Oct 26 2025 - 3:00pm,incomplete,N/A,Sporting Gijón,Real Zaragoza,N/A,11,3.00,0.00,3.00,0.00,0,0,0,0,0,0,"","",-1,-1,-1,-1,-1,-1,-1,-1,-1,-1,-1,-1,-1,-1,-1,-1,-1,-1,-1,-1,1.06,2.07,0.00,0.00,2.00,50,50,50,0,0,50,100,0,50,11.00,4.00,0.00,0.00,0.00,0.00,0.00,0.00,0.00,0.00,0.00,N/A
1761490800,Oct 26 2025 - 3:00pm,incomplete,7968,SD Huesca,UD Las Palmas,N/A,11,1.00,0.00,1.00,0.00,0,0,0,0,0,0,"","",-1,-1,-1,-1,-1,-1,-1,-1,-1,-1,-1,-1,-1,-1,-1,-1,-1,-1,-1,-1,1.37,0.00,0.00,0.00,1.00,50,50,0,0,0,0,0,50,50,5.00,2.00,0.00,0.00,0.00,0.00,0.00,0.00,0.00,0.00,0.00,N/A
1761490800,Oct 26 2025 - 3:00pm,incomplete,16616,Granada CF,Cádiz,N/A,11,0.00,0.00,0.00,0.00,0,0,0,0,0,0,"","",-1,-1,-1,-1,-1,-1,-1,-1,-1,-1,-1,-1,-1,-1,-1,-1,-1,-1,-1,-1,1.33,0.00,0.00,0.00,2.00,50,50,50,50,0,0,50,50,50,7.00,2.00,0.00,0.00,0.00,0.00,0.00,0.00,0.00,0.00,0.00,N/A
1761490800,Oct 26 2025 - 3:00pm,incomplete,N/A,Albacete Balompié,Córdoba,N/A,11,0.00,0.00,0.00,0.00,0,0,0,0,0,0,"","",-1,-1,-1,-1,-1,-1,-1,-1,-1,-1,-1,-1,-1,-1,-1,-1,-1,-1,-1,-1,0.00,1.71,0.00,0.00,1.50,50,50,50,0,0,50,50,0,50,4.00,2.00,0.00,0.00,0.00,0.00,0.00,0.00,0.00,0.00,0.00,N/A
1761490800,Oct 26 2025 - 3:00pm,incomplete,N/A,Mirandés,Racing Santander,N/A,11,0.00,0.00,0.00,0.00,0,0,0,0,0,0,"","",-1,-1,-1,-1,-1,-1,-1,-1,-1,-1,-1,-1,-1,-1,-1,-1,-1,-1,-1,-1,0.00,0.00,0.00,0.00,0.00,0,0,0,0,0,0,0,0,0,0.00,0.00,0.00,0.00,0.00,0.00,0.00,0.00,0.00,0.00,0.00,N/A
1762095600,Nov 02 2025 - 3:00pm,incomplete,812,FC Andorra,Cádiz,N/A,12,0.00,0.00,0.00,0.00,0,0,0,0,0,0,"","",-1,-1,-1,-1,-1,-1,-1,-1,-1,-1,-1,-1,-1,-1,-1,-1,-1,-1,-1,-1,0.00,0.00,0.00,0.00,0.00,0,0,0,0,0,0,0,0,0,0.00,0.00,0.00,0.00,0.00,0.00,0.00,0.00,0.00,0.00,0.00,N/A
1762095600,Nov 02 2025 - 3:00pm,incomplete,N/A,Racing Santander,Real Sociedad II,N/A,12,3.00,0.00,3.00,0.00,0,0,0,0,0,0,"","",-1,-1,-1,-1,-1,-1,-1,-1,-1,-1,-1,-1,-1,-1,-1,-1,-1,-1,-1,-1,1.17,0.00,0.00,0.00,2.00,50,50,50,50,0,50,50,0,50,3.00,3.00,0.00,0.00,0.00,0.00,0.00,0.00,0.00,0.00,0.00,N/A
1762095600,Nov 02 2025 - 3:00pm,incomplete,N/A,Albacete Balompié,SD Huesca,N/A,12,0.00,0.00,0.00,0.00,0,0,0,0,0,0,"","",-1,-1,-1,-1,-1,-1,-1,-1,-1,-1,-1,-1,-1,-1,-1,-1,-1,-1,-1,-1,0.00,0.00,0.00,0.00,0.00,0,0,0,0,0,0,0,0,0,0.00,0.00,0.00,0.00,0.00,0.00,0.00,0.00,0.00,0.00,0.00,N/A
1762095600,Nov 02 2025 - 3:00pm,incomplete,N/A,Real Zaragoza,Deportivo La Coruña,N/A,12,0.00,3.00,0.00,3.00,0,0,0,0,0,0,"","",-1,-1,-1,-1,-1,-1,-1,-1,-1,-1,-1,-1,-1,-1,-1,-1,-1,-1,-1,-1,0.00,1.63,0.00,0.00,2.00,50,50,50,50,0,0,50,50,50,1.00,2.00,0.00,0.00,0.00,0.00,0.00,0.00,0.00,0.00,0.00,N/A
1762095600,Nov 02 2025 - 3:00pm,incomplete,N/A,Cultural y Deportiva Leonesa,Mirandés,N/A,12,0.00,0.00,0.00,0.00,0,0,0,0,0,0,"","",-1,-1,-1,-1,-1,-1,-1,-1,-1,-1,-1,-1,-1,-1,-1,-1,-1,-1,-1,-1,0.00,0.17,0.00,0.00,0.50,0,0,0,0,0,0,50,0,0,0.00,0.00,0.00,0.00,0.00,0.00,0.00,0.00,0.00,0.00,0.00,N/A
1762095600,Nov 02 2025 - 3:00pm,incomplete,N/A,Leganés,Burgos CF,N/A,12,0.00,0.00,0.00,0.00,0,0,0,0,0,0,"","",-1,-1,-1,-1,-1,-1,-1,-1,-1,-1,-1,-1,-1,-1,-1,-1,-1,-1,-1,-1,0.00,0.00,0.00,0.00,0.00,0,0,0,0,0,0,0,0,0,0.00,0.00,0.00,0.00,0.00,0.00,0.00,0.00,0.00,0.00,0.00,N/A
1762095600,Nov 02 2025 - 3:00pm,incomplete,N/A,Sporting Gijón,UD Las Palmas,N/A,12,3.00,0.00,3.00,0.00,0,0,0,0,0,0,"","",-1,-1,-1,-1,-1,-1,-1,-1,-1,-1,-1,-1,-1,-1,-1,-1,-1,-1,-1,-1,1.06,0.00,0.00,0.00,1.50,50,50,50,0,0,50,50,0,50,2.00,2.00,0.00,0.00,0.00,0.00,0.00,0.00,0.00,0.00,0.00,N/A
1762095600,Nov 02 2025 - 3:00pm,incomplete,N/A,CD Castellón,Málaga CF,N/A,12,0.00,0.00,0.00,0.00,0,0,0,0,0,0,"","",-1,-1,-1,-1,-1,-1,-1,-1,-1,-1,-1,-1,-1,-1,-1,-1,-1,-1,-1,-1,0.00,0.00,0.00,0.00,0.00,0,0,0,0,0,0,0,0,0,0.00,0.00,0.00,0.00,0.00,0.00,0.00,0.00,0.00,0.00,0.00,N/A
1762095600,Nov 02 2025 - 3:00pm,incomplete,N/A,Real Valladolid,Granada CF,N/A,12,3.00,0.00,3.00,0.00,0,0,0,0,0,0,"","",-1,-1,-1,-1,-1,-1,-1,-1,-1,-1,-1,-1,-1,-1,-1,-1,-1,-1,-1,-1,2.09,0.00,0.00,0.00,1.50,0,50,50,0,0,50,50,0,50,6.00,3.00,0.00,0.00,0.00,0.00,0.00,0.00,0.00,0.00,0.00,N/A
1762095600,Nov 02 2025 - 3:00pm,incomplete,N/A,Almería,SD Eibar,N/A,12,1.00,1.00,1.00,1.00,0,0,0,0,0,0,"","",-1,-1,-1,-1,-1,-1,-1,-1,-1,-1,-1,-1,-1,-1,-1,-1,-1,-1,-1,-1,3.16,0.81,0.00,0.00,5.00,100,100,50,50,50,50,50,100,100,20.00,5.00,0.00,0.00,0.00,0.00,0.00,0.00,0.00,0.00,0.00,N/A
1762095600,Nov 02 2025 - 3:00pm,incomplete,N/A,Córdoba,Ceuta,N/A,12,0.00,0.00,0.00,0.00,0,0,0,0,0,0,"","",-1,-1,-1,-1,-1,-1,-1,-1,-1,-1,-1,-1,-1,-1,-1,-1,-1,-1,-1,-1,0.00,0.64,0.00,0.00,1.50,0,50,50,0,0,50,50,0,50,4.00,2.00,0.00,0.00,0.00,0.00,0.00,0.00,0.00,0.00,0.00,N/A
1762700400,Nov 09 2025 - 3:00pm,incomplete,N/A,Ceuta,Almería,N/A,13,0.00,0.00,0.00,0.00,0,0,0,0,0,0,"","",-1,-1,-1,-1,-1,-1,-1,-1,-1,-1,-1,-1,-1,-1,-1,-1,-1,-1,-1,-1,0.00,0.00,0.00,0.00,0.00,0,0,0,0,0,0,0,0,0,0.00,0.00,0.00,0.00,0.00,0.00,0.00,0.00,0.00,0.00,0.00,N/A
1762700400,Nov 09 2025 - 3:00pm,incomplete,N/A,Burgos CF,CD Castellón,N/A,13,3.00,0.00,3.00,0.00,0,0,0,0,0,0,"","",-1,-1,-1,-1,-1,-1,-1,-1,-1,-1,-1,-1,-1,-1,-1,-1,-1,-1,-1,-1,1.91,2.11,0.00,0.00,5.00,100,100,100,100,50,100,100,50,100,15.00,3.00,0.00,0.00,0.00,0.00,0.00,0.00,0.00,0.00,0.00,N/A
1762700400,Nov 09 2025 - 3:00pm,incomplete,N/A,Granada CF,Real Zaragoza,N/A,13,0.00,0.00,0.00,0.00,0,0,0,0,0,0,"","",-1,-1,-1,-1,-1,-1,-1,-1,-1,-1,-1,-1,-1,-1,-1,-1,-1,-1,-1,-1,1.33,2.07,0.00,0.00,2.50,50,50,50,50,0,0,100,50,50,16.00,4.00,0.00,0.00,0.00,0.00,0.00,0.00,0.00,0.00,0.00,N/A
1762700400,Nov 09 2025 - 3:00pm,incomplete,N/A,Málaga CF,Córdoba,N/A,13,1.00,0.00,1.00,0.00,0,0,0,0,0,0,"","",-1,-1,-1,-1,-1,-1,-1,-1,-1,-1,-1,-1,-1,-1,-1,-1,-1,-1,-1,-1,1.22,1.71,0.00,0.00,2.50,100,100,50,0,0,50,50,50,100,12.00,4.00,0.00,0.00,0.00,0.00,0.00,0.00,0.00,0.00,0.00,N/A
1762700400,Nov 09 2025 - 3:00pm,incomplete,N/A,SD Huesca,FC Andorra,N/A,13,1.00,1.00,1.00,1.00,0,0,0,0,0,0,"","",-1,-1,-1,-1,-1,-1,-1,-1,-1,-1,-1,-1,-1,-1,-1,-1,-1,-1,-1,-1,1.37,0.81,0.00,0.00,2.00,100,100,0,0,0,0,50,50,100,7.00,5.00,0.00,0.00,0.00,0.00,0.00,0.00,0.00,0.00,0.00,N/A
1762700400,Nov 09 2025 - 3:00pm,incomplete,N/A,SD Eibar,Albacete Balompié,N/A,13,0.00,1.00,0.00,1.00,0,0,0,0,0,0,"","",-1,-1,-1,-1,-1,-1,-1,-1,-1,-1,-1,-1,-1,-1,-1,-1,-1,-1,-1,-1,0.00,1.67,0.00,0.00,4.00,50,50,50,50,50,50,50,50,50,5.00,2.00,0.00,0.00,0.00,0.00,0.00,0.00,0.00,0.00,0.00,N/A
1762700400,Nov 09 2025 - 3:00pm,incomplete,N/A,Deportivo La Coruña,Cultural y Deportiva Leonesa,N/A,13,0.00,0.00,0.00,0.00,0,0,0,0,0,0,"","",-1,-1,-1,-1,-1,-1,-1,-1,-1,-1,-1,-1,-1,-1,-1,-1,-1,-1,-1,-1,0.00,0.74,0.00,0.00,3.00,50,50,50,50,50,50,50,50,50,3.00,3.00,0.00,0.00,0.00,0.00,0.00,0.00,0.00,0.00,0.00,N/A
1762700400,Nov 09 2025 - 3:00pm,incomplete,N/A,Real Sociedad II,Leganés,N/A,13,3.00,1.00,3.00,1.00,0,0,0,0,0,0,"","",-1,-1,-1,-1,-1,-1,-1,-1,-1,-1,-1,-1,-1,-1,-1,-1,-1,-1,-1,-1,0.47,0.89,0.00,0.00,1.50,50,50,0,0,0,0,50,50,50,5.00,6.00,0.00,0.00,0.00,0.00,0.00,0.00,0.00,0.00,0.00,N/A
1762700400,Nov 09 2025 - 3:00pm,incomplete,N/A,Mirandés,Sporting Gijón,N/A,13,0.00,0.00,0.00,0.00,0,0,0,0,0,0,"","",-1,-1,-1,-1,-1,-1,-1,-1,-1,-1,-1,-1,-1,-1,-1,-1,-1,-1,-1,-1,0.00,0.00,0.00,0.00,0.00,0,0,0,0,0,0,0,0,0,0.00,0.00,0.00,0.00,0.00,0.00,0.00,0.00,0.00,0.00,0.00,N/A
1762700400,Nov 09 2025 - 3:00pm,incomplete,N/A,UD Las Palmas,Racing Santander,N/A,13,1.00,0.00,1.00,0.00,0,0,0,0,0,0,"","",-1,-1,-1,-1,-1,-1,-1,-1,-1,-1,-1,-1,-1,-1,-1,-1,-1,-1,-1,-1,1.03,0.00,0.00,0.00,1.00,50,50,0,0,0,0,50,0,50,1.00,1.00,0.00,0.00,0.00,0.00,0.00,0.00,0.00,0.00,0.00,N/A
1762700400,Nov 09 2025 - 3:00pm,incomplete,N/A,Cádiz,Real Valladolid,N/A,13,3.00,0.00,3.00,0.00,0,0,0,0,0,0,"","",-1,-1,-1,-1,-1,-1,-1,-1,-1,-1,-1,-1,-1,-1,-1,-1,-1,-1,-1,-1,2.37,0.00,0.00,0.00,0.50,0,0,0,0,0,0,50,0,0,7.00,3.00,0.00,0.00,0.00,0.00,0.00,0.00,0.00,0.00,0.00,N/A
1763305200,Nov 16 2025 - 3:00pm,incomplete,N/A,Racing Santander,Granada CF,N/A,14,3.00,0.00,3.00,0.00,0,0,0,0,0,0,"","",-1,-1,-1,-1,-1,-1,-1,-1,-1,-1,-1,-1,-1,-1,-1,-1,-1,-1,-1,-1,1.17,0.00,0.00,0.00,2.00,50,50,50,50,0,50,50,0,50,3.00,3.00,0.00,0.00,0.00,0.00,0.00,0.00,0.00,0.00,0.00,N/A
1763305200,Nov 16 2025 - 3:00pm,incomplete,N/A,Mirandés,Burgos CF,N/A,14,0.00,0.00,0.00,0.00,0,0,0,0,0,0,"","",-1,-1,-1,-1,-1,-1,-1,-1,-1,-1,-1,-1,-1,-1,-1,-1,-1,-1,-1,-1,0.00,0.00,0.00,0.00,0.00,0,0,0,0,0,0,0,0,0,0.00,0.00,0.00,0.00,0.00,0.00,0.00,0.00,0.00,0.00,0.00,N/A
1763305200,Nov 16 2025 - 3:00pm,incomplete,N/A,CD Castellón,Real Sociedad II,N/A,14,0.00,0.00,0.00,0.00,0,0,0,0,0,0,"","",-1,-1,-1,-1,-1,-1,-1,-1,-1,-1,-1,-1,-1,-1,-1,-1,-1,-1,-1,-1,0.00,0.00,0.00,0.00,0.00,0,0,0,0,0,0,0,0,0,0.00,0.00,0.00,0.00,0.00,0.00,0.00,0.00,0.00,0.00,0.00,N/A
1763305200,Nov 16 2025 - 3:00pm,incomplete,N/A,Real Valladolid,UD Las Palmas,N/A,14,3.00,0.00,3.00,0.00,0,0,0,0,0,0,"","",-1,-1,-1,-1,-1,-1,-1,-1,-1,-1,-1,-1,-1,-1,-1,-1,-1,-1,-1,-1,2.09,0.00,0.00,0.00,1.50,0,50,50,0,0,50,50,0,50,6.00,3.00,0.00,0.00,0.00,0.00,0.00,0.00,0.00,0.00,0.00,N/A
1763305200,Nov 16 2025 - 3:00pm,incomplete,N/A,Sporting Gijón,SD Eibar,N/A,14,3.00,1.00,3.00,1.00,0,0,0,0,0,0,"","",-1,-1,-1,-1,-1,-1,-1,-1,-1,-1,-1,-1,-1,-1,-1,-1,-1,-1,-1,-1,1.06,0.81,0.00,0.00,2.50,100,100,50,0,0,50,50,50,100,5.00,4.00,0.00,0.00,0.00,0.00,0.00,0.00,0.00,0.00,0.00,N/A
1763305200,Nov 16 2025 - 3:00pm,incomplete,N/A,Almería,Cádiz,N/A,14,1.00,0.00,1.00,0.00,0,0,0,0,0,0,"","",-1,-1,-1,-1,-1,-1,-1,-1,-1,-1,-1,-1,-1,-1,-1,-1,-1,-1,-1,-1,3.16,0.00,0.00,0.00,4.00,50,50,50,50,50,50,50,50,50,17.00,3.00,0.00,0.00,0.00,0.00,0.00,0.00,0.00,0.00,0.00,N/A
1763305200,Nov 16 2025 - 3:00pm,incomplete,N/A,Córdoba,Deportivo La Coruña,N/A,14,0.00,3.00,0.00,3.00,0,0,0,0,0,0,"","",-1,-1,-1,-1,-1,-1,-1,-1,-1,-1,-1,-1,-1,-1,-1,-1,-1,-1,-1,-1,0.00,1.63,0.00,0.00,2.00,50,50,50,50,0,0,50,50,50,1.00,2.00,0.00,0.00,0.00,0.00,0.00,0.00,0.00,0.00,0.00,N/A
1763305200,Nov 16 2025 - 3:00pm,incomplete,N/A,Ceuta,Leganés,N/A,14,0.00,1.00,0.00,1.00,0,0,0,0,0,0,"","",-1,-1,-1,-1,-1,-1,-1,-1,-1,-1,-1,-1,-1,-1,-1,-1,-1,-1,-1,-1,0.00,0.89,0.00,0.00,1.00,50,50,0,0,0,0,0,50,50,3.00,2.00,0.00,0.00,0.00,0.00,0.00,0.00,0.00,0.00,0.00,N/A
1763305200,Nov 16 2025 - 3:00pm,incomplete,N/A,Albacete Balompié,FC Andorra,N/A,14,0.00,1.00,0.00,1.00,0,0,0,0,0,0,"","",-1,-1,-1,-1,-1,-1,-1,-1,-1,-1,-1,-1,-1,-1,-1,-1,-1,-1,-1,-1,0.00,0.81,0.00,0.00,1.00,50,50,0,0,0,0,50,0,50,2.00,3.00,0.00,0.00,0.00,0.00,0.00,0.00,0.00,0.00,0.00,N/A
1763305200,Nov 16 2025 - 3:00pm,incomplete,N/A,Cultural y Deportiva Leonesa,Málaga CF,N/A,14,0.00,0.00,0.00,0.00,0,0,0,0,0,0,"","",-1,-1,-1,-1,-1,-1,-1,-1,-1,-1,-1,-1,-1,-1,-1,-1,-1,-1,-1,-1,0.00,0.00,0.00,0.00,0.00,0,0,0,0,0,0,0,0,0,0.00,0.00,0.00,0.00,0.00,0.00,0.00,0.00,0.00,0.00,0.00,N/A
1763305200,Nov 16 2025 - 3:00pm,incomplete,N/A,Real Zaragoza,SD Huesca,N/A,14,0.00,0.00,0.00,0.00,0,0,0,0,0,0,"","",-1,-1,-1,-1,-1,-1,-1,-1,-1,-1,-1,-1,-1,-1,-1,-1,-1,-1,-1,-1,0.00,0.00,0.00,0.00,0.00,0,0,0,0,0,0,0,0,0,0.00,0.00,0.00,0.00,0.00,0.00,0.00,0.00,0.00,0.00,0.00,N/A
1763910000,Nov 23 2025 - 3:00pm,incomplete,N/A,SD Eibar,Real Zaragoza,N/A,15,0.00,0.00,0.00,0.00,0,0,0,0,0,0,"","",-1,-1,-1,-1,-1,-1,-1,-1,-1,-1,-1,-1,-1,-1,-1,-1,-1,-1,-1,-1,0.00,2.07,0.00,0.00,0.50,0,0,0,0,0,0,50,0,0,9.00,2.00,0.00,0.00,0.00,0.00,0.00,0.00,0.00,0.00,0.00,N/A
1763910000,Nov 23 2025 - 3:00pm,incomplete,N/A,Cádiz,Cultural y Deportiva Leonesa,N/A,15,3.00,0.00,3.00,0.00,0,0,0,0,0,0,"","",-1,-1,-1,-1,-1,-1,-1,-1,-1,-1,-1,-1,-1,-1,-1,-1,-1,-1,-1,-1,2.37,0.74,0.00,0.00,3.50,50,50,50,50,50,50,100,50,50,10.00,6.00,0.00,0.00,0.00,0.00,0.00,0.00,0.00,0.00,0.00,N/A
1763910000,Nov 23 2025 - 3:00pm,incomplete,N/A,Real Sociedad II,Real Valladolid,N/A,15,3.00,0.00,3.00,0.00,0,0,0,0,0,0,"","",-1,-1,-1,-1,-1,-1,-1,-1,-1,-1,-1,-1,-1,-1,-1,-1,-1,-1,-1,-1,0.47,0.00,0.00,0.00,0.50,0,0,0,0,0,0,50,0,0,2.00,4.00,0.00,0.00,0.00,0.00,0.00,0.00,0.00,0.00,0.00,N/A
1763910000,Nov 23 2025 - 3:00pm,incomplete,N/A,UD Las Palmas,Albacete Balompié,N/A,15,1.00,1.00,1.00,1.00,0,0,0,0,0,0,"","",-1,-1,-1,-1,-1,-1,-1,-1,-1,-1,-1,-1,-1,-1,-1,-1,-1,-1,-1,-1,1.03,1.67,0.00,0.00,5.00,100,100,50,50,50,50,100,50,100,6.00,3.00,0.00,0.00,0.00,0.00,0.00,0.00,0.00,0.00,0.00,N/A
1763910000,Nov 23 2025 - 3:00pm,incomplete,N/A,Granada CF,Córdoba,N/A,15,0.00,0.00,0.00,0.00,0,0,0,0,0,0,"","",-1,-1,-1,-1,-1,-1,-1,-1,-1,-1,-1,-1,-1,-1,-1,-1,-1,-1,-1,-1,1.33,1.71,0.00,0.00,3.50,100,100,100,50,0,50,100,50,100,11.00,4.00,0.00,0.00,0.00,0.00,0.00,0.00,0.00,0.00,0.00,N/A
1763910000,Nov 23 2025 - 3:00pm,incomplete,N/A,Burgos CF,Racing Santander,N/A,15,3.00,0.00,3.00,0.00,0,0,0,0,0,0,"","",-1,-1,-1,-1,-1,-1,-1,-1,-1,-1,-1,-1,-1,-1,-1,-1,-1,-1,-1,-1,1.91,0.00,0.00,0.00,3.00,50,50,50,50,50,50,50,50,50,3.00,1.00,0.00,0.00,0.00,0.00,0.00,0.00,0.00,0.00,0.00,N/A
1763910000,Nov 23 2025 - 3:00pm,incomplete,N/A,Deportivo La Coruña,Ceuta,N/A,15,0.00,0.00,0.00,0.00,0,0,0,0,0,0,"","",-1,-1,-1,-1,-1,-1,-1,-1,-1,-1,-1,-1,-1,-1,-1,-1,-1,-1,-1,-1,0.00,0.64,0.00,0.00,1.50,0,50,50,0,0,50,50,0,50,4.00,2.00,0.00,0.00,0.00,0.00,0.00,0.00,0.00,0.00,0.00,N/A
1763910000,Nov 23 2025 - 3:00pm,incomplete,812,FC Andorra,CD Castellón,N/A,15,0.00,0.00,0.00,0.00,0,0,0,0,0,0,"","",-1,-1,-1,-1,-1,-1,-1,-1,-1,-1,-1,-1,-1,-1,-1,-1,-1,-1,-1,-1,0.00,2.11,0.00,0.00,2.00,50,50,50,50,0,50,50,0,50,12.00,2.00,0.00,0.00,0.00,0.00,0.00,0.00,0.00,0.00,0.00,N/A
1763910000,Nov 23 2025 - 3:00pm,incomplete,N/A,SD Huesca,Sporting Gijón,N/A,15,1.00,0.00,1.00,0.00,0,0,0,0,0,0,"","",-1,-1,-1,-1,-1,-1,-1,-1,-1,-1,-1,-1,-1,-1,-1,-1,-1,-1,-1,-1,1.37,0.00,0.00,0.00,1.00,50,50,0,0,0,0,0,50,50,5.00,2.00,0.00,0.00,0.00,0.00,0.00,0.00,0.00,0.00,0.00,N/A
1763910000,Nov 23 2025 - 3:00pm,incomplete,N/A,Leganés,Almería,N/A,15,0.00,0.00,0.00,0.00,0,0,0,0,0,0,"","",-1,-1,-1,-1,-1,-1,-1,-1,-1,-1,-1,-1,-1,-1,-1,-1,-1,-1,-1,-1,0.00,0.00,0.00,0.00,0.00,0,0,0,0,0,0,0,0,0,0.00,0.00,0.00,0.00,0.00,0.00,0.00,0.00,0.00,0.00,0.00,N/A
1763910000,Nov 23 2025 - 3:00pm,incomplete,N/A,Málaga CF,Mirandés,N/A,15,1.00,0.00,1.00,0.00,0,0,0,0,0,0,"","",-1,-1,-1,-1,-1,-1,-1,-1,-1,-1,-1,-1,-1,-1,-1,-1,-1,-1,-1,-1,1.22,0.17,0.00,0.00,1.50,50,50,0,0,0,0,50,50,50,8.00,2.00,0.00,0.00,0.00,0.00,0.00,0.00,0.00,0.00,0.00,N/A
1764514800,Nov 30 2025 - 3:00pm,incomplete,N/A,CD Castellón,UD Las Palmas,N/A,16,0.00,0.00,0.00,0.00,0,0,0,0,0,0,"","",-1,-1,-1,-1,-1,-1,-1,-1,-1,-1,-1,-1,-1,-1,-1,-1,-1,-1,-1,-1,0.00,0.00,0.00,0.00,0.00,0,0,0,0,0,0,0,0,0,0.00,0.00,0.00,0.00,0.00,0.00,0.00,0.00,0.00,0.00,0.00,N/A
1764514800,Nov 30 2025 - 3:00pm,incomplete,N/A,Ceuta,Burgos CF,N/A,16,0.00,0.00,0.00,0.00,0,0,0,0,0,0,"","",-1,-1,-1,-1,-1,-1,-1,-1,-1,-1,-1,-1,-1,-1,-1,-1,-1,-1,-1,-1,0.00,0.00,0.00,0.00,0.00,0,0,0,0,0,0,0,0,0,0.00,0.00,0.00,0.00,0.00,0.00,0.00,0.00,0.00,0.00,0.00,N/A
1764514800,Nov 30 2025 - 3:00pm,incomplete,N/A,Real Valladolid,Málaga CF,N/A,16,3.00,0.00,3.00,0.00,0,0,0,0,0,0,"","",-1,-1,-1,-1,-1,-1,-1,-1,-1,-1,-1,-1,-1,-1,-1,-1,-1,-1,-1,-1,2.09,0.00,0.00,0.00,1.50,0,50,50,0,0,50,50,0,50,6.00,3.00,0.00,0.00,0.00,0.00,0.00,0.00,0.00,0.00,0.00,N/A
1764514800,Nov 30 2025 - 3:00pm,incomplete,N/A,Córdoba,Cádiz,N/A,16,0.00,0.00,0.00,0.00,0,0,0,0,0,0,"","",-1,-1,-1,-1,-1,-1,-1,-1,-1,-1,-1,-1,-1,-1,-1,-1,-1,-1,-1,-1,0.00,0.00,0.00,0.00,0.00,0,0,0,0,0,0,0,0,0,0.00,0.00,0.00,0.00,0.00,0.00,0.00,0.00,0.00,0.00,0.00,N/A
1764514800,Nov 30 2025 - 3:00pm,incomplete,N/A,Mirandés,Real Sociedad II,N/A,16,0.00,0.00,0.00,0.00,0,0,0,0,0,0,"","",-1,-1,-1,-1,-1,-1,-1,-1,-1,-1,-1,-1,-1,-1,-1,-1,-1,-1,-1,-1,0.00,0.00,0.00,0.00,0.00,0,0,0,0,0,0,0,0,0,0.00,0.00,0.00,0.00,0.00,0.00,0.00,0.00,0.00,0.00,0.00,N/A
1764514800,Nov 30 2025 - 3:00pm,incomplete,N/A,Cultural y Deportiva Leonesa,Granada CF,N/A,16,0.00,0.00,0.00,0.00,0,0,0,0,0,0,"","",-1,-1,-1,-1,-1,-1,-1,-1,-1,-1,-1,-1,-1,-1,-1,-1,-1,-1,-1,-1,0.00,0.00,0.00,0.00,0.00,0,0,0,0,0,0,0,0,0,0.00,0.00,0.00,0.00,0.00,0.00,0.00,0.00,0.00,0.00,0.00,N/A
1764514800,Nov 30 2025 - 3:00pm,incomplete,N/A,Real Zaragoza,Leganés,N/A,16,0.00,1.00,0.00,1.00,0,0,0,0,0,0,"","",-1,-1,-1,-1,-1,-1,-1,-1,-1,-1,-1,-1,-1,-1,-1,-1,-1,-1,-1,-1,0.00,0.89,0.00,0.00,1.00,50,50,0,0,0,0,0,50,50,3.00,2.00,0.00,0.00,0.00,0.00,0.00,0.00,0.00,0.00,0.00,N/A
1764514800,Nov 30 2025 - 3:00pm,incomplete,N/A,Almería,SD Huesca,N/A,16,1.00,0.00,1.00,0.00,0,0,0,0,0,0,"","",-1,-1,-1,-1,-1,-1,-1,-1,-1,-1,-1,-1,-1,-1,-1,-1,-1,-1,-1,-1,3.16,0.00,0.00,0.00,4.00,50,50,50,50,50,50,50,50,50,17.00,3.00,0.00,0.00,0.00,0.00,0.00,0.00,0.00,0.00,0.00,N/A
1764514800,Nov 30 2025 - 3:00pm,incomplete,N/A,Sporting Gijón,FC Andorra,N/A,16,3.00,1.00,3.00,1.00,0,0,0,0,0,0,"","",-1,-1,-1,-1,-1,-1,-1,-1,-1,-1,-1,-1,-1,-1,-1,-1,-1,-1,-1,-1,1.06,0.81,0.00,0.00,2.50,100,100,50,0,0,50,100,0,100,4.00,5.00,0.00,0.00,0.00,0.00,0.00,0.00,0.00,0.00,0.00,N/A
1764514800,Nov 30 2025 - 3:00pm,incomplete,N/A,Albacete Balompié,Deportivo La Coruña,N/A,16,0.00,3.00,0.00,3.00,0,0,0,0,0,0,"","",-1,-1,-1,-1,-1,-1,-1,-1,-1,-1,-1,-1,-1,-1,-1,-1,-1,-1,-1,-1,0.00,1.63,0.00,0.00,2.00,50,50,50,50,0,0,50,50,50,1.00,2.00,0.00,0.00,0.00,0.00,0.00,0.00,0.00,0.00,0.00,N/A
1764514800,Nov 30 2025 - 3:00pm,incomplete,N/A,Racing Santander,SD Eibar,N/A,16,3.00,1.00,3.00,1.00,0,0,0,0,0,0,"","",-1,-1,-1,-1,-1,-1,-1,-1,-1,-1,-1,-1,-1,-1,-1,-1,-1,-1,-1,-1,1.17,0.81,0.00,0.00,3.00,100,100,50,50,0,50,50,50,100,6.00,5.00,0.00,0.00,0.00,0.00,0.00,0.00,0.00,0.00,0.00,N/A
1765119600,Dec 07 2025 - 3:00pm,incomplete,N/A,Cádiz,Racing Santander,N/A,17,3.00,0.00,3.00,0.00,0,0,0,0,0,0,"","",-1,-1,-1,-1,-1,-1,-1,-1,-1,-1,-1,-1,-1,-1,-1,-1,-1,-1,-1,-1,2.37,0.00,0.00,0.00,0.50,0,0,0,0,0,0,50,0,0,7.00,3.00,0.00,0.00,0.00,0.00,0.00,0.00,0.00,0.00,0.00,N/A
1765119600,Dec 07 2025 - 3:00pm,incomplete,N/A,Real Sociedad II,Sporting Gijón,N/A,17,3.00,0.00,3.00,0.00,0,0,0,0,0,0,"","",-1,-1,-1,-1,-1,-1,-1,-1,-1,-1,-1,-1,-1,-1,-1,-1,-1,-1,-1,-1,0.47,0.00,0.00,0.00,0.50,0,0,0,0,0,0,50,0,0,2.00,4.00,0.00,0.00,0.00,0.00,0.00,0.00,0.00,0.00,0.00,N/A
1765119600,Dec 07 2025 - 3:00pm,incomplete,N/A,SD Eibar,Cultural y Deportiva Leonesa,N/A,17,0.00,0.00,0.00,0.00,0,0,0,0,0,0,"","",-1,-1,-1,-1,-1,-1,-1,-1,-1,-1,-1,-1,-1,-1,-1,-1,-1,-1,-1,-1,0.00,0.74,0.00,0.00,3.00,50,50,50,50,50,50,50,50,50,3.00,3.00,0.00,0.00,0.00,0.00,0.00,0.00,0.00,0.00,0.00,N/A
1765119600,Dec 07 2025 - 3:00pm,incomplete,N/A,Málaga CF,Real Zaragoza,N/A,17,1.00,0.00,1.00,0.00,0,0,0,0,0,0,"","",-1,-1,-1,-1,-1,-1,-1,-1,-1,-1,-1,-1,-1,-1,-1,-1,-1,-1,-1,-1,1.22,2.07,0.00,0.00,1.50,50,50,0,0,0,0,50,50,50,17.00,4.00,0.00,0.00,0.00,0.00,0.00,0.00,0.00,0.00,0.00,N/A
1765119600,Dec 07 2025 - 3:00pm,incomplete,N/A,SD Huesca,Real Valladolid,N/A,17,1.00,0.00,1.00,0.00,0,0,0,0,0,0,"","",-1,-1,-1,-1,-1,-1,-1,-1,-1,-1,-1,-1,-1,-1,-1,-1,-1,-1,-1,-1,1.37,0.00,0.00,0.00,1.00,50,50,0,0,0,0,0,50,50,5.00,2.00,0.00,0.00,0.00,0.00,0.00,0.00,0.00,0.00,0.00,N/A
1765119600,Dec 07 2025 - 3:00pm,incomplete,N/A,Granada CF,Ceuta,N/A,17,0.00,0.00,0.00,0.00,0,0,0,0,0,0,"","",-1,-1,-1,-1,-1,-1,-1,-1,-1,-1,-1,-1,-1,-1,-1,-1,-1,-1,-1,-1,1.33,0.64,0.00,0.00,3.50,50,100,100,50,0,50,100,50,100,11.00,4.00,0.00,0.00,0.00,0.00,0.00,0.00,0.00,0.00,0.00,N/A
1765119600,Dec 07 2025 - 3:00pm,incomplete,812,FC Andorra,Almería,N/A,17,0.00,0.00,0.00,0.00,0,0,0,0,0,0,"","",-1,-1,-1,-1,-1,-1,-1,-1,-1,-1,-1,-1,-1,-1,-1,-1,-1,-1,-1,-1,0.00,0.00,0.00,0.00,0.00,0,0,0,0,0,0,0,0,0,0.00,0.00,0.00,0.00,0.00,0.00,0.00,0.00,0.00,0.00,0.00,N/A
1765119600,Dec 07 2025 - 3:00pm,incomplete,N/A,UD Las Palmas,Mirandés,N/A,17,1.00,0.00,1.00,0.00,0,0,0,0,0,0,"","",-1,-1,-1,-1,-1,-1,-1,-1,-1,-1,-1,-1,-1,-1,-1,-1,-1,-1,-1,-1,1.03,0.17,0.00,0.00,1.50,50,50,0,0,0,0,100,0,50,1.00,1.00,0.00,0.00,0.00,0.00,0.00,0.00,0.00,0.00,0.00,N/A
1765119600,Dec 07 2025 - 3:00pm,incomplete,N/A,Deportivo La Coruña,CD Castellón,N/A,17,0.00,0.00,0.00,0.00,0,0,0,0,0,0,"","",-1,-1,-1,-1,-1,-1,-1,-1,-1,-1,-1,-1,-1,-1,-1,-1,-1,-1,-1,-1,0.00,2.11,0.00,0.00,2.00,50,50,50,50,0,50,50,0,50,12.00,2.00,0.00,0.00,0.00,0.00,0.00,0.00,0.00,0.00,0.00,N/A
1765119600,Dec 07 2025 - 3:00pm,incomplete,N/A,Leganés,Córdoba,N/A,17,0.00,0.00,0.00,0.00,0,0,0,0,0,0,"","",-1,-1,-1,-1,-1,-1,-1,-1,-1,-1,-1,-1,-1,-1,-1,-1,-1,-1,-1,-1,0.00,1.71,0.00,0.00,1.50,50,50,50,0,0,50,50,0,50,4.00,2.00,0.00,0.00,0.00,0.00,0.00,0.00,0.00,0.00,0.00,N/A
1765119600,Dec 07 2025 - 3:00pm,incomplete,N/A,Burgos CF,Albacete Balompié,N/A,17,3.00,1.00,3.00,1.00,0,0,0,0,0,0,"","",-1,-1,-1,-1,-1,-1,-1,-1,-1,-1,-1,-1,-1,-1,-1,-1,-1,-1,-1,-1,1.91,1.67,0.00,0.00,7.00,100,100,100,100,100,100,100,100,100,8.00,3.00,0.00,0.00,0.00,0.00,0.00,0.00,0.00,0.00,0.00,N/A
1765724400,Dec 14 2025 - 3:00pm,incomplete,N/A,Almería,Burgos CF,N/A,18,1.00,0.00,1.00,0.00,0,0,0,0,0,0,"","",-1,-1,-1,-1,-1,-1,-1,-1,-1,-1,-1,-1,-1,-1,-1,-1,-1,-1,-1,-1,3.16,0.00,0.00,0.00,4.00,50,50,50,50,50,50,50,50,50,17.00,3.00,0.00,0.00,0.00,0.00,0.00,0.00,0.00,0.00,0.00,N/A
1765724400,Dec 14 2025 - 3:00pm,incomplete,N/A,Albacete Balompié,Málaga CF,N/A,18,0.00,0.00,0.00,0.00,0,0,0,0,0,0,"","",-1,-1,-1,-1,-1,-1,-1,-1,-1,-1,-1,-1,-1,-1,-1,-1,-1,-1,-1,-1,0.00,0.00,0.00,0.00,0.00,0,0,0,0,0,0,0,0,0,0.00,0.00,0.00,0.00,0.00,0.00,0.00,0.00,0.00,0.00,0.00,N/A
1765724400,Dec 14 2025 - 3:00pm,incomplete,N/A,Ceuta,UD Las Palmas,N/A,18,0.00,0.00,0.00,0.00,0,0,0,0,0,0,"","",-1,-1,-1,-1,-1,-1,-1,-1,-1,-1,-1,-1,-1,-1,-1,-1,-1,-1,-1,-1,0.00,0.00,0.00,0.00,0.00,0,0,0,0,0,0,0,0,0,0.00,0.00,0.00,0.00,0.00,0.00,0.00,0.00,0.00,0.00,0.00,N/A
1765724400,Dec 14 2025 - 3:00pm,incomplete,N/A,Cultural y Deportiva Leonesa,SD Huesca,N/A,18,0.00,0.00,0.00,0.00,0,0,0,0,0,0,"","",-1,-1,-1,-1,-1,-1,-1,-1,-1,-1,-1,-1,-1,-1,-1,-1,-1,-1,-1,-1,0.00,0.00,0.00,0.00,0.00,0,0,0,0,0,0,0,0,0,0.00,0.00,0.00,0.00,0.00,0.00,0.00,0.00,0.00,0.00,0.00,N/A
1765724400,Dec 14 2025 - 3:00pm,incomplete,N/A,Racing Santander,Leganés,N/A,18,3.00,1.00,3.00,1.00,0,0,0,0,0,0,"","",-1,-1,-1,-1,-1,-1,-1,-1,-1,-1,-1,-1,-1,-1,-1,-1,-1,-1,-1,-1,1.17,0.89,0.00,0.00,3.00,100,100,50,50,0,50,50,50,100,6.00,5.00,0.00,0.00,0.00,0.00,0.00,0.00,0.00,0.00,0.00,N/A
1765724400,Dec 14 2025 - 3:00pm,incomplete,N/A,Sporting Gijón,Granada CF,N/A,18,3.00,0.00,3.00,0.00,0,0,0,0,0,0,"","",-1,-1,-1,-1,-1,-1,-1,-1,-1,-1,-1,-1,-1,-1,-1,-1,-1,-1,-1,-1,1.06,0.00,0.00,0.00,1.50,50,50,50,0,0,50,50,0,50,2.00,2.00,0.00,0.00,0.00,0.00,0.00,0.00,0.00,0.00,0.00,N/A
1765724400,Dec 14 2025 - 3:00pm,incomplete,N/A,Córdoba,SD Eibar,N/A,18,0.00,1.00,0.00,1.00,0,0,0,0,0,0,"","",-1,-1,-1,-1,-1,-1,-1,-1,-1,-1,-1,-1,-1,-1,-1,-1,-1,-1,-1,-1,0.00,0.81,0.00,0.00,1.00,50,50,0,0,0,0,0,50,50,3.00,2.00,0.00,0.00,0.00,0.00,0.00,0.00,0.00,0.00,0.00,N/A
1765724400,Dec 14 2025 - 3:00pm,incomplete,N/A,CD Castellón,Mirandés,N/A,18,0.00,0.00,0.00,0.00,0,0,0,0,0,0,"","",-1,-1,-1,-1,-1,-1,-1,-1,-1,-1,-1,-1,-1,-1,-1,-1,-1,-1,-1,-1,0.00,0.17,0.00,0.00,0.50,0,0,0,0,0,0,50,0,0,0.00,0.00,0.00,0.00,0.00,0.00,0.00,0.00,0.00,0.00,0.00,N/A
1765724400,Dec 14 2025 - 3:00pm,incomplete,N/A,Real Valladolid,FC Andorra,N/A,18,3.00,1.00,3.00,1.00,0,0,0,0,0,0,"","",-1,-1,-1,-1,-1,-1,-1,-1,-1,-1,-1,-1,-1,-1,-1,-1,-1,-1,-1,-1,2.09,0.81,0.00,0.00,2.50,50,100,50,0,0,50,100,0,100,8.00,6.00,0.00,0.00,0.00,0.00,0.00,0.00,0.00,0.00,0.00,N/A
1765724400,Dec 14 2025 - 3:00pm,incomplete,N/A,Deportivo La Coruña,Real Sociedad II,N/A,18,0.00,0.00,0.00,0.00,0,0,0,0,0,0,"","",-1,-1,-1,-1,-1,-1,-1,-1,-1,-1,-1,-1,-1,-1,-1,-1,-1,-1,-1,-1,0.00,0.00,0.00,0.00,0.00,0,0,0,0,0,0,0,0,0,0.00,0.00,0.00,0.00,0.00,0.00,0.00,0.00,0.00,0.00,0.00,N/A
1765724400,Dec 14 2025 - 3:00pm,incomplete,N/A,Real Zaragoza,Cádiz,N/A,18,0.00,0.00,0.00,0.00,0,0,0,0,0,0,"","",-1,-1,-1,-1,-1,-1,-1,-1,-1,-1,-1,-1,-1,-1,-1,-1,-1,-1,-1,-1,0.00,0.00,0.00,0.00,0.00,0,0,0,0,0,0,0,0,0,0.00,0.00,0.00,0.00,0.00,0.00,0.00,0.00,0.00,0.00,0.00,N/A
1766329200,Dec 21 2025 - 3:00pm,incomplete,N/A,Mirandés,Córdoba,N/A,19,0.00,0.00,0.00,0.00,0,0,0,0,0,0,"","",-1,-1,-1,-1,-1,-1,-1,-1,-1,-1,-1,-1,-1,-1,-1,-1,-1,-1,-1,-1,0.00,1.71,0.00,0.00,1.50,50,50,50,0,0,50,50,0,50,4.00,2.00,0.00,0.00,0.00,0.00,0.00,0.00,0.00,0.00,0.00,N/A
1766329200,Dec 21 2025 - 3:00pm,incomplete,N/A,Málaga CF,Almería,N/A,19,1.00,0.00,1.00,0.00,0,0,0,0,0,0,"","",-1,-1,-1,-1,-1,-1,-1,-1,-1,-1,-1,-1,-1,-1,-1,-1,-1,-1,-1,-1,1.22,0.00,0.00,0.00,1.00,50,50,0,0,0,0,0,50,50,8.00,2.00,0.00,0.00,0.00,0.00,0.00,0.00,0.00,0.00,0.00,N/A
1766329200,Dec 21 2025 - 3:00pm,incomplete,N/A,SD Eibar,Real Valladolid,N/A,19,0.00,0.00,0.00,0.00,0,0,0,0,0,0,"","",-1,-1,-1,-1,-1,-1,-1,-1,-1,-1,-1,-1,-1,-1,-1,-1,-1,-1,-1,-1,0.00,0.00,0.00,0.00,0.00,0,0,0,0,0,0,0,0,0,0.00,0.00,0.00,0.00,0.00,0.00,0.00,0.00,0.00,0.00,0.00,N/A
1766329200,Dec 21 2025 - 3:00pm,incomplete,N/A,UD Las Palmas,Cultural y Deportiva Leonesa,N/A,19,1.00,0.00,1.00,0.00,0,0,0,0,0,0,"","",-1,-1,-1,-1,-1,-1,-1,-1,-1,-1,-1,-1,-1,-1,-1,-1,-1,-1,-1,-1,1.03,0.74,0.00,0.00,4.00,100,100,50,50,50,50,100,50,100,4.00,4.00,0.00,0.00,0.00,0.00,0.00,0.00,0.00,0.00,0.00,N/A
1766329200,Dec 21 2025 - 3:00pm,incomplete,N/A,Granada CF,Albacete Balompié,N/A,19,0.00,1.00,0.00,1.00,0,0,0,0,0,0,"","",-1,-1,-1,-1,-1,-1,-1,-1,-1,-1,-1,-1,-1,-1,-1,-1,-1,-1,-1,-1,1.33,1.67,0.00,0.00,6.00,100,100,100,100,50,50,100,100,100,12.00,4.00,0.00,0.00,0.00,0.00,0.00,0.00,0.00,0.00,0.00,N/A
1766329200,Dec 21 2025 - 3:00pm,incomplete,N/A,SD Huesca,Racing Santander,N/A,19,1.00,0.00,1.00,0.00,0,0,0,0,0,0,"","",-1,-1,-1,-1,-1,-1,-1,-1,-1,-1,-1,-1,-1,-1,-1,-1,-1,-1,-1,-1,1.37,0.00,0.00,0.00,1.00,50,50,0,0,0,0,0,50,50,5.00,2.00,0.00,0.00,0.00,0.00,0.00,0.00,0.00,0.00,0.00,N/A
1766329200,Dec 21 2025 - 3:00pm,incomplete,N/A,Cádiz,CD Castellón,N/A,19,3.00,0.00,3.00,0.00,0,0,0,0,0,0,"","",-1,-1,-1,-1,-1,-1,-1,-1,-1,-1,-1,-1,-1,-1,-1,-1,-1,-1,-1,-1,2.37,2.11,0.00,0.00,2.50,50,50,50,50,0,50,100,0,50,19.00,5.00,0.00,0.00,0.00,0.00,0.00,0.00,0.00,0.00,0.00,N/A
1766329200,Dec 21 2025 - 3:00pm,incomplete,N/A,Burgos CF,Real Zaragoza,N/A,19,3.00,0.00,3.00,0.00,0,0,0,0,0,0,"","",-1,-1,-1,-1,-1,-1,-1,-1,-1,-1,-1,-1,-1,-1,-1,-1,-1,-1,-1,-1,1.91,2.07,0.00,0.00,3.50,50,50,50,50,50,50,100,50,50,12.00,3.00,0.00,0.00,0.00,0.00,0.00,0.00,0.00,0.00,0.00,N/A
1766329200,Dec 21 2025 - 3:00pm,incomplete,N/A,Real Sociedad II,Ceuta,N/A,19,3.00,0.00,3.00,0.00,0,0,0,0,0,0,"","",-1,-1,-1,-1,-1,-1,-1,-1,-1,-1,-1,-1,-1,-1,-1,-1,-1,-1,-1,-1,0.47,0.64,0.00,0.00,2.00,0,50,50,0,0,50,100,0,50,6.00,6.00,0.00,0.00,0.00,0.00,0.00,0.00,0.00,0.00,0.00,N/A
1766329200,Dec 21 2025 - 3:00pm,incomplete,812,FC Andorra,Deportivo La Coruña,N/A,19,0.00,3.00,0.00,3.00,0,0,0,0,0,0,"","",-1,-1,-1,-1,-1,-1,-1,-1,-1,-1,-1,-1,-1,-1,-1,-1,-1,-1,-1,-1,0.00,1.63,0.00,0.00,2.00,50,50,50,50,0,0,50,50,50,1.00,2.00,0.00,0.00,0.00,0.00,0.00,0.00,0.00,0.00,0.00,N/A
1766329200,Dec 21 2025 - 3:00pm,incomplete,N/A,Leganés,Sporting Gijón,N/A,19,0.00,0.00,0.00,0.00,0,0,0,0,0,0,"","",-1,-1,-1,-1,-1,-1,-1,-1,-1,-1,-1,-1,-1,-1,-1,-1,-1,-1,-1,-1,0.00,0.00,0.00,0.00,0.00,0,0,0,0,0,0,0,0,0,0.00,0.00,0.00,0.00,0.00,0.00,0.00,0.00,0.00,0.00,0.00,N/A
1767538800,Jan 04 2026 - 3:00pm,incomplete,N/A,Real Valladolid,Racing Santander,N/A,20,3.00,0.00,3.00,0.00,0,0,0,0,0,0,"","",-1,-1,-1,-1,-1,-1,-1,-1,-1,-1,-1,-1,-1,-1,-1,-1,-1,-1,-1,-1,2.09,0.00,0.00,0.00,1.50,0,50,50,0,0,50,50,0,50,6.00,3.00,0.00,0.00,0.00,0.00,0.00,0.00,0.00,0.00,0.00,N/A
1767538800,Jan 04 2026 - 3:00pm,incomplete,N/A,Sporting Gijón,Málaga CF,N/A,20,3.00,0.00,3.00,0.00,0,0,0,0,0,0,"","",-1,-1,-1,-1,-1,-1,-1,-1,-1,-1,-1,-1,-1,-1,-1,-1,-1,-1,-1,-1,1.06,0.00,0.00,0.00,1.50,50,50,50,0,0,50,50,0,50,2.00,2.00,0.00,0.00,0.00,0.00,0.00,0.00,0.00,0.00,0.00,N/A
1767538800,Jan 04 2026 - 3:00pm,incomplete,N/A,Cultural y Deportiva Leonesa,Real Sociedad II,N/A,20,0.00,0.00,0.00,0.00,0,0,0,0,0,0,"","",-1,-1,-1,-1,-1,-1,-1,-1,-1,-1,-1,-1,-1,-1,-1,-1,-1,-1,-1,-1,0.00,0.00,0.00,0.00,0.00,0,0,0,0,0,0,0,0,0,0.00,0.00,0.00,0.00,0.00,0.00,0.00,0.00,0.00,0.00,0.00,N/A
1767538800,Jan 04 2026 - 3:00pm,incomplete,N/A,Córdoba,Burgos CF,N/A,20,0.00,0.00,0.00,0.00,0,0,0,0,0,0,"","",-1,-1,-1,-1,-1,-1,-1,-1,-1,-1,-1,-1,-1,-1,-1,-1,-1,-1,-1,-1,0.00,0.00,0.00,0.00,0.00,0,0,0,0,0,0,0,0,0,0.00,0.00,0.00,0.00,0.00,0.00,0.00,0.00,0.00,0.00,0.00,N/A
1767538800,Jan 04 2026 - 3:00pm,incomplete,N/A,CD Castellón,SD Huesca,N/A,20,0.00,0.00,0.00,0.00,0,0,0,0,0,0,"","",-1,-1,-1,-1,-1,-1,-1,-1,-1,-1,-1,-1,-1,-1,-1,-1,-1,-1,-1,-1,0.00,0.00,0.00,0.00,0.00,0,0,0,0,0,0,0,0,0,0.00,0.00,0.00,0.00,0.00,0.00,0.00,0.00,0.00,0.00,0.00,N/A
1767538800,Jan 04 2026 - 3:00pm,incomplete,N/A,Albacete Balompié,Leganés,N/A,20,0.00,1.00,0.00,1.00,0,0,0,0,0,0,"","",-1,-1,-1,-1,-1,-1,-1,-1,-1,-1,-1,-1,-1,-1,-1,-1,-1,-1,-1,-1,0.00,0.89,0.00,0.00,1.00,50,50,0,0,0,0,0,50,50,3.00,2.00,0.00,0.00,0.00,0.00,0.00,0.00,0.00,0.00,0.00,N/A
1767538800,Jan 04 2026 - 3:00pm,incomplete,N/A,Almería,Granada CF,N/A,20,1.00,0.00,1.00,0.00,0,0,0,0,0,0,"","",-1,-1,-1,-1,-1,-1,-1,-1,-1,-1,-1,-1,-1,-1,-1,-1,-1,-1,-1,-1,3.16,0.00,0.00,0.00,4.00,50,50,50,50,50,50,50,50,50,17.00,3.00,0.00,0.00,0.00,0.00,0.00,0.00,0.00,0.00,0.00,N/A
1767538800,Jan 04 2026 - 3:00pm,incomplete,N/A,Deportivo La Coruña,Cádiz,N/A,20,0.00,0.00,0.00,0.00,0,0,0,0,0,0,"","",-1,-1,-1,-1,-1,-1,-1,-1,-1,-1,-1,-1,-1,-1,-1,-1,-1,-1,-1,-1,0.00,0.00,0.00,0.00,0.00,0,0,0,0,0,0,0,0,0,0.00,0.00,0.00,0.00,0.00,0.00,0.00,0.00,0.00,0.00,0.00,N/A
1767538800,Jan 04 2026 - 3:00pm,incomplete,N/A,SD Eibar,Mirandés,N/A,20,0.00,0.00,0.00,0.00,0,0,0,0,0,0,"","",-1,-1,-1,-1,-1,-1,-1,-1,-1,-1,-1,-1,-1,-1,-1,-1,-1,-1,-1,-1,0.00,0.17,0.00,0.00,0.50,0,0,0,0,0,0,50,0,0,0.00,0.00,0.00,0.00,0.00,0.00,0.00,0.00,0.00,0.00,0.00,N/A
1767538800,Jan 04 2026 - 3:00pm,incomplete,N/A,Real Zaragoza,UD Las Palmas,N/A,20,0.00,0.00,0.00,0.00,0,0,0,0,0,0,"","",-1,-1,-1,-1,-1,-1,-1,-1,-1,-1,-1,-1,-1,-1,-1,-1,-1,-1,-1,-1,0.00,0.00,0.00,0.00,0.00,0,0,0,0,0,0,0,0,0,0.00,0.00,0.00,0.00,0.00,0.00,0.00,0.00,0.00,0.00,0.00,N/A
1767538800,Jan 04 2026 - 3:00pm,incomplete,N/A,Ceuta,FC Andorra,N/A,20,0.00,1.00,0.00,1.00,0,0,0,0,0,0,"","",-1,-1,-1,-1,-1,-1,-1,-1,-1,-1,-1,-1,-1,-1,-1,-1,-1,-1,-1,-1,0.00,0.81,0.00,0.00,1.00,50,50,0,0,0,0,50,0,50,2.00,3.00,0.00,0.00,0.00,0.00,0.00,0.00,0.00,0.00,0.00,N/A
1768143600,Jan 11 2026 - 3:00pm,incomplete,N/A,Racing Santander,Real Zaragoza,N/A,21,3.00,0.00,3.00,0.00,0,0,0,0,0,0,"","",-1,-1,-1,-1,-1,-1,-1,-1,-1,-1,-1,-1,-1,-1,-1,-1,-1,-1,-1,-1,1.17,2.07,0.00,0.00,2.50,50,50,50,50,0,50,100,0,50,12.00,5.00,0.00,0.00,0.00,0.00,0.00,0.00,0.00,0.00,0.00,N/A
1768143600,Jan 11 2026 - 3:00pm,incomplete,N/A,Leganés,Real Valladolid,N/A,21,0.00,0.00,0.00,0.00,0,0,0,0,0,0,"","",-1,-1,-1,-1,-1,-1,-1,-1,-1,-1,-1,-1,-1,-1,-1,-1,-1,-1,-1,-1,0.00,0.00,0.00,0.00,0.00,0,0,0,0,0,0,0,0,0,0.00,0.00,0.00,0.00,0.00,0.00,0.00,0.00,0.00,0.00,0.00,N/A
1768143600,Jan 11 2026 - 3:00pm,incomplete,N/A,Burgos CF,SD Eibar,N/A,21,3.00,1.00,3.00,1.00,0,0,0,0,0,0,"","",-1,-1,-1,-1,-1,-1,-1,-1,-1,-1,-1,-1,-1,-1,-1,-1,-1,-1,-1,-1,1.91,0.81,0.00,0.00,4.00,100,100,50,50,50,50,50,100,100,6.00,3.00,0.00,0.00,0.00,0.00,0.00,0.00,0.00,0.00,0.00,N/A
1768143600,Jan 11 2026 - 3:00pm,incomplete,N/A,Cádiz,Sporting Gijón,N/A,21,3.00,0.00,3.00,0.00,0,0,0,0,0,0,"","",-1,-1,-1,-1,-1,-1,-1,-1,-1,-1,-1,-1,-1,-1,-1,-1,-1,-1,-1,-1,2.37,0.00,0.00,0.00,0.50,0,0,0,0,0,0,50,0,0,7.00,3.00,0.00,0.00,0.00,0.00,0.00,0.00,0.00,0.00,0.00,N/A
1768143600,Jan 11 2026 - 3:00pm,incomplete,N/A,Real Sociedad II,Albacete Balompié,N/A,21,3.00,1.00,3.00,1.00,0,0,0,0,0,0,"","",-1,-1,-1,-1,-1,-1,-1,-1,-1,-1,-1,-1,-1,-1,-1,-1,-1,-1,-1,-1,0.47,1.67,0.00,0.00,4.50,50,50,50,50,50,50,100,50,50,7.00,6.00,0.00,0.00,0.00,0.00,0.00,0.00,0.00,0.00,0.00,N/A
1768143600,Jan 11 2026 - 3:00pm,incomplete,N/A,SD Huesca,Córdoba,N/A,21,1.00,0.00,1.00,0.00,0,0,0,0,0,0,"","",-1,-1,-1,-1,-1,-1,-1,-1,-1,-1,-1,-1,-1,-1,-1,-1,-1,-1,-1,-1,1.37,1.71,0.00,0.00,2.50,100,100,50,0,0,50,50,50,100,9.00,4.00,0.00,0.00,0.00,0.00,0.00,0.00,0.00,0.00,0.00,N/A
1768143600,Jan 11 2026 - 3:00pm,incomplete,N/A,UD Las Palmas,Deportivo La Coruña,N/A,21,1.00,3.00,1.00,3.00,0,0,0,0,0,0,"","",-1,-1,-1,-1,-1,-1,-1,-1,-1,-1,-1,-1,-1,-1,-1,-1,-1,-1,-1,-1,1.03,1.63,0.00,0.00,3.00,100,100,50,50,0,0,100,50,100,2.00,3.00,0.00,0.00,0.00,0.00,0.00,0.00,0.00,0.00,0.00,N/A
1768143600,Jan 11 2026 - 3:00pm,incomplete,N/A,Málaga CF,Ceuta,N/A,21,1.00,0.00,1.00,0.00,0,0,0,0,0,0,"","",-1,-1,-1,-1,-1,-1,-1,-1,-1,-1,-1,-1,-1,-1,-1,-1,-1,-1,-1,-1,1.22,0.64,0.00,0.00,2.50,50,100,50,0,0,50,50,50,100,12.00,4.00,0.00,0.00,0.00,0.00,0.00,0.00,0.00,0.00,0.00,N/A
1768143600,Jan 11 2026 - 3:00pm,incomplete,N/A,Granada CF,CD Castellón,N/A,21,0.00,0.00,0.00,0.00,0,0,0,0,0,0,"","",-1,-1,-1,-1,-1,-1,-1,-1,-1,-1,-1,-1,-1,-1,-1,-1,-1,-1,-1,-1,1.33,2.11,0.00,0.00,4.00,100,100,100,100,0,50,100,50,100,19.00,4.00,0.00,0.00,0.00,0.00,0.00,0.00,0.00,0.00,0.00,N/A
1768143600,Jan 11 2026 - 3:00pm,incomplete,N/A,Mirandés,Almería,N/A,21,0.00,0.00,0.00,0.00,0,0,0,0,0,0,"","",-1,-1,-1,-1,-1,-1,-1,-1,-1,-1,-1,-1,-1,-1,-1,-1,-1,-1,-1,-1,0.00,0.00,0.00,0.00,0.00,0,0,0,0,0,0,0,0,0,0.00,0.00,0.00,0.00,0.00,0.00,0.00,0.00,0.00,0.00,0.00,N/A
1768143600,Jan 11 2026 - 3:00pm,incomplete,812,FC Andorra,Cultural y Deportiva Leonesa,N/A,21,0.00,0.00,0.00,0.00,0,0,0,0,0,0,"","",-1,-1,-1,-1,-1,-1,-1,-1,-1,-1,-1,-1,-1,-1,-1,-1,-1,-1,-1,-1,0.00,0.74,0.00,0.00,3.00,50,50,50,50,50,50,50,50,50,3.00,3.00,0.00,0.00,0.00,0.00,0.00,0.00,0.00,0.00,0.00,N/A
1768748400,Jan 18 2026 - 3:00pm,incomplete,N/A,Mirandés,FC Andorra,N/A,22,0.00,1.00,0.00,1.00,0,0,0,0,0,0,"","",-1,-1,-1,-1,-1,-1,-1,-1,-1,-1,-1,-1,-1,-1,-1,-1,-1,-1,-1,-1,0.00,0.81,0.00,0.00,1.00,50,50,0,0,0,0,50,0,50,2.00,3.00,0.00,0.00,0.00,0.00,0.00,0.00,0.00,0.00,0.00,N/A
1768748400,Jan 18 2026 - 3:00pm,incomplete,N/A,Cultural y Deportiva Leonesa,Sporting Gijón,N/A,22,0.00,0.00,0.00,0.00,0,0,0,0,0,0,"","",-1,-1,-1,-1,-1,-1,-1,-1,-1,-1,-1,-1,-1,-1,-1,-1,-1,-1,-1,-1,0.00,0.00,0.00,0.00,0.00,0,0,0,0,0,0,0,0,0,0.00,0.00,0.00,0.00,0.00,0.00,0.00,0.00,0.00,0.00,0.00,N/A
1768748400,Jan 18 2026 - 3:00pm,incomplete,N/A,Almería,Deportivo La Coruña,N/A,22,1.00,3.00,1.00,3.00,0,0,0,0,0,0,"","",-1,-1,-1,-1,-1,-1,-1,-1,-1,-1,-1,-1,-1,-1,-1,-1,-1,-1,-1,-1,3.16,1.63,0.00,0.00,6.00,100,100,100,100,50,50,100,100,100,18.00,5.00,0.00,0.00,0.00,0.00,0.00,0.00,0.00,0.00,0.00,N/A
1768748400,Jan 18 2026 - 3:00pm,incomplete,N/A,Córdoba,Málaga CF,N/A,22,0.00,0.00,0.00,0.00,0,0,0,0,0,0,"","",-1,-1,-1,-1,-1,-1,-1,-1,-1,-1,-1,-1,-1,-1,-1,-1,-1,-1,-1,-1,0.00,0.00,0.00,0.00,0.00,0,0,0,0,0,0,0,0,0,0.00,0.00,0.00,0.00,0.00,0.00,0.00,0.00,0.00,0.00,0.00,N/A
1768748400,Jan 18 2026 - 3:00pm,incomplete,N/A,Real Zaragoza,Real Sociedad II,N/A,22,0.00,0.00,0.00,0.00,0,0,0,0,0,0,"","",-1,-1,-1,-1,-1,-1,-1,-1,-1,-1,-1,-1,-1,-1,-1,-1,-1,-1,-1,-1,0.00,0.00,0.00,0.00,0.00,0,0,0,0,0,0,0,0,0,0.00,0.00,0.00,0.00,0.00,0.00,0.00,0.00,0.00,0.00,0.00,N/A
1768748400,Jan 18 2026 - 3:00pm,incomplete,N/A,Albacete Balompié,Cádiz,N/A,22,0.00,0.00,0.00,0.00,0,0,0,0,0,0,"","",-1,-1,-1,-1,-1,-1,-1,-1,-1,-1,-1,-1,-1,-1,-1,-1,-1,-1,-1,-1,0.00,0.00,0.00,0.00,0.00,0,0,0,0,0,0,0,0,0,0.00,0.00,0.00,0.00,0.00,0.00,0.00,0.00,0.00,0.00,0.00,N/A
1768748400,Jan 18 2026 - 3:00pm,incomplete,N/A,Burgos CF,SD Huesca,N/A,22,3.00,0.00,3.00,0.00,0,0,0,0,0,0,"","",-1,-1,-1,-1,-1,-1,-1,-1,-1,-1,-1,-1,-1,-1,-1,-1,-1,-1,-1,-1,1.91,0.00,0.00,0.00,3.00,50,50,50,50,50,50,50,50,50,3.00,1.00,0.00,0.00,0.00,0.00,0.00,0.00,0.00,0.00,0.00,N/A
1768748400,Jan 18 2026 - 3:00pm,incomplete,N/A,Granada CF,SD Eibar,N/A,22,0.00,1.00,0.00,1.00,0,0,0,0,0,0,"","",-1,-1,-1,-1,-1,-1,-1,-1,-1,-1,-1,-1,-1,-1,-1,-1,-1,-1,-1,-1,1.33,0.81,0.00,0.00,3.00,100,100,50,50,0,0,50,100,100,10.00,4.00,0.00,0.00,0.00,0.00,0.00,0.00,0.00,0.00,0.00,N/A
1768748400,Jan 18 2026 - 3:00pm,incomplete,N/A,CD Castellón,Leganés,N/A,22,0.00,1.00,0.00,1.00,0,0,0,0,0,0,"","",-1,-1,-1,-1,-1,-1,-1,-1,-1,-1,-1,-1,-1,-1,-1,-1,-1,-1,-1,-1,0.00,0.89,0.00,0.00,1.00,50,50,0,0,0,0,0,50,50,3.00,2.00,0.00,0.00,0.00,0.00,0.00,0.00,0.00,0.00,0.00,N/A
1768748400,Jan 18 2026 - 3:00pm,incomplete,N/A,Ceuta,Real Valladolid,N/A,22,0.00,0.00,0.00,0.00,0,0,0,0,0,0,"","",-1,-1,-1,-1,-1,-1,-1,-1,-1,-1,-1,-1,-1,-1,-1,-1,-1,-1,-1,-1,0.00,0.00,0.00,0.00,0.00,0,0,0,0,0,0,0,0,0,0.00,0.00,0.00,0.00,0.00,0.00,0.00,0.00,0.00,0.00,0.00,N/A
1768748400,Jan 18 2026 - 3:00pm,incomplete,N/A,Racing Santander,UD Las Palmas,N/A,22,3.00,0.00,3.00,0.00,0,0,0,0,0,0,"","",-1,-1,-1,-1,-1,-1,-1,-1,-1,-1,-1,-1,-1,-1,-1,-1,-1,-1,-1,-1,1.17,0.00,0.00,0.00,2.00,50,50,50,50,0,50,50,0,50,3.00,3.00,0.00,0.00,0.00,0.00,0.00,0.00,0.00,0.00,0.00,N/A
1769353200,Jan 25 2026 - 3:00pm,incomplete,N/A,Leganés,Real Sociedad II,N/A,23,0.00,0.00,0.00,0.00,0,0,0,0,0,0,"","",-1,-1,-1,-1,-1,-1,-1,-1,-1,-1,-1,-1,-1,-1,-1,-1,-1,-1,-1,-1,0.00,0.00,0.00,0.00,0.00,0,0,0,0,0,0,0,0,0,0.00,0.00,0.00,0.00,0.00,0.00,0.00,0.00,0.00,0.00,0.00,N/A
1769353200,Jan 25 2026 - 3:00pm,incomplete,N/A,Real Valladolid,Albacete Balompié,N/A,23,3.00,1.00,3.00,1.00,0,0,0,0,0,0,"","",-1,-1,-1,-1,-1,-1,-1,-1,-1,-1,-1,-1,-1,-1,-1,-1,-1,-1,-1,-1,2.09,1.67,0.00,0.00,5.50,50,100,100,50,50,100,100,50,100,11.00,5.00,0.00,0.00,0.00,0.00,0.00,0.00,0.00,0.00,0.00,N/A
1769353200,Jan 25 2026 - 3:00pm,incomplete,N/A,Real Zaragoza,CD Castellón,N/A,23,0.00,0.00,0.00,0.00,0,0,0,0,0,0,"","",-1,-1,-1,-1,-1,-1,-1,-1,-1,-1,-1,-1,-1,-1,-1,-1,-1,-1,-1,-1,0.00,2.11,0.00,0.00,2.00,50,50,50,50,0,50,50,0,50,12.00,2.00,0.00,0.00,0.00,0.00,0.00,0.00,0.00,0.00,0.00,N/A
1769353200,Jan 25 2026 - 3:00pm,incomplete,N/A,Cádiz,Granada CF,N/A,23,3.00,0.00,3.00,0.00,0,0,0,0,0,0,"","",-1,-1,-1,-1,-1,-1,-1,-1,-1,-1,-1,-1,-1,-1,-1,-1,-1,-1,-1,-1,2.37,0.00,0.00,0.00,0.50,0,0,0,0,0,0,50,0,0,7.00,3.00,0.00,0.00,0.00,0.00,0.00,0.00,0.00,0.00,0.00,N/A
1769353200,Jan 25 2026 - 3:00pm,incomplete,N/A,Málaga CF,Burgos CF,N/A,23,1.00,0.00,1.00,0.00,0,0,0,0,0,0,"","",-1,-1,-1,-1,-1,-1,-1,-1,-1,-1,-1,-1,-1,-1,-1,-1,-1,-1,-1,-1,1.22,0.00,0.00,0.00,1.00,50,50,0,0,0,0,0,50,50,8.00,2.00,0.00,0.00,0.00,0.00,0.00,0.00,0.00,0.00,0.00,N/A
1769353200,Jan 25 2026 - 3:00pm,incomplete,N/A,Ceuta,Cultural y Deportiva Leonesa,N/A,23,0.00,0.00,0.00,0.00,0,0,0,0,0,0,"","",-1,-1,-1,-1,-1,-1,-1,-1,-1,-1,-1,-1,-1,-1,-1,-1,-1,-1,-1,-1,0.00,0.74,0.00,0.00,3.00,50,50,50,50,50,50,50,50,50,3.00,3.00,0.00,0.00,0.00,0.00,0.00,0.00,0.00,0.00,0.00,N/A
1769353200,Jan 25 2026 - 3:00pm,incomplete,N/A,UD Las Palmas,Córdoba,N/A,23,1.00,0.00,1.00,0.00,0,0,0,0,0,0,"","",-1,-1,-1,-1,-1,-1,-1,-1,-1,-1,-1,-1,-1,-1,-1,-1,-1,-1,-1,-1,1.03,1.71,0.00,0.00,2.50,100,100,50,0,0,50,100,0,100,5.00,3.00,0.00,0.00,0.00,0.00,0.00,0.00,0.00,0.00,0.00,N/A
1769353200,Jan 25 2026 - 3:00pm,incomplete,N/A,Deportivo La Coruña,Racing Santander,N/A,23,0.00,0.00,0.00,0.00,0,0,0,0,0,0,"","",-1,-1,-1,-1,-1,-1,-1,-1,-1,-1,-1,-1,-1,-1,-1,-1,-1,-1,-1,-1,0.00,0.00,0.00,0.00,0.00,0,0,0,0,0,0,0,0,0,0.00,0.00,0.00,0.00,0.00,0.00,0.00,0.00,0.00,0.00,0.00,N/A
1769353200,Jan 25 2026 - 3:00pm,incomplete,N/A,Sporting Gijón,Mirandés,N/A,23,3.00,0.00,3.00,0.00,0,0,0,0,0,0,"","",-1,-1,-1,-1,-1,-1,-1,-1,-1,-1,-1,-1,-1,-1,-1,-1,-1,-1,-1,-1,1.06,0.17,0.00,0.00,2.00,50,50,50,0,0,50,100,0,50,2.00,2.00,0.00,0.00,0.00,0.00,0.00,0.00,0.00,0.00,0.00,N/A
1769353200,Jan 25 2026 - 3:00pm,incomplete,N/A,SD Eibar,Almería,N/A,23,0.00,0.00,0.00,0.00,0,0,0,0,0,0,"","",-1,-1,-1,-1,-1,-1,-1,-1,-1,-1,-1,-1,-1,-1,-1,-1,-1,-1,-1,-1,0.00,0.00,0.00,0.00,0.00,0,0,0,0,0,0,0,0,0,0.00,0.00,0.00,0.00,0.00,0.00,0.00,0.00,0.00,0.00,0.00,N/A
1769353200,Jan 25 2026 - 3:00pm,incomplete,812,FC Andorra,SD Huesca,N/A,23,0.00,0.00,0.00,0.00,0,0,0,0,0,0,"","",-1,-1,-1,-1,-1,-1,-1,-1,-1,-1,-1,-1,-1,-1,-1,-1,-1,-1,-1,-1,0.00,0.00,0.00,0.00,0.00,0,0,0,0,0,0,0,0,0,0.00,0.00,0.00,0.00,0.00,0.00,0.00,0.00,0.00,0.00,0.00,N/A
1769958000,Feb 01 2026 - 3:00pm,incomplete,N/A,Real Sociedad II,UD Las Palmas,N/A,24,3.00,0.00,3.00,0.00,0,0,0,0,0,0,"","",-1,-1,-1,-1,-1,-1,-1,-1,-1,-1,-1,-1,-1,-1,-1,-1,-1,-1,-1,-1,0.47,0.00,0.00,0.00,0.50,0,0,0,0,0,0,50,0,0,2.00,4.00,0.00,0.00,0.00,0.00,0.00,0.00,0.00,0.00,0.00,N/A
1769958000,Feb 01 2026 - 3:00pm,incomplete,N/A,Albacete Balompié,Real Zaragoza,N/A,24,0.00,0.00,0.00,0.00,0,0,0,0,0,0,"","",-1,-1,-1,-1,-1,-1,-1,-1,-1,-1,-1,-1,-1,-1,-1,-1,-1,-1,-1,-1,0.00,2.07,0.00,0.00,0.50,0,0,0,0,0,0,50,0,0,9.00,2.00,0.00,0.00,0.00,0.00,0.00,0.00,0.00,0.00,0.00,N/A
1769958000,Feb 01 2026 - 3:00pm,incomplete,N/A,SD Eibar,Sporting Gijón,N/A,24,0.00,0.00,0.00,0.00,0,0,0,0,0,0,"","",-1,-1,-1,-1,-1,-1,-1,-1,-1,-1,-1,-1,-1,-1,-1,-1,-1,-1,-1,-1,0.00,0.00,0.00,0.00,0.00,0,0,0,0,0,0,0,0,0,0.00,0.00,0.00,0.00,0.00,0.00,0.00,0.00,0.00,0.00,0.00,N/A
1769958000,Feb 01 2026 - 3:00pm,incomplete,N/A,Granada CF,Racing Santander,N/A,24,0.00,0.00,0.00,0.00,0,0,0,0,0,0,"","",-1,-1,-1,-1,-1,-1,-1,-1,-1,-1,-1,-1,-1,-1,-1,-1,-1,-1,-1,-1,1.33,0.00,0.00,0.00,2.00,50,50,50,50,0,0,50,50,50,7.00,2.00,0.00,0.00,0.00,0.00,0.00,0.00,0.00,0.00,0.00,N/A
1769958000,Feb 01 2026 - 3:00pm,incomplete,N/A,Burgos CF,Leganés,N/A,24,3.00,1.00,3.00,1.00,0,0,0,0,0,0,"","",-1,-1,-1,-1,-1,-1,-1,-1,-1,-1,-1,-1,-1,-1,-1,-1,-1,-1,-1,-1,1.91,0.89,0.00,0.00,4.00,100,100,50,50,50,50,50,100,100,6.00,3.00,0.00,0.00,0.00,0.00,0.00,0.00,0.00,0.00,0.00,N/A
1769958000,Feb 01 2026 - 3:00pm,incomplete,N/A,Cultural y Deportiva Leonesa,Deportivo La Coruña,N/A,24,0.00,3.00,0.00,3.00,0,0,0,0,0,0,"","",-1,-1,-1,-1,-1,-1,-1,-1,-1,-1,-1,-1,-1,-1,-1,-1,-1,-1,-1,-1,0.00,1.63,0.00,0.00,2.00,50,50,50,50,0,0,50,50,50,1.00,2.00,0.00,0.00,0.00,0.00,0.00,0.00,0.00,0.00,0.00,N/A
1769958000,Feb 01 2026 - 3:00pm,incomplete,N/A,CD Castellón,FC Andorra,N/A,24,0.00,1.00,0.00,1.00,0,0,0,0,0,0,"","",-1,-1,-1,-1,-1,-1,-1,-1,-1,-1,-1,-1,-1,-1,-1,-1,-1,-1,-1,-1,0.00,0.81,0.00,0.00,1.00,50,50,0,0,0,0,50,0,50,2.00,3.00,0.00,0.00,0.00,0.00,0.00,0.00,0.00,0.00,0.00,N/A
1769958000,Feb 01 2026 - 3:00pm,incomplete,N/A,Mirandés,Málaga CF,N/A,24,0.00,0.00,0.00,0.00,0,0,0,0,0,0,"","",-1,-1,-1,-1,-1,-1,-1,-1,-1,-1,-1,-1,-1,-1,-1,-1,-1,-1,-1,-1,0.00,0.00,0.00,0.00,0.00,0,0,0,0,0,0,0,0,0,0.00,0.00,0.00,0.00,0.00,0.00,0.00,0.00,0.00,0.00,0.00,N/A
1769958000,Feb 01 2026 - 3:00pm,incomplete,N/A,Córdoba,Real Valladolid,N/A,24,0.00,0.00,0.00,0.00,0,0,0,0,0,0,"","",-1,-1,-1,-1,-1,-1,-1,-1,-1,-1,-1,-1,-1,-1,-1,-1,-1,-1,-1,-1,0.00,0.00,0.00,0.00,0.00,0,0,0,0,0,0,0,0,0,0.00,0.00,0.00,0.00,0.00,0.00,0.00,0.00,0.00,0.00,0.00,N/A
1769958000,Feb 01 2026 - 3:00pm,incomplete,N/A,Almería,Ceuta,N/A,24,1.00,0.00,1.00,0.00,0,0,0,0,0,0,"","",-1,-1,-1,-1,-1,-1,-1,-1,-1,-1,-1,-1,-1,-1,-1,-1,-1,-1,-1,-1,3.16,0.64,0.00,0.00,5.50,50,100,100,50,50,100,100,50,100,21.00,5.00,0.00,0.00,0.00,0.00,0.00,0.00,0.00,0.00,0.00,N/A
1769958000,Feb 01 2026 - 3:00pm,incomplete,N/A,SD Huesca,Cádiz,N/A,24,1.00,0.00,1.00,0.00,0,0,0,0,0,0,"","",-1,-1,-1,-1,-1,-1,-1,-1,-1,-1,-1,-1,-1,-1,-1,-1,-1,-1,-1,-1,1.37,0.00,0.00,0.00,1.00,50,50,0,0,0,0,0,50,50,5.00,2.00,0.00,0.00,0.00,0.00,0.00,0.00,0.00,0.00,0.00,N/A
1770562800,Feb 08 2026 - 3:00pm,incomplete,N/A,Real Zaragoza,SD Eibar,N/A,25,0.00,1.00,0.00,1.00,0,0,0,0,0,0,"","",-1,-1,-1,-1,-1,-1,-1,-1,-1,-1,-1,-1,-1,-1,-1,-1,-1,-1,-1,-1,0.00,0.81,0.00,0.00,1.00,50,50,0,0,0,0,0,50,50,3.00,2.00,0.00,0.00,0.00,0.00,0.00,0.00,0.00,0.00,0.00,N/A
1770562800,Feb 08 2026 - 3:00pm,incomplete,N/A,Ceuta,Córdoba,N/A,25,0.00,0.00,0.00,0.00,0,0,0,0,0,0,"","",-1,-1,-1,-1,-1,-1,-1,-1,-1,-1,-1,-1,-1,-1,-1,-1,-1,-1,-1,-1,0.00,1.71,0.00,0.00,1.50,50,50,50,0,0,50,50,0,50,4.00,2.00,0.00,0.00,0.00,0.00,0.00,0.00,0.00,0.00,0.00,N/A
1770562800,Feb 08 2026 - 3:00pm,incomplete,N/A,Racing Santander,Mirandés,N/A,25,3.00,0.00,3.00,0.00,0,0,0,0,0,0,"","",-1,-1,-1,-1,-1,-1,-1,-1,-1,-1,-1,-1,-1,-1,-1,-1,-1,-1,-1,-1,1.17,0.17,0.00,0.00,2.50,50,50,50,50,0,50,100,0,50,3.00,3.00,0.00,0.00,0.00,0.00,0.00,0.00,0.00,0.00,0.00,N/A
1770562800,Feb 08 2026 - 3:00pm,incomplete,N/A,Real Valladolid,CD Castellón,N/A,25,3.00,0.00,3.00,0.00,0,0,0,0,0,0,"","",-1,-1,-1,-1,-1,-1,-1,-1,-1,-1,-1,-1,-1,-1,-1,-1,-1,-1,-1,-1,2.09,2.11,0.00,0.00,3.50,50,100,100,50,0,100,100,0,100,18.00,5.00,0.00,0.00,0.00,0.00,0.00,0.00,0.00,0.00,0.00,N/A
1770562800,Feb 08 2026 - 3:00pm,incomplete,812,FC Andorra,Real Sociedad II,N/A,25,0.00,0.00,0.00,0.00,0,0,0,0,0,0,"","",-1,-1,-1,-1,-1,-1,-1,-1,-1,-1,-1,-1,-1,-1,-1,-1,-1,-1,-1,-1,0.00,0.00,0.00,0.00,0.00,0,0,0,0,0,0,0,0,0,0.00,0.00,0.00,0.00,0.00,0.00,0.00,0.00,0.00,0.00,0.00,N/A
1770562800,Feb 08 2026 - 3:00pm,incomplete,N/A,Leganés,Granada CF,N/A,25,0.00,0.00,0.00,0.00,0,0,0,0,0,0,"","",-1,-1,-1,-1,-1,-1,-1,-1,-1,-1,-1,-1,-1,-1,-1,-1,-1,-1,-1,-1,0.00,0.00,0.00,0.00,0.00,0,0,0,0,0,0,0,0,0,0.00,0.00,0.00,0.00,0.00,0.00,0.00,0.00,0.00,0.00,0.00,N/A
1770562800,Feb 08 2026 - 3:00pm,incomplete,N/A,UD Las Palmas,Burgos CF,N/A,25,1.00,0.00,1.00,0.00,0,0,0,0,0,0,"","",-1,-1,-1,-1,-1,-1,-1,-1,-1,-1,-1,-1,-1,-1,-1,-1,-1,-1,-1,-1,1.03,0.00,0.00,0.00,1.00,50,50,0,0,0,0,50,0,50,1.00,1.00,0.00,0.00,0.00,0.00,0.00,0.00,0.00,0.00,0.00,N/A
1770562800,Feb 08 2026 - 3:00pm,incomplete,N/A,Deportivo La Coruña,Albacete Balompié,N/A,25,0.00,1.00,0.00,1.00,0,0,0,0,0,0,"","",-1,-1,-1,-1,-1,-1,-1,-1,-1,-1,-1,-1,-1,-1,-1,-1,-1,-1,-1,-1,0.00,1.67,0.00,0.00,4.00,50,50,50,50,50,50,50,50,50,5.00,2.00,0.00,0.00,0.00,0.00,0.00,0.00,0.00,0.00,0.00,N/A
1770562800,Feb 08 2026 - 3:00pm,incomplete,N/A,Cádiz,Almería,N/A,25,3.00,0.00,3.00,0.00,0,0,0,0,0,0,"","",-1,-1,-1,-1,-1,-1,-1,-1,-1,-1,-1,-1,-1,-1,-1,-1,-1,-1,-1,-1,2.37,0.00,0.00,0.00,0.50,0,0,0,0,0,0,50,0,0,7.00,3.00,0.00,0.00,0.00,0.00,0.00,0.00,0.00,0.00,0.00,N/A
1770562800,Feb 08 2026 - 3:00pm,incomplete,N/A,Sporting Gijón,SD Huesca,N/A,25,3.00,0.00,3.00,0.00,0,0,0,0,0,0,"","",-1,-1,-1,-1,-1,-1,-1,-1,-1,-1,-1,-1,-1,-1,-1,-1,-1,-1,-1,-1,1.06,0.00,0.00,0.00,1.50,50,50,50,0,0,50,50,0,50,2.00,2.00,0.00,0.00,0.00,0.00,0.00,0.00,0.00,0.00,0.00,N/A
1770562800,Feb 08 2026 - 3:00pm,incomplete,N/A,Málaga CF,Cultural y Deportiva Leonesa,N/A,25,1.00,0.00,1.00,0.00,0,0,0,0,0,0,"","",-1,-1,-1,-1,-1,-1,-1,-1,-1,-1,-1,-1,-1,-1,-1,-1,-1,-1,-1,-1,1.22,0.74,0.00,0.00,4.00,100,100,50,50,50,50,50,100,100,11.00,5.00,0.00,0.00,0.00,0.00,0.00,0.00,0.00,0.00,0.00,N/A
1771167600,Feb 15 2026 - 3:00pm,incomplete,N/A,SD Eibar,Racing Santander,N/A,26,0.00,0.00,0.00,0.00,0,0,0,0,0,0,"","",-1,-1,-1,-1,-1,-1,-1,-1,-1,-1,-1,-1,-1,-1,-1,-1,-1,-1,-1,-1,0.00,0.00,0.00,0.00,0.00,0,0,0,0,0,0,0,0,0,0.00,0.00,0.00,0.00,0.00,0.00,0.00,0.00,0.00,0.00,0.00,N/A
1771167600,Feb 15 2026 - 3:00pm,incomplete,N/A,Córdoba,Leganés,N/A,26,0.00,1.00,0.00,1.00,0,0,0,0,0,0,"","",-1,-1,-1,-1,-1,-1,-1,-1,-1,-1,-1,-1,-1,-1,-1,-1,-1,-1,-1,-1,0.00,0.89,0.00,0.00,1.00,50,50,0,0,0,0,0,50,50,3.00,2.00,0.00,0.00,0.00,0.00,0.00,0.00,0.00,0.00,0.00,N/A
1771167600,Feb 15 2026 - 3:00pm,incomplete,N/A,Albacete Balompié,Sporting Gijón,N/A,26,0.00,0.00,0.00,0.00,0,0,0,0,0,0,"","",-1,-1,-1,-1,-1,-1,-1,-1,-1,-1,-1,-1,-1,-1,-1,-1,-1,-1,-1,-1,0.00,0.00,0.00,0.00,0.00,0,0,0,0,0,0,0,0,0,0.00,0.00,0.00,0.00,0.00,0.00,0.00,0.00,0.00,0.00,0.00,N/A
1771167600,Feb 15 2026 - 3:00pm,incomplete,N/A,SD Huesca,Ceuta,N/A,26,1.00,0.00,1.00,0.00,0,0,0,0,0,0,"","",-1,-1,-1,-1,-1,-1,-1,-1,-1,-1,-1,-1,-1,-1,-1,-1,-1,-1,-1,-1,1.37,0.64,0.00,0.00,2.50,50,100,50,0,0,50,50,50,100,9.00,4.00,0.00,0.00,0.00,0.00,0.00,0.00,0.00,0.00,0.00,N/A
1771167600,Feb 15 2026 - 3:00pm,incomplete,N/A,Almería,FC Andorra,N/A,26,1.00,1.00,1.00,1.00,0,0,0,0,0,0,"","",-1,-1,-1,-1,-1,-1,-1,-1,-1,-1,-1,-1,-1,-1,-1,-1,-1,-1,-1,-1,3.16,0.81,0.00,0.00,5.00,100,100,50,50,50,50,100,50,100,19.00,6.00,0.00,0.00,0.00,0.00,0.00,0.00,0.00,0.00,0.00,N/A
1771167600,Feb 15 2026 - 3:00pm,incomplete,N/A,Mirandés,UD Las Palmas,N/A,26,0.00,0.00,0.00,0.00,0,0,0,0,0,0,"","",-1,-1,-1,-1,-1,-1,-1,-1,-1,-1,-1,-1,-1,-1,-1,-1,-1,-1,-1,-1,0.00,0.00,0.00,0.00,0.00,0,0,0,0,0,0,0,0,0,0.00,0.00,0.00,0.00,0.00,0.00,0.00,0.00,0.00,0.00,0.00,N/A
1771167600,Feb 15 2026 - 3:00pm,incomplete,N/A,Granada CF,Real Valladolid,N/A,26,0.00,0.00,0.00,0.00,0,0,0,0,0,0,"","",-1,-1,-1,-1,-1,-1,-1,-1,-1,-1,-1,-1,-1,-1,-1,-1,-1,-1,-1,-1,1.33,0.00,0.00,0.00,2.00,50,50,50,50,0,0,50,50,50,7.00,2.00,0.00,0.00,0.00,0.00,0.00,0.00,0.00,0.00,0.00,N/A
1771167600,Feb 15 2026 - 3:00pm,incomplete,N/A,Real Sociedad II,Málaga CF,N/A,26,3.00,0.00,3.00,0.00,0,0,0,0,0,0,"","",-1,-1,-1,-1,-1,-1,-1,-1,-1,-1,-1,-1,-1,-1,-1,-1,-1,-1,-1,-1,0.47,0.00,0.00,0.00,0.50,0,0,0,0,0,0,50,0,0,2.00,4.00,0.00,0.00,0.00,0.00,0.00,0.00,0.00,0.00,0.00,N/A
1771167600,Feb 15 2026 - 3:00pm,incomplete,N/A,Cultural y Deportiva Leonesa,Real Zaragoza,N/A,26,0.00,0.00,0.00,0.00,0,0,0,0,0,0,"","",-1,-1,-1,-1,-1,-1,-1,-1,-1,-1,-1,-1,-1,-1,-1,-1,-1,-1,-1,-1,0.00,2.07,0.00,0.00,0.50,0,0,0,0,0,0,50,0,0,9.00,2.00,0.00,0.00,0.00,0.00,0.00,0.00,0.00,0.00,0.00,N/A
1771167600,Feb 15 2026 - 3:00pm,incomplete,N/A,Burgos CF,Cádiz,N/A,26,3.00,0.00,3.00,0.00,0,0,0,0,0,0,"","",-1,-1,-1,-1,-1,-1,-1,-1,-1,-1,-1,-1,-1,-1,-1,-1,-1,-1,-1,-1,1.91,0.00,0.00,0.00,3.00,50,50,50,50,50,50,50,50,50,3.00,1.00,0.00,0.00,0.00,0.00,0.00,0.00,0.00,0.00,0.00,N/A
1771167600,Feb 15 2026 - 3:00pm,incomplete,N/A,CD Castellón,Deportivo La Coruña,N/A,26,0.00,3.00,0.00,3.00,0,0,0,0,0,0,"","",-1,-1,-1,-1,-1,-1,-1,-1,-1,-1,-1,-1,-1,-1,-1,-1,-1,-1,-1,-1,0.00,1.63,0.00,0.00,2.00,50,50,50,50,0,0,50,50,50,1.00,2.00,0.00,0.00,0.00,0.00,0.00,0.00,0.00,0.00,0.00,N/A
1771772400,Feb 22 2026 - 3:00pm,incomplete,N/A,Cádiz,Real Sociedad II,N/A,27,3.00,0.00,3.00,0.00,0,0,0,0,0,0,"","",-1,-1,-1,-1,-1,-1,-1,-1,-1,-1,-1,-1,-1,-1,-1,-1,-1,-1,-1,-1,2.37,0.00,0.00,0.00,0.50,0,0,0,0,0,0,50,0,0,7.00,3.00,0.00,0.00,0.00,0.00,0.00,0.00,0.00,0.00,0.00,N/A
1771772400,Feb 22 2026 - 3:00pm,incomplete,N/A,UD Las Palmas,CD Castellón,N/A,27,1.00,0.00,1.00,0.00,0,0,0,0,0,0,"","",-1,-1,-1,-1,-1,-1,-1,-1,-1,-1,-1,-1,-1,-1,-1,-1,-1,-1,-1,-1,1.03,2.11,0.00,0.00,3.00,100,100,50,50,0,50,100,0,100,13.00,3.00,0.00,0.00,0.00,0.00,0.00,0.00,0.00,0.00,0.00,N/A
1771772400,Feb 22 2026 - 3:00pm,incomplete,N/A,Racing Santander,Burgos CF,N/A,27,3.00,0.00,3.00,0.00,0,0,0,0,0,0,"","",-1,-1,-1,-1,-1,-1,-1,-1,-1,-1,-1,-1,-1,-1,-1,-1,-1,-1,-1,-1,1.17,0.00,0.00,0.00,2.00,50,50,50,50,0,50,50,0,50,3.00,3.00,0.00,0.00,0.00,0.00,0.00,0.00,0.00,0.00,0.00,N/A
1771772400,Feb 22 2026 - 3:00pm,incomplete,N/A,Sporting Gijón,Real Valladolid,N/A,27,3.00,0.00,3.00,0.00,0,0,0,0,0,0,"","",-1,-1,-1,-1,-1,-1,-1,-1,-1,-1,-1,-1,-1,-1,-1,-1,-1,-1,-1,-1,1.06,0.00,0.00,0.00,1.50,50,50,50,0,0,50,50,0,50,2.00,2.00,0.00,0.00,0.00,0.00,0.00,0.00,0.00,0.00,0.00,N/A
1771772400,Feb 22 2026 - 3:00pm,incomplete,812,FC Andorra,Real Zaragoza,N/A,27,0.00,0.00,0.00,0.00,0,0,0,0,0,0,"","",-1,-1,-1,-1,-1,-1,-1,-1,-1,-1,-1,-1,-1,-1,-1,-1,-1,-1,-1,-1,0.00,2.07,0.00,0.00,0.50,0,0,0,0,0,0,50,0,0,9.00,2.00,0.00,0.00,0.00,0.00,0.00,0.00,0.00,0.00,0.00,N/A
1771772400,Feb 22 2026 - 3:00pm,incomplete,N/A,Málaga CF,Albacete Balompié,N/A,27,1.00,1.00,1.00,1.00,0,0,0,0,0,0,"","",-1,-1,-1,-1,-1,-1,-1,-1,-1,-1,-1,-1,-1,-1,-1,-1,-1,-1,-1,-1,1.22,1.67,0.00,0.00,5.00,100,100,50,50,50,50,50,100,100,13.00,4.00,0.00,0.00,0.00,0.00,0.00,0.00,0.00,0.00,0.00,N/A
1771772400,Feb 22 2026 - 3:00pm,incomplete,N/A,Almería,Córdoba,N/A,27,1.00,0.00,1.00,0.00,0,0,0,0,0,0,"","",-1,-1,-1,-1,-1,-1,-1,-1,-1,-1,-1,-1,-1,-1,-1,-1,-1,-1,-1,-1,3.16,1.71,0.00,0.00,5.50,100,100,100,50,50,100,100,50,100,21.00,5.00,0.00,0.00,0.00,0.00,0.00,0.00,0.00,0.00,0.00,N/A
1771772400,Feb 22 2026 - 3:00pm,incomplete,N/A,Leganés,Cultural y Deportiva Leonesa,N/A,27,0.00,0.00,0.00,0.00,0,0,0,0,0,0,"","",-1,-1,-1,-1,-1,-1,-1,-1,-1,-1,-1,-1,-1,-1,-1,-1,-1,-1,-1,-1,0.00,0.74,0.00,0.00,3.00,50,50,50,50,50,50,50,50,50,3.00,3.00,0.00,0.00,0.00,0.00,0.00,0.00,0.00,0.00,0.00,N/A
1771772400,Feb 22 2026 - 3:00pm,incomplete,N/A,SD Huesca,Mirandés,N/A,27,1.00,0.00,1.00,0.00,0,0,0,0,0,0,"","",-1,-1,-1,-1,-1,-1,-1,-1,-1,-1,-1,-1,-1,-1,-1,-1,-1,-1,-1,-1,1.37,0.17,0.00,0.00,1.50,50,50,0,0,0,0,50,50,50,5.00,2.00,0.00,0.00,0.00,0.00,0.00,0.00,0.00,0.00,0.00,N/A
1771772400,Feb 22 2026 - 3:00pm,incomplete,N/A,Ceuta,Granada CF,N/A,27,0.00,0.00,0.00,0.00,0,0,0,0,0,0,"","",-1,-1,-1,-1,-1,-1,-1,-1,-1,-1,-1,-1,-1,-1,-1,-1,-1,-1,-1,-1,0.00,0.00,0.00,0.00,0.00,0,0,0,0,0,0,0,0,0,0.00,0.00,0.00,0.00,0.00,0.00,0.00,0.00,0.00,0.00,0.00,N/A
1771772400,Feb 22 2026 - 3:00pm,incomplete,N/A,Deportivo La Coruña,SD Eibar,N/A,27,0.00,1.00,0.00,1.00,0,0,0,0,0,0,"","",-1,-1,-1,-1,-1,-1,-1,-1,-1,-1,-1,-1,-1,-1,-1,-1,-1,-1,-1,-1,0.00,0.81,0.00,0.00,1.00,50,50,0,0,0,0,0,50,50,3.00,2.00,0.00,0.00,0.00,0.00,0.00,0.00,0.00,0.00,0.00,N/A
1772377200,Mar 01 2026 - 3:00pm,incomplete,N/A,Cultural y Deportiva Leonesa,UD Las Palmas,N/A,28,0.00,0.00,0.00,0.00,0,0,0,0,0,0,"","",-1,-1,-1,-1,-1,-1,-1,-1,-1,-1,-1,-1,-1,-1,-1,-1,-1,-1,-1,-1,0.00,0.00,0.00,0.00,0.00,0,0,0,0,0,0,0,0,0,0.00,0.00,0.00,0.00,0.00,0.00,0.00,0.00,0.00,0.00,0.00,N/A
1772377200,Mar 01 2026 - 3:00pm,incomplete,N/A,Albacete Balompié,Almería,N/A,28,0.00,0.00,0.00,0.00,0,0,0,0,0,0,"","",-1,-1,-1,-1,-1,-1,-1,-1,-1,-1,-1,-1,-1,-1,-1,-1,-1,-1,-1,-1,0.00,0.00,0.00,0.00,0.00,0,0,0,0,0,0,0,0,0,0.00,0.00,0.00,0.00,0.00,0.00,0.00,0.00,0.00,0.00,0.00,N/A
1772377200,Mar 01 2026 - 3:00pm,incomplete,N/A,CD Castellón,Racing Santander,N/A,28,0.00,0.00,0.00,0.00,0,0,0,0,0,0,"","",-1,-1,-1,-1,-1,-1,-1,-1,-1,-1,-1,-1,-1,-1,-1,-1,-1,-1,-1,-1,0.00,0.00,0.00,0.00,0.00,0,0,0,0,0,0,0,0,0,0.00,0.00,0.00,0.00,0.00,0.00,0.00,0.00,0.00,0.00,0.00,N/A
1772377200,Mar 01 2026 - 3:00pm,incomplete,N/A,Sporting Gijón,Leganés,N/A,28,3.00,1.00,3.00,1.00,0,0,0,0,0,0,"","",-1,-1,-1,-1,-1,-1,-1,-1,-1,-1,-1,-1,-1,-1,-1,-1,-1,-1,-1,-1,1.06,0.89,0.00,0.00,2.50,100,100,50,0,0,50,50,50,100,5.00,4.00,0.00,0.00,0.00,0.00,0.00,0.00,0.00,0.00,0.00,N/A
1772377200,Mar 01 2026 - 3:00pm,incomplete,N/A,SD Eibar,Cádiz,N/A,28,0.00,0.00,0.00,0.00,0,0,0,0,0,0,"","",-1,-1,-1,-1,-1,-1,-1,-1,-1,-1,-1,-1,-1,-1,-1,-1,-1,-1,-1,-1,0.00,0.00,0.00,0.00,0.00,0,0,0,0,0,0,0,0,0,0.00,0.00,0.00,0.00,0.00,0.00,0.00,0.00,0.00,0.00,0.00,N/A
1772377200,Mar 01 2026 - 3:00pm,incomplete,N/A,Real Sociedad II,Deportivo La Coruña,N/A,28,3.00,3.00,3.00,3.00,0,0,0,0,0,0,"","",-1,-1,-1,-1,-1,-1,-1,-1,-1,-1,-1,-1,-1,-1,-1,-1,-1,-1,-1,-1,0.47,1.63,0.00,0.00,2.50,50,50,50,50,0,0,100,50,50,3.00,6.00,0.00,0.00,0.00,0.00,0.00,0.00,0.00,0.00,0.00,N/A
1772377200,Mar 01 2026 - 3:00pm,incomplete,N/A,Real Valladolid,SD Huesca,N/A,28,3.00,0.00,3.00,0.00,0,0,0,0,0,0,"","",-1,-1,-1,-1,-1,-1,-1,-1,-1,-1,-1,-1,-1,-1,-1,-1,-1,-1,-1,-1,2.09,0.00,0.00,0.00,1.50,0,50,50,0,0,50,50,0,50,6.00,3.00,0.00,0.00,0.00,0.00,0.00,0.00,0.00,0.00,0.00,N/A
1772377200,Mar 01 2026 - 3:00pm,incomplete,N/A,Real Zaragoza,Burgos CF,N/A,28,0.00,0.00,0.00,0.00,0,0,0,0,0,0,"","",-1,-1,-1,-1,-1,-1,-1,-1,-1,-1,-1,-1,-1,-1,-1,-1,-1,-1,-1,-1,0.00,0.00,0.00,0.00,0.00,0,0,0,0,0,0,0,0,0,0.00,0.00,0.00,0.00,0.00,0.00,0.00,0.00,0.00,0.00,0.00,N/A
1772377200,Mar 01 2026 - 3:00pm,incomplete,N/A,Mirandés,Ceuta,N/A,28,0.00,0.00,0.00,0.00,0,0,0,0,0,0,"","",-1,-1,-1,-1,-1,-1,-1,-1,-1,-1,-1,-1,-1,-1,-1,-1,-1,-1,-1,-1,0.00,0.64,0.00,0.00,1.50,0,50,50,0,0,50,50,0,50,4.00,2.00,0.00,0.00,0.00,0.00,0.00,0.00,0.00,0.00,0.00,N/A
1772377200,Mar 01 2026 - 3:00pm,incomplete,N/A,Córdoba,FC Andorra,N/A,28,0.00,1.00,0.00,1.00,0,0,0,0,0,0,"","",-1,-1,-1,-1,-1,-1,-1,-1,-1,-1,-1,-1,-1,-1,-1,-1,-1,-1,-1,-1,0.00,0.81,0.00,0.00,1.00,50,50,0,0,0,0,50,0,50,2.00,3.00,0.00,0.00,0.00,0.00,0.00,0.00,0.00,0.00,0.00,N/A
1772377200,Mar 01 2026 - 3:00pm,incomplete,N/A,Granada CF,Málaga CF,N/A,28,0.00,0.00,0.00,0.00,0,0,0,0,0,0,"","",-1,-1,-1,-1,-1,-1,-1,-1,-1,-1,-1,-1,-1,-1,-1,-1,-1,-1,-1,-1,1.33,0.00,0.00,0.00,2.00,50,50,50,50,0,0,50,50,50,7.00,2.00,0.00,0.00,0.00,0.00,0.00,0.00,0.00,0.00,0.00,N/A
1772982000,Mar 08 2026 - 3:00pm,incomplete,N/A,Almería,Cultural y Deportiva Leonesa,N/A,29,1.00,0.00,1.00,0.00,0,0,0,0,0,0,"","",-1,-1,-1,-1,-1,-1,-1,-1,-1,-1,-1,-1,-1,-1,-1,-1,-1,-1,-1,-1,3.16,0.74,0.00,0.00,7.00,100,100,100,100,100,100,100,100,100,20.00,6.00,0.00,0.00,0.00,0.00,0.00,0.00,0.00,0.00,0.00,N/A
1772982000,Mar 08 2026 - 3:00pm,incomplete,N/A,Deportivo La Coruña,Granada CF,N/A,29,0.00,0.00,0.00,0.00,0,0,0,0,0,0,"","",-1,-1,-1,-1,-1,-1,-1,-1,-1,-1,-1,-1,-1,-1,-1,-1,-1,-1,-1,-1,0.00,0.00,0.00,0.00,0.00,0,0,0,0,0,0,0,0,0,0.00,0.00,0.00,0.00,0.00,0.00,0.00,0.00,0.00,0.00,0.00,N/A
1772982000,Mar 08 2026 - 3:00pm,incomplete,N/A,Racing Santander,Córdoba,N/A,29,3.00,0.00,3.00,0.00,0,0,0,0,0,0,"","",-1,-1,-1,-1,-1,-1,-1,-1,-1,-1,-1,-1,-1,-1,-1,-1,-1,-1,-1,-1,1.17,1.71,0.00,0.00,3.50,100,100,100,50,0,100,100,0,100,7.00,5.00,0.00,0.00,0.00,0.00,0.00,0.00,0.00,0.00,0.00,N/A
1772982000,Mar 08 2026 - 3:00pm,incomplete,N/A,UD Las Palmas,Ceuta,N/A,29,1.00,0.00,1.00,0.00,0,0,0,0,0,0,"","",-1,-1,-1,-1,-1,-1,-1,-1,-1,-1,-1,-1,-1,-1,-1,-1,-1,-1,-1,-1,1.03,0.64,0.00,0.00,2.50,50,100,50,0,0,50,100,0,100,5.00,3.00,0.00,0.00,0.00,0.00,0.00,0.00,0.00,0.00,0.00,N/A
1772982000,Mar 08 2026 - 3:00pm,incomplete,N/A,SD Huesca,Albacete Balompié,N/A,29,1.00,1.00,1.00,1.00,0,0,0,0,0,0,"","",-1,-1,-1,-1,-1,-1,-1,-1,-1,-1,-1,-1,-1,-1,-1,-1,-1,-1,-1,-1,1.37,1.67,0.00,0.00,5.00,100,100,50,50,50,50,50,100,100,10.00,4.00,0.00,0.00,0.00,0.00,0.00,0.00,0.00,0.00,0.00,N/A
1772982000,Mar 08 2026 - 3:00pm,incomplete,N/A,Leganés,SD Eibar,N/A,29,0.00,1.00,0.00,1.00,0,0,0,0,0,0,"","",-1,-1,-1,-1,-1,-1,-1,-1,-1,-1,-1,-1,-1,-1,-1,-1,-1,-1,-1,-1,0.00,0.81,0.00,0.00,1.00,50,50,0,0,0,0,0,50,50,3.00,2.00,0.00,0.00,0.00,0.00,0.00,0.00,0.00,0.00,0.00,N/A
1772982000,Mar 08 2026 - 3:00pm,incomplete,N/A,Real Sociedad II,CD Castellón,N/A,29,3.00,0.00,3.00,0.00,0,0,0,0,0,0,"","",-1,-1,-1,-1,-1,-1,-1,-1,-1,-1,-1,-1,-1,-1,-1,-1,-1,-1,-1,-1,0.47,2.11,0.00,0.00,2.50,50,50,50,50,0,50,100,0,50,14.00,6.00,0.00,0.00,0.00,0.00,0.00,0.00,0.00,0.00,0.00,N/A
1772982000,Mar 08 2026 - 3:00pm,incomplete,N/A,Burgos CF,Mirandés,N/A,29,3.00,0.00,3.00,0.00,0,0,0,0,0,0,"","",-1,-1,-1,-1,-1,-1,-1,-1,-1,-1,-1,-1,-1,-1,-1,-1,-1,-1,-1,-1,1.91,0.17,0.00,0.00,3.50,50,50,50,50,50,50,100,50,50,3.00,1.00,0.00,0.00,0.00,0.00,0.00,0.00,0.00,0.00,0.00,N/A
1772982000,Mar 08 2026 - 3:00pm,incomplete,N/A,Málaga CF,Real Valladolid,N/A,29,1.00,0.00,1.00,0.00,0,0,0,0,0,0,"","",-1,-1,-1,-1,-1,-1,-1,-1,-1,-1,-1,-1,-1,-1,-1,-1,-1,-1,-1,-1,1.22,0.00,0.00,0.00,1.00,50,50,0,0,0,0,0,50,50,8.00,2.00,0.00,0.00,0.00,0.00,0.00,0.00,0.00,0.00,0.00,N/A
1772982000,Mar 08 2026 - 3:00pm,incomplete,N/A,Cádiz,Real Zaragoza,N/A,29,3.00,0.00,3.00,0.00,0,0,0,0,0,0,"","",-1,-1,-1,-1,-1,-1,-1,-1,-1,-1,-1,-1,-1,-1,-1,-1,-1,-1,-1,-1,2.37,2.07,0.00,0.00,1.00,0,0,0,0,0,0,100,0,0,16.00,5.00,0.00,0.00,0.00,0.00,0.00,0.00,0.00,0.00,0.00,N/A
1772982000,Mar 08 2026 - 3:00pm,incomplete,812,FC Andorra,Sporting Gijón,N/A,29,0.00,0.00,0.00,0.00,0,0,0,0,0,0,"","",-1,-1,-1,-1,-1,-1,-1,-1,-1,-1,-1,-1,-1,-1,-1,-1,-1,-1,-1,-1,0.00,0.00,0.00,0.00,0.00,0,0,0,0,0,0,0,0,0,0.00,0.00,0.00,0.00,0.00,0.00,0.00,0.00,0.00,0.00,0.00,N/A
1773586800,Mar 15 2026 - 3:00pm,incomplete,N/A,Albacete Balompié,UD Las Palmas,N/A,30,0.00,0.00,0.00,0.00,0,0,0,0,0,0,"","",-1,-1,-1,-1,-1,-1,-1,-1,-1,-1,-1,-1,-1,-1,-1,-1,-1,-1,-1,-1,0.00,0.00,0.00,0.00,0.00,0,0,0,0,0,0,0,0,0,0.00,0.00,0.00,0.00,0.00,0.00,0.00,0.00,0.00,0.00,0.00,N/A
1773586800,Mar 15 2026 - 3:00pm,incomplete,N/A,Mirandés,Cádiz,N/A,30,0.00,0.00,0.00,0.00,0,0,0,0,0,0,"","",-1,-1,-1,-1,-1,-1,-1,-1,-1,-1,-1,-1,-1,-1,-1,-1,-1,-1,-1,-1,0.00,0.00,0.00,0.00,0.00,0,0,0,0,0,0,0,0,0,0.00,0.00,0.00,0.00,0.00,0.00,0.00,0.00,0.00,0.00,0.00,N/A
1773586800,Mar 15 2026 - 3:00pm,incomplete,N/A,Ceuta,Deportivo La Coruña,N/A,30,0.00,3.00,0.00,3.00,0,0,0,0,0,0,"","",-1,-1,-1,-1,-1,-1,-1,-1,-1,-1,-1,-1,-1,-1,-1,-1,-1,-1,-1,-1,0.00,1.63,0.00,0.00,2.00,50,50,50,50,0,0,50,50,50,1.00,2.00,0.00,0.00,0.00,0.00,0.00,0.00,0.00,0.00,0.00,N/A
1773586800,Mar 15 2026 - 3:00pm,incomplete,N/A,Real Zaragoza,Almería,N/A,30,0.00,0.00,0.00,0.00,0,0,0,0,0,0,"","",-1,-1,-1,-1,-1,-1,-1,-1,-1,-1,-1,-1,-1,-1,-1,-1,-1,-1,-1,-1,0.00,0.00,0.00,0.00,0.00,0,0,0,0,0,0,0,0,0,0.00,0.00,0.00,0.00,0.00,0.00,0.00,0.00,0.00,0.00,0.00,N/A
1773586800,Mar 15 2026 - 3:00pm,incomplete,N/A,Cultural y Deportiva Leonesa,Racing Santander,N/A,30,0.00,0.00,0.00,0.00,0,0,0,0,0,0,"","",-1,-1,-1,-1,-1,-1,-1,-1,-1,-1,-1,-1,-1,-1,-1,-1,-1,-1,-1,-1,0.00,0.00,0.00,0.00,0.00,0,0,0,0,0,0,0,0,0,0.00,0.00,0.00,0.00,0.00,0.00,0.00,0.00,0.00,0.00,0.00,N/A
1773586800,Mar 15 2026 - 3:00pm,incomplete,N/A,Córdoba,Real Sociedad II,N/A,30,0.00,0.00,0.00,0.00,0,0,0,0,0,0,"","",-1,-1,-1,-1,-1,-1,-1,-1,-1,-1,-1,-1,-1,-1,-1,-1,-1,-1,-1,-1,0.00,0.00,0.00,0.00,0.00,0,0,0,0,0,0,0,0,0,0.00,0.00,0.00,0.00,0.00,0.00,0.00,0.00,0.00,0.00,0.00,N/A
1773586800,Mar 15 2026 - 3:00pm,incomplete,N/A,SD Eibar,Burgos CF,N/A,30,0.00,0.00,0.00,0.00,0,0,0,0,0,0,"","",-1,-1,-1,-1,-1,-1,-1,-1,-1,-1,-1,-1,-1,-1,-1,-1,-1,-1,-1,-1,0.00,0.00,0.00,0.00,0.00,0,0,0,0,0,0,0,0,0,0.00,0.00,0.00,0.00,0.00,0.00,0.00,0.00,0.00,0.00,0.00,N/A
1773586800,Mar 15 2026 - 3:00pm,incomplete,N/A,Sporting Gijón,CD Castellón,N/A,30,3.00,0.00,3.00,0.00,0,0,0,0,0,0,"","",-1,-1,-1,-1,-1,-1,-1,-1,-1,-1,-1,-1,-1,-1,-1,-1,-1,-1,-1,-1,1.06,2.11,0.00,0.00,3.50,100,100,100,50,0,100,100,0,100,14.00,4.00,0.00,0.00,0.00,0.00,0.00,0.00,0.00,0.00,0.00,N/A
1773586800,Mar 15 2026 - 3:00pm,incomplete,N/A,Granada CF,FC Andorra,N/A,30,0.00,1.00,0.00,1.00,0,0,0,0,0,0,"","",-1,-1,-1,-1,-1,-1,-1,-1,-1,-1,-1,-1,-1,-1,-1,-1,-1,-1,-1,-1,1.33,0.81,0.00,0.00,3.00,100,100,50,50,0,0,100,50,100,9.00,5.00,0.00,0.00,0.00,0.00,0.00,0.00,0.00,0.00,0.00,N/A
1773586800,Mar 15 2026 - 3:00pm,incomplete,N/A,Málaga CF,SD Huesca,N/A,30,1.00,0.00,1.00,0.00,0,0,0,0,0,0,"","",-1,-1,-1,-1,-1,-1,-1,-1,-1,-1,-1,-1,-1,-1,-1,-1,-1,-1,-1,-1,1.22,0.00,0.00,0.00,1.00,50,50,0,0,0,0,0,50,50,8.00,2.00,0.00,0.00,0.00,0.00,0.00,0.00,0.00,0.00,0.00,N/A
1773586800,Mar 15 2026 - 3:00pm,incomplete,N/A,Real Valladolid,Leganés,N/A,30,3.00,1.00,3.00,1.00,0,0,0,0,0,0,"","",-1,-1,-1,-1,-1,-1,-1,-1,-1,-1,-1,-1,-1,-1,-1,-1,-1,-1,-1,-1,2.09,0.89,0.00,0.00,2.50,50,100,50,0,0,50,50,50,100,9.00,5.00,0.00,0.00,0.00,0.00,0.00,0.00,0.00,0.00,0.00,N/A
1774191600,Mar 22 2026 - 3:00pm,incomplete,N/A,UD Las Palmas,Sporting Gijón,N/A,31,1.00,0.00,1.00,0.00,0,0,0,0,0,0,"","",-1,-1,-1,-1,-1,-1,-1,-1,-1,-1,-1,-1,-1,-1,-1,-1,-1,-1,-1,-1,1.03,0.00,0.00,0.00,1.00,50,50,0,0,0,0,50,0,50,1.00,1.00,0.00,0.00,0.00,0.00,0.00,0.00,0.00,0.00,0.00,N/A
1774191600,Mar 22 2026 - 3:00pm,incomplete,N/A,SD Huesca,Almería,N/A,31,1.00,0.00,1.00,0.00,0,0,0,0,0,0,"","",-1,-1,-1,-1,-1,-1,-1,-1,-1,-1,-1,-1,-1,-1,-1,-1,-1,-1,-1,-1,1.37,0.00,0.00,0.00,1.00,50,50,0,0,0,0,0,50,50,5.00,2.00,0.00,0.00,0.00,0.00,0.00,0.00,0.00,0.00,0.00,N/A
1774191600,Mar 22 2026 - 3:00pm,incomplete,N/A,Mirandés,Real Valladolid,N/A,31,0.00,0.00,0.00,0.00,0,0,0,0,0,0,"","",-1,-1,-1,-1,-1,-1,-1,-1,-1,-1,-1,-1,-1,-1,-1,-1,-1,-1,-1,-1,0.00,0.00,0.00,0.00,0.00,0,0,0,0,0,0,0,0,0,0.00,0.00,0.00,0.00,0.00,0.00,0.00,0.00,0.00,0.00,0.00,N/A
1774191600,Mar 22 2026 - 3:00pm,incomplete,N/A,CD Castellón,Cultural y Deportiva Leonesa,N/A,31,0.00,0.00,0.00,0.00,0,0,0,0,0,0,"","",-1,-1,-1,-1,-1,-1,-1,-1,-1,-1,-1,-1,-1,-1,-1,-1,-1,-1,-1,-1,0.00,0.74,0.00,0.00,3.00,50,50,50,50,50,50,50,50,50,3.00,3.00,0.00,0.00,0.00,0.00,0.00,0.00,0.00,0.00,0.00,N/A
1774191600,Mar 22 2026 - 3:00pm,incomplete,N/A,Real Sociedad II,Granada CF,N/A,31,3.00,0.00,3.00,0.00,0,0,0,0,0,0,"","",-1,-1,-1,-1,-1,-1,-1,-1,-1,-1,-1,-1,-1,-1,-1,-1,-1,-1,-1,-1,0.47,0.00,0.00,0.00,0.50,0,0,0,0,0,0,50,0,0,2.00,4.00,0.00,0.00,0.00,0.00,0.00,0.00,0.00,0.00,0.00,N/A
1774191600,Mar 22 2026 - 3:00pm,incomplete,812,FC Andorra,SD Eibar,N/A,31,0.00,1.00,0.00,1.00,0,0,0,0,0,0,"","",-1,-1,-1,-1,-1,-1,-1,-1,-1,-1,-1,-1,-1,-1,-1,-1,-1,-1,-1,-1,0.00,0.81,0.00,0.00,1.00,50,50,0,0,0,0,0,50,50,3.00,2.00,0.00,0.00,0.00,0.00,0.00,0.00,0.00,0.00,0.00,N/A
1774191600,Mar 22 2026 - 3:00pm,incomplete,N/A,Cádiz,Málaga CF,N/A,31,3.00,0.00,3.00,0.00,0,0,0,0,0,0,"","",-1,-1,-1,-1,-1,-1,-1,-1,-1,-1,-1,-1,-1,-1,-1,-1,-1,-1,-1,-1,2.37,0.00,0.00,0.00,0.50,0,0,0,0,0,0,50,0,0,7.00,3.00,0.00,0.00,0.00,0.00,0.00,0.00,0.00,0.00,0.00,N/A
1774191600,Mar 22 2026 - 3:00pm,incomplete,N/A,Burgos CF,Córdoba,N/A,31,3.00,0.00,3.00,0.00,0,0,0,0,0,0,"","",-1,-1,-1,-1,-1,-1,-1,-1,-1,-1,-1,-1,-1,-1,-1,-1,-1,-1,-1,-1,1.91,1.71,0.00,0.00,4.50,100,100,100,50,50,100,100,50,100,7.00,3.00,0.00,0.00,0.00,0.00,0.00,0.00,0.00,0.00,0.00,N/A
1774191600,Mar 22 2026 - 3:00pm,incomplete,N/A,Racing Santander,Albacete Balompié,N/A,31,3.00,1.00,3.00,1.00,0,0,0,0,0,0,"","",-1,-1,-1,-1,-1,-1,-1,-1,-1,-1,-1,-1,-1,-1,-1,-1,-1,-1,-1,-1,1.17,1.67,0.00,0.00,6.00,100,100,100,100,50,100,100,50,100,8.00,5.00,0.00,0.00,0.00,0.00,0.00,0.00,0.00,0.00,0.00,N/A
1774191600,Mar 22 2026 - 3:00pm,incomplete,N/A,Deportivo La Coruña,Real Zaragoza,N/A,31,0.00,0.00,0.00,0.00,0,0,0,0,0,0,"","",-1,-1,-1,-1,-1,-1,-1,-1,-1,-1,-1,-1,-1,-1,-1,-1,-1,-1,-1,-1,0.00,2.07,0.00,0.00,0.50,0,0,0,0,0,0,50,0,0,9.00,2.00,0.00,0.00,0.00,0.00,0.00,0.00,0.00,0.00,0.00,N/A
1774191600,Mar 22 2026 - 3:00pm,incomplete,N/A,Leganés,Ceuta,N/A,31,0.00,0.00,0.00,0.00,0,0,0,0,0,0,"","",-1,-1,-1,-1,-1,-1,-1,-1,-1,-1,-1,-1,-1,-1,-1,-1,-1,-1,-1,-1,0.00,0.64,0.00,0.00,1.50,0,50,50,0,0,50,50,0,50,4.00,2.00,0.00,0.00,0.00,0.00,0.00,0.00,0.00,0.00,0.00,N/A
1774796400,Mar 29 2026 - 3:00pm,incomplete,N/A,Granada CF,SD Huesca,N/A,32,0.00,0.00,0.00,0.00,0,0,0,0,0,0,"","",-1,-1,-1,-1,-1,-1,-1,-1,-1,-1,-1,-1,-1,-1,-1,-1,-1,-1,-1,-1,1.33,0.00,0.00,0.00,2.00,50,50,50,50,0,0,50,50,50,7.00,2.00,0.00,0.00,0.00,0.00,0.00,0.00,0.00,0.00,0.00,N/A
1774796400,Mar 29 2026 - 3:00pm,incomplete,N/A,SD Eibar,UD Las Palmas,N/A,32,0.00,0.00,0.00,0.00,0,0,0,0,0,0,"","",-1,-1,-1,-1,-1,-1,-1,-1,-1,-1,-1,-1,-1,-1,-1,-1,-1,-1,-1,-1,0.00,0.00,0.00,0.00,0.00,0,0,0,0,0,0,0,0,0,0.00,0.00,0.00,0.00,0.00,0.00,0.00,0.00,0.00,0.00,0.00,N/A
1774796400,Mar 29 2026 - 3:00pm,incomplete,N/A,Málaga CF,Leganés,N/A,32,1.00,1.00,1.00,1.00,0,0,0,0,0,0,"","",-1,-1,-1,-1,-1,-1,-1,-1,-1,-1,-1,-1,-1,-1,-1,-1,-1,-1,-1,-1,1.22,0.89,0.00,0.00,2.00,100,100,0,0,0,0,0,100,100,11.00,4.00,0.00,0.00,0.00,0.00,0.00,0.00,0.00,0.00,0.00,N/A
1774796400,Mar 29 2026 - 3:00pm,incomplete,N/A,Albacete Balompié,CD Castellón,N/A,32,0.00,0.00,0.00,0.00,0,0,0,0,0,0,"","",-1,-1,-1,-1,-1,-1,-1,-1,-1,-1,-1,-1,-1,-1,-1,-1,-1,-1,-1,-1,0.00,2.11,0.00,0.00,2.00,50,50,50,50,0,50,50,0,50,12.00,2.00,0.00,0.00,0.00,0.00,0.00,0.00,0.00,0.00,0.00,N/A
1774796400,Mar 29 2026 - 3:00pm,incomplete,N/A,Real Zaragoza,Racing Santander,N/A,32,0.00,0.00,0.00,0.00,0,0,0,0,0,0,"","",-1,-1,-1,-1,-1,-1,-1,-1,-1,-1,-1,-1,-1,-1,-1,-1,-1,-1,-1,-1,0.00,0.00,0.00,0.00,0.00,0,0,0,0,0,0,0,0,0,0.00,0.00,0.00,0.00,0.00,0.00,0.00,0.00,0.00,0.00,0.00,N/A
1774796400,Mar 29 2026 - 3:00pm,incomplete,N/A,Córdoba,Mirandés,N/A,32,0.00,0.00,0.00,0.00,0,0,0,0,0,0,"","",-1,-1,-1,-1,-1,-1,-1,-1,-1,-1,-1,-1,-1,-1,-1,-1,-1,-1,-1,-1,0.00,0.17,0.00,0.00,0.50,0,0,0,0,0,0,50,0,0,0.00,0.00,0.00,0.00,0.00,0.00,0.00,0.00,0.00,0.00,0.00,N/A
1774796400,Mar 29 2026 - 3:00pm,incomplete,N/A,Ceuta,Cádiz,N/A,32,0.00,0.00,0.00,0.00,0,0,0,0,0,0,"","",-1,-1,-1,-1,-1,-1,-1,-1,-1,-1,-1,-1,-1,-1,-1,-1,-1,-1,-1,-1,0.00,0.00,0.00,0.00,0.00,0,0,0,0,0,0,0,0,0,0.00,0.00,0.00,0.00,0.00,0.00,0.00,0.00,0.00,0.00,0.00,N/A
1774796400,Mar 29 2026 - 3:00pm,incomplete,N/A,Cultural y Deportiva Leonesa,FC Andorra,N/A,32,0.00,1.00,0.00,1.00,0,0,0,0,0,0,"","",-1,-1,-1,-1,-1,-1,-1,-1,-1,-1,-1,-1,-1,-1,-1,-1,-1,-1,-1,-1,0.00,0.81,0.00,0.00,1.00,50,50,0,0,0,0,50,0,50,2.00,3.00,0.00,0.00,0.00,0.00,0.00,0.00,0.00,0.00,0.00,N/A
1774796400,Mar 29 2026 - 3:00pm,incomplete,N/A,Almería,Real Sociedad II,N/A,32,1.00,0.00,1.00,0.00,0,0,0,0,0,0,"","",-1,-1,-1,-1,-1,-1,-1,-1,-1,-1,-1,-1,-1,-1,-1,-1,-1,-1,-1,-1,3.16,0.00,0.00,0.00,4.00,50,50,50,50,50,50,50,50,50,17.00,3.00,0.00,0.00,0.00,0.00,0.00,0.00,0.00,0.00,0.00,N/A
1774796400,Mar 29 2026 - 3:00pm,incomplete,N/A,Sporting Gijón,Deportivo La Coruña,N/A,32,3.00,3.00,3.00,3.00,0,0,0,0,0,0,"","",-1,-1,-1,-1,-1,-1,-1,-1,-1,-1,-1,-1,-1,-1,-1,-1,-1,-1,-1,-1,1.06,1.63,0.00,0.00,3.50,100,100,100,50,0,50,100,50,100,3.00,4.00,0.00,0.00,0.00,0.00,0.00,0.00,0.00,0.00,0.00,N/A
1774796400,Mar 29 2026 - 3:00pm,incomplete,N/A,Real Valladolid,Burgos CF,N/A,32,3.00,0.00,3.00,0.00,0,0,0,0,0,0,"","",-1,-1,-1,-1,-1,-1,-1,-1,-1,-1,-1,-1,-1,-1,-1,-1,-1,-1,-1,-1,2.09,0.00,0.00,0.00,1.50,0,50,50,0,0,50,50,0,50,6.00,3.00,0.00,0.00,0.00,0.00,0.00,0.00,0.00,0.00,0.00,N/A
1775055600,Apr 01 2026 - 3:00pm,incomplete,N/A,CD Castellón,Almería,N/A,33,0.00,0.00,0.00,0.00,0,0,0,0,0,0,"","",-1,-1,-1,-1,-1,-1,-1,-1,-1,-1,-1,-1,-1,-1,-1,-1,-1,-1,-1,-1,0.00,0.00,0.00,0.00,0.00,0,0,0,0,0,0,0,0,0,0.00,0.00,0.00,0.00,0.00,0.00,0.00,0.00,0.00,0.00,0.00,N/A
1775055600,Apr 01 2026 - 3:00pm,incomplete,N/A,Real Sociedad II,SD Eibar,N/A,33,3.00,1.00,3.00,1.00,0,0,0,0,0,0,"","",-1,-1,-1,-1,-1,-1,-1,-1,-1,-1,-1,-1,-1,-1,-1,-1,-1,-1,-1,-1,0.47,0.81,0.00,0.00,1.50,50,50,0,0,0,0,50,50,50,5.00,6.00,0.00,0.00,0.00,0.00,0.00,0.00,0.00,0.00,0.00,N/A
1775055600,Apr 01 2026 - 3:00pm,incomplete,N/A,Leganés,Real Zaragoza,N/A,33,0.00,0.00,0.00,0.00,0,0,0,0,0,0,"","",-1,-1,-1,-1,-1,-1,-1,-1,-1,-1,-1,-1,-1,-1,-1,-1,-1,-1,-1,-1,0.00,2.07,0.00,0.00,0.50,0,0,0,0,0,0,50,0,0,9.00,2.00,0.00,0.00,0.00,0.00,0.00,0.00,0.00,0.00,0.00,N/A
1775055600,Apr 01 2026 - 3:00pm,incomplete,N/A,Racing Santander,Sporting Gijón,N/A,33,3.00,0.00,3.00,0.00,0,0,0,0,0,0,"","",-1,-1,-1,-1,-1,-1,-1,-1,-1,-1,-1,-1,-1,-1,-1,-1,-1,-1,-1,-1,1.17,0.00,0.00,0.00,2.00,50,50,50,50,0,50,50,0,50,3.00,3.00,0.00,0.00,0.00,0.00,0.00,0.00,0.00,0.00,0.00,N/A
1775055600,Apr 01 2026 - 3:00pm,incomplete,N/A,Deportivo La Coruña,Córdoba,N/A,33,0.00,0.00,0.00,0.00,0,0,0,0,0,0,"","",-1,-1,-1,-1,-1,-1,-1,-1,-1,-1,-1,-1,-1,-1,-1,-1,-1,-1,-1,-1,0.00,1.71,0.00,0.00,1.50,50,50,50,0,0,50,50,0,50,4.00,2.00,0.00,0.00,0.00,0.00,0.00,0.00,0.00,0.00,0.00,N/A
1775055600,Apr 01 2026 - 3:00pm,incomplete,N/A,Real Valladolid,Cádiz,N/A,33,3.00,0.00,3.00,0.00,0,0,0,0,0,0,"","",-1,-1,-1,-1,-1,-1,-1,-1,-1,-1,-1,-1,-1,-1,-1,-1,-1,-1,-1,-1,2.09,0.00,0.00,0.00,1.50,0,50,50,0,0,50,50,0,50,6.00,3.00,0.00,0.00,0.00,0.00,0.00,0.00,0.00,0.00,0.00,N/A
1775055600,Apr 01 2026 - 3:00pm,incomplete,N/A,UD Las Palmas,Granada CF,N/A,33,1.00,0.00,1.00,0.00,0,0,0,0,0,0,"","",-1,-1,-1,-1,-1,-1,-1,-1,-1,-1,-1,-1,-1,-1,-1,-1,-1,-1,-1,-1,1.03,0.00,0.00,0.00,1.00,50,50,0,0,0,0,50,0,50,1.00,1.00,0.00,0.00,0.00,0.00,0.00,0.00,0.00,0.00,0.00,N/A
1775055600,Apr 01 2026 - 3:00pm,incomplete,N/A,Mirandés,Albacete Balompié,N/A,33,0.00,1.00,0.00,1.00,0,0,0,0,0,0,"","",-1,-1,-1,-1,-1,-1,-1,-1,-1,-1,-1,-1,-1,-1,-1,-1,-1,-1,-1,-1,0.00,1.67,0.00,0.00,4.00,50,50,50,50,50,50,50,50,50,5.00,2.00,0.00,0.00,0.00,0.00,0.00,0.00,0.00,0.00,0.00,N/A
1775055600,Apr 01 2026 - 3:00pm,incomplete,N/A,Burgos CF,Ceuta,N/A,33,3.00,0.00,3.00,0.00,0,0,0,0,0,0,"","",-1,-1,-1,-1,-1,-1,-1,-1,-1,-1,-1,-1,-1,-1,-1,-1,-1,-1,-1,-1,1.91,0.64,0.00,0.00,4.50,50,100,100,50,50,100,100,50,100,7.00,3.00,0.00,0.00,0.00,0.00,0.00,0.00,0.00,0.00,0.00,N/A
1775055600,Apr 01 2026 - 3:00pm,incomplete,812,FC Andorra,Málaga CF,N/A,33,0.00,0.00,0.00,0.00,0,0,0,0,0,0,"","",-1,-1,-1,-1,-1,-1,-1,-1,-1,-1,-1,-1,-1,-1,-1,-1,-1,-1,-1,-1,0.00,0.00,0.00,0.00,0.00,0,0,0,0,0,0,0,0,0,0.00,0.00,0.00,0.00,0.00,0.00,0.00,0.00,0.00,0.00,0.00,N/A
1775055600,Apr 01 2026 - 3:00pm,incomplete,N/A,SD Huesca,Cultural y Deportiva Leonesa,N/A,33,1.00,0.00,1.00,0.00,0,0,0,0,0,0,"","",-1,-1,-1,-1,-1,-1,-1,-1,-1,-1,-1,-1,-1,-1,-1,-1,-1,-1,-1,-1,1.37,0.74,0.00,0.00,4.00,100,100,50,50,50,50,50,100,100,8.00,5.00,0.00,0.00,0.00,0.00,0.00,0.00,0.00,0.00,0.00,N/A
1775401200,Apr 05 2026 - 3:00pm,incomplete,N/A,Sporting Gijón,Real Sociedad II,N/A,34,3.00,0.00,3.00,0.00,0,0,0,0,0,0,"","",-1,-1,-1,-1,-1,-1,-1,-1,-1,-1,-1,-1,-1,-1,-1,-1,-1,-1,-1,-1,1.06,0.00,0.00,0.00,1.50,50,50,50,0,0,50,50,0,50,2.00,2.00,0.00,0.00,0.00,0.00,0.00,0.00,0.00,0.00,0.00,N/A
1775401200,Apr 05 2026 - 3:00pm,incomplete,N/A,CD Castellón,Granada CF,N/A,34,0.00,0.00,0.00,0.00,0,0,0,0,0,0,"","",-1,-1,-1,-1,-1,-1,-1,-1,-1,-1,-1,-1,-1,-1,-1,-1,-1,-1,-1,-1,0.00,0.00,0.00,0.00,0.00,0,0,0,0,0,0,0,0,0,0.00,0.00,0.00,0.00,0.00,0.00,0.00,0.00,0.00,0.00,0.00,N/A
1775401200,Apr 05 2026 - 3:00pm,incomplete,N/A,Cádiz,Córdoba,N/A,34,3.00,0.00,3.00,0.00,0,0,0,0,0,0,"","",-1,-1,-1,-1,-1,-1,-1,-1,-1,-1,-1,-1,-1,-1,-1,-1,-1,-1,-1,-1,2.37,1.71,0.00,0.00,2.00,50,50,50,0,0,50,100,0,50,11.00,5.00,0.00,0.00,0.00,0.00,0.00,0.00,0.00,0.00,0.00,N/A
1775401200,Apr 05 2026 - 3:00pm,incomplete,N/A,SD Eibar,Ceuta,N/A,34,0.00,0.00,0.00,0.00,0,0,0,0,0,0,"","",-1,-1,-1,-1,-1,-1,-1,-1,-1,-1,-1,-1,-1,-1,-1,-1,-1,-1,-1,-1,0.00,0.64,0.00,0.00,1.50,0,50,50,0,0,50,50,0,50,4.00,2.00,0.00,0.00,0.00,0.00,0.00,0.00,0.00,0.00,0.00,N/A
1775401200,Apr 05 2026 - 3:00pm,incomplete,N/A,Deportivo La Coruña,Málaga CF,N/A,34,0.00,0.00,0.00,0.00,0,0,0,0,0,0,"","",-1,-1,-1,-1,-1,-1,-1,-1,-1,-1,-1,-1,-1,-1,-1,-1,-1,-1,-1,-1,0.00,0.00,0.00,0.00,0.00,0,0,0,0,0,0,0,0,0,0.00,0.00,0.00,0.00,0.00,0.00,0.00,0.00,0.00,0.00,0.00,N/A
1775401200,Apr 05 2026 - 3:00pm,incomplete,N/A,Real Zaragoza,Mirandés,N/A,34,0.00,0.00,0.00,0.00,0,0,0,0,0,0,"","",-1,-1,-1,-1,-1,-1,-1,-1,-1,-1,-1,-1,-1,-1,-1,-1,-1,-1,-1,-1,0.00,0.17,0.00,0.00,0.50,0,0,0,0,0,0,50,0,0,0.00,0.00,0.00,0.00,0.00,0.00,0.00,0.00,0.00,0.00,0.00,N/A
1775401200,Apr 05 2026 - 3:00pm,incomplete,N/A,UD Las Palmas,SD Huesca,N/A,34,1.00,0.00,1.00,0.00,0,0,0,0,0,0,"","",-1,-1,-1,-1,-1,-1,-1,-1,-1,-1,-1,-1,-1,-1,-1,-1,-1,-1,-1,-1,1.03,0.00,0.00,0.00,1.00,50,50,0,0,0,0,50,0,50,1.00,1.00,0.00,0.00,0.00,0.00,0.00,0.00,0.00,0.00,0.00,N/A
1775401200,Apr 05 2026 - 3:00pm,incomplete,812,FC Andorra,Racing Santander,N/A,34,0.00,0.00,0.00,0.00,0,0,0,0,0,0,"","",-1,-1,-1,-1,-1,-1,-1,-1,-1,-1,-1,-1,-1,-1,-1,-1,-1,-1,-1,-1,0.00,0.00,0.00,0.00,0.00,0,0,0,0,0,0,0,0,0,0.00,0.00,0.00,0.00,0.00,0.00,0.00,0.00,0.00,0.00,0.00,N/A
1775401200,Apr 05 2026 - 3:00pm,incomplete,N/A,Almería,Leganés,N/A,34,1.00,1.00,1.00,1.00,0,0,0,0,0,0,"","",-1,-1,-1,-1,-1,-1,-1,-1,-1,-1,-1,-1,-1,-1,-1,-1,-1,-1,-1,-1,3.16,0.89,0.00,0.00,5.00,100,100,50,50,50,50,50,100,100,20.00,5.00,0.00,0.00,0.00,0.00,0.00,0.00,0.00,0.00,0.00,N/A
1775401200,Apr 05 2026 - 3:00pm,incomplete,N/A,Albacete Balompié,Burgos CF,N/A,34,0.00,0.00,0.00,0.00,0,0,0,0,0,0,"","",-1,-1,-1,-1,-1,-1,-1,-1,-1,-1,-1,-1,-1,-1,-1,-1,-1,-1,-1,-1,0.00,0.00,0.00,0.00,0.00,0,0,0,0,0,0,0,0,0,0.00,0.00,0.00,0.00,0.00,0.00,0.00,0.00,0.00,0.00,0.00,N/A
1775401200,Apr 05 2026 - 3:00pm,incomplete,N/A,Cultural y Deportiva Leonesa,Real Valladolid,N/A,34,0.00,0.00,0.00,0.00,0,0,0,0,0,0,"","",-1,-1,-1,-1,-1,-1,-1,-1,-1,-1,-1,-1,-1,-1,-1,-1,-1,-1,-1,-1,0.00,0.00,0.00,0.00,0.00,0,0,0,0,0,0,0,0,0,0.00,0.00,0.00,0.00,0.00,0.00,0.00,0.00,0.00,0.00,0.00,N/A
1776006000,Apr 12 2026 - 3:00pm,incomplete,N/A,Ceuta,Real Sociedad II,N/A,35,0.00,0.00,0.00,0.00,0,0,0,0,0,0,"","",-1,-1,-1,-1,-1,-1,-1,-1,-1,-1,-1,-1,-1,-1,-1,-1,-1,-1,-1,-1,0.00,0.00,0.00,0.00,0.00,0,0,0,0,0,0,0,0,0,0.00,0.00,0.00,0.00,0.00,0.00,0.00,0.00,0.00,0.00,0.00,N/A
1776006000,Apr 12 2026 - 3:00pm,incomplete,N/A,Málaga CF,UD Las Palmas,N/A,35,1.00,0.00,1.00,0.00,0,0,0,0,0,0,"","",-1,-1,-1,-1,-1,-1,-1,-1,-1,-1,-1,-1,-1,-1,-1,-1,-1,-1,-1,-1,1.22,0.00,0.00,0.00,1.00,50,50,0,0,0,0,0,50,50,8.00,2.00,0.00,0.00,0.00,0.00,0.00,0.00,0.00,0.00,0.00,N/A
1776006000,Apr 12 2026 - 3:00pm,incomplete,N/A,SD Huesca,Deportivo La Coruña,N/A,35,1.00,3.00,1.00,3.00,0,0,0,0,0,0,"","",-1,-1,-1,-1,-1,-1,-1,-1,-1,-1,-1,-1,-1,-1,-1,-1,-1,-1,-1,-1,1.37,1.63,0.00,0.00,3.00,100,100,50,50,0,0,50,100,100,6.00,4.00,0.00,0.00,0.00,0.00,0.00,0.00,0.00,0.00,0.00,N/A
1776006000,Apr 12 2026 - 3:00pm,incomplete,N/A,Burgos CF,Sporting Gijón,N/A,35,3.00,0.00,3.00,0.00,0,0,0,0,0,0,"","",-1,-1,-1,-1,-1,-1,-1,-1,-1,-1,-1,-1,-1,-1,-1,-1,-1,-1,-1,-1,1.91,0.00,0.00,0.00,3.00,50,50,50,50,50,50,50,50,50,3.00,1.00,0.00,0.00,0.00,0.00,0.00,0.00,0.00,0.00,0.00,N/A
1776006000,Apr 12 2026 - 3:00pm,incomplete,N/A,Mirandés,CD Castellón,N/A,35,0.00,0.00,0.00,0.00,0,0,0,0,0,0,"","",-1,-1,-1,-1,-1,-1,-1,-1,-1,-1,-1,-1,-1,-1,-1,-1,-1,-1,-1,-1,0.00,2.11,0.00,0.00,2.00,50,50,50,50,0,50,50,0,50,12.00,2.00,0.00,0.00,0.00,0.00,0.00,0.00,0.00,0.00,0.00,N/A
1776006000,Apr 12 2026 - 3:00pm,incomplete,N/A,Córdoba,Real Zaragoza,N/A,35,0.00,0.00,0.00,0.00,0,0,0,0,0,0,"","",-1,-1,-1,-1,-1,-1,-1,-1,-1,-1,-1,-1,-1,-1,-1,-1,-1,-1,-1,-1,0.00,2.07,0.00,0.00,0.50,0,0,0,0,0,0,50,0,0,9.00,2.00,0.00,0.00,0.00,0.00,0.00,0.00,0.00,0.00,0.00,N/A
1776006000,Apr 12 2026 - 3:00pm,incomplete,N/A,Racing Santander,Almería,N/A,35,3.00,0.00,3.00,0.00,0,0,0,0,0,0,"","",-1,-1,-1,-1,-1,-1,-1,-1,-1,-1,-1,-1,-1,-1,-1,-1,-1,-1,-1,-1,1.17,0.00,0.00,0.00,2.00,50,50,50,50,0,50,50,0,50,3.00,3.00,0.00,0.00,0.00,0.00,0.00,0.00,0.00,0.00,0.00,N/A
1776006000,Apr 12 2026 - 3:00pm,incomplete,N/A,Leganés,Albacete Balompié,N/A,35,0.00,1.00,0.00,1.00,0,0,0,0,0,0,"","",-1,-1,-1,-1,-1,-1,-1,-1,-1,-1,-1,-1,-1,-1,-1,-1,-1,-1,-1,-1,0.00,1.67,0.00,0.00,4.00,50,50,50,50,50,50,50,50,50,5.00,2.00,0.00,0.00,0.00,0.00,0.00,0.00,0.00,0.00,0.00,N/A
1776006000,Apr 12 2026 - 3:00pm,incomplete,N/A,Granada CF,Cultural y Deportiva Leonesa,N/A,35,0.00,0.00,0.00,0.00,0,0,0,0,0,0,"","",-1,-1,-1,-1,-1,-1,-1,-1,-1,-1,-1,-1,-1,-1,-1,-1,-1,-1,-1,-1,1.33,0.74,0.00,0.00,5.00,100,100,100,100,50,50,100,100,100,10.00,5.00,0.00,0.00,0.00,0.00,0.00,0.00,0.00,0.00,0.00,N/A
1776006000,Apr 12 2026 - 3:00pm,incomplete,N/A,Cádiz,FC Andorra,N/A,35,3.00,1.00,3.00,1.00,0,0,0,0,0,0,"","",-1,-1,-1,-1,-1,-1,-1,-1,-1,-1,-1,-1,-1,-1,-1,-1,-1,-1,-1,-1,2.37,0.81,0.00,0.00,1.50,50,50,0,0,0,0,100,0,50,9.00,6.00,0.00,0.00,0.00,0.00,0.00,0.00,0.00,0.00,0.00,N/A
1776006000,Apr 12 2026 - 3:00pm,incomplete,N/A,Real Valladolid,SD Eibar,N/A,35,3.00,1.00,3.00,1.00,0,0,0,0,0,0,"","",-1,-1,-1,-1,-1,-1,-1,-1,-1,-1,-1,-1,-1,-1,-1,-1,-1,-1,-1,-1,2.09,0.81,0.00,0.00,2.50,50,100,50,0,0,50,50,50,100,9.00,5.00,0.00,0.00,0.00,0.00,0.00,0.00,0.00,0.00,0.00,N/A
1776610800,Apr 19 2026 - 3:00pm,incomplete,N/A,SD Eibar,SD Huesca,N/A,36,0.00,0.00,0.00,0.00,0,0,0,0,0,0,"","",-1,-1,-1,-1,-1,-1,-1,-1,-1,-1,-1,-1,-1,-1,-1,-1,-1,-1,-1,-1,0.00,0.00,0.00,0.00,0.00,0,0,0,0,0,0,0,0,0,0.00,0.00,0.00,0.00,0.00,0.00,0.00,0.00,0.00,0.00,0.00,N/A
1776610800,Apr 19 2026 - 3:00pm,incomplete,N/A,Cultural y Deportiva Leonesa,Córdoba,N/A,36,0.00,0.00,0.00,0.00,0,0,0,0,0,0,"","",-1,-1,-1,-1,-1,-1,-1,-1,-1,-1,-1,-1,-1,-1,-1,-1,-1,-1,-1,-1,0.00,1.71,0.00,0.00,1.50,50,50,50,0,0,50,50,0,50,4.00,2.00,0.00,0.00,0.00,0.00,0.00,0.00,0.00,0.00,0.00,N/A
1776610800,Apr 19 2026 - 3:00pm,incomplete,N/A,Sporting Gijón,Cádiz,N/A,36,3.00,0.00,3.00,0.00,0,0,0,0,0,0,"","",-1,-1,-1,-1,-1,-1,-1,-1,-1,-1,-1,-1,-1,-1,-1,-1,-1,-1,-1,-1,1.06,0.00,0.00,0.00,1.50,50,50,50,0,0,50,50,0,50,2.00,2.00,0.00,0.00,0.00,0.00,0.00,0.00,0.00,0.00,0.00,N/A
1776610800,Apr 19 2026 - 3:00pm,incomplete,N/A,Albacete Balompié,Granada CF,N/A,36,0.00,0.00,0.00,0.00,0,0,0,0,0,0,"","",-1,-1,-1,-1,-1,-1,-1,-1,-1,-1,-1,-1,-1,-1,-1,-1,-1,-1,-1,-1,0.00,0.00,0.00,0.00,0.00,0,0,0,0,0,0,0,0,0,0.00,0.00,0.00,0.00,0.00,0.00,0.00,0.00,0.00,0.00,0.00,N/A
1776610800,Apr 19 2026 - 3:00pm,incomplete,812,FC Andorra,Real Valladolid,N/A,36,0.00,0.00,0.00,0.00,0,0,0,0,0,0,"","",-1,-1,-1,-1,-1,-1,-1,-1,-1,-1,-1,-1,-1,-1,-1,-1,-1,-1,-1,-1,0.00,0.00,0.00,0.00,0.00,0,0,0,0,0,0,0,0,0,0.00,0.00,0.00,0.00,0.00,0.00,0.00,0.00,0.00,0.00,0.00,N/A
1776610800,Apr 19 2026 - 3:00pm,incomplete,N/A,Deportivo La Coruña,Mirandés,N/A,36,0.00,0.00,0.00,0.00,0,0,0,0,0,0,"","",-1,-1,-1,-1,-1,-1,-1,-1,-1,-1,-1,-1,-1,-1,-1,-1,-1,-1,-1,-1,0.00,0.17,0.00,0.00,0.50,0,0,0,0,0,0,50,0,0,0.00,0.00,0.00,0.00,0.00,0.00,0.00,0.00,0.00,0.00,0.00,N/A
1776610800,Apr 19 2026 - 3:00pm,incomplete,N/A,Real Zaragoza,Ceuta,N/A,36,0.00,0.00,0.00,0.00,0,0,0,0,0,0,"","",-1,-1,-1,-1,-1,-1,-1,-1,-1,-1,-1,-1,-1,-1,-1,-1,-1,-1,-1,-1,0.00,0.64,0.00,0.00,1.50,0,50,50,0,0,50,50,0,50,4.00,2.00,0.00,0.00,0.00,0.00,0.00,0.00,0.00,0.00,0.00,N/A
1776610800,Apr 19 2026 - 3:00pm,incomplete,N/A,Almería,Málaga CF,N/A,36,1.00,0.00,1.00,0.00,0,0,0,0,0,0,"","",-1,-1,-1,-1,-1,-1,-1,-1,-1,-1,-1,-1,-1,-1,-1,-1,-1,-1,-1,-1,3.16,0.00,0.00,0.00,4.00,50,50,50,50,50,50,50,50,50,17.00,3.00,0.00,0.00,0.00,0.00,0.00,0.00,0.00,0.00,0.00,N/A
1776610800,Apr 19 2026 - 3:00pm,incomplete,N/A,UD Las Palmas,Leganés,N/A,36,1.00,1.00,1.00,1.00,0,0,0,0,0,0,"","",-1,-1,-1,-1,-1,-1,-1,-1,-1,-1,-1,-1,-1,-1,-1,-1,-1,-1,-1,-1,1.03,0.89,0.00,0.00,2.00,100,100,0,0,0,0,50,50,100,4.00,3.00,0.00,0.00,0.00,0.00,0.00,0.00,0.00,0.00,0.00,N/A
1776610800,Apr 19 2026 - 3:00pm,incomplete,N/A,CD Castellón,Burgos CF,N/A,36,0.00,0.00,0.00,0.00,0,0,0,0,0,0,"","",-1,-1,-1,-1,-1,-1,-1,-1,-1,-1,-1,-1,-1,-1,-1,-1,-1,-1,-1,-1,0.00,0.00,0.00,0.00,0.00,0,0,0,0,0,0,0,0,0,0.00,0.00,0.00,0.00,0.00,0.00,0.00,0.00,0.00,0.00,0.00,N/A
1776610800,Apr 19 2026 - 3:00pm,incomplete,N/A,Real Sociedad II,Racing Santander,N/A,36,3.00,0.00,3.00,0.00,0,0,0,0,0,0,"","",-1,-1,-1,-1,-1,-1,-1,-1,-1,-1,-1,-1,-1,-1,-1,-1,-1,-1,-1,-1,0.47,0.00,0.00,0.00,0.50,0,0,0,0,0,0,50,0,0,2.00,4.00,0.00,0.00,0.00,0.00,0.00,0.00,0.00,0.00,0.00,N/A
1777215600,Apr 26 2026 - 3:00pm,incomplete,N/A,Málaga CF,CD Castellón,N/A,37,1.00,0.00,1.00,0.00,0,0,0,0,0,0,"","",-1,-1,-1,-1,-1,-1,-1,-1,-1,-1,-1,-1,-1,-1,-1,-1,-1,-1,-1,-1,1.22,2.11,0.00,0.00,3.00,100,100,50,50,0,50,50,50,100,20.00,4.00,0.00,0.00,0.00,0.00,0.00,0.00,0.00,0.00,0.00,N/A
1777215600,Apr 26 2026 - 3:00pm,incomplete,N/A,Ceuta,Racing Santander,N/A,37,0.00,0.00,0.00,0.00,0,0,0,0,0,0,"","",-1,-1,-1,-1,-1,-1,-1,-1,-1,-1,-1,-1,-1,-1,-1,-1,-1,-1,-1,-1,0.00,0.00,0.00,0.00,0.00,0,0,0,0,0,0,0,0,0,0.00,0.00,0.00,0.00,0.00,0.00,0.00,0.00,0.00,0.00,0.00,N/A
1777215600,Apr 26 2026 - 3:00pm,incomplete,N/A,Mirandés,Cultural y Deportiva Leonesa,N/A,37,0.00,0.00,0.00,0.00,0,0,0,0,0,0,"","",-1,-1,-1,-1,-1,-1,-1,-1,-1,-1,-1,-1,-1,-1,-1,-1,-1,-1,-1,-1,0.00,0.74,0.00,0.00,3.00,50,50,50,50,50,50,50,50,50,3.00,3.00,0.00,0.00,0.00,0.00,0.00,0.00,0.00,0.00,0.00,N/A
1777215600,Apr 26 2026 - 3:00pm,incomplete,N/A,Córdoba,Sporting Gijón,N/A,37,0.00,0.00,0.00,0.00,0,0,0,0,0,0,"","",-1,-1,-1,-1,-1,-1,-1,-1,-1,-1,-1,-1,-1,-1,-1,-1,-1,-1,-1,-1,0.00,0.00,0.00,0.00,0.00,0,0,0,0,0,0,0,0,0,0.00,0.00,0.00,0.00,0.00,0.00,0.00,0.00,0.00,0.00,0.00,N/A
1777215600,Apr 26 2026 - 3:00pm,incomplete,N/A,Granada CF,Almería,N/A,37,0.00,0.00,0.00,0.00,0,0,0,0,0,0,"","",-1,-1,-1,-1,-1,-1,-1,-1,-1,-1,-1,-1,-1,-1,-1,-1,-1,-1,-1,-1,1.33,0.00,0.00,0.00,2.00,50,50,50,50,0,0,50,50,50,7.00,2.00,0.00,0.00,0.00,0.00,0.00,0.00,0.00,0.00,0.00,N/A
1777215600,Apr 26 2026 - 3:00pm,incomplete,N/A,Cádiz,UD Las Palmas,N/A,37,3.00,0.00,3.00,0.00,0,0,0,0,0,0,"","",-1,-1,-1,-1,-1,-1,-1,-1,-1,-1,-1,-1,-1,-1,-1,-1,-1,-1,-1,-1,2.37,0.00,0.00,0.00,0.50,0,0,0,0,0,0,50,0,0,7.00,3.00,0.00,0.00,0.00,0.00,0.00,0.00,0.00,0.00,0.00,N/A
1777215600,Apr 26 2026 - 3:00pm,incomplete,N/A,SD Huesca,Real Zaragoza,N/A,37,1.00,0.00,1.00,0.00,0,0,0,0,0,0,"","",-1,-1,-1,-1,-1,-1,-1,-1,-1,-1,-1,-1,-1,-1,-1,-1,-1,-1,-1,-1,1.37,2.07,0.00,0.00,1.50,50,50,0,0,0,0,50,50,50,14.00,4.00,0.00,0.00,0.00,0.00,0.00,0.00,0.00,0.00,0.00,N/A
1777215600,Apr 26 2026 - 3:00pm,incomplete,N/A,Burgos CF,Deportivo La Coruña,N/A,37,3.00,3.00,3.00,3.00,0,0,0,0,0,0,"","",-1,-1,-1,-1,-1,-1,-1,-1,-1,-1,-1,-1,-1,-1,-1,-1,-1,-1,-1,-1,1.91,1.63,0.00,0.00,5.00,100,100,100,100,50,50,100,100,100,4.00,3.00,0.00,0.00,0.00,0.00,0.00,0.00,0.00,0.00,0.00,N/A
1777215600,Apr 26 2026 - 3:00pm,incomplete,N/A,Real Valladolid,Real Sociedad II,N/A,37,3.00,0.00,3.00,0.00,0,0,0,0,0,0,"","",-1,-1,-1,-1,-1,-1,-1,-1,-1,-1,-1,-1,-1,-1,-1,-1,-1,-1,-1,-1,2.09,0.00,0.00,0.00,1.50,0,50,50,0,0,50,50,0,50,6.00,3.00,0.00,0.00,0.00,0.00,0.00,0.00,0.00,0.00,0.00,N/A
1777215600,Apr 26 2026 - 3:00pm,incomplete,N/A,Albacete Balompié,SD Eibar,N/A,37,0.00,1.00,0.00,1.00,0,0,0,0,0,0,"","",-1,-1,-1,-1,-1,-1,-1,-1,-1,-1,-1,-1,-1,-1,-1,-1,-1,-1,-1,-1,0.00,0.81,0.00,0.00,1.00,50,50,0,0,0,0,0,50,50,3.00,2.00,0.00,0.00,0.00,0.00,0.00,0.00,0.00,0.00,0.00,N/A
1777215600,Apr 26 2026 - 3:00pm,incomplete,N/A,Leganés,FC Andorra,N/A,37,0.00,1.00,0.00,1.00,0,0,0,0,0,0,"","",-1,-1,-1,-1,-1,-1,-1,-1,-1,-1,-1,-1,-1,-1,-1,-1,-1,-1,-1,-1,0.00,0.81,0.00,0.00,1.00,50,50,0,0,0,0,50,0,50,2.00,3.00,0.00,0.00,0.00,0.00,0.00,0.00,0.00,0.00,0.00,N/A
1777820400,May 03 2026 - 3:00pm,incomplete,812,FC Andorra,Albacete Balompié,N/A,38,0.00,1.00,0.00,1.00,0,0,0,0,0,0,"","",-1,-1,-1,-1,-1,-1,-1,-1,-1,-1,-1,-1,-1,-1,-1,-1,-1,-1,-1,-1,0.00,1.67,0.00,0.00,4.00,50,50,50,50,50,50,50,50,50,5.00,2.00,0.00,0.00,0.00,0.00,0.00,0.00,0.00,0.00,0.00,N/A
1777820400,May 03 2026 - 3:00pm,incomplete,N/A,Racing Santander,SD Huesca,N/A,38,3.00,0.00,3.00,0.00,0,0,0,0,0,0,"","",-1,-1,-1,-1,-1,-1,-1,-1,-1,-1,-1,-1,-1,-1,-1,-1,-1,-1,-1,-1,1.17,0.00,0.00,0.00,2.00,50,50,50,50,0,50,50,0,50,3.00,3.00,0.00,0.00,0.00,0.00,0.00,0.00,0.00,0.00,0.00,N/A
1777820400,May 03 2026 - 3:00pm,incomplete,N/A,Real Sociedad II,Burgos CF,N/A,38,3.00,0.00,3.00,0.00,0,0,0,0,0,0,"","",-1,-1,-1,-1,-1,-1,-1,-1,-1,-1,-1,-1,-1,-1,-1,-1,-1,-1,-1,-1,0.47,0.00,0.00,0.00,0.50,0,0,0,0,0,0,50,0,0,2.00,4.00,0.00,0.00,0.00,0.00,0.00,0.00,0.00,0.00,0.00,N/A
1777820400,May 03 2026 - 3:00pm,incomplete,N/A,Deportivo La Coruña,Leganés,N/A,38,0.00,1.00,0.00,1.00,0,0,0,0,0,0,"","",-1,-1,-1,-1,-1,-1,-1,-1,-1,-1,-1,-1,-1,-1,-1,-1,-1,-1,-1,-1,0.00,0.89,0.00,0.00,1.00,50,50,0,0,0,0,0,50,50,3.00,2.00,0.00,0.00,0.00,0.00,0.00,0.00,0.00,0.00,0.00,N/A
1777820400,May 03 2026 - 3:00pm,incomplete,N/A,UD Las Palmas,Real Valladolid,N/A,38,1.00,0.00,1.00,0.00,0,0,0,0,0,0,"","",-1,-1,-1,-1,-1,-1,-1,-1,-1,-1,-1,-1,-1,-1,-1,-1,-1,-1,-1,-1,1.03,0.00,0.00,0.00,1.00,50,50,0,0,0,0,50,0,50,1.00,1.00,0.00,0.00,0.00,0.00,0.00,0.00,0.00,0.00,0.00,N/A
1777820400,May 03 2026 - 3:00pm,incomplete,N/A,Sporting Gijón,Ceuta,N/A,38,3.00,0.00,3.00,0.00,0,0,0,0,0,0,"","",-1,-1,-1,-1,-1,-1,-1,-1,-1,-1,-1,-1,-1,-1,-1,-1,-1,-1,-1,-1,1.06,0.64,0.00,0.00,3.00,50,100,100,0,0,100,100,0,100,6.00,4.00,0.00,0.00,0.00,0.00,0.00,0.00,0.00,0.00,0.00,N/A
1777820400,May 03 2026 - 3:00pm,incomplete,N/A,CD Castellón,Córdoba,N/A,38,0.00,0.00,0.00,0.00,0,0,0,0,0,0,"","",-1,-1,-1,-1,-1,-1,-1,-1,-1,-1,-1,-1,-1,-1,-1,-1,-1,-1,-1,-1,0.00,1.71,0.00,0.00,1.50,50,50,50,0,0,50,50,0,50,4.00,2.00,0.00,0.00,0.00,0.00,0.00,0.00,0.00,0.00,0.00,N/A
1777820400,May 03 2026 - 3:00pm,incomplete,N/A,Almería,Mirandés,N/A,38,1.00,0.00,1.00,0.00,0,0,0,0,0,0,"","",-1,-1,-1,-1,-1,-1,-1,-1,-1,-1,-1,-1,-1,-1,-1,-1,-1,-1,-1,-1,3.16,0.17,0.00,0.00,4.50,50,50,50,50,50,50,100,50,50,17.00,3.00,0.00,0.00,0.00,0.00,0.00,0.00,0.00,0.00,0.00,N/A
1777820400,May 03 2026 - 3:00pm,incomplete,N/A,Cultural y Deportiva Leonesa,Cádiz,N/A,38,0.00,0.00,0.00,0.00,0,0,0,0,0,0,"","",-1,-1,-1,-1,-1,-1,-1,-1,-1,-1,-1,-1,-1,-1,-1,-1,-1,-1,-1,-1,0.00,0.00,0.00,0.00,0.00,0,0,0,0,0,0,0,0,0,0.00,0.00,0.00,0.00,0.00,0.00,0.00,0.00,0.00,0.00,0.00,N/A
1777820400,May 03 2026 - 3:00pm,incomplete,N/A,SD Eibar,Málaga CF,N/A,38,0.00,0.00,0.00,0.00,0,0,0,0,0,0,"","",-1,-1,-1,-1,-1,-1,-1,-1,-1,-1,-1,-1,-1,-1,-1,-1,-1,-1,-1,-1,0.00,0.00,0.00,0.00,0.00,0,0,0,0,0,0,0,0,0,0.00,0.00,0.00,0.00,0.00,0.00,0.00,0.00,0.00,0.00,0.00,N/A
1777820400,May 03 2026 - 3:00pm,incomplete,N/A,Real Zaragoza,Granada CF,N/A,38,0.00,0.00,0.00,0.00,0,0,0,0,0,0,"","",-1,-1,-1,-1,-1,-1,-1,-1,-1,-1,-1,-1,-1,-1,-1,-1,-1,-1,-1,-1,0.00,0.00,0.00,0.00,0.00,0,0,0,0,0,0,0,0,0,0.00,0.00,0.00,0.00,0.00,0.00,0.00,0.00,0.00,0.00,0.00,N/A
1778425200,May 10 2026 - 3:00pm,incomplete,N/A,Burgos CF,Almería,N/A,39,3.00,0.00,3.00,0.00,0,0,0,0,0,0,"","",-1,-1,-1,-1,-1,-1,-1,-1,-1,-1,-1,-1,-1,-1,-1,-1,-1,-1,-1,-1,1.91,0.00,0.00,0.00,3.00,50,50,50,50,50,50,50,50,50,3.00,1.00,0.00,0.00,0.00,0.00,0.00,0.00,0.00,0.00,0.00,N/A
1778425200,May 10 2026 - 3:00pm,incomplete,N/A,Ceuta,CD Castellón,N/A,39,0.00,0.00,0.00,0.00,0,0,0,0,0,0,"","",-1,-1,-1,-1,-1,-1,-1,-1,-1,-1,-1,-1,-1,-1,-1,-1,-1,-1,-1,-1,0.00,2.11,0.00,0.00,2.00,50,50,50,50,0,50,50,0,50,12.00,2.00,0.00,0.00,0.00,0.00,0.00,0.00,0.00,0.00,0.00,N/A
1778425200,May 10 2026 - 3:00pm,incomplete,N/A,Mirandés,SD Eibar,N/A,39,0.00,1.00,0.00,1.00,0,0,0,0,0,0,"","",-1,-1,-1,-1,-1,-1,-1,-1,-1,-1,-1,-1,-1,-1,-1,-1,-1,-1,-1,-1,0.00,0.81,0.00,0.00,1.00,50,50,0,0,0,0,0,50,50,3.00,2.00,0.00,0.00,0.00,0.00,0.00,0.00,0.00,0.00,0.00,N/A
1778425200,May 10 2026 - 3:00pm,incomplete,N/A,Leganés,Racing Santander,N/A,39,0.00,0.00,0.00,0.00,0,0,0,0,0,0,"","",-1,-1,-1,-1,-1,-1,-1,-1,-1,-1,-1,-1,-1,-1,-1,-1,-1,-1,-1,-1,0.00,0.00,0.00,0.00,0.00,0,0,0,0,0,0,0,0,0,0.00,0.00,0.00,0.00,0.00,0.00,0.00,0.00,0.00,0.00,0.00,N/A
1778425200,May 10 2026 - 3:00pm,incomplete,N/A,SD Huesca,Real Sociedad II,N/A,39,1.00,0.00,1.00,0.00,0,0,0,0,0,0,"","",-1,-1,-1,-1,-1,-1,-1,-1,-1,-1,-1,-1,-1,-1,-1,-1,-1,-1,-1,-1,1.37,0.00,0.00,0.00,1.00,50,50,0,0,0,0,0,50,50,5.00,2.00,0.00,0.00,0.00,0.00,0.00,0.00,0.00,0.00,0.00,N/A
1778425200,May 10 2026 - 3:00pm,incomplete,N/A,Córdoba,Granada CF,N/A,39,0.00,0.00,0.00,0.00,0,0,0,0,0,0,"","",-1,-1,-1,-1,-1,-1,-1,-1,-1,-1,-1,-1,-1,-1,-1,-1,-1,-1,-1,-1,0.00,0.00,0.00,0.00,0.00,0,0,0,0,0,0,0,0,0,0.00,0.00,0.00,0.00,0.00,0.00,0.00,0.00,0.00,0.00,0.00,N/A
1778425200,May 10 2026 - 3:00pm,incomplete,N/A,Albacete Balompié,Cultural y Deportiva Leonesa,N/A,39,0.00,0.00,0.00,0.00,0,0,0,0,0,0,"","",-1,-1,-1,-1,-1,-1,-1,-1,-1,-1,-1,-1,-1,-1,-1,-1,-1,-1,-1,-1,0.00,0.74,0.00,0.00,3.00,50,50,50,50,50,50,50,50,50,3.00,3.00,0.00,0.00,0.00,0.00,0.00,0.00,0.00,0.00,0.00,N/A
1778425200,May 10 2026 - 3:00pm,incomplete,N/A,Real Valladolid,Real Zaragoza,N/A,39,3.00,0.00,3.00,0.00,0,0,0,0,0,0,"","",-1,-1,-1,-1,-1,-1,-1,-1,-1,-1,-1,-1,-1,-1,-1,-1,-1,-1,-1,-1,2.09,2.07,0.00,0.00,2.00,0,50,50,0,0,50,100,0,50,15.00,5.00,0.00,0.00,0.00,0.00,0.00,0.00,0.00,0.00,0.00,N/A
1778425200,May 10 2026 - 3:00pm,incomplete,N/A,Málaga CF,Sporting Gijón,N/A,39,1.00,0.00,1.00,0.00,0,0,0,0,0,0,"","",-1,-1,-1,-1,-1,-1,-1,-1,-1,-1,-1,-1,-1,-1,-1,-1,-1,-1,-1,-1,1.22,0.00,0.00,0.00,1.00,50,50,0,0,0,0,0,50,50,8.00,2.00,0.00,0.00,0.00,0.00,0.00,0.00,0.00,0.00,0.00,N/A
1778425200,May 10 2026 - 3:00pm,incomplete,N/A,Cádiz,Deportivo La Coruña,N/A,39,3.00,3.00,3.00,3.00,0,0,0,0,0,0,"","",-1,-1,-1,-1,-1,-1,-1,-1,-1,-1,-1,-1,-1,-1,-1,-1,-1,-1,-1,-1,2.37,1.63,0.00,0.00,2.50,50,50,50,50,0,0,100,50,50,8.00,5.00,0.00,0.00,0.00,0.00,0.00,0.00,0.00,0.00,0.00,N/A
1778425200,May 10 2026 - 3:00pm,incomplete,812,FC Andorra,UD Las Palmas,N/A,39,0.00,0.00,0.00,0.00,0,0,0,0,0,0,"","",-1,-1,-1,-1,-1,-1,-1,-1,-1,-1,-1,-1,-1,-1,-1,-1,-1,-1,-1,-1,0.00,0.00,0.00,0.00,0.00,0,0,0,0,0,0,0,0,0,0.00,0.00,0.00,0.00,0.00,0.00,0.00,0.00,0.00,0.00,0.00,N/A
1779030000,May 17 2026 - 3:00pm,incomplete,N/A,Granada CF,Burgos CF,N/A,40,0.00,0.00,0.00,0.00,0,0,0,0,0,0,"","",-1,-1,-1,-1,-1,-1,-1,-1,-1,-1,-1,-1,-1,-1,-1,-1,-1,-1,-1,-1,1.33,0.00,0.00,0.00,2.00,50,50,50,50,0,0,50,50,50,7.00,2.00,0.00,0.00,0.00,0.00,0.00,0.00,0.00,0.00,0.00,N/A
1779030000,May 17 2026 - 3:00pm,incomplete,N/A,Almería,UD Las Palmas,N/A,40,1.00,0.00,1.00,0.00,0,0,0,0,0,0,"","",-1,-1,-1,-1,-1,-1,-1,-1,-1,-1,-1,-1,-1,-1,-1,-1,-1,-1,-1,-1,3.16,0.00,0.00,0.00,4.00,50,50,50,50,50,50,50,50,50,17.00,3.00,0.00,0.00,0.00,0.00,0.00,0.00,0.00,0.00,0.00,N/A
1779030000,May 17 2026 - 3:00pm,incomplete,N/A,Real Sociedad II,Mirandés,N/A,40,3.00,0.00,3.00,0.00,0,0,0,0,0,0,"","",-1,-1,-1,-1,-1,-1,-1,-1,-1,-1,-1,-1,-1,-1,-1,-1,-1,-1,-1,-1,0.47,0.17,0.00,0.00,1.00,0,0,0,0,0,0,100,0,0,2.00,4.00,0.00,0.00,0.00,0.00,0.00,0.00,0.00,0.00,0.00,N/A
1779030000,May 17 2026 - 3:00pm,incomplete,N/A,Leganés,SD Huesca,N/A,40,0.00,0.00,0.00,0.00,0,0,0,0,0,0,"","",-1,-1,-1,-1,-1,-1,-1,-1,-1,-1,-1,-1,-1,-1,-1,-1,-1,-1,-1,-1,0.00,0.00,0.00,0.00,0.00,0,0,0,0,0,0,0,0,0,0.00,0.00,0.00,0.00,0.00,0.00,0.00,0.00,0.00,0.00,0.00,N/A
1779030000,May 17 2026 - 3:00pm,incomplete,N/A,Racing Santander,Real Valladolid,N/A,40,3.00,0.00,3.00,0.00,0,0,0,0,0,0,"","",-1,-1,-1,-1,-1,-1,-1,-1,-1,-1,-1,-1,-1,-1,-1,-1,-1,-1,-1,-1,1.17,0.00,0.00,0.00,2.00,50,50,50,50,0,50,50,0,50,3.00,3.00,0.00,0.00,0.00,0.00,0.00,0.00,0.00,0.00,0.00,N/A
1779030000,May 17 2026 - 3:00pm,incomplete,N/A,Ceuta,Málaga CF,N/A,40,0.00,0.00,0.00,0.00,0,0,0,0,0,0,"","",-1,-1,-1,-1,-1,-1,-1,-1,-1,-1,-1,-1,-1,-1,-1,-1,-1,-1,-1,-1,0.00,0.00,0.00,0.00,0.00,0,0,0,0,0,0,0,0,0,0.00,0.00,0.00,0.00,0.00,0.00,0.00,0.00,0.00,0.00,0.00,N/A
1779030000,May 17 2026 - 3:00pm,incomplete,N/A,Córdoba,Albacete Balompié,N/A,40,0.00,1.00,0.00,1.00,0,0,0,0,0,0,"","",-1,-1,-1,-1,-1,-1,-1,-1,-1,-1,-1,-1,-1,-1,-1,-1,-1,-1,-1,-1,0.00,1.67,0.00,0.00,4.00,50,50,50,50,50,50,50,50,50,5.00,2.00,0.00,0.00,0.00,0.00,0.00,0.00,0.00,0.00,0.00,N/A
1779030000,May 17 2026 - 3:00pm,incomplete,N/A,CD Castellón,Cádiz,N/A,40,0.00,0.00,0.00,0.00,0,0,0,0,0,0,"","",-1,-1,-1,-1,-1,-1,-1,-1,-1,-1,-1,-1,-1,-1,-1,-1,-1,-1,-1,-1,0.00,0.00,0.00,0.00,0.00,0,0,0,0,0,0,0,0,0,0.00,0.00,0.00,0.00,0.00,0.00,0.00,0.00,0.00,0.00,0.00,N/A
1779030000,May 17 2026 - 3:00pm,incomplete,N/A,Real Zaragoza,Sporting Gijón,N/A,40,0.00,0.00,0.00,0.00,0,0,0,0,0,0,"","",-1,-1,-1,-1,-1,-1,-1,-1,-1,-1,-1,-1,-1,-1,-1,-1,-1,-1,-1,-1,0.00,0.00,0.00,0.00,0.00,0,0,0,0,0,0,0,0,0,0.00,0.00,0.00,0.00,0.00,0.00,0.00,0.00,0.00,0.00,0.00,N/A
1779030000,May 17 2026 - 3:00pm,incomplete,N/A,Deportivo La Coruña,FC Andorra,N/A,40,0.00,1.00,0.00,1.00,0,0,0,0,0,0,"","",-1,-1,-1,-1,-1,-1,-1,-1,-1,-1,-1,-1,-1,-1,-1,-1,-1,-1,-1,-1,0.00,0.81,0.00,0.00,1.00,50,50,0,0,0,0,50,0,50,2.00,3.00,0.00,0.00,0.00,0.00,0.00,0.00,0.00,0.00,0.00,N/A
1779030000,May 17 2026 - 3:00pm,incomplete,N/A,Cultural y Deportiva Leonesa,SD Eibar,N/A,40,0.00,1.00,0.00,1.00,0,0,0,0,0,0,"","",-1,-1,-1,-1,-1,-1,-1,-1,-1,-1,-1,-1,-1,-1,-1,-1,-1,-1,-1,-1,0.00,0.81,0.00,0.00,1.00,50,50,0,0,0,0,0,50,50,3.00,2.00,0.00,0.00,0.00,0.00,0.00,0.00,0.00,0.00,0.00,N/A
1779634800,May 24 2026 - 3:00pm,incomplete,N/A,SD Huesca,CD Castellón,N/A,41,1.00,0.00,1.00,0.00,0,0,0,0,0,0,"","",-1,-1,-1,-1,-1,-1,-1,-1,-1,-1,-1,-1,-1,-1,-1,-1,-1,-1,-1,-1,1.37,2.11,0.00,0.00,3.00,100,100,50,50,0,50,50,50,100,17.00,4.00,0.00,0.00,0.00,0.00,0.00,0.00,0.00,0.00,0.00,N/A
1779634800,May 24 2026 - 3:00pm,incomplete,N/A,UD Las Palmas,Real Zaragoza,N/A,41,1.00,0.00,1.00,0.00,0,0,0,0,0,0,"","",-1,-1,-1,-1,-1,-1,-1,-1,-1,-1,-1,-1,-1,-1,-1,-1,-1,-1,-1,-1,1.03,2.07,0.00,0.00,1.50,50,50,0,0,0,0,100,0,50,10.00,3.00,0.00,0.00,0.00,0.00,0.00,0.00,0.00,0.00,0.00,N/A
1779634800,May 24 2026 - 3:00pm,incomplete,N/A,Sporting Gijón,Almería,N/A,41,3.00,0.00,3.00,0.00,0,0,0,0,0,0,"","",-1,-1,-1,-1,-1,-1,-1,-1,-1,-1,-1,-1,-1,-1,-1,-1,-1,-1,-1,-1,1.06,0.00,0.00,0.00,1.50,50,50,50,0,0,50,50,0,50,2.00,2.00,0.00,0.00,0.00,0.00,0.00,0.00,0.00,0.00,0.00,N/A
1779634800,May 24 2026 - 3:00pm,incomplete,N/A,Cádiz,Leganés,N/A,41,3.00,1.00,3.00,1.00,0,0,0,0,0,0,"","",-1,-1,-1,-1,-1,-1,-1,-1,-1,-1,-1,-1,-1,-1,-1,-1,-1,-1,-1,-1,2.37,0.89,0.00,0.00,1.50,50,50,0,0,0,0,50,50,50,10.00,5.00,0.00,0.00,0.00,0.00,0.00,0.00,0.00,0.00,0.00,N/A
1779634800,May 24 2026 - 3:00pm,incomplete,N/A,Málaga CF,Racing Santander,N/A,41,1.00,0.00,1.00,0.00,0,0,0,0,0,0,"","",-1,-1,-1,-1,-1,-1,-1,-1,-1,-1,-1,-1,-1,-1,-1,-1,-1,-1,-1,-1,1.22,0.00,0.00,0.00,1.00,50,50,0,0,0,0,0,50,50,8.00,2.00,0.00,0.00,0.00,0.00,0.00,0.00,0.00,0.00,0.00,N/A
1779634800,May 24 2026 - 3:00pm,incomplete,N/A,Mirandés,Granada CF,N/A,41,0.00,0.00,0.00,0.00,0,0,0,0,0,0,"","",-1,-1,-1,-1,-1,-1,-1,-1,-1,-1,-1,-1,-1,-1,-1,-1,-1,-1,-1,-1,0.00,0.00,0.00,0.00,0.00,0,0,0,0,0,0,0,0,0,0.00,0.00,0.00,0.00,0.00,0.00,0.00,0.00,0.00,0.00,0.00,N/A
1779634800,May 24 2026 - 3:00pm,incomplete,N/A,Real Valladolid,Deportivo La Coruña,N/A,41,3.00,3.00,3.00,3.00,0,0,0,0,0,0,"","",-1,-1,-1,-1,-1,-1,-1,-1,-1,-1,-1,-1,-1,-1,-1,-1,-1,-1,-1,-1,2.09,1.63,0.00,0.00,3.50,50,100,100,50,0,50,100,50,100,7.00,5.00,0.00,0.00,0.00,0.00,0.00,0.00,0.00,0.00,0.00,N/A
1779634800,May 24 2026 - 3:00pm,incomplete,N/A,Cultural y Deportiva Leonesa,Burgos CF,N/A,41,0.00,0.00,0.00,0.00,0,0,0,0,0,0,"","",-1,-1,-1,-1,-1,-1,-1,-1,-1,-1,-1,-1,-1,-1,-1,-1,-1,-1,-1,-1,0.00,0.00,0.00,0.00,0.00,0,0,0,0,0,0,0,0,0,0.00,0.00,0.00,0.00,0.00,0.00,0.00,0.00,0.00,0.00,0.00,N/A
1779634800,May 24 2026 - 3:00pm,incomplete,812,FC Andorra,Ceuta,N/A,41,0.00,0.00,0.00,0.00,0,0,0,0,0,0,"","",-1,-1,-1,-1,-1,-1,-1,-1,-1,-1,-1,-1,-1,-1,-1,-1,-1,-1,-1,-1,0.00,0.64,0.00,0.00,1.50,0,50,50,0,0,50,50,0,50,4.00,2.00,0.00,0.00,0.00,0.00,0.00,0.00,0.00,0.00,0.00,N/A
1779634800,May 24 2026 - 3:00pm,incomplete,N/A,SD Eibar,Córdoba,N/A,41,0.00,0.00,0.00,0.00,0,0,0,0,0,0,"","",-1,-1,-1,-1,-1,-1,-1,-1,-1,-1,-1,-1,-1,-1,-1,-1,-1,-1,-1,-1,0.00,1.71,0.00,0.00,1.50,50,50,50,0,0,50,50,0,50,4.00,2.00,0.00,0.00,0.00,0.00,0.00,0.00,0.00,0.00,0.00,N/A
1779634800,May 24 2026 - 3:00pm,incomplete,N/A,Albacete Balompié,Real Sociedad II,N/A,41,0.00,0.00,0.00,0.00,0,0,0,0,0,0,"","",-1,-1,-1,-1,-1,-1,-1,-1,-1,-1,-1,-1,-1,-1,-1,-1,-1,-1,-1,-1,0.00,0.00,0.00,0.00,0.00,0,0,0,0,0,0,0,0,0,0.00,0.00,0.00,0.00,0.00,0.00,0.00,0.00,0.00,0.00,0.00,N/A
1780239600,May 31 2026 - 3:00pm,incomplete,N/A,Real Zaragoza,Málaga CF,N/A,42,0.00,0.00,0.00,0.00,0,0,0,0,0,0,"","",-1,-1,-1,-1,-1,-1,-1,-1,-1,-1,-1,-1,-1,-1,-1,-1,-1,-1,-1,-1,0.00,0.00,0.00,0.00,0.00,0,0,0,0,0,0,0,0,0,0.00,0.00,0.00,0.00,0.00,0.00,0.00,0.00,0.00,0.00,0.00,N/A
1780239600,May 31 2026 - 3:00pm,incomplete,N/A,Córdoba,SD Huesca,N/A,42,0.00,0.00,0.00,0.00,0,0,0,0,0,0,"","",-1,-1,-1,-1,-1,-1,-1,-1,-1,-1,-1,-1,-1,-1,-1,-1,-1,-1,-1,-1,0.00,0.00,0.00,0.00,0.00,0,0,0,0,0,0,0,0,0,0.00,0.00,0.00,0.00,0.00,0.00,0.00,0.00,0.00,0.00,0.00,N/A
1780239600,May 31 2026 - 3:00pm,incomplete,N/A,Burgos CF,FC Andorra,N/A,42,3.00,1.00,3.00,1.00,0,0,0,0,0,0,"","",-1,-1,-1,-1,-1,-1,-1,-1,-1,-1,-1,-1,-1,-1,-1,-1,-1,-1,-1,-1,1.91,0.81,0.00,0.00,4.00,100,100,50,50,50,50,100,50,100,5.00,4.00,0.00,0.00,0.00,0.00,0.00,0.00,0.00,0.00,0.00,N/A
1780239600,May 31 2026 - 3:00pm,incomplete,N/A,Racing Santander,Cádiz,N/A,42,3.00,0.00,3.00,0.00,0,0,0,0,0,0,"","",-1,-1,-1,-1,-1,-1,-1,-1,-1,-1,-1,-1,-1,-1,-1,-1,-1,-1,-1,-1,1.17,0.00,0.00,0.00,2.00,50,50,50,50,0,50,50,0,50,3.00,3.00,0.00,0.00,0.00,0.00,0.00,0.00,0.00,0.00,0.00,N/A
1780239600,May 31 2026 - 3:00pm,incomplete,N/A,Almería,Real Valladolid,N/A,42,1.00,0.00,1.00,0.00,0,0,0,0,0,0,"","",-1,-1,-1,-1,-1,-1,-1,-1,-1,-1,-1,-1,-1,-1,-1,-1,-1,-1,-1,-1,3.16,0.00,0.00,0.00,4.00,50,50,50,50,50,50,50,50,50,17.00,3.00,0.00,0.00,0.00,0.00,0.00,0.00,0.00,0.00,0.00,N/A
1780239600,May 31 2026 - 3:00pm,incomplete,N/A,CD Castellón,SD Eibar,N/A,42,0.00,1.00,0.00,1.00,0,0,0,0,0,0,"","",-1,-1,-1,-1,-1,-1,-1,-1,-1,-1,-1,-1,-1,-1,-1,-1,-1,-1,-1,-1,0.00,0.81,0.00,0.00,1.00,50,50,0,0,0,0,0,50,50,3.00,2.00,0.00,0.00,0.00,0.00,0.00,0.00,0.00,0.00,0.00,N/A
1780239600,May 31 2026 - 3:00pm,incomplete,N/A,Granada CF,Sporting Gijón,N/A,42,0.00,0.00,0.00,0.00,0,0,0,0,0,0,"","",-1,-1,-1,-1,-1,-1,-1,-1,-1,-1,-1,-1,-1,-1,-1,-1,-1,-1,-1,-1,1.33,0.00,0.00,0.00,2.00,50,50,50,50,0,0,50,50,50,7.00,2.00,0.00,0.00,0.00,0.00,0.00,0.00,0.00,0.00,0.00,N/A
1780239600,May 31 2026 - 3:00pm,incomplete,N/A,Ceuta,Albacete Balompié,N/A,42,0.00,1.00,0.00,1.00,0,0,0,0,0,0,"","",-1,-1,-1,-1,-1,-1,-1,-1,-1,-1,-1,-1,-1,-1,-1,-1,-1,-1,-1,-1,0.00,1.67,0.00,0.00,4.00,50,50,50,50,50,50,50,50,50,5.00,2.00,0.00,0.00,0.00,0.00,0.00,0.00,0.00,0.00,0.00,N/A
1780239600,May 31 2026 - 3:00pm,incomplete,N/A,Deportivo La Coruña,UD Las Palmas,N/A,42,0.00,0.00,0.00,0.00,0,0,0,0,0,0,"","",-1,-1,-1,-1,-1,-1,-1,-1,-1,-1,-1,-1,-1,-1,-1,-1,-1,-1,-1,-1,0.00,0.00,0.00,0.00,0.00,0,0,0,0,0,0,0,0,0,0.00,0.00,0.00,0.00,0.00,0.00,0.00,0.00,0.00,0.00,0.00,N/A
1780239600,May 31 2026 - 3:00pm,incomplete,N/A,Real Sociedad II,Cultural y Deportiva Leonesa,N/A,42,3.00,0.00,3.00,0.00,0,0,0,0,0,0,"","",-1,-1,-1,-1,-1,-1,-1,-1,-1,-1,-1,-1,-1,-1,-1,-1,-1,-1,-1,-1,0.47,0.74,0.00,0.00,3.50,50,50,50,50,50,50,100,50,50,5.00,7.00,0.00,0.00,0.00,0.00,0.00,0.00,0.00,0.00,0.00,N/A
1780239600,May 31 2026 - 3:00pm,incomplete,N/A,Leganés,Mirandés,N/A,42,0.00,0.00,0.00,0.00,0,0,0,0,0,0,"","",-1,-1,-1,-1,-1,-1,-1,-1,-1,-1,-1,-1,-1,-1,-1,-1,-1,-1,-1,-1,0.00,0.17,0.00,0.00,0.50,0,0,0,0,0,0,50,0,0,0.00,0.00,0.00,0.00,0.00,0.00,0.00,0.00,0.00,0.00,0.00,N/A
