timestamp,date_GMT,status,attendance,home_team_name,away_team_name,referee,Game Week,Pre-Match PPG (Home),Pre-Match PPG (Away),home_ppg,away_ppg,home_team_goal_count,away_team_goal_count,total_goal_count,total_goals_at_half_time,home_team_goal_count_half_time,away_team_goal_count_half_time,home_team_goal_timings,away_team_goal_timings,home_team_corner_count,away_team_corner_count,home_team_yellow_cards,home_team_red_cards,away_team_yellow_cards,away_team_red_cards,home_team_first_half_cards,home_team_second_half_cards,away_team_first_half_cards,away_team_second_half_cards,home_team_shots,away_team_shots,home_team_shots_on_target,away_team_shots_on_target,home_team_shots_off_target,away_team_shots_off_target,home_team_fouls,away_team_fouls,home_team_possession,away_team_possession,Home Team Pre-Match xG,Away Team Pre-Match xG,team_a_xg,team_b_xg,average_goals_per_match_pre_match,btts_percentage_pre_match,over_15_percentage_pre_match,over_25_percentage_pre_match,over_35_percentage_pre_match,over_45_percentage_pre_match,over_15_HT_FHG_percentage_pre_match,over_05_HT_FHG_percentage_pre_match,over_15_2HG_percentage_pre_match,over_05_2HG_percentage_pre_match,average_corners_per_match_pre_match,average_cards_per_match_pre_match,odds_ft_home_team_win,odds_ft_draw,odds_ft_away_team_win,odds_ft_over15,odds_ft_over25,odds_ft_over35,odds_ft_over45,odds_btts_yes,odds_btts_no,stadium_name
1408813200,Aug 23 2014 - 5:00pm,complete,N/A,CA Osasuna,Barcelona II,Dámaso Arcediano Monescillo,1,0.00,0.00,1.52,0.76,2,0,2,1,1,0,"17,81","",6,5,2,0,2,0,1,1,0,2,13,8,5,3,8,5,13,12,52,48,0.00,0.00,0.00,0.00,0.00,0,0,0,0,0,0,0,0,0,0.00,0.00,2.02,3.35,4.24,0.00,0.00,0.00,0.00,0.00,0.00,Estadio El Sadar (Pamplona (Iruñea))
1408813200,Aug 23 2014 - 5:00pm,complete,N/A,Recreativo de Huelva,Real Zaragoza,José María Sánchez Martínez,1,0.00,0.00,1.33,1.17,0,0,0,0,0,0,"","",3,4,1,0,3,0,0,1,1,2,11,7,5,2,6,5,14,22,61,39,0.00,0.00,0.00,0.00,0.00,0,0,0,0,0,0,0,0,0,0.00,0.00,2.05,3.23,4.30,0.00,0.00,0.00,0.00,0.00,0.00,Estadio Nuevo Colombino (Huelva)
1408813200,Aug 23 2014 - 5:00pm,complete,N/A,Real Valladolid,RCD Mallorca,Francisco Manuel Arias López,1,0.00,0.00,1.91,0.81,2,1,3,1,1,0,"24,52","64",5,5,3,0,2,0,2,1,0,2,9,8,3,6,6,2,11,8,47,53,0.00,0.00,0.00,0.00,0.00,0,0,0,0,0,0,0,0,0,0.00,0.00,2.05,3.23,4.30,0.00,0.00,0.00,0.00,0.00,0.00,Estadio Municipal José Zorrilla (Valladolid)
1408820400,Aug 23 2014 - 7:00pm,complete,12232,UD Las Palmas,Llagostera-Costa Brava,N/A,1,0.00,0.00,2.30,1.33,2,0,2,1,1,0,"29,60","",6,2,3,0,1,0,1,2,1,0,7,7,5,3,2,4,9,7,63,37,0.00,0.00,0.00,0.00,0.00,0,0,0,0,0,0,0,0,0,0.00,0.00,1.74,3.51,5.94,0.00,0.00,0.00,0.00,0.00,0.00,Estadio de Gran Canaria
1408820400,Aug 23 2014 - 7:00pm,complete,2987,CD Numancia,Sporting Gijón,N/A,1,0.00,0.00,1.38,1.62,1,2,3,0,0,0,"54","83,88",4,5,4,1,3,0,2,3,1,2,9,11,3,4,6,7,22,20,43,57,0.00,0.00,0.00,0.00,0.00,0,0,0,0,0,0,0,0,0,0.00,0.00,2.54,3.16,3.11,0.00,0.00,0.00,0.00,0.00,0.00,Nuevo Estadio Los Pajaritos
1408899600,Aug 24 2014 - 5:00pm,complete,5000,Leganés,Deportivo Alavés,N/A,1,0.00,0.00,1.81,0.86,1,1,2,1,1,0,"8","69",6,2,4,0,4,1,0,4,1,4,16,6,7,5,9,1,17,16,59,41,0.00,0.00,0.00,0.00,0.00,0,0,0,0,0,0,0,0,0,0.00,0.00,2.40,3.14,3.39,0.00,0.00,0.00,0.00,0.00,0.00,Estadio Municipal de Butarque
1408899600,Aug 24 2014 - 5:00pm,complete,3120,Mirandés,CD Lugo,N/A,1,0.00,0.00,1.71,0.62,0,0,0,0,0,0,"","",-1,-1,1,0,1,0,0,1,0,1,-1,-1,-1,-1,-1,-1,-1,-1,-1,-1,0.00,0.00,0.00,0.00,0.00,0,0,0,0,0,0,0,0,0,0.00,0.00,2.76,3.06,2.94,0.00,0.00,0.00,0.00,0.00,0.00,Estadio Municipal de Anduva
1408899600,Aug 24 2014 - 5:00pm,complete,8074,CE Sabadell FC,Real Betis,N/A,1,0.00,0.00,1.33,1.86,2,3,5,2,0,2,"87,89","21,33,77",6,1,2,0,2,0,1,1,0,2,6,10,3,5,3,5,14,14,53,47,0.00,0.00,0.00,0.00,0.00,0,0,0,0,0,0,0,0,0,0.00,0.00,2.77,3.23,2.77,0.00,0.00,0.00,0.00,0.00,0.00,Estadi de la Nova Creu Alta
1408906800,Aug 24 2014 - 7:00pm,complete,3080,Girona FC,Racing Santander,N/A,1,0.00,0.00,1.82,1.05,1,0,1,1,1,0,"15","",6,4,0,0,4,0,0,0,1,3,8,9,6,2,2,7,16,20,54,46,0.00,0.00,0.00,0.00,0.00,0,0,0,0,0,0,0,0,0,0.00,0.00,2.10,3.20,4.12,0.00,0.00,0.00,0.00,0.00,0.00,Estadi Municipal de Montilivi
1408906800,Aug 24 2014 - 7:00pm,complete,7500,Albacete Balompié,AD Alcorcón,N/A,1,0.00,0.00,1.52,1.14,2,3,5,2,1,1,"40,78","26,55,82",5,4,1,0,3,0,1,0,2,1,8,6,5,0,3,6,10,10,56,44,0.00,0.00,0.00,0.00,0.00,0,0,0,0,0,0,0,0,0,0.00,0.00,2.76,3.10,2.89,0.00,0.00,0.00,0.00,0.00,0.00,Estadio Carlos Belmonte
1408906800,Aug 24 2014 - 7:00pm,complete,4500,SD Ponferradina,CD Tenerife,N/A,1,0.00,0.00,1.90,0.57,1,0,1,1,1,0,"17","",-1,-1,4,0,3,0,1,3,1,2,-1,-1,-1,-1,-1,-1,-1,-1,-1,-1,0.00,0.00,0.00,0.00,0.00,0,0,0,0,0,0,0,0,0,0.00,0.00,2.11,3.22,4.08,0.00,0.00,0.00,0.00,0.00,0.00,Estadio El Toralín
1409418000,Aug 30 2014 - 5:00pm,complete,3884,Barcelona II,CE Sabadell FC,N/A,2,0.00,0.00,0.95,0.48,3,1,4,2,1,1,"34,77,90","9",7,3,2,0,2,1,0,2,3,0,13,7,8,3,5,4,9,7,69,31,0.00,0.00,0.00,0.00,0.00,0,0,0,0,0,0,0,0,0,0.00,0.00,1.93,3.63,4.24,0.00,0.00,0.00,0.00,0.00,0.00,Mini Estadi
1409418000,Aug 30 2014 - 5:00pm,complete,22000,Real Zaragoza,CA Osasuna,N/A,2,0.00,0.00,1.74,0.62,1,1,2,1,1,0,"40","90'4",2,5,4,0,3,0,1,3,0,3,6,12,4,3,2,9,17,13,38,62,0.00,0.00,0.00,0.00,0.00,0,0,0,0,0,0,0,0,0,0.00,0.00,2.53,3.18,3.12,0.00,0.00,0.00,0.00,0.00,0.00,Estadio de la Romareda
1409418000,Aug 30 2014 - 5:00pm,complete,3150,CD Lugo,Real Valladolid,N/A,2,0.00,0.00,1.71,1.45,1,0,1,0,0,0,"83","",7,7,3,0,1,0,0,3,0,1,11,10,6,3,5,7,14,15,50,50,0.00,0.00,0.00,0.00,0.00,0,0,0,0,0,0,0,0,0,0.00,0.00,2.46,3.18,3.23,0.00,0.00,0.00,0.00,0.00,0.00,Estadio Anxo Carro
1409425200,Aug 30 2014 - 7:00pm,complete,2000,AD Alcorcón,Girona FC,N/A,2,0.00,0.00,1.43,2.05,1,2,3,0,0,0,"47","52,59",8,2,3,0,5,1,1,2,1,5,5,6,0,3,5,3,14,18,59,41,0.00,0.00,0.00,0.00,0.00,0,0,0,0,0,0,0,0,0,0.00,0.00,1.92,3.39,4.67,0.00,0.00,0.00,0.00,0.00,0.00,Estadio Santo Domingo
1409432400,Aug 30 2014 - 9:00pm,complete,8000,Racing Santander,Mirandés,N/A,2,0.00,0.00,1.05,1.10,1,2,3,1,0,1,"61","19,48",7,5,3,0,3,0,1,2,0,3,17,6,11,0,6,6,16,16,45,55,0.00,0.00,0.00,0.00,0.00,0,0,0,0,0,0,0,0,0,0.00,0.00,2.11,3.26,4.00,0.00,0.00,0.00,0.00,0.00,0.00,Campos de Sport de El Sardinero
1409432400,Aug 30 2014 - 9:00pm,complete,7785,CD Tenerife,Albacete Balompié,N/A,2,0.00,0.00,1.71,0.90,1,1,2,1,0,1,"59","33",4,4,1,0,4,0,0,1,2,2,11,5,5,2,6,3,12,21,51,49,0.00,0.00,0.00,0.00,0.00,0,0,0,0,0,0,0,0,0,0.00,0.00,2.06,3.31,4.11,0.00,0.00,0.00,0.00,0.00,0.00,Estadio Heliodoro Rodríguez Lopéz
1409504400,Aug 31 2014 - 5:00pm,complete,N/A,Llagostera-Costa Brava,Leganés,N/A,2,0.00,0.00,1.38,0.86,2,0,2,1,1,0,"44,69","",3,5,4,0,1,0,0,4,1,0,7,15,5,9,2,6,17,14,44,56,0.00,0.00,0.00,0.00,0.00,0,0,0,0,0,0,0,0,0,0.00,0.00,2.56,3.15,3.10,0.00,0.00,0.00,0.00,0.00,0.00,Estadio Nou Municipal de Palamós (Palamós)
1409504400,Aug 31 2014 - 5:00pm,complete,15637,Sporting Gijón,SD Ponferradina,N/A,2,0.00,0.00,2.29,0.95,2,1,3,0,0,0,"58,61","72",5,2,0,0,3,0,0,0,0,3,11,7,4,3,7,4,22,17,47,53,0.00,0.00,0.00,0.00,0.00,0,0,0,0,0,0,0,0,0,0.00,0.00,1.83,3.62,4.79,0.00,0.00,0.00,0.00,0.00,0.00,Estadio Municipal El Molinón
1409504400,Aug 31 2014 - 5:00pm,complete,30000,Real Betis,CD Numancia,N/A,2,0.00,0.00,2.14,1.14,2,1,3,2,1,1,"5,76","22",10,2,4,0,4,0,0,4,1,3,13,5,8,3,5,2,17,19,62,38,0.00,0.00,0.00,0.00,0.00,0,0,0,0,0,0,0,0,0,0.00,0.00,1.66,3.98,5.63,0.00,0.00,0.00,0.00,0.00,0.00,Estadio Benito Villamarín
1409511600,Aug 31 2014 - 7:00pm,complete,8739,Deportivo Alavés,Recreativo de Huelva,N/A,2,0.00,0.00,1.67,0.62,0,0,0,0,0,0,"","",8,2,2,0,3,0,1,1,1,2,12,8,5,4,7,4,16,14,60,40,0.00,0.00,0.00,0.00,0.00,0,0,0,0,0,0,0,0,0,0.00,0.00,2.49,3.18,3.18,0.00,0.00,0.00,0.00,0.00,0.00,Estadio de Mendizorroza
1409511600,Aug 31 2014 - 7:00pm,complete,8000,RCD Mallorca,UD Las Palmas,N/A,2,0.00,0.00,1.48,1.30,1,1,2,2,1,1,"45","11",4,5,2,0,1,0,2,0,0,1,5,6,2,4,3,2,14,8,56,44,0.00,0.00,0.00,0.00,0.00,0,0,0,0,0,0,0,0,0,0.00,0.00,2.22,3.26,3.66,0.00,0.00,0.00,0.00,0.00,0.00,Iberostar Estadi
1410012000,Sep 06 2014 - 2:00pm,complete,4049,Recreativo de Huelva,Llagostera-Costa Brava,N/A,3,1.00,0.00,1.33,1.33,2,0,2,1,1,0,"44,68","",4,1,2,0,2,0,1,1,2,0,19,4,9,0,10,4,10,9,56,44,0.00,0.00,0.00,0.00,1.00,0,50,0,0,0,0,50,0,50,5.00,2.00,1.88,3.44,4.84,0.00,0.00,0.00,0.00,0.00,0.00,Estadio Nuevo Colombino
1410019200,Sep 06 2014 - 4:00pm,complete,7846,Albacete Balompié,Sporting Gijón,N/A,3,0.00,3.00,1.52,1.62,1,1,2,1,1,0,"43","89",8,3,0,0,2,0,0,0,0,2,7,9,4,6,3,3,9,13,57,43,0.00,0.00,0.00,0.00,4.00,100,100,100,50,50,50,50,100,100,10.00,4.00,2.79,3.19,2.79,0.00,0.00,0.00,0.00,0.00,0.00,Estadio Carlos Belmonte
1410020100,Sep 06 2014 - 4:15pm,complete,15650,CA Osasuna,Deportivo Alavés,N/A,3,3.00,1.00,1.52,0.86,1,3,4,1,0,1,"68","13,50,52",4,6,3,0,4,0,1,2,1,3,13,6,3,3,10,3,14,16,59,41,0.00,0.00,0.00,0.00,2.00,50,100,0,0,0,0,100,0,100,8.00,7.00,1.83,3.50,5.03,0.00,0.00,0.00,0.00,0.00,0.00,Estadio El Sadar
1410022800,Sep 06 2014 - 5:00pm,complete,3348,CE Sabadell FC,CD Numancia,N/A,3,0.00,0.00,1.33,1.14,0,3,3,2,0,2,"","16,37,58",5,4,1,0,5,0,0,1,2,3,9,6,5,5,4,1,17,20,59,41,0.00,0.00,0.00,0.00,4.00,100,100,100,50,50,100,100,50,100,8.00,6.00,2.20,3.30,3.68,0.00,0.00,0.00,0.00,0.00,0.00,Estadi de la Nova Creu Alta
1410030000,Sep 06 2014 - 7:00pm,complete,2934,Girona FC,CD Tenerife,N/A,3,3.00,0.00,1.82,0.57,2,0,2,1,1,0,"26,65","",3,5,3,0,4,1,3,0,3,2,14,11,9,5,5,6,22,13,58,42,0.00,0.00,0.00,0.00,1.00,0,0,0,0,0,0,100,0,0,6.00,3.00,2.23,3.20,3.72,0.00,0.00,0.00,0.00,0.00,0.00,Estadi Municipal de Montilivi
1410084000,Sep 07 2014 - 10:00am,complete,6000,SD Ponferradina,Real Betis,N/A,3,3.00,3.00,1.90,1.86,4,1,5,1,0,1,"48,56,59,76","28",9,4,2,0,6,0,0,2,1,5,7,6,0,3,7,3,16,15,48,52,0.00,0.00,0.00,0.00,3.00,50,50,50,50,50,50,100,50,50,1.00,6.00,3.38,3.25,2.34,0.00,0.00,0.00,0.00,0.00,0.00,Estadio El Toralín
1410102000,Sep 07 2014 - 3:00pm,complete,3073,Mirandés,AD Alcorcón,N/A,3,1.00,3.00,1.71,1.14,1,2,3,2,0,2,"68","24,42",-1,-1,4,0,5,0,1,3,3,2,-1,-1,-1,-1,-1,-1,-1,-1,-1,-1,0.00,0.00,0.00,0.00,2.50,50,50,50,50,50,50,50,50,50,4.00,4.00,2.76,3.11,2.88,0.00,0.00,0.00,0.00,0.00,0.00,Estadio Municipal de Anduva
1410106500,Sep 07 2014 - 4:15pm,complete,8546,Real Valladolid,Racing Santander,N/A,3,3.00,0.00,1.91,1.05,3,1,4,1,1,0,"37,47,68","80",2,8,2,1,1,0,2,1,1,0,4,14,4,2,0,12,13,14,55,45,0.00,0.00,0.00,0.00,2.00,50,50,50,0,0,0,100,50,50,9.00,7.00,1.80,3.55,5.21,0.00,0.00,0.00,0.00,0.00,0.00,Estadio Municipal José Zorrilla
1410109200,Sep 07 2014 - 5:00pm,complete,4552,Barcelona II,Real Zaragoza,N/A,3,3.00,1.00,0.95,1.17,4,1,5,2,1,1,"36,47,62,69","44",3,3,1,0,2,0,0,1,2,0,13,13,9,5,4,8,11,10,61,39,0.00,0.00,0.00,0.00,2.00,50,50,50,50,0,50,50,50,50,11.00,5.00,2.24,3.41,3.43,0.00,0.00,0.00,0.00,0.00,0.00,Mini Estadi
1410116400,Sep 07 2014 - 7:00pm,complete,3500,Leganés,RCD Mallorca,N/A,3,1.00,0.00,1.81,0.81,3,1,4,1,0,1,"62,65,76","24",12,4,1,0,2,0,0,1,1,1,4,6,3,4,1,2,18,11,43,57,0.00,0.00,0.00,0.00,2.50,100,100,50,0,0,0,100,50,100,11.00,6.00,2.27,3.19,3.63,0.00,0.00,0.00,0.00,0.00,0.00,Estadio Municipal de Butarque
1410116400,Sep 07 2014 - 7:00pm,complete,13240,UD Las Palmas,CD Lugo,N/A,3,3.00,1.00,2.30,0.62,3,0,3,0,0,0,"47,67,79","",4,3,2,0,2,0,2,0,1,1,4,7,3,5,1,2,16,13,52,48,0.00,0.00,0.00,0.00,1.00,0,50,0,0,0,0,50,0,50,6.00,4.00,1.92,3.42,4.64,0.00,0.00,0.00,0.00,0.00,0.00,Estadio de Gran Canaria
1410616800,Sep 13 2014 - 2:00pm,complete,2311,CD Numancia,SD Ponferradina,N/A,4,0.00,0.00,1.38,0.95,1,3,4,2,1,1,"40","15,51,89",4,6,2,0,0,0,0,2,0,0,12,8,6,3,6,5,19,14,51,49,0.00,0.00,0.00,0.00,3.00,100,100,100,0,0,0,0,100,100,6.00,8.00,2.37,3.15,3.43,0.00,0.00,0.00,0.00,0.00,0.00,Nuevo Estadio Los Pajaritos
1410624900,Sep 13 2014 - 4:15pm,complete,6000,RCD Mallorca,Recreativo de Huelva,N/A,4,1.00,1.00,1.48,0.62,1,2,3,1,0,1,"58","13,85",10,1,2,1,3,0,0,3,2,1,13,9,5,4,8,5,16,14,51,49,0.00,0.00,0.00,0.00,1.00,50,50,0,0,0,50,50,0,0,6.00,5.00,2.23,3.14,3.80,0.00,0.00,0.00,0.00,0.00,0.00,Iberostar Estadi
1410625800,Sep 13 2014 - 4:30pm,complete,9941,Deportivo Alavés,Barcelona II,N/A,4,1.00,0.00,1.67,0.76,2,3,5,3,0,3,"72,77","13,32,38",7,2,3,0,2,0,0,3,0,2,16,5,9,3,7,2,20,11,50,50,0.00,0.00,0.00,0.00,1.00,0,50,0,0,0,0,50,0,50,13.00,4.00,2.28,3.35,3.41,0.00,0.00,0.00,0.00,0.00,0.00,Estadio de Mendizorroza
1410631200,Sep 13 2014 - 6:00pm,complete,8000,Racing Santander,UD Las Palmas,N/A,4,0.00,1.00,1.05,1.30,1,2,3,1,1,0,"30","79,86",1,3,4,1,2,0,4,1,2,0,4,9,2,6,2,3,26,19,37,63,0.00,0.00,0.00,0.00,2.50,100,100,50,0,0,50,100,50,50,12.00,4.00,2.85,3.11,2.79,0.00,0.00,0.00,0.00,0.00,0.00,Campos de Sport de El Sardinero
1410633000,Sep 13 2014 - 6:30pm,complete,2838,Llagostera-Costa Brava,CA Osasuna,N/A,4,3.00,1.00,1.38,0.62,0,0,0,0,0,0,"","",-1,-1,2,0,2,0,1,1,1,1,-1,-1,-1,-1,-1,-1,-1,-1,-1,-1,0.00,0.00,0.00,0.00,2.00,50,100,0,0,0,0,100,0,100,8.00,7.00,2.90,3.07,2.78,0.00,0.00,0.00,0.00,0.00,0.00,Estadio Nou Municipal de Palamós (Palamós)
1410688800,Sep 14 2014 - 10:00am,complete,14112,Sporting Gijón,Girona FC,N/A,4,3.00,3.00,2.29,2.05,1,1,2,1,1,0,"44","89",5,5,4,0,2,0,1,3,2,0,6,5,3,3,3,2,17,17,44,56,0.00,0.00,0.00,0.00,3.00,100,100,100,0,0,0,0,100,100,7.00,6.00,2.07,3.28,4.12,0.00,0.00,0.00,0.00,0.00,0.00,Estadio Municipal El Molinón
1410706800,Sep 14 2014 - 3:00pm,complete,20000,Real Zaragoza,CE Sabadell FC,N/A,4,1.00,0.00,1.74,0.48,1,1,2,1,1,0,"41","87",-1,-1,2,0,2,1,0,2,2,1,-1,-1,-1,-1,-1,-1,-1,-1,-1,-1,0.00,0.00,0.00,0.00,3.00,100,100,50,50,0,50,100,50,100,5.00,8.00,1.96,3.28,4.64,0.00,0.00,0.00,0.00,0.00,0.00,Estadio de la Romareda
1410706800,Sep 14 2014 - 3:00pm,complete,2945,CD Lugo,Leganés,N/A,4,3.00,0.00,1.71,0.86,0,0,0,0,0,0,"","",-1,-1,3,0,4,1,2,1,2,3,-1,-1,-1,-1,-1,-1,-1,-1,-1,-1,0.00,0.00,0.00,0.00,1.50,0,50,0,0,0,0,50,0,100,12.00,4.00,2.56,3.07,3.18,0.00,0.00,0.00,0.00,0.00,0.00,Estadio Anxo Carro
1410711300,Sep 14 2014 - 4:15pm,complete,30049,Real Betis,Albacete Balompié,N/A,4,3.00,1.00,2.14,0.90,0,1,1,0,0,0,"","66",7,3,4,0,3,0,1,3,2,1,10,8,3,4,7,4,21,12,51,49,0.00,0.00,0.00,0.00,2.50,100,100,50,0,0,50,100,0,100,14.00,8.00,1.52,4.18,7.60,0.00,0.00,0.00,0.00,0.00,0.00,Estadio Benito Villamarín
1410721200,Sep 14 2014 - 7:00pm,complete,2000,AD Alcorcón,Real Valladolid,N/A,4,0.00,0.00,1.43,1.45,0,1,1,1,0,1,"","37",-1,-1,4,0,5,0,0,4,2,3,-1,-1,-1,-1,-1,-1,-1,-1,-1,-1,0.00,0.00,0.00,0.00,2.00,50,50,50,0,0,0,0,50,100,15.00,4.00,2.24,3.19,3.69,0.00,0.00,0.00,0.00,0.00,0.00,Estadio Santo Domingo
1410721200,Sep 14 2014 - 7:00pm,complete,8175,CD Tenerife,Mirandés,N/A,4,1.00,3.00,1.71,1.10,1,0,1,1,1,0,"7","",4,4,1,0,4,0,0,1,1,3,3,5,2,2,1,3,19,18,48,52,0.00,0.00,0.00,0.00,2.50,100,100,50,0,0,0,100,50,100,9.00,4.00,1.88,3.35,5.02,0.00,0.00,0.00,0.00,0.00,0.00,Estadio Heliodoro Rodríguez Lopéz
1411221600,Sep 20 2014 - 2:00pm,complete,5000,Recreativo de Huelva,CD Lugo,N/A,5,2.00,0.50,1.33,0.62,0,0,0,0,0,0,"","",5,4,4,0,2,1,1,3,2,1,12,7,8,4,4,3,14,11,48,52,0.00,0.00,0.00,0.00,1.25,0,50,25,0,0,0,25,25,50,6.50,3.00,2.12,3.23,4.03,0.00,0.00,0.00,0.00,0.00,0.00,Estadio Nuevo Colombino
1411228800,Sep 20 2014 - 4:00pm,complete,3278,Barcelona II,Llagostera-Costa Brava,N/A,5,3.00,0.00,0.95,1.33,0,1,1,1,0,1,"","21",7,2,2,0,2,0,1,1,2,0,13,6,8,3,5,3,4,13,66,34,0.00,0.00,0.00,0.00,3.25,50,100,50,50,25,50,100,50,100,6.50,3.00,1.69,3.93,5.41,0.00,0.00,0.00,0.00,0.00,0.00,Mini Estadi
1411228800,Sep 20 2014 - 4:00pm,complete,4072,Mirandés,Sporting Gijón,N/A,5,0.50,2.00,1.71,1.62,0,2,2,1,0,1,"","41,60",2,3,1,0,2,0,0,1,1,1,10,16,6,9,4,7,17,12,46,54,0.00,0.00,0.00,0.00,2.00,75,75,50,0,0,25,50,25,75,4.00,5.00,3.22,3.15,2.49,0.00,0.00,0.00,0.00,0.00,0.00,Estadio Municipal de Anduva
1411229700,Sep 20 2014 - 4:15pm,complete,15000,Real Zaragoza,Deportivo Alavés,N/A,5,1.00,2.00,1.74,0.86,1,0,1,1,1,0,"30","",6,7,4,0,3,0,1,3,2,1,7,9,4,5,3,4,21,14,43,57,0.00,0.00,0.00,0.00,2.50,100,100,25,25,0,0,100,25,100,6.00,7.50,2.23,3.20,3.72,0.00,0.00,0.00,0.00,0.00,0.00,Estadio de la Romareda
1411236000,Sep 20 2014 - 6:00pm,complete,15802,UD Las Palmas,AD Alcorcón,N/A,5,3.00,3.00,2.30,1.14,4,1,5,1,1,0,"24,67,70,78","69",3,3,3,0,4,0,2,1,1,3,5,7,4,5,1,2,16,23,51,49,0.00,0.00,0.00,0.00,3.25,50,100,75,25,25,50,75,50,100,9.00,6.50,2.15,3.26,3.88,0.00,0.00,0.00,0.00,0.00,0.00,Estadio de Gran Canaria
1411236000,Sep 20 2014 - 6:00pm,complete,3489,CE Sabadell FC,SD Ponferradina,N/A,5,0.00,1.50,1.33,0.95,1,0,1,0,0,0,"47","",6,5,4,1,1,1,2,3,2,0,9,7,5,5,4,2,15,6,63,37,0.00,0.00,0.00,0.00,3.75,75,100,100,50,25,75,75,75,100,9.50,3.00,2.64,3.17,2.98,0.00,0.00,0.00,0.00,0.00,0.00,Estadi de la Nova Creu Alta
1411293600,Sep 21 2014 - 10:00am,complete,12920,CA Osasuna,RCD Mallorca,N/A,5,1.50,0.00,1.52,0.81,6,4,10,2,1,1,"39,57,60,75,79,85","21,53,54,87",4,4,4,0,4,0,2,2,3,1,11,6,6,4,5,2,7,15,60,40,0.00,0.00,0.00,0.00,3.25,75,100,75,50,0,0,100,75,100,9.50,4.50,2.07,3.27,4.15,0.00,0.00,0.00,0.00,0.00,0.00,Estadio El Sadar
1411311600,Sep 21 2014 - 3:00pm,complete,7284,Girona FC,Real Betis,N/A,5,3.00,1.50,1.82,1.86,1,3,4,3,1,2,"12","20,27,69",7,4,3,0,5,0,1,2,1,4,13,8,5,7,8,1,12,17,55,45,0.00,0.00,0.00,0.00,3.25,50,75,50,50,50,25,100,50,75,7.00,5.50,2.94,3.19,2.65,0.00,0.00,0.00,0.00,0.00,0.00,Estadi Municipal de Montilivi
1411316100,Sep 21 2014 - 4:15pm,complete,4354,Leganés,Racing Santander,N/A,5,2.00,0.00,1.81,1.05,2,2,4,2,0,2,"60,89","36,37",4,2,2,0,7,1,0,2,1,7,8,5,6,2,2,3,13,11,54,46,0.00,0.00,0.00,0.00,2.75,75,75,50,50,0,0,100,50,75,15.00,5.00,2.16,3.20,3.93,0.00,0.00,0.00,0.00,0.00,0.00,Estadio Municipal de Butarque
1411322400,Sep 21 2014 - 6:00pm,complete,10251,Real Valladolid,CD Tenerife,N/A,5,3.00,0.00,1.91,0.57,2,1,3,1,1,0,"3,66","89",1,10,4,0,3,0,3,1,2,1,6,8,0,3,6,5,18,14,49,51,0.00,0.00,0.00,0.00,2.50,50,75,50,25,0,0,100,50,75,8.50,8.00,1.92,3.32,4.81,0.00,0.00,0.00,0.00,0.00,0.00,Estadio Municipal José Zorrilla
1411326000,Sep 21 2014 - 7:00pm,complete,7520,Albacete Balompié,CD Numancia,N/A,5,0.50,1.50,1.52,1.14,0,1,1,1,0,1,"","8",9,3,2,0,3,1,1,1,2,2,14,9,6,4,8,5,10,15,61,39,0.00,0.00,0.00,0.00,3.25,75,100,75,25,25,75,100,25,100,9.50,5.00,2.45,3.13,3.31,0.00,0.00,0.00,0.00,0.00,0.00,Estadio Carlos Belmonte
1411826400,Sep 27 2014 - 2:00pm,complete,2813,Llagostera-Costa Brava,Real Zaragoza,N/A,6,2.00,0.50,1.38,1.17,0,1,1,1,0,1,"","31",2,9,1,0,4,0,0,1,2,2,11,12,4,9,7,3,13,15,53,47,0.00,0.00,0.00,0.00,1.75,25,50,25,25,25,25,50,25,50,6.50,5.50,2.90,3.11,2.75,0.00,0.00,0.00,0.00,0.00,0.00,Estadio Nou Municipal de Palamós (Palamós)
1411826400,Sep 27 2014 - 2:00pm,complete,3030,CD Lugo,CA Osasuna,N/A,6,2.00,1.00,1.71,0.62,4,3,7,4,2,2,"4,39,82,86","2,43,68",4,1,3,0,4,0,2,1,1,3,4,7,0,3,4,4,12,13,54,46,0.00,0.00,0.00,0.00,0.75,25,25,0,0,0,0,25,0,50,12.00,5.50,2.64,3.10,3.03,0.00,0.00,0.00,0.00,0.00,0.00,Estadio Anxo Carro
1411833600,Sep 27 2014 - 4:00pm,complete,5300,Deportivo Alavés,CE Sabadell FC,N/A,6,0.50,0.50,1.67,0.48,3,1,4,2,2,0,"7,39,57","83",2,3,2,0,4,0,2,0,0,4,9,6,0,3,9,3,14,22,53,47,0.00,0.00,0.00,0.00,2.75,75,75,50,50,25,50,75,50,75,10.50,6.00,2.06,3.29,4.15,0.00,0.00,0.00,0.00,0.00,0.00,Estadio de Mendizorroza
1411834500,Sep 27 2014 - 4:15pm,complete,5000,Racing Santander,Recreativo de Huelva,N/A,6,0.00,2.00,1.05,0.62,3,0,3,2,2,0,"1,31,74","",2,4,1,0,3,0,0,1,1,2,7,14,4,6,3,8,15,11,39,61,0.00,0.00,0.00,0.00,2.25,75,75,75,0,0,0,75,75,75,5.50,7.50,2.56,3.13,3.12,0.00,0.00,0.00,0.00,0.00,0.00,Campos de Sport de El Sardinero
1411898400,Sep 28 2014 - 10:00am,complete,17064,CD Tenerife,UD Las Palmas,N/A,6,2.00,2.00,1.71,1.30,2,1,3,2,1,1,"27,49","15",7,1,2,0,3,0,0,2,0,3,7,6,4,5,3,1,16,15,54,46,0.00,0.00,0.00,0.00,2.00,75,75,25,0,0,25,100,25,50,8.00,2.50,2.61,3.19,2.99,0.00,0.00,0.00,0.00,0.00,0.00,Estadio Heliodoro Rodríguez Lopéz
1411916400,Sep 28 2014 - 3:00pm,complete,6000,RCD Mallorca,Barcelona II,N/A,6,0.50,1.50,1.48,0.76,3,3,6,4,2,2,"4,43,73","32,34,49",7,6,5,0,2,1,2,3,0,3,18,13,8,6,10,7,20,9,39,61,0.00,0.00,0.00,0.00,3.00,75,100,50,25,25,50,100,50,75,10.50,5.00,2.27,3.43,3.35,0.00,0.00,0.00,0.00,0.00,0.00,Iberostar Estadi
1411916400,Sep 28 2014 - 3:00pm,complete,16506,Sporting Gijón,Real Valladolid,N/A,6,2.00,1.50,2.29,1.45,1,1,2,0,0,0,"85","59",9,3,2,0,4,0,0,2,1,3,10,9,5,5,5,4,18,19,49,51,0.00,0.00,0.00,0.00,1.75,50,50,25,0,0,0,50,25,75,12.00,5.00,0.00,0.00,0.00,0.00,0.00,0.00,0.00,0.00,0.00,Estadio Municipal El Molinón
1411916400,Sep 28 2014 - 3:00pm,complete,3000,CD Numancia,Girona FC,N/A,6,0.00,2.00,1.38,2.05,2,2,4,1,1,0,"21,88","49,89",-1,-1,5,0,2,0,2,3,1,1,-1,-1,-1,-1,-1,-1,-1,-1,-1,-1,0.00,0.00,0.00,0.00,3.00,100,100,75,25,0,25,50,75,100,7.50,7.50,2.30,3.20,3.53,0.00,0.00,0.00,0.00,0.00,0.00,Nuevo Estadio Los Pajaritos
1411920000,Sep 28 2014 - 4:00pm,complete,4200,AD Alcorcón,Leganés,N/A,6,0.00,0.50,1.43,0.86,1,0,1,0,0,0,"82","",8,3,3,0,1,0,0,3,0,1,6,5,3,4,3,1,22,12,50,50,0.00,0.00,0.00,0.00,1.50,25,50,25,0,0,0,50,25,50,13.00,6.50,2.08,3.23,4.17,0.00,0.00,0.00,0.00,0.00,0.00,Estadio Santo Domingo
1411920900,Sep 28 2014 - 4:15pm,complete,30203,Real Betis,Mirandés,N/A,6,1.50,1.50,2.14,1.10,2,0,2,1,1,0,"28,54","",5,9,2,0,2,0,1,1,1,1,12,15,6,8,6,7,10,5,55,45,0.00,0.00,0.00,0.00,2.00,50,50,50,0,0,25,75,25,75,13.00,7.50,1.39,4.68,9.99,0.00,0.00,0.00,0.00,0.00,0.00,Estadio Benito Villamarín
1412015400,Sep 29 2014 - 6:30pm,complete,4500,SD Ponferradina,Albacete Balompié,N/A,6,3.00,2.00,1.90,0.90,1,0,1,1,1,0,"44","",-1,-1,4,0,5,0,2,2,1,4,-1,-1,-1,-1,-1,-1,-1,-1,-1,-1,0.00,0.00,0.00,0.00,2.25,50,50,25,25,25,0,75,25,75,12.50,6.50,2.13,3.20,4.03,0.00,0.00,0.00,0.00,0.00,0.00,Estadio El Toralín
1412431200,Oct 04 2014 - 2:00pm,complete,8744,Deportivo Alavés,Llagostera-Costa Brava,N/A,7,1.33,1.00,1.67,1.33,0,0,0,0,0,0,"","",6,1,1,0,6,1,0,1,1,6,14,5,4,0,10,5,9,23,62,38,0.00,0.00,0.00,0.00,2.34,34,67,34,34,17,34,84,34,67,7.34,4.00,0.00,0.00,0.00,0.00,0.00,0.00,0.00,0.00,0.00,Estadio de Mendizorroza
1412431200,Oct 04 2014 - 2:00pm,complete,2316,Barcelona II,CD Lugo,N/A,7,2.00,0.67,0.95,0.62,0,1,1,0,0,0,"","65",13,2,2,0,2,0,1,1,0,2,6,5,3,4,3,1,11,9,65,35,0.00,0.00,0.00,0.00,2.17,34,50,50,34,17,34,50,50,50,9.17,3.67,2.11,3.55,3.64,0.00,0.00,0.00,0.00,0.00,0.00,Mini Estadi
1412438400,Oct 04 2014 - 4:00pm,complete,3682,Girona FC,SD Ponferradina,N/A,7,2.00,1.00,1.82,0.95,3,0,3,1,1,0,"22,67,85","",7,3,3,1,2,0,3,1,0,2,8,10,5,7,3,3,22,16,43,57,0.00,0.00,0.00,0.00,2.50,50,67,50,33,0,33,67,34,84,9.66,4.00,2.22,3.28,3.63,0.00,0.00,0.00,0.00,0.00,0.00,Estadi Municipal de Montilivi
1412439300,Oct 04 2014 - 4:15pm,complete,13513,CA Osasuna,Racing Santander,N/A,7,2.00,0.33,1.52,1.05,0,2,2,1,0,1,"","36,77",6,2,2,0,4,0,1,1,3,1,15,5,4,3,11,2,15,24,63,37,0.00,0.00,0.00,0.00,4.17,67,84,67,67,17,33,100,67,84,9.34,7.67,2.06,3.43,3.95,0.00,0.00,0.00,0.00,0.00,0.00,Estadio El Sadar
1412445600,Oct 04 2014 - 6:00pm,complete,18023,UD Las Palmas,Sporting Gijón,N/A,7,3.00,2.33,2.30,1.62,1,1,2,1,0,1,"77","41",7,2,1,0,4,1,0,1,2,3,11,6,5,4,6,2,15,21,64,36,0.00,0.00,0.00,0.00,2.83,50,100,50,17,17,0,67,50,100,8.00,5.00,2.22,3.33,3.57,0.00,0.00,0.00,0.00,0.00,0.00,Estadio de Gran Canaria
1412503200,Oct 05 2014 - 10:00am,complete,16800,Real Valladolid,Real Betis,N/A,7,3.00,2.00,1.91,1.86,0,0,0,0,0,0,"","",8,6,2,0,4,0,0,2,1,3,14,7,6,2,8,5,11,14,52,48,0.00,0.00,0.00,0.00,4.00,100,100,100,67,34,34,100,84,100,5.67,8.00,2.45,3.33,3.11,0.00,0.00,0.00,0.00,0.00,0.00,Estadio Municipal José Zorrilla
1412521200,Oct 05 2014 - 3:00pm,complete,8900,Recreativo de Huelva,AD Alcorcón,N/A,7,1.67,2.00,1.33,1.14,2,1,3,2,2,0,"15,41","70",-1,-1,3,0,5,0,0,3,1,4,-1,-1,-1,-1,-1,-1,-1,-1,-1,-1,0.00,0.00,0.00,0.00,2.50,50,67,50,34,34,34,67,34,67,7.50,6.33,2.30,3.27,3.45,0.00,0.00,0.00,0.00,0.00,0.00,Estadio Nuevo Colombino
1412521200,Oct 05 2014 - 3:00pm,complete,3098,CE Sabadell FC,Albacete Balompié,N/A,7,1.00,1.33,1.33,0.90,6,1,7,2,2,0,"9,29,47,56,85,90'1","81",4,7,3,0,1,1,0,3,2,0,11,8,3,4,8,4,19,13,46,54,0.00,0.00,0.00,0.00,2.17,33,50,34,17,17,34,67,17,84,9.17,6.67,2.27,3.38,3.40,0.00,0.00,0.00,0.00,0.00,0.00,Estadi de la Nova Creu Alta
1412525700,Oct 05 2014 - 4:15pm,complete,11500,Real Zaragoza,RCD Mallorca,N/A,7,1.67,0.00,1.74,0.81,2,0,2,0,0,0,"69,89","",4,4,1,0,3,0,0,1,2,1,10,11,8,3,2,8,13,16,48,52,0.00,0.00,0.00,0.00,3.67,84,84,50,34,17,17,100,50,84,8.33,6.00,2.20,3.29,3.68,0.00,0.00,0.00,0.00,0.00,0.00,Estadio de la Romareda
1412528400,Oct 05 2014 - 5:00pm,complete,3100,Leganés,CD Tenerife,N/A,7,1.67,0.00,1.81,0.57,2,0,2,1,1,0,"20,71","",1,3,3,0,3,0,0,3,1,2,6,11,0,2,6,9,16,12,46,54,0.00,0.00,0.00,0.00,2.67,67,84,50,34,0,17,100,50,84,14.83,6.33,2.18,3.28,3.74,0.00,0.00,0.00,0.00,0.00,0.00,Estadio Municipal de Butarque
1412535600,Oct 05 2014 - 7:00pm,complete,2543,Mirandés,CD Numancia,N/A,7,0.33,2.00,1.71,1.14,2,0,2,1,1,0,"9,80","",5,5,4,0,2,0,2,2,1,1,11,12,4,2,7,10,16,16,47,53,0.00,0.00,0.00,0.00,2.00,33,67,50,0,0,50,84,0,67,5.00,6.67,3.24,3.22,2.43,0.00,0.00,0.00,0.00,0.00,0.00,Estadio Municipal de Anduva
1413036000,Oct 11 2014 - 2:00pm,complete,7000,RCD Mallorca,Deportivo Alavés,N/A,8,0.67,1.33,1.48,0.86,2,0,2,0,0,0,"47,68","",8,7,5,0,1,0,1,4,0,1,3,9,2,3,1,6,20,11,45,55,0.00,0.00,0.00,0.00,3.00,84,84,50,33,17,34,100,50,67,12.00,7.67,2.27,3.29,3.50,0.00,0.00,0.00,0.00,0.00,0.00,Iberostar Estadi
1413036000,Oct 11 2014 - 2:00pm,complete,5000,SD Ponferradina,Mirandés,N/A,8,3.00,1.00,1.90,1.10,1,0,1,0,0,0,"80","",7,5,3,0,3,1,1,2,2,2,14,9,5,5,9,4,11,15,56,44,0.00,0.00,0.00,0.00,2.17,33,50,33,17,17,0,100,33,50,15.00,6.33,1.76,3.57,5.52,0.00,0.00,0.00,0.00,0.00,0.00,Estadio El Toralín
1413043200,Oct 11 2014 - 4:00pm,complete,9000,Racing Santander,Barcelona II,N/A,8,1.00,1.33,1.05,0.76,0,0,0,0,0,0,"","",3,5,3,0,1,0,0,3,1,0,13,9,6,3,7,6,10,8,40,60,0.00,0.00,0.00,0.00,3.67,67,100,84,34,34,50,100,67,100,7.66,5.66,2.33,3.56,3.12,0.00,0.00,0.00,0.00,0.00,0.00,Campos de Sport de El Sardinero
1413044100,Oct 11 2014 - 4:15pm,complete,2736,AD Alcorcón,CA Osasuna,N/A,8,1.00,0.67,1.43,0.62,2,0,2,2,2,0,"2,23","",2,3,5,0,7,2,2,3,4,5,8,3,0,0,8,3,25,13,50,50,0.00,0.00,0.00,0.00,2.34,50,50,33,17,17,17,50,33,67,11.00,6.33,2.09,3.44,3.82,0.00,0.00,0.00,0.00,0.00,0.00,Estadio Santo Domingo
1413050400,Oct 11 2014 - 6:00pm,complete,7300,Albacete Balompié,Girona FC,N/A,8,0.33,1.67,1.52,2.05,0,1,1,1,0,1,"","25",7,8,1,0,1,0,1,0,1,0,12,8,5,3,7,5,13,13,64,36,0.00,0.00,0.00,0.00,2.84,84,84,50,33,17,17,84,50,84,10.83,4.33,2.55,3.25,3.02,0.00,0.00,0.00,0.00,0.00,0.00,Estadio Carlos Belmonte
1413054000,Oct 11 2014 - 7:00pm,complete,8155,CD Tenerife,Recreativo de Huelva,N/A,8,2.33,1.33,1.71,0.62,0,2,2,1,0,1,"","12,68",13,3,2,0,3,0,1,1,0,3,7,3,3,3,4,0,14,21,62,38,0.00,0.00,0.00,0.00,2.00,50,67,50,0,0,33,84,17,67,7.33,4.33,2.28,3.27,3.50,0.00,0.00,0.00,0.00,0.00,0.00,Estadio Heliodoro Rodríguez Lopéz
1413054000,Oct 11 2014 - 7:00pm,complete,2817,CD Numancia,Real Valladolid,N/A,8,0.33,1.33,1.38,1.45,0,1,1,1,0,1,"","31",9,3,1,0,2,0,1,0,2,0,10,6,0,3,10,3,13,14,53,47,0.00,0.00,0.00,0.00,2.50,67,67,50,34,0,17,50,67,84,9.00,7.33,2.94,3.19,2.65,0.00,0.00,0.00,0.00,0.00,0.00,Nuevo Estadio Los Pajaritos
1413108000,Oct 12 2014 - 10:00am,complete,30312,Real Betis,UD Las Palmas,N/A,8,2.00,1.33,2.14,1.30,0,0,0,0,0,0,"","",-1,-1,5,1,2,0,3,3,1,1,-1,-1,-1,-1,-1,-1,-1,-1,-1,-1,0.00,0.00,0.00,0.00,2.34,67,84,50,0,0,50,84,17,84,10.33,5.33,2.12,3.51,3.65,0.00,0.00,0.00,0.00,0.00,0.00,Estadio Benito Villamarín
1413126000,Oct 12 2014 - 3:00pm,complete,15287,Sporting Gijón,Leganés,N/A,8,1.67,0.33,2.29,0.86,2,1,3,0,0,0,"80,90","79",6,1,4,0,5,0,0,4,2,3,10,6,6,3,4,3,17,21,56,44,0.00,0.00,0.00,0.00,1.67,50,67,17,0,0,0,33,34,84,10.33,4.33,1.88,3.53,4.67,0.00,0.00,0.00,0.00,0.00,0.00,Estadio Municipal El Molinón
1413130500,Oct 12 2014 - 4:15pm,complete,3600,CD Lugo,Real Zaragoza,N/A,8,2.33,1.33,1.71,1.17,3,3,6,3,1,2,"23,71,81","12,39,90",5,1,2,0,4,0,2,0,3,1,7,5,5,3,2,2,9,11,62,38,0.00,0.00,0.00,0.00,2.34,33,33,33,33,33,33,50,33,50,10.83,6.00,2.19,3.26,3.75,0.00,0.00,0.00,0.00,0.00,0.00,Estadio Anxo Carro
1413132300,Oct 12 2014 - 4:45pm,complete,2753,Llagostera-Costa Brava,CE Sabadell FC,N/A,8,1.33,0.33,1.38,0.48,0,1,1,0,0,0,"","64",5,5,1,0,3,0,0,1,2,1,10,12,3,6,7,6,14,15,44,56,0.00,0.00,0.00,0.00,2.17,50,67,34,34,0,34,84,34,67,5.50,6.00,2.53,3.30,3.01,0.00,0.00,0.00,0.00,0.00,0.00,Estadio Nou Municipal de Palamós (Palamós)
1413640800,Oct 18 2014 - 2:00pm,complete,10300,Real Valladolid,SD Ponferradina,N/A,9,2.50,0.75,1.91,0.95,0,0,0,0,0,0,"","",7,3,0,0,4,0,0,0,0,4,16,5,7,4,9,1,8,14,61,39,0.00,0.00,0.00,0.00,2.63,63,75,75,25,0,13,63,75,88,8.00,5.25,1.95,3.31,4.64,0.00,0.00,0.00,0.00,0.00,0.00,Estadio Municipal José Zorrilla
1413648000,Oct 18 2014 - 4:00pm,complete,9640,Deportivo Alavés,CD Lugo,N/A,9,1.25,1.25,1.67,0.62,1,0,1,0,0,0,"79","",6,2,5,0,5,0,2,3,0,5,8,8,3,6,5,2,22,14,41,59,0.00,0.00,0.00,0.00,1.63,25,38,38,25,13,25,25,38,50,8.75,4.00,2.34,3.20,3.44,0.00,0.00,0.00,0.00,0.00,0.00,Estadio de Mendizorroza
1413648000,Oct 18 2014 - 4:00pm,complete,3058,Mirandés,Albacete Balompié,N/A,9,1.00,1.00,1.71,0.90,3,2,5,3,1,2,"15,47,89","12,18",5,8,2,0,3,0,1,1,0,3,7,5,3,4,4,1,16,18,45,55,0.00,0.00,0.00,0.00,2.25,38,63,25,13,13,25,75,13,75,8.17,6.00,2.47,3.10,3.30,0.00,0.00,0.00,0.00,0.00,0.00,Estadio Municipal de Anduva
1413648900,Oct 18 2014 - 4:15pm,complete,17000,Real Zaragoza,Racing Santander,N/A,9,2.00,1.00,1.74,1.05,2,1,3,2,1,1,"4,89","37",3,4,4,0,4,0,1,3,0,4,12,5,7,2,5,3,16,15,48,52,0.00,0.00,0.00,0.00,2.25,50,75,25,25,0,13,88,38,75,8.00,7.25,2.51,3.12,3.21,0.00,0.00,0.00,0.00,0.00,0.00,Estadio de la Romareda
1413655200,Oct 18 2014 - 6:00pm,complete,13063,CA Osasuna,CD Tenerife,N/A,9,1.50,0.00,1.52,0.57,3,2,5,2,1,1,"44,78,89","37,74",-1,-1,2,0,4,0,0,2,1,3,-1,-1,-1,-1,-1,-1,-1,-1,-1,-1,0.00,0.00,0.00,0.00,3.25,38,88,38,25,13,13,100,38,88,11.00,6.50,2.02,3.38,4.19,0.00,0.00,0.00,0.00,0.00,0.00,Estadio El Sadar
1413655200,Oct 18 2014 - 6:00pm,complete,4412,CE Sabadell FC,Girona FC,N/A,9,1.50,2.00,1.33,2.05,0,2,2,2,0,2,"","15,29",11,5,2,0,1,0,0,2,1,0,10,11,4,6,6,5,13,8,55,45,0.00,0.00,0.00,0.00,3.25,63,75,63,38,25,38,75,50,88,10.25,5.50,2.75,3.16,2.85,0.00,0.00,0.00,0.00,0.00,0.00,Estadi de la Nova Creu Alta
1413712800,Oct 19 2014 - 10:00am,complete,6727,Recreativo de Huelva,Sporting Gijón,N/A,9,2.00,2.00,1.33,1.62,1,1,2,2,1,1,"41","7",6,0,3,0,2,0,2,1,2,0,10,9,6,5,4,4,12,23,58,42,0.00,0.00,0.00,0.00,1.75,50,75,25,0,0,13,63,13,75,7.25,5.50,2.50,3.13,3.22,0.00,0.00,0.00,0.00,0.00,0.00,Estadio Nuevo Colombino
1413730800,Oct 19 2014 - 3:00pm,complete,1913,Llagostera-Costa Brava,RCD Mallorca,N/A,9,1.00,0.00,1.38,0.81,1,4,5,1,0,1,"87","24,54,61,84",-1,-1,3,0,4,0,2,1,2,2,-1,-1,-1,-1,-1,-1,-1,-1,-1,-1,0.00,0.00,0.00,0.00,2.88,38,63,38,25,13,13,63,50,75,7.58,4.75,3.08,3.11,2.60,0.00,0.00,0.00,0.00,0.00,0.00,Estadio Nou Municipal de Palamós (Palamós)
1413735300,Oct 19 2014 - 4:15pm,complete,8000,Leganés,Real Betis,N/A,9,2.00,1.75,1.81,1.86,1,0,1,0,0,0,"88","",12,0,2,0,5,0,1,1,1,4,12,6,7,2,5,4,16,16,44,56,0.00,0.00,0.00,0.00,3.25,75,88,63,63,25,38,88,50,88,9.50,6.75,2.71,3.15,2.91,0.00,0.00,0.00,0.00,0.00,0.00,Estadio Municipal de Butarque
1413738000,Oct 19 2014 - 5:00pm,complete,18000,UD Las Palmas,CD Numancia,N/A,9,2.50,1.50,2.30,1.14,2,0,2,1,1,0,"33,89","",6,6,3,1,5,0,1,3,1,4,6,2,4,0,2,2,11,20,48,52,0.00,0.00,0.00,0.00,2.63,38,88,50,13,13,25,88,25,88,8.50,6.25,1.71,3.66,5.78,0.00,0.00,0.00,0.00,0.00,0.00,Estadio de Gran Canaria
1413745200,Oct 19 2014 - 7:00pm,complete,1564,Barcelona II,AD Alcorcón,N/A,9,1.50,1.50,0.95,1.14,4,1,5,4,3,1,"13,16,33,76","36",3,9,2,0,6,0,0,2,1,5,4,13,3,2,1,11,15,22,54,46,0.00,0.00,0.00,0.00,3.38,75,75,75,50,38,63,88,50,88,11.00,6.00,2.15,3.51,3.57,0.00,0.00,0.00,0.00,0.00,0.00,Mini Estadi
1414245600,Oct 25 2014 - 2:00pm,complete,5824,RCD Mallorca,CE Sabadell FC,N/A,10,1.25,1.00,1.48,0.48,1,0,1,0,0,0,"63","",4,8,3,0,5,0,1,2,0,5,12,11,7,3,5,8,20,14,51,49,0.00,0.00,0.00,0.00,3.00,75,88,50,38,13,50,75,63,88,10.92,7.50,1.85,3.57,4.80,0.00,0.00,0.00,0.00,0.00,0.00,Iberostar Estadi
1414252800,Oct 25 2014 - 4:00pm,complete,7155,Racing Santander,Deportivo Alavés,N/A,10,1.00,1.00,1.05,0.86,1,1,2,1,1,0,"37","88",4,4,3,1,2,0,0,4,0,2,7,18,2,8,5,10,23,15,47,53,0.00,0.00,0.00,0.00,2.25,50,75,50,13,0,13,75,50,75,8.75,6.50,2.19,3.19,3.85,0.00,0.00,0.00,0.00,0.00,0.00,Campos de Sport de El Sardinero
1414253700,Oct 25 2014 - 4:15pm,complete,26087,Real Betis,Recreativo de Huelva,N/A,10,1.75,1.75,2.14,0.62,3,2,5,3,2,1,"9,42,64","11,67",4,1,2,0,6,2,1,1,2,6,8,6,5,2,3,4,14,18,53,47,0.00,0.00,0.00,0.00,1.75,25,63,38,0,0,25,63,13,75,9.83,7.00,1.83,3.56,4.96,0.00,0.00,0.00,0.00,0.00,0.00,Estadio Benito Villamarín
1414260000,Oct 25 2014 - 6:00pm,complete,4135,SD Ponferradina,UD Las Palmas,N/A,10,3.00,1.25,1.90,1.30,2,2,4,1,1,0,"36,69","58,79",8,4,3,1,5,0,1,3,0,5,3,6,2,4,1,2,11,13,41,59,0.00,0.00,0.00,0.00,2.00,50,50,38,13,13,25,75,25,50,11.00,5.25,2.57,3.27,2.99,0.00,0.00,0.00,0.00,0.00,0.00,Estadio El Toralín
1414321200,Oct 26 2014 - 11:00am,complete,3500,Albacete Balompié,Real Valladolid,N/A,10,0.25,1.75,1.52,1.45,3,4,7,4,1,3,"8,60,90'1","23,27,34,53",6,7,1,0,2,0,1,0,0,2,15,9,6,5,9,4,11,16,50,50,0.00,0.00,0.00,0.00,1.75,38,38,13,13,13,13,75,25,50,11.58,4.00,3.25,3.20,2.44,0.00,0.00,0.00,0.00,0.00,0.00,Estadio Carlos Belmonte
1414339200,Oct 26 2014 - 4:00pm,complete,3235,CD Lugo,Llagostera-Costa Brava,N/A,10,2.00,1.00,1.71,1.33,1,1,2,0,0,0,"59","77",-1,-1,3,0,2,0,1,2,0,2,-1,-1,-1,-1,-1,-1,-1,-1,-1,-1,0.00,0.00,0.00,0.00,2.38,25,50,25,25,25,25,63,25,63,6.83,6.00,1.75,3.45,5.91,0.00,0.00,0.00,0.00,0.00,0.00,Estadio Anxo Carro
1414339200,Oct 26 2014 - 4:00pm,complete,16000,Sporting Gijón,CA Osasuna,N/A,10,2.00,0.50,2.29,0.62,2,0,2,1,1,0,"4,89","",1,8,5,0,0,0,1,4,0,0,8,11,8,4,0,7,16,7,37,63,0.00,0.00,0.00,0.00,2.63,75,88,38,13,13,25,50,50,75,9.25,7.25,2.08,3.29,4.08,0.00,0.00,0.00,0.00,0.00,0.00,Estadio Municipal El Molinón
1414339200,Oct 26 2014 - 4:00pm,complete,9800,Girona FC,Mirandés,N/A,10,2.25,0.75,1.82,1.10,3,0,3,1,1,0,"20,52,81","",8,1,2,0,2,2,1,1,2,2,9,7,6,5,3,2,10,13,65,35,0.00,0.00,0.00,0.00,2.13,25,63,38,13,0,13,88,25,75,11.50,5.75,1.70,3.58,6.16,0.00,0.00,0.00,0.00,0.00,0.00,Estadi Municipal de Montilivi
1414343700,Oct 26 2014 - 5:15pm,complete,3664,AD Alcorcón,Real Zaragoza,N/A,10,1.50,1.25,1.43,1.17,1,3,4,2,1,1,"13","2,50,70",6,4,5,0,5,0,1,4,2,3,12,8,7,2,5,6,17,20,61,39,0.00,0.00,0.00,0.00,2.38,38,50,38,25,25,38,63,38,50,10.25,7.00,1.96,3.38,4.46,0.00,0.00,0.00,0.00,0.00,0.00,Estadio Santo Domingo
1414346400,Oct 26 2014 - 6:00pm,complete,9062,CD Tenerife,Barcelona II,N/A,10,1.75,1.25,1.71,0.76,2,0,2,1,1,0,"25,50","",6,5,3,0,2,1,2,1,1,2,12,10,7,5,5,5,15,17,39,61,0.00,0.00,0.00,0.00,2.63,50,75,38,25,25,38,88,25,75,11.50,3.50,2.18,3.54,3.46,0.00,0.00,0.00,0.00,0.00,0.00,Estadio Heliodoro Rodríguez Lopéz
1414353600,Oct 26 2014 - 8:00pm,complete,3200,CD Numancia,Leganés,N/A,10,0.25,0.25,1.38,0.86,1,1,2,2,1,1,"4","18",2,5,2,1,3,0,0,3,0,3,7,7,4,4,3,3,20,24,47,53,0.00,0.00,0.00,0.00,2.25,50,63,50,25,0,13,50,50,75,8.67,6.25,2.23,3.16,3.77,0.00,0.00,0.00,0.00,0.00,0.00,Nuevo Estadio Los Pajaritos
1414854000,Nov 01 2014 - 3:00pm,complete,7000,RCD Mallorca,CD Lugo,N/A,11,1.60,1.00,1.48,0.62,2,1,3,0,0,0,"46,54","58",6,4,1,0,5,0,1,0,2,3,5,7,0,3,5,4,12,15,48,52,0.00,0.00,0.00,0.00,1.90,30,50,30,10,10,20,30,40,70,9.35,6.40,1.99,3.43,4.23,0.00,0.00,0.00,0.00,0.00,0.00,Iberostar Estadi
1414861200,Nov 01 2014 - 5:00pm,complete,9745,Deportivo Alavés,AD Alcorcón,N/A,11,1.60,1.20,1.67,1.14,1,1,2,0,0,0,"56","75",5,10,0,1,8,1,0,1,3,6,10,8,3,5,7,3,7,17,64,36,0.00,0.00,0.00,0.00,3.10,70,70,70,50,40,60,70,40,80,11.13,7.20,2.37,3.13,3.46,0.00,0.00,0.00,0.00,0.00,0.00,Estadio de Mendizorroza
1414861200,Nov 01 2014 - 5:00pm,complete,5348,Barcelona II,Sporting Gijón,N/A,11,1.80,1.80,0.95,1.62,0,0,0,0,0,0,"","",3,8,1,0,2,0,0,1,1,1,13,18,4,5,9,13,6,21,60,40,0.00,0.00,0.00,0.00,2.70,70,80,40,30,20,40,80,30,80,9.20,4.60,2.54,3.40,2.92,0.00,0.00,0.00,0.00,0.00,0.00,Mini Estadi
1414862100,Nov 01 2014 - 5:15pm,complete,2604,Llagostera-Costa Brava,Racing Santander,N/A,11,0.80,0.80,1.38,1.05,0,2,2,1,0,1,"","33,85",6,3,2,0,1,0,1,1,0,1,8,9,4,3,4,6,21,18,54,46,0.00,0.00,0.00,0.00,2.30,40,60,40,30,10,20,80,30,70,7.33,6.60,2.90,3.14,2.72,0.00,0.00,0.00,0.00,0.00,0.00,Estadio Nou Municipal de Palamós (Palamós)
1414868400,Nov 01 2014 - 7:00pm,complete,15529,UD Las Palmas,Albacete Balompié,N/A,11,2.60,0.80,2.30,0.90,2,1,3,1,1,0,"7,56","70",9,2,4,0,4,0,0,4,2,2,10,3,6,0,4,3,14,22,55,45,0.00,0.00,0.00,0.00,3.00,50,80,40,30,30,20,80,40,90,10.70,6.00,1.58,4.12,6.37,0.00,0.00,0.00,0.00,0.00,0.00,Estadio de Gran Canaria
1414868400,Nov 01 2014 - 7:00pm,complete,2723,CE Sabadell FC,Mirandés,N/A,11,1.20,0.60,1.33,1.10,3,2,5,3,1,2,"10,51,66","29,45",11,3,3,0,1,0,0,3,0,1,11,7,5,3,6,4,17,8,56,44,0.00,0.00,0.00,0.00,2.80,30,70,50,20,20,40,80,40,80,11.20,6.40,1.98,3.38,4.35,0.00,0.00,0.00,0.00,0.00,0.00,Estadi de la Nova Creu Alta
1414926000,Nov 02 2014 - 11:00am,complete,13643,CA Osasuna,Real Betis,N/A,11,1.80,1.40,1.52,1.86,3,2,5,2,0,2,"49,61,87","13,33",9,6,2,0,1,0,0,2,0,1,13,11,7,5,6,6,12,9,46,54,0.00,0.00,0.00,0.00,3.80,60,80,60,60,40,40,80,50,90,8.00,7.00,2.56,3.25,3.01,0.00,0.00,0.00,0.00,0.00,0.00,Estadio El Sadar
1414944000,Nov 02 2014 - 4:00pm,complete,10913,Real Valladolid,Girona FC,N/A,11,2.20,2.20,1.91,2.05,2,1,3,1,1,0,"23,81","87",4,5,2,0,4,0,0,2,2,2,2,8,0,4,2,4,14,14,56,44,0.00,0.00,0.00,0.00,2.20,60,70,50,20,0,10,70,50,60,9.60,5.00,2.11,3.34,3.89,0.00,0.00,0.00,0.00,0.00,0.00,Estadio Municipal José Zorrilla
1414948500,Nov 02 2014 - 5:15pm,complete,5000,Recreativo de Huelva,CD Numancia,N/A,11,1.80,1.20,1.33,1.14,0,3,3,2,0,2,"","2,38,83",3,6,1,0,3,1,1,0,2,2,14,6,9,5,5,1,10,22,54,46,0.00,0.00,0.00,0.00,1.80,30,70,30,0,0,40,80,0,60,8.50,6.80,2.13,3.18,4.06,0.00,0.00,0.00,0.00,0.00,0.00,Estadio Nuevo Colombino
1414958400,Nov 02 2014 - 8:00pm,complete,2550,Leganés,SD Ponferradina,N/A,11,2.20,0.80,1.81,0.95,1,1,2,2,1,1,"12","4",4,1,5,0,2,0,3,2,2,0,10,6,3,5,7,1,16,9,50,50,0.00,0.00,0.00,0.00,2.40,50,70,50,30,0,20,60,50,90,10.80,4.80,2.19,3.16,3.89,0.00,0.00,0.00,0.00,0.00,0.00,Estadio Municipal de Butarque
1415044800,Nov 03 2014 - 8:00pm,complete,10000,Real Zaragoza,CD Tenerife,N/A,11,2.20,0.00,1.74,0.57,2,3,5,2,1,1,"25,73","15,56,66",1,3,3,0,2,0,0,3,0,2,8,4,3,2,5,2,5,13,46,54,0.00,0.00,0.00,0.00,2.30,50,80,30,10,10,20,90,30,80,9.75,6.80,2.14,3.26,3.92,0.00,0.00,0.00,0.00,0.00,0.00,Estadio de la Romareda
1415458800,Nov 08 2014 - 3:00pm,complete,4000,Mirandés,Real Valladolid,N/A,12,1.40,2.00,1.71,1.45,0,0,0,0,0,0,"","",8,6,0,0,2,0,0,0,1,1,12,9,6,4,6,5,24,12,46,54,0.00,0.00,0.00,0.00,2.40,40,60,30,20,20,30,70,30,70,9.00,5.20,3.80,3.20,2.20,0.00,0.00,0.00,0.00,0.00,0.00,Estadio Municipal de Anduva
1415466000,Nov 08 2014 - 5:00pm,complete,27487,Real Betis,Barcelona II,N/A,12,2.00,1.00,2.14,0.76,1,0,1,0,0,0,"50","",3,3,5,0,2,1,1,4,0,3,10,7,4,0,6,7,19,17,45,55,0.00,0.00,0.00,0.00,2.60,40,70,40,30,30,40,70,30,80,11.10,6.00,1.91,3.74,4.18,0.00,0.00,0.00,0.00,0.00,0.00,Estadio Benito Villamarín
1415466000,Nov 08 2014 - 5:00pm,complete,9015,Albacete Balompié,Leganés,N/A,12,0.20,0.40,1.52,0.86,1,0,1,0,0,0,"47","",8,5,4,0,3,0,0,4,1,2,13,6,5,5,8,1,11,18,51,49,0.00,0.00,0.00,0.00,2.40,50,60,30,20,20,30,70,30,60,10.50,4.00,2.72,3.18,2.87,0.00,0.00,0.00,0.00,0.00,0.00,Estadio Carlos Belmonte
1415466900,Nov 08 2014 - 5:15pm,complete,4376,CD Numancia,CA Osasuna,N/A,12,0.40,0.40,1.38,0.62,0,0,0,0,0,0,"","",4,2,1,0,5,0,0,1,1,4,7,2,3,0,4,2,15,12,53,47,0.00,0.00,0.00,0.00,2.70,60,80,40,30,10,40,80,40,60,9.00,7.00,2.13,3.38,3.78,0.00,0.00,0.00,0.00,0.00,0.00,Nuevo Estadio Los Pajaritos
1415473200,Nov 08 2014 - 7:00pm,complete,5017,Girona FC,UD Las Palmas,N/A,12,2.40,1.20,1.82,1.30,1,2,3,3,1,2,"22","9,15",5,4,4,0,4,0,1,3,2,2,7,5,5,3,2,2,14,17,50,50,0.00,0.00,0.00,0.00,2.50,50,80,60,20,0,30,90,40,70,9.45,5.00,2.51,3.30,3.04,0.00,0.00,0.00,0.00,0.00,0.00,Estadi Municipal de Montilivi
1415476800,Nov 08 2014 - 8:00pm,complete,600,AD Alcorcón,Llagostera-Costa Brava,N/A,12,1.20,1.00,1.43,1.33,2,0,2,1,1,0,"17,57","",3,2,3,0,5,0,0,3,4,1,10,6,3,2,7,4,19,15,49,51,0.00,0.00,0.00,0.00,1.80,30,60,20,10,0,20,60,30,60,7.50,7.00,1.75,3.54,5.65,0.00,0.00,0.00,0.00,0.00,0.00,Estadio Santo Domingo
1415530800,Nov 09 2014 - 11:00am,complete,12240,Sporting Gijón,Real Zaragoza,N/A,12,2.20,1.60,2.29,1.17,3,1,4,2,1,1,"10,50,75","30",5,5,4,0,3,1,1,3,2,2,10,6,6,2,4,4,14,19,48,52,0.00,0.00,0.00,0.00,2.80,70,80,50,30,20,30,60,60,80,9.40,6.60,0.00,0.00,0.00,0.00,0.00,0.00,0.00,0.00,0.00,Estadio Municipal El Molinón
1415548800,Nov 09 2014 - 4:00pm,complete,3800,CD Lugo,CE Sabadell FC,N/A,12,1.80,0.80,1.71,0.48,2,1,3,1,1,0,"39,88","51",4,7,0,0,3,0,0,0,0,3,8,13,3,5,5,8,10,13,50,50,0.00,0.00,0.00,0.00,2.80,60,60,40,40,20,40,50,50,90,10.08,6.60,1.88,3.47,4.78,0.00,0.00,0.00,0.00,0.00,0.00,Estadio Anxo Carro
1415548800,Nov 09 2014 - 4:00pm,complete,5500,SD Ponferradina,Recreativo de Huelva,N/A,12,2.60,1.40,1.90,0.62,3,3,6,2,1,1,"30,55,86","8,74,89",-1,-1,3,1,2,0,0,4,0,2,-1,-1,-1,-1,-1,-1,-1,-1,-1,-1,0.00,0.00,0.00,0.00,2.50,40,60,50,30,20,20,80,40,70,10.20,7.40,2.13,3.30,3.89,0.00,0.00,0.00,0.00,0.00,0.00,Estadio El Toralín
1415553300,Nov 09 2014 - 5:15pm,complete,9346,Racing Santander,RCD Mallorca,N/A,12,1.00,0.60,1.05,0.81,0,1,1,1,0,1,"","45",7,2,5,1,5,0,2,4,1,4,9,7,5,2,4,5,19,20,46,54,0.00,0.00,0.00,0.00,3.50,70,90,70,30,20,20,80,70,90,7.65,6.40,2.48,3.28,3.10,0.00,0.00,0.00,0.00,0.00,0.00,Campos de Sport de El Sardinero
1415556000,Nov 09 2014 - 6:00pm,complete,10006,CD Tenerife,Deportivo Alavés,N/A,12,2.00,1.00,1.71,0.86,1,1,2,1,0,1,"77","27",12,0,2,0,3,1,1,1,1,3,8,2,6,0,2,2,16,18,65,35,0.00,0.00,0.00,0.00,2.10,50,80,20,10,0,10,90,20,80,12.00,4.80,2.13,3.25,3.96,0.00,0.00,0.00,0.00,0.00,0.00,Estadio Heliodoro Rodríguez Lopéz
1416063600,Nov 15 2014 - 3:00pm,complete,8000,RCD Mallorca,AD Alcorcón,N/A,13,1.83,1.17,1.48,1.14,1,1,2,2,1,1,"4","45",3,2,4,1,4,2,2,3,2,4,3,10,0,3,3,7,18,18,57,43,0.00,0.00,0.00,0.00,3.33,84,92,67,34,34,50,67,59,92,13.00,8.66,1.90,3.45,4.68,0.00,0.00,0.00,0.00,0.00,0.00,Iberostar Estadi
1416063600,Nov 15 2014 - 3:00pm,complete,4500,Leganés,Girona FC,N/A,13,2.00,1.83,1.81,2.05,1,2,3,2,1,1,"14","34,90",5,1,3,0,2,0,0,3,2,0,10,6,6,4,4,2,13,20,49,51,0.00,0.00,0.00,0.00,2.50,67,83,42,25,0,25,83,42,75,11.50,5.50,2.41,3.13,3.37,0.00,0.00,0.00,0.00,0.00,0.00,Estadio Municipal de Butarque
1416070800,Nov 15 2014 - 5:00pm,complete,10730,Deportivo Alavés,Sporting Gijón,N/A,13,1.50,1.67,1.67,1.62,0,0,0,0,0,0,"","",5,3,1,0,2,0,1,0,1,1,13,10,9,3,4,7,17,12,49,51,0.00,0.00,0.00,0.00,1.92,59,67,25,17,9,25,50,34,67,9.17,5.17,0.00,0.00,0.00,0.00,0.00,0.00,0.00,0.00,0.00,Estadio de Mendizorroza
1416070800,Nov 15 2014 - 5:00pm,complete,3489,Barcelona II,CD Numancia,N/A,13,1.67,1.50,0.95,1.14,1,1,2,0,0,0,"61","46",3,5,1,0,3,0,1,0,2,1,10,6,6,3,4,3,11,23,61,39,0.00,0.00,0.00,0.00,2.50,34,67,50,25,17,50,84,17,75,10.33,6.00,2.27,3.44,3.34,0.00,0.00,0.00,0.00,0.00,0.00,Mini Estadi
1416070800,Nov 15 2014 - 5:00pm,complete,3572,CE Sabadell FC,Real Valladolid,N/A,13,1.50,1.83,1.33,1.45,0,0,0,0,0,0,"","",5,3,1,0,3,0,1,0,1,2,13,13,5,6,8,7,10,10,52,48,0.00,0.00,0.00,0.00,2.92,42,58,42,34,34,50,67,42,67,12.37,5.34,3.42,3.17,2.37,0.00,0.00,0.00,0.00,0.00,0.00,Estadi de la Nova Creu Alta
1416071700,Nov 15 2014 - 5:15pm,complete,12457,CA Osasuna,SD Ponferradina,N/A,13,2.00,0.83,1.52,0.95,0,1,1,1,0,1,"","26",7,3,5,2,1,0,0,7,1,0,6,10,5,7,1,3,16,10,58,42,0.00,0.00,0.00,0.00,3.42,59,84,59,42,25,42,75,59,84,9.13,4.83,2.19,3.24,3.78,0.00,0.00,0.00,0.00,0.00,0.00,Estadio El Sadar
1416072600,Nov 15 2014 - 5:30pm,complete,16049,UD Las Palmas,Mirandés,N/A,13,2.67,0.50,2.30,1.10,0,0,0,0,0,0,"","",9,10,0,0,3,0,0,0,0,3,8,9,3,4,5,5,10,15,58,42,0.00,0.00,0.00,0.00,2.67,42,84,50,17,17,9,83,50,92,10.33,6.16,1.44,4.52,8.58,0.00,0.00,0.00,0.00,0.00,0.00,Estadio de Gran Canaria
1416153600,Nov 16 2014 - 4:00pm,complete,3000,CD Lugo,Racing Santander,N/A,13,2.00,1.17,1.71,1.05,0,0,0,0,0,0,"","",-1,-1,1,0,6,0,0,1,3,3,-1,-1,-1,-1,-1,-1,-1,-1,-1,-1,0.00,0.00,0.00,0.00,2.92,59,75,50,33,17,33,75,50,83,8.83,6.16,2.13,3.24,3.97,0.00,0.00,0.00,0.00,0.00,0.00,Estadio Anxo Carro
1416158100,Nov 16 2014 - 5:15pm,complete,7000,Recreativo de Huelva,Albacete Balompié,N/A,13,1.50,0.67,1.33,0.90,4,1,5,3,2,1,"9,25,68,71","2",4,5,0,0,1,0,0,0,0,1,7,5,3,4,4,1,10,13,37,63,0.00,0.00,0.00,0.00,2.42,50,67,42,17,17,42,75,25,67,9.00,5.83,2.13,3.29,3.90,0.00,0.00,0.00,0.00,0.00,0.00,Estadio Nuevo Colombino
1416160800,Nov 16 2014 - 6:00pm,complete,1758,Llagostera-Costa Brava,CD Tenerife,N/A,13,0.67,0.50,1.38,0.57,2,0,2,0,0,0,"69,71","",1,3,3,0,2,1,2,1,1,2,7,10,3,5,4,5,16,20,45,55,0.00,0.00,0.00,0.00,2.42,34,67,34,25,25,17,84,34,75,9.25,5.67,3.01,3.11,2.66,0.00,0.00,0.00,0.00,0.00,0.00,Estadio Nou Municipal de Palamós (Palamós)
1416164400,Nov 16 2014 - 7:00pm,complete,15000,Real Zaragoza,Real Betis,N/A,13,1.83,1.17,1.74,1.86,2,2,4,1,0,1,"54,63","35,57",3,1,3,0,5,0,1,2,1,4,6,5,5,3,1,2,17,17,42,58,0.00,0.00,0.00,0.00,2.92,67,75,50,42,34,42,75,42,83,6.70,6.83,2.74,3.30,2.77,0.00,0.00,0.00,0.00,0.00,0.00,Estadio de la Romareda
1416668400,Nov 22 2014 - 3:00pm,complete,9800,Racing Santander,CE Sabadell FC,N/A,14,0.83,0.67,1.05,0.48,3,1,4,3,2,1,"11,21,71","6",5,7,2,0,3,0,1,1,0,3,11,14,6,8,5,6,12,7,41,59,0.00,0.00,0.00,0.00,2.25,59,67,50,17,0,25,75,42,84,9.20,7.50,2.13,3.25,3.96,0.00,0.00,0.00,0.00,0.00,0.00,Campos de Sport de El Sardinero
1416668400,Nov 22 2014 - 3:00pm,complete,4800,SD Ponferradina,Barcelona II,N/A,14,2.33,0.83,1.90,0.76,4,4,8,4,1,3,"13,72,76,77","24,27,45,74",7,6,4,0,1,0,1,3,0,1,9,5,3,2,6,3,11,5,37,63,0.00,0.00,0.00,0.00,2.84,42,59,42,42,33,25,75,42,75,12.33,6.00,2.05,3.52,3.88,0.00,0.00,0.00,0.00,0.00,0.00,Estadio El Toralín
1416675600,Nov 22 2014 - 5:00pm,complete,19000,Sporting Gijón,Llagostera-Costa Brava,N/A,14,2.33,0.83,2.29,1.33,0,0,0,0,0,0,"","",2,3,2,0,2,0,2,0,1,1,15,12,7,6,8,6,21,16,54,46,0.00,0.00,0.00,0.00,2.09,50,84,25,9,0,9,59,42,84,6.77,6.50,0.00,0.00,0.00,0.00,0.00,0.00,0.00,0.00,0.00,Estadio Municipal El Molinón
1416676500,Nov 22 2014 - 5:15pm,complete,3800,CD Numancia,Real Zaragoza,N/A,14,0.50,1.33,1.38,1.17,2,0,2,1,1,0,"22,78","",3,3,3,0,4,1,1,2,1,4,4,4,3,3,1,1,17,12,53,47,0.00,0.00,0.00,0.00,2.83,67,67,59,50,17,50,75,59,59,8.93,6.66,2.15,3.36,3.73,0.00,0.00,0.00,0.00,0.00,0.00,Nuevo Estadio Los Pajaritos
1416682800,Nov 22 2014 - 7:00pm,complete,5874,CD Tenerife,RCD Mallorca,N/A,14,1.83,1.00,1.71,0.81,0,0,0,0,0,0,"","",8,4,3,0,3,0,0,3,2,1,8,10,5,6,3,4,16,16,47,53,0.00,0.00,0.00,0.00,3.09,59,83,42,25,17,17,92,42,83,11.47,5.16,2.15,3.29,3.82,0.00,0.00,0.00,0.00,0.00,0.00,Estadio Heliodoro Rodríguez Lopéz
1416740400,Nov 23 2014 - 11:00am,complete,10047,Real Valladolid,UD Las Palmas,N/A,14,2.33,1.50,1.91,1.30,1,2,3,1,1,0,"43","62,78",3,7,4,0,3,0,1,3,1,2,10,10,6,6,4,4,14,7,47,53,0.00,0.00,0.00,0.00,2.34,75,75,67,17,0,25,75,50,59,7.90,5.33,2.21,3.29,3.65,0.00,0.00,0.00,0.00,0.00,0.00,Estadio Municipal José Zorrilla
1416758400,Nov 23 2014 - 4:00pm,complete,5507,Girona FC,Recreativo de Huelva,N/A,14,2.00,1.33,1.82,0.62,2,0,2,2,2,0,"2,34","",7,7,1,0,5,1,0,1,2,4,17,6,8,5,9,1,6,16,55,45,0.00,0.00,0.00,0.00,2.92,42,83,67,25,17,42,92,42,75,8.20,6.34,1.96,3.43,4.37,0.00,0.00,0.00,0.00,0.00,0.00,Estadi Municipal de Montilivi
1416758400,Nov 23 2014 - 4:00pm,complete,3128,Mirandés,Leganés,N/A,14,1.33,0.33,1.71,0.86,1,0,1,0,0,0,"89","",-1,-1,4,1,4,0,2,3,0,4,-1,-1,-1,-1,-1,-1,-1,-1,-1,-1,0.00,0.00,0.00,0.00,1.75,33,59,25,9,9,25,50,17,67,8.80,5.00,2.68,3.15,2.95,0.00,0.00,0.00,0.00,0.00,0.00,Estadio Municipal de Anduva
1416762900,Nov 23 2014 - 5:15pm,complete,35000,Real Betis,Deportivo Alavés,N/A,14,2.17,1.00,2.14,0.86,1,2,3,2,0,2,"53","16,26",3,4,3,0,3,0,1,2,1,2,11,9,5,3,6,6,16,18,57,43,0.00,0.00,0.00,0.00,2.09,50,67,25,17,9,17,67,25,83,10.13,7.00,1.66,3.79,6.14,0.00,0.00,0.00,0.00,0.00,0.00,Estadio Benito Villamarín
1416765600,Nov 23 2014 - 6:00pm,complete,9000,Albacete Balompié,CA Osasuna,N/A,14,0.67,0.50,1.52,0.62,2,0,2,1,1,0,"42,69","",5,4,5,0,1,0,1,4,1,0,6,10,3,3,3,7,19,11,39,61,0.00,0.00,0.00,0.00,2.50,42,59,25,25,25,33,75,25,59,10.97,5.50,2.62,3.20,2.97,0.00,0.00,0.00,0.00,0.00,0.00,Estadio Carlos Belmonte
1416772800,Nov 23 2014 - 8:00pm,complete,3000,AD Alcorcón,CD Lugo,N/A,14,1.50,0.83,1.43,0.62,1,0,1,0,0,0,"84","",12,0,3,0,3,2,2,1,3,2,19,3,9,2,10,1,14,16,62,38,0.00,0.00,0.00,0.00,1.75,25,50,33,9,0,17,34,33,67,8.40,6.83,1.99,3.32,4.42,0.00,0.00,0.00,0.00,0.00,0.00,Estadio Santo Domingo
1417280400,Nov 29 2014 - 5:00pm,complete,9210,Deportivo Alavés,CD Numancia,N/A,15,1.43,1.43,1.67,1.14,0,2,2,0,0,0,"","62,86",-1,-1,1,0,1,0,0,1,1,0,-1,-1,-1,-1,-1,-1,-1,-1,-1,-1,0.00,0.00,0.00,0.00,2.00,36,65,36,15,7,36,58,29,72,10.00,6.43,2.26,3.23,3.59,0.00,0.00,0.00,0.00,0.00,0.00,Estadio de Mendizorroza
1417280400,Nov 29 2014 - 5:00pm,complete,11526,CA Osasuna,Girona FC,N/A,15,1.71,2.00,1.52,2.05,0,0,0,0,0,0,"","",9,6,0,0,1,0,0,0,0,1,17,10,10,2,7,8,13,14,61,39,0.00,0.00,0.00,0.00,3.36,64,86,57,36,22,36,93,50,79,10.33,5.71,2.39,3.31,3.24,0.00,0.00,0.00,0.00,0.00,0.00,Estadio El Sadar
1417281300,Nov 29 2014 - 5:15pm,complete,3568,Llagostera-Costa Brava,Real Betis,N/A,15,1.00,1.14,1.38,1.86,0,2,2,0,0,0,"","54,79",9,3,2,0,3,0,1,1,1,2,6,6,3,2,3,4,11,22,52,48,0.00,0.00,0.00,0.00,2.65,43,64,43,43,29,22,64,43,79,6.54,6.29,3.91,3.28,2.13,0.00,0.00,0.00,0.00,0.00,0.00,Estadio Nou Municipal de Palamós (Palamós)
1417293000,Nov 29 2014 - 8:30pm,complete,4000,Leganés,Real Valladolid,N/A,15,1.71,1.71,1.81,1.45,1,0,1,0,0,0,"72","",5,3,1,0,2,0,0,1,0,2,7,3,5,0,2,3,14,12,41,59,0.00,0.00,0.00,0.00,2.14,50,58,29,22,7,29,65,29,65,11.12,5.57,2.80,3.15,2.82,0.00,0.00,0.00,0.00,0.00,0.00,Estadio Municipal de Butarque
1417345200,Nov 30 2014 - 11:00am,complete,6950,RCD Mallorca,Sporting Gijón,N/A,15,1.71,1.57,1.48,1.62,0,1,1,0,0,0,"","74",3,2,2,0,3,0,1,1,1,2,8,5,7,2,1,3,11,16,53,47,0.00,0.00,0.00,0.00,2.14,64,79,29,7,7,29,57,36,64,9.43,6.28,2.59,3.26,2.96,0.00,0.00,0.00,0.00,0.00,0.00,Iberostar Estadi
1417346100,Nov 30 2014 - 11:15am,complete,7266,Racing Santander,AD Alcorcón,N/A,15,1.14,1.14,1.05,1.14,0,1,1,1,0,1,"","40",0,3,2,0,3,0,1,1,1,2,6,7,3,2,3,5,14,22,56,44,0.00,0.00,0.00,0.00,2.93,79,86,64,29,22,50,86,36,79,9.74,9.14,2.36,3.24,3.37,0.00,0.00,0.00,0.00,0.00,0.00,Campos de Sport de El Sardinero
1417363200,Nov 30 2014 - 4:00pm,complete,2129,Barcelona II,Albacete Balompié,N/A,15,1.57,0.57,0.95,0.90,1,2,3,1,1,0,"15","83,88",4,3,3,0,1,0,0,3,1,0,10,14,5,8,5,6,8,12,61,39,0.00,0.00,0.00,0.00,3.00,64,64,50,43,36,43,72,50,79,10.40,4.71,2.04,3.64,3.76,0.00,0.00,0.00,0.00,0.00,0.00,Mini Estadi
1417363200,Nov 30 2014 - 4:00pm,complete,6403,Recreativo de Huelva,Mirandés,N/A,15,1.71,0.57,1.33,1.10,0,1,1,0,0,0,"","88",-1,-1,3,0,4,0,1,2,1,3,-1,-1,-1,-1,-1,-1,-1,-1,-1,-1,0.00,0.00,0.00,0.00,2.14,36,64,43,14,14,36,71,29,64,9.46,5.29,1.83,3.51,5.01,0.00,0.00,0.00,0.00,0.00,0.00,Estadio Nuevo Colombino
1417367700,Nov 30 2014 - 5:15pm,complete,9600,Real Zaragoza,SD Ponferradina,N/A,15,1.71,1.14,1.74,0.95,4,1,5,3,3,0,"3,32,36,48","57",3,9,4,0,1,0,1,3,0,1,3,11,2,5,1,6,17,7,43,57,0.00,0.00,0.00,0.00,2.36,57,72,43,22,7,29,72,43,72,6.46,5.14,2.46,3.33,3.09,0.00,0.00,0.00,0.00,0.00,0.00,Estadio de la Romareda
1417370400,Nov 30 2014 - 6:00pm,complete,3486,CD Lugo,CD Tenerife,N/A,15,1.86,0.43,1.71,0.57,1,0,1,0,0,0,"87","",0,0,4,1,4,1,1,4,2,3,0,0,0,0,0,0,1,2,54,46,0.00,0.00,0.00,0.00,2.79,50,72,43,29,29,29,65,57,79,9.80,5.71,2.32,3.21,3.47,0.00,0.00,0.00,0.00,0.00,0.00,Estadio Anxo Carro
1417878000,Dec 06 2014 - 3:00pm,complete,2086,CD Numancia,Llagostera-Costa Brava,N/A,16,0.86,0.86,1.38,1.33,3,2,5,0,0,0,"78,85,89","70,89",13,4,4,0,3,1,1,3,1,3,10,2,7,2,3,0,7,15,68,32,0.00,0.00,0.00,0.00,1.79,36,64,22,15,0,15,64,29,57,6.16,6.00,1.73,3.53,5.94,0.00,0.00,0.00,0.00,0.00,0.00,Nuevo Estadio Los Pajaritos
1417885200,Dec 06 2014 - 5:00pm,complete,3000,Mirandés,CA Osasuna,N/A,16,1.57,0.43,1.71,0.62,1,0,1,0,0,0,"66","",4,0,1,0,3,0,0,1,2,1,11,0,8,0,3,0,14,15,50,50,0.00,0.00,0.00,0.00,2.00,29,64,22,14,14,29,64,14,64,8.83,6.14,2.45,3.20,3.24,0.00,0.00,0.00,0.00,0.00,0.00,Estadio Municipal de Anduva
1417892400,Dec 06 2014 - 7:00pm,complete,4200,SD Ponferradina,Deportivo Alavés,N/A,16,2.14,1.29,1.90,0.86,2,1,3,1,0,1,"69,78","29",3,5,5,0,3,1,2,3,1,3,5,4,2,2,3,2,17,14,48,52,0.00,0.00,0.00,0.00,3.00,64,72,43,36,22,22,86,43,79,12.04,6.71,1.97,3.45,4.31,0.00,0.00,0.00,0.00,0.00,0.00,Estadio El Toralín
1417892400,Dec 06 2014 - 7:00pm,complete,13000,UD Las Palmas,Leganés,N/A,16,2.43,0.29,2.30,0.86,1,0,1,0,0,0,"90","",7,4,2,0,6,0,1,1,4,2,17,5,5,0,12,5,8,21,62,38,0.00,0.00,0.00,0.00,1.93,36,65,29,7,7,7,50,29,79,10.09,5.57,1.57,3.97,7.00,0.00,0.00,0.00,0.00,0.00,0.00,Estadio de Gran Canaria
1417950000,Dec 07 2014 - 11:00am,complete,3200,Girona FC,Barcelona II,N/A,16,2.14,0.86,1.82,0.76,0,1,1,0,0,0,"","66",9,2,4,0,2,0,2,2,0,2,30,5,11,2,19,3,19,11,61,39,0.00,0.00,0.00,0.00,3.00,36,79,50,29,22,43,86,36,72,10.71,4.72,1.77,3.84,4.88,0.00,0.00,0.00,0.00,0.00,0.00,Estadi Municipal de Montilivi
1417968000,Dec 07 2014 - 4:00pm,complete,3300,AD Alcorcón,CE Sabadell FC,N/A,16,1.71,0.57,1.43,0.48,3,2,5,4,3,1,"8,38,41","23,63",6,5,3,0,1,0,0,3,1,0,8,6,4,5,4,1,8,18,48,52,0.00,0.00,0.00,0.00,2.36,50,64,43,29,0,36,64,36,86,12.00,7.28,1.91,3.43,4.64,0.00,0.00,0.00,0.00,0.00,0.00,Estadio Santo Domingo
1417968000,Dec 07 2014 - 4:00pm,complete,17000,Sporting Gijón,CD Lugo,N/A,16,2.14,0.71,2.29,0.62,2,1,3,2,1,1,"31,78","12",3,1,3,1,4,0,1,3,0,4,9,5,6,3,3,2,10,20,47,53,0.00,0.00,0.00,0.00,1.79,43,58,36,7,0,7,22,43,79,7.21,6.43,1.77,3.58,5.38,0.00,0.00,0.00,0.00,0.00,0.00,Estadio Municipal El Molinón
1417972500,Dec 07 2014 - 5:15pm,complete,8861,Real Valladolid,Recreativo de Huelva,N/A,16,2.00,1.14,1.91,0.62,1,0,1,1,1,0,"44","",6,2,3,0,3,0,1,2,2,1,12,4,2,0,10,4,13,10,58,42,0.00,0.00,0.00,0.00,2.65,57,79,64,22,15,29,79,57,71,7.29,6.71,1.75,3.63,5.45,0.00,0.00,0.00,0.00,0.00,0.00,Estadio Municipal José Zorrilla
1417975200,Dec 07 2014 - 6:00pm,complete,8379,CD Tenerife,Racing Santander,N/A,16,1.71,1.14,1.71,1.05,1,0,1,0,0,0,"53","",8,2,1,0,2,0,0,1,0,2,9,3,5,0,4,3,15,15,47,53,0.00,0.00,0.00,0.00,2.00,43,71,29,15,0,22,86,15,71,11.54,6.14,2.04,3.29,4.23,0.00,0.00,0.00,0.00,0.00,0.00,Estadio Heliodoro Rodríguez Lopéz
1418058900,Dec 08 2014 - 5:15pm,complete,25007,Real Betis,RCD Mallorca,N/A,16,1.86,1.00,2.14,0.81,1,0,1,0,0,0,"55","",5,8,1,0,4,0,0,1,1,3,11,15,4,7,7,8,12,20,47,53,0.00,0.00,0.00,0.00,2.86,50,64,50,29,22,29,64,43,79,9.16,7.00,1.83,3.48,5.07,0.00,0.00,0.00,0.00,0.00,0.00,Estadio Benito Villamarín
1418067000,Dec 08 2014 - 7:30pm,complete,6745,Albacete Balompié,Real Zaragoza,N/A,16,1.00,1.14,1.52,1.17,2,2,4,2,1,1,"36,55","8,61",9,4,1,0,2,1,0,1,0,3,6,5,3,3,3,2,13,15,56,44,0.00,0.00,0.00,0.00,2.93,50,64,43,43,29,43,86,43,71,11.00,6.00,2.52,3.24,3.08,0.00,0.00,0.00,0.00,0.00,0.00,Estadio Carlos Belmonte
1418238000,Dec 10 2014 - 7:00pm,complete,1986,CE Sabadell FC,UD Las Palmas,N/A,15,1.43,1.71,1.33,1.30,2,2,4,2,1,1,"20,71","18,57",1,6,5,0,3,0,1,4,1,2,4,6,3,2,1,4,19,8,41,59,0.00,0.00,0.00,0.00,2.93,65,79,64,29,22,57,79,43,64,10.86,5.29,3.04,3.29,2.52,0.00,0.00,0.00,0.00,0.00,0.00,Estadi de la Nova Creu Alta
1418490000,Dec 13 2014 - 5:00pm,complete,12987,Racing Santander,Sporting Gijón,N/A,17,1.00,1.75,1.05,1.62,1,1,2,1,0,1,"61","22",4,7,4,0,2,0,1,3,0,2,5,9,4,5,1,4,17,15,43,57,0.00,0.00,0.00,0.00,1.82,50,63,32,7,0,19,69,19,63,6.88,6.01,0.00,0.00,0.00,0.00,0.00,0.00,0.00,0.00,0.00,Campos de Sport de El Sardinero
1418490000,Dec 13 2014 - 5:00pm,complete,3200,Barcelona II,Mirandés,N/A,17,1.38,0.88,0.95,1.10,1,3,4,1,0,1,"52","14,61,69",9,4,1,0,4,0,0,1,3,1,15,6,9,3,6,3,6,12,71,29,0.00,0.00,0.00,0.00,2.32,44,57,44,26,19,26,63,44,75,10.67,5.13,1.83,3.67,4.76,0.00,0.00,0.00,0.00,0.00,0.00,Mini Estadi
1418490900,Dec 13 2014 - 5:15pm,complete,2600,CD Lugo,Real Betis,N/A,17,2.00,1.38,1.71,1.86,0,1,1,0,0,0,"","59",6,3,2,0,4,0,0,2,1,3,13,3,6,2,7,1,11,14,56,44,0.00,0.00,0.00,0.00,2.88,57,63,51,44,32,32,51,57,82,7.13,6.38,2.88,3.28,2.65,0.00,0.00,0.00,0.00,0.00,0.00,Estadio Anxo Carro
1418497200,Dec 13 2014 - 7:00pm,complete,2736,Recreativo de Huelva,UD Las Palmas,N/A,17,1.50,1.63,1.33,1.30,2,4,6,3,0,3,"72,79","13,24,26,56",-1,-1,4,0,2,0,1,3,0,2,-1,-1,-1,-1,-1,-1,-1,-1,-1,-1,0.00,0.00,0.00,0.00,2.38,63,76,57,19,7,50,76,32,63,8.46,5.01,3.37,3.27,2.34,0.00,0.00,0.00,0.00,0.00,0.00,Estadio Nuevo Colombino
1418554800,Dec 14 2014 - 11:00am,complete,12000,CA Osasuna,Real Valladolid,N/A,17,1.63,1.50,1.52,1.45,2,1,3,3,2,1,"3,34","15",4,5,3,1,2,0,2,2,2,0,10,9,4,3,6,6,10,16,40,60,0.00,0.00,0.00,0.00,2.63,38,50,32,32,26,26,63,38,63,11.00,5.38,2.66,3.16,2.97,0.00,0.00,0.00,0.00,0.00,0.00,Estadio El Sadar
1418555700,Dec 14 2014 - 11:15am,complete,5755,RCD Mallorca,CD Numancia,N/A,17,1.50,1.63,1.48,1.14,1,1,2,1,0,1,"89","28",4,2,3,0,4,0,2,1,2,2,13,7,6,3,7,4,18,22,57,43,0.00,0.00,0.00,0.00,2.38,44,82,38,7,7,38,63,38,82,10.06,7.25,2.26,3.29,3.53,0.00,0.00,0.00,0.00,0.00,0.00,Iberostar Estadi
1418572800,Dec 14 2014 - 4:00pm,complete,2038,Llagostera-Costa Brava,SD Ponferradina,N/A,17,0.88,1.00,1.38,0.95,3,1,4,0,0,0,"50,62,71","66",-1,-1,3,0,3,1,2,1,2,2,-1,-1,-1,-1,-1,-1,-1,-1,-1,-1,0.00,0.00,0.00,0.00,2.13,32,63,32,19,13,19,57,44,69,8.33,4.25,2.89,3.16,2.72,0.00,0.00,0.00,0.00,0.00,0.00,Estadio Nou Municipal de Palamós (Palamós)
1418572800,Dec 14 2014 - 4:00pm,complete,12000,Real Zaragoza,Girona FC,N/A,17,1.88,1.88,1.74,2.05,2,1,3,1,0,1,"55,61","14",2,4,3,0,7,1,1,2,2,6,15,6,5,3,10,3,17,17,56,44,0.00,0.00,0.00,0.00,2.63,69,82,50,26,13,32,82,44,76,7.71,5.51,2.46,3.31,3.12,0.00,0.00,0.00,0.00,0.00,0.00,Estadio de la Romareda
1418577300,Dec 14 2014 - 5:15pm,complete,8444,Deportivo Alavés,Albacete Balompié,N/A,17,1.25,0.88,1.67,0.90,2,1,3,2,1,1,"5,66","44",3,1,1,0,2,0,0,1,0,2,8,6,3,3,5,3,11,14,47,53,0.00,0.00,0.00,0.00,2.57,57,63,44,32,26,32,57,57,76,10.14,5.01,1.91,3.45,4.62,0.00,0.00,0.00,0.00,0.00,0.00,Estadio de Mendizorroza
1418580000,Dec 14 2014 - 6:00pm,complete,2108,AD Alcorcón,CD Tenerife,N/A,17,1.88,0.38,1.43,0.57,0,0,0,0,0,0,"","",1,4,2,0,2,0,1,1,1,1,8,2,0,0,8,2,14,11,58,42,0.00,0.00,0.00,0.00,2.51,38,69,38,25,19,32,69,38,82,10.43,7.38,2.04,3.31,4.18,0.00,0.00,0.00,0.00,0.00,0.00,Estadio Santo Domingo
1418587200,Dec 14 2014 - 8:00pm,complete,2128,CE Sabadell FC,Leganés,N/A,17,1.38,0.25,1.33,0.86,1,2,3,2,0,2,"48","4,29",3,8,3,0,4,0,1,2,0,4,11,10,5,3,6,7,13,15,60,40,0.00,0.00,0.00,0.00,2.38,38,57,38,25,19,44,50,32,75,9.96,6.25,2.14,3.27,3.89,0.00,0.00,0.00,0.00,0.00,0.00,Estadi de la Nova Creu Alta
1419087600,Dec 20 2014 - 3:00pm,complete,3905,Girona FC,Deportivo Alavés,N/A,18,1.88,1.13,1.82,0.86,2,2,4,2,1,1,"27,89","38,89",5,2,1,0,5,0,1,0,2,3,10,4,4,2,6,2,16,17,60,40,0.00,0.00,0.00,0.00,2.38,50,82,44,13,0,26,88,32,76,10.88,5.88,1.86,3.52,4.80,0.00,0.00,0.00,0.00,0.00,0.00,Estadi Municipal de Montilivi
1419091200,Dec 20 2014 - 4:00pm,complete,5200,SD Ponferradina,RCD Mallorca,N/A,18,2.25,0.88,1.90,0.81,3,1,4,1,1,0,"27,55,65","77",-1,-1,2,0,3,0,1,1,1,2,-1,-1,-1,-1,-1,-1,-1,-1,-1,-1,0.00,0.00,0.00,0.00,3.44,57,63,57,44,32,19,76,63,75,11.23,7.13,2.08,3.38,3.95,0.00,0.00,0.00,0.00,0.00,0.00,Estadio El Toralín
1419095700,Dec 20 2014 - 5:15pm,complete,4800,Mirandés,Real Zaragoza,N/A,18,1.75,1.13,1.71,1.17,1,1,2,0,0,0,"90","54",11,5,3,0,5,1,0,3,1,5,8,12,4,6,4,6,15,10,47,53,0.00,0.00,0.00,0.00,2.50,44,63,44,38,19,44,69,38,75,8.93,6.26,2.47,3.23,3.17,0.00,0.00,0.00,0.00,0.00,0.00,Estadio Municipal de Anduva
1419102000,Dec 20 2014 - 7:00pm,complete,7057,CD Tenerife,CE Sabadell FC,N/A,18,1.88,0.50,1.71,0.48,1,0,1,1,1,0,"37","",7,4,4,0,5,0,0,4,5,0,4,7,2,2,2,5,15,15,47,53,0.00,0.00,0.00,0.00,2.32,57,69,38,25,7,32,75,19,88,13.18,5.13,1.79,3.61,5.12,0.00,0.00,0.00,0.00,0.00,0.00,Estadio Heliodoro Rodríguez Lopéz
1419105600,Dec 20 2014 - 8:00pm,complete,1690,CD Numancia,CD Lugo,N/A,18,1.13,0.63,1.38,0.62,6,6,12,2,1,1,"34,61,69,84,89,90","12,49,57,68,71,79",4,1,3,0,3,0,1,2,1,2,8,3,4,2,4,1,4,6,66,34,0.00,0.00,0.00,0.00,2.07,44,57,44,19,7,19,38,38,69,7.86,6.50,2.08,3.22,4.20,0.00,0.00,0.00,0.00,0.00,0.00,Nuevo Estadio Los Pajaritos
1419159600,Dec 21 2014 - 11:00am,complete,27238,Real Betis,Racing Santander,N/A,18,2.00,1.00,2.14,1.05,2,0,2,1,1,0,"3,90'4","",7,2,3,0,3,0,0,3,2,1,15,3,9,0,6,3,18,17,58,42,0.00,0.00,0.00,0.00,2.07,38,57,38,19,7,32,63,19,82,8.86,7.26,1.62,3.89,6.40,0.00,0.00,0.00,0.00,0.00,0.00,Estadio Benito Villamarín
1419160500,Dec 21 2014 - 11:15am,complete,5600,Albacete Balompié,Llagostera-Costa Brava,N/A,18,1.00,0.75,1.52,1.33,0,2,2,1,0,1,"","15,50",13,2,3,0,3,0,2,1,2,1,16,8,4,4,12,4,11,15,53,47,0.00,0.00,0.00,0.00,2.32,38,63,26,26,19,19,69,32,69,9.27,5.13,1.96,3.42,4.40,0.00,0.00,0.00,0.00,0.00,0.00,Estadio Carlos Belmonte
1419177600,Dec 21 2014 - 4:00pm,complete,22076,Sporting Gijón,AD Alcorcón,N/A,18,2.25,1.38,2.29,1.14,2,1,3,2,2,0,"20,29","78",2,5,2,0,5,1,2,0,2,4,6,8,6,4,0,4,13,20,49,51,0.00,0.00,0.00,0.00,2.82,82,88,57,26,19,44,69,44,82,9.67,8.38,2.09,3.32,4.00,0.00,0.00,0.00,0.00,0.00,0.00,Estadio Municipal El Molinón
1419182100,Dec 21 2014 - 5:15pm,complete,5000,Leganés,Recreativo de Huelva,N/A,18,1.88,1.00,1.81,0.62,2,0,2,1,1,0,"33,51","",5,5,2,0,4,0,1,1,3,1,9,13,4,2,5,11,17,13,49,51,0.00,0.00,0.00,0.00,2.57,51,75,44,25,13,44,82,32,76,8.99,6.51,1.85,3.48,4.96,0.00,0.00,0.00,0.00,0.00,0.00,Estadio Municipal de Butarque
1419184800,Dec 21 2014 - 6:00pm,complete,9081,Real Valladolid,Barcelona II,N/A,18,2.13,1.13,1.91,0.76,7,0,7,4,4,0,"23,24,36,42,57,76,85","",7,5,1,0,3,0,1,0,2,1,15,8,8,6,7,2,12,11,48,52,0.00,0.00,0.00,0.00,2.63,51,63,51,26,19,19,69,51,76,8.75,5.00,1.70,3.91,5.40,0.00,0.00,0.00,0.00,0.00,0.00,Estadio Municipal José Zorrilla
1419184800,Dec 21 2014 - 6:00pm,complete,20032,UD Las Palmas,CA Osasuna,N/A,18,2.50,0.38,2.30,0.62,1,2,3,1,1,0,"36","60,68",7,4,4,0,5,1,4,0,2,4,11,8,5,6,6,2,11,22,59,41,0.00,0.00,0.00,0.00,2.13,32,69,26,13,13,13,63,26,76,9.67,5.88,1.76,3.68,5.23,0.00,0.00,0.00,0.00,0.00,0.00,Estadio de Gran Canaria
1420297200,Jan 03 2015 - 3:00pm,complete,10315,Deportivo Alavés,Mirandés,N/A,19,1.44,1.11,1.67,1.10,1,3,4,2,0,2,"88","7,20,89",8,1,0,0,3,0,0,0,1,2,19,14,9,6,10,8,5,15,54,46,0.00,0.00,0.00,0.00,2.06,39,56,39,22,11,22,50,44,73,10.38,5.44,2.06,3.31,4.15,0.00,0.00,0.00,0.00,0.00,0.00,Estadio de Mendizorroza
1420304400,Jan 03 2015 - 5:00pm,complete,6500,RCD Mallorca,Albacete Balompié,N/A,19,1.44,0.78,1.48,0.90,2,0,2,0,0,0,"46,50","",-1,-1,4,0,4,0,1,3,1,3,-1,-1,-1,-1,-1,-1,-1,-1,-1,-1,0.00,0.00,0.00,0.00,2.89,73,78,50,22,22,39,73,50,84,9.57,6.22,1.83,3.64,4.79,0.00,0.00,0.00,0.00,0.00,0.00,Iberostar Estadi
1420304400,Jan 03 2015 - 5:00pm,complete,3576,Llagostera-Costa Brava,Girona FC,N/A,19,1.11,1.67,1.38,2.05,1,2,3,3,1,2,"32","11,26",9,3,5,0,3,0,2,3,1,2,6,6,3,4,3,2,18,15,46,54,0.00,0.00,0.00,0.00,2.22,45,73,39,17,6,11,61,44,73,8.83,5.33,3.98,3.28,2.11,0.00,0.00,0.00,0.00,0.00,0.00,Estadio Nou Municipal de Palamós (Palamós)
1420305300,Jan 03 2015 - 5:15pm,complete,13414,CA Osasuna,Leganés,N/A,19,1.78,0.56,1.52,0.86,2,1,3,0,0,0,"63,74","60",5,3,3,0,5,0,1,2,2,3,9,4,5,3,4,1,8,14,59,41,0.00,0.00,0.00,0.00,2.56,45,61,39,22,17,33,61,28,73,10.56,6.45,2.07,3.29,4.12,0.00,0.00,0.00,0.00,0.00,0.00,Estadio El Sadar
1420311600,Jan 03 2015 - 7:00pm,complete,2697,Barcelona II,UD Las Palmas,N/A,19,1.22,1.78,0.95,1.30,0,2,2,1,0,1,"","35,70",5,6,2,0,1,0,0,2,0,1,9,13,4,9,5,4,12,14,63,37,0.00,0.00,0.00,0.00,2.95,78,78,67,39,17,45,78,56,73,10.07,4.45,3.20,3.50,2.32,0.00,0.00,0.00,0.00,0.00,0.00,Mini Estadi
1420369200,Jan 04 2015 - 11:00am,complete,18000,Real Zaragoza,Real Valladolid,N/A,19,2.00,1.33,1.74,1.45,0,2,2,2,0,2,"","2,15",7,2,4,0,3,0,1,3,2,1,10,5,5,4,5,1,14,20,48,52,0.00,0.00,0.00,0.00,2.39,56,61,39,22,17,28,67,39,67,7.63,5.67,2.53,3.27,3.04,0.00,0.00,0.00,0.00,0.00,0.00,Estadio de la Romareda
1420370100,Jan 04 2015 - 11:15am,complete,3671,CD Lugo,SD Ponferradina,N/A,19,1.78,0.89,1.71,0.95,0,0,0,0,0,0,"","",-1,-1,3,0,5,0,1,2,3,2,-1,-1,-1,-1,-1,-1,-1,-1,-1,-1,0.00,0.00,0.00,0.00,2.45,50,56,45,28,17,28,45,50,73,8.33,4.77,2.27,3.31,3.46,0.00,0.00,0.00,0.00,0.00,0.00,Estadio Anxo Carro
1420387200,Jan 04 2015 - 4:00pm,complete,3329,CE Sabadell FC,Recreativo de Huelva,N/A,19,1.22,0.89,1.33,0.62,1,0,1,0,0,0,"84","",6,5,1,0,3,0,1,0,2,1,11,8,8,5,3,3,6,18,52,48,0.00,0.00,0.00,0.00,3.00,45,78,56,33,28,61,84,39,73,8.91,6.67,2.35,3.23,3.39,0.00,0.00,0.00,0.00,0.00,0.00,Estadi de la Nova Creu Alta
1420391700,Jan 04 2015 - 5:15pm,complete,4336,AD Alcorcón,Real Betis,N/A,19,1.78,1.56,1.43,1.86,0,0,0,0,0,0,"","",1,0,6,1,5,1,2,5,2,4,8,5,2,0,6,5,24,25,43,57,0.00,0.00,0.00,0.00,2.56,45,62,45,39,22,33,56,39,78,8.86,7.33,3.12,3.24,2.49,0.00,0.00,0.00,0.00,0.00,0.00,Estadio Santo Domingo
1420394400,Jan 04 2015 - 6:00pm,complete,9594,CD Tenerife,Sporting Gijón,N/A,19,2.00,1.67,1.71,1.62,1,1,2,1,1,0,"14","51",1,8,2,0,3,0,0,2,2,1,9,12,5,9,4,3,11,16,41,59,0.00,0.00,0.00,0.00,1.56,45,62,11,0,0,11,67,6,67,11.34,4.67,2.95,3.13,2.68,0.00,0.00,0.00,0.00,0.00,0.00,Estadio Heliodoro Rodríguez Lopéz
1420401600,Jan 04 2015 - 8:00pm,complete,5000,Racing Santander,CD Numancia,N/A,19,1.00,1.56,1.05,1.14,1,1,2,1,0,1,"55","33",5,2,5,0,3,0,3,2,1,2,3,6,0,2,3,4,23,15,52,48,0.00,0.00,0.00,0.00,2.17,45,78,39,6,0,28,84,22,78,7.80,7.22,3.11,3.19,2.53,0.00,0.00,0.00,0.00,0.00,0.00,Campos de Sport de El Sardinero
1420902000,Jan 10 2015 - 3:00pm,complete,7000,Leganés,Barcelona II,N/A,20,2.00,1.00,1.81,0.76,2,0,2,1,1,0,"31,50","",5,4,4,0,3,0,4,0,2,1,6,6,3,2,3,4,10,8,42,58,0.00,0.00,0.00,0.00,2.95,45,73,39,33,22,39,73,33,89,10.33,4.89,1.80,3.72,4.85,0.00,0.00,0.00,0.00,0.00,0.00,Estadio Municipal de Butarque
1420909200,Jan 10 2015 - 5:00pm,complete,6520,Albacete Balompié,CD Lugo,N/A,20,0.89,0.67,1.52,0.62,3,0,3,1,1,0,"1,75,88","",6,4,5,0,3,0,0,5,1,2,5,8,2,5,3,3,22,12,43,57,0.00,0.00,0.00,0.00,2.73,39,56,39,22,17,28,56,33,78,9.91,5.44,2.39,3.20,3.34,0.00,0.00,0.00,0.00,0.00,0.00,Estadio Carlos Belmonte
1420909200,Jan 10 2015 - 5:00pm,complete,3928,Girona FC,RCD Mallorca,N/A,20,1.78,0.78,1.82,0.81,0,0,0,0,0,0,"","",6,4,3,0,3,0,1,2,1,2,9,13,8,7,1,6,14,20,58,42,0.00,0.00,0.00,0.00,2.95,45,73,56,33,11,28,78,50,73,10.76,5.77,1.92,3.46,4.55,0.00,0.00,0.00,0.00,0.00,0.00,Estadi Municipal de Montilivi
1420910100,Jan 10 2015 - 5:15pm,complete,8947,Recreativo de Huelva,CA Osasuna,N/A,20,1.33,0.67,1.33,0.62,1,1,2,0,0,0,"53","63",5,3,1,0,5,0,0,1,1,4,7,6,4,3,3,3,12,11,44,56,0.00,0.00,0.00,0.00,2.28,39,67,33,17,17,39,67,22,67,7.55,6.11,2.53,3.19,3.11,0.00,0.00,0.00,0.00,0.00,0.00,Estadio Nuevo Colombino
1420916400,Jan 10 2015 - 7:00pm,complete,30054,Real Betis,CD Tenerife,N/A,20,2.11,0.44,2.14,0.57,3,1,4,1,1,0,"44,69,80","55",6,1,2,0,4,1,1,1,2,3,9,3,4,0,5,3,17,13,61,39,0.00,0.00,0.00,0.00,2.17,33,62,33,17,17,28,62,28,84,9.50,6.89,1.80,3.52,5.24,0.00,0.00,0.00,0.00,0.00,0.00,Estadio Benito Villamarín
1420974000,Jan 11 2015 - 11:00am,complete,20440,UD Las Palmas,Real Zaragoza,N/A,20,2.22,1.11,2.30,1.17,5,3,8,2,1,1,"9,47,55,61,86","15,85,89",3,6,1,3,4,0,0,4,2,2,9,12,6,7,3,5,15,17,51,49,0.00,0.00,0.00,0.00,2.72,56,78,50,34,17,28,73,56,84,10.66,6.67,1.63,3.94,6.20,0.00,0.00,0.00,0.00,0.00,0.00,Estadio de Gran Canaria
1420974900,Jan 11 2015 - 11:15am,complete,3000,CD Numancia,AD Alcorcón,N/A,20,1.11,1.22,1.38,1.14,2,2,4,2,1,1,"32,73","17,90",4,6,3,0,2,0,2,1,1,1,4,11,2,4,2,7,16,15,49,51,0.00,0.00,0.00,0.00,3.45,78,84,62,39,28,50,78,45,73,10.52,8.33,2.16,3.27,3.82,0.00,0.00,0.00,0.00,0.00,0.00,Nuevo Estadio Los Pajaritos
1420992000,Jan 11 2015 - 4:00pm,complete,4349,CE Sabadell FC,Sporting Gijón,N/A,20,1.40,1.60,1.33,1.62,2,2,4,3,1,2,"39,80","6,20",3,4,4,0,2,0,3,1,0,2,11,8,5,3,6,5,12,13,48,52,0.00,0.00,0.00,0.00,2.35,55,70,35,20,15,40,65,25,75,9.90,5.20,3.44,3.28,2.30,0.00,0.00,0.00,0.00,0.00,0.00,Estadi de la Nova Creu Alta
1420992000,Jan 11 2015 - 4:00pm,complete,3435,Mirandés,Llagostera-Costa Brava,N/A,20,1.67,1.00,1.71,1.33,1,0,1,0,0,0,"84","",-1,-1,2,0,2,0,1,1,2,0,-1,-1,-1,-1,-1,-1,-1,-1,-1,-1,0.00,0.00,0.00,0.00,1.78,28,62,17,11,11,11,50,22,73,7.96,5.66,2.08,3.30,4.05,0.00,0.00,0.00,0.00,0.00,0.00,Estadio Municipal de Anduva
1420996500,Jan 11 2015 - 5:15pm,complete,9107,Real Valladolid,Deportivo Alavés,N/A,20,2.22,1.11,1.91,0.86,2,0,2,1,1,0,"16,72","",3,2,2,0,2,0,1,1,1,1,16,9,5,5,11,4,11,12,52,48,0.00,0.00,0.00,0.00,2.62,67,78,56,22,6,17,84,56,78,8.89,6.00,1.76,3.56,5.47,0.00,0.00,0.00,0.00,0.00,0.00,Estadio Municipal José Zorrilla
1421006400,Jan 11 2015 - 8:00pm,complete,2500,SD Ponferradina,Racing Santander,N/A,20,2.33,0.89,1.90,1.05,1,1,2,0,0,0,"58","90'1",1,1,3,0,2,0,0,3,1,1,5,6,2,4,3,2,9,16,53,47,0.00,0.00,0.00,0.00,2.89,50,67,50,39,17,22,84,45,78,10.18,7.34,1.81,3.56,5.07,0.00,0.00,0.00,0.00,0.00,0.00,Estadio El Toralín
1421506800,Jan 17 2015 - 3:00pm,complete,13092,CA Osasuna,CE Sabadell FC,N/A,21,1.90,0.44,1.52,0.48,0,0,0,0,0,0,"","",3,1,2,0,3,0,2,0,1,2,14,7,7,4,7,3,13,15,56,44,0.00,0.00,0.00,0.00,3.14,64,74,58,42,21,42,79,42,80,11.25,6.34,1.94,3.44,4.54,0.00,0.00,0.00,0.00,0.00,0.00,Estadio El Sadar
1421514000,Jan 17 2015 - 5:00pm,complete,3680,CD Lugo,Girona FC,N/A,21,1.70,1.80,1.71,2.05,1,2,3,3,1,2,"42","20,22",4,6,3,1,3,0,2,2,1,2,6,10,3,5,3,5,14,11,54,46,0.00,0.00,0.00,0.00,2.25,55,60,45,15,10,25,55,40,65,8.66,5.50,2.72,3.16,2.93,0.00,0.00,0.00,0.00,0.00,0.00,Estadio Anxo Carro
1421514900,Jan 17 2015 - 5:15pm,complete,5000,Racing Santander,Albacete Balompié,N/A,21,1.00,0.70,1.05,0.90,1,0,1,1,1,0,"12","",1,2,2,1,5,1,0,3,2,4,3,9,2,4,1,5,19,17,38,62,0.00,0.00,0.00,0.00,2.65,65,75,50,20,15,30,85,40,80,7.93,6.50,2.30,3.24,3.54,0.00,0.00,0.00,0.00,0.00,0.00,Campos de Sport de El Sardinero
1421521200,Jan 17 2015 - 7:00pm,complete,8832,Deportivo Alavés,UD Las Palmas,N/A,21,1.30,1.90,1.67,1.30,1,1,2,0,0,0,"46","83",3,3,4,0,3,1,3,1,2,2,8,7,4,3,4,4,30,12,37,63,0.00,0.00,0.00,0.00,2.55,65,75,55,30,10,45,65,50,70,10.06,4.40,2.92,3.26,2.66,0.00,0.00,0.00,0.00,0.00,0.00,Estadio de Mendizorroza
1421578800,Jan 18 2015 - 11:00am,complete,20095,Sporting Gijón,Real Betis,N/A,21,2.33,1.50,2.29,1.86,1,2,3,1,1,0,"5","52,64",8,8,2,0,5,0,1,1,1,4,12,9,7,8,5,1,14,20,41,59,0.00,0.00,0.00,0.00,2.57,64,75,53,31,15,32,53,47,85,7.02,7.10,0.00,0.00,0.00,0.00,0.00,0.00,0.00,0.00,0.00,Estadio Municipal El Molinón
1421596800,Jan 18 2015 - 4:00pm,complete,6700,RCD Mallorca,Mirandés,N/A,21,1.60,1.30,1.48,1.10,2,0,2,0,0,0,"58,84","",-1,-1,5,0,3,0,0,5,2,1,-1,-1,-1,-1,-1,-1,-1,-1,-1,-1,0.00,0.00,0.00,0.00,2.40,50,70,40,20,10,25,60,50,80,10.11,6.90,2.12,3.38,3.96,0.00,0.00,0.00,0.00,0.00,0.00,Iberostar Estadi
1421596800,Jan 18 2015 - 4:00pm,complete,1900,Llagostera-Costa Brava,Real Valladolid,N/A,21,1.00,1.50,1.38,1.45,2,0,2,0,0,0,"50,82","",-1,-1,7,0,1,0,1,6,1,0,-1,-1,-1,-1,-1,-1,-1,-1,-1,-1,0.00,0.00,0.00,0.00,2.00,30,55,25,15,10,20,50,30,55,9.33,5.20,4.12,3.30,2.08,0.00,0.00,0.00,0.00,0.00,0.00,Estadio Nou Municipal de Palamós (Palamós)
1421596800,Jan 18 2015 - 4:00pm,complete,3130,Barcelona II,Recreativo de Huelva,N/A,21,1.10,0.80,0.95,0.62,3,1,4,0,0,0,"50,60,83","85",6,4,3,0,3,0,3,0,2,1,6,14,4,4,2,10,10,16,61,39,0.00,0.00,0.00,0.00,2.60,45,70,45,30,20,35,75,40,75,9.03,5.50,2.37,3.47,3.17,0.00,0.00,0.00,0.00,0.00,0.00,Mini Estadi
1421601300,Jan 18 2015 - 5:15pm,complete,9000,Real Zaragoza,Leganés,N/A,21,1.80,0.50,1.74,0.86,2,0,2,1,1,0,"26,83","",5,6,1,0,3,0,1,0,1,2,4,7,2,3,2,4,11,14,51,49,0.00,0.00,0.00,0.00,2.30,55,70,40,15,10,30,60,35,80,7.69,6.90,2.23,3.30,3.65,0.00,0.00,0.00,0.00,0.00,0.00,Estadio de la Romareda
1421604000,Jan 18 2015 - 6:00pm,complete,8658,CD Tenerife,CD Numancia,N/A,21,1.90,1.50,1.71,1.14,0,0,0,0,0,0,"","",4,0,1,0,4,0,1,0,1,3,9,5,2,3,7,2,16,14,58,42,0.00,0.00,0.00,0.00,1.90,40,75,20,0,0,20,80,10,80,10.89,5.80,2.23,3.27,3.69,0.00,0.00,0.00,0.00,0.00,0.00,Estadio Heliodoro Rodríguez Lopéz
1421611200,Jan 18 2015 - 8:00pm,complete,1320,AD Alcorcón,SD Ponferradina,N/A,21,1.70,0.90,1.43,0.95,1,1,2,2,1,1,"41","14",9,1,2,0,4,1,2,0,2,3,9,2,2,0,7,2,16,16,59,41,0.00,0.00,0.00,0.00,2.10,40,55,40,25,10,30,50,35,60,9.22,6.40,2.11,3.34,3.98,0.00,0.00,0.00,0.00,0.00,0.00,Estadio Santo Domingo
1422111600,Jan 24 2015 - 3:00pm,complete,7621,Deportivo Alavés,Leganés,N/A,22,1.27,0.45,1.67,0.86,2,0,2,1,1,0,"17,90","",-1,-1,1,0,6,0,0,1,3,3,-1,-1,-1,-1,-1,-1,-1,-1,-1,-1,0.00,0.00,0.00,0.00,1.91,46,60,32,14,5,27,36,37,78,9.74,5.64,2.21,3.23,3.72,0.00,0.00,0.00,0.00,0.00,0.00,Estadio de Mendizorroza
1422118800,Jan 24 2015 - 5:00pm,complete,30000,Real Betis,CE Sabadell FC,N/A,22,2.20,0.50,2.14,0.48,2,0,2,2,2,0,"9,32","",-1,-1,2,0,0,1,2,0,1,0,-1,-1,-1,-1,-1,-1,-1,-1,-1,-1,0.00,0.00,0.00,0.00,2.35,50,60,45,30,10,35,65,25,85,10.34,6.60,1.48,4.35,8.15,0.00,0.00,0.00,0.00,0.00,0.00,Estadio Benito Villamarín
1422119700,Jan 24 2015 - 5:15pm,complete,15000,Real Zaragoza,Recreativo de Huelva,N/A,22,1.91,0.73,1.74,0.62,2,0,2,0,0,0,"55,68","",-1,-1,1,0,3,0,0,1,1,2,-1,-1,-1,-1,-1,-1,-1,-1,-1,-1,0.00,0.00,0.00,0.00,2.73,50,82,45,27,18,36,82,41,78,7.00,6.73,1.88,3.56,4.61,0.00,0.00,0.00,0.00,0.00,0.00,Estadio de la Romareda
1422126000,Jan 24 2015 - 7:00pm,complete,6650,CD Tenerife,SD Ponferradina,N/A,22,1.82,0.91,1.71,0.95,0,1,1,1,0,1,"","16",-1,-1,5,1,6,1,1,5,3,4,-1,-1,-1,-1,-1,-1,-1,-1,-1,-1,0.00,0.00,0.00,0.00,1.86,46,60,27,14,5,23,64,23,60,10.40,4.82,2.09,3.30,4.02,0.00,0.00,0.00,0.00,0.00,0.00,Estadio Heliodoro Rodríguez Lopéz
1422183600,Jan 25 2015 - 11:00am,complete,6200,RCD Mallorca,Real Valladolid,N/A,22,1.73,1.36,1.48,1.45,1,5,6,4,1,3,"3","18,23,28,49,61",-1,-1,2,0,2,0,2,0,1,1,-1,-1,-1,-1,-1,-1,-1,-1,-1,-1,0.00,0.00,0.00,0.00,2.09,41,64,23,9,9,27,45,41,64,9.77,6.09,2.59,3.21,3.00,0.00,0.00,0.00,0.00,0.00,0.00,Iberostar Estadi
1422201600,Jan 25 2015 - 4:00pm,complete,5791,Barcelona II,CA Osasuna,N/A,22,1.27,0.70,0.95,0.62,0,1,1,1,0,1,"","27",7,4,2,0,3,1,0,2,1,3,9,6,3,4,6,2,15,16,64,36,0.00,0.00,0.00,0.00,2.46,52,72,38,28,14,24,62,43,76,9.06,5.72,2.16,3.50,3.55,0.00,0.00,0.00,0.00,0.00,0.00,Mini Estadi
1422201600,Jan 25 2015 - 4:00pm,complete,17508,Sporting Gijón,CD Numancia,N/A,22,2.10,1.45,2.29,1.14,3,0,3,0,0,0,"55,74,85","",8,4,2,0,4,0,1,1,1,3,11,8,6,4,5,4,14,17,55,45,0.00,0.00,0.00,0.00,2.25,58,86,44,5,0,29,67,34,86,8.10,6.63,1.90,3.49,4.60,0.00,0.00,0.00,0.00,0.00,0.00,Estadio Municipal El Molinón
1422205200,Jan 25 2015 - 5:00pm,complete,3000,AD Alcorcón,Albacete Balompié,N/A,22,1.64,0.64,1.43,0.90,2,3,5,3,1,2,"24,90'4","8,33,90",7,1,4,0,5,0,2,2,2,3,7,2,3,0,4,2,18,19,57,43,0.00,0.00,0.00,0.00,2.46,50,64,41,23,18,36,69,37,69,9.49,6.91,1.69,3.70,5.94,0.00,0.00,0.00,0.00,0.00,0.00,Estadio Santo Domingo
1422206100,Jan 25 2015 - 5:15pm,complete,7194,Racing Santander,Girona FC,N/A,22,1.18,1.91,1.05,2.05,0,1,1,1,0,1,"","35",2,8,4,0,1,0,0,4,0,1,5,11,3,6,2,5,20,15,44,56,0.00,0.00,0.00,0.00,2.23,64,73,50,9,0,27,87,27,60,8.05,6.64,3.61,3.14,2.30,0.00,0.00,0.00,0.00,0.00,0.00,Campos de Sport de El Sardinero
1422208800,Jan 25 2015 - 6:00pm,complete,1471,Llagostera-Costa Brava,UD Las Palmas,N/A,22,1.18,1.82,1.38,1.30,0,0,0,0,0,0,"","",5,4,4,0,6,0,0,4,1,5,8,8,4,5,4,3,18,18,47,53,0.00,0.00,0.00,0.00,2.55,55,82,46,23,9,27,64,50,73,9.33,5.73,4.26,3.47,1.97,0.00,0.00,0.00,0.00,0.00,0.00,Estadio Nou Municipal de Palamós (Palamós)
1422216000,Jan 25 2015 - 8:00pm,complete,3315,CD Lugo,Mirandés,N/A,22,1.55,1.18,1.71,1.10,1,1,2,1,0,1,"57","34",9,8,0,0,1,0,0,0,0,1,13,7,4,2,9,5,4,14,62,38,0.00,0.00,0.00,0.00,2.27,41,55,41,23,14,23,50,46,73,8.96,6.09,2.24,3.16,3.73,0.00,0.00,0.00,0.00,0.00,0.00,Estadio Anxo Carro
1422723600,Jan 31 2015 - 5:00pm,complete,4765,CE Sabadell FC,Barcelona II,N/A,23,1.36,0.90,1.33,0.76,1,4,5,4,1,3,"33","10,36,39,57",6,6,6,1,2,0,3,4,1,1,14,14,6,6,8,8,15,10,42,58,0.00,0.00,0.00,0.00,3.29,43,72,52,43,34,57,72,38,86,9.85,5.13,2.11,3.52,3.68,0.00,0.00,0.00,0.00,0.00,0.00,Estadi de la Nova Creu Alta
1422723600,Jan 31 2015 - 5:00pm,complete,9080,Albacete Balompié,CD Tenerife,N/A,23,1.10,0.40,1.52,0.57,3,2,5,2,1,1,"22,47,59","14,70",8,2,3,0,3,0,1,2,0,3,9,5,3,2,6,3,25,16,52,48,0.00,0.00,0.00,0.00,2.65,40,70,40,30,20,25,80,45,80,11.23,6.00,2.42,3.18,3.31,0.00,0.00,0.00,0.00,0.00,0.00,Estadio Carlos Belmonte
1422723600,Jan 31 2015 - 5:00pm,complete,7162,SD Ponferradina,Sporting Gijón,N/A,23,2.20,1.55,1.90,1.62,0,2,2,1,0,1,"","17,47",4,2,4,0,3,0,1,3,1,2,12,7,8,6,4,1,18,14,44,56,0.00,0.00,0.00,0.00,2.66,67,72,39,30,15,19,72,40,77,9.92,6.05,2.71,3.19,2.88,0.00,0.00,0.00,0.00,0.00,0.00,Estadio El Toralín
1422724500,Jan 31 2015 - 5:15pm,complete,2846,CD Numancia,Real Betis,N/A,23,1.10,1.64,1.38,1.86,1,1,2,2,1,1,"17","27",1,4,2,0,3,0,0,2,1,2,7,7,3,2,4,5,20,20,52,48,0.00,0.00,0.00,0.00,3.22,63,72,58,48,24,34,63,58,76,8.49,7.18,3.17,3.28,2.44,0.00,0.00,0.00,0.00,0.00,0.00,Nuevo Estadio Los Pajaritos
1422730800,Jan 31 2015 - 7:00pm,complete,3000,Leganés,Llagostera-Costa Brava,N/A,23,2.10,0.90,1.81,1.33,2,0,2,0,0,0,"49,55","",3,4,2,1,1,0,1,2,1,0,5,10,2,7,3,3,19,14,53,47,0.00,0.00,0.00,0.00,2.00,35,70,20,15,5,15,65,20,80,8.03,5.80,1.87,3.36,5.06,0.00,0.00,0.00,0.00,0.00,0.00,Estadio Municipal de Butarque
1422730800,Jan 31 2015 - 7:00pm,complete,3800,Mirandés,Racing Santander,N/A,23,1.80,0.90,1.71,1.05,0,2,2,0,0,0,"","62,90",7,5,1,0,2,0,0,1,0,2,11,9,4,5,7,4,16,18,49,51,0.00,0.00,0.00,0.00,1.90,35,60,25,15,5,20,55,25,80,8.94,6.00,2.10,3.14,4.25,0.00,0.00,0.00,0.00,0.00,0.00,Estadio Municipal de Anduva
1422734400,Jan 31 2015 - 8:00pm,complete,14223,UD Las Palmas,RCD Mallorca,N/A,23,2.30,0.80,2.30,0.81,2,1,3,1,0,1,"72,90","21",5,0,1,0,7,2,0,1,2,7,14,2,7,2,7,0,7,18,70,30,0.00,0.00,0.00,0.00,2.95,50,70,50,30,20,10,65,55,80,10.48,6.30,1.83,3.58,4.86,0.00,0.00,0.00,0.00,0.00,0.00,Estadio de Gran Canaria
1422806400,Feb 01 2015 - 4:00pm,complete,5074,Recreativo de Huelva,Deportivo Alavés,N/A,23,1.30,1.00,1.33,0.86,0,0,0,0,0,0,"","",-1,-1,1,0,3,0,1,0,1,2,-1,-1,-1,-1,-1,-1,-1,-1,-1,-1,0.00,0.00,0.00,0.00,2.45,60,80,40,20,10,35,75,35,80,8.19,5.50,2.72,3.12,2.93,0.00,0.00,0.00,0.00,0.00,0.00,Estadio Nuevo Colombino
1422806400,Feb 01 2015 - 4:00pm,complete,4856,Girona FC,AD Alcorcón,N/A,23,1.70,1.20,1.82,1.14,3,0,3,0,0,0,"56,64,89","",3,4,1,0,6,1,1,0,1,6,4,3,2,3,2,0,13,9,59,41,0.00,0.00,0.00,0.00,2.80,60,80,60,30,15,55,85,35,70,11.55,7.50,2.06,3.31,4.13,0.00,0.00,0.00,0.00,0.00,0.00,Estadi Municipal de Montilivi
1422810900,Feb 01 2015 - 5:15pm,complete,8700,Real Valladolid,CD Lugo,N/A,23,2.30,0.60,1.91,0.62,0,0,0,0,0,0,"","",4,5,3,0,4,0,0,3,0,4,13,8,7,3,6,5,14,12,55,45,0.00,0.00,0.00,0.00,2.65,40,60,55,15,10,15,55,50,75,6.93,5.90,1.60,3.84,6.95,0.00,0.00,0.00,0.00,0.00,0.00,Estadio Municipal José Zorrilla
1423328400,Feb 07 2015 - 5:00pm,complete,16000,Real Zaragoza,Barcelona II,N/A,24,2.00,1.09,1.74,0.76,4,0,4,3,3,0,"27,30,40,87","",4,3,4,0,2,0,1,3,2,0,9,6,4,3,5,3,23,8,48,52,0.00,0.00,0.00,0.00,3.15,47,83,44,35,31,39,78,43,87,8.05,5.19,1.82,3.77,4.64,0.00,0.00,0.00,0.00,0.00,0.00,Estadio de la Romareda
1423329300,Feb 07 2015 - 5:15pm,complete,6556,Racing Santander,Real Valladolid,N/A,24,1.08,1.50,1.05,1.45,1,4,5,1,0,1,"74","31,48,55,60",12,2,4,0,4,0,2,2,4,0,11,8,6,6,5,2,17,11,53,47,0.00,0.00,0.00,0.00,2.05,42,54,29,13,9,25,71,25,54,7.75,6.09,3.79,3.23,2.19,0.00,0.00,0.00,0.00,0.00,0.00,Campos de Sport de El Sardinero
1423335600,Feb 07 2015 - 7:00pm,complete,1499,Llagostera-Costa Brava,Recreativo de Huelva,N/A,24,1.17,0.67,1.38,0.62,1,0,1,0,0,0,"81","",5,1,4,0,5,0,1,3,2,3,5,8,3,4,2,4,15,18,53,47,0.00,0.00,0.00,0.00,2.29,29,71,34,21,13,21,55,42,71,8.40,6.75,2.24,3.19,3.70,0.00,0.00,0.00,0.00,0.00,0.00,Estadio Nou Municipal de Palamós (Palamós)
1423339200,Feb 07 2015 - 8:00pm,complete,1311,AD Alcorcón,Mirandés,N/A,24,1.50,1.17,1.43,1.10,2,2,4,1,0,1,"72,85","9,67",7,4,4,0,2,0,0,4,1,1,13,7,5,3,8,4,12,18,60,40,0.00,0.00,0.00,0.00,2.25,42,63,38,25,13,30,63,38,71,10.73,6.84,1.94,3.29,4.72,0.00,0.00,0.00,0.00,0.00,0.00,Estadio Santo Domingo
1423393200,Feb 08 2015 - 11:00am,complete,3111,CD Lugo,UD Las Palmas,N/A,24,1.50,1.75,1.71,1.30,2,1,3,1,0,1,"49,61","42",2,5,5,0,7,0,1,4,2,5,4,10,3,7,1,3,23,17,42,58,0.00,0.00,0.00,0.00,2.42,63,67,46,21,13,34,59,42,67,9.18,5.50,3.17,3.16,2.51,0.00,0.00,0.00,0.00,0.00,0.00,Estadio Anxo Carro
1423411200,Feb 08 2015 - 4:00pm,complete,6000,RCD Mallorca,Leganés,N/A,24,1.58,0.42,1.48,0.86,0,2,2,2,0,2,"","14,27",-1,-1,3,0,3,0,2,1,1,2,-1,-1,-1,-1,-1,-1,-1,-1,-1,-1,0.00,0.00,0.00,0.00,2.21,46,71,29,9,9,25,46,38,83,9.88,7.33,2.29,3.20,3.56,0.00,0.00,0.00,0.00,0.00,0.00,Iberostar Estadi
1423411200,Feb 08 2015 - 4:00pm,complete,17802,Sporting Gijón,Albacete Balompié,N/A,24,2.18,0.83,2.29,0.90,2,1,3,0,0,0,"60,88","48",5,5,2,0,1,0,0,2,1,0,14,7,8,3,6,4,10,7,58,42,0.00,0.00,0.00,0.00,2.86,70,83,61,21,17,35,69,57,87,8.51,6.24,1.61,3.88,6.54,0.00,0.00,0.00,0.00,0.00,0.00,Estadio Municipal El Molinón
1423411200,Feb 08 2015 - 4:00pm,complete,2085,CD Numancia,CE Sabadell FC,N/A,24,1.09,0.45,1.38,0.48,3,0,3,1,1,0,"4,53,62","",-1,-1,2,0,2,1,2,0,0,3,-1,-1,-1,-1,-1,-1,-1,-1,-1,-1,0.00,0.00,0.00,0.00,3.00,64,73,50,41,14,45,73,41,69,9.58,6.18,1.91,3.49,4.55,0.00,0.00,0.00,0.00,0.00,0.00,Nuevo Estadio Los Pajaritos
1423415700,Feb 08 2015 - 5:15pm,complete,30000,Real Betis,SD Ponferradina,N/A,24,2.27,1.08,2.14,0.95,1,1,2,1,1,0,"33","90'3",5,4,3,1,4,0,1,3,1,3,14,5,9,4,5,1,11,9,47,53,0.00,0.00,0.00,0.00,2.18,43,61,39,22,9,35,61,30,66,9.23,6.26,1.67,3.68,6.24,0.00,0.00,0.00,0.00,0.00,0.00,Estadio Benito Villamarín
1423418400,Feb 08 2015 - 6:00pm,complete,6489,CD Tenerife,Girona FC,N/A,24,1.67,2.00,1.71,2.05,0,1,1,1,0,1,"","9",4,5,3,0,3,0,1,2,0,3,7,9,3,4,4,5,7,17,49,51,0.00,0.00,0.00,0.00,1.88,50,63,33,4,0,21,79,17,54,11.55,5.25,3.08,3.16,2.57,0.00,0.00,0.00,0.00,0.00,0.00,Estadio Heliodoro Rodríguez Lopéz
1423591200,Feb 10 2015 - 6:00pm,complete,12165,CA Osasuna,Real Zaragoza,N/A,23,1.82,1.00,1.52,1.17,0,1,1,1,0,1,"","42",-1,-1,3,1,2,1,2,2,0,3,-1,-1,-1,-1,-1,-1,-1,-1,-1,-1,0.00,0.00,0.00,0.00,3.39,63,77,58,48,29,48,77,58,72,10.10,6.92,2.36,3.27,3.32,0.00,0.00,0.00,0.00,0.00,0.00,Estadio El Sadar
1423933200,Feb 14 2015 - 5:00pm,complete,11144,CA Osasuna,Llagostera-Costa Brava,N/A,25,1.67,0.82,1.52,1.33,0,1,1,0,0,0,"","80",5,2,5,0,3,0,0,5,1,2,16,6,6,2,10,4,10,13,55,45,0.00,0.00,0.00,0.00,2.37,34,66,30,21,17,17,60,35,66,8.03,5.83,1.75,3.55,5.63,0.00,0.00,0.00,0.00,0.00,0.00,Estadio El Sadar
1423934100,Feb 14 2015 - 5:15pm,complete,3558,Recreativo de Huelva,RCD Mallorca,N/A,25,1.27,0.73,1.33,0.81,0,0,0,0,0,0,"","",3,0,0,0,4,1,0,0,3,2,9,7,2,3,7,4,14,13,53,47,0.00,0.00,0.00,0.00,2.59,50,64,46,27,18,27,60,46,69,8.18,5.91,2.70,3.11,2.96,0.00,0.00,0.00,0.00,0.00,0.00,Estadio Nuevo Colombino
1423940400,Feb 14 2015 - 7:00pm,complete,2131,Barcelona II,Deportivo Alavés,N/A,25,1.17,1.00,0.95,0.86,0,0,0,0,0,0,"","",2,2,3,0,4,0,1,2,3,1,4,9,3,2,1,7,12,19,64,36,0.00,0.00,0.00,0.00,2.47,61,75,43,30,9,22,75,43,79,9.73,5.10,2.52,3.44,2.92,0.00,0.00,0.00,0.00,0.00,0.00,Mini Estadi
1423944000,Feb 14 2015 - 8:00pm,complete,2513,Mirandés,CD Tenerife,N/A,25,1.64,0.36,1.71,0.57,1,1,2,1,0,1,"48","30",5,4,5,0,1,0,3,2,1,0,10,4,7,3,3,1,17,8,49,51,0.00,0.00,0.00,0.00,2.23,36,64,32,23,18,23,55,41,82,9.44,5.91,2.20,3.13,3.92,0.00,0.00,0.00,0.00,0.00,0.00,Estadio Municipal de Anduva
1423998000,Feb 15 2015 - 11:00am,complete,5425,Girona FC,Sporting Gijón,N/A,25,1.82,1.67,1.82,1.62,0,0,0,0,0,0,"","",5,3,1,0,1,0,1,0,0,1,12,16,9,6,3,10,11,10,50,50,0.00,0.00,0.00,0.00,2.10,43,74,36,13,0,27,70,22,70,9.92,4.94,2.52,3.16,3.16,0.00,0.00,0.00,0.00,0.00,0.00,Estadi Municipal de Montilivi
1424012400,Feb 15 2015 - 3:00pm,complete,9300,Real Valladolid,AD Alcorcón,N/A,25,2.18,1.09,1.91,1.14,1,0,1,1,1,0,"13","",-1,-1,5,0,6,1,1,4,4,3,-1,-1,-1,-1,-1,-1,-1,-1,-1,-1,0.00,0.00,0.00,0.00,2.82,64,78,64,27,18,37,78,50,73,9.66,7.73,1.65,3.80,6.18,0.00,0.00,0.00,0.00,0.00,0.00,Estadio Municipal José Zorrilla
1424012400,Feb 15 2015 - 3:00pm,complete,4500,SD Ponferradina,CD Numancia,N/A,25,2.00,1.33,1.90,1.14,1,2,3,1,1,0,"36","89,90'1",-1,-1,2,0,6,0,1,1,1,5,-1,-1,-1,-1,-1,-1,-1,-1,-1,-1,0.00,0.00,0.00,0.00,2.72,49,78,44,23,14,22,75,45,83,9.12,7.30,2.16,3.21,3.92,0.00,0.00,0.00,0.00,0.00,0.00,Estadio El Toralín
1424016000,Feb 15 2015 - 4:00pm,complete,4273,CE Sabadell FC,Real Zaragoza,N/A,25,1.25,1.18,1.33,1.17,0,0,0,0,0,0,"","",1,5,2,0,3,0,1,1,2,1,6,8,2,2,4,6,15,14,42,58,0.00,0.00,0.00,0.00,3.35,61,74,61,53,30,65,79,49,78,9.98,7.08,2.95,3.31,2.57,0.00,0.00,0.00,0.00,0.00,0.00,Estadi de la Nova Creu Alta
1424020500,Feb 15 2015 - 5:15pm,complete,10671,Albacete Balompié,Real Betis,N/A,25,1.27,1.58,1.52,1.86,0,0,0,0,0,0,"","",5,8,4,0,4,0,1,3,2,2,5,8,4,5,1,3,16,6,39,61,0.00,0.00,0.00,0.00,2.84,52,70,48,39,26,35,75,48,79,10.97,6.44,3.28,3.28,2.38,0.00,0.00,0.00,0.00,0.00,0.00,Estadio Carlos Belmonte
1424023200,Feb 15 2015 - 6:00pm,complete,15901,UD Las Palmas,Racing Santander,N/A,25,2.36,1.09,2.30,1.05,1,0,1,1,1,0,"15","",4,1,2,0,6,0,2,0,2,4,10,4,4,2,6,2,17,16,68,32,0.00,0.00,0.00,0.00,2.50,46,78,41,18,9,14,69,46,87,9.30,6.27,1.67,3.66,6.35,0.00,0.00,0.00,0.00,0.00,0.00,Estadio de Gran Canaria
1424030400,Feb 15 2015 - 8:00pm,complete,2000,Leganés,CD Lugo,N/A,25,2.18,0.64,1.81,0.62,2,0,2,0,0,0,"65,72","",7,1,2,0,3,0,0,2,0,3,16,5,10,2,6,3,18,16,52,48,0.00,0.00,0.00,0.00,2.36,36,64,36,14,5,23,50,32,82,8.24,6.18,2.02,3.25,4.39,0.00,0.00,0.00,0.00,0.00,0.00,Estadio Municipal de Butarque
1424538000,Feb 21 2015 - 5:00pm,complete,7393,Racing Santander,Leganés,N/A,26,1.00,0.62,1.05,0.86,1,2,3,2,1,1,"34","26,89",-1,-1,7,1,3,1,3,5,1,3,-1,-1,-1,-1,-1,-1,-1,-1,-1,-1,0.00,0.00,0.00,0.00,1.96,43,62,31,8,4,19,69,19,70,8.52,7.46,2.71,3.06,2.99,0.00,0.00,0.00,0.00,0.00,0.00,Campos de Sport de El Sardinero
1424538900,Feb 21 2015 - 5:15pm,complete,4000,RCD Mallorca,CA Osasuna,N/A,26,1.46,0.91,1.48,0.62,3,0,3,2,2,0,"36,39,73","",2,4,2,0,3,0,2,0,2,1,6,7,3,3,3,4,14,11,45,55,0.00,0.00,0.00,0.00,2.31,45,75,25,12,12,28,59,41,71,8.84,7.37,2.52,3.16,3.15,0.00,0.00,0.00,0.00,0.00,0.00,Iberostar Estadi
1424541600,Feb 21 2015 - 6:00pm,complete,4000,AD Alcorcón,UD Las Palmas,N/A,26,1.46,1.62,1.43,1.30,0,0,0,0,0,0,"","",3,5,2,0,5,0,2,0,2,3,5,9,2,5,3,4,16,10,49,51,0.00,0.00,0.00,0.00,2.50,62,74,50,27,12,38,70,43,66,10.19,7.00,2.60,3.21,3.00,0.00,0.00,0.00,0.00,0.00,0.00,Estadio Santo Domingo
1424545200,Feb 21 2015 - 7:00pm,complete,25000,Real Betis,Girona FC,N/A,26,2.17,2.08,2.14,2.05,2,1,3,0,0,0,"61,87","90",7,0,6,0,2,0,0,6,2,0,16,4,8,3,8,1,19,12,52,48,0.00,0.00,0.00,0.00,2.20,52,68,44,13,4,32,76,24,65,10.33,6.02,2.13,3.24,3.97,0.00,0.00,0.00,0.00,0.00,0.00,Estadio Benito Villamarín
1424617200,Feb 22 2015 - 3:00pm,complete,2786,CD Lugo,Recreativo de Huelva,N/A,26,1.62,0.62,1.71,0.62,2,1,3,1,1,0,"37,87","65",-1,-1,2,0,6,0,1,1,2,4,-1,-1,-1,-1,-1,-1,-1,-1,-1,-1,0.00,0.00,0.00,0.00,2.35,43,62,38,19,15,27,54,38,73,7.74,6.46,2.08,3.24,4.17,0.00,0.00,0.00,0.00,0.00,0.00,Estadio Anxo Carro
1424617200,Feb 22 2015 - 3:00pm,complete,4800,SD Ponferradina,CE Sabadell FC,N/A,26,1.83,0.42,1.90,0.48,3,0,3,1,1,0,"17,76,87","",-1,-1,1,0,2,1,1,0,1,2,-1,-1,-1,-1,-1,-1,-1,-1,-1,-1,0.00,0.00,0.00,0.00,2.92,59,71,54,38,17,30,79,50,79,10.35,6.75,1.79,3.48,5.44,0.00,0.00,0.00,0.00,0.00,0.00,Estadio El Toralín
1424620800,Feb 22 2015 - 4:00pm,complete,2895,Llagostera-Costa Brava,Barcelona II,N/A,26,1.31,1.00,1.38,0.76,1,0,1,1,1,0,"10","",9,7,5,1,5,1,1,5,4,2,7,9,5,4,2,5,13,7,42,58,0.00,0.00,0.00,0.00,2.75,28,69,37,33,25,29,57,36,81,9.33,5.48,2.21,3.45,3.47,0.00,0.00,0.00,0.00,0.00,0.00,Estadio Nou Municipal de Palamós (Palamós)
1424620800,Feb 22 2015 - 4:00pm,complete,17801,Sporting Gijón,Mirandés,N/A,26,2.25,1.15,2.29,1.10,4,1,5,2,2,0,"10,14,72,89","54",6,6,0,0,1,1,0,0,0,2,7,16,5,9,2,7,21,14,54,46,0.00,0.00,0.00,0.00,2.52,61,81,57,20,4,20,60,56,89,9.83,5.83,1.60,3.84,7.03,0.00,0.00,0.00,0.00,0.00,0.00,Estadio Municipal El Molinón
1424625300,Feb 22 2015 - 5:15pm,complete,8932,Deportivo Alavés,Real Zaragoza,N/A,26,1.42,1.17,1.67,1.17,4,0,4,1,1,0,"22,46,54,89","",2,3,1,0,2,1,1,0,1,2,5,8,5,2,0,6,13,12,49,51,0.00,0.00,0.00,0.00,2.58,54,67,42,38,17,42,59,54,71,9.75,5.84,2.44,3.17,3.28,0.00,0.00,0.00,0.00,0.00,0.00,Estadio de Mendizorroza
1424628000,Feb 22 2015 - 6:00pm,complete,9112,CD Tenerife,Real Valladolid,N/A,26,1.54,1.62,1.71,1.45,2,0,2,0,0,0,"60,84","",-1,-1,2,0,3,1,1,1,2,2,-1,-1,-1,-1,-1,-1,-1,-1,-1,-1,0.00,0.00,0.00,0.00,1.88,35,50,20,12,12,20,66,19,54,10.60,5.00,2.73,3.12,2.91,0.00,0.00,0.00,0.00,0.00,0.00,Estadio Heliodoro Rodríguez Lopéz
1424635200,Feb 22 2015 - 8:00pm,complete,1466,CD Numancia,Albacete Balompié,N/A,26,1.25,0.77,1.38,0.90,1,1,2,0,0,0,"59","46",6,4,2,0,6,0,1,1,3,3,17,5,6,2,11,3,18,26,65,35,0.00,0.00,0.00,0.00,3.33,68,80,60,37,24,40,76,60,76,8.53,6.06,1.92,3.39,4.70,0.00,0.00,0.00,0.00,0.00,0.00,Nuevo Estadio Los Pajaritos
1425135600,Feb 28 2015 - 3:00pm,complete,11025,CA Osasuna,CD Lugo,N/A,27,1.54,0.58,1.52,0.62,0,2,2,2,0,2,"","3,12",-1,-1,3,2,2,1,3,2,1,2,-1,-1,-1,-1,-1,-1,-1,-1,-1,-1,0.00,0.00,0.00,0.00,2.64,36,56,44,20,16,24,47,40,69,8.09,6.50,1.95,3.34,4.58,0.00,0.00,0.00,0.00,0.00,0.00,Estadio El Sadar
1425142800,Feb 28 2015 - 5:00pm,complete,3113,CE Sabadell FC,Deportivo Alavés,N/A,27,1.23,1.00,1.33,0.86,2,1,3,1,1,0,"30,83","60",3,5,0,0,2,0,0,0,1,1,4,5,2,4,2,1,15,18,55,45,0.00,0.00,0.00,0.00,2.58,56,72,48,32,16,43,72,32,76,8.96,6.33,2.51,3.25,3.09,0.00,0.00,0.00,0.00,0.00,0.00,Estadi de la Nova Creu Alta
1425142800,Feb 28 2015 - 5:00pm,complete,14600,Real Valladolid,Sporting Gijón,N/A,27,2.25,1.62,1.91,1.62,3,0,3,2,2,0,"15,25,80","",0,5,1,0,1,0,1,0,1,0,3,16,2,7,1,9,15,9,42,58,0.00,0.00,0.00,0.00,1.97,48,64,33,13,4,12,69,29,64,8.40,5.21,0.00,0.00,0.00,0.00,0.00,0.00,0.00,0.00,0.00,Estadio Municipal José Zorrilla
1425143700,Feb 28 2015 - 5:15pm,complete,3101,Barcelona II,RCD Mallorca,N/A,27,1.15,0.75,0.95,0.81,2,4,6,3,1,2,"40,71","24,27,78,90'4",3,4,4,1,3,0,1,4,1,2,6,12,2,5,4,7,10,12,53,47,0.00,0.00,0.00,0.00,2.61,52,60,48,36,16,16,60,52,68,9.04,5.84,2.38,3.48,3.10,0.00,0.00,0.00,0.00,0.00,0.00,Mini Estadi
1425211200,Mar 01 2015 - 12:00pm,complete,28032,UD Las Palmas,CD Tenerife,N/A,27,2.42,0.42,2.30,0.57,1,1,2,0,0,0,"51","48",1,1,2,0,4,0,0,2,0,4,15,5,7,2,8,3,20,17,63,37,0.00,0.00,0.00,0.00,2.71,50,75,46,25,21,17,75,50,83,9.33,6.17,1.61,3.80,6.90,0.00,0.00,0.00,0.00,0.00,0.00,Estadio de Gran Canaria
1425222000,Mar 01 2015 - 3:00pm,complete,8354,Albacete Balompié,SD Ponferradina,N/A,27,1.25,1.08,1.52,0.95,2,1,3,2,1,1,"33,71","38",-1,-1,2,0,2,0,2,0,2,0,-1,-1,-1,-1,-1,-1,-1,-1,-1,-1,0.00,0.00,0.00,0.00,2.45,48,65,40,28,17,32,73,40,65,11.12,5.73,2.54,3.18,3.11,0.00,0.00,0.00,0.00,0.00,0.00,Estadio Carlos Belmonte
1425222000,Mar 01 2015 - 3:00pm,complete,5457,Recreativo de Huelva,Racing Santander,N/A,27,1.25,1.00,1.33,1.05,1,0,1,0,0,0,"84","",-1,-1,3,0,1,1,1,2,0,2,-1,-1,-1,-1,-1,-1,-1,-1,-1,-1,0.00,0.00,0.00,0.00,2.00,38,63,29,17,9,30,59,29,67,7.22,5.59,2.14,3.17,4.03,0.00,0.00,0.00,0.00,0.00,0.00,Estadio Nuevo Colombino
1425225600,Mar 01 2015 - 4:00pm,complete,5122,Girona FC,CD Numancia,N/A,27,1.75,1.46,1.82,1.14,2,1,3,2,1,1,"32,81","42",6,10,4,0,5,2,2,2,1,6,4,11,2,4,2,7,24,11,51,49,0.00,0.00,0.00,0.00,2.16,32,76,44,9,0,28,68,32,72,9.47,6.17,1.96,3.34,4.54,0.00,0.00,0.00,0.00,0.00,0.00,Estadi Municipal de Montilivi
1425230100,Mar 01 2015 - 5:15pm,complete,3889,Mirandés,Real Betis,N/A,27,1.58,1.54,1.71,1.86,0,0,0,0,0,0,"","",7,0,4,0,2,1,1,3,1,2,8,5,0,4,8,1,13,15,57,43,0.00,0.00,0.00,0.00,2.11,44,60,32,23,16,24,48,36,76,9.57,6.58,3.56,3.20,2.29,0.00,0.00,0.00,0.00,0.00,0.00,Estadio Municipal de Anduva
1425232800,Mar 01 2015 - 6:00pm,complete,12000,Real Zaragoza,Llagostera-Costa Brava,N/A,27,2.08,1.00,1.74,1.33,2,2,4,2,1,1,"27,47","41,52",2,4,3,0,3,0,2,1,1,2,5,7,3,2,2,5,16,13,61,39,0.00,0.00,0.00,0.00,2.26,36,75,27,20,12,19,64,36,80,5.94,5.84,1.82,3.42,5.33,0.00,0.00,0.00,0.00,0.00,0.00,Estadio de la Romareda
1425240000,Mar 01 2015 - 8:00pm,complete,4500,Leganés,AD Alcorcón,N/A,27,2.25,1.00,1.81,1.14,1,2,3,1,0,1,"68","34,58",8,2,4,1,6,1,2,3,5,2,5,5,2,3,3,2,14,16,51,49,0.00,0.00,0.00,0.00,2.67,59,83,46,25,13,42,75,38,84,10.86,8.00,2.24,3.12,3.80,0.00,0.00,0.00,0.00,0.00,0.00,Estadio Municipal de Butarque
1425740400,Mar 07 2015 - 3:00pm,complete,3048,CD Numancia,Mirandés,N/A,28,1.23,1.07,1.38,1.10,1,0,1,0,0,0,"81","",-1,-1,4,0,2,0,0,4,0,2,-1,-1,-1,-1,-1,-1,-1,-1,-1,-1,0.00,0.00,0.00,0.00,3.01,60,78,52,37,15,30,70,60,78,9.91,5.84,2.02,3.27,4.36,0.00,0.00,0.00,0.00,0.00,0.00,Nuevo Estadio Los Pajaritos
1425747600,Mar 07 2015 - 5:00pm,complete,3000,CD Lugo,Barcelona II,N/A,28,1.71,0.92,1.71,0.76,3,2,5,2,1,1,"19,83,89","43,66",5,2,3,0,2,0,1,2,0,2,6,9,4,5,2,4,17,11,52,48,0.00,0.00,0.00,0.00,2.84,44,63,45,30,26,34,64,37,78,9.10,5.26,2.02,3.56,3.93,0.00,0.00,0.00,0.00,0.00,0.00,Estadio Anxo Carro
1425748500,Mar 07 2015 - 5:15pm,complete,8040,Racing Santander,CA Osasuna,N/A,28,0.93,0.83,1.05,0.62,2,0,2,1,1,0,"44,63","",7,4,3,0,3,0,0,3,1,2,9,3,6,2,3,1,11,19,42,58,0.00,0.00,0.00,0.00,2.15,45,66,34,11,8,23,80,23,66,7.53,7.83,3.01,3.07,2.69,0.00,0.00,0.00,0.00,0.00,0.00,Campos de Sport de El Sardinero
1425754800,Mar 07 2015 - 7:00pm,complete,9504,CD Tenerife,Leganés,N/A,28,1.64,0.79,1.71,0.86,1,0,1,1,1,0,"44","",8,4,2,0,3,0,1,1,2,1,5,6,2,5,3,1,13,10,44,56,0.00,0.00,0.00,0.00,1.65,33,57,18,0,0,18,61,11,68,10.94,6.22,2.18,3.14,3.95,0.00,0.00,0.00,0.00,0.00,0.00,Estadio Heliodoro Rodríguez Lopéz
1425754800,Mar 07 2015 - 7:00pm,complete,7450,Albacete Balompié,CE Sabadell FC,N/A,28,1.38,0.38,1.52,0.48,0,0,0,0,0,0,"","",7,3,2,0,3,0,0,2,1,2,12,5,2,2,10,3,13,14,59,41,0.00,0.00,0.00,0.00,2.66,46,69,50,31,16,38,81,38,77,12.20,5.77,2.02,3.41,4.14,0.00,0.00,0.00,0.00,0.00,0.00,Estadio Carlos Belmonte
1425812400,Mar 08 2015 - 11:00am,complete,39000,Real Betis,Real Valladolid,N/A,28,2.23,1.50,2.14,1.45,4,0,4,1,1,0,"37,53,82,84","",8,2,3,0,3,1,2,1,2,2,17,7,3,3,14,4,13,14,55,45,0.00,0.00,0.00,0.00,2.30,41,63,34,18,15,30,56,33,71,9.74,6.02,2.38,3.18,3.39,0.00,0.00,0.00,0.00,0.00,0.00,Estadio Benito Villamarín
1425826800,Mar 08 2015 - 3:00pm,complete,2021,Llagostera-Costa Brava,Deportivo Alavés,N/A,28,1.43,0.92,1.38,0.86,3,1,4,3,3,0,"18,20,37","81",-1,-1,3,0,3,0,0,3,2,1,-1,-1,-1,-1,-1,-1,-1,-1,-1,-1,0.00,0.00,0.00,0.00,2.01,42,67,30,15,4,11,60,37,71,9.23,6.59,0.00,0.00,0.00,0.00,0.00,0.00,0.00,0.00,0.00,Estadio Nou Municipal de Palamós (Palamós)
1425830400,Mar 08 2015 - 4:00pm,complete,4500,SD Ponferradina,Girona FC,N/A,28,1.92,1.93,1.90,2.05,3,0,3,2,2,0,"17,28,61","",5,7,2,0,3,0,1,1,1,2,6,6,0,2,6,4,23,20,43,57,0.00,0.00,0.00,0.00,2.80,63,74,60,23,12,22,82,53,68,10.03,6.02,2.80,3.17,2.80,0.00,0.00,0.00,0.00,0.00,0.00,Estadio El Toralín
1425834900,Mar 08 2015 - 5:15pm,complete,8200,RCD Mallorca,Real Zaragoza,N/A,28,1.57,1.08,1.48,1.17,3,2,5,4,2,2,"6,29,55","10,12",3,1,3,0,2,2,2,1,2,2,10,3,4,2,6,1,17,9,60,40,0.00,0.00,0.00,0.00,2.90,52,78,45,34,19,45,67,56,74,9.43,7.28,2.36,3.25,3.35,0.00,0.00,0.00,0.00,0.00,0.00,Iberostar Estadi
1425837600,Mar 08 2015 - 6:00pm,complete,26740,Sporting Gijón,UD Las Palmas,N/A,28,2.31,1.57,2.29,1.30,1,1,2,0,0,0,"64","73",5,4,5,0,2,0,2,3,0,2,14,14,11,7,3,7,15,10,50,50,0.00,0.00,0.00,0.00,2.64,74,86,63,18,8,34,63,56,78,9.42,5.97,2.60,3.18,3.02,0.00,0.00,0.00,0.00,0.00,0.00,Estadio Municipal El Molinón
1425844800,Mar 08 2015 - 8:00pm,complete,1924,AD Alcorcón,Recreativo de Huelva,N/A,28,1.43,0.57,1.43,0.62,1,1,2,1,1,0,"18","66",6,5,3,1,4,0,2,2,2,2,7,8,5,3,2,5,10,19,53,47,0.00,0.00,0.00,0.00,2.32,40,64,40,25,14,33,61,36,68,8.80,7.50,2.02,3.29,4.34,0.00,0.00,0.00,0.00,0.00,0.00,Estadio Santo Domingo
1426345200,Mar 14 2015 - 3:00pm,complete,10585,CA Osasuna,AD Alcorcón,N/A,29,1.43,1.15,1.52,1.14,1,1,2,1,1,0,"25","86",-1,-1,3,0,5,0,1,2,2,3,-1,-1,-1,-1,-1,-1,-1,-1,-1,-1,0.00,0.00,0.00,0.00,2.94,60,75,56,30,22,45,78,41,67,10.44,8.75,2.58,3.08,3.14,0.00,0.00,0.00,0.00,0.00,0.00,Estadio El Sadar
1426352400,Mar 14 2015 - 5:00pm,complete,2799,CE Sabadell FC,Llagostera-Costa Brava,N/A,29,1.36,1.00,1.33,1.33,1,1,2,1,0,1,"89","24",8,5,4,0,2,0,0,4,1,1,11,9,3,5,8,4,11,12,70,30,0.00,0.00,0.00,0.00,2.46,40,67,40,29,19,36,59,34,78,7.52,5.71,2.16,3.23,3.88,0.00,0.00,0.00,0.00,0.00,0.00,Estadi de la Nova Creu Alta
1426352400,Mar 14 2015 - 5:00pm,complete,7878,Deportivo Alavés,RCD Mallorca,N/A,29,1.54,0.92,1.67,0.81,2,0,2,1,1,0,"28,56","",2,1,3,0,2,0,3,0,2,0,12,5,9,2,3,3,6,15,48,52,0.00,0.00,0.00,0.00,2.62,50,66,46,35,16,23,54,58,73,8.55,5.70,2.26,3.25,3.56,0.00,0.00,0.00,0.00,0.00,0.00,Estadio de Mendizorroza
1426352400,Mar 14 2015 - 5:00pm,complete,7000,Leganés,Sporting Gijón,N/A,29,2.08,1.50,1.81,1.62,0,1,1,1,0,1,"","13",8,3,4,0,3,0,1,3,1,2,11,5,9,0,2,5,12,17,58,42,0.00,0.00,0.00,0.00,2.05,48,78,26,11,0,22,67,23,82,9.85,5.28,2.70,3.06,3.00,0.00,0.00,0.00,0.00,0.00,0.00,Estadio Municipal de Butarque
1426353300,Mar 14 2015 - 5:15pm,complete,10000,Real Zaragoza,CD Lugo,N/A,29,2.00,0.77,1.74,0.62,0,0,0,0,0,0,"","",5,4,2,0,1,0,2,0,1,0,4,8,2,6,2,2,7,12,38,62,0.00,0.00,0.00,0.00,2.66,40,74,44,22,11,33,59,44,78,5.95,6.39,1.83,3.57,4.88,0.00,0.00,0.00,0.00,0.00,0.00,Estadio de la Romareda
1426359600,Mar 14 2015 - 7:00pm,complete,5932,Recreativo de Huelva,CD Tenerife,N/A,29,1.38,0.46,1.33,0.57,1,1,2,2,1,1,"14","4",2,4,4,0,2,0,2,2,2,0,2,6,0,2,2,4,21,5,39,61,0.00,0.00,0.00,0.00,2.27,46,66,35,23,19,31,58,39,74,7.40,5.46,2.50,3.06,3.29,0.00,0.00,0.00,0.00,0.00,0.00,Estadio Nuevo Colombino
1426365000,Mar 14 2015 - 8:30pm,complete,8700,Real Valladolid,CD Numancia,N/A,29,2.31,1.36,1.91,1.14,4,0,4,3,3,0,"11,13,32,78","",5,3,0,0,1,1,0,0,1,1,12,6,6,4,6,2,19,5,56,44,0.00,0.00,0.00,0.00,2.26,41,74,49,8,4,22,74,38,74,8.25,6.76,1.85,3.41,5.06,0.00,0.00,0.00,0.00,0.00,0.00,Estadio Municipal José Zorrilla
1426417200,Mar 15 2015 - 11:00am,complete,21143,UD Las Palmas,Real Betis,N/A,29,2.31,1.50,2.30,1.86,0,3,3,0,0,0,"","66,74,77",6,4,2,0,2,0,0,2,1,1,17,7,9,4,8,3,11,19,53,47,0.00,0.00,0.00,0.00,2.49,52,67,45,26,18,19,60,49,75,8.89,6.69,2.26,3.24,3.58,0.00,0.00,0.00,0.00,0.00,0.00,Estadio de Gran Canaria
1426431600,Mar 15 2015 - 3:00pm,complete,3332,Mirandés,SD Ponferradina,N/A,29,1.54,1.00,1.71,0.95,2,1,3,0,0,0,"47,90","59",-1,-1,5,0,1,0,1,4,0,1,-1,-1,-1,-1,-1,-1,-1,-1,-1,-1,0.00,0.00,0.00,0.00,1.92,44,59,29,15,8,26,51,30,67,9.70,5.76,2.54,3.13,3.15,0.00,0.00,0.00,0.00,0.00,0.00,Estadio Municipal de Anduva
1426438800,Mar 15 2015 - 5:00pm,complete,4080,Girona FC,Albacete Balompié,N/A,29,1.85,0.79,1.82,0.90,2,2,4,1,1,0,"43,73","74,81",-1,-1,2,0,4,0,1,1,2,2,-1,-1,-1,-1,-1,-1,-1,-1,-1,-1,0.00,0.00,0.00,0.00,2.65,51,74,56,22,15,37,70,48,74,9.67,5.81,1.90,3.50,4.58,0.00,0.00,0.00,0.00,0.00,0.00,Estadi Municipal de Montilivi
1426439700,Mar 15 2015 - 5:15pm,complete,3425,Barcelona II,Racing Santander,N/A,29,1.07,0.92,0.95,1.05,1,1,2,0,0,0,"66","85",4,3,4,0,4,0,0,4,1,3,17,10,7,6,10,4,11,19,63,37,0.00,0.00,0.00,0.00,2.32,44,63,37,29,11,22,63,41,74,8.45,5.75,2.02,3.58,3.91,0.00,0.00,0.00,0.00,0.00,0.00,Mini Estadi
1426708800,Mar 18 2015 - 8:00pm,complete,12171,Deportivo Alavés,CA Osasuna,N/A,24,1.64,0.77,1.67,0.62,3,0,3,1,1,0,"7,54,59","",1,9,4,0,2,0,2,2,0,2,5,6,0,3,5,3,20,18,51,49,0.00,0.00,0.00,0.00,2.15,37,70,30,19,8,26,60,37,74,8.25,5.70,2.21,3.25,3.70,0.00,0.00,0.00,0.00,0.00,0.00,Estadio de Mendizorroza
1426950000,Mar 21 2015 - 3:00pm,complete,6000,RCD Mallorca,Llagostera-Costa Brava,N/A,30,1.67,1.00,1.48,1.33,0,1,1,0,0,0,"","79",-1,-1,3,0,2,0,2,1,2,0,-1,-1,-1,-1,-1,-1,-1,-1,-1,-1,0.00,0.00,0.00,0.00,2.33,41,76,27,17,14,27,55,38,80,7.58,6.19,1.83,3.43,5.25,0.00,0.00,0.00,0.00,0.00,0.00,Iberostar Estadi
1426957200,Mar 21 2015 - 5:00pm,complete,2500,AD Alcorcón,Barcelona II,N/A,30,1.40,0.86,1.43,0.76,3,1,4,3,2,1,"4,29,62","30",9,7,3,0,4,1,2,1,3,2,13,6,7,4,6,2,16,18,55,45,0.00,0.00,0.00,0.00,2.82,42,66,42,39,28,42,70,32,73,10.00,6.17,1.81,3.70,4.80,0.00,0.00,0.00,0.00,0.00,0.00,Estadio Santo Domingo
1426958100,Mar 21 2015 - 5:15pm,complete,30000,Real Betis,Leganés,N/A,30,2.29,0.73,2.14,0.86,1,3,4,2,0,2,"73","22,44,48",4,7,3,0,4,1,0,3,3,2,13,14,4,7,9,7,13,14,55,45,0.00,0.00,0.00,0.00,2.08,38,66,35,11,4,28,59,21,80,10.23,7.09,1.61,3.79,6.92,0.00,0.00,0.00,0.00,0.00,0.00,Estadio Benito Villamarín
1426964400,Mar 21 2015 - 7:00pm,complete,3000,CD Numancia,UD Las Palmas,N/A,30,1.36,1.53,1.38,1.30,4,2,6,4,3,1,"25,30,36,70","42,80",5,2,4,0,5,0,2,2,2,3,4,10,2,5,2,5,17,20,45,55,0.00,0.00,0.00,0.00,2.84,69,80,52,28,11,35,66,55,69,9.29,6.19,3.00,3.25,2.57,0.00,0.00,0.00,0.00,0.00,0.00,Nuevo Estadio Los Pajaritos
1426964400,Mar 21 2015 - 7:00pm,complete,4752,Albacete Balompié,Mirandés,N/A,30,1.36,1.00,1.52,1.10,0,0,0,0,0,0,"","",7,8,0,0,2,0,0,0,1,1,12,8,5,3,7,5,17,15,55,45,0.00,0.00,0.00,0.00,2.55,45,66,45,31,17,28,73,45,79,12.38,5.43,2.16,3.37,3.70,0.00,0.00,0.00,0.00,0.00,0.00,Estadio Carlos Belmonte
1427022000,Mar 22 2015 - 11:00am,complete,9569,Racing Santander,Real Zaragoza,N/A,30,1.07,1.00,1.05,1.17,0,2,2,0,0,0,"","48,89",6,5,4,0,6,0,1,3,3,3,8,8,6,3,2,5,24,19,48,52,0.00,0.00,0.00,0.00,2.75,55,69,49,35,18,35,86,39,69,8.37,7.93,2.99,3.21,2.61,0.00,0.00,0.00,0.00,0.00,0.00,Campos de Sport de El Sardinero
1427036400,Mar 22 2015 - 3:00pm,complete,3702,CD Lugo,Deportivo Alavés,N/A,30,1.80,0.86,1.71,0.86,3,2,5,1,1,0,"26,52,68","60,79",-1,-1,2,0,2,0,1,1,1,1,-1,-1,-1,-1,-1,-1,-1,-1,-1,-1,0.00,0.00,0.00,0.00,2.38,62,70,45,21,10,24,66,42,76,8.43,5.88,2.30,3.18,3.56,0.00,0.00,0.00,0.00,0.00,0.00,Estadio Anxo Carro
1427040000,Mar 22 2015 - 4:00pm,complete,24302,Sporting Gijón,Recreativo de Huelva,N/A,30,2.21,0.60,2.29,0.62,1,1,2,2,1,1,"18","25",6,2,2,0,7,0,0,2,3,4,15,8,10,5,5,3,13,17,60,40,0.00,0.00,0.00,0.00,2.59,60,83,52,17,10,28,59,52,87,8.33,6.64,1.53,4.07,7.66,0.00,0.00,0.00,0.00,0.00,0.00,Estadio Municipal El Molinón
1427040000,Mar 22 2015 - 4:00pm,complete,5183,Girona FC,CE Sabadell FC,N/A,30,1.79,0.43,1.82,0.48,0,0,0,0,0,0,"","",4,4,2,0,5,0,1,1,1,4,10,6,2,2,8,4,16,14,56,44,0.00,0.00,0.00,0.00,2.36,40,68,54,25,4,36,71,36,68,10.52,5.65,1.52,4.15,7.68,0.00,0.00,0.00,0.00,0.00,0.00,Estadi Municipal de Montilivi
1427043600,Mar 22 2015 - 5:00pm,complete,7000,SD Ponferradina,Real Valladolid,N/A,30,2.00,1.40,1.90,1.45,2,0,2,1,1,0,"9,53","",8,6,1,0,7,0,0,1,3,4,9,12,6,4,3,8,15,13,40,60,0.00,0.00,0.00,0.00,2.88,45,70,49,32,21,24,70,56,73,9.41,5.87,2.77,3.20,2.80,0.00,0.00,0.00,0.00,0.00,0.00,Estadio El Toralín
1427047200,Mar 22 2015 - 6:00pm,complete,7308,CD Tenerife,CA Osasuna,N/A,30,1.73,0.71,1.71,0.62,2,1,3,1,1,0,"35,85","88",2,1,4,0,6,2,1,3,2,6,7,7,4,3,3,4,12,20,45,55,0.00,0.00,0.00,0.00,1.77,28,59,18,4,4,14,72,18,62,10.54,6.04,2.13,3.16,4.09,0.00,0.00,0.00,0.00,0.00,0.00,Estadio Heliodoro Rodríguez Lopéz
1427554800,Mar 28 2015 - 3:00pm,complete,5000,Leganés,CD Numancia,N/A,31,1.93,1.27,1.81,1.14,0,0,0,0,0,0,"","",-1,-1,2,0,4,0,0,2,1,3,-1,-1,-1,-1,-1,-1,-1,-1,-1,-1,0.00,0.00,0.00,0.00,2.27,42,83,38,11,0,27,72,32,87,10.07,7.07,2.19,3.19,3.85,0.00,0.00,0.00,0.00,0.00,0.00,Estadio Municipal de Butarque
1427562000,Mar 28 2015 - 5:00pm,complete,2220,Llagostera-Costa Brava,CD Lugo,N/A,31,1.53,0.79,1.38,0.62,3,2,5,3,2,1,"12,22,50","44,81",6,7,2,0,3,0,2,0,1,2,6,7,3,3,3,4,15,14,41,59,0.00,0.00,0.00,0.00,2.11,24,55,32,14,7,17,38,35,66,7.98,6.62,2.34,3.16,3.48,0.00,0.00,0.00,0.00,0.00,0.00,Estadio Nou Municipal de Palamós (Palamós)
1427562000,Mar 28 2015 - 5:00pm,complete,10551,Deportivo Alavés,Racing Santander,N/A,31,1.73,0.93,1.67,1.05,2,1,3,2,1,1,"21,69","30",4,6,6,0,2,0,2,4,0,2,8,5,3,0,5,5,18,10,55,45,0.00,0.00,0.00,0.00,2.10,38,69,31,21,4,21,55,45,80,7.54,5.64,1.78,3.38,5.90,0.00,0.00,0.00,0.00,0.00,0.00,Estadio de Mendizorroza
1427562000,Mar 28 2015 - 5:00pm,complete,10200,Real Valladolid,Albacete Balompié,N/A,31,2.36,0.80,1.91,0.90,0,1,1,1,0,1,"","1",-1,-1,4,0,5,1,1,3,3,3,-1,-1,-1,-1,-1,-1,-1,-1,-1,-1,0.00,0.00,0.00,0.00,2.78,55,72,59,27,17,27,76,55,76,7.98,5.90,1.65,3.81,6.24,0.00,0.00,0.00,0.00,0.00,0.00,Estadio Municipal José Zorrilla
1427562900,Mar 28 2015 - 5:15pm,complete,14682,Recreativo de Huelva,Real Betis,N/A,31,1.36,1.60,1.33,1.86,0,1,1,0,0,0,"","52",7,6,5,0,2,0,1,4,0,2,8,8,2,6,6,2,14,14,46,54,0.00,0.00,0.00,0.00,2.13,45,59,38,24,17,35,49,34,62,7.36,6.01,4.15,3.27,2.07,0.00,0.00,0.00,0.00,0.00,0.00,Estadio Nuevo Colombino
1427572800,Mar 28 2015 - 8:00pm,complete,13123,UD Las Palmas,SD Ponferradina,N/A,31,2.14,0.93,2.30,0.95,4,2,6,3,2,1,"13,28,53,74","29,70",3,1,6,0,2,0,1,5,1,1,9,7,2,2,7,5,10,11,52,48,0.00,0.00,0.00,0.00,2.49,55,73,49,17,11,20,62,49,73,9.20,5.64,1.78,3.62,5.28,0.00,0.00,0.00,0.00,0.00,0.00,Estadio de Gran Canaria
1427623200,Mar 29 2015 - 10:00am,complete,14508,CA Osasuna,Sporting Gijón,N/A,31,1.40,1.60,1.52,1.62,0,0,0,0,0,0,"","",8,5,4,0,2,0,2,2,0,2,19,8,10,3,9,5,12,17,57,43,0.00,0.00,0.00,0.00,2.23,47,67,30,17,10,27,70,20,64,9.51,5.67,2.94,3.13,2.70,0.00,0.00,0.00,0.00,0.00,0.00,Estadio El Sadar
1427641200,Mar 29 2015 - 3:00pm,complete,3225,Mirandés,Girona FC,N/A,31,1.64,1.80,1.71,2.05,0,1,1,1,0,1,"","16",5,3,6,0,1,0,1,5,1,0,7,7,3,3,4,4,19,10,53,47,0.00,0.00,0.00,0.00,2.02,48,65,41,7,4,24,58,31,66,10.64,5.59,3.05,3.13,2.61,0.00,0.00,0.00,0.00,0.00,0.00,Estadio Municipal de Anduva
1427645700,Mar 29 2015 - 4:15pm,complete,23000,Real Zaragoza,AD Alcorcón,N/A,31,1.93,1.14,1.74,1.14,1,1,2,1,1,0,"16","67",2,3,3,0,5,0,3,0,3,2,5,12,3,6,2,6,9,20,37,63,0.00,0.00,0.00,0.00,2.87,66,87,56,31,17,45,83,45,80,8.42,8.30,2.30,3.17,3.56,0.00,0.00,0.00,0.00,0.00,0.00,Estadio de la Romareda
1427648400,Mar 29 2015 - 5:00pm,complete,5495,Barcelona II,CD Tenerife,N/A,31,1.07,0.50,0.95,0.57,2,2,4,3,2,1,"3,24","13,60",2,10,2,1,1,0,2,1,0,1,4,20,2,11,2,9,8,9,40,60,0.00,0.00,0.00,0.00,2.62,59,73,42,35,21,28,66,52,76,8.60,5.69,2.57,3.36,2.90,0.00,0.00,0.00,0.00,0.00,0.00,Mini Estadi
1427655600,Mar 29 2015 - 7:00pm,complete,3619,CE Sabadell FC,RCD Mallorca,N/A,31,1.33,0.86,1.33,0.81,1,1,2,1,1,0,"15","89",5,2,1,0,4,0,0,1,0,4,7,11,3,3,4,8,16,16,48,52,0.00,0.00,0.00,0.00,2.97,55,69,55,38,24,37,69,45,76,8.60,6.58,2.68,3.30,2.83,0.00,0.00,0.00,0.00,0.00,0.00,Estadi de la Nova Creu Alta
1428156000,Apr 04 2015 - 2:00pm,complete,2766,Mirandés,CE Sabadell FC,N/A,32,1.53,0.47,1.71,0.48,0,0,0,0,0,0,"","",-1,-1,0,0,2,0,0,0,1,1,-1,-1,-1,-1,-1,-1,-1,-1,-1,-1,0.00,0.00,0.00,0.00,1.94,37,57,34,17,7,23,54,30,70,10.45,6.40,1.99,3.25,4.54,0.00,0.00,0.00,0.00,0.00,0.00,Estadio Municipal de Anduva
1428163200,Apr 04 2015 - 4:00pm,complete,7056,Girona FC,Real Valladolid,N/A,32,1.73,1.31,1.82,1.45,2,1,3,2,1,1,"9,73","39",-1,-1,3,0,1,0,2,1,0,1,-1,-1,-1,-1,-1,-1,-1,-1,-1,-1,0.00,0.00,0.00,0.00,2.32,32,65,42,23,10,29,62,39,62,9.87,5.33,2.70,3.09,2.97,0.00,0.00,0.00,0.00,0.00,0.00,Estadi Municipal de Montilivi
1428164100,Apr 04 2015 - 4:15pm,complete,3556,CD Lugo,RCD Mallorca,N/A,32,1.88,0.87,1.71,0.81,4,0,4,3,3,0,"13,21,24,84","",5,2,2,0,3,1,1,1,1,3,5,5,3,4,2,1,9,11,56,44,0.00,0.00,0.00,0.00,2.75,58,65,49,29,23,19,62,52,74,7.83,6.36,2.42,3.14,3.35,0.00,0.00,0.00,0.00,0.00,0.00,Estadio Anxo Carro
1428175800,Apr 04 2015 - 7:30pm,complete,6377,Albacete Balompié,UD Las Palmas,N/A,32,1.33,1.44,1.52,1.30,1,0,1,0,0,0,"62","",7,5,1,0,3,0,0,1,1,2,3,10,0,3,3,7,14,8,53,47,0.00,0.00,0.00,0.00,2.55,58,71,48,26,17,36,71,45,68,11.57,5.71,3.23,3.25,2.42,0.00,0.00,0.00,0.00,0.00,0.00,Estadio Carlos Belmonte
1428228000,Apr 05 2015 - 10:00am,complete,29204,Real Betis,CA Osasuna,N/A,32,2.13,0.67,2.14,0.62,3,0,3,0,0,0,"61,67,88","",5,6,1,0,3,0,0,1,1,2,11,13,2,7,9,6,15,11,45,55,0.00,0.00,0.00,0.00,2.34,40,73,40,17,7,27,70,33,80,9.40,7.33,1.52,4.10,7.90,0.00,0.00,0.00,0.00,0.00,0.00,Estadio Benito Villamarín
1428242400,Apr 05 2015 - 2:00pm,complete,4500,SD Ponferradina,Leganés,N/A,32,2.07,0.88,1.90,0.86,1,1,2,1,0,1,"74","15",-1,-1,1,0,4,0,0,1,1,3,-1,-1,-1,-1,-1,-1,-1,-1,-1,-1,0.00,0.00,0.00,0.00,2.57,46,72,46,20,10,26,72,40,81,10.42,6.81,2.43,3.13,3.34,0.00,0.00,0.00,0.00,0.00,0.00,Estadio El Toralín
1428246000,Apr 05 2015 - 3:00pm,complete,20000,Sporting Gijón,Barcelona II,N/A,32,2.13,0.80,2.29,0.76,0,0,0,0,0,0,"","",8,5,3,0,4,0,2,1,3,1,24,12,9,7,15,5,16,11,48,52,0.00,0.00,0.00,0.00,3.10,60,83,57,33,24,43,67,47,87,9.60,5.47,1.52,4.28,7.10,0.00,0.00,0.00,0.00,0.00,0.00,Estadio Municipal El Molinón
1428250500,Apr 05 2015 - 4:15pm,complete,3000,CD Numancia,Recreativo de Huelva,N/A,32,1.47,0.63,1.38,0.62,1,2,3,2,1,1,"20","44,79",6,5,1,0,5,0,0,1,2,3,10,9,2,0,8,9,17,16,59,41,0.00,0.00,0.00,0.00,2.92,56,78,46,30,17,36,68,49,74,8.15,7.06,1.85,3.43,5.05,0.00,0.00,0.00,0.00,0.00,0.00,Nuevo Estadio Los Pajaritos
1428253200,Apr 05 2015 - 5:00pm,complete,9144,Racing Santander,Llagostera-Costa Brava,N/A,32,1.00,1.13,1.05,1.33,0,2,2,1,0,1,"","13,89",3,5,1,0,3,1,1,0,3,1,9,7,3,2,6,5,13,16,56,44,0.00,0.00,0.00,0.00,2.00,39,65,26,13,7,13,68,26,75,7.07,6.74,2.46,3.03,3.40,0.00,0.00,0.00,0.00,0.00,0.00,Campos de Sport de El Sardinero
1428253200,Apr 05 2015 - 5:00pm,complete,9685,CD Tenerife,Real Zaragoza,N/A,32,1.81,1.13,1.71,1.17,1,1,2,1,1,0,"16","54",-1,-1,5,0,3,1,0,5,1,3,-1,-1,-1,-1,-1,-1,-1,-1,-1,-1,0.00,0.00,0.00,0.00,2.35,42,62,33,27,14,27,74,37,65,10.43,6.63,2.04,3.18,4.42,0.00,0.00,0.00,0.00,0.00,0.00,Estadio Heliodoro Rodríguez Lopéz
1428260400,Apr 05 2015 - 7:00pm,complete,2266,AD Alcorcón,Deportivo Alavés,N/A,32,1.50,0.80,1.43,0.86,0,1,1,0,0,0,"","70",16,3,6,0,4,0,3,3,2,2,10,5,4,0,6,5,15,12,66,34,0.00,0.00,0.00,0.00,2.36,59,72,43,29,10,29,72,33,72,9.70,6.69,1.94,3.25,4.80,0.00,0.00,0.00,0.00,0.00,0.00,Estadio Santo Domingo
1428760800,Apr 11 2015 - 2:00pm,complete,6500,RCD Mallorca,Racing Santander,N/A,33,1.56,0.87,1.48,1.05,2,3,5,1,0,1,"68,89","12,72,90'3",-1,-1,4,1,4,0,3,2,1,3,-1,-1,-1,-1,-1,-1,-1,-1,-1,-1,0.00,0.00,0.00,0.00,2.35,45,74,33,16,10,32,58,39,81,8.22,6.78,1.83,3.50,5.05,0.00,0.00,0.00,0.00,0.00,0.00,Iberostar Estadi
1428768000,Apr 11 2015 - 4:00pm,complete,3439,CE Sabadell FC,CD Lugo,N/A,33,1.31,0.73,1.33,0.62,2,1,3,2,1,1,"14,48","12",4,10,3,0,2,0,1,2,0,2,7,13,2,6,5,7,20,21,40,60,0.00,0.00,0.00,0.00,2.67,45,64,48,26,19,42,54,36,74,8.17,6.02,2.50,3.26,3.10,0.00,0.00,0.00,0.00,0.00,0.00,Estadi de la Nova Creu Alta
1428768000,Apr 11 2015 - 4:00pm,complete,15000,Real Zaragoza,Sporting Gijón,N/A,33,1.88,1.56,1.74,1.62,1,1,2,0,0,0,"56","58",3,4,2,0,4,1,1,1,2,3,8,4,5,0,3,4,12,15,58,42,0.00,0.00,0.00,0.00,2.16,50,76,32,19,7,29,72,25,72,7.44,5.26,0.00,0.00,0.00,0.00,0.00,0.00,0.00,0.00,0.00,Estadio de la Romareda
1428768900,Apr 11 2015 - 4:15pm,complete,11500,Real Valladolid,Mirandés,N/A,33,2.20,1.00,1.91,1.10,2,1,3,2,2,0,"23,26","48",7,4,1,0,0,0,1,0,0,0,10,13,5,7,5,6,14,11,52,48,0.00,0.00,0.00,0.00,2.36,39,62,49,26,10,20,72,45,71,9.46,5.47,1.54,4.07,7.38,0.00,0.00,0.00,0.00,0.00,0.00,Estadio Municipal José Zorrilla
1428775200,Apr 11 2015 - 6:00pm,complete,1693,Llagostera-Costa Brava,AD Alcorcón,N/A,33,1.63,1.13,1.38,1.14,0,0,0,0,0,0,"","",6,7,5,0,3,1,1,4,3,1,5,11,0,6,5,5,18,15,45,55,0.00,0.00,0.00,0.00,2.56,56,75,46,26,17,33,69,39,75,10.09,8.65,2.44,3.16,3.28,0.00,0.00,0.00,0.00,0.00,0.00,Estadio Nou Municipal de Palamós (Palamós)
1428775200,Apr 11 2015 - 6:00pm,complete,9593,Deportivo Alavés,CD Tenerife,N/A,33,1.81,0.53,1.67,0.57,1,0,1,1,1,0,"45","",-1,-1,2,0,2,0,0,2,1,1,-1,-1,-1,-1,-1,-1,-1,-1,-1,-1,0.00,0.00,0.00,0.00,2.49,52,78,42,29,13,32,65,49,81,8.28,5.51,2.27,3.18,3.64,0.00,0.00,0.00,0.00,0.00,0.00,Estadio de Mendizorroza
1428832800,Apr 12 2015 - 10:00am,complete,15166,UD Las Palmas,Girona FC,N/A,33,2.20,1.88,2.30,2.05,2,0,2,1,1,0,"3,67","",4,4,2,0,2,0,0,2,0,2,10,13,6,7,4,6,11,19,49,51,0.00,0.00,0.00,0.00,2.59,55,75,55,13,10,22,74,46,69,9.86,5.56,2.07,3.35,4.01,0.00,0.00,0.00,0.00,0.00,0.00,Estadio de Gran Canaria
1428847200,Apr 12 2015 - 2:00pm,complete,6551,Recreativo de Huelva,SD Ponferradina,N/A,33,1.27,0.88,1.33,0.95,0,1,1,0,0,0,"","90",-1,-1,4,2,2,0,0,6,0,2,-1,-1,-1,-1,-1,-1,-1,-1,-1,-1,0.00,0.00,0.00,0.00,2.19,52,61,39,19,13,39,55,32,62,7.65,5.27,2.61,3.18,3.01,0.00,0.00,0.00,0.00,0.00,0.00,Estadio Nuevo Colombino
1428850800,Apr 12 2015 - 3:00pm,complete,12356,Barcelona II,Real Betis,N/A,33,1.06,1.69,0.95,1.86,1,2,3,2,1,1,"3","19,70",2,3,3,0,6,0,0,3,2,4,12,10,6,5,6,5,15,22,40,60,0.00,0.00,0.00,0.00,2.50,54,63,47,38,19,28,54,47,72,8.69,6.19,3.90,3.78,1.96,0.00,0.00,0.00,0.00,0.00,0.00,Mini Estadi
1428855300,Apr 12 2015 - 4:15pm,complete,14085,CA Osasuna,CD Numancia,N/A,33,1.38,1.25,1.52,1.14,1,1,2,1,0,1,"50","41",5,8,3,1,3,0,4,0,0,3,12,9,4,3,8,6,13,17,43,57,0.00,0.00,0.00,0.00,2.38,41,72,41,16,10,31,69,28,69,9.83,7.37,2.30,3.31,3.42,0.00,0.00,0.00,0.00,0.00,0.00,Estadio El Sadar
1428865200,Apr 12 2015 - 7:00pm,complete,3500,Leganés,Albacete Balompié,N/A,33,1.87,0.94,1.81,0.90,2,0,2,2,2,0,"22,31","",1,5,2,0,2,0,1,1,1,1,12,10,7,3,5,7,15,13,51,49,0.00,0.00,0.00,0.00,2.54,55,74,42,22,13,26,71,48,81,9.82,6.56,2.02,3.33,4.27,0.00,0.00,0.00,0.00,0.00,0.00,Estadio Municipal de Butarque
1429365600,Apr 18 2015 - 2:00pm,complete,4827,Girona FC,Leganés,N/A,34,1.81,0.88,1.82,0.86,2,1,3,0,0,0,"63,70","52",2,5,2,0,2,0,2,0,0,2,10,7,6,2,4,5,9,18,47,53,0.00,0.00,0.00,0.00,2.10,40,67,43,13,0,34,64,25,70,10.43,6.20,2.08,3.21,4.20,0.00,0.00,0.00,0.00,0.00,0.00,Estadi Municipal de Montilivi
1429372800,Apr 18 2015 - 4:00pm,complete,19450,Sporting Gijón,Deportivo Alavés,N/A,34,2.06,0.94,2.29,0.86,1,0,1,0,0,0,"80","",7,1,4,0,6,0,0,4,2,4,12,9,6,6,6,3,21,20,48,52,0.00,0.00,0.00,0.00,2.44,69,82,50,19,6,25,63,47,81,9.02,5.88,0.00,0.00,0.00,0.00,0.00,0.00,0.00,0.00,0.00,Estadio Municipal El Molinón
1429373700,Apr 18 2015 - 4:15pm,complete,5000,SD Ponferradina,CA Osasuna,N/A,34,2.00,0.63,1.90,0.62,1,0,1,1,1,0,"20","",-1,-1,3,0,2,0,0,3,2,0,-1,-1,-1,-1,-1,-1,-1,-1,-1,-1,0.00,0.00,0.00,0.00,2.69,44,78,47,19,13,19,79,47,82,9.65,6.82,2.06,3.30,4.14,0.00,0.00,0.00,0.00,0.00,0.00,Estadio El Toralín
1429380000,Apr 18 2015 - 6:00pm,complete,3243,Mirandés,UD Las Palmas,N/A,34,1.50,1.35,1.71,1.30,2,1,3,1,1,0,"18,70","51",-1,-1,2,0,2,0,0,2,1,1,-1,-1,-1,-1,-1,-1,-1,-1,-1,-1,0.00,0.00,0.00,0.00,2.08,51,63,36,15,9,24,52,39,70,10.17,6.22,3.41,3.20,2.36,0.00,0.00,0.00,0.00,0.00,0.00,Estadio Municipal de Anduva
1429385400,Apr 18 2015 - 7:30pm,complete,8653,Racing Santander,CD Lugo,N/A,34,0.94,0.69,1.05,0.62,1,0,1,0,0,0,"68","",0,5,6,0,1,0,2,4,0,1,9,12,7,4,2,8,17,10,34,66,0.00,0.00,0.00,0.00,2.31,39,64,40,13,10,25,63,31,70,7.74,6.95,2.55,3.08,3.19,0.00,0.00,0.00,0.00,0.00,0.00,Campos de Sport de El Sardinero
1429385400,Apr 18 2015 - 7:30pm,complete,6613,Albacete Balompié,Recreativo de Huelva,N/A,34,1.44,0.76,1.52,0.62,3,1,4,2,2,0,"7,43,87","62",5,5,2,0,4,1,1,1,3,2,9,5,2,0,7,5,21,11,56,44,0.00,0.00,0.00,0.00,2.39,43,66,40,22,16,33,70,33,73,10.69,6.37,1.89,3.48,4.67,0.00,0.00,0.00,0.00,0.00,0.00,Estadio Carlos Belmonte
1429437600,Apr 19 2015 - 10:00am,complete,32000,Real Betis,Real Zaragoza,N/A,34,2.19,1.13,2.14,1.17,4,0,4,1,1,0,"28,52,63,89","",4,2,0,0,1,0,0,0,0,1,6,9,3,3,3,6,14,19,56,44,0.00,0.00,0.00,0.00,2.82,50,75,50,38,16,38,69,47,82,9.78,7.32,1.63,3.87,6.30,0.00,0.00,0.00,0.00,0.00,0.00,Estadio Benito Villamarín
1429452000,Apr 19 2015 - 2:00pm,complete,3084,AD Alcorcón,RCD Mallorca,N/A,34,1.41,0.81,1.43,0.81,0,0,0,0,0,0,"","",-1,-1,2,0,5,0,2,0,3,2,-1,-1,-1,-1,-1,-1,-1,-1,-1,-1,0.00,0.00,0.00,0.00,2.56,49,64,43,34,16,27,64,37,70,9.64,7.52,1.92,3.36,4.73,0.00,0.00,0.00,0.00,0.00,0.00,Estadio Santo Domingo
1429455600,Apr 19 2015 - 3:00pm,complete,5992,CD Numancia,Barcelona II,N/A,34,1.38,0.81,1.38,0.76,1,0,1,1,1,0,"22","",11,7,3,0,5,0,2,1,2,3,12,12,5,7,7,5,20,14,47,53,0.00,0.00,0.00,0.00,3.35,54,75,53,44,29,47,72,44,78,9.56,5.69,1.72,3.94,5.09,0.00,0.00,0.00,0.00,0.00,0.00,Nuevo Estadio Los Pajaritos
1429460100,Apr 19 2015 - 4:15pm,complete,9700,Real Valladolid,CE Sabadell FC,N/A,34,2.25,0.50,1.91,0.48,0,0,0,0,0,0,"","",-1,-1,2,1,2,0,0,3,0,2,-1,-1,-1,-1,-1,-1,-1,-1,-1,-1,0.00,0.00,0.00,0.00,2.22,38,60,50,22,6,28,72,35,63,8.98,5.75,1.56,4.06,7.07,0.00,0.00,0.00,0.00,0.00,0.00,Estadio Municipal José Zorrilla
1429462800,Apr 19 2015 - 5:00pm,complete,10473,CD Tenerife,Llagostera-Costa Brava,N/A,34,1.76,1.25,1.71,1.33,0,0,0,0,0,0,"","",13,5,5,0,2,0,1,4,0,2,9,10,5,6,4,4,17,12,60,40,0.00,0.00,0.00,0.00,1.67,30,58,13,7,3,6,63,19,70,9.14,5.53,1.88,3.36,5.00,0.00,0.00,0.00,0.00,0.00,0.00,Estadio Heliodoro Rodríguez Lopéz
1429970400,Apr 25 2015 - 2:00pm,complete,2580,CD Lugo,AD Alcorcón,N/A,35,1.94,1.13,1.71,1.14,0,0,0,0,0,0,"","",-1,-1,3,0,2,0,2,1,1,1,-1,-1,-1,-1,-1,-1,-1,-1,-1,-1,0.00,0.00,0.00,0.00,2.73,67,73,55,27,22,37,70,43,76,9.47,7.90,2.35,3.12,3.52,0.00,0.00,0.00,0.00,0.00,0.00,Estadio Anxo Carro
1429977600,Apr 25 2015 - 4:00pm,complete,13659,CA Osasuna,Albacete Balompié,N/A,35,1.35,0.88,1.52,0.90,2,1,3,1,1,0,"2,83","54",-1,-1,5,1,1,0,1,5,1,0,-1,-1,-1,-1,-1,-1,-1,-1,-1,-1,0.00,0.00,0.00,0.00,2.74,56,71,44,27,21,32,74,44,68,9.62,6.88,2.06,3.34,4.09,0.00,0.00,0.00,0.00,0.00,0.00,Estadio El Sadar
1429978500,Apr 25 2015 - 4:15pm,complete,10942,Deportivo Alavés,Real Betis,N/A,35,1.88,1.76,1.67,1.86,1,2,3,1,0,1,"82","15,73",11,1,2,0,2,0,0,2,0,2,16,6,7,2,9,4,15,18,59,41,0.00,0.00,0.00,0.00,2.27,44,65,44,27,12,29,53,44,74,8.02,6.17,2.88,3.20,2.70,0.00,0.00,0.00,0.00,0.00,0.00,Estadio de Mendizorroza
1429979400,Apr 25 2015 - 4:30pm,complete,2650,Barcelona II,SD Ponferradina,N/A,35,1.00,1.00,0.95,0.95,2,1,3,0,0,0,"50,85","80",9,3,4,2,1,0,1,5,0,1,7,11,4,2,3,9,12,9,57,43,0.00,0.00,0.00,0.00,2.59,62,68,50,33,15,35,62,44,71,8.33,5.35,2.87,3.45,2.55,0.00,0.00,0.00,0.00,0.00,0.00,Mini Estadi
1429984800,Apr 25 2015 - 6:00pm,complete,6000,RCD Mallorca,CD Tenerife,N/A,35,1.47,0.50,1.48,0.57,2,1,3,1,0,1,"51,70","33",-1,-1,4,0,2,0,1,3,1,1,-1,-1,-1,-1,-1,-1,-1,-1,-1,-1,0.00,0.00,0.00,0.00,2.69,55,79,40,28,22,36,67,46,79,8.76,6.60,2.53,3.19,3.11,0.00,0.00,0.00,0.00,0.00,0.00,Iberostar Estadi
1430042400,Apr 26 2015 - 10:00am,complete,14442,UD Las Palmas,Real Valladolid,N/A,35,2.25,1.24,2.30,1.45,1,1,2,0,0,0,"70","65",8,5,4,0,4,0,1,3,2,2,17,11,9,6,8,5,14,19,56,44,0.00,0.00,0.00,0.00,2.68,43,73,43,22,19,21,64,49,77,9.33,5.69,2.02,3.39,4.17,0.00,0.00,0.00,0.00,0.00,0.00,Estadio de Gran Canaria
1430056800,Apr 26 2015 - 2:00pm,complete,7189,CE Sabadell FC,Racing Santander,N/A,35,1.41,1.00,1.33,1.05,3,2,5,2,1,1,"42,60,62","31,50",-1,-1,3,0,3,0,1,2,1,2,-1,-1,-1,-1,-1,-1,-1,-1,-1,-1,0.00,0.00,0.00,0.00,2.57,55,73,45,27,15,39,70,34,82,8.49,6.26,1.99,3.24,4.55,0.00,0.00,0.00,0.00,0.00,0.00,Estadi de la Nova Creu Alta
1430058600,Apr 26 2015 - 2:30pm,complete,3126,Llagostera-Costa Brava,Sporting Gijón,N/A,35,1.59,1.53,1.38,1.62,0,0,0,0,0,0,"","",4,6,2,1,2,0,0,3,1,1,11,13,3,5,8,8,12,13,47,53,0.00,0.00,0.00,0.00,1.86,38,62,24,15,6,18,53,24,65,9.44,5.88,0.00,0.00,0.00,0.00,0.00,0.00,0.00,0.00,0.00,Estadio Nou Municipal de Palamós (Palamós)
1430064000,Apr 26 2015 - 4:00pm,complete,6368,Recreativo de Huelva,Girona FC,N/A,35,1.19,1.76,1.33,2.05,0,3,3,2,0,2,"","28,34,67",-1,-1,2,0,1,0,2,0,0,1,-1,-1,-1,-1,-1,-1,-1,-1,-1,-1,0.00,0.00,0.00,0.00,2.03,46,61,39,10,7,34,63,24,58,8.70,5.21,3.00,3.19,2.61,0.00,0.00,0.00,0.00,0.00,0.00,Estadio Nuevo Colombino
1430064900,Apr 26 2015 - 4:15pm,complete,14000,Real Zaragoza,CD Numancia,N/A,35,1.82,1.24,1.74,1.14,1,0,1,1,1,0,"37","",6,2,3,0,5,0,1,2,1,4,11,6,7,4,4,2,19,18,54,46,0.00,0.00,0.00,0.00,2.42,50,85,41,18,6,32,74,36,82,7.76,6.82,2.01,3.36,4.26,0.00,0.00,0.00,0.00,0.00,0.00,Estadio de la Romareda
1430074800,Apr 26 2015 - 7:00pm,complete,2500,Leganés,Mirandés,N/A,35,1.94,0.94,1.81,1.10,0,0,0,0,0,0,"","",4,2,1,0,2,0,1,0,0,2,9,10,4,3,5,7,15,19,58,42,0.00,0.00,0.00,0.00,2.24,43,70,36,21,6,25,67,39,79,10.87,5.64,1.78,3.41,5.69,0.00,0.00,0.00,0.00,0.00,0.00,Estadio Municipal de Butarque
1430575200,May 02 2015 - 2:00pm,complete,2383,AD Alcorcón,Racing Santander,N/A,36,1.39,0.94,1.43,1.05,2,0,2,1,1,0,"27,90'4","",-1,-1,4,0,1,1,1,3,0,2,-1,-1,-1,-1,-1,-1,-1,-1,-1,-1,0.00,0.00,0.00,0.00,2.21,46,64,34,26,12,29,61,32,72,9.81,7.08,1.79,3.41,5.63,0.00,0.00,0.00,0.00,0.00,0.00,Estadio Santo Domingo
1430575200,May 02 2015 - 2:00pm,complete,3301,CD Numancia,Deportivo Alavés,N/A,36,1.47,0.88,1.38,0.86,1,0,1,0,0,0,"81","",3,6,4,0,4,0,2,2,2,2,5,9,0,3,5,6,11,15,55,45,0.00,0.00,0.00,0.00,2.77,62,74,47,30,12,30,71,44,77,9.00,6.17,2.45,3.19,3.23,0.00,0.00,0.00,0.00,0.00,0.00,Nuevo Estadio Los Pajaritos
1430583300,May 02 2015 - 4:15pm,complete,30602,Real Betis,Llagostera-Costa Brava,N/A,36,2.24,1.24,2.14,1.33,2,2,4,1,0,1,"46,70","38,77",8,2,5,0,2,0,1,4,1,1,15,11,7,7,8,4,20,11,58,42,0.00,0.00,0.00,0.00,2.15,33,68,33,21,6,18,56,33,82,8.53,5.82,1.50,4.20,8.00,0.00,0.00,0.00,0.00,0.00,0.00,Estadio Benito Villamarín
1430584200,May 02 2015 - 4:30pm,complete,8182,Girona FC,CA Osasuna,N/A,36,1.88,0.59,1.82,0.62,3,0,3,1,1,0,"9,60,73","",3,2,2,0,2,0,2,0,1,1,6,6,2,2,4,4,17,13,44,56,0.00,0.00,0.00,0.00,2.24,35,71,47,12,3,27,68,35,68,9.40,6.17,1.96,3.35,4.50,0.00,0.00,0.00,0.00,0.00,0.00,Estadi Municipal de Montilivi
1430589600,May 02 2015 - 6:00pm,complete,11410,UD Las Palmas,CE Sabadell FC,N/A,36,2.18,0.53,2.30,0.48,2,0,2,0,0,0,"50,86","",-1,-1,2,0,2,0,1,1,0,2,-1,-1,-1,-1,-1,-1,-1,-1,-1,-1,0.00,0.00,0.00,0.00,2.38,44,68,44,21,12,21,62,44,74,9.96,6.12,1.40,4.80,9.20,0.00,0.00,0.00,0.00,0.00,0.00,Estadio de Gran Canaria
1430647200,May 03 2015 - 10:00am,complete,6000,SD Ponferradina,Real Zaragoza,N/A,36,2.06,1.06,1.90,1.17,1,1,2,0,0,0,"57","52",9,6,4,0,1,0,1,3,1,0,9,4,6,3,3,1,13,10,46,54,0.00,0.00,0.00,0.00,3.09,53,76,53,41,21,30,82,56,79,9.78,6.82,2.23,3.34,3.52,0.00,0.00,0.00,0.00,0.00,0.00,Estadio El Toralín
1430665200,May 03 2015 - 3:00pm,complete,19771,Sporting Gijón,RCD Mallorca,N/A,36,2.12,0.82,2.29,0.81,1,0,1,1,1,0,"45'3","",10,2,2,0,5,1,1,1,3,3,20,3,10,0,10,3,17,10,55,45,0.00,0.00,0.00,0.00,2.59,59,74,50,24,12,24,56,50,77,8.49,6.64,1.65,3.76,6.40,0.00,0.00,0.00,0.00,0.00,0.00,Estadio Municipal El Molinón
1430669700,May 03 2015 - 4:15pm,complete,7700,Real Valladolid,Leganés,N/A,36,2.18,0.83,1.91,0.86,2,0,2,1,1,0,"39,63","",8,7,3,0,4,0,0,3,0,4,9,9,6,6,3,3,14,12,56,44,0.00,0.00,0.00,0.00,2.12,40,63,43,12,3,26,66,29,69,9.10,6.25,1.81,3.54,5.15,0.00,0.00,0.00,0.00,0.00,0.00,Estadio Municipal José Zorrilla
1430672400,May 03 2015 - 5:00pm,complete,9697,CD Tenerife,CD Lugo,N/A,36,1.72,0.65,1.71,0.62,1,1,2,0,0,0,"89","87",-1,-1,4,0,2,0,1,3,0,2,-1,-1,-1,-1,-1,-1,-1,-1,-1,-1,0.00,0.00,0.00,0.00,1.90,31,52,26,6,6,18,54,23,64,10.26,5.84,1.81,3.35,5.60,0.00,0.00,0.00,0.00,0.00,0.00,Estadio Heliodoro Rodríguez Lopéz
1430672400,May 03 2015 - 5:00pm,complete,9651,Albacete Balompié,Barcelona II,N/A,36,1.53,0.76,1.52,0.76,2,1,3,0,0,0,"52,81","67",4,4,2,0,4,0,1,1,2,2,14,8,8,4,6,4,20,11,40,60,0.00,0.00,0.00,0.00,2.80,38,62,44,38,27,41,74,32,74,11.90,5.18,1.76,3.94,4.82,0.00,0.00,0.00,0.00,0.00,0.00,Estadio Carlos Belmonte
1430679600,May 03 2015 - 7:00pm,complete,3900,Mirandés,Recreativo de Huelva,N/A,36,1.59,0.72,1.71,0.62,2,1,3,1,1,0,"24,78","88",3,4,3,1,2,0,1,3,0,2,9,12,4,6,5,6,12,8,37,63,0.00,0.00,0.00,0.00,2.11,43,66,34,14,9,26,57,34,75,9.37,6.98,1.88,3.33,5.05,0.00,0.00,0.00,0.00,0.00,0.00,Estadio Municipal de Anduva
1431180000,May 09 2015 - 2:00pm,complete,6722,Barcelona II,Girona FC,N/A,37,1.11,1.83,0.95,2.05,2,4,6,2,1,1,"6,80","42,48,54,90'1",6,4,3,0,3,0,2,1,0,3,5,15,2,8,3,7,8,18,48,52,0.00,0.00,0.00,0.00,2.53,59,72,56,23,9,33,72,39,67,9.61,5.23,3.27,3.51,2.28,0.00,0.00,0.00,0.00,0.00,0.00,Mini Estadi
1431187200,May 09 2015 - 4:00pm,complete,5258,CE Sabadell FC,AD Alcorcón,N/A,37,1.50,1.12,1.33,1.14,0,1,1,1,0,1,"","41",5,4,7,0,6,0,3,4,1,5,5,6,0,2,5,4,16,21,50,50,0.00,0.00,0.00,0.00,2.83,69,77,57,32,23,51,77,34,77,10.01,7.90,2.52,3.16,3.15,0.00,0.00,0.00,0.00,0.00,0.00,Estadi de la Nova Creu Alta
1431187200,May 09 2015 - 4:00pm,complete,6600,CD Lugo,Sporting Gijón,N/A,37,1.89,1.50,1.71,1.62,1,2,3,2,0,2,"80","9,23",5,3,1,0,5,0,1,0,2,3,13,6,6,4,7,2,12,14,61,39,0.00,0.00,0.00,0.00,2.06,50,61,34,17,11,23,56,28,67,8.70,5.11,3.05,3.15,2.60,0.00,0.00,0.00,0.00,0.00,0.00,Estadio Anxo Carro
1431187200,May 09 2015 - 4:00pm,complete,3679,Recreativo de Huelva,Real Valladolid,N/A,37,1.12,1.22,1.33,1.45,0,3,3,3,0,3,"","21,25,39",6,7,3,0,0,0,2,1,0,0,8,13,4,4,4,9,12,18,44,56,0.00,0.00,0.00,0.00,2.16,37,60,31,17,15,35,52,31,66,8.35,5.47,3.34,3.18,2.41,0.00,0.00,0.00,0.00,0.00,0.00,Estadio Nuevo Colombino
1431194400,May 09 2015 - 6:00pm,complete,4500,Leganés,UD Las Palmas,N/A,37,1.88,1.28,1.81,1.30,2,1,3,0,0,0,"50,65","52",-1,-1,2,0,4,0,2,0,0,4,-1,-1,-1,-1,-1,-1,-1,-1,-1,-1,0.00,0.00,0.00,0.00,2.28,54,75,40,17,6,29,66,43,72,9.90,6.09,3.12,3.17,2.54,0.00,0.00,0.00,0.00,0.00,0.00,Estadio Municipal de Butarque
1431252000,May 10 2015 - 10:00am,complete,7500,RCD Mallorca,Real Betis,N/A,37,1.56,1.83,1.48,1.86,1,2,3,3,1,2,"36","16,33",7,5,7,0,3,0,1,6,2,1,7,8,2,6,5,2,13,8,58,42,0.00,0.00,0.00,0.00,2.58,53,72,47,25,20,34,56,47,78,8.35,7.28,3.17,3.34,2.41,0.00,0.00,0.00,0.00,0.00,0.00,Iberostar Estadi
1431266400,May 10 2015 - 2:00pm,complete,2463,Llagostera-Costa Brava,CD Numancia,N/A,37,1.56,1.17,1.38,1.14,0,0,0,0,0,0,"","",6,4,3,0,3,0,0,3,1,2,13,13,6,6,7,7,15,16,45,55,0.00,0.00,0.00,0.00,2.03,34,67,34,14,6,23,58,28,70,9.51,7.45,2.25,3.21,3.65,0.00,0.00,0.00,0.00,0.00,0.00,Estadi Municipal de Montilivi
1431273600,May 10 2015 - 4:00pm,complete,16274,CA Osasuna,Mirandés,N/A,37,1.44,0.94,1.52,1.10,2,0,2,1,1,0,"2,80","",-1,-1,1,0,3,0,1,0,0,3,-1,-1,-1,-1,-1,-1,-1,-1,-1,-1,0.00,0.00,0.00,0.00,2.42,47,64,42,25,14,25,67,39,70,10.70,6.28,1.81,3.44,5.34,0.00,0.00,0.00,0.00,0.00,0.00,Estadio El Sadar
1431274500,May 10 2015 - 4:15pm,complete,14000,Real Zaragoza,Albacete Balompié,N/A,37,1.89,0.83,1.74,0.90,3,1,4,2,2,0,"4,15,64","63",2,3,2,0,3,0,1,1,2,1,7,9,3,2,4,7,18,17,41,59,0.00,0.00,0.00,0.00,2.75,62,81,48,28,17,33,78,53,78,7.48,6.22,2.09,3.33,3.97,0.00,0.00,0.00,0.00,0.00,0.00,Estadio de la Romareda
1431277200,May 10 2015 - 5:00pm,complete,10000,Racing Santander,CD Tenerife,N/A,37,1.06,0.47,1.05,0.57,1,0,1,1,1,0,"32","",-1,-1,4,0,3,0,0,4,2,1,-1,-1,-1,-1,-1,-1,-1,-1,-1,-1,0.00,0.00,0.00,0.00,2.35,52,72,37,20,12,23,80,35,74,7.91,6.95,2.54,3.15,3.14,0.00,0.00,0.00,0.00,0.00,0.00,Campos de Sport de El Sardinero
1431284400,May 10 2015 - 7:00pm,complete,8571,Deportivo Alavés,SD Ponferradina,N/A,37,1.78,0.94,1.67,0.95,2,1,3,2,1,1,"18,83","26",7,6,2,0,1,0,0,2,1,0,15,7,10,3,5,4,15,10,56,44,0.00,0.00,0.00,0.00,2.36,53,70,47,22,9,31,59,47,73,8.29,5.06,2.09,3.28,4.06,0.00,0.00,0.00,0.00,0.00,0.00,Estadio de Mendizorroza
1431784800,May 16 2015 - 2:00pm,complete,5503,Albacete Balompié,Deportivo Alavés,N/A,38,1.61,0.83,1.52,0.86,2,3,5,2,1,1,"43,70","8,77,90'2",4,6,3,0,3,0,2,1,0,3,4,6,0,2,4,4,11,11,59,41,0.00,0.00,0.00,0.00,2.33,50,64,42,25,12,25,67,36,78,10.73,5.56,2.26,3.27,3.55,0.00,0.00,0.00,0.00,0.00,0.00,Estadio Carlos Belmonte
1431784800,May 16 2015 - 2:00pm,complete,4135,Leganés,CE Sabadell FC,N/A,38,1.94,0.50,1.81,0.48,1,1,2,1,1,0,"11","48",9,4,2,0,3,0,1,1,1,2,9,2,6,0,3,2,12,7,49,51,0.00,0.00,0.00,0.00,1.97,36,64,34,17,3,25,59,33,67,10.18,5.89,1.56,3.95,7.33,0.00,0.00,0.00,0.00,0.00,0.00,Estadio Municipal de Butarque
1431792000,May 16 2015 - 4:00pm,complete,23070,Sporting Gijón,Racing Santander,N/A,38,2.17,0.89,2.29,1.05,3,1,4,2,1,1,"16,63,68","11",5,2,4,0,2,0,3,1,1,1,8,8,4,5,4,3,15,17,60,40,0.00,0.00,0.00,0.00,2.33,56,75,42,17,9,25,59,45,81,8.92,6.16,0.00,0.00,0.00,0.00,0.00,0.00,0.00,0.00,0.00,Estadio Municipal El Molinón
1431792900,May 16 2015 - 4:15pm,complete,9060,Real Valladolid,CA Osasuna,N/A,38,2.22,0.56,1.91,0.62,1,1,2,0,0,0,"73","76",-1,-1,3,0,5,0,0,3,2,3,-1,-1,-1,-1,-1,-1,-1,-1,-1,-1,0.00,0.00,0.00,0.00,2.22,31,67,45,12,6,20,75,36,67,8.42,6.28,1.65,3.77,6.32,0.00,0.00,0.00,0.00,0.00,0.00,Estadio Municipal José Zorrilla
1431799200,May 16 2015 - 6:00pm,complete,4000,CD Numancia,RCD Mallorca,N/A,38,1.56,0.78,1.38,0.81,1,2,3,2,1,1,"17","14,79",-1,-1,3,1,5,1,0,4,1,5,-1,-1,-1,-1,-1,-1,-1,-1,-1,-1,0.00,0.00,0.00,0.00,2.89,53,67,47,33,17,28,67,47,70,8.34,6.95,2.07,3.36,4.01,0.00,0.00,0.00,0.00,0.00,0.00,Nuevo Estadio Los Pajaritos
1431799200,May 16 2015 - 6:00pm,complete,3093,Mirandés,Barcelona II,N/A,38,1.67,0.72,1.71,0.76,2,3,5,2,1,1,"41,47","4,53,80",4,2,2,0,1,0,1,1,1,0,14,12,8,4,6,8,8,7,53,47,0.00,0.00,0.00,0.00,2.45,39,62,39,25,20,28,58,33,75,10.31,5.89,1.84,3.77,4.51,0.00,0.00,0.00,0.00,0.00,0.00,Estadio Municipal de Anduva
1431799200,May 16 2015 - 6:00pm,complete,11032,UD Las Palmas,Recreativo de Huelva,N/A,38,2.22,0.68,2.30,0.62,3,0,3,2,2,0,"24,33,58","",-1,-1,0,0,4,0,0,0,2,2,-1,-1,-1,-1,-1,-1,-1,-1,-1,-1,0.00,0.00,0.00,0.00,2.68,52,81,46,19,14,24,68,52,84,8.91,6.94,1.38,4.86,9.74,0.00,0.00,0.00,0.00,0.00,0.00,Estadio de Gran Canaria
1431856800,May 17 2015 - 10:00am,complete,8445,Girona FC,Real Zaragoza,N/A,38,1.94,1.06,1.82,1.17,1,1,2,1,0,1,"88","2",6,2,4,0,6,0,2,2,2,4,12,8,5,5,7,3,14,20,51,49,0.00,0.00,0.00,0.00,2.72,48,75,56,34,11,36,70,50,73,9.51,6.11,1.99,3.49,4.15,0.00,0.00,0.00,0.00,0.00,0.00,Estadi Municipal de Montilivi
1431871200,May 17 2015 - 2:00pm,complete,4078,SD Ponferradina,Llagostera-Costa Brava,N/A,38,2.00,1.22,1.90,1.33,0,1,1,0,0,0,"","90'4",-1,-1,1,0,5,1,0,1,1,5,-1,-1,-1,-1,-1,-1,-1,-1,-1,-1,0.00,0.00,0.00,0.00,2.39,42,70,34,23,12,12,67,42,81,9.03,5.72,1.86,3.47,4.88,0.00,0.00,0.00,0.00,0.00,0.00,Estadio El Toralín
1431879300,May 17 2015 - 4:15pm,complete,30869,Real Betis,CD Lugo,N/A,38,2.17,0.67,2.14,0.62,5,1,6,3,2,1,"13,42,49,57,90","22",-1,-1,2,0,1,0,1,1,0,1,-1,-1,-1,-1,-1,-1,-1,-1,-1,-1,0.00,0.00,0.00,0.00,2.50,39,67,48,22,9,28,50,42,81,9.22,6.11,1.38,4.85,9.98,0.00,0.00,0.00,0.00,0.00,0.00,Estadio Benito Villamarín
1431889200,May 17 2015 - 7:00pm,complete,8771,CD Tenerife,AD Alcorcón,N/A,38,1.68,1.22,1.71,1.14,1,1,2,2,1,1,"43","3",-1,-1,2,0,5,1,2,0,5,1,-1,-1,-1,-1,-1,-1,-1,-1,-1,-1,0.00,0.00,0.00,0.00,1.99,52,63,31,11,9,22,73,25,63,11.50,8.01,2.12,3.25,3.98,0.00,0.00,0.00,0.00,0.00,0.00,Estadio Heliodoro Rodríguez Lopéz
1432062000,May 19 2015 - 7:00pm,complete,1601,Barcelona II,Real Valladolid,N/A,39,1.05,1.32,0.95,1.45,1,3,4,1,0,1,"59","12,62,82",2,5,3,0,5,0,1,2,1,4,15,15,8,11,7,4,6,18,56,44,0.00,0.00,0.00,0.00,2.71,53,71,48,32,19,35,61,48,71,9.52,5.47,3.53,3.72,2.09,0.00,0.00,0.00,0.00,0.00,0.00,Mini Estadi
1432065600,May 19 2015 - 8:00pm,complete,12038,CA Osasuna,UD Las Palmas,N/A,39,1.53,1.21,1.52,1.30,1,2,3,3,1,2,"26","7,27",-1,-1,3,0,5,0,2,1,3,2,-1,-1,-1,-1,-1,-1,-1,-1,-1,-1,0.00,0.00,0.00,0.00,2.58,61,74,48,21,14,29,69,45,69,10.04,6.79,2.51,3.28,3.06,0.00,0.00,0.00,0.00,0.00,0.00,Estadio El Sadar
1432144800,May 20 2015 - 6:00pm,complete,4293,AD Alcorcón,Sporting Gijón,N/A,39,1.47,1.58,1.43,1.62,0,0,0,0,0,0,"","",3,5,2,0,2,0,0,2,0,2,18,9,11,6,7,3,10,17,59,41,0.00,0.00,0.00,0.00,1.84,45,61,27,16,6,27,58,16,63,10.50,6.26,2.94,3.27,2.60,0.00,0.00,0.00,0.00,0.00,0.00,Estadio Santo Domingo
1432144800,May 20 2015 - 6:00pm,complete,4490,RCD Mallorca,SD Ponferradina,N/A,39,1.47,0.89,1.48,0.95,1,0,1,0,0,0,"74","",-1,-1,3,0,2,1,0,3,1,2,-1,-1,-1,-1,-1,-1,-1,-1,-1,-1,0.00,0.00,0.00,0.00,2.66,61,76,50,21,16,40,61,45,74,8.70,6.36,2.43,3.36,3.11,0.00,0.00,0.00,0.00,0.00,0.00,Iberostar Estadi
1432144800,May 20 2015 - 6:00pm,complete,3203,Recreativo de Huelva,Leganés,N/A,39,1.06,0.79,1.33,0.86,1,0,1,0,0,0,"74","",-1,-1,2,0,4,0,0,2,1,3,-1,-1,-1,-1,-1,-1,-1,-1,-1,-1,0.00,0.00,0.00,0.00,1.97,38,62,33,8,6,35,54,19,70,9.21,6.30,3.08,3.27,2.50,0.00,0.00,0.00,0.00,0.00,0.00,Estadio Nuevo Colombino
1432148400,May 20 2015 - 7:00pm,complete,4000,CD Lugo,CD Numancia,N/A,39,1.79,1.16,1.71,1.14,1,1,2,1,0,1,"53","20",2,3,4,0,1,0,1,3,0,1,11,10,8,6,3,4,19,10,48,52,0.00,0.00,0.00,0.00,2.29,48,69,45,16,11,29,63,32,74,8.80,6.53,2.44,3.32,3.13,0.00,0.00,0.00,0.00,0.00,0.00,Estadio Anxo Carro
1432148400,May 20 2015 - 7:00pm,complete,8136,Deportivo Alavés,Girona FC,N/A,39,1.84,1.89,1.67,2.05,0,3,3,1,0,1,"","25,53,88",6,1,3,0,4,0,3,0,1,3,8,8,0,4,8,4,13,14,60,40,0.00,0.00,0.00,0.00,2.40,50,74,53,16,5,35,74,40,69,9.47,4.84,2.51,3.39,2.97,0.00,0.00,0.00,0.00,0.00,0.00,Estadio de Mendizorroza
1432152000,May 20 2015 - 8:00pm,complete,3208,CE Sabadell FC,CD Tenerife,N/A,39,1.42,0.44,1.33,0.57,1,3,4,3,0,3,"84","11,20,40",-1,-1,4,0,4,0,0,4,1,3,-1,-1,-1,-1,-1,-1,-1,-1,-1,-1,0.00,0.00,0.00,0.00,2.73,60,73,49,33,22,43,79,38,76,9.02,6.06,2.51,3.23,3.10,0.00,0.00,0.00,0.00,0.00,0.00,Estadi de la Nova Creu Alta
1432152000,May 20 2015 - 8:00pm,complete,10074,Real Zaragoza,Mirandés,N/A,39,1.95,0.89,1.74,1.10,0,1,1,1,0,1,"","18",9,2,0,0,1,0,0,0,1,0,10,4,7,3,3,1,7,16,59,41,0.00,0.00,0.00,0.00,2.45,50,74,42,29,11,29,71,45,79,8.46,5.53,1.82,3.59,4.95,0.00,0.00,0.00,0.00,0.00,0.00,Estadio de la Romareda
1432231200,May 21 2015 - 6:00pm,complete,10504,Racing Santander,Real Betis,N/A,39,1.16,1.89,1.05,1.86,2,4,6,3,1,2,"22,74","25,41,50,55",3,4,4,0,3,0,1,3,2,1,11,9,5,4,6,5,21,14,40,60,0.00,0.00,0.00,0.00,2.21,48,63,43,19,11,24,69,32,68,7.59,7.63,3.45,3.40,2.24,0.00,0.00,0.00,0.00,0.00,0.00,Campos de Sport de El Sardinero
1432234800,May 21 2015 - 7:00pm,complete,1863,Llagostera-Costa Brava,Albacete Balompié,N/A,39,1.53,0.79,1.38,0.90,2,3,5,3,1,2,"37,76","22,24,85",7,4,1,0,3,0,0,1,3,0,8,10,2,7,6,3,7,22,47,53,0.00,0.00,0.00,0.00,2.42,47,66,42,27,16,27,61,48,69,9.22,6.74,2.46,3.32,3.10,0.00,0.00,0.00,0.00,0.00,0.00,Estadio Nou Municipal de Palamós (Palamós)
1432389600,May 23 2015 - 2:00pm,complete,4306,Mirandés,Deportivo Alavés,N/A,40,1.58,0.95,1.71,0.86,3,0,3,2,2,0,"11,39,71","",9,4,2,0,2,0,1,1,0,2,4,10,0,4,4,6,21,14,60,40,0.00,0.00,0.00,0.00,2.13,50,63,37,19,11,19,58,37,79,9.38,6.16,2.68,3.15,2.94,0.00,0.00,0.00,0.00,0.00,0.00,Estadio Municipal de Anduva
1432389600,May 23 2015 - 2:00pm,complete,4644,Recreativo de Huelva,CE Sabadell FC,N/A,40,1.16,0.53,1.33,0.48,3,1,4,1,1,0,"18,58,77","71",6,2,3,0,3,0,2,1,2,1,5,5,4,3,1,2,17,15,35,65,0.00,0.00,0.00,0.00,1.92,35,56,35,16,8,34,53,24,63,8.86,5.69,2.10,3.32,3.95,0.00,0.00,0.00,0.00,0.00,0.00,Estadio Nuevo Colombino
1432396800,May 23 2015 - 4:00pm,complete,5000,SD Ponferradina,CD Lugo,N/A,40,1.89,0.63,1.90,0.62,1,0,1,1,1,0,"28","",-1,-1,2,0,4,1,0,2,0,5,-1,-1,-1,-1,-1,-1,-1,-1,-1,-1,0.00,0.00,0.00,0.00,2.69,45,66,45,21,16,24,58,48,79,9.63,5.73,1.81,3.58,5.00,0.00,0.00,0.00,0.00,0.00,0.00,Estadio El Toralín
1432397700,May 23 2015 - 4:15pm,complete,4037,Leganés,CA Osasuna,N/A,40,1.89,0.58,1.81,0.62,1,1,2,1,0,1,"85","39",-1,-1,3,0,3,0,1,2,1,2,-1,-1,-1,-1,-1,-1,-1,-1,-1,-1,0.00,0.00,0.00,0.00,2.11,37,74,32,8,3,19,66,37,74,9.57,6.47,2.40,3.18,3.33,0.00,0.00,0.00,0.00,0.00,0.00,Estadio Municipal de Butarque
1432409400,May 23 2015 - 7:30pm,complete,11612,UD Las Palmas,Barcelona II,N/A,40,2.26,0.84,2.30,0.76,4,3,7,2,2,0,"10,37,61,77","79,82,89",2,0,0,0,3,0,0,0,2,1,0,2,0,2,0,0,1,0,21,79,0.00,0.00,0.00,0.00,3.03,45,76,50,32,27,32,69,48,84,9.94,5.63,1.47,4.80,7.15,0.00,0.00,0.00,0.00,0.00,0.00,Estadio de Gran Canaria
1432476900,May 24 2015 - 2:15pm,complete,8735,Girona FC,Llagostera-Costa Brava,N/A,40,1.89,1.32,1.82,1.33,1,0,1,0,0,0,"76","",8,4,1,0,4,0,0,1,1,3,20,9,10,4,10,5,15,17,61,39,0.00,0.00,0.00,0.00,2.06,34,66,37,16,3,19,58,32,74,8.34,5.42,1.64,3.80,6.35,0.00,0.00,0.00,0.00,0.00,0.00,Estadi Municipal de Montilivi
1432483200,May 24 2015 - 4:00pm,complete,25600,Sporting Gijón,CD Tenerife,N/A,40,2.21,0.58,2.29,0.57,2,0,2,1,1,0,"44,65","",3,4,1,0,1,0,0,1,0,1,18,8,9,5,9,3,16,10,58,42,0.00,0.00,0.00,0.00,2.50,63,77,48,24,11,32,66,48,77,9.43,5.90,1.61,4.00,6.35,0.00,0.00,0.00,0.00,0.00,0.00,Estadio Municipal El Molinón
1432483200,May 24 2015 - 4:00pm,complete,2746,CD Numancia,Racing Santander,N/A,40,1.47,0.84,1.38,1.05,0,2,2,1,0,1,"","20,61",-1,-1,0,0,3,0,0,0,1,2,-1,-1,-1,-1,-1,-1,-1,-1,-1,-1,0.00,0.00,0.00,0.00,2.77,55,74,45,29,14,34,68,45,79,8.48,6.32,2.35,3.24,3.37,0.00,0.00,0.00,0.00,0.00,0.00,Nuevo Estadio Los Pajaritos
1432483200,May 24 2015 - 4:00pm,complete,9631,Real Valladolid,Real Zaragoza,N/A,40,2.16,1.05,1.91,1.17,1,3,4,1,1,0,"40","67,90'2,90'4",4,5,4,0,2,0,2,2,2,0,5,13,4,3,1,10,14,11,50,50,0.00,0.00,0.00,0.00,2.63,48,71,47,32,13,29,74,48,71,8.67,6.47,1.82,3.60,4.94,0.00,0.00,0.00,0.00,0.00,0.00,Estadio Municipal José Zorrilla
1432490400,May 24 2015 - 6:00pm,complete,50000,Real Betis,AD Alcorcón,N/A,40,2.21,1.21,2.14,1.14,3,0,3,1,1,0,"20,52,65","",3,6,3,0,2,0,0,3,0,2,6,4,4,2,2,2,12,9,48,52,0.00,0.00,0.00,0.00,2.66,58,77,53,29,14,37,74,40,76,10.46,8.26,1.48,4.48,7.72,0.00,0.00,0.00,0.00,0.00,0.00,Estadio Benito Villamarín
1432494000,May 24 2015 - 7:00pm,complete,7600,Albacete Balompié,RCD Mallorca,N/A,40,1.53,0.89,1.52,0.81,4,2,6,4,2,2,"35,36,80,90","8,17",9,0,2,0,2,0,0,2,1,1,14,5,4,3,10,2,10,8,72,28,0.00,0.00,0.00,0.00,2.63,47,63,47,32,19,29,68,42,71,9.90,6.42,1.87,3.51,4.75,0.00,0.00,0.00,0.00,0.00,0.00,Estadio Carlos Belmonte
1433088000,May 31 2015 - 4:00pm,complete,26873,Sporting Gijón,CE Sabadell FC,N/A,41,2.25,0.50,2.29,0.48,2,0,2,2,2,0,"23,31","",4,4,2,0,3,0,1,1,0,3,12,14,8,11,4,3,15,13,53,47,0.00,0.00,0.00,0.00,2.23,53,70,45,20,5,28,58,43,73,9.76,5.85,1.32,5.35,9.99,0.00,0.00,0.00,0.00,0.00,0.00,Estadio Municipal El Molinón
1433088000,May 31 2015 - 4:00pm,complete,19193,CD Tenerife,Real Betis,N/A,41,1.65,1.95,1.71,1.86,2,0,2,0,0,0,"68,80","",-1,-1,3,0,4,1,1,2,3,2,-1,-1,-1,-1,-1,-1,-1,-1,-1,-1,0.00,0.00,0.00,0.00,2.03,48,60,33,15,10,23,63,30,63,10.28,6.50,1.81,3.76,4.69,0.00,0.00,0.00,0.00,0.00,0.00,Estadio Heliodoro Rodríguez Lopéz
1433088000,May 31 2015 - 4:00pm,complete,2000,AD Alcorcón,CD Numancia,N/A,41,1.45,1.15,1.43,1.14,1,1,2,1,1,0,"8","76",-1,-1,2,0,0,0,0,2,0,0,-1,-1,-1,-1,-1,-1,-1,-1,-1,-1,0.00,0.00,0.00,0.00,1.98,40,65,33,15,5,28,63,20,68,10.35,7.40,1.86,3.55,4.72,0.00,0.00,0.00,0.00,0.00,0.00,Estadio Santo Domingo
1433088000,May 31 2015 - 4:00pm,complete,17855,Racing Santander,SD Ponferradina,N/A,41,1.10,0.85,1.05,0.95,0,1,1,0,0,0,"","73",-1,-1,2,0,4,0,1,1,0,4,-1,-1,-1,-1,-1,-1,-1,-1,-1,-1,0.00,0.00,0.00,0.00,2.33,53,65,43,18,10,28,70,33,70,7.62,6.60,2.19,3.40,3.58,0.00,0.00,0.00,0.00,0.00,0.00,Campos de Sport de El Sardinero
1433088000,May 31 2015 - 4:00pm,complete,2327,CD Lugo,Albacete Balompié,N/A,41,1.75,0.90,1.71,0.90,1,1,2,1,1,0,"37","76",-1,-1,1,0,1,0,0,1,0,1,-1,-1,-1,-1,-1,-1,-1,-1,-1,-1,0.00,0.00,0.00,0.00,2.83,65,73,55,30,23,35,70,53,78,8.26,5.95,1.97,3.65,4.02,0.00,0.00,0.00,0.00,0.00,0.00,Estadio Anxo Carro
1433088000,May 31 2015 - 4:00pm,complete,6000,RCD Mallorca,Girona FC,N/A,41,1.55,1.95,1.48,2.05,0,1,1,0,0,0,"","77",-1,-1,5,0,4,2,3,2,1,5,-1,-1,-1,-1,-1,-1,-1,-1,-1,-1,0.00,0.00,0.00,0.00,2.63,53,78,53,15,13,38,73,40,70,9.36,6.30,5.70,4.05,1.65,0.00,0.00,0.00,0.00,0.00,0.00,Iberostar Estadi
1433088000,May 31 2015 - 4:00pm,complete,1231,Llagostera-Costa Brava,Mirandés,N/A,41,1.45,1.00,1.38,1.10,0,1,1,0,0,0,"","67",-1,-1,-1,-1,-1,-1,-1,-1,-1,-1,-1,-1,-1,-1,-1,-1,-1,-1,-1,-1,0.00,0.00,0.00,0.00,2.10,35,58,35,25,13,20,55,38,68,10.28,5.90,2.00,3.44,4.18,0.00,0.00,0.00,0.00,0.00,0.00,Estadio Nou Municipal de Palamós (Palamós)
1433088000,May 31 2015 - 4:00pm,complete,9013,Deportivo Alavés,Real Valladolid,N/A,41,1.75,1.40,1.67,1.45,0,2,2,0,0,0,"","77,90'4",-1,-1,3,0,2,0,1,2,2,0,-1,-1,-1,-1,-1,-1,-1,-1,-1,-1,0.00,0.00,0.00,0.00,2.45,43,73,45,23,10,30,63,48,73,9.46,5.20,2.97,3.41,2.50,0.00,0.00,0.00,0.00,0.00,0.00,Estadio de Mendizorroza
1433088000,May 31 2015 - 4:00pm,complete,18910,Real Zaragoza,UD Las Palmas,N/A,41,1.85,1.30,1.74,1.30,0,2,2,2,0,2,"","18,41",4,2,4,0,1,0,2,2,1,0,6,6,4,3,2,3,16,14,46,54,0.00,0.00,0.00,0.00,2.60,65,80,50,25,10,35,73,50,73,8.10,6.10,2.48,3.48,2.95,0.00,0.00,0.00,0.00,0.00,0.00,Estadio de la Romareda
1433088000,May 31 2015 - 4:00pm,complete,1705,Barcelona II,Leganés,N/A,41,1.00,0.75,0.95,0.86,2,5,7,2,1,1,"13,60","37,53,72,78,89",-1,-1,1,0,1,0,0,1,0,1,-1,-1,-1,-1,-1,-1,-1,-1,-1,-1,0.00,0.00,0.00,0.00,2.48,55,70,45,25,10,30,60,38,80,9.85,6.45,2.04,3.79,3.63,0.00,0.00,0.00,0.00,0.00,0.00,Mini Estadi
1433088000,May 31 2015 - 4:00pm,complete,17720,CA Osasuna,Recreativo de Huelva,N/A,41,1.45,0.65,1.52,0.62,2,0,2,2,2,0,"16,43","",-1,-1,3,0,3,0,1,2,1,2,-1,-1,-1,-1,-1,-1,-1,-1,-1,-1,0.00,0.00,0.00,0.00,2.58,50,75,45,20,13,35,75,35,70,9.27,7.50,1.67,3.91,5.68,0.00,0.00,0.00,0.00,0.00,0.00,Estadio El Sadar
1433692800,Jun 07 2015 - 4:00pm,complete,26000,Real Betis,Sporting Gijón,N/A,42,2.25,1.55,2.14,1.62,0,3,3,1,0,1,"","24,60,68",4,6,0,0,0,0,0,0,0,0,17,10,7,6,10,4,10,14,45,55,0.00,0.00,0.00,0.00,2.20,45,70,40,20,5,25,63,30,75,9.58,5.65,0.00,0.00,0.00,0.00,0.00,0.00,0.00,0.00,0.00,Estadio Benito Villamarín
1433692800,Jun 07 2015 - 4:00pm,complete,8200,SD Ponferradina,AD Alcorcón,N/A,42,1.95,1.15,1.90,1.14,1,1,2,2,1,1,"19","18",-1,-1,2,0,2,0,1,1,0,2,-1,-1,-1,-1,-1,-1,-1,-1,-1,-1,0.00,0.00,0.00,0.00,2.63,58,73,48,23,15,28,80,43,73,10.96,7.85,1.55,4.19,6.85,0.00,0.00,0.00,0.00,0.00,0.00,Estadio El Toralín
1433692800,Jun 07 2015 - 4:00pm,complete,6688,Albacete Balompié,Racing Santander,N/A,42,1.60,0.95,1.52,1.05,0,1,1,1,0,1,"","32",5,1,1,0,0,0,0,1,0,0,12,6,2,3,10,3,12,12,66,34,0.00,0.00,0.00,0.00,2.58,48,70,43,30,18,33,70,43,80,10.16,5.55,3.17,3.50,2.33,0.00,0.00,0.00,0.00,0.00,0.00,Estadio Carlos Belmonte
1433692800,Jun 07 2015 - 4:00pm,complete,8974,Girona FC,CD Lugo,N/A,42,1.95,0.60,1.82,0.62,1,1,2,1,1,0,"44","89",6,2,3,0,4,0,0,3,1,3,10,10,5,5,5,5,18,15,42,58,0.00,0.00,0.00,0.00,2.35,38,63,48,15,8,30,53,38,70,9.09,5.35,1.32,5.45,9.99,0.00,0.00,0.00,0.00,0.00,0.00,Estadi Municipal de Montilivi
1433692800,Jun 07 2015 - 4:00pm,complete,3800,Mirandés,RCD Mallorca,N/A,42,1.65,0.85,1.71,0.81,2,0,2,1,1,0,"7,90","",-1,-1,1,0,0,0,0,1,0,0,-1,-1,-1,-1,-1,-1,-1,-1,-1,-1,0.00,0.00,0.00,0.00,2.40,45,63,43,23,15,23,60,40,73,8.65,6.85,2.04,3.54,3.88,0.00,0.00,0.00,0.00,0.00,0.00,Estadio Municipal de Anduva
1433692800,Jun 07 2015 - 4:00pm,complete,5093,Real Valladolid,Llagostera-Costa Brava,N/A,42,2.05,1.25,1.91,1.33,2,4,6,3,1,2,"26,58","41,44,55,86",-1,-1,3,0,2,0,1,2,1,1,-1,-1,-1,-1,-1,-1,-1,-1,-1,-1,0.00,0.00,0.00,0.00,2.03,33,60,33,18,5,13,60,33,73,7.63,5.70,2.01,3.55,3.99,0.00,0.00,0.00,0.00,0.00,0.00,Estadio Municipal José Zorrilla
1433692800,Jun 07 2015 - 4:00pm,complete,8523,UD Las Palmas,Deportivo Alavés,N/A,42,2.30,0.90,2.30,0.86,3,2,5,2,2,0,"27,42,63","65,79",-1,-1,3,0,3,0,2,1,0,3,-1,-1,-1,-1,-1,-1,-1,-1,-1,-1,0.00,0.00,0.00,0.00,2.70,53,78,48,23,15,23,68,48,88,9.10,5.85,1.77,3.84,4.90,0.00,0.00,0.00,0.00,0.00,0.00,Estadio de Gran Canaria
1433692800,Jun 07 2015 - 4:00pm,complete,6895,Leganés,Real Zaragoza,N/A,42,1.85,1.15,1.81,1.17,2,2,4,4,2,2,"4,40","14,38",4,5,1,0,0,0,1,0,0,0,8,10,6,5,2,5,10,11,42,58,0.00,0.00,0.00,0.00,2.55,53,78,38,30,10,28,70,45,78,9.88,6.50,5.13,4.00,1.71,0.00,0.00,0.00,0.00,0.00,0.00,Estadio Municipal de Butarque
1433692800,Jun 07 2015 - 4:00pm,complete,3049,Recreativo de Huelva,Barcelona II,N/A,42,1.25,0.80,1.33,0.76,2,0,2,2,2,0,"26,36","",-1,-1,2,0,4,0,1,1,2,2,-1,-1,-1,-1,-1,-1,-1,-1,-1,-1,0.00,0.00,0.00,0.00,2.73,40,63,45,33,25,45,63,30,73,8.80,5.50,2.04,3.85,3.57,0.00,0.00,0.00,0.00,0.00,0.00,Estadio Nuevo Colombino
1433692800,Jun 07 2015 - 4:00pm,complete,4490,CE Sabadell FC,CA Osasuna,N/A,42,1.35,0.60,1.33,0.62,2,2,4,2,2,0,"6,17","77,89",2,19,3,1,8,1,1,3,2,7,5,17,3,11,2,6,15,8,36,64,0.00,0.00,0.00,0.00,2.60,50,75,48,23,15,38,75,35,78,8.92,6.80,5.93,3.79,1.68,0.00,0.00,0.00,0.00,0.00,0.00,Estadi de la Nova Creu Alta
1433700000,Jun 07 2015 - 6:00pm,complete,1690,CD Numancia,CD Tenerife,N/A,42,1.40,0.55,1.38,0.57,3,3,6,2,1,1,"45'1,53,67","15,62,64",-1,-1,-1,-1,-1,-1,-1,-1,-1,-1,-1,-1,-1,-1,-1,-1,-1,-1,-1,-1,0.00,0.00,0.00,0.00,2.80,58,75,45,30,15,35,75,43,75,9.13,5.80,2.11,3.59,3.60,0.00,0.00,0.00,0.00,0.00,0.00,Nuevo Estadio Los Pajaritos
1433959200,Jun 10 2015 - 6:00pm,complete,17000,Real Valladolid,UD Las Palmas,N/A,N/A,1.71,1.86,1.68,1.80,1,1,2,2,1,1,"23","9",-1,-1,5,2,3,0,3,4,0,3,-1,-1,-1,-1,-1,-1,-1,-1,-1,-1,0.00,0.00,0.00,0.00,2.68,51,76,50,23,15,29,67,51,73,9.23,5.71,2.38,3.15,3.42,0.00,0.00,0.00,0.00,0.00,0.00,Estadio Municipal José Zorrilla
1434045600,Jun 11 2015 - 6:00pm,complete,15000,Real Zaragoza,Girona FC,N/A,N/A,1.45,1.95,1.46,1.93,0,3,3,2,0,2,"","22,44,58",-1,-1,2,0,3,0,1,1,1,2,-1,-1,-1,-1,-1,-1,-1,-1,-1,-1,0.00,0.00,0.00,0.00,2.58,51,76,50,26,8,35,77,42,71,8.92,5.77,2.70,3.11,2.97,0.00,0.00,0.00,0.00,0.00,0.00,Estadio de la Romareda
1434218400,Jun 13 2015 - 6:00pm,complete,21000,UD Las Palmas,Real Valladolid,N/A,N/A,1.84,1.70,1.80,1.68,0,0,0,0,0,0,"","",-1,-1,1,0,7,2,0,1,2,7,-1,-1,-1,-1,-1,-1,-1,-1,-1,-1,0.00,0.00,0.00,0.00,2.67,53,77,49,22,14,31,67,50,71,9.23,5.81,1.93,3.58,4.29,0.00,0.00,0.00,0.00,0.00,0.00,Estadio de Gran Canaria
1434294000,Jun 14 2015 - 3:00pm,complete,8348,Girona FC,Real Zaragoza,N/A,N/A,1.98,1.42,1.93,1.46,1,4,5,3,0,3,"75","20,35,44,68",-1,-1,4,0,4,0,1,3,2,2,-1,-1,-1,-1,-1,-1,-1,-1,-1,-1,0.00,0.00,0.00,0.00,2.60,50,77,52,26,8,37,77,41,71,8.92,5.74,1.86,3.62,4.64,0.00,0.00,0.00,0.00,0.00,0.00,Estadi Municipal de Montilivi
1434564000,Jun 17 2015 - 6:00pm,complete,32000,Real Zaragoza,UD Las Palmas,N/A,N/A,1.45,1.82,1.46,1.80,3,1,4,2,1,1,"40,48,75","20",6,9,2,0,2,0,2,0,0,2,10,11,6,6,4,5,21,9,38,62,0.00,0.00,0.00,0.00,2.83,59,82,50,31,16,37,73,53,75,8.68,6.07,2.57,3.15,3.09,0.00,0.00,0.00,0.00,0.00,0.00,Estadio de la Romareda
1434906000,Jun 21 2015 - 5:00pm,complete,28232,UD Las Palmas,Real Zaragoza,N/A,N/A,1.78,1.49,1.80,1.46,2,0,2,1,1,0,"33,85","",13,2,2,0,4,0,1,1,1,3,19,6,11,5,8,1,17,20,62,38,0.00,0.00,0.00,0.00,2.86,60,82,51,32,16,38,74,54,76,8.86,6.02,1.82,3.77,4.65,0.00,0.00,0.00,0.00,0.00,0.00,Estadio de Gran Canaria
