timestamp,date_GMT,status,attendance,home_team_name,away_team_name,referee,Game Week,Pre-Match PPG (Home),Pre-Match PPG (Away),home_ppg,away_ppg,home_team_goal_count,away_team_goal_count,total_goal_count,total_goals_at_half_time,home_team_goal_count_half_time,away_team_goal_count_half_time,home_team_goal_timings,away_team_goal_timings,home_team_corner_count,away_team_corner_count,home_team_yellow_cards,home_team_red_cards,away_team_yellow_cards,away_team_red_cards,home_team_first_half_cards,home_team_second_half_cards,away_team_first_half_cards,away_team_second_half_cards,home_team_shots,away_team_shots,home_team_shots_on_target,away_team_shots_on_target,home_team_shots_off_target,away_team_shots_off_target,home_team_fouls,away_team_fouls,home_team_possession,away_team_possession,Home Team Pre-Match xG,Away Team Pre-Match xG,team_a_xg,team_b_xg,average_goals_per_match_pre_match,btts_percentage_pre_match,over_15_percentage_pre_match,over_25_percentage_pre_match,over_35_percentage_pre_match,over_45_percentage_pre_match,over_15_HT_FHG_percentage_pre_match,over_05_HT_FHG_percentage_pre_match,over_15_2HG_percentage_pre_match,over_05_2HG_percentage_pre_match,average_corners_per_match_pre_match,average_cards_per_match_pre_match,odds_ft_home_team_win,odds_ft_draw,odds_ft_away_team_win,odds_ft_over15,odds_ft_over25,odds_ft_over35,odds_ft_over45,odds_btts_yes,odds_btts_no,stadium_name
1755277200,Aug 15 2025 - 5:00pm,complete,12403,Girona FC,Rayo Vallecano,N/A,1,0.00,0.00,0.00,3.00,1,3,4,3,0,3,"57","20,18,45",2,4,0,1,1,0,1,0,1,0,7,15,2,4,5,11,8,17,44,56,0.00,0.00,0.86,1.57,0.00,0,0,0,0,0,0,0,0,0,0.00,0.00,2.26,3.15,3.30,1.36,2.15,4.00,9.00,1.85,1.97,Estadi Municipal de Montilivi
1755286200,Aug 15 2025 - 7:30pm,complete,N/A,Villarreal,Real Oviedo,N/A,1,0.00,0.00,3.00,0.00,2,0,2,2,2,0,"29,36","",10,1,1,0,1,1,1,0,2,0,25,5,10,4,15,1,10,8,68,32,0.00,0.00,2.89,0.69,0.00,0,0,0,0,0,0,0,0,0,0.00,0.00,1.41,4.60,9.10,1.25,1.85,3.10,6.75,2.23,1.65,Estadio de la Cerámica
1755365400,Aug 16 2025 - 5:30pm,complete,N/A,RCD Mallorca,FC Barcelona,N/A,1,0.00,0.00,0.00,3.00,0,3,3,2,0,2,"","7,23,90'4",3,6,3,2,1,0,5,0,1,0,4,24,1,8,3,16,8,17,29,71,0.00,0.00,0.50,2.67,0.00,0,0,0,0,0,0,0,0,0,0.00,0.00,8.50,5.50,1.33,1.13,1.44,2.45,3.40,1.75,1.95,Estadio Iberoamericano 2010
1755372600,Aug 16 2025 - 7:30pm,complete,N/A,Deportivo Alavés,Levante UD,N/A,1,0.00,0.00,3.00,0.00,2,1,3,1,1,0,"36,90'2","68",10,1,0,0,1,0,0,0,1,0,15,7,4,3,11,4,15,13,62,38,0.00,0.00,1.71,0.85,0.00,0,0,0,0,0,0,0,0,0,0.00,0.00,2.09,3.15,3.95,1.47,2.60,5.20,12.50,2.10,1.67,Estadio de Mendizorroza
1755372600,Aug 16 2025 - 7:30pm,complete,45333,Valencia CF,Real Sociedad,N/A,1,0.00,0.00,1.00,1.00,1,1,2,0,0,0,"57","60",8,7,1,0,2,0,1,0,1,1,18,13,2,3,16,10,5,11,54,46,0.00,0.00,1.65,1.32,0.00,0,0,0,0,0,0,0,0,0,0.00,0.00,2.30,3.03,3.10,1.44,2.85,5.00,11.00,2.05,1.77,Estadio de Mestalla
1755442800,Aug 17 2025 - 3:00pm,complete,23530,Celta de Vigo,Getafe CF,N/A,1,0.00,0.00,0.00,3.00,0,2,2,0,0,0,"","47,72",9,3,3,0,2,0,0,3,1,1,11,10,3,3,8,7,15,17,69,31,0.00,0.00,1.42,1.06,0.00,0,0,0,0,0,0,0,0,0,0.00,0.00,1.78,3.25,6.00,1.51,2.64,4.75,7.00,2.37,1.57,N/A
1755451800,Aug 17 2025 - 5:30pm,complete,N/A,Athletic Club Bilbao,Sevilla FC,N/A,1,0.00,0.00,3.00,0.00,3,2,5,2,2,0,"36,43,81","60,72",10,1,0,0,2,0,0,0,2,0,6,10,3,6,3,4,8,12,46,54,0.00,0.00,0.95,1.26,0.00,0,0,0,0,0,0,0,0,0,0.00,0.00,1.58,3.95,6.40,1.36,2.20,3.60,6.50,2.30,1.62,San Mamés Barria
1755459000,Aug 17 2025 - 7:30pm,complete,N/A,RCD Espanyol,Atlético Madrid,N/A,1,0.00,0.00,3.00,0.00,2,1,3,1,0,1,"84,73","37",1,3,3,0,3,0,0,3,1,2,9,15,5,4,4,11,14,11,40,60,0.00,0.00,1.28,1.63,0.00,0,0,0,0,0,0,0,0,0,0.00,0.00,6.80,4.00,1.63,1.27,2.03,3.50,6.70,1.91,1.85,RCDE Stadium
1755543600,Aug 18 2025 - 7:00pm,complete,28585,Elche CF,Real Betis,N/A,1,0.00,0.00,1.00,1.00,1,1,2,1,0,1,"81","21",1,3,0,0,1,0,0,0,0,1,6,12,2,4,4,8,14,13,68,32,0.00,0.00,0.96,1.25,0.00,0,0,0,0,0,0,0,0,0,0.00,0.00,3.29,3.00,2.29,1.38,2.05,3.74,7.30,1.85,1.83,Estadio Manuel Martínez Valero
1755630000,Aug 19 2025 - 7:00pm,complete,N/A,Real Madrid,CA Osasuna,N/A,1,0.00,0.00,3.00,0.00,1,0,1,0,0,0,"51","",7,0,1,0,0,1,0,1,0,1,12,2,5,0,7,2,10,12,71,29,0.00,0.00,1.77,0.28,0.00,0,0,0,0,0,0,0,0,0,0.00,0.00,1.10,7.10,12.00,1.15,1.49,2.15,3.60,2.07,1.68,Estadio Santiago Bernabéu
1755891000,Aug 22 2025 - 7:30pm,incomplete,N/A,Real Betis,Deportivo Alavés,N/A,2,0.00,0.00,0.00,0.00,0,0,0,0,0,0,"","",-1,-1,-1,-1,-1,-1,-1,-1,-1,-1,-1,-1,-1,-1,-1,-1,-1,-1,-1,-1,0.00,0.00,0.00,0.00,0.00,0,0,0,0,0,0,0,0,0,0.00,0.00,1.79,3.46,4.56,1.40,2.25,4.05,8.20,2.12,1.76,Estadio Benito Villamarín
1755961200,Aug 23 2025 - 3:00pm,incomplete,N/A,RCD Mallorca,Celta de Vigo,N/A,2,0.00,0.00,0.00,0.00,0,0,0,0,0,0,"","",-1,-1,-1,-1,-1,-1,-1,-1,-1,-1,-1,-1,-1,-1,-1,-1,-1,-1,-1,-1,0.50,0.00,0.00,0.00,1.50,0,50,50,0,0,50,50,0,50,3.00,6.00,3.04,3.10,2.51,1.45,2.29,4.10,8.20,1.91,1.85,Estadio Iberoamericano 2010
1755970200,Aug 23 2025 - 5:30pm,incomplete,N/A,Atlético Madrid,Elche CF,N/A,2,0.00,0.00,0.00,0.00,0,0,0,0,0,0,"","",-1,-1,-1,-1,-1,-1,-1,-1,-1,-1,-1,-1,-1,-1,-1,-1,-1,-1,-1,-1,0.00,0.00,0.00,0.00,0.00,0,0,0,0,0,0,0,0,0,0.00,0.00,1.23,6.00,13.50,1.22,1.82,2.82,4.90,2.38,1.53,Estadio Wanda Metropolitano
1755977400,Aug 23 2025 - 7:30pm,incomplete,N/A,Levante UD,FC Barcelona,N/A,2,0.00,3.00,0.00,3.00,0,0,0,0,0,0,"","",-1,-1,-1,-1,-1,-1,-1,-1,-1,-1,-1,-1,-1,-1,-1,-1,-1,-1,-1,-1,0.00,2.67,0.00,0.00,1.50,0,50,50,0,0,50,50,0,50,6.00,1.00,11.00,6.50,1.24,1.10,1.35,2.05,3.00,1.77,2.06,Estadio Ciudad de Valencia
1756047600,Aug 24 2025 - 3:00pm,incomplete,N/A,CA Osasuna,Valencia CF,N/A,2,0.00,0.00,0.00,0.00,0,0,0,0,0,0,"","",-1,-1,-1,-1,-1,-1,-1,-1,-1,-1,-1,-1,-1,-1,-1,-1,-1,-1,-1,-1,0.00,0.00,0.00,0.00,0.00,0,0,0,0,0,0,0,0,0,0.00,0.00,2.30,3.19,3.15,1.28,2.35,4.00,8.40,1.85,1.93,Estadio El Sadar
1756056600,Aug 24 2025 - 5:30pm,incomplete,N/A,Real Sociedad,RCD Espanyol,N/A,2,0.00,0.00,0.00,0.00,0,0,0,0,0,0,"","",-1,-1,-1,-1,-1,-1,-1,-1,-1,-1,-1,-1,-1,-1,-1,-1,-1,-1,-1,-1,0.00,0.00,0.00,0.00,0.00,0,0,0,0,0,0,0,0,0,0.00,0.00,1.91,3.46,4.50,1.42,2.35,3.90,8.80,2.05,1.73,Estadio Municipal de Anoeta
1756056600,Aug 24 2025 - 5:30pm,incomplete,N/A,Villarreal,Girona FC,N/A,2,3.00,0.00,3.00,0.00,0,0,0,0,0,0,"","",-1,-1,-1,-1,-1,-1,-1,-1,-1,-1,-1,-1,-1,-1,-1,-1,-1,-1,-1,-1,2.89,0.00,0.00,0.00,1.00,0,50,0,0,0,50,50,0,0,10.00,1.00,1.56,4.50,5.80,1.18,1.68,2.60,4.45,1.78,2.05,Estadio de la Cerámica
1756063800,Aug 24 2025 - 7:30pm,incomplete,N/A,Real Oviedo,Real Madrid,N/A,2,0.00,0.00,0.00,0.00,0,0,0,0,0,0,"","",-1,-1,-1,-1,-1,-1,-1,-1,-1,-1,-1,-1,-1,-1,-1,-1,-1,-1,-1,-1,0.00,0.00,0.00,0.00,0.00,0,0,0,0,0,0,0,0,0,0.00,0.00,9.50,5.25,1.30,1.21,1.76,2.78,5.00,2.25,1.66,Estadio Nuevo Carlos Tartiere
1756143000,Aug 25 2025 - 5:30pm,incomplete,N/A,Athletic Club Bilbao,Rayo Vallecano,N/A,2,3.00,3.00,3.00,3.00,0,0,0,0,0,0,"","",-1,-1,-1,-1,-1,-1,-1,-1,-1,-1,-1,-1,-1,-1,-1,-1,-1,-1,-1,-1,0.95,1.57,0.00,0.00,4.50,100,100,100,100,50,100,100,50,100,14.00,1.00,1.77,3.50,4.60,0.00,2.30,0.00,0.00,0.00,0.00,San Mamés Barria
1756150200,Aug 25 2025 - 7:30pm,incomplete,N/A,Sevilla FC,Getafe CF,N/A,2,0.00,3.00,0.00,3.00,0,0,0,0,0,0,"","",-1,-1,-1,-1,-1,-1,-1,-1,-1,-1,-1,-1,-1,-1,-1,-1,-1,-1,-1,-1,0.00,1.06,0.00,0.00,1.00,0,50,0,0,0,0,0,50,50,3.00,2.00,2.29,3.20,3.52,0.00,2.50,0.00,0.00,0.00,0.00,Estadio Ramón Sánchez Pizjuán
1756321200,Aug 27 2025 - 7:00pm,incomplete,N/A,Celta de Vigo,Real Betis,N/A,6,0.00,1.00,0.00,1.00,0,0,0,0,0,0,"","",-1,-1,-1,-1,-1,-1,-1,-1,-1,-1,-1,-1,-1,-1,-1,-1,-1,-1,-1,-1,1.42,1.25,0.00,0.00,2.00,50,100,0,0,0,0,50,50,100,12.00,4.00,2.42,3.62,2.66,0.00,1.80,0.00,0.00,0.00,0.00,N/A
1756488600,Aug 29 2025 - 5:30pm,incomplete,N/A,Elche CF,Levante UD,N/A,3,1.00,0.00,1.00,0.00,0,0,0,0,0,0,"","",-1,-1,-1,-1,-1,-1,-1,-1,-1,-1,-1,-1,-1,-1,-1,-1,-1,-1,-1,-1,0.96,0.85,0.00,0.00,2.50,100,100,50,0,0,0,100,50,100,2.00,1.00,0.00,0.00,0.00,0.00,0.00,0.00,0.00,0.00,0.00,Estadio Manuel Martínez Valero
1756495800,Aug 29 2025 - 7:30pm,incomplete,N/A,Valencia CF,Getafe CF,N/A,3,1.00,3.00,1.00,3.00,0,0,0,0,0,0,"","",-1,-1,-1,-1,-1,-1,-1,-1,-1,-1,-1,-1,-1,-1,-1,-1,-1,-1,-1,-1,1.65,1.06,0.00,0.00,2.00,50,100,0,0,0,0,0,100,100,11.00,3.00,0.00,0.00,0.00,0.00,0.00,0.00,0.00,0.00,0.00,Estadio de Mestalla
1756566000,Aug 30 2025 - 3:00pm,incomplete,N/A,Deportivo Alavés,Atlético Madrid,N/A,3,3.00,0.00,3.00,0.00,0,0,0,0,0,0,"","",-1,-1,-1,-1,-1,-1,-1,-1,-1,-1,-1,-1,-1,-1,-1,-1,-1,-1,-1,-1,1.71,1.63,0.00,0.00,3.00,100,100,100,0,0,0,100,100,100,13.00,3.00,0.00,0.00,0.00,0.00,0.00,0.00,0.00,0.00,0.00,Estadio de Mendizorroza
1756573200,Aug 30 2025 - 5:00pm,incomplete,N/A,Real Oviedo,Real Sociedad,N/A,3,0.00,1.00,0.00,1.00,0,0,0,0,0,0,"","",-1,-1,-1,-1,-1,-1,-1,-1,-1,-1,-1,-1,-1,-1,-1,-1,-1,-1,-1,-1,0.00,1.32,0.00,0.00,1.00,50,50,0,0,0,0,0,50,50,7.00,2.00,0.00,0.00,0.00,0.00,0.00,0.00,0.00,0.00,0.00,Estadio Nuevo Carlos Tartiere
1756575000,Aug 30 2025 - 5:30pm,incomplete,N/A,Girona FC,Sevilla FC,N/A,3,0.00,0.00,0.00,0.00,0,0,0,0,0,0,"","",-1,-1,-1,-1,-1,-1,-1,-1,-1,-1,-1,-1,-1,-1,-1,-1,-1,-1,-1,-1,0.86,1.26,0.00,0.00,4.50,100,100,100,100,50,100,100,50,100,3.00,4.00,0.00,0.00,0.00,0.00,0.00,0.00,0.00,0.00,0.00,Estadi Municipal de Montilivi
1756582200,Aug 30 2025 - 7:30pm,incomplete,N/A,Real Madrid,RCD Mallorca,N/A,3,3.00,0.00,3.00,0.00,0,0,0,0,0,0,"","",-1,-1,-1,-1,-1,-1,-1,-1,-1,-1,-1,-1,-1,-1,-1,-1,-1,-1,-1,-1,1.77,0.00,0.00,0.00,0.50,0,0,0,0,0,0,0,0,50,7.00,1.00,0.00,0.00,0.00,0.00,0.00,0.00,0.00,0.00,0.00,Estadio Santiago Bernabéu
1756652400,Aug 31 2025 - 3:00pm,incomplete,N/A,Celta de Vigo,Villarreal,N/A,3,0.00,0.00,0.00,0.00,0,0,0,0,0,0,"","",-1,-1,-1,-1,-1,-1,-1,-1,-1,-1,-1,-1,-1,-1,-1,-1,-1,-1,-1,-1,1.42,0.00,0.00,0.00,1.00,0,50,0,0,0,0,0,50,50,9.00,3.00,0.00,0.00,0.00,0.00,0.00,0.00,0.00,0.00,0.00,N/A
1756659600,Aug 31 2025 - 5:00pm,incomplete,N/A,Real Betis,Athletic Club Bilbao,N/A,3,0.00,0.00,0.00,0.00,0,0,0,0,0,0,"","",-1,-1,-1,-1,-1,-1,-1,-1,-1,-1,-1,-1,-1,-1,-1,-1,-1,-1,-1,-1,0.00,0.00,0.00,0.00,0.00,0,0,0,0,0,0,0,0,0,0.00,0.00,0.00,0.00,0.00,0.00,0.00,0.00,0.00,0.00,0.00,Estadio Benito Villamarín
1756661400,Aug 31 2025 - 5:30pm,incomplete,N/A,RCD Espanyol,CA Osasuna,N/A,3,3.00,0.00,3.00,0.00,0,0,0,0,0,0,"","",-1,-1,-1,-1,-1,-1,-1,-1,-1,-1,-1,-1,-1,-1,-1,-1,-1,-1,-1,-1,1.28,0.28,0.00,0.00,2.00,50,50,50,0,0,0,50,50,100,1.00,5.00,2.50,3.24,2.89,0.00,2.20,0.00,0.00,0.00,0.00,RCDE Stadium
1756668600,Aug 31 2025 - 7:30pm,incomplete,N/A,Rayo Vallecano,FC Barcelona,N/A,3,0.00,3.00,0.00,3.00,0,0,0,0,0,0,"","",-1,-1,-1,-1,-1,-1,-1,-1,-1,-1,-1,-1,-1,-1,-1,-1,-1,-1,-1,-1,0.00,2.67,0.00,0.00,1.50,0,50,50,0,0,50,50,0,50,6.00,1.00,0.00,0.00,0.00,0.00,0.00,0.00,0.00,0.00,0.00,N/A
1757703600,Sep 12 2025 - 7:00pm,incomplete,N/A,Sevilla FC,Elche CF,N/A,4,0.00,0.00,0.00,0.00,0,0,0,0,0,0,"","",-1,-1,-1,-1,-1,-1,-1,-1,-1,-1,-1,-1,-1,-1,-1,-1,-1,-1,-1,-1,0.00,0.00,0.00,0.00,0.00,0,0,0,0,0,0,0,0,0,0.00,0.00,0.00,0.00,0.00,0.00,0.00,0.00,0.00,0.00,0.00,Estadio Ramón Sánchez Pizjuán
1757764800,Sep 13 2025 - 12:00pm,incomplete,N/A,Getafe CF,Real Oviedo,N/A,4,0.00,0.00,0.00,0.00,0,0,0,0,0,0,"","",-1,-1,-1,-1,-1,-1,-1,-1,-1,-1,-1,-1,-1,-1,-1,-1,-1,-1,-1,-1,0.00,0.69,0.00,0.00,1.00,0,50,0,0,0,50,50,0,0,1.00,2.00,0.00,0.00,0.00,0.00,0.00,0.00,0.00,0.00,0.00,Coliseum Alfonso Pérez
1757772900,Sep 13 2025 - 2:15pm,incomplete,N/A,Levante UD,Real Betis,N/A,4,0.00,1.00,0.00,1.00,0,0,0,0,0,0,"","",-1,-1,-1,-1,-1,-1,-1,-1,-1,-1,-1,-1,-1,-1,-1,-1,-1,-1,-1,-1,0.00,1.25,0.00,0.00,1.00,50,50,0,0,0,0,50,0,50,3.00,1.00,0.00,0.00,0.00,0.00,0.00,0.00,0.00,0.00,0.00,Estadio Ciudad de Valencia
1757851200,Sep 14 2025 - 12:00pm,incomplete,N/A,Celta de Vigo,Girona FC,N/A,4,0.00,0.00,0.00,0.00,0,0,0,0,0,0,"","",-1,-1,-1,-1,-1,-1,-1,-1,-1,-1,-1,-1,-1,-1,-1,-1,-1,-1,-1,-1,1.42,0.00,0.00,0.00,1.00,0,50,0,0,0,0,0,50,50,9.00,3.00,0.00,0.00,0.00,0.00,0.00,0.00,0.00,0.00,0.00,N/A
1757867400,Sep 14 2025 - 4:30pm,incomplete,N/A,CA Osasuna,Rayo Vallecano,N/A,4,0.00,3.00,0.00,3.00,0,0,0,0,0,0,"","",-1,-1,-1,-1,-1,-1,-1,-1,-1,-1,-1,-1,-1,-1,-1,-1,-1,-1,-1,-1,0.00,1.57,0.00,0.00,2.00,50,50,50,50,0,50,50,0,50,4.00,1.00,0.00,0.00,0.00,0.00,0.00,0.00,0.00,0.00,0.00,Estadio El Sadar
1757876400,Sep 14 2025 - 7:00pm,incomplete,N/A,Athletic Club Bilbao,Deportivo Alavés,N/A,4,3.00,0.00,3.00,0.00,0,0,0,0,0,0,"","",-1,-1,-1,-1,-1,-1,-1,-1,-1,-1,-1,-1,-1,-1,-1,-1,-1,-1,-1,-1,0.95,0.00,0.00,0.00,2.50,50,50,50,50,50,50,50,50,50,10.00,0.00,0.00,0.00,0.00,0.00,0.00,0.00,0.00,0.00,0.00,San Mamés Barria
1757876400,Sep 14 2025 - 7:00pm,incomplete,N/A,FC Barcelona,Valencia CF,N/A,4,0.00,0.00,0.00,0.00,0,0,0,0,0,0,"","",-1,-1,-1,-1,-1,-1,-1,-1,-1,-1,-1,-1,-1,-1,-1,-1,-1,-1,-1,-1,0.00,0.00,0.00,0.00,0.00,0,0,0,0,0,0,0,0,0,0.00,0.00,0.00,0.00,0.00,0.00,0.00,0.00,0.00,0.00,0.00,N/A
1757876400,Sep 14 2025 - 7:00pm,incomplete,N/A,Atlético Madrid,Villarreal,N/A,4,0.00,0.00,0.00,0.00,0,0,0,0,0,0,"","",-1,-1,-1,-1,-1,-1,-1,-1,-1,-1,-1,-1,-1,-1,-1,-1,-1,-1,-1,-1,0.00,0.00,0.00,0.00,0.00,0,0,0,0,0,0,0,0,0,0.00,0.00,0.00,0.00,0.00,0.00,0.00,0.00,0.00,0.00,0.00,Estadio Wanda Metropolitano
1757876400,Sep 14 2025 - 7:00pm,incomplete,N/A,Real Sociedad,Real Madrid,N/A,4,0.00,0.00,0.00,0.00,0,0,0,0,0,0,"","",-1,-1,-1,-1,-1,-1,-1,-1,-1,-1,-1,-1,-1,-1,-1,-1,-1,-1,-1,-1,0.00,0.00,0.00,0.00,0.00,0,0,0,0,0,0,0,0,0,0.00,0.00,0.00,0.00,0.00,0.00,0.00,0.00,0.00,0.00,0.00,Estadio Municipal de Anoeta
1757962800,Sep 15 2025 - 7:00pm,incomplete,N/A,RCD Espanyol,RCD Mallorca,N/A,4,3.00,0.00,3.00,0.00,0,0,0,0,0,0,"","",-1,-1,-1,-1,-1,-1,-1,-1,-1,-1,-1,-1,-1,-1,-1,-1,-1,-1,-1,-1,1.28,0.00,0.00,0.00,1.50,50,50,50,0,0,0,50,50,50,1.00,3.00,0.00,0.00,0.00,0.00,0.00,0.00,0.00,0.00,0.00,RCDE Stadium
1758481200,Sep 21 2025 - 7:00pm,incomplete,N/A,FC Barcelona,Getafe CF,N/A,5,0.00,3.00,0.00,3.00,0,0,0,0,0,0,"","",-1,-1,-1,-1,-1,-1,-1,-1,-1,-1,-1,-1,-1,-1,-1,-1,-1,-1,-1,-1,0.00,1.06,0.00,0.00,1.00,0,50,0,0,0,0,0,50,50,3.00,2.00,0.00,0.00,0.00,0.00,0.00,0.00,0.00,0.00,0.00,N/A
1758481200,Sep 21 2025 - 7:00pm,incomplete,N/A,Deportivo Alavés,Sevilla FC,N/A,5,3.00,0.00,3.00,0.00,0,0,0,0,0,0,"","",-1,-1,-1,-1,-1,-1,-1,-1,-1,-1,-1,-1,-1,-1,-1,-1,-1,-1,-1,-1,1.71,1.26,0.00,0.00,4.00,100,100,100,50,50,50,100,100,100,11.00,2.00,0.00,0.00,0.00,0.00,0.00,0.00,0.00,0.00,0.00,Estadio de Mendizorroza
1758481200,Sep 21 2025 - 7:00pm,incomplete,N/A,Elche CF,Real Oviedo,N/A,5,1.00,0.00,1.00,0.00,0,0,0,0,0,0,"","",-1,-1,-1,-1,-1,-1,-1,-1,-1,-1,-1,-1,-1,-1,-1,-1,-1,-1,-1,-1,0.96,0.69,0.00,0.00,2.00,50,100,0,0,0,50,100,0,50,2.00,2.00,0.00,0.00,0.00,0.00,0.00,0.00,0.00,0.00,0.00,Estadio Manuel Martínez Valero
1758481200,Sep 21 2025 - 7:00pm,incomplete,N/A,Real Betis,Real Sociedad,N/A,5,0.00,1.00,0.00,1.00,0,0,0,0,0,0,"","",-1,-1,-1,-1,-1,-1,-1,-1,-1,-1,-1,-1,-1,-1,-1,-1,-1,-1,-1,-1,0.00,1.32,0.00,0.00,1.00,50,50,0,0,0,0,0,50,50,7.00,2.00,0.00,0.00,0.00,0.00,0.00,0.00,0.00,0.00,0.00,Estadio Benito Villamarín
1758481200,Sep 21 2025 - 7:00pm,incomplete,N/A,Real Madrid,RCD Espanyol,N/A,5,3.00,0.00,3.00,0.00,0,0,0,0,0,0,"","",-1,-1,-1,-1,-1,-1,-1,-1,-1,-1,-1,-1,-1,-1,-1,-1,-1,-1,-1,-1,1.77,0.00,0.00,0.00,0.50,0,0,0,0,0,0,0,0,50,7.00,1.00,0.00,0.00,0.00,0.00,0.00,0.00,0.00,0.00,0.00,Estadio Santiago Bernabéu
1758481200,Sep 21 2025 - 7:00pm,incomplete,N/A,Valencia CF,Athletic Club Bilbao,N/A,5,1.00,0.00,1.00,0.00,0,0,0,0,0,0,"","",-1,-1,-1,-1,-1,-1,-1,-1,-1,-1,-1,-1,-1,-1,-1,-1,-1,-1,-1,-1,1.65,0.00,0.00,0.00,1.00,50,50,0,0,0,0,0,50,50,8.00,1.00,0.00,0.00,0.00,0.00,0.00,0.00,0.00,0.00,0.00,Estadio de Mestalla
1758481200,Sep 21 2025 - 7:00pm,incomplete,N/A,Villarreal,CA Osasuna,N/A,5,3.00,0.00,3.00,0.00,0,0,0,0,0,0,"","",-1,-1,-1,-1,-1,-1,-1,-1,-1,-1,-1,-1,-1,-1,-1,-1,-1,-1,-1,-1,2.89,0.28,0.00,0.00,1.50,0,50,0,0,0,50,50,0,50,10.00,3.00,0.00,0.00,0.00,0.00,0.00,0.00,0.00,0.00,0.00,Estadio de la Cerámica
1758481200,Sep 21 2025 - 7:00pm,incomplete,N/A,Girona FC,Levante UD,N/A,5,0.00,0.00,0.00,0.00,0,0,0,0,0,0,"","",-1,-1,-1,-1,-1,-1,-1,-1,-1,-1,-1,-1,-1,-1,-1,-1,-1,-1,-1,-1,0.86,0.85,0.00,0.00,3.50,100,100,100,50,0,50,100,50,100,3.00,3.00,0.00,0.00,0.00,0.00,0.00,0.00,0.00,0.00,0.00,Estadi Municipal de Montilivi
1758481200,Sep 21 2025 - 7:00pm,incomplete,N/A,Rayo Vallecano,Celta de Vigo,N/A,5,0.00,0.00,0.00,0.00,0,0,0,0,0,0,"","",-1,-1,-1,-1,-1,-1,-1,-1,-1,-1,-1,-1,-1,-1,-1,-1,-1,-1,-1,-1,0.00,0.00,0.00,0.00,0.00,0,0,0,0,0,0,0,0,0,0.00,0.00,0.00,0.00,0.00,0.00,0.00,0.00,0.00,0.00,0.00,N/A
1758481200,Sep 21 2025 - 7:00pm,incomplete,N/A,RCD Mallorca,Atlético Madrid,N/A,5,0.00,0.00,0.00,0.00,0,0,0,0,0,0,"","",-1,-1,-1,-1,-1,-1,-1,-1,-1,-1,-1,-1,-1,-1,-1,-1,-1,-1,-1,-1,0.50,1.63,0.00,0.00,3.00,50,100,100,0,0,50,100,50,100,6.00,9.00,0.00,0.00,0.00,0.00,0.00,0.00,0.00,0.00,0.00,Estadio Iberoamericano 2010
1758740400,Sep 24 2025 - 7:00pm,incomplete,N/A,Levante UD,Real Madrid,N/A,6,0.00,0.00,0.00,0.00,0,0,0,0,0,0,"","",-1,-1,-1,-1,-1,-1,-1,-1,-1,-1,-1,-1,-1,-1,-1,-1,-1,-1,-1,-1,0.00,0.00,0.00,0.00,0.00,0,0,0,0,0,0,0,0,0,0.00,0.00,0.00,0.00,0.00,0.00,0.00,0.00,0.00,0.00,0.00,Estadio Ciudad de Valencia
1758740400,Sep 24 2025 - 7:00pm,incomplete,N/A,Atlético Madrid,Rayo Vallecano,N/A,6,0.00,3.00,0.00,3.00,0,0,0,0,0,0,"","",-1,-1,-1,-1,-1,-1,-1,-1,-1,-1,-1,-1,-1,-1,-1,-1,-1,-1,-1,-1,0.00,1.57,0.00,0.00,2.00,50,50,50,50,0,50,50,0,50,4.00,1.00,0.00,0.00,0.00,0.00,0.00,0.00,0.00,0.00,0.00,Estadio Wanda Metropolitano
1758740400,Sep 24 2025 - 7:00pm,incomplete,N/A,Getafe CF,Deportivo Alavés,N/A,6,0.00,0.00,0.00,0.00,0,0,0,0,0,0,"","",-1,-1,-1,-1,-1,-1,-1,-1,-1,-1,-1,-1,-1,-1,-1,-1,-1,-1,-1,-1,0.00,0.00,0.00,0.00,0.00,0,0,0,0,0,0,0,0,0,0.00,0.00,0.00,0.00,0.00,0.00,0.00,0.00,0.00,0.00,0.00,Coliseum Alfonso Pérez
1758740400,Sep 24 2025 - 7:00pm,incomplete,N/A,RCD Espanyol,Valencia CF,N/A,6,3.00,0.00,3.00,0.00,0,0,0,0,0,0,"","",-1,-1,-1,-1,-1,-1,-1,-1,-1,-1,-1,-1,-1,-1,-1,-1,-1,-1,-1,-1,1.28,0.00,0.00,0.00,1.50,50,50,50,0,0,0,50,50,50,1.00,3.00,0.00,0.00,0.00,0.00,0.00,0.00,0.00,0.00,0.00,RCDE Stadium
1758740400,Sep 24 2025 - 7:00pm,incomplete,N/A,CA Osasuna,Elche CF,N/A,6,0.00,0.00,0.00,0.00,0,0,0,0,0,0,"","",-1,-1,-1,-1,-1,-1,-1,-1,-1,-1,-1,-1,-1,-1,-1,-1,-1,-1,-1,-1,0.00,0.00,0.00,0.00,0.00,0,0,0,0,0,0,0,0,0,0.00,0.00,0.00,0.00,0.00,0.00,0.00,0.00,0.00,0.00,0.00,Estadio El Sadar
1758740400,Sep 24 2025 - 7:00pm,incomplete,N/A,Real Oviedo,FC Barcelona,N/A,6,0.00,3.00,0.00,3.00,0,0,0,0,0,0,"","",-1,-1,-1,-1,-1,-1,-1,-1,-1,-1,-1,-1,-1,-1,-1,-1,-1,-1,-1,-1,0.00,2.67,0.00,0.00,1.50,0,50,50,0,0,50,50,0,50,6.00,1.00,0.00,0.00,0.00,0.00,0.00,0.00,0.00,0.00,0.00,Estadio Nuevo Carlos Tartiere
1758740400,Sep 24 2025 - 7:00pm,incomplete,N/A,Real Sociedad,RCD Mallorca,N/A,6,0.00,0.00,0.00,0.00,0,0,0,0,0,0,"","",-1,-1,-1,-1,-1,-1,-1,-1,-1,-1,-1,-1,-1,-1,-1,-1,-1,-1,-1,-1,0.00,0.00,0.00,0.00,0.00,0,0,0,0,0,0,0,0,0,0.00,0.00,0.00,0.00,0.00,0.00,0.00,0.00,0.00,0.00,0.00,Estadio Municipal de Anoeta
1758740400,Sep 24 2025 - 7:00pm,incomplete,N/A,Sevilla FC,Villarreal,N/A,6,0.00,0.00,0.00,0.00,0,0,0,0,0,0,"","",-1,-1,-1,-1,-1,-1,-1,-1,-1,-1,-1,-1,-1,-1,-1,-1,-1,-1,-1,-1,0.00,0.00,0.00,0.00,0.00,0,0,0,0,0,0,0,0,0,0.00,0.00,0.00,0.00,0.00,0.00,0.00,0.00,0.00,0.00,0.00,Estadio Ramón Sánchez Pizjuán
1758740400,Sep 24 2025 - 7:00pm,incomplete,N/A,Athletic Club Bilbao,Girona FC,N/A,6,3.00,0.00,3.00,0.00,0,0,0,0,0,0,"","",-1,-1,-1,-1,-1,-1,-1,-1,-1,-1,-1,-1,-1,-1,-1,-1,-1,-1,-1,-1,0.95,0.00,0.00,0.00,2.50,50,50,50,50,50,50,50,50,50,10.00,0.00,0.00,0.00,0.00,0.00,0.00,0.00,0.00,0.00,0.00,San Mamés Barria
1759086000,Sep 28 2025 - 7:00pm,incomplete,N/A,Atlético Madrid,Real Madrid,N/A,7,0.00,0.00,0.00,0.00,0,0,0,0,0,0,"","",-1,-1,-1,-1,-1,-1,-1,-1,-1,-1,-1,-1,-1,-1,-1,-1,-1,-1,-1,-1,0.00,0.00,0.00,0.00,0.00,0,0,0,0,0,0,0,0,0,0.00,0.00,0.00,0.00,0.00,0.00,0.00,0.00,0.00,0.00,0.00,Estadio Wanda Metropolitano
1759086000,Sep 28 2025 - 7:00pm,incomplete,N/A,FC Barcelona,Real Sociedad,N/A,7,0.00,1.00,0.00,1.00,0,0,0,0,0,0,"","",-1,-1,-1,-1,-1,-1,-1,-1,-1,-1,-1,-1,-1,-1,-1,-1,-1,-1,-1,-1,0.00,1.32,0.00,0.00,1.00,50,50,0,0,0,0,0,50,50,7.00,2.00,0.00,0.00,0.00,0.00,0.00,0.00,0.00,0.00,0.00,N/A
1759086000,Sep 28 2025 - 7:00pm,incomplete,N/A,Girona FC,RCD Espanyol,N/A,7,0.00,0.00,0.00,0.00,0,0,0,0,0,0,"","",-1,-1,-1,-1,-1,-1,-1,-1,-1,-1,-1,-1,-1,-1,-1,-1,-1,-1,-1,-1,0.86,0.00,0.00,0.00,2.00,50,50,50,50,0,50,50,0,50,2.00,2.00,0.00,0.00,0.00,0.00,0.00,0.00,0.00,0.00,0.00,Estadi Municipal de Montilivi
1759086000,Sep 28 2025 - 7:00pm,incomplete,N/A,RCD Mallorca,Deportivo Alavés,N/A,7,0.00,0.00,0.00,0.00,0,0,0,0,0,0,"","",-1,-1,-1,-1,-1,-1,-1,-1,-1,-1,-1,-1,-1,-1,-1,-1,-1,-1,-1,-1,0.50,0.00,0.00,0.00,1.50,0,50,50,0,0,50,50,0,50,3.00,6.00,0.00,0.00,0.00,0.00,0.00,0.00,0.00,0.00,0.00,Estadio Iberoamericano 2010
1759086000,Sep 28 2025 - 7:00pm,incomplete,N/A,Rayo Vallecano,Sevilla FC,N/A,7,0.00,0.00,0.00,0.00,0,0,0,0,0,0,"","",-1,-1,-1,-1,-1,-1,-1,-1,-1,-1,-1,-1,-1,-1,-1,-1,-1,-1,-1,-1,0.00,1.26,0.00,0.00,2.50,50,50,50,50,50,50,50,50,50,1.00,2.00,0.00,0.00,0.00,0.00,0.00,0.00,0.00,0.00,0.00,N/A
1759086000,Sep 28 2025 - 7:00pm,incomplete,N/A,Real Betis,CA Osasuna,N/A,7,0.00,0.00,0.00,0.00,0,0,0,0,0,0,"","",-1,-1,-1,-1,-1,-1,-1,-1,-1,-1,-1,-1,-1,-1,-1,-1,-1,-1,-1,-1,0.00,0.28,0.00,0.00,0.50,0,0,0,0,0,0,0,0,50,0.00,2.00,0.00,0.00,0.00,0.00,0.00,0.00,0.00,0.00,0.00,Estadio Benito Villamarín
1759086000,Sep 28 2025 - 7:00pm,incomplete,N/A,Valencia CF,Real Oviedo,N/A,7,1.00,0.00,1.00,0.00,0,0,0,0,0,0,"","",-1,-1,-1,-1,-1,-1,-1,-1,-1,-1,-1,-1,-1,-1,-1,-1,-1,-1,-1,-1,1.65,0.69,0.00,0.00,2.00,50,100,0,0,0,50,50,50,50,9.00,3.00,0.00,0.00,0.00,0.00,0.00,0.00,0.00,0.00,0.00,Estadio de Mestalla
1759086000,Sep 28 2025 - 7:00pm,incomplete,N/A,Villarreal,Athletic Club Bilbao,N/A,7,3.00,0.00,3.00,0.00,0,0,0,0,0,0,"","",-1,-1,-1,-1,-1,-1,-1,-1,-1,-1,-1,-1,-1,-1,-1,-1,-1,-1,-1,-1,2.89,0.00,0.00,0.00,1.00,0,50,0,0,0,50,50,0,0,10.00,1.00,0.00,0.00,0.00,0.00,0.00,0.00,0.00,0.00,0.00,Estadio de la Cerámica
1759086000,Sep 28 2025 - 7:00pm,incomplete,N/A,Elche CF,Celta de Vigo,N/A,7,1.00,0.00,1.00,0.00,0,0,0,0,0,0,"","",-1,-1,-1,-1,-1,-1,-1,-1,-1,-1,-1,-1,-1,-1,-1,-1,-1,-1,-1,-1,0.96,0.00,0.00,0.00,1.00,50,50,0,0,0,0,50,0,50,1.00,0.00,0.00,0.00,0.00,0.00,0.00,0.00,0.00,0.00,0.00,Estadio Manuel Martínez Valero
1759086000,Sep 28 2025 - 7:00pm,incomplete,N/A,Getafe CF,Levante UD,N/A,7,0.00,0.00,0.00,0.00,0,0,0,0,0,0,"","",-1,-1,-1,-1,-1,-1,-1,-1,-1,-1,-1,-1,-1,-1,-1,-1,-1,-1,-1,-1,0.00,0.85,0.00,0.00,1.50,50,50,50,0,0,0,50,50,50,1.00,1.00,0.00,0.00,0.00,0.00,0.00,0.00,0.00,0.00,0.00,Coliseum Alfonso Pérez
1759690800,Oct 05 2025 - 7:00pm,incomplete,N/A,CA Osasuna,Getafe CF,N/A,8,0.00,3.00,0.00,3.00,0,0,0,0,0,0,"","",-1,-1,-1,-1,-1,-1,-1,-1,-1,-1,-1,-1,-1,-1,-1,-1,-1,-1,-1,-1,0.00,1.06,0.00,0.00,1.00,0,50,0,0,0,0,0,50,50,3.00,2.00,0.00,0.00,0.00,0.00,0.00,0.00,0.00,0.00,0.00,Estadio El Sadar
1759690800,Oct 05 2025 - 7:00pm,incomplete,N/A,Athletic Club Bilbao,RCD Mallorca,N/A,8,3.00,0.00,3.00,0.00,0,0,0,0,0,0,"","",-1,-1,-1,-1,-1,-1,-1,-1,-1,-1,-1,-1,-1,-1,-1,-1,-1,-1,-1,-1,0.95,0.00,0.00,0.00,2.50,50,50,50,50,50,50,50,50,50,10.00,0.00,0.00,0.00,0.00,0.00,0.00,0.00,0.00,0.00,0.00,San Mamés Barria
1759690800,Oct 05 2025 - 7:00pm,incomplete,N/A,Celta de Vigo,Atlético Madrid,N/A,8,0.00,0.00,0.00,0.00,0,0,0,0,0,0,"","",-1,-1,-1,-1,-1,-1,-1,-1,-1,-1,-1,-1,-1,-1,-1,-1,-1,-1,-1,-1,1.42,1.63,0.00,0.00,2.50,50,100,50,0,0,0,50,100,100,12.00,6.00,0.00,0.00,0.00,0.00,0.00,0.00,0.00,0.00,0.00,N/A
1759690800,Oct 05 2025 - 7:00pm,incomplete,N/A,Deportivo Alavés,Elche CF,N/A,8,3.00,0.00,3.00,0.00,0,0,0,0,0,0,"","",-1,-1,-1,-1,-1,-1,-1,-1,-1,-1,-1,-1,-1,-1,-1,-1,-1,-1,-1,-1,1.71,0.00,0.00,0.00,1.50,50,50,50,0,0,0,50,50,50,10.00,0.00,0.00,0.00,0.00,0.00,0.00,0.00,0.00,0.00,0.00,Estadio de Mendizorroza
1759690800,Oct 05 2025 - 7:00pm,incomplete,N/A,RCD Espanyol,Real Betis,N/A,8,3.00,1.00,3.00,1.00,0,0,0,0,0,0,"","",-1,-1,-1,-1,-1,-1,-1,-1,-1,-1,-1,-1,-1,-1,-1,-1,-1,-1,-1,-1,1.28,1.25,0.00,0.00,2.50,100,100,50,0,0,0,100,50,100,4.00,4.00,0.00,0.00,0.00,0.00,0.00,0.00,0.00,0.00,0.00,RCDE Stadium
1759690800,Oct 05 2025 - 7:00pm,incomplete,N/A,Sevilla FC,FC Barcelona,N/A,8,0.00,3.00,0.00,3.00,0,0,0,0,0,0,"","",-1,-1,-1,-1,-1,-1,-1,-1,-1,-1,-1,-1,-1,-1,-1,-1,-1,-1,-1,-1,0.00,2.67,0.00,0.00,1.50,0,50,50,0,0,50,50,0,50,6.00,1.00,0.00,0.00,0.00,0.00,0.00,0.00,0.00,0.00,0.00,Estadio Ramón Sánchez Pizjuán
1759690800,Oct 05 2025 - 7:00pm,incomplete,N/A,Real Madrid,Villarreal,N/A,8,3.00,0.00,3.00,0.00,0,0,0,0,0,0,"","",-1,-1,-1,-1,-1,-1,-1,-1,-1,-1,-1,-1,-1,-1,-1,-1,-1,-1,-1,-1,1.77,0.00,0.00,0.00,0.50,0,0,0,0,0,0,0,0,50,7.00,1.00,0.00,0.00,0.00,0.00,0.00,0.00,0.00,0.00,0.00,Estadio Santiago Bernabéu
1759690800,Oct 05 2025 - 7:00pm,incomplete,N/A,Girona FC,Valencia CF,N/A,8,0.00,0.00,0.00,0.00,0,0,0,0,0,0,"","",-1,-1,-1,-1,-1,-1,-1,-1,-1,-1,-1,-1,-1,-1,-1,-1,-1,-1,-1,-1,0.86,0.00,0.00,0.00,2.00,50,50,50,50,0,50,50,0,50,2.00,2.00,0.00,0.00,0.00,0.00,0.00,0.00,0.00,0.00,0.00,Estadi Municipal de Montilivi
1759690800,Oct 05 2025 - 7:00pm,incomplete,N/A,Real Oviedo,Levante UD,N/A,8,0.00,0.00,0.00,0.00,0,0,0,0,0,0,"","",-1,-1,-1,-1,-1,-1,-1,-1,-1,-1,-1,-1,-1,-1,-1,-1,-1,-1,-1,-1,0.00,0.85,0.00,0.00,1.50,50,50,50,0,0,0,50,50,50,1.00,1.00,0.00,0.00,0.00,0.00,0.00,0.00,0.00,0.00,0.00,Estadio Nuevo Carlos Tartiere
1759690800,Oct 05 2025 - 7:00pm,incomplete,N/A,Real Sociedad,Rayo Vallecano,N/A,8,0.00,3.00,0.00,3.00,0,0,0,0,0,0,"","",-1,-1,-1,-1,-1,-1,-1,-1,-1,-1,-1,-1,-1,-1,-1,-1,-1,-1,-1,-1,0.00,1.57,0.00,0.00,2.00,50,50,50,50,0,50,50,0,50,4.00,1.00,0.00,0.00,0.00,0.00,0.00,0.00,0.00,0.00,0.00,Estadio Municipal de Anoeta
1760900400,Oct 19 2025 - 7:00pm,incomplete,N/A,Levante UD,Rayo Vallecano,N/A,9,0.00,3.00,0.00,3.00,0,0,0,0,0,0,"","",-1,-1,-1,-1,-1,-1,-1,-1,-1,-1,-1,-1,-1,-1,-1,-1,-1,-1,-1,-1,0.00,1.57,0.00,0.00,2.00,50,50,50,50,0,50,50,0,50,4.00,1.00,0.00,0.00,0.00,0.00,0.00,0.00,0.00,0.00,0.00,Estadio Ciudad de Valencia
1760900400,Oct 19 2025 - 7:00pm,incomplete,N/A,FC Barcelona,Girona FC,N/A,9,0.00,0.00,0.00,0.00,0,0,0,0,0,0,"","",-1,-1,-1,-1,-1,-1,-1,-1,-1,-1,-1,-1,-1,-1,-1,-1,-1,-1,-1,-1,0.00,0.00,0.00,0.00,0.00,0,0,0,0,0,0,0,0,0,0.00,0.00,0.00,0.00,0.00,0.00,0.00,0.00,0.00,0.00,0.00,N/A
1760900400,Oct 19 2025 - 7:00pm,incomplete,N/A,Getafe CF,Real Madrid,N/A,9,0.00,0.00,0.00,0.00,0,0,0,0,0,0,"","",-1,-1,-1,-1,-1,-1,-1,-1,-1,-1,-1,-1,-1,-1,-1,-1,-1,-1,-1,-1,0.00,0.00,0.00,0.00,0.00,0,0,0,0,0,0,0,0,0,0.00,0.00,0.00,0.00,0.00,0.00,0.00,0.00,0.00,0.00,0.00,Coliseum Alfonso Pérez
1760900400,Oct 19 2025 - 7:00pm,incomplete,N/A,Atlético Madrid,CA Osasuna,N/A,9,0.00,0.00,0.00,0.00,0,0,0,0,0,0,"","",-1,-1,-1,-1,-1,-1,-1,-1,-1,-1,-1,-1,-1,-1,-1,-1,-1,-1,-1,-1,0.00,0.28,0.00,0.00,0.50,0,0,0,0,0,0,0,0,50,0.00,2.00,0.00,0.00,0.00,0.00,0.00,0.00,0.00,0.00,0.00,Estadio Wanda Metropolitano
1760900400,Oct 19 2025 - 7:00pm,incomplete,N/A,Sevilla FC,RCD Mallorca,N/A,9,0.00,0.00,0.00,0.00,0,0,0,0,0,0,"","",-1,-1,-1,-1,-1,-1,-1,-1,-1,-1,-1,-1,-1,-1,-1,-1,-1,-1,-1,-1,0.00,0.00,0.00,0.00,0.00,0,0,0,0,0,0,0,0,0,0.00,0.00,0.00,0.00,0.00,0.00,0.00,0.00,0.00,0.00,0.00,Estadio Ramón Sánchez Pizjuán
1760900400,Oct 19 2025 - 7:00pm,incomplete,N/A,Celta de Vigo,Real Sociedad,N/A,9,0.00,1.00,0.00,1.00,0,0,0,0,0,0,"","",-1,-1,-1,-1,-1,-1,-1,-1,-1,-1,-1,-1,-1,-1,-1,-1,-1,-1,-1,-1,1.42,1.32,0.00,0.00,2.00,50,100,0,0,0,0,0,100,100,16.00,5.00,0.00,0.00,0.00,0.00,0.00,0.00,0.00,0.00,0.00,N/A
1760900400,Oct 19 2025 - 7:00pm,incomplete,N/A,Deportivo Alavés,Valencia CF,N/A,9,3.00,0.00,3.00,0.00,0,0,0,0,0,0,"","",-1,-1,-1,-1,-1,-1,-1,-1,-1,-1,-1,-1,-1,-1,-1,-1,-1,-1,-1,-1,1.71,0.00,0.00,0.00,1.50,50,50,50,0,0,0,50,50,50,10.00,0.00,0.00,0.00,0.00,0.00,0.00,0.00,0.00,0.00,0.00,Estadio de Mendizorroza
1760900400,Oct 19 2025 - 7:00pm,incomplete,N/A,Elche CF,Athletic Club Bilbao,N/A,9,1.00,0.00,1.00,0.00,0,0,0,0,0,0,"","",-1,-1,-1,-1,-1,-1,-1,-1,-1,-1,-1,-1,-1,-1,-1,-1,-1,-1,-1,-1,0.96,0.00,0.00,0.00,1.00,50,50,0,0,0,0,50,0,50,1.00,0.00,0.00,0.00,0.00,0.00,0.00,0.00,0.00,0.00,0.00,Estadio Manuel Martínez Valero
1760900400,Oct 19 2025 - 7:00pm,incomplete,N/A,Real Oviedo,RCD Espanyol,N/A,9,0.00,0.00,0.00,0.00,0,0,0,0,0,0,"","",-1,-1,-1,-1,-1,-1,-1,-1,-1,-1,-1,-1,-1,-1,-1,-1,-1,-1,-1,-1,0.00,0.00,0.00,0.00,0.00,0,0,0,0,0,0,0,0,0,0.00,0.00,0.00,0.00,0.00,0.00,0.00,0.00,0.00,0.00,0.00,Estadio Nuevo Carlos Tartiere
1760900400,Oct 19 2025 - 7:00pm,incomplete,N/A,Villarreal,Real Betis,N/A,9,3.00,1.00,3.00,1.00,0,0,0,0,0,0,"","",-1,-1,-1,-1,-1,-1,-1,-1,-1,-1,-1,-1,-1,-1,-1,-1,-1,-1,-1,-1,2.89,1.25,0.00,0.00,2.00,50,100,0,0,0,50,100,0,50,13.00,2.00,0.00,0.00,0.00,0.00,0.00,0.00,0.00,0.00,0.00,Estadio de la Cerámica
1761505200,Oct 26 2025 - 7:00pm,incomplete,N/A,Real Betis,Atlético Madrid,N/A,10,0.00,0.00,0.00,0.00,0,0,0,0,0,0,"","",-1,-1,-1,-1,-1,-1,-1,-1,-1,-1,-1,-1,-1,-1,-1,-1,-1,-1,-1,-1,0.00,1.63,0.00,0.00,1.50,50,50,50,0,0,0,50,50,50,3.00,3.00,0.00,0.00,0.00,0.00,0.00,0.00,0.00,0.00,0.00,Estadio Benito Villamarín
1761505200,Oct 26 2025 - 7:00pm,incomplete,N/A,Valencia CF,Villarreal,N/A,10,1.00,0.00,1.00,0.00,0,0,0,0,0,0,"","",-1,-1,-1,-1,-1,-1,-1,-1,-1,-1,-1,-1,-1,-1,-1,-1,-1,-1,-1,-1,1.65,0.00,0.00,0.00,1.00,50,50,0,0,0,0,0,50,50,8.00,1.00,0.00,0.00,0.00,0.00,0.00,0.00,0.00,0.00,0.00,Estadio de Mestalla
1761505200,Oct 26 2025 - 7:00pm,incomplete,N/A,RCD Espanyol,Elche CF,N/A,10,3.00,0.00,3.00,0.00,0,0,0,0,0,0,"","",-1,-1,-1,-1,-1,-1,-1,-1,-1,-1,-1,-1,-1,-1,-1,-1,-1,-1,-1,-1,1.28,0.00,0.00,0.00,1.50,50,50,50,0,0,0,50,50,50,1.00,3.00,0.00,0.00,0.00,0.00,0.00,0.00,0.00,0.00,0.00,RCDE Stadium
1761505200,Oct 26 2025 - 7:00pm,incomplete,N/A,Girona FC,Real Oviedo,N/A,10,0.00,0.00,0.00,0.00,0,0,0,0,0,0,"","",-1,-1,-1,-1,-1,-1,-1,-1,-1,-1,-1,-1,-1,-1,-1,-1,-1,-1,-1,-1,0.86,0.69,0.00,0.00,3.00,50,100,50,50,0,100,100,0,50,3.00,4.00,0.00,0.00,0.00,0.00,0.00,0.00,0.00,0.00,0.00,Estadi Municipal de Montilivi
1761505200,Oct 26 2025 - 7:00pm,incomplete,N/A,CA Osasuna,Celta de Vigo,N/A,10,0.00,0.00,0.00,0.00,0,0,0,0,0,0,"","",-1,-1,-1,-1,-1,-1,-1,-1,-1,-1,-1,-1,-1,-1,-1,-1,-1,-1,-1,-1,0.00,0.00,0.00,0.00,0.00,0,0,0,0,0,0,0,0,0,0.00,0.00,0.00,0.00,0.00,0.00,0.00,0.00,0.00,0.00,0.00,Estadio El Sadar
1761505200,Oct 26 2025 - 7:00pm,incomplete,N/A,Rayo Vallecano,Deportivo Alavés,N/A,10,0.00,0.00,0.00,0.00,0,0,0,0,0,0,"","",-1,-1,-1,-1,-1,-1,-1,-1,-1,-1,-1,-1,-1,-1,-1,-1,-1,-1,-1,-1,0.00,0.00,0.00,0.00,0.00,0,0,0,0,0,0,0,0,0,0.00,0.00,0.00,0.00,0.00,0.00,0.00,0.00,0.00,0.00,0.00,N/A
1761505200,Oct 26 2025 - 7:00pm,incomplete,N/A,Real Madrid,FC Barcelona,N/A,10,3.00,3.00,3.00,3.00,0,0,0,0,0,0,"","",-1,-1,-1,-1,-1,-1,-1,-1,-1,-1,-1,-1,-1,-1,-1,-1,-1,-1,-1,-1,1.77,2.67,0.00,0.00,2.00,0,50,50,0,0,50,50,0,100,13.00,2.00,0.00,0.00,0.00,0.00,0.00,0.00,0.00,0.00,0.00,Estadio Santiago Bernabéu
1761505200,Oct 26 2025 - 7:00pm,incomplete,N/A,RCD Mallorca,Levante UD,N/A,10,0.00,0.00,0.00,0.00,0,0,0,0,0,0,"","",-1,-1,-1,-1,-1,-1,-1,-1,-1,-1,-1,-1,-1,-1,-1,-1,-1,-1,-1,-1,0.50,0.85,0.00,0.00,3.00,50,100,100,0,0,50,100,50,100,4.00,7.00,0.00,0.00,0.00,0.00,0.00,0.00,0.00,0.00,0.00,Estadio Iberoamericano 2010
1761505200,Oct 26 2025 - 7:00pm,incomplete,N/A,Athletic Club Bilbao,Getafe CF,N/A,10,3.00,3.00,3.00,3.00,0,0,0,0,0,0,"","",-1,-1,-1,-1,-1,-1,-1,-1,-1,-1,-1,-1,-1,-1,-1,-1,-1,-1,-1,-1,0.95,1.06,0.00,0.00,3.50,50,100,50,50,50,50,50,100,100,13.00,2.00,0.00,0.00,0.00,0.00,0.00,0.00,0.00,0.00,0.00,San Mamés Barria
1761505200,Oct 26 2025 - 7:00pm,incomplete,N/A,Real Sociedad,Sevilla FC,N/A,10,0.00,0.00,0.00,0.00,0,0,0,0,0,0,"","",-1,-1,-1,-1,-1,-1,-1,-1,-1,-1,-1,-1,-1,-1,-1,-1,-1,-1,-1,-1,0.00,1.26,0.00,0.00,2.50,50,50,50,50,50,50,50,50,50,1.00,2.00,0.00,0.00,0.00,0.00,0.00,0.00,0.00,0.00,0.00,Estadio Municipal de Anoeta
1762110000,Nov 02 2025 - 7:00pm,incomplete,N/A,Atlético Madrid,Sevilla FC,N/A,11,0.00,0.00,0.00,0.00,0,0,0,0,0,0,"","",-1,-1,-1,-1,-1,-1,-1,-1,-1,-1,-1,-1,-1,-1,-1,-1,-1,-1,-1,-1,0.00,1.26,0.00,0.00,2.50,50,50,50,50,50,50,50,50,50,1.00,2.00,0.00,0.00,0.00,0.00,0.00,0.00,0.00,0.00,0.00,Estadio Wanda Metropolitano
1762110000,Nov 02 2025 - 7:00pm,incomplete,N/A,Real Betis,RCD Mallorca,N/A,11,0.00,0.00,0.00,0.00,0,0,0,0,0,0,"","",-1,-1,-1,-1,-1,-1,-1,-1,-1,-1,-1,-1,-1,-1,-1,-1,-1,-1,-1,-1,0.00,0.00,0.00,0.00,0.00,0,0,0,0,0,0,0,0,0,0.00,0.00,0.00,0.00,0.00,0.00,0.00,0.00,0.00,0.00,0.00,Estadio Benito Villamarín
1762110000,Nov 02 2025 - 7:00pm,incomplete,N/A,FC Barcelona,Elche CF,N/A,11,0.00,0.00,0.00,0.00,0,0,0,0,0,0,"","",-1,-1,-1,-1,-1,-1,-1,-1,-1,-1,-1,-1,-1,-1,-1,-1,-1,-1,-1,-1,0.00,0.00,0.00,0.00,0.00,0,0,0,0,0,0,0,0,0,0.00,0.00,0.00,0.00,0.00,0.00,0.00,0.00,0.00,0.00,0.00,N/A
1762110000,Nov 02 2025 - 7:00pm,incomplete,N/A,Levante UD,Celta de Vigo,N/A,11,0.00,0.00,0.00,0.00,0,0,0,0,0,0,"","",-1,-1,-1,-1,-1,-1,-1,-1,-1,-1,-1,-1,-1,-1,-1,-1,-1,-1,-1,-1,0.00,0.00,0.00,0.00,0.00,0,0,0,0,0,0,0,0,0,0.00,0.00,0.00,0.00,0.00,0.00,0.00,0.00,0.00,0.00,0.00,Estadio Ciudad de Valencia
1762110000,Nov 02 2025 - 7:00pm,incomplete,N/A,Getafe CF,Girona FC,N/A,11,0.00,0.00,0.00,0.00,0,0,0,0,0,0,"","",-1,-1,-1,-1,-1,-1,-1,-1,-1,-1,-1,-1,-1,-1,-1,-1,-1,-1,-1,-1,0.00,0.00,0.00,0.00,0.00,0,0,0,0,0,0,0,0,0,0.00,0.00,0.00,0.00,0.00,0.00,0.00,0.00,0.00,0.00,0.00,Coliseum Alfonso Pérez
1762110000,Nov 02 2025 - 7:00pm,incomplete,N/A,Real Madrid,Valencia CF,N/A,11,3.00,0.00,3.00,0.00,0,0,0,0,0,0,"","",-1,-1,-1,-1,-1,-1,-1,-1,-1,-1,-1,-1,-1,-1,-1,-1,-1,-1,-1,-1,1.77,0.00,0.00,0.00,0.50,0,0,0,0,0,0,0,0,50,7.00,1.00,0.00,0.00,0.00,0.00,0.00,0.00,0.00,0.00,0.00,Estadio Santiago Bernabéu
1762110000,Nov 02 2025 - 7:00pm,incomplete,N/A,Real Oviedo,CA Osasuna,N/A,11,0.00,0.00,0.00,0.00,0,0,0,0,0,0,"","",-1,-1,-1,-1,-1,-1,-1,-1,-1,-1,-1,-1,-1,-1,-1,-1,-1,-1,-1,-1,0.00,0.28,0.00,0.00,0.50,0,0,0,0,0,0,0,0,50,0.00,2.00,0.00,0.00,0.00,0.00,0.00,0.00,0.00,0.00,0.00,Estadio Nuevo Carlos Tartiere
1762110000,Nov 02 2025 - 7:00pm,incomplete,N/A,Real Sociedad,Athletic Club Bilbao,N/A,11,0.00,0.00,0.00,0.00,0,0,0,0,0,0,"","",-1,-1,-1,-1,-1,-1,-1,-1,-1,-1,-1,-1,-1,-1,-1,-1,-1,-1,-1,-1,0.00,0.00,0.00,0.00,0.00,0,0,0,0,0,0,0,0,0,0.00,0.00,0.00,0.00,0.00,0.00,0.00,0.00,0.00,0.00,0.00,Estadio Municipal de Anoeta
1762110000,Nov 02 2025 - 7:00pm,incomplete,N/A,Villarreal,Rayo Vallecano,N/A,11,3.00,3.00,3.00,3.00,0,0,0,0,0,0,"","",-1,-1,-1,-1,-1,-1,-1,-1,-1,-1,-1,-1,-1,-1,-1,-1,-1,-1,-1,-1,2.89,1.57,0.00,0.00,3.00,50,100,50,50,0,100,100,0,50,14.00,2.00,0.00,0.00,0.00,0.00,0.00,0.00,0.00,0.00,0.00,Estadio de la Cerámica
1762110000,Nov 02 2025 - 7:00pm,incomplete,N/A,Deportivo Alavés,RCD Espanyol,N/A,11,3.00,0.00,3.00,0.00,0,0,0,0,0,0,"","",-1,-1,-1,-1,-1,-1,-1,-1,-1,-1,-1,-1,-1,-1,-1,-1,-1,-1,-1,-1,1.71,0.00,0.00,0.00,1.50,50,50,50,0,0,0,50,50,50,10.00,0.00,0.00,0.00,0.00,0.00,0.00,0.00,0.00,0.00,0.00,Estadio de Mendizorroza
1762714800,Nov 09 2025 - 7:00pm,incomplete,N/A,Atlético Madrid,Levante UD,N/A,12,0.00,0.00,0.00,0.00,0,0,0,0,0,0,"","",-1,-1,-1,-1,-1,-1,-1,-1,-1,-1,-1,-1,-1,-1,-1,-1,-1,-1,-1,-1,0.00,0.85,0.00,0.00,1.50,50,50,50,0,0,0,50,50,50,1.00,1.00,0.00,0.00,0.00,0.00,0.00,0.00,0.00,0.00,0.00,Estadio Wanda Metropolitano
1762714800,Nov 09 2025 - 7:00pm,incomplete,N/A,Sevilla FC,CA Osasuna,N/A,12,0.00,0.00,0.00,0.00,0,0,0,0,0,0,"","",-1,-1,-1,-1,-1,-1,-1,-1,-1,-1,-1,-1,-1,-1,-1,-1,-1,-1,-1,-1,0.00,0.28,0.00,0.00,0.50,0,0,0,0,0,0,0,0,50,0.00,2.00,0.00,0.00,0.00,0.00,0.00,0.00,0.00,0.00,0.00,Estadio Ramón Sánchez Pizjuán
1762714800,Nov 09 2025 - 7:00pm,incomplete,N/A,Athletic Club Bilbao,Real Oviedo,N/A,12,3.00,0.00,3.00,0.00,0,0,0,0,0,0,"","",-1,-1,-1,-1,-1,-1,-1,-1,-1,-1,-1,-1,-1,-1,-1,-1,-1,-1,-1,-1,0.95,0.69,0.00,0.00,3.50,50,100,50,50,50,100,100,50,50,11.00,2.00,0.00,0.00,0.00,0.00,0.00,0.00,0.00,0.00,0.00,San Mamés Barria
1762714800,Nov 09 2025 - 7:00pm,incomplete,N/A,Celta de Vigo,FC Barcelona,N/A,12,0.00,3.00,0.00,3.00,0,0,0,0,0,0,"","",-1,-1,-1,-1,-1,-1,-1,-1,-1,-1,-1,-1,-1,-1,-1,-1,-1,-1,-1,-1,1.42,2.67,0.00,0.00,2.50,0,100,50,0,0,50,50,50,100,15.00,4.00,0.00,0.00,0.00,0.00,0.00,0.00,0.00,0.00,0.00,N/A
1762714800,Nov 09 2025 - 7:00pm,incomplete,N/A,Elche CF,Real Sociedad,N/A,12,1.00,1.00,1.00,1.00,0,0,0,0,0,0,"","",-1,-1,-1,-1,-1,-1,-1,-1,-1,-1,-1,-1,-1,-1,-1,-1,-1,-1,-1,-1,0.96,1.32,0.00,0.00,2.00,100,100,0,0,0,0,50,50,100,8.00,2.00,0.00,0.00,0.00,0.00,0.00,0.00,0.00,0.00,0.00,Estadio Manuel Martínez Valero
1762714800,Nov 09 2025 - 7:00pm,incomplete,N/A,RCD Espanyol,Villarreal,N/A,12,3.00,0.00,3.00,0.00,0,0,0,0,0,0,"","",-1,-1,-1,-1,-1,-1,-1,-1,-1,-1,-1,-1,-1,-1,-1,-1,-1,-1,-1,-1,1.28,0.00,0.00,0.00,1.50,50,50,50,0,0,0,50,50,50,1.00,3.00,0.00,0.00,0.00,0.00,0.00,0.00,0.00,0.00,0.00,RCDE Stadium
1762714800,Nov 09 2025 - 7:00pm,incomplete,N/A,Rayo Vallecano,Real Madrid,N/A,12,0.00,0.00,0.00,0.00,0,0,0,0,0,0,"","",-1,-1,-1,-1,-1,-1,-1,-1,-1,-1,-1,-1,-1,-1,-1,-1,-1,-1,-1,-1,0.00,0.00,0.00,0.00,0.00,0,0,0,0,0,0,0,0,0,0.00,0.00,0.00,0.00,0.00,0.00,0.00,0.00,0.00,0.00,0.00,N/A
1762714800,Nov 09 2025 - 7:00pm,incomplete,N/A,Girona FC,Deportivo Alavés,N/A,12,0.00,0.00,0.00,0.00,0,0,0,0,0,0,"","",-1,-1,-1,-1,-1,-1,-1,-1,-1,-1,-1,-1,-1,-1,-1,-1,-1,-1,-1,-1,0.86,0.00,0.00,0.00,2.00,50,50,50,50,0,50,50,0,50,2.00,2.00,0.00,0.00,0.00,0.00,0.00,0.00,0.00,0.00,0.00,Estadi Municipal de Montilivi
1762714800,Nov 09 2025 - 7:00pm,incomplete,N/A,RCD Mallorca,Getafe CF,N/A,12,0.00,3.00,0.00,3.00,0,0,0,0,0,0,"","",-1,-1,-1,-1,-1,-1,-1,-1,-1,-1,-1,-1,-1,-1,-1,-1,-1,-1,-1,-1,0.50,1.06,0.00,0.00,2.50,0,100,50,0,0,50,50,50,100,6.00,8.00,0.00,0.00,0.00,0.00,0.00,0.00,0.00,0.00,0.00,Estadio Iberoamericano 2010
1762714800,Nov 09 2025 - 7:00pm,incomplete,N/A,Valencia CF,Real Betis,N/A,12,1.00,1.00,1.00,1.00,0,0,0,0,0,0,"","",-1,-1,-1,-1,-1,-1,-1,-1,-1,-1,-1,-1,-1,-1,-1,-1,-1,-1,-1,-1,1.65,1.25,0.00,0.00,2.00,100,100,0,0,0,0,50,50,100,11.00,2.00,0.00,0.00,0.00,0.00,0.00,0.00,0.00,0.00,0.00,Estadio de Mestalla
1763924400,Nov 23 2025 - 7:00pm,incomplete,N/A,FC Barcelona,Athletic Club Bilbao,N/A,13,0.00,0.00,0.00,0.00,0,0,0,0,0,0,"","",-1,-1,-1,-1,-1,-1,-1,-1,-1,-1,-1,-1,-1,-1,-1,-1,-1,-1,-1,-1,0.00,0.00,0.00,0.00,0.00,0,0,0,0,0,0,0,0,0,0.00,0.00,0.00,0.00,0.00,0.00,0.00,0.00,0.00,0.00,0.00,N/A
1763924400,Nov 23 2025 - 7:00pm,incomplete,N/A,Deportivo Alavés,Celta de Vigo,N/A,13,3.00,0.00,3.00,0.00,0,0,0,0,0,0,"","",-1,-1,-1,-1,-1,-1,-1,-1,-1,-1,-1,-1,-1,-1,-1,-1,-1,-1,-1,-1,1.71,0.00,0.00,0.00,1.50,50,50,50,0,0,0,50,50,50,10.00,0.00,0.00,0.00,0.00,0.00,0.00,0.00,0.00,0.00,0.00,Estadio de Mendizorroza
1763924400,Nov 23 2025 - 7:00pm,incomplete,N/A,Elche CF,Real Madrid,N/A,13,1.00,0.00,1.00,0.00,0,0,0,0,0,0,"","",-1,-1,-1,-1,-1,-1,-1,-1,-1,-1,-1,-1,-1,-1,-1,-1,-1,-1,-1,-1,0.96,0.00,0.00,0.00,1.00,50,50,0,0,0,0,50,0,50,1.00,0.00,0.00,0.00,0.00,0.00,0.00,0.00,0.00,0.00,0.00,Estadio Manuel Martínez Valero
1763924400,Nov 23 2025 - 7:00pm,incomplete,N/A,RCD Espanyol,Sevilla FC,N/A,13,3.00,0.00,3.00,0.00,0,0,0,0,0,0,"","",-1,-1,-1,-1,-1,-1,-1,-1,-1,-1,-1,-1,-1,-1,-1,-1,-1,-1,-1,-1,1.28,1.26,0.00,0.00,4.00,100,100,100,50,50,50,100,100,100,2.00,5.00,0.00,0.00,0.00,0.00,0.00,0.00,0.00,0.00,0.00,RCDE Stadium
1763924400,Nov 23 2025 - 7:00pm,incomplete,N/A,Getafe CF,Atlético Madrid,N/A,13,0.00,0.00,0.00,0.00,0,0,0,0,0,0,"","",-1,-1,-1,-1,-1,-1,-1,-1,-1,-1,-1,-1,-1,-1,-1,-1,-1,-1,-1,-1,0.00,1.63,0.00,0.00,1.50,50,50,50,0,0,0,50,50,50,3.00,3.00,0.00,0.00,0.00,0.00,0.00,0.00,0.00,0.00,0.00,Coliseum Alfonso Pérez
1763924400,Nov 23 2025 - 7:00pm,incomplete,N/A,CA Osasuna,Real Sociedad,N/A,13,0.00,1.00,0.00,1.00,0,0,0,0,0,0,"","",-1,-1,-1,-1,-1,-1,-1,-1,-1,-1,-1,-1,-1,-1,-1,-1,-1,-1,-1,-1,0.00,1.32,0.00,0.00,1.00,50,50,0,0,0,0,0,50,50,7.00,2.00,0.00,0.00,0.00,0.00,0.00,0.00,0.00,0.00,0.00,Estadio El Sadar
1763924400,Nov 23 2025 - 7:00pm,incomplete,N/A,Real Oviedo,Rayo Vallecano,N/A,13,0.00,3.00,0.00,3.00,0,0,0,0,0,0,"","",-1,-1,-1,-1,-1,-1,-1,-1,-1,-1,-1,-1,-1,-1,-1,-1,-1,-1,-1,-1,0.00,1.57,0.00,0.00,2.00,50,50,50,50,0,50,50,0,50,4.00,1.00,0.00,0.00,0.00,0.00,0.00,0.00,0.00,0.00,0.00,Estadio Nuevo Carlos Tartiere
1763924400,Nov 23 2025 - 7:00pm,incomplete,N/A,Valencia CF,Levante UD,N/A,13,1.00,0.00,1.00,0.00,0,0,0,0,0,0,"","",-1,-1,-1,-1,-1,-1,-1,-1,-1,-1,-1,-1,-1,-1,-1,-1,-1,-1,-1,-1,1.65,0.85,0.00,0.00,2.50,100,100,50,0,0,0,50,100,100,9.00,2.00,0.00,0.00,0.00,0.00,0.00,0.00,0.00,0.00,0.00,Estadio de Mestalla
1763924400,Nov 23 2025 - 7:00pm,incomplete,N/A,Real Betis,Girona FC,N/A,13,0.00,0.00,0.00,0.00,0,0,0,0,0,0,"","",-1,-1,-1,-1,-1,-1,-1,-1,-1,-1,-1,-1,-1,-1,-1,-1,-1,-1,-1,-1,0.00,0.00,0.00,0.00,0.00,0,0,0,0,0,0,0,0,0,0.00,0.00,0.00,0.00,0.00,0.00,0.00,0.00,0.00,0.00,0.00,Estadio Benito Villamarín
1763924400,Nov 23 2025 - 7:00pm,incomplete,N/A,Villarreal,RCD Mallorca,N/A,13,3.00,0.00,3.00,0.00,0,0,0,0,0,0,"","",-1,-1,-1,-1,-1,-1,-1,-1,-1,-1,-1,-1,-1,-1,-1,-1,-1,-1,-1,-1,2.89,0.00,0.00,0.00,1.00,0,50,0,0,0,50,50,0,0,10.00,1.00,0.00,0.00,0.00,0.00,0.00,0.00,0.00,0.00,0.00,Estadio de la Cerámica
1764529200,Nov 30 2025 - 7:00pm,incomplete,N/A,Levante UD,Athletic Club Bilbao,N/A,14,0.00,0.00,0.00,0.00,0,0,0,0,0,0,"","",-1,-1,-1,-1,-1,-1,-1,-1,-1,-1,-1,-1,-1,-1,-1,-1,-1,-1,-1,-1,0.00,0.00,0.00,0.00,0.00,0,0,0,0,0,0,0,0,0,0.00,0.00,0.00,0.00,0.00,0.00,0.00,0.00,0.00,0.00,0.00,Estadio Ciudad de Valencia
1764529200,Nov 30 2025 - 7:00pm,incomplete,N/A,FC Barcelona,Deportivo Alavés,N/A,14,0.00,0.00,0.00,0.00,0,0,0,0,0,0,"","",-1,-1,-1,-1,-1,-1,-1,-1,-1,-1,-1,-1,-1,-1,-1,-1,-1,-1,-1,-1,0.00,0.00,0.00,0.00,0.00,0,0,0,0,0,0,0,0,0,0.00,0.00,0.00,0.00,0.00,0.00,0.00,0.00,0.00,0.00,0.00,N/A
1764529200,Nov 30 2025 - 7:00pm,incomplete,N/A,Getafe CF,Elche CF,N/A,14,0.00,0.00,0.00,0.00,0,0,0,0,0,0,"","",-1,-1,-1,-1,-1,-1,-1,-1,-1,-1,-1,-1,-1,-1,-1,-1,-1,-1,-1,-1,0.00,0.00,0.00,0.00,0.00,0,0,0,0,0,0,0,0,0,0.00,0.00,0.00,0.00,0.00,0.00,0.00,0.00,0.00,0.00,0.00,Coliseum Alfonso Pérez
1764529200,Nov 30 2025 - 7:00pm,incomplete,N/A,RCD Mallorca,CA Osasuna,N/A,14,0.00,0.00,0.00,0.00,0,0,0,0,0,0,"","",-1,-1,-1,-1,-1,-1,-1,-1,-1,-1,-1,-1,-1,-1,-1,-1,-1,-1,-1,-1,0.50,0.28,0.00,0.00,2.00,0,50,50,0,0,50,50,0,100,3.00,8.00,0.00,0.00,0.00,0.00,0.00,0.00,0.00,0.00,0.00,Estadio Iberoamericano 2010
1764529200,Nov 30 2025 - 7:00pm,incomplete,N/A,Real Sociedad,Villarreal,N/A,14,0.00,0.00,0.00,0.00,0,0,0,0,0,0,"","",-1,-1,-1,-1,-1,-1,-1,-1,-1,-1,-1,-1,-1,-1,-1,-1,-1,-1,-1,-1,0.00,0.00,0.00,0.00,0.00,0,0,0,0,0,0,0,0,0,0.00,0.00,0.00,0.00,0.00,0.00,0.00,0.00,0.00,0.00,0.00,Estadio Municipal de Anoeta
1764529200,Nov 30 2025 - 7:00pm,incomplete,N/A,Rayo Vallecano,Valencia CF,N/A,14,0.00,0.00,0.00,0.00,0,0,0,0,0,0,"","",-1,-1,-1,-1,-1,-1,-1,-1,-1,-1,-1,-1,-1,-1,-1,-1,-1,-1,-1,-1,0.00,0.00,0.00,0.00,0.00,0,0,0,0,0,0,0,0,0,0.00,0.00,0.00,0.00,0.00,0.00,0.00,0.00,0.00,0.00,0.00,N/A
1764529200,Nov 30 2025 - 7:00pm,incomplete,N/A,Sevilla FC,Real Betis,N/A,14,0.00,1.00,0.00,1.00,0,0,0,0,0,0,"","",-1,-1,-1,-1,-1,-1,-1,-1,-1,-1,-1,-1,-1,-1,-1,-1,-1,-1,-1,-1,0.00,1.25,0.00,0.00,1.00,50,50,0,0,0,0,50,0,50,3.00,1.00,0.00,0.00,0.00,0.00,0.00,0.00,0.00,0.00,0.00,Estadio Ramón Sánchez Pizjuán
1764529200,Nov 30 2025 - 7:00pm,incomplete,N/A,Girona FC,Real Madrid,N/A,14,0.00,0.00,0.00,0.00,0,0,0,0,0,0,"","",-1,-1,-1,-1,-1,-1,-1,-1,-1,-1,-1,-1,-1,-1,-1,-1,-1,-1,-1,-1,0.86,0.00,0.00,0.00,2.00,50,50,50,50,0,50,50,0,50,2.00,2.00,0.00,0.00,0.00,0.00,0.00,0.00,0.00,0.00,0.00,Estadi Municipal de Montilivi
1764529200,Nov 30 2025 - 7:00pm,incomplete,N/A,Celta de Vigo,RCD Espanyol,N/A,14,0.00,0.00,0.00,0.00,0,0,0,0,0,0,"","",-1,-1,-1,-1,-1,-1,-1,-1,-1,-1,-1,-1,-1,-1,-1,-1,-1,-1,-1,-1,1.42,0.00,0.00,0.00,1.00,0,50,0,0,0,0,0,50,50,9.00,3.00,0.00,0.00,0.00,0.00,0.00,0.00,0.00,0.00,0.00,N/A
1764529200,Nov 30 2025 - 7:00pm,incomplete,N/A,Atlético Madrid,Real Oviedo,N/A,14,0.00,0.00,0.00,0.00,0,0,0,0,0,0,"","",-1,-1,-1,-1,-1,-1,-1,-1,-1,-1,-1,-1,-1,-1,-1,-1,-1,-1,-1,-1,0.00,0.69,0.00,0.00,1.00,0,50,0,0,0,50,50,0,0,1.00,2.00,0.00,0.00,0.00,0.00,0.00,0.00,0.00,0.00,0.00,Estadio Wanda Metropolitano
1765134000,Dec 07 2025 - 7:00pm,incomplete,N/A,Athletic Club Bilbao,Atlético Madrid,N/A,15,3.00,0.00,3.00,0.00,0,0,0,0,0,0,"","",-1,-1,-1,-1,-1,-1,-1,-1,-1,-1,-1,-1,-1,-1,-1,-1,-1,-1,-1,-1,0.95,1.63,0.00,0.00,4.00,100,100,100,50,50,50,100,100,100,13.00,3.00,0.00,0.00,0.00,0.00,0.00,0.00,0.00,0.00,0.00,San Mamés Barria
1765134000,Dec 07 2025 - 7:00pm,incomplete,N/A,Deportivo Alavés,Real Sociedad,N/A,15,3.00,1.00,3.00,1.00,0,0,0,0,0,0,"","",-1,-1,-1,-1,-1,-1,-1,-1,-1,-1,-1,-1,-1,-1,-1,-1,-1,-1,-1,-1,1.71,1.32,0.00,0.00,2.50,100,100,50,0,0,0,50,100,100,17.00,2.00,0.00,0.00,0.00,0.00,0.00,0.00,0.00,0.00,0.00,Estadio de Mendizorroza
1765134000,Dec 07 2025 - 7:00pm,incomplete,N/A,CA Osasuna,Levante UD,N/A,15,0.00,0.00,0.00,0.00,0,0,0,0,0,0,"","",-1,-1,-1,-1,-1,-1,-1,-1,-1,-1,-1,-1,-1,-1,-1,-1,-1,-1,-1,-1,0.00,0.85,0.00,0.00,1.50,50,50,50,0,0,0,50,50,50,1.00,1.00,0.00,0.00,0.00,0.00,0.00,0.00,0.00,0.00,0.00,Estadio El Sadar
1765134000,Dec 07 2025 - 7:00pm,incomplete,N/A,Real Betis,FC Barcelona,N/A,15,0.00,3.00,0.00,3.00,0,0,0,0,0,0,"","",-1,-1,-1,-1,-1,-1,-1,-1,-1,-1,-1,-1,-1,-1,-1,-1,-1,-1,-1,-1,0.00,2.67,0.00,0.00,1.50,0,50,50,0,0,50,50,0,50,6.00,1.00,0.00,0.00,0.00,0.00,0.00,0.00,0.00,0.00,0.00,Estadio Benito Villamarín
1765134000,Dec 07 2025 - 7:00pm,incomplete,N/A,Real Oviedo,RCD Mallorca,N/A,15,0.00,0.00,0.00,0.00,0,0,0,0,0,0,"","",-1,-1,-1,-1,-1,-1,-1,-1,-1,-1,-1,-1,-1,-1,-1,-1,-1,-1,-1,-1,0.00,0.00,0.00,0.00,0.00,0,0,0,0,0,0,0,0,0,0.00,0.00,0.00,0.00,0.00,0.00,0.00,0.00,0.00,0.00,0.00,Estadio Nuevo Carlos Tartiere
1765134000,Dec 07 2025 - 7:00pm,incomplete,N/A,Valencia CF,Sevilla FC,N/A,15,1.00,0.00,1.00,0.00,0,0,0,0,0,0,"","",-1,-1,-1,-1,-1,-1,-1,-1,-1,-1,-1,-1,-1,-1,-1,-1,-1,-1,-1,-1,1.65,1.26,0.00,0.00,3.50,100,100,50,50,50,50,50,100,100,9.00,3.00,0.00,0.00,0.00,0.00,0.00,0.00,0.00,0.00,0.00,Estadio de Mestalla
1765134000,Dec 07 2025 - 7:00pm,incomplete,N/A,Villarreal,Getafe CF,N/A,15,3.00,3.00,3.00,3.00,0,0,0,0,0,0,"","",-1,-1,-1,-1,-1,-1,-1,-1,-1,-1,-1,-1,-1,-1,-1,-1,-1,-1,-1,-1,2.89,1.06,0.00,0.00,2.00,0,100,0,0,0,50,50,50,50,13.00,3.00,0.00,0.00,0.00,0.00,0.00,0.00,0.00,0.00,0.00,Estadio de la Cerámica
1765134000,Dec 07 2025 - 7:00pm,incomplete,N/A,Elche CF,Girona FC,N/A,15,1.00,0.00,1.00,0.00,0,0,0,0,0,0,"","",-1,-1,-1,-1,-1,-1,-1,-1,-1,-1,-1,-1,-1,-1,-1,-1,-1,-1,-1,-1,0.96,0.00,0.00,0.00,1.00,50,50,0,0,0,0,50,0,50,1.00,0.00,0.00,0.00,0.00,0.00,0.00,0.00,0.00,0.00,0.00,Estadio Manuel Martínez Valero
1765134000,Dec 07 2025 - 7:00pm,incomplete,N/A,Real Madrid,Celta de Vigo,N/A,15,3.00,0.00,3.00,0.00,0,0,0,0,0,0,"","",-1,-1,-1,-1,-1,-1,-1,-1,-1,-1,-1,-1,-1,-1,-1,-1,-1,-1,-1,-1,1.77,0.00,0.00,0.00,0.50,0,0,0,0,0,0,0,0,50,7.00,1.00,0.00,0.00,0.00,0.00,0.00,0.00,0.00,0.00,0.00,Estadio Santiago Bernabéu
1765134000,Dec 07 2025 - 7:00pm,incomplete,N/A,RCD Espanyol,Rayo Vallecano,N/A,15,3.00,3.00,3.00,3.00,0,0,0,0,0,0,"","",-1,-1,-1,-1,-1,-1,-1,-1,-1,-1,-1,-1,-1,-1,-1,-1,-1,-1,-1,-1,1.28,1.57,0.00,0.00,3.50,100,100,100,50,0,50,100,50,100,5.00,4.00,0.00,0.00,0.00,0.00,0.00,0.00,0.00,0.00,0.00,RCDE Stadium
1765738800,Dec 14 2025 - 7:00pm,incomplete,N/A,Getafe CF,RCD Espanyol,N/A,16,0.00,0.00,0.00,0.00,0,0,0,0,0,0,"","",-1,-1,-1,-1,-1,-1,-1,-1,-1,-1,-1,-1,-1,-1,-1,-1,-1,-1,-1,-1,0.00,0.00,0.00,0.00,0.00,0,0,0,0,0,0,0,0,0,0.00,0.00,0.00,0.00,0.00,0.00,0.00,0.00,0.00,0.00,0.00,Coliseum Alfonso Pérez
1765738800,Dec 14 2025 - 7:00pm,incomplete,N/A,Real Sociedad,Girona FC,N/A,16,0.00,0.00,0.00,0.00,0,0,0,0,0,0,"","",-1,-1,-1,-1,-1,-1,-1,-1,-1,-1,-1,-1,-1,-1,-1,-1,-1,-1,-1,-1,0.00,0.00,0.00,0.00,0.00,0,0,0,0,0,0,0,0,0,0.00,0.00,0.00,0.00,0.00,0.00,0.00,0.00,0.00,0.00,0.00,Estadio Municipal de Anoeta
1765738800,Dec 14 2025 - 7:00pm,incomplete,N/A,Sevilla FC,Real Oviedo,N/A,16,0.00,0.00,0.00,0.00,0,0,0,0,0,0,"","",-1,-1,-1,-1,-1,-1,-1,-1,-1,-1,-1,-1,-1,-1,-1,-1,-1,-1,-1,-1,0.00,0.69,0.00,0.00,1.00,0,50,0,0,0,50,50,0,0,1.00,2.00,0.00,0.00,0.00,0.00,0.00,0.00,0.00,0.00,0.00,Estadio Ramón Sánchez Pizjuán
1765738800,Dec 14 2025 - 7:00pm,incomplete,N/A,FC Barcelona,CA Osasuna,N/A,16,0.00,0.00,0.00,0.00,0,0,0,0,0,0,"","",-1,-1,-1,-1,-1,-1,-1,-1,-1,-1,-1,-1,-1,-1,-1,-1,-1,-1,-1,-1,0.00,0.28,0.00,0.00,0.50,0,0,0,0,0,0,0,0,50,0.00,2.00,0.00,0.00,0.00,0.00,0.00,0.00,0.00,0.00,0.00,N/A
1765738800,Dec 14 2025 - 7:00pm,incomplete,N/A,Atlético Madrid,Valencia CF,N/A,16,0.00,0.00,0.00,0.00,0,0,0,0,0,0,"","",-1,-1,-1,-1,-1,-1,-1,-1,-1,-1,-1,-1,-1,-1,-1,-1,-1,-1,-1,-1,0.00,0.00,0.00,0.00,0.00,0,0,0,0,0,0,0,0,0,0.00,0.00,0.00,0.00,0.00,0.00,0.00,0.00,0.00,0.00,0.00,Estadio Wanda Metropolitano
1765738800,Dec 14 2025 - 7:00pm,incomplete,N/A,Celta de Vigo,Athletic Club Bilbao,N/A,16,0.00,0.00,0.00,0.00,0,0,0,0,0,0,"","",-1,-1,-1,-1,-1,-1,-1,-1,-1,-1,-1,-1,-1,-1,-1,-1,-1,-1,-1,-1,1.42,0.00,0.00,0.00,1.00,0,50,0,0,0,0,0,50,50,9.00,3.00,0.00,0.00,0.00,0.00,0.00,0.00,0.00,0.00,0.00,N/A
1765738800,Dec 14 2025 - 7:00pm,incomplete,N/A,Deportivo Alavés,Real Madrid,N/A,16,3.00,0.00,3.00,0.00,0,0,0,0,0,0,"","",-1,-1,-1,-1,-1,-1,-1,-1,-1,-1,-1,-1,-1,-1,-1,-1,-1,-1,-1,-1,1.71,0.00,0.00,0.00,1.50,50,50,50,0,0,0,50,50,50,10.00,0.00,0.00,0.00,0.00,0.00,0.00,0.00,0.00,0.00,0.00,Estadio de Mendizorroza
1765738800,Dec 14 2025 - 7:00pm,incomplete,N/A,Rayo Vallecano,Real Betis,N/A,16,0.00,1.00,0.00,1.00,0,0,0,0,0,0,"","",-1,-1,-1,-1,-1,-1,-1,-1,-1,-1,-1,-1,-1,-1,-1,-1,-1,-1,-1,-1,0.00,1.25,0.00,0.00,1.00,50,50,0,0,0,0,50,0,50,3.00,1.00,0.00,0.00,0.00,0.00,0.00,0.00,0.00,0.00,0.00,N/A
1765738800,Dec 14 2025 - 7:00pm,incomplete,N/A,Levante UD,Villarreal,N/A,16,0.00,0.00,0.00,0.00,0,0,0,0,0,0,"","",-1,-1,-1,-1,-1,-1,-1,-1,-1,-1,-1,-1,-1,-1,-1,-1,-1,-1,-1,-1,0.00,0.00,0.00,0.00,0.00,0,0,0,0,0,0,0,0,0,0.00,0.00,0.00,0.00,0.00,0.00,0.00,0.00,0.00,0.00,0.00,Estadio Ciudad de Valencia
1765738800,Dec 14 2025 - 7:00pm,incomplete,N/A,RCD Mallorca,Elche CF,N/A,16,0.00,0.00,0.00,0.00,0,0,0,0,0,0,"","",-1,-1,-1,-1,-1,-1,-1,-1,-1,-1,-1,-1,-1,-1,-1,-1,-1,-1,-1,-1,0.50,0.00,0.00,0.00,1.50,0,50,50,0,0,50,50,0,50,3.00,6.00,0.00,0.00,0.00,0.00,0.00,0.00,0.00,0.00,0.00,Estadio Iberoamericano 2010
1766343600,Dec 21 2025 - 7:00pm,incomplete,N/A,Athletic Club Bilbao,RCD Espanyol,N/A,17,3.00,0.00,3.00,0.00,0,0,0,0,0,0,"","",-1,-1,-1,-1,-1,-1,-1,-1,-1,-1,-1,-1,-1,-1,-1,-1,-1,-1,-1,-1,0.95,0.00,0.00,0.00,2.50,50,50,50,50,50,50,50,50,50,10.00,0.00,0.00,0.00,0.00,0.00,0.00,0.00,0.00,0.00,0.00,San Mamés Barria
1766343600,Dec 21 2025 - 7:00pm,incomplete,N/A,Elche CF,Rayo Vallecano,N/A,17,1.00,3.00,1.00,3.00,0,0,0,0,0,0,"","",-1,-1,-1,-1,-1,-1,-1,-1,-1,-1,-1,-1,-1,-1,-1,-1,-1,-1,-1,-1,0.96,1.57,0.00,0.00,3.00,100,100,50,50,0,50,100,0,100,5.00,1.00,0.00,0.00,0.00,0.00,0.00,0.00,0.00,0.00,0.00,Estadio Manuel Martínez Valero
1766343600,Dec 21 2025 - 7:00pm,incomplete,N/A,Levante UD,Real Sociedad,N/A,17,0.00,1.00,0.00,1.00,0,0,0,0,0,0,"","",-1,-1,-1,-1,-1,-1,-1,-1,-1,-1,-1,-1,-1,-1,-1,-1,-1,-1,-1,-1,0.00,1.32,0.00,0.00,1.00,50,50,0,0,0,0,0,50,50,7.00,2.00,0.00,0.00,0.00,0.00,0.00,0.00,0.00,0.00,0.00,Estadio Ciudad de Valencia
1766343600,Dec 21 2025 - 7:00pm,incomplete,N/A,Real Betis,Getafe CF,N/A,17,0.00,3.00,0.00,3.00,0,0,0,0,0,0,"","",-1,-1,-1,-1,-1,-1,-1,-1,-1,-1,-1,-1,-1,-1,-1,-1,-1,-1,-1,-1,0.00,1.06,0.00,0.00,1.00,0,50,0,0,0,0,0,50,50,3.00,2.00,0.00,0.00,0.00,0.00,0.00,0.00,0.00,0.00,0.00,Estadio Benito Villamarín
1766343600,Dec 21 2025 - 7:00pm,incomplete,N/A,Real Oviedo,Celta de Vigo,N/A,17,0.00,0.00,0.00,0.00,0,0,0,0,0,0,"","",-1,-1,-1,-1,-1,-1,-1,-1,-1,-1,-1,-1,-1,-1,-1,-1,-1,-1,-1,-1,0.00,0.00,0.00,0.00,0.00,0,0,0,0,0,0,0,0,0,0.00,0.00,0.00,0.00,0.00,0.00,0.00,0.00,0.00,0.00,0.00,Estadio Nuevo Carlos Tartiere
1766343600,Dec 21 2025 - 7:00pm,incomplete,N/A,Valencia CF,RCD Mallorca,N/A,17,1.00,0.00,1.00,0.00,0,0,0,0,0,0,"","",-1,-1,-1,-1,-1,-1,-1,-1,-1,-1,-1,-1,-1,-1,-1,-1,-1,-1,-1,-1,1.65,0.00,0.00,0.00,1.00,50,50,0,0,0,0,0,50,50,8.00,1.00,0.00,0.00,0.00,0.00,0.00,0.00,0.00,0.00,0.00,Estadio de Mestalla
1766343600,Dec 21 2025 - 7:00pm,incomplete,N/A,Girona FC,Atlético Madrid,N/A,17,0.00,0.00,0.00,0.00,0,0,0,0,0,0,"","",-1,-1,-1,-1,-1,-1,-1,-1,-1,-1,-1,-1,-1,-1,-1,-1,-1,-1,-1,-1,0.86,1.63,0.00,0.00,3.50,100,100,100,50,0,50,100,50,100,5.00,5.00,0.00,0.00,0.00,0.00,0.00,0.00,0.00,0.00,0.00,Estadi Municipal de Montilivi
1766343600,Dec 21 2025 - 7:00pm,incomplete,N/A,Villarreal,FC Barcelona,N/A,17,3.00,3.00,3.00,3.00,0,0,0,0,0,0,"","",-1,-1,-1,-1,-1,-1,-1,-1,-1,-1,-1,-1,-1,-1,-1,-1,-1,-1,-1,-1,2.89,2.67,0.00,0.00,2.50,0,100,50,0,0,100,100,0,50,16.00,2.00,0.00,0.00,0.00,0.00,0.00,0.00,0.00,0.00,0.00,Estadio de la Cerámica
1766343600,Dec 21 2025 - 7:00pm,incomplete,N/A,CA Osasuna,Deportivo Alavés,N/A,17,0.00,0.00,0.00,0.00,0,0,0,0,0,0,"","",-1,-1,-1,-1,-1,-1,-1,-1,-1,-1,-1,-1,-1,-1,-1,-1,-1,-1,-1,-1,0.00,0.00,0.00,0.00,0.00,0,0,0,0,0,0,0,0,0,0.00,0.00,0.00,0.00,0.00,0.00,0.00,0.00,0.00,0.00,0.00,Estadio El Sadar
1766343600,Dec 21 2025 - 7:00pm,incomplete,N/A,Real Madrid,Sevilla FC,N/A,17,3.00,0.00,3.00,0.00,0,0,0,0,0,0,"","",-1,-1,-1,-1,-1,-1,-1,-1,-1,-1,-1,-1,-1,-1,-1,-1,-1,-1,-1,-1,1.77,1.26,0.00,0.00,3.00,50,50,50,50,50,50,50,50,100,8.00,3.00,0.00,0.00,0.00,0.00,0.00,0.00,0.00,0.00,0.00,Estadio Santiago Bernabéu
1767553200,Jan 04 2026 - 7:00pm,incomplete,N/A,Celta de Vigo,Valencia CF,N/A,18,0.00,0.00,0.00,0.00,0,0,0,0,0,0,"","",-1,-1,-1,-1,-1,-1,-1,-1,-1,-1,-1,-1,-1,-1,-1,-1,-1,-1,-1,-1,1.42,0.00,0.00,0.00,1.00,0,50,0,0,0,0,0,50,50,9.00,3.00,0.00,0.00,0.00,0.00,0.00,0.00,0.00,0.00,0.00,N/A
1767553200,Jan 04 2026 - 7:00pm,incomplete,N/A,Deportivo Alavés,Real Oviedo,N/A,18,3.00,0.00,3.00,0.00,0,0,0,0,0,0,"","",-1,-1,-1,-1,-1,-1,-1,-1,-1,-1,-1,-1,-1,-1,-1,-1,-1,-1,-1,-1,1.71,0.69,0.00,0.00,2.50,50,100,50,0,0,50,100,50,50,11.00,2.00,0.00,0.00,0.00,0.00,0.00,0.00,0.00,0.00,0.00,Estadio de Mendizorroza
1767553200,Jan 04 2026 - 7:00pm,incomplete,N/A,Elche CF,Villarreal,N/A,18,1.00,0.00,1.00,0.00,0,0,0,0,0,0,"","",-1,-1,-1,-1,-1,-1,-1,-1,-1,-1,-1,-1,-1,-1,-1,-1,-1,-1,-1,-1,0.96,0.00,0.00,0.00,1.00,50,50,0,0,0,0,50,0,50,1.00,0.00,0.00,0.00,0.00,0.00,0.00,0.00,0.00,0.00,0.00,Estadio Manuel Martínez Valero
1767553200,Jan 04 2026 - 7:00pm,incomplete,N/A,CA Osasuna,Athletic Club Bilbao,N/A,18,0.00,0.00,0.00,0.00,0,0,0,0,0,0,"","",-1,-1,-1,-1,-1,-1,-1,-1,-1,-1,-1,-1,-1,-1,-1,-1,-1,-1,-1,-1,0.00,0.00,0.00,0.00,0.00,0,0,0,0,0,0,0,0,0,0.00,0.00,0.00,0.00,0.00,0.00,0.00,0.00,0.00,0.00,0.00,Estadio El Sadar
1767553200,Jan 04 2026 - 7:00pm,incomplete,N/A,Rayo Vallecano,Getafe CF,N/A,18,0.00,3.00,0.00,3.00,0,0,0,0,0,0,"","",-1,-1,-1,-1,-1,-1,-1,-1,-1,-1,-1,-1,-1,-1,-1,-1,-1,-1,-1,-1,0.00,1.06,0.00,0.00,1.00,0,50,0,0,0,0,0,50,50,3.00,2.00,0.00,0.00,0.00,0.00,0.00,0.00,0.00,0.00,0.00,N/A
1767553200,Jan 04 2026 - 7:00pm,incomplete,N/A,Real Madrid,Real Betis,N/A,18,3.00,1.00,3.00,1.00,0,0,0,0,0,0,"","",-1,-1,-1,-1,-1,-1,-1,-1,-1,-1,-1,-1,-1,-1,-1,-1,-1,-1,-1,-1,1.77,1.25,0.00,0.00,1.50,50,50,0,0,0,0,50,0,100,10.00,2.00,0.00,0.00,0.00,0.00,0.00,0.00,0.00,0.00,0.00,Estadio Santiago Bernabéu
1767553200,Jan 04 2026 - 7:00pm,incomplete,N/A,Real Sociedad,Atlético Madrid,N/A,18,0.00,0.00,0.00,0.00,0,0,0,0,0,0,"","",-1,-1,-1,-1,-1,-1,-1,-1,-1,-1,-1,-1,-1,-1,-1,-1,-1,-1,-1,-1,0.00,1.63,0.00,0.00,1.50,50,50,50,0,0,0,50,50,50,3.00,3.00,0.00,0.00,0.00,0.00,0.00,0.00,0.00,0.00,0.00,Estadio Municipal de Anoeta
1767553200,Jan 04 2026 - 7:00pm,incomplete,N/A,RCD Mallorca,Girona FC,N/A,18,0.00,0.00,0.00,0.00,0,0,0,0,0,0,"","",-1,-1,-1,-1,-1,-1,-1,-1,-1,-1,-1,-1,-1,-1,-1,-1,-1,-1,-1,-1,0.50,0.00,0.00,0.00,1.50,0,50,50,0,0,50,50,0,50,3.00,6.00,0.00,0.00,0.00,0.00,0.00,0.00,0.00,0.00,0.00,Estadio Iberoamericano 2010
1767553200,Jan 04 2026 - 7:00pm,incomplete,N/A,RCD Espanyol,FC Barcelona,N/A,18,3.00,3.00,3.00,3.00,0,0,0,0,0,0,"","",-1,-1,-1,-1,-1,-1,-1,-1,-1,-1,-1,-1,-1,-1,-1,-1,-1,-1,-1,-1,1.28,2.67,0.00,0.00,3.00,50,100,100,0,0,50,100,50,100,7.00,4.00,0.00,0.00,0.00,0.00,0.00,0.00,0.00,0.00,0.00,RCDE Stadium
1767553200,Jan 04 2026 - 7:00pm,incomplete,N/A,Sevilla FC,Levante UD,N/A,18,0.00,0.00,0.00,0.00,0,0,0,0,0,0,"","",-1,-1,-1,-1,-1,-1,-1,-1,-1,-1,-1,-1,-1,-1,-1,-1,-1,-1,-1,-1,0.00,0.85,0.00,0.00,1.50,50,50,50,0,0,0,50,50,50,1.00,1.00,0.00,0.00,0.00,0.00,0.00,0.00,0.00,0.00,0.00,Estadio Ramón Sánchez Pizjuán
1768158000,Jan 11 2026 - 7:00pm,incomplete,N/A,Levante UD,RCD Espanyol,N/A,19,0.00,0.00,0.00,0.00,0,0,0,0,0,0,"","",-1,-1,-1,-1,-1,-1,-1,-1,-1,-1,-1,-1,-1,-1,-1,-1,-1,-1,-1,-1,0.00,0.00,0.00,0.00,0.00,0,0,0,0,0,0,0,0,0,0.00,0.00,0.00,0.00,0.00,0.00,0.00,0.00,0.00,0.00,0.00,Estadio Ciudad de Valencia
1768158000,Jan 11 2026 - 7:00pm,incomplete,N/A,Real Oviedo,Real Betis,N/A,19,0.00,1.00,0.00,1.00,0,0,0,0,0,0,"","",-1,-1,-1,-1,-1,-1,-1,-1,-1,-1,-1,-1,-1,-1,-1,-1,-1,-1,-1,-1,0.00,1.25,0.00,0.00,1.00,50,50,0,0,0,0,50,0,50,3.00,1.00,0.00,0.00,0.00,0.00,0.00,0.00,0.00,0.00,0.00,Estadio Nuevo Carlos Tartiere
1768158000,Jan 11 2026 - 7:00pm,incomplete,N/A,Getafe CF,Real Sociedad,N/A,19,0.00,1.00,0.00,1.00,0,0,0,0,0,0,"","",-1,-1,-1,-1,-1,-1,-1,-1,-1,-1,-1,-1,-1,-1,-1,-1,-1,-1,-1,-1,0.00,1.32,0.00,0.00,1.00,50,50,0,0,0,0,0,50,50,7.00,2.00,0.00,0.00,0.00,0.00,0.00,0.00,0.00,0.00,0.00,Coliseum Alfonso Pérez
1768158000,Jan 11 2026 - 7:00pm,incomplete,N/A,Girona FC,CA Osasuna,N/A,19,0.00,0.00,0.00,0.00,0,0,0,0,0,0,"","",-1,-1,-1,-1,-1,-1,-1,-1,-1,-1,-1,-1,-1,-1,-1,-1,-1,-1,-1,-1,0.86,0.28,0.00,0.00,2.50,50,50,50,50,0,50,50,0,100,2.00,4.00,0.00,0.00,0.00,0.00,0.00,0.00,0.00,0.00,0.00,Estadi Municipal de Montilivi
1768158000,Jan 11 2026 - 7:00pm,incomplete,N/A,Rayo Vallecano,RCD Mallorca,N/A,19,0.00,0.00,0.00,0.00,0,0,0,0,0,0,"","",-1,-1,-1,-1,-1,-1,-1,-1,-1,-1,-1,-1,-1,-1,-1,-1,-1,-1,-1,-1,0.00,0.00,0.00,0.00,0.00,0,0,0,0,0,0,0,0,0,0.00,0.00,0.00,0.00,0.00,0.00,0.00,0.00,0.00,0.00,0.00,N/A
1768158000,Jan 11 2026 - 7:00pm,incomplete,N/A,Valencia CF,Elche CF,N/A,19,1.00,0.00,1.00,0.00,0,0,0,0,0,0,"","",-1,-1,-1,-1,-1,-1,-1,-1,-1,-1,-1,-1,-1,-1,-1,-1,-1,-1,-1,-1,1.65,0.00,0.00,0.00,1.00,50,50,0,0,0,0,0,50,50,8.00,1.00,0.00,0.00,0.00,0.00,0.00,0.00,0.00,0.00,0.00,Estadio de Mestalla
1768158000,Jan 11 2026 - 7:00pm,incomplete,N/A,Sevilla FC,Celta de Vigo,N/A,19,0.00,0.00,0.00,0.00,0,0,0,0,0,0,"","",-1,-1,-1,-1,-1,-1,-1,-1,-1,-1,-1,-1,-1,-1,-1,-1,-1,-1,-1,-1,0.00,0.00,0.00,0.00,0.00,0,0,0,0,0,0,0,0,0,0.00,0.00,0.00,0.00,0.00,0.00,0.00,0.00,0.00,0.00,0.00,Estadio Ramón Sánchez Pizjuán
1768158000,Jan 11 2026 - 7:00pm,incomplete,N/A,Villarreal,Deportivo Alavés,N/A,19,3.00,0.00,3.00,0.00,0,0,0,0,0,0,"","",-1,-1,-1,-1,-1,-1,-1,-1,-1,-1,-1,-1,-1,-1,-1,-1,-1,-1,-1,-1,2.89,0.00,0.00,0.00,1.00,0,50,0,0,0,50,50,0,0,10.00,1.00,0.00,0.00,0.00,0.00,0.00,0.00,0.00,0.00,0.00,Estadio de la Cerámica
1768158000,Jan 11 2026 - 7:00pm,incomplete,N/A,Athletic Club Bilbao,Real Madrid,N/A,19,3.00,0.00,3.00,0.00,0,0,0,0,0,0,"","",-1,-1,-1,-1,-1,-1,-1,-1,-1,-1,-1,-1,-1,-1,-1,-1,-1,-1,-1,-1,0.95,0.00,0.00,0.00,2.50,50,50,50,50,50,50,50,50,50,10.00,0.00,0.00,0.00,0.00,0.00,0.00,0.00,0.00,0.00,0.00,San Mamés Barria
1768158000,Jan 11 2026 - 7:00pm,incomplete,N/A,FC Barcelona,Atlético Madrid,N/A,19,0.00,0.00,0.00,0.00,0,0,0,0,0,0,"","",-1,-1,-1,-1,-1,-1,-1,-1,-1,-1,-1,-1,-1,-1,-1,-1,-1,-1,-1,-1,0.00,1.63,0.00,0.00,1.50,50,50,50,0,0,0,50,50,50,3.00,3.00,0.00,0.00,0.00,0.00,0.00,0.00,0.00,0.00,0.00,N/A
1768762800,Jan 18 2026 - 7:00pm,incomplete,N/A,Atlético Madrid,Deportivo Alavés,N/A,20,0.00,0.00,0.00,0.00,0,0,0,0,0,0,"","",-1,-1,-1,-1,-1,-1,-1,-1,-1,-1,-1,-1,-1,-1,-1,-1,-1,-1,-1,-1,0.00,0.00,0.00,0.00,0.00,0,0,0,0,0,0,0,0,0,0.00,0.00,0.00,0.00,0.00,0.00,0.00,0.00,0.00,0.00,0.00,Estadio Wanda Metropolitano
1768762800,Jan 18 2026 - 7:00pm,incomplete,N/A,Celta de Vigo,Rayo Vallecano,N/A,20,0.00,3.00,0.00,3.00,0,0,0,0,0,0,"","",-1,-1,-1,-1,-1,-1,-1,-1,-1,-1,-1,-1,-1,-1,-1,-1,-1,-1,-1,-1,1.42,1.57,0.00,0.00,3.00,50,100,50,50,0,50,50,50,100,13.00,4.00,0.00,0.00,0.00,0.00,0.00,0.00,0.00,0.00,0.00,N/A
1768762800,Jan 18 2026 - 7:00pm,incomplete,N/A,RCD Espanyol,Girona FC,N/A,20,3.00,0.00,3.00,0.00,0,0,0,0,0,0,"","",-1,-1,-1,-1,-1,-1,-1,-1,-1,-1,-1,-1,-1,-1,-1,-1,-1,-1,-1,-1,1.28,0.00,0.00,0.00,1.50,50,50,50,0,0,0,50,50,50,1.00,3.00,0.00,0.00,0.00,0.00,0.00,0.00,0.00,0.00,0.00,RCDE Stadium
1768762800,Jan 18 2026 - 7:00pm,incomplete,N/A,Getafe CF,Valencia CF,N/A,20,0.00,0.00,0.00,0.00,0,0,0,0,0,0,"","",-1,-1,-1,-1,-1,-1,-1,-1,-1,-1,-1,-1,-1,-1,-1,-1,-1,-1,-1,-1,0.00,0.00,0.00,0.00,0.00,0,0,0,0,0,0,0,0,0,0.00,0.00,0.00,0.00,0.00,0.00,0.00,0.00,0.00,0.00,0.00,Coliseum Alfonso Pérez
1768762800,Jan 18 2026 - 7:00pm,incomplete,N/A,RCD Mallorca,Athletic Club Bilbao,N/A,20,0.00,0.00,0.00,0.00,0,0,0,0,0,0,"","",-1,-1,-1,-1,-1,-1,-1,-1,-1,-1,-1,-1,-1,-1,-1,-1,-1,-1,-1,-1,0.50,0.00,0.00,0.00,1.50,0,50,50,0,0,50,50,0,50,3.00,6.00,0.00,0.00,0.00,0.00,0.00,0.00,0.00,0.00,0.00,Estadio Iberoamericano 2010
1768762800,Jan 18 2026 - 7:00pm,incomplete,N/A,Real Madrid,Levante UD,N/A,20,3.00,0.00,3.00,0.00,0,0,0,0,0,0,"","",-1,-1,-1,-1,-1,-1,-1,-1,-1,-1,-1,-1,-1,-1,-1,-1,-1,-1,-1,-1,1.77,0.85,0.00,0.00,2.00,50,50,50,0,0,0,50,50,100,8.00,2.00,0.00,0.00,0.00,0.00,0.00,0.00,0.00,0.00,0.00,Estadio Santiago Bernabéu
1768762800,Jan 18 2026 - 7:00pm,incomplete,N/A,Real Sociedad,FC Barcelona,N/A,20,0.00,3.00,0.00,3.00,0,0,0,0,0,0,"","",-1,-1,-1,-1,-1,-1,-1,-1,-1,-1,-1,-1,-1,-1,-1,-1,-1,-1,-1,-1,0.00,2.67,0.00,0.00,1.50,0,50,50,0,0,50,50,0,50,6.00,1.00,0.00,0.00,0.00,0.00,0.00,0.00,0.00,0.00,0.00,Estadio Municipal de Anoeta
1768762800,Jan 18 2026 - 7:00pm,incomplete,N/A,Elche CF,Sevilla FC,N/A,20,1.00,0.00,1.00,0.00,0,0,0,0,0,0,"","",-1,-1,-1,-1,-1,-1,-1,-1,-1,-1,-1,-1,-1,-1,-1,-1,-1,-1,-1,-1,0.96,1.26,0.00,0.00,3.50,100,100,50,50,50,50,100,50,100,2.00,2.00,0.00,0.00,0.00,0.00,0.00,0.00,0.00,0.00,0.00,Estadio Manuel Martínez Valero
1768762800,Jan 18 2026 - 7:00pm,incomplete,N/A,CA Osasuna,Real Oviedo,N/A,20,0.00,0.00,0.00,0.00,0,0,0,0,0,0,"","",-1,-1,-1,-1,-1,-1,-1,-1,-1,-1,-1,-1,-1,-1,-1,-1,-1,-1,-1,-1,0.00,0.69,0.00,0.00,1.00,0,50,0,0,0,50,50,0,0,1.00,2.00,0.00,0.00,0.00,0.00,0.00,0.00,0.00,0.00,0.00,Estadio El Sadar
1768762800,Jan 18 2026 - 7:00pm,incomplete,N/A,Real Betis,Villarreal,N/A,20,0.00,0.00,0.00,0.00,0,0,0,0,0,0,"","",-1,-1,-1,-1,-1,-1,-1,-1,-1,-1,-1,-1,-1,-1,-1,-1,-1,-1,-1,-1,0.00,0.00,0.00,0.00,0.00,0,0,0,0,0,0,0,0,0,0.00,0.00,0.00,0.00,0.00,0.00,0.00,0.00,0.00,0.00,0.00,Estadio Benito Villamarín
1769367600,Jan 25 2026 - 7:00pm,incomplete,N/A,Rayo Vallecano,CA Osasuna,N/A,21,0.00,0.00,0.00,0.00,0,0,0,0,0,0,"","",-1,-1,-1,-1,-1,-1,-1,-1,-1,-1,-1,-1,-1,-1,-1,-1,-1,-1,-1,-1,0.00,0.28,0.00,0.00,0.50,0,0,0,0,0,0,0,0,50,0.00,2.00,0.00,0.00,0.00,0.00,0.00,0.00,0.00,0.00,0.00,N/A
1769367600,Jan 25 2026 - 7:00pm,incomplete,N/A,Sevilla FC,Athletic Club Bilbao,N/A,21,0.00,0.00,0.00,0.00,0,0,0,0,0,0,"","",-1,-1,-1,-1,-1,-1,-1,-1,-1,-1,-1,-1,-1,-1,-1,-1,-1,-1,-1,-1,0.00,0.00,0.00,0.00,0.00,0,0,0,0,0,0,0,0,0,0.00,0.00,0.00,0.00,0.00,0.00,0.00,0.00,0.00,0.00,0.00,Estadio Ramón Sánchez Pizjuán
1769367600,Jan 25 2026 - 7:00pm,incomplete,N/A,Deportivo Alavés,Real Betis,N/A,21,3.00,1.00,3.00,1.00,0,0,0,0,0,0,"","",-1,-1,-1,-1,-1,-1,-1,-1,-1,-1,-1,-1,-1,-1,-1,-1,-1,-1,-1,-1,1.71,1.25,0.00,0.00,2.50,100,100,50,0,0,0,100,50,100,13.00,1.00,0.00,0.00,0.00,0.00,0.00,0.00,0.00,0.00,0.00,Estadio de Mendizorroza
1769367600,Jan 25 2026 - 7:00pm,incomplete,N/A,Real Sociedad,Celta de Vigo,N/A,21,0.00,0.00,0.00,0.00,0,0,0,0,0,0,"","",-1,-1,-1,-1,-1,-1,-1,-1,-1,-1,-1,-1,-1,-1,-1,-1,-1,-1,-1,-1,0.00,0.00,0.00,0.00,0.00,0,0,0,0,0,0,0,0,0,0.00,0.00,0.00,0.00,0.00,0.00,0.00,0.00,0.00,0.00,0.00,Estadio Municipal de Anoeta
1769367600,Jan 25 2026 - 7:00pm,incomplete,N/A,Girona FC,Getafe CF,N/A,21,0.00,3.00,0.00,3.00,0,0,0,0,0,0,"","",-1,-1,-1,-1,-1,-1,-1,-1,-1,-1,-1,-1,-1,-1,-1,-1,-1,-1,-1,-1,0.86,1.06,0.00,0.00,3.00,50,100,50,50,0,50,50,50,100,5.00,4.00,0.00,0.00,0.00,0.00,0.00,0.00,0.00,0.00,0.00,Estadi Municipal de Montilivi
1769367600,Jan 25 2026 - 7:00pm,incomplete,N/A,Villarreal,Real Madrid,N/A,21,3.00,0.00,3.00,0.00,0,0,0,0,0,0,"","",-1,-1,-1,-1,-1,-1,-1,-1,-1,-1,-1,-1,-1,-1,-1,-1,-1,-1,-1,-1,2.89,0.00,0.00,0.00,1.00,0,50,0,0,0,50,50,0,0,10.00,1.00,0.00,0.00,0.00,0.00,0.00,0.00,0.00,0.00,0.00,Estadio de la Cerámica
1769367600,Jan 25 2026 - 7:00pm,incomplete,N/A,FC Barcelona,Real Oviedo,N/A,21,0.00,0.00,0.00,0.00,0,0,0,0,0,0,"","",-1,-1,-1,-1,-1,-1,-1,-1,-1,-1,-1,-1,-1,-1,-1,-1,-1,-1,-1,-1,0.00,0.69,0.00,0.00,1.00,0,50,0,0,0,50,50,0,0,1.00,2.00,0.00,0.00,0.00,0.00,0.00,0.00,0.00,0.00,0.00,N/A
1769367600,Jan 25 2026 - 7:00pm,incomplete,N/A,Levante UD,Elche CF,N/A,21,0.00,0.00,0.00,0.00,0,0,0,0,0,0,"","",-1,-1,-1,-1,-1,-1,-1,-1,-1,-1,-1,-1,-1,-1,-1,-1,-1,-1,-1,-1,0.00,0.00,0.00,0.00,0.00,0,0,0,0,0,0,0,0,0,0.00,0.00,0.00,0.00,0.00,0.00,0.00,0.00,0.00,0.00,0.00,Estadio Ciudad de Valencia
1769367600,Jan 25 2026 - 7:00pm,incomplete,N/A,Atlético Madrid,RCD Mallorca,N/A,21,0.00,0.00,0.00,0.00,0,0,0,0,0,0,"","",-1,-1,-1,-1,-1,-1,-1,-1,-1,-1,-1,-1,-1,-1,-1,-1,-1,-1,-1,-1,0.00,0.00,0.00,0.00,0.00,0,0,0,0,0,0,0,0,0,0.00,0.00,0.00,0.00,0.00,0.00,0.00,0.00,0.00,0.00,0.00,Estadio Wanda Metropolitano
1769367600,Jan 25 2026 - 7:00pm,incomplete,N/A,Valencia CF,RCD Espanyol,N/A,21,1.00,0.00,1.00,0.00,0,0,0,0,0,0,"","",-1,-1,-1,-1,-1,-1,-1,-1,-1,-1,-1,-1,-1,-1,-1,-1,-1,-1,-1,-1,1.65,0.00,0.00,0.00,1.00,50,50,0,0,0,0,0,50,50,8.00,1.00,0.00,0.00,0.00,0.00,0.00,0.00,0.00,0.00,0.00,Estadio de Mestalla
1769972400,Feb 01 2026 - 7:00pm,incomplete,N/A,Elche CF,FC Barcelona,N/A,22,1.00,3.00,1.00,3.00,0,0,0,0,0,0,"","",-1,-1,-1,-1,-1,-1,-1,-1,-1,-1,-1,-1,-1,-1,-1,-1,-1,-1,-1,-1,0.96,2.67,0.00,0.00,2.50,50,100,50,0,0,50,100,0,100,7.00,1.00,0.00,0.00,0.00,0.00,0.00,0.00,0.00,0.00,0.00,Estadio Manuel Martínez Valero
1769972400,Feb 01 2026 - 7:00pm,incomplete,N/A,Levante UD,Atlético Madrid,N/A,22,0.00,0.00,0.00,0.00,0,0,0,0,0,0,"","",-1,-1,-1,-1,-1,-1,-1,-1,-1,-1,-1,-1,-1,-1,-1,-1,-1,-1,-1,-1,0.00,1.63,0.00,0.00,1.50,50,50,50,0,0,0,50,50,50,3.00,3.00,0.00,0.00,0.00,0.00,0.00,0.00,0.00,0.00,0.00,Estadio Ciudad de Valencia
1769972400,Feb 01 2026 - 7:00pm,incomplete,N/A,Athletic Club Bilbao,Real Sociedad,N/A,22,3.00,1.00,3.00,1.00,0,0,0,0,0,0,"","",-1,-1,-1,-1,-1,-1,-1,-1,-1,-1,-1,-1,-1,-1,-1,-1,-1,-1,-1,-1,0.95,1.32,0.00,0.00,3.50,100,100,50,50,50,50,50,100,100,17.00,2.00,0.00,0.00,0.00,0.00,0.00,0.00,0.00,0.00,0.00,San Mamés Barria
1769972400,Feb 01 2026 - 7:00pm,incomplete,N/A,Real Betis,Valencia CF,N/A,22,0.00,0.00,0.00,0.00,0,0,0,0,0,0,"","",-1,-1,-1,-1,-1,-1,-1,-1,-1,-1,-1,-1,-1,-1,-1,-1,-1,-1,-1,-1,0.00,0.00,0.00,0.00,0.00,0,0,0,0,0,0,0,0,0,0.00,0.00,0.00,0.00,0.00,0.00,0.00,0.00,0.00,0.00,0.00,Estadio Benito Villamarín
1769972400,Feb 01 2026 - 7:00pm,incomplete,N/A,Real Oviedo,Girona FC,N/A,22,0.00,0.00,0.00,0.00,0,0,0,0,0,0,"","",-1,-1,-1,-1,-1,-1,-1,-1,-1,-1,-1,-1,-1,-1,-1,-1,-1,-1,-1,-1,0.00,0.00,0.00,0.00,0.00,0,0,0,0,0,0,0,0,0,0.00,0.00,0.00,0.00,0.00,0.00,0.00,0.00,0.00,0.00,0.00,Estadio Nuevo Carlos Tartiere
1769972400,Feb 01 2026 - 7:00pm,incomplete,N/A,RCD Espanyol,Deportivo Alavés,N/A,22,3.00,0.00,3.00,0.00,0,0,0,0,0,0,"","",-1,-1,-1,-1,-1,-1,-1,-1,-1,-1,-1,-1,-1,-1,-1,-1,-1,-1,-1,-1,1.28,0.00,0.00,0.00,1.50,50,50,50,0,0,0,50,50,50,1.00,3.00,0.00,0.00,0.00,0.00,0.00,0.00,0.00,0.00,0.00,RCDE Stadium
1769972400,Feb 01 2026 - 7:00pm,incomplete,N/A,RCD Mallorca,Sevilla FC,N/A,22,0.00,0.00,0.00,0.00,0,0,0,0,0,0,"","",-1,-1,-1,-1,-1,-1,-1,-1,-1,-1,-1,-1,-1,-1,-1,-1,-1,-1,-1,-1,0.50,1.26,0.00,0.00,4.00,50,100,100,50,50,100,100,50,100,4.00,8.00,0.00,0.00,0.00,0.00,0.00,0.00,0.00,0.00,0.00,Estadio Iberoamericano 2010
1769972400,Feb 01 2026 - 7:00pm,incomplete,N/A,Getafe CF,Celta de Vigo,N/A,22,0.00,0.00,0.00,0.00,0,0,0,0,0,0,"","",-1,-1,-1,-1,-1,-1,-1,-1,-1,-1,-1,-1,-1,-1,-1,-1,-1,-1,-1,-1,0.00,0.00,0.00,0.00,0.00,0,0,0,0,0,0,0,0,0,0.00,0.00,0.00,0.00,0.00,0.00,0.00,0.00,0.00,0.00,0.00,Coliseum Alfonso Pérez
1769972400,Feb 01 2026 - 7:00pm,incomplete,N/A,CA Osasuna,Villarreal,N/A,22,0.00,0.00,0.00,0.00,0,0,0,0,0,0,"","",-1,-1,-1,-1,-1,-1,-1,-1,-1,-1,-1,-1,-1,-1,-1,-1,-1,-1,-1,-1,0.00,0.00,0.00,0.00,0.00,0,0,0,0,0,0,0,0,0,0.00,0.00,0.00,0.00,0.00,0.00,0.00,0.00,0.00,0.00,0.00,Estadio El Sadar
1769972400,Feb 01 2026 - 7:00pm,incomplete,N/A,Real Madrid,Rayo Vallecano,N/A,22,3.00,3.00,3.00,3.00,0,0,0,0,0,0,"","",-1,-1,-1,-1,-1,-1,-1,-1,-1,-1,-1,-1,-1,-1,-1,-1,-1,-1,-1,-1,1.77,1.57,0.00,0.00,2.50,50,50,50,50,0,50,50,0,100,11.00,2.00,0.00,0.00,0.00,0.00,0.00,0.00,0.00,0.00,0.00,Estadio Santiago Bernabéu
1770577200,Feb 08 2026 - 7:00pm,incomplete,N/A,Athletic Club Bilbao,Levante UD,N/A,23,3.00,0.00,3.00,0.00,0,0,0,0,0,0,"","",-1,-1,-1,-1,-1,-1,-1,-1,-1,-1,-1,-1,-1,-1,-1,-1,-1,-1,-1,-1,0.95,0.85,0.00,0.00,4.00,100,100,100,50,50,50,100,100,100,11.00,1.00,0.00,0.00,0.00,0.00,0.00,0.00,0.00,0.00,0.00,San Mamés Barria
1770577200,Feb 08 2026 - 7:00pm,incomplete,N/A,Deportivo Alavés,Getafe CF,N/A,23,3.00,3.00,3.00,3.00,0,0,0,0,0,0,"","",-1,-1,-1,-1,-1,-1,-1,-1,-1,-1,-1,-1,-1,-1,-1,-1,-1,-1,-1,-1,1.71,1.06,0.00,0.00,2.50,50,100,50,0,0,0,50,100,100,13.00,2.00,0.00,0.00,0.00,0.00,0.00,0.00,0.00,0.00,0.00,Estadio de Mendizorroza
1770577200,Feb 08 2026 - 7:00pm,incomplete,N/A,Real Sociedad,Elche CF,N/A,23,0.00,0.00,0.00,0.00,0,0,0,0,0,0,"","",-1,-1,-1,-1,-1,-1,-1,-1,-1,-1,-1,-1,-1,-1,-1,-1,-1,-1,-1,-1,0.00,0.00,0.00,0.00,0.00,0,0,0,0,0,0,0,0,0,0.00,0.00,0.00,0.00,0.00,0.00,0.00,0.00,0.00,0.00,0.00,Estadio Municipal de Anoeta
1770577200,Feb 08 2026 - 7:00pm,incomplete,N/A,Sevilla FC,Girona FC,N/A,23,0.00,0.00,0.00,0.00,0,0,0,0,0,0,"","",-1,-1,-1,-1,-1,-1,-1,-1,-1,-1,-1,-1,-1,-1,-1,-1,-1,-1,-1,-1,0.00,0.00,0.00,0.00,0.00,0,0,0,0,0,0,0,0,0,0.00,0.00,0.00,0.00,0.00,0.00,0.00,0.00,0.00,0.00,0.00,Estadio Ramón Sánchez Pizjuán
1770577200,Feb 08 2026 - 7:00pm,incomplete,N/A,FC Barcelona,RCD Mallorca,N/A,23,0.00,0.00,0.00,0.00,0,0,0,0,0,0,"","",-1,-1,-1,-1,-1,-1,-1,-1,-1,-1,-1,-1,-1,-1,-1,-1,-1,-1,-1,-1,0.00,0.00,0.00,0.00,0.00,0,0,0,0,0,0,0,0,0,0.00,0.00,0.00,0.00,0.00,0.00,0.00,0.00,0.00,0.00,0.00,N/A
1770577200,Feb 08 2026 - 7:00pm,incomplete,N/A,Rayo Vallecano,Real Oviedo,N/A,23,0.00,0.00,0.00,0.00,0,0,0,0,0,0,"","",-1,-1,-1,-1,-1,-1,-1,-1,-1,-1,-1,-1,-1,-1,-1,-1,-1,-1,-1,-1,0.00,0.69,0.00,0.00,1.00,0,50,0,0,0,50,50,0,0,1.00,2.00,0.00,0.00,0.00,0.00,0.00,0.00,0.00,0.00,0.00,N/A
1770577200,Feb 08 2026 - 7:00pm,incomplete,N/A,Celta de Vigo,CA Osasuna,N/A,23,0.00,0.00,0.00,0.00,0,0,0,0,0,0,"","",-1,-1,-1,-1,-1,-1,-1,-1,-1,-1,-1,-1,-1,-1,-1,-1,-1,-1,-1,-1,1.42,0.28,0.00,0.00,1.50,0,50,0,0,0,0,0,50,100,9.00,5.00,0.00,0.00,0.00,0.00,0.00,0.00,0.00,0.00,0.00,N/A
1770577200,Feb 08 2026 - 7:00pm,incomplete,N/A,Villarreal,RCD Espanyol,N/A,23,3.00,0.00,3.00,0.00,0,0,0,0,0,0,"","",-1,-1,-1,-1,-1,-1,-1,-1,-1,-1,-1,-1,-1,-1,-1,-1,-1,-1,-1,-1,2.89,0.00,0.00,0.00,1.00,0,50,0,0,0,50,50,0,0,10.00,1.00,0.00,0.00,0.00,0.00,0.00,0.00,0.00,0.00,0.00,Estadio de la Cerámica
1770577200,Feb 08 2026 - 7:00pm,incomplete,N/A,Atlético Madrid,Real Betis,N/A,23,0.00,1.00,0.00,1.00,0,0,0,0,0,0,"","",-1,-1,-1,-1,-1,-1,-1,-1,-1,-1,-1,-1,-1,-1,-1,-1,-1,-1,-1,-1,0.00,1.25,0.00,0.00,1.00,50,50,0,0,0,0,50,0,50,3.00,1.00,0.00,0.00,0.00,0.00,0.00,0.00,0.00,0.00,0.00,Estadio Wanda Metropolitano
1770577200,Feb 08 2026 - 7:00pm,incomplete,N/A,Valencia CF,Real Madrid,N/A,23,1.00,0.00,1.00,0.00,0,0,0,0,0,0,"","",-1,-1,-1,-1,-1,-1,-1,-1,-1,-1,-1,-1,-1,-1,-1,-1,-1,-1,-1,-1,1.65,0.00,0.00,0.00,1.00,50,50,0,0,0,0,0,50,50,8.00,1.00,0.00,0.00,0.00,0.00,0.00,0.00,0.00,0.00,0.00,Estadio de Mestalla
1771182000,Feb 15 2026 - 7:00pm,incomplete,N/A,Elche CF,CA Osasuna,N/A,24,1.00,0.00,1.00,0.00,0,0,0,0,0,0,"","",-1,-1,-1,-1,-1,-1,-1,-1,-1,-1,-1,-1,-1,-1,-1,-1,-1,-1,-1,-1,0.96,0.28,0.00,0.00,1.50,50,50,0,0,0,0,50,0,100,1.00,2.00,0.00,0.00,0.00,0.00,0.00,0.00,0.00,0.00,0.00,Estadio Manuel Martínez Valero
1771182000,Feb 15 2026 - 7:00pm,incomplete,N/A,Getafe CF,Villarreal,N/A,24,0.00,0.00,0.00,0.00,0,0,0,0,0,0,"","",-1,-1,-1,-1,-1,-1,-1,-1,-1,-1,-1,-1,-1,-1,-1,-1,-1,-1,-1,-1,0.00,0.00,0.00,0.00,0.00,0,0,0,0,0,0,0,0,0,0.00,0.00,0.00,0.00,0.00,0.00,0.00,0.00,0.00,0.00,0.00,Coliseum Alfonso Pérez
1771182000,Feb 15 2026 - 7:00pm,incomplete,N/A,RCD Espanyol,Celta de Vigo,N/A,24,3.00,0.00,3.00,0.00,0,0,0,0,0,0,"","",-1,-1,-1,-1,-1,-1,-1,-1,-1,-1,-1,-1,-1,-1,-1,-1,-1,-1,-1,-1,1.28,0.00,0.00,0.00,1.50,50,50,50,0,0,0,50,50,50,1.00,3.00,0.00,0.00,0.00,0.00,0.00,0.00,0.00,0.00,0.00,RCDE Stadium
1771182000,Feb 15 2026 - 7:00pm,incomplete,N/A,Sevilla FC,Deportivo Alavés,N/A,24,0.00,0.00,0.00,0.00,0,0,0,0,0,0,"","",-1,-1,-1,-1,-1,-1,-1,-1,-1,-1,-1,-1,-1,-1,-1,-1,-1,-1,-1,-1,0.00,0.00,0.00,0.00,0.00,0,0,0,0,0,0,0,0,0,0.00,0.00,0.00,0.00,0.00,0.00,0.00,0.00,0.00,0.00,0.00,Estadio Ramón Sánchez Pizjuán
1771182000,Feb 15 2026 - 7:00pm,incomplete,N/A,Levante UD,Valencia CF,N/A,24,0.00,0.00,0.00,0.00,0,0,0,0,0,0,"","",-1,-1,-1,-1,-1,-1,-1,-1,-1,-1,-1,-1,-1,-1,-1,-1,-1,-1,-1,-1,0.00,0.00,0.00,0.00,0.00,0,0,0,0,0,0,0,0,0,0.00,0.00,0.00,0.00,0.00,0.00,0.00,0.00,0.00,0.00,0.00,Estadio Ciudad de Valencia
1771182000,Feb 15 2026 - 7:00pm,incomplete,N/A,RCD Mallorca,Real Betis,N/A,24,0.00,1.00,0.00,1.00,0,0,0,0,0,0,"","",-1,-1,-1,-1,-1,-1,-1,-1,-1,-1,-1,-1,-1,-1,-1,-1,-1,-1,-1,-1,0.50,1.25,0.00,0.00,2.50,50,100,50,0,0,50,100,0,100,6.00,7.00,0.00,0.00,0.00,0.00,0.00,0.00,0.00,0.00,0.00,Estadio Iberoamericano 2010
1771182000,Feb 15 2026 - 7:00pm,incomplete,N/A,Rayo Vallecano,Atlético Madrid,N/A,24,0.00,0.00,0.00,0.00,0,0,0,0,0,0,"","",-1,-1,-1,-1,-1,-1,-1,-1,-1,-1,-1,-1,-1,-1,-1,-1,-1,-1,-1,-1,0.00,1.63,0.00,0.00,1.50,50,50,50,0,0,0,50,50,50,3.00,3.00,0.00,0.00,0.00,0.00,0.00,0.00,0.00,0.00,0.00,N/A
1771182000,Feb 15 2026 - 7:00pm,incomplete,N/A,Real Madrid,Real Sociedad,N/A,24,3.00,1.00,3.00,1.00,0,0,0,0,0,0,"","",-1,-1,-1,-1,-1,-1,-1,-1,-1,-1,-1,-1,-1,-1,-1,-1,-1,-1,-1,-1,1.77,1.32,0.00,0.00,1.50,50,50,0,0,0,0,0,50,100,14.00,3.00,0.00,0.00,0.00,0.00,0.00,0.00,0.00,0.00,0.00,Estadio Santiago Bernabéu
1771182000,Feb 15 2026 - 7:00pm,incomplete,N/A,Girona FC,FC Barcelona,N/A,24,0.00,3.00,0.00,3.00,0,0,0,0,0,0,"","",-1,-1,-1,-1,-1,-1,-1,-1,-1,-1,-1,-1,-1,-1,-1,-1,-1,-1,-1,-1,0.86,2.67,0.00,0.00,3.50,50,100,100,50,0,100,100,0,100,8.00,3.00,0.00,0.00,0.00,0.00,0.00,0.00,0.00,0.00,0.00,Estadi Municipal de Montilivi
1771182000,Feb 15 2026 - 7:00pm,incomplete,N/A,Real Oviedo,Athletic Club Bilbao,N/A,24,0.00,0.00,0.00,0.00,0,0,0,0,0,0,"","",-1,-1,-1,-1,-1,-1,-1,-1,-1,-1,-1,-1,-1,-1,-1,-1,-1,-1,-1,-1,0.00,0.00,0.00,0.00,0.00,0,0,0,0,0,0,0,0,0,0.00,0.00,0.00,0.00,0.00,0.00,0.00,0.00,0.00,0.00,0.00,Estadio Nuevo Carlos Tartiere
1771786800,Feb 22 2026 - 7:00pm,incomplete,N/A,FC Barcelona,Levante UD,N/A,25,0.00,0.00,0.00,0.00,0,0,0,0,0,0,"","",-1,-1,-1,-1,-1,-1,-1,-1,-1,-1,-1,-1,-1,-1,-1,-1,-1,-1,-1,-1,0.00,0.85,0.00,0.00,1.50,50,50,50,0,0,0,50,50,50,1.00,1.00,0.00,0.00,0.00,0.00,0.00,0.00,0.00,0.00,0.00,N/A
1771786800,Feb 22 2026 - 7:00pm,incomplete,N/A,Athletic Club Bilbao,Elche CF,N/A,25,3.00,0.00,3.00,0.00,0,0,0,0,0,0,"","",-1,-1,-1,-1,-1,-1,-1,-1,-1,-1,-1,-1,-1,-1,-1,-1,-1,-1,-1,-1,0.95,0.00,0.00,0.00,2.50,50,50,50,50,50,50,50,50,50,10.00,0.00,0.00,0.00,0.00,0.00,0.00,0.00,0.00,0.00,0.00,San Mamés Barria
1771786800,Feb 22 2026 - 7:00pm,incomplete,N/A,Celta de Vigo,RCD Mallorca,N/A,25,0.00,0.00,0.00,0.00,0,0,0,0,0,0,"","",-1,-1,-1,-1,-1,-1,-1,-1,-1,-1,-1,-1,-1,-1,-1,-1,-1,-1,-1,-1,1.42,0.00,0.00,0.00,1.00,0,50,0,0,0,0,0,50,50,9.00,3.00,0.00,0.00,0.00,0.00,0.00,0.00,0.00,0.00,0.00,N/A
1771786800,Feb 22 2026 - 7:00pm,incomplete,N/A,Atlético Madrid,RCD Espanyol,N/A,25,0.00,0.00,0.00,0.00,0,0,0,0,0,0,"","",-1,-1,-1,-1,-1,-1,-1,-1,-1,-1,-1,-1,-1,-1,-1,-1,-1,-1,-1,-1,0.00,0.00,0.00,0.00,0.00,0,0,0,0,0,0,0,0,0,0.00,0.00,0.00,0.00,0.00,0.00,0.00,0.00,0.00,0.00,0.00,Estadio Wanda Metropolitano
1771786800,Feb 22 2026 - 7:00pm,incomplete,N/A,Getafe CF,Sevilla FC,N/A,25,0.00,0.00,0.00,0.00,0,0,0,0,0,0,"","",-1,-1,-1,-1,-1,-1,-1,-1,-1,-1,-1,-1,-1,-1,-1,-1,-1,-1,-1,-1,0.00,1.26,0.00,0.00,2.50,50,50,50,50,50,50,50,50,50,1.00,2.00,0.00,0.00,0.00,0.00,0.00,0.00,0.00,0.00,0.00,Coliseum Alfonso Pérez
1771786800,Feb 22 2026 - 7:00pm,incomplete,N/A,CA Osasuna,Real Madrid,N/A,25,0.00,0.00,0.00,0.00,0,0,0,0,0,0,"","",-1,-1,-1,-1,-1,-1,-1,-1,-1,-1,-1,-1,-1,-1,-1,-1,-1,-1,-1,-1,0.00,0.00,0.00,0.00,0.00,0,0,0,0,0,0,0,0,0,0.00,0.00,0.00,0.00,0.00,0.00,0.00,0.00,0.00,0.00,0.00,Estadio El Sadar
1771786800,Feb 22 2026 - 7:00pm,incomplete,N/A,Real Betis,Rayo Vallecano,N/A,25,0.00,3.00,0.00,3.00,0,0,0,0,0,0,"","",-1,-1,-1,-1,-1,-1,-1,-1,-1,-1,-1,-1,-1,-1,-1,-1,-1,-1,-1,-1,0.00,1.57,0.00,0.00,2.00,50,50,50,50,0,50,50,0,50,4.00,1.00,0.00,0.00,0.00,0.00,0.00,0.00,0.00,0.00,0.00,Estadio Benito Villamarín
1771786800,Feb 22 2026 - 7:00pm,incomplete,N/A,Real Sociedad,Real Oviedo,N/A,25,0.00,0.00,0.00,0.00,0,0,0,0,0,0,"","",-1,-1,-1,-1,-1,-1,-1,-1,-1,-1,-1,-1,-1,-1,-1,-1,-1,-1,-1,-1,0.00,0.69,0.00,0.00,1.00,0,50,0,0,0,50,50,0,0,1.00,2.00,0.00,0.00,0.00,0.00,0.00,0.00,0.00,0.00,0.00,Estadio Municipal de Anoeta
1771786800,Feb 22 2026 - 7:00pm,incomplete,N/A,Deportivo Alavés,Girona FC,N/A,25,3.00,0.00,3.00,0.00,0,0,0,0,0,0,"","",-1,-1,-1,-1,-1,-1,-1,-1,-1,-1,-1,-1,-1,-1,-1,-1,-1,-1,-1,-1,1.71,0.00,0.00,0.00,1.50,50,50,50,0,0,0,50,50,50,10.00,0.00,0.00,0.00,0.00,0.00,0.00,0.00,0.00,0.00,0.00,Estadio de Mendizorroza
1771786800,Feb 22 2026 - 7:00pm,incomplete,N/A,Villarreal,Valencia CF,N/A,25,3.00,0.00,3.00,0.00,0,0,0,0,0,0,"","",-1,-1,-1,-1,-1,-1,-1,-1,-1,-1,-1,-1,-1,-1,-1,-1,-1,-1,-1,-1,2.89,0.00,0.00,0.00,1.00,0,50,0,0,0,50,50,0,0,10.00,1.00,0.00,0.00,0.00,0.00,0.00,0.00,0.00,0.00,0.00,Estadio de la Cerámica
1772391600,Mar 01 2026 - 7:00pm,incomplete,N/A,Levante UD,Deportivo Alavés,N/A,26,0.00,0.00,0.00,0.00,0,0,0,0,0,0,"","",-1,-1,-1,-1,-1,-1,-1,-1,-1,-1,-1,-1,-1,-1,-1,-1,-1,-1,-1,-1,0.00,0.00,0.00,0.00,0.00,0,0,0,0,0,0,0,0,0,0.00,0.00,0.00,0.00,0.00,0.00,0.00,0.00,0.00,0.00,0.00,Estadio Ciudad de Valencia
1772391600,Mar 01 2026 - 7:00pm,incomplete,N/A,RCD Mallorca,Real Sociedad,N/A,26,0.00,1.00,0.00,1.00,0,0,0,0,0,0,"","",-1,-1,-1,-1,-1,-1,-1,-1,-1,-1,-1,-1,-1,-1,-1,-1,-1,-1,-1,-1,0.50,1.32,0.00,0.00,2.50,50,100,50,0,0,50,50,50,100,10.00,8.00,0.00,0.00,0.00,0.00,0.00,0.00,0.00,0.00,0.00,Estadio Iberoamericano 2010
1772391600,Mar 01 2026 - 7:00pm,incomplete,N/A,Rayo Vallecano,Athletic Club Bilbao,N/A,26,0.00,0.00,0.00,0.00,0,0,0,0,0,0,"","",-1,-1,-1,-1,-1,-1,-1,-1,-1,-1,-1,-1,-1,-1,-1,-1,-1,-1,-1,-1,0.00,0.00,0.00,0.00,0.00,0,0,0,0,0,0,0,0,0,0.00,0.00,0.00,0.00,0.00,0.00,0.00,0.00,0.00,0.00,0.00,N/A
1772391600,Mar 01 2026 - 7:00pm,incomplete,N/A,Real Betis,Sevilla FC,N/A,26,0.00,0.00,0.00,0.00,0,0,0,0,0,0,"","",-1,-1,-1,-1,-1,-1,-1,-1,-1,-1,-1,-1,-1,-1,-1,-1,-1,-1,-1,-1,0.00,1.26,0.00,0.00,2.50,50,50,50,50,50,50,50,50,50,1.00,2.00,0.00,0.00,0.00,0.00,0.00,0.00,0.00,0.00,0.00,Estadio Benito Villamarín
1772391600,Mar 01 2026 - 7:00pm,incomplete,N/A,Real Oviedo,Atlético Madrid,N/A,26,0.00,0.00,0.00,0.00,0,0,0,0,0,0,"","",-1,-1,-1,-1,-1,-1,-1,-1,-1,-1,-1,-1,-1,-1,-1,-1,-1,-1,-1,-1,0.00,1.63,0.00,0.00,1.50,50,50,50,0,0,0,50,50,50,3.00,3.00,0.00,0.00,0.00,0.00,0.00,0.00,0.00,0.00,0.00,Estadio Nuevo Carlos Tartiere
1772391600,Mar 01 2026 - 7:00pm,incomplete,N/A,FC Barcelona,Villarreal,N/A,26,0.00,0.00,0.00,0.00,0,0,0,0,0,0,"","",-1,-1,-1,-1,-1,-1,-1,-1,-1,-1,-1,-1,-1,-1,-1,-1,-1,-1,-1,-1,0.00,0.00,0.00,0.00,0.00,0,0,0,0,0,0,0,0,0,0.00,0.00,0.00,0.00,0.00,0.00,0.00,0.00,0.00,0.00,0.00,N/A
1772391600,Mar 01 2026 - 7:00pm,incomplete,N/A,Girona FC,Celta de Vigo,N/A,26,0.00,0.00,0.00,0.00,0,0,0,0,0,0,"","",-1,-1,-1,-1,-1,-1,-1,-1,-1,-1,-1,-1,-1,-1,-1,-1,-1,-1,-1,-1,0.86,0.00,0.00,0.00,2.00,50,50,50,50,0,50,50,0,50,2.00,2.00,0.00,0.00,0.00,0.00,0.00,0.00,0.00,0.00,0.00,Estadi Municipal de Montilivi
1772391600,Mar 01 2026 - 7:00pm,incomplete,N/A,Real Madrid,Getafe CF,N/A,26,3.00,3.00,3.00,3.00,0,0,0,0,0,0,"","",-1,-1,-1,-1,-1,-1,-1,-1,-1,-1,-1,-1,-1,-1,-1,-1,-1,-1,-1,-1,1.77,1.06,0.00,0.00,1.50,0,50,0,0,0,0,0,50,100,10.00,3.00,0.00,0.00,0.00,0.00,0.00,0.00,0.00,0.00,0.00,Estadio Santiago Bernabéu
1772391600,Mar 01 2026 - 7:00pm,incomplete,N/A,Elche CF,RCD Espanyol,N/A,26,1.00,0.00,1.00,0.00,0,0,0,0,0,0,"","",-1,-1,-1,-1,-1,-1,-1,-1,-1,-1,-1,-1,-1,-1,-1,-1,-1,-1,-1,-1,0.96,0.00,0.00,0.00,1.00,50,50,0,0,0,0,50,0,50,1.00,0.00,0.00,0.00,0.00,0.00,0.00,0.00,0.00,0.00,0.00,Estadio Manuel Martínez Valero
1772391600,Mar 01 2026 - 7:00pm,incomplete,N/A,Valencia CF,CA Osasuna,N/A,26,1.00,0.00,1.00,0.00,0,0,0,0,0,0,"","",-1,-1,-1,-1,-1,-1,-1,-1,-1,-1,-1,-1,-1,-1,-1,-1,-1,-1,-1,-1,1.65,0.28,0.00,0.00,1.50,50,50,0,0,0,0,0,50,100,8.00,3.00,0.00,0.00,0.00,0.00,0.00,0.00,0.00,0.00,0.00,Estadio de Mestalla
1772996400,Mar 08 2026 - 7:00pm,incomplete,N/A,Villarreal,Elche CF,N/A,27,3.00,0.00,3.00,0.00,0,0,0,0,0,0,"","",-1,-1,-1,-1,-1,-1,-1,-1,-1,-1,-1,-1,-1,-1,-1,-1,-1,-1,-1,-1,2.89,0.00,0.00,0.00,1.00,0,50,0,0,0,50,50,0,0,10.00,1.00,0.00,0.00,0.00,0.00,0.00,0.00,0.00,0.00,0.00,Estadio de la Cerámica
1772996400,Mar 08 2026 - 7:00pm,incomplete,N/A,Atlético Madrid,Real Sociedad,N/A,27,0.00,1.00,0.00,1.00,0,0,0,0,0,0,"","",-1,-1,-1,-1,-1,-1,-1,-1,-1,-1,-1,-1,-1,-1,-1,-1,-1,-1,-1,-1,0.00,1.32,0.00,0.00,1.00,50,50,0,0,0,0,0,50,50,7.00,2.00,0.00,0.00,0.00,0.00,0.00,0.00,0.00,0.00,0.00,Estadio Wanda Metropolitano
1772996400,Mar 08 2026 - 7:00pm,incomplete,N/A,Valencia CF,Deportivo Alavés,N/A,27,1.00,0.00,1.00,0.00,0,0,0,0,0,0,"","",-1,-1,-1,-1,-1,-1,-1,-1,-1,-1,-1,-1,-1,-1,-1,-1,-1,-1,-1,-1,1.65,0.00,0.00,0.00,1.00,50,50,0,0,0,0,0,50,50,8.00,1.00,0.00,0.00,0.00,0.00,0.00,0.00,0.00,0.00,0.00,Estadio de Mestalla
1772996400,Mar 08 2026 - 7:00pm,incomplete,N/A,Athletic Club Bilbao,FC Barcelona,N/A,27,3.00,3.00,3.00,3.00,0,0,0,0,0,0,"","",-1,-1,-1,-1,-1,-1,-1,-1,-1,-1,-1,-1,-1,-1,-1,-1,-1,-1,-1,-1,0.95,2.67,0.00,0.00,4.00,50,100,100,50,50,100,100,50,100,16.00,1.00,0.00,0.00,0.00,0.00,0.00,0.00,0.00,0.00,0.00,San Mamés Barria
1772996400,Mar 08 2026 - 7:00pm,incomplete,N/A,Celta de Vigo,Real Madrid,N/A,27,0.00,0.00,0.00,0.00,0,0,0,0,0,0,"","",-1,-1,-1,-1,-1,-1,-1,-1,-1,-1,-1,-1,-1,-1,-1,-1,-1,-1,-1,-1,1.42,0.00,0.00,0.00,1.00,0,50,0,0,0,0,0,50,50,9.00,3.00,0.00,0.00,0.00,0.00,0.00,0.00,0.00,0.00,0.00,N/A
1772996400,Mar 08 2026 - 7:00pm,incomplete,N/A,Getafe CF,Real Betis,N/A,27,0.00,1.00,0.00,1.00,0,0,0,0,0,0,"","",-1,-1,-1,-1,-1,-1,-1,-1,-1,-1,-1,-1,-1,-1,-1,-1,-1,-1,-1,-1,0.00,1.25,0.00,0.00,1.00,50,50,0,0,0,0,50,0,50,3.00,1.00,0.00,0.00,0.00,0.00,0.00,0.00,0.00,0.00,0.00,Coliseum Alfonso Pérez
1772996400,Mar 08 2026 - 7:00pm,incomplete,N/A,Levante UD,Girona FC,N/A,27,0.00,0.00,0.00,0.00,0,0,0,0,0,0,"","",-1,-1,-1,-1,-1,-1,-1,-1,-1,-1,-1,-1,-1,-1,-1,-1,-1,-1,-1,-1,0.00,0.00,0.00,0.00,0.00,0,0,0,0,0,0,0,0,0,0.00,0.00,0.00,0.00,0.00,0.00,0.00,0.00,0.00,0.00,0.00,Estadio Ciudad de Valencia
1772996400,Mar 08 2026 - 7:00pm,incomplete,N/A,RCD Espanyol,Real Oviedo,N/A,27,3.00,0.00,3.00,0.00,0,0,0,0,0,0,"","",-1,-1,-1,-1,-1,-1,-1,-1,-1,-1,-1,-1,-1,-1,-1,-1,-1,-1,-1,-1,1.28,0.69,0.00,0.00,2.50,50,100,50,0,0,50,100,50,50,2.00,5.00,0.00,0.00,0.00,0.00,0.00,0.00,0.00,0.00,0.00,RCDE Stadium
1772996400,Mar 08 2026 - 7:00pm,incomplete,N/A,Sevilla FC,Rayo Vallecano,N/A,27,0.00,3.00,0.00,3.00,0,0,0,0,0,0,"","",-1,-1,-1,-1,-1,-1,-1,-1,-1,-1,-1,-1,-1,-1,-1,-1,-1,-1,-1,-1,0.00,1.57,0.00,0.00,2.00,50,50,50,50,0,50,50,0,50,4.00,1.00,0.00,0.00,0.00,0.00,0.00,0.00,0.00,0.00,0.00,Estadio Ramón Sánchez Pizjuán
1772996400,Mar 08 2026 - 7:00pm,incomplete,N/A,CA Osasuna,RCD Mallorca,N/A,27,0.00,0.00,0.00,0.00,0,0,0,0,0,0,"","",-1,-1,-1,-1,-1,-1,-1,-1,-1,-1,-1,-1,-1,-1,-1,-1,-1,-1,-1,-1,0.00,0.00,0.00,0.00,0.00,0,0,0,0,0,0,0,0,0,0.00,0.00,0.00,0.00,0.00,0.00,0.00,0.00,0.00,0.00,0.00,Estadio El Sadar
1773601200,Mar 15 2026 - 7:00pm,incomplete,N/A,Atlético Madrid,Getafe CF,N/A,28,0.00,3.00,0.00,3.00,0,0,0,0,0,0,"","",-1,-1,-1,-1,-1,-1,-1,-1,-1,-1,-1,-1,-1,-1,-1,-1,-1,-1,-1,-1,0.00,1.06,0.00,0.00,1.00,0,50,0,0,0,0,0,50,50,3.00,2.00,0.00,0.00,0.00,0.00,0.00,0.00,0.00,0.00,0.00,Estadio Wanda Metropolitano
1773601200,Mar 15 2026 - 7:00pm,incomplete,N/A,Real Oviedo,Valencia CF,N/A,28,0.00,0.00,0.00,0.00,0,0,0,0,0,0,"","",-1,-1,-1,-1,-1,-1,-1,-1,-1,-1,-1,-1,-1,-1,-1,-1,-1,-1,-1,-1,0.00,0.00,0.00,0.00,0.00,0,0,0,0,0,0,0,0,0,0.00,0.00,0.00,0.00,0.00,0.00,0.00,0.00,0.00,0.00,0.00,Estadio Nuevo Carlos Tartiere
1773601200,Mar 15 2026 - 7:00pm,incomplete,N/A,FC Barcelona,Sevilla FC,N/A,28,0.00,0.00,0.00,0.00,0,0,0,0,0,0,"","",-1,-1,-1,-1,-1,-1,-1,-1,-1,-1,-1,-1,-1,-1,-1,-1,-1,-1,-1,-1,0.00,1.26,0.00,0.00,2.50,50,50,50,50,50,50,50,50,50,1.00,2.00,0.00,0.00,0.00,0.00,0.00,0.00,0.00,0.00,0.00,N/A
1773601200,Mar 15 2026 - 7:00pm,incomplete,N/A,Real Madrid,Elche CF,N/A,28,3.00,0.00,3.00,0.00,0,0,0,0,0,0,"","",-1,-1,-1,-1,-1,-1,-1,-1,-1,-1,-1,-1,-1,-1,-1,-1,-1,-1,-1,-1,1.77,0.00,0.00,0.00,0.50,0,0,0,0,0,0,0,0,50,7.00,1.00,0.00,0.00,0.00,0.00,0.00,0.00,0.00,0.00,0.00,Estadio Santiago Bernabéu
1773601200,Mar 15 2026 - 7:00pm,incomplete,N/A,RCD Mallorca,RCD Espanyol,N/A,28,0.00,0.00,0.00,0.00,0,0,0,0,0,0,"","",-1,-1,-1,-1,-1,-1,-1,-1,-1,-1,-1,-1,-1,-1,-1,-1,-1,-1,-1,-1,0.50,0.00,0.00,0.00,1.50,0,50,50,0,0,50,50,0,50,3.00,6.00,0.00,0.00,0.00,0.00,0.00,0.00,0.00,0.00,0.00,Estadio Iberoamericano 2010
1773601200,Mar 15 2026 - 7:00pm,incomplete,N/A,Girona FC,Athletic Club Bilbao,N/A,28,0.00,0.00,0.00,0.00,0,0,0,0,0,0,"","",-1,-1,-1,-1,-1,-1,-1,-1,-1,-1,-1,-1,-1,-1,-1,-1,-1,-1,-1,-1,0.86,0.00,0.00,0.00,2.00,50,50,50,50,0,50,50,0,50,2.00,2.00,0.00,0.00,0.00,0.00,0.00,0.00,0.00,0.00,0.00,Estadi Municipal de Montilivi
1773601200,Mar 15 2026 - 7:00pm,incomplete,N/A,Rayo Vallecano,Levante UD,N/A,28,0.00,0.00,0.00,0.00,0,0,0,0,0,0,"","",-1,-1,-1,-1,-1,-1,-1,-1,-1,-1,-1,-1,-1,-1,-1,-1,-1,-1,-1,-1,0.00,0.85,0.00,0.00,1.50,50,50,50,0,0,0,50,50,50,1.00,1.00,0.00,0.00,0.00,0.00,0.00,0.00,0.00,0.00,0.00,N/A
1773601200,Mar 15 2026 - 7:00pm,incomplete,N/A,Real Betis,Celta de Vigo,N/A,28,0.00,0.00,0.00,0.00,0,0,0,0,0,0,"","",-1,-1,-1,-1,-1,-1,-1,-1,-1,-1,-1,-1,-1,-1,-1,-1,-1,-1,-1,-1,0.00,0.00,0.00,0.00,0.00,0,0,0,0,0,0,0,0,0,0.00,0.00,0.00,0.00,0.00,0.00,0.00,0.00,0.00,0.00,0.00,Estadio Benito Villamarín
1773601200,Mar 15 2026 - 7:00pm,incomplete,N/A,Deportivo Alavés,Villarreal,N/A,28,3.00,0.00,3.00,0.00,0,0,0,0,0,0,"","",-1,-1,-1,-1,-1,-1,-1,-1,-1,-1,-1,-1,-1,-1,-1,-1,-1,-1,-1,-1,1.71,0.00,0.00,0.00,1.50,50,50,50,0,0,0,50,50,50,10.00,0.00,0.00,0.00,0.00,0.00,0.00,0.00,0.00,0.00,0.00,Estadio de Mendizorroza
1773601200,Mar 15 2026 - 7:00pm,incomplete,N/A,Real Sociedad,CA Osasuna,N/A,28,0.00,0.00,0.00,0.00,0,0,0,0,0,0,"","",-1,-1,-1,-1,-1,-1,-1,-1,-1,-1,-1,-1,-1,-1,-1,-1,-1,-1,-1,-1,0.00,0.28,0.00,0.00,0.50,0,0,0,0,0,0,0,0,50,0.00,2.00,0.00,0.00,0.00,0.00,0.00,0.00,0.00,0.00,0.00,Estadio Municipal de Anoeta
1774206000,Mar 22 2026 - 7:00pm,incomplete,N/A,RCD Espanyol,Getafe CF,N/A,29,3.00,3.00,3.00,3.00,0,0,0,0,0,0,"","",-1,-1,-1,-1,-1,-1,-1,-1,-1,-1,-1,-1,-1,-1,-1,-1,-1,-1,-1,-1,1.28,1.06,0.00,0.00,2.50,50,100,50,0,0,0,50,100,100,4.00,5.00,0.00,0.00,0.00,0.00,0.00,0.00,0.00,0.00,0.00,RCDE Stadium
1774206000,Mar 22 2026 - 7:00pm,incomplete,N/A,Levante UD,Real Oviedo,N/A,29,0.00,0.00,0.00,0.00,0,0,0,0,0,0,"","",-1,-1,-1,-1,-1,-1,-1,-1,-1,-1,-1,-1,-1,-1,-1,-1,-1,-1,-1,-1,0.00,0.69,0.00,0.00,1.00,0,50,0,0,0,50,50,0,0,1.00,2.00,0.00,0.00,0.00,0.00,0.00,0.00,0.00,0.00,0.00,Estadio Ciudad de Valencia
1774206000,Mar 22 2026 - 7:00pm,incomplete,N/A,Athletic Club Bilbao,Real Betis,N/A,29,3.00,1.00,3.00,1.00,0,0,0,0,0,0,"","",-1,-1,-1,-1,-1,-1,-1,-1,-1,-1,-1,-1,-1,-1,-1,-1,-1,-1,-1,-1,0.95,1.25,0.00,0.00,3.50,100,100,50,50,50,50,100,50,100,13.00,1.00,0.00,0.00,0.00,0.00,0.00,0.00,0.00,0.00,0.00,San Mamés Barria
1774206000,Mar 22 2026 - 7:00pm,incomplete,N/A,CA Osasuna,Girona FC,N/A,29,0.00,0.00,0.00,0.00,0,0,0,0,0,0,"","",-1,-1,-1,-1,-1,-1,-1,-1,-1,-1,-1,-1,-1,-1,-1,-1,-1,-1,-1,-1,0.00,0.00,0.00,0.00,0.00,0,0,0,0,0,0,0,0,0,0.00,0.00,0.00,0.00,0.00,0.00,0.00,0.00,0.00,0.00,0.00,Estadio El Sadar
1774206000,Mar 22 2026 - 7:00pm,incomplete,N/A,Elche CF,RCD Mallorca,N/A,29,1.00,0.00,1.00,0.00,0,0,0,0,0,0,"","",-1,-1,-1,-1,-1,-1,-1,-1,-1,-1,-1,-1,-1,-1,-1,-1,-1,-1,-1,-1,0.96,0.00,0.00,0.00,1.00,50,50,0,0,0,0,50,0,50,1.00,0.00,0.00,0.00,0.00,0.00,0.00,0.00,0.00,0.00,0.00,Estadio Manuel Martínez Valero
1774206000,Mar 22 2026 - 7:00pm,incomplete,N/A,Real Madrid,Atlético Madrid,N/A,29,3.00,0.00,3.00,0.00,0,0,0,0,0,0,"","",-1,-1,-1,-1,-1,-1,-1,-1,-1,-1,-1,-1,-1,-1,-1,-1,-1,-1,-1,-1,1.77,1.63,0.00,0.00,2.00,50,50,50,0,0,0,50,50,100,10.00,4.00,0.00,0.00,0.00,0.00,0.00,0.00,0.00,0.00,0.00,Estadio Santiago Bernabéu
1774206000,Mar 22 2026 - 7:00pm,incomplete,N/A,Villarreal,Real Sociedad,N/A,29,3.00,1.00,3.00,1.00,0,0,0,0,0,0,"","",-1,-1,-1,-1,-1,-1,-1,-1,-1,-1,-1,-1,-1,-1,-1,-1,-1,-1,-1,-1,2.89,1.32,0.00,0.00,2.00,50,100,0,0,0,50,50,50,50,17.00,3.00,0.00,0.00,0.00,0.00,0.00,0.00,0.00,0.00,0.00,Estadio de la Cerámica
1774206000,Mar 22 2026 - 7:00pm,incomplete,N/A,FC Barcelona,Rayo Vallecano,N/A,29,0.00,3.00,0.00,3.00,0,0,0,0,0,0,"","",-1,-1,-1,-1,-1,-1,-1,-1,-1,-1,-1,-1,-1,-1,-1,-1,-1,-1,-1,-1,0.00,1.57,0.00,0.00,2.00,50,50,50,50,0,50,50,0,50,4.00,1.00,0.00,0.00,0.00,0.00,0.00,0.00,0.00,0.00,0.00,N/A
1774206000,Mar 22 2026 - 7:00pm,incomplete,N/A,Celta de Vigo,Deportivo Alavés,N/A,29,0.00,0.00,0.00,0.00,0,0,0,0,0,0,"","",-1,-1,-1,-1,-1,-1,-1,-1,-1,-1,-1,-1,-1,-1,-1,-1,-1,-1,-1,-1,1.42,0.00,0.00,0.00,1.00,0,50,0,0,0,0,0,50,50,9.00,3.00,0.00,0.00,0.00,0.00,0.00,0.00,0.00,0.00,0.00,N/A
1774206000,Mar 22 2026 - 7:00pm,incomplete,N/A,Sevilla FC,Valencia CF,N/A,29,0.00,0.00,0.00,0.00,0,0,0,0,0,0,"","",-1,-1,-1,-1,-1,-1,-1,-1,-1,-1,-1,-1,-1,-1,-1,-1,-1,-1,-1,-1,0.00,0.00,0.00,0.00,0.00,0,0,0,0,0,0,0,0,0,0.00,0.00,0.00,0.00,0.00,0.00,0.00,0.00,0.00,0.00,0.00,Estadio Ramón Sánchez Pizjuán
1775415600,Apr 05 2026 - 7:00pm,incomplete,N/A,Real Sociedad,Levante UD,N/A,30,0.00,0.00,0.00,0.00,0,0,0,0,0,0,"","",-1,-1,-1,-1,-1,-1,-1,-1,-1,-1,-1,-1,-1,-1,-1,-1,-1,-1,-1,-1,0.00,0.85,0.00,0.00,1.50,50,50,50,0,0,0,50,50,50,1.00,1.00,0.00,0.00,0.00,0.00,0.00,0.00,0.00,0.00,0.00,Estadio Municipal de Anoeta
1775415600,Apr 05 2026 - 7:00pm,incomplete,N/A,RCD Mallorca,Real Madrid,N/A,30,0.00,0.00,0.00,0.00,0,0,0,0,0,0,"","",-1,-1,-1,-1,-1,-1,-1,-1,-1,-1,-1,-1,-1,-1,-1,-1,-1,-1,-1,-1,0.50,0.00,0.00,0.00,1.50,0,50,50,0,0,50,50,0,50,3.00,6.00,0.00,0.00,0.00,0.00,0.00,0.00,0.00,0.00,0.00,Estadio Iberoamericano 2010
1775415600,Apr 05 2026 - 7:00pm,incomplete,N/A,Atlético Madrid,FC Barcelona,N/A,30,0.00,3.00,0.00,3.00,0,0,0,0,0,0,"","",-1,-1,-1,-1,-1,-1,-1,-1,-1,-1,-1,-1,-1,-1,-1,-1,-1,-1,-1,-1,0.00,2.67,0.00,0.00,1.50,0,50,50,0,0,50,50,0,50,6.00,1.00,0.00,0.00,0.00,0.00,0.00,0.00,0.00,0.00,0.00,Estadio Wanda Metropolitano
1775415600,Apr 05 2026 - 7:00pm,incomplete,N/A,Real Oviedo,Sevilla FC,N/A,30,0.00,0.00,0.00,0.00,0,0,0,0,0,0,"","",-1,-1,-1,-1,-1,-1,-1,-1,-1,-1,-1,-1,-1,-1,-1,-1,-1,-1,-1,-1,0.00,1.26,0.00,0.00,2.50,50,50,50,50,50,50,50,50,50,1.00,2.00,0.00,0.00,0.00,0.00,0.00,0.00,0.00,0.00,0.00,Estadio Nuevo Carlos Tartiere
1775415600,Apr 05 2026 - 7:00pm,incomplete,N/A,Deportivo Alavés,CA Osasuna,N/A,30,3.00,0.00,3.00,0.00,0,0,0,0,0,0,"","",-1,-1,-1,-1,-1,-1,-1,-1,-1,-1,-1,-1,-1,-1,-1,-1,-1,-1,-1,-1,1.71,0.28,0.00,0.00,2.00,50,50,50,0,0,0,50,50,100,10.00,2.00,0.00,0.00,0.00,0.00,0.00,0.00,0.00,0.00,0.00,Estadio de Mendizorroza
1775415600,Apr 05 2026 - 7:00pm,incomplete,N/A,Getafe CF,Athletic Club Bilbao,N/A,30,0.00,0.00,0.00,0.00,0,0,0,0,0,0,"","",-1,-1,-1,-1,-1,-1,-1,-1,-1,-1,-1,-1,-1,-1,-1,-1,-1,-1,-1,-1,0.00,0.00,0.00,0.00,0.00,0,0,0,0,0,0,0,0,0,0.00,0.00,0.00,0.00,0.00,0.00,0.00,0.00,0.00,0.00,0.00,Coliseum Alfonso Pérez
1775415600,Apr 05 2026 - 7:00pm,incomplete,N/A,Rayo Vallecano,Elche CF,N/A,30,0.00,0.00,0.00,0.00,0,0,0,0,0,0,"","",-1,-1,-1,-1,-1,-1,-1,-1,-1,-1,-1,-1,-1,-1,-1,-1,-1,-1,-1,-1,0.00,0.00,0.00,0.00,0.00,0,0,0,0,0,0,0,0,0,0.00,0.00,0.00,0.00,0.00,0.00,0.00,0.00,0.00,0.00,0.00,N/A
1775415600,Apr 05 2026 - 7:00pm,incomplete,N/A,Real Betis,RCD Espanyol,N/A,30,0.00,0.00,0.00,0.00,0,0,0,0,0,0,"","",-1,-1,-1,-1,-1,-1,-1,-1,-1,-1,-1,-1,-1,-1,-1,-1,-1,-1,-1,-1,0.00,0.00,0.00,0.00,0.00,0,0,0,0,0,0,0,0,0,0.00,0.00,0.00,0.00,0.00,0.00,0.00,0.00,0.00,0.00,0.00,Estadio Benito Villamarín
1775415600,Apr 05 2026 - 7:00pm,incomplete,N/A,Valencia CF,Celta de Vigo,N/A,30,1.00,0.00,1.00,0.00,0,0,0,0,0,0,"","",-1,-1,-1,-1,-1,-1,-1,-1,-1,-1,-1,-1,-1,-1,-1,-1,-1,-1,-1,-1,1.65,0.00,0.00,0.00,1.00,50,50,0,0,0,0,0,50,50,8.00,1.00,0.00,0.00,0.00,0.00,0.00,0.00,0.00,0.00,0.00,Estadio de Mestalla
1775415600,Apr 05 2026 - 7:00pm,incomplete,N/A,Girona FC,Villarreal,N/A,30,0.00,0.00,0.00,0.00,0,0,0,0,0,0,"","",-1,-1,-1,-1,-1,-1,-1,-1,-1,-1,-1,-1,-1,-1,-1,-1,-1,-1,-1,-1,0.86,0.00,0.00,0.00,2.00,50,50,50,50,0,50,50,0,50,2.00,2.00,0.00,0.00,0.00,0.00,0.00,0.00,0.00,0.00,0.00,Estadi Municipal de Montilivi
1776020400,Apr 12 2026 - 7:00pm,incomplete,N/A,Elche CF,Valencia CF,N/A,31,1.00,0.00,1.00,0.00,0,0,0,0,0,0,"","",-1,-1,-1,-1,-1,-1,-1,-1,-1,-1,-1,-1,-1,-1,-1,-1,-1,-1,-1,-1,0.96,0.00,0.00,0.00,1.00,50,50,0,0,0,0,50,0,50,1.00,0.00,0.00,0.00,0.00,0.00,0.00,0.00,0.00,0.00,0.00,Estadio Manuel Martínez Valero
1776020400,Apr 12 2026 - 7:00pm,incomplete,N/A,FC Barcelona,RCD Espanyol,N/A,31,0.00,0.00,0.00,0.00,0,0,0,0,0,0,"","",-1,-1,-1,-1,-1,-1,-1,-1,-1,-1,-1,-1,-1,-1,-1,-1,-1,-1,-1,-1,0.00,0.00,0.00,0.00,0.00,0,0,0,0,0,0,0,0,0,0.00,0.00,0.00,0.00,0.00,0.00,0.00,0.00,0.00,0.00,0.00,N/A
1776020400,Apr 12 2026 - 7:00pm,incomplete,N/A,Athletic Club Bilbao,Villarreal,N/A,31,3.00,0.00,3.00,0.00,0,0,0,0,0,0,"","",-1,-1,-1,-1,-1,-1,-1,-1,-1,-1,-1,-1,-1,-1,-1,-1,-1,-1,-1,-1,0.95,0.00,0.00,0.00,2.50,50,50,50,50,50,50,50,50,50,10.00,0.00,0.00,0.00,0.00,0.00,0.00,0.00,0.00,0.00,0.00,San Mamés Barria
1776020400,Apr 12 2026 - 7:00pm,incomplete,N/A,Levante UD,Getafe CF,N/A,31,0.00,3.00,0.00,3.00,0,0,0,0,0,0,"","",-1,-1,-1,-1,-1,-1,-1,-1,-1,-1,-1,-1,-1,-1,-1,-1,-1,-1,-1,-1,0.00,1.06,0.00,0.00,1.00,0,50,0,0,0,0,0,50,50,3.00,2.00,0.00,0.00,0.00,0.00,0.00,0.00,0.00,0.00,0.00,Estadio Ciudad de Valencia
1776020400,Apr 12 2026 - 7:00pm,incomplete,N/A,Real Sociedad,Deportivo Alavés,N/A,31,0.00,0.00,0.00,0.00,0,0,0,0,0,0,"","",-1,-1,-1,-1,-1,-1,-1,-1,-1,-1,-1,-1,-1,-1,-1,-1,-1,-1,-1,-1,0.00,0.00,0.00,0.00,0.00,0,0,0,0,0,0,0,0,0,0.00,0.00,0.00,0.00,0.00,0.00,0.00,0.00,0.00,0.00,0.00,Estadio Municipal de Anoeta
1776020400,Apr 12 2026 - 7:00pm,incomplete,N/A,Celta de Vigo,Real Oviedo,N/A,31,0.00,0.00,0.00,0.00,0,0,0,0,0,0,"","",-1,-1,-1,-1,-1,-1,-1,-1,-1,-1,-1,-1,-1,-1,-1,-1,-1,-1,-1,-1,1.42,0.69,0.00,0.00,2.00,0,100,0,0,0,50,50,50,50,10.00,5.00,0.00,0.00,0.00,0.00,0.00,0.00,0.00,0.00,0.00,N/A
1776020400,Apr 12 2026 - 7:00pm,incomplete,N/A,RCD Mallorca,Rayo Vallecano,N/A,31,0.00,3.00,0.00,3.00,0,0,0,0,0,0,"","",-1,-1,-1,-1,-1,-1,-1,-1,-1,-1,-1,-1,-1,-1,-1,-1,-1,-1,-1,-1,0.50,1.57,0.00,0.00,3.50,50,100,100,50,0,100,100,0,100,7.00,7.00,0.00,0.00,0.00,0.00,0.00,0.00,0.00,0.00,0.00,Estadio Iberoamericano 2010
1776020400,Apr 12 2026 - 7:00pm,incomplete,N/A,CA Osasuna,Real Betis,N/A,31,0.00,1.00,0.00,1.00,0,0,0,0,0,0,"","",-1,-1,-1,-1,-1,-1,-1,-1,-1,-1,-1,-1,-1,-1,-1,-1,-1,-1,-1,-1,0.00,1.25,0.00,0.00,1.00,50,50,0,0,0,0,50,0,50,3.00,1.00,0.00,0.00,0.00,0.00,0.00,0.00,0.00,0.00,0.00,Estadio El Sadar
1776020400,Apr 12 2026 - 7:00pm,incomplete,N/A,Real Madrid,Girona FC,N/A,31,3.00,0.00,3.00,0.00,0,0,0,0,0,0,"","",-1,-1,-1,-1,-1,-1,-1,-1,-1,-1,-1,-1,-1,-1,-1,-1,-1,-1,-1,-1,1.77,0.00,0.00,0.00,0.50,0,0,0,0,0,0,0,0,50,7.00,1.00,0.00,0.00,0.00,0.00,0.00,0.00,0.00,0.00,0.00,Estadio Santiago Bernabéu
1776020400,Apr 12 2026 - 7:00pm,incomplete,N/A,Sevilla FC,Atlético Madrid,N/A,31,0.00,0.00,0.00,0.00,0,0,0,0,0,0,"","",-1,-1,-1,-1,-1,-1,-1,-1,-1,-1,-1,-1,-1,-1,-1,-1,-1,-1,-1,-1,0.00,1.63,0.00,0.00,1.50,50,50,50,0,0,0,50,50,50,3.00,3.00,0.00,0.00,0.00,0.00,0.00,0.00,0.00,0.00,0.00,Estadio Ramón Sánchez Pizjuán
1776625200,Apr 19 2026 - 7:00pm,incomplete,N/A,Atlético Madrid,Athletic Club Bilbao,N/A,32,0.00,0.00,0.00,0.00,0,0,0,0,0,0,"","",-1,-1,-1,-1,-1,-1,-1,-1,-1,-1,-1,-1,-1,-1,-1,-1,-1,-1,-1,-1,0.00,0.00,0.00,0.00,0.00,0,0,0,0,0,0,0,0,0,0.00,0.00,0.00,0.00,0.00,0.00,0.00,0.00,0.00,0.00,0.00,Estadio Wanda Metropolitano
1776625200,Apr 19 2026 - 7:00pm,incomplete,N/A,Deportivo Alavés,RCD Mallorca,N/A,32,3.00,0.00,3.00,0.00,0,0,0,0,0,0,"","",-1,-1,-1,-1,-1,-1,-1,-1,-1,-1,-1,-1,-1,-1,-1,-1,-1,-1,-1,-1,1.71,0.00,0.00,0.00,1.50,50,50,50,0,0,0,50,50,50,10.00,0.00,0.00,0.00,0.00,0.00,0.00,0.00,0.00,0.00,0.00,Estadio de Mendizorroza
1776625200,Apr 19 2026 - 7:00pm,incomplete,N/A,RCD Espanyol,Levante UD,N/A,32,3.00,0.00,3.00,0.00,0,0,0,0,0,0,"","",-1,-1,-1,-1,-1,-1,-1,-1,-1,-1,-1,-1,-1,-1,-1,-1,-1,-1,-1,-1,1.28,0.85,0.00,0.00,3.00,100,100,100,0,0,0,100,100,100,2.00,4.00,0.00,0.00,0.00,0.00,0.00,0.00,0.00,0.00,0.00,RCDE Stadium
1776625200,Apr 19 2026 - 7:00pm,incomplete,N/A,Getafe CF,FC Barcelona,N/A,32,0.00,3.00,0.00,3.00,0,0,0,0,0,0,"","",-1,-1,-1,-1,-1,-1,-1,-1,-1,-1,-1,-1,-1,-1,-1,-1,-1,-1,-1,-1,0.00,2.67,0.00,0.00,1.50,0,50,50,0,0,50,50,0,50,6.00,1.00,0.00,0.00,0.00,0.00,0.00,0.00,0.00,0.00,0.00,Coliseum Alfonso Pérez
1776625200,Apr 19 2026 - 7:00pm,incomplete,N/A,Villarreal,Celta de Vigo,N/A,32,3.00,0.00,3.00,0.00,0,0,0,0,0,0,"","",-1,-1,-1,-1,-1,-1,-1,-1,-1,-1,-1,-1,-1,-1,-1,-1,-1,-1,-1,-1,2.89,0.00,0.00,0.00,1.00,0,50,0,0,0,50,50,0,0,10.00,1.00,0.00,0.00,0.00,0.00,0.00,0.00,0.00,0.00,0.00,Estadio de la Cerámica
1776625200,Apr 19 2026 - 7:00pm,incomplete,N/A,CA Osasuna,Sevilla FC,N/A,32,0.00,0.00,0.00,0.00,0,0,0,0,0,0,"","",-1,-1,-1,-1,-1,-1,-1,-1,-1,-1,-1,-1,-1,-1,-1,-1,-1,-1,-1,-1,0.00,1.26,0.00,0.00,2.50,50,50,50,50,50,50,50,50,50,1.00,2.00,0.00,0.00,0.00,0.00,0.00,0.00,0.00,0.00,0.00,Estadio El Sadar
1776625200,Apr 19 2026 - 7:00pm,incomplete,N/A,Rayo Vallecano,Real Sociedad,N/A,32,0.00,1.00,0.00,1.00,0,0,0,0,0,0,"","",-1,-1,-1,-1,-1,-1,-1,-1,-1,-1,-1,-1,-1,-1,-1,-1,-1,-1,-1,-1,0.00,1.32,0.00,0.00,1.00,50,50,0,0,0,0,0,50,50,7.00,2.00,0.00,0.00,0.00,0.00,0.00,0.00,0.00,0.00,0.00,N/A
1776625200,Apr 19 2026 - 7:00pm,incomplete,N/A,Valencia CF,Girona FC,N/A,32,1.00,0.00,1.00,0.00,0,0,0,0,0,0,"","",-1,-1,-1,-1,-1,-1,-1,-1,-1,-1,-1,-1,-1,-1,-1,-1,-1,-1,-1,-1,1.65,0.00,0.00,0.00,1.00,50,50,0,0,0,0,0,50,50,8.00,1.00,0.00,0.00,0.00,0.00,0.00,0.00,0.00,0.00,0.00,Estadio de Mestalla
1776625200,Apr 19 2026 - 7:00pm,incomplete,N/A,Real Oviedo,Elche CF,N/A,32,0.00,0.00,0.00,0.00,0,0,0,0,0,0,"","",-1,-1,-1,-1,-1,-1,-1,-1,-1,-1,-1,-1,-1,-1,-1,-1,-1,-1,-1,-1,0.00,0.00,0.00,0.00,0.00,0,0,0,0,0,0,0,0,0,0.00,0.00,0.00,0.00,0.00,0.00,0.00,0.00,0.00,0.00,0.00,Estadio Nuevo Carlos Tartiere
1776625200,Apr 19 2026 - 7:00pm,incomplete,N/A,Real Betis,Real Madrid,N/A,32,0.00,0.00,0.00,0.00,0,0,0,0,0,0,"","",-1,-1,-1,-1,-1,-1,-1,-1,-1,-1,-1,-1,-1,-1,-1,-1,-1,-1,-1,-1,0.00,0.00,0.00,0.00,0.00,0,0,0,0,0,0,0,0,0,0.00,0.00,0.00,0.00,0.00,0.00,0.00,0.00,0.00,0.00,0.00,Estadio Benito Villamarín
1776884400,Apr 22 2026 - 7:00pm,incomplete,N/A,Girona FC,Real Betis,N/A,33,0.00,1.00,0.00,1.00,0,0,0,0,0,0,"","",-1,-1,-1,-1,-1,-1,-1,-1,-1,-1,-1,-1,-1,-1,-1,-1,-1,-1,-1,-1,0.86,1.25,0.00,0.00,3.00,100,100,50,50,0,50,100,0,100,5.00,3.00,0.00,0.00,0.00,0.00,0.00,0.00,0.00,0.00,0.00,Estadi Municipal de Montilivi
1776884400,Apr 22 2026 - 7:00pm,incomplete,N/A,FC Barcelona,Celta de Vigo,N/A,33,0.00,0.00,0.00,0.00,0,0,0,0,0,0,"","",-1,-1,-1,-1,-1,-1,-1,-1,-1,-1,-1,-1,-1,-1,-1,-1,-1,-1,-1,-1,0.00,0.00,0.00,0.00,0.00,0,0,0,0,0,0,0,0,0,0.00,0.00,0.00,0.00,0.00,0.00,0.00,0.00,0.00,0.00,0.00,N/A
1776884400,Apr 22 2026 - 7:00pm,incomplete,N/A,Athletic Club Bilbao,CA Osasuna,N/A,33,3.00,0.00,3.00,0.00,0,0,0,0,0,0,"","",-1,-1,-1,-1,-1,-1,-1,-1,-1,-1,-1,-1,-1,-1,-1,-1,-1,-1,-1,-1,0.95,0.28,0.00,0.00,3.00,50,50,50,50,50,50,50,50,100,10.00,2.00,0.00,0.00,0.00,0.00,0.00,0.00,0.00,0.00,0.00,San Mamés Barria
1776884400,Apr 22 2026 - 7:00pm,incomplete,N/A,Levante UD,Sevilla FC,N/A,33,0.00,0.00,0.00,0.00,0,0,0,0,0,0,"","",-1,-1,-1,-1,-1,-1,-1,-1,-1,-1,-1,-1,-1,-1,-1,-1,-1,-1,-1,-1,0.00,1.26,0.00,0.00,2.50,50,50,50,50,50,50,50,50,50,1.00,2.00,0.00,0.00,0.00,0.00,0.00,0.00,0.00,0.00,0.00,Estadio Ciudad de Valencia
1776884400,Apr 22 2026 - 7:00pm,incomplete,N/A,Elche CF,Atlético Madrid,N/A,33,1.00,0.00,1.00,0.00,0,0,0,0,0,0,"","",-1,-1,-1,-1,-1,-1,-1,-1,-1,-1,-1,-1,-1,-1,-1,-1,-1,-1,-1,-1,0.96,1.63,0.00,0.00,2.50,100,100,50,0,0,0,100,50,100,4.00,3.00,0.00,0.00,0.00,0.00,0.00,0.00,0.00,0.00,0.00,Estadio Manuel Martínez Valero
1776884400,Apr 22 2026 - 7:00pm,incomplete,N/A,Real Oviedo,Villarreal,N/A,33,0.00,0.00,0.00,0.00,0,0,0,0,0,0,"","",-1,-1,-1,-1,-1,-1,-1,-1,-1,-1,-1,-1,-1,-1,-1,-1,-1,-1,-1,-1,0.00,0.00,0.00,0.00,0.00,0,0,0,0,0,0,0,0,0,0.00,0.00,0.00,0.00,0.00,0.00,0.00,0.00,0.00,0.00,0.00,Estadio Nuevo Carlos Tartiere
1776884400,Apr 22 2026 - 7:00pm,incomplete,N/A,Rayo Vallecano,RCD Espanyol,N/A,33,0.00,0.00,0.00,0.00,0,0,0,0,0,0,"","",-1,-1,-1,-1,-1,-1,-1,-1,-1,-1,-1,-1,-1,-1,-1,-1,-1,-1,-1,-1,0.00,0.00,0.00,0.00,0.00,0,0,0,0,0,0,0,0,0,0.00,0.00,0.00,0.00,0.00,0.00,0.00,0.00,0.00,0.00,0.00,N/A
1776884400,Apr 22 2026 - 7:00pm,incomplete,N/A,Real Madrid,Deportivo Alavés,N/A,33,3.00,0.00,3.00,0.00,0,0,0,0,0,0,"","",-1,-1,-1,-1,-1,-1,-1,-1,-1,-1,-1,-1,-1,-1,-1,-1,-1,-1,-1,-1,1.77,0.00,0.00,0.00,0.50,0,0,0,0,0,0,0,0,50,7.00,1.00,0.00,0.00,0.00,0.00,0.00,0.00,0.00,0.00,0.00,Estadio Santiago Bernabéu
1776884400,Apr 22 2026 - 7:00pm,incomplete,N/A,RCD Mallorca,Valencia CF,N/A,33,0.00,0.00,0.00,0.00,0,0,0,0,0,0,"","",-1,-1,-1,-1,-1,-1,-1,-1,-1,-1,-1,-1,-1,-1,-1,-1,-1,-1,-1,-1,0.50,0.00,0.00,0.00,1.50,0,50,50,0,0,50,50,0,50,3.00,6.00,0.00,0.00,0.00,0.00,0.00,0.00,0.00,0.00,0.00,Estadio Iberoamericano 2010
1776884400,Apr 22 2026 - 7:00pm,incomplete,N/A,Real Sociedad,Getafe CF,N/A,33,0.00,3.00,0.00,3.00,0,0,0,0,0,0,"","",-1,-1,-1,-1,-1,-1,-1,-1,-1,-1,-1,-1,-1,-1,-1,-1,-1,-1,-1,-1,0.00,1.06,0.00,0.00,1.00,0,50,0,0,0,0,0,50,50,3.00,2.00,0.00,0.00,0.00,0.00,0.00,0.00,0.00,0.00,0.00,Estadio Municipal de Anoeta
1777834800,May 03 2026 - 7:00pm,incomplete,N/A,Deportivo Alavés,Athletic Club Bilbao,N/A,34,3.00,0.00,3.00,0.00,0,0,0,0,0,0,"","",-1,-1,-1,-1,-1,-1,-1,-1,-1,-1,-1,-1,-1,-1,-1,-1,-1,-1,-1,-1,1.71,0.00,0.00,0.00,1.50,50,50,50,0,0,0,50,50,50,10.00,0.00,0.00,0.00,0.00,0.00,0.00,0.00,0.00,0.00,0.00,Estadio de Mendizorroza
1777834800,May 03 2026 - 7:00pm,incomplete,N/A,Real Betis,Real Oviedo,N/A,34,0.00,0.00,0.00,0.00,0,0,0,0,0,0,"","",-1,-1,-1,-1,-1,-1,-1,-1,-1,-1,-1,-1,-1,-1,-1,-1,-1,-1,-1,-1,0.00,0.69,0.00,0.00,1.00,0,50,0,0,0,50,50,0,0,1.00,2.00,0.00,0.00,0.00,0.00,0.00,0.00,0.00,0.00,0.00,Estadio Benito Villamarín
1777834800,May 03 2026 - 7:00pm,incomplete,N/A,Celta de Vigo,Elche CF,N/A,34,0.00,0.00,0.00,0.00,0,0,0,0,0,0,"","",-1,-1,-1,-1,-1,-1,-1,-1,-1,-1,-1,-1,-1,-1,-1,-1,-1,-1,-1,-1,1.42,0.00,0.00,0.00,1.00,0,50,0,0,0,0,0,50,50,9.00,3.00,0.00,0.00,0.00,0.00,0.00,0.00,0.00,0.00,0.00,N/A
1777834800,May 03 2026 - 7:00pm,incomplete,N/A,RCD Espanyol,Real Madrid,N/A,34,3.00,0.00,3.00,0.00,0,0,0,0,0,0,"","",-1,-1,-1,-1,-1,-1,-1,-1,-1,-1,-1,-1,-1,-1,-1,-1,-1,-1,-1,-1,1.28,0.00,0.00,0.00,1.50,50,50,50,0,0,0,50,50,50,1.00,3.00,0.00,0.00,0.00,0.00,0.00,0.00,0.00,0.00,0.00,RCDE Stadium
1777834800,May 03 2026 - 7:00pm,incomplete,N/A,Getafe CF,Rayo Vallecano,N/A,34,0.00,3.00,0.00,3.00,0,0,0,0,0,0,"","",-1,-1,-1,-1,-1,-1,-1,-1,-1,-1,-1,-1,-1,-1,-1,-1,-1,-1,-1,-1,0.00,1.57,0.00,0.00,2.00,50,50,50,50,0,50,50,0,50,4.00,1.00,0.00,0.00,0.00,0.00,0.00,0.00,0.00,0.00,0.00,Coliseum Alfonso Pérez
1777834800,May 03 2026 - 7:00pm,incomplete,N/A,Sevilla FC,Real Sociedad,N/A,34,0.00,1.00,0.00,1.00,0,0,0,0,0,0,"","",-1,-1,-1,-1,-1,-1,-1,-1,-1,-1,-1,-1,-1,-1,-1,-1,-1,-1,-1,-1,0.00,1.32,0.00,0.00,1.00,50,50,0,0,0,0,0,50,50,7.00,2.00,0.00,0.00,0.00,0.00,0.00,0.00,0.00,0.00,0.00,Estadio Ramón Sánchez Pizjuán
1777834800,May 03 2026 - 7:00pm,incomplete,N/A,Girona FC,RCD Mallorca,N/A,34,0.00,0.00,0.00,0.00,0,0,0,0,0,0,"","",-1,-1,-1,-1,-1,-1,-1,-1,-1,-1,-1,-1,-1,-1,-1,-1,-1,-1,-1,-1,0.86,0.00,0.00,0.00,2.00,50,50,50,50,0,50,50,0,50,2.00,2.00,0.00,0.00,0.00,0.00,0.00,0.00,0.00,0.00,0.00,Estadi Municipal de Montilivi
1777834800,May 03 2026 - 7:00pm,incomplete,N/A,CA Osasuna,FC Barcelona,N/A,34,0.00,3.00,0.00,3.00,0,0,0,0,0,0,"","",-1,-1,-1,-1,-1,-1,-1,-1,-1,-1,-1,-1,-1,-1,-1,-1,-1,-1,-1,-1,0.00,2.67,0.00,0.00,1.50,0,50,50,0,0,50,50,0,50,6.00,1.00,0.00,0.00,0.00,0.00,0.00,0.00,0.00,0.00,0.00,Estadio El Sadar
1777834800,May 03 2026 - 7:00pm,incomplete,N/A,Valencia CF,Atlético Madrid,N/A,34,1.00,0.00,1.00,0.00,0,0,0,0,0,0,"","",-1,-1,-1,-1,-1,-1,-1,-1,-1,-1,-1,-1,-1,-1,-1,-1,-1,-1,-1,-1,1.65,1.63,0.00,0.00,2.50,100,100,50,0,0,0,50,100,100,11.00,4.00,0.00,0.00,0.00,0.00,0.00,0.00,0.00,0.00,0.00,Estadio de Mestalla
1777834800,May 03 2026 - 7:00pm,incomplete,N/A,Villarreal,Levante UD,N/A,34,3.00,0.00,3.00,0.00,0,0,0,0,0,0,"","",-1,-1,-1,-1,-1,-1,-1,-1,-1,-1,-1,-1,-1,-1,-1,-1,-1,-1,-1,-1,2.89,0.85,0.00,0.00,2.50,50,100,50,0,0,50,100,50,50,11.00,2.00,0.00,0.00,0.00,0.00,0.00,0.00,0.00,0.00,0.00,Estadio de la Cerámica
1778439600,May 10 2026 - 7:00pm,incomplete,N/A,Elche CF,Deportivo Alavés,N/A,35,1.00,0.00,1.00,0.00,0,0,0,0,0,0,"","",-1,-1,-1,-1,-1,-1,-1,-1,-1,-1,-1,-1,-1,-1,-1,-1,-1,-1,-1,-1,0.96,0.00,0.00,0.00,1.00,50,50,0,0,0,0,50,0,50,1.00,0.00,0.00,0.00,0.00,0.00,0.00,0.00,0.00,0.00,0.00,Estadio Manuel Martínez Valero
1778439600,May 10 2026 - 7:00pm,incomplete,N/A,Levante UD,CA Osasuna,N/A,35,0.00,0.00,0.00,0.00,0,0,0,0,0,0,"","",-1,-1,-1,-1,-1,-1,-1,-1,-1,-1,-1,-1,-1,-1,-1,-1,-1,-1,-1,-1,0.00,0.28,0.00,0.00,0.50,0,0,0,0,0,0,0,0,50,0.00,2.00,0.00,0.00,0.00,0.00,0.00,0.00,0.00,0.00,0.00,Estadio Ciudad de Valencia
1778439600,May 10 2026 - 7:00pm,incomplete,N/A,FC Barcelona,Real Madrid,N/A,35,0.00,0.00,0.00,0.00,0,0,0,0,0,0,"","",-1,-1,-1,-1,-1,-1,-1,-1,-1,-1,-1,-1,-1,-1,-1,-1,-1,-1,-1,-1,0.00,0.00,0.00,0.00,0.00,0,0,0,0,0,0,0,0,0,0.00,0.00,0.00,0.00,0.00,0.00,0.00,0.00,0.00,0.00,0.00,N/A
1778439600,May 10 2026 - 7:00pm,incomplete,N/A,Real Oviedo,Getafe CF,N/A,35,0.00,3.00,0.00,3.00,0,0,0,0,0,0,"","",-1,-1,-1,-1,-1,-1,-1,-1,-1,-1,-1,-1,-1,-1,-1,-1,-1,-1,-1,-1,0.00,1.06,0.00,0.00,1.00,0,50,0,0,0,0,0,50,50,3.00,2.00,0.00,0.00,0.00,0.00,0.00,0.00,0.00,0.00,0.00,Estadio Nuevo Carlos Tartiere
1778439600,May 10 2026 - 7:00pm,incomplete,N/A,Atlético Madrid,Celta de Vigo,N/A,35,0.00,0.00,0.00,0.00,0,0,0,0,0,0,"","",-1,-1,-1,-1,-1,-1,-1,-1,-1,-1,-1,-1,-1,-1,-1,-1,-1,-1,-1,-1,0.00,0.00,0.00,0.00,0.00,0,0,0,0,0,0,0,0,0,0.00,0.00,0.00,0.00,0.00,0.00,0.00,0.00,0.00,0.00,0.00,Estadio Wanda Metropolitano
1778439600,May 10 2026 - 7:00pm,incomplete,N/A,RCD Mallorca,Villarreal,N/A,35,0.00,0.00,0.00,0.00,0,0,0,0,0,0,"","",-1,-1,-1,-1,-1,-1,-1,-1,-1,-1,-1,-1,-1,-1,-1,-1,-1,-1,-1,-1,0.50,0.00,0.00,0.00,1.50,0,50,50,0,0,50,50,0,50,3.00,6.00,0.00,0.00,0.00,0.00,0.00,0.00,0.00,0.00,0.00,Estadio Iberoamericano 2010
1778439600,May 10 2026 - 7:00pm,incomplete,N/A,Athletic Club Bilbao,Valencia CF,N/A,35,3.00,0.00,3.00,0.00,0,0,0,0,0,0,"","",-1,-1,-1,-1,-1,-1,-1,-1,-1,-1,-1,-1,-1,-1,-1,-1,-1,-1,-1,-1,0.95,0.00,0.00,0.00,2.50,50,50,50,50,50,50,50,50,50,10.00,0.00,0.00,0.00,0.00,0.00,0.00,0.00,0.00,0.00,0.00,San Mamés Barria
1778439600,May 10 2026 - 7:00pm,incomplete,N/A,Rayo Vallecano,Girona FC,N/A,35,0.00,0.00,0.00,0.00,0,0,0,0,0,0,"","",-1,-1,-1,-1,-1,-1,-1,-1,-1,-1,-1,-1,-1,-1,-1,-1,-1,-1,-1,-1,0.00,0.00,0.00,0.00,0.00,0,0,0,0,0,0,0,0,0,0.00,0.00,0.00,0.00,0.00,0.00,0.00,0.00,0.00,0.00,0.00,N/A
1778439600,May 10 2026 - 7:00pm,incomplete,N/A,Real Sociedad,Real Betis,N/A,35,0.00,1.00,0.00,1.00,0,0,0,0,0,0,"","",-1,-1,-1,-1,-1,-1,-1,-1,-1,-1,-1,-1,-1,-1,-1,-1,-1,-1,-1,-1,0.00,1.25,0.00,0.00,1.00,50,50,0,0,0,0,50,0,50,3.00,1.00,0.00,0.00,0.00,0.00,0.00,0.00,0.00,0.00,0.00,Estadio Municipal de Anoeta
1778439600,May 10 2026 - 7:00pm,incomplete,N/A,Sevilla FC,RCD Espanyol,N/A,35,0.00,0.00,0.00,0.00,0,0,0,0,0,0,"","",-1,-1,-1,-1,-1,-1,-1,-1,-1,-1,-1,-1,-1,-1,-1,-1,-1,-1,-1,-1,0.00,0.00,0.00,0.00,0.00,0,0,0,0,0,0,0,0,0,0.00,0.00,0.00,0.00,0.00,0.00,0.00,0.00,0.00,0.00,0.00,Estadio Ramón Sánchez Pizjuán
1778698800,May 13 2026 - 7:00pm,incomplete,N/A,Real Betis,Elche CF,N/A,36,0.00,0.00,0.00,0.00,0,0,0,0,0,0,"","",-1,-1,-1,-1,-1,-1,-1,-1,-1,-1,-1,-1,-1,-1,-1,-1,-1,-1,-1,-1,0.00,0.00,0.00,0.00,0.00,0,0,0,0,0,0,0,0,0,0.00,0.00,0.00,0.00,0.00,0.00,0.00,0.00,0.00,0.00,0.00,Estadio Benito Villamarín
1778698800,May 13 2026 - 7:00pm,incomplete,N/A,CA Osasuna,Atlético Madrid,N/A,36,0.00,0.00,0.00,0.00,0,0,0,0,0,0,"","",-1,-1,-1,-1,-1,-1,-1,-1,-1,-1,-1,-1,-1,-1,-1,-1,-1,-1,-1,-1,0.00,1.63,0.00,0.00,1.50,50,50,50,0,0,0,50,50,50,3.00,3.00,0.00,0.00,0.00,0.00,0.00,0.00,0.00,0.00,0.00,Estadio El Sadar
1778698800,May 13 2026 - 7:00pm,incomplete,N/A,RCD Espanyol,Athletic Club Bilbao,N/A,36,3.00,0.00,3.00,0.00,0,0,0,0,0,0,"","",-1,-1,-1,-1,-1,-1,-1,-1,-1,-1,-1,-1,-1,-1,-1,-1,-1,-1,-1,-1,1.28,0.00,0.00,0.00,1.50,50,50,50,0,0,0,50,50,50,1.00,3.00,0.00,0.00,0.00,0.00,0.00,0.00,0.00,0.00,0.00,RCDE Stadium
1778698800,May 13 2026 - 7:00pm,incomplete,N/A,Celta de Vigo,Levante UD,N/A,36,0.00,0.00,0.00,0.00,0,0,0,0,0,0,"","",-1,-1,-1,-1,-1,-1,-1,-1,-1,-1,-1,-1,-1,-1,-1,-1,-1,-1,-1,-1,1.42,0.85,0.00,0.00,2.50,50,100,50,0,0,0,50,100,100,10.00,4.00,0.00,0.00,0.00,0.00,0.00,0.00,0.00,0.00,0.00,N/A
1778698800,May 13 2026 - 7:00pm,incomplete,N/A,Getafe CF,RCD Mallorca,N/A,36,0.00,0.00,0.00,0.00,0,0,0,0,0,0,"","",-1,-1,-1,-1,-1,-1,-1,-1,-1,-1,-1,-1,-1,-1,-1,-1,-1,-1,-1,-1,0.00,0.00,0.00,0.00,0.00,0,0,0,0,0,0,0,0,0,0.00,0.00,0.00,0.00,0.00,0.00,0.00,0.00,0.00,0.00,0.00,Coliseum Alfonso Pérez
1778698800,May 13 2026 - 7:00pm,incomplete,N/A,Deportivo Alavés,FC Barcelona,N/A,36,3.00,3.00,3.00,3.00,0,0,0,0,0,0,"","",-1,-1,-1,-1,-1,-1,-1,-1,-1,-1,-1,-1,-1,-1,-1,-1,-1,-1,-1,-1,1.71,2.67,0.00,0.00,3.00,50,100,100,0,0,50,100,50,100,16.00,1.00,0.00,0.00,0.00,0.00,0.00,0.00,0.00,0.00,0.00,Estadio de Mendizorroza
1778698800,May 13 2026 - 7:00pm,incomplete,N/A,Girona FC,Real Sociedad,N/A,36,0.00,1.00,0.00,1.00,0,0,0,0,0,0,"","",-1,-1,-1,-1,-1,-1,-1,-1,-1,-1,-1,-1,-1,-1,-1,-1,-1,-1,-1,-1,0.86,1.32,0.00,0.00,3.00,100,100,50,50,0,50,50,50,100,9.00,4.00,0.00,0.00,0.00,0.00,0.00,0.00,0.00,0.00,0.00,Estadi Municipal de Montilivi
1778698800,May 13 2026 - 7:00pm,incomplete,N/A,Real Madrid,Real Oviedo,N/A,36,3.00,0.00,3.00,0.00,0,0,0,0,0,0,"","",-1,-1,-1,-1,-1,-1,-1,-1,-1,-1,-1,-1,-1,-1,-1,-1,-1,-1,-1,-1,1.77,0.69,0.00,0.00,1.50,0,50,0,0,0,50,50,0,50,8.00,3.00,0.00,0.00,0.00,0.00,0.00,0.00,0.00,0.00,0.00,Estadio Santiago Bernabéu
1778698800,May 13 2026 - 7:00pm,incomplete,N/A,Valencia CF,Rayo Vallecano,N/A,36,1.00,3.00,1.00,3.00,0,0,0,0,0,0,"","",-1,-1,-1,-1,-1,-1,-1,-1,-1,-1,-1,-1,-1,-1,-1,-1,-1,-1,-1,-1,1.65,1.57,0.00,0.00,3.00,100,100,50,50,0,50,50,50,100,12.00,2.00,0.00,0.00,0.00,0.00,0.00,0.00,0.00,0.00,0.00,Estadio de Mestalla
1778698800,May 13 2026 - 7:00pm,incomplete,N/A,Villarreal,Sevilla FC,N/A,36,3.00,0.00,3.00,0.00,0,0,0,0,0,0,"","",-1,-1,-1,-1,-1,-1,-1,-1,-1,-1,-1,-1,-1,-1,-1,-1,-1,-1,-1,-1,2.89,1.26,0.00,0.00,3.50,50,100,50,50,50,100,100,50,50,11.00,3.00,0.00,0.00,0.00,0.00,0.00,0.00,0.00,0.00,0.00,Estadio de la Cerámica
1779044400,May 17 2026 - 7:00pm,incomplete,N/A,Levante UD,RCD Mallorca,N/A,37,0.00,0.00,0.00,0.00,0,0,0,0,0,0,"","",-1,-1,-1,-1,-1,-1,-1,-1,-1,-1,-1,-1,-1,-1,-1,-1,-1,-1,-1,-1,0.00,0.00,0.00,0.00,0.00,0,0,0,0,0,0,0,0,0,0.00,0.00,0.00,0.00,0.00,0.00,0.00,0.00,0.00,0.00,0.00,Estadio Ciudad de Valencia
1779044400,May 17 2026 - 7:00pm,incomplete,N/A,Real Oviedo,Deportivo Alavés,N/A,37,0.00,0.00,0.00,0.00,0,0,0,0,0,0,"","",-1,-1,-1,-1,-1,-1,-1,-1,-1,-1,-1,-1,-1,-1,-1,-1,-1,-1,-1,-1,0.00,0.00,0.00,0.00,0.00,0,0,0,0,0,0,0,0,0,0.00,0.00,0.00,0.00,0.00,0.00,0.00,0.00,0.00,0.00,0.00,Estadio Nuevo Carlos Tartiere
1779044400,May 17 2026 - 7:00pm,incomplete,N/A,Elche CF,Getafe CF,N/A,37,1.00,3.00,1.00,3.00,0,0,0,0,0,0,"","",-1,-1,-1,-1,-1,-1,-1,-1,-1,-1,-1,-1,-1,-1,-1,-1,-1,-1,-1,-1,0.96,1.06,0.00,0.00,2.00,50,100,0,0,0,0,50,50,100,4.00,2.00,0.00,0.00,0.00,0.00,0.00,0.00,0.00,0.00,0.00,Estadio Manuel Martínez Valero
1779044400,May 17 2026 - 7:00pm,incomplete,N/A,Athletic Club Bilbao,Celta de Vigo,N/A,37,3.00,0.00,3.00,0.00,0,0,0,0,0,0,"","",-1,-1,-1,-1,-1,-1,-1,-1,-1,-1,-1,-1,-1,-1,-1,-1,-1,-1,-1,-1,0.95,0.00,0.00,0.00,2.50,50,50,50,50,50,50,50,50,50,10.00,0.00,0.00,0.00,0.00,0.00,0.00,0.00,0.00,0.00,0.00,San Mamés Barria
1779044400,May 17 2026 - 7:00pm,incomplete,N/A,FC Barcelona,Real Betis,N/A,37,0.00,1.00,0.00,1.00,0,0,0,0,0,0,"","",-1,-1,-1,-1,-1,-1,-1,-1,-1,-1,-1,-1,-1,-1,-1,-1,-1,-1,-1,-1,0.00,1.25,0.00,0.00,1.00,50,50,0,0,0,0,50,0,50,3.00,1.00,0.00,0.00,0.00,0.00,0.00,0.00,0.00,0.00,0.00,N/A
1779044400,May 17 2026 - 7:00pm,incomplete,N/A,Atlético Madrid,Girona FC,N/A,37,0.00,0.00,0.00,0.00,0,0,0,0,0,0,"","",-1,-1,-1,-1,-1,-1,-1,-1,-1,-1,-1,-1,-1,-1,-1,-1,-1,-1,-1,-1,0.00,0.00,0.00,0.00,0.00,0,0,0,0,0,0,0,0,0,0.00,0.00,0.00,0.00,0.00,0.00,0.00,0.00,0.00,0.00,0.00,Estadio Wanda Metropolitano
1779044400,May 17 2026 - 7:00pm,incomplete,N/A,CA Osasuna,RCD Espanyol,N/A,37,0.00,0.00,0.00,0.00,0,0,0,0,0,0,"","",-1,-1,-1,-1,-1,-1,-1,-1,-1,-1,-1,-1,-1,-1,-1,-1,-1,-1,-1,-1,0.00,0.00,0.00,0.00,0.00,0,0,0,0,0,0,0,0,0,0.00,0.00,0.00,0.00,0.00,0.00,0.00,0.00,0.00,0.00,0.00,Estadio El Sadar
1779044400,May 17 2026 - 7:00pm,incomplete,N/A,Rayo Vallecano,Villarreal,N/A,37,0.00,0.00,0.00,0.00,0,0,0,0,0,0,"","",-1,-1,-1,-1,-1,-1,-1,-1,-1,-1,-1,-1,-1,-1,-1,-1,-1,-1,-1,-1,0.00,0.00,0.00,0.00,0.00,0,0,0,0,0,0,0,0,0,0.00,0.00,0.00,0.00,0.00,0.00,0.00,0.00,0.00,0.00,0.00,N/A
1779044400,May 17 2026 - 7:00pm,incomplete,N/A,Sevilla FC,Real Madrid,N/A,37,0.00,0.00,0.00,0.00,0,0,0,0,0,0,"","",-1,-1,-1,-1,-1,-1,-1,-1,-1,-1,-1,-1,-1,-1,-1,-1,-1,-1,-1,-1,0.00,0.00,0.00,0.00,0.00,0,0,0,0,0,0,0,0,0,0.00,0.00,0.00,0.00,0.00,0.00,0.00,0.00,0.00,0.00,0.00,Estadio Ramón Sánchez Pizjuán
1779044400,May 17 2026 - 7:00pm,incomplete,N/A,Real Sociedad,Valencia CF,N/A,37,0.00,0.00,0.00,0.00,0,0,0,0,0,0,"","",-1,-1,-1,-1,-1,-1,-1,-1,-1,-1,-1,-1,-1,-1,-1,-1,-1,-1,-1,-1,0.00,0.00,0.00,0.00,0.00,0,0,0,0,0,0,0,0,0,0.00,0.00,0.00,0.00,0.00,0.00,0.00,0.00,0.00,0.00,0.00,Estadio Municipal de Anoeta
1779649200,May 24 2026 - 7:00pm,incomplete,N/A,RCD Espanyol,Real Sociedad,N/A,38,3.00,1.00,3.00,1.00,0,0,0,0,0,0,"","",-1,-1,-1,-1,-1,-1,-1,-1,-1,-1,-1,-1,-1,-1,-1,-1,-1,-1,-1,-1,1.28,1.32,0.00,0.00,2.50,100,100,50,0,0,0,50,100,100,8.00,5.00,0.00,0.00,0.00,0.00,0.00,0.00,0.00,0.00,0.00,RCDE Stadium
1779649200,May 24 2026 - 7:00pm,incomplete,N/A,Celta de Vigo,Sevilla FC,N/A,38,0.00,0.00,0.00,0.00,0,0,0,0,0,0,"","",-1,-1,-1,-1,-1,-1,-1,-1,-1,-1,-1,-1,-1,-1,-1,-1,-1,-1,-1,-1,1.42,1.26,0.00,0.00,3.50,50,100,50,50,50,50,50,100,100,10.00,5.00,0.00,0.00,0.00,0.00,0.00,0.00,0.00,0.00,0.00,N/A
1779649200,May 24 2026 - 7:00pm,incomplete,N/A,Girona FC,Elche CF,N/A,38,0.00,0.00,0.00,0.00,0,0,0,0,0,0,"","",-1,-1,-1,-1,-1,-1,-1,-1,-1,-1,-1,-1,-1,-1,-1,-1,-1,-1,-1,-1,0.86,0.00,0.00,0.00,2.00,50,50,50,50,0,50,50,0,50,2.00,2.00,0.00,0.00,0.00,0.00,0.00,0.00,0.00,0.00,0.00,Estadi Municipal de Montilivi
1779649200,May 24 2026 - 7:00pm,incomplete,N/A,Real Madrid,Athletic Club Bilbao,N/A,38,3.00,0.00,3.00,0.00,0,0,0,0,0,0,"","",-1,-1,-1,-1,-1,-1,-1,-1,-1,-1,-1,-1,-1,-1,-1,-1,-1,-1,-1,-1,1.77,0.00,0.00,0.00,0.50,0,0,0,0,0,0,0,0,50,7.00,1.00,0.00,0.00,0.00,0.00,0.00,0.00,0.00,0.00,0.00,Estadio Santiago Bernabéu
1779649200,May 24 2026 - 7:00pm,incomplete,N/A,Deportivo Alavés,Rayo Vallecano,N/A,38,3.00,3.00,3.00,3.00,0,0,0,0,0,0,"","",-1,-1,-1,-1,-1,-1,-1,-1,-1,-1,-1,-1,-1,-1,-1,-1,-1,-1,-1,-1,1.71,1.57,0.00,0.00,3.50,100,100,100,50,0,50,100,50,100,14.00,1.00,0.00,0.00,0.00,0.00,0.00,0.00,0.00,0.00,0.00,Estadio de Mendizorroza
1779649200,May 24 2026 - 7:00pm,incomplete,N/A,Getafe CF,CA Osasuna,N/A,38,0.00,0.00,0.00,0.00,0,0,0,0,0,0,"","",-1,-1,-1,-1,-1,-1,-1,-1,-1,-1,-1,-1,-1,-1,-1,-1,-1,-1,-1,-1,0.00,0.28,0.00,0.00,0.50,0,0,0,0,0,0,0,0,50,0.00,2.00,0.00,0.00,0.00,0.00,0.00,0.00,0.00,0.00,0.00,Coliseum Alfonso Pérez
1779649200,May 24 2026 - 7:00pm,incomplete,N/A,RCD Mallorca,Real Oviedo,N/A,38,0.00,0.00,0.00,0.00,0,0,0,0,0,0,"","",-1,-1,-1,-1,-1,-1,-1,-1,-1,-1,-1,-1,-1,-1,-1,-1,-1,-1,-1,-1,0.50,0.69,0.00,0.00,2.50,0,100,50,0,0,100,100,0,50,4.00,8.00,0.00,0.00,0.00,0.00,0.00,0.00,0.00,0.00,0.00,Estadio Iberoamericano 2010
1779649200,May 24 2026 - 7:00pm,incomplete,N/A,Valencia CF,FC Barcelona,N/A,38,1.00,3.00,1.00,3.00,0,0,0,0,0,0,"","",-1,-1,-1,-1,-1,-1,-1,-1,-1,-1,-1,-1,-1,-1,-1,-1,-1,-1,-1,-1,1.65,2.67,0.00,0.00,2.50,50,100,50,0,0,50,50,50,100,14.00,2.00,0.00,0.00,0.00,0.00,0.00,0.00,0.00,0.00,0.00,Estadio de Mestalla
1779649200,May 24 2026 - 7:00pm,incomplete,N/A,Real Betis,Levante UD,N/A,38,0.00,0.00,0.00,0.00,0,0,0,0,0,0,"","",-1,-1,-1,-1,-1,-1,-1,-1,-1,-1,-1,-1,-1,-1,-1,-1,-1,-1,-1,-1,0.00,0.85,0.00,0.00,1.50,50,50,50,0,0,0,50,50,50,1.00,1.00,0.00,0.00,0.00,0.00,0.00,0.00,0.00,0.00,0.00,Estadio Benito Villamarín
1779649200,May 24 2026 - 7:00pm,incomplete,N/A,Villarreal,Atlético Madrid,N/A,38,3.00,0.00,3.00,0.00,0,0,0,0,0,0,"","",-1,-1,-1,-1,-1,-1,-1,-1,-1,-1,-1,-1,-1,-1,-1,-1,-1,-1,-1,-1,2.89,1.63,0.00,0.00,2.50,50,100,50,0,0,50,100,50,50,13.00,4.00,0.00,0.00,0.00,0.00,0.00,0.00,0.00,0.00,0.00,Estadio de la Cerámica
