timestamp,date_GMT,status,attendance,home_team_name,away_team_name,referee,Game Week,Pre-Match PPG (Home),Pre-Match PPG (Away),home_ppg,away_ppg,home_team_goal_count,away_team_goal_count,total_goal_count,total_goals_at_half_time,home_team_goal_count_half_time,away_team_goal_count_half_time,home_team_goal_timings,away_team_goal_timings,home_team_corner_count,away_team_corner_count,home_team_yellow_cards,home_team_red_cards,away_team_yellow_cards,away_team_red_cards,home_team_first_half_cards,home_team_second_half_cards,away_team_first_half_cards,away_team_second_half_cards,home_team_shots,away_team_shots,home_team_shots_on_target,away_team_shots_on_target,home_team_shots_off_target,away_team_shots_off_target,home_team_fouls,away_team_fouls,home_team_possession,away_team_possession,Home Team Pre-Match xG,Away Team Pre-Match xG,team_a_xg,team_b_xg,average_goals_per_match_pre_match,btts_percentage_pre_match,over_15_percentage_pre_match,over_25_percentage_pre_match,over_35_percentage_pre_match,over_45_percentage_pre_match,over_15_HT_FHG_percentage_pre_match,over_05_HT_FHG_percentage_pre_match,over_15_2HG_percentage_pre_match,over_05_2HG_percentage_pre_match,average_corners_per_match_pre_match,average_cards_per_match_pre_match,odds_ft_home_team_win,odds_ft_draw,odds_ft_away_team_win,odds_ft_over15,odds_ft_over25,odds_ft_over35,odds_ft_over45,odds_btts_yes,odds_btts_no,stadium_name
1723746600,Aug 15 2024 - 6:30pm,complete,N/A,Granada CF,Albacete Balompié,Saúl Ais Reig,1,0.00,0.00,1.76,0.90,1,2,3,3,1,2,"29","42,45'3",9,5,6,0,3,0,4,2,2,1,19,5,9,3,10,2,9,11,66,34,0.00,0.00,2.38,0.77,0.00,0,0,0,0,0,0,0,0,0,0.00,0.00,1.79,3.17,3.92,1.40,2.20,4.20,8.50,2.00,1.73,Estadio Nuevo Los Cármenes (Granada)
1723827600,Aug 16 2024 - 5:00pm,complete,N/A,Mirandés,Córdoba,Miguel González Díaz,1,0.00,0.00,2.41,1.10,1,0,1,1,1,0,"25","",2,9,1,0,1,0,1,0,0,1,2,13,1,6,1,7,7,13,31,69,0.00,0.00,0.35,1.82,0.00,0,0,0,0,0,0,0,0,0,0.00,0.00,2.40,3.10,2.90,1.45,2.38,4.50,9.00,2.00,1.73,Estadio Municipal de Anduva (Miranda de Ebro)
1723836600,Aug 16 2024 - 7:30pm,complete,N/A,Cádiz,Real Zaragoza,Dámaso Arcediano Monescillo,1,0.00,0.00,1.62,1.10,0,4,4,2,0,2,"","14,43,84,90'1",6,0,3,0,2,0,2,1,1,1,9,11,3,8,6,3,14,18,61,39,0.00,0.00,1.19,1.45,0.00,0,0,0,0,0,0,0,0,0,0.00,0.00,1.80,3.25,4.50,1.57,2.50,4.75,9.50,2.25,1.57,Estadio Nuevo Mirandilla (Cádiz)
1723906800,Aug 17 2024 - 3:00pm,complete,N/A,Racing Club de Ferrol,Málaga CF,Miguel Sesma Espinosa,1,0.00,0.00,0.76,0.76,2,2,4,1,0,1,"69,82","45,79",3,3,1,0,3,0,0,1,1,2,9,7,5,3,4,4,13,18,44,56,0.00,0.00,1.20,0.91,0.00,0,0,0,0,0,0,0,0,0,0.00,0.00,1.85,3.00,4.00,1.49,2.37,4.75,9.70,2.10,1.67,Estadio Municipal de A Malata (Ferrol)
1723906800,Aug 17 2024 - 3:00pm,complete,N/A,SD Eibar,CD Castellón,Eder Mallo Fernández,1,0.00,0.00,1.86,1.00,1,0,1,1,1,0,"2","",3,3,4,0,1,0,2,2,0,1,5,8,3,4,2,4,16,9,36,64,0.00,0.00,0.82,1.19,0.00,0,0,0,0,0,0,0,0,0,0.00,0.00,1.60,3.40,5.25,1.32,2.05,3.50,6.75,2.00,1.73,Estadio Municipal de Ipurúa (Eibar)
1723914000,Aug 17 2024 - 5:00pm,complete,N/A,Deportivo La Coruña,Real Oviedo,Salvador Lax Franco,1,0.00,0.00,1.24,1.36,0,1,1,1,0,1,"","5",3,5,3,0,4,0,3,0,3,1,11,5,7,4,4,1,12,20,64,36,0.00,0.00,1.60,0.84,0.00,0,0,0,0,0,0,0,0,0,0.00,0.00,2.60,2.95,2.75,1.44,2.38,4.50,7.50,2.00,1.73,Estadio Abanca-Riazor (A Coruña (La Coruña))
1723993200,Aug 18 2024 - 3:00pm,complete,N/A,Racing Santander,Almería,Álvaro Moreno Aragón,1,0.00,0.00,1.86,1.10,2,2,4,2,2,0,"7,31","65,71",5,7,3,0,2,0,3,0,1,1,9,18,5,8,4,10,16,15,37,63,0.00,0.00,1.19,2.04,0.00,0,0,0,0,0,0,0,0,0,0.00,0.00,2.09,3.07,3.07,1.35,2.10,3.66,7.20,1.83,1.83,Campos de Sport de El Sardinero (Santander)
1723993200,Aug 18 2024 - 3:00pm,complete,N/A,Sporting Gijón,Levante UD,José Luis Guzmán Mansilla,1,0.00,0.00,1.67,1.57,1,2,3,2,0,2,"59","14,42",7,1,2,0,2,0,1,1,1,1,7,6,1,5,6,1,13,15,69,31,0.00,0.00,1.00,0.89,0.00,0,0,0,0,0,0,0,0,0,0.00,0.00,1.90,2.98,3.73,1.53,2.40,4.75,9.50,2.25,1.57,Estadio Municipal El Molinón (Gijón)
1724002200,Aug 18 2024 - 5:30pm,complete,N/A,Burgos CF,FC Cartagena,Marta Huerta de Aza,1,0.00,0.00,1.62,0.38,3,1,4,3,2,1,"25,40,90'3","14",5,5,2,0,3,0,1,1,0,3,10,8,6,3,4,5,11,19,56,44,0.00,0.00,1.31,1.01,0.00,0,0,0,0,0,0,0,0,0,0.00,0.00,1.86,2.98,3.92,1.44,2.40,4.50,8.90,2.20,1.62,Estadio Municipal de El Plantío (Burgos)
1724002200,Aug 18 2024 - 5:30pm,complete,N/A,Elche CF,SD Huesca,Daniel Palencia Caballero,1,0.00,0.00,2.29,1.10,0,1,1,0,0,0,"","87",3,1,3,0,3,0,3,0,1,2,7,5,3,3,4,2,14,17,74,26,0.00,0.00,1.04,0.68,0.00,0,0,0,0,0,0,0,0,0,0.00,0.00,1.99,2.89,3.55,1.48,2.50,5.20,10.50,2.38,1.53,Estadio Manuel Martínez Valero (Elche)
1724092200,Aug 19 2024 - 6:30pm,complete,N/A,CD Eldense,CD Tenerife,Oliver De La Fuente Ramos,1,0.00,0.00,1.19,0.38,2,1,3,0,0,0,"54,79","63",7,2,1,0,3,0,0,1,0,3,10,11,4,5,6,6,10,15,47,53,0.00,0.00,1.18,1.22,0.00,0,0,0,0,0,0,0,0,0,0.00,0.00,2.39,3.05,3.30,1.48,2.35,4.75,9.50,2.20,1.62,Estadio Municipal Nuevo Pepico Amat (Elda)
1724432400,Aug 23 2024 - 5:00pm,complete,N/A,Racing Santander,SD Eibar,José Antonio Sánchez Villalobos,2,1.00,0.00,1.86,0.90,2,2,4,1,0,1,"86,90'2","27,56",7,5,3,0,2,0,0,3,0,2,11,11,7,3,4,8,10,13,56,44,1.19,0.00,1.67,1.14,2.00,50,50,50,50,0,50,50,50,50,5.00,3.00,2.11,3.42,3.10,1.36,1.80,3.65,7.50,1.75,1.93,Campos de Sport de El Sardinero (Santander)
1724441400,Aug 23 2024 - 7:30pm,complete,N/A,SD Huesca,Deportivo La Coruña,Iosu Galech Apezteguía,2,0.00,0.00,1.95,1.29,2,1,3,1,1,0,"39,90'3","54",3,11,4,0,0,0,0,4,0,0,10,10,5,4,5,6,12,5,42,58,0.00,0.00,1.21,1.29,0.00,0,0,0,0,0,0,0,0,0,0.00,0.00,2.11,2.94,3.62,1.52,2.81,5.25,10.00,2.25,1.57,Estadio El Alcoraz (Huesca)
1724511600,Aug 24 2024 - 3:00pm,complete,N/A,Racing Club de Ferrol,Granada CF,Andrés Fuentes Molina,2,1.00,0.00,0.76,1.33,0,1,1,0,0,0,"","82",7,7,2,0,3,0,0,2,1,2,12,10,2,6,10,4,12,17,47,53,1.20,0.00,1.27,1.42,2.00,50,50,50,50,0,0,50,50,50,3.00,1.00,2.57,3.08,2.89,1.48,2.13,4.50,9.00,1.91,1.80,Estadio Municipal de A Malata (Ferrol)
1724511600,Aug 24 2024 - 3:00pm,complete,N/A,Sporting Gijón,CD Eldense,Manuel Ángel Pérez Hernández,2,0.00,0.00,1.67,0.95,0,0,0,0,0,0,"","",6,6,2,0,2,0,1,1,1,1,14,11,4,4,10,7,10,6,57,43,1.00,0.00,1.56,1.25,1.50,50,50,50,0,0,50,50,0,50,7.00,2.00,1.75,3.51,4.74,1.42,2.05,4.33,8.50,2.10,1.67,Estadio Municipal El Molinón (Gijón)
1724518800,Aug 24 2024 - 5:00pm,complete,N/A,Levante UD,Cádiz,Rubén Ávalos Barrera,2,0.00,0.00,2.19,1.00,1,1,2,0,0,0,"57","81",6,4,2,0,5,0,1,1,1,4,14,13,6,7,8,6,14,15,44,56,0.00,0.00,1.59,1.71,0.00,0,0,0,0,0,0,0,0,0,0.00,0.00,2.10,3.20,3.66,1.44,2.25,4.33,8.50,2.00,1.73,Estadio Ciudad de Valencia (Valencia)
1724527800,Aug 24 2024 - 7:30pm,complete,N/A,Málaga CF,Mirandés,Sergiu Claudiu Muresan,2,0.00,0.00,1.76,1.14,1,1,2,1,0,1,"79","40",2,2,2,0,3,0,2,0,1,2,7,6,3,3,4,3,18,22,68,32,0.00,0.00,1.12,0.74,0.00,0,0,0,0,0,0,0,0,0,0.00,0.00,1.99,3.18,4.06,1.41,2.30,4.25,8.40,2.20,1.62,Estadio La Rosaleda (Málaga)
1724527800,Aug 24 2024 - 7:30pm,complete,N/A,CD Tenerife,Almería,Rafael Sánchez López,2,0.00,1.00,1.33,1.10,0,1,1,0,0,0,"","64",4,8,0,1,2,0,0,1,0,2,11,9,5,2,6,7,10,9,41,59,0.00,2.04,1.29,1.03,2.00,50,50,50,50,0,50,50,50,50,7.00,2.00,3.00,2.89,2.63,1.57,2.56,4.90,9.90,2.10,1.67,Estadio Heliodoro Rodríguez Lopéz (Santa Cruz de Tenerife (Tenerife))
1724605200,Aug 25 2024 - 5:00pm,complete,N/A,Albacete Balompié,Elche CF,Manuel Jesús Orellana Cid,2,0.00,0.00,1.86,1.38,1,0,1,0,0,0,"52","",0,8,2,0,1,0,0,2,0,1,8,8,2,4,6,4,14,7,21,79,0.00,0.00,0.83,1.27,0.00,0,0,0,0,0,0,0,0,0,0.00,0.00,2.30,3.00,2.95,1.48,2.00,4.75,9.00,1.95,1.73,Estadio Carlos Belmonte (Albacete)
1724614200,Aug 25 2024 - 7:30pm,complete,N/A,CD Castellón,Real Oviedo,Jon Ander González Esteban,2,0.00,3.00,1.52,1.36,0,0,0,0,0,0,"","",10,3,0,0,2,0,0,0,0,2,12,5,5,0,7,5,12,14,59,41,0.00,0.84,1.28,0.38,0.50,0,0,0,0,0,0,50,0,0,5.00,4.00,2.05,3.10,3.30,1.45,2.20,4.50,9.00,2.00,1.73,Nou Estadi Castalia (Castellón de la Plana)
1724691600,Aug 26 2024 - 5:00pm,complete,N/A,FC Cartagena,Real Zaragoza,Germán Cid Camacho,2,0.00,3.00,0.71,1.10,1,2,3,1,1,0,"15","82,90'7",5,5,3,0,2,0,0,3,1,1,6,13,3,7,3,6,9,13,41,59,0.00,1.45,0.87,1.69,2.00,0,50,50,50,0,50,50,50,50,0.00,2.00,2.75,2.87,2.45,1.50,2.65,5.25,10.00,2.20,1.62,Estadio Municipal Cartagonova (Cartagena)
1724700600,Aug 26 2024 - 7:30pm,complete,N/A,Córdoba,Burgos CF,Carlos Muñiz Muñoz,2,0.00,0.00,1.52,1.00,2,2,4,0,0,0,"52,90'8","76,80",4,4,1,1,2,0,0,2,0,2,9,9,4,5,5,4,17,10,53,47,0.00,0.00,1.19,1.15,0.00,0,0,0,0,0,0,0,0,0,0.00,0.00,2.00,3.10,3.50,1.45,2.20,4.50,9.00,2.00,1.73,Estadio Nuevo Arcángel (Córdoba)
1725037200,Aug 30 2024 - 5:00pm,complete,N/A,Granada CF,SD Huesca,Miguel González Díaz,3,0.00,3.00,1.76,1.10,1,3,4,1,0,1,"59","21,57,90'8",5,4,1,0,3,0,1,0,1,2,11,12,5,5,6,7,8,9,65,35,2.38,0.68,1.54,1.42,2.00,50,50,50,0,0,50,50,0,50,10.00,9.00,1.85,3.20,4.40,1.43,2.06,4.45,8.80,2.20,1.62,Estadio Nuevo Los Cármenes (Granada)
1725046200,Aug 30 2024 - 7:30pm,complete,N/A,Real Oviedo,Racing Santander,Eder Mallo Fernández,3,0.00,0.00,2.18,1.52,1,3,4,3,1,2,"12","26,27,75",4,4,2,0,3,0,1,1,1,2,9,10,3,6,6,4,10,23,64,36,0.00,0.00,1.15,1.28,0.00,0,0,0,0,0,0,0,0,0,0.00,0.00,2.10,3.20,3.40,1.38,1.91,3.80,7.50,1.83,1.85,Estadio Nuevo Carlos Tartiere (Oviedo)
1725123600,Aug 31 2024 - 5:00pm,complete,N/A,Cádiz,CD Tenerife,Salvador Lax Franco,3,0.00,0.00,1.62,0.38,2,2,4,1,0,1,"74,90'4","26,54",3,4,6,0,2,0,2,4,0,2,5,7,3,4,2,3,13,20,68,32,1.19,1.22,1.02,0.88,3.50,50,100,100,50,0,50,50,100,100,8.00,6.00,1.85,3.10,4.60,1.50,2.38,4.55,9.10,2.25,1.57,Estadio Nuevo Mirandilla (Cádiz)
1725132600,Aug 31 2024 - 7:30pm,complete,N/A,Almería,Sporting Gijón,Oliver De La Fuente Ramos,3,0.00,0.00,2.19,1.00,1,1,2,0,0,0,"77","84",10,1,0,0,3,0,0,0,1,2,14,6,6,4,8,2,13,13,59,41,0.00,0.00,1.81,0.87,0.00,0,0,0,0,0,0,0,0,0,0.00,0.00,1.80,3.40,4.40,1.36,2.06,3.85,8.00,2.00,1.73,Power Horse Stadium (Almería)
1725132600,Aug 31 2024 - 7:30pm,complete,N/A,Málaga CF,Albacete Balompié,Daniel Palencia Caballero,3,1.00,3.00,1.76,0.90,2,1,3,2,1,1,"14,90'4","11",8,1,3,1,4,0,3,1,2,2,12,10,6,6,6,4,18,19,44,56,1.12,0.77,1.38,1.17,2.50,100,100,50,0,0,50,100,0,50,7.00,5.00,1.91,3.25,4.00,1.42,2.30,4.35,8.60,2.00,1.73,Estadio La Rosaleda (Málaga)
1725202800,Sep 01 2024 - 3:00pm,complete,N/A,Burgos CF,CD Castellón,Álvaro Moreno Aragón,3,3.00,0.00,1.62,1.00,0,2,2,0,0,0,"","64,69",8,6,0,0,1,0,0,0,1,0,12,10,4,5,8,5,5,11,43,57,1.31,1.19,1.34,1.38,2.50,50,50,50,50,0,50,100,0,50,8.00,3.00,2.45,3.25,2.75,1.30,2.10,3.80,8.00,1.83,1.83,Estadio Municipal de El Plantío (Burgos)
1725202800,Sep 01 2024 - 3:00pm,complete,26452,Deportivo La Coruña,Racing Club de Ferrol,Dámaso Arcediano Monescillo,3,0.00,0.00,1.24,0.67,1,0,1,0,0,0,"55","",9,7,3,0,1,0,1,2,0,1,8,5,2,1,6,4,17,13,57,43,1.60,0.00,1.08,0.69,0.50,0,0,0,0,0,0,50,0,0,3.00,3.00,1.85,3.30,4.20,0.00,2.30,0.00,0.00,2.10,1.67,Estadio Abanca-Riazor (A Coruña (La Coruña))
1725210000,Sep 01 2024 - 5:00pm,complete,N/A,Mirandés,Real Zaragoza,Saúl Ais Reig,3,3.00,3.00,2.41,1.10,0,0,0,0,0,0,"","",6,6,2,0,2,0,0,2,1,1,9,7,2,1,7,6,8,18,43,57,0.35,1.57,0.91,0.74,2.25,25,50,50,25,0,25,100,50,50,4.50,3.00,2.70,3.00,2.62,1.50,2.55,4.85,9.70,2.10,1.67,Estadio Municipal de Anduva (Miranda de Ebro)
1725210000,Sep 01 2024 - 5:00pm,complete,N/A,CD Eldense,FC Cartagena,José Luis Guzmán Mansilla,3,3.00,0.00,1.19,0.38,1,2,3,1,1,0,"29","57,62",7,0,4,0,3,0,0,4,1,2,18,6,11,3,7,3,10,12,61,39,1.18,1.01,2.16,0.77,3.50,100,100,100,50,0,50,50,50,100,12.00,4.00,1.91,3.25,4.00,1.44,2.35,4.80,10.00,2.20,1.62,Estadio Municipal Nuevo Pepico Amat (Elda)
1725296400,Sep 02 2024 - 5:00pm,complete,N/A,SD Eibar,Levante UD,Miguel Sesma Espinosa,3,3.00,3.00,1.86,1.57,2,2,4,1,0,1,"47,90'2","4,79",10,2,2,0,2,0,0,2,0,2,17,7,9,5,8,2,9,13,66,34,0.82,0.89,2.26,0.94,2.00,50,50,50,0,0,50,100,0,50,4.00,6.00,2.05,3.35,3.50,1.29,2.05,3.34,6.35,1.80,1.91,Estadio Municipal de Ipurúa (Eibar)
1725305400,Sep 02 2024 - 7:30pm,complete,15264,Elche CF,Córdoba,Jon Ander González Esteban,3,0.00,0.00,2.29,1.10,3,1,4,1,1,0,"33,62,79","90'3",5,4,0,0,2,0,0,0,2,0,13,4,5,3,8,1,4,23,62,38,1.04,1.82,1.48,0.62,1.00,0,0,0,0,0,0,50,0,50,12.00,4.00,2.27,3.00,3.32,1.42,2.33,4.30,8.50,2.00,1.73,Estadio Manuel Martínez Valero (Elche)
1725649200,Sep 06 2024 - 7:00pm,complete,N/A,CD Tenerife,Racing Santander,Iosu Galech Apezteguía,4,0.00,3.00,1.33,1.52,0,1,1,0,0,0,"","64",4,5,3,0,3,1,1,2,1,3,7,10,4,3,3,7,19,15,56,44,1.29,1.28,1.17,1.17,2.50,50,50,50,50,0,50,50,0,100,8.00,5.00,2.50,3.10,2.80,1.33,2.10,3.58,7.00,1.80,1.85,Estadio Heliodoro Rodríguez Lopéz (Santa Cruz de Tenerife (Tenerife))
1725718500,Sep 07 2024 - 2:15pm,complete,N/A,Granada CF,Deportivo La Coruña,Germán Cid Camacho,4,0.00,0.00,1.76,1.29,1,1,2,1,1,0,"17","48",4,6,3,0,0,0,1,2,0,0,8,6,2,4,6,2,13,9,50,50,1.96,1.29,1.01,0.93,3.25,100,100,100,25,0,25,100,75,75,18.00,3.50,2.20,3.10,3.30,1.33,2.20,4.00,8.00,2.00,1.73,Estadio Nuevo Los Cármenes (Granada)
1725726600,Sep 07 2024 - 4:30pm,complete,N/A,SD Huesca,Burgos CF,José Antonio Sánchez Villalobos,4,3.00,1.00,1.95,1.00,0,1,1,0,0,0,"","77",4,4,5,1,2,0,1,5,0,2,7,10,1,6,6,4,9,9,44,56,1.21,1.15,0.85,1.32,3.50,100,100,100,50,0,0,50,100,100,7.00,6.00,2.39,3.15,3.15,1.48,2.44,4.75,9.50,1.95,1.73,Estadio El Alcoraz (Huesca)
1725726600,Sep 07 2024 - 4:30pm,complete,N/A,Sporting Gijón,Real Oviedo,Manuel Jesús Orellana Cid,4,0.50,2.00,1.67,1.36,3,1,4,2,2,0,"20,38,76","49",1,6,4,0,3,0,3,1,3,0,10,9,8,3,2,6,21,10,32,68,1.28,0.61,1.37,1.08,1.00,25,25,25,0,0,25,50,0,25,10.50,5.00,2.26,2.97,3.64,1.50,2.55,5.00,9.50,2.05,1.67,Estadio Municipal El Molinón (Gijón)
1725735600,Sep 07 2024 - 7:00pm,complete,N/A,Córdoba,Málaga CF,Andrés Fuentes Molina,4,1.00,1.00,1.52,0.76,0,0,0,0,0,0,"","",8,1,6,0,2,0,1,5,1,1,12,3,4,1,8,2,19,11,55,45,1.19,0.91,1.49,0.42,4.00,100,100,100,100,0,0,50,100,100,7.00,6.00,1.99,3.15,3.92,1.40,2.18,4.20,8.20,2.00,1.73,Estadio Nuevo Arcángel (Córdoba)
1725796800,Sep 08 2024 - 12:00pm,complete,N/A,Racing Club de Ferrol,Mirandés,Rafael Sánchez López,4,0.50,1.00,0.76,1.14,0,0,0,0,0,0,"","",2,6,1,0,4,0,1,0,1,3,8,7,1,4,7,3,13,13,57,43,1.24,0.74,0.80,1.10,2.25,75,75,25,25,0,0,75,25,100,7.00,4.50,1.73,3.35,4.75,1.50,2.30,4.75,9.50,2.15,1.65,Estadio Municipal de A Malata (Ferrol)
1725804900,Sep 08 2024 - 2:15pm,complete,N/A,FC Cartagena,Levante UD,Manuel Ángel Pérez Hernández,4,0.00,2.00,0.71,1.57,0,1,1,1,0,1,"","28",5,5,0,0,1,0,0,0,0,1,9,10,3,8,6,2,8,12,48,52,0.87,0.92,1.12,1.42,3.25,100,100,100,25,0,25,100,75,100,6.50,5.00,3.10,3.05,2.28,1.32,2.12,3.90,6.50,1.83,1.83,Estadio Municipal Cartagonova (Cartagena)
1725813000,Sep 08 2024 - 4:30pm,complete,N/A,CD Eldense,Almería,Carlos Muñiz Muñoz,4,1.50,2.00,1.19,1.10,1,0,1,0,0,0,"82","",3,4,1,0,3,0,1,0,1,2,5,7,3,2,2,5,17,11,45,55,1.67,1.54,0.79,0.84,2.75,75,75,75,25,0,25,50,75,100,14.50,4.50,2.90,3.20,2.53,1.32,2.32,3.50,7.80,1.83,1.83,Estadio Municipal Nuevo Pepico Amat (Elda)
1725813000,Sep 08 2024 - 4:30pm,complete,N/A,Real Zaragoza,Elche CF,Rubén Ávalos Barrera,4,0.00,0.00,1.33,1.38,3,0,3,1,1,0,"37,68,84","",6,3,1,0,6,1,1,0,3,4,15,5,8,3,7,2,13,14,41,59,0.00,1.27,1.74,0.72,0.50,0,0,0,0,0,0,0,0,50,8.00,1.00,2.46,3.10,3.09,1.52,2.55,4.75,10.00,2.20,1.62,Estadio de la Romareda (Zaragoza)
1725908400,Sep 09 2024 - 7:00pm,complete,N/A,Albacete Balompié,SD Eibar,Sergiu Claudiu Muresan,4,3.00,1.00,1.86,0.90,0,1,1,1,0,1,"","18",4,3,2,0,2,0,0,2,1,1,8,6,3,1,5,5,8,7,49,51,0.83,1.14,1.04,0.77,2.50,50,50,50,50,0,0,50,50,100,5.00,4.00,2.25,3.10,3.20,1.34,2.10,3.81,7.00,1.83,1.83,Estadio Carlos Belmonte (Albacete)
1725908400,Sep 09 2024 - 7:00pm,complete,N/A,CD Castellón,Cádiz,Miguel Sesma Espinosa,4,1.00,1.00,1.52,1.00,1,3,4,0,0,0,"90'3","49,53,56",3,7,2,0,2,0,0,2,0,2,9,8,5,5,4,3,13,14,69,31,1.28,1.71,1.23,1.15,1.00,50,50,0,0,0,0,0,50,50,14.00,5.00,2.25,3.10,3.10,1.28,2.00,3.28,6.20,1.80,1.91,Nou Estadi Castalia (Castellón de la Plana)
1726252200,Sep 13 2024 - 6:30pm,complete,N/A,Córdoba,Deportivo La Coruña,Eder Mallo Fernández,5,1.00,0.50,1.52,1.29,2,0,2,1,1,0,"43,90'8","",6,4,3,0,2,0,1,2,0,2,13,11,6,5,7,6,17,5,44,56,1.34,1.11,1.63,1.27,2.25,75,75,50,25,0,0,50,50,75,14.50,4.50,2.55,3.00,2.80,1.44,2.37,4.80,10.00,2.10,1.67,Estadio Nuevo Arcángel (Córdoba)
1726323300,Sep 14 2024 - 2:15pm,complete,N/A,SD Eibar,CD Tenerife,Álvaro Moreno Aragón,5,2.00,0.50,1.86,0.38,1,0,1,0,0,0,"46","",4,6,1,0,2,0,1,0,0,2,5,5,3,0,2,5,9,13,49,51,1.54,1.05,0.74,0.69,3.00,75,75,75,50,0,0,75,75,75,9.50,5.50,1.73,3.40,4.80,1.36,1.90,4.00,8.00,2.10,1.67,Estadio Municipal de Ipurúa (Eibar)
1726323300,Sep 14 2024 - 2:15pm,complete,N/A,Levante UD,CD Eldense,Daniel Palencia Caballero,5,1.00,1.00,2.19,0.95,3,1,4,2,1,1,"44,74,81","41",10,2,2,0,6,2,2,0,6,2,19,4,6,3,13,1,13,7,71,29,1.59,1.25,2.27,0.60,1.00,50,50,0,0,0,0,0,50,50,12.00,4.00,1.77,3.30,4.70,1.33,2.00,4.00,8.00,2.00,1.73,Estadio Ciudad de Valencia (Valencia)
1726331400,Sep 14 2024 - 4:30pm,complete,N/A,Racing Santander,Sporting Gijón,Dámaso Arcediano Monescillo,5,1.00,1.00,1.86,1.00,1,0,1,1,1,0,"40","",5,4,2,0,5,0,0,2,0,5,7,7,4,2,3,5,6,23,43,57,1.43,0.87,1.01,0.91,3.00,100,100,50,50,0,25,50,100,100,7.00,6.00,2.10,3.30,3.30,1.30,1.91,3.40,6.50,1.78,1.95,Campos de Sport de El Sardinero (Santander)
1726331400,Sep 14 2024 - 4:30pm,complete,N/A,Málaga CF,SD Huesca,Saúl Ais Reig,5,2.00,3.00,1.76,1.10,1,0,1,1,1,0,"42","",2,3,3,0,3,0,0,3,0,3,10,8,2,2,8,6,18,12,53,47,1.25,1.05,1.16,0.92,2.50,75,75,50,25,0,25,75,25,100,7.50,6.50,2.25,3.00,3.30,1.55,2.10,5.50,11.00,2.25,1.57,Estadio La Rosaleda (Málaga)
1726401600,Sep 15 2024 - 12:00pm,complete,N/A,Mirandés,Albacete Balompié,Salvador Lax Franco,5,2.00,1.50,2.41,0.90,2,0,2,1,1,0,"18,85","",4,2,2,0,2,0,1,1,0,2,11,5,5,2,6,3,10,11,47,53,0.63,0.97,1.44,0.71,1.75,50,50,50,0,0,50,75,0,25,7.00,5.00,2.43,3.05,2.92,1.48,2.40,4.60,8.50,2.10,1.67,Estadio Municipal de Anduva (Miranda de Ebro)
1726409700,Sep 15 2024 - 2:15pm,complete,N/A,Real Oviedo,FC Cartagena,Rubén Ávalos Barrera,5,0.00,1.50,2.18,0.38,1,0,1,0,0,0,"82","",6,0,3,0,3,0,0,3,1,2,10,3,3,2,7,1,16,7,71,29,1.15,0.89,1.25,0.45,3.75,100,100,100,75,0,75,100,25,100,6.50,5.00,1.68,3.45,5.10,1.37,2.25,4.30,7.80,2.10,1.65,Estadio Nuevo Carlos Tartiere (Oviedo)
1726417800,Sep 15 2024 - 4:30pm,complete,N/A,Burgos CF,Real Zaragoza,José Luis Guzmán Mansilla,5,1.50,2.33,1.62,1.10,1,0,1,0,0,0,"90'3","",6,7,3,0,3,0,0,3,0,3,13,9,6,4,7,5,10,12,48,52,1.32,1.29,1.57,1.28,2.67,42,84,59,42,0,42,59,59,84,10.17,3.00,2.32,3.15,2.93,1.42,2.21,4.50,9.00,1.95,1.80,Estadio Municipal de El Plantío (Burgos)
1726417800,Sep 15 2024 - 4:30pm,complete,N/A,Cádiz,Racing Club de Ferrol,Jon Ander González Esteban,5,0.50,0.00,1.62,0.67,0,0,0,0,0,0,"","",4,3,2,0,3,0,1,1,2,1,9,7,3,1,6,6,21,11,48,52,1.11,0.69,1.15,0.81,2.50,25,50,50,50,0,25,50,50,100,11.50,5.50,1.65,3.65,5.00,1.36,2.14,4.00,8.00,2.20,1.62,Estadio Nuevo Mirandilla (Cádiz)
1726426800,Sep 15 2024 - 7:00pm,complete,N/A,Elche CF,Granada CF,Oliver De La Fuente Ramos,5,1.50,3.00,2.29,1.33,2,2,4,1,1,0,"29,65","55,57",3,6,1,0,4,0,0,1,1,3,5,8,3,3,2,5,21,12,59,41,1.26,1.42,0.84,1.02,1.75,25,25,25,25,0,0,25,25,100,11.00,4.50,2.02,3.35,3.40,1.30,2.02,4.00,8.00,1.91,1.80,Estadio Manuel Martínez Valero (Elche)
1726511400,Sep 16 2024 - 6:30pm,complete,N/A,Almería,CD Castellón,Miguel González Díaz,5,1.00,1.50,2.19,1.00,2,5,7,1,0,1,"72,81","43,62,69,76,82",5,4,0,0,4,0,0,0,2,2,17,9,7,7,10,2,9,17,49,51,1.81,1.29,1.79,1.33,1.75,50,75,0,0,0,0,25,75,75,14.50,1.00,1.98,3.15,3.24,1.48,1.95,3.28,6.25,1.83,1.83,Power Horse Stadium (Almería)
1726857000,Sep 20 2024 - 6:30pm,complete,N/A,Granada CF,Málaga CF,Iosu Galech Apezteguía,6,0.33,1.00,1.76,0.76,2,2,4,0,0,0,"56,77","60,90'3",5,7,3,0,5,0,1,2,0,5,10,11,6,5,4,6,17,14,50,50,1.64,0.67,1.36,1.27,2.50,75,75,59,42,0,17,75,42,59,8.00,5.83,1.81,3.40,4.40,1.32,2.12,3.70,7.00,2.00,1.73,Estadio Nuevo Los Cármenes (Granada)
1726928100,Sep 21 2024 - 2:15pm,complete,N/A,Racing Club de Ferrol,Albacete Balompié,Manuel Ángel Pérez Hernández,6,0.67,1.00,0.76,0.90,1,4,5,0,0,0,"72","48,78,90'1,90'7",6,3,1,0,2,0,0,1,0,2,9,17,3,10,6,7,8,11,57,43,1.09,0.88,1.13,2.10,2.17,50,67,50,17,0,34,67,17,67,6.67,4.33,2.40,3.00,3.00,1.42,2.20,4.33,8.50,2.00,1.73,Estadio Municipal de A Malata (Ferrol)
1726936200,Sep 21 2024 - 4:30pm,complete,N/A,CD Eldense,Real Oviedo,José Antonio Sánchez Villalobos,6,2.00,1.33,1.19,1.36,1,1,2,2,1,1,"44","40",7,5,2,1,4,0,1,2,2,2,10,8,4,5,6,3,11,12,49,51,1.38,0.76,1.23,1.15,2.00,50,50,50,17,0,17,50,50,67,10.34,5.00,2.90,2.90,2.60,1.52,2.45,5.25,10.00,2.05,1.67,Estadio Municipal Nuevo Pepico Amat (Elda)
1726936200,Sep 21 2024 - 4:30pm,complete,N/A,Deportivo La Coruña,Burgos CF,Miguel Sesma Espinosa,6,1.50,2.00,1.24,1.00,0,2,2,0,0,0,"","88,90'7",10,5,1,0,1,0,0,1,0,1,10,7,3,4,7,3,8,10,59,41,1.34,1.23,1.33,1.16,1.75,25,25,25,25,0,0,25,25,75,10.00,5.00,1.91,3.20,4.00,1.36,2.05,4.00,8.00,2.00,1.73,Estadio Abanca-Riazor (A Coruña (La Coruña))
1726945200,Sep 21 2024 - 7:00pm,complete,N/A,Real Zaragoza,Levante UD,Rafael Sánchez López,6,3.00,2.33,1.33,1.57,2,1,3,2,1,1,"16,85","40",4,8,1,0,2,0,0,1,1,1,13,9,5,4,8,5,15,9,51,49,1.74,1.08,1.60,1.14,2.84,34,84,84,17,0,17,100,67,84,8.67,2.67,2.15,3.10,3.40,1.36,2.25,4.50,9.00,2.00,1.73,Estadio de la Romareda (Zaragoza)
1727006400,Sep 22 2024 - 12:00pm,complete,N/A,CD Tenerife,Sporting Gijón,Germán Cid Camacho,6,0.00,0.50,1.33,1.00,1,1,2,1,0,1,"84","38",5,7,2,0,2,0,1,1,1,1,11,6,3,3,8,3,12,17,61,39,1.23,0.89,1.29,0.84,1.25,25,25,0,0,0,0,25,25,75,6.50,6.50,2.15,3.00,3.30,1.50,2.50,4.70,8.50,2.10,1.67,Estadio Heliodoro Rodríguez Lopéz (Santa Cruz de Tenerife (Tenerife))
1727014500,Sep 22 2024 - 2:15pm,complete,N/A,CD Castellón,Racing Santander,Manuel Jesús Orellana Cid,6,0.50,3.00,1.52,1.52,0,1,1,0,0,0,"","48",7,3,1,0,2,0,1,0,1,1,14,9,9,7,5,2,15,12,58,42,1.26,1.22,1.83,1.33,2.25,50,50,50,50,0,25,25,25,75,11.00,4.50,2.15,3.10,3.20,1.20,2.25,3.00,6.50,1.67,2.10,Nou Estadi Castalia (Castellón de la Plana)
1727014500,Sep 22 2024 - 2:15pm,complete,N/A,FC Cartagena,Cádiz,Andrés Fuentes Molina,6,0.00,2.00,0.71,1.00,1,2,3,1,0,1,"59","22,80",9,9,3,0,4,0,2,1,2,2,9,11,4,6,5,5,15,11,48,52,0.99,1.43,1.14,1.51,2.50,75,75,50,25,0,0,50,75,75,10.50,5.00,2.90,3.00,2.35,1.40,2.17,4.50,9.00,2.10,1.67,Estadio Municipal Cartagonova (Cartagena)
1727022600,Sep 22 2024 - 4:30pm,complete,N/A,Elche CF,Mirandés,Carlos Muñiz Muñoz,6,1.33,1.00,2.29,1.14,1,0,1,0,0,0,"71","",5,0,2,0,3,0,1,1,1,2,16,5,8,3,8,2,15,14,60,40,1.12,0.92,1.95,0.73,2.00,59,59,34,34,0,0,59,34,75,7.67,4.83,1.61,3.50,6.00,1.45,2.43,4.90,8.50,2.25,1.55,Estadio Manuel Martínez Valero (Elche)
1727031600,Sep 22 2024 - 7:00pm,complete,N/A,Almería,SD Eibar,Dámaso Arcediano Monescillo,6,0.50,2.00,2.19,0.90,2,2,4,1,0,1,"57,80","25,55",9,3,4,0,3,1,0,4,1,3,10,7,5,2,5,5,14,16,67,33,1.80,0.95,1.37,0.79,3.50,75,75,50,50,25,0,75,75,75,11.50,2.00,2.06,3.20,3.60,1.53,2.06,3.50,6.50,1.80,1.91,Power Horse Stadium (Almería)
1727116200,Sep 23 2024 - 6:30pm,complete,N/A,SD Huesca,Córdoba,Sergiu Claudiu Muresan,6,1.50,0.00,1.95,1.10,4,1,5,4,3,1,"13,29,31,89","44",3,7,2,0,2,1,2,0,1,2,8,10,5,4,3,6,9,7,32,68,1.03,1.22,1.09,1.44,2.25,50,50,50,25,0,0,75,50,75,10.00,7.00,2.50,2.80,3.15,1.58,2.55,6.00,11.00,2.38,1.53,Estadio El Alcoraz (Huesca)
1727461800,Sep 27 2024 - 6:30pm,complete,N/A,Albacete Balompié,Deportivo La Coruña,José Luis Guzmán Mansilla,7,1.50,0.33,1.86,1.29,2,5,7,3,1,2,"4,76","9,12,61,74,80",10,3,3,0,2,0,2,1,2,0,16,11,7,7,9,4,13,8,59,41,0.93,1.17,2.10,1.35,1.67,34,50,17,0,0,0,75,17,75,9.00,2.67,2.42,3.30,2.98,1.27,1.93,3.20,5.90,1.77,1.98,Estadio Carlos Belmonte (Albacete)
1727532900,Sep 28 2024 - 2:15pm,complete,N/A,Cádiz,CD Eldense,Oliver De La Fuente Ramos,7,0.67,0.50,1.62,0.95,1,2,3,1,0,1,"65","20,72",2,4,1,0,5,0,0,1,2,3,14,11,6,6,8,5,23,17,55,45,1.12,0.92,1.77,1.32,2.34,42,59,59,59,0,42,59,59,59,8.33,9.17,1.61,3.50,4.60,1.35,2.15,3.70,7.80,2.05,1.67,Estadio Nuevo Mirandilla (Cádiz)
1727532900,Sep 28 2024 - 2:15pm,complete,N/A,Mirandés,SD Huesca,Rubén Ávalos Barrera,7,2.33,2.00,2.41,1.10,1,0,1,1,1,0,"38","",6,2,2,0,6,0,0,2,4,2,9,4,2,1,7,3,18,14,43,57,0.90,1.01,1.05,0.52,1.50,17,33,17,17,0,0,67,17,50,6.67,4.67,2.25,2.80,3.20,1.61,2.94,5.50,11.00,2.20,1.62,Estadio Municipal de Anduva (Miranda de Ebro)
1727541000,Sep 28 2024 - 4:30pm,complete,N/A,Sporting Gijón,Real Zaragoza,Álvaro Moreno Aragón,7,1.33,1.75,1.67,1.10,1,0,1,1,1,0,"27","",5,5,0,0,5,2,0,0,3,4,18,7,8,2,10,5,8,8,60,40,1.31,1.29,2.15,0.83,2.17,46,59,59,29,0,46,59,42,71,9.17,4.92,2.28,2.85,3.35,1.49,2.50,4.30,10.50,2.05,1.67,Estadio Municipal El Molinón (Gijón)
1727550000,Sep 28 2024 - 7:00pm,complete,N/A,Málaga CF,Elche CF,Salvador Lax Franco,7,2.33,0.00,1.76,1.38,0,3,3,1,0,1,"","3,49,77",4,5,5,0,4,0,1,4,2,2,3,9,0,7,3,2,18,19,51,49,1.22,0.99,0.38,1.40,2.00,34,59,42,0,0,17,75,25,84,9.50,7.83,2.55,2.90,2.85,1.40,2.38,4.20,8.50,1.93,1.75,Estadio La Rosaleda (Málaga)
1727611200,Sep 29 2024 - 12:00pm,complete,N/A,Levante UD,Almería,Jon Ander González Esteban,7,2.00,1.33,2.19,1.10,4,2,6,4,2,2,"2,15,51,74","17,45'2",5,3,1,0,1,0,1,0,1,0,13,12,8,4,5,8,9,8,44,56,1.93,1.30,1.64,1.37,2.50,67,67,42,42,0,42,42,67,100,14.33,4.33,2.37,3.40,2.50,1.20,1.67,2.88,5.50,1.57,2.25,Estadio Ciudad de Valencia (Valencia)
1727619300,Sep 29 2024 - 2:15pm,complete,N/A,Burgos CF,Granada CF,Saúl Ais Reig,7,2.00,2.00,1.62,1.33,2,2,4,0,0,0,"72,77","51,73",6,3,4,0,6,0,1,3,3,3,4,7,2,4,2,3,15,11,43,57,1.40,1.22,0.66,1.02,2.42,42,59,42,42,0,17,42,42,100,12.83,5.17,2.37,2.87,2.87,1.26,1.91,3.20,5.90,1.76,2.00,Estadio Municipal de El Plantío (Burgos)
1727619300,Sep 29 2024 - 2:15pm,complete,N/A,CD Castellón,CD Tenerife,Eder Mallo Fernández,7,0.33,0.33,1.52,0.38,2,1,3,1,1,0,"20,71","63",9,4,1,0,2,0,0,1,0,2,11,11,7,6,4,5,11,15,50,50,1.45,0.93,1.67,1.31,2.17,50,50,50,33,0,0,17,50,84,10.67,3.33,1.73,3.40,4.00,1.30,1.91,3.40,6.50,1.83,1.83,Nou Estadi Castalia (Castellón de la Plana)
1727627400,Sep 29 2024 - 4:30pm,complete,N/A,Córdoba,Racing Club de Ferrol,Germán Cid Camacho,7,1.67,0.50,1.52,0.67,3,1,4,1,1,0,"43,71,84","47",6,4,3,0,2,0,2,1,1,1,13,7,5,3,8,4,18,16,58,42,1.44,0.75,1.46,0.88,1.25,17,34,17,17,0,0,17,17,59,11.00,6.00,1.91,3.10,4.10,1.48,2.43,4.50,9.00,2.10,1.65,Estadio Nuevo Arcángel (Córdoba)
1727627400,Sep 29 2024 - 4:30pm,complete,N/A,Real Oviedo,SD Eibar,Rafael Sánchez López,7,1.50,1.67,2.18,0.90,1,0,1,0,0,0,"47","",7,4,1,0,1,1,0,1,1,1,13,5,5,2,8,3,7,12,44,56,1.20,0.90,1.54,0.70,2.75,59,59,59,59,0,25,75,34,84,8.67,5.17,2.14,2.90,3.65,1.44,2.43,4.80,10.00,2.10,1.67,Estadio Nuevo Carlos Tartiere (Oviedo)
1727721000,Sep 30 2024 - 6:30pm,complete,N/A,Racing Santander,FC Cartagena,Daniel Palencia Caballero,7,1.67,1.00,1.86,0.38,1,2,3,1,0,1,"74","45,58",6,1,0,0,4,0,0,0,0,4,14,8,3,2,11,6,10,18,69,31,1.29,0.74,1.70,0.80,2.84,67,67,67,50,0,33,84,50,84,7.34,5.67,1.50,4.10,5.50,1.23,1.90,2.96,5.40,2.00,1.73,Campos de Sport de El Sardinero (Santander)
1728066600,Oct 04 2024 - 6:30pm,complete,N/A,SD Huesca,Cádiz,Manuel Ángel Pérez Hernández,8,2.00,2.33,1.95,1.00,3,1,4,1,1,0,"45'3,48,62","86",2,4,3,1,5,0,2,2,4,1,6,10,5,4,1,6,19,11,35,65,1.05,1.46,0.94,1.25,3.00,84,84,67,33,17,17,50,67,100,10.00,8.00,2.70,2.90,2.80,1.58,2.89,5.75,10.00,2.15,1.60,N/A
1728129600,Oct 05 2024 - 12:00pm,complete,N/A,Racing Club de Ferrol,Elche CF,José Antonio Sánchez Villalobos,8,0.50,1.00,0.76,1.38,1,0,1,1,1,0,"28","",5,5,4,0,4,0,3,1,1,3,6,8,3,4,3,4,21,10,28,72,1.10,1.13,0.81,1.16,2.42,25,59,59,25,13,0,46,59,88,9.83,5.58,2.90,2.90,2.50,1.49,2.55,5.00,9.50,2.00,1.70,Estadio Municipal de A Malata (Ferrol)
1728137700,Oct 05 2024 - 2:15pm,complete,6500,SD Eibar,Sporting Gijón,Iosu Galech Apezteguía,N/A,2.33,0.67,1.86,1.00,1,3,4,3,1,2,"18","29,39,90'5",2,5,4,0,5,0,2,2,2,3,13,9,7,5,6,4,9,13,61,39,1.27,0.87,1.63,1.24,1.84,50,50,17,17,0,0,67,33,67,9.67,5.66,1.95,3.20,3.90,1.45,2.30,4.33,8.50,1.95,1.73,N/A
1728137700,Oct 05 2024 - 2:15pm,complete,N/A,Mirandés,Granada CF,Sergiu Claudiu Muresan,8,2.50,1.67,2.41,1.33,0,1,1,1,0,1,"","16",8,1,1,0,5,0,0,1,3,2,7,5,4,1,3,4,13,15,54,46,0.94,1.15,1.16,0.51,2.00,34,46,34,34,0,0,54,34,63,9.83,6.08,2.75,3.00,2.60,1.47,2.40,5.00,9.50,2.00,1.70,Estadio Municipal de Anduva (Miranda de Ebro)
1728145800,Oct 05 2024 - 4:30pm,complete,N/A,Almería,Burgos CF,Andrés Fuentes Molina,8,0.67,2.33,2.19,1.00,2,0,2,1,1,0,"29,89","",5,8,3,1,2,0,2,2,0,2,10,14,5,5,5,9,9,10,39,61,1.66,1.21,1.27,1.62,3.33,67,84,50,50,17,0,34,84,100,12.33,3.00,1.70,3.80,4.40,1.25,1.71,2.80,5.25,1.65,2.05,Power Horse Stadium (Almería)
1728145800,Oct 05 2024 - 4:30pm,complete,N/A,Real Zaragoza,Racing Santander,Miguel Sesma Espinosa,8,3.00,3.00,1.33,1.52,2,3,5,2,0,2,"57,66","33,40,71",11,1,3,0,5,1,2,1,3,3,16,12,8,6,8,6,13,11,62,38,1.67,1.26,2.15,1.38,2.50,42,67,67,17,0,42,67,25,100,9.00,4.00,2.15,3.25,3.25,1.29,1.96,3.80,7.50,1.83,1.83,Estadio de la Romareda (Zaragoza)
1728154800,Oct 05 2024 - 7:00pm,complete,N/A,CD Tenerife,FC Cartagena,Manuel Jesús Orellana Cid,N/A,0.33,1.50,1.33,0.38,2,0,2,1,1,0,"36,90'3","",3,6,2,0,1,0,1,1,0,1,14,4,5,3,9,1,16,13,45,55,1.25,0.76,1.54,0.64,2.04,54,54,38,13,0,13,54,25,100,5.83,5.58,1.87,3.38,3.87,1.50,1.95,5.20,10.00,2.25,1.57,N/A
1728216000,Oct 06 2024 - 12:00pm,complete,N/A,Deportivo La Coruña,Málaga CF,Carlos Muñiz Muñoz,8,1.00,1.00,1.24,0.76,0,0,0,0,0,0,"","",5,5,0,0,1,0,0,0,0,1,14,11,6,5,8,6,10,5,53,47,1.33,0.87,1.67,1.30,2.00,34,50,34,34,0,0,33,50,67,11.00,5.66,1.90,3.00,4.00,1.42,2.20,4.20,8.50,2.00,1.73,Estadio Abanca-Riazor (A Coruña (La Coruña))
1728224100,Oct 06 2024 - 2:15pm,complete,N/A,CD Eldense,CD Castellón,Jon Ander González Esteban,8,1.75,2.00,1.19,1.00,2,3,5,5,2,3,"18,25","13,38,42",8,1,2,0,1,0,0,2,0,1,11,11,6,6,5,5,11,12,45,55,1.34,1.30,1.41,1.47,2.79,54,71,42,17,17,13,59,59,71,10.33,4.50,2.50,3.15,2.70,1.26,1.95,3.14,5.75,1.73,2.00,Estadio Municipal Nuevo Pepico Amat (Elda)
1728232200,Oct 06 2024 - 4:30pm,complete,N/A,Levante UD,Real Oviedo,Dámaso Arcediano Monescillo,8,2.33,1.25,2.19,1.36,0,0,0,0,0,0,"","",1,9,3,0,3,0,1,2,3,0,5,5,1,1,4,4,10,18,51,49,1.83,0.86,0.71,0.81,2.88,75,75,46,46,17,59,71,63,63,11.75,4.92,2.08,3.10,3.45,1.38,2.12,3.90,8.00,1.91,1.80,Estadio Ciudad de Valencia (Valencia)
1728241200,Oct 06 2024 - 7:00pm,complete,N/A,Albacete Balompié,Córdoba,Miguel González Díaz,8,1.00,0.00,1.86,1.10,1,1,2,1,1,0,"31","80",8,3,1,0,2,0,0,1,1,1,14,9,5,3,9,6,9,16,41,59,1.32,1.29,1.68,1.12,3.17,50,50,50,50,33,33,84,33,67,11.34,4.66,2.18,3.10,3.20,1.29,1.95,3.80,7.50,1.80,1.91,Estadio Carlos Belmonte (Albacete)
1728671400,Oct 11 2024 - 6:30pm,complete,N/A,CD Tenerife,Real Zaragoza,José Lax Franco,9,1.00,1.40,1.33,1.10,2,3,5,1,1,0,"11,50","74,79,87",3,8,4,1,3,0,3,2,0,3,5,15,2,11,3,4,15,13,32,68,1.32,1.20,0.68,2.21,1.65,23,45,20,10,0,10,55,20,80,8.60,5.85,2.30,3.04,3.49,1.57,2.75,5.75,10.00,2.20,1.62,Estadio Heliodoro Rodríguez Lopéz (Santa Cruz de Tenerife (Tenerife))
1728742500,Oct 12 2024 - 2:15pm,complete,N/A,FC Cartagena,Racing Club de Ferrol,Saúl Ais Reig,9,0.00,0.33,0.71,0.67,0,1,1,0,0,0,"","90'1",3,1,3,0,0,0,1,2,0,0,7,4,4,4,3,0,11,8,49,51,1.04,0.79,1.00,0.72,2.00,50,50,50,17,0,0,67,50,67,11.00,4.00,2.20,2.87,3.20,1.48,2.40,4.75,9.50,2.10,1.68,Estadio Municipal Cartagonova (Cartagena)
1728750600,Oct 12 2024 - 4:30pm,complete,N/A,Cádiz,Málaga CF,Álvaro Moreno Aragón,9,0.50,1.00,1.62,0.76,2,2,4,2,2,0,"23,41","54,82",6,4,1,0,0,0,1,0,0,0,14,8,10,5,4,3,17,10,43,57,1.28,0.98,1.84,1.18,2.38,50,63,63,50,0,13,50,63,63,7.75,5.75,1.65,3.61,5.47,1.42,2.30,4.33,8.50,2.20,1.62,Estadio Nuevo Mirandilla (Cádiz)
1728750600,Oct 12 2024 - 4:30pm,complete,N/A,SD Eibar,CD Eldense,Eder Mallo Fernández,N/A,1.75,1.33,1.86,0.95,1,0,1,1,1,0,"36","",6,6,1,0,0,0,0,1,0,0,7,11,4,4,3,7,16,6,51,49,1.36,1.06,1.04,1.20,2.42,59,59,59,42,0,29,71,46,71,8.75,8.08,1.71,3.63,4.86,1.38,2.06,3.80,7.50,1.95,1.73,N/A
1728820800,Oct 13 2024 - 12:00pm,complete,N/A,SD Huesca,Albacete Balompié,Germán Cid Camacho,9,2.25,1.50,1.95,0.90,2,2,4,3,1,2,"29,80","38,45'5",6,5,3,0,5,0,2,1,2,3,7,2,1,0,6,2,12,13,56,44,1.02,1.19,0.00,0.00,3.25,75,88,75,38,25,38,75,38,88,5.75,7.00,2.55,2.75,3.00,1.48,2.38,4.50,9.50,2.00,1.73,Estadio El Alcoraz (Huesca)
1728828900,Oct 13 2024 - 2:15pm,complete,N/A,Real Oviedo,Almería,Marta Huerta de Aza,9,2.00,1.00,2.18,1.10,3,2,5,3,2,1,"12,18,70","24,67",6,0,2,0,4,2,0,2,2,4,17,5,7,2,10,3,14,15,61,39,1.31,1.32,1.97,0.56,2.50,42,42,42,42,13,42,42,25,100,11.17,4.00,2.63,3.75,2.17,1.33,1.95,3.50,7.50,1.80,1.91,Estadio Nuevo Carlos Tartiere (Oviedo)
1728828900,Oct 13 2024 - 2:15pm,complete,N/A,Racing Santander,Levante UD,José Luis Guzmán Mansilla,9,1.25,1.75,1.86,1.57,1,0,1,0,0,0,"81","",7,3,2,0,4,0,1,1,2,2,8,4,1,1,7,3,7,14,55,45,1.39,1.10,1.11,0.57,2.88,75,75,75,38,0,38,100,50,75,9.75,3.75,1.60,4.00,4.26,1.18,1.57,2.45,4.33,1.53,2.38,Campos de Sport de El Sardinero (Santander)
1728837000,Oct 13 2024 - 4:30pm,complete,N/A,Burgos CF,Mirandés,Daniel Palencia Caballero,9,1.75,0.67,1.62,1.14,0,1,1,0,0,0,"","81",4,6,5,0,3,0,1,4,1,2,10,3,7,2,3,1,14,7,60,40,1.22,0.85,1.45,0.68,1.88,42,54,25,25,0,13,29,25,84,8.92,5.58,2.23,2.98,3.09,1.50,2.35,4.75,9.50,2.10,1.67,Estadio Municipal de El Plantío (Burgos)
1728837000,Oct 13 2024 - 4:30pm,complete,N/A,Granada CF,Córdoba,Rafael Sánchez López,9,0.50,0.25,1.76,1.10,1,0,1,0,0,0,"90'1","",5,4,0,0,2,1,0,0,2,1,11,4,5,2,6,2,12,14,59,41,1.57,1.25,1.59,0.59,3.13,88,88,63,50,13,25,88,38,75,11.50,5.50,2.43,8.60,1.71,1.30,1.86,3.50,6.50,1.80,1.91,Estadio Nuevo Los Cármenes (Granada)
1728846000,Oct 13 2024 - 7:00pm,complete,N/A,Elche CF,Deportivo La Coruña,Rubén Ávalos Barrera,9,1.75,1.00,2.29,1.29,0,0,0,0,0,0,"","",4,3,2,0,2,0,0,2,0,2,9,8,1,5,8,3,12,18,65,35,1.33,1.21,1.01,1.10,3.00,63,75,50,38,13,13,75,50,100,10.00,2.50,2.27,3.63,2.55,1.38,2.10,4.00,8.00,1.83,1.83,Estadio Manuel Martínez Valero
1728930600,Oct 14 2024 - 6:30pm,complete,N/A,Sporting Gijón,CD Castellón,Oliver De La Fuente Ramos,9,1.75,2.25,1.67,1.00,2,1,3,1,0,1,"62,87","21",7,4,3,0,2,0,1,2,1,1,9,5,4,0,5,5,12,8,48,52,1.52,1.34,1.25,0.61,2.88,50,63,50,38,25,38,75,38,50,8.25,3.75,51.00,1.00,51.00,1.28,2.30,3.10,5.75,1.62,2.20,Estadio Municipal El Molinón (Gijón)
1729276200,Oct 18 2024 - 6:30pm,complete,N/A,Córdoba,FC Cartagena,Manuel Ángel Pérez Hernández,10,2.00,1.20,1.52,0.38,2,1,3,0,0,0,"60,66","89",7,2,4,0,3,0,1,3,1,2,12,4,3,2,9,2,11,12,60,40,1.44,0.73,1.39,0.66,2.55,55,78,55,35,0,10,65,45,88,8.40,6.55,1.80,3.25,4.10,1.40,2.12,4.20,8.00,2.00,1.73,N/A
1729347300,Oct 19 2024 - 2:15pm,complete,22000,Deportivo La Coruña,CD Eldense,Iosu Galech Apezteguía,10,1.00,1.00,1.24,0.95,1,1,2,2,1,1,"26","8",16,4,3,0,4,0,0,3,2,2,14,5,6,2,8,3,12,14,63,37,1.42,1.09,1.74,0.58,1.50,25,38,25,13,0,13,50,38,50,11.25,5.75,1.93,3.09,3.59,1.44,2.30,4.50,9.00,2.10,1.67,Estadio Abanca-Riazor (A Coruña (La Coruña))
1729347300,Oct 19 2024 - 2:15pm,complete,N/A,Málaga CF,Real Oviedo,Miguel Sesma Espinosa,N/A,1.75,1.20,1.76,1.36,0,0,0,0,0,0,"","",6,6,3,0,3,1,1,2,0,4,7,14,4,7,3,7,10,20,52,48,1.01,0.85,0.89,1.72,1.83,45,58,35,10,0,33,80,23,48,9.60,6.95,2.67,2.79,2.40,1.47,2.20,4.20,8.50,1.91,1.80,N/A
1729355400,Oct 19 2024 - 4:30pm,complete,N/A,CD Castellón,Levante UD,José Antonio Sánchez Villalobos,10,1.00,1.40,1.52,1.57,2,0,2,0,0,0,"53,77","",4,6,2,0,3,0,0,2,0,3,12,12,5,4,7,8,11,13,50,50,1.50,0.99,1.46,1.39,2.20,55,55,55,23,0,20,53,35,78,11.05,3.20,2.20,3.45,3.10,1.19,2.20,2.69,4.75,1.91,1.80,Estadio SkyFi Castalia (Castellón de la Plana)
1729355400,Oct 19 2024 - 4:30pm,complete,N/A,Granada CF,CD Tenerife,Jon Ander González Esteban,N/A,1.00,0.25,1.76,0.38,4,0,4,2,2,0,"20,33,81,90'5","",7,1,3,0,2,0,2,1,2,0,14,5,11,0,3,5,10,9,62,38,1.58,1.03,2.00,0.50,2.78,78,78,68,33,0,10,55,58,90,9.60,4.85,1.73,3.35,5.25,1.36,2.20,3.95,7.50,2.10,1.67,N/A
1729364400,Oct 19 2024 - 7:00pm,complete,N/A,Mirandés,SD Eibar,Andrés Fuentes Molina,10,2.00,1.25,2.41,0.90,1,0,1,1,1,0,"26","",4,3,2,0,4,1,1,1,1,4,6,6,3,2,3,4,12,15,41,59,0.98,0.85,0.99,0.82,1.75,25,35,25,25,0,0,78,25,48,8.95,4.10,2.98,2.85,2.57,1.54,2.62,4.85,11.00,2.00,1.73,Estadio Municipal de Anduva (Miranda de Ebro)
1729425600,Oct 20 2024 - 12:00pm,complete,N/A,Cádiz,Racing Santander,Dámaso Arcediano Monescillo,10,0.60,3.00,1.62,1.52,0,1,1,0,0,0,"","56",4,9,6,0,3,0,1,5,1,2,8,4,4,1,4,3,31,15,46,54,1.40,1.29,0.00,0.00,2.88,55,65,65,55,13,45,65,53,90,7.45,6.35,2.65,3.32,2.65,1.28,2.06,3.20,6.00,1.80,1.91,Estadio Nuevo Mirandilla (Cádiz)
1729433700,Oct 20 2024 - 2:15pm,complete,N/A,Racing Club de Ferrol,SD Huesca,Miguel González Díaz,10,1.00,1.50,0.76,1.10,0,0,0,0,0,0,"","",8,3,3,1,2,0,3,1,0,2,8,7,2,2,6,5,8,10,44,56,1.04,0.88,0.88,0.87,1.98,33,33,33,33,10,0,58,33,55,7.10,5.55,2.90,3.20,2.52,1.57,2.31,5.75,10.00,1.91,1.80,Estadio Municipal de A Malata (Ferrol)
1729441800,Oct 20 2024 - 4:30pm,complete,N/A,Elche CF,Sporting Gijón,Manuel Jesús Orellana Cid,10,1.60,1.25,2.29,1.00,2,1,3,0,0,0,"49,66","77",4,4,0,0,7,0,0,0,1,6,5,6,2,1,3,5,11,25,43,57,1.26,0.97,0.72,0.88,2.13,58,58,33,33,0,13,58,33,78,8.25,5.35,2.10,3.10,3.10,1.44,2.10,4.50,9.00,1.83,1.83,N/A
1729441800,Oct 20 2024 - 4:30pm,complete,N/A,Real Zaragoza,Almería,Sergiu Claudiu Muresan,10,2.00,0.80,1.33,1.10,1,2,3,2,1,1,"12","9,67",8,1,2,0,6,0,0,2,2,4,7,6,3,3,4,3,15,13,57,43,1.83,1.17,1.17,0.87,3.54,64,80,80,47,37,64,80,64,100,11.40,4.87,2.10,3.30,3.00,1.28,1.91,3.30,6.25,1.83,1.83,Estadio de la Romareda (Zaragoza)
1729535400,Oct 21 2024 - 6:30pm,complete,9041,Albacete Balompié,Burgos CF,Carlos Muñiz Muñoz,10,1.00,1.75,1.86,1.00,2,0,2,2,2,0,"26,32","",2,7,0,0,1,0,0,0,1,0,15,8,9,3,6,5,4,11,40,60,1.41,1.31,1.91,1.10,2.50,38,63,25,25,13,13,50,38,88,10.75,3.75,1.98,3.40,3.45,1.30,2.01,3.40,6.50,1.83,1.83,Estadio Carlos Belmonte (Albacete)
1729616400,Oct 22 2024 - 5:00pm,complete,N/A,Real Oviedo,Mirandés,Álvaro Moreno Aragón,11,2.25,1.25,2.18,1.14,4,1,5,2,2,0,"41,45'3,73,82","86",5,3,1,0,3,0,0,1,1,2,13,4,8,2,5,2,13,16,53,47,1.48,0.81,1.76,0.59,1.88,38,38,25,25,13,25,38,13,88,9.25,5.25,1.68,3.20,5.98,1.48,2.94,5.00,9.50,2.38,1.53,Estadio Nuevo Carlos Tartiere (Oviedo)
1729623600,Oct 22 2024 - 7:00pm,complete,N/A,CD Castellón,Granada CF,Marta Huerta de Aza,11,1.40,2.00,1.52,1.33,2,3,5,3,2,1,"33,35","26,49,90'3",6,1,2,0,5,1,0,2,2,4,8,8,4,5,4,3,12,11,61,39,1.50,0.99,1.22,1.04,2.25,45,55,45,35,0,0,35,55,78,10.85,5.70,2.35,3.40,2.81,1.25,1.72,3.00,5.50,1.62,2.20,Estadio SkyFi Castalia (Castellón de la Plana)
1729702800,Oct 23 2024 - 5:00pm,complete,N/A,CD Eldense,Real Zaragoza,Dámaso Arcediano Monescillo,N/A,1.40,1.67,1.19,1.10,2,3,5,3,1,2,"11,72","34,45'4,80",4,2,1,0,3,0,1,0,0,3,14,7,6,4,8,3,13,13,56,44,1.35,1.36,1.67,0.89,2.57,57,65,55,27,19,29,64,45,64,11.57,5.90,2.75,3.10,2.75,1.53,2.30,5.00,9.50,2.05,1.67,N/A
1729702800,Oct 23 2024 - 5:00pm,complete,N/A,SD Eibar,Cádiz,Salvador Lax Franco,N/A,2.00,1.75,1.86,1.00,1,0,1,1,1,0,"31","",5,5,4,0,5,0,1,3,2,3,8,5,4,4,4,1,24,15,49,51,1.30,1.41,1.11,1.02,2.73,70,70,58,45,0,10,65,60,80,11.00,6.40,2.30,3.25,3.25,1.42,2.35,4.20,8.50,1.85,1.80,N/A
1729710000,Oct 23 2024 - 7:00pm,complete,N/A,FC Cartagena,Elche CF,Oliver De La Fuente Ramos,11,0.00,0.75,0.71,1.38,0,0,0,0,0,0,"","",3,5,1,0,0,0,1,0,0,0,8,13,2,3,6,10,11,17,25,75,1.03,1.13,0.83,1.35,2.00,25,50,50,0,0,0,75,50,75,10.75,6.50,4.30,3.35,1.93,1.48,2.40,4.75,9.50,2.10,1.62,Estadio Municipal Cartagonova (Cartagena)
1729710000,Oct 23 2024 - 7:00pm,complete,N/A,Racing Santander,Córdoba,Eder Mallo Fernández,11,1.60,0.20,1.86,1.10,2,0,2,0,0,0,"73,87","",7,2,2,0,5,1,0,2,2,4,12,11,7,4,5,7,11,17,51,49,1.34,1.12,1.65,1.26,2.60,60,60,50,40,10,20,80,40,80,11.40,4.60,1.91,3.60,3.95,1.25,1.75,2.80,5.00,1.60,2.15,Campos de Sport de El Sardinero (Santander)
1729789200,Oct 24 2024 - 5:00pm,complete,N/A,Almería,Albacete Balompié,Rubén Ávalos Barrera,N/A,1.25,1.40,2.19,0.90,3,1,4,2,1,1,"15,49,57","26",2,5,4,0,0,0,1,3,0,0,17,14,7,7,10,7,19,9,52,48,1.56,1.19,1.84,1.70,3.58,78,100,65,45,23,30,78,48,90,10.45,5.45,2.09,3.08,3.27,1.25,1.67,2.70,5.00,1.57,2.25,N/A
1729789200,Oct 24 2024 - 5:00pm,complete,N/A,Levante UD,Deportivo La Coruña,Rafael Sánchez López,11,2.00,1.00,2.19,1.29,2,1,3,2,2,0,"7,28","88",6,4,2,0,2,0,0,2,1,1,12,11,5,3,7,8,10,7,43,57,1.55,1.19,1.50,1.30,2.90,68,78,45,35,23,35,65,58,78,10.90,3.20,2.05,3.24,3.49,1.35,1.99,3.55,7.00,1.75,1.93,Estadio Ciudad de Valencia (Valencia)
1729796400,Oct 24 2024 - 7:00pm,complete,N/A,Burgos CF,Racing Club de Ferrol,José Luis Guzmán Mansilla,11,1.40,1.00,1.62,0.67,1,1,2,2,1,1,"30","45'1",2,5,0,0,2,0,0,0,2,0,11,3,2,1,9,2,9,11,48,52,1.27,0.78,1.27,0.46,1.95,33,43,33,33,0,10,23,33,88,9.55,4.30,1.76,3.47,3.94,1.36,2.30,3.85,8.00,2.00,1.73,Estadio Municipal de El Plantío (Burgos)
1729796400,Oct 24 2024 - 7:00pm,complete,N/A,Sporting Gijón,SD Huesca,N/A,N/A,2.00,1.40,1.67,1.10,2,1,3,1,1,0,"5,79","87",6,2,0,0,3,0,0,0,2,1,8,8,5,4,3,4,17,9,47,53,1.46,0.88,1.22,1.05,1.80,40,40,40,20,0,20,70,30,50,7.80,5.60,1.82,3.07,4.71,1.49,2.45,5.00,9.50,2.15,1.60,N/A
1729796400,Oct 24 2024 - 7:00pm,complete,N/A,CD Tenerife,Málaga CF,Saúl Ais Reig,11,0.80,1.00,1.33,0.76,0,0,0,0,0,0,"","",5,4,5,0,3,0,3,2,0,3,9,4,4,1,5,3,20,14,43,57,1.19,1.02,1.28,0.66,2.30,50,60,40,40,10,10,50,40,80,7.80,5.20,1.89,3.04,4.42,1.54,2.75,5.25,10.00,2.15,1.60,Estadio Heliodoro Rodríguez Lopéz (Santa Cruz de Tenerife (Tenerife))
1729952100,Oct 26 2024 - 2:15pm,complete,N/A,Cádiz,Real Oviedo,Iosu Galech Apezteguía,12,0.50,1.17,1.62,1.36,2,0,2,1,1,0,"45,86","",3,7,0,0,2,0,0,0,1,1,8,3,4,1,4,2,14,15,47,53,1.40,1.00,1.20,0.57,1.92,42,50,42,34,0,33,59,42,50,9.84,6.67,2.50,3.10,2.70,1.42,2.20,4.33,8.50,2.00,1.73,Estadio Nuevo Mirandilla (Cádiz)
1729952100,Oct 26 2024 - 2:15pm,complete,N/A,Mirandés,FC Cartagena,N/A,N/A,2.17,1.00,2.41,0.38,3,1,4,2,2,0,"11,26,61","64",4,4,0,0,1,0,0,0,0,1,9,8,6,5,3,3,17,8,49,51,0.98,0.72,1.32,1.24,1.84,34,50,34,9,0,9,75,25,59,7.33,4.50,1.72,3.40,4.50,1.57,2.10,4.50,9.00,2.20,1.62,N/A
1729960200,Oct 26 2024 - 4:30pm,complete,N/A,Córdoba,CD Eldense,N/A,12,2.20,1.00,1.52,0.95,2,0,2,1,1,0,"45'2,90'5","",2,6,1,0,2,1,1,0,1,2,14,6,9,3,5,3,15,13,48,52,1.43,0.99,1.78,0.85,2.30,60,70,50,30,0,20,60,50,60,10.60,7.80,1.98,3.30,3.50,1.36,2.00,3.75,7.50,1.83,1.83,N/A
1729960200,Oct 26 2024 - 4:30pm,complete,N/A,Real Zaragoza,CD Castellón,Manuel Jesús Orellana Cid,12,1.50,1.80,1.33,1.00,1,2,3,2,1,1,"8","1,76",2,5,3,0,4,0,1,2,3,1,8,7,4,4,4,3,20,21,41,59,1.67,1.19,1.04,1.06,3.55,68,90,80,33,33,48,90,55,80,10.85,3.55,1.90,3.30,3.70,1.38,2.10,3.80,7.50,1.91,1.80,Estadio de la Romareda (Zaragoza)
1730034000,Oct 27 2024 - 1:00pm,complete,N/A,Málaga CF,SD Eibar,Manuel Ángel Pérez Hernández,12,1.60,1.00,1.76,0.90,1,0,1,1,1,0,"15","",0,6,1,0,4,0,0,1,0,4,9,10,5,5,4,5,15,13,37,63,0.99,0.84,1.25,1.50,2.00,40,50,40,20,0,10,80,30,60,8.00,6.60,2.43,2.96,3.22,1.47,2.25,4.33,8.50,1.91,1.80,Estadio La Rosaleda (Málaga)
1730042100,Oct 27 2024 - 3:15pm,complete,N/A,Deportivo La Coruña,Racing Santander,Jon Ander González Esteban,N/A,1.00,3.00,1.24,1.52,1,2,3,2,0,2,"65","18,23",10,3,2,0,0,0,1,1,0,0,12,10,3,7,9,3,12,9,56,44,1.48,1.29,1.40,1.48,1.80,30,40,20,20,10,30,40,20,70,13.00,5.60,2.54,3.23,2.89,1.33,1.90,3.45,6.50,1.73,2.00,N/A
1730042100,Oct 27 2024 - 3:15pm,complete,N/A,Elche CF,Burgos CF,Miguel Sesma Espinosa,12,1.83,1.40,2.29,1.00,1,0,1,1,1,0,"25","",12,3,2,0,2,0,0,2,0,2,12,5,8,3,4,2,13,11,63,37,1.17,1.27,1.95,0.71,2.19,35,65,35,27,0,10,37,45,82,9.60,2.93,2.43,2.92,2.83,1.44,2.19,4.33,8.50,2.10,1.67,Estadio Manuel Martínez Valero (Elche)
1730050200,Oct 27 2024 - 5:30pm,complete,N/A,Albacete Balompié,Sporting Gijón,José Antonio Sánchez Villalobos,12,1.40,1.00,1.86,1.00,3,3,6,3,1,2,"42,79,90","6,9,85",12,5,2,0,3,0,1,1,1,2,19,7,11,5,8,2,5,8,56,44,1.51,0.95,2.55,1.05,2.50,60,70,30,20,10,30,70,30,70,9.00,6.00,2.37,3.11,3.26,1.40,2.12,4.20,8.50,1.83,1.83,Estadio Carlos Belmonte (Albacete)
1730050200,Oct 27 2024 - 5:30pm,complete,N/A,SD Huesca,Almería,Dámaso Arcediano Monescillo,12,2.00,1.17,1.95,1.10,2,2,4,1,1,0,"9,56","82,85",1,7,2,1,2,0,3,0,1,1,7,18,3,5,4,13,13,11,21,79,1.02,1.12,0.82,1.97,3.37,74,74,74,55,27,54,74,45,100,7.43,7.67,3.08,2.14,3.16,1.36,1.76,3.75,8.00,1.80,1.91,Estadio El Alcoraz (Huesca)
1730059200,Oct 27 2024 - 8:00pm,complete,N/A,Granada CF,Levante UD,Daniel Palencia Caballero,12,1.33,1.17,1.76,1.57,1,2,3,2,0,2,"58","18,31",3,7,1,0,0,0,0,1,0,0,9,11,5,8,4,3,13,16,58,42,1.65,1.06,1.45,1.49,2.67,59,75,59,34,0,33,67,42,83,10.00,5.00,2.21,4.56,2.29,1.42,1.94,4.33,8.50,2.00,1.73,Estadio Nuevo Los Cármenes (Granada)
1730143800,Oct 28 2024 - 7:30pm,complete,N/A,Racing Club de Ferrol,CD Tenerife,Sergiu Claudiu Muresan,12,1.00,0.20,0.76,0.38,1,1,2,2,1,1,"15","13",9,2,2,1,2,0,0,3,1,1,6,8,4,5,2,3,7,21,62,38,1.01,0.92,0.91,1.09,2.42,47,57,57,37,9,10,47,57,75,8.57,4.53,2.36,3.44,2.55,1.55,2.40,5.50,10.00,2.25,1.57,Estadio Municipal de A Malata (Ferrol)
1730552400,Nov 02 2024 - 1:00pm,complete,4389,SD Eibar,Elche CF,Rafael Sánchez López,13,2.17,0.80,1.86,1.38,0,2,2,2,0,2,"","41,45",3,6,3,0,0,0,1,2,0,0,11,8,6,3,5,5,17,8,56,44,1.27,1.18,1.46,1.08,1.80,17,37,37,17,0,9,72,29,55,10.20,6.07,2.31,3.02,3.17,1.48,2.37,4.75,9.00,1.95,1.73,Estadio Municipal de Ipurúa (Eibar)
1730560500,Nov 02 2024 - 3:15pm,complete,N/A,FC Cartagena,Deportivo La Coruña,José Luis Guzmán Mansilla,N/A,0.20,0.83,0.71,1.29,1,5,6,2,0,2,"69","7,25,48,88,89",9,3,2,0,1,0,1,1,0,1,14,16,4,12,10,4,14,6,43,57,0.99,1.21,1.50,2.08,2.22,54,62,45,9,9,17,72,37,72,10.17,3.33,3.77,3.17,2.01,1.38,2.18,3.85,8.00,1.83,1.85,N/A
1730560500,Nov 02 2024 - 3:15pm,complete,N/A,Sporting Gijón,Cádiz,Eder Mallo Fernández,N/A,2.17,1.40,1.67,1.00,2,0,2,1,1,0,"27,90'3","",2,5,3,0,1,0,0,3,1,0,4,5,2,0,2,5,11,10,41,59,1.42,1.33,0.61,0.80,2.57,74,74,64,29,0,17,72,65,74,11.13,6.03,2.10,3.20,3.43,1.42,2.23,4.33,8.50,1.95,1.80,N/A
1730568600,Nov 02 2024 - 5:30pm,complete,N/A,Racing Santander,Albacete Balompié,N/A,N/A,1.83,1.17,1.86,0.90,1,1,2,1,1,0,"22","66",3,6,2,0,3,0,0,2,1,2,15,9,8,4,7,5,14,9,59,41,1.39,1.29,1.88,1.17,3.00,67,84,67,42,9,42,75,50,83,9.67,4.67,1.78,3.67,4.00,1.22,1.72,2.80,4.75,1.65,2.15,N/A
1730568600,Nov 02 2024 - 5:30pm,complete,N/A,Real Zaragoza,Granada CF,Saúl Ais Reig,13,1.20,2.20,1.33,1.33,2,1,3,1,1,0,"1,63","84",1,4,2,0,2,2,1,1,1,3,8,10,6,3,2,7,17,14,43,57,1.54,1.00,1.21,1.15,3.20,70,80,80,40,20,50,80,50,90,9.80,6.80,2.13,3.18,3.31,1.33,2.11,3.75,7.50,1.80,1.95,Estadio de la Romareda (Zaragoza)
1730638800,Nov 03 2024 - 1:00pm,complete,N/A,Real Oviedo,Burgos CF,Salvador Lax Franco,13,2.40,1.17,2.18,1.00,3,1,4,2,1,1,"42,72,88","26",4,7,0,0,1,0,0,0,0,1,12,9,6,3,6,6,5,9,48,52,1.53,1.17,1.60,1.11,2.60,39,64,39,39,20,39,55,37,84,10.77,3.47,1.80,3.30,4.20,1.38,2.15,4.20,8.00,1.95,1.73,Estadio Nuevo Carlos Tartiere (Oviedo)
1730655000,Nov 03 2024 - 5:30pm,complete,N/A,CD Tenerife,Mirandés,Rubén Ávalos Barrera,13,0.83,1.00,1.33,1.14,1,0,1,1,1,0,"29","",3,6,1,0,3,1,0,1,2,2,4,4,2,1,2,3,10,11,44,56,1.21,0.77,0.66,0.82,1.82,37,45,19,19,19,10,45,19,82,7.40,6.53,2.08,2.95,4.30,1.62,2.94,6.25,11.00,2.35,1.50,Estadio Heliodoro Rodríguez Lopéz (Santa Cruz de Tenerife (Tenerife))
1731094200,Nov 08 2024 - 7:30pm,complete,N/A,Elche CF,Almería,Manuel Ángel Pérez Hernández,N/A,2.00,1.14,2.29,1.10,1,2,3,2,1,1,"4","37,54",4,1,3,0,7,0,0,3,4,3,13,11,4,6,9,5,22,18,58,42,1.28,1.24,1.45,1.35,2.72,57,57,57,43,15,29,57,50,86,9.43,4.86,1.58,5.01,3.62,1.33,1.90,3.45,6.50,1.73,1.95,N/A
1731165300,Nov 09 2024 - 3:15pm,complete,N/A,Mirandés,Cádiz,N/A,N/A,2.29,1.17,2.41,1.00,2,2,4,2,1,1,"4,60","42,67",9,2,1,0,3,0,1,0,3,0,10,4,3,2,7,2,15,16,39,61,1.03,1.24,1.15,0.66,2.05,41,56,32,24,0,7,77,41,56,10.53,5.10,2.63,2.80,2.63,1.52,2.65,5.25,10.00,2.20,1.62,N/A
1731173400,Nov 09 2024 - 5:30pm,complete,N/A,SD Huesca,Real Zaragoza,Jon Ander González Esteban,14,1.83,1.86,1.95,1.10,1,1,2,1,1,0,"24","64",8,3,3,0,1,0,0,3,0,1,10,10,4,3,6,7,13,6,43,57,0.98,1.30,1.19,1.16,3.11,63,70,70,55,23,31,77,54,86,7.88,7.43,3.04,3.00,2.57,1.50,2.75,5.25,10.00,2.05,1.65,Estadio El Alcoraz (Huesca)
1731173400,Nov 09 2024 - 5:30pm,complete,N/A,Granada CF,CD Eldense,Miguel González Díaz,14,1.14,0.83,1.76,0.95,3,2,5,2,2,0,"17,45'1,90","49,53",5,5,4,0,4,0,0,4,0,4,9,9,4,6,5,3,14,5,49,51,1.62,0.97,1.20,1.31,2.50,61,77,52,30,0,38,77,38,68,10.10,6.43,1.77,3.74,4.58,1.30,2.00,3.40,6.50,1.85,1.83,Estadio Nuevo Los Cármenes (Granada)
1731182400,Nov 09 2024 - 8:00pm,complete,N/A,Málaga CF,FC Cartagena,Álvaro Moreno Aragón,14,1.83,0.86,1.76,0.38,1,0,1,1,1,0,"45'5","",8,2,3,0,3,0,1,2,2,1,15,5,6,2,9,3,12,16,74,26,1.03,0.79,2.03,0.69,2.27,52,68,52,15,0,23,77,37,75,6.24,5.74,1.79,3.40,5.01,1.49,2.25,4.75,9.50,2.15,1.60,Estadio La Rosaleda (Málaga)
1731243600,Nov 10 2024 - 1:00pm,complete,N/A,Córdoba,CD Castellón,Daniel Palencia Caballero,14,2.33,2.00,1.52,1.00,2,2,4,2,0,2,"47,77","9,45",8,6,4,0,4,0,2,2,1,3,14,11,7,6,7,5,18,19,59,41,1.49,1.17,1.67,1.30,3.00,59,83,59,33,17,17,67,50,75,9.33,5.50,2.05,3.40,3.25,1.22,1.62,2.65,4.75,1.50,2.35,Estadio Nuevo Arcángel (Córdoba)
1731251700,Nov 10 2024 - 3:15pm,complete,N/A,Burgos CF,Sporting Gijón,Dámaso Arcediano Monescillo,N/A,1.33,1.00,1.62,1.00,0,2,2,1,0,1,"","39,78",5,4,1,0,1,0,1,0,0,1,11,9,5,4,6,5,12,11,64,36,1.27,0.97,1.44,1.14,2.67,67,75,42,33,9,33,50,42,83,9.50,6.50,2.35,3.10,2.88,1.40,2.20,4.20,8.00,1.83,1.83,N/A
1731251700,Nov 10 2024 - 3:15pm,complete,N/A,Racing Club de Ferrol,Racing Santander,Miguel Sesma Espinosa,14,1.00,3.00,0.76,1.52,1,2,3,2,0,2,"59","13,33",5,2,2,0,3,0,0,2,0,3,9,10,1,4,8,6,17,12,50,50,1.00,1.33,1.04,1.18,2.18,47,47,40,31,16,32,47,23,72,9.88,5.43,3.10,3.10,2.25,1.38,2.08,3.80,7.50,1.77,1.90,Estadio Municipal de A Malata (Ferrol)
1731259800,Nov 10 2024 - 5:30pm,complete,N/A,Albacete Balompié,Real Oviedo,N/A,N/A,1.33,1.00,1.86,1.36,2,2,4,2,1,1,"45'1,62","30,58",2,2,2,0,3,0,2,0,0,3,5,10,3,5,2,5,7,13,46,54,1.68,0.94,0.96,1.29,2.23,40,55,24,24,17,40,70,24,48,11.86,4.96,2.50,3.00,2.93,1.36,2.07,3.90,8.00,1.83,1.83,N/A
1731353400,Nov 11 2024 - 7:30pm,complete,N/A,Deportivo La Coruña,SD Eibar,José Antonio Sánchez Villalobos,14,0.83,0.83,1.24,0.90,1,0,1,0,0,0,"90'1","",7,6,1,0,2,0,0,1,0,2,10,12,4,4,6,8,10,18,48,52,1.47,0.95,1.29,1.38,1.75,33,42,25,17,0,17,67,25,50,12.83,5.17,1.83,3.21,3.68,1.38,2.05,3.95,8.00,1.85,1.80,Estadio Abanca-Riazor (A Coruña (La Coruña))
1731762000,Nov 16 2024 - 1:00pm,complete,N/A,SD Eibar,Racing Club de Ferrol,Marta Huerta de Aza,15,1.86,1.00,1.86,0.67,2,0,2,0,0,0,"46,67","",6,4,2,0,1,0,1,1,0,1,13,5,5,2,8,3,14,10,45,55,1.29,0.71,1.48,0.80,1.80,35,42,25,25,0,25,63,17,52,8.71,4.31,1.77,3.25,4.94,1.45,2.29,4.50,8.50,2.20,1.62,Estadio Municipal de Ipurúa (Eibar)
1731770100,Nov 16 2024 - 3:15pm,complete,10987,CD Castellón,Mirandés,José Luis Guzmán Mansilla,15,1.17,0.83,1.52,1.14,1,3,4,3,0,3,"90","20,24,29",7,7,2,1,1,0,2,1,0,1,10,16,6,9,4,7,11,13,69,31,1.45,0.78,1.58,1.85,2.09,42,50,34,25,17,17,42,42,75,10.33,4.83,1.70,3.75,4.45,1.30,1.81,3.40,6.50,1.83,1.83,Estadio SkyFi Castalia (Castellón de la Plana)
1731770100,Nov 16 2024 - 3:15pm,complete,5069,CD Eldense,Albacete Balompié,Oliver De La Fuente Ramos,15,1.17,1.14,1.19,0.90,2,0,2,1,1,0,"20,52","",4,6,2,0,1,0,1,1,1,0,8,8,3,1,5,7,13,10,49,51,1.41,1.27,0.93,0.96,3.23,85,92,69,38,24,54,77,40,77,9.86,4.88,2.18,3.27,3.18,1.35,1.91,3.65,7.00,1.80,1.91,Estadio Municipal Nuevo Pepico Amat (Elda)
1731778200,Nov 16 2024 - 5:30pm,complete,N/A,Racing Santander,Burgos CF,Saúl Ais Reig,15,1.71,1.00,1.86,1.00,2,0,2,2,2,0,"12,24","",1,7,1,1,5,0,1,1,2,3,3,7,3,5,0,2,18,21,40,60,1.46,1.16,0.60,1.16,2.36,43,71,36,29,0,22,64,50,79,11.14,3.57,1.60,3.95,5.25,1.22,1.70,2.80,5.00,1.73,1.95,Campos de Sport de El Sardinero (Santander)
1731778200,Nov 16 2024 - 5:30pm,complete,N/A,Levante UD,Elche CF,Iosu Galech Apezteguía,15,2.20,1.17,2.19,1.38,1,1,2,1,0,1,"73","33",5,5,3,0,4,0,0,3,2,2,8,11,2,9,6,2,9,15,44,56,1.54,1.16,0.96,1.61,2.34,40,65,47,20,10,39,64,47,65,10.93,4.83,2.35,3.10,3.00,1.38,2.13,4.00,8.00,1.83,1.83,Estadio Ciudad de Valencia (Valencia)
1731787200,Nov 16 2024 - 8:00pm,complete,N/A,Sporting Gijón,Granada CF,Rafael Sánchez López,15,2.29,1.83,1.67,1.33,1,2,3,0,0,0,"60","54,82",4,0,0,0,1,0,0,0,0,1,9,8,5,5,4,3,17,7,54,46,1.31,1.03,1.31,1.01,2.65,62,69,62,32,9,23,77,55,77,8.53,6.83,1.90,3.40,3.85,1.36,2.05,3.75,7.50,1.83,1.85,Estadio Municipal El Molinón (Gijón)
1731856500,Nov 17 2024 - 3:15pm,complete,N/A,Cádiz,Córdoba,Andrés Fuentes Molina,15,0.86,0.17,1.62,1.10,2,0,2,2,2,0,"38,45'1","",5,9,4,0,5,0,2,2,3,2,10,12,5,2,5,10,14,15,43,57,1.36,1.14,1.24,1.33,2.54,47,69,45,38,9,23,69,45,85,8.83,6.04,1.80,3.30,3.90,1.35,1.95,3.70,7.50,1.83,1.83,Estadio Nuevo Mirandilla (Cádiz)
1731856500,Nov 17 2024 - 3:15pm,complete,N/A,Real Oviedo,CD Tenerife,Germán Cid Camacho,N/A,2.50,0.33,2.18,0.38,3,1,4,2,2,0,"9,16,68","81",4,4,4,0,2,0,1,3,1,1,13,11,7,3,6,8,21,11,46,54,1.54,0.95,1.55,1.20,3.08,67,75,67,50,17,50,67,59,92,8.50,3.67,1.75,3.10,4.50,1.48,2.47,5.25,10.00,2.50,1.50,N/A
1731864600,Nov 17 2024 - 5:30pm,complete,N/A,Almería,Deportivo La Coruña,Sergiu Claudiu Muresan,15,1.60,1.14,2.19,1.29,2,1,3,3,2,1,"31,45'1","35",7,4,0,0,1,0,0,0,0,1,13,7,6,5,7,2,10,11,54,46,1.62,1.33,1.70,1.02,3.55,76,93,59,45,25,32,83,62,93,11.06,3.89,1.73,3.50,3.90,1.25,1.65,2.90,5.25,1.62,2.20,UD Almería Stadium (Almería)
1731864600,Nov 17 2024 - 5:30pm,complete,N/A,FC Cartagena,SD Huesca,Eder Mallo Fernández,15,0.17,1.17,0.71,1.10,1,0,1,1,1,0,"14","",4,5,1,0,0,0,0,1,0,0,9,13,3,5,6,8,5,12,44,56,1.08,0.91,1.03,1.51,2.00,42,42,42,17,9,9,67,42,59,8.17,5.33,2.75,2.75,2.60,1.55,2.85,5.75,11.00,2.20,1.62,Estadio Municipal Cartagonova (Cartagena)
1731873600,Nov 17 2024 - 8:00pm,complete,18054,Real Zaragoza,Málaga CF,Salvador Lax Franco,15,1.50,1.00,1.33,0.76,0,0,0,0,0,0,"","",5,5,4,0,4,1,1,3,4,1,19,6,8,2,11,4,15,13,61,39,1.49,0.96,2.16,0.76,2.67,67,75,75,34,9,42,67,50,75,9.33,4.33,1.80,3.10,4.00,1.48,2.25,4.75,9.00,2.10,1.67,Estadio de la Romareda (Zaragoza)
1732129200,Nov 20 2024 - 7:00pm,complete,N/A,CD Eldense,SD Huesca,Manuel Ángel Pérez Hernández,13,1.43,1.00,1.19,1.10,2,1,3,1,1,0,"45,79","83",4,5,4,0,2,0,1,3,0,2,7,9,3,2,4,7,17,17,48,52,1.34,1.00,0.92,0.97,2.29,50,58,43,22,15,22,71,36,57,8.57,5.00,2.05,2.90,3.60,1.57,2.65,5.25,10.00,2.20,1.62,Estadio Municipal Nuevo Pepico Amat (Elda)
1732303800,Nov 22 2024 - 7:30pm,complete,N/A,Racing Club de Ferrol,Levante UD,Manuel Jesús Orellana Cid,N/A,0.88,1.43,0.76,1.57,0,0,0,0,0,0,"","",6,4,2,0,2,0,1,1,1,1,6,7,3,2,3,5,18,11,49,51,1.00,1.12,0.93,0.97,2.22,54,61,48,20,7,34,61,27,68,10.20,4.38,3.10,2.85,2.33,1.53,2.63,4.75,9.50,2.10,1.67,N/A
1732366800,Nov 23 2024 - 1:00pm,complete,N/A,FC Cartagena,Almería,Daniel Palencia Caballero,16,0.57,1.38,0.71,1.10,1,2,3,2,1,1,"35","24,65",5,3,2,0,1,0,0,2,1,0,8,18,4,4,4,14,20,13,36,64,1.07,1.26,0.96,1.67,2.76,59,59,59,32,20,39,73,47,79,9.31,5.74,7.21,1.40,3.87,1.30,2.01,3.40,6.25,1.83,1.83,Estadio Municipal Cartagonova (Cartagena)
1732374900,Nov 23 2024 - 3:15pm,complete,N/A,Granada CF,Cádiz,Dámaso Arcediano Monescillo,16,1.38,1.14,1.76,1.00,0,0,0,0,0,0,"","",5,4,4,0,3,0,2,2,1,2,22,7,3,5,19,2,15,15,56,44,1.57,1.16,1.99,0.94,3.06,73,87,66,47,7,32,73,61,87,10.52,6.20,2.17,3.16,3.02,1.33,2.00,3.75,7.50,1.83,1.83,Estadio Nuevo Los Cármenes (Granada)
1732383000,Nov 23 2024 - 5:30pm,complete,N/A,Burgos CF,SD Eibar,Miguel González Díaz,16,1.14,0.71,1.62,0.90,1,0,1,0,0,0,"67","",-1,-1,2,0,4,0,0,2,1,3,-1,-1,-1,-1,-1,-1,-1,-1,-1,-1,1.29,1.01,0.00,0.00,2.08,36,50,29,29,0,15,57,29,72,9.43,5.14,2.31,2.93,3.30,1.45,2.50,4.75,9.50,2.00,1.73,Estadio Municipal de El Plantío (Burgos)
1732383000,Nov 23 2024 - 5:30pm,complete,N/A,Córdoba,Real Zaragoza,Álvaro Moreno Aragón,16,2.14,1.75,1.52,1.10,2,2,4,2,1,1,"30,58","16,56",10,2,5,0,4,0,1,4,1,3,8,3,5,3,3,0,16,16,59,41,1.52,1.28,1.36,0.57,2.67,54,75,54,41,13,20,66,54,81,10.36,6.56,2.31,3.20,3.00,1.36,2.23,3.75,8.00,1.83,1.83,Estadio Nuevo Arcángel (Córdoba)
1732392000,Nov 23 2024 - 8:00pm,complete,N/A,Málaga CF,Racing Santander,Carlos Muñiz Muñoz,16,2.00,3.00,1.76,1.52,0,0,0,0,0,0,"","",3,2,2,0,3,0,1,1,3,0,21,11,5,7,16,4,18,8,43,57,1.17,1.30,2.01,1.52,2.07,43,50,43,15,7,36,72,14,72,8.15,6.14,2.35,2.79,2.58,1.48,2.25,4.00,8.50,1.83,1.83,Estadio La Rosaleda (Málaga)
1732453200,Nov 24 2024 - 1:00pm,complete,N/A,Albacete Balompié,CD Tenerife,Miguel Sesma Espinosa,N/A,1.29,0.29,1.86,0.38,2,1,3,1,1,0,"34,81","76",5,4,2,0,1,0,0,2,1,0,9,6,3,2,6,4,9,8,43,57,1.58,0.99,1.14,0.90,3.15,64,79,57,43,15,50,79,57,79,8.72,3.85,2.04,3.25,3.55,1.40,2.20,4.20,8.00,1.91,1.80,N/A
1732461300,Nov 24 2024 - 3:15pm,complete,N/A,Deportivo La Coruña,Sporting Gijón,Manuel Ángel Pérez Hernández,16,1.14,1.29,1.24,1.00,1,1,2,0,0,0,"84","77",1,8,1,0,1,0,0,1,1,0,3,12,3,5,0,7,6,9,50,50,1.44,0.99,0.72,1.51,2.15,50,65,29,15,7,29,57,29,72,12.86,5.57,2.08,2.85,2.96,1.36,2.05,3.75,7.50,1.83,1.83,Estadio Abanca-Riazor (A Coruña (La Coruña))
1732461300,Nov 24 2024 - 3:15pm,complete,N/A,Mirandés,CD Eldense,Marta Huerta de Aza,16,2.13,0.71,2.41,0.95,1,0,1,0,0,0,"71","",4,5,3,0,2,0,1,2,1,1,9,9,3,2,6,7,13,16,42,58,1.05,1.02,0.98,1.02,2.09,41,55,34,27,7,34,87,34,48,10.09,5.38,2.10,2.86,3.38,1.55,2.40,4.75,10.00,2.20,1.62,Estadio Municipal de Anduva (Miranda de Ebro)
1732469400,Nov 24 2024 - 5:30pm,complete,N/A,SD Huesca,CD Castellón,José Antonio Sánchez Villalobos,16,1.71,1.86,1.95,1.00,1,1,2,0,0,0,"83","70",4,8,3,0,3,0,1,2,0,3,10,20,3,6,7,14,10,10,34,66,1.02,1.19,1.05,2.19,3.43,79,86,71,50,22,36,86,50,86,8.00,6.29,2.52,3.06,2.52,1.33,2.04,3.75,7.50,1.80,1.91,Estadio El Alcoraz (Huesca)
1732478400,Nov 24 2024 - 8:00pm,complete,N/A,Elche CF,Real Oviedo,Jon Ander González Esteban,16,1.75,1.00,2.29,1.36,4,0,4,2,2,0,"5,45'3,53,83","",6,0,3,0,4,0,1,2,1,3,20,7,9,1,11,6,11,10,48,52,1.30,0.98,2.16,0.81,1.88,44,50,38,25,0,26,57,32,57,10.38,4.88,2.07,2.85,3.24,1.50,2.45,4.75,10.00,2.20,1.62,Estadio Manuel Martínez Valero (Elche)
1732649400,Nov 26 2024 - 7:30pm,complete,N/A,Almería,Córdoba,Oliver De La Fuente Ramos,13,1.83,0.14,2.19,1.10,4,0,4,0,0,0,"57,61,76,82","",2,3,0,0,3,0,0,0,0,3,9,9,7,3,2,6,13,22,54,46,1.63,1.17,1.27,1.11,3.05,63,86,48,40,16,31,77,48,77,11.76,5.74,1.65,3.80,4.40,1.20,1.63,2.75,4.75,1.66,2.15,UD Almería Stadium (Almería)
1732730400,Nov 27 2024 - 6:00pm,complete,N/A,CD Castellón,Racing Club de Ferrol,Iosu Galech Apezteguía,13,1.00,0.83,1.52,0.67,0,0,0,0,0,0,"","",8,4,0,0,1,0,0,0,0,1,12,12,7,5,5,7,14,9,64,36,1.47,0.73,1.71,1.33,2.19,45,61,37,30,7,23,38,45,77,10.57,3.21,1.63,4.15,5.00,1.28,1.82,3.20,6.25,1.85,1.83,Estadio SkyFi Castalia (Castellón de la Plana)
1732730400,Nov 27 2024 - 6:00pm,complete,N/A,Levante UD,Málaga CF,Germán Cid Camacho,13,2.00,1.00,2.19,0.76,4,2,6,4,2,2,"14,33,81,90'5","16,41",7,3,2,0,1,0,0,2,0,1,21,12,8,4,13,8,12,15,48,52,1.45,0.93,2.22,1.36,2.27,63,63,47,38,9,32,48,47,63,9.64,5.03,1.79,3.70,4.45,1.36,2.00,3.71,6.87,1.95,1.73,Estadio Ciudad de Valencia (Valencia)
1732908600,Nov 29 2024 - 7:30pm,complete,N/A,Real Oviedo,SD Huesca,Iosu Galech Apezteguía,17,2.57,0.88,2.18,1.10,0,3,3,1,0,1,"","15,48,81",3,4,4,0,3,0,1,3,1,2,16,9,4,8,12,1,12,14,66,34,1.54,0.99,1.65,1.33,2.59,55,55,55,42,15,36,73,48,75,8.27,4.61,1.75,3.35,5.40,1.53,2.60,5.00,9.50,2.38,1.53,Estadio Nuevo Carlos Tartiere (Oviedo)
1732979700,Nov 30 2024 - 3:15pm,complete,N/A,Almería,Granada CF,Eder Mallo Fernández,17,2.00,2.00,2.19,1.33,2,1,3,1,0,1,"83,87","45'1",7,1,2,0,2,0,1,1,1,1,16,8,7,5,9,3,16,13,56,44,1.58,1.02,1.84,1.02,3.36,71,86,71,50,14,22,64,71,86,8.85,6.15,1.85,3.50,3.70,1.25,1.75,3.00,5.50,1.67,2.05,UD Almería Stadium (Almería)
1732979700,Nov 30 2024 - 3:15pm,complete,N/A,Real Zaragoza,Albacete Balompié,José Luis Guzmán Mansilla,17,1.43,1.00,1.33,0.90,0,1,1,0,0,0,"","75",6,1,3,0,1,0,0,3,0,1,12,7,2,2,10,5,18,9,67,33,1.58,1.23,1.37,0.86,3.00,73,93,75,26,14,54,87,34,87,9.42,4.79,1.83,3.50,3.80,1.33,1.95,3.55,7.00,1.83,1.85,Estadio de la Romareda (Zaragoza)
1732987800,Nov 30 2024 - 5:30pm,complete,N/A,Cádiz,Deportivo La Coruña,Salvador Lax Franco,17,1.13,1.00,1.62,1.29,2,4,6,2,1,1,"40,66","35,57,81,84",5,3,5,0,3,1,0,5,1,3,8,11,5,6,3,5,19,9,53,47,1.35,1.29,1.21,1.33,2.88,57,82,57,32,13,44,82,44,75,8.88,4.13,2.01,2.97,3.18,1.35,2.04,3.70,7.00,1.80,1.85,Estadio Nuevo Mirandilla (Cádiz)
1732987800,Nov 30 2024 - 5:30pm,complete,N/A,Racing Santander,Mirandés,Sergiu Claudiu Muresan,17,1.88,1.14,1.86,1.14,0,1,1,0,0,0,"","89",11,3,2,0,3,1,0,2,1,3,10,8,2,4,8,4,10,20,67,33,1.35,0.93,1.11,1.07,2.19,47,59,34,27,7,27,66,32,73,9.42,5.27,1.67,3.22,4.15,1.36,1.93,3.80,7.50,1.95,1.73,Campos de Sport de El Sardinero (Santander)
1732996800,Nov 30 2024 - 8:00pm,complete,N/A,CD Tenerife,Elche CF,Daniel Palencia Caballero,17,1.14,1.14,1.33,1.38,1,1,2,1,1,0,"30","90",2,6,4,1,5,1,1,4,3,3,11,5,2,3,9,2,21,19,40,60,1.13,1.23,1.12,0.76,1.71,22,50,22,7,7,7,64,22,64,9.15,6.00,2.78,2.76,2.49,1.57,2.75,6.00,11.00,2.25,1.57,Estadio Heliodoro Rodríguez Lopéz (Santa Cruz de Tenerife (Tenerife))
1733058000,Dec 01 2024 - 1:00pm,complete,N/A,CD Castellón,Málaga CF,Oliver De La Fuente Ramos,17,1.00,0.88,1.52,0.76,2,0,2,1,1,0,"25,72","",3,3,2,0,3,0,0,2,1,2,10,5,8,2,2,3,11,17,47,53,1.50,0.98,1.50,0.90,2.32,50,57,50,44,13,25,38,50,63,10.75,4.13,1.93,3.41,3.97,1.55,1.93,3.70,7.00,1.80,1.91,Estadio SkyFi Castalia (Castellón de la Plana)
1733074200,Dec 01 2024 - 5:30pm,complete,N/A,CD Eldense,Racing Club de Ferrol,Germán Cid Camacho,N/A,1.63,0.86,1.19,0.67,0,0,0,0,0,0,"","",6,2,2,0,4,0,0,2,0,4,12,3,2,1,10,2,11,11,49,51,1.29,0.81,1.18,0.48,2.22,52,66,39,20,13,26,52,40,66,9.50,3.81,1.96,2.80,3.56,1.50,2.65,5.00,9.50,2.20,1.62,Estadio Municipal Nuevo Pepico Amat (Elda)
1733074200,Dec 01 2024 - 5:30pm,complete,N/A,Levante UD,Burgos CF,Rafael Sánchez López,17,2.14,0.88,2.19,1.00,3,1,4,2,1,1,"35,84,90'2","20",3,0,0,0,0,0,0,0,0,0,6,6,3,3,3,3,9,11,48,52,1.56,1.16,0.93,0.93,2.77,56,81,41,34,15,48,67,48,75,11.34,4.14,1.69,3.23,4.03,1.35,2.08,3.85,8.00,1.91,1.80,Estadio Ciudad de Valencia (Valencia)
1733083200,Dec 01 2024 - 8:00pm,complete,N/A,Sporting Gijón,Córdoba,Saúl Ais Reig,17,2.00,0.13,1.67,1.10,2,0,2,1,1,0,"44,85","",5,7,1,0,2,0,0,1,1,1,7,8,5,4,2,4,14,12,46,54,1.31,1.16,1.15,1.11,2.51,51,75,51,26,7,25,69,44,75,9.88,5.25,1.86,3.17,3.73,1.35,2.00,3.80,7.50,1.91,1.80,Estadio Municipal El Molinón (Gijón)
1733167800,Dec 02 2024 - 7:30pm,complete,N/A,SD Eibar,FC Cartagena,Andrés Fuentes Molina,17,2.00,0.75,1.86,0.38,1,0,1,1,1,0,"27","",4,1,0,0,1,0,0,0,0,1,13,4,7,2,6,2,8,11,60,40,1.32,0.78,1.66,0.71,2.32,44,63,44,25,0,25,75,38,69,7.38,5.26,1.50,3.60,6.00,1.42,2.25,4.33,9.00,2.38,1.53,Estadio Municipal de Ipurúa (Eibar)
1733513400,Dec 06 2024 - 7:30pm,complete,N/A,Mirandés,Levante UD,Dámaso Arcediano Monescillo,18,2.22,1.38,2.41,1.57,2,1,3,0,0,0,"87,90'3","56",2,4,3,0,3,0,1,2,1,2,7,11,3,2,4,9,10,21,54,46,1.04,1.10,1.06,1.11,1.90,36,48,36,18,0,30,71,24,60,9.72,3.56,2.74,3.04,2.79,1.45,2.34,4.50,8.00,2.00,1.73,Estadio Municipal de Anduva (Miranda de Ebro)
1733576400,Dec 07 2024 - 1:00pm,complete,N/A,Elche CF,Cádiz,Miguel Sesma Espinosa,18,1.89,1.13,2.29,1.00,2,1,3,1,0,1,"82,90'4","8",4,1,2,0,3,1,2,0,2,2,17,7,9,4,8,3,12,14,80,20,1.40,1.13,2.22,0.79,2.42,54,66,53,36,0,18,60,54,77,10.11,5.28,1.85,3.10,4.20,1.42,2.19,4.50,8.50,2.05,1.72,Estadio Manuel Martínez Valero (Elche)
1733584500,Dec 07 2024 - 3:15pm,complete,N/A,Granada CF,Racing Santander,Manuel Ángel Pérez Hernández,18,1.33,2.75,1.76,1.52,3,0,3,1,1,0,"23,52,76","",2,4,5,0,3,0,2,3,1,2,15,7,6,3,9,4,22,9,37,63,1.61,1.33,1.54,0.99,2.57,59,64,59,35,12,47,59,29,83,8.96,5.78,1.95,3.30,3.30,1.28,1.80,3.10,5.75,1.62,2.10,Estadio Nuevo Los Cármenes (Granada)
1733592600,Dec 07 2024 - 5:30pm,complete,N/A,Deportivo La Coruña,Real Zaragoza,Oliver De La Fuente Ramos,18,1.13,1.67,1.24,1.10,1,1,2,1,1,0,"7","90'2",2,5,5,0,3,0,1,4,2,1,5,19,2,4,3,15,11,17,47,53,1.35,1.20,0.66,1.95,2.14,47,59,35,22,11,29,58,41,71,11.85,4.97,2.05,3.47,3.86,1.35,2.02,3.75,7.50,1.83,1.85,Estadio Abanca-Riazor (A Coruña (La Coruña))
1733601600,Dec 07 2024 - 8:00pm,complete,N/A,SD Huesca,SD Eibar,Álvaro Moreno Aragón,18,1.63,0.63,1.95,0.90,2,1,3,2,1,1,"39,78","9",4,8,3,0,3,0,1,2,1,2,7,11,5,6,2,5,10,11,40,60,1.02,1.01,0.99,1.46,2.44,57,57,44,38,7,13,69,38,82,8.17,6.88,2.54,2.96,3.29,1.50,2.80,5.25,10.00,2.10,1.62,Estadio El Alcoraz (Huesca)
1733662800,Dec 08 2024 - 1:00pm,complete,N/A,Racing Club de Ferrol,Real Oviedo,Carlos Muñiz Muñoz,18,0.89,0.89,0.76,1.36,1,5,6,1,0,1,"87","42,52,63,90'1,90'8",1,5,2,0,1,0,0,2,0,1,3,19,2,13,1,6,12,18,52,48,1.00,0.96,0.55,2.50,1.84,39,50,33,28,6,33,56,28,44,10.45,5.66,3.40,2.90,2.23,1.57,2.60,5.50,10.00,2.25,1.57,Estadio Municipal de A Malata (Ferrol)
1733670900,Dec 08 2024 - 3:15pm,complete,N/A,Málaga CF,Almería,Miguel González Díaz,18,1.88,1.56,1.76,1.10,1,1,2,1,1,0,"12","90'6",3,10,2,0,5,0,0,2,1,4,3,16,0,7,3,9,21,12,43,57,1.28,1.30,0.47,1.99,2.36,52,58,52,22,11,40,77,29,69,7.91,6.56,3.18,3.40,2.24,1.30,1.85,3.40,6.50,1.73,2.00,Estadio La Rosaleda (Málaga)
1733679000,Dec 08 2024 - 5:30pm,complete,N/A,Albacete Balompié,CD Castellón,Marta Huerta de Aza,18,1.50,1.75,1.86,1.00,0,0,0,0,0,0,"","",4,6,0,0,1,0,0,0,1,0,7,2,2,0,5,2,5,12,30,70,1.53,1.32,0.89,0.71,3.32,69,82,57,38,25,44,82,57,75,10.01,4.25,2.20,3.60,2.88,1.18,1.60,2.45,4.50,1.50,2.50,Estadio Carlos Belmonte (Albacete)
1733679000,Dec 08 2024 - 5:30pm,complete,N/A,Burgos CF,CD Eldense,Jon Ander González Esteban,18,1.38,0.63,1.62,0.95,1,0,1,0,0,0,"90'4","",12,2,2,0,2,0,0,2,0,2,14,10,4,2,10,8,10,9,53,47,1.29,1.02,1.55,1.02,2.19,44,63,32,25,7,32,57,32,76,9.89,5.88,2.10,3.30,3.40,1.38,2.15,4.00,8.00,1.91,1.80,Estadio Municipal de El Plantío (Burgos)
1733688000,Dec 08 2024 - 8:00pm,complete,N/A,Córdoba,CD Tenerife,Rafael Sánchez López,18,2.00,0.25,1.52,0.38,3,0,3,1,1,0,"45,83,90'8","",12,4,3,0,1,0,1,2,1,0,18,4,7,1,11,3,15,10,57,43,1.50,0.98,2.06,0.46,2.94,69,88,69,44,0,32,69,69,88,9.76,5.63,1.85,3.40,4.00,1.42,2.25,4.33,8.50,2.00,1.73,Estadio Nuevo Arcángel (Córdoba)
1733772600,Dec 09 2024 - 7:30pm,complete,N/A,FC Cartagena,Sporting Gijón,José Antonio Sánchez Villalobos,18,0.50,1.25,0.71,1.00,1,0,1,0,0,0,"71","",3,6,1,0,2,1,0,1,0,3,10,9,8,3,2,6,9,14,45,55,1.06,1.06,1.44,1.18,2.50,63,69,44,19,13,25,69,44,76,10.13,5.26,3.80,3.40,1.95,1.42,2.14,4.50,8.50,2.10,1.67,Estadio Municipal Cartagonova (Cartagena)
1734118200,Dec 13 2024 - 7:30pm,complete,N/A,Almería,Mirandés,Saúl Ais Reig,19,2.13,1.38,2.19,1.14,1,0,1,1,1,0,"7","",2,4,6,0,2,0,2,4,1,1,7,9,4,3,3,6,23,17,41,59,1.61,0.95,0.94,1.18,2.76,57,69,50,38,13,25,63,44,82,10.01,5.13,1.44,4.00,5.75,1.30,1.75,3.40,6.50,2.00,1.70,UD Almería Stadium (Almería)
1734181200,Dec 14 2024 - 1:00pm,complete,N/A,Levante UD,Córdoba,Salvador Lax Franco,19,2.25,0.11,2.19,1.10,2,2,4,0,0,0,"56,72","46,90'4",5,5,0,0,3,0,0,0,1,2,6,9,3,4,3,5,10,18,54,46,1.48,1.16,0.84,1.26,2.97,61,83,48,42,18,43,71,48,83,10.71,5.21,1.75,3.75,4.20,1.22,1.73,2.85,5.00,1.67,2.10,Estadio Ciudad de Valencia (Valencia)
1734189300,Dec 14 2024 - 3:15pm,complete,N/A,Cádiz,Albacete Balompié,Eder Mallo Fernández,19,1.00,1.22,1.62,0.90,1,0,1,0,0,0,"89","",2,2,1,0,1,0,0,1,0,1,12,6,3,1,9,5,10,9,50,50,1.33,1.18,1.30,0.73,2.89,56,84,56,39,11,44,78,39,84,8.00,5.44,2.00,3.40,3.50,1.33,2.00,3.60,7.00,1.80,1.91,Estadio Nuevo Mirandilla (Cádiz)
1734189300,Dec 14 2024 - 3:15pm,complete,N/A,CD Castellón,FC Cartagena,Germán Cid Camacho,19,1.22,0.67,1.52,0.38,4,1,5,2,2,0,"11,14,50,70","64",5,1,1,0,4,0,1,0,3,1,20,9,12,7,8,2,9,10,73,27,1.50,0.77,2.50,1.28,2.39,50,67,50,28,6,22,61,44,78,8.66,4.00,1.50,3.90,6.50,1.22,2.00,2.80,5.00,1.83,1.83,Estadio SkyFi Castalia (Castellón de la Plana)
1734197400,Dec 14 2024 - 5:30pm,complete,N/A,CD Eldense,Elche CF,Rubén Ávalos Barrera,19,1.56,1.13,1.19,1.38,0,0,0,0,0,0,"","",3,5,3,0,2,0,1,2,0,2,10,5,1,1,9,4,24,8,30,70,1.27,1.17,0.94,0.79,2.21,46,71,41,11,11,23,71,35,65,10.94,5.71,3.45,3.00,2.20,1.47,2.52,4.75,9.50,2.10,1.67,Estadio Municipal Nuevo Pepico Amat (Elda)
1734197400,Dec 14 2024 - 5:30pm,complete,N/A,SD Eibar,Real Zaragoza,Sergiu Claudiu Muresan,N/A,2.11,1.60,1.86,1.10,2,1,3,1,1,0,"21,53","80",5,6,3,0,4,0,0,3,2,2,9,4,6,3,3,1,14,13,48,52,1.36,1.27,1.30,0.80,2.30,41,57,36,31,10,26,79,36,62,9.08,5.53,2.40,3.05,2.83,1.47,2.33,4.75,9.50,2.05,1.72,Estadio Municipal de Ipurúa (Eibar)
1734206400,Dec 14 2024 - 8:00pm,complete,N/A,Real Oviedo,Granada CF,Daniel Palencia Caballero,19,2.25,1.75,2.18,1.33,2,0,2,0,0,0,"81,85","",6,8,3,0,3,0,2,1,2,1,7,3,4,1,3,2,15,14,44,56,1.56,1.02,1.08,0.51,3.19,69,75,75,51,19,38,69,69,94,7.76,6.13,2.03,3.25,3.55,1.40,2.15,4.20,8.00,1.90,1.77,Estadio Nuevo Carlos Tartiere (Oviedo)
1734267600,Dec 15 2024 - 1:00pm,complete,N/A,Sporting Gijón,Racing Club de Ferrol,Andrés Fuentes Molina,19,2.11,0.88,1.67,0.67,1,3,4,4,1,3,"33","15,27,44",5,2,5,0,4,0,2,3,2,2,16,6,7,3,9,3,10,21,71,29,1.29,0.77,2.07,0.73,1.79,41,58,35,12,0,18,52,35,64,8.53,3.42,1.61,3.60,5.60,1.45,2.30,4.75,9.50,2.38,1.53,Estadio Municipal El Molinón (Gijón)
1734275700,Dec 15 2024 - 3:15pm,complete,N/A,Burgos CF,Málaga CF,Iosu Galech Apezteguía,19,1.56,0.78,1.62,0.76,0,0,0,0,0,0,"","",6,7,2,0,1,0,0,2,0,1,9,7,3,1,6,6,10,12,49,51,1.32,0.97,1.08,0.87,2.11,39,56,33,33,6,22,39,33,73,9.89,4.78,1.94,2.90,3.50,1.44,2.33,4.50,9.00,2.10,1.67,Estadio Municipal de El Plantío (Burgos)
1734283800,Dec 15 2024 - 5:30pm,complete,N/A,Racing Santander,SD Huesca,Manuel Jesús Orellana Cid,19,1.67,1.11,1.86,1.10,0,1,1,0,0,0,"","68",7,1,2,0,3,0,1,1,1,2,13,6,7,4,6,2,8,12,65,35,1.32,1.03,1.75,0.84,2.06,39,56,39,17,0,11,73,44,67,9.00,4.89,1.67,3.40,4.40,1.30,2.00,3.40,6.50,1.91,1.80,Campos de Sport de El Sardinero (Santander)
1734458400,Dec 17 2024 - 6:00pm,complete,N/A,Albacete Balompié,Levante UD,Iosu Galech Apezteguía,N/A,1.44,1.22,1.86,1.57,0,0,0,0,0,0,"","",3,5,1,0,3,0,0,1,1,2,10,8,2,4,8,4,6,8,43,57,1.46,1.10,1.17,1.16,2.56,56,67,50,22,11,39,67,39,73,9.66,3.67,2.45,3.34,2.83,1.30,1.85,3.20,6.25,1.65,2.05,Estadio Carlos Belmonte (Albacete)
1734458400,Dec 17 2024 - 6:00pm,complete,12536,Granada CF,FC Cartagena,Oliver De La Fuente Ramos,20,1.50,0.60,1.76,0.38,4,1,5,4,3,1,"14,27,35,73","12",4,4,1,0,3,0,1,0,0,3,12,7,5,3,7,4,7,12,63,37,1.61,0.82,1.51,0.92,2.80,60,75,65,35,10,35,75,50,80,7.20,5.60,1.46,4.27,6.59,1.28,1.88,3.30,6.25,2.00,1.75,Estadio Nuevo Los Cármenes (Granada)
1734466500,Dec 17 2024 - 8:15pm,complete,N/A,Córdoba,SD Eibar,Marta Huerta de Aza,20,2.11,0.56,1.52,0.90,2,1,3,2,1,1,"17,87","19",2,1,5,0,2,0,2,3,1,1,11,12,5,5,6,7,12,16,57,43,1.56,1.07,1.32,1.32,2.39,45,61,50,33,0,17,67,45,78,11.75,6.67,2.12,3.27,3.53,1.36,2.05,3.75,8.00,1.85,1.90,Estadio Nuevo Arcángel (Córdoba)
1734466500,Dec 17 2024 - 8:15pm,complete,N/A,Real Zaragoza,Real Oviedo,Manuel Ángel Pérez Hernández,20,1.25,1.10,1.33,1.36,2,3,5,2,2,0,"21,32","50,65,90'2",3,5,3,0,5,0,2,1,2,3,13,12,10,5,3,7,15,21,46,54,1.56,1.11,1.78,1.38,2.47,52,68,58,27,12,45,73,39,69,10.18,5.48,2.48,2.98,3.11,1.45,2.40,4.50,9.50,2.00,1.75,Estadio de la Romareda (Zaragoza)
1734544800,Dec 18 2024 - 6:00pm,complete,N/A,Racing Club de Ferrol,Almería,Jon Ander González Esteban,N/A,0.80,1.50,0.76,1.10,1,4,5,1,0,1,"48","33,51,57,63",8,3,3,0,1,0,3,0,0,1,15,8,10,4,5,4,14,11,52,48,0.95,1.37,1.95,1.14,2.70,65,65,55,35,20,40,65,35,75,9.60,6.00,4.00,3.30,1.90,1.32,1.91,3.55,7.18,1.80,1.95,Estadio Municipal de A Malata (Ferrol)
1734552900,Dec 18 2024 - 8:15pm,complete,N/A,Mirandés,Sporting Gijón,Álvaro Moreno Aragón,20,2.30,1.11,2.41,1.00,1,1,2,1,1,0,"27","80",1,4,0,0,3,0,0,0,0,3,6,9,3,5,3,4,6,15,31,69,1.04,1.07,0.81,1.27,2.18,49,59,32,21,6,21,63,37,70,9.79,5.14,2.70,2.70,2.95,1.53,2.85,5.34,10.00,2.15,1.66,Estadio Municipal de Anduva (Miranda de Ebro)
1734552900,Dec 18 2024 - 8:15pm,complete,N/A,Málaga CF,CD Eldense,Rafael Sánchez López,20,1.78,0.56,1.76,0.95,3,0,3,2,2,0,"8,28,90'3","",3,2,2,0,6,1,0,2,3,4,18,11,6,4,12,7,10,17,62,38,1.19,1.02,1.87,1.26,1.78,39,50,28,11,6,22,73,22,56,8.44,6.45,2.30,2.85,3.40,1.50,2.55,5.00,10.00,2.10,1.62,Estadio La Rosaleda (Málaga)
1734631200,Dec 19 2024 - 6:00pm,complete,N/A,Elche CF,Racing Santander,Eder Mallo Fernández,20,2.00,2.44,2.29,1.52,3,0,3,1,1,0,"25,73,90'6","",8,5,1,0,1,1,1,0,0,2,12,7,7,3,5,4,15,17,62,38,1.48,1.29,1.64,0.87,2.37,47,58,58,26,6,32,58,36,85,8.67,4.80,1.85,3.40,4.00,1.30,2.03,3.30,6.50,1.83,1.83,Estadio Manuel Martínez Valero (Elche)
1734631200,Dec 19 2024 - 6:00pm,complete,N/A,Cádiz,Burgos CF,Carlos Muñiz Muñoz,20,1.20,0.78,1.62,1.00,1,1,2,0,0,0,"75","88",2,6,3,1,1,0,0,4,0,1,8,5,3,2,5,3,23,12,52,48,1.32,1.14,1.17,0.63,2.57,37,74,42,37,5,42,69,47,74,9.00,4.68,1.91,3.20,4.00,1.40,2.15,4.20,8.50,1.91,1.77,Estadio Nuevo Mirandilla (Cádiz)
1734639300,Dec 19 2024 - 8:15pm,complete,N/A,SD Huesca,CD Tenerife,Dámaso Arcediano Monescillo,20,1.78,0.22,1.95,0.38,1,0,1,1,1,0,"35","",5,4,2,0,1,0,0,2,0,1,8,9,4,2,4,7,10,11,45,55,1.02,0.92,1.06,1.06,3.06,78,89,73,39,6,33,78,61,95,7.33,5.56,2.30,2.80,3.40,1.67,2.90,6.25,11.00,2.50,1.50,Estadio El Alcoraz (Huesca)
1734639300,Dec 19 2024 - 8:15pm,complete,N/A,Deportivo La Coruña,CD Castellón,Miguel Sesma Espinosa,20,1.11,1.67,1.24,1.00,5,1,6,4,3,1,"36,39,45,49,52","7",7,0,1,0,2,0,0,1,1,1,16,7,11,3,5,4,9,16,53,47,1.27,1.25,2.03,0.98,2.28,56,67,34,17,11,28,56,39,67,11.78,4.44,2.05,3.50,3.25,1.22,1.69,2.75,4.75,1.62,2.20,Estadio Abanca-Riazor (A Coruña (La Coruña))
1734723000,Dec 20 2024 - 7:30pm,complete,N/A,FC Cartagena,Albacete Balompié,Saúl Ais Reig,21,0.78,1.10,0.71,0.90,0,0,0,0,0,0,"","",3,4,2,0,2,0,0,2,1,1,6,11,0,4,6,7,11,9,43,57,1.10,1.13,0.61,1.38,2.41,52,62,47,21,11,31,69,27,79,8.71,3.98,3.20,3.10,2.10,1.36,2.00,3.75,7.50,1.83,1.83,Estadio Municipal Cartagonova (Cartagena)
1734786000,Dec 21 2024 - 1:00pm,complete,N/A,SD Eibar,Granada CF,Rubén Ávalos Barrera,21,2.20,1.56,1.86,1.33,1,1,2,1,1,0,"15","82",9,6,1,0,1,1,1,0,1,1,11,8,6,4,5,4,13,14,51,49,1.35,0.97,1.42,1.05,2.45,49,64,49,27,6,16,68,54,70,8.24,6.29,2.43,2.83,3.44,1.38,2.20,4.00,8.50,1.91,1.80,Estadio Municipal de Ipurúa (Eibar)
1734794100,Dec 21 2024 - 3:15pm,complete,N/A,Real Oviedo,Córdoba,Eder Mallo Fernández,21,2.33,0.20,2.18,1.10,2,3,5,4,1,3,"44,61","6,21,45'5",7,2,5,0,3,0,2,3,3,0,9,11,5,7,4,4,15,21,54,46,1.50,1.17,1.33,1.45,2.96,48,79,54,48,16,38,64,54,90,10.30,5.52,1.51,4.61,4.32,1.33,2.03,3.75,7.50,2.10,1.67,Estadio Nuevo Carlos Tartiere (Oviedo)
1734802200,Dec 21 2024 - 5:30pm,complete,N/A,Real Zaragoza,Racing Club de Ferrol,Daniel Palencia Caballero,21,1.11,1.11,1.33,0.67,1,0,1,0,0,0,"63","",7,2,3,0,2,1,1,2,1,2,10,2,4,1,6,1,9,16,55,45,1.58,0.77,1.24,0.44,2.23,50,61,50,22,11,39,56,33,67,8.67,4.44,1.95,2.49,5.15,1.42,2.20,4.50,8.50,2.20,1.62,Estadio de la Romareda (Zaragoza)
1734802200,Dec 21 2024 - 5:30pm,complete,N/A,Sporting Gijón,Málaga CF,Sergiu Claudiu Muresan,21,1.90,0.80,1.67,0.76,1,3,4,0,0,0,"82","46,86,90'4",10,2,4,0,2,0,1,3,0,2,16,5,8,4,8,1,18,8,55,45,1.37,0.96,2.05,0.84,2.25,50,65,50,30,5,25,60,40,60,9.00,4.50,2.11,2.36,4.77,1.44,2.30,4.50,9.00,2.20,1.62,Estadio Municipal El Molinón (Gijón)
1734872400,Dec 22 2024 - 1:00pm,complete,N/A,Burgos CF,CD Tenerife,Manuel Ángel Pérez Hernández,21,1.50,0.20,1.62,0.38,1,0,1,0,0,0,"84","",5,4,3,0,2,0,3,0,0,2,6,2,3,0,3,2,16,21,60,40,1.30,0.93,1.08,0.47,2.30,45,65,45,25,0,25,55,45,80,9.50,3.90,1.76,3.60,5.30,1.50,2.20,4.33,8.50,2.10,1.67,Estadio Municipal de El Plantío (Burgos)
1734880500,Dec 22 2024 - 3:15pm,complete,N/A,CD Castellón,Elche CF,Manuel Jesús Orellana Cid,21,1.40,1.11,1.52,1.38,0,2,2,2,0,2,"","27,45'1",4,3,1,0,2,0,0,1,1,1,7,6,3,3,4,3,13,12,55,45,1.60,1.13,0.99,0.86,2.08,36,63,36,20,10,21,59,36,68,11.53,4.72,2.23,3.36,3.47,1.42,2.15,4.33,8.50,1.73,2.00,Estadio SkyFi Castalia (Castellón de la Plana)
1734888600,Dec 22 2024 - 5:30pm,complete,N/A,Almería,Cádiz,Germán Cid Camacho,21,2.22,1.00,2.19,1.00,1,1,2,1,0,1,"60","43",6,0,3,0,3,1,0,3,0,4,16,5,6,4,10,1,15,10,64,36,1.54,1.09,1.98,0.73,2.95,67,84,62,39,6,17,73,67,78,10.00,5.89,1.55,4.20,6.70,1.30,2.01,3.50,7.00,2.00,1.73,UD Almería Stadium (Almería)
1734888600,Dec 22 2024 - 5:30pm,complete,N/A,Racing Santander,CD Eldense,José Luis Guzmán Mansilla,21,1.50,0.50,1.86,0.95,2,2,4,0,0,0,"62,70","86,90'2",3,4,1,0,2,0,0,1,1,1,12,10,5,5,7,5,14,15,52,48,1.37,1.04,1.46,1.25,2.15,40,60,35,20,5,30,65,35,75,10.10,6.00,1.49,4.20,8.10,1.28,2.15,3.30,6.50,1.83,1.83,Campos de Sport de El Sardinero (Santander)
1734897600,Dec 22 2024 - 8:00pm,complete,N/A,Deportivo La Coruña,Mirandés,Andrés Fuentes Molina,21,1.30,1.22,1.24,1.14,0,4,4,2,0,2,"","36,40,55,63",5,2,1,1,3,0,0,2,1,2,5,11,2,6,3,5,9,10,60,40,1.35,0.97,0.79,1.35,1.89,42,47,21,16,11,26,53,21,69,11.11,5.11,2.94,3.21,2.61,1.42,2.25,4.50,8.50,2.10,1.67,Estadio Abanca-Riazor (A Coruña (La Coruña))
1734897600,Dec 22 2024 - 8:00pm,complete,N/A,Levante UD,SD Huesca,José Antonio Sánchez Villalobos,N/A,2.11,1.30,2.19,1.10,1,1,2,1,0,1,"90'5","45",10,2,2,0,1,0,0,2,0,1,9,5,5,2,4,3,12,9,65,35,1.41,1.01,1.41,0.63,2.62,60,65,54,33,11,28,69,54,75,8.33,4.47,2.07,3.47,3.79,1.36,2.12,3.75,8.00,2.00,1.73,Estadio Ciudad de Valencia (Valencia)
1736281800,Jan 07 2025 - 8:30pm,complete,N/A,CD Tenerife,Levante UD,Manuel Jesús Orellana Cid,14,1.13,1.20,1.33,1.57,0,3,3,0,0,0,"","49,71,85",3,5,0,1,1,0,0,1,0,1,6,11,2,5,4,6,13,2,36,64,1.13,1.11,0.83,1.39,1.88,44,55,32,12,7,15,57,22,73,8.13,5.45,2.75,3.00,2.80,1.42,2.25,4.33,8.50,2.00,1.73,Estadio Heliodoro Rodríguez Lopéz (Santa Cruz de Tenerife (Tenerife))
1736537400,Jan 10 2025 - 7:30pm,complete,N/A,Granada CF,Burgos CF,Marta Huerta de Aza,22,1.64,0.80,1.76,1.00,0,0,0,0,0,0,"","",5,2,2,0,7,0,1,1,1,6,10,6,2,3,8,3,9,23,64,36,1.60,1.09,1.28,0.82,2.75,52,81,52,38,9,43,67,48,76,10.01,4.52,1.83,3.30,4.33,1.36,2.20,3.75,8.00,2.00,1.73,Estadio Nuevo Los Cármenes (Granada)
1736600400,Jan 11 2025 - 1:00pm,complete,6107,Racing Club de Ferrol,FC Cartagena,Iosu Galech Apezteguía,22,0.73,0.55,0.76,0.38,0,0,0,0,0,0,"","",8,2,2,0,3,0,2,0,2,1,14,3,5,2,9,1,13,15,60,40,1.04,0.83,1.64,0.52,2.68,60,64,55,36,23,27,69,41,69,7.81,5.00,1.77,3.10,4.75,1.50,2.48,4.75,10.00,2.25,1.57,Estadio Municipal de A Malata (Ferrol)
1736608500,Jan 11 2025 - 3:15pm,complete,N/A,Albacete Balompié,Racing Santander,Oliver De La Fuente Ramos,22,1.40,2.20,1.86,1.52,2,2,4,1,1,0,"2,68","71,76",4,5,3,1,3,0,1,3,1,2,9,15,3,9,6,6,14,11,44,56,1.43,1.25,1.04,1.90,2.50,45,60,50,25,15,40,65,35,75,8.80,4.50,2.12,3.44,3.44,1.30,1.94,3.30,6.25,1.73,2.00,Estadio Carlos Belmonte (Albacete)
1736608500,Jan 11 2025 - 3:15pm,complete,N/A,SD Huesca,Mirandés,Jon Ander González Esteban,22,1.90,1.40,1.95,1.14,1,0,1,1,1,0,"36","",16,2,1,1,1,2,0,2,3,0,13,3,5,2,8,1,11,6,77,23,1.02,1.01,1.90,0.51,2.45,55,60,45,35,10,30,70,30,80,7.90,6.60,2.64,2.90,3.02,1.60,2.90,6.00,11.00,2.38,1.53,Estadio El Alcoraz (Huesca)
1736616600,Jan 11 2025 - 5:30pm,complete,N/A,CD Tenerife,CD Castellón,Carlos Muñiz Muñoz,22,1.00,1.50,1.33,1.00,2,0,2,1,1,0,"35,60","",1,9,1,0,2,0,0,1,0,2,6,3,3,0,3,3,18,10,35,65,1.10,1.22,0.84,0.56,2.60,52,68,41,26,21,20,63,41,74,7.86,5.41,3.12,3.18,2.38,1.36,2.00,3.75,8.50,1.91,1.80,Estadio Heliodoro Rodríguez Lopéz (Santa Cruz de Tenerife (Tenerife))
1736616600,Jan 11 2025 - 5:30pm,complete,N/A,Málaga CF,Deportivo La Coruña,Dámaso Arcediano Monescillo,22,1.90,1.22,1.76,1.29,1,1,2,0,0,0,"87","67",5,4,2,0,1,0,2,0,1,0,6,8,1,4,5,4,10,12,54,46,1.25,1.30,0.91,1.06,2.58,54,70,49,17,17,38,85,27,64,8.46,4.36,2.56,3.12,2.90,1.33,2.15,3.60,7.50,1.83,1.83,Estadio La Rosaleda (Málaga)
1736625600,Jan 11 2025 - 8:00pm,complete,N/A,Real Oviedo,Sporting Gijón,Miguel Sesma Espinosa,22,2.10,1.10,2.18,1.00,1,1,2,0,0,0,"48","79",4,4,3,0,4,0,1,2,3,1,7,4,4,2,3,2,12,16,47,53,1.49,1.09,1.15,0.71,2.95,65,80,50,40,20,40,65,50,95,10.00,5.90,2.08,3.04,3.92,1.45,2.30,4.50,9.50,2.10,1.67,Estadio Nuevo Carlos Tartiere (Oviedo)
1736686800,Jan 12 2025 - 1:00pm,complete,17897,Córdoba,Almería,Álvaro Moreno Aragón,22,2.20,1.64,1.52,1.10,0,3,3,1,0,1,"","31,51,69",6,2,4,1,1,0,3,2,1,0,5,12,3,5,2,7,23,7,49,51,1.54,1.35,0.85,1.39,3.13,71,86,72,43,14,43,76,53,95,10.77,7.15,2.45,3.20,2.50,1.22,1.70,2.85,5.25,1.62,2.20,Estadio Nuevo Arcángel (Córdoba)
1736694900,Jan 12 2025 - 3:15pm,complete,N/A,Cádiz,Levante UD,Rubén Ávalos Barrera,22,1.18,1.36,1.62,1.57,0,0,0,0,0,0,"","",2,2,4,1,2,0,1,4,1,1,8,10,3,1,5,9,17,17,44,56,1.31,1.13,1.14,0.98,2.37,45,69,50,23,5,32,55,46,78,8.37,5.09,2.30,3.10,3.00,1.36,2.20,3.75,8.00,1.83,1.83,Estadio Nuevo Mirandilla (Cádiz)
1736694900,Jan 12 2025 - 3:15pm,complete,N/A,Elche CF,Real Zaragoza,Rafael Sánchez López,22,2.09,1.45,2.29,1.10,1,0,1,0,0,0,"90'3","",7,0,5,0,5,0,1,4,3,2,10,6,5,1,5,5,17,22,63,37,1.50,1.23,1.49,0.70,2.59,55,69,60,32,9,23,73,55,82,9.72,5.00,1.80,3.10,4.60,1.44,2.30,4.50,9.50,2.20,1.62,Estadio Manuel Martínez Valero (Elche)
1736796600,Jan 13 2025 - 7:30pm,complete,N/A,CD Eldense,SD Eibar,Manuel Jesús Orellana Cid,22,1.50,0.50,1.19,0.90,1,3,4,1,1,0,"13","58,62,90'6",11,5,1,0,1,0,0,1,0,1,14,13,4,3,10,10,8,14,44,56,1.24,1.09,1.52,1.31,2.20,50,55,45,20,10,25,65,30,65,9.63,5.40,2.41,3.14,3.13,1.51,2.40,5.35,11.00,2.20,1.62,Estadio Municipal Nuevo Pepico Amat (Elda)
1737142200,Jan 17 2025 - 7:30pm,complete,N/A,FC Cartagena,Real Oviedo,Marta Huerta de Aza,23,0.80,1.27,0.71,1.36,0,1,1,1,0,1,"","27",2,4,2,0,2,0,1,1,1,1,9,17,4,9,5,8,14,21,41,59,1.05,1.14,1.09,2.08,2.23,43,52,43,28,14,33,67,38,58,9.72,5.07,4.40,3.30,1.92,1.50,2.41,5.00,9.50,2.20,1.60,Estadio Municipal Cartagonova (Cartagena)
1737213300,Jan 18 2025 - 3:15pm,complete,N/A,CD Eldense,Cádiz,Manuel Ángel Pérez Hernández,23,1.36,1.00,1.19,1.00,1,4,5,3,0,3,"87","21,44,45'3,55",10,2,2,0,2,0,1,1,2,0,17,13,5,8,12,5,23,8,56,44,1.27,1.06,1.86,1.65,2.53,67,77,53,29,9,19,67,53,72,9.92,5.87,2.43,2.83,2.81,1.53,2.62,5.00,9.50,2.20,1.62,Estadio Municipal Nuevo Pepico Amat (Elda)
1737221400,Jan 18 2025 - 5:30pm,complete,N/A,SD Eibar,Albacete Balompié,José Antonio Sánchez Villalobos,23,2.09,1.09,1.86,0.90,1,1,2,1,1,0,"4","49",3,1,5,0,3,0,2,3,1,2,10,10,4,4,6,6,14,10,61,39,1.36,1.16,1.27,1.15,2.23,46,64,36,23,5,27,73,23,69,8.82,4.45,1.97,3.15,3.90,1.42,2.15,4.33,8.50,2.00,1.73,Estadio Municipal de Ipurúa (Eibar)
1737221400,Jan 18 2025 - 5:30pm,complete,N/A,Sporting Gijón,Elche CF,Germán Cid Camacho,23,1.73,1.30,1.67,1.38,1,1,2,1,1,0,"37","88",4,5,3,0,0,1,2,1,0,1,11,6,3,4,8,2,19,9,33,67,1.43,1.10,1.25,0.99,2.12,42,71,42,14,0,24,72,33,62,10.37,5.28,2.35,2.90,3.20,1.49,2.55,5.00,9.50,2.10,1.63,Estadio Municipal El Molinón (Gijón)
1737230400,Jan 18 2025 - 8:00pm,complete,N/A,Levante UD,Granada CF,Eder Mallo Fernández,23,2.00,1.50,2.19,1.33,3,1,4,1,1,0,"21,72,90'5","58",2,6,3,0,4,0,1,2,1,3,17,11,6,2,11,9,18,22,45,55,1.41,0.97,1.78,1.16,3.05,80,85,60,40,15,30,65,65,90,9.50,5.50,1.95,3.15,4.10,1.36,2.00,3.70,7.50,1.87,1.82,Estadio Ciudad de Valencia (Valencia)
1737291600,Jan 19 2025 - 1:00pm,complete,N/A,Burgos CF,Deportivo La Coruña,Saúl Ais Reig,23,1.64,1.20,1.62,1.29,0,1,1,0,0,0,"","69",5,1,4,0,2,0,0,4,1,1,14,7,4,3,10,4,8,10,43,57,1.27,1.27,1.63,0.93,2.57,54,68,39,24,15,34,54,34,81,10.40,3.68,2.45,3.00,3.00,1.42,2.34,4.20,8.50,1.83,1.83,Estadio Municipal de El Plantío (Burgos)
1737299700,Jan 19 2025 - 3:15pm,complete,N/A,Racing Santander,Racing Club de Ferrol,Sergiu Claudiu Muresan,23,1.45,1.00,1.86,0.67,6,0,6,3,3,0,"18,36,42,46,64,73","",4,1,2,0,1,0,2,0,1,0,19,6,9,2,10,4,14,11,49,51,1.38,0.73,2.12,0.69,1.89,38,52,28,24,0,19,43,33,66,9.04,4.20,1.63,3.92,5.45,1.25,1.99,3.10,6.25,1.90,1.85,Campos de Sport de El Sardinero (Santander)
1737307800,Jan 19 2025 - 5:30pm,complete,N/A,CD Castellón,Córdoba,Jon Ander González Esteban,23,1.27,0.45,1.52,1.10,1,2,3,1,1,0,"40","50,90'6",3,4,1,0,2,0,0,1,1,1,15,9,6,4,9,5,9,9,50,50,1.54,1.19,1.68,1.26,2.73,45,78,45,41,18,32,60,41,78,11.00,4.72,1.91,3.60,3.70,1.20,1.61,2.60,4.50,1.57,2.30,Estadio SkyFi Castalia (Castellón de la Plana)
1737307800,Jan 19 2025 - 5:30pm,complete,18509,Real Zaragoza,CD Tenerife,Andrés Fuentes Molina,23,1.30,0.18,1.33,0.38,2,2,4,1,0,1,"77,78","39,69",5,3,2,0,4,0,0,2,1,3,9,13,4,4,5,9,5,17,56,44,1.55,0.89,1.18,1.43,2.67,58,72,67,24,10,39,72,52,86,8.85,4.32,1.75,3.48,5.15,1.50,2.30,4.75,9.50,2.15,1.60,Estadio de la Romareda (Zaragoza)
1737316800,Jan 19 2025 - 8:00pm,complete,N/A,Almería,SD Huesca,Salvador Lax Franco,23,2.10,1.27,2.19,1.10,0,0,0,0,0,0,"","",10,4,1,0,2,0,1,0,2,0,24,3,9,1,15,2,15,11,69,31,1.58,0.98,2.54,0.49,2.51,53,68,48,25,5,10,77,48,72,8.41,5.04,1.60,3.80,5.75,1.33,2.01,3.75,7.50,2.10,1.68,UD Almería Stadium (Almería)
1737401400,Jan 20 2025 - 7:30pm,complete,N/A,Mirandés,Málaga CF,Daniel Palencia Caballero,23,2.18,1.00,2.41,0.76,3,2,5,1,0,1,"57,61,90'3","40,71",8,1,2,0,2,0,0,2,1,1,17,8,7,4,10,4,14,12,47,53,1.02,0.95,2.02,1.06,2.00,41,50,36,32,5,18,55,36,55,8.55,4.00,2.10,2.88,3.75,1.57,2.75,5.75,10.00,2.38,1.53,Estadio Municipal de Anduva (Miranda de Ebro)
1737747000,Jan 24 2025 - 7:30pm,complete,N/A,Elche CF,SD Eibar,Iosu Galech Apezteguía,24,2.17,0.73,2.29,0.90,2,0,2,1,1,0,"45,74","",7,2,0,0,1,1,0,0,0,2,17,4,5,2,12,2,10,12,64,36,1.50,1.12,1.85,0.55,2.26,44,52,52,26,0,18,66,39,78,9.82,4.82,1.84,3.45,5.00,1.45,2.37,4.50,9.50,2.15,1.61,Estadio Manuel Martínez Valero (Elche)
1737818100,Jan 25 2025 - 3:15pm,complete,N/A,Córdoba,Racing Santander,Rubén Ávalos Barrera,24,2.00,2.09,1.52,1.52,1,2,3,2,1,1,"5","14,63",4,0,3,0,2,0,2,1,0,2,21,5,6,5,15,0,18,16,57,43,1.47,1.31,2.24,0.82,2.73,50,78,69,32,5,32,69,50,91,10.36,6.91,2.15,3.30,3.00,1.22,1.80,2.75,5.25,1.61,2.15,Estadio Nuevo Arcángel (Córdoba)
1737826200,Jan 25 2025 - 5:30pm,complete,N/A,Deportivo La Coruña,Levante UD,Manuel Jesús Orellana Cid,24,1.18,1.33,1.24,1.57,1,2,3,0,0,0,"82","51,84",9,5,2,0,4,0,1,1,1,3,24,8,4,2,20,6,9,12,63,37,1.30,1.12,2.35,0.86,2.05,44,61,39,13,5,31,49,35,70,11.15,4.17,2.05,3.05,3.25,1.30,1.90,3.30,6.50,1.72,2.05,Estadio Abanca-Riazor (A Coruña (La Coruña))
1737826200,Jan 25 2025 - 5:30pm,complete,5706,SD Huesca,FC Cartagena,José Luis Guzmán Mansilla,24,2.00,0.58,1.95,0.38,4,0,4,1,1,0,"30,52,77,81","",6,4,0,0,1,0,0,0,1,0,11,8,5,3,6,5,7,5,54,46,1.11,0.81,1.42,0.99,2.70,66,70,57,35,13,30,79,39,79,7.42,6.12,1.57,3.15,6.00,1.55,2.60,5.00,9.50,2.50,1.46,Estadio El Alcoraz (Huesca)
1737835200,Jan 25 2025 - 8:00pm,complete,N/A,CD Tenerife,CD Eldense,Álvaro Moreno Aragón,24,1.20,0.55,1.33,0.95,0,1,1,0,0,0,"","50",3,1,1,0,1,0,1,0,0,1,14,6,2,2,12,4,14,21,70,30,1.07,1.06,1.50,0.69,2.13,38,62,33,19,10,18,62,28,77,7.48,6.63,2.05,2.90,3.50,1.48,2.60,5.25,10.00,2.20,1.58,Estadio Heliodoro Rodríguez Lopéz (Santa Cruz de Tenerife (Tenerife))
1737896400,Jan 26 2025 - 1:00pm,complete,N/A,Granada CF,Sporting Gijón,Carlos Muñiz Muñoz,24,1.58,1.09,1.76,1.00,3,1,4,1,1,0,"28,67,90","83",6,3,0,0,2,0,0,0,1,1,17,8,3,1,14,7,11,13,36,64,1.57,1.06,1.46,0.90,2.64,66,79,47,30,13,30,61,44,83,9.65,6.20,2.17,3.10,3.30,1.42,2.23,4.33,9.00,1.95,1.80,Estadio Nuevo Los Cármenes (Granada)
1737904500,Jan 26 2025 - 3:15pm,complete,N/A,Albacete Balompié,Almería,Rafael Sánchez López,24,1.36,1.75,1.86,1.10,2,1,3,1,1,0,"13,70","86",4,6,2,0,5,0,0,2,1,4,14,13,4,5,10,8,10,13,30,70,1.39,1.35,1.53,1.50,3.03,65,74,60,39,22,43,78,48,82,8.99,4.98,2.42,4.29,2.17,1.28,1.81,3.10,6.00,1.65,2.05,Estadio Carlos Belmonte (Albacete)
1737904500,Jan 26 2025 - 3:15pm,complete,N/A,Real Oviedo,CD Castellón,Germán Cid Camacho,24,2.00,1.36,2.18,1.00,1,0,1,0,0,0,"90'3","",4,7,1,0,2,0,0,1,1,1,15,6,4,1,11,5,9,16,42,58,1.46,1.16,1.51,0.77,3.23,64,82,60,46,27,46,69,60,87,9.82,4.82,1.90,2.81,4.43,1.30,1.90,3.40,6.50,1.83,1.83,Estadio Nuevo Carlos Tartiere (Oviedo)
1737912600,Jan 26 2025 - 5:30pm,complete,N/A,Málaga CF,Real Zaragoza,Oliver De La Fuente Ramos,24,1.82,1.33,1.76,1.10,1,2,3,0,0,0,"49","54,73",4,8,2,0,3,0,0,2,1,2,11,12,3,5,8,7,18,28,52,48,1.22,1.19,1.23,1.38,2.11,47,61,39,17,9,22,74,34,69,8.08,6.15,2.66,2.45,3.08,1.48,2.41,4.75,9.50,2.10,1.67,Estadio La Rosaleda (Málaga)
1738006200,Jan 27 2025 - 7:30pm,complete,N/A,Cádiz,Mirandés,Miguel Sesma Espinosa,24,1.17,1.27,1.62,1.14,3,1,4,3,2,1,"5,27,75","44",2,9,3,1,1,0,1,3,1,0,7,11,4,3,3,8,20,14,36,64,1.29,0.97,0.90,1.33,2.17,35,52,35,30,9,30,61,34,70,7.40,6.44,2.05,3.00,3.80,1.50,2.34,4.50,10.00,2.20,1.62,Estadio Nuevo Mirandilla (Cádiz)
1738180800,Jan 29 2025 - 8:00pm,complete,N/A,CD Tenerife,Deportivo La Coruña,José Luis Guzmán Mansilla,19,1.09,1.36,1.33,1.29,0,0,0,0,0,0,"","",10,4,1,0,2,0,0,1,2,0,16,10,3,2,13,8,15,14,47,53,1.11,1.24,1.68,1.07,2.50,50,69,37,18,18,23,64,32,82,7.45,4.28,2.44,2.79,2.61,1.42,2.37,4.50,9.00,2.00,1.73,Estadio Heliodoro Rodríguez Lopéz (Santa Cruz de Tenerife (Tenerife))
1738351800,Jan 31 2025 - 7:30pm,complete,N/A,CD Eldense,Granada CF,Salvador Lax Franco,25,1.25,1.36,1.19,1.33,0,3,3,1,0,1,"","42,62,90",8,3,1,0,3,0,1,0,0,3,16,13,4,6,12,7,12,10,52,48,1.32,0.99,1.63,1.53,2.83,70,79,61,35,17,21,66,62,79,10.08,6.07,2.52,3.24,2.86,1.42,2.25,4.33,8.50,1.88,1.80,Estadio Municipal Nuevo Pepico Amat (Elda)
1738414800,Feb 01 2025 - 1:00pm,complete,N/A,Mirandés,Elche CF,José Antonio Sánchez Villalobos,25,2.25,1.27,2.41,1.38,3,0,3,1,1,0,"39,50,64","",4,3,2,0,7,1,2,0,3,5,18,11,6,3,12,8,18,14,39,61,1.10,1.09,1.83,1.23,1.86,35,57,26,13,4,18,74,26,57,9.92,4.58,2.63,3.17,2.95,1.53,2.85,5.50,12.00,2.38,1.53,Estadio Municipal de Anduva (Miranda de Ebro)
1738422900,Feb 01 2025 - 3:15pm,complete,N/A,Sporting Gijón,Burgos CF,Daniel Palencia Caballero,25,1.67,0.82,1.67,1.00,2,0,2,0,0,0,"52,83","",3,3,2,0,4,0,0,2,1,3,10,9,3,1,7,8,13,12,48,52,1.41,1.06,1.06,0.99,2.38,52,78,43,26,0,31,65,44,70,9.99,4.43,2.01,3.28,4.30,1.55,2.25,5.21,10.00,2.38,1.53,Estadio Municipal El Molinón (Gijón)
1738431000,Feb 01 2025 - 5:30pm,complete,N/A,Almería,Real Oviedo,Saúl Ais Reig,25,2.00,1.42,2.19,1.36,1,1,2,1,0,1,"75","40",1,3,3,0,5,0,2,1,1,4,9,10,4,2,5,8,13,15,55,45,1.67,1.22,1.14,1.03,2.67,53,70,49,39,13,30,74,49,62,10.66,5.44,2.01,3.57,3.87,1.30,1.96,3.30,6.50,1.80,1.91,UD Almería Stadium (Almería)
1738440000,Feb 01 2025 - 8:00pm,complete,N/A,Racing Santander,Málaga CF,Eder Mallo Fernández,25,1.58,0.92,1.86,0.76,2,1,3,3,2,1,"15,28","6",8,4,4,0,4,0,0,4,3,1,21,12,5,5,16,7,14,18,45,55,1.44,0.96,2.11,1.40,2.50,46,63,46,42,13,21,50,50,71,9.25,4.42,1.70,3.91,5.20,1.30,1.97,3.45,6.50,1.90,1.78,Campos de Sport de El Sardinero (Santander)
1738501200,Feb 02 2025 - 1:00pm,complete,N/A,CD Castellón,SD Huesca,Marta Huerta de Aza,25,1.17,1.25,1.52,1.10,0,1,1,1,0,1,"","5",7,7,5,0,0,0,0,5,0,0,16,8,2,2,14,6,10,13,74,26,1.55,0.94,1.75,0.83,2.13,42,59,42,21,9,17,63,42,67,8.75,4.00,1.98,3.38,4.30,1.42,2.15,4.20,8.50,1.91,1.77,Estadio SkyFi Castalia (Castellón de la Plana)
1738509300,Feb 02 2025 - 3:15pm,complete,N/A,SD Eibar,Deportivo La Coruña,Manuel Ángel Pérez Hernández,25,2.00,1.33,1.86,1.29,0,1,1,1,0,1,"","30",12,1,1,0,0,0,0,1,0,0,22,6,5,2,17,4,8,12,57,43,1.35,1.23,2.18,0.72,2.46,55,67,38,21,13,30,75,34,67,9.17,4.08,2.43,3.34,3.08,1.40,2.27,4.20,8.50,2.00,1.73,Estadio Municipal de Ipurúa (Eibar)
1738517400,Feb 02 2025 - 5:30pm,complete,N/A,FC Cartagena,Córdoba,Andrés Fuentes Molina,25,0.73,0.67,0.71,1.10,0,1,1,1,0,1,"","34",8,6,1,0,3,0,0,1,1,2,9,22,1,5,8,17,12,14,37,63,1.05,1.20,0.93,2.14,2.37,43,60,43,26,13,22,66,35,69,9.56,4.99,3.98,3.40,2.04,1.36,2.00,3.75,7.50,1.83,1.85,Estadio Municipal Cartagonova (Cartagena)
1738517400,Feb 02 2025 - 5:30pm,complete,N/A,Real Zaragoza,Cádiz,Jon Ander González Esteban,25,1.27,1.18,1.33,1.00,0,0,0,0,0,0,"","",4,2,5,1,3,0,2,4,1,2,7,10,2,1,5,9,19,16,63,37,1.51,1.11,0.91,0.89,2.78,69,78,64,32,14,32,73,55,87,9.18,5.90,1.95,3.41,4.33,1.44,1.96,4.50,9.00,2.00,1.73,Estadio de la Romareda (Zaragoza)
1738526400,Feb 02 2025 - 8:00pm,complete,N/A,CD Tenerife,Albacete Balompié,Sergiu Claudiu Muresan,25,1.08,1.08,1.33,0.90,3,1,4,1,1,0,"7,49,90'5","57",3,2,2,1,1,0,0,3,0,1,15,7,5,2,10,5,20,8,53,47,1.16,1.16,1.63,0.81,2.05,42,63,30,17,8,17,59,17,79,7.25,4.83,2.77,3.19,2.77,1.50,2.10,4.50,9.00,2.10,1.67,Estadio Heliodoro Rodríguez Lopéz (Santa Cruz de Tenerife (Tenerife))
1738611000,Feb 03 2025 - 7:30pm,complete,N/A,Levante UD,Racing Club de Ferrol,Álvaro Moreno Aragón,25,2.09,0.91,2.19,0.67,0,1,1,1,0,1,"","8",11,2,1,0,1,0,0,1,0,1,24,5,8,3,16,2,9,14,70,30,1.44,0.73,2.56,0.69,2.64,59,68,46,41,14,36,55,46,73,8.63,3.91,1.49,4.60,6.80,1.30,1.90,3.28,6.52,2.10,1.67,Estadio Ciudad de Valencia (Valencia)
1738956600,Feb 07 2025 - 7:30pm,complete,N/A,Albacete Balompié,Real Zaragoza,José Luis Guzmán Mansilla,26,1.50,1.46,1.86,1.10,2,1,3,0,0,0,"46,58","89",6,2,4,0,3,0,2,2,2,1,14,14,3,6,11,8,12,20,34,66,1.40,1.20,1.35,1.57,2.69,60,68,52,32,16,28,72,52,76,9.21,5.13,2.43,3.15,3.26,1.44,2.20,4.33,8.50,2.00,1.73,Estadio Carlos Belmonte (Albacete)
1739019600,Feb 08 2025 - 1:00pm,complete,N/A,Racing Club de Ferrol,CD Castellón,Oliver De La Fuente Ramos,26,0.75,1.25,0.76,1.00,1,3,4,2,0,2,"68","4,14,78",6,3,1,0,3,1,1,0,2,2,13,10,3,6,10,4,10,14,58,42,1.09,1.13,1.34,1.31,2.63,54,63,46,33,25,25,59,42,63,10.59,4.58,2.85,3.39,2.57,1.38,1.95,3.90,8.00,1.83,1.83,Estadio Municipal de A Malata (Ferrol)
1739027700,Feb 08 2025 - 3:15pm,complete,N/A,Granada CF,Mirandés,Rafael Sánchez López,26,1.69,1.17,1.76,1.14,0,0,0,0,0,0,"","",6,4,4,0,4,0,2,2,0,4,14,12,4,6,10,6,17,16,63,37,1.56,1.00,1.61,1.39,2.50,48,60,51,40,12,36,68,32,72,9.17,5.62,1.80,3.53,5.10,1.45,2.15,4.50,9.00,2.15,1.60,Estadio Nuevo Los Cármenes (Granada)
1739035800,Feb 08 2025 - 5:30pm,complete,N/A,Sporting Gijón,SD Eibar,Rubén Ávalos Barrera,26,1.77,0.67,1.67,0.90,0,0,0,0,0,0,"","",7,2,2,0,4,1,2,0,2,3,10,12,2,2,8,10,10,10,63,37,1.39,1.06,1.30,1.19,2.36,52,68,48,24,0,20,72,36,76,9.18,4.98,2.09,3.39,3.83,1.44,2.15,4.33,8.50,2.10,1.67,Estadio Municipal El Molinón (Gijón)
1739035800,Feb 08 2025 - 5:30pm,complete,N/A,Málaga CF,Levante UD,Iosu Galech Apezteguía,26,1.67,1.46,1.76,1.57,1,1,2,1,0,1,"68","35",8,5,1,1,2,0,0,2,1,1,13,11,3,4,10,7,9,9,61,39,1.22,1.10,1.53,1.19,1.88,44,60,44,4,0,20,53,32,64,8.38,4.90,2.77,3.40,2.63,1.42,2.10,4.33,8.50,2.00,1.73,Estadio La Rosaleda (Málaga)
1739106000,Feb 09 2025 - 1:00pm,complete,N/A,Elche CF,CD Tenerife,Miguel González Díaz,26,2.23,0.25,2.29,0.38,2,0,2,1,1,0,"14,90'3","",3,6,1,0,0,0,1,0,0,0,8,15,3,4,5,11,18,19,60,40,1.52,0.93,1.04,1.53,2.53,48,69,61,28,0,20,69,57,84,9.04,3.85,1.73,3.57,5.70,1.48,2.37,5.00,9.50,2.50,1.50,Estadio Manuel Martínez Valero (Elche)
1739114100,Feb 09 2025 - 3:15pm,complete,N/A,Burgos CF,Racing Santander,Manuel Jesús Orellana Cid,26,1.50,2.17,1.62,1.52,2,1,3,0,0,0,"72,77","63",3,3,6,0,4,1,1,5,2,3,10,3,3,1,7,2,21,14,48,52,1.31,1.27,1.06,0.52,2.13,38,55,42,21,4,30,46,25,88,9.40,5.25,2.57,3.19,3.01,1.33,2.01,3.45,7.00,1.73,2.00,Estadio Municipal de El Plantío (Burgos)
1739114100,Feb 09 2025 - 3:15pm,complete,N/A,Córdoba,SD Huesca,Germán Cid Camacho,26,1.83,1.38,1.52,1.10,1,2,3,1,1,0,"22","49,67",4,6,2,0,4,0,1,1,1,3,8,6,4,2,4,4,14,15,65,35,1.54,0.93,1.18,0.81,2.27,45,65,53,21,0,17,72,45,73,9.56,6.21,2.03,3.15,4.40,1.48,2.30,4.75,9.50,2.10,1.67,Estadio Nuevo Arcángel (Córdoba)
1739122200,Feb 09 2025 - 5:30pm,complete,N/A,Cádiz,FC Cartagena,Carlos Muñiz Muñoz,26,1.31,0.54,1.62,0.38,5,2,7,4,3,1,"12,29,37,78,90'5","44,60",3,1,0,0,3,0,0,0,2,1,16,4,10,3,6,1,14,14,56,44,1.26,0.82,2.04,0.62,2.66,50,69,54,38,12,35,70,46,77,6.00,5.85,1.45,4.50,8.40,1.36,1.95,3.90,8.00,2.38,1.53,Estadio Nuevo Mirandilla (Cádiz)
1739122200,Feb 09 2025 - 5:30pm,complete,N/A,Deportivo La Coruña,Almería,Miguel Sesma Espinosa,26,1.08,1.62,1.24,1.10,3,1,4,3,3,0,"19,26,31","90'3",3,8,2,0,3,0,0,2,1,2,10,20,5,8,5,12,8,13,47,53,1.39,1.36,1.21,2.28,2.78,64,76,55,28,16,40,68,48,88,11.23,5.46,2.47,3.30,3.05,1.28,1.90,3.10,6.00,1.67,2.10,Estadio Abanca-Riazor (A Coruña (La Coruña))
1739215800,Feb 10 2025 - 7:30pm,complete,N/A,Real Oviedo,CD Eldense,Dámaso Arcediano Monescillo,26,2.08,0.75,2.18,0.95,0,0,0,0,0,0,"","",8,0,3,0,4,0,0,3,1,3,12,4,4,0,8,4,0,1,68,32,1.46,1.03,1.49,0.42,2.67,50,67,50,38,17,42,58,46,88,8.92,5.92,1.63,3.85,6.20,1.44,2.15,4.50,9.00,2.25,1.57,Estadio Nuevo Carlos Tartiere (Oviedo)
1739561400,Feb 14 2025 - 7:30pm,complete,N/A,Mirandés,Racing Club de Ferrol,Marta Huerta de Aza,27,2.31,1.08,2.41,0.67,4,1,5,3,2,1,"9,23,62,90'2","41",7,3,2,0,4,0,2,0,1,3,23,10,6,1,17,9,14,13,60,40,1.16,0.73,2.20,0.89,1.99,32,48,32,24,8,20,60,32,56,7.85,3.62,1.76,3.41,5.70,1.50,2.56,5.00,10.00,2.40,1.50,Estadio Municipal de Anduva (Miranda de Ebro)
1739624400,Feb 15 2025 - 1:00pm,complete,N/A,CD Castellón,SD Eibar,Miguel González Díaz,27,1.08,0.69,1.52,0.90,2,0,2,1,1,0,"18,57","",2,3,1,0,4,0,0,1,1,3,11,12,3,4,8,8,11,12,59,41,1.57,1.07,1.15,1.35,2.23,42,58,42,27,8,23,66,35,69,9.85,4.61,2.09,3.45,3.76,1.30,1.89,3.25,6.50,1.77,1.94,Estadio SkyFi Castalia (Castellón de la Plana)
1739632500,Feb 15 2025 - 3:15pm,complete,N/A,FC Cartagena,Málaga CF,Sergiu Claudiu Muresan,27,0.67,0.85,0.71,0.76,0,1,1,0,0,0,"","90'4",6,5,4,1,4,0,1,4,2,2,11,15,4,7,7,8,1,0,32,68,1.04,1.00,1.17,1.89,2.11,44,48,44,27,12,20,57,36,52,8.69,4.29,3.79,3.05,2.26,1.50,2.37,4.60,9.50,2.15,1.62,Estadio Municipal Cartagonova (Cartagena)
1739640600,Feb 15 2025 - 5:30pm,complete,N/A,Racing Santander,Cádiz,Álvaro Moreno Aragón,27,1.69,1.17,1.86,1.00,2,3,5,1,0,1,"61,80","40,51,57",5,3,3,0,5,0,1,2,2,3,11,19,5,10,6,9,21,13,68,32,1.49,1.09,1.40,2.15,2.56,57,72,48,32,8,24,65,52,76,9.44,5.57,1.90,3.67,4.20,1.36,2.00,3.70,7.50,1.93,1.77,Campos de Sport de El Sardinero (Santander)
1739649600,Feb 15 2025 - 8:00pm,complete,N/A,CD Tenerife,Córdoba,Eder Mallo Fernández,27,1.23,0.85,1.33,1.10,2,3,5,4,2,2,"9,42","6,45'2,79",3,4,3,0,3,0,1,2,0,3,11,18,3,7,8,11,15,20,47,53,1.19,1.27,1.19,1.91,2.31,39,66,35,27,12,12,62,31,77,8.77,5.84,2.43,3.18,3.25,1.42,2.15,4.33,8.50,1.91,1.77,Estadio Heliodoro Rodríguez Lopéz (Santa Cruz de Tenerife (Tenerife))
1739710800,Feb 16 2025 - 1:00pm,complete,N/A,Levante UD,Sporting Gijón,Manuel Ángel Pérez Hernández,27,1.92,1.00,2.19,1.00,0,0,0,0,0,0,"","",8,2,3,0,2,0,2,1,1,1,13,6,6,2,7,4,12,16,62,38,1.53,1.04,1.66,0.72,2.88,79,83,46,38,13,30,67,54,88,10.50,5.08,2.08,3.45,3.80,1.39,1.95,3.90,8.00,1.93,1.77,Estadio Ciudad de Valencia (Valencia)
1739718900,Feb 16 2025 - 3:15pm,complete,N/A,SD Huesca,Granada CF,Andrés Fuentes Molina,27,2.08,1.50,1.95,1.33,1,1,2,0,0,0,"76","84",3,7,2,0,2,1,1,1,2,1,10,7,3,1,7,6,13,17,50,50,1.14,1.04,1.10,0.85,2.88,67,79,63,38,8,17,75,59,88,9.00,6.92,2.66,2.90,3.18,1.48,2.44,4.80,9.50,2.07,1.68,Estadio El Alcoraz (Huesca)
1739718900,Feb 16 2025 - 3:15pm,complete,N/A,CD Eldense,Deportivo La Coruña,Daniel Palencia Caballero,27,1.15,1.46,1.19,1.29,2,0,2,0,0,0,"58,65","",8,1,0,0,1,0,0,0,0,1,20,9,7,2,13,7,13,5,35,65,1.34,1.19,2.13,0.99,2.77,62,73,54,27,23,35,69,46,69,10.23,3.61,2.56,3.28,2.95,1.44,1.95,4.30,9.00,1.95,1.75,Estadio Municipal Nuevo Pepico Amat (Elda)
1739727000,Feb 16 2025 - 5:30pm,complete,N/A,Real Zaragoza,Burgos CF,José Antonio Sánchez Villalobos,27,1.25,0.75,1.33,1.00,0,1,1,0,0,0,"","84",2,3,3,1,3,0,1,3,1,2,6,10,2,3,4,7,17,14,49,51,1.46,1.06,0.70,1.15,2.38,46,71,46,25,9,38,59,46,75,9.84,5.08,2.17,3.11,3.97,1.50,2.50,4.90,9.50,2.19,1.61,Estadio de la Romareda (Zaragoza)
1739736000,Feb 16 2025 - 8:00pm,complete,N/A,Real Oviedo,Albacete Balompié,Rubén Ávalos Barrera,27,2.00,1.00,2.18,0.90,1,0,1,1,1,0,"43","",7,2,1,0,0,0,0,1,0,0,19,9,6,3,13,6,10,8,58,42,1.46,1.13,2.11,1.02,2.70,58,73,50,39,16,39,62,39,89,8.54,4.61,1.89,3.52,4.50,1.36,2.01,3.80,7.50,1.93,1.75,Estadio Nuevo Carlos Tartiere (Oviedo)
1739820600,Feb 17 2025 - 7:30pm,complete,N/A,Almería,Elche CF,Jon Ander González Esteban,27,1.92,1.17,2.19,1.38,1,1,2,0,0,0,"85","59",4,3,3,1,1,0,3,1,0,1,6,11,3,6,3,5,12,8,37,63,1.62,1.10,0.92,1.36,2.29,46,75,38,17,4,17,75,38,67,10.42,5.75,2.18,3.21,3.78,1.33,2.01,3.45,7.00,1.83,1.83,UD Almería Stadium (Almería)
1740166200,Feb 21 2025 - 7:30pm,complete,N/A,Málaga CF,CD Tenerife,Salvador Lax Franco,28,1.62,0.23,1.76,0.38,1,0,1,0,0,0,"53","",9,0,2,0,3,0,0,2,2,1,13,6,3,4,10,2,18,22,49,51,1.25,0.98,1.34,0.92,2.23,50,70,47,16,0,19,73,43,74,8.00,4.54,2.41,3.10,3.37,1.50,2.59,5.00,10.00,2.20,1.60,Estadio La Rosaleda (Málaga)
1740229200,Feb 22 2025 - 1:00pm,complete,N/A,Racing Club de Ferrol,Córdoba,Saúl Ais Reig,28,0.69,1.00,0.76,1.10,0,1,1,0,0,0,"","90'1",4,2,2,1,4,0,0,3,2,2,5,13,0,6,5,7,13,13,34,66,1.11,1.32,0.44,1.62,2.66,52,67,48,41,22,26,63,37,67,10.62,5.37,2.97,3.16,2.62,1.39,2.15,3.90,8.50,1.88,1.84,Estadio Municipal de A Malata (Ferrol)
1740237300,Feb 22 2025 - 3:15pm,complete,N/A,SD Eibar,Racing Santander,Miguel Sesma Espinosa,28,1.85,2.00,1.86,1.52,2,2,4,2,1,1,"10,62","31,78",2,3,4,0,1,0,2,2,1,0,11,14,5,4,6,10,18,9,40,60,1.41,1.20,1.42,1.48,2.27,46,62,46,19,4,27,74,31,73,9.08,5.46,2.34,3.36,3.23,1.33,2.02,3.45,7.00,1.79,1.93,Estadio Municipal de Ipurúa (Eibar)
1740237300,Feb 22 2025 - 3:15pm,complete,N/A,Burgos CF,Real Oviedo,José Luis Guzmán Mansilla,28,1.62,1.38,1.62,1.36,1,2,3,2,1,1,"28","40,55",4,2,2,0,1,0,0,2,1,0,7,8,4,4,3,4,15,9,61,39,1.29,1.20,1.01,1.10,2.08,39,54,31,27,8,27,50,31,70,10.20,5.93,2.91,2.95,2.84,1.57,2.37,5.50,10.00,2.20,1.60,Estadio Municipal de El Plantío (Burgos)
1740245400,Feb 22 2025 - 5:30pm,complete,N/A,Granada CF,Real Zaragoza,Germán Cid Camacho,28,1.64,1.36,1.76,1.10,2,2,4,1,1,0,"23,48","90'2,90'4",4,7,2,2,3,0,2,2,1,2,9,14,4,4,5,10,13,15,38,62,1.57,1.23,1.11,1.57,2.68,61,71,61,36,14,29,64,50,79,9.28,6.00,2.01,3.41,4.10,1.40,2.10,4.20,8.50,1.98,1.73,Estadio Nuevo Los Cármenes (Granada)
1740254400,Feb 22 2025 - 8:00pm,complete,N/A,Sporting Gijón,Almería,Iosu Galech Apezteguía,28,1.71,1.50,1.67,1.10,1,1,2,1,0,1,"60","44",10,4,2,0,3,1,0,2,0,4,15,21,5,7,10,14,17,12,56,44,1.38,1.43,1.66,2.09,2.86,68,83,65,32,11,36,75,47,86,9.64,5.57,2.53,3.38,2.90,1.42,2.37,4.33,8.50,2.00,1.73,Estadio Municipal El Molinón (Gijón)
1740315600,Feb 23 2025 - 1:00pm,complete,N/A,Deportivo La Coruña,SD Huesca,Dámaso Arcediano Monescillo,28,1.23,1.50,1.24,1.10,0,0,0,0,0,0,"","",7,0,1,0,4,0,1,0,0,4,19,4,7,2,12,2,11,17,64,36,1.37,0.92,2.01,0.64,2.05,45,56,37,15,4,19,63,37,67,10.19,4.58,1.99,3.41,4.20,1.42,2.25,4.20,9.00,2.02,1.72,Estadio Abanca-Riazor (A Coruña (La Coruña))
1740323700,Feb 23 2025 - 3:15pm,complete,N/A,Elche CF,FC Cartagena,Oliver De La Fuente Ramos,28,2.29,0.50,2.29,0.38,2,1,3,0,0,0,"60,63","48",10,3,2,0,3,0,1,1,0,3,19,9,10,1,9,8,12,15,73,27,1.49,0.81,2.54,0.94,2.68,47,68,57,32,11,25,72,47,83,7.72,4.36,1.25,6.00,14.00,1.28,1.92,3.25,6.25,2.63,1.44,Estadio Manuel Martínez Valero (Elche)
1740331800,Feb 23 2025 - 5:30pm,complete,N/A,Albacete Balompié,CD Eldense,Manuel Jesús Orellana Cid,28,1.62,0.77,1.86,0.95,0,1,1,0,0,0,"","83",4,7,1,1,3,0,2,0,1,2,11,13,4,3,7,10,5,12,46,54,1.40,0.98,1.32,1.45,2.43,50,62,46,27,12,31,62,43,69,8.54,5.46,2.05,3.37,4.00,1.40,2.10,4.20,8.00,1.90,1.77,Estadio Carlos Belmonte (Albacete)
1740331800,Feb 23 2025 - 5:30pm,complete,N/A,Levante UD,Mirandés,Carlos Muñiz Muñoz,28,1.85,1.15,2.19,1.14,1,0,1,0,0,0,"65","",5,5,3,1,0,1,0,4,0,1,11,11,2,2,9,9,15,13,56,44,1.54,1.03,1.23,1.11,2.42,54,58,43,39,12,35,66,35,70,10.23,5.00,2.03,3.45,3.98,1.36,2.01,3.75,7.50,1.85,1.83,Estadio Ciudad de Valencia (Valencia)
1740340800,Feb 23 2025 - 8:00pm,complete,N/A,Cádiz,CD Castellón,Rafael Sánchez López,28,1.43,1.38,1.62,1.00,0,0,0,0,0,0,"","",6,3,1,0,1,0,0,1,0,1,10,8,4,0,6,8,7,16,45,55,1.32,1.14,1.18,0.79,2.97,56,74,52,41,19,41,67,52,78,8.27,5.45,2.09,3.45,3.76,1.33,1.90,3.45,6.50,1.75,1.93,Estadio Nuevo Mirandilla (Cádiz)
1740771000,Feb 28 2025 - 7:30pm,complete,N/A,FC Cartagena,SD Eibar,Marta Huerta de Aza,29,0.62,0.64,0.71,0.90,0,2,2,2,0,2,"","24,27",9,6,3,0,0,0,1,2,0,0,6,14,1,6,5,8,8,10,42,58,1.05,1.10,0.80,1.61,1.85,34,41,34,15,4,15,67,22,63,8.92,5.08,4.20,3.27,2.04,1.55,2.30,5.20,11.00,2.24,1.59,Estadio Municipal Cartagonova (Cartagena)
1740842100,Mar 01 2025 - 3:15pm,complete,N/A,CD Castellón,Burgos CF,Álvaro Moreno Aragón,29,1.21,0.92,1.52,1.00,2,1,3,2,1,1,"39,85","44",7,4,2,1,4,0,1,2,2,2,15,16,3,4,12,12,10,9,56,44,1.54,1.06,1.63,1.56,2.26,37,70,33,26,7,30,55,45,70,10.11,4.02,1.95,3.64,4.00,1.38,1.93,3.85,8.00,1.98,1.71,Estadio SkyFi Castalia (Castellón de la Plana)
1740842100,Mar 01 2025 - 3:15pm,complete,N/A,SD Huesca,Racing Club de Ferrol,José Antonio Sánchez Villalobos,29,2.00,1.00,1.95,0.67,3,1,4,3,2,1,"24,36,50","1",4,6,2,0,1,0,2,0,0,1,9,9,4,3,5,6,11,9,38,62,1.14,0.74,1.03,1.22,2.43,50,62,43,35,12,27,62,39,70,8.08,5.23,1.79,3.41,5.40,1.48,2.65,5.00,10.00,2.46,1.50,Estadio El Alcoraz (Huesca)
1740850200,Mar 01 2025 - 5:30pm,complete,N/A,Real Zaragoza,Sporting Gijón,Eder Mallo Fernández,29,1.15,1.00,1.33,1.00,1,1,2,0,0,0,"50","90'1",6,4,4,0,3,0,1,3,1,2,17,13,8,6,9,7,13,13,46,54,1.41,1.02,2.03,1.55,2.42,62,70,47,23,12,27,58,42,85,9.30,6.15,2.52,3.08,3.20,1.50,2.10,4.70,9.50,2.20,1.62,Estadio de la Romareda (Zaragoza)
1740859200,Mar 01 2025 - 8:00pm,complete,N/A,Almería,Málaga CF,Rubén Ávalos Barrera,29,1.85,1.00,2.19,0.76,2,2,4,1,1,0,"11,53","55,62",7,3,1,0,4,0,0,1,3,1,20,9,5,3,15,6,13,12,53,47,1.57,1.06,1.97,1.00,2.57,60,71,48,37,11,18,56,49,67,9.24,5.10,1.50,4.60,6.70,1.22,1.81,2.70,5.00,1.82,1.88,UD Almería Stadium (Almería)
1740920400,Mar 02 2025 - 1:00pm,complete,N/A,Córdoba,Granada CF,Jon Ander González Esteban,29,1.69,1.46,1.52,1.33,5,0,5,2,2,0,"7,25,49,78,84","",3,7,4,0,2,0,0,4,1,1,15,14,8,4,7,10,10,11,52,48,1.51,1.02,1.75,1.44,2.89,66,89,70,31,4,20,70,70,92,10.16,7.46,2.44,3.36,3.06,1.32,2.00,3.40,7.00,1.75,1.98,Estadio Nuevo Arcángel (Córdoba)
1740928500,Mar 02 2025 - 3:15pm,complete,N/A,Real Oviedo,Deportivo La Coruña,Sergiu Claudiu Muresan,29,2.07,1.36,2.18,1.29,1,2,3,2,1,1,"38","23,90'1",6,7,3,0,2,0,1,2,1,1,6,9,3,2,3,7,10,8,43,57,1.51,1.18,0.94,1.06,2.71,54,68,47,32,21,40,61,47,79,9.07,3.79,1.91,3.50,4.40,1.39,2.10,4.00,8.50,2.00,1.73,Estadio Nuevo Carlos Tartiere (Oviedo)
1740936600,Mar 02 2025 - 5:30pm,complete,N/A,Albacete Balompié,Cádiz,Andrés Fuentes Molina,29,1.50,1.31,1.86,1.00,3,0,3,0,0,0,"66,74,89","",4,2,1,0,3,1,1,0,1,3,14,5,5,2,9,3,6,17,50,50,1.39,1.17,1.51,0.83,2.67,63,71,52,34,15,22,67,56,74,8.55,5.54,2.65,3.04,3.04,1.41,2.20,4.10,8.50,1.91,1.81,Estadio Carlos Belmonte (Albacete)
1740936600,Mar 02 2025 - 5:30pm,complete,N/A,CD Eldense,Levante UD,Miguel González Díaz,29,1.29,1.43,1.19,1.57,1,2,3,1,1,0,"44","90'1,90'4",5,7,4,0,1,0,0,4,0,1,13,15,2,4,11,11,9,4,41,59,1.40,1.11,1.38,1.60,2.36,54,72,54,18,11,25,54,47,71,10.86,4.21,2.87,3.26,2.64,1.36,2.05,3.75,8.00,1.83,1.88,Estadio Municipal Nuevo Pepico Amat (Elda)
1740945600,Mar 02 2025 - 8:00pm,complete,N/A,Racing Santander,Elche CF,Daniel Palencia Caballero,29,1.57,1.15,1.86,1.38,2,0,2,2,2,0,"5,23","",5,9,3,0,2,0,2,1,2,0,11,10,4,1,7,9,19,15,24,76,1.48,1.12,1.11,1.16,2.28,41,70,37,18,7,22,67,41,71,10.41,5.44,2.60,3.20,2.96,1.32,2.00,3.40,7.00,1.74,1.98,Campos de Sport de El Sardinero (Santander)
1741030200,Mar 03 2025 - 7:30pm,complete,N/A,Mirandés,CD Tenerife,Manuel Ángel Pérez Hernández,29,2.36,0.21,2.41,0.38,2,0,2,1,1,0,"25,68","",3,0,1,0,3,0,1,0,0,3,10,11,4,1,6,10,13,19,44,56,1.23,0.98,1.26,0.96,2.47,47,64,50,29,7,21,75,50,75,8.36,3.57,1.88,3.27,5.10,1.53,2.26,5.20,10.00,2.38,1.53,Estadio Municipal de Anduva (Miranda de Ebro)
1741201200,Mar 05 2025 - 7:00pm,complete,4484,Racing Club de Ferrol,Burgos CF,Dámaso Arcediano Monescillo,24,0.64,0.86,0.76,1.00,0,1,1,1,0,1,"","45'5",4,6,1,0,1,0,0,1,0,1,8,10,3,3,5,7,20,10,59,41,1.06,1.10,1.10,1.09,2.22,43,61,36,29,11,29,50,40,64,10.07,4.86,2.92,2.93,2.85,1.50,3.09,5.75,10.00,2.20,1.62,Estadio Municipal de A Malata (Ferrol)
1741370400,Mar 07 2025 - 6:00pm,complete,N/A,SD Eibar,Almería,Sergiu Claudiu Muresan,30,1.79,1.47,1.86,1.10,1,0,1,1,1,0,"6","",5,6,1,0,3,0,0,1,0,3,12,13,5,3,7,10,13,13,45,55,1.41,1.47,1.39,1.40,2.67,62,72,51,31,10,34,87,38,79,9.76,5.90,2.77,3.29,2.71,1.35,2.00,3.60,7.00,1.73,1.95,Estadio Municipal de Ipurúa (Eibar)
1741377600,Mar 07 2025 - 8:00pm,complete,N/A,Deportivo La Coruña,Córdoba,Miguel González Díaz,30,1.21,1.13,1.24,1.10,1,1,2,0,0,0,"61","50",4,3,1,0,3,0,1,0,1,2,13,13,3,4,10,9,11,22,51,49,1.42,1.34,1.39,1.40,2.51,49,69,42,31,14,32,59,35,76,11.44,5.20,2.04,3.52,3.84,1.35,1.92,3.70,7.50,1.82,1.87,Estadio Abanca-Riazor (A Coruña (La Coruña))
1741446900,Mar 08 2025 - 3:15pm,complete,N/A,Mirandés,Real Oviedo,Miguel Sesma Espinosa,30,2.40,1.50,2.41,1.36,1,0,1,0,0,0,"54","",3,3,3,0,3,0,1,2,2,1,14,9,5,2,9,7,15,15,37,63,1.24,1.19,1.51,1.12,2.38,45,62,42,32,14,32,80,38,62,9.23,4.74,2.47,3.40,2.97,1.57,2.57,5.50,10.00,2.25,1.57,Estadio Municipal de Anduva (Miranda de Ebro)
1741455000,Mar 08 2025 - 5:30pm,complete,17001,Elche CF,CD Castellón,José Luis Guzmán Mansilla,30,2.33,1.36,2.29,1.00,3,1,4,2,2,0,"30,37,74","77",2,7,1,0,1,0,0,1,0,1,9,15,7,5,2,10,11,14,57,43,1.56,1.12,1.30,1.61,2.60,49,69,52,28,11,25,62,49,79,10.31,4.09,1.85,3.69,4.50,1.33,2.01,3.55,7.00,1.90,1.78,Estadio Manuel Martínez Valero (Elche)
1741455000,Mar 08 2025 - 5:30pm,complete,N/A,Sporting Gijón,Racing Santander,Saúl Ais Reig,30,1.67,1.93,1.67,1.52,1,1,2,1,1,0,"3","58",6,6,4,0,3,0,2,2,1,2,11,12,4,3,7,9,16,7,51,49,1.40,1.23,1.32,1.26,2.52,59,76,59,25,4,32,66,42,83,8.97,5.13,2.06,3.47,3.85,1.33,1.90,3.50,6.50,1.77,1.93,Estadio Municipal El Molinón (Gijón)
1741464000,Mar 08 2025 - 8:00pm,complete,N/A,Real Zaragoza,CD Eldense,Oliver De La Fuente Ramos,30,1.14,0.93,1.33,0.95,2,4,6,4,2,2,"12,45'5","32,34,72,79",5,8,3,0,3,0,0,3,0,3,26,12,6,5,20,7,10,14,62,38,1.45,1.02,2.45,1.30,2.22,47,57,47,21,11,33,54,36,79,8.86,6.50,1.98,3.29,4.40,1.45,2.37,4.50,9.00,2.10,1.65,Estadio de la Romareda (Zaragoza)
1741525200,Mar 09 2025 - 1:00pm,complete,N/A,CD Tenerife,SD Huesca,Iosu Galech Apezteguía,30,1.14,1.47,1.33,1.10,2,0,2,1,1,0,"9,90'3","",6,4,0,0,1,0,0,0,0,1,20,7,7,2,13,5,17,9,46,54,1.19,0.90,2.09,0.82,1.84,35,49,31,14,7,4,62,27,66,6.98,5.31,2.63,3.29,2.85,1.65,2.20,6.25,11.00,2.50,1.50,Estadio Heliodoro Rodríguez Lopéz (Santa Cruz de Tenerife (Tenerife))
1741533300,Mar 09 2025 - 3:15pm,complete,N/A,Málaga CF,Cádiz,Dámaso Arcediano Monescillo,30,1.71,1.21,1.76,1.00,0,2,2,0,0,0,"","83,85",6,4,0,0,2,0,0,0,0,2,7,6,1,2,6,4,18,14,52,48,1.25,1.15,0.84,0.77,2.21,54,68,43,18,7,14,64,43,72,8.21,6.28,2.74,2.98,2.99,1.48,2.55,5.00,9.50,2.10,1.67,Estadio La Rosaleda (Málaga)
1741541400,Mar 09 2025 - 5:30pm,complete,N/A,Levante UD,FC Cartagena,Germán Cid Camacho,30,1.93,0.47,2.19,0.38,3,0,3,1,1,0,"29,71,89","",3,4,1,0,3,0,0,1,1,2,18,13,8,1,10,12,14,14,56,44,1.52,0.82,2.11,1.19,2.93,66,72,59,42,17,35,69,52,80,8.40,4.60,1.32,5.50,11.00,1.25,1.80,3.00,5.75,2.20,1.62,Estadio Ciudad de Valencia (Valencia)
1741550400,Mar 09 2025 - 8:00pm,complete,N/A,Granada CF,Racing Club de Ferrol,Salvador Lax Franco,30,1.60,0.93,1.76,0.67,3,0,3,2,2,0,"32,36,58","",8,6,1,0,1,0,1,0,1,0,11,9,7,3,4,6,13,12,50,50,1.53,0.77,1.49,1.00,2.51,48,62,52,42,14,35,59,38,65,8.29,4.94,1.74,3.65,5.40,1.35,1.95,3.70,7.50,2.10,1.67,Estadio Nuevo Los Cármenes (Granada)
1741635000,Mar 10 2025 - 7:30pm,complete,N/A,Burgos CF,Albacete Balompié,Carlos Muñiz Muñoz,30,1.50,0.93,1.62,0.90,1,0,1,1,1,0,"1","",3,7,1,0,2,0,0,1,0,2,10,15,3,4,7,11,13,13,43,57,1.27,1.12,1.20,1.71,2.15,47,61,36,22,4,25,50,21,83,8.67,4.57,2.35,3.28,3.28,1.50,2.20,5.00,9.50,2.10,1.67,Estadio Municipal de El Plantío (Burgos)
1741980600,Mar 14 2025 - 7:30pm,complete,N/A,Real Oviedo,Elche CF,Manuel Ángel Pérez Hernández,31,1.93,1.07,2.18,1.38,1,1,2,1,0,1,"65","22",4,3,1,0,2,0,0,1,0,2,14,15,1,5,13,10,17,16,49,51,1.47,1.12,1.38,1.62,2.26,41,69,37,20,10,34,66,38,72,10.47,5.54,2.26,3.07,3.75,1.48,2.62,5.25,10.00,2.15,1.62,Estadio Nuevo Carlos Tartiere (Oviedo)
1742043600,Mar 15 2025 - 1:00pm,complete,N/A,Racing Club de Ferrol,SD Eibar,Manuel Jesús Orellana Cid,31,0.60,0.80,0.76,0.90,0,0,0,0,0,0,"","",4,3,3,0,3,0,1,2,2,1,6,14,1,4,5,10,13,14,44,56,1.07,1.13,0.78,1.55,2.10,40,50,37,27,10,20,63,27,60,9.54,5.07,3.13,2.96,2.65,1.55,2.73,5.75,11.00,2.25,1.57,Estadio Municipal de A Malata (Ferrol)
1742051700,Mar 15 2025 - 3:15pm,complete,N/A,Albacete Balompié,Málaga CF,Álvaro Moreno Aragón,31,1.60,1.00,1.86,0.76,2,0,2,2,2,0,"3,20","",3,8,2,2,2,1,3,1,1,2,12,20,3,5,9,15,8,16,28,72,1.40,1.06,1.29,2.27,2.57,53,64,53,37,13,24,54,50,67,8.60,4.66,1.71,3.99,5.00,1.40,1.87,4.20,8.00,2.00,1.73,Estadio Carlos Belmonte (Albacete)
1742051700,Mar 15 2025 - 3:15pm,complete,N/A,FC Cartagena,Burgos CF,Rubén Ávalos Barrera,31,0.57,1.00,0.71,1.00,0,1,1,1,0,1,"","42",2,2,4,0,5,1,0,4,1,5,8,5,3,1,5,4,11,18,53,47,1.04,1.10,1.05,0.59,1.89,31,52,28,14,4,27,59,31,59,9.89,4.54,3.63,3.41,2.15,1.50,2.26,5.50,10.00,2.38,1.53,Estadio Municipal Cartagonova (Cartagena)
1742059800,Mar 15 2025 - 5:30pm,complete,N/A,Almería,Real Zaragoza,Daniel Palencia Caballero,31,1.79,1.33,2.19,1.10,4,1,5,4,3,1,"6,16,45'5,53","25",8,3,1,0,1,1,1,0,1,1,15,8,4,2,11,6,9,18,47,53,1.60,1.25,1.64,0.96,2.80,69,80,55,35,10,17,69,59,83,9.90,5.69,1.69,4.10,5.10,1.25,1.82,3.00,5.50,1.80,1.91,UD Almería Stadium (Almería)
1742068800,Mar 15 2025 - 8:00pm,complete,N/A,Córdoba,Sporting Gijón,Marta Huerta de Aza,31,1.79,1.00,1.52,1.00,1,1,2,1,1,0,"45'2","85",5,1,1,1,3,0,0,2,0,3,15,8,3,6,12,2,8,13,57,43,1.53,1.06,1.85,1.42,2.72,64,86,54,29,7,25,65,57,90,10.22,6.92,2.30,3.28,3.39,1.40,2.05,4.20,8.00,1.83,1.83,Estadio Nuevo Arcángel (Córdoba)
1742130000,Mar 16 2025 - 1:00pm,complete,N/A,CD Eldense,Mirandés,José Antonio Sánchez Villalobos,31,1.20,1.07,1.19,1.14,2,2,4,0,0,0,"63,90'7","49,61",3,3,2,0,4,0,1,1,1,3,10,9,3,4,7,5,16,7,48,52,1.39,1.03,1.25,1.23,2.30,45,58,45,28,14,28,62,37,69,10.54,5.20,2.72,3.13,2.88,1.59,2.20,4.50,9.00,2.00,1.73,Estadio Municipal Nuevo Pepico Amat (Elda)
1742138100,Mar 16 2025 - 3:15pm,complete,N/A,SD Huesca,Levante UD,Jon Ander González Esteban,31,2.07,1.53,1.95,1.57,1,2,3,0,0,0,"69","54,90'1",4,3,4,0,2,0,1,3,0,2,7,6,4,2,3,4,12,13,47,53,1.13,1.14,1.08,0.87,2.47,62,73,55,25,4,25,63,42,80,9.53,5.13,2.53,3.03,3.23,1.45,2.25,4.33,9.00,1.91,1.80,Estadio El Alcoraz (Huesca)
1742138100,Mar 16 2025 - 3:15pm,complete,N/A,Racing Santander,CD Tenerife,Andrés Fuentes Molina,31,1.67,0.20,1.86,0.38,2,1,3,0,0,0,"79,85","58",4,7,3,0,6,1,1,2,1,6,9,11,5,4,4,7,9,13,55,45,1.46,0.98,1.26,1.38,2.63,47,73,50,30,7,27,70,50,80,8.80,4.27,1.83,3.66,4.70,1.36,1.95,3.75,7.50,1.91,1.80,Campos de Sport de El Sardinero (Santander)
1742146200,Mar 16 2025 - 5:30pm,complete,N/A,Cádiz,Granada CF,Eder Mallo Fernández,31,1.40,1.36,1.62,1.33,1,0,1,1,1,0,"28","",6,6,2,0,0,0,1,1,0,0,15,9,4,0,11,9,7,11,47,53,1.31,1.05,1.50,0.92,2.84,56,77,56,38,14,27,62,63,83,7.96,6.57,2.37,3.29,3.23,1.48,2.30,4.75,9.50,2.10,1.67,Estadio Nuevo Mirandilla (Cádiz)
1742239800,Mar 17 2025 - 7:30pm,complete,N/A,CD Castellón,Deportivo La Coruña,Salvador Lax Franco,31,1.33,1.47,1.52,1.29,2,2,4,2,1,1,"14,47","6,57",4,2,4,0,1,0,1,3,0,1,16,7,6,5,10,2,12,8,46,54,1.55,1.17,2.02,1.09,2.60,54,73,47,24,17,37,67,40,73,9.60,3.20,2.15,3.55,3.47,1.25,1.78,2.95,5.50,1.67,2.10,Estadio SkyFi Castalia (Castellón de la Plana)
1742585400,Mar 21 2025 - 7:30pm,complete,N/A,Burgos CF,Almería,Miguel González Díaz,32,1.60,1.38,1.62,1.10,3,1,4,2,1,1,"9,67,84","30",1,3,4,0,5,0,1,3,2,3,6,11,4,4,2,7,16,18,44,56,1.26,1.47,0.85,1.25,2.47,54,64,48,26,10,32,61,32,87,9.85,5.85,3.13,3.29,2.43,1.42,1.95,4.20,8.50,2.00,1.73,Estadio Municipal de El Plantío (Burgos)
1742656500,Mar 22 2025 - 3:15pm,complete,N/A,Elche CF,CD Eldense,Iosu Galech Apezteguía,32,2.38,1.07,2.29,0.95,2,0,2,0,0,0,"77,85","",5,4,0,0,2,0,0,0,1,1,16,5,7,1,9,4,10,13,68,32,1.54,1.03,1.91,0.59,2.36,42,61,48,26,7,26,58,42,81,9.57,5.22,1.66,3.84,5.80,1.36,2.05,3.85,8.00,2.20,1.62,Estadio Manuel Martínez Valero (Elche)
1742664600,Mar 22 2025 - 5:30pm,complete,N/A,Mirandés,Racing Santander,José Luis Guzmán Mansilla,32,2.44,1.87,2.41,1.52,2,1,3,1,0,1,"51,75","24",6,2,4,0,4,0,1,3,1,3,21,7,9,6,12,1,14,15,55,45,1.25,1.23,2.34,1.00,2.46,49,65,53,26,10,30,71,39,81,8.36,4.62,2.17,3.29,3.70,1.40,2.13,4.00,8.00,2.00,1.73,Estadio Municipal de Anduva (Miranda de Ebro)
1742664600,Mar 22 2025 - 5:30pm,complete,N/A,Málaga CF,Racing Club de Ferrol,Germán Cid Camacho,32,1.60,0.87,1.76,0.67,2,0,2,2,2,0,"9,39","",2,2,3,0,2,0,2,1,1,1,8,14,6,1,2,13,15,12,51,49,1.23,0.79,1.18,1.25,2.00,37,57,34,17,7,27,57,27,64,8.20,4.47,1.92,3.33,4.70,1.50,2.37,5.00,9.50,2.25,1.57,Estadio La Rosaleda (Málaga)
1742673600,Mar 22 2025 - 8:00pm,complete,N/A,Granada CF,Real Oviedo,Dámaso Arcediano Monescillo,32,1.69,1.40,1.76,1.36,1,0,1,1,1,0,"11","",5,5,1,0,3,0,0,1,0,3,13,9,5,3,8,6,13,12,42,58,1.53,1.19,1.50,1.13,2.57,52,68,55,39,13,39,71,39,68,9.52,5.88,2.28,3.10,3.66,1.50,2.30,5.00,10.00,2.20,1.62,Estadio Nuevo Los Cármenes (Granada)
1742734800,Mar 23 2025 - 1:00pm,complete,N/A,Levante UD,CD Castellón,Oliver De La Fuente Ramos,32,2.00,1.27,2.19,1.00,3,2,5,3,2,1,"34,45'3,88","27,55",4,3,0,0,4,0,0,0,1,3,12,15,4,4,8,11,10,20,46,54,1.56,1.15,1.24,1.49,2.87,64,73,53,40,17,37,67,53,77,10.60,4.13,1.73,4.20,4.60,1.22,1.83,2.70,4.75,1.60,2.15,Estadio Ciudad de Valencia (Valencia)
1742742900,Mar 23 2025 - 3:15pm,complete,N/A,SD Eibar,SD Huesca,Saúl Ais Reig,32,1.87,1.38,1.86,1.10,2,1,3,0,0,0,"51,56","78",4,0,1,0,0,0,0,1,0,0,18,5,7,3,11,2,12,8,58,42,1.41,0.90,2.13,0.71,1.82,36,49,29,13,0,10,78,29,55,8.58,4.90,1.93,3.15,5.10,1.60,2.48,5.50,10.00,2.50,1.50,Estadio Municipal de Ipurúa (Eibar)
1742742900,Mar 23 2025 - 3:15pm,complete,N/A,Sporting Gijón,Albacete Balompié,Sergiu Claudiu Muresan,32,1.63,0.87,1.67,0.90,0,2,2,1,0,1,"","45'6,90'7",9,6,2,2,0,1,1,3,0,1,15,19,4,7,11,12,14,8,52,48,1.39,1.16,1.57,1.93,2.32,58,74,42,23,4,23,71,29,74,8.97,4.31,1.89,3.57,4.40,1.42,2.05,4.20,8.50,2.00,1.73,Estadio Municipal El Molinón (Gijón)
1742751000,Mar 23 2025 - 5:30pm,complete,N/A,CD Tenerife,Cádiz,Miguel Sesma Espinosa,32,1.27,1.33,1.33,1.00,2,1,3,1,1,0,"25,84","79",6,3,3,0,1,0,1,2,0,1,13,14,8,5,5,9,22,12,41,59,1.25,1.12,1.55,1.51,2.37,47,70,40,27,13,10,60,44,80,7.47,6.06,2.55,2.94,3.31,1.53,2.73,5.50,10.00,2.20,1.62,Estadio Heliodoro Rodríguez Lopéz (Santa Cruz de Tenerife (Tenerife))
1742751000,Mar 23 2025 - 5:30pm,complete,N/A,Deportivo La Coruña,FC Cartagena,Carlos Muñiz Muñoz,32,1.20,0.44,1.24,0.38,2,2,4,0,0,0,"69,86","59,76",2,6,1,1,3,0,1,1,3,0,11,12,3,3,8,9,11,14,56,44,1.42,0.84,1.21,1.36,2.63,55,71,51,29,13,32,61,48,77,9.03,4.56,1.56,4.10,6.60,1.25,1.85,3.10,5.75,2.38,1.53,Estadio Abanca-Riazor (A Coruña (La Coruña))
1742844600,Mar 24 2025 - 7:30pm,complete,N/A,Real Zaragoza,Córdoba,Rubén Ávalos Barrera,32,1.07,1.13,1.33,1.10,1,1,2,0,0,0,"82","64",4,5,4,0,6,0,2,2,1,5,13,9,3,4,10,5,12,19,39,61,1.52,1.34,1.29,1.25,2.71,55,71,52,33,20,33,62,43,84,9.63,6.19,2.26,3.39,3.35,1.33,2.03,3.65,7.20,1.83,1.83,Estadio de la Romareda (Zaragoza)
1743190200,Mar 28 2025 - 7:30pm,complete,N/A,CD Tenerife,Granada CF,Miguel González Díaz,33,1.38,1.27,1.33,1.33,2,1,3,1,0,1,"54,78","36",7,4,1,0,5,1,0,1,1,5,16,11,5,4,11,7,15,13,53,47,1.27,1.04,1.71,1.22,2.50,49,72,46,26,13,10,65,49,84,8.40,5.96,2.62,3.05,3.08,1.50,2.30,4.75,9.50,2.10,1.67,Estadio Heliodoro Rodríguez Lopéz (Santa Cruz de Tenerife (Tenerife))
1743253200,Mar 29 2025 - 1:00pm,complete,N/A,CD Eldense,Burgos CF,José Luis Guzmán Mansilla,33,1.19,1.13,1.19,1.00,0,0,0,0,0,0,"","",6,3,2,0,2,0,0,2,0,2,19,6,6,2,13,4,12,11,51,49,1.39,1.07,2.03,0.68,2.41,47,72,44,25,10,28,60,51,69,10.57,4.76,2.38,3.06,3.47,1.48,2.85,5.25,10.00,2.20,1.62,Estadio Municipal Nuevo Pepico Amat (Elda)
1743261300,Mar 29 2025 - 3:15pm,complete,N/A,Racing Club de Ferrol,Deportivo La Coruña,Jon Ander González Esteban,33,0.63,1.44,0.76,1.29,0,1,1,1,0,1,"","18",7,3,4,0,1,0,0,4,0,1,9,7,2,4,7,3,12,14,51,49,1.05,1.16,1.12,0.90,2.44,54,60,44,28,19,32,60,38,63,9.19,3.75,3.60,3.18,2.26,1.48,2.30,4.75,9.50,2.10,1.67,Estadio Municipal de A Malata (Ferrol)
1743269400,Mar 29 2025 - 5:30pm,complete,N/A,FC Cartagena,CD Castellón,José Antonio Sánchez Villalobos,33,0.53,1.19,0.71,1.00,2,2,4,2,2,0,"3,45'4","47,55",1,8,2,0,1,0,1,1,1,0,5,22,3,10,2,12,12,17,29,71,1.04,1.17,0.68,2.80,2.37,45,54,42,26,16,32,68,38,61,9.76,4.58,4.70,3.78,1.79,1.33,1.85,3.50,6.50,1.85,1.83,Estadio Municipal Cartagonova (Cartagena)
1743269400,Mar 29 2025 - 5:30pm,complete,N/A,Racing Santander,Real Zaragoza,Manuel Ángel Pérez Hernández,33,1.75,1.25,1.86,1.10,2,0,2,0,0,0,"47,68","",9,4,3,0,4,1,1,2,3,2,21,4,3,1,18,3,10,20,65,35,1.45,1.23,1.99,0.52,2.82,60,75,57,35,16,28,66,53,82,9.81,5.62,1.93,3.74,4.00,1.30,1.96,3.40,6.50,1.80,1.91,Campos de Sport de El Sardinero (Santander)
1743278400,Mar 29 2025 - 8:00pm,complete,10930,Almería,Levante UD,Eder Mallo Fernández,33,1.87,1.63,2.19,1.57,1,0,1,0,0,0,"81","",10,4,1,0,5,0,1,0,0,5,15,8,4,1,11,7,16,6,57,43,1.60,1.12,1.61,0.89,2.57,65,78,55,23,7,20,59,49,78,10.17,4.40,1.88,3.82,4.20,1.28,1.89,3.00,5.75,1.68,2.05,UD Almería Stadium (Almería)
1743336000,Mar 30 2025 - 12:00pm,complete,N/A,Córdoba,Elche CF,Álvaro Moreno Aragón,33,1.73,1.07,1.52,1.38,1,2,3,2,1,1,"28","15,89",11,2,5,0,0,0,1,4,0,0,20,8,8,4,12,4,26,8,44,56,1.55,1.16,2.18,1.10,2.40,47,83,47,17,4,27,77,44,77,10.73,6.67,2.63,3.40,2.77,1.40,1.95,4.20,8.00,1.83,1.83,Estadio Nuevo Arcángel (Córdoba)
1743344100,Mar 30 2025 - 2:15pm,complete,N/A,Real Oviedo,Málaga CF,Marta Huerta de Aza,33,1.88,0.94,2.18,0.76,2,1,3,0,0,0,"74,90'3","85",4,8,1,0,0,0,1,0,0,0,15,7,5,2,10,5,9,6,41,59,1.47,1.13,1.57,0.83,2.57,53,66,50,41,16,35,57,44,72,9.37,5.12,1.69,3.73,5.70,1.45,2.25,4.75,9.50,2.20,1.57,Estadio Nuevo Carlos Tartiere (Oviedo)
1743352200,Mar 30 2025 - 4:30pm,complete,N/A,Albacete Balompié,Mirandés,Daniel Palencia Caballero,33,1.69,1.07,1.86,1.14,3,2,5,2,1,1,"26,47,90'7","45'5,56",5,6,2,1,2,0,0,3,2,0,11,11,6,3,5,8,16,14,38,62,1.39,1.05,1.40,1.38,2.32,42,55,42,29,10,29,58,35,68,8.82,5.32,2.66,3.16,2.91,1.48,2.25,4.75,9.00,1.95,1.73,Estadio Carlos Belmonte (Albacete)
1743352200,Mar 30 2025 - 4:30pm,complete,N/A,SD Huesca,Sporting Gijón,Manuel Jesús Orellana Cid,33,1.93,1.00,1.95,1.00,3,2,5,3,2,1,"45'2,45'8,90'3","21,54",8,2,3,0,3,0,2,1,1,2,22,10,6,4,16,6,8,16,56,44,1.12,1.08,2.27,1.22,2.60,73,80,44,30,7,20,63,47,87,9.00,6.27,2.51,2.95,3.35,1.50,2.62,5.50,10.00,2.10,1.62,Estadio El Alcoraz (Huesca)
1743445800,Mar 31 2025 - 6:30pm,complete,N/A,Cádiz,SD Eibar,Salvador Lax Franco,33,1.50,0.81,1.62,0.90,0,0,0,0,0,0,"","",3,3,0,0,4,0,0,0,2,2,9,10,5,2,4,8,17,24,54,46,1.32,1.16,1.18,1.02,2.22,38,57,38,29,7,29,66,32,66,7.81,5.69,2.31,3.04,3.67,1.53,2.45,5.25,10.00,2.20,1.62,Estadio Nuevo Mirandilla (Cádiz)
1743791400,Apr 04 2025 - 6:30pm,complete,N/A,CD Castellón,Albacete Balompié,Miguel González Díaz,34,1.31,1.00,1.52,0.90,2,2,4,3,1,2,"7,83","2,38",10,1,2,0,1,0,0,2,0,1,34,7,8,5,26,2,7,7,74,26,1.58,1.21,3.43,0.98,2.44,50,72,44,28,10,32,72,32,75,9.19,3.88,1.87,3.82,4.20,1.22,1.82,2.70,5.00,1.67,2.10,Estadio SkyFi Castalia (Castellón de la Plana)
1743862500,Apr 05 2025 - 2:15pm,complete,N/A,SD Eibar,Real Oviedo,Germán Cid Camacho,34,1.94,1.31,1.86,1.36,1,1,2,0,0,0,"90'5","64",7,1,5,0,6,0,3,2,3,3,13,9,4,4,9,5,11,13,59,41,1.46,1.19,1.38,1.07,2.16,44,56,35,25,7,29,78,31,56,9.57,5.44,2.51,2.98,3.33,1.50,2.81,5.75,10.00,2.20,1.62,Estadio Municipal de Ipurúa (Eibar)
1743870600,Apr 05 2025 - 4:30pm,complete,N/A,FC Cartagena,CD Eldense,Manuel Ángel Pérez Hernández,34,0.56,1.00,0.71,0.95,0,1,1,0,0,0,"","48",3,5,3,0,0,0,2,1,0,0,9,22,3,4,6,18,13,9,42,58,1.01,1.01,1.00,1.96,2.03,35,47,35,19,10,28,60,32,63,8.94,5.63,4.00,3.19,2.12,1.48,2.30,4.75,9.50,2.20,1.62,Estadio Municipal Cartagonova (Cartagena)
1743870600,Apr 05 2025 - 4:30pm,complete,N/A,Granada CF,Almería,Saúl Ais Reig,34,1.76,1.29,1.76,1.10,3,1,4,1,1,0,"10,78,85","46",4,5,1,0,2,0,0,1,1,1,15,23,7,8,8,15,9,9,41,59,1.53,1.46,1.73,2.30,2.95,65,77,68,41,15,41,80,44,83,9.65,6.12,2.68,3.39,2.73,1.30,1.93,3.25,6.25,1.73,2.00,Estadio Nuevo Los Cármenes (Granada)
1743879600,Apr 05 2025 - 7:00pm,complete,N/A,Sporting Gijón,CD Tenerife,Carlos Muñiz Muñoz,34,1.53,0.19,1.67,0.38,1,3,4,0,0,0,"50","69,71,84",6,11,2,0,2,0,1,1,2,0,10,13,1,4,9,9,14,5,49,51,1.40,1.00,1.14,1.46,2.43,55,79,49,22,0,19,70,46,82,9.15,4.78,1.96,3.34,4.40,1.48,2.40,4.75,9.50,2.10,1.67,Estadio Municipal El Molinón (Gijón)
1743940800,Apr 06 2025 - 12:00pm,complete,N/A,Real Zaragoza,Mirandés,Dámaso Arcediano Monescillo,34,1.06,1.00,1.33,1.14,1,0,1,0,0,0,"78","",4,2,2,0,3,0,1,1,2,1,9,9,2,2,7,7,16,18,50,50,1.50,1.07,0.97,1.05,2.41,51,57,47,32,16,35,56,38,79,9.19,6.12,2.37,3.12,3.41,1.50,2.62,5.25,10.00,2.20,1.62,Estadio de la Romareda (Zaragoza)
1743948900,Apr 06 2025 - 2:15pm,complete,N/A,Levante UD,Racing Santander,Iosu Galech Apezteguía,34,2.06,1.75,2.19,1.52,3,1,4,1,1,0,"16,46,90'7","90'5",4,6,5,0,1,0,0,5,0,1,16,13,9,4,7,9,21,7,41,59,1.54,1.21,1.89,1.54,2.82,66,75,63,35,13,38,69,50,88,9.25,4.81,1.98,3.33,4.33,1.25,1.87,2.90,5.50,1.67,2.10,Estadio Ciudad de Valencia (Valencia)
1743957000,Apr 06 2025 - 4:30pm,complete,N/A,Málaga CF,Córdoba,Miguel Sesma Espinosa,34,1.69,1.12,1.76,1.10,0,1,1,0,0,0,"","50",5,10,3,0,6,0,2,1,2,4,7,8,2,4,5,4,16,19,45,55,1.22,1.33,0.90,1.11,2.23,46,70,33,18,9,22,61,33,73,9.21,5.85,2.63,3.12,2.99,1.42,2.10,4.20,8.00,1.83,1.83,Estadio La Rosaleda (Málaga)
1743957000,Apr 06 2025 - 4:30pm,complete,N/A,Burgos CF,SD Huesca,Andrés Fuentes Molina,34,1.69,1.29,1.62,1.10,2,1,3,1,1,0,"39,70","89",4,4,1,0,1,1,0,1,0,2,8,7,2,2,6,5,6,18,54,46,1.23,0.88,0.86,0.93,1.83,37,49,33,13,0,13,52,30,70,8.12,4.91,2.19,3.01,4.10,1.79,3.09,7.00,11.00,2.63,1.44,Estadio Municipal de El Plantío (Burgos)
1743966000,Apr 06 2025 - 7:00pm,complete,N/A,Deportivo La Coruña,Cádiz,Rubén Ávalos Barrera,34,1.19,1.25,1.24,1.00,1,0,1,0,0,0,"81","",9,6,0,0,0,0,0,0,0,0,18,17,6,5,12,12,8,12,50,50,1.40,1.15,1.90,1.77,2.50,60,75,47,28,10,22,54,57,78,9.81,5.38,2.09,3.45,3.73,1.33,2.33,4.00,8.00,1.91,1.80,Estadio Abanca-Riazor (A Coruña (La Coruña))
1744050600,Apr 07 2025 - 6:30pm,complete,N/A,Elche CF,Racing Club de Ferrol,Oliver De La Fuente Ramos,34,2.41,0.81,2.29,0.67,1,0,1,1,1,0,"38","",3,4,1,0,1,0,0,1,0,1,9,7,3,2,6,5,12,9,63,37,1.56,0.82,1.17,0.78,2.33,36,64,46,28,7,31,58,39,72,8.79,3.65,1.33,5.10,11.00,1.33,2.10,3.82,7.50,3.00,1.36,Estadio Manuel Martínez Valero (Elche)
1744396200,Apr 11 2025 - 6:30pm,complete,N/A,Córdoba,Levante UD,Daniel Palencia Caballero,35,1.63,1.53,1.52,1.57,2,2,4,1,0,1,"48,90'7","17,90'2",8,2,1,0,3,0,0,1,0,3,19,12,5,4,14,8,16,9,66,34,1.59,1.11,2.02,1.25,2.53,58,80,64,19,3,28,61,49,85,10.60,5.98,2.49,3.35,2.98,1.29,1.96,3.33,6.39,1.73,2.00,Estadio Nuevo Arcángel (Córdoba)
1744467300,Apr 12 2025 - 2:15pm,complete,N/A,Real Zaragoza,SD Eibar,José Luis Guzmán Mansilla,35,1.18,0.82,1.33,0.90,2,2,4,2,0,2,"72,90'3","30,33",8,3,2,0,2,0,0,2,0,2,18,6,5,2,13,4,7,7,49,51,1.47,1.15,1.76,0.77,2.15,44,56,41,21,9,27,59,33,74,8.82,5.88,2.36,3.10,3.47,1.50,2.37,5.00,9.50,2.10,1.67,Estadio de la Romareda (Zaragoza)
1744475400,Apr 12 2025 - 4:30pm,complete,N/A,Cádiz,Elche CF,Jon Ander González Esteban,35,1.47,1.19,1.62,1.38,0,1,1,0,0,0,"","66",4,5,4,0,2,0,1,3,1,1,18,12,7,5,11,7,16,13,41,59,1.31,1.15,1.87,1.42,2.15,40,67,33,18,6,30,67,33,64,8.51,5.59,3.07,3.07,2.61,1.53,2.37,5.00,9.50,2.20,1.62,Estadio Nuevo Mirandilla (Cádiz)
1744475400,Apr 12 2025 - 4:30pm,complete,N/A,CD Tenerife,Burgos CF,Manuel Jesús Orellana Cid,35,1.47,1.12,1.33,1.00,0,0,0,0,0,0,"","",9,1,3,1,5,0,1,3,1,4,20,4,4,2,16,2,12,13,66,34,1.30,1.04,1.98,0.53,2.03,35,62,30,18,6,18,59,32,71,8.53,5.06,2.16,3.04,4.10,1.55,2.81,5.20,11.00,2.38,1.53,Estadio Heliodoro Rodríguez Lopéz (Santa Cruz de Tenerife (Tenerife))
1744484400,Apr 12 2025 - 7:00pm,complete,N/A,Real Oviedo,Racing Club de Ferrol,José Antonio Sánchez Villalobos,35,1.94,0.76,2.18,0.67,3,0,3,0,0,0,"54,81,90","",1,4,1,0,0,0,0,1,0,0,11,9,5,3,6,6,15,15,67,33,1.47,0.82,1.42,0.97,2.45,44,62,44,32,15,41,59,36,71,8.65,4.18,1.33,6.20,8.00,1.38,1.76,4.20,8.00,2.30,1.53,Estadio Nuevo Carlos Tartiere (Oviedo)
1744545600,Apr 13 2025 - 12:00pm,complete,N/A,Albacete Balompié,Granada CF,Rubén Ávalos Barrera,35,1.76,1.19,1.86,1.33,0,2,2,0,0,0,"","76,77",4,3,1,0,3,0,0,1,2,1,19,16,5,5,14,11,11,15,47,53,1.39,1.05,1.84,1.60,2.82,58,76,58,30,16,24,67,64,80,9.09,5.92,2.51,3.41,2.90,1.35,1.94,3.55,7.00,1.80,1.91,Estadio Carlos Belmonte (Albacete)
1744553700,Apr 13 2025 - 2:15pm,complete,N/A,Racing Santander,CD Castellón,Eder Mallo Fernández,35,1.82,1.18,1.86,1.00,1,1,2,1,1,0,"18","64",8,9,2,0,4,0,2,0,0,4,8,13,4,6,4,7,8,17,46,54,1.48,1.27,1.04,1.65,2.92,56,76,53,38,18,38,65,56,76,10.59,4.59,2.14,3.50,3.56,1.22,1.60,2.60,4.75,1.57,2.25,Campos de Sport de El Sardinero (Santander)
1744561800,Apr 13 2025 - 4:30pm,complete,N/A,CD Eldense,Sporting Gijón,Álvaro Moreno Aragón,35,1.18,0.94,1.19,1.00,1,2,3,1,0,1,"86","37,64",11,4,3,0,1,0,0,3,0,1,16,14,5,4,11,10,10,9,65,35,1.42,1.09,1.71,1.43,2.58,67,79,45,27,16,22,58,55,80,10.12,5.31,2.33,3.18,3.45,1.37,2.20,4.33,9.00,1.91,1.80,Estadio Municipal Nuevo Pepico Amat (Elda)
1744561800,Apr 13 2025 - 4:30pm,complete,N/A,Mirandés,Deportivo La Coruña,Sergiu Claudiu Muresan,35,2.47,1.53,2.41,1.29,2,2,4,1,0,1,"53,63","3,90'1",5,3,4,0,4,0,1,3,2,2,13,11,5,5,8,6,16,15,56,44,1.32,1.15,1.62,1.25,2.50,50,65,44,24,15,30,74,41,71,8.52,3.23,2.32,2.84,3.97,1.44,2.30,4.45,9.00,2.10,1.67,Estadio Municipal de Anduva (Miranda de Ebro)
1744570800,Apr 13 2025 - 7:00pm,complete,N/A,Almería,FC Cartagena,Marta Huerta de Aza,35,1.94,0.47,2.19,0.38,2,1,3,1,1,0,"9,54","85",10,1,2,0,1,0,1,1,1,0,30,5,8,3,22,2,13,8,59,41,1.60,0.87,2.93,0.70,3.00,64,79,61,40,16,24,70,55,82,8.65,4.84,1.22,7.10,13.00,1.13,1.47,2.25,4.05,2.20,1.62,UD Almería Stadium (Almería)
1744655400,Apr 14 2025 - 6:30pm,complete,N/A,SD Huesca,Málaga CF,Salvador Lax Franco,35,2.00,0.88,1.95,0.76,1,0,1,0,0,0,"90'7","",8,2,3,0,3,0,0,3,1,2,11,8,3,1,8,7,17,17,51,49,1.20,1.11,1.34,0.81,2.74,64,73,58,43,13,28,61,49,74,9.35,5.71,2.00,3.25,4.40,1.50,2.42,5.25,10.00,2.25,1.57,Estadio El Alcoraz (Huesca)
1744995600,Apr 18 2025 - 5:00pm,complete,N/A,Sporting Gijón,Mirandés,Rafael Sánchez López,36,1.44,0.94,1.67,1.14,3,1,4,1,1,0,"33,48,85","90'4",4,6,0,0,1,0,0,0,1,0,14,19,8,6,6,13,23,7,47,53,1.39,1.07,1.62,1.99,2.26,48,62,40,29,6,23,60,32,75,9.84,5.50,2.59,3.05,3.12,1.48,2.39,4.75,9.50,2.00,1.73,N/A
1745002800,Apr 18 2025 - 7:00pm,complete,N/A,CD Castellón,Almería,Manuel Ángel Pérez Hernández,36,1.29,1.22,1.52,1.10,4,1,5,2,1,1,"30,66,71,82","18",3,3,2,0,4,0,0,2,3,1,13,9,7,3,6,6,11,14,51,49,1.68,1.50,1.62,1.00,2.94,66,80,63,40,15,43,80,46,85,10.32,5.27,2.34,3.61,3.03,1.20,1.61,2.55,4.50,1.53,2.38,N/A
1745064000,Apr 19 2025 - 12:00pm,complete,N/A,Racing Club de Ferrol,CD Eldense,Miguel Sesma Espinosa,36,0.59,1.12,0.76,0.95,1,0,1,0,0,0,"49","",1,7,2,0,4,0,1,1,2,2,14,10,6,2,8,8,14,14,50,50,1.05,1.06,1.66,1.07,2.09,38,47,35,27,15,24,50,32,62,9.65,5.59,3.50,3.07,2.36,1.50,2.81,5.50,10.00,2.38,1.53,N/A
1745072100,Apr 19 2025 - 2:15pm,complete,N/A,SD Huesca,Racing Santander,Miguel González Díaz,36,2.06,1.65,1.95,1.52,1,3,4,1,1,0,"6","61,83,90'7",2,8,6,3,3,0,1,8,0,3,6,15,2,8,4,7,16,9,28,72,1.21,1.23,0.66,1.93,2.82,68,76,65,35,9,32,71,47,91,8.95,5.94,2.50,3.21,3.09,0.00,2.10,2.18,0.00,1.83,1.83,N/A
1745080200,Apr 19 2025 - 4:30pm,complete,N/A,Levante UD,Real Zaragoza,Germán Cid Camacho,36,2.12,1.18,2.19,1.10,5,2,7,2,2,0,"6,12,50,85,90'2","89,90'3",3,6,0,0,2,0,0,0,0,2,15,17,7,6,8,11,13,15,48,52,1.56,1.19,1.82,1.95,2.91,68,76,59,41,18,30,68,59,85,9.88,5.41,1.81,3.72,4.70,1.33,2.02,3.55,7.00,1.91,1.80,N/A
1745089200,Apr 19 2025 - 7:00pm,complete,N/A,Burgos CF,Cádiz,Iosu Galech Apezteguía,36,1.76,1.18,1.62,1.00,2,2,4,2,1,1,"45'1,71","42,84",3,2,2,0,1,0,0,2,0,1,12,6,3,3,9,3,11,10,43,57,1.21,1.18,1.35,0.87,2.30,50,65,44,24,6,18,50,47,82,8.65,5.65,2.48,2.93,3.45,1.57,2.89,6.25,11.00,2.38,1.53,N/A
1745150400,Apr 20 2025 - 12:00pm,complete,N/A,FC Cartagena,Granada CF,Andrés Fuentes Molina,36,0.53,1.29,0.71,1.33,2,3,5,3,1,2,"11,65","29,42,55",2,5,2,0,2,0,1,1,1,1,9,17,6,9,3,8,18,13,51,49,1.01,1.09,1.27,2.06,2.29,44,59,44,21,9,18,65,50,71,9.00,5.88,5.90,3.93,1.63,1.38,2.05,4.20,8.00,2.20,1.62,N/A
1745158500,Apr 20 2025 - 2:15pm,complete,N/A,Córdoba,Real Oviedo,Saúl Ais Reig,36,1.59,1.29,1.52,1.36,0,0,0,0,0,0,"","",13,2,5,0,1,0,1,4,0,1,20,8,6,1,14,7,13,10,67,33,1.61,1.18,2.15,0.92,2.65,56,77,56,32,9,35,77,47,77,10.42,6.82,2.42,3.19,3.23,1.44,2.15,4.33,8.50,1.91,1.80,N/A
1745166600,Apr 20 2025 - 4:30pm,complete,N/A,Elche CF,Albacete Balompié,Carlos Muñiz Muñoz,36,2.44,1.00,2.29,0.90,2,2,4,4,2,2,"13,32","34,43",5,5,2,0,1,0,0,2,0,1,17,11,7,7,10,4,11,8,69,31,1.54,1.20,2.05,1.41,2.37,46,69,46,26,3,23,69,34,80,8.75,3.55,1.58,4.20,6.20,1.30,1.97,3.45,6.50,1.91,1.80,N/A
1745175600,Apr 20 2025 - 7:00pm,complete,N/A,Deportivo La Coruña,CD Tenerife,Oliver De La Fuente Ramos,36,1.29,0.35,1.24,0.38,0,0,0,0,0,0,"","",8,7,2,0,2,0,1,1,1,1,9,14,0,5,9,9,8,21,58,42,1.43,1.03,0.85,1.56,2.45,53,71,47,27,3,24,53,50,82,10.29,4.17,2.06,3.36,3.98,1.42,2.15,4.20,8.50,1.91,1.80,N/A
1745260200,Apr 21 2025 - 6:30pm,complete,N/A,SD Eibar,Málaga CF,Dámaso Arcediano Monescillo,36,1.88,0.83,1.86,0.76,2,2,4,1,1,0,"45'3,71","60,70",2,7,3,0,1,0,2,1,1,0,18,12,7,6,11,6,15,11,51,49,1.45,1.10,2.02,1.47,2.23,49,60,40,29,6,20,60,40,60,9.46,5.14,1.81,3.47,5.10,1.48,2.37,4.75,9.50,2.25,1.57,N/A
1745605800,Apr 25 2025 - 6:30pm,complete,N/A,Cádiz,Sporting Gijón,Rubén Ávalos Barrera,37,1.39,1.06,1.62,1.00,1,0,1,1,1,0,"19","",1,5,1,0,1,0,0,1,0,1,10,12,2,5,8,7,2,0,40,60,1.35,1.11,1.11,1.51,2.43,58,69,37,29,12,26,58,46,78,7.78,5.84,1.98,3.33,4.33,1.45,2.30,4.75,9.50,2.10,1.67,N/A
1745668800,Apr 26 2025 - 12:00pm,complete,N/A,Albacete Balompié,FC Cartagena,Sergiu Claudiu Muresan,37,1.67,0.44,1.86,0.38,3,1,4,2,1,1,"6,49,90'4","15",11,2,0,0,2,0,0,0,1,1,22,7,8,2,14,5,9,9,54,46,1.42,0.86,2.38,0.80,2.92,56,75,61,34,17,31,67,59,78,7.28,4.78,1.45,4.60,7.90,1.25,2.00,3.00,5.75,2.10,1.65,N/A
1745676900,Apr 26 2025 - 2:15pm,complete,N/A,CD Eldense,Córdoba,Marta Huerta de Aza,37,1.11,1.22,1.19,1.10,1,1,2,1,1,0,"5","89",5,4,4,0,2,1,2,2,1,2,10,9,6,2,4,7,14,10,33,67,1.44,1.32,1.40,0.98,2.64,56,75,50,31,17,22,59,50,78,11.33,5.67,2.67,3.20,2.88,1.33,1.94,3.40,6.50,1.72,1.98,N/A
1745676900,Apr 26 2025 - 2:15pm,complete,N/A,Real Oviedo,Levante UD,José Luis Guzmán Mansilla,37,2.00,1.50,2.18,1.57,1,0,1,1,1,0,"27","",3,4,3,0,0,0,0,3,0,0,11,9,1,3,10,6,14,7,46,54,1.47,1.12,1.04,1.23,2.45,56,70,56,22,9,28,50,47,84,9.33,4.50,2.17,3.31,3.68,1.40,2.10,4.00,8.00,1.93,1.77,N/A
1745685000,Apr 26 2025 - 4:30pm,complete,N/A,Mirandés,Burgos CF,Jon Ander González Esteban,37,2.39,1.11,2.41,1.00,2,1,3,0,0,0,"51,85","56",5,1,4,0,5,0,3,1,1,4,15,10,6,3,9,7,9,14,53,47,1.33,1.02,1.80,0.98,2.09,36,59,33,23,6,23,64,39,64,8.95,4.66,1.85,3.30,5.20,1.53,2.56,5.00,9.50,2.30,1.55,N/A
1745685000,Apr 26 2025 - 4:30pm,complete,N/A,Granada CF,Elche CF,Eder Mallo Fernández,37,1.83,1.29,1.76,1.38,1,1,2,2,1,1,"13","16",4,2,2,0,5,0,0,2,1,4,12,8,2,3,10,5,14,10,41,59,1.54,1.17,1.22,0.90,2.30,46,72,46,22,6,29,72,34,69,9.87,5.38,2.55,3.12,3.11,1.42,2.20,4.20,8.50,1.95,1.75,N/A
1745763300,Apr 27 2025 - 2:15pm,complete,N/A,Racing Santander,Deportivo La Coruña,Manuel Jesús Orellana Cid,37,1.78,1.50,1.86,1.29,2,1,3,2,2,0,"8,45'2","86",2,8,1,0,4,1,1,0,1,4,8,18,4,4,4,14,18,20,35,65,1.45,1.15,1.02,1.90,2.73,56,75,47,28,14,34,67,47,75,9.55,3.89,1.89,3.82,4.10,1.25,1.73,2.90,5.50,1.67,2.05,N/A
1745771400,Apr 27 2025 - 4:30pm,complete,N/A,Málaga CF,CD Castellón,Daniel Palencia Caballero,37,1.59,1.17,1.76,1.00,1,0,1,1,1,0,"23","",3,6,5,0,3,0,0,5,0,3,7,8,3,3,4,5,12,11,39,61,1.20,1.29,0.95,1.18,2.39,51,69,40,22,11,31,66,40,72,9.70,4.86,2.68,3.16,2.89,1.36,2.01,3.70,7.50,1.75,1.93,N/A
1745771400,Apr 27 2025 - 4:30pm,complete,N/A,CD Tenerife,SD Eibar,José Antonio Sánchez Villalobos,37,1.44,0.83,1.33,0.90,1,1,2,1,0,1,"83","13",6,4,3,0,2,0,1,2,2,0,11,6,5,4,6,2,1,0,61,39,1.33,1.13,1.46,0.84,1.98,36,56,33,20,6,14,64,25,70,8.32,5.44,2.56,3.16,3.05,1.48,2.50,5.00,9.50,2.05,1.67,N/A
1745780400,Apr 27 2025 - 7:00pm,complete,N/A,Real Zaragoza,SD Huesca,Iosu Galech Apezteguía,37,1.17,1.22,1.33,1.10,1,1,2,0,0,0,"49","58",5,1,1,0,0,0,0,1,0,0,19,8,6,3,13,5,11,13,64,36,1.49,0.89,2.14,1.03,2.20,50,59,48,17,9,20,62,45,75,8.23,5.33,2.08,3.14,4.30,1.48,2.34,5.00,9.50,2.05,1.65,N/A
1745951400,Apr 29 2025 - 6:30pm,complete,N/A,Almería,Racing Club de Ferrol,Salvador Lax Franco,37,2.00,0.72,2.19,0.67,2,1,3,1,1,0,"43,51","90'2",6,6,2,0,3,0,1,1,1,2,13,18,4,6,9,12,17,11,54,46,1.68,0.82,1.32,1.86,2.55,50,69,46,32,12,29,64,41,69,9.62,4.01,1.30,5.70,11.00,1.21,1.73,2.60,4.60,2.25,1.57,N/A
1746210600,May 02 2025 - 6:30pm,complete,N/A,Córdoba,Cádiz,Oliver De La Fuente Ramos,38,1.56,1.17,1.52,1.00,4,2,6,2,2,0,"24,38,73,84","47,59",10,2,1,0,3,1,0,1,1,3,25,6,10,2,15,4,11,14,67,33,1.64,1.17,2.76,0.66,2.78,61,84,64,33,9,25,70,62,86,10.22,6.67,2.17,3.32,3.67,1.40,1.98,4.20,8.00,1.91,1.80,N/A
1746281700,May 03 2025 - 2:15pm,complete,N/A,SD Huesca,Real Oviedo,Dámaso Arcediano Monescillo,38,1.94,1.28,1.95,1.36,1,2,3,1,0,1,"70","45'5,62",3,9,1,1,2,0,2,0,1,1,8,13,3,7,5,6,11,15,29,71,1.18,1.16,0.89,1.76,2.53,58,67,47,36,11,31,70,42,73,9.12,6.67,2.96,2.83,2.91,1.55,2.94,5.75,11.00,2.25,1.57,N/A
1746289800,May 03 2025 - 4:30pm,complete,N/A,SD Eibar,Mirandés,Saúl Ais Reig,38,1.83,0.89,1.86,1.14,0,1,1,0,0,0,"","90",7,5,4,2,1,0,2,4,1,0,9,11,1,3,8,8,8,13,42,58,1.48,1.12,0.87,1.21,2.20,45,53,36,31,6,23,67,34,67,9.33,5.44,2.37,3.05,3.51,1.50,2.55,5.25,10.00,2.20,1.62,N/A
1746289800,May 03 2025 - 4:30pm,complete,26074,Málaga CF,Granada CF,N/A,38,1.67,1.39,1.76,1.33,1,0,1,1,1,0,"28","",8,4,2,0,2,0,1,1,0,2,16,7,6,0,10,7,16,21,52,48,1.19,1.14,0.00,0.00,2.31,47,70,42,17,9,17,64,50,75,8.83,6.17,2.98,3.13,2.63,1.44,2.20,4.33,8.50,1.91,1.80,N/A
1746298800,May 03 2025 - 7:00pm,complete,N/A,Burgos CF,Elche CF,Manuel Ángel Pérez Hernández,38,1.72,1.28,1.62,1.38,0,1,1,0,0,0,"","87",6,4,5,0,3,0,3,2,1,2,8,8,3,5,5,3,16,17,43,57,1.22,1.15,1.00,1.15,1.97,42,64,31,11,0,28,58,28,72,9.43,5.38,3.47,3.07,2.38,1.50,2.99,5.25,10.00,2.20,1.62,N/A
1746360000,May 04 2025 - 12:00pm,complete,N/A,Levante UD,CD Tenerife,Miguel González Díaz,38,2.17,0.39,2.19,0.38,1,1,2,1,0,1,"90'5","32",3,1,3,0,5,1,0,3,1,5,12,9,2,2,10,7,12,16,56,44,1.58,1.06,1.24,1.05,2.86,61,75,59,39,11,28,67,59,83,9.50,4.17,1.70,3.98,5.10,1.31,1.89,3.63,6.59,1.83,1.83,N/A
1746368100,May 04 2025 - 2:15pm,complete,N/A,Racing Club de Ferrol,Real Zaragoza,Álvaro Moreno Aragón,38,0.72,1.11,0.76,1.10,1,2,3,1,0,1,"61","1,51",5,3,3,0,2,0,1,2,2,0,14,11,3,7,11,4,10,16,63,37,1.09,1.23,1.38,1.49,2.50,53,59,47,34,20,23,59,45,70,9.61,5.72,3.93,3.71,1.96,1.42,2.01,4.33,8.50,2.10,1.67,N/A
1746376200,May 04 2025 - 4:30pm,complete,N/A,Almería,CD Eldense,Rafael Sánchez López,38,2.06,1.06,2.19,0.95,5,0,5,2,2,0,"35,39,54,70,89","",4,7,1,0,1,0,1,0,1,0,22,12,10,2,12,10,8,11,54,46,1.66,1.06,2.36,1.15,2.50,53,67,45,28,11,23,58,45,81,10.50,5.39,1.79,3.61,5.00,1.25,1.96,3.00,5.75,1.83,1.83,N/A
1746376200,May 04 2025 - 4:30pm,complete,N/A,FC Cartagena,Racing Santander,Carlos Muñiz Muñoz,38,0.50,1.72,0.71,1.52,1,0,1,1,1,0,"45","",5,7,2,0,2,0,2,0,1,1,6,21,2,6,4,15,12,10,29,71,1.03,1.27,0.66,2.23,2.39,50,59,53,25,9,31,70,39,75,8.50,5.17,6.30,4.40,1.54,1.25,1.82,2.95,5.75,1.83,1.83,N/A
1746385200,May 04 2025 - 7:00pm,complete,N/A,Deportivo La Coruña,Albacete Balompié,Andrés Fuentes Molina,38,1.28,1.00,1.24,0.90,5,1,6,3,2,1,"28,34,46,62,75","30",6,6,0,0,2,0,0,0,1,1,20,17,10,6,10,11,5,11,56,44,1.40,1.21,2.26,1.76,2.31,53,67,39,28,6,31,59,28,72,10.06,3.78,1.98,3.68,3.85,1.35,1.83,3.65,7.00,1.80,1.91,N/A
1746469800,May 05 2025 - 6:30pm,complete,N/A,CD Castellón,Sporting Gijón,Miguel Sesma Espinosa,38,1.39,1.00,1.52,1.00,4,3,7,3,2,1,"17,45'3,67,71","31,53,90'1",3,4,3,0,2,0,1,2,2,0,18,18,8,7,10,11,7,8,52,48,1.68,1.13,2.09,1.95,2.61,64,78,45,31,14,31,67,47,81,9.73,4.83,1.92,3.73,4.10,1.25,1.81,3.00,5.75,1.73,2.00,N/A
1746815400,May 09 2025 - 6:30pm,complete,N/A,Cádiz,Almería,Daniel Palencia Caballero,39,1.47,1.16,1.62,1.10,2,1,3,1,0,1,"90'6,90'8","34",9,6,5,0,4,3,1,4,2,5,20,8,3,3,17,5,15,14,64,36,1.33,1.48,2.09,0.92,2.79,58,69,56,40,16,40,74,45,79,8.05,6.10,2.74,3.13,2.60,1.33,1.98,3.50,6.50,1.73,2.00,N/A
1746886500,May 10 2025 - 2:15pm,complete,N/A,Mirandés,CD Castellón,Salvador Lax Franco,39,2.42,1.11,2.41,1.00,3,2,5,2,1,1,"24,70,81","44,87",5,3,2,0,3,0,1,1,0,3,14,12,6,7,8,5,14,14,44,56,1.36,1.28,1.59,1.61,2.69,55,69,50,34,16,29,74,50,74,9.95,4.42,1.79,3.47,4.50,1.26,1.98,3.40,7.10,1.80,1.91,N/A
1746886500,May 10 2025 - 2:15pm,complete,N/A,Sporting Gijón,Deportivo La Coruña,José Luis Guzmán Mansilla,39,1.53,1.42,1.67,1.29,2,1,3,2,2,0,"17,45","61",5,4,2,0,1,0,1,1,1,0,14,9,4,1,10,8,11,10,32,68,1.40,1.19,1.37,1.08,2.63,63,79,50,26,8,29,71,42,77,9.58,4.11,2.14,3.27,3.37,1.32,2.00,3.72,8.10,1.83,1.83,N/A
1746894600,May 10 2025 - 4:30pm,complete,N/A,Burgos CF,Córdoba,Rubén Ávalos Barrera,39,1.63,1.21,1.62,1.10,3,2,5,2,1,1,"27,70,77","22,58",6,5,3,0,2,0,0,3,0,2,16,11,11,5,5,6,14,17,37,63,1.21,1.30,2.02,1.40,2.32,48,64,37,27,8,24,50,35,84,9.78,6.11,2.40,3.02,3.11,1.44,2.20,4.33,8.50,1.91,1.80,N/A
1746894600,May 10 2025 - 4:30pm,complete,N/A,Elche CF,Levante UD,Manuel Jesús Orellana Cid,39,2.37,1.42,2.29,1.57,1,3,4,2,0,2,"65","11,32,75",12,3,3,0,3,0,3,0,1,2,23,9,12,6,11,3,5,11,78,22,1.57,1.12,3.24,1.10,2.27,48,66,53,19,0,19,55,45,77,9.58,3.84,1.96,3.33,3.86,1.36,2.00,3.85,8.00,1.91,1.80,N/A
1746903600,May 10 2025 - 7:00pm,complete,N/A,Real Zaragoza,FC Cartagena,José Antonio Sánchez Villalobos,39,1.16,0.42,1.33,0.38,3,2,5,3,1,2,"10,88,90'7","4,14",10,2,5,0,4,0,0,5,1,3,32,4,8,3,24,1,12,10,63,37,1.52,0.86,3.27,0.62,2.87,63,74,64,34,16,35,64,58,87,7.63,5.37,1.25,5.50,12.00,1.25,1.80,2.95,5.50,2.38,1.53,N/A
1746964800,May 11 2025 - 12:00pm,complete,N/A,Racing Santander,Real Oviedo,Jon Ander González Esteban,39,1.84,1.37,1.86,1.36,1,1,2,1,0,1,"71","37",7,3,3,0,3,0,1,2,0,3,14,8,4,3,10,5,18,16,56,44,1.43,1.20,1.62,0.91,2.42,50,69,42,26,11,32,66,42,69,9.95,5.37,2.25,3.25,3.15,1.34,1.89,3.68,7.00,1.83,1.83,N/A
1746981000,May 11 2025 - 4:30pm,complete,N/A,Albacete Balompié,SD Huesca,Eder Mallo Fernández,39,1.74,1.21,1.86,1.10,3,2,5,1,1,0,"39,90'8,90'11","57,90'5",4,8,3,0,3,0,1,2,2,1,17,24,7,6,10,18,6,6,45,55,1.47,0.89,1.85,2.28,2.29,48,64,45,19,8,19,63,50,69,8.05,4.37,2.06,3.33,3.53,1.36,1.92,3.75,7.50,1.83,1.83,N/A
1746981000,May 11 2025 - 4:30pm,complete,N/A,CD Eldense,Málaga CF,Iosu Galech Apezteguía,39,1.11,0.84,1.19,0.76,1,0,1,0,0,0,"62","",5,3,2,1,0,1,0,3,1,0,19,6,5,1,14,5,24,6,55,45,1.44,1.12,2.13,0.62,2.55,58,71,56,34,14,21,55,53,69,10.64,4.84,1.85,3.38,4.30,1.35,2.25,3.75,7.50,1.91,1.80,N/A
1746990000,May 11 2025 - 7:00pm,complete,N/A,CD Tenerife,Racing Club de Ferrol,Sergiu Claudiu Muresan,39,1.42,0.68,1.33,0.67,0,0,0,0,0,0,"","",6,0,5,0,2,0,1,4,1,1,12,3,3,0,9,3,18,14,64,36,1.34,0.88,1.34,0.36,2.16,37,61,37,21,11,21,61,29,69,8.11,4.52,1.56,3.64,6.50,1.45,2.20,4.75,9.00,2.50,1.50,N/A
1747074600,May 12 2025 - 6:30pm,complete,N/A,Granada CF,SD Eibar,Marta Huerta de Aza,39,1.79,0.84,1.76,0.90,0,2,2,0,0,0,"","61,68",7,2,1,0,1,0,0,1,0,1,18,16,2,7,16,9,10,12,56,44,1.52,1.11,1.63,1.70,2.32,48,64,48,32,6,29,71,32,66,8.94,5.32,1.75,3.41,4.80,1.40,2.15,4.20,8.00,2.10,1.67,N/A
1747420200,May 16 2025 - 6:30pm,complete,N/A,Levante UD,Albacete Balompié,Manuel Ángel Pérez Hernández,40,2.11,0.95,2.19,0.90,1,0,1,1,1,0,"45'1","",7,6,1,0,3,1,0,1,2,2,19,8,8,4,11,4,7,7,54,46,1.56,1.24,2.10,1.12,2.92,66,77,53,42,16,37,77,40,79,9.00,3.84,1.44,4.30,6.50,1.22,1.65,2.20,5.00,1.83,1.85,N/A
1747491300,May 17 2025 - 2:15pm,complete,N/A,Deportivo La Coruña,Granada CF,Rafael Sánchez López,40,1.37,1.32,1.24,1.33,2,3,5,2,0,2,"71,90'1","9,28,72",3,4,1,1,2,0,0,2,0,2,11,12,4,6,7,6,14,17,46,54,1.45,1.14,1.28,1.53,2.58,56,71,48,29,14,24,55,58,79,10.79,5.21,3.07,3.37,2.23,1.33,1.98,3.55,7.00,1.80,1.91,N/A
1747491300,May 17 2025 - 2:15pm,complete,N/A,SD Eibar,Burgos CF,Miguel González Díaz,40,1.74,1.05,1.86,1.00,1,0,1,1,1,0,"37","",3,1,0,0,3,1,0,0,0,4,10,4,6,2,4,2,20,10,49,51,1.45,1.01,1.38,0.67,1.98,40,58,29,19,0,21,61,37,61,9.21,5.63,1.90,3.13,4.50,1.50,2.56,5.25,10.00,2.10,1.62,N/A
1747499400,May 17 2025 - 4:30pm,complete,N/A,FC Cartagena,CD Tenerife,Álvaro Moreno Aragón,40,0.63,0.42,0.71,0.38,1,0,1,1,1,0,"41","",2,6,1,0,1,1,0,1,1,1,9,15,1,2,8,13,9,13,51,49,1.01,1.06,0.91,1.40,2.18,43,56,43,21,6,21,66,40,69,8.47,4.79,4.30,3.20,1.86,1.36,2.20,4.30,7.90,1.91,1.80,N/A
1747499400,May 17 2025 - 4:30pm,complete,N/A,SD Huesca,Elche CF,Germán Cid Camacho,40,1.84,1.37,1.95,1.38,2,1,3,1,0,1,"79,90'3","29",7,0,5,0,2,1,2,3,1,2,16,9,7,3,9,6,17,14,50,50,1.16,1.15,1.90,1.08,2.37,56,74,42,21,6,26,71,37,76,9.53,6.42,3.35,2.90,2.30,1.53,2.41,5.25,10.00,2.25,1.57,N/A
1747508400,May 17 2025 - 7:00pm,complete,N/A,Málaga CF,Sporting Gijón,Saúl Ais Reig,40,1.74,0.95,1.76,1.00,2,1,3,0,0,0,"67,83","59",9,3,4,0,2,0,0,4,0,2,18,11,6,5,12,6,6,11,54,46,1.19,1.17,1.86,1.37,2.16,53,66,29,13,8,19,63,37,71,8.73,5.52,2.26,2.95,3.35,1.48,2.37,4.50,9.00,2.00,1.73,N/A
1747569600,May 18 2025 - 12:00pm,complete,N/A,Racing Club de Ferrol,Cádiz,Andrés Fuentes Molina,40,0.68,1.11,0.76,1.00,1,0,1,0,0,0,"82","",4,6,0,0,1,0,0,0,1,0,10,10,2,1,8,9,14,11,45,55,1.10,1.14,1.00,1.06,2.42,53,61,48,32,16,19,58,50,69,8.74,5.58,3.05,2.90,2.44,1.50,2.50,5.15,11.00,2.10,1.67,N/A
1747577700,May 18 2025 - 2:15pm,complete,N/A,CD Castellón,CD Eldense,Dámaso Arcediano Monescillo,40,1.47,1.00,1.52,0.95,1,1,2,0,0,0,"84","71",4,6,3,0,3,0,1,2,1,2,21,11,10,5,11,6,12,13,64,36,1.70,1.07,2.51,1.27,2.63,45,66,48,34,19,40,61,42,79,10.00,5.06,1.64,3.85,4.70,1.22,1.73,2.25,5.00,1.67,2.05,N/A
1747577700,May 18 2025 - 2:15pm,complete,N/A,Real Oviedo,Real Zaragoza,Oliver De La Fuente Ramos,40,2.05,1.21,2.18,1.10,1,0,1,0,0,0,"90'1","",6,2,0,0,4,0,0,0,0,4,11,4,2,1,9,3,7,16,65,35,1.45,1.25,1.15,0.54,2.84,61,74,58,35,19,32,63,55,87,9.21,5.47,1.80,3.25,4.60,1.45,2.25,4.75,9.00,2.10,1.62,N/A
1747594800,May 18 2025 - 7:00pm,complete,N/A,Almería,Racing Santander,Miguel Sesma Espinosa,40,2.11,1.63,2.19,1.52,2,0,2,1,1,0,"20,47","",4,7,1,0,1,0,0,1,0,1,19,11,7,2,12,9,20,14,42,58,1.70,1.33,1.93,1.12,2.87,66,79,63,35,11,27,74,53,87,10.16,4.95,1.67,4.20,4.10,1.11,1.44,2.15,3.64,1.50,2.50,N/A
1747679400,May 19 2025 - 6:30pm,complete,N/A,Córdoba,Mirandés,Carlos Muñiz Muñoz,40,1.63,1.00,1.52,1.14,1,2,3,1,0,1,"70","10,90",5,2,3,0,1,0,1,2,1,0,16,12,5,4,11,8,17,14,68,32,1.70,1.12,1.71,1.21,2.61,50,66,56,37,11,32,66,42,82,11.05,6.31,2.57,3.30,2.65,1.33,1.98,3.55,7.00,1.73,2.00,N/A
1748104200,May 24 2025 - 4:30pm,complete,N/A,Albacete Balompié,Racing Club de Ferrol,Marta Huerta de Aza,41,1.80,0.70,1.86,0.67,2,0,2,1,1,0,"9,89","",9,6,2,0,2,2,0,2,1,3,7,7,3,4,4,3,10,16,54,46,1.49,0.85,0.98,0.98,2.53,43,65,48,30,15,35,60,45,65,8.35,4.05,1.47,4.60,5.80,1.25,1.79,3.04,5.77,1.85,1.83,N/A
1748190600,May 25 2025 - 4:30pm,complete,N/A,Burgos CF,Levante UD,Miguel Sesma Espinosa,41,1.70,1.50,1.62,1.57,2,3,5,3,2,1,"1,35","21,85,90'7",4,5,0,0,2,0,0,0,0,2,6,13,4,7,2,6,13,10,41,59,1.25,1.12,0.90,1.73,2.20,50,60,48,20,3,25,48,40,80,9.20,4.85,5.40,2.57,2.02,1.28,2.20,3.10,6.00,1.77,1.90,N/A
1748190600,May 25 2025 - 4:30pm,complete,N/A,Cádiz,SD Huesca,Sergiu Claudiu Muresan,41,1.55,1.15,1.62,1.10,4,0,4,4,4,0,"11,20,35,39","",3,2,0,0,0,0,0,0,0,0,9,5,5,1,4,4,7,6,45,55,1.37,0.96,1.18,0.70,2.13,43,55,40,20,8,15,63,43,65,7.20,5.10,2.01,3.52,3.47,1.48,2.30,4.75,9.50,1.95,1.73,N/A
1748190600,May 25 2025 - 4:30pm,complete,N/A,Elche CF,Málaga CF,Jon Ander González Esteban,41,2.25,0.80,2.29,0.76,2,0,2,0,0,0,"76,90'3","",9,1,2,0,1,0,1,1,1,0,9,5,5,2,4,3,10,8,57,43,1.65,1.09,1.32,0.69,2.45,48,65,53,35,5,23,55,48,73,9.85,4.25,1.35,4.50,8.40,1.25,1.75,3.10,5.75,2.30,1.53,N/A
1748190600,May 25 2025 - 4:30pm,complete,N/A,CD Eldense,Racing Santander,Rubén Ávalos Barrera,41,1.20,1.55,1.19,1.52,3,3,6,2,1,1,"19,55,90'14","41,82,90'6",5,3,6,0,4,0,3,3,2,2,12,14,5,9,7,5,19,9,39,61,1.47,1.32,1.42,1.86,2.63,60,75,60,28,10,25,68,50,83,10.50,5.10,3.15,3.45,2.16,1.25,1.65,2.80,5.25,1.55,2.25,N/A
1748190600,May 25 2025 - 4:30pm,complete,5122,Mirandés,Almería,Iosu Galech Apezteguía,41,2.45,1.10,2.41,1.10,0,0,0,0,0,0,"","",4,6,0,0,2,0,0,0,0,2,11,6,3,1,8,5,12,16,47,53,1.37,1.45,1.36,0.70,2.93,65,75,63,38,18,33,83,53,85,9.30,5.80,2.63,2.71,3.11,1.28,1.95,3.10,5.75,1.62,2.10,N/A
1748190600,May 25 2025 - 4:30pm,complete,N/A,Sporting Gijón,FC Cartagena,Manuel Jesús Orellana Cid,41,1.60,0.40,1.67,0.38,3,2,5,2,1,1,"45'5,59,63","25,85",3,2,0,0,3,0,0,0,2,1,20,9,8,6,12,3,13,12,68,32,1.40,0.84,2.36,1.21,2.88,65,83,63,35,10,28,73,53,83,8.15,4.90,1.31,5.00,8.80,1.19,1.57,2.54,4.75,2.25,1.55,N/A
1748190600,May 25 2025 - 4:30pm,complete,N/A,Granada CF,CD Castellón,Manuel Ángel Pérez Hernández,41,1.70,1.05,1.76,1.00,2,1,3,1,1,0,"26,89","69",11,2,3,0,1,1,0,3,1,1,15,3,8,2,7,1,14,11,56,44,1.53,1.30,1.86,0.55,2.88,60,75,58,43,18,40,73,50,73,10.20,4.85,1.73,3.90,4.10,1.18,1.55,2.20,4.33,1.62,2.10,N/A
1748190600,May 25 2025 - 4:30pm,complete,N/A,SD Eibar,Córdoba,Salvador Lax Franco,41,1.80,1.15,1.86,1.10,4,1,5,1,1,0,"41,67,79,90","65",8,5,2,0,3,0,1,1,1,2,18,8,9,5,9,3,19,9,38,62,1.45,1.31,2.10,1.07,2.38,50,65,35,28,10,20,68,38,73,10.00,6.10,2.09,2.85,3.95,1.40,2.37,4.20,8.00,1.85,1.83,N/A
1748190600,May 25 2025 - 4:30pm,complete,N/A,Real Zaragoza,Deportivo La Coruña,Eder Mallo Fernández,41,1.25,1.35,1.33,1.29,1,0,1,0,0,0,"56","",4,6,4,0,1,0,1,3,1,0,10,4,3,1,7,3,9,10,33,67,1.61,1.19,1.09,0.73,2.75,65,73,55,28,18,43,65,48,83,9.25,4.70,1.62,3.91,5.10,1.25,1.85,3.00,5.50,1.80,1.85,N/A
1748190600,May 25 2025 - 4:30pm,complete,N/A,CD Tenerife,Real Oviedo,Daniel Palencia Caballero,41,1.40,1.35,1.33,1.36,0,1,1,0,0,0,"","74",0,1,1,0,2,0,0,1,0,2,4,3,2,2,2,1,18,17,58,42,1.34,1.18,0.66,0.50,2.05,45,60,33,20,10,18,65,30,68,8.85,5.85,5.00,3.45,1.72,1.54,2.39,4.75,8.50,2.20,1.57,N/A
1748629800,May 30 2025 - 6:30pm,complete,10538,CD Castellón,Real Zaragoza,N/A,42,1.45,1.15,1.52,1.10,4,1,5,4,4,0,"2,16,33,4505","65",8,3,3,0,1,0,2,1,1,0,23,12,11,5,12,7,17,5,46,54,1.74,1.21,2.50,1.47,2.95,63,78,58,38,20,35,68,55,85,9.65,5.30,1.81,3.80,3.95,1.20,1.65,2.60,4.75,1.60,2.20,N/A
1748700900,May 31 2025 - 2:15pm,complete,3041,Racing Club de Ferrol,Sporting Gijón,N/A,42,0.80,0.90,0.76,1.00,0,2,2,1,0,1,"","44,90",2,4,2,0,4,0,0,2,2,2,9,12,4,7,5,5,12,19,58,42,1.10,1.18,1.14,1.44,2.33,58,60,38,25,15,18,55,43,70,9.15,5.15,3.28,2.53,2.71,1.48,2.14,3.95,8.00,1.87,1.82,N/A
1748709000,May 31 2025 - 4:30pm,complete,19337,Málaga CF,Burgos CF,N/A,42,1.80,1.00,1.76,1.00,2,2,4,1,0,1,"82,84","9,65",9,4,0,0,0,0,0,0,0,0,17,9,6,6,11,3,6,10,68,32,1.23,1.00,1.88,1.16,1.75,33,55,25,8,0,20,55,30,58,8.75,5.65,2.07,3.07,3.81,1.45,2.37,4.75,9.50,2.05,1.67,N/A
1748795400,Jun 01 2025 - 4:30pm,complete,11202,Almería,CD Tenerife,Saúl Ais Reig,42,2.15,0.40,2.19,0.38,2,0,2,1,1,0,"8,57","",2,6,1,0,5,0,0,1,2,3,15,10,8,4,7,6,9,11,43,57,1.71,1.07,1.75,1.15,2.68,58,78,53,30,8,18,70,53,83,9.95,4.60,1.19,6.70,12.00,1.15,1.53,2.25,3.85,2.10,1.62,N/A
1748795400,Jun 01 2025 - 4:30pm,complete,2743,FC Cartagena,Mirandés,José Luis Guzmán Mansilla,42,0.75,1.10,0.71,1.14,1,3,4,3,1,2,"44","38,45'3,70",4,6,3,0,1,0,2,1,1,0,9,24,3,9,6,15,13,8,41,59,1.00,1.13,0.99,2.66,2.03,35,40,35,25,10,25,63,28,63,8.60,4.95,11.00,5.40,1.26,1.18,1.80,2.50,4.33,2.25,1.55,N/A
1748795400,Jun 01 2025 - 4:30pm,complete,19867,Deportivo La Coruña,Elche CF,Miguel Sesma Espinosa,42,1.30,1.30,1.24,1.38,0,4,4,3,0,3,"","4,25,32,89",2,0,2,0,2,0,2,0,1,1,4,8,0,6,4,2,13,18,47,53,1.44,1.15,0.43,1.15,2.15,48,68,33,15,8,30,58,35,70,10.65,4.80,5.50,4.10,1.54,1.17,1.80,2.30,3.95,1.62,2.10,N/A
1748795400,Jun 01 2025 - 4:30pm,complete,29418,Real Oviedo,Cádiz,Iosu Galech Apezteguía,42,2.10,1.05,2.18,1.00,2,1,3,3,2,1,"26,40","31",8,3,0,0,1,0,0,0,0,1,14,10,7,5,7,5,11,8,52,48,1.43,1.14,1.65,1.25,2.65,55,70,53,33,15,28,58,55,85,8.60,5.15,1.36,4.40,9.20,1.53,2.05,5.00,10.00,2.25,1.55,N/A
1748795400,Jun 01 2025 - 4:30pm,complete,5098,Levante UD,SD Eibar,N/A,42,2.15,0.95,2.19,0.90,1,0,1,0,0,0,"83","",4,8,0,0,2,0,0,0,1,1,12,16,6,3,6,13,4,13,38,62,1.59,1.14,1.53,1.57,2.48,53,65,43,33,10,28,70,40,73,9.19,4.60,1.48,4.20,6.40,1.17,1.92,2.38,4.20,1.62,2.10,N/A
1748795400,Jun 01 2025 - 4:30pm,complete,5010,SD Huesca,CD Eldense,Álvaro Moreno Aragón,42,1.90,1.00,1.95,0.95,3,2,5,3,1,2,"16,60,81","23,45",4,4,0,0,1,0,0,0,0,1,12,11,4,3,8,8,13,5,57,43,1.20,1.08,1.41,1.14,2.60,55,68,50,33,13,28,60,48,85,9.60,6.65,1.83,3.60,4.10,1.38,1.98,3.80,7.50,1.83,1.85,N/A
1748795400,Jun 01 2025 - 4:30pm,complete,22298,Racing Santander,Granada CF,Dámaso Arcediano Monescillo,42,1.80,1.40,1.86,1.33,2,1,3,2,1,1,"10,90'6","1",5,1,4,0,4,1,1,3,2,3,17,4,10,3,7,1,18,16,45,55,1.44,1.16,2.06,0.60,2.80,58,80,53,30,15,25,68,60,83,10.00,5.65,2.42,3.45,2.73,1.20,1.61,2.25,4.33,1.48,2.40,N/A
1748804400,Jun 01 2025 - 7:00pm,complete,11586,Córdoba,Albacete Balompié,Rafael Sánchez López,42,1.55,0.90,1.52,0.90,1,1,2,1,0,1,"81","1",9,5,2,0,3,0,2,0,0,3,37,7,9,1,28,6,13,11,66,34,1.70,1.23,3.53,0.73,2.83,60,80,60,35,10,35,80,40,80,10.50,5.50,1.70,4.00,4.30,1.18,1.60,2.20,4.20,1.53,2.30,N/A
1750006800,Jun 15 2025 - 5:00pm,complete,4006,Mirandés,Real Oviedo,N/A,N/A,1.79,1.79,1.77,1.77,1,0,1,1,1,0,"3","",4,1,1,0,4,0,0,1,2,2,6,12,4,2,2,10,17,20,41,59,1.28,1.30,0.87,1.19,2.35,48,59,44,30,12,29,63,38,73,9.10,4.83,1.95,2.82,4.05,1.66,3.17,7.00,17.00,2.40,1.53,N/A
1750532400,Jun 21 2025 - 7:00pm,complete,20491,Real Oviedo,Mirandés,N/A,N/A,1.74,1.81,1.77,1.77,3,1,4,2,1,1,"39,52,103","16",6,4,2,1,3,2,0,3,0,5,11,16,5,4,6,12,21,17,52,48,1.29,1.27,1.36,1.75,2.32,47,57,43,30,12,28,64,37,71,9.00,4.84,1.90,3.00,3.90,1.51,2.57,5.75,10.00,2.26,1.60,N/A
