timestamp,date_GMT,status,attendance,home_team_name,away_team_name,referee,Game Week,Pre-Match PPG (Home),Pre-Match PPG (Away),home_ppg,away_ppg,home_team_goal_count,away_team_goal_count,total_goal_count,total_goals_at_half_time,home_team_goal_count_half_time,away_team_goal_count_half_time,home_team_goal_timings,away_team_goal_timings,home_team_corner_count,away_team_corner_count,home_team_yellow_cards,home_team_red_cards,away_team_yellow_cards,away_team_red_cards,home_team_first_half_cards,home_team_second_half_cards,away_team_first_half_cards,away_team_second_half_cards,home_team_shots,away_team_shots,home_team_shots_on_target,away_team_shots_on_target,home_team_shots_off_target,away_team_shots_off_target,home_team_fouls,away_team_fouls,home_team_possession,away_team_possession,Home Team Pre-Match xG,Away Team Pre-Match xG,team_a_xg,team_b_xg,average_goals_per_match_pre_match,btts_percentage_pre_match,over_15_percentage_pre_match,over_25_percentage_pre_match,over_35_percentage_pre_match,over_45_percentage_pre_match,over_15_HT_FHG_percentage_pre_match,over_05_HT_FHG_percentage_pre_match,over_15_2HG_percentage_pre_match,over_05_2HG_percentage_pre_match,average_corners_per_match_pre_match,average_cards_per_match_pre_match,odds_ft_home_team_win,odds_ft_draw,odds_ft_away_team_win,odds_ft_over15,odds_ft_over25,odds_ft_over35,odds_ft_over45,odds_btts_yes,odds_btts_no,stadium_name
1376679600,Aug 16 2013 - 7:00pm,complete,3480,Girona FC,Deportivo Alavés,N/A,1,0.00,0.00,1.48,1.10,1,0,1,0,0,0,"54","",10,2,2,0,2,0,1,1,1,1,11,6,6,0,5,6,12,14,47,53,0.00,0.00,0.00,0.00,0.00,0,0,0,0,0,0,0,0,0,0.00,0.00,1.85,3.49,4.95,0.00,0.00,0.00,0.00,0.00,0.00,Estadi Municipal de Montilivi
1376758800,Aug 17 2013 - 5:00pm,complete,3525,Mirandés,Barcelona II,N/A,1,0.00,0.00,1.57,1.33,2,1,3,1,1,0,"21,46","48",4,8,3,0,3,0,1,2,1,2,12,16,3,10,9,6,16,16,48,52,0.00,0.00,0.00,0.00,0.00,0,0,0,0,0,0,0,0,0,0.00,0.00,2.52,3.38,2.95,0.00,0.00,0.00,0.00,0.00,0.00,Estadio Municipal de Anduva
1376758800,Aug 17 2013 - 5:00pm,complete,7500,Hércules CF,Real Zaragoza,N/A,1,0.00,0.00,1.14,1.19,1,1,2,0,0,0,"50","68",6,7,5,0,3,0,2,3,1,2,6,10,2,4,4,6,16,18,52,48,0.00,0.00,0.00,0.00,0.00,0,0,0,0,0,0,0,0,0,0.00,0.00,3.08,3.20,2.54,0.00,0.00,0.00,0.00,0.00,0.00,Estadio José Rico Pérez
1376758800,Aug 17 2013 - 5:00pm,complete,10132,UD Las Palmas,Deportivo La Coruña,N/A,1,0.00,0.00,1.70,1.71,0,1,1,0,0,0,"","50",5,11,5,1,1,1,1,5,1,1,7,10,5,6,2,4,23,16,50,50,0.00,0.00,0.00,0.00,0.00,0,0,0,0,0,0,0,0,0,0.00,0.00,2.50,3.31,3.05,0.00,0.00,0.00,0.00,0.00,0.00,Estadio de Gran Canaria
1376766000,Aug 17 2013 - 7:00pm,complete,7850,Córdoba,SD Ponferradina,N/A,1,0.00,0.00,1.57,0.81,1,0,1,0,0,0,"89","",8,2,2,0,3,0,2,0,1,2,13,2,5,2,8,0,18,19,47,53,0.00,0.00,0.00,0.00,0.00,0,0,0,0,0,0,0,0,0,0.00,0.00,1.96,3.45,4.33,0.00,0.00,0.00,0.00,0.00,0.00,Estadio Nuevo Arcángel
1376766000,Aug 17 2013 - 7:00pm,complete,3500,CD Lugo,CD Numancia,N/A,1,0.00,0.00,1.67,1.14,0,0,0,0,0,0,"","",4,1,1,0,3,0,1,0,1,2,10,7,4,5,6,2,12,16,52,48,0.00,0.00,0.00,0.00,0.00,0,0,0,0,0,0,0,0,0,0.00,0.00,2.40,3.17,3.36,0.00,0.00,0.00,0.00,0.00,0.00,Estadio Anxo Carro
1376845200,Aug 18 2013 - 5:00pm,complete,1500,AD Alcorcón,CD Tenerife,N/A,1,0.00,0.00,1.62,0.95,1,0,1,0,0,0,"90'5","",10,3,3,0,5,1,1,2,2,4,13,6,4,2,9,4,17,19,48,52,0.00,0.00,0.00,0.00,0.00,0,0,0,0,0,0,0,0,0,0.00,0.00,1.96,3.39,4.43,0.00,0.00,0.00,0.00,0.00,0.00,Estadio Santo Domingo
1376845200,Aug 18 2013 - 5:00pm,complete,14500,Sporting Gijón,Real Madrid II,N/A,1,0.00,0.00,1.91,0.95,1,0,1,1,1,0,"22","",6,2,1,0,1,0,0,1,0,1,15,7,7,3,8,4,21,12,49,51,0.00,0.00,0.00,0.00,0.00,0,0,0,0,0,0,0,0,0,0.00,0.00,1.79,3.72,4.91,0.00,0.00,0.00,0.00,0.00,0.00,Estadio Municipal El Molinón
1376845200,Aug 18 2013 - 5:00pm,complete,3060,CE Sabadell FC,RCD Mallorca,N/A,1,0.00,0.00,2.19,1.00,4,0,4,2,2,0,"20,27,68,73","",6,4,4,0,4,0,0,4,2,2,7,9,2,5,5,4,16,10,48,52,0.00,0.00,0.00,0.00,0.00,0,0,0,0,0,0,0,0,0,0.00,0.00,3.65,3.38,2.17,0.00,0.00,0.00,0.00,0.00,0.00,Estadi de la Nova Creu Alta
1376845200,Aug 18 2013 - 5:00pm,complete,6000,Real Jaén CF,SD Eibar,N/A,1,0.00,0.00,1.52,1.52,1,2,3,1,0,1,"85","41,61",3,6,0,0,2,0,0,0,1,1,9,7,6,3,3,4,10,14,52,48,0.00,0.00,0.00,0.00,0.00,0,0,0,0,0,0,0,0,0,0.00,0.00,2.42,3.15,3.34,0.00,0.00,0.00,0.00,0.00,0.00,Nuevo Estadio La Victoria
1376852400,Aug 18 2013 - 7:00pm,complete,6232,Real Murcia,Recreativo de Huelva,N/A,1,0.00,0.00,1.68,1.43,2,3,5,1,0,1,"55,77","45,50,88",6,3,5,0,5,1,3,2,2,4,12,6,5,2,7,4,16,23,48,52,0.00,0.00,0.00,0.00,0.00,0,0,0,0,0,0,0,0,0,0.00,0.00,2.47,3.24,3.16,0.00,0.00,0.00,0.00,0.00,0.00,Estadio Nueva Condomina
1377363600,Aug 24 2013 - 5:00pm,complete,8000,Real Zaragoza,Mirandés,N/A,2,0.00,0.00,1.33,0.81,0,0,0,0,0,0,"","",5,6,2,0,7,0,1,1,3,4,9,11,5,4,4,7,14,15,51,49,0.00,0.00,0.00,0.00,0.00,0,0,0,0,0,0,0,0,0,0.00,0.00,1.77,3.62,5.28,0.00,0.00,0.00,0.00,0.00,0.00,Estadio de la Romareda
1377363600,Aug 24 2013 - 5:00pm,complete,21000,Deportivo La Coruña,Córdoba,N/A,2,0.00,0.00,1.57,1.35,0,1,1,0,0,0,"","67",3,0,1,0,1,0,1,0,0,1,12,5,3,0,9,5,16,18,47,53,0.00,0.00,0.00,0.00,0.00,0,0,0,0,0,0,0,0,0,0.00,0.00,1.78,3.66,5.09,0.00,0.00,0.00,0.00,0.00,0.00,Estadio Municipal de Riazor (A Coruña (La Coruña))
1377363600,Aug 24 2013 - 5:00pm,complete,6700,Deportivo Alavés,UD Las Palmas,N/A,2,0.00,0.00,1.33,1.39,1,1,2,1,0,1,"81","29",3,2,1,0,2,0,1,0,0,2,11,6,6,2,5,4,12,9,52,48,0.00,0.00,0.00,0.00,0.00,0,0,0,0,0,0,0,0,0,0.00,0.00,2.36,3.32,3.27,0.00,0.00,0.00,0.00,0.00,0.00,Estadio de Mendizorroza
1377363600,Aug 24 2013 - 5:00pm,complete,2000,SD Eibar,Girona FC,N/A,2,0.00,0.00,1.86,0.95,0,3,3,0,0,0,"","59,73,90",3,2,4,2,3,0,2,4,2,1,7,9,3,6,4,3,19,14,47,53,0.00,0.00,0.00,0.00,0.00,0,0,0,0,0,0,0,0,0,0.00,0.00,2.24,3.31,3.55,0.00,0.00,0.00,0.00,0.00,0.00,Estadio Municipal de Ipurúa
1377370800,Aug 24 2013 - 7:00pm,complete,1205,Barcelona II,CD Lugo,N/A,2,0.00,0.00,1.81,0.90,2,1,3,2,1,1,"13,84","37",5,2,0,0,1,0,0,0,0,1,5,6,2,3,3,3,14,11,50,50,0.00,0.00,0.00,0.00,0.00,0,0,0,0,0,0,0,0,0,0.00,0.00,1.83,3.70,4.66,0.00,0.00,0.00,0.00,0.00,0.00,Mini Estadi
1377370800,Aug 24 2013 - 7:00pm,complete,2378,Real Madrid II,AD Alcorcón,N/A,2,0.00,0.00,1.38,1.19,0,1,1,1,0,1,"","16",5,2,4,0,3,0,3,1,1,2,13,8,7,3,6,5,10,16,50,50,0.00,0.00,0.00,0.00,0.00,0,0,0,0,0,0,0,0,0,0.00,0.00,2.33,3.47,3.19,0.00,0.00,0.00,0.00,0.00,0.00,Estadio Alfredo Di Stéfano
1377450000,Aug 25 2013 - 5:00pm,complete,8981,CD Tenerife,Hércules CF,N/A,2,0.00,0.00,1.62,1.00,0,0,0,0,0,0,"","",14,0,0,0,0,1,0,0,1,0,10,3,2,2,8,1,6,14,51,49,0.00,0.00,0.00,0.00,0.00,0,0,0,0,0,0,0,0,0,0.00,0.00,2.36,3.24,3.35,0.00,0.00,0.00,0.00,0.00,0.00,Estadio Heliodoro Rodríguez Lopéz
1377450000,Aug 25 2013 - 5:00pm,complete,6000,Recreativo de Huelva,Sporting Gijón,N/A,2,0.00,0.00,1.48,1.00,1,1,2,0,0,0,"79","57",5,4,5,1,5,0,2,4,1,4,4,7,3,3,1,4,15,11,51,49,0.00,0.00,0.00,0.00,0.00,0,0,0,0,0,0,0,0,0,0.00,0.00,2.50,3.35,3.01,0.00,0.00,0.00,0.00,0.00,0.00,Estadio Nuevo Colombino
1377450000,Aug 25 2013 - 5:00pm,complete,5500,SD Ponferradina,CE Sabadell FC,N/A,2,0.00,0.00,1.62,0.62,2,0,2,0,0,0,"46,48","",4,6,4,0,1,0,1,3,1,0,11,12,5,6,6,6,15,9,47,53,0.00,0.00,0.00,0.00,0.00,0,0,0,0,0,0,0,0,0,0.00,0.00,1.86,3.67,4.62,0.00,0.00,0.00,0.00,0.00,0.00,Estadio El Toralín
1377457200,Aug 25 2013 - 7:00pm,complete,3000,CD Numancia,Real Jaén CF,N/A,2,0.00,0.00,1.43,0.76,4,2,6,4,3,1,"5,9,36,60","10,71",4,2,1,0,7,1,1,0,3,5,16,5,8,2,8,3,10,15,53,47,0.00,0.00,0.00,0.00,0.00,0,0,0,0,0,0,0,0,0,0.00,0.00,1.77,3.68,5.18,0.00,0.00,0.00,0.00,0.00,0.00,Nuevo Estadio Los Pajaritos
1377457200,Aug 25 2013 - 7:00pm,complete,9000,RCD Mallorca,Real Murcia,N/A,2,0.00,0.00,1.43,1.32,2,4,6,2,0,2,"53,65","15,32,48,72",5,5,4,2,3,0,3,3,1,2,11,13,4,8,7,5,16,19,50,50,0.00,0.00,0.00,0.00,0.00,0,0,0,0,0,0,0,0,0,0.00,0.00,1.61,4.00,6.28,0.00,0.00,0.00,0.00,0.00,0.00,Iberostar Estadi
1377968400,Aug 31 2013 - 5:00pm,complete,7000,Hércules CF,Real Madrid II,N/A,3,1.00,0.00,1.14,0.95,2,1,3,2,1,1,"35,87","45'2",5,6,3,1,1,0,3,1,0,1,14,11,7,2,7,9,17,11,49,51,0.00,0.00,0.00,0.00,1.50,50,50,0,0,0,0,50,50,50,8.00,6.00,1.89,3.64,4.40,0.00,0.00,0.00,0.00,0.00,0.00,Estadio José Rico Pérez
1377968400,Aug 31 2013 - 5:00pm,complete,9013,UD Las Palmas,SD Eibar,N/A,3,0.00,3.00,1.70,1.52,1,1,2,1,0,1,"90","13",11,8,1,1,4,0,1,1,1,3,8,11,4,4,4,7,7,16,47,53,0.00,0.00,0.00,0.00,2.00,50,50,50,0,0,0,50,50,100,11.00,8.00,1.70,3.72,5.81,0.00,0.00,0.00,0.00,0.00,0.00,Estadio de Gran Canaria
1377968400,Aug 31 2013 - 5:00pm,complete,3603,Girona FC,CD Numancia,N/A,3,3.00,1.00,1.48,1.14,2,2,4,1,0,1,"64,78","44,88",5,4,3,0,3,0,1,2,2,1,6,12,3,7,3,5,13,19,49,51,0.00,0.00,0.00,0.00,0.50,0,0,0,0,0,0,0,0,50,11.00,5.00,2.11,3.44,3.78,0.00,0.00,0.00,0.00,0.00,0.00,Estadi Municipal de Montilivi
1377975600,Aug 31 2013 - 7:00pm,complete,3159,Barcelona II,Real Zaragoza,N/A,3,3.00,1.00,1.81,1.19,1,0,1,0,0,0,"73","",7,5,0,0,1,0,0,0,0,1,12,15,6,8,6,7,20,15,47,53,0.00,0.00,0.00,0.00,2.50,100,100,50,0,0,50,50,50,100,12.00,3.00,2.80,3.42,2.63,0.00,0.00,0.00,0.00,0.00,0.00,Mini Estadi
1378029600,Sep 01 2013 - 10:00am,complete,14088,Sporting Gijón,RCD Mallorca,N/A,3,3.00,0.00,1.91,1.00,3,0,3,1,1,0,"25,67,87","",6,3,2,0,4,2,1,1,4,2,15,6,7,4,8,2,20,21,50,50,0.00,0.00,0.00,0.00,2.50,0,50,50,50,0,50,100,50,50,10.00,5.00,2.02,3.52,3.98,0.00,0.00,0.00,0.00,0.00,0.00,Estadio Municipal El Molinón
1378047600,Sep 01 2013 - 3:00pm,complete,4612,CE Sabadell FC,Deportivo La Coruña,N/A,3,3.00,3.00,2.19,1.71,0,3,3,0,0,0,"","48,74,79",4,5,4,0,2,0,2,2,0,2,6,8,4,3,2,5,15,15,48,52,0.00,0.00,0.00,0.00,2.50,0,50,50,50,0,50,50,50,100,17.00,6.00,2.92,3.35,2.57,0.00,0.00,0.00,0.00,0.00,0.00,Estadi de la Nova Creu Alta
1378051200,Sep 01 2013 - 4:00pm,complete,3812,Mirandés,CD Tenerife,N/A,3,3.00,0.00,1.57,0.95,2,0,2,0,0,0,"74,90'2","",2,6,3,0,1,0,0,3,1,0,17,9,12,7,5,2,15,10,52,48,0.00,0.00,0.00,0.00,2.00,50,50,50,0,0,0,50,50,100,7.00,9.00,2.08,3.37,3.96,0.00,0.00,0.00,0.00,0.00,0.00,Estadio Municipal de Anduva
1378051200,Sep 01 2013 - 4:00pm,complete,9500,Córdoba,Deportivo Alavés,N/A,3,3.00,0.00,1.57,1.10,1,1,2,1,0,1,"52","25",6,4,1,0,1,0,0,1,0,1,12,6,4,3,8,3,14,9,50,50,0.00,0.00,0.00,0.00,1.00,0,0,0,0,0,0,0,0,100,10.00,4.00,1.89,3.60,4.46,0.00,0.00,0.00,0.00,0.00,0.00,Estadio Nuevo Arcángel
1378051200,Sep 01 2013 - 4:00pm,complete,3500,CD Lugo,Real Jaén CF,N/A,3,1.00,0.00,1.67,0.76,4,2,6,5,4,1,"7,23,40,45","36,80",4,2,2,0,5,1,1,1,2,4,10,14,7,5,3,9,11,13,48,52,0.00,0.00,0.00,0.00,3.00,50,50,50,50,50,50,50,50,50,6.00,9.00,1.98,3.42,4.28,0.00,0.00,0.00,0.00,0.00,0.00,Estadio Anxo Carro
1378051200,Sep 01 2013 - 4:00pm,complete,7318,Real Murcia,SD Ponferradina,N/A,3,0.00,0.00,1.68,0.81,2,2,4,2,1,1,"45'1,59","26,48",7,2,0,0,3,0,0,0,0,3,10,2,4,2,6,0,16,9,52,48,0.00,0.00,0.00,0.00,3.00,50,50,50,50,50,0,50,50,100,8.00,8.00,2.58,3.29,2.96,0.00,0.00,0.00,0.00,0.00,0.00,Estadio Nueva Condomina
1378065600,Sep 01 2013 - 8:00pm,complete,1500,AD Alcorcón,Recreativo de Huelva,N/A,3,3.00,3.00,1.62,1.43,3,0,3,1,1,0,"19,67,78","",6,4,3,0,2,1,1,2,3,0,6,6,4,5,2,1,16,11,50,50,0.00,0.00,0.00,0.00,3.00,50,50,50,50,50,0,50,50,100,13.00,10.00,2.08,3.35,3.99,0.00,0.00,0.00,0.00,0.00,0.00,Estadio Santo Domingo
1378569600,Sep 07 2013 - 4:00pm,complete,8000,Real Zaragoza,CD Lugo,N/A,4,1.00,0.00,1.33,0.90,0,1,1,0,0,0,"","58",5,2,1,0,4,0,0,1,4,0,10,7,5,4,5,3,15,11,53,47,0.00,0.00,0.00,0.00,1.50,50,50,50,0,0,50,50,0,50,7.00,3.00,1.66,3.63,6.63,0.00,0.00,0.00,0.00,0.00,0.00,Estadio de la Romareda
1378569600,Sep 07 2013 - 4:00pm,complete,8000,RCD Mallorca,AD Alcorcón,N/A,4,0.00,3.00,1.43,1.19,2,1,3,1,1,0,"9,54","87",3,4,4,0,0,0,0,4,0,0,9,7,6,6,3,1,19,9,50,50,0.00,0.00,0.00,0.00,3.50,50,50,50,50,50,50,100,50,50,7.00,9.00,2.50,3.36,3.02,0.00,0.00,0.00,0.00,0.00,0.00,Iberostar Estadi
1378569600,Sep 07 2013 - 4:00pm,complete,8700,Deportivo Alavés,CE Sabadell FC,N/A,4,1.00,0.00,1.33,0.62,1,1,2,1,1,0,"16","90",6,3,3,0,2,0,0,3,1,1,9,9,5,4,4,5,10,19,53,47,0.00,0.00,0.00,0.00,2.00,50,100,0,0,0,0,50,50,100,9.00,2.00,1.88,3.50,4.71,0.00,0.00,0.00,0.00,0.00,0.00,Estadio de Mendizorroza
1378576800,Sep 07 2013 - 6:00pm,complete,3000,CD Numancia,UD Las Palmas,N/A,4,3.00,1.00,1.43,1.39,1,1,2,0,0,0,"73","86",6,2,3,0,4,0,0,3,2,2,12,4,6,3,6,1,14,15,48,52,0.00,0.00,0.00,0.00,4.00,100,100,50,50,50,50,100,50,100,6.00,3.00,2.22,3.30,3.62,0.00,0.00,0.00,0.00,0.00,0.00,Nuevo Estadio Los Pajaritos
1378634400,Sep 08 2013 - 10:00am,complete,26000,Deportivo La Coruña,Real Murcia,N/A,4,0.00,3.00,1.57,1.32,0,1,1,1,0,1,"","22",10,2,3,0,5,0,2,1,2,3,13,3,5,0,8,3,15,19,50,50,0.00,0.00,0.00,0.00,3.50,50,50,50,50,50,50,50,50,100,8.00,4.00,1.66,3.87,5.87,0.00,0.00,0.00,0.00,0.00,0.00,Estadio Municipal de Riazor (A Coruña (La Coruña))
1378652400,Sep 08 2013 - 3:00pm,complete,7500,SD Ponferradina,Sporting Gijón,N/A,4,3.00,1.00,1.62,1.00,2,2,4,2,1,1,"6,52","16,70",2,10,3,0,5,0,2,1,3,2,7,11,4,6,3,5,8,11,52,48,0.00,0.00,0.00,0.00,2.00,50,100,0,0,0,0,0,100,100,8.00,9.00,2.62,3.24,2.94,0.00,0.00,0.00,0.00,0.00,0.00,Estadio El Toralín
1378656000,Sep 08 2013 - 4:00pm,complete,10129,CD Tenerife,Barcelona II,N/A,4,1.00,0.00,1.62,1.33,2,2,4,1,1,0,"37,68","46,50",10,0,5,0,3,0,1,4,1,2,13,8,9,4,4,4,19,10,49,51,0.00,0.00,0.00,0.00,1.50,50,50,50,0,0,0,50,50,50,22.00,3.00,2.37,3.37,3.21,0.00,0.00,0.00,0.00,0.00,0.00,Estadio Heliodoro Rodríguez Lopéz
1378656000,Sep 08 2013 - 4:00pm,complete,3097,Real Madrid II,Mirandés,N/A,4,0.00,1.00,1.38,0.81,0,1,1,1,0,1,"","20",12,2,3,0,5,0,0,3,2,3,21,5,10,2,11,3,11,23,52,48,0.00,0.00,0.00,0.00,0.50,0,0,0,0,0,0,50,0,0,11.00,11.00,1.98,3.51,4.16,0.00,0.00,0.00,0.00,0.00,0.00,Estadio Alfredo Di Stéfano
1378656000,Sep 08 2013 - 4:00pm,complete,2000,SD Eibar,Córdoba,N/A,4,0.00,3.00,1.86,1.35,1,0,1,0,0,0,"89","",4,5,1,0,1,0,0,1,0,1,9,10,4,3,5,7,13,14,53,47,0.00,0.00,0.00,0.00,2.00,0,50,50,0,0,0,0,50,100,3.00,8.00,2.54,3.21,3.08,0.00,0.00,0.00,0.00,0.00,0.00,Estadio Municipal de Ipurúa
1378656000,Sep 08 2013 - 4:00pm,complete,5000,Real Jaén CF,Girona FC,N/A,4,0.00,3.00,1.52,0.95,3,1,4,1,1,0,"37,73,81","90'4",3,8,4,0,3,0,2,2,2,1,12,13,4,8,8,5,13,15,53,47,0.00,0.00,0.00,0.00,3.00,50,100,100,0,0,0,50,100,100,5.00,3.00,3.07,3.28,2.51,0.00,0.00,0.00,0.00,0.00,0.00,Nuevo Estadio La Victoria
1378666800,Sep 08 2013 - 7:00pm,complete,5101,Recreativo de Huelva,Hércules CF,N/A,4,1.00,1.00,1.48,1.00,2,0,2,1,1,0,"39,73","",10,4,3,0,4,0,2,1,1,3,8,5,6,3,2,2,24,13,47,53,0.00,0.00,0.00,0.00,1.00,50,50,0,0,0,0,0,50,50,5.00,8.00,2.30,3.32,3.41,0.00,0.00,0.00,0.00,0.00,0.00,Estadio Nuevo Colombino
1379174400,Sep 14 2013 - 4:00pm,complete,7000,Real Zaragoza,CD Tenerife,N/A,5,0.50,0.00,1.33,0.95,3,0,3,0,0,0,"50,62,66","",11,3,0,0,2,0,0,0,0,2,13,8,8,4,5,4,6,9,47,53,0.00,0.00,0.00,0.00,1.00,0,25,0,0,0,0,0,25,75,9.50,5.00,1.93,3.42,4.55,0.00,0.00,0.00,0.00,0.00,0.00,Estadio de la Romareda
1379174400,Sep 14 2013 - 4:00pm,complete,3986,Mirandés,Recreativo de Huelva,N/A,5,3.00,1.50,1.57,1.43,0,3,3,1,0,1,"","28,55,77",13,3,4,0,3,0,0,4,1,2,13,5,8,3,5,2,17,19,53,47,0.00,0.00,0.00,0.00,3.25,50,100,75,25,25,0,75,100,100,6.50,8.50,2.11,3.26,3.99,0.00,0.00,0.00,0.00,0.00,0.00,Estadio Municipal de Anduva
1379174400,Sep 14 2013 - 4:00pm,complete,7000,Córdoba,CD Numancia,N/A,5,2.00,1.00,1.57,1.14,3,1,4,2,1,1,"24,79,90","2",6,4,5,0,4,1,2,3,0,5,8,8,3,4,5,4,22,15,52,48,0.00,0.00,0.00,0.00,1.75,50,50,25,25,0,0,50,25,75,9.50,4.50,2.09,3.29,4.03,0.00,0.00,0.00,0.00,0.00,0.00,Estadio Nuevo Arcángel
1379174400,Sep 14 2013 - 4:00pm,complete,3000,CD Lugo,Girona FC,N/A,5,2.00,1.50,1.67,0.95,1,2,3,1,1,0,"15","56,86",9,4,1,1,3,0,0,2,1,2,16,8,8,5,8,3,19,12,47,53,0.00,0.00,0.00,0.00,3.25,50,75,75,50,25,25,50,50,75,9.00,4.50,2.16,3.35,3.72,0.00,0.00,0.00,0.00,0.00,0.00,Estadio Anxo Carro
1379181600,Sep 14 2013 - 6:00pm,complete,2615,CE Sabadell FC,SD Eibar,N/A,5,1.50,2.00,2.19,1.52,1,0,1,0,0,0,"62","",6,6,1,0,3,0,1,0,1,2,10,12,0,7,10,5,13,8,47,53,0.00,0.00,0.00,0.00,3.00,50,100,75,25,0,25,75,75,100,12.00,7.00,2.49,3.24,3.12,0.00,0.00,0.00,0.00,0.00,0.00,Estadi de la Nova Creu Alta
1379239200,Sep 15 2013 - 10:00am,complete,9003,Barcelona II,Real Madrid II,N/A,5,3.00,0.00,1.81,0.95,2,0,2,2,2,0,"23,27","",8,5,3,0,3,0,1,2,1,2,11,16,7,12,4,4,15,12,48,52,0.00,0.00,0.00,0.00,2.00,50,50,50,0,0,50,75,0,75,10.00,1.00,1.81,3.88,4.53,0.00,0.00,0.00,0.00,0.00,0.00,Mini Estadi
1379257200,Sep 15 2013 - 3:00pm,complete,16000,Sporting Gijón,Deportivo La Coruña,N/A,5,3.00,3.00,1.91,1.71,2,0,2,0,0,0,"63,70","",7,0,3,0,4,0,2,1,1,3,9,9,3,5,6,4,25,12,47,53,0.00,0.00,0.00,0.00,2.00,0,50,50,0,0,0,50,50,75,14.00,3.50,0.00,0.00,0.00,0.00,0.00,0.00,0.00,0.00,0.00,Estadio Municipal El Molinón
1379260800,Sep 15 2013 - 4:00pm,complete,7000,Hércules CF,RCD Mallorca,N/A,5,2.00,0.00,1.14,1.00,2,2,4,1,0,1,"79,88","29,70",11,3,3,1,3,0,2,2,2,1,14,7,5,4,9,3,12,20,48,52,0.00,0.00,0.00,0.00,3.00,50,100,75,25,0,50,75,75,100,9.00,10.00,2.51,3.26,3.07,0.00,0.00,0.00,0.00,0.00,0.00,Estadio José Rico Pérez
1379260800,Sep 15 2013 - 4:00pm,complete,10023,UD Las Palmas,Real Jaén CF,N/A,5,0.50,0.00,1.70,0.76,1,0,1,1,1,0,"33","",-1,-1,3,0,5,0,0,3,3,2,-1,-1,-1,-1,-1,-1,-1,-1,-1,-1,0.00,0.00,0.00,0.00,3.75,75,75,50,50,50,50,75,25,100,10.00,11.50,1.66,3.85,5.90,0.00,0.00,0.00,0.00,0.00,0.00,Estadio de Gran Canaria
1379260800,Sep 15 2013 - 4:00pm,complete,7974,Real Murcia,Deportivo Alavés,N/A,5,0.50,0.50,1.68,1.10,2,1,3,0,0,0,"55,56","60",4,1,2,0,2,0,0,2,0,2,9,9,4,4,5,5,15,9,51,49,0.00,0.00,0.00,0.00,3.00,75,75,50,50,25,25,75,50,100,9.50,4.00,2.14,3.32,3.82,0.00,0.00,0.00,0.00,0.00,0.00,Estadio Nueva Condomina
1379271600,Sep 15 2013 - 7:00pm,complete,2500,AD Alcorcón,SD Ponferradina,N/A,5,3.00,0.50,1.62,0.81,0,1,1,1,0,1,"","14",7,4,3,0,5,0,2,1,3,2,12,11,6,8,6,3,13,10,50,50,0.00,0.00,0.00,0.00,2.25,25,50,50,25,0,25,50,50,100,10.00,6.00,1.76,3.64,5.35,0.00,0.00,0.00,0.00,0.00,0.00,Estadio Santo Domingo
1379703600,Sep 20 2013 - 7:00pm,complete,6671,Recreativo de Huelva,Barcelona II,N/A,6,2.00,0.50,1.48,1.33,3,0,3,0,0,0,"54,65,78","",6,4,2,0,3,0,1,1,2,1,13,7,7,5,6,2,20,10,48,52,0.00,0.00,0.00,0.00,2.75,75,100,50,25,0,0,75,75,100,11.50,7.50,2.27,3.37,3.42,0.00,0.00,0.00,0.00,0.00,0.00,Estadio Nuevo Colombino
1379779200,Sep 21 2013 - 4:00pm,complete,7770,CD Tenerife,CD Lugo,N/A,6,1.00,1.50,1.62,0.90,0,1,1,0,0,0,"","84",9,2,2,1,3,0,0,3,1,2,10,9,6,3,4,6,14,9,52,48,0.00,0.00,0.00,0.00,2.00,50,50,50,25,0,25,50,25,75,14.00,5.00,2.11,3.23,4.08,0.00,0.00,0.00,0.00,0.00,0.00,Estadio Heliodoro Rodríguez Lopéz
1379779200,Sep 21 2013 - 4:00pm,complete,3000,CD Numancia,CE Sabadell FC,N/A,6,2.00,0.50,1.43,0.62,3,1,4,2,1,1,"6,73,89","42",2,6,2,0,3,1,1,1,1,3,11,8,2,3,9,5,16,16,52,48,0.00,0.00,0.00,0.00,3.00,75,100,25,25,25,25,50,75,100,9.50,3.50,1.71,3.62,5.86,0.00,0.00,0.00,0.00,0.00,0.00,Nuevo Estadio Los Pajaritos
1379779200,Sep 21 2013 - 4:00pm,complete,1807,SD Eibar,Real Murcia,N/A,6,1.50,3.00,1.86,1.32,0,0,0,0,0,0,"","",4,3,3,0,5,0,1,2,3,2,10,10,3,5,7,5,17,24,49,51,0.00,0.00,0.00,0.00,2.75,25,50,50,25,25,25,50,50,75,7.00,8.00,2.17,3.21,3.90,0.00,0.00,0.00,0.00,0.00,0.00,Estadio Municipal de Ipurúa
1379780100,Sep 21 2013 - 4:15pm,complete,3700,Real Madrid II,Real Zaragoza,N/A,6,0.00,0.50,1.38,1.19,1,2,3,1,0,1,"58","5,77",11,6,3,0,4,0,1,2,1,3,16,7,10,3,6,4,19,15,52,48,0.00,0.00,0.00,0.00,1.25,25,25,0,0,0,0,50,25,50,14.50,5.50,3.19,3.29,2.43,0.00,0.00,0.00,0.00,0.00,0.00,Estadio Alfredo Di Stéfano
1379844000,Sep 22 2013 - 10:00am,complete,10425,Deportivo Alavés,Sporting Gijón,N/A,6,1.00,1.00,1.33,1.00,3,0,3,2,2,0,"13,28,87","",2,4,4,0,3,0,3,1,0,3,10,15,8,9,2,6,24,12,47,53,0.00,0.00,0.00,0.00,2.50,100,100,25,25,0,25,75,50,100,11.50,7.00,0.00,0.00,0.00,0.00,0.00,0.00,0.00,0.00,0.00,Estadio de Mendizorroza
1379862000,Sep 22 2013 - 3:00pm,complete,10000,RCD Mallorca,Mirandés,N/A,6,1.50,2.00,1.43,0.81,1,0,1,1,1,0,"28","",8,5,5,0,3,0,1,4,2,1,12,12,7,4,5,8,16,11,48,52,0.00,0.00,0.00,0.00,2.50,50,50,50,25,25,25,75,50,50,8.00,11.00,1.79,3.50,5.35,0.00,0.00,0.00,0.00,0.00,0.00,Iberostar Estadi
1379862000,Sep 22 2013 - 3:00pm,complete,6000,SD Ponferradina,Hércules CF,N/A,6,2.00,0.50,1.62,1.00,5,1,6,3,3,0,"5,14,21,55,77","63",3,11,2,0,3,0,1,1,1,2,4,21,2,9,2,12,15,9,53,47,0.00,0.00,0.00,0.00,2.00,25,75,25,25,0,25,50,50,75,5.00,6.50,2.28,3.20,3.59,0.00,0.00,0.00,0.00,0.00,0.00,Estadio El Toralín
1379862000,Sep 22 2013 - 3:00pm,complete,4053,Girona FC,UD Las Palmas,N/A,6,2.00,1.00,1.48,1.39,0,2,2,0,0,0,"","81,89",4,5,3,0,5,0,1,2,1,4,6,5,4,4,2,1,14,16,47,53,0.00,0.00,0.00,0.00,2.25,75,75,25,25,0,0,50,50,100,9.50,5.50,2.31,3.35,3.35,0.00,0.00,0.00,0.00,0.00,0.00,Estadi Municipal de Montilivi
1379866500,Sep 22 2013 - 4:15pm,complete,23000,Deportivo La Coruña,AD Alcorcón,N/A,6,0.00,1.50,1.57,1.19,1,0,1,1,1,0,"13","",2,5,3,0,1,0,1,2,1,0,5,8,3,0,2,8,11,15,49,51,0.00,0.00,0.00,0.00,1.50,25,25,25,0,0,0,75,25,50,9.50,3.50,2.01,3.35,4.27,0.00,0.00,0.00,0.00,0.00,0.00,Estadio Municipal de Riazor (A Coruña (La Coruña))
1379876400,Sep 22 2013 - 7:00pm,complete,8500,Real Jaén CF,Córdoba,N/A,6,1.50,1.50,1.52,1.35,0,0,0,0,0,0,"","",6,4,4,0,5,1,1,3,4,2,11,6,5,4,6,2,5,23,50,50,0.00,0.00,0.00,0.00,2.25,50,50,50,25,0,0,50,50,100,5.50,3.00,3.12,3.25,2.49,0.00,0.00,0.00,0.00,0.00,0.00,Nuevo Estadio La Victoria
1380384000,Sep 28 2013 - 4:00pm,complete,15081,Sporting Gijón,SD Eibar,N/A,7,3.00,1.33,1.91,1.52,3,2,5,2,1,1,"5,52,58","45,82",1,6,4,0,4,0,1,3,2,2,7,7,4,5,3,2,13,9,51,49,0.00,0.00,0.00,0.00,2.00,34,67,33,0,0,0,67,50,84,13.00,5.00,1.74,3.69,5.41,0.00,0.00,0.00,0.00,0.00,0.00,Estadio Municipal El Molinón
1380384000,Sep 28 2013 - 4:00pm,complete,3388,CE Sabadell FC,Real Jaén CF,N/A,7,2.00,0.00,2.19,0.76,3,0,3,1,1,0,"45,60,85","",5,5,2,0,2,0,0,2,1,1,5,13,2,4,3,9,15,9,52,48,0.00,0.00,0.00,0.00,3.50,34,67,67,50,34,50,67,50,84,7.33,9.67,2.35,3.30,3.31,0.00,0.00,0.00,0.00,0.00,0.00,Estadi de la Nova Creu Alta
1380384000,Sep 28 2013 - 4:00pm,complete,3000,CD Lugo,UD Las Palmas,N/A,7,1.33,1.67,1.67,1.39,3,0,3,2,2,0,"16,28,83","",2,7,3,0,4,1,1,2,1,4,9,7,4,3,5,4,19,11,53,47,0.00,0.00,0.00,0.00,2.50,67,84,34,17,17,17,50,50,84,8.67,5.67,2.41,3.26,3.24,0.00,0.00,0.00,0.00,0.00,0.00,Estadio Anxo Carro
1380384900,Sep 28 2013 - 4:15pm,complete,1500,AD Alcorcón,Deportivo Alavés,N/A,7,2.00,0.33,1.62,1.10,2,0,2,1,1,0,"6,51","",6,2,1,0,3,0,1,0,1,2,6,6,4,2,2,4,18,11,53,47,0.00,0.00,0.00,0.00,1.84,34,50,33,0,0,0,50,33,84,10.00,4.67,1.83,3.60,4.88,0.00,0.00,0.00,0.00,0.00,0.00,Estadio Santo Domingo
1380448800,Sep 29 2013 - 10:00am,complete,7000,Hércules CF,Deportivo La Coruña,N/A,7,1.67,2.00,1.14,1.71,0,2,2,2,0,2,"","24,35",7,3,2,1,4,0,0,3,2,2,7,7,4,5,3,2,16,15,51,49,0.00,0.00,0.00,0.00,2.50,50,84,50,17,0,17,34,67,100,12.66,7.34,2.81,3.26,2.72,0.00,0.00,0.00,0.00,0.00,0.00,Estadio José Rico Pérez
1380466800,Sep 29 2013 - 3:00pm,complete,4601,Barcelona II,RCD Mallorca,N/A,7,3.00,0.33,1.81,1.00,0,1,1,0,0,0,"","57",5,6,2,0,3,0,1,1,0,3,9,8,4,5,5,3,8,26,52,48,0.00,0.00,0.00,0.00,2.84,33,84,67,34,0,50,84,50,84,10.00,5.67,2.39,3.55,3.02,0.00,0.00,0.00,0.00,0.00,0.00,Mini Estadi
1380466800,Sep 29 2013 - 3:00pm,complete,4048,Mirandés,SD Ponferradina,N/A,7,2.00,1.33,1.57,0.81,1,0,1,0,0,0,"67","",2,14,5,0,4,0,1,4,1,3,11,17,4,6,7,11,13,12,51,49,0.00,0.00,0.00,0.00,2.34,33,67,50,17,0,17,67,67,84,9.00,7.00,2.49,3.30,3.07,0.00,0.00,0.00,0.00,0.00,0.00,Estadio Municipal de Anduva
1380466800,Sep 29 2013 - 3:00pm,complete,8000,Córdoba,Girona FC,N/A,7,2.33,2.00,1.57,0.95,2,0,2,0,0,0,"57,68","",6,6,3,0,3,2,0,3,1,4,10,9,6,2,4,7,10,10,47,53,0.00,0.00,0.00,0.00,2.83,67,84,67,33,0,17,67,67,100,11.34,5.67,2.12,3.37,3.82,0.00,0.00,0.00,0.00,0.00,0.00,Estadio Nuevo Arcángel
1380470400,Sep 29 2013 - 4:00pm,complete,9206,CD Tenerife,Real Madrid II,N/A,7,0.67,0.00,1.62,0.95,1,0,1,0,0,0,"51","",2,7,1,0,4,0,1,0,2,2,11,11,6,3,5,8,14,23,48,52,0.00,0.00,0.00,0.00,1.84,33,50,33,17,0,34,67,17,50,15.33,4.34,2.11,3.42,3.79,0.00,0.00,0.00,0.00,0.00,0.00,Estadio Heliodoro Rodríguez Lopéz
1380471300,Sep 29 2013 - 4:15pm,complete,14000,Real Zaragoza,Recreativo de Huelva,N/A,7,1.33,2.00,1.33,1.43,1,2,3,1,0,1,"49","37,57",5,4,4,0,4,0,1,3,2,2,8,8,3,3,5,5,11,17,52,48,0.00,0.00,0.00,0.00,2.50,17,67,67,17,17,0,50,67,84,10.33,5.67,2.14,3.40,3.71,0.00,0.00,0.00,0.00,0.00,0.00,Estadio de la Romareda
1380481200,Sep 29 2013 - 7:00pm,complete,8101,Real Murcia,CD Numancia,N/A,7,1.33,0.67,1.68,1.14,2,1,3,1,1,0,"44,57","86",3,5,4,0,2,0,1,3,1,1,2,6,2,2,0,4,18,13,48,52,0.00,0.00,0.00,0.00,3.34,84,84,84,67,17,33,67,84,84,8.67,6.00,2.51,3.25,3.08,0.00,0.00,0.00,0.00,0.00,0.00,Estadio Nueva Condomina
1380988800,Oct 05 2013 - 4:00pm,complete,3000,CD Numancia,Sporting Gijón,N/A,8,2.33,0.67,1.43,1.00,0,0,0,0,0,0,"","",2,5,4,1,4,0,0,5,2,2,14,8,5,4,9,4,15,16,51,49,0.00,0.00,0.00,0.00,3.50,84,100,67,50,17,67,67,84,100,10.00,6.33,2.39,3.30,3.24,0.00,0.00,0.00,0.00,0.00,0.00,Nuevo Estadio Los Pajaritos
1380988800,Oct 05 2013 - 4:00pm,complete,9210,UD Las Palmas,Córdoba,N/A,8,1.33,1.33,1.70,1.35,2,0,2,0,0,0,"61,90'3","",8,7,2,0,5,0,1,1,3,2,8,15,3,6,5,9,10,13,48,52,0.00,0.00,0.00,0.00,1.00,17,17,0,0,0,0,34,0,67,11.00,6.34,2.30,3.32,3.40,0.00,0.00,0.00,0.00,0.00,0.00,Estadio de Gran Canaria
1380989700,Oct 05 2013 - 4:15pm,complete,23000,Deportivo La Coruña,Mirandés,N/A,8,1.00,1.33,1.57,0.81,0,0,0,0,0,0,"","",7,7,1,0,2,0,1,0,1,1,8,4,4,0,4,4,12,14,50,50,0.00,0.00,0.00,0.00,0.84,0,0,0,0,0,0,67,0,17,9.33,7.33,1.61,3.90,6.47,0.00,0.00,0.00,0.00,0.00,0.00,Estadio Municipal de Riazor (A Coruña (La Coruña))
1381053600,Oct 06 2013 - 10:00am,complete,10630,RCD Mallorca,Real Zaragoza,N/A,8,2.00,1.33,1.43,1.19,2,4,6,4,1,3,"44,60","35,39,43,55",12,5,4,0,5,1,2,2,3,3,21,10,11,3,10,7,8,10,53,47,0.00,0.00,0.00,0.00,2.67,67,67,50,17,17,17,67,67,84,11.33,7.67,2.04,3.37,4.12,0.00,0.00,0.00,0.00,0.00,0.00,Iberostar Estadi
1381071600,Oct 06 2013 - 3:00pm,complete,8163,Recreativo de Huelva,CD Tenerife,N/A,8,2.33,0.00,1.48,0.95,2,1,3,0,0,0,"48,69","68",6,6,3,1,5,1,0,4,2,4,7,13,2,6,5,7,15,13,47,53,0.00,0.00,0.00,0.00,2.17,17,84,33,0,0,0,17,67,100,11.00,6.67,1.63,3.87,6.29,0.00,0.00,0.00,0.00,0.00,0.00,Estadio Nuevo Colombino
1381071600,Oct 06 2013 - 3:00pm,complete,6000,SD Ponferradina,Barcelona II,N/A,8,2.33,0.33,1.62,1.33,1,0,1,0,0,0,"76","",4,7,2,0,2,0,0,2,1,1,15,11,7,5,8,6,10,10,47,53,0.00,0.00,0.00,0.00,3.67,67,100,84,50,17,34,67,100,100,7.00,6.00,2.08,3.53,3.76,0.00,0.00,0.00,0.00,0.00,0.00,Estadio El Toralín
1381071600,Oct 06 2013 - 3:00pm,complete,2031,SD Eibar,AD Alcorcón,N/A,8,1.33,1.00,1.86,1.19,0,0,0,0,0,0,"","",6,4,3,0,2,0,2,1,0,2,19,9,9,6,10,3,17,6,48,52,0.00,0.00,0.00,0.00,1.50,17,33,33,0,0,0,50,33,50,7.34,5.00,2.59,3.15,3.06,0.00,0.00,0.00,0.00,0.00,0.00,Estadio Municipal de Ipurúa
1381071600,Oct 06 2013 - 3:00pm,complete,4209,Girona FC,CE Sabadell FC,N/A,8,1.33,0.33,1.48,0.62,1,1,2,0,0,0,"75","81",7,3,2,0,4,0,1,1,1,3,10,7,4,3,6,4,21,17,49,51,0.00,0.00,0.00,0.00,2.50,50,84,33,33,0,17,50,67,100,11.33,5.00,1.86,3.44,4.94,0.00,0.00,0.00,0.00,0.00,0.00,Estadi Municipal de Montilivi
1381071600,Oct 06 2013 - 3:00pm,complete,6500,Real Jaén CF,Real Murcia,N/A,8,1.33,2.33,1.52,1.32,3,2,5,2,2,0,"17,28,81","62,90",3,6,4,0,3,0,1,3,1,2,5,3,3,2,2,1,13,15,50,50,0.00,0.00,0.00,0.00,2.33,50,50,50,33,17,17,67,50,50,7.33,7.00,2.51,3.22,3.11,0.00,0.00,0.00,0.00,0.00,0.00,Nuevo Estadio La Victoria
1381076100,Oct 06 2013 - 4:15pm,complete,2842,Real Madrid II,CD Lugo,N/A,8,0.00,2.00,1.38,0.90,2,0,2,2,2,0,"8,36","",7,6,2,0,1,0,1,1,1,0,11,13,4,4,7,9,16,14,53,47,0.00,0.00,0.00,0.00,1.67,33,33,33,0,0,17,67,17,67,11.33,6.00,2.56,3.31,2.97,0.00,0.00,0.00,0.00,0.00,0.00,Estadio Alfredo Di Stéfano
1381086000,Oct 06 2013 - 7:00pm,complete,8920,Deportivo Alavés,Hércules CF,N/A,8,1.67,0.33,1.33,1.00,3,1,4,2,1,1,"30,51,69","9",3,6,0,0,4,0,0,0,1,3,8,10,4,4,4,6,16,24,51,49,0.00,0.00,0.00,0.00,2.50,50,84,33,17,17,33,84,17,84,8.67,5.67,1.99,3.33,4.40,0.00,0.00,0.00,0.00,0.00,0.00,Estadio de Mendizorroza
1381593600,Oct 12 2013 - 4:00pm,complete,4473,Mirandés,Deportivo Alavés,N/A,9,2.25,0.25,1.57,1.10,2,3,5,4,1,3,"21,86","1,28,33",8,3,4,0,4,1,2,2,1,4,16,12,4,5,12,7,11,19,53,47,0.00,0.00,0.00,0.00,2.13,38,75,38,0,0,0,50,50,100,7.50,5.75,2.26,3.24,3.57,0.00,0.00,0.00,0.00,0.00,0.00,Estadio Municipal de Anduva
1381593600,Oct 12 2013 - 4:00pm,complete,3500,CD Lugo,Córdoba,N/A,9,1.75,1.00,1.67,1.35,1,0,1,0,0,0,"57","",9,4,3,0,4,0,0,3,2,2,14,8,5,4,9,4,12,16,51,49,0.00,0.00,0.00,0.00,2.00,25,50,38,13,13,25,38,25,75,8.75,5.50,2.27,3.30,3.50,0.00,0.00,0.00,0.00,0.00,0.00,Estadio Anxo Carro
1381593600,Oct 12 2013 - 4:00pm,complete,7372,Real Murcia,Girona FC,N/A,9,1.75,1.50,1.68,0.95,1,0,1,0,0,0,"57","",6,0,4,0,4,0,2,2,0,4,14,9,5,6,9,3,20,12,51,49,0.00,0.00,0.00,0.00,3.38,75,100,88,38,13,13,63,100,100,10.00,6.25,2.30,3.42,3.30,0.00,0.00,0.00,0.00,0.00,0.00,Estadio Nueva Condomina
1381594500,Oct 12 2013 - 4:15pm,complete,3508,Real Madrid II,Recreativo de Huelva,N/A,9,0.75,2.25,1.38,1.43,1,2,3,3,1,2,"38","6,45",8,3,4,0,4,0,3,1,3,1,10,8,6,4,4,4,13,15,51,49,0.00,0.00,0.00,0.00,2.63,38,75,63,13,13,13,100,63,63,12.25,7.50,2.45,3.41,3.05,0.00,0.00,0.00,0.00,0.00,0.00,Estadio Alfredo Di Stéfano
1381600800,Oct 12 2013 - 6:00pm,complete,3389,CE Sabadell FC,UD Las Palmas,N/A,9,2.25,1.25,2.19,1.39,0,0,0,0,0,0,"","",1,2,4,0,2,0,1,3,0,2,11,8,5,2,6,6,14,11,47,53,0.00,0.00,0.00,0.00,2.50,25,88,50,13,0,25,50,63,100,9.25,6.75,2.89,3.28,2.64,0.00,0.00,0.00,0.00,0.00,0.00,Estadi de la Nova Creu Alta
1381658400,Oct 13 2013 - 10:00am,complete,5580,Barcelona II,Deportivo La Coruña,N/A,9,2.25,2.25,1.81,1.71,0,1,1,1,0,1,"","1",14,3,1,0,2,0,1,0,0,2,12,3,6,2,6,1,7,15,47,53,0.00,0.00,0.00,0.00,1.88,13,63,25,0,0,38,38,25,75,11.00,4.25,3.00,3.47,2.45,0.00,0.00,0.00,0.00,0.00,0.00,Mini Estadi
1381676400,Oct 13 2013 - 3:00pm,complete,16000,Sporting Gijón,Real Jaén CF,N/A,9,3.00,0.00,1.91,0.76,1,1,2,1,1,0,"23","67",6,3,2,0,1,0,0,2,1,0,15,11,5,6,10,5,17,5,50,50,0.00,0.00,0.00,0.00,3.38,38,75,63,38,38,38,88,63,75,8.00,8.00,0.00,0.00,0.00,0.00,0.00,0.00,0.00,0.00,0.00,Estadio Municipal El Molinón
1381680000,Oct 13 2013 - 4:00pm,complete,9960,CD Tenerife,RCD Mallorca,N/A,9,1.25,1.00,1.62,1.00,0,1,1,0,0,0,"","63",6,4,2,1,8,0,1,2,3,5,8,3,4,0,4,3,13,23,51,49,0.00,0.00,0.00,0.00,2.25,25,50,50,38,0,13,50,50,88,12.75,6.50,2.56,3.26,3.00,0.00,0.00,0.00,0.00,0.00,0.00,Estadio Heliodoro Rodríguez Lopéz
1381680000,Oct 13 2013 - 4:00pm,complete,7000,Hércules CF,SD Eibar,N/A,9,1.25,1.00,1.14,1.52,0,0,0,0,0,0,"","",5,6,0,0,0,0,0,0,0,0,11,14,7,4,4,10,14,21,50,50,0.00,0.00,0.00,0.00,2.75,75,88,50,25,13,38,75,50,88,13.75,7.75,2.11,3.33,3.91,0.00,0.00,0.00,0.00,0.00,0.00,Estadio José Rico Pérez
1381680900,Oct 13 2013 - 4:15pm,complete,15000,Real Zaragoza,SD Ponferradina,N/A,9,1.00,1.00,1.33,0.81,2,1,3,2,1,1,"26,68","43",3,6,1,0,3,0,1,0,1,2,6,13,3,5,3,8,12,12,52,48,0.00,0.00,0.00,0.00,1.75,25,38,38,13,0,13,38,38,75,12.00,5.50,1.91,3.47,4.58,0.00,0.00,0.00,0.00,0.00,0.00,Estadio de la Romareda
1381690800,Oct 13 2013 - 7:00pm,complete,1500,AD Alcorcón,CD Numancia,N/A,9,2.25,0.50,1.62,1.14,0,1,1,0,0,0,"","63",4,2,1,0,2,0,0,1,0,2,8,7,2,3,6,4,19,26,53,47,0.00,0.00,0.00,0.00,2.25,38,63,50,25,0,13,75,50,75,10.75,5.75,1.89,3.51,4.61,0.00,0.00,0.00,0.00,0.00,0.00,Estadio Santo Domingo
1382198400,Oct 19 2013 - 4:00pm,complete,5000,SD Ponferradina,CD Tenerife,N/A,10,2.50,0.00,1.62,0.95,0,1,1,0,0,0,"","59",11,4,2,1,2,0,2,1,1,1,14,8,8,5,6,3,10,23,50,50,0.00,0.00,0.00,0.00,2.75,38,75,50,25,13,25,25,75,100,7.75,6.50,2.08,3.31,4.06,0.00,0.00,0.00,0.00,0.00,0.00,Estadio El Toralín
1382198400,Oct 19 2013 - 4:00pm,complete,10120,Deportivo Alavés,Barcelona II,N/A,10,2.00,0.25,1.33,1.33,2,3,5,3,1,2,"17,80","22,33,70",9,1,0,0,2,0,0,0,1,1,14,10,2,5,12,5,11,10,49,51,0.00,0.00,0.00,0.00,2.75,63,88,63,25,0,25,75,50,100,8.25,4.75,2.16,3.47,3.59,0.00,0.00,0.00,0.00,0.00,0.00,Estadio de Mendizorroza
1382198400,Oct 19 2013 - 4:00pm,complete,7500,Córdoba,CE Sabadell FC,N/A,10,2.50,0.50,1.57,0.62,1,0,1,1,1,0,"15","",2,9,1,1,4,0,2,0,3,1,3,11,0,5,3,6,13,14,51,49,0.00,0.00,0.00,0.00,2.38,63,88,25,25,0,25,50,63,100,11.00,5.50,1.87,3.43,4.90,0.00,0.00,0.00,0.00,0.00,0.00,Estadio Nuevo Arcángel
1382199300,Oct 19 2013 - 4:15pm,complete,6057,Recreativo de Huelva,CD Lugo,N/A,10,2.50,1.50,1.48,0.90,3,3,6,3,0,3,"66,81,89","5,37,42",13,5,2,0,8,1,1,1,1,8,12,6,4,3,8,3,11,18,53,47,0.00,0.00,0.00,0.00,2.13,38,75,38,0,0,25,38,38,88,9.75,6.25,1.82,3.53,5.07,0.00,0.00,0.00,0.00,0.00,0.00,Estadio Nuevo Colombino
1382263200,Oct 20 2013 - 10:00am,complete,21000,Deportivo La Coruña,Real Zaragoza,N/A,10,1.00,1.75,1.57,1.19,1,1,2,0,0,0,"90'1","79",6,3,5,1,3,0,3,3,2,1,11,5,3,2,8,3,12,17,49,51,0.00,0.00,0.00,0.00,1.88,38,38,25,13,13,13,50,38,63,11.25,5.50,2.13,3.26,3.95,0.00,0.00,0.00,0.00,0.00,0.00,Estadio Municipal de Riazor (A Coruña (La Coruña))
1382281200,Oct 20 2013 - 3:00pm,complete,3329,SD Eibar,Mirandés,N/A,10,1.25,1.25,1.86,0.81,1,0,1,0,0,0,"51","",6,6,4,0,1,0,1,3,0,1,10,13,4,6,6,7,12,8,51,49,0.00,0.00,0.00,0.00,0.75,0,13,13,0,0,0,25,13,25,9.25,7.75,2.23,3.20,3.71,0.00,0.00,0.00,0.00,0.00,0.00,Estadio Municipal de Ipurúa
1382281200,Oct 20 2013 - 3:00pm,complete,6000,Real Jaén CF,AD Alcorcón,N/A,10,1.75,1.00,1.52,1.19,1,0,1,0,0,0,"58","",3,7,1,0,2,1,0,1,1,2,9,6,4,4,5,2,14,11,47,53,0.00,0.00,0.00,0.00,2.13,50,50,50,25,13,13,75,50,50,7.50,4.50,2.99,3.19,2.62,0.00,0.00,0.00,0.00,0.00,0.00,Nuevo Estadio La Victoria
1382285700,Oct 20 2013 - 4:15pm,complete,8000,RCD Mallorca,Real Madrid II,N/A,10,1.50,0.00,1.43,0.95,2,0,2,2,2,0,"6,38","",3,5,3,0,2,0,0,3,0,2,9,11,4,2,5,9,11,17,51,49,0.00,0.00,0.00,0.00,2.88,50,63,50,25,25,50,88,38,63,12.00,7.00,1.81,3.76,4.75,0.00,0.00,0.00,0.00,0.00,0.00,Iberostar Estadi
1382288400,Oct 20 2013 - 5:00pm,complete,3813,Girona FC,Sporting Gijón,N/A,10,1.25,0.75,1.48,1.00,2,1,3,1,0,1,"73,80","13",4,8,2,0,5,1,1,1,2,4,4,15,0,6,4,9,11,25,48,52,0.00,0.00,0.00,0.00,2.25,50,75,38,25,0,25,38,63,88,12.25,6.75,2.56,3.20,3.06,0.00,0.00,0.00,0.00,0.00,0.00,Estadi Municipal de Montilivi
1382288400,Oct 20 2013 - 5:00pm,complete,10444,UD Las Palmas,Real Murcia,N/A,10,1.75,1.75,1.70,1.32,0,0,0,0,0,0,"","",5,3,5,0,5,1,2,3,3,3,9,8,6,2,3,6,20,16,47,53,0.00,0.00,0.00,0.00,2.25,38,50,25,25,25,25,63,38,63,12.00,7.25,1.94,3.38,4.56,0.00,0.00,0.00,0.00,0.00,0.00,Estadio de Gran Canaria
1382295600,Oct 20 2013 - 7:00pm,complete,2701,CD Numancia,Hércules CF,N/A,10,2.00,0.25,1.43,1.00,1,1,2,1,0,1,"90'1","25",10,4,2,1,4,1,1,2,1,4,12,4,5,0,7,4,14,18,52,48,0.00,0.00,0.00,0.00,3.00,63,75,50,50,25,50,63,63,75,8.75,6.00,2.06,3.36,4.05,0.00,0.00,0.00,0.00,0.00,0.00,Nuevo Estadio Los Pajaritos
1382804100,Oct 26 2013 - 4:15pm,complete,8000,Real Zaragoza,Deportivo Alavés,N/A,11,1.40,0.80,1.33,1.10,2,2,4,2,2,0,"35,37","53,89",10,5,3,1,2,0,1,3,0,2,13,7,5,4,8,3,9,8,48,52,0.00,0.00,0.00,0.00,2.30,50,70,50,10,10,20,50,30,90,8.20,4.20,1.78,3.62,5.24,0.00,0.00,0.00,0.00,0.00,0.00,Estadio de la Romareda
1382810400,Oct 26 2013 - 6:00pm,complete,7929,CD Tenerife,Deportivo La Coruña,N/A,11,1.00,2.40,1.62,1.71,2,0,2,0,0,0,"58,90'2","",9,5,4,0,4,0,0,4,0,4,8,2,3,2,5,0,10,11,48,52,0.00,0.00,0.00,0.00,1.60,10,40,20,10,0,10,30,30,70,12.60,5.20,2.90,3.23,2.66,0.00,0.00,0.00,0.00,0.00,0.00,Estadio Heliodoro Rodríguez Lopéz
1382871600,Oct 27 2013 - 11:00am,complete,8415,Recreativo de Huelva,RCD Mallorca,N/A,11,2.20,1.40,1.48,1.00,3,1,4,2,1,1,"15,57,89","27",15,6,2,0,4,0,0,2,1,3,10,6,4,2,6,4,12,16,47,53,0.00,0.00,0.00,0.00,2.90,40,80,60,30,10,20,50,70,100,12.00,8.60,2.48,3.37,3.03,0.00,0.00,0.00,0.00,0.00,0.00,Estadio Nuevo Colombino
1382889600,Oct 27 2013 - 4:00pm,complete,3459,Barcelona II,SD Eibar,N/A,11,1.80,1.00,1.81,1.52,0,2,2,0,0,0,"","56,84",7,12,4,1,1,0,1,4,0,1,5,11,3,7,2,4,10,15,49,51,0.00,0.00,0.00,0.00,1.90,40,50,30,10,10,30,60,20,70,14.20,3.80,2.04,3.58,3.83,0.00,0.00,0.00,0.00,0.00,0.00,Mini Estadi
1382889600,Oct 27 2013 - 4:00pm,complete,4031,Mirandés,CD Numancia,N/A,11,1.80,1.00,1.57,1.14,0,0,0,0,0,0,"","",3,4,4,0,3,0,3,1,1,2,17,3,7,3,10,0,10,15,48,52,0.00,0.00,0.00,0.00,2.60,50,70,60,30,10,20,60,60,90,9.00,6.80,2.73,3.23,2.82,0.00,0.00,0.00,0.00,0.00,0.00,Estadio Municipal de Anduva
1382889600,Oct 27 2013 - 4:00pm,complete,6500,Hércules CF,Real Jaén CF,N/A,11,1.20,0.20,1.14,0.76,0,1,1,0,0,0,"","74",9,5,2,0,5,0,1,1,1,4,18,5,8,3,10,2,15,20,53,47,0.00,0.00,0.00,0.00,2.90,60,80,50,30,20,40,80,40,70,9.80,8.20,1.91,3.43,4.66,0.00,0.00,0.00,0.00,0.00,0.00,Estadio José Rico Pérez
1382889600,Oct 27 2013 - 4:00pm,complete,16070,Sporting Gijón,UD Las Palmas,N/A,11,2.60,1.20,1.91,1.39,2,3,5,4,2,2,"29,44","8,22,68",5,4,3,0,5,0,1,2,1,4,12,14,7,5,5,9,16,11,47,53,0.00,0.00,0.00,0.00,2.20,40,80,30,10,10,20,60,50,80,8.80,6.00,1.99,3.44,4.23,0.00,0.00,0.00,0.00,0.00,0.00,Estadio Municipal El Molinón
1382889600,Oct 27 2013 - 4:00pm,complete,3500,CD Lugo,CE Sabadell FC,N/A,11,2.00,0.40,1.67,0.62,1,0,1,1,1,0,"38","",3,8,1,0,2,0,0,1,1,1,13,14,8,8,5,6,10,9,52,48,0.00,0.00,0.00,0.00,2.40,50,70,40,20,10,30,60,40,80,11.00,5.40,1.83,3.54,4.95,0.00,0.00,0.00,0.00,0.00,0.00,Estadio Anxo Carro
1382889600,Oct 27 2013 - 4:00pm,complete,8928,Real Murcia,Córdoba,N/A,11,2.00,0.80,1.68,1.35,2,2,4,0,0,0,"55,90","57,62",9,4,5,0,5,0,3,2,1,4,14,8,5,3,9,5,9,22,53,47,0.00,0.00,0.00,0.00,2.10,40,50,40,20,10,10,30,50,90,9.20,6.40,2.43,3.28,3.19,0.00,0.00,0.00,0.00,0.00,0.00,Estadio Nueva Condomina
1382894100,Oct 27 2013 - 5:15pm,complete,3016,Real Madrid II,SD Ponferradina,N/A,11,0.60,0.80,1.38,0.81,1,1,2,1,1,0,"20","83",11,5,3,0,3,1,1,2,1,3,6,4,3,0,3,4,13,12,52,48,0.00,0.00,0.00,0.00,2.00,40,50,40,10,0,40,80,20,50,14.20,6.80,2.11,3.52,3.68,0.00,0.00,0.00,0.00,0.00,0.00,Estadio Alfredo Di Stéfano
1382904000,Oct 27 2013 - 8:00pm,complete,2000,AD Alcorcón,Girona FC,N/A,11,1.80,1.20,1.62,0.95,0,0,0,0,0,0,"","",7,4,4,0,1,0,3,1,1,0,15,9,10,2,5,7,22,11,47,53,0.00,0.00,0.00,0.00,2.10,20,60,40,10,0,0,50,50,90,10.60,5.80,1.91,3.43,4.65,0.00,0.00,0.00,0.00,0.00,0.00,Estadio Santo Domingo
1383411600,Nov 02 2013 - 5:00pm,complete,2517,SD Eibar,Real Zaragoza,N/A,12,1.60,1.60,1.86,1.19,3,2,5,2,2,0,"24,44,78","62,71",10,4,2,0,3,0,0,2,1,2,9,10,3,4,6,6,17,16,49,51,0.00,0.00,0.00,0.00,1.90,40,50,30,10,10,10,20,50,80,9.80,7.00,2.67,3.21,2.91,0.00,0.00,0.00,0.00,0.00,0.00,Estadio Municipal de Ipurúa
1383411600,Nov 02 2013 - 5:00pm,complete,3000,CD Numancia,Barcelona II,N/A,12,1.80,0.80,1.43,1.33,1,0,1,0,0,0,"55","",6,5,3,0,2,0,1,2,0,2,22,8,9,5,13,3,13,13,52,48,0.00,0.00,0.00,0.00,3.00,70,80,60,40,20,30,60,70,90,8.80,5.40,1.85,3.73,4.50,0.00,0.00,0.00,0.00,0.00,0.00,Nuevo Estadio Los Pajaritos
1383412500,Nov 02 2013 - 5:15pm,complete,10000,RCD Mallorca,CD Lugo,N/A,12,1.80,1.40,1.43,0.90,0,0,0,0,0,0,"","",9,4,2,0,2,0,0,2,0,2,14,5,7,0,7,5,12,15,54,46,0.00,0.00,0.00,0.00,3.10,50,70,50,30,30,60,80,40,70,9.60,8.00,1.93,3.54,4.34,0.00,0.00,0.00,0.00,0.00,0.00,Iberostar Estadi
1383418800,Nov 02 2013 - 7:00pm,complete,3502,Girona FC,Hércules CF,N/A,12,1.60,0.40,1.48,1.00,2,2,4,2,1,1,"37,71","3,57",5,5,0,0,2,1,0,0,2,1,11,7,5,5,6,2,4,10,51,49,0.00,0.00,0.00,0.00,2.60,60,80,40,30,10,20,60,60,90,11.00,6.00,1.99,3.40,4.27,0.00,0.00,0.00,0.00,0.00,0.00,Estadi Municipal de Montilivi
1383418800,Nov 02 2013 - 7:00pm,complete,10604,UD Las Palmas,AD Alcorcón,N/A,12,1.60,0.80,1.70,1.19,1,0,1,0,0,0,"54","",4,3,2,0,3,1,0,2,3,1,13,6,4,3,9,3,11,14,61,39,0.00,0.00,0.00,0.00,1.20,20,30,10,0,0,0,50,20,50,11.65,5.40,2.13,3.34,3.84,0.00,0.00,0.00,0.00,0.00,0.00,Estadio de Gran Canaria
1383476400,Nov 03 2013 - 11:00am,complete,14641,Córdoba,Sporting Gijón,N/A,12,2.60,0.60,1.57,1.00,2,2,4,1,1,0,"22,80","76,90",5,9,2,0,2,0,1,1,0,2,12,14,7,9,5,5,16,11,50,50,0.00,0.00,0.00,0.00,2.20,50,70,40,20,0,30,60,50,80,11.80,7.20,2.35,3.30,3.31,0.00,0.00,0.00,0.00,0.00,0.00,Estadio Nuevo Arcángel
1383494400,Nov 03 2013 - 4:00pm,complete,6000,Real Jaén CF,Mirandés,N/A,12,2.00,1.00,1.52,0.81,1,2,3,1,0,1,"72","13,71",7,1,1,0,3,0,0,1,2,1,13,10,4,5,9,5,13,20,60,40,0.00,0.00,0.00,0.00,1.60,30,30,30,20,10,10,50,30,50,8.80,6.20,2.06,3.36,4.04,0.00,0.00,0.00,0.00,0.00,0.00,Nuevo Estadio La Victoria
1383494400,Nov 03 2013 - 4:00pm,complete,3345,CE Sabadell FC,Real Murcia,N/A,12,2.00,1.60,2.19,1.32,2,1,3,2,1,1,"12,56","32",4,4,5,0,3,0,1,4,1,2,4,6,2,3,2,3,17,19,51,49,0.00,0.00,0.00,0.00,2.30,20,50,50,30,20,30,50,50,60,8.20,7.40,2.57,3.25,3.00,0.00,0.00,0.00,0.00,0.00,0.00,Estadi de la Nova Creu Alta
1383498000,Nov 03 2013 - 5:00pm,complete,10120,Deportivo Alavés,CD Tenerife,N/A,12,1.60,0.60,1.33,0.95,2,2,4,2,2,0,"7,22","56,90'3",3,4,2,0,2,0,1,1,0,2,11,12,6,5,5,7,12,13,43,57,0.00,0.00,0.00,0.00,2.60,50,80,50,20,10,30,50,50,100,9.00,5.00,1.96,3.42,4.39,0.00,0.00,0.00,0.00,0.00,0.00,Estadio de Mendizorroza
1383498900,Nov 03 2013 - 5:15pm,complete,22000,Deportivo La Coruña,Real Madrid II,N/A,12,1.00,0.00,1.57,0.95,2,0,2,1,1,0,"14,90'2","",3,5,3,0,4,1,0,3,2,3,4,4,0,3,4,1,14,20,58,42,0.00,0.00,0.00,0.00,1.40,20,40,10,0,0,30,60,10,40,10.60,5.00,1.68,3.82,5.78,0.00,0.00,0.00,0.00,0.00,0.00,Estadio Municipal de Riazor (A Coruña (La Coruña))
1383508800,Nov 03 2013 - 8:00pm,complete,4700,SD Ponferradina,Recreativo de Huelva,N/A,12,2.00,2.40,1.62,1.43,3,1,4,1,1,0,"38,54,62","76",5,5,1,0,6,1,1,0,3,4,9,6,8,3,1,3,11,16,49,51,0.00,0.00,0.00,0.00,3.10,50,80,70,30,20,30,70,70,90,8.20,7.20,2.40,3.36,3.16,0.00,0.00,0.00,0.00,0.00,0.00,Estadio El Toralín
1384016400,Nov 09 2013 - 5:00pm,complete,4626,Barcelona II,Real Jaén CF,N/A,13,1.50,0.67,1.81,0.76,0,3,3,2,0,2,"","11,42,87",8,3,5,1,1,0,1,5,1,0,12,7,6,3,6,4,13,12,52,48,0.00,0.00,0.00,0.00,2.42,34,59,34,17,17,33,67,25,75,11.07,6.50,2.03,3.56,3.90,0.00,0.00,0.00,0.00,0.00,0.00,Mini Estadi
1384016400,Nov 09 2013 - 5:00pm,complete,3000,CD Lugo,Real Murcia,N/A,13,2.17,1.33,1.67,1.32,1,1,2,0,0,0,"81","58",6,1,2,0,2,0,0,2,0,2,6,8,2,6,4,2,17,9,62,38,0.00,0.00,0.00,0.00,2.42,42,50,50,25,25,42,67,25,59,9.00,6.34,2.15,3.28,3.85,0.00,0.00,0.00,0.00,0.00,0.00,Estadio Anxo Carro
1384017300,Nov 09 2013 - 5:15pm,complete,10000,Real Zaragoza,CD Numancia,N/A,13,1.33,1.00,1.33,1.14,1,2,3,0,0,0,"53","80,83",2,5,1,0,2,0,0,1,0,2,9,11,4,5,5,6,12,13,48,52,0.00,0.00,0.00,0.00,2.17,50,59,59,25,0,25,50,50,75,9.83,5.17,2.01,3.39,4.22,0.00,0.00,0.00,0.00,0.00,0.00,Estadio de la Romareda
1384020000,Nov 09 2013 - 6:00pm,complete,2000,AD Alcorcón,Córdoba,N/A,13,1.67,0.83,1.62,1.35,0,0,0,0,0,0,"","",4,4,5,0,5,1,3,2,3,3,11,9,4,5,7,4,13,13,56,44,0.00,0.00,0.00,0.00,1.42,9,33,17,9,0,0,25,25,75,10.67,6.17,1.96,3.35,4.52,0.00,0.00,0.00,0.00,0.00,0.00,Estadio Santo Domingo
1384023600,Nov 09 2013 - 7:00pm,complete,6500,Hércules CF,UD Las Palmas,N/A,13,1.00,1.50,1.14,1.39,2,1,3,2,1,1,"30,47","18",7,6,6,0,2,0,3,3,0,2,8,5,3,2,5,3,16,12,44,56,0.00,0.00,0.00,0.00,2.17,50,75,33,17,9,33,50,33,75,10.84,7.16,2.74,3.19,2.85,0.00,0.00,0.00,0.00,0.00,0.00,Estadio José Rico Pérez
1384081200,Nov 10 2013 - 11:00am,complete,10732,Recreativo de Huelva,Deportivo La Coruña,N/A,13,2.33,2.00,1.48,1.71,0,1,1,0,0,0,"","79",6,6,1,0,1,0,0,1,0,1,10,10,3,3,7,7,11,11,58,42,0.00,0.00,0.00,0.00,2.58,34,84,42,17,9,25,42,67,84,13.67,6.33,2.53,3.25,3.06,0.00,0.00,0.00,0.00,0.00,0.00,Estadio Nuevo Colombino
1384099200,Nov 10 2013 - 4:00pm,complete,9000,RCD Mallorca,SD Ponferradina,N/A,13,1.67,0.83,1.43,0.81,2,2,4,3,2,1,"5,31","21,84",5,5,4,0,2,0,1,3,1,1,14,9,8,6,6,3,9,7,39,61,0.00,0.00,0.00,0.00,2.50,50,59,42,25,17,42,75,34,67,12.17,7.67,1.81,3.56,5.05,0.00,0.00,0.00,0.00,0.00,0.00,Iberostar Estadi
1384099200,Nov 10 2013 - 4:00pm,complete,3870,Mirandés,Girona FC,N/A,13,1.67,1.17,1.57,0.95,1,2,3,2,0,2,"65","12,33",9,3,4,0,3,0,3,1,0,3,20,14,8,8,12,6,9,18,56,44,0.00,0.00,0.00,0.00,2.25,33,67,50,17,9,9,42,59,83,9.33,7.00,2.43,3.23,3.23,0.00,0.00,0.00,0.00,0.00,0.00,Estadio Municipal de Anduva
1384099200,Nov 10 2013 - 4:00pm,complete,15800,Sporting Gijón,CE Sabadell FC,N/A,13,2.17,0.33,1.91,0.62,3,1,4,0,0,0,"65,81,89","51",7,3,3,0,2,0,0,3,0,2,13,9,6,6,7,3,11,14,50,50,0.00,0.00,0.00,0.00,2.50,50,75,34,25,17,25,75,50,75,11.00,5.33,1.56,4.05,7.10,0.00,0.00,0.00,0.00,0.00,0.00,Estadio Municipal El Molinón
1384102800,Nov 10 2013 - 5:00pm,complete,10198,CD Tenerife,SD Eibar,N/A,13,1.33,1.33,1.62,1.52,2,0,2,1,1,0,"41,59","",5,4,4,0,5,0,2,2,3,2,6,10,5,4,1,6,13,18,50,50,0.00,0.00,0.00,0.00,1.84,34,50,25,17,9,9,34,42,83,15.66,5.00,2.18,3.24,3.81,0.00,0.00,0.00,0.00,0.00,0.00,Estadio Heliodoro Rodríguez Lopéz
1384103700,Nov 10 2013 - 5:15pm,complete,2893,Real Madrid II,Deportivo Alavés,N/A,13,0.67,0.83,1.38,1.10,1,0,1,1,1,0,"34","",6,3,1,0,3,0,0,1,1,2,14,7,5,4,9,3,13,14,51,49,0.00,0.00,0.00,0.00,2.42,59,75,42,17,9,33,84,25,67,11.83,5.67,2.23,3.29,3.60,0.00,0.00,0.00,0.00,0.00,0.00,Estadio Alfredo Di Stéfano
1384621200,Nov 16 2013 - 5:00pm,complete,7000,SD Ponferradina,CD Lugo,N/A,14,2.17,1.33,1.62,0.90,0,2,2,0,0,0,"","64,89",6,2,2,0,2,0,0,2,1,1,8,11,4,5,4,6,5,10,49,51,0.00,0.00,0.00,0.00,2.59,42,59,42,34,17,42,50,42,84,8.33,5.83,2.08,3.32,4.03,0.00,0.00,0.00,0.00,0.00,0.00,Estadio El Toralín
1384621200,Nov 16 2013 - 5:00pm,complete,8874,Deportivo Alavés,Recreativo de Huelva,N/A,14,1.50,2.00,1.33,1.43,3,3,6,3,2,1,"18,44,49","7,82,89",1,1,3,0,4,0,1,2,2,2,8,6,2,2,6,4,13,20,53,47,0.00,0.00,0.00,0.00,3.42,75,100,84,42,17,42,100,67,92,8.00,6.50,2.23,3.29,3.60,0.00,0.00,0.00,0.00,0.00,0.00,Estadio de Mendizorroza
1384621200,Nov 16 2013 - 5:00pm,complete,3882,Girona FC,Barcelona II,N/A,14,1.50,0.67,1.48,1.33,1,2,3,2,1,1,"28","33,64",3,5,3,0,2,0,1,2,1,1,9,8,4,2,5,6,17,14,37,63,0.00,0.00,0.00,0.00,2.75,59,75,59,33,9,17,50,75,100,10.00,4.50,1.88,3.63,4.52,0.00,0.00,0.00,0.00,0.00,0.00,Estadi Municipal de Montilivi
1384621200,Nov 16 2013 - 5:00pm,complete,7915,Real Murcia,Sporting Gijón,N/A,14,1.83,0.67,1.68,1.00,1,1,2,2,1,1,"12","17",11,2,3,0,4,0,1,2,2,2,12,5,6,2,6,3,20,16,56,44,0.00,0.00,0.00,0.00,3.00,75,83,75,42,9,25,59,75,92,12.50,7.50,0.00,0.00,0.00,0.00,0.00,0.00,0.00,0.00,0.00,Estadio Nueva Condomina
1384622100,Nov 16 2013 - 5:15pm,complete,8000,Real Jaén CF,Real Zaragoza,N/A,14,1.67,1.33,1.52,1.19,3,0,3,2,2,0,"20,40,77","",4,8,0,0,2,1,0,0,2,1,6,13,3,7,3,6,11,14,48,52,0.00,0.00,0.00,0.00,2.92,75,75,59,33,25,25,59,75,92,9.17,5.66,2.57,3.21,3.03,0.00,0.00,0.00,0.00,0.00,0.00,Nuevo Estadio La Victoria
1384628400,Nov 16 2013 - 7:00pm,complete,10032,UD Las Palmas,Mirandés,N/A,14,1.83,1.33,1.70,0.81,3,1,4,1,1,0,"7,58,84","66",-1,-1,5,0,1,0,0,5,1,0,-1,-1,-1,-1,-1,-1,-1,-1,-1,-1,0.00,0.00,0.00,0.00,1.09,17,25,9,0,0,0,42,17,50,11.10,6.83,1.63,3.85,6.31,0.00,0.00,0.00,0.00,0.00,0.00,Estadio de Gran Canaria
1384628400,Nov 16 2013 - 7:00pm,complete,1645,CE Sabadell FC,AD Alcorcón,N/A,14,2.17,0.67,2.19,1.19,1,2,3,1,0,1,"64","37,90",9,6,2,0,3,0,0,2,1,2,14,13,2,7,12,6,18,9,50,50,0.00,0.00,0.00,0.00,1.75,17,42,42,9,0,17,50,34,67,8.50,5.50,2.81,3.16,2.79,0.00,0.00,0.00,0.00,0.00,0.00,Estadi de la Nova Creu Alta
1384686000,Nov 17 2013 - 11:00am,complete,21000,Deportivo La Coruña,RCD Mallorca,N/A,14,1.33,1.17,1.57,1.00,3,1,4,2,2,0,"24,32,57","48",6,3,1,0,5,1,0,1,3,3,6,6,5,4,1,2,11,25,49,51,0.00,0.00,0.00,0.00,2.00,25,50,34,25,0,17,59,42,75,9.50,7.66,1.99,3.43,4.23,0.00,0.00,0.00,0.00,0.00,0.00,Estadio Municipal de Riazor (A Coruña (La Coruña))
1384707600,Nov 17 2013 - 5:00pm,complete,3000,CD Numancia,CD Tenerife,N/A,14,2.00,0.67,1.43,0.95,0,0,0,0,0,0,"","",4,4,3,0,3,0,1,2,0,3,11,6,5,3,6,3,15,11,51,49,0.00,0.00,0.00,0.00,2.42,50,67,42,25,9,25,34,59,92,9.33,6.00,2.09,3.31,4.01,0.00,0.00,0.00,0.00,0.00,0.00,Nuevo Estadio Los Pajaritos
1384708500,Nov 17 2013 - 5:15pm,complete,1989,SD Eibar,Real Madrid II,N/A,14,1.83,0.00,1.86,0.95,6,0,6,1,1,0,"21,52,66,75,86,89","",3,5,2,0,7,1,0,2,1,7,6,9,2,6,4,3,13,12,45,55,0.00,0.00,0.00,0.00,1.75,17,50,25,9,9,34,50,17,59,10.50,6.16,2.01,3.55,3.97,0.00,0.00,0.00,0.00,0.00,0.00,Estadio Municipal de Ipurúa
1384718400,Nov 17 2013 - 8:00pm,complete,9500,Córdoba,Hércules CF,N/A,14,2.33,0.50,1.57,1.00,4,2,6,2,2,0,"10,19,57,89","46,63",6,11,2,0,3,0,1,1,0,3,9,10,4,3,5,7,12,18,49,51,0.00,0.00,0.00,0.00,2.67,59,75,42,42,9,34,75,50,83,10.50,6.17,2.07,3.40,4.01,0.00,0.00,0.00,0.00,0.00,0.00,Estadio Nuevo Arcángel
1385226000,Nov 23 2013 - 5:00pm,complete,7600,RCD Mallorca,Deportivo Alavés,N/A,15,1.57,0.71,1.43,1.10,2,1,3,0,0,0,"51,54","79",3,4,3,0,2,0,1,2,1,1,9,13,4,5,5,8,13,14,47,53,0.00,0.00,0.00,0.00,2.86,57,71,50,36,22,43,79,36,72,9.29,6.57,2.01,3.44,4.15,0.00,0.00,0.00,0.00,0.00,0.00,Iberostar Estadi
1385226900,Nov 23 2013 - 5:15pm,complete,2175,Real Madrid II,CD Numancia,N/A,15,1.00,1.29,1.38,1.14,0,0,0,0,0,0,"","",4,5,2,0,3,0,0,2,1,2,11,8,6,4,5,4,12,21,48,52,0.00,0.00,0.00,0.00,2.00,50,57,43,15,0,22,72,36,50,12.14,5.72,2.57,3.26,2.99,0.00,0.00,0.00,0.00,0.00,0.00,Estadio Alfredo Di Stéfano
1385227800,Nov 23 2013 - 5:30pm,complete,3916,Barcelona II,UD Las Palmas,N/A,15,1.29,1.29,1.81,1.39,1,2,3,1,1,0,"20","54,60",2,2,2,0,3,2,1,1,0,5,14,5,5,0,9,5,9,12,59,41,0.00,0.00,0.00,0.00,2.15,36,72,36,7,7,43,57,22,79,11.71,6.14,2.49,3.39,3.00,0.00,0.00,0.00,0.00,0.00,0.00,Mini Estadi
1385290800,Nov 24 2013 - 11:00am,complete,6000,CD Lugo,Sporting Gijón,N/A,15,2.00,0.71,1.67,1.00,1,3,4,3,1,2,"6","28,34,53",10,6,3,0,1,0,1,2,0,1,15,5,6,3,9,2,15,21,60,40,0.00,0.00,0.00,0.00,2.43,57,72,50,22,7,36,64,43,71,11.29,6.28,2.52,3.20,3.12,0.00,0.00,0.00,0.00,0.00,0.00,Estadio Anxo Carro
1385308800,Nov 24 2013 - 4:00pm,complete,7761,Recreativo de Huelva,SD Eibar,N/A,15,2.00,1.14,1.48,1.52,1,2,3,0,0,0,"46","60,64",7,3,3,0,3,1,2,1,0,4,11,9,5,4,6,5,17,12,60,40,0.00,0.00,0.00,0.00,2.57,50,79,43,22,14,22,50,57,93,15.57,5.71,2.05,3.36,4.08,0.00,0.00,0.00,0.00,0.00,0.00,Estadio Nuevo Colombino
1385308800,Nov 24 2013 - 4:00pm,complete,8000,Real Zaragoza,Girona FC,N/A,15,1.14,1.43,1.33,0.95,1,0,1,0,0,0,"78","",7,5,6,0,2,0,1,5,0,2,9,6,3,3,6,3,13,16,57,43,0.00,0.00,0.00,0.00,2.36,50,71,64,14,0,22,43,57,86,9.72,5.14,2.08,3.31,4.04,0.00,0.00,0.00,0.00,0.00,0.00,Estadio de la Romareda
1385308800,Nov 24 2013 - 4:00pm,complete,3522,Mirandés,Córdoba,N/A,15,1.43,0.86,1.57,1.35,3,1,4,3,2,1,"28,45'1,90'2","13",6,4,2,0,6,1,1,1,1,6,16,8,5,4,11,4,13,16,46,54,0.00,0.00,0.00,0.00,1.86,29,50,36,14,7,15,29,36,79,9.86,7.86,2.79,3.16,2.82,0.00,0.00,0.00,0.00,0.00,0.00,Estadio Municipal de Anduva
1385308800,Nov 24 2013 - 4:00pm,complete,6000,Hércules CF,CE Sabadell FC,N/A,15,1.29,0.29,1.14,0.62,3,0,3,0,0,0,"55,74,84","",3,4,1,0,2,0,0,1,0,2,14,13,11,6,3,7,8,14,57,43,0.00,0.00,0.00,0.00,2.22,57,71,36,22,0,29,57,43,71,12.57,6.42,1.77,3.52,5.54,0.00,0.00,0.00,0.00,0.00,0.00,Estadio José Rico Pérez
1385312400,Nov 24 2013 - 5:00pm,complete,9753,CD Tenerife,Real Jaén CF,N/A,15,1.57,1.00,1.62,0.76,2,1,3,1,1,0,"22,75","63",9,3,1,0,4,0,0,1,2,2,12,6,5,3,7,3,20,14,50,50,0.00,0.00,0.00,0.00,2.36,29,57,36,22,15,22,58,29,86,11.19,7.00,2.08,3.25,4.15,0.00,0.00,0.00,0.00,0.00,0.00,Estadio Heliodoro Rodríguez Lopéz
1385313300,Nov 24 2013 - 5:15pm,complete,7000,SD Ponferradina,Deportivo La Coruña,N/A,15,1.86,2.14,1.62,1.71,0,1,1,1,0,1,"","31",3,1,4,0,3,0,1,3,0,3,8,6,4,2,4,4,14,21,58,42,0.00,0.00,0.00,0.00,2.29,22,64,29,22,7,22,36,57,86,9.71,5.14,2.63,3.17,3.00,0.00,0.00,0.00,0.00,0.00,0.00,Estadio El Toralín
1385323200,Nov 24 2013 - 8:00pm,complete,1500,AD Alcorcón,Real Murcia,N/A,15,1.57,1.29,1.62,1.32,0,0,0,0,0,0,"","",3,8,3,3,1,1,3,3,0,2,7,13,7,6,0,7,12,11,49,51,0.00,0.00,0.00,0.00,1.79,29,43,29,15,15,22,50,29,57,9.72,6.72,1.82,3.46,5.26,0.00,0.00,0.00,0.00,0.00,0.00,Estadio Santo Domingo
1385830800,Nov 30 2013 - 5:00pm,complete,2047,SD Eibar,RCD Mallorca,N/A,16,2.00,1.00,1.86,1.00,0,1,1,0,0,0,"","62",4,2,2,0,2,0,1,1,2,0,8,11,4,7,4,4,13,10,51,49,0.00,0.00,0.00,0.00,2.65,29,57,57,43,15,29,50,57,86,9.28,8.14,2.32,3.30,3.43,0.00,0.00,0.00,0.00,0.00,0.00,Estadio Municipal de Ipurúa
1385830800,Nov 30 2013 - 5:00pm,complete,10589,Córdoba,Barcelona II,N/A,16,2.43,1.00,1.57,1.33,1,2,3,1,0,1,"85","31,89",7,4,4,0,4,0,1,3,2,2,11,9,7,6,4,3,18,13,39,61,0.00,0.00,0.00,0.00,2.86,57,71,57,36,14,29,64,57,93,9.86,4.86,1.91,3.65,4.39,0.00,0.00,0.00,0.00,0.00,0.00,Estadio Nuevo Arcángel
1385831700,Nov 30 2013 - 5:15pm,complete,30000,Deportivo La Coruña,CD Lugo,N/A,16,1.57,1.57,1.57,0.90,0,0,0,0,0,0,"","",3,2,1,0,2,0,1,0,0,2,10,5,4,2,6,3,8,10,38,62,0.00,0.00,0.00,0.00,1.86,29,50,22,14,7,29,50,29,64,8.58,5.71,1.69,3.72,6.08,0.00,0.00,0.00,0.00,0.00,0.00,Estadio Municipal de Riazor (A Coruña (La Coruña))
1385838000,Nov 30 2013 - 7:00pm,complete,11440,UD Las Palmas,Real Zaragoza,N/A,16,2.00,1.14,1.70,1.19,0,1,1,0,0,0,"","63",6,3,3,0,3,0,1,2,1,2,15,3,6,0,9,3,6,21,55,45,0.00,0.00,0.00,0.00,2.36,50,65,36,22,15,22,50,50,86,12.03,7.00,1.94,3.50,4.44,0.00,0.00,0.00,0.00,0.00,0.00,Estadio de Gran Canaria
1385895600,Dec 01 2013 - 11:00am,complete,7367,Real Murcia,Hércules CF,N/A,16,1.71,0.43,1.68,1.00,1,2,3,2,0,2,"53","9,11",13,2,3,0,4,0,1,2,2,2,14,6,7,3,7,3,20,16,56,44,0.00,0.00,0.00,0.00,3.29,79,86,64,50,22,43,72,64,86,12.43,6.86,2.36,3.35,3.30,0.00,0.00,0.00,0.00,0.00,0.00,Estadio Nueva Condomina
1385913600,Dec 01 2013 - 4:00pm,complete,9448,Deportivo Alavés,SD Ponferradina,N/A,16,1.43,0.86,1.33,0.81,2,2,4,1,1,0,"32,90'1","61,64",9,3,4,1,2,1,4,1,1,2,12,9,8,6,4,3,14,14,51,49,0.00,0.00,0.00,0.00,3.00,72,79,57,43,15,57,86,36,93,9.29,5.29,2.08,3.42,3.96,0.00,0.00,0.00,0.00,0.00,0.00,Estadio de Mendizorroza
1385913600,Dec 01 2013 - 4:00pm,complete,3110,Girona FC,CD Tenerife,N/A,16,1.29,0.71,1.48,0.95,2,2,4,1,0,1,"47,58","8,78",5,3,2,0,2,0,2,0,1,1,8,11,6,4,2,7,10,17,52,48,0.00,0.00,0.00,0.00,2.36,50,72,50,22,0,22,36,64,93,9.72,5.28,2.28,3.29,3.54,0.00,0.00,0.00,0.00,0.00,0.00,Estadi Municipal de Montilivi
1385913600,Dec 01 2013 - 4:00pm,complete,2837,CE Sabadell FC,Mirandés,N/A,16,1.86,1.14,2.19,0.81,3,1,4,2,2,0,"10,14,67","48",6,4,1,0,2,0,0,1,1,1,8,7,4,3,4,4,16,12,50,50,0.00,0.00,0.00,0.00,1.93,29,50,50,14,0,15,57,43,65,9.50,6.28,2.39,3.30,3.29,0.00,0.00,0.00,0.00,0.00,0.00,Estadi de la Nova Creu Alta
1385913600,Dec 01 2013 - 4:00pm,complete,15535,Sporting Gijón,AD Alcorcón,N/A,16,2.29,1.00,1.91,1.19,2,2,4,3,1,2,"14,68","16,25",2,2,4,1,4,0,2,3,0,4,11,8,5,2,6,6,16,20,52,48,0.00,0.00,0.00,0.00,2.29,43,58,43,22,15,15,64,43,72,9.86,4.86,1.90,3.51,4.67,0.00,0.00,0.00,0.00,0.00,0.00,Estadio Municipal El Molinón
1385918100,Dec 01 2013 - 5:15pm,complete,6500,Real Jaén CF,Real Madrid II,N/A,16,1.86,0.00,1.52,0.95,0,1,1,0,0,0,"","69",5,4,3,0,2,0,1,2,1,1,7,10,5,4,2,6,9,15,64,36,0.00,0.00,0.00,0.00,2.57,36,71,50,22,14,36,79,36,72,9.14,5.57,2.04,3.41,4.13,0.00,0.00,0.00,0.00,0.00,0.00,Nuevo Estadio La Victoria
1385928000,Dec 01 2013 - 8:00pm,complete,1702,CD Numancia,Recreativo de Huelva,N/A,16,1.86,1.86,1.43,1.43,2,3,5,3,2,1,"6,29","17,50,69",8,3,2,0,3,0,1,1,1,2,11,7,4,3,7,4,13,13,57,43,0.00,0.00,0.00,0.00,3.00,64,79,65,36,22,29,72,65,79,8.15,7.57,2.11,3.38,3.91,0.00,0.00,0.00,0.00,0.00,0.00,Nuevo Estadio Los Pajaritos
1386183600,Dec 04 2013 - 7:00pm,complete,1136,Real Madrid II,Girona FC,N/A,17,1.00,1.25,1.38,0.95,3,2,5,2,1,1,"45'1,50,79","26,64",6,4,3,0,3,0,0,3,1,2,11,7,4,3,7,4,18,16,53,47,0.00,0.00,0.00,0.00,1.88,38,57,38,7,0,19,63,32,57,12.00,5.75,2.46,3.32,3.10,0.00,0.00,0.00,0.00,0.00,0.00,Estadio Alfredo Di Stéfano
1386183600,Dec 04 2013 - 7:00pm,complete,2500,CD Lugo,AD Alcorcón,N/A,17,1.75,1.00,1.67,1.19,1,2,3,0,0,0,"74","49,90",13,3,2,0,3,1,1,1,1,3,11,7,2,4,9,3,9,14,69,31,0.00,0.00,0.00,0.00,2.13,44,51,44,19,7,26,63,25,69,10.01,4.75,2.49,3.18,3.19,0.00,0.00,0.00,0.00,0.00,0.00,Estadio Anxo Carro
1386187200,Dec 04 2013 - 8:00pm,complete,6522,Recreativo de Huelva,Real Jaén CF,N/A,17,1.75,0.88,1.48,0.76,1,1,2,2,1,1,"21","24",6,5,2,0,2,0,1,1,0,2,10,9,4,2,6,7,15,11,56,44,0.00,0.00,0.00,0.00,3.07,57,82,63,25,19,32,63,57,94,11.79,7.13,2.02,3.39,4.17,0.00,0.00,0.00,0.00,0.00,0.00,Estadio Nuevo Colombino
1386187200,Dec 04 2013 - 8:00pm,complete,18040,CD Tenerife,UD Las Palmas,N/A,17,1.75,1.50,1.62,1.39,3,0,3,1,1,0,"22,63,74","",4,2,4,0,4,1,3,1,3,2,7,5,2,0,5,5,22,12,56,44,0.00,0.00,0.00,0.00,2.13,44,69,38,13,7,19,51,38,88,11.75,6.63,2.24,3.20,3.69,0.00,0.00,0.00,0.00,0.00,0.00,Estadio Heliodoro Rodríguez Lopéz
1386435600,Dec 07 2013 - 5:00pm,complete,5069,Barcelona II,CE Sabadell FC,N/A,17,1.13,0.25,1.81,0.62,2,0,2,0,0,0,"54,72","",7,7,0,0,2,0,0,0,2,0,10,16,6,9,4,7,11,12,57,43,0.00,0.00,0.00,0.00,2.19,38,69,38,13,0,26,57,44,75,12.25,5.13,2.06,3.44,3.92,0.00,0.00,0.00,0.00,0.00,0.00,Mini Estadi
1386435600,Dec 07 2013 - 5:00pm,complete,6500,Hércules CF,Sporting Gijón,N/A,17,1.50,1.00,1.14,1.00,0,1,1,1,0,1,"","2",4,3,2,0,4,0,1,1,2,2,12,9,7,2,5,7,13,19,65,35,0.00,0.00,0.00,0.00,2.50,63,82,57,26,0,44,63,44,75,12.63,7.13,2.93,3.24,2.64,0.00,0.00,0.00,0.00,0.00,0.00,Estadio José Rico Pérez
1386436500,Dec 07 2013 - 5:15pm,complete,21000,Deportivo La Coruña,Deportivo Alavés,N/A,17,1.50,0.63,1.57,1.10,2,1,3,1,1,0,"29,48","68",5,2,3,0,2,0,2,1,0,2,9,5,4,5,5,0,16,31,59,41,0.00,0.00,0.00,0.00,2.01,44,57,32,19,7,19,57,32,69,8.00,4.88,1.65,3.70,6.53,0.00,0.00,0.00,0.00,0.00,0.00,Estadio Municipal de Riazor (A Coruña (La Coruña))
1386518400,Dec 08 2013 - 4:00pm,complete,10165,RCD Mallorca,CD Numancia,N/A,17,1.75,1.25,1.43,1.14,0,0,0,0,0,0,"","",3,7,3,1,2,0,3,1,0,2,10,15,5,6,5,9,19,15,38,62,0.00,0.00,0.00,0.00,2.51,57,63,57,32,13,32,57,50,63,9.75,6.76,2.02,3.32,4.28,0.00,0.00,0.00,0.00,0.00,0.00,Iberostar Estadi
1386518400,Dec 08 2013 - 4:00pm,complete,3560,Mirandés,Real Murcia,N/A,17,1.63,1.25,1.57,1.32,1,1,2,1,0,1,"89","15",8,1,2,0,1,0,0,2,0,1,13,10,5,5,8,5,16,25,61,39,0.00,0.00,0.00,0.00,2.38,50,63,51,25,19,38,57,38,69,9.88,7.38,2.17,3.23,3.85,0.00,0.00,0.00,0.00,0.00,0.00,Estadio Municipal de Anduva
1386522900,Dec 08 2013 - 5:15pm,complete,8000,Real Zaragoza,Córdoba,N/A,17,1.38,0.75,1.33,1.35,2,1,3,1,1,0,"39,89","73",2,9,5,0,3,1,2,3,2,2,3,10,0,5,3,5,15,15,39,61,0.00,0.00,0.00,0.00,1.94,38,51,44,19,0,19,26,38,82,10.00,6.88,1.99,3.36,4.32,0.00,0.00,0.00,0.00,0.00,0.00,Estadio de la Romareda
1386532800,Dec 08 2013 - 8:00pm,complete,3000,SD Ponferradina,SD Eibar,N/A,17,1.63,1.38,1.62,1.52,2,1,3,2,1,1,"27,80","21",4,2,3,0,5,1,1,2,2,4,15,6,3,4,12,2,15,25,53,47,0.00,0.00,0.00,0.00,2.44,44,69,38,26,13,19,50,57,88,11.13,5.51,2.37,3.20,3.37,0.00,0.00,0.00,0.00,0.00,0.00,Estadio El Toralín
1387040400,Dec 14 2013 - 5:00pm,complete,8732,Deportivo Alavés,CD Lugo,N/A,18,1.38,1.50,1.33,0.90,2,1,3,1,1,0,"12,90'3","84",1,2,4,0,5,0,0,4,0,5,7,10,5,4,2,6,21,19,44,56,0.00,0.00,0.00,0.00,2.82,57,75,50,38,19,51,69,44,82,7.63,5.38,2.14,3.32,3.81,0.00,0.00,0.00,0.00,0.00,0.00,Estadio de Mendizorroza
1387040400,Dec 14 2013 - 5:00pm,complete,3572,CE Sabadell FC,Real Zaragoza,N/A,18,2.00,1.38,2.19,1.19,1,0,1,0,0,0,"59","",4,3,3,0,2,0,1,2,1,1,8,9,4,3,4,6,20,9,48,52,0.00,0.00,0.00,0.00,2.76,51,75,63,25,13,38,57,63,94,10.26,6.26,3.05,3.24,2.54,0.00,0.00,0.00,0.00,0.00,0.00,Estadi de la Nova Creu Alta
1387041300,Dec 14 2013 - 5:15pm,complete,2500,AD Alcorcón,Hércules CF,N/A,18,1.50,0.75,1.62,1.00,0,2,2,0,0,0,"","62,68",8,6,1,0,3,0,0,1,1,2,15,12,5,6,10,6,14,11,53,47,0.00,0.00,0.00,0.00,2.19,38,57,38,25,13,32,63,32,69,11.26,6.88,1.84,3.56,4.84,0.00,0.00,0.00,0.00,0.00,0.00,Estadio Santo Domingo
1387047600,Dec 14 2013 - 7:00pm,complete,2231,Girona FC,Recreativo de Huelva,N/A,18,1.25,2.00,1.48,1.43,1,1,2,1,1,0,"11","62",8,4,4,0,4,0,3,1,2,2,7,9,4,3,3,6,8,12,43,57,0.00,0.00,0.00,0.00,3.44,75,94,82,44,19,32,82,82,94,8.63,6.63,2.46,3.31,3.11,0.00,0.00,0.00,0.00,0.00,0.00,Estadi Municipal de Montilivi
1387047600,Dec 14 2013 - 7:00pm,complete,8287,UD Las Palmas,Real Madrid II,N/A,18,1.75,0.38,1.70,0.95,0,2,2,1,0,1,"","14,52",5,3,2,0,4,0,1,1,2,2,12,11,5,5,7,6,11,20,62,38,0.00,0.00,0.00,0.00,1.88,19,51,19,13,7,19,57,19,69,11.38,6.88,1.85,3.75,4.45,0.00,0.00,0.00,0.00,0.00,0.00,Estadio de Gran Canaria
1387051200,Dec 14 2013 - 8:00pm,complete,2000,CD Numancia,SD Ponferradina,N/A,18,1.63,0.88,1.43,0.81,2,0,2,1,1,0,"6,86","",7,4,0,0,2,0,0,0,0,2,11,9,4,5,7,4,17,11,52,48,0.00,0.00,0.00,0.00,2.50,63,63,44,38,13,38,63,38,82,10.38,6.25,2.08,3.37,3.95,0.00,0.00,0.00,0.00,0.00,0.00,Nuevo Estadio Los Pajaritos
1387105200,Dec 15 2013 - 11:00am,complete,2100,SD Eibar,Deportivo La Coruña,N/A,18,1.75,2.25,1.86,1.71,2,1,3,1,1,0,"39,84","89",3,6,2,0,2,0,0,2,2,0,13,7,7,3,6,4,22,11,48,52,0.00,0.00,0.00,0.00,1.88,7,44,26,13,13,13,32,38,69,9.25,5.75,2.96,3.16,2.66,0.00,0.00,0.00,0.00,0.00,0.00,Estadio Municipal de Ipurúa
1387123200,Dec 15 2013 - 4:00pm,complete,16112,Sporting Gijón,Mirandés,N/A,18,2.13,1.00,1.91,0.81,3,2,5,4,3,1,"33,35,39","42,74",6,8,6,0,2,1,1,5,2,1,8,9,5,5,3,4,20,15,51,49,0.00,0.00,0.00,0.00,2.50,51,63,51,38,13,26,69,44,69,9.43,6.00,1.52,4.09,7.88,0.00,0.00,0.00,0.00,0.00,0.00,Estadio Municipal El Molinón
1387123200,Dec 15 2013 - 4:00pm,complete,8316,Real Murcia,Barcelona II,N/A,18,1.50,1.25,1.68,1.33,3,1,4,1,0,1,"83,85,87","33",6,2,3,0,5,0,1,2,1,4,12,5,3,3,9,2,12,9,38,62,0.00,0.00,0.00,0.00,3.01,76,82,75,32,13,32,63,63,94,11.63,5.88,2.09,3.42,3.86,0.00,0.00,0.00,0.00,0.00,0.00,Estadio Nueva Condomina
1387126800,Dec 15 2013 - 5:00pm,complete,8000,Córdoba,CD Tenerife,N/A,18,2.13,0.75,1.57,0.95,1,0,1,0,0,0,"66","",4,5,2,0,1,0,1,1,1,0,11,4,7,4,4,0,14,15,50,50,0.00,0.00,0.00,0.00,2.57,51,69,50,32,7,19,50,63,88,9.88,5.63,2.16,3.30,3.78,0.00,0.00,0.00,0.00,0.00,0.00,Estadio Nuevo Arcángel
1387127700,Dec 15 2013 - 5:15pm,complete,6000,Real Jaén CF,RCD Mallorca,N/A,18,1.63,1.25,1.52,1.00,2,1,3,2,2,0,"8,39","49",3,9,3,0,0,0,0,3,0,0,6,5,2,2,4,3,22,17,47,53,0.00,0.00,0.00,0.00,2.63,44,63,63,38,7,32,63,57,94,8.13,6.76,2.53,3.20,3.10,0.00,0.00,0.00,0.00,0.00,0.00,Nuevo Estadio La Victoria
1387641600,Dec 21 2013 - 4:00pm,complete,3000,CD Lugo,Hércules CF,N/A,19,1.56,1.00,1.67,1.00,1,3,4,2,0,2,"57","14,22,73",6,4,2,0,4,0,1,1,2,2,11,3,7,3,4,0,16,7,57,43,0.00,0.00,0.00,0.00,2.89,62,78,56,33,17,45,67,45,84,12.11,5.78,2.35,3.28,3.33,0.00,0.00,0.00,0.00,0.00,0.00,Estadio Anxo Carro
1387645200,Dec 21 2013 - 5:00pm,complete,10520,Deportivo Alavés,SD Eibar,N/A,19,1.56,1.22,1.33,1.52,0,2,2,1,0,1,"","32,79",7,3,1,0,4,0,0,1,1,3,10,9,7,5,3,4,16,15,57,43,0.00,0.00,0.00,0.00,3.00,73,89,61,34,17,39,78,56,95,10.00,5.78,2.23,3.32,3.56,0.00,0.00,0.00,0.00,0.00,0.00,Estadio de Mendizorroza
1387645200,Dec 21 2013 - 5:00pm,complete,22000,Deportivo La Coruña,CD Numancia,N/A,19,1.67,1.22,1.57,1.14,3,3,6,3,2,1,"27,29,90'1","11,66,79",6,1,4,0,4,0,1,3,1,3,13,5,6,2,7,3,13,28,61,39,0.00,0.00,0.00,0.00,1.62,39,44,33,17,0,11,45,39,56,9.11,5.22,1.82,3.48,5.15,0.00,0.00,0.00,0.00,0.00,0.00,Estadio Municipal de Riazor (A Coruña (La Coruña))
1387645200,Dec 21 2013 - 5:00pm,complete,3206,Barcelona II,Sporting Gijón,N/A,19,1.33,1.22,1.81,1.00,2,2,4,2,1,1,"32,90","14,88",6,4,0,0,4,0,0,0,2,2,12,14,6,8,6,6,6,16,61,39,0.00,0.00,0.00,0.00,2.28,45,73,45,17,0,39,67,39,73,12.67,6.00,2.89,3.32,2.61,0.00,0.00,0.00,0.00,0.00,0.00,Mini Estadi
1387646100,Dec 21 2013 - 5:15pm,complete,2419,Real Madrid II,Córdoba,N/A,19,1.22,0.67,1.38,1.35,3,1,4,1,1,0,"41,63,79","84",5,5,0,0,3,0,0,0,0,3,14,8,8,6,6,2,8,17,44,56,0.00,0.00,0.00,0.00,1.89,39,50,33,17,6,22,56,28,56,12.34,7.11,1.94,3.43,4.45,0.00,0.00,0.00,0.00,0.00,0.00,Estadio Alfredo Di Stéfano
1387652400,Dec 21 2013 - 7:00pm,complete,8294,CD Tenerife,CE Sabadell FC,N/A,19,1.89,0.22,1.62,0.62,0,3,3,1,0,1,"","5,57,76",6,1,2,0,0,0,0,2,0,0,7,6,5,2,2,4,13,18,53,47,0.00,0.00,0.00,0.00,2.11,33,67,33,17,0,6,44,56,84,13.00,5.34,1.74,3.60,5.60,0.00,0.00,0.00,0.00,0.00,0.00,Estadio Heliodoro Rodríguez Lopéz
1387710000,Dec 22 2013 - 11:00am,complete,7368,Recreativo de Huelva,UD Las Palmas,N/A,19,1.67,1.33,1.48,1.39,1,3,4,3,1,2,"24","22,40,50",9,2,2,1,1,0,2,1,1,0,3,4,3,4,0,0,10,9,41,59,0.00,0.00,0.00,0.00,2.73,62,89,56,17,11,33,56,56,89,11.78,7.11,2.12,3.32,3.88,0.00,0.00,0.00,0.00,0.00,0.00,Estadio Nuevo Colombino
1387728000,Dec 22 2013 - 4:00pm,complete,5000,SD Ponferradina,Real Jaén CF,N/A,19,1.78,0.89,1.62,0.76,1,0,1,1,1,0,"5","",5,2,2,0,3,0,1,1,0,3,12,7,6,3,6,4,14,18,49,51,0.00,0.00,0.00,0.00,2.84,50,73,50,28,17,39,73,45,84,8.17,6.56,1.93,3.36,4.67,0.00,0.00,0.00,0.00,0.00,0.00,Estadio El Toralín
1387728000,Dec 22 2013 - 4:00pm,complete,10200,RCD Mallorca,Girona FC,N/A,19,1.67,1.11,1.43,0.95,2,0,2,1,1,0,"36,66","",7,6,2,0,2,0,0,2,0,2,17,10,9,7,8,3,22,11,50,50,0.00,0.00,0.00,0.00,2.61,50,67,56,28,17,33,56,50,73,9.67,6.89,1.75,3.73,5.28,0.00,0.00,0.00,0.00,0.00,0.00,Iberostar Estadi
1387732500,Dec 22 2013 - 5:15pm,complete,9000,Real Zaragoza,Real Murcia,N/A,19,1.56,1.22,1.33,1.32,0,0,0,0,0,0,"","",2,7,4,1,2,0,2,3,2,0,7,10,5,6,2,4,21,25,55,45,0.00,0.00,0.00,0.00,2.22,56,62,50,17,11,28,50,45,73,9.23,6.22,1.81,3.55,5.12,0.00,0.00,0.00,0.00,0.00,0.00,Estadio de la Romareda
1387742400,Dec 22 2013 - 8:00pm,complete,3172,Mirandés,AD Alcorcón,N/A,19,1.56,1.22,1.57,1.19,1,1,2,0,0,0,"89","87",6,6,1,0,4,0,0,1,1,3,8,12,5,6,3,6,10,12,45,55,0.00,0.00,0.00,0.00,2.23,50,61,50,17,6,22,62,33,78,10.11,6.11,2.85,3.18,2.74,0.00,0.00,0.00,0.00,0.00,0.00,Estadio Municipal de Anduva
1388854800,Jan 04 2014 - 5:00pm,complete,3000,CD Lugo,SD Eibar,N/A,20,1.40,1.40,1.67,1.52,0,0,0,0,0,0,"","",5,5,2,0,3,0,0,2,1,2,15,7,7,6,8,1,6,15,59,41,0.00,0.00,0.00,0.00,2.50,55,75,50,20,10,30,60,40,85,12.20,5.50,2.46,3.26,3.16,0.00,0.00,0.00,0.00,0.00,0.00,Estadio Anxo Carro
1388854800,Jan 04 2014 - 5:00pm,complete,2995,CD Numancia,Deportivo Alavés,N/A,20,1.78,0.56,1.43,1.10,0,2,2,0,0,0,"","68,84",5,3,4,0,3,0,0,4,2,1,9,7,4,4,5,3,12,15,53,47,0.00,0.00,0.00,0.00,2.56,62,73,45,28,17,28,62,44,84,8.33,4.88,1.82,3.62,4.89,0.00,0.00,0.00,0.00,0.00,0.00,Nuevo Estadio Los Pajaritos
1388854800,Jan 04 2014 - 5:00pm,complete,4660,CE Sabadell FC,Real Madrid II,N/A,20,2.11,0.67,2.19,0.95,3,2,5,3,2,1,"4,10,53","18,80",2,10,4,1,3,0,2,3,0,3,12,14,5,4,7,10,18,13,46,54,0.00,0.00,0.00,0.00,2.33,22,67,45,17,6,33,67,34,78,9.67,6.33,2.41,3.36,3.15,0.00,0.00,0.00,0.00,0.00,0.00,Estadi de la Nova Creu Alta
1388854800,Jan 04 2014 - 5:00pm,complete,10500,Hércules CF,Mirandés,N/A,20,1.33,0.89,1.14,0.81,1,0,1,1,1,0,"18","",7,5,5,0,4,0,1,4,3,1,8,12,5,5,3,7,17,16,57,43,0.00,0.00,0.00,0.00,2.11,44,56,44,22,6,28,62,33,62,11.21,6.33,1.86,3.59,4.67,0.00,0.00,0.00,0.00,0.00,0.00,Estadio José Rico Pérez
1388854800,Jan 04 2014 - 5:00pm,complete,6865,Real Murcia,CD Tenerife,N/A,20,1.67,0.67,1.68,0.95,1,2,3,3,1,2,"27","10,43",10,0,1,0,3,0,1,0,1,2,10,0,4,0,6,0,15,25,59,41,0.00,0.00,0.00,0.00,2.67,61,73,61,33,6,22,45,62,89,11.44,6.00,2.19,3.41,3.57,0.00,0.00,0.00,0.00,0.00,0.00,Estadio Nueva Condomina
1388855700,Jan 04 2014 - 5:15pm,complete,9000,Córdoba,Recreativo de Huelva,N/A,20,2.22,1.89,1.57,1.43,2,0,2,1,1,0,"30,80","",9,1,2,0,6,1,1,1,3,4,7,5,5,4,2,1,16,24,41,59,0.00,0.00,0.00,0.00,3.23,67,84,67,39,22,28,84,67,89,8.89,7.00,2.22,3.53,3.38,0.00,0.00,0.00,0.00,0.00,0.00,Estadio Nuevo Arcángel
1388862000,Jan 04 2014 - 7:00pm,complete,10440,UD Las Palmas,RCD Mallorca,N/A,20,1.56,1.11,1.70,1.00,2,2,4,1,1,0,"22,49","51,68",8,2,2,0,1,0,1,1,1,0,8,5,5,3,3,2,9,10,53,47,0.00,0.00,0.00,0.00,2.17,33,56,39,28,0,22,56,39,89,10.73,7.44,2.17,3.42,3.62,0.00,0.00,0.00,0.00,0.00,0.00,Estadio de Gran Canaria
1388919600,Jan 05 2014 - 11:00am,complete,17654,Sporting Gijón,Real Zaragoza,N/A,20,2.22,1.22,1.91,1.19,2,3,5,2,1,1,"34,49","3,57,88",7,7,6,3,3,0,3,6,3,0,11,11,7,5,4,6,14,10,37,63,0.00,0.00,0.00,0.00,3.06,62,78,56,39,28,39,61,50,95,10.00,6.55,0.00,0.00,0.00,0.00,0.00,0.00,0.00,0.00,0.00,Estadio Municipal El Molinón
1388934000,Jan 05 2014 - 3:00pm,complete,2711,Girona FC,SD Ponferradina,N/A,20,1.22,0.78,1.48,0.81,1,1,2,0,0,0,"90","85",11,2,4,0,3,1,2,2,1,3,12,7,6,5,6,2,15,15,61,39,0.00,0.00,0.00,0.00,2.61,67,78,50,33,0,28,73,45,95,10.67,5.66,2.28,3.39,3.38,0.00,0.00,0.00,0.00,0.00,0.00,Estadi Municipal de Montilivi
1388941200,Jan 05 2014 - 5:00pm,complete,2950,AD Alcorcón,Barcelona II,N/A,20,1.33,1.11,1.62,1.33,2,2,4,1,0,1,"51,80","18,85",10,8,4,0,4,0,0,4,1,3,13,9,5,4,8,5,19,13,47,53,0.00,0.00,0.00,0.00,2.06,34,56,45,17,6,11,50,45,78,10.11,5.89,1.97,3.56,4.14,0.00,0.00,0.00,0.00,0.00,0.00,Estadio Santo Domingo
1388942100,Jan 05 2014 - 5:15pm,complete,6550,Real Jaén CF,Deportivo La Coruña,N/A,20,1.78,2.00,1.52,1.71,0,0,0,0,0,0,"","",2,5,6,0,2,0,2,4,1,1,7,9,3,6,4,3,20,12,57,43,0.00,0.00,0.00,0.00,2.17,34,62,45,11,6,22,56,44,78,8.55,4.89,3.13,3.25,2.48,0.00,0.00,0.00,0.00,0.00,0.00,Nuevo Estadio La Victoria
1389459600,Jan 11 2014 - 5:00pm,complete,9852,Deportivo Alavés,Real Jaén CF,N/A,21,1.40,0.80,1.33,0.76,1,2,3,0,0,0,"66","67,89",6,4,3,1,2,0,1,3,1,1,14,7,9,2,5,5,21,15,57,43,0.00,0.00,0.00,0.00,3.15,65,85,60,35,20,45,95,45,85,7.73,6.20,0.00,0.00,0.00,0.00,0.00,0.00,0.00,0.00,0.00,Estadio de Mendizorroza
1389459600,Jan 11 2014 - 5:00pm,complete,19000,Deportivo La Coruña,Girona FC,N/A,21,1.60,1.00,1.57,0.95,0,0,0,0,0,0,"","",6,3,3,0,4,0,2,1,1,3,18,8,8,2,10,6,19,11,61,39,0.00,0.00,0.00,0.00,2.20,40,60,40,20,10,20,55,45,75,9.30,5.50,1.56,3.96,7.20,0.00,0.00,0.00,0.00,0.00,0.00,Estadio Municipal de Riazor (A Coruña (La Coruña))
1389460500,Jan 11 2014 - 5:15pm,complete,3030,Real Madrid II,Real Murcia,N/A,21,1.40,1.20,1.38,1.32,2,2,4,3,2,1,"24,30","21,47",15,4,4,0,4,2,3,1,3,3,17,9,8,6,9,3,13,14,60,40,0.00,0.00,0.00,0.00,2.05,50,55,35,20,15,30,70,30,45,11.50,5.80,1.96,3.53,4.21,0.00,0.00,0.00,0.00,0.00,0.00,Estadio Alfredo Di Stéfano
1389466800,Jan 11 2014 - 7:00pm,complete,4500,SD Ponferradina,UD Las Palmas,N/A,21,1.90,1.50,1.62,1.39,0,0,0,0,0,0,"","",8,2,1,0,2,0,1,0,0,2,12,4,8,2,4,2,15,9,53,47,0.00,0.00,0.00,0.00,2.60,50,75,50,25,10,35,65,45,85,8.10,6.50,2.15,3.36,3.73,0.00,0.00,0.00,0.00,0.00,0.00,Estadio El Toralín
1389524400,Jan 12 2014 - 11:00am,complete,9000,RCD Mallorca,Córdoba,N/A,21,1.80,0.60,1.43,1.35,2,2,4,1,0,1,"60,81","14,54",11,5,3,0,7,1,0,3,2,6,13,8,9,5,4,3,16,17,57,43,0.00,0.00,0.00,0.00,2.35,45,60,45,30,10,25,50,40,70,10.40,7.90,1.85,3.65,4.60,0.00,0.00,0.00,0.00,0.00,0.00,Iberostar Estadi
1389542400,Jan 12 2014 - 4:00pm,complete,2595,SD Eibar,CD Numancia,N/A,21,1.89,1.20,1.86,1.14,1,2,3,1,0,1,"58","44,47",4,3,2,0,2,0,1,1,0,2,8,11,2,6,6,5,11,9,61,39,0.00,0.00,0.00,0.00,2.16,36,47,47,26,16,16,37,47,69,8.58,5.79,2.15,3.26,3.87,0.00,0.00,0.00,0.00,0.00,0.00,Estadio Municipal de Ipurúa
1389542400,Jan 12 2014 - 4:00pm,complete,7000,Recreativo de Huelva,CE Sabadell FC,N/A,21,1.50,0.50,1.48,0.62,1,2,3,1,1,0,"15","73,84",4,9,2,1,4,0,3,0,1,3,5,6,2,2,3,4,22,16,44,56,0.00,0.00,0.00,0.00,2.70,55,85,50,25,5,25,50,65,85,13.30,5.30,1.85,3.57,4.74,0.00,0.00,0.00,0.00,0.00,0.00,Estadio Nuevo Colombino
1389542400,Jan 12 2014 - 4:00pm,complete,2519,Barcelona II,Hércules CF,N/A,21,1.30,1.20,1.81,1.00,5,0,5,2,2,0,"17,42,48,59,82","",6,3,1,0,1,0,1,0,0,1,9,8,3,3,6,5,13,13,56,44,0.00,0.00,0.00,0.00,2.75,50,80,50,30,10,50,70,50,85,12.20,5.60,2.21,3.47,3.45,0.00,0.00,0.00,0.00,0.00,0.00,Mini Estadi
1389546000,Jan 12 2014 - 5:00pm,complete,10996,CD Tenerife,Sporting Gijón,N/A,21,1.70,1.20,1.62,1.00,0,0,0,0,0,0,"","",7,7,6,1,2,0,1,6,1,1,9,17,4,7,5,10,13,18,48,52,0.00,0.00,0.00,0.00,2.35,45,70,50,25,0,25,65,50,80,12.90,6.50,2.45,3.31,3.12,0.00,0.00,0.00,0.00,0.00,0.00,Estadio Heliodoro Rodríguez Lopéz
1389546900,Jan 12 2014 - 5:15pm,complete,10000,Real Zaragoza,AD Alcorcón,N/A,21,1.50,1.20,1.33,1.19,3,1,4,2,2,0,"13,28,55","78",3,6,1,0,3,1,0,1,1,3,5,11,4,4,1,7,18,15,57,43,0.00,0.00,0.00,0.00,2.00,50,55,50,10,0,15,45,45,75,9.40,5.80,2.04,3.38,4.09,0.00,0.00,0.00,0.00,0.00,0.00,Estadio de la Romareda
1389556800,Jan 12 2014 - 8:00pm,complete,2812,Mirandés,CD Lugo,N/A,21,1.50,1.33,1.57,0.90,2,0,2,0,0,0,"49,70","",5,8,2,0,3,0,0,2,1,2,7,7,3,3,4,4,17,12,31,69,0.00,0.00,0.00,0.00,2.25,47,68,42,16,11,32,52,37,79,9.10,6.42,2.48,3.17,3.21,0.00,0.00,0.00,0.00,0.00,0.00,Estadio Municipal de Anduva
1390064400,Jan 18 2014 - 5:00pm,complete,4049,Real Madrid II,Sporting Gijón,N/A,22,1.36,1.18,1.38,1.00,1,2,3,1,0,1,"56","35,79",6,5,2,0,5,0,1,1,0,5,11,7,6,3,5,4,11,19,53,47,0.00,0.00,0.00,0.00,2.41,60,69,50,32,5,41,82,36,55,13.82,6.28,2.51,3.41,2.95,0.00,0.00,0.00,0.00,0.00,0.00,Estadio Alfredo Di Stéfano
1390064400,Jan 18 2014 - 5:00pm,complete,8726,Deportivo Alavés,Girona FC,N/A,22,1.27,1.00,1.33,0.95,1,1,2,1,1,0,"42","52",7,6,3,0,2,0,2,1,1,1,8,7,2,2,6,5,15,12,56,44,0.00,0.00,0.00,0.00,2.82,59,82,59,32,14,32,68,55,91,8.64,5.55,2.15,3.37,3.73,0.00,0.00,0.00,0.00,0.00,0.00,Estadio de Mendizorroza
1390065300,Jan 18 2014 - 5:15pm,complete,6269,Recreativo de Huelva,Real Murcia,N/A,22,1.36,1.18,1.48,1.32,0,0,0,0,0,0,"","",3,2,3,0,5,1,3,0,2,4,8,6,3,3,5,3,15,23,59,41,0.00,0.00,0.00,0.00,2.55,64,73,50,27,14,36,55,46,73,11.91,6.82,1.99,3.48,4.16,0.00,0.00,0.00,0.00,0.00,0.00,Estadio Nuevo Colombino
1390071600,Jan 18 2014 - 7:00pm,complete,7937,CD Tenerife,AD Alcorcón,N/A,22,1.64,1.09,1.62,1.19,0,4,4,2,0,2,"","15,24,67,80",8,4,3,0,4,0,2,1,2,2,7,9,0,6,7,3,11,20,56,44,0.00,0.00,0.00,0.00,1.96,37,55,41,14,0,9,50,45,78,11.72,6.09,2.08,3.28,4.10,0.00,0.00,0.00,0.00,0.00,0.00,Estadio Heliodoro Rodríguez Lopéz
1390129200,Jan 19 2014 - 11:00am,complete,22000,Deportivo La Coruña,UD Las Palmas,N/A,22,1.55,1.45,1.57,1.39,1,2,3,2,1,1,"9","14,66",16,3,4,0,3,0,3,1,2,1,11,3,5,2,6,1,16,13,45,55,0.00,0.00,0.00,0.00,2.14,46,64,41,18,9,27,60,36,69,8.45,6.37,1.91,3.43,4.65,0.00,0.00,0.00,0.00,0.00,0.00,Estadio Municipal de Riazor (A Coruña (La Coruña))
1390147200,Jan 19 2014 - 4:00pm,complete,2457,Barcelona II,Mirandés,N/A,22,1.45,0.80,1.81,0.81,1,1,2,2,1,1,"25","27",7,3,0,0,2,0,0,0,0,2,8,10,5,3,3,7,9,16,67,33,0.00,0.00,0.00,0.00,2.23,34,57,43,24,10,33,67,38,66,11.71,5.11,1.81,3.64,4.91,0.00,0.00,0.00,0.00,0.00,0.00,Mini Estadi
1390147200,Jan 19 2014 - 4:00pm,complete,7000,RCD Mallorca,CE Sabadell FC,N/A,22,1.73,0.73,1.43,0.62,4,1,5,2,2,0,"20,42,50,63","53",5,9,4,1,2,0,2,3,1,1,11,18,5,9,6,9,17,14,45,55,0.00,0.00,0.00,0.00,2.64,50,78,50,27,9,23,64,59,73,11.63,6.09,1.76,3.84,4.97,0.00,0.00,0.00,0.00,0.00,0.00,Iberostar Estadi
1390147200,Jan 19 2014 - 4:00pm,complete,2261,SD Eibar,Real Jaén CF,N/A,22,1.70,1.00,1.86,0.76,2,0,2,1,1,0,"40,76","",2,1,2,1,1,1,3,0,2,0,11,7,7,3,4,4,10,7,50,50,0.00,0.00,0.00,0.00,2.56,43,62,53,19,19,23,61,43,77,8.10,6.44,2.06,3.27,4.19,0.00,0.00,0.00,0.00,0.00,0.00,Estadio Municipal de Ipurúa
1390147200,Jan 19 2014 - 4:00pm,complete,2800,CD Numancia,CD Lugo,N/A,22,1.60,1.20,1.43,0.90,0,1,1,0,0,0,"","89",6,4,1,0,2,0,0,1,1,1,17,6,6,2,11,4,16,14,50,50,0.00,0.00,0.00,0.00,2.20,40,65,30,20,15,30,45,45,75,8.90,5.80,1.89,3.38,4.84,0.00,0.00,0.00,0.00,0.00,0.00,Nuevo Estadio Los Pajaritos
1390151700,Jan 19 2014 - 5:15pm,complete,10000,Real Zaragoza,Hércules CF,N/A,22,1.64,1.09,1.33,1.00,0,0,0,0,0,0,"","",10,4,4,0,5,0,1,3,0,5,14,6,10,3,4,3,8,15,65,35,0.00,0.00,0.00,0.00,2.86,60,78,64,37,14,46,64,60,87,10.09,6.18,1.92,3.49,4.49,0.00,0.00,0.00,0.00,0.00,0.00,Estadio de la Romareda
1390161600,Jan 19 2014 - 8:00pm,complete,3000,SD Ponferradina,Córdoba,N/A,22,1.82,0.64,1.62,1.35,0,1,1,0,0,0,"","71",6,4,2,0,2,0,0,2,1,1,11,7,3,3,8,4,11,12,59,41,0.00,0.00,0.00,0.00,2.23,41,55,41,32,5,18,46,45,78,9.64,7.00,2.14,3.38,3.75,0.00,0.00,0.00,0.00,0.00,0.00,Estadio El Toralín
1390669200,Jan 25 2014 - 5:00pm,complete,4820,Mirandés,Real Zaragoza,N/A,23,1.64,1.40,1.57,1.19,0,1,1,0,0,0,"","66",6,5,2,0,2,1,0,2,0,3,13,14,5,5,8,9,16,15,57,43,0.00,0.00,0.00,0.00,2.68,58,76,48,24,20,34,53,53,96,11.10,6.29,2.66,3.19,2.94,0.00,0.00,0.00,0.00,0.00,0.00,Estadio Municipal de Anduva
1390669200,Jan 25 2014 - 5:00pm,complete,3276,Girona FC,SD Eibar,N/A,23,1.20,1.36,1.48,1.52,1,1,2,0,0,0,"64","62",8,9,1,0,2,0,1,0,0,2,16,11,7,5,9,6,12,16,46,54,0.00,0.00,0.00,0.00,2.40,63,82,43,20,5,19,58,53,91,11.75,5.77,2.53,3.10,3.20,0.00,0.00,0.00,0.00,0.00,0.00,Estadi Municipal de Montilivi
1390670100,Jan 25 2014 - 5:15pm,complete,16536,Córdoba,Deportivo La Coruña,N/A,23,2.30,1.90,1.57,1.71,0,1,1,0,0,0,"","88",6,5,2,0,3,0,0,2,0,3,7,9,4,7,3,2,14,14,49,51,0.00,0.00,0.00,0.00,2.10,30,60,30,15,5,15,55,45,75,10.40,5.10,2.31,3.20,3.51,0.00,0.00,0.00,0.00,0.00,0.00,Estadio Nuevo Arcángel
1390676400,Jan 25 2014 - 7:00pm,complete,3000,CD Lugo,Barcelona II,N/A,23,1.36,1.10,1.67,1.33,1,0,1,0,0,0,"61","",5,6,1,1,1,0,0,2,1,0,13,7,6,2,7,5,9,6,36,64,0.00,0.00,0.00,0.00,2.78,63,72,68,34,10,28,63,53,87,10.85,5.18,2.20,3.42,3.51,0.00,0.00,0.00,0.00,0.00,0.00,Estadio Anxo Carro
1390676400,Jan 25 2014 - 7:00pm,complete,10075,UD Las Palmas,Deportivo Alavés,N/A,23,1.50,0.80,1.70,1.10,0,2,2,1,0,1,"","12,72",6,2,2,1,4,1,1,2,2,3,15,3,6,0,9,3,12,23,57,43,0.00,0.00,0.00,0.00,2.20,45,65,35,20,5,10,55,40,85,9.40,5.70,1.80,3.55,5.18,0.00,0.00,0.00,0.00,0.00,0.00,Estadio de Gran Canaria
1390734000,Jan 26 2014 - 11:00am,complete,13256,Sporting Gijón,Recreativo de Huelva,N/A,23,2.00,1.70,1.91,1.43,0,0,0,0,0,0,"","",5,2,2,0,3,0,0,2,1,2,12,9,5,3,7,6,18,19,50,50,0.00,0.00,0.00,0.00,3.60,70,95,75,50,35,40,90,60,90,8.40,8.60,1.82,3.70,4.73,0.00,0.00,0.00,0.00,0.00,0.00,Estadio Municipal El Molinón
1390752000,Jan 26 2014 - 4:00pm,complete,4287,CE Sabadell FC,SD Ponferradina,N/A,23,2.20,0.80,2.19,0.81,1,1,2,2,1,1,"28","44",11,0,3,0,4,1,1,2,0,5,10,3,2,2,8,1,13,12,67,33,0.00,0.00,0.00,0.00,2.55,50,70,55,30,5,35,65,45,90,9.40,6.60,2.46,3.29,3.13,0.00,0.00,0.00,0.00,0.00,0.00,Estadi de la Nova Creu Alta
1390752000,Jan 26 2014 - 4:00pm,complete,5000,Real Jaén CF,CD Numancia,N/A,23,1.70,1.36,1.52,1.14,0,0,0,0,0,0,"","",5,3,4,0,3,0,1,3,3,0,8,5,3,2,5,3,20,12,48,52,0.00,0.00,0.00,0.00,2.24,53,58,58,24,10,24,53,48,72,7.63,5.42,2.43,3.15,3.32,0.00,0.00,0.00,0.00,0.00,0.00,Nuevo Estadio La Victoria
1390755600,Jan 26 2014 - 5:00pm,complete,7000,Hércules CF,CD Tenerife,N/A,23,1.50,0.90,1.14,0.95,2,3,5,3,1,2,"44,46","3,6,81",3,7,3,1,5,0,1,3,0,5,9,10,4,2,5,8,14,19,59,41,0.00,0.00,0.00,0.00,2.10,40,60,45,15,0,25,45,40,70,10.20,6.20,2.22,3.25,3.68,0.00,0.00,0.00,0.00,0.00,0.00,Estadio José Rico Pérez
1390756500,Jan 26 2014 - 5:15pm,complete,2000,AD Alcorcón,Real Madrid II,N/A,23,1.30,0.60,1.62,0.95,0,2,2,0,0,0,"","57,80",3,3,5,0,2,0,1,4,1,1,9,5,2,3,7,2,13,18,58,42,0.00,0.00,0.00,0.00,1.95,15,55,25,15,10,20,60,25,65,11.70,6.50,2.10,3.39,3.86,0.00,0.00,0.00,0.00,0.00,0.00,Estadio Santo Domingo
1390766400,Jan 26 2014 - 8:00pm,complete,6000,Real Murcia,RCD Mallorca,N/A,23,1.50,1.10,1.68,1.00,2,2,4,2,1,1,"16,74","29,80",6,3,1,0,2,0,0,1,1,1,5,10,3,6,2,4,11,16,48,52,0.00,0.00,0.00,0.00,3.05,70,80,75,45,5,40,70,60,90,11.70,6.80,2.46,3.33,3.08,0.00,0.00,0.00,0.00,0.00,0.00,Estadio Nueva Condomina
1391274900,Feb 01 2014 - 5:15pm,complete,3234,Real Madrid II,Hércules CF,N/A,24,1.25,1.08,1.38,1.00,4,0,4,2,2,0,"21,40,50,89","",8,6,0,0,2,0,0,0,1,1,6,7,2,6,4,1,18,11,53,47,0.00,0.00,0.00,0.00,2.80,58,75,54,38,17,46,84,46,67,13.00,6.08,2.06,3.43,3.94,0.00,0.00,0.00,0.00,0.00,0.00,Estadio Alfredo Di Stéfano
1391281200,Feb 01 2014 - 7:00pm,complete,16000,Deportivo La Coruña,CE Sabadell FC,N/A,24,1.42,0.67,1.57,0.62,2,1,3,0,0,0,"55,83","86",8,3,2,1,4,1,2,1,3,2,11,9,3,3,8,6,11,21,55,45,0.00,0.00,0.00,0.00,2.30,46,67,42,21,8,21,58,54,71,11.75,5.17,1.67,3.72,6.19,0.00,0.00,0.00,0.00,0.00,0.00,Estadio Municipal de Riazor (A Coruña (La Coruña))
1391281200,Feb 01 2014 - 7:00pm,complete,2340,SD Eibar,UD Las Palmas,N/A,24,1.82,1.58,1.86,1.39,1,0,1,1,1,0,"30","",7,3,4,0,3,0,0,4,1,2,7,10,3,6,4,4,14,3,50,50,0.00,0.00,0.00,0.00,2.39,43,69,52,18,13,26,56,39,83,7.70,6.58,2.50,3.17,3.17,0.00,0.00,0.00,0.00,0.00,0.00,Estadio Municipal de Ipurúa
1391284800,Feb 01 2014 - 8:00pm,complete,3000,SD Ponferradina,Real Murcia,N/A,24,1.67,1.17,1.62,1.32,2,0,2,1,1,0,"4,85","",5,3,3,0,3,1,1,2,1,3,9,13,4,7,5,6,16,13,52,48,0.00,0.00,0.00,0.00,2.05,42,50,33,25,13,29,50,34,63,8.91,6.34,1.99,3.34,4.38,0.00,0.00,0.00,0.00,0.00,0.00,Estadio El Toralín
1391338800,Feb 02 2014 - 11:00am,complete,9000,RCD Mallorca,Sporting Gijón,N/A,24,1.83,1.33,1.43,1.00,1,3,4,1,0,1,"89","43,54,89",7,4,1,0,4,0,0,1,1,3,14,4,5,3,9,1,11,20,54,46,0.00,0.00,0.00,0.00,2.75,63,75,58,38,13,42,75,50,67,11.75,7.50,2.19,3.42,3.55,0.00,0.00,0.00,0.00,0.00,0.00,Iberostar Estadi
1391356800,Feb 02 2014 - 4:00pm,complete,10000,Real Zaragoza,Barcelona II,N/A,24,1.58,1.00,1.33,1.33,0,2,2,1,0,1,"","6,58",5,7,2,0,2,0,2,0,0,2,8,11,5,6,3,5,11,10,33,67,0.00,0.00,0.00,0.00,2.50,57,66,66,27,5,22,53,57,88,9.97,5.74,2.00,3.46,4.14,0.00,0.00,0.00,0.00,0.00,0.00,Estadio de la Romareda
1391356800,Feb 02 2014 - 4:00pm,complete,9516,Deportivo Alavés,Córdoba,N/A,24,1.25,0.83,1.33,1.35,1,1,2,2,1,1,"36","23",11,2,1,0,4,0,0,1,1,3,19,4,11,3,8,1,13,20,64,36,0.00,0.00,0.00,0.00,2.71,63,75,55,38,9,25,63,50,92,9.33,6.91,2.16,3.27,3.82,0.00,0.00,0.00,0.00,0.00,0.00,Estadio de Mendizorroza
1391356800,Feb 02 2014 - 4:00pm,complete,2700,CD Numancia,Girona FC,N/A,24,1.45,1.00,1.43,0.95,0,0,0,0,0,0,"","",9,3,1,0,1,0,0,1,0,1,20,7,10,0,10,7,17,15,54,46,0.00,0.00,0.00,0.00,2.22,44,66,35,22,13,22,48,44,83,9.70,5.37,2.04,3.28,4.24,0.00,0.00,0.00,0.00,0.00,0.00,Nuevo Estadio Los Pajaritos
1391356800,Feb 02 2014 - 4:00pm,complete,7500,Real Jaén CF,CD Lugo,N/A,24,1.64,1.36,1.52,0.90,0,0,0,0,0,0,"","",9,2,0,0,0,0,0,0,0,0,9,7,3,4,6,3,7,11,55,45,0.00,0.00,0.00,0.00,2.00,36,55,41,14,9,27,46,36,73,7.55,5.82,2.24,3.18,3.71,0.00,0.00,0.00,0.00,0.00,0.00,Nuevo Estadio La Victoria
1391360400,Feb 02 2014 - 5:00pm,complete,9632,CD Tenerife,Mirandés,N/A,24,1.50,0.82,1.62,0.81,3,0,3,1,1,0,"35,72,75","",7,5,2,0,2,0,1,1,1,1,11,12,6,4,5,8,4,15,53,47,0.00,0.00,0.00,0.00,2.00,31,52,39,22,5,18,62,39,64,12.12,6.17,1.85,3.40,5.14,0.00,0.00,0.00,0.00,0.00,0.00,Estadio Heliodoro Rodríguez Lopéz
1391361300,Feb 02 2014 - 5:15pm,complete,6273,Recreativo de Huelva,AD Alcorcón,N/A,24,1.33,1.25,1.48,1.19,2,1,3,1,1,0,"43,89","88",2,6,3,1,2,0,2,2,1,1,5,11,3,4,2,7,17,12,44,56,0.00,0.00,0.00,0.00,2.50,59,71,54,25,4,29,54,54,79,11.83,6.16,2.43,3.24,3.22,0.00,0.00,0.00,0.00,0.00,0.00,Estadio Nuevo Colombino
1391878800,Feb 08 2014 - 5:00pm,complete,3395,CE Sabadell FC,Deportivo Alavés,N/A,25,2.09,1.00,2.19,1.10,0,4,4,2,0,2,"","1,12,69,83",3,2,1,2,3,0,1,2,0,3,8,5,5,4,3,1,11,18,46,54,0.00,0.00,0.00,0.00,2.60,50,78,55,23,9,32,64,50,87,8.09,5.82,2.32,3.26,3.42,0.00,0.00,0.00,0.00,0.00,0.00,Estadi de la Nova Creu Alta
1391879700,Feb 08 2014 - 5:15pm,complete,3268,CD Lugo,Real Zaragoza,N/A,25,1.50,1.55,1.67,1.19,1,0,1,0,0,0,"59","",3,5,2,0,1,0,0,2,1,0,7,4,2,2,5,2,11,11,59,41,0.00,0.00,0.00,0.00,2.53,53,61,48,26,18,35,48,44,88,11.42,5.35,2.56,3.14,3.12,0.00,0.00,0.00,0.00,0.00,0.00,Estadio Anxo Carro
1391882400,Feb 08 2014 - 6:00pm,complete,8380,UD Las Palmas,CD Numancia,N/A,25,1.36,1.33,1.70,1.14,0,0,0,0,0,0,"","",7,7,1,2,3,1,1,2,1,3,16,7,7,2,9,5,13,20,61,39,0.00,0.00,0.00,0.00,1.91,39,53,34,22,4,9,49,39,70,10.11,6.01,2.09,3.35,3.97,0.00,0.00,0.00,0.00,0.00,0.00,Estadio de Gran Canaria
1391886000,Feb 08 2014 - 7:00pm,complete,4983,Girona FC,Real Jaén CF,N/A,25,1.18,0.92,1.48,0.76,1,1,2,1,1,0,"40","62",5,4,3,0,1,0,1,2,1,0,9,7,3,4,6,3,15,13,49,51,0.00,0.00,0.00,0.00,2.70,66,83,48,22,9,26,69,53,88,9.54,5.86,2.17,3.29,3.75,0.00,0.00,0.00,0.00,0.00,0.00,Estadi Municipal de Montilivi
1391943600,Feb 09 2014 - 11:00am,complete,8000,Hércules CF,Recreativo de Huelva,N/A,25,1.36,1.64,1.14,1.43,1,2,3,0,0,0,"65","50,53",2,5,1,1,2,0,1,1,0,2,6,9,2,3,4,6,11,21,41,59,0.00,0.00,0.00,0.00,2.77,55,78,59,27,18,32,78,50,73,9.09,8.00,2.57,3.26,2.99,0.00,0.00,0.00,0.00,0.00,0.00,Estadio José Rico Pérez
1391961600,Feb 09 2014 - 4:00pm,complete,3855,Barcelona II,CD Tenerife,N/A,25,1.42,1.09,1.81,0.95,2,0,2,1,1,0,"26,74","",5,4,1,0,3,0,0,1,1,2,8,12,4,5,4,7,8,12,63,37,0.00,0.00,0.00,0.00,2.44,39,70,49,22,9,39,52,49,79,10.92,4.75,2.10,3.46,3.77,0.00,0.00,0.00,0.00,0.00,0.00,Mini Estadi
1391961600,Feb 09 2014 - 4:00pm,complete,3427,Mirandés,Real Madrid II,N/A,25,1.50,0.82,1.57,0.95,2,1,3,0,0,0,"51,83","48",7,3,3,0,2,0,1,2,1,1,8,11,4,6,4,5,15,13,54,46,0.00,0.00,0.00,0.00,2.39,34,74,35,18,13,31,62,35,83,11.00,6.27,2.50,3.33,3.03,0.00,0.00,0.00,0.00,0.00,0.00,Estadio Municipal de Anduva
1391961600,Feb 09 2014 - 4:00pm,complete,18353,Sporting Gijón,SD Ponferradina,N/A,25,1.91,0.82,1.91,0.81,1,1,2,1,0,1,"83","6",13,3,3,0,5,1,1,2,2,4,17,4,6,2,11,2,19,15,68,32,0.00,0.00,0.00,0.00,2.82,64,78,50,41,18,41,73,36,82,9.54,7.37,1.74,3.76,5.26,0.00,0.00,0.00,0.00,0.00,0.00,Estadio Municipal El Molinón
1391961600,Feb 09 2014 - 4:00pm,complete,6000,Córdoba,SD Eibar,N/A,25,2.09,1.33,1.57,1.52,0,2,2,1,0,1,"","42,81",6,4,3,0,2,0,1,2,1,1,4,7,3,3,1,4,19,14,49,51,0.00,0.00,0.00,0.00,2.27,48,70,35,18,9,18,57,44,87,11.74,5.62,2.08,3.25,4.15,0.00,0.00,0.00,0.00,0.00,0.00,Estadio Nuevo Arcángel
1391966100,Feb 09 2014 - 5:15pm,complete,7004,Real Murcia,Deportivo La Coruña,N/A,25,1.45,2.00,1.68,1.71,1,0,1,1,1,0,"41","",5,9,2,0,4,0,0,2,0,4,7,13,2,7,5,6,16,12,36,64,0.00,0.00,0.00,0.00,2.41,50,68,50,23,5,27,55,50,73,11.91,5.46,3.18,3.13,2.52,0.00,0.00,0.00,0.00,0.00,0.00,Estadio Nueva Condomina
1391976000,Feb 09 2014 - 8:00pm,complete,1383,AD Alcorcón,RCD Mallorca,N/A,25,1.18,1.09,1.62,1.00,1,1,2,1,1,0,"9","50",6,5,5,1,2,0,1,5,1,1,10,8,4,2,6,6,19,16,49,51,0.00,0.00,0.00,0.00,2.23,32,59,46,32,0,23,55,50,82,10.27,6.91,2.42,3.19,3.30,0.00,0.00,0.00,0.00,0.00,0.00,Estadio Santo Domingo
1392483600,Feb 15 2014 - 5:00pm,complete,7180,CD Tenerife,Real Zaragoza,N/A,26,1.62,1.42,1.62,1.19,1,1,2,1,1,0,"22","84",10,2,0,0,2,0,0,0,0,2,11,8,5,2,6,6,9,9,47,53,0.00,0.00,0.00,0.00,2.33,33,60,44,20,13,21,48,52,93,12.46,6.00,2.50,3.17,3.17,0.00,0.00,0.00,0.00,0.00,0.00,Estadio Heliodoro Rodríguez Lopéz
1392483600,Feb 15 2014 - 5:00pm,complete,4036,Real Madrid II,Barcelona II,N/A,26,1.38,1.17,1.38,1.33,3,1,4,3,2,1,"37,43,58","35",2,4,4,2,4,0,0,6,1,3,11,12,6,5,5,7,23,10,36,64,0.00,0.00,0.00,0.00,2.69,56,72,61,32,8,28,80,48,77,12.75,5.13,2.31,3.46,3.24,0.00,0.00,0.00,0.00,0.00,0.00,Estadio Alfredo Di Stéfano
1392483600,Feb 15 2014 - 5:00pm,complete,2716,SD Eibar,CE Sabadell FC,N/A,26,1.92,0.62,1.86,0.62,1,0,1,0,0,0,"58","",4,6,3,0,2,0,0,3,1,1,14,11,9,3,5,8,13,8,51,49,0.00,0.00,0.00,0.00,2.43,40,68,48,20,13,12,52,60,80,10.13,5.62,1.82,3.45,5.24,0.00,0.00,0.00,0.00,0.00,0.00,Estadio Municipal de Ipurúa
1392484500,Feb 15 2014 - 5:15pm,complete,8000,RCD Mallorca,Hércules CF,N/A,26,1.69,1.00,1.43,1.00,0,1,1,1,0,1,"","28",6,7,3,0,1,0,1,2,0,1,20,15,9,8,11,7,11,8,58,42,0.00,0.00,0.00,0.00,3.16,58,81,62,50,23,50,77,58,77,11.31,6.92,1.89,3.46,4.69,0.00,0.00,0.00,0.00,0.00,0.00,Iberostar Estadi
1392490800,Feb 15 2014 - 7:00pm,complete,7000,Real Jaén CF,UD Las Palmas,N/A,26,1.58,1.46,1.52,1.39,3,0,3,2,2,0,"15,27,75","",3,10,2,0,1,0,0,2,0,1,5,16,3,6,2,10,19,5,40,60,0.00,0.00,0.00,0.00,2.15,48,64,52,16,8,32,60,32,72,7.65,6.12,2.82,3.11,2.82,0.00,0.00,0.00,0.00,0.00,0.00,Nuevo Estadio La Victoria
1392548400,Feb 16 2014 - 11:00am,complete,31000,Deportivo La Coruña,Sporting Gijón,N/A,26,1.54,1.46,1.57,1.00,1,1,2,1,0,1,"90'5","26",7,5,2,0,4,0,1,1,1,3,8,6,4,0,4,6,11,22,65,35,0.00,0.00,0.00,0.00,2.31,58,66,50,27,4,31,66,46,66,11.69,6.54,0.00,0.00,0.00,0.00,0.00,0.00,0.00,0.00,0.00,Estadio Municipal de Riazor (A Coruña (La Coruña))
1392566400,Feb 16 2014 - 4:00pm,complete,6000,SD Ponferradina,AD Alcorcón,N/A,26,1.77,1.15,1.62,1.19,0,2,2,1,0,1,"","9,88",5,3,2,1,4,0,0,3,2,2,15,7,7,4,8,3,15,23,55,45,0.00,0.00,0.00,0.00,2.23,43,58,43,23,4,23,58,46,77,9.54,5.46,2.26,3.13,3.72,0.00,0.00,0.00,0.00,0.00,0.00,Estadio El Toralín
1392566400,Feb 16 2014 - 4:00pm,complete,6185,Girona FC,CD Lugo,N/A,26,1.17,1.33,1.48,0.90,6,0,6,2,2,0,"30,40,58,62,74,78","",7,1,2,0,3,0,1,1,1,2,9,7,4,3,5,4,17,7,40,60,0.00,0.00,0.00,0.00,2.17,54,71,34,17,4,21,46,50,84,9.67,5.25,2.56,3.07,3.18,0.00,0.00,0.00,0.00,0.00,0.00,Estadi Municipal de Montilivi
1392566400,Feb 16 2014 - 4:00pm,complete,9836,Deportivo Alavés,Real Murcia,N/A,26,1.23,1.08,1.33,1.32,0,1,1,1,0,1,"","33",7,2,5,0,3,1,1,4,2,2,16,9,8,4,8,5,14,18,69,31,0.00,0.00,0.00,0.00,2.58,66,77,47,31,15,39,73,39,73,9.00,6.38,2.28,3.21,3.58,0.00,0.00,0.00,0.00,0.00,0.00,Estadio de Mendizorroza
1392570900,Feb 16 2014 - 5:15pm,complete,6990,Recreativo de Huelva,Mirandés,N/A,26,1.46,0.75,1.48,0.81,1,0,1,1,1,0,"28","",5,4,0,0,0,0,0,0,0,0,6,10,3,6,3,4,10,20,49,51,0.00,0.00,0.00,0.00,2.43,56,68,52,24,8,28,65,48,68,11.81,6.15,2.09,3.26,4.07,0.00,0.00,0.00,0.00,0.00,0.00,Estadio Nuevo Colombino
1392580800,Feb 16 2014 - 8:00pm,complete,3000,CD Numancia,Córdoba,N/A,26,1.42,0.85,1.43,1.35,3,0,3,0,0,0,"50,64,85","",7,4,2,0,3,0,1,1,1,2,15,4,7,4,8,0,15,20,55,45,0.00,0.00,0.00,0.00,2.08,44,56,32,28,9,20,40,40,76,10.13,6.64,2.15,3.23,3.91,0.00,0.00,0.00,0.00,0.00,0.00,Nuevo Estadio Los Pajaritos
1393088400,Feb 22 2014 - 5:00pm,complete,3377,Barcelona II,Recreativo de Huelva,N/A,27,1.54,1.75,1.81,1.43,0,1,1,1,0,1,"","18",10,2,2,0,4,0,0,2,1,3,12,5,10,3,2,2,14,17,64,36,0.00,0.00,0.00,0.00,2.82,49,85,57,24,17,36,76,53,80,9.86,6.02,2.21,3.52,3.40,0.00,0.00,0.00,0.00,0.00,0.00,Mini Estadi
1393088400,Feb 22 2014 - 5:00pm,complete,18317,Sporting Gijón,Deportivo Alavés,N/A,27,1.83,1.17,1.91,1.10,2,0,2,0,0,0,"57,89","",2,5,1,0,1,0,1,0,0,1,6,15,3,7,3,8,17,11,52,48,0.00,0.00,0.00,0.00,2.92,59,83,54,38,21,34,71,46,88,8.67,6.42,0.00,0.00,0.00,0.00,0.00,0.00,0.00,0.00,0.00,Estadio Municipal El Molinón
1393089300,Feb 22 2014 - 5:15pm,complete,3788,Mirandés,RCD Mallorca,N/A,27,1.62,1.08,1.57,1.00,0,0,0,0,0,0,"","",8,4,3,0,3,0,0,3,1,2,17,7,8,3,9,4,22,18,47,53,0.00,0.00,0.00,0.00,2.65,56,76,57,33,4,33,61,52,96,10.25,6.50,2.69,3.24,2.86,0.00,0.00,0.00,0.00,0.00,0.00,Estadio Municipal de Anduva
1393095600,Feb 22 2014 - 7:00pm,complete,6697,UD Las Palmas,Girona FC,N/A,27,1.33,1.00,1.70,0.95,2,1,3,0,0,0,"74,88","70",3,4,3,0,3,0,0,3,1,2,11,7,6,4,5,3,11,20,50,50,0.00,0.00,0.00,0.00,1.84,32,56,28,16,4,8,48,32,76,10.65,6.02,2.02,3.37,4.18,0.00,0.00,0.00,0.00,0.00,0.00,Estadio de Gran Canaria
1393153200,Feb 23 2014 - 11:00am,complete,5000,AD Alcorcón,Deportivo La Coruña,N/A,27,1.17,1.83,1.62,1.71,1,2,3,2,1,1,"13","11,90'1",4,2,4,0,6,0,1,3,3,3,4,7,4,4,0,3,22,15,45,55,0.00,0.00,0.00,0.00,1.50,13,46,17,4,0,4,42,33,63,11.09,6.33,2.37,3.16,3.44,0.00,0.00,0.00,0.00,0.00,0.00,Estadio Santo Domingo
1393167600,Feb 23 2014 - 3:00pm,complete,3575,CE Sabadell FC,CD Numancia,N/A,27,1.92,1.31,2.19,1.14,0,0,0,0,0,0,"","",7,6,3,0,2,0,1,2,0,2,12,10,6,6,6,4,19,14,55,45,0.00,0.00,0.00,0.00,2.30,44,61,57,28,8,33,53,52,69,9.00,6.17,2.73,3.13,2.90,0.00,0.00,0.00,0.00,0.00,0.00,Estadi de la Nova Creu Alta
1393171200,Feb 23 2014 - 4:00pm,complete,8000,Hércules CF,SD Ponferradina,N/A,27,1.25,0.83,1.14,0.81,1,0,1,0,0,0,"80","",6,6,3,0,3,0,2,1,0,3,12,12,10,9,2,3,13,18,53,47,0.00,0.00,0.00,0.00,2.33,59,71,42,21,4,33,67,34,75,9.92,7.25,2.10,3.26,4.05,0.00,0.00,0.00,0.00,0.00,0.00,Estadio José Rico Pérez
1393171200,Feb 23 2014 - 4:00pm,complete,13000,Córdoba,Real Jaén CF,N/A,27,1.92,0.92,1.57,0.76,0,0,0,0,0,0,"","",3,4,2,1,1,0,2,1,0,1,6,8,2,6,4,2,14,13,44,56,0.00,0.00,0.00,0.00,2.56,48,72,40,20,12,24,76,37,85,9.17,5.81,2.06,3.28,4.15,0.00,0.00,0.00,0.00,0.00,0.00,Estadio Nuevo Arcángel
1393174800,Feb 23 2014 - 5:00pm,complete,3000,CD Lugo,CD Tenerife,N/A,27,1.62,1.00,1.67,0.95,1,3,4,2,1,1,"37","5,52,89",3,3,5,0,5,0,2,3,1,4,8,6,6,4,2,2,16,12,53,47,0.00,0.00,0.00,0.00,2.33,44,61,48,24,8,28,44,41,80,10.16,5.15,2.21,3.18,3.78,0.00,0.00,0.00,0.00,0.00,0.00,Estadio Anxo Carro
1393175700,Feb 23 2014 - 5:15pm,complete,11000,Real Zaragoza,Real Madrid II,N/A,27,1.46,0.75,1.33,0.95,0,2,2,1,0,1,"","17,80",6,6,3,0,4,1,2,1,2,3,11,7,5,4,6,3,9,17,63,37,0.00,0.00,0.00,0.00,2.29,36,69,44,16,9,28,57,40,76,10.21,6.02,2.13,3.36,3.81,0.00,0.00,0.00,0.00,0.00,0.00,Estadio de la Romareda
1393185600,Feb 23 2014 - 8:00pm,complete,9871,Real Murcia,SD Eibar,N/A,27,1.58,1.46,1.68,1.52,0,0,0,0,0,0,"","",8,6,1,0,4,0,0,1,0,4,10,10,3,3,7,7,19,12,47,53,0.00,0.00,0.00,0.00,2.58,65,80,53,25,8,29,65,48,80,12.86,5.83,2.41,3.16,3.36,0.00,0.00,0.00,0.00,0.00,0.00,Estadio Nueva Condomina
1393693200,Mar 01 2014 - 5:00pm,complete,7823,Deportivo Alavés,AD Alcorcón,N/A,28,1.14,1.29,1.33,1.19,1,0,1,0,0,0,"49","",3,3,2,0,4,0,1,1,3,1,8,11,0,6,8,5,14,20,56,44,0.00,0.00,0.00,0.00,2.68,65,79,54,29,7,32,79,50,83,9.72,5.71,2.65,3.20,2.94,0.00,0.00,0.00,0.00,0.00,0.00,Estadio de Mendizorroza
1393694100,Mar 01 2014 - 5:15pm,complete,7000,Recreativo de Huelva,Real Zaragoza,N/A,28,1.57,1.38,1.48,1.19,2,2,4,2,1,1,"11,89","34,76",3,5,3,0,5,0,1,2,2,3,7,6,5,4,2,2,10,17,60,40,0.00,0.00,0.00,0.00,2.59,59,71,48,22,15,30,52,52,90,11.78,5.85,2.24,3.34,3.52,0.00,0.00,0.00,0.00,0.00,0.00,Estadio Nuevo Colombino
1393700400,Mar 01 2014 - 7:00pm,complete,3030,Real Madrid II,CD Tenerife,N/A,28,1.50,1.15,1.38,0.95,2,2,4,1,0,1,"57,71","3,81",2,9,4,0,2,0,1,3,1,1,12,7,8,2,4,5,9,17,58,42,0.00,0.00,0.00,0.00,2.59,52,70,56,34,8,37,70,45,71,11.57,5.79,2.07,3.46,3.86,0.00,0.00,0.00,0.00,0.00,0.00,Estadio Alfredo Di Stéfano
1393700400,Mar 01 2014 - 7:00pm,complete,7400,RCD Mallorca,Barcelona II,N/A,28,1.57,1.08,1.43,1.33,1,2,3,2,0,2,"87","11,20",5,6,1,2,1,0,3,0,0,1,10,14,5,7,5,7,12,4,27,73,0.00,0.00,0.00,0.00,2.93,60,74,63,41,15,30,74,52,82,10.90,6.35,2.00,3.54,4.03,0.00,0.00,0.00,0.00,0.00,0.00,Iberostar Estadi
1393758000,Mar 02 2014 - 11:00am,complete,4292,SD Eibar,Sporting Gijón,N/A,28,2.00,1.43,1.86,1.00,3,0,3,1,1,0,"41,53,58","",4,1,3,0,3,2,1,2,2,3,11,3,2,0,9,3,14,15,63,37,0.00,0.00,0.00,0.00,2.33,47,63,48,26,8,22,63,44,74,10.05,6.79,2.53,3.24,3.07,0.00,0.00,0.00,0.00,0.00,0.00,Estadio Municipal de Ipurúa
1393776000,Mar 02 2014 - 4:00pm,complete,5000,Real Jaén CF,CE Sabadell FC,N/A,28,1.69,0.57,1.52,0.62,0,1,1,0,0,0,"","73",3,6,3,0,3,0,0,3,1,2,10,12,4,6,6,6,13,15,44,56,0.00,0.00,0.00,0.00,2.29,44,67,52,18,8,23,52,51,78,9.81,5.03,1.94,3.42,4.49,0.00,0.00,0.00,0.00,0.00,0.00,Nuevo Estadio La Victoria
1393776000,Mar 02 2014 - 4:00pm,complete,6185,Girona FC,Córdoba,N/A,28,1.31,0.79,1.48,1.35,0,1,1,0,0,0,"","66",5,5,3,0,7,1,2,1,2,6,12,10,4,4,8,6,16,22,54,46,0.00,0.00,0.00,0.00,2.50,60,75,45,30,4,19,49,56,90,10.67,6.59,2.32,3.28,3.41,0.00,0.00,0.00,0.00,0.00,0.00,Estadi Municipal de Montilivi
1393776000,Mar 02 2014 - 4:00pm,complete,7092,UD Las Palmas,CD Lugo,N/A,28,1.46,1.23,1.70,0.90,0,0,0,0,0,0,"","",4,1,1,0,1,0,0,1,0,1,17,6,7,4,10,2,9,14,56,44,0.00,0.00,0.00,0.00,1.93,27,54,27,15,8,16,42,35,73,9.41,6.08,1.96,3.37,4.49,0.00,0.00,0.00,0.00,0.00,0.00,Estadio de Gran Canaria
1393780500,Mar 02 2014 - 5:15pm,complete,14000,Deportivo La Coruña,Hércules CF,N/A,28,1.50,1.14,1.57,1.00,3,2,5,2,2,0,"3,19,85","50,69",3,5,2,1,0,0,0,3,0,0,2,10,0,4,2,6,15,11,38,62,0.00,0.00,0.00,0.00,2.54,50,68,47,32,14,39,68,47,72,11.50,5.92,1.81,3.58,5.04,0.00,0.00,0.00,0.00,0.00,0.00,Estadio Municipal de Riazor (A Coruña (La Coruña))
1393783200,Mar 02 2014 - 6:00pm,complete,5000,SD Ponferradina,Mirandés,N/A,28,1.64,0.69,1.62,0.81,1,1,2,0,0,0,"76","82",8,4,3,0,1,0,2,1,0,1,12,13,7,5,5,8,10,10,52,48,0.00,0.00,0.00,0.00,2.07,34,52,34,22,8,22,67,34,63,9.74,5.34,2.13,3.27,3.92,0.00,0.00,0.00,0.00,0.00,0.00,Estadio El Toralín
1393790400,Mar 02 2014 - 8:00pm,complete,1900,CD Numancia,Real Murcia,N/A,28,1.54,1.21,1.43,1.32,1,0,1,0,0,0,"48","",6,0,4,0,5,0,0,4,1,4,11,11,5,5,6,6,8,17,56,44,0.00,0.00,0.00,0.00,2.01,41,56,30,22,15,26,48,34,64,9.49,6.24,2.08,3.25,4.14,0.00,0.00,0.00,0.00,0.00,0.00,Nuevo Estadio Los Pajaritos
1394298000,Mar 08 2014 - 5:00pm,complete,3000,AD Alcorcón,SD Eibar,N/A,29,1.08,1.43,1.62,1.52,0,0,0,0,0,0,"","",10,3,5,0,1,0,1,4,1,0,13,8,6,3,7,5,16,14,55,45,0.00,0.00,0.00,0.00,1.78,33,63,26,8,4,11,48,34,74,11.71,6.76,2.46,3.17,3.24,0.00,0.00,0.00,0.00,0.00,0.00,Estadio Santo Domingo
1394298900,Mar 08 2014 - 5:15pm,complete,5412,Mirandés,Deportivo La Coruña,N/A,29,1.57,1.92,1.57,1.71,1,0,1,0,0,0,"78","",6,3,6,0,5,0,1,5,1,4,15,8,10,4,5,4,20,10,58,42,0.00,0.00,0.00,0.00,1.92,33,59,33,7,4,18,45,37,74,10.90,6.00,3.30,3.17,2.43,0.00,0.00,0.00,0.00,0.00,0.00,Estadio Municipal de Anduva
1394305200,Mar 08 2014 - 7:00pm,complete,4541,CE Sabadell FC,Girona FC,N/A,29,1.85,0.93,2.19,0.95,4,0,4,1,1,0,"44,52,67,72","",2,6,3,1,1,1,2,2,1,1,7,14,4,5,3,9,19,6,34,66,0.00,0.00,0.00,0.00,2.31,41,67,53,23,8,30,53,49,78,9.37,6.02,2.38,3.26,3.29,0.00,0.00,0.00,0.00,0.00,0.00,Estadi de la Nova Creu Alta
1394305200,Mar 08 2014 - 7:00pm,complete,9000,Córdoba,UD Las Palmas,N/A,29,1.85,1.36,1.57,1.39,0,1,1,1,0,1,"","38",9,5,2,0,6,1,0,2,2,5,7,9,4,6,3,3,18,12,51,49,0.00,0.00,0.00,0.00,2.33,44,71,44,19,8,29,67,34,82,9.40,6.05,2.32,3.24,3.44,0.00,0.00,0.00,0.00,0.00,0.00,Estadio Nuevo Arcángel
1394362800,Mar 09 2014 - 11:00am,complete,10000,Real Zaragoza,RCD Mallorca,N/A,29,1.36,1.08,1.33,1.00,1,1,2,2,1,1,"12","5",13,6,1,0,2,0,0,1,0,2,10,6,3,3,7,3,8,17,55,45,0.00,0.00,0.00,0.00,2.38,49,67,56,30,0,30,60,49,86,9.58,6.32,2.24,3.40,3.45,0.00,0.00,0.00,0.00,0.00,0.00,Estadio de la Romareda
1394380800,Mar 09 2014 - 4:00pm,complete,3569,Barcelona II,SD Ponferradina,N/A,29,1.43,0.77,1.81,0.81,1,0,1,0,0,0,"90'2","",4,2,2,0,6,0,0,2,2,4,14,7,5,5,9,2,8,15,74,26,0.00,0.00,0.00,0.00,2.26,46,70,34,19,4,37,70,30,78,11.24,5.48,2.07,3.55,3.77,0.00,0.00,0.00,0.00,0.00,0.00,Mini Estadi
1394380800,Mar 09 2014 - 4:00pm,complete,7500,Hércules CF,Deportivo Alavés,N/A,29,1.38,1.08,1.14,1.10,2,0,2,2,2,0,"3,12","",4,3,2,0,2,0,1,1,0,2,9,7,4,3,5,4,20,10,46,54,0.00,0.00,0.00,0.00,2.43,46,74,46,19,8,27,58,46,81,8.69,6.00,2.07,3.45,3.88,0.00,0.00,0.00,0.00,0.00,0.00,Estadio José Rico Pérez
1394380800,Mar 09 2014 - 4:00pm,complete,22050,Sporting Gijón,CD Numancia,N/A,29,1.92,1.29,1.91,1.14,2,2,4,2,1,1,"7,79","15,72",6,9,2,0,3,0,0,2,0,3,12,9,5,6,7,3,18,18,52,48,0.00,0.00,0.00,0.00,2.40,53,64,49,34,19,26,53,45,68,9.69,6.32,1.93,3.46,4.50,0.00,0.00,0.00,0.00,0.00,0.00,Estadio Municipal El Molinón
1394384400,Mar 09 2014 - 5:00pm,complete,10781,CD Tenerife,Recreativo de Huelva,N/A,29,1.57,1.85,1.62,1.43,1,0,1,1,1,0,"15","",16,6,2,2,3,0,0,4,2,1,11,6,6,2,5,4,9,17,54,46,0.00,0.00,0.00,0.00,2.58,42,75,56,23,12,15,71,56,82,10.65,7.10,2.33,3.37,3.28,0.00,0.00,0.00,0.00,0.00,0.00,Estadio Heliodoro Rodríguez Lopéz
1394385300,Mar 09 2014 - 5:15pm,complete,3390,CD Lugo,Real Madrid II,N/A,29,1.50,0.92,1.67,0.95,1,1,2,1,1,0,"31","56",3,2,3,0,4,0,2,1,1,3,6,15,0,6,6,9,10,8,51,49,0.00,0.00,0.00,0.00,2.41,37,67,41,22,11,34,60,34,78,10.78,5.67,2.49,3.38,3.00,0.00,0.00,0.00,0.00,0.00,0.00,Estadio Anxo Carro
1394395200,Mar 09 2014 - 8:00pm,complete,5964,Real Murcia,Real Jaén CF,N/A,29,1.54,0.93,1.68,0.76,2,0,2,0,0,0,"47,88","",6,3,1,0,3,0,1,0,2,1,19,4,8,3,11,1,20,17,48,52,0.00,0.00,0.00,0.00,2.68,64,74,56,26,11,34,74,42,70,10.54,5.76,2.12,3.24,3.99,0.00,0.00,0.00,0.00,0.00,0.00,Estadio Nueva Condomina
1394902800,Mar 15 2014 - 5:00pm,complete,11224,Deportivo Alavés,Mirandés,N/A,30,1.27,0.71,1.33,0.81,0,2,2,1,0,1,"","26,90",9,4,1,1,2,0,0,2,1,1,14,10,6,2,8,8,22,25,54,46,0.00,0.00,0.00,0.00,2.47,58,69,45,27,10,31,79,42,69,9.82,5.24,2.08,3.35,3.98,0.00,0.00,0.00,0.00,0.00,0.00,Estadio de Mendizorroza
1394902800,Mar 15 2014 - 5:00pm,complete,8500,Real Jaén CF,Sporting Gijón,N/A,30,1.57,1.33,1.52,1.00,3,2,5,2,1,1,"37,67,82","2,70",6,6,0,0,5,0,0,0,2,3,15,13,6,5,9,8,10,17,62,38,0.00,0.00,0.00,0.00,2.27,52,65,55,24,4,31,65,41,72,9.34,6.43,0.00,0.00,0.00,0.00,0.00,0.00,0.00,0.00,0.00,Nuevo Estadio La Victoria
1394903700,Mar 15 2014 - 5:15pm,complete,7862,Recreativo de Huelva,Real Madrid II,N/A,30,1.53,0.93,1.48,0.95,2,3,5,3,1,2,"30,61","2,45'1,63",7,6,3,1,4,0,2,2,0,4,7,12,6,4,1,8,10,14,59,41,0.00,0.00,0.00,0.00,2.58,48,80,45,21,11,31,66,45,80,11.38,6.29,2.38,3.38,3.18,0.00,0.00,0.00,0.00,0.00,0.00,Estadio Nuevo Colombino
1394910000,Mar 15 2014 - 7:00pm,complete,19355,Deportivo La Coruña,Barcelona II,N/A,30,1.60,1.21,1.57,1.33,0,0,0,0,0,0,"","",6,6,2,0,0,0,0,2,0,0,15,9,8,3,7,6,9,7,36,64,0.00,0.00,0.00,0.00,2.57,59,70,56,28,10,28,66,45,84,10.86,5.51,1.85,3.69,4.59,0.00,0.00,0.00,0.00,0.00,0.00,Estadio Municipal de Riazor (A Coruña (La Coruña))
1394910000,Mar 15 2014 - 7:00pm,complete,8132,UD Las Palmas,CE Sabadell FC,N/A,30,1.43,0.73,1.70,0.62,5,0,5,3,3,0,"2,39,45'2,74,84","",3,5,0,0,2,0,0,0,1,1,5,6,2,4,3,2,10,15,54,46,0.00,0.00,0.00,0.00,2.06,38,62,34,17,4,7,45,48,79,11.53,5.67,1.79,3.55,5.24,0.00,0.00,0.00,0.00,0.00,0.00,Estadio de Gran Canaria
1394967600,Mar 16 2014 - 11:00am,complete,5500,SD Ponferradina,Real Zaragoza,N/A,30,1.60,1.36,1.62,1.19,4,2,6,2,1,1,"2,62,73,84","7,75",6,5,2,0,1,0,1,1,0,1,10,3,4,2,6,1,8,15,44,56,0.00,0.00,0.00,0.00,2.39,45,62,35,25,14,28,52,45,90,10.13,5.67,2.28,3.27,3.50,0.00,0.00,0.00,0.00,0.00,0.00,Estadio El Toralín
1394985600,Mar 16 2014 - 4:00pm,complete,8000,Córdoba,CD Lugo,N/A,30,1.71,1.21,1.57,0.90,1,1,2,0,0,0,"63","82",4,7,3,0,1,0,0,3,1,0,6,3,4,3,2,0,18,14,46,54,0.00,0.00,0.00,0.00,2.04,29,54,29,18,11,22,50,36,72,9.00,5.28,2.03,3.28,4.30,0.00,0.00,0.00,0.00,0.00,0.00,Estadio Nuevo Arcángel
1394985600,Mar 16 2014 - 4:00pm,complete,5943,Girona FC,Real Murcia,N/A,30,1.21,1.13,1.48,1.32,0,1,1,0,0,0,"","82",5,1,2,0,1,0,1,1,0,1,7,2,4,2,3,0,14,20,54,46,0.00,0.00,0.00,0.00,2.26,56,67,35,25,10,24,55,42,77,9.61,6.43,2.39,3.23,3.31,0.00,0.00,0.00,0.00,0.00,0.00,Estadi Municipal de Montilivi
1394989200,Mar 16 2014 - 5:00pm,complete,9000,RCD Mallorca,CD Tenerife,N/A,30,1.47,1.14,1.43,0.95,2,0,2,1,1,0,"25,70","",8,8,0,0,1,0,0,0,0,1,20,13,8,7,12,6,15,11,52,48,0.00,0.00,0.00,0.00,2.79,55,72,59,38,14,35,65,52,77,10.49,6.67,1.95,3.53,4.25,0.00,0.00,0.00,0.00,0.00,0.00,Iberostar Estadi
1394990100,Mar 16 2014 - 5:15pm,complete,2958,SD Eibar,Hércules CF,N/A,30,2.07,1.07,1.86,1.00,1,1,2,0,0,0,"49","68",8,3,2,0,3,0,0,2,0,3,20,9,10,2,10,7,15,15,62,38,0.00,0.00,0.00,0.00,2.67,37,65,52,34,21,34,65,52,80,9.77,6.00,2.03,3.40,4.11,0.00,0.00,0.00,0.00,0.00,0.00,Estadio Municipal de Ipurúa
1394996400,Mar 16 2014 - 7:00pm,complete,2801,CD Numancia,AD Alcorcón,N/A,30,1.64,1.20,1.43,1.19,0,1,1,1,0,1,"","12",7,2,2,0,5,1,1,1,2,4,10,6,3,6,7,0,22,29,58,42,0.00,0.00,0.00,0.00,2.14,42,59,38,21,7,21,48,45,80,10.13,5.56,2.12,3.25,3.98,0.00,0.00,0.00,0.00,0.00,0.00,Nuevo Estadio Los Pajaritos
1395507600,Mar 22 2014 - 5:00pm,complete,3200,Barcelona II,Deportivo Alavés,N/A,31,1.53,1.00,1.81,1.10,2,1,3,0,0,0,"70,85","59",10,9,2,0,2,0,0,2,0,2,9,9,4,5,5,4,8,17,65,35,0.00,0.00,0.00,0.00,2.39,35,77,38,17,7,35,66,42,80,9.66,4.30,1.94,3.62,4.18,0.00,0.00,0.00,0.00,0.00,0.00,Mini Estadi
1395507600,Mar 22 2014 - 5:00pm,complete,5473,Mirandés,SD Eibar,N/A,31,1.67,1.40,1.57,1.52,1,4,5,1,0,1,"86","6,56,63,72",4,5,2,0,4,0,2,0,1,3,14,7,8,2,6,5,13,21,52,48,0.00,0.00,0.00,0.00,1.97,44,67,34,10,7,17,44,37,80,11.73,6.20,2.57,3.07,3.17,0.00,0.00,0.00,0.00,0.00,0.00,Estadio Municipal de Anduva
1395507600,Mar 22 2014 - 5:00pm,complete,5000,AD Alcorcón,Real Jaén CF,N/A,31,1.07,0.87,1.62,0.76,0,0,0,0,0,0,"","",4,3,4,0,3,0,2,2,2,1,19,7,11,3,8,4,14,13,56,44,0.00,0.00,0.00,0.00,1.99,34,62,31,10,7,17,58,31,69,9.58,6.84,1.86,3.42,4.97,0.00,0.00,0.00,0.00,0.00,0.00,Estadio Santo Domingo
1395508500,Mar 22 2014 - 5:15pm,complete,3292,CD Lugo,Recreativo de Huelva,N/A,31,1.47,1.71,1.67,1.43,2,0,2,0,0,0,"84,86","",4,3,3,0,5,0,2,1,3,2,9,4,4,2,5,2,8,13,52,48,0.00,0.00,0.00,0.00,2.63,55,70,56,28,14,27,70,45,76,8.96,6.61,2.55,3.21,3.06,0.00,0.00,0.00,0.00,0.00,0.00,Estadio Anxo Carro
1395514800,Mar 22 2014 - 7:00pm,complete,3604,CE Sabadell FC,Córdoba,N/A,31,1.93,0.93,2.19,1.35,3,2,5,2,1,1,"40,48,65","18,71",2,6,3,0,2,0,0,3,1,1,16,10,6,5,10,5,19,15,47,53,0.00,0.00,0.00,0.00,2.36,38,62,52,32,4,28,49,49,80,9.40,7.76,2.18,3.29,3.73,0.00,0.00,0.00,0.00,0.00,0.00,Estadi de la Nova Creu Alta
1395514800,Mar 22 2014 - 7:00pm,complete,9171,Real Murcia,UD Las Palmas,N/A,31,1.64,1.47,1.68,1.39,1,3,4,1,0,1,"70","42,55,87",2,3,1,2,3,0,2,1,1,2,5,6,0,4,5,2,11,11,46,54,0.00,0.00,0.00,0.00,2.56,59,76,59,25,7,38,69,42,72,10.94,6.17,2.45,3.22,3.21,0.00,0.00,0.00,0.00,0.00,0.00,Estadio Nueva Condomina
1395572400,Mar 23 2014 - 11:00am,complete,11000,Real Zaragoza,Deportivo La Coruña,N/A,31,1.33,1.79,1.33,1.71,0,1,1,1,0,1,"","30",6,1,4,0,2,0,1,3,1,1,6,3,2,2,4,1,21,13,53,47,0.00,0.00,0.00,0.00,1.82,31,55,34,7,0,21,48,35,69,10.50,5.87,3.07,3.18,2.56,0.00,0.00,0.00,0.00,0.00,0.00,Estadio de la Romareda
1395590400,Mar 23 2014 - 4:00pm,complete,8500,Hércules CF,CD Numancia,N/A,31,1.50,1.27,1.14,1.14,0,0,0,0,0,0,"","",3,6,6,0,4,0,2,4,2,2,9,9,5,4,4,5,12,13,48,52,0.00,0.00,0.00,0.00,2.04,45,56,45,21,7,28,49,42,59,10.04,6.16,2.53,3.21,3.09,0.00,0.00,0.00,0.00,0.00,0.00,Estadio José Rico Pérez
1395590400,Mar 23 2014 - 4:00pm,complete,17976,Sporting Gijón,Girona FC,N/A,31,1.86,0.87,1.91,0.95,3,1,4,4,3,1,"24,37,38","33",8,2,5,0,2,0,3,2,0,2,14,17,4,11,10,6,25,12,46,54,0.00,0.00,0.00,0.00,2.67,52,77,52,35,18,28,59,49,83,9.91,6.16,1.57,4.08,6.65,0.00,0.00,0.00,0.00,0.00,0.00,Estadio Municipal El Molinón
1395594000,Mar 23 2014 - 5:00pm,complete,10854,CD Tenerife,SD Ponferradina,N/A,31,1.67,0.71,1.62,0.81,5,0,5,3,3,0,"11,32,34,68,89","",8,5,3,0,4,0,1,2,3,1,3,4,0,3,3,1,16,16,56,44,0.00,0.00,0.00,0.00,2.07,39,62,35,17,0,18,62,34,83,12.27,6.86,2.00,3.36,4.29,0.00,0.00,0.00,0.00,0.00,0.00,Estadio Heliodoro Rodríguez Lopéz
1395594900,Mar 23 2014 - 5:15pm,complete,3319,Real Madrid II,RCD Mallorca,N/A,31,1.47,1.07,1.38,1.00,1,2,3,0,0,0,"68","83,88",6,5,3,1,4,0,3,1,2,2,11,8,5,4,6,4,9,13,50,50,0.00,0.00,0.00,0.00,2.69,59,72,59,42,4,42,82,45,73,11.49,6.09,2.23,3.51,3.36,0.00,0.00,0.00,0.00,0.00,0.00,Estadio Alfredo Di Stéfano
1396112400,Mar 29 2014 - 5:00pm,complete,5500,SD Ponferradina,Real Madrid II,N/A,32,1.69,1.07,1.62,0.95,0,0,0,0,0,0,"","",9,3,1,0,2,0,1,0,1,1,14,11,6,8,8,3,17,24,64,36,0.00,0.00,0.00,0.00,2.49,36,72,32,23,17,29,65,39,81,10.11,5.96,2.52,3.26,3.05,0.00,0.00,0.00,0.00,0.00,0.00,Estadio El Toralín
1396112400,Mar 29 2014 - 5:00pm,complete,2000,Córdoba,Real Murcia,N/A,32,1.67,1.25,1.57,1.32,1,1,2,0,0,0,"46","57",4,10,4,1,3,0,2,3,1,2,5,9,4,6,1,3,15,16,46,54,0.00,0.00,0.00,0.00,1.94,39,52,26,20,10,19,55,30,68,9.05,6.41,2.23,3.25,3.63,0.00,0.00,0.00,0.00,0.00,0.00,Estadio Nuevo Arcángel
1396113300,Mar 29 2014 - 5:15pm,complete,9000,RCD Mallorca,Recreativo de Huelva,N/A,32,1.56,1.60,1.43,1.43,0,0,0,0,0,0,"","",2,4,2,0,2,1,0,2,1,2,15,10,7,4,8,6,14,18,44,56,0.00,0.00,0.00,0.00,2.88,55,78,58,33,20,29,81,52,71,9.52,7.65,1.88,3.57,4.60,0.00,0.00,0.00,0.00,0.00,0.00,Iberostar Estadi
1396114200,Mar 29 2014 - 5:30pm,complete,3575,SD Eibar,Barcelona II,N/A,32,2.00,1.20,1.86,1.33,0,0,0,0,0,0,"","",9,3,1,0,0,0,1,0,0,0,19,12,7,4,12,8,10,5,48,52,0.00,0.00,0.00,0.00,2.43,44,63,54,23,10,17,57,47,87,9.67,5.46,2.04,3.41,4.03,0.00,0.00,0.00,0.00,0.00,0.00,Estadio Municipal de Ipurúa
1396123200,Mar 29 2014 - 8:00pm,complete,16813,Deportivo La Coruña,CD Tenerife,N/A,32,1.56,1.07,1.57,0.95,1,1,2,1,1,0,"3","65",7,2,3,0,3,0,0,3,0,3,13,6,6,2,7,4,9,16,47,53,0.00,0.00,0.00,0.00,2.33,49,65,46,26,10,26,55,46,75,10.66,5.68,1.98,3.41,4.30,0.00,0.00,0.00,0.00,0.00,0.00,Estadio Municipal de Riazor (A Coruña (La Coruña))
1396126800,Mar 29 2014 - 9:00pm,complete,1881,CD Numancia,Mirandés,N/A,32,1.53,0.87,1.43,0.81,0,1,1,0,0,0,"","70",7,3,1,0,2,0,0,1,0,2,11,11,4,4,7,7,19,19,59,41,0.00,0.00,0.00,0.00,2.00,37,53,30,20,10,20,57,37,63,10.50,5.00,1.91,3.34,4.81,0.00,0.00,0.00,0.00,0.00,0.00,Nuevo Estadio Los Pajaritos
1396173600,Mar 30 2014 - 10:00am,complete,17532,UD Las Palmas,Sporting Gijón,N/A,32,1.53,1.25,1.70,1.00,2,1,3,0,0,0,"51,83","69",3,8,2,0,7,0,0,2,2,5,3,9,0,5,3,4,9,24,53,47,0.00,0.00,0.00,0.00,2.31,48,67,45,29,7,23,64,45,74,10.96,6.87,2.39,3.31,3.24,0.00,0.00,0.00,0.00,0.00,0.00,Estadio de Gran Canaria
1396191600,Mar 30 2014 - 3:00pm,complete,6500,Real Jaén CF,Hércules CF,N/A,32,1.67,1.06,1.52,1.00,1,1,2,2,1,1,"31","21",5,7,2,0,1,0,1,1,0,1,5,7,3,2,2,5,12,10,50,50,0.00,0.00,0.00,0.00,2.63,48,67,55,35,19,45,64,48,77,9.39,5.33,2.22,3.30,3.62,0.00,0.00,0.00,0.00,0.00,0.00,Nuevo Estadio La Victoria
1396191600,Mar 30 2014 - 3:00pm,complete,3500,Girona FC,AD Alcorcón,N/A,32,1.13,1.31,1.48,1.19,3,1,4,1,1,0,"40,60,89","80",5,7,1,0,3,0,0,1,1,2,9,11,4,8,5,3,13,15,41,59,0.00,0.00,0.00,0.00,2.37,56,68,42,23,4,20,58,52,88,10.26,5.71,2.52,3.21,3.11,0.00,0.00,0.00,0.00,0.00,0.00,Estadi Municipal de Montilivi
1396191600,Mar 30 2014 - 3:00pm,complete,3367,CE Sabadell FC,CD Lugo,N/A,32,2.00,1.20,2.19,0.90,1,0,1,1,1,0,"2","",0,6,2,0,3,0,0,2,1,2,6,16,3,7,3,9,18,14,38,62,0.00,0.00,0.00,0.00,2.37,34,63,47,27,13,37,50,50,74,8.13,5.87,2.14,3.30,3.86,0.00,0.00,0.00,0.00,0.00,0.00,Estadi de la Nova Creu Alta
1396196100,Mar 30 2014 - 4:15pm,complete,9639,Deportivo Alavés,Real Zaragoza,N/A,32,1.19,1.27,1.33,1.19,2,2,4,2,1,1,"4,81","26,56",8,4,2,0,3,0,0,2,1,2,11,9,4,5,7,4,15,9,52,48,0.00,0.00,0.00,0.00,2.88,65,78,49,32,20,39,71,49,94,10.31,5.56,2.65,3.18,2.96,0.00,0.00,0.00,0.00,0.00,0.00,Estadio de Mendizorroza
1396713600,Apr 05 2014 - 4:00pm,complete,6670,Real Murcia,CE Sabadell FC,N/A,33,1.53,0.69,1.68,0.62,2,0,2,1,1,0,"1,86","",9,2,0,0,1,1,0,0,1,1,8,5,3,3,5,2,13,14,53,47,0.00,0.00,0.00,0.00,2.75,59,78,59,33,10,26,59,65,81,12.30,5.23,2.00,3.39,4.25,0.00,0.00,0.00,0.00,0.00,0.00,Estadio Nueva Condomina
1396714500,Apr 05 2014 - 4:15pm,complete,3670,Real Madrid II,Deportivo La Coruña,N/A,33,1.38,1.87,1.38,1.71,0,2,2,1,0,1,"","22,82",8,2,5,0,2,0,1,4,1,1,17,4,8,2,9,2,19,13,53,47,0.00,0.00,0.00,0.00,2.14,38,58,42,19,3,26,68,36,62,11.46,5.95,2.44,3.32,3.13,0.00,0.00,0.00,0.00,0.00,0.00,Estadio Alfredo Di Stéfano
1396720800,Apr 05 2014 - 6:00pm,complete,4000,AD Alcorcón,UD Las Palmas,N/A,33,1.07,1.56,1.62,1.39,2,0,2,1,1,0,"4,59","",7,5,5,0,6,1,2,3,5,2,11,3,4,2,7,1,37,15,45,55,0.00,0.00,0.00,0.00,1.92,35,61,38,13,3,23,58,29,68,9.88,7.36,2.59,3.23,2.99,0.00,0.00,0.00,0.00,0.00,0.00,Estadio Santo Domingo
1396778400,Apr 06 2014 - 10:00am,complete,18000,Real Zaragoza,SD Eibar,N/A,33,1.25,1.50,1.33,1.52,1,0,1,0,0,0,"62","",4,2,2,1,3,0,1,2,1,2,8,9,6,3,2,6,18,13,41,59,0.00,0.00,0.00,0.00,2.00,44,66,38,13,7,19,53,38,72,11.44,5.87,2.47,3.18,3.21,0.00,0.00,0.00,0.00,0.00,0.00,Estadio de la Romareda
1396796400,Apr 06 2014 - 3:00pm,complete,3790,CD Lugo,RCD Mallorca,N/A,33,1.56,1.20,1.67,1.00,2,1,3,2,1,1,"29,85","12",6,4,4,0,2,0,0,4,0,2,13,10,6,6,7,4,12,9,59,41,0.00,0.00,0.00,0.00,2.49,55,68,52,33,3,36,59,46,84,9.89,5.84,2.57,3.20,3.04,0.00,0.00,0.00,0.00,0.00,0.00,Estadio Anxo Carro
1396796400,Apr 06 2014 - 3:00pm,complete,3768,Barcelona II,CD Numancia,N/A,33,1.63,1.25,1.81,1.14,3,0,3,0,0,0,"57,68,86","",6,5,2,0,4,0,1,1,3,1,8,11,4,5,4,6,10,15,55,45,0.00,0.00,0.00,0.00,2.00,38,57,41,19,6,29,51,41,63,11.44,4.69,2.07,3.45,3.89,0.00,0.00,0.00,0.00,0.00,0.00,Mini Estadi
1396796400,Apr 06 2014 - 3:00pm,complete,8500,Hércules CF,Girona FC,N/A,33,1.47,0.81,1.14,0.95,0,0,0,0,0,0,"","",4,2,4,1,2,0,2,3,0,2,9,15,3,6,6,9,13,12,52,48,0.00,0.00,0.00,0.00,2.19,42,65,45,19,7,26,52,39,68,9.60,6.22,2.08,3.42,3.89,0.00,0.00,0.00,0.00,0.00,0.00,Estadio José Rico Pérez
1396796400,Apr 06 2014 - 3:00pm,complete,19185,Sporting Gijón,Córdoba,N/A,33,1.93,0.88,1.91,1.35,1,2,3,1,0,1,"87","41,68",14,1,3,0,3,0,1,2,1,2,20,7,10,3,10,4,21,15,63,37,0.00,0.00,0.00,0.00,2.73,56,72,52,42,17,33,56,46,81,10.30,7.78,1.72,3.76,5.40,0.00,0.00,0.00,0.00,0.00,0.00,Estadio Municipal El Molinón
1396800000,Apr 06 2014 - 4:00pm,complete,11554,CD Tenerife,Deportivo Alavés,N/A,33,1.75,0.93,1.62,1.10,2,0,2,2,2,0,"24,30","",9,3,1,0,4,0,0,1,1,3,11,2,5,2,6,0,16,18,61,39,0.00,0.00,0.00,0.00,2.40,33,75,46,20,7,20,62,52,84,11.46,5.47,1.85,3.53,4.80,0.00,0.00,0.00,0.00,0.00,0.00,Estadio Heliodoro Rodríguez Lopéz
1396800900,Apr 06 2014 - 4:15pm,complete,6634,Recreativo de Huelva,SD Ponferradina,N/A,33,1.44,0.67,1.48,0.81,1,0,1,1,1,0,"44","",2,5,5,0,1,0,2,3,1,0,6,10,5,6,1,4,16,12,48,52,0.00,0.00,0.00,0.00,2.61,61,74,48,29,10,36,65,45,84,10.89,6.99,2.08,3.42,3.89,0.00,0.00,0.00,0.00,0.00,0.00,Estadio Nuevo Colombino
1396810800,Apr 06 2014 - 7:00pm,complete,3702,Mirandés,Real Jaén CF,N/A,33,1.56,0.88,1.57,0.76,2,1,3,1,0,1,"65,70","44",4,8,1,0,3,0,0,1,1,2,13,13,5,7,8,6,18,15,48,52,0.00,0.00,0.00,0.00,2.31,47,69,41,16,13,22,57,38,79,9.33,6.26,2.10,3.19,4.16,0.00,0.00,0.00,0.00,0.00,0.00,Estadio Municipal de Anduva
1397318400,Apr 12 2014 - 4:00pm,complete,4521,Girona FC,Mirandés,N/A,34,1.25,1.00,1.48,0.81,4,0,4,1,1,0,"1,64,70,88","",4,2,2,0,1,2,1,1,0,3,7,9,3,5,4,4,10,11,53,47,0.00,0.00,0.00,0.00,2.32,54,66,38,25,6,19,63,47,78,10.53,4.87,2.13,3.24,3.96,0.00,0.00,0.00,0.00,0.00,0.00,Estadi Municipal de Montilivi
1397319300,Apr 12 2014 - 4:15pm,complete,6207,CD Numancia,Real Zaragoza,N/A,34,1.44,1.25,1.43,1.19,2,2,4,3,1,2,"26,63","41,45'1",9,3,0,0,1,0,0,0,0,1,10,6,3,2,7,4,10,16,59,41,0.00,0.00,0.00,0.00,2.44,47,60,38,29,19,32,47,47,88,10.81,5.25,2.16,3.23,3.88,0.00,0.00,0.00,0.00,0.00,0.00,Nuevo Estadio Los Pajaritos
1397325600,Apr 12 2014 - 6:00pm,complete,12012,UD Las Palmas,Hércules CF,N/A,34,1.63,1.06,1.70,1.00,2,1,3,1,0,1,"48,67","3",2,5,2,0,6,1,0,2,2,5,7,5,3,3,4,2,13,26,55,45,0.00,0.00,0.00,0.00,2.50,45,69,42,33,15,33,60,49,76,10.75,5.69,1.78,3.47,5.55,0.00,0.00,0.00,0.00,0.00,0.00,Estadio de Gran Canaria
1397325600,Apr 12 2014 - 6:00pm,complete,3198,CE Sabadell FC,Sporting Gijón,N/A,34,2.06,1.18,2.19,1.00,2,0,2,0,0,0,"85,88","",9,1,0,0,1,1,0,0,0,2,8,9,2,2,6,7,9,9,62,38,0.00,0.00,0.00,0.00,2.73,55,76,64,37,10,40,73,58,76,9.85,7.37,2.88,3.22,2.68,0.00,0.00,0.00,0.00,0.00,0.00,Estadi de la Nova Creu Alta
1397383200,Apr 13 2014 - 10:00am,complete,18817,Deportivo La Coruña,Recreativo de Huelva,N/A,34,1.53,1.56,1.57,1.43,2,0,2,1,1,0,"6,69","",3,3,2,0,5,1,1,1,3,3,8,7,2,3,6,4,14,26,43,57,0.00,0.00,0.00,0.00,2.38,52,67,46,22,16,22,67,46,67,9.43,7.01,1.85,3.33,5.24,0.00,0.00,0.00,0.00,0.00,0.00,Estadio Municipal de Riazor (A Coruña (La Coruña))
1397401200,Apr 13 2014 - 3:00pm,complete,8000,Real Jaén CF,Barcelona II,N/A,34,1.63,1.19,1.52,1.33,0,3,3,1,0,1,"","26,83,90'2",6,4,3,0,0,0,1,2,0,0,15,12,7,5,8,7,9,11,49,51,0.00,0.00,0.00,0.00,2.35,50,63,57,25,10,32,60,38,79,9.13,4.69,2.36,3.23,3.37,0.00,0.00,0.00,0.00,0.00,0.00,Nuevo Estadio La Victoria
1397401200,Apr 13 2014 - 3:00pm,complete,13957,Córdoba,AD Alcorcón,N/A,34,1.63,1.24,1.57,1.19,3,1,4,2,1,1,"44,64,88","38",9,4,3,0,6,2,1,2,3,5,6,10,3,6,3,4,12,18,56,44,0.00,0.00,0.00,0.00,2.19,46,61,36,22,3,16,61,46,79,9.98,6.04,2.39,3.21,3.33,0.00,0.00,0.00,0.00,0.00,0.00,Estadio Nuevo Arcángel
1397401200,Apr 13 2014 - 3:00pm,complete,7929,Real Murcia,CD Lugo,N/A,34,1.63,1.13,1.68,0.90,3,1,4,0,0,0,"59,74,77","90'1",9,5,0,0,2,0,0,0,1,1,6,4,5,2,1,2,19,19,52,48,0.00,0.00,0.00,0.00,2.35,47,66,44,26,10,28,54,47,69,10.44,5.13,2.10,3.19,4.15,0.00,0.00,0.00,0.00,0.00,0.00,Estadio Nueva Condomina
1397404800,Apr 13 2014 - 4:00pm,complete,4364,SD Eibar,CD Tenerife,N/A,34,1.94,1.06,1.86,0.95,1,2,3,1,1,0,"8","52,74",3,3,4,1,1,0,2,3,0,1,11,8,0,2,11,6,9,8,54,46,0.00,0.00,0.00,0.00,2.28,38,63,44,22,10,16,50,47,82,9.50,5.75,2.18,3.18,3.88,0.00,0.00,0.00,0.00,0.00,0.00,Estadio Municipal de Ipurúa
1397405700,Apr 13 2014 - 4:15pm,complete,12346,Deportivo Alavés,Real Madrid II,N/A,34,1.18,1.06,1.33,0.95,2,2,4,3,1,2,"23,66","12,38",5,3,1,1,3,0,0,2,0,3,8,7,3,4,5,3,24,18,50,50,0.00,0.00,0.00,0.00,2.69,51,82,42,27,16,36,79,39,82,10.28,5.90,2.66,3.20,2.92,0.00,0.00,0.00,0.00,0.00,0.00,Estadio de Mendizorroza
1397415600,Apr 13 2014 - 7:00pm,complete,5000,SD Ponferradina,RCD Mallorca,N/A,34,1.65,1.13,1.62,1.00,2,0,2,1,1,0,"34,56","",4,6,3,1,3,0,0,4,1,2,10,13,4,7,6,6,14,14,48,52,0.00,0.00,0.00,0.00,2.47,49,67,46,31,6,34,61,46,82,9.84,5.78,2.47,3.25,3.15,0.00,0.00,0.00,0.00,0.00,0.00,Estadio El Toralín
1397923200,Apr 19 2014 - 4:00pm,complete,3746,CD Lugo,SD Ponferradina,N/A,35,1.65,0.63,1.67,0.81,3,0,3,1,1,0,"30,68,89","",3,5,0,0,0,0,0,0,0,0,5,11,2,4,3,7,9,11,59,41,0.00,0.00,0.00,0.00,2.30,52,64,39,25,6,33,61,30,82,9.84,6.28,2.13,3.18,4.05,0.00,0.00,0.00,0.00,0.00,0.00,Estadio Anxo Carro
1397923200,Apr 19 2014 - 4:00pm,complete,6500,Hércules CF,Córdoba,N/A,35,1.44,1.00,1.14,1.35,0,1,1,1,0,1,"","7",9,2,1,0,5,0,0,1,2,3,13,4,4,4,9,0,13,20,66,34,0.00,0.00,0.00,0.00,2.12,43,58,43,21,6,25,46,39,69,9.67,7.80,2.10,3.22,4.12,0.00,0.00,0.00,0.00,0.00,0.00,Estadio José Rico Pérez
1397924100,Apr 19 2014 - 4:15pm,complete,2943,Real Madrid II,SD Eibar,N/A,35,1.29,1.41,1.38,1.52,0,1,1,1,0,1,"","11",8,3,5,0,4,0,3,2,1,3,13,6,9,3,4,3,8,16,63,37,0.00,0.00,0.00,0.00,2.33,50,71,44,24,9,24,68,38,71,12.47,6.06,2.23,3.32,3.57,0.00,0.00,0.00,0.00,0.00,0.00,Estadio Alfredo Di Stéfano
1397926800,Apr 19 2014 - 5:00pm,complete,3972,Barcelona II,Girona FC,N/A,35,1.71,0.82,1.81,0.95,2,1,3,1,0,1,"65,87","28",3,7,2,0,1,0,0,2,0,1,9,11,4,7,5,4,9,9,64,36,0.00,0.00,0.00,0.00,2.24,35,68,44,18,6,27,53,41,74,10.88,4.47,2.17,3.40,3.65,0.00,0.00,0.00,0.00,0.00,0.00,Mini Estadi
1397930400,Apr 19 2014 - 6:00pm,complete,3920,Mirandés,UD Las Palmas,N/A,35,1.65,1.47,1.57,1.39,2,1,3,2,1,1,"17,66","26",5,5,5,0,5,0,3,2,2,3,8,7,7,6,1,1,15,15,46,54,0.00,0.00,0.00,0.00,2.38,50,74,50,18,9,27,62,38,82,9.76,6.88,3.00,3.19,2.62,0.00,0.00,0.00,0.00,0.00,0.00,Estadio Municipal de Anduva
1397988000,Apr 20 2014 - 10:00am,complete,7000,RCD Mallorca,Deportivo La Coruña,N/A,35,1.53,1.94,1.43,1.71,0,3,3,1,0,1,"","41,47,66",5,1,6,0,1,0,3,3,1,0,16,2,9,0,7,2,22,6,53,47,0.00,0.00,0.00,0.00,2.14,33,58,36,18,9,24,63,33,64,10.19,6.29,2.47,3.20,3.21,0.00,0.00,0.00,0.00,0.00,0.00,Iberostar Estadi
1398006000,Apr 20 2014 - 3:00pm,complete,5174,Recreativo de Huelva,Deportivo Alavés,N/A,35,1.53,0.88,1.48,1.10,0,2,2,1,0,1,"","26,47",7,1,3,0,4,0,2,1,4,0,7,8,5,6,2,2,18,20,61,39,0.00,0.00,0.00,0.00,2.66,55,82,52,24,9,33,64,55,79,9.72,5.81,2.09,3.28,4.04,0.00,0.00,0.00,0.00,0.00,0.00,Estadio Nuevo Colombino
1398006000,Apr 20 2014 - 3:00pm,complete,16273,Sporting Gijón,Real Murcia,N/A,35,1.81,1.24,1.91,1.32,0,0,0,0,0,0,"","",6,9,1,0,4,0,1,0,2,2,12,13,6,7,6,6,18,21,54,46,0.00,0.00,0.00,0.00,2.48,55,68,44,34,19,34,61,37,70,9.96,7.20,0.00,0.00,0.00,0.00,0.00,0.00,0.00,0.00,0.00,Estadio Municipal El Molinón
1398009600,Apr 20 2014 - 4:00pm,complete,13815,CD Tenerife,CD Numancia,N/A,35,1.82,1.18,1.62,1.14,3,2,5,1,1,0,"37,73,79","54,72",3,4,3,0,4,0,1,2,1,3,4,8,4,3,0,5,22,19,55,45,0.00,0.00,0.00,0.00,2.00,30,56,44,21,6,18,50,47,65,12.71,5.82,2.11,3.28,3.97,0.00,0.00,0.00,0.00,0.00,0.00,Estadio Heliodoro Rodríguez Lopéz
1398010500,Apr 20 2014 - 4:15pm,complete,9000,Real Zaragoza,Real Jaén CF,N/A,35,1.35,0.82,1.33,0.76,1,0,1,0,0,0,"90","",3,7,0,0,3,0,0,0,2,1,15,7,7,3,8,4,19,19,51,49,0.00,0.00,0.00,0.00,2.15,44,65,41,12,6,24,62,35,71,9.38,5.94,1.79,3.48,5.40,0.00,0.00,0.00,0.00,0.00,0.00,Estadio de la Romareda
1398020400,Apr 20 2014 - 7:00pm,complete,2917,AD Alcorcón,CE Sabadell FC,N/A,35,1.19,0.65,1.62,0.62,3,1,4,3,2,1,"17,26,68","42",5,3,3,0,5,0,3,0,4,1,8,7,6,5,2,2,20,13,52,48,0.00,0.00,0.00,0.00,2.02,30,63,33,15,6,12,49,45,76,11.48,6.40,1.79,3.46,5.45,0.00,0.00,0.00,0.00,0.00,0.00,Estadio Santo Domingo
1398528000,Apr 26 2014 - 4:00pm,complete,9215,Deportivo Alavés,RCD Mallorca,N/A,36,1.17,1.06,1.33,1.00,1,0,1,0,0,0,"80","",9,7,2,0,2,0,0,2,0,2,10,10,7,5,3,5,15,18,47,53,0.00,0.00,0.00,0.00,2.83,66,83,58,37,6,43,80,46,89,9.97,5.90,2.37,3.32,3.25,0.00,0.00,0.00,0.00,0.00,0.00,Estadio de Mendizorroza
1398528000,Apr 26 2014 - 4:00pm,complete,16927,Sporting Gijón,CD Lugo,N/A,36,1.76,1.06,1.91,0.90,2,0,2,1,1,0,"37,86","",4,2,1,0,3,0,0,1,0,3,8,9,3,7,5,2,19,16,42,58,0.00,0.00,0.00,0.00,2.50,47,68,44,33,18,33,53,44,71,9.88,5.88,1.75,3.71,5.26,0.00,0.00,0.00,0.00,0.00,0.00,Estadio Municipal El Molinón
1398528900,Apr 26 2014 - 4:15pm,complete,20667,Deportivo La Coruña,SD Ponferradina,N/A,36,1.61,0.59,1.57,0.81,0,3,3,1,0,1,"","10,51,79",6,2,4,0,4,0,1,3,1,3,7,10,4,3,3,7,16,20,58,42,0.00,0.00,0.00,0.00,2.18,49,63,34,21,9,26,66,31,75,10.23,6.25,1.76,3.63,5.32,0.00,0.00,0.00,0.00,0.00,0.00,Estadio Municipal de Riazor (A Coruña (La Coruña))
1398535200,Apr 26 2014 - 6:00pm,complete,9003,Córdoba,Mirandés,N/A,36,1.71,0.94,1.57,0.81,1,1,2,1,1,0,"44","73",6,2,3,0,4,0,1,2,1,3,5,11,4,6,1,5,8,15,57,43,0.00,0.00,0.00,0.00,2.15,41,59,32,24,6,18,65,41,71,10.19,5.47,2.14,3.29,3.86,0.00,0.00,0.00,0.00,0.00,0.00,Estadio Nuevo Arcángel
1398542400,Apr 26 2014 - 8:00pm,complete,11676,UD Las Palmas,Barcelona II,N/A,36,1.71,1.29,1.70,1.33,0,2,2,0,0,0,"","74,89",7,0,2,0,0,0,0,2,0,0,17,6,9,4,8,2,11,13,45,55,0.00,0.00,0.00,0.00,2.30,44,65,50,24,6,15,56,44,82,10.04,5.00,1.92,3.68,4.23,0.00,0.00,0.00,0.00,0.00,0.00,Estadio de Gran Canaria
1398592800,Apr 27 2014 - 10:00am,complete,3971,SD Eibar,Recreativo de Huelva,N/A,36,1.82,1.47,1.86,1.43,0,0,0,0,0,0,"","",6,5,5,0,4,0,4,1,3,1,19,13,6,2,13,11,14,16,48,52,0.00,0.00,0.00,0.00,2.36,38,65,47,18,15,12,62,50,74,8.23,7.29,1.85,3.46,4.95,0.00,0.00,0.00,0.00,0.00,0.00,Estadio Municipal de Ipurúa
1398610800,Apr 27 2014 - 3:00pm,complete,3206,CE Sabadell FC,Hércules CF,N/A,36,2.12,1.00,2.19,1.00,2,1,3,1,1,0,"22,89","76",9,4,3,0,2,1,0,3,0,3,11,7,6,2,5,5,14,9,60,40,0.00,0.00,0.00,0.00,2.86,48,77,58,40,17,49,72,60,77,9.93,6.11,2.45,3.30,3.13,0.00,0.00,0.00,0.00,0.00,0.00,Estadi de la Nova Creu Alta
1398614400,Apr 27 2014 - 4:00pm,complete,9500,Real Jaén CF,CD Tenerife,N/A,36,1.53,1.18,1.52,0.95,1,0,1,0,0,0,"89","",6,3,2,0,3,0,1,1,1,2,12,9,6,5,6,4,10,8,59,41,0.00,0.00,0.00,0.00,2.39,47,68,53,24,9,30,59,44,80,8.82,5.17,2.62,3.14,3.04,0.00,0.00,0.00,0.00,0.00,0.00,Nuevo Estadio La Victoria
1398615300,Apr 27 2014 - 4:15pm,complete,3000,CD Numancia,Real Madrid II,N/A,36,1.41,1.06,1.43,0.95,0,0,0,0,0,0,"","",3,4,5,0,3,0,2,3,1,2,8,10,3,6,5,4,16,17,48,52,0.00,0.00,0.00,0.00,2.30,35,65,32,24,15,30,56,32,76,10.77,5.47,2.34,3.38,3.26,0.00,0.00,0.00,0.00,0.00,0.00,Nuevo Estadio Los Pajaritos
1398618000,Apr 27 2014 - 5:00pm,complete,6500,Girona FC,Real Zaragoza,N/A,36,1.35,1.24,1.48,1.19,2,0,2,1,1,0,"13,85","",7,4,3,0,4,0,0,3,1,3,5,14,2,6,3,8,16,22,46,54,0.00,0.00,0.00,0.00,2.88,65,77,50,38,15,33,59,59,100,10.65,5.11,2.19,3.25,3.76,0.00,0.00,0.00,0.00,0.00,0.00,Estadi Municipal de Montilivi
1398625200,Apr 27 2014 - 7:00pm,complete,6986,Real Murcia,AD Alcorcón,N/A,36,1.71,1.17,1.68,1.19,1,1,2,1,1,0,"41","58",2,2,6,0,8,0,2,4,3,5,5,4,4,0,1,4,14,27,56,44,0.00,0.00,0.00,0.00,2.61,61,72,58,35,3,26,66,55,77,11.34,5.91,2.39,3.18,3.36,0.00,0.00,0.00,0.00,0.00,0.00,Estadio Nueva Condomina
1399132800,May 03 2014 - 4:00pm,complete,7000,SD Ponferradina,Deportivo Alavés,N/A,37,1.72,1.00,1.62,1.10,2,1,3,1,0,1,"54,70","36",5,1,2,0,1,0,0,2,0,1,4,7,2,3,2,4,12,11,58,42,0.00,0.00,0.00,0.00,2.38,37,75,35,20,9,26,61,43,80,8.62,5.32,2.12,3.19,4.06,0.00,0.00,0.00,0.00,0.00,0.00,Estadio El Toralín
1399132800,May 03 2014 - 4:00pm,complete,4000,AD Alcorcón,Sporting Gijón,N/A,37,1.29,1.11,1.62,1.00,1,0,1,1,1,0,"18","",5,1,3,1,5,1,1,3,3,3,7,9,3,2,4,7,16,13,53,47,0.00,0.00,0.00,0.00,2.16,46,68,43,23,3,23,60,43,72,11.23,7.87,2.47,3.19,3.20,0.00,0.00,0.00,0.00,0.00,0.00,Estadio Santo Domingo
1399133700,May 03 2014 - 4:15pm,complete,7564,CD Lugo,Deportivo La Coruña,N/A,37,1.72,2.00,1.67,1.71,2,2,4,2,0,2,"71,87","9,41",8,5,1,0,2,0,0,1,1,1,10,3,8,2,2,1,20,14,58,42,0.00,0.00,0.00,0.00,2.02,31,57,37,11,3,23,55,34,74,9.44,5.27,3.13,3.12,2.57,0.00,0.00,0.00,0.00,0.00,0.00,Estadio Anxo Carro
1399140000,May 03 2014 - 6:00pm,complete,3785,Barcelona II,Córdoba,N/A,37,1.78,1.11,1.81,1.35,0,1,1,0,0,0,"","72",4,1,1,0,0,0,1,0,0,0,7,7,3,4,4,3,6,9,70,30,0.00,0.00,0.00,0.00,2.28,39,64,44,20,6,25,53,44,78,10.84,6.06,1.99,3.53,4.08,0.00,0.00,0.00,0.00,0.00,0.00,Mini Estadi
1399140000,May 03 2014 - 6:00pm,complete,10500,Hércules CF,Real Murcia,N/A,37,1.35,1.22,1.14,1.32,2,3,5,2,1,1,"40,89","28,58,61",3,7,3,0,2,1,0,3,1,2,9,12,4,3,5,9,12,12,50,50,0.00,0.00,0.00,0.00,1.78,37,49,29,15,9,26,49,26,55,9.53,7.19,2.18,3.28,3.76,0.00,0.00,0.00,0.00,0.00,0.00,Estadio José Rico Pérez
1399197600,May 04 2014 - 10:00am,complete,9000,Real Zaragoza,UD Las Palmas,N/A,37,1.44,1.39,1.33,1.39,1,2,3,3,1,2,"14","6,10",11,6,6,0,3,0,2,4,0,3,8,6,5,3,3,3,22,11,43,57,0.00,0.00,0.00,0.00,2.17,45,67,48,14,3,31,64,31,75,9.56,6.61,2.50,3.23,3.11,0.00,0.00,0.00,0.00,0.00,0.00,Estadio de la Romareda
1399215600,May 04 2014 - 3:00pm,complete,3450,Real Madrid II,Real Jaén CF,N/A,37,1.22,0.78,1.38,0.76,1,1,2,0,0,0,"64","71",7,6,4,0,1,0,0,4,0,1,8,8,3,2,5,6,15,9,47,53,0.00,0.00,0.00,0.00,2.45,50,70,48,22,9,28,78,36,67,10.98,6.22,1.93,3.48,4.48,0.00,0.00,0.00,0.00,0.00,0.00,Estadio Alfredo Di Stéfano
1399220100,May 04 2014 - 4:15pm,complete,9000,RCD Mallorca,SD Eibar,N/A,37,1.44,1.50,1.43,1.52,0,2,2,0,0,0,"","75,78",8,5,3,0,2,0,0,3,1,1,15,5,6,4,9,1,13,15,55,45,0.00,0.00,0.00,0.00,2.31,45,67,42,22,14,22,64,39,70,11.11,6.55,2.35,3.21,3.41,0.00,0.00,0.00,0.00,0.00,0.00,Iberostar Estadi
1399222800,May 04 2014 - 5:00pm,complete,5921,Recreativo de Huelva,CD Numancia,N/A,37,1.44,1.11,1.48,1.14,0,0,0,0,0,0,"","",5,7,3,0,4,0,1,2,2,2,9,8,5,5,4,3,18,17,54,46,0.00,0.00,0.00,0.00,2.36,53,64,53,28,11,25,53,53,67,10.94,6.23,2.05,3.35,4.08,0.00,0.00,0.00,0.00,0.00,0.00,Estadio Nuevo Colombino
1399222800,May 04 2014 - 5:00pm,complete,13035,CD Tenerife,Girona FC,N/A,37,1.89,0.78,1.62,0.95,0,1,1,0,0,0,"","47",5,4,5,0,4,0,2,3,2,2,12,7,6,3,6,4,16,12,53,47,0.00,0.00,0.00,0.00,2.28,33,67,47,22,9,17,59,47,75,12.06,5.44,1.90,3.49,4.60,0.00,0.00,0.00,0.00,0.00,0.00,Estadio Heliodoro Rodríguez Lopéz
1399230000,May 04 2014 - 7:00pm,complete,3720,Mirandés,CE Sabadell FC,N/A,37,1.72,0.61,1.57,0.62,2,2,4,3,2,1,"26,30","6,60",4,3,1,1,2,0,0,2,0,2,4,13,0,5,4,8,11,13,49,51,0.00,0.00,0.00,0.00,2.53,50,75,50,23,11,22,53,53,89,11.06,5.83,2.09,3.37,3.94,0.00,0.00,0.00,0.00,0.00,0.00,Estadio Municipal de Anduva
1399737600,May 10 2014 - 4:00pm,complete,8613,Girona FC,Real Madrid II,N/A,38,1.44,1.06,1.48,0.95,1,1,2,0,0,0,"90","47",4,3,4,0,5,1,2,2,3,3,10,10,7,6,3,4,13,17,50,50,0.00,0.00,0.00,0.00,2.56,47,78,39,28,12,25,64,45,86,10.56,5.61,2.37,3.41,3.18,0.00,0.00,0.00,0.00,0.00,0.00,Estadi Municipal de Montilivi
1399737600,May 10 2014 - 4:00pm,complete,17160,Sporting Gijón,Hércules CF,N/A,38,1.83,0.95,1.91,1.00,2,1,3,1,0,1,"63,64","32",5,3,5,1,4,0,1,5,1,3,17,7,6,6,11,1,21,10,51,49,0.00,0.00,0.00,0.00,3.00,62,84,57,43,22,46,76,54,79,11.28,6.28,1.56,4.09,6.89,0.00,0.00,0.00,0.00,0.00,0.00,Estadio Municipal El Molinón
1399738500,May 10 2014 - 4:15pm,complete,3715,CD Numancia,RCD Mallorca,N/A,38,1.39,1.00,1.43,1.00,1,1,2,1,0,1,"73","21",15,1,4,0,1,0,1,3,0,1,11,8,4,0,7,8,12,12,64,36,0.00,0.00,0.00,0.00,2.25,45,61,42,28,6,31,53,39,81,10.56,5.55,2.25,3.33,3.50,0.00,0.00,0.00,0.00,0.00,0.00,Nuevo Estadio Los Pajaritos
1399744800,May 10 2014 - 6:00pm,complete,6746,CE Sabadell FC,Barcelona II,N/A,38,2.17,1.39,2.19,1.33,2,1,3,1,1,0,"43,65","59",4,6,3,0,4,0,0,3,0,4,14,4,5,4,9,0,14,9,39,61,0.00,0.00,0.00,0.00,2.62,45,72,61,31,9,31,64,56,84,9.44,5.11,2.61,3.49,2.77,0.00,0.00,0.00,0.00,0.00,0.00,Estadi de la Nova Creu Alta
1399744800,May 10 2014 - 6:00pm,complete,4521,AD Alcorcón,CD Lugo,N/A,38,1.39,1.00,1.62,0.90,1,0,1,0,0,0,"53","",5,0,5,0,2,0,0,5,0,2,4,4,2,2,2,2,14,11,47,53,0.00,0.00,0.00,0.00,1.78,25,53,25,14,6,17,45,31,64,9.56,6.39,1.82,3.52,5.09,0.00,0.00,0.00,0.00,0.00,0.00,Estadio Santo Domingo
1399745700,May 10 2014 - 6:15pm,complete,4477,SD Eibar,SD Ponferradina,N/A,38,1.78,0.72,1.86,0.81,0,0,0,0,0,0,"","",6,0,4,0,3,1,2,2,0,4,19,7,6,6,13,1,9,13,56,44,0.00,0.00,0.00,0.00,2.14,36,59,39,17,9,17,58,39,78,9.17,6.62,2.05,3.31,4.15,0.00,0.00,0.00,0.00,0.00,0.00,Estadio Municipal de Ipurúa
1399752000,May 10 2014 - 8:00pm,complete,31123,UD Las Palmas,CD Tenerife,N/A,38,1.61,1.11,1.70,0.95,1,0,1,0,0,0,"90","",5,6,3,0,1,0,1,2,1,0,11,11,5,4,6,7,9,18,58,42,0.00,0.00,0.00,0.00,2.25,42,67,42,23,6,14,50,47,84,9.72,5.55,2.12,3.37,3.82,0.00,0.00,0.00,0.00,0.00,0.00,Estadio de Gran Canaria
1399802400,May 11 2014 - 10:00am,complete,11098,Córdoba,Real Zaragoza,N/A,38,1.67,1.17,1.57,1.19,1,2,3,1,1,0,"13","73,90'4",4,7,1,0,2,0,0,1,1,1,5,8,2,3,3,5,13,13,45,55,0.00,0.00,0.00,0.00,2.58,56,70,39,31,14,31,61,47,92,10.56,5.67,2.51,3.27,3.07,0.00,0.00,0.00,0.00,0.00,0.00,Estadio Nuevo Arcángel
1399820400,May 11 2014 - 3:00pm,complete,8172,Real Murcia,Mirandés,N/A,38,1.67,0.94,1.68,0.81,5,0,5,3,3,0,"6,42,44,53,66","",3,3,0,0,3,0,0,0,2,1,5,9,2,4,3,5,16,15,50,50,0.00,0.00,0.00,0.00,2.45,56,70,47,31,6,23,70,45,70,10.96,5.34,2.08,3.35,3.98,0.00,0.00,0.00,0.00,0.00,0.00,Estadio Nueva Condomina
1399824900,May 11 2014 - 4:15pm,complete,12114,Deportivo Alavés,Deportivo La Coruña,N/A,38,1.26,1.94,1.33,1.71,1,1,2,0,0,0,"52","89",2,5,5,0,2,0,2,3,1,1,9,11,4,8,5,3,25,8,44,56,0.00,0.00,0.00,0.00,2.34,43,67,41,22,6,30,70,38,78,9.80,5.41,2.98,3.22,2.60,0.00,0.00,0.00,0.00,0.00,0.00,Estadio de Mendizorroza
1399827600,May 11 2014 - 5:00pm,complete,8000,Real Jaén CF,Recreativo de Huelva,N/A,38,1.61,1.44,1.52,1.43,3,1,4,2,2,0,"20,30,74","55",3,3,3,0,2,0,0,3,1,1,8,11,3,7,5,4,9,19,44,56,0.00,0.00,0.00,0.00,2.31,42,64,50,20,14,25,64,42,70,7.95,6.66,2.11,3.28,3.98,0.00,0.00,0.00,0.00,0.00,0.00,Nuevo Estadio La Victoria
1400343300,May 17 2014 - 4:15pm,complete,7000,RCD Mallorca,Real Jaén CF,N/A,39,1.37,0.79,1.43,0.76,0,0,0,0,0,0,"","",8,7,1,0,3,0,0,1,1,2,8,9,6,5,2,4,16,15,51,49,0.00,0.00,0.00,0.00,2.47,47,71,45,22,14,27,69,42,71,9.94,6.42,1.88,3.50,4.80,0.00,0.00,0.00,0.00,0.00,0.00,Iberostar Estadi
1400349600,May 17 2014 - 6:00pm,complete,9000,Real Zaragoza,CE Sabadell FC,N/A,39,1.37,0.63,1.33,0.62,2,2,4,2,2,0,"22,25","64,75",6,8,1,0,1,0,0,1,1,0,9,9,5,6,4,3,23,13,38,62,0.00,0.00,0.00,0.00,2.35,45,69,48,22,6,26,56,45,79,11.00,5.52,2.00,3.44,4.26,0.00,0.00,0.00,0.00,0.00,0.00,Estadio de la Romareda
1400349600,May 17 2014 - 6:00pm,complete,5183,Mirandés,Sporting Gijón,N/A,39,1.68,1.05,1.57,1.00,1,1,2,1,0,1,"90","15",7,2,2,0,2,0,1,1,1,1,14,9,7,4,7,5,12,9,55,45,0.00,0.00,0.00,0.00,2.55,61,77,56,27,8,29,64,50,82,10.68,7.32,2.93,3.44,2.55,0.00,0.00,0.00,0.00,0.00,0.00,Estadio Municipal de Anduva
1400349600,May 17 2014 - 6:00pm,complete,8500,Hércules CF,AD Alcorcón,N/A,39,1.28,1.16,1.14,1.19,1,2,3,0,0,0,"65","68,71",7,4,3,0,4,0,0,3,1,3,7,4,7,0,0,4,14,20,53,47,0.00,0.00,0.00,0.00,2.19,46,60,43,22,6,27,62,40,68,9.60,7.18,2.69,3.20,2.93,0.00,0.00,0.00,0.00,0.00,0.00,Estadio José Rico Pérez
1400353200,May 17 2014 - 7:00pm,complete,13702,CD Tenerife,Córdoba,N/A,39,1.79,1.21,1.62,1.35,0,1,1,1,0,1,"","17",11,1,4,0,4,0,0,4,1,3,9,7,4,5,5,2,19,18,67,33,0.00,0.00,0.00,0.00,2.21,32,58,42,24,8,16,53,45,79,11.74,7.00,1.90,3.48,4.72,0.00,0.00,0.00,0.00,0.00,0.00,Estadio Heliodoro Rodríguez Lopéz
1400355000,May 17 2014 - 7:30pm,complete,1500,Barcelona II,Real Murcia,N/A,39,1.68,1.32,1.81,1.32,4,0,4,3,3,0,"12,16,26,64","",3,11,2,0,3,0,1,1,2,1,6,11,5,4,1,7,9,15,55,45,0.00,0.00,0.00,0.00,2.05,37,58,34,16,11,29,53,34,69,10.64,5.53,2.38,3.48,3.14,0.00,0.00,0.00,0.00,0.00,0.00,Mini Estadi
1400407200,May 18 2014 - 10:00am,complete,26600,Deportivo La Coruña,SD Eibar,N/A,39,1.53,1.58,1.57,1.52,1,1,2,1,1,0,"17","62",5,6,2,0,5,0,0,2,0,5,9,13,4,7,5,6,14,23,56,44,0.00,0.00,0.00,0.00,2.00,42,63,32,14,11,16,55,37,71,11.11,5.84,2.04,3.37,4.20,0.00,0.00,0.00,0.00,0.00,0.00,Estadio Municipal de Riazor (A Coruña (La Coruña))
1400429700,May 18 2014 - 4:15pm,complete,3955,CD Lugo,Deportivo Alavés,N/A,39,1.68,0.94,1.67,1.10,0,1,1,1,0,1,"","6",9,6,2,0,5,0,1,1,0,5,15,8,5,4,10,4,12,15,62,38,0.00,0.00,0.00,0.00,2.52,49,79,49,22,6,33,63,46,84,8.64,4.93,2.34,3.26,3.43,0.00,0.00,0.00,0.00,0.00,0.00,Estadio Anxo Carro
1400436000,May 18 2014 - 6:00pm,complete,6000,Recreativo de Huelva,Girona FC,N/A,39,1.42,0.89,1.48,0.95,1,0,1,1,1,0,"1","",2,6,7,0,2,0,4,3,2,0,7,13,3,6,4,7,20,13,45,55,0.00,0.00,0.00,0.00,2.37,50,69,50,24,8,24,55,48,74,10.53,5.84,2.42,3.27,3.26,0.00,0.00,0.00,0.00,0.00,0.00,Estadio Nuevo Colombino
1400436000,May 18 2014 - 6:00pm,complete,3100,Real Madrid II,UD Las Palmas,N/A,39,1.21,1.47,1.38,1.39,3,2,5,4,3,1,"12,26,38","1,69",6,4,2,0,2,0,1,1,0,2,10,4,7,2,3,2,19,13,45,55,0.00,0.00,0.00,0.00,2.53,56,77,56,24,5,37,82,34,69,11.21,7.05,2.38,3.43,3.19,0.00,0.00,0.00,0.00,0.00,0.00,Estadio Alfredo Di Stéfano
1400440500,May 18 2014 - 7:15pm,complete,3900,SD Ponferradina,CD Numancia,N/A,39,1.79,1.11,1.62,1.14,0,1,1,0,0,0,"","67",7,3,1,0,2,0,0,1,2,0,11,4,2,2,9,2,7,18,51,49,0.00,0.00,0.00,0.00,2.08,40,55,40,24,11,19,48,45,66,10.05,5.69,2.16,3.34,3.80,0.00,0.00,0.00,0.00,0.00,0.00,Estadio El Toralín
1400940000,May 24 2014 - 2:00pm,complete,18112,Sporting Gijón,Barcelona II,N/A,40,1.89,1.32,1.91,1.33,1,0,1,1,1,0,"29","",7,3,2,0,2,0,1,1,1,1,11,7,9,3,2,4,15,9,31,69,0.00,0.00,0.00,0.00,2.77,58,79,61,34,13,29,69,50,84,10.64,5.53,1.78,3.72,5.00,0.00,0.00,0.00,0.00,0.00,0.00,Estadio Municipal El Molinón
1401026400,May 25 2014 - 2:00pm,complete,13000,Córdoba,Real Madrid II,N/A,40,1.58,1.05,1.57,0.95,2,0,2,0,0,0,"53,60","",5,4,3,0,1,0,0,3,1,0,10,8,2,4,8,4,15,14,45,55,0.00,0.00,0.00,0.00,2.32,45,71,32,21,11,24,63,40,79,10.26,6.10,2.49,3.27,3.10,0.00,0.00,0.00,0.00,0.00,0.00,Estadio Nuevo Arcángel
1401030000,May 25 2014 - 3:00pm,complete,6014,Girona FC,RCD Mallorca,N/A,40,1.42,1.00,1.48,1.00,1,1,2,1,1,0,"43","77",8,6,3,1,1,0,2,2,1,0,11,16,6,5,5,11,16,22,38,62,0.00,0.00,0.00,0.00,2.61,61,79,48,32,3,27,63,53,95,10.26,5.53,2.27,3.29,3.51,0.00,0.00,0.00,0.00,0.00,0.00,Estadi Municipal de Montilivi
1401030000,May 25 2014 - 3:00pm,complete,5000,Hércules CF,CD Lugo,N/A,40,1.21,0.95,1.14,0.90,1,1,2,0,0,0,"58","88",9,4,2,0,2,0,1,1,0,2,6,5,3,4,3,1,10,10,42,58,0.00,0.00,0.00,0.00,2.03,34,56,34,16,11,27,45,37,63,8.85,5.95,2.18,3.24,3.80,0.00,0.00,0.00,0.00,0.00,0.00,Estadio José Rico Pérez
1401033600,May 25 2014 - 4:00pm,complete,9306,Real Murcia,Real Zaragoza,N/A,40,1.74,1.26,1.68,1.19,1,1,2,1,1,0,"40","68",7,5,4,0,6,0,0,4,0,6,9,8,6,4,3,4,16,25,55,45,0.00,0.00,0.00,0.00,2.95,66,79,58,40,16,37,66,56,90,11.37,5.26,2.08,3.34,4.01,0.00,0.00,0.00,0.00,0.00,0.00,Estadio Nueva Condomina
1401037200,May 25 2014 - 5:00pm,complete,12000,Real Jaén CF,SD Ponferradina,N/A,40,1.68,0.74,1.52,0.81,0,1,1,1,0,1,"","17",6,2,2,0,2,0,0,2,0,2,8,6,3,2,5,4,11,21,62,38,0.00,0.00,0.00,0.00,2.21,42,61,45,21,8,32,63,35,77,8.42,5.95,2.30,3.15,3.60,0.00,0.00,0.00,0.00,0.00,0.00,Nuevo Estadio La Victoria
1401037200,May 25 2014 - 5:00pm,complete,10182,CE Sabadell FC,CD Tenerife,N/A,40,2.21,1.05,2.19,0.95,1,0,1,1,1,0,"38","",8,3,4,0,4,0,3,1,2,2,10,8,3,4,7,4,14,9,50,50,0.00,0.00,0.00,0.00,2.55,45,71,55,29,8,29,61,55,84,9.32,5.74,2.46,3.21,3.20,0.00,0.00,0.00,0.00,0.00,0.00,Estadi de la Nova Creu Alta
1401040800,May 25 2014 - 6:00pm,complete,5300,CD Numancia,Deportivo La Coruña,N/A,40,1.37,1.89,1.43,1.71,2,1,3,2,1,1,"22,83","27",5,0,5,0,2,1,2,3,1,2,9,5,4,2,5,3,22,12,62,38,0.00,0.00,0.00,0.00,1.87,29,53,26,13,6,19,48,35,71,10.58,5.21,2.70,3.18,2.89,0.00,0.00,0.00,0.00,0.00,0.00,Nuevo Estadio Los Pajaritos
1401041700,May 25 2014 - 6:15pm,complete,5129,SD Eibar,Deportivo Alavés,N/A,40,1.74,1.05,1.86,1.10,1,0,1,0,0,0,"61","",6,6,2,1,2,0,0,3,0,2,11,20,5,7,6,13,17,16,49,51,0.00,0.00,0.00,0.00,2.16,34,66,40,14,8,16,55,45,74,8.26,5.85,1.87,3.39,4.99,0.00,0.00,0.00,0.00,0.00,0.00,Estadio Municipal de Ipurúa
1401044400,May 25 2014 - 7:00pm,complete,9323,UD Las Palmas,Recreativo de Huelva,N/A,40,1.68,1.37,1.70,1.43,2,3,5,1,1,0,"2,57","60,66,82",2,9,3,0,3,0,1,2,1,2,7,12,5,5,2,7,16,19,46,54,0.00,0.00,0.00,0.00,2.27,40,66,43,21,11,13,58,48,74,8.78,6.95,1.79,3.54,5.31,0.00,0.00,0.00,0.00,0.00,0.00,Estadio de Gran Canaria
1401044400,May 25 2014 - 7:00pm,complete,1000,AD Alcorcón,Mirandés,N/A,40,1.47,0.89,1.62,0.81,2,0,2,0,0,0,"46,88","",4,3,3,0,3,0,2,1,2,1,8,7,4,2,4,5,16,17,57,43,0.00,0.00,0.00,0.00,1.87,29,53,29,19,6,16,61,29,63,10.11,6.63,1.79,3.53,5.28,0.00,0.00,0.00,0.00,0.00,0.00,Estadio Santo Domingo
1401555600,May 31 2014 - 5:00pm,complete,4959,SD Eibar,CD Lugo,N/A,41,1.80,0.95,1.86,0.90,1,0,1,1,1,0,"9","",7,6,2,0,3,0,0,2,2,1,14,23,6,10,8,13,15,7,39,61,0.00,0.00,0.00,0.00,1.88,28,50,30,13,10,13,38,40,70,8.45,5.65,1.85,3.50,4.92,0.00,0.00,0.00,0.00,0.00,0.00,Estadio Municipal de Ipurúa
1401555600,May 31 2014 - 5:00pm,complete,14356,Deportivo Alavés,CD Numancia,N/A,41,1.25,1.20,1.33,1.14,3,1,4,1,1,0,"27,49,56","63",5,6,4,0,2,1,1,3,2,1,7,4,6,2,1,2,15,16,45,55,0.00,0.00,0.00,0.00,2.35,55,65,48,30,10,28,58,45,73,10.10,5.75,1.51,4.22,7.73,0.00,0.00,0.00,0.00,0.00,0.00,Estadio de Mendizorroza
1401555600,May 31 2014 - 5:00pm,complete,33639,Deportivo La Coruña,Real Jaén CF,N/A,41,1.50,0.80,1.57,0.76,1,0,1,1,1,0,"29","",5,3,2,0,1,0,0,2,0,1,6,9,3,2,3,7,14,19,56,44,0.00,0.00,0.00,0.00,2.13,48,65,35,13,10,20,63,35,70,9.95,5.75,1.92,3.33,4.82,0.00,0.00,0.00,0.00,0.00,0.00,Estadio Municipal de Riazor (A Coruña (La Coruña))
1401555600,May 31 2014 - 5:00pm,complete,8000,SD Ponferradina,Girona FC,N/A,41,1.70,0.85,1.62,0.95,1,2,3,1,0,1,"72","15,79",9,5,2,0,1,0,1,1,0,1,17,8,7,4,10,4,9,10,61,39,0.00,0.00,0.00,0.00,2.15,38,60,38,20,8,18,53,40,75,9.75,5.15,2.47,3.25,3.16,0.00,0.00,0.00,0.00,0.00,0.00,Estadio El Toralín
1401555600,May 31 2014 - 5:00pm,complete,15000,RCD Mallorca,UD Las Palmas,N/A,41,1.35,1.40,1.43,1.39,2,0,2,0,0,0,"48,61","",6,7,4,0,2,0,2,2,2,0,11,10,3,4,8,6,20,11,39,61,0.00,0.00,0.00,0.00,2.58,50,75,55,25,13,38,75,35,70,10.15,7.10,2.45,3.37,3.08,0.00,0.00,0.00,0.00,0.00,0.00,Iberostar Estadi
1401555600,May 31 2014 - 5:00pm,complete,13000,Recreativo de Huelva,Córdoba,N/A,41,1.50,1.30,1.48,1.35,1,1,2,1,0,1,"90","35",8,5,5,0,1,0,1,4,1,0,7,6,6,4,1,2,28,11,57,43,0.00,0.00,0.00,0.00,2.30,48,60,45,25,8,23,55,45,73,10.00,7.40,2.37,3.31,3.26,0.00,0.00,0.00,0.00,0.00,0.00,Estadio Nuevo Colombino
1401555600,May 31 2014 - 5:00pm,complete,3800,Real Madrid II,CE Sabadell FC,N/A,41,1.30,0.65,1.38,0.62,2,1,3,0,0,0,"59,61","84",10,2,4,0,2,0,1,3,1,1,10,5,6,4,4,1,11,14,50,50,0.00,0.00,0.00,0.00,2.75,55,78,55,35,10,33,73,50,78,12.35,5.70,1.81,3.80,4.63,0.00,0.00,0.00,0.00,0.00,0.00,Estadio Alfredo Di Stéfano
1401555600,May 31 2014 - 5:00pm,complete,5000,Real Zaragoza,Sporting Gijón,N/A,41,1.35,1.05,1.33,1.00,1,1,2,1,1,0,"40","88",2,5,4,0,1,0,1,3,1,0,9,9,4,2,5,7,15,17,55,45,0.00,0.00,0.00,0.00,2.33,55,70,50,23,3,30,65,45,73,10.70,6.85,0.00,0.00,0.00,0.00,0.00,0.00,0.00,0.00,0.00,Estadio de la Romareda
1401555600,May 31 2014 - 5:00pm,complete,1941,Barcelona II,AD Alcorcón,N/A,41,1.75,1.25,1.81,1.19,4,3,7,2,0,2,"56,59,72,90","33,42,88",2,10,2,1,5,0,0,3,0,5,5,10,3,6,2,4,7,16,56,44,0.00,0.00,0.00,0.00,2.35,43,68,48,20,3,28,63,45,80,10.50,5.55,2.32,3.42,3.26,0.00,0.00,0.00,0.00,0.00,0.00,Mini Estadi
1401555600,May 31 2014 - 5:00pm,complete,4227,Mirandés,Hércules CF,N/A,41,1.65,0.90,1.57,1.00,0,1,1,0,0,0,"","72",4,3,2,0,3,0,1,1,1,2,9,13,3,6,6,7,17,10,54,46,0.00,0.00,0.00,0.00,2.75,63,80,55,30,15,38,68,53,85,10.85,6.20,2.00,3.56,4.01,0.00,0.00,0.00,0.00,0.00,0.00,Estadio Municipal de Anduva
1401555600,May 31 2014 - 5:00pm,complete,7825,CD Tenerife,Real Murcia,N/A,41,1.70,1.25,1.62,1.32,0,1,1,1,0,1,"","1",8,1,3,0,5,0,1,2,0,5,7,6,2,2,5,4,14,14,57,43,0.00,0.00,0.00,0.00,2.08,30,55,35,23,13,23,58,35,68,12.35,6.75,3.26,3.31,2.37,0.00,0.00,0.00,0.00,0.00,0.00,Estadio Heliodoro Rodríguez Lopéz
1402158600,Jun 07 2014 - 4:30pm,complete,12000,Real Jaén CF,Deportivo Alavés,N/A,42,1.60,1.00,1.52,1.10,2,3,5,0,0,0,"54,84","82,83,90",5,6,5,1,4,0,0,6,0,4,10,10,2,2,8,8,12,10,49,51,0.00,0.00,0.00,0.00,2.28,40,68,45,18,8,30,63,40,75,7.90,5.05,0.00,0.00,0.00,0.00,0.00,0.00,0.00,0.00,0.00,Nuevo Estadio La Victoria
1402158600,Jun 07 2014 - 4:30pm,complete,8846,Girona FC,Deportivo La Coruña,N/A,42,1.40,1.80,1.48,1.71,3,1,4,1,1,0,"42,55,65","86",10,3,1,0,1,0,0,1,0,1,11,5,4,3,7,2,11,12,41,59,0.00,0.00,0.00,0.00,2.25,45,70,35,18,3,18,58,48,85,9.90,5.30,1.62,3.80,6.60,0.00,0.00,0.00,0.00,0.00,0.00,Estadi Municipal de Montilivi
1402158600,Jun 07 2014 - 4:30pm,complete,8832,UD Las Palmas,SD Ponferradina,N/A,42,1.60,0.85,1.70,0.81,3,2,5,2,1,1,"38,69,89","34,65",-1,-1,1,0,1,0,1,0,0,1,-1,-1,-1,-1,-1,-1,-1,-1,-1,-1,0.00,0.00,0.00,0.00,2.13,38,60,35,20,8,15,58,38,78,9.07,6.25,1.76,3.71,5.16,0.00,0.00,0.00,0.00,0.00,0.00,Estadio de Gran Canaria
1402158600,Jun 07 2014 - 4:30pm,complete,21000,Córdoba,RCD Mallorca,N/A,42,1.65,1.00,1.57,1.00,0,0,0,0,0,0,"","",7,9,0,0,5,0,0,0,2,3,8,7,5,3,3,4,9,20,55,45,0.00,0.00,0.00,0.00,2.38,55,73,40,25,3,25,65,45,88,10.20,5.70,2.18,3.33,3.68,0.00,0.00,0.00,0.00,0.00,0.00,Estadio Nuevo Arcángel
1402158600,Jun 07 2014 - 4:30pm,complete,8163,CE Sabadell FC,Recreativo de Huelva,N/A,42,2.25,1.45,2.19,1.43,0,0,0,0,0,0,"","",8,3,1,1,2,0,0,2,1,1,12,11,5,5,7,6,11,17,58,42,0.00,0.00,0.00,0.00,2.65,45,73,58,30,15,28,73,58,73,8.75,7.20,2.31,3.34,3.37,0.00,0.00,0.00,0.00,0.00,0.00,Estadi de la Nova Creu Alta
1402158600,Jun 07 2014 - 4:30pm,complete,22315,Sporting Gijón,CD Tenerife,N/A,42,1.95,1.00,1.91,0.95,3,0,3,3,3,0,"2,15,34","",2,6,2,0,1,0,1,1,0,1,11,12,4,3,7,9,17,9,42,58,0.00,0.00,0.00,0.00,2.60,53,73,50,33,13,28,65,45,80,10.45,6.05,1.25,6.35,9.99,0.00,0.00,0.00,0.00,0.00,0.00,Estadio Municipal El Molinón
1402158600,Jun 07 2014 - 4:30pm,complete,3500,Hércules CF,Barcelona II,N/A,42,1.20,1.25,1.14,1.33,1,2,3,2,0,2,"54","17,44",7,4,3,0,4,0,2,1,2,2,12,10,7,6,5,4,6,13,36,64,0.00,0.00,0.00,0.00,2.30,48,65,50,20,8,25,58,45,73,10.15,5.50,2.84,3.41,2.60,0.00,0.00,0.00,0.00,0.00,0.00,Estadio José Rico Pérez
1402158600,Jun 07 2014 - 4:30pm,complete,4589,CD Lugo,Mirandés,N/A,42,1.60,0.85,1.67,0.81,1,0,1,0,0,0,"71","",3,4,1,0,2,0,1,0,0,2,4,11,2,6,2,5,14,10,41,59,0.00,0.00,0.00,0.00,2.30,43,63,43,25,8,28,65,40,73,9.80,5.10,0.00,0.00,0.00,0.00,0.00,0.00,0.00,0.00,0.00,Estadio Anxo Carro
1402158600,Jun 07 2014 - 4:30pm,complete,12000,Real Murcia,Real Madrid II,N/A,42,1.70,1.00,1.68,0.95,1,0,1,1,1,0,"15","",4,5,3,0,5,0,1,2,1,4,11,15,4,5,7,10,20,14,50,50,0.00,0.00,0.00,0.00,2.63,53,80,45,30,13,30,65,45,78,11.05,5.80,2.31,3.34,3.37,0.00,0.00,0.00,0.00,0.00,0.00,Estadio Nueva Condomina
1402243200,Jun 08 2014 - 4:00pm,complete,4010,CD Numancia,SD Eibar,N/A,42,1.45,1.55,1.43,1.52,1,1,2,1,1,0,"16","83",4,5,1,1,1,0,2,0,1,0,8,11,4,5,4,6,10,12,47,53,0.00,0.00,0.00,0.00,1.95,40,60,28,15,10,18,48,33,75,11.60,5.70,2.81,3.13,2.81,0.00,0.00,0.00,0.00,0.00,0.00,Nuevo Estadio Los Pajaritos
1402244100,Jun 08 2014 - 4:15pm,complete,3000,AD Alcorcón,Real Zaragoza,N/A,42,1.55,1.25,1.62,1.19,1,0,1,0,0,0,"65","",9,1,2,0,0,0,1,1,0,0,12,3,5,2,7,1,19,11,56,44,0.00,0.00,0.00,0.00,2.23,43,63,35,23,10,25,55,38,83,10.70,6.80,1.94,3.42,4.50,0.00,0.00,0.00,0.00,0.00,0.00,Estadio Santo Domingo
1402509600,Jun 11 2014 - 6:00pm,complete,14000,Córdoba,Real Murcia,N/A,N/A,1.45,1.55,1.46,1.50,0,0,0,0,0,0,"","",1,4,3,0,6,0,2,1,3,3,15,9,5,5,10,4,15,15,55,45,0.00,0.00,0.00,0.00,2.24,49,62,38,26,9,22,57,41,73,10.24,6.41,2.41,3.11,3.40,0.00,0.00,0.00,0.00,0.00,0.00,Estadio Nuevo Arcángel
1402516800,Jun 11 2014 - 8:00pm,complete,12440,UD Las Palmas,Sporting Gijón,N/A,N/A,1.50,1.52,1.54,1.45,1,0,1,1,1,0,"21","",2,5,2,0,3,0,2,0,1,2,8,8,4,4,4,4,9,19,61,39,0.00,0.00,0.00,0.00,2.56,54,76,52,27,12,30,69,43,77,10.00,6.76,2.23,3.31,3.58,0.00,0.00,0.00,0.00,0.00,0.00,Estadio de Gran Canaria
1402851600,Jun 15 2014 - 5:00pm,complete,20073,Sporting Gijón,UD Las Palmas,N/A,N/A,1.49,1.53,1.45,1.54,0,1,1,0,0,0,"","89",7,3,2,0,2,0,1,1,0,2,10,9,5,2,5,7,12,12,58,42,0.00,0.00,0.00,0.00,2.52,52,75,50,27,12,30,70,42,75,9.93,6.72,2.14,3.24,3.93,0.00,0.00,0.00,0.00,0.00,0.00,Estadio Municipal El Molinón
1402858800,Jun 15 2014 - 7:00pm,complete,16794,Real Murcia,Córdoba,N/A,N/A,1.53,1.44,1.50,1.46,1,2,3,1,0,1,"52","7,57",5,2,3,0,4,0,2,1,1,3,12,0,4,0,8,0,14,18,63,37,0.00,0.00,0.00,0.00,2.19,48,61,38,26,9,21,56,40,71,10.12,6.46,2.05,3.17,4.42,0.00,0.00,0.00,0.00,0.00,0.00,Estadio Nueva Condomina
1403200800,Jun 19 2014 - 6:00pm,complete,19000,Córdoba,UD Las Palmas,N/A,N/A,1.48,1.57,1.46,1.54,0,0,0,0,0,0,"","",4,5,2,0,0,0,1,1,0,0,9,7,5,5,4,2,16,10,43,57,0.00,0.00,0.00,0.00,2.22,44,64,40,20,8,20,57,40,77,9.24,6.39,2.47,3.07,3.34,0.00,0.00,0.00,0.00,0.00,0.00,Estadio Nuevo Arcángel
1403452800,Jun 22 2014 - 4:00pm,complete,31240,UD Las Palmas,Córdoba,N/A,N/A,1.56,1.47,1.54,1.46,1,1,2,0,0,0,"48","90",3,3,2,0,4,0,2,0,1,3,9,7,5,4,4,3,13,17,57,43,0.00,0.00,0.00,0.00,2.17,43,63,39,20,8,19,56,39,76,9.24,6.29,2.01,3.33,4.32,0.00,0.00,0.00,0.00,0.00,0.00,Estadio de Gran Canaria
