timestamp,date_GMT,status,attendance,home_team_name,away_team_name,referee,Game Week,Pre-Match PPG (Home),Pre-Match PPG (Away),home_ppg,away_ppg,home_team_goal_count,away_team_goal_count,total_goal_count,total_goals_at_half_time,home_team_goal_count_half_time,away_team_goal_count_half_time,home_team_goal_timings,away_team_goal_timings,home_team_corner_count,away_team_corner_count,home_team_yellow_cards,home_team_red_cards,away_team_yellow_cards,away_team_red_cards,home_team_first_half_cards,home_team_second_half_cards,away_team_first_half_cards,away_team_second_half_cards,home_team_shots,away_team_shots,home_team_shots_on_target,away_team_shots_on_target,home_team_shots_off_target,away_team_shots_off_target,home_team_fouls,away_team_fouls,home_team_possession,away_team_possession,Home Team Pre-Match xG,Away Team Pre-Match xG,team_a_xg,team_b_xg,average_goals_per_match_pre_match,btts_percentage_pre_match,over_15_percentage_pre_match,over_25_percentage_pre_match,over_35_percentage_pre_match,over_45_percentage_pre_match,over_15_HT_FHG_percentage_pre_match,over_05_HT_FHG_percentage_pre_match,over_15_2HG_percentage_pre_match,over_05_2HG_percentage_pre_match,average_corners_per_match_pre_match,average_cards_per_match_pre_match,odds_ft_home_team_win,odds_ft_draw,odds_ft_away_team_win,odds_ft_over15,odds_ft_over25,odds_ft_over35,odds_ft_over45,odds_btts_yes,odds_btts_no,stadium_name
1691773200,Aug 11 2023 - 5:00pm,complete,N/A,SD Amorebieta,Levante UD,Dámaso Arcediano Monescillo,1,0.00,0.00,1.29,1.14,1,1,2,1,0,1,"64","30",8,2,0,0,3,0,0,0,3,0,12,8,4,3,5,5,21,19,41,59,0.00,0.00,1.16,0.97,0.00,0,0,0,0,0,0,0,0,0,0.00,0.00,4.50,3.40,1.80,1.42,2.30,4.50,7.50,1.91,1.80,Instalaciones de Lezama Campo 2 (Lezama)
1691782200,Aug 11 2023 - 7:30pm,complete,N/A,Real Valladolid,Sporting Gijón,Jon Ander González Esteban,1,0.00,0.00,2.24,1.09,2,0,2,1,1,0,"20,53","",8,2,5,0,5,0,3,2,3,2,18,11,6,3,6,4,11,14,47,53,0.00,0.00,1.51,0.99,0.00,0,0,0,0,0,0,0,0,0,0.00,0.00,1.73,3.25,4.33,1.40,2.10,4.00,8.00,2.00,1.73,Estadio Municipal José Zorrilla (Valladolid)
1691859600,Aug 12 2023 - 5:00pm,complete,N/A,Racing Santander,SD Eibar,Iván Caparrós Hernández,1,0.00,0.00,2.00,1.18,4,0,4,3,3,0,"22,24,38,72","",4,6,2,0,3,0,0,2,3,0,12,16,9,4,3,8,8,10,38,62,0.00,0.00,1.60,1.63,0.00,0,0,0,0,0,0,0,0,0,0.00,0.00,3.60,3.15,2.07,1.42,2.20,4.10,7.75,1.91,1.80,Campos de Sport de El Sardinero (Santander)
1691866800,Aug 12 2023 - 7:00pm,complete,N/A,Real Zaragoza,Villarreal II,Alejandro Quintero González,1,0.00,0.00,1.29,0.48,2,0,2,0,0,0,"56,64","",4,0,2,0,4,0,0,2,1,3,17,12,8,3,7,6,10,9,54,46,0.00,0.00,1.76,0.96,0.00,0,0,0,0,0,0,0,0,0,0.00,0.00,1.95,3.25,4.00,1.45,2.35,4.75,8.00,2.20,1.62,Estadio de la Romareda (Zaragoza)
1691870400,Aug 12 2023 - 8:00pm,complete,N/A,Elche CF,Racing Club de Ferrol,Germán Cid Camacho,1,0.00,0.00,1.71,0.95,0,1,1,0,0,0,"","51",4,4,0,0,2,0,0,0,2,0,15,12,2,4,8,5,13,10,56,44,0.00,0.00,1.26,1.12,0.00,0,0,0,0,0,0,0,0,0,0.00,0.00,1.61,3.60,5.25,1.33,1.91,3.75,7.00,1.91,1.80,Estadio Manuel Martínez Valero (Elche)
1691938800,Aug 13 2023 - 3:00pm,complete,N/A,Burgos CF,SD Huesca,Andrés Fuentes Molina,1,0.00,0.00,2.10,1.29,1,1,2,2,1,1,"35","10",6,5,2,0,4,0,2,0,2,2,21,5,6,3,11,0,5,13,49,51,0.00,0.00,1.77,0.64,0.00,0,0,0,0,0,0,0,0,0,0.00,0.00,2.29,3.05,3.15,1.55,2.37,4.60,9.10,2.00,1.73,Estadio Municipal de El Plantío (Burgos)
1691947800,Aug 13 2023 - 5:30pm,complete,N/A,Albacete Balompié,RCD Espanyol,Adrián Cordero Vega,1,0.00,0.00,1.67,1.22,1,1,2,1,0,1,"90'3","40",7,4,3,0,3,0,0,3,0,3,19,9,7,4,7,3,15,14,55,45,0.00,0.00,1.84,1.03,0.00,0,0,0,0,0,0,0,0,0,0.00,0.00,3.15,3.15,2.28,1.38,2.15,4.00,7.50,1.83,1.83,Estadio Carlos Belmonte (Albacete)
1691947800,Aug 13 2023 - 5:30pm,complete,N/A,FC Cartagena,CD Eldense,Miguel Sesma Espinosa,1,0.00,0.00,1.33,1.14,0,1,1,1,0,1,"","41",6,6,1,0,1,0,0,1,1,0,13,9,3,3,7,4,9,17,56,44,0.00,0.00,1.21,0.94,0.00,0,0,0,0,0,0,0,0,0,0.00,0.00,1.86,3.20,4.35,1.44,2.45,4.70,7.80,2.20,1.62,Estadio Municipal Cartagonova (Cartagena)
1691956800,Aug 13 2023 - 8:00pm,complete,N/A,Leganés,FC Andorra,Rafael Sánchez López,1,0.00,0.00,1.95,0.57,0,1,1,1,0,1,"","29",2,2,5,0,1,0,2,3,0,1,13,15,5,5,6,5,20,7,32,68,0.00,0.00,1.40,1.26,0.00,0,0,0,0,0,0,0,0,0,0.00,0.00,2.36,3.10,3.25,1.50,2.40,4.75,9.00,2.10,1.67,Estadio Municipal de Butarque (Leganés)
1692032400,Aug 14 2023 - 5:00pm,complete,N/A,Mirandés,AD Alcorcón,Miguel González Díaz,1,0.00,0.00,1.52,0.86,4,0,4,2,2,0,"16,37,59,73","",2,5,1,0,1,0,0,1,1,0,18,19,7,7,7,6,14,6,39,61,0.00,0.00,1.61,1.84,0.00,0,0,0,0,0,0,0,0,0,0.00,0.00,2.34,2.90,2.79,1.44,2.40,4.75,9.00,2.10,1.67,Estadio Municipal de Anduva (Miranda de Ebro)
1692041400,Aug 14 2023 - 7:30pm,complete,N/A,CD Tenerife,Real Oviedo,Saúl Ais Reig,1,0.00,0.00,1.81,1.04,1,0,1,1,1,0,"18","",6,4,6,0,0,0,3,3,0,0,11,8,4,0,4,6,15,7,54,46,0.00,0.00,1.19,0.61,0.00,0,0,0,0,0,0,0,0,0,0.00,0.00,2.05,2.95,3.90,1.48,2.65,4.75,10.00,2.25,1.57,Estadio Heliodoro Rodríguez Lopéz (Santa Cruz de Tenerife (Tenerife))
1692378000,Aug 18 2023 - 5:00pm,complete,N/A,FC Andorra,FC Cartagena,Álvaro Moreno Aragón,2,0.00,0.00,1.48,1.10,3,2,5,0,0,0,"56,64,79","72,90'4",6,0,2,0,4,0,2,0,2,2,18,6,6,4,8,1,13,8,72,28,0.00,0.00,1.79,0.77,0.00,0,0,0,0,0,0,0,0,0,0.00,0.00,2.02,3.45,3.80,1.42,2.20,4.50,8.00,2.05,1.72,Estadi Nacional (Andorra la Vella)
1692387000,Aug 18 2023 - 7:30pm,complete,21023,Real Zaragoza,Real Valladolid,Rubén Ávalos Barrera,2,3.00,0.00,1.29,1.19,1,0,1,1,1,0,"31","",5,0,3,0,2,0,1,2,1,1,14,12,6,6,5,4,10,15,42,58,1.76,0.00,1.42,1.31,1.00,0,50,0,0,0,0,0,50,50,4.00,2.00,2.90,3.10,2.60,1.45,2.35,4.75,9.00,2.00,1.75,Estadio de la Romareda (Zaragoza)
1692457200,Aug 19 2023 - 3:00pm,complete,N/A,SD Eibar,Elche CF,Oliver De La Fuente Ramos,2,0.00,0.00,2.09,1.10,2,1,3,1,1,0,"5,77","66",6,4,1,0,2,0,0,1,0,2,12,14,6,4,3,6,13,8,49,51,0.00,0.00,1.30,1.30,0.00,0,0,0,0,0,0,0,0,0,0.00,0.00,2.18,3.00,3.53,1.44,2.50,4.50,9.00,2.00,1.75,Estadio Municipal de Ipurúa (Eibar)
1692464400,Aug 19 2023 - 5:00pm,complete,N/A,RCD Espanyol,Racing Santander,Raúl Martín González Francés,2,0.00,0.00,2.09,1.05,2,0,2,1,1,0,"6,68","",6,7,1,0,2,0,0,1,1,1,22,13,7,3,5,6,22,16,47,53,0.00,0.00,1.48,1.14,0.00,0,0,0,0,0,0,0,0,0,0.00,0.00,1.76,3.35,4.80,1.40,2.30,3.75,7.50,2.08,1.71,RCDE Stadium (Cornella de Llobregat)
1692466200,Aug 19 2023 - 5:30pm,complete,N/A,Levante UD,Burgos CF,José Luis Guzmán Mansilla,2,0.00,0.00,1.67,0.71,3,2,5,3,2,1,"45'3,45'6,60","45,71",4,4,4,0,3,0,2,2,1,2,20,18,12,9,6,7,19,5,51,49,0.00,0.00,2.28,1.89,0.00,0,0,0,0,0,0,0,0,0,0.00,0.00,1.67,3.50,5.25,1.47,2.47,4.50,9.00,2.31,1.58,Estadio Ciudad de Valencia (Valencia)
1692475200,Aug 19 2023 - 8:00pm,complete,N/A,AD Alcorcón,Leganés,Luis Mario Milla Alvéndiz,2,0.00,0.00,1.24,1.57,0,2,2,0,0,0,"","49,71",8,5,2,0,4,0,1,1,1,3,17,8,4,5,5,2,13,14,50,50,0.00,0.00,1.29,1.04,0.00,0,0,0,0,0,0,0,0,0,0.00,0.00,2.53,2.78,3.10,1.52,2.65,5.00,10.00,2.09,1.71,Estadio Santo Domingo (Alcorcón)
1692543600,Aug 20 2023 - 3:00pm,complete,17102,Real Oviedo,Racing Club de Ferrol,Daniel Jesús Trujillo Suárez,2,0.00,3.00,2.04,0.95,1,1,2,1,0,1,"47","32",6,3,2,0,1,1,1,1,1,1,17,6,4,2,8,2,7,11,59,41,0.00,1.12,1.44,0.62,0.50,0,0,0,0,0,0,0,0,50,4.00,2.00,1.93,3.10,3.90,1.50,2.62,5.00,9.00,2.30,1.55,Estadio Nuevo Carlos Tartiere (Oviedo)
1692552600,Aug 20 2023 - 5:30pm,complete,N/A,Sporting Gijón,Mirandés,Salvador Lax Franco,2,0.00,0.00,1.91,0.81,3,0,3,3,3,0,"27,34,38","",7,11,2,0,2,0,0,2,2,0,13,23,8,12,2,6,10,11,51,49,0.00,0.00,1.54,2.36,0.00,0,0,0,0,0,0,0,0,0,0.00,0.00,2.22,2.90,2.99,1.44,2.37,4.33,8.00,2.02,1.75,Estadio Municipal El Molinón (Gijón)
1692561600,Aug 20 2023 - 8:00pm,complete,N/A,Albacete Balompié,SD Amorebieta,Iosu Galech Apezteguía,2,1.00,0.00,1.67,0.86,2,2,4,3,1,2,"45'2,49","5,24",4,7,2,0,0,0,2,0,0,0,19,14,9,4,8,6,11,8,60,40,1.84,0.00,2.22,1.23,1.00,50,50,0,0,0,0,50,0,50,7.00,3.00,1.54,3.70,6.30,1.48,2.55,4.60,8.25,2.50,1.50,Estadio Carlos Belmonte (Albacete)
1692637200,Aug 21 2023 - 5:00pm,complete,N/A,Villarreal II,CD Eldense,Manuel Jesús Orellana Cid,2,0.00,3.00,1.57,1.14,3,1,4,3,2,1,"4,27,50","34",2,5,2,0,1,0,1,1,1,0,14,14,7,5,5,7,17,17,44,56,0.00,0.94,1.40,1.46,0.50,0,0,0,0,0,0,50,0,0,6.00,1.00,2.25,2.88,2.97,1.36,2.25,3.75,7.00,1.83,1.83,Estadio de la Cerámica (Villarreal)
1692646200,Aug 21 2023 - 7:30pm,complete,N/A,SD Huesca,CD Tenerife,José Antonio López Toca,2,0.00,0.00,1.05,0.86,0,2,2,1,0,1,"","14,50",4,2,0,0,4,0,0,0,2,2,13,12,5,6,5,4,6,16,58,42,0.00,0.00,1.37,1.27,0.00,0,0,0,0,0,0,0,0,0,0.00,0.00,2.62,2.74,2.49,1.52,2.75,4.70,8.50,2.20,1.62,Estadio El Alcoraz (Huesca)
1692991800,Aug 25 2023 - 7:30pm,complete,N/A,FC Cartagena,Levante UD,Adrián Cordero Vega,3,0.00,1.00,1.33,1.14,0,1,1,1,0,1,"","25",2,12,4,0,6,0,0,4,1,5,10,14,4,6,5,6,12,13,56,44,1.21,0.97,1.40,1.48,1.50,50,50,0,0,0,0,100,0,50,8.00,4.00,2.52,3.00,2.62,1.44,2.21,4.33,8.00,2.00,1.73,Estadio Municipal Cartagonova (Cartagena)
1693062000,Aug 26 2023 - 3:00pm,complete,N/A,Burgos CF,Real Oviedo,Dámaso Arcediano Monescillo,3,1.00,0.00,2.10,1.04,1,0,1,1,1,0,"14","",4,3,4,0,3,1,1,3,3,1,17,11,6,4,8,5,12,17,58,42,1.77,0.61,1.64,1.14,1.50,50,50,0,0,0,50,100,0,0,10.00,2.00,2.50,2.70,3.10,1.50,3.15,5.50,11.00,2.30,1.57,Estadio Municipal de El Plantío (Burgos)
1693069200,Aug 26 2023 - 5:00pm,complete,N/A,CD Tenerife,Real Zaragoza,Jon Ander González Esteban,3,3.00,0.00,1.81,1.14,0,1,1,0,0,0,"","69",11,3,3,1,3,0,0,4,2,1,15,9,3,6,4,1,18,9,54,46,1.19,0.00,1.08,1.08,0.50,0,0,0,0,0,0,50,0,0,6.00,6.00,2.15,2.90,3.70,1.50,2.70,4.75,9.00,2.20,1.65,Estadio Heliodoro Rodríguez Lopéz (Santa Cruz de Tenerife (Tenerife))
1693078200,Aug 26 2023 - 7:30pm,complete,N/A,Elche CF,Villarreal II,Rafael Sánchez López,3,0.00,0.00,1.71,0.48,1,0,1,1,1,0,"9","",4,4,2,0,0,0,0,2,0,0,20,13,9,4,8,5,14,7,49,51,1.26,0.96,2.03,1.09,1.50,0,50,0,0,0,0,0,50,100,4.00,4.00,1.60,3.55,6.00,1.44,2.40,4.50,8.80,2.33,1.56,Estadio Manuel Martínez Valero (Elche)
1693078200,Aug 26 2023 - 7:30pm,complete,N/A,Real Valladolid,AD Alcorcón,Andrés Fuentes Molina,3,3.00,0.00,2.24,0.86,0,2,2,1,0,1,"","35,90'4",10,3,1,0,4,0,0,1,2,2,29,13,3,6,10,3,9,21,72,28,1.51,1.84,1.69,1.17,3.00,0,100,50,50,0,50,100,50,100,13.00,6.00,1.73,3.25,5.00,1.44,2.40,4.55,8.90,2.29,1.58,Estadio Municipal José Zorrilla (Valladolid)
1693148400,Aug 27 2023 - 3:00pm,complete,9010,Racing Club de Ferrol,Sporting Gijón,Alejandro Quintero González,3,0.00,0.00,1.86,1.09,2,0,2,0,0,0,"53,86","",4,4,0,0,2,0,0,0,1,1,14,7,4,2,7,4,12,14,45,55,0.00,0.99,1.32,0.85,1.00,0,50,0,0,0,0,50,0,50,2.00,5.00,2.38,3.14,3.18,1.49,2.49,4.70,8.50,2.10,1.65,N/A
1693157400,Aug 27 2023 - 5:30pm,complete,N/A,Mirandés,RCD Espanyol,Saúl Ais Reig,3,3.00,1.00,1.52,1.22,0,1,1,0,0,0,"","58",4,7,4,0,2,0,1,3,0,2,6,18,2,5,2,10,11,12,51,49,1.61,1.03,0.72,1.70,3.00,50,100,50,50,0,50,100,50,100,6.00,4.00,3.19,3.16,2.36,1.40,2.36,4.30,7.80,1.93,1.75,Estadio Municipal de Anduva (Miranda de Ebro)
1693157400,Aug 27 2023 - 5:30pm,complete,N/A,SD Amorebieta,FC Andorra,Germán Cid Camacho,3,1.00,3.00,1.29,0.57,3,0,3,1,1,0,"39,53,90'1","",3,7,2,0,1,0,0,2,1,0,10,16,5,6,3,8,11,10,24,76,1.16,1.26,1.06,1.89,1.50,50,50,0,0,0,0,100,0,50,10.00,1.00,3.51,3.10,2.24,1.52,2.52,4.85,9.70,2.20,1.65,Instalaciones de Lezama Campo 2 (Lezama)
1693164600,Aug 27 2023 - 7:30pm,complete,N/A,Leganés,Albacete Balompié,Iván Caparrós Hernández,3,0.00,0.00,1.95,0.76,2,0,2,1,1,0,"22,68","",2,5,3,0,2,0,3,0,0,2,12,13,3,4,8,6,10,12,34,66,1.40,0.00,1.11,1.40,0.50,0,0,0,0,0,0,50,0,0,2.00,5.00,2.45,3.00,3.00,1.48,2.40,4.90,7.80,2.15,1.62,Estadio Municipal de Butarque (Leganés)
1693242000,Aug 28 2023 - 5:00pm,complete,N/A,CD Eldense,SD Eibar,Miguel González Díaz,3,0.00,0.00,1.24,1.18,2,1,3,2,2,0,"29,39","89",6,4,1,0,4,0,0,1,0,4,8,13,5,3,1,4,8,11,46,54,0.00,1.63,0.98,1.07,2.00,0,50,50,50,0,50,50,0,50,6.00,3.00,3.00,3.00,2.30,1.50,2.43,5.19,8.50,2.10,1.67,Estadio Municipal Nuevo Pepico Amat (Elda)
1693251000,Aug 28 2023 - 7:30pm,complete,N/A,Racing Santander,SD Huesca,Miguel Sesma Espinosa,3,3.00,1.00,2.00,1.29,0,0,0,0,0,0,"","",12,6,5,0,5,0,3,2,4,1,8,9,2,4,6,5,16,14,54,46,1.60,0.64,1.07,1.17,3.00,50,100,50,50,0,100,100,0,50,9.00,6.00,2.05,3.10,3.70,1.52,2.36,5.38,10.00,2.20,1.62,Campos de Sport de El Sardinero (Santander)
1693589400,Sep 01 2023 - 5:30pm,complete,N/A,AD Alcorcón,Racing Club de Ferrol,Oliver De La Fuente Ramos,4,0.00,2.00,1.24,0.95,1,1,2,0,0,0,"90'4","90'1",3,1,3,0,1,0,0,3,0,1,14,9,5,3,2,5,12,7,46,54,1.29,0.87,1.16,0.91,1.75,25,75,0,0,0,0,25,50,100,11.50,4.50,2.36,2.92,3.08,1.52,2.58,4.75,10.00,2.10,1.68,Estadio Santo Domingo (Alcorcón)
1693596600,Sep 01 2023 - 7:30pm,complete,N/A,Albacete Balompié,Real Valladolid,José Luis Guzmán Mansilla,4,1.00,0.00,1.67,1.19,2,0,2,1,1,0,"17,61","",5,4,1,0,5,0,0,1,3,2,11,8,4,2,3,4,17,12,44,56,2.03,1.31,1.09,0.80,2.00,50,50,25,25,0,25,100,0,50,5.50,4.50,2.51,2.97,2.81,1.47,2.40,4.75,9.00,2.00,1.75,Estadio Carlos Belmonte (Albacete)
1693664100,Sep 02 2023 - 2:15pm,complete,N/A,Sporting Gijón,Burgos CF,Raúl Martín González Francés,4,3.00,0.00,1.91,0.71,2,1,3,1,1,0,"18,90'8","59",10,2,1,0,1,0,0,1,1,0,18,6,3,3,11,3,12,15,54,46,1.54,1.89,1.49,0.83,4.00,50,100,100,50,50,100,100,50,50,11.00,5.00,2.38,2.90,3.25,1.50,2.55,4.75,10.00,2.20,1.65,Estadio Municipal El Molinón (Gijón)
1693672200,Sep 02 2023 - 4:30pm,complete,N/A,Levante UD,Real Oviedo,Luis Mario Milla Alvéndiz,4,3.00,0.00,1.67,1.04,1,1,2,0,0,0,"63","47",4,2,3,0,2,1,1,2,2,1,19,12,6,3,7,5,18,12,69,31,2.28,0.88,1.70,0.97,3.00,50,50,50,50,50,50,100,50,50,7.50,6.00,1.88,3.32,4.54,1.50,2.55,5.00,10.00,2.25,1.60,Estadio Ciudad de Valencia (Valencia)
1693681200,Sep 02 2023 - 7:00pm,complete,N/A,Elche CF,Racing Santander,Álvaro Moreno Aragón,4,1.50,0.00,1.71,1.05,1,1,2,1,1,0,"30","53",8,1,0,1,3,0,0,1,3,0,25,13,7,7,10,5,12,15,60,40,1.64,1.14,2.05,1.55,1.50,0,50,0,0,0,0,75,0,75,11.00,3.00,1.86,3.42,4.45,1.42,2.15,4.50,8.00,2.10,1.68,Estadio Manuel Martínez Valero (Elche)
1693681200,Sep 02 2023 - 7:00pm,complete,N/A,Villarreal II,FC Cartagena,Iosu Galech Apezteguía,4,3.00,0.00,1.57,1.10,1,2,3,1,1,0,"8","71,74",3,7,2,0,3,0,2,0,1,2,18,13,7,6,6,6,9,13,57,43,1.40,0.77,1.64,1.49,4.50,100,100,100,100,50,50,50,50,100,2.00,6.00,2.33,3.24,3.16,1.36,2.10,3.75,7.50,1.85,1.90,Estadio de la Cerámica (Villarreal)
1693742400,Sep 03 2023 - 12:00pm,complete,N/A,FC Andorra,CD Tenerife,Salvador Lax Franco,4,3.00,3.00,1.48,0.86,0,1,1,0,0,0,"","76",8,4,0,0,3,0,0,0,2,1,18,11,3,5,5,4,6,19,77,23,1.79,1.27,1.14,1.09,3.50,50,100,50,50,50,0,50,50,100,8.00,6.00,2.19,2.87,2.91,1.57,2.55,4.75,9.00,2.20,1.62,Estadi Nacional (Andorra la Vella)
1693750500,Sep 03 2023 - 2:15pm,complete,N/A,SD Eibar,Leganés,Daniel Jesús Trujillo Suárez,4,3.00,3.00,2.09,1.57,0,1,1,1,0,1,"","33",8,1,2,0,3,0,1,1,2,1,21,3,3,2,7,0,12,14,78,22,1.30,1.04,1.51,0.43,2.50,50,100,50,0,0,0,50,100,100,11.00,5.00,1.91,2.90,3.90,1.50,2.55,4.75,10.00,2.25,1.60,Estadio Municipal de Ipurúa (Eibar)
1693758600,Sep 03 2023 - 4:30pm,complete,N/A,RCD Espanyol,SD Amorebieta,Manuel Jesús Orellana Cid,4,3.00,1.00,2.09,0.86,3,2,5,2,0,2,"51,78,81","43,45'4",4,3,3,0,1,0,1,2,1,0,22,8,8,5,9,3,6,13,59,41,1.48,1.23,2.01,1.10,3.00,50,100,50,50,0,50,100,0,100,13.00,1.00,1.55,3.30,5.75,1.30,2.10,3.70,5.80,2.05,1.72,RCDE Stadium (Cornella de Llobregat)
1693758600,Sep 03 2023 - 4:30pm,complete,N/A,Real Zaragoza,CD Eldense,José Antonio López Toca,4,3.00,1.50,1.29,1.14,2,0,2,1,1,0,"42,57","",1,3,2,0,1,0,2,0,1,0,14,9,2,4,8,3,6,10,60,40,1.59,1.20,1.05,1.01,2.00,25,50,25,25,0,25,75,25,50,10.00,3.50,1.65,3.20,5.00,1.50,2.40,4.75,9.00,2.35,1.55,Estadio de la Romareda (Zaragoza)
1693767600,Sep 03 2023 - 7:00pm,complete,N/A,SD Huesca,Mirandés,Rubén Ávalos Barrera,4,0.00,0.00,1.05,0.81,1,1,2,0,0,0,"55","84",9,5,4,1,5,0,2,3,2,3,16,14,4,4,6,7,13,9,36,64,1.37,2.36,1.19,1.42,2.50,0,100,50,0,0,50,100,0,50,15.00,2.00,2.00,3.05,3.45,1.44,2.30,4.50,8.00,2.05,1.72,Estadio El Alcoraz (Huesca)
1694199600,Sep 08 2023 - 7:00pm,complete,N/A,Levante UD,RCD Espanyol,Jon Ander González Esteban,5,2.00,2.00,1.67,1.22,1,4,5,3,1,2,"34","13,45'1,56,84",5,3,0,1,0,0,0,1,0,0,16,18,4,11,6,6,12,16,59,41,1.99,1.36,1.27,2.06,2.50,75,75,25,25,25,25,50,50,100,9.50,6.00,2.49,2.98,2.84,1.48,2.40,5.00,10.00,2.00,1.70,Estadio Ciudad de Valencia (Valencia)
1694268900,Sep 09 2023 - 2:15pm,complete,N/A,Burgos CF,SD Eibar,Rafael Sánchez López,5,2.00,0.00,2.10,1.18,1,0,1,0,0,0,"65","",5,10,2,0,3,1,1,1,0,4,7,15,4,3,0,8,11,11,41,59,1.70,1.35,0.81,1.32,2.50,50,75,50,25,0,75,100,0,50,10.00,6.50,2.49,2.93,2.97,1.52,2.62,5.50,10.00,2.14,1.66,Estadio Municipal de El Plantío (Burgos)
1694277000,Sep 09 2023 - 4:30pm,complete,N/A,Real Oviedo,Sporting Gijón,Adrián Cordero Vega,5,1.00,0.00,2.04,1.09,0,0,0,0,0,0,"","",7,1,2,0,3,0,1,1,2,1,7,8,0,2,3,4,14,18,46,54,1.44,0.92,0.65,0.85,2.00,50,100,0,0,0,0,75,25,100,9.00,5.50,2.26,2.91,3.40,1.54,2.73,5.50,11.00,2.20,1.62,Estadio Nuevo Carlos Tartiere (Oviedo)
1694286000,Sep 09 2023 - 7:00pm,complete,N/A,CD Tenerife,Albacete Balompié,Andrés Fuentes Molina,5,1.50,0.00,1.81,0.76,2,0,2,2,2,0,"17,36","",1,7,2,0,1,0,2,0,0,1,11,15,5,5,3,8,18,9,37,63,1.14,1.40,1.11,1.60,1.50,0,50,0,0,0,0,75,0,75,13.50,7.50,2.10,3.15,3.70,1.52,2.45,4.50,9.00,2.05,1.72,Estadio Heliodoro Rodríguez Lopéz (Santa Cruz de Tenerife (Tenerife))
1694286000,Sep 09 2023 - 7:00pm,complete,N/A,Leganés,SD Huesca,Dámaso Arcediano Monescillo,5,1.50,1.00,1.95,1.29,2,0,2,1,1,0,"42,77","",2,3,0,0,2,0,0,0,1,1,12,9,8,4,3,1,20,12,54,46,1.25,0.90,1.51,0.92,1.25,25,50,0,0,0,25,75,0,25,7.50,8.50,1.94,3.15,4.35,1.52,2.65,5.50,11.00,2.27,1.59,Estadio Municipal de Butarque (Leganés)
1694355300,Sep 10 2023 - 2:15pm,complete,N/A,Racing Club de Ferrol,Villarreal II,José Antonio López Toca,5,3.00,0.00,1.86,0.48,2,2,4,1,0,1,"52,62","31,60",13,0,3,0,2,0,1,2,2,0,25,7,9,4,11,2,11,10,54,46,1.32,1.02,2.50,0.89,1.75,0,75,0,0,0,0,25,75,75,6.00,2.00,2.30,2.87,3.25,1.50,2.40,4.60,9.20,2.13,1.67,Estadio Municipal de A Malata (Ferrol)
1694355300,Sep 10 2023 - 2:15pm,complete,N/A,Racing Santander,SD Amorebieta,Miguel González Díaz,5,2.00,0.50,2.00,0.86,1,0,1,1,1,0,"10","",4,4,4,0,2,0,3,1,1,1,8,8,5,3,2,2,12,18,41,59,1.34,1.16,1.08,0.87,3.25,50,75,75,75,25,75,75,25,75,13.00,4.00,1.91,3.10,4.20,1.37,2.35,3.90,7.50,2.11,1.71,Campos de Sport de El Sardinero (Santander)
1694363400,Sep 10 2023 - 4:30pm,complete,N/A,FC Cartagena,Real Zaragoza,Saúl Ais Reig,5,0.00,3.00,1.33,1.14,1,3,4,3,1,2,"31","16,39,90'2",6,4,2,0,2,0,1,1,1,1,20,10,6,6,9,2,14,6,50,50,1.31,1.08,1.93,1.17,1.00,0,0,0,0,0,0,50,0,50,7.00,5.50,2.90,2.90,2.45,1.52,2.30,4.75,9.50,2.00,1.75,Estadio Municipal Cartagonova (Cartagena)
1694363400,Sep 10 2023 - 4:30pm,complete,N/A,Mirandés,FC Andorra,Iván Caparrós Hernández,5,1.50,1.50,1.52,0.57,4,3,7,2,2,0,"32,43,87,90'8","66,90'1,90'3",3,3,1,0,3,0,0,1,1,2,18,26,7,8,9,10,10,12,27,73,1.16,1.58,1.96,2.23,2.25,0,50,50,25,0,25,75,50,75,7.50,3.50,3.00,3.00,2.37,1.42,2.20,4.33,7.25,1.95,1.80,Estadio Municipal de Anduva (Miranda de Ebro)
1694372400,Sep 10 2023 - 7:00pm,complete,N/A,Real Valladolid,Elche CF,Alejandro Quintero González,5,1.50,0.00,2.24,1.10,1,1,2,1,1,0,"35","53",7,6,5,1,2,1,0,6,1,2,16,9,6,4,7,3,13,14,52,48,1.60,1.30,1.75,1.08,2.50,50,100,50,0,0,0,100,50,100,13.00,5.00,2.15,3.00,3.40,1.42,2.25,4.33,8.50,2.02,1.74,Estadio Municipal José Zorrilla (Valladolid)
1694458800,Sep 11 2023 - 7:00pm,complete,N/A,CD Eldense,AD Alcorcón,Germán Cid Camacho,5,3.00,1.50,1.24,0.86,2,2,4,0,0,0,"52,73","66,90'6",5,2,0,0,3,1,0,0,2,2,18,14,4,5,8,5,14,8,59,41,0.98,1.50,1.34,1.20,3.00,50,100,75,25,0,75,100,25,100,10.00,3.50,2.17,6.02,2.07,1.55,2.52,5.40,12.50,2.20,1.62,Estadio Municipal Nuevo Pepico Amat (Elda)
1694806200,Sep 15 2023 - 7:30pm,complete,N/A,Real Zaragoza,Racing Santander,José Luis Guzmán Mansilla,6,3.00,0.50,1.29,1.05,1,1,2,2,1,1,"45'2","40",6,6,2,0,5,0,1,1,1,4,7,13,3,5,3,4,21,16,64,36,1.41,1.35,0.86,1.14,1.84,25,84,0,0,0,0,84,17,84,7.33,4.83,1.87,2.90,4.20,1.50,2.40,4.75,10.00,2.20,1.62,Estadio de la Romareda (Zaragoza)
1694873700,Sep 16 2023 - 2:15pm,complete,N/A,SD Huesca,Villarreal II,Salvador Lax Franco,6,0.50,0.33,1.05,0.48,2,2,4,2,0,2,"54,90'2","15,31",7,0,5,0,3,0,1,4,0,3,10,9,3,4,6,4,14,15,55,45,1.28,0.98,1.25,1.00,2.17,42,84,17,17,0,0,59,59,84,7.83,4.50,2.14,3.25,3.30,1.42,2.25,4.33,9.00,2.00,1.73,Estadio El Alcoraz (Huesca)
1694881800,Sep 16 2023 - 4:30pm,complete,N/A,AD Alcorcón,Levante UD,Iosu Galech Apezteguía,6,0.50,2.00,1.24,1.14,0,2,2,1,0,1,"","36,80",3,6,5,1,3,0,3,3,0,3,11,22,2,6,7,10,12,16,29,71,1.22,1.22,0.95,2.01,1.75,50,75,0,0,0,0,50,50,75,12.50,7.00,2.80,2.85,2.65,1.47,2.46,4.50,9.50,2.00,1.73,Estadio Santo Domingo (Alcorcón)
1694881800,Sep 16 2023 - 4:30pm,complete,N/A,Real Valladolid,FC Cartagena,Raúl Martín González Francés,6,1.33,1.50,2.24,1.10,1,0,1,0,0,0,"90","",9,3,3,0,1,0,2,1,1,0,23,10,9,5,10,1,13,13,58,42,1.65,1.13,2.31,1.03,3.00,67,100,50,25,25,0,75,50,100,11.83,7.50,1.95,3.25,3.90,1.36,2.17,4.00,8.00,1.91,1.80,Estadio Municipal José Zorrilla (Valladolid)
1694890800,Sep 16 2023 - 7:00pm,complete,N/A,Albacete Balompié,Burgos CF,Rubén Ávalos Barrera,6,1.67,0.00,1.67,0.71,2,1,3,1,1,0,"3,53","60",3,6,1,0,2,0,0,1,1,1,20,13,6,4,7,6,16,9,50,50,1.72,1.36,1.56,1.14,3.34,84,100,67,42,25,42,100,50,100,8.33,4.00,1.90,3.20,4.20,1.49,2.36,4.45,8.80,2.20,1.62,Estadio Carlos Belmonte (Albacete)
1694952000,Sep 17 2023 - 12:00pm,complete,N/A,SD Amorebieta,Mirandés,Daniel Jesús Trujillo Suárez,6,2.00,0.50,1.29,0.81,2,0,2,2,2,0,"7,8","",9,4,3,0,2,0,1,2,0,2,8,11,3,3,3,6,24,10,42,58,1.11,1.89,0.83,1.17,2.50,50,100,50,0,0,25,75,50,75,13.50,4.50,2.30,2.95,3.05,1.55,2.35,4.40,7.80,1.91,1.80,Instalaciones de Lezama Campo 2 (Lezama)
1694960100,Sep 17 2023 - 2:15pm,complete,N/A,SD Eibar,Racing Club de Ferrol,Manuel Jesús Orellana Cid,6,1.50,1.67,2.09,0.95,2,0,2,1,1,0,"25,63","",4,6,0,0,2,0,0,0,1,1,14,9,7,2,2,5,10,10,55,45,1.40,0.88,1.43,0.86,1.84,59,59,25,0,0,0,67,42,75,9.67,3.50,1.78,3.15,4.60,1.50,2.56,5.25,10.00,2.25,1.57,Estadio Municipal de Ipurúa (Eibar)
1694968200,Sep 17 2023 - 4:30pm,complete,N/A,Elche CF,Leganés,José Antonio López Toca,6,1.33,3.00,1.71,1.57,1,0,1,1,1,0,"33","",8,4,4,0,3,0,0,4,1,2,19,10,6,4,6,6,14,10,57,43,1.78,0.74,1.53,1.16,1.42,17,42,0,0,0,0,59,25,59,8.33,4.83,1.93,3.20,4.00,1.50,2.40,4.75,8.25,2.25,1.57,Estadio Manuel Martínez Valero (Elche)
1694968200,Sep 17 2023 - 4:30pm,complete,20773,RCD Espanyol,CD Eldense,Álvaro Moreno Aragón,6,3.00,1.00,2.09,1.14,3,3,6,2,0,2,"50,59,90'14","10,15,51",12,0,3,0,4,0,2,1,2,2,24,7,6,4,8,3,14,12,64,36,1.75,1.14,1.75,1.09,2.92,42,84,42,42,25,42,100,25,84,9.67,3.00,1.40,3.90,9.00,1.38,2.25,4.20,9.00,2.38,1.53,RCDE Stadium (Cornella de Llobregat)
1694977200,Sep 17 2023 - 7:00pm,complete,N/A,Sporting Gijón,CD Tenerife,Luis Mario Milla Alvéndiz,6,3.00,3.00,1.91,0.86,2,1,3,2,1,1,"21,90'4","14",6,4,2,0,5,0,2,0,2,3,11,9,5,2,4,5,8,14,52,48,1.52,1.18,1.25,0.96,2.25,25,75,50,0,0,25,75,25,75,11.50,5.00,2.51,3.15,2.76,1.50,2.50,4.75,8.25,2.00,1.73,Estadio Municipal El Molinón (Gijón)
1695063600,Sep 18 2023 - 7:00pm,complete,N/A,FC Andorra,Real Oviedo,Oliver De La Fuente Ramos,6,1.50,0.33,1.48,1.04,1,0,1,0,0,0,"81","",4,3,1,1,3,1,0,2,2,2,6,7,2,3,1,1,15,17,64,36,1.46,0.91,0.61,0.84,2.17,42,42,25,25,25,0,34,42,67,10.00,3.33,1.91,2.90,4.20,1.54,2.50,5.50,11.00,2.25,1.57,Estadi Nacional (Andorra la Vella)
1695409200,Sep 22 2023 - 7:00pm,complete,N/A,FC Cartagena,SD Eibar,Alejandro Quintero González,7,0.00,0.00,1.33,1.18,1,2,3,1,0,1,"47","24,65",5,6,2,1,5,0,0,3,1,4,8,12,5,6,2,2,9,23,44,56,1.52,1.34,1.17,1.29,2.34,33,50,50,33,0,50,84,0,67,11.34,6.00,2.75,2.87,2.62,1.50,2.45,4.75,10.00,2.10,1.67,Estadio Municipal Cartagonova (Cartagena)
1695470400,Sep 23 2023 - 12:00pm,complete,N/A,FC Andorra,Sporting Gijón,Andrés Fuentes Molina,7,2.00,0.33,1.48,1.09,0,0,0,0,0,0,"","",4,2,0,0,1,0,0,0,0,1,14,7,6,3,5,2,8,11,65,35,1.18,0.90,1.59,0.71,1.83,17,50,17,17,17,0,17,33,84,8.33,5.00,2.26,3.08,3.44,1.50,2.50,5.00,10.00,2.10,1.67,Estadi Nacional (Andorra la Vella)
1695478500,Sep 23 2023 - 2:15pm,complete,N/A,Levante UD,CD Eldense,Rafael Sánchez López,7,1.33,1.00,1.67,1.14,2,0,2,1,1,0,"28,82","",5,2,1,0,2,0,0,1,1,1,18,11,8,3,7,4,11,15,41,59,1.75,1.12,1.83,1.12,3.63,75,88,59,59,46,59,84,63,88,7.83,4.75,1.72,3.31,4.40,1.42,2.23,4.50,9.00,2.10,1.67,Estadio Ciudad de Valencia (Valencia)
1695486600,Sep 23 2023 - 4:30pm,complete,N/A,Burgos CF,Elche CF,Adrián Cordero Vega,7,2.33,0.50,2.10,1.10,4,0,4,2,2,0,"38,45'3,66,88","",4,1,3,0,1,0,2,1,1,0,17,14,10,2,4,9,12,11,35,65,1.41,1.19,1.82,1.20,1.92,67,67,25,0,0,17,84,25,67,10.00,5.67,3.10,3.10,2.38,1.44,2.38,4.50,9.00,1.91,1.80,Estadio Municipal de El Plantío (Burgos)
1695495600,Sep 23 2023 - 7:00pm,complete,N/A,AD Alcorcón,SD Huesca,Iván Caparrós Hernández,7,0.33,0.67,1.24,1.29,0,2,2,2,0,2,"","21,25",4,2,2,0,1,0,1,1,1,0,20,7,4,3,11,4,15,6,65,35,1.13,0.91,1.71,0.86,1.67,33,84,0,0,0,17,50,34,67,9.34,7.34,2.20,3.00,3.60,1.55,2.55,5.50,11.00,2.20,1.62,Estadio Santo Domingo (Alcorcón)
1695495600,Sep 23 2023 - 7:00pm,complete,N/A,Racing Santander,Albacete Balompié,Saúl Ais Reig,7,2.33,0.00,2.00,0.76,2,1,3,2,2,0,"22,29","90",0,6,2,0,3,0,0,2,1,2,9,20,4,5,2,11,13,15,45,55,1.25,1.50,0.83,1.76,1.84,0,67,17,17,0,42,84,0,42,12.67,5.17,2.45,3.10,3.00,1.50,2.38,4.75,10.00,2.00,1.73,Campos de Sport de El Sardinero (Santander)
1695556800,Sep 24 2023 - 12:00pm,complete,N/A,Villarreal II,SD Amorebieta,Luis Mario Milla Alvéndiz,7,1.50,0.33,1.57,0.86,3,1,4,1,1,0,"32,48,60","55",3,6,2,0,4,0,0,2,0,4,21,15,9,5,7,7,12,18,53,47,1.52,1.07,1.86,1.40,3.42,84,84,84,59,17,59,100,42,84,7.17,3.00,1.96,3.40,4.10,1.40,2.11,4.20,8.50,1.91,1.80,Estadio de la Cerámica (Villarreal)
1695564900,Sep 24 2023 - 2:15pm,complete,N/A,Real Oviedo,Real Valladolid,Jon Ander González Esteban,7,1.00,0.00,2.04,1.19,0,1,1,0,0,0,"","90'2",6,6,1,0,3,0,0,1,0,3,11,17,4,6,2,8,13,13,49,51,1.05,1.06,0.97,1.60,1.25,25,50,0,0,0,0,75,0,50,8.50,5.50,2.70,2.90,2.95,1.50,2.65,5.00,10.00,2.20,1.62,Estadio Nuevo Carlos Tartiere (Oviedo)
1695573000,Sep 24 2023 - 4:30pm,complete,N/A,Mirandés,Leganés,Miguel González Díaz,7,2.00,2.00,1.52,1.57,1,3,4,2,1,1,"34","44,55,90'5",0,4,1,0,1,0,1,0,0,1,13,12,7,6,5,5,12,13,53,47,1.43,0.88,1.59,1.36,2.67,17,50,34,34,17,34,67,50,67,6.33,5.33,2.50,3.00,3.00,1.47,2.60,4.50,9.00,2.10,1.67,Estadio Municipal de Anduva (Miranda de Ebro)
1695668400,Sep 25 2023 - 7:00pm,complete,N/A,Racing Club de Ferrol,Real Zaragoza,Germán Cid Camacho,7,2.00,3.00,1.86,1.14,1,0,1,0,0,0,"60","",4,4,1,0,0,0,1,0,0,0,11,10,5,3,4,6,9,12,42,58,1.91,1.13,1.15,1.14,2.75,50,75,50,50,0,25,50,50,100,12.00,4.00,2.60,3.00,2.90,1.53,2.70,4.75,9.00,2.20,1.62,Estadio Municipal de A Malata (Ferrol)
1695668400,Sep 25 2023 - 7:00pm,complete,N/A,CD Tenerife,RCD Espanyol,Dámaso Arcediano Monescillo,7,2.00,2.33,1.81,1.22,1,0,1,1,1,0,"16","",6,10,3,0,3,0,0,3,1,2,15,19,7,3,4,6,21,9,46,54,1.13,1.59,1.45,1.16,2.00,34,50,17,17,17,33,67,17,67,10.67,6.00,2.40,3.00,3.20,1.47,2.60,5.25,10.00,2.05,1.67,Estadio Heliodoro Rodríguez Lopéz (Santa Cruz de Tenerife (Tenerife))
1696014000,Sep 29 2023 - 7:00pm,complete,N/A,Leganés,Racing Santander,Jon Ander González Esteban,8,2.00,0.67,1.95,1.05,2,1,3,1,1,0,"28,52","90'2",3,11,4,0,3,0,2,2,3,0,10,18,5,3,3,7,14,5,43,57,1.34,1.28,1.17,1.23,1.84,34,84,0,0,0,17,100,0,67,6.67,6.00,2.17,3.15,3.35,1.56,2.49,5.00,10.00,2.10,1.68,Estadio Municipal de Butarque (Leganés)
1696083300,Sep 30 2023 - 2:15pm,complete,N/A,SD Eibar,CD Tenerife,José Luis Guzmán Mansilla,8,2.00,2.00,2.09,0.86,3,0,3,0,0,0,"59,66,90'1","",4,3,3,0,1,0,0,3,0,1,16,9,6,3,5,4,16,9,57,43,1.41,1.11,1.51,0.99,2.00,33,67,33,0,0,17,84,17,84,9.33,5.00,2.12,3.05,3.35,1.52,2.55,5.50,11.00,2.35,1.55,Estadio Municipal de Ipurúa (Eibar)
1696091400,Sep 30 2023 - 4:30pm,complete,15660,Elche CF,Levante UD,Raúl Martín González Francés,8,1.75,2.33,1.71,1.14,0,0,0,0,0,0,"","",8,7,1,0,1,0,0,1,0,1,30,12,5,3,18,6,8,11,53,47,1.72,1.49,2.45,0.99,1.46,29,46,0,0,0,0,88,0,59,12.67,6.00,1.98,3.25,3.40,1.36,1.93,3.75,8.00,1.85,1.90,Estadio Manuel Martínez Valero (Elche)
1696100400,Sep 30 2023 - 7:00pm,complete,N/A,Albacete Balompié,FC Andorra,Álvaro Moreno Aragón,8,2.00,1.00,1.67,0.57,3,1,4,2,2,0,"32,45,90'2","51",4,3,2,0,2,0,2,0,2,0,13,12,8,3,5,7,18,14,24,76,1.68,1.80,1.69,1.23,3.21,54,84,59,29,17,29,100,46,84,8.75,3.42,1.98,3.10,3.55,1.36,2.21,3.75,8.00,1.90,1.85,Estadio Carlos Belmonte (Albacete)
1696100400,Sep 30 2023 - 7:00pm,complete,N/A,Villarreal II,AD Alcorcón,Daniel Jesús Trujillo Suárez,8,2.00,1.33,1.57,0.86,2,2,4,3,1,2,"25,49","16,34",7,4,2,0,3,0,2,0,2,1,26,11,9,6,9,4,16,15,68,32,1.63,1.40,2.24,1.27,3.50,67,100,84,67,0,33,84,67,100,6.00,5.33,2.39,3.00,2.78,1.42,2.13,4.33,9.00,1.95,1.80,Estadio de la Cerámica (Villarreal)
1696161600,Oct 01 2023 - 12:00pm,complete,N/A,CD Eldense,Real Oviedo,Salvador Lax Franco,8,2.00,0.25,1.24,1.04,1,3,4,3,0,3,"80","6,14,25",6,4,1,0,0,0,0,1,0,0,11,11,5,5,4,4,18,11,53,47,1.16,0.89,1.24,1.17,2.38,63,63,50,25,0,25,50,38,75,8.50,3.25,2.45,2.75,3.05,1.54,2.65,6.00,11.00,2.25,1.57,Estadio Municipal Nuevo Pepico Amat (Elda)
1696177800,Oct 01 2023 - 4:30pm,complete,N/A,SD Amorebieta,FC Cartagena,Oliver De La Fuente Ramos,8,2.33,1.00,1.29,1.10,0,0,0,0,0,0,"","",3,2,2,0,2,0,1,1,1,1,6,9,3,2,2,4,12,11,57,43,1.02,1.10,0.90,0.76,2.67,50,84,50,17,17,17,67,50,84,10.00,4.34,2.30,3.20,3.05,1.36,2.11,3.75,8.50,1.83,1.83,Instalaciones de Lezama Campo 2 (Lezama)
1696177800,Oct 01 2023 - 4:30pm,complete,N/A,Real Valladolid,Burgos CF,José Antonio López Toca,8,1.75,0.00,2.24,0.71,3,0,3,2,2,0,"6,41,68","",3,6,2,0,2,0,0,2,0,2,12,13,7,3,4,6,16,10,49,51,1.81,1.28,1.50,1.17,2.71,63,88,50,17,17,17,88,50,100,12.50,5.75,1.64,3.60,5.33,1.40,2.11,4.20,8.50,2.00,1.73,Estadio Municipal José Zorrilla (Valladolid)
1696177800,Oct 01 2023 - 4:30pm,complete,N/A,Real Zaragoza,Mirandés,Iosu Galech Apezteguía,8,2.50,0.33,1.29,0.81,0,1,1,0,0,0,"","88",6,2,2,1,4,0,2,1,2,2,9,9,3,0,4,6,9,12,60,40,1.27,1.65,0.96,0.62,2.04,29,88,17,0,0,46,71,29,42,10.67,5.25,1.73,3.55,4.65,1.38,2.11,4.20,9.00,2.10,1.67,Estadio de la Romareda (Zaragoza)
1696186800,Oct 01 2023 - 7:00pm,complete,N/A,SD Huesca,Sporting Gijón,Manuel Jesús Orellana Cid,8,0.67,0.50,1.05,1.09,0,1,1,0,0,0,"","49",9,8,6,0,6,0,1,5,1,5,8,14,3,7,3,3,11,15,48,52,1.27,0.85,0.98,1.48,1.84,34,75,17,17,0,17,46,46,75,8.92,6.08,2.35,3.00,3.16,1.53,2.62,4.40,7.80,2.10,1.67,Estadio El Alcoraz (Huesca)
1696273200,Oct 02 2023 - 7:00pm,complete,16577,RCD Espanyol,Racing Club de Ferrol,Alejandro Quintero González,8,2.33,1.25,2.09,0.95,3,0,3,1,1,0,"41,47,71","",6,0,2,0,2,1,1,1,2,1,11,7,4,3,5,3,20,13,59,41,1.75,0.88,1.38,0.77,3.04,59,88,34,34,34,34,75,46,100,10.83,4.33,1.58,3.95,5.59,1.30,1.88,3.20,5.75,1.91,1.80,RCDE Stadium (Cornella de Llobregat)
1696352400,Oct 03 2023 - 5:00pm,complete,N/A,Levante UD,Villarreal II,Adrián Cordero Vega,9,1.75,0.50,1.67,0.48,1,1,2,0,0,0,"70","61",8,2,2,0,2,0,0,2,0,2,16,8,5,2,7,4,16,9,63,37,1.77,0.98,1.56,0.67,3.13,63,88,50,50,25,38,75,75,88,5.50,4.75,1.72,3.60,4.20,1.25,1.77,3.10,5.50,1.80,1.91,Estadio Ciudad de Valencia (Valencia)
1696352400,Oct 03 2023 - 5:00pm,complete,N/A,AD Alcorcón,Albacete Balompié,Miguel González Díaz,9,0.25,0.00,1.24,0.76,1,2,3,1,0,1,"59","28,66",6,1,0,0,6,0,0,0,3,3,24,10,7,5,13,1,10,12,59,41,1.28,1.59,2.14,1.02,2.17,29,100,17,0,0,46,75,25,71,10.50,5.25,3.05,3.05,2.30,1.43,2.29,4.75,8.75,1.98,1.73,Estadio Santo Domingo (Alcorcón)
1696361400,Oct 03 2023 - 7:30pm,complete,N/A,CD Tenerife,Racing Santander,Rafael Sánchez López,9,2.25,0.50,1.81,1.05,2,0,2,0,0,0,"63,65","",7,4,1,0,4,0,1,0,1,3,22,10,7,4,7,1,17,6,54,46,1.21,1.27,1.67,0.90,1.75,38,63,13,0,0,25,88,13,50,12.25,7.25,1.95,3.10,3.80,1.46,2.34,4.40,9.25,2.10,1.63,Estadio Heliodoro Rodríguez Lopéz (Santa Cruz de Tenerife (Tenerife))
1696438800,Oct 04 2023 - 5:00pm,complete,N/A,CD Eldense,Real Valladolid,Miguel Sesma Espinosa,9,1.33,1.00,1.24,1.19,0,1,1,1,0,1,"","25",3,2,1,0,4,0,1,0,1,3,6,9,2,3,1,3,18,18,54,46,1.19,1.24,0.59,0.85,2.50,50,67,50,34,0,34,67,17,84,9.00,4.00,3.00,3.00,2.40,1.40,2.25,4.00,8.00,1.91,1.80,Estadio Municipal Nuevo Pepico Amat (Elda)
1696438800,Oct 04 2023 - 5:00pm,complete,N/A,Real Oviedo,SD Huesca,Germán Cid Camacho,9,0.67,1.25,2.04,1.29,1,0,1,0,0,0,"82","",5,4,2,0,2,0,1,1,1,1,10,10,7,4,2,4,14,19,62,38,1.02,0.90,1.41,1.03,1.25,29,54,0,0,0,25,54,0,46,10.33,4.67,1.91,3.10,4.20,1.57,2.55,4.75,10.00,2.10,1.67,Estadio Nuevo Carlos Tartiere (Oviedo)
1696447800,Oct 04 2023 - 7:30pm,complete,N/A,Burgos CF,Leganés,Iván Caparrós Hernández,9,2.50,2.25,2.10,1.57,1,0,1,1,1,0,"1","",0,8,5,0,3,1,2,3,1,3,6,13,4,3,2,5,17,13,40,60,1.51,1.00,0.87,1.09,2.00,25,50,25,25,0,38,75,38,50,8.25,5.50,2.25,3.00,3.30,1.55,2.55,4.75,10.00,2.10,1.67,Estadio Municipal de El Plantío (Burgos)
1696447800,Oct 04 2023 - 7:30pm,complete,N/A,Sporting Gijón,Elche CF,Daniel Jesús Trujillo Suárez,9,3.00,0.33,1.91,1.10,2,0,2,2,2,0,"31,41","",6,3,0,0,0,0,0,0,0,0,21,11,9,2,10,6,9,15,47,53,1.43,1.19,2.15,1.04,3.00,67,100,84,17,0,50,100,50,84,11.34,4.00,2.30,3.10,3.10,1.40,2.25,4.00,7.50,1.85,1.85,Estadio Municipal El Molinón (Gijón)
1696525200,Oct 05 2023 - 5:00pm,complete,N/A,FC Andorra,Real Zaragoza,Dámaso Arcediano Monescillo,9,1.75,2.00,1.48,1.14,0,1,1,1,0,1,"","37",4,0,2,1,4,0,1,2,2,2,6,6,0,4,6,1,7,16,40,60,1.28,1.13,0.89,1.04,1.88,29,29,29,29,13,17,17,13,88,9.17,2.92,2.40,2.90,3.25,1.53,2.45,4.50,9.00,2.10,1.67,Estadi Nacional (Andorra la Vella)
1696525200,Oct 05 2023 - 5:00pm,complete,N/A,Mirandés,SD Eibar,Andrés Fuentes Molina,9,1.50,0.75,1.52,1.18,1,3,4,2,1,1,"39","31,49,55",0,7,2,0,2,0,1,1,1,1,8,17,4,5,3,8,9,13,45,55,1.47,1.33,0.94,1.55,3.38,50,75,75,50,13,63,75,50,100,8.75,5.75,3.30,3.10,2.25,1.44,2.30,4.33,8.00,2.00,1.73,Estadio Municipal de Anduva (Miranda de Ebro)
1696534200,Oct 05 2023 - 7:30pm,complete,N/A,FC Cartagena,RCD Espanyol,Luis Mario Milla Alvéndiz,9,0.00,1.75,1.33,1.22,0,2,2,1,0,1,"","20,90'3",6,1,4,0,3,0,1,3,2,1,11,10,2,5,6,4,16,13,41,59,1.43,1.49,0.91,1.14,2.25,50,50,38,25,13,25,88,25,63,10.75,4.75,4.50,3.40,1.80,1.35,2.05,3.65,7.50,1.90,1.78,Estadio Municipal Cartagonova (Cartagena)
1696534200,Oct 05 2023 - 7:30pm,complete,N/A,Racing Club de Ferrol,SD Amorebieta,Saúl Ais Reig,9,2.33,0.25,1.86,0.86,1,0,1,1,1,0,"35","",5,3,1,0,1,0,0,1,0,1,12,5,4,3,5,2,12,7,45,55,1.66,1.15,1.19,0.88,2.92,54,71,54,54,13,25,67,59,88,12.00,3.08,1.80,3.25,4.75,1.44,2.45,4.50,9.50,2.10,1.67,Estadio Municipal de A Malata (Ferrol)
1696618800,Oct 06 2023 - 7:00pm,complete,N/A,Albacete Balompié,Levante UD,José Antonio López Toca,10,2.20,2.00,1.67,1.14,0,2,2,1,0,1,"","20,56",6,3,0,0,1,0,0,0,1,0,15,11,5,8,6,2,8,12,65,35,1.68,1.36,1.85,1.32,2.13,53,75,30,20,0,20,88,20,75,11.35,5.05,2.20,3.25,3.30,1.36,2.15,3.70,7.50,1.80,1.85,Estadio Carlos Belmonte (Albacete)
1696688100,Oct 07 2023 - 2:15pm,complete,N/A,SD Huesca,CD Eldense,Adrián Cordero Vega,10,0.50,0.80,1.05,1.14,0,1,1,0,0,0,"","90'6",4,8,1,1,6,0,1,1,3,3,18,16,2,4,8,8,7,15,48,52,1.20,1.12,1.09,1.42,2.63,45,78,33,33,10,33,75,35,90,10.45,5.80,2.24,3.05,2.88,1.53,2.41,4.75,10.00,2.05,1.72,Estadio El Alcoraz (Huesca)
1696696200,Oct 07 2023 - 4:30pm,complete,N/A,Racing Santander,Sporting Gijón,Iosu Galech Apezteguía,10,2.50,1.00,2.00,1.09,3,2,5,2,1,1,"28,48,83","32,63",5,7,4,0,4,0,2,2,1,3,21,22,8,9,6,10,11,9,42,58,1.15,0.98,1.72,2.20,1.50,13,45,25,13,0,25,48,10,55,8.40,6.65,2.20,3.10,3.40,1.50,2.43,5.25,10.00,2.20,1.62,Campos de Sport de El Sardinero (Santander)
1696705200,Oct 07 2023 - 7:00pm,complete,N/A,Leganés,Real Oviedo,Rubén Ávalos Barrera,10,2.25,0.80,1.95,1.04,0,0,0,0,0,0,"","",1,4,3,0,1,0,1,2,1,0,10,7,4,3,5,3,12,13,38,62,1.29,0.95,1.14,0.95,1.90,33,58,23,10,0,10,80,23,68,5.45,5.20,1.83,3.10,4.52,1.50,2.88,5.50,10.00,2.30,1.57,Estadio Municipal de Butarque (Leganés)
1696766400,Oct 08 2023 - 12:00pm,complete,N/A,SD Amorebieta,SD Eibar,Raúl Martín González Francés,10,2.00,1.20,1.29,1.18,1,2,3,2,1,1,"8","12,90'2",5,5,3,0,1,0,3,0,0,1,12,13,8,8,2,3,12,12,48,52,0.99,1.37,1.42,1.66,2.38,43,78,53,20,0,43,78,33,75,12.35,5.35,3.75,3.13,2.10,1.32,2.38,3.50,6.50,1.82,1.88,Instalaciones de Lezama Campo 2 (Lezama)
1696774500,Oct 08 2023 - 2:15pm,complete,N/A,Real Valladolid,Mirandés,Salvador Lax Franco,10,2.00,1.00,2.24,0.81,3,2,5,0,0,0,"83,87,90'9","51,90'1",7,1,3,0,3,0,1,2,1,2,24,7,10,4,6,2,10,12,71,29,1.75,1.39,2.16,0.79,2.00,23,78,23,0,0,35,65,13,75,12.90,6.65,1.60,3.70,6.00,1.32,2.10,3.50,6.50,1.90,1.80,Estadio Municipal José Zorrilla (Valladolid)
1696782600,Oct 08 2023 - 4:30pm,complete,N/A,CD Tenerife,Burgos CF,Álvaro Moreno Aragón,10,2.40,0.00,1.81,0.71,2,1,3,0,0,0,"64,69","77",4,6,2,1,4,0,3,0,2,2,9,15,3,7,4,3,8,13,50,50,1.30,1.26,0.87,1.52,2.45,38,70,50,13,13,35,80,48,70,10.70,5.40,1.77,3.35,4.75,1.50,2.40,4.30,8.00,2.20,1.62,Estadio Heliodoro Rodríguez Lopéz (Santa Cruz de Tenerife (Tenerife))
1696782600,Oct 08 2023 - 4:30pm,complete,7032,Racing Club de Ferrol,FC Cartagena,Manuel Jesús Orellana Cid,10,2.50,1.00,1.86,1.10,1,1,2,1,0,1,"90'3","40",4,6,0,0,4,0,0,0,3,1,13,12,5,5,4,5,10,20,67,33,1.54,1.01,1.45,1.18,2.13,38,50,38,25,13,0,38,50,75,9.50,3.75,2.05,3.25,3.60,1.38,2.20,3.80,7.00,1.91,1.80,Estadio Municipal de A Malata (Ferrol)
1696791600,Oct 08 2023 - 7:00pm,complete,N/A,Real Zaragoza,AD Alcorcón,Alejandro Quintero González,10,2.00,1.25,1.29,0.86,0,2,2,1,0,1,"","38,82",6,1,5,0,4,0,2,3,1,3,16,12,6,3,5,7,13,17,64,36,1.21,1.37,1.68,0.99,2.55,35,80,38,38,0,35,68,35,80,7.90,5.85,1.77,3.40,4.75,1.47,2.25,3.80,7.00,2.10,1.67,Estadio de la Romareda (Zaragoza)
1696870800,Oct 09 2023 - 5:00pm,complete,N/A,Elche CF,FC Andorra,Jon Ander González Esteban,10,1.60,0.75,1.71,0.57,2,1,3,1,1,0,"23,89","64",10,4,0,0,0,0,0,0,0,0,25,5,10,2,6,2,11,12,44,56,1.86,1.65,2.26,0.57,2.38,35,48,38,25,13,25,80,38,58,10.15,3.55,2.03,3.40,3.68,1.35,2.03,3.60,6.50,1.85,1.85,Estadio Manuel Martínez Valero (Elche)
1696878000,Oct 09 2023 - 7:00pm,complete,N/A,Villarreal II,RCD Espanyol,Oliver De La Fuente Ramos,10,1.75,2.00,1.57,1.22,3,1,4,3,2,1,"13,26,70","41",7,9,1,0,4,0,0,1,0,4,19,17,8,5,5,4,17,12,42,58,1.79,1.42,1.63,1.22,2.98,70,80,60,48,10,35,90,35,90,8.75,4.20,4.50,3.85,1.70,1.29,1.78,3.00,5.50,1.75,1.95,Estadio de la Cerámica (Villarreal)
1697223600,Oct 13 2023 - 7:00pm,complete,N/A,Real Oviedo,Albacete Balompié,Luis Mario Milla Alvéndiz,11,1.25,0.75,2.04,0.76,3,0,3,0,0,0,"48,53,63","",6,2,1,0,3,1,1,0,3,1,10,13,4,3,5,5,9,15,65,35,1.12,1.45,1.18,1.03,1.75,38,63,25,0,0,25,63,13,75,10.75,4.75,2.30,3.00,3.30,1.50,2.55,4.80,10.50,2.15,1.62,Estadio Nuevo Carlos Tartiere (Oviedo)
1697292900,Oct 14 2023 - 2:15pm,complete,N/A,Mirandés,CD Tenerife,Miguel Sesma Espinosa,11,1.20,1.50,1.52,0.86,1,1,2,2,1,1,"2","43",5,2,3,0,3,0,1,2,1,2,11,10,4,5,3,3,10,14,48,52,1.36,1.08,1.03,1.17,3.13,43,78,65,40,10,53,65,53,100,5.05,5.05,3.05,3.00,2.55,1.50,2.50,4.50,9.00,2.05,1.70,Estadio Municipal de Anduva (Miranda de Ebro)
1697301000,Oct 14 2023 - 4:30pm,complete,N/A,FC Cartagena,Racing Santander,Germán Cid Camacho,11,0.00,0.40,1.33,1.05,2,3,5,4,2,2,"8,45","28,39,62",6,4,2,0,4,0,1,1,1,3,23,21,7,11,8,7,11,17,52,48,1.32,1.19,1.90,2.17,2.20,50,80,30,10,0,20,90,30,70,10.80,6.40,2.55,3.00,2.60,1.36,2.20,4.00,7.50,1.85,1.85,Estadio Municipal Cartagonova (Cartagena)
1697301000,Oct 14 2023 - 4:30pm,complete,N/A,Sporting Gijón,Real Zaragoza,Rafael Sánchez López,11,3.00,2.25,1.91,1.14,2,2,4,1,0,1,"86,90'7","45,76",5,3,3,0,2,0,1,2,1,1,14,14,5,4,4,5,12,7,61,39,1.61,1.11,1.39,1.20,2.25,38,63,50,13,0,50,75,13,63,10.00,3.50,2.15,2.88,3.40,1.48,2.55,4.75,10.00,2.10,1.67,Estadio Municipal El Molinón (Gijón)
1697310000,Oct 14 2023 - 7:00pm,complete,N/A,RCD Espanyol,Real Valladolid,Iván Caparrós Hernández,11,2.50,1.50,2.09,1.19,2,0,2,2,2,0,"8,35","",0,5,3,0,3,0,1,2,2,1,6,12,4,4,1,5,14,13,37,63,1.66,1.14,0.78,1.17,2.63,25,63,38,25,25,25,88,38,75,10.00,5.75,1.73,3.50,4.20,1.29,1.83,3.25,6.00,1.80,1.91,Stage Front Stadium (Cornella de Llobregat)
1697371200,Oct 15 2023 - 12:00pm,complete,N/A,Burgos CF,Villarreal II,Miguel González Díaz,11,2.60,0.60,2.10,0.48,3,2,5,0,0,0,"50,63,89","74,90'5",9,2,0,0,4,0,0,0,1,3,12,13,5,4,5,6,15,10,40,60,1.38,0.92,1.40,1.27,2.20,40,60,30,30,0,30,70,50,60,5.00,5.40,1.73,3.29,4.02,1.35,1.83,3.75,7.50,1.85,1.90,Estadio Municipal de El Plantío (Burgos)
1697379300,Oct 15 2023 - 2:15pm,complete,N/A,CD Eldense,Elche CF,Dámaso Arcediano Monescillo,11,1.00,0.25,1.24,1.10,1,1,2,1,1,0,"35","59",6,5,4,0,3,0,0,4,0,3,10,7,3,3,6,3,19,15,38,62,1.04,1.16,1.13,0.97,2.88,63,88,63,38,0,50,88,38,75,8.50,2.50,2.92,2.93,2.24,1.38,2.15,4.00,8.50,1.87,1.87,Estadio Municipal Nuevo Pepico Amat (Elda)
1697379300,Oct 15 2023 - 2:15pm,complete,N/A,FC Andorra,AD Alcorcón,Saúl Ais Reig,11,1.40,1.60,1.48,0.86,2,0,2,0,0,0,"79,90'3","",3,2,0,0,1,0,0,0,1,0,13,13,4,4,8,7,6,15,64,36,1.20,1.29,1.38,1.21,2.40,30,60,40,40,10,20,50,30,80,8.20,5.20,2.01,2.84,3.55,1.45,2.38,4.33,9.00,1.93,1.75,Estadi Nacional (Andorra la Vella)
1697387400,Oct 15 2023 - 4:30pm,complete,N/A,SD Eibar,SD Huesca,Daniel Jesús Trujillo Suárez,11,2.25,1.00,2.09,1.29,1,1,2,1,0,1,"71","38",6,1,1,0,3,0,0,1,0,3,15,6,3,3,9,3,10,14,69,31,1.44,0.92,1.42,0.76,1.83,23,68,25,0,0,20,68,25,58,9.50,4.30,1.55,3.70,6.50,1.53,2.43,4.50,9.50,2.40,1.53,Estadio Municipal de Ipurúa (Eibar)
1697387400,Oct 15 2023 - 4:30pm,complete,N/A,Leganés,SD Amorebieta,Andrés Fuentes Molina,11,2.00,0.20,1.95,0.86,6,0,6,2,2,0,"21,25,50,73,82,90'3","",2,5,1,0,2,0,0,1,0,2,18,9,11,2,6,5,13,11,45,55,1.26,1.10,2.09,0.87,2.30,40,60,40,30,10,20,90,30,60,6.60,4.60,1.80,3.25,4.80,1.47,2.45,5.00,10.00,2.20,1.62,Estadio Municipal de Butarque (Leganés)
1697482800,Oct 16 2023 - 7:00pm,complete,N/A,Levante UD,Racing Club de Ferrol,Rubén Ávalos Barrera,11,1.60,1.00,1.67,0.95,1,0,1,0,0,0,"58","",3,3,4,0,1,0,1,3,1,0,10,15,5,2,3,9,13,11,48,52,1.73,0.85,1.22,1.20,2.60,60,90,30,20,20,20,60,60,100,8.00,4.80,1.85,3.40,4.20,1.36,2.20,3.75,8.00,1.91,1.80,Estadio Ciudad de Valencia (Valencia)
1697828400,Oct 20 2023 - 7:00pm,complete,N/A,RCD Espanyol,Leganés,Miguel Sesma Espinosa,12,2.60,1.80,2.09,1.57,0,1,1,0,0,0,"","48",4,1,2,1,4,0,1,2,1,3,13,15,4,5,4,5,10,11,60,40,1.48,1.02,1.24,1.15,2.70,30,70,40,30,20,40,90,50,60,10.00,5.60,1.60,3.60,5.25,1.36,2.10,3.80,7.50,2.05,1.67,Stage Front Stadium (Cornella de Llobregat)
1697897700,Oct 21 2023 - 2:15pm,complete,N/A,SD Amorebieta,Real Oviedo,José Luis Guzmán Mansilla,12,1.60,0.83,1.29,1.04,0,0,0,0,0,0,"","",2,6,2,1,4,0,0,3,2,2,10,17,2,3,6,6,17,7,34,66,1.07,0.95,0.94,1.27,1.75,37,57,29,9,0,29,65,19,55,8.93,4.00,2.80,2.80,2.55,1.57,2.53,5.00,10.00,2.10,1.67,Instalaciones de Lezama Campo 2 (Lezama)
1697897700,Oct 21 2023 - 2:15pm,complete,N/A,Villarreal II,Mirandés,Jon Ander González Esteban,12,2.00,0.80,1.57,0.81,0,3,3,1,0,1,"","34,61,72",8,1,1,0,1,0,1,0,0,1,16,8,4,4,5,3,7,16,67,33,1.75,1.27,1.25,0.93,3.20,70,90,70,50,10,50,70,40,80,9.00,5.00,2.05,3.25,3.25,1.22,1.90,2.75,5.00,1.67,2.10,Estadio de la Cerámica (Villarreal)
1697905800,Oct 21 2023 - 4:30pm,complete,N/A,CD Tenerife,Levante UD,Alejandro Quintero González,12,2.50,2.20,1.81,1.14,0,0,0,0,0,0,"","",3,3,4,0,3,0,0,4,2,1,18,9,5,2,6,4,14,13,57,43,1.23,1.35,1.50,0.74,1.54,19,55,9,0,0,9,65,17,55,11.83,6.13,2.10,3.10,3.55,1.45,2.25,4.30,8.00,2.05,1.68,Estadio Heliodoro Rodríguez Lopéz (Santa Cruz de Tenerife (Tenerife))
1697914800,Oct 21 2023 - 7:00pm,complete,N/A,Real Zaragoza,SD Eibar,Oliver De La Fuente Ramos,12,1.67,1.50,1.29,1.18,2,3,5,2,2,0,"39,44","62,67,87",3,5,4,0,3,0,1,3,3,0,14,11,6,7,5,3,9,13,44,56,1.29,1.42,1.34,1.46,2.34,42,75,42,17,0,42,75,25,84,11.00,6.17,2.60,3.00,2.88,1.53,2.50,4.75,9.00,2.05,1.70,Estadio de la Romareda (Zaragoza)
1697976000,Oct 22 2023 - 12:00pm,complete,N/A,Racing Club de Ferrol,CD Eldense,Álvaro Moreno Aragón,12,2.20,1.17,1.86,1.14,1,1,2,0,0,0,"60","81",8,4,0,0,2,0,0,0,0,2,15,12,4,4,8,3,13,17,49,51,1.52,1.17,1.35,1.04,2.34,37,64,27,27,9,17,72,29,82,10.00,3.50,1.75,3.10,4.60,1.52,2.45,4.25,8.40,2.20,1.62,Estadio Municipal de A Malata (Ferrol)
1697984100,Oct 22 2023 - 2:15pm,complete,N/A,SD Huesca,Elche CF,Iosu Galech Apezteguía,12,0.40,0.40,1.05,1.10,0,1,1,1,0,1,"","5",4,1,3,0,3,0,0,3,1,2,8,5,2,4,5,0,16,20,50,50,1.17,1.12,1.02,0.71,2.30,50,80,30,20,0,30,70,40,90,10.40,5.80,3.00,2.90,2.30,1.47,2.48,4.70,8.75,2.10,1.67,Estadio El Alcoraz (Huesca)
1697992200,Oct 22 2023 - 4:30pm,complete,N/A,Albacete Balompié,Sporting Gijón,Raúl Martín González Francés,12,1.83,0.83,1.67,1.09,1,3,4,1,0,1,"86","34,48,83",11,0,3,0,2,0,2,1,1,1,26,11,7,5,10,4,9,11,63,37,1.71,1.18,2.24,0.99,2.25,42,75,34,25,9,25,67,33,84,8.83,5.00,2.03,3.25,3.21,1.40,2.20,4.00,8.50,1.83,1.83,Estadio Carlos Belmonte (Albacete)
1697992200,Oct 22 2023 - 4:30pm,complete,N/A,Racing Santander,Burgos CF,Salvador Lax Franco,12,2.60,0.00,2.00,0.71,3,0,3,1,1,0,"32,50,77","",4,4,1,0,3,0,0,1,1,2,18,14,6,4,4,5,4,6,54,46,1.26,1.31,1.41,1.15,3.00,60,80,80,30,20,50,80,50,80,9.80,5.80,2.02,3.15,3.35,1.42,2.22,4.10,7.50,2.00,1.73,Campos de Sport de El Sardinero (Santander)
1698001200,Oct 22 2023 - 7:00pm,complete,N/A,Real Valladolid,FC Andorra,Manuel Jesús Orellana Cid,12,2.17,0.60,2.24,0.57,2,0,2,2,2,0,"8,42","",6,6,5,0,2,0,1,4,1,1,12,19,5,6,7,7,13,12,35,65,1.82,1.44,1.29,1.62,3.05,47,82,57,29,19,29,84,49,90,11.13,4.73,1.70,3.45,4.30,1.36,2.02,3.60,6.50,2.00,1.73,Estadio Municipal José Zorrilla (Valladolid)
1698087600,Oct 23 2023 - 7:00pm,complete,N/A,AD Alcorcón,FC Cartagena,José Antonio López Toca,12,0.20,1.00,1.24,1.10,1,1,2,1,1,0,"15","49",6,7,2,0,3,0,1,1,0,3,21,17,4,7,9,5,6,10,52,48,1.45,1.04,1.45,1.64,2.20,50,80,30,10,10,10,50,50,80,8.40,5.40,2.10,3.20,3.40,1.40,2.28,4.33,9.00,2.00,1.73,Estadio Santo Domingo (Alcorcón)
1698433200,Oct 27 2023 - 7:00pm,complete,N/A,SD Eibar,Real Valladolid,Dámaso Arcediano Monescillo,13,2.00,1.20,2.09,1.19,5,1,6,2,2,0,"22,32,69,84,90'7","48",2,1,1,0,0,0,0,1,0,0,24,11,14,3,7,6,12,13,45,55,1.43,1.15,2.54,0.99,1.80,20,60,20,0,0,10,80,20,60,9.00,4.80,2.00,3.20,4.00,1.44,2.43,4.33,8.00,2.00,1.73,Estadio Municipal de Ipurúa (Eibar)
1698494400,Oct 28 2023 - 12:00pm,complete,N/A,CD Eldense,SD Amorebieta,Daniel Jesús Trujillo Suárez,13,1.00,0.17,1.24,0.86,2,0,2,1,1,0,"14,70","",2,7,1,0,2,0,1,0,1,1,13,12,5,4,1,7,5,7,49,51,1.06,1.06,0.98,1.32,3.15,65,74,64,54,17,45,90,35,74,9.87,3.07,1.96,3.30,3.75,1.42,2.25,4.50,9.00,2.00,1.75,Estadio Municipal Nuevo Pepico Amat (Elda)
1698510600,Oct 28 2023 - 4:30pm,complete,N/A,FC Andorra,Levante UD,Miguel González Díaz,13,1.67,2.00,1.48,1.14,2,0,2,0,0,0,"61,90'6","",7,6,2,0,3,0,2,0,2,1,22,8,11,2,6,5,6,2,55,45,1.23,1.25,2.26,0.89,1.42,17,42,9,9,9,0,42,17,59,10.33,4.33,2.60,3.15,2.90,1.40,2.12,4.20,8.50,1.90,1.83,Estadi Nacional (Andorra la Vella)
1698510600,Oct 28 2023 - 4:30pm,complete,N/A,Sporting Gijón,RCD Espanyol,Adrián Cordero Vega,13,2.60,1.67,1.91,1.22,2,0,2,1,1,0,"33,69","",4,7,6,0,3,0,2,4,1,2,10,18,4,5,6,6,13,8,39,61,1.57,1.38,1.06,1.45,2.75,55,84,57,27,9,47,92,29,72,12.47,4.10,2.46,3.15,2.60,1.36,2.07,4.00,8.50,1.85,1.90,Estadio Municipal El Molinón (Gijón)
1698519600,Oct 28 2023 - 7:00pm,complete,N/A,Elche CF,CD Tenerife,Rubén Ávalos Barrera,13,1.83,1.40,1.71,0.86,2,1,3,0,0,0,"55,68","52",4,4,0,0,6,0,0,0,3,3,11,10,5,3,3,6,11,16,54,46,1.93,1.10,1.15,1.01,1.77,37,57,29,0,0,20,64,19,65,10.00,4.70,2.03,3.10,3.40,1.45,2.21,4.75,10.00,2.05,1.72,Estadio Manuel Martínez Valero (Elche)
1698584400,Oct 29 2023 - 1:00pm,complete,N/A,Mirandés,FC Cartagena,Saúl Ais Reig,13,1.17,1.00,1.52,1.10,2,1,3,0,0,0,"72,90'1","80",4,5,0,0,3,0,0,0,1,2,14,16,5,6,5,4,9,14,49,51,1.31,1.14,1.36,1.35,2.92,67,75,50,42,17,42,67,50,83,6.50,4.83,2.20,3.10,3.10,1.33,2.16,3.75,7.50,1.80,1.95,Estadio Municipal de Anduva (Miranda de Ebro)
1698592500,Oct 29 2023 - 3:15pm,complete,N/A,SD Huesca,Albacete Balompié,Rafael Sánchez López,13,0.33,0.60,1.05,0.76,0,0,0,0,0,0,"","",6,1,2,0,1,0,1,1,1,0,9,9,2,6,4,3,12,13,52,48,1.15,1.36,0.86,1.50,2.22,37,75,39,9,0,29,65,37,82,10.37,6.87,3.00,2.70,2.40,1.50,2.40,5.25,10.00,2.10,1.68,Estadio El Alcoraz (Huesca)
1698600600,Oct 29 2023 - 5:30pm,complete,N/A,Leganés,Villarreal II,Germán Cid Camacho,13,2.17,0.50,1.95,0.48,1,0,1,0,0,0,"51","",7,0,2,0,2,1,0,2,1,2,11,9,6,4,3,5,12,15,47,53,1.40,0.98,1.31,1.07,2.67,42,75,42,34,17,17,67,58,75,3.33,5.17,1.60,3.50,4.75,1.33,1.95,3.56,7.23,1.90,1.80,Estadio Municipal de Butarque (Leganés)
1698600600,Oct 29 2023 - 5:30pm,complete,N/A,Real Oviedo,AD Alcorcón,Iván Caparrós Hernández,13,1.60,1.33,2.04,0.86,2,0,2,1,1,0,"45'3,90","",6,2,1,0,5,0,1,0,1,4,13,7,5,4,5,0,9,14,50,50,1.13,1.28,1.36,0.70,2.20,27,70,35,25,0,17,44,35,90,8.83,4.60,1.85,3.00,4.00,1.50,2.55,4.75,10.00,2.25,1.60,Estadio Nuevo Carlos Tartiere (Oviedo)
1698609600,Oct 29 2023 - 8:00pm,complete,N/A,Racing Santander,Racing Club de Ferrol,Andrés Fuentes Molina,13,2.67,0.83,2.00,0.95,1,3,4,3,1,2,"25","35,45'2,48",5,4,1,0,5,0,0,1,2,3,12,18,6,9,4,5,12,24,57,43,1.29,0.91,1.42,1.87,2.25,33,67,42,17,9,25,67,33,84,7.66,5.17,2.05,2.95,3.40,1.44,2.35,4.50,8.90,2.10,1.67,Campos de Sport de El Sardinero (Santander)
1698696000,Oct 30 2023 - 8:00pm,complete,N/A,Burgos CF,Real Zaragoza,Luis Mario Milla Alvéndiz,13,2.67,2.00,2.10,1.14,1,1,2,1,0,1,"90'3","38",4,1,2,0,2,0,0,2,2,0,11,9,3,6,2,1,19,16,56,44,1.39,1.13,1.01,1.13,2.27,37,45,37,37,9,27,64,27,65,7.47,4.87,2.27,2.93,2.95,1.55,2.50,4.75,10.00,2.10,1.67,Estadio Municipal de El Plantío (Burgos)
1699041600,Nov 03 2023 - 8:00pm,complete,N/A,RCD Espanyol,SD Eibar,José Antonio López Toca,14,2.17,1.71,2.09,1.18,2,2,4,2,1,1,"45'2,56","6,90'8",4,4,1,0,1,0,0,1,1,0,15,14,7,5,4,6,9,5,47,53,1.44,1.43,1.47,1.38,3.23,52,85,68,38,24,61,85,47,92,11.47,5.81,2.06,3.40,3.40,1.36,2.05,3.50,7.00,1.85,1.85,Stage Front Stadium (Cornella de Llobregat)
1699110900,Nov 04 2023 - 3:15pm,complete,N/A,Villarreal II,Sporting Gijón,Salvador Lax Franco,14,1.67,1.14,1.57,1.09,0,3,3,1,0,1,"","4,57,72",9,4,0,0,0,0,0,0,0,0,23,11,7,7,11,2,11,6,56,44,1.67,1.15,2.03,1.17,2.84,56,79,65,48,7,32,72,47,86,8.43,4.96,2.64,3.21,2.28,1.33,1.76,3.45,6.50,1.70,2.00,Estadio de la Cerámica (Villarreal)
1699119000,Nov 04 2023 - 5:30pm,complete,N/A,Levante UD,Mirandés,Raúl Martín González Francés,14,1.83,1.17,1.67,0.81,2,2,4,2,1,1,"26,62","13,90'4",2,6,4,2,3,0,1,5,0,3,11,12,6,5,2,5,15,12,49,51,1.64,1.21,1.15,1.40,2.75,50,83,42,25,25,33,50,59,84,8.83,5.50,1.58,3.57,4.59,1.30,1.76,3.25,6.25,1.77,1.91,Estadio Ciudad de Valencia (Valencia)
1699119000,Nov 04 2023 - 5:30pm,complete,N/A,Real Valladolid,CD Tenerife,Jon Ander González Esteban,14,2.29,1.17,2.24,0.86,2,0,2,0,0,0,"64,90'2","",9,4,1,0,3,0,0,1,2,1,19,7,7,2,9,3,9,13,54,46,1.74,1.08,1.83,0.75,2.38,40,85,40,7,7,31,61,24,85,10.31,7.24,1.95,3.26,4.31,1.50,2.40,4.75,10.00,2.10,1.62,Estadio Municipal José Zorrilla (Valladolid)
1699128000,Nov 04 2023 - 8:00pm,complete,N/A,Albacete Balompié,Elche CF,Miguel Sesma Espinosa,14,1.57,0.83,1.67,1.10,1,1,2,0,0,0,"76","49",6,3,3,0,5,1,1,2,1,5,15,6,6,4,7,2,19,17,53,47,1.79,1.05,1.69,0.94,2.67,61,92,45,30,0,31,100,38,84,9.04,3.88,2.20,3.00,2.93,1.36,2.15,3.80,7.50,1.80,1.85,Estadio Carlos Belmonte (Albacete)
1699189200,Nov 05 2023 - 1:00pm,complete,N/A,Racing Club de Ferrol,FC Andorra,Alejandro Quintero González,14,2.00,0.50,1.86,0.57,1,0,1,1,1,0,"11","",3,3,4,0,3,0,1,3,2,1,12,13,5,6,3,5,17,19,32,68,1.49,1.47,1.05,1.49,2.67,50,75,42,25,9,25,75,59,75,10.50,2.33,2.13,3.14,3.69,1.50,2.35,4.50,10.00,2.00,1.73,Estadio Municipal de A Malata (Ferrol)
1699197300,Nov 05 2023 - 3:15pm,complete,N/A,SD Amorebieta,SD Huesca,Oliver De La Fuente Ramos,14,1.50,1.00,1.29,1.29,0,1,1,0,0,0,"","60",2,4,3,1,2,0,0,4,1,1,8,10,0,4,5,4,11,13,49,51,1.05,0.90,0.72,1.15,1.59,33,67,17,0,0,33,67,9,50,8.50,5.00,2.38,2.95,3.20,1.55,2.45,5.50,11.00,2.15,1.65,Instalaciones de Lezama Campo 2 (Lezama)
1699205400,Nov 05 2023 - 5:30pm,complete,N/A,AD Alcorcón,Racing Santander,Manuel Jesús Orellana Cid,14,0.33,0.83,1.24,1.05,3,1,4,1,1,0,"13,49,81","85",3,3,3,0,1,0,0,3,1,0,18,12,7,5,6,3,16,8,46,54,1.45,1.36,1.56,1.31,2.42,59,100,25,9,9,25,75,42,83,10.50,6.00,2.60,3.30,2.65,1.45,2.20,4.50,9.00,1.91,1.80,Estadio Santo Domingo (Alcorcón)
1699205400,Nov 05 2023 - 5:30pm,complete,6805,FC Cartagena,Leganés,Iosu Galech Apezteguía,14,0.00,2.00,1.33,1.57,0,3,3,0,0,0,"","50,61,69",3,5,1,0,2,0,0,1,1,1,12,9,2,6,5,2,10,6,50,50,1.42,1.04,0.89,1.08,2.17,34,50,34,25,9,25,84,25,59,9.00,6.16,3.55,3.10,2.15,1.42,2.50,4.40,8.70,1.91,1.80,Estadio Municipal Cartagonova (Cartagena)
1699214400,Nov 05 2023 - 8:00pm,complete,N/A,CD Eldense,Burgos CF,José Luis Guzmán Mansilla,14,1.33,0.00,1.24,0.71,2,0,2,1,1,0,"14,81","",7,7,2,0,2,0,1,1,0,2,16,10,6,3,7,4,7,7,45,55,1.04,1.28,1.55,1.09,3.00,67,92,75,25,9,33,83,50,92,9.34,3.83,2.20,3.20,3.30,1.45,2.50,4.75,10.00,2.10,1.67,Estadio Municipal Nuevo Pepico Amat (Elda)
1699300800,Nov 06 2023 - 8:00pm,complete,N/A,Real Zaragoza,Real Oviedo,Álvaro Moreno Aragón,14,1.43,0.86,1.29,1.04,0,0,0,0,0,0,"","",7,4,1,0,1,0,0,1,1,0,21,14,7,3,9,7,18,14,53,47,1.30,0.99,1.94,1.02,1.72,29,50,14,14,7,22,57,22,57,8.14,5.43,2.21,3.05,3.35,1.52,2.70,6.00,11.00,2.25,1.57,Estadio de la Romareda (Zaragoza)
1699644600,Nov 10 2023 - 7:30pm,complete,N/A,Leganés,Levante UD,Luis Mario Milla Alvéndiz,15,2.29,1.71,1.95,1.14,2,1,3,1,0,1,"56,66","14",8,7,2,0,2,0,0,2,0,2,13,11,6,4,4,3,18,6,41,59,1.39,1.20,1.39,1.15,1.72,14,57,15,7,7,7,64,22,64,8.28,5.43,2.12,2.97,3.53,1.44,2.45,4.33,8.00,2.10,1.67,Estadio Municipal de Butarque (Leganés)
1699715700,Nov 11 2023 - 3:15pm,complete,N/A,Racing Santander,Real Valladolid,Daniel Jesús Trujillo Suárez,15,2.29,1.00,2.00,1.19,2,3,5,1,0,1,"50,70","27,73,90'2",3,3,0,0,2,0,0,0,0,2,15,20,7,10,7,6,12,11,34,66,1.30,1.12,1.52,2.11,2.52,30,61,44,30,16,45,85,23,61,7.86,5.54,2.44,3.13,2.59,1.35,2.16,3.60,6.50,1.86,1.88,Campos de Sport de El Sardinero (Santander)
1699723800,Nov 11 2023 - 5:30pm,complete,N/A,Elche CF,Real Zaragoza,Adrián Cordero Vega,15,2.00,1.83,1.71,1.14,2,0,2,0,0,0,"61,64","",7,5,4,0,2,0,0,4,1,1,14,9,5,4,8,3,17,10,51,49,1.82,1.13,1.52,0.96,1.87,47,47,31,17,0,9,62,23,70,9.07,3.46,2.07,3.25,3.45,1.38,2.38,3.90,7.25,2.01,1.75,Estadio Manuel Martínez Valero (Elche)
1699723800,Nov 11 2023 - 5:30pm,complete,N/A,Mirandés,Racing Club de Ferrol,Rafael Sánchez López,15,1.43,1.14,1.52,0.95,1,2,3,2,0,2,"48","26,31",6,2,1,0,1,0,0,1,0,1,18,11,8,4,5,4,4,11,63,37,1.31,1.05,1.80,0.92,2.86,57,79,50,36,7,43,64,50,93,5.57,4.28,2.42,3.10,2.93,1.44,2.35,4.33,8.00,2.00,1.73,Estadio Municipal de Anduva (Miranda de Ebro)
1699732800,Nov 11 2023 - 8:00pm,complete,N/A,Sporting Gijón,SD Amorebieta,Iván Caparrós Hernández,15,2.67,0.14,1.91,0.86,1,1,2,0,0,0,"61","67",4,3,1,0,5,0,0,1,2,3,17,12,9,6,7,5,11,7,61,39,1.48,1.10,2.12,1.48,3.06,47,86,62,37,15,47,100,38,69,11.33,4.04,1.42,4.35,6.70,1.28,1.95,3.15,5.75,2.10,1.65,Estadio Municipal El Molinón (Gijón)
1699794000,Nov 12 2023 - 1:00pm,complete,N/A,Burgos CF,AD Alcorcón,Dámaso Arcediano Monescillo,15,2.43,1.14,2.10,0.86,4,2,6,2,0,2,"53,56,61,70","8,19",5,2,1,0,0,0,0,1,0,0,16,10,8,4,4,1,12,7,49,51,1.33,1.20,1.73,0.86,2.58,36,79,36,36,7,29,71,36,79,7.28,5.86,2.05,3.10,3.50,1.40,2.45,4.20,7.80,2.15,1.68,Estadio Municipal de El Plantío (Burgos)
1699802100,Nov 12 2023 - 3:15pm,complete,N/A,FC Andorra,CD Eldense,Germán Cid Camacho,15,1.86,1.14,1.48,1.14,1,3,4,2,1,1,"32","4,62,81",8,1,2,0,3,0,0,2,1,2,24,10,7,6,8,1,8,11,80,20,1.38,1.15,2.18,1.02,2.14,29,57,22,22,14,15,43,36,79,9.14,4.00,1.81,3.35,3.85,1.32,2.15,3.70,7.50,1.97,1.78,Estadi Nacional (Andorra la Vella)
1699810200,Nov 12 2023 - 5:30pm,complete,17811,CD Tenerife,Villarreal II,Miguel González Díaz,15,2.29,0.43,1.81,0.48,0,1,1,1,0,1,"","23",8,3,3,0,5,1,1,2,2,4,21,14,6,7,8,3,15,15,67,33,1.27,0.99,1.74,1.23,2.07,36,57,29,22,7,14,43,50,65,6.57,6.14,1.67,3.50,4.40,1.33,2.06,3.75,7.00,2.00,1.73,Estadio Heliodoro Rodríguez Lopéz (Santa Cruz de Tenerife (Tenerife))
1699810200,Nov 12 2023 - 5:30pm,complete,N/A,SD Huesca,RCD Espanyol,Andrés Fuentes Molina,15,0.43,1.43,1.05,1.22,1,1,2,0,0,0,"78","54",7,1,2,0,4,0,0,2,2,2,20,7,6,2,9,2,5,18,59,41,1.11,1.39,1.78,0.67,2.00,36,57,22,22,7,22,65,22,79,12.00,6.00,3.25,3.15,2.05,1.45,2.20,4.50,9.00,1.95,1.73,Estadio El Alcoraz (Huesca)
1699819200,Nov 12 2023 - 8:00pm,complete,N/A,SD Eibar,Albacete Balompié,Saúl Ais Reig,15,2.17,0.67,2.09,0.76,1,1,2,1,1,0,"11","67",3,7,1,0,1,0,0,1,0,1,13,17,7,7,4,5,14,13,58,42,1.62,1.39,1.48,1.60,2.50,42,83,50,9,9,25,75,42,75,8.67,4.16,1.83,3.30,3.85,1.38,2.05,3.80,7.25,2.10,1.67,Estadio Municipal de Ipurúa (Eibar)
1699905600,Nov 13 2023 - 8:00pm,complete,N/A,Real Oviedo,FC Cartagena,Rubén Ávalos Barrera,15,1.83,0.86,2.04,1.10,1,1,2,1,0,1,"90'7","2",4,2,4,0,8,0,0,4,2,6,19,3,4,2,5,1,7,13,70,30,1.17,1.17,1.47,0.48,1.90,44,61,30,7,7,0,38,30,85,10.29,4.36,1.82,3.25,4.80,1.50,2.43,5.00,10.00,2.25,1.55,Estadio Nuevo Carlos Tartiere (Oviedo)
1700251200,Nov 17 2023 - 8:00pm,complete,N/A,Real Valladolid,Leganés,José Antonio López Toca,16,2.38,2.14,2.24,1.57,1,1,2,1,1,0,"26","51",3,6,1,0,3,0,0,1,2,1,22,12,4,4,11,3,12,11,66,34,1.75,1.04,1.64,0.95,2.12,20,66,27,14,7,20,60,34,73,11.38,6.39,1.91,2.85,4.10,1.48,2.55,4.75,10.00,2.05,1.67,Estadio Municipal José Zorrilla (Valladolid)
1700320500,Nov 18 2023 - 3:15pm,complete,N/A,AD Alcorcón,Sporting Gijón,Alejandro Quintero González,16,0.71,1.38,1.24,1.09,0,0,0,0,0,0,"","",5,7,2,0,2,0,1,1,0,2,16,17,3,3,8,8,13,7,37,63,1.47,1.16,1.19,1.34,2.28,41,82,34,20,7,14,61,54,81,8.21,5.45,2.90,2.88,2.27,1.48,2.25,4.50,9.50,1.95,1.73,Estadio Santo Domingo (Alcorcón)
1700328600,Nov 18 2023 - 5:30pm,complete,N/A,SD Amorebieta,CD Tenerife,Salvador Lax Franco,16,1.29,1.00,1.29,0.86,2,0,2,1,1,0,"26,58","",3,14,2,1,3,1,0,3,1,3,7,25,4,7,1,10,10,8,35,65,1.00,1.03,0.85,2.22,1.93,36,72,36,0,0,29,50,29,72,7.86,6.14,3.70,2.88,1.94,1.50,2.48,4.75,10.00,2.00,1.70,Instalaciones de Lezama Campo 2 (Lezama)
1700328600,Nov 18 2023 - 5:30pm,complete,N/A,Real Zaragoza,SD Huesca,Jon Ander González Esteban,16,1.38,1.29,1.29,1.29,0,2,2,1,0,1,"","15,71",9,4,2,1,3,0,1,2,2,1,13,8,5,4,5,4,17,14,62,38,1.38,0.93,1.64,0.95,1.66,27,60,7,7,7,27,60,13,60,8.32,5.59,1.82,2.83,4.35,1.57,2.70,5.50,11.00,2.20,1.57,Estadio de la Romareda (Zaragoza)
1700337600,Nov 18 2023 - 8:00pm,complete,N/A,RCD Espanyol,Elche CF,Álvaro Moreno Aragón,16,2.00,0.86,2.09,1.10,2,0,2,2,2,0,"14,22","",8,5,3,0,2,0,2,1,0,2,13,16,6,4,3,9,25,12,45,55,1.45,1.03,1.29,1.46,2.79,50,86,43,29,15,43,86,50,79,8.43,5.14,1.88,3.20,3.45,1.30,1.89,3.30,6.00,1.80,1.91,Stage Front Stadium (Cornella de Llobregat)
1700398800,Nov 19 2023 - 1:00pm,complete,N/A,Racing Club de Ferrol,Burgos CF,Miguel Sesma Espinosa,16,2.14,0.00,1.86,0.71,1,1,2,0,0,0,"71","90'6",3,4,1,0,5,0,0,1,1,4,14,10,6,3,5,3,13,12,60,40,1.43,1.25,1.53,0.88,2.50,50,79,50,14,7,15,72,57,86,10.86,3.72,2.00,3.00,3.60,1.47,2.35,4.67,9.20,2.10,1.67,Estadio Municipal de A Malata (Ferrol)
1700406900,Nov 19 2023 - 3:15pm,complete,N/A,CD Eldense,Mirandés,Manuel Jesús Orellana Cid,16,1.57,1.14,1.24,0.81,2,2,4,2,1,1,"45'4,47","29,90'3",7,1,1,0,1,0,0,1,0,1,21,8,7,4,8,1,20,13,52,48,1.12,1.24,1.80,0.84,2.72,50,86,50,29,7,36,72,36,79,9.29,4.29,1.39,6.06,4.41,1.40,2.11,4.00,8.50,1.91,1.80,Estadio Municipal Nuevo Pepico Amat (Elda)
1700406900,Nov 19 2023 - 3:15pm,complete,N/A,Real Oviedo,SD Eibar,Raúl Martín González Francés,16,1.71,1.63,2.04,1.18,2,1,3,1,0,1,"49,89","42",4,4,4,0,3,0,0,4,1,2,10,8,4,3,3,4,9,13,53,47,1.21,1.42,1.19,0.99,2.48,52,73,51,25,7,38,66,32,93,11.59,4.74,4.72,3.44,1.65,1.52,2.69,5.10,10.20,2.20,1.62,Estadio Nuevo Carlos Tartiere (Oviedo)
1700415000,Nov 19 2023 - 5:30pm,complete,N/A,FC Cartagena,Albacete Balompié,Oliver De La Fuente Ramos,16,0.00,0.71,1.33,0.76,1,1,2,1,1,0,"45'1","60",2,9,1,0,2,0,0,1,1,1,12,19,4,3,6,11,9,21,44,56,1.34,1.42,1.15,1.64,2.43,43,79,50,15,7,29,79,29,71,9.00,5.14,6.07,1.29,5.88,1.40,2.14,4.00,8.50,1.83,1.83,Estadio Municipal Cartagonova (Cartagena)
1700415000,Nov 19 2023 - 5:30pm,complete,N/A,Villarreal II,FC Andorra,José Luis Guzmán Mansilla,16,1.43,0.43,1.57,0.57,0,0,0,0,0,0,"","",2,7,2,0,1,0,0,2,0,1,14,17,3,6,7,6,11,6,36,64,1.72,1.47,1.05,1.65,3.29,57,86,79,43,7,43,100,57,79,9.57,3.14,4.96,3.59,1.59,1.35,1.96,3.65,7.00,1.80,1.91,Estadio de la Cerámica (Villarreal)
1700510400,Nov 20 2023 - 8:00pm,complete,N/A,Levante UD,Racing Santander,Iosu Galech Apezteguía,16,1.71,0.71,1.67,1.05,2,4,6,3,2,1,"11,45'3","22,54,60,71",8,5,2,0,1,0,0,2,0,1,28,10,7,6,8,2,14,11,60,40,1.57,1.35,1.98,1.27,2.93,71,93,43,36,22,36,72,57,93,9.57,6.57,1.92,3.25,3.55,1.26,2.02,3.08,5.80,1.73,2.00,Estadio Ciudad de Valencia (Valencia)
1700856000,Nov 24 2023 - 8:00pm,complete,N/A,SD Huesca,Real Valladolid,Saúl Ais Reig,17,0.50,1.29,1.05,1.19,0,1,1,0,0,0,"","57",3,4,4,0,4,0,1,3,1,3,11,12,3,6,6,3,10,15,43,57,1.19,1.26,1.05,1.37,2.10,34,54,21,21,15,21,62,34,66,9.25,5.96,3.13,2.90,2.50,1.53,2.40,4.75,9.00,2.10,1.65,Estadio El Alcoraz (Huesca)
1700925300,Nov 25 2023 - 3:15pm,complete,N/A,Racing Santander,Villarreal II,Luis Mario Milla Alvéndiz,17,2.00,0.75,2.00,0.48,2,0,2,1,1,0,"23,71","",4,3,3,0,4,0,2,1,1,3,12,8,5,0,5,5,14,19,40,60,1.33,1.02,1.37,0.61,2.82,50,69,57,44,19,32,69,51,75,6.01,5.63,1.92,3.74,3.66,1.22,1.65,2.75,5.00,1.70,2.05,Campos de Sport de El Sardinero (Santander)
1700925300,Nov 25 2023 - 3:15pm,complete,N/A,Burgos CF,FC Andorra,Iván Caparrós Hernández,17,2.50,0.50,2.10,0.57,0,0,0,0,0,0,"","",3,3,1,0,1,0,0,1,0,1,12,8,3,2,8,2,8,12,36,64,1.38,1.49,1.13,0.73,2.69,44,63,44,32,19,38,82,44,57,9.01,4.01,2.22,3.15,3.40,1.40,2.45,4.33,8.00,1.91,1.80,Estadio Municipal de El Plantío (Burgos)
1700933400,Nov 25 2023 - 5:30pm,complete,N/A,Albacete Balompié,Real Zaragoza,Manuel Jesús Orellana Cid,17,1.50,1.57,1.67,1.14,1,0,1,0,0,0,"90","",4,5,2,0,2,0,1,1,1,1,19,6,6,3,9,2,14,7,53,47,1.77,1.10,1.81,0.81,2.51,59,79,40,34,0,20,73,40,93,8.61,4.02,1.95,3.10,4.10,1.36,2.45,4.00,8.00,1.91,1.80,Estadio Carlos Belmonte (Albacete)
1700942400,Nov 25 2023 - 8:00pm,complete,N/A,SD Eibar,Levante UD,Adrián Cordero Vega,17,2.00,1.50,2.09,1.14,3,1,4,2,1,1,"45'5,53,73","32",10,3,3,0,1,0,1,2,0,1,21,14,8,8,9,5,12,11,58,42,1.60,1.19,2.15,1.66,2.11,41,75,28,7,7,7,75,34,75,10.46,4.04,1.67,3.50,4.90,1.33,2.10,3.75,7.00,1.91,1.80,Estadio Municipal de Ipurúa (Eibar)
1701003600,Nov 26 2023 - 1:00pm,complete,N/A,Leganés,Racing Club de Ferrol,Miguel González Díaz,17,2.38,1.38,1.95,0.95,2,2,4,4,2,2,"30,42","9,15",5,2,1,0,2,1,0,1,3,0,23,4,6,4,12,0,12,3,59,41,1.39,1.03,2.10,0.69,2.25,38,69,38,13,7,19,69,32,88,6.26,4.88,2.01,3.26,4.38,1.52,2.47,4.75,11.00,2.25,1.57,Estadio Municipal de Butarque (Leganés)
1701011700,Nov 26 2023 - 3:15pm,complete,5650,Mirandés,Real Oviedo,Andrés Fuentes Molina,17,1.25,0.88,1.52,1.04,2,1,3,1,1,0,"27,89","86",5,2,3,0,3,0,2,1,2,1,12,9,7,3,2,3,7,14,35,65,1.37,1.00,1.37,1.07,2.32,50,57,44,32,7,44,57,38,63,6.75,3.76,3.20,2.88,2.48,1.52,2.50,5.75,11.00,2.20,1.62,Estadio Municipal de Anduva (Miranda de Ebro)
1701011700,Nov 26 2023 - 3:15pm,complete,N/A,Elche CF,SD Amorebieta,Dámaso Arcediano Monescillo,17,2.13,0.25,1.71,0.86,2,0,2,0,0,0,"84,90'2","",4,9,2,0,2,0,0,2,1,1,12,13,5,5,5,5,11,18,61,39,1.78,1.14,1.34,1.34,2.38,44,63,38,25,13,19,69,44,69,11.38,3.76,1.44,4.20,7.50,1.33,1.98,3.60,7.00,2.20,1.62,Estadio Manuel Martínez Valero (Elche)
1701019800,Nov 26 2023 - 5:30pm,complete,N/A,CD Tenerife,FC Cartagena,Germán Cid Camacho,17,2.00,0.88,1.81,1.10,1,1,2,1,0,1,"90'3","41",6,1,3,0,4,0,0,3,0,4,16,8,6,4,4,2,9,11,61,39,1.33,1.09,1.51,0.85,1.82,44,57,26,7,7,7,50,32,63,9.75,6.88,1.73,3.40,5.30,1.50,2.50,5.00,10.00,2.25,1.57,Estadio Heliodoro Rodríguez Lopéz (Santa Cruz de Tenerife (Tenerife))
1701028800,Nov 26 2023 - 8:00pm,complete,N/A,RCD Espanyol,AD Alcorcón,Rafael Sánchez López,17,2.13,1.00,2.09,0.86,2,0,2,1,1,0,"45'1,57","",8,2,2,0,1,1,0,2,0,2,25,8,10,3,6,1,15,15,65,35,1.43,1.15,2.20,0.62,3.19,38,94,50,44,19,51,82,50,88,8.13,5.38,1.55,4.10,5.75,1.29,1.93,3.20,6.25,1.91,1.80,Stage Front Stadium (Cornella de Llobregat)
1701115200,Nov 27 2023 - 8:00pm,complete,N/A,Sporting Gijón,CD Eldense,Rubén Ávalos Barrera,17,2.43,1.38,1.91,1.14,2,0,2,1,1,0,"8,69","",5,2,1,0,2,0,1,0,0,2,18,16,8,4,6,11,14,17,55,45,1.57,1.14,1.73,1.52,2.73,54,88,48,26,7,41,81,41,80,9.63,4.64,1.59,3.60,4.85,1.33,1.86,3.60,8.00,2.00,1.73,Estadio Municipal El Molinón (Gijón)
1701459000,Dec 01 2023 - 7:30pm,complete,13023,Real Oviedo,RCD Espanyol,Alejandro Quintero González,18,1.88,1.38,2.04,1.22,2,0,2,1,1,0,"31,90'1","",7,4,5,0,3,0,4,1,1,2,17,8,6,3,6,2,17,24,53,47,1.21,1.30,1.56,0.77,2.07,44,69,25,13,7,13,63,25,88,10.75,4.88,2.68,2.93,2.98,1.52,2.58,5.40,11.50,2.20,1.62,Estadio Nuevo Carlos Tartiere (Oviedo)
1701530100,Dec 02 2023 - 3:15pm,complete,N/A,FC Cartagena,Sporting Gijón,José Antonio López Toca,18,0.13,1.33,1.33,1.09,1,0,1,0,0,0,"79","",6,3,1,0,3,0,0,1,1,2,21,7,11,2,6,4,11,14,48,52,1.32,1.18,2.22,0.86,2.26,36,66,42,24,12,18,66,35,71,8.39,5.16,2.91,3.15,2.22,1.40,2.25,4.00,8.00,1.88,1.80,Estadio Municipal Cartagonova (Cartagena)
1701530100,Dec 02 2023 - 3:15pm,complete,N/A,CD Eldense,CD Tenerife,Álvaro Moreno Aragón,18,1.50,0.88,1.24,0.86,0,3,3,1,0,1,"","45'3,61,81",9,1,1,0,1,0,1,0,0,1,14,5,2,4,8,1,11,11,57,43,1.20,1.18,1.33,0.87,2.50,51,88,44,19,0,32,69,32,88,9.88,5.01,2.18,2.95,3.15,1.50,2.47,5.00,10.00,2.10,1.62,Estadio Municipal Nuevo Pepico Amat (Elda)
1701538200,Dec 02 2023 - 5:30pm,complete,N/A,Real Zaragoza,Leganés,Salvador Lax Franco,18,1.22,2.00,1.29,1.57,1,0,1,1,1,0,"39","",4,4,2,0,1,0,2,0,0,1,11,6,3,0,6,4,19,14,47,53,1.41,1.03,1.15,0.53,1.89,24,59,18,12,6,18,65,30,65,9.47,6.13,2.40,2.78,2.97,1.60,2.49,6.00,11.00,2.20,1.57,Estadio de la Romareda (Zaragoza)
1701547200,Dec 02 2023 - 8:00pm,complete,N/A,Levante UD,Real Valladolid,José Luis Guzmán Mansilla,18,1.50,1.50,1.67,1.19,2,1,3,3,2,1,"2,45'4","8",12,6,4,0,3,0,2,2,2,1,20,12,8,4,4,3,16,13,40,60,1.62,1.27,1.63,1.07,2.88,50,69,38,38,32,38,69,50,82,8.01,6.13,2.33,3.15,2.73,1.40,2.15,3.90,8.00,1.77,1.90,Estadio Ciudad de Valencia (Valencia)
1701608400,Dec 03 2023 - 1:00pm,complete,N/A,FC Andorra,SD Huesca,Manuel Jesús Orellana Cid,18,1.63,1.50,1.48,1.29,1,0,1,0,0,0,"90","",6,3,2,0,2,0,0,2,0,2,9,10,5,2,1,4,11,13,68,32,1.48,0.93,1.12,0.78,1.75,25,57,13,13,7,19,44,25,69,9.13,4.38,2.15,3.18,3.59,1.53,2.40,5.30,7.80,2.27,1.61,Estadi Nacional (Andorra la Vella)
1701616500,Dec 03 2023 - 3:15pm,complete,N/A,AD Alcorcón,Elche CF,Oliver De La Fuente Ramos,18,0.75,0.75,1.24,1.10,0,2,2,1,0,1,"","17,52",4,4,3,1,1,0,1,3,1,0,11,24,3,11,5,8,8,10,41,59,1.43,1.09,1.01,2.37,2.19,50,88,25,13,0,26,76,44,69,8.25,5.13,3.00,3.00,2.40,1.37,2.25,4.30,7.00,1.91,1.80,Estadio Santo Domingo (Alcorcón)
1701624600,Dec 03 2023 - 5:30pm,complete,N/A,Mirandés,Racing Santander,Rubén Ávalos Barrera,18,1.44,1.00,1.52,1.05,0,0,0,0,0,0,"","",9,10,4,0,5,0,1,3,2,3,14,13,6,4,7,8,13,12,53,47,1.37,1.34,1.46,1.24,3.35,77,95,64,41,18,53,83,59,89,8.35,4.66,2.35,3.20,2.90,1.32,1.91,3.55,7.07,1.73,2.00,Estadio Municipal de Anduva (Miranda de Ebro)
1701624600,Dec 03 2023 - 5:30pm,complete,N/A,Racing Club de Ferrol,Albacete Balompié,Jon Ander González Esteban,18,2.00,0.75,1.86,0.76,5,4,9,2,1,1,"30,60,71,80,90'4","4,50,75,90'9",2,5,2,0,3,1,1,1,1,3,19,19,7,8,8,5,11,12,71,29,1.44,1.44,1.82,1.58,2.01,50,76,26,7,0,13,63,38,75,10.25,3.75,2.40,3.00,3.00,1.47,2.25,4.93,9.50,2.10,1.67,Estadio Municipal de A Malata (Ferrol)
1701633600,Dec 03 2023 - 8:00pm,complete,N/A,SD Amorebieta,Burgos CF,Iosu Galech Apezteguía,18,1.50,0.13,1.29,0.71,0,1,1,1,0,1,"","44",7,6,1,0,0,0,0,1,0,0,16,7,4,5,6,2,10,7,57,43,0.99,1.21,1.31,1.06,2.32,44,82,50,7,7,25,69,44,82,9.26,5.50,2.55,2.90,2.80,1.50,2.30,5.00,9.50,2.10,1.67,Instalaciones de Lezama Campo 2 (Lezama)
1701718200,Dec 04 2023 - 7:30pm,complete,N/A,Villarreal II,SD Eibar,Miguel Sesma Espinosa,18,1.38,1.44,1.57,1.18,1,0,1,0,0,0,"90'2","",9,0,1,0,0,1,0,1,1,0,27,7,9,0,9,7,9,6,60,40,1.64,1.37,2.35,0.71,3.23,71,89,89,47,6,53,89,53,94,10.80,4.39,3.75,3.50,1.95,1.29,1.85,3.20,5.50,1.75,1.95,Estadio de la Cerámica (Villarreal)
1702056600,Dec 08 2023 - 5:30pm,complete,N/A,Albacete Balompié,Villarreal II,Álvaro Moreno Aragón,19,1.67,0.67,1.67,0.48,2,0,2,0,0,0,"52,71","",4,0,2,0,2,0,1,1,0,2,19,8,6,2,9,4,10,9,53,47,1.78,0.98,1.82,0.75,2.56,56,78,39,33,6,17,67,50,89,7.12,5.22,1.80,3.60,4.60,1.29,1.95,3.34,6.35,1.91,1.80,Estadio Carlos Belmonte (Albacete)
1702065600,Dec 08 2023 - 8:00pm,complete,N/A,RCD Espanyol,Real Zaragoza,Dámaso Arcediano Monescillo,19,2.22,1.38,2.09,1.14,1,1,2,0,0,0,"54","73",4,6,2,1,3,0,1,2,0,3,9,11,2,3,5,6,6,4,47,53,1.51,1.07,0.84,1.05,2.50,36,70,35,29,11,35,70,35,83,8.91,4.57,1.72,3.65,5.20,1.38,2.10,3.80,7.00,2.10,1.68,Stage Front Stadium (Cornella de Llobregat)
1702134900,Dec 09 2023 - 3:15pm,complete,15467,Real Valladolid,SD Amorebieta,Rafael Sánchez López,19,2.22,0.22,2.24,0.86,2,1,3,1,0,1,"54,86","37",4,4,1,0,3,0,0,1,2,1,14,8,7,4,5,2,9,13,66,34,1.74,1.17,1.53,0.83,2.67,39,84,33,28,17,28,73,39,84,12.11,5.11,1.47,4.15,6.20,1.27,2.06,3.18,5.95,2.10,1.67,Estadio Municipal José Zorrilla (Valladolid)
1702143000,Dec 09 2023 - 5:30pm,complete,19640,Sporting Gijón,Levante UD,Germán Cid Camacho,19,2.50,1.33,1.91,1.14,0,0,0,0,0,0,"","",5,3,7,1,4,0,2,6,2,2,13,9,4,3,6,2,8,15,51,49,1.59,1.24,1.35,0.96,2.21,42,84,36,12,0,25,78,36,71,11.32,4.56,2.14,3.26,3.54,1.40,2.30,3.95,8.00,1.85,1.83,Estadio Municipal El Molinón (Gijón)
1702152000,Dec 09 2023 - 8:00pm,complete,N/A,Burgos CF,Mirandés,Saúl Ais Reig,19,2.33,1.13,2.10,0.81,0,0,0,0,0,0,"","",3,8,3,0,4,0,0,3,2,2,12,6,3,2,7,2,7,11,53,47,1.35,1.19,1.21,0.69,2.72,47,72,48,36,18,42,65,48,66,8.32,4.85,2.07,3.00,3.57,1.35,2.20,3.90,7.00,2.00,1.73,Estadio Municipal de El Plantío (Burgos)
1702213200,Dec 10 2023 - 1:00pm,complete,N/A,Elche CF,FC Cartagena,Luis Mario Milla Alvéndiz,19,2.22,0.89,1.71,1.10,1,2,3,1,1,0,"18","66,84",8,5,3,0,4,0,1,2,0,4,13,8,3,5,6,1,11,19,64,36,1.73,1.06,1.25,0.91,1.95,56,67,28,6,6,0,50,39,78,10.00,5.23,1.85,3.40,4.05,1.33,2.16,3.60,6.50,2.00,1.72,Estadio Manuel Martínez Valero (Elche)
1702221300,Dec 10 2023 - 3:15pm,complete,N/A,Racing Santander,Real Oviedo,Iván Caparrós Hernández,19,2.11,0.78,2.00,1.04,2,2,4,3,1,2,"31,79","18,44",6,8,4,0,3,0,3,1,1,2,11,17,6,4,2,7,17,13,49,51,1.33,1.00,1.29,1.42,2.17,39,56,45,28,11,28,67,28,61,8.12,4.66,2.46,2.80,2.85,1.52,2.40,5.25,10.00,2.10,1.67,Campos de Sport de El Sardinero (Santander)
1702229400,Dec 10 2023 - 5:30pm,complete,N/A,SD Eibar,FC Andorra,Andrés Fuentes Molina,19,2.13,0.56,2.09,0.57,2,2,4,3,2,1,"23,36","5,82",5,1,4,1,3,0,0,5,2,1,16,17,5,6,9,6,14,13,38,62,1.67,1.41,1.53,1.64,2.61,48,72,47,24,12,29,83,47,66,9.60,3.06,1.63,3.39,4.85,1.36,2.16,3.60,6.50,2.00,1.73,Estadio Municipal de Ipurúa (Eibar)
1702229400,Dec 10 2023 - 5:30pm,complete,N/A,Leganés,CD Eldense,José Luis Guzmán Mansilla,19,2.22,1.22,1.95,1.14,1,1,2,2,1,1,"35","42",8,2,3,0,3,0,1,2,1,2,14,7,4,2,7,3,16,22,68,32,1.47,1.18,1.28,0.68,2.56,39,73,39,28,11,28,78,33,78,7.00,4.77,1.74,3.10,4.56,1.50,2.50,5.00,10.00,2.25,1.57,Estadio Municipal de Butarque (Leganés)
1702238400,Dec 10 2023 - 8:00pm,complete,N/A,SD Huesca,Racing Club de Ferrol,Iosu Galech Apezteguía,19,0.44,1.33,1.05,0.95,1,0,1,1,1,0,"14","",3,4,1,0,3,0,0,1,0,3,12,12,6,0,3,7,10,13,33,67,1.17,1.00,1.41,0.76,2.00,45,61,28,17,0,22,50,28,84,8.67,5.89,2.25,2.66,3.39,1.58,2.74,6.00,11.00,2.38,1.53,Estadio El Alcoraz (Huesca)
1702324800,Dec 11 2023 - 8:00pm,complete,N/A,CD Tenerife,AD Alcorcón,Adrián Cordero Vega,19,1.89,0.89,1.81,0.86,1,0,1,0,0,0,"64","",3,3,1,0,5,0,0,1,1,4,16,12,7,3,7,4,11,22,49,51,1.35,1.09,1.67,0.91,2.28,28,72,28,22,6,22,67,33,72,8.34,6.11,1.75,3.25,4.33,1.50,2.24,4.75,9.50,2.38,1.53,Estadio Heliodoro Rodríguez Lopéz (Santa Cruz de Tenerife (Tenerife))
1702668600,Dec 15 2023 - 7:30pm,complete,12525,Real Oviedo,Elche CF,Salvador Lax Franco,20,2.00,1.00,2.04,1.10,3,2,5,3,1,2,"31,68,89","4,40",5,2,2,0,4,0,0,2,0,4,13,19,8,6,4,8,9,15,57,43,1.25,1.23,1.70,1.63,2.00,39,78,22,6,0,17,73,28,78,9.23,4.88,2.20,2.87,3.20,1.50,2.40,5.50,11.00,2.10,1.62,Estadio Nuevo Carlos Tartiere (Oviedo)
1702731600,Dec 16 2023 - 1:00pm,complete,N/A,CD Eldense,Racing Santander,Oliver De La Fuente Ramos,20,1.33,1.00,1.24,1.05,3,3,6,2,0,2,"75,78,84","14,45'8,56",8,3,2,0,2,0,1,1,0,2,14,9,7,5,5,3,8,7,70,30,1.22,1.33,1.88,1.04,2.84,62,89,50,33,11,33,84,39,84,11.34,4.44,2.10,3.40,3.10,1.38,2.10,3.75,7.50,1.75,1.93,Estadio Municipal Nuevo Pepico Amat (Elda)
1702739700,Dec 16 2023 - 3:15pm,complete,N/A,FC Andorra,RCD Espanyol,Miguel Sesma Espinosa,20,1.78,1.22,1.48,1.22,1,1,2,0,0,0,"83","66",6,2,1,0,4,0,1,0,1,3,15,7,4,2,7,5,10,16,69,31,1.44,1.24,1.30,0.70,2.11,33,61,22,22,11,17,50,33,84,10.67,4.45,3.10,3.00,2.30,1.40,2.15,4.20,8.50,1.85,1.83,Estadi Nacional (Andorra la Vella)
1702747800,Dec 16 2023 - 5:30pm,complete,N/A,FC Cartagena,Burgos CF,Manuel Jesús Orellana Cid,20,0.44,0.44,1.33,0.71,0,3,3,1,0,1,"","6,63,73",2,2,5,0,1,0,3,2,0,1,10,11,2,6,8,4,13,9,59,41,1.42,1.19,1.23,1.32,2.61,50,78,56,17,11,22,78,45,84,9.67,4.66,2.30,2.90,3.20,1.44,2.50,4.75,10.00,2.10,1.68,Estadio Municipal Cartagonova (Cartagena)
1702747800,Dec 16 2023 - 5:30pm,complete,N/A,Sporting Gijón,Leganés,Jon Ander González Esteban,20,2.33,1.78,1.91,1.57,1,1,2,1,0,1,"51","37",9,4,3,0,3,0,1,2,1,2,18,10,4,3,6,6,12,7,65,35,1.56,0.98,1.37,0.94,2.06,33,67,33,11,0,22,73,33,62,10.00,5.56,2.15,2.90,3.50,1.50,2.45,4.75,10.00,2.15,1.65,Estadio Municipal El Molinón (Gijón)
1702756800,Dec 16 2023 - 8:00pm,complete,N/A,Mirandés,Albacete Balompié,Miguel González Díaz,20,1.40,0.67,1.52,0.76,2,0,2,1,1,0,"24,64","",2,7,2,0,2,0,0,2,0,2,13,12,4,4,7,5,8,15,38,62,1.38,1.46,1.24,1.43,3.00,63,85,57,26,11,47,74,47,79,8.58,4.78,3.00,3.10,2.30,1.36,2.05,4.00,8.50,1.87,1.87,Estadio Municipal de Anduva (Miranda de Ebro)
1702818000,Dec 17 2023 - 1:00pm,complete,2782,AD Alcorcón,SD Eibar,Daniel Jesús Trujillo Suárez,20,0.67,1.30,1.24,1.18,1,0,1,1,1,0,"8","",2,13,1,0,2,0,0,1,1,1,7,19,4,8,3,5,17,11,36,64,1.38,1.31,0.98,1.93,2.61,57,85,51,26,5,36,74,47,89,9.77,5.58,3.70,3.20,2.05,1.40,2.02,4.00,8.50,1.85,1.80,Estadio Santo Domingo (Alcorcón)
1702826100,Dec 17 2023 - 3:15pm,complete,13281,Levante UD,SD Huesca,Alejandro Quintero González,20,1.67,1.33,1.67,1.29,2,1,3,2,2,0,"1,45'2","47",10,0,2,0,3,1,0,2,4,0,13,6,7,2,5,4,19,14,57,43,1.63,0.92,1.77,0.70,2.39,50,73,28,22,17,39,62,34,78,9.23,6.00,1.85,3.05,4.15,1.53,2.44,5.00,10.00,2.10,1.67,Estadio Ciudad de Valencia (Valencia)
1702834200,Dec 17 2023 - 5:30pm,complete,N/A,SD Amorebieta,Real Zaragoza,José Antonio López Toca,20,1.33,1.33,1.29,1.14,1,1,2,2,1,1,"10","43",3,7,4,0,2,0,2,2,2,0,19,11,8,7,6,3,7,11,48,52,1.02,1.07,1.92,1.52,1.78,33,56,22,11,0,17,56,22,73,8.11,4.78,3.50,2.90,2.30,1.53,2.47,5.50,11.00,2.30,1.60,Instalaciones de Lezama Campo 2 (Lezama)
1702843200,Dec 17 2023 - 8:00pm,complete,N/A,Racing Club de Ferrol,CD Tenerife,Rubén Ávalos Barrera,20,2.11,1.11,1.86,0.86,3,1,4,1,1,0,"26,52,75","63",8,0,2,0,2,0,1,1,0,2,19,6,8,3,8,3,10,9,55,45,1.48,1.15,2.01,0.74,2.50,45,78,33,11,6,17,56,50,84,9.33,4.66,2.40,2.90,3.30,1.57,2.52,5.50,11.00,2.10,1.62,Estadio Municipal de A Malata (Ferrol)
1702927800,Dec 18 2023 - 7:30pm,complete,N/A,Villarreal II,Real Valladolid,Raúl Martín González Francés,20,1.56,1.33,1.57,1.19,1,0,1,1,1,0,"22","",3,5,1,0,4,0,1,0,0,4,12,18,4,6,6,5,21,10,40,60,1.72,1.25,1.09,1.66,2.67,45,67,56,33,11,33,78,33,73,9.00,4.33,2.54,7.50,1.71,1.33,2.05,3.60,7.00,1.80,1.91,Estadio de la Cerámica (Villarreal)
1703008800,Dec 19 2023 - 6:00pm,complete,N/A,Albacete Balompié,CD Eldense,Germán Cid Camacho,21,1.80,1.20,1.67,1.14,1,1,2,0,0,0,"70","90'2",5,3,1,0,3,1,0,1,1,3,10,15,2,3,5,7,12,15,55,45,1.78,1.13,0.95,1.06,2.60,55,85,35,30,5,30,75,40,90,8.70,4.40,1.55,3.70,6.50,1.35,2.25,3.75,7.50,2.05,1.66,Estadio Carlos Belmonte (Albacete)
1703008800,Dec 19 2023 - 6:00pm,complete,N/A,Racing Santander,FC Andorra,Saúl Ais Reig,21,2.00,0.60,2.00,0.57,2,0,2,1,1,0,"32,83","",6,4,5,0,3,1,0,5,1,3,18,10,13,4,3,4,16,14,36,64,1.33,1.43,2.28,1.05,2.80,45,70,60,40,15,45,85,35,65,8.60,4.30,2.30,3.25,3.10,1.38,2.05,4.00,7.40,1.88,1.80,Campos de Sport de El Sardinero (Santander)
1703017800,Dec 19 2023 - 8:30pm,complete,N/A,Elche CF,Mirandés,Iosu Galech Apezteguía,21,2.00,1.11,1.71,0.81,0,0,0,0,0,0,"","",6,1,2,0,3,0,1,1,2,1,18,5,2,0,10,4,10,10,61,39,1.68,1.14,1.35,0.43,2.24,42,69,43,17,6,22,53,53,69,10.83,4.58,1.69,3.65,4.65,1.33,2.04,3.55,7.00,1.95,1.75,Estadio Manuel Martínez Valero (Elche)
1703017800,Dec 19 2023 - 8:30pm,complete,N/A,RCD Espanyol,Burgos CF,Adrián Cordero Vega,21,2.10,0.70,2.09,0.71,3,3,6,3,1,2,"20,64,81","12,45'5,75",6,6,3,0,2,0,1,2,2,0,15,13,8,7,4,4,6,10,68,32,1.45,1.20,1.79,1.43,2.85,45,90,55,20,15,35,80,60,85,10.30,4.90,1.65,3.60,5.10,1.33,2.10,3.75,8.00,2.05,1.66,Stage Front Stadium (Cornella de Llobregat)
1703095200,Dec 20 2023 - 6:00pm,complete,N/A,Real Zaragoza,Levante UD,Álvaro Moreno Aragón,21,1.40,1.30,1.29,1.14,2,2,4,2,2,0,"42,45'1","62,70",5,2,2,0,2,0,0,2,1,1,17,10,5,6,6,2,11,8,54,46,1.38,1.22,1.49,1.15,1.70,25,60,15,10,5,15,65,25,60,10.30,5.60,2.20,3.10,3.50,1.48,2.40,4.50,9.50,2.00,1.68,Estadio de la Romareda (Zaragoza)
1703104200,Dec 20 2023 - 8:30pm,complete,N/A,SD Eibar,Sporting Gijón,Rafael Sánchez López,21,2.00,1.20,2.09,1.09,1,1,2,1,0,1,"66","22",6,3,3,0,3,0,1,2,0,3,16,8,5,5,10,3,8,8,61,39,1.65,1.15,1.88,1.09,2.40,44,70,43,27,11,22,65,42,80,9.13,4.69,1.90,3.25,4.40,1.43,2.30,4.43,8.00,2.05,1.66,Estadio Municipal de Ipurúa (Eibar)
1703104200,Dec 20 2023 - 8:30pm,complete,N/A,Leganés,CD Tenerife,Iván Caparrós Hernández,21,2.10,1.00,1.95,0.86,1,1,2,0,0,0,"84","57",5,5,2,0,3,0,0,2,1,2,6,8,4,4,0,2,13,14,54,46,1.45,1.11,0.83,0.99,2.45,40,80,45,15,5,25,70,40,75,7.80,5.60,2.25,2.70,4.00,1.80,2.37,5.75,11.00,2.25,1.57,Estadio Municipal de Butarque (Leganés)
1703181600,Dec 21 2023 - 6:00pm,complete,N/A,SD Huesca,FC Cartagena,José Luis Guzmán Mansilla,21,0.70,1.10,1.05,1.10,3,0,3,3,3,0,"30,35,39","",4,8,0,0,1,0,0,0,1,0,8,13,7,5,0,6,10,9,48,52,1.20,1.04,1.11,1.37,1.90,55,60,25,10,5,5,50,35,80,9.40,6.70,2.10,3.00,3.90,1.53,2.45,5.25,10.00,2.13,1.68,Estadio El Alcoraz (Huesca)
1703181600,Dec 21 2023 - 6:00pm,complete,N/A,Villarreal II,Real Oviedo,Dámaso Arcediano Monescillo,21,1.70,0.80,1.57,1.04,1,1,2,1,1,0,"9","90'3",1,7,1,0,3,1,1,0,0,4,16,13,7,3,6,5,15,18,43,57,1.65,1.05,1.58,1.08,2.15,45,55,50,30,0,25,65,30,65,9.30,3.70,2.80,3.00,2.63,1.43,2.38,4.00,8.00,1.95,1.75,Estadio de la Cerámica (Villarreal)
1703190600,Dec 21 2023 - 8:30pm,complete,N/A,SD Amorebieta,AD Alcorcón,Luis Mario Milla Alvéndiz,21,1.30,0.80,1.29,0.86,1,2,3,2,1,1,"34","37,64",9,3,3,0,4,0,1,2,3,1,8,13,3,6,3,5,12,17,69,31,1.11,1.08,0.96,1.35,2.25,30,75,30,20,5,30,70,25,75,7.10,5.70,2.10,3.10,3.70,1.47,2.30,5.00,10.00,2.05,1.68,Instalaciones de Lezama Campo 2 (Lezama)
1703190600,Dec 21 2023 - 8:30pm,complete,N/A,Real Valladolid,Racing Club de Ferrol,Andrés Fuentes Molina,21,2.30,1.20,2.24,0.95,0,1,1,1,0,1,"","39",7,4,1,0,3,0,1,0,2,1,16,11,4,3,5,6,11,12,57,43,1.72,0.97,1.27,0.98,2.35,45,80,35,15,5,25,70,25,85,9.50,5.40,1.80,3.40,4.50,1.43,2.25,4.00,8.00,2.10,1.67,Estadio Municipal José Zorrilla (Valladolid)
1705087800,Jan 12 2024 - 7:30pm,complete,5886,SD Eibar,Racing Santander,Alejandro Quintero González,22,1.90,1.00,2.09,1.05,2,0,2,1,1,0,"10,83","",2,6,2,0,1,0,1,1,0,1,15,10,7,3,4,3,16,10,59,41,1.67,1.30,1.58,0.91,3.05,70,90,50,35,20,35,85,45,85,10.80,5.00,1.70,3.40,4.20,1.30,1.90,3.50,6.50,1.83,1.83,Estadio Municipal de Ipurúa (Eibar)
1705150800,Jan 13 2024 - 1:00pm,complete,N/A,AD Alcorcón,Mirandés,Miguel Sesma Espinosa,22,0.90,1.10,1.24,0.81,0,0,0,0,0,0,"","",3,3,0,0,1,0,0,0,0,1,15,13,3,3,9,9,10,6,51,49,1.34,1.07,1.44,1.36,2.20,40,75,35,20,5,25,60,45,65,8.40,5.40,2.49,3.10,2.58,1.42,2.07,4.33,9.00,2.00,1.73,Estadio Santo Domingo (Alcorcón)
1705158900,Jan 13 2024 - 3:15pm,complete,N/A,Levante UD,Albacete Balompié,Daniel Jesús Trujillo Suárez,22,1.80,0.60,1.67,0.76,3,2,5,2,2,0,"38,45'3,77","64,69",5,3,1,0,0,0,1,0,0,0,14,12,9,5,3,4,17,19,54,46,1.64,1.46,1.64,1.37,3.05,65,90,50,25,20,45,75,45,85,11.10,5.90,2.49,3.30,2.90,1.40,2.25,4.20,8.50,1.91,1.80,Estadio Ciudad de Valencia (Valencia)
1705167000,Jan 13 2024 - 5:30pm,complete,N/A,Real Oviedo,SD Amorebieta,Oliver De La Fuente Ramos,22,2.10,0.20,2.04,0.86,1,1,2,2,1,1,"3","32",10,5,0,0,1,0,0,0,1,0,16,16,4,6,9,5,8,8,58,42,1.29,1.13,1.63,1.45,2.55,45,75,40,25,15,20,70,45,85,10.70,4.60,1.56,3.80,6.80,1.42,2.30,4.50,8.50,2.25,1.57,Estadio Nuevo Carlos Tartiere (Oviedo)
1705167000,Jan 13 2024 - 5:30pm,complete,N/A,CD Tenerife,Elche CF,Jon Ander González Esteban,22,2.00,0.90,1.81,1.10,0,1,1,1,0,1,"","3",4,2,4,0,2,0,2,2,0,2,11,8,3,4,5,4,12,12,57,43,1.38,1.27,1.10,0.99,1.95,35,65,20,10,5,25,70,30,60,8.90,5.70,2.21,3.10,3.65,1.50,2.56,5.25,10.00,2.20,1.62,Estadio Heliodoro Rodríguez Lopéz (Santa Cruz de Tenerife (Tenerife))
1705176000,Jan 13 2024 - 8:00pm,complete,N/A,Burgos CF,Real Valladolid,José Antonio López Toca,22,2.20,1.20,2.10,1.19,1,0,1,1,1,0,"4","",5,9,5,0,1,0,0,5,0,1,8,21,3,3,4,12,13,9,32,68,1.34,1.29,0.90,1.74,2.25,35,50,30,25,20,30,70,25,50,7.90,5.30,2.60,3.10,2.95,1.42,2.29,4.33,8.50,2.00,1.73,Estadio Municipal de El Plantío (Burgos)
1705176000,Jan 13 2024 - 8:00pm,complete,N/A,Racing Club de Ferrol,RCD Espanyol,Manuel Jesús Orellana Cid,22,2.20,1.20,1.86,1.22,0,0,0,0,0,0,"","",5,8,2,0,3,0,1,1,2,1,7,9,2,2,5,4,10,14,53,47,1.54,1.19,0.87,0.83,2.55,55,75,25,25,10,15,65,45,85,10.20,4.30,2.65,3.20,2.80,1.38,2.07,4.00,8.50,1.83,1.83,Estadio Municipal de A Malata (Ferrol)
1705237200,Jan 14 2024 - 1:00pm,complete,N/A,FC Andorra,Leganés,Raúl Martín González Francés,22,1.70,1.70,1.48,1.57,2,3,5,0,0,0,"46,75","62,77,90'5",6,1,4,0,1,0,0,4,0,1,19,7,7,5,6,0,10,12,67,33,1.43,0.97,1.70,0.92,1.85,30,50,20,15,5,10,45,40,70,9.80,4.50,2.25,3.00,3.30,1.55,2.59,5.00,10.50,2.20,1.62,Estadi Nacional (Andorra la Vella)
1705245300,Jan 14 2024 - 3:15pm,complete,N/A,FC Cartagena,Villarreal II,Rubén Ávalos Barrera,22,0.40,0.60,1.33,0.48,4,1,5,1,0,1,"57,69,72,82","38",10,6,3,0,2,0,2,1,2,0,20,14,7,3,8,7,15,12,51,49,1.40,0.95,1.67,1.09,2.45,40,70,40,25,10,15,65,45,80,5.80,5.70,2.37,3.32,2.98,1.33,2.10,3.60,7.00,1.83,1.83,Estadio Municipal Cartagonova (Cartagena)
1705245300,Jan 14 2024 - 3:15pm,complete,N/A,Sporting Gijón,SD Huesca,Salvador Lax Franco,22,2.20,1.20,1.91,1.29,0,0,0,0,0,0,"","",8,1,2,0,2,0,0,2,0,2,12,10,3,5,7,3,9,10,63,37,1.55,0.90,1.30,1.06,1.95,40,75,25,5,0,30,70,15,70,9.30,5.60,1.64,3.66,5.76,1.57,2.73,5.50,10.00,2.50,1.50,Estadio Municipal El Molinón (Gijón)
1705347000,Jan 15 2024 - 7:30pm,complete,N/A,CD Eldense,Real Zaragoza,Miguel González Díaz,22,1.30,1.30,1.24,1.14,1,1,2,2,1,1,"36","29",10,1,3,0,4,0,0,3,1,3,15,5,5,3,6,1,12,8,45,55,1.28,1.11,1.45,0.68,2.55,55,75,40,30,5,30,70,35,85,9.70,3.60,2.37,2.91,2.86,1.50,2.15,4.75,10.00,2.10,1.67,Estadio Municipal Nuevo Pepico Amat (Elda)
1705755600,Jan 20 2024 - 1:00pm,complete,N/A,Albacete Balompié,AD Alcorcón,Iván Caparrós Hernández,23,1.73,1.00,1.67,0.86,0,1,1,0,0,0,"","89",3,2,2,0,4,0,1,1,1,3,18,17,3,5,9,9,17,8,65,35,1.71,1.10,1.35,1.50,2.73,50,91,41,32,5,27,69,46,100,8.00,4.91,1.57,3.65,6.00,1.33,1.95,3.75,7.00,2.00,1.73,Estadio Carlos Belmonte (Albacete)
1705763700,Jan 20 2024 - 3:15pm,complete,N/A,SD Amorebieta,CD Eldense,Álvaro Moreno Aragón,23,1.18,1.18,1.29,1.14,0,2,2,1,0,1,"","8,75",7,2,1,0,2,0,0,1,0,2,11,13,2,8,3,3,11,13,57,43,1.10,1.12,0.96,1.54,2.14,46,73,27,14,5,36,73,23,69,8.18,5.37,2.75,3.10,2.37,1.45,1.94,4.33,9.00,1.91,1.77,Instalaciones de Lezama Campo 2 (Lezama)
1705763700,Jan 20 2024 - 3:15pm,complete,17854,Real Zaragoza,FC Andorra,Germán Cid Camacho,23,1.36,0.55,1.29,0.57,2,0,2,1,1,0,"44,67","",3,2,2,0,1,0,0,2,0,1,13,10,8,4,4,4,16,11,39,61,1.39,1.40,1.64,1.08,2.23,32,64,32,23,9,32,78,32,60,9.00,4.73,2.05,2.90,4.00,1.50,2.45,4.75,8.75,2.20,1.62,Estadio de la Romareda (Zaragoza)
1705771800,Jan 20 2024 - 5:30pm,complete,N/A,RCD Espanyol,Villarreal II,Rafael Sánchez López,23,2.00,0.55,2.09,0.48,2,1,3,3,2,1,"17,32","38",5,8,2,0,2,0,1,1,1,1,10,12,5,4,5,2,11,9,55,45,1.48,0.96,1.37,0.93,2.91,45,82,41,36,23,32,69,60,82,7.46,5.73,1.47,4.00,5.50,1.25,1.91,2.90,5.25,1.87,1.89,Stage Front Stadium (Cornella de Llobregat)
1705771800,Jan 20 2024 - 5:30pm,complete,N/A,CD Tenerife,Sporting Gijón,Luis Mario Milla Alvéndiz,23,1.82,1.18,1.81,1.09,1,2,3,2,1,1,"23","44,85",2,6,2,0,3,0,0,2,0,3,13,13,4,7,6,4,11,13,51,49,1.36,1.14,1.19,1.62,1.59,23,46,18,9,5,9,50,27,59,9.09,6.00,2.06,2.98,3.45,1.60,2.36,4.75,10.00,2.10,1.67,Estadio Heliodoro Rodríguez Lopéz (Santa Cruz de Tenerife (Tenerife))
1705780800,Jan 20 2024 - 8:00pm,complete,N/A,Racing Club de Ferrol,Real Oviedo,Adrián Cordero Vega,23,2.09,0.82,1.86,1.04,1,3,4,0,0,0,"48","57,70,90'14",7,7,2,0,3,0,2,0,1,2,10,18,4,10,1,6,19,10,53,47,1.48,1.05,0.87,2.02,2.10,50,55,27,23,5,14,55,37,64,9.63,3.90,2.16,2.93,3.25,1.55,2.20,5.00,9.50,2.05,1.67,Estadio Municipal de A Malata (Ferrol)
1705842000,Jan 21 2024 - 1:00pm,complete,N/A,Racing Santander,FC Cartagena,Andrés Fuentes Molina,23,2.09,1.00,2.00,1.10,0,2,2,1,0,1,"","6,90'6",8,1,3,2,3,0,2,3,1,2,16,9,4,5,5,3,12,20,72,28,1.42,1.07,1.42,1.02,2.68,59,82,55,27,14,27,78,32,82,9.00,6.18,1.83,3.55,4.36,1.33,2.09,3.50,7.00,1.83,1.83,Campos de Sport de El Sardinero (Santander)
1705850100,Jan 21 2024 - 3:15pm,complete,2847,Mirandés,Levante UD,José Luis Guzmán Mansilla,23,1.55,1.27,1.52,1.14,1,1,2,1,0,1,"90'2","43",6,3,2,0,3,0,0,2,1,2,16,10,4,3,7,5,12,16,48,52,1.37,1.21,1.32,1.05,2.41,50,73,46,27,5,37,69,46,73,8.55,4.64,2.40,3.30,2.80,1.36,2.15,3.75,7.00,1.83,1.83,Estadio Municipal de Anduva (Miranda de Ebro)
1705858200,Jan 21 2024 - 5:30pm,complete,N/A,SD Huesca,SD Eibar,Saúl Ais Reig,23,0.91,1.18,1.05,1.18,2,3,5,2,0,2,"46,65","37,42,71",7,7,1,0,2,0,0,1,0,2,20,15,9,7,6,2,8,11,44,56,1.19,1.36,1.99,1.42,2.28,46,59,46,23,5,37,64,36,78,11.27,5.55,2.90,2.80,2.70,1.47,2.70,5.50,10.00,2.25,1.57,Estadio El Alcoraz (Huesca)
1705867200,Jan 21 2024 - 8:00pm,complete,N/A,Elche CF,Real Valladolid,Salvador Lax Franco,23,1.91,1.09,1.71,1.19,0,0,0,0,0,0,"","",3,2,2,0,2,0,1,1,0,2,19,4,3,2,9,0,14,11,57,43,1.65,1.33,1.36,0.59,1.91,32,50,27,9,9,14,64,32,55,10.54,4.64,2.21,2.88,3.00,1.41,2.30,4.35,7.80,1.91,1.80,Estadio Manuel Martínez Valero (Elche)
1705951800,Jan 22 2024 - 7:30pm,complete,N/A,Leganés,Burgos CF,Iosu Galech Apezteguía,23,2.00,0.73,1.95,0.71,2,0,2,2,2,0,"14,20","",7,4,0,0,2,0,0,0,2,0,12,14,6,6,4,6,9,9,41,59,1.39,1.22,1.25,1.72,2.73,50,82,55,18,14,27,78,55,78,8.91,4.63,1.95,3.10,3.90,1.55,2.75,5.75,10.00,2.25,1.57,Estadio Municipal de Butarque (Leganés)
1706297400,Jan 26 2024 - 7:30pm,complete,N/A,SD Eibar,Mirandés,Salvador Lax Franco,24,2.00,1.09,2.09,0.81,1,0,1,0,0,0,"77","",6,4,1,0,2,0,1,0,0,2,22,13,8,4,7,6,11,8,62,38,1.67,1.09,1.98,1.24,2.50,50,78,45,27,9,32,68,41,73,9.00,4.64,1.62,3.68,6.05,1.36,2.05,3.70,7.50,1.93,1.75,Estadio Municipal de Ipurúa (Eibar)
1706368500,Jan 27 2024 - 3:15pm,complete,N/A,AD Alcorcón,Real Zaragoza,Rubén Ávalos Barrera,24,0.91,1.27,1.24,1.14,0,0,0,0,0,0,"","",4,0,0,0,1,0,0,0,0,1,10,7,3,3,2,0,12,9,49,51,1.35,1.07,0.82,0.74,1.91,46,69,18,14,0,18,60,32,69,7.82,4.72,2.90,3.00,2.40,1.52,2.26,5.25,10.00,2.05,1.65,Estadio Santo Domingo (Alcorcón)
1706368500,Jan 27 2024 - 3:15pm,complete,N/A,FC Cartagena,SD Amorebieta,Raúl Martín González Francés,24,0.64,0.27,1.33,0.86,1,0,1,0,0,0,"76","",3,1,3,0,4,0,1,2,1,3,11,10,5,4,3,5,19,12,43,57,1.42,1.16,1.11,1.20,2.82,50,78,50,32,18,27,82,46,78,10.00,4.64,1.85,3.25,4.00,1.45,2.32,4.50,9.50,2.10,1.70,Estadio Municipal Cartagonova (Cartagena)
1706376600,Jan 27 2024 - 5:30pm,complete,N/A,Real Oviedo,Leganés,Manuel Jesús Orellana Cid,24,2.00,1.82,2.04,1.57,1,0,1,0,0,0,"89","",9,3,4,0,2,0,1,3,1,1,13,6,7,3,3,3,12,15,64,36,1.32,0.97,1.43,0.87,2.09,41,64,27,14,9,14,64,32,73,9.91,4.91,2.20,3.10,3.10,1.60,2.07,5.55,10.50,2.38,1.53,Estadio Nuevo Carlos Tartiere (Oviedo)
1706385600,Jan 27 2024 - 8:00pm,complete,N/A,Levante UD,CD Tenerife,José Antonio López Toca,24,1.91,1.00,1.67,0.86,0,0,0,0,0,0,"","",2,4,1,0,2,1,0,1,0,3,10,10,4,2,4,6,17,15,46,54,1.64,1.10,1.06,1.10,2.95,64,91,55,27,18,41,64,60,91,9.91,6.18,2.10,3.20,3.25,1.50,2.07,4.95,9.90,2.10,1.67,Estadio Ciudad de Valencia (Valencia)
1706446800,Jan 28 2024 - 1:00pm,complete,N/A,CD Eldense,RCD Espanyol,Jon Ander González Esteban,24,1.27,1.18,1.24,1.22,3,2,5,4,2,2,"9,45'14,55","19,45",7,3,2,0,2,0,1,1,2,0,15,6,6,2,6,3,16,18,50,50,1.30,1.16,1.56,0.74,2.55,55,82,37,27,9,32,78,32,82,11.36,4.46,3.05,3.10,2.49,1.44,2.20,4.50,8.50,1.95,1.80,Estadio Municipal Nuevo Pepico Amat (Elda)
1706454900,Jan 28 2024 - 3:15pm,complete,N/A,Villarreal II,SD Huesca,Miguel González Díaz,24,1.64,1.18,1.57,1.29,1,1,2,1,0,1,"73","12",7,1,3,0,3,0,1,2,0,3,17,8,6,4,5,3,13,9,66,34,1.65,0.91,1.53,0.94,2.05,41,64,37,18,0,27,69,18,73,7.91,4.18,2.25,2.90,3.00,1.48,2.35,4.74,8.50,2.00,1.73,Estadio de la Cerámica (Villarreal)
1706454900,Jan 28 2024 - 3:15pm,complete,N/A,FC Andorra,Elche CF,Oliver De La Fuente Ramos,24,1.55,1.09,1.48,1.10,0,1,1,0,0,0,"","81",4,5,3,0,3,0,3,0,2,1,12,15,6,7,4,6,13,14,51,49,1.45,1.24,1.28,1.63,2.27,41,69,27,23,14,23,55,46,73,8.91,4.37,2.35,2.75,3.10,1.45,2.30,4.33,9.00,1.93,1.75,Estadi Nacional (Andorra la Vella)
1706463000,Jan 28 2024 - 5:30pm,complete,N/A,Burgos CF,Albacete Balompié,Miguel Sesma Espinosa,24,2.27,0.55,2.10,0.76,2,1,3,2,1,1,"8,84","38",6,3,1,0,1,0,0,1,1,0,24,10,7,5,10,4,9,17,53,47,1.30,1.45,1.95,1.21,2.55,46,68,36,23,18,32,73,32,64,9.18,5.00,2.45,2.90,2.75,1.42,2.20,4.20,8.50,1.90,1.77,Estadio Municipal de El Plantío (Burgos)
1706472000,Jan 28 2024 - 8:00pm,complete,N/A,Sporting Gijón,Racing Club de Ferrol,Alejandro Quintero González,24,2.09,1.36,1.91,0.95,1,2,3,0,0,0,"52","71,90'6",2,3,1,0,4,0,0,1,1,3,14,13,4,5,5,6,10,17,59,41,1.52,0.97,1.26,1.21,2.14,45,73,36,14,0,27,73,23,69,9.27,5.28,1.80,3.05,4.20,1.45,2.35,4.75,9.50,2.10,1.67,Estadio Municipal El Molinón (Gijón)
1706556600,Jan 29 2024 - 7:30pm,complete,N/A,Real Valladolid,Racing Santander,Daniel Jesús Trujillo Suárez,24,2.09,0.91,2.24,1.05,3,1,4,1,1,0,"30,67,72","59",3,2,2,1,2,0,0,3,1,1,13,9,8,5,4,2,11,8,53,47,1.68,1.26,1.72,1.10,2.68,50,87,36,23,18,27,78,36,82,12.09,5.46,1.90,3.30,4.00,1.29,1.91,3.28,6.30,1.83,1.83,Estadio Municipal José Zorrilla (Valladolid)
1706902200,Feb 02 2024 - 7:30pm,complete,14942,Elche CF,Burgos CF,Rafael Sánchez López,25,1.83,0.67,1.71,0.71,2,0,2,0,0,0,"59,90'9","",5,6,2,0,0,0,1,1,0,0,17,8,9,3,3,4,15,7,64,36,1.63,1.27,1.82,0.88,2.25,42,71,46,9,9,17,63,55,71,10.92,4.08,1.83,3.05,4.10,1.50,2.35,4.75,9.50,2.05,1.67,Estadio Manuel Martínez Valero (Elche)
1706965200,Feb 03 2024 - 1:00pm,complete,N/A,Albacete Balompié,FC Cartagena,Iosu Galech Apezteguía,25,1.58,1.17,1.67,1.10,1,1,2,1,1,0,"16","73",3,4,3,0,1,0,0,3,1,0,6,14,3,4,2,5,16,10,54,46,1.68,1.07,0.88,1.07,2.38,63,83,38,17,4,13,63,42,92,9.09,5.16,1.75,3.50,4.50,1.35,2.10,3.60,6.75,1.95,1.73,Estadio Carlos Belmonte (Albacete)
1706973300,Feb 03 2024 - 3:15pm,complete,N/A,Mirandés,Villarreal II,Álvaro Moreno Aragón,25,1.50,0.50,1.52,0.48,3,0,3,1,1,0,"29,68,75","",5,1,1,0,1,0,0,1,1,0,14,5,7,0,5,4,9,13,56,44,1.37,0.96,1.62,0.51,2.80,59,79,50,33,13,34,67,54,79,6.16,5.00,2.06,3.38,3.70,1.35,2.02,3.55,7.00,1.80,1.91,Estadio Municipal de Anduva (Miranda de Ebro)
1706973300,Feb 03 2024 - 3:15pm,complete,N/A,SD Huesca,AD Alcorcón,Germán Cid Camacho,25,0.83,1.17,1.05,0.86,1,0,1,0,0,0,"90'3","",4,5,1,0,2,0,0,1,1,1,12,9,4,5,7,1,7,14,51,49,1.26,1.13,1.30,1.03,2.34,33,67,34,25,8,29,59,33,84,8.16,5.84,2.04,2.97,4.47,1.57,2.89,6.00,11.00,2.50,1.50,Estadio El Alcoraz (Huesca)
1706981400,Feb 03 2024 - 5:30pm,complete,N/A,Leganés,Real Valladolid,Adrián Cordero Vega,25,2.08,1.08,1.95,1.19,0,0,0,0,0,0,"","",3,4,2,0,3,0,0,2,2,1,10,11,2,0,6,8,7,10,43,57,1.38,1.27,0.82,0.87,2.17,34,59,29,17,13,29,75,25,50,8.25,4.92,2.27,3.10,3.47,1.53,2.65,5.50,10.00,2.20,1.62,Estadio Municipal de Butarque (Leganés)
1706990400,Feb 03 2024 - 8:00pm,complete,N/A,CD Tenerife,FC Andorra,Andrés Fuentes Molina,25,1.67,0.50,1.81,0.57,0,0,0,0,0,0,"","",6,3,5,0,2,0,2,3,1,1,13,10,2,4,6,3,20,15,43,57,1.34,1.37,0.92,1.02,1.96,29,55,30,13,4,25,71,25,54,8.83,4.91,1.82,3.46,4.69,1.50,2.45,5.25,10.00,2.25,1.57,Estadio Heliodoro Rodríguez Lopéz (Santa Cruz de Tenerife (Tenerife))
1707051600,Feb 04 2024 - 1:00pm,complete,N/A,Racing Club de Ferrol,SD Eibar,Luis Mario Milla Alvéndiz,25,1.92,1.33,1.86,1.18,1,1,2,0,0,0,"90'4","53",2,2,5,0,2,0,1,4,0,2,11,7,4,4,4,2,8,19,53,47,1.43,1.37,1.29,0.88,2.88,63,71,54,38,13,33,67,54,84,11.42,4.17,2.95,3.10,2.45,1.50,2.25,4.77,8.00,2.00,1.73,Estadio Municipal de A Malata (Ferrol)
1707059700,Feb 04 2024 - 3:15pm,complete,N/A,SD Amorebieta,Racing Santander,Iván Caparrós Hernández,25,1.08,0.83,1.29,1.05,0,1,1,1,0,1,"","15",4,0,3,0,3,0,2,1,3,0,11,9,4,2,4,7,17,18,55,45,1.09,1.25,1.12,1.03,2.46,50,80,38,21,13,33,79,29,71,10.25,5.33,2.75,3.00,2.60,1.47,2.20,3.88,7.60,1.83,1.83,Instalaciones de Lezama Campo 2 (Lezama)
1707059700,Feb 04 2024 - 3:15pm,complete,N/A,Real Oviedo,CD Eldense,José Luis Guzmán Mansilla,25,2.08,1.33,2.04,1.14,1,1,2,1,0,1,"71","23",16,5,1,0,5,1,1,0,3,3,28,8,10,3,11,1,5,7,70,30,1.33,1.16,2.58,0.70,2.25,46,75,25,17,8,25,67,29,83,9.42,4.91,1.78,3.25,4.75,1.50,2.50,5.36,9.40,2.25,1.57,Estadio Nuevo Carlos Tartiere (Oviedo)
1707067800,Feb 04 2024 - 5:30pm,complete,N/A,RCD Espanyol,Levante UD,Dámaso Arcediano Monescillo,25,2.08,1.25,2.09,1.14,2,1,3,1,1,0,"3,90'9","58",5,6,3,0,3,0,1,2,3,0,10,17,4,6,5,9,19,16,42,58,1.47,1.20,1.19,1.66,2.50,46,80,38,25,13,38,75,42,71,10.33,5.25,1.80,3.30,4.10,1.36,2.07,3.80,7.50,1.91,1.80,Stage Front Stadium (Cornella de Llobregat)
1707161400,Feb 05 2024 - 7:30pm,complete,N/A,Real Zaragoza,Sporting Gijón,Saúl Ais Reig,25,1.50,1.33,1.29,1.09,3,0,3,1,1,0,"39,66,70","",4,4,1,0,3,0,1,0,2,1,14,9,6,3,4,5,13,4,42,58,1.41,1.18,1.31,1.11,1.96,29,63,25,17,8,21,63,29,71,8.84,5.58,2.50,2.80,3.10,1.57,2.80,5.25,10.50,2.25,1.57,Estadio de la Romareda (Zaragoza)
1707507000,Feb 09 2024 - 7:30pm,complete,N/A,Levante UD,Leganés,Oliver De La Fuente Ramos,26,1.83,1.67,1.67,1.57,0,0,0,0,0,0,"","",6,3,1,0,6,0,1,0,3,3,13,12,4,3,4,6,13,15,53,47,1.59,0.96,1.08,1.04,2.59,54,67,42,30,21,33,63,46,75,9.50,5.50,2.23,2.95,3.60,1.50,2.69,4.80,9.70,2.20,1.62,Estadio Ciudad de Valencia (Valencia)
1707578100,Feb 10 2024 - 3:15pm,complete,N/A,SD Amorebieta,Elche CF,Miguel González Díaz,26,1.00,1.25,1.29,1.10,1,0,1,0,0,0,"56","",0,5,0,0,0,0,0,0,0,0,9,20,3,5,4,10,11,11,29,71,1.09,1.28,0.91,1.83,1.97,37,69,24,9,4,32,80,21,61,8.42,5.20,3.90,3.10,2.05,1.43,2.50,4.33,8.60,2.00,1.73,Instalaciones de Lezama Campo 2 (Lezama)
1707578100,Feb 10 2024 - 3:15pm,complete,N/A,CD Eldense,SD Huesca,Raúl Martín González Francés,26,1.42,1.17,1.24,1.29,0,0,0,0,0,0,"","",4,6,2,0,1,0,0,2,1,0,9,10,0,5,8,4,21,14,54,46,1.32,0.91,0.75,1.17,2.34,50,75,33,21,9,38,75,17,75,9.16,4.41,2.10,2.90,4.10,1.57,2.25,5.35,9.80,2.25,1.57,Estadio Municipal Nuevo Pepico Amat (Elda)
1707586200,Feb 10 2024 - 5:30pm,complete,N/A,Sporting Gijón,Real Oviedo,Jon Ander González Esteban,26,1.92,1.00,1.91,1.04,1,0,1,1,1,0,"2","",4,5,3,0,3,0,1,2,1,2,13,14,6,4,3,6,10,7,39,61,1.50,1.13,1.23,1.39,2.00,50,67,38,17,0,21,59,29,63,10.42,5.00,2.45,2.90,3.20,1.55,2.26,5.30,11.00,2.25,1.57,Estadio Municipal El Molinón (Gijón)
1707595200,Feb 10 2024 - 8:00pm,complete,N/A,Racing Santander,RCD Espanyol,Miguel Sesma Espinosa,26,1.92,1.08,2.00,1.22,2,0,2,2,2,0,"1,29","",7,3,1,0,0,0,0,1,0,0,11,11,6,2,4,8,14,11,38,62,1.42,1.12,1.35,1.15,2.63,46,79,42,34,17,34,80,25,83,10.00,6.00,2.38,3.25,3.00,1.32,2.00,3.50,6.75,1.80,1.91,Campos de Sport de El Sardinero (Santander)
1707656400,Feb 11 2024 - 1:00pm,complete,N/A,Villarreal II,CD Tenerife,Alejandro Quintero González,26,1.58,1.00,1.57,0.86,1,0,1,0,0,0,"57","",4,1,3,0,6,1,2,1,2,5,11,5,4,0,7,4,7,9,56,44,1.64,1.10,1.41,0.51,2.42,50,79,50,21,0,21,67,42,83,9.00,4.67,2.81,3.00,2.54,1.55,2.45,5.05,9.10,2.00,1.73,Estadio de la Cerámica (Villarreal)
1707664500,Feb 11 2024 - 3:15pm,complete,N/A,AD Alcorcón,FC Andorra,Salvador Lax Franco,26,0.92,0.54,1.24,0.57,1,0,1,1,1,0,"4","",4,6,3,0,1,0,0,3,0,1,8,14,2,4,5,7,12,3,26,74,1.31,1.34,0.77,1.42,1.95,32,65,28,16,4,20,68,32,56,7.94,4.02,2.25,3.10,3.40,1.50,2.40,4.75,9.50,2.10,1.67,Estadio Santo Domingo (Alcorcón)
1707664500,Feb 11 2024 - 3:15pm,complete,N/A,FC Cartagena,Mirandés,José Antonio López Toca,26,0.83,1.00,1.33,0.81,1,0,1,1,1,0,"34","",4,5,5,0,2,0,2,3,0,2,7,19,3,5,4,11,12,5,36,64,1.40,1.10,0.87,1.85,2.33,38,63,46,25,13,25,59,38,71,8.67,5.16,2.60,2.90,3.00,1.48,2.37,4.50,9.00,2.00,1.73,Estadio Municipal Cartagonova (Cartagena)
1707672600,Feb 11 2024 - 5:30pm,complete,N/A,SD Eibar,Real Zaragoza,Daniel Jesús Trujillo Suárez,26,2.08,1.25,2.09,1.14,1,0,1,1,1,0,"7","",3,5,2,0,0,0,0,2,0,0,11,15,5,2,4,9,7,6,51,49,1.69,1.04,1.26,1.23,2.25,54,71,30,21,4,25,67,29,80,8.42,4.17,1.70,3.60,5.00,1.50,2.35,4.50,9.00,2.10,1.67,Estadio Municipal de Ipurúa (Eibar)
1707681600,Feb 11 2024 - 8:00pm,complete,N/A,Burgos CF,Racing Club de Ferrol,Rubén Ávalos Barrera,26,2.33,1.50,2.10,0.95,2,0,2,2,2,0,"14,39","",2,8,0,0,1,0,0,0,1,0,9,18,6,7,3,7,10,8,38,62,1.35,0.99,1.15,1.94,2.21,46,59,38,21,9,29,67,25,63,7.50,5.17,2.20,3.00,3.60,1.48,2.35,4.75,9.50,2.10,1.67,Estadio Municipal de El Plantío (Burgos)
1707766200,Feb 12 2024 - 7:30pm,complete,N/A,Real Valladolid,Albacete Balompié,Manuel Jesús Orellana Cid,26,2.17,0.50,2.24,0.76,0,0,0,0,0,0,"","",6,1,3,0,3,0,1,2,1,2,20,9,3,4,12,2,11,17,73,27,1.68,1.43,1.64,0.92,2.71,50,88,42,17,13,30,79,33,83,11.00,5.08,2.03,3.40,3.80,1.38,2.28,4.00,8.00,2.00,1.73,Estadio Municipal José Zorrilla (Valladolid)
1708111800,Feb 16 2024 - 7:30pm,complete,N/A,Real Zaragoza,FC Cartagena,Iván Caparrós Hernández,27,1.62,1.15,1.29,1.10,1,2,3,1,0,1,"75","11,89",8,3,4,0,5,1,1,3,2,4,22,7,7,5,9,2,14,13,74,26,1.40,1.07,2.30,0.96,2.20,46,77,31,12,8,16,73,31,77,8.77,5.77,1.89,3.32,4.72,1.53,2.30,5.25,10.00,2.25,1.57,Estadio de la Romareda (Zaragoza)
1708182900,Feb 17 2024 - 3:15pm,complete,N/A,FC Andorra,Villarreal II,Adrián Cordero Vega,27,1.42,0.46,1.48,0.48,1,1,2,0,0,0,"90'1","77",8,1,4,0,2,0,1,3,0,2,12,6,5,3,3,3,16,11,57,43,1.44,0.93,1.20,0.79,2.39,40,64,36,28,16,12,40,56,80,7.73,4.77,2.00,3.00,3.75,1.44,2.17,3.85,7.50,2.00,1.73,Estadi Nacional (Andorra la Vella)
1708182900,Feb 17 2024 - 3:15pm,complete,N/A,Real Oviedo,Burgos CF,Saúl Ais Reig,27,2.00,0.62,2.04,0.71,5,0,5,3,3,0,"14,42,45,51,89","",5,7,2,0,0,0,1,1,0,0,21,16,12,5,2,4,17,5,56,44,1.43,1.24,2.06,1.16,2.46,46,81,43,12,12,23,70,46,85,11.85,4.31,1.90,3.00,4.20,1.50,2.56,5.25,10.00,2.25,1.57,Estadio Nuevo Carlos Tartiere (Oviedo)
1708191000,Feb 17 2024 - 5:30pm,complete,N/A,Sporting Gijón,Real Valladolid,Iosu Galech Apezteguía,27,2.00,1.08,1.91,1.19,1,1,2,1,0,1,"51","27",6,9,3,0,3,0,1,2,0,3,12,13,5,6,5,5,9,12,48,52,1.48,1.24,1.29,1.51,1.97,35,58,31,12,8,23,69,23,50,9.69,5.31,2.20,2.88,3.30,1.55,2.57,5.00,9.50,2.10,1.67,Estadio Municipal El Molinón (Gijón)
1708200000,Feb 17 2024 - 8:00pm,complete,N/A,RCD Espanyol,Mirandés,Luis Mario Milla Alvéndiz,27,2.15,0.92,2.09,0.81,3,0,3,1,1,0,"27,71,81","",7,3,2,0,4,0,0,2,1,3,19,5,8,0,6,4,18,12,49,51,1.45,1.16,1.83,0.44,2.58,43,73,46,27,16,43,66,46,66,9.54,5.16,1.62,3.50,5.00,1.40,2.19,4.20,8.00,2.10,1.67,Stage Front Stadium (Cornella de Llobregat)
1708261200,Feb 18 2024 - 1:00pm,complete,N/A,Albacete Balompié,Racing Santander,Álvaro Moreno Aragón,27,1.54,1.00,1.67,1.05,2,0,2,0,0,0,"56,90'1","",8,5,2,0,4,0,1,1,1,3,16,9,7,2,6,4,13,13,43,57,1.62,1.23,1.61,0.88,2.69,62,85,39,31,12,23,74,46,89,9.77,4.69,2.13,3.20,3.25,1.30,1.96,3.28,6.35,1.83,1.83,Estadio Carlos Belmonte (Albacete)
1708269300,Feb 18 2024 - 3:15pm,complete,N/A,Racing Club de Ferrol,Levante UD,Germán Cid Camacho,27,1.85,1.15,1.86,1.14,0,0,0,0,0,0,"","",1,4,1,1,3,0,1,1,0,3,8,16,3,4,3,8,9,23,40,60,1.41,1.23,0.75,1.37,2.27,54,69,31,23,4,12,58,50,73,10.08,4.46,3.01,1.74,4.91,1.40,2.20,4.34,8.10,1.91,1.80,Estadio Municipal de A Malata (Ferrol)
1708269300,Feb 18 2024 - 3:15pm,complete,N/A,Leganés,AD Alcorcón,Andrés Fuentes Molina,27,2.00,1.08,1.95,0.86,3,0,3,1,1,0,"18,66,81","",5,3,3,0,5,0,2,1,2,3,13,17,7,6,4,6,19,16,61,39,1.34,1.13,1.54,1.42,2.39,35,73,35,23,8,31,66,31,77,7.00,5.23,1.66,2.93,5.30,1.57,2.70,5.72,10.50,2.63,1.44,Estadio Municipal de Butarque (Leganés)
1708277400,Feb 18 2024 - 5:30pm,complete,N/A,SD Huesca,SD Amorebieta,Rafael Sánchez López,27,1.00,0.25,1.05,0.86,0,0,0,0,0,0,"","",9,0,2,0,1,0,1,1,1,0,16,8,6,3,6,4,10,10,58,42,1.26,1.16,1.51,0.89,2.30,41,61,33,24,13,28,61,41,72,10.21,4.79,1.73,2.84,4.95,1.53,2.85,6.11,12.50,2.50,1.50,Estadio El Alcoraz (Huesca)
1708286400,Feb 18 2024 - 8:00pm,complete,N/A,Elche CF,SD Eibar,José Luis Guzmán Mansilla,27,1.92,1.31,1.71,1.18,0,0,0,0,0,0,"","",9,3,4,0,4,0,4,0,0,4,32,9,6,4,11,2,12,12,68,32,1.64,1.33,2.16,0.83,2.27,50,66,46,19,8,27,58,50,77,11.70,4.47,2.35,2.73,2.93,1.48,2.58,5.00,8.80,2.10,1.67,Estadio Manuel Martínez Valero (Elche)
1708371000,Feb 19 2024 - 7:30pm,complete,N/A,CD Tenerife,CD Eldense,Dámaso Arcediano Monescillo,27,1.62,1.31,1.81,1.14,1,0,1,1,1,0,"10","",3,3,3,0,1,0,0,3,0,1,18,7,6,0,8,5,17,14,49,51,1.31,1.12,1.56,0.65,1.92,39,62,19,12,4,23,66,23,66,8.46,6.15,2.00,3.20,4.39,1.50,2.70,6.01,10.20,2.38,1.53,Estadio Heliodoro Rodríguez Lopéz (Santa Cruz de Tenerife (Tenerife))
1708716600,Feb 23 2024 - 7:30pm,complete,N/A,Real Valladolid,Real Oviedo,Rubén Ávalos Barrera,28,2.08,0.92,2.24,1.04,3,0,3,1,1,0,"18,48,50","",6,5,1,0,1,0,1,0,0,1,14,12,5,4,6,4,20,9,47,53,1.68,1.15,1.52,1.00,2.00,42,62,31,19,4,15,62,27,66,10.85,5.31,2.08,2.92,3.45,1.50,2.50,5.00,9.50,2.05,1.65,Estadio Municipal José Zorrilla (Valladolid)
1708787700,Feb 24 2024 - 3:15pm,complete,N/A,Racing Santander,Leganés,Jon Ander González Esteban,28,2.00,1.62,2.00,1.57,2,1,3,2,1,1,"45'2,64","7",5,5,1,0,4,0,0,1,2,2,11,11,4,7,4,1,12,15,43,57,1.41,0.97,1.11,1.38,2.35,35,66,39,27,12,27,73,27,70,9.00,5.92,2.38,2.90,3.25,1.48,2.35,4.50,7.80,2.00,1.75,Campos de Sport de El Sardinero (Santander)
1708795800,Feb 24 2024 - 5:30pm,complete,N/A,SD Eibar,RCD Espanyol,Alejandro Quintero González,28,2.15,1.00,2.09,1.22,2,3,5,1,1,0,"39,65","77,90'6,90'9",6,3,1,0,2,0,0,1,0,2,13,9,5,5,8,4,14,14,54,46,1.66,1.13,1.47,1.12,2.43,50,77,31,23,12,27,77,27,81,9.77,4.54,2.00,2.95,4.10,1.33,2.23,3.90,6.50,1.91,1.80,Estadio Municipal de Ipurúa (Eibar)
1708795800,Feb 24 2024 - 5:30pm,complete,N/A,Villarreal II,Real Zaragoza,Raúl Martín González Francés,28,1.69,1.15,1.57,1.14,0,0,0,0,0,0,"","",3,6,1,0,2,0,0,1,1,1,15,8,4,2,4,4,16,7,42,58,1.62,1.06,1.03,0.95,2.12,50,62,35,23,0,23,66,27,74,8.38,3.70,3.10,2.80,2.48,1.52,2.30,5.25,10.00,2.05,1.67,Estadio de la Cerámica (Villarreal)
1708866000,Feb 25 2024 - 1:00pm,complete,N/A,CD Eldense,Racing Club de Ferrol,Salvador Lax Franco,28,1.38,1.38,1.24,0.95,2,0,2,2,2,0,"33,42","",4,1,3,0,1,0,3,0,1,0,11,11,4,3,4,3,13,11,33,67,1.28,1.07,1.03,1.04,2.58,54,77,46,27,8,39,77,27,73,9.53,4.24,2.38,2.90,3.15,1.47,2.50,4.75,9.50,2.10,1.67,Estadio Municipal Nuevo Pepico Amat (Elda)
1708874100,Feb 25 2024 - 3:15pm,complete,N/A,AD Alcorcón,CD Tenerife,Miguel González Díaz,28,1.08,0.92,1.24,0.86,1,1,2,0,0,0,"78","88",3,4,2,0,3,0,0,2,0,3,7,13,3,5,3,5,12,9,46,54,1.27,1.05,0.95,1.21,1.89,35,70,27,8,0,12,54,39,70,7.92,5.77,2.75,2.90,2.65,1.58,2.90,6.25,11.00,2.38,1.53,Estadio Santo Domingo (Alcorcón)
1708874100,Feb 25 2024 - 3:15pm,complete,N/A,Burgos CF,Sporting Gijón,José Luis Guzmán Mansilla,28,2.38,1.23,2.10,1.09,1,0,1,1,1,0,"29","",3,5,6,0,2,0,0,6,1,1,14,8,4,5,8,1,16,6,39,61,1.34,1.17,1.38,1.04,2.08,35,58,35,19,12,27,62,31,62,8.23,5.08,2.23,3.00,3.25,1.49,2.43,4.75,9.50,2.10,1.67,Estadio Municipal de El Plantío (Burgos)
1708882200,Feb 25 2024 - 5:30pm,complete,11862,FC Cartagena,Elche CF,Daniel Jesús Trujillo Suárez,28,1.00,1.15,1.33,1.10,0,1,1,0,0,0,"","57",4,13,2,0,0,0,0,2,0,0,6,26,4,7,2,11,10,16,36,64,1.36,1.32,0.96,2.11,2.31,38,66,35,19,12,23,77,31,73,8.23,5.15,3.10,2.80,2.48,1.55,2.75,5.50,10.00,2.20,1.62,Estadio Municipal Cartagonova (Cartagena)
1708891200,Feb 25 2024 - 8:00pm,complete,N/A,SD Amorebieta,Albacete Balompié,Oliver De La Fuente Ramos,28,1.14,0.54,1.29,0.76,1,1,2,1,0,1,"66","31",6,4,3,0,6,0,2,1,1,5,22,11,6,0,6,4,9,19,58,42,1.08,1.39,1.69,0.55,2.21,42,71,34,8,8,34,74,19,67,9.02,4.81,3.25,3.00,2.23,1.52,2.43,4.50,9.00,2.00,1.73,Instalaciones de Lezama Campo 2 (Lezama)
1708975800,Feb 26 2024 - 7:30pm,complete,N/A,Mirandés,SD Huesca,Manuel Jesús Orellana Cid,28,1.62,1.15,1.52,1.29,0,3,3,0,0,0,"","67,68,90",4,5,3,0,4,0,1,2,1,3,9,11,0,7,5,4,10,18,50,50,1.39,0.93,0.72,1.44,2.15,47,70,35,16,4,35,66,27,74,7.00,4.61,2.10,2.80,3.60,1.57,3.05,5.75,11.00,2.38,1.53,Estadio Municipal de Anduva (Miranda de Ebro)
1709321400,Mar 01 2024 - 7:30pm,complete,N/A,Sporting Gijón,Albacete Balompié,Iván Caparrós Hernández,29,1.93,0.57,1.91,0.76,2,1,3,2,1,1,"14,62","34",10,1,3,0,1,1,2,1,1,1,21,7,7,4,8,2,8,12,64,36,1.47,1.33,1.88,0.92,2.39,54,83,40,11,7,29,75,29,72,10.15,5.21,1.85,3.10,4.20,1.42,2.17,4.20,8.50,1.98,1.73,Estadio Municipal El Molinón (Gijón)
1709384400,Mar 02 2024 - 1:00pm,complete,N/A,CD Eldense,Villarreal II,Germán Cid Camacho,29,1.50,0.50,1.24,0.48,2,0,2,1,1,0,"38,65","",2,4,3,0,1,0,1,2,0,1,19,10,8,2,7,5,13,12,39,61,1.26,0.92,1.86,0.86,2.75,54,83,47,33,14,32,72,47,75,8.14,4.50,1.95,3.00,3.70,1.38,2.30,3.80,7.50,1.83,1.83,Estadio Municipal Nuevo Pepico Amat (Elda)
1709392500,Mar 02 2024 - 3:15pm,complete,N/A,RCD Espanyol,SD Huesca,Saúl Ais Reig,29,2.21,1.29,2.09,1.29,0,0,0,0,0,0,"","",4,1,2,0,5,0,1,1,1,4,13,3,4,2,6,1,17,13,57,43,1.47,0.97,1.17,0.45,2.32,40,75,36,15,11,36,68,32,72,8.85,5.36,1.68,3.35,5.52,1.50,2.47,4.75,9.50,2.20,1.57,Stage Front Stadium (Cornella de Llobregat)
1709392500,Mar 02 2024 - 3:15pm,complete,N/A,Racing Club de Ferrol,Racing Santander,Rafael Sánchez López,29,1.79,0.93,1.86,1.05,2,2,4,2,1,1,"9,66","3,90'3",7,4,3,0,5,1,1,2,3,3,15,9,8,4,5,4,18,18,61,39,1.37,1.21,1.66,1.04,2.68,57,75,36,33,14,18,61,54,75,9.72,4.72,2.30,3.10,3.15,1.36,2.07,3.75,7.50,1.77,1.90,Estadio Municipal de A Malata (Ferrol)
1709400600,Mar 02 2024 - 5:30pm,complete,N/A,Real Oviedo,Levante UD,Iosu Galech Apezteguía,29,2.07,1.14,2.04,1.14,3,2,5,1,0,1,"54,59,81","44,76",13,5,0,0,0,0,0,0,0,0,19,13,7,4,7,6,11,14,67,33,1.47,1.24,1.73,1.13,2.00,43,68,29,14,7,18,64,33,75,11.65,4.92,1.95,3.25,3.93,1.53,2.29,4.33,9.00,2.00,1.70,Estadio Nuevo Carlos Tartiere (Oviedo)
1709411400,Mar 02 2024 - 8:30pm,complete,N/A,Burgos CF,FC Cartagena,Andrés Fuentes Molina,29,2.43,1.29,2.10,1.10,3,0,3,1,1,0,"35,71,90'8","",6,1,3,1,1,0,2,2,1,0,19,9,8,2,7,4,14,8,54,46,1.34,1.06,1.84,0.82,2.22,54,68,36,14,11,22,71,29,65,8.07,5.93,1.90,3.15,4.32,1.50,2.50,4.60,9.20,2.18,1.64,Estadio Municipal de El Plantío (Burgos)
1709470800,Mar 03 2024 - 1:00pm,complete,N/A,FC Andorra,Real Valladolid,Raúl Martín González Francés,29,1.38,1.07,1.48,1.19,2,1,3,1,0,1,"81,90","29",8,7,2,0,3,0,0,2,1,2,16,11,7,3,7,6,12,15,54,46,1.42,1.26,1.80,1.12,1.97,34,49,22,19,15,15,43,34,64,9.98,4.87,2.83,3.10,2.47,1.44,2.40,5.09,8.80,2.10,1.67,Estadi Nacional (Andorra la Vella)
1709478900,Mar 03 2024 - 3:15pm,complete,N/A,CD Tenerife,Mirandés,Álvaro Moreno Aragón,29,1.71,0.86,1.81,0.81,2,1,3,2,2,0,"22,30","50",9,4,4,0,4,0,0,4,2,2,19,10,6,4,3,3,13,8,54,46,1.33,1.11,1.38,0.95,1.72,25,47,29,11,4,22,54,29,50,8.93,5.85,1.95,3.00,4.20,1.53,2.55,4.95,9.90,2.25,1.55,Estadio Heliodoro Rodríguez Lopéz (Santa Cruz de Tenerife (Tenerife))
1709487000,Mar 03 2024 - 5:30pm,complete,N/A,Real Zaragoza,SD Amorebieta,Luis Mario Milla Alvéndiz,29,1.50,0.31,1.29,0.86,0,1,1,0,0,0,"","90'7",4,1,3,0,1,0,0,3,0,1,10,8,5,4,3,3,16,9,62,38,1.47,1.14,1.33,0.97,2.34,38,70,34,23,11,26,74,41,70,9.45,4.86,1.57,3.35,6.75,1.52,2.40,4.90,8.00,2.63,1.44,Estadio de la Romareda (Zaragoza)
1709496000,Mar 03 2024 - 8:00pm,complete,N/A,Leganés,SD Eibar,Dámaso Arcediano Monescillo,29,2.07,1.29,1.95,1.18,0,2,2,2,0,2,"","11,33",7,4,2,0,4,1,0,2,0,5,27,10,3,4,14,4,10,13,57,43,1.35,1.29,1.82,1.02,2.50,50,71,50,25,11,40,71,43,72,9.72,4.92,2.55,2.75,2.95,1.52,2.60,5.00,10.00,2.20,1.62,Estadio Municipal de Butarque (Leganés)
1709580600,Mar 04 2024 - 7:30pm,complete,N/A,Elche CF,AD Alcorcón,Adrián Cordero Vega,29,1.86,1.00,1.71,0.86,3,0,3,3,3,0,"10,27,37","",5,0,1,0,3,0,0,1,2,1,18,8,7,2,5,3,14,13,64,36,1.68,1.15,1.65,0.67,2.04,29,65,32,15,4,15,50,40,79,9.08,5.21,1.80,3.20,4.89,1.47,2.40,4.50,9.50,2.50,1.50,Estadio Manuel Martínez Valero (Elche)
1709926200,Mar 08 2024 - 7:30pm,complete,N/A,SD Huesca,FC Andorra,Miguel González Díaz,30,1.00,0.50,1.05,0.57,2,0,2,1,1,0,"29,64","",8,4,4,0,0,1,0,4,1,0,19,9,10,2,5,4,16,5,53,47,1.28,1.35,1.98,0.72,1.93,29,50,29,18,7,25,61,29,57,9.57,4.29,2.25,2.75,3.25,1.61,2.90,6.25,11.00,2.40,1.53,Estadio El Alcoraz (Huesca)
1709997300,Mar 09 2024 - 3:15pm,complete,N/A,Albacete Balompié,Real Oviedo,Raúl Martín González Francés,30,1.64,0.86,1.67,1.04,1,2,3,0,0,0,"64","53,88",7,6,6,0,0,0,1,5,0,0,12,20,4,9,7,7,16,10,56,44,1.62,1.14,1.30,1.89,2.11,50,68,33,21,0,14,57,40,79,9.78,4.36,2.40,3.00,3.13,1.45,2.45,4.50,8.80,2.00,1.75,Estadio Carlos Belmonte (Albacete)
1710005400,Mar 09 2024 - 5:30pm,complete,N/A,Real Valladolid,Real Zaragoza,Alejandro Quintero González,30,2.14,1.14,2.24,1.14,2,0,2,1,1,0,"44,89","",4,3,1,0,4,0,1,0,1,3,13,6,4,4,6,1,9,16,51,49,1.67,1.05,1.23,0.86,1.97,40,65,25,14,4,18,61,29,68,9.86,4.71,1.95,2.96,4.17,1.52,2.59,5.50,10.00,2.30,1.57,Estadio Municipal José Zorrilla (Valladolid)
1710005400,Mar 09 2024 - 5:30pm,complete,N/A,Mirandés,CD Eldense,Daniel Jesús Trujillo Suárez,30,1.50,1.21,1.52,1.14,3,1,4,1,1,0,"25,59,90'7","71",2,6,2,0,0,0,0,2,0,0,9,13,5,4,1,5,12,13,44,56,1.34,1.09,1.02,1.17,2.65,54,83,43,25,7,36,75,43,83,7.22,4.79,2.41,3.07,2.87,1.50,2.20,4.75,9.00,2.10,1.68,Estadio Municipal de Anduva (Miranda de Ebro)
1710014400,Mar 09 2024 - 8:00pm,complete,N/A,FC Cartagena,Racing Club de Ferrol,José Luis Guzmán Mansilla,30,0.93,1.29,1.33,0.95,2,1,3,2,1,1,"33,56","11",5,5,2,0,4,0,1,1,2,2,13,12,6,5,5,4,10,12,43,57,1.33,1.06,1.37,1.35,2.29,40,64,40,18,7,25,71,25,72,7.85,5.21,2.47,2.97,2.86,1.48,2.40,4.75,10.50,2.15,1.65,Estadio Municipal Cartagonova (Cartagena)
1710075600,Mar 10 2024 - 1:00pm,complete,N/A,Racing Santander,CD Tenerife,Oliver De La Fuente Ramos,30,2.07,0.93,2.00,0.86,4,2,6,1,0,1,"55,74,79,83","45'2,70",8,3,3,0,5,1,1,2,3,3,20,7,9,4,4,1,15,16,52,48,1.39,1.06,1.81,0.85,2.50,43,83,47,22,7,32,68,36,83,8.92,6.36,2.37,3.00,3.40,1.53,2.31,4.70,12.00,2.25,1.57,Campos de Sport de El Sardinero (Santander)
1710083700,Mar 10 2024 - 3:15pm,complete,N/A,Levante UD,Sporting Gijón,Manuel Jesús Orellana Cid,30,1.77,1.14,1.67,1.09,1,0,1,0,0,0,"59","",7,4,2,1,1,0,0,3,0,1,20,14,4,3,9,6,15,10,43,57,1.55,1.16,1.48,1.06,2.43,49,67,45,26,19,34,60,45,74,9.69,5.48,2.05,2.98,3.34,1.37,2.45,3.90,7.80,1.91,1.80,Estadio Ciudad de Valencia (Valencia)
1710083700,Mar 10 2024 - 3:15pm,complete,N/A,Villarreal II,Elche CF,Rubén Ávalos Barrera,30,1.64,1.29,1.57,1.10,0,1,1,1,0,1,"","15",8,4,2,0,5,0,0,2,2,3,15,14,7,4,4,5,14,18,45,55,1.58,1.38,1.48,1.18,2.18,43,64,36,22,4,25,71,29,75,9.07,3.78,2.95,2.95,2.25,1.48,2.30,4.50,8.00,2.00,1.75,Estadio de la Cerámica (Villarreal)
1710091800,Mar 10 2024 - 5:30pm,complete,N/A,SD Eibar,Burgos CF,Miguel Sesma Espinosa,30,2.00,0.57,2.09,0.71,0,1,1,0,0,0,"","82",9,2,2,0,4,0,0,2,1,3,14,10,4,3,3,5,11,10,70,30,1.65,1.23,1.20,0.99,2.89,50,86,54,25,18,29,83,54,86,10.07,3.79,1.70,3.40,5.19,1.40,2.12,4.22,7.80,2.10,1.67,Estadio Municipal de Ipurúa (Eibar)
1710100800,Mar 10 2024 - 8:00pm,complete,N/A,AD Alcorcón,RCD Espanyol,Jon Ander González Esteban,30,1.07,1.14,1.24,1.22,1,1,2,0,0,0,"76","65",4,6,2,1,4,1,1,2,2,3,17,14,6,3,5,7,10,14,37,63,1.24,1.12,1.44,1.27,2.07,43,72,22,18,11,18,64,33,68,8.78,4.78,3.69,2.95,2.15,1.49,2.39,4.50,9.00,2.00,1.73,Estadio Santo Domingo (Alcorcón)
1710185400,Mar 11 2024 - 7:30pm,complete,N/A,SD Amorebieta,Leganés,Salvador Lax Franco,30,1.13,1.50,1.29,1.57,0,1,1,0,0,0,"","77",8,1,2,0,1,1,0,2,1,1,14,5,2,3,9,2,10,10,64,36,1.12,0.99,1.50,0.71,1.80,35,55,25,7,4,21,65,18,62,8.59,5.47,3.34,2.98,2.48,1.57,2.80,5.25,9.25,2.25,1.57,Instalaciones de Lezama Campo 2 (Lezama)
1710352800,Mar 13 2024 - 6:00pm,complete,12015,Levante UD,FC Andorra,Miguel Sesma Espinosa,28,1.86,0.47,1.67,0.57,0,0,0,0,0,0,"","",7,4,2,0,1,0,1,1,0,1,10,10,6,4,4,6,15,9,46,54,1.55,1.31,1.39,1.24,2.46,46,66,42,28,18,39,69,39,66,9.66,4.59,1.92,3.05,4.00,1.42,2.17,4.50,8.50,2.05,1.72,Estadio Ciudad de Valencia (Valencia)
1710531000,Mar 15 2024 - 7:30pm,complete,N/A,CD Eldense,FC Cartagena,Adrián Cordero Vega,31,1.60,1.20,1.24,1.10,0,0,0,0,0,0,"","",9,1,4,0,1,0,1,3,1,0,18,9,5,3,7,4,11,9,58,42,1.30,1.05,1.60,0.82,2.60,60,87,47,20,10,27,80,34,80,9.40,5.07,3.36,1.43,8.74,1.53,2.25,5.25,10.00,2.20,1.60,Estadio Municipal Nuevo Pepico Amat (Elda)
1710594000,Mar 16 2024 - 1:00pm,complete,N/A,Burgos CF,Levante UD,Rafael Sánchez López,31,2.47,1.07,2.10,1.14,1,1,2,1,1,0,"23","72",7,8,4,0,3,0,0,4,0,3,20,12,13,3,5,5,4,11,43,57,1.37,1.23,2.30,1.10,2.07,40,60,33,20,10,23,70,34,57,9.13,5.20,2.17,3.10,3.10,1.38,2.07,4.00,8.00,1.91,1.80,Estadio Municipal de El Plantío (Burgos)
1710602100,Mar 16 2024 - 3:15pm,complete,N/A,SD Eibar,Villarreal II,Álvaro Moreno Aragón,31,1.87,0.47,2.09,0.48,2,0,2,1,1,0,"37,73","",7,4,1,0,3,0,1,0,1,2,14,14,10,5,2,6,12,12,52,48,1.62,0.91,1.89,1.34,2.60,50,77,40,27,13,17,70,47,84,7.60,4.54,1.28,4.70,8.50,1.28,1.80,3.25,6.25,2.10,1.67,Estadio Municipal de Ipurúa (Eibar)
1710610200,Mar 16 2024 - 5:30pm,complete,N/A,Real Oviedo,Racing Santander,Andrés Fuentes Molina,31,2.13,0.93,2.04,1.05,1,1,2,1,0,1,"72","45'1",8,6,2,1,3,1,1,2,1,3,15,17,7,6,6,8,8,14,62,38,1.49,1.20,1.71,1.59,2.70,54,80,40,30,20,27,74,43,84,12.00,5.14,1.80,3.50,4.33,1.36,2.10,3.75,7.50,1.91,1.77,Estadio Nuevo Carlos Tartiere (Oviedo)
1710610200,Mar 16 2024 - 5:30pm,complete,N/A,CD Tenerife,SD Huesca,Germán Cid Camacho,31,1.80,1.27,1.81,1.29,0,0,0,0,0,0,"","",8,5,2,0,2,0,0,2,0,2,21,7,3,3,13,3,10,6,63,37,1.33,0.93,1.74,0.77,1.44,27,47,17,0,0,20,54,10,54,8.34,6.20,1.83,3.10,4.75,1.64,2.75,6.25,11.00,2.40,1.48,Estadio Heliodoro Rodríguez Lopéz (Santa Cruz de Tenerife (Tenerife))
1710619200,Mar 16 2024 - 8:00pm,complete,N/A,Sporting Gijón,AD Alcorcón,Saúl Ais Reig,31,2.00,0.93,1.91,0.86,1,0,1,1,1,0,"36","",12,4,2,0,2,0,1,1,2,0,12,12,4,3,4,5,12,11,61,39,1.49,1.12,1.13,1.07,2.40,40,80,44,17,4,30,70,30,80,8.67,5.80,1.62,3.50,5.80,1.45,2.55,4.75,9.50,2.38,1.53,Estadio Municipal El Molinón (Gijón)
1710680400,Mar 17 2024 - 1:00pm,complete,N/A,Leganés,Mirandés,Iván Caparrós Hernández,31,1.93,0.80,1.95,0.81,4,0,4,3,3,0,"20,35,42,65","",8,3,0,0,2,0,0,0,1,1,13,10,8,4,3,5,4,11,49,51,1.38,1.10,1.56,1.10,2.17,33,67,40,17,7,33,63,37,57,8.40,4.93,1.70,3.30,5.75,1.50,2.15,5.00,10.00,2.38,1.53,Estadio Municipal de Butarque (Leganés)
1710688500,Mar 17 2024 - 3:15pm,complete,N/A,Racing Club de Ferrol,Real Valladolid,Luis Mario Milla Alvéndiz,31,1.73,1.00,1.86,1.19,2,0,2,1,1,0,"18,62","",8,4,1,0,2,1,0,1,2,1,19,8,7,2,5,3,18,15,51,49,1.39,1.25,1.62,0.89,2.23,47,57,30,23,10,17,60,40,60,9.54,4.73,2.63,3.25,2.50,1.50,2.40,4.75,9.50,2.10,1.67,Estadio Municipal de A Malata (Ferrol)
1710696600,Mar 17 2024 - 5:30pm,complete,N/A,Elche CF,Albacete Balompié,Miguel Sesma Espinosa,31,1.93,0.53,1.71,0.76,3,2,5,2,1,1,"45,49,80","11,78",9,3,2,0,2,0,1,1,0,2,23,8,8,3,11,3,13,19,68,32,1.68,1.30,2.21,0.73,2.13,44,70,37,7,7,24,60,34,67,10.33,4.60,1.80,3.25,4.50,1.40,2.15,4.20,8.50,2.00,1.73,Estadio Manuel Martínez Valero (Elche)
1710696600,Mar 17 2024 - 5:30pm,complete,N/A,Real Zaragoza,RCD Espanyol,Dámaso Arcediano Monescillo,31,1.40,1.13,1.29,1.22,0,1,1,1,0,1,"","7",8,3,1,0,4,0,0,1,2,2,15,7,3,2,7,3,12,23,60,40,1.46,1.13,1.21,0.66,2.27,40,74,27,20,14,24,70,33,77,9.73,5.53,2.80,3.25,2.30,1.55,2.60,4.70,10.50,2.25,1.57,Estadio de la Romareda (Zaragoza)
1710790200,Mar 18 2024 - 7:30pm,complete,N/A,FC Andorra,SD Amorebieta,Iosu Galech Apezteguía,31,1.50,0.50,1.48,0.86,0,1,1,0,0,0,"","88",4,4,3,0,2,0,0,3,1,1,22,7,6,4,9,2,12,7,68,32,1.45,1.13,1.89,0.85,2.29,43,61,33,25,14,18,43,50,79,10.00,4.14,1.70,3.44,5.70,1.47,2.18,5.00,9.50,2.25,1.57,Estadi Nacional (Andorra la Vella)
1711206900,Mar 23 2024 - 3:15pm,complete,N/A,AD Alcorcón,Real Oviedo,Alejandro Quintero González,32,1.07,1.00,1.24,1.04,1,0,1,0,0,0,"78","",3,3,2,0,2,0,0,2,1,1,12,12,7,3,4,2,17,9,30,70,1.26,1.19,1.51,0.90,1.80,44,60,27,14,0,10,53,37,60,8.80,4.60,3.50,2.80,2.25,1.53,2.60,5.00,10.00,2.19,1.63,Estadio Santo Domingo (Alcorcón)
1711215000,Mar 23 2024 - 5:30pm,complete,N/A,Villarreal II,Leganés,José Luis Guzmán Mansilla,32,1.53,1.60,1.57,1.57,1,2,3,1,1,0,"8","83,85",3,3,2,0,2,0,0,2,1,1,9,20,4,10,3,8,11,19,51,49,1.57,0.98,0.94,2.26,2.04,40,54,37,20,4,17,63,27,70,8.74,4.60,3.00,2.90,2.45,1.50,2.40,5.00,9.50,2.05,1.67,Estadio de la Cerámica (Villarreal)
1711215000,Mar 23 2024 - 5:30pm,complete,N/A,FC Cartagena,FC Andorra,Jon Ander González Esteban,32,1.07,0.50,1.33,0.57,1,0,1,1,1,0,"41","",6,6,0,0,2,0,0,0,1,1,7,21,4,3,1,11,9,13,32,68,1.33,1.30,0.84,1.72,2.20,33,58,39,20,10,23,74,26,65,8.55,4.42,2.30,2.85,3.30,1.50,2.55,5.00,9.50,2.10,1.67,Estadio Municipal Cartagonova (Cartagena)
1711224000,Mar 23 2024 - 8:00pm,complete,N/A,RCD Espanyol,CD Tenerife,Manuel Jesús Orellana Cid,32,2.13,0.87,2.09,0.86,1,1,2,0,0,0,"84","90",10,2,4,0,4,0,2,2,0,4,23,10,9,3,7,3,11,19,66,34,1.45,1.05,2.10,0.71,2.67,47,84,47,20,14,30,64,53,80,9.20,6.26,1.97,2.95,4.20,1.55,2.55,5.25,10.00,2.25,1.57,Stage Front Stadium (Cornella de Llobregat)
1711285200,Mar 24 2024 - 1:00pm,complete,N/A,SD Amorebieta,Sporting Gijón,Daniel Jesús Trujillo Suárez,32,1.06,1.07,1.29,1.09,3,1,4,3,2,1,"23,45'1,90'1","43",3,6,1,0,1,0,0,1,0,1,13,12,4,5,8,4,11,10,35,65,1.14,1.16,1.28,1.36,1.75,29,55,26,7,4,19,61,20,68,8.94,5.11,3.20,3.00,2.30,1.47,2.45,4.80,9.60,2.10,1.67,Instalaciones de Lezama Campo 2 (Lezama)
1711293300,Mar 24 2024 - 3:15pm,complete,N/A,SD Huesca,Burgos CF,Raúl Martín González Francés,32,1.13,0.73,1.05,0.71,3,0,3,1,1,0,"11,55,86","",4,3,0,0,0,0,0,0,0,0,17,13,8,0,5,7,12,8,41,59,1.32,1.21,1.61,0.81,2.33,34,67,40,17,14,27,60,47,77,10.67,4.67,2.50,2.75,3.21,1.67,3.09,6.00,12.00,2.50,1.50,Estadio El Alcoraz (Huesca)
1711293300,Mar 24 2024 - 3:15pm,complete,N/A,Real Valladolid,SD Eibar,Salvador Lax Franco,32,2.20,1.40,2.24,1.18,3,1,4,1,0,1,"57,60,69","2",9,3,2,0,1,1,2,0,1,1,20,5,6,3,9,2,10,9,66,34,1.64,1.28,1.83,0.86,2.50,47,77,47,23,10,33,73,40,80,11.46,5.40,2.10,3.20,3.49,1.40,2.27,4.33,8.00,2.00,1.73,Estadio Municipal José Zorrilla (Valladolid)
1711301400,Mar 24 2024 - 5:30pm,complete,N/A,Mirandés,Real Zaragoza,Miguel González Díaz,32,1.60,1.07,1.52,1.14,0,0,0,0,0,0,"","",5,3,3,0,2,0,0,3,1,1,9,11,2,4,6,5,11,8,46,54,1.32,1.04,1.05,1.17,2.34,50,70,40,23,4,30,63,40,74,7.33,4.20,2.67,2.65,3.09,1.57,2.69,5.50,11.00,2.38,1.53,Estadio Municipal de Anduva (Miranda de Ebro)
1711301400,Mar 24 2024 - 5:30pm,complete,N/A,Levante UD,Elche CF,Oliver De La Fuente Ramos,32,1.80,1.40,1.67,1.10,3,2,5,1,0,1,"68,77,90'4","22,50",2,3,3,0,2,0,1,2,1,1,10,20,4,8,1,8,15,11,46,54,1.54,1.36,0.89,1.91,2.30,47,64,34,23,17,37,63,37,70,10.07,5.13,2.44,2.95,3.07,1.40,2.36,4.33,8.00,1.91,1.80,Estadio Ciudad de Valencia (Valencia)
1711310400,Mar 24 2024 - 8:00pm,complete,N/A,Racing Santander,CD Eldense,Luis Mario Milla Alvéndiz,32,2.13,1.13,2.00,1.14,2,1,3,1,1,0,"26,71","90'3",11,6,1,0,5,0,0,1,2,3,17,19,11,7,4,7,15,16,52,48,1.42,1.09,2.00,1.79,2.77,50,84,44,34,14,37,87,30,80,8.87,5.47,2.00,3.00,4.14,1.36,2.17,4.00,7.50,2.00,1.73,Campos de Sport de El Sardinero (Santander)
1711395000,Mar 25 2024 - 7:30pm,complete,7331,Albacete Balompié,Racing Club de Ferrol,José Antonio López Toca,32,1.53,1.20,1.67,0.95,1,1,2,1,1,0,"26","57",5,3,1,0,1,0,1,0,0,1,10,17,5,6,5,6,7,7,49,51,1.59,1.08,1.36,1.58,2.34,54,80,37,17,0,27,63,37,84,8.66,4.80,2.08,3.34,3.69,1.42,2.26,4.35,8.60,2.10,1.67,Estadio Carlos Belmonte (Albacete)
1711740600,Mar 29 2024 - 7:30pm,complete,N/A,Burgos CF,RCD Espanyol,Adrián Cordero Vega,33,2.38,1.25,2.10,1.22,0,0,0,0,0,0,"","",5,7,4,0,3,0,3,1,1,2,15,11,6,3,4,4,10,12,49,51,1.43,1.10,1.40,0.96,2.26,44,66,28,22,16,28,72,28,63,9.13,5.63,2.60,3.05,2.95,1.45,2.37,4.50,9.00,1.95,1.73,Estadio Municipal de El Plantío (Burgos)
1711803600,Mar 30 2024 - 1:00pm,complete,N/A,Real Valladolid,Levante UD,Álvaro Moreno Aragón,33,2.25,1.06,2.24,1.14,0,0,0,0,0,0,"","",5,4,1,0,2,0,1,0,2,0,12,10,4,2,5,5,13,22,58,42,1.65,1.23,1.24,0.82,2.19,44,75,35,19,6,13,72,38,75,11.31,5.06,1.90,3.45,3.80,1.40,2.23,4.20,8.50,1.95,1.73,Estadio Municipal José Zorrilla (Valladolid)
1711811700,Mar 30 2024 - 3:15pm,complete,N/A,FC Andorra,Mirandés,Rafael Sánchez López,33,1.40,0.75,1.48,0.81,1,0,1,0,0,0,"78","",4,6,1,0,2,0,0,1,1,1,10,9,3,6,4,2,11,17,70,30,1.48,1.10,1.11,1.20,2.16,36,58,39,23,10,23,38,46,75,9.61,4.82,1.85,3.40,4.10,1.50,2.43,4.75,9.50,2.10,1.62,Estadi Nacional (Andorra la Vella)
1711811700,Mar 30 2024 - 3:15pm,complete,N/A,SD Eibar,CD Eldense,Germán Cid Camacho,33,1.94,1.06,2.09,1.14,5,1,6,1,1,0,"8,72,79,85,86","90'1",6,1,1,0,1,0,1,0,0,1,18,12,8,6,6,5,5,8,64,36,1.63,1.14,1.85,1.43,2.53,53,78,35,25,10,22,81,35,85,9.07,4.56,1.79,3.45,4.35,1.38,2.23,4.20,8.50,2.15,1.68,Estadio Municipal de Ipurúa (Eibar)
1711811700,Mar 30 2024 - 3:15pm,complete,N/A,Leganés,FC Cartagena,Saúl Ais Reig,33,2.00,1.19,1.95,1.10,0,0,0,0,0,0,"","",6,4,3,0,4,0,2,1,2,2,7,7,5,2,1,5,12,6,59,41,1.40,1.03,1.19,0.74,2.28,47,78,41,13,6,22,72,35,69,8.19,5.19,1.75,3.25,5.00,1.50,2.43,5.00,9.50,2.25,1.55,Estadio Municipal de Butarque (Leganés)
1711819800,Mar 30 2024 - 5:30pm,complete,N/A,Albacete Balompié,SD Huesca,Andrés Fuentes Molina,33,1.50,1.25,1.67,1.29,1,1,2,0,0,0,"58","71",10,5,2,0,3,0,0,2,0,3,22,7,8,4,7,0,13,8,54,46,1.58,0.92,2.12,0.81,1.85,44,69,22,10,0,16,50,28,78,8.50,5.01,2.17,2.69,3.60,1.50,2.61,5.25,10.00,2.25,1.57,Estadio Carlos Belmonte (Albacete)
1711819800,Mar 30 2024 - 5:30pm,complete,22972,Sporting Gijón,Racing Santander,Dámaso Arcediano Monescillo,33,2.06,0.94,1.91,1.05,2,3,5,1,1,0,"24,76","63,88,90'11",0,4,6,1,5,0,2,5,4,1,15,10,6,4,8,4,15,18,52,48,1.47,1.22,1.63,1.15,2.50,57,82,41,22,10,28,78,38,72,11.25,5.75,2.03,3.25,3.25,1.35,1.98,3.70,7.50,1.87,1.90,Estadio Municipal El Molinón (Gijón)
1711886400,Mar 31 2024 - 12:00pm,complete,N/A,AD Alcorcón,SD Amorebieta,Miguel Sesma Espinosa,33,1.19,0.67,1.24,0.86,1,1,2,2,1,1,"4","18",4,2,3,0,2,1,1,2,2,1,12,9,5,6,5,3,10,10,55,45,1.27,1.11,1.39,1.23,1.98,39,62,23,17,7,17,55,39,68,8.19,4.38,2.05,3.00,3.90,1.52,2.55,5.25,10.00,2.25,1.60,Estadio Santo Domingo (Alcorcón)
1711894500,Mar 31 2024 - 2:15pm,complete,N/A,Racing Club de Ferrol,Elche CF,Iosu Galech Apezteguía,33,1.81,1.31,1.86,1.10,1,0,1,0,0,0,"64","",0,7,2,0,5,0,0,2,2,3,12,8,5,4,6,2,8,9,38,62,1.40,1.40,1.24,1.08,2.35,47,66,28,25,10,19,63,44,72,9.38,4.26,2.80,3.10,2.50,1.50,2.43,4.75,9.50,2.00,1.73,Estadio Municipal de A Malata (Ferrol)
1711894500,Mar 31 2024 - 2:15pm,complete,N/A,Real Zaragoza,CD Tenerife,Iván Caparrós Hernández,33,1.31,0.88,1.29,0.86,3,1,4,3,2,1,"5,45,49","37",9,2,0,0,3,0,0,0,1,2,12,10,7,5,2,4,15,14,33,67,1.44,1.03,1.31,1.23,2.19,38,72,32,13,6,16,60,44,79,8.75,6.38,2.15,2.90,3.70,1.72,3.30,7.50,11.00,2.50,1.45,Estadio de la Romareda (Zaragoza)
1711902600,Mar 31 2024 - 4:30pm,complete,N/A,Real Oviedo,Villarreal II,Daniel Jesús Trujillo Suárez,33,2.06,0.44,2.04,0.48,2,1,3,3,2,1,"5,45'1","41",5,8,1,0,3,0,0,1,2,1,12,14,5,7,7,5,18,14,51,49,1.50,0.94,1.37,1.63,2.47,47,78,35,22,16,16,66,44,85,9.69,4.88,1.56,3.95,5.30,1.30,2.03,3.55,7.00,2.00,1.70,Estadio Nuevo Carlos Tartiere (Oviedo)
1712341800,Apr 05 2024 - 6:30pm,complete,N/A,SD Amorebieta,Racing Club de Ferrol,Rubén Ávalos Barrera,34,1.18,1.19,1.29,0.95,3,1,4,2,2,0,"17,33,82","85",4,6,1,0,1,0,0,1,0,1,7,15,5,4,0,6,15,15,38,62,1.15,1.11,0.94,1.29,2.01,43,67,31,10,0,34,73,13,67,8.13,4.85,2.93,2.91,2.47,1.48,2.42,4.55,9.20,2.06,1.71,Instalaciones de Lezama Campo 2 (Lezama)
1712341800,Apr 05 2024 - 6:30pm,complete,N/A,Elche CF,Real Oviedo,Manuel Jesús Orellana Cid,34,2.00,0.94,1.71,1.04,0,2,2,1,0,1,"","14,90'3",9,4,2,0,5,0,0,2,1,4,22,9,7,5,4,2,13,8,70,30,1.71,1.17,1.64,0.92,1.82,38,53,35,13,3,13,47,38,60,10.94,4.19,1.91,3.12,4.07,1.48,2.40,5.00,9.50,2.10,1.62,Estadio Manuel Martínez Valero (Elche)
1712412900,Apr 06 2024 - 2:15pm,complete,N/A,CD Eldense,FC Andorra,José Antonio López Toca,34,1.56,0.47,1.24,0.57,0,2,2,1,0,1,"","35,72",6,5,4,0,2,0,2,2,2,0,20,13,5,4,10,5,15,8,56,44,1.32,1.33,1.75,1.32,2.29,37,67,37,25,10,34,79,25,58,9.94,3.70,2.10,2.87,3.50,1.50,2.40,5.00,9.50,2.05,1.67,Estadio Municipal Nuevo Pepico Amat (Elda)
1712421000,Apr 06 2024 - 4:30pm,complete,N/A,Levante UD,Real Zaragoza,José Luis Guzmán Mansilla,34,1.88,1.06,1.67,1.14,2,1,3,2,1,1,"3,86","19",7,3,2,0,3,0,1,1,1,2,18,14,4,7,4,4,17,16,60,40,1.50,1.05,1.03,1.40,2.16,51,60,32,26,16,32,53,35,66,9.13,4.94,2.17,3.10,3.40,1.47,2.40,5.00,9.50,2.05,1.67,Estadio Ciudad de Valencia (Valencia)
1712491200,Apr 07 2024 - 12:00pm,complete,6228,SD Huesca,Leganés,Luis Mario Milla Alvéndiz,34,1.25,1.69,1.05,1.57,0,0,0,0,0,0,"","",6,2,4,0,6,0,0,4,2,4,7,6,3,2,3,1,14,14,52,48,1.34,1.06,0.86,0.71,1.88,32,50,28,13,6,16,53,31,69,9.38,5.38,2.50,2.60,3.40,1.73,3.35,7.00,11.00,2.40,1.48,Estadio El Alcoraz (Huesca)
1712499300,Apr 07 2024 - 2:15pm,complete,N/A,Mirandés,Sporting Gijón,Jon Ander González Esteban,34,1.56,1.00,1.52,1.09,1,3,4,2,1,1,"28","4,57,73",1,3,5,0,1,0,2,3,1,0,10,12,4,4,5,6,14,12,40,60,1.30,1.17,1.23,1.14,2.41,44,69,51,25,6,29,63,44,78,8.01,4.62,2.50,3.00,2.88,1.44,2.38,4.50,9.00,1.97,1.81,Estadio Municipal de Anduva (Miranda de Ebro)
1712499300,Apr 07 2024 - 2:15pm,complete,N/A,Villarreal II,Burgos CF,Miguel González Díaz,34,1.44,0.69,1.57,0.71,2,1,3,2,2,0,"15,42","84",5,8,3,0,1,0,2,1,1,0,16,21,7,7,5,10,14,11,42,58,1.53,1.19,1.45,2.01,2.60,44,76,57,22,10,25,75,50,82,9.63,3.57,2.88,3.00,2.50,1.42,2.20,4.20,8.50,1.85,1.83,Estadio de la Cerámica (Villarreal)
1712507400,Apr 07 2024 - 4:30pm,complete,23233,RCD Espanyol,Albacete Balompié,Oliver De La Fuente Ramos,34,2.06,0.50,2.09,0.76,2,1,3,2,1,1,"14,53","9",5,8,2,1,3,0,1,2,1,2,10,11,6,5,2,3,15,12,54,46,1.49,1.27,1.25,1.15,2.88,57,88,50,22,19,44,78,44,78,9.87,5.26,1.69,3.40,4.30,1.38,2.20,3.95,8.00,1.95,1.73,Stage Front Stadium (Cornella de Llobregat)
1712507400,Apr 07 2024 - 4:30pm,complete,N/A,CD Tenerife,SD Eibar,Alejandro Quintero González,34,1.75,1.31,1.81,1.18,2,1,3,2,1,1,"11,87","42",1,6,4,0,5,0,1,3,0,5,9,20,4,6,4,8,14,10,43,57,1.36,1.25,1.02,1.66,2.10,44,57,41,19,7,35,66,32,63,10.63,6.07,2.31,2.90,3.00,1.47,2.65,4.75,9.00,2.10,1.67,Estadio Heliodoro Rodríguez Lopéz (Santa Cruz de Tenerife (Tenerife))
1712516400,Apr 07 2024 - 7:00pm,complete,N/A,FC Cartagena,Real Valladolid,Raúl Martín González Francés,34,1.19,0.94,1.33,1.19,0,2,2,2,0,2,"","20,37",5,0,3,0,0,0,1,2,0,0,17,7,4,6,8,1,8,8,61,39,1.30,1.23,1.60,1.04,2.13,35,53,35,16,13,19,75,22,63,9.19,5.31,3.40,2.90,2.05,1.50,2.48,5.00,9.50,2.30,1.60,Estadio Municipal Cartagonova (Cartagena)
1712601000,Apr 08 2024 - 6:30pm,complete,N/A,Racing Santander,AD Alcorcón,Salvador Lax Franco,34,2.19,0.88,2.00,0.86,0,1,1,0,0,0,"","69",13,3,2,0,6,2,1,1,4,4,22,10,11,5,6,2,11,15,65,35,1.45,1.11,2.37,1.08,2.81,38,82,54,32,13,38,82,31,85,8.44,5.88,1.80,3.25,4.00,1.38,2.05,4.00,8.00,1.95,1.73,Campos de Sport de El Sardinero (Santander)
1712946600,Apr 12 2024 - 6:30pm,complete,N/A,Leganés,RCD Espanyol,Daniel Jesús Trujillo Suárez,35,1.94,1.24,1.95,1.22,0,0,0,0,0,0,"","",3,0,4,0,2,0,1,3,1,1,11,14,4,2,4,11,20,12,44,56,1.38,1.10,1.01,1.10,2.21,38,71,30,21,12,30,68,29,62,9.52,5.00,2.40,2.65,3.05,1.49,2.55,5.00,9.50,2.00,1.70,Estadio Municipal de Butarque (Leganés)
1713017700,Apr 13 2024 - 2:15pm,complete,N/A,Sporting Gijón,FC Cartagena,Miguel Sesma Espinosa,35,1.94,1.18,1.91,1.10,1,0,1,1,1,0,"33","",8,4,2,0,2,0,0,2,0,2,15,8,7,0,5,5,9,8,56,44,1.48,1.01,1.61,0.59,2.18,56,76,41,9,6,15,71,32,71,9.59,6.06,1.70,3.30,4.90,1.42,2.23,4.33,8.50,2.10,1.62,Estadio Municipal El Molinón (Gijón)
1713025800,Apr 13 2024 - 4:30pm,complete,N/A,Real Valladolid,CD Eldense,Iosu Galech Apezteguía,35,2.18,1.00,2.24,1.14,1,0,1,0,0,0,"81","",7,4,2,0,2,0,0,2,0,2,20,12,6,4,6,6,3,14,64,36,1.63,1.16,1.53,1.17,2.48,47,79,35,24,9,18,77,38,79,9.71,5.06,1.70,3.45,5.00,1.44,2.30,4.33,8.50,2.10,1.62,Estadio Municipal José Zorrilla (Valladolid)
1713034800,Apr 13 2024 - 7:00pm,complete,N/A,Levante UD,SD Amorebieta,Germán Cid Camacho,35,1.94,0.69,1.67,0.86,1,2,3,0,0,0,"65","68,89",5,0,0,0,1,0,0,0,0,1,27,10,10,4,12,5,7,8,52,48,1.47,1.12,2.67,1.04,2.54,55,67,42,30,21,39,61,43,73,9.71,4.84,1.68,3.50,5.00,1.38,2.10,4.00,8.00,2.05,1.67,Estadio Ciudad de Valencia (Valencia)
1713096000,Apr 14 2024 - 12:00pm,complete,N/A,Real Oviedo,Mirandés,Dámaso Arcediano Monescillo,35,2.12,0.71,2.04,0.81,1,1,2,1,1,0,"43","86",7,9,0,0,3,0,0,0,1,2,17,15,5,6,8,4,8,15,70,30,1.50,1.11,1.54,1.42,2.30,41,68,41,21,12,30,62,32,74,11.18,4.77,1.66,3.75,5.60,1.40,2.20,4.20,8.50,2.10,1.62,Estadio Nuevo Carlos Tartiere (Oviedo)
1713104100,Apr 14 2024 - 2:15pm,complete,N/A,Albacete Balompié,CD Tenerife,Saúl Ais Reig,35,1.47,0.82,1.67,0.86,1,0,1,0,0,0,"71","",11,1,3,0,2,1,1,2,2,1,23,6,8,2,7,3,11,13,53,47,1.61,1.04,2.15,0.64,2.41,59,85,35,18,3,15,50,53,94,9.06,5.83,2.17,3.15,3.70,1.55,2.55,5.25,10.00,2.10,1.62,Estadio Carlos Belmonte (Albacete)
1713104100,Apr 14 2024 - 2:15pm,complete,2463,FC Andorra,SD Eibar,Andrés Fuentes Molina,35,1.50,1.24,1.48,1.18,0,2,2,0,0,0,"","52,72",5,4,0,0,1,0,0,0,1,0,12,10,2,5,6,2,7,10,48,52,1.45,1.27,0.89,1.02,2.41,52,63,45,27,13,30,48,49,85,10.87,5.06,2.80,3.20,2.65,1.44,2.25,4.33,8.50,1.85,1.80,Estadi Nacional (Andorra la Vella)
1713112200,Apr 14 2024 - 4:30pm,complete,N/A,Burgos CF,Racing Santander,Iván Caparrós Hernández,35,2.29,1.06,2.10,1.05,2,1,3,2,1,1,"8,90'9","23",10,2,4,0,2,0,2,2,0,2,16,6,7,4,6,1,10,15,41,59,1.43,1.22,1.66,0.93,2.53,50,71,38,30,18,29,77,39,65,9.29,6.11,2.55,3.29,2.88,1.35,1.85,3.75,7.50,1.83,1.83,Estadio Municipal de El Plantío (Burgos)
1713112200,Apr 14 2024 - 4:30pm,complete,N/A,Real Zaragoza,Elche CF,Adrián Cordero Vega,35,1.41,1.24,1.29,1.10,1,1,2,0,0,0,"61","53",8,2,2,0,1,0,0,2,1,0,16,14,4,3,5,9,12,13,41,59,1.44,1.38,1.21,1.24,2.12,32,62,27,18,9,24,74,29,71,9.70,5.00,2.89,2.91,2.83,1.50,2.75,5.50,10.00,2.10,1.62,Estadio de la Romareda (Zaragoza)
1713121200,Apr 14 2024 - 7:00pm,complete,N/A,Racing Club de Ferrol,SD Huesca,Álvaro Moreno Aragón,35,1.88,1.24,1.86,1.29,2,1,3,1,0,1,"54,65","40",5,3,1,0,1,0,0,1,0,1,12,4,3,3,3,1,18,17,65,35,1.39,0.92,1.12,0.74,1.88,41,59,21,15,3,15,44,33,68,8.23,4.76,2.35,2.99,3.53,1.55,3.00,6.50,11.00,2.35,1.50,Estadio Municipal de A Malata (Ferrol)
1713205800,Apr 15 2024 - 6:30pm,complete,N/A,AD Alcorcón,Villarreal II,Rafael Sánchez López,35,1.18,0.41,1.24,0.48,1,0,1,0,0,0,"59","",2,7,3,0,1,0,1,2,1,0,8,22,4,6,2,7,12,8,43,57,1.28,0.98,0.95,1.68,2.12,44,74,27,15,6,15,59,44,68,6.77,5.06,2.25,3.10,3.40,1.40,2.38,4.00,7.50,1.91,1.80,Estadio Santo Domingo (Alcorcón)
1713551400,Apr 19 2024 - 6:30pm,complete,N/A,CD Tenerife,Leganés,Jon Ander González Esteban,36,1.82,1.65,1.81,1.57,0,0,0,0,0,0,"","",6,2,3,0,0,0,1,2,0,0,3,9,0,4,0,4,18,15,57,43,1.34,1.04,0.36,1.00,1.65,32,44,27,6,3,18,56,21,56,8.71,6.36,2.37,2.60,3.25,1.67,2.85,7.00,11.00,2.40,1.48,Estadio Heliodoro Rodríguez Lopéz (Santa Cruz de Tenerife (Tenerife))
1713614400,Apr 20 2024 - 12:00pm,complete,N/A,SD Amorebieta,Real Valladolid,Manuel Jesús Orellana Cid,36,1.28,1.06,1.29,1.19,0,3,3,0,0,0,"","49,52,84",2,6,3,1,2,0,2,2,1,1,10,15,4,10,2,3,10,10,36,64,1.14,1.22,0.86,1.86,1.92,34,57,26,12,6,29,74,15,57,8.96,4.93,3.85,3.25,2.08,1.50,2.60,4.60,8.50,2.10,1.65,Instalaciones de Lezama Campo 2 (Lezama)
1713622500,Apr 20 2024 - 2:15pm,complete,N/A,Villarreal II,Racing Club de Ferrol,Luis Mario Milla Alvéndiz,36,1.53,1.12,1.57,0.95,1,0,1,0,0,0,"76","",3,4,3,0,1,0,0,3,0,1,13,16,6,4,6,9,4,5,46,54,1.53,1.12,1.45,1.33,2.32,53,71,47,21,0,33,76,27,74,8.41,4.12,2.60,3.30,2.80,1.38,2.17,3.95,8.00,1.83,1.85,Estadio de la Cerámica (Villarreal)
1713622500,Apr 20 2024 - 2:15pm,complete,N/A,Racing Santander,Levante UD,Raúl Martín González Francés,36,2.06,1.06,2.00,1.14,0,0,0,0,0,0,"","",3,3,1,0,0,0,0,1,0,0,22,18,8,6,7,8,7,10,50,50,1.51,1.20,1.89,1.63,2.41,47,74,44,27,12,27,77,32,74,11.12,5.24,2.44,3.45,2.85,1.26,1.94,3.04,5.70,1.70,2.08,Campos de Sport de El Sardinero (Santander)
1713630600,Apr 20 2024 - 4:30pm,complete,N/A,Elche CF,Sporting Gijón,Alejandro Quintero González,36,1.88,1.12,1.71,1.09,2,1,3,2,2,0,"28,34","67",1,7,2,0,5,0,0,2,1,4,11,12,4,5,3,4,11,12,41,59,1.71,1.17,0.95,1.33,1.94,32,59,35,15,6,18,53,38,68,10.59,4.41,1.66,3.72,5.45,1.35,2.10,3.75,7.30,2.09,1.69,Estadio Manuel Martínez Valero (Elche)
1713639600,Apr 20 2024 - 7:00pm,complete,N/A,SD Huesca,Real Zaragoza,Rubén Ávalos Barrera,36,1.24,1.00,1.05,1.14,1,2,3,3,1,2,"19","36,45'5",8,3,3,1,4,1,0,4,1,4,7,10,4,5,3,4,12,19,62,38,1.31,1.07,1.06,1.19,1.68,33,50,21,12,3,21,50,24,62,9.23,4.77,2.55,2.63,3.10,1.71,3.20,6.50,10.50,2.55,1.45,Estadio El Alcoraz (Huesca)
1713700800,Apr 21 2024 - 12:00pm,complete,N/A,RCD Espanyol,FC Andorra,Miguel González Díaz,36,2.12,0.61,2.09,0.57,1,1,2,1,0,1,"52","29",6,2,5,0,3,0,2,3,0,3,13,13,5,7,4,3,9,6,47,53,1.48,1.33,1.25,1.41,2.41,38,72,41,21,12,35,77,38,63,9.82,4.49,1.77,3.40,4.20,1.36,2.05,3.60,7.00,2.00,1.72,Stage Front Stadium (Cornella de Llobregat)
1713708900,Apr 21 2024 - 2:15pm,complete,N/A,CD Eldense,Albacete Balompié,Salvador Lax Franco,36,1.47,0.47,1.24,0.76,0,1,1,0,0,0,"","65",8,3,2,0,1,0,0,2,1,0,14,9,6,3,3,2,15,8,53,47,1.34,1.26,1.50,0.78,2.74,56,85,47,24,15,44,82,27,77,10.23,4.71,2.20,3.10,3.10,1.40,2.20,3.80,8.00,1.91,1.80,Estadio Municipal Nuevo Pepico Amat (Elda)
1713708900,Apr 21 2024 - 2:15pm,complete,N/A,SD Eibar,AD Alcorcón,José Luis Guzmán Mansilla,36,2.00,1.00,2.09,0.86,2,0,2,1,1,0,"45'2,89","",5,5,1,0,4,1,0,1,2,3,17,15,6,4,6,6,12,8,71,29,1.65,1.11,1.57,1.24,2.62,39,74,41,27,12,24,74,32,88,8.18,5.17,1.53,3.70,5.75,1.35,2.15,3.85,8.00,2.25,1.57,Estadio Municipal de Ipurúa (Eibar)
1713717000,Apr 21 2024 - 4:30pm,complete,N/A,Mirandés,Burgos CF,José Antonio López Toca,36,1.47,0.65,1.52,0.71,2,1,3,0,0,0,"60,66","55",6,3,2,0,4,0,0,2,1,3,12,7,6,3,4,4,11,11,37,63,1.30,1.24,1.34,1.01,2.91,50,85,65,27,12,38,74,62,85,8.59,4.12,2.32,2.95,3.15,1.45,2.38,4.40,8.00,2.05,1.70,Estadio Municipal de Anduva (Miranda de Ebro)
1713810600,Apr 22 2024 - 6:30pm,complete,N/A,FC Cartagena,Real Oviedo,Oliver De La Fuente Ramos,36,1.12,1.06,1.33,1.04,2,0,2,0,0,0,"56,59","",5,2,2,0,3,1,2,0,3,1,21,10,9,3,5,5,13,18,50,50,1.32,1.16,1.85,0.96,2.09,38,56,38,18,6,18,65,27,68,9.29,4.94,3.05,3.02,2.22,1.50,2.47,4.70,9.40,2.10,1.67,Estadio Municipal Cartagonova (Cartagena)
1714156200,Apr 26 2024 - 6:30pm,complete,N/A,FC Andorra,Racing Santander,Germán Cid Camacho,37,1.41,1.00,1.48,1.05,1,1,2,1,1,0,"32","66",9,5,1,0,3,0,0,1,2,1,23,18,9,5,5,7,9,11,48,52,1.42,1.20,1.82,1.58,2.53,51,71,37,29,17,20,51,52,86,10.20,5.16,2.20,3.30,3.10,1.35,2.00,3.70,7.50,1.80,1.85,Estadi Nacional (Andorra la Vella)
1714227300,Apr 27 2024 - 2:15pm,complete,N/A,Leganés,Real Zaragoza,Dámaso Arcediano Monescillo,37,1.89,1.11,1.95,1.14,1,1,2,0,0,0,"57","90'9",5,3,2,0,2,0,1,1,0,2,4,19,3,5,1,9,13,18,40,60,1.36,1.07,0.77,1.45,1.89,36,62,28,14,3,31,62,23,53,8.11,4.61,1.85,3.10,5.00,1.67,3.04,6.50,11.00,2.55,1.47,Estadio Municipal de Butarque (Leganés)
1714227300,Apr 27 2024 - 2:15pm,complete,N/A,Burgos CF,SD Amorebieta,Andrés Fuentes Molina,37,2.33,0.82,2.10,0.86,2,2,4,1,1,0,"8,47","77,79",6,1,4,0,3,0,2,2,2,1,18,12,7,6,7,6,6,11,42,58,1.44,1.12,1.68,1.46,2.21,43,61,34,21,12,31,66,32,61,8.59,4.95,1.73,3.50,5.00,1.42,2.23,4.33,8.50,2.05,1.65,Estadio Municipal de El Plantío (Burgos)
1714235400,Apr 27 2024 - 4:30pm,complete,N/A,Elche CF,RCD Espanyol,Álvaro Moreno Aragón,37,1.94,1.22,1.71,1.22,2,2,4,2,1,1,"12,81","2,71",6,4,2,0,4,0,1,1,2,2,11,11,4,5,2,2,13,19,58,42,1.67,1.10,0.89,1.03,1.97,39,64,28,14,12,20,56,34,64,10.72,4.77,4.63,1.37,6.04,1.42,2.15,4.33,8.50,1.91,1.77,Estadio Manuel Martínez Valero (Elche)
1714305600,Apr 28 2024 - 12:00pm,complete,N/A,Sporting Gijón,Villarreal II,Iosu Galech Apezteguía,37,2.00,0.39,1.91,0.48,0,3,3,2,0,2,"","17,26,77",8,3,4,0,2,0,2,2,1,1,13,17,4,5,6,7,9,7,56,44,1.49,1.02,1.25,1.38,2.34,47,75,39,17,9,20,70,39,70,9.11,5.44,4.47,1.93,2.73,1.30,1.96,3.50,6.50,1.85,1.90,Estadio Municipal El Molinón (Gijón)
1714313700,Apr 28 2024 - 2:15pm,complete,N/A,AD Alcorcón,CD Eldense,Daniel Jesús Trujillo Suárez,37,1.28,0.94,1.24,1.14,0,0,0,0,0,0,"","",3,2,2,0,2,0,1,1,0,2,13,9,5,2,7,1,11,13,57,43,1.26,1.16,1.52,0.67,2.11,48,70,22,17,6,17,64,36,72,7.44,5.00,2.47,2.95,2.98,1.50,2.47,5.00,9.50,2.05,1.65,Estadio Santo Domingo (Alcorcón)
1714313700,Apr 28 2024 - 2:15pm,complete,N/A,Real Oviedo,CD Tenerife,Rafael Sánchez López,37,2.06,0.78,2.04,0.86,0,1,1,1,0,1,"","35",6,3,2,0,2,0,0,2,2,0,18,5,4,3,7,1,12,19,69,31,1.50,1.02,1.48,0.67,2.39,53,78,36,17,12,20,58,39,86,10.50,5.67,1.91,3.05,4.40,1.55,2.48,5.00,10.00,2.38,1.53,Estadio Nuevo Carlos Tartiere (Oviedo)
1714321800,Apr 28 2024 - 4:30pm,complete,N/A,Levante UD,FC Cartagena,Adrián Cordero Vega,37,1.83,1.11,1.67,1.10,0,1,1,0,0,0,"","64",3,2,1,0,2,0,0,1,0,2,18,9,5,4,9,4,9,7,60,40,1.54,0.99,1.60,1.03,2.42,62,72,48,20,17,25,62,42,75,9.23,5.67,1.57,3.35,5.00,1.36,2.10,3.80,7.00,2.10,1.67,Estadio Ciudad de Valencia (Valencia)
1714321800,Apr 28 2024 - 4:30pm,complete,N/A,Real Valladolid,SD Huesca,Iván Caparrós Hernández,37,2.22,1.17,2.24,1.29,1,0,1,1,1,0,"9","",5,3,4,0,3,0,1,3,0,3,13,8,5,0,6,7,18,7,48,52,1.62,0.91,1.45,0.72,1.81,33,64,25,9,3,14,56,25,70,9.56,5.17,1.67,2.96,5.10,1.50,2.68,5.00,9.50,2.35,1.50,Estadio Municipal José Zorrilla (Valladolid)
1714330800,Apr 28 2024 - 7:00pm,complete,N/A,Albacete Balompié,SD Eibar,Miguel Sesma Espinosa,37,1.56,1.33,1.67,1.18,2,1,3,2,1,1,"23,60","43",4,8,4,0,1,0,1,3,1,0,13,18,5,4,6,8,11,9,34,66,1.64,1.26,1.33,1.62,2.53,61,81,45,25,6,31,61,50,92,11.06,5.06,2.47,2.87,2.64,1.38,2.27,3.85,8.00,1.80,1.85,Estadio Carlos Belmonte (Albacete)
1714415400,Apr 29 2024 - 6:30pm,complete,N/A,Racing Club de Ferrol,Mirandés,Saúl Ais Reig,37,1.94,0.72,1.86,0.81,0,2,2,1,0,1,"","5,48",8,3,2,0,4,0,2,0,1,3,25,6,5,5,13,1,8,10,74,26,1.38,1.12,2.26,0.84,2.31,45,64,39,25,6,22,53,45,73,9.22,4.50,2.39,3.55,2.45,1.45,2.31,4.33,9.00,2.10,1.67,Estadio Municipal de A Malata (Ferrol)
1714761000,May 03 2024 - 6:30pm,complete,N/A,Villarreal II,Levante UD,José Antonio López Toca,38,1.61,1.06,1.57,1.14,0,3,3,2,0,2,"","12,38,52",9,4,1,0,1,0,0,1,1,0,19,13,4,6,7,3,12,15,45,55,1.52,1.23,1.33,1.23,2.00,47,61,39,20,3,17,67,31,70,9.66,4.17,2.70,3.10,2.45,1.30,2.08,3.35,6.50,1.73,2.00,Estadio de la Cerámica (Villarreal)
1714824000,May 04 2024 - 12:00pm,complete,N/A,Mirandés,Real Valladolid,José Luis Guzmán Mansilla,38,1.56,1.17,1.52,1.19,0,1,1,1,0,1,"","3",5,4,1,1,3,0,1,1,1,2,12,16,4,7,6,7,11,13,46,54,1.30,1.25,1.22,1.61,2.45,45,70,48,22,9,31,70,42,67,8.11,4.83,3.10,3.00,2.20,1.50,2.30,5.00,9.50,2.10,1.67,Estadio Municipal de Anduva (Miranda de Ebro)
1714832100,May 04 2024 - 2:15pm,complete,N/A,SD Huesca,Real Oviedo,Raúl Martín González Francés,38,1.17,1.00,1.05,1.04,0,2,2,0,0,0,"","50,90'4",8,5,1,0,1,0,0,1,0,1,17,20,4,7,5,9,12,8,52,48,1.30,1.15,1.19,1.76,1.84,34,53,31,14,3,17,50,31,64,10.28,5.17,2.62,2.70,2.75,1.57,2.64,6.25,11.00,2.25,1.57,Estadio El Alcoraz (Huesca)
1714840200,May 04 2024 - 4:30pm,complete,N/A,Racing Santander,Elche CF,Jon Ander González Esteban,38,2.00,1.22,2.00,1.10,3,1,4,1,1,0,"16,66,90'5","71",5,6,3,1,2,0,1,3,1,1,16,27,8,6,7,10,19,10,30,70,1.53,1.37,1.67,1.97,2.45,42,70,39,25,14,31,75,31,75,10.17,5.05,2.55,2.95,2.75,1.35,1.95,3.65,7.00,1.73,1.95,Campos de Sport de El Sardinero (Santander)
1714849200,May 04 2024 - 7:00pm,complete,N/A,FC Cartagena,AD Alcorcón,Alejandro Quintero González,38,1.22,0.94,1.33,0.86,1,0,1,1,1,0,"34","",0,7,1,0,3,0,1,0,1,2,12,13,5,2,6,8,11,19,46,54,1.35,1.12,1.35,1.10,2.36,28,67,39,20,9,25,70,28,81,7.61,6.00,2.02,2.90,3.85,1.52,2.80,5.25,10.00,2.20,1.62,Estadio Municipal Cartagonova (Cartagena)
1714910400,May 05 2024 - 12:00pm,complete,N/A,SD Eibar,SD Amorebieta,Rubén Ávalos Barrera,38,2.06,0.83,2.09,0.86,5,0,5,2,2,0,"10,45'3,49,79,82","",4,8,2,0,2,0,2,0,1,1,21,20,15,4,3,11,8,9,52,48,1.64,1.13,2.45,1.54,2.58,50,73,39,28,14,23,72,39,81,9.05,3.83,1.46,4.25,6.46,1.28,1.93,3.22,6.10,2.10,1.67,Estadio Municipal de Ipurúa (Eibar)
1714918500,May 05 2024 - 2:15pm,complete,N/A,RCD Espanyol,Sporting Gijón,Luis Mario Milla Alvéndiz,38,2.06,1.06,2.09,1.09,0,0,0,0,0,0,"","",8,3,4,0,4,0,1,3,1,3,15,5,3,0,9,3,14,7,52,48,1.47,1.18,1.37,0.32,2.50,48,75,47,22,12,36,70,42,78,10.00,5.44,1.76,3.50,4.52,1.33,2.06,3.80,7.50,2.00,1.73,Stage Front Stadium (Cornella de Llobregat)
1714918500,May 05 2024 - 2:15pm,complete,N/A,FC Andorra,Albacete Balompié,Manuel Jesús Orellana Cid,38,1.39,0.61,1.48,0.76,0,1,1,0,0,0,"","84",6,3,5,1,3,0,1,5,1,2,11,2,4,2,7,0,17,11,69,31,1.44,1.23,0.00,0.00,2.39,50,70,36,17,14,25,50,39,86,10.00,4.45,2.13,3.05,3.60,1.37,2.14,3.88,7.60,1.91,1.80,Estadi Nacional (Andorra la Vella)
1714926600,May 05 2024 - 4:30pm,complete,N/A,CD Eldense,Leganés,Oliver De La Fuente Ramos,38,1.39,1.61,1.24,1.57,1,2,3,1,1,0,"5","47,90'4",0,8,2,1,3,0,1,2,0,3,4,20,2,6,0,9,14,14,25,75,1.35,1.03,0.38,2.02,2.11,39,61,34,20,9,25,64,25,67,9.50,5.00,3.05,2.98,2.34,1.60,2.35,5.00,10.00,2.20,1.62,Estadio Municipal Nuevo Pepico Amat (Elda)
1714926600,May 05 2024 - 4:30pm,complete,N/A,Real Zaragoza,Burgos CF,Salvador Lax Franco,38,1.39,0.61,1.29,0.71,1,3,4,2,1,1,"45'1","28,46,84",2,1,1,0,1,0,1,0,0,1,23,6,7,5,13,1,12,7,55,45,1.42,1.22,2.16,0.93,2.53,39,78,48,17,12,28,72,50,81,10.34,4.44,2.06,3.05,3.75,1.53,2.35,4.70,10.50,2.25,1.57,Estadio de la Romareda (Zaragoza)
1714935600,May 05 2024 - 7:00pm,complete,N/A,CD Tenerife,Racing Club de Ferrol,Miguel González Díaz,38,1.78,1.06,1.81,0.95,2,0,2,0,0,0,"89,90'3","",5,2,0,0,2,0,0,0,0,2,17,11,8,3,6,4,13,10,52,48,1.28,1.14,1.73,0.87,1.84,39,56,31,9,0,31,64,17,58,8.72,5.55,2.14,3.05,3.50,1.50,2.55,5.00,9.50,2.20,1.62,Estadio Heliodoro Rodríguez Lopéz (Santa Cruz de Tenerife (Tenerife))
1715365800,May 10 2024 - 6:30pm,complete,N/A,Burgos CF,CD Eldense,Miguel Sesma Espinosa,39,2.26,0.95,2.10,1.14,1,2,3,3,1,2,"24","5,44",7,4,2,0,4,0,0,2,1,3,21,13,7,6,11,3,7,17,64,36,1.45,1.13,2.30,1.37,2.32,48,66,35,24,11,27,74,32,66,8.31,5.53,1.85,3.30,4.20,1.41,2.12,4.25,8.40,2.09,1.69,Estadio Municipal de El Plantío (Burgos)
1715428800,May 11 2024 - 12:00pm,complete,N/A,Racing Santander,Mirandés,Andrés Fuentes Molina,39,2.05,0.84,2.00,0.81,1,0,1,1,1,0,"2","",10,3,3,0,4,0,0,3,3,1,22,8,8,0,8,5,13,11,51,49,1.54,1.11,2.00,0.60,2.50,40,71,50,29,11,35,71,32,74,10.16,5.48,1.85,3.50,4.20,1.29,1.93,3.20,5.75,1.80,1.91,Campos de Sport de El Sardinero (Santander)
1715436900,May 11 2024 - 2:15pm,complete,N/A,Racing Club de Ferrol,AD Alcorcón,Germán Cid Camacho,39,1.84,0.89,1.86,0.86,2,1,3,0,0,0,"63,86","82",5,2,0,0,0,1,0,0,1,0,22,13,8,4,8,7,14,9,64,36,1.42,1.12,1.95,1.16,2.40,37,68,35,24,5,19,61,40,82,8.16,5.31,1.91,3.10,4.60,1.50,2.30,4.50,9.00,2.19,1.63,Estadio Municipal de A Malata (Ferrol)
1715436900,May 11 2024 - 2:15pm,complete,N/A,Sporting Gijón,FC Andorra,Rafael Sánchez López,39,1.89,0.63,1.91,0.57,5,2,7,3,2,1,"11,28,64,70,83","43,65",3,2,1,0,1,0,1,0,1,0,15,17,10,5,4,5,13,11,46,54,1.48,1.33,1.82,1.44,2.08,37,66,34,14,5,24,79,24,58,10.21,4.73,2.00,3.25,3.90,1.40,2.15,4.00,8.00,1.85,1.83,Estadio Municipal El Molinón (Gijón)
1715445000,May 11 2024 - 4:30pm,complete,N/A,Real Valladolid,RCD Espanyol,Adrián Cordero Vega,39,2.26,1.21,2.24,1.22,0,0,0,0,0,0,"","",3,4,4,0,7,1,2,2,2,6,16,5,3,2,9,2,15,18,58,42,1.61,1.09,1.28,0.59,2.16,40,68,29,21,11,19,66,32,71,10.68,5.36,2.13,2.96,3.30,1.38,2.26,4.05,8.00,1.97,1.78,Estadio Municipal José Zorrilla (Valladolid)
1715454000,May 11 2024 - 7:00pm,complete,N/A,Levante UD,SD Eibar,Dámaso Arcediano Monescillo,39,1.74,1.26,1.67,1.18,2,2,4,2,1,1,"11,90","31,61",6,5,3,0,2,1,0,3,1,2,19,10,6,3,7,6,9,14,51,49,1.54,1.28,1.56,1.11,2.74,63,74,58,32,19,48,64,47,82,10.85,5.26,2.51,3.05,2.61,1.33,1.91,3.40,6.50,1.70,2.00,Estadio Ciudad de Valencia (Valencia)
1715515200,May 12 2024 - 12:00pm,complete,N/A,SD Amorebieta,Villarreal II,Daniel Jesús Trujillo Suárez,39,1.21,0.53,1.29,0.48,2,0,2,0,0,0,"73,90'10","",2,7,1,0,2,1,1,0,0,3,13,12,5,5,3,4,15,13,58,42,1.12,1.04,1.19,1.18,2.24,40,71,37,16,6,27,66,32,74,7.58,5.00,2.25,3.20,3.10,1.33,2.00,3.60,6.50,1.77,1.90,Instalaciones de Lezama Campo 2 (Lezama)
1715523300,May 12 2024 - 2:15pm,complete,N/A,Real Oviedo,Real Zaragoza,Saúl Ais Reig,39,1.95,1.11,2.04,1.14,1,0,1,0,0,0,"86","",4,13,1,0,3,1,1,0,2,2,16,9,5,5,11,2,11,9,62,38,1.50,1.09,1.78,1.03,2.03,50,66,27,14,8,24,64,24,69,10.53,4.37,1.75,3.30,5.00,1.48,2.51,4.75,10.00,2.25,1.57,Estadio Nuevo Carlos Tartiere (Oviedo)
1715531400,May 12 2024 - 4:30pm,complete,N/A,Albacete Balompié,Leganés,Iván Caparrós Hernández,39,1.63,1.68,1.67,1.57,1,0,1,1,1,0,"8","",3,7,1,0,3,0,0,1,0,3,10,17,3,5,3,8,9,14,40,60,1.62,1.09,0.86,1.66,2.06,50,66,32,14,3,14,53,40,82,9.47,5.21,2.32,3.14,3.30,1.47,2.50,4.80,9.60,2.10,1.65,Estadio Carlos Belmonte (Albacete)
1715531400,May 12 2024 - 4:30pm,complete,N/A,FC Cartagena,CD Tenerife,Álvaro Moreno Aragón,39,1.32,0.89,1.33,0.86,2,0,2,2,2,0,"6,45'4","",2,5,0,0,3,0,0,0,2,1,10,18,5,5,1,7,5,14,45,55,1.35,1.00,1.04,1.48,2.27,40,66,37,16,8,19,61,37,76,7.85,6.00,2.47,2.80,2.97,1.50,2.62,4.85,9.80,2.13,1.67,Estadio Municipal Cartagonova (Cartagena)
1715540400,May 12 2024 - 7:00pm,complete,N/A,Elche CF,SD Huesca,Iosu Galech Apezteguía,39,1.89,1.11,1.71,1.29,0,3,3,2,0,2,"","32,38,81",3,2,1,0,3,0,1,0,1,2,22,9,5,4,10,3,12,8,75,25,1.63,0.90,1.81,0.88,1.69,35,58,27,6,3,19,50,29,61,9.47,4.74,1.55,3.50,6.06,1.41,2.20,4.25,8.40,2.29,1.58,Estadio Manuel Martínez Valero (Elche)
1715970600,May 17 2024 - 6:30pm,complete,N/A,Mirandés,Elche CF,Rubén Ávalos Barrera,40,1.47,1.16,1.52,1.10,1,1,2,0,0,0,"76","83",5,7,4,0,2,0,0,4,1,1,8,18,5,5,2,11,12,13,30,70,1.29,1.40,0.97,1.78,2.50,50,71,45,27,8,29,68,48,77,8.15,4.63,3.90,3.10,1.85,1.38,2.00,3.75,7.50,1.77,1.90,Estadio Municipal de Anduva (Miranda de Ebro)
1716033600,May 18 2024 - 12:00pm,complete,N/A,FC Andorra,Burgos CF,Luis Mario Milla Alvéndiz,40,1.32,0.74,1.48,0.71,1,0,1,0,0,0,"90'4","",7,1,2,0,1,0,0,2,1,0,27,16,5,4,16,10,13,7,58,42,1.44,1.21,2.09,1.40,2.48,42,71,45,19,14,21,48,58,89,10.37,4.11,2.03,3.00,3.25,1.40,2.12,3.95,8.00,1.83,1.85,Estadi Nacional (Andorra la Vella)
1716041700,May 18 2024 - 2:15pm,complete,8758,SD Huesca,Racing Santander,Miguel González Díaz,40,1.11,1.00,1.05,1.05,0,3,3,1,0,1,"","37,50,90'6",6,4,1,0,0,0,0,1,0,0,20,8,4,6,12,2,11,15,61,39,1.29,1.22,1.68,1.12,2.40,47,71,37,24,13,27,66,40,74,10.63,5.79,2.25,2.95,2.86,1.36,2.13,3.65,7.50,1.75,1.93,Estadio El Alcoraz (Huesca)
1716041700,May 18 2024 - 2:15pm,complete,N/A,Leganés,Sporting Gijón,Manuel Jesús Orellana Cid,40,1.84,1.05,1.95,1.09,2,1,3,1,1,0,"17,77","53",4,7,4,1,5,0,1,4,1,4,18,15,7,5,8,7,11,9,30,70,1.33,1.13,1.72,1.46,2.05,35,63,37,19,5,29,61,32,64,8.84,4.89,1.86,2.93,3.95,1.48,2.45,4.75,9.50,2.05,1.65,Estadio Municipal de Butarque (Leganés)
1716058800,May 18 2024 - 7:00pm,complete,N/A,CD Eldense,Levante UD,Alejandro Quintero González,40,1.32,1.16,1.24,1.14,0,0,0,0,0,0,"","",5,1,0,0,1,0,0,0,0,1,17,8,4,5,9,3,16,13,40,60,1.30,1.23,1.39,1.17,2.19,45,71,37,21,8,27,71,29,69,10.53,4.48,2.30,3.20,3.30,1.33,2.05,3.60,7.00,1.80,1.91,Estadio Municipal Nuevo Pepico Amat (Elda)
1716058800,May 18 2024 - 7:00pm,complete,N/A,CD Tenerife,SD Amorebieta,Oliver De La Fuente Ramos,40,1.84,0.79,1.81,0.86,0,1,1,0,0,0,"","50",5,5,1,0,1,0,0,1,1,0,18,16,5,3,11,9,10,11,55,45,1.31,1.16,1.69,1.24,2.00,37,55,32,16,8,27,58,32,61,9.05,5.16,2.20,3.10,3.65,1.53,2.32,4.75,9.50,2.00,1.70,Estadio Heliodoro Rodríguez Lopéz (Santa Cruz de Tenerife (Tenerife))
1716120000,May 19 2024 - 12:00pm,complete,N/A,SD Eibar,FC Cartagena,José Antonio López Toca,40,2.11,1.21,2.09,1.10,1,0,1,1,1,0,"10","",3,0,0,1,4,0,0,1,4,0,23,8,8,2,9,5,9,8,48,52,1.68,0.99,1.88,0.97,2.42,50,74,40,19,13,13,74,35,82,8.84,4.79,1.36,4.50,7.50,1.25,1.76,2.88,5.25,2.10,1.67,Estadio Municipal de Ipurúa (Eibar)
1716128100,May 19 2024 - 2:15pm,complete,N/A,AD Alcorcón,Real Valladolid,Raúl Martín González Francés,40,1.26,1.26,1.24,1.19,1,1,2,1,1,0,"14","66",4,6,2,0,3,0,1,1,2,1,20,21,11,6,7,12,15,10,39,61,1.28,1.27,2.26,1.99,1.74,32,56,19,8,6,16,61,27,53,8.15,5.00,3.60,2.95,2.14,1.47,2.41,4.75,9.50,2.05,1.67,Estadio Santo Domingo (Alcorcón)
1716145200,May 19 2024 - 7:00pm,complete,N/A,Real Zaragoza,Racing Club de Ferrol,José Luis Guzmán Mansilla,40,1.32,1.00,1.29,0.95,2,2,4,1,1,0,"4,90'3","48,57",9,9,1,0,4,0,1,0,2,2,26,14,7,5,13,7,11,10,49,51,1.46,1.12,2.30,1.43,2.24,42,71,35,19,3,32,71,32,74,8.79,4.69,1.91,3.20,4.20,1.50,2.37,4.60,8.50,2.00,1.70,Estadio de la Romareda (Zaragoza)
1716229800,May 20 2024 - 6:30pm,complete,N/A,RCD Espanyol,Real Oviedo,Salvador Lax Franco,40,2.00,1.11,2.09,1.04,2,1,3,2,1,1,"32,63","23",2,7,2,0,1,0,1,1,1,0,14,15,3,7,8,7,15,15,43,57,1.46,1.18,1.14,1.71,2.29,45,71,40,19,8,27,61,42,71,10.31,5.31,2.10,3.00,3.30,1.42,2.21,4.33,8.50,1.93,1.75,Stage Front Stadium (Cornella de Llobregat)
1716229800,May 20 2024 - 6:30pm,complete,3538,Villarreal II,Albacete Balompié,Jon Ander González Esteban,40,1.53,0.74,1.57,0.76,2,2,4,3,1,2,"24,55","26,28",8,1,3,0,2,0,0,3,0,2,33,9,7,8,19,1,12,9,54,46,1.51,1.23,2.76,1.39,2.47,53,71,50,19,8,34,74,26,82,9.21,4.32,2.75,3.10,2.38,1.28,1.78,3.10,6.00,1.67,2.05,Estadio de la Cerámica (Villarreal)
1716741000,May 26 2024 - 4:30pm,complete,N/A,Albacete Balompié,Mirandés,Adrián Cordero Vega,41,1.70,0.80,1.67,0.81,2,2,4,1,1,0,"45,68","48,52",6,3,2,0,2,0,0,2,1,1,22,19,5,9,12,7,15,9,65,35,1.59,1.08,1.82,1.88,2.18,45,70,35,18,3,23,58,38,80,9.80,5.00,2.42,3.00,2.67,1.40,2.00,4.20,8.00,1.85,1.83,Estadio Carlos Belmonte (Albacete)
1716741000,May 26 2024 - 4:30pm,complete,N/A,SD Amorebieta,RCD Espanyol,Dámaso Arcediano Monescillo,41,1.30,1.20,1.29,1.22,0,0,0,0,0,0,"","",3,2,1,0,0,0,0,1,0,0,15,17,5,4,6,10,9,13,36,64,1.13,1.07,1.34,1.59,2.03,40,65,28,18,8,28,63,25,68,8.95,5.50,3.32,2.99,1.95,1.38,2.00,3.85,7.50,1.83,1.85,Instalaciones de Lezama Campo 2 (Lezama)
1716741000,May 26 2024 - 4:30pm,complete,N/A,Burgos CF,CD Tenerife,Iván Caparrós Hernández,41,2.15,0.85,2.10,0.86,1,1,2,1,0,1,"86","28",4,3,3,0,3,0,0,3,0,3,15,12,5,2,8,8,9,32,65,35,1.50,1.02,1.57,0.93,2.25,45,68,38,18,8,28,63,35,65,8.40,6.45,1.95,2.93,3.39,1.44,2.30,4.33,8.50,2.00,1.70,Estadio Municipal de El Plantío (Burgos)
1716741000,May 26 2024 - 4:30pm,complete,7924,FC Cartagena,SD Huesca,Saúl Ais Reig,41,1.40,1.20,1.33,1.29,0,2,2,1,0,1,"","14,60",4,3,0,0,4,0,0,0,2,2,12,11,0,4,10,4,10,12,68,32,1.33,0.90,1.02,0.96,1.85,30,58,28,8,5,23,63,20,63,7.60,5.10,3.08,2.86,2.23,1.55,2.65,5.00,9.50,2.05,1.67,Estadio Municipal Cartagonova (Cartagena)
1716741000,May 26 2024 - 4:30pm,complete,N/A,Elche CF,CD Eldense,Germán Cid Camacho,41,1.80,1.05,1.71,1.14,1,2,3,0,0,0,"88","52,78",5,2,1,0,3,0,0,1,1,2,22,10,6,4,12,5,13,18,69,31,1.63,1.14,1.84,1.09,2.25,45,70,38,18,8,25,65,38,70,9.50,4.55,1.54,3.59,5.10,1.30,2.04,3.40,6.50,1.93,1.75,Estadio Manuel Martínez Valero (Elche)
1716741000,May 26 2024 - 4:30pm,complete,N/A,Racing Club de Ferrol,Leganés,Andrés Fuentes Molina,41,1.90,1.60,1.86,1.57,2,2,4,2,1,1,"45'1,90'3","16,80",1,2,0,0,2,0,0,0,0,2,12,7,4,4,6,2,16,13,69,31,1.45,1.11,1.22,0.96,2.10,45,58,33,18,5,10,53,43,70,8.95,4.70,2.70,2.76,2.39,1.53,2.47,5.00,9.50,2.10,1.68,Estadio Municipal de A Malata (Ferrol)
1716741000,May 26 2024 - 4:30pm,complete,N/A,Racing Santander,Real Zaragoza,Iosu Galech Apezteguía,41,2.10,1.05,2.00,1.14,0,2,2,1,0,1,"","3,90",9,4,5,0,6,0,4,1,3,3,21,14,8,5,8,7,15,19,70,30,1.56,1.09,2.00,1.34,2.23,45,65,38,23,8,30,68,25,68,10.05,5.20,1.91,3.17,3.55,1.30,1.85,3.50,7.00,1.80,1.95,Campos de Sport de El Sardinero (Santander)
1716741000,May 26 2024 - 4:30pm,complete,13864,Levante UD,AD Alcorcón,Rafael Sánchez López,41,1.70,0.85,1.67,0.86,2,2,4,0,0,0,"60,65","79,90'3",12,6,3,0,1,0,0,3,0,1,23,25,5,6,11,14,10,10,61,39,1.54,1.12,1.80,1.92,2.58,45,70,48,28,15,35,60,40,83,8.55,5.90,1.59,3.47,4.40,1.25,1.98,2.90,5.50,1.73,1.95,Estadio Ciudad de Valencia (Valencia)
1716741000,May 26 2024 - 4:30pm,complete,N/A,Real Oviedo,FC Andorra,Daniel Jesús Trujillo Suárez,41,2.00,0.60,2.04,0.57,3,0,3,0,0,0,"46,74,89","",6,7,2,0,2,0,2,0,2,0,16,20,5,2,8,13,14,14,40,60,1.51,1.34,1.43,1.37,2.23,40,65,30,18,13,23,75,25,68,10.80,3.75,1.67,3.60,4.04,1.20,1.91,2.55,4.50,1.77,1.91,Estadio Nuevo Carlos Tartiere (Oviedo)
1716741000,May 26 2024 - 4:30pm,complete,N/A,Sporting Gijón,SD Eibar,Álvaro Moreno Aragón,41,1.95,1.25,1.91,1.18,1,0,1,0,0,0,"84","",2,9,2,0,2,0,1,1,1,1,17,18,3,3,10,11,8,11,45,55,1.49,1.27,1.27,1.58,2.65,58,78,55,25,10,43,78,40,75,11.40,5.60,2.43,3.12,2.38,1.22,1.88,2.70,5.00,1.50,2.35,Estadio Municipal El Molinón (Gijón)
1716741000,May 26 2024 - 4:30pm,complete,N/A,Real Valladolid,Villarreal II,Miguel Sesma Espinosa,41,2.20,0.50,2.24,0.48,3,2,5,0,0,0,"61,90'1,90'7","76,86",3,3,4,1,3,0,0,5,2,1,23,18,6,5,11,8,17,13,54,46,1.60,1.05,1.75,1.40,2.25,35,73,35,18,8,15,63,40,75,9.20,5.20,1.32,4.20,6.95,1.22,1.65,2.80,5.25,1.93,1.75,Estadio Municipal José Zorrilla (Valladolid)
1717337700,Jun 02 2024 - 2:15pm,complete,N/A,AD Alcorcón,Burgos CF,Miguel González Díaz,42,1.25,0.70,1.24,0.71,1,1,2,0,0,0,"53","74",2,5,0,0,0,0,0,0,0,0,13,21,6,10,6,7,11,3,41,59,1.32,1.22,1.54,2.19,2.23,43,73,38,13,8,23,60,48,75,8.30,4.25,2.80,3.30,2.45,1.33,2.00,3.58,6.90,1.80,1.95,Estadio Santo Domingo (Alcorcón)
1717337700,Jun 02 2024 - 2:15pm,complete,N/A,FC Andorra,Racing Club de Ferrol,Raúl Martín González Francés,42,1.40,1.00,1.48,0.95,1,0,1,0,0,0,"82","",3,6,4,0,1,0,0,4,0,1,11,11,4,3,5,3,13,9,60,40,1.48,1.14,1.10,0.80,2.13,43,63,30,18,5,20,45,38,83,9.55,4.55,2.20,3.40,3.10,1.32,1.90,3.40,6.25,1.82,1.90,Estadi Nacional (Andorra la Vella)
1717337700,Jun 02 2024 - 2:15pm,complete,N/A,SD Huesca,Levante UD,Jon Ander González Esteban,42,1.05,1.15,1.05,1.14,0,0,0,0,0,0,"","",3,6,1,0,0,0,0,1,0,0,15,14,4,5,7,7,10,7,39,61,1.31,1.22,1.25,1.48,1.80,33,58,30,13,5,18,55,33,63,10.60,4.75,2.35,3.25,2.95,1.36,2.00,3.75,7.00,1.83,1.90,Estadio El Alcoraz (Huesca)
1717345800,Jun 02 2024 - 4:30pm,complete,N/A,SD Eibar,Real Oviedo,José Luis Guzmán Mansilla,42,2.15,1.05,2.09,1.04,4,3,7,3,2,1,"25,39,83,90","5,81,90'7",7,5,2,0,2,0,0,2,1,1,21,24,12,6,5,12,8,10,48,52,1.69,1.21,2.19,1.98,2.35,43,68,38,23,10,18,68,35,78,9.80,4.10,1.99,3.35,3.22,1.23,1.93,2.80,5.15,1.66,2.15,Estadio Municipal de Ipurúa (Eibar)
1717345800,Jun 02 2024 - 4:30pm,complete,N/A,CD Eldense,Sporting Gijón,Salvador Lax Franco,42,1.30,1.00,1.24,1.09,0,1,1,0,0,0,"","57",3,3,2,0,1,0,0,2,0,1,12,10,4,6,3,4,16,11,46,54,1.30,1.15,1.16,1.33,2.25,43,68,43,23,8,30,68,30,73,10.00,4.85,4.40,3.83,1.61,1.25,2.26,3.00,5.30,1.83,1.90,Estadio Municipal Nuevo Pepico Amat (Elda)
1717345800,Jun 02 2024 - 4:30pm,complete,N/A,CD Tenerife,Real Valladolid,Rubén Ávalos Barrera,42,1.75,1.25,1.81,1.19,2,1,3,0,0,0,"52,79","68",4,7,2,0,1,0,0,2,0,1,15,15,6,4,6,5,13,7,51,49,1.32,1.31,1.49,1.06,1.68,28,48,23,5,5,20,63,18,50,9.55,5.60,2.28,3.15,2.81,1.50,2.54,4.50,9.50,2.00,1.75,Estadio Heliodoro Rodríguez Lopéz (Santa Cruz de Tenerife (Tenerife))
1717345800,Jun 02 2024 - 4:30pm,complete,N/A,Mirandés,SD Amorebieta,Manuel Jesús Orellana Cid,42,1.45,0.90,1.52,0.86,1,0,1,0,0,0,"62","",4,0,4,0,2,0,2,2,0,2,11,12,4,3,5,5,11,16,42,58,1.28,1.16,1.19,1.12,2.63,53,73,50,30,10,33,63,53,78,7.85,4.35,2.01,3.37,3.11,1.30,1.88,3.30,6.00,1.81,1.93,Estadio Municipal de Anduva (Miranda de Ebro)
1717345800,Jun 02 2024 - 4:30pm,complete,N/A,RCD Espanyol,FC Cartagena,Oliver De La Fuente Ramos,42,2.05,1.15,2.09,1.10,3,0,3,0,0,0,"55,83,90'2","",8,3,1,0,0,0,0,1,0,0,15,9,7,2,8,5,10,12,58,42,1.45,0.99,1.94,0.89,2.33,53,75,43,13,10,25,70,38,73,9.00,5.95,1.42,4.20,5.90,1.24,1.77,2.98,5.55,2.00,1.76,Stage Front Stadium (Cornella de Llobregat)
1717345800,Jun 02 2024 - 4:30pm,complete,N/A,Leganés,Elche CF,Luis Mario Milla Alvéndiz,42,1.90,1.15,1.95,1.10,2,0,2,2,2,0,"10,45'5","",2,3,1,0,4,0,0,1,2,2,8,10,6,2,1,4,8,17,33,67,1.35,1.42,1.11,0.81,2.15,40,68,30,18,8,25,65,38,65,9.05,4.80,1.53,3.70,5.30,1.51,2.36,4.75,8.50,2.65,1.44,Estadio Municipal de Butarque (Leganés)
1717345800,Jun 02 2024 - 4:30pm,complete,N/A,Villarreal II,Racing Santander,Alejandro Quintero González,42,1.50,1.10,1.57,1.05,1,0,1,0,0,0,"72","",3,4,5,0,2,0,2,3,1,1,23,11,6,3,14,7,18,14,61,39,1.58,1.22,2.08,1.20,2.68,58,78,53,30,10,30,80,38,83,9.80,4.85,3.43,3.63,1.84,1.20,1.73,2.38,4.10,1.62,2.20,Estadio de la Cerámica (Villarreal)
1717354800,Jun 02 2024 - 7:00pm,complete,22138,Real Zaragoza,Albacete Balompié,José Antonio López Toca,42,1.30,0.75,1.29,0.76,1,1,2,0,0,0,"60","89",4,6,1,0,2,0,0,1,1,1,13,8,4,3,7,4,15,12,44,56,1.50,1.24,1.27,0.96,2.53,50,75,43,23,10,35,75,33,80,9.55,4.85,2.02,3.21,3.30,1.33,2.50,3.75,7.10,1.85,1.90,Estadio de la Romareda (Zaragoza)
1717864200,Jun 08 2024 - 4:30pm,complete,N/A,Real Oviedo,SD Eibar,Alejandro Quintero González,N/A,1.52,1.69,1.54,1.64,0,0,0,0,0,0,"","",5,1,3,0,1,0,0,3,1,0,9,7,3,3,2,3,20,13,53,47,1.38,1.50,0.88,0.80,2.55,50,72,44,25,14,29,70,38,81,11.14,4.40,2.30,3.20,3.00,1.40,2.23,4.10,7.50,2.00,1.73,Estadio Nuevo Carlos Tartiere (Oviedo)
1717959600,Jun 09 2024 - 7:00pm,complete,N/A,Sporting Gijón,RCD Espanyol,Jon Ander González Esteban,N/A,1.55,1.64,1.50,1.65,0,1,1,0,0,0,"","88",0,5,3,0,5,1,1,2,0,6,10,18,4,6,6,9,8,15,51,49,1.32,1.28,1.23,1.69,2.29,46,69,41,19,11,30,66,35,70,10.14,5.62,2.58,3.14,2.99,1.45,2.40,4.50,9.00,1.91,1.80,Estadio Municipal El Molinón (Gijón)
1718218800,Jun 12 2024 - 7:00pm,complete,N/A,SD Eibar,Real Oviedo,Iosu Galech Apezteguía,N/A,1.67,1.51,1.64,1.54,0,2,2,0,0,0,"","59,79",5,1,3,0,2,0,0,3,1,1,9,12,5,4,3,5,19,13,56,44,1.49,1.36,1.25,1.11,2.49,49,70,43,25,13,28,68,38,79,11.02,4.39,2.01,3.32,3.43,1.38,2.10,3.88,7.20,1.91,1.85,Estadio Municipal de Ipurúa (Eibar)
1718305200,Jun 13 2024 - 7:00pm,complete,N/A,RCD Espanyol,Sporting Gijón,Álvaro Moreno Aragón,N/A,1.67,1.51,1.65,1.50,0,0,0,0,0,0,"","",1,7,0,1,3,0,0,1,1,2,14,12,6,5,8,7,14,15,45,55,1.29,1.32,0.00,0.00,2.26,45,68,40,19,11,30,64,34,71,10.02,5.72,1.95,3.30,3.80,1.36,2.05,3.80,7.30,1.95,1.82,Stage Front Stadium (Cornella de Llobregat)
1718555400,Jun 16 2024 - 4:30pm,complete,N/A,Real Oviedo,RCD Espanyol,Dámaso Arcediano Monescillo,N/A,1.55,1.66,1.54,1.65,1,0,1,0,0,0,"72","",1,4,1,0,2,0,0,1,0,2,11,5,6,0,5,4,14,17,52,48,1.36,1.29,1.35,0.50,2.23,44,68,35,18,12,25,59,35,72,10.59,5.11,2.10,3.15,3.55,1.55,2.19,4.65,9.00,2.09,1.71,Estadio Nuevo Carlos Tartiere (Oviedo)
1719160200,Jun 23 2024 - 4:30pm,complete,N/A,RCD Espanyol,Real Oviedo,Adrián Cordero Vega,N/A,1.62,1.58,1.65,1.54,2,0,2,2,2,0,"44,45'2","",7,5,3,0,3,0,1,2,2,1,12,11,3,4,4,2,21,16,46,54,1.27,1.36,0.98,0.92,2.20,43,67,35,18,11,25,58,35,73,10.47,5.06,1.91,3.10,3.80,1.42,2.20,4.20,7.75,2.10,1.68,Stage Front Stadium (Cornella de Llobregat)
